*ⲉⲃⲟⲟⲥ,αισχρος
*ⲉⲃⲟⲟⲥ,νοθος
*ⲉⲃⲟⲟⲥ,ορμητηριον
*ⲉⲃⲟⲟⲥ,φαυλος
*ⲛⲉϭⲉ-,αεικης
*ⲛⲉϭⲉ-,αισχρος
*ⲛⲟⲩϥⲣ,κερδαλεος
*ⲛⲟⲩϥⲣ,λυσιτελης
*ⲛⲟⲩϥⲣ,ωφελιμος
*ⲛⲟϩⲛⲉϩ,σειω
*ⲟⲩⲱϩ,δηλοω
*ⲟⲩⲱϩ,διδασκω
*ⲟⲩⲱϩ,εξηγεομαι
*ⲟⲩⲱϩ,φραζω
*ⲡⲱⲣⲥ,αγωνιζομαι
*ⲡⲱⲣⲥ,εκτεινω
*ⲡⲱⲣⲥ,επιτιθημι
*ⲡⲱⲣⲥ,επιχειρεω
*ⲡⲱⲣⲥ,τεινω
*ⲣⲟⲕⲣⲉⲕ,γιγνομαι
*ⲣⲟⲕⲣⲉⲕ,γνωριζω
*ⲣⲟⲕⲣⲉⲕ,εξερημοω
*ⲣⲡⲱ,κλων
*ⲥⲟⲣⲥⲣ,επιδεικνυμι
*ⲥⲟⲣⲥⲣ,επιδειξις
*ⲥⲟⲧⲥⲉⲧ,λαμπω
*ⲥⲟⲧⲥⲉⲧ,φαεινος
*ⲥⲣⲟⲙⲣⲉⲙ,νουθετεω
*ⲧⲛⲁϩⲥⲟ,εγειρω
*ⲧⲛⲁϩⲥⲟ,ελεεινος
*ⲧⲛⲁϩⲥⲟ,οτρυνω
*ⲧⲧⲟ,δεω
*ⲧⲧⲟ,προσδεω
*ⲧⲱⲛϣ,απειλεω
*ⲭⲱⲣ,αναιρεω
*ⲭⲱⲣ,απολλυμι
*ⲭⲱⲣ,διαφθειρω
*ⲭⲱⲣ,ολλυμι
*ⲭⲱⲣ,φθειρω
*ϣⲟⲡϣⲡ,μαιον
*ϣⲟⲡϣⲡ,τρεφω
*ϣⲟⲡϣⲡ,τροφος
*ϩⲓⲛⲉ,υπτιος
*ϩⲱⲕⲡ,δακνω
*ϩⲱⲕⲡ,κεντρον
*ϩⲱϥⲧ,εκβαλλω
-ⲣⲱⲧ,πλησιος
-ⲣⲱⲧ,σκληρος
-ⲣⲱⲧ,χαλεπος
unknown,unknown
ⲁ-,περιχωρος
ⲁ-,τοπος
ⲁⲁⲥ,πληγη
ⲁⲃⲁⲥⲓⲗⲉⲩⲧⲟⲥ,αβασιλευτος
ⲁⲃⲃⲁ,αββας
ⲁⲃⲉ,αλυσις
ⲁⲃⲉ,δεσμος
ⲁⲃⲉ,ιμας
ⲁⲃⲉⲗⲧⲓⲟⲛ,αβερτιον
ⲁⲃⲉⲥⲧⲟⲛ,ασβεστος
ⲁⲃⲟⲕⲉ,κοραξ
ⲁⲃⲟⲕⲉ,κορωνη
ⲁⲃⲱ,ερυμα
ⲁⲃⲱ,φρουριον
ⲁⲃⲱ,χωριον
ⲁⲃⲱⲕ,κοραξ
ⲁⲃⲱⲕ,κορωνη
ⲁⲅⲁⲁⲡⲏ,αγααπη
ⲁⲅⲁⲑⲟⲛ,αγαθον
ⲁⲅⲁⲑⲟⲛ,αγαθος
ⲁⲅⲁⲑⲟⲥ,αγαθος
ⲁⲅⲁⲑⲟⲥ,αγαθοσ
ⲁⲅⲁⲗⲗⲓⲱⲛ,αγαλλιαω
ⲁⲅⲁⲛⲁⲕⲧⲉⲓ,αγανακτει
ⲁⲅⲁⲛⲁⲕⲧⲉⲓ,αγανακτεω
ⲁⲅⲁⲡⲁ,αγαπαω
ⲁⲅⲁⲡⲁⲛ,αγαπαω
ⲁⲅⲁⲡⲏ,αγαπη
ⲁⲅⲁⲡⲏⲧⲓⲕⲟⲥ,αγαπητικος
ⲁⲅⲁⲡⲏⲧⲟⲥ,αγαπητος
ⲁⲅⲁⲡⲏⲧⲟⲥ,αγαπητοσ
ⲁⲅⲁⲣⲓⲛⲛⲉⲟⲥ,αγαρινναιος
ⲁⲅⲅⲉⲗⲓ,αγγελλω
ⲁⲅⲅⲉⲗⲓⲕⲏ,αγγελικη
ⲁⲅⲅⲉⲗⲓⲕⲏ,αγγελικος
ⲁⲅⲅⲉⲗⲓⲕⲟⲛ,αγγελικον
ⲁⲅⲅⲉⲗⲓⲕⲟⲛ,αγγελικος
ⲁⲅⲅⲉⲗⲓⲕⲟⲥ,αγγελικος
ⲁⲅⲅⲉⲗⲟⲡⲣⲟⲥⲱⲡⲟⲛ,αγγελοπροσωπον
ⲁⲅⲅⲉⲗⲟⲥ,αγγελος
ⲁⲅⲅⲉⲗⲟⲥ,αγγελοσ
ⲁⲅⲅⲉⲗⲟⲩ,αγγελος
ⲁⲅⲅⲓⲟⲛ,αγγειον
ⲁⲅⲅⲓⲟⲛ,αγγιον
ⲁⲅⲉ,αγω
ⲁⲅⲉⲗⲏ,αγελη
ⲁⲅⲉⲛⲛⲏⲧⲟⲛ,αγεννητος
ⲁⲅⲉⲛⲛⲏⲧⲟⲥ,αγεννητος
ⲁⲅⲓⲁ,αγια
ⲁⲅⲓⲁ,αγιος
ⲁⲅⲓⲟⲛ,αγιον
ⲁⲅⲓⲟⲥ,αγιος
ⲁⲅⲓⲟⲥ,αγιοσ
ⲁⲅⲓⲟⲩ,αγιου
ⲁⲅⲛⲓⲁ,αγνεια
ⲁⲅⲛⲱⲙⲏⲥⲩⲛⲏ,αγνωμοσυνη
ⲁⲅⲛⲱⲙⲟⲛ,αγνωμων
ⲁⲅⲛⲱⲥⲧⲟⲥ,αγνωστος
ⲁⲅⲟⲣⲁ,αγορα
ⲁⲅⲟⲣⲁⲓⲟⲥ,αγοραιος
ⲁⲅⲟⲣⲁⲥⲓⲁ,αγορασια
ⲁⲅⲣⲓⲟⲛ,αγριον
ⲁⲅⲣⲓⲟⲛ,αγριος
ⲁⲅⲣⲓⲟⲥ,αγριος
ⲁⲅⲣⲓⲟⲥ,αγριοσ
ⲁⲅⲱⲅⲏ,αγωγη
ⲁⲅⲱⲛ,αγων
ⲁⲅⲱⲛⲓⲁ,αγωνια
ⲁⲅⲱⲛⲓⲍⲉ,αγωνιζε
ⲁⲅⲱⲛⲓⲍⲉ,αγωνιζομαι
ⲁⲅⲱⲛⲓⲍⲉⲥⲑⲉ,αγωνιζομαι
ⲁⲅⲱⲛⲓⲥⲧⲏⲥ,αγωνιστης
ⲁⲅⲱⲛⲓⲥⲧⲏⲥ,αγωνιστησ
ⲁⲅⲱⲛⲟⲑⲉⲧⲏⲥ,αγωνοθετης
ⲁⲅⲱⲛⲟⲑⲉⲧⲏⲥ,αγωνοθετησ
ⲁⲅⲱⲣⲁ,αγωρα
ⲁⲇⲁⲙⲁⲛⲧⲓⲛⲏ,αδαμαντινος
ⲁⲇⲁⲙⲁⲛⲧⲟⲥ,αδαμαντος
ⲁⲇⲁⲙⲁⲥ,αδαμασ
ⲁⲇⲏⲗⲟⲥ,αδηλος
ⲁⲇⲓⲁⲕⲣⲓⲧⲟⲥ,αδιακριτος
ⲁⲇⲓⲁⲕⲱⲗⲩⲧⲱⲥ,αδιακωλυτως
ⲁⲇⲓⲕⲁⲓⲟⲥ,αδικαιος
ⲁⲇⲓⲕⲓⲁ,αδικια
ⲁⲇⲓⲕⲟⲛ,αδικον
ⲁⲇⲓⲕⲟⲛ,αδικος
ⲁⲇⲓⲕⲟⲥ,αδικος
ⲁⲇⲓⲕⲟⲥ,αδικοσ
ⲁⲇⲓⲕⲱⲥ,αδικως
ⲁⲇⲓϭⲓ,αδικεω
ⲁⲇⲣⲓⲁⲛⲟⲥ,αδριανοσ
ⲁⲇⲩⲛⲁⲧⲟⲥ,αδυνατος
ⲁⲇⲱⲛⲉⲓ,αδωνει
ⲁⲉⲓ,αει
ⲁⲉⲓⲏⲥ,μεγαλοψυχια
ⲁⲉⲓⲏⲥ,μεγεθος
ⲁⲉⲓⲏⲥ,ποιος
ⲁⲉⲣⲟⲇⲓⲟⲥ,αεροδιος
ⲁⲉⲧⲟⲥ,αετος
ⲁⲉⲧⲟⲥ,αετοσ
ⲁⲏⲣ,αηρ
ⲁⲑⲁⲛⲁⲥⲓⲁ,αθανασια
ⲁⲑⲁⲛⲁⲥⲓⲟⲥ,αθανασιοσ
ⲁⲑⲁⲛⲁⲧⲟⲛ,αθανατος
ⲁⲑⲁⲛⲁⲧⲟⲥ,αθανατος
ⲁⲑⲁⲛⲁⲧⲟⲥ,αθανατοσ
ⲁⲑⲁϩ,αχθος
ⲁⲑⲁϩ,υποζυγιον
ⲁⲑⲉⲧⲉⲓ,αθετει
ⲁⲑⲉⲧⲉⲓ,αθετεω
ⲁⲑⲉⲧⲓ,αθετι
ⲁⲑⲉⲧⲓⲛ,αθετεω
ⲁⲑⲏⲛⲁⲓⲟⲥ,αθηναιος
ⲁⲑⲗⲏⲥⲓⲥ,αθλησις
ⲁⲑⲗⲏⲥⲓⲥ,αθλησισ
ⲁⲑⲗⲏⲧⲏⲥ,αθλητης
ⲁⲑⲗⲏⲧⲏⲥ,αθλητησ
ⲁⲑⲗⲟⲛ,αθλον
ⲁⲑⲗⲟⲫⲟⲣⲟⲥ,αθλοφορος
ⲁⲑⲗⲟⲫⲟⲣⲟⲥ,αθλοφοροσ
ⲁⲑⲙⲟⲩⲛⲕ,αφθαρτος
ⲁⲑⲙⲟⲩⲛⲕ,αφθιτος
ⲁⲑⲟⲩⲱⲛϩ,αιδης
ⲁⲑⲟⲩⲱⲛϩ,αορατος
ⲁⲑⲟⲩⲱⲛϩ,αφανης
ⲁⲑⲩⲗⲓⲕⲟⲥ,υλικος
ⲁⲑⲩⲛⲁ,αθηνη
ⲁⲑⲩⲣⲁⲥ,αθηρα
ⲁⲓⲁⲓ,αυξανω
ⲁⲓⲅⲩⲡⲧⲓⲁⲕⲟⲛ,αιγυπτιακος
ⲁⲓⲇⲓⲟⲥ,αιδιος
ⲁⲓⲇⲟⲓⲟⲛ,αιδοιον
ⲁⲓⲑⲣⲓⲟⲛ,αιθριον
ⲁⲓⲛⲓⲅⲙⲁ,αινιγμα
ⲁⲓⲡⲉⲛⲟⲥ,επαινος
ⲁⲓⲥⲑⲁⲛⲉ,αισθανε
ⲁⲓⲥⲑⲁⲛⲉ,αισθανομαι
ⲁⲓⲥⲑⲏⲥⲓⲥ,αισθησις
ⲁⲓⲥⲑⲏⲥⲓⲥ,αισθησισ
ⲁⲓⲥⲑⲏⲧⲏⲣⲓⲟⲛ,αισθητηριον
ⲁⲓⲥⲑⲏⲧⲏⲥ,αισθητης
ⲁⲓⲥⲑⲏⲧⲟⲛ,αισθητος
ⲁⲓⲥⲑⲏⲧⲟⲥ,αισθητος
ⲁⲓⲧⲉⲓ,αιτει
ⲁⲓⲧⲉⲓ,αιτεω
ⲁⲓⲧⲏⲙⲁ,αιτημα
ⲁⲓⲧⲓⲁ,αιτια
ⲁⲓⲧⲓⲟⲛ,αιτιον
ⲁⲓⲧⲓⲟⲥ,αιτιος
ⲁⲓⲧⲟⲥ,αιτοσ
ⲁⲓⲭⲙⲁⲗⲱⲥⲓⲁ,αιχμαλωσια
ⲁⲓⲭⲙⲁⲗⲱⲧⲉⲩⲉ,αιχμαλωτευω
ⲁⲓⲭⲙⲁⲗⲱⲧⲓⲍⲉ,αιχμαλωτιζω
ⲁⲓⲭⲙⲁⲗⲱⲧⲟⲥ,αιχμαλωτος
ⲁⲓⲭⲙⲁⲗⲱⲧⲟⲥ,αιχμαλωτοσ
ⲁⲓⲱⲛ,αιων
ⲁⲓⲱⲛⲓⲟⲛ,αιωνιος
ⲁⲓⲱⲛⲓⲟⲥ,αιωνιος
ⲁⲕⲁⲑⲁⲣⲥⲓⲁ,ακαθαρσια
ⲁⲕⲁⲑⲁⲣⲧⲟⲛ,ακαθαρτον
ⲁⲕⲁⲑⲁⲣⲧⲟⲛ,ακαθαρτος
ⲁⲕⲁⲑⲁⲣⲧⲟⲥ,ακαθαρτος
ⲁⲕⲁⲑⲁⲣⲧⲟⲥ,ακαθαρτοσ
ⲁⲕⲁⲓⲣⲱⲥ,ακαιρος
ⲁⲕⲁⲕⲓⲁ,ακακια
ⲁⲕⲁⲕⲓⲁⲥ,ακακια
ⲁⲕⲁⲕⲓⲟⲥ,ακακιοσ
ⲁⲕⲁⲕⲟⲥ,ακακος
ⲁⲕⲁⲛⲁⲅⲧⲏⲥⲓⲥ,αγανακτησις
ⲁⲕⲁⲛⲁⲕⲧⲉⲓ,ακανακτει
ⲁⲕⲁⲣⲡⲟⲥ,ακαρπος
ⲁⲕⲁⲧⲁⲅⲛⲱⲥⲧⲟⲥ,ακαταγνωστος
ⲁⲕⲉⲣⲁⲓⲟⲛ,ακεραιος
ⲁⲕⲉⲣⲁⲓⲟⲥ,ακεραιος
ⲁⲕⲉⲣⲁⲓⲟⲥ,ακεραιοσ
ⲁⲕⲏⲥ,ζωνη
ⲁⲕⲏⲥ,ζωστηρ
ⲁⲕⲗⲏⲧⲟⲛ,ακλητος
ⲁⲕⲙⲏ,ακμη
ⲁⲕⲙⲏⲛ,ακμην
ⲁⲕⲟⲗⲗⲟⲩⲑⲓⲁ,ακολουθια
ⲁⲕⲟⲗⲟⲩⲑⲉⲓ,ακολουθει
ⲁⲕⲟⲗⲟⲩⲑⲏⲥⲓⲥ,ακολουθησις
ⲁⲕⲟⲗⲟⲩⲑⲓⲁ,ακολουθια
ⲁⲕⲟⲩⲗⲁⲩϫⲉ,αγγειον
ⲁⲕⲟⲩⲗⲁⲩϫⲉ,ναυς
ⲁⲕⲟⲩⲗⲁⲩϫⲉ,πλοιον
ⲁⲕⲟⲩⲗⲁⲩϫⲉ,σκευος
ⲁⲕⲟⲩⲗⲁⲩϫⲉ,χαλκειος
ⲁⲕⲟⲩⲗⲁⲩϫⲉ,χαλκους
ⲁⲕⲣⲁⲧⲟⲛ,ακρατον
ⲁⲕⲣⲁⲧⲟⲛ,ακρατος
ⲁⲕⲣⲓⲃⲁⲍⲉ,ακριβαζω
ⲁⲕⲣⲓⲃⲏⲥ,ακριβης
ⲁⲕⲣⲓⲃⲓⲁ,ακριβεια
ⲁⲕⲣⲓⲃⲓⲁ,ακριβια
ⲁⲕⲣⲓⲃⲱⲥ,ακριβως
ⲁⲕⲣⲓⲃⲱⲥ,ακριβωσ
ⲁⲕⲣⲓⲥ,ακρις
ⲁⲕⲣⲟⲁⲧⲏⲥ,ακροατης
ⲁⲕⲣⲟⲁⲧⲏⲥ,ακροατησ
ⲁⲕⲣⲟⲃⲩⲥⲧⲓⲁ,ακροβυστια
ⲁⲕⲣⲱⲁⲧⲏⲥ,ακρωατησ
ⲁⲕⲧⲓⲛ,ακτιν
ⲁⲕⲩⲣⲟⲩ,ακυροω
ⲁⲕⲱ,απολλυμι
ⲁⲕⲱ,απορεω
ⲁⲕⲱ,απωλεια
ⲁⲕⲱ,αφοραω
ⲁⲕⲱ,ζημια
ⲁⲕⲱ,ολεθρος
ⲁⲕⲱ,φθορα
ⲁⲕⲱⲗⲩⲧⲱⲥ,ακωλυτως
ⲁⲕⲱⲛⲉ,ακονη
ⲁⲗ,ομοσπορος
ⲁⲗ,παραχρημα
ⲁⲗ,σπερμα
ⲁⲗ,χωριον
ⲁⲗⲁⲃⲁⲥⲧⲣⲟⲛ,αλαβαστρον
ⲁⲗⲁⲗⲓⲁ,αλαλια
ⲁⲗⲁⲩ,αργιοδους
ⲁⲗⲁⲩ,λευκη
ⲁⲗⲁⲩ,λευκος
ⲁⲗⲁⲩ,λευκωλενος
ⲁⲗⲁⲩ,πολιος
ⲁⲗⲁϭⲉ,ληγω
ⲁⲗⲁϭⲉ,ουκετι
ⲁⲗⲁϭⲉ,παυω
ⲁⲗⲉ,αναβαινω
ⲁⲗⲉ,λιβανος
ⲁⲗⲉ,ορος
ⲁⲗⲉ (ⲉϩⲣⲁⲓ ⲉ-),αναβαινω
ⲁⲗⲉ (ⲉϩⲣⲁⲓ ⲉ-),λιβανος
ⲁⲗⲉ (ⲉϩⲣⲁⲓ ⲉ-),ορος
ⲁⲗⲉ (ⲉϩⲣⲁⲓ ⲉϫⲛ-),αναβαινω
ⲁⲗⲉⲕⲧⲟⲥ,αλεκτος
ⲁⲗⲉⲕⲧⲱⲣ,αλεκτωρ
ⲁⲗⲉⲝⲁⲛⲇⲣⲉⲩⲥ,αλεξανδρευσ
ⲁⲗⲉⲝⲁⲛⲇⲣⲟⲥ,αλεξανδροσ
ⲁⲗⲏⲑⲉⲓⲁ,αληθεια
ⲁⲗⲏⲑⲓⲛⲏ,αληθινος
ⲁⲗⲏⲑⲓⲛⲟⲛ,αληθινον
ⲁⲗⲏⲑⲓⲛⲟⲛ,αληθινος
ⲁⲗⲏⲑⲓⲛⲟⲥ,αληθινος
ⲁⲗⲏⲑⲓⲛⲟⲥ,αληθινοσ
ⲁⲗⲏⲑⲟⲥ,αληθοσ
ⲁⲗⲏⲑⲱⲥ,αληθες
ⲁⲗⲏⲑⲱⲥ,αληθωσ
ⲁⲗⲏⲗ,ευφραινω
ⲁⲗⲏⲗ,ηδομαι
ⲁⲗⲏⲗ,τερπω
ⲁⲗⲏⲗ,χαιρω
ⲁⲗⲓⲗ,χωμα
ⲁⲗⲓⲟⲩⲓ,αιρω
ⲁⲗⲕⲟⲩ,ληκυθιον
ⲁⲗⲕⲟⲩ,ληκυθος
ⲁⲗⲗⲁ,αλλα
ⲁⲗⲗⲁ,αλλος
ⲁⲗⲗⲁⲅⲏ,αλλαγη
ⲁⲗⲗⲁⲥⲥⲉ,αλλασσω
ⲁⲗⲗⲟ,αλλο
ⲁⲗⲗⲟ,αλλος
ⲁⲗⲗⲟⲅⲉⲛⲏⲥ,αλλογενης
ⲁⲗⲗⲟⲅⲉⲛⲏⲥ,αλλογενησ
ⲁⲗⲗⲟⲅⲉⲛⲓⲟⲥ,αλλογενιος
ⲁⲗⲗⲟⲥ,αλλος
ⲁⲗⲗⲟⲧⲣⲓⲟⲛ,αλλοτριον
ⲁⲗⲗⲟⲧⲣⲓⲟⲛ,αλλοτριος
ⲁⲗⲗⲟⲧⲣⲓⲟⲥ,αλλοτριος
ⲁⲗⲗⲟⲧⲣⲓⲟⲥ,αλλοτριοσ
ⲁⲗⲗⲟⲫⲩⲗⲟⲥ,αλλοφυλος
ⲁⲗⲗⲟⲫⲩⲗⲟⲥ,αλλοφυλοσ
ⲁⲗⲗⲱⲏ,αλοη
ⲁⲗⲟ,επεχω
ⲁⲗⲟ,κωλυω
ⲁⲗⲟ,ληγω
ⲁⲗⲟ,ουκετι
ⲁⲗⲟ,παυω
ⲁⲗⲟⲅⲟⲛ,αλογον
ⲁⲗⲟⲅⲟⲛ,αλογος
ⲁⲗⲟⲅⲟⲥ,αλογος
ⲁⲗⲟⲕ,γωνια
ⲁⲗⲟⲗⲓ,αμπελος
ⲁⲗⲟⲙ,κολπος
ⲁⲗⲟⲥ,αλς
ⲁⲗⲟⲩ,κορη
ⲁⲗⲟⲩ,παρθενος
ⲁⲗⲟϭ,ανοπλος
ⲁⲗⲟϭ,μηρα
ⲁⲗⲟϭ,μηρια
ⲁⲗⲟϭ,μηρος
ⲁⲗⲥⲟⲥ,αλσος
ⲁⲗⲧⲕⲁⲥ,μυελος
ⲁⲗⲫⲁ,αλφα
ⲁⲗⲫⲁⲃⲁⲧⲱⲛ,αλφαβητον
ⲁⲗⲫⲁⲓⲟⲥ,αλφαιοσ
ⲁⲗⲱ,δολος
ⲁⲗⲱ,καλωδιον
ⲁⲗⲱ,καλως
ⲁⲗⲱ,σχοινιον
ⲁⲗⲱⲏⲥ,αλοη
ⲁⲗⲱⲧ,ποσος
ⲁⲗⲱⲧⲛ,αναβαινω
ⲁⲗⲱⲧⲛ,λιβανος
ⲁⲗⲱⲧⲛ,ορος
ⲁⲙⲁⲗⲉ,αμυλον
ⲁⲙⲁⲗⲏϫ,ασπαζομαι
ⲁⲙⲁⲣⲁⲛⲧⲟⲥ,αμαραντος
ⲁⲙⲁϩⲧⲉ,αρχη
ⲁⲙⲁϩⲧⲉ,δυναμαι
ⲁⲙⲁϩⲧⲉ,δυναμις
ⲁⲙⲁϩⲧⲉ,εξουσια
ⲁⲙⲁϩⲧⲉ,κατεχω
ⲁⲙⲁϩⲧⲉ,κταομαι
ⲁⲙⲁϩⲧⲉ,κτημα
ⲁⲙⲁϩⲧⲉ,κτησις
ⲁⲙⲁϩⲧⲉ,παραλαμβανω
ⲁⲙⲁϩⲧⲉ (ⲉϫⲛ-),αρχω
ⲁⲙⲁϩⲧⲉ (ⲉϫⲛ-),κανων
ⲁⲙⲁϩⲧⲉ (ⲙⲛ-),βοηθεω
ⲁⲙⲁϩⲧⲉ (ⲙⲛ-),τρεφω
ⲁⲙⲁϩⲧⲉ (ϩⲓϫⲛ-),αναξ
ⲁⲙⲁϩⲧⲉ (ϩⲓϫⲛ-),αρχιτεκτων
ⲁⲙⲁϩⲧⲉ (ϩⲓϫⲛ-),δεσποτης
ⲁⲙⲁϩⲧⲉ (ϩⲓϫⲛ-),εχω
ⲁⲙⲁϩⲧⲉ (ϩⲓϫⲛ-),κρατεω
ⲁⲙⲁϩⲧⲉ (ϩⲓϫⲛ-),κταομαι
ⲁⲙⲁϩⲧⲉ (ϩⲓϫⲛ-),κυριος
ⲁⲙⲁϩⲧⲉ (ϩⲓϫⲛ-),υπαρχω
ⲁⲙⲉ,βοτηρ
ⲁⲙⲉ,βουκολος
ⲁⲙⲉ,νομευς
ⲁⲙⲉⲗⲉⲓ,αμελει
ⲁⲙⲉⲗⲉⲓ,αμελεω
ⲁⲙⲉⲗⲉⲓⲁ,αμελεια
ⲁⲙⲉⲗⲏⲥ,αμελης
ⲁⲙⲉⲗⲏⲥ,αμελησ
ⲁⲙⲉⲗⲓⲁ,αμελια
ⲁⲙⲉⲣⲓ,αμερι
ⲁⲙⲉⲣⲓ,ομηριται
ⲁⲙⲉⲣⲓⲙⲛⲉⲓⲁ,αμεριμνια
ⲁⲙⲉⲣⲓⲙⲛⲟⲥ,αμεριμνος
ⲁⲙⲉⲧⲣⲏⲧⲟⲛ,αμετρητος
ⲁⲙⲏ,σφηξ
ⲁⲙⲏⲗⲗⲟⲛ,αμυλον
ⲁⲙⲏⲗⲟⲩ,αμυλον
ⲁⲙⲏⲣⲁⲥ,αμυλον
ⲁⲙⲏⲧⲣⲓⲧⲟⲥ,αμετρητος
ⲁⲙⲓⲁⲛⲧⲟⲥ,αμιαντος
ⲁⲙⲓⲛⲉⲟⲛ,αμιναιος
ⲁⲙⲓⲣⲁ,αμιρας
ⲁⲙⲙⲟⲣⲁⲓⲟⲥ,αμορραιος
ⲁⲙⲙⲱⲛⲓⲧⲏⲥ,αμμωνιτης
ⲁⲙⲟⲛⲓ,αιρεω
ⲁⲙⲟⲛⲓ,εχω
ⲁⲙⲟⲛⲓ,καταλαμβανω
ⲁⲙⲟⲛⲓ,κατεχω
ⲁⲙⲟⲛⲓ,κρατεω
ⲁⲙⲟⲛⲓ,κταομαι
ⲁⲙⲟⲛⲓ,λαμβανω
ⲁⲙⲟⲛⲓ,νικαω
ⲁⲙⲟⲛⲓ,συλλαμβανω
ⲁⲙⲟⲛⲓ,υπαρχω
ⲁⲙⲟⲛⲓ ⲛⲧⲉⲛ-,καρτερεω
ⲁⲙⲟⲛⲓ ⲛⲧⲉⲛ-,καρτερια
ⲁⲙⲟⲣⲫⲟⲥ,αμορφος
ⲁⲙⲡⲟⲩⲗⲉ,αμπυλλη
ⲁⲙⲣⲏϩⲉ,ασφαλτος
ⲁⲙⲩⲅⲇⲁⲗⲟⲛ,αμυγδαλον
ⲁⲙⲫⲓⲃⲁⲗⲉ,αμφιβαλλω
ⲁⲙⲫⲓⲃⲟⲗⲓⲁ,αμφιβολια
ⲁⲙⲫⲓⲃⲟⲗⲟⲛ,αμφιβολον
ⲁⲙⲫⲓⲧⲁⲡⲟⲥ,αμφιταπος
ⲁⲙⲱⲙⲟⲙ,αμωμον
ⲁⲙⲱⲙⲟⲛ,αμωμος
ⲁⲙⲱⲛⲓⲁⲕⲟⲩ,αμμωνιακος
ⲁⲙϣⲓ,καλωδιον
ⲁⲙϣⲓ,καλως
ⲁⲙϣⲓ,σχοινιον
ⲁⲛ,αν
ⲁⲛⲁ,ανα
ⲁⲛⲁⲃⲁⲑⲙⲟⲥ,αναβαθμος
ⲁⲛⲁⲃⲁⲑⲙⲟⲥ,αναβαθμοσ
ⲁⲛⲁⲃⲁⲥⲓⲥ,αναβασις
ⲁⲛⲁⲃⲁⲥⲓⲥ,αναβασισ
ⲁⲛⲁⲅⲕⲁⲍⲉ,αναγκαζε
ⲁⲛⲁⲅⲕⲁⲍⲉ,αναγκαζω
ⲁⲛⲁⲅⲕⲁⲓⲟⲛ,αναγκαιον
ⲁⲛⲁⲅⲕⲁⲓⲟⲛ,αναγκαιος
ⲁⲛⲁⲅⲕⲁⲓⲟⲥ,αναγκαιος
ⲁⲛⲁⲅⲕⲁⲓⲱⲥ,αναγκαιως
ⲁⲛⲁⲅⲕⲏ,αναγκη
ⲁⲛⲁⲅⲛⲱⲥⲓⲥ,αναγνωσις
ⲁⲛⲁⲅⲛⲱⲥⲧⲏⲥ,αναγνωστης
ⲁⲛⲁⲅⲛⲱⲥⲧⲏⲥ,αναγνωστησ
ⲁⲛⲁⲇⲓⲇⲟⲩ,αναδιδοω
ⲁⲛⲁⲑⲉⲙⲁ,αναθεμα
ⲁⲛⲁⲑⲉⲙⲁⲧⲓⲍⲉ,αναθεματιζω
ⲁⲛⲁⲓ,καλλος
ⲁⲛⲁⲓⲥⲑⲏⲥⲓⲁ,αναισθησια
ⲁⲛⲁⲓⲥⲑⲏⲧⲟⲛ,αναισθητος
ⲁⲛⲁⲓⲥⲑⲏⲧⲟⲥ,αναισθητος
ⲁⲛⲁⲓⲧⲓⲟⲥ,αναιτιος
ⲁⲛⲁⲕⲁⲗⲉⲓ,ανακαλεω
ⲁⲛⲁⲕⲟⲡⲏ,ανακοπη
ⲁⲛⲁⲕⲣⲓⲛⲉ,ανακρινε
ⲁⲛⲁⲕⲣⲓⲛⲉ,ανακρινω
ⲁⲛⲁⲗⲁⲙⲃⲁⲛⲉ,αναλαμβανε
ⲁⲛⲁⲗⲁⲙⲃⲁⲛⲉ,αναλαμβανω
ⲁⲛⲁⲗⲏⲙⲯⲓⲥ,αναληψις
ⲁⲛⲁⲗⲏⲯⲓⲥ,αναληψις
ⲁⲛⲁⲗⲏⲯⲓⲥ,αναληψισ
ⲁⲛⲁⲗⲟⲅⲓⲁ,αναλογια
ⲁⲛⲁⲗⲟⲅⲓⲟⲛ,αναλογειον
ⲁⲛⲁⲗⲩ,αναλυω
ⲁⲛⲁⲗⲩⲙⲯⲓⲥ,αναλυμψισ
ⲁⲛⲁⲗⲩⲧⲣⲱⲥⲉ,αναλυτροω
ⲁⲛⲁⲡⲁⲩⲉ,αναπαυε
ⲁⲛⲁⲡⲁⲩⲉ,αναπαυω
ⲁⲛⲁⲡⲁⲩⲥⲓⲥ,αναπαυσις
ⲁⲛⲁⲡⲁⲩⲥⲓⲥ,αναπαυσισ
ⲁⲛⲁⲡⲗⲁⲥⲓⲥ,αναπλασις
ⲁⲛⲁⲡⲗⲁⲥⲥⲉ,αναπλασσω
ⲁⲛⲁⲡⲛⲟⲏ,αναπνοη
ⲁⲛⲁⲣⲭⲟⲥ,αναρχος
ⲁⲛⲁⲥⲕⲉⲡⲧⲉⲥⲑⲁⲓ,ανασκεπτομαι
ⲁⲛⲁⲥⲧⲁⲥⲓ,αναστασις
ⲁⲛⲁⲥⲧⲁⲥⲓⲙⲱⲛ,αναστασιμος
ⲁⲛⲁⲥⲧⲁⲥⲓⲥ,αναστασις
ⲁⲛⲁⲥⲧⲁⲥⲓⲥ,αναστασισ
ⲁⲛⲁⲥⲧⲉⲙⲁ,αναστημα
ⲁⲛⲁⲥⲧⲣⲉⲫⲉ,αναστρεφε
ⲁⲛⲁⲥⲧⲣⲉⲫⲉⲥⲑⲁⲓ,αναστρεφω
ⲁⲛⲁⲥⲧⲣⲟⲫⲏ,αναστροφη
ⲁⲛⲁⲧⲟⲗⲏ,ανατολη
ⲁⲛⲁⲧⲣⲉⲡⲉ,ανατρεπω
ⲁⲛⲁⲩ,αναβλεπω
ⲁⲛⲁⲩ,εισοραω
ⲁⲛⲁⲩ,επιμελεομαι
ⲁⲛⲁⲩ,ζητεω
ⲁⲛⲁⲩ,ζητητεος
ⲁⲛⲁⲫⲟⲣⲁ,αναφορα
ⲁⲛⲁⲭⲱ,αναχωρεω
ⲁⲛⲁⲭⲱⲣⲉⲓ,αναχωρει
ⲁⲛⲁⲭⲱⲣⲉⲓ,αναχωρεω
ⲁⲛⲁⲭⲱⲣⲏⲥⲓⲥ,αναχωρησισ
ⲁⲛⲁⲭⲱⲣⲏⲧⲏⲥ,αναχωρητησ
ⲁⲛⲁⲭⲱⲣⲓⲛ,αναχωρεω
ⲁⲛⲁⲭⲱⲣⲓⲧⲏⲥ,αναχωρητης
ⲁⲛⲁⲭⲱⲣⲓⲧⲏⲥ,αναχωριτησ
ⲁⲛⲁϣ,ομνυμι
ⲁⲛⲁϣ,ορκος
ⲁⲛⲁϩⲱⲣ,δημοσιος
ⲁⲛⲁϩⲱⲣ,θησαυρος
ⲁⲛⲁϩⲱⲣ,ταμιειον
ⲁⲛⲅⲱⲛ,ανωγειον
ⲁⲛⲇⲣⲉⲁⲥ,ανδρεασ
ⲁⲛⲇⲣⲉⲁⲥ,ανδριας
ⲁⲛⲇⲣⲉⲓⲁⲥ,ανδριας
ⲁⲛⲉⲙⲡⲟⲇⲓⲥⲧⲱⲥ,ανεμποδιστως
ⲁⲛⲉⲭⲉ,ανεχε
ⲁⲛⲉⲭⲉ,ανεχω
ⲁⲛⲉⲭⲉⲥⲑⲉ,ανεχω
ⲁⲛⲍⲏⲃⲉ,διδασκαλειον
ⲁⲛⲍⲏⲃⲉ,παλαιστρα
ⲁⲛⲍⲏⲃⲉ,σχολη
ⲁⲛⲍⲱⲛⲏ,ανζωνη
ⲁⲛⲍⲱⲛⲏ,ζωνη
ⲁⲛⲏⲑⲟⲩ,ανηθον
ⲁⲛⲑⲃⲁ,μυριας
ⲁⲛⲑⲉⲙⲓⲟⲛ,ανθεμιον
ⲁⲛⲑⲉⲙⲓⲟⲥ,ανθεμιοσ
ⲁⲛⲑⲉⲱⲛⲟⲥ,ανθεωνος
ⲁⲛⲑⲣⲁⲝ,ανθραξ
ⲁⲛⲑⲣⲱⲡⲓⲛⲟⲛ,ανθρωπινος
ⲁⲛⲑⲩⲡⲁⲧⲟⲥ,ανθυπατος
ⲁⲛⲑⲩⲡⲁⲧⲟⲥ,ανθυπατοσ
ⲁⲛⲕⲉⲫⲁⲗⲟⲥ,ανκεφαλοσ
ⲁⲛⲛⲉ-,μη
ⲁⲛⲛⲱⲛⲛⲁ,αννωνα
ⲁⲛⲛⲱⲛⲛⲁ,αννωννα
ⲁⲛⲟⲏⲧⲟⲛ,ανοητος
ⲁⲛⲟⲏⲧⲟⲥ,ανοητος
ⲁⲛⲟⲏⲧⲟⲥ,ανοητοσ
ⲁⲛⲟⲙ,ασκος
ⲁⲛⲟⲙ,δερμα
ⲁⲛⲟⲙⲉⲓ,ανομεω
ⲁⲛⲟⲙⲓⲁ,ανομια
ⲁⲛⲟⲙⲟⲛ,ανομον
ⲁⲛⲟⲙⲟⲛ,ανομος
ⲁⲛⲟⲙⲟⲥ,ανομος
ⲁⲛⲟⲙⲟⲥ,ανομοσ
ⲁⲛⲟⲩⲣϣⲉ,σκοπος
ⲁⲛⲟⲩⲥⲓⲟⲥ,ανουσιος
ⲁⲛⲟⲭⲏ,ανοχη
ⲁⲛⲣⲟ,προθυρον
ⲁⲛⲧⲏⲗⲙ,εγκεφαλος
ⲁⲛⲧⲏⲗⲙ,κρανιον
ⲁⲛⲧⲓ,αντι
ⲁⲛⲧⲓⲅⲣⲁⲫⲉ,αντιγραφω
ⲁⲛⲧⲓⲅⲣⲁⲫⲟⲛ,αντιγραφον
ⲁⲛⲧⲓⲇⲓⲕⲟⲥ,αντιδικος
ⲁⲛⲧⲓⲇⲓⲕⲟⲥ,αντιδικοσ
ⲁⲛⲧⲓⲕⲉⲓⲙⲉⲛⲏ,αντικειμενος
ⲁⲛⲧⲓⲕⲉⲓⲙⲉⲛⲟⲛ,αντικειμενος
ⲁⲛⲧⲓⲕⲉⲓⲙⲉⲛⲟⲥ,αντικειμενος
ⲁⲛⲧⲓⲕⲉⲓⲙⲉⲛⲟⲥ,αντικειμενοσ
ⲁⲛⲧⲓⲕⲓⲙⲉⲛⲟⲥ,αντικιμενοσ
ⲁⲛⲧⲓⲗⲉⲅⲉ,αντιλεγε
ⲁⲛⲧⲓⲗⲉⲅⲉ,αντιλεγω
ⲁⲛⲧⲓⲗⲟⲅⲓⲁ,αντιλογια
ⲁⲛⲧⲓⲙⲓⲙⲟⲛ,αντιμιμον
ⲁⲛⲧⲓⲙⲓⲙⲟⲛ,αντιμιμος
ⲁⲛⲧⲓⲟⲭⲉⲟⲥ,αντιοχειος
ⲁⲛⲧⲓⲟⲭⲓⲁ,αντιοχια
ⲁⲛⲧⲓⲧⲩⲡⲟⲛ,αντιτυπος
ⲁⲛⲧⲓⲧⲩⲡⲟⲥ,αντιτυπος
ⲁⲛⲧⲓⲭⲣⲓⲥⲧⲟⲥ,αντιχριστος
ⲁⲛⲧⲓⲭⲣⲓⲥⲧⲟⲥ,αντιχριστοσ
ⲁⲛⲧⲟⲡⲟⲥ,αντωπος
ⲁⲛⲧⲱⲛⲓⲟⲥ,αντωνιοσ
ⲁⲛϣⲉⲩⲗⲉ,εγχελυς
ⲁⲛϩ,αυλη
ⲁⲛϩ,δικαστηριον
ⲁⲛϩⲁⲗⲓⲥⲕⲉ,αναλισκω
ⲁⲛϩⲁⲗⲓⲥⲕⲉ,ανϩαλισκε
ⲁⲛϩⲁⲗⲱⲙⲁ,αναλωμα
ⲁⲛϩⲉⲥⲓⲥ,ανεσις
ⲁⲛϩⲏⲕⲉⲓ,ανηκω
ⲁⲛϩⲏⲕⲉⲓⲥⲑⲁⲓ,ανηκω
ⲁⲛϩⲟⲗⲟⲙⲁ,ανϩολομα
ⲁⲛϩⲟⲙⲟⲓⲟⲛ,ανομοιος
ⲁⲛϩⲟⲥⲓⲟⲥ,ανοσιος
ⲁⲛϩⲟⲥⲓⲟⲥ,ανϩοσιοσ
ⲁⲛϩⲱⲙⲁⲗⲓⲁ,ανωμαλια
ⲁⲛϫⲱϫ,ηγεμονευω
ⲁⲛϫⲱϫ,ηγεμων
ⲁⲛϫⲱϫ,ηγητωρ
ⲁⲛϫⲱϫ,ιππαρχος
ⲁⲛϫⲱϫ,ορχαμος
ⲁⲛϫⲱϫ,στρατηγος
ⲁⲛϯⲛⲱⲟⲩ,ανϯνωου
ⲁⲛϯⲟⲭⲉⲓⲁ,ανϯοχεια
ⲁⲝⲉⲓⲛⲏ,αξινη
ⲁⲝⲓⲟⲗⲟⲅⲟⲥ,αξιολογος
ⲁⲝⲓⲟⲛ,αξιος
ⲁⲝⲓⲟⲡⲓⲥⲧⲟⲥ,αξιοπιστος
ⲁⲝⲓⲟⲥ,αξιος
ⲁⲝⲓⲟⲥ,αξιοσ
ⲁⲝⲓⲟⲩ,αξιου
ⲁⲝⲓⲟⲩ,αξιοω
ⲁⲝⲓⲱⲙⲁ,αξιωμα
ⲁⲝⲓⲱⲙⲁⲧⲓⲕⲟⲥ,αξιωματικος
ⲁⲡⲁ,αββας
ⲁⲡⲁⲅⲅⲉⲓⲗⲉ,απαγγελλω
ⲁⲡⲁⲑⲏⲥ,απαθης
ⲁⲡⲁⲓⲧⲉⲓ,απαιτεω
ⲁⲡⲁⲛⲑⲣⲟⲡⲓⲁ,απανθρωπια
ⲁⲡⲁⲛⲧⲁ,απαντα
ⲁⲡⲁⲛⲧⲁ,απανταω
ⲁⲡⲁⲛⲧⲁⲛ,απανταω
ⲁⲡⲁⲛⲧⲏ,απαντη
ⲁⲡⲁⲛⲧⲩⲙⲁ,απαντημα
ⲁⲡⲁⲝ,απαξ
ⲁⲡⲁⲣⲁⲃⲁⲧⲱⲛ,απαραβατος
ⲁⲡⲁⲣⲛⲁ,απαρνα
ⲁⲡⲁⲣⲛⲁ,απαρνεομαι
ⲁⲡⲁⲣⲭⲏ,απαρχη
ⲁⲡⲁⲧⲁ,απατα
ⲁⲡⲁⲧⲁ,απαταω
ⲁⲡⲁⲧⲁⲛ,απαταω
ⲁⲡⲁⲧⲏ,απατη
ⲁⲡⲁⲧⲱⲣ,απατωρ
ⲁⲡⲁⲩⲥⲧⲱⲥ,απαυστως
ⲁⲡⲉ,αρχιερευς
ⲁⲡⲉ,αρχω
ⲁⲡⲉ,διαδημα
ⲁⲡⲉ,καρα
ⲁⲡⲉ,κατανευω
ⲁⲡⲉ,κεφαλη
ⲁⲡⲉ,κρας
ⲁⲡⲉ,μαλιστα
ⲁⲡⲉ,σιτοποιος
ⲁⲡⲉⲇⲉⲩⲧⲟⲥ,απαιδευτος
ⲁⲡⲉⲓⲗⲉ,απειλε
ⲁⲡⲉⲓⲗⲉ,απειλεω
ⲁⲡⲉⲓⲗⲉⲓ,απειλει
ⲁⲡⲉⲓⲗⲏ,απειλη
ⲁⲡⲉⲗⲉⲩⲑⲉⲣⲟⲥ,απελευθεροσ
ⲁⲡⲉⲣⲁⲛⲧⲟⲛ,απεραντον
ⲁⲡⲉⲣⲁⲛⲧⲟⲛ,απεραντος
ⲁⲡⲉⲣⲁⲛⲧⲟⲥ,απεραντος
ⲁⲡⲉⲣⲁⲛⲧⲟⲥ,απεραντοσ
ⲁⲡⲉⲣⲓⲛⲟⲏⲧⲟⲥ,απερινοητος
ⲁⲡⲉⲭⲉ,απεχε
ⲁⲡⲓⲣⲟⲛ,απειρος
ⲁⲡⲓⲣⲟⲥ,απειρος
ⲁⲡⲓⲥⲧⲉⲓ,απιστεω
ⲁⲡⲓⲥⲧⲓⲁ,απιστια
ⲁⲡⲓⲥⲧⲟⲛ,απιστος
ⲁⲡⲓⲥⲧⲟⲥ,απιστος
ⲁⲡⲓⲥⲧⲟⲥ,απιστοσ
ⲁⲡⲟ,απο
ⲁⲡⲟⲃⲁⲣⲥⲓⲙⲟⲛ,οποβαλσαμον
ⲁⲡⲟⲅⲣⲁⲫⲏ,απογραφη
ⲁⲡⲟⲇⲉⲓⲝⲓⲥ,αποδειξις
ⲁⲡⲟⲇⲏⲙⲉⲓ,αποδημει
ⲁⲡⲟⲇⲏⲙⲉⲓ,αποδημεω
ⲁⲡⲟⲇⲏⲙⲓⲁ,αποδημια
ⲁⲡⲟⲇⲓⲇⲟⲩ,αποδιδοω
ⲁⲡⲟⲇⲓⲕⲛⲉⲩⲉ,αποδεικνευω
ⲁⲡⲟⲇⲓⲝⲓⲥ,αποδειξις
ⲁⲡⲟⲇⲓⲝⲓⲥ,αποδιξισ
ⲁⲡⲟⲑⲉⲓⲱⲧⲏⲥ,αποθεωτης
ⲁⲡⲟⲑⲏⲕⲏ,αποθηκη
ⲁⲡⲟⲑⲩⲕⲏ,αποθυκη
ⲁⲡⲟⲕⲁⲑⲓⲥⲧⲁ,αποκαθιστα
ⲁⲡⲟⲕⲁⲑⲓⲥⲧⲁ,αποκαθισταω
ⲁⲡⲟⲕⲁⲗⲁⲙⲟⳇ,οποκαλαμος
ⲁⲡⲟⲕⲁⲗⲁⲙⲱⲛ,οποκαλαμος
ⲁⲡⲟⲕⲁⲗⲩⲯⲓⲥ,αποκαλυψις
ⲁⲡⲟⲕⲁⲧⲁⲥⲧⲁⲥⲓⲥ,αποκαταστασις
ⲁⲡⲟⲕⲣⲓⲥⲓⲥ,αποκρισις
ⲁⲡⲟⲕⲣⲓⲥⲓⲥ,αποκρισισ
ⲁⲡⲟⲕⲣⲓⲧⲏⲥ,αποκριτης
ⲁⲡⲟⲕⲣⲓⲧⲏⲥ,αποκριτησ
ⲁⲡⲟⲕⲣⲩⲫⲟⲛ,αποκρυφος
ⲁⲡⲟⲗⲁⲩⲉ,απολαυε
ⲁⲡⲟⲗⲁⲩⲉ,απολαυω
ⲁⲡⲟⲗⲁⲩⲉⲥⲑⲁⲓ,απολαυω
ⲁⲡⲟⲗⲁⲩⲥⲓⲥ,απολαυσις
ⲁⲡⲟⲗⲁⲩⲥⲓⲥ,απολαυσισ
ⲁⲡⲟⲗⲗⲟⲛ,απολλον
ⲁⲡⲟⲗⲗⲱ,απολλω
ⲁⲡⲟⲗⲗⲱⲛ,απολλων
ⲁⲡⲟⲗⲟⲅⲓⲁ,απολογια
ⲁⲡⲟⲗⲟⲅⲓⲍⲉ,απολογιζε
ⲁⲡⲟⲗⲟⲅⲓⲍⲉ,απολογιζομαι
ⲁⲡⲟⲗⲩ,απολυ
ⲁⲡⲟⲗⲩ,απολυω
ⲁⲡⲟⲛⲟⲓⲁ,απονοια
ⲁⲡⲟⲡⲁⲛⲁⲕⲟⲥ,οποπαναξ
ⲁⲡⲟⲣⲉⲓ,απορει
ⲁⲡⲟⲣⲉⲓ,απορεω
ⲁⲡⲟⲣⲓ,απορεω
ⲁⲡⲟⲣⲓⲛ,απορεω
ⲁⲡⲟⲣⲣⲟⲓⲁ,απορροια
ⲁⲡⲟⲥⲕⲉⲩⲏ,αποσκευη
ⲁⲡⲟⲥⲧⲁⲗⲙⲉⲛⲟⲥ,αποσταλμενος
ⲁⲡⲟⲥⲧⲁⲥⲓⲁ,αποστασια
ⲁⲡⲟⲥⲧⲁⲥⲥⲉ,αποστασσε
ⲁⲡⲟⲥⲧⲁⲧⲉⲓ,αποστατεω
ⲁⲡⲟⲥⲧⲁⲧⲏⲥ,αποστατης
ⲁⲡⲟⲥⲧⲁⲧⲏⲥ,αποστατησ
ⲁⲡⲟⲥⲧⲉⲣⲓ,αποστερεω
ⲁⲡⲟⲥⲧⲏⲑⲏⲥ,αποστηθησ
ⲁⲡⲟⲥⲧⲏⲑⲓⲍⲉ,αποστηθιζω
ⲁⲡⲟⲥⲧⲏⲑⲟⲥ,αποστηθοσ
ⲁⲡⲟⲥⲧⲟⲗⲏ,αποστολη
ⲁⲡⲟⲥⲧⲟⲗⲓⲕⲏ,αποστολικος
ⲁⲡⲟⲥⲧⲟⲗⲓⲕⲟⲛ,αποστολικον
ⲁⲡⲟⲥⲧⲟⲗⲓⲕⲟⲛ,αποστολικος
ⲁⲡⲟⲥⲧⲟⲗⲓⲕⲟⲥ,αποστολικος
ⲁⲡⲟⲥⲧⲟⲗⲟⲥ,αποστολος
ⲁⲡⲟⲥⲧⲟⲗⲟⲥ,αποστολοσ
ⲁⲡⲟⲥⲩⲛⲁⲅⲱⲅⲟⲥ,αποσυναγωγοσ
ⲁⲡⲟⲥⲱⲃⲉ,αποσοβεω
ⲁⲡⲟⲧ,αποτ
ⲁⲡⲟⲧⲁⲅⲏ,αποταγη
ⲁⲡⲟⲧⲁⲍⲉⲥⲑⲉ,αποτασσω
ⲁⲡⲟⲧⲁⲝⲓⲥ,αποταξις
ⲁⲡⲟⲧⲁⲥⲥⲉ,αποτασσε
ⲁⲡⲟⲧⲁⲥⲥⲉ,αποτασσω
ⲁⲡⲟⲧⲉⲗⲉⲥⲙⲁ,αποτελεσμα
ⲁⲡⲟⲧⲉⲗⲉⲥⲧⲓⲕⲟⲛ,αποτελεστικος
ⲁⲡⲟⲩ,απο
ⲁⲡⲟⲩⲕⲁⳇ,οποκαλαμος
ⲁⲡⲟⲫⲁⲛⲉ,αποφαινω
ⲁⲡⲟⲫⲁⲥⲓⲥ,αποφασις
ⲁⲡⲟⲫⲁⲥⲓⲥ,αποφασισ
ⲁⲡⲟⲭⲁⲣⲓⲍⲉ,αποχαριζομαι
ⲁⲡⲟⲭⲏ,αποχη
ⲁⲡⲟⲭⲱⲣⲓⲍⲉ,αποχωριζω
ⲁⲡⲟϩⲣⲏⲧⲟⲥ,απορρητος
ⲁⲡⲣⲁⲕⲧⲟⲥ,απρακτος
ⲁⲡⲥ,αριθμος
ⲁⲡⲥ,περισσος
ⲁⲡⲥ,πληθος
ⲁⲡⲥ,πληθω
ⲁⲡⲩⲗⲏ,απυλη
ⲁⲡⲱⲫⲁⲛⲓⲁ,αποφανεια
ⲁⲡϭⲗⲁ,ματαιος
ⲁⲣⲁ,αλυσις
ⲁⲣⲁ,αρα
ⲁⲣⲁ,δακτυλιος
ⲁⲣⲁ,δεσμος
ⲁⲣⲁ,σφραγις
ⲁⲣⲁⲃⲓⲕⲟⲛ,αραβικος
ⲁⲣⲁⲃⲟⲥ,αραβος
ⲁⲣⲁⲃⲟⲥ,αραβοσ
ⲁⲣⲁⲥⲑⲉ,αραομαι
ⲁⲣⲅⲟⲛ,αργον
ⲁⲣⲅⲟⲛ,αργος
ⲁⲣⲅⲟⲥ,αργος
ⲁⲣⲅⲟⲥ,αργοσ
ⲁⲣⲉⲓⲁ,αρειων
ⲁⲣⲉⲥⲕⲉ,αρεσκε
ⲁⲣⲉⲥⲕⲉ,αρεσκω
ⲁⲣⲉⲧⲏ,αρετη
ⲁⲣⲏⲃ,πιστις
ⲁⲣⲏⲃ,πιστος
ⲁⲣⲏⲥ,αρησ
ⲁⲣⲏⲩ,ισος
ⲁⲣⲏⲩ,ισοω
ⲁⲣⲏⲩ,ταχα
ⲁⲣⲏϫ⸗,ορος
ⲁⲣⲏϫ⸗,περαω
ⲁⲣⲓⲁⲥⲡⲁⲍⲉⲥⲑⲉ,αριασπαζεσθε
ⲁⲣⲓⲃⲟⲏⲑⲓⲛ,αριβοηθιν
ⲁⲣⲓⲉⲧⲓⲛ,αριετιν
ⲁⲣⲓⲑⲙⲓⲁ,αριθμιος
ⲁⲣⲓⲑⲙⲓⲟⲛ,αριθμιος
ⲁⲣⲓⲑⲙⲟⲥ,αριθμος
ⲁⲣⲓⲑⲙⲟⲥ,αριθμοσ
ⲁⲣⲓⲕⲉ,αιτιαομαι
ⲁⲣⲓⲕⲉ,αιτιος
ⲁⲣⲓⲕⲉ,αμαρτανω
ⲁⲣⲓⲕⲉ,αμαρτημα
ⲁⲣⲓⲕⲉ,επιτιμαω
ⲁⲣⲓⲕⲉ,μεμφομαι
ⲁⲣⲓⲕⲉ,ψεγω
ⲁⲣⲓⲕⲉ,ψογος
ⲁⲣⲓⲡⲣⲟⲥⲉⲩⲭⲉⲥⲑⲉ,αριπροσευχεσθε
ⲁⲣⲓⲡⲣⲟⲫⲏⲧⲉⲩⲓⲛ,αριπροφητευιν
ⲁⲣⲓⲥⲧⲁ,αριστα
ⲁⲣⲓⲥⲧⲁ,αρισταω
ⲁⲣⲓⲥⲧⲟⲛ,αριστον
ⲁⲣⲓⲥⲧⲟⲣⲟⲭⲓⲁⲥ,αριστολοχεια
ⲁⲣⲓⲧⲓⲙⲁⲛ,αριτιμαν
ⲁⲣⲓϩⲓⲣⲏⲛⲏ,αριϩιρηνη
ⲁⲣⲕⲁⲇⲓⲟⲥ,αρκαδιοσ
ⲁⲣⲕⲉⲓ,αρκεω
ⲁⲣⲕⲉⲩⲑⲓⲥ,αρκευθις
ⲁⲣⲕⲉⲩⲑⲟⲥ,αρκευθος
ⲁⲣⲕⲟⲥ,αρκος
ⲁⲣⲕⲟⲥ,αρκοσ
ⲁⲣⲕⲧⲟⲥ,αρκτος
ⲁⲣⲙⲁⲣⲁ,αρμαλα
ⲁⲣⲙⲉⲛⲓⲟⲩ,αρμενιον
ⲁⲣⲛⲁ,αρνα
ⲁⲣⲛⲁ,αρνεομαι
ⲁⲣⲛⲏⲥⲓⲥ,αρνησις
ⲁⲣⲛⲓⲥⲑⲉ,αρνεομαι
ⲁⲣⲝ,αρξ
ⲁⲣⲟϣ,ψυχος
ⲁⲣⲟϣ,ψυχρος
ⲁⲣⲣⲏⲧⲟⲛ,αρρητος
ⲁⲣⲣⲏⲧⲟⲥ,αρρητος
ⲁⲣⲥⲉⲛⲓⲕⲏ,αρσενικος
ⲁⲣⲥⲉⲛⲓⲟⲥ,αρσενιοσ
ⲁⲣⲥⲉⲛⲟⲅⲉⲛⲓⲁ,αρσενογενια
ⲁⲣⲥⲓⲛⲓⲕⲟⲛ,αρσενικον
ⲁⲣⲧⲉⲙⲉⲥⲓⲁⲥ,αρτεμισια
ⲁⲣⲧⲉⲙⲓⲥ,αρτεμισ
ⲁⲣⲧⲏⲙⲉⲥⲓⲁ,αρτεμισια
ⲁⲣⲧⲏⲣⲓⲁ,αρτηρια
ⲁⲣⲧⲓⲙⲉⲥⲓⲥ,αρτεμισια
ⲁⲣⲧⲟⲥ,αρτος
ⲁⲣⲧⲩⲙⲓⲥ,αρτεμις
ⲁⲣⲭⲁⲅⲅⲉⲗⲓⲕⲏ,αρχαγγελικος
ⲁⲣⲭⲁⲅⲅⲉⲗⲟⲥ,αρχαγγελος
ⲁⲣⲭⲁⲅⲅⲉⲗⲟⲥ,αρχαγγελοσ
ⲁⲣⲭⲁⲓⲟⲛ,αρχαιον
ⲁⲣⲭⲁⲓⲟⲥ,αρχαιος
ⲁⲣⲭⲁⲓⲟⲥ,αρχαιοσ
ⲁⲣⲭⲉⲓ,αρχει
ⲁⲣⲭⲉⲓ,αρχω
ⲁⲣⲭⲉⲟⲥ,αρχεοσ
ⲁⲣⲭⲉⲥⲑⲁⲓ,αρχεσθαι
ⲁⲣⲭⲉⲥⲑⲁⲓ,αρχω
ⲁⲣⲭⲏ,αρχη
ⲁⲣⲭⲏ,εξουσια
ⲁⲣⲭⲏ,κυριος
ⲁⲣⲭⲏⲁⲧⲣⲟⲥ,αρχιατρος
ⲁⲣⲭⲏⲅⲟⲥ,αρχηγος
ⲁⲣⲭⲏⲅⲟⲥ,αρχηγοσ
ⲁⲣⲭⲏⲇⲉⲕⲧⲱⲛ,αρχηδεκτων
ⲁⲣⲭⲏⲇⲓⲁⲕⲟⲛⲟⲥ,αρχηδιακονοσ
ⲁⲣⲭⲏⲇⲓⲁⲕⲟⲛⲟⲥ,αρχιδιακονος
ⲁⲣⲭⲏⲇⲓⲁⲕⲱⲛ,αρχιδιακων
ⲁⲣⲭⲏⲇⲓⲁⲕⳇ,αρχιδιακονος
ⲁⲣⲭⲏⲉⲡⲓⲥⲕⲟⲡⲟⲥ,αρχηεπισκοποσ
ⲁⲣⲭⲏⲉⲡⲓⲥⲕⲟⲡⲟⲥ,αρχιεπισκοπος
ⲁⲣⲭⲏⲉⲡⲓⲥⲕⲟⲡⲟⲩ,αρχηεπισκοπου
ⲁⲣⲭⲏⲑⲗⲓⲧⲏⲥ,αρχιαθλητης
ⲁⲣⲭⲏⲕⲣⲓⲧⲏⲥ,αρχικριτης
ⲁⲣⲭⲏⲗⲏⲥⲧⲏⲥ,αρχιληστης
ⲁⲣⲭⲏⲙⲁⲛⲇⲣⲓⲧⲏⲥ,αρχημανδριτησ
ⲁⲣⲭⲏⲙⲁⲛⲧⲣⲓⲧⲏⲥ,αρχημαντριτησ
ⲁⲣⲭⲏⲟⲗⲟⲅⲓⲁ,αρχαιολογια
ⲁⲣⲭⲏⲡⲗⲁⲥⲙⲁ,αρχιπλασμα
ⲁⲣⲭⲏⲡⲣⲉⲥⲃⲩⲧⲉⲣⲟⲥ,αρχιπρεσβυτερος
ⲁⲣⲭⲏⲡⲣⲟⲫⲏⲧⲏⲥ,αρχιπροφητης
ⲁⲣⲭⲏⲥⲧⲣⲁⲧⲩⲗⲁⲧⲏⲥ,αρχιστρατηλατης
ⲁⲣⲭⲏⲥⲩⲛⲁⲅⲱⲅⲟⲥ,αρχησυναγωγοσ
ⲁⲣⲭⲏⲧⲉⲕⲧⲱⲛ,αρχητεκτων
ⲁⲣⲭⲓ,αρχι
ⲁⲣⲭⲓⲅⲉⲛⲉⲧⲱⲣ,αρχιγεννητωρ
ⲁⲣⲭⲓⲅⲉⲛⲛⲏⲧⲱⲣ,αρχιγεννητωρ
ⲁⲣⲭⲓⲉⲡⲓⲥⲕⲟⲡⲟⲥ,αρχιεπισκοποσ
ⲁⲣⲭⲓⲉⲣⲉⲩⲥ,αρχιερευς
ⲁⲣⲭⲓⲉⲣⲉⲩⲥ,αρχιερευσ
ⲁⲣⲭⲓⲙⲁⲅⲉⲣⲟⲥ,αρχιμαγειρος
ⲁⲣⲭⲓⲙⲁⲅⲓⲣⲟⲥ,αρχιμαγιροσ
ⲁⲣⲭⲓⲙⲁⲛⲇⲣⲓⲧⲏⲥ,αρχιμανδριτης
ⲁⲣⲭⲓⲙⲁⲛⲇⲣⲓⲧⲏⲥ,αρχιμανδριτησ
ⲁⲣⲭⲓⲛ,αρχω
ⲁⲣⲭⲓⲥⲑⲁⲓ,αρχισθαι
ⲁⲣⲭⲓⲥⲧⲣⲁⲧⲉⲩⲙⲁ,αρχιστρατευμα
ⲁⲣⲭⲓⲥⲧⲣⲁⲧⲏⲅⲟⲥ,αρχιστρατηγος
ⲁⲣⲭⲓⲥⲧⲣⲁⲧⲏⲅⲟⲥ,αρχιστρατηγοσ
ⲁⲣⲭⲓⲥⲩⲛⲁⲅⲱⲅⲟⲥ,αρχισυναγωγος
ⲁⲣⲭⲓⲥⲩⲛⲁⲅⲱⲅⲟⲥ,αρχισυναγωγοσ
ⲁⲣⲭⲓⲧⲉⲕⲧⲱⲛ,αρχιτεκτων
ⲁⲣⲭⲓⲧⲗⲕϩⲙⲥ,αρχιτλκϩμσ
ⲁⲣⲭⲟⲛⲧⲓⲕⲏ,αρχοντικος
ⲁⲣⲭⲟⲛⲧⲓⲕⲟⲛ,αρχοντικος
ⲁⲣⲭⲱⲛ,αρχων
ⲁⲣⲱⲙⲁⲧⲁ,αρωμα
ⲁⲥⲁⲓ,κουφοτης
ⲁⲥⲁⲗⲉⲩⲧⲟⲥ,ασαλευτος
ⲁⲥⲁϥ,φλοιος
ⲁⲥⲉⲃⲏⲥ,ασεβης
ⲁⲥⲉⲃⲏⲥ,ασεβησ
ⲁⲥⲉⲗⲉⲩⲧⲱⲛ,ασαλευτος
ⲁⲥⲏⲙⲁⲛⲧⲟⲥ,ασημαντος
ⲁⲥⲏⲙⲓⲟⲥ,ασημιον
ⲁⲥⲏⲣ,σιτιον
ⲁⲥⲑⲉ,ασθε
ⲁⲥⲑⲉⲛⲉⲓⲁ,ασθενεια
ⲁⲥⲑⲉⲛⲏⲥ,ασθενης
ⲁⲥⲑⲉⲛⲏⲥ,ασθενησ
ⲁⲥⲓⲁ,ασια
ⲁⲥⲕⲉ,βραδυνω
ⲁⲥⲕⲉ,διατριβω
ⲁⲥⲕⲉ,μελλω
ⲁⲥⲕⲉⲓ,ασκει
ⲁⲥⲕⲉⲓ,ασκεω
ⲁⲥⲕⲏⲥⲓⲥ,ασκησις
ⲁⲥⲕⲏⲥⲓⲥ,ασκησισ
ⲁⲥⲕⲏⲧⲏⲥ,ασκητης
ⲁⲥⲕⲏⲧⲏⲥ,ασκητησ
ⲁⲥⲕⲟⲡⲟⲥ,ασκοπος
ⲁⲥⲕⲟⲡⲱⲥ,ασκοπως
ⲁⲥⲕⲟⲥ,ασκος
ⲁⲥⲕⲟⲥ,ασκοσ
ⲁⲥⲕⲩⲥⲓⲥ,ασκυσισ
ⲁⲥⲟⲩ,αξιος
ⲁⲥⲟⲩ,τιμαω
ⲁⲥⲟⲩ,τιμη
ⲁⲥⲟⲩⲓ,αρκυς
ⲁⲥⲟⲩⲓ,βαλλαντιον
ⲁⲥⲟⲩⲓ,πηρα
ⲁⲥⲟⲫⲟⲛ,ασοφος
ⲁⲥⲡⲁⲍⲉ,ασπαζε
ⲁⲥⲡⲁⲍⲉ,ασπαζομαι
ⲁⲥⲡⲁⲍⲉⲥⲑⲉ,ασπαζομαι
ⲁⲥⲡⲁⲗⲁⲑⲟⲥ,ασπαλαθος
ⲁⲥⲡⲁⲥⲙⲟⲥ,ασπασμος
ⲁⲥⲡⲁⲥⲙⲟⲥ,ασπασμοσ
ⲁⲥⲡⲉ,γλωσσα
ⲁⲥⲡⲉ,διαλεκτος
ⲁⲥⲡⲉ,λογος
ⲁⲥⲡⲉ,παρρησια
ⲁⲥⲡⲉ,φωνη
ⲁⲥⲥⲁⲣⲓⲟⲛ,ασσαριον
ⲁⲥⲥⲩⲣⲓⲟⲥ,ασσυριος
ⲁⲥⲥⲩⲣⲓⲟⲥ,ασσυριοσ
ⲁⲥⲧⲉⲣⲓⲟⲥ,αστεριοσ
ⲁⲥⲧⲏⲣ,αστηρ
ⲁⲥⲧⲓⲟⲥ,αστειος
ⲁⲥⲧⲓⲟⲥ,αστιοσ
ⲁⲥⲧⲣⲟⲛⲟⲙⲓⲁ,αστρονομια
ⲁⲥⲩⲛⲑⲉⲧⲟⲛ,ασυνθετος
ⲁⲥⲩⲥⲧⲁⲧⲟⲥ,ασυστατος
ⲁⲥⲫⲁⲗⲁⲕⲟⲛ,ασφαραγος
ⲁⲥⲫⲁⲗⲉⲥⲧⲏⲣⲟⲛ,ασφαλεστερον
ⲁⲥⲫⲁⲗⲏⲥ,ασφαλης
ⲁⲥⲫⲁⲗⲓⲁ,ασφαλεια
ⲁⲥⲫⲁⲗⲓⲁ,ασφαλια
ⲁⲥⲫⲁⲗⲓⲍⲉ,ασφαλιζε
ⲁⲥⲫⲁⲗⲓⲍⲉ,ασφαλιζω
ⲁⲥⲫⲁⲗⲧⲟⲛ,ασφαλτος
ⲁⲥⲫⲁⲗⲧⲟⲥ,ασφαλτος
ⲁⲥⲫⲁⲗⲱⲥ,ασφαλως
ⲁⲥⲫⲁⲗⲱⲥ,ασφαλωσ
ⲁⲥⲭⲁⲣⲁ,εσχαρα
ⲁⲥⲭⲏⲙⲟⲛⲉⲓ,ασχημονει
ⲁⲥⲭⲏⲙⲟⲛⲉⲓ,ασχημονεω
ⲁⲥⲭⲏⲙⲟⲥⲩⲛⲏ,ασχημοσυνη
ⲁⲥⲱⲙⲁⲧⲟⲛ,ασωματος
ⲁⲥⲱⲙⲁⲧⲟⲥ,ασωματος
ⲁⲥⲱⲙⲁⲧⲟⲥ,ασωματοσ
ⲁⲧⲁⲕⲧⲟⲥ,ατακτος
ⲁⲧⲁⲕⲧⲱⲥ,ατακτως
ⲁⲧⲁⲙⲁⲛⲇⲓⲛⲟⲛ,αδαμαντινος
ⲁⲧⲁⲙⲁϩⲧⲉ,ακρατης
ⲁⲧⲁⲙⲁϩⲧⲉ,ακωλυτος
ⲁⲧⲁⲙⲁϩⲧⲉ,απροαιρετος
ⲁⲧⲁⲝⲓⲁ,αταξια
ⲁⲧⲁⲣⲏϫ⸗,απειρων
ⲁⲧⲁⲣⲓⲕⲉ,αμυμων
ⲁⲧⲃⲱⲗ (ⲉⲃⲟⲗ),αλυτος
ⲁⲧⲉⲓⲙⲉ,αγνοεω
ⲁⲧⲉⲓⲙⲉ,αμαθης
ⲁⲧⲉⲓⲙⲉ,αναιτιος
ⲁⲧⲉⲗⲏⲥ,ατελης
ⲁⲧⲉⲡⲓⲥⲕⲟⲡⲟⲥ,ατεπισκοποσ
ⲁⲧⲓⲙⲓⲁ,ατιμια
ⲁⲧⲕⲁ ⲧⲟⲟⲧ⸗ ⲉⲃⲟⲗ,συνεχης
ⲁⲧⲕⲁⲣⲡⲟⲥ,ατκαρποσ
ⲁⲧⲕⲁⲥ,μυελος
ⲁⲧⲕⲁϯ,αγνοεω
ⲁⲧⲕⲁϯ,αμαθης
ⲁⲧⲕⲓⲙ,ακινητος
ⲁⲧⲙⲟⲟⲩ,ανυδρος
ⲁⲧⲙⲟⲣⲧ,αγενειος
ⲁⲧⲙⲟⲣⲧ,γενειον
ⲁⲧⲙⲟⲩ,αθανατος
ⲁⲧⲙⲡϣⲁ,αναξιος
ⲁⲧⲙⲡϣⲁ,φαυλος
ⲁⲧⲛⲁ,νηλης
ⲁⲧⲛⲁⲩ,αφανης
ⲁⲧⲛⲕⲟⲧⲕ,αυπνος
ⲁⲧⲛⲟⲃⲉ,αναιτιος
ⲁⲧⲛⲟⲩⲧⲉ,αθεος
ⲁⲧⲛϩⲟⲩⲣ,ακινητος
ⲁⲧⲟ,οχλος
ⲁⲧⲟ,πληθος
ⲁⲧⲟⲣⲃ⸗,απειρων
ⲁⲧⲟⲣⲃ⸗,ηπειρος
ⲁⲧⲟⲣⲃ⸗ ⲉϩⲟⲩⲛ,απειρων
ⲁⲧⲟⲣⲃ⸗ ⲉϩⲟⲩⲛ,ηπειρος
ⲁⲧⲟⲩⲱⲛϩ ⲉⲃⲟⲗ,αιδης
ⲁⲧⲟⲩⲱⲛϩ ⲉⲃⲟⲗ,αορατος
ⲁⲧⲟⲩⲱⲛϩ ⲉⲃⲟⲗ,αφανης
ⲁⲧⲟⲩϫⲁⲓ,ανηκεστος
ⲁⲧⲟⲩϫⲁⲓ,ανιατος
ⲁⲧⲡⲁⲣⲁⲓⲧⲉⲓ,ατπαραιτει
ⲁⲧⲡⲱⲣϫ,αδιαιρετος
ⲁⲧⲡⲱⲱⲛⲉ,ακινητος
ⲁⲧⲡⲱϣ,αδιαιρετος
ⲁⲧⲣⲉⲡⲧⲟⲥ,ατρεπτος
ⲁⲧⲣⲱⲙⲉ,αφιλος
ⲁⲧⲥⲃⲱ,αγνοεω
ⲁⲧⲥⲃⲱ,αμαθης
ⲁⲧⲥⲉⲓ,αατος
ⲁⲧⲥⲉⲓ,απληστος
ⲁⲧⲥⲓⲛⲉ,αβατος
ⲁⲧⲥⲓⲛⲉ,απορος
ⲁⲧⲥⲙⲏ,αυδη
ⲁⲧⲥⲙⲏ,φωνη
ⲁⲧⲥⲟⲕ,ακρασια
ⲁⲧⲥⲧⲙⲏⲧ,απειθεω
ⲁⲧⲥⲱⲣⲉⲙ,νημερτης
ⲁⲧⲥⲱⲧⲙ,απειθεω
ⲁⲧⲧⲁⲕⲟ,αφθαρτος
ⲁⲧⲧⲁⲕⲟ,αφθιτος
ⲁⲧⲧⲁϩⲛⲟ,ανεμποδιστος
ⲁⲧⲧⲃⲃⲟ,ακαθαρτος
ⲁⲧⲧⲱϣ,ηπειρος
ⲁⲧⲧⲱϩ,ακρατος
ⲁⲧⲯⲩⲭⲏ,ατψυχη
ⲁⲧⲱⲃϣ,αυπνος
ⲁⲧⲱϣⲙ,ασβεστος
ⲁⲧϣⲁⲙⲟⲛⲓ ⲛⲧⲉⲛ-,ακρατης
ⲁⲧϣⲁⲙⲟⲛⲓ ⲛⲧⲉⲛ-,ακωλυτος
ⲁⲧϣⲁⲙⲟⲛⲓ ⲛⲧⲉⲛ-,απροαιρετος
ⲁⲧϣⲁⲩ,αχρειος
ⲁⲧϣⲁⲩ,αχρηστος
ⲁⲧϣⲁⲩ,φαυλος
ⲁⲧϣⲓⲃⲧⲉ,ακινητος
ⲁⲧϣⲟϥⲧ,νημερτης
ⲁⲧϩⲏⲧ,ανοητος
ⲁⲧϩⲏⲧ,αφρων
ⲁⲧϩⲙⲟⲧ,αχαριστος
ⲁⲧϩⲣⲟⲟⲩ,αναυδος
ⲁⲧϩⲣⲟⲟⲩ,αφωνος
ⲁⲧϩⲥ,υλη
ⲁⲧϩⲥ,υλις
ⲁⲧϫⲓⲏⲡⲉ,μυριος
ⲁⲧϫⲓⲟⲟⲣ,αβατος
ⲁⲧϫⲓϭⲟⲗ,δικαιος
ⲁⲧϫⲛⲁ,ασβεστος
ⲁⲧϫⲛⲁⲩ,παραχρημα
ⲁⲧϫⲟⲩϣⲧ,αλογος
ⲁⲧϫⲱⲧϩ,ασυλος
ⲁⲧϫⲱⲱⲃ⸗,αβατος
ⲁⲧϫⲱⲱⲃ⸗,απορος
ⲁⲧϭⲟⲙ,αδυνατος
ⲁⲧϭⲟⲙ,αμενηνος
ⲁⲧϭⲟⲙ,δυναμαι
ⲁⲧϭⲱϣ,ακρατος
ⲁⲧϯⲁⲥⲟ,αφειδης
ⲁⲧϯⲧⲱϣ,ηπειρος
ⲁⲩⲁⲛ,χρωμα
ⲁⲩⲏⲧ,εισπραξις
ⲁⲩⲑⲁⲇⲏⲥ,αυθαδης
ⲁⲩⲑⲁⲇⲏⲥ,αυθαδησ
ⲁⲩⲑⲁⲧⲏⲥ,αυθατησ
ⲁⲩⲑⲉⲛⲧⲉⲓⲁ,αυθεντια
ⲁⲩⲑⲉⲛⲧⲏⲥ,αυθεντης
ⲁⲩⲑⲉⲛⲧⲏⲥ,αυθεντησ
ⲁⲩⲑⲉⲛⲧⲓⲕⲏ,αυθεντικος
ⲁⲩⲗⲏ,αυλη
ⲁⲩⲝⲁⲛⲉ,αυξανε
ⲁⲩⲝⲁⲛⲉ,αυξανω
ⲁⲩⲝⲓⲥⲓⲥ,αυξησις
ⲁⲩⲧⲟⲅⲉⲛⲉⲧⲱⲣ,αυτογενετωρm
ⲁⲩⲧⲟⲅⲉⲛⲏⲥ,αυτογενης
ⲁⲩⲧⲟⲅⲉⲛⲏⲥ,αυτογενησ
ⲁⲩⲧⲟⲅⲉⲛⲏⲧⲟⲥ,αυτογεννητος
ⲁⲩⲧⲟⲅⲉⲛⲓⲟⲛ,αυτογενιος
ⲁⲩⲧⲟⲅⲉⲛⲓⲟⲥ,αυτογενιος
ⲁⲩⲧⲟⲅⲉⲛⲛⲓⲟⲥ,αυτογενιος
ⲁⲩⲧⲟⲇⲟⲝⲁⲥⲧⲟⲥ,αυτοδοξαστος
ⲁⲩⲧⲟⲉⲝⲟⲩⲥⲓⲟⲛ,αυτεξουσιος
ⲁⲩⲧⲟⲑⲉⲗⲏⲧⲟⲥ,αυτοθελητος
ⲁⲩⲧⲟⲕⲣⲁⲧⲱⲣ,αυτοκρατωρ
ⲁⲩⲧⲟⲕⲧⲓⲥⲧⲟⲥ,αυτοκτιστος
ⲁⲩⲧⲟⲡⲁⲧⲱⲣ,αυτοπατωρ
ⲁⲩⲧⲟⲧⲉⲗⲏⲥ,αυτοτελης
ⲁⲩⲧⲟⲩ,αυτου
ⲁⲩⲧⲟⲫⲩⲏⲥ,αυτοφυης
ⲁⲩⲱⲛ,αναπεταννυμι
ⲁⲩⲱⲛ,ανοιγνυμι
ⲁⲩⲱⲛ,πελαγος
ⲁⲩⲱⲛ,υπαιθριος
ⲁⲩⲱⲛ,φανερος
ⲁⲫⲉⲇⲣⲱⲛ,αφεδρων
ⲁⲫⲉⲗⲡⲓⲍⲉ,απελπιζω
ⲁⲫⲑⲁⲣⲥⲓⲁ,αφθαρσια
ⲁⲫⲑⲁⲣⲧⲟⲛ,αφθαρτος
ⲁⲫⲑⲁⲣⲧⲟⲥ,αφθαρτος
ⲁⲫⲑⲁⲣⲧⲟⲥ,αφθαρτοσ
ⲁⲫⲑⲟⲛⲓⲁ,αφθονια
ⲁⲫⲑⲟⲣⲟⲥ,αφθορος
ⲁⲫⲟⲣⲓⲥⲙⲟⲥ,αφορισμος
ⲁⲫⲟⲣⲙⲏ,αφορμη
ⲁⲫⲣⲏⲇⲱⲛⲓⲁ,αφρηδωνια
ⲁⲫⲣⲟⲇⲓⲧⲏ,αφροδιτη
ⲁⲫⲣⲟⲛⲓⲧⲣⲟⲛ,αφρονιτρον
ⲁⲫⲩⲏⲥ,αφυης
ⲁⲫⲱⲣⲓⲥⲉ,αφοριζω
ⲁⲫⲱⲫ,γιγας
ⲁⲭⲁⲓⲁ,αχαια
ⲁⲭⲁⲓⲕⲟⲥ,αχαικοσ
ⲁⲭⲁⲣⲓⲥⲧⲓⲁ,αχαριστια
ⲁⲭⲁⲧⲏⲥ,αχατης
ⲁⲭⲁⲧⲏⲥ,αχατησ
ⲁⲭⲓⲗⲗⲓⲟⲛ,αχιλ(λ)ηον
ⲁⲭⲣⲓⲥⲧⲟⲛ,αχρηστος
ⲁⲭⲱⲣⲏⲧⲟⲛ,αχωρητον
ⲁⲭⲱⲣⲏⲧⲟⲥ,αχωρητος
ⲁⲭⲱⲣⲏⲧⲟⲥ,αχωρητοσ
ⲁⲯⲓⲙⲁⲭⲓⲁ,αψιμαχια
ⲁⲯⲩⲭⲟⲛ,αψυχος
ⲁϣⲁⲓ,οχλος
ⲁϣⲁⲓ,πληθος
ⲁϣⲁϩⲟⲙ,στεναζω
ⲁϣⲁϩⲟⲙ,στενω
ⲁϣⲏ,οχλος
ⲁϣⲏ,πληθος
ⲁϣⲓ (ⲉϫⲉⲛ-),απειλεω
ⲁϩⲉ,μηκος
ⲁϩⲉ,οβριμος
ⲁϩⲉ,οψε
ⲁϩⲉ (ⲛ-),δεω
ⲁϩⲉ (ⲛ-),προσδεω
ⲁϩⲉ (ⲛ-),σπανιζω
ⲁϩⲉ (ⲛ-),χρεια
ⲁϩⲟ,διατριβω
ⲁϩⲟ,οικησις
ⲁϩⲟⲙ,στεναζω
ⲁϩⲟⲙ,στενω
ⲁϩⲟⲣⲁⲧⲟⲛ,αορατος
ⲁϩⲟⲣⲁⲧⲟⲥ,αορατος
ⲁϩⲟⲣⲁⲧⲟⲥ,αϩορατοσ
ⲁϩⲱⲙ,αετος
ⲁϩⲱⲙ,γυψ
ⲁϫⲱ,εχιδνα
ⲁϭⲟⲗⲧⲉ,αμαξα
ⲁϭⲟⲗⲧⲉ,απηνη
ⲃⲁⲁⲃⲉ,ανοητος
ⲃⲁⲁⲃⲉ,αφρων
ⲃⲁⲁⲃⲉ,ηλιθιος
ⲃⲁⲁⲃⲉ,καταφρονεω
ⲃⲁⲁⲃⲉ,ματαιος
ⲃⲁⲁⲃⲉ,μωρος
ⲃⲁⲁⲙⲡⲉ,αιξ
ⲃⲁⲁⲙⲡⲉ,τραγος
ⲃⲁⲁⲣⲉ,πλοιον
ⲃⲁⲁⲣⲉ,σκαφος
ⲃⲁⲃⲉ-,ανοητος
ⲃⲁⲃⲉ-,αφρων
ⲃⲁⲃⲉ-,ηλιθιος
ⲃⲁⲃⲉ-,ματαιος
ⲃⲁⲃⲉ-,μωρος
ⲃⲁⲃⲉⲣⲱⲙⲉ,αλαζων
ⲃⲁⲃⲩⲗⲱⲛ,βαβυλων
ⲃⲁⲑⲙⲟⲥ,βαθμος
ⲃⲁⲑⲙⲟⲥ,βαθμοσ
ⲃⲁⲑⲟⲛ,βαθον
ⲃⲁⲑⲟⲥ,βαθος
ⲃⲁⲑⲟⲥ,βαθοσ
ⲃⲁⲕⲓ,αστυ
ⲃⲁⲕⲓ,πολις
ⲃⲁⲕⲓ,πολισμα
ⲃⲁⲕⲓ,πολιχνη
ⲃⲁⲕⲓ,πρυτανειον
ⲃⲁⲕⲙⲁⲧⲟⲩ,μεταπεμπω
ⲃⲁⲕⲧⲏⲣⲓⲁ,βακτηρια
ⲃⲁⲗⲁⲛⲟⲥ,βαλανος
ⲃⲁⲗⲁⲧ,μηλωτη
ⲃⲁⲗⲗⲁⲧⲓⲟⲛ,βαλλατιον
ⲃⲁⲗϩⲏⲧ,αναπεταννυμι
ⲃⲁⲗϩⲏⲧ,ανοιγνυμι
ⲃⲁⲗϩⲏⲧ,πελαγος
ⲃⲁⲗϩⲏⲧ,υπαιθριος
ⲃⲁⲗϩⲏⲧ,φανερος
ⲃⲁⲡⲧⲓⲍⲉ,βαπτιζε
ⲃⲁⲡⲧⲓⲍⲉ,βαπτιζω
ⲃⲁⲡⲧⲓⲥⲙⲁ,βαπτισμα
ⲃⲁⲡⲧⲓⲥⲙⲟⲥ,βαπτισμος
ⲃⲁⲡⲧⲓⲥⲧⲏⲥ,βαπτιστης
ⲃⲁⲡⲧⲓⲥⲧⲏⲥ,βαπτιστησ
ⲃⲁⲡϯⲥⲧⲏⲥ,βαπϯστησ
ⲃⲁⲣⲃⲁⲣⲟⲥ,βαρβαρος
ⲃⲁⲣⲃⲁⲣⲟⲥ,βαρβαροσ
ⲃⲁⲣⲉⲓ,βαρεω
ⲃⲁⲣⲉⲓⲥⲑⲁⲓ,βαρεω
ⲃⲁⲣⲟⲥ,βαρος
ⲃⲁⲣⲟⲥ,βαροσ
ⲃⲁⲣⲱⲧ,χαλκειος
ⲃⲁⲣⲱⲧ,χαλκεος
ⲃⲁⲣⲱⲧ,χαλκηρης
ⲃⲁⲣⲱⲧ,χαλκος
ⲃⲁⲣⲱϩ,καμηλος
ⲃⲁⲥⲁⲛⲓⲍⲉ,βασανιζε
ⲃⲁⲥⲁⲛⲓⲍⲉ,βασανιζω
ⲃⲁⲥⲁⲛⲓⲍⲓⲛ,βασανιζω
ⲃⲁⲥⲁⲛⲓⲥⲧⲏⲣⲓⲟⲛ,βασανιστηριον
ⲃⲁⲥⲁⲛⲓⲥⲧⲏⲥ,βασανιστης
ⲃⲁⲥⲁⲛⲟⲥ,βασανος
ⲃⲁⲥⲁⲛⲟⲥ,βασανοσ
ⲃⲁⲥⲓⲗⲉⲓⲧⲏⲥ,βασιλειτησ
ⲃⲁⲥⲓⲗⲓⲁ,βασιλεια
ⲃⲁⲥⲓⲗⲓⲕⲟⲛ,βασιλικον
ⲃⲁⲥⲓⲗⲓⲕⲟⲛ,βασιλικος
ⲃⲁⲥⲓⲗⲓⲕⲟⲥ,βασιλικος
ⲃⲁⲥⲓⲗⲓⲕⲟⲥ,βασιλικοσ
ⲃⲁⲥⲓⲗⲓⲟⲥ,βασιλιοσ
ⲃⲁⲥⲓⲙⲟⲥ,βασιμοσ
ⲃⲁⲥⲓⲥ,βασις
ⲃⲁⲥⲓⲥ,βασισ
ⲃⲁⲥⲕⲁⲛⲉ,βασκαινω
ⲃⲁⲥⲕⲁⲛⲟⲥ,βασκανος
ⲃⲁⲥⲕⲁⲛⲟⲥ,βασκανοσ
ⲃⲁⲥⲧⲉⲣⲛⲁ,βαστερνα
ⲃⲁⲧⲁⲛⲉ,βατανη
ⲃⲁⲧⲟⲥ,βατος
ⲃⲁⲧⲟⲥ,βατοσ
ⲃⲁⲧⲥ,αγχεμαχος
ⲃⲁⲧⲥ,διαφερω
ⲃⲁⲧⲥ,διαφορα
ⲃⲁⲧⲥ,εχθρη
ⲃⲁⲧⲥ,μονομαχεω
ⲃⲁⲧⲥ,μονομαχια
ⲃⲁⲧⲥ,νεικος
ⲃⲁⲧⲧⲁⲗⲟⲅⲓ,βατταλογεω
ⲃⲁⲧⲧⲟⲗⲟⲅⲓⲁ,βαττολογια
ⲃⲁⲩⲕⲁⲗⲓⲟⲛ,βαυκαλιον
ⲃⲁϣⲁϩⲏⲩ,γυμνος
ⲃⲁϩⲥⲉ,βους
ⲃⲁϩⲥⲉ,μοσχος
ⲃⲇⲉⲗⲗⲏ,βδελλα
ⲃⲉⲃⲁⲓⲟⲩ,βεβαιοω
ⲃⲉⲕⲉ,μισθος
ⲃⲉⲕⲉ,πολεμεω
ⲃⲉⲗⲉⲧⲁⲣⲓⲟⲥ,βελεταριοσ
ⲃⲉⲗⲑⲱⲛ,λεων
ⲃⲉⲛⲓⲡⲉ,σιδηρεος
ⲃⲉⲛⲓⲡⲉ,σιδηρος
ⲃⲉⲣⲃⲓⲣ,ακοντιζω
ⲃⲉⲣⲃⲓⲣ,ακοντιον
ⲃⲉⲣⲃⲓⲣ,ακοντιστης
ⲃⲉⲣⲃⲓⲣ,βελος
ⲃⲉⲣⲉⲧⲁⲣⲓⲟⲥ,βερεδαριος
ⲃⲉⲣⲉⲧⲁⲣⲓⲟⲥ,βερεταριοσ
ⲃⲉⲥⲛⲏⲧ,χαλκευς
ⲃⲏ,ταφος
ⲃⲏⲃ,αντρον
ⲃⲏⲃ,γλαφυρος
ⲃⲏⲃ,σπεος
ⲃⲏⲃ,σπηλαιον
ⲃⲏⲑⲁⲛⲓⲁ,βηθανια
ⲃⲏⲕⲉ,κροκη
ⲃⲏⲙⲁ,βημα
ⲃⲏⲛⲉ,καταπινω
ⲃⲏⲛⲉ,χελιδων
ⲃⲏⲥⲁⲣⲓⲟⲛ,βησαριον
ⲃⲏⲩ,λυμη
ⲃⲏⲩ,υβριζω
ⲃⲏⲩ,υβρις
ⲃⲏϭ,ιεραξ
ⲃⲏϭ,κιρκος
ⲃⲓⲁ,βια
ⲃⲓⲁⲍⲉ,βιαζω
ⲃⲓⲃⲗⲓⲟⲑⲩⲕⲏ,βιβλιοθηκη
ⲃⲓⲃⲗⲟⲥ,βιβλος
ⲃⲓⲃⲗⲟⲥ,βιβλοσ
ⲃⲓⲕⲁⲣⲓⲟⲥ,βικαριος
ⲃⲓⲛⲁϫ,βιναϫ
ⲃⲓⲛⲁϫ,οψον
ⲃⲓⲛⲁϫ,τρυβλιον
ⲃⲓⲟⲥ,βιος
ⲃⲓⲟⲥ,βιοσ
ⲃⲓⲧ,ξυρος
ⲃⲓⲱⲧⲓⲕⲟⲛ,βιωτικος
ⲃⲓⲱⲧⲓⲕⲟⲥ,βιωτικος
ⲃⲗⲁⲃⲏ,βλαβη
ⲃⲗⲁⲡⲧⲉⲓ,βλαπτει
ⲃⲗⲁⲡⲧⲉⲓ,βλαπτω
ⲃⲗⲁⲡⲧⲉⲥⲑⲁⲓ,βλαπτω
ⲃⲗⲁⲡⲧⲓⲛ,βλαπτω
ⲃⲗⲁⲥⲫⲏⲙⲓ,βλασφημεω
ⲃⲗⲁⲥⲫⲏⲙⲓⲁ,βλασφημια
ⲃⲗⲃⲁⲧⲥ,βολβιτον
ⲃⲗⲏⲥⲓⲥ,βλησις
ⲃⲗⲕⲉ,κοτος
ⲃⲗⲕⲉ,μηνιμα
ⲃⲗⲕⲉ,μηνις
ⲃⲗⲕⲉ,οργη
ⲃⲗⲕⲉ,χολος
ⲃⲗⲗⲉ,ατασθαλια
ⲃⲗⲗⲉ,τυφλος
ⲃⲗϫⲉ,κεραμος
ⲃⲟⲁⲛⲏⲣⲅⲉⲥ,βοανηργεσ
ⲃⲟⲏⲑⲉⲓ,βοηθει
ⲃⲟⲏⲑⲉⲓ,βοηθεω
ⲃⲟⲏⲑⲉⲓⲁ,βοηθεια
ⲃⲟⲏⲑⲓⲁ,βοηθια
ⲃⲟⲏⲑⲓⲛ,βοηθεω
ⲃⲟⲏⲑⲟⲥ,βοηθος
ⲃⲟⲏⲑⲟⲥ,βοηθοσ
ⲃⲟⲓⲛⲉ,κιθαρα
ⲃⲟⲓⲛⲉ,κιθαριζω
ⲃⲟⲓⲛⲉ,λυρα
ⲃⲟⲙⲱⲥ,βομωσ
ⲃⲟⲟⲛⲉ,ατυχια
ⲃⲟⲟⲛⲉ,δυστυχια
ⲃⲟⲟⲛⲉ,κακος
ⲃⲟⲟⲛⲉ,κακοτης
ⲃⲟⲟⲛⲉ,πονηρος
ⲃⲟⲟⲛⲉ,συμφορα
ⲃⲟⲟⲛⲉ,τυχη
ⲃⲟⲣⲃⲟⲣⲟⲛ,βορβορος
ⲃⲟⲣⲃⲟⲣⲟⲥ,βορβορος
ⲃⲟⲧⲁⲛⲏ,βοτανη
ⲃⲟⲩⲃⲟⲩ,λαμπω
ⲃⲟⲩⲃⲟⲩ,φαεινος
ⲃⲟⲩⲗⲉⲩⲧⲏⲣⲓⲟⲛ,βουλευτηριον
ⲃⲟⲩⲗⲉⲩⲧⲏⲥ,βουλευτησ
ⲃⲟⲩⲗⲏⲙⲁ,βουλημα
ⲃⲟⲩⲗⲏⲥⲓⲥ,βουλησις
ⲃⲟⲩⲗⲩⲉⲧⲏⲥ,βουλευτης
ⲃⲟⲩⲛⲉⲩⲣⲟⲛ,βουνευρον
ⲃⲟⲩⲛⲟⲥ,βουνος
ⲃⲟⲩⲛⲟⲥ,βουνοσ
ⲃⲣⲁⲃⲓⲟⲛ,βραβειον
ⲃⲣⲁⲭⲙⲁⲛⲏⲥ,βραχμανες
ⲃⲣⲁⲭⲩ,βραχυς
ⲃⲣⲓⲟⲛ,βρυον
ⲃⲣⲟⲛⲧⲏ,βροντη
ⲃⲣⲟⲩⲭⲟⲥ,βρουχος
ⲃⲣⲟⲩⲭⲟⲥ,βρουχοσ
ⲃⲣⲣⲉ,κορασιον
ⲃⲣⲣⲉ,μειρακιον
ⲃⲣⲣⲉ,νεανιης
ⲃⲣⲣⲉ,νεανισκος
ⲃⲣⲣⲉ,νεος
ⲃⲣϭⲟⲟⲩⲧ,αρμα
ⲃⲣϭⲟⲟⲩⲧ,διφρος
ⲃⲣϭⲟⲟⲩⲧ,ιππος
ⲃⲣϭⲟⲟⲩⲧ,οχος
ⲃⲣϭⲟⲟⲩⲧ,τεθριππος
ⲃⲩⲃⲓⲟⲛ,βεβαιος
ⲃⲩⲣⲣⲩⲗⲗⲟⲥ,βηρυλλος
ⲃⲱ ⲛⲉⲗⲟⲟⲗⲉ,αμπελος
ⲃⲱⲕ (ⲉ-),αφικνεομαι
ⲃⲱⲕ (ⲉ-),ικνεομαι
ⲃⲱⲕ (ⲉⲃⲟⲗ ϩⲓⲧⲛ-),απαλλασσω
ⲃⲱⲕ (ⲉϩⲟⲩⲛ),εισειμι
ⲃⲱⲕ (ⲉϩⲟⲩⲛ),εισερχομαι
ⲃⲱⲕ (ⲉϩⲣⲁⲓ ⲉϫⲛ-),παραπλεω
ⲃⲱⲕ (ⲉϩⲣⲁⲓ ⲉϫⲛ-),συμπεμπω
ⲃⲱⲕ (ϩⲓ-),απεχθανομαι
ⲃⲱⲕ (ϩⲓ-),υπομενω
ⲃⲱⲕ (ϩⲓⲧⲛ-),απαλλασσω
ⲃⲱⲕ ⲛⲙⲧⲱ,αρχηγετης
ⲃⲱⲕ ⲛⲙⲧⲱ,οικιστης
ⲃⲱⲗ,ασθενεια
ⲃⲱⲗ,ερμηνεια
ⲃⲱⲗ,λυσις
ⲃⲱⲗ (ⲉⲃⲟⲗ),αναιρεω
ⲃⲱⲗ (ⲉⲃⲟⲗ),ανατρεπω
ⲃⲱⲗ (ⲉⲃⲟⲗ),απολλυμι
ⲃⲱⲗ (ⲉⲃⲟⲗ),απολυω
ⲃⲱⲗ (ⲉⲃⲟⲗ),αφιημι
ⲃⲱⲗ (ⲉⲃⲟⲗ),διαλυω
ⲃⲱⲗ (ⲉⲃⲟⲗ),διαφθειρω
ⲃⲱⲗ (ⲉⲃⲟⲗ),καταλυω
ⲃⲱⲗ (ⲉⲃⲟⲗ),λυσις
ⲃⲱⲗ (ⲉⲃⲟⲗ),λυω
ⲃⲱⲗ (ⲉⲃⲟⲗ),ολλυμι
ⲃⲱⲗ (ⲉⲃⲟⲗ),φθειρω
ⲃⲱⲗ (ⲉⲃⲟⲗ),ψαμαθος
ⲃⲱⲗ (ⲉⲃⲟⲗ),ψαμμος
ⲃⲱⲗ (ⲙⲛ-),ομολογεω
ⲃⲱⲗ (ⲙⲛ-),συγχωρεω
ⲃⲱⲗ (ⲙⲛ-),συνδοκεω
ⲃⲱⲗ (ⲙⲛ-),συντιθημι
ⲃⲱⲗ ⲉⲃⲟⲗ,ακρασια
ⲃⲱⲗ ⲉⲃⲟⲗ,απολυω
ⲃⲱⲗ ⲉⲃⲟⲗ,αφιημι
ⲃⲱⲗ ⲉⲃⲟⲗ,λυσις
ⲃⲱⲗ ⲉⲃⲟⲗ,λυω
ⲃⲱⲗ ⲉⲃⲟⲗ,συγγιγνωσκω
ⲃⲱⲗ ⲉⲃⲟⲗ,συγγνωμη
ⲃⲱⲗⲕ,κοτος
ⲃⲱⲗⲕ,μηνιμα
ⲃⲱⲗⲕ,μηνις
ⲃⲱⲗⲕ,οργη
ⲃⲱⲗⲕ,χολος
ⲃⲱⲗⲟⲥ,βωλος
ⲃⲱⲙⲟⲥ,βωμος
ⲃⲱⲧⲥ (ⲉⲃⲟⲗ),τιμημα
ⲃⲱⲱⲛ,κακος
ⲃⲱⲱⲛ,κακοτης
ⲃⲱⲱⲛ,πονηρος
ⲃⲱⲱⲣⲉ,αμυνω
ⲃⲱⲱⲣⲉ,απελαυνω
ⲃⲱⲱⲣⲉ,απολογεομαι
ⲃⲱⲱⲣⲉ,βοηθεω
ⲃⲱⲱⲣⲉ,ελαυνω
ⲃⲱⲱⲣⲉ,εξελαυνω
ⲃⲱⲱⲣⲉ,ησσα
ⲃⲱⲱⲣⲉ,ησσαομαι
ⲃⲱⲱⲣⲉ,κρατεω
ⲃⲱⲱⲣⲉ,νικαω
ⲃⲱⲱⲣⲉ,ωθεω
ⲃⲱⲱⲣⲉ (ⲉⲃⲟⲗ),αμυνω
ⲃⲱϩⲧ,ανειμι
ⲃⲱϩⲧ,ανιστημι
ⲃϣⲉ,αμελεια
ⲃϣⲉ,ευδω
ⲃϣⲉ,καθευδω
ⲃϣⲉ,κοιμαω
ⲃϣⲉ,ληθη
ⲃϣⲉ,υπνος
ⲅⲁⲍⲁ,γαζα
ⲅⲁⲍⲟⲫⲩⲗⲁⲕⲓⲟⲛ,γαζοφυλακιον
ⲅⲁⲓⲟⲥ,γαιοσ
ⲅⲁⲗⲁⲕⲧⲓⲧⲏⲥ,γαλακτιτης
ⲅⲁⲗⲁⲧⲓⲁ,γαλατια
ⲅⲁⲗⲓⲗⲁⲓⲟⲥ,γαλιλαιος
ⲅⲁⲗⲓⲗⲁⲓⲟⲥ,γαλιλαιοσ
ⲅⲁⲗⲗⲓⲕⲟⲥ,γαλλικος
ⲅⲁⲙⲟⲥ,γαμος
ⲅⲁⲙⲟⲥ,γαμοσ
ⲅⲁⲡⲁⲣⲓ,καππαρις
ⲅⲁⲣ,γαρ
ⲅⲉ,γε
ⲅⲉⲑⲑⲁⲓⲟⲥ,γεθθαιος
ⲅⲉⲛⲉⲁ,γενεα
ⲅⲉⲛⲉⲁⲗⲟⲅⲓⲁ,γενεαλογια
ⲅⲉⲛⲉⲥⲓⲥ,γενεσις
ⲅⲉⲛⲉⲥⲓⲥ,γενεσισ
ⲅⲉⲛⲉⲧⲉⲓⲣⲁ,γενετειρα
ⲅⲉⲛⲉⲧⲱⲣ,γενετωρ
ⲅⲉⲛⲏⲙⲁ,γενημα
ⲅⲉⲛⲏⲥⲓⲥ,γενησισ
ⲅⲉⲛⲏⲧⲟⲛ,γεννητος
ⲅⲉⲛⲏⲧⲟⲥ,γεννητος
ⲅⲉⲛⲛⲁⲓⲟⲥ,γενναιοσ
ⲅⲉⲛⲛⲉⲁ,γενναιος
ⲅⲉⲛⲛⲉⲟⲥ,γενναιος
ⲅⲉⲛⲟⲓⲧⲟ,γενοιτο
ⲅⲉⲛⲟⲓⲧⲟ,γιγνομαι
ⲅⲉⲛⲟⲥ,γενος
ⲅⲉⲛⲟⲥ,γενοσ
ⲅⲉⲣⲁⲍⲏⲛⲟⲥ,γερασηνος
ⲅⲉⲣⲁⲥⲏⲛⲟⲥ,γερασηνοσ
ⲅⲉⲣⲅⲉⲥⲁⲓⲟⲥ,γεργεσαιος
ⲅⲉⲣⲧⲱⲛ,κερδαινω
ⲅⲉⲱⲙⲓⲧⲣⲏⲥ,γεωμετρης
ⲅⲉⲱⲣⲅⲓⲟⲥ,γεωργιοσ
ⲅⲉⲱⲣⲅⲟⲥ,γεωργος
ⲅⲉϩⲉⲛⲛⲁ,γεεννα
ⲅⲓⲅⲁⲥ,γιγας
ⲅⲓⲅⲁⲥ,γιγασ
ⲅⲓⲙⲉⲛ,κυμαινω
ⲅⲗⲩⲡⲧⲟⲛ,γλυπτος
ⲅⲗⲱⲥⲥⲟⲕⲟⲙⲟⲛ,γλωσσοκομον
ⲅⲛⲏⲥⲓⲟⲥ,γνησιος
ⲅⲛⲏⲥⲓⲟⲥ,γνησιοσ
ⲅⲛⲟⲫⲟⲥ,γνοφος
ⲅⲛⲟⲫⲟⲥ,γνοφοσ
ⲅⲛⲱⲙⲏ,γνωμη
ⲅⲛⲱⲥⲓⲥ,γνωσις
ⲅⲛⲱⲥⲓⲥ,γνωσισ
ⲅⲣⲁⲙⲙⲁ,γραμμα
ⲅⲣⲁⲙⲙⲁⲧⲉⲩⲥ,γραμματευς
ⲅⲣⲁⲙⲙⲁⲧⲉⲩⲥ,γραμματευσ
ⲅⲣⲁⲙⲙⲁⲧⲏⲫⲟⲣⲟⲥ,γραμματηφορος
ⲅⲣⲁⲙⲙⲁⲧⲓⲕⲟⲥ,γραμματικος
ⲅⲣⲁⲙⲙⲁⲧⲓⲟⲛ,γραμματειον
ⲅⲣⲁⲙⲙⲁⲧⲓⲟⲛ,γραμματιον
ⲅⲣⲁⲙⲡⲉ,κραμβη
ⲅⲣⲁⲫⲉⲓ,γραφω
ⲅⲣⲁⲫⲉⲩⲥ,γραφευς
ⲅⲣⲁⲫⲏ,γραφη
ⲅⲣⲁⲫⲟⲟⲩⲉ,γραφη
ⲅⲣⲏⲅⲟⲣⲓⲟⲥ,γρηγοριοσ
ⲅⲣⲩⲡⲁⲍⲉ,καρπιζω
ⲅⲩⲙⲛⲁⲍⲉ,γυμναζε
ⲅⲩⲙⲛⲁⲍⲉ,γυμναζω
ⲅⲩⲙⲛⲁⲥⲓⲁ,γυμνασια
ⲇⲁⲓⲙⲟⲛⲓⲍⲉ,δαιμονιζομαι
ⲇⲁⲓⲙⲟⲛⲓⲟⲛ,δαιμονιον
ⲇⲁⲓⲙⲱⲛ,δαιμων
ⲇⲁⲓⲙⲱⲛⲓⲟⲛ,δαιμωνιον
ⲇⲁⲗⲙⲁⲛⲟⲩⲑⲁ,δαλμανουθα
ⲇⲁⲙⲁⲍⲉ,δαμαζω
ⲇⲁⲙⲓⲁⲛⲟⲥ,δαμιανοσ
ⲇⲁⲛⲁⲓⲥ,δαναοι
ⲇⲁⲛⲓⲥⲧⲏⲥ,δανειστης
ⲇⲁⲛⲓⲥⲧⲏⲥ,δανιστησ
ⲇⲁⲡⲁⲛⲏ,δαπανη
ⲇⲁⲥⲩ,δασυς
ⲇⲁϥⲛⲏⲥ,δαφνη
ⲇⲉ,δε
ⲇⲉⲓⲛⲁ,δεινα
ⲇⲉⲓⲝⲟⲛ,δεικνευω
ⲇⲉⲓⲡⲛⲟⲛ,δειπνον
ⲇⲉⲕⲁⲛⲟⲥ,δεκανος
ⲇⲉⲕⲁⲛⲟⲥ,δεκανοσ
ⲇⲉⲕⲁⲡⲟⲗⲓⲥ,δεκαπολισ
ⲇⲉⲕⲁⲥ,δεκας
ⲇⲉⲙⲓⲟⲩⲣⲅⲓⲕⲏ,δημιουργικος
ⲇⲉⲥⲡⲟⲧⲉⲓⲁ,δεσποτεια
ⲇⲉⲥⲡⲟⲧⲏⲥ,δεσποτης
ⲇⲉⲥⲡⲟⲧⲏⲥ,δεσποτησ
ⲇⲉⲥⲡⲟⳇ,δεσποτης
ⲇⲉⲥⲡⲱⲧⲁ,δεσποτα
ⲇⲉⲩⲧⲉⲣⲁ,δευτερος
ⲇⲉⲩⲧⲉⲣⲟⲛ,δευτερον
ⲇⲉⲩⲧⲉⲣⲟⲛⲟⲙⲓⲟⲛ,δευτερονομιον
ⲇⲏ,δη
ⲇⲏⲗⲟⲩ,δηλοω
ⲇⲏⲙⲉⲩⲉ,δημευω
ⲇⲏⲙⲏⲧⲣⲓⲟⲥ,δημητριοσ
ⲇⲏⲙⲓⲟⲥ,δημιος
ⲇⲏⲙⲓⲟⲩⲣⲅⲓ,δημιουργεω
ⲇⲏⲙⲓⲟⲩⲣⲅⲟⲥ,δημιουργος
ⲇⲏⲙⲓⲟⲩⲣⲅⲟⲥ,δημιουργοσ
ⲇⲏⲙⲟⲥ,δημοσ
ⲇⲏⲙⲟⲥⲓⲁ,δημοσια
ⲇⲏⲙⲟⲥⲓⲁ,δημοσιος
ⲇⲏⲙⲟⲥⲓⲟⲛ,δημοσιον
ⲇⲏⲙⲟⲥⲓⲟⲛ,δημοσιος
ⲇⲏⲛⲁⲣⲓⲟⲛ,δηναριον
ⲇⲏⲫⲉⲛⲧⲉⲩⲉ,δηφεντευω
ⲇⲓⲁⲃⲁⲗⲗⲉ,διαβαλλε
ⲇⲓⲁⲃⲁⲗⲗⲉ,διαβαλλω
ⲇⲓⲁⲃⲟⲗⲏ,διαβολη
ⲇⲓⲁⲃⲟⲗⲓⲕⲟⲛ,διαβολικος
ⲇⲓⲁⲃⲟⲗⲟⲥ,διαβολος
ⲇⲓⲁⲃⲟⲗⲟⲥ,διαβολοσ
ⲇⲓⲁⲅⲣⲁⲫⲟⲛ,διαγραφον
ⲇⲓⲁⲅⲱⲅⲏ,διαγωγη
ⲇⲓⲁⲇⲟⲭⲏ,διαδοχη
ⲇⲓⲁⲇⲟⲭⲟⲥ,διαδοχοσ
ⲇⲓⲁⲑⲉⲥⲓⲥ,διαθεσις
ⲇⲓⲁⲑⲉⲥⲓⲥ,διαθεσισ
ⲇⲓⲁⲑⲏⲕⲏ,διαθηκη
ⲇⲓⲁⲓⲣⲉⲥⲓⲥ,διαιρεσις
ⲇⲓⲁⲕⲟⲛⲉⲓ,διακονει
ⲇⲓⲁⲕⲟⲛⲉⲓ,διακονεω
ⲇⲓⲁⲕⲟⲛⲓⲁ,διακονια
ⲇⲓⲁⲕⲟⲛⲓⲛ,διακονεω
ⲇⲓⲁⲕⲟⲛⲓⲧⲏⲥ,διακονιτησ
ⲇⲓⲁⲕⲟⲛⲟⲥ,διακονος
ⲇⲓⲁⲕⲟⲛⲟⲥ,διακονοσ
ⲇⲓⲁⲕⲣⲏⲥⲓⲥ,διακρησισ
ⲇⲓⲁⲕⲣⲓⲛⲉ,διακρινε
ⲇⲓⲁⲕⲣⲓⲛⲉ,διακρινω
ⲇⲓⲁⲕⲣⲓⲥⲓⲥ,διακρισις
ⲇⲓⲁⲕⲣⲓⲥⲓⲥ,διακρισισ
ⲇⲓⲁⲕⲱⲛ,διακων
ⲇⲓⲁⲕⲱⲛⲉⲓ,διακωνει
ⲇⲓⲁⲕⲱⲛⲟⲥ,διακωνοσ
ⲇⲓⲁⲕⳇ,διακονος
ⲇⲓⲁⲗⲉⲅⲓⲥⲑⲉ,διαλεγω
ⲇⲓⲁⲗⲟⲅⲟⲥ,διαλογοσ
ⲇⲓⲁⲗⲩⲉ,διαλυω
ⲇⲓⲁⲗⲩⲥⲓⲥ,διαλυσις
ⲇⲓⲁⲙⲟⲛⲏ,διαμονη
ⲇⲓⲁⲛⲟⲓⲁ,διανοια
ⲇⲓⲁⲛⲟⲓⲥⲓⲥ,διανοησις
ⲇⲓⲁⲛⲟⲙⲏ,διανομη
ⲇⲓⲁⲡⲉⲣⲁ,διαπερα
ⲇⲓⲁⲡⲉⲣⲁ,διαπεραω
ⲇⲓⲁⲥⲡⲟⲣⲁ,διασπορα
ⲇⲓⲁⲥⲧⲁⲗⲉ,διαστελλω
ⲇⲓⲁⲥⲧⲁⲗⲙⲟⲥ,διασταλμος
ⲇⲓⲁⲥⲧⲏⲙⲁ,διαστημα
ⲇⲓⲁⲥⲧⲣⲟⲫⲏ,διαστροφη
ⲇⲓⲁⲥⲱⲥⲟⲩ,διασωζω
ⲇⲓⲁⲧⲁⲅⲏ,διαταγη
ⲇⲓⲁⲧⲁⲅⲙⲁ,διαταγμα
ⲇⲓⲁⲧⲁⲝⲓⲥ,διαταξις
ⲇⲓⲁⲧⲁⲥⲥⲉ,διατασσω
ⲇⲓⲁⲧⲓⲑⲉⲥⲑⲁⲓ,διατιθεμαι
ⲇⲓⲁⲧⲟⲭⲟⲥ,διαδοχος
ⲇⲓⲁⲧⲟⲭⲟⲥ,διατοχοσ
ⲇⲓⲁⲧⲣⲉⲡⲉ,διατρεπε
ⲇⲓⲁⲧⲣⲓⲃⲉ,διατριβω
ⲇⲓⲁⲫⲉⲣⲓⲥⲑⲁⲓ,διαφερομαι
ⲇⲓⲁⲫⲟⲣⲁ,διαφορα
ⲇⲓⲁⲯⲁⲗⲙⲁ,διαψαλμα
ⲇⲓⲁϩⲣⲟϯⲟⲛ,διαρροδος
ⲇⲓⲇⲁⲥⲕⲁⲗⲓⲁ,διδασκαλια
ⲇⲓⲇⲁⲥⲕⲁⲗⲱⲥ,διδασκαλωσ
ⲇⲓⲇⲓⲡⲗⲁ,διπλη
ⲇⲓⲇⲣⲁⲭⲙⲟⲛ,διδραχμον
ⲇⲓⲇⲩⲙⲟⲥ,διδυμοσ
ⲇⲓⲏⲅⲏⲙⲁ,διηγημα
ⲇⲓⲏⲕⲩⲥⲓⲥ,διηγησις
ⲇⲓⲕⲁⲍⲉ,δικαζω
ⲇⲓⲕⲁⲓⲟⲅⲣⲁⲙⲙⲁ,δικαιογραμμα
ⲇⲓⲕⲁⲓⲟⲗⲟⲅⲉⲓ,δικαιολογεομαι
ⲇⲓⲕⲁⲓⲟⲗⲟⲅⲓⲁ,δικαιολογια
ⲇⲓⲕⲁⲓⲟⲛ,δικαιον
ⲇⲓⲕⲁⲓⲟⲥ,δικαιος
ⲇⲓⲕⲁⲓⲟⲥ,δικαιοσ
ⲇⲓⲕⲁⲓⲟⲥⲩⲛⲏ,δικαιοσυνη
ⲇⲓⲕⲁⲓⲱⲙⲁ,δικαιωμα
ⲇⲓⲕⲁⲓⲱⲥ,δικαιως
ⲇⲓⲕⲁⲓⲱⲥ,δικαιωσ
ⲇⲓⲕⲁⲥⲧⲏⲣⲓⲟⲛ,δικαστηριον
ⲇⲓⲕⲁⲥⲧⲏⲥ,δικαστης
ⲇⲓⲕⲁⲥⲧⲏⲥ,δικαστησ
ⲇⲓⲕⲉⲟⲥ,δικεοσ
ⲇⲓⲕⲏ,δικη
ⲇⲓⲕⲛⲉⲩⲉ,δεικνευω
ⲇⲓⲙⲓⲟⲥ,τιμιος
ⲇⲓⲙⲓⲟⲩⲣⲅⲓⲁ,δημιουργια
ⲇⲓⲙⲓⲟⲩⲣⲅⲟⲥ,διμιουργοσ
ⲇⲓⲙⲟⲓⲣⲓⲁ,διμοιρια
ⲇⲓⲙⲟⲓⲣⲟⲛ,διμοιρος
ⲇⲓⲙⲱⲣⲓⲧⲏⲥ,τιμωρητης
ⲇⲓⲛⲁ,δινα
ⲇⲓⲟⲓⲕⲉⲓ,διοικει
ⲇⲓⲟⲓⲕⲉⲓ,διοικεω
ⲇⲓⲟⲓⲕⲏ,διοικεω
ⲇⲓⲟⲓⲕⲏⲥⲓⲥ,διοικησις
ⲇⲓⲟⲓⲕⲏⲧⲏⲥ,διοικητης
ⲇⲓⲟⲓⲕⲏⲧⲏⲥ,διοικητησ
ⲇⲓⲟⲥⲕⲟⲣⲟⲥ,διοσκοροσ
ⲇⲓⲟⲥⲙⲏ,διοςμη
ⲇⲓⲡⲗⲁ,διπλη
ⲇⲓⲡⲗⲟⲩⲛ,διπλους
ⲇⲓⲡⲛⲉⲓ,δειπνευω
ⲇⲓⲡⲛⲟⲛ,διπνον
ⲇⲓⲣⲕⲏ,διρκη
ⲇⲓⲥⲙⲟⲥ,δεσμος
ⲇⲓⲥⲧⲁⲍⲉ,δισταζε
ⲇⲓⲥⲧⲁⲍⲉ,δισταζω
ⲇⲓⲥⲧⲓⲭⲟⲛ,διστιχον
ⲇⲓⲧⲁⲥⲅⲁⲗⲟⲥ,διδασκαλος
ⲇⲓⲫⲣⲩⲅⲟⲥ,διφρυγης
ⲇⲓⲱⲅⲙⲟⲥ,διωγμος
ⲇⲓⲱⲅⲙⲟⲥ,διωγμοσ
ⲇⲓⲱⲕⲉ,διωκε
ⲇⲓⲱⲕⲉ,διωκω
ⲇⲓⲱⲕⲉⲓ,διωκει
ⲇⲓⲱⲕⲧⲏⲥ,διωκτης
ⲇⲓⲱⲕⲧⲏⲥ,διωκτησ
ⲇⲟⲅⲙⲁ,δογμα
ⲇⲟⲅⲙⲁⲧⲓⲍⲉ,δογματιζε
ⲇⲟⲅⲙⲁⲧⲓⲍⲉ,δογματιζω
ⲇⲟⲕⲉⲓ,δοκεω
ⲇⲟⲕⲓⲙⲁⲍⲉ,δοκιμαζε
ⲇⲟⲕⲓⲙⲁⲍⲉ,δοκιμαζω
ⲇⲟⲕⲓⲙⲏ,δοκιμη
ⲇⲟⲕⲓⲙⲟⲛ,δοκιμος
ⲇⲟⲕⲓⲙⲟⲥ,δοκιμος
ⲇⲟⲗⲟⲥ,δολος
ⲇⲟⲗⲟⲥ,δολοσ
ⲇⲟⲝⲟⲅⲉⲛⲏⲥ,δοξογενης
ⲇⲟⲝⲟⲅⲉⲛⲓⲁ,δοξογενια
ⲇⲟⲝⲟⲕⲣⲁⲧⲓⲁ,δοξοκρατια
ⲇⲟⲝⲟⲕⲣⲁⲧⲱⲣ,δοξοκρατωρ
ⲇⲟⲝⲟⲗⲟⲅⲓⲁ,δοξολογια
ⲇⲟⲝⲟⲛ,δοξον
ⲇⲟⲝⲟⲫⲁⲛⲏⲥ,δοξοφανης
ⲇⲟⲝⲟⲫⲁⲛⲓⲁ,δοξοφανια
ⲇⲟⲣⲕⲁⲥ,δορκας
ⲇⲟⲩⲝ,δουξ
ⲇⲟϭⲓ,δοκεω
ⲇⲟϭⲓⲙⲁⲥⲧⲏⲥ,δοκιμαστης
ⲇⲣⲁⲕⲱⲛ,δρακων
ⲇⲣⲁⲙⲁ,δραμα
ⲇⲣⲓⲙⲙⲁ,τριμμα
ⲇⲣⲟⲙⲉⲩⲥ,δρομευς
ⲇⲣⲟⲙⲟⲥ,δρομος
ⲇⲣⲟⲙⲟⲥ,δρομοσ
ⲇⲣⲩⲙⲟⲥ,δρυμος
ⲇⲣⲩⲙⲟⲥ,δρυμοσ
ⲇⲩⲁⲥ,δυας
ⲇⲩⲕⲁⲛⲟⲥ,δεκανος
ⲇⲩⲙⲓⲟⲩⲣⲅⲟⲥ,δυμιουργοσ
ⲇⲩⲙⲟⲥ,δυμοσ
ⲇⲩⲙⲟⲥⲓⲟⲩ,δημοσιοω
ⲇⲩⲙⲟⲧⲏⲥ,δημοτης
ⲇⲩⲛⲁⲙⲓⲥ,δυναμις
ⲇⲩⲛⲁⲙⲓⲥ,δυναμισ
ⲇⲩⲛⲁⲥⲧⲏⲥ,δυναστης
ⲇⲩⲛⲁⲧⲟⲛ,δυνατος
ⲇⲩⲛⲁⲧⲟⲥ,δυνατος
ⲇⲩⲛⲁⲧⲟⲥ,δυνατοσ
ⲇⲩⲣⲁⲛⲛⲉⲩⲉ,τυραννευω
ⲇⲩⲥⲕⲟⲗⲟⲛ,δυσκολος
ⲇⲱⲇⲉⲕⲁⲥ,δωδεκας
ⲇⲱⲣⲉⲁ,δωρεα
ⲇⲱⲣⲉⲁⲥⲧⲓⲕⲏ,δωρεαστικος
ⲇⲱⲣⲉⲁⲥⲧⲓⲕⲟⲛ,δωρεαστικος
ⲇⲱⲣⲓⲍⲉ,δωριζε
ⲇⲱⲣⲓⲍⲉ,δωριζω
ⲇⲱⲣⲟⲛ,δωρον
ⲇⲱⲣⲟⲥ,δωροσ
ⲉ-,ατε
ⲉ-,επει
ⲉ-,προς
ⲉⲁⲣ,εαρ
ⲉⲃⲇⲟⲙⲁⲥ,εβδομασ
ⲉⲃⲇⲟⲙⲏⲥ,εβδομος
ⲉⲃⲏ,συγχυσις
ⲉⲃⲏ,ταρασσω
ⲉⲃⲏ,ταραχη
ⲉⲃⲓⲏⲛ,αθλιος
ⲉⲃⲓⲏⲛ,δυστηνος
ⲉⲃⲓⲏⲛ,πηρα
ⲉⲃⲓⲏⲛ,ταλαιπωρος
ⲉⲃⲓⲏⲛ,ταλας
ⲉⲃⲓⲱ,μελι
ⲉⲃⲓⲱ,μελιηδης
ⲉⲃⲓⲱ,μελιφρων
ⲉⲃⲟⲗ ⲧⲱⲛ,οθεν
ⲉⲃⲟⲗ ⲧⲱⲛ,ποθεν
ⲉⲃⲟⲗ ϫⲉ-,δια
ⲉⲃⲟⲗ ϫⲉ-,διοτι
ⲉⲃⲟⲗ ϫⲉ-,ενεκα
ⲉⲃⲟⲧ,μεις
ⲉⲅⲅⲕⲗⲩⲙⲁⲥ,εγκλημα
ⲉⲅⲅⲣⲁⲫⲟⲛ,εγγραφον
ⲉⲅⲅⲣⲁⲫⲱⲥ,εγγραφος
ⲉⲅⲅⲩⲁ,εγγυη
ⲉⲅⲅⲩⲏ,εγγυη
ⲉⲅⲉⲧⲉ,αγω
ⲉⲅⲕⲁⲕⲉⲓ,εγκακει
ⲉⲅⲕⲁⲕⲉⲓ,εγκακεω
ⲉⲅⲕⲁⲗⲉⲓ,εγκαλεω
ⲉⲅⲕⲉⲫⲁⲗⲟⲥ,εγκεφαλος
ⲉⲅⲕⲗⲏⲙⲁ,εγκλημα
ⲉⲅⲕⲗⲏⲥⲧⲱⲥ,εγκλειστος
ⲉⲅⲕⲣⲁⲧⲉⲓⲁ,εγκρατεια
ⲉⲅⲕⲣⲁⲧⲉⲩⲉ,εγκρατευε
ⲉⲅⲕⲣⲁⲧⲉⲩⲉ,εγκρατευομαι
ⲉⲅⲕⲣⲁⲧⲏⲥ,εγκρατης
ⲉⲅⲕⲣⲁⲧⲏⲥ,εγκρατησ
ⲉⲅⲕⲣⲁⲧⲓⲁ,εγκρατια
ⲉⲅⲕⲣⲩⲫⲓⲟⲛ,εγκρυφιον
ⲉⲅⲕⲱⲙⲓⲁⲍⲉ,εγκωμιαζω
ⲉⲅⲕⲱⲙⲓⲟⲛ,εγκωμιον
ⲉⲅⲗⲁⲃⲉ,εκλαμβανω
ⲉⲅⲱ,εγω
ⲉⲑⲁⲛⲓⲟⲛ,αθηναιος
ⲉⲑⲁⲣⲥⲓⲥ,εθαρσισ
ⲉⲑⲏⲣ,αιθηρ
ⲉⲑⲛⲟⲥ,εθνοσ
ⲉⲑⲟⲥ,εθος
ⲉⲑⲟⲥ,εθοσ
ⲉⲓ,ει
ⲉⲓ,επιγιγνομαι
ⲉⲓ (ⲉⲃⲟⲗ ϩⲓⲧⲛ-),απαλλασσω
ⲉⲓ (ⲉⲧⲑⲏ),επιδιδωμι
ⲉⲓ (ⲉϩⲟⲩⲛ),εισειμι
ⲉⲓ (ⲉϩⲟⲩⲛ),εισερχομαι
ⲉⲓ (ⲉϩⲣⲁⲓ),καταβαινω
ⲉⲓ (ⲉϩⲣⲁⲓ),κατειμι
ⲉⲓ (ϣⲁ-),προσειμι
ⲉⲓ (ϣⲁ-),προσερχομαι
ⲉⲓⲁ,αυλων
ⲉⲓⲁ,ναπος
ⲉⲓⲁ,φαραγξ
ⲉⲓⲁ,χαραδρα
ⲉⲓⲁ ⲛⲧⲟⲟⲩ,αυτομολεω
ⲉⲓⲁ ⲛⲧⲟⲟⲩ,ερημια
ⲉⲓⲁ ⲛⲧⲟⲟⲩ,ερημος
ⲉⲓⲁ ⲛⲧⲟⲟⲩ,ερημοω
ⲉⲓⲁ ⲛⲧⲟⲟⲩ,ψαμμος
ⲉⲓⲁⲃⲉ,νοσημα
ⲉⲓⲁⲃⲉ,νοσος
ⲉⲓⲁϩ ϣⲏⲛ,αλσος
ⲉⲓⲁϩ ϣⲏⲛ,δρυμος
ⲉⲓⲁϩ ϣⲏⲛ,υλις
ⲉⲓⲃ,δακνω
ⲉⲓⲃ,κεντρον
ⲉⲓⲃ,ονυξ
ⲉⲓⲃ,οπλη
ⲉⲓⲃⲉ,διψαω
ⲉⲓⲃⲉ,διψος
ⲉⲓⲇⲉⲁ,ιδεα
ⲉⲓⲇⲟⲥ,ειδος
ⲉⲓⲇⲟⲥ,ειδοσ
ⲉⲓⲇⲱⲗⲟⲛ,ειδωλον
ⲉⲓⲉ,ειε
ⲉⲓⲉⲃⲧ,εωος
ⲉⲓⲉⲡϣⲱⲧ,εμπορια
ⲉⲓⲉⲣⲃⲟⲟⲛⲉ,φθονερος
ⲉⲓⲉⲣⲃⲟⲟⲛⲉ,φθονεω
ⲉⲓⲉⲣⲃⲟⲟⲛⲉ,φθονος
ⲉⲓⲉⲣⲟ,ναμα
ⲉⲓⲉⲣⲟ,ρειθρον
ⲉⲓⲉⲣⲟ,ρευμα
ⲉⲓⲉⲣⲟ,ροη
ⲉⲓⲉⲣⲟ,ροος
ⲉⲓⲉϩⲉⲗⲟⲟⲗⲉ,αμπελων
ⲉⲓⲉϩϣⲏⲛ,αλσος
ⲉⲓⲉϩϣⲏⲛ,θαμνος
ⲉⲓⲉϩϣⲏⲛ,λοχμη
ⲉⲓⲕⲏ,εικη
ⲉⲓⲙⲉ,αγνοεω
ⲉⲓⲙⲉ,γιγνωσκω
ⲉⲓⲙⲉ,επισταμαι
ⲉⲓⲙⲉ,εφιστημι
ⲉⲓⲙⲉ,μανθανω
ⲉⲓⲙⲉ,συνιημι
ⲉⲓⲙⲏ,ει μη
ⲉⲓⲙⲏⲧⲓ,ει μη τι
ⲉⲓⲙⲏⲧⲓ,ειμητι
ⲉⲓⲛⲁⲓ,ειμι
ⲉⲓⲛⲉ (ⲉⲃⲟⲗ),εκφερω
ⲉⲓⲛⲉ (ⲉⲃⲟⲗ),επαρχω
ⲉⲓⲛⲉ (ⲉⲃⲟⲗ),μεχρι
ⲉⲓⲛⲉ (ⲉⲃⲟⲗ),παρεχω
ⲉⲓⲛⲉ (ⲉⲧⲙⲏⲧⲉ),αναμιμνησκω
ⲉⲓⲛⲉ (ⲉⲧⲙⲏⲧⲉ),μιμνησκω
ⲉⲓⲛⲉ (ⲉϫⲛ- ⲧⲟⲟⲧ⸗),αιρεω
ⲉⲓⲛⲉ (ⲉϫⲛ- ⲧⲟⲟⲧ⸗),καταλαμβανω
ⲉⲓⲛⲉ (ⲉϫⲛ- ⲧⲟⲟⲧ⸗),λαμβανω
ⲉⲓⲛⲉ (ⲉϫⲛ- ⲧⲟⲟⲧ⸗),συλλαμβανω
ⲉⲓⲛⲉ (ⲛ-),εοικα
ⲉⲓⲛⲉ (ⲛ-),ομοιος
ⲉⲓⲛⲉ (ⲛ-),ομοιοω
ⲉⲓⲛⲉ (ⲛⲧⲟⲟⲧ⸗ ⲉ-),αναχωρεω
ⲉⲓⲛⲉ (ⲛⲧⲟⲟⲧ⸗ ⲉ-),απαγω
ⲉⲓⲛⲉ (ⲛⲧⲟⲟⲧ⸗ ⲉ-),απολυω
ⲉⲓⲛⲉ (ⲛⲧⲟⲟⲧ⸗ ⲉ-),αποχωρεω
ⲉⲓⲛⲉ (ⲛⲧⲟⲟⲧ⸗ ⲉ-),αφιημι
ⲉⲓⲛⲉ (ⲛⲧⲟⲟⲧ⸗ ⲉ-),λυσις
ⲉⲓⲛⲉ (ⲛⲧⲟⲟⲧ⸗ ⲉ-),λυω
ⲉⲓⲟⲟⲣ,διωρυξ
ⲉⲓⲟⲡⲉ,δολος
ⲉⲓⲟⲡⲉ,εργασια
ⲉⲓⲟⲡⲉ,τεχνη
ⲉⲓⲟⲩⲗ,ελαφος
ⲉⲓⲣⲉ,ευεργετεω
ⲉⲓⲣⲉ (ϩⲁ-),αναγκαζω
ⲉⲓⲣⲉ (ϩⲁ-),χαριζομαι
ⲉⲓⲣⲉ ⲛⲁⲧⲟⲟⲧ⸗,πειραζω
ⲉⲓⲣⲉ ⲛⲃⲣⲣⲉ,ανανεοομαι
ⲉⲓⲣⲉ ⲛⲕⲗⲟⲙ,κυκλος
ⲉⲓⲣⲉ ⲛⲟⲩⲥⲱⲃⲉ,εμπαιζω
ⲉⲓⲣⲉⲱⲥ,ιρις
ⲉⲓⲣⲏⲛⲏ,ειρηνη
ⲉⲓⲣⲏⲛⲓⲕⲏ,ειρηνικος
ⲉⲓⲣⲏⲛⲓⲕⲟⲛ,ειρηνικον
ⲉⲓⲣⲏⲛⲓⲕⲟⲛ,ειρηνικος
ⲉⲓⲣⲏⲛⲓⲕⲟⲥ,ειρηνικος
ⲉⲓⲣⲏⲛⲓⲕⲟⲥ,ειρηνικοσ
ⲉⲓⲥ,ατε
ⲉⲓⲥ,επει
ⲉⲓⲥ ϩⲏⲏⲛⲉ,ειδον
ⲉⲓⲥ ϩⲏⲏⲡⲉ,ειδον
ⲉⲓⲥ ϩⲏⲏⲧⲉ,ειδον
ⲉⲓⲥ ϩⲏⲏⲧⲉ ⲉⲓⲥ,ειδον
ⲉⲓⲥⲡⲉ,ειδον
ⲉⲓⲥⲧⲉ,ειδον
ⲉⲓⲥϯⲕⲟⲥ,οιστικος
ⲉⲓⲧⲁ,ειτα
ⲉⲓⲧⲉ,ειτε
ⲉⲓⲧⲛ,αναχαζω
ⲉⲓⲧⲛ,δυσχωρια
ⲉⲓⲧⲛ,κονις
ⲉⲓⲧⲛ,κυνηγεσιον
ⲉⲓⲧⲛ,ληρεω
ⲉⲓⲧⲛ,μετεωρος
ⲉⲓⲧⲛ,υπονομος
ⲉⲓⲧⲛ,ψηγμα
ⲉⲓⲱ,λουω
ⲉⲓⲱ,νιζω
ⲉⲓⲱⲣⲙ,αναβλεπω
ⲉⲓⲱⲣⲙ,εισοραω
ⲉⲓⲱⲣⲙ,επιμελεομαι
ⲉⲓⲱⲣⲙ,ζητεω
ⲉⲓⲱⲣⲙ,ζητητεος
ⲉⲓⲱⲣⲙ (ⲉⲃⲟⲗ),αξιοω
ⲉⲓⲱⲣⲙ (ⲉⲃⲟⲗ),ελπιζω
ⲉⲓⲱⲣⲙ (ⲉⲃⲟⲗ),θαυμα
ⲉⲓⲱⲣⲙ (ⲉⲃⲟⲗ),θαυμαζω
ⲉⲓⲱⲣⲙ (ⲉⲃⲟⲗ),θαυμαστος
ⲉⲓⲱⲣⲙ (ⲉⲃⲟⲗ),προσδοκαω
ⲉⲓⲱⲣϩ,αναβλεπω
ⲉⲓⲱⲣϩ,θεαμα
ⲉⲓⲱⲣϩ,οψις
ⲉⲓⲱⲣϩ (ⲛⲥⲁ-),ευθυς
ⲉⲓⲱⲧ,αλφιτον
ⲉⲓⲱⲧ,κριθη
ⲉⲓⲱϩⲉ,αγρος
ⲉⲓⲱϩⲉ,αρουρα
ⲉⲓⲱϩⲉ,επιστρατευω
ⲉⲓⲱϩⲉ,στρατευω
ⲉⲓϣⲉ,απροαιρετος
ⲉⲓϣⲟⲩⲉⲓ,οπταω
ⲉⲓϣⲟⲩⲉⲓ,οπτος
ⲉⲓϭⲣⲉⲓ,επειγω
ⲉⲕⲇⲓⲕⲟⲥ,εκδικος
ⲉⲕⲓⲃⲉ,μαστος
ⲉⲕⲓⲃⲉ,στερνον
ⲉⲕⲓⲃⲉ,στηθος
ⲉⲕⲕⲗⲏⲥⲓⲁ,εκκλησια
ⲉⲕⲕⲗⲏⲥⲓⲁⲥⲧⲏⲥ,εκκλησιαστης
ⲉⲕⲕⲗⲏⲥⲓⲁⲥⲧⲓⲕⲟⲛ,εκκλησιαστικος
ⲉⲕⲗⲉⲕⲧⲏ,εκλεκτος
ⲉⲕⲗⲉⲕⲧⲟⲥ,εκλεκτος
ⲉⲕⲗⲟⲅⲏ,εκλογη
ⲉⲕⲟⲇⲟⲙⲏ,οικοδομη
ⲉⲕⲡⲗⲏⲝⲓⲥ,εκπληξις
ⲉⲕⲥⲁⲕⲧⲱⲣ,εξακτωρ
ⲉⲕⲥⲧⲁⲥⲓⲥ,εκστασις
ⲉⲕⲥⲧⲁⲥⲓⲥ,εκστασισ
ⲉⲕⲧⲏⲥ,εκτος
ⲉⲕⲧⲓⲕⲉⲓ,εκδικια
ⲉⲕⲧⲓⲥ,εκτισις
ⲉⲕⲭⲱⲣⲏⲥⲓⲥ,εκχωρησις
ⲉⲕⲱⲧ,κεραμευς
ⲉⲕⲱⲧ,οικοδομος
ⲉⲕⲱⲧ,τεκτων
ⲉⲗⲁⲙⲓⲧⲏⲥ,ελαμειτης
ⲉⲗⲁⲙⲓⲧⲏⲥ,ελαμιτησ
ⲉⲗⲁⲥⲥⲟⲙⲁ,ελασσωμα
ⲉⲗⲁⲭⲓⲥⲧⲟⲛ,ελαχιστον
ⲉⲗⲁⲭⲓⲥⲧⲟⲛ,ελαχιστος
ⲉⲗⲁⲭⲓⲥⲧⲟⲥ,ελαχιστος
ⲉⲗⲁⲭⲓⲥⲧⲟⲥ,ελαχιστοσ
ⲉⲗⲁⲭⳇ,ελαχιστος
ⲉⲗⲉⲅⲭⲉ,ελεγχε
ⲉⲗⲉⲅⲭⲉ,ελεγχω
ⲉⲗⲉⲏⲙⲟⲥⲩⲛⲏ,ελεημοσυνη
ⲉⲗⲉⲟⲛ,ελαιον
ⲉⲗⲉⲟⲩ,ελαιον
ⲉⲗⲉⲩⲑⲉⲣⲁ,ελευθερος
ⲉⲗⲉⲩⲑⲉⲣⲓⲁ,ελευθερια
ⲉⲗⲉⲩⲑⲉⲣⲟⲥ,ελευθερος
ⲉⲗⲉⲩⲑⲉⲣⲟⲥ,ελευθεροσ
ⲉⲗⲉⲩⲑⲉⲣⲟⲩ,ελευθερου
ⲉⲗⲉⲩⲑⲉⲣⲟⲩ,ελευθεροω
ⲉⲗⲉⲫⲁⲛⲧⲓⲛⲟⲛ,ελεφαντινον
ⲉⲗⲉⲫⲁⲛⲧⲓⲛⲟⲛ,ελεφαντινος
ⲉⲗⲉⲫⲁⲥ,ελεφας
ⲉⲗⲑⲏⲥ,ελθησ
ⲉⲗⲕⲓⲥⲙⲁⲧⲟⲥ,ελκυσμα
ⲉⲗⲗⲉⲃⲟⲣⲟⲛ,ελλεβορον
ⲉⲗⲟⲓϩ,ποιμην
ⲉⲙⲁⲧⲉ,παροξυνω
ⲉⲙⲁⲩ,εκεισε
ⲉⲙⲁϣⲟ,παροξυνω
ⲉⲙⲉ,αροτρον
ⲉⲙⲉ,αροω
ⲉⲙⲉϣⲏⲓ,χωρις
ⲉⲙⲏϣ,ακμων
ⲉⲙⲛⲁⲓ,δευρο
ⲉⲙⲛⲁⲓ,ενθαδε
ⲉⲙⲛⲧ,εσπεριος
ⲉⲙⲡⲉⲣⲟⲥ,εμπειρος
ⲉⲙⲡⲟⲇⲁⲍⲓⲛ,εμποδαζω
ⲉⲙⲡⲟⲇⲓⲟⲛ,εμποδιον
ⲉⲙⲡⲟⲣⲟⲥ,εμπορος
ⲉⲙⲫⲁⲛⲓⲍⲉ,εμφανιζω
ⲉⲙⲫⲁⲛⲓⲥⲑⲁⲓ,εμφανιζω
ⲉⲙⲯⲩⲭⲟⲛ,εμψυχος
ⲉⲙⲯⲩⲭⲟⲥ,εμψυχος
ⲉⲛⲁⲅⲉ,εναγω
ⲉⲛⲁⲛⲧⲓⲟⲛ,εναντιος
ⲉⲛⲇ,ενδοξοτης
ⲉⲛⲇⲟⲝⲟⲧⲁⲧⲟⲥ,ενδοξοτατος
ⲉⲛⲇⲩⲙⲁ,ενδυμα
ⲉⲛⲇⲱⲝⲟⲛ,ενδοξος
ⲉⲛⲉⲣⲅⲉⲓ,ενεργει
ⲉⲛⲉⲣⲅⲉⲓ,ενεργεω
ⲉⲛⲉⲣⲅⲉⲓⲁ,ενεργεια
ⲉⲛⲉⲣⲅⲏⲙⲁ,ενεργημα
ⲉⲛⲉⲭⲉⲣⲟⲛ,ενεχυρον
ⲉⲛⲉϩ,αει
ⲉⲛⲉϩ,αεναος
ⲉⲛⲉϩ,οπαδεω
ⲉⲛⲉϩ,ποτε
ⲉⲛⲉϩ,πωποτε
ⲉⲛⲑⲩⲙⲏⲥⲓⲥ,ενθυμησις
ⲉⲛⲓⲱⲭⲟⲥ,ενιωχοσ
ⲉⲛⲕⲁⲕⲓⲛ,εγκακεω
ⲉⲛⲕⲣⲁⲧⲓⲁ,ενκρατια
ⲉⲛⲕⲱⲙⲓⲟⲛ,ενκωμιον
ⲉⲛⲛⲁⲥ,εννεας
ⲉⲛⲛⲁⲧⲏ,ενατος / εννατος
ⲉⲛⲛⲟⲓⲁ,εννοια
ⲉⲛⲟⲭⲗⲉⲓ,ενοχλεω
ⲉⲛⲟⲭⲟⲥ,ενοχοσ
ⲉⲛⲧⲁⲅⲓⲟⲛ,ενταγιον
ⲉⲛⲧⲉⲩⲑⲉⲛ,εντευθεν
ⲉⲛⲧⲓⲛⲁⲥⲥⲉ,εντινασσω
ⲉⲛⲧⲟⲗⲉⲩⲥ,εντολευς
ⲉⲛⲧⲟⲗⲏ,εντολη
ⲉⲛⲧⲟⲗⲓⲕⲟⲛ,εντολικον
ⲉⲛⲧⲟⲗⲟⲟⲩⲉ,εντολη
ⲉⲛⲱⲭⲗⲉⲓ,ενωχλει
ⲉⲛⲱⲭⲗⲏⲥⲓⲥ,ενοχλησις
ⲉⲛϩ,οφρυς
ⲉⲝⲁⲅⲉ,εξαγω
ⲉⲝⲁⲕⲩⲛⲇⲓⲛⲟⲥ,εξακινδυνος
ⲉⲝⲁⲡⲁⲧⲁ,εξαπατα
ⲉⲝⲁⲡⲁⲧⲁ,εξαπαταω
ⲉⲝⲁⲡⲓⲛⲁ,εξαπινα
ⲉⲝⲁⲥ,εξας
ⲉⲝⲉⲇⲣⲁ,εξεδρα
ⲉⲝⲉⲗⲉⲓ,εξαιρεω
ⲉⲝⲉⲥⲧⲉⲓ,εξεστει
ⲉⲝⲉⲥⲧⲓ,εξεστι
ⲉⲝⲉⲥⲧⲓⲛ,εξεστιν
ⲉⲝⲉⲧⲁⲍⲉ,εξεταζε
ⲉⲝⲉⲧⲁⲍⲉ,εξεταζω
ⲉⲝⲉⲧⲁⲥⲓⲥ,εξετασις
ⲉⲝⲏⲅⲉⲓⲥⲓⲥ,εξηγησις
ⲉⲝⲏⲅⲉⲥⲑⲁⲓ,εξηγεσθαι
ⲉⲝⲏⲅⲏⲥⲓⲥ,εξηγησισ
ⲉⲝⲏⲅⲏⲧⲏⲥ,εξηγητης
ⲉⲝⲏⲅⲓⲥⲑⲁⲓ,εξηγισθαι
ⲉⲝⲏⲅⲓⲥⲓⲥ,εξηγισισ
ⲉⲝⲏⲕⲏⲥⲓⲥ,εξηγησις
ⲉⲝⲟⲇⲟⲥ,εξοδος
ⲉⲝⲟⲙⲟⲗⲟⲅⲉⲓ,εξομολογει
ⲉⲝⲟⲙⲟⲗⲟⲅⲉⲓ,εξομολογεω
ⲉⲝⲟⲣⲅⲓⲥⲧⲏⲥ,εξοργιστησ
ⲉⲝⲟⲣⲅⲓⲥⲧⲏⲥ,εξορκιστης
ⲉⲝⲟⲣⲓⲥⲙⲉⲛⲟⲥ,εξορισμενοσ
ⲉⲝⲟⲩⲑⲉⲛⲓ,εξουθενεω
ⲉⲝⲟⲩⲥⲓⲁ,εξουσια
ⲉⲝⲟⲩⲥⲓⲁⲍⲓⲛ,εξουσιαζω
ⲉⲝⲟⲩⲥⲓⲁⲥⲧⲏⲥ,εξουσιαστης
ⲉⲝⲱⲇⲓⲕⲟⲥ,εξωτικος
ⲉⲝⲱⲣⲉⲓⲥⲧⲓⲁ,εξοριστια
ⲉⲝⲱⲣⲓⲍⲉ,εξωριζε
ⲉⲝⲱⲣⲓⲍⲓⲛ,εξοριζω
ⲉⲝⲱⲣⲓⲥⲧⲉⲓⲁ,εξωριστεια
ⲉⲝϩⲟⲙⲟⲗⲟⲅⲏⲥⲓⲥ,εξομολογησις
ⲉⲝϩⲟⲙⲟⲗⲟⲅⲏⲥⲓⲥ,εξϩομολογησισ
ⲉⲟⲟⲩ,δοξα
ⲉⲟⲟⲩ,κλεος
ⲉⲟⲟⲩ,κυδιανειρα
ⲉⲟⲟⲩ,κυδος
ⲉⲟⲟⲩ,τιμαω
ⲉⲟⲟⲩ,τιμη
ⲉⲟⲟⲩ,τιω
ⲉⲟⲩⲱ,εγγυαω
ⲉⲟⲩⲱ,εγγυητος
ⲉⲟⲩⲱ,πιστις
ⲉⲟⲩⲱ,πιστος
ⲉⲟⲩⲱⲧ⸗,χαιρω
ⲉⲟⲩⲱⲧ⸗,χαλαζα
ⲉⲡⲁⲓⲛⲟⲩ,επαινεω
ⲉⲡⲁⲓⲛⲟⲩ,επαινου
ⲉⲡⲁⲛ,επαν
ⲉⲡⲁⲣⲭⲓⲁ,επαρχια
ⲉⲡⲁⲣⲭⲟⲥ,επαρχος
ⲉⲡⲁⲣⲭⲟⲥ,επαρχοσ
ⲉⲡⲁϩⲟⲩ,καταλειπω
ⲉⲡⲁϩⲟⲩ,καταμενω
ⲉⲡⲁϩⲟⲩ,κατοπιν
ⲉⲡⲁϩⲟⲩ,λειπω
ⲉⲡⲁϩⲟⲩ,οπισθεν
ⲉⲡⲁϩⲟⲩ,υπτιος
ⲉⲡⲉⲓ,επει
ⲉⲡⲉⲓⲇⲏ,επειδη
ⲉⲡⲉⲓⲑⲩⲙⲓ,επειθυμι
ⲉⲡⲉⲓⲑⲩⲙⲓⲁ,επειθυμια
ⲉⲡⲉⲓⲧⲁ,επειτα
ⲉⲡⲉⲓⲧⲁⲥⲥⲉ,επειτασσε
ⲉⲡⲉⲛⲇⲩⲧⲏⲥ,επενδυτης
ⲉⲡⲉⲛⲉⲅⲕⲉ,επιφερω
ⲉⲡⲉⲣⲉⲓⲇⲉⲥⲑⲁⲓ,επερειδω
ⲉⲡⲉⲥⲏⲧ,κατος
ⲉⲡⲉⲧⲓⲙⲁ,επετιμα
ⲉⲡⲉⲭⲏⲣⲓ,επιχειρεω
ⲉⲡⲉϥⲣⲁⲥⲧⲉ,αυριον
ⲉⲡⲏⲣⲉⲁⲍⲉ,επηρεαζω
ⲉⲡⲏⲣⲉⲓⲁ,επηρεια
ⲉⲡⲏⲣⲓⲁ,επηρεια
ⲉⲡⲓ,επι
ⲉⲡⲓⲃⲟⲗⲏ,επιβολη
ⲉⲡⲓⲃⲟⲗⲟⲥ,επιβουλος
ⲉⲡⲓⲃⲟⲩⲗⲉⲩⲉ,επιβουλευε
ⲉⲡⲓⲃⲟⲩⲗⲉⲩⲉ,επιβουλευω
ⲉⲡⲓⲃⲟⲩⲗⲏ,επιβουλη
ⲉⲡⲓⲃⲟⲩⲗⲟⲥ,επιβουλος
ⲉⲡⲓⲃⲟⲩⲗⲟⲥ,επιβουλοσ
ⲉⲡⲓⲅⲉⲁⲉⲓ,επειγω
ⲉⲡⲓⲅⲉⲛⲛⲓⲟⲥ,επιγεννιος
ⲉⲡⲓⲅⲣⲁⲫⲏ,επιγραφη
ⲉⲡⲓⲇⲏ,επιδη
ⲉⲡⲓⲇⲓⲇⲟⲩ,επιδιδοω
ⲉⲡⲓⲉⲓⲕⲏⲥ,επιεικης
ⲉⲡⲓⲑⲁⲛⲁⲧⲏⲥ,επιθανατησ
ⲉⲡⲓⲑⲁⲛⲁⲧⲓⲟⲥ,επιθανατιοσ
ⲉⲡⲓⲑⲩⲙⲉⲓ,επιθυμει
ⲉⲡⲓⲑⲩⲙⲉⲓ,επιθυμεω
ⲉⲡⲓⲑⲩⲙⲓⲁ,επιθυμια
ⲉⲡⲓⲕⲁⲑⲉⲣⲙⲁ,επικαθερμα
ⲉⲡⲓⲕⲁⲗⲉⲓ,επικαλει
ⲉⲡⲓⲕⲁⲗⲉⲓ,επικαλεω
ⲉⲡⲓⲕⲗⲏⲥⲓⲥ,επικλησις
ⲉⲡⲓⲕⲗⲏⲧⲟⲥ,επικλητος
ⲉⲡⲓⲛⲓⲕⲓⲟⲛ,επινικιον
ⲉⲡⲓⲛⲟⲓⲁ,επινοια
ⲉⲡⲓⲛⲟⲓⲛ,επινοεω
ⲉⲡⲓⲝⲓⲥ,επειξις
ⲉⲡⲓⲥⲏⲙⲟⲥ,επισημος
ⲉⲡⲓⲥⲕⲟⲡⲏ,επισκοπη
ⲉⲡⲓⲥⲕⲟⲡⲓⲟⲛ,επισκοπειον
ⲉⲡⲓⲥⲕⲟⲡⲓⲟⲛ,επισκοπιον
ⲉⲡⲓⲥⲕⲟⲡⲟⲥ,επισκοπος
ⲉⲡⲓⲥⲕⲟⲡⲟⲥ,επισκοποσ
ⲉⲡⲓⲥⲕⲟⲡⲟⲩ,επισκοπου
ⲉⲡⲓⲥⲕⲡⲟⲥ,επισκποσ
ⲉⲡⲓⲥⲧⲏⲙⲉⲓ,επιστημει
ⲉⲡⲓⲥⲧⲏⲙⲏ,επιστημη
ⲉⲡⲓⲥⲧⲏⲙⲱⲛ,επιστημων
ⲉⲡⲓⲥⲧⲟⲗⲏ,επιστολη
ⲉⲡⲓⲧⲁⲕⲏ,επιταγη
ⲉⲡⲓⲧⲁⲥⲥⲉ,επιτασσε
ⲉⲡⲓⲧⲁⲥⲥⲉ,επιτασσω
ⲉⲡⲓⲧⲉⲗⲓⲛ,επιτελεω
ⲉⲡⲓⲧⲏⲇⲉⲩⲉ,επιτηδευω
ⲉⲡⲓⲧⲓⲙⲁ,επιτιμα
ⲉⲡⲓⲧⲓⲙⲁ,επιτιμαω
ⲉⲡⲓⲧⲓⲙⲓⲁ,επιτιμια
ⲉⲡⲓⲧⲣⲉⲡⲉ,επιτρεπω
ⲉⲡⲓⲧⲣⲟⲡⲏ,επιτροπη
ⲉⲡⲓⲧⲣⲟⲡⲟⲥ,επιτροπος
ⲉⲡⲓⲧⲣⲟⲡⲟⲥ,επιτροποσ
ⲉⲡⲓⲫⲉⲣⲉ,επιφερω
ⲉⲡⲓⲭⲉⲓⲣⲏⲙⲁ,επιχειρημα
ⲉⲡⲓⲭⲓⲣⲉ,επιχιρε
ⲉⲡⲟⲓⲕⲓⲟⲛ,εποικιον
ⲉⲡⲟⲩⲣⲁⲛⲓⲟⲛ,επουρανιον
ⲉⲡⲟⲩⲣⲁⲛⲓⲟⲛ,επουρανιος
ⲉⲡⲥⲟⲡ,οσακις
ⲉⲡⲥⲟⲡ,πλεονακις
ⲉⲡⲥⲟⲡ,πολλακις
ⲉⲡⲱⲣⲁ,επωρα
ⲉⲡϣⲙⲙⲟ,αποδημεω
ⲉⲡϣⲱⲓ,ανοος
ⲉⲣⲁⲅⲁⲡⲁⲛ,εραγαπαν
ⲉⲣⲁⲅⲱⲛⲓⲍⲉⲥⲑⲉ,εραγωνιζεσθε
ⲉⲣⲁⲑⲉⲧⲓⲛ,εραθετιν
ⲉⲣⲁⲓⲟⲩ,αποδημεω
ⲉⲣⲁⲓⲧⲉⲓⲛ,εραιτειν
ⲉⲣⲁⲕⲙⲏ,ερακμη
ⲉⲣⲁⲕⲟⲗⲟⲩⲑⲓⲛ,ερακολουθιν
ⲉⲣⲁⲙⲁⲗⲏϫ,ασπαζομαι
ⲉⲣⲁⲛⲁⲭⲱⲣⲓⲛ,εραναχωριν
ⲉⲣⲁⲛⲉⲭⲉⲥⲑⲉ,ερανεχεσθε
ⲉⲣⲁⲡⲁⲛⲧⲁⲛ,εραπανταν
ⲉⲣⲁⲡⲟⲗⲁⲩⲓⲛ,εραπολαυιν
ⲉⲣⲁⲡⲟⲥⲧⲟⲗⲟⲥ,εραποστολοσ
ⲉⲣⲁⲡⲟⲧⲁⲍⲉⲥⲑⲁⲓ,εραποταζεσθαι
ⲉⲣⲁⲡⲟⲧⲁⲍⲉⲥⲑⲉ,εραποταζεσθε
ⲉⲣⲁⲥⲙⲟⲥ,ερισμος
ⲉⲣⲁⲥⲡⲁⲍⲉⲥⲑⲉ,ερασπαζεσθε
ⲉⲣⲁⲥⲧⲉ,αυριον
ⲉⲣⲃⲗⲁⲡⲧⲓⲛ,ερβλαπτιν
ⲉⲣⲃⲟⲏⲑⲓⲛ,ερβοηθιν
ⲉⲣⲃⲟⲕⲓ,διανοεομαι
ⲉⲣⲃⲟⲕⲓ,υπολαμβανω
ⲉⲣⲃⲱⲕ,πονεω
ⲉⲣⲃⲱⲕ,πονος
ⲉⲣⲃⲱⲕ,στρατευω
ⲉⲣⲅⲁⲥⲓⲁ,εργασια
ⲉⲣⲅⲁⲥⲧⲏⲣⲓⲟⲛ,εργαστηριον
ⲉⲣⲅⲁⲧⲏⲥ,εργατης
ⲉⲣⲅⲁⲧⲏⲥ,εργατησ
ⲉⲣⲅⲓⲥ,εργις
ⲉⲣⲅⲟⲇⲓⲱⲕⲧⲏⲥ,εργοδιωκτης
ⲉⲣⲅⲟⲇⲓⲱⲕⲧⲏⲥ,εργοδιωκτησ
ⲉⲣⲅⲟⲗⲁⲃⲓⲁ,εργολαβια
ⲉⲣⲅⲟⲛ,εργον
ⲉⲣⲅⲱⲭⲉⲓⲣⲱⲛ,εργοχειρον
ⲉⲣⲇⲓⲁⲕⲣⲓⲛⲓⲛ,ερδιακρινιν
ⲉⲣⲇⲓⲁⲕⲱⲛ,ερδιακων
ⲉⲣⲇⲟⲕⲓⲙⲁⲍⲉⲓⲛ,ερδοκιμαζειν
ⲉⲣⲇⲟⲕⲓⲙⲁⲍⲓⲛ,ερδοκιμαζιν
ⲉⲣⲉ,ερε
ⲉⲣⲉⲅⲕⲣⲁⲧⲉⲩⲉⲥⲑⲉ,ερεγκρατευεσθε
ⲉⲣⲉⲙⲓⲁ,ερεμια
ⲉⲣⲉⲛⲉⲣⲅⲓⲛ,ερενεργιν
ⲉⲣⲉⲡⲓⲃⲟⲩⲗⲉⲩⲓⲛ,ερεπιβουλευιν
ⲉⲣⲉⲡⲓⲑⲩⲙⲉⲓⲛ,ερεπιθυμειν
ⲉⲣⲉⲡⲓⲑⲩⲙⲓⲛ,ερεπιθυμιν
ⲉⲣⲉⲡⲓⲥⲕⲟⲡⲟⲥ,ερεπισκοποσ
ⲉⲣⲉⲡⲓⲧⲓⲙⲁⲛ,ερεπιτιμαν
ⲉⲣⲉⲧⲓⲛ,ερετιν
ⲉⲣⲉⲩⲑⲏⲛⲓⲛ,ερευθηνιν
ⲉⲣⲉⲫⲗⲏⲟⲩ,εκδιδωμι
ⲉⲣⲉⲫⲗⲏⲟⲩ,εμβαλλω
ⲉⲣⲉⲫⲗⲏⲟⲩ,ερημος
ⲉⲣⲉⲫⲗⲏⲟⲩ,κενος
ⲉⲣⲏⲙⲓⲁ,ερημια
ⲉⲣⲏⲙⲟⲥ,ερημος
ⲉⲣⲏⲙⲟⲥ,ερημοσ
ⲉⲣⲏⲧ,επαγγελια
ⲉⲣⲏⲧ,επαγγελλω
ⲉⲣⲏⲧ,υπισχνεομαι
ⲉⲣⲏⲧ,υποσχεσις
ⲉⲣⲏⲩ,εταιρος
ⲉⲣⲑⲁⲣⲣⲓⲛ,ερθαρριν
ⲉⲣⲑⲉⲁⲧⲣⲟⲛ,ερθεατρον
ⲉⲣⲑⲉⲟⲣⲓⲛ,ερθεοριν
ⲉⲣⲑⲉⲱⲣⲉⲓⲛ,ερθεωρειν
ⲉⲣⲓ,αζυμος
ⲉⲣⲓ,αρτος
ⲉⲣⲓ,σιτος
ⲉⲣⲓⲍⲉ,εριζω
ⲉⲣⲓⲕⲏⲥ,ερεικη
ⲉⲣⲓⲛⲁⲓⲟⲥ,εριναιοσ
ⲉⲣⲕⲁⲑⲁⲣⲓⲍⲉⲓⲛ,ερκαθαριζειν
ⲉⲣⲕⲁⲧⲁⲫⲣⲟⲛⲓⲛ,ερκαταφρονιν
ⲉⲣⲕⲁⲧⲁⲭⲣⲁⲥⲑⲉ,ερκαταχρασθε
ⲉⲣⲕⲁⲧⲏⲅⲟⲣⲓⲛ,ερκατηγοριν
ⲉⲣⲕⲁⲩⲙⲁ,ερκαυμα
ⲉⲣⲕⲉⲥⲧⲁⲧⲟⲛ,ενεργος
ⲉⲣⲕⲗⲏⲣⲟⲛⲟⲙⲓⲛ,ερκληρονομιν
ⲉⲣⲕⲗⲏⲣⲟⲛⲟⲙⲟⲥ,ερκληρονομοσ
ⲉⲣⲕⲟⲥⲙⲉⲓⲛ,ερκοσμειν
ⲉⲣⲙⲁⲑⲏⲧⲏⲥ,ερμαθητησ
ⲉⲣⲙⲁⲓϩⲩⲗⲏ,ερμαιϩυλη
ⲉⲣⲙⲁⲥⲧⲓⲅⲅⲟⲓⲛ,ερμαστιγγοιν
ⲉⲣⲙⲉⲗⲉⲧⲁⲛ,ερμελεταν
ⲉⲣⲙⲉⲗⲓ,ερμελι
ⲉⲣⲙⲉⲗⲓⲛ,ερμελιν
ⲉⲣⲙⲉⲧⲁⲛⲟⲉⲓⲛ,ερμετανοειν
ⲉⲣⲙⲉⲧⲁⲛⲟⲓⲛ,ερμετανοιν
ⲉⲣⲙⲏⲛⲓⲁ,ερμηνια
ⲉⲣⲙⲏⲧⲁⲣⲓⲟⲛ,ερμηταριον
ⲉⲣⲙⲟⲛⲁⲭⲟⲥ,ερμοναχοσ
ⲉⲣⲛⲏⲥⲧⲉⲩⲉⲓⲛ,ερνηστευειν
ⲉⲣⲛⲏⲥⲧⲉⲩⲓⲛ,ερνηστευιν
ⲉⲣⲛⲏⲫⲓⲛ,ερνηφιν
ⲉⲣⲛⲭⲣⲓⲁ,ερνχρια
ⲉⲣⲟⲩⲛⲟϥ,ηδομαι
ⲉⲣⲟⲩⲛⲟϥ,χαιρω
ⲉⲣⲡⲉⲣⲡⲉⲣⲟⲥ,ερπερπεροσ
ⲉⲣⲡⲓⲣⲁⲍⲓⲛ,ερπιραζιν
ⲉⲣⲡⲟⲣⲛⲉⲩⲓⲛ,ερπορνευιν
ⲉⲣⲡⲣⲟⲕⲟⲡⲧⲉⲓⲛ,ερπροκοπτειν
ⲉⲣⲡⲣⲟⲥⲉⲩⲭⲉⲥⲑⲉ,ερπροσευχεσθε
ⲉⲣⲡⲣⲟⲫⲏⲧⲉⲩⲓⲛ,ερπροφητευιν
ⲉⲣⲡⲣⲟⲫⲏⲧⲏⲥ,ερπροφητησ
ⲉⲣⲥⲉⲃⲉⲥⲑⲉ,ερσεβεσθε
ⲉⲣⲥⲕⲁⲛⲇⲁⲗⲓⲍⲉⲥⲑⲉ,ερσκανδαλιζεσθε
ⲉⲣⲥⲧⲁⲩⲣⲱⲛⲉⲓⲛ,ερσταυρωνειν
ⲉⲣⲥⲩⲛⲕⲣⲓⲛⲓⲛ,ερσυνκρινιν
ⲉⲣⲥⲫⲣⲁⲅⲓⲍⲓⲛ,ερσφραγιζιν
ⲉⲣⲧⲓⲙⲁⲛ,ερτιμαν
ⲉⲣⲧⲟⲗⲙⲁⲛ,ερτολμαν
ⲉⲣⲩⲑⲣⲁ,ερυθρα
ⲉⲣⲫⲟⲣⲉⲓⲛ,ερφορειν
ⲉⲣⲫⲟⲣⲓⲛ,ερφοριν
ⲉⲣⲭⲁⲣⲓⲍⲉⲥⲑⲁⲓ,ερχαριζεσθαι
ⲉⲣⲭⲉⲓⲣⲟⲧⲟⲛⲉⲓⲛ,ερχειροτονειν
ⲉⲣⲭⲣⲁⲥⲑⲉ,ερχρασθε
ⲉⲣⲭⲣⲉⲓⲁ,ερχρεια
ⲉⲣⲭⲣⲉⲱⲥⲧⲓⲛ,ερχρεωστιν
ⲉⲣⲭⲣⲟⲛⲟⲥ,ερχρονοσ
ⲉⲣⲭⲣⲱⲙ,εμπιμπρημι
ⲉⲣⲭⲣⲱⲙ,καιω
ⲉⲣⲭⲣⲱⲙ,κατακαιω
ⲉⲣⲯⲁⲗⲗⲉⲓⲛ,ερψαλλειν
ⲉⲣⲱⲥ,ερως
ⲉⲣⲱⲧⲉ,γαλα
ⲉⲣϣⲓϣⲓ,αρχη
ⲉⲣϣⲓϣⲓ,δυναμαι
ⲉⲣϣⲓϣⲓ,δυναμις
ⲉⲣϣⲓϣⲓ,εξουσια
ⲉⲣϣⲓϣⲓ,κυριος
ⲉⲣϧⲟⲧ,πληγη
ⲉⲣϧⲟⲧ,τιτρωσκω
ⲉⲣϧⲟⲧ,τραυμα
ⲉⲣϧⲟⲧ,τραυματιας
ⲉⲣϩⲉⲓⲣⲏⲛⲏ,ερϩειρηνη
ⲉⲣϩⲉⲗⲡⲓⲥ,ερϩελπισ
ⲉⲥⲉⲭⲁⲍⲉ,ησυχαζω
ⲉⲥⲏⲧ,αναχαζω
ⲉⲥⲏⲧ,δυσχωρια
ⲉⲥⲏⲧ,κυνηγεσιον
ⲉⲥⲏⲧ,μετεωρος
ⲉⲥⲏⲧ,υπονομος
ⲉⲥⲑⲁⲛⲉⲥⲑⲉ,αισθανομαι
ⲉⲥⲑⲏⲥ,εσθης
ⲉⲥⲑⲏⲥⲓⲥ,αισθησις
ⲉⲥⲑⲏⲧⲏⲣⲓⲟⲛ,εσθητηριον
ⲉⲥⲓⲉ,αμελεω
ⲉⲥⲕⲉⲛ-,παρα
ⲉⲥⲟⲟⲩ,μηλον
ⲉⲥⲟⲟⲩ,οις
ⲉⲥⲟⲟⲩ,προβατον
ⲉⲥⲧⲱ,εστω
ⲉⲥⲩⲭⲁⲍⲉ,εσυχαζε
ⲉⲥⲩⲭⲁⲍⲉ,ησυχαζω
ⲉⲥⲩⲭⲓⲁ,εσυχια
ⲉⲥⲭⲁⲣⲁ,εσχαρα
ⲉⲥⲱ,μηλον
ⲉⲥⲱ,οις
ⲉⲥⲱ,προβατον
ⲉⲧⲃⲉ ⲡⲁⲓ,οθεν
ⲉⲧⲃⲉ ϫⲉ,δια
ⲉⲧⲃⲉ ϫⲉ,διοτι
ⲉⲧⲃⲉ ϫⲉ,ενεκα
ⲉⲧⲏϣⲓ,γερανος
ⲉⲧⲓ,ετι
ⲉⲧⲙⲏⲧⲉ,διαφερω
ⲉⲧⲙⲏⲧⲉ,ιθακη
ⲉⲧⲙⲏⲧⲉ,μεταιχμιος
ⲉⲧⲙⲏⲧⲉ,οριζω
ⲉⲧⲛⲉⲥⲱϥ,διος
ⲉⲧⲛⲉⲥⲱϥ,καλος
ⲉⲧⲛⲉⲥⲱϥ,παγκαλος
ⲉⲧⲟⲩⲛ-,παρα
ⲉⲧⲡⲉ,δεσμευω
ⲉⲧⲡⲉ,δεσμωτηριον
ⲉⲧⲡⲉ,φυλακη
ⲉⲧⲡⲱ,αχθος
ⲉⲧⲡⲱ,υποζυγιον
ⲉⲧⲣⲉ,αναστατος
ⲉⲧⲣⲉ,δηιοω
ⲉⲧⲣⲉ,διατριβω
ⲉⲧⲣⲉ,εθελω
ⲉⲧⲣⲉ,πορθεω
ⲉⲧⲱⲛ,οθεν
ⲉⲧⲱⲛ,οποι
ⲉⲧⲱⲛ,ποθεν
ⲉⲧⲱⲛ,ποι
ⲉⲩⲁⲅⲅⲉⲗⲓⲍⲉ,ευαγγελιζε
ⲉⲩⲁⲅⲅⲉⲗⲓⲍⲉ,ευαγγελιζομαι
ⲉⲩⲁⲅⲅⲉⲗⲓⲟⲛ,ευαγγελιον
ⲉⲩⲁⲅⲅⲉⲗⲓⲥⲧⲏⲥ,ευαγγελιστης
ⲉⲩⲁⲅⲅⲉⲗⲓⲥⲧⲏⲥ,ευαγγελιστησ
ⲉⲩⲁⲅⲣⲓ,ευαγρι
ⲉⲩⲃⲗⲁⲥⲫⲏⲙⲓⲁ,ευβλασφημια
ⲉⲩⲅⲉ,ευγε
ⲉⲩⲅⲉ,ευγε / ευ γε
ⲉⲩⲅⲉⲛⲉⲓⲁ,ευγενια
ⲉⲩⲅⲉⲛⲏⲥ,ευγενης
ⲉⲩⲅⲉⲛⲏⲥ,ευγενησ
ⲉⲩⲅⲉⲣⲓⲁ,ευγερια
ⲉⲩⲇⲁⲓⲙⲟⲛⲓⲁ,ευδαιμονια
ⲉⲩⲇⲁⲝⲓⲁ,ευταξια
ⲉⲩⲇⲟⲕⲉⲓ,ευδοκεω
ⲉⲩⲇⲟⲕⲓⲁ,ευδοκια
ⲉⲩⲇⲟⲕⲓⲙⲱⲧⳇ,ευδοκιμωτατος
ⲉⲩⲉⲕⲧⲏⲣⲓⲟⲛ,ευκτηριον
ⲉⲩⲉⲣⲅⲉⲥⲓⲁ,ευεργεσια
ⲉⲩⲉⲣⲅⲉⲧⲏⲥ,ευεργετης
ⲉⲩⲑⲉⲱⲥ,ευθεως
ⲉⲩⲑⲩⲥ,ευθυς
ⲉⲩⲕⲁⲓⲣⲓⲁ,ευκαιρια
ⲉⲩⲕⲉⲣⲓ,ευκαιρεω
ⲉⲩⲕⲉⲣⲓⲁ,ευκαιρια
ⲉⲩⲕⲉⲣⲓⲁ,ευκερια
ⲉⲩⲕⲗⲉⲉⲥⲧⲁⲧⲟⲥ,ευκλεεστατος
ⲉⲩⲕⲟⲡⲟⲛ,ευκοπος
ⲉⲩⲕⲣⲁⲥⲓⲁ,ευκρασια
ⲉⲩⲕⲣⲁⲧⲣ,ευκρατωρ
ⲉⲩⲗⲁⲃⲉⲥⲧⲁⲧⲟⲥ,ευλαβεστατος
ⲉⲩⲗⲟⲅⲉⲓ,ευλογεω
ⲉⲩⲗⲟⲅⲓⲁ,ευλογια
ⲉⲩⲗⲟⲅⲟⲛ,ευλογον
ⲉⲩⲗⲟⲅⲱⲥ,ευλογως
ⲉⲩⲛⲟⲓⲁ,ευνοια
ⲉⲩⲡⲟⲣⲉⲓ,ευπορει
ⲉⲩⲡⲟⲣⲉⲓ,ευπορεω
ⲉⲩⲡⲟⲣⲓ,ευπορεω
ⲉⲩⲡⲟⲣⲓⲁ,ευπορια
ⲉⲩⲡⲟⲣⲟⲥ,ευπορος
ⲉⲩⲣⲓⲡⲟⲥ,ευριποσ
ⲉⲩⲥⲉⲃⲉⲓⲁ,ευσεβεια
ⲉⲩⲥⲉⲃⲏⲥ,ευσεβης
ⲉⲩⲥⲉⲃⲏⲥ,ευσεβησ
ⲉⲩⲥⲡⲗⲁⲅⲭⲛⲓⲁ,ευσπλαγχνια
ⲉⲩⲥⲧⲁⲑⲓⲟⲥ,ευσταθιοσ
ⲉⲩⲥⲧⲁⲑⲓⲟⲥ,ευσταθμος
ⲉⲩⲥⲭⲏⲙⲱⲛ,ευσχημων
ⲉⲩⲧⲉⲗⲏⲥ,ευτελης
ⲉⲩⲧⲣⲟⲡⲓⲟⲥ,ευτροπιοσ
ⲉⲩⲧⲩⲭⲓⲁⲛⲟⲥ,ευτυχιανοσ
ⲉⲩⲫⲟⲣⲃⲓⲟⲩ,ευφορβιον
ⲉⲩⲫⲣⲁⲛⲉ,ευφραινω
ⲉⲩⲫⲣⲁⲛⲉ,ευφρανε
ⲉⲩⲫⲣⲟⲥⲩⲛⲏ,ευφροσυνη
ⲉⲩⲫⲩⲏⲥ,ευφυης
ⲉⲩⲭⲁⲣⲓⲥⲧⲁ,ευχαριστα
ⲉⲩⲭⲁⲣⲓⲥⲧⲉⲓ,ευχαριστει
ⲉⲩⲭⲁⲣⲓⲥⲧⲉⲓ,ευχαριστεω
ⲉⲩⲭⲁⲣⲓⲥⲧⲓⲁ,ευχαριστια
ⲉⲩⲭⲁⲣⲓⲥⲧⲟⲩ,ευχαριστου
ⲉⲩⲭⲏ,ευχη
ⲉⲩϩⲁⲓⲟⲥ,ευαιος
ⲉⲩϩⲁⲓⲟⲥ,ευϩαιοσ
ⲉⲫⲉⲥⲟⲥ,εφεσοσ
ⲉⲫⲟⲇⲓⲟⲛ,εφοδιον
ⲉⲫⲟⲣⲁⲥⲓⲁ,εφορασια
ⲉⲫⲟⲩⲇ,εφουδ
ⲉⲫⲱⲧ,κροκοδειλος
ⲉⲭⲙⲁⲗⲱⲥⲓⲁ,εχμαλωσια
ⲉⲱⲛ,αιων
ⲉⲱⲛ,εων
ⲉϣⲱⲡⲉ ⲙⲙⲟⲛ,αλλοθι
ⲉϣⲱⲡⲉ ⲙⲙⲟⲛ,αλλος
ⲉϣϫⲉ,βαπτιζω
ⲉϣϫⲉ,δητα
ⲉϣϫⲉ,ειπερ
ⲉϣϫⲉ,μαλα
ⲉϣϫⲉ,μεντοι
ⲉϣϫⲉ ⲙⲙⲟⲛ,αλλοθι
ⲉϣϫⲉ ⲙⲙⲟⲛ,αλλος
ⲉϧⲟⲩⲛ ϩⲁ,εναλιγκιος
ⲉϧⲟⲩⲛ ϩⲁ,ικελος
ⲉϧⲟⲩⲛ ϩⲁ,προσαυδαω
ⲉϧⲟⲩⲛ ϩⲁ,προσειπον
ⲉϧⲟⲩⲛ ϩⲁ,προσφημι
ⲉϩⲉ,βαπτιζω
ⲉϩⲉ,δητα
ⲉϩⲉ,ειπερ
ⲉϩⲉ,μαλα
ⲉϩⲉ,μεντοι
ⲉϩⲉ,τοιγαρ
ⲉϩⲟⲩⲛ,σπλαγχνον
ⲉϩⲟⲩⲟ,περαω
ⲉϩⲟⲩⲟ,υπερ
ⲉϩⲣⲁⲓ,κατος
ⲉϩⲣⲁⲓ ϩⲁ-,βασανιζω
ⲉϩⲣⲁⲓ ϩⲁ-,βασανος
ⲉϩⲣⲁⲓ ϩⲁ-,βια
ⲉϩⲣⲁⲓ ϩⲁ-,υπονομος
ⲉϩⲣⲁⲓ ϩⲁ-,υποσπονδος
ⲉϩⲱ,βασιλεια
ⲉϩⲱ,βασιλειος
ⲉϩⲱ,δομος
ⲉϩⲱ,δωμα
ⲍⲉⲩⲥ,ζευς
ⲍⲉⲩⲥ,ζευσ
ⲍⲏⲙⲓⲁ,ζημια
ⲍⲏⲛⲱⲛ,ζηνων
ⲍⲏⲧⲏⲙⲁ,ζητημα
ⲍⲏⲧⲏⲥⲓⲥ,ζητησις
ⲍⲏⲧⲏⲥⲓⲥ,ζητησισ
ⲍⲓⲍⲁⲛⲓⲟⲛ,ζιζανιον
ⲍⲩⲅⲓⲥⲕⲟⲛ,ζυγισκον
ⲍⲱⲅⲣⲁⲫⲉⲓ,ζωγραφει
ⲍⲱⲅⲣⲁⲫⲉⲓ,ζωγραφεω
ⲍⲱⲅⲣⲁⲫⲉⲓⲁ,ζωγραφια
ⲍⲱⲇⲓⲟⲛ,ζωδιον
ⲍⲱⲏ,ζωη
ⲍⲱⲕⲣⲁⲧⲱⲣ,ζωκρατωρ
ⲍⲱⲛⲏ,ζωνη
ⲍⲱⲛⲧ,ζωντ
ⲍⲱⲟⲛ,ζωον
ⲍⲱⲣⲁⲓⲟⲥ,σωρυ
ⲍ︦,επτακις
ⲍ︦,επτακισχιλιοι
ⲍ︦,επτακοσιοι
ⲍ︦,επταπυλος
ⲏⲅⲟⲩⲛ,ηγουν
ⲏⲇⲏ,ηδη
ⲏⲑⲟⲥ,ηθος
ⲏⲓ,ζευγος
ⲏⲗⲓⲁⲕⲟⲛ,ηλιακον
ⲏⲛⲓⲟⲭⲟⲥ,ηνιοχος
ⲏⲝⲧⲁⲥⲓⲥ,εκστασις
ⲏⲡⲉ,αριθμος
ⲏⲡⲉ,περισσος
ⲏⲡⲉ,πληθος
ⲏⲡⲉ,πληθω
ⲏⲡⲓⲛⲟⲉⲓ,επινοεω
ⲏⲣ,εταιρος
ⲏⲣ,φιλος
ⲏⲣⲉⲙⲓⲟⲥ,ηρεμιος
ⲏⲣⲉⲙⲟⲥ,ηρεμος
ⲏⲣⲡ,ακρατος
ⲏⲣⲡ,ασκος
ⲏⲣⲡ,οινος
ⲏⲣⲡ,οινοχοος
ⲏⲣⲡ,οινοψ
ⲏⲣⲱⲇⲏⲥ,ηρωδησ
ⲏⲣⲱⲇⲓⲁⲛⲟⲥ,ηρωδιανοσ
ⲏⲣⲱⲇⲓⲁⲥ,ηρωδιασ
ⲏ︦,οκτακισχιλιοι
ⲏ︦,οκτακοσιοι
ⲏ︦,οκτω
ⲑⲁⲗⲁⲥⲥⲁ,θαλασσα
ⲑⲁⲗⲗⲁⲥⲁ,θαλλασα
ⲑⲁⲗⲗⲁⲥⲥⲁ,θαλλασσα
ⲑⲁⲗⲗⲓⲥ,θαλλις
ⲑⲁⲗⲡⲉⲓ,θαλπει
ⲑⲁⲗⲡⲉⲓ,θαλπω
ⲑⲁⲛⲛⲟ,διαπρασσω
ⲑⲁⲣⲉⲓ,θαρει
ⲑⲁⲣⲓ,θαρι
ⲑⲁⲣⲣⲉⲓ,θαρρεω
ⲑⲁⲣⲥⲓⲥ,θαρσισ
ⲑⲁⲩⲙⲁ,θαυμα
ⲑⲁⲩⲙⲁⲍⲉ,θαυμαζε
ⲑⲁⲩⲙⲁⲍⲉ,θαυμαζω
ⲑⲁⲩⲙⲁⲥⲓⲱⲧⲁⲧⲟⲥ,θαυμασιωτατος
ⲑⲁⲩⲙⲁⲥⲧⲟⲛ,θαυμαστος
ⲑⲁⲫⲏ,αφη
ⲑⲉⲁⲧⲣⲟⲛ,θεατρον
ⲑⲉⲃⲇⲟⲙⲁⲥ,εβδομας
ⲑⲉⲃⲟⲃⲟⲗⲏ,υποβολη
ⲑⲉⲉⲧⲓⲕⲱⲛ,θεⲓκος
ⲑⲉⲓⲟⲛ,θειος
ⲑⲉⲓⲟⲥ,θειος
ⲑⲉⲗⲏⲙⲁ,θελημα
ⲑⲉⲗⲏⲥⲓⲥ,θελησις
ⲑⲉⲙⲁ,θεμα
ⲑⲉⲙⲓⲥⲥⲁ,θεμισσα
ⲑⲉⲟⲇⲟⲕⲟⲥ,θεοτοκος
ⲑⲉⲟⲇⲟⲣⲟⲥ,θεοδοροσ
ⲑⲉⲟⲇⲟⲥⲓⲟⲥ,θεοδοσιοσ
ⲑⲉⲟⲇⲱⲣⲁ,θεοδωρα
ⲑⲉⲟⲇⲱⲣⲟⲥ,θεοδωροσ
ⲑⲉⲟⲇⲱⲥⲓⲟⲥ,θεοδωσιοσ
ⲑⲉⲟⲕⲧⲓⲥⲧⲟⲥ,θεοκτιστοσ
ⲑⲉⲟⲗⲟⲅⲓⲁ,θεολογια
ⲑⲉⲟⲗⲟⲅⲟⲥ,θεολογος
ⲑⲉⲟⲗⲟⲅⲟⲥ,θεολογοσ
ⲑⲉⲟⲡⲓⲥⲧⲏ,θεοπιστη
ⲑⲉⲟⲡⲓⲥⲧⲟⲥ,θεοπιστοσ
ⲑⲉⲟⲥⲉⲃⲉⲥⲧⲁⲧⲟⲥ,θεοσεβεστατος
ⲑⲉⲟⲥⲥⲉⲃⲏⲥ,θεοσεβης
ⲑⲉⲟⲧⲟⲕⲟⲥ,θεοτοκοσ
ⲑⲉⲟⲩ,θεος
ⲑⲉⲟⲫⲓⲗⲉⲥⲧⲁⲧⲟⲥ,θεοφιλεστατος
ⲑⲉⲟⲫⲓⲗⲟⲥ,θεοφιλοσ
ⲑⲉⲟⲫⲟⲃⲟⲥ,θεοφοβος
ⲑⲉⲟⲫⲟⲣⲟⲥ,θεοφορος
ⲑⲉⲟⲫⲟⲣⲟⲥ,θεοφοροσ
ⲑⲉⲟⲫⲩⲗⲁⲕⲧⲟⲥ,θεοφυλακτος
ⲑⲉⲣⲁⲡⲉⲩⲉ,θεραπευε
ⲑⲉⲣⲁⲡⲉⲩⲉ,θεραπευω
ⲑⲉⲣⲁⲡⲓⲁ,θεραπεια
ⲑⲉⲣⲁⲡⲓⲁ,θεραπια
ⲑⲉⲣⲁⲡⲟⲩ,θεραπου
ⲑⲉⲣⲙⲏⲥⲓ,θερμησι
ⲑⲉⲣⲙⲟⲛ,θερμος
ⲑⲉⲣⲙⲟⲥ,θερμος
ⲑⲉⲣⲙⲟⲩⲑⲓⲥ,θερμουθις
ⲑⲉⲣⲙⲟⲫⲩⲗⲁⲕⲉ,θερμοφυλακιον
ⲑⲉⲥⲃⲓⲧⲏⲥ,θεσβιτης
ⲑⲉⲥⲓⲥ,θεσις
ⲑⲉⲥⲙⲟⲥ,θεσμος
ⲑⲉⲱⲇⲱⲣⲟⲥ,θεωδωροσ
ⲑⲉⲱⲣⲉⲓ,θεωρει
ⲑⲉⲱⲣⲉⲓ,θεωρεω
ⲑⲉⲱⲣⲓⲁ,θεωρια
ⲑⲉⲱⲣⲓⲛ,θεωρεω
ⲑⲉⲱⲧⲓⲙⲏⲧⲁⲧⲟⲥ,θεοτιμητατος
ⲑⲉⲱⲫⲓⲗⲟⲥ,θεωφιλοσ
ⲑⲏⲃⲁⲓⲥ,θηβαισ
ⲑⲏⲕⲉ,θηκη
ⲑⲏⲗⲩⲕⲟⲛ,θηλυκος
ⲑⲏⲛ,θειον
ⲑⲏⲛ,θην
ⲑⲏⲛⲓ,αυξανω
ⲑⲏⲛⲓ,γηρασκω
ⲑⲏⲛⲓ,καμνω
ⲑⲏⲛⲓ,κομη
ⲑⲏⲛⲓ,φυω
ⲑⲏⲣⲓⲟⲛ,θηριον
ⲑⲏⲥⲁⲩⲣⲟⲥ,θησαυρος
ⲑⲏⲥⲁⲩⲣⲟⲥ,θησαυροσ
ⲑⲏⲥⲅⲉ,θυσκη
ⲑⲏⲥⲓⲁⲥ,θυσια
ⲑⲓⲥⲧⲟⲣⲓⲟⲛ,ιστοριον
ⲑⲗⲏ,σταζω
ⲑⲗⲓⲃⲉ,θλιβε
ⲑⲗⲓⲃⲉ,θλιβω
ⲑⲗⲓⲯⲓⲥ,θλιψις
ⲑⲗⲓⲯⲓⲥ,θλιψισ
ⲑⲙⲏⲓ,αληθεια
ⲑⲙⲏⲓ,αληθης
ⲑⲙⲏⲓ,κεδνος
ⲑⲙⲓⲥ,κονις
ⲑⲙⲓⲥ,ψηγμα
ⲑⲙⲟ,θερμος
ⲑⲛⲉⲉⲣⲅⲁⲧⲏⲥ,θνεεργατησ
ⲑⲛⲏⲧⲟⲛ,θνητος
ⲑⲟⲗⲟⲥ,θολος
ⲑⲟⲩⲙⲟⲥ,θυμος
ⲑⲟⲩⲣⲁⲕⲓⲟⲛ,θωρακειον
ⲑⲣⲓⲥⲕⲓⲁ,θρησκεια
ⲑⲣⲓⲥⲕⲓⲁ,θρισκια
ⲑⲣⲟⲛⲟⲥ,θρονος
ⲑⲣⲟⲛⲟⲥ,θρονοσ
ⲑⲩⲕⲏ,θηκη
ⲑⲩⲗⲓⲕⲓⲁ,ηλικια
ⲑⲩⲙⲓⲁⲧⲏⲣⲓⲟⲛ,θυμιατηριον
ⲑⲩⲙⲟⲥ,θυμος
ⲑⲩⲙⲟⲥ,θυμοσ
ⲑⲩⲡⲁϯⲁ,υπατεια
ⲑⲩⲡⲟⲯⲓⲁ,υποψια
ⲑⲩⲣⲁⲡⲉⲩⲉ,θυραπευε
ⲑⲩⲣⲓⲟⲛ,θυριον
ⲑⲩⲣⲟⲣⲟⲥ,θυρωρος
ⲑⲩⲥⲓⲁ,θυσια
ⲑⲩⲥⲓⲁⲍⲉ,θυσιαζε
ⲑⲩⲥⲓⲁⲍⲉ,θυσιαζω
ⲑⲩⲥⲓⲁⲥⲧⲏⲣⲓⲟⲛ,θυσιαστηριον
ⲑⲱⲙ,ερκος
ⲑⲱⲟⲩⲧⲥ,εισπραξις
ⲑⲱⲟⲩϯ ⲙⲡⲓϣⲉ,δακτυλιος
ⲑⲱⲟⲩϯ ⲙⲡⲓϣⲉ,σφραγις
ⲓⲁⲥⲡⲓⲥ,ιασπις
ⲓⲁⲥⲡⲓⲥ,ιασπισ
ⲓⲃⲉⲣⲟⲥ,ιβηρος
ⲓⲇⲓⲱⲧⲏⲥ,ιδιωτησ
ⲓⲇⲟⲥ,ιδοσ
ⲓⲇⲟⲩⲙⲁⲓⲟⲥ,ιδουμαιος
ⲓⲇⲱⲗⲟⲛ,ιδωλον
ⲓⲉ,ιε
ⲓⲉⲃⲟⲩⲥⲁⲓⲟⲥ,ιεβουσαιιος
ⲓⲉⲣⲁϯⲕⲟⲛ,ιερατικος
ⲓⲉⲣⲟⲯⲁⲗⲧⲏⲥ,ιεροψαλτης
ⲓⲕⲧⲉⲣⲟⲥ,ικτερος
ⲓⲗⲗⲟⲩⲥⲧⲣⳇ,ιλλουστριος
ⲓⲙⲏϯ,ιμηϯ
ⲓⲛⲁ,ινα
ⲓⲛⲇⲟⲥ,ινδος
ⲓⲟⲥ,ιος
ⲓⲟⲩ,ιος
ⲓⲟⲩⲇⲁⲓ,ιουδαι
ⲓⲟⲩⲇⲁⲓ,ιουδαιος
ⲓⲟⲩⲇⲁⲓⲟⲥ,ιουδαιος
ⲓⲟⲩⲗⲓⲟⲥ,ιουλιοσ
ⲓⲣⲓ ⲙⲃⲱⲕ,ανδραποδιζω
ⲓⲣⲓ ⲙⲃⲱⲕ,δουλοω
ⲓⲣⲓ ⲙⲃⲱⲕ,καταδουλοω
ⲓⲣⲓ ⲙⲫⲣⲏϯ,εικων
ⲓⲣⲓ ⲙⲫⲣⲏϯ,ομοιοτης
ⲓⲣⲓ ⲙϣⲓϣ,αμειβω
ⲓⲥⲕⲁⲣⲓⲱⲧⲏⲥ,ισκαριωτης
ⲓⲥⲙⲁⲏⲗⲓⲧⲏⲥ,ισμαηλιτης
ⲓⲥⲟⲧⲩⲡⲟⲛ,ισοτυπος
ⲓⲥⲟⲯⲩⲭⲟⲛ,ισοψυχος
ⲓⲥⲣⲁⲏⲗⲓⲧⲏⲥ,ισραηλιτης
ⲓⲥⲧⲟⲣⲓⲁ,ιστορια
ⲓⲧⲁ,ιτα
ⲓⲧⲉ,ιτε
ⲓⲭⲛⲟⲥ,ιχνος
ⲓⲱⲥ,ταχος
ⲓⲱⲥ,ταχυς
ⲓⲱⲥ (ⲛ-),επειγω
ⲓⲱⲧⲁ,ιωτα
ⲓϥⲧ,ονυξ
ⲕⲁⲃⲓⲧⲁⲣⲉ,καβιδαριος
ⲕⲁⲇⲁⲝⲓⲁⲣⲭⲏⲥ,καταξιαρχης
ⲕⲁⲇⲙⲓⲁ,καδμεια
ⲕⲁⲇⲙⲓⲁⲥ,καδμεια
ⲕⲁⲉⲟⲩⲱ ⲉϩⲣⲁⲓ,αρα
ⲕⲁⲉⲡⲓⲥⲧⲏⲙⲏ,καεπιστημη
ⲕⲁⲑⲁⲓⲣⲉⲥⲓⲥ,καθαιρεσις
ⲕⲁⲑⲁⲓⲣⲟⲩ,καθαιρεω
ⲕⲁⲑⲁⲣⲓ,καθαιρω
ⲕⲁⲑⲁⲣⲓⲍⲉ,καθαριζε
ⲕⲁⲑⲁⲣⲓⲍⲉ,καθαριζω
ⲕⲁⲑⲁⲣⲓⲥⲙⲟⲥ,καθαρισμος
ⲕⲁⲑⲁⲣⲓⲱⲧⲏⲥ,καθαριοτης
ⲕⲁⲑⲁⲣⲟⲛ,καθαρος
ⲕⲁⲑⲁⲣⲟⲡⲟⲓⲏⲥⲓⲥ,καθαροποιησις
ⲕⲁⲑⲁⲣⲟⲥ,καθαρος
ⲕⲁⲑⲁⲣⲟⲥ,καθαροσ
ⲕⲁⲑⲁⲣⲧⲓⲕⲟⲛ,καθαρτικος
ⲕⲁⲑⲉⲅⲟⲩⲙⲉⲛⲟⲥ,καθηγουμενος
ⲕⲁⲑⲉⲇⲣⲁ,καθεδρα
ⲕⲁⲑⲉⲇⲣⲟⲥ,καθεδρος
ⲕⲁⲑⲏⲅⲉⲓ,καθηγει
ⲕⲁⲑⲏⲅⲓ,καθηγεομαι
ⲕⲁⲑⲏⲕⲏⲥⲓⲥ,καθηγησις
ⲕⲁⲑⲏⲕⲟⲩⲙⲉⲛⲓⲧⲏⲥ,κατηχουμενιτης
ⲕⲁⲑⲏⲕⲟⲩⲙⲉⲛⲟⲥ,κατηχουμενος
ⲕⲁⲑⲓⲕⲱⲛ,εικων
ⲕⲁⲑⲓⲥⲙⲁ,καθισμα
ⲕⲁⲑⲓⲥⲧⲁ,καθιστα
ⲕⲁⲑⲓⲥⲧⲁ,καθιστανω
ⲕⲁⲑⲟⲗⲓⲕⲏ,καθολικη
ⲕⲁⲑⲟⲗⲓⲕⲏ,καθολικος
ⲕⲁⲑⲟⲗⲓⲕⲟⲛ,καθολικον
ⲕⲁⲑⲟⲗⲓⲕⲟⲛ,καθολικος
ⲕⲁⲓ,και
ⲕⲁⲓⲅⲁⲣ,και γαρ
ⲕⲁⲓⲕⲟⲛ,χοⲓκος
ⲕⲁⲓⲛⲏ,καινη
ⲕⲁⲓⲡⲉⲣ,καιπερ
ⲕⲁⲓⲣⲉ,γαστηρ
ⲕⲁⲓⲣⲉ,κοιλια
ⲕⲁⲓⲣⲉ,νηδυς
ⲕⲁⲓⲣⲟⲥ,καιρος
ⲕⲁⲓⲣⲟⲥ,καιροσ
ⲕⲁⲓⲣⲱⲥ,καιρωσ
ⲕⲁⲓⲥⲁⲣ,καισαρ
ⲕⲁⲓⲥⲉ,καλυπτω
ⲕⲁⲓⲥⲉ,νεκρος
ⲕⲁⲓⲥⲉ,νεκυς
ⲕⲁⲓⲧⲟⲓ,καιτοι
ⲕⲁⲕⲉ,ηεροεις
ⲕⲁⲕⲉ,κακε
ⲕⲁⲕⲉ,κνεφας
ⲕⲁⲕⲉ,σκοτος
ⲕⲁⲕⲏⲕⲉⲫⲁⲗⲏ,κακηκεφαλη
ⲕⲁⲕⲓⲁ,κακια
ⲕⲁⲕⲟⲅⲏⲣⲟⲥ,κακογηρος
ⲕⲁⲕⲟⲇⲁⲫⲛⲏ,κοκκοδαφνον
ⲕⲁⲕⲟⲇⲟⲝⲓⲁ,κακοδοξια
ⲕⲁⲕⲟⲏⲑⲉⲓⲁ,κακοηθεια
ⲕⲁⲕⲟⲛ,κακος
ⲕⲁⲕⲟⲛⲟⲓⲁ,κακονοια
ⲕⲁⲕⲟⲥ,κακος
ⲕⲁⲕⲟⲥ,κακοσ
ⲕⲁⲕⲟⲩ,κακοω
ⲕⲁⲕⲟⲩⲡⲁⲧ,εποψ
ⲕⲁⲕⲟⲩⲣⲅⲓⲁ,κακουργια
ⲕⲁⲕⲟⲩⲣⲅⲟⲥ,κακουργος
ⲕⲁⲕⲟⲩⲣⲅⲟⲥ,κακουργοσ
ⲕⲁⲕⲱⲥ,κακως
ⲕⲁⲕⲱⲥ,κακωσ
ⲕⲁⲕⲱⲥⲓⲥ,κακωσις
ⲕⲁⲗⲁⲉⲓⲛⲟⲥ,καλλαⲓνος
ⲕⲁⲗⲁⲕⲁⲛⲑⲏⲥ,χαλκανθον
ⲕⲁⲗⲁⲙⲁⲣⲓⲟⲛ,καλαμαριον
ⲕⲁⲗⲁⲙⲫⲟ,λοφος
ⲕⲁⲗⲁⲙⲫⲟ,ορθιος
ⲕⲁⲗⲁⲙⲫⲟ,ορος
ⲕⲁⲗⲁϩⲏ,γαστηρ
ⲕⲁⲗⲁϩⲏ,κοιλια
ⲕⲁⲗⲁϩⲏ,νηδυς
ⲕⲁⲗⲉⲁⲣⲓⲟⲥ,γαλ(λ)ιαριος
ⲕⲁⲗⲉⲓ,καλει
ⲕⲁⲗⲉⲓ,καλεω
ⲕⲁⲗⲓⲃⲗⲉⲫⲁⲗⲟⲛ,καλλιβλεφαρος
ⲕⲁⲗⲕⲓⲗ,τροχος
ⲕⲁⲗⲗⲁⲉⲓⲛⲏ,καλλαⲓνος
ⲕⲁⲗⲗⲓⲅⲣⲁⲫⲟⲥ,καλλιγραφος
ⲕⲁⲗⲗⲓⲛⲓⲕⲟⲥ,καλλινικος
ⲕⲁⲗⲗⲟⲥ,καλλος
ⲕⲁⲗⲟⲥ,καλοσ
ⲕⲁⲗⲩⲙⲁ,καλυμα
ⲕⲁⲗⲩⲙⲙⲁ,καλυμμα
ⲕⲁⲗⲩⲡⲧⲟⲥ,καλυπτος
ⲕⲁⲗⲱⲥ,καλως
ⲕⲁⲗⲱⲥ,καλωσ
ⲕⲁⲙ,δοναξ
ⲕⲁⲙ,επαισσω
ⲕⲁⲙ,καλαμος
ⲕⲁⲙ,ορμαω
ⲕⲁⲙⲁⲇⲓⲟⲛ,καμαδιον
ⲕⲁⲙⲁⲣⲁ,καμαρα
ⲕⲁⲙⲁⲣⲉ,καμαρα
ⲕⲁⲙⲁⲧⲱⲛ,καματος
ⲕⲁⲙⲃⲏ,καμπη
ⲕⲁⲙⲉ,μελας
ⲕⲁⲙⲓⲛⲟⲥ,καμινος
ⲕⲁⲙⲓⲥⲓⲟⲛ,καμισιον
ⲕⲁⲙⲡⲟⲩⲣⲁⲥ,καμφορα
ⲕⲁⲛ,καν
ⲕⲁⲛⲁⲕⲁⲣⲓⲡⲡⲟⲥ,καγκαριππος
ⲕⲁⲛⲁⲛⲁⲓⲟⲥ,καναναιος
ⲕⲁⲛⲁⲛⲁⲓⲟⲥ,καναναιοσ
ⲕⲁⲛⲁⲛⲓⲧⲏⲥ,κανανιτης
ⲕⲁⲛⲇⲁⲕⲏⲥ,κανδακη
ⲕⲁⲛⲑⲁⲣⲓⲥ,κανθαρις
ⲕⲁⲛⲑⲁⲣⲟⲥ,κανθαροσ
ⲕⲁⲛⲓⲥⲕⲓⲟⲛ,κανισκιον
ⲕⲁⲛⲱⲛ,κανων
ⲕⲁⲛⲱⲛⲓⲍⲉ,κανονιζω
ⲕⲁⲡ,εντανυω
ⲕⲁⲡ,κροκη
ⲕⲁⲡ,λινον
ⲕⲁⲡ,νευρη
ⲕⲁⲡ,τανυω
ⲕⲁⲡ,χορδη
ⲕⲁⲡⲁⲣⲛⲁⲟⲩⲙ,καπαρναουμ
ⲕⲁⲡⲏⲗⲟⲥ,καπηλοσ
ⲕⲁⲡⲓⲥⲧⲓⲥ,καπιστισ
ⲕⲁⲡⲛⲓⲍⲉ,καπνιζω
ⲕⲁⲡⲛⲟⲥ,καπνος
ⲕⲁⲡⲛⲟⲥ,καπνοσ
ⲕⲁⲡⲣⲥ,καπρος
ⲕⲁⲣⲁⲉⲓⲉ,κεραια
ⲕⲁⲣⲃⲱⲛⲉ,καρβων
ⲕⲁⲣⲟⲓⲁ,καρυα
ⲕⲁⲣⲟⲓⲟⲫⲩⲗⲗⲟⲩ,καρυοφυλλον
ⲕⲁⲣⲟⲟⲩϣ,αγοραομαι
ⲕⲁⲣⲟⲟⲩϣ,ευφρονεων
ⲕⲁⲣⲡⲟⲥ,καρπος
ⲕⲁⲣⲡⲟⲥ,καρποσ
ⲕⲁⲣⲡⲟⲫⲟⲣⲓⲁ,καρποφορια
ⲕⲁⲣⲧⲁⲙⲱⲛ,καρδαμον
ⲕⲁⲣⲱϥ,σιγαω
ⲕⲁⲣⲱϥ,σιγη
ⲕⲁⲥ,λιθινος
ⲕⲁⲥ,λιθος
ⲕⲁⲥ,λιθοτομια
ⲕⲁⲥ,πετρα
ⲕⲁⲥ,πετρος
ⲕⲁⲥⲇⲁⲗⲁⲛⲑⲟⲛ,κασδαλανθος
ⲕⲁⲥⲇⲁⲗⲁⲛⲑⲟⲥ,κασδαλανθος
ⲕⲁⲥⲉ,σκυτευς
ⲕⲁⲥⲉ,σκυτοτομος
ⲕⲁⲥⲓⲁ,κασια
ⲕⲁⲥⲓⲁⲛⲟⲥ,κασιανοσ
ⲕⲁⲥⲓⲙⲟⲛ,κασαμον
ⲕⲁⲥⲓⲥ,κασις
ⲕⲁⲥⲓⲧⲏⲣⲉ,κασσιτερος
ⲕⲁⲥⲕⲁⲛⲇⲁⲗⲟⲛ,κασκανδαλον
ⲕⲁⲥⲧⲣⲟⲛ,καστρον
ⲕⲁⲥⲧⲣⲟⲩ,καστρον
ⲕⲁⲥⲧⲱⲣ,καστορειον
ⲕⲁⲧⲁ,κατα
ⲕⲁⲧⲁⲃⲁⲥⲓⲥ,καταβασις
ⲕⲁⲧⲁⲃⲉⲧⲟⲥ,καταβατος
ⲕⲁⲧⲁⲃⲟⲗⲏ,καταβολη
ⲕⲁⲧⲁⲅⲁⲓⲟⲛ,καταγαιον
ⲕⲁⲧⲁⲅⲅⲓⲍⲉ,καταγγιζω
ⲕⲁⲧⲁⲅⲉⲓⲟⲛ,καταγειον
ⲕⲁⲧⲁⲅⲓⲛⲱⲥⲕⲉ,καταγινωσκω
ⲕⲁⲧⲁⲅⲛⲱⲥⲓⲥ,καταγνωσις
ⲕⲁⲧⲁⲇⲓⲕⲁⲍⲉ,καταδικαζω
ⲕⲁⲧⲁⲇⲓⲕⲏ,καταδικη
ⲕⲁⲧⲁⲇⲓⲕⲱⲥ,καταδικος
ⲕⲁⲧⲁⲕⲉⲛⲉ,κατακενοω
ⲕⲁⲧⲁⲕⲓⲟⲛ,καταγειον
ⲕⲁⲧⲁⲕⲗⲏⲧⲓⲕⲟⲛ,κατακλητικος
ⲕⲁⲧⲁⲕⲗⲩⲥⲙⲟⲥ,κατακλυσμος
ⲕⲁⲧⲁⲕⲗⲩⲥⲙⲟⲥ,κατακλυσμοσ
ⲕⲁⲧⲁⲕⲣⲓⲙⲁ,κατακριμα
ⲕⲁⲧⲁⲕⲣⲓⲛⲉ,κατακρινε
ⲕⲁⲧⲁⲕⲣⲓⲛⲉ,κατακρινω
ⲕⲁⲧⲁⲕⲣⲓⲥⲓⲥ,κατακρισις
ⲕⲁⲧⲁⲗⲁⲗⲉⲓ,καταλαλει
ⲕⲁⲧⲁⲗⲁⲗⲉⲓ,καταλαλεω
ⲕⲁⲧⲁⲗⲁⲗⲉⲓⲁ,καταλαλεια
ⲕⲁⲧⲁⲗⲁⲗⲓⲁ,καταλαλια
ⲕⲁⲧⲁⲗⲁⲙⲃⲁⲛⲉ,καταλαμβανε
ⲕⲁⲧⲁⲗⲁⲙⲃⲁⲛⲉ,καταλαμβανω
ⲕⲁⲧⲁⲗⲁⲥⲉ,καταλλασσω
ⲕⲁⲧⲁⲗⲩ,καταλυ
ⲕⲁⲧⲁⲗⲩⲉ,καταλυω
ⲕⲁⲧⲁⲛⲉⲉϥ,ναυτης
ⲕⲁⲧⲁⲛⲉⲉϥ,πληρωμα
ⲕⲁⲧⲁⲛⲉⲩⲉ,κατανευω
ⲕⲁⲧⲁⲛⲟⲏⲥⲓⲥ,κατανοησις
ⲕⲁⲧⲁⲛⲟⲓ,κατανοεω
ⲕⲁⲧⲁⲛⲧⲁ,καταντα
ⲕⲁⲧⲁⲛⲧⲁ,κατανταω
ⲕⲁⲧⲁⲝⲓⲟⲩ,καταξιου
ⲕⲁⲧⲁⲝⲓⲟⲩ,καταξιοω
ⲕⲁⲧⲁⲡⲁⲧⲓ,καταπατεω
ⲕⲁⲧⲁⲡⲉⲧⲁⲥⲙⲁ,καταπετασμα
ⲕⲁⲧⲁⲡⲗⲁⲥⲙⲁ,καταπλασμα
ⲕⲁⲧⲁⲡⲗⲁⲥⲥⲉ,καταπλασσω
ⲕⲁⲧⲁⲡⲟⲛϯⲍⲉ,καταπονϯζε
ⲕⲁⲧⲁⲣⲁ,καταρα
ⲕⲁⲧⲁⲣⲅⲉⲓ,καταργει
ⲕⲁⲧⲁⲣⲅⲉⲓ,καταργεω
ⲕⲁⲧⲁⲣⲭⲏ,καταρχη
ⲕⲁⲧⲁⲥⲕⲉⲩⲏ,κατασκευη
ⲕⲁⲧⲁⲥⲕⲟⲡⲟⲥ,κατασκοπος
ⲕⲁⲧⲁⲥⲡⲟⲣⲁ,κατασπορα
ⲕⲁⲧⲁⲥⲧⲁⲥⲓⲥ,καταστασις
ⲕⲁⲧⲁⲥⲧⲁⲥⲓⲥ,καταστασισ
ⲕⲁⲧⲁⲧⲁⲝⲓⲥ,καταταξις
ⲕⲁⲧⲁⲫⲣⲟⲛⲉⲓ,καταφρονει
ⲕⲁⲧⲁⲫⲣⲟⲛⲉⲓ,καταφρονεω
ⲕⲁⲧⲁⲫⲣⲟⲛⲏⲥⲓⲥ,καταφρονησις
ⲕⲁⲧⲁⲫⲣⲟⲛⲏⲧⲏⲥ,καταφρονητης
ⲕⲁⲧⲁⲫⲣⲟⲛⲏⲧⲏⲥ,καταφρονητησ
ⲕⲁⲧⲁⲫⲣⲟⲛⲓⲛ,καταφρονιν
ⲕⲁⲧⲁⲫⲣⲟⲛⲓⲧⲏⲥ,καταφρονιτησ
ⲕⲁⲧⲁϩⲣⲁⲕⲧⲏⲥ,καταρακτης
ⲕⲁⲧⲁϩⲣⲁⲕⲧⲏⲥ,καταϩρακτησ
ⲕⲁⲧⲉⲭⲉ,κατεχε
ⲕⲁⲧⲉⲭⲉ,κατεχω
ⲕⲁⲧⲏⲅⲟⲣⲉⲓ,κατηγορει
ⲕⲁⲧⲏⲅⲟⲣⲉⲓ,κατηγορεω
ⲕⲁⲧⲏⲅⲟⲣⲓⲁ,κατηγορια
ⲕⲁⲧⲏⲅⲟⲣⲓⲛ,κατηγορεω
ⲕⲁⲧⲏⲅⲟⲣⲟⲥ,κατηγορος
ⲕⲁⲧⲏⲅⲟⲣⲟⲥ,κατηγοροσ
ⲕⲁⲧⲏⲛⲏ,κατηνα
ⲕⲁⲧⲏⲭⲏ,κατεχω
ⲕⲁⲧⲓⲗⲁ,κοτυλη
ⲕⲁⲧⲟ,πλοιον
ⲕⲁⲧⲟ,σκαφος
ⲕⲁⲧⲟⲣⲑⲟⲩ,κατορθου
ⲕⲁⲧⲟⲣⲑⲟⲩ,κατορθοω
ⲕⲁⲧⲟⲣⲑⲱⲙⲁ,κατορθωμα
ⲕⲁⲧⲟⲥ,καδος
ⲕⲁⲧⲟⲭⲏ,κατοχη
ⲕⲁⲧⲟⲭⲟⲥ,κατοχος
ⲕⲁⲧϣⲟϣⲟⲩ,κεραμευς
ⲕⲁⲩⲙⲁ,καυμα
ⲕⲁⲩⲥⲱⲛ,καυσων
ⲕⲁⲩⲧⲏⲣⲓⲍⲉ,καυτηριζω
ⲕⲁⲫⲁⲣⲛⲁⲟⲩⲙ,καφαρναουμ
ⲕⲁⲫⲱⲣⲁ,καφουρα
ⲕⲁⲯⲁ,καψα
ⲕⲁϣ,φυτεια
ⲕⲁϣⲓ,ορος
ⲕⲁϣⲓ,περαω
ⲕⲁϩ,εθνος
ⲕⲁϩ,επαρχια
ⲕⲁϩ,ορεινος
ⲕⲁϩ,τοπος
ⲕⲁϩ,χωριον
ⲕⲁϩⲕ,λειος
ⲕⲁϩⲕϩ,λειος
ⲕⲁϩⲥ,εθος
ⲕⲁϩⲥ,νομιμος
ⲕⲁϩⲥ,νομος
ⲕⲁϩⲥ,πατριος
ⲕⲁϫⲓ,προχοος
ⲕⲃⲁ,αμυνω
ⲕⲃⲁ,αποτινω
ⲕⲃⲁ,τιμωρεω
ⲕⲃⲁ,τιμωρια
ⲕⲃⲁ,τινω
ⲕⲉ,κε
ⲕⲉ-,αλλοιος
ⲕⲉ-,αλλοτε
ⲕⲉ-,διαφορος
ⲕⲉ-,ετερος
ⲕⲉⲃⲉⲣⲛⲓⲧⲏⲥ,κυβερνητης
ⲕⲉⲃⲓⲱⲛ,καβιον
ⲕⲉⲇⲟⲛⲓⲁ,γειτνια
ⲕⲉⲇⲣⲟⲥ,κεδρος
ⲕⲉⲇⲣⲟⲥ,κεδροσ
ⲕⲉⲕⲉ,γνησιος
ⲕⲉⲕⲉ,παιδιον
ⲕⲉⲕⲉ,παις
ⲕⲉⲕⲉ,τεκνον
ⲕⲉⲕⲉ,τεκος
ⲕⲉⲕⲗⲉⲩⲧⲏⲥ,κυκλευτης
ⲕⲉⲗⲁⲫⲟⲥ,κελαφοσ
ⲕⲉⲗⲉⲃⲓⲛ,κελεβιν
ⲕⲉⲗⲉⲛⲕⲉϩ,αγκων
ⲕⲉⲗⲉⲩⲉ,κελευε
ⲕⲉⲗⲉⲩⲉ,κελευω
ⲕⲉⲗⲉⲩⲉⲥⲑⲁⲓ,κελευω
ⲕⲉⲗⲉⲩⲓⲛ,κελευιν
ⲕⲉⲗⲉⲩⲓⲛ,κελευω
ⲕⲉⲗⲉⲩⲙⲁ,κελευμα
ⲕⲉⲗⲉⲩⲥⲓⲥ,κελευσις
ⲕⲉⲗⲉⲩⲥⲓⲥ,κελευσισ
ⲕⲉⲗⲓ,γυιον
ⲕⲉⲗⲓ,μελος
ⲕⲉⲗⲓⲥⲧⲣⲁ,κυλιστρα
ⲕⲉⲗⲗⲟϫ,σκυλαξ
ⲕⲉⲗⲗⲟϫ,σκυμνος
ⲕⲉⲗⲱⲗ,προχοος
ⲕⲉⲗϥⲓ,βλεφαρον
ⲕⲉⲛⲉⲅⲓⲟⲥ,κυνηγος
ⲕⲉⲛⲉⲫⲓⲧⲏⲥ,σιτοποιος
ⲕⲉⲛⲛⲁⲃⲉⲣⲉⲟⲥ,κινναβρι
ⲕⲉⲛⲟⲇⲟⲝⲓⲁ,κενοδοξια
ⲕⲉⲛⲟⲇⲟⲝⲟⲥ,κενοδοξος
ⲕⲉⲛⲟⲕⲉⲫⲁⲗⲟⲛ,κυνοκεφαλος
ⲕⲉⲛⲧⲉⲣⲓⲟⲛ,κεντυριων
ⲕⲉⲛⲧⲏⲛⲁⲣⲓⲟⲛ,κεντηναριον
ⲕⲉⲛⲧⲩⲣⲓⲱⲛ,κεντυριων
ⲕⲉⲡⲉⲗⲉⲟⲥ,καππαρις
ⲕⲉⲣ,ισχιον
ⲕⲉⲣ,μηρα
ⲕⲉⲣ,μηρια
ⲕⲉⲣ,μηρος
ⲕⲉⲣⲁ,κερα
ⲕⲉⲣⲁ,κεραννυμι
ⲕⲉⲣⲁⲍⲉ,κεραννυμι
ⲕⲉⲣⲁⲓⲁ,κειρια
ⲕⲉⲣⲁⲙⲉⲩⲥ,κεραμευς
ⲕⲉⲣⲁⲙⲉⲩⲥ,κεραμευσ
ⲕⲉⲣⲁⲡⲧⲉⲥ,κηριαπτης
ⲕⲉⲣⲁⲥⲙⲁ,κερασμα
ⲕⲉⲣⲁⲧⲥⲉ,κερατιον
ⲕⲉⲣⲃⲟⲩ,κερβερος
ⲕⲉⲣⲉⲁ,κειρια
ⲕⲉⲣⲉⲓⲁ,κειρια
ⲕⲉⲣⲙⲁ,κερμα
ⲕⲉⲣⲱⲛ,κερων
ⲕⲉⲣⲱⲛ,κηριων
ⲕⲉⲥⲁ,αλλοθι
ⲕⲉⲥⲁ,ανευ
ⲕⲉⲥⲁ,ετερωθι
ⲕⲉⲥⲁ,χωρις
ⲕⲉⲥⲟⲡ,αυθι
ⲕⲉⲥⲟⲡ,ειρω
ⲕⲉⲥⲟⲡ,επιστρεφω
ⲕⲉⲥⲟⲡ,ηδη
ⲕⲉⲥⲟⲡ,παλιν
ⲕⲉⲥⲟⲡ,προερεω
ⲕⲉⲥⲟⲡ,συμφημι
ⲕⲉⲥⲧⲱⲛⲁⲣⲓⲟⲥ,κυαιστιωναριος
ⲕⲉⲧⲱⲛ,κοιτων (ii)
ⲕⲉⲫⲁⲗⲁⲓⲟⲛ,κεφαλαιον
ⲕⲉⲫⲁⲗⲁⲓⲱⲧⲏⲥ,κεφαλαιωτης
ⲕⲉⲫⲁⲗⲏ,κεφαλη
ⲕⲉⲫⲁⲗⲓⲥ,κεφαλις
ⲕⲉⲫⲁⲗⲓⲥ,κεφαλισ
ⲕⲉϩⲧⲉ,οσφυς
ⲕⲏ,ακρατης
ⲕⲏ,ακωλυτος
ⲕⲏⲃⲓ,προχοος
ⲕⲏⲙⲉ,αιγυπτιος
ⲕⲏⲙⲉ,αιγυπτος
ⲕⲏⲙⲉⲣⲓⲁⲣⲭⲏⲥ,κειμηλιαρχης
ⲕⲏⲙⲏⲧⲉⲣⲓⲟⲛ,κοιμητηριον
ⲕⲏⲛ,λανθανω
ⲕⲏⲛ,ληγω
ⲕⲏⲛ,ουκετι
ⲕⲏⲛ,παυω
ⲕⲏⲛ,τελεω
ⲕⲏⲛⲥⲟⲥ,κηνσος
ⲕⲏⲛⲥⲟⲥ,κηνσοσ
ⲕⲏⲛⲱⲧⲏⲥ,κοινοτης
ⲕⲏⲡⲟⲥ,κηπος
ⲕⲏⲡⲟⲥ,κηποσ
ⲕⲏⲡⲟⲩⲣⲟⲥ,κηπουρος
ⲕⲏⲣⲟⲩ,κηρος
ⲕⲏⲣⲩⲅⲙⲁ,κηρυγμα
ⲕⲏⲣⲩⲝ,κηρυξ
ⲕⲏⲣⲩⲥⲥⲉ,κηρυσσε
ⲕⲏⲣⲩⲥⲥⲉ,κηρυσσω
ⲕⲏⲧⲟⲥ,κητος
ⲕⲏⲧⲟⲥ,κητοσ
ⲕⲏⲫⲁ,κηφα
ⲕⲏⲫⲉⲟⲥ,κυφι
ⲕⲑⲉⲛⲟⲥ,κτεις
ⲕⲓⲃⲱⲧⲟⲥ,κιβωτος
ⲕⲓⲃⲱⲧⲟⲥ,κιβωτοσ
ⲕⲓⲇⲁⲣⲓⲥ,κιδαρις
ⲕⲓⲇⲁⲣⲓⲥ,κιδαρισ
ⲕⲓⲇⲣⲓⲟⲛ,κιτριον
ⲕⲓⲑⲁⲣⲁ,κιθαρα
ⲕⲓⲑⲁⲣⲱⲧⲟⲥ,κιθαρωδος
ⲕⲓⲕⲓⲥ,κικι
ⲕⲓⲙ,κινησις
ⲕⲓⲙⲓⲛⲟⲩ,κυμινον
ⲕⲓⲛⲁⲙⲟⲛ,κινναμον
ⲕⲓⲛⲇⲩⲛⲉⲩⲉ,κινδυνευε
ⲕⲓⲛⲇⲩⲛⲉⲩⲉ,κινδυνευω
ⲕⲓⲛⲇⲩⲛⲟⲥ,κινδυνος
ⲕⲓⲛⲇⲩⲛⲟⲥ,κινδυνοσ
ⲕⲓⲛⲏⲥⲁⲓ,κινεω
ⲕⲓⲛⲏⲥⲓⲥ,κινησις
ⲕⲓⲛⲛⲁⲙⲱⲙⲟⲛ,κινναμωμον
ⲕⲓⲟⲛ,κιων
ⲕⲓⲥⲓⲣⲉⲟⲥ,κισηρις
ⲕⲓⲥⲥⲟⲥ,κισσος
ⲕⲓⲧⲉ,ευδω
ⲕⲓⲧⲉ,καθευδω
ⲕⲓⲧⲉ,κοιμαω
ⲕⲓⲧⲉ,υπνος
ⲕⲓⲧⲣⲁ,κιτρεα
ⲕⲓⲱⲟⲩ,μαλακος
ⲕⲗⲁⲃⲉⲕⲟⲗⲗⲁⲣⲓⲟⲥ,κλαβικουλαριος
ⲕⲗⲁⲇⲟⲥ,κλαδος
ⲕⲗⲁⲇⲟⲥ,κλαδοσ
ⲕⲗⲁⲗ,αλυσις
ⲕⲗⲁⲗ,δεσμος
ⲕⲗⲁⲥⲙⲁ,κλασμα
ⲕⲗⲁⲥⲙⲁⲧⲓⲍⲉ,κλασματιξω
ⲕⲗⲁⲩⲕⲓⲟⲩ,γλαυκιον
ⲕⲗⲏⲙⲁ,κλημα
ⲕⲗⲏⲣⲓⲕⲟⲥ,κληρικος
ⲕⲗⲏⲣⲓⲕⲟⲥ,κληρικοσ
ⲕⲗⲏⲣⲟⲛⲟⲙⲉⲓ,κληρονομει
ⲕⲗⲏⲣⲟⲛⲟⲙⲉⲓ,κληρονομεω
ⲕⲗⲏⲣⲟⲛⲟⲙⲉⲓⲁ,κληρονομεια
ⲕⲗⲏⲣⲟⲛⲟⲙⲓⲁ,κληρονομια
ⲕⲗⲏⲣⲟⲛⲟⲙⲓⲛ,κληρονομεω
ⲕⲗⲏⲣⲟⲛⲟⲙⲟⲥ,κληρονομος
ⲕⲗⲏⲣⲟⲛⲟⲙⲟⲥ,κληρονομοσ
ⲕⲗⲏⲣⲟⲥ,κληρος
ⲕⲗⲏⲣⲟⲥ,κληροσ
ⲕⲗⲏⲣⲟⲩ,κληροω
ⲕⲗⲏⲩⲭⲱⲛ,γλευκος
ⲕⲗⲓⲙⲁ,κλιμα
ⲕⲗⲗⲉ,βελος
ⲕⲗⲗⲉ,γονυ
ⲕⲗⲗⲉ,κεραυνος
ⲕⲗⲗⲉ,κλειθρον
ⲕⲗⲟ,φαρμακον
ⲕⲗⲟⲙ,ευστεφανος
ⲕⲗⲟⲙ,στεφανος
ⲕⲗⲟⲙ,στεφανοω
ⲕⲗⲟⲟⲗⲉ,νεφελη
ⲕⲗⲟⲟⲗⲉ,νεφεληγερετα
ⲕⲗⲟⲟⲗⲉ,νεφος
ⲕⲗⲟⲡⲏ,κλοπη
ⲕⲗⲯ,πληγη
ⲕⲗϩⲉ,πληγη
ⲕⲗϫⲉ,γωνια
ⲕⲙⲉ,ηεροεις
ⲕⲙⲉ,κνεφας
ⲕⲙⲉ,σκοτος
ⲕⲙⲏⲙⲉ,ηεροεις
ⲕⲙⲏⲙⲉ,κνεφας
ⲕⲙⲏⲙⲉ,σκοτος
ⲕⲙⲧⲟ,σεισμος
ⲕⲛⲟⲥ,οζω
ⲕⲛⲱⲥⲓⲥ,κνωσισ
ⲕⲛϩⲉ,γωνια
ⲕⲛϩⲉ,ηρωος
ⲕⲛϩⲉ,ιερα
ⲕⲛϩⲉ,ναος
ⲕⲛϩⲉ,προθυρον
ⲕⲟ,βους
ⲕⲟ,ταυρος
ⲕⲟⲇⲣⲁⲛⲧⲏⲥ,κοδραντης
ⲕⲟⲉⲓϩ,δεμας
ⲕⲟⲉⲓϩ,δικη
ⲕⲟⲉⲓϩ,ειδος
ⲕⲟⲉⲓϩ,εκαστοτε
ⲕⲟⲉⲓϩ,εμπας
ⲕⲟⲉⲓϩ,ιδεα
ⲕⲟⲉⲓϩ,καλυπτω
ⲕⲟⲉⲓϩ,κολεος
ⲕⲟⲉⲓϩ,παντως
ⲕⲟⲉⲓϩ,πραγμα
ⲕⲟⲉⲓϩ,σχημα
ⲕⲟⲓⲗⲁⲥ,κοιλας
ⲕⲟⲓⲗⲓⲁ,κοιλια
ⲕⲟⲓⲛⲟⲃⲓⲟⲥ,κοινοβιος
ⲕⲟⲓⲛⲟⲛ,κοινον
ⲕⲟⲓⲛⲟⲛⲟⲥ,κοινονοσ
ⲕⲟⲓⲛⲟⲥ,κοινος
ⲕⲟⲓⲛⲱⲛⲉⲓ,κοινωνει
ⲕⲟⲓⲛⲱⲛⲉⲓ,κοινωνεω
ⲕⲟⲓⲛⲱⲛⲓ,κοινωνεω
ⲕⲟⲓⲛⲱⲛⲓⲁ,κοινωνια
ⲕⲟⲓⲛⲱⲛⲟⲥ,κοινωνος
ⲕⲟⲓⲛⲱⲛⲟⲥ,κοινωνοσ
ⲕⲟⲓⲧⲱⲛ,κοιτων
ⲕⲟⲓⲧⲱⲛ,κοιτων (i)
ⲕⲟⲕⲕⲓⲛⲟⲥ,κοκκινος
ⲕⲟⲕⲕⲟⲥ,κοκκος
ⲕⲟⲕⲕⲟⲥ,κοκκοσ
ⲕⲟⲗ’ⲗⲩⲃⲓⲥⲧⲏⲥ,κολλυβιστης
ⲕⲟⲗⲁⲍⲉ,κολαζε
ⲕⲟⲗⲁⲍⲉ,κολαζω
ⲕⲟⲗⲁⲕⲉⲩⲉ,κολακευω
ⲕⲟⲗⲁⲕⲓⲁ,κολακεια
ⲕⲟⲗⲁⲥⲉⲥⲑⲁⲓ,κολαζω
ⲕⲟⲗⲁⲥⲓⲥ,κολασις
ⲕⲟⲗⲁⲥⲓⲥ,κολασισ
ⲕⲟⲗⲁⲥⲧⲏⲣⲓⲟⲛ,κολαστηριον
ⲕⲟⲗⲏⲣⲓⲟⲛ,κολλυριον
ⲕⲟⲗⲗⲁ,κολλαω
ⲕⲟⲗⲗⲁⲑⲉ,κολλαθον
ⲕⲟⲗⲗⲁⲣⲓⲟⲛ,κολλαριον
ⲕⲟⲗⲗⲏⲕⲟⲛ,κολληγιον
ⲕⲟⲗⲗⲓⲟⲛ,κολλυριον
ⲕⲟⲗⲗⲟⲑⲟⲥ,κολλοθοσ
ⲕⲟⲗⲗⲟⲧⲓⲕⲏ,κολλητικος
ⲕⲟⲗⲟⲃⲓⲟⲛ,κολοβιον
ⲕⲟⲗⲟⲃⲟⲥ,κολοβος
ⲕⲟⲗⲟⲃⲟⲥ,κολοβοσ
ⲕⲟⲗⲟⲫⲱⲛⲓⲁⲥ,κολοφωνια
ⲕⲟⲗⲡⲟⲥ,κολπος
ⲕⲟⲗⲡⲥ,κλοπη
ⲕⲟⲗⲩⲃⲏⲑⲣⲁ,κολυβηθρα
ⲕⲟⲗⲩⲙⲃⲏⲑⲣⲁ,κολυμβηθρα
ⲕⲟⲙⲁⲣⲓⲟⲛ,κωμαριον
ⲕⲟⲙⲁⲣⲓⲧⲏⲥ,κωμαριτης
ⲕⲟⲙⲉⲥ,κομης
ⲕⲟⲙⲏⲛⲧⲁⲣⲓⲥⲓⲟⲥ,κομμενταρησιος
ⲕⲟⲙⲏⲧⲁⲧⲟⲛ,κομιτατoν
ⲕⲟⲙⲙⲉ,κομμι
ⲕⲟⲙⲡⲗⲉⲩⲥⲓⲥ,κομπλευσις
ⲕⲟⲛⲇⲣⲁⲛⲧⲏⲥ,κονδραντης
ⲕⲟⲛⲇⲣⲁⲛⲧⲏⲥ,κονδραντησ
ⲕⲟⲛⲓⲁ,κονια
ⲕⲟⲛⲧⲁⲣⲓⲟⲛ,κονταριον
ⲕⲟⲟϩ,αιχμη
ⲕⲟⲟϩ,γωνια
ⲕⲟⲡⲣⲓⲁ,κοπρια
ⲕⲟⲡⲣⲟⲥ,κοπρος
ⲕⲟⲣⲃⲁⲛ,κορβαν
ⲕⲟⲣⲏ,κορη
ⲕⲟⲣⲓⲛⲑⲓⲟⲥ,κορινθιος
ⲕⲟⲣⲓⲛⲑⲟⲥ,κορινθος
ⲕⲟⲣⲓⲛⲑⲟⲥ,κορινθοσ
ⲕⲟⲣⲝ,κοραξ
ⲕⲟⲣϣϥ,κολαξ
ⲕⲟⲥⲕⲥ ⲉⲃⲟⲗ,επαρχω
ⲕⲟⲥⲕⲥ ⲉⲃⲟⲗ,καμπτω
ⲕⲟⲥⲕⲥ ⲉⲃⲟⲗ,μεχρι
ⲕⲟⲥⲙⲉⲓ,κοσμει
ⲕⲟⲥⲙⲉⲓ,κοσμεω
ⲕⲟⲥⲙⲉⲓⲥⲑⲁⲓ,κοσμεω
ⲕⲟⲥⲙⲏⲥⲓⲥ,κοσμησις
ⲕⲟⲥⲙⲏⲥⲓⲥ,κοσμησισ
ⲕⲟⲥⲙⲓⲁ,κοσμιος
ⲕⲟⲥⲙⲓⲕⲟⲛ,κοσμικον
ⲕⲟⲥⲙⲓⲕⲟⲛ,κοσμικος
ⲕⲟⲥⲙⲓⲕⲟⲥ,κοσμικος
ⲕⲟⲥⲙⲟⲕⲣⲁⲧⲱⲣ,κοσμοκρατωρ
ⲕⲟⲥⲙⲟⲡⲟⲓⲟⲥ,κοσμοποιος
ⲕⲟⲥⲙⲟⲥ,κοσμος
ⲕⲟⲥⲙⲟⲥ,κοσμοσ
ⲕⲟⲧ,κανεον
ⲕⲟⲧⲥ,αδολος
ⲕⲟⲧⲥ,δολος
ⲕⲟⲧⲥ,κυκλος
ⲕⲟⲧⲥ,περιβολος
ⲕⲟⲧⲥ,περιοδος
ⲕⲟⲧⲥ,τερμα
ⲕⲟⲧⲥⲓ,κυκλος
ⲕⲟⲧⲥⲓ,περιβολος
ⲕⲟⲧⲥⲓ,περιοδος
ⲕⲟⲩⲓ,κορασιον
ⲕⲟⲩⲓ,μειρακιον
ⲕⲟⲩⲓ,νεανιης
ⲕⲟⲩⲓ,νεανισκος
ⲕⲟⲩⲓ,νεος
ⲕⲟⲩⲕⲉ,ασκος
ⲕⲟⲩⲕⲉ,δερμα
ⲕⲟⲩⲕⲗⲓⲟⲛ,κουκλιον
ⲕⲟⲩⲗⲁⲑⲉ,κολλαθον
ⲕⲟⲩⲙⲫⲟⲥ,κουφος (i)
ⲕⲟⲩⲛ⸗,κολπος
ⲕⲟⲩⲝ,κοⲓξ
ⲕⲟⲩⲣⲓⲥ,καρις
ⲕⲟⲩⲣⲕⲟⲃⲓⲛ,κουκουρβιτα
ⲕⲟⲩⲣⲥⲟⲛ,κουρσωρ
ⲕⲟⲩⲫⲓⲍⲉ,κουφιζω
ⲕⲟⲩⲫⲟⲛ,κουφον
ⲕⲟⲩⲫⲟⲥ,κουφος (ii)
ⲕⲟⲩⲫⲱⲛ,κουφος (ii)
ⲕⲟⲩϣ,κοστος
ⲕⲟⲭⲗⲓⲁⲣⲓⲛ,κοχλιαριον
ⲕⲣⲁⲛⲓⲟⲛ,κρανιον
ⲕⲣⲁⲡⲉⲡ,εποψ
ⲕⲣⲁⲥⲓⲥ,κρασις
ⲕⲣⲁⲥⲓⲥ,κρασισ
ⲕⲣⲁⲧⲏⲣ,κρατηρ
ⲕⲣⲁⲧⲟⲥ,κρατος
ⲕⲣⲁⲧⲟⲥ,κρατοσ
ⲕⲣⲁⲩⲅⲏ,κραυγη
ⲕⲣⲏⲕⲧⲏⲣⲓⲟⲛ,κρατηριον
ⲕⲣⲏⲥⲓⲥ,κρησισ
ⲕⲣⲏⲧⲉⲥ,κρης
ⲕⲣⲏⲧⲏ,κρητη
ⲕⲣⲓⲕⲟⲥ,κρικοσ
ⲕⲣⲓⲙⲁ,κριμα
ⲕⲣⲓⲛⲉ,κρινε
ⲕⲣⲓⲛⲉ,κρινω
ⲕⲣⲓⲛⲓⲛ,κρινω
ⲕⲣⲓⲛⲟⲛ,κρινον
ⲕⲣⲓⲥ,χειρις
ⲕⲣⲓⲥⲓⲥ,κρισις
ⲕⲣⲓⲥⲓⲥ,κρισισ
ⲕⲣⲓⲥⲡⲟⲥ,κρισποσ
ⲕⲣⲓⲧⲏⲣⲓⲟⲛ,κριτηριον
ⲕⲣⲓⲧⲏⲥ,κριτης
ⲕⲣⲓⲧⲏⲥ,κριτησ
ⲕⲣⲙⲉⲥ,κονις
ⲕⲣⲙⲉⲥ,ψηγμα
ⲕⲣⲙⲣⲙ,εγκλημα
ⲕⲣⲙⲧⲥ,αηρ
ⲕⲣⲙⲧⲥ,αχλυς
ⲕⲣⲙⲧⲥ,εμπιμπρημι
ⲕⲣⲙⲧⲥ,ηεροεις
ⲕⲣⲙⲧⲥ,καπνος
ⲕⲣⲙⲧⲥ,κνεφας
ⲕⲣⲙⲧⲥ,ομιχλη
ⲕⲣⲙⲧⲥ,πυρ
ⲕⲣⲙⲧⲥ,πυρφορος
ⲕⲣⲙⲧⲥ,σκοτος
ⲕⲣⲟ,αυλων
ⲕⲣⲟ,λοφος
ⲕⲣⲟ,ορθιος
ⲕⲣⲟ,ορος
ⲕⲣⲟ,φαραγξ
ⲕⲣⲟⲕⲟⲥ,κροκος
ⲕⲣⲟⲕⲟⲩ,κροκος
ⲕⲣⲟⲕⲟⲩⲙⲁⲅⲙⲁⲧⲟⲥ,κροκομαγμα
ⲕⲣⲟⲙⲣⲙ,ηεροεις
ⲕⲣⲟⲙⲣⲙ,κνεφας
ⲕⲣⲟⲙⲣⲙ,σκοτος
ⲕⲣⲟⲛⲟⲥ,κρονοσ
ⲕⲣⲟϥ,ψευδης
ⲕⲣⲟϥ,ψευδοπροφητης
ⲕⲣⲟϥ,ψευδος
ⲕⲣⲩⲥⲑⲁⲗⲟⲓⲥ,κρυσταλλος
ⲕⲣⲩⲥⲧⲁⲗⲗⲟⲛ,κρυσταλλος
ⲕⲣⲩⲥⲧⲁⲗⲗⲟⲥ,κρυσταλλος
ⲕⲧⲁⲥⲑⲁⲓ,κταομαι
ⲕⲧⲉⲯⲩⲭⲏ,κτεψυχη
ⲕⲧⲏⲙⲁ,κτημα
ⲕⲧⲏⲣ,μοσχος
ⲕⲧⲏⲥⲓⲥ,κτησισ
ⲕⲧⲓⲥⲓⲥ,κτισις
ⲕⲧⲓⲥⲓⲥ,κτισισ
ⲕⲧⲓⲥⲙⲁ,κτισμα
ⲕⲧⲟ,τερμα
ⲕⲧⲟ (ⲉϩⲟⲩⲛ),ευθυς
ⲕⲧⲟ (ⲉϩⲟⲩⲛ),κυκλος
ⲕⲧⲟ (ⲉϩⲟⲩⲛ),κυκλοω
ⲕⲧⲟ (ⲉϫⲛ-),ευθυς
ⲕⲩ,κυριος
ⲕⲩⲁⲙⲟⲩ,κυαμος
ⲕⲩⲇⲁⲣⲓⲧⲏⲥ,κιδαριτης
ⲕⲩⲍⲓⲕⲟⲥ,κυζικοσ
ⲕⲩⲕⲗⲟⲥ,κυκλος
ⲕⲩⲕⲗⲟⲥ,κυκλοσ
ⲕⲩⲗⲓⲥⲓⲥ,κυλισις
ⲕⲩⲗⲗⲟⲥ,κυλλος
ⲕⲩⲙⲃⲁⲗⲟⲛ,κυμβαλον
ⲕⲩⲙⲏⲗⲓⲟⲛ,κειμηλιον
ⲕⲩⲛⲇⲩⲛⲟⲥ,κυνδυνοσ
ⲕⲩⲛⲟⲕⲉⲫⲁⲗⲟⲛ,κυνοκεφαλον
ⲕⲩⲡⲁⲣⲓⲥⲥⲟⲥ,κυπαρισσος
ⲕⲩⲡⲏ,κυπη
ⲕⲩⲡⲣⲓⲟⲥ,κυπριος
ⲕⲩⲡⲣⲓⲟⲥ,κυπριοσ
ⲕⲩⲡⲣⲟⲥ,κυπρος
ⲕⲩⲡⲣⲟⲥ,κυπροσ
ⲕⲩⲣⲏⲛⲁⲓⲟⲥ,κυρηναιος
ⲕⲩⲣⲓⲁⲕⲏ,κυριακη
ⲕⲩⲣⲓⲁⲕⲟⲛ,κυριακον
ⲕⲩⲣⲓⲉⲩⲉ,κυριευω
ⲕⲩⲣⲓⲉⲩⲉⲥⲑⲁⲓ,κυριευω
ⲕⲩⲣⲓⲝ,κυριξ
ⲕⲩⲣⲓⲟⲥ,κυριοσ
ⲕⲩⲣⲓⲱⲥ,κυριως
ⲕⲩⲣⲝ,κυρξ
ⲕⲩⲣⲟⲥ,κυρος
ⲕⲩⲣⲟⲥ,κυροσ
ⲕⲩⲣⲟⲩ,κυροω
ⲕⲱ,αγαλμα
ⲕⲱ,ανδριας
ⲕⲱ,εικων
ⲕⲱ (ⲉⲃⲟⲗ),απαλλασσω
ⲕⲱ (ⲉⲃⲟⲗ),απολειπω
ⲕⲱ (ⲉⲃⲟⲗ),απολυω
ⲕⲱ (ⲉⲃⲟⲗ),αποπεμπω
ⲕⲱ (ⲉⲃⲟⲗ),αποστελλω
ⲕⲱ (ⲉⲃⲟⲗ),αφιημι
ⲕⲱ (ⲉⲃⲟⲗ),εκλειπω
ⲕⲱ (ⲉⲃⲟⲗ),εκπεμπω
ⲕⲱ (ⲉⲃⲟⲗ),εκφερω
ⲕⲱ (ⲉⲃⲟⲗ),λυσις
ⲕⲱ (ⲉⲃⲟⲗ),λυω
ⲕⲱ (ⲉⲃⲟⲗ),παραλειπω
ⲕⲱ (ⲉⲃⲟⲗ),προιημι
ⲕⲱ (ⲉⲃⲟⲗ),συγγιγνωσκω
ⲕⲱ (ⲉⲃⲟⲗ),συγγνωμη
ⲕⲱ (ⲉϩⲟⲩⲛ),δεχομαι
ⲕⲱ (ⲉϩⲟⲩⲛ),ομολογεω
ⲕⲱ (ⲉϩⲣⲁⲓ),απολειπω
ⲕⲱ (ⲉϩⲣⲁⲓ),εκκλινω
ⲕⲱ (ⲉϩⲣⲁⲓ),εκλειπω
ⲕⲱ (ⲉϩⲣⲁⲓ),εκτιθημι
ⲕⲱ (ⲉϩⲣⲁⲓ),εκφερω
ⲕⲱ (ⲉϩⲣⲁⲓ),εξελεγχω
ⲕⲱ (ⲉϩⲣⲁⲓ),προιημι
ⲕⲱ (ϩⲓⲃⲟⲗ),διαδιδωμι
ⲕⲱ (ϩⲓⲃⲟⲗ),διανεμω
ⲕⲱ (ϩⲓⲃⲟⲗ),νεμω
ⲕⲱ ⲉⲃⲟⲗ,αφεσις
ⲕⲱ ⲉⲃⲟⲗ,ελευθερια
ⲕⲱ ⲉⲃⲟⲗ,ελευθερος
ⲕⲱ ⲉⲃⲟⲗ,παρρησια
ⲕⲱ ⲉⲃⲟⲗ,συγγνωμη
ⲕⲱ ⲉϩⲣⲁⲓ,επιτηδειος
ⲕⲱ ⲉϩⲣⲁⲓ,σιτος
ⲕⲱ ⲛⲧⲟⲟⲧ⸗ ⲉⲃⲟⲗ,απογιγνωσκω
ⲕⲱ ⲛⲧⲟⲟⲧ⸗ ⲉⲃⲟⲗ,απογνωσις
ⲕⲱ ⲛⲧⲟⲟⲧ⸗ ⲉⲃⲟⲗ,ληγω
ⲕⲱ ⲛⲧⲟⲟⲧ⸗ ⲉⲃⲟⲗ,ουκετι
ⲕⲱ ⲛⲧⲟⲟⲧ⸗ ⲉⲃⲟⲗ,παυω
ⲕⲱ ⲛϩⲏⲧ,πιστευω
ⲕⲱⲃϩ,νευρον
ⲕⲱⲃϩ,τενων
ⲕⲱⲓ,αγκων
ⲕⲱⲗⲉⲙ,επειγω
ⲕⲱⲗⲉⲙ,σπευδω
ⲕⲱⲗⲉⲙ,σπουδη
ⲕⲱⲗⲉⲙ,ταχος
ⲕⲱⲗⲡ,κλοπη
ⲕⲱⲗⲩ,κωλυ
ⲕⲱⲗⲩⲉ,κωλυε
ⲕⲱⲗⲩⲉ,κωλυω
ⲕⲱⲗϩ,πληγη
ⲕⲱⲙⲉⲱⲥ,κομμι
ⲕⲱⲙⲏ,κωμη
ⲕⲱⲙⲟⲡⲟⲗⲓⲥ,κωμοπολισ
ⲕⲱⲙϣ,γελως
ⲕⲱⲙϣ,καταφρονεω
ⲕⲱⲙϣ,καταφρονησις
ⲕⲱⲛⲓⲁ,κωνια
ⲕⲱⲛⲥ,σφαγη
ⲕⲱⲛⲥ,φονος
ⲕⲱⲛⲥⲧⲁⲛⲧⲓⲛⲟⲩⲡⲟⲗⲓⲥ,κωνσταντινουπολισ
ⲕⲱⲡⲓⲥ,κοπις
ⲕⲱⲣⲉⲝ,κοραξ
ⲕⲱⲣⲙ,καπνος
ⲕⲱⲣϣ,πειθω
ⲕⲱⲣϥ,αργια
ⲕⲱⲥ,αταφος
ⲕⲱⲥ,επιταφιος
ⲕⲱⲥ,θαπτω
ⲕⲱⲥ,πυρη
ⲕⲱⲥ,ταφη
ⲕⲱⲥ,ταφος
ⲕⲱⲥⲙⲓⲕⲟⲛ,κωσμικον
ⲕⲱⲥⲧⲁⲛⲧⲓⲛⲟⲩⲡⲟⲗⲓⲥ,κωσταντινουπολισ
ⲕⲱⲥⲧⲱϯⲁ,κουστωδια
ⲕⲱⲧ (ⲉⲃⲟⲗ),κατασκευαζω
ⲕⲱⲧ (ⲉⲃⲟⲗ),οικοδομεω
ⲕⲱⲧⲉ (ⲛⲥⲁ-),ζητεω
ⲕⲱⲧⲱⲛ,κωθων
ⲕⲱⲧϥ,αγειρω
ⲕⲱⲧϥ,συλλεγω
ⲕⲱⲧϥ,συναγω
ⲕⲱⲫⲟⲛ,κωφος
ⲕⲱⲫⲟⲥ,κωφος
ⲕⲱⲱⲃⲉ,αναγκαζω
ⲕⲱⲱⲃⲉ,αναγκη
ⲕⲱⲱⲥ,νεκρος
ⲕⲱⲱⲥ,νεκυς
ⲕⲱⲱϣⲉ,λυω
ⲕⲱⲱϣⲉ,ρηγνυμι
ⲕⲱⲱϣⲉ,σχιζω
ⲕⲱϩ,ημερος
ⲕⲱϩ,λειος
ⲕⲱϯ (ⲛⲧⲉⲛ-),ζητεω
ⲕⲱϯ (ⲥⲁⲃⲟⲗ ⲛ-),περιερχομαι
ⲗⲁ,διαβαλλω
ⲗⲁ,διαβολη
ⲗⲁ,ζηλοω
ⲗⲁ,κακηγορια
ⲗⲁ,φθονεω
ⲗⲁ,φθονος
ⲗⲁⲁⲩ,απρακτος
ⲗⲁⲁⲩ,μηδεις
ⲗⲁⲁⲩ,οτιουν
ⲗⲁⲁⲩ,ουδεις
ⲗⲁⲃⲟⲓ,λεαινα
ⲗⲁⲍⲁⲣⲟⲥ,λαζαροσ
ⲗⲁⲓⲕⲟⲥ,λαⲓκος
ⲗⲁⲓⲛ,σιδηρος
ⲗⲁⲕⲁⲛⲏ,λαγηνα
ⲗⲁⲕⲉⲛⲧ,λεβης
ⲗⲁⲕⲉⲛⲧ,τριπους
ⲗⲁⲕⲕⲟⲥ,λακκος
ⲗⲁⲕⲕⲟⲥ,λακκοσ
ⲗⲁⲕⲛⲧ,λεβης
ⲗⲁⲕⲛⲧ,τριπους
ⲗⲁⲕⲟⲛ,λακον
ⲗⲁⲕⲥⲓ,οριζω
ⲗⲁⲕⲥⲓ,ορος
ⲗⲁⲕⲥⲓ,πεδιλον
ⲗⲁⲕⲧⲓⲍⲉ,λακτιζω
ⲗⲁⲕϩ,γωνια
ⲗⲁⲕϩ,εσχατος
ⲗⲁⲗⲉ,περιχεω
ⲗⲁⲗⲓⲁ,λαλια
ⲗⲁⲙⲡⲁⲥ,λαμπας
ⲗⲁⲙⲡⲁⲥ,λαμπασ
ⲗⲁⲙⲡⲉⲩⲉ,λαμπευε
ⲗⲁⲙⲡⲉⲩⲉ,λαμπευω
ⲗⲁⲙⲡⲏⲇⲱⲛ,λαμπηδων
ⲗⲁⲙⲡⲣⲟⲛ,λαμπρος
ⲗⲁⲙⲡⲣⲟⲥ,λαμπροσ
ⲗⲁⲙⲡⲣⲟⲧⲁⲧⲟⲥ,λαμπροτατος
ⲗⲁⲙⲡⲣⲟⲧⲏⲥ,λαμπροτης
ⲗⲁⲙⲯⲁⲛⲉ,λαμψανη
ⲗⲁⲙϫⲁⲧⲡ,πισσα
ⲗⲁⲙϫⲁⲧⲡ,στρατοπεδευω
ⲗⲁⲛⲑⲁⲛⲉ,λανθανω
ⲗⲁⲟⲥ,λαος
ⲗⲁⲟⲥ,λαοσ
ⲗⲁⲡⲥ,απρακτος
ⲗⲁⲡⲥ,οτιουν
ⲗⲁⲡⲥ,ουδεις
ⲗⲁⲡⲯⲁⲛ,λαψανη
ⲗⲁⲥ,βυσσος
ⲗⲁⲥ,λινον
ⲗⲁⲧ,σελινον
ⲗⲁⲩⲣⲁ,λαυρα
ⲗⲁϥ,ηδυς
ⲗⲁϧⲉⲙ,κλαδος
ⲗⲁϩⲗⲉϩ,ακρος
ⲗⲁϩⲗⲉϩ,μεγεθος
ⲗⲁϩⲗⲉϩ,υψος
ⲗⲁϭⲉ,ακος
ⲗⲁϭⲉ,θεραπεια
ⲗⲁϭⲉ,θεραπευω
ⲗⲁϭⲉ,ιαομαι
ⲗⲁϭⲉ,ληγω
ⲗⲁϭⲉ,ουκετι
ⲗⲁϭⲉ,παυω
ⲗⲉⲃⲏⲥ,λεβης
ⲗⲉⲃⲏⲥ,λεβησ
ⲗⲉⲅⲅⲉⲓⲣⲓⲟⲛ,λυγγουριον
ⲗⲉⲅⲉⲱⲛ,λεγεων
ⲗⲉⲅⲓⲱⲛ,λεγιων
ⲗⲉⲓⲧⲟⲩⲣⲅⲓⲁ,λειτουργια
ⲗⲉⲓⲧⲟⲩⲣⲅⲟⲥ,λειτουργος
ⲗⲉⲓⲧⲟⲩⲣⲅⲟⲥ,λειτουργοσ
ⲗⲉⲕⲧⲟⲩⲙⲉⲛⲟⲥ,λακεδαιμονιος
ⲗⲉⲗⲟⲩ,κορη
ⲗⲉⲗⲟⲩ,παρθενος
ⲗⲉⲙⲏⲏϣⲉ,ηρως
ⲗⲉⲙⲏⲏϣⲉ,προιστημι
ⲗⲉⲛⲧⲓⲟⲛ,λεντιον
ⲗⲉⲝ,λεξις
ⲗⲉⲝⲓⲥ,λεξις
ⲗⲉⲝⲓⲥ,λεξισ
ⲗⲉⲟⲛ,ψελιον
ⲗⲉⲟⲡⲁⲣⲇⲁⲗⲓⲥ,λεοπαρδαλις
ⲗⲉⲟⲩⲉⲓ,λεουει
ⲗⲉⲡⲓⲇⲟⲥ,λεπις
ⲗⲉⲡⲧⲟⲛ,λεπτον
ⲗⲉⲥⲭⲏ,λεσχη
ⲗⲉⲩⲓⲧⲏⲥ,λευιτης
ⲗⲉⲩⲓⲧⲏⲥ,λευιτησ
ⲗⲉⲩⲕⲏ,λευκη
ⲗⲉⲩⲕⲏ,λευκοω
ⲗⲉⲩⲕⲟⲛ,λευκος
ⲗⲉⲩⲕⲟⲩ,λευκος
ⲗⲉⲩⲕⲟⲫⲟⲣⲉⲓ,λευκοφορει
ⲗⲉⲩⲕⲱⲙⲁ,λευκωμα
ⲗⲏⲅⲓⲟⲛ,λυκιον
ⲗⲏⲕⲟⲥ,λυκος
ⲗⲏⲗ,ορμος
ⲗⲏⲙⲙⲁ,λημμα
ⲗⲏⲥⲧⲏⲣⲓⲟⲛ,ληστηριον
ⲗⲏⲥⲧⲏⲥ,ληστης
ⲗⲏⲥⲧⲏⲥ,ληστησ
ⲗⲏⲭⲏ,λειχην
ⲗⲓⲃⲁⲛⲟⲥ,λιβανος
ⲗⲓⲃⲁⲛⲟⲥ,λιβανοσ
ⲗⲓⲃⲁⲛⲟⲩ,λιβανος
ⲗⲓⲃⲉ,απονοια
ⲗⲓⲃⲉ,μαινομαι
ⲗⲓⲃⲉ,μανια
ⲗⲓⲃⲉⲣⲧⲓⲛⲟⲥ,λιβερτινος
ⲗⲓⲑⲁⲣⲕⲉⲣⲟⲛ,λιθαργυρος
ⲗⲓⲑⲁⲣⲕⲩⲣⲟⲩ,λιθαργυρος
ⲗⲓⲑⲟⲩ,λιθος
ⲗⲓⲕⲛⲟⲛ,λικνον
ⲗⲓⲕⲧ,καταπετασμα
ⲗⲓⲕⲧ,σκεπασμα
ⲗⲓⲙⲏⲛ,αγαλμα
ⲗⲓⲙⲏⲛ,ειδωλον
ⲗⲓⲙⲏⲛ,εικων
ⲗⲓⲙⲏⲛ,λιμην
ⲗⲓⲙⲏⲛ,λιμην (ii)
ⲗⲓⲙⲏⲛ,ξοανον
ⲗⲓⲙⲛⲏ,λιμνη
ⲗⲓⲧⲟⲩⲣⲅⲉⲓ,λειτουργεω
ⲗⲓⲧⲟⲩⲣⲅⲓⲁ,λειτουργια
ⲗⲓⲧⲟⲩⲣⲅⲓⲁ,λιτουργια
ⲗⲓⲧⲟⲩⲣⲅⲓⲕⲟⲛ,λειτουργικος
ⲗⲓⲧⲣⲁ,λιτρα
ⲗⲓⲭⲛⲟⲥ,λυχνος
ⲗⲓⲯⲁⲛⲟⲛ,λειψανον
ⲗⲕⲉ,γωνια
ⲗⲕⲉ,καμπτω
ⲗⲟ,επεχω
ⲗⲟ,κωλυω
ⲗⲟ,ληγω
ⲗⲟ,ουκετι
ⲗⲟ,παυω
ⲗⲟ (ⲙⲙⲁⲩ),ληγω
ⲗⲟ (ⲙⲙⲁⲩ),ουκετι
ⲗⲟ (ⲙⲙⲁⲩ),παυω
ⲗⲟ (ⲛ-),ληγω
ⲗⲟ (ⲛ-),ουκετι
ⲗⲟ (ⲛ-),παυω
ⲗⲟ (ⲛⲃⲟⲗ),ληγω
ⲗⲟ (ⲛⲃⲟⲗ),ουκετι
ⲗⲟ (ⲛⲃⲟⲗ),παυω
ⲗⲟ (ϩⲁ-),εαω
ⲗⲟ (ϩⲁ-),εξεστι
ⲗⲟ (ϩⲁ-),επιτρεπω
ⲗⲟ (ϩⲓ-),ληγω
ⲗⲟ (ϩⲓ-),ουκετι
ⲗⲟ (ϩⲓ-),παυω
ⲗⲟ (ϩⲛ-),απαλλασσω
ⲗⲟⲅⲅⲓⲛⲟⲥ,λογγινοσ
ⲗⲟⲅⲏ,λογη
ⲗⲟⲅⲓⲍⲉ,λογιζομαι
ⲗⲟⲅⲓⲕⲏ,λογικος
ⲗⲟⲅⲓⲕⲟⲛ,λογικον
ⲗⲟⲅⲓⲕⲟⲛ,λογικος
ⲗⲟⲅⲓⲕⲟⲥ,λογικος
ⲗⲟⲅⲓⲕⲟⲥ,λογικοσ
ⲗⲟⲅⲓⲥⲙⲟⲥ,λογισμος
ⲗⲟⲅⲓⲥⲙⲟⲥ,λογισμοσ
ⲗⲟⲅⲟⲅⲉⲛⲏⲥ,λογογενης
ⲗⲟⲅⲟⲅⲣⲁⲫⲟⲥ,λογογραφος
ⲗⲟⲅⲟⲥ,λογος
ⲗⲟⲅⲟⲥ,λογοσ
ⲗⲟⲅⲣⲫⲏ,λογογραφεω
ⲗⲟⲅⲭⲏ,λογχη
ⲗⲟⲅⲭⲓⲍⲉ,λογχιζε
ⲗⲟⲅⲭⲓⲍⲉ,λογχιζω
ⲗⲟⲓⲙⲟⲥ,λοιμος
ⲗⲟⲓⲙⲟⲥ,λοιμοσ
ⲗⲟⲓⲡⲁⲥ,λοιπας
ⲗⲟⲓⲡⲟⲛ,λοιπον
ⲗⲟⲓϩⲉ,ρυπαρος
ⲗⲟⲓϭⲉ,αιτια
ⲗⲟⲓϭⲉ,αιτιος
ⲗⲟⲓϭⲉ,αμαρτανω
ⲗⲟⲓϭⲉ,αμαρτημα
ⲗⲟⲓϭⲉ,εγκλημα
ⲗⲟⲓϭⲉ,επιτιμαω
ⲗⲟⲓϭⲉ,κατηγορεω
ⲗⲟⲓϭⲉ,κατηγορια
ⲗⲟⲓϭⲉ,μεμφομαι
ⲗⲟⲓϭⲉ,προφασις
ⲗⲟⲓϭⲉ,ψεγω
ⲗⲟⲕ,κρατηρ
ⲗⲟⲕ,φιαλη
ⲗⲟⲕⲟϫⲓ,ολοκοττινος
ⲗⲟⲗ,κλεις
ⲗⲟⲟⲙⲉ,δελεαρ
ⲗⲟⲟⲩ,δακτυλιος
ⲗⲟⲟⲩ,σφραγις
ⲗⲟⲣⲟⲥ,λωρος
ⲗⲟⲩⲕ,παρεια
ⲗⲟⲩⲕ,παρηις
ⲗⲟⲩⲕⲗⲁⲕ,ασεβημα
ⲗⲟⲩⲕⲗⲁⲕ,πονηρος
ⲗⲟⲩⲗⲁⲓ,βοαω
ⲗⲟⲩⲡⲁⲥ,λοπας
ⲗⲟⲩⲥⲓⲙⲟⲛ,λυσιμον
ⲗⲟⲩⲧⲏⲣ,λουτηρ
ⲗⲟⲩⲧⲏⲣⲓⲟⲛ,λουτηριον
ⲗⲟϥⲗϥ,δωροδοκια
ⲗⲟϥⲗϥ (ⲉⲃⲟⲗ),αναιρεω
ⲗⲟϥⲗϥ (ⲉⲃⲟⲗ),απολλυμι
ⲗⲟϥⲗϥ (ⲉⲃⲟⲗ),διαφθειρω
ⲗⲟϥⲗϥ (ⲉⲃⲟⲗ),ολλυμι
ⲗⲟϥⲗϥ (ⲉⲃⲟⲗ),φθειρω
ⲗⲟϭ,αναιδης
ⲗⲟϭ,αναισχυντος
ⲗⲟϭⲗⲉϭ,ασθενεω
ⲗⲟϭⲗⲉϭ,καμνω
ⲗⲟϭⲗⲉϭ,νοσεω
ⲗⲩⲕⲁⲟⲛⲓⲥⲧⲓ,λυκαονιστι
ⲗⲩⲕⲓⲁ,λυκια
ⲗⲩⲙⲏⲛ,λιμην (i)
ⲗⲩⲙⲏⲛ,λυμην
ⲗⲩⲡⲉⲓ,λυπει
ⲗⲩⲡⲉⲓ,λυπεω
ⲗⲩⲡⲉⲓⲥⲑⲁⲓ,λυπεω
ⲗⲩⲡⲏ,λυπη
ⲗⲩⲧⲣⲁ,λυτρα
ⲗⲩⲭⲛⲓⲁ,λυχνια
ⲗⲩⲭⲛⲓⲕⲟⲛ,λυχνικον
ⲗⲱⲃϣ,κοσμεω
ⲗⲱⲕⲥ,δακνω
ⲗⲱⲕⲥ ⲛⲥⲁ-,δακνω
ⲗⲱⲕϣ,ασθενεια
ⲗⲱⲡⲥⲓ,αιρεω
ⲗⲱⲡⲥⲓ,δακνω
ⲗⲱⲡⲥⲓ,καταλαμβανω
ⲗⲱⲡⲥⲓ,λαμβανω
ⲗⲱⲡⲥⲓ,συλλαμβανω
ⲗⲱⲧⲉ,αναισθησια
ⲗⲱⲧⲓⲝ,λωδιξ
ⲗⲱϩⲙ,εψω
ⲗⲱϩⲙ,ζεω
ⲗⲱϫ,ξυλον
ⲗⲱϫⲕ,ξυλον
ⲗⲱϭⲉ,αποκρυπτω
ⲗⲱϭⲉ,δερμα
ⲗⲱϭⲉ,κρυπτω
ⲙⲁ,δει
ⲙⲁ,ηρωος
ⲙⲁ,ιερα
ⲙⲁ,ναος
ⲙⲁ,ορεινος
ⲙⲁ,προσηκω
ⲙⲁ,τοπος
ⲙⲁ,χωριον
ⲙⲁ ⲙⲙⲟⲟⲛⲉ,λιμην
ⲙⲁ ⲙⲙⲟⲟϣⲉ,κελευθος
ⲙⲁ ⲙⲙⲟⲟϣⲉ,οδος
ⲙⲁ ⲙⲙⲟⲩⲣ,δεσμευω
ⲙⲁ ⲙⲙⲟⲩⲣ,δεσμωτηριον
ⲙⲁ ⲙⲙⲟⲩⲣ,φυλακη
ⲙⲁ ⲙⲡⲱⲣϣ,δεμνιον
ⲙⲁ ⲙⲡⲱⲣϣ,ευνη
ⲙⲁ ⲙⲡⲱⲣϣ,κλινω
ⲙⲁ ⲙⲡⲱⲣϣ,λεχος
ⲙⲁ ⲛⲉⲗⲟⲟⲗⲉ,αμπελων
ⲙⲁ ⲛⲛⲕⲟⲧⲕ,δεμνιον
ⲙⲁ ⲛⲛⲕⲟⲧⲕ,ευνη
ⲙⲁ ⲛⲛⲕⲟⲧⲕ,κλινω
ⲙⲁ ⲛⲛⲕⲟⲧⲕ,λεχος
ⲙⲁ ⲛⲟⲩⲱϩ,οικησις
ⲙⲁ ⲛⲡⲱⲣϫ,ορος
ⲙⲁ ⲛⲥⲑⲟ,διατριβω
ⲙⲁ ⲛⲥⲑⲟ,ιερα
ⲙⲁ ⲛⲥⲓⲛⲓ,διοδος
ⲙⲁ ⲛⲥⲓⲛⲓ,παροδος
ⲙⲁ ⲛⲥⲱⲛϩ,δεσμευω
ⲙⲁ ⲛⲥⲱⲛϩ,δεσμωτηριον
ⲙⲁ ⲛⲥⲱⲛϩ,φυλακη
ⲙⲁ ⲛⲧⲱⲙⲥ,μνημα
ⲙⲁ ⲛⲧⲱⲙⲥ,μνημειον
ⲙⲁ ⲛⲧⲱⲙⲥ,σημα
ⲙⲁ ⲛⲧⲱⲙⲥ,ταφος
ⲙⲁ ⲛⲧⲱⲙⲥ,τυμβος
ⲙⲁ ⲛⲱⲙⲕ,αποσφαζω
ⲙⲁ ⲛⲱⲙⲕ,λαιμος
ⲙⲁ ⲛⲱⲙⲕ,σφαζω
ⲙⲁ ⲛⲱⲧⲡ ⲉϩⲟⲩⲛ,δεσμευω
ⲙⲁ ⲛⲱⲧⲡ ⲉϩⲟⲩⲛ,δεσμωτηριον
ⲙⲁ ⲛⲱⲧⲡ ⲉϩⲟⲩⲛ,φυλακη
ⲙⲁ ⲛϣⲁ,ανατολη
ⲙⲁ ⲛϣⲁ,ηως
ⲙⲁ ⲛϣⲉⲗⲉⲉⲧ,γαμηλιος
ⲙⲁ ⲛϣⲉⲗⲉⲉⲧ,γαμος
ⲙⲁ ⲛϣⲉⲗⲉⲉⲧ,εκδιδωμι
ⲙⲁ ⲛϣⲉⲗⲉⲉⲧ,προιξ
ⲙⲁ ⲛϣⲏⲛ,αλσος
ⲙⲁ ⲛϣⲏⲛ,δρυμος
ⲙⲁ ⲛϣⲏⲛ,υλις
ⲙⲁ ⲛϣⲓⲛⲉ,μαντειον
ⲙⲁ ⲛϣⲓⲛⲉ,μαντευμα
ⲙⲁ ⲛϣⲓⲛⲉ,χρησμος
ⲙⲁ ⲛϣⲓⲛⲉ,χρηστηριος
ⲙⲁ ⲛϣⲱⲗⲙ,μυκτηρ
ⲙⲁ ⲛϣⲱⲗⲙ,ρις
ⲙⲁ ⲛϩⲁⲧⲉ,ρειθρον
ⲙⲁ ⲛϩⲙⲟⲟⲥ,αιδοιος
ⲙⲁ ⲛϩⲱⲧⲡ,δυσις
ⲙⲁ ⲛϩⲱⲧⲡ,εσπερα
ⲙⲁ ⲛϩⲱⲧⲡ,ζεφυρος
ⲙⲁ ⲛϫⲓⲥⲃⲱ,διδασκαλειον
ⲙⲁ ⲛϫⲓⲥⲃⲱ,παλαιστρα
ⲙⲁ ⲛϫⲓⲥⲃⲱ,σχολη
ⲙⲁ ⲛϭⲟϫⲓ,κελευθος
ⲙⲁ ⲛϭⲟϫⲓ,οδος
ⲙⲁ ⲛϯⲥⲃⲱ,διδασκαλειον
ⲙⲁ ⲛϯⲥⲃⲱ,παλαιστρα
ⲙⲁ ⲛϯⲥⲃⲱ,σχολη
ⲙⲁⲁⲃ,τριακοντα
ⲙⲁⲁⲃ,τριακονταετης
ⲙⲁⲁⲃ,τριακοντορος
ⲙⲁⲁⲃ,τρισμυριοι
ⲙⲁⲅⲁⲛⲟⲛ,μαγγανον
ⲙⲁⲅⲁⲣⲓⲍⲉ,μαγαριζε
ⲙⲁⲅⲇⲁⲗⲏⲛⲏ,μαγδαληνη
ⲙⲁⲅⲉⲓⲁ,μαγεια
ⲙⲁⲅⲉⲓⲣⲟⲥ,μαγειροσ
ⲙⲁⲅⲉⲩⲉ,μαγευω
ⲙⲁⲅⲓⲁ,μαγια
ⲙⲁⲅⲓⲣⲟⲥ,μαγειρος
ⲙⲁⲅⲓⲣⲟⲥ,μαγιροσ
ⲙⲁⲅⲟⲥ,μαγος
ⲙⲁⲅⲟⲥ,μαγοσ
ⲙⲁⲅⲟⲩⲥⲁⲓⲟⲥ,μαγουσαιος
ⲙⲁⲉⲓⲛ,σημα
ⲙⲁⲉⲓⲛ,σημειον
ⲙⲁⲉⲓⲛ,σκοπος
ⲙⲁⲑⲏⲙⲁ,μαθημα
ⲙⲁⲑⲏⲙⲁⲧⲁ,μαθημα
ⲙⲁⲑⲏⲧⲉⲩⲉ,μαθητευω
ⲙⲁⲑⲏⲧⲏⲥ,μαθητης
ⲙⲁⲑⲏⲧⲏⲥ,μαθητησ
ⲙⲁⲑⲏⲧⲣⲓⲁ,μαθητρια
ⲙⲁⲓⲁⲣⲭⲱⲛ,μαιαρχων
ⲙⲁⲓⲏ,μεγεθος
ⲙⲁⲓⲗⲟⲅⲟⲥ,μαιλογοσ
ⲙⲁⲓⲡⲉⲭⲣⲓⲥⲧⲟⲥ,μαιπεχριστοσ
ⲙⲁⲓⲭⲣⲓⲥⲧⲟⲥ,μαιχριστοσ
ⲙⲁⲓϣⲙⲙⲟ,ξενιος
ⲙⲁⲓϣⲙⲙⲟ,φιλοξενος
ⲙⲁⲕⲁⲓⲣⲟⲥ,μαγειρος
ⲙⲁⲕⲁⲣⲓⲁ,μακαρια
ⲙⲁⲕⲁⲣⲓⲁ,μακαριος
ⲙⲁⲕⲁⲣⲓⲍⲉ,μακαριζε
ⲙⲁⲕⲁⲣⲓⲍⲉ,μακαριζω
ⲙⲁⲕⲁⲣⲓⲟⲛ,μακαριος
ⲙⲁⲕⲁⲣⲓⲟⲥ,μακαριος
ⲙⲁⲕⲁⲣⲓⲟⲥ,μακαριοσ
ⲙⲁⲕⲁⲣⲓⲟⲧⲏⲥ,μακαριοτης
ⲙⲁⲕⲁⲣⲓⲥⲙⲟⲥ,μακαρισμος
ⲙⲁⲕⲁⲣⲓⲥⲙⲟⲥ,μακαρισμοσ
ⲙⲁⲕⲁⲣⲓⲱⲧⲁⲧⲟⲥ,μακαριωτατος
ⲙⲁⲕⲁⲥ,γενειας
ⲙⲁⲕⲁⲥ,γενειον
ⲙⲁⲕⲁⲥ,πωγων
ⲙⲁⲕⲉⲇⲟⲛⲓⲁ,μακεδονια
ⲙⲁⲕⲉⲗⲗⲟⲥ,μακελλοσ
ⲙⲁⲕⲓⲥ,μαγις
ⲙⲁⲕⲟⲧ,ακοντιζω
ⲙⲁⲕⲟⲧ,ακοντιον
ⲙⲁⲕⲟⲧ,ακοντιστης
ⲙⲁⲕⲟⲩⲣⲓⲁ,μακουρια
ⲙⲁⲕⲣⲟ,πυρος
ⲙⲁⲕⲣⲟ,φατνη
ⲙⲁⲕϩ,αυχην
ⲙⲁⲕϩ,δειρη
ⲙⲁⲕϩ,τραχηλος
ⲙⲁⲗⲁⲃⲁⲑⲣⲟⲛ,μαλαβαθρον
ⲙⲁⲗⲁⲕⲟⲥ,μαλακος
ⲙⲁⲗⲁⲕⲟⲥ,μαλακοσ
ⲙⲁⲗⲁⲕⲧⲱⲛ,μαλακτων
ⲙⲁⲗⲁⲥⲥⲉ,μαλασσω
ⲙⲁⲗⲓⲥⲧⲁ,μαλιστα
ⲙⲁⲗⲗⲟⲛ,μαλλον
ⲙⲁⲙⲱⲛⲁⲥ,μαμωνας
ⲙⲁⲛⲅⲁⲛⲟⲛ,μαγγανον
ⲙⲁⲛⲉ,βοτηρ
ⲙⲁⲛⲉ,βουκολος
ⲙⲁⲛⲉ,νομευς
ⲙⲁⲛⲉⲃⲁⲁⲙⲡⲉ,αιπολος
ⲙⲁⲛⲉⲣⲓⲣ,συβωτης
ⲙⲁⲛⲉⲣⲓⲣ,υφορβος
ⲙⲁⲛⲉⲥⲟⲟⲩ,ποιμην
ⲙⲁⲛⲉϩⲧⲟ,ιπποκομος
ⲙⲁⲛⲏⲩ,βοτηρ
ⲙⲁⲛⲏⲩ,βουκολος
ⲙⲁⲛⲏⲩ,νομευς
ⲙⲁⲛⲓⲁ,μανια
ⲙⲁⲛⲓⲁⲕⲏⲥ,μανιακησ
ⲙⲁⲛⲛⲁ,μαννα (i)
ⲙⲁⲛⲧⲁⲕⲏ,μανδακης
ⲙⲁⲛⲧⲓⲟⲛ,μαντειον
ⲙⲁⲛϭⲁⲗⲉ,εκλεγω
ⲙⲁⲛϭⲁⲗⲉ,λογας
ⲙⲁⲟⲩⲥⲉ,ηπαρ
ⲙⲁⲡⲡⲁ,μαππα
ⲙⲁⲣⲅⲁⲣⲓⲧⲏⲥ,μαργαριτης
ⲙⲁⲣⲅⲁⲣⲓⲧⲏⲥ,μαργαριτησ
ⲙⲁⲣⲕⲁⲣⲓⲧⲏⲥ,μαρκαριτησ
ⲙⲁⲣⲙⲁⲣ,τελαμων
ⲙⲁⲣⲧⲏⲣⲓⲟⲛ,μαρτηριον
ⲙⲁⲣⲧⲩⲣⲉⲥⲑⲁⲓ,μαρτυρεω
ⲙⲁⲣⲧⲩⲣⲓⲁ,μαρτυρια
ⲙⲁⲣⲧⲩⲣⲓⲍⲉ,μαρτυριζω
ⲙⲁⲣⲧⲩⲣⲓⲕⲟⲛ,μαρτυρικος
ⲙⲁⲣⲧⲩⲣⲓⲛ,μαρτυρεω
ⲙⲁⲣⲧⲩⲣⲓⲟⲛ,μαρτυριον
ⲙⲁⲣⲧⲩⲣⲟⲗⲟⲅⲓⲟⲛ,μαρτυρολογιον
ⲙⲁⲣⲧⲩⲣⲟⲥ,μαρτυρος
ⲙⲁⲣⲧⲩⲣⲟⲥ,μαρτυροσ
ⲙⲁⲣⲧⲩⲥ,μαρτυς
ⲙⲁⲣⳇ,μαρτυρεω
ⲙⲁⲥ,γνησιος
ⲙⲁⲥ,παιδιον
ⲙⲁⲥ,παις
ⲙⲁⲥ,τεκνον
ⲙⲁⲥ,τεκος
ⲙⲁⲥ ⲙⲙⲟⲩⲓ,σκυμνος
ⲙⲁⲥ ⲛϩⲧⲟ,πωλος
ⲙⲁⲥ-,αιγιοχος
ⲙⲁⲥ-,ασπιστης
ⲙⲁⲥ-,δρεπανηφορος
ⲙⲁⲥ-,πυρφορος
ⲙⲁⲥⲉ,βους
ⲙⲁⲥⲉ,ταυρος
ⲙⲁⲥⲙⲁⲧⲟⲓ,ξενολογεω
ⲙⲁⲥⲟⲩⲣ,μασουριον
ⲙⲁⲥⲡⲟⲣⲕ,ημιονος
ⲙⲁⲥⲧⲓⲅⲓⲥ,μαστιχη
ⲙⲁⲥⲧⲓⲅⲝ,μαστιγξ
ⲙⲁⲥⲧⲓⲅⲝ,μαστιξ
ⲙⲁⲥⲧⲓⲅⲟⲓⲛ,μαστιγοω
ⲙⲁⲥⲧⲓⲅⲟⲩ,μαστιγου
ⲙⲁⲥⲧⲓⲅⲟⲩ,μαστιγοω
ⲙⲁⲥⲧⲓⲕⲟⲥ,μαστιγος
ⲙⲁⲥⲧⲓⲭⲓⲛ,μαστιχη
ⲙⲁⲥϯⲅⲝ,μασϯγξ
ⲙⲁⲥϯⲭⲁⲓ,μαστιχη
ⲙⲁⲥϯⲭⲉ,μαστιχη
ⲙⲁⲧⲉⲙ,τριαινα
ⲙⲁⲧⲟⲓ,στρατιωτης
ⲙⲁⲧⲟⲓ,στρατος
ⲙⲁⲧⲟⲩ,φαρμακον
ⲙⲁⲧⲣⲱⲛⲁ,ματρωνα
ⲙⲁⲩ ⲙⲙⲟⲛⲓ,μαιον
ⲙⲁⲩ ⲙⲙⲟⲛⲓ,τρεφω
ⲙⲁⲩ ⲙⲙⲟⲛⲓ,τροφος
ⲙⲁⲩⲁⲁ⸗,εις
ⲙⲁⲩⲁⲁ⸗,μονομαχεω
ⲙⲁⲩⲁⲁ⸗,μονομαχια
ⲙⲁⲩⲁⲁ⸗,μονος
ⲙⲁⲩⲁⲁ⸗,μονοω
ⲙⲁⲩⲁⲁ⸗,μωνυξ
ⲙⲁⲩⲁⲁ⸗,οιος
ⲙⲁⲩⲗⲓⲍⲉ,μαυλιζω
ⲙⲁⲩⲣⲱⲧⲁⲛⲓⲁ,μαυρωτανια
ⲙⲁϣⲉ,ζυγος
ⲙⲁϧⲟⲩⲗ,εκλεγω
ⲙⲁϧⲟⲩⲗ,λογας
ⲙⲁϩⲉ,βυσσος
ⲙⲁϩⲉ,λινον
ⲙⲁϫⲉ,εκλεγω
ⲙⲁϫⲉ,λογας
ⲙⲃⲟⲕⲓ,προληψις
ⲙⲃⲟⲛ,κοτος
ⲙⲃⲟⲛ,μηνιμα
ⲙⲃⲟⲛ,μηνις
ⲙⲃⲟⲛ,οργη
ⲙⲃⲟⲛ,χολος
ⲙⲃⲣⲉϩⲓ,αμαξα
ⲙⲉ,αληθεια
ⲙⲉ,αληθης
ⲙⲉ,γνησιος
ⲙⲉ,δικαιος
ⲙⲉ,ευσεβης
ⲙⲉ,οντως
ⲙⲉ,οσιος
ⲙⲉⲅⲉⲑⲟⲥ,μεγεθος
ⲙⲉⲅⲉⲑⲟⲥ,μεγεθοσ
ⲙⲉⲅⲓⲥⲧⲁⲛⲟⲥ,μεγιστανος
ⲙⲉⲅⲓⲥⲧⲁⲛⲟⲥ,μεγιστανοσ
ⲙⲉⲉⲣⲉ,μεσημβρια
ⲙⲉⲉⲩⲉ,διανοια
ⲙⲉⲉⲩⲉ,φρονεω
ⲙⲉⲉⲩⲉ (ⲉϩⲟⲩⲛ ⲉ-),δικαιοω
ⲙⲉⲉⲩⲉ (ⲉϩⲟⲩⲛ ⲉ-),οιομαι
ⲙⲉⲉⲩⲉ ⲛϩⲏⲧ,διανοια
ⲙⲉⲉⲩⲉ ⲛϩⲏⲧ,φρονεω
ⲙⲉⲍⲉⲧⲉⲓⲁ,μεσιτεια
ⲙⲉⲓⲗⲓⲟⲛ,μειλιον
ⲙⲉⲗⲁ,μελα
ⲙⲉⲗⲁⲛ,μελαν
ⲙⲉⲗⲁⲛⲟⲥ,μελανος
ⲙⲉⲗⲉⲓ,μελει
ⲙⲉⲗⲉⲧⲁ,μελετα
ⲙⲉⲗⲉⲧⲁ,μελεταω
ⲙⲉⲗⲉⲧⲏ,μελετη
ⲙⲉⲗⲉⲧⲏⲥⲓⲥ,μελετησις
ⲙⲉⲗⲉⲧⲟⲛ,μελεταω
ⲙⲉⲗⲏⲧⲁ,μελητα
ⲙⲉⲗⲓ,μελι
ⲙⲉⲗⲓ,μελω
ⲙⲉⲗⲓⲗⲓⲧⲟⲛ,μελιλωτον
ⲙⲉⲗⲟⲅⲣⲁⲫⲟⲥ,μελογραφος
ⲙⲉⲗⲟⲡⲉⲡⲱⲛ,μηλοπεπων
ⲙⲉⲗⲟⲥ,μελος
ⲙⲉⲗⲟⲥ,μελοσ
ⲙⲉⲗⲱⲧⲏ,μελωτη
ⲙⲉⲙⲯⲩⲥⲓⲥ,μεμψις
ⲙⲉⲛ,μεν
ⲙⲉⲛⲉⲩⲉ,μηνυω
ⲙⲉⲛⲧⲟⲓ,μεντοι
ⲙⲉⲛⲧⲟⲓⲅⲉ,μεντοιγε
ⲙⲉⲣⲁⲛ,πυρος
ⲙⲉⲣⲁⲛ,φατνη
ⲙⲉⲣⲉϩ,ακοντιζω
ⲙⲉⲣⲉϩ,ακοντιον
ⲙⲉⲣⲉϩ,ακοντιστης
ⲙⲉⲣⲓⲍⲉ,μεριζε
ⲙⲉⲣⲓⲍⲉ,μεριζω
ⲙⲉⲣⲓⲕⲟⲛ,μερικος
ⲙⲉⲣⲓⲕⲟⲥ,μερικος
ⲙⲉⲣⲓⲙⲛⲁ,μεριμναω
ⲙⲉⲣⲓⲥ,μερις
ⲙⲉⲣⲓⲥ,μερισ
ⲙⲉⲣⲓⲥⲙⲟⲥ,μερισμος
ⲙⲉⲣⲓⲧ,φιλτατος
ⲙⲉⲣⲕⲟⲩⲣⲓⲟⲥ,μερκουριοσ
ⲙⲉⲣⲟⲥ,μερος
ⲙⲉⲣⲟⲥ,μεροσ
ⲙⲉⲣⲟⲩⲥ,μερουσ
ⲙⲉⲣⲣⲁ,μοιρα
ⲙⲉⲥⲁⲥⲉ,μεσαζω
ⲙⲉⲥⲏⲙⲃⲣⲓⲁ,μεσημβρια
ⲙⲉⲥⲑⲏⲧ,μαστος
ⲙⲉⲥⲑⲏⲧ,στερνον
ⲙⲉⲥⲑⲏⲧ,στηθος
ⲙⲉⲥⲓⲧⲏⲥ,μεσιτης
ⲙⲉⲥⲓⲧⲏⲥ,μεσιτησ
ⲙⲉⲥⲓⲱ,μαιον
ⲙⲉⲥⲓⲱ,τρεφω
ⲙⲉⲥⲓⲱ,τροφος
ⲙⲉⲥⲓⲱϯ,κοιλια
ⲙⲉⲥⲓⲱϯ,νηδυς
ⲙⲉⲥⲟⲡⲟⲧⲁⲙⲓⲁ,μεσοποταμια
ⲙⲉⲥⲟⲡⲟⲧⲟⲙⲓⲁ,μεσοποτομια
ⲙⲉⲥⲟⲥ,μεσος
ⲙⲉⲥⲟⲥ,μεσοσ
ⲙⲉⲥⲟⲧⲏⲥ,μεσοτης
ⲙⲉⲥⲟⲩⲁⲫⲓ,μεσουαφι
ⲙⲉⲥⲟⲩⲣⲁⲛⲏⲙⲁ,μεσουρανημα
ⲙⲉⲧⲁ,μετα
ⲙⲉⲧⲁⲃⲟⲗⲏ,μεταβολη
ⲙⲉⲧⲁⲃⲟⲗⲟⲥ,μεταβολοσ
ⲙⲉⲧⲁⲅⲁⲑⲟⲥ,μεταγαθοσ
ⲙⲉⲧⲁⲅⲅⲓⲥⲙⲟⲥ,μεταγγισμος
ⲙⲉⲧⲁⲅⲅⲓⲥⲙⲟⲥ,μεταγγισμοσ
ⲙⲉⲧⲁⲅⲉⲛⲏⲥ,μεταγενησ
ⲙⲉⲧⲁⲅⲓⲟⲥ,μεταγιοσ
ⲙⲉⲧⲁⲑⲙⲱⲟⲩ,αυχμος
ⲙⲉⲧⲁⲗⲗⲟⲛ,μεταλλον
ⲙⲉⲧⲁⲙⲉⲗⲏⲥ,μεταμελησ
ⲙⲉⲧⲁⲙⲟⲣⲫⲟⲩ,μεταμορφοω
ⲙⲉⲧⲁⲛⲟⲉⲓ,μετανοει
ⲙⲉⲧⲁⲛⲟⲉⲓ,μετανοεω
ⲙⲉⲧⲁⲛⲟⲓⲁ,μετανοια
ⲙⲉⲧⲁⲛⲟⲙⲟⲥ,μετανομοσ
ⲙⲉⲧⲁⲡⲟⲥⲧⲟⲗⲟⲥ,μεταποστολοσ
ⲙⲉⲧⲁⲣⲭⲓⲉⲣⲉⲩⲥ,μεταρχιερευσ
ⲙⲉⲧⲁⲣⲭⲓⲧⲉⲕ,μεταρχιτεκ
ⲙⲉⲧⲁⲥⲉⲃⲏⲥ,μετασεβησ
ⲙⲉⲧⲁⲥⲑⲉⲛⲏⲥ,μετασθενησ
ⲙⲉⲧⲁⲥⲑⲏⲛⲏⲥ,μετασθηνησ
ⲙⲉⲧⲁⲧⲕⲁⲕⲓⲁ,μετατκακια
ⲙⲉⲧⲁⲧⲕⲁϯ,αγνοια
ⲙⲉⲧⲁⲧⲕⲁϯ,αμαθια
ⲙⲉⲧⲁⲧϣⲁⲙⲟⲛⲓ ⲛⲧⲉⲛ-,ακολασια
ⲙⲉⲧⲁⲧϣⲁⲙⲟⲛⲓ ⲛⲧⲉⲛ-,ακρασια
ⲙⲉⲧⲁⲧϫⲓⲙⲓ,ανεπιστημοσυνη
ⲙⲉⲧⲁⲧϫⲓⲙⲓ,απαιδευσια
ⲙⲉⲧⲁⲧϫⲓⲙⲓ,απορια
ⲙⲉⲧⲁⲧϯⲁⲕⲣⲓⲥⲓⲥ,μετατϯακρισισ
ⲙⲉⲧⲁϣⲁⲓ,αριθμος
ⲙⲉⲧⲁϣⲁⲓ,οχλος
ⲙⲉⲧⲁϣⲁⲓ,περισσος
ⲙⲉⲧⲁϣⲁⲓ,πληθος
ⲙⲉⲧⲁϣⲁⲓ,πληθω
ⲙⲉⲧⲁϣⲓⲗⲓ,ενεργεια
ⲙⲉⲧⲃⲱⲕ,δουλευω
ⲙⲉⲧⲇⲟⲗⲟⲥ,μετδολοσ
ⲙⲉⲧⲉⲡⲓ,μετεπι
ⲙⲉⲧⲉⲡⲓⲥⲕⲟⲡⲟⲥ,μετεπισκοποσ
ⲙⲉⲧⲉⲩⲥⲉⲃⲏⲥ,μετευσεβησ
ⲙⲉⲧⲉⲭⲉ,μετεχε
ⲙⲉⲧⲉⲭⲉ,μετεχω
ⲙⲉⲧⲑⲟϧⲧⲉϧ,μιγνυμι
ⲙⲉⲧⲑⲟϧⲧⲉϧ,ομιλια
ⲙⲉⲧⲑⲟϧⲧⲉϧ,συγγιγνομαι
ⲙⲉⲧⲑⲟϧⲧⲉϧ,συζαω
ⲙⲉⲧⲑⲟϧⲧⲉϧ,συνουσια
ⲙⲉⲧⲓⲟⲣϩ,συνεσις
ⲙⲉⲧⲕⲱⲧ,οικοδομημα
ⲙⲉⲧⲙⲟⲛⲁⲭⲟⲥ,μετμοναχοσ
ⲙⲉⲧⲙⲟⲩⲛⲁⲭⲟⲥ,μετμουναχοσ
ⲙⲉⲧⲛⲁϩϯ,απιστια
ⲙⲉⲧⲛⲁϩϯ,πιστις
ⲙⲉⲧⲛⲁϩϯ,πιστος
ⲙⲉⲧⲟⲓⲕⲟⲛⲟⲙⲟⲥ,μετοικονομοσ
ⲙⲉⲧⲟⲩⲥⲓⲁ,μετουσια
ⲙⲉⲧⲟⲭⲟⲥ,μετοχος
ⲙⲉⲧⲟⲭⲟⲥ,μετοχοσ
ⲙⲉⲧⲟϫⲓ,αδικεω
ⲙⲉⲧⲟϫⲓ,αδικια
ⲙⲉⲧⲟϫⲓ,αδικος
ⲙⲉⲧⲡⲁⲣⲁⲛⲟⲙⲟⲥ,μετπαρανομοσ
ⲙⲉⲧⲡⲁⲣⲑⲉⲛⲟⲥ,μετπαρθενοσ
ⲙⲉⲧⲡⲉⲣⲓⲉⲣⲅⲟⲥ,μετπεριεργοσ
ⲙⲉⲧⲡⲣⲉⲥⲃⲩⲧⲉⲣⲟⲥ,μετπρεσβυτεροσ
ⲙⲉⲧⲣⲉⲙⲛⲃⲁⲕⲓ,πολιτεια
ⲙⲉⲧⲣⲉⲙϧⲉⲛⲏⲓ,αγχιστεια
ⲙⲉⲧⲣⲉⲙϧⲉⲛⲏⲓ,συγγενεια
ⲙⲉⲧⲣⲉϥⲁⲙⲟⲛⲓ ⲛⲧⲉⲛ-,καρτερεω
ⲙⲉⲧⲣⲉϥⲁⲙⲟⲛⲓ ⲛⲧⲉⲛ-,καρτερια
ⲙⲉⲧⲣⲉϥⲟⲩⲉⲙϩⲏⲧ,μετανοια
ⲙⲉⲧⲣⲉϥϫⲉⲙϯⲡⲉ,γευω
ⲙⲉⲧⲣⲉϥϯ (ⲉϧⲟⲩⲛ ⲉϩⲣⲛ-),αντιλεγω
ⲙⲉⲧⲣⲉϥϯ (ⲉϧⲟⲩⲛ ⲉϩⲣⲛ-),εναντιοομαι
ⲙⲉⲧⲣⲉϥϯ ⲟⲩⲃⲉ-,αντιλεγω
ⲙⲉⲧⲣⲉϥϯ ⲟⲩⲃⲉ-,εναντιοομαι
ⲙⲉⲧⲣⲉϥϯⲑⲱϧ,συγχυσις
ⲙⲉⲧⲣⲉϥϯⲑⲱϧ,ταρασσω
ⲙⲉⲧⲣⲉϥϯⲑⲱϧ,ταραχη
ⲙⲉⲧⲣⲉϥϯⲧⲟⲟⲧ⸗,αμυνω
ⲙⲉⲧⲣⲉϥϯⲧⲟⲟⲧ⸗,αρηγω
ⲙⲉⲧⲣⲉϥϯⲧⲟⲟⲧ⸗,βοηθεια
ⲙⲉⲧⲣⲉϥϯⲧⲟⲟⲧ⸗,βοηθεω
ⲙⲉⲧⲣⲉϥϯⲧⲟⲟⲧ⸗,ωφελεω
ⲙⲉⲧⲣⲏⲧⲏⲥ,μετρητης
ⲙⲉⲧⲣⲟⲛ,μετρον
ⲙⲉⲧⲥⲉⲃ,αδολος
ⲙⲉⲧⲥⲉⲃ,δολος
ⲙⲉⲧⲥⲉⲙⲛⲟⲥ,μετσεμνοσ
ⲙⲉⲧⲥⲱⲓⲧ,ευκλεια
ⲙⲉⲧⲥⲱⲓⲧ,κλεος
ⲙⲉⲧⲥⲱⲓⲧ,φημη
ⲙⲉⲧⲧⲃⲃⲟ,καθαρος
ⲙⲉⲧⲫⲓⲗⲟⲥⲟⲫⲟⲥ,μετφιλοσοφοσ
ⲙⲉⲧⲭⲏⲣⲁ,μετχηρα
ⲙⲉⲧⲭⲣⲓⲥⲧⲟⲥ,μετχριστοσ
ⲙⲉⲧⲱϣ,απειλεω
ⲙⲉⲧⲱϣ,απειλη
ⲙⲉⲧⲱϣ,επαγγελια
ⲙⲉⲧⲱϣ,επαγγελλω
ⲙⲉⲧⲱϣ,υπισχνεομαι
ⲙⲉⲧⲱϣ,υποσχεσις
ⲙⲉⲧϣⲁⲙϣⲉⲛⲟⲩϯ,ευσεβεια
ⲙⲉⲧϣⲁⲙϣⲉⲛⲟⲩϯ,ευσεβης
ⲙⲉⲧϣⲁⲙϣⲉⲛⲟⲩϯ,οσιος
ⲙⲉⲧϣⲁⲛⲑⲙⲁϧⲧ,ελεεω
ⲙⲉⲧϣⲁⲛⲑⲙⲁϧⲧ,ελεος
ⲙⲉⲧϣⲁⲛⲑⲙⲁϧⲧ,οικτος
ⲙⲉⲧϣⲁⲛⲑⲙⲁϧⲧ,σπλαγχνιζομαι
ⲙⲉⲧϣⲧⲱⲣⲉ,εγγυαω
ⲙⲉⲧϣⲧⲱⲣⲉ,εγγυητος
ⲙⲉⲧϩⲁⲡⲗⲟⲩⲥ,μετϩαπλουσ
ⲙⲉⲧϩⲏⲅⲉⲙⲱⲛ,μετϩηγεμων
ⲙⲉⲧϩⲟⲩⲟ,αφθονια
ⲙⲉⲧϩⲟⲩⲟ,αφθονος
ⲙⲉⲧϫⲉⲣⲏϫ,διωκω
ⲙⲉⲧϫⲉⲣⲏϫ,θηραω
ⲙⲉⲧϫⲉⲣⲏϫ,θηρευω
ⲙⲉⲧϫⲓⲙⲓ,ουσια
ⲙⲉϣϣⲱⲧ,αγρος
ⲙⲉϣϣⲱⲧ,αρουρα
ⲙⲉϣϣⲱⲧ,δηλος
ⲙⲉϣϣⲱⲧ,επιστρατευω
ⲙⲉϣϣⲱⲧ,πεδιον
ⲙⲉϣϣⲱⲧ,στρατευω
ⲙⲉϩⲣⲟ,κοπρος
ⲙⲉϩⲣⲱ⸗,αιρεω
ⲙⲉϩⲣⲱ⸗,δακνω
ⲙⲉϩⲣⲱ⸗,καταλαμβανω
ⲙⲉϩⲣⲱ⸗,λαμβανω
ⲙⲉϩⲣⲱ⸗,συλλαμβανω
ⲙⲉϩⲥⲛⲁⲩ,δευτερος
ⲙⲉϩⲥⲛⲁⲩ,επειτα
ⲙⲉϩϯⲟⲩ,πεμπτος
ⲙⲉϭⲧⲱⲗ,πυργος
ⲙⲏ,μη
ⲙⲏⲃⲣⲁⲛⲟⲛ,μεμβρανον
ⲙⲏⲇⲟⲥ,μηδος
ⲙⲏⲇⲟⲥ,μηδοσ
ⲙⲏⲏϣⲉ,οχλος
ⲙⲏⲏϣⲉ,στρατευμα
ⲙⲏⲏϣⲉ,στρατιωτης
ⲙⲏⲗⲁ,μηλον
ⲙⲏⲛⲉⲩⲉ,μηνευε
ⲙⲏⲡⲟⲧⲉ,μηποτε
ⲙⲏⲡⲱⲥ,μηπως
ⲙⲏⲡⲱⲥ,μηπωσ
ⲙⲏⲣⲙⲉⲥⲧⲉⲛϩⲏⲧ,ζωνη
ⲙⲏⲣⲙⲉⲥⲧⲉⲛϩⲏⲧ,ζωστηρ
ⲙⲏⲣⲟⲥ,μηρος
ⲙⲏⲣⲟⲥ,μηροσ
ⲙⲏⲣϣ,ερυθρος
ⲙⲏⲥⲉ,συμφερω
ⲙⲏⲥⲉ,τοκος
ⲙⲏⲧ,αληθεια
ⲙⲏⲧ,αληθης
ⲙⲏⲧ,κεδνος
ⲙⲏⲧ,οντως
ⲙⲏⲧⲉ,μεσος
ⲙⲏⲧⲉ,μεσοτης
ⲙⲏⲧⲓ,μητι
ⲙⲏⲧⲣⲁ,μητρα
ⲙⲏⲧⲣⲟⲡⲁⲧⲱⲣ,μητροπατωρ
ⲙⲏⲧⲣⲟⲡⲟⲗⲓⲥ,μητροπολις
ⲙⲏⲧⲣⲟⲡⲟⲗⲓⲥ,μητροπολισ
ⲙⲏⲭⲁⲛⲏ,μηχανη
ⲙⲏⲭⲁⲛⲏⲕⲟⲛ,μηχανικος
ⲙⲓⲅⲙⲁ,μιγμα
ⲙⲓⲕⲉ,αλλος
ⲙⲓⲕⲉ,αναπαυω
ⲙⲓⲕⲉ,λοιπος
ⲙⲓⲗⲓⲟⲛ,μιλιον
ⲙⲓⲗⲓⲟⲥ,μιλιον
ⲙⲓⲗⲟⲥ,μιλος
ⲙⲓⲗⳇ,μιλιαρησιον
ⲙⲓⲙⲏⲥⲓⲥ,μιμησις
ⲙⲓⲛⲉ,οποιος
ⲙⲓⲛⲉ,παντοδαπος
ⲙⲓⲛⲉ,παντοιος
ⲙⲓⲛⲉ,ποιος
ⲙⲓⲛⲉ,τοιουτος
ⲙⲓⲝⲓⲥ,μιξις
ⲙⲓⲟⲗⲱⲛ,ασφαλτος
ⲙⲓⲥⲉ,γενεα
ⲙⲓⲥⲉ,γενεσις
ⲙⲓⲥⲉ,γονος
ⲙⲓⲥⲉ,εκγονος
ⲙⲓⲥⲉⲟⲥ,μισυ
ⲙⲓⲥⲑⲟⲥ,μισθος
ⲙⲓⲥⲑⲱⲥⲓⲥ,μισθωσις
ⲙⲓⲥⲑⲱⲧⲏⲥ,μισθωτης
ⲙⲓⲥⲑⲱⲧⲏⲥ,μισθωτησ
ⲙⲓⲥⲟⲡⲟⲛⲏⲣⲟⲛ,μισοπονηρος
ⲙⲓⲥⲧⲣⲁⲛⲟⲥ,μυστρον
ⲙⲓⲧ,σελινον
ⲙⲓⲧⲁⲧⲱⲣ,μητατωρ
ⲙⲓⲧⲣⲁ,μιτρα
ⲙⲓϣⲉ,διαφερω
ⲙⲓϣⲉ,διαφορα
ⲙⲓϣⲉ,εχθρη
ⲙⲓϣⲉ,νεικος
ⲙⲓϣⲉ (ⲉ-),επιτιθημι
ⲙⲓϣⲉ (ⲉ-),επιχειρεω
ⲙⲓϣⲉ (ⲙⲛ-),νεικεω
ⲙⲕⲁϩ,αλγος
ⲙⲕⲁϩ,απορια
ⲙⲕⲁϩ,αχος
ⲙⲕⲁϩ,λυπη
ⲙⲕⲁϩ,μογις
ⲙⲕⲁϩ,μολις
ⲙⲕⲁϩ,πενθος
ⲙⲕⲁϩ,χαλεπος
ⲙⲕⲁϩ ⲛϩⲏⲧ,αλγος
ⲙⲕⲁϩ ⲛϩⲏⲧ,αχος
ⲙⲕⲁϩ ⲛϩⲏⲧ,λυπη
ⲙⲕⲁϩ ⲛϩⲏⲧ,πενθος
ⲙⲗⲁϧ,διαφερω
ⲙⲗⲁϧ,διαφορα
ⲙⲗⲁϧ,εχθρη
ⲙⲗⲁϧ,νεικος
ⲙⲗⲁϩ,διαφερω
ⲙⲗⲁϩ,διαφορα
ⲙⲗⲁϩ,εχθρη
ⲙⲗⲁϩ,νεικος
ⲙⲗϩ,αλμυρος
ⲙⲗϩ,αλς
ⲙⲙⲁϣⲱ,παροξυνω
ⲙⲙⲓⲛ,δεω
ⲙⲙⲓⲛ,καλος
ⲙⲙⲓⲛ,προσηκω
ⲙⲙⲛϣϭⲟⲙ (ⲙⲙⲟ⸗),αρχη
ⲙⲙⲛϣϭⲟⲙ (ⲙⲙⲟ⸗),δυναμαι
ⲙⲙⲛϣϭⲟⲙ (ⲙⲙⲟ⸗),δυναμις
ⲙⲙⲛϣϭⲟⲙ (ⲙⲙⲟ⸗),εξουσια
ⲙⲛⲁⲓ,αυτοθεν
ⲙⲛⲁⲓ,δευρο
ⲙⲛⲁⲓ,διοπερ
ⲙⲛⲁⲓ,ενθενδε
ⲙⲛⲁⲓ,εντευθεν
ⲙⲛⲁⲓ,οθεν
ⲙⲛⲁⲓ,ωστε
ⲙⲛⲏ,εκεισε
ⲙⲛⲏⲙⲏ,μνημη
ⲙⲛⲟⲧ,μαστος
ⲙⲛⲟⲧ,στερνον
ⲙⲛⲟⲧ,στηθος
ⲙⲛⲧⲁⲅⲁⲑⲟⲥ,μνταγαθοσ
ⲙⲛⲧⲁⲕⲁⲑⲁⲣⲧⲟⲥ,μντακαθαρτοσ
ⲙⲛⲧⲁⲕⲣⲓⲃⲏⲥ,μντακριβησ
ⲙⲛⲧⲁⲙⲉⲗⲏⲥ,μνταμελησ
ⲙⲛⲧⲁⲛⲁⲓⲥⲑⲏⲧⲟⲥ,μνταναισθητοσ
ⲙⲛⲧⲁⲡⲓⲥⲧⲟⲥ,μνταπιστοσ
ⲙⲛⲧⲁⲡⲟⲥⲧⲟⲗⲟⲥ,μνταποστολοσ
ⲙⲛⲧⲁⲡⲟⲥⲧⲟⲥ,μνταποστοσ
ⲙⲛⲧⲁⲡⲟⲧⲁⲕⲧⲓⲕⲟⲥ,μνταποτακτικοσ
ⲙⲛⲧⲁⲡϭⲗⲁ,απατη
ⲙⲛⲧⲁⲡϭⲗⲁ,διαβαλλω
ⲙⲛⲧⲁⲡϭⲗⲁ,διαβολη
ⲙⲛⲧⲁⲡϭⲗⲁ,κακηγορια
ⲙⲛⲧⲁⲣⲅⲟⲥ,μνταργοσ
ⲙⲛⲧⲁⲣⲭⲏⲉⲡⲓⲥⲕⲟⲡⲟⲥ,μνταρχηεπισκοποσ
ⲙⲛⲧⲁⲣⲭⲓⲉⲣⲉⲩⲥ,μνταρχιερευσ
ⲙⲛⲧⲁⲥⲉⲃⲏⲥ,μντασεβησ
ⲙⲛⲧⲁⲥⲑⲉⲛⲏⲥ,μντασθενησ
ⲙⲛⲧⲁⲧⲁⲙⲁϩⲧⲉ,ακρασια
ⲙⲛⲧⲁⲧⲉⲓⲙⲉ,αγνοια
ⲙⲛⲧⲁⲧⲉⲓⲙⲉ,αμαθια
ⲙⲛⲧⲁⲧⲙⲟⲩ,αθανασια
ⲙⲛⲧⲁⲧⲛⲁϩⲧⲉ,απιστια
ⲙⲛⲧⲁⲧⲥⲃⲱ,αμαθια
ⲙⲛⲧⲁⲧⲥⲉⲓ,απληστια
ⲙⲛⲧⲁⲧⲥⲉⲓ,πλεονεξια
ⲙⲛⲧⲁⲧⲥⲟⲟⲩⲛ,αγνοια
ⲙⲛⲧⲁⲧⲥⲟⲟⲩⲛ,αμαθια
ⲙⲛⲧⲁⲧⲥⲱⲧⲙ,απειθεια
ⲙⲛⲧⲁⲧϣⲓⲡⲉ,αναιδεια
ⲙⲛⲧⲁⲧϣⲓⲡⲉ,αναισχυντια
ⲙⲛⲧⲁⲧϩⲛⲁⲩ,απορια
ⲙⲛⲧⲁⲧϩⲛⲁⲩ,πενης
ⲙⲛⲧⲁⲧϩⲛⲁⲩ,πενια
ⲙⲛⲧⲁⲧϩⲟⲧⲉ,αναιδεια
ⲙⲛⲧⲁⲧϩⲟⲧⲉ,αναισχυντια
ⲙⲛⲧⲁⲧϩⲟⲧⲉ,αφοβια
ⲙⲛⲧⲁⲧϭⲟⲙ,αδυναμια
ⲙⲛⲧⲁⲩⲑⲁⲇⲏⲥ,μνταυθαδησ
ⲙⲛⲧⲃⲁⲃⲉⲣⲱⲙⲉ,αλαζονεια
ⲙⲛⲧⲃⲗⲗⲉ,ατη
ⲙⲛⲧⲇⲓⲕⲁⲓⲟⲥ,μντδικαιοσ
ⲙⲛⲧⲉ,μντε
ⲙⲛⲧⲉⲃⲃⲉ,ατη
ⲙⲛⲧⲉⲃⲓⲏⲛ,κακος
ⲙⲛⲧⲉⲃⲓⲏⲛ,ταλας
ⲙⲛⲧⲉⲓⲉⲣⲃⲟⲟⲛⲉ,απληστια
ⲙⲛⲧⲉⲓⲉⲣⲃⲟⲟⲛⲉ,ζηλοω
ⲙⲛⲧⲉⲓⲉⲣⲃⲟⲟⲛⲉ,πλεονεξια
ⲙⲛⲧⲉⲓⲉⲣⲃⲟⲟⲛⲉ,φθονεω
ⲙⲛⲧⲉⲓⲉⲣⲃⲟⲟⲛⲉ,φθονος
ⲙⲛⲧⲉⲓⲱⲧ,γενος
ⲙⲛⲧⲉⲓⲱⲧ,οικειος
ⲙⲛⲧⲉⲓⲱⲧ,οικια
ⲙⲛⲧⲉⲓⲱⲧ,οικος
ⲙⲛⲧⲉⲗⲁⲭⲓⲥⲧⲟⲥ,μντελαχιστοσ
ⲙⲛⲧⲉⲡⲓⲥⲕⲟⲡⲟⲥ,μντεπισκοποσ
ⲙⲛⲧⲉⲩⲅⲉⲛⲏⲥ,μντευγενησ
ⲙⲛⲧⲉⲩⲥⲉⲃⲏⲥ,μντευσεβησ
ⲙⲛⲧⲉϣⲱⲧ,εμπορια
ⲙⲛⲧⲉϣⲱⲧ,καπηλεια
ⲙⲛⲧⲏ,μντη
ⲙⲛⲧⲏ,πεντακοσιοι
ⲙⲛⲧⲏ,πεντε
ⲙⲛⲧⲏ,πεντεκαιδεκα
ⲙⲛⲧⲕⲁⲑⲁⲣⲟⲥ,μντκαθαροσ
ⲙⲛⲧⲕⲁⲕⲟⲩⲣⲅⲟⲥ,μντκακουργοσ
ⲙⲛⲧⲕⲟⲥⲙⲓⲕⲟⲛ,μντκοσμικον
ⲙⲛⲧⲕⲟⲩⲓ,μικροτης
ⲙⲛⲧⲕⲟⲩⲓ,ολιγοτης
ⲙⲛⲧⲕⲣⲟϥ,αδολος
ⲙⲛⲧⲕⲣⲟϥ,δολος
ⲙⲛⲧⲕⲱⲥⲙⲓⲕⲟⲛ,μντκωσμικον
ⲙⲛⲧⲗⲁ,διαβαλλω
ⲙⲛⲧⲗⲁ,διαβολη
ⲙⲛⲧⲗⲁ,κακηγορια
ⲙⲛⲧⲗⲁⲃϩⲏ,απληστια
ⲙⲛⲧⲗⲁⲃϩⲏ,λιμος
ⲙⲛⲧⲗⲁⲃϩⲏ,πειναω
ⲙⲛⲧⲗⲁⲃϩⲏ,πλεονεξια
ⲙⲛⲧⲗⲁⲙⲡⲣⲟⲥ,μντλαμπροσ
ⲙⲛⲧⲗⲏⲥⲧⲏⲥ,μντληστησ
ⲙⲛⲧⲗⲟϭ,αναιδεια
ⲙⲛⲧⲗⲟϭ,αναισχυντια
ⲙⲛⲧⲙⲁⲅⲟⲥ,μντμαγοσ
ⲙⲛⲧⲙⲁⲓⲛⲟⲩⲧⲉ,ευσεβεια
ⲙⲛⲧⲙⲁⲓⲛⲟⲩⲧⲉ,ευσεβης
ⲙⲛⲧⲙⲁⲓⲛⲟⲩⲧⲉ,οσιος
ⲙⲛⲧⲙⲁⲓⲧⲟⲛϩⲟⲩⲟ,πλεονεξια
ⲙⲛⲧⲙⲁⲓⲭⲣⲏⲙⲁ,μντμαιχρημα
ⲙⲛⲧⲙⲁⲓϣⲙⲙⲟ,ξενιος
ⲙⲛⲧⲙⲁⲕⲁⲣⲓⲟⲥ,μντμακαριοσ
ⲙⲛⲧⲙⲁⲣⲧⲩⲣⲟⲥ,μντμαρτυροσ
ⲙⲛⲧⲙⲁⲧⲟⲓ,πολεμικος
ⲙⲛⲧⲙⲁⲧⲟⲓ,στρατιωτικος
ⲙⲛⲧⲙⲉ,αληθεια
ⲙⲛⲧⲙⲉ,αληθης
ⲙⲛⲧⲙⲉ,δικαιοσυνη
ⲙⲛⲧⲙⲛⲧⲣⲉ,μαρτυρεω
ⲙⲛⲧⲙⲛⲧⲣⲉ,μαρτυρια
ⲙⲛⲧⲙⲟⲛⲁⲭⲟⲥ,μντμοναχοσ
ⲙⲛⲧⲛⲁ,ελεεινος
ⲙⲛⲧⲛⲁ,ελεεω
ⲙⲛⲧⲛⲁ,ελεος
ⲙⲛⲧⲛⲁ,οικτειρω
ⲙⲛⲧⲛⲁ,οικτος
ⲙⲛⲧⲛⲁⲏⲧ,ελεεινος
ⲙⲛⲧⲛⲁⲏⲧ,ελεεω
ⲙⲛⲧⲛⲁⲏⲧ,ελεος
ⲙⲛⲧⲛⲁⲏⲧ,οικτειρω
ⲙⲛⲧⲛⲁⲏⲧ,οικτος
ⲙⲛⲧⲛⲁϣⲧⲙⲙⲉ,τεκμηριον
ⲙⲛⲧⲛⲉⲉϥ,ευεξια
ⲙⲛⲧⲛⲉⲉϥ,παθος
ⲙⲛⲧⲛⲟⲉⲓⲕ,μοιχεια
ⲙⲛⲧⲛⲟⲉⲓⲕ,μοιχευω
ⲙⲛⲧⲛⲟⲩⲧⲉ,δαιμων
ⲙⲛⲧⲛⲟϭ,μεγαλοψυχια
ⲙⲛⲧⲛⲟϭ,μεγεθος
ⲙⲛⲧⲟⲥⲉ,απορεω
ⲙⲛⲧⲟⲥⲉ,αφοραω
ⲙⲛⲧⲟⲥⲉ,ζημια
ⲙⲛⲧⲟⲩⲁ,εις
ⲙⲛⲧⲟⲩⲁ ⲛⲟⲩⲱⲧ,εις
ⲙⲛⲧⲟⲩⲁⲁⲃ,καθαρος
ⲙⲛⲧⲟⲩⲁⲁⲃ,οσιος
ⲙⲛⲧⲟⲩⲁⲁⲃ,οσιοτης
ⲙⲛⲧⲟⲩⲁϩⲓϩⲏⲧ,ωμοτης
ⲙⲛⲧⲟⲩⲉ,ενδεκα
ⲙⲛⲧⲟⲩⲟⲉⲓⲉ,γεωργια
ⲙⲛⲧⲡⲁⲣⲑⲉⲛⲟⲥ,μντπαρθενοσ
ⲙⲛⲧⲡⲟⲛⲏⲣⲟⲥ,μντπονηροσ
ⲙⲛⲧⲡⲣⲟⲇⲟⲧⲏⲥ,μντπροδοτησ
ⲙⲛⲧⲡⲣⲟⲫⲏⲧⲏⲥ,μντπροφητησ
ⲙⲛⲧⲣⲉ,μαρτυρεω
ⲙⲛⲧⲣⲉ,μαρτυρια
ⲙⲛⲧⲣⲉ,μαρτυς
ⲙⲛⲧⲣⲉⲩⲉ,μετρευω
ⲙⲛⲧⲣⲉϥⲉⲓⲉⲣⲃⲟⲟⲛⲉ,απληστια
ⲙⲛⲧⲣⲉϥⲉⲓⲉⲣⲃⲟⲟⲛⲉ,πλεονεξια
ⲙⲛⲧⲣⲉϥⲉⲓⲛⲉ,ομοιος
ⲙⲛⲧⲣⲉϥⲉⲓⲛⲉ,ομοιοτης
ⲙⲛⲧⲣⲉϥⲕⲱ ⲉⲃⲟⲗ,συγγνωμη
ⲙⲛⲧⲣⲉϥⲕⲱⲙϣ,γελως
ⲙⲛⲧⲣⲉϥⲕⲱⲙϣ,καταφρονεω
ⲙⲛⲧⲣⲉϥⲕⲱⲙϣ,καταφρονησις
ⲙⲛⲧⲣⲉϥⲕⲱⲣϣ,κολακεια
ⲙⲛⲧⲣⲉϥⲙⲓⲥⲉ,αιγιοχος
ⲙⲛⲧⲣⲉϥⲙⲓⲥⲉ,ασπιστης
ⲙⲛⲧⲣⲉϥⲙⲓⲥⲉ,γενεσις
ⲙⲛⲧⲣⲉϥⲙⲓⲥⲉ,γενος
ⲙⲛⲧⲣⲉϥⲙⲓⲥⲉ,δρεπανηφορος
ⲙⲛⲧⲣⲉϥⲙⲓⲥⲉ,ευγενεια
ⲙⲛⲧⲣⲉϥⲙⲓⲥⲉ,πυρφορος
ⲙⲛⲧⲣⲉϥⲙⲓⲥⲉ,τικτω
ⲙⲛⲧⲣⲉϥⲟⲩⲱϩⲙ,αντιλεγω
ⲙⲛⲧⲣⲉϥⲟⲩⲱϩⲙ,απειθεια
ⲙⲛⲧⲣⲉϥⲟⲩⲱϩⲙ,εναντιοομαι
ⲙⲛⲧⲣⲉϥⲣⲉⲓⲟⲡⲉ,δολος
ⲙⲛⲧⲣⲉϥⲣⲉⲓⲟⲡⲉ,τεχνη
ⲙⲛⲧⲣⲉϥⲣⲡⲉⲧⲛⲁⲛⲟⲩϥ,ευεργεσια
ⲙⲛⲧⲣⲉϥⲣⲡⲱⲃϣ,ληθη
ⲙⲛⲧⲣⲉϥⲣⲥⲛⲁⲩ,δυας
ⲙⲛⲧⲣⲉϥⲥⲱϣ,ατιμαζω
ⲙⲛⲧⲣⲉϥⲥⲱϣ,καταφρονεω
ⲙⲛⲧⲣⲉϥⲧⲁⲕⲉ ϩⲏⲧ,απατη
ⲙⲛⲧⲣⲉϥⲧⲁϣⲉⲟⲉⲓϣ,κηρυγμα
ⲙⲛⲧⲣⲉϥⲧⲁϣⲉⲟⲉⲓϣ,κηρυσσω
ⲙⲛⲧⲣⲉϥⲧⲱⲣⲡ,ληστηριον
ⲙⲛⲧⲣⲉϥⲧⲱϩ,συγχυσις
ⲙⲛⲧⲣⲉϥⲧⲱϩ,ταρασσω
ⲙⲛⲧⲣⲉϥⲧⲱϩ,ταραχη
ⲙⲛⲧⲣⲉϥϣⲉⲙϣⲉ ⲛⲟⲩⲧⲉ,ευσεβεια
ⲙⲛⲧⲣⲉϥϣⲉⲙϣⲉ ⲛⲟⲩⲧⲉ,ευσεβης
ⲙⲛⲧⲣⲉϥϣⲉⲙϣⲉ ⲛⲟⲩⲧⲉ,οσιος
ⲙⲛⲧⲣⲉϥϣⲓⲡⲉ,αιδως
ⲙⲛⲧⲣⲉϥϣⲙϣⲉⲉⲓⲇⲱⲗⲟⲛ,μντρεϥϣμϣεειδωλον
ⲙⲛⲧⲣⲉϥϣⲡⲧⲱⲣⲉ,εγγυαω
ⲙⲛⲧⲣⲉϥϣⲡⲧⲱⲣⲉ,εγγυητος
ⲙⲛⲧⲣⲉϥϩⲉⲧⲃⲯⲩⲭⲏ,μντρεϥϩετβψυχη
ⲙⲛⲧⲣⲉϥϩⲓⲗⲁ,διαβαλλω
ⲙⲛⲧⲣⲉϥϩⲓⲗⲁ,διαβολη
ⲙⲛⲧⲣⲉϥϩⲓⲗⲁ,κακηγορια
ⲙⲛⲧⲣⲉϥϫⲁⲩⲙⲟⲉⲓⲧ,ηγεμονια
ⲙⲛⲧⲣⲉϥϫⲓⲙⲁⲉⲓⲛ,μαντικος
ⲙⲛⲧⲣⲉϥϫⲓⲙⲁⲉⲓⲛ,οιωνος
ⲙⲛⲧⲣⲉϥϫⲓⲛϭⲟⲛⲥ,αδικεω
ⲙⲛⲧⲣⲉϥϫⲓⲛϭⲟⲛⲥ,αδικια
ⲙⲛⲧⲣⲉϥϫⲓⲛϭⲟⲛⲥ,αδικος
ⲙⲛⲧⲣⲉϥϫⲛⲁⲩ,αργια
ⲙⲛⲧⲣⲉϥϫⲛⲁⲩ,βραδυνω
ⲙⲛⲧⲣⲉϥϫⲛⲁⲩ,διατριβω
ⲙⲛⲧⲣⲉϥϫⲛⲁⲩ,μελλω
ⲙⲛⲧⲣⲉϥϭⲉⲡⲏ,ταχος
ⲙⲛⲧⲣⲉϥϯ,φιλανθρωπια
ⲙⲛⲧⲣⲉϥϯⲕⲁⲣⲡⲟⲥ,μντρεϥϯκαρποσ
ⲙⲛⲧⲣⲙⲙⲁⲟ,ουσια
ⲙⲛⲧⲣⲙⲙⲁⲟ,πλουτος
ⲙⲛⲧⲣⲙⲙⲁⲟ,χρημα
ⲙⲛⲧⲣⲙⲙⲁⲟ,χρηματισμος
ⲙⲛⲧⲣⲙⲙⲁⲟ,χρηματιστικος
ⲙⲛⲧⲣⲙⲛⲕⲏⲙⲉ,λογος
ⲙⲛⲧⲣⲙⲛⲕⲏⲙⲉ,παρρησια
ⲙⲛⲧⲣⲙⲣⲁϣ,πραοτης
ⲙⲛⲧⲣⲙϩⲉ,ελευθερια
ⲙⲛⲧⲣⲙϩⲉ,ελευθερος
ⲙⲛⲧⲣⲙϩⲉ,παρρησια
ⲙⲛⲧⲣⲣⲟ,αρχη
ⲙⲛⲧⲣⲣⲟ,βασιλεια
ⲙⲛⲧⲣⲣⲟ,βασιλευω
ⲙⲛⲧⲣⲱⲙⲉ,φιλανθρωπια
ⲙⲛⲧⲣⲱⲙⲉ,φιλανθρωπος
ⲙⲛⲧⲥⲁⲃⲉ,σοφια
ⲙⲛⲧⲥⲁⲃⲉ,σοφος
ⲙⲛⲧⲥⲁⲃⲉ,φιλοσοφεω
ⲙⲛⲧⲥⲁⲃⲉ,φρονεω
ⲙⲛⲧⲥⲁⲃⲉ,φρονησις
ⲙⲛⲧⲥⲁⲉⲓⲉ,καλλος
ⲙⲛⲧⲥⲁⲉⲓⲛ,εμπειρια
ⲙⲛⲧⲥⲁⲉⲓⲛ,ιατρικος
ⲙⲛⲧⲥⲁⲉⲓⲛ,πραπιδες
ⲙⲛⲧⲥⲁⲉⲓⲛ,σοφια
ⲙⲛⲧⲥⲁⲉⲓⲛ,τεχνη
ⲙⲛⲧⲥⲁⲉⲓⲛ,φαρμακον
ⲙⲛⲧⲥⲁϩ,εμπειρια
ⲙⲛⲧⲥⲁϩ,πραπιδες
ⲙⲛⲧⲥⲁϩ,σοφια
ⲙⲛⲧⲥⲁϩ,τεχνη
ⲙⲛⲧⲥⲉⲙⲛⲟⲥ,μντσεμνοσ
ⲙⲛⲧⲥⲧⲣⲁⲧⲏⲗⲁⲧⲏⲥ,μντστρατηλατησ
ⲙⲛⲧⲥⲩⲛⲕⲗⲏⲧⲓⲕⲟⲥ,μντσυνκλητικοσ
ⲙⲛⲧⲥⲱⲧⲡ,αιρεσις
ⲙⲛⲧⲥⲱⲧⲡ,προαιρεσις
ⲙⲛⲧⲥⲱⲧⲡ,υπεροχη
ⲙⲛⲧⲥⲱⲧⲡ,χειροτονια
ⲙⲛⲧⲥϩⲁⲓ,γραμμα
ⲙⲛⲧⲥϩⲁⲓ,συγγραμμα
ⲙⲛⲧⲧⲁⲗⲁⲓⲡⲱⲣⲟⲥ,μντταλαιπωροσ
ⲙⲛⲧⲧⲁⲥⲃⲁⲗ,αναιδεια
ⲙⲛⲧⲧⲁⲥⲃⲁⲗ,αναισχυντια
ⲙⲛⲧⲧⲉⲗⲓⲟⲥ,μνττελιοσ
ⲙⲛⲧⲧⲉϩϯϩ,συγχυσις
ⲙⲛⲧⲧⲉϩϯϩ,ταρασσω
ⲙⲛⲧⲧⲉϩϯϩ,ταραχη
ⲙⲛⲧⲧⲩⲣⲁⲛⲛⲟⲥ,μνττυραννοσ
ⲙⲛⲧⲭⲣⲏⲥⲧⲟⲥ,μντχρηστοσ
ⲙⲛⲧⲭⲣⲓⲥⲧⲟⲥ,μντχριστοσ
ⲙⲛⲧϣⲁⲉⲛⲉϩ,αιων
ⲙⲛⲧϣⲁⲩ,αιδως
ⲙⲛⲧϣⲃⲏⲣ,κοινωνια
ⲙⲛⲧϣⲃⲏⲣ,φιλιος
ⲙⲛⲧϣⲛⲁ,ακολασια
ⲙⲛⲧϣⲛⲁ,ακρασια
ⲙⲛⲧϣⲟⲩϣⲟ,αναιδεια
ⲙⲛⲧϣⲟⲩϣⲟ,αναισχυντια
ⲙⲛⲧϣⲟⲩϣⲟ,φιλοτιμεομαι
ⲙⲛⲧϣⲟⲩϣⲟ,φρονεω
ⲙⲛⲧϣⲟⲩϣⲟ,φρονημα
ⲙⲛⲧϣⲧⲟⲣⲧⲣ,αταραξια
ⲙⲛⲧϣⲧⲟⲣⲧⲣ,ησυχια
ⲙⲛⲧϥⲁⲓⲣⲟⲟⲩϣ,προνοια
ⲙⲛⲧϩⲁⲡⲗⲟⲩⲥ,μντϩαπλουσ
ⲙⲛⲧϩⲏⲕⲉ,απορια
ⲙⲛⲧϩⲏⲕⲉ,πενης
ⲙⲛⲧϩⲏⲕⲉ,πενια
ⲙⲛⲧϩⲙϩⲁⲗ,δουλευω
ⲙⲛⲧϩⲣϣⲓⲣⲉ,μεσοτης
ⲙⲛⲧϩⲣϣⲓⲣⲉ,μηδετερος
ⲙⲛⲧϩⲣϣⲓⲣⲉ,πολις
ⲙⲛⲧϩⲣϣⲓⲣⲉ,πολιτεια
ⲙⲛⲧϫⲁⲓⲉ,ερημια
ⲙⲛⲧϫⲁϫⲉ,εχθρη
ⲙⲛⲧϫⲓⲛϭⲟⲛⲥ,αδικεω
ⲙⲛⲧϫⲓⲛϭⲟⲛⲥ,αδικια
ⲙⲛⲧϫⲓⲛϭⲟⲛⲥ,αδικος
ⲙⲛⲧϫⲓⲥⲉ,ακρος
ⲙⲛⲧϫⲓⲥⲉ,μεγεθος
ⲙⲛⲧϫⲓⲥⲉ,υβρις
ⲙⲛⲧϫⲓⲥⲉ,υπερηφανια
ⲙⲛⲧϫⲓⲥⲉ,υψος
ⲙⲛⲧϫⲟⲉⲓⲥ,βασιλευω
ⲙⲛⲧϫⲟⲉⲓⲥ,επαρχω
ⲙⲛⲧϫⲟⲉⲓⲥ,ηγεμονια
ⲙⲛⲧϫⲡⲓⲟ,αιδως
ⲙⲛⲧϭⲁⲃϩⲏⲧ,αδεης
ⲙⲛⲧϭⲁⲃϩⲏⲧ,ανανδρια
ⲙⲛⲧϭⲁⲃϩⲏⲧ,δειδω
ⲙⲛⲧϭⲁⲃϩⲏⲧ,δειλια
ⲙⲛⲧϭⲁⲃϩⲏⲧ,δεος
ⲙⲛⲧϭⲁⲃϩⲏⲧ,φοβεω
ⲙⲛⲧϭⲁⲃϩⲏⲧ,φοβος
ⲙⲛⲧϭⲁⲉⲓⲉ,αισχος
ⲙⲛⲧϭⲁⲉⲓⲉ,αισχρος
ⲙⲛⲧϭⲁⲉⲓⲉ,καταισχυνω
ⲙⲛⲧϭⲁⲉⲓⲉ,ονειδος
ⲙⲛⲧϭⲁⲩⲟⲛ,δουλειος
ⲙⲛⲧϭⲁⲩⲟⲛ,δουλευω
ⲙⲛⲧϭⲱⲃ,ασθενεια
ⲙⲛⲧⳉⲏⲙ,μικροτης
ⲙⲛⲧⳉⲏⲙ,ολιγοτης
ⲙⲛϭⲟⲙ (ⲙⲙⲟ⸗),αρχη
ⲙⲛϭⲟⲙ (ⲙⲙⲟ⸗),δυναμαι
ⲙⲛϭⲟⲙ (ⲙⲙⲟ⸗),δυναμις
ⲙⲛϭⲟⲙ (ⲙⲙⲟ⸗),εξουσια
ⲙⲟⲅⲓⲥ,μογις
ⲙⲟⲅⲓⲥ,μογισ
ⲙⲟⲇⲓⲟⲛ,μοδιος
ⲙⲟⲉⲓⲧ,ενοδιος
ⲙⲟⲉⲓⲧ,ευθυς
ⲙⲟⲉⲓⲧ,κελευθος
ⲙⲟⲉⲓⲧ,λεωφορος
ⲙⲟⲉⲓⲧ,οδος
ⲙⲟⲉⲓⲧ ⲙⲙⲟⲟϣⲉ,ενοδιος
ⲙⲟⲉⲓⲧ ⲙⲙⲟⲟϣⲉ,ευθυς
ⲙⲟⲉⲓⲧ ⲙⲙⲟⲟϣⲉ,ημερησιος
ⲙⲟⲉⲓⲧ ⲙⲙⲟⲟϣⲉ,λεωφορος
ⲙⲟⲉⲓⲧ ⲙⲙⲟⲟϣⲉ,οδος
ⲙⲟⲉⲓⲧ ⲙⲙⲟⲟϣⲉ,πορεια
ⲙⲟⲉⲓⲧ ⲙⲙⲟⲟϣⲉ,πορευω
ⲙⲟⲉⲓϩⲉ,θαυμα
ⲙⲟⲉⲓϩⲉ,θαυμαζω
ⲙⲟⲉⲓϩⲉ,θαυμαστος
ⲙⲟⲓⲣⲁ,μοιρα
ⲙⲟⲓⲭⲉⲓⲁ,μοιχεια
ⲙⲟⲓⲭⲟⲥ,μοιχος
ⲙⲟⲕⲓ,ναυς
ⲙⲟⲕⲓ,πλοιον
ⲙⲟⲕⲓ,σκευος
ⲙⲟⲕⲓ,φαρετρα
ⲙⲟⲕⲓ,χαλκειος
ⲙⲟⲕⲓ,χαλκους
ⲙⲟⲕⲓ ⲛⲭⲁⲥⲟⲑⲛⲉϥ,φαρετρα
ⲙⲟⲕⲙⲉⲕ,διανοια
ⲙⲟⲕⲙⲉⲕ,φρονεω
ⲙⲟⲕϩⲥ,αλγος
ⲙⲟⲕϩⲥ,αχος
ⲙⲟⲕϩⲥ,λυπη
ⲙⲟⲕϩⲥ,πενθος
ⲙⲟⲗⲟⲭⲏ,μαλαχη
ⲙⲟⲛⲁⲍⲉⲓ,μοναζω
ⲙⲟⲛⲁⲣⲭⲏⲥ,μοναρχης
ⲙⲟⲛⲁⲣⲭⲓⲁ,μοναρχια
ⲙⲟⲛⲁⲥ,μονας
ⲙⲟⲛⲁⲥⲧⲏⲣⲓⲟⲛ,μοναστηριον
ⲙⲟⲛⲁⲭⲏ,μοναχη
ⲙⲟⲛⲁⲭⲟⲥ,μοναχος
ⲙⲟⲛⲁⲭⲟⲥ,μοναχοσ
ⲙⲟⲛⲏ,μονη
ⲙⲟⲛⲑⲩⲗⲟⲥ,μονθυλος
ⲙⲟⲛⲕⲥ,πλασσω
ⲙⲟⲛⲟⲅⲉⲛⲏⲥ,μονογενης
ⲙⲟⲛⲟⲅⲉⲛⲏⲥ,μονογενησ
ⲙⲟⲛⲟⲕⲗⲁⲇⲟⲥ,μονοκλαδος
ⲙⲟⲛⲟⲙⲟⲓⲣⲉⲓⲁ,μονομοιρια
ⲙⲟⲛⲟⲛ,μονον
ⲙⲟⲛⲟⲭⲟⲥ,μονοχοσ
ⲙⲟⲛⲥⲧⲏⲣⲓⲟⲛ,μονστηριον
ⲙⲟⲟⲛⲉ,μαιον
ⲙⲟⲟⲛⲉ,τρεφω
ⲙⲟⲟⲛⲉ,τροφος
ⲙⲟⲟⲛⲉ (ⲉϩⲟⲩⲛ),εμποριον
ⲙⲟⲟⲛⲉ (ⲉϩⲟⲩⲛ),επινειον
ⲙⲟⲟⲛⲉ (ⲉϩⲟⲩⲛ),λιμην
ⲙⲟⲟⲩ,ουρεω
ⲙⲟⲟⲩ,υδωρ
ⲙⲟⲟⲩ,χερνιβον
ⲙⲟⲟⲩ,χερνιψ
ⲙⲟⲟⲩ,ψυχρος
ⲙⲟⲟϣⲉ,ημερησιος
ⲙⲟⲟϣⲉ,οδος
ⲙⲟⲟϣⲉ,πορεια
ⲙⲟⲟϣⲉ,πορευω
ⲙⲟⲟϣⲉ (ⲉⲃⲟⲗ ϩⲓⲧⲛ-),απαλλασσω
ⲙⲟⲟϣⲉ (ⲉϩⲟⲩⲛ),προσειμι
ⲙⲟⲟϣⲉ (ⲉϩⲟⲩⲛ),προσερχομαι
ⲙⲟⲟϣⲉ (ⲙⲛ-),βαδην
ⲙⲟⲟϣⲉ (ⲙⲛ-),βαδιζω
ⲙⲟⲟϣⲉ (ⲙⲛ-),ομολογεω
ⲙⲟⲟϣⲉ (ⲙⲛ-),περιπατεω
ⲙⲟⲟϣⲉ (ⲙⲛ-),περιπατος
ⲙⲟⲟϣⲉ (ⲙⲛ-),συγχωρεω
ⲙⲟⲟϣⲉ (ⲙⲛ-),συνδοκεω
ⲙⲟⲟϣⲉ (ⲙⲛ-),συντιθημι
ⲙⲟⲟϣⲉ (ϩⲓⲡⲁϩⲟⲩ),ακολουθεω
ⲙⲟⲟϣⲉ (ϩⲓⲡⲁϩⲟⲩ),επομαι
ⲙⲟⲟϣⲉ (ϩⲓⲧⲛ-),απαλλασσω
ⲙⲟⲣⲓⲟⲛ,μοριον
ⲙⲟⲣⲥⲏⲛⲉ,μυρσινη
ⲙⲟⲣⲥⲏⲛⲏ,μυρσινη
ⲙⲟⲣⲧ,γενειας
ⲙⲟⲣⲧ,γενειον
ⲙⲟⲣⲧ,πωγων
ⲙⲟⲣⲫⲏ,μορφη
ⲙⲟⲥⲧⲉ,εχθος
ⲙⲟⲥⲧⲉ,εχθρη
ⲙⲟⲥⲧⲉ,μισεω
ⲙⲟⲥⲧⲉ,μισος
ⲙⲟⲧⲉ,αυχην
ⲙⲟⲧⲉ,δειρη
ⲙⲟⲧⲉ,νευρον
ⲙⲟⲧⲉ,τενων
ⲙⲟⲧⲉ,τραχηλος
ⲙⲟⲧⲛ,ευκηλος
ⲙⲟⲧⲛ,υγιαινω
ⲙⲟⲧⲛ,υγιεια
ⲙⲟⲧⲛ,υγιεινος
ⲙⲟⲧⲛⲉⲥ,ευκηλος
ⲙⲟⲩ ⲛⲥⲱⲣⲉⲙ,χειμαρρους
ⲙⲟⲩⲉ,νησος
ⲙⲟⲩⲓ,λεαινα
ⲙⲟⲩⲓ,λεων
ⲙⲟⲩⲓⲏ,λεαινα
ⲙⲟⲩⲕⲓ,κλιμαξ
ⲙⲟⲩⲕϩ,πονεω
ⲙⲟⲩⲕϩ,πονος
ⲙⲟⲩⲗⲗⲁ,μουλα
ⲙⲟⲩⲗⲟⲛ,μουλον
ⲙⲟⲩⲗϫ,ασπαζομαι
ⲙⲟⲩⲗϭ,κλαδος
ⲙⲟⲩⲙⲉ,εαρ
ⲙⲟⲩⲙⲉ,εγγιγνομαι
ⲙⲟⲩⲙⲉ,κρηνη
ⲙⲟⲩⲛ (ⲉⲃⲟⲗ),διαμενω
ⲙⲟⲩⲛ (ⲉⲃⲟⲗ),διατελεω
ⲙⲟⲩⲛ (ⲉⲃⲟⲗ),λειπω
ⲙⲟⲩⲛ (ⲉⲃⲟⲗ),λοιπος
ⲙⲟⲩⲛ (ⲉⲃⲟⲗ),μενω
ⲙⲟⲩⲛⲁⲭⲟⲥ,μουναχοσ
ⲙⲟⲩⲛⲕ,αποδημια
ⲙⲟⲩⲛⲕ,απολλυμι
ⲙⲟⲩⲛⲕ,απουσια
ⲙⲟⲩⲛⲕ,απωλεια
ⲙⲟⲩⲛⲕ,ολεθρος
ⲙⲟⲩⲛⲕ,φθορα
ⲙⲟⲩⲟⲩⲧ,αναιρεω
ⲙⲟⲩⲟⲩⲧ,αποθνησκω
ⲙⲟⲩⲟⲩⲧ,αποκτεινω
ⲙⲟⲩⲟⲩⲧ,διαφθειρω
ⲙⲟⲩⲟⲩⲧ,κτεινω
ⲙⲟⲩⲣ,ιμας
ⲙⲟⲩⲣ (ⲉϩⲟⲩⲛ),συνδεομαι
ⲙⲟⲩⲥ,ζωνη
ⲙⲟⲩⲥ,ζωστηρ
ⲙⲟⲩⲥ,ιμας
ⲙⲟⲩⲥⲓⲕⲉ,μουζικιον
ⲙⲟⲩⲥⲓⲕⲟⲛ,μουσικον
ⲙⲟⲩⲥⲓⲕⲟⲛ,μουσικος
ⲙⲟⲩⲥⲕ,παιω
ⲙⲟⲩⲥⲕ,τυπτω
ⲙⲟⲩⲥⲭⲁⲧⲉⲛ,μοσχατον
ⲙⲟⲩⲥⲭⲁⲧⲱⲛ,μοσχατον
ⲙⲟⲩⲧ,αποσφαζω
ⲙⲟⲩⲧ,αυχην
ⲙⲟⲩⲧ,δειρη
ⲙⲟⲩⲧ,λαιμος
ⲙⲟⲩⲧ,νευρον
ⲙⲟⲩⲧ,σφαζω
ⲙⲟⲩⲧ,τενων
ⲙⲟⲩⲧ,τραχηλος
ⲙⲟⲩⲧⲉ,επωδη
ⲙⲟⲩⲧⲉ (ⲉⲃⲟⲗ),ηχω
ⲙⲟⲩⲧⲉ (ⲉϩⲟⲩⲛ),καλεω
ⲙⲟⲩⲧⲉ (ⲉϩⲟⲩⲛ),μεταπεμπω
ⲙⲟⲩⲧⲉ (ⲉϩⲟⲩⲛ),παρακαλεω
ⲙⲟⲩⲧⲛ,αλλος
ⲙⲟⲩⲧⲛ,αναπαυω
ⲙⲟⲩⲧⲛ,λοιπος
ⲙⲟⲩϣⲧ,γνωμη
ⲙⲟⲩϣⲧ,δογμα
ⲙⲟⲩϣⲧ,δοκεω
ⲙⲟⲩϣⲧ,δοξα
ⲙⲟⲩϣⲧ,δοξαζω
ⲙⲟⲩϣⲧ (ⲉⲃⲟⲗ),μερμηριζω
ⲙⲟⲩϣⲧ (ⲉⲃⲟⲗ),ορμαινω
ⲙⲟⲩϣⲧ (ⲉⲃⲟⲗ),πορφυρω
ⲙⲟⲩϩ,αναβλεπω
ⲙⲟⲩϩ,εισοραω
ⲙⲟⲩϩ,επιμελεομαι
ⲙⲟⲩϩ,ζητεω
ⲙⲟⲩϩ,ζητητεος
ⲙⲟⲩϩ (ⲉⲃⲟⲗ),εμπιπλημι
ⲙⲟⲩϩ (ⲉⲃⲟⲗ),πιμπλημι
ⲙⲟⲩϩ (ⲉⲃⲟⲗ),πληροω
ⲙⲟⲩϩ (ⲉⲃⲟⲗ),πληρωσις
ⲙⲟⲩϩ ⲉⲃⲟⲗ,ορος
ⲙⲟⲩϩ ⲉⲃⲟⲗ,περαω
ⲙⲟⲩϫϭ,μειξις
ⲙⲟⲩϯ (ϧⲁϫⲉⲛ-),αναβαινω
ⲙⲟⲩϯ (ϧⲁϫⲉⲛ-),ευθυς
ⲙⲟⲩϯ (ϧⲁϫⲉⲛ-),παρερχομαι
ⲙⲟⲩϯ (ϧⲁϫⲉⲛ-),προειμι
ⲙⲟⲩϯ (ϧⲁϫⲉⲛ-),προπεμπω
ⲙⲟⲭⲗⲟⲥ,μοχλος
ⲙⲟⲭⲗⲟⲥ,μοχλοσ
ⲙⲟϣⲓ (ⲛⲥⲁ-),ακολουθεω
ⲙⲟϣⲓ (ⲛⲥⲁ-),επομαι
ⲙⲟϣⲓ (ⲥⲁⲙⲉⲛϩⲏ),ακολουθεω
ⲙⲟϣⲓ (ⲥⲁⲙⲉⲛϩⲏ),επομαι
ⲙⲟϣⲓ (ⲥⲁⲫⲁϩⲟⲩ),ακολουθεω
ⲙⲟϣⲓ (ⲥⲁⲫⲁϩⲟⲩ),επομαι
ⲙⲟϩ,επιφαινω
ⲙⲟϩ,οψις
ⲙⲟϩ,φαντασια
ⲙⲡⲁⲓ,ατρακτος
ⲙⲡⲁⲓⲣⲏϯ,ορμαινω
ⲙⲡⲁⲓⲣⲏϯ,ουτως
ⲙⲡⲁⲓⲣⲏϯ,ωδε
ⲙⲡⲉⲓⲕⲉⲥⲟⲡ,αυθι
ⲙⲡⲉⲓⲕⲉⲥⲟⲡ,επιστρεφω
ⲙⲡⲉⲓⲕⲉⲥⲟⲡ,παλιν
ⲙⲡⲉⲓⲕⲉⲥⲟⲡ,συμφημι
ⲙⲡⲉⲓⲛⲁⲩ,αιψα
ⲙⲡⲉⲓⲛⲁⲩ,αυτικα
ⲙⲡⲉⲓⲛⲁⲩ,τοφρα
ⲙⲡⲉⲓⲧⲛ,ενερθε
ⲙⲡⲉⲓⲧⲛ,κατωθεν
ⲙⲡⲉⲥⲏⲧ,ενερθε
ⲙⲡⲉⲥⲏⲧ,κατωθεν
ⲙⲡⲉϥⲣⲁⲥⲧⲉ,αυριον
ⲙⲡⲗⲁⲥⲧⲣⲟⲛ,εμπλαστρον
ⲙⲡⲟⲇⲓⲍⲉ,εμποδιζω
ⲙⲡⲣⲉⲡⲉ,εμπρεπω
ⲙⲡϣⲁ,παροξυνω
ⲙⲡϩⲟⲩⲛ,απροαιρετος
ⲙⲡϩⲟⲩⲛ,ενδον
ⲙⲡϩⲟⲩⲛ,εντος
ⲙⲡϩⲟⲩⲛ,κατακλαω
ⲙⲣⲟϣⲧ,οζω
ⲙⲣⲣⲉ,αλυσις
ⲙⲣⲣⲉ,δεσμος
ⲙⲥⲁϩ,κροκοδειλος
ⲙⲧⲁⲧ,χαλινος
ⲙⲧⲁⲩ,μειλιχιος
ⲙⲧⲟ,εναντιος
ⲙⲧⲟ,εναργης
ⲙⲧⲟ,λιπαρος
ⲙⲧⲟ,ομμα
ⲙⲧⲟ,οψις
ⲙⲧⲟ,παρουσια
ⲙⲧⲟ,προσωπον
ⲙⲧⲟⲛ,αλλος
ⲙⲧⲟⲛ,αναπαυω
ⲙⲧⲟⲛ,απαλλαγη
ⲙⲧⲟⲛ,βοηθεια
ⲙⲧⲟⲛ,επεργαζομαι
ⲙⲧⲟⲛ,ευκηλος
ⲙⲧⲟⲛ,λοιπος
ⲙⲧⲟⲛ ⲛϩⲏⲧ,αλλος
ⲙⲧⲟⲛ ⲛϩⲏⲧ,αναπαυω
ⲙⲧⲟⲛ ⲛϩⲏⲧ,λοιπος
ⲙⲩⲗⲟⲛ,μυλον
ⲙⲩⲣⲓⲁⲣⲭⲟⲥ,μυριαρχος
ⲙⲩⲥⲧⲏⲣⲓⲟⲛ,μυστηριον
ⲙⲱⲁⲃⲓⲧⲏⲥ,μωαβιτης
ⲙⲱⲁⲃⲓⲧⲏⲥ,μωαβιτησ
ⲙⲱⲅⲓⲥ,μωγισ
ⲙⲱⲓⲧ ⲛⲥⲓⲛⲓ,διοδος
ⲙⲱⲓⲧ ⲛⲥⲓⲛⲓ,παροδος
ⲙⲱⲗⲏⲃⲟⲩ,μολιβος
ⲙⲱⲛⲁⲭⲏ,μοναχη
ⲙⲱⲛⲟⲛ,μωνον
ⲙϣⲓϣ,αμυνω
ⲙϣⲓϣ,αποτινω
ⲙϣⲓϣ,τιμωρεω
ⲙϣⲓϣ,τιμωρια
ⲙϣⲓϣ,τινω
ⲙϩⲁⲁⲩ,μνημα
ⲙϩⲁⲁⲩ,μνημειον
ⲙϩⲁⲁⲩ,σημα
ⲙϩⲁⲁⲩ,σπηλαιον
ⲙϩⲁⲁⲩ,ταφος
ⲙϩⲁⲁⲩ,τυμβος
ⲙϩⲁⲟⲩⲉ,γενος
ⲙϩⲁⲟⲩⲉ,οικειος
ⲙϩⲁⲟⲩⲉ,οικια
ⲙϩⲁⲟⲩⲉ,οικος
ⲙϩⲏ,αναπνεω
ⲙϩⲏ,πνευμα
ⲙϩⲏ,πνοη
ⲙϩⲓⲧ,αρκτος
ⲙϩⲓⲧ,βορεας
ⲙϩⲓⲧ,βορειος
ⲙϩⲓⲧ,προσαρκτιος
ⲙϫⲛϩ,οφρυς
ⲙϫⲱⲗ,κρομμυον
ⲛⲁ,ελεεινος
ⲛⲁ,ελεεω
ⲛⲁ,ελεος
ⲛⲁ,οικτειρω
ⲛⲁ,οικτος
ⲛⲁ (ⲉ-),δικαζω
ⲛⲁ (ⲉ-),δικη
ⲛⲁ (ⲉ-),λαγχανω
ⲛⲁ (ⲉ-),πρεπω
ⲛⲁ (ⲉ-),συκοφαντεω
ⲛⲁ (ⲉϩⲟⲩⲛ),εισειμι
ⲛⲁ (ⲉϩⲟⲩⲛ),εισερχομαι
ⲛⲁ (ⲉϫⲛ-),προσειμι
ⲛⲁ (ⲉϫⲛ-),προσερχομαι
ⲛⲁⲍⲁⲣⲏⲛⲟⲥ,ναζαρηνος
ⲛⲁⲍⲱⲣⲁⲓⲟⲥ,ναζωραιος
ⲛⲁⲓ,αλιτηριος
ⲛⲁⲓ,αυθι
ⲛⲁⲓ,ναι
ⲛⲁⲙⲉ,ετητυμος
ⲛⲁⲟⲥ,ναος
ⲛⲁⲟⲥ,ναοσ
ⲛⲁⲡⲛⲉ,σιτος
ⲛⲁⲡⲣⲉ,ομοσπορος
ⲛⲁⲡⲣⲉ,σιτος
ⲛⲁⲡⲣⲉ,σπερμα
ⲛⲁⲣⲇⲓⲝ,ναρθηξ
ⲛⲁⲣⲇⲟⲥ,ναρδος
ⲛⲁⲣⲇⲟⲥ,ναρδοσ
ⲛⲁⲣⲇⲟⲥⲧⲁⲭⲟⲥ,ναρδοσταχυς
ⲛⲁⲣⲉ-,αισθανομαι
ⲛⲁⲣⲉ-,οραω
ⲛⲁⲣⲉ-,φυλακη
ⲛⲁⲣⲉ-,φυλασσω
ⲛⲁⲣⲧⲟⲥ,ναρδος
ⲛⲁⲧ,ιστος
ⲛⲁⲩ,ωρα
ⲛⲁⲩⲃⲉⲛ,ιχνος
ⲛⲁⲩⲕⲗⲏⲣⲟⲥ,ναυκληρος
ⲛⲁⲩⲕⲗⲏⲣⲟⲥ,ναυκληροσ
ⲛⲁϣⲧⲉⲓⲙⲉ,αναιδης
ⲛⲁϣⲧⲉⲓⲙⲉ,αναισχυντος
ⲛⲁϣⲧϩⲣⲁ⸗,αναιδης
ⲛⲁϣⲧϩⲣⲁ⸗,αναισχυντος
ⲛⲁϩⲃ,αυχην
ⲛⲁϩⲃ,δειρη
ⲛⲁϩⲃ,τραχηλος
ⲛⲁϩⲧⲉ,απιστια
ⲛⲁϩⲧⲉ,πιστευω
ⲛⲁϩⲧⲉ,πιστις
ⲛⲁϩⲧⲉ,πιστος
ⲛⲁϫⲡ,λιθινος
ⲛⲁϫⲡ,λιθος
ⲛⲁϫⲡ,λιθοτομια
ⲛⲁϫⲡ,πετρα
ⲛⲁϫⲡ,πετρος
ⲛⲁϭⲥⲉ,κοτος
ⲛⲁϭⲥⲉ,μηνιμα
ⲛⲁϭⲥⲉ,μηνις
ⲛⲁϭⲥⲉ,οργη
ⲛⲁϭⲥⲉ,χολος
ⲛⲃⲗ-,περαω
ⲛⲃⲗ-,υπερ
ⲛⲃⲗ-,χωρις
ⲛⲃⲟⲗ,δουρικλειτος
ⲛⲃⲟⲗ,εκτος
ⲛⲃⲟⲗ,εξω
ⲛⲃⲟⲗ,εξωθεν
ⲛⲃⲟⲗ,ευπωλος
ⲛⲃⲟⲗ,κλυτος
ⲛⲃⲣⲣⲉ,πρωην
ⲛⲉⲁⲛⲓⲥⲕⲟⲥ,νεανισκος
ⲛⲉⲃⲏⲓ,οικονομος
ⲛⲉⲉϥ,ναυτης
ⲛⲉⲕⲣⲱⲥⲓⲥ,νεκρωσις
ⲛⲉⲙⲁⲙⲟⲛⲓ,αμυνω
ⲛⲉⲙⲁⲙⲟⲛⲓ,αρηγω
ⲛⲉⲙⲁⲙⲟⲛⲓ,βοηθεια
ⲛⲉⲙⲁⲙⲟⲛⲓ,βοηθεω
ⲛⲉⲙⲁⲙⲟⲛⲓ,τρεφω
ⲛⲉⲙⲁⲙⲟⲛⲓ,ωφελεω
ⲛⲉⲙⲉ,φλοξ
ⲛⲉⲙⲉⲓ,νεμω
ⲛⲉⲥⲧⲟⲣⲓⲟⲥ,νεστοριοσ
ⲛⲉⲩⲣⲟⲛ,νευρον
ⲛⲉϣⲧⲉ,πλησιος
ⲛⲉϣⲧⲉ,σκληρος
ⲛⲉϣⲧⲉ,χαλεπος
ⲛⲉϩⲡⲉ,πενθος
ⲛⲉϩⲥⲉ,ανιστημι
ⲛⲉϩⲥⲉ,εγειρω
ⲛⲉϩⲥⲉ,ορνυμι
ⲛⲉϩϣⲗϥ,δεος
ⲛⲉϩϣⲗϥ,καταπλησσω
ⲛⲉϩϣⲗϥ,φοβος
ⲛⲉϫⲕⲗⲏⲣⲟⲥ,νεϫκληροσ
ⲛⲉϫⲧⲁϥ,οβελος
ⲛⲉϫⲧⲃⲏⲣ ⲉⲃⲟⲗ,λακτιζω
ⲛⲏ,ναι
ⲛⲏⲃ,δεσποινα
ⲛⲏⲃ,εταιρα
ⲛⲏⲃⲧⲉ,πλοκαμος
ⲛⲏⲏⲃⲉ,νεω
ⲛⲏⲏⲃⲉ,νηχω
ⲛⲏⲥⲉ,κλεις
ⲛⲏⲥⲟⲥ,νησος
ⲛⲏⲥⲟⲥ,νησοσ
ⲛⲏⲥⲧⲉⲓⲁ,νηστεια
ⲛⲏⲥⲧⲉⲩⲉ,νηστευε
ⲛⲏⲥⲧⲉⲩⲉ,νηστευω
ⲛⲏⲥⲧⲓⲁ,νηστια
ⲛⲏⲩ (ⲉϩⲟⲩⲛ),εισειμι
ⲛⲏⲩ (ⲉϩⲟⲩⲛ),εισερχομαι
ⲛⲏⲩ (ⲙⲛⲛⲥⲁ-),ακολουθεω
ⲛⲏⲩ (ⲙⲛⲛⲥⲁ-),επομαι
ⲛⲏⲫⲉ,νηφε
ⲛⲏⲫⲉ,νηφω
ⲛⲏϭⲉ,γαστηρ
ⲛⲏϭⲉ,κοιλια
ⲛⲏϭⲉ,νηδυς
ⲛⲑⲟⲥ,νθοσ
ⲛⲓⲕⲁ,νικη
ⲛⲓⲕⲉⲁ,νικαια
ⲛⲓⲕⲏ,νικη
ⲛⲓⲕⲟⲫⲟⲣⲟⲥ,νικοφορος
ⲛⲓⲛⲉ,μηδεις
ⲛⲓⲛⲉ,ουδεις
ⲛⲓⲛⲉⲩⲏⲓⲧⲏⲥ,νινευιτης
ⲛⲓⲧⲣⲟⲛ,νιτρον
ⲛⲓⲧⲣⲟⲩ,νιτρον
ⲛⲓⲯⲓⲥ,νιψις
ⲛⲓϥⲉ,αηρ
ⲛⲓϥⲉ,αχλυς
ⲛⲓϥⲉ,εμπνεω
ⲛⲓϥⲉ,ομιχλη
ⲛⲓϥⲉ,πνεω
ⲛⲕⲁ,κτημα
ⲛⲕⲁ,κτησις
ⲛⲕⲁ,ουσια
ⲛⲕⲁ,τιμημα
ⲛⲕⲁ,χρημα
ⲛⲕⲁ ⲛⲓⲙ,απας
ⲛⲕⲁ ⲛⲓⲙ,πας
ⲛⲕⲁ ⲛⲟⲩⲱⲙ,ασιτος
ⲛⲕⲁ ⲛⲟⲩⲱⲙ,σιτιον
ⲛⲕⲁ ⲛⲟⲩⲱⲙ,σιτος
ⲛⲕⲁ ⲛⲟⲩⲱⲙ,τροφη
ⲛⲕⲟⲧⲕ,ευδω
ⲛⲕⲟⲧⲕ,καθευδω
ⲛⲕⲟⲧⲕ,κοιμαω
ⲛⲕⲟⲧⲕ,υπνος
ⲛⲕⲟⲧⲕ (ⲉ-),ευδω
ⲛⲕⲟⲧⲕ (ⲉ-),καθευδω
ⲛⲕⲟⲧⲕ (ⲉ-),κοιμαω
ⲛⲕⲟⲧⲕ (ⲉ-),υπνος
ⲛⲕⲱⲗⲉⲙ,αυτικα
ⲛⲕⲱⲗⲉⲙ,θασσων
ⲛⲕⲱⲗⲉⲙ,καρπαλιμος
ⲛⲕⲱⲗⲉⲙ,ταχα
ⲛⲕⲱⲗⲉⲙ,ταχυς
ⲛⲛⲁⲩ ⲛⲓⲙ,αει
ⲛⲝ,νξ
ⲛⲟⲉⲓ,νοει
ⲛⲟⲉⲓ,νοεω
ⲛⲟⲉⲓⲕ,μοιχος
ⲛⲟⲉⲓⲛ,νοειν
ⲛⲟⲉⲓⲧ,αλφιτον
ⲛⲟⲉⲓⲧ,δειπνον
ⲛⲟⲉⲣⲁ,νοερος
ⲛⲟⲉⲣⲟⲛ,νοερος
ⲛⲟⲉⲣⲟⲥ,νοερος
ⲛⲟⲉⲣⲟⲥ,νοεροσ
ⲛⲟⲏⲙⲁ,νοημα
ⲛⲟⲏⲥⲓⲥ,νοησις
ⲛⲟⲏⲧⲏ,νοητη
ⲛⲟⲏⲧⲟⲛ,νοητον
ⲛⲟⲏⲧⲟⲛ,νοητος
ⲛⲟⲏⲧⲟⲥ,νοητος
ⲛⲟⲓ,νοι
ⲛⲟⲕⲛⲉⲕ,ευνοια
ⲛⲟⲕⲛⲉⲕ,παθημα
ⲛⲟⲕⲛⲉⲕ,παθος
ⲛⲟⲕⲛⲉⲕ,φιλεω
ⲛⲟⲕⲛⲉⲕ,φιλοστοργος
ⲛⲟⲙ,ελατης
ⲛⲟⲙ,κυπαρισσος
ⲛⲟⲙ,πευκη
ⲛⲟⲙⲏ,νομη
ⲛⲟⲙⲓⲍⲟⲛ,νομιζω
ⲛⲟⲙⲓⲕⲟⲛ,νομικος
ⲛⲟⲙⲓⲕⲟⲥ,νομικος
ⲛⲟⲙⲓⲕⲟⲥ,νομικοσ
ⲛⲟⲙⲓⲙⲟⲛ,νομιμον
ⲛⲟⲙⲓⲙⲱⲥ,νομιμος
ⲛⲟⲙⲓⲥⲙⲁ,νομισμα
ⲛⲟⲙⲟⲇⲓⲇⲁⲥⲕⲁⲗⲟⲥ,νομοδιδασκαλος
ⲛⲟⲙⲟⲏⲑⲏⲥⲓⲥ,νομοθετησις
ⲛⲟⲙⲟⲑⲉⲧⲏⲥ,νομοθετης
ⲛⲟⲙⲟⲑⲉⲧⲏⲥ,νομοθετησ
ⲛⲟⲙⲟⲑⲉⲧⲓ,νομοθετεω
ⲛⲟⲙⲟⲑⲩⲥⲓⲁ,νομοθεσια
ⲛⲟⲙⲟⲥ,νομος
ⲛⲟⲙⲟⲥ,νομοσ
ⲛⲟⲙⲧⲉ,αρχη
ⲛⲟⲙⲧⲉ,δυναμαι
ⲛⲟⲙⲧⲉ,δυναμις
ⲛⲟⲙⲧⲉ,εξουσια
ⲛⲟⲟⲛ,νους
ⲛⲟⲡⲓⲟⲥ,νουβαιος
ⲛⲟⲧⲁⲣⲓⲟⲥ,νοταριος
ⲛⲟⲩⲃ,νομισμα
ⲛⲟⲩⲃⲧ,υφαινω
ⲛⲟⲩⲃⲧ,υφαντικος
ⲛⲟⲩⲑⲉⲧⲉⲓ,νουθετεω
ⲛⲟⲩⲙⲉⲣⲟⲛ,νουμερον
ⲛⲟⲩⲙⲏϣ,παροξυνω
ⲛⲟⲩⲙⲟⲥ,νουμμος
ⲛⲟⲩⲛⲉ,ριζα
ⲛⲟⲩⲛⲟϭ,παροξυνω
ⲛⲟⲩⲟⲉⲓ,επαισσω
ⲛⲟⲩⲟⲉⲓ,ορμαω
ⲛⲟⲩⲟⲉⲓϣ ⲛⲓⲙ,αει
ⲛⲟⲩⲣⲉ,γυψ
ⲛⲟⲩⲥ,νους
ⲛⲟⲩⲥ,νουσ
ⲛⲟⲩⲥⲏⲩ,αμα
ⲛⲟⲩⲥⲏⲩ,απαξ
ⲛⲟⲩⲥⲏⲩ,αυτικα
ⲛⲟⲩⲥⲏⲩ,ουδεπωποτε
ⲛⲟⲩⲥⲟⲡ,αμα
ⲛⲟⲩⲥⲟⲡ,απαξ
ⲛⲟⲩⲥⲟⲡ,αυτικα
ⲛⲟⲩⲥⲟⲡ,ουδεπωποτε
ⲛⲟⲩⲧ,κολυμβηθρα
ⲛⲟⲩⲧⲉ,θειος
ⲛⲟⲩⲧⲉ,θρησκεια
ⲛⲟⲩⲧⲉⲙ,αρωμα
ⲛⲟⲩⲧⲉⲙ,γλυκυς
ⲛⲟⲩⲧⲉⲙ,ηδυς
ⲛⲟⲩⲧⲉⲙ,μελιηδης
ⲛⲟⲩⲧϥ,αναπαυσις
ⲛⲟⲩⲧϥ,ανεσις
ⲛⲟⲩⲱϩⲙ,αυθι
ⲛⲟⲩⲱϩⲙ,επιστρεφω
ⲛⲟⲩⲱϩⲙ,παλιν
ⲛⲟⲩⲱϩⲙ,συμφημι
ⲛⲟⲩϣⲧ,βια
ⲛⲟⲩϣⲧ,βιαζω
ⲛⲟⲩϣⲧ,βιαιος
ⲛⲟⲩϣⲧ,υβρις
ⲛⲟⲩϥⲧ,οιδμα
ⲛⲟⲩϩ,καλωδιον
ⲛⲟⲩϩ,καλως
ⲛⲟⲩϩ,σχοινιον
ⲛⲟⲩϩⲃ,εγγιγνομαι
ⲛⲟⲩϩⲃ,εμποιεω
ⲛⲟⲩϩⲉ (ⲉⲃⲟⲗ),αποδιδωμι
ⲛⲟⲩϩⲉ (ⲉⲃⲟⲗ),προστασσω
ⲛⲟⲩϩⲉ (ⲉⲃⲟⲗ),τασσω
ⲛⲟⲩϩⲙ,ασφαλεια
ⲛⲟⲩϩⲙ,ασφαλης
ⲛⲟⲩϩⲙ,σωζω
ⲛⲟⲩϩⲙ,σωτηρια
ⲛⲟⲩϫⲉ,ακοντιζω
ⲛⲟⲩϫⲉ,αποβαλλω
ⲛⲟⲩϫⲉ,βαλλω
ⲛⲟⲩϫⲉ,εμβαλλω
ⲛⲟⲩϫⲉ,ριπτω
ⲛⲟⲩϫⲉ (ⲉⲡⲁϩⲟⲩ),αναβαλλω
ⲛⲟⲩϫⲉ (ⲉϩⲟⲩⲛ),εισαγω
ⲛⲟⲩϫⲉ (ⲉϩⲟⲩⲛ),εισφερω
ⲛⲟⲩϫⲉ (ⲉϩⲟⲩⲛ),συνιστημι
ⲛⲟⲩϭⲥ,κοτος
ⲛⲟⲩϭⲥ,μηνιμα
ⲛⲟⲩϭⲥ,μηνις
ⲛⲟⲩϭⲥ,οργη
ⲛⲟⲩϭⲥ,χολος
ⲛⲟϣⲣ,γυψ
ⲛⲟϣⲣ,ιεραξ
ⲛⲟϣⲣ,κιρκος
ⲛⲟϥⲣⲉ,κερδαινω
ⲛⲟϥⲣⲉ,κερδος
ⲛⲟϥⲣⲉ,ονινημι
ⲛⲟϥⲣⲉ,πλεονεκτεω
ⲛⲟϥⲣⲉ,πλεως
ⲛⲟϥⲣⲉ,συμφερω
ⲛⲟϥⲣⲉ,ωφελεια
ⲛⲟϥⲣⲉ,ωφελεω
ⲛⲟϩ,βλεφαρον
ⲛⲟϭ ⲛⲣⲱⲙⲉ,αξιολογος
ⲛⲟϭ ⲛⲣⲱⲙⲉ,γεραιος
ⲛⲟϭ ⲛⲣⲱⲙⲉ,γερων
ⲛⲟϭ ⲛⲣⲱⲙⲉ,γνωριμος
ⲛⲟϭ ⲛⲣⲱⲙⲉ,πρεσβυς
ⲛⲟϭ ⲛⲥϩⲓⲙⲉ,γεραιος
ⲛⲟϭ ⲛⲥϩⲓⲙⲉ,γερων
ⲛⲟϭ ⲛⲥϩⲓⲙⲉ,πρεσβυς
ⲛⲟϭⲛⲉϭ,γελως
ⲛⲟϭⲛⲉϭ,ονειδιζω
ⲛⲟϭⲛⲉϭ,ονειδος
ⲛⲣⲁⲥⲧⲉ,αυριον
ⲛⲣⲁⲧ⸗,ιχνος
ⲛⲥⲁ-,καταλειπω
ⲛⲥⲁ-,καταμενω
ⲛⲥⲁ-,κατοπιν
ⲛⲥⲁ-,λειπω
ⲛⲥⲁ-,οπισθεν
ⲛⲥⲁ-,περαω
ⲛⲥⲁ-,υπερ
ⲛⲥⲁ-,χωρις
ⲛⲥⲁⲃⲏⲗ (ⲉ-),χωρις
ⲛⲥⲁⲃⲏⲗ (ϫⲉ),χωρις
ⲛⲥⲁⲕⲱⲙϣ,εμπαιζω
ⲛⲥⲁⲕⲱⲙϣ,καταφρονεω
ⲛⲥⲁⲡⲁϩⲟⲩ,καταλειπω
ⲛⲥⲁⲡⲁϩⲟⲩ,καταμενω
ⲛⲥⲁⲡⲁϩⲟⲩ,κατοπιν
ⲛⲥⲁⲡⲁϩⲟⲩ,λειπω
ⲛⲥⲁⲡⲁϩⲟⲩ,οπισθεν
ⲛⲥⲁⲧⲟⲟⲧ⸗,αιψα
ⲛⲥⲁⲧⲟⲟⲧ⸗,αυτικα
ⲛⲥⲁϫⲱ⸗,υπτιος
ⲛⲥⲏⲩ ⲛⲓⲙ,αει
ⲛⲥⲟⲟⲩⲧⲛ,αιψα
ⲛⲥⲟⲟⲩⲧⲛ,αυτικα
ⲛⲧⲉⲓϩⲉ,ορμαινω
ⲛⲧⲉⲓϩⲉ,ουτως
ⲛⲧⲉⲓϩⲉ,ωδε
ⲛⲧⲉⲛⲁⲙⲟⲛⲓ,ανεχω
ⲛⲧⲉⲛⲁⲙⲟⲛⲓ,καρτερεω
ⲛⲧⲉⲛⲁⲙⲟⲛⲓ,τλαω
ⲛⲧⲉⲛⲁⲙⲟⲛⲓ,υπομενω
ⲛⲧⲉⲟⲩⲛⲟⲩ,αιψα
ⲛⲧⲉⲟⲩⲛⲟⲩ,αυτικα
ⲛⲧⲏϭ,φυτευω
ⲛⲧⲏϭ,φυτος
ⲛⲧⲙⲏⲧⲉ,διαφερω
ⲛⲧⲙⲏⲧⲉ,ιθακη
ⲛⲧⲙⲏⲧⲉ,μεταιχμιος
ⲛⲧⲙⲏⲧⲉ,οριζω
ⲛⲧⲛ-,παρα
ⲛⲧⲟⲗⲏ,ντολη
ⲛⲧⲟⲟⲩ,αυθι
ⲛⲧⲟⲟⲩ,επιστρεφω
ⲛⲧⲟⲟⲩ,ντοου
ⲛⲧⲟⲟⲩ,παλιν
ⲛⲧⲟⲟⲩ,συμφημι
ⲛⲧⲟⲟⲩ,ωσαυτως
ⲛⲧⲟⲟⲩⲛ,ειτα
ⲛⲧⲟⲟⲩⲛ,επειτα
ⲛⲧⲟⲟⲩⲛ,τοιγαρ
ⲛⲧⲟⲟⲩⲛ,υποστρεφω
ⲛⲧⲟⲟⲩⲛ,ωκυμορος
ⲛⲧⲟⲥ,αυθι
ⲛⲧⲟⲥ,επιστρεφω
ⲛⲧⲟⲥ,παλιν
ⲛⲧⲟⲥ,συμφημι
ⲛⲧⲟⲥ,ωσαυτως
ⲛⲧⲟϥ,αυθι
ⲛⲧⲟϥ,επιστρεφω
ⲛⲧⲟϥ,παλιν
ⲛⲧⲟϥ,συμφημι
ⲛⲧⲟϥ,ωσαυτως
ⲛⲧⲡⲉ,ανωθεν
ⲛⲧⲡⲉ,αριδεικετος
ⲛⲧⲡⲉ,ειρω
ⲛⲧⲡⲉ,κρειων
ⲛⲧⲡⲉ,υπερκειμαι
ⲛⲧⲱⲣⲉ,θεα
ⲛⲧⲱⲣⲉ,θεος
ⲛⲩⲕⲏⲥⲓⲥ,νικησις
ⲛⲩⲕⲧⲉⲣⲓⲥ,νυκτερισ
ⲛⲩⲙⲫⲏ,νυμφη
ⲛⲩⲙⲫⲓⲟⲥ,νυμφιος
ⲛⲩⲙⲫⲓⲟⲥ,νυμφιοσ
ⲛⲩⲙⲫⲱⲛ,νυμφων
ⲛⲩⲙⲯⲓⲥ,νηψις
ⲛⲩⲥⲁⲉⲩⲥ,νυσαευς
ⲛϣⲟⲧ,θρασος
ⲛϣⲟⲧ,σκληροτης
ⲛϣⲟⲧ,τολμα
ⲛϣⲱⲣⲡ,παλαιος
ⲛϣⲱⲣⲡ,προτερος
ⲛϩⲁⲛⲙⲏϣ,παροξυνω
ⲛϩⲟⲩⲛ,απροαιρετος
ⲛϩⲟⲩⲛ,ενδον
ⲛϩⲟⲩⲛ,εντος
ⲛϩⲟⲩⲛ,κατακλαω
ⲛϩⲟⲩⲟ,παροξυνω
ⲛϩⲟⲩⲣ,αδεης
ⲛϩⲟⲩⲣ,δειδω
ⲛϩⲟⲩⲣ,δεος
ⲛϩⲟⲩⲣ,φοβεω
ⲛϩⲟⲩⲣ,φοβος
ⲛϩⲣⲁⲓ,ενερθε
ⲛϩⲣⲁⲓ,κατωθεν
ⲛϫⲛⲁϩ,βια
ⲛϫⲛⲁϩ,βιαιος
ⲛϫⲟϥⲧⲛ,πρηνης
ⲛ︦,πεντακισμυριοι
ⲛ︦,πεντε
ⲛ︦,πεντηκοντα
ⲛ︦,πεντηκοντορος
ⲝ(ⲉⲥⲧⲏⲥ),ξεστης
ⲝⲉⲛⲉⲓⲟⲥ,ξενιος
ⲝⲉⲛⲓⲕⲟⲥ,ξενικος
ⲝⲉⲛⲓⲟⲛ,ξενιον
ⲝⲉⲥⲧⲏⲥ,ξεστης
ⲝⲉⲥⲧⲏⲥ,ξεστησ
ⲝⲏⲗⲟⲛ,ξυλον
ⲝⲟⲩⲣ,ξουρ
ⲝⲩⲣⲟⲛ,ξηρον
ⲝⲱⲣⲓⲍⲉ,ξωριζε
ⲟ ⲛⲃⲟⲧⲉ,γιγνομαι
ⲟ ⲛⲃⲟⲧⲉ,γνωριζω
ⲟ ⲛⲃⲟⲧⲉ,εξερημοω
ⲟⲃⲉ,ρειθρον
ⲟⲃⲉ,χαραδρα
ⲟⲃⲣⲩⲍⲟⲛ,οβρυζος
ⲟⲃϣⲉ,ληθη
ⲟⲃϩⲉ,οδων
ⲟⲅⲇⲟⲁⲥ,ογδοας
ⲟⲉⲓⲕ,δοναξ
ⲟⲉⲓⲕ,καλαμος
ⲟⲉⲓⲙⲉ,αγκιστρον
ⲟⲉⲓⲙⲉ,δρεπανον
ⲟⲑⲉ,εκβολη
ⲟⲑⲉ,ρειθρον
ⲟⲓ ⲛⲕⲉⲙⲁ,ακαθαρτος
ⲟⲓ ⲛϫⲱϫⲉⲃ,ασθενης
ⲟⲓ ⲛϫⲱϫⲉⲃ,νοσωδης
ⲟⲓⲕⲉⲓⲟⲩⲥⲑⲁⲓ,οικεω
ⲟⲓⲕⲟⲇⲉⲥⲡⲟⲧⲏⲥ,οικοδεσποτης
ⲟⲓⲕⲟⲇⲟⲙⲟⲥ,οικοδομος
ⲟⲓⲕⲟⲑⲉⲛ,οικοθεν
ⲟⲓⲕⲟⲛⲟⲙⲉⲓ,οικονομει
ⲟⲓⲕⲟⲛⲟⲙⲉⲓ,οικονομεω
ⲟⲓⲕⲟⲛⲟⲙⲓⲁ,οικονομια
ⲟⲓⲕⲟⲛⲟⲙⲟⲥ,οικονομος
ⲟⲓⲕⲟⲛⲟⲙⲟⲥ,οικονομοσ
ⲟⲓⲕⲟⲥ,οικος
ⲟⲓⲕⲟⲥ,οικοσ
ⲟⲓⲕⲟⲥⲕⲉⲩⲏ,οικοσκευη
ⲟⲓⲕⲟⲩⲙⲉⲛⲏ,οικουμενη
ⲟⲓⲛⲟⲩ,οινος
ⲟⲓϩ,βοσκημα
ⲟⲓϩ,βους
ⲟⲓϩ,κτηνος
ⲟⲓϩ,προβατον
ⲟⲕⲧⲟⲏⲥ,ογδοος
ⲟⲗⲓⲅⲱⲣⲉⲓ,ολιγωρεω
ⲟⲗⲓⲕⲉ,ολιγοω
ⲟⲗⲕⲥ,γωνια
ⲟⲗⲕⲥ,καμπτω
ⲟⲗⲗⲁⲣⲓⲟⲛ,οραριον
ⲟⲗⲟⲕⲁⲩⲧⲱⲙⲁ,ολοκαυτωμα
ⲟⲙⲉ,πηλος
ⲟⲙⲟⲓⲱⲥ,ομοιως
ⲟⲙⲟⲓⲱⲥ,ομοιωσ
ⲟⲙⲟⲟⲩⲉⲓⲟⲉ,ομοουειοε
ⲟⲙⲟⲟⲩⲥⲓⲁ,ομοουσια
ⲟⲙⲟⲟⲩⲥⲓⲟⲥ,ομοουσιοσ
ⲟⲙⲟⲩ,ομου
ⲟⲛ,αυθι
ⲟⲛ,επιστρεφω
ⲟⲛ,μηκετι
ⲟⲛ,ον
ⲟⲛ,παλιν
ⲟⲛ,περαιτερος
ⲟⲛ,συμφημι
ⲟⲛⲛⲟⲫⲣⲓⲟⲥ,οννοφριοσ
ⲟⲛⲟⲙⲁⲍⲉ,ονομαζε
ⲟⲛⲟⲙⲁⲍⲉ,ονομαζω
ⲟⲛⲟⲙⲁⲥⲓⲁ,ονομασια
ⲟⲛⲟⲙⲁⲥⲧⲟⲥ,ονομαστος
ⲟⲛⲟⲙⲁⲥⲧⲟⲥ,ονομαστοσ
ⲟⲛⲟⲣⲓⲟⲥ,ονοριοσ
ⲟⲛⲧⲱⲥ,οντως
ⲟⲛⲧⲱⲥ,οντωσ
ⲟⲝⲏⲥ,οξος
ⲟⲝⲟⲥ,οξος
ⲟⲟⲧ,στεναζω
ⲟⲟⲧ,στενω
ⲟⲟⲧⲉ,κοιλια
ⲟⲟⲧⲉ,νηδυς
ⲟⲟϩ,νουμηνια
ⲟⲟϩ,πανσεληνος
ⲟⲟϩ,σεληνη
ⲟⲡⲉⲣ,οσπερ
ⲟⲡⲓⲕⲟⲛ,οπικος
ⲟⲡⲓⲟⲛ,οπιον
ⲟⲡⲓⲟⲩ,οπιον
ⲟⲡⲓⲥⲱ,οπισω
ⲟⲡⲧⲁⲥⲓⲁ,οπτασια
ⲟⲡⲧⲉⲩⲉ,οπτευε
ⲟⲡⲱⲣⲁ,οπωρα
ⲟⲣⲁⲝ,αραξ
ⲟⲣⲅⲁⲛⲟⲛ,οργανον
ⲟⲣⲅⲏ,οργη
ⲟⲣⲇⲓⲛⲟⲛ,ορδινον
ⲟⲣⲑⲏⲥⲓⲥ,ορθιησις
ⲟⲣⲑⲟⲇⲟⲝⲟⲥ,ορθοδοξος
ⲟⲣⲑⲟⲇⲟⲝⲟⲥ,ορθοδοξοσ
ⲟⲣⲑⲟⲛ,ορθος
ⲟⲣⲑⲱⲧⲱⲕⲝⲏⲓⲁ,ορθοδοξια
ⲟⲣⲓⲕⲁⲛⲟⲛ,οριγανον
ⲟⲣⲕⲟⲥ,ορκος
ⲟⲣⲟⲃⲟⲩ,οροβος
ⲟⲣⲫⲁⲛⲟⲥ,ορφανος
ⲟⲣⲫⲁⲛⲟⲥ,ορφανοσ
ⲟⲣⲭⲉ,ορχε
ⲟⲣⲭⲉⲓ,ορχεομαι
ⲟⲣⲭⲟⲥ,ορχος
ⲟⲥⲉ,απορεω
ⲟⲥⲉ,αφοραω
ⲟⲥⲉ,βλαπτω
ⲟⲥⲉ,ζημια
ⲟⲥϩϥ,δρεπανον
ⲟⲥϩϥ,μαχαιρα
ⲟⲧⲓ,οτι
ⲟⲩ,ου
ⲟⲩⲁ,ουα
ⲟⲩⲁⲁⲃ,αγιος
ⲟⲩⲁⲁ⸗,μονος
ⲟⲩⲁⲁ⸗,μονοω
ⲟⲩⲁⲁ⸗,οιος
ⲟⲩⲁⲓ,ουαι
ⲟⲩⲁⲙⲉⲣⲱⲧⲉ,βρεφος
ⲟⲩⲁⲙⲉⲣⲱⲧⲉ,νηπιος
ⲟⲩⲁⲙⲟⲙⲉ,σκωληξ
ⲟⲩⲁⲛ,χωμα
ⲟⲩⲁⲥϥ-,αυτομολος
ⲟⲩⲁⲥϥⲉ,αργια
ⲟⲩⲁϣⲉⲣ,εργαστηριον
ⲟⲩⲁϣⲥⲉ,ευρος
ⲟⲩⲁϣⲥⲉ,πλατος
ⲟⲩⲁϣⲧⲉ,θρησκεια
ⲟⲩⲁϣⲧⲉ,προσκυνεω
ⲟⲩⲁϣⲧⲉ,σεβομαι
ⲟⲩⲁϣⲧⲉ,σεβω
ⲟⲩⲁϩ,ξυλον
ⲟⲩⲁϩⲃⲉϥ,φλοιος
ⲟⲩⲁϩⲓϩⲏⲧ,σχετλιος
ⲟⲩⲁϩⲙⲉϥ,ερμηνευς
ⲟⲩⲁϭⲉ,πληγη
ⲟⲩⲁ⸗,διδωμι
ⲟⲩⲁ⸗,εαω
ⲟⲩⲁ⸗,εξεστι
ⲟⲩⲁ⸗,επιτρεπω
ⲟⲩⲁ⸗,συγχωρεω
ⲟⲩⲃⲁϣ,λευκοτης
ⲟⲩⲃⲉ-,αντιστρατοπεδευω
ⲟⲩⲃⲉ-,εναντιος
ⲟⲩⲃⲉ-,ευθυς
ⲟⲩⲃⲉ-,περαιος
ⲟⲩⲇⲉ,ουδε
ⲟⲩⲉ,διαρμα
ⲟⲩⲉ,διαστημα
ⲟⲩⲉ,προσω
ⲟⲩⲉ,προσωθεν
ⲟⲩⲉ,σταδιος
ⲟⲩⲉⲓⲉⲛⲓⲛ,ιων
ⲟⲩⲉⲓⲛⲓⲛ,ουεινιν
ⲟⲩⲉⲓⲧⲉ,αναιρεω
ⲟⲩⲉⲓⲧⲉ,απολλυμι
ⲟⲩⲉⲓⲧⲉ,διαλυω
ⲟⲩⲉⲓⲧⲉ,διαφθειρω
ⲟⲩⲉⲓⲧⲉ,καταλυω
ⲟⲩⲉⲓⲧⲉ,λυω
ⲟⲩⲉⲓⲧⲉ,ολλυμι
ⲟⲩⲉⲓⲧⲉ,φθειρω
ⲟⲩⲉⲓⲧⲉ ⲉⲃⲟⲗ,αναιρεω
ⲟⲩⲉⲓⲧⲉ ⲉⲃⲟⲗ,απολλυμι
ⲟⲩⲉⲓⲧⲉ ⲉⲃⲟⲗ,διαλυω
ⲟⲩⲉⲓⲧⲉ ⲉⲃⲟⲗ,διαφθειρω
ⲟⲩⲉⲓⲧⲉ ⲉⲃⲟⲗ,καταλυω
ⲟⲩⲉⲓⲧⲉ ⲉⲃⲟⲗ,λυω
ⲟⲩⲉⲓⲧⲉ ⲉⲃⲟⲗ,ολλυμι
ⲟⲩⲉⲓⲧⲉ ⲉⲃⲟⲗ,φθειρω
ⲟⲩⲉⲓϫⲉ,αδικεω
ⲟⲩⲉⲓϫⲉ,βλαπτω
ⲟⲩⲉⲓϫⲉ,τιτρωσκω
ⲟⲩⲉⲓϫⲉ,τραυμα
ⲟⲩⲉⲓϫⲉ,τραυματιας
ⲟⲩⲉⲓϫⲉ,υβρις
ⲟⲩⲉⲙϧⲣⲉ,γαστηρ
ⲟⲩⲉⲙϧⲣⲉ,κοιλια
ⲟⲩⲉⲙϧⲣⲉ,νηδυς
ⲟⲩⲉⲣⲏⲧⲉ,διαυλος
ⲟⲩⲉⲣⲏⲧⲉ,επιβαινω
ⲟⲩⲉⲣⲏⲧⲉ,πεζος
ⲟⲩⲉⲣⲏⲧⲉ,πους
ⲟⲩⲉⲣⲏⲧⲉ,υπωρεια
ⲟⲩⲉϩⲥⲁϩⲛⲉ,αρχω
ⲟⲩⲉϩⲥⲁϩⲛⲉ,ηγεμονια
ⲟⲩⲉϩⲥⲁϩⲛⲉ,κελευω
ⲟⲩⲉϩⲥⲁϩⲛⲉ,προστασσω
ⲟⲩⲉϩⲥⲁϩⲛⲉ,στρατηγια
ⲟⲩⲉϩⲥⲟⲓ,οροφη
ⲟⲩⲉϩⲥⲟⲓ,οροφος
ⲟⲩⲉϩⲥⲟⲓ,στεγη
ⲟⲩⲉϩⲥⲟⲓ,τεγος
ⲟⲩⲏⲏϣ,επιτροπος
ⲟⲩⲏⲏϣ,φυλαξ
ⲟⲩⲏⲓ,βαπτιζω
ⲟⲩⲏⲓ,δητα
ⲟⲩⲏⲓ,ειπερ
ⲟⲩⲏⲓ,μαλα
ⲟⲩⲏⲓ,μεντοι
ⲟⲩⲏⲓ,τοιγαρ
ⲟⲩⲏⲗⲟⲛ,βηλον
ⲟⲩⲏⲧ,αφεσις
ⲟⲩⲏⲧⲉ,απολειπω
ⲟⲩⲏⲧⲉ,εκλειπω
ⲟⲩⲏⲧⲉ,προιημι
ⲟⲩⲓⲥⲓ,οιδμα
ⲟⲩⲓϩⲉ,ωμοτης
ⲟⲩⲕ,ουκ
ⲟⲩⲕⲉⲧⲓ,ουκετι
ⲟⲩⲕⲟⲩⲛ,ουκουν
ⲟⲩⲗⲏ,ουλη
ⲟⲩⲗⲗⲉ,μελος
ⲟⲩⲗⲗⲉ,μουσα
ⲟⲩⲗⲗⲉ,μουσικος
ⲟⲩⲗⲡⲉ,αντρον
ⲟⲩⲗⲡⲉ,γλαφυρος
ⲟⲩⲗⲡⲉ,σπεος
ⲟⲩⲗⲡⲉ,σπηλαιον
ⲟⲩⲙⲟⲧ,παχος
ⲟⲩⲛ,ουν
ⲟⲩⲛⲟⲩ,ωρα
ⲟⲩⲛⲣⲟ,βοαω
ⲟⲩⲛϣϭⲟⲙ (ⲙⲙⲟ⸗),αρχη
ⲟⲩⲛϣϭⲟⲙ (ⲙⲙⲟ⸗),δυναμαι
ⲟⲩⲛϣϭⲟⲙ (ⲙⲙⲟ⸗),δυναμις
ⲟⲩⲛϣϭⲟⲙ (ⲙⲙⲟ⸗),εξουσια
ⲟⲩⲛϭⲟⲙ (ⲙⲙⲟ⸗),αρχη
ⲟⲩⲛϭⲟⲙ (ⲙⲙⲟ⸗),δυναμαι
ⲟⲩⲛϭⲟⲙ (ⲙⲙⲟ⸗),δυναμις
ⲟⲩⲛϭⲟⲙ (ⲙⲙⲟ⸗),εξουσια
ⲟⲩⲟⲃϣⲓ,αργιοδους
ⲟⲩⲟⲃϣⲓ,λευκη
ⲟⲩⲟⲃϣⲓ,λευκος
ⲟⲩⲟⲃϣⲓ,λευκωλενος
ⲟⲩⲟⲃϣⲓ,πολιος
ⲟⲩⲟⲉⲓⲉ,γεωργος
ⲟⲩⲟⲉⲓⲧ,κιων
ⲟⲩⲟⲉⲓⲧ,στηλη
ⲟⲩⲟⲉⲓϣ,αιτιος
ⲟⲩⲟⲉⲓϣ,εκαστοτε
ⲟⲩⲟⲉⲓϣ,καιρος
ⲟⲩⲟⲉⲓϣⲉ,αιτιος
ⲟⲩⲟⲉⲓϣⲉ,εκαστοτε
ⲟⲩⲟⲉⲓϣⲉ,καιρος
ⲟⲩⲟⲓ,επαισσω
ⲟⲩⲟⲓ,ορμαω
ⲟⲩⲟⲓ,ουοι
ⲟⲩⲟⲙϥ,φατνη
ⲟⲩⲟⲡ,καθαρος
ⲟⲩⲟⲥ,αιχμη
ⲟⲩⲟⲥⲑⲉⲛ ⲉⲃⲟⲗ,αφθονια
ⲟⲩⲟⲥⲑⲉⲛ ⲉⲃⲟⲗ,αφθονος
ⲟⲩⲟⲥⲑⲉⲛ ⲉⲃⲟⲗ,ευρος
ⲟⲩⲟⲥⲑⲉⲛ ⲉⲃⲟⲗ,πλατος
ⲟⲩⲟⲥⲧⲛ,ευρος
ⲟⲩⲟⲥⲧⲛ,πλατος
ⲟⲩⲟⲧϩ,κρατηρ
ⲟⲩⲟⲧϩ,φιαλη
ⲟⲩⲟⲧϩⲉ,κρατηρ
ⲟⲩⲟⲧϩⲉ,φιαλη
ⲟⲩⲟⲩⲕⲉ,λυω
ⲟⲩⲟⲩⲕⲉ,ρηγνυμι
ⲟⲩⲟϣⲟⲩⲉϣ,παιω
ⲟⲩⲟϣⲟⲩⲉϣ,τυπτω
ⲟⲩⲟϭⲉ,παρεια
ⲟⲩⲟϭⲉ,παρηις
ⲟⲩⲣⲁⲛⲓⲟⲛ,ουρανιος
ⲟⲩⲣⲁⲛⲟⲥ,ουρανος
ⲟⲩⲣⲁⲥ,βακτηρια
ⲟⲩⲣⲁⲥ,επικαιριος
ⲟⲩⲣⲁⲥ,λευγαλεος
ⲟⲩⲣⲁⲥ,σκηπτρον
ⲟⲩⲣⲟⲧ,αφθονια
ⲟⲩⲣⲟⲧ,αφθονος
ⲟⲩⲣⲟⲧ,προθυμια
ⲟⲩⲣⲟⲧ,προθυμος
ⲟⲩⲣⲟⲧ,σπουδη
ⲟⲩⲣⲧ,ανιστημι
ⲟⲩⲣⲧ,ροδον
ⲟⲩⲣⲱ,κυαμος
ⲟⲩⲣϣⲉ,φυλακη
ⲟⲩⲣϣⲉ,φυλασσω
ⲟⲩⲥⲓⲁ,ουσια
ⲟⲩⲥⲓⲁⲣⲭⲏⲥ,ουσιαρχης
ⲟⲩⲧⲁϩ,καρπος
ⲟⲩⲧⲉ,ουτε
ⲟⲩⲧⲉ-,διαφερω
ⲟⲩⲧⲉ-,ιθακη
ⲟⲩⲧⲉ-,μεταιχμιος
ⲟⲩⲧⲉ-,οριζω
ⲟⲩⲫⲁϫⲓ,ηπαρ
ⲟⲩⲭ,ουχ
ⲟⲩⲭⲓ,ουχι
ⲟⲩⲱ,ανθεω
ⲟⲩⲱ,ανθος
ⲟⲩⲱⲃϣ,αργιοδους
ⲟⲩⲱⲃϣ,λευκη
ⲟⲩⲱⲃϣ,λευκος
ⲟⲩⲱⲃϣ,λευκωλενος
ⲟⲩⲱⲃϣ,πολιος
ⲟⲩⲱⲗⲡ,γλαφυρος
ⲟⲩⲱⲗⲡ,κοιλος
ⲟⲩⲱⲗⲡ,πλαισιον
ⲟⲩⲱⲙ,ασιτος
ⲟⲩⲱⲙ,σιτιον
ⲟⲩⲱⲙ,σιτος
ⲟⲩⲱⲙ,τροφη
ⲟⲩⲱⲙⲧ,οιδμα
ⲟⲩⲱⲙϩⲏⲧ,μετανοια
ⲟⲩⲱⲛ ⲛⲥⲁϫⲓ,αινιγμα
ⲟⲩⲱⲛ ⲛⲥⲁϫⲓ,αινισσομαι
ⲟⲩⲱⲛ ⲛⲥⲁϫⲓ,προβλημα
ⲟⲩⲱⲛⲅ,εδω
ⲟⲩⲱⲛⲅ,καταπινω
ⲟⲩⲱⲛⲅ,κατεσθιω
ⲟⲩⲱⲛⲅ,χελιδων
ⲟⲩⲱⲡⲉ,ιερα
ⲟⲩⲱⲣⲡ ⲉⲃⲟⲗ,μεταπεμπω
ⲟⲩⲱⲣϩ ⲉⲃⲟⲗ,απολυω
ⲟⲩⲱⲣϩ ⲉⲃⲟⲗ,αποπεμπω
ⲟⲩⲱⲣϩ ⲉⲃⲟⲗ,αφιημι
ⲟⲩⲱⲣϩ ⲉϩⲟⲩⲛ,δεχομαι
ⲟⲩⲱⲣϩ ⲉϩⲟⲩⲛ,ομολογεω
ⲟⲩⲱⲥϥ,αργια
ⲟⲩⲱⲧ,εις
ⲟⲩⲱⲧ,μονομαχεω
ⲟⲩⲱⲧ,μονομαχια
ⲟⲩⲱⲧ,μονος
ⲟⲩⲱⲧ,μονοω
ⲟⲩⲱⲧ,μωνυξ
ⲟⲩⲱⲧ,οιος
ⲟⲩⲱⲧⲃ,μεταφερω
ⲟⲩⲱⲧⲃ ⲉ-,διαφερω
ⲟⲩⲱⲧⲃ ⲉ-,υπερβαλλω
ⲟⲩⲱⲧⲉ ⲉ-,διαφερω
ⲟⲩⲱⲧⲉ ⲉ-,υπερβαλλω
ⲟⲩⲱⲧⲉⲃ ⲉⲃⲟⲗ,επιτρεχω
ⲟⲩⲱⲧⲉⲃ ⲉⲃⲟⲗ,κατατρεχω
ⲟⲩⲱⲧⲛ,αναθημα
ⲟⲩⲱⲧⲛ,ολοκαυτωσις
ⲟⲩⲱⲧⲛ,σπενδω
ⲟⲩⲱⲧⲛ,σπονδη
ⲟⲩⲱⲧⲛ,χαριστηριος
ⲟⲩⲱⲧⲛ ⲉⲃⲟⲗ,σπονδη
ⲟⲩⲱⲧϩ ⲉⲃⲟⲗ,σπενδω
ⲟⲩⲱⲧϩ ⲉⲃⲟⲗ,χεω
ⲟⲩⲱⲱⲗⲉ,αφθονια
ⲟⲩⲱⲱⲗⲉ,ευδαιμονια
ⲟⲩⲱⲱⲗⲉ,ευτυχια
ⲟⲩⲱⲱⲗⲉ,ολβος
ⲟⲩⲱϣ,διαρμα
ⲟⲩⲱϣ,διαστημα
ⲟⲩⲱϣ,εννημαρ
ⲟⲩⲱϣ,μεταιχμιος
ⲟⲩⲱϣ,προσω
ⲟⲩⲱϣ,προσωθεν
ⲟⲩⲱϣ,σταδιος
ⲟⲩⲱϣ ⲉⲃⲟⲗ,βουλομαι
ⲟⲩⲱϣ ⲉⲃⲟⲗ,εθελω
ⲟⲩⲱϣⲃ,αμειβω
ⲟⲩⲱϣⲃ,αντιος
ⲟⲩⲱϣⲃ,αποκρινω
ⲟⲩⲱϣⲃ,αποκρισις
ⲟⲩⲱϣⲃ,προσειπον
ⲟⲩⲱϣⲥ,ευρος
ⲟⲩⲱϣⲥ,πλατος
ⲟⲩⲱϣⲥ ⲉⲃⲟⲗ,ευκηλος
ⲟⲩⲱϣⲥ ⲉⲃⲟⲗ,ευρος
ⲟⲩⲱϣⲥ ⲉⲃⲟⲗ,πλατος
ⲟⲩⲱϣϥ,απολλυμι
ⲟⲩⲱϣϥ,απωλεια
ⲟⲩⲱϣϥ,ολεθρος
ⲟⲩⲱϣϥ,φθορα
ⲟⲩⲱϩ ⲉⲡⲉⲥⲏⲧ,καταβαινω
ⲟⲩⲱϩ ⲉⲡⲉⲥⲏⲧ,κατειμι
ⲟⲩⲱϩ ⲉϫⲛ-,αυξανω
ⲟⲩⲱϩ ⲛⲥⲁ-,ακολουθεω
ⲟⲩⲱϩ ⲛⲥⲁ-,επομαι
ⲟⲩⲱϩ ⲛⲧⲛ-,αποτιμαω
ⲟⲩⲱϩ ⲛⲧⲛ-,ενεχυρον
ⲟⲩⲱϩⲉⲙ ⲉⲃⲟⲗ,εξηγεομαι
ⲟⲩⲱϩⲙ,αμειβω
ⲟⲩⲱϩⲙ,αντιος
ⲟⲩⲱϩⲙ,αποκρινω
ⲟⲩⲱϩⲙ,αποκρισις
ⲟⲩⲱϩⲙ,ενστασις
ⲟⲩⲱϩⲙ,ερμηνεια
ⲟⲩⲱϩⲙ,προσειπον
ⲟⲩⲱϩⲣ,επεχω
ⲟⲩⲱϩⲣ,κωλυω
ⲟⲩⲱϩⲣ,ληγω
ⲟⲩⲱϩⲣ,ουκετι
ⲟⲩⲱϩⲣ,παυω
ⲟⲩⲱϫⲉ,βλαπτω
ⲟⲩⲱϫⲉ,χωρις
ⲟⲩⲱϭ,εισοδος
ⲟⲩⲱϭ,εισπλοος
ⲟⲩⲱϭ,στοα
ⲟⲩⲱϭⲥ,εισπραξις
ⲟⲩⲱϭⲥ,εισφερω
ⲟⲩⲱϭⲥ,ερανος
ⲟⲩϣⲁⲡ,δανειζω
ⲟⲩϣⲁⲡ,δανειον
ⲟⲩϣⲁⲡ,δανεισμα
ⲟⲩϣⲏ,νυκτωρ
ⲟⲩϣⲏ,νυξ
ⲟⲩϣⲏ,νυχιος
ⲟⲩϣⲏ,παννυχιος
ⲟⲩϫⲁⲓ,χαιρω
ⲟⲫⲑⲁⲗⲙⲓⲁ,οφθαλμια
ⲟⲭⲉⲙⲁ,οχημα
ⲟⲭⲗⲏⲥⲓⲥ,οχλησις
ⲟⲭⲗⲟⲥ,οχλος
ⲟⲭⲗⲟⲥ,οχλοσ
ⲟⲯⲱⲛⲓⲟⲛ,οψωνιον
ⲟϩⲉ,αγελαιος
ⲟϩⲉ,αγελη
ⲟϩⲉ,ιπποβοτος
ⲟϩⲉ,μηλον
ⲟϩⲉ,ποιμνη
ⲟϩⲉ,προβατον
ⲟϩⲥ,δρεπανον
ⲟϫⲓ,αδικημα
ⲟϫⲓ,αδικια
ⲟϭⲃⲥ,ψυχος
ⲟϭⲃⲥ,ψυχρος
ⲡⲁⲅⲁⲛⲟⲥ,παγανος
ⲡⲁⲅⲁⲛⲟⲥ,παγανοσ
ⲡⲁⲑⲉⲓ,πασχω
ⲡⲁⲑⲟⲥ,παθος
ⲡⲁⲑⲟⲥ,παθοσ
ⲡⲁⲑⲩⲥⲓⲥ,παθησις
ⲡⲁⲓ,παι
ⲡⲁⲓⲅⲛⲓⲟⲛ,παιγνιον
ⲡⲁⲓⲇⲁⲅⲱⲅⲟⲥ,παιδαγωγοσ
ⲡⲁⲓⲇⲁⲓⲥ,παιδαισ
ⲡⲁⲓⲇⲉⲥ,παιδεσ
ⲡⲁⲓⲇⲉⲩⲉ,παιδευε
ⲡⲁⲓⲇⲉⲩⲉ,παιδευω
ⲡⲁⲓⲇⲓⲁ,παιδεια
ⲡⲁⲓⲣⲏϯ,ορμαινω
ⲡⲁⲓⲣⲏϯ,ουτως
ⲡⲁⲓⲣⲏϯ,ωδε
ⲡⲁⲓϭⲉ,χασμα
ⲡⲁⲕⲁⲛⲟⲥ,παγανος
ⲡⲁⲕⲉ,κουφοτης
ⲡⲁⲕⲧⲟⲛ,πακτον
ⲡⲁⲗⲁⲓⲁ,παλαια
ⲡⲁⲗⲁⲓⲁ,παλαιος
ⲡⲁⲗⲁⲥⲧⲓⲛⲓⲁⲛⲟⲥ,παλαιστιανος
ⲡⲁⲗⲁⲧⲓⲛⲟⲥ,παλατινος
ⲡⲁⲗⲁⲧⲓⲟⲛ,παλατιον
ⲡⲁⲗⲓⲛ,παλιν
ⲡⲁⲗⲗⲁⲕⲏ,παλλακη
ⲡⲁⲗⲗⲁⲧⲓⲟⲛ,παλατιον
ⲡⲁⲗⲗⲁⲧⲓⲟⲛ,παλλατιον
ⲡⲁⲗⲗⲁϯⲟⲛ,παλλαϯον
ⲡⲁⲙⲙⲏⲧⲱⲣ,παμμητωρ
ⲡⲁⲛⲁⲅⲓⲟⲥ,παναγιος
ⲡⲁⲛⲁⲣⲉ,παναριον
ⲡⲁⲛⲅⲉⲛⲉⲧⲱⲣ,πανγενετωρ
ⲡⲁⲛⲅⲉⲛⲓⲁ,πανγενια
ⲡⲁⲛⲅⲛⲱⲥⲓⲥ,πανγνωσις
ⲡⲁⲛⲇⲏⲗⲟⲥ,πανδηλος
ⲡⲁⲛⲇⲓⲁ,πανδια
ⲡⲁⲛⲇⲟⲩⲣⲁ,πανδουρα
ⲡⲁⲛⲇⲩⲛⲁⲙⲓⲥ,πανδυναμις
ⲡⲁⲛⲉⲩⲫⲏⲙⲟⲥ,πανευφημος
ⲡⲁⲛⲏⲣⲉⲙⲟⲥ,πανηρεμος
ⲡⲁⲛⲑⲏⲣ,πανθηρ
ⲡⲁⲛⲙⲩⲥⲧⲏⲣⲓⲟⲛ,πανμυστηριον
ⲡⲁⲛⲟⲡⲟⲗⲓⲥ,πανοπολισ
ⲡⲁⲛⲟⲥⲓⲟⲥ,πανοσιος
ⲡⲁⲛⲟⲩⲣⲅⲓⲁ,πανουργια
ⲡⲁⲛⲟⲩⲣⲅⲟⲥ,πανουργος
ⲡⲁⲛⲟⲩⲣⲅⲟⲥ,πανουργοσ
ⲡⲁⲛⲟⲩⲥⲓⲟⲥ,πανουσιος
ⲡⲁⲛⲡⲏⲅⲏ,πανπηγη
ⲡⲁⲛⲥⲟⲫⲟⲥ,πανσοφος
ⲡⲁⲛⲧⲉⲗⲏⲥ,παντελης
ⲡⲁⲛⲧⲉⲗⲓⲟⲛ,παντελειος
ⲡⲁⲛⲧⲉⲗⲓⲟⲥ,παντελειος
ⲡⲁⲛⲧⲟⲇⲩⲛⲁⲙⲓⲥ,παντοδυναμις
ⲡⲁⲛⲧⲟⲇⲩⲛⲁⲙⲟⲥ,παντοδυναμος
ⲡⲁⲛⲧⲟⲕⲣⲁⲧⲱⲣ,παντοκρατωρ
ⲡⲁⲛⲧⲟⲙⲟⲣⲫⲟⲥ,παντομορφος
ⲡⲁⲛⲧⲟⲡⲁⲧⲱⲣ,παντοπατωρ
ⲡⲁⲛⲧⲟⲭⲓⲟⲛ,πανδοχειον
ⲡⲁⲛⲧⲱⲥ,παντως
ⲡⲁⲛⲧⲱⲥ,παντωσ
ⲡⲁⲛϩⲁⲅⲛⲟⲛ,παναγνος
ⲡⲁⲛϩⲟⲗⲱⲛ,πανολον
ⲡⲁⲛϩⲟⲡⲗⲓⲁ,πανοπλια
ⲡⲁⲛϩⲟⲡⲗⲓⲁ,πανϩοπλια
ⲡⲁⲟⲩⲱⲡⲉ,δικαστηριον
ⲡⲁⲟⲩⲱⲡⲉ,θαλαμος
ⲡⲁⲟⲩⲱⲡⲉ,μεγαρον
ⲡⲁⲟⲩⲱⲡⲉ,οικημα
ⲡⲁⲡⲁⲥ,παπας
ⲡⲁⲡⲁⲥ,παπασ
ⲡⲁⲡⲟⲓ,οιωνος
ⲡⲁⲡⲟⲓ,ορνεον
ⲡⲁⲡⲟⲓ,ορνις
ⲡⲁⲣⲁ,παρα
ⲡⲁⲣⲁⲃⲁ,παραβα
ⲡⲁⲣⲁⲃⲁ,παραβαινω
ⲡⲁⲣⲁⲃⲁⲥⲓⲁ,παραβασια
ⲡⲁⲣⲁⲃⲁⲥⲓⲥ,παραβασις
ⲡⲁⲣⲁⲃⲁⲥⲓⲥ,παραβασισ
ⲡⲁⲣⲁⲃⲁⲧⲏⲥ,παραβατης
ⲡⲁⲣⲁⲃⲁⲧⲏⲥ,παραβατησ
ⲡⲁⲣⲁⲃⲉⲛⲓⲛ,παραβαινω
ⲡⲁⲣⲁⲃⲉⲛⲓⲛ,παραβενιν
ⲡⲁⲣⲁⲃⲟⲗⲁⲟⲩⲓ,παραβολη
ⲡⲁⲣⲁⲃⲟⲗⲏ,παραβολη
ⲡⲁⲣⲁⲅⲅⲉⲓⲗⲉ,παραγγειλε
ⲡⲁⲣⲁⲅⲅⲉⲓⲗⲉ,παραγγελλω
ⲡⲁⲣⲁⲅⲅⲉⲗⲓⲁ,παραγγελια
ⲡⲁⲣⲁⲅⲉ,παραγε
ⲡⲁⲣⲁⲅⲉ,παραγω
ⲡⲁⲣⲁⲅⲓⲛ,παραγω
ⲡⲁⲣⲁⲅⲣⲁⲫⲏ,παραγραφη
ⲡⲁⲣⲁⲇⲉⲓⲥⲟⲥ,παραδεισος
ⲡⲁⲣⲁⲇⲉⲓⲥⲟⲥ,παραδεισοσ
ⲡⲁⲣⲁⲇⲉⲭⲉ,παραδεχομαι
ⲡⲁⲣⲁⲇⲓⲅⲙⲁ,παραδειγμα
ⲡⲁⲣⲁⲇⲓⲅⲙⲁ,παραδιγμα
ⲡⲁⲣⲁⲇⲓⲅⲙⲁⲧⲓⲍⲉ,παραδιγματιζε
ⲡⲁⲣⲁⲇⲓⲇⲟⲩ,παραδιδου
ⲡⲁⲣⲁⲇⲓⲇⲟⲩ,παραδιδωμι
ⲡⲁⲣⲁⲇⲓⲥⲟⲥ,παραδεισος
ⲡⲁⲣⲁⲇⲓⲥⲟⲥ,παραδισοσ
ⲡⲁⲣⲁⲇⲟⲝⲟⲛ,παραδοξον
ⲡⲁⲣⲁⲇⲟⲝⲟⲛ,παραδοξος
ⲡⲁⲣⲁⲇⲟⲝⲟⲥ,παραδοξος
ⲡⲁⲣⲁⲇⲟⲥⲓⲥ,παραδοσις
ⲡⲁⲣⲁⲇⲟⲥⲓⲥ,παραδοσισ
ⲡⲁⲣⲁⲑⲏⲕⲏ,παραθηκη
ⲡⲁⲣⲁⲓⲧⲉⲓ,παραιτει
ⲡⲁⲣⲁⲓⲧⲉⲓ,παραιτεομαι
ⲡⲁⲣⲁⲕⲁⲗⲉ,παρακαλε
ⲡⲁⲣⲁⲕⲁⲗⲉⲓ,παρακαλει
ⲡⲁⲣⲁⲕⲁⲗⲉⲓ,παρακαλεω
ⲡⲁⲣⲁⲕⲁⲗⲉⲓⲥⲑⲁⲓ,παρακαλεω
ⲡⲁⲣⲁⲕⲗⲏ,παρακλη
ⲡⲁⲣⲁⲕⲗⲏⲥⲓⲥ,παρακλησις
ⲡⲁⲣⲁⲕⲗⲏⲥⲓⲥ,παρακλησισ
ⲡⲁⲣⲁⲕⲗⲏⲧⲓⲕⲟⲛ,παρακλητικος
ⲡⲁⲣⲁⲕⲗⲏⲧⲟⲛ,παρακλητος
ⲡⲁⲣⲁⲕⲗⲏⲧⲟⲥ,παρακλητος
ⲡⲁⲣⲁⲕⲗⲏⲧⲟⲥ,παρακλητοσ
ⲡⲁⲣⲁⲕⲟⲓⲧⲱⲛ,παρακοιτων
ⲡⲁⲣⲁⲕⲟⲗⲟⲩⲑⲏⲥⲓⲥ,παρακολουθησις
ⲡⲁⲣⲁⲗⲁⲗⲓⲍⲉ,παραλλασσω
ⲡⲁⲣⲁⲗⲁⲙⲃⲁⲛⲉ,παραλαμβανω
ⲡⲁⲣⲁⲗⲏⲙⲡⲧⲏⲥ,παραλημπτης
ⲡⲁⲣⲁⲗⲏⲙⲡⲧⲏⲥ,παραλημπτησ
ⲡⲁⲣⲁⲗⲏⲙⲡⲧⲱⲣ,παραλημπτωρ
ⲡⲁⲣⲁⲗⲏⲙⲧⲏⲥ,παραλημτησ
ⲡⲁⲣⲁⲗⲓⲁ,παραλια
ⲡⲁⲣⲁⲗⲗⲁⲥⲥⲉ,παραλλασσω
ⲡⲁⲣⲁⲗⲟⲅⲟⲛ,παραλογος
ⲡⲁⲣⲁⲙⲉⲓⲛⲉ,παραμενω
ⲡⲁⲣⲁⲙⲟⲛⲏ,παραμονη
ⲡⲁⲣⲁⲙⲩⲑⲓⲁ,παραμυθια
ⲡⲁⲣⲁⲙⲩⲑⲓⲍⲉ,παραμυθιζε
ⲡⲁⲣⲁⲛⲟⲙⲉⲓ,παρανομει
ⲡⲁⲣⲁⲛⲟⲙⲉⲓ,παρανομεω
ⲡⲁⲣⲁⲛⲟⲙⲓⲁ,παρανομια
ⲡⲁⲣⲁⲛⲟⲙⲟⲛ,παρανομος
ⲡⲁⲣⲁⲛⲟⲙⲟⲥ,παρανομος
ⲡⲁⲣⲁⲛⲟⲙⲟⲥ,παρανομοσ
ⲡⲁⲣⲁⲡⲉⲧⲁⲥⲙⲁ,παραπετασμα
ⲡⲁⲣⲁⲡⲗⲏⲝ,παραπληξ
ⲡⲁⲣⲁⲡⲟⲗⲏ,παραπολη
ⲡⲁⲣⲁⲡⲟⲧⲁⲙⲓⲁ,παραποταμιος
ⲡⲁⲣⲁⲡⲧⲱⲙⲁ,παραπτωμα
ⲡⲁⲣⲁⲣⲟ,παραρο
ⲡⲁⲣⲁⲥⲕⲉⲩⲏ,παρασκευη
ⲡⲁⲣⲁⲥⲧⲁⲥ,παραστασ
ⲡⲁⲣⲁⲥⲧⲁⲧⲉⲓ,παραστατεω
ⲡⲁⲣⲁⲥⲧⲁⲧⲏⲥ,παραστατης
ⲡⲁⲣⲁⲥⲧⲁⲧⲏⲥ,παραστατησ
ⲡⲁⲣⲁⲧⲁⲝⲓⲥ,παραταξις
ⲡⲁⲣⲁⲧⲏⲣⲉⲓ,παρατηρει
ⲡⲁⲣⲁⲧⲏⲣⲓ,παρατηρεω
ⲡⲁⲣⲁⲧⲓⲅⲙⲁ,παρατιγμα
ⲡⲁⲣⲁⲧⲓⲅⲙⲁⲧⲓⲍⲉ,παραδειγματιζω
ⲡⲁⲣⲁⲧⲓⲛⲉ,παρατεινω
ⲡⲁⲣⲁⲫⲣⲁⲥⲓⲥ,παραφρασις
ⲡⲁⲣⲁⲫⲣⲱⲛ,παραφρων
ⲡⲁⲣⲁⲫⲩⲥⲓⲛ,παραφυσιν
ⲡⲁⲣⲁⲫⲩⲥⲓⲥ,παραφυσις
ⲡⲁⲣⲁⲫⲩⲥⲓⲥ,παραφυσισ
ⲡⲁⲣⲁⲭⲓⲙⲁⲍⲉ,παραχειμαζω
ⲡⲁⲣⲁⲭⲱⲣⲉⲓ,παραχωρεω
ⲡⲁⲣⲁⲭⲱⲣⲓⲛ,παραχωρεω
ⲡⲁⲣⲇⲁⲗⲓⲥ,παρδαλις
ⲡⲁⲣⲇⲁⲗⲓⲥ,παρδαλισ
ⲡⲁⲣⲉⲗⲑⲉ,παρερχομαι
ⲡⲁⲣⲉⲙⲃⲟⲗⲏ,παρεμβολη
ⲡⲁⲣⲉⲟⲛ,παλαιος
ⲡⲁⲣⲑⲉⲛⲏ,παρθενος
ⲡⲁⲣⲑⲉⲛⲓⲁ,παρθενεια
ⲡⲁⲣⲑⲉⲛⲓⲁ,παρθενια
ⲡⲁⲣⲑⲉⲛⲓⲕⲏ,παρθενικος
ⲡⲁⲣⲑⲉⲛⲓⲕⲟⲛ,παρθενικον
ⲡⲁⲣⲑⲉⲛⲓⲕⲟⲛ,παρθενικος
ⲡⲁⲣⲑⲉⲛⲟⲥ,παρθενος
ⲡⲁⲣⲑⲉⲛⲟⲥ,παρθενοσ
ⲡⲁⲣⲑⲉⲛⲱⲛ,παρθενων
ⲡⲁⲣⲑⲟⲥ,παρθος
ⲡⲁⲣⲓⲅⲟⲣⲓ,παριγορι
ⲡⲁⲣⲓⲥⲑⲙⲓⲟⲛ,παρισθμιον
ⲡⲁⲣⲟⲓⲕⲏⲥⲓⲥ,παροικησις
ⲡⲁⲣⲟⲝⲩⲥⲙⲟⲥ,παροξυσμος
ⲡⲁⲣⲟⲣⲁ,παροραω
ⲡⲁⲣⲟⲩⲥⲓⲁ,παρουσια
ⲡⲁⲣⲣⲏⲥⲓⲁ,παρρησια
ⲡⲁⲣⲣⲟⲩⲥⲓⲁ,παρρουσια
ⲡⲁⲣⲧⲁⲗⲏⲥ,παρταλησ
ⲡⲁⲣⲱⲝⲩⲛⲉ,παροξυνω
ⲡⲁⲣϩⲏⲥⲓⲁ,παρϩησια
ⲡⲁⲣϩⲏⲥⲓⲁⲍⲉ,παρϩησιαζε
ⲡⲁⲣϩⲓⲥⲧⲁ,παριστανω
ⲡⲁⲣϩⲓⲥⲧⲁ,παρϩιστα
ⲡⲁⲣϩⲟⲓⲙⲓⲁ,παροιμια
ⲡⲁⲣϩⲟⲓⲙⲓⲁ,παρϩοιμια
ⲡⲁⲣϩⲟⲩⲥⲓⲁ,παρϩουσια
ⲡⲁⲣϩⲩⲙⲓⲁⲥⲧⲏⲥ,παροιμιαστης
ⲡⲁⲥⲧⲟⲥ,παστος
ⲡⲁⲥⲧⲟⲫⲟⲣⲓⲟⲛ,παστοφοριον
ⲡⲁⲥⲭⲁ,πασχα
ⲡⲁⲧ,διαυλος
ⲡⲁⲧ,επιβαινω
ⲡⲁⲧ,κνημη
ⲡⲁⲧ,μηρα
ⲡⲁⲧ,μηρια
ⲡⲁⲧ,μηρος
ⲡⲁⲧ,πεζος
ⲡⲁⲧ,πους
ⲡⲁⲧ,υπωρεια
ⲡⲁⲧⲁⲥⲥⲉ,πατασσε
ⲡⲁⲧⲁⲥⲥⲉ,πατασσω
ⲡⲁⲧⲁⲥⲥⲉⲓ,πατασσει
ⲡⲁⲧⲉⲓ,πατεω
ⲡⲁⲧⲣⲓⲁ,πατρια
ⲡⲁⲧⲣⲓⲁⲣⲭⲏⲥ,πατριαρχης
ⲡⲁⲧⲣⲓⲁⲣⲭⲏⲥ,πατριαρχησ
ⲡⲁⲧⲣⲓⲕⲓⲟⲥ,πατρικιοσ
ⲡⲁⲧⲣⲓⲥ,πατρις
ⲡⲁⲧⲣⲓⲥ,πατρισ
ⲡⲁⲧⲥⲉ,σανις
ⲡⲁⲧϣⲉⲗⲉⲉⲧ,νυμφιος
ⲡⲁⲩⲗⲟⲥ,παυλοσ
ⲡⲁⲩⲣⲉ,αυξανω
ⲡⲁϣ,δολος
ⲡⲁϣⲉ,διαιρεσις
ⲡⲁϣⲉ,διαιρεω
ⲡⲁϣⲉ,ημισυς
ⲡⲁϣⲉ,ομομητριος
ⲡⲁϣⲥ,ατακτος
ⲡⲁϣⲥ,αταξια
ⲡⲁϣⲥ,θορυβος
ⲡⲁϣⲥ,στασις
ⲡⲁϣⲥ,ταραχη
ⲡⲁϩⲟⲩ,εμποδιζω
ⲡⲁϩⲟⲩ,κωλυω
ⲡⲁϩⲟⲩ,παραρρεω
ⲡⲁϩⲣⲉ,φαρμακον
ⲡⲁϩⲣⲉ,χρωμα
ⲡⲁϩⲥ,λειος
ⲡⲃⲟⲗ,εκτος
ⲡⲃⲟⲗ,εξω
ⲡⲃⲟⲗ,εξωθεν
ⲡⲃⲟⲗ,περαω
ⲡⲃⲟⲗ,υπερ
ⲡⲉ,επιπηδαω
ⲡⲉ,πηδαω
ⲡⲉ-,ισος
ⲡⲉ-,ισοω
ⲡⲉ-,ταχα
ⲡⲉⲇⲏ,πεδη
ⲡⲉⲑⲟⲟⲩ,κακια
ⲡⲉⲑⲟⲟⲩ,πονηρια
ⲡⲉⲓⲑⲉ,πειθε
ⲡⲉⲓⲑⲉ,πειθω
ⲡⲉⲓⲣⲁⲍⲉ,πειραζε
ⲡⲉⲓⲣⲁⲍⲉ,πειραζω
ⲡⲉⲓⲣⲁⲥⲙⲟⲥ,πειρασμος
ⲡⲉⲓⲣⲁⲥⲙⲟⲥ,πειρασμοσ
ⲡⲉⲓⲣⲁⲧⲏⲣⲓⲟⲛ,πειρατηριον
ⲡⲉⲓⲣⲉ,επιγιγνομαι
ⲡⲉⲓⲣⲉ,μυθος
ⲡⲉⲗⲁⲅⲟⲥ,πελαγος
ⲡⲉⲗⲁⲅⲟⲥ,πελαγοσ
ⲡⲉⲗⲁⲕ,πελακ
ⲡⲉⲗⲓⲥ,πελισ
ⲡⲉⲗⲙⲁ,πελμα
ⲡⲉⲙⲡⲧⲉ,πεμπτος
ⲡⲉⲛ,πεν
ⲡⲉⲛⲁⲅⲓⲥ,πινακις
ⲡⲉⲛⲑⲉⲓ,πενθεω
ⲡⲉⲛⲑⲟⲥ,πενθος
ⲡⲉⲛⲧⲁⲥ,πεντας
ⲡⲉⲛⲧⲉⲕⲟⲛⲧⲁⲣⲭⲟⲥ,πεντηκονταρχος
ⲡⲉⲛⲧⲏⲕⲟⲥⲧⲏ,πεντηκοστη
ⲡⲉⲝⲩⲗⲓⲕⲟⲛ,πεξυλικον
ⲡⲉⲡⲗⲏⲙⲙⲉⲛⲏⲥ,πλυνω
ⲡⲉⲣⲁ,περα
ⲡⲉⲣⲓⲁⲅⲉ,περιαγω
ⲡⲉⲣⲓⲅⲣⲁⲫⲏ,περιγραφη
ⲡⲉⲣⲓⲇⲱⲛ,πιεριδες
ⲡⲉⲣⲓⲍⲱⲙⲁ,περιζωμα
ⲡⲉⲣⲓⲕⲁⲑⲁⲣⲙⲁ,περικαθαρμα
ⲡⲉⲣⲓⲕⲁⲕⲉⲓ,περικακεω
ⲡⲉⲣⲓⲕⲉⲫⲁⲗⲁⲓⲁ,περικεφαλαια
ⲡⲉⲣⲓⲕⲟⲡⲏ,περικοπη
ⲡⲉⲣⲓⲟⲇⲟⲥ,περιοδος
ⲡⲉⲣⲓⲟⲩⲣⲅⲟⲥ,περιουργος
ⲡⲉⲣⲓⲟⲩⲥⲓⲁ,περιουσια
ⲡⲉⲣⲓⲟⲭⲏ,περιοχη
ⲡⲉⲣⲓⲥⲟⲛ,περισσος
ⲡⲉⲣⲓⲥⲡⲁⲥⲙⲟⲥ,περισπασμος
ⲡⲉⲣⲓⲥⲥⲟⲛ,περισσος
ⲡⲉⲣⲓⲥⲧⲉ,περιστερα
ⲡⲉⲣⲓⲥⲧⲉⲣⲉⲱⲛ,περιστερεων
ⲡⲉⲣⲓⲥⲧⲉⲣⲉⲱⲛⲟⲥ,περιστερεων
ⲡⲉⲣⲓⲭⲉ,περιχεω
ⲡⲉⲣⲓⲭⲣⲉ,περιχριω
ⲡⲉⲣⲓⲭⲣⲓⲁ,περιχριω
ⲡⲉⲣⲓⲭⲱⲣⲟⲥ,περιχωρος
ⲡⲉⲣⲓⲭⲱⲣⲟⲥ,περιχωροσ
ⲡⲉⲣⲕⲓⲃⲉ,μαστος
ⲡⲉⲣⲕⲓⲃⲉ,στερνον
ⲡⲉⲣⲕⲓⲃⲉ,στηθος
ⲡⲉⲣⲡⲉⲣⲟⲥ,περπερος
ⲡⲉⲣⲥⲏⲥ,περσης
ⲡⲉⲣⲥⲏⲥ,περσησ
ⲡⲉⲣⲥⲓⲥ,περσισ
ⲡⲉⲣⲥⲟⲥ,περσος
ⲡⲉⲣⲥⲟⲥ,περσοσ
ⲡⲉⲣⲥⲧⲉⲣⲉⲱⲙⲁ,περιστερεωμα
ⲡⲉⲧⲁⲗⲟⲛ,πεταλον
ⲡⲉⲧⲉⲡⲏⲡ,εποψ
ⲡⲉⲧⲓⲉⲓⲛⲏⲥ,πιτυⲓνον
ⲡⲉⲧⲟⲩⲁⲁⲃ,αγιος
ⲡⲉⲧⲟⲩⲁⲁⲃ,αργυρεος
ⲡⲉⲧⲟⲩⲁⲁⲃ,καθαρος
ⲡⲉⲧⲣⲁ,πετρα
ⲡⲉⲧⲣⲟⲥ,πετροσ
ⲡⲉⲧϣⲟⲩⲉⲓⲧ,ματαιος
ⲡⲉⲧϩⲓϫⲛ-,ηγεμων
ⲡⲉⲧϩⲓϫⲛ-,ιππαρχος
ⲡⲉⲧϩⲓϫⲛ-,στρατηγος
ⲡⲉⲧϩⲱⲛ ⲉⲣⲟϥ,γειτων
ⲡⲉⲧϩⲱⲛ ⲉⲣⲟϥ,πλησιος
ⲡⲏⲅⲏ,πηγη
ⲡⲏⲣⲁ,πηρα
ⲡⲏⲣⲉ,ορτυξ
ⲡⲏⲥⲓⲥⲏⲣⲁⲥ,πισσα
ⲡⲏⲥⲥⲉ,πησσω
ⲡⲓ,κυνεω
ⲡⲓ,φιλεω
ⲡⲓ,φιλημα
ⲡⲓⲑⲉ,πιθε
ⲡⲓⲑⲉⲥⲑⲁⲓ,πειθω
ⲡⲓⲑⲟⲥ,πιθος
ⲡⲓⲕⲣⲓⲁ,πικρια
ⲡⲓⲗⲁⲧⲟⲥ,πιλατοσ
ⲡⲓⲛ,μυς
ⲡⲓⲛⲁⲅⲓⲥ,πινακις
ⲡⲓⲛⲁⲝ,πιναξ
ⲡⲓⲝⲓⲟⲛ,πιξιον
ⲡⲓⲡⲉⲣ,πιπερ
ⲡⲓⲡⲉⲣⲱⲥ,πιπερ
ⲡⲓⲣⲁ,πιρα
ⲡⲓⲣⲁⲍⲓⲛ,πειραζω
ⲡⲓⲥⲉ,εψω
ⲡⲓⲥⲉ,ζεω
ⲡⲓⲥⲉ,οπταω
ⲡⲓⲥⲉ,τηκω
ⲡⲓⲥⲧⲉⲩⲉ,πιστευε
ⲡⲓⲥⲧⲉⲩⲉ,πιστευω
ⲡⲓⲥⲧⲉⲩⲓⲛ,πιστευω
ⲡⲓⲥⲧⲏ,πιστη
ⲡⲓⲥⲧⲏ,πιστος
ⲡⲓⲥⲧⲓⲕⲏ,πιστικη
ⲡⲓⲥⲧⲓⲕⲏ,πιστικος
ⲡⲓⲥⲧⲓⲥ,πιστις
ⲡⲓⲥⲧⲓⲥ,πιστισ
ⲡⲓⲥⲧⲟⲛ,πιστος
ⲡⲓⲥⲧⲟⲥ,πιστος
ⲡⲓⲥⲧⲟⲥ,πιστοσ
ⲡⲓⲥⲧⲟⲩ,πιστοω
ⲡⲓⲥⲧⲩⲭⲟⲥ,πιστυχοσ
ⲡⲓⲧⲁⲕⲓⲟⲛ,πιττακιον
ⲡⲗⲁⲕⲏⲇⲁⲥ,πλακηδασ
ⲡⲗⲁⲕⲏⲧⲁⲥ,πλακητασ
ⲡⲗⲁⲗⲉ,αιρω
ⲡⲗⲁⲗⲉ,αναβαινω
ⲡⲗⲁⲗⲉ,εγειρω
ⲡⲗⲁⲗⲉ,χωμα
ⲡⲗⲁⲛⲁ,πλανα
ⲡⲗⲁⲛⲁ,πλαναω
ⲡⲗⲁⲛⲁⲥⲑⲁⲓ,πλαναω
ⲡⲗⲁⲛⲁⲥⲑⲉ,πλαναω
ⲡⲗⲁⲛⲏ,πλανη
ⲡⲗⲁⲛⲏⲧⲏⲥ,πλανητης
ⲡⲗⲁⲛⲟⲥ,πλανος
ⲡⲗⲁⲛⲟⲥ,πλανοσ
ⲡⲗⲁⲝ,πλαξ
ⲡⲗⲁⲡⲧⲉⲓ,πλαπτει
ⲡⲗⲁⲥⲓⲥ,πλασις
ⲡⲗⲁⲥⲙⲁ,πλασμα
ⲡⲗⲁⲥⲥⲉ,πλασσε
ⲡⲗⲁⲥⲥⲉ,πλασσω
ⲡⲗⲁⲥⲧⲏⲥ,πλαστης
ⲡⲗⲁⲥⲧⲟⲛ,πλαστος
ⲡⲗⲁⲧⲁⲛⲟⲥ,πλατανος
ⲡⲗⲁⲧⲉⲓⲁ,πλατεια
ⲡⲗⲁⲧⲏⲣⲉ,πλατηριον
ⲡⲗⲁⲧⲓⲁ,πλατια
ⲡⲗⲁⲧⲱⲛ,πλατων
ⲡⲗⲁϯⲁ,πλαϯα
ⲡⲗⲉⲁ,πλεα
ⲡⲗⲉⲁ,πλεαω
ⲡⲗⲉⲟⲛⲉⲕⲧⲉ,πλεονεκτε
ⲡⲗⲉⲟⲛⲉⲕⲧⲏⲙⲁ,πλεονεκτημα
ⲡⲗⲉⲟⲛⲉⲝⲓⲁ,πλεονεξια
ⲡⲗⲉⲟⲛϩⲉⲕⲧⲏⲥ,πλεονεκτης
ⲡⲗⲉⲣⲟⲫⲟⲣⲓⲁ,πληροφορια
ⲡⲗⲏⲅⲉ,πληγε
ⲡⲗⲏⲅⲏ,πληγη
ⲡⲗⲏⲕⲧⲣⲟⲛ,πληκτρον
ⲡⲗⲏⲛ,πλην
ⲡⲗⲏⲣⲉⲥ,πληρης
ⲡⲗⲏⲣⲟⲩ,πληρου
ⲡⲗⲏⲣⲟⲩ,πληροω
ⲡⲗⲏⲣⲟⲫⲟⲣⲉⲓ,πληροφορει
ⲡⲗⲏⲣⲟⲫⲟⲣⲉⲓ,πληροφορεω
ⲡⲗⲏⲣⲟⲫⲟⲣⲉⲓⲥⲑⲁⲓ,πληροφορεω
ⲡⲗⲏⲣⲱⲙⲁ,πληρωμα
ⲡⲗⲏⲣⲱⲥⲓⲥ,πληρωσις
ⲡⲗⲏⲥⲥⲉ,πλησσω
ⲡⲗⲟⲩⲥⲓⲟⲥ,πλουσιος
ⲡⲗⲟⲩⲧⲱⲛⲓⲟⲥ,πλουτωνιος
ⲡⲗⲟϭ,μερος
ⲡⲗⲟϭ,μοιρα
ⲡⲗⲟϭ,προιξ
ⲡⲗⲩⲅⲏ,πληγη
ⲡⲗⲩⲅⲏ,πλυγη
ⲡⲛⲁⲧⲓⲕⲟⲥ,πνατικοσ
ⲡⲛⲁⲧⲓⲕⲱⲥ,πνατικωσ
ⲡⲛⲉⲩⲙⲁ,πνευμα
ⲡⲛⲉⲩⲙⲁⲧⲓⲕⲏ,πνευματικη
ⲡⲛⲉⲩⲙⲁⲧⲓⲕⲏ,πνευματικος
ⲡⲛⲉⲩⲙⲁⲧⲓⲕⲟⲛ,πνευματικον
ⲡⲛⲉⲩⲙⲁⲧⲓⲕⲟⲛ,πνευματικος
ⲡⲛⲉⲩⲙⲁⲧⲓⲕⲟⲥ,πνευματικος
ⲡⲛⲉⲩⲙⲁⲧⲓⲕⲟⲥ,πνευματικοσ
ⲡⲛⲉⲩⲙⲁⲧⲓⲕⲱⲥ,πνευματικως
ⲡⲛⲉⲩⲙⲁⲧⲓⲕⲱⲥ,πνευματικωσ
ⲡⲛⲉⲩⲙⲁⲧⲟⲫⲟⲣⲟⲥ,πνευματοφορος
ⲡⲛⲉⲩⲙⲁⲧⲟⲫⲟⲣⲟⲥ,πνευματοφοροσ
ⲡⲛⲉⲩⲙⲱⲛ,πνευμων
ⲡⲛⲛⲏ,ουδος
ⲡⲛⲟⲏ,πνοη
ⲡⲟⲇⲏⲣⲏ,ποδηρη
ⲡⲟⲇⲏⲣⲏ,ποδηρης
ⲡⲟⲇⲟⲛⲓⲡⲧⲏⲣ,ποδονιπτηρ
ⲡⲟⲓ,κλεις
ⲡⲟⲓⲏⲥⲓⲥ,ποιησις
ⲡⲟⲓⲏⲧⲏⲥ,ποιητης
ⲡⲟⲓⲙⲏⲛ,ποιμην
ⲡⲟⲗⲉⲓⲧⲉⲓⲁ,πολειτεια
ⲡⲟⲗⲉⲙⲉⲓ,πολεμει
ⲡⲟⲗⲉⲙⲉⲓ,πολεμεω
ⲡⲟⲗⲉⲙⲓⲕⲟⲛ,πολεμικον
ⲡⲟⲗⲉⲙⲓⲕⲟⲛ,πολεμικος
ⲡⲟⲗⲉⲙⲓⲟⲥ,πολεμιος
ⲡⲟⲗⲉⲙⲓⲥⲧⲏⲥ,πολεμιστης
ⲡⲟⲗⲉⲙⲟⲥ,πολεμος
ⲡⲟⲗⲉⲙⲟⲥ,πολεμοσ
ⲡⲟⲗⲉⲧⲓⲁ,πολετια
ⲡⲟⲗⲏⲧⲓⲁ,πολητια
ⲡⲟⲗⲏϯⲁ,ποληϯα
ⲡⲟⲗⲓⲥ,πολις
ⲡⲟⲗⲓⲥ,πολισ
ⲡⲟⲗⲓⲧⲉⲓⲁ,πολιτεια
ⲡⲟⲗⲓⲧⲉⲩⲉ,πολιτευε
ⲡⲟⲗⲓⲧⲉⲩⲉ,πολιτευω
ⲡⲟⲗⲓⲧⲉⲩⲉⲥⲑⲁⲓ,πολιτευω
ⲡⲟⲗⲓⲧⲉⲩⲙⲁ,πολιτευμα
ⲡⲟⲗⲓⲧⲉⲩⲧⲏⲥ,πολιτευτης
ⲡⲟⲗⲓⲧⲏⲥ,πολιτης
ⲡⲟⲗⲓⲧⲏⲥ,πολιτησ
ⲡⲟⲗⲗⲁⲕⲓⲥ,πολλακις
ⲡⲟⲗⲗⲁⲕⲓⲥ,πολλακισ
ⲡⲟⲗⲩⲅⲟⲛⲟⲛ,πολυγονον
ⲡⲟⲗⲩⲙⲁⲣⲭⲏⲥ,πολεμαρχης
ⲡⲟⲗϭⲥ,βωλος
ⲡⲟⲙⲡⲉⲙ,οιδμα
ⲡⲟⲛⲏⲣⲁ,πονηρος
ⲡⲟⲛⲏⲣⲉⲩⲉ,πονηρευε
ⲡⲟⲛⲏⲣⲉⲩⲉ,πονηρευω
ⲡⲟⲛⲏⲣⲓⲁ,πονηρια
ⲡⲟⲛⲏⲣⲟⲛ,πονηρον
ⲡⲟⲛⲏⲣⲟⲛ,πονηρος
ⲡⲟⲛⲏⲣⲟⲥ,πονηρος
ⲡⲟⲛⲏⲣⲟⲥ,πονηροσ
ⲡⲟⲛⲕϥ,ασκος
ⲡⲟⲟⲩ,σημερον
ⲡⲟⲟⲩ ⲛϩⲟⲟⲩ,σημερον
ⲡⲟⲣⲕ,μοσχος
ⲡⲟⲣⲕ,πωλος
ⲡⲟⲣⲛⲉⲓⲁ,πορνεια
ⲡⲟⲣⲛⲉⲩⲉ,πορνευε
ⲡⲟⲣⲛⲉⲩⲉ,πορνευω
ⲡⲟⲣⲛⲉⲩⲓⲛ,πορνευιν
ⲡⲟⲣⲛⲏ,πορνη
ⲡⲟⲣⲛⲓⲁ,πορνια
ⲡⲟⲣⲛⲓⲕⲟⲛ,πορνικος
ⲡⲟⲣⲛⲓⲟⲛ,πορνειον
ⲡⲟⲣⲛⲓⲟⲛ,πορνιον
ⲡⲟⲣⲛⲟⲕⲟⲡⲟⲥ,πορνοκοπος
ⲡⲟⲣⲛⲟⲥ,πορνος
ⲡⲟⲣⲛⲟⲥ,πορνοσ
ⲡⲟⲣⲫⲩⲣⲁ,πορφυρα
ⲡⲟⲥⲓⲇⲱⲛ,ποσειδων
ⲡⲟⲥⲱ,ποσω
ⲡⲟⲧⲁⲕⲓⲟⲛ,ποδακιον
ⲡⲟⲧⲁⲙⲟⲥ,ποταμος
ⲡⲟⲧⲉⲣⲟⲥ,ποτερος
ⲡⲟⲧⲏⲣⲓⲟⲛ,ποτηριον
ⲡⲟϫ,ερωτικος
ⲡⲣⲁⲅⲙⲁ,πραγμα
ⲡⲣⲁⲅⲙⲁⲧⲁ,πραγμα
ⲡⲣⲁⲅⲙⲁⲧⲉⲩⲉⲥⲑⲁⲓ,πραγματευομαι
ⲡⲣⲁⲅⲙⲁⲧⲉⲩⲧⲏⲥ,πραγματευτης
ⲡⲣⲁⲅⲙⲁⲧⲉⲩⲧⲏⲥ,πραγματευτησ
ⲡⲣⲁⲅⲙⲁⲧⲓⲁ,πραγματεια
ⲡⲣⲁⲅⲙⲁⲧⲓⲁ,πραγματια
ⲡⲣⲁⲓⲧⲁ,πραιδευω
ⲡⲣⲁⲓⲧⲉⲓ,πραιδα
ⲡⲣⲁⲓⲧⲱⲣⲓⲟⲛ,πραιτωριον
ⲡⲣⲁⲕⲧⲓⲕⲟⲛ,πρακτικος
ⲡⲣⲁⲝⲓⲥ,πραξις
ⲡⲣⲁⲝⲓⲥ,πραξισ
ⲡⲣⲁⲥⲓⲥ,πρασις
ⲡⲣⲁⲥⲥⲁ,πρασσω
ⲡⲣⲁⲥⲥⲉ,πρασσω
ⲡⲣⲁⲧⲧⲉⲥⲑⲁⲓ,πρασσω
ⲡⲣⲁϣ,διαιρεσις
ⲡⲣⲁϣ,διαιρεω
ⲡⲣⲉⲡⲉⲓ,πρεπει
ⲡⲣⲉⲡⲉⲓ,πρεπⲱ
ⲡⲣⲉⲡⲟⲛ,πρεπⲱ
ⲡⲣⲉⲡⲟⲥⲓⲧⲟⲥ,πραιποσιτος
ⲡⲣⲉⲡⲟⲥⲓⲧⲟⲥ,πρεποσιτοσ
ⲡⲣⲉⲥⲃⲉⲓⲁ,πρεσβεια
ⲡⲣⲉⲥⲃⲉⲩⲉ,πρεσβευε
ⲡⲣⲉⲥⲃⲉⲩⲉ,πρεσβευω
ⲡⲣⲉⲥⲃⲉⲩⲧⲏⲥ,πρεσβευτης
ⲡⲣⲉⲥⲃⲉⲩⲧⲏⲥ,πρεσβευτησ
ⲡⲣⲉⲥⲃⲩⲧⲉⲣⲟⲥ,πρεσβυτερος
ⲡⲣⲉⲥⲃⲩⲧⲉⲣⲟⲥ,πρεσβυτεροσ
ⲡⲣⲏϣ,ιματιον
ⲡⲣⲏϣ,τριβων
ⲡⲣⲏϣ,φαρος
ⲡⲣⲏϣ,χλαινα
ⲡⲣⲓⲱⲟⲩ,πριωου
ⲡⲣⲟⲁⲓⲥⲧⲓⲟⲛ,προαστιον
ⲡⲣⲟⲁⲡⲁⲧⲱⲣ,προαπατωρ
ⲡⲣⲟⲃⲁⲗⲉ,προβαλε
ⲡⲣⲟⲃⲁⲗⲉ,προβαλλω
ⲡⲣⲟⲃⲁⲧⲓⲕⲏ,προβατικος
ⲡⲣⲟⲃⲗⲏⲙⲁ,προβλημα
ⲡⲣⲟⲃⲟⲗⲏ,προβολη
ⲡⲣⲟⲃⲟⲗⲟⲟⲩⲉ,προβολη
ⲡⲣⲟⲃⲟⲗⲟⲟⲩⲉ,προβολοουε
ⲡⲣⲟⲅⲉⲛⲉⲥⲧⲉⲣⲟⲛ,προγενεστερος
ⲡⲣⲟⲅⲉⲛⲏⲧⲱⲣ,προγεννητωρ
ⲡⲣⲟⲅⲛⲱⲥⲓⲥ,προγνωσις
ⲡⲣⲟⲇⲓⲇⲟⲩ,προδιδω
ⲡⲣⲟⲇⲟⲇⲓⲁⲕⲟⲛⲟⲥ,πρωτοδιακονος
ⲡⲣⲟⲇⲟⲧⲏⲥ,προδοτης
ⲡⲣⲟⲇⲟⲧⲏⲥ,προδοτησ
ⲡⲣⲟⲇⲣⲟⲙⲟⲥ,προδρομος
ⲡⲣⲟⲇⲣⲟⲙⲟⲥ,προδρομοσ
ⲡⲣⲟⲉⲗⲑⲉ,προελθε
ⲡⲣⲟⲉⲙⲏⲛⲉⲩⲉ,προμηνυω
ⲡⲣⲟⲉⲥⲧⲟⲥ,προεστοσ
ⲡⲣⲟⲉⲥⲧⲟⲩ,προεστως
ⲡⲣⲟⲉⲥⲧⲱⲥ,προεστως
ⲡⲣⲟⲉⲥⲧⲱⲥ,προεστωσ
ⲡⲣⲟⲑⲉⲥⲓⲥ,προθεσισ
ⲡⲣⲟⲑⲉⲥⲙⲓⲁ,προθεσμια
ⲡⲣⲟⲑⲩⲙⲓⲁ,προθυμια
ⲡⲣⲟⲑⲩⲙⲟⲥ,προθυμος
ⲡⲣⲟⲕⲓⲙⲉⲛⲟⲛ,προκειμενον
ⲡⲣⲟⲕⲗⲟⲥ,προκλοσ
ⲡⲣⲟⲕⲟⲡⲏ,προκοπη
ⲡⲣⲟⲕⲟⲡⲧⲉ,προκοπτε
ⲡⲣⲟⲕⲟⲡⲧⲉ,προκοπτω
ⲡⲣⲟⲕⲟⲡⲧⲉⲓ,προκοπτει
ⲡⲣⲟⲕⲣⲓⲙⲁⲧⲓⲍⲉ,προκριματιζω
ⲡⲣⲟⲗⲁⲙⲃⲁⲛⲉ,προλαμβανω
ⲡⲣⲟⲛⲓⲕⲟⲥ,προυνικος
ⲡⲣⲟⲛⲟⲏⲧⲏⲥ,προνοητης
ⲡⲣⲟⲛⲟⲏⲧⲟⲥ,προνοητος (ii)
ⲡⲣⲟⲛⲟⲓⲁ,προνοια
ⲡⲣⲟⲛⲟⲙⲓⲟⲛ,προνομιον
ⲡⲣⲟⲟⲛ,προων
ⲡⲣⲟⲡⲁⲧⲱⲣ,προπατωρ
ⲡⲣⲟⲡⲉⲧⲏⲥ,προπετης
ⲡⲣⲟⲥ,προς
ⲡⲣⲟⲥ,προσ
ⲡⲣⲟⲥⲁⲃⲃⲁⲧⲟⲛ,προσαββατον
ⲡⲣⲟⲥⲇⲟⲕⲁ,προσδοκαω
ⲡⲣⲟⲥⲇⲟⲕⲉⲓ,προσδοκεω
ⲡⲣⲟⲥⲇⲟⲕⲓⲁ,προσδοκια
ⲡⲣⲟⲥⲉⲗⲑⲉ,προσερχομαι
ⲡⲣⲟⲥⲉⲛⲉⲅⲕⲉⲓ,προσφερω
ⲡⲣⲟⲥⲉⲩⲭⲉ,προσευχε
ⲡⲣⲟⲥⲉⲩⲭⲉ,προσευχομαι
ⲡⲣⲟⲥⲉⲩⲭⲉⲥⲑⲁⲓ,προσευχομαι
ⲡⲣⲟⲥⲉⲩⲭⲏ,προσευχη
ⲡⲣⲟⲥⲉⲭⲉ,προσεχε
ⲡⲣⲟⲥⲉⲭⲉ,προσεχω
ⲡⲣⲟⲥⲑⲉⲙⲁ,προσθεμα
ⲡⲣⲟⲥⲑⲏⲣⲟⲥ,προσθυρος
ⲡⲣⲟⲥⲑⲩⲕⲏ,προσθηκη
ⲡⲣⲟⲥⲕⲁⲣⲧⲉⲣⲉⲓ,προσκαρτερει
ⲡⲣⲟⲥⲕⲁⲣⲧⲉⲣⲉⲓ,προσκαρτερεω
ⲡⲣⲟⲥⲕⲩⲛⲉⲓ,προσκυνει
ⲡⲣⲟⲥⲕⲩⲛⲉⲓ,προσκυνεω
ⲡⲣⲟⲥⲕⲩⲛⲏⲥⲓⲥ,προσκυνησις
ⲡⲣⲟⲥⲕⳇ,προσκυνητης
ⲡⲣⲟⲥⲟⲩⲟⲉⲓϣ,προσουοειϣ
ⲡⲣⲟⲥⲟⲩⲥⲏⲟⲩ,προσουσηου
ⲡⲣⲟⲥⲡⲟⲓⲉⲓ,προσποιεω
ⲡⲣⲟⲥⲧⲁⲅⲙⲁ,προσταγμα
ⲡⲣⲟⲥⲧⲁⲥⲓⲁ,προστασια
ⲡⲣⲟⲥⲧⲁⲧⲏⲥ,προστατης
ⲡⲣⲟⲥⲧⲁⲧⲏⲥ,προστατησ
ⲡⲣⲟⲥⲧⲓⲙⲟⲛ,προστιμον
ⲡⲣⲟⲥⲫⲉⲣⲉⲓ,προσφερω
ⲡⲣⲟⲥⲫⲉⲣⲓⲛ,προσφερω
ⲡⲣⲟⲥⲫⲟⲣⲁ,προσφορα
ⲡⲣⲟⲥⲫⲱⲛⲉⲓ,προσφωνεω
ⲡⲣⲟⲥⲭⲁⲣⲓⲍⲉ,προσχαριζομαι
ⲡⲣⲟⲥⲱⲡⲟⲛ,προσωπον
ⲡⲣⲟⲧⲁⲥⲥⲉ,προτασσω
ⲡⲣⲟⲧⲉⲕⲧⲱⲣ,προτεκτωρ
ⲡⲣⲟⲧⲉⲕⲧⲱⲣ,πρωτεκτωρ
ⲡⲣⲟⲧⲟⲅⲉⲛⲏⲧⲟⲥ,πρωτογεννητος
ⲡⲣⲟⲧⲟⲅⲉⲛⲛⲏⲧⲱⲣ,πρωτογεννητωρ
ⲡⲣⲟⲧⲟⲡⲗⲁⲥⲙⲁ,προτοπλασμα
ⲡⲣⲟⲧⲟⲡⲗⲁⲥⲙⲁ,πρωτοπλασμα
ⲡⲣⲟⲧⲟⲡⲟⲗⲓⲧⲏⲥ,πρωτοπολιτης
ⲡⲣⲟⲧⲟⲫⲓⲗⲟⲥ,πρωτοφιλος
ⲡⲣⲟⲧⲣⲉⲡⲉ,προτρεπε
ⲡⲣⲟⲧⲣⲉⲡⲉ,προτρεπω
ⲡⲣⲟⲧⲣⲟⲡⲏ,προτροπη
ⲡⲣⲟⲧⲱⲕⲟⲗⲙⲁ,πρωτοκολλον
ⲡⲣⲟⲩⲛⲓⲕⲟⲛ,προυνικος
ⲡⲣⲟⲩⲛⲓⲕⲟⲥ,προυνικος
ⲡⲣⲟⲩⲡⲉⲣⲁⲙⲓⲁⲛⲧⲟⲥ,προυπεραμιαντος
ⲡⲣⲟⲩⲡⲉⲣⲁⲡⲉⲣⲁⲛⲧⲟⲛ,προυπεραπεραντος
ⲡⲣⲟⲩⲡⲉⲣⲁⲭⲱⲣⲏⲧⲟⲥ,προυπεραχωρητος
ⲡⲣⲟⲫⲁⲛⲉⲓⲁ,προφανεια
ⲡⲣⲟⲫⲁⲥⲓⲥ,προφασις
ⲡⲣⲟⲫⲁⲥⲓⲥ,προφασισ
ⲡⲣⲟⲫⲏⲧⲉⲓⲁ,προφητεια
ⲡⲣⲟⲫⲏⲧⲉⲩⲉ,προφητευε
ⲡⲣⲟⲫⲏⲧⲉⲩⲉ,προφητευω
ⲡⲣⲟⲫⲏⲧⲉⲩⲓⲛ,προφητευω
ⲡⲣⲟⲫⲏⲧⲏⲥ,προφητης
ⲡⲣⲟⲫⲏⲧⲏⲥ,προφητησ
ⲡⲣⲟⲫⲏⲧⲓⲁ,προφητια
ⲡⲣⲟⲫⲏⲧⲓⲕⲟⲛ,προφητικον
ⲡⲣⲟⲫⲏⲧⲓⲕⲟⲛ,προφητικος
ⲡⲣⲟⲭⲉⲓⲣⲟⲛ,προχειρος
ⲡⲣⲟⲱⲛⲧⲟⲥ,προοντος
ⲡⲣⲟϩⲁⲓⲣⲉⲥⲓⲥ,προαιρεσις
ⲡⲣⲟϩⲁⲓⲣⲉⲥⲓⲥ,προϩαιρεσισ
ⲡⲣⲟϩⲉⲣⲉⲥⲓⲥ,προϩερεσισ
ⲡⲣⲟϩⲓⲥⲧⲁ,προισταω
ⲡⲣⲟϩⲟⲓⲙⲓⲟⲛ,προοιμιον
ⲡⲣⲱ,χειμαζω
ⲡⲣⲱ,χειμαρρους
ⲡⲣⲱ,χειμων
ⲡⲣⲱⲧⲁⲣⲭⲱⲛ,πρωταρχων
ⲡⲣⲱⲧⲉⲛⲛⲟⲓⲁ,πρωτεννοια
ⲡⲣⲱⲧⲏ,πρωτος
ⲡⲣⲱⲧⲓⲁ,πρωτια
ⲡⲣⲱⲧⲟⲫⲁⲛⲏⲥ,πρωτοφανης
ⲡⲣⲱⲧⲩⲙⲓⲥⲓⲥ,προτιμησις
ⲡⲣⲱⲧⲱⲛ,πρωτων
ⲡⲥⲓⲏⲅⲉ,ψαω
ⲡⲥⲧⲁⲓⲟⲩ,ενενηκοντα
ⲡⲥⲧⲁⲓⲟⲩ,ενενηκοστος
ⲡⲧⲏⲣⲓ,πτερις
ⲡⲧⲏⲣⲓⲕⲟⲛ,πτερυγιον
ⲡⲧⲱⲙⲁ,πτωμα
ⲡⲩⲅⲏ,πυγη
ⲡⲩⲑⲁⲅⲟⲣⲁⲥ,πυθαγορασ
ⲡⲩⲗⲏ,πυλη
ⲡⲩⲗⲱⲛ,πυλων
ⲡⲩⲝⲓⲟⲛ,πυξιον
ⲡⲩⲝⲟⲥ,πυξος
ⲡⲩⲣⲁ,πειρα
ⲡⲩⲣⲅⲟⲥ,πυργος
ⲡⲩⲣⲅⲟⲥ,πυργοσ
ⲡⲩⲣⲟⲩ,πυροω
ⲡⲱⲗϩ,τιτρωσκω
ⲡⲱⲗϩ,τραυμα
ⲡⲱⲗϩ,τραυματιας
ⲡⲱⲗϭ,απαλλασσω
ⲡⲱⲗϭ,αποδιδωμι
ⲡⲱⲗϭ,βουλευω
ⲡⲱⲗϭ,κρινω
ⲡⲱⲗϭ,παραδιδωμι
ⲡⲱⲗϭ (ⲉⲃⲟⲗ),αγαπαω
ⲡⲱⲗϭ (ⲉⲃⲟⲗ),αρεσκω
ⲡⲱⲗϭ (ⲉⲃⲟⲗ),αρκεω
ⲡⲱⲗϭ (ⲉⲃⲟⲗ),κατοικιζω
ⲡⲱⲗϭ (ⲙⲛ-),κατοικιζω
ⲡⲱⲗϭ (ⲙⲛ-),ομολογεω
ⲡⲱⲗϭ (ⲙⲛ-),συγχωρεω
ⲡⲱⲗϭ (ⲙⲛ-),συνδοκεω
ⲡⲱⲗϭ (ⲙⲛ-),συντιθημι
ⲡⲱⲛⲕ,ασσον
ⲡⲱⲛⲕ,ελκω
ⲡⲱⲛⲕ,ερυω
ⲡⲱⲛⲕ,μεταφερω
ⲡⲱⲛⲕ,πελαζω
ⲡⲱⲛⲕ,συλλογιζομαι
ⲡⲱⲛⲕ (ⲉⲃⲟⲗ),εκδιδωμι
ⲡⲱⲛⲕ (ⲉⲃⲟⲗ),εμβαλλω
ⲡⲱⲛⲕ (ⲉⲃⲟⲗ),ερημος
ⲡⲱⲛⲕ (ⲉⲃⲟⲗ),κενος
ⲡⲱⲛⲕ (ⲉϩⲣⲁⲓ),μεταφερω
ⲡⲱⲣⲕ,διαιρεω
ⲡⲱⲣⲕ,διανεμω
ⲡⲱⲣⲕ,χωρις
ⲡⲱⲣϣ,στρωμα
ⲡⲱⲣϣ,ταπης
ⲡⲱⲥ,πως
ⲡⲱⲥ,πωσ
ⲡⲱⲧ,τρεπω
ⲡⲱⲧ,φευγω
ⲡⲱⲧ,φυγη
ⲡⲱⲧ (ⲛⲥⲁ-),διωκω
ⲡⲱⲧⲏⲣⲓⲟⲛ,πωτηριον
ⲡⲱⲧⲥ,διαιρεω
ⲡⲱⲧⲥ,διανεμω
ⲡⲱⲧⲥ,σχιζω
ⲡⲱⲱⲛⲉ,μεθιστημι
ⲡⲱⲱⲛⲉ,μεταβαλλω
ⲡⲱⲱⲛⲉ,μεταβολη
ⲡⲱⲱⲛⲉ,μετατιθημι
ⲡⲱⲱⲛⲉ (ⲉ-),μεταφερω
ⲡⲱⲱⲛⲉⲥ,κινησις
ⲡⲱϣ,διαιρεσις
ⲡⲱϣ,διαιρεω
ⲡⲱϣ (ⲉⲃⲟⲗ),χωρις
ⲡⲱϣⲥ,θαμβος
ⲡⲱϣⲥ,σεβας
ⲡⲱϣⲥ ⲛϩⲏⲧ,θαμβος
ⲡⲱϣⲥ ⲛϩⲏⲧ,σεβας
ⲡⲱϩⲣⲉ,επωδη
ⲡⲱϩⲥ,δακνω
ⲡⲱϩⲧ (ⲉⲃⲟⲗ),δακρυω
ⲡⲱϩⲧ (ⲉⲃⲟⲗ),καταχευω
ⲡⲱϩⲧ (ⲉⲃⲟⲗ),χεω
ⲡⲱϫϭ,ευρος
ⲡⲱϫϭ,πλατος
ⲡⲱϭⲉ,λυω
ⲡⲱϭⲉ,ρηγνυμι
ⲣⲁ,ευεξια
ⲣⲁ,θεσις
ⲣⲁ,μεσοτης
ⲣⲁ,μηδετερος
ⲣⲁ,παθος
ⲣⲁ,πολις
ⲣⲁ,πολιτεια
ⲣⲁ,χωριον
ⲣⲁⲅⲁⲑⲟⲥ,ραγαθοσ
ⲣⲁⲓⲧⲉ,αγχιστεια
ⲣⲁⲓⲧⲉ,συγγενεια
ⲣⲁⲓⲧⲉ,συγγενης
ⲣⲁⲕⲣⲓⲃⲏⲥ,ρακριβησ
ⲣⲁⲙⲡⲉⲓ,δακτυλιος
ⲣⲁⲙⲡⲉⲓ,σφραγις
ⲣⲁⲙⲥ,ναυκληρος
ⲣⲁⲙⲥ,ναυπηγησιμος
ⲣⲁⲙⲥ,ναυς
ⲣⲁⲙⲥ,πλοιον
ⲣⲁⲙⲥ,σκευος
ⲣⲁⲙⲱⲛⲉ,σταθμος
ⲣⲁⲙⲱⲛⲉ,ταξις
ⲣⲁⲙⲱⲛⲉ,τασσω
ⲣⲁⲛⲁ,αρεσκω
ⲣⲁⲛⲁ,βουλομαι
ⲣⲁⲛⲁ,εθελω
ⲣⲁⲛⲁ,χαριζομαι
ⲣⲁⲛⲁϣ,ομνυμι
ⲣⲁⲟⲩⲱ,εναντιος
ⲣⲁⲟⲩⲱ,εναργης
ⲣⲁⲟⲩⲱ,οψις
ⲣⲁⲟⲩⲱ,παρουσια
ⲣⲁⲡⲉ,αγνυμι
ⲣⲁⲡⲉ,αγω
ⲣⲁⲡⲉ,ηγεομαι
ⲣⲁⲡⲉ,στρατηλατεω
ⲣⲁⲡⲓⲥⲧⲟⲥ,ραπιστοσ
ⲣⲁⲡⲟⲡⲛⲓⲅⲉ,ραποπνιγε
ⲣⲁⲡⲟⲥⲧⲟⲗⲟⲥ,ραποστολοσ
ⲣⲁⲥⲕⲓⲛ,ρασκιν
ⲣⲁⲥⲟⲩ,οναρ
ⲣⲁⲥⲟⲩ,ονειρος
ⲣⲁⲥⲧⲉ,αυριον
ⲣⲁⲥⲧⲉ,υστεραιος
ⲣⲁⲧϣⲁⲩ,ματαιος
ⲣⲁⲧϭⲟⲙ,αδυνατος
ⲣⲁⲧϭⲟⲙ,αμηχανος
ⲣⲁⲧ⸗,διαυλος
ⲣⲁⲧ⸗,επιβαινω
ⲣⲁⲧ⸗,ιχνος
ⲣⲁⲧ⸗,ορος
ⲣⲁⲧ⸗,πεζος
ⲣⲁⲧ⸗,περαω
ⲣⲁⲧ⸗,πους
ⲣⲁⲧ⸗,υπωρεια
ⲣⲁϩⲧⲉ,λεβης
ⲣⲁϩⲧⲉ,τριπους
ⲣⲁϩⲧⲥ,σφαγη
ⲣⲁϩⲧⲥ,φονος
ⲣⲃⲉ,περιβολος
ⲣⲃⲉ,τεμενος
ⲣⲃⲟⲗ,φευγω
ⲣⲃⲟⲟⲛⲉ,βλαβερος
ⲣⲃⲟⲩϩⲉ,αυξανω
ⲣⲃⲟⲩϩⲉ,γηρασκω
ⲣⲃⲟⲩϩⲉ,καμνω
ⲣⲃⲟⲩϩⲉ,κομη
ⲣⲃⲟⲩϩⲉ,φυω
ⲣⲇⲓⲁⲃⲟⲗⲟⲥ,ρδιαβολοσ
ⲣⲇⲓⲕⲁⲓⲟⲥ,ρδικαιοσ
ⲣⲉⲃⲓⲏⲛ,ασθενης
ⲣⲉⲓⲉⲡϣⲱⲧ,εμπορια
ⲣⲉⲓⲉⲡϣⲱⲧ,τεχνη
ⲣⲉⲓⲣⲏⲛⲏ,ρειρηνη
ⲣⲉⲙⲙⲙⲁⲩ,επιχωριος
ⲣⲉⲙⲙⲙⲁⲩ,πατρις
ⲣⲉⲙⲛⲃⲁⲕⲓ,αθηναιος
ⲣⲉⲙⲛⲃⲁⲕⲓ,αστος
ⲣⲉⲙⲛⲃⲁⲕⲓ,ιδιωτης
ⲣⲉⲙⲛⲃⲁⲕⲓ,πολιτης
ⲣⲉⲙⲛⲃⲱⲣⲡ,αγγελος
ⲣⲉⲙⲫⲙⲁ,επιχωριος
ⲣⲉⲙⲫⲙⲁ,πατρις
ⲣⲉⲛⲇⲁⲓⲙⲱⲛⲓⲟⲛ,ρενδαιμωνιον
ⲣⲉⲡⲓⲥⲕⲟⲡⲟⲥ,ρεπισκοποσ
ⲣⲉϣⲣⲉϣ,ανθος
ⲣⲉϣⲣⲉϣ,διοιστευω
ⲣⲉϣⲣⲉϣ,τοξευω
ⲣⲉϥⲁⲗⲉ,αναβατης
ⲣⲉϥⲃⲱⲗ,ερμηνευς
ⲣⲉϥⲃⲱⲧⲥ,ηρως
ⲣⲉϥⲃⲱϣ,ληστηριον
ⲣⲉϥⲇⲟⲅⲙⲁⲧⲓⲍⲉ,ρεϥδογματιζε
ⲣⲉϥⲉⲡⲓⲑⲩⲙⲉⲓ,ρεϥεπιθυμει
ⲣⲉϥⲑⲉⲣⲁⲡⲉⲩⲉ,ρεϥθεραπευε
ⲣⲉϥⲕⲁⲧⲁⲗⲁⲗⲉⲓ,ρεϥκαταλαλει
ⲣⲉϥⲕⲁⲧⲁⲗⲁⲗⲓ,ρεϥκαταλαλι
ⲣⲉϥⲕⲁⲧⲁⲫⲣⲟⲛⲉⲓ,ρεϥκαταφρονει
ⲣⲉϥⲕⲓϯ,αυλητης
ⲣⲉϥⲕⲱⲛⲥ,φονευς
ⲣⲉϥⲕⲱⲣϣ,κολαξ
ⲣⲉϥⲕⲱⲧ,οικοδομος
ⲣⲉϥⲕⲱⲧ,τεκτων
ⲣⲉϥⲕⲱϩ,αντιπαλος
ⲣⲉϥⲕⲱϩ,εναμιλλος
ⲣⲉϥⲙⲓϣⲉ,δυσμενης
ⲣⲉϥⲙⲓϣⲉ,πολεμιος
ⲣⲉϥⲙⲗⲁϧ,προμαχος
ⲣⲉϥⲙⲟⲩ,αποθνησκω
ⲣⲉϥⲙⲟⲩ,βροτος
ⲣⲉϥⲙⲟⲩ,θνησκω
ⲣⲉϥⲙⲟⲩ,θνητος
ⲣⲉϥⲙⲟⲩ,νεκρος
ⲣⲉϥⲙⲟⲩ,νεκυς
ⲣⲉϥⲙⲟⲩ,τελευταω
ⲣⲉϥⲙⲡϩⲓⲛ ⲉϩⲟⲩⲛ,μαντις
ⲣⲉϥⲛⲁⲩ,μαντικος
ⲣⲉϥⲛⲁⲩ,μαντις
ⲣⲉϥⲛⲁⲩ ⲉⲃⲟⲗ,μαντικος
ⲣⲉϥⲛⲁⲩ ⲉⲃⲟⲗ,μαντις
ⲣⲉϥⲛⲉϫⲥⲟⲧⲉ,τοξοτης
ⲣⲉϥⲛⲟⲩϩⲙ,σωτειρα
ⲣⲉϥⲛⲟⲩϩⲙ,σωτηρ
ⲣⲉϥⲟⲩⲱⲣⲡ,αγγελος
ⲣⲉϥⲟⲩⲱⲧϩ,οινοχοος
ⲣⲉϥⲣⲉⲓⲟⲡⲉ,αρχιτεκτων
ⲣⲉϥⲣⲉⲓⲟⲡⲉ,δημιουργος
ⲣⲉϥⲣⲉⲓⲟⲡⲉ,τεκτων
ⲣⲉϥⲣⲉⲓⲟⲡⲉ,τεχνιτης
ⲣⲉϥⲣⲕⲣⲟϥ,προδιδωμι
ⲣⲉϥⲣⲕⲣⲟϥ,προδοτης
ⲣⲉϥⲣⲛⲟⲃⲉ,αμαρτωλος
ⲣⲉϥⲣⲟⲉⲓⲥ,επιτροπος
ⲣⲉϥⲣⲟⲉⲓⲥ,σκοπος
ⲣⲉϥⲣⲟⲉⲓⲥ,φυλαξ
ⲣⲉϥⲣⲡⲁϩⲣⲉ,μαγος
ⲣⲉϥⲣⲡⲉⲧⲛⲁⲛⲟⲩϥ,ευεργετης
ⲣⲉϥⲣϩⲓⲕ,γοης
ⲣⲉϥⲣϩⲙⲙⲉ,ηγεμων
ⲣⲉϥⲣϩⲙⲙⲉ,κυβερνητης
ⲣⲉϥⲣϫⲟⲉⲓⲥ,αρχω
ⲣⲉϥⲣϫⲟⲉⲓⲥ,ηγεμων
ⲣⲉϥⲥⲁⲁⲛϣ,μαιον
ⲣⲉϥⲥⲁⲁⲛϣ,τρεφω
ⲣⲉϥⲥⲁⲁⲛϣ,τροφος
ⲣⲉϥⲥⲉⲕⲟⲩⲟⲥⲣ,ερετης
ⲣⲉϥⲥⲉⲕⲟⲩⲟⲥⲣ,υπηρεσια
ⲣⲉϥⲥⲉⲙⲓ,κατηγορεω
ⲣⲉϥⲥⲉⲙⲓ,κατηγορος
ⲣⲉϥⲥⲉⲙⲓ,συνηγορος
ⲣⲉϥⲥⲉⲩϩ-,πρακτωρ
ⲣⲉϥⲥⲟⲕⲥⲉⲕ,πρακτωρ
ⲣⲉϥⲥⲟⲟϩⲉ,υφαντης
ⲣⲉϥⲥⲱⲣ ⲉⲃⲟⲗ,αρχηγετης
ⲣⲉϥⲥⲱⲣ ⲉⲃⲟⲗ,οικιστης
ⲣⲉϥⲥⲱⲧⲙ,ακροατης
ⲣⲉϥⲥⲱⲧϥ,καθαρσιος
ⲣⲉϥⲥϩⲁⲓ,γραμματευς
ⲣⲉϥⲧⲁⲕⲟ,φθαρτος
ⲣⲉϥⲧⲁⲗϭⲟ,παιαν
ⲣⲉϥⲧⲁⲛϩⲟ,σωτειρα
ⲣⲉϥⲧⲁⲛϩⲟ,σωτηρ
ⲣⲉϥⲧⲁϣⲉⲟⲉⲓϣ,κηρυκειον
ⲣⲉϥⲧⲁϣⲉⲟⲉⲓϣ,κηρυξ
ⲣⲉϥⲧⲁϩⲉ-,αλιευς
ⲣⲉϥⲧⲁϩⲉⲧⲃⲧ,αλιευς
ⲣⲉϥⲧⲕⲥⲟⲧⲉ,τοξοτης
ⲣⲉϥⲧⲟⲛⲧⲛ,μαντις
ⲣⲉϥⲧⲟⲩϫⲉⲯⲩⲭⲏ,ρεϥτουϫεψυχη
ⲣⲉϥⲧⲱⲃϩ,ικετης
ⲣⲉϥⲧⲱⲃϩ,ικετις
ⲣⲉϥⲧⲱⲃϩ,πτωχος
ⲣⲉϥⲧⲱϣ,ηγεμων
ⲣⲉϥⲧⲱϣ,ιππαρχος
ⲣⲉϥⲧⲱϣ,στρατηγος
ⲣⲉϥⲫⲱⲛⲕ,ανδριαντοποιος
ⲣⲉϥⲫⲱⲛⲕ,πλαστης
ⲣⲉϥⲯⲁⲗⲗⲉⲓ,ρεϥψαλλει
ⲣⲉϥⲱⲗ,νεφεληγερετα
ⲣⲉϥϣⲁⲙϣⲉⲓⲇⲱⲗⲟⲛ,ρεϥϣαμϣειδωλον
ⲣⲉϥϣⲉⲛϩⲓⲛ,μαντις
ⲣⲉϥϣⲓⲛⲉ,γοης
ⲣⲉϥϣⲙϣⲉⲉⲓⲇⲱⲗⲟⲛ,ρεϥϣμϣεειδωλον
ⲣⲉϥϩⲁⲣⲉϩ,σκοπος
ⲣⲉϥϩⲱⲥ,ρεϥϩωσ
ⲣⲉϥϩⲱⲧⲃ,ανδροφονος
ⲣⲉϥϩⲱⲧⲃ,σφαγευς
ⲣⲉϥϩⲱⲧⲃ,φονευς
ⲣⲉϥϩⲱϥⲧ,κλεπτης
ⲣⲉϥϫⲓⲙⲁⲉⲓⲛ,μαντις
ⲣⲉϥϫⲓⲙⲗⲁϩ,προμαχος
ⲣⲉϥϫⲓⲙⲟⲉⲓⲧ,ηγεμονευω
ⲣⲉϥϫⲓⲙⲟⲉⲓⲧ,ηγεμων
ⲣⲉϥϫⲓⲙⲟⲉⲓⲧ,ηγητωρ
ⲣⲉϥϫⲓⲙⲟⲉⲓⲧ,ιππαρχος
ⲣⲉϥϫⲓⲙⲟⲉⲓⲧ,ορχαμος
ⲣⲉϥϫⲓⲟⲩⲉ,κλεπτης
ⲣⲉϥϫⲓϫⲓ,ληστηριον
ⲣⲉϥϫⲱ,αοιδος
ⲣⲉϥϫⲱⲣⲙ,αναβατης
ⲣⲉϥϫⲱⲣⲙ,ηνιοχος
ⲣⲉϥϭⲛϭⲛ,αοιδος
ⲣⲉϥϭⲟⲧϭⲉⲧ,φονευς
ⲣⲉϥϭⲡⲧⲃⲧ,αλιευς
ⲣⲉϥϭⲱⲛⲧ,οργη
ⲣⲉϥϭⲱⲛⲧ,οργιζω
ⲣⲉϥϭⲱⲛⲧ,υποδρα
ⲣⲉϥϭⲱⲛⲧ,χαλεπαινω
ⲣⲉϥϯ,ζειδωρος
ⲣⲉϥϯ ⲟⲩⲃⲉ-,αντιδικος
ⲣⲉϥϯⲕⲁⲣⲡⲟⲥ,ρεϥϯκαρποσ
ⲣⲉϥϯⲕⲥⲁⲧⲉ,τοξοτης
ⲣⲉϥϯⲥⲃⲱ,διδασκαλος
ⲣⲉϥϯⲥⲙⲏ,φωνηεις
ⲣⲉϥϯⲧⲁⲗϭⲟ,παιαν
ⲣⲉϥϯⲧⲟⲟⲧ⸗,επικουρος
ⲣⲉϥϯⲫⲁϧⲣⲓ,μαγος
ⲣⲉϥϯϩⲁⲡ,δικαζω
ⲣⲉϥϯϩⲁⲡ,δικαστης
ⲣⲉϥϯϩⲁⲡ,κρινω
ⲣⲉϥϯϩⲁⲡ,ρεϥϯϩαπ
ⲣⲉϥϯϩⲁⲡ,τεκμαιρομαι
ⲣⲉϯⲛⲏⲥ,ρητινη
ⲣⲏⲥ,μεσημβρια
ⲣⲏⲥ,νοτιος
ⲣⲏⲥ,νοτος
ⲣⲏⲥⲉ,κονις
ⲣⲏⲥⲉ,ψηγμα
ⲣⲏⲥⲓⲥ,ρησις
ⲣⲏⲥⲓⲥ,ρησισ
ⲣⲏⲧⲉ,εικων
ⲣⲏⲧⲉ,ομοιοτης
ⲣⲏⲧⲉ,τευχω
ⲣⲏⲧⲱⲣⲉⲩⲓⲛ,ρητορευω
ⲣⲑⲩⲥⲓⲁ,ρθυσια
ⲣⲑⲩⲥⲓⲁⲍⲉ,ρθυσιαζε
ⲣⲓⲕⲉ,τερμα
ⲣⲓⲣ,υς
ⲣⲓⲣ ⲛⲧⲟⲟⲩ,ορειος
ⲣⲓⲣ ⲛⲧⲟⲟⲩ,ορος
ⲣⲕⲁⲕⲉ,ρκακε
ⲣⲕⲁϩ,κονις
ⲣⲕⲁϩ,ψηγμα
ⲣⲕⲟⲧⲥ-,βουλευμα
ⲣⲕⲟⲧⲥ-,βουλευω
ⲣⲕⲟⲧⲥ-,περιερχομαι
ⲣⲕⲣⲙⲉⲥ,κονις
ⲣⲕⲣⲙⲉⲥ,ψηγμα
ⲣⲕⲣⲙⲧⲥ,κυανεος
ⲣⲕⲣⲙⲧⲥ,μελας
ⲣⲕⲣⲙⲧⲥ,οινοψ
ⲣⲕⲣⲙⲧⲥ,σκοτος
ⲣⲗⲁⲕⲙ ⲗⲁⲕⲙ,λυω
ⲣⲗⲁⲕⲙ ⲗⲁⲕⲙ,ρηγνυμι
ⲣⲙⲁⲅⲉⲓⲁ,ρμαγεια
ⲣⲙⲁⲉⲓⲛ,αξιολογος
ⲣⲙⲁⲑⲏⲧⲏⲥ,ρμαθητησ
ⲣⲙⲁⲗⲁⲕⲟⲥ,ρμαλακοσ
ⲣⲙⲁⲣⲧⲩⲣⲟⲥ,ρμαρτυροσ
ⲣⲙⲉⲉⲩⲉ,δικαιοω
ⲣⲙⲉⲉⲩⲉ,οιομαι
ⲣⲙⲉⲓⲏ,δακρυον
ⲣⲙⲉⲓⲏ,καθαιρεω
ⲣⲙⲙⲙⲉ,αληθεια
ⲣⲙⲙⲙⲉ,αληθης
ⲣⲙⲙⲙⲉ,κεδνος
ⲣⲙⲛⲏⲓ,νομοφυλαξ
ⲣⲙⲛⲏⲓ,συγγενης
ⲣⲙⲛⲕⲏⲙⲉ,αιγυπτιος
ⲣⲙⲛⲕⲏⲙⲉ,αιγυπτος
ⲣⲙⲛⲕⲟⲥⲙⲟⲥ,ρμνκοσμοσ
ⲣⲙⲛⲥⲁⲣⲝ,ρμνσαρξ
ⲣⲙⲛⲥⲟⲟⲩⲛ,γνωριμος
ⲣⲙⲛⲥⲱϣⲉ,ομοφυλος
ⲣⲙⲛⲧⲣⲉ,καταμαρτυρεω
ⲣⲙⲛⲧⲣⲉ,μαρτυρεω
ⲣⲙⲛⲧⲣⲉ,μαρτυρομαι
ⲣⲙⲛϭⲟⲓⲗⲉ,ξενιος
ⲣⲙⲛϭⲟⲓⲗⲉ,ξενος
ⲣⲙⲛϭⲟⲙ,αρχω
ⲣⲙⲛϭⲟⲙ,ηγεμων
ⲣⲙⲛϯⲙⲉ,αθηναιος
ⲣⲙⲛϯⲙⲉ,αστος
ⲣⲙⲛϯⲙⲉ,ιδιωτης
ⲣⲙⲛϯⲙⲉ,πολιτης
ⲣⲙⲟⲉⲓϩⲉ,θαυμα
ⲣⲙⲟⲉⲓϩⲉ,θαυμαζω
ⲣⲙⲟⲉⲓϩⲉ,θαυμαστος
ⲣⲙⲟⲛⲁⲭⲟⲥ,ρμοναχοσ
ⲣⲙⲟⲩⲟⲉⲓⲉ,γεωργος
ⲣⲙⲟⲩⲱⲧⲉ,αγγελος
ⲣⲙⲡⲟ,γιγνομαι
ⲣⲙⲡⲟ,γνωριζω
ⲣⲙⲡⲟ,εξερημοω
ⲣⲙⲡϣⲁ,αξιος
ⲣⲙⲡϣⲁ,γιγνομαι
ⲣⲙⲡϣⲁ,γνωριζω
ⲣⲙⲡϣⲁ,δικαιος
ⲣⲙⲡϣⲁ,εξερημοω
ⲣⲙⲣⲁⲓⲧⲉ,συγγενης
ⲣⲙⲣⲁⲧ⸗,πεζος
ⲣⲙⲣⲁⲩⲏ,γειτων
ⲣⲙⲣⲁⲩⲏ,πλησιος
ⲣⲙⲣⲁϣ,πραος
ⲣⲙⲧⲟⲛ,ευκηλος
ⲣⲛⲏⲥⲧⲉⲩⲉ,ρνηστευε
ⲣⲛⲟⲉⲓⲧ,γιγνομαι
ⲣⲛⲟⲉⲓⲧ,γνωριζω
ⲣⲛⲟⲉⲓⲧ,εξερημοω
ⲣⲛⲟⲙⲟⲥ,ρνομοσ
ⲣⲛⲟϭ,γιγνομαι
ⲣⲛⲟϭ,γνωριζω
ⲣⲛⲟϭ,εξερημοω
ⲣⲛⲟϭ ⲛϭⲓϫ,γενναιος
ⲣⲟ,χην
ⲣⲟⲉⲓⲥ,φυλακη
ⲣⲟⲉⲓⲥ,φυλασσω
ⲣⲟⲙⲡⲉ,ενιαυσιος
ⲣⲟⲙⲡⲉ,ενιαυτος
ⲣⲟⲙⲡⲉ,ετος
ⲣⲟⲙⲡⲉ,περυσι
ⲣⲟⲟⲩⲛⲉ,παρθενος
ⲣⲟⲟⲩϣ,κηδω
ⲣⲟⲟⲩϣ,μελω
ⲣⲟⲣⲫⲁⲛⲟⲥ,ρορφανοσ
ⲣⲟⲩⲟⲉⲓⲛ,λαμπω
ⲣⲟⲩⲟⲉⲓⲛ,φαεινος
ⲣⲟⲩⲱ,αμειβω
ⲣⲟⲩⲱ,αντιος
ⲣⲟⲩⲱ,αποκρινω
ⲣⲟⲩⲱ,αποκρισις
ⲣⲟⲩⲱ,ειπον
ⲣⲟⲩⲱ,εξερεω
ⲣⲟⲩⲱ,ερω
ⲣⲟⲩⲱ,λαλεω
ⲣⲟⲩⲱ,λεγω
ⲣⲟⲩⲱ,προσειπον
ⲣⲟⲩϩⲉ,εσπερα
ⲣⲟⲩϩⲉ,εσπεριος
ⲣⲟϫⲣⲉϫ,αντικρυ
ⲣⲟϫⲣⲉϫ,διαμπερης
ⲣⲟϫⲣⲉϫ,καθαρος
ⲣⲟϫⲣⲉϫ,λαμπω
ⲣⲟϫⲣⲉϫ,ξεστος
ⲣⲟϫⲣⲉϫ,φαεινος
ⲣⲡⲁⲣⲁⲅⲉ,ρπαραγε
ⲣⲡⲁⲣⲁⲓⲧⲉⲓ,ρπαραιτει
ⲣⲡⲁⲣⲑⲉⲛⲟⲥ,ρπαρθενοσ
ⲣⲡⲁϩⲣⲉ,θεραπευω
ⲣⲡⲁϩⲣⲉ,ιαομαι
ⲣⲡⲉⲓⲣⲁⲍⲉ,ρπειραζε
ⲣⲡⲉⲗϭⲉ,γιγνομαι
ⲣⲡⲉⲗϭⲉ,γνωριζω
ⲣⲡⲉⲗϭⲉ,εξερημοω
ⲣⲡⲓⲥⲧⲟⲥ,ρπιστοσ
ⲣⲡⲙⲉⲉⲩⲉ,μνημη
ⲣⲡⲛⲁ,ευεργεσια
ⲣⲡⲛⲁ,ευνοια
ⲣⲡⲛⲁ,φιλανθρωπια
ⲣⲡⲟⲗⲉⲙⲟⲥ,ρπολεμοσ
ⲣⲡⲱⲃϣ,ληθη
ⲣⲣⲙⲙⲁⲟ,γιγνομαι
ⲣⲣⲙⲙⲁⲟ,γνωριζω
ⲣⲣⲙⲙⲁⲟ,εξερημοω
ⲣⲣⲙⲣⲁϣ,γιγνομαι
ⲣⲣⲙⲣⲁϣ,γνωριζω
ⲣⲣⲙⲣⲁϣ,εξερημοω
ⲣⲣⲟ,βασιλεια
ⲣⲣⲟ,βασιλειος
ⲣⲣⲟ,βασιλικος
ⲣⲣⲣⲟ,βασιλευω
ⲣⲣⲱ,ανασσα
ⲣⲣⲱ,βασιλεια
ⲣⲣⲱ,δεσποινα
ⲣⲥⲁⲃⲉ,γιγνομαι
ⲣⲥⲁⲃⲉ,γνωριζω
ⲣⲥⲁⲃⲉ,εξερημοω
ⲣⲥⲁⲣⲝ,ρσαρξ
ⲣⲥⲁⲧⲡⲉ,επιθημα
ⲣⲥⲁϩ,γιγνομαι
ⲣⲥⲁϩ,γνωριζω
ⲣⲥⲁϩ,εξερημοω
ⲣⲥⲛⲁⲩ,γιγνομαι
ⲣⲥⲛⲁⲩ,γνωριζω
ⲣⲥⲛⲁⲩ,εξερημοω
ⲣⲥⲟⲉⲓⲧ,γιγνομαι
ⲣⲥⲟⲉⲓⲧ,γνωριζω
ⲣⲥⲟⲉⲓⲧ,εξερημοω
ⲣⲥⲡⲟⲩⲇⲏ,ρσπουδη
ⲣⲥϩⲓⲙⲉ,γιγνομαι
ⲣⲥϩⲓⲙⲉ,γνωριζω
ⲣⲥϩⲓⲙⲉ,εξερημοω
ⲣⲧⲡⲉ,επιθημα
ⲣⲧⲱϣ,δαιτης
ⲣⲧⲱϣ,ετοιμος
ⲣⲧⲱϣ,παρασκευαζω
ⲣⲭⲏⲣⲁ,ρχηρα
ⲣⲭⲣⲉⲓⲁ,ρχρεια
ⲣⲭⲣⲏⲥⲧⲟⲥ,ρχρηστοσ
ⲣⲭⲣⲓⲁ,ρχρια
ⲣⲱ,αυθι
ⲣⲱ,βαπτιζω
ⲣⲱ,δητα
ⲣⲱ,ειπερ
ⲣⲱ,επιστρεφω
ⲣⲱ,μαλα
ⲣⲱ,μεντοι
ⲣⲱ,παλιν
ⲣⲱ,συμφημι
ⲣⲱⲙⲉ,ανθρωπειος
ⲣⲱⲙⲉ,ανθρωπινος
ⲣⲱⲙⲉ,ανθρωπος
ⲣⲱⲙϩⲧⲟ,αναβατης
ⲣⲱⲙϩⲧⲟ,ιππευς
ⲣⲱⲙϩⲧⲟ,ιπποτης
ⲣⲱⲧ,αυξανω
ⲣⲱϣ,μετρον
ⲣⲱϣⲉ,αλις
ⲣⲱϣⲉ,αρκεω
ⲣⲱϣⲉ,αυταρκεια
ⲣⲱϣⲉ,αφθονια
ⲣⲱϣⲉ,ικανος
ⲣⲱϣⲛ,ιματιον
ⲣⲱϣⲛ,σκεπασμα
ⲣⲱϣⲛ,τριβων
ⲣⲱϣⲛ,φαρος
ⲣⲱϣⲛ,χλαινα
ⲣⲱϩⲧ,πληγη
ⲣϣⲁⲩ,επιεικης
ⲣϣⲁⲩ,ευδαιμων
ⲣϣⲁⲩ,σπουδαιος
ⲣϣⲃⲏⲣ,κοινωνος
ⲣϣⲙⲙⲟ,γιγνομαι
ⲣϣⲙⲙⲟ,γνωριζω
ⲣϣⲙⲙⲟ,εξερημοω
ⲣϣⲟⲣⲡ,επειγω
ⲣϣⲟⲩϣⲟ,κομπαζω
ⲣϣⲟⲩϣⲟ,κομπος
ⲣϣⲟϣⲧ,αποκλειω
ⲣϣⲟϣⲧ,κατακλειω
ⲣϣⲟϣⲧ,κλειω
ⲣϣⲡⲏⲣⲉ,αγαμαι
ⲣϣⲡⲏⲣⲉ,θαυμαζω
ⲣϩⲁⲗ,απαταω
ⲣϩⲁⲗ,εξαπαταω
ⲣϩⲁⲗ,ψευδω
ⲣϩⲁⲙⲏⲣ,ασπαζομαι
ⲣϩⲁⲡ,αμυνω
ⲣϩⲁⲡ,τιμωρεω
ⲣϩⲁⲡ,τινω
ⲣϩⲃⲁ,απορια
ⲣϩⲃⲁ,λυπεω
ⲣϩⲏⲃⲉ,πενθεω
ⲣϩⲏⲃⲉ,στενω
ⲣϩⲏⲕⲉ,γιγνομαι
ⲣϩⲏⲕⲉ,γνωριζω
ⲣϩⲏⲕⲉ,εξερημοω
ⲣϩⲏⲧ,ενθυμεομαι
ⲣϩⲏⲧ,εννοεω
ⲣϩⲏⲧ,λογιζομαι
ⲣϩⲏⲧ,μεταμελει
ⲣϩⲏⲩ,κερδαινω
ⲣϩⲏⲩ,κερδος
ⲣϩⲏⲩ,ονινημι
ⲣϩⲏⲩ,ωφελεω
ⲣϩⲓⲕⲁⲛⲟⲥ,ρϩικανοσ
ⲣϩⲓⲥⲉ,εαω
ⲣϩⲓⲥⲉ,πασχω
ⲣϩⲓⲧⲡⲉ,επιθημα
ⲣϩⲗⲗⲟ,γιγνομαι
ⲣϩⲗⲗⲟ,γνωριζω
ⲣϩⲗⲗⲟ,εξερημοω
ⲣϩⲙⲙⲉ,ηγεμων
ⲣϩⲙⲟⲧ,ανδανω
ⲣϩⲙⲟⲧ,χαριζομαι
ⲣϩⲙⲟⲧ,χαρις
ⲣϩⲙϩⲁⲗ,στρατευω
ⲣϩⲟⲩⲟ,υπερβαλλω
ⲣϩⲟⲩⲟ,υπερεχω
ⲣϩⲣⲉ,γιγνομαι
ⲣϩⲣⲉ,γνωριζω
ⲣϩⲣⲉ,εξερημοω
ⲣϩⲣⲏⲣⲉ,ανθεω
ⲣϩⲣⲏⲣⲉ,ανθος
ⲣϩⲩⲙⲉⲣⲟⲥ,ρϩυμεροσ
ⲣϫⲁϫⲉ,διαλεγω
ⲣϫⲁϫⲉ,διαφερω
ⲣϫⲁϫⲉ,διαφορα
ⲣϫⲁϫⲉ,εχθρη
ⲣϫⲁϫⲉ,νεικος
ⲣϫⲟⲉⲓⲥ,αρχω
ⲣϫⲟⲉⲓⲥ,κανων
ⲣϫⲟⲓ,ολκας
ⲣϫⲱϫ,αγνυμι
ⲣϫⲱϫ,αγω
ⲣϫⲱϫ,διαδημα
ⲣϫⲱϫ,ηγεομαι
ⲣϫⲱϫ,καρα
ⲣϫⲱϫ,κατανευω
ⲣϫⲱϫ,κεφαλη
ⲣϫⲱϫ,κρας
ⲣϫⲱϫ,στρατηλατεω
ⲣϭⲁϫⲏ,ασθενης
ⲣϭⲁϫⲏ,ησσων
ⲣϭⲟⲗ,ψευδης
ⲣϭⲟⲗ,ψευδοπροφητης
ⲣϭⲟⲗ,ψευδος
ⲣϭⲣⲏⲡⲉ,δεμας
ⲣϭⲣⲏⲡⲉ,ειδος
ⲣϭⲣⲏⲡⲉ,ιδεα
ⲣϭⲣⲏⲡⲉ,σχημα
ⲣϭⲱⲃ,ασθενης
ⲥⲁ,καλλος
ⲥⲁⲃⲁⲕⲁⲧⲉ,σαβακαθιον
ⲥⲁⲃⲃⲁⲧⲟⲛ,σαββατον
ⲥⲁⲃⲟⲗ,εκτος
ⲥⲁⲃⲟⲗ,εξω
ⲥⲁⲃⲟⲗ,εξωθεν
ⲥⲁⲇⲇⲟⲩⲕⲁⲓⲟⲥ,σαδδουκαιος
ⲥⲁⲉⲓⲉ,διος
ⲥⲁⲉⲓⲉ,καλος
ⲥⲁⲉⲓⲉ,παγκαλος
ⲥⲁⲉⲓⲛ,ιατρος
ⲥⲁⲉⲓϣ,σκια
ⲥⲁⲑⲉⲣⲓ,σαθερι
ⲥⲁⲓ,πλησμονη
ⲥⲁⲕ,επιφαινω
ⲥⲁⲕ,κοσμος
ⲥⲁⲕ,οψις
ⲥⲁⲕ,φαντασια
ⲥⲁⲕⲁⲙⲟⲩⲛⲓⲁ,σκαμμωνια
ⲥⲁⲕⲓⲁ,σακια
ⲥⲁⲕⲟⲕⲏⲗⲗⲏⲥ,σαρκοκολλα
ⲥⲁⲗⲁⲙⲁⲛⲇⲣⲁ,σαλαμανδρα
ⲥⲁⲗⲟ,κανεον
ⲥⲁⲗⲡⲓⲅⲅⲟⲥ,σαλπιγγος
ⲥⲁⲗⲡⲓⲅⲅⲟⲥ,σαλπιγγοσ
ⲥⲁⲗⲡⲓⲅⲝ,σαλπιγξ
ⲥⲁⲗⲡⲓⲍⲉ,σαλπιζε
ⲥⲁⲗⲡⲓⲍⲉ,σαλπιζω
ⲥⲁⲙⲁⲣⲓⲧⲏⲥ,σαμαριτης
ⲥⲁⲙⲁⲣⲓⲧⲏⲥ,σαμαριτησ
ⲥⲁⲙⲓⲧ,σαμιτ
ⲥⲁⲙⲛⲏ,περαω
ⲥⲁⲙⲛⲏ,υπερ
ⲥⲁⲙⲛⲧ,κολυμβηθρα
ⲥⲁⲙⲛⲧ,φρεαρ
ⲥⲁⲙⲥⲟⲩⲭⲟⲥ,σαμψουχον
ⲥⲁⲛⲇⲁⲗⲓⲟⲛ,σανδαλιον
ⲥⲁⲛⲓⲥ,απορεω
ⲥⲁⲛⲛⲉϩ,τεττιξ
ⲥⲁⲛⲟⲩⲑ,δειλος
ⲥⲁⲛⲧⲁⲣⲁⲭⲏⲥ,σανδαρακη
ⲥⲁⲛⲧⲓⲕⲟⲩ,σανδυξ
ⲥⲁⲡⲁϩⲟⲩ,καταλειπω
ⲥⲁⲡⲁϩⲟⲩ,καταμενω
ⲥⲁⲡⲁϩⲟⲩ,κατοπιν
ⲥⲁⲡⲁϩⲟⲩ,λειπω
ⲥⲁⲡⲁϩⲟⲩ,οπισθεν
ⲥⲁⲡⲉⲥⲏⲧ,ενερθε
ⲥⲁⲡⲉⲥⲏⲧ,κατωθεν
ⲥⲁⲡⲡⲉⲓⲣⲓⲛⲟⲛ,σαπφειρινος
ⲥⲁⲡⲡⲓⲣⲟⲛ,σαππιρον
ⲥⲁⲡⲡⲓⲣⲟⲛ,σαπφειρον
ⲥⲁⲡⲡⲓⲣⲟⲥ,σαπφειρος
ⲥⲁⲣⲁⲅⲏⲛⲟⲥ,σαρακηνος
ⲥⲁⲣⲁⲑⲏⲟⲩ,κρατος
ⲥⲁⲣⲁⲑⲏⲟⲩ,χειμων
ⲥⲁⲣⲁⲕⲏⲛⲟⲥ,σαρακηνοσ
ⲥⲁⲣⲁⲕⲓⲛⲏ,σαρακηνος
ⲥⲁⲣⲁⲕⲱⲧⲉ,αλητης
ⲥⲁⲣⲁⲡⲓⲟⲛ,σαραπιον
ⲥⲁⲣⲁⲫⲉⲓⲛ,σεραφιμ
ⲥⲁⲣⲁϭⲱⲟⲩϣ,λαγως
ⲥⲁⲣⲇⲓⲛⲟⲛ,σαρδιvον
ⲥⲁⲣⲇⲓⲟⲛ,σαρδιον
ⲥⲁⲣⲕⲁⲕⲱⲗⲉⲱⲥ,σαρκοκολλα
ⲥⲁⲣⲕⲁⲛⲏ,σαργανη
ⲥⲁⲣⲕⲓⲕⲏ,σαρκικος
ⲥⲁⲣⲕⲓⲕⲟⲛ,σαρκικον
ⲥⲁⲣⲕⲓⲕⲟⲛ,σαρκικος
ⲥⲁⲣⲕⲓⲕⲟⲥ,σαρκικος
ⲥⲁⲣⲕⲓⲕⲟⲥ,σαρκικοσ
ⲥⲁⲣⲕⲓⲕⲱⲥ,σαρκικωσ
ⲥⲁⲣⲕⲓⲛⲏ,σαρκινος
ⲥⲁⲣⲕⲓⲛⲟⲥ,σαρκινος
ⲥⲁⲣⲝ,σαρξ
ⲥⲁⲣⲡⲟⲧ,λωτος
ⲥⲁⲣⲡⲟⲧ,λωτοφαγοι
ⲥⲁⲣϥⲉ,κλων
ⲥⲁⲥⲉ,ελκω
ⲥⲁⲥⲉ,καθαιρεω
ⲥⲁⲥⲡⲓⲣ,παρα
ⲥⲁⲧ,ουρα
ⲥⲁⲧⲁⲛⲁⲥ,σατανας
ⲥⲁⲧⲁⲛⲁⲥ,σατανασ
ⲥⲁⲧⲁⲣⲁⲕⲟⲥ,σανδαρακη
ⲥⲁⲧⲉ,εμπιμπρημι
ⲥⲁⲧⲉ,πυρ
ⲥⲁⲧⲉ,πυρφορος
ⲥⲁⲧⲉⲉⲣⲉ,σατεερε
ⲥⲁⲧⲉⲉⲣⲉ,στατηρ
ⲥⲁⲧⲏⲟⲩⲧ,αναμιγνυμι
ⲥⲁⲧⲏⲟⲩⲧ,μιγας
ⲥⲁⲧⲡⲉ,ανωθεν
ⲥⲁⲧⲡⲉ,αριδεικετος
ⲥⲁⲧⲡⲉ,ειρω
ⲥⲁⲧⲡⲉ,κρειων
ⲥⲁⲧⲡⲉ,υπερκειμαι
ⲥⲁⲧϥⲉ,διωρυξ
ⲥⲁⲫⲏⲛⲓⲍⲉ,σαφηνιζω
ⲥⲁⲫⲱⲥ,σαφως
ⲥⲁϣⲧ,ακωλυτος
ⲥⲁϣⲧ,εμποδιζω
ⲥⲁϣⲧ,εμποδιος
ⲥⲁϣϥ,επτακις
ⲥⲁϣϥ,επτακισχιλιοι
ⲥⲁϣϥ,επτακοσιοι
ⲥⲁϣϥ,επταπυλος
ⲥⲁϣϥⲉ,επτακις
ⲥⲁϣϥⲉ,επτακισχιλιοι
ⲥⲁϣϥⲉ,επτακοσιοι
ⲥⲁϣϥⲉ,επταπυλος
ⲥⲁϥ,χθιζος
ⲥⲁϩ,αναξ
ⲥⲁϩ,αρχιτεκτων
ⲥⲁϩ,δεσποτης
ⲥⲁϩ,διδασκαλος
ⲥⲁϩ,κρατεω
ⲥⲁϩ,κυριος
ⲥⲁϩⲛⲉ,επιτηδειος
ⲥⲁϩⲛⲉ,ομολογεω
ⲥⲁϩⲛⲉ,ομολογια
ⲥⲁϩⲛⲉ,ομονοια
ⲥⲁϩⲛⲉ,παρεχω
ⲥⲁϩⲛⲉ,σιτος
ⲥⲁϩⲛⲉ,συγγραφη
ⲥⲁϩⲛⲉ,συμβολαιον
ⲥⲁϩⲛⲉ,συνθηκη
ⲥⲁϩⲟⲩⲛ,απροαιρετος
ⲥⲁϩⲟⲩⲛ,ενδον
ⲥⲁϩⲟⲩⲛ,εντος
ⲥⲁϩⲟⲩⲛ,κατακλαω
ⲥⲁϩⲣⲁⲓ,ενερθε
ⲥⲁϩⲣⲁⲓ,κατος
ⲥⲁϩⲣⲁⲓ,κατωθεν
ⲥⲁϩⲧ,υφαντης
ⲥⲃⲃⲉ,περιτομη
ⲥⲃⲉ,θυρα
ⲥⲃⲉ,πυλη
ⲥⲃⲉ,σταθμος
ⲥⲃⲕⲉ,μικροτης
ⲥⲃⲕⲉ,ολιγοτης
ⲥⲃⲟ,διδασκω
ⲥⲃⲟ,μανθανω
ⲥⲃⲟ,παιδευω
ⲥⲃⲟ,πυνθανομαι
ⲥⲃⲟⲕ,μικροτης
ⲥⲃⲟⲕ,ολιγοτης
ⲥⲃⲟⲩⲓ,μαθητος
ⲥⲃⲱϩ,ικετευω
ⲥⲃϣⲉ,ασπις
ⲥⲃϣⲉ,ασπιστης
ⲥⲃϣⲉ,σακος
ⲥⲉ,εξηκοντα
ⲥⲉ,σε
ⲥⲉⲃⲁⲥⲧⲓⲁⲛⲟⲥ,σεβαστιανοσ
ⲥⲉⲃⲉⲛ,τελαμων
ⲥⲉⲃⲉⲥⲑⲁⲓ,σεβομαι
ⲥⲉⲃⲏⲣⲓⲟⲛ,σεβηριον
ⲥⲉⲃⲓⲥⲧⲏ,σεβιστη (?)
ⲥⲉⲃⲟⲟⲛ,βοηθεω
ⲥⲉⲃⲟⲟⲛ,τρεφω
ⲥⲉⲃⲟⲟⲛ,χαραξ
ⲥⲉⲉⲡⲉ,λοιπος
ⲥⲉⲕⲥⲓⲕ,δικαστηριον
ⲥⲉⲕⲥⲓⲕ,θαλαμος
ⲥⲉⲕⲥⲓⲕ,μεγαρον
ⲥⲉⲕⲥⲓⲕ,οικημα
ⲥⲉⲕⲱⲧ,εργαστηριον
ⲥⲉⲗⲏⲛⲓⲁⲍⲉ,σεληνιαζομαι
ⲥⲉⲗⲓⲗⲉⲛ,γυψ
ⲥⲉⲗⲓⲛⲏ,σελινον
ⲥⲉⲗⲓⲥ,σελισ
ⲥⲉⲙⲓⲥⲓ,γενεθλη
ⲥⲉⲙⲛⲏ,σεμνη
ⲥⲉⲙⲛⲏ,σεμνος
ⲥⲉⲙⲛⲟⲛ,σεμνον
ⲥⲉⲙⲛⲟⲛ,σεμνος
ⲥⲉⲙⲛⲟⲥ,σεμνος
ⲥⲉⲙⲛⲟⲥ,σεμνοσ
ⲥⲉⲛⲁⲗⲁⲥⲉ,συναλλασσω
ⲥⲉⲣⲁⲡⲓⲥ,σεραπις
ⲥⲉⲥⲃⲟϩ,νηποινος
ⲥⲉⲧⲧⲁϥ,οβελος
ⲥⲏⲃ,εναντιος
ⲥⲏⲃ,εχθιστος
ⲥⲏⲃ,εχθρος
ⲥⲏⲃ,πολεμιος
ⲥⲏⲃⲉ,αυλεω
ⲥⲏⲃⲉ,αυλητης
ⲥⲏⲃⲉ,αυλητικος
ⲥⲏⲃⲉ,αυλητρις
ⲥⲏⲃⲉ,αυλος
ⲥⲏⲃⲉ,δοναξ
ⲥⲏⲃⲉ,καλαμος
ⲥⲏⲃⲉ ⲛⲣⲁⲧ⸗,συριγξ
ⲥⲏⲃⲉ ⲛϫⲱ,αυλεω
ⲥⲏⲃⲉ ⲛϫⲱ,αυλητης
ⲥⲏⲃⲉ ⲛϫⲱ,αυλητικος
ⲥⲏⲃⲉ ⲛϫⲱ,αυλητρις
ⲥⲏⲃⲉ ⲛϫⲱ,αυλος
ⲥⲏⲙⲁⲛⲉ,σημαινω
ⲥⲏⲙⲁⲛⲉ,σημανε
ⲥⲏⲙⲁⲥⲓⲁ,σημασια
ⲥⲏⲙⲉⲓⲟⲛ,σημειον
ⲥⲏⲙⲓⲟⲛ,σημειον
ⲥⲏⲛⲅⲕⲗⲏⲧⲓⲕⲏ,συγκλητικος
ⲥⲏⲛⲉ,εισπραξις
ⲥⲏⲡⲉ,λοιπος
ⲥⲏⲩ,ωρα
ⲥⲏϥⲉ,μαχαιρα
ⲥⲑⲣⲟⲩⲑⲟⲥ,στρουθος
ⲥⲓⲃⲧ,λοφος
ⲥⲓⲃⲧ,ορθιος
ⲥⲓⲃⲧ,ορος
ⲥⲓⲅⲏ,σιγη
ⲥⲓⲅⲛⲟⲛ,σιγνον
ⲥⲓⲅⲛⲟⲩⲫⲩⲗⲁⲝ,σιγνοφυλαξ
ⲥⲓⲇⲱⲛ,σιδων
ⲥⲓⲕⲏϩⲉ,θησαυρος
ⲥⲓⲕⲏϩⲉ,κτημα
ⲥⲓⲗⲁⲥ,σιλασ
ⲥⲓⲗⲓⲕⲟⲩ,σιρικον
ⲥⲓⲙ,ποα
ⲥⲓⲙ,χορτος
ⲥⲓⲙⲱⲛⲓⲁⲛⲟⲥ,σιμωνιανος
ⲥⲓⲛⲁⲡⲛ,σιναπιον
ⲥⲓⲛⲇⲱⲛ,σινδων
ⲥⲓⲛⲇⲱⲛⲓⲟⲛ,σινδονιον
ⲥⲓⲛⲇⲱⲛⲓⲟⲛ,σινδωνιον
ⲥⲓⲛⲉ,διαβιβαζω
ⲥⲓⲛⲉ,διαπλεω
ⲥⲓⲛⲉ,διαρμα
ⲥⲓⲛⲉ,παραλειπω
ⲥⲓⲛⲉ,περαω
ⲥⲓⲛⲉ,υπερ
ⲥⲓⲛⲓ,δειλη
ⲥⲓⲟⲟⲩⲛ,βαλανειον
ⲥⲓⲟⲟⲩⲛ,λουτρον
ⲥⲓⲟⲩ,αστηρ
ⲥⲓⲟⲩ,αστρον
ⲥⲓⲟⲩ,παραχρημα
ⲥⲓⲟⲩ,χωριον
ⲥⲓⲟⲩⲣ,ευνουχος
ⲥⲓⲡⲡⲓⲟⲛ,σιππιον
ⲥⲓⲣ,γραμμη
ⲥⲓⲣ,θριξ
ⲥⲓⲣ,κομαω
ⲥⲓⲣ,κομη
ⲥⲓⲣ,μετωπον
ⲥⲓⲣ,πληγη
ⲥⲓⲣ,πολιος
ⲥⲓⲣ,ταξις
ⲥⲓⲣ,φαλαγξ
ⲥⲓⲣ,χαιτη
ⲥⲓⲣⲉϥⲉ,τιτρωσκω
ⲥⲓⲣⲉϥⲉ,τραυμα
ⲥⲓⲣⲉϥⲉ,τραυματιας
ⲥⲓⲣⲟⲙⲁⲥⲧⲏⲥ,σιρομαστησ
ⲥⲓⲥⲙⲟⲥ,σεισμος
ⲥⲓⲧⲉ,ακοντιζω
ⲥⲓⲧⲉ,αποβαλλω
ⲥⲓⲧⲉ,βαλλω
ⲥⲓⲧⲉ,εμβαλλω
ⲥⲓⲧⲉ,ριπτω
ⲥⲓⲧⲉ (ⲉⲃⲟⲗ),ακοντιζω
ⲥⲓⲧⲉ (ⲉⲃⲟⲗ),αποβαλλω
ⲥⲓⲧⲉ (ⲉⲃⲟⲗ),βαλλω
ⲥⲓⲧⲉ (ⲉⲃⲟⲗ),εμβαλλω
ⲥⲓⲧⲉ (ⲉⲃⲟⲗ),ριπτω
ⲥⲓⲭⲁⲛⲉ,σικχαινω
ⲥⲓⲭⲁⲛⲉⲥⲑⲁⲓ,σικχαινω
ⲥⲓϥⲉ,κεδρος
ⲥⲓϩⲉ,αναχωρεω
ⲥⲓϩⲉ,απαγω
ⲥⲓϩⲉ,αποχωρεω
ⲥⲓϩⲉ,κινεω
ⲥⲓϯ,ομοσπορος
ⲥⲓϯ,σπερμα
ⲥⲕⲁⲓ,αροτρον
ⲥⲕⲁⲓ,αροω
ⲥⲕⲁⲗⲁ,σκαλα
ⲥⲕⲁⲙⲟⲩⲗⲓⲁⲥ,σκαμμωνια
ⲥⲕⲁⲛⲇⲁⲗⲉⲥⲍⲓⲛ,σκανδαλιζω
ⲥⲕⲁⲛⲇⲁⲗⲓⲍⲉ,σκανδαλιζε
ⲥⲕⲁⲛⲇⲁⲗⲓⲍⲉ,σκανδαλιζω
ⲥⲕⲁⲛⲇⲁⲗⲓⲥⲍⲉⲥⲑⲉ,σκανδαλιζω
ⲥⲕⲁⲛⲇⲁⲗⲟⲛ,σκανδαλον
ⲥⲕⲁⲛⲇⲁⲗⲟⲥ,σκανδαλος
ⲥⲕⲁⲣⲧⲱⲛ,σκορδον
ⲥⲕⲁⲫⲏ,σκαφη
ⲥⲕⲁⲫⲟⲥ,σκαφος
ⲥⲕⲁⲫⲟⲥ,σκαφοσ
ⲥⲕⲉⲛⲱⲛ,σκηνον
ⲥⲕⲉⲟⲥ,σκεοσ
ⲥⲕⲉⲡⲁⲍⲉ,σκεπαζε
ⲥⲕⲉⲡⲁⲍⲉ,σκεπαζω
ⲥⲕⲉⲡⲁⲍⲓⲛ,σκεπαζω
ⲥⲕⲉⲡⲁⲥⲧⲏⲥ,σκεπαστης
ⲥⲕⲉⲡⲁⲥⲧⲏⲥ,σκεπαστησ
ⲥⲕⲉⲡⲉ,σκεπη
ⲥⲕⲉⲡⲏ,σκεπη
ⲥⲕⲉⲡⲓ,σκεπη
ⲥⲕⲉⲡⲓ,σκεπι
ⲥⲕⲉⲡⲧⲉⲓ,σκεπτομαι
ⲥⲕⲉⲡⲧⲓⲛ,σκεπτομαι
ⲥⲕⲉⲡⲧⲓⲥⲑⲁⲓ,σκεπτομαι
ⲥⲕⲉⲡⲧⲱⲣ,σκεπτωρ
ⲥⲕⲉⲡⲱⲗⲁⲧⲱⲣ,σπεκουλατωρ
ⲥⲕⲉⲩⲁⲍⲉ,σκευαζω
ⲥⲕⲉⲩⲉ,σκευος
ⲥⲕⲉⲩⲏ,σκευη
ⲥⲕⲉⲩⲟⲥ,σκευος
ⲥⲕⲉⲩⲟⲥ,σκευοσ
ⲥⲕⲉⲯⲓⲥ,σκεψις
ⲥⲕⲏⲇⲁⲗⲏ,σκυταλη
ⲥⲕⲏⲛⲏ,σκηνη
ⲥⲕⲏⲛⲟⲡⲏⲅⲓⲁ,σκηνοπηγια
ⲥⲕⲓⲃⲩⲧⲱⲣ,σκουβιτωρ
ⲥⲕⲓⲗⲗⲁ,σκιλλα
ⲥⲕⲓⲣⲧⲁ,σκιρτα
ⲥⲕⲓⲣⲧⲁ,σκιρταω
ⲥⲕⲗⲏⲣⲓⲁ,σκληρια
ⲥⲕⲟⲡⲟⲥ,σκοπος
ⲥⲕⲟⲡⲟⲥ,σκοποσ
ⲥⲕⲟⲡⲧⲉⲓ,σκοπτει
ⲥⲕⲟⲣⲉⲁ,σκωρια
ⲥⲕⲟⲣⲡⲓⲟⲛ,σκορπιος
ⲥⲕⲩⲑⲏⲥ,σκυθης
ⲥⲕⲩⲗⲗⲉⲓ,σκυλλει
ⲥⲕⲩⲗⲗⲉⲓ,σκυλλω
ⲥⲕⲩⲗⲙⲟⲥ,σκυλμος
ⲥⲕⲩⲗⲙⲟⲥ,σκυλμοσ
ⲥⲕⲩⲛⲏ,σκυνη
ⲥⲕⲩⲛⲱⲙⲁ,σκηνωμα
ⲥⲗⲁⲁⲧⲉ,επιπιπτω
ⲥⲗⲏ,θηκη
ⲥⲗⲏ,σορος
ⲥⲗⲟϭⲗϭ,λειοτης
ⲥⲗⲥⲓⲗ,κοσμος
ⲥⲙⲁⲣⲁⲅⲇⲓⲛⲟⲥ,σμαραγδινος
ⲥⲙⲁⲣⲁⲅⲇⲟⲥ,σμαραγδος
ⲥⲙⲁⲣⲁⲅⲇⲟⲥ,σμαραγδοσ
ⲥⲙⲁϩ,ανθεμοεις
ⲥⲙⲉⲗⲓⲛ,σμιλιον
ⲥⲙⲏ,δουρικλειτος
ⲥⲙⲏ,ευπωλος
ⲥⲙⲏ,κλυτος
ⲥⲙⲓⲗⲁⲝ,σμιλαξ
ⲥⲙⲓⲛⲉ,αταραξια
ⲥⲙⲓⲛⲉ,ησυχια
ⲥⲙⲓⲛⲉ,κοσμος
ⲥⲙⲓⲛⲉ,ομολογεω
ⲥⲙⲓⲛⲉ,ομολογια
ⲥⲙⲓⲛⲉ,ομονοια
ⲥⲙⲓⲛⲉ,συγγραφη
ⲥⲙⲓⲛⲉ,συνθηκη
ⲥⲙⲙⲉ,αιτια
ⲥⲙⲙⲉ,εγκλημα
ⲥⲙⲙⲉ,κατηγορεω
ⲥⲙⲙⲉ,κατηγορια
ⲥⲙⲙⲉ (ⲉ-),αιτιαομαι
ⲥⲙⲙⲉ (ⲉ-),εγκαλεω
ⲥⲙⲙⲉ (ⲉ-),κατηγορεω
ⲥⲙⲟⲧ,δεμας
ⲥⲙⲟⲧ,ειδος
ⲥⲙⲟⲧ,εικων
ⲥⲙⲟⲧ,ηθος
ⲥⲙⲟⲧ,ιδεα
ⲥⲙⲟⲧ,ομοιοτης
ⲥⲙⲟⲧ,παραδειγμα
ⲥⲙⲟⲧ,ποιος
ⲥⲙⲟⲧ,σχημα
ⲥⲙⲟⲧ,τροπος
ⲥⲙⲟⲩ,αγαθος
ⲥⲙⲟⲩ,αινεω
ⲥⲙⲟⲩ,αφθονια
ⲥⲙⲟⲩ,αφθονος
ⲥⲙⲟⲩ,δοσις
ⲥⲙⲟⲩ,δωρεα
ⲥⲙⲟⲩ,δωρον
ⲥⲙⲟⲩ,επαινεω
ⲥⲙⲟⲩ,επαινος
ⲥⲙⲟⲩ,θησαυρος
ⲥⲙⲟⲩ,κτημα
ⲥⲙⲩⲣⲛⲏⲥ,σμυρνα
ⲥⲛⲁⲉⲓⲛ,πλαναω
ⲥⲛⲁⲧ,αδεης
ⲥⲛⲁⲧ,δειδω
ⲥⲛⲁⲧ,δεος
ⲥⲛⲁⲧ,φοβεω
ⲥⲛⲁⲧ,φοβος
ⲥⲛⲁϩ,δεσμος
ⲥⲛⲁϩ,πεδη
ⲥⲛⲕⲟⲩ,σογχος
ⲥⲛⲟϥ,αιμα
ⲥⲛⲟϥ,μιασμα
ⲥⲛⲟϥ,φονος
ⲥⲛⲧⲁⲍⲉ,συντασσω
ⲥⲛⲧⲉ,θεμελιος
ⲥⲛⲧⲉ,οιος
ⲥⲛⲧⲉ,παραδειγμα
ⲥⲟⲃⲧ,ερκος
ⲥⲟⲃⲧⲉ,παρασκευαζω
ⲥⲟⲃⲧⲉ,παρασκευη
ⲥⲟⲃⲧⲉ,σκευος
ⲥⲟⲇⲟⲙⲓⲧⲏⲥ,σοδομιτης
ⲥⲟⲉⲓⲧ,δουρικλειτος
ⲥⲟⲉⲓⲧ,ενδοξος
ⲥⲟⲉⲓⲧ,επιφανης
ⲥⲟⲉⲓⲧ,κλεινος
ⲥⲟⲉⲓϣ,ζευγος
ⲥⲟⲉⲓϥ,ανοητος
ⲥⲟⲉⲓϥ,αφρων
ⲥⲟⲓ,κιων
ⲥⲟⲓ,στηλη
ⲥⲟⲕⲥ,διαμενω
ⲥⲟⲕⲥ,διατελεω
ⲥⲟⲕⲥ,ληγω
ⲥⲟⲕⲥ,μενω
ⲥⲟⲕⲥ,ουκετι
ⲥⲟⲕⲥ,παυω
ⲥⲟⲗⲥⲉⲗ,κοσμος
ⲥⲟⲗⲥⲗ,παιδιη
ⲥⲟⲙⲥ,αλεομαι
ⲥⲟⲙⲥ,ζητεω
ⲥⲟⲙⲥ (ⲉⲃⲟⲗ),αξιοω
ⲥⲟⲙⲥ (ⲉⲃⲟⲗ),ελπιζω
ⲥⲟⲙⲥ (ⲉⲃⲟⲗ),προσδοκαω
ⲥⲟⲙϩ,αξων
ⲥⲟⲛ,αδελφιδεος
ⲥⲟⲛ,αδελφος
ⲥⲟⲛ,κασιγνητος
ⲥⲟⲛ,κηδεστης
ⲥⲟⲟⲩϩⲥ,αγων
ⲥⲟⲟⲩϩⲥ,αθλον
ⲥⲟⲟⲩϩⲥ,εισπραξις
ⲥⲟⲟⲩϩⲥ,λειος
ⲥⲟⲟⲩϩⲥ,λιθοτομια
ⲥⲟⲡ,αιτιος
ⲥⲟⲡ,εκαστοτε
ⲥⲟⲡ,καιρος
ⲥⲟⲡⲛⲓⲙ,αει
ⲥⲟⲡⲥ,αραομαι
ⲥⲟⲡⲥ,επηκοος
ⲥⲟⲡⲥ,ευχη
ⲥⲟⲡⲥ,ευχομαι
ⲥⲟⲡⲥ,λισσομαι
ⲥⲟⲣⲙⲉⲥ,αμαρτανω
ⲥⲟⲣⲙⲉⲥ,αμαρτημα
ⲥⲟⲣⲙⲉⲥ,αμαρτια
ⲥⲟⲣⲧ,αιξ
ⲥⲟⲣⲧ,τραγος
ⲥⲟⲧⲃⲉϥ,βελος
ⲥⲟⲧⲃⲉϥ,οπλον
ⲥⲟⲧⲃⲉϥ,οργαινω
ⲥⲟⲧⲃⲉϥ,οργανος
ⲥⲟⲧⲉ,κοπρος
ⲥⲟⲧⲡ,αμεινων
ⲥⲟⲧⲡ,αρειος
ⲥⲟⲧⲡ,βελτιων
ⲥⲟⲧⲡ,επιλεκτος
ⲥⲟⲧⲡ,κρεισσων
ⲥⲟⲧⲡⲓ,επιλεκτος
ⲥⲟⲩⲃⲏⲧ,ιδιος
ⲥⲟⲩⲃⲏⲧ,κοσμιος
ⲥⲟⲩⲇⲁⲣⲓⲟⲛ,σουδαριον
ⲥⲟⲩⲉⲛ,αξιος
ⲥⲟⲩⲉⲛ,τιμαω
ⲥⲟⲩⲉⲛ,τιμη
ⲥⲟⲩⲗⲓ,καταπετασμα
ⲥⲟⲩⲗⲓ,σκεπασμα
ⲥⲟⲩⲙⲁⲣⲉⲥ,σωμαριστον
ⲥⲟⲩⲟ,πολυπυρος
ⲥⲟⲩⲟ,πυρος
ⲥⲟⲩⲟ,σιτος
ⲥⲟⲩⲣⲉ,ακανθα
ⲥⲟⲩⲣⲉ,βελος
ⲥⲟⲩⲥⲟⲩ,αγνυμι
ⲥⲟⲩⲥⲟⲩ,αγω
ⲥⲟⲩⲥⲟⲩ,ηγεμων
ⲥⲟⲩⲥⲟⲩ,ηγεομαι
ⲥⲟⲩⲥⲟⲩ,στρατηλατεω
ⲥⲟⲩϫⲟⲩⲧⲏ,σουϫουτη
ⲥⲟⲫⲓⲁ,σοφια
ⲥⲟⲫⲓⲥⲧⲏⲥ,σοφιστης
ⲥⲟⲫⲟⲥ,σοφος
ⲥⲟⲫⲟⲥ,σοφοσ
ⲥⲡ-,ωρα
ⲥⲡⲁⲑⲓϯⲕⲟⲛ,σπαθιτικον
ⲥⲡⲁⲛⲟⲛ,σπανος
ⲥⲡⲁⲧⲁⲗⲁ,σπαταλα
ⲥⲡⲁⲧⲁⲗⲁ,σπαταλαω
ⲥⲡⲁⲧⲁⲗⲟⲥ,σπαταλος
ⲥⲡⲉⲕⲟⲩⲗⲁⲧⲱⲣ,σπεκουλατωρ
ⲥⲡⲉⲗⲉⲟⲛ,σπελεον
ⲥⲡⲉⲣⲙⲁ,σπερμα
ⲥⲡⲏⲗⲁⲓⲟⲛ,σπηλαιον
ⲥⲡⲓⲛⲑⲏⲣ,σπινθηρ
ⲥⲡⲓⲣⲁ,σπειρα
ⲥⲡⲓⲣⲁ,σπιρα
ⲥⲡⲗⲁⲅⲭⲛⲟⲛ,σπλαγχνον
ⲥⲡⲗⲏⲛ,σπλην
ⲥⲡⲟⲅⲅⲟⲥ,σπογγος
ⲥⲡⲟⲛⲇⲏ,σπονδη
ⲥⲡⲟⲛⲧⲓⲗⲟⲛ,σπονδαριον
ⲥⲡⲟⲣⲁ,σπορα
ⲥⲡⲟⲧⲟⲩ,αιγιαλος
ⲥⲡⲟⲧⲟⲩ,ακτη
ⲥⲡⲟⲧⲟⲩ,θις
ⲥⲡⲟⲧⲟⲩ,ξυρος
ⲥⲡⲟⲧⲟⲩ,περαιος
ⲥⲡⲟⲩⲇⲁⲍⲉ,σπουδαζε
ⲥⲡⲟⲩⲇⲁⲍⲉ,σπουδαζω
ⲥⲡⲟⲩⲇⲁⲓⲟⲥ,σπουδαιος
ⲥⲡⲟⲩⲇⲁⲓⲟⲥ,σπουδαιοσ
ⲥⲡⲟⲩⲇⲉⲟⲥ,σπουδεοσ
ⲥⲡⲟⲩⲇⲏ,σπουδη
ⲥⲣⲁϥ,τιτρωσκω
ⲥⲣⲁϥ,τραυμα
ⲥⲣⲁϥ,τραυματιας
ⲥⲣⲁϩ,οιος
ⲥⲣⲁϩ,παραδειγμα
ⲥⲣⲓⲧ,αρπαγη
ⲥⲣⲓⲧ,αρπαζω
ⲥⲣⲓⲧ,διαρπαζω
ⲥⲣⲙⲉ,αλητης
ⲥⲣⲛϩ,οφρυς
ⲥⲣⲟⲙⲣⲙ,αμαρτανω
ⲥⲣⲟⲙⲣⲙ,αμαρτημα
ⲥⲣⲟⲙⲣⲙ,αμαρτια
ⲥⲣⲟϥⲣϥ,επιπιπτω
ⲥⲣϥⲉ,ησυχια
ⲥⲣϥⲉ,σχολαζω
ⲥⲣϥⲉ,σχολη
ⲥⲧⲁⲅⲱⲛ,σταγων
ⲥⲧⲁⲇⲓⲟⲛ,σταδιον
ⲥⲧⲁⲑⲙⲓⲕⲟⲛ,σταθμικος
ⲥⲧⲁⲕⲧⲏ,στακτη
ⲥⲧⲁⲥⲓⲁⲍⲉ,στασιαζε
ⲥⲧⲁⲥⲓⲁⲍⲉ,στασιαζω
ⲥⲧⲁⲥⲓⲁⲥⲧⲏⲥ,στασιαστης
ⲥⲧⲁⲥⲓⲥ,στασις
ⲥⲧⲁⲥⲓⲥ,στασισ
ⲥⲧⲁⲧⲓⲕⲟⲛ,στατικος
ⲥⲧⲁⲩⲗⲟⲛ,σταβλον
ⲥⲧⲁⲩⲣⲟⲥ,σταυρος
ⲥⲧⲁⲩⲣⲟⲥ,σταυροσ
ⲥⲧⲁⲩⲣⲟⲩ,σταυρου
ⲥⲧⲁⲩⲣⲟⲩ,σταυροω
ⲥⲧⲁⲫⲩⲗⲏ,σταφυλη
ⲥⲧⲁϫⲟⲩⲗ,αραχνης
ⲥⲧⲉⲃⲁⲉⲓϩ,βελος
ⲥⲧⲉⲃⲁⲉⲓϩ,οπλον
ⲥⲧⲉⲃⲁⲉⲓϩ,οργαινω
ⲥⲧⲉⲃⲁⲉⲓϩ,οργανος
ⲥⲧⲉⲃⲁⲉⲓϩ,σκευος
ⲥⲧⲉⲓⲣⲁ,στειρα
ⲥⲧⲉⲛⲱⲥⲓⲥ,στενωσις
ⲥⲧⲉⲡⲧⲉⲣⲓⲁ,στυπτηρια
ⲥⲧⲉⲡⲧⲉⲣⲓⲁⲥ,στυπτηρια
ⲥⲧⲉⲣⲉⲱⲙⲁ,στερεωμα
ⲥⲧⲉⲫⲁⲛⲁ,στεφανα
ⲥⲧⲉⲫⲁⲛⲓⲧⲏⲥ,στεφανιτησ
ⲥⲧⲉⲫⲁⲛⲟⲥ,στεφανος
ⲥⲧⲉⲫⲁⲛⲟⲥ,στεφανοσ
ⲥⲧⲉⲫⲁⲛⲟⲩ,στεφανου
ⲥⲧⲉⲫⲁⲛⲟⲩ,στεφανοω
ⲥⲧⲉⲫⲁⲛⲟⲩⲫⲟⲣⲟⲥ,στεφανοφορος
ⲥⲧⲏⲗⲏ,στηλη
ⲥⲧⲏⲗⲗⲟⲥ,στυλος
ⲥⲧⲏⲗⲟⲅⲣⲁⲫⲓⲁ,στηλογραφια
ⲥⲧⲏⲙ,στιμμι
ⲥⲧⲓⲅⲙⲏ,στιγμη
ⲥⲧⲓⲍⲉ,στιζω
ⲥⲧⲓⲙⲉⲱⲥ,στιμμι
ⲥⲧⲓⲭⲉⲣⲟ(ⲛ),στιχηρον
ⲥⲧⲓⲭⲟⲥ,στιχος
ⲥⲧⲓⲭⲟⲥ,στιχοσ
ⲥⲧⲙⲏⲧ,ευπειθης
ⲥⲧⲟⲁ,στοα
ⲥⲧⲟⲓ,θυμιαμα
ⲥⲧⲟⲓ,οργιζω
ⲥⲧⲟⲓ,οσμη
ⲥⲧⲟⲓ,οσφραινομαι
ⲥⲧⲟⲓⲭⲉⲓ,στοιχεω
ⲥⲧⲟⲓⲭⲓⲟⲛ,στοιχειον
ⲥⲧⲟⲓⲭⲓⲟⲛ,στοιχιον
ⲥⲧⲟⲗⲏ,στολη
ⲥⲧⲟⲗⲓⲍⲉ,στολιζε
ⲥⲧⲟⲗⲓⲍⲉ,στολιζω
ⲥⲧⲟⲗⲟⲧⲟⲥ,στολοτος
ⲥⲧⲟⲙⲁⲧⲓⲕⲟⲛ,στοματικον
ⲥⲧⲟⲙⲁⲭⲟⲥ,στομαχος
ⲥⲧⲟⲛⲟⲥ,στονος
ⲥⲧⲣⲁⲧⲉⲓⲁ,στρατια
ⲥⲧⲣⲁⲧⲉⲩⲉ,στρατευω
ⲥⲧⲣⲁⲧⲉⲩⲙⲁ,στρατευμα
ⲥⲧⲣⲁⲧⲏⲅⲟⲥ,στρατηγος
ⲥⲧⲣⲁⲧⲏⲅⲟⲥ,στρατηγοσ
ⲥⲧⲣⲁⲧⲏⲗⲁⲧⲏⲥ,στρατηλατης
ⲥⲧⲣⲁⲧⲏⲗⲁⲧⲏⲥ,στρατηλατησ
ⲥⲧⲣⲁⲧⲓⲁ,στρατια
ⲥⲧⲣⲁⲧⲟⲛ,στρατον
ⲥⲧⲣⲁⲧⲱⲡⲉⲧⲱⲛ,στρατοπεδον
ⲥⲧⲣⲉⲃⲗⲟⲩ,στρεβλοω
ⲥⲧⲣⲟⲅⲓⲗⲗⲟⲥ,στρογγυλος
ⲥⲧⲣⲟⲩⲑⲟⲥ,στρουθοσ
ⲥⲧⲣⲱⲙⲁ,στρωμα
ⲥⲧⲩⲗⲏ,στυλη
ⲥⲧⲩⲗⲓⲧⲉⲩⲉ,στηλιτευω
ⲥⲧⲩⲗⲗⲟⲥ,στυλλοσ
ⲥⲧⲩⲗⲟⲥ,στυλος
ⲥⲧⲩⲗⲟⲥ,στυλοσ
ⲥⲧⲩⲣⲁⲝ,στυραξ
ⲥⲧⲩⲫⲏ,στυφη
ⲥⲧⲩⲭⲟⲥ,στυχοσ
ⲥⲩⲅⲅⲉⲛⲉⲓⲁ,συγγενεια
ⲥⲩⲅⲅⲉⲛⲏⲥ,συγγενης
ⲥⲩⲅⲅⲉⲛⲏⲥ,συγγενησ
ⲥⲩⲅⲅⲉⲛⲓⲁ,συγγενια
ⲥⲩⲅⲏ,ζυγη
ⲥⲩⲅⲕⲗⲏⲧⲓⲕⲏ,συγκλητικη
ⲥⲩⲅⲕⲣⲓⲙⲁ,συγκριμα
ⲥⲩⲅⲕⲣⲓⲛⲉ,συγκρινω
ⲥⲩⲅⲕⲣⲓⲥⲓⲥ,συγκρισις
ⲥⲩⲗⲁ,συλα
ⲥⲩⲗⲁ,συλαω
ⲥⲩⲗⲉⲩⲉ,συλαω
ⲥⲩⲙⲁⲛⲉ,συμανε
ⲥⲩⲙⲃⲟⲗⲏ,συμβολη
ⲥⲩⲙⲃⲟⲗⲟⲛ,συμβολον
ⲥⲩⲙⲃⲟⲗⲟⲥ,συμβουλος
ⲥⲩⲙⲃⲟⲩⲗⲉⲩⲉ,συμβουλευε
ⲥⲩⲙⲃⲟⲩⲗⲉⲩⲉ,συμβουλευω
ⲥⲩⲙⲃⲟⲩⲗⲓⲁ,συμβουλια
ⲥⲩⲙⲃⲟⲩⲗⲓⲟⲛ,συμβουλιον
ⲥⲩⲙⲙⲁⲭⲟⲥ,συμμαχος
ⲥⲩⲙⲙⲉⲧⲟⲭⲟⲥ,συμμετοχος
ⲥⲩⲙⲙⲉⲧⲟⲭⲟⲥ,συμμετοχοσ
ⲥⲩⲙⲡⲟⲥⲓⲟⲛ,συμποσιον
ⲥⲩⲙⲫⲁⲛⲉ,συμφανιζω
ⲥⲩⲙⲫⲁⲛⲓⲍⲉ,συμφανιζω
ⲥⲩⲙⲫⲉⲣⲉⲓ,συμφερω
ⲥⲩⲙⲫⲟⲣⲁ,συμφορα
ⲥⲩⲙⲫⲱⲛⲉⲓ,συμφωνει
ⲥⲩⲙⲫⲱⲛⲉⲓ,συμφωνεω
ⲥⲩⲙⲫⲱⲛⲓⲁ,συμφωνια
ⲥⲩⲙⲫⲱⲛⲟⲛ,συμφωνος
ⲥⲩⲙⲫⲱⲛⲟⲥ,συμφωνος
ⲥⲩⲛⲁⲅⲉ,συναγε
ⲥⲩⲛⲁⲅⲉ,συναγω
ⲥⲩⲛⲁⲅⲱⲅⲏ,συναγωγη
ⲥⲩⲛⲁⲓⲛⲉⲓ,συναινεω
ⲥⲩⲛⲁⲗⲗⲁⲅⲏ,συναλλαγη
ⲥⲩⲛⲁⲛⲧⲏⲙⲁ,συναντημα
ⲥⲩⲛⲁⲝⲓⲥ,συναξις
ⲥⲩⲛⲁⲝⲓⲥ,συναξισ
ⲥⲩⲛⲁⲣⲡⲁⲅⲏ,συναρπαγη
ⲥⲩⲛⲃⲟⲏⲑⲉⲓ,συμβοηθεω
ⲥⲩⲛⲃⲟⲏⲑⲓⲁ,συμβοηθεια
ⲥⲩⲛⲃⲟⲗⲏ,συμβολη
ⲥⲩⲛⲅⲉⲛⲏⲥ,συνγενησ
ⲥⲩⲛⲅⲛⲱⲙⲏ,συγγνωμη
ⲥⲩⲛⲅⲛⲱⲙⲏ,συνγνωμη
ⲥⲩⲛⲅⲣⲁⲫⲉⲩⲥ,συγγραφευς
ⲥⲩⲛⲅⲣⲁⲫⲉⲩⲥ,συνγραφευσ
ⲥⲩⲛⲇⲟⲛⲓⲟⲛ,σινδονιον
ⲥⲩⲛⲇⲟⲛⲓⲟⲛ,συνδονιον
ⲥⲩⲛⲉⲓⲇⲏⲥⲓⲥ,συνειδησις
ⲥⲩⲛⲉⲓⲇⲏⲥⲓⲥ,συνειδησισ
ⲥⲩⲛⲉⲥⲓⲥ,συνεσις
ⲥⲩⲛⲉⲩⲇⲟⲕⲉⲓ,συνευδοκεω
ⲥⲩⲛⲉⲭⲉ,συνεχω
ⲥⲩⲛⲍⲏⲧⲉⲓ,συζητεω
ⲥⲩⲛⲍⲏⲧⲏⲧⲏⲥ,συνζητητησ
ⲥⲩⲛⲍⲩⲅⲟⲥ,συζυγος
ⲥⲩⲛⲍⲩⲅⲟⲥ,συνζυγοσ
ⲥⲩⲛⲏⲇⲏⲥⲓⲥ,συνειδησις
ⲥⲩⲛⲏⲇⲏⲥⲓⲥ,συνηδησισ
ⲥⲩⲛⲏⲑⲉⲓⲁ,συνηθεια
ⲥⲩⲛⲏⲑⲓⲁ,συνηθια
ⲥⲩⲛⲏⲗⲑⲁⲓ,συνερχομαι
ⲥⲩⲛⲑⲉⲥⲓⲥ,συνθεσις
ⲥⲩⲛⲑⲏⲕⲏ,συνθηκη
ⲥⲩⲛⲑⲏⲧⲟⲛ,συνθετος
ⲥⲩⲛⲑⲩⲕⲏ,συνθυκη
ⲥⲩⲛⲕⲁⲑⲉⲇⲣⲟⲥ,συγκαθεδρος
ⲥⲩⲛⲕⲁⲧⲁⲃⲁ,συγκαταβαινω
ⲥⲩⲛⲕⲗⲏⲣⲟⲛⲟⲙⲟⲥ,συνκληρονομος
ⲥⲩⲛⲕⲗⲏⲧⲓⲕⲏ,συνκλητικη
ⲥⲩⲛⲕⲗⲏⲧⲓⲕⲟⲥ,συνκλητικοσ
ⲥⲩⲛⲕⲗⲏⲧⲟⲥ,συγκλητος
ⲥⲩⲛⲕⲗⲏⲧⲟⲥ,συνκλητοσ
ⲥⲩⲛⲕⲗⲓϯⲕⲟⲥ,συνκλιϯκοσ
ⲥⲩⲛⲟⲩⲥⲓⲁ,συνουσια
ⲥⲩⲛⲧⲁⲅⲏ,συνταγη
ⲥⲩⲛⲧⲁⲅⲙⲁ,συνταγμα
ⲥⲩⲛⲧⲁⲍⲉ,συντασσω
ⲥⲩⲛⲧⲉⲗⲉⲓ,συντελεω
ⲥⲩⲛⲧⲉⲗⲉⲓⲁ,συντελεια
ⲥⲩⲛⲧⲉⲗⲓⲁ,συντελια
ⲥⲩⲛⲧⲉⲭⲓⲁ,συντυχια
ⲥⲩⲛⲧⲓⲙⲁⲍⲉ,συντιμαζω
ⲥⲩⲛⲫⲱⲛⲏⲥⲓⲥ,συμφωνησις
ⲥⲩⲛⲫⲱⲛⲓⲛ,συνφωνιν
ⲥⲩⲛⲭⲱⲣⲉⲓ,συγχωρεω
ⲥⲩⲛⲭⲱⲣⲉⲓ,συνχωρει
ⲥⲩⲛⲭⲱⲣⲏⲥⲓⲥ,συγχωρησις
ⲥⲩⲛⲭⲱⲣⲏⲥⲓⲥ,συνχωρησισ
ⲥⲩⲛϩⲉⲇⲣⲓⲟⲛ,συνεδριον
ⲥⲩⲛϩⲉⲇⲣⲓⲟⲛ,συνϩεδριον
ⲥⲩⲛϩⲓⲥⲧⲁ,συνισταω
ⲥⲩⲛϩⲓⲥⲧⲁ,συνϩιστα
ⲥⲩⲛϩⲟⲇⲟⲥ,συνοδος
ⲥⲩⲣⲉ,συρω
ⲥⲩⲣⲓⲁ,συρια
ⲥⲩⲥⲥⲏⲙⲟⲛ,συσσημον
ⲥⲩⲥⲧⲁⲥⲓⲥ,συστασις
ⲥⲩⲥⲧⲓⲗⲉ,συστελλω
ⲥⲫⲁⲓⲣⲁ,σφαιρα
ⲥⲫⲁⲓⲣⲓⲕⲟⲛ,σφαιρικος
ⲥⲫⲉⲛⲇⲟⲛⲏ,σφενδονη
ⲥⲫⲉⲣⲁ,σφαιρα
ⲥⲫⲉⲣⲁ,σφερα
ⲥⲫⲟⲛⲅⲟⲥ,σφογγος
ⲥⲫⲟⲛⲇⲩⲗⲟⲥ,σφονδυλος
ⲥⲫⲣⲁⲅⲓⲍⲉ,σφραγιζε
ⲥⲫⲣⲁⲅⲓⲍⲉ,σφραγιζω
ⲥⲫⲣⲁⲅⲓⲍⲓⲛ,σφραγιζω
ⲥⲫⲣⲁⲅⲓⲥ,σφραγις
ⲥⲫⲣⲁⲅⲓⲥ,σφραγισ
ⲥⲭⲉⲇⲟⲛ,σχεδον
ⲥⲭⲉⲇⲱⲛ,σχεδων
ⲥⲭⲏⲙⲁ,σχημα
ⲥⲭⲓⲟⲛ,ισχιον
ⲥⲭⲓⲥⲙⲁ,σχισμα
ⲥⲭⲓⲥⲙⲁⲧⲓⲕⲟⲥ,σχισματικοσ
ⲥⲭⲓⲥⲧⲟⲩ,σχιστος
ⲥⲭⲓⲧⲁⲣⲓⲛ,σχεδαριον
ⲥⲭⲟⲓⲛⲓⲟⲛ,σχοινιον
ⲥⲭⲟⲓⲛⲟⲥ,σχοινος
ⲥⲭⲟⲗⲁⲍⲉ,σχολαζω
ⲥⲭⲟⲗⲁⲥⲧⲓⲕⲏ,σχολαστικη
ⲥⲭⲟⲗⲁⲥⲧⲓⲕⲟⲥ,σχολαστικος
ⲥⲭⲟⲗⲁⲥⲧⲓⲕⲟⲥ,σχολαστικοσ
ⲥⲭⲟⲗⲏ,σχολη
ⲥⲱ,εκπωμα
ⲥⲱ,συμποτης
ⲥⲱⲃⲉ,γελως
ⲥⲱⲃϩ,λεπρα
ⲥⲱⲇⲓⲟⲛ,ζωδιον
ⲥⲱⲕ,αγχου
ⲥⲱⲕ (ⲉϫⲛ-),προσειμι
ⲥⲱⲕ (ⲉϫⲛ-),προσερχομαι
ⲥⲱⲕ (ⲉϫⲛ-),ρεω
ⲥⲱⲕ (ⲛⲥⲁ-),ασσον
ⲥⲱⲕ (ⲛⲥⲁ-),ελκω
ⲥⲱⲕ (ⲛⲥⲁ-),ερυω
ⲥⲱⲕ (ⲛⲥⲁ-),πελαζω
ⲥⲱⲕ (ⲛⲥⲁ-),συλλογιζομαι
ⲥⲱⲕ (ϩⲁ-),ρεω
ⲥⲱⲕ (ϩⲁ-),υπο
ⲥⲱⲕ (ϩⲁ-),υποδρα
ⲥⲱⲕ ϩⲏⲧ,αναπειθω
ⲥⲱⲕ ϩⲏⲧ,πειθω
ⲥⲱⲕⲓ,αγειρω
ⲥⲱⲕⲓ,εκλεγω
ⲥⲱⲕⲓ,λογας
ⲥⲱⲕⲓ,συλλεγω
ⲥⲱⲕⲓ,συναγω
ⲥⲱⲗⲡ,λυω
ⲥⲱⲗⲡ,ρηγνυμι
ⲥⲱⲗⲡ (ⲉⲃⲟⲗ),βουλευω
ⲥⲱⲗⲡ (ⲉⲃⲟⲗ),κρινω
ⲥⲱⲙ,δαμαζω
ⲥⲱⲙ,ημερος
ⲥⲱⲙ,καταστρεφω
ⲥⲱⲙ,χειροω
ⲥⲱⲙⲁ,σωμα
ⲥⲱⲙⲁⲧⲓⲍⲉ,σωματιζω
ⲥⲱⲙⲁⲧⲓⲕⲏ,σωματικος
ⲥⲱⲙⲁⲧⲓⲕⲟⲛ,σωματικον
ⲥⲱⲙⲁⲧⲓⲕⲟⲛ,σωματικος
ⲥⲱⲙⲁⲧⲓⲕⲟⲥ,σωματικος
ⲥⲱⲙⲁⲧⲓⲟⲛ,σωματιον
ⲥⲱⲙⲁϯⲕⲟⲛ,σωμαϯκον
ⲥⲱⲙⲧ,αναμενω
ⲥⲱⲙⲧ,εκτεινω
ⲥⲱⲙⲧ,εφεδρευω
ⲥⲱⲙⲧ,μενω
ⲥⲱⲙⲧ,περιμενω
ⲥⲱⲙⲧ,συνδεομαι
ⲥⲱⲙⲧ,τεινω
ⲥⲱⲛⲉ,αδελφη
ⲥⲱⲛⲉ,κασιγνητη
ⲥⲱⲛⲧ,αναβλεπω
ⲥⲱⲛⲧ,εισοραω
ⲥⲱⲛⲧ,επιμελεομαι
ⲥⲱⲛⲧ,ζητεω
ⲥⲱⲛⲧ,ζητητεος
ⲥⲱⲛⲧ (ⲉⲃⲟⲗ),αναμενω
ⲥⲱⲛⲧ (ⲉⲃⲟⲗ),υπομενω
ⲥⲱⲛϩ,οριζω
ⲥⲱⲛϩ,ορος
ⲥⲱⲛϩ,πεδη
ⲥⲱⲛϩ,πεδιλον
ⲥⲱⲟⲩⲃⲉⲛ,ποα
ⲥⲱⲟⲩⲃⲉⲛ,χορτος
ⲥⲱⲟⲩϩ,αγοραομαι
ⲥⲱⲡ,βλεφαρον
ⲥⲱⲡⲉ,ξυρος
ⲥⲱⲣ,διανομη
ⲥⲱⲣ,σωρ
ⲥⲱⲣ (ⲉⲃⲟⲗ),αποδημεω
ⲥⲱⲣ (ⲉⲃⲟⲗ),δαιτης
ⲥⲱⲣ (ⲉⲃⲟⲗ),ετοιμος
ⲥⲱⲣ (ⲉⲃⲟⲗ),παρασκευαζω
ⲥⲱⲣⲙ,αμαρτανω
ⲥⲱⲣⲙ,αμαρτημα
ⲥⲱⲣⲙ,αμαρτια
ⲥⲱⲥ,ανατρεπω
ⲥⲱⲥ,καταλυω
ⲥⲱⲥⲑⲉⲛⲏⲥ,σωσθενησ
ⲥⲱⲧ,αφικνεομαι
ⲥⲱⲧ,εκτεινω
ⲥⲱⲧ,ικνεομαι
ⲥⲱⲧ,τεινω
ⲥⲱⲧⲉ,βοηθεω
ⲥⲱⲧⲉ,λυτρον
ⲥⲱⲧⲉ,λυω
ⲥⲱⲧⲉ,τιμη
ⲥⲱⲧⲏⲣ,σωτηρ
ⲥⲱⲧⲏⲣⲓⲁ,σωτηρια
ⲥⲱⲧⲙ,ανακρισις
ⲥⲱⲧⲙ (ⲛ-),πειθω
ⲥⲱⲧⲙ (ⲛ-),πειστεος
ⲥⲱⲧⲙ (ⲛ-),υπακουω
ⲥⲱⲧⲙ (ⲛⲥⲁ-),πειθω
ⲥⲱⲧⲙ (ⲛⲥⲁ-),πειστεος
ⲥⲱⲧⲙ (ⲛⲥⲁ-),υπακουω
ⲥⲱⲧⲡ,επιλεκτος
ⲥⲱⲧϥ,καθαρος
ⲥⲱⲱⲙⲉ,ευξεστος
ⲥⲱⲱⲙⲉ,ευξοος
ⲥⲱⲱⲙⲉ,ξεστος
ⲥⲱⲱϥ,μιασμα
ⲥⲱϣ,αιδως
ⲥⲱϣ,αισχρος
ⲥⲱϣ,αισχυνη
ⲥⲱϣ,αισχυνω
ⲥⲱϣ,ατιμαζω
ⲥⲱϣ,καταφρονεω
ⲥⲱϣ,καταφρονησις
ⲥⲱϣⲉ,αγρος
ⲥⲱϣⲉ,αρουρα
ⲥⲱϣⲉ,επιστρατευω
ⲥⲱϣⲉ,λειμων
ⲥⲱϣⲉ,στρατευω
ⲥⲱϣⲙ (ⲉ-),κοπος
ⲥⲱϣⲙ (ⲉ-),λυπεω
ⲥⲱϣⲧ,εμποδιζω
ⲥⲱϣⲧ,επεχω
ⲥⲱϣⲧ,κωλυω
ⲥⲱϣⲧ,παυω
ⲥⲱϣϥ,αιδως
ⲥⲱϣϥ,αισχρος
ⲥⲱϣϥ,αισχυνη
ⲥⲱϣϥ,αισχυνω
ⲥⲱϣϥ,ατιμαζω
ⲥⲱϣϥ,καταφρονεω
ⲥⲱϣϥ,καταφρονησις
ⲥⲱϩⲉ,υφαντης
ⲥⲱϩⲙ,ασσον
ⲥⲱϩⲙ,δυω
ⲥⲱϩⲙ,ελκω
ⲥⲱϩⲙ,ερυω
ⲥⲱϩⲙ,καταδυω
ⲥⲱϩⲙ,πελαζω
ⲥⲱϩⲙ,συλλογιζομαι
ⲥⲱϩⲡ,καταπινω
ⲥⲱϩⲡ,χελιδων
ⲥⲱϯⲟⲩⲛ,ζωδιον
ⲥϧⲓ ⲛϫⲓϫ,γραμματειον
ⲥϧⲓ ⲛϫⲓϫ,καταλογος
ⲥϩⲁⲓ,γραμμα
ⲥϩⲁⲓ,συγγραμμα
ⲥϩⲁⲓ (ⲉⲃⲟⲗ),εκφερω
ⲥϩⲁⲓ (ⲉϩⲟⲩⲛ),απογραφω
ⲥϩⲁⲓ (ⲉϩⲟⲩⲛ),εγγραφω
ⲥϩⲁⲓ (ⲉϩⲟⲩⲛ),επιγραφω
ⲥϩⲁⲓ (ⲛⲥⲁ-),επιγραφω
ⲥϩⲃⲏⲏⲧⲉ,στομα
ⲥϩⲓⲙⲉ,αλοχος
ⲥϩⲓⲙⲉ,γαμετη
ⲥϩⲓⲙⲉ,γραυς
ⲥϩⲓⲙⲉ,γυνη
ⲥϩⲓⲙⲉ,δαμαρ
ⲥϩⲓⲙⲉ,εγγυητος
ⲥϩⲓⲙⲉ,ματαιος
ⲥϩⲓⲙⲉ,πρεσβυτις
ⲥϩⲓⲙⲉ,ταλας
ⲥϯⲛⲟⲩϥⲉ,μυρον
ⲥϯⲭⲟⲥ,στιχος
ⲧⲁⲃⲓⲣ,ιερα
ⲧⲁⲅⲙⲁ,ταγμα
ⲧⲁⲉⲓⲟ,τιμαω
ⲧⲁⲉⲓⲟ,τιμη
ⲧⲁⲉⲓⲟ,τιω
ⲧⲁⲓ,αυτοθεν
ⲧⲁⲓ,δευρο
ⲧⲁⲓ,ενθενδε
ⲧⲁⲓ,εντευθεν
ⲧⲁⲓⲃⲉ,θηκη
ⲧⲁⲓⲃⲉ,λαρναξ
ⲧⲁⲓⲃⲉ,σορος
ⲧⲁⲓⲃⲉ,στερνον
ⲧⲁⲓⲃⲉ,στηθος
ⲧⲁⲓⲉⲙⲟⲩϯ,ασπαζομαι
ⲧⲁⲓⲙ,αμυνω
ⲧⲁⲓⲙ,αρηγω
ⲧⲁⲓⲙ,βοηθεια
ⲧⲁⲓⲙ,βοηθεω
ⲧⲁⲓⲙ,ωφελεω
ⲧⲁⲓⲙⲉ,αμυνω
ⲧⲁⲓⲙⲉ,αρηγω
ⲧⲁⲓⲙⲉ,βοηθεια
ⲧⲁⲓⲙⲉ,βοηθεω
ⲧⲁⲓⲙⲉ,ωφελεω
ⲧⲁⲓⲟⲩ,πεντακισμυριοι
ⲧⲁⲓⲟⲩ,πεντε
ⲧⲁⲓⲟⲩ,πεντηκοντα
ⲧⲁⲓⲟⲩ,πεντηκοντορος
ⲧⲁⲓⲟⲩⲙⲁϥ,ογδοηκοντα
ⲧⲁⲕ,ιστος
ⲧⲁⲕⲉ,οπταω
ⲧⲁⲕⲟ,απολλυμι
ⲧⲁⲕⲟ,απωλεια
ⲧⲁⲕⲟ,ολεθρος
ⲧⲁⲕⲟ,φθορα
ⲧⲁⲕⲧⲟ,περιμετρος
ⲧⲁⲗⲁⲓⲡⲟⲣⲉⲓ,ταλαιπωρεω
ⲧⲁⲗⲁⲓⲡⲱⲣⲓⲁ,ταλαιπωρια
ⲧⲁⲗⲁⲓⲡⲱⲣⲟⲛ,ταλαιπωρος
ⲧⲁⲗⲁⲓⲡⲱⲣⲟⲥ,ταλαιπωρος
ⲧⲁⲗⲁⲓⲡⲱⲣⲟⲥ,ταλαιπωροσ
ⲧⲁⲗⲉⲇⲱⲣⲟⲛ,ταλεδωρον
ⲧⲁⲗⲉⲑⲩⲥⲓⲁ,ταλεθυσια
ⲧⲁⲗⲉⲡⲣⲟⲥⲫⲟⲣⲁ,ταλεπροσφορα
ⲧⲁⲗⲉⲡⲱⲣⲓⲁ,ταλεπωρια
ⲧⲁⲗⲟ,αναθημα
ⲧⲁⲗⲟ,ολοκαυτωσις
ⲧⲁⲗⲟ,σπενδω
ⲧⲁⲗⲟ,χαριστηριος
ⲧⲁⲙⲉⲓⲟⲛ,ταμειον
ⲧⲁⲙⲓⲁⲥ,ταμιας
ⲧⲁⲙⲟ,αγορευω
ⲧⲁⲙⲟ,δηλοω
ⲧⲁⲙⲟ,διδασκω
ⲧⲁⲙⲟ,μηνυω
ⲧⲁⲙⲟ,πυνθανομαι
ⲧⲁⲙⲟ,φραζω
ⲧⲁⲛⲓⲥⲧⲏⲥ,δανειστης
ⲧⲁⲛϩⲟⲩⲧ,πιστευω
ⲧⲁⲝⲓⲥ,ταξις
ⲧⲁⲝⲓⲥ,ταξισ
ⲧⲁⲡ,κερας
ⲧⲁⲡ,σαλπιγξ
ⲧⲁⲡⲁⲛⲉⲩⲉ,δαπαναω
ⲧⲁⲡⲁⲛⲏ,δαπαναω
ⲧⲁⲡⲣⲟ,στομα
ⲧⲁⲣ,αιχμη
ⲧⲁⲣ,κλαδος
ⲧⲁⲣⲁⲥⲥⲉ,ταρασσε
ⲧⲁⲣⲁⲥⲥⲉ,ταρασσω
ⲧⲁⲣⲁⲭⲏ,ταραχη
ⲧⲁⲣⲁⲭⲟⲥ,ταραχος
ⲧⲁⲣⲓⲕ,ταριχος
ⲧⲁⲣⲓⲥⲉⲟⲥ,ταρσευς
ⲧⲁⲣⲓⲭⲓⲟⲛ,ταριχον
ⲧⲁⲣⲕⲟ,αντιβολεω
ⲧⲁⲣⲙⲟⲥ,θερμος
ⲧⲁⲣⲥⲟⲥ,ταρσοσ
ⲧⲁⲣⲧⲁⲣⲟⲛ,ταρταρος
ⲧⲁⲣⲧⲁⲣⲟⲥ,ταρταρος
ⲧⲁⲣⲧⲁⲣⲟⲥ,ταρταροσ
ⲧⲁⲣϣⲟ,αυξανω
ⲧⲁⲥⲥⲉ,τασσε
ⲧⲁⲥⲥⲉ,τασσω
ⲧⲁⲧϩⲟ,ακωλυτος
ⲧⲁⲧϩⲟ,εγκρατεια
ⲧⲁⲧϩⲟ,σωφροσυνος
ⲧⲁⲩⲉⲕⲁⲣⲡⲟⲥ,ταυεκαρποσ
ⲧⲁⲩⲟ,μεταπεμπω
ⲧⲁⲩⲟ,πρεσβεια
ⲧⲁⲩⲣⲟⲥ,ταυρος
ⲧⲁⲩⲣⲟⲥ,ταυροσ
ⲧⲁⲩⲧⲁ,ταυτα
ⲧⲁⲫⲙⲏ,αληθεια
ⲧⲁⲫⲙⲏ,αληθης
ⲧⲁⲫⲙⲏ,κεδνος
ⲧⲁⲫⲙⲏⲓ,βαπτιζω
ⲧⲁⲫⲙⲏⲓ,δητα
ⲧⲁⲫⲙⲏⲓ,ειπερ
ⲧⲁⲫⲙⲏⲓ,ετητυμος
ⲧⲁⲫⲙⲏⲓ,μαλα
ⲧⲁⲫⲙⲏⲓ,μεντοι
ⲧⲁⲫⲟⲥ,ταφος
ⲧⲁⲫⲟⲥ,ταφοσ
ⲧⲁⲭⲁ,ταχα
ⲧⲁⲭⲏ,ταχη
ⲧⲁⲭⲏ,ταχυνω
ⲧⲁⲭⲩ,ταχυ
ⲧⲁϣⲉⲟⲉⲓϣ,κηρυγμα
ⲧⲁϣⲉⲟⲉⲓϣ,κηρυσσω
ⲧⲁϣⲉⲟⲩⲱϣⲃ,αποκρινω
ⲧⲁϣⲉⲟⲩⲱϣⲃ,ειπον
ⲧⲁϣⲉⲟⲩⲱϣⲃ,φημι
ⲧⲁϣⲟ,αυξανω
ⲧⲁϩⲛⲟ,εμποδιζω
ⲧⲁϩⲛⲟ,κωλυω
ⲧⲁϩⲥ,αλειφω
ⲧⲁϩⲥ,μυρον
ⲧⲁϩⲧ,αγνυμι
ⲧⲁϩⲧ,αγω
ⲧⲁϩⲧ,ηγεομαι
ⲧⲁϩⲧ,στρατηλατεω
ⲧⲁϩⲧϩ,μειξις
ⲧⲁϩⲧϩ,συγχυσις
ⲧⲁϩⲧϩ,ταρασσω
ⲧⲁϩⲧϩ,ταραχη
ⲧⲁϫⲟ,γνωμη
ⲧⲁϫⲟ,καταψηφιζομαι
ⲧⲁϫⲟ,κρισις
ⲧⲁϭ,μαζα
ⲧⲁϭ,πλακους
ⲧⲁϭⲥⲉ,ιχνος
ⲧⲃⲃⲉ,σημαινω
ⲧⲃⲃⲉ,σφραγις
ⲧⲃⲃⲉ,φωκη
ⲧⲃⲃⲟ,καθαρμος
ⲧⲃⲃⲟ,καθαρος
ⲧⲃⲃⲟ,καθαρσις
ⲧⲃⲛⲏ,θηρ
ⲧⲃⲛⲏ,θηριον
ⲧⲃⲛⲏ,κτηνος
ⲧⲃⲧ,ιχθυς
ⲧⲉⲃⲓ,τελαμων
ⲧⲉⲓⲣⲏⲛⲏ,τειρηνη
ⲧⲉⲕⲉⲓⲁⲗ ⲉⲃⲟⲗ,λαμπω
ⲧⲉⲕⲉⲓⲁⲗ ⲉⲃⲟⲗ,φαεινος
ⲧⲉⲗⲉ,τελεω
ⲧⲉⲗⲉⲓⲁ,τελειος
ⲧⲉⲗⲉⲓⲟⲛ,τελειον
ⲧⲉⲗⲉⲓⲟⲛ,τελειος
ⲧⲉⲗⲉⲓⲟⲥ,τελειος
ⲧⲉⲗⲉⲓⲟⲥ,τελειοσ
ⲧⲉⲗⲉⲱⲥ,τελεως
ⲧⲉⲗⲏⲗ,ηδομαι
ⲧⲉⲗⲏⲗ,χαιρω
ⲧⲉⲗⲓ,τελεω
ⲧⲉⲗⲓⲟⲛ,τελιον
ⲧⲉⲗⲓⲟⲥ,τελιοσ
ⲧⲉⲗⲓⲟⲩ,τελειοω
ⲧⲉⲗⲟⲥ,τελος
ⲧⲉⲗⲟⲥ,τελοσ
ⲧⲉⲗⲱⲛⲏⲥ,τελωνης
ⲧⲉⲗⲱⲛⲏⲥ,τελωνησ
ⲧⲉⲗⲱⲛⲓⲟⲛ,τελωνιον
ⲧⲉⲙⲑⲁⲙ,ημιονος
ⲧⲉⲛϣⲓ,πληγη
ⲧⲉⲣⲉⲃⲓⲛⲑⲟⲥ,τερεβινθος
ⲧⲉⲣⲉⲃⲓⲛⲑⲟⲥ,τερεβινθοσ
ⲧⲉⲣⲡⲉ,τερπω
ⲧⲉⲣⲡⲉⲥⲑⲁⲓ,τερπω
ⲧⲉⲣⲧⲱⲣⲓ,αειδω
ⲧⲉⲣⲧⲱⲣⲓ,υμνεω
ⲧⲉⲣⲯⲓⲥ,τερψις
ⲧⲉⲥⲉⲣⲁⲕⲟⲥⲧⲉ,τεσσερακοστη
ⲧⲉⲥⲥⲁⲣⲉⲥⲕⲁⲓⲇⲉⲕⲁⲧⲏ,τεσσαρεσκαιδεκατος
ⲧⲉⲧⲁⲣⲧⲏⲥ,τεταρτος
ⲧⲉⲧⲁⲣⲧⲟⲛ,τεταρτος
ⲧⲉⲧⲣⲁⲅⲱⲛⲟⲛ,τετραγωνον
ⲧⲉⲧⲣⲁⲅⲱⲛⲟⲛ,τετραγωνος
ⲧⲉⲧⲣⲁⲡⲟⲇⲟⲛ,τετραποδος
ⲧⲉⲧⲣⲁⲡⲩⲗⲱⲛ,τετραπυλον
ⲧⲉⲧⲣⲁⲣⲭⲏⲥ,τετραρχης
ⲧⲉⲧⲣⲁⲥ,τετρας
ⲧⲉⲩⲧⲉⲣⲟⲛⲟⲙⲓⲟⲛ,δευτερονομιον
ⲧⲉⲩⲧⲉⲣⲟⲛⲟⲙⲟⲥ,δευτερονομος
ⲧⲉⲩⲭⲟⲥ,τευχοσ
ⲧⲉⲫⲣⲁ,τεφρα
ⲧⲉⲭⲛⲏ,τεχνη
ⲧⲉⲭⲛⲏⲧⲏⲥ,τεχνητησ
ⲧⲉⲭⲛⲓⲧⲏⲥ,τεχνιτης
ⲧⲉⲭⲛⲓⲧⲏⲥ,τεχνιτησ
ⲧⲉⲱⲥ,τεως
ⲧⲉⲱⲥ,τεωσ
ⲧⲉϣⲉ,γειτων
ⲧⲉϣⲉ,πλησιος
ⲧⲉϩⲛⲉ,μετωπον
ⲧⲏⲏⲃⲉ,δακτυλος
ⲧⲏⲙⲟⲥ,δημος
ⲧⲏⲛⲉ,χωμα
ⲧⲏⲡⲟⲥ,τηποσ
ⲧⲏⲣⲉⲓ,τηρεω
ⲧⲏⲣⲓ,τηρεω
ⲧⲏⲩ,αναπνεω
ⲧⲏⲩ,πνευμα
ⲧⲏⲩ,πνοη
ⲧⲓⲙⲁ,τιμα
ⲧⲓⲙⲁ,τιμαω
ⲧⲓⲙⲁⲛ,τιμαω
ⲧⲓⲙⲏ,τιμη
ⲧⲓⲙⲓⲱⲧⲁⲧⲟⲥ,τιμιωτατος
ⲧⲓⲙⲓⲱⲧⲏⲥ,τιμιοτης
ⲧⲓⲙⲟⲑⲉⲟⲥ,τιμοθεοσ
ⲧⲓⲙⲱⲣⲉⲓ,τιμωρει
ⲧⲓⲙⲱⲣⲉⲓ,τιμωρεω
ⲧⲓⲙⲱⲣⲓⲁ,τιμωρια
ⲧⲓⲣⲱⲛ,τιρων
ⲧⲓⲥⲕⲟⲥ,δισκος
ⲧⲓⲧⲗⲟⲥ,τιτλος
ⲧⲓⲧⲗⲟⲥ,τιτλοσ
ⲧⲕⲁⲓⲟ,εσχατος
ⲧⲕⲟⲩⲣ,ταχος
ⲧⲕⲟⲩⲣ,ταχυς
ⲧⲗⲟⲕⲗⲉⲕ,δακρυον
ⲧⲗⲟⲕⲗⲉⲕ,καθαιρεω
ⲧⲗⲟⲙ,αυλαξ
ⲧⲙⲉⲥⲓⲟ,απαλλασσω
ⲧⲙⲉⲥⲓⲟ,αποδιδωμι
ⲧⲙⲉⲥⲓⲟ,παραδιδωμι
ⲧⲙⲙⲟ,τρεφω
ⲧⲙⲙⲟ ⲉⲃⲟⲗ,τρεφω
ⲧⲙⲧⲙ,ηεροεις
ⲧⲙⲧⲙ,καπνος
ⲧⲙⲧⲙ,κνεφας
ⲧⲙⲧⲙ,σκοτος
ⲧⲙϩⲟ,θαλπος
ⲧⲙϩⲟ,θερμος
ⲧⲙϩⲟ,θερμοτης
ⲧⲙϩⲟ,καυμα
ⲧⲛⲛⲟⲟⲩ (ⲛⲥⲁ-),καλεω
ⲧⲛⲛⲟⲟⲩ (ⲛⲥⲁ-),μεταπεμπω
ⲧⲛⲛⲟⲟⲩ (ⲛⲥⲁ-),παρακαλεω
ⲧⲛϩ,δεξιος
ⲧⲛϩ,ευωνυμος
ⲧⲛϩ,κερας
ⲧⲛϩ,πτερον
ⲧⲛϩ,πτερυξ
ⲧⲟⲃⲧⲃ,κοσμος
ⲧⲟⲉ,παραχρημα
ⲧⲟⲉ,χωριον
ⲧⲟⲉⲓⲧ,γοος
ⲧⲟⲉⲓⲧ,θρηνος
ⲧⲟⲓ,τοι
ⲧⲟⲓⲛⲩⲛ,τοινυν
ⲧⲟⲕ,μαχαιρα
ⲧⲟⲕ,ξυρος
ⲧⲟⲕⲙⲁⲇⲓⲕⲟⲥ,δογματικος
ⲧⲟⲕⲙⲁⲧⲓⲕⲟⲛ,δογματικος
ⲧⲟⲕⲝⲟⲧⲟⲥ,τοξοτης
ⲧⲟⲗⲉⲙⲟⲛ,τελαμων
ⲧⲟⲗⲙⲁ,τολμα
ⲧⲟⲗⲙⲁ,τολμαω
ⲧⲟⲗⲙⲁⲛ,τολμαω
ⲧⲟⲗⲙⲉⲥⲓⲁ,τολμησια
ⲧⲟⲗⲙⲏ,τολμη
ⲧⲟⲗⲙⲏⲣⲓⲁ,τολμηρια
ⲧⲟⲗⲙⲏⲣⲟⲥ,τολμηρος
ⲧⲟⲗⲙⲏⲥⲓⲥ,τολμησις
ⲧⲟⲗⲟⲓⲡⲟⲛ,τολοιπον
ⲧⲟⲙⲁⲣⲓⲟⲛ,τομαριον
ⲧⲟⲙⲉⲥⲧⲓⲕⲟⲥ,δομεστικος
ⲧⲟⲙⲟⲥ,τομος
ⲧⲟⲙⲟⲥ,τομοσ
ⲧⲟⲛⲧⲛ,εικων
ⲧⲟⲛⲧⲛ,μαντειον
ⲧⲟⲛⲧⲛ,μαντευμα
ⲧⲟⲛⲧⲛ,ομοιοτης
ⲧⲟⲛⲧⲛ,χρησμος
ⲧⲟⲛⲧⲛ,χρηστηριος
ⲧⲟⲛⲱ,παιω
ⲧⲟⲛⲱ,τυπτω
ⲧⲟⲟⲃⲉϥ,εινοσιφυλλος
ⲧⲟⲟⲃⲉϥ,φυλλας
ⲧⲟⲟⲩ,αυτομολεω
ⲧⲟⲟⲩ,ερημια
ⲧⲟⲟⲩ,ερημος
ⲧⲟⲟⲩ,ερημοω
ⲧⲟⲟⲩ,ορειος
ⲧⲟⲟⲩ,ορος
ⲧⲟⲟⲩ,ψαμμος
ⲧⲟⲟⲩⲉ,πεδιλον
ⲧⲟⲟⲩⲉ,σκυτικος
ⲧⲟⲟⲩⲉ,υποδημα
ⲧⲟⲟⲩⲧⲉ,αγοραομαι
ⲧⲟⲟⲩⲧⲉ,εκκλησια
ⲧⲟⲡ,κολπος
ⲧⲟⲡ,ξυρος
ⲧⲟⲡⲁⲇⲓⲟⲛ,τοπαζιον
ⲧⲟⲡⲟⲡⲓⲟⲥ,τοποποιος
ⲧⲟⲡⲟⲥ,τοπος
ⲧⲟⲡⲟⲥ,τοποσ
ⲧⲟⲡⲟⲩ,αμοιβη
ⲧⲟⲡⲥ,εθιζω
ⲧⲟⲡⲥ,εθος
ⲧⲟⲡⲥ,εθω
ⲧⲟⲡⲥ,εξις
ⲧⲟⲡⲥ,επιτηδευμα
ⲧⲟⲡⲥ,νομιμος
ⲧⲟⲡⲥ,νομος
ⲧⲟⲡⲥ,πατριος
ⲧⲟⲧⲉ,τοτε
ⲧⲟⲩ,του
ⲧⲟⲩⲓⲟⲩ,αποδιδωμι
ⲧⲟⲩⲛⲉⲓⲁⲧ⸗ ⲉⲃⲟⲗ,δηλοω
ⲧⲟⲩⲛⲉⲓⲁⲧ⸗ ⲉⲃⲟⲗ,διδασκω
ⲧⲟⲩⲛⲉⲓⲁⲧ⸗ ⲉⲃⲟⲗ,μηνυω
ⲧⲟⲩⲛⲉⲓⲁⲧ⸗ ⲉⲃⲟⲗ,παιδευω
ⲧⲟⲩⲛⲉⲓⲁⲧ⸗ ⲉⲃⲟⲗ,πυνθανομαι
ⲧⲟⲩⲟ,διδασκω
ⲧⲟⲩⲟ,μανθανω
ⲧⲟⲩⲟ,παιδευω
ⲧⲟⲩⲟ,πυνθανομαι
ⲧⲟⲩⲟⲥ,αιχμη
ⲧⲟⲩⲣⲉ,αντιδικος
ⲧⲟⲩⲣⲉ,αντιπαλος
ⲧⲟⲩⲧⲟ,τουτο
ⲧⲟⲩⲱⲧ,ειδωλον
ⲧⲟⲩⲱⲧ,ηρωος
ⲧⲟⲩⲱⲧ,ιερα
ⲧⲟⲩⲱⲧ,κιων
ⲧⲟⲩⲱⲧ,ναος
ⲧⲟⲩⲱⲧ,στηλη
ⲧⲟⲩⲱ⸗,κολπος
ⲧⲟⲩϫⲟ,ασφαλεια
ⲧⲟⲩϫⲟ,ασφαλης
ⲧⲟⲩϫⲟ,σωζω
ⲧⲟⲩϫⲟ,σωτηρια
ⲧⲟϣ,εθνος
ⲧⲟϣ,επαρχια
ⲧⲟϣ,ομορος
ⲧⲟϣ,ορεινος
ⲧⲟϣ,ορος
ⲧⲟϣ,περαω
ⲧⲟϣ,προαστειος
ⲧⲟϣ,συναπτω
ⲧⲟϣ,τοπος
ⲧⲟϣ,χωριον
ⲧⲣⲁⲓⲁⲛⲟⲥ,τραιανοσ
ⲧⲣⲁⲓⲛⲟⲥ,τραινοσ
ⲧⲣⲁⲕⲁⲕⲁⲛⲑⲉ,τραγακανθα
ⲧⲣⲁⲕⲁⲕⲁⲛⲑⲏⲥ,τραγακανθα
ⲧⲣⲁⲡⲉⲇⲏⲥ,δραπετης
ⲧⲣⲁⲡⲉⲍⲁ,τραπεζα
ⲧⲣⲁⲡⲏⲍⲓⲧⲏⲥ,τραπεζιτης
ⲧⲣⲁⲭⲟⲙⲁ,τραχωμα
ⲧⲣⲁϩ,αλγος
ⲧⲣⲁϩ,αχος
ⲧⲣⲁϩ,λυπη
ⲧⲣⲁϩ,πενθος
ⲧⲣⲁϩ,υπονοια
ⲧⲣⲁϩ,υποπτευω
ⲧⲣⲁϩ,υποπτος
ⲧⲣⲁϩ,υποψια
ⲧⲣⲉ,ικτινος
ⲧⲣⲉⲫⲉⲥⲑⲁⲓ,τρεφω
ⲧⲣⲓⲁⲇⲓⲕⲟⲛ,τριαδικος
ⲧⲣⲓⲁⲉ,τριαε
ⲧⲣⲓⲁⲥ,τριας
ⲧⲣⲓⲁⲥ,τριασ
ⲧⲣⲓⲃⲉ,τριβω
ⲧⲣⲓⲃⲏ,τριβη
ⲧⲣⲓⲃⲟⲗⲗⲟⲥ,τριβολος
ⲧⲣⲓⲃⲟⲩⲛⲟⲥ,τριβουνος
ⲧⲣⲓⲃⲟⲩⲛⲟⲥ,τριβουνοσ
ⲧⲣⲓⲅⲉⲛⲉⲑⲗⲟⲥ,τριγενεθλος
ⲧⲣⲓⲅⲉⲛⲏⲥ,τριγενης
ⲧⲣⲓⲇⲩⲛⲁⲙⲓⲥ,τριδυναμις
ⲧⲣⲓⲇⲩⲛⲁⲙⲓⲥ,τριδυναμισ
ⲧⲣⲓⲇⲩⲛⲁⲙⲟⲥ,τριδυναμος
ⲧⲣⲓⲇⲩⲛⲁⲙⲟⲥ,τριδυναμοσ
ⲧⲣⲓⲕⲟⲛ,τρυγων
ⲧⲣⲓⲙⲏⲥⲓⲟⲛ,τριμησιον
ⲧⲣⲓⲡⲛⲉⲩⲙⲁⲧⲟⲥ,τριπνευματος
ⲧⲣⲓⲡⲛⲉⲩⲙⲁⲧⲟⲥ,τριπνευματοσ
ⲧⲣⲓⲡⲟⲥ,τριπους
ⲧⲣⲓⲥⲁⲣⲥⲏⲥ,τρισαρσης
ⲧⲣⲓⲥⲕⳇ,τρεισκαιδεκατος
ⲧⲣⲓⲥⲙⲁⲕⲁⲣⲓⲟⲥ,τρισμακαριος
ⲧⲣⲓⲥⲙⲉⲅⲓⲥⲧⲉ,τρισμεγιστος
ⲧⲣⲓⲥⲙⲉⲅⲓⲥⲧⲟⲥ,τρισμεγιστος
ⲧⲣⲓⲥϩⲁⲅⲓⲉ,τρισαγιος
ⲧⲣⲓⲧⲏⲥ,τριτος
ⲧⲣⲓⲧⲟⲛ,τριτος
ⲧⲣⲟⲡ,πληγη
ⲧⲣⲟⲡⲉⲟⲛ,τροπαιον
ⲧⲣⲟⲡⲟⲥ,τροπος
ⲧⲣⲟⲡⲟⲥ,τροποσ
ⲧⲣⲟⲡⲣⲉⲡ,εδω
ⲧⲣⲟⲡⲣⲉⲡ,κατεσθιω
ⲧⲣⲟⲩⲁⲛ,τυρος
ⲧⲣⲟⲩⲟⲉⲓⲛ,λαμπω
ⲧⲣⲟⲩⲟⲉⲓⲛ,φαεινος
ⲧⲣⲟⲫⲏ,τροφη
ⲧⲣⲟⲭⲓⲥⲕⲟⲥ,τροχισκος
ⲧⲣⲟⲭⲟⲥ,τροχος
ⲧⲣⲟⲭⲟⲥ,τροχοσ
ⲧⲣⲟ⸗,ανατρεπω
ⲧⲣⲟ⸗,παραβαινω
ⲧⲣⲣⲉ ϩⲏⲧ (ⲛ-),αδεης
ⲧⲣⲣⲉ ϩⲏⲧ (ⲛ-),δειδω
ⲧⲣⲣⲉ ϩⲏⲧ (ⲛ-),δεος
ⲧⲣⲣⲉ ϩⲏⲧ (ⲛ-),φοβεω
ⲧⲣⲣⲉ ϩⲏⲧ (ⲛ-),φοβος
ⲧⲣⲩⲫⲁ,τρυφα
ⲧⲣⲩⲫⲁ,τρυφαω
ⲧⲣⲩⲫⲏ,τρυφη
ⲧⲣⲩⲫⲩⲣⲓⲟⲛ,τρυφερος
ⲧⲥⲁⲃⲟ ⲛⲉⲓⲁⲧ⸗ ⲉⲃⲟⲗ,δηλοω
ⲧⲥⲁⲃⲟ ⲛⲉⲓⲁⲧ⸗ ⲉⲃⲟⲗ,διδασκω
ⲧⲥⲁⲃⲟ ⲛⲉⲓⲁⲧ⸗ ⲉⲃⲟⲗ,μηνυω
ⲧⲥⲁⲃⲟ ⲛⲉⲓⲁⲧ⸗ ⲉⲃⲟⲗ,παιδευω
ⲧⲥⲁⲃⲟ ⲛⲉⲓⲁⲧ⸗ ⲉⲃⲟⲗ,πυνθανομαι
ⲧⲥⲁⲙⲓⲟ,κοσμεω
ⲧⲥⲃⲕⲟ,μικροτης
ⲧⲥⲃⲕⲟ,ολιγοτης
ⲧⲥⲓⲟ,εζομαι
ⲧⲥⲛⲕⲟ,γαλα
ⲧⲥⲟⲩⲧⲥⲟⲩ,γελως
ⲧⲩⲙⲡⲁⲛⲟⲛ,τυμπανον
ⲧⲩⲡⲟⲥ,τυπος
ⲧⲩⲡⲟⲥ,τυποσ
ⲧⲩⲡⲟⲩ,τυποω
ⲧⲩⲣⲁⲛⲛⲟⲥ,τυραννος
ⲧⲩⲣⲁⲛⲛⲟⲥ,τυραννοσ
ⲧⲩⲣⲟⲥ,τυροσ
ⲧⲩⲫⲱⲛ,τυφων
ⲧⲩⲭⲏ,τυχη
ⲧⲫⲉⲣⲓⲟ,διαφθειρω
ⲧⲫⲉⲣⲓⲟ,εκβαλλω
ⲧⲫⲉⲣⲓⲟ,εξελαυνω
ⲧⲱⲃϩ,αραομαι
ⲧⲱⲃϩ,επηκοος
ⲧⲱⲃϩ,ευχη
ⲧⲱⲃϩ,ευχομαι
ⲧⲱⲃϩ,λισσομαι
ⲧⲱⲇⲓⲕⲁⲓⲧⲏⲥ,δωδεκατος
ⲧⲱⲕ (ⲉϩⲟⲩⲛ),θαρσεω
ⲧⲱⲕ (ⲉϩⲟⲩⲛ),πιστευω
ⲧⲱⲕ (ⲉϩⲟⲩⲛ),πιστις
ⲧⲱⲕ ⲛϩⲏⲧ,θαρσεω
ⲧⲱⲕ ⲛϩⲏⲧ,πιστευω
ⲧⲱⲕ ⲛϩⲏⲧ,πιστις
ⲧⲱⲕⲓⲙⲁⲥⲓⲁ,δοκιμασια
ⲧⲱⲕⲙ,ασσον
ⲧⲱⲕⲙ,ελκω
ⲧⲱⲕⲙ,ερυω
ⲧⲱⲕⲙ,πελαζω
ⲧⲱⲕⲙ,συλλογιζομαι
ⲧⲱⲕⲥ,διαλυω
ⲧⲱⲕⲥ,διαπρυσιος
ⲧⲱⲕⲥ,κατοικια
ⲧⲱⲕⲥ,κτισμα
ⲧⲱⲗⲙ,μιασμα
ⲧⲱⲙ (ⲉⲣⲛ-),χαλινος
ⲧⲱⲙⲥ,θαπτω
ⲧⲱⲙⲧ,θαμβος
ⲧⲱⲙⲧ,σεβας
ⲧⲱⲛ,αμφισβητεω
ⲧⲱⲛ,αμφισβητησις
ⲧⲱⲛⲟⲩ,ουδαμος
ⲧⲱⲛⲟⲩ,παροξυνω
ⲧⲱⲛϥ,αναστασις
ⲧⲱⲟⲩⲛ,αναστασις
ⲧⲱⲟⲩⲛ (ϩⲁ-),αγω
ⲧⲱⲟⲩⲛ (ϩⲁ-),αποφερω
ⲧⲱⲟⲩⲛ (ϩⲁ-),κομιζω
ⲧⲱⲟⲩⲛ (ϩⲁ-),φερω
ⲧⲱⲡ,εθος
ⲧⲱⲡ,νομιμος
ⲧⲱⲡ,νομος
ⲧⲱⲡ,πατριος
ⲧⲱⲡⲉ,γευω
ⲧⲱⲣⲧⲣ,κλιμαξ
ⲧⲱⲣϧ,αλειφω
ⲧⲱⲣϧ,χριω
ⲧⲱⲣϩ,σωφροσυνος
ⲧⲱⲧ,ομολογεω
ⲧⲱⲧ,ομολογια
ⲧⲱⲧ,ομονοια
ⲧⲱⲧ,συγγραφη
ⲧⲱⲧ,συνθηκη
ⲧⲱⲧ ⲛϩⲏⲧ,αγαπαω
ⲧⲱⲧ ⲛϩⲏⲧ,αναπειθω
ⲧⲱⲧ ⲛϩⲏⲧ,αρεσκω
ⲧⲱⲧ ⲛϩⲏⲧ,αρκεω
ⲧⲱⲧ ⲛϩⲏⲧ,εθελω
ⲧⲱⲧ ⲛϩⲏⲧ,εκων
ⲧⲱⲧ ⲛϩⲏⲧ,ομολογεω
ⲧⲱⲧ ⲛϩⲏⲧ,πειθω
ⲧⲱⲧ ⲛϩⲏⲧ,συγχωρεω
ⲧⲱⲧ ⲛϩⲏⲧ,συνδοκεω
ⲧⲱⲧ ⲛϩⲏⲧ,συντιθημι
ⲧⲱⲧⲉ,ομορος
ⲧⲱⲧⲉ,συναπτω
ⲧⲱⲧⲥ,τωτσ
ⲧⲱⲱⲃⲉ,αμοιβη
ⲧⲱⲱⲙⲉ,αρκυς
ⲧⲱⲱⲙⲉ,βαλλαντιον
ⲧⲱⲱⲙⲉ,πηρα
ⲧⲱⲱϭⲉ,συναπτω
ⲧⲱⲱϭⲉ,φυτευω
ⲧⲱⲱϭⲉ,φυτος
ⲧⲱⲱϭⲉ ⲉⲃⲟⲗ,εκφερω
ⲧⲱϣ,ευεξια
ⲧⲱϣ,μοιρα
ⲧⲱϣ,παθος
ⲧⲱϣ,ποτμος
ⲧⲱϣ,τευχω
ⲧⲱϣ (ⲉ-),τασσω
ⲧⲱϩ,μειξις
ⲧⲱϩ,ταραχη
ⲧⲱϩⲥ,αλειφω
ⲧⲱϭⲛ,αμυνω
ⲧⲱϭⲛ,ωθεω
ⲧϩⲓⲕⲱⲛ,τϩικων
ⲧϩⲟ,κακια
ⲧϩⲟ,πονηρια
ⲧϩⲡⲟ,ακολουθεω
ⲧϩⲡⲟ,επομαι
ⲧϫⲁⲓⲟ,θριαμβευω
ⲧϫⲁⲓⲟ,θριαμβος
ⲧϭⲁⲓⲟ,αισχρος
ⲧϭⲁⲓⲟ,καταισχυνω
ⲧϭⲁⲓⲟ,ονειδος
ⲩⲃⲣⲓⲥ,υβρις
ⲩⲇⲱⲣ,υδωρ
ⲩⲓⲟⲑⲉⲥⲓⲁ,υιοθεσια
ⲩⲓⲟⲥ,υιος
ⲩⲓⲟⲩ,ιος
ⲩⲟⲥ,ιος
ⲩⲟⲩ,ιος
ⲩⲡⲁⲧⲁⲕⲧⲓⲕⲟⲛ,υποτακτικον
ⲩⲡⲉⲣⲁⲥⲁⲗⲉⲩⲧⲟⲥ,υπερασαλευτος
ⲩⲡⲟⲭⲟⲛⲇⲣⲓⲟⲥ,υποχονδριος
ⲫⲁⲕⲓⲁⲣⲓⲟⲛ,φακιαλιον
ⲫⲁⲛⲉⲣⲓⲟⲥ,φανεριος
ⲫⲁⲛⲉⲣⲟⲛ,φανερος
ⲫⲁⲛⲉⲣⲟⲥ,φανερος
ⲫⲁⲛⲉⲣⲟⲩ,φανεροω
ⲫⲁⲛⲉⲣⲱⲥ,φανερωσ
ⲫⲁⲛⲉⲣⲱⲥⲓⲥ,φανερωσις
ⲫⲁⲛⲟⲥ,φανος
ⲫⲁⲛⲟⲥ,φανοσ
ⲫⲁⲛⲧⲁⲍⲉⲥⲑⲁⲓ,φανταζω
ⲫⲁⲛⲧⲁⲥⲓⲁ,φαντασια
ⲫⲁⲛⲧⲁⲥⲙⲁ,φαντασμα
ⲫⲁⲣⲁⲅⲝ,φαραγξ
ⲫⲁⲣⲓⲥⲁⲓⲟⲥ,φαρισαιος
ⲫⲁⲣⲓⲥⲁⲓⲟⲥ,φαρισαιοσ
ⲫⲁⲣⲓⲥⲉⲟⲥ,φαρισεοσ
ⲫⲁⲣⲓⲥⲥⲁⲓⲟⲥ,φαρισσαιοσ
ⲫⲁⲣⲙⲁⲅⲓⲁ,φαρμαγια
ⲫⲁⲣⲙⲁⲅⲓⲁ,φαρμακεια
ⲫⲁⲣⲙⲁⲅⲟⲛ,φαρμακoν
ⲫⲁⲣⲙⲁⲅⲟⲥ,φαρμαγοσ
ⲫⲁⲣⲙⲁⲅⲟⲥ,φαρμακoν
ⲫⲁⲣⲙⲁⲕⲓⲁ,φαρμακεια
ⲫⲁⲣⲣⲓⲥⲁⲓⲟⲥ,φαρρισαιοσ
ⲫⲁⲣⲫⲉⲣⲓϧ,γοης
ⲫⲁⲥⲅⲓⲁ,φασγια
ⲫⲁⲥⲓⲗⲉ,φασηλος
ⲫⲁⲥⲓⲗⲓⲁ,φασηλιον
ⲫⲁⲥⲓⲥ,φασις
ⲫⲁⲥⲕⲓⲁ,φασκια
ⲫⲁⲧⲛⲱⲙⲁ,φατνωμα
ⲫⲁⲩⲗⲟⲥ,φαυλος
ⲫⲁϧⲉⲣ,ακος
ⲫⲁϧⲉⲣ,θεραπεια
ⲫⲁϧⲉⲣ,θεραπευω
ⲫⲁϧⲉⲣ,ιαομαι
ⲫⲉⲅⲅⲟⲕⲁⲧⲟⲭⲟⲥ,φεγγοκατοχος
ⲫⲉⲗ,κυαμος
ⲫⲉⲙⲁⲛⲁⲣⲓⲟⲛ,φημιναλιον
ⲫⲉⲙⲉⲣⲁⲛⲓⲱⲛ,εφημερανιον
ⲫⲉⲛⲉⲥⲑⲁⲓ,φαινω
ⲫⲉⲣⲉⲍⲁⲓⲟⲥ,φερεζαιος
ⲫⲑⲟⲛⲉⲓ,φθονει
ⲫⲑⲟⲛⲉⲓ,φθονεω
ⲫⲑⲟⲛⲏⲣⲓⲁ,φθονερια
ⲫⲑⲟⲛⲏⲣⲟⲥ,φθονερος
ⲫⲑⲟⲛⲓⲛ,φθονεω
ⲫⲑⲟⲛⲟⲥ,φθονος
ⲫⲑⲟⲛⲟⲥ,φθονοσ
ⲫⲓⲁⲗⲏ,φιαλη
ⲫⲓⲏ,ανθεω
ⲫⲓⲏ,ανθος
ⲫⲓⲕⲉ,φευγω
ⲫⲓⲗⲁⲅⲣⲓⲟⲥ,φιλαγριοσ
ⲫⲓⲗⲉⲥⲧⲁⲧⲟⲥ,φιλεστατος
ⲫⲓⲗⲓⲕⲣⲓⲛⲏⲥ,ειλικρινης
ⲫⲓⲗⲓⲡⲡⲟⲥ,φιλιπποσ
ⲫⲓⲗⲓⲧⲣⲟⲛ,φιλτρον
ⲫⲓⲗⲟⲇⲱⲛⲓⲁ,φιλοδωνια
ⲫⲓⲗⲟⲑⲉⲟⲥ,φιλοθεοσ
ⲫⲓⲗⲟⲕⲁⲗⲉⲓ,φιλοκαλεω
ⲫⲓⲗⲟⲕⲁⲗⲓⲁ,φιλοκαλια
ⲫⲓⲗⲟⲛⲓⲕⲏ,φιλονικεω
ⲫⲓⲗⲟⲛⲓⲟⲛ,φιλονιον
ⲫⲓⲗⲟⲡⲁⲧⲱⲣ,φιλοπατωρ
ⲫⲓⲗⲟⲥⲟⲫⲓ,φιλοσοφεω
ⲫⲓⲗⲟⲥⲟⲫⲓⲁ,φιλοσοφια
ⲫⲓⲗⲟⲥⲟⲫⲟⲥ,φιλοσοφος
ⲫⲓⲗⲟⲥⲟⲫⲟⲥ,φιλοσοφοσ
ⲫⲓⲣⲓ (ⲉ),αγορευω
ⲫⲓⲣⲓ (ⲉ),αναγορευω
ⲫⲓⲣⲓ (ⲉ),κηρυσσω
ⲫⲓⲣⲓ (ⲉ),φραζω
ⲫⲗⲉⲕⲙⲁ,φλεγμα
ⲫⲗⲉⲕⲙⲁ,φλεγμαινω
ⲫⲗⲉⲕⲙⲁⲧⲓⲥ,φλεγματις
ⲫⲗⲉⲯ,φλεψ
ⲫⲗⲟⲓⲁⲣⲓⲁ,φλυαρια
ⲫⲗⲩⲁⲣⲟⲥ,φλυαρος
ⲫⲛⲓⲕⲝⲟⲛ,φοινιξ
ⲫⲟⲃⲟⲥ,φοβος
ⲫⲟⲓⲛⲓⲕⲏ,φοινικη
ⲫⲟⲓⲛⲓⲝ,φοινιξ
ⲫⲟⲗϩϥ,τιτρωσκω
ⲫⲟⲗϩϥ,τραυμα
ⲫⲟⲗϩϥ,τραυματιας
ⲫⲟⲛⲉⲩⲥ,φονευς
ⲫⲟⲛⲉⲩⲥ,φονευσ
ⲫⲟⲛⲟⲥ,φονος
ⲫⲟⲛⲟⲥ,φονοσ
ⲫⲟⲛϩⲥ,μεθιστημι
ⲫⲟⲛϩⲥ,μεταβαλλω
ⲫⲟⲛϩⲥ,μεταβολη
ⲫⲟⲛϩⲥ,μετατιθημι
ⲫⲟⲣⲉⲓ,φορει
ⲫⲟⲣⲉⲓ,φορεω
ⲫⲟⲣⲓⲛ,φορεω
ⲫⲟⲣⲟⲥ,φορος
ⲫⲟⲣⲡⲉⲣ,αναπεταννυμι
ⲫⲟⲣⲡⲉⲣ,ανοιγνυμι
ⲫⲟⲣⲡⲉⲣ,λυω
ⲫⲟⲣⲡⲉⲣ,πελαγος
ⲫⲟⲣⲡⲉⲣ,υπαιθριος
ⲫⲟⲣⲡⲉⲣ,φανερος
ⲫⲟⲣⲧⲓⲟⲛ,φορτιον
ⲫⲟⲥ,φως
ⲫⲟⲩⲛⲟⲟⲩⲉ,φωνη
ⲫⲣⲁⲅⲉⲗⲗⲓⲟⲛ,φραγελλιον
ⲫⲣⲁⲅⲉⲗⲗⲟⲩ,φραγελλου
ⲫⲣⲁⲅⲉⲗⲗⲟⲩ,φραγελλοω
ⲫⲣⲁⲅⲓⲍⲉ,φραγιζε
ⲫⲣⲁⲅⲙⲁ,φραγμα
ⲫⲣⲁⲅⲙⲟⲥ,φραγμος
ⲫⲣⲁⲅⲙⲟⲥ,φραγμοσ
ⲫⲣⲁⲥⲓⲥ,φρασις
ⲫⲣⲓⲕⲧⲏⲥ,φρυκτη
ⲫⲣⲟⲛⲏⲥⲓⲥ,φρονησις
ⲫⲣⲟⲛⲓ,φρονεω
ⲫⲣⲟⲛⲓⲙⲟⲥ,φρονιμος
ⲫⲣⲟⲛⲧⲓⲍⲉ,φροντιζε
ⲫⲩⲁⲗⲏ,φυαλη
ⲫⲩⲁⲗⲟⲛ,φιαλη
ⲫⲩⲗⲁⲅⲙⲁ,φυλαγμα
ⲫⲩⲗⲁⲕⲏ,φυλακη
ⲫⲩⲗⲁⲕⲧⲏⲣⲓⲟⲛ,φυλακτηριον
ⲫⲩⲗⲁⲝ,φυλαξ
ⲫⲩⲗⲁⲣⲭⲟⲥ,φυλαρχος
ⲫⲩⲗⲏ,φυλη
ⲫⲩⲗⲓⲝ,φυλιξ
ⲫⲩⲗⲗⲁ,φυλλα
ⲫⲩⲗⲟⲡⲟⲛⲟⲥ,φιλοπονος
ⲫⲩⲗⲟⲡⲟⲛⲟⲥ,φυλοπονοσ
ⲫⲩⲥⲉⲓ,φυσει
ⲫⲩⲥⲉⲱⲥ,φυσις
ⲫⲩⲥⲓ,φυσι
ⲫⲩⲥⲓⲕⲟⲛ,φυσικον
ⲫⲩⲥⲓⲕⲟⲛ,φυσικος
ⲫⲩⲥⲓⲕⲟⲥ,φυσικος
ⲫⲩⲥⲓⲥ,φυσις
ⲫⲩⲥⲓⲥ,φυσισ
ⲫⲱⲗϫ,ελευθερια
ⲫⲱⲗϫ,ελευθερος
ⲫⲱⲗϫ,ευκηλος
ⲫⲱⲛⲏ,φωνη
ⲫⲱⲛⲕ,γλαφυρος
ⲫⲱⲛⲕ,κοιλος
ⲫⲱⲛⲕ,πλαισιον
ⲫⲱⲛⲟⲟⲩⲉ,φωνη
ⲫⲱⲛϩ,τερμα
ⲫⲱⲛϫ,απολλυμι
ⲫⲱⲛϫ,απωλεια
ⲫⲱⲛϫ,ολεθρος
ⲫⲱⲛϫ,φθορα
ⲫⲱⲣⲉⲓ,φωρει
ⲫⲱⲣⲓⲥⲙⲁ,φορισμα
ⲫⲱⲥⲥⲁ,φωσσα
ⲫⲱⲥⲧⲏⲣ,φωστηρ
ⲫⲱⲥⲫⲟⲣⲟⲥ,φωσφορος
ⲫⲱϧⲉⲛ,σκεπασμα
ⲭⲁⲑⲏⲟⲩ,θυρις
ⲭⲁⲓⲣⲉ,χαιρε
ⲭⲁⲓⲣⲉ,χαιρω
ⲭⲁⲓⲣⲉⲓⲛ,χαιρω
ⲭⲁⲓⲣⲉⲧⲉ,χαιρω
ⲭⲁⲓⲣⳇ,χαιρω
ⲭⲁⲗⲁ,χαλα
ⲭⲁⲗⲁ,χαλαω
ⲭⲁⲗⲁⲍⲁ,χαλαζα
ⲭⲁⲗⲃⲁⲛⲏ,χαλβανη
ⲭⲁⲗⲇⲁⲓⲟⲥ,χαλδαιος
ⲭⲁⲗⲇⲁⲓⲟⲥ,χαλδαιοσ
ⲭⲁⲗⲓⲛⲟⲥ,χαλινος
ⲭⲁⲗⲓⲛⲟⲥ,χαλινοσ
ⲭⲁⲗⲓⲛⲟⲩ,χαλινου
ⲭⲁⲗⲓⲛⲟⲩ,χαλινοω
ⲭⲁⲗⲓⲛⲟⲩⲥ,χαλινουσ
ⲭⲁⲗⲕⲁⲛⲑ,χαλκανθον
ⲭⲁⲗⲕⲁⲛⲑⲟⲥ,χαλκανθον
ⲭⲁⲗⲕⲁⲛⲑⲟⲩ,χαλκανθον
ⲭⲁⲗⲕⲓⲛ,χαλκιν
ⲭⲁⲗⲕⲓⲟⲛ,χαλκιον
ⲭⲁⲗⲕⲓⲧⲉⲱⲥ,χαλκιτις
ⲭⲁⲗⲕⲟⲥ,χαλκος
ⲭⲁⲗⲕⲟⲩ,χαλκος
ⲭⲁⲙⲁⲓⲗⲉⲱⲛ,χαμαιλεων
ⲭⲁⲙⲉⲙⲉⲗⲟⲛ,χαμαιμηλον
ⲭⲁⲙⲉⲟⲥ,χαμαιος
ⲭⲁⲙⲱⲥ,χαμος
ⲭⲁⲙⲱⲥ,χαμωσ
ⲭⲁⲛⲁⲛⲁⲓⲟⲥ,χαναναιος
ⲭⲁⲛⲁⲛⲁⲓⲟⲥ,χαναναιοσ
ⲭⲁⲛⲁⲛⲓⲧⲓⲥ,χανανιτις
ⲭⲁⲟⲥ,χαος
ⲭⲁⲟⲥ,χαοσ
ⲭⲁⲣⲁⲅⲙⲏ,χαραγμη
ⲭⲁⲣⲁⲕⲧⲏⲣ,χαρακτηρ
ⲭⲁⲣⲁⲝⲟⲛ,χαραττω
ⲭⲁⲣⲓⲍⲉ,χαριζε
ⲭⲁⲣⲓⲍⲉ,χαριζω
ⲭⲁⲣⲓⲍⲉⲥⲑⲉ,χαριζω
ⲭⲁⲣⲓⲥ,χαρις
ⲭⲁⲣⲓⲥ,χαρισ
ⲭⲁⲣⲓⲥⲙⲁ,χαρισμα
ⲭⲁⲣⲓⲧⲥⲱⲛ,χαριστιων
ⲭⲁⲣⲧⲏⲥ,χαρτης
ⲭⲁⲣⲧⲏⲥ,χαρτησ
ⲭⲁⲣⲧⲓⲛ,χαρτιον
ⲭⲁⲥ,δορκας
ⲭⲁⲩⲗⲟⲥ,καυλος
ⲭⲉⲓⲙⲁⲣⲣⲟⲥ,χειμαρρος
ⲭⲉⲓⲙⲏⲧⲓ,χειμητι
ⲭⲉⲓⲣⲟⲅⲣⲁⲫⲟⲛ,χειρογραφον
ⲭⲉⲓⲣⲟⲇⲟⲛⲉⲓ,χειροδονει
ⲭⲉⲓⲣⲟⲧⲟⲛⲉⲓ,χειροτονεω
ⲭⲉⲓⲣⲟⲧⲟⲛⲓⲁ,χειροτονια
ⲭⲉⲗⲟⲥ,χυλος
ⲭⲉⲣⲟⲩⲃⲓⲛ,χερουβιν
ⲭⲉⲣⲥⲟⲥ,χερσος
ⲭⲉⲧⲧⲁⲓⲟⲥ,χετταιος
ⲭⲏⲙⲓ,εστια
ⲭⲏⲙⲓ,εσχαρα
ⲭⲏⲙⲓ,εφεστιος
ⲭⲏⲙⲓ,λαμπτηρ
ⲭⲏⲣⲁ,χηρα
ⲭⲏⲣⲁⲥ,χοιρος
ⲭⲏⲣⲉⲩⲉ,χηρευω
ⲭⲓⲗⲓⲁⲣⲭⲟⲥ,χιλιαρχος
ⲭⲓⲗⲓⲁⲣⲭⲟⲥ,χιλιαρχοσ
ⲭⲓⲙⲁⲣⲣⲁⲓⲥ,χιμαιρα
ⲭⲓⲙⲱⲛ,χειμων
ⲭⲓⲙⲱⲛ,χιμων
ⲭⲓⲣⲟⲅⲣⲁⲫⲟⲛ,χιρογραφον
ⲭⲓⲣⲟⲇⲟⲛⲓⲁ,χιροδονια
ⲭⲓⲱⲛ,χιων
ⲭⲗⲁⲙⲩⲥ,χλαμυς
ⲭⲗⲁⲙⲩⲥ,χλαμυσ
ⲭⲗⲉⲩⲁⲍⲉ,χλευαζω
ⲭⲗⲟⲏ,χλοη
ⲭⲗⲟⲏⲥ,χλοησ
ⲭⲗⲟⲙⲗⲉⲙ,ευστεφανος
ⲭⲗⲟⲙⲗⲉⲙ,στεφανος
ⲭⲗⲟⲙⲗⲉⲙ,στεφανοω
ⲭⲙⲁⲗⲱⲥⲓⲁ,χμαλωσια
ⲭⲟⲓⲕⲟⲥ,χοⲓκος
ⲭⲟⲓⲣⲟⲅⲩⲗⲓⲟⲛ,χοιρογρυλλιος
ⲭⲟⲗⲏ,χολη
ⲭⲟⲛⲉⲩⲧⲟⲛ,χωνευτος
ⲭⲟⲣⲇⲏ,χορδη
ⲭⲟⲣⲉⲩⲉ,χορευε
ⲭⲟⲣⲏⲅⲉⲓ,χορηγεω
ⲭⲟⲣⲏⲅⲓⲁ,χορηγια
ⲭⲟⲣⲏⲅⲟⲥ,χορηγος
ⲭⲟⲣⲏⲙⲁ,χωρημα
ⲭⲟⲣⲓⲟⲛ,χοριον
ⲭⲟⲣⲟⲥ,χορος
ⲭⲟⲣⲟⲥ,χοροσ
ⲭⲟⲣⲧⲟⲥ,χορτος
ⲭⲟⲣⲧⲟⲥ,χορτοσ
ⲭⲟⲣⲩⲙⲁ,χωρημα
ⲭⲟⲩ ⲛⲟⲩⲱⲙ,ασιτος
ⲭⲟⲩ ⲛⲟⲩⲱⲙ,σιτιον
ⲭⲟⲩ ⲛⲟⲩⲱⲙ,σιτος
ⲭⲟⲩ ⲛⲟⲩⲱⲙ,τροφη
ⲭⲟⲩⲁⲓⲛ,λευκος
ⲭⲟⲩⲁⲓⲛ,λιθος
ⲭⲟⲩⲥ,χους
ⲭⲟⲩⲥ,χουσ
ⲭⲣⲁⲓⲟⲥ,χρεος
ⲭⲣⲁⲥⲑⲁⲓ,χραω
ⲭⲣⲉⲓⲁ,χρεια
ⲭⲣⲉⲓⲥⲧⲓⲁⲛⲟⲥ,χρειστιανοσ
ⲭⲣⲉⲙⲥ,ηεροεις
ⲭⲣⲉⲙⲥ,κνεφας
ⲭⲣⲉⲙⲥ,σκοτος
ⲭⲣⲉⲱⲥⲧⲉⲓ,χρεωστεω
ⲭⲣⲉⲱⲥⲧⲓⲕⲟⲛ,χρεωστικος
ⲭⲣⲏⲙⲁ,χρημα
ⲭⲣⲏⲙⲁⲧⲓⲍⲉ,χρηματιζω
ⲭⲣⲏⲥⲓⲙⲟⲛ,χρησιμον
ⲭⲣⲏⲥⲙⲟⲥ,χρησμος
ⲭⲣⲏⲥⲧⲏⲣⲓⲟⲛ,χρηστηριον
ⲭⲣⲏⲥⲧⲓⲁⲛⲟⲥ,χρηστιανοσ
ⲭⲣⲏⲥⲧⲟⲥ,χρηστος
ⲭⲣⲏⲥⲧⲟⲥ,χρηστοσ
ⲭⲣⲏⲥϯⲁⲛⲟⲥ,χρησϯανοσ
ⲭⲣⲓⲁ,χρια
ⲭⲣⲓⲥⲓⲙⲱⲛ,χρησιμος
ⲭⲣⲓⲥⲙⲁ,χρισμα
ⲭⲣⲓⲥⲧⲓⲁⲛⲏ,χριστιανος
ⲭⲣⲓⲥⲧⲓⲁⲛⲟⲥ,χριστιανος
ⲭⲣⲓⲥⲧⲓⲁⲛⲟⲥ,χριστιανοσ
ⲭⲣⲓⲥⲧⲟⲥ,χριστος
ⲭⲣⲓⲥⲧⲟⲥ,χριστοσ
ⲭⲣⲓⲥϯⲁⲛⲟⲥ,χρισϯανοσ
ⲭⲣⲟⲃⲓ,δρεπανον
ⲭⲣⲟⲛⲟⲛ,χρονον
ⲭⲣⲟⲛⲟⲥ,χρονος
ⲭⲣⲟⲛⲟⲥ,χρονοσ
ⲭⲣⲩⲥⲓⲟⲛ,χρυσιον
ⲭⲣⲩⲥⲟⲑⲉⲙⲟⲛ,χρυσανθεμον
ⲭⲣⲩⲥⲟⲗⲓⲛⲑⲟⲥ,χρυσολιθος
ⲭⲣⲩⲥⲟⲗⲓⲛⲑⲟⲥ,χρυσολινθοσ
ⲭⲣⲩⲥⲟⲡⲗⲁⲥⲱⲥ,χρυσοπρασος
ⲭⲣⲩⲥⲟⲥⲧⲟⲙⲟⲥ,χρυσοστομος
ⲭⲣⲱ,χραω
ⲭⲣⲱ,χρω
ⲭⲣⲱⲙⲁ,χρωμα
ⲭⲱⲣⲁ,χωρα
ⲭⲱⲣⲉⲩⲉ,χορευω
ⲭⲱⲣⲏⲅⲉⲓ,χωρηγει
ⲭⲱⲣⲏⲅⲉⲓ,χωρηγεω
ⲭⲱⲣⲏⲙⲁ,χωρημα
ⲭⲱⲣⲓ,χωρεω
ⲭⲱⲣⲓⲛ,χωρεω
ⲭⲱⲣⲓⲟⲛ,χωριον
ⲭⲱⲣⲓⲥ,χωρις
ⲭⲱⲣⲓⲥ,χωρισ
ⲭⲱⲣⲟⲥ,χωροσ
ⲯⲁⲗⲗⲉⲓ,ψαλλει
ⲯⲁⲗⲗⲉⲓ,ψαλλω
ⲯⲁⲗⲗⲓ,ψαλλω
ⲯⲁⲗⲙⲟⲥ,ψαλμος
ⲯⲁⲗⲙⲟⲥ,ψαλμοσ
ⲯⲁⲗⲙⲱⲇⲓⲁ,ψαλμωδια
ⲯⲁⲗⲙⲱⲇⲟⲥ,ψαλμωδος
ⲯⲁⲗⲙⲱⲇⲟⲥ,ψαλμωδοσ
ⲯⲁⲗⲧⲏⲣⲓⲟⲛ,ψαλτηριον
ⲯⲁⲗⲧⲏⲥ,ψαλτης
ⲯⲉⲅⲉ,ψεγω
ⲯⲉⲕⲧⲱⲥ,ψεκτως
ⲯⲉⲩⲇⲟⲡⲣⲟⲫⲏⲧⲏⲥ,ψευδοπροφητης
ⲯⲉⲩⲇⲟⲡⲣⲟⲫⲏⲧⲏⲥ,ψευδοπροφητησ
ⲯⲉⲩⲇⲟⲭⲣⲓⲥⲧⲟⲥ,ψευδοχριστος
ⲯⲏⲫⲟⲥ,ψηφος
ⲯⲏⲫⲟⲥ,ψηφοσ
ⲯⲓⲕⲟⲥⲧⲁⲧⲏⲥ,ζυγοστατης
ⲯⲓⲗⲟⲛ,ψιλος
ⲯⲓⲙⲓⲑⲓⲟⲛ,ψιμυθιον
ⲯⲓⲙⲓⲑⲓⲟⲩ,ψιμυθιον
ⲯⲓⲥ,ενακισχιλιοι
ⲯⲓⲥ,ενακοσιοι
ⲯⲓⲥ,εννεα
ⲯⲓⲥ,εννημαρ
ⲯⲓⲧⲉ,ενακισχιλιοι
ⲯⲓⲧⲉ,ενακοσιοι
ⲯⲓⲧⲉ,εννεα
ⲯⲓⲧⲉ,εννημαρ
ⲯⲓⲧⲧⲁⲅⲓⲛ,πιστακιον
ⲯⲩⲫⲓⲥⲙⲁ,ψηφισμα
ⲯⲩⲫⲓⲥⲙⲁ,ψυφισμα
ⲯⲩⲭⲏ,ψυχη
ⲯⲩⲭⲓⲕⲏ,ψυχικος
ⲯⲩⲭⲓⲕⲟⲛ,ψυχικον
ⲯⲩⲭⲓⲕⲟⲛ,ψυχικος
ⲯⲩⲭⲓⲕⲟⲥ,ψυχικος
ⲯⲩⲭⲓⲕⲟⲥ,ψυχικοσ
ⲯⲩⲭⲟⲟⲩⲉ,ψυχη
ⲯⲱⲣⲁ,ψωρα
ⲱⲃϣ,ευδω
ⲱⲃϣ,καθευδω
ⲱⲃϣ,κοιμαω
ⲱⲃϣ,ληθη
ⲱⲃϣ,υπνος
ⲱⲇⲏ,ωδη
ⲱⲕ ⲛϩⲏⲧ,αηδης
ⲱⲕ ⲛϩⲏⲧ,ηδονη
ⲱⲕ ⲛϩⲏⲧ,ηδυς
ⲱⲕ ⲛϩⲏⲧ,χαιρω
ⲱⲕⲉⲁⲛⲟⲥ,ωκεανος
ⲱⲕⲉⲁⲛⲟⲥ,ωκεανοσ
ⲱⲕⲙ,ζοφος
ⲱⲕⲛⲉⲓ,οκνεω
ⲱⲗ,αγοραομαι
ⲱⲗ ⲉϩⲟⲩⲛ,περιβολος
ⲱⲗ ⲉϩⲟⲩⲛ,πολιορκεω
ⲱⲗ ⲉϩⲟⲩⲛ,πολιορκια
ⲱⲗ ⲉϩⲟⲩⲛ,τεμενος
ⲱⲗⲕ,γιγνομαι
ⲱⲗⲕ,γνωριζω
ⲱⲗⲕ,εξερημοω
ⲱⲗⲕ,καμπτω
ⲱⲗⲕϣⲁ,γελως
ⲱⲗⲙ,ασπαζομαι
ⲱⲗⲩⲕⲧⲟⲥ,ορυκτος
ⲱⲙⲕ,καταπινω
ⲱⲙⲕ,χελιδων
ⲱⲙⲟⲫⲟⲣⲟⲥ,ωμοφορος
ⲱⲙⲥ,βαπτισμα
ⲱⲙⲥ ⲉⲃⲟⲗ,δυω
ⲱⲙⲥ ⲉⲃⲟⲗ,καταδυω
ⲱⲛⲉ,λιθινος
ⲱⲛⲉ,λιθος
ⲱⲛⲉ,λιθοτομια
ⲱⲛⲉ,πετρα
ⲱⲛⲉ,πετρος
ⲱⲛⲏ,ωνη
ⲱⲛⲕ,επιπηδαω
ⲱⲛⲕ,πηδαω
ⲱⲛⲧ,συμβολαιον
ⲱⲛⲧ,συνθηκη
ⲱⲛϣ ⲉⲃⲟⲗ,μουσα
ⲱⲛϣ ⲉⲃⲟⲗ,χασκω
ⲱⲟⲩ,αγαθος
ⲱⲣⲃ,κυκλος
ⲱⲣⲃ,κυκλοω
ⲱⲣⲃ ⲉⲡⲁϩⲟⲩ,αποδοκιμαζω
ⲱⲣⲃ ⲉⲡⲁϩⲟⲩ,απωθεω
ⲱⲣⲃ ⲉϩⲟⲩⲛ,περιοικος
ⲱⲣⲃ ⲉϩⲟⲩⲛ,περιχωρος
ⲱⲣⲃ ⲉϩⲟⲩⲛ,πολιορκεω
ⲱⲣⲃ ⲉϩⲟⲩⲛ,πολιορκια
ⲱⲣⲓⲱⲛ,ωριων
ⲱⲣϫ,ασφαλης
ⲱⲣϫ,βεβαιος
ⲱⲥⲕ,βραδυνω
ⲱⲥⲕ,διατριβω
ⲱⲥⲕ,μελλω
ⲱⲧⲟ,αιρεω
ⲱⲧⲟ,προαιρεω
ⲱⲧϩ,βοστρυχος
ⲱⲧϩ,κομη
ⲱⲧϩ,πλοκαμος
ⲱⲫⲉⲗⲉⲓ,ωφελει
ⲱⲫⲉⲗⲉⲓ,ωφελεω
ⲱⲫⲉⲗⲉⲓⲥⲑⲁⲓ,ωφελεω
ⲱⲫⲉⲗⲓⲁ,ωφελεια
ⲱⲫⲉⲗⲓⲁ,ωφελια
ⲱⲫⲓⲕⲓⲟⲛ,οφφικιον
ⲱⲱ,προληψις
ⲱⲱ,ωω
ⲱϣ,επαγγελια
ⲱϣ,επαγγελλω
ⲱϣ,υπισχνεομαι
ⲱϣ,υποσχεσις
ⲱϣ ⲉⲡϣⲏⲓ,ικετευω
ⲱϣ ⲉϩⲣⲁⲓ,ικετευω
ⲱϣⲓ,ομβρος
ⲱϣⲓ,υω
ⲱϣⲙ,κατασβεννυμι
ⲱϣⲙ,σβεννυμι
ⲱϥⲧ,ονυξ
ⲱϧⲧ,σταζω
ⲱϩⲉ,αναμενω
ⲱϩⲉ,επιδημεω
ⲱϩⲉ,εφεδρευω
ⲱϩⲉ,εφιστημι
ⲱϩⲉ,ιστημι
ⲱϩⲉ,μενω
ⲱϩⲉ,παριστημι
ⲱϩⲉ,περιμενω
ⲱϩⲉ ⲉⲣⲁⲧ⸗,εφιστημι
ⲱϩⲉ ⲉⲣⲁⲧ⸗,ιστημι
ⲱϩⲉ ⲉⲣⲁⲧ⸗,παριστημι
ⲱϫ,κλεπτης
ⲱϫⲛ,απολλυμι
ⲱϫⲛ,απωλεια
ⲱϫⲛ,ολεθρος
ⲱϫⲛ,φθορα
ⲱϭⲃ,ψυχος
ⲱϭⲃ,ψυχρος
ϣ-,αγνοεω
ϣ-,επισταμαι
ϣ-,εφιστημι
ϣⲁ,ρις
ϣⲁ-,εως
ϣⲁ-,μεχρι
ϣⲁ-,οφρα
ϣⲁ-,πριν
ϣⲁⲁⲃ,ασκος
ϣⲁⲁⲃ,δερμα
ϣⲁⲁⲣ,τιμη
ϣⲁⲁⲣⲉ,πληγη
ϣⲁⲁⲧⲉ,μερος
ϣⲁⲁⲧⲉ,μοιρα
ϣⲁⲁⲧⲉ,προιξ
ϣⲁⲁⲧⲥ,ταφρος
ϣⲁⲉⲛⲉϩ,αιδιος
ϣⲁⲉⲛⲉϩ,αιωνιος
ϣⲁⲓ,δαιμων
ϣⲁⲓ,δυστυχια
ϣⲁⲓ,ευτυχια
ϣⲁⲓ,κηρ
ϣⲁⲓ,μοιρα
ϣⲁⲓ,ουσια
ϣⲁⲓ,ποτμος
ϣⲁⲓ,τυχη
ϣⲁⲓⲣⲉ,δεμνιον
ϣⲁⲓⲣⲉ,ευνη
ϣⲁⲓⲣⲉ,κλινω
ϣⲁⲓⲣⲉ,λεχος
ϣⲁⲗ,μυρον
ϣⲁⲗ,σμυρνα
ϣⲁⲗⲟⲩⲕⲓ,σφηξ
ϣⲁⲛⲧⲉ,εως
ϣⲁⲛⲧⲉ,μεχρι
ϣⲁⲛⲧⲉ,πριν
ϣⲁⲡⲣⲁ,εως
ϣⲁⲡⲣⲁ,μεχρι
ϣⲁⲡⲣⲁ,πριν
ϣⲁⲣⲉ-,εθιζω
ϣⲁⲣⲉ-,εθος
ϣⲁⲣⲉ-,εθω
ϣⲁⲣⲉ-,εξις
ϣⲁⲣⲉ-,επιτηδευμα
ϣⲁⲣⲕⲉ,αυχμος
ϣⲁⲧⲱⲛ,οποι
ϣⲁⲧⲱⲛ,ποι
ϣⲁⲩ,σηκος
ϣⲁϣϥ,υφαντης
ϣⲁϥⲉ,οιδμα
ϣⲁϩ,εμπιμπρημι
ϣⲁϩ,πυρ
ϣⲁϩ,πυρφορος
ϣⲁϩ,φλοξ
ϣⲁϩⲁⲉ,εως
ϣⲁϩⲁⲉ,μεχρι
ϣⲁϩⲁⲉ,οφρα
ϣⲁϩⲁⲉ,πριν
ϣⲁϩⲟⲩⲛ,σπλαγχνον
ϣⲁϩⲣⲁⲓ,ανοος
ϣⲁϩⲣⲁⲓ,ϣαϩραι
ϣⲁϩϣⲉϩ,τραχυς
ϣⲁϫⲉ,πραγμα
ϣⲁϫⲉ,ρημα
ϣⲃⲏⲣ,εταιρος
ϣⲃⲏⲣ,φιλος
ϣⲃⲏⲣⲥⲁⲁⲛϣ,συγγενης
ϣⲃⲏⲣⲥⲭⲟⲗⲁⲥⲧⲓⲕⲟⲥ,ϣβηρσχολαστικοσ
ϣⲃⲓⲛ,σιτος
ϣⲃⲓⲱ,αμοιβη
ϣⲃⲓⲱ,αντιδοσις
ϣⲃⲓⲱ,μεθιστημι
ϣⲃⲓⲱ,μεταβαλλω
ϣⲃⲓⲱ,μεταβολη
ϣⲃⲓⲱ,μετατιθημι
ϣⲃⲣⲕⲗⲏⲣⲟⲛⲟⲙⲟⲥ,ϣβρκληρονομοσ
ϣⲃⲧⲥ,μεθιστημι
ϣⲃⲧⲥ,μεταβαλλω
ϣⲃⲧⲥ,μεταβολη
ϣⲃⲧⲥ,μετατιθημι
ϣⲃⲱⲧ,βακτηρια
ϣⲃⲱⲧ,επικαιριος
ϣⲃⲱⲧ,λευγαλεος
ϣⲃⲱⲧ,σκηπτρον
ϣⲉ ⲛⲑⲱⲟⲩϯ,κωδων
ϣⲉ ⲛⲕⲉϩ,πληγη
ϣⲉ ⲛϩⲓⲛ,μαντικος
ϣⲉⲉⲓ,απονοια
ϣⲉⲉⲓ,μαινομαι
ϣⲉⲉⲓ,μανια
ϣⲉⲉⲣⲉ,γνησιος
ϣⲉⲉⲣⲉ,θυγατηρ
ϣⲉⲉⲣⲉ,θυγατριδους
ϣⲉⲉⲣⲉ,καλλιπαρηος
ϣⲉⲉⲣⲉ,κορη
ϣⲉⲉⲣⲉ,παιδιον
ϣⲉⲉⲣⲉ,παις
ϣⲉⲉⲣⲉ,τεκνον
ϣⲉⲉⲣⲉ,τεκος
ϣⲉⲉⲣⲉ ϣⲏⲙ,κορη
ϣⲉⲉⲣⲉ ϣⲏⲙ,παρθενος
ϣⲉⲗⲉⲉⲧ,γαμηλιος
ϣⲉⲗⲉⲉⲧ,γαμος
ϣⲉⲗⲉⲉⲧ,εκδιδωμι
ϣⲉⲗⲉⲉⲧ,νυμφη
ϣⲉⲗⲉⲉⲧ,προιξ
ϣⲉⲛⲉⲣⲫⲙⲉⲩⲓ,μνημη
ϣⲉⲧⲧⲉⲗⲟⲥ,ϣεττελοσ
ϣⲏⲙ,οιωνος
ϣⲏⲛⲉ,σιτος
ϣⲏⲣⲉ,γνησιος
ϣⲏⲣⲉ,παιδιον
ϣⲏⲣⲉ,παις
ϣⲏⲣⲉ,τεκνον
ϣⲏⲣⲉ,τεκος
ϣⲏⲣⲉ ϣⲏⲙ,βρεφος
ϣⲏⲣⲉ ϣⲏⲙ,νηπιος
ϣⲏⲧⲉ,ζωστηρ
ϣⲏⲧⲉ,κλεις
ϣⲏⲩⲉ,βωμος
ϣⲑⲉϩ,αγυια
ϣⲓ,μεθοριος
ϣⲓ,οριζω
ϣⲓ,ορος
ϣⲓ,περιμετρος
ϣⲓⲁⲓ,μηκος
ϣⲓⲁⲓ,οβριμος
ϣⲓⲁⲓ,οψε
ϣⲓⲃⲉ,διαφερω
ϣⲓⲃⲉ,διαφορα
ϣⲓⲃⲉ,μεθιστημι
ϣⲓⲃⲉ,μεταβαλλω
ϣⲓⲃⲉ,μεταβολη
ϣⲓⲃⲉ,μετατιθημι
ϣⲓⲃⲧⲉ,μεθιστημι
ϣⲓⲃⲧⲉ,μεταβαλλω
ϣⲓⲃⲧⲉ,μεταβολη
ϣⲓⲃⲧⲉ,μετατιθημι
ϣⲓⲏ,αυξανω
ϣⲓⲏ,γηρασκω
ϣⲓⲏ,καμνω
ϣⲓⲏ,κομη
ϣⲓⲏ,φυω
ϣⲓⲏⲥ,μηκος
ϣⲓⲏⲥ,οβριμος
ϣⲓⲏⲥ,οψε
ϣⲓⲕ,βαθος
ϣⲓⲕⲉ,βαθος
ϣⲓⲕϩ,βαθος
ϣⲓⲛⲉ,αγγελια
ϣⲓⲛⲉ,αγγελλω
ϣⲓⲛⲉ,απαγγελλω
ϣⲓⲛⲉ,εξαγγελλω
ϣⲓⲛⲉ,ευαγγελιζομαι
ϣⲓⲛⲉ,ευαγγελιον
ϣⲓⲛⲉ,ζητεω
ϣⲓⲛⲉ,ζητησις
ϣⲓⲛⲉ,σκεψις
ϣⲓⲛⲉ,φημη
ϣⲓⲛⲉ ⲉ-,ασπαζομαι
ϣⲓⲡⲉ,αιδως
ϣⲓⲡⲉ,αισχρος
ϣⲓⲡⲉ,αισχυνη
ϣⲓⲡⲉ,αισχυνω
ϣⲓⲧⲉ,αιτεω
ϣⲓⲧⲉ,αξιοω
ϣⲓⲧⲉ,απαιτεω
ϣⲓⲧⲉ,εξαιτεω
ϣⲕⲁⲕ,βοαω
ϣⲕⲗⲕⲓⲗ,κωδων
ϣⲗⲉⲙⲗⲉⲙ,τρεφω
ϣⲗⲏⲗ,αραομαι
ϣⲗⲏⲗ,επηκοος
ϣⲗⲏⲗ,ευχη
ϣⲗⲏⲗ,ευχομαι
ϣⲗⲏⲗ,λισσομαι
ϣⲗⲟⲗ,λαος
ϣⲗⲟⲡⲗⲡ,κροκη
ϣⲗⲟⲡⲗⲡ,λινον
ϣⲗⲟϥ,αισχρος
ϣⲗϩ,κηρυκειον
ϣⲗϩ,ραβδος
ϣⲗϩϥ,αδεης
ϣⲗϩϥ,δειδω
ϣⲗϩϥ,δεος
ϣⲗϩϥ,φοβεω
ϣⲗϩϥ,φοβος
ϣⲙⲙⲟ,ατοπος
ϣⲙⲙⲟ,δεινος
ϣⲙⲙⲱ,ξενος
ϣⲙⲟⲛ,θαλπος
ϣⲙⲟⲛ,θερμος
ϣⲙⲟⲛ,θερμοτης
ϣⲙⲟⲛ,καυμα
ϣⲙⲟⲩⲗ,αρκτος
ϣⲙⲟⲩⲗ,βορεας
ϣⲙⲟⲩⲗ,βορειος
ϣⲙⲟⲩⲗ,προσαρκτιος
ϣⲙⲟⲩⲛ,οκτακισχιλιοι
ϣⲙⲟⲩⲛ,οκτακοσιοι
ϣⲙⲟⲩⲛ,οκτω
ϣⲙϣⲉ,θρησκεια
ϣⲙϣⲉ,προσκυνεω
ϣⲙϣⲉ,σεβομαι
ϣⲙϣⲉ,σεβω
ϣⲙϣⲉⲉⲓⲇⲱⲗⲟⲛ,ϣμϣεειδωλον
ϣⲛⲁ,ακολαστος
ϣⲛⲁ,ασωτος
ϣⲛⲏ,κηπος
ϣⲛⲟⲩⲁ,ανεψιος
ϣⲛⲟϣ,οζω
ϣⲛⲥⲟⲛ,αδελφιδεος
ϣⲟⲃⲓ,μετονομαζω
ϣⲟⲃⲓ,υποκριτης
ϣⲟⲉⲓϣ,κονις
ϣⲟⲉⲓϣ,ψηγμα
ϣⲟⲉⲓϫ,αθλητης
ϣⲟⲉⲓϫ,μονομαχος
ϣⲟⲉⲓϫϥ,αθλητης
ϣⲟⲉⲓϫϥ,μονομαχος
ϣⲟⲓ,ανιστημι
ϣⲟⲓ,ορνυμι
ϣⲟⲗⲥ,λαφυρα
ϣⲟⲗⲥ,σκυλον
ϣⲟⲙ,ομοπατριος
ϣⲟⲙ,πατηρ
ϣⲟⲙ,πατρωιος
ϣⲟⲙ,πατρωος
ϣⲟⲙ,πενθερος
ϣⲟⲙⲉ,μητηρ
ϣⲟⲙⲉ,ομομητριος
ϣⲟⲟⲩ,θυμιαμα
ϣⲟⲟⲩ,μυρον
ϣⲟⲟⲩ,οργιζω
ϣⲟⲣⲡ,ακροθινιον
ϣⲟⲣⲡ,ανεψιος
ϣⲟⲣⲡ,αρχη
ϣⲟⲣⲡ,νουμηνια
ϣⲟⲣⲡ,προτερος
ϣⲟⲣⲧ,καταπετασμα
ϣⲟⲣϣⲣ,απολλυμι
ϣⲟⲣϣⲣ,απωλεια
ϣⲟⲣϣⲣ,καταλυω
ϣⲟⲣϣⲣ,ολεθρος
ϣⲟⲣϣⲣ,φθορα
ϣⲟⲥⲙⲉⲥ,κοπος
ϣⲟⲧⲣⲉϥ,ιεραξ
ϣⲟⲧⲣⲉϥ,κιρκος
ϣⲟⲧϣⲧ,γλαφυρος
ϣⲟⲧϣⲧ,κοιλος
ϣⲟⲧϣⲧ,πλαισιον
ϣⲟⲩⲉⲓⲧ,εκδιδωμι
ϣⲟⲩⲉⲓⲧ,εμβαλλω
ϣⲟⲩⲉⲓⲧ,ερημος
ϣⲟⲩⲉⲓⲧ,κενος
ϣⲟⲩⲛⲁϩϯ,πιστος
ϣⲟⲩⲟ,εκδιδωμι
ϣⲟⲩⲟ,εμβαλλω
ϣⲟⲩⲟ,ερημος
ϣⲟⲩⲟ,κενος
ϣⲟⲩⲟ,ρεω
ϣⲟⲩⲟ,σπενδω
ϣⲟⲩⲟ,χεω
ϣⲟⲩⲣⲏ,βωμος
ϣⲟⲩⲣⲏ,θυμιατηριον
ϣⲟⲩⲣⲏ,λαμπτηρ
ϣⲟⲩⲥⲟⲟⲩϣⲉ,αναθημα
ϣⲟⲩⲥⲟⲟⲩϣⲉ,θυμα
ϣⲟⲩⲥⲟⲟⲩϣⲉ,θυσια
ϣⲟⲩⲥⲟⲟⲩϣⲉ,θυω
ϣⲟⲩⲥⲟⲟⲩϣⲉ,ολοκαυτωσις
ϣⲟⲩⲥⲟⲟⲩϣⲉ,σπενδω
ϣⲟⲩⲥⲟⲟⲩϣⲉ,χαριστηριος
ϣⲟⲩⲱⲃⲉ,αποσφαζω
ϣⲟⲩⲱⲃⲉ,λαιμος
ϣⲟⲩⲱⲃⲉ,σφαζω
ϣⲟⲩϣⲟⲩ,κομπαζω
ϣⲟⲩϣⲟⲩ,κομπος
ϣⲟⲩϣⲟⲩ,φιλοτιμεομαι
ϣⲟⲩϣⲟⲩ,φρονεω
ϣⲟⲩϣⲟⲩ,φρονημα
ϣⲟⲩϣⲧ,θυρις
ϣⲟⲩϩⲏⲛⲉ,θυμιαμα
ϣⲟⲩϩⲏⲛⲉ,οργιζω
ϣⲟϣⲧ,ακωλυτος
ϣⲟϣⲧ,εμποδιζω
ϣⲟϣⲧ,εμποδιος
ϣⲟϥⲧ,αμαρτανω
ϣⲟϥⲧ,αμαρτημα
ϣⲟϥⲧ,αμαρτια
ϣⲟϥⲧ,επιτιμαω
ϣⲟϥⲧ,μεμφομαι
ϣⲟϥⲧ,ψεγω
ϣⲟϥⲧⲥ,αμαρτανω
ϣⲟϥⲧⲥ,αμαρτημα
ϣⲟϥⲧⲥ,αμαρτια
ϣⲟϫⲛⲉ,βουλευω
ϣⲟϫⲛⲉ,βουλη
ϣⲟϫⲛⲉ,ευβουλια
ϣⲟϫⲛⲉ,συμβουλευω
ϣⲡⲏⲣⲉ,θαμβος
ϣⲡⲏⲣⲉ,θαυμα
ϣⲡⲏⲣⲉ,θαυμαζω
ϣⲡⲏⲣⲉ,θαυμαστος
ϣⲡⲏⲣⲉ,σεβας
ϣⲡⲙⲕⲁϩ,εαω
ϣⲡⲙⲕⲁϩ,πασχω
ϣⲡⲟⲛⲟⲩ,αυλητρις
ϣⲡⲟⲛⲟⲩ,θεραπαινα
ϣⲡⲟⲛⲟⲩ,κορη
ϣⲡⲟⲛⲟⲩ,παρθενος
ϣⲡⲧⲟⲟⲧ⸗,ασπαζομαι
ϣⲡⲧⲟⲟⲧ⸗,επαγγελια
ϣⲡⲧⲟⲟⲧ⸗,επαγγελλω
ϣⲡⲧⲟⲟⲧ⸗,υπισχνεομαι
ϣⲡⲧⲟⲟⲧ⸗,υποσχεσις
ϣⲡⲧⲱⲣⲉ,εγγυαω
ϣⲡⲧⲱⲣⲉ,εγγυητος
ϣⲡⲱⲡ,επαγγελια
ϣⲡⲱⲡ,επαγγελλω
ϣⲡⲱⲡ,υπισχνεομαι
ϣⲡⲱⲡ,υποσχεσις
ϣⲡϩⲓⲥⲉ,εαω
ϣⲡϩⲓⲥⲉ,πασχω
ϣⲡϩⲟ,αποδεχομαι
ϣⲡϩⲟ,δεχομαι
ϣⲡϩⲟ,λαμβανω
ϣⲡϩⲟ,προσδεχομαι
ϣⲣⲡⲥⲩⲙⲁⲛⲉ,ϣρπσυμανε
ϣⲣⲱⲓⲥ,φυλακη
ϣⲣⲱⲓⲥ,φυλασσω
ϣⲥⲛⲧⲁϭⲥⲉ,ιχνος
ϣⲥⲛⲧⲱⲕ,πληγη
ϣⲥⲛϩⲏⲧ,αλγος
ϣⲥⲛϩⲏⲧ,αχος
ϣⲥⲛϩⲏⲧ,λυπη
ϣⲥⲛϩⲏⲧ,πενθος
ϣⲥⲟⲟⲩ,αιδως
ϣⲥⲟⲟⲩ,αισχρος
ϣⲥⲟⲟⲩ,αισχυνη
ϣⲥⲟⲟⲩ,αισχυνω
ϣⲧⲁ,αμαρτανω
ϣⲧⲁ,αμαρτημα
ϣⲧⲁ,ελλειψις
ϣⲧⲁ,επιτιμαω
ϣⲧⲁ,μεμφομαι
ϣⲧⲁ,ψεγω
ϣⲧⲁⲙ,αποκλειω
ϣⲧⲁⲙ,κατακλειω
ϣⲧⲁⲙ,κλειω
ϣⲧⲉⲕⲟ,δεσμευω
ϣⲧⲉⲕⲟ,δεσμωτηριον
ϣⲧⲉⲕⲟ,φυλακη
ϣⲧⲏⲛ,ειμα
ϣⲧⲏⲛ,εσθης
ϣⲧⲏⲛ,ιματιον
ϣⲧⲏⲛ,πορφυρα
ϣⲧⲏⲛ,στολη
ϣⲧⲏⲛ,χιτων
ϣⲧⲟⲙ,θυρα
ϣⲧⲟⲙ,πυλη
ϣⲧⲟⲣⲧⲣ,επειγω
ϣⲧⲟⲣⲧⲣ,κακος
ϣⲧⲟⲣⲧⲣ,πονος
ϣⲧⲟⲣⲧⲣ,πραγμα
ϣⲧⲟⲣⲧⲣ,σπευδω
ϣⲧⲟⲣⲧⲣ,σπουδη
ϣⲧⲟⲣⲧⲣ,ταραχη
ϣⲧⲟⲣⲧⲣ,ταχος
ϣⲧⲟⲩⲏⲧ,αιτια
ϣⲧⲟⲩⲏⲧ,εγκλημα
ϣⲧⲟⲩⲏⲧ,κατηγορεω
ϣⲧⲟⲩⲏⲧ,κατηγορια
ϣⲧⲟⲩⲗ,αγκιστρον
ϣⲧⲟⲩⲗ,δρεπανον
ϣⲧⲱⲣⲉ,εγγυαω
ϣⲧⲱⲣⲉ,εγγυητος
ϣⲱⲃ,καρπος
ϣⲱⲃ,ξυρεω
ϣⲱⲃⲧ,μεθιστημι
ϣⲱⲃⲧ,μεταβαλλω
ϣⲱⲃⲧ,μεταβολη
ϣⲱⲃⲧ,μετατιθημι
ϣⲱⲃⲧ,χωρις
ϣⲱⲃϩ,ξηραινω
ϣⲱⲓ,ανωθεν
ϣⲱⲓ,αριδεικετος
ϣⲱⲓ,ειρω
ϣⲱⲓ,κρειων
ϣⲱⲓ,υπερκειμαι
ϣⲱⲕ,βαθος
ϣⲱⲕϩ,αποκρουω
ϣⲱⲕϩ,βαλλω
ϣⲱⲕϩ,τυπτω
ϣⲱⲗ,διαλυω
ϣⲱⲗ,καταλυω
ϣⲱⲗ,λυω
ϣⲱⲗ,ρεω
ϣⲱⲗⲕ,υφαινω
ϣⲱⲗⲕ,υφαντικος
ϣⲱⲗⲙ,οσμη
ϣⲱⲗⲙ,οσφραινομαι
ϣⲱⲗϩ,σημειον
ϣⲱⲗϩ,σκοπος
ϣⲱⲙ,θερος
ϣⲱⲙ,φορον
ϣⲱⲙ,φορος
ϣⲱⲛ,φυτευω
ϣⲱⲛ,φυτος
ϣⲱⲛⲉ,νοσημα
ϣⲱⲛⲉ,νοσος
ϣⲱⲛⲧ,διαφερω
ϣⲱⲛⲧ,διαφορα
ϣⲱⲛⲧ,εχθρη
ϣⲱⲛⲧ,νεικος
ϣⲱⲛϥ,εις
ϣⲱⲡ,αρτι
ϣⲱⲡ,αυτικα
ϣⲱⲡ ⲉ-,αποδεχομαι
ϣⲱⲡ ⲉ-,δεχομαι
ϣⲱⲡ ⲉ-,προσδεχομαι
ϣⲱⲡ ⲛ-,κταομαι
ϣⲱⲡⲉ ⲛⲥⲟⲗⲥⲗ,γιγνομαι
ϣⲱⲡⲉ ⲛⲥⲟⲗⲥⲗ,γνωριζω
ϣⲱⲡⲉ ⲛⲥⲟⲗⲥⲗ,εξερημοω
ϣⲱⲣⲡ,εωθεν
ϣⲱⲣⲡ,ηως
ϣⲱⲣⲡ,πρωι
ϣⲱⲥ,αγελαιος
ϣⲱⲥ,αγελη
ϣⲱⲧ,εμπορος
ϣⲱⲧ,ολκας
ϣⲱⲧⲉ,αλευρον
ϣⲱⲧⲉ,αλφιτον
ϣⲱⲧⲙ,αποκλειω
ϣⲱⲧⲙ,κατακλειω
ϣⲱⲧⲙ,κλειω
ϣⲱⲱⲛⲉ,αποστερεω
ϣⲱⲱⲛⲉ,αφαιρεω
ϣⲱⲱⲧ,δεω
ϣⲱⲱⲧ,προσδεω
ϣⲱⲱⲧ,σπανιζω
ϣⲱⲱⲧ,χρεια
ϣⲱⲱϥⲉ,απορια
ϣⲱⲱϥⲉ,πενης
ϣⲱⲱϥⲉ,πενια
ϣⲱⲱϭⲉ,πληγη
ϣⲱⲱϭⲉ,τιτρωσκω
ϣⲱⲱϭⲉ,τραυμα
ϣⲱⲱϭⲉ,τραυματιας
ϣⲱϣ,ισος
ϣⲱϣ,ισοτης
ϣⲱϥ,απολλυμι
ϣⲱϥ,απωλεια
ϣⲱϥ,ολεθρος
ϣⲱϥ,φθορα
ϣⲱϥⲧ,σκανδαλιζω
ϣⲱϥⲧ,σφαλλω
ϣⲱϫⲉ,αγων
ϣⲱϫⲉ,αθλον
ϣⲱϫⲡ,λοιπος
ϣϥⲉ,εβδομηκοντα
ϣϥⲱ,παρασαγγης
ϣϩⲓϭ,κονις
ϣϩⲓϭ,ψηγμα
ϣϫⲁⲗ,βελος
ϣϫⲁⲗ,κεραυνος
ϣϫⲁⲗ,κλειθρον
ϣϫⲏⲛ,σκοροδον
ϣϭⲁ,πληγη
ϣϭⲁ,τιτρωσκω
ϣϭⲁ,τραυμα
ϣϭⲁ,τραυματιας
ϣϭⲁⲡ,υγιης
ϣϭⲁⲡ,φωνη
ϣϭⲛⲏⲛ,αμιλλα
ϣϭⲛⲏⲛ,ερις
ϣϭⲛⲏⲛ,νεικος
ϣϭⲛⲏⲛ,στασιαζω
ϣϭⲛⲏⲛ,στασις
ϣϭⲛⲏⲛ,φιλονεικια
ϣϭⲟⲣ,μισθοω
ϣϯⲧ,υφαντης
ϥⲁⲓϣⲓⲛⲉ,αγγελος
ϥⲓ,αγω
ϥⲓ,ανεχω
ϥⲓ,αποφερω
ϥⲓ,κομιζω
ϥⲓ,μαρτυρεω
ϥⲓ,τικτω
ϥⲓ,φερω
ϥⲓ ⲙⲙⲁⲩ,αφανης
ϥⲓ ⲙⲙⲁⲩ,αφανιζω
ϥⲓ ⲛϫⲓⲟⲩⲉ,κλεπτω
ϥⲓ ϩⲁ-,ανεχω
ϥⲓ ϩⲁ-,βοηθεω
ϥⲓ ϩⲁ-,τρεφω
ϥⲓⲟⲩⲱ,αγγελος
ϥⲓⲧⲟⲟⲧ,αρχω
ϥⲓⲱⲡ,λογιζομαι
ϥⲓϩⲏⲧ,ευφραινω
ϥⲓϩⲏⲧ,ηδομαι
ϥⲓϩⲏⲧ,τερπω
ϥⲓϩⲏⲧ,χαιρω
ϥⲛⲧ,σκωληξ
ϥⲟ,διωρυξ
ϥⲟⲣϥⲉⲣ,ελλειπω
ϥⲟⲣϥⲉⲣ,εμπιπτω
ϥⲟⲣϥⲉⲣ,επιπιπτω
ϥⲟⲣϥⲉⲣ,περιπιτνω
ϥⲟⲣϥⲉⲣ,πιπτω
ϥⲣⲉ,ομοσπορος
ϥⲣⲉ,σπερμα
ϥⲣⲉⲕⲟⲛ,πραικων
ϥⲣⲟⲩⲭⲟⲥ,ϥρουχοσ
ϥⲱ,θριξ
ϥⲱ,κομαω
ϥⲱ,κομη
ϥⲱ,πολιος
ϥⲱ,χαιτη
ϥⲱⲥⲓ,μαχαιρα
ϥⲱⲧⲉ,ιδρως
ϥⲱϭⲉ,απληστια
ϥⲱϭⲉ,πλεονεξια
ϧⲁⲓⲣⲓ,δρακων
ϧⲁⲓⲣⲓ,οφις
ϧⲁϧ,αυχην
ϧⲁϧ,δειρη
ϧⲁϧ,τραχηλος
ϧⲉ,κροκη
ϧⲉⲗⲟⲧ,ναπος
ϧⲉⲗⲟⲧ,φαραγξ
ϧⲉⲗⲟⲧ,χαραδρα
ϧⲉⲗϧⲱⲗ,σφαγη
ϧⲉⲗϧⲱⲗ,φονος
ϧⲉⲛⲓ,διαφερω
ϧⲉⲛⲓ,διαφορα
ϧⲉⲛⲓ,εχθρη
ϧⲉⲛⲓ,νεικος
ϧⲟⲙϧⲉⲙ,απολλυμι
ϧⲟⲙϧⲉⲙ,απωλεια
ϧⲟⲙϧⲉⲙ,ολεθρος
ϧⲟⲙϧⲉⲙ,φθορα
ϧⲣⲟϯ,γνησιος
ϧⲣⲟϯ,παιδιον
ϧⲣⲟϯ,παις
ϧⲣⲟϯ,τεκνον
ϧⲣⲟϯ,τεκος
ϧⲱⲣ,αναιρεω
ϧⲱⲣ,απολλυμι
ϧⲱⲣ,διαφθειρω
ϧⲱⲣ,ολλυμι
ϧⲱⲣ,φθειρω
ϧⲱⲧ,σινδων
ϩⲁ,ιστος
ϩⲁ-,ευθυς
ϩⲁⲃⲟⲗ,απεχω
ϩⲁⲃⲟⲗ,διεχω
ϩⲁⲃⲟⲗ,προσω
ϩⲁⲃⲟⲩⲉⲓ,σφηξ
ϩⲁⲅⲓⲁⲍⲉ,αγιαζω
ϩⲁⲅⲓⲁⲥⲙⲟⲥ,αγιασμος
ϩⲁⲅⲓⲟⲥ,ϩαγιοσ
ϩⲁⲅⲓⲱⲥⲩⲛⲏ,αγιωσυνη
ϩⲁⲅⲓⲱⲧⲁⲧⲟⲥ,αγιωτατος
ϩⲁⲅⲛⲟⲛ,αγνος
ϩⲁⲉ,εσχατος
ϩⲁⲉ,περυσι
ϩⲁⲉ,τελευταιος
ϩⲁⲉ,τελος
ϩⲁⲉ,υστερος
ϩⲁⲉⲓⲧ,προθυρον
ϩⲁⲉⲓⲧ,προπυλαιος
ϩⲁⲓ,ανηρ
ϩⲁⲓ,ποσις
ϩⲁⲓⲃⲉⲥ,σκια
ϩⲁⲓⲟ,τοιγαρ
ϩⲁⲓⲣⲉⲥⲓⲥ,αιρεσις
ϩⲁⲓⲣⲉⲥⲓⲥ,ϩαιρεσισ
ϩⲁⲓⲣⲉⲧⲓⲕⲟⲥ,αιρετικος
ϩⲁⲓⲣⲉⲧⲓⲕⲟⲥ,ϩαιρετικοσ
ϩⲁⲓⲣⲉϯⲕⲟⲥ,ϩαιρεϯκοσ
ϩⲁⲕⲟ,γοης
ϩⲁⲕⲟ,μαγος
ϩⲁⲗⲁⲕ,δακτυλιος
ϩⲁⲗⲁⲕ,σφραγις
ϩⲁⲗⲁⲕ,ϩαλακ
ϩⲁⲗⲁⲥⲥⲁ,ϩαλασσα
ϩⲁⲗⲁⲧⲏⲩ,χειμων
ϩⲁⲗⲃϣⲉ,θωραξ
ϩⲁⲗⲏⲥⲓⲥ,ϩαλησισ
ϩⲁⲗⲏⲧ,οιωνος
ϩⲁⲗⲏⲧ,ορνεον
ϩⲁⲗⲏⲧ,ορνις
ϩⲁⲗⲓⲉⲩⲥ,αλιευς
ϩⲁⲗⲓⲗ,κανθαρος
ϩⲁⲗⲗⲁⲥⲁ,ϩαλλασα
ϩⲁⲗⲙⲉ,εαρ
ϩⲁⲗⲙⲉ,εγγιγνομαι
ϩⲁⲗⲙⲉ,κρηνη
ϩⲁⲗⲙⲏϩⲉ,πλοιον
ϩⲁⲗⲙⲏϩⲉ,σκαφος
ϩⲁⲗⲙⲓ,κοπρος
ϩⲁⲗⲩⲥⲓⲥ,αλυσις
ϩⲁⲗⲩⲥⲓⲥ,ϩαλυσισ
ϩⲁⲗⲱⲙ,τυρος
ϩⲁⲗϭϩⲏⲧ,φιλιος
ϩⲁⲙ,αναγκαιος
ϩⲁⲙ,αναγκη
ϩⲁⲙⲁ,αμα
ϩⲁⲙⲁ,ϩαμα
ϩⲁⲙⲏⲓ,σκευος
ϩⲁⲙⲏⲛ,αμην
ϩⲁⲙⲏⲣ,ανοπλος
ϩⲁⲙⲏⲣ,ασπαζομαι
ϩⲁⲙⲕⲗⲗⲉ,χαλκευς
ϩⲁⲙⲛⲁⲓ,αυτοθεν
ϩⲁⲙⲛⲁⲓ,δευρο
ϩⲁⲙⲛⲁⲓ,ενθενδε
ϩⲁⲙⲛⲁⲓ,εντευθεν
ϩⲁⲙⲟⲓ,ϩαμοι
ϩⲁⲙϣⲉ,τεκτων
ϩⲁⲛ-,επιφανεια
ϩⲁⲛ-,περιχωρος
ϩⲁⲛ-,τοπος
ϩⲁⲡ,βημα
ϩⲁⲡ,γνωμη
ϩⲁⲡ,κρισις
ϩⲁⲡ,ϩαπ
ϩⲁⲡⲁⲝ,απαξ
ϩⲁⲡⲁⲝ,ϩαπαξ
ϩⲁⲡⲉⲥⲏⲧ,βασανιζω
ϩⲁⲡⲉⲥⲏⲧ,βασανος
ϩⲁⲡⲉⲥⲏⲧ,βια
ϩⲁⲡⲉⲥⲏⲧ,υπονομος
ϩⲁⲡⲉⲥⲏⲧ,υποσπονδος
ϩⲁⲡⲗⲟⲩⲛ,απλους
ϩⲁⲡⲗⲟⲩⲥ,απλους
ϩⲁⲡⲗⲟⲩⲥ,ϩαπλουσ
ϩⲁⲡⲗⲱⲥ,απλως
ϩⲁⲡⲗⲱⲥ,ϩαπλωσ
ϩⲁⲣⲁ,ϩαρα
ϩⲁⲣⲁⲧ⸗,υπο
ϩⲁⲣⲁⲧ⸗,υποδρα
ϩⲁⲣⲉϩ,φυλακη
ϩⲁⲣⲉϩ,φυλασσω
ϩⲁⲣⲓϩⲁⲣⲟ⸗,ανευ
ϩⲁⲣⲓϩⲁⲣⲟ⸗,μονος
ϩⲁⲣⲓϩⲁⲣⲟ⸗,μονοω
ϩⲁⲣⲓϩⲁⲣⲟ⸗,οιος
ϩⲁⲣⲓϩⲁⲣⲟ⸗,χωρις
ϩⲁⲣⲙⲁ,αρμα
ϩⲁⲣⲙⲁ,ϩαρμα
ϩⲁⲣⲙⲉⲛⲓⲁ,ϩαρμενια
ϩⲁⲣⲙⲉⲛⲓⲟⲥ,ϩαρμενιοσ
ϩⲁⲣⲙⲟⲍⲉ,αρμοζω
ϩⲁⲣⲙⲟⲛⲓⲁ,αρμονια
ϩⲁⲣⲙⲟⲥ,αρμος
ϩⲁⲣⲙⲟⲥ,ϩαρμοσ
ϩⲁⲣⲛ-,υπο
ϩⲁⲣⲛ-,υποδρα
ϩⲁⲣⲡⲁⲅⲏ,αρπαγη
ϩⲁⲣⲡⲁⲍⲉ,αρπαζω
ϩⲁⲣⲡⲁⲍⲉ,ϩαρπαζε
ϩⲁⲣⲡⲏ,αρπη
ϩⲁⲥ,κοπρος
ϩⲁⲧ,γλαφυρος
ϩⲁⲧ,κοιλος
ϩⲁⲧ,πλαισιον
ϩⲁⲧⲃⲉⲥ,σφαγη
ϩⲁⲧⲃⲉⲥ,φονος
ϩⲁⲧⲉ,ρεω
ϩⲁⲧⲏⲣ,σφυρα
ϩⲁⲧⲏⲩ,θυελλα
ϩⲁⲧⲛ-,παρα
ϩⲁⲧⲟⲩⲱ⸗,παρα
ϩⲁⲧⲣⲉ,διδυμος
ϩⲁⲧⲣⲉⲥ,ζευγνυμι
ϩⲁⲧⲣⲉⲥ,ζευγος
ϩⲁⲧⲣⲉⲥ,ζυγος
ϩⲁⲩϣ,τεκτων
ϩⲁⲩϭⲁⲗ,αγκιστρον
ϩⲁⲩϭⲁⲗ,αγκυρα
ϩⲁⲩϭⲁⲗ,δρεπανον
ϩⲁⲩϭⲁⲗ,ορμεω
ϩⲁⲩϭⲁⲗ,ορμιζω
ϩⲁⲯⲓⲥ,αψις
ϩⲁϣⲏⲧ,ιεραξ
ϩⲁϣⲏⲧ,κιρκος
ϩⲁϩ ⲛⲥⲟⲡ,οσακις
ϩⲁϩ ⲛⲥⲟⲡ,πλεονακις
ϩⲁϩ ⲛⲥⲟⲡ,πολλακις
ϩⲁϩⲧⲛ-,παρα
ϩⲁϭⲉ,δολος
ϩⲁϯⲗ,ταπεινος
ϩⲁϯⲗ,ταπεινοω
ϩⲃⲁ,ατυχια
ϩⲃⲁ,δυστυχια
ϩⲃⲁ,κακος
ϩⲃⲁ,συμφορα
ϩⲃⲁ,τυχη
ϩⲃⲃⲉ,αροτρον
ϩⲃⲃⲉ,αροω
ϩⲃⲟⲟⲥ,ειμα
ϩⲃⲟⲟⲥ,εσθης
ϩⲃⲟⲟⲥ,ιματιον
ϩⲃⲟⲟⲥ,πορφυρα
ϩⲃⲟⲟⲥ,σκεπασμα
ϩⲃⲟⲟⲥ,στολη
ϩⲃⲟⲣⲃⲣ,εκβολη
ϩⲃⲥⲱ,ειμα
ϩⲃⲥⲱ,εσθης
ϩⲃⲥⲱ,ιματιον
ϩⲃⲥⲱ,πορφυρα
ϩⲃⲥⲱ,στολη
ϩⲃⲱ,κλισια
ϩⲃⲱ,σκεπασμα
ϩⲃⲱ,σκηνη
ϩⲉ ⲉⲃⲟⲗ,απολλυμι
ϩⲉ ⲉⲃⲟⲗ,διαφθειρω
ϩⲉ ⲉⲃⲟⲗ,ολλυμι
ϩⲉⲃⲇⲟⲙⲁⲥ,εβδομας
ϩⲉⲃⲇⲟⲙⲁⲥ,ϩεβδομασ
ϩⲉⲃⲣⲁⲓⲁ,εβραιος
ϩⲉⲃⲣⲁⲓⲕⲟⲛ,εβραⲓκος
ϩⲉⲃⲣⲁⲓⲟⲥ,εβραιος
ϩⲉⲃⲣⲏⲥⲓⲥ,υβρισις
ϩⲉⲑⲛⲓⲕⲟⲥ,εθνικος
ϩⲉⲑⲛⲓⲕⲟⲥ,ϩεθνικοσ
ϩⲉⲑⲛⲟⲥ,εθνος
ϩⲉⲑⲛⲟⲥ,ϩεθνοσ
ϩⲉⲑⲟⲥ,ϩεθοσ
ϩⲉⲓⲕⲱⲛ,ϩεικων
ϩⲉⲓⲙⲁⲣⲙⲉⲛⲏ,ειμαρμενη
ϩⲉⲓⲣⲏⲛⲏ,ϩειρηνη
ϩⲉⲕⲁⲧⲏ,ϩεκατη
ϩⲉⲕⲁⲧⲟⲛⲧⲁⲣⲭⲟⲥ,εκατονταρχος
ϩⲉⲕⲁⲧⲟⲛⲧⲁⲣⲭⲟⲥ,ϩεκατονταρχοσ
ϩⲉⲕⲧⲟⲛ,εκτος
ϩⲉⲗⲏⲛⲟⲥ,ϩεληνοσ
ϩⲉⲗⲓ,αδεης
ϩⲉⲗⲓ,δειδω
ϩⲉⲗⲓ,δεος
ϩⲉⲗⲓ,φοβεω
ϩⲉⲗⲓ,φοβος
ϩⲉⲗⲗⲏⲛ,ελλην
ϩⲉⲗⲗⲏⲛ,ϩελλην
ϩⲉⲗⲗⲏⲛⲓⲕⲟⲛ,ελληνικος
ϩⲉⲗⲗⲏⲛⲟⲥ,ελλην
ϩⲉⲗⲙⲓⲥ,ελμις
ϩⲉⲗⲟⲥ,ελος
ϩⲉⲗⲟⲥ,ϩελοσ
ϩⲉⲗⲡⲓⲍ,ϩελπιζ
ϩⲉⲗⲡⲓⲍⲉ,ελπιζω
ϩⲉⲗⲡⲓⲍⲉ,ϩελπιζε
ϩⲉⲗⲡⲓⲥ,ελπις
ϩⲉⲗⲡⲓⲥ,ϩελπισ
ϩⲉⲙⲏⲣⲁ,ημερα
ϩⲉⲙⲛⲉⲩⲧⲏⲣⲓⲱⲛ,υμνευτηριον
ϩⲉⲛⲁⲥ,ενας
ϩⲉⲛⲁⲧⲟⲛ,ϩενατον
ϩⲉⲛⲇⲉⲕⲁⲥ,ενδεκας
ϩⲉⲛⲛⲁⲥ,εννεας
ϩⲉⲛⲧⲟⲩ,ϩεντου
ϩⲉⲝⲓⲥ,εξις
ϩⲉⲝⲓⲥ,ϩεξισ
ϩⲉⲡⲟⲩⲱ,ζητεω
ϩⲉⲡⲟⲩⲱ,ζητητεος
ϩⲉⲡⲟⲩⲱ,πυνθανομαι
ϩⲉⲡⲱϯⲥⲙⲟⲥ,υποδημα
ϩⲉⲣⲉⲥⲓⲥ,ϩερεσισ
ϩⲉⲣⲉⲧⲓⲕⲟⲥ,ϩερετικοσ
ϩⲉⲣⲙⲉⲛⲉⲩⲧⲏⲥ,ερμηνευτης
ϩⲉⲣⲙⲉⲧⲁⲣⲓⲟⲛ,ϩερμεταριον
ϩⲉⲣⲙⲏⲛⲉⲓⲁ,ερμηνεια
ϩⲉⲣⲙⲏⲛⲉⲓⲁ,ϩερμηνεια
ϩⲉⲣⲙⲏⲛⲉⲩⲉ,ερμηνευω
ϩⲉⲣⲙⲏⲛⲉⲩⲉ,ϩερμηνευε
ϩⲉⲣⲙⲏⲥ,ερμης
ϩⲉⲣⲙⲏⲥ,ϩερμησ
ϩⲉⲧⲁⲍⲉ,εταζω
ϩⲉⲧⲁⲍⲉ,ϩεταζε
ϩⲉⲧⲁⲓⲣⲁ,εταιρα
ϩⲉⲧⲣⲉ,ομφαλος
ϩⲉⲩⲣⲉⲙⲁ,ευρημα
ϩⲉⲱⲥ,εως
ϩⲉⲱⲥ,ϩεωσ
ϩⲏ,ωρα
ϩⲏ ⲛⲧⲏⲩ,αυρα
ϩⲏⲃⲉ,αλγος
ϩⲏⲃⲉ,αχος
ϩⲏⲃⲉ,λυπη
ϩⲏⲃⲉ,πενθος
ϩⲏⲃⲥ,λαμπας
ϩⲏⲃⲥ,λυχνια
ϩⲏⲃⲥ,λυχνος
ϩⲏⲅⲉⲙⲟⲛⲓⲁ,ηγεμονια
ϩⲏⲅⲉⲙⲱⲛ,ηγεμων
ϩⲏⲅⲉⲙⲱⲛ,ϩηγεμων
ϩⲏⲅⲉⲙⲱⲛⲓⲕⲟⲛ,ηγεμονικος
ϩⲏⲅⲟⲩⲙⲉⲛⲟⲥ,ηγουμενος
ϩⲏⲅⲟⲩⲙⲉⲛⲟⲥ,ϩηγουμενοσ
ϩⲏⲇⲉⲱⲥ,ϩηδεωσ
ϩⲏⲇⲏ,ϩηδη
ϩⲏⲇⲟⲛⲏ,ηδονη
ϩⲏⲇⲟⲛⲏ,ϩηδονη
ϩⲏⲕⲉ,απορος
ϩⲏⲕⲉ,πενης
ϩⲏⲕⲉ,σωματιον
ϩⲏⲕⲉ,ταλας
ϩⲏⲗⲓⲕⲓⲁ,ηλικια
ϩⲏⲗⲓⲕⲓⲁ,ϩηλικια
ϩⲏⲗⲓⲟⲥ,ηλιος
ϩⲏⲗⲓϭⲓⲁ,ηλικια
ϩⲏⲙ,σκευος
ϩⲏⲙⲉ,ακρατος
ϩⲏⲙⲉ,ασκος
ϩⲏⲙⲉ,ναυλος
ϩⲏⲙⲉ,οινος
ϩⲏⲙⲉ,οινοχοος
ϩⲏⲙⲉ,οινοψ
ϩⲏⲛⲉ,σινδων
ϩⲏⲡⲁⲣ,ηπαρ
ϩⲏⲡⲁⲣ,ϩηπαρ
ϩⲏⲡⲟⲩⲗⲩⲙⲯⲓⲥ,υπολημψις
ϩⲏⲡⲡⲉ,ειδον
ϩⲏⲡⲡⲉ ⲓⲥ,ειδον
ϩⲏⲣⲱⲇⲏⲥ,ϩηρωδησ
ϩⲏⲣⲱⲇⲓⲁⲛⲟⲥ,ηρωδιανοι
ϩⲏⲣⲱⲇⲓⲁⲛⲟⲥ,ϩηρωδιανοσ
ϩⲏⲣⲱⲇⲓⲁⲥ,ϩηρωδιασ
ϩⲏⲧ,ξυρος
ϩⲏⲧⲓⲕⲟⲛ,ιδικον
ϩⲏⲧⲣⲁ,ητρον
ϩⲏⲧ⸗,αναβαινω
ϩⲏⲧ⸗,ευθυς
ϩⲏⲧ⸗,παρερχομαι
ϩⲏⲧ⸗,προειμι
ϩⲏⲧ⸗,προπεμπω
ϩⲏⲩ,κερδαινω
ϩⲏⲩ,κερδος
ϩⲏⲩ,ονινημι
ϩⲏⲩ,ωφελεω
ϩⲓ ⲧⲟⲟⲧ⸗,αρχω
ϩⲓ ⲧⲟⲟⲧ⸗,επιχειρεω
ϩⲓ ⲧⲟⲟⲧ⸗,πειραζω
ϩⲓ ⲧⲟⲟⲧ⸗,πειραω
ϩⲓ-,βασανιζω
ϩⲓ-,βασανος
ϩⲓ-,βια
ϩⲓ-,υπονομος
ϩⲓ-,υποσπονδος
ϩⲓⲁⲗⲗⲁ,διαβαλλω
ϩⲓⲁⲗⲗⲁ,διαβολη
ϩⲓⲁⲗⲗⲁ,κακηγορια
ϩⲓⲁⲧⲣⲟⲥ,ιατρος
ϩⲓⲃⲟⲗ,αυλη
ϩⲓⲃⲟⲗ,προαστειος
ϩⲓⲃⲱⲓ,ιβις
ϩⲓⲇⲁⲓⲙⲱⲛ,ϩιδαιμων
ϩⲓⲇⲉⲙⲱⲛ,ϩιδεμων
ϩⲓⲇⲓⲟⲛ,ιδιος
ϩⲓⲇⲓⲱⲧⲏⲥ,ιδιωτης
ϩⲓⲇⲓⲱⲧⲏⲥ,ϩιδιωτησ
ϩⲓⲉ,δια
ϩⲓⲉ,διοτι
ϩⲓⲉ,ειτα
ϩⲓⲉ,ενεκα
ϩⲓⲉ,επειτα
ϩⲓⲉ,τοιγαρ
ϩⲓⲉ,υποστρεφω
ϩⲓⲉ,ωκυμορος
ϩⲓⲉⲓⲃ,αρνιον
ϩⲓⲉⲓⲃ,αρνος
ϩⲓⲉⲣⲁ,ιερος
ϩⲓⲉⲣⲁⲝ,ϩιεραξ
ϩⲓⲉⲣⲁⲧⲓⲕⲟⲛ,ιερατικος
ϩⲓⲉⲣⲁⲧⲓⲟⲛ,ιερατειον
ϩⲓⲉⲣⲟⲛ,ιερον
ϩⲓⲉⲣⲟⲫⲁⲛⲧⲏⲥ,ιεροφαντης
ϩⲓⲏ,ενοδιος
ϩⲓⲏ,ευθυς
ϩⲓⲏ,κελευθος
ϩⲓⲏ,λεωφορος
ϩⲓⲏ,οδος
ϩⲓⲏ ⲙⲙⲟⲟϣⲉ,ενοδιος
ϩⲓⲏ ⲙⲙⲟⲟϣⲉ,ευθυς
ϩⲓⲏ ⲙⲙⲟⲟϣⲉ,κελευθος
ϩⲓⲏ ⲙⲙⲟⲟϣⲉ,λεωφορος
ϩⲓⲏ ⲙⲙⲟⲟϣⲉ,οδος
ϩⲓⲑⲁϥ,οβελος
ϩⲓⲑⲃⲏⲣ ⲉⲃⲟⲗ,λακτιζω
ϩⲓⲑⲏ,αναβαινω
ϩⲓⲑⲏ,ευθυς
ϩⲓⲑⲏ,παρερχομαι
ϩⲓⲑⲏ,προειμι
ϩⲓⲑⲏ,προπεμπω
ϩⲓⲕⲁⲛⲟⲥ,ικανος
ϩⲓⲕⲁⲛⲟⲥ,ϩικανοσ
ϩⲓⲕⲟⲛⲓⲕⲟⲥ,εικονικως
ϩⲓⲕⲱⲛ,εικων
ϩⲓⲕⲱⲛ,ϩικων
ϩⲓⲕⲱⲧⲉ,στρατοπεδευω
ϩⲓⲗⲁ,διαβαλλω
ϩⲓⲗⲁ,διαβολη
ϩⲓⲗⲁ,κακηγορια
ϩⲓⲗⲓⲕⲣⲓⲛⲉⲥ,ϩιλικρινεσ
ϩⲓⲗⲓⲕⲣⲓⲛⲏⲥ,ειλικρινης
ϩⲓⲗⲗⲁⲣⲓⲁ,ϩιλλαρια
ϩⲓⲙⲁⲣⲙⲉⲛⲏ,ειμαρμενη
ϩⲓⲙⲁⲣⲙⲉⲛⲏ,ϩιμαρμενη
ϩⲓⲙⲉⲣⲟⲥ,ιμερος
ϩⲓⲙⲟⲟⲩ,ομβρος
ϩⲓⲙⲟⲟⲩ,υω
ϩⲓⲛ,ναυς
ϩⲓⲛ,πλοιον
ϩⲓⲛ,σκευος
ϩⲓⲛ,χαλκειος
ϩⲓⲛ,χαλκους
ϩⲓⲛⲁ,ινα
ϩⲓⲛⲁ,ϩινα
ϩⲓⲛⲁⲓ,ορμαινω
ϩⲓⲛⲁⲓ,ουτως
ϩⲓⲛⲁⲓ,ωδε
ϩⲓⲛⲏⲃ,ευδω
ϩⲓⲛⲏⲃ,καθευδω
ϩⲓⲛⲏⲃ,κοιμαω
ϩⲓⲛⲏⲃ,υπνος
ϩⲓⲛⲓⲉ,πηδαλιον
ϩⲓⲟⲩⲉ,παιω
ϩⲓⲟⲩⲉ,τυπτω
ϩⲓⲟⲩⲓ ⲉⲡϩⲁⲡ,καταγιγνωσκω
ϩⲓⲟⲩⲓ ⲉⲡϩⲁⲡ,κατακρινω
ϩⲓⲟⲩⲓ ⲉⲡϩⲁⲡ,καταψηφιζομαι
ϩⲓⲡⲁϩⲟⲩ,καταλειπω
ϩⲓⲡⲁϩⲟⲩ,καταμενω
ϩⲓⲡⲁϩⲟⲩ,κατοπιν
ϩⲓⲡⲁϩⲟⲩ,λειπω
ϩⲓⲡⲁϩⲟⲩ,οπισθεν
ϩⲓⲡⲉ,ανωθεν
ϩⲓⲡⲉ,αριδεικετος
ϩⲓⲡⲉ,ειρω
ϩⲓⲡⲉ,κρειων
ϩⲓⲡⲉ,υπερκειμαι
ϩⲓⲡⲓⲥⲧⲁⲩⲣⲟⲥ,ϩιπισταυροσ
ϩⲓⲡⲡⲉⲩⲥ,ιππευς
ϩⲓⲡⲡⲉⲩⲥ,ϩιππευσ
ϩⲓⲡⲡⲓⲕⲟⲥ,ιππικος
ϩⲓⲡϣⲙⲙⲟ,αποδημεω
ϩⲓⲣ,αγυια
ϩⲓⲣ,ενοδιος
ϩⲓⲣ,ευθυς
ϩⲓⲣ,λεωφορος
ϩⲓⲣ,οδος
ϩⲓⲣⲁⲧ⸗,ευθυς
ϩⲓⲣⲏⲛⲏ,ϩιρηνη
ϩⲓⲣϩⲓⲣⲉ,ενοδιος
ϩⲓⲣϩⲓⲣⲉ,ευθυς
ϩⲓⲣϩⲓⲣⲉ,λεωφορος
ϩⲓⲣϩⲓⲣⲉ,οδος
ϩⲓⲣϩⲓⲣⲉ,συντομος
ϩⲓⲥⲁⲅⲅⲉⲗⲟⲥ,ισαγγελος
ϩⲓⲥⲁⲅⲅⲉⲗⲟⲥ,ϩισαγγελοσ
ϩⲓⲥⲁⲩⲣⲟⲥ,ισαυρος
ϩⲓⲥⲕⲉⲛ-,παρα
ϩⲓⲥⲟⲇⲩⲛⲁⲙⲓⲥ,ισοδυναμις
ϩⲓⲥⲟⲇⲩⲛⲁⲙⲟⲥ,ισοδυναμος
ϩⲓⲥⲟⲛ,ισον
ϩⲓⲥⲟⲛ,ϩισον
ϩⲓⲥⲟⲥ,ισος
ϩⲓⲥⲟⲥ,ϩισοσ
ϩⲓⲥⲟⲭⲣⲟⲛⲟⲥ,ισοχρονος
ϩⲓⲥⲧⲁⲩⲣⲟⲥ,ϩισταυροσ
ϩⲓⲥⲧⲏⲣ,υστερεω
ϩⲓⲥⲧⲟⲣⲉⲓⲛ,ϩιστορειν
ϩⲓⲥⲧⲟⲣⲓ,ιστορεω
ϩⲓⲥⲧⲟⲣⲓⲍⲉ,ιστοριζω
ϩⲓⲥⲧⲟⲣⲓⲍⲉ,ϩιστοριζε
ϩⲓⲥⲧⲱⲣⲓⲁ,ϩιστωρια
ϩⲓⲥⲱⲛ,ϩισων
ϩⲓⲧⲁⲗⲓⲕⲏ,ιταλικος
ϩⲓⲧⲉ,δερω
ϩⲓⲧⲟⲩⲱⲛ-,παρα
ϩⲓⲫⲱⲛⲏ,ϩιφωνη
ϩⲓⲱⲙⲉ,φοινιξ
ϩⲓϩⲏ,αναβαινω
ϩⲓϩⲏ,ευθυς
ϩⲓϩⲏ,παρερχομαι
ϩⲓϩⲏ,προειμι
ϩⲓϩⲏ,προπεμπω
ϩⲓϩⲟⲩⲛ,απροαιρετος
ϩⲓϩⲟⲩⲛ,ενδον
ϩⲓϩⲟⲩⲛ,εντος
ϩⲓϩⲟⲩⲛ,κατακλαω
ϩⲓϩⲣⲁⲓ,ανοος
ϩⲓϫⲉⲛⲁⲙⲟⲛⲓ,κρατεω
ϩⲓϫⲉⲛⲁⲙⲟⲛⲓ,νικαω
ϩⲓϫⲛ-,παρα
ϩⲓϭⲗⲁ,ωθεω
ϩⲓϭⲗⲱ,αμπελος
ϩⲕⲟ,λιμος
ϩⲕⲟ,πειναω
ϩⲗⲓ,απρακτος
ϩⲗⲓ,μηδεις
ϩⲗⲓ,οτιουν
ϩⲗⲓ,ουδεις
ϩⲗⲕⲟⲩ,δρεπανον
ϩⲗⲟⲉⲓⲗⲉ,νεω
ϩⲗⲟⲉⲓⲗⲉ,νηχω
ϩⲗⲟⲗ,ηεροεις
ϩⲗⲟⲗ,κνεφας
ϩⲗⲟⲗ,σκοτος
ϩⲗⲟⲟⲗⲉ,μαιον
ϩⲗⲟⲟⲗⲉ,τρεφω
ϩⲗⲟⲟⲗⲉ,τροφος
ϩⲗⲟⲡⲗⲡ,απορια
ϩⲗⲟⲡⲗⲡ,καματος
ϩⲗⲟⲡⲗⲡ,λυπεω
ϩⲗⲟⲥⲧⲛ,αηρ
ϩⲗⲟⲥⲧⲛ,αχλυς
ϩⲗⲟⲥⲧⲛ,ομιχλη
ϩⲗⲟⲩⲱ,αμφισβητεω
ϩⲗⲟⲩⲱ,αμφισβητησις
ϩⲗⲟⲩⲱ,αποκρινω
ϩⲗⲟⲩⲱ,ειπον
ϩⲗⲟⲩⲱ,φημι
ϩⲗⲡⲉ,ομφαλος
ϩⲗⲡⲓⲍⲉ,ϩλπιζε
ϩⲙⲉ,τεσσαρακοντα
ϩⲙⲉ,τεσσαρες
ϩⲙⲉ,τετρακισμυριοι
ϩⲙⲉⲛⲉ,ογδοηκοντα
ϩⲙⲙⲉ,κυβερνητης
ϩⲙⲛⲧⲱⲣⲉ,σημα
ϩⲙⲛⲧⲱⲣⲉ,συμβολον
ϩⲙⲛⲧⲱⲣⲉ,συνθημα
ϩⲙⲟⲙ,θαλπος
ϩⲙⲟⲙ,θερμος
ϩⲙⲟⲙ,θερμοτης
ϩⲙⲟⲙ,καυμα
ϩⲙⲟⲟⲥ,κατοικεω
ϩⲙⲟⲟⲥ,λειπω
ϩⲙⲟⲟⲥ,λοιπος
ϩⲙⲟⲟⲥ,μενω
ϩⲙⲟⲟⲥ,ναιω
ϩⲙⲟⲟⲥ,οικεω
ϩⲙⲟⲧ,δοσις
ϩⲙⲟⲧ,δωρεα
ϩⲙⲟⲧ,δωρον
ϩⲙⲟⲧ,χαρις
ϩⲙⲟⲩ,αλμυρος
ϩⲙⲟⲩ,αλς
ϩⲙⲟϫ,γιγνομαι
ϩⲙⲟϫ,γνωριζω
ϩⲙⲟϫ,εξερημοω
ϩⲙϫ,οξος
ϩⲛ ⲟⲩϭⲉⲡⲏ,αιψα
ϩⲛ ⲟⲩϭⲉⲡⲏ,αυτικα
ϩⲛ ⲟⲩϭⲉⲡⲏ,θασσων
ϩⲛ ⲟⲩϭⲉⲡⲏ,καρπαλιμος
ϩⲛ ⲟⲩϭⲉⲡⲏ,ταχυς
ϩⲛⲁⲁⲩ ⲛⲕⲁⲥⲟⲧⲉ,φαρετρα
ϩⲛⲁⲩ,αγγειον
ϩⲛⲁⲩ,ναυς
ϩⲛⲁⲩ,πλοιον
ϩⲛⲁⲩ,σκευος
ϩⲛⲁⲩ,χαλκειος
ϩⲛⲁⲩ,χαλκους
ϩⲛⲉ,θαυμα
ϩⲛⲉ,θαυμαζω
ϩⲛⲉ,θαυμαστος
ϩⲛⲟⲩⲙⲉ,ετητυμος
ϩⲛⲟⲩⲙⲟⲧⲛⲉⲥ,ραδιος
ϩⲛⲟⲩⲙⲟⲧⲛⲉⲥ,ρεια
ϩⲛⲟⲩⲙⲧⲟⲛ,ραδιος
ϩⲛⲟⲩⲙⲧⲟⲛ,ρεια
ϩⲛⲟⲩⲥⲟⲟⲩⲧⲛ,αιψα
ϩⲛⲟⲩⲥⲟⲟⲩⲧⲛ,αυτικα
ϩⲛⲟⲩⲧⲁϫⲣⲟ,ουδαμος
ϩⲛⲧⲙⲏⲧⲉ,διαφερω
ϩⲛⲧⲙⲏⲧⲉ,ιθακη
ϩⲛⲧⲙⲏⲧⲉ,μεταιχμιος
ϩⲛⲧⲙⲏⲧⲉ,οριζω
ϩⲛⲧⲡⲉ,ανωθεν
ϩⲛⲧⲡⲉ,αριδεικετος
ϩⲛⲧⲡⲉ,ειρω
ϩⲛⲧⲡⲉ,κρειων
ϩⲛⲧⲡⲉ,υπερκειμαι
ϩⲛⲱⲱϩⲉ,αδεης
ϩⲛⲱⲱϩⲉ,δειδω
ϩⲛⲱⲱϩⲉ,δεος
ϩⲛⲱⲱϩⲉ,φοβεω
ϩⲛⲱⲱϩⲉ,φοβος
ϩⲛϣⲱⲙ,εαρ
ϩⲛϣⲱⲙ,εγγιγνομαι
ϩⲛϣⲱⲙ,κρηνη
ϩⲟ,λιπαρος
ϩⲟ,ξυρος
ϩⲟ,ομμα
ϩⲟ,προσωπον
ϩⲟⲃⲟⲗⲟⲥ,οβολος
ϩⲟⲃⲟⲗⲟⲥ,ϩοβολοσ
ϩⲟⲃⲥⲧ,κρατος
ϩⲟⲃⲥⲧ,χειμων
ϩⲟⲇⲟⲥ,οδος
ϩⲟⲉⲓⲙ,κλυδων
ϩⲟⲉⲓⲙ,κυμα
ϩⲟⲓⲟⲛ,οιος
ϩⲟⲓⲣⲉ,κοπρος
ϩⲟⲕⲙⲉⲥ,φορειον
ϩⲟⲗⲓⲅⲟⲛ,ολιγος
ϩⲟⲗⲟⲕⲁⲩⲧⲱⲙⲁ,ολοκαυτωμα
ϩⲟⲗⲟⲕⲁⲩⲧⲱⲙⲁ,ϩολοκαυτωμα
ϩⲟⲗⲟⲕⲟⲧⲧⲓⲛⲟⲥ,ολοκοττινος
ϩⲟⲗⲟⲕⲟⲧⲧⲓⲛⲟⲥ,ϩολοκοττινοσ
ϩⲟⲗⲟⲛ,ολος
ϩⲟⲗⲟⲥⲏⲣⲓⲕⲕⲟⲛ,ολοσηρικον
ϩⲟⲗⲱⲥ,ολως
ϩⲟⲗⲱⲥ,ϩολωσ
ϩⲟⲙ,σφυρα
ϩⲟⲙⲁⲓⲱⲥ,ϩομαιωσ
ϩⲟⲙⲓⲗⲓⲁ,ομιλια
ϩⲟⲙⲓⲗⲓⲁ,ϩομιλια
ϩⲟⲙⲛⲧ,χαλκειος
ϩⲟⲙⲛⲧ,χαλκεος
ϩⲟⲙⲛⲧ,χαλκηρης
ϩⲟⲙⲛⲧ,χαλκος
ϩⲟⲙⲛⲧ,χαλκους
ϩⲟⲙⲛⲧⲃⲁⲣⲱⲧ,χαλκειος
ϩⲟⲙⲛⲧⲃⲁⲣⲱⲧ,χαλκεος
ϩⲟⲙⲛⲧⲃⲁⲣⲱⲧ,χαλκηρης
ϩⲟⲙⲛⲧⲃⲁⲣⲱⲧ,χαλκος
ϩⲟⲙⲟⲓⲱⲥ,ϩομοιωσ
ϩⲟⲙⲟⲗⲟⲅⲉⲓ,ομολογεω
ϩⲟⲙⲟⲗⲟⲅⲉⲓ,ϩομολογει
ϩⲟⲙⲟⲗⲟⲅⲏⲧⲏⲥ,ομολογητης
ϩⲟⲙⲟⲗⲟⲅⲏⲧⲏⲥ,ϩομολογητησ
ϩⲟⲙⲟⲗⲟⲅⲓⲁ,ομολογια
ϩⲟⲙⲟⲗⲟⲅⲓⲁ,ϩομολογια
ϩⲟⲙⲟⲛⲟⲓ,ομονοεω
ϩⲟⲙⲟⲛⲟⲓⲁ,ομονοια
ϩⲟⲙⲟⲟⲩⲥⲓⲟⲛ,ομοουσιος
ϩⲟⲙⲟⲟⲩⲥⲓⲟⲛ,ϩομοουσιον
ϩⲟⲙⲟⲟⲩⲥⲓⲟⲥ,ομοουσιος
ϩⲟⲙⲟⲟⲩⲥⲓⲟⲥ,ϩομοουσιοσ
ϩⲟⲙⲟⲡⲛⲉⲩⲙⲁ,ομοπνευμα
ϩⲟⲙⲱⲥ,ομως
ϩⲟⲙϩⲉⲙ,πατεω
ϩⲟⲛⲃⲉ,εαρ
ϩⲟⲛⲃⲉ,εγγιγνομαι
ϩⲟⲛⲃⲉ,κρηνη
ϩⲟⲛϩⲉⲛ,αρχω
ϩⲟⲛϩⲉⲛ,ηγεμονια
ϩⲟⲛϩⲉⲛ,κελευω
ϩⲟⲛϩⲉⲛ,προστασσω
ϩⲟⲛϩⲉⲛ,στρατηγια
ϩⲟⲟⲙⲉ,λεπτος
ϩⲟⲟⲩ,ασεβημα
ϩⲟⲟⲩ,πονηρος
ϩⲟⲟⲩⲧ,ανηρ
ϩⲟⲟⲩⲧ,αρσην
ϩⲟⲟⲩⲧ,θηρ
ϩⲟⲟⲩⲧ,θηριον
ϩⲟⲟⲩⲧ,κτηνος
ϩⲟⲟⲩⲧ,ποσις
ϩⲟⲟⲩⲧⲛ,ενοδιος
ϩⲟⲟⲩⲧⲛ,ευθυς
ϩⲟⲟⲩⲧⲛ,λεωφορος
ϩⲟⲟⲩⲧⲛ,οδος
ϩⲟⲟⲩϣ,αρα
ϩⲟⲟⲩϣ,λοιδορεω
ϩⲟⲟⲩϣ,λοιδορια
ϩⲟⲟⲩϣ,υβριζω
ϩⲟⲡⲗⲓⲍⲉ,οπλιζω
ϩⲟⲡⲗⲟⲛ,οπλον
ϩⲟⲡⲗⲟⲛ,ϩοπλον
ϩⲟⲡⲟⲧⲉ,οποτε
ϩⲟⲡⲟⲩ,οπου
ϩⲟⲡⲟⲩ,ϩοπου
ϩⲟⲡⲱⲥ,οπως
ϩⲟⲡⲱⲥ,ϩοπωσ
ϩⲟⲡϩⲡ,ταραχη
ϩⲟⲣⲁⲙⲁ,ϩοραμα
ϩⲟⲣⲁⲥⲓⲥ,ορασις
ϩⲟⲣⲁⲥⲓⲥ,ϩορασισ
ϩⲟⲣⲁⲧⲟⲛ,ορατος
ϩⲟⲣⲓⲍⲉ,οριζω
ϩⲟⲣⲓⲍⲉ,ϩοριζε
ϩⲟⲣⲓⲟⲛ,ϩοριον
ϩⲟⲣⲕϥ,ηρεμεω
ϩⲟⲣⲕϥ,ησυχαζω
ϩⲟⲣⲕϥ,ησυχια
ϩⲟⲣⲕϥ,σιγαω
ϩⲟⲣⲕϥ,σιωπαω
ϩⲟⲣⲙⲏ,ορμη
ϩⲟⲣⲙⲏ,ϩορμη
ϩⲟⲣⲙⲓⲥⲕⲟⲥ,ορμισκος
ϩⲟⲣⲟⲙⲁ,οραμα
ϩⲟⲣⲟⲙⲁ,ϩορομα
ϩⲟⲣⲟⲥ,ορος
ϩⲟⲣⲟⲥ,ϩοροσ
ϩⲟⲣⲧϥ,ειδωλον
ϩⲟⲣⲧϥ,φαντασμα
ϩⲟⲥⲃ,αγορα
ϩⲟⲥⲃ,αγορανομος
ϩⲟⲥⲃ,εμποριον
ϩⲟⲥⲓⲱⲧⲁⲧⲟⲥ,οσιωτατος
ϩⲟⲥⲓⲱⲧⲁⲧⲟⲥ,ϩοσιωτατοσ
ϩⲟⲥⲟⲛ,οσος
ϩⲟⲥⲟⲛ,ϩοσον
ϩⲟⲧ,αντιστρατοπεδευω
ϩⲟⲧ,εναντιος
ϩⲟⲧ,εναργης
ϩⲟⲧ,οψις
ϩⲟⲧ,παρουσια
ϩⲟⲧ,περαιος
ϩⲟⲧⲁⲛ,οταν
ϩⲟⲧⲁⲛ,ϩοταν
ϩⲟⲧⲉ,οτε
ϩⲟⲧⲉ,περαω
ϩⲟⲧⲉ,υπερ
ϩⲟⲧⲉ,ϩοτε
ϩⲟⲧϩⲧ,ερομαι
ϩⲟⲧϩⲧ,ερωταω
ϩⲟⲧϩⲧ,ζητεω
ϩⲟⲧϩⲧ,ζητησις
ϩⲟⲧϩⲧ,σκεψις
ϩⲟⲩⲉⲓⲧ,ακροθινιον
ϩⲟⲩⲉⲓⲧ,ανεψιος
ϩⲟⲩⲉⲓⲧ,αρχη
ϩⲟⲩⲉⲓⲧ,νουμηνια
ϩⲟⲩⲉⲓⲧ,προτερος
ϩⲟⲩⲏⲧ,ναυτης
ϩⲟⲩⲙⲓⲥⲉ,γενεθλιος
ϩⲟⲩⲟ,πολλαπλασιος
ϩⲟⲩⲟⲭⲣⲓⲁ,ϩουοχρια
ϩⲟⲩⲣⲉ-,αποστερεω
ϩⲟⲩⲣⲉ-,αφαιρεω
ϩⲟⲩⲣⲓⲧ,επιτροπος
ϩⲟⲩⲣⲓⲧ,σκοπος
ϩⲟⲩⲣⲓⲧ,φυλαξ
ϩⲟϥ,δρακων
ϩⲟϥ,οφις
ϩⲟϫϩϫ,απορια
ϩⲟϫϩϫ,δεω
ϩⲟϫϩϫ,λυπεω
ϩⲟϫϩϫ,προσδεω
ϩⲟϫϩϫ,σπανιζω
ϩⲟϫϩϫ,χρεια
ϩⲡⲟⲧ,πλεθρον
ϩⲡⲟⲧ,τετραπους
ϩⲣⲁ,αναγκαζω
ϩⲣⲁ,αναγκη
ϩⲣⲁ,απελαυνω
ϩⲣⲁ,ελαυνω
ϩⲣⲁ,εξελαυνω
ϩⲣⲁⲃⲇⲟⲥ,ϩραβδοσ
ϩⲣⲁⲃⲧⲱⲥ,ραβδος
ϩⲣⲁⲙⲛⲟⲥ,ραμνος
ϩⲣⲁⲭⲁ,ρακα
ϩⲣⲃ,κηρυκειον
ϩⲣⲃ,ραβδος
ϩⲣⲃⲱⲧ,βακτηρια
ϩⲣⲃⲱⲧ,επικαιριος
ϩⲣⲃⲱⲧ,κηρυκειον
ϩⲣⲃⲱⲧ,λευγαλεος
ϩⲣⲃⲱⲧ,ραβδος
ϩⲣⲃⲱⲧ,σκηπτρον
ϩⲣⲉ,ασιτος
ϩⲣⲉ,δεω
ϩⲣⲉ,προσδεω
ϩⲣⲉ,σιτιον
ϩⲣⲉ,σιτος
ϩⲣⲉ,σπανιζω
ϩⲣⲉ,τροφη
ϩⲣⲉ,χορτος
ϩⲣⲉ,χρεια
ϩⲣⲉⲟⲛ,ρεον
ϩⲣⲉⲡⲓⲍⲉ,ριπιζω
ϩⲣⲉⲩⲙⲁ,ρευμα
ϩⲣⲉⲩⲙⲁⲧⲓⲥⲉ,ρευματιζειν
ϩⲣⲏⲣⲉ,ανθος
ϩⲣⲏⲧⲟⲛ,ρητον
ϩⲣⲏⲧⲟⲛ,ϩρητον
ϩⲣⲏⲧⲱⲣ,ρητωρ
ϩⲣⲏⲧⲱⲣ,ϩρητωρ
ϩⲣⲏϣⲉ,βαρος
ϩⲣⲏϣⲉ,σταθμος
ϩⲣⲟⲇⲓⲛⲟⲛ,ροδινος
ϩⲣⲟⲕⲉⲩⲉ,ϩροκευε
ϩⲣⲟⲟⲩ,αυδη
ϩⲣⲟⲟⲩ,υγιης
ϩⲣⲟⲟⲩ,φωνη
ϩⲣⲟⲩⲙⲡⲉ,βρονταω
ϩⲣⲟⲩⲙⲡⲉ,βροντη
ϩⲣⲟⲩⲙⲡⲉ,κεραυνος
ϩⲣⲟⲩⲟⲩⲇϥ,απολλυμι
ϩⲣⲟⲩⲟⲩⲇϥ,διαφθειρω
ϩⲣⲟⲩⲟⲩⲇϥ,ολλυμι
ϩⲣⲟⲩⲣ,ληγω
ϩⲣⲟⲩⲣ,ουκετι
ϩⲣⲟⲩⲣ,παυω
ϩⲣⲟϣ,αχθος
ϩⲣⲟϣ,βαρος
ϩⲣⲟϣ,σταθμος
ϩⲣⲟϣ,υποζυγιον
ϩⲣⲣⲉ,ληγω
ϩⲣⲣⲉ,ουκετι
ϩⲣⲣⲉ,παυω
ϩⲣⲧⲉ,αδεης
ϩⲣⲧⲉ,δειδω
ϩⲣⲧⲉ,δεος
ϩⲣⲧⲉ,φοβεω
ϩⲣⲧⲉ,φοβος
ϩⲣⲱⲙⲁⲓⲕⲟⲛ,ρωμαικος
ϩⲣⲱⲙⲁⲓⲟⲥ,ρωμαιος
ϩⲣⲱⲙⲁⲓⲟⲥ,ϩρωμαιοσ
ϩⲣⲱⲙⲁⲛⲓⲁ,ϩρωμανια
ϩⲣⲱⲙⲁⲛⲟⲥ,ϩρωμανοσ
ϩⲣⲱⲙⲏ,ϩρωμη
ϩⲣϣⲓⲣⲉ,ληκυθιον
ϩⲣϣⲓⲣⲉ,μικρος
ϩⲣϣⲓⲣⲉ,ολιγος
ϩⲣϣⲓⲣⲉ,παιδιον
ϩⲧⲁⲓ,γιγνομαι
ϩⲧⲁⲓ,γνωριζω
ϩⲧⲁⲓ,εξερημοω
ϩⲧⲟⲓ,καρπος
ϩⲧⲟⲙⲧⲙ,αηρ
ϩⲧⲟⲙⲧⲙ,αχλυς
ϩⲧⲟⲙⲧⲙ,ηεροεις
ϩⲧⲟⲙⲧⲙ,κνεφας
ϩⲧⲟⲙⲧⲙ,ομιχλη
ϩⲧⲟⲙⲧⲙ,σκοτος
ϩⲧⲟⲟⲩⲉ,εωθεν
ϩⲧⲟⲟⲩⲉ,ηριγενεια
ϩⲧⲟⲟⲩⲉ,ηως
ϩⲧⲟⲟⲩⲉ,πρωι
ϩⲧⲟⲡ,μετρον
ϩⲧⲟⲡ,σκευος
ϩⲧⲟⲣ,αναγκαιος
ϩⲧⲟⲣ,αναγκη
ϩⲩⲁⲕⲓⲛⲑⲓⲛⲟⲛ,υακινθινος
ϩⲩⲁⲕⲓⲛⲑⲓⲛⲟⲛ,ϩυακινθινον
ϩⲩⲁⲕⲓⲛⲑⲟⲥ,υακινθος
ϩⲩⲃⲣⲓⲍⲉ,υβριζω
ϩⲩⲃⲣⲓⲍⲉ,ϩυβριζε
ϩⲩⲃⲣⲓⲥⲧⲏⲥ,υβριστης
ϩⲩⲅⲟⲩⲙⲉⲛⲟⲥ,ϩυγουμενοσ
ϩⲩⲇⲁⲛⲉ,ϩυδανε
ϩⲩⲇⲟⲛⲏ,ϩυδονη
ϩⲩⲇⲣⲓⲁ,υδρια
ϩⲩⲇⲣⲓⲁ,ϩυδρια
ϩⲩⲇⲣⲟⲡⲓⲕⲟⲥ,υδρωπικος
ϩⲩⲗⲏ,ηλος
ϩⲩⲗⲏ,ϩυλη
ϩⲩⲗⲓⲕⲏ,υλικος
ϩⲩⲗⲓⲕⲏ,ϩυλικη
ϩⲩⲗⲓⲕⲟⲛ,υλικος
ϩⲩⲗⲓⲕⲟⲛ,ϩυλικον
ϩⲩⲗⲓⲕⲟⲥ,υλικος
ϩⲩⲗⲓⲕⲟⲥ,ϩυλικοσ
ϩⲩⲗⲟⲥ,ϩυλοσ
ϩⲩⲗⲩⲅⲓⲁ,ηλικια
ϩⲩⲙⲉⲕⲣⲁⲛⲓⲟⲛ,ημικρανιον
ϩⲩⲙⲏⲛ,υμην
ϩⲩⲙⲛⲉⲩⲉ,υμνευω
ϩⲩⲙⲛⲉⲩⲉ,ϩυμνευε
ϩⲩⲙⲛⲓ,υμνεω
ϩⲩⲙⲛⲟⲗⲟⲅⲉⲓ,υμνολογεω
ϩⲩⲙⲛⲟⲗⲟⲅⲓⲁ,υμνολογια
ϩⲩⲙⲛⲟⲥ,υμνος
ϩⲩⲙⲛⲟⲥ,ϩυμνοσ
ϩⲩⲙⲛⲱⲧⲟⲥ,υμνωδος
ϩⲩⲡⲁⲅⲟⲣⲉⲩⲉ,υπαγορευω
ϩⲩⲡⲁⲣⲏⲥ,υπαρης
ϩⲩⲡⲁⲣⲝⲓⲥ,υπαρξις
ϩⲩⲡⲁⲣⲭⲟⲛⲧⲁ,υπαρχοντα
ϩⲩⲡⲁⲣⲭⲟⲛⲧⲁ,ϩυπαρχοντα
ϩⲩⲡⲉⲣⲉⲥⲓⲁ,ϩυπερεσια
ϩⲩⲡⲉⲣⲉⲧⲉⲓ,ϩυπερετει
ϩⲩⲡⲉⲣⲉⲧⲏⲥ,ϩυπερετησ
ϩⲩⲡⲉⲣⲉⲭⲓⲟⲥ,ϩυπερεχιοσ
ϩⲩⲡⲉⲩⲑⲉⲛⲟⲥ,υπευθυνος
ϩⲩⲡⲏⲣⲉⲥⲓⲁ,υπηρεσια
ϩⲩⲡⲏⲣⲉⲧⲉⲓ,υπηρετεω
ϩⲩⲡⲏⲣⲉⲧⲏⲥ,υπηρετης
ϩⲩⲡⲏⲣⲉⲧⲏⲥ,ϩυπηρετησ
ϩⲩⲡⲏⲣⲉⲭⲓⲟⲥ,ϩυπηρεχιοσ
ϩⲩⲡⲓⲥⲭⲟⲩ,υπισχνεομαι
ϩⲩⲡⲟⲃⲁⲗⲉ,υποβαλλω
ϩⲩⲡⲟⲅⲣⲁⲫⲉ,υπογραφω
ϩⲩⲡⲟⲅⲣⲁⲫⲉ,ϩυπογραφε
ϩⲩⲡⲟⲅⲣⲁⲫⲉⲩⲥ,υπογραφευς
ϩⲩⲡⲟⲅⲣⲁⲫⲏ,υπογραφη
ϩⲩⲡⲟⲇⲏⲙⲁ,ϩυποδημα
ϩⲩⲡⲟⲇⲓⲁⲕⲟⲛⲟⲥ,υποδιακονος
ϩⲩⲡⲟⲇⲓⲁⲕⲱⲛ,υποδιακων
ϩⲩⲡⲟⲑⲉⲥⲓⲥ,υποθεσις
ϩⲩⲡⲟⲑⲏⲕⲏ,υποθηκη
ϩⲩⲡⲟⲕⲉιⲙⲉⲛⲟⲥ,υποκειμαι
ϩⲩⲡⲟⲕⲉⲓⲥⲑⲁⲓ,υποκειμαι
ϩⲩⲡⲟⲕⲟⲣⲉⲩⲉ,υποκορευω
ϩⲩⲡⲟⲕⲣⲓⲛⲉ,υποκρινω
ϩⲩⲡⲟⲕⲣⲓⲛⲉ,ϩυποκρινε
ϩⲩⲡⲟⲕⲣⲓⲥⲓⲥ,υποκρισις
ϩⲩⲡⲟⲕⲣⲓⲥⲓⲥ,ϩυποκρισισ
ϩⲩⲡⲟⲕⲣⲓⲧⲏⲥ,υποκριτης
ϩⲩⲡⲟⲕⲣⲓⲧⲏⲥ,ϩυποκριτησ
ϩⲩⲡⲟⲗⲩⲙⲯⲓⲥ,υπολημψις
ϩⲩⲡⲟⲙⲉⲓⲛⲉ,ϩυπομεινε
ϩⲩⲡⲟⲙⲓⲛⲉ,υπομενω
ϩⲩⲡⲟⲙⲓⲛⲉ,ϩυπομινε
ϩⲩⲡⲟⲙⲓⲛⲏ,ϩυπομινη
ϩⲩⲡⲟⲙⲛⲏⲙⲁ,υπομνημα
ϩⲩⲡⲟⲙⲛⲏⲙⲁ,ϩυπομνημα
ϩⲩⲡⲟⲙⲛⲏⲥⲓⲥ,υπομνησις
ϩⲩⲡⲟⲙⲛⲏⲥⲕⲉ,υπομνησκω
ϩⲩⲡⲟⲙⲛⲓⲍⲉ,υπομνησκω
ϩⲩⲡⲟⲙⲟⲛⲏ,υπομονη
ϩⲩⲡⲟⲙⲟⲛⲏ,ϩυπομονη
ϩⲩⲡⲟⲡⲟⲇⲓⲟⲛ,υποποδιον
ϩⲩⲡⲟⲡⲟⲇⲓⲟⲛ,ϩυποποδιον
ϩⲩⲡⲟⲥⲧⲁⲥⲓⲥ,υποστασις
ϩⲩⲡⲟⲥⲧⲁⲥⲓⲥ,ϩυποστασισ
ϩⲩⲡⲟⲧⲁⲅⲏ,υποταγη
ϩⲩⲡⲟⲧⲁⲅⲏ,ϩυποταγη
ϩⲩⲡⲟⲧⲁⲥⲥⲉ,υποτασσω
ϩⲩⲡⲟⲧⲁⲥⲥⲉ,ϩυποτασσε
ϩⲩⲡⲟⲩⲣⲅⲉⲓ,υπουργεω
ϩⲩⲡⲟⲩⲣⲅⲉⲓ,ϩυπουργει
ϩⲩⲡⲟⲩⲣⲅⲓⲁ,υπουργια
ϩⲩⲡⲟⲩⲣⲅⲓⲥⲑⲉ,υπουργεω
ϩⲩⲡⲟⲭⲟⲣⲉⲓ,υποχωρεω
ϩⲩⲡⲱⲣⲁ,υπωρα
ϩⲩⲡⲱⲣⲁⲟⲛ,υπωρειος
ϩⲩⲥⲥⲱⲡⲟⲛ,υσσωπον
ϩⲩⲥⲥⲱⲡⲟⲥ,ϩυσσωποσ
ϩⲩⲥⲧⲉⲣⲏⲙⲁ,υστερημα
ϩⲩⲥⲧⲟⲣⲓⲛ,ϩυστοριν
ϩⲩⲥⲩⲭⲓⲁ,ησυχια
ϩⲱⲃ,εκπονεω
ϩⲱⲃ,εργαζομαι
ϩⲱⲃ,εργον
ϩⲱⲃ,πραγμα
ϩⲱⲃ,υλη
ϩⲱⲃⲥ,σκεπασμα
ϩⲱⲇⲏ,ϩωδη
ϩⲱⲕ,βαλλω
ϩⲱⲕⲉ,ξυρεω
ϩⲱⲗ,ακοντιζω
ϩⲱⲗ,αποβαλλω
ϩⲱⲗ,βαλλω
ϩⲱⲗ,εμβαλλω
ϩⲱⲗ,ριπτω
ϩⲱⲗⲉⲙ,αρπαγη
ϩⲱⲗⲉⲙ,λαφυρα
ϩⲱⲗⲉⲙ,σκυλον
ϩⲱⲗⲕ,αγκιστρον
ϩⲱⲗⲕ,δρεπανον
ϩⲱⲗϭ,ασπαζομαι
ϩⲱⲙⲧ,αιδως
ϩⲱⲙⲧ,αισχρος
ϩⲱⲙⲧ,αισχυνη
ϩⲱⲙⲧ,αισχυνω
ϩⲱⲙⲧ,καταισχυνω
ϩⲱⲙⲧ,ονειδος
ϩⲱⲛ,αναιρεω
ϩⲱⲛ,απολλυμι
ϩⲱⲛ,διαφθειρω
ϩⲱⲛ,ολλυμι
ϩⲱⲛ,φθειρω
ϩⲱⲛⲉ,διωρυξ
ϩⲱⲛⲕ,αποδεικνυμι
ϩⲱⲛⲕ,καθιστημι
ϩⲱⲛⲕ,τασσω
ϩⲱⲛϫ,ικετευω
ϩⲱⲛϫ,παραινεω
ϩⲱⲛϫ,παρακαλεω
ϩⲱⲛϫ,παρακελευομαι
ϩⲱⲛϫ,προτρεπω
ϩⲱⲟⲩ,ομβρος
ϩⲱⲟⲩ,υω
ϩⲱⲡ,κερας
ϩⲱⲣ,γαλα
ϩⲱⲣⲃ,λυω
ϩⲱⲣⲃ,ρηγνυμι
ϩⲱⲣⲟⲥⲕⲟⲡⲟⲥ,ωροσκοπος
ϩⲱⲣϣ,λυω
ϩⲱⲣϣ,ρηγνυμι
ϩⲱⲣϭ,αρμονια
ϩⲱⲥ,κροκη
ϩⲱⲥ,λινον
ϩⲱⲥ,ως
ϩⲱⲥ,ϩωσ
ϩⲱⲥⲟⲛ,ϩωσον
ϩⲱⲥⲡⲉⲣ,ωσπερ
ϩⲱⲥⲧⲉ,ωστε
ϩⲱⲥⲧⲉ,ϩωστε
ϩⲱⲧⲃ,αποκτεινω
ϩⲱⲧⲃ,σφαγη
ϩⲱⲧⲃ,φονευω
ϩⲱⲧⲃ,φονος
ϩⲱⲧⲉ,φορον
ϩⲱⲧⲉ,φορος
ϩⲱⲧⲡ,διαλλαγη
ϩⲱⲧⲡ,διαλλασσω
ϩⲱⲧϥ,ονυξ
ϩⲱⲱⲕ,ζωνη
ϩⲱⲱⲕ,ζωστηρ
ϩⲱⲱⲕ,θωραξ
ϩⲱⲱⲕⲉ,κωας
ϩⲱⲱⲗⲉ,σκανδαλιζω
ϩⲱⲱⲗⲉ,σφαλλω
ϩⲱϣ,απορια
ϩⲱϣ,λυπεω
ϩⲱϣϥ,λυω
ϩⲱϣϥ,ρηγνυμι
ϩⲱϥⲧ,κλοπη
ϩⲱϫⲡ,αποκλειω
ϩⲱϫⲡ,κατακλειω
ϩⲱϫⲡ,κλειω
ϩⲱϫϥ,αδικεω
ϩⲱϫϥ,βλαπτω
ϩⲱϯ,αναγκαιος
ϩⲱϯ,αναγκη
ϩϯⲧ,κρομμυον
ϫⲁⲓ,επιγιγνομαι
ϫⲁⲓⲉ,αυτομολεω
ϫⲁⲓⲉ,ερημια
ϫⲁⲓⲉ,ερημος
ϫⲁⲓⲉ,ερημοω
ϫⲁⲓⲉ,ψαμμος
ϫⲁⲕ,δακρυον
ϫⲁⲕ,καθαιρεω
ϫⲁⲕⲟⲩⲗ,στρουθος
ϫⲁⲗ,κλαδος
ϫⲁⲙⲏ,γαληνη
ϫⲁⲙⲏ,σιγαω
ϫⲁⲙⲏ,σιγη
ϫⲁⲡϫⲉⲡ,ανυω
ϫⲁⲡϫⲉⲡ,επειγω
ϫⲁⲡϫⲉⲡ,σπευδω
ϫⲁⲡϫⲉⲡ,σπουδη
ϫⲁⲡϫⲉⲡ,ταχος
ϫⲁⲥⲓϩⲏⲧ,ματαιος
ϫⲁⲩⲗⲉ,ανεχω
ϫⲁⲩⲗⲉ,βοηθεω
ϫⲁⲩⲗⲉ,μαρτυρεω
ϫⲁⲩⲗⲉ,τικτω
ϫⲁⲩⲗⲉ,τρεφω
ϫⲁⲩⲗⲉ,φερω
ϫⲁⲩⲙⲟⲉⲓⲧ,ηγεμονευω
ϫⲁⲩⲙⲟⲉⲓⲧ,ηγεμων
ϫⲁⲩⲙⲟⲉⲓⲧ,ηγητωρ
ϫⲁⲩⲙⲟⲉⲓⲧ,ιππαρχος
ϫⲁⲩⲙⲟⲉⲓⲧ,ορχαμος
ϫⲁϩϫϩ,αποκρουω
ϫⲁϩϫϩ,χρυσηλατος
ϫⲁϫ,στρουθος
ϫⲁϫⲉ,δυσμενης
ϫⲁϫⲉ,πολεμιος
ϫⲁϫⲙⲟⲉⲓⲧ,δυσχωρια
ϫⲁϫⲙⲟⲉⲓⲧ,χαλεπος
ϫⲁϫⲣⲓⲙ,κρημνος
ϫⲁϫⲣⲓⲙ,πετρα
ϫⲃⲃⲥ,ανθραξ
ϫⲃⲓⲛ,αμαρτανω
ϫⲃⲓⲛ,αμαρτημα
ϫⲃⲓⲛ,επιτιμαω
ϫⲃⲓⲛ,μεμφομαι
ϫⲃⲓⲛ,ψεγω
ϫⲉ-,δια
ϫⲉ-,διοτι
ϫⲉ-,εαν
ϫⲉ-,ει
ϫⲉ-,ειτε
ϫⲉ-,ενεκα
ϫⲉ-,μερμηριζω
ϫⲉ-,ποτερος
ϫⲉⲕⲣⲱ⸗,αγαπαω
ϫⲉⲕⲣⲱ⸗,αρεσκω
ϫⲉⲕⲣⲱ⸗,αρκεω
ϫⲉⲗⲱ,αγω
ϫⲉⲗⲱ,αιρω
ϫⲉⲗⲱ,αποφερω
ϫⲉⲗⲱ,εγειρω
ϫⲉⲗⲱ,κομιζω
ϫⲉⲗⲱ,φερω
ϫⲉⲗⲱ,χωμα
ϫⲉⲗϫⲉⲗ,ευδαιμονεω
ϫⲉⲗϫⲉⲗ,ευδαιμονια
ϫⲉⲗϫⲉⲗ,ευδαιμων
ϫⲉⲙⲉⲩⲕⲉⲣⲓⲁ,ϫεμευκερια
ϫⲉⲙϩⲟ,δυναμαι
ϫⲉⲙϩⲟ,οιος
ϫⲉⲙϯⲡⲉ,γευω
ϫⲉⲛⲉⲡⲱⲣ,οροφη
ϫⲉⲛⲉⲡⲱⲣ,οροφος
ϫⲉⲛⲉⲡⲱⲣ,στεγη
ϫⲉⲛⲉⲡⲱⲣ,τεγος
ϫⲉⲣⲟ,εμπιμπρημι
ϫⲉⲣⲟ,καιω
ϫⲉⲣⲟ,κατακαιω
ϫⲉⲣⲟ (ⲉⲃⲟⲗ),εμπιμπρημι
ϫⲉⲣⲟ (ⲉⲃⲟⲗ),καιω
ϫⲉⲣⲟ (ⲉⲃⲟⲗ),κατακαιω
ϫⲉⲣⲟ-,ανελευθερος
ϫⲉⲣⲟ-,λεγος
ϫⲉⲣⲟ-,λεγω
ϫⲉⲣⲟ-,τροπος
ϫⲉⲧⲉ,τελειος
ϫⲉϥ-,παιω
ϫⲉϥ-,τυπτω
ϫⲏ,θυμιαμα
ϫⲏ,οργιζω
ϫⲏ,οψον
ϫⲏ,τρυβλιον
ϫⲏⲏⲥ,θυμιατηριον
ϫⲏⲏⲥ,κρατηρ
ϫⲏⲏⲥ,φιαλη
ϫⲏϭⲉ,πορφυρα
ϫⲏϭⲉ,πορφυρεος
ϫⲓ,μαστος
ϫⲓ,στερνον
ϫⲓ,στηθος
ϫⲓ (ⲉ-),αγνυμι
ϫⲓ (ⲉ-),αγω
ϫⲓ (ⲉ-),ηγεομαι
ϫⲓ (ⲉ-),στρατηλατεω
ϫⲓ (ⲉϫⲛ-),δανειζω
ϫⲓ (ⲙⲛ-),απτω
ϫⲓ (ⲙⲛ-),θιγγανω
ϫⲓ (ⲙⲛ-),ψαυω
ϫⲓ ⲉⲃⲉⲕⲉ,μισθοω
ϫⲓ ⲉⲡⲉⲟⲩϣⲁⲡ,δανειζω
ϫⲓ ⲛⲑⲉ,ατε
ϫⲓ ⲛⲑⲉ,επει
ϫⲓ ⲛϫⲛⲁϩ,αναγκη
ϫⲓ ⲛϫⲛⲁϩ,βια
ϫⲓ ⲛϫⲛⲁϩ,βιαζω
ϫⲓ ⲛϫⲛⲁϩ,βιαιος
ϫⲓ ⲛϫⲛⲁϩ,υβρις
ϫⲓ ⲛϭⲟⲛⲥ,αδικεω
ϫⲓ ⲛϭⲟⲛⲥ,αδικος
ϫⲓ ϩⲣⲁ⸗,διαλεγω
ϫⲓⲃⲁⲡⲧⲓⲥⲙⲁ,ϫιβαπτισμα
ϫⲓⲃⲟⲧⲉ,στυγεω
ϫⲓⲉⲣⲃⲟⲟⲛⲉ,ζηλοω
ϫⲓⲉⲣⲃⲟⲟⲛⲉ,φθονεω
ϫⲓⲉⲣⲃⲟⲟⲛⲉ,φθονος
ϫⲓⲏ,αρχη
ϫⲓⲏ,δυναμαι
ϫⲓⲏ,δυναμις
ϫⲓⲏ,εξουσια
ϫⲓⲏⲡⲉ,αριθμεω
ϫⲓⲕⲗⲏⲣⲟⲛⲟⲙⲓⲁ,ϫικληρονομια
ϫⲓⲕⲗⲟⲙ,δεχομαι
ϫⲓⲕⲗⲟⲙ,λαμβανω
ϫⲓⲗⲗⲉⲓ,ασπις
ϫⲓⲗⲗⲉⲓ,ασπιστης
ϫⲓⲗⲗⲉⲓ,σακος
ϫⲓⲗⲗⲉⲥ,πηρα
ϫⲓⲙⲁⲉⲓⲛ,οιωνος
ϫⲓⲙⲟⲉⲓⲧ,αγνυμι
ϫⲓⲙⲟⲉⲓⲧ,αγω
ϫⲓⲙⲟⲉⲓⲧ,ηγεμων
ϫⲓⲙⲟⲉⲓⲧ,ηγεομαι
ϫⲓⲙⲟⲉⲓⲧ,στρατηλατεω
ϫⲓⲙⲟⲣⲫⲏ,ϫιμορφη
ϫⲓⲙⲩⲥⲧⲏⲣⲓⲟⲛ,ϫιμυστηριον
ϫⲓⲙⲫⲉϩ,κρατος
ϫⲓⲙⲫⲉϩ,χειμων
ϫⲓⲛ,αρχη
ϫⲓⲛ,δυναμαι
ϫⲓⲛ,δυναμις
ϫⲓⲛ,εξουσια
ϫⲓⲛ-,ατε
ϫⲓⲛ-,επει
ϫⲓⲛ-,εως
ϫⲓⲛ-,τεως
ϫⲓⲛⲁⲓⲁⲓ,αυξανω
ϫⲓⲛⲁⲙⲟⲛⲓ,ακωλυτος
ϫⲓⲛⲁⲙⲟⲛⲓ,απαγω
ϫⲓⲛⲁⲙⲟⲛⲓ,εγκρατεια
ϫⲓⲛⲁⲙⲟⲛⲓ,συλλαμβανω
ϫⲓⲛⲁⲙⲟⲛⲓ,σωφροσυνος
ϫⲓⲛⲃⲱⲗ,ερμηνεια
ϫⲓⲛⲃⲱϣ ⲉⲃⲟⲗ,επιδεικνυμι
ϫⲓⲛⲃⲱϣ ⲉⲃⲟⲗ,επιδειξις
ϫⲓⲛⲉⲣⲁⲡⲁⲛⲧⲁⲛ,ϫινεραπανταν
ϫⲓⲛⲉⲣⲃⲟⲕⲓ,προληψις
ϫⲓⲛⲉⲣⲫⲙⲉⲩⲓ,μνημη
ϫⲓⲛⲉⲣϩⲱⲧ,παραπλοος
ϫⲓⲛⲉⲣϩⲱⲧ,περιπλους
ϫⲓⲛⲉⲣϩⲱⲧ,πλεω
ϫⲓⲛⲉⲣϩⲱⲧ,πλοος
ϫⲓⲛⲑⲣⲉⲡⲓⲁⲥⲉⲃⲏⲥ,ϫινθρεπιασεβησ
ϫⲓⲛⲑⲱⲧ ⲛϩⲏⲧ,ομολογεω
ϫⲓⲛⲑⲱⲧ ⲛϩⲏⲧ,ομολογια
ϫⲓⲛⲑⲱⲧ ⲛϩⲏⲧ,ομονοια
ϫⲓⲛⲑⲱⲧ ⲛϩⲏⲧ,συγγραφη
ϫⲓⲛⲑⲱⲧ ⲛϩⲏⲧ,συνθηκη
ϫⲓⲛⲑⲱϣ,διαθεσις
ϫⲓⲛⲑⲱϣ,εξις
ϫⲓⲛⲑⲱϣ,ηθος
ϫⲓⲛⲑⲱϣ,φυσαω
ϫⲓⲛⲑⲱϩⲥ,αλειφω
ϫⲓⲛⲓⲣⲓ,ευεργετεω
ϫⲓⲛⲕⲓⲙ,κινησις
ϫⲓⲛⲕⲱⲗⲡ,ιεροσυλια
ϫⲓⲛⲕⲱⲥ,αταφος
ϫⲓⲛⲕⲱⲥ,θαπτω
ϫⲓⲛⲕⲱⲥ,ταφη
ϫⲓⲛⲕⲱⲥ,ταφος
ϫⲓⲛⲛⲁⲓ,ελεεινος
ϫⲓⲛⲛⲁⲓ,ελεεω
ϫⲓⲛⲛⲁⲓ,ελεος
ϫⲓⲛⲛⲁⲓ,οικτειρω
ϫⲓⲛⲛⲁⲓ,οικτος
ϫⲓⲛⲛⲟϩⲉⲙ,ασφαλεια
ϫⲓⲛⲛⲟϩⲉⲙ,ασφαλης
ϫⲓⲛⲛⲟϩⲉⲙ,σωζω
ϫⲓⲛⲛⲟϩⲉⲙ,σωτηρια
ϫⲓⲛⲟⲩⲱⲧⲉⲃ ⲉϧⲟⲩⲛ,μειξις
ϫⲓⲛⲟⲩⲱϣⲧ,θρησκεια
ϫⲓⲛⲟⲩⲱϣⲧ,προσκυνεω
ϫⲓⲛⲟⲩⲱϣⲧ,σεβομαι
ϫⲓⲛⲟⲩⲱϣⲧ,σεβω
ϫⲓⲛⲥⲟⲃϯ,παρασκευαζω
ϫⲓⲛⲥⲟⲃϯ,παρασκευη
ϫⲓⲛⲥⲟⲙⲥ,αλεομαι
ϫⲓⲛⲥⲟⲙⲥ,αναβλεπω
ϫⲓⲛⲥⲟⲙⲥ,εισοραω
ϫⲓⲛⲥⲟⲙⲥ,επιμελεομαι
ϫⲓⲛⲥⲟⲙⲥ,ζητεω
ϫⲓⲛⲥⲟⲙⲥ,ζητητεος
ϫⲓⲛⲧⲁⲕⲟ,απολλυμι
ϫⲓⲛⲧⲁⲕⲟ,απωλεια
ϫⲓⲛⲧⲁⲕⲟ,ολεθρος
ϫⲓⲛⲧⲁⲕⲟ,φθορα
ϫⲓⲛⲧⲏⲩ,αυχμος
ϫⲓⲛⲧⲱⲛ,οθεν
ϫⲓⲛⲧⲱⲛ,ποθεν
ϫⲓⲛⲫⲱⲛϩ,μεθιστημι
ϫⲓⲛⲫⲱⲛϩ,μεταβαλλω
ϫⲓⲛⲫⲱⲛϩ,μεταβολη
ϫⲓⲛⲫⲱⲛϩ,μετατιθημι
ϫⲓⲛⲫⲱϣ,διαιρεσις
ϫⲓⲛⲫⲱϣ,διαιρεω
ϫⲓⲛⲭⲱ ⲉⲃⲟⲗ,συγγνωμη
ϫⲓⲛⲭⲱ ⲉϩⲣⲁⲓ,ερυμνος
ϫⲓⲛⲭⲱ ⲉϩⲣⲁⲓ,τευχω
ϫⲓⲛⲭⲱ ⲉϩⲣⲁⲓ,φυσις
ϫⲓⲛⲭⲱ ⲉϩⲣⲁⲓ,φυω
ϫⲓⲛⲱⲙⲥ,βαπτισμα
ϫⲓⲛϣⲧⲉⲙⲑⲓϧⲓ,σωφροσυνος
ϫⲓⲛϫⲓⲙⲓ,αναγνωρισις
ϫⲓⲛϫⲟⲙϫⲉⲙ,απτω
ϫⲓⲛϫⲟⲙϫⲉⲙ,θιγγανω
ϫⲓⲛϫⲟⲙϫⲉⲙ,ψαυω
ϫⲓⲛϫⲫⲓⲟ,αιδως
ϫⲓⲛϭⲓⲱⲙⲥ,βαπτισμα
ϫⲓⲛϭⲟϫⲓ,κελευθος
ϫⲓⲛϭⲟϫⲓ,οδος
ϫⲓⲛϯ,θυμος
ϫⲓⲛϯ,κοτος
ϫⲓⲛϯ,μηνιμα
ϫⲓⲛϯ,μηνις
ϫⲓⲛϯ,οργη
ϫⲓⲛϯ,οργιζω
ϫⲓⲛϯ,χολος
ϫⲓⲛϯⲙⲟⲩⲉ,λιπαρος
ϫⲓⲛϯⲟⲩⲟⲓ,επιτιθημι
ϫⲓⲛϯⲟⲩⲟⲓ,επιχειρεω
ϫⲓⲟⲉⲝⲟⲩⲥⲓⲁ,εξουσια
ϫⲓⲟⲩⲉ,απορρητος
ϫⲓⲟⲩⲉ,κευθος
ϫⲓⲟⲩⲉ,κρυφα
ϫⲓⲟⲩⲉ,λαθρη
ϫⲓⲟⲩⲛⲁϥ,ηδομαι
ϫⲓⲟⲩⲛⲁϥ,χαιρω
ϫⲓⲟⲩⲱ,προληψις
ϫⲓⲣ,αλμη
ϫⲓⲣⲉⲕⲣⲓⲕⲉ,νυσταζω
ϫⲓⲣⲱ⸗,αποστερεω
ϫⲓⲣⲱ⸗,αφαιρεω
ϫⲓⲣⲱ⸗,διακωλυω
ϫⲓⲣⲱ⸗,κωλυω
ϫⲓⲣⲱ⸗,φθανω
ϫⲓⲥⲁⲛⲓⲥ,απορεω
ϫⲓⲥⲁⲣⲝ,ϫισαρξ
ϫⲓⲥⲉ ⲛϩⲏⲧ,φιλοτιμεομαι
ϫⲓⲥⲉ ⲛϩⲏⲧ,φρονεω
ϫⲓⲥⲉ ⲛϩⲏⲧ,φρονημα
ϫⲓⲥⲏⲩ,αιτιος
ϫⲓⲥⲏⲩ,εκαστοτε
ϫⲓⲥⲏⲩ,καιρος
ϫⲓⲥⲙⲏ,ακουω
ϫⲓⲥⲙⲏ,ακροαομαι
ϫⲓⲥⲙⲟⲧ,γιγνομαι
ϫⲓⲥⲙⲟⲧ,γνωριζω
ϫⲓⲥⲙⲟⲧ,εξερημοω
ϫⲓⲥⲱⲙⲁ,ϫισωμα
ϫⲓⲧⲁϭⲥⲉ (ⲛⲥⲁ-),ακολουθεω
ϫⲓⲧⲁϭⲥⲉ (ⲛⲥⲁ-),επομαι
ϫⲓⲧⲟⲉ,μετεχω
ϫⲓϣⲏⲙ,προειπον
ϫⲓϣⲏⲙ,προλεγω
ϫⲓϣⲟϫⲛⲉ,ενθυμεομαι
ϫⲓϣⲟϫⲛⲉ,εννοεω
ϫⲓϣⲟϫⲛⲉ,λογιζομαι
ϫⲓϣⲟϫⲛⲉ,παραινεω
ϫⲓϣⲟϫⲛⲉ,συμβουλευω
ϫⲓϩⲁⲡ,ϫιϩαπ
ϫⲓϩⲙⲟⲧ,ανδανω
ϫⲓϩⲙⲟⲧ,χαριζομαι
ϫⲓϩⲙⲟⲧ,χαρις
ϫⲓϩⲛⲁⲩ,φορον
ϫⲓϩⲛⲁⲩ,φορος
ϫⲓϩⲣⲃ,εικων
ϫⲓϩⲣⲃ,ομοιοτης
ϫⲓϫⲁⲥϥⲉ,επισκευαζω
ϫⲓϫⲣⲟⲡ,σκανδαλιζω
ϫⲓϫⲣⲟⲡ,σφαλλω
ϫⲓϭⲓϫ,ασπαζομαι
ϫⲓϭⲟⲗ,ψευδης
ϫⲓϭⲟⲗ,ψευδος
ϫⲓϭⲟⲗ,ψευδω
ϫⲓϯ,αντιδοσις
ϫⲓϯ,μιγνυμι
ϫⲓϯ,ομιλια
ϫⲓϯ,συγγιγνομαι
ϫⲓϯ,συνουσια
ϫⲓϯⲡⲉ,γευω
ϫⲓⳉⲛⲟⲟϥ,διανοεομαι
ϫⲓⳉⲛⲟⲟϥ,υπολαμβανω
ϫⲗⲁⲕ,δικη
ϫⲗⲁⲕ,ζημια
ϫⲗⲁⲕ,κολαζω
ϫⲗⲁⲕ,κολασις
ϫⲗⲁⲕ,τιμωρια
ϫⲗⲁϩⲧⲥ,ναυς
ϫⲗⲁϩⲧⲥ,πλοιον
ϫⲗⲁϩⲧⲥ,σκευος
ϫⲗⲁϩⲧⲥ,χαλκειος
ϫⲗⲁϩⲧⲥ,χαλκους
ϫⲗⲉ,ερκος
ϫⲗⲱⲙ,λαμπτηρ
ϫⲙⲏ,φαρμακον
ϫⲙⲡⲉϩ,μηλεα
ϫⲙⲡⲉϩ,μηλον
ϫⲙⲡⲏⲓ,οροφη
ϫⲙⲡⲏⲓ,οροφος
ϫⲙⲡⲏⲓ,στεγη
ϫⲙⲡⲏⲓ,τεγος
ϫⲛ ⲙⲙⲟⲛ,μαλλον
ϫⲛⲁ,κατασβεννυμι
ϫⲛⲁ,σβεννυμι
ϫⲛⲁⲩ,αργια
ϫⲛⲁϩ,βια
ϫⲛⲁϩ,βιαζω
ϫⲛⲁϩ,βιαιος
ϫⲛⲁϩ,δεξιος
ϫⲛⲁϩ,ευωνυμος
ϫⲛⲁϩ,κερας
ϫⲛⲁϩ,πτερον
ϫⲛⲁϩ,πτερυξ
ϫⲛⲁϩ,υβρις
ϫⲛⲟⲩ,ζητεω
ϫⲛⲟⲩ,ζητησις
ϫⲛⲟⲩ,σκεψις
ϫⲛⲟϥ,κανεον
ϫⲟ,πυργος
ϫⲟ,τειχος
ϫⲟ,τοιχος
ϫⲟⲃⲉ,ασθενης
ϫⲟⲃⲉ,ησσων
ϫⲟⲉⲓⲥ,δεσποινα
ϫⲟⲉⲓⲥ,εταιρα
ϫⲟⲉⲓⲧ,φυτευω
ϫⲟⲉⲓⲧ,φυτος
ϫⲟⲓ,ναυκληρος
ϫⲟⲓ,ναυπηγησιμος
ϫⲟⲓ,ναυς
ϫⲟⲓ,πλοιον
ϫⲟⲓ,σκαφος
ϫⲟⲓ,σκευος
ϫⲟⲕ,θριξ
ϫⲟⲕ,κομαω
ϫⲟⲕ,κομη
ϫⲟⲕ,πολιος
ϫⲟⲕ,χαιτη
ϫⲟⲕϫⲉⲕ,δαλος
ϫⲟⲗ,κρομμυον
ϫⲟⲗϩ,γουν
ϫⲟⲗϩ,ελαχιστος
ϫⲟⲗϩ,ηκιστος
ϫⲟⲗϫⲗ,σταζω
ϫⲟⲙ,λεβης
ϫⲟⲙ,τριπους
ϫⲟⲟⲕⲉϥ,δακνω
ϫⲟⲟⲕⲉϥ,κεντρον
ϫⲟⲟⲣ,θαρσαλεος
ϫⲟⲟⲣ,θρασυς
ϫⲟⲟⲣ,πλησιος
ϫⲟⲟⲣ,σκληρος
ϫⲟⲟⲣ,τολμαω
ϫⲟⲟⲣ,χαλεπος
ϫⲟⲟⲩⲧ,αισχρος
ϫⲟⲟⲩⲧ,ακαθαρτος
ϫⲟⲟⲩⲧ,ελασσων
ϫⲟⲟⲩⲧ,ησσων
ϫⲟⲟⲩⲧ,νοθος
ϫⲟⲟⲩⲧ,ορμητηριον
ϫⲟⲟⲩⲧ,φαυλος
ϫⲟⲟⲩⲧ,χειρων
ϫⲟⲡ,σχετλιος
ϫⲟⲥ,αμφισβητεω
ϫⲟⲥ,αντιποιεω
ϫⲟⲥ,αξιοω
ϫⲟⲥ,λογος
ϫⲟⲥ,παρρησια
ϫⲟⲥ,ρημα
ϫⲟⲩⲱⲧ,δισμυριοι
ϫⲟⲩⲱⲧ,εικοσι
ϫⲟⲩⲱⲧⲉ,δισμυριοι
ϫⲟⲩⲱⲧⲉ,εικοσι
ϫⲟⲩϥ,αξιος
ϫⲟⲩϥ,ολιγακις
ϫⲟⲩϥ,σπανιος
ϫⲟⲩϥ,τιμαω
ϫⲟⲩϥ ⲛϩⲏⲧ,ερως
ϫⲟⲩϥ ⲛϩⲏⲧ,θυμος
ϫⲟⲩϥ ⲛϩⲏⲧ,οργη
ϫⲟⲩϥ ⲛϩⲏⲧ,παθος
ϫⲡ-,ωρα
ϫⲡⲓⲟ,αιτιαομαι
ϫⲡⲓⲟ,αιτιος
ϫⲡⲓⲟ,μεμφομαι
ϫⲡⲓⲟ,ονειδιζω
ϫⲡⲓⲟ,ονειδος
ϫⲡⲓⲟ,ψεγω
ϫⲡⲓⲟ,ψογος
ϫⲡⲟ,γενεσις
ϫⲡⲟ,γενος
ϫⲡⲟ,ευγενεια
ϫⲡⲟ,ζωον
ϫⲡⲟ,θηριον
ϫⲡⲟ,θρεμμα
ϫⲡⲟ,κατεχω
ϫⲡⲟ,κερδαινω
ϫⲡⲟ,κερδος
ϫⲡⲟ,κταομαι
ϫⲡⲟ,κτημα
ϫⲡⲟ,κτησις
ϫⲡⲟ,παραλαμβανω
ϫⲡⲟ,τικτω
ϫⲡⲟ,φιλοκερδης
ϫⲣⲟ,καλλινικος
ϫⲣⲟ,κρατεω
ϫⲣⲟ,κωμος
ϫⲣⲟ,νικαω
ϫⲣⲟ,νικη
ϫⲣⲟ,υγιαινω
ϫⲣⲟ,υγιεια
ϫⲣⲟ,υγιεινος
ϫⲣⲟϫ,ομοσπορος
ϫⲣⲟϫ,σπερμα
ϫⲧⲁⲓ,πεπαινω
ϫⲧⲁϩ,δεσμευω
ϫⲧⲁϩ,δεσμωτηριον
ϫⲧⲁϩ,φυλακη
ϫⲫⲓ,ικετευω
ϫⲱ,αοιδη
ϫⲱ,κωμος
ϫⲱ,μελος
ϫⲱ,υμνος
ϫⲱⲃⲥ,καμπτω
ϫⲱⲕ,συμπας
ϫⲱⲕⲙ,καθαρμος
ϫⲱⲕⲙ,καθαρσις
ϫⲱⲕⲣ,ακος
ϫⲱⲕⲣ,αλμυρος
ϫⲱⲕⲣ,αλς
ϫⲱⲕⲣ,θεραπεια
ϫⲱⲕⲣ,θεραπευω
ϫⲱⲕⲣ,ιαομαι
ϫⲱⲕⲣ,ωρα
ϫⲱⲗ (ⲉⲃⲟⲗ),αρνησις
ϫⲱⲗⲕ (ⲉⲃⲟⲗ),καρτερεω
ϫⲱⲗⲕ (ⲉⲃⲟⲗ),καρτερια
ϫⲱⲗⲙ,αλγος
ϫⲱⲗⲙ,αχος
ϫⲱⲗⲙ,θαλια
ϫⲱⲗⲙ,λυπη
ϫⲱⲗⲙ,πενθος
ϫⲱⲗϩ,εσθης
ϫⲱⲗϩ,ιματιον
ϫⲱⲗϩ,καλυπτω
ϫⲱⲙ,πειραζω
ϫⲱⲛϥ,αναλογια
ϫⲱⲛϥ,αναλογος
ϫⲱⲛϥ,μετρον
ϫⲱⲛϥ,ομολογεω
ϫⲱⲛϥ,ομολογια
ϫⲱⲛϥ,ομονοια
ϫⲱⲛϥ,συγγραφη
ϫⲱⲛϥ,συμμετρος
ϫⲱⲛϥ,συνθηκη
ϫⲱⲛϥ,τυγχανω
ϫⲱⲛϥ,τυχη
ϫⲱⲟⲩ,γενεα
ϫⲱⲟⲩ,γενεσις
ϫⲱⲣⲙ,σημα
ϫⲱⲣⲙ,σημειον
ϫⲱⲣⲡ,σκανδαλιζω
ϫⲱⲣⲡ,σφαλλω
ϫⲱⲣⲡ,υβριζω
ϫⲱⲣⲡ,υβρις
ϫⲱⲣⲡ (ⲉ),απτω
ϫⲱⲣⲡ (ⲉ),θιγγανω
ϫⲱⲣⲡ (ⲉ),ψαυω
ϫⲱⲥ,βαθος
ϫⲱⲥ,γιγνομαι
ϫⲱⲥ,γνωριζω
ϫⲱⲥ,εξερημοω
ϫⲱⲥ,στερεος
ϫⲱⲥ,συσκευαζω
ϫⲱⲥ,υποζυγιον
ϫⲱⲧ,κιων
ϫⲱⲧ,στηλη
ϫⲱⲧϩ,λανθανω
ϫⲱⲧϩ,ληγω
ϫⲱⲧϩ,ουκετι
ϫⲱⲧϩ,παυω
ϫⲱⲱⲃⲉ,αφικνεομαι
ϫⲱⲱⲃⲉ,διαφερω
ϫⲱⲱⲃⲉ,ικνεομαι
ϫⲱⲱⲃⲉ,υπερβαλλω
ϫⲱⲱⲗⲉ,επεχω
ϫⲱⲱⲗⲉ,κωλυω
ϫⲱⲱⲗⲉ,παυω
ϫⲱⲱⲙⲉ,βιβλιον
ϫⲱⲱⲙⲉ,βιβλος
ϫⲱⲱⲙⲉ,γραμμα
ϫⲱⲱⲣⲉ,δυνατος
ϫⲱⲱⲣⲉ,ευρυσθενης
ϫⲱⲱⲣⲉ (ⲉⲃⲟⲗ),καταλυσις
ϫⲱϩ ⲛϫⲱϩ,οικειος
ϫⲱϩ ⲛϫⲱϩ,προσηκω
ϫⲱϩ ⲛϫⲱϩ,συγγενης
ϫⲱϩⲙ,μιαρος
ϫⲱϩⲙ,ρυπαρος
ϫⲱϭⲉ,χρωμα
ϫⲱ⸗,διαδημα
ϫⲱ⸗,καρα
ϫⲱ⸗,κατανευω
ϫⲱ⸗,κεφαλη
ϫⲱ⸗,κρας
ϫⳉⲟⲩ,εμπιμπρημι
ϫⳉⲟⲩ,καιω
ϫⳉⲟⲩ,κατακαιω
ϭⲁ,αισχος
ϭⲁⲁϭⲉ,μαζα
ϭⲁⲁϭⲉ,πλακους
ϭⲁⲓⲉ,αισχος
ϭⲁⲓⲉ,αισχρος
ϭⲁⲓⲉ,καταισχυνω
ϭⲁⲓⲉ,ονειδος
ϭⲁⲓⲧ,καταγιγνωσκω
ϭⲁⲗⲁϣⲓⲣⲉ,γιγας
ϭⲁⲗⲁϣⲓⲣⲉ,ηρωος
ϭⲁⲗⲁϣⲓⲣⲉ,ηρως
ϭⲁⲗⲉ,χωλος
ϭⲁⲗⲏ,χωλος
ϭⲁⲗⲓⲗ,τροχος
ϭⲁⲗⲟϫ,γονυ
ϭⲁⲗⲟϫ,διαυλος
ϭⲁⲗⲟϫ,επιβαινω
ϭⲁⲗⲟϫ,πεζος
ϭⲁⲗⲟϫ,πους
ϭⲁⲗⲟϫ,υπωρεια
ϭⲁⲙ,βους
ϭⲁⲙ,ταυρος
ϭⲁⲙⲟⲩⲗ,καμηλος
ϭⲁⲛⲁϩ,απολειπω
ϭⲁⲛⲁϩ,αριστερος
ϭⲁⲛⲁϩ,ασθενης
ϭⲁⲛⲁϩ,ευωνυμος
ϭⲁⲛⲁϩ,ησσων
ϭⲁⲛⲁϩ,καταλειπω
ϭⲁⲛⲁϩ,μονοω
ϭⲁⲛⲁϩ,χωλος
ϭⲁⲛⲟϩⲉ,απολειπω
ϭⲁⲛⲟϩⲉ,αριστερος
ϭⲁⲛⲟϩⲉ,ευωνυμος
ϭⲁⲛⲟϩⲉ,καταλειπω
ϭⲁⲛⲟϩⲉ,μονοω
ϭⲁⲡϭⲉⲡ,αγωνιαω
ϭⲁⲥⲓϩⲧⲟ,αναβατης
ϭⲁⲥⲧ,ορχεομαι
ϭⲁⲥⲧ,χορευω
ϭⲁⲥⲧ,χορος
ϭⲁϥⲏ,αυτομολεω
ϭⲁϥⲏ,ερημια
ϭⲁϥⲏ,ερημος
ϭⲁϥⲏ,ερημοω
ϭⲁϥⲏ,ψαμμος
ϭⲁϫⲏ,απολειπω
ϭⲁϫⲏ,αριστερος
ϭⲁϫⲏ,ευωνυμος
ϭⲁϫⲏ,καταλειπω
ϭⲁϫⲏ,μονοω
ϭⲁϭⲉⲧⲟⲗ,πλοιον
ϭⲁϭⲉⲧⲟⲗ,σκαφος
ϭⲃⲃⲉ,ασθενεια
ϭⲉ,αυθι
ϭⲉ,ειτα
ϭⲉ,επειτα
ϭⲉ,επιστρεφω
ϭⲉ,παλιν
ϭⲉ,συμφημι
ϭⲉ,τοιγαρ
ϭⲉ,υποστρεφω
ϭⲉ,ωκυμορος
ϭⲉⲗⲃⲉⲥⲓ,πορφυρα
ϭⲉⲗⲃⲉⲥⲓ,πορφυρεος
ϭⲉⲡⲏ,θασσων
ϭⲉⲡⲏ,καρπαλιμος
ϭⲉⲡⲏ,ταχυς
ϭⲉⲣⲏϭ,κυνηγετης
ϭⲉⲣⲱⲃ,αρχη
ϭⲉⲣⲱⲃ,βακτηρια
ϭⲉⲣⲱⲃ,δυναμαι
ϭⲉⲣⲱⲃ,δυναμις
ϭⲉⲣⲱⲃ,εξουσια
ϭⲉⲣⲱⲃ,επικαιριος
ϭⲉⲣⲱⲃ,κυριος
ϭⲉⲣⲱⲃ,λευγαλεος
ϭⲉⲣⲱⲃ,σκηπτρον
ϭⲏⲡ (ⲉ-),αδικεω
ϭⲏⲡⲉ,νεφελη
ϭⲏⲡⲉ,νεφεληγερετα
ϭⲏⲡⲉ,νεφος
ϭⲏϣⲉ,χην
ϭⲓ,ομορος
ϭⲓ,ορος
ϭⲓ,περαω
ϭⲓ,συναπτω
ϭⲓ ⲉⲣϧⲟⲧ,τιτρωσκω
ϭⲓ ⲉⲣϧⲟⲧ,τραυμα
ϭⲓ ⲉⲣϧⲟⲧ,τραυματιας
ϭⲓⲁⲟⲩⲱ,βραδυνω
ϭⲓⲁⲟⲩⲱ,διατριβω
ϭⲓⲁⲟⲩⲱ,μελλω
ϭⲓⲕⲥ,ατρακτος
ϭⲓⲙⲁⲓⲏ,αυξανω
ϭⲓⲙⲉ,κορος
ϭⲓⲙⲕⲁϩ,παθος
ϭⲓⲛⲁⲗⲉ,αναβασις
ϭⲓⲛⲁⲙⲁϩⲧⲉ,ακωλυτος
ϭⲓⲛⲁⲙⲁϩⲧⲉ,εγκρατεια
ϭⲓⲛⲁⲙⲁϩⲧⲉ,κρατεω
ϭⲓⲛⲁⲙⲁϩⲧⲉ,κυριος
ϭⲓⲛⲁⲙⲁϩⲧⲉ,σωφροσυνος
ϭⲓⲛⲁⲡⲁⲛⲧⲁ,ϭιναπαντα
ϭⲓⲛⲃⲱⲕ ⲛⲙⲧⲱ,ναυαγια
ϭⲓⲛⲃⲱⲕ ⲛⲙⲧⲱ,ναυαγος
ϭⲓⲛⲉ,επιτιμαω
ϭⲓⲛⲉ,μεμφομαι
ϭⲓⲛⲉ,ψεγω
ϭⲓⲛⲉⲓⲃⲉ,διψαω
ϭⲓⲛⲉⲓⲃⲉ,διψος
ϭⲓⲛⲉⲓⲱⲣϩ,οψις
ϭⲓⲛⲏⲣⲁ,κιθαρα
ϭⲓⲛⲏⲣⲁ,κιθαριζω
ϭⲓⲛⲏⲣⲁ,λυρα
ϭⲓⲛⲏⲣⲁ,φορμιγξ
ϭⲓⲛⲕⲓⲙ,κινησις
ϭⲓⲛⲕⲧⲟ,μετανοια
ϭⲓⲛⲕⲧⲟ,τερμα
ϭⲓⲛⲕⲱ ⲉⲃⲟⲗ,συγγνωμη
ϭⲓⲛⲕⲱ ⲉϩⲟⲩⲛ,εισοδος
ϭⲓⲛⲕⲱ ⲉϩⲟⲩⲛ,εισπλοος
ϭⲓⲛⲕⲱ ⲉϩⲣⲁⲓ,ερυμνος
ϭⲓⲛⲕⲱ ⲉϩⲣⲁⲓ,τευχω
ϭⲓⲛⲕⲱ ⲉϩⲣⲁⲓ,φυσις
ϭⲓⲛⲕⲱ ⲉϩⲣⲁⲓ,φυω
ϭⲓⲛⲕⲱⲣϣ,κολακεια
ϭⲓⲛⲗⲓⲃⲉ,απονοια
ϭⲓⲛⲗⲓⲃⲉ,μαινομαι
ϭⲓⲛⲗⲓⲃⲉ,μανια
ϭⲓⲛⲙⲓⲛⲉ,ποιος
ϭⲓⲛⲙⲓⲥⲉ,γενεα
ϭⲓⲛⲙⲓⲥⲉ,γενεσις
ϭⲓⲛⲙⲓⲥⲉ,γενος
ϭⲓⲛⲙⲓⲥⲉ,ευγενεια
ϭⲓⲛⲙⲓⲥⲉ,τικτω
ϭⲓⲛⲙⲟⲕⲙⲉⲕ,διανοια
ϭⲓⲛⲙⲟⲕⲙⲉⲕ,φρονεω
ϭⲓⲛⲙⲟⲟϣⲉ,ειλιπους
ϭⲓⲛⲙⲟⲟϣⲉ,ευκοσμια
ϭⲓⲛⲙⲟⲟϣⲉ,σπενδω
ϭⲓⲛⲙⲟⲟϣⲉ ⲉϩⲟⲩⲛ,αναβασις
ϭⲓⲛⲙⲟⲩϣⲧ,βασανος
ϭⲓⲛⲙⲟⲩϣⲧ,βουλευω
ϭⲓⲛⲙⲟⲩϫϭ,μειξις
ϭⲓⲛⲙⲟⲩϫϭ,μιγνυμι
ϭⲓⲛⲙⲟⲩϫϭ,ομιλια
ϭⲓⲛⲙⲟⲩϫϭ,συγγιγνομαι
ϭⲓⲛⲙⲟⲩϫϭ,συνουσια
ϭⲓⲛⲛⲁⲩ ⲙⲃⲟⲗ,αναβλεπω
ϭⲓⲛⲛⲁⲩ ⲙⲃⲟⲗ,θεαμα
ϭⲓⲛⲛⲁⲩ ⲙⲃⲟⲗ,οψις
ϭⲓⲛⲟⲩⲱⲙ,ασιτος
ϭⲓⲛⲟⲩⲱⲙ,σιτιον
ϭⲓⲛⲟⲩⲱⲙ,σιτος
ϭⲓⲛⲟⲩⲱⲙ,τροφη
ϭⲓⲛⲟⲩⲱⲛϩ,επιφαινω
ϭⲓⲛⲟⲩⲱⲛϩ,οψις
ϭⲓⲛⲟⲩⲱⲛϩ,φαντασια
ϭⲓⲛⲟⲩⲱⲣⲡ,μεταπεμπω
ϭⲓⲛⲟⲩⲱϣ,γνωμη
ϭⲓⲛⲟⲩⲱϣ,διανοια
ϭⲓⲛⲟⲩⲱϣ,προαιρεσις
ϭⲓⲛⲟⲩⲱϩⲙ,αντιλεγω
ϭⲓⲛⲟⲩⲱϩⲙ,εναντιοομαι
ϭⲓⲛⲡⲉⲓⲣⲉ,επιγιγνομαι
ϭⲓⲛⲡⲱⲧ,ευτροχος
ϭⲓⲛⲡⲱⲧ,συντρεχω
ϭⲓⲛⲥⲁⲁⲛϣ,απαιδευσια
ϭⲓⲛⲥⲁⲁⲛϣ,παιδεια
ϭⲓⲛⲥⲁⲁⲛϣ,παιδευω
ϭⲓⲛⲥⲙⲙⲉ,αιτια
ϭⲓⲛⲥⲙⲙⲉ,εγκλημα
ϭⲓⲛⲥⲙⲙⲉ,κατηγορεω
ϭⲓⲛⲥⲙⲙⲉ,κατηγορια
ϭⲓⲛⲥⲣϥⲉ,ησυχια
ϭⲓⲛⲥⲣϥⲉ,σχολαζω
ϭⲓⲛⲥⲣϥⲉ,σχολη
ϭⲓⲛⲥⲱⲃⲉ,γελως
ϭⲓⲛⲥⲱⲕ,αγχου
ϭⲓⲛⲥⲱⲕ,αεναος
ϭⲓⲛⲥⲱⲟⲩϩ,αγοραομαι
ϭⲓⲛⲥⲱⲧⲙ,αγγελλω
ϭⲓⲛⲥⲱⲧⲙ,ανακρισις
ϭⲓⲛⲥⲱⲧⲙ,απαγγελλω
ϭⲓⲛⲥⲱⲧⲙ,εξαγγελλω
ϭⲓⲛⲥⲱⲧⲙ,φημη
ϭⲓⲛⲥ⳨ⲟ︦ⲩ︦,σταυροω
ϭⲓⲛⲧⲁⲛϩⲟⲩⲧ⸗,πιστευω
ϭⲓⲛⲧⲃⲃⲟ,καθαρμος
ϭⲓⲛⲧⲃⲃⲟ,καθαρσις
ϭⲓⲛⲧⲛⲛⲟⲟⲩ,μεταπεμπω
ϭⲓⲛⲧⲛⲛⲟⲟⲩ,πρεσβεια
ϭⲓⲛⲧⲥⲓⲟ,πλησμονη
ϭⲓⲛⲧⲱⲙⲧ,συνοδος
ϭⲓⲛⲧⲱⲟⲩⲛ,αναστασις
ϭⲓⲛⲱⲗ,αγοραομαι
ϭⲓⲛⲱⲡ,λογισμος
ϭⲓⲛⲱⲧⲡ ⲉϩⲟⲩⲛ,δεσμος
ϭⲓⲛⲱⲱ,προληψις
ϭⲓⲛϣⲁϫⲉ,λογος
ϭⲓⲛϣⲁϫⲉ,μυθος
ϭⲓⲛϣⲁϫⲉ,παρρησια
ϭⲓⲛϣⲁϫⲉ,ρημα
ϭⲓⲛϣⲓⲃⲧⲉ,διαφερω
ϭⲓⲛϣⲓⲃⲧⲉ,διαφορα
ϭⲓⲛϣⲓⲛⲉ,ζητεω
ϭⲓⲛϣⲓⲛⲉ,ζητησις
ϭⲓⲛϣⲓⲛⲉ,σκεψις
ϭⲓⲛϣⲙϣⲉ,ευσεβεια
ϭⲓⲛϣⲱⲗⲙ,αισθησις
ϭⲓⲛϣⲱⲗⲙ,νοος
ϭⲓⲛϥⲱϭⲉ,βια
ϭⲓⲛϥⲱϭⲉ,βιαζω
ϭⲓⲛϥⲱϭⲉ,βιαιος
ϭⲓⲛϥⲱϭⲉ,προθυμια
ϭⲓⲛϥⲱϭⲉ,προθυμος
ϭⲓⲛϥⲱϭⲉ,σπουδη
ϭⲓⲛϥⲱϭⲉ,υβρις
ϭⲓⲛϩⲱⲗ,τρεπω
ϭⲓⲛϩⲱⲗ,φευγω
ϭⲓⲛϩⲱⲗ,φυγη
ϭⲓⲛϩⲱⲧⲡ,διαλλαγη
ϭⲓⲛϩⲱⲧⲡ,διαλλασσω
ϭⲓⲛϫⲓ,μεθεξις
ϭⲓⲛϫⲟⲟⲥ,λογος
ϭⲓⲛϫⲟⲟⲥ,παρρησια
ϭⲓⲛϫⲟⲟⲥ,ρημα
ϭⲓⲛϫⲡⲟ,γενεα
ϭⲓⲛϫⲡⲟ,γενεσις
ϭⲓⲛϫⲣⲟ,καλλινικος
ϭⲓⲛϫⲣⲟ,κρατεω
ϭⲓⲛϫⲣⲟ,κωμος
ϭⲓⲛϫⲣⲟ,νικαω
ϭⲓⲛϫⲣⲟ,νικη
ϭⲓⲛϭⲟⲓⲗⲉ,οικησις
ϭⲓⲛϭⲱ,σιγαω
ϭⲓⲛϭⲱ,σιγη
ϭⲓⲛϭⲱⲡⲉ,δωροδοκια
ϭⲓⲛϭⲱϣⲧ,ελπις
ϭⲓⲛϭⲱϣⲧ,προσδοκια
ϭⲓⲡⲥ,φλοιος
ϭⲓⲣⲁ⸗,εοικα
ϭⲓⲣⲁ⸗,ομοιος
ϭⲓⲣⲁ⸗,ομοιοω
ϭⲓⲥⲕⲓⲧⲉ,δραχμη
ϭⲓⲱⲙⲥ,βαπτισμα
ϭⲓϧⲓⲥⲓ,εαω
ϭⲓϧⲓⲥⲓ,πασχω
ϭⲓϧⲓⲥⲓ,πονεω
ϭⲓϧⲓⲥⲓ,πονος
ϭⲓϫ,ενεργεια
ϭⲓϫ ⲛⲥϩⲁⲓ,γραμμα
ϭⲓϫ ⲛⲥϩⲁⲓ,γραμματειον
ϭⲓϫ ⲛⲥϩⲁⲓ,επιστολη
ϭⲓϫ ⲛⲥϩⲁⲓ,ραινω
ϭⲓϫ ⲛⲥϩⲁⲓ,στοιχειον
ϭⲓϭⲗⲁ,ομιλος
ϭⲓϭⲗⲁ,οχλος
ϭⲗ,ασπις
ϭⲗ,ασπιστης
ϭⲗ,βελος
ϭⲗ,οπλον
ϭⲗ,σακος
ϭⲗⲁ,κλυδων
ϭⲗⲁ,κυμα
ϭⲗⲁⲛⲃⲁⲗ,κρατος
ϭⲗⲁⲛⲃⲁⲗ,χειμων
ϭⲗⲁⲡ,ογκος
ϭⲗⲏ,βοηθεω
ϭⲗⲏ,τρεφω
ϭⲗⲟⲓ,σφαιρα
ϭⲗⲟⲙⲗⲙ,ασπαζομαι
ϭⲗⲟⲟϭⲉ,κλιμαξ
ϭⲗⲱ,κλων
ϭⲗⲱⲧ,σπλαγχνον
ϭⲗϩ,ωμος
ϭⲙⲕ⸗,δεμας
ϭⲙⲕ⸗,ειδος
ϭⲙⲕ⸗,ιδεα
ϭⲙⲕ⸗,σχημα
ϭⲙⲡⲟⲩⲱ,ζητεω
ϭⲙⲡⲟⲩⲱ,ζητητεος
ϭⲙⲡⲟⲩⲱ,πυνθανομαι
ϭⲛⲁⲣⲓⲕⲉ,αιτιαομαι
ϭⲛⲁⲣⲓⲕⲉ,αιτιος
ϭⲛⲁⲣⲓⲕⲉ,μεμφομαι
ϭⲛⲁⲣⲓⲕⲉ,ψεγω
ϭⲛⲁⲣⲓⲕⲉ,ψογος
ϭⲛⲁⲧ,θυμος
ϭⲛⲁⲧ,κοτος
ϭⲛⲁⲧ,μηνιμα
ϭⲛⲁⲧ,μηνις
ϭⲛⲁⲧ,οργη
ϭⲛⲁⲧ,οργιζω
ϭⲛⲁⲧ,χολος
ϭⲛⲉⲓⲇⲱⲗⲟⲛ,ϭνειδωλον
ϭⲛⲗⲟⲓϭⲉ,προφασις
ϭⲛⲟⲛ,καμπτω
ϭⲛⲟⲛ ⲛϫⲱ⸗,επιτρεπω
ϭⲛⲟⲛ ⲛϫⲱ⸗,υπακουω
ϭⲛⲟⲛ ⲛϫⲱ⸗,υπομενω
ϭⲛⲣⲁⲧ⸗,αισχρος
ϭⲛⲣⲁⲧ⸗,ζητεω
ϭⲛⲣⲁⲧ⸗,ζητησις
ϭⲛⲣⲁⲧ⸗,νοθος
ϭⲛⲣⲁⲧ⸗,ορμητηριον
ϭⲛⲣⲁⲧ⸗,φαυλος
ϭⲛⲭⲁⲣⲓⲥ,ϭνχαρισ
ϭⲛⲭⲣⲏⲙⲁ,ϭνχρημα
ϭⲛϩⲏⲩ,κερδαινω
ϭⲛϩⲏⲩ,κερδος
ϭⲛϩⲏⲩ,κταομαι
ϭⲛϩⲏⲩ,φιλοκερδης
ϭⲛϭⲉϩ,λεπρα
ϭⲛϭⲛ,αειδω
ϭⲛϭⲛ,υμνεω
ϭⲟⲓⲗⲉ,παρακαταθηκη
ϭⲟⲓⲗⲉ (ⲉ-),κατοικεω
ϭⲟⲓⲗⲉ (ⲉ-),ναιω
ϭⲟⲓⲗⲉ (ⲉ-),οικεω
ϭⲟⲗ,ψευδης
ϭⲟⲗ,ψευδοπροφητης
ϭⲟⲗ,ψευδος
ϭⲟⲗⲉⲥ,ειμα
ϭⲟⲗⲉⲥ,εσθης
ϭⲟⲗⲉⲥ,ιματιον
ϭⲟⲗⲉⲥ,πορφυρα
ϭⲟⲗⲉⲥ,σκεπασμα
ϭⲟⲗⲉⲥ,στολη
ϭⲟⲗⲗⲉ,κολλα
ϭⲟⲙ,αυλη
ϭⲟⲙ,δικαστηριον
ϭⲟⲛ,μαλακος
ϭⲟⲛⲥ,βια
ϭⲟⲛⲥ,βιαιος
ϭⲟⲟⲗⲉⲥ,μηρα
ϭⲟⲟⲗⲉⲥ,μηρια
ϭⲟⲟⲗⲉⲥ,μηρος
ϭⲟⲟⲛⲉ,αντρον
ϭⲟⲟⲛⲉ,αυλων
ϭⲟⲟⲛⲉ,γλαφυρος
ϭⲟⲟⲛⲉ,σπεος
ϭⲟⲟⲛⲉ,σπηλαιον
ϭⲟⲟⲛⲉ,φαραγξ
ϭⲟⲟⲛⲉ,χαραδρα
ϭⲟⲡ,διαυλος
ϭⲟⲡ,επιβαινω
ϭⲟⲡ,πεζος
ϭⲟⲡ,πους
ϭⲟⲡ,υπωρεια
ϭⲟⲡⲥ,αιρεω
ϭⲟⲡⲥ,αλισκομαι
ϭⲟⲡⲥ,αλωσις
ϭⲟⲡⲥ,λαμβανω
ϭⲟⲣⲧⲉ,μαχαιρα
ϭⲟⲣϭⲥ,δολος
ϭⲟⲣϭⲥ,ενεδρα
ϭⲟⲣϭⲥ,ενεδρευω
ϭⲟⲣϭⲥ,λοχαω
ϭⲟⲣϭⲥ,λοχος
ϭⲟⲥ,ημισυς
ϭⲟⲥ,ομομητριος
ϭⲟⲥⲙ,ηεροεις
ϭⲟⲥⲙ,κνεφας
ϭⲟⲥⲙ,κρατος
ϭⲟⲥⲙ,σκοτος
ϭⲟⲥⲙ,χειμων
ϭⲟⲥϭⲥ,ορχεομαι
ϭⲟⲥϭⲥ,χορευω
ϭⲟⲥϭⲥ,χορος
ϭⲟⲧ,αιρεω
ϭⲟⲧ,δεμας
ϭⲟⲧ,ειδος
ϭⲟⲧ,ιδεα
ϭⲟⲧ,καταλαμβανω
ϭⲟⲧ,λαμβανω
ϭⲟⲧ,οποιος
ϭⲟⲧ,παντοδαπος
ϭⲟⲧ,παντοιος
ϭⲟⲧ,ποιος
ϭⲟⲧ,συλλαμβανω
ϭⲟⲧ,σχημα
ϭⲟⲧ,τοιουτος
ϭⲟⲧⲡⲥ,ησσα
ϭⲟⲧⲡⲥ,ησσαομαι
ϭⲟⲧⲡⲥ,κρατεω
ϭⲟⲧⲡⲥ,νικαω
ϭⲟⲩⲗⲏ,μαζα
ϭⲟⲩⲗⲏ,πλακους
ϭⲟⲩϭ,εψω
ϭⲟⲩϭ,ζεω
ϭⲟϫⲓ (ⲛⲥⲁ-),ακολουθεω
ϭⲟϫⲓ (ⲛⲥⲁ-),διωκω
ϭⲟϫⲓ (ⲛⲥⲁ-),επομαι
ϭⲟϫϭϫ,σφαγη
ϭⲟϫϭϫ,φονος
ϭⲡⲗⲟⲓϭⲉ,προφασις
ϭⲣⲉⲡⲣⲉⲡ,αμφισβητεω
ϭⲣⲉⲡⲣⲉⲡ,αμφισβητησις
ϭⲣⲉⲡⲣⲉⲡ,διαφερω
ϭⲣⲉⲡⲣⲉⲡ,διαφορα
ϭⲣⲉⲡⲣⲉⲡ,εχθρη
ϭⲣⲉⲡⲣⲉⲡ,νεικος
ϭⲣⲏ,γεωργος
ϭⲣⲏⲡⲉ,διαδημα
ϭⲣⲏⲡⲉ,ευστεφανος
ϭⲣⲏⲡⲉ,σκηπτρον
ϭⲣⲏⲡⲉ,στεφανος
ϭⲣⲏⲡⲉ,στεφανοω
ϭⲣⲏϭⲉ,προιξ
ϭⲣⲟⲟⲙⲡⲉ,πελεια
ϭⲣⲟⲟⲙⲡⲉ,πελειας
ϭⲣⲟⲟⲙⲡⲉ,περιστερα
ϭⲣⲟϭ,σπειρω
ϭⲣⲱⲱϩ,δεω
ϭⲣⲱⲱϩ,προσδεω
ϭⲣⲱⲱϩ,σπανιζω
ϭⲣⲱⲱϩ,χρεια
ϭⲣⲱϩ,απορος
ϭⲣⲱϩ,ελεημοσυνη
ϭⲧⲟⲡ,ησσα
ϭⲧⲟⲡ,ησσαομαι
ϭⲧⲟⲡ,κρατεω
ϭⲧⲟⲡ,νικαω
ϭⲱ,διαμενω
ϭⲱ,διατελεω
ϭⲱ,επεχω
ϭⲱ,κωλυω
ϭⲱ,λειπω
ϭⲱ,ληγω
ϭⲱ,λοιπος
ϭⲱ,μενω
ϭⲱ,ουκετι
ϭⲱ,παυω
ϭⲱⲃ,ασθενης
ϭⲱⲃ,ησσων
ϭⲱⲗ,χωρις
ϭⲱⲗⲡ (ⲉⲃⲟⲗ),οψις
ϭⲱⲗϫ,δολος
ϭⲱⲗϫ (ⲉ-),αναχωρεω
ϭⲱⲗϫ (ⲉ-),απαγω
ϭⲱⲗϫ (ⲉ-),αποχωρεω
ϭⲱⲙ,αμπελων
ϭⲱⲙ,κηπος
ϭⲱⲙ,κτημα
ϭⲱⲙ,κτησις
ϭⲱⲙ,ουσια
ϭⲱⲙ,τιμημα
ϭⲱⲙ,χρημα
ϭⲱⲛⲁϭ,ιματιον
ϭⲱⲛⲁϭ,τριβων
ϭⲱⲛⲁϭ,φαρος
ϭⲱⲛⲁϭ,χλαινα
ϭⲱⲛⲧ,οργη
ϭⲱⲛⲧ,οργιζω
ϭⲱⲛⲧ,υποδρα
ϭⲱⲛⲧ,χαλεπαινω
ϭⲱⲟⲩ,ωθεω
ϭⲱⲡⲉ,δωροδοκια
ϭⲱⲡⲣⲟ,σταθμος
ϭⲱⲣ,καπνος
ϭⲱⲣⲉ (ⲁⲃⲁⲗ),οιδμα
ϭⲱⲣⲙ,αιρεω
ϭⲱⲣⲙ,καταλαμβανω
ϭⲱⲣⲙ,λαμβανω
ϭⲱⲣⲙ,συλλαμβανω
ϭⲱⲣϭ,θεμελιος
ϭⲱⲣϭ,οικησις
ϭⲱⲧ,φρεαρ
ϭⲱⲧⲡ,αθυμια
ϭⲱⲧⲡ (ϩⲛ-),λανθανω
ϭⲱⲧⲥ,καμπτω
ϭⲱⲧⲥ,κατος
ϭⲱⲧϩ,τιτρωσκω
ϭⲱⲧϩ,τραυμα
ϭⲱⲧϩ,τραυματιας
ϭⲱⲱⲗⲉ,αρτος
ϭⲱⲱⲙⲉ,δωροδοκια
ϭⲱϣ,συγχυσις
ϭⲱϣ,ταρασσω
ϭⲱϣ,ταραχη
ϭⲱϣⲧ,αναβλεπω
ϭⲱϣⲧ,εισοραω
ϭⲱϣⲧ,επιμελεομαι
ϭⲱϣⲧ,ζητεω
ϭⲱϣⲧ,ζητητεος
ϭⲱϣⲧ,ομμα
ϭⲱϣⲧ,υποδρα
ϭⲱϭ,οπταω
ϭⲱϭ,οπτος
ϭϩⲟⲥ,δορκας
ϯ (ⲉⲧⲛ-),αρχω
ϯ (ⲉⲧⲛ-),επιτρεπω
ϯ (ⲉⲧⲛ-),ηγεμονια
ϯ (ⲉⲧⲛ-),κελευω
ϯ (ⲉⲧⲛ-),προστασσω
ϯ (ⲉⲧⲛ-),στρατηγια
ϯ (ⲉϩⲟⲩⲛ ⲉϩⲣⲛ-),αντιλεγω
ϯ (ⲉϩⲟⲩⲛ ⲉϩⲣⲛ-),εναντιοομαι
ϯ (ⲉϩⲟⲩⲛ ⲉϩⲣⲛ-),εναντιος
ϯ (ⲛⲥⲁ-),διωκω
ϯ (ⲛⲧⲛ-),αιρεω
ϯ (ⲛⲧⲛ-),αμυνω
ϯ (ⲛⲧⲛ-),αρηγω
ϯ (ⲛⲧⲛ-),βοηθεια
ϯ (ⲛⲧⲛ-),βοηθεω
ϯ (ⲛⲧⲛ-),καταλαμβανω
ϯ (ⲛⲧⲛ-),λαμβανω
ϯ (ⲛⲧⲛ-),συλλαμβανω
ϯ (ⲛⲧⲛ-),τρεφω
ϯ (ⲛⲧⲛ-),ωφελεω
ϯ (ϩⲓ-),εσθης
ϯ (ϩⲓ-),ιματιον
ϯ ⲉⲃⲟⲗ,πρασις
ϯ ⲉⲃⲟⲗ,πωλεω
ϯ ⲉⲑⲏ,επιδιδωμι
ϯ ⲉⲕⲓⲃⲉ,γαλα
ϯ ⲉⲡⲟⲩϣⲁⲡ,δανειζω
ϯ ⲉⲣⲁⲧ⸗,σκυτικος
ϯ ⲉⲣⲁⲧ⸗,υποδημα
ϯ ⲙⲡⲃⲉⲕⲉ,γερας
ϯ ⲙⲡⲃⲉⲕⲉ,μισθος
ϯ ⲙⲡⲓⲙⲱⲓⲧ,αιτιος
ϯ ⲙⲡⲓⲙⲱⲓⲧ,εκαστοτε
ϯ ⲙⲡⲓⲙⲱⲓⲧ,καιρος
ϯ ⲛⲓⲁⲧ⸗,αισθανομαι
ϯ ⲛⲓⲁⲧ⸗,οραω
ϯ ⲛⲟⲩⲉⲣϧⲟⲧ,τιτρωσκω
ϯ ⲛⲟⲩⲉⲣϧⲟⲧ,τραυμα
ϯ ⲛⲟⲩⲉⲣϧⲟⲧ,τραυματιας
ϯ ⲛⲧⲟⲟⲧ⸗,αμυνω
ϯ ⲛⲧⲟⲟⲧ⸗,αρηγω
ϯ ⲛⲧⲟⲟⲧ⸗,βοηθεια
ϯ ⲛⲧⲟⲟⲧ⸗,βοηθεω
ϯ ⲛⲧⲟⲟⲧ⸗,συμμαχια
ϯ ⲛⲧⲟⲟⲧ⸗,ωφελεω
ϯⲁⲅⲁⲡⲏ,ϯαγαπη
ϯⲁⲑⲩⲥⲓⲥ,διαθεσις
ϯⲁⲗⲏⲅⲓⲑⲁⲓ,διαλεγω
ϯⲁⲗⲏⲗ,ηδομαι
ϯⲁⲗⲏⲗ,χαιρω
ϯⲁⲙⲁⲣⲧⲉⲣⲉ,διαμαρτυρεομαι
ϯⲁⲡⲟⲗⲟⲅⲓⲁ,ϯαπολογια
ϯⲁⲡⲟⲫⲁⲥⲓⲥ,ϯαποφασισ
ϯⲃⲁⲡⲧⲓⲥⲙⲁ,ϯβαπτισμα
ϯⲉⲗⲉⲏⲙⲟⲥⲩⲛⲏ,ϯελεημοσυνη
ϯⲉⲛⲧⲟⲗⲏ,ϯεντολη
ϯⲉⲝⲟⲩⲥⲓⲁ,ϯεξουσια
ϯⲉⲟⲟⲩ,δοξαζω
ϯⲉⲣⲱⲧⲉ,γαλα
ϯⲏⲡⲉ,αριθμεω
ϯⲕⲁⲣⲡⲟⲥ,ϯκαρποσ
ϯⲕⲁⲥⲓⲥ,ϯκασισ
ϯⲕⲁϯ,διδασκω
ϯⲕⲁϯ,παιδευω
ϯⲕⲃⲁ,αμυνω
ϯⲕⲃⲁ,τιμωρεω
ϯⲕⲃⲁ,τινω
ϯⲕⲉ,ακοντιζω
ϯⲕⲉ,αποβαλλω
ϯⲕⲉ,βαλλω
ϯⲕⲉ,εμβαλλω
ϯⲕⲉ,ριπτω
ϯⲕⲗⲟⲙ,ευστεφανος
ϯⲕⲗⲟⲙ,στεφανος
ϯⲕⲗⲟⲙ,στεφανοω
ϯⲕⲗⲯ,ϯκλψ
ϯⲕⲛⲉⲩⲉ,δεικνευω
ϯⲕⲛⲛⲉ,αλειφω
ϯⲕⲛⲛⲉ,χριω
ϯⲗⲟⲅⲟⲥ,ϯλογοσ
ϯⲗⲟⲓϭⲉ,προφασις
ϯⲗⲩⲡⲏ,ϯλυπη
ϯⲙⲁ,εαω
ϯⲙⲁ,εξεστι
ϯⲙⲁ,επιτρεπω
ϯⲙⲁⲉⲓⲛ,σημαινω
ϯⲙⲁⲧⲉ,απολαυω
ϯⲙⲁⲧⲉ,αφικνεομαι
ϯⲙⲁⲧⲉ,εθελω
ϯⲙⲁⲧⲉ,ειρηνευω
ϯⲙⲁⲧⲉ,εκων
ϯⲙⲁⲧⲉ,ικνεομαι
ϯⲙⲁⲧⲉ,λαμβανω
ϯⲙⲁⲧⲉ,ομολογεω
ϯⲙⲁⲧⲉ,συγχωρεω
ϯⲙⲁⲧⲉ,συνδοκεω
ϯⲙⲁⲧⲉ,συντιθημι
ϯⲙⲁⲧⲉ,τυγχανω
ϯⲙⲁⲧⲉ,χαιρω
ϯⲙⲁϯ,συγκατατιθημι
ϯⲙⲉ,κωμη
ϯⲙⲉⲉⲩⲉ,αναμιμνησκω
ϯⲙⲉⲉⲩⲉ,υπομιμνησκω
ϯⲙⲉⲧⲁⲛⲟⲓⲁ,ϯμετανοια
ϯⲙⲉⲧⲣⲉϥⲟϩⲉ ⲉⲣⲁⲧϥ ⲛⲧⲉⲡⲭⲟⲣⲟⲥ,χορος
ϯⲙⲟⲩⲉ,λαμπω
ϯⲙⲟⲩⲉ,φαεινος
ϯⲙⲧⲟⲛ (ⲛ-),αγαπαω
ϯⲙⲧⲟⲛ (ⲛ-),αρκεω
ϯⲙⲱⲣⲓⲁ,ϯμωρια
ϯⲛⲉⲓ,αποδεικνυμι
ϯⲛⲉⲓ,καθιστημι
ϯⲛⲉⲓ,τασσω
ϯⲛⲟⲙⲟⲥ,ϯνομοσ
ϯⲛⲧⲟⲗⲏ,ϯντολη
ϯⲟⲃ,αποδοκιμαζω
ϯⲟⲃ,απωθεω
ϯⲟⲥⲉ,βλαπτω
ϯⲟⲩ,πεντακις
ϯⲟⲩ,πεντακισχιλιοι
ϯⲟⲩ,πεντακοσιοι
ϯⲟⲩ,πεντε
ϯⲟⲩⲛⲟϥ,ηδομαι
ϯⲟⲩⲛⲟϥ,χαιρω
ϯⲟⲩⲟⲓ,επιδιδωμι
ϯⲟⲩⲣⲟⲧ,τερπω
ϯⲟⲩⲱ,ανθεω
ϯⲟⲩⲱ,ανθος
ϯⲟⲩⲱϣ,χωρις
ϯⲡⲁϩⲣⲉ,θεραπευω
ϯⲡⲁϩⲣⲉ,ιαομαι
ϯⲡⲉ,γευω
ϯⲡⲛⲉⲩⲙⲁ,ϯπνευμα
ϯⲣⲉⲛ⸗,επικαλεω
ϯⲣⲉⲛ⸗,καλεω
ϯⲣⲉⲛ⸗,λεγω
ϯⲣⲉⲛ⸗,ονομαζω
ϯⲣⲉⲛ⸗,προσαγορευω
ϯⲣⲙⲉⲓⲏ,δακρυον
ϯⲣⲙⲉⲓⲏ,δακρυω
ϯⲣⲙⲉⲓⲏ,κλαιω
ϯⲣⲱ⸗,επαγγελια
ϯⲣⲱ⸗,επαγγελλω
ϯⲣⲱ⸗,υπισχνεομαι
ϯⲣⲱ⸗,υποσχεσις
ϯⲥⲁⲕ,απαταω
ϯⲥⲁⲕ,διδασκω
ϯⲥⲁⲕ,εξαπαταω
ϯⲥⲁⲕ,μηδομαι
ϯⲥⲁⲕ,μηχαναομαι
ϯⲥⲁⲕ,παιδευω
ϯⲥⲁⲕ,ψευδω
ϯⲥⲃⲱ,διδασκω
ϯⲥⲃⲱ,κολαζω
ϯⲥⲃⲱ,παιδευω
ϯⲥⲭⲏⲙⲁ,ϯσχημα
ϯⲥⲱϣ,ατιμαζω
ϯⲥⲱϣ,καταφρονεω
ϯⲧⲁϫⲣⲟ,βεβαιοω
ϯⲧⲃⲏⲣ,λακτιζω
ϯⲧⲉⲛϣⲓ,απειλεω
ϯⲧⲟⲛⲧⲛ,εικαζω
ϯⲧⲣⲁⲡⲉⲍⲁ,ϯτραπεζα
ϯⲧⲱⲕ,οχυροω
ϯⲧⲱⲕ,τειχιζω
ϯⲧⲱⲛ,αμφισβητεω
ϯⲧⲱⲛ,αμφισβητησις
ϯⲧⲱⲛ,ερις
ϯⲧⲱⲛ,νεικος
ϯⲧⲱⲛ,στασιαζω
ϯⲧⲱⲛ,στασις
ϯⲧⲱϣ,παρεχω
ϯⲧⲱϣ,ποριζω
ϯⲱⲙⲥ,βαπτιζω
ϯⲱⲱ,προληψις
ϯϣⲁϩ,εμπιμπρημι
ϯϣⲁϩ,καιω
ϯϣⲁϩ,κατακαιω
ϯϣⲃⲉⲓⲱ,αμειβω
ϯϣⲉⲟⲩⲱϣⲉⲃ,αμειβω
ϯϣⲉⲟⲩⲱϣⲉⲃ,αντιος
ϯϣⲉⲟⲩⲱϣⲉⲃ,αποκρινω
ϯϣⲉⲟⲩⲱϣⲉⲃ,αποκρισις
ϯϣⲉⲟⲩⲱϣⲉⲃ,προσειπον
ϯϣⲟⲩϣⲟ,δοξαζω
ϯϣⲱⲗϩ,μεθοριος
ϯϣⲱⲗϩ,οριζω
ϯϣⲱⲗϩ,ορος
ϯϥⲱⲧⲉ,ιδρως
ϯϩⲁⲗϩⲟ,απαταω
ϯϩⲁⲗϩⲟ,εξαπαταω
ϯϩⲁⲗϩⲟ,ψευδω
ϯϩⲁⲙⲏⲣ,ασπαζομαι
ϯϩⲁⲡ,ϯϩαπ
ϯϩⲃⲁ,απορια
ϯϩⲃⲁ,κινεω
ϯϩⲃⲁ,λυπεω
ϯϩⲃⲁ,ταρασσω
ϯϩⲉ,μεθη
ϯϩⲏⲧ,αισθανομαι
ϯϩⲏⲧ,οραω
ϯϩⲏⲩ,αγαθος
ϯϩⲏⲩ,ευ
ϯϩⲏⲩ,ευεργεσια
ϯϩⲏⲩ,κερδαινω
ϯϩⲏⲩ,κερδος
ϯϩⲏⲩ,κταομαι
ϯϩⲏⲩ,φιλοκερδης
ϯϩⲏⲩ,ωφελεια
ϯϩⲏⲩ,ωφελεω
ϯϩⲗⲟϭ,ηδυς
ϯϩⲙⲉ,αλφιτον
ϯϩⲙⲉ,δειπνον
ϯϩⲙⲉ,σιτος
ϯϩⲙⲉϥ,κανεον
ϯϩⲙⲟⲧ,αγαθος
ϯϩⲙⲟⲧ,ευ
ϯϩⲙⲟⲧ,ευεργεσια
ϯϩⲙⲟⲧ,ωφελεια
ϯϩⲙⲟⲧ,ωφελεω
ϯϩⲟ,αντιβολεω
ϯϩⲟ,ικετευω
ϯϩⲟ,λισσομαι
ϯϩⲧⲟⲣ,αναγκαζω
ϯϩⲧⲟⲣ,αναγκη
ϯϫⲗⲁⲕ,βασανιζω
ϯϫⲗⲁⲕ,βασανος
ϯϫⲗⲁⲕ,εκτεινω
ϯϫⲗⲁⲕ,καμπτω
ϯϫⲗⲁⲕ,τεινω
ϯϫⲣⲉ ⲛϩⲏⲧ,παραμυθεομαι
ϯϫⲱⲕⲙ,βαπτιζω
ϯϭⲓ,γαλα
ϯϭⲓϫ,επαγγελια
ϯϭⲓϫ,επαγγελλω
ϯϭⲓϫ,υπισχνεομαι
ϯϭⲓϫ,υποσχεσις
ϯϭⲗⲁ,επειος
ϯϭⲱⲛⲧ,ερεθιζω
ϯϭⲱⲛⲧ,παροξυνω
ⳉⲟ,ενοδιος
ⳉⲟ,ευθυς
ⳉⲟ,κελευθος
ⳉⲟ,λεωφορος
ⳉⲟ,οδος
