אב,πατηρ
אב,πατριοσ
אב,πατρωος
אבא,εισερχομαι
אבד,απολλυμι
אבד,απωλεια
אבד,διαφθειρω
אבד,ολλυμι
אבדתמ,απολλυμι
אבה,απορια
אבה,βουλομαι
אבה,δεω
אבה,εθελω
אבה,ενδεια
אבהת,πατηρ
אבו,βουλομαι
אבו,πατηρ
אבוא,εισερχομαι
אבוא,ηκω
אבוס,φατνη
אבוש,αισχυνθω
אבושה,καταισχυνθειην
אבות,εγγαστριμυθουσ
אבות,πατηρ
אבות,πατρια
אבות,πατριω
אבות,φωνου
אבחר,εκλεγω
אבטח,ελπιω
אבי,πατηρ
אבי,πατρικος
אבי,υιοσ
אביא,αγω
אביא,επαγω
אביא,οισω
אביאל,αβιηλ
אביב,ναυσ
אביגיל,αβιγαια
אביגיל,αβιγαιασ
אביה,αβια
אביהוא,αβιουδ
אביון,απορος
אביון,πενης
אביון,ταλας
אביונ,ενδεησ
אביונ,πενησ
אביונ,πενητοσ
אביונ,πτωχοσ
אביונימ,πενητων
אביטה,κατανοησω
אביטל,αβιταλ
אבימ,αβιου
אבימלכ,αβιμελεχ
אבינדב,αμιναδαβ
אבינר,αβεννηρ
אביספ,αβιασαφ
אביעזר,αβιεζερ
אביר,αντιλαμβανομενοσ
אביר,θεοσ
אביר,ισχυσ
אבירימ,ταυροσ
אבירמ,αβιρων
אבישג,αβισακ
אבישוע,αβισου
אבישור,αβισουρ
אבישי,αβεσσα
אבישלומ,αβεσσαλωμ
אביתר,αβιαθαρ
אבל,αβελ
אבל,μαλα
אבל,ναι
אבל,ουβαλ
אבל,πενθεω
אבל,πενθοσ
אבל,πενθω
אבל,πυλη
אבנ,αβενεζερ
אבנ,καταλιθον
אבנ,λιθινουσ
אבנ,λιθοσ
אבנ,σταθμιον
אבנה,οικοδομεω
אבנט,ζωνη
אבני,λιθοσ
אבנימ,λιθινασ
אבנימ,λιθοσ
אבנר,αβεννηρ
אבעא,ζητεω
אבק,κονιορτοσ
אבק,παλαιω
אבק,παλεω
אבקש,εκζητεω
אבקש,ζητεω
אבקשה,ζητεω
אבר,κερας
אבר,πτερον
אבר,πτερυξ
אברה,εσθιω
אברה,κερας
אברה,πτερον
אברה,πτερυξ
אברהמ,αβρααμ
אברכ,ευλογεω
אברכה,ευλογεω
אברמ,αβραμ
אבשי,αβεσσα
אבשלומ,αβεσσαλωμ
אבשלמ,αβεσσαλωμ
אבת,πατηρ
אבת,πατριω
אגג,αγαγ
אגדע,συγκλασω
אגיד,αναγγελω
אגיד,απαγγελλω
אגידה,απαγγελλω
אגילה,αγαλλιασομαι
אגמ,αιρεω
אגמ,λιμνη
אגמון,ορμαω
אגמימ,αιρεω
אגן,κρατηρ
אגן,φιαλη
אגף,στρατευμα
אגף,στρατιωτης
אגרטל,κανεον
אגרש,εκβαλλω
אדב,καλεω
אדב,παρακαλεω
אדבאל,ναβδεηλ
אדבר,λαλεω
אדברה,λαλεω
אדומ,εδωμ
אדומ,ιδουμαι
אדומ,ιδουμαια
אדומ,ιδουμαιαν
אדומ,υιοσ
אדונ,δεσποτησ
אדונ,κυριοσ
אדינ,ουτω(σ)
אדיר,θαυμαστοσ
אדיר,κρατερος
אדלג,υπερβησομαι
אדם,ανθρωπειος
אדם,ανθρωπινος
אדם,ανθρωπος
אדמ,αβδεδομ
אדמ,αβεδδαρα
אדמ,αδαμ
אדמ,ανηρ
אדמ,ανθρωποσ
אדמ,σαρδιον
אדמה,αδαμα
אדמוני,πυρρακησ
אדמי,ιδουμαι
אדמי,συροσ
אדמני,ερυθρος
אדמת,κτηνω
אדמת,χωρα
אדן,βαθρον
אדנ,βασισ
אדנ,εναντιον
אדנ,κυριοσ
אדנ,παισ
אדני,βασισ
אדני,δεσποτησ
אדני,θεοσ
אדני,κυριοσ
אדניה,αδωνιασ
אדניה,αδωνιου
אדניהו,αδωνια
אדניהו,αδωνιασ
אדניהו,αδωνιου
אדנימ,βασισ
אדנימ,κυριοσ
אדנירמ,αδωνιραμ
אדע,γιγνωσκω
אדעה,γιγνωσκω
אדרגזרי,ηγεομαι
אדרמ,αδωνιραμ
אדרעי,εδραιν
אדרש,εκζητεω
אהב,αγαπαω
אהב,φιλεω
אהב,φιλοσ
אהבה,αγαπαω
אהבה,αγαπη
אהבו,αγαπαω
אהבי,αγαπαω
אהבת,αγαπαω
אהבתי,αγαπαω
אהד,αωδ
אהובה,ηγαπημενη
אהי,γιγνομαι
אהיה,ανοιγνυμι
אהל,κλισια
אהל,οικοσ
אהל,σκηνη
אהל,σκηνωμα
אהל,σκηνωμασιν
אהל,σκηνωματα
אהלי,σκηνη
אהליאב,ελιαβ
אהליבמה,ελιβεμα
אהליבמה,ελιβεμασ
אהלכ,πορευομαι
אהלל,αινεσω
אהללה,αινεσω
אהרנ,ααρων
אוב,εγγαστριμυθοσ
אוב,εγγαστριμυθω
אוביש,ξηρανω
אוד,εξομολογεω
אוד,ξυλον
אודה,εξομολογεω
אוה,βουλομαι
אוה,εθελω
אוי,αλγος
אוי,κηδος
אוי,ουαι
אוי,πημα
אויב,εχθροσ
אויב,εχθρω
אויבימ,εχθροσ
אויה,αλγος
אויה,κηδος
אויה,πημα
אויל,ανοητος
אויל,αφρων
אויל,ηλιθιος
אויל,μωρος
אוכיח,ελεγξω
אוכל,δυναμαι
אוכל,δυνωμαι
אוכל,εσθιω
אולי,ισος
אולי,μηποτε
אולי,οπωσ
אולי,ταχα
אולמ,αιλαμ
אולמ,ουλαμ
אולת,αφροσυνη
אומר,ωμαρ
אונ,αδικια
אונ,ανομια
אונ,βαιθων
אונ,πονοσ
אונמ,οζομ
אוננ,αυναν
אועד,γνωσθησομαι
אופיר,σουφιρ
אופן,τροχος
אוץ,κελευω
אוץ,παραινεω
אוץ,παρακαλεω
אוצר,επιτηδειος
אוצר,θησαυροσ
אוצר,παρεχω
אוצרות,θησαυροσ
אוצרת,θησαυροσ
אור,φωσ
אור,φωτισμοσ
אור,χαλδαιοσ
אור,χωρα
אורי,ουρι
אורי,ουριασ
אוריאל,ουριηλ
אוריה,ουρια
אוריה,ουριαν
אוריה,ουριασ
אוריהו,ουρια
אושע,σωζω
אות,επιθυμια
אות,σημα
אות,σημειον
אותר,υπολελειμμαι
אותת,σημειον
אז,αρχη
אזדא,αφιστημι
אזה,εξεκαυθη
אזוב,υσσωποσ
אזי,αρα
אזכיר,μιμνησκω
אזכר,μιμνησκω
אזכרה,μιμνησκω
אזל,απειμι
אזל,απερχομαι
אזמר,ψαλλω
אזמרה,ψαλλω
אזן,ακουω
אזן,ακροαομαι
אזנ,ουσ
אזנ,ωτιον
אזר,ενδυω
אזר,περιτιθημι
אזרח,επιχωριος
אזרח,πατρις
אח,αδελφος
אח,αδελφοσ
אח,κασιγνητος
אח,υιοσ
אחאב,αχααβ
אחבא,κρυπτω
אחד,αλλοσ
אחד,εικοσι
אחד,εικοστοσ
אחד,εις
אחד,εκαστος
אחד,ενδεκα
אחד,ετερος
אחד,ετεροσ
אחד,νουμηνια
אחד,ουδεισ
אחד,ουθεισ
אחד,τις
אחד,ωσει
אחו,αχοσ
אחו,δοναξ
אחו,καλαμος
אחור,εσχατοσ
אחור,οπισω
אחות,αδελφη
אחות,κασιγνητη
אחז,αχαζ
אחז,κατεχω
אחזה,κατασχεσισ
אחזיהו,οχοζιασ
אחזת,κατασχεσισ
אחזת,κταομαι
אחזת,κτη
אחזת,οχοζαθ
אחטוב,αχιτωβ
אחי,αδελφοσ
אחי,αλληλων
אחידה,αινιγμα
אחידה,αινισσομαι
אחיה,αδελφοσ
אחיה,αχια
אחיה,αχιασ
אחיה,ζησομαι
אחיו,αδελφοσ
אחיטוב,αχιτωβ
אחילוד,αχιλιδ
אחימ,αδελφοσ
אחימלכ,αβιμελεχ
אחימלכ,αχιμελεχ
אחימעצ,αχιμαασ
אחינעמ,αχινααμ
אחינעמ,αχινοομ
אחיסמכ,αχισαμακ
אחיתפל,αχιτοφελ
אחלמה,αμεθυστοσ
אחלצ,εκαιρεω
אחלקה,διαμεριζω
אחסה,ελπιω
אחרונ,εσχατοσ
אחרונ,ετεροσ
אחרונ,ταυ
אחרונה,εσχατοσ
אחרות,ετεροσ
אחרי,αλλοσ
אחרי,εσχατοσ
אחרי,ετεροσ
אחרי,ημερω
אחרי,κατοπισθεν
אחרי,οπισθεν
אחרי,οπισω
אחרי,ταυ
אחרימ,αλλοτριοσ
אחרימ,ετεροσ
אחרין,τελευταιος
אחרית,εσχατοσ
אחרית,ημερω
אחרן,αλληλων
אחרן,αλλος
אחרן,ετερος
אחרנ,ετεροσ
אחרנה,εσχατοσ
אחרנימ,εσχατοσ
אחרת,ετεροσ
אחשדרפן,σατραπης
אחשדרפני,σατραπαι
אחשדרפני,σατραπασ
אחשדרפני,υπατοσ
אחשתרן,βασιλειος
אחשתרן,βασιλικος
אחת,αδελφη
אחת,απαξ
אחת,ετεροσ
אחת,καιροσ
אחת,πρωτοσ
אחת,τεσσαρακοντα
אט,αγανος
אט,μειλιχιος
אט,πραος
אטד,αταδ
אטון,λινεος
אטון,λινον
אי,νησοσ
אי,ποθεν
אי,ποι
אי,ποιοσ
אי,που
איב,εχθροσ
איב,εχθρω
איבה,εχθρη
איבי,εχθροσ
איד,συμφορα
איה,γαια
איה,που
איזבל,ιεζαβελ
איימ,εθνοσ
איימ,νησοσ
איל,αρνειος
איל,ελαφοσ
איל,ελαφων
איל,κριος
איל,κριοσ
איל,κριου
איל,τυραννος
אילונ,αιλων
אילות,αρχη
אילות,δυναμαι
אילות,δυναμις
אילות,ελαφοσ
אילות,εξουσια
אילימ,κριος
אילימ,κριοσ
אילימ,κριουσ
אילימ,ωσει
אילמ,αιλιμ
אילמ,κριοσ
אילמ,κριουσ
אילן,δενδρον
אילנ,δενδρον
אילנ,δενδρου
אימה,φοβοσ
אימתני,δεινος
אימתני,σμερδαλεος
אינ,ευρισκω
אינ,εχω
אינ,ουδεισ
אינ,ουθεισ
אינ,ουκετι
אינ,ποθεν
אינ,υπαρχω
אינ,υπη
איסר,παιδευσω
איעצ,συμβουλευσω
איפה,μετρον
איפה,οιφι
איפה,που
אירא,φοβεομαι
איש,αλληλων
איש,ανδρω
איש,ανηρ
איש,ανθρωπος
איש,ανθρωποσ
איש,αρσην
איש,εκαστοσ
איש,ετεροσ
איש,εχω
איש,ιεβοσθε
איש,ιουδασ
איש,ιστωβ
איש,μεμφιβοσθε
איש,μηδεισ
איש,ουδεισ
איש,ουθεισ
איש,πασ
איש,τις
אישונ,κορη
אישימ,ανθρωποσ
אישנ,υπνωσω
אית,λατρευομεν
איתי,εχω
איתי,λατρευετε
איתי,λατρευομεν
איתי,ουσια
איתמר,ιθαμαρ
איתנ,αιθαν
אכ,αρα
אכ,μονοσ
אכ,πατασσω
אכ,πλην
אכבד,δοξαζω
אכבדה,δοξαζω
אכבדה,ενδοξασθησομαι
אכול,εσθιω
אכול,φαγει
אכזב,απατη
אכזר,σχετλιος
אכזרי,σχετλιος
אכזריות,ωμοτης
אכיש,αγχουσ
אכל,βρω
אכל,βρωμα
אכל,βρωσισ
אכל,εσθιω
אכל,καθηκοντασ
אכל,καταφαγει
אכל,κατεδεται
אכל,κατεσθιω
אכל,τροφη
אכל,φαγει
אכל,φαγειν
אכל,ωστε
אכלה,βρω
אכלה,εσθιον
אכלה,εσθιω
אכלה,καταναλισκω
אכלה,κατεσθιω
אכלה,συντελεω
אכלה,φαγει
אכלו,βρωσισ
אכלו,διαβαλλω
אכלו,εδω
אכלו,εσθιω
אכלי,εσθιω
אכלי,εσθω
אכלי,κατεσθιω
אכלימ,εσθιω
אכלת,εσθιω
אכלת,κατεσθιω
אכלת,φαγειν
אכלתי,εσθιω
אכלתמ,εσθιω
אכנ,ουτω(σ)
אכר,γεωργος
אכרת,διατιθημι
אלביש,ενδυσω
אלה,αλσ
אלה,αρα
אלה,αρη
אלה,δεσποτησ
אלה,δρυ
אלה,δρυσ
אלה,ειδωλον
אלה,ελαυνω
אלה,ηλα
אלה,θεοσ
אלה,ισραηλ
אלה,καταρα
אלה,κυριοσ
אלה,ουτω(σ)
אלה,ταυ
אלה,τερεβινθοσ
אלהי,βδελυγματι
אלהי,ειδωλον
אלהי,θεοσ
אלהי,κυριοσ
אלהי,παντοκρατορι
אלהים,δαιμων
אלהים,θειος
אלהים,θεος
אלהימ,αγγελοσ
אלהימ,εναντιον
אלהימ,εφουδ
אלהימ,θει
אלהימ,θεοσ
אלהימ,κυριοσ
אלהימ,υμα
אלהינ,θεοσ
אלו,ιδου
אלוה,δαιμων
אלוה,θειος
אלוה,θεος
אלוה,θεοσ
אלונ,αλλοσ
אלונ,βαλανοσ
אלוף,μαλιστα
אלופ,ηγεμων
אלופי,ηγεμων
אלות,αειρω
אלחננ,ελεαναν
אליאב,ελιαβ
אליאל,ελιηλ
אליהו,ηλιοσ
אליועיני,ελιθεναν
אליל,δαιμων
אליל,θειος
אליל,θεος
אלילי,βδελυγματα
אלילי,δτα
אלילי,χειροποιητοσ
אלימ,θεοσ
אלימלכ,αβιμελεχ
אלינ,ταυ
אליעזר,ελιεζερ
אליעמ,ελιαβ
אליפז,ελιφασ
אליפלט,ελιφαλετ
אליקימ,ελιακιμ
אלישה,ελισα
אלישיב,ελιασιβ
אלישמע,ελισαμα
אלישע,ελισαιε
אלכ,ανηρ
אלכ,απερχομαι
אלכ,εκει
אלכ,πορευομαι
אלכה,απερχομαι
אלכה,πορευομαι
אלמ,αιλαμ
אלמגימ,απελεκητα
אלמד,διδασκω
אלמנה,χηρα
אלמנה,χηροσ
אלמנות,χηρευσεωσ
אלמני,ξενος
אלמת,δραγμα
אלני,δρυσ
אלני,μαμβρη
אלסר,ελλασαρ
אלעזר,ελεαζαρ
אלעלה,ελεαλη
אלעשה,ελεασα
אלף,μυριας
אלף,μυριος
אלף,χιλιας
אלף,χιλιοι
אלף,χιλιος
אלפ,βοω
אלפ,χιλιασ
אלפ,χιλιοι
אלפ,χιλιοσ
אלפי,χιλιασ
אלפימ,δισχιλιαι
אלפימ,δισχιλιοι
אלפימ,επτα
אלפימ,τρει
אלפימ,τρισχιλιοι
אלפימ,χιλιαρχοσ
אלפימ,χιλιαρχουσ
אלפימ,χιλιασ
אלפינ,χιλιασ
אלפעל,αλφααλ
אלקנה,ελκανα
אלקנה,ηλκανα
אם,μητηρ
אמ,ειτοι
אמ,εωσ
אמ,μην
אמ,μητηρ
אמ,ομομητριος
אמ,οταν
אמ,πλην
אמדד,διαμετρησω
אמה,εκατον
אמה,παιδισκη
אמה,πηχει
אמה,πηχεισ
אמה,πηχυς
אמה,πηχυσ
אמה,πηχω
אמה,φυλη
אמהות,παιδισκω
אמהת,παιδισκη
אמוט,σαλευω
אמון,πιστος
אמונה,αληθεια
אמונה,αληθινοσ
אמונה,πιστισ
אמונת,αληθεια
אמוצ,αμωσ
אמות,αποθανει
אמות,αποθανου
אמות,αποθνησκω
אמות,πηχει
אמות,πηχεισ
אמות,πηχυσ
אמות,πηχω
אמחה,εξαλειφω
אמי,φυλη
אמי,χωρα
אמיל,ημυναμην
אמימ,εθνοσ
אמימ,λαοσ
אמימ,ομμιν
אמינ,πηχυσ
אמינ,πηχω
אמיר,κλαδος
אמית,θανατωσω
אמלט,σωζω
אמללה,πενθεω
אמנ,αληθινοσ
אמנ,γιγνομαι
אמנ,πιστισ
אמנה,δητα
אמנה,μαλα
אמנה,μεντοι
אמנונ,αμνος
אמנמ,αληθω
אמצ,ισχυε
אמצא,ευρισκω
אמצו,εκραταιωθησαν
אמר,αναγγελλω
אמר,αποκρινω
אמר,ειπει
אמר,ειπον
אמר,εμμηρ
אמר,ερομαι
אמר,λαλεω
אמר,λεγω
אמר,πεταζω
אמר,προστασσω
אמר,ρημα
אמרה,λεγω
אמרו,ερομαι
אמרו,λεγω
אמרות,λογιον
אמרי,αμορραι
אמרי,αμορραιος
אמרי,αμορραιου
אמרי,αμορραιουσ
אמרי,λεγω
אמרי,λογιον
אמרי,ρημα
אמריה,αμαρια
אמרימ,λεγω
אמרינ,λεγω
אמרפל,αμαρφαλ
אמרת,ειπον
אמרת,λεγω
אמרת,λογιον
אמרת,λογοσ
אמרת,ρημα
אמרתי,ειπον
אמרתי,λεγω
אמרתמ,λεγω
אמש,εχθεσ
אמת,αληθεια
אמת,αληθησ
אמת,αληθινοσ
אמת,δικαιοσυνη
אמת,δουλη
אמת,δουλοσ
אמת,θεραπαινα
אמת,παιδισκη
אמתחת,μαρσιπποισ
אמתחת,μαρσιππος
אמתחת,μαρσιππουσ
אמתחת,περθω
אמתחת,πορθεω
אמתימ,δυο
אמתימ,πηχυσ
אן,οποι
אן,ποι
אנ,ηλιοσ
אנ,πολισ
אנ,που
אנא,αραομαι
אנא,ευχομαι
אנא,προσευχομαι
אנב,καρποσ
אנדע,γιγνωσκω
אנה,αινεω
אנה,ουδαμου
אנה,που
אנוש,ανθρωποσ
אנוש,ενωσ
אנחה,στεναγμοσ
אנחנה,ημει
אנחנו,ημει
אנחת,στεναγμοσ
אניה,ναυς
אניה,πλοιον
אניות,ναυ
אניות,ναυσ
אניות,πλοι
אניות,πλοιοισ
אנן,εγκαλεω
אנן,μεμφομαι
אנס,αναγκαζω
אנס,αναγκη
אנפ,προσωπον
אנפו,προσωπον
אנפת,ωργισθησ
אנקת,στεναγμοσ
אנש,ανηρ
אנש,ανθρωπινοσ
אנש,ανθρωποσ
אנשי,ανδρω
אנשי,ανηρ
אנשי,ανθρωποσ
אנשימ,ανδρω
אנשימ,ανηρ
אנשימ,ανθρωποσ
אנתונ,υμει
אסא,ασα
אסוך,αμφιφορευς
אסוך,κεραμιον
אסונ,εξεικονισμενον
אסונ,μαλακια
אסור,δεσμοσ
אסור,πεδη
אסיר,αιχμαλωτος
אסיר,ασιρ
אסיר,δεσμωτης
אסיר,πεπεδημενων
אסירה,αφελω
אסנת,ασεννεθ
אספ,ασαφ
אספ,προστιθημι
אספ,συναγαγε
אספ,συναγω
אספו,συναγω
אספו,συναξουσιν
אספימ,εσεφιν
אספסף,βοτρυς
אספרה,διηγεομαι
אספת,συναξεισ
אסר,ορισμον
אסתר,κρυπτω
אע,ξυλινος
אע,ξυλινουσ
אע,ξυλον
אע,υλη
אע,υλις
אעבד,δουλευω
אעברה,παρελευσομαι
אעידה,διαμαρτυρομαι
אעירה,εξεγερθησομαι
אעלה,αναβαινω
אעלה,αναβω
אעלה,ανοισω
אעשה,απολλυμι
אף,ρις
אפ,ενωτιον
אפ,θυμοσ
אפ,θυμοω
אפ,θυμωθη
אפ,οργη
אפ,προσωπον
אפד,επωμιδα
אפד,επωμισ
אפדה,σκεπασμα
אפה,αρχισιτοποιοσ
אפה,επεψαν
אפה,οπταω
אפוד,επωμιδα
אפוד,εφουδ
אפוד,στολη
אפיל,οψε
אפיל,υστερος
אפימ,αρχισιτοποιος
אפימ,αφφαιμ
אפימ,μακροθυμοσ
אפימ,προσωπον
אפיקי,πηγη
אפל,σκοτοσ
אפלה,πιπτω
אפלה,σκοτοσ
אפלל,αφαληλ
אפנ,επιστρεφω
אפס,εκλειπω
אפס,πλην
אפסי,ακρον
אפעה,δρακων
אפעה,οφις
אפפו,περιεσχον
אפק,αφεκ
אפק,αφεκα
אפר,κονις
אפר,σποδοσ
אפר,τελαμω
אפריון,φορειον
אפרימ,εφραιμ
אפרתה,εφραθα
אפתח,ανοιγνυμι
אפתח,ηνοιξα
אצא,εξελευσομαι
אצבע,δακτυλος
אצבע,δακτυλοσ
אצבעות,δακτυλοι
אצבענ,δακτυλοι
אצבעת,δακτυλοι
אצבעת,δακτυλοσ
אצו,εντειλωμαι
אצו,εντελλω
אצוה,εντελλω
אצוה,εντελου
אציל,αριστος
אציל,γενναιος
אציל,εσθλος
אציל,ευγενης
אציל,καλος
אצל,εσηλ
אצל,εχω
אצמ,ασομ
אצעדה,ψελιον
אצר,ασαρ
אצר,ωσαρ
אצרה,εξερευνησω
אצרות,αποθηκω
אצרות,θησαυροσ
אצרת,θησαυροσ
אקבצ,συναγω
אקברה,θαπτω
אקוה,υπομενω
אקומ,αναστησομαι
אקומה,αναστησομαι
אקח,λαμβανω
אקימ,ιστημι
אקמ,ανεστην
אקרא,βοαω
אקרא,εκκραζω
אקרא,επεκαλεσαμην
אקרא,επικαλεσομαι
אקרא,επικαλεσωμαι
אקרא,καλεω
אקרא,κεκραξομαι
אקרע,λαμβανω
ארא,δεικνυμι
ארא,οραω
אראה,ειδον
אראה,οραω
ארב,εχθροσ
ארבה,ακριδα
ארבה,ακρισ
ארבה,πληθυνω
ארבע,εικοσι
ארבע,εκατον
ארבע,πεντηκοντα
ארבע,τεσσαρες
ארבע,τεσσαρεσ
ארבע,τεταρτοσ
ארבע,τετρακοσιοι
ארבע,τριακοντα
ארבע,τριακοσιοι
ארבעה,δεκα
ארבעה,εικοσι
ארבעה,εικοστοσ
ארבעה,τεσσαρεσ
ארבעה,τεσσαρεσκαιδεκατοσ
ארבעה,τεταρτοσ
ארבעימ,πεντε
ארבעימ,τεσσαρακοντα
ארבעימ,τεσσαρακοστω
ארבעת,τεσσαρεσ
ארבת,καταρρακτης
ארג,υφαινω
ארג,υφαντικος
ארג,υφαντοσ
ארגב,αργοβ
ארגון,πορφυρα
ארגון,πορφυρεος
ארגונ,πορφυρα
ארגז,εργαβ
ארגז,θεμα
ארגימ,υφαινοντων
ארגמנ,πορφυρα
ארד,καταβαινω
ארו,ειδον
ארו,ιδου
ארוה,φατνη
ארוז,βαθος
ארוז,στερεος
ארומ,υψωθησομαι
ארוממ,υψωσω
ארון,κιβωτος
ארונ,εφουδ
ארונ,κιβωτος
ארונ,κιβωτοσ
ארונה,ορνα
ארוצ,δραμου
ארור,επικαταρατοσ
ארורימ,επικαταρατοι
ארז,κεδρος
ארז,κεδροσ
ארזי,κεδρουσ
ארזימ,κεδρινα
ארזימ,κεδρινοισ
ארזימ,κεδρινοσ
ארזימ,κεδρινω
ארזימ,κεδρινων
ארזימ,κεδροσ
ארזימ,κεδρουσ
ארח,κελευθος
ארח,οδος
ארח,οδοσ
ארח,τριβον
ארחות,οδοσ
ארחות,τριβοσ
ארחת,οδοσ
ארי,λεων
אריאל,αριηλ
אריה,λεαινα
אריה,λεων
אריה,ωσει
אריוכ,αριωχ
אריות,λεων
ארך,μηκος
ארכ,μακροθυμοσ
ארכ,μακροτητα
ארכבה,γονυ
ארכה,μηκος
ארכי,αραχι
ארכי,αρχι
ארמ,αραμ
ארמ,μεσοποταμια
ארמ,μεσοποταμιασ
ארמ,συρια
ארמ,συρος
ארמ,συροσ
ארמי,συρος
ארמי,συροσ
ארמיה,συρα
ארמית,συριστι
ארנ,κιβωτος
ארנ,κιβωτοσ
ארנבת,λαγως
ארננ,αγαλλιασομαι
ארננ,αρνοσ
ארננ,ορνα
ארע,γαια
ארע,γη
ארע,χθων
ארפכשד,αρφαξαδ
ארץ,γαια
ארץ,γη
ארץ,χθων
ארצ,αιγυπτοσ
ארצ,εαυτου
ארצ,εδαφουσ
ארצ,οικουμενη
ארצ,χωρα
ארצות,χωρα
ארצת,χωρα
ארק,γαια
ארק,γη
ארק,χθων
ארר,αρα
אש,ενεπυρισεν
אש,πυρ
אש,πυρικαυστοι
אש,ωσει
אשא,αειρω
אשא,λαμβανω
אשא,πυρ
אשא,ψυχη
אשאב,υδρευω
אשאל,ερωταω
אשב,καθησομαι
אשב,καθιω
אשבל,ασβηλ
אשבע,ομνυμι
אשדוד,αζωτοσ
אשדוד,αζωτου
אשדת,ασηδωθ
אשה,αλληλων
אשה,γυνη
אשה,εκαστοσ
אשה,ετεροσ
אשה,καρπωμα
אשוב,αναστρεφω
אשוב,επιστρεφω
אשון,προσειμι
אשון,προσερχομαι
אשור,ασσουρ
אשור,ασσυριοι
אשור,ασσυριοισ
אשור,ασσυριοσ
אשחית,απολλυμι
אשיב,ανταποδιδωμι
אשיב,αποδιδωμι
אשיב,αποκριθω
אשיב,αποστρεφω
אשיב,επιστρεφω
אשיבה,επιστρεφω
אשיג,καταλημψομαι
אשיה,κιων
אשיה,στηλη
אשיחה,αδολεσχησω
אשיחה,ηδολεσχουν
אשימ,τιθημι
אשירה,ασομαι
אשירה,ασω
אשית,τιθημι
אשכבה,κοιμαω
אשכול,βοτρυς
אשכול,σταφυλη
אשכח,επιλαθωμαι
אשכח,επιληθω
אשכנז,ασχαναζ
אשכר,φορος
אשל,αρουρα
אשלח,αποστελλω
אשלח,εξαποστελλω
אשלחה,αποστελλω
אשלחה,εξαποστελλω
אשליכ,εκτεινω
אשלכ,ερριψα
אשלמ,αποδιδωμι
אשמ,βασανοσ
אשמחה,ευφρανθησομαι
אשמע,ακουω
אשמע,εισακουσομαι
אשמעה,ακουω
אשמר,φυλασσω
אשמרה,φυλασσω
אשמרת,φυλακη
אשנב,θυρις
אשפ,μαγοσ
אשפה,φαρετρα
אשפי,μαγοσ
אשפימ,μαγοσ
אשפינ,μαγοσ
אשפכ,εκχεω
אשפת,κοπριασ
אשקה,ποτιζω
אשקלונ,ασκαλω
אשרה,αλσοσ
אשרי,μακαριοσ
אשרימ,δενδρον
אשת,γυνη
אשת,πινω
אשתדור,αποστασις
אשתדור,αφιστημι
אשתה,πινω
אשתה,πιομαι
אשתונ,ασσαθων
אשתחוה,προσκυνεω
אשתיו,πινω
אשתנו,ηλλοιωθη
אשתני,ηλλοιωθη
אתבוננ,συνη
אתודה,εξωμολογησαμην
אתונ,καμινοσ
אתות,σημειον
אתחננ,δεω
אתי,εθθι
אתיות,επερχομενα
אתמ,υμει
אתמול,εχθεσ
אתמול,χθιζος
אתנ,διδωμι
אתנ,παραδιδωμι
אתנ,τιθημι
אתנה,διδωμι
אתנות,ονος
אתנות,ονοσ
אתנפל,δεω
אתנת,ημιονοσ
אתנת,ονοσ
אתפלל,προσευχομαι
אתפללה,προσηυξαμην
אתת,σημειον
בא,δυσμω
בא,δυω
בא,εισειμι
בא,εισελθει
בא,εισερχομαι
בא,εισοδοσ
בא,εισπορευεσθαι
בא,εισπορευη
בא,εισπορευομαι
בא,εισπορευωνται
בא,ελθει
בא,επερχομαι
בא,ερχομαι
בא,εωσ
בא,ηκω
בא,ηνικα
בא,ισοσ
בא,οταν
בא,παραγιγνομαι
בא,παραγινομαι
בא,πορευομαι
בא,προβεβηκωσ
באה,εισελθου
באה,εισοδος
באה,εισπλοος
באה,εποσ
באה,ερχομαι
באו,εισερχομαι
באו,εισηλθοσαν
באו,εισπορευεσθε
באו,ερχομαι
באו,ηκω
באו,ισοσ
באות,ερχομαι
באי,εισερχομαι
באי,εισπορευομαι
באימ,εισπορευομαι
באימ,ερχομαι
באיש,κακος
באיש,πονηρος
באיש,φαυλος
באנו,ερχομαι
באנו,ηκω
באר,βηρσαβεε
באר,ευ
באר,καλος
באר,λακκοσ
באר,ορασισ
באר,ορκοσ
באר,τοινυν
באר,φρεαρ
בארת,φρεαρ
בארתי,βηρωθαιου
באש,λυπεω
באש,οζω
באשימ,ακανθα
באת,εισερχομαι
באת,ερχομαι
באת,ηκω
באתי,εισερχομαι
באתי,ηκω
באתמ,εισερχομαι
באתמ,ερχομαι
באתמ,ηκω
באתר,οπισω
באתר,ταυ
בבל,βαβυλω
בבל,βαβυλων
בבל,βαβυλωνιοσ
בגד,ιματιον
בגד,στολη
בגדו,αθετου
בגדות,δολος
בגדות,προδοσια
בגדי,ιματιον
בגדי,στολη
בגדימ,ιματιον
בגדימ,ιματισμοσ
בגדימ,στολη
בגוד,δολιος
בגוד,επιβουλος
בד,εαυτου
בד,εκτοσ
בד,ισοσ
בד,ισω
בד,λινεος
בד,λινον
בד,μερος
בד,μοιρα
בד,μονοσ
בד,μονωτατον
בד,μονωτατοσ
בד,πλην
בד,χωρισ
בדא,μηδομαι
בדא,μηχαναομαι
בדד,βαραδ
בדד,μονοσ
בדיל,κασσιτερος
בדימ,αναφορει
בדימ,βαδδιν
בדימ,βυσσινα
בדימ,διωστη
בדימ,φορεω
בדל,χωρις
בהיר,λαμπρος
בהל,κινεω
בהל,ταρασσω
בהמה,εωσ
בהמה,κτη
בהמה,κτηνος
בהמה,κτηνοσ
בהמה,κτηνουσ
בהמה,κτηνω
בהמה,τετραποσιν
בהמה,τετραπουσ
בהמות,κτηνος
בהמות,κτηνοσ
בהמת,θηριοισ
בהמת,κτη
בהמת,κτηνος
בהמת,κτηνοσ
בהנ,ακρον
בוא,εισελθει
בוא,εισερχομαι
בוא,εισοδοσ
בוא,εισπορευεσθαι
בוא,ελθει
בוא,ερχομαι
בוא,ηνικα
בוא,ισοσ
בוגד,αθετεω
בוז,εξουδενωσισ
בוזה,καταφρονεω
בוזה,καταφρονησις
בוטח,ελπιζοντα
בוקר,βοτηρ
בוקר,βουκολος
בוקר,νομευς
בור,αιδησ
בור,λακκος
בור,λακκοσ
בור,φρεαρ
בז,προνομην
בזה,εξουδενωσεν
בזה,καταφρονεω
בזה,προνομην
בזז,λαφυρα
בזז,σκυλον
בזיון,καταφρονεω
בזיון,καταφρονησις
בחור,εκλεκτοσ
בחור,μειρακιον
בחור,νεανιης
בחור,νεανισκος
בחור,νεανισκοσ
בחור,νεος
בחורי,εκλεκτοσ
בחורימ,βαουριμ
בחורימ,νεανισκοσ
בחיר,εκλεκτοσ
בחן,εξεταζω
בחן,σκεπτομαι
בחן,σκοπεω
בחנ,εταζων
בחנת,εδοκιμασασ
בחר,εκλεγω
בחר,εκλεξαι
בחר,εξεταζω
בחר,ηρετικεν
בחר,σκεπτομαι
בחר,σκοπεω
בחרו,εκλεγω
בחרת,εκλεγω
בחרתי,εκλεγω
בחרתי,ηρετισαμην
בחרתמ,εκλεγω
בטוח,θαρσεω
בטח,ελπιζειν
בטח,ελπιζω
בטח,ελπισ
בטח,ελπισον
בטח,πειθω
בטח,πιστευω
בטחה,θαρσεω
בטחה,πιστευω
בטחה,πιστις
בטחו,ελπιζω
בטחון,θαρσεω
בטחון,πιστευω
בטחון,πιστις
בטחות,ασφαλεια
בטחות,ασφαλης
בטחות,ελπισ
בטחות,σωζω
בטחות,σωτηρια
בטחימ,πειθω
בטחת,πειθω
בטחתי,ηλπισα
בטן,γαστηρ
בטן,κοιλια
בטן,νηδυς
בטנ,γαστηρ
בטנ,κοιλια
בין,διαστημα
בינ,δανα
בינ,δειλινος
בינ,εκαστοσ
בינ,εσπερα
בינ,μεσοσ
בינ,ωσει
בינה,επιστημη
בינה,συνεσισ
בינו,συνιημι
ביני,μεσοσ
בינת,μεσοσ
בינת,συνεσισ
בירה,ακροπολις
בירה,ακρος
בירה,πτολιεθρον
בית,αρχιδεσμοφυλαξ
בית,βαιθηλ
בית,βαιθλαεμ
בית,βαιθλεεμ
בית,βαιθμαχα
בית,βαιθσαμυσ
בית,βαιθσαν
בית,βαιθσουρ
בית,βαιθων
בית,βαιθωρων
בית,βηθλεεμ
בית,δεσμωτηριον
בית,δομος
בית,δωμα
בית,εαυτου
בית,εσωθεν
בית,οικια
בית,οικιω
בית,οικογενει
בית,οικονομοσ
בית,οικος
בית,οικοσ
בית,οχυρωμα
בית,πανοικια
בית,τοποσ
בית,υιοσ
בית,φογωρ
בית,φυλακη
ביתן,βασιλεια
ביתן,βασιλειος
ביתן,δομος
ביתן,δωμα
בכאימ,απειμι
בכאימ,κλαυθμοσ
בכה,δακρυον
בכה,δακρυω
בכה,κλαιω
בכור,πρωτοτοκος
בכור,πρωτοτοκοσ
בכורי,πρωτογενηματων
בכורים,ακροθινιον
בכות,κλαυ
בכי,κλαιω
בכי,κλαυθμος
בכי,κλαυθμοσ
בכירה,πρεσβυσ
בכר,βαχιρ
בכר,πρωτοτοκος
בכר,πρωτοτοκοσ
בכרה,πρωτοτοκια
בכרו,πρωτοτοκοσ
בכרי,βοχορι
בכרת,πρωτοτοκια
בכרת,πρωτοτοκοσ
בל,οπωσ
בלאשצר,βαλτασαρ
בלהה,βαλαα
בלהה,βαλλα
בלהה,βαλλασ
בלהנ,βαλααν
בלו,επαλαιωθη
בלו,φορος
בלטשאצר,βαλτασαρ
בליעל,ανομια
בליעל,κακια
בליעל,λοιμος
בליעל,λοιμοσ
בליעל,παρανομον
בליעל,παρανομοσ
בליעל,πονηρια
בליעל,υιοσ
בלל,συγχεω
בלע,βαλα
בלע,βαλακ
בלע,βαλλω
בלעד,ανευ
בלעד,πλην
בלעדי,ανευ
בלעדי,διχα
בלעדי,μηδεις
בלעדי,πλην
בלעדי,χωρις
בלעמ,βαλααμ
בלשאצר,βαλτασαρ
בלתה,κατετριβη
בלתי,πλην
במה,βαμα
במה,υψηλοσ
במות,υψη
במות,υψηλοι
במות,υψηλοσ
במות,υψηλω
בן,παις
בן,τεκνον
בן,υιος
בנ,αδερ
בנ,αλλογενησ
בנ,αρσην
בנ,γυνη
בנ,εικοσαετου
בנ,ετω
בנ,μοσχαριον
בנ,παιδιον
בנ,ρομελιου
בנ,τεκνον
בנ,υιοσ
בנה,κατασκευαζω
בנה,οικοδομεω
בנה,οικοδομησον
בנו,οικοδομεω
בנו,οικοδομησουσιν
בנות,θυγατηρ
בנות,οικοδομεω
בנות,οικοδομη
בני,ανηρ
בני,ανθρωποσ
בני,αρνιον
בני,βενιαμιν
בני,παρανομοσ
בני,προβατον
בני,τεκνον
בני,υιοσ
בניה,βαναια
בניה,βαναιασ
בניהו,βαναια
בניהו,βαναιαν
בניהו,βαναιασ
בניהו,βαναιου
בנימ,παιδιον
בנימ,τεκνον
בנימ,υιοσ
בנימינ,βενιαμιν
בנימנ,βενιαμιν
בנימנ,βουνος
בנין,οικοδομημα
בנית,οικοδομησεισ
בנית,ωκοδομησα
בניתי,οικοδομεω
בניתי,ωκοδομησα
בניתמ,ωκοδομηκατε
בנעא,βαανα
בנת,θυγατηρ
בנת,κωμη
בסר,βοτρυς
בסר,σταφυλη
בעא,ευχομενον
בעד,διαστημα
בעד,προσω
בעד,σταδιος
בעה,ζητεω
בעה,ηξιωσεν
בעה,πυνθανομαι
בעו,δεω
בעור,βεωρ
בעז,βουσ
בעט,λακτιζω
בעיר,κτη
בעל,αισχυνη
בעל,ανηρ
בעל,βααλ
בעל,βαλαεννων
בעל,βεελσεπφων
בעל,βεελφεγωρ
בעל,διακοπω
בעל,επανω
בעל,εχω
בעל,κυριοσ
בעל,μαριβααλ
בעל,μεριβααλ
בעלימ,βααλιμ
בעלת,βααλαθ
בענה,βαανα
בער,καιω
בער,καυ
בערה,καιω
בערו,εκκαιω
בערת,εξαιρω
בעשא,βαασα
בץ,χοω
בציר,τρυγαω
בציר,τρυγητοσ
בצל,κρομμυον
בצלאל,βεσελεηλ
בצע,κερδαινω
בצע,κερδος
בצע,ονινημι
בצע,ωφελεω
בצק,σται
בצר,βοσορ
בצרה,βοσορ
בצרה,βοσορρασ
בצרות,οχυραι
בצרות,οχυρασ
בצרת,αυχμος
בקבק,ασκος
בקבק,σταμνον
בקי,βωκαι
בקיהו,βουκιασ
בקע,δραχμη
בקע,σχιζω
בקעה,αυλων
בקעה,πεδιον
בקעה,φαραγξ
בקעת,πεδιον
בקק,δηιοω
בקר,βου
בקר,βουκολιον
בקר,βουκολιων
בקר,βουσ
בקר,βοω
בקר,εωθεν
בקר,ημερα
בקר,ηως
בקר,μοσχαριον
בקר,μοσχοι
בקר,μοσχοσ
בקר,μοσχουσ
בקר,πρωι
בקר,πρωια
בקר,πρωιθεν
בקרה,επιμελεια
בקרה,επιμελεομαι
בקרה,μελω
בקרה,προνοια
בקרימ,πρωια
בקרת,δικη
בקרת,ζημια
בקרת,κολαζω
בקרת,κολασις
בקרת,τιμωρια
בקש,εκζητη
בקש,ζητεω
בקשה,δεω
בקשו,ζητεω
בקשו,ζητησατε
בר,αγριοσ
בר,εξω
בר,καθαριοτητα
בר,καθαροσ
בר,λακκοσ
בר,σιτος
בר,υιοσ
ברא,κατεδειξεν
ברא,κτιζω
בראת,κτιζω
ברברימ,εκλεκτω
ברד,βαραδ
ברד,χαλαζα
ברד,χαλαζαν
ברדימ,σποδοειδει
ברוכ,ευλογεω
ברוכ,ευλογητοσ
ברוכה,ευλογεω
ברוכימ,ευλογεω
ברור,καθαρος
ברורימ,εκλεκτοσ
ברושימ,πευκινα
ברזל,σιδηρεος
ברזל,σιδηρεοσ
ברזל,σιδηροι
ברזל,σιδηρος
ברזל,σιδηροσ
ברזלי,βερζελλι
ברח,αποδιδρασκω
ברח,πεφευγεν
ברח,φευγω
בריא,δημος
בריא,πιων
בריאות,εκλεκτοσ
בריאת,εκλεκτασ
בריה,βρω
בריח,κλειθρον
בריח,μοχλοι
בריח,μοχλουσ
בריחי,μοχλουσ
בריחמ,μοχλουσ
בריכ,ευλογητοσ
בריעה,βαρια
בריעה,βερια
בריעה,βεριγα
ברית,διαθηκη
ברית,συνθηκη
ברך,ευλογεω
ברכ,γονυ
ברכ,εαυτου
ברכ,επευχεσθαι
ברכ,ευλογει
ברכ,ευλογεω
ברכ,ευλογη
ברכ,ευλογησει
ברכ,ευλογου
ברכ,ευλογω
ברכה,αγαθος
ברכה,ευλογια
ברכה,κολυμβηθρασ
ברכה,κρηνη
ברכו,ευλογει
ברכו,ευλογησατε
ברכות,ευλογια
ברכי,ευλογει
ברכיה,βαραχια
ברכיהו,βαραχια
ברכימ,γονυ
ברכנו,ευλογηκαμεν
ברכת,ευλογεω
ברכת,ευλογια
ברכת,κρηνη
ברכתי,ευλογεω
ברמ,πλην
ברנע,βαρνη
ברנע,καδησ
ברק,αστραπη
ברקימ,αστραπασ
ברקימ,αστραπη
ברקת,σμαραγδοσ
ברר,καθαιρω
בשור,βοσορ
בשורה,ευαγγελια
בשל,εψω
בשל,ζεω
בשלת,εψησεισ
בשמ,ευωδουσ
בשמימ,αρωμα
בשמימ,ηδυσματα
בשמת,βασεμμαθ
בשנ,βασαν
בשר,ευαγγελιζω
בשר,κρεας
בשר,κρεασ
בשר,κρεω
בשר,σαρκεσ
בשר,σαρκω
בשר,σαρξ
בשר,χρως
בשרה,αγγελλω
בשרה,απαγγελλω
בשרה,εξαγγελλω
בשרה,φημη
בשת,αισχυνη
בשת,ιεβοσθε
בשת,μεμφιβοσθε
בת,βηρσαβεε
בת,θυγατηρ
בת,κορη
בת,οικια
בת,οικιαι
בת,οικιω
בת,οικοσ
בת,παις
בת,υιοσ
בתואל,βαθουηλ
בתולה,παρθενος
בתולה,παρθενοσ
בתולות,παρθενοσ
בתולי,παρθενια
בתולימ,παρθενια
בתולת,παρθενοσ
בתי,οικιαι
בתי,οικοσ
בתימ,ευρυσ
בתימ,οικια
בתימ,οικιω
בתימ,οικοσ
בתק,σφαγη
בתק,φονος
בתר,τεμνω
בתרון,χαραδρα
גא,υπερφιαλος
גאה,ενδοξοσ
גאוה,θορυβος
גאוה,υπερηφανια
גאול,αγχιστευ
גאולים,αμυνω
גאולים,τιμωρεω
גאולים,τινω
גאון,ακρος
גאון,μεγεθος
גאון,υψος
גאונ,δοξα
גאונ,ισχυσ
גאונ,υβρισ
גאות,ανειμι
גאות,ανιστημι
גאות,υβρισ
גאות,υπερηφανιαν
גאימ,υπερηφανοσ
גאל,αγχιστευ
גאל,αγχιστευς
גאל,αγχιστευσ
גאל,αγχιστευω
גאל,αντιλαμβανομενοσ
גאל,ελυτρωσατο
גאל,ερυω
גאל,ημα
גאל,ισχυσ
גאל,λυτρουμενοσ
גאל,λυτρωσαι
גאל,ρυσαμενοσ
גאלים,μιασμα
גאלת,αγχιστεια
גאלת,ελυτρωσω
גאלתי,λυτρωσομαι
גב,αμφιελισσα
גב,καμπυλος
גב,λακκοσ
גבא,ταφρος
גבה,μεγας
גבה,υψηλος
גבה,υψηλοσ
גבה,υψοσ
גבהה,υψηλοσ
גבהה,υψηλοτερον
גבהו,απεχω
גבהות,υψηλοσ
גבהימ,υψηλοσ
גבול,οριον
גבול,οριου
גבול,οριω
גבול,ορος
גבולה,ορος
גבור,ανηρ
גבור,γιγαντα
גבור,γιγασ
גבור,δυνατοσ
גבור,δυνατου
גבור,ισχυροσ
גבור,ισχυω
גבורה,δυναστεια
גבורה,ισχυσ
גבורי,δυνατοσ
גבורי,ισχυροσ
גבורימ,δυνατοσ
גבורימ,δυνατω
גבורת,δυναμισ
גבורת,δυναστει
גבורת,δυναστεια
גבורת,δυναστειαισ
גבורת,ισχυσ
גבח,φαλακρος
גבי,σμηνος
גביע,κονδυ
גביר,κυριοσ
גבירה,δεσποινα
גבירה,εταιρα
גבל,οριον
גבלימ,βαλλω
גבלת,οριον
גבלת,συμπεπλεγμενουσ
גבנה,τυρος
גבע,γαβεε
גבעה,βουνος
גבעה,βουνω
גבעה,λοφος
גבעה,ορος
גבעונ,γαβαων
גבעות,βουνοι
גבעות,βουνω
גבעימ,κρατοσ
גבענימ,γαβαωνι
גבענימ,γαβαωνιτασ
גבעת,βουνος
גבעת,βουνω
גבעת,γαβαα
גבעת,γαβεε
גבר,ανηρ
גבר,ανθρωποσ
גבר,γαβερ
גבר,γασιωνγαβερ
גבר,γιγασ
גבר,κατισχυεν
גברי,ανηρ
גברי,ανθρωποσ
גברי,δυνατοσ
גבריאל,γαβριηλ
גברימ,ανηρ
גברימ,δυνατοσ
גברימ,δυνατω
גברינ,ανηρ
גברת,γυνη
גברת,δεσποινα
גברת,ισχυσ
גברת,κυρια
גברת,κυριασ
גברת,ποτνια
גבתונ,γαβαθων
גג,δωμα
גג,δωματι
גג,οροφη
גג,οροφος
גג,στεγη
גג,τεγος
גגות,δωμα
גד,γαδ
גד,δαιμων
גד,ουσια
גד,τυχη
גדבר,ταμιας
גדברי,τυραννοσ
גדו,εκκοψατε
גדוד,γεδδουρ
גדול,ισχυροσ
גדול,μαλιστα
גדול,μαλλον
גדול,μεγαλυνω
גדול,μεγας
גדול,μεγασ
גדול,πλειστος
גדול,πλειων
גדול,πολυς
גדול,πολυσ
גדולה,μεγαλοψυχια
גדולה,μεγαλωσυνην
גדולה,μεγασ
גדולה,μεγεθος
גדולימ,μεγασ
גדולת,μεγαλωσυνην
גדור,γεδδουρ
גדור,γεδουρ
גדור,γεδωρ
גדי,αιξ
גדי,αρνοσ
גדי,γαδ
גדי,γαδδι
גדי,εγγαδδι
גדי,ριπτω
גדיה,οχθη
גדיה,τραπεζα
גדיה,χωμα
גדיי,εριφοσ
גדל,γιγνομαι
גדל,ισχυσ
גדל,μεγαλυνω
גדל,μεγαλωσυνην
גדל,μεγασ
גדל,πρεσβυσ
גדלה,ισχυροσ
גדלה,μεγασ
גדלות,μεγασ
גדליהו,γοδολια
גדלימ,μεγασ
גדלת,μεγασ
גדלתי,γοδολλαθι
גדע,αποκοπτω
גדע,αποτεμνω
גדף,βλασφημεω
גהה,θεραπευω
גהה,ιαομαι
גו,εθνοσ
גוא,μεσογεως
גוא,μεσοσ
גוב,λακκοσ
גוד,επιτιθημι
גוד,επιχειρεω
גוה,φρονεω
גוה,φρονημα
גוזנ,γωζαν
גוי,ανθρωπος
גוי,δημος
גוי,εθνος
גוי,εθνοσ
גוי,εθνω
גוי,λαος
גוי,λαοσ
גוי,πληθος
גויה,σωμα
גויה,σωματιον
גויי,εθνοσ
גוימ,εθνοσ
גוימ,εθνω
גולה,φευγω
גולה,φυγας
גולה,φυγη
גוף,αποκλειω
גוף,κλειω
גופה,νεκρος
גופה,νεκυς
גור,κατοικεω
גור,ναιω
גור,οικεω
גור,παροικεω
גור,παροικη
גור,σκυμνοσ
גורל,κλη
גורל,κληρονομια
גורל,κληρος
גורל,κληροσ
גורל,λαγχανω
גורלות,κληροσ
גז,ποα
גז,χορτος
גזבר,ταμιας
גזה,κωας
גזז,γεζουε
גזזימ,κειρουσιν
גזית,απελεκητων
גזע,ριζα
גזע,σηκος
גזר,γαζερ
גזרה,χερσος
גזרו,διελετε
גזרי,γαζαρηνουσ
גזרינ,γαζαρηνω
גחון,γαστηρ
גחון,κοιλια
גחון,νηδυς
גחונ,γιων
גחלי,ανθρακεσ
גחלימ,ανθρακεσ
גי,γαια
גיא,αυλων
גיא,κοιλας
גיא,οροσ
גיא,φαραγξ
גיד,νευ
גיד,νευρον
גיד,τενων
גיימ,εθνοσ
גילו,αγαλλια
גינת,γωναθ
גל,βουνος
גל,βουνοσ
גל,κλυδων
גל,κυμα
גלא,ανακαλυπτων
גלא,αποκαλυπτω
גלבע,γελβουε
גלגל,γαλγαλα
גלגל,γαλγαλοισ
גלגל,γαλγαλων
גלגלת,κεφαλη
גלגלת,κρανιον
גלד,ασκος
גלד,δερμα
גלה,αποκαλυπτω
גלו,φευγω
גלו,φυγας
גלו,φυγη
גלות,αιχμαλωσια
גלות,αιχμαλωσιασ
גלות,φευγω
גלות,φυγας
גלות,φυγη
גלח,ξυρεω
גלי,αποκαλυπτω
גלי,εξεφανθη
גליון,γραμματειον
גליון,δελτος
גליון,πιναξ
גליל,γαλιλαια
גלילה,τοπος
גלית,γολιαθ
גלל,γαλαλ
גלל,ενεκα
גלל,πραγμα
גלל,υλη
גללו,αποκυλιω
גלעד,βουνοσ
גלעד,γαλααδ
גלעד,γαλααδιτιδοσ
גלעד,ιαβισ
גלעד,κατοικου
גלעד,ρεμμαθ
גלעדי,γαλααδιτησ
גלש,καταβαινω
גלת,στρεπτα
גמ,εωσ
גמ,καιγε
גמ,καμνω
גמא,καταπινω
גמא,χελιδων
גמד,πηχυς
גמול,ανταποδομα
גמול,ανταποδοσισ
גמול,εργον
גמל,καμηλοισ
גמל,καμηλος
גמל,καμηλοσ
גמלימ,καμηλοισ
גמלימ,καμηλοσ
גמלת,ανταπεδωκασ
גמלתי,ανταπεδωκα
גמר,γαμερ
גן,κηπος
גנ,παραδεισος
גנ,παραδεισοσ
גנב,κλαπη
גנב,κλεπτησ
גנב,κλεπτω
גנבו,κλεπτω
גנבת,γανηβαθ
גנבתי,κλεμμα
גנה,κηπος
גנות,κηποσ
גנז,δημοσιος
גנז,θησαυρος
גנזך,δημοσιος
גנזך,θησαυρος
געה,ταπεινος
געל,μισεω
גערת,επετιμησασ
גערת,επιτιμησεωσ
גערת,φωνη
געתמ,γοθομ
גף,σωμα
גף,σωματιον
גפ,μονοσ
גפינ,πτερον
גפן,αμπελος
גפנ,αμπελοι
גפנ,αμπελοσ
גפרית,θει
גר,παροικεω
גר,παροικοσ
גר,προσηλυτοσ
גר,προσηλυτου
גר,προσηλυτω
גרא,γηρασ
גרב,γαρηβ
גרגר,ελαια
גרגרת,λαιμος
גרגרת,σφαζω
גרגשי,γεργεσαι
גרגשי,γεργεσαιου
גרגשי,γεργεσαιων
גרה,μηρυκισμον
גרון,λαιμος
גרון,σφαζω
גרונ,λαρυγγι
גרונ,λαρυγξ
גרזימ,γαριζιν
גרזן,πελεκυς
גרזנ,αξινη
גרימ,παροικοσ
גרימ,προσηλυτοσ
גרימ,προσηλυτουσ
גרם,οστεον
גרמי,οστεον
גרנ,αλισκομαι
גרנ,αλων
גרנ,αλωνοσ
גרר,γεραρα
גרר,γεραροισ
גרש,εκβαλει
גרש,εκβαλλω
גרשו,εκβαλλω
גרשומ,γεδσων
גרשומ,γηρσαμ
גרשונ,γεδσων
גרשמ,γεδσων
גרשמ,γηρσαμ
גרשני,γηρσωνι
גרשת,εκβαλλω
גשה,εγγιζω
גשו,προσαγαγετε
גשור,γεδσουρ
גשם,ομβρος
גשם,υω
גשמ,σωμα
גשמ,υετοσ
גשמי,σωμα
גשנ,γεσεμ
גשנ,ηρωσ
גשנ,πολισ
גשת,εγγιζω
גשת,οταν
גשת,προσπορευωνται
גת,γεθ
גתי,γεθθαι
גתי,γεθθαιου
גתית,ληνω
דא,αλληλων
דא,συνεκροτου
דאבה,απογιγνωσκω
דאבה,απογνωσις
דאבון,απογιγνωσκω
דאבון,απογνωσις
דאג,δωηκ
דאגה,επιμελεια
דאגה,επιμελεομαι
דאגה,μελω
דאגה,προνοια
דארינ,οικοσ
דב,ανεχω
דב,αρκοσ
דב,τικτω
דב,φερω
דבב,ρεω
דבח,θυμα
דבח,θυσια
דבח,θυω
דביר,δαβιρ
דבלימ,παλαθασ
דבקה,κολλαω
דבר,ειπον
דבר,ελαλησασ
דבר,ενεκα
דבר,ερω
דבר,θανατοσ
דבר,καθα
דבר,καθαπερ
דבר,κρισισ
דבר,λαδαβαρ
דבר,λαλεω
דבר,λαλια
דבר,λαλου
דבר,λεγω
דבר,λογιον
דבר,λογοσ
דבר,ουδεισ
דבר,πρα
דבר,πραγμα
דבר,προσταγμα
דבר,ρημα
דבר,ρητοσ
דבר,συντασσω
דבר,ταυ
דברה,αιτιος
דברו,λαλεω
דברי,λαλεω
דברי,λαλου
דברי,λογοσ
דברי,ρημα
דברימ,λογοσ
דברימ,προσταγμα
דברימ,ρημα
דברנו,λαλεω
דברת,ελαλησασ
דברת,ενεκα
דברת,ερω
דברת,λαλεω
דברת,λαλησεισ
דברת,λεγω
דברתי,λαλεω
דברתי,λεγω
דבש,μελι
דבת,ψογος
דג,ιχθυς
דגה,ιχθυς
דגה,ιχθυσ
דגונ,δαγων
דגי,ιχθυσ
דגן,σιτος
דגנ,σιτοσ
דגת,ιχθυσ
דד,μαστος
דד,πατραδελφου
דד,στερνον
דד,στηθος
דדנ,δαιδαν
דהב,χρυσεος
דהב,χρυσεοσ
דהב,χρυσιον
דהב,χρυσος
דהב,χρυσοσ
דהם,θαυμαζω
דואג,δωηκ
דוד,βασιλευσ
דוד,δαυιδ
דוד,εκει
דוד,λαοσ
דוד,οικεω
דוד,ψαλμοσ
דודאי,μανδραγορω
דוי,κακος
דויג,δωηκ
דויד,βασιλευσ
דויד,δαυιδ
דוכיפת,εποψ
דומה,ιδουμα
דומיה,σιγαω
דומיה,σιγη
דונג,κηρος
דונג,κηροσ
דונג,ωσει
דוץ,πηδαω
דור,αενδωρ
דור,γενεα
דור,γενεσις
דור,γενεω
דור,πολυσ
דורימ,γενεω
דחה,ωθεω
דחח,ουταζω
דחח,ωθεω
דחי,ολισθηματοσ
דחיל,φοβεροσ
דחילה,φοβεροσ
דחן,μελινος
דחף,σπευδω
דחק,κελευω
דחק,παραινεω
דחק,παρακαλεω
די,αληθεια
די,ανευ
די,αργυροι
די,βασιλευσ
די,δενδρου
די,εξουσια
די,εξω
די,επει
די,εωσ
די,θεοσ
די,ικανοσ
די,ιουδαια
די,καθαπερ
די,καθοτι
די,καθωσ
די,λεων
די,λογοσ
די,οικοσ
די,οπωσ
די,οσοσ
די,οστισ
די,οστρακινον
די,οταν
די,πασ
די,πυρ
די,σεδραχ
די,σιδηρεοσ
די,σιδηροι
די,σιδηροσ
די,τεταρτοσ
די,τοιχοσ
די,τροποσ
די,χαλκοι
די,χειρ
די,χρυσεοσ
די,χρυσοσ
די,ωσει
דימונ,ρεμμων
דין,δικαζω
דין,δικαστης
דין,κρινω
דינ,κριμα
דינ,κρισισ
דינ,κριτηριον
דינה,δινα
דינה,δινη
דיק,ερκος
דירינ,οικοσ
דישונ,δαισων
דישנ,δησων
דישנ,ρισων
דכנ,εκει
דכר,αρνειος
דכר,κριος
דכרון,γραμματειον
דכרן,γραμματειον
דל,απορος
דל,πενης
דל,πενησ
דל,πτωχοσ
דל,ταλας
דלג,αναβαινω
דלה,ηντλησεν
דלותי,εταπεινωθην
דלימ,ταπεινω
דלית,φυλλας
דלת,θυρα
דלת,πυλη
דלתות,θυρα
דלתי,θυρα
דם,αιμα
דם,φονος
דמ,αιμα
דמות,εικων
דמות,ομοιοτης
דמות,ομοιωσισ
דמי,αιμα
דמי,εικων
דמי,ομοιοτης
דמימ,αιμα
דמימ,ενοχοσ
דמימ,φονοσ
דמין,εικων
דמין,ομοιοτης
דממה,γαληνη
דמן,κοπρος
דמע,αφθονια
דמע,αφθονος
דמעה,δακρυον
דמעת,δακρυον
דמשק,δαμασκος
דמשק,δαμασκοσ
דנ,δαν
דנ,κρινω
דנה,αλληλων
דנה,εμπροσθεν
דנה,εσχατοσ
דנה,ημερω
דנה,ουτω(σ)
דנה,ταυ
דנהבה,δενναβα
דניאל,ομοιοσ
דע,γιγνωσκω
דעה,γιγνωσκω
דעו,γιγνωσκω
דעת,γιγνωσκω
דעת,επιστημη
דעת,οιδα
דעת,συνιημι
דפק,ελαυνω
דפק,εξελαυνω
דק,λεπτος
דק,λεπτοσ
דקות,λεπτος
דר,γενεα
דר,γενεω
דראונ,αισχυνη
דרום,μεσημβρια
דרום,νοτιος
דרום,νοτος
דרוש,ζητεω
דריוש,δαρει
דריוש,δαρειοσ
דריוש,κυροσ
דרך,οδος
דרך,ουτως
דרך,πως
דרך,τροπος
דרך,ωδε
דרכ,θαλασσα
דרכ,οδοσ
דרכו,ενετειναν
דרכי,οδοσ
דרכי,τεινω
דרכימ,οδοσ
דרעו,βραχιονεσ
דרש,εκζητου
דרש,εκζητω
דרש,επερωταω
דרש,επερωτη
דרש,ζητεω
דרש,πυνθανομαι
דרשו,εκζητεω
דרשו,ζητησατε
דרשנ,ζητεω
דרשתי,εξεζητησα
דרת,γενεα
דשא,βοτανη
דשא,χλοη
דשא,χορτοσ
דשנ,δησων
דשנ,πιοτησ
דת,δογμα
דת,νομοσ
דתא,χλοη
דתנ,δαθαν
הא,ειδον
הא,ιδου
האבדת,απολλυμι
האזינ,προσεχω
האזינה,ενωτισαι
האזינה,προσχεσ
האזינו,ενωτιζομαι
האזינו,προσεχω
האיר,φαινω
האיר,ωστε
האירו,εφαναν
האית,δυναμαι
האכלתי,εσθιω
האמינ,πιστευω
האמינו,πιστευω
האמנתי,πιστευω
האר,επιφανον
הבאת,εισαξεισ
הבאת,εισηγαγεσ
הבאת,εισοισεισ
הבאת,επηγαγεσ
הבאתי,εισαξω
הבדיל,διαστελλω
הבדיל,διαχωριζω
הבה,δευ
הבה,διδωμι
הבו,διδωμι
הבו,φερω
הבט,επιβλεψον
הביא,αγαγει
הביא,εισαγαγει
הביא,εισαγω
הביא,εισαξει
הביא,εισενεγκαι
הביא,επαγαγει
הביא,επαγω
הביא,φερω
הביאה,φερω
הביאו,αγω
הביאו,αξουσιν
הביאו,φερω
הביאתי,αγω
הביט,επιβλεπω
הביטו,εμβλεπω
הבינ,διανοηθη
הבינ,συνεσισ
הבינ,συνετισον
הבל,αβελ
הבל,ματαιοισ
הבל,ματαιοσ
הבל,ματαιοτησ
הבל,ματην
הבנ,διανοηθητι
הבנ,συνεσ
הבנ,συνετισον
הבנים,εβενος
הבנת,οικοδομεω
הבר,διαιρεω
הבר,διανεμω
הגבלו,βαλλω
הגד,αναγγελλω
הגד,απαγγελλω
הגדיל,μεγαλυνω
הגדת,ανηγγειλασ
הגדת,απηγγειλασ
הגדתי,αναγγελλω
הגדתי,ανηγγειλα
הגדתי,απαγγελλω
הגיד,αναγγει
הגיד,αναγγελλω
הגיד,απαγγει
הגיד,απαγγελλω
הגידה,αναγγελλω
הגידה,απαγγελλω
הגידו,αναγγειλατε
הגידו,αναγγελλω
הגידו,αναγγελου
הגידו,απαγγελλω
הגיונ,ωδη
הגיש,προσαξει
הגישה,προσαγω
הגיתי,εμελετησα
הגלות,αποκαλυπτω
הגר,αγαρ
הדבר,εταιρος
הדד,αδαδ
הדד,αδερ
הדד,υιοσ
הדדעזר,αδρααζαρ
הדות,αινεω
הדות,εξομολογησασθαι
הדמ,υποποδιον
הדמינ,απωλεια
הדס,μυρσινη
הדף,ωθεω
הדקת,ελεπτυνεν
הדר,αδερ
הדר,δοξα
הדר,καλλοσ
הדר,μεγαλοπρεπεια
הדר,μεγαλοπρεπειαν
הדר,τιμη
הדר,υιοσ
הדרה,κοσμος
הדריכ,οδηγησον
הדרעזר,αδρααζαρ
הדרת,αυλη
הובד,απολλυμι
הובדה,απολλυμι
הוד,δοξα
הוד,εξομολογησισ
הודו,εξομολογει
הודו,εξομολογησονται
הודויה,ωδουια
הודות,εξομολογει
הודינו,εξομολογησομεθα
הודיע,γνωριζω
הודיע,γνωρισον
הודע,γνωριζω
הודע,εδηλωσε
הודעת,γνωριζω
הודעת,δηλω
הוה,βουλομαι
הוה,γιγνομαι
הוה,ερχομαι
הוו,γιγνομαι
הוות,αδικια
הוות,ανομια
הוחילי,ελπισον
הוי,ουαι
הוית,εθεωρεισ
הוית,θεωρεω
הוית,οραω
הוכיח,ελεγχω
הוליד,γενναω
הוליד,γεννη
הולכ,πορευομαι
הוללה,απονοια
הוללה,μαινομαι
הוללה,μανια
הוללות,απονοια
הוללות,μαινομαι
הוללות,μανια
הום,κινεω
הום,ορινω
הונ,θεοσ
הונ,μεροσ
הונ,οστεον
הונ,πασ
הונ,σαραβαρα
הונ,σωμα
הונ,τιαρα
הונ,τιαραισ
הוצא,εξαγω
הוצאת,εξαγω
הוצאת,εξαξεισ
הוצאת,εξηγαγεσ
הוצאתי,εξαγω
הוציא,εκφερω
הוציא,εξαγαγει
הוציא,εξαγω
הוציא,ημα
הוציא,ωστε
הוציאו,εκφερω
הוציאו,εξαγω
הוציאו,εξαξουσιν
הור,νομοθετησον
הורד,καταγω
הורדת,καταξεισ
הורדתמ,καταγω
הורידו,καταγω
הוריש,εξολεθρευ
הושיב,καθιζω
הושיע,ημα
הושיע,σωζω
הושיעה,σωζω
הושעת,σωζω
הות,γιγνομαι
הזכיר,αναμνησισ
הזכיר,μιμνησκω
החויה,αναγγει
החזיק,κατισχυσει
החזקתי,εκρατησα
החטיא,εξημαρτεν
החיות,διδωμι
החל,αρχω
החסנו,κατεχω
החרימ,απολλυμι
החרימ,εξολεθρευ
החרמ,αναθεμα
החרשתי,εσιγησα
הט,κλι
הטה,κλι
הי,βραχιονεσ
הי,διαλογισμοσ
הי,ενωπιον
הי,εταιροισ
הי,ηλλοιωθη
הי,ιστημι
הי,κλαδοσ
הי,κοιλια
הי,μεγασ
הי,μεγιστανων
הי,μορφη
הי,ονυξ
הי,παισ
הי,πατηρ
הי,πουσ
הי,προσωπον
הי,ριζα
הי,ριζω
הי,υποκατω
הי,υπονοια
הי,φιλοσ
היה,γιγνομαι
היה,ηνικα
היה,κυριοσ
היו,γιγνομαι
היות,γιγνομαι
היות,ωστε
היטב,καλοσ
היטב,σφοδρα
היטיבה,αγαθυνον
היטיבו,ορθοσ
היינו,γιγνομαι
היית,γιγνομαι
היית,εγενηθησ
הייתי,γιγνομαι
הייתי,γινομαι
היכל,βασιλεια
היכל,βασιλειος
היכל,δομος
היכל,δωμα
היכל,ναοσ
היכל,οικοσ
הילילו,ολολυζετε
הימנ,αιμαν
הימנ,αιμανι
הינ,μεροσ
הית,ωστε
היתה,γιγνομαι
היתיה,αγαγει
היתיו,ηχθησαν
היתיו,φερω
היתית,φερω
הכ,παταξει
הכ,πατασσω
הכביד,εβαρυνεν
הכה,πατασσω
הכו,πατασσω
הכות,πατασσω
הכי,παταξον
הכינ,ετοιμαζω
הכינו,ετοιμαζω
הכינותי,ετοιμαζω
הכינותי,ητοιμασα
הכיר,επιγιγνωσκω
הכית,επαταξασ
הכית,παταξεισ
הכיתי,πατασσω
הכנ,κατευθυνον
הכעיס,παροργισαι
הכר,επιγινωσκω
הכרית,εξολεθρευ
הכרית,εξωλεθρευσεν
הכרתי,εξολεθρευσω
הכת,πατασσω
הכתי,επαταξα
הלא,επεκεινα
הלאה,επεκεινα
הלבשת,ενδυσεισ
הלוכ,πορευομαι
הלז,εκει
הלחמ,εκπολεμη
הלחמ,πολεμεω
הלחמ,πολεμη
הלחמ,πολιορκη
הליד,γενναω
הליכות,πορει
הלכ,απειμι
הלכ,πεπορευται
הלכ,πορευομαι
הלכ,προπορευομενοσ
הלכ,συμπορευομαι
הלכו,απειμι
הלכו,πορευομαι
הלכימ,πορευομαι
הלכימ,πορευω
הלכת,απερχομαι
הלכת,επορευθησ
הלכת,πορευομαι
הלכתי,πορευομαι
הלכתמ,επορευθητε
הלכתמ,πορευομαι
הלל,αινεω
הללו,αινεω
הללו,αλληλουια
הללי,αινεω
הלם,δευρο
הלם,ενθαδε
הלמ,ενθεν
הלמ,ενταυ
הלמות,σφυρα
הלקח,λαμβανω
המ,εαυτοι
המ,εαυτου
המ,εκει
המ,εχω
המ,θεοσ
המ,κακεινοισ
המ,λαοσ
המ,ομοιοσ
המ,πασ
המ,πατηρ
המ,σκευοσ
המ,στομα
המ,ταυ
המ,ωσπερ
המה,εκει
המה,ταυ
המול,περιτεμνω
המון,θορυβος
המונ,δυναμισ
המונ,οχλοσ
המונ,πλη
המונ,πλοοσ
המונ,πολυσ
המונ,συναγωγη
המונכ,μανιακην
המונכ,μανιακησ
המטיר,βρεχω
המיה,υγιης
המיה,φωνη
המית,αναιρεω
המית,αποκτει
המית,θανατοσ
המל,ηνικα
המל,περιτεμνω
המלה,υγιης
המלה,φωνη
המלט,σωζω
המליכ,βασιλευσ
המליכ,βασιλευω
המלכ,βασιλευω
המניך,ορμος
המניכ,μανιακην
המניכ,μανιακησ
המרו,επικραινω
המת,θανατοσ
הן,ειδον
הנ,ενθεν
הנ,εντευ
הנ,ιδου
הנ,παρειμι
הנ,πατηρ
הנ,ταυ
הנה,γιγνομαι
הנה,ειδον
הנה,επειδη
הנה,ευθυσ
הנה,ιδου
הנה,οιομαι
הנה,οραω
הנה,πινω
הנה,ταυ
הנה,ωσπερ
הנחה,απολυω
הנחה,αφιημι
הנחה,λυω
הניח,αναπαυω
הניח,αφιημι
הניח,καταπαυω
הניחו,αφιημι
הנעל,εισαγω
הנפת,αφοριει
הנשא,υψωθητι
הסב,αποστρεφω
הסיר,αφαιρεω
הסר,αποστησον
הסרתי,απεστησα
הסרתי,αφελω
הסתיר,αποστρεφω
הסתרת,απεστρεψασ
הסתרתי,απεστρεψα
העבט,δαν(ε)ιον
העבר,περιελε
העוינו,ηνομησαμεν
העידתי,διαμαρτυρομαι
העל,αναγαγε
העל,εισαγω
העל,εισηχθη
העל,εξαγω
העל,ημα
העלה,σολομων
העלו,αναβιβαζω
העלו,ανηνεγκαν
העלות,αναγαγει
העלות,αναφερω
העלות,αναφερων
העלות,ανενεγκει
העלי,αναγαγε
העלית,εξηγαγεσ
העליתי,αναγω
העמ,λαοσ
העמיד,ιστημι
העתירו,ευξασθε
הפגה,επεχω
הפגה,κωλυω
הפגה,παυω
הפיל,καταβαλει
הפילו,βαλλω
הפיצ,διασπερει
הפכ,καταστρεφω
הפכ,μετεστρεψεν
הפכה,καταλυω
הפכת,εστρεψασ
הפר,διασκεδασουσιν
הצגתי,ιστημι
הציב,εφιστημι
הציל,εκαιρεω
הציל,εξαιρεω
הציל,ερυω
הציל,ημα
הציל,ρυομαι
הצילו,ερυω
הצל,εξαιρεω
הצלה,σωτηρια
הצלח,ευοδοω
הצלח,κατευθυνεν
הצליח,ευοδοω
הצליח,ευοδωθησεται
הצליח,κατευθυνει
הצלת,ερρυσω
הקבצו,συναγω
הקדיש,αγιαζω
הקטיר,εθυμια
הקטיר,επιθυ
הקטיר,θυμια
הקטרת,ανοισεισ
הקימ,ανιστημι
הקימ,ιστημι
הקימ,καθιστημι
הקימת,εστησασ
הקימת,ιστημι
הקימתי,ανιστημι
הקיפו,περιεσχον
הקיצה,προσχεσ
הקל,κουφισον
הקמ,ανιστημι
הקמ,ιστημι
הקמת,ιστημι
הקמתי,ιστημι
הקרבת,προσαξεισ
הקשה,εσκληρυνεν
הקשיבה,προσχεσ
הקשיבו,προσεχω
הר,ορεινοσ
הר,ορος
הר,οροσ
הרא,δει
הרא,δεικνυμι
הרא,ημι
הראה,δεικνυμι
הראות,οφθη
הראית,εδειξασ
הרב,πληθυνω
הרבה,πληθυνω
הרבה,πολυσ
הרבו,επληθυναν
הרבות,πληθυ
הרביתי,πληθυνω
הרג,αναιρεω
הרג,ανει
הרג,αποθνησκω
הרג,αποκτει
הרג,αποκτεινω
הרג,διαφθειρω
הרג,κτεινω
הרג,μεργαβ
הרגה,σφαγη
הרגה,φονος
הרגו,αποκτεινω
הרגו,αποκτενου
הרגת,απεκτεινασ
הרגתי,αποκτεινω
הרה,γαστηρ
הרה,εχω
הרחקת,εμακρυνασ
הרי,οροσ
הרימ,οροσ
הרימתי,υψοω
הריעו,αλαλαξατε
הרנ,αρραν
הרס,καθαιρεω
הרע,κακοποιη
הרע,κακοω
הרפ,ανιημι
הרפא,ιαομαι
הרר,οροσ
הררי,αραρι
הררי,οροσ
הרשענו,ηνομησαμεν
הרשענו,ησεβησαμεν
הרתה,γαστηρ
הרתה,εχω
השאיר,υπελιπετο
השב,αποδιδωμι
השב,αποστρεφω
השב,επιστρεψον
השביע,εμπρηθω
השביע,ορκιζω
השבעה,ομνυμι
השחית,διαφθει
השחית,εξολεθρευ
השחיתו,διαφθειρω
השיב,αποδιδωμι
השיב,αποκρινω
השיב,αποστρεφω
השיב,επιστρεφω
השיב,επιστρεψον
השיב,ημα
השיגו,καταλημψονται
השכחת,ευρισκω
השכיל,συνιημι
השכילו,συνη
השכל,φρονισ
השכמ,ορθρισον
השלט,καθιστημι
השמ,βενναιασ
השמ,οσομ
השמד,εξολεθρευθη
השמד,εξολεθρευση
השמיד,αφανισαι
השמיד,εξετριψαν
השמיד,εξολεθρευ
השמיד,εξολεθρευση
השמיע,ακουστος
השמיע,ακουω
השמעות,μηνυω
השמר,προσεχω
השמר,φυλασσω
השמרו,προσεχω
השניה,αλλοιοσ
השפיל,ταπεινοω
השקות,ποτισαι
השקי,ποτιζω
השקיפ,διεκυψεν
השתחוו,προσκυνεω
השתחוית,προσκυνεω
השתחויתי,προσκυνεω
השתחויתמ,προσκυνησητε
השתחות,προσκυνεω
השתחות,προσκυνη
השתכח,ευρισκω
השתכחת,ευρισκω
התאנפ,θυμοω
התבהלה,σπουδη
התבות,αποκρινω
התברכו,ενευλογεω
התגזרת,ετμηθη
התהלכ,ευαρεστεω
התהלכתי,διοσ
התהלכתי,ευαρεστεω
התחזקתי,ισχυσα
התחתנ,επιγαμβρευ
התיחש,αριθμοσ
התיחש,καταλοχισμοσ
התיצב,ιστημι
התיצבו,ιστημι
התיצבו,καταστητε
התל,εμπαιζω
התלים,γελως
התמ,πληροω
התמלי,πιμπλημι
התנדב,προθυμηθη
התעוררי,εξεγειρου
התעיבו,εβδελυχθησαν
התעללו,εμπαιξωσιν
התעלמת,υπεριδησ
התעמר,καταδυναστευσασ
התפאר,δοξα
התפלל,προσευχομαι
התפללו,προσευξονται
והי,προσωπον
וו,αγκιστρον
וו,δρεπανον
וו,κεφαλιδεσ
ווי,αγκυλαι
ווי,κρικοι
וזר,αδικεω
ולד,παιδιον
ולד,παις
ולד,τεκνον
זאב,λυκος
זאב,λυκοσ
זבד,ζαβεδ
זבדיה,ζαβαδια
זבוב,πετομαι
זבוב,φευγω
זבולנ,ζαβουλων
זבח,θυμα
זבח,θυμιαμα
זבח,θυοντοσ
זבח,θυσια
זבח,θυσιασματα
זבח,θυσιω
זבח,θυω
זבח,σφαγη
זבח,φονος
זבחו,θυω
זבחי,θυσια
זבחימ,θυσια
זבחת,θυσεισ
זבל,ανεχω
זבלונ,ζαβουλων
זבן,αγοραζω
זבן,πριαμαι
זבן,ωνεομαι
זבנינ,εξαγοραζετε
זבת,ρεουσαν
זד,υβριζω
זד,υβρις
זדון,υβριζω
זדון,υβρις
זדימ,παρανομοι
זדימ,υπερηφανοσ
זהב,χρυσαι
זהב,χρυσεος
זהב,χρυσεοσ
זהב,χρυσιον
זהב,χρυσος
זהב,χρυσοσ
זהיר,ευλαβεομαι
זהיר,ευλαβης
זו,ταυ
זוב,ρεω
זוחת,ζωαθ
זוית,γωνια
זולה,χωρις
זולת,παρεξ
זולת,πλην
זולתי,παρεξ
זולתי,πλην
זונה,πορνη
זוע,τρεμω
זוע,τρομος
זיו,μορφη
זיו,προσοψισ
זיפ,ζιφ
זיקות,φλοξ
זית,ελαια
זית,ελαιον
זיתימ,ελαιον
זך,καθαρος
זכור,αρσενικος
זכור,αρσην
זכור,ζακχουρ
זכור,μιμνησκω
זכר,αρσενικα
זכר,αρσενικος
זכר,αρσην
זכר,μιμνησκω
זכר,μνεια
זכר,μνημη
זכר,μνημοσυνον
זכר,μνησθη
זכרו,μιμνησκω
זכרו,μνημονευω
זכרון,μνημη
זכרונ,μνημοσυνον
זכרי,ζεχρι
זכריה,ζαχαριασ
זכריהו,ζαχαριασ
זכרימ,αρσενικα
זכרנ,μνημοσυνον
זכרת,εμνησθησ
זכרת,μιμνησκω
זכרתי,μιμνησκω
זלפה,ζελφα
זלפה,ζελφασ
זמה,ανομια
זמורה,τοξευω
זמיר,αοιδη
זמיר,μελος
זמיר,υμνος
זמם,μερμηριζω
זמם,ορμαινω
זמן,ωρα
זמנ,καιροσ
זמנ,χρονοσ
זמני,χρονοσ
זמנינ,καιροσ
זמר,μουσικω
זמרה,ψαλμοσ
זמרו,υμνησατε
זמרו,ψαλατε
זמרות,ψαλμοι
זמרי,ζαμβρι
זמרת,αινεσισ
זן,γενος
זן,ειδος
זן,τοιουτος
זנב,ουρα
זנב,ουρον
זנו,εκπορνευσωσιν
זנות,πορνη
זנח,οζω
זנחת,απωσαμενοσ
זנחת,απωσω
זנחת,ημα
זני,γενοσ
זני,ηχου
זנק,πηδαω
זעה,ιδρως
זעיר,μικρος
זעיר,μικροσ
זעיר,ολιγος
זעך,σβεννυμι
זעם,αρα
זעמ,οργη
זעקה,κραυγη
זפימ,ζιφαι
זפת,πισσα
זפת,στρατοπεδευω
זקן,αρχαιος
זקן,γερων
זקן,παλαιος
זקן,πρεσβυς
זקנ,γερουσια
זקנ,γηρασ
זקנ,πρεσβυσ
זקנ,πρεσβυτησ
זקנ,πωγων
זקנ,πωγωνασ
זקנה,γηρας
זקנה,γηρουσ
זקני,ανηρ
זקני,γερουσια
זקני,πρεσβυσ
זקנים,γηρας
זקנימ,γερουσια
זקנימ,πρεσβυσ
זקנת,γηρασ
זקנתי,γηρασκω
זר,αλλοτριοσ
זר,κυματια
זר,ομορος
זר,στεφανη
זר,στρεπτα
זר,στρεπτην
זרבבל,ζοροβαβελ
זרד,ζαρετ
זרוע,βραχιων
זרח,ανατελλω
זרח,ζαρα
זרח,ζαρε
זרח,λαμπροτητι
זרחי,ζαραι
זרחיה,ζαραια
זרימ,αλλοτριοσ
זרימ,ασεβω
זרם,ομβρος
זרם,υω
זרמ,ανθρωποσ
זרע,βραχιων
זרע,γενεα
זרע,σπειρω
זרע,σπερμα
זרע,σπερματα
זרע,σποροσ
זרעות,βραχιονεσ
זרעת,βραχιονεσ
זרעת,βραχιων
זרק,ριπτω
זרקת,προσχεει
זרת,σπιθαμη
זתמ,ζεθομ
חבולה,αδικεω
חבולה,βλαπτω
חבולה,κακος
חבורה,μωλωψ
חבט,αποκρουω
חביון,καταπετασμα
חבל,διαφθορα
חבל,καταφθει
חבל,περιχωροσ
חבל,σχοινιον
חבל,σχοινισμα
חבל,χοροσ
חבלה,πιστις
חבלה,πιστος
חבלי,ωδι
חבלימ,σχοινιον
חבק,ασπαζομαι
חבר,μετοχοσ
חבר,χαβερ
חברה,λοχος
חברה,ταξις
חברו,φιλοσ
חברונ,χεβρωμ
חברוני,χεβρωνι
חברת,μωλωψ
חברת,συμβολη
חברת,συναψεισ
חבש,ιαομαι
חג,εορτη
חג,πανηγυρις
חגו,διατριβω
חגור,ζωνη
חגור,ζωστηρ
חגור,περιεζωσμενοσ
חגורה,ζωνη
חגורה,ζωστηρ
חגית,αγγιθ
חגר,ζωννυμι
חגרו,περιζωσασθε
חד,επταπλασιωσ
חד,οξυς
חדד,χοδδαδ
חדה,οξυσ
חדה,πρωτοσ
חדו,ιστημι
חדל,ληγω
חדל,ουκετι
חדל,παυω
חדקל,τιγρις
חדר,κοιτω
חדר,μεγαρον
חדר,οικημα
חדר,ταμιεια
חדר,ταμιειον
חדש,καινοσ
חדש,μεις
חדש,μεισ
חדש,μην
חדש,νεομηνια
חדש,νουμηνια
חדשה,καινοσ
חדשות,καινοσ
חדשימ,καινοσ
חדשימ,μηνω
חדת,καινος
חדת,νεος
חוג,κυκλος
חוה,ευα
חוח,μυχος
חוט,κροκη
חוט,λινον
חוי,ευαι
חוי,ευαιος
חוי,ευαιουσ
חוי,ευαιων
חוילה,ευιλα
חוילה,ευιλατ
חול,αμμοσ
חול,ωσει
חומ,φαιος
חומה,τει
חומה,τειχοσ
חומת,τει
חומת,τειχοσ
חוס,ελεεω
חוס,ελεος
חוס,οικτειρω
חוס,οικτος
חוף,αιγιαλος
חוף,ακτη
חוף,θις
חופ,παραλιοσ
חוץ,εκτος
חוץ,εξω
חוץ,εξωθεν
חוצ,εξω
חוצ,εξωθεν
חוצות,εξοδοσ
חורונ,βαιθωρων
חורי,ουρι
חוש,σπευδω
חושה,προσχεσ
חושי,χουσι
חושמ,ασομ
חותם,σημαινω
חותם,σφραγις
חותם,φωκη
חזאל,αζαηλ
חזה,εθεωρεισ
חזה,θεωρεω
חזה,οραω
חזה,στηθυνιον
חזו,οραμα
חזוי,οραμα
חזוי,ορασισ
חזון,οψις
חזונ,οραμα
חזונ,ορασις
חזונ,ορασισ
חזונ,υπνοσ
חזות,κυτοσ
חזות,οψις
חזיון,οψις
חזיונ,σιων
חזימ,οραω
חזינ,θεωρεω
חזיר,υειον
חזיר,υς
חזיתונ,οραω
חזק,ανδριζου
חזק,επικρατεω
חזק,ισχυε
חזק,ισχυροσ
חזק,ισχυσ
חזק,κατισχυσον
חזק,κραταια
חזק,στερεωτερων
חזק,χειρ
חזקה,κραταια
חזקה,κραταιος
חזקה,κραταιοσ
חזקה,υψηλω
חזקו,ανδριζομαι
חזקו,ισχυω
חזקיהו,εζεκια
חזקיהו,εζεκιασ
חזקיהו,εζεκιου
חח,ακανθα
חטא,αμαρτανω
חטא,αμαρτια
חטא,αμαρτιω
חטא,αμαρτωλοσ
חטא,ημαρτηκεν
חטאה,αμαρτια
חטאו,αμαρτανω
חטאות,αμαρτια
חטאות,αμαρτιω
חטאימ,αμαρτανω
חטאימ,αμαρτωλοσ
חטאנו,αμαρτανω
חטאת,αδικια
חטאת,αμαρτανω
חטאת,αμαρτημα
חטאת,αμαρτια
חטאת,αμαρτιω
חטאת,ανομια
חטאתי,αμαρτανω
חטאתי,ημαρτηκα
חטאתי,ημαρτηκωσ
חטאתמ,ημαρτετε
חטה,πυρος
חטה,πυρου
חטה,σιτος
חטימ,πυρου
חטימ,πυρουσ
חטימ,πυρω
חטם,επεχω
חטם,κατεχω
חטם,κωλυω
חטר,τοξευω
חי,ζαω
חי,ζωη
חי,ζωος
חי,ορασισ
חי,υγιεια
חי,φρεαρ
חידה,αινιγμα
חידה,αινισσομαι
חידות,προβλημα
חיה,ζωσησ
חיה,θηριον
חיה,καιροσ
חיוה,ζωον
חיוה,θηριον
חיונ,θηριον
חיות,διατρεφω
חיות,θηριον
חיי,ζωη
חיים,αιων
חיים,βιος
חיים,βιοτος
חיים,ζωη
חיים,ψυχη
חיימ,ζωη
חיין,αιων
חיין,βιος
חיין,βιοτος
חיין,ζωη
חיין,ψυχη
חיינ,ζωη
חיל,αναμενω
חיל,δυναμισ
חיל,δυνατοσ
חיל,ισχυσ
חיל,μενω
חיל,οχλοσ
חיל,περιμενω
חיל,πλοοσ
חיל,πλουτοσ
חיל,στρατια
חיל,ωδι
חילימ,δυναμισ
חיצון,εκτος
חיצון,εξω
חיצון,εξωθεν
חיק,κολποσ
חירה,ιροσ
חירומ,χιραμ
חירמ,χιραμ
חירת,επαυλεωσ
חית,θηριοισ
חית,θηριον
חיתו,θηριον
חכ,λαρυγγι
חכה,αναμενω
חכה,μενω
חכה,περιμενω
חכילה,εχελα
חכים,σοφος
חכים,σωφρονεω
חכים,φρονιμος
חכימי,σοφιστησ
חכימי,σοφοσ
חכימינ,σοφοσ
חכם,σοφος
חכם,σωφρονεω
חכם,φρονιμος
חכמ,σοφοσ
חכמה,σοφια
חכמה,σοφος
חכמה,συνεσισ
חכמה,τεχνη
חכמה,φρονεω
חכמה,φρονησις
חכמוני,αχαμανι
חכמות,σοφια
חכמות,σοφος
חכמות,φρονεω
חכמות,φρονησις
חכמי,σοφοσ
חכמימ,σοφοσ
חכמת,σοφια
חכמת,συνεσισ
חכמת,φρονησεωσ
חכמת,φρονησισ
חכמת,φρονισ
חל,ανοσιος
חל,προτειχισματι
חלב,γαλα
חלב,δημος
חלב,πιων
חלב,στεαρ
חלד,υποστασισ
חלה,εμαλακισθη
חלה,ενοχλει
חלום,οναρ
חלום,ονειρος
חלומ,ενυπνιον
חלומ,υπνοσ
חלון,θυρις
חלונ,θυρισ
חלושה,ησσα
חלושה,ησσαομαι
חלושה,κρατεω
חלושה,νικαω
חלט,βουλευω
חלט,κρινω
חלי,αρρωστια
חלי,μαλακια
חלי,νοσος
חליה,κοσμος
חליל,αυλεω
חליל,αυλος
חליל,αυλοσ
חלילה,ιλαοσ
חלילה,μηδαμω
חליתי,δεω
חלכה,πενησ
חלל,βεβηλου
חלל,μιαινω
חלל,τραυματιαι
חלל,τραυματιασ
חלל,τραυματιησ
חלל,τραυματιω
חללה,μηδαμω
חללי,τραυματιαι
חללימ,τραυματιαι
חללימ,τραυματιασ
חלם,οναρ
חלם,ονειρος
חלמ,ενυπνιον
חלמ,οραμα
חלמ,υπνοσ
חלמות,ενυπνιον
חלמנו,οραω
חלמת,ενυπνιον
חלמתי,ενυπνιαζω
חלמתי,οραω
חלצ,εκαιρεω
חלצ,οσφυσ
חלצ,χελλησ
חלק,διαιρεω
חלק,διανεμω
חלק,μερισ
חלקה,λειοτης
חלקה,μερισ
חלקות,δολια
חלקיהו,χελκιου
חלקלקות,κληροδοσια
חלקלקות,λειοτης
חלקלקות,ολισθρημασιν
חלקת,μερισ
חלש,ησσα
חלש,ησσαομαι
חלש,κρατεω
חלש,νικαω
חמ,διαθερμαναντοσ
חמ,χαμ
חמא,θυμοσ
חמאה,βουτυρον
חמדות,επιθυμιω
חמדת,επιθυμια
חמה,ηλιοσ
חמה,θυμοσ
חמה,οργη
חמה,τει
חמול,ιεμουηλ
חמור,εμμωρ
חמור,ονοσ
חמור,υποζυγιον
חמות,πενθερα
חמי,πενθεροσ
חמישי,πεμπτος
חמישי,πεμπτοσ
חמישית,πεμπτοσ
חמלה,ελεεω
חמלה,ελεος
חמלה,οικτος
חמלת,φειδομαι
חמס,αδικια
חמס,αδικοσ
חמס,αδικου
חמס,ανομια
חמס,βια
חמס,βιαζω
חמס,βιαιος
חמס,υβρις
חמצ,ζυμη
חמר,ασφαλτος
חמר,ασφαλτοσ
חמר,ονοισ
חמר,ονοσ
חמר,πηλοσ
חמר,υποζυγιον
חמרימ,ονος
חמרימ,ονοσ
חמרמ,θιμωνιασ
חמש,δεκα
חמש,εικοσι
חמש,εκατον
חמש,εξηκοντα
חמש,πεντακοσιοι
חמש,πεντε
חמש,πεντεκαιδεκα
חמש,τριακοντα
חמש,ψοαν
חמשה,εβδομηκοντα
חמשה,πεντε
חמשה,πεντεκαιδεκατοσ
חמשה,τεσσαρακοντα
חמשה,τριακοντα
חמשה,τριακοσιοι
חמשימ,διακοσιοι
חמשימ,εκατον
חמשימ,εννακοσιοι
חמשימ,πεντηκοντα
חמשימ,πεντηκονταρχουσ
חמשימ,τετρακοσιοι
חמשת,πεντε
חמת,αιμαθ
חמת,ασκοσ
חמת,ημαθ
חמת,θυμοσ
חמת,οργη
חמת,τειχοσ
חן,χαρις
חנ,ελεεω
חנ,ημα
חנ,χαρισ
חנה,αννα
חנה,αννασ
חנה,στρατοπεδευω
חנוכ,ενωχ
חנון,ιλαος
חנונ,αναν
חנונ,αννων
חנונ,ελεημων
חנות,μεγαρον
חנות,οικημα
חנט,ταριχευω
חנטה,πυρος
חנטה,σιτος
חנימ,παρεμβολη
חנינה,ευεργεσια
חנינה,ευνοια
חנינה,φιλανθρωπια
חנית,δορατι
חנית,δορατοσ
חנית,δορυ
חנית,εγχος
חנית,λογχη
חנית,οπλον
חנית,ρομφαια
חנך,αναθημα
חנך,ανακειμαι
חנך,ανατιθημι
חנכה,αναθεσις
חנכה,αναθημα
חנכת,εγκαινισμον
חנמ,δωρεαν
חנן,χαριζομαι
חנן,χαρις
חננ,αναν
חננ,βαλαεννων
חננ,ελεεω
חננ,οικτιρη
חנני,ανανι
חנניה,ανανιασ
חנק,αποπνιγω
חסד,δικαιοσυνη
חסד,ελεη
חסד,ελεοσ
חסד,ευνοια
חסד,πολυελεοσ
חסדי,ελεη
חסה,ωσα
חסות,καταφευγω
חסות,πειθω
חסיד,ευνους
חסיד,οσιοι
חסיד,οσιοισ
חסיד,οσιοσ
חסיד,οσιου
חסיל,ερυσιβη
חסיתי,ηλπισα
חסנ,ισχυσ
חסף,πηλος
חספ,αμα
חספ,οστρακινον
חספ,οστρακινουσ
חספ,οστρακου
חספ,οστρακω
חסרון,απορια
חסרון,βουλομαι
חסרון,δεω
חסרון,εθελω
חסרון,ενδεια
חף,καθαρος
חפה,καλυπτω
חפז,εκστασισ
חפז,σπευδω
חפזונ,σπουδη
חפן,γλαφυρος
חפן,κοιλος
חפני,οφνι
חפף,στεγη
חפצ,βουλομαι
חפצ,εθελω
חפצ,θελημα
חפצי,εθελω
חפצת,εθελω
חפצתי,βουλομαι
חפצתי,εθελω
חפר,ορυσσω
חפרו,ορυσσω
חפש,ελευθεροσ
חפש,ζητεω
חפש,ζητησις
חפשה,ελευθερια
חפשה,ελευθερος
חפשה,παρρησια
חפשי,ελευθερος
חפשי,ελευθεροσ
חפשי,ελευθεροω
חפשי,λυω
חפשית,ατελης
חץ,βελος
חץ,ιος
חץ,οιστος
חץ,τοξευμα
חץ,τοξον
חצ,βελοσ
חצ,ημισυσ
חצ,τοξον
חצה,διαιρεω
חצה,διανεμω
חצות,μεσος
חצי,ημισει
חצי,ημισυς
חצי,ημισυσ
חצי,σχιζα
חצימ,βελοσ
חצימ,σχιζα
חצימ,σχιζασ
חציר,χορτοσ
חציר,ωσει
חצן,κολπος
חצנ,κολποσ
חצץ,διαιρεω
חצץ,διανεμω
חצצרות,σαλπιγξ
חצר,ασσουρ
חצר,αυλαι
חצר,αυλη
חצר,δικαστηριον
חצר,επαυλεισ
חצרונ,αρσων
חצרונ,ασρων
חצרונ,εσερων
חצרונ,εσρων
חצרות,αυλαι
חצרות,αυλασ
חצרות,επαυλεωσ
חק,δικαιωμα
חק,δικαιωματων
חק,μερος
חק,μοιρα
חק,νομιμοσ
חק,προσταγμα
חקימ,δικαιωμα
חקימ,προσταγμα
חקת,δικαιωμα
חקת,νομιμοσ
חקת,προσταγμα
חרב,εγχειριδιος
חרב,καυμα
חרב,μαχαιρα
חרב,μαχαιραισ
חרב,ξιφιδιον
חרב,ρομφαια
חרב,ρομφαιασ
חרב,φονοσ
חרב,χωρηβ
חרבה,ξηροσ
חרבו,εκλειπω
חרבות,ερημοσ
חרבות,πλη
חרבת,ερημοσ
חרג,εξερχομαι
חרד,τρεμω
חרד,τρομος
חרדה,εκστασισ
חרדה,φοβοσ
חרדו,εξιστημι
חרה,θυμοω
חרה,οργισθησομαι
חרון,θυμος
חרון,οργη
חרון,οργιζω
חרון,χολος
חרונ,θυμοσ
חרונ,οργη
חרוץ,τεμνω
חרט,γραφιδι
חרטם,μαγος
חרטמי,επαοιδοι
חרטמימ,επαοιδοι
חרטמימ,επαοιδουσ
חרטמינ,επαοιδω
חרי,θυμοσ
חרי,οργη
חרי,χορραιος
חרי,χορρι
חריט,βαλλαντιον
חרימ,ελευθεροσ
חרמ,αναθημα
חרמה,ερμα
חרמונ,αερμων
חרמש,δρεπανον
חרנ,αρραν
חרנ,βαιθωρων
חרנ,χαρραν
חרף,μετοπωρον
חרפ,εαρ
חרפ,ονειδιζω
חרפה,ονειδιζω
חרפה,ονειδισμοσ
חרפה,ονειδος
חרפה,ονειδοσ
חרפו,ωνειδισαν
חרפות,ονειδισμοσ
חרפת,ονειδισμοσ
חרפת,ονειδισμου
חרפת,ονειδοσ
חרפת,ωνειδ
חרץ,αποκοπτω
חרץ,αποτεμνω
חרצב,πεδη
חרצן,βοτρυς
חרצן,σταφυλη
חרש,αροτρον
חרש,αροω
חרש,κωφοσ
חרש,οστρακον
חרש,πηλος
חרש,τεκτων
חרש,χαλκευσ
חרשה,καινοσ
חרשי,τεκτονασ
חרשימ,κωφοσ
חש,παρειμι
חשב,δια
חשב,ενεκα
חשב,λογος
חשב,ποικιλτου
חשב,υφαντοσ
חשב,υφαντου
חשב,υφασμα
חשבו,ελογισαντο
חשבונ,εσεβων
חשביה,ασαβια
חשבתי,διελογισαμην
חשוכ,σκοτοσ
חשחינ,εχω
חשחינ,χρεια
חשכ,σκοτοσ
חשכ,φειδομαι
חשכה,σκοτοσ
חשכת,φειδομαι
חשמ,ασομ
חשנ,λογει
חשנ,λογειου
חשנ,ποδηρησ
חשק,πραγματεια
חשק,προαιρεω
חשק,ψαλιδεσ
חת,χετ
חתו,ηττα
חתול,τελαμων
חתי,χετται
חתי,χετταιος
חתי,χετταιουσ
חתי,χετταιων
חתם,σημαινω
חתם,σφραγις
חתם,φωκη
חתמ,εσφραγισατο
חתמ,σφραγι
חתמ,σφραγισαι
חתנ,γαμβροσ
חתנ,ιστημι
חתנ,νυμφιοσ
חתנה,γαμος
חתנה,εκδιδωμι
חתר,ορυσσω
טב,αγαθος
טב,εσθλος
טב,ευ
טב,καλος
טב,σπουδαιος
טב,χρηστος
טב,χρηστοσ
טבה,αγαθοσ
טבור,ομφαλος
טבות,καλοσ
טבח,σφαγη
טבחי,αρχιμαγειρος
טבחימ,αρχιμαγειρος
טבימ,αγαθοσ
טבל,βαπτω
טבע,δυω
טבע,καταδυω
טבעות,δυο
טבעת,δακτυλιουσ
טבעת,ευρυσ
טבת,καλοσ
טהור,καθαροσ
טהורה,καθαροσ
טהר,καθαρος
טהר,καθαροσ
טהרה,καθαραν
טהרה,καθαρμος
טהרה,καθαροσ
טהרה,καθαρσις
טוב,αγαθοσ
טוב,αρεσκω
טוב,αρεστοσ
טוב,ιστωβ
טוב,καλοσ
טוב,κρει
טוב,κρεισσων
טוב,μυρον
טוב,ορθοσ
טוב,χρηστοσ
טוב,χρηστοτησ
טובה,αγαθοσ
טובה,καλοσ
טובימ,αγαθοσ
טובימ,καλοσ
טובת,αγαθοσ
טובת,χρηστοτησ
טוטפת,ασαλευτοσ
טול,βαλλω
טול,εκβαλλω
טול,ριπτω
טור,ελαυνω
טור,οροσ
טור,στιξ
טורימ,στιχοι
טחה,τοξευω
טחרי,εδρα
טחרימ,εδρα
טיט,πηλος
טיט,πηλοσ
טין,πηλος
טינ,πηλινω
טירה,στρατοπεδεια
טל,δροσος
טל,δροσοσ
טל,δροσω
טלה,αρνιον
טלה,αρνος
טלוא,διαλευκος
טלי,αρνιον
טלי,αρνος
טלל,στεγη
טמא,ακαθαρτοσ
טמא,μιαινω
טמאו,μιαινω
טמנו,κρυπτω
טנא,αποθη
טנא,κανεον
טנא,καρταλλον
טעה,πλαναω
טעם,γευω
טעמ,γευομαι
טעמ,γνωμη
טעמ,δογμα
טעמ,δογματι
טעמ,κρινω
טעמ,προσωπον
טעמתי,γευω
טפ,αποσκευη
טפ,παιδιον
טפ,τεκνον
טפח,σπιθαμη
טפחה,σπιθαμη
טפר,ονυξ
טפרו,ονυξ
טרד,απελαυνω
טרדינ,εκδιωκω
טרח,αχθος
טרח,υποζυγιον
טריד,εξεδιωχθη
טריפה,λειος
טרמ,πριν
טרפ,αρπαζω
טרפ,γιγνομαι
טרפ,θηρα
טרפ,θηριοβρωτοσ
טרפ,θηριον
טרפה,θηριαλωτος
יאב,μακρος
יאב,πολυς
יאב,χρονος
יאבדו,απολλυμι
יאבדו,απολου
יאהב,αγαπαω
יאור,ποταμοσ
יאחז,κρατεω
יאיר,ιαιρ
יאיר,φωτιζω
יאכל,βρωθησεται
יאכל,εσθιω
יאכל,εψωμισεν
יאכל,κατεσθιω
יאכלו,εσθιω
יאכלו,καταφαγονται
יאכלונ,εσθιω
יאל,αρχω
יאמינו,πιστευω
יאמנ,πιστευω
יאמנ,πιστωθητω
יאמצ,κραταιουσθω
יאמר,ερομαι
יאמר,καλεω
יאמר,λεγω
יאמרו,ειπαισαν
יאמרו,ερομαι
יאמרו,λεγω
יאספ,προστιθημι
יאספ,συναγω
יאספו,συναγω
יאסר,ζευγνυμι
יאר,ποταμοσ
יארב,ενεδρευει
יארי,ποταμοσ
יארי,υδωρ
יאש,απογιγνωσκω
יאש,απογνωσις
יאשיהו,ιωσια
יבא,αγω
יבא,εισαγω
יבא,εισερχομαι
יבא,εισπορευομαι
יבא,εισφερω
יבא,ερχομαι
יבא,ηκω
יבא,ισοσ
יבא,παραγιγνομαι
יבא,προση
יבא,φερω
יבאו,εισερχομαι
יבאו,εισπορευομαι
יבאו,ερχομαι
יבאו,ηκω
יבאו,ισοσ
יבאו,παραγιγνομαι
יבאו,φερω
יבאש,επωζεσεν
יבב,γοος
יבדל,διαχωριζω
יבהל,ταραξει
יבהלנ,συνεταρασσον
יבוא,εισερχομαι
יבוא,ερχομαι
יבוא,ηκω
יבוא,παραγιγνομαι
יבוא,παρειμι
יבול,καρποσ
יבול,παρεχω
יבוס,εξουδενωσει
יבוס,ιεβουσ
יבוסי,ιεβουσαι
יבוסי,ιεβουσαιου
יבוסי,ιεβουσαιων
יבז,ατιμαζω
יבזו,διαρπαζω
יבחר,εκλεγεται
יבחר,εκλεγω
יבחר,εκλεξηται
יבחר,επελεξεν
יבחר,ιβααρ
יבט,επιβλεπω
יביא,εισαγω
יביא,επαγω
יביא,φερω
יביאו,αγω
יביאו,εισφερω
יביאו,φερω
יבינ,προνοηθη
יבינ,συνησει
יבינו,συνη
יבינו,συνιημι
יביש,γαλααδ
יביש,γαλααδιτιδοσ
יביש,ιαβισ
יבכ,κλαιω
יבכו,κλαιω
יבל,απαγω
יבם,γαμεω
יבם,γαμος
יבמ,αδελφοσ
יבמ,ανηρ
יבמת,αδελφοσ
יבמת,γυνη
יבנ,οικοδομεω
יבנה,οικοδομεω
יבנה,οικοδομησει
יבנו,οικοδομεω
יבסי,ιεβουσαι
יבסי,ιεβουσαιου
יבעה,αιτεω
יבעה,αξιοω
יבק,ιαβοκ
יבקעו,διαρρηγνυμι
יבקש,αξιοω
יבקש,ζητεω
יבקשו,ζητεω
יבקשו,ζητησατωσαν
יבקשו,ζητου
יברח,αποδιδρασκω
יברח,φευγω
יברחו,απεδρασαν
יברחו,φευγω
יברכ,αβραμ
יברכ,ευλογεω
יברכ,ευλογησει
יברכ,ημα
יברכו,ευλογεω
יבש,ιαβισ
יבש,ξηραινω
יבשה,ξηροσ
יבשה,χερσος
יבשו,αισχυνθειησαν
יבשו,αισχυνθησονται
יבשו,αισχυνθητωσαν
יבשו,εξηρανθησαν
יבשו,καταισχυνθειησαν
יבשו,καταισχυνθησονται
יבשת,ξηροσ
יבשת,χερσος
יגאל,αγχιστευω
יגב,πονεω
יגב,πονος
יגבה,υψοω
יגד,αναγγελλω
יגד,απαγγελλω
יגדו,αναγγελλω
יגדו,απαγγελλω
יגדל,αυξανω
יגדל,γιγνομαι
יגדל,μεγαλυναι
יגדל,μεγαλυνθητω
יגדל,μεγαλυνω
יגדל,μεγασ
יגדל,υψοω
יגון,αλγος
יגון,αχος
יגון,λυπη
יגון,πενθος
יגונ,λυπη
יגונ,οδυνη
יגונ,οδυνησ
יגוע,εκλειπω
יגור,αναγγελλω
יגורו,παροικησουσιν
יגח,κερατιση
יגיד,αναγγελλω
יגיד,απαγγελλω
יגידו,αναγγειλατωσαν
יגידו,αναγγειλωσιν
יגידו,αναγγελλω
יגידו,αναγγελου
יגידו,απαγγελλω
יגידו,απαγγελου
יגיע,μοχθος
יגיע,πονεω
יגיע,πονος
יגיע,πονοσ
יגל,αγαλλιασεται
יגלה,αποκαλυψισ
יגלח,εξυρησεν
יגע,απτω
יגע,καμνω
יגער,επιτιμεω
יגעת,εκοπιασασ
יגעתי,κοπιαω
יגפ,πατασσω
יגר,παροικεω
יגרש,εκβαλει
יגרש,εκβαλλω
יגש,εγγιζω
יגש,προσαγω
יגש,προση
יגשו,εγγιζω
יד,βραχιων
יד,εαυτου
יד,εργον
יד,εχω
יד,ιωσηφ
יד,μωυσησ
יד,πεπονηρευ
יד,τοποσ
יד,χει
יד,χειρ
יד,χειρω
ידבקו,συναπτουσιν
ידבר,λαλεω
ידברו,λαλεω
ידברו,λαλου
ידדונ,αγαπητοσ
ידות,χει
ידותונ,ιδιθουν
ידותונ,ιδιθων
ידי,εχω
ידי,χει
ידי,χειρω
ידיד,αγαπαω
ידיד,αγαπητοσ
ידיד,φιλτατος
ידימ,πλατει
ידימ,χει
ידימ,χειρ
ידינ,κρινω
ידינ,χειρω
ידיעאל,ιαδιηλ
ידיתונ,ιδιθουν
ידע,γιγνωσκω
ידע,ιαδαε
ידע,οιδα
ידעו,γιγνωσκω
ידעו,γνωτωσαν
ידעו,οιδα
ידעונ,γιγνωσκω
ידעונ,ειδησαν
ידעי,γιγνωσκω
ידעי,οιδα
ידעימ,συνετουσ
ידענו,οιδα
ידעני,μαντις
ידענימ,εγγαστριμυθουσ
ידעת,γιγνωσκω
ידעת,επισταμαι
ידעת,εφιστημι
ידעת,ηπιστω
ידעת,οιδα
ידעתי,γιγνωσκω
ידעתי,επισταμαι
ידעתי,οιδα
ידעתמ,γιγνωσκω
ידעתמ,οιδα
ידרש,εκζητησει
ידת,μεροσ
ידת,χειρω
יה,αβρα
יה,αλληλουια
יה,αρχων
יה,βασιλευσ
יה,εαυτου
יה,εμποροσ
יה,εμπροσθεν
יה,εναντιον
יה,ενοικου
יה,ερημοσ
יה,θεοσ
יה,θυρα
יה,ισχυσ
יה,κατοικου
יה,κοσμοσ
יה,κρινον
יה,κυκλω
יה,κυριοσ
יה,κωμη
יה,λαοσ
יה,λιθοσ
יה,λυχνουσ
יה,νυμφη
יה,οδουσ
יה,οπισω
יה,οφθαλμοσ
יה,παιδιον
יה,περισπορια
יה,πουσ
יה,προσωπον
יה,ριζα
יה,σκευοσ
יה,στρατευω
יה,στυλουσ
יה,συγκλεισματα
יה,σφαιρωτη
יה,τεκνον
יה,τιθημι
יה,υιοσ
יה,υποκατω
יה,χει
יה,χειροποιητοσ
יה,χειρω
יה,ωδι
יהב,διδωμι
יהבו,παραδιδωμι
יהבת,διδωμι
יהגה,μελετησει
יהגו,μελεταω
יהוא,ιηου
יהוא,ιου
יהוד,ιουδαια
יהודאינ,ιουδαι
יהודה,ανηρ
יהודה,ιεροσολυμα
יהודה,ιουδαια
יהודה,ιουδασ
יהודי,ιουδαιοσ
יהודית,ιουδαιστι
יהוה,δεσποτησ
יהוה,θεοσ
יהוה,κυριοσ
יהוידע,ιωδαε
יהוידע,ιωιαδα
יהויקימ,ιωακιμ
יהונתנ,ιωναθαν
יהועדה,ιωιαδα
יהוצדק,ιωσαδακ
יהושיע,σωζω
יהושע,ιησοι
יהושע,ιησουσ
יהושע,ωσηε
יהושפט,ιωσαφατ
יהי,ακουω
יהי,γιγνομαι
יהי,γινομαι
יהי,ηνικα
יהי,ταυ
יהיב,διδωμι
יהיבת,διδωμι
יהיה,γιγνομαι
יהיה,κυριοσ
יהיו,γενοιντο
יהיו,γιγνομαι
יהיו,γινομαι
יהיר,υπερφιαλος
יהלל,αινεσει
יהללו,αινεσατωσαν
יהללו,αινεσουσιν
יהלמ,ιασπισ
יהמו,λιμωξουσιν
יהנ,θεοσ
יהנ,οπισω
יהנ,τεκνον
יהפכ,μετεστρεψεν
יהצ,ιασσα
יהרג,αποκτεινω
יהרגו,αποκτεινω
יהשפל,ταπεινοω
יואב,ιωαβ
יואח,ιωαχ
יואל,ιωηλ
יואש,ιωασ
יובב,ιωβαβ
יובילו,φερω
יוד,εξομολογεω
יודו,εξομολογησασθωσαν
יודו,εξομολογησονται
יודע,γιγνωσκω
יודעי,γιγνωσκω
יוחננ,ιωαναν
יוכח,ελεγχω
יוכיח,ελεγχω
יוכל,δυναμαι
יוכלו,δυναμαι
יוכלונ,δυναμαι
יולד,γενναω
יולד,γιγνομαι
יולד,τικτω
יולדה,τικτουσησ
יולדה,τικτω
יולדו,γιγνομαι
יולדו,τικτω
יום,ημαρ
יום,ημερα
יום,ημερος
יומ,εβδομοσ
יומ,εικασ
יומ,ημερα
יומ,ημερω
יומ,λαοσ
יומ,σημερον
יומי,ημερα
יומי,ημερω
יומי,χρονοσ
יומימ,δυο
יומינ,ημερω
יוממ,ημερα
יומת,αποθανει
יומת,θανατουσθω
יומת,θανατωθησεται
יומת,τελευταω
יומתו,αποθανου
יון,ελλας
יונ,ελλην
יונ,ιωυαν
יונדב,ιωναδαβ
יונה,πελεια
יונה,πελειας
יונה,περιστερα
יונימ,περιστερα
יונק,θηλαζοντοσ
יונקת,τοξευω
יונתנ,ιωναθαν
יונתנ,σημερον
יוסיפ,προστιθημι
יוסיפו,προστιθημι
יוספ,ιωσηφ
יוספ,προστιθημι
יוספ,χειρ
יוספו,προστιθημι
יועילו,ωφελεω
יועצ,βουλευω
יועצ,συμβουλον
יועצ,συμβουλοσ
יועש,ιωασ
יוצא,εκπορευομαι
יוצא,εκφερω
יוצא,εξαγω
יוצא,εξεπορευομην
יוצאי,εκπορευομαι
יוציא,εξαγω
יוציא,εξοισει
יוציאו,εξαγω
יוצר,κεραμευς
יוצר,κεραμευσ
יורדי,καταβαινοντεσ
יורדי,καταβαινω
יורמ,ιωραμ
יורש,κληρονομεω
יושב,εγκαθημενοι
יושב,εγκαθημενοισ
יושב,ενοικου
יושב,καθημαι
יושב,κατοικεω
יושב,κατοικησαντα
יושב,κατοικιζω
יושב,κατοικω
יושב,οικοσ
יושבי,κατοικου
יושיע,σωζω
יושע,ερυω
יושע,εσωζεν
יושע,σωζω
יושפט,ιωσαφατ
יותמ,ιωαθαμ
יותר,υπελιπετο
יזב,διασωζω
יזב,σωζω
יזב,σωτηρια
יזבח,εθυσιασεν
יזבח,θυω
יזבחו,θυω
יזובו,ερρυησαν
יזכר,μιμνησκω
יזכרו,μνησθησονται
יזמרו,ψαλατωσαν
יזנו,πορνευω
יזע,ιδρως
יזעק,βοαω
יזעקו,εβοησαν
יזעקו,εκεκραξαν
יזרח,ανατελλω
יזרחיה,ιεζρια
יזרע,σπειρω
יזרעאל,ιεζραελ
יזרעאלי,ιεζραηλιτην
יזרעאלי,ιεζραηλιτου
יזרעלית,ιεζραηλι
יחבק,περιλαμβανω
יחבש,επισαττω
יחד,αμα
יחד,μονοσ
יחדו,αθροος
יחדו,αμα
יחדו,συν
יחדו,συναγω
יחדו,ωσαυτωσ
יחזיאל,οζιηλ
יחזק,εκραταιωσεν
יחזק,ενισχυσει
יחזק,επιλαμβανομαι
יחזק,εσκληρυνεν
יחזק,κρατεω
יחזק,σκληρυνω
יחזקו,κρατεω
יחזקיהו,εζεκιου
יחט,ορυσσω
יחטא,αμαρτανω
יחטאו,αμαρτησονται
יחי,ζητεω
יחיאל,ιιηλ
יחיאלי,ιιηλ
יחיד,αγαπητοσ
יחידת,μονογενησ
יחכמ,εσοφισατο
יחל,αναμενω
יחל,δεω
יחל,ελπιζω
יחל,ελπις
יחל,ελπισατω
יחל,μενω
יחל,περιμενω
יחליפו,αλλαξουσιν
יחלמ,ενυπνιαζω
יחלפ,αλλασσω
יחלפונ,αλλασσω
יחלצ,ερυω
יחלצונ,ερυω
יחלק,διει
יחלק,διεμερισεν
יחלקו,διει
יחלתי,επηλπισα
יחמ,εγκισσαω
יחמור,ορνισ
יחמל,φειδομαι
יחנ,ελεεω
יחנ,ελεησει
יחנ,ημα
יחנ,οικτιρησαι
יחנ,παρεμβαλλω
יחנו,παρεμβαλλουσιν
יחנו,παρενεβαλον
יחפ,ανυποδετοσ
יחפצ,βουλομαι
יחפצ,θελησει
יחפצונ,επιθυμου
יחפר,ορυσσω
יחפרו,εντραπειησαν
יחפרו,ορυσσω
יחפש,ερευναω
יחר,ηθυμησεν
יחר,θυμοω
יחר,οργιζω
יחרד,εξιστημι
יחרדו,εξιστημι
יחרפ,ονειδιζω
יחש,απογραφω
יחש,εγγραφω
יחשב,λογιζομαι
יחת,ιεθ
יט,εκκλινω
יט,εκλινεν
יט,εκτεινω
יט,πηγνυμι
יטע,φυτευω
יטש,απωσεται
ייגעו,κοπιασουσιν
ייטב,αρεσκω
ייליל,ολολυζετε
יין,οινος
יינ,οινοσ
ייקצ,εγειρω
יירא,φοβεω
יירא,φοβηθησεται
ייראו,φοβεω
ייראו,φοβηθησονται
יירש,κατεκληρονομησαν
יירש,κληρονομεω
יירשו,κληρονομεω
יירשו,κληρονομησουσι
יישנ,υπνοω
יכבד,δοξαζω
יכבד,εβαρυνεν
יכה,πατασσω
יכו,κατακοπτω
יכו,πατασσω
יכונ,κατευθυνθησεται
יכוננ,εθεμελιωσεν
יכוננ,ετοιμαζω
יכחשו,ψευδω
יכחשו,ψευσονται
יכינ,ιαχειν
יכינו,ετοιμαζω
יכיר,επιγιγνωσκω
יכיר,επιγνωσεται
יכל,δυναμαι
יכל,δυνατοσ
יכל,καταπαυω
יכל,συντελεω
יכלה,δυναμαι
יכלו,δυναμαι
יכלכל,σιτομετρεω
יכלמו,εντραπειησαν
יכלת,δυναμαι
יכלתי,δυναμαι
יכנ,ετοιμαζω
יכניע,ετροπωσατο
יכנעו,ταπεινοω
יכס,καλυπτω
יכסה,κατεκαλυπτον
יכסו,επικαλυπτω
יכסו,καλυπτω
יכר,επιγιγνωσκω
יכרעו,προπεσου
יכרת,αφει
יכרת,διατιθημι
יכרת,εκλειψις
יכרת,εξαρθησεται
יכרת,εξολεθρευω
יכרתו,διατιθημι
יכשלו,ασθενησουσιν
יכתב,γραφω
ילבש,ενδυσεται
ילבש,ενδυω
ילבש,περιβαλλω
ילבשו,ενδυσασθωσαν
ילד,ανεχω
ילד,γενναω
ילד,γιγνομαι
ילד,παιδαριον
ילד,παιδαριου
ילד,παιδιον
ילד,τεκνον
ילד,τικτω
ילד,φερω
ילדה,γενναω
ילדה,κορη
ילדה,παρθενος
ילדה,τικτω
ילדו,γιγνομαι
ילדו,τικτω
ילדי,τεκνον
ילדימ,αρσην
ילדימ,νεανισκοσ
ילדימ,παιδαριον
ילדימ,παιδιον
ילדימ,συντροφοσ
ילדת,τικτω
ילדתי,τικτω
ילוד,παιδιον
ילחכו,λειξουσιν
ילחמ,επολεμει
ילחמ,πολεμεω
ילחמו,πολεμεω
יליד,οικογενησ
יליד,παις
יליד,τεκνον
יליד,υιος
ילידי,οικογενει
ילינ,αυλισθησεται
ילינ,κοιμαομαι
ילינ,κοιμηθησεται
ילינו,κοιμαομαι
ילכ,ανατρεπω
ילכ,απειμι
ילכ,ενθεν
ילכ,ερχομαι
ילכ,οιχομαι
ילכ,πορευεσθω
ילכ,πορευθητω
ילכ,πορευομαι
ילכד,κατακληρου
ילכד,καταλαμβανω
ילכד,προκατελαβετο
ילכו,απειμι
ילכו,απερχομαι
ילכו,αποιχομαι
ילכו,πορευομαι
ילכו,πορευονται
ילכו,προπορευομαι
ילמד,δεικνυμι
ילמד,διδασκω
ילמדו,μαθωσιν
ילנ,κοιμαομαι
ילקוט,θυλακος
ילקטו,συλλεγω
ים,αλς
ים,θαλασσα
ים,πελαγος
ים,ποντος
ימ,γενοσ
ימ,ερυθροσ
ימ,εσχατοσ
ימ,ημερα
ימ,ημερω
ימ,θαλασσα
ימ,μακροχρονιοσ
ימ,οδοσ
ימ,παραλιοσ
ימ,υδωρ
ימ,χρονοσ
ימאנ,βουλομαι
ימאנ,εθελω
ימאס,εξουδενωσει
ימהר,σπευδω
ימהר,ταχυνω
ימהרו,σπευδω
ימו,οδουσ
ימו,χειλος
ימואל,ιεμουηλ
ימוט,σαλευθησεται
ימול,περιτεμνω
ימות,αποθανει
ימות,αποθνησκω
ימותו,αποθνησκω
ימטא,φθανω
ימטר,βρεχω
ימי,αρχη
ימי,βασιλεια
ימי,ημερα
ימי,ημερω
ימי,χρονοσ
ימימ,γιγνομαι
ימימ,ημερα
ימימ,ημερω
ימימ,θαλασσα
ימימ,θαλασσαισ
ימימ,θαλασσω
ימימ,μακροημερευσητε
ימינ,δεξιοσ
ימינ,ιαμειν
ימיני,ιεμενι
ימיני,ιεμιναιου
ימיני,ιεμινι
ימיני,υιοσ
ימיש,εκλειπω
ימית,αποκτεινω
ימית,θανατοω
ימית,θανατωσει
ימכר,αποδιδωμι
ימל,περιτεμνω
ימלא,πιμπλημι
ימלא,πληροω
ימלאו,πληροω
ימלה,ιεμλα
ימלט,διεσωθη
ימלט,ερυω
ימלט,σωζω
ימליכו,βασιλευω
ימלכ,βασιλευω
ימלל,λαλεω
ימנה,ιεμνα
ימנית,δεξιοσ
ימצא,ευρισκω
ימצא,καταλαμβανω
ימצאו,ευρισκουσιν
ימצאונ,ευρισκω
ימרו,επικραινω
ימש,ψηλαφαω
ימשח,χριω
ימשחו,εχρισαν
ימשחו,χριουσιν
ימת,αποθανετω
ימת,αποθνησκω
ימת,αποκτεινω
ימת,θανατοω
ימת,θνησκω
ימת,τελευταω
ימתו,αποθανωσιν
ימתו,αποθνησκω
ינגפ,επταισεν
ינדעונ,γιγνωσκω
ינהג,αγω
ינהג,απαγω
ינהל,εκτρεφω
ינהמ,βοησει
ינו,αδελφοσ
ינו,αμαρτια
ינו,ανομια
ינו,αρχων
ינו,βασιλευσ
ינו,γειτοσιν
ינו,δικαιοσυναισ
ינו,δυναμισ
ינו,δυναστησ
ינו,εμπροσθεν
ינו,ενωπιον
ינו,εχθροσ
ינו,εχθρω
ינו,ημα
ינו,ημερα
ינו,ημι
ינו,θεοσ
ינו,θυγατηρ
ינו,κριτησ
ינו,κυκλω
ינו,κυριοσ
ינו,μαρσιπποισ
ינו,μαρσιππουσ
ינו,μεσοσ
ינו,μισου
ינו,οφθαλμοσ
ינו,πατηρ
ינו,περικυκλω
ינו,πουσ
ינו,προπορευομαι
ינו,προσωπον
ינו,τεκνον
ינו,υιοσ
ינו,υμα
ינו,υπεναντιοσ
ינו,χει
ינו,χειρω
ינוח,αναπαυσηται
ינוסו,φευγω
ינח,καταπαυω
ינח,τιθημι
ינח,ωδηγησεν
ינחמ,παρακαλεω
ינטשו,συνεπεσαν
יניקה,τοξευω
ינס,πειραζω
ינס,φευγω
ינסו,εφυγαν
ינסו,πειραζω
ינסו,φευγω
ינצו,μαχομαι
ינקה,καθαριζω
ינשוף,γλαυξ
ינתח,εμελισεν
ינתנ,διδωμι
יסב,αποστρεφω
יסב,επιστρεφω
יסבו,κυκλοω
יסגד,προσκυνηση
יסגו,αποστραφειησαν
יסגו,αποστραφητωσαν
יסד,εθεμελιωσεν
יסד,θεμελιοσ
יסד,κτιζω
יסד,οικιζω
יסדות,θεμελιος
יסדת,θεμελιοω
יסובב,κυκλωσει
יסובבו,κυκλωσουσιν
יסוד,θεμελιος
יסודה,θεμελιος
יסור,αφαιρεω
יסיפ,προστιθημι
יסיפו,προστιθημι
יסכ,σπενδω
יסע,απειμι
יסע,εξεστι
יסעד,βοηθεω
יסעו,αιρουσιν
יסעו,ανεζευγνυσαν
יסעו,απειμι
יסעו,εξεστι
יסף,προσγραφω
יסף,προσλαμβανω
יסף,προστιθημι
יספ,προστιθημι
יספדו,κοπτω
יספו,προσθησουσιν
יספו,προστιθημι
יספר,αριθμεω
יספר,διηγεομαι
יספרו,διηγεομαι
יספת,προστιθημι
יסקל,λιθαζων
יסקל,λιθοβολεω
יסר,εκκλινω
יסר,επαιδευσεν
יסר,νουθετεω
יסר,παιδευων
יסר,περιελετω
יסת,επεσεισεν
יעבד,δουλευω
יעבד,εδουλευσαν
יעבד,λατρευση
יעבד,λατρευσωσιν
יעבדו,δουλευω
יעבדו,εδουλευσαν
יעבור,παρερχομαι
יעבצ,ιγαβησ
יעבר,διαβαινω
יעבר,διελθετω
יעבר,διοσ
יעבר,παρειμι
יעבר,παρερχομαι
יעבר,παρηγαγεν
יעברו,διαβαινω
יעברו,παρειμι
יעד,αποδεικνυμι
יעד,καθιστημι
יעד,τασσω
יעדה,ιασ
יעואל,ιιηλ
יעור,εκτυφλοι
יעוש,ιεουσ
יעוש,ιωασ
יעזב,αφιημι
יעזב,εγκαταλειπω
יעזב,εγκαταλειψει
יעזב,εγκαταλιπη
יעזב,καταλειπω
יעזבו,καταλειπω
יעזיהו,οζια
יעזיר,ιαζηρ
יעזר,βοηθεω
יעזר,βοηθησει
יעזר,ιαζηρ
יעטו,περιβαλεσθωσαν
יעיאל,ιιηλ
יעימ,θερμαστρεισ
יעיר,επαναστησεται
יעיש,ιεουσ
יעל,αναβαινω
יעל,αναγω
יעל,αναφερω
יעלה,αιξ
יעלה,αναβαινω
יעלה,αναβη
יעלה,αναφερω
יעלו,αναβαινω
יעלו,αναβησονται
יעלו,αναβιβαζω
יעלזו,καυχησονται
יעלמ,ιεγλομ
יעמד,ανιστημι
יעמד,ιστημι
יעמד,παριστημι
יעמד,στησεται
יעמד,υποστησεται
יעמדו,ανιστημι
יעמדו,ιστημι
יעמדו,στητωσαν
יעמדנה,ανιστημι
יעמיד,ιστημι
יענ,αποκρινω
יענ,διοτι
יענ,ενεκα
יענ,επακουω
יענ,ταπεινοω
יענה,αποκρινω
יענה,στρουθω
יענו,αποκρινω
יענו,εξεστι
יעף,καμνω
יעפ,εκλυω
יעפ,επετασθη
יעץ,παραινεω
יעץ,συμβουλευω
יעצ,βουλευω
יעצ,συμβουλευω
יעצתי,συνεβουλευσα
יעקב,ιακωβ
יעקב,ισραηλ
יעקב,παισ
יעקר,παρελυσεν
יער,βουνοι
יער,δρυμον
יער,δρυμοσ
יער,δρυμου
יער,δρυμω
יער,ξυλινος
יער,ξυλον
יער,πολισ
יער,υλη
יער,υλις
יערה,ιασ
יערימ,καριαθιαριμ
יערימ,πολισ
יערכ,εστοιβασεν
יערכ,παρατασσω
יערכו,παρατασσονται
יערכו,παρατασσω
יעש,γιγνομαι
יעש,επιτιθημι
יעשה,ποιηθησεται
יעשיר,πλουτησει
יעשר,αποδεκατωσει
יעתק,απαιρω
יעתר,επακουω
יעתר,ευχομαι
יפגע,ανει
יפגע,απανταω
יפגעו,συνανταω
יפגש,συνανταω
יפד,ελυτρωσατο
יפדה,λυτρωσεται
יפה,διος
יפה,καλλοσ
יפה,καλος
יפה,καλοσ
יפח,εμφυσαω
יפחז,αναπηδαω
יפי,καλλος
יפילו,βαλλω
יפיצ,σκορπιζω
יפל,εμπεσει
יפל,επιπιπτω
יפל,πεσει
יפל,πιπτω
יפלו,πεσου
יפלו,πιπτω
יפלחונ,δουλευω
יפלט,ερυω
יפלט,ιαφαλητ
יפנ,επιβλεπω
יפנה,επιβλεπουσα
יפנה,ιεφοννη
יפסלו,επελεκησαν
יפע,λαμπω
יפע,φαεινος
יפעל,ειργασατο
יפצ,διεσπαρη
יפצו,διασπειρω
יפצר,βιαζω
יפקד,επαξει
יפקד,επεσκεπη
יפקד,επισκεπτεται
יפקד,επισκεπτομαι
יפקד,επισκοπη
יפקד,καθιστημι
יפר,αυξανω
יפרצ,βιαζω
יפשטו,συνεπεσαν
יפשיטו,εκδυω
יפת,ιαφεθ
יפת,καλοσ
יפתח,ανοιγνυμι
יצא,εκπορευομαι
יצא,εξαγω
יצא,εξειμι
יצא,εξελθοι
יצא,εξερχομαι
יצא,εξεστι
יצאה,εξερχομαι
יצאה,εξεστι
יצאו,εκπορευομαι
יצאו,εξαγω
יצאו,εξερχομαι
יצאו,εξεστι
יצאי,εκπορευομαι
יצאי,εξερχομαι
יצאימ,εκπορευομαι
יצאימ,εξερχομαι
יצאת,εκπορευομαι
יצאת,εξεστι
יצאת,εξηλθετε
יצאתי,εξεστι
יצב,εφιστημι
יצב,ιστημι
יצבא,δοξα
יצברו,συναγω
יצהר,ελαιον
יצהר,ισσααρ
יצהרי,ισσαρι
יצו,εντελλω
יצו,προστασσω
יצו,συντασσω
יצוה,εντελει
יצוה,εντελλω
יצומו,ενηστευσαν
יצוע,στρωμνη
יצחק,ισαακ
יצטבע,εβαφη
יציב,αληθεια
יציבא,ακριβεια
יציל,εξαιρεω
יציל,εξελει
יציל,ερυω
יציל,υμα
יציצ,εξανθησει
יציק,θλιψισ
יצל,αφαιρεω
יצל,εξαιρεω
יצמח,ανατει
יצמית,αφανιει
יצעק,βοαω
יצעקו,ανεβοησαν
יצעקו,εκεκραξαν
יצפ,κατεχρυσωσεν
יצפ,περιεχω
יצק,επιχεω
יצק,εχωνευσεν
יצק,χεω
יצר,κεραμευσ
יצר,μορφη
יצר,πλασσω
יצר,πολιορκεω
יצר,σχημα
יצרת,επλασασ
יקב,ληνοσ
יקבצ,συναγω
יקבצ,συνηθροισεν
יקבצו,συναγω
יקבצו,συναθροιζονται
יקבר,θαπτω
יקברו,θαπτω
יקד,εκυψεν
יקד,κυπτω
יקדש,αγιαζω
יקדש,αγιασθησεται
יקדת,καιομενην
יקדת,καιω
יקדת,καυ
יקהל,εξεκκλησιασεν
יקהל,συνηθροισεν
יקו,εμεινα
יקוו,συναγω
יקום,ουσια
יקומ,ανιστημι
יקומ,μενω
יקומ,στησεται
יקומו,αναστητωσαν
יקומו,ανιστημι
יקומונ,ανιστημι
יקח,αναλαμβανω
יקח,δεχομαι
יקח,λαμβανω
יקח,παραλαμβανω
יקחו,λαβετωσαν
יקחו,λαμβανω
יקטיר,θυμιασει
יקטנ,ιεκταν
יקימ,ανιστημι
יקימ,ιακιμ
יקימ,ιστημι
יקיר,τιμιος
יקירה,βαρυσ
יקלל,καταρα
יקמ,ανιστημι
יקמ,εγειρω
יקמ,εκδικεω
יקמ,εξανιστημι
יקמ,ιστημι
יקמו,ανιστανται
יקמו,ανιστημι
יקמו,εξανιστημι
יקנ,κταομαι
יקנא,ζηλοω
יקנאו,ζηλοω
יקננ,εθρηνησεν
יקץ,εγειρω
יקר,ολιγακις
יקר,σπανιος
יקר,τιμη
יקר,τιμιοσ
יקרא,αναβοαω
יקרא,βοαω
יקרא,επεκαλεσεν
יקרא,επικαλεσεται
יקרא,επικαλεω
יקרא,επονομαζω
יקרא,καλεω
יקרא,προσκαλεω
יקראו,επεκαλου
יקראו,επονομαζουσιν
יקראו,επονομαζω
יקראו,καλεω
יקראו,καλοσ
יקרב,εγγιζω
יקרב,προσαγω
יקרבו,εγγιζω
יקרה,συνοδος
יקרה,τιμιοσ
יקרע,δια(ρ)ρηγνυμι
יקרת,εντιμοσ
יקשה,σκληροσ
יקשנ,ιεξαν
ירא,δεικνυμι
ירא,ειδον
ירא,οραω
ירא,φοβεω
ירא,φοβοσ
ירא,φοβουμενουσ
יראה,ειδον
יראה,οραω
יראה,φοβεω
יראה,φοβοσ
יראו,οραω
יראו,οφθηση
יראו,φοβεω
יראו,φοβηθησονται
יראון,σιδηρεος
יראון,σιδηρος
יראי,φοβεω
יראי,φοβουμενουσ
יראת,ευσεβεια
יראת,φοβεω
יראת,φοβοσ
יראתי,φοβεω
ירב,πληθυνω
ירבה,γιγνομαι
ירבה,πληθυνθη
ירבה,πληθυνω
ירבו,πληθυνω
ירבעמ,ιεροβοαμ
ירבצו,αναπαυω
ירגז,μεριμναω
ירגזו,ταρασσω
ירד,ιαρεδ
ירד,καταβαι
ירד,καταβαινω
ירדה,καταβαινω
ירדו,καταβαινουσιν
ירדו,καταβαινω
ירדו,καταβησονται
ירדימ,καταβαινω
ירדנ,ιορδανησ
ירדנו,καταβαινω
ירדפ,διωκω
ירדפ,διωξεται
ירדפ,καταδιωκω
ירדפו,καταδιωκω
ירדת,λαμβανω
ירדת,τρομοσ
ירה,βαλλω
ירה,εκβαλλω
ירה,ριπτω
ירומ,υψοω
ירוממ,υψοω
ירושלמ,ιεροσολυμα
ירות,κατατοξευ
ירח,μεισ
ירח,οσφραινομαι
ירח,σεληνη
ירחו,ιεριχω
ירחיב,εμπλατυνη
ירחמ,ελεησει
ירחמ,ιρααμ
ירחמאל,ιερεμεηλ
ירחע,ιωχηλ
ירחצו,νιψονται
ירט,βαλλω
ירט,εμβαλλω
ירט,ριπτω
יריב,αντιδικος
יריב,κρινω
ירימות,ιεριμωθ
יריעה,αυλαια
יריעה,αυλαιασ
יריעה,δερρεωσ
יריעה,δερριν
יריעת,αυλαι
יריעת,αυλαιασ
יריעת,δερρεισ
יריעת,δερρεων
ירכ,καυλοσ
ירכ,κλιτοσ
ירכ,μηροσ
ירכב,αναβιβαζω
ירכב,επιβαινω
ירכבו,επεκαθισαν
ירכת,μηροσ
ירמ,υψοω
ירמות,ιαριμωθ
ירמות,ιεριμωθ
ירמיה,ιερεμιασ
ירמיה,ιερμια
ירנו,ευφρανθησονται
ירננו,αγαλλιασονται
ירע,πονηροσ
ירע,σκληροσ
ירע,φαινω
ירע,φαρετρα
ירעו,βοσκηθησονται
ירעמ,εβροντησεν
ירעמ,σαλευθητω
ירפ,ανιημι
ירפא,ιαομαι
ירצ,προστρεχω
ירצ,τρεχω
ירצו,τρεχω
ירק,λαχανον
ירקעמ,ιερκααν
ירש,κληρονομεω
ירשה,κληροσ
ירשו,κληρονομεω
ירשת,κατακληρονομησησ
ירשת,κληρονομησησ
ירשת,κληρονομια
ירשתמ,κληρονομεω
ירשתמ,κληρονομησετε
יש,εχω
יש,ουσια
ישא,αναβλεπω
ישא,ανελαβεν
ישא,απαταω
ישא,εποσ
ישא,λαμβανω
ישא,μιμνησκω
ישאבו,υδρευσαντο
ישאו,αιρουσιν
ישאו,αναβλεψαντεσ
ישאו,αναλαμβανω
ישאו,εποσ
ישאו,λαμβανω
ישאו,φερω
ישאל,αιτεω
ישאל,επερωταω
ישאל,ερωταω
ישאלו,επερωταω
ישב,ανατρεπω
ישב,αποδιδωμι
ישב,αποστραφητω
ישב,αποστρεφω
ישב,ενοικου
ישב,επιστρεφω
ישב,ημαι
ישב,ιζω
ישב,καθημαι
ישב,καθησεται
ישב,καθιεται
ישב,καθιζω
ישב,καθισατω
ישב,κατοικεω
ישב,κατοικησις
ישב,κατοικου
ישב,κατοικω
ישב,οικεω
ישב,οικοσ
ישב,παλιν
ישב,συγκαθιζω
ישבו,αιχμαλωτευω
ישבו,αναστρεφω
ישבו,επιστρεφω
ישבו,καθιζω
ישבו,κατοικεω
ישבו,κατοικησουσιν
ישבו,κατοικου
ישבו,κατωκισθησαν
ישבו,οικεω
ישבי,ενοικου
ישבי,καθημαι
ישבי,κατοικεω
ישבי,κατοικου
ישבימ,εκαθηντο
ישבימ,καθημαι
ישבימ,κατοικου
ישבית,αειρω
ישבע,εμπιπλημι
ישבע,ομνυμι
ישבע,ορκιζω
ישבעו,χορταζω
ישבעמ,ιεσβοαμ
ישבקשה,ιεσβακασα
ישבר,συνετριψεν
ישבר,συντριβω
ישבת,κατοικεω
ישבת,κατοικησησ
ישבתו,καταπαυω
ישבתמ,κατοικησετε
ישגא,πληθυνω
ישוב,αποστραφη
ישוב,αποστρεφω
ישוב,επιστρεφω
ישוב,ιασουβ
ישובו,αποστρεφω
ישובו,επιστρεψουσιν
ישובונ,αποστρεφω
ישובונ,επιστρεψουσιν
ישועה,σωτηρια
ישועה,σωτηριον
ישועה,σωτηριοσ
ישועות,σωτηρια
ישועת,σωτηρ
ישועת,σωτηρια
ישועת,σωτηριον
ישועת,σωτηριω
ישחט,εσφαξεν
ישחטו,εσφαξεν
ישחית,διαφθειρω
ישחק,εκγελασεται
ישט,εχω
ישט,ηγεομαι
ישט,κατεχω
ישט,νομιζω
ישטנו,ενδιεβαλλον
ישי,ιεσσαι
ישיב,ανταποδωσει
ישיב,αποστρεφω
ישיב,επιστρεφω
ישיה,ισια
ישיזבנ,εξελει
ישיזבנ,υμα
ישימ,τιθημι
ישימו,επιθετωσαν
ישימו,επιτιθημι
ישימו,θησουσιν
ישימו,παρατιθημι
ישימו,τιθημι
ישימון,ερημια
ישימון,ερημος
ישימונ,ανυδροσ
ישימונ,ιεσσαιμουν
ישימנ,ιεσσαιμουν
ישיש,ευφρανθησεται
ישית,επιβαλλω
ישיתו,τιθημι
ישכב,κοιμα
ישכב,κοιμαομαι
ישכבו,κοιμαομαι
ישכחו,επιλαθωνται
ישכחו,επιλανθανομαι
ישכמ,ανιστημι
ישכמ,ορθριζω
ישכמ,ορθρισασ
ישכמו,ωρθρισαν
ישכנ,κατασκηνοω
ישכנ,κατοικησις
ישכנו,κατασκηνωσουσιν
ישכרו,μισθοω
ישלח,αποστελλω
ישלח,εκτεινω
ישלח,εξαποστειλαι
ישלח,εξαποστειλη
ישלח,εξαποστελει
ישלח,εξαποστελλω
ישלחו,αποστελλω
ישלחו,εξαποστελλουσιν
ישליכ,ριπτω
ישליכו,ριπτω
ישלכ,ριπτω
ישלמ,αποτεισει
ישמ,διδωμι
ישמ,επαγω
ישמ,επιτιθημι
ישמ,ιστημι
ישמ,καθιστημι
ישמ,παρατιθημι
ישמ,τασσω
ישמ,τιθημι
ישמו,τιθημι
ישמח,ευφρανθησεται
ישמח,ευφρανθητω
ישמח,χαιρω
ישמחו,επιχαρειησαν
ישמחו,ευφρανθειησαν
ישמחו,ευφρανθησαν
ישמחו,ευφρανθησονται
ישמחו,ευφρανθητωσαν
ישמיד,απολλυμι
ישמיד,εξολεθρευσει
ישמע,ακουω
ישמע,εισακουσεται
ישמע,εισακουω
ישמע,επακουω
ישמע,παραγγελλω
ישמע,υπακουω
ישמעאל,ισμαηλ
ישמעאלימ,ισμαηλι
ישמעאלימ,ισμαηλιταισ
ישמעו,ακουω
ישמעו,εισακουσωσιν
ישמעו,εισακουω
ישמעונ,ακουω
ישמר,αφανιση
ישמר,φυλασσω
ישמרו,φυλαξωνται
ישמרו,φυλαξωσιν
ישמרו,φυλασσω
ישנ,υπνοσ
ישנא,μισεω
ישנה,αρχαιοσ
ישני,καθευδοντων
ישע,ημα
ישע,σωζω
ישע,σωτη
ישע,σωτηρ
ישע,σωτηρια
ישע,σωτηριον
ישע,σωτηριοσ
ישעה,πειθω
ישעו,μεριμνατωσαν
ישעי,ισει
ישעי,ισεμιηλ
ישעיהו,ησαιασ
ישפה,ονυχιον
ישפט,δικασαι
ישפט,εδικαζεν
ישפט,κρινω
ישפטו,κρινω
ישפכ,εκχεω
ישפכו,εκχεω
ישק,καταφιλεω
ישק,ποτιει
ישק,ποτιζω
ישק,φιλεω
ישקו,ποτιζω
ישקפ,επιβλεπω
ישר,αρεστοσ
ישר,δει
ישר,δεξιος
ישר,δικαιος
ישר,ευ
ישר,ευθει
ישר,ευθεσ
ישר,ευθησ
ישר,ευθυτητα
ישר,ευθυτητι
ישר,καλος
ישר,ορθος
ישר,χρη
ישראל,θεοσ
ישראל,ιακωβ
ישראל,ισραηλ
ישראל,λαοσ
ישראלי,ισραηλιτη
ישרה,ευθει
ישרי,ευθει
ישרי,ευθεσι
ישרימ,ευθει
ישרימ,ευθειων
ישרימ,ευθεσι
ישרפ,ενεπυρισεν
ישרפו,κατακαιουσιν
ישרת,ελειτουργει
יששכר,ισσαχαρ
ישת,πινω
ישת,τιθημι
ישתה,πινω
ישתו,πινω
ישתו,πιονται
ישתחו,προσκυνεω
ישתחוה,προσκυνεω
ישתחוו,προσκυνεω
ישתחוו,προσκυνου
ית,ετυμπανιζεν
יתאבל,πενθεω
יתאו,επιθυμεω
יתב,ημαι
יתב,ιζω
יתב,καθημαι
יתב,καθιζω
יתגאל,αλισγηθη
יתגדל,μεγαλυνω
יתגדל,υψοω
יתד,πασσαλος
יתדת,πασσαλοι
יתדת,πασσαλουσ
יתהלכ,ευαρεστεω
יתהלכו,διαπορευονται
יתהלכו,πορευομαι
יתוב,επεστραφησαν
יתום,ορφανος
יתומ,ορφανοσ
יתומ,ορφανου
יתומ,ορφανω
יתומימ,ορφανοσ
יתחפש,συνεκαλυψατο
יתיצב,αντιστησεται
יתיצב,καθιστημι
יתיצב,παριστημι
יתיצבו,ιστημι
יתיצבו,παριστημι
יתיר,αγη
יתיר,λιαν
יתיר,υπερφερησ
יתירה,περισσοσ
יתנ,αφιημι
יתנ,γιγνομαι
יתנ,διδωμι
יתנ,εμβαλλω
יתנ,επιτιθημι
יתנ,παραδιδωμι
יתנ,τιθημι
יתנבא,προφητευω
יתנבאו,προφητευω
יתנגח,συγκερατισθησεται
יתנו,διδωμι
יתנו,δοτωσαν
יתנו,επιτιθημι
יתנחמ,παρακληθησεται
יתננ,διδωμι
יתעבר,υπερει
יתפאר,δοξασθησεται
יתפלל,προσευχομαι
יתקבצו,συναθροιζονται
יתקע,σαλπιζω
יתר,ιεθερ
יתר,ιοθορ
יתר,καταλοιπον
יתר,λειπω
יתר,λοιπος
יתר,λοιποσ
יתר,μενω
יתר,περισσω
יתר,σκληροσ
יתרה,λοιπος
יתרו,ιοθορ
יתרון,κερδαινω
יתרון,κερδος
יתרון,ονινημι
יתרון,ωφελεω
יתרי,ιεθηρι
יתרי,ιεθιραι
יתרמא,εμβληθησεται
יתרמא,ριφησεται
יתרנ,ιεθραν
יתרת,λοβον
כאה,αθυμεω
כבד,βαρυς
כבד,βαρυσ
כבד,δοξα
כבד,δοξαζω
כבד,ενισχυω
כבד,ηπατοσ
כבד,ισχυροσ
כבד,μεγασ
כבד,πολυσ
כבד,τιμαω
כבה,εξειμι
כבה,εξερχομαι
כבוד,βαρος
כבוד,δοξα
כבוד,ενδοξοσ
כבוד,σταθμος
כבוד,τιμη
כבל,πεδη
כבס,λουω
כבס,νιζω
כברה,τεινω
כברת,ιπποδρομος
כברת,χαβραθα
כבש,αμνον
כבש,δαμαζω
כבש,κατακυριευω
כבש,καταστρεφω
כבש,χειροω
כבשנ,καμιναιασ
כבשנ,καμινοσ
כבשת,αμναδασ
כד,εχω
כד,προχοος
כד,υδρια
כדבה,κειμαι
כדבה,ψευδης
כדבה,ψευδος
כדבה,ψευδω
כדרלעמר,χοδολλογομορ
כה,ελθει
כה,εωσ
כה,ομοιοσ
כה,ουτω(σ)
כה,ουτως
כה,πατασσω
כה,ταυ
כה,ωδε
כהל,δυναμαι
כהלינ,δυναμαι
כהן,αρχιερευς
כהן,ιερευς
כהנ,ιερατεια
כהנ,ιερατευσει
כהנ,ιερατευω
כהנ,ιερευσ
כהנ,ιερεωσ
כהנה,αρχιερωσυνη
כהני,ιερευσ
כהנימ,ιερευ
כהנימ,ιερευσ
כוב,λιβυη
כובס,κναφευσ
כובע,κρανος
כובע,κυνεα
כובע,περικεφαλαια
כוכב,αστηρ
כוכב,αστρον
כוכבי,αστηρ
כוכבי,αστρον
כוכבי,ωσει
כוכבימ,αστηρ
כוכבימ,αστρον
כומז,θωραξ
כונ,ειρηνη
כונ,εξελει
כונ,εχω
כונ,θεοσ
כונ,λατρευετε
כונ,υμα
כונ,υμι
כוננו,ετοιμαζω
כוס,κονδυ
כוס,ποτηριον
כור,καμινοσ
כורש,κυρος
כורש,κυροσ
כוש,αιθιοπιασ
כוש,αιθιοψ
כוש,αιθιοψιν
כוש,χουσ
כושי,χουσι
כושרה,ευδαιμονια
כושרה,ευτυχια
כושרה,ολβος
כזב,κειμαι
כזב,ψευ
כזב,ψευδης
כזב,ψευδησ
כזב,ψευδος
כזב,ψευδοσ
כזב,ψευδω
כח,δυναμισ
כח,ισχυσ
כח,ισχυω
כידון,βελος
כידונ,ασπισ
כיור,λουτη
כיס,θυλακος
כיר,εστια
כיר,εσχαρα
כיר,εφεστιος
כיר,λουτη
כירות,λουτη
ככה,ουτω(σ)
ככה,ουτως
ככה,ωδε
ככר,περιοικος
ככר,περιχωροσ
ככר,ταλαντον
ככרימ,ταλαντον
כל,απας
כל,ολος
כל,πας
כל,συμπας
כלא,επεχω
כלא,κατεχω
כלא,κωλυω
כלא,συντελεσθη
כלא,φυλακη
כלב,κυων
כלב,χαλεβ
כלבימ,κυων
כלה,εκλειψις
כלה,νυμφη
כלה,πασ
כלה,παυω
כלה,συντελεια
כלה,συντελεσθη
כלה,συντελεω
כלו,εκλειπω
כלו,συντελεω
כלוא,δεσμωτηριον
כלוא,φυλακη
כלוב,κανεον
כלות,συντελεω
כלח,χαλαχ
כלי,αγγοσ
כלי,μικροσ
כלי,οργαινω
כלי,οργανοισ
כלי,οργανος
כלי,πασ
כלי,σκευ
כלי,σκευοσ
כלי,σκευω
כליונ,χελαιων
כליות,νεφροι
כליות,νεφροσ
כליל,ολος
כליל,ολοσ
כליל,πανταπασι
כליל,παντελης
כליל,πασ
כלימ,σκευοσ
כלינו,εξελιπομεν
כלית,νεφροσ
כלכל,διατρεφειν
כלל,τελειος
כלמה,εντροπη
כלמה,υβριζω
כלמה,υβρις
כלמות,υβριζω
כלמות,υβρις
כלמת,εντροπη
כלת,εξαναλω
כלת,ηνικα
כלת,νυμφη
כלת,συντελεω
כלתה,εκλειπει
כלתה,εκλειπω
כלתה,συντετελεσται
כמ,αδελφοσ
כמ,αμαρτια
כמ,αποσκευη
כמ,βασιλευσ
כמ,βοω
כמ,βρω
כמ,διαβαινω
כמ,δοξα
כמ,εαυτοι
כמ,εκπορευομαι
כמ,ενεκα
כמ,εντελλω
כמ,ερχομαι
כמ,εσθιω
כמ,εστρατοπεδευσατε
כמ,ημι
כמ,θεοσ
כמ,καρδια
כמ,κληρονομια
כמ,κλοιος
כמ,κυριοσ
כמ,μεσοσ
כמ,μητηρ
כמ,μονοσ
כמ,οδοσ
כמ,ονομα
כמ,οταν
כמ,παιδιον
כמ,παισ
כמ,πασ
כמ,πατηρ
כמ,προβατον
כמ,πωγωνασ
כמ,σημερον
כמ,σπερμα
כמ,τοιουτοσ
כמ,υμα
כמ,υμει
כמ,υμι
כמ,φοβοσ
כמ,φωνη
כמ,χει
כמ,χειρ
כמ,χειρω
כמ,ψυχη
כמהמ,χαμααμ
כמו,ομοιοσ
כמו,ωσπερ
כמוש,χαμωσ
כמנ,κυμινον
כמריר,ζοφος
כן,ουτως
כן,ωδε
כנ,βασισ
כנ,εκει
כנ,ενεκα
כנ,ετοιμασιαν
כנ,οταν
כנ,ουτω(σ)
כנ,πατηρ
כנ,σκνι
כנ,ταυ
כנ,τοποσ
כנ,ωσαυτωσ
כנה,τιμαω
כנה,τιμη
כנה,τιω
כנור,κιθαρα
כנור,κινυρα
כנור,ψαλτηριον
כנור,ψαλτηριω
כנימ,ειρηνικος
כנימ,σκνι
כנל,ουτω(σ)
כנמא,ουτως
כנמא,ωδε
כנניהו,χωνενια
כננתי,ανορθοω
כנענ,χανααν
כנענ,χαναναιος
כנענה,χανανα
כנעני,χανααν
כנעני,χαναναι
כנעני,χαναναιος
כנעני,χαναναιουσ
כנעני,χανανιτην
כנף,κερας
כנף,πτερον
כנף,πτερυξ
כנפ,ιερον
כנפ,πτερυγιον
כנפ,πτερυγιου
כנפ,πτερυξ
כנפ,πτερυξιν
כנפ,πτερωτα
כנפ,συγκαλυμμα
כנפי,πτερυξ
כנפימ,πτερυξ
כנפימ,πτερυξιν
כנרות,κινυραισ
כנש,αθροιζω
כנש,συλλεγω
כנש,συνερχομαι
כנת,εταιρος
כסא,διφροσ
כסא,εδρα
כסא,θακος
כסא,θρονος
כסא,θρονοσ
כסא,καθημαι
כסא,καθιζω
כסאות,θρονοσ
כסה,θρονοσ
כסה,καλυπτω
כסוי,σκεπασμα
כסות,καλυπτω
כסות,περιβολαιον
כסות,σκεπασμα
כסח,αποκοπτω
כסח,αποτεμνω
כסילות,υβριζω
כסילות,υβρις
כסל,οσφυς
כסלה,θαρσεω
כסלה,πιστευω
כסלה,πιστις
כסף,αργυρεος
כסף,αργυριον
כסף,αργυρος
כספ,αργυραι
כספ,αργυρεοσ
כספ,αργυριον
כספ,αργυροι
כספ,αργυροσ
כספ,αργυρωνητοσ
כספ,χρυσοσ
כעס,θυμοσ
כעס,οργη
כף,φοινιξ
כפ,ιχνοσ
כפ,ιχνουσ
כפ,πλατουσ
כפ,πουσ
כפ,χει
כפ,χειρ
כפ,χειρω
כפה,τοξευω
כפול,διπλου
כפור,εκαστοσ
כפות,ιχνος
כפי,χει
כפימ,χειρω
כפיר,λεων
כפיר,σκυμνοσ
כפירימ,λεων
כפף,καμπτω
כפר,γιγνομαι
כפר,εξιλασκομαι
כפר,εξιλασμα
כפר,καλυπτω
כפר,λυτρα
כפרת,ιλαστηριοσ
כפרת,ιλαστηριου
כפרת,καλυπτω
כפש,πτησσω
כפת,θυισκασ
כפתר,σφαιρωτη
כפתר,σφαιρωτηρ
כר,κοροι
כרבימ,χερουβιμ
כרה,ορυσσω
כרוב,χερουβ
כרוב,χερουβιμ
כרובימ,χερουβιμ
כרוז,κηρυξ
כרז,αναγορευω
כרז,κηρυσσω
כרימ,αρνω
כרית,χορραθ
כריתת,αποστασιον
כרכב,αντυξ
כרכב,ιτυς
כרכב,χειλος
כרם,αμπελων
כרמ,αμπελοσ
כרמי,χαρμει
כרמימ,αμπελοσ
כרמימ,χωριον
כרמל,καρμηλιον
כרמל,καρμηλον
כרמל,καρμηλω
כרמל,οροσ
כרמל,χερμελ
כרמלי,καρμηλιου
כרנ,χαρραν
כרסא,θρονος
כרסונ,θρονοσ
כרע,πουσ
כרעים,κνημη
כרפס,λινεος
כרפס,λινον
כרר,ορχεομαι
כרר,χορευω
כרר,χορος
כרש,γαστηρ
כרש,κοιλια
כרש,νηδυς
כרת,διατιθημι
כרת,τεμνω
כרתי,διατιθημι
כרתי,χερεθθι
כשבימ,αρην
כשדאי,χαλδαι
כשדאי,χαλδαιοισ
כשדאינ,χαλδαι
כשדי,χαλδαι
כשדי,χαλδαιοισ
כשדי,χαλδαιουσ
כשדימ,χαλδαι
כשדימ,χαλδαιοσ
כשדימ,χωρα
כשי,αιθιοψ
כשיל,πελεκυς
כשימ,αιθιοψ
כשל,σκανδαλιζω
כשל,σφαλλω
כשלו,ησθενησαν
כשפ,φαρμακεια
כשר,διαδεχομαι
כשר,διαδοχος
כשר,κατορθοω
כשרון,πλεονεκτεω
כשרון,πλεως
כשרון,συμφερω
כשרון,ωφελεια
כשרון,ωφελεω
כתב,γραφη
כתב,γραφω
כתב,γραψει
כתב,επιστελλω
כתב,συγγραφω
כתבימ,γραφω
כתבת,γραψεισ
כתבת,γραψετε
כתבתי,γραφω
כתוב,γραφη
כתוב,γραφω
כתובה,γραφω
כתובימ,γραφω
כתימ,κιτιεις
כתית,καθαρος
כתל,τοιχοσ
כתם,χρυσεος
כתם,χρυσιον
כתם,χρυσος
כתנת,χιτω
כתנת,χιτων
כתף,ωμος
כתפ,νωτον
כתפ,ωμιασ
כתפ,ωμοσ
כתפת,ωμιαι
כתפת,ωμοσ
כתר,κυκλος
כתר,κυκλοω
כתרת,επιθεμα
כתרת,επιθεματι
כתרת,επιθεματοσ
כתרת,μελαθρον
לאה,λεια
לאה,λειοσ
לאם,ανθρωπος
לאם,δημος
לאם,εθνος
לאם,λαος
לאם,πληθος
לאמ,λαοσ
לאמימ,αρχων
לאמימ,εθνοσ
לאמימ,λαοσ
לאמר,λεγω
לב,διανοια
לב,εαυτου
לב,ετεροκλινω
לב,ητορ
לב,θυμος
לב,καρδια
לב,κηρ
לב,λαοσ
לב,νοοσ
לב,στηθουσ
לב,φρην
לב,ψυχη
לבא,λεων
לבאה,λεαινα
לבב,διανοια
לבב,ητορ
לבב,θυμος
לבב,καρδια
לבב,κηρ
לבב,νοοσ
לבב,φρην
לבב,ψυχη
לבבות,κολλυριδασ
לבד,μονοσ
לבד,πλην
לבד,χωρισ
לבוש,ενδυμα
לבוש,ενδυω
לבוש,ιματιον
לבות,καρδια
לבט,πατεω
לביא,λεων
לבימ,λιβυσ
לבנ,λαβαν
לבנ,λευκοσ
לבנ,πλινθειασ
לבנה,λιβανοσ
לבנה,πλινθος
לבנה,πλινθοσ
לבנון,λιβανος
לבנונ,αντιλιβανον
לבנונ,λιβανοσ
לבנונ,λιβανω
לבני,λοβενι
לבנימ,πλινθειασ
לבנימ,πλινθον
לבש,ενδυω
לבש,εσθης
לבש,ιματιον
לבשי,ενδυω
לג,ξυλον
לדה,γενεσις
לדה,γενος
לדה,τικτω
לדת,ηνικα
לדת,τεκει
לדת,τικτω
להב,φλοξ
להבה,φλοξ
להבת,φλοξ
להוא,γιγνομαι
להוא,δει
להט,φλοξ
להם,καταπινω
להם,χελιδων
להן,αρα
להן,ουν
להן,τοιγαρ
להן,τοινυν
להן,ωστε
לו,ειθε
לו,λαδαβαρ
לוא,ιδου
לוא,ουχι
לוד,λουδ
לוה,ακολουθεω
לוה,επομαι
לוז,λουζα
לוח,γραμματειον
לוח,δελτος
לוח,πιναξ
לוחת,πλακασ
לוט,κληρος
לוט,λαγχανω
לוט,λωτ
לוט,παραδοσ
לוט,ταυ
לוטנ,λωτα
לוי,λευι
לוי,λευιτη
לוי,λευιτησ
לויה,στεφανος
לוימ,λευι
לוימ,λευιταισ
לוימ,λευιτασ
לוימ,λευιτω
לויתנ,δρακων
לולא,μη
לחות,πλακασ
לחי,γενυς
לחי,γναθος
לחך,εσθιω
לחך,φαγειν
לחם,αρτος
לחם,σιτος
לחמ,αρτοσ
לחמ,βαιθλαεμ
לחמ,βαιθλεεμ
לחמ,βηθλεεμ
לחמ,δεω
לחמ,πολεμοσ
לחמ,τραπεζα
לחמ,τροφη
לחנה,αμφιπολος
לחנה,δμωη
לחנה,κορη
לחנה,παρθενος
לחנת,παρακοιτοι
לחצ,εκθλιβειν
לחצ,θλιμμον
לחצ,θλιψισ
לחת,πλακασ
לחת,πλακω
לחת,πλαξ
לט,λαθρη
לט,στακτη
לט,φαρμακειαισ
ליה,στεφανος
ליל,νυκτωρ
ליל,νυξ
ליל,πασ
לילה,ημερα
לילה,μεσονυκτιον
לילה,νυκτωρ
לילה,νυξ
לילות,νυξ
לילי,νυκτωρ
לילי,νυξ
לין,καταγω
ליץ,κομπαζω
ליץ,κομπος
לכ,απερχομαι
לכ,αποτρεχω
לכ,βαδιζε
לכ,βαδισασ
לכ,βαδισον
לכ,δευ
לכ,πορευομαι
לכד,ληψεται
לכד,συλλημψεται
לכה,δευ
לכו,απερχομαι
לכו,βαδιζετε
לכו,δευ
לכו,πορευομαι
לכי,δευ
לכי,πορευομαι
לכן,αρα
לכן,ουν
לכן,τοιγαρ
לכן,τοινυν
לכן,ωστε
לכת,απελθει
לכת,πορευομαι
ללאת,αγκυλασ
למד,διδασκω
למד,μανθανω
למד,πυνθανομαι
למדו,μανθανω
למודימ,παιδεια
למכ,λαμεχ
לע,λαιμος
לע,σφαζω
לעג,εμπαιζω
לעדנ,εδαν
לעדנ,λαδαν
לעט,καταπινω
לעט,χελιδων
לפיד,δαις
לפיד,λαμπας
לפיד,λαμπασ
לפידי,λαμπασ
לפידי,ωσει
לקח,λαμβανω
לקחה,λαμβανω
לקחו,λαμβανω
לקחנו,λαμβανω
לקחת,λαμβανω
לקחתי,λαμβανω
לקחתמ,λαμβανω
לקט,συλλεγω
לקטה,συλλεγω
לקטו,συλλεγω
לשון,γλωσσα
לשונ,γλω
לשונ,γλωσσα
לשכה,δομος
לשכה,δωμα
לשכה,μεγαρον
לשכות,παστοφοριων
לשמ,λιγυριον
לשן,διαβαλλω
לשן,διαβολη
לשנ,γλω
לשנ,γλωσσα
לשני,γλω
לשני,γλωσσα
לשנת,γλωσσα
מאד,λιαν
מאד,σφοδρα
מאדמימ,ηρυθροδανωμενα
מאה,δεκα
מאה,διακοσιοι
מאה,εικοσι
מאה,εκατον
מאה,εκατοστος
מאה,επτα
מאה,πεντηκοντα
מאה,τριακοσιοι
מאה,χιλιος
מאומה,ουδεισ
מאור,λαμπας
מאור,λυχνος
מאור,φωσ
מאור,φωστη
מאות,δεκα
מאות,εβδομηκοντα
מאות,εικοσι
מאות,εκατον
מאות,εκατονταρχοι
מאות,εκατονταρχουσ
מאות,εκατοντασ
מאות,εννακοσιοι
מאות,εξακοσια
מאות,εξακοσιασ
מאות,εξακοσιοι
מאות,εξακοσιοστος
מאות,εξηκοντα
מאות,επτα
מאות,επτακοσιοι
מאות,οκτακοσιοι
מאות,πεντακοσιοι
מאות,πεντε
מאות,πεντηκοντα
מאות,τετρακοσιοι
מאות,τριακοντα
מאות,τριακοσιοι
מאזנא,ζυγος
מאזנימ,ζυγον
מאכל,βρω
מאכל,βρωμα
מאכלת,μαχαιρα
מאן,εθελω
מאנ,βουλομαι
מאני,σκευοσ
מאס,αποδοκιμαζω
מאס,απωθεω
מאסתי,εξουδενωκα
מאפה,μαζα
מאפה,πλακους
מאר,βλαπτω
מארב,ενεδρα
מארב,λοχος
מארה,αρα
מארשה,μεμνηστευμενη
מארת,φωστη
מאת,διακοσιοι
מאת,δυο
מאת,εκατον
מאת,εξηκοντα
מאת,επτα
מאת,ογδοηκοντα
מאת,πεντε
מאת,πεντηκοντα
מאת,τριακοντα
מאתימ,διακοσιοι
מאתימ,ενενηκοντα
מאתימ,πεντηκοντα
מבוא,δυσμω
מבוא,εισοδος
מבוא,εισοδοσ
מבוא,εισπλοος
מבוכה,συγχυσις
מבוכה,ταραχη
מבול,επομβρια
מבול,κατακλυσμος
מבול,κατακλυσμοσ
מבוסה,καταπεπατημενον
מבוע,εαρ
מבוע,κρηνη
מבחור,αιρεσις
מבחור,προαιρεσις
מבחר,αιρεσις
מבחר,εκλεκτοσ
מבחר,προαιρεσις
מבט,ελπιζω
מבט,ελπις
מבט,πειθω
מבטא,επαγγελια
מבטא,επαγγελλω
מבטא,υπισχνεομαι
מבטא,υποσχεσις
מבטח,ελπισ
מבטח,πιστευω
מביא,εισαγων
מביא,επαγω
מביאימ,φερω
מבינ,διανοουμενοσ
מבינ,συνετοσ
מבינ,συνιημι
מבנה,συστασις
מבעא,ζητεω
מבצר,οχυρωματα
מבקש,ζητεω
מבקש,ζητου
מבקשי,ζητεω
מבקשי,ζητου
מבקשימ,ζητεω
מבקשימ,ζητου
מברכ,ευλογημενον
מבשר,ευαγγελιζω
מבשרת,ευαγγελιζω
מגד,ωρα
מגדו,μαγδω
מגדיאל,μεγεδιηλ
מגדיל,μεγαλυνων
מגדל,πυργος
מגדל,πυργοσ
מגוג,μαγωγ
מגור,παροικεω
מגזרה,πελεκυς
מגיד,αναγγελλω
מגיד,απαγγελλοντι
מגיד,απαγγελλω
מגל,δρεπανον
מגלה,καταλογος
מגן,απαλλασσω
מגן,αποδιδωμι
מגן,παραδιδωμι
מגנ,αντιλημπτωρ
מגנ,θυρεοσ
מגנ,οπλον
מגנ,υπερασπισμον
מגנ,υπερασπιστησ
מגנה,υβριζω
מגנה,υβρις
מגני,οπλον
מגפה,θραυ
מגפה,πληγη
מגר,ακοντιζω
מגר,ριπτω
מגרש,περισπορια
מד,ιματιον
מד,μανδυαν
מדבח,βωμος
מדבר,αυτομολεω
מדבר,ερημια
מדבר,ερημος
מדבר,ερημοσ
מדבר,λαλεω
מדבר,λαλου
מדברת,λαλεω
מדד,μετρον
מדה,μετρον
מדוה,νοσος
מדור,οικησις
מדחה,καταλυω
מדחפה,ουταζω
מדחפה,ωθεω
מדי,μαδαι
מדי,μηδοσ
מדימ,μαδιαμ
מדינ,μαδιαμ
מדינה,τοπος
מדינה,χωρα
מדינה,χωριον
מדינות,χωροσ
מדינימ,μαδιηναι
מדינת,χωρα
מדינת,χωροσ
מדנ,μαδαν
מדע,συγγενης
מדעת,συγγενης
מדקה,λεπτυ
מדר,κατοικια
מדרך,ιχνος
מדשה,πατεω
מהודא,εξομολογου
מהימנ,πιστοσ
מהיר,ταχος
מהיר,ταχυς
מהיר,ωκα
מהלך,παροδος
מהלכ,περιπατω
מהלכינ,περιπατοσ
מהלל,αινετοσ
מהלל,αινεω
מהלל,κλεος
מהלל,φημη
מהללאל,μαλελεηλ
מהללימ,αινοσ
מהפכה,καταλυω
מהפכת,καταστρεφω
מהר,επειγω
מהר,σπευδω
מהר,ταχοσ
מהר,ταχυσ
מהר,φερνη
מהרה,ταχεωσ
מהרה,ταχοσ
מהרה,ταχυσ
מהרו,εταχυναν
מהשנא,αλλοιοι
מהתלות,απατη
מהתלות,δολος
מו,αρχων
מו,εαυτοι
מו,εωσ
מו,ημα
מו,ημι
מו,θου
מו,καλυπτω
מו,ομοιοσ
מו,στομα
מו,τιθημι
מו,υμι
מו,ωσει
מו,ωσπερ
מואב,αραβωθ
מואב,μωαβ
מואב,μωαβι
מואב,μωαβιτιδοσ
מואב,μωαβιτω
מואבי,μωαβιτησ
מואביה,μωαβι
מוט,σαλον
מול,εγγυσ
מול,εναντιοσ
מול,ερχομαι
מול,περιτεμνω
מול,πλησιον
מול,προσωπον
מולדת,γενεα
מולדת,γενεσισ
מולדת,γιγνομαι
מולדת,γονος
מולדת,εκγονος
מולה,περιτομη
מוליכ,αγω
מוסד,θεμελιον
מוסד,θεμελιος
מוסדה,θεμελιος
מוסדות,θεμελιον
מוסדי,θεμελιον
מוסר,παιδεια
מוסרות,δεσμοσ
מועד,εορτη
מועד,καιροσ
מועד,μαρτυριον
מועד,μαρτυριω
מועד,ωρα
מועדימ,καιροσ
מועצה,βουλευω
מועצה,βουλη
מועצה,συμβουλευω
מופת,σημα
מופת,σημειον
מופת,τερασ
מופתימ,τερασ
מוצא,εκπορευομαι
מוצא,εξοδοσ
מוצא,μαισα
מוצא,μασα
מוצאה,γενεσις
מוציא,εκφερων
מוציא,εξαγαγοντοσ
מוציא,εξαγω
מוציא,εξαγων
מוקד,εστια
מוקד,εσχαρα
מוקד,εφεστιος
מוקש,δελεαρ
מוקש,προσκομμα
מוקש,σκανδαλον
מוקש,σκω
מור,αντιδοσις
מור,πλανω
מורא,φοβοσ
מורד,καταβασις
מורד,καταβασισ
מוריש,εξολεθρευσει
מוש,απτω
מוש,θιγγανω
מוש,ψαυω
מושב,εδρα
מושב,θακος
מושב,θρονος
מושב,καθεδρα
מושב,καθεδραν
מושב,καθημαι
מושב,καθιζω
מושב,κατοικησισ
מושב,κατοικητηριου
מושי,μουσι
מושיע,βοηθω
מושיע,σωζοντοσ
מושיע,σωζω
מושיע,σωτηρ
מושיע,σωτηρια
מושל,αρχων
מות,αποθανει
מות,αποθνησκω
מות,απολλυμι
מות,θανατοσ
מות,θνησκω
מות,τελευταω
מות,τελευτη
מותר,πλεονεκτεω
מותר,πλεως
מותר,συμφερω
מותר,ωφελεια
מותר,ωφελεω
מזבח,βωμος
מזבח,θυσιαστηριον
מזבחות,θυσιαστηριον
מזבחת,βωμοσ
מזבחת,θυσιαστηριον
מזה,μοζε
מזוזות,φλιασ
מזוזת,σταθμοσ
מזונ,τροφη
מזיח,ζωνη
מזיח,ζωστηρ
מזכיר,αναμιμνησκω
מזכיר,υπομνηματογραφοσ
מזלג,κρεαγρα
מזלגת,κρεαγρασ
מזמה,ενεκα
מזמה,προαιρεσις
מזמור,δαυιδ
מזמור,ψαλμος
מזמור,ψαλμοσ
מזמור,ψαλμου
מזמור,ωδη
מזער,μικροσ
מזקק,δοκιμοσ
מזרח,ανατολη
מזרח,ανατολην
מזרח,ανατολω
מזריע,σπει
מזרק,κρατηρ
מזרק,φιαλη
מזרקות,φιαλη
מזרקת,φιαλη
מחברת,συμβολη
מחה,εξαλειφω
מחה,εξαλειψον
מחול,χοροσ
מחזה,οψις
מחזה,χωρα
מחזיאות,μεαζωθ
מחזיק,κρατεω
מחי,πληγη
מחייאל,μαιηλ
מחיר,αλλαγματι
מחיר,τιμη
מחלונ,μααλων
מחלי,μοολι
מחלף,νοσημα
מחלף,νοσος
מחלקה,διαιρεσις
מחלקה,διαιρεω
מחלקות,διαιρεσισ
מחלקות,εφημεριω
מחלקת,διαιρεσεωσ
מחלקת,διαιρεσις
מחלקת,διαιρεω
מחלת,μαελεθ
מחלת,χοροσ
מחמצת,ζυμωτον
מחנ,παρεμβολη
מחנה,δυναμισ
מחנה,παρεμβολη
מחנה,πολεμοσ
מחנה,στρατοπεδον
מחנות,παρεμβολη
מחנימ,μαναεμ
מחנימ,μαναιμ
מחנימ,παρεμβολη
מחס,ελπισ
מחסה,καταφευγω
מחסה,καταφυγη
מחסה,σκεπη
מחצה,ημισυς
מחצית,ημισυς
מחצית,ημισυσ
מחק,ασκος
מחק,δερμα
מחקק,αρχων
מחקק,βασιλευσ
מחר,αυριον
מחר,επαυρεω
מחר,υστεραιος
מחרת,αυριον
מחרת,επαυρεω
מחרת,επαυριον
מחרת,υστεραιος
מחשבה,διανοια
מחשבה,φρονεω
מחשבות,βουλη
מחשבות,διαλογισμοσ
מחשבות,διανοια
מחשבות,λογισμοσ
מחשבת,βουλευμα
מחשבת,βουλευω
מחשבת,διαλογισμοσ
מחשכימ,σκοτεινοι
מחת,πατασσω
מחתת,πυρει
מט,κατωθεν
מט,ραβδοσ
מטה,βακτηρια
מטה,κατω
מטה,κλινη
מטה,ραβδοσ
מטה,σκηπτρον
מטה,φθανω
מטה,φυλη
מטיל,κανων
מטיל,ραβδος
מטמן,θησαυρος
מטמן,κτημα
מטע,φυτευμα
מטעמימ,εδεσμα
מטפחת,ιματιον
מטפחת,τριβων
מטפחת,φαρος
מטפחת,χλαινα
מטר,ομβρος
מטר,υετοσ
מטר,υω
מטרה,σκοπος
מטרי,ματταρι
מטת,κλινη
מטת,φθανω
מידע,γνωστουσ
מיטב,βελτιστα
מיטב,βελτιστος
מיכא,μιχα
מיכאל,μιχαηλ
מיכה,μιχα
מיכה,μιχια
מיכיהו,μιχαιαν
מיכיהו,μιχαιασ
מיכל,μελχολ
מילדת,μαι
מילדת,μαια
מילדת,μαιαισ
מים,υδωρ
מימ,υδωρ
מימי,υδωρ
מין,γενος
מין,ειδος
מין,τοιουτος
מינ,γενοσ
מינ,ομοιοσ
מינ,ομοιοτησ
מיצא,μαισα
מישאל,μισαηλ
מישור,ευθει
מישור,ευθυσ
מישור,ευθυτητι
מישכ,μισαχ
מישרימ,ευθει
מישרימ,ευθυτητασ
מישרימ,ευθυτητι
מישרימ,συνθηκη
מיתר,εντανυω
מיתר,νευρη
מיתר,τανυω
מיתר,χορδη
מכבד,δοξαζω
מכבר,παραθεμα
מכה,παταξαντι
מכה,πατασσω
מכה,πληγη
מכה,τυπτοντα
מכה,τυπτων
מכוה,ουλη
מכונ,ετοιμοσ
מכונ,τοποσ
מכונה,μεχωνωθ
מכורה,γενεσις
מכות,πληγη
מכיר,μαχιρ
מכך,δυω
מכך,καταδυω
מכלא,περιβολος
מכלאת,ποιμνιον
מכמני,τοποσ
מכמר,αρκυς
מכמר,δικτυον
מכמרת,αρκυς
מכמרת,δικτυον
מכמש,μαχεμασ
מכמש,μαχμασ
מכנה,μεχωνωθ
מכנות,μεχωνωθ
מכנסי,περισκελησ
מכס,εισφορα
מכס,φορος
מכסה,κατακαλυμμα
מכסה,σκεπασμα
מכפלה,διπλου
מכפלה,διπλους
מכר,αποδιδωμι
מכר,πιπρασκω
מכר,πωλεω
מכרו,αποδιδωμι
מכרתמ,αποδιδωμι
מכשול,σκανδαλον
מכשפימ,φαρμακουσ
מכת,πληγη
מכתב,γραμμα
מכתב,γραφη
מכתב,συγγραμμα
מכתמ,στηλογραφιαν
מלא,αξιοω
מלא,εμπιπλημι
מלא,πιμπλημι
מלא,πλη
מלא,πληρησ
מלא,πληροω
מלא,πληρωμα
מלא,τελειω
מלאה,εμπιπλημι
מלאה,πιμπλημι
מלאה,πληρησ
מלאו,εμπιπλημι
מלאו,πιμπλημι
מלאו,πληροω
מלאו,πλησθησονται
מלאימ,γλυφην
מלאימ,πληρησ
מלאימ,τελειωσεωσ
מלאך,αγγελος
מלאכ,αγγελοσ
מלאכה,εργασια
מלאכה,εργον
מלאכי,αγγελοσ
מלאכימ,αγγελοσ
מלאכת,εργασια
מלאכת,εργον
מלאכת,ολοσ
מלאכת,παρακαταθηκη
מלאת,πληρησ
מלבן,πλινθος
מלה,λογοσ
מלוא,ακρα
מלוא,πληρωμα
מלוא,χωμα
מלוכה,βασιλεια
מלוכה,βασιλευσ
מלונה,οπωροφυλακιον
מלח,αλισκομαι
מלח,αλμυρος
מלח,αλς
מלח,αλσ
מלחמה,πολεμεω
מלחמה,πολεμη
מלחמה,πολεμικοσ
מלחמה,πολεμισται
מלחמה,πολεμιστησ
מלחמה,πολεμος
מלחמה,πολεμοσ
מלחמות,πολεμοσ
מלחמת,πολεμεω
מלחמת,πολεμικα
מלחמת,πολεμος
מלחמת,πολεμοσ
מלי,λογοσ
מלינ,λογοσ
מליצה,ρημα
מלך,αναξ
מלך,βασιλευς
מלך,βασιλευω
מלכ,αρχων
מלכ,βασιλεια
מלכ,βασιλευσ
מלכ,βασιλευω
מלכ,βασιλικη
מלכ,δαυιδ
מלכ,κυριοσ
מלכ,σολομων
מלכדת,δολος
מלכה,μελχας
מלכה,μελχασ
מלכו,αρχη
מלכו,βασιλεια
מלכות,βασιλεια
מלכות,βασιλειοσ
מלכות,βασιλευσ
מלכי,βασιλευσ
מלכי,μελχισα
מלכי,μελχισεδεκ
מלכי,μελχισουε
מלכיאל,μελχιηλ
מלכיה,μελχια
מלכיות,βασιλευσ
מלכימ,βασιλευσ
מלכינ,βασιλευσ
מלכמ,βασιλευσ
מלכת,βασιλευσεισ
מלכת,βασιλισσα
מלל,περιτεμνω
מלמד,διδασκω
מלצר,αβιεσδρι
מלצר,αμελσαδ
מלצר,επιτροπος
מלצר,φυλαξ
מלקוח,σκυ
מלת,λογοσ
מלת,προσταγμα
ממזר,νοθος
ממכרת,πρασις
ממלכה,αρχη
ממלכה,βασιλεια
ממלכה,νομοσ
ממלכות,αρχη
ממלכות,βασιλεια
ממלכות,βασιλειαισ
ממלכות,βασιλευσ
ממלכת,αρχη
ממלכת,βασιλεια
ממלל,λαλου
ממעיט,ελασσων
ממרא,δρυσ
ממרא,μαμβρη
ממרימ,απειθου
ממשל,ηγεμονια
ממשל,κυριειασ
ממשלה,ηγεμονια
ממשלות,εξουσια
ממשלת,αρχη
ממשלת,εξουσια
ממשלת,ηγεμονια
מנ,αληθεια
מנ,εμπροσθεν
מנ,ετεροσ
מנ,ιστημι
מנ,μαννα
מנ,μεροσ
מנ,μεσοσ
מנ,μην
מנ,πασ
מנ,προσωπον
מנ,υιοσ
מנא,μανη
מנא,μνα
מנגח,κερατιζοντα
מנדע,φρην
מנה,αριθμεω
מנה,εκταξαντα
מנה,μερισ
מנוח,αναπαυσισ
מנוחה,αναπαυσεωσ
מנוחה,αναπαυσισ
מנוחה,καταπαυσισ
מנוחת,καταπαυσισ
מנוס,καταφευγω
מנוס,καταφυγη
מנוסה,τρεπω
מנוסה,φευγω
מנוסה,φυγη
מנור,αντιοσ
מנות,αριθμη
מנחה,δωρον
מנחה,θυσια
מנחה,ξενιοσ
מנחה,σπονδη
מנחמימ,παρακαλου
מנחת,θυσια
מנחת,μαναχαθ
מני,καθιστημι
מני,μοιρα
מני,ποτμος
מנין,αριθμος
מנין,πληθος
מנית,κατεστησασ
מנעול,βοστρυχος
מנעול,κομη
מנעול,πλοκαμος
מנעל,βοστρυχος
מנעל,κομη
מנעל,πλοκαμος
מנצח,τελοσ
מנקית,κρατηρ
מנקית,κυαθουσ
מנקית,φιαλη
מנרה,λυχνια
מנרת,λυχνια
מנשה,μανασσησ
מנשי,μανασσησ
מנת,μερισ
מנת,μερος
מנת,μοιρα
מס,προνομη
מס,φοροσ
מסבה,κυκλος
מסגרת,ερκος
מסגרת,στεφανη
מסגרת,συγκλεισματα
מסגרת,συγκλειστον
מסד,θεμελιος
מסה,πειρασμοσ
מסוה,καλυμμα
מסך,σκεπασμα
מסכ,καλυμμα
מסכ,καταπετασμα
מסכה,χωνευτον
מסכן,απορος
מסכן,πενης
מסכן,ταλας
מסכנת,απορια
מסכנת,πενης
מסכנת,πενια
מסלה,λεωφορος
מסלה,οδοσ
מסלה,τριβος
מסלול,λεωφορος
מסלות,οδοσ
מסלת,οδοσ
מסמר,ονυξ
מסס,τηκω
מספד,κοπετοσ
מספוא,χορτασμα
מספוא,χορτος
מספר,αριθμος
מספר,αριθμοσ
מספר,πληθος
מסר,αποδιδωμι
מסר,προστασσω
מסר,τασσω
מסתור,στεγη
מסתרימ,αποκρυφοισ
מסתתר,κρυπτω
מע,κοιλια
מעגל,λαμπηνη
מעד,σειω
מעה,σιτος
מעו,κοιλια
מעוז,βοηθοσ
מעוז,ισχυσ
מעוז,υπερασπιστησ
מעוז,φρουριον
מעון,οικησις
מעונ,καταφυγη
מעונ,μααν
מעונ,μαων
מעז,ισχυσ
מעז,πολυσ
מעט,βραχυσ
מעט,μικρος
מעט,μικροσ
מעט,ολιγος
מעט,ολιγοσ
מעי,κοιλια
מעיל,διπλοιδα
מעיל,διπλοιδοσ
מעיל,ιματιον
מעיל,ποδηρησ
מעיל,υποδυτην
מעיל,υποδυτου
מעיל,χιτων
מעין,ευ
מעין,καλος
מעין,τοινυν
מעינ,πηγη
מעינת,πηγη
מעכה,βαιθμαχα
מעכה,μααχα
מעכה,μοωχα
מעכה,μωχα
מעל,ακρος
מעל,αναβιβαζω
מעל,ανομιαισ
מעל,ανω
מעל,ανωθεν
מעל,επανω
מעל,επανωθεν
מעל,κορυφη
מעל,υψοσ
מעלה,αναβασις
מעלה,αναφερων
מעלה,ανω
מעלות,αναβαθμοσ
מעלות,αναβαθμω
מעלימ,αναγω
מעלל,επιτηδευμα
מעלל,επιτηδευμασιν
מעלל,εργον
מעללי,εργον
מעמד,ιστημι
מעמד,στασισ
מעמקי,βαθοσ
מענ,ενεκα
מענ,οπωσ
מעצור,εμποδιζω
מעצור,εμποδιος
מעקה,επαλξις
מערב,αναμεμειγμενον
מערב,δυσμαι
מערב,δυσμη
מערב,δυσμω
מערה,αντρον
מערה,σπεος
מערה,σπηλαιον
מערות,σπηλαιον
מערך,ταξις
מערכה,ελαυνω
מערכה,παραταξισ
מערכות,παραταξισ
מערכת,ελαυνω
מערכת,παραταξισ
מערכת,προθεσισ
מערת,σπηλαιον
מעש,εργον
מעש,ποιημα
מעש,ποιησιν
מעשה,εργον
מעשי,εργον
מעשר,δεκατος
מעשר,επιδεκατον
מפבשת,μεμφιβοσθε
מפגע,σκοπος
מפי,μεμφιβοσθε
מפיבשת,μεμφιβοσθε
מפל,εθελω
מפלגה,διαιρεσις
מפלגה,διαιρεω
מפלט,ρυστησ
מפלצת,ειδωλον
מפעלות,εργον
מפץ,ξυλον
מפץ,ροπαλον
מפקד,επισκεψεωσ
מפקד,ινα
מפקד,κελευω
מפקד,οπως
מפקד,προστασσω
מפקד,ταξις
מפרש,αποπλεω
מפרש,εκπλεω
מפרש,ιστιον
מפרש,καταπλεω
מפרש,πλεω
מפשעה,υστερος
מפת,τερασ
מפתח,κλεις
מפתימ,τερασ
מצ,χνου
מצא,ευρισκω
מצא,ευρυσ
מצאו,ευρισκω
מצאו,ευροσαν
מצאי,διεξοδοσ
מצאנו,ευρισκω
מצאת,ευρηκασ
מצאת,ευρισκω
מצאתי,ευρισκω
מצב,μεσσαβ
מצבה,στηλη
מצבת,σηκος
מצבת,στηλη
מצדות,στενοι
מצדיקי,δικαιοσ
מצדת,περιοχην
מצו,εντελλω
מצוד,αρκυς
מצוד,δικτυον
מצודה,ερυμα
מצודה,περιοχη
מצודה,τειχισμα
מצודת,καταφυγη
מצוה,εντελλω
מצוה,εντολη
מצולה,βαθος
מצולה,βυθοσ
מצוק,αναγκη
מצוק,θλιψισ
מצוקות,αναγκω
מצור,περιοχη
מצור,πολιορκεω
מצור,πολιορκια
מצור,στενοχωρια
מצורה,ερυμα
מצורה,τειχισμα
מצות,αζυμοσ
מצות,αζυμουσ
מצות,εντολη
מצות,εντολω
מצות,προσταγμα
מצח,μετωπον
מצחק,παιζω
מציל,εξαιρεω
מציל,ερυω
מציק,θλιβοντοσ
מצלה,κωδων
מצליח,ευοδοω
מצלתימ,κυμβαλοισ
מצנפת,κιδαριν
מצנפת,μιτρα
מצנפת,μιτρασ
מצער,μικρος
מצער,μικροσ
מצער,ολιγος
מצפה,μασσηφα
מצפה,μασσηφαθ
מצפה,σκοπιαν
מצפת,μασσηφαθ
מצקות,αναγκω
מצר,απορια
מצר,λυπεω
מצרי,αιγυπτιος
מצרי,αιγυπτιοσ
מצרי,αιγυπτος
מצרים,αιγυπτιος
מצרים,αιγυπτος
מצרימ,αιγυπτιοσ
מצרימ,αιγυπτοσ
מצרימ,μεσραιμ
מצרית,αιγυπτιοσ
מצת,αζυμοσ
מצת,ερις
מצת,νεικος
מקבצ,συναγω
מקבת,σφυρα
מקדש,αγιαζω
מקדש,αγιασμα
מקדש,αγιοσ
מקדש,ιερα
מקוה,εισπραξις
מקומ,τοποσ
מקומת,τοποσ
מקור,ευ
מקור,καλος
מקור,τοινυν
מקטרת,θυμιατηριον
מקל,κανων
מקל,ραβδος
מקל,ραβδοσ
מקלות,μακαλωθ
מקלות,μακελλωθ
מקלות,ραβδουσ
מקלט,καταφευγω
מקלט,φυγαδευτηριων
מקמ,τοποσ
מקמות,τοποσ
מקנ,κτηνος
מקנ,κτηνοσ
מקנ,κτηνω
מקנ,υπαρχω
מקנה,κτηνοσ
מקנה,κτηνοτροφος
מקנה,κτηνω
מקנה,υπαρχω
מקנה,ωνεομαι
מקנת,αργυρωνητοσ
מקסם,μαντικος
מקצה,ακρον
מקצת,μεροσ
מקצת,τελοσ
מקרא,αναγνω
מקרה,συμπτωμα
מקששת,συλλεγω
מר,κυριοσ
מר,πικρος
מר,πικροσ
מר,σμυρνα
מרא,ιδεα
מרא,κυριοσ
מרא,οψισ
מראה,ειδοσ
מראה,θεαμα
מראה,οπτασια
מראה,οραμα
מראה,ορασις
מראה,ορασισ
מראה,οψις
מראה,οψοσ
מראה,ωσει
מראשת,κεφαλη
מרבה,αφθονια
מרבה,αφθονος
מרבה,μεγασ
מרבה,πολυσ
מרגלימ,κατασκοποσ
מרגלת,ποδω
מרדות,αποστασις
מרדנו,απεστημεν
מרו,επικραινω
מרומ,ουρανοσ
מרומ,υψηλοι
מרומ,υψιστοσ
מרומ,υψοσ
מרזח,δειπνον
מרח,τριβω
מרחב,πλατυσμον
מרחק,διαστημα
מרחק,προσω
מרחק,προσωθεν
מרחק,σταδιος
מרי,αποστασις
מריא,αρνοσ
מריב,αντιδικον
מריב,μεριβααλ
מריבה,αντιλογια
מריבה,διαφερω
מריבה,διαφορα
מריבה,εχθρη
מריבה,νεικος
מריות,μαριηλ
מרימ,μαρια
מרירי,πικρος
מרכב,αρμα
מרכבה,αρμα
מרכבת,αρμα
מרמא,εμβαλει
מרמה,απατη
מרמה,δολιου
מרמה,δολος
מרמה,δολοσ
מרמה,ψευ
מרמס,καταπατημα
מרע,εταιρος
מרע,φιλος
מרעה,νομη
מרעימ,πονηρευομενοι
מרעימ,πονηρευομενοισ
מרעימ,πονηρευομενων
מרעימ,πονηροσ
מרעית,νομη
מרץ,βλαπτω
מרק,ευξεστος
מרק,ευξοος
מרק,ξεστος
מררי,μεραρει
מרשעת,κακια
מרשעת,πονηρια
משא,μασση
משא,οραμα
משא,ορασισ
משא,φορτιον
משא,ωδω
משאה,δανειζω
משאה,δανειον
משאה,δανεισμα
משאלה,δεω
משארת,εγκαταλειμματα
משאת,μεριδασ
משבח,αινεω
משבצת,ασπιδισκασ
משגב,αντιλημπτωρ
משגב,καταφυγη
משגה,αμαρτανω
משגה,αμαρτημα
משגה,αμαρτια
משגה,εξαμαρτανω
משה,μωση
משה,μωυσησ
משואה,ερημια
משוגה,αμαρτανω
משוגה,αμαρτημα
משוגה,αμαρτια
משוט,ερετμον
משוט,κωπη
משורה,μετρον
משוש,ευφροσυνη
משזר,κεκλωσμενησ
משח,χρι
משח,χριω
משחה,χρισεωσ
משחה,χρισματοσ
משחק,γελως
משחקימ,παιζω
משחת,αλειφω
משחת,δωροδοκια
משחת,χρι
משחת,χρισεισ
משחתי,χριω
משטמה,εχθρη
משטר,γραμμα
משטר,συγγραμμα
משיח,χρι
משיח,χριστοσ
משכ,μοσοχ
משכב,κοιτη
משכיל,συνεσισ
משכיל,συνιημι
משכילימ,συνιεντων
משכית,σχημα
משכלימ,συνιεντεσ
משכנ,καταλυμα
משכנ,σκηνη
משכנות,σκηνωματα
משכרת,μισθος
משכרת,μισθοσ
משכרת,πολεμεω
משל,αρχω
משל,αρχων
משל,δεσποζει
משל,θαυμαζω
משל,κανων
משל,κυριειαν
משל,κυριευω
משל,παραβολη
משלח,αποστελλεισ
משלח,επιβαλησ
משלימ,αρχων
משלכת,ερριμμενον
משלמ,μοσολλαμ
משלמיהו,μοσολλαμια
משלשת,τριετιζω
משלת,αρχω
משלת,καταρχω
משממ,ερημωσεων
משמע,μασμα
משמעת,υπηκους
משמעת,υποθεσις
משמר,δορυφορος
משמר,σωματοφυλαξ
משמר,φρουρεω
משמר,φυλακη
משמר,φυλαξ
משמר,φυλασσω
משמרה,ονυξ
משמרת,αποθηκη
משמרת,διατηρησιν
משמרת,φυλακη
משמרת,φυλαξ
משנ,δευτεροσ
משנא,ημα
משנא,μισου
משנה,δευτερος
משנה,δευτεροσ
משנה,επειτα
משסה,αρπαγη
משסה,αρπαζω
משסה,διαρπαζω
משען,βοηθεω
משען,τρεφω
משענ,ισχυσ
משענה,βοηθεω
משענה,τρεφω
משענת,βοηθεω
משענת,ραβδοσ
משענת,τρεφω
משפחה,πατριοσ
משפחה,φρατηρ
משפחה,φυλη
משפחות,γενεσισ
משפחות,πατρια
משפחת,γενεσισ
משפחת,πατρια
משפחת,πατριοσ
משפחת,πατριω
משפחת,συγγενεια
משפחת,φρατηρ
משפחת,φυλη
משפט,διαταξισ
משפט,δικαιος
משפט,δικαιοσυνη
משפט,δικαιωμα
משפט,δικη
משפט,κριμα
משפט,κριμασιν
משפט,κριματων
משפט,κρισισ
משפטי,κριμα
משפטימ,δικαιωμα
משפטימ,κριμα
משפטימ,κρισισ
משקדימ,εκτετυπωμενοι
משקדימ,καρυισκουσ
משקה,αρχιοινοχοοσ
משקה,οινοχοος
משקה,ποτιζω
משקול,βαρος
משקול,σταθμος
משקופ,φλια
משקימ,αρχιοινοχοος
משקימ,αρχιοινοχοοσ
משקל,βαρος
משקל,ολκη
משקל,σταθμον
משקל,σταθμος
משקל,σταθμοσ
משרה,αρχη
משרה,ηγεμονια
משרה,υγρος
משרוקי,συριγξ
משרוקית,συριγξ
משרקה,μασεκκασ
משררימ,ψαλτωδοι
משרת,λειτουργοσ
משרת,λειτουργω
משרתימ,λειτουργου
משת,πινω
משת,ποτοσ
משת,πουσ
משתא,δειπνον
משתה,δοχη
משתה,πιονται
משתה,ποτοσ
משתינ,ουρου
מת,ανηρ
מת,ανθρωπος
מת,αποθανει
מת,αποθνησκεισ
מת,αποθνησκω
מת,θανατοσ
מת,θνησκω
מת,νεκροσ
מת,τεθνηκοτεσ
מת,τεθνηκοτι
מת,τελευταω
מת,τις
מתא,ελθει
מתאבל,πενθω
מתג,χαλινος
מתה,αποθνησκω
מתה,τελευταω
מתו,αποθανου
מתו,αποθνησκω
מתו,θνησκω
מתוק,γλυκυς
מתוק,γλυκυσ
מתוק,ηδυς
מתושאל,μαθουσαλα
מתושלח,μαθουσαλα
מתי,αριθμοσ
מתי,εωσ
מתי,νεκροσ
מתי,ολιγοστοσ
מתימ,αποθνησκω
מתימ,θνησκω
מתימ,νεκροσ
מתכנשינ,συναγω
מתכנת,αναλογια
מתכנת,αναλογος
מתכנת,συνθεσισ
מתמ,εξεστι
מתמ,ιασισ
מתנ,οσφυσ
מתנבאימ,προφητευω
מתנו,αποθανουμεθα
מתני,οσφυσ
מתניהו,μανθανιασ
מתנימ,οσφυσ
מתננ,δομα
מתנת,δομα
מתעימ,πλανω
מתערבינ,συμμειγει
מתפלל,προσευχομαι
מתתיה,ματταθιασ
מתתיהו,ματταθιασ
נא,αναγνωθι
נא,εξαιρεω
נא,επειδη
נא,ημα
נא,ιδου
נא,λατρευομεν
נאד,ασκοσ
נאוה,ερατεινος
נאוה,πρεπω
נאכל,εσθιω
נאלחו,αχρειοω
נאלמתי,εκωφωθην
נאם,λογος
נאמ,λεγω
נאמ,πιστοσ
נאמ,φημι
נאמנ,πιστοσ
נאמנה,πιστοσ
נאמנו,επιστωθησαν
נאמנימ,πιστοσ
נאמר,ειπον
נאמר,ερομαι
נאספו,συναγω
נאספימ,συναγω
נאף,μοιχευω
נאפופים,μοιχεια
נאפים,μοιχεια
נאץ,καταφρονεω
נאצ,παρωξυνεν
נאק,στεναζω
נאק,στενω
נאקת,στεναγμος
נאר,απολειπω
נאר,εκλειπω
נאר,προιημι
נב,νομβα
נבאימ,προφητησ
נבאימ,προφητω
נבדאל,ναβδεηλ
נבהלו,ταρασσω
נבו,ναβαυ
נבוא,εισερχομαι
נבואה,θεσφατος
נבואה,προφητεια
נבוכדנאצר,ναβουχοδονοσορ
נבוכדנצר,βασιλευσ
נבוכדנצר,ναβουχοδονοσορ
נבונ,σοφοσ
נבות,ναβουθαι
נבט,ναβατ
נביא,μαντις
נביא,προφητης
נביא,προφητησ
נביא,προφητω
נביאה,προμαντις
נביאה,προφη
נביאה,προφητις
נביאי,προφη
נביאי,προφητησ
נביאימ,προφη
נביאימ,προφητησ
נביאימ,προφητω
נביאמ,προφητησ
נביות,ναβαιωθ
נבכדנצר,ναβουχοδονοσορ
נבל,αφρων
נבל,εκπιπτω
נבל,μωροσ
נבל,ναβαλ
נבל,νεβελ
נבל,ψαλτηριον
נבל,ψαλτηριω
נבלה,αμαθια
נבלה,αφροσυνην
נבלה,θνησιμαι
נבלימ,ναβλαισ
נבלת,θνησιμαι
נבנה,ωκοδομηθη
נבנימ,επιστημων
נבר,εκλεκτου
נבראו,γιγνομαι
נברכו,ενευλογεω
נברשה,λαμπας
נברשה,λυχνος
נגב,αιγυπτοσ
נגב,ερημοσ
נגב,λιψ
נגב,μεσημβρια
נגב,νοτιος
נגב,νοτος
נגב,νοτοσ
נגד,αντιστροφος
נגד,απαγγελλω
נגד,απεναντι
נגד,εναντιον
נגד,εναντιοσ
נגד,ενωπιον
נגד,κατεναντι
נגד,κατεναντιον
נגד,προσωπον
נגה,ναγε
נגה,φεγγουσ
נגה,φωσ
נגו,αβδεναγω
נגוא,αβδεναγω
נגח,κερατιστησ
נגיד,αρχων
נגיד,ηγεομαι
נגיד,ηγουμενω
נגיד,μαλιστα
נגינה,μουσα
נגינה,μουσικος
נגינת,υμνοσ
נגלה,αποκαλυπτω
נגע,απτω
נגע,αφιημι
נגע,θιγγανω
נגע,μαστιξ
נגע,ψαυω
נגעת,απτω
נגף,βλαπτω
נגפ,επταισεν
נגפ,πατασσω
נגפ,πληγη
נגפ,προσκομματι
נגפ,συναντησεσθε
נגר,δρομος
נגר,θεω
נגר,τρεχω
נגש,εγγιζω
נגש,ελαυνω
נגש,εξελαυνω
נגש,προσειμι
נגש,προσερχομαι
נגש,συμπεσει
נגשו,προση
נגששה,ψηλαφησουσιν
נד,ασκοσ
נד,ερκος
נד,τρεμω
נדב,ναδαβ
נדד,φευγω
נדדו,φευγω
נדח,εξωσμενον
נדח,παλλω
נדחת,πλαναω
נדיב,εκων
נדיבי,αρχων
נדיבימ,αρχων
נדמו,ανοητοσ
נדמו,ομοιοω
נדעה,γιγνωσκω
נדעה,γινωσκω
נדר,ευχη
נדר,ευχομαι
נה,αποστρεφω
נה,διδωμι
נה,εχω
נה,θυμιασει
נה,κοιλια
נה,λαμβανω
נהג,ελαυνω
נהג,εξελαυνω
נהה,εχω
נהה,ηγεομαι
נהה,κατεχω
נהה,νομιζω
נהי,γοος
נהי,θρηνος
נהי,οιμωγη
נהיה,γιγνομαι
נהירו,γρηγορησισ
נהיתה,γιγνομαι
נהל,αγω
נהל,ηγεομαι
נהם,στεναζω
נהם,στενω
נהר,ναμα
נהר,ποταμοσ
נהר,ρειθρον
נהר,ρευμα
נהר,ροη
נהר,ροος
נהרג,αποκτεινω
נהרות,ποταμοσ
נהרימ,μεσοποταμια
נהרימ,μεσοποταμιασ
נהרימ,ποταμοσ
נהרימ,συρια
נהרת,ποταμοσ
נוא,απαγορευω
נוא,απειπον
נוא,κωλυω
נוגע,απτω
נודע,γιγνομαι
נודע,γιγνωσκω
נודע,γνωστοσ
נוה,μανδρασ
נוה,πολισ
נוית,ναυαθ
נוכל,δυναμαι
נולד,γενναω
נולד,τικτω
נום,ευδω
נום,υπνον
נונ,ναυη
נוס,φευγω
נוע,φαρετρα
נועצו,βουλευω
נוץ,απαλλασσω
נוץ,απειμι
נוץ,απερχομαι
נור,πυρ
נורא,θαυμαστοσ
נורא,φοβεραν
נורא,φοβεροσ
נושעה,σωζω
נותנ,διδωμι
נותר,υπολειπω
נותר,υπολελειμμενον
נותרימ,καταλοιποισ
נזבחה,θυσωμεν
נזיד,εψεμα
נזל,ρεω
נזמ,ενωτιον
נזמי,ενωτιον
נזק,βλαπτω
נזר,αγιασμα
נח,νωε
נח,οδηγεω
נח,οδηγησον
נחבא,κρυπτω
נחה,αγω
נחה,ηγεομαι
נחור,ναχωρ
נחוש,χαλκειος
נחוש,χαλκεος
נחוש,χαλκος
נחושה,χαλκειος
נחושה,χαλκεος
נחושה,χαλκος
נחושה,χαλκοσ
נחזק,κραταιωσομεν
נחיה,εξανιστημι
נחית,ωδηγησασ
נחל,φαραγγοσ
נחל,φαραγξ
נחל,χειμαρροσ
נחל,χειμαρρους
נחל,χειμαρρουσ
נחלה,κλη
נחלה,κληρονομεω
נחלה,κληρονομια
נחלה,κληροσ
נחלי,χειμαρροι
נחלימ,φαραγξιν
נחלת,κλη
נחלת,κληρονομια
נחם,μεταμελει
נחם,μετανοεω
נחם,μετανοια
נחם,παραμυθεομαι
נחמ,παρακαλεω
נחמד,ωρα
נחמו,παρακαλεω
נחמת,παρακαλεω
נחנו,ημει
נחץ,κελευω
נחץ,παραινεω
נחץ,παρακαλεω
נחרמ,εξωλεθρευσαμεν
נחרצה,συντελεια
נחש,δρακων
נחש,ναασ
נחש,οιωνισμος
נחש,οφις
נחש,οφισ
נחש,χαλκοι
נחש,χαλκοσ
נחשבו,ελογισθησαν
נחשבנו,λογιζομαι
נחשונ,ναασσων
נחשת,χαλκαι
נחשת,χαλκειος
נחשת,χαλκεος
נחשת,χαλκεοσ
נחשת,χαλκοι
נחשת,χαλκος
נחשת,χαλκοσ
נחשתימ,πεδη
נחת,καταβαινω
נחת,ναχοθ
נטה,εκκλινω
נטה,εκτεινω
נטה,ιστημι
נטה,μεχρι
נטה,πηγνυμι
נטויה,υψηλοσ
נטויה,υψηλω
נטופתי,νετωφαθι
נטופתי,νετωφατι
נטות,εκκλι
נטיתי,εξεκλινα
נטע,φυτευω
נטע,φυτος
נטעתי,καταφυτευσω
נטפתי,νετωφαθιτησ
נטש,απολειπω
נטש,εκλειπω
נטש,προιημι
ניב,καρπος
ניות,ναυαθ
ניחוח,ευωδια
ניחוח,θυμιαμα
ניחוח,οργιζω
ניחח,ευωδια
נין,γονος
נין,εκγονος
נינ,σπερμα
נינוה,νινευη
ניר,λαμπας
ניר,λυχνος
נכ,επαταξαμεν
נכאת,θυμιαμα
נכבד,ενδοξοσ
נכבד,εντιμοσ
נכבדי,ενδοξοσ
נכה,πεπληγωσ
נכה,τυπτω
נכונ,ανωρθωμενοσ
נכונ,ετοιμοσ
נכח,απεναντι
נכח,ενωπιον
נכחד,κρυπτω
נכנימ,ετοιμοσ
נכסים,πλουτος
נכפר,εξιλασθησεται
נכר,αλλογενησ
נכר,αλλοτριος
נכר,αλλοτριοσ
נכר,αλλοφυλος
נכר,βαρβαρος
נכר,ξενος
נכרי,αλλοτριος
נכרי,αλλοτριοσ
נכרי,βαρβαρος
נכרי,ξενικος
נכרי,ξενος
נכרי,ξενοσ
נכריה,αλλοτριοσ
נכריות,αλλοτριος
נכריות,αλλοτριοσ
נכרת,εξολεθρευω
נכרתה,διατιθημι
נכרתה,εξολεθρευω
נכשלו,ασθενησουσιν
נכשלו,προσκοψουσι
נכת,θησαυρος
נכת,κτημα
נלחמ,πολεμεω
נלחמ,πολεμησει
נלחמימ,πολεμοσ
נלכ,πορευομαι
נלכ,πορευω
נלכד,κρατεω
נלכדו,αλωσονται
נלכה,πορευομαι
נלכה,πορευω
נמות,αποθνησκω
נמכרתמ,επραθητε
נמלה,μυρμηξ
נמלט,σωζομενον
נמלט,σωζω
נמצא,ευρεθεντεσ
נמצא,ευρισκω
נמצאו,ευρηνται
נמצאו,ευρισκω
נמצאימ,ευρισκω
נמר,παρδαλις
נמר,παρδαλισ
נמר,ωσει
נמרד,νεβρωδ
נמשל,παρασυνεβληθη
נמשלתי,ομοιωθησομαι
נס,καταφυγη
נס,πειρασον
נס,σημαινω
נס,σημειον
נס,συσσημον
נס,φευγω
נס,φυγη
נסגד,προσκυνου
נסה,επιχειρεω
נסה,πειραζω
נסה,πειραω
נסו,αποδιδρασκω
נסו,φευγω
נסח,δακρυον
נסיך,σπονδη
נסך,χεω
נסכ,σπονδη
נסכ,χωνευτω
נסעו,απειμι
נסת,εκπειραση
נע,στενω
נעבד,δουλευσομεν
נעבד,λατρευσωμεν
נעבדה,λατρευσωμεν
נעבר,παρηλθομεν
נעברה,διαβαινω
נעדיה,νωαδια
נעדר,λανθανω
נעור,νεοτησ
נעים,ηδυς
נעימ,τερπνοσ
נעל,πεδιλον
נעל,υποδημα
נעלה,αναβαινω
נעלה,αναβησομεθα
נעלה,αναβω
נעלימ,υποδημα
נעמי,νωεμιν
נעמנ,νοομα
נער,μειρακιον
נער,ναυσ
נער,νεανιδι
נער,νεανισκοσ
נער,νεοσ
נער,νεοτησ
נער,παιδαριοισ
נער,παιδαριον
נער,παιδαριου
נער,παιδιον
נער,παις
נער,παισ
נער,παρθενοσ
נערה,κορη
נערה,ναυσ
נערה,νεανιδι
נערה,νεανιδοσ
נערה,παισ
נערה,παρθενος
נערות,κορασια
נערות,κορασιον
נערי,παιδαριον
נעריה,νωαδια
נערימ,νεανισκοσ
נערימ,παιδαριοισ
נערימ,παιδαριον
נערת,αβρα
נעשתה,γιγνομαι
נפג,ναφαγ
נפג,ναφεκ
נפה,ζευγνυμι
נפה,ζευγος
נפה,ζυγος
נפח,πληγη
נפיש,ναφεσ
נפכ,ανθραξ
נפל,εμπιπτω
נפל,επιπιπτω
נפל,πεπτωκωσ
נפל,πεσει
נפל,πεσου
נפל,πιπτω
נפלאות,θαυμασιοισ
נפלאות,θαυμασιοσ
נפלאות,θαυμαστοσ
נפלאת,θαυμασιοσ
נפלה,επιπιπτω
נפלה,πεσει
נפלה,πιπτω
נפלו,επιπιπτω
נפלו,πεσου
נפלו,πιπτω
נפלו,προσχωρεω
נפלימ,πεπτωκοτασ
נפלינ,πιπτω
נפנ,επιστραφεντεσ
נפצו,διασπειρω
נפק,εξειμι
נפק,εξερχομαι
נפקד,ενετειλαμεθα
נפקה,εξεστι
נפקו,εξεστι
נפקינ,εξεστι
נפש,εαυτου
נפש,σεαυτου
נפש,ψυχη
נפש,ψυχω
נפשות,ψυχη
נפשי,ψυχη
נפשת,ψυχω
נפת,λοφος
נפת,ορος
נפתחו,ανοιγνυμι
נפתלי,νεφθαλι
נץ,ανθεω
נץ,ανθος
נצב,εφιστημι
נצב,ιστημι
נצב,καθεστηκωσ
נצבימ,ιστημι
נצבימ,καθεσταμενοι
נצבימ,καθεσταμενων
נצבימ,παριστημι
נצבימ,φρουρα
נצבת,ιστημι
נצדק,καθαρισθησεται
נצח,αιω
נצח,δοξα
נצח,κλεος
נצח,κυδος
נצח,τελοσ
נצח,χρονοσ
נציב,κιων
נציב,νασιβ
נציב,στηλη
נצל,απαλλασσω
נצל,αποδιδωμι
נצל,παραδιδωμι
נצן,ανθεω
נצן,ανθος
נצר,φυλακη
נצר,φυλασσω
נצרתי,εξεζητησα
נקא,καθαρος
נקא,καθαροσ
נקבה,θηλυς
נקבצו,συναγω
נקד,ραντος
נקדימ,κολλυρια
נקדימ,ποικιλοσ
נקומה,ανιστημι
נקח,λαμβανω
נקי,αθωσ
נקי,αναιτιος
נקי,αναιτιοσ
נקיונ,αθωοισ
נקם,αμυνω
נקם,τιμωρεω
נקם,τινω
נקמ,ανταποδοσεωσ
נקמ,δικη
נקמ,εκδικησισ
נקמ,κρισισ
נקמה,αμυνω
נקמה,τιμωρια
נקמה,τινω
נקמות,εκδικησεων
נקפה,καλωδιον
נקפה,καλως
נקפה,σχοινιον
נקרא,επικαλεω
נקרא,καλεω
נר,λαμπας
נר,λυχνος
נר,λυχνοσ
נר,νηρ
נראה,οραω
נרדה,καταβαινω
נרת,λυχνουσ
נש,γυναικω
נש,γυνη
נש,εαυτου
נשא,αειρω
נשא,αιροντα
נשא,αιροντεσ
נשא,αιροντι
נשא,αιρω
נשא,αναιρουμενοσ
נשא,αφιημι
נשא,θελγω
נשא,λαμβανω
נשא,φερω
נשאו,εποσ
נשאי,αιροντεσ
נשאי,φερω
נשאימ,αιροντεσ
נשאל,παρητηται
נשאר,καταλειπω
נשאר,καταλειφθησονται
נשאר,υπολειπω
נשארימ,επιλοιποι
נשארתי,κατελειφθην
נשארתמ,καταλειφθησεσθε
נשאת,αειρω
נשאת,αφιημι
נשב,πληγη
נשבע,ομνυμι
נשבע,ομνυων
נשבעו,ομνυμι
נשבעת,ωμοσασ
נשבעתי,ομνυμι
נשבר,συντριβη
נשבר,συντριβω
נשברה,συντριβω
נשברו,συντριβησονται
נשבת,ουκετι
נשג,καταλαμβανω
נשגב,υψοω
נשה,ναρκαω
נשובה,αναστρεφω
נשי,γυναικω
נשי,γυνη
נשי,οφειλω
נשי,χρεα
נשי,χρεος
נשי,χρεω
נשיא,αρχων
נשיא,μαλιστα
נשיה,ληθη
נשימ,γυναικω
נשימ,γυνη
נשיקה,κυνεω
נשיקה,φιλεω
נשיקה,φιλημα
נשך,δακνω
נשכ,τοκοσ
נשכה,δομος
נשכה,δωμα
נשכה,μεγαρον
נשלחה,αποστειλωμεν
נשמה,πνευ
נשמה,πνευμα
נשמה,πνοη
נשמחה,ευφρανθησομεθα
נשמע,ακουω
נשמת,πνοη
נשף,πληγη
נשק,καταφιλη
נשק,κυνεω
נשק,φιλεω
נשק,φιλημα
נשר,αετος
נשר,αετοσ
נשרימ,αετοσ
נשת,αυος
נשת,ξηρος
נשתה,πιομεθα
נתח,τεμνω
נתיב,κελευθος
נתיב,οδος
נתיבה,κελευθος
נתיבה,οδος
נתיבות,τριβοσ
נתך,χεω
נתכ,εσταξεν
נתנ,διδωμι
נתנ,επιτιθημι
נתנ,ναθαν
נתנ,παραδεδωκεν
נתנ,παραδιδωμι
נתנ,παραδου
נתנ,τιθημι
נתנאל,ναθαναηλ
נתנה,διδωμι
נתנו,διδωμι
נתנו,τιθημι
נתס,δακρυον
נתר,δρομος
נתר,θεω
נתר,τρεχω
נתת,διδωμι
נתת,επιτιθημι
נתת,τιθημι
נתתה,διδωμι
נתתה,επιτιθημι
נתתה,τιθημι
נתתי,διδωμι
נתתי,παραδεδωκα
נתתי,τιθημι
נתתמ,διδωμι
סבא,σαβα
סבבו,κυκλοω
סבבו,περικυκλοω
סבו,κυκλοω
סביב,κυκλοθεν
סביב,κυκλω
סביב,περικυκλω
סביבות,κυκλω
סביבות,περικυκλω
סביבת,κυκλω
סביבת,περικυκλω
סבך,θαμνος
סבך,λοχμη
סבכ,σαμβυκησ
סבכי,σοβοχαι
סבל,ανεχω
סבל,τικτω
סבל,φερω
סבלת,εργον
סבר,διανοεομαι
סבר,μελλω
סגדינ,προσκυνεω
סגור,περιφραξαι
סגלה,περιουσιοσ
סגני,στρατηγοσ
סגר,απεκλεισεν
סגר,εγγυς
סגר,συγκλειω
סדמ,σοδομα
סדר,ινα
סדר,κελευω
סדר,οπως
סדר,προστασσω
סדר,ταξις
סהר,αρχιδεσμοφυλαξ
סהר,δεσμωτηριον
סהר,οχυρωμα
סהר,φυλακη
סוד,βουλη
סוך,αλειφω
סוך,χριω
סומכ,υποστηριζει
סומפניה,συμφωνια
סוס,ιππευς
סוס,ιππος
סוס,ιπποσ
סוסה,ιππος
סוסימ,ιπποσ
סוף,ορμαω
סופ,ερυθροσ
סופ,εωσ
סופ,θαλασσα
סופ,περασ
סופ,τελοσ
סופה,καταιγισ
סופר,γραμματευσ
סור,αφιστημι
סור,εκκλινον
סורו,αφιστημι
סורו,εκκλινω
סוררימ,απειθου
סות,περιβολη
סחב,ελκω
סחי,εθελω
סחיש,τοξευω
סחר,εμπορια
סחר,μεταβολοι
סחר,περιερχομαι
סיחונ,σηων
סיחנ,σηων
סינ,σιν
סיני,σινα
סיסרא,σισαρα
סיר,λεβησ
סיר,χυτρα
סירה,αγκιστρον
סירה,δρεπανον
סירות,λεβησ
סך,καλυπτω
סכ,σκηνη
סכ,τοποσ
סכה,σκηνη
סכות,σκηνη
סכות,σκηνοπηγιασ
סכות,σκηνω
סכות,σοκχωθ
סכלות,ανοια
סכלות,αφροσυνη
סכלות,μωρια
סכן,στρατευω
סכנת,θαλπουσα
סכר,επεχω
סכר,κωλυω
סכר,παυω
סכת,σκηνη
סכתי,ηλειψαμην
סל,κανεον
סל,κανουν
סלד,σαλαδ
סלה,διαψαλμα
סלח,αφιημι
סלח,συγγιγνωσκω
סלח,συγγνωμη
סלחת,ιλαοσ
סליחה,συγγνωμη
סלכה,σελχα
סלל,κατασκευαζω
סלל,οικοδομεω
סלסלה,τοξευω
סלע,πετρα
סלע,στερεωμα
סלעימ,πετρα
סלעימ,πετροσ
סלק,αναβαινω
סלקנ,αναβαινω
סלת,σεμιδαλεωσ
סלת,σεμιδαλισ
סם,μυρον
סמימ,θυμιαμα
סמימ,συνθεσεωσ
סמך,βοηθεω
סמך,τρεφω
סמכ,επιτιθημι
סמל,αγαλμα
סמל,ειδωλον
סמל,εικων
סנה,βατοσ
סנורים,ατη
סנחריב,σενναχηριμ
סנפיר,πτερυγια
ססמי,σοσομαι
סעד,βοηθεω
סעד,τρεφω
סעה,διαβαλλω
סעו,απαρατε
סעו,εστρατοπεδευσατε
סעף,αποκοπτω
סעף,αποτεμνω
סעפה,ικετηριος
סעפה,κλαδος
סערה,καταιγιδοσ
סערה,καταιγισ
סערה,κρατος
סערה,χειμων
ספ,θυρα
ספד,γοος
ספיח,αυξανω
ספינה,ναυς
ספינה,πλοιον
ספינה,σκευος
ספיר,σαπφιροσ
ספל,κρατηρ
ספל,φιαλη
ספן,καλυπτω
ספר,αριθμη
ספר,αριθμοσ
ספר,βιβλιον
ספר,βιβλοσ
ספר,γραμμα
ספר,γραμματευσ
ספר,γραμματικη
ספר,εξαριθμη
ספרו,διηγεομαι
ספרוימ,σεπφαριμ
ספרימ,βιβλιον
ספרינ,βιβλοι
ספרתי,εξηγγειλα
סקול,λιθοσ
סר,αφαιρεω
סר,αφεστηκεν
סר,εκκλινω
סרבלי,σαραβαρα
סרה,αποστασις
סרה,αφιστημι
סרו,εξεστι
סרו,παρεβησαν
סריס,αρχιευνουχω
סריס,ευνου
סריס,ευνουχοισ
סריסימ,αρχιευνου
סריסימ,αρχιευνουχου
סרכי,τακτικοι
סרני,σατραπαι
סרני,σατραπασ
סרני,σατραπω
סרנימ,σατραπω
סרעפה,ικετηριος
סרעפה,κλαδος
סתו,χειμων
סתר,αποκρυφω
סתר,κρυβη
סתר,κρυφη
סתר,λαθρη
סתר,σκεπη
עב,νεφελη
עב,νεφος
עבד,αβδεδομ
עבד,αβδεναγω
עבד,αβεδδαρα
עבד,δαυιδ
עבד,δου
עבד,δουλεια
עבד,δουλευε
עבד,δουλευω
עבד,δουλοσ
עבד,εαυτου
עבד,εργαζομαι
עבד,θεραπουσιν
עבד,θεραπων
עבד,ιακωβ
עבד,λατρευω
עבד,οικετησ
עבד,οικετου
עבד,παισ
עבד,στρατευω
עבד,ωβηδ
עבדה,εργασια
עבדה,εργον
עבדה,λατρεια
עבדו,δουλευσατε
עבדו,δουλευω
עבדו,λατρευσατε
עבדו,παισ
עבדונ,αβαδων
עבדי,δου
עבדי,δουλοσ
עבדי,εργαζομαι
עבדי,θεραπων
עבדי,παισ
עבדיה,αβδια
עבדיהו,αβδιου
עבדימ,δου
עבדימ,δουλεια
עבדימ,δουλευω
עבדימ,δουλοσ
עבדימ,οικετησ
עבדימ,παισ
עבדת,δουλεια
עבדת,δουλευσεισ
עבדת,δουλευω
עבדת,εργαλει
עבדת,εργασια
עבדת,εργον
עבדת,κατεργα
עבדת,λατρευσησ
עבדת,λατρευω
עבדת,λειτουργει
עבדת,λειτουργια
עבדת,λειτουργιαν
עבדתי,δουλευω
עבדתמ,δουλευσατε
עבדתמ,δουλευσητε
עבודה,λειτουργια
עבודת,λειτουργια
עבוט,ενεχυρον
עבוט,πιστις
עבוט,πιστος
עבור,ενεκα
עבור,εργον
עבור,οδος
עבור,οπωσ
עבור,ουτως
עבור,πως
עבור,τροπος
עבור,ωδε
עבט,δανειζω
עבטיט,οφειλω
עבטיט,χρεα
עבטיט,χρεος
עבטיט,χρεω
עבי,νεφελη
עבי,παχος
עבי,παχοσ
עבידת,εργον
עבימ,νεφελη
עבר,διαβαινεισ
עבר,διαβαινω
עבר,διελθει
עבר,διοσ
עבר,δουλεια
עבר,εβερ
עבר,ενθεν
עבר,μερω
עבר,παραπορευομαι
עבר,παραπορευομενοσ
עבר,παρειμι
עבר,παρελθει
עבר,παρερχομαι
עבר,περαν
עבר,προπορευομενοσ
עבר,τελεω
עבר,ωβηδ
עברה,διοσ
עברה,θυμος
עברה,θυμοσ
עברה,οργη
עברה,οργιζω
עברה,χολος
עברו,διαβαινω
עברו,διοσ
עברו,παρεβησαν
עברו,προπορευομαι
עברי,εβραι
עברימ,διαβαινετε
עברימ,δου
עברימ,εβραι
עברימ,εβραιοισ
עברימ,εβραιος
עברימ,εισπορευεσθε
עברימ,παραπορευομαι
עברית,εβραιος
עברנו,παρηλθομεν
עברת,θυμοσ
עברת,οργη
עבת,καλωδιον
עבת,καλως
עבת,σχοινιον
עבתת,εμπλοκια
עגה,μαζα
עגה,πλακους
עגיל,κοσμος
עגל,βους
עגל,μοσχοσ
עגל,στρογγυλον
עגל,ταυρος
עגלה,αμαξα
עגלה,βους
עגלה,δαμαλις
עגלה,δαμαλισ
עגלות,αμαξασ
עגלת,δαμαλις
עגן,αναχωρεω
עגן,απαγω
עגן,αποχωρεω
עגת,εγκρυφιασ
עדה,αδα
עדה,αδασ
עדה,συναγωγη
עדות,μαρτυρια
עדות,μαρτυριον
עדות,υπομνημα
עדי,αιω
עדי,εωσ
עדי,κοσμος
עדי,κοσμοσ
עדי,μαρτυσ
עדיה,αδαια
עדימ,μαρτυσ
עדלמ,οδολλαμ
עדלמי,οδολλαμιτης
עדמ,εδεμ
עדנ,εδαν
עדנ,εδεμ
עדנ,καιροσ
עדנ,τρυφη
עדני,καιροσ
עדנינ,ετοσ
עדנינ,καιροσ
עדף,λειπω
עדף,λοιπος
עדף,μενω
עדפ,πλεοναζον
עדר,εδερ
עדר,μηλον
עדר,ποιμνη
עדר,ποιμνιον
עדר,προβατον
עדרימ,ποιμην
עדרימ,ποιμνιον
עדשימ,φακος
עדת,διαθηκη
עדת,μαρτυρια
עדת,μαρτυριον
עדת,μαρτυριων
עדת,συναγωγη
עובד,ωβηδ
עוגב,αυλεω
עוגב,αυλος
עוז,καταφευγω
עוזר,βοηθω
עויה,αδικημα
עויה,αδικια
עויל,μειρακιον
עויל,παις
עוינו,αδικεω
עוית,αδικια
עוית,γεθθαιμ
עול,αδικια
עול,μαιον
עול,τρεφω
עול,τροφος
עולה,αδικια
עולה,ανομια
עולה,κακια
עולה,ολοκαυτωμα
עולה,ολοκαυτωσιν
עולה,πονηρια
עולל,νηπιοσ
עולל,παιδιον
עולל,παις
עולל,τεκνον
עולם,αιων
עולמ,αεναος
עולמ,αιω
עולמ,αιωνιοι
עולמ,αιωνιοσ
עולמ,αρχη
עולמ,χρονοσ
עולמימ,αιω
עולמימ,αιωνιοσ
עולת,ανομια
עולת,ολοκαυτωμα
עומד,ιστημι
עונ,αδικια
עונ,αμαρτια
עונ,αμαρτιω
עונ,ανομια
עונ,ανομιαισ
עונת,αμαρτια
עונת,ανομια
עונת,ανομιω
עופ,ορνεον
עופ,πετεινοι
עופ,πετεινον
עופ,πετεινου
עופ,πετεινω
עור,ασκος
עור,δερμα
עור,οψισ
עור,τυφλοσ
עור,χρωματοσ
עור,ωσει
עורה,εξεγερθητι
עורון,ατη
עורי,εξεγειρου
עורימ,τυφλοσ
עורר,σπαω
עורת,ατη
עז,αιξ
עז,αναιδησ
עז,αυθαδησ
עז,βοηθοσ
עז,δοξα
עז,δυναμισ
עז,ισχυσ
עז,κρατοσ
עז,τιμη
עזא,οζα
עזב,απολειπω
עזב,αφιημι
עזב,εαω
עזב,εγκαταλειπω
עזב,καταλειπω
עזב,καταλιπει
עזב,λειπω
עזבו,εγκαταλειπω
עזבי,εγκαταλειπω
עזבת,εγκαταλειπω
עזבתי,καταλειπω
עזה,γαζα
עזה,οζα
עזובה,γαζουβα
עזוז,αρχη
עזוז,δυναμαι
עזוז,δυναμις
עזוז,εξουσια
עזי,οζι
עזיאל,οζιηλ
עזיהו,οζιασ
עזיהו,οζιου
עזימ,αιγειασ
עזימ,αιγω
עזימ,αιξ
עזימ,εριφοσ
עזימ,θριξ
עזמות,αζμωθ
עזמות,ασμωθ
עזניה,γυψ
עזק,ορυσσω
עזקת,δακτυλιω
עזר,αβενεζερ
עזר,βοηθεια
עזר,βοηθεω
עזר,βοηθη
עזר,βοηθοσ
עזר,επικουρος
עזר,ημι
עזרה,βοηθεια
עזריה,αζαρια
עזריה,αζαριαν
עזריה,αζαριασ
עזריקמ,εζρικαμ
עזרת,βοηθεια
עזרת,βοηθοσ
עזרתה,βοηθεω
עזרתי,βοηθεω
עטא,βουλη
עטה,καλυπτω
עטוף,ασθενης
עטר,κυκλος
עטר,κυκλοω
עטרה,στεφανος
עטרת,στεφανος
עטרת,στεφανοσ
עי,αγγαι
עיבל,γαιβαλ
עיבל,γαιβηλ
עידד,γαιδαδ
עיט,πετεινον
עיטמ,αιταμ
עילמ,αιλαμ
עילמ,αιλαμι
עין,βλεφαρον
עין,ομμα
עין,οσσα
עין,οφθαλμος
עינ,αενδωρ
עינ,αναβλεπω
עינ,αρεσκω
עינ,εγγαδδι
עינ,εναντιον
עינ,ενωπιον
עינ,οφθαλμοσ
עינ,οψισ
עינ,πηγη
עינ,ρωγηλ
עינ,υμι
עיני,εναντι
עיני,εναντιον
עיני,ενωπιον
עיני,οφθαλμοσ
עינימ,αιναν
עינימ,οφθαλμοσ
עינימ,προσωπον
עינינ,οφθαλμοσ
עינת,πηγη
עיפ,εκλειπω
עיפה,γαιφα
עיר,αγγελοσ
עיר,αστυ
עיר,μεργαβ
עיר,πολις
עיר,πολισ
עיר,πολισμα
עירא,ιροσ
עירד,γαιδαδ
עירם,γυμνος
עירמ,γυμνοσ
עיש,λεαινα
עכבור,αχοβωρ
עכביש,αραχνης
עכס,πεδη
על,επι
עלא,ουρανοσ
עלא,υψιστοσ
עלה,αναβαινε
עלה,αναβαινω
עלה,καρπωματων
עלה,ολοκαρπωσις
עלה,ολοκαυτωμα
עלה,ολοκαυτωσεωσ
עלה,ολοκαυτωσιν
עלה,προφασισ
עלה,φυλλον
עלו,αναβαινω
עלוה,γωλα
עלוקה,ιατηρ
עלות,αναβαινω
עלות,αναβη
עלות,ολοκαυτωμα
עלות,ολοκαυτωσεισ
עלות,ολοκαυτωσιν
עלות,πρωτοτοκουσασ
עלי,αναβαινω
עלי,ανω
עלי,ηλι
עלי,υψιστοσ
עליון,ανω
עליונ,υπερανω
עליונ,υψηλοσ
עליונ,υψιστε
עליונ,υψιστος
עליונ,υψιστοσ
עליונה,ανω
עליונינ,υψιστοσ
עליל,εισοδος
עליל,εισπλοος
עלילה,εργον
עלילות,επιτηδευμα
עליליה,εργον
עלילת,προφασιστικουσ
עלימ,αναβαινω
עלינ,εισπορευομαι
עליצת,τεκμηριον
עלית,αναβαινω
עלית,ανεβησ
עליתי,αναβαινω
עלל,νηπιοσ
עללינ,εισπορευομαι
עלמ,αιω
עלמ,αιωνιοσ
עלמה,παρθενοσ
עלמות,κρυφιοσ
עלמי,αιω
עלמי,αιων
עלמימ,αιωνιοσ
עלמינ,αιω
עלמת,γαλεμεθ
עלס,απολαυω
עלס,χαιρω
עלעינ,πλευρον
עלף,καλυπτω
עלת,αναβαινω
עלת,αναβη
עלת,ολοκαυτωμα
עלתה,αναβαινω
עמ,αμα
עמ,ανθρωποσ
עמ,ανοιγνυμι
עמ,γενοσ
עמ,δεκ
עמ,εαυτου
עמ,εθνοσ
עמ,εθνω
עמ,εναντιον
עמ,ενωπιον
עמ,ημι
עמ,ισραηλ
עמ,καθωσ
עמ,καρδια
עמ,καταβαινουσιν
עמ,κυριοσ
עמ,λαοσ
עמ,νυξ
עמ,παισ
עמ,πατηρ
עמ,προσωπον
עמ,υμα
עמ,υμι
עמד,ανιστημι
עמד,εστηκοτοσ
עמד,εστην
עמד,ιστημι
עמד,λοχος
עמד,παρεσταναι
עמד,παριστημι
עמד,στασισ
עמד,στησεται
עמד,στυ
עמד,στυλουσ
עמד,ταξις
עמד,τοποσ
עמדה,ιστημι
עמדו,ιστημι
עמדימ,ιστημι
עמדימ,παρεστηκοτεσ
עמדימ,στυλουσ
עמדימ,στυλων
עמדת,ιστημι
עמדת,μενω
עמדתי,παρεστην
עמה,πλευρα
עמוד,κιων
עמוד,στηλη
עמוד,στυ
עמוד,στυλου
עמוד,στυλουσ
עמוד,στυλω
עמודי,στυλουσ
עמודי,στυλων
עמודימ,στυ
עמודימ,στυλοισ
עמודימ,στυλουσ
עמודימ,στυλων
עמונ,αμμαν
עמונ,αμμων
עמוני,αμμανιτην
עמוני,αμμανιτησ
עמי,λαοσ
עמיאל,αμιηλ
עמימ,εθνοσ
עמימ,εθνω
עמימ,λαοσ
עמינדב,αμιναδαβ
עמיק,βαθος
עמיק,βαθυς
עמיק,ποντος
עמיקת,βαθοσ
עמיר,ποα
עמיר,χορτος
עמל,κοποσ
עמל,πονεω
עמל,πονος
עמל,πονοσ
עמלק,αμαληκ
עמלקי,αμαληκ
עמלקי,αμαληκιτου
עמם,επικουρος
עמם,συμμαχος
עממי,εθνεσι
עממי,εθνοσ
עממי,λαοσ
עמק,αυλων
עמק,κοιλαδοσ
עמק,κοιλας
עמק,πεδιον
עמק,φαραγξ
עמקימ,αυλοσ
עמר,γομορ
עמר,εριον
עמר,ωσει
עמרה,γομορρα
עמרה,γομορρασ
עמרי,αμβρι
עמרימ,δραγμα
עמרמ,αμβραμ
עמשא,αμεσσα
עמשא,αμεσσαι
עמשי,αμασαι
עמת,καθωσ
ענ,αποκρινω
ענ,εισακουσον
ענ,εισακουω
ענ,επακουσον
ענ,επακουω
ענ,ταπεινοω
ענב,βοτρυς
ענב,σταφυλη
ענבימ,σταφυλη
ענג,τρυφεροσ
ענגה,τρυφεροσ
ענה,αποκρινω
ענה,εκφωνησασ
ענה,ταπεινοω
ענו,αποκρινω
ענו,ταπεινος
ענו,ταπεινοω
ענוימ,πενητων
ענוימ,πραει
ענוימ,πτωχοσ
ענות,αποκρινω
ענות,εξαρχοντων
עני,απορια
עני,κακωσεωσ
עני,πενης
עני,πενησ
עני,πενια
עני,πτωχεια
עני,πτωχειασ
עני,πτωχοσ
עני,πτωχου
עני,ταπεινοσ
עני,ταπεινοω
עני,ταπεινωσισ
עני,ωνι
עניימ,πενητων
עניימ,πτωχοσ
ענין,εργασια
ענית,εταπεινωσασ
ענן,νεφελη
ענן,νεφος
עננ,γνοφοσ
עננ,νεφελη
ענני,νεφελω
ענפו,κλαδοσ
ענקימ,ενακιμ
ענקימ,ωσπερ
ענש,ζημια
ענש,ζημιοω
ענש,καλος
ענת,κακωση
ענתה,ανθιστημι
ענתות,αναθωθ
עפי,φυλλας
עפי,φυλλον
עפל,εδρα
עפלימ,εδρα
עפף,διπλασιος
עפף,διπλοος
עפר,αμμοσ
עפר,αφερ
עפר,κονιορτοσ
עפר,κονις
עפר,οφερ
עפר,χου
עפר,χωμα
עפר,ωσει
עפרה,γοφερα
עפרונ,εφρων
עפרנ,εφρων
עפרת,αγω
עפרת,ηγεομαι
עץ,δενδρον
עצ,δενδρον
עצ,ξυλοισ
עצ,ξυλον
עצב,ειδωλοισ
עצב,ειδωλον
עצה,βουλη
עצום,κρατερος
עצומ,ισχυροσ
עצומימ,ισχυροσ
עצות,βουλη
עצי,ξυλοισ
עצי,ξυλον
עציונ,γασιωνγαβερ
עצימ,ξυλον
עצימ,σχιδακασ
עצם,οστεον
עצמ,καιροσ
עצמ,οστεον
עצמ,οστου
עצמו,εκραταιωθησαν
עצמו,πληθυνω
עצמות,οστεον
עצמימ,ισχυροτερα
עצמת,οστεον
עצר,επεχω
עצר,κατεχω
עצר,κωλυω
עצר,συγκλειω
עצת,βουλευω
עצת,βουλη
עקב,πασ
עקב,πτερνα
עקב,πτερνη
עקדימ,διαλευκος
עקדימ,λευκοσ
עקר,φυη
עקרבימ,σκορπιοσ
עקרה,στει
עקרונ,ακκαρων
עקרונ,ασκαλω
עקש,εκκησ
עקש,στρεβλου
ער,εχθροσ
ער,πολισ
ער,σηιρ
ערב,δειλη
ערב,εσπερα
ערב,εσπερινη
ערב,κοραξ
ערב,κυνομυια
ערב,κυνομυιαν
ערב,κυνομυιησ
ערבה,αιγειρος
ערבה,αραβα
ערבה,δυσμη
ערבון,πιστις
ערבון,πιστος
ערבונ,αρραβω
ערבות,αραβωθ
ערבימ,δειλινος
ערבימ,εσπερα
ערבת,αραβωθ
ערבת,μωαβ
ערג,ποθεω
ערו,εκκενου
ערום,γυμνος
ערומ,γυμνοσ
ערוער,αροηρ
ערות,αισχυνη
ערות,ασχημοσυνη
ערות,γυμνωσις
ערות,ιχνος
ערי,πολισ
ערימ,πολισ
עריצימ,αδικεω
ערירי,απαις
ערירי,ατεκνος
ערכ,ετοιμαζω
ערכ,προθεσισ
ערל,απεριτμητοσ
ערלות,ακροβυστιαισ
ערלימ,απεριτμητοσ
ערלימ,απεριτμητων
ערלת,ακροβυστια
ערמ,γυμνοσ
ערמה,σωφροσυνος
ערמה,φρονησις
ערער,αροηρ
ערפ,σκληροτραχηλοσ
ערפ,τραχηλοσ
ערפה,ορφα
ערפל,γνοφοσ
ערפל,θυελλα
ערץ,τρεμω
ערץ,τρομος
ערצ,θραυ
ערש,κλινη
ערת,δερμα
עש,ημα
עש,ποιοσ
עשב,βοτανη
עשב,χορτοσ
עשב,ωσει
עשה,ασαηλ
עשה,ποιοσ
עשהאל,ασαηλ
עשו,ησαυ
עשוק,αδικουμενοσ
עשוקימ,αδικεω
עשור,δεκα
עשור,δεκαχορδω
עשות,εργαζομαι
עשות,ρεζω
עשות,τευχω
עשות,φυλασσω
עשות,ωστε
עשי,ποιοσ
עשיה,ασαια
עשימ,ποιοσ
עשימ,ποιουντων
עשיר,ευπορος
עשיר,πλουσιος
עשיר,πλουσιοσ
עשיר,πλουτεω
עשירי,δεκατος
עשירי,δεκατοσ
עשן,καπνος
עשנ,καπνοσ
עשנ,ωσει
עשק,αδικια
עשק,αδικου
עשר,δεκα
עשר,δεκατοσ
עשר,δυο
עשר,δωδεκα
עשר,δωδεκατοσ
עשר,εβδομοσ
עשר,εικασ
עשר,εκατον
עשר,εκκαιδεκατοσ
עשר,ενδεκα
עשר,ενδεκατος
עשר,ενδεκατοσ
עשר,εννεακαιδεκατοσ
עשר,επτακαιδεκατοσ
עשר,οκτω
עשר,οκτωκαιδεκατοσ
עשר,πεντε
עשר,πεντεκαιδεκατοσ
עשר,πλοοσ
עשר,πλουτοσ
עשר,τεσσαρεσκαιδεκατοσ
עשר,τρισκαιδεκατοσ
עשרה,δεκα
עשרה,δυο
עשרה,δωδεκα
עשרה,ενδεκα
עשרה,επτα
עשרה,πεντε
עשרה,πεντεκαιδεκα
עשרה,τεσσαρεσ
עשרה,τρεισκαιδεκα
עשרים,εικοσι
עשרימ,δευτεροσ
עשרימ,δυο
עשרימ,εικασ
עשרימ,εικοσαετου
עשרימ,εικοσι
עשרימ,εικοστοσ
עשרימ,εκατον
עשרימ,εννεα
עשרימ,επτα
עשרימ,οκτω
עשרימ,πεντε
עשרימ,τεσσαρεσ
עשרימ,τεταρτοσ
עשרימ,τριτοσ
עשרין,εικοσι
עשרינ,εικοσι
עשרינ,εκατον
עשרת,δεκα
עשרת,δεκαδαρχουσ
עששה,ταρασσω
עשתות,διανοια
עשתות,φρονεω
עשתי,ενδεκα
עשתי,ενδεκατος
עשתי,ενδεκατοσ
עשתנת,διανοια
עשתנת,φρονεω
עשתרות,ποιμνιον
עשתרת,ασταρτη
עשתרת,ασταρωθ
עשתרת,καρναιν
עשתרת,οις
עשתרת,ποιμνιον
עת,αει
עת,εσπερα
עת,ηδη
עת,ημερα
עת,ηνικα
עת,καιρος
עת,καιροσ
עת,ποτε
עת,τοτε
עת,χρονος
עת,ωρα
עתד,ετοιμος
עתד,παρασκευαζω
עתה,αρτι
עתה,ιδου
עתה,νυνι
עתוד,αρνειος
עתוד,κριος
עתודימ,τραγοσ
עתות,ευκαιριαισ
עתי,εθελω
עתי,εθθι
עתי,ετοιμος
עתי,ραδιος
עתיד,εθελω
עתיד,ετοιμος
עתיד,ραδιος
עתידינ,ετοιμοσ
עתימ,καιροσ
עתיק,αιρεσις
עתיק,παλαιοσ
עתיק,προαιρεσις
עתניאל,γοθονιηλ
עתק,αδικια
עתר,ικετευω
עתר,παρακαλεω
פאה,γωνια
פאר,δοξαζω
פארה,ικετηριος
פארה,κλαδος
פארנ,φαραν
פאת,κλιτοσ
פגע,ανελε
פגע,απανταω
פגע,εντυγχανω
פגר,νεκρος
פגר,νεκροσ
פגר,νεκυς
פגרימ,σωμα
פגש,απανταω
פגש,εντυγχανω
פד,λυτρωσαι
פדה,ελυτρωσατο
פדוים,λυτρον
פדוים,λυω
פדות,λυτρον
פדות,λυτρωσασθαι
פדות,λυτρωσισ
פדיום,λυτρον
פדיום,λυω
פדיון,λυτρον
פדיון,λυω
פדית,ελυτρωσω
פדנ,μεσοποταμια
פדנ,μεσοποταμιασ
פדנ,συρια
פה,ενταυ
פה,στομα
פוט,φουδ
פוטי,πετεφρη
פוץ,διαλυω
פורה,πυρος
פז,λιθοσ
פז,τιμιοσ
פח,παγισ
פחד,τρομον
פחד,τρομοσ
פחד,φοβοσ
פחדו,εδειλιασαν
פחה,ηγεμων
פחות,τοπαρχαι
פחות,τοπαρχασ
פחר,κεραμευς
פחת,βοθυνοσ
פטדה,τοπαζιον
פטיש,σφυρα
פטר,διανοι
פטר,πρωτοτοκοσ
פי,καθηκοντασ
פי,κυκλω
פי,λογοσ
פי,περιστομιον
פי,ρημα
פי,στομα
פי,φονοσ
פיכל,φικολ
פילגש,παλλακη
פילגשימ,παλλακω
פימה,δημος
פימה,πιων
פינחס,φινεεσ
פיננ,φινων
פך,ληκυθος
פלא,θαυμασιοσ
פלג,φαλεκ
פלגה,διαιρεσις
פלגה,διαιρεω
פלגי,διεξοδοσ
פלגש,παλλακη
פלגש,παλλακις
פלגשי,παλλακη
פלגשימ,παλλακη
פלוא,φαλλουσ
פלח,κλασμα
פלח,λατρευεισ
פלחינ,λατρευετε
פלחינ,λατρευομεν
פלחינ,λατρευω
פלחן,ευεργεσια
פלחן,χρησιμος
פליטה,σωζω
פליטה,σωτηρια
פליל,δικαζω
פליל,δικαστης
פליל,κρινω
פלילה,κρινω
פלילה,κρισις
פליליה,κρινω
פליליה,κρισις
פלל,αραομαι
פלל,ευχομαι
פלל,προσευχομαι
פלמוני,φελμουνι
פלמני,γουν
פלמני,μης
פלמני,παντως
פלמני,πανυ
פלמני,τις
פלנאסר,θαγλαθφαλνασαρ
פלני,γουν
פלני,μης
פלני,παντως
פלני,πανυ
פלני,τις
פלנסר,θαγλαθφαλνασαρ
פלץ,ριγεω
פלץ,φρισσω
פלש,καταλογος
פלשת,αλλοφυλοι
פלשתי,αλλοφυλον
פלשתי,αλλοφυλοσ
פלשתי,αλλοφυλου
פלשתימ,αλλοφυλοι
פלשתימ,αλλοφυλοισ
פלשתימ,αλλοφυλον
פלשתימ,αλλοφυλοσ
פלשתימ,φυλιστιιμ
פלתי,φελεθθι
פם,στομα
פמ,στομα
פן,μη
פנ,απαντησισ
פנ,εαυτου
פנ,εμπροσθεν
פנ,εναντιον
פנ,ενωπιον
פנ,ηγεομαι
פנ,κατεναντι
פנ,μηποτε
פנ,προπορευομαι
פנ,προσωπον
פנ,προτεροσ
פנ,υμι
פנ,χει
פנה,επιβλεψον
פנה,ομμα
פנה,προσωπον
פנו,επιστρεφω
פנואל,φανουηλ
פני,απεναντι
פני,εμπροσθεν
פני,εναντι
פני,εναντιον
פני,εναντιοσ
פני,ενωπιον
פני,επανω
פני,κατεναντι
פני,κυριοσ
פני,προσωπον
פנימ,εμπροσθεν
פנימ,επιβλεποντεσ
פנימ,προκειμαι
פנימ,προσωπον
פנימ,προτεροσ
פנימה,ενδον
פנימה,εντος
פנימי,εντος
פנימי,εσωτατου
פננה,φεννανα
פסגה,φασγα
פסח,πασχα
פסח,χωλοσ
פסחימ,χωλοσ
פסי,περασ
פסיל,γλυπτα
פסיל,ειδωλον
פסילי,γλυπτα
פסימ,ποικιλοσ
פסל,γλυπτοι
פסל,γλυπτον
פסל,γλυφοντεσ
פסל,ειδωλον
פסל,εικων
פסל,λαξευσον
פסנתרינ,ψαλτηριου
פעה,στεναζω
פעה,στενω
פעור,βεελφεγωρ
פעור,οικοσ
פעור,φογωρ
פעל,ειργασατο
פעל,εργαζομαι
פעל,εργασια
פעל,εργον
פעלי,εργαζομαι
פעלימ,εργον
פעלת,εργον
פעלת,κατεργαζομαι
פעם,πεζος
פעם,πους
פעמ,απαξ
פעמ,διαβηματα
פעמ,καιροσ
פעמ,χει
פעמון,κωδων
פעמימ,δισ
פעמימ,επτακι
פעמימ,καιροσ
פעמימ,τρει
פעמימ,τρισ
פעמימ,τρισσω
פעמני,κωδωνασ
פענח,ψονθομφανηχ
פער,ανοιγνυμι
פער,φανερος
פצה,ανοιγνυμι
פצה,φανερος
פצם,σχιζω
פצע,τραυ
פצר,ικετευω
פצר,παρακαλεω
פקד,αμαρτανω
פקד,αποδιδωμι
פקד,διαμαρτανω
פקד,δικαιωμα
פקד,εντολη
פקד,επισκεπτομαι
פקד,επισκοπη
פקדו,επισκεπτομαι
פקדון,παρακαταθηκη
פקדימ,επισκεψιν
פקדת,επεσκεψω
פקו,εξελθετε
פקוד,δικαιωματων
פקוד,εντολη
פקוד,εντολω
פקח,ανοιγνυμι
פקח,φανερος
פקחה,ανοιγνυμι
פקיד,ηγεμων
פקיד,υπηρετης
פקעימ,υποστηριγματα
פר,βου
פר,μοσχαριον
פר,μοσχοσ
פר,μοσχου
פרבר,αυλη
פרבר,διαδεχομενουσ
פרבר,δικαστηριον
פרד,διαιρεω
פרד,διανεμω
פרד,ημιονοσ
פרדות,ισχας
פרדימ,ημιονοσ
פרדס,παραδεισος
פרדת,ημιονοσ
פרו,αυξανω
פרות,βουσ
פרזה,κωμη
פרזי,φερεζαι
פרזי,φερεζαιου
פרזי,φερεζαιων
פרזל,οστρακον
פרזל,σιδηρεος
פרזל,σιδηρεοσ
פרזל,σιδηροι
פרזל,σιδηρος
פרזל,σιδηροσ
פרח,ανθοσ
פרח,εξανθησει
פרח,κρινον
פרי,γενημα
פרי,γενημασιν
פרי,εκγονοισ
פרי,εκγονοσ
פרי,εξερχομαι
פרי,καρπος
פרי,καρποσ
פרימ,μοσχουσ
פרימ,ταυροσ
פרכ,βια
פרכת,καταπετασμα
פרכת,καταπετασματι
פרס,περσησ
פרס,περσιδι
פרס,περσω
פרסה,οπλη
פרסה,οπλην
פרסי,περσης
פרע,πετεφρη
פרעה,βασιλευσ
פרעה,φαραω
פרצ,διακοπη
פרצ,διακοπην
פרצ,διεκοψεν
פרצ,φαρεσ
פרצ,φραγμοσ
פרצימ,διακοπη
פרצימ,διακοπω
פרצימ,επανω
פרצימ,φαρασιν
פרצת,καθει
פרש,ιππευς
פרש,ιππευσ
פרש,ιπποσ
פרש,ιπποτης
פרשגן,αντιγραφος
פרשגן,μιμεομαι
פרשה,λεγος
פרשימ,ιππευσ
פרשימ,ιπποσ
פרת,ευφρατης
פרת,ευφρατησ
פרת,ηυξημενοσ
פשט,εκδιδυσκειν
פשטו,επιτιθημι
פשע,αδικημα
פשע,αδικια
פשע,αμαρτια
פשע,ανομημα
פשע,ανομια
פשע,ανομιω
פשע,αποστασις
פשע,ασεβεια
פשעו,αθετεω
פשעימ,αμαρτιω
פשעימ,ανομοσ
פשק,ανοιγνυμι
פשק,φανερος
פשר,ερμηνεια
פשר,κρισισ
פשר,συγκριμα
פשר,συγκρισισ
פשת,λινον
פשתה,λινον
פשתימ,λινον
פת,αρτοσ
פת,ψωμος
פתאמ,εξαπινα
פתאמ,παραχρη
פתבג,δει
פתבג,τραπεζα
פתגם,κρινω
פתגם,κρισις
פתח,ανοιγνυμι
פתח,θυρα
פתח,πυλη
פתח,πυλοσ
פתחו,ανοιξατε
פתחי,πυλη
פתחת,διερρηξασ
פתי,μειρακιον
פתי,νεανιης
פתי,νεανισκος
פתי,νεος
פתיחה,εγχειριδιος
פתיחה,ξιφιδιον
פתיחו,ανοιγνυμι
פתנ,ασπισ
פתר,εξηγεομαι
פתר,συγκρινω
פתרון,ερμηνεια
פתרנ,συγκρισισ
פתשגן,αντιγραφος
פתשגן,μιμεομαι
צא,εξερχομαι
צאו,εξερχομαι
צאלים,λωτος
צאנ,αρνιον
צאנ,κτηνος
צאנ,κτηνοσ
צאנ,ποιμνιον
צאנ,προβατοισ
צאנ,προβατον
צאצא,εκγονοσ
צאצאים,γονος
צאצאים,εκγονος
צאת,εισπορευεσθαι
צאת,εκπορευομαι
צאת,εξελθει
צאת,εξερχομαι
צאת,εξεστι
צאת,εξοδιασ
צאת,εξοδοσ
צבא,αρχιστρατηγον
צבא,αρχιστρατηγοσ
צבא,αστηρ
צבא,αστρον
צבא,βουλομαι
צבא,δυναμισ
צבא,ευεργεσια
צבא,κοσμοσ
צבא,παραταξισ
צבא,στρατια
צבא,χρησιμος
צבאות,δυναμισ
צבאות,παντοκρατορι
צבאות,παντοκρατωρ
צבאות,σαβαωθ
צבאימ,επιστρατευω
צבאימ,οσοσ
צבאת,δυναμισ
צבו,πραγμα
צבוימ,σεβωειμ
צבט,αντεχω
צבי,δορκαδα
צבי,δορκαδων
צבי,δορκας
צבי,ελπισ
צבי,ενδοξοσ
צבי,σαβι
צביימ,σεβωειμ
צבעונ,σεβεγων
צד,κλιτουσ
צד,μεροσ
צד,πλαγιος
צד,πλευρα
צד,ωμοσ
צדה,επισιτισμοσ
צדוק,σαδωκ
צדיק,δικαιοσ
צדיק,δικαιοσυνη
צדיק,ευσεβω
צדיקימ,δικαιοσ
צדיקמ,δικαιοσ
צדנימ,σιδωνιοσ
צדק,δικαιοσ
צדק,δικαιοσυνη
צדק,μελχισεδεκ
צדקה,δικαιος
צדקה,δικαιοσυνη
צדקה,δικη
צדקה,ελεημοσυνη
צדקות,δικαιοσυνη
צדקיה,σεδεκιασ
צדקת,δικαιοσυναισ
צדקת,δικαιοσυνασ
צדקת,δικαιοσυνη
צדקת,ελεημοσυνη
צהר,οροφη
צהר,οροφος
צהר,στεγη
צהר,τεγος
צהרים,μεσημβρια
צהרימ,μεσημβρια
צהרימ,μεσημβριασ
צו,δεπι
צו,εντελλω
צו,θλι
צו,συντασσω
צואר,τραχηλος
צואר,τραχηλοσ
צובה,σουβα
צובה,σωβα
צוד,θηραω
צוד,θηρευω
צוה,αρχω
צוה,εντελλω
צוה,ηγεμονια
צוה,κελευω
צוה,προστασσω
צוה,συντασσω
צוית,ενετειλω
צוית,εντελλω
צוית,εντεταλμαι
צויתי,εντελλω
צויתי,εταξα
צולה,βαθος
צולה,βαθυς
צולה,ποντος
צום,νηστευω
צומ,νηστεια
צוער,σηγωρ
צוף,ρεω
צופח,σωφα
צוץ,ανθεω
צוץ,ανθος
צוקה,απορια
צוקה,λυπεω
צוקה,στενοχωρια
צור,βαιθσουρ
צור,βοηθεια
צור,βοηθοσ
צור,θεοσ
צור,πετρα
צור,τυροσ
צור,φυλαξ
צורה,τευχω
צורנים,ορμος
צורר,εχθρω
צורר,θλιβοντεσ
צח,δηλος
צח,σαφης
צח,φαινω
צח,φανερος
צחיח,επιφανεια
צחק,γελαω
צחק,γελως
צחק,καταγελαω
צחר,σααρ
צי,ναυς
צי,πλοιον
ציבא,σιβα
ציד,θηρα
ציד,κυνηγοσ
צידה,επισιτισμοσ
צידה,επιτηδειος
צידה,σιτος
צידון,σιδων
צידונ,σιδω
צידנ,σιδω
צידנימ,σιδωνιοσ
ציה,ανυδροσ
ציה,διψαω
ציונ,σιων
ציץ,ανθεω
ציץ,ανθος
ציצ,ανθοσ
ציצ,πεταλον
ציצה,ανθος
ציקלג,σωκλαγ
צל,σκεπη
צל,σκια
צל,ωσει
צלה,σελλα
צלי,οπτα
צלי,οπταω
צלי,οπτος
צלל,δυω
צלל,καταδυω
צלם,αγαλμα
צלם,ειδωλον
צלם,εικων
צלמ,εικων
צלמונ,σελμων
צלמות,θανατοσ
צלמות,σκια
צלע,κλιτει
צלע,κλιτοσ
צלע,μεροσ
צלע,πλευρα
צלע,πλευρον
צלעת,πλευρω
צלפחד,σαλπααδ
צלצלי,κυμβαλοισ
צמא,διψα
צמא,διψαω
צמא,διψοσ
צמאה,διψαω
צמאה,διψος
צמאה,εδιψησεν
צמאונ,διψαω
צמה,καταπετασμα
צמחות,αναφυω
צמיד,ψελιον
צמידימ,ψελιον
צמר,ερια
צמר,εριον
צנה,ασπις
צנה,δορυ
צנה,οπλω
צנה,σακος
צנוע,ταπεινος
צנוע,ταπεινοω
צנצנת,αγγειον
צעד,διαβηματα
צעד,ελαυνω
צעד,οδος
צעד,πορεια
צעד,πορευω
צעד,στρατευω
צעד,χωρεω
צעיפ,θεριστρον
צעיר,μικρος
צעיר,νεοσ
צעיר,ολιγος
צעירה,ισχυροσ
צעירה,νεοσ
צעירה,νεωτερος
צענ,τανεωσ
צעקה,βοαω
צעקה,κραυγη
צעקת,κραυγη
צער,σηγωρ
צפה,περιεχω
צפה,σκοποσ
צפו,σωφαρ
צפון,αρκτος
צפון,βορεας
צפון,βορειος
צפונ,βορρασ
צפור,οιωνος
צפור,ορνεον
צפור,ορνις
צפור,πετεινον
צפור,στρουθιον
צפחת,αμφιφορευς
צפחת,καψακησ
צפחת,κεραμιον
צפחת,φακον
צפיה,σκοπια
צפיע,κοπρος
צפיעה,φυλλον
צפיר,τραγοσ
צפית,καταχρυσωσεισ
צפנ,βεελσεπφων
צפנ,βορρασ
צפע,δρακων
צפע,οφις
צפעוני,ασπισ
צפעני,εχιδνα
צפרדע,βατραχος
צפרדעימ,βατραχοσ
צפרדעימ,βατραχουσ
צפרה,σεπφωραν
צפרי,ορνεον
צפרי,πετεινον
צפרן,ονυξ
צקלג,σεκελακ
צר,αντιδικος
צר,αντιπαλος
צר,εχθροσ
צר,εχθρω
צר,ημα
צר,θλιβομαι
צר,θλιβοντασ
צר,θλιβοντεσ
צר,θλιβοντων
צר,θλιβω
צר,θλιψισ
צר,πετρα
צר,πρεσβυσ
צר,στενα
צר,στενοσ
צר,τυροσ
צר,υπεναντιοισ
צר,υπεναντιοσ
צרבת,ουλη
צרדה,σαριρα
צרה,απορια
צרה,θλι
צרה,θλιψισ
צרה,λυπεω
צרויה,σαρουια
צרויה,σαρουιασ
צרופה,πυροω
צרור,δεσμοσ
צרור,θυλακος
צרות,θλιψισ
צרי,ρητινησ
צריה,σαρουιασ
צרימ,πετρα
צרירה,σαριρα
צרעה,σφηκιασ
צרף,τηκω
צרפת,επυρωσασ
צרפת,σαρεπτα
צררו,πολεμεω
צרת,θλι
צרת,θλιψισ
קאמי,ιστημι
קאמינ,ιστημι
קבב,αρα
קבורה,ταφος
קבל,επει
קבל,καθαπερ
קבל,καθοτι
קבל,καθωσ
קבל,κατεναντι
קבל,παραλαμβανω
קבל,τροποσ
קבע,απαταω
קבע,εξαπαταω
קבע,ψευδω
קבעת,κονδυ
קבץ,συλλεγω
קבץ,συναγω
קבצ,συναγω
קבר,θαπτω
קבר,μνημει
קבר,μνημειον
קבר,ταφοσ
קברו,θαπτω
קברימ,μνημα
קברת,θαψεισ
קברת,μνημειον
קברת,ταφοσ
קדוש,αγιος
קדוש,αγιοσ
קדוש,αγνος
קדוש,ιερος
קדוש,οσιος
קדים,ανατολη
קדים,ηως
קדימ,ανεμοφθορος
קדימ,νοτοσ
קדיש,αγγελοσ
קדיש,αγιος
קדיש,αγιοσ
קדיש,αγνος
קדיש,ιερος
קדיש,οσιος
קדישי,αγιοσ
קדישינ,αγιοσ
קדם,εμπροσθεν
קדם,μετωπον
קדם,προ
קדם,προσθεν
קדמ,ανατολη
קדמ,ανατολω
קדמ,αρχαιοσ
קדמ,αρχη
קדמ,βασιλευσ
קדמ,εναντιον
קדמ,ενωπιον
קדמ,ηλιοσ
קדמ,θεοσ
קדמ,προσωπον
קדמ,προτεροσ
קדמה,εμπροσθεν
קדמה,κεδμα
קדמה,μετωπον
קדמה,προ
קדמה,προσθεν
קדמו,ενωπιον
קדמו,προεφθασαν
קדמו,προσωπον
קדמון,εωος
קדמי,αρχη
קדמי,προτερος
קדמית,πρω
קדמת,εμπροσθεν
קדמת,κατεναντι
קדקד,κορυφη
קדר,κηδαρ
קדר,σκυθρωπαζων
קדרונ,κεδρων
קדש,αγιαζειν
קדש,αγιαζω
קדש,αγιασμα
קדש,αγιοσ
קדש,αγιωσυνη
קדש,βαρνη
קדש,καδησ
קדש,κεδεσ
קדשה,πορνη
קדשי,κιονασ
קדשימ,αγιοσ
קדשת,αγιασεισ
קהל,εκκλησια
קהל,συναγωγη
קהת,κααθ
קו,ανελπιστον
קו,γραμμη
קו,δεπ
קו,ελπιζον
קו,ελπισ
קו,ταξις
קו,υπομενω
קו,φαλαγξ
קובע,κρανος
קובע,κυνεα
קודש,αγιοσ
קוה,θεκουε
קוה,συλλεγω
קוה,συναγω
קוה,υπομεινον
קוו,υπομενω
קוי,υπομενω
קוינו,ελπιζω
קויתי,υπομενω
קול,κραυγη
קול,υγιης
קול,φωνη
קום,ανιστημι
קום,ορνυμι
קומ,ανιστημι
קומ,ιστημι
קומ,οταν
קומה,ακρος
קומה,ανιστημι
קומה,μεγεθος
קומה,υψος
קומו,ανιστημι
קומי,ανιστημι
קומת,μεγεθοσ
קומת,υψοσ
קוף,πιθηκος
קוצ,ακανθα
קוצרימ,θεριζοντασ
קוצרימ,θεριζω
קור,ορυσσω
קורא,κορις
קח,λαμβανω
קחו,λαμβανω
קחי,λαμβανω
קחת,λαβει
קחת,λαμβανω
קטב,δακνω
קטב,κεντρον
קטורה,χεττουρασ
קטל,σφαγη
קטל,φονος
קטן,βραχυς
קטן,ελασσων
קטן,ελαχιστος
קטן,μικρος
קטן,ολιγος
קטנ,ελασσων
קטנ,μικροσ
קטנ,νεοσ
קטנ,νεωτεροσ
קטנה,μικροσ
קטנה,νεοσ
קטר,καπνος
קטרת,θυμιαμα
קטרת,συνθεσισ
קיט,θερος
קיטור,καπνος
קים,αντιδικος
קים,αντιπαλος
קימ,στασισ
קימינ,ιστημι
קינ,θοβελ
קינ,καιν
קיני,κενεζι
קיני,κιναι
קיננ,καιναν
קיץ,θερος
קיצ,θεροσ
קיצ,φοινιξ
קיקלון,αισχρος
קיקלון,καταισχυνω
קיקלון,ονειδος
קיר,τει
קיר,τοιχοσ
קירות,δοκεω
קירות,τοιχουσ
קירות,τοιχων
קיש,κισ
קישונ,κισων
קיתרוס,κιθαρα
קיתרס,κιθαρα
קל,φωνη
קלה,οπταω
קלה,οπτος
קלו,κοπαζω
קלונ,ατιμια
קלות,φωνη
קלחת,λεβης
קלחת,τριπους
קלי,αλφιτον
קלל,καταρα
קלל,καταραομαι
קללה,αρα
קללה,καταρα
קללות,καταραι
קללת,καταρα
קלעי,ιστιον
קלעימ,αυλαι
קלעימ,ιστιον
קלעימ,ιστιων
קלשון,τριαινα
קלת,φωνη
קמ,ανιστημι
קמ,επανιστανομενουσ
קמו,ανιστημι
קמו,επανεστησαν
קמואל,καμουηλ
קמח,αλευρον
קמח,αλφιτον
קמח,σεμιδαλεωσ
קמת,αμητος
קמת,υψοσ
קנ,νοσσια
קנא,ζηλοσ
קנא,ζηλωτησ
קנאה,ζηλος
קנאה,ζηλοτυπια
קנאה,φθονος
קנאתי,εζηλωκα
קנה,καλαμοσ
קנה,κταομαι
קנה,κτη
קנה,κτιζω
קנה,πυθμην
קנוא,φθονεω
קנוא,φθονος
קנות,κταομαι
קנז,κενεζ
קנזי,κενεζι
קני,καλαμισκοι
קנימ,καλαμισκοισ
קנימ,καλαμισκουσ
קנינ,κτησεωσ
קנית,εκτησω
קניתי,κταομαι
קסם,μαντικος
קסמימ,μαντεια
קעילה,κειλα
קעלה,κειλα
קערה,πιναξ
קערת,τρυβλια
קצ,καιροσ
קצ,μεροσ
קצ,περασ
קצ,συντελεια
קצ,τελοσ
קצב,τεμνω
קצה,ακρον
קצה,αριθμοσ
קצה,εσχατοσ
קצה,κλιτουσ
קצה,μεροσ
קצה,περασ
קצוי,περασ
קצות,ακρον
קצות,κλιτη
קצות,μεροσ
קצות,μερω
קצח,μελανθιοσ
קצין,μαλιστα
קצינ,αρχηγοσ
קצינ,αρχων
קציר,αμητος
קציר,αμητοσ
קציר,αμητω
קציר,θερισμοσ
קצע,αποκοπτω
קצע,αποτεμνω
קצפ,θυμοσ
קצפ,οργη
קצפה,σηκος
קצץ,τεμνω
קצרה,ισχυω
קצרימ,θεριζω
קצת,μεροσ
קר,ψυχος
קר,ψυχρος
קרא,αναγνωθι
קרא,βοαω
קרא,επικαλει
קרא,επικαλεω
קרא,επονομαζω
קרא,καλεω
קרא,κεκραγεναι
קרא,λαλεω
קרא,λεγω
קרא,ονομαζω
קרא,προσαγορευω
קראה,καλεω
קראו,επικαλει
קראו,επικαλεω
קראו,καλεω
קראימ,κλητοσ
קראנ,καλεω
קראת,απανταω
קראת,απαντην
קראת,απαντησισ
קראת,εναντιοσ
קראת,ημι
קראת,καλεω
קראת,κεκληκασ
קראת,συναντησις
קראתי,εκκραζω
קראתי,επεκαλεσαμην
קראתי,καλεω
קראתי,κεκληκα
קרב,αδελφοσ
קרב,εαυτου
קרב,εγγιζω
קרב,εγγιστα
קרב,εντοσ
קרב,καρδια
קרב,κοιλια
קרב,μεσοσ
קרב,πολεμοσ
קרב,προσειμι
קרב,προσερχομαι
קרב,υμι
קרבה,προσειμι
קרבה,προσερχομαι
קרבו,εγγιζω
קרבו,προσαγαγετε
קרבימ,εγγιζω
קרבן,αναθημα
קרבת,προση
קרדם,πελεκυς
קרה,απανταω
קרה,εντυγχανω
קרוב,εγγιζη
קרוב,εγγιζω
קרוב,εγγυς
קרוב,εγγυσ
קרוב,πλησιος
קרוב,σχεδον
קרובה,εγγυσ
קרח,κορε
קרחה,φαλακρωμα
קרחי,κορε
קרחימ,κορειμ
קרחימ,κορι
קרחימ,υιοσ
קרי,αντιλεγω
קרי,εναντιοομαι
קריאה,κηρυγμα
קריאה,κηρυσσω
קריה,αστυ
קריה,πολις
קריה,πολισ
קריה,πολισμα
קרית,καριαθιαριμ
קרית,πολισ
קרן,κερας
קרנ,δοξαζω
קרנ,κερασ
קרנ,κερατι
קרנ,σαλπιγξ
קרנא,σαλπιγξ
קרנות,κερασ
קרני,κερασ
קרנימ,κερασ
קרנינ,κερασ
קרנת,κερασ
קרס,αγκιστρον
קרס,δρεπανον
קרסי,κρικουσ
קרסל,σφυρον
קרע,δακρυον
קרע,δια(ρ)ρηγνυμι
קרעימ,ρηγματα
קרקע,εδαφος
קרקע,εδαφουσ
קרקע,ουδας
קרש,στυλουσ
קרש,στυλω
קרשי,στυλω
קרשימ,στυλουσ
קרת,αστυ
קרת,πολις
קרת,πολισμα
קש,καλαμη
קש,φρυγανα
קשה,σκληροσ
קשה,σκληροτραχηλοσ
קשה,σκληρω
קשוה,αμφιφορευς
קשוה,κεραμιον
קשות,σκληροσ
קשות,σπονδει
קשט,αληθεια
קשט,τοξον
קשקשת,λεπισ
קשר,σκληροσ
קשר,συμπλοκω
קשש,συλλεγω
קשש,συναγω
קשת,τοξευμα
קשת,τοξοισ
קשת,τοξον
קשת,τοξοτησ
קתרוס,κιθαρα
קתרס,κιθαρα
רא,θεωρου
רא,οραω
ראה,βλεπω
ראה,γιγνωσκω
ראה,ειδον
ראה,ιδου
ראה,οραω
ראו,βλεπω
ראו,ειδοσαν
ראו,οραω
ראובנ,ρουβην
ראובני,ρουβην
ראות,βλεπω
ראות,ιδει
ראות,κατανοη
ראות,οραω
ראות,οφθη
ראי,βλεπω
ראי,ορασισ
ראי,οραω
ראי,φρεαρ
ראימ,οραω
ראינו,οραω
ראית,εορακασ
ראית,επει
ראית,ιδη
ראית,οραω
ראיתי,οραω
ראיתמ,οραω
ראש,ακρον
ראש,αρχη
ראש,αρχων
ראש,ηγεομαι
ראש,καρα
ראש,κεφαλη
ראש,κεφαλιδασ
ראש,κεφαλιδεσ
ראש,κεφαλοσ
ראש,κορυφη
ראש,κρας
ראש,νυξ
ראש,πρω
ראש,ροωσ
ראש,χολη
ראשון,αρχη
ראשון,προτερος
ראשונ,προτεροσ
ראשונ,πρω
ראשונ,πρωτοσ
ראשונה,αρχη
ראשונה,πρωτοσ
ראשוני,αρχη
ראשוני,προτερος
ראשי,αρχηγοι
ראשי,αρχων
ראשי,κεφαλη
ראשימ,αρχη
ראשימ,αρχων
ראשינ,κεφαλη
ראשית,απαρχη
ראשית,αρχη
ראשנ,πρωτοσ
ראשנה,προτεροσ
ראשנה,πρωτοσ
ראשנות,αρχη
ראשנות,προτερα
ראשנות,πρωτοσ
ראשנימ,προτεροσ
ראשנימ,πρω
ראשנימ,πρωταισ
ראשנימ,πρωτοσ
ראשת,κεφαλη
ראת,ιδει
ראת,οραω
רב,αρχιευνουχω
רב,αρχιμαγειρος
רב,αρχων
רב,ικανουσθω
רב,κρινω
רב,μεγασ
רב,πλη
רב,πληθοσ
רב,πληθυνω
רב,πολυελεοσ
רב,πολυς
רב,πολυσ
רב,ραψακησ
רב,ραψακου
רב,τοσουτος
רבבה,μυριασ
רבבה,οχλος
רבבה,πληθος
רבבות,μυριασ
רבבנ,μυριασ
רבבת,μυριασ
רבד,ετοιμος
רבד,παρασκευαζω
רבה,μεγασ
רבה,πληθυνω
רבה,πολυσ
רבה,ραββα
רבה,ραββαθ
רבו,μεγαλοψυχια
רבו,μεγεθος
רבו,μυριοσ
רבו,πληθυνω
רבו,πολυσ
רבוא,μυριος
רבונ,μυριασ
רבוע,τετραγωνοσ
רבות,μεγαλωσυνη
רבות,πλεονακισ
רבות,πολυσ
רביבים,ομβρος
רביבים,υω
רביבימ,ωσει
רביד,ορμος
רבימ,πλειων
רבימ,πολυσ
רביעא,τεταρτοσ
רביעי,τεταρτος
רביעי,τεταρτοσ
רביעית,τεταρτοσ
רביתמ,πολυπλασιασθη
רבע,τεταρτοσ
רבעי,τεταρτοσ
רבעימ,γενεα
רבעימ,τεταρτοσ
רבקה,ρεβεκκα
רבקה,ρεβεκκασ
רברבינ,μεγασ
רברבנ,μεγασ
רברבנו,εταιροισ
רברבנו,μεγασ
רברבנו,μεγιστανων
רברבת,μεγασ
רבת,μεγασ
רבת,πλεονακισ
רבת,πολυσ
רבת,ραββαθ
רגב,βωλος
רגז,ελελιζω
רגז,θυμοσ
רגל,εχω
רגל,μηροσ
רגל,πεζος
רגל,πηγη
רגל,ποδω
רגל,πους
רגל,πουσ
רגל,ρωγηλ
רגלו,πουσ
רגלי,πεζος
רגלי,πεζοσ
רגלי,ποδω
רגלי,πουσ
רגלי,ταγματων
רגלימ,πουσ
רגלימ,ρωγελλιμ
רגלינ,ποδω
רגע,αυτικα
רגע,οσοσ
רד,καταβαινω
רדד,δαμαζω
רדד,καταστρεφω
רדד,χειροω
רדה,αρχω
רדה,κανων
רדה,καταβαινω
רדו,καταβαινω
רדימ,επισταμαι
רדף,διωκω
רדפ,διοσ
רדפ,διωκω
רדפ,καταδιωκοντων
רדפ,καταδιωκων
רדפו,καταδιωκω
רדפו,καταδιωξονται
רדת,καταβαινω
רהט,πυρος
רהטימ,ληνοι
רו,ορασισ
רו,οψις
רו,φαντασια
רוזנימ,αρχων
רוח,ανεμος
רוח,ανεμοσ
רוח,ολιγοψυχιασ
רוח,ορος
רוח,πνευ
רוח,πνευμα
רוח,πνοη
רוח,ψυχη
רוחה,βοηθεια
רוחות,ανεμοσ
רוחי,ανεμοσ
רומ,υψοσ
רומה,υψωθητι
רוממו,υψου
רוממתי,υψοω
רוע,βοαω
רוץ,δρομος
רוץ,θεω
רוץ,τρεχω
רוצ,δραμει
רוצה,ευδοκεω
רות,ρουθ
רז,απορρητος
רז,κρυφα
רז,λαθρη
רז,μυστηριον
רזה,μυστηριον
רזי,μυστηριον
רזינ,μυστηριον
רחב,ευρος
רחב,πλατος
רחב,πλατοσ
רחב,ρααβ
רחבה,πολυσ
רחבות,ροωβωθ
רחביה,ρααβια
רחבעמ,ροβοαμ
רחבת,πλατει
רחומ,οικτιρμοσ
רחוק,μακραν
רחוק,μακροθεν
רחימ,μυλοσ
רחיק,μεχρι
רחיק,πολυς
רחיק,προσω
רחל,ραχηλ
רחם,κοιλια
רחם,νηδυς
רחמ,ελεη
רחמ,ελεησει
רחמ,ελεοσ
רחמ,μητρα
רחמ,οικτιρμοσ
רחמ,οικτιρμουσ
רחמ,οικτιρμω
רחמה,γυψ
רחמים,ελεεω
רחמים,ελεος
רחמים,οικτος
רחמימ,ελεοσ
רחמימ,οικτιρμοσ
רחמימ,οικτιρμουσ
רחמימ,χαρισ
רחמין,ελεος
רחף,σειω
רחץ,λουω
רחץ,νιζω
רחצ,ελπισ
רחצ,νιπτω
רחצו,νιπτω
רחצת,λουσεισ
רחק,απεχω
רחק,μακροθεν
רחקה,μακραν
רחקימ,μακραν
רטט,φοβος
ריב,αντιλογια
ריב,δικη
ריב,κρισισ
ריבה,δικασον
ריבה,δικη
ריבה,πραγμα
ריח,οσμη
ריפת,ριφαθ
ריק,κενοσ
ריקמ,κενοσ
ריש,απορια
ריש,πενης
ריש,πενια
רך,απαλος
רך,τερην
רכ,απαλοσ
רכב,αναβατην
רכב,αναβατησ
רכב,αρμα
רכב,ελαυνω
רכב,επιβεβηκοτι
רכב,ιππευω
רכב,ιπποσ
רכב,ρεκχα
רכב,ρηχαβ
רכה,απαλη
רכוש,υπαρχω
רכוש,χρημα
רכש,αποσκευη
רכש,ιπποσ
רכש,περιποιεω
רכשו,κτεομαι
רם,αρνειος
רם,κριος
רמ,αραμ
רמ,αρραν
רמ,δυνατωτερον
רמ,ραμ
רמ,υψηλοσ
רמ,υψοω
רמה,απαταω
רמה,αρμαθαιμ
רמה,εξαπαταω
רמה,ραμα
רמה,ριπτω
רמה,υψηλοσ
רמה,ψευδω
רמונ,ρεμμων
רמות,ακρος
רמות,μεγεθος
רמות,υψος
רמח,λογχη
רמיה,δολοσ
רמיו,βαλλω
רמיו,τιθημι
רמימ,μονοκερωτων
רמימ,υψηλω
רמית,παραλογιζομαι
רמכה,ιππος
רמליהו,ρομελιου
רמנ,ροισκοσ
רמס,πατεω
רמש,ερπετον
רמש,ερπω
רמש,κινεω
רמת,αρμαθαιμ
רמת,γαλααδ
רמת,ρεμμαθ
רמתימ,αρμαθαιμ
רנה,αγαλλιασισ
רנה,ευφροσυνη
רנו,ευφραινω
רני,ευφραινω
רננו,αγαλλια
רנת,δεησισ
רע,αλληλων
רע,εταιροσ
רע,ετεροσ
רע,κακια
רע,κακος
רע,κακοσ
רע,πλησιον
רע,ποιμην
רע,πονηρια
רע,πονηρος
רע,πονηροσ
רע,φιλοσ
רעב,λιμος
רעב,λιμοσ
רעב,πεινασει
רעב,πειναω
רעב,πεινω
רעבון,λιμος
רעבון,πειναω
רעבונ,σιτοδοσιασ
רעבימ,πεινω
רעד,τρομοσ
רעדה,τρομοσ
רעה,γιγνωσκω
רעה,ετησ
רעה,κακια
רעה,κακοσ
רעה,ποιμαινω
רעה,ποιμην
רעה,πονηρια
רעה,πονηροσ
רעה,χειρ
רעו,βοσκηθησονται
רעו,ραγαυ
רעואל,ραγουηλος
רעות,αισχρος
רעות,ετεροσ
רעות,κακοσ
רעות,πλησιον
רעות,ποιμαινω
רעי,ποιμην
רעיונ,διαλογισμοσ
רעימ,ποιμην
רעימ,πονηροσ
רעינ,διαλογισμοσ
רעינ,υπονοια
רעל,φαρετρα
רעלה,καταπετασμα
רעמ,βροντη
רעמא,ρεγμα
רעמה,ρεγμα
רעמסס,ραμεσση
רעש,ελελιζω
רעת,κακια
רעת,κακοσ
רעת,πονηρια
רפא,θεραπευω
רפא,ιαομαι
רפאימ,γιγασ
רפאימ,ενταφιαστης
רפאימ,ιατροι
רפאימ,ραφαιν
רפאימ,τιτανων
רפה,γιγασ
רפה,ραφα
רפידימ,ραφιδιν
רפיה,ραφαια
רפיון,απογιγνωσκω
רפיון,απογνωσις
רפסה,συνεπατει
רפף,σειω
רפש,αισχρος
רפת,περιβολος
רצ,τρεχω
רצד,φυλακη
רצד,φυλασσω
רצה,ευδοκησον
רצון,ηδονη
רצון,ηδυς
רצון,χαιρω
רצונ,δεκτα
רצונ,δεκτοσ
רצונ,ευδοκια
רצונ,θελημα
רצות,ευδοκη
רצח,αναιρεω
רצח,αποθνησκω
רצח,αποκτεινω
רצח,διαφθειρω
רצח,κτεινω
רצחת,φονευω
רצימ,παρατρεχειν
רצימ,παρατρεχοντων
רצינ,ραασσων
רצית,ευδοκησασ
רצף,ανθραξ
רצפה,ρεσφα
רק,κενοσ
רק,μονοσ
רק,πλην
רק,χωρισ
רקה,ιερος
רקה,ναος
רקות,λεπτοσ
רקח,αρωμα
רקח,μυρεψου
רקיע,στερεωμα
רקיע,στερεωματοσ
רקיקי,λαγανα
רקם,υφαινω
רקם,υφαντικος
רקמ,ποικιλτου
רקק,οβελος
רש,κληρονομεω
רשו,κληρονομεω
רשם,γραφω
רשם,επιστελλω
רשם,συγγραφω
רשמת,εταξασ
רשע,αδικεω
רשע,αδικου
רשע,αμαρτια
רשע,αμαρτωλοσ
רשע,αμαρτωλου
רשע,ανομια
רשע,ασεβησ
רשע,ασεβου
רשעי,αμαρτωλοσ
רשעימ,αμαρτωλοσ
רשעימ,ανομοι
רשעימ,ασεβει
רשעימ,ασεβεσιν
רשעימ,ασεβω
רשעימ,πονηροσ
רשעת,ασεβεια
רשעתי,ησεβησα
רשף,φλοξ
רשת,αρκυς
רשת,δικτυον
רשת,εσχαρα
רשת,κατακληρονομη
רשת,κληρονομεω
רשת,κληρονομη
רשת,κληροσ
רשת,παγιδι
רשת,παγισ
רתח,εψω
רתח,ζεω
שא,αναβλεπω
שא,αφιημι
שאב,αντλη
שאב,υδρευω
שאה,θεαομαι
שאו,αειρω
שאו,λαμβανω
שאול,αιδησ
שאול,ανδανω
שאול,επερωταω
שאול,ερωσ
שאול,ισραηλ
שאול,σαυλοσ
שאט,ατιμαζω
שאט,καταφρονεω
שאיה,ερημια
שאל,αιδησ
שאל,αιτεω
שאל,αξιοω
שאל,δεω
שאל,επερωτα
שאל,επερωταω
שאל,ερομαι
שאל,ερωσ
שאל,ερωταω
שאל,ερωτη
שאל,πυνθανομαι
שאלה,αιτεω
שאלה,αιτησισ
שאלה,δεω
שאלו,επερωταω
שאלו,ερωταω
שאלי,αιτεω
שאלת,αιτεω
שאלת,αιτημα
שאלת,ητησω
שאלתי,ητησαμην
שאנן,ευκηλος
שאר,επιλοιπα
שאר,ζυμη
שאר,καταλειμμα
שאר,καταλειφθεν
שאר,καταλειφθεντι
שאר,κυκλω
שאר,λειπω
שאר,λοιπος
שאר,λοιποσ
שאר,μενω
שאר,σαρξ
שארית,καταλειμμα
שארית,καταλοιπον
שאת,αιρω
שאת,ερημια
שאת,φερω
שאת,ωστε
שב,ανατρεπω
שב,αποστρεφω
שב,γεραιος
שב,γερων
שב,επιστρεφω
שב,οικεω
שב,παλιν
שב,πρεσβυς
שבא,σαβα
שבה,επιστρεφω
שבה,καθιζω
שבה,παλιν
שבו,αχατησ
שבו,επιστρεφω
שבו,καθιζω
שבו,παλιν
שבואל,σουβαηλ
שבוע,εβδομασ
שבועה,ομνυμι
שבועה,ορκος
שבועת,ορκοσ
שבות,αιχμαλωσια
שבט,κανων
שבט,κριτησ
שבט,ραβδος
שבט,ραβδοσ
שבט,σκη
שבט,φυλη
שבט,φυλω
שבטי,σκηπτρον
שבטי,υιοσ
שבטי,φυλη
שבטי,φυλω
שבטימ,σκη
שבי,αιχμαλωσια
שבי,αιχμαλωσιασ
שבי,αιχμαλωτευση
שבי,αιχμαλωτος
שבי,καθημαι
שבי,καθιζω
שביבינ,φλοξ
שביל,κελευθος
שביל,οδος
שביל,τριβοι
שביס,μιτρα
שביעי,εβδομος
שביעי,εβδομοσ
שביעת,εβδομοσ
שבית,αιχμαλωσια
שבכ,σαμβυκησ
שבכה,αρκυς
שבכה,δικτυον
שבל,ασκεω
שבל,γυμναζω
שבל,παιδευω
שבלימ,σταχυσ
שבלת,καταιγισ
שבלת,σιτος
שבמה,σεβαμα
שבנא,σομναν
שבנא,σομνασ
שבנה,επιστρεφω
שבע,βηρσαβεε
שבע,δεκα
שבע,δυο
שבע,εβδομος
שבע,εικοσι
שבע,εκατον
שבע,επτα
שבע,επτακισ
שבע,επτακοσιοι
שבע,ευθηνια
שבע,ευθηνιασ
שבע,ορκοσ
שבע,πληρησ
שבע,πλησμονη
שבע,σαβεε
שבע,τρεισ
שבע,τριακοντα
שבע,φρεαρ
שבעה,δικτυον
שבעה,εβδομοσ
שבעה,εικασ
שבעה,επτα
שבעה,επτακαιδεκατοσ
שבעה,επταπλασιωσ
שבעה,κορος
שבעה,ορκοσ
שבעה,πιμπλημι
שבעה,πλησμονη
שבעו,εμπλησθησονται
שבעות,εβδομαδων
שבעי,εβδομοσ
שבעימ,εβδομαδασ
שבעימ,εβδομαδεσ
שבעימ,εβδομηκοντα
שבעימ,εκατον
שבעימ,επτα
שבעימ,επτακοσιοι
שבעימ,πεντε
שבעת,εμπλησθεισ
שבעת,εμπλησθηση
שבעת,επτα
שבעת,ορκοσ
שבעת,χιλιασ
שבעתימ,επτα
שבץ,υφαινω
שבץ,υφαντικος
שבק,απολειπω
שבק,αφιημι
שבק,εαω
שבק,καταλειπω
שבק,λειπω
שבר,αγοραζω
שבר,εξεταζω
שבר,πριαμαι
שבר,πτω
שבר,σιτοσ
שבר,σκεπτομαι
שבר,σκοπεω
שבר,συνετριψεν
שבר,συντριμμα
שבר,ταλαιπωρια
שברו,αγοραζω
שברו,πριαμαι
שברת,συνετριψασ
שבת,αναπαυσισ
שבת,εβδομοσ
שבת,επιστραφηση
שבת,καθημαι
שבת,καθιζω
שבת,καταπαυω
שבת,κατοικεω
שבת,κατοικη
שבת,κατοικητηριου
שבת,ληγω
שבת,οικεω
שבת,οταν
שבת,ουκετι
שבת,παυω
שבת,σαββατον
שבתונ,αναπαυσισ
שגגה,αμαρτανω
שגגה,αμαρτημα
שגגה,αμαρτια
שגה,αμαρτανω
שגוב,σεγουβ
שגח,θεαομαι
שגיא,πολυσ
שגיא,σφοδρα
שגיאנ,πολυσ
שגיון,θρηνος
שגל,ανασσα
שגל,βασιλεια
שגל,δεσποινα
שגלת,παλλακαι
שגעון,απονοια
שגעון,μαινομαι
שגעון,μανια
שגר,βουκολιον
שגר,φορειον
שד,αγροσ
שד,μαστος
שד,στερνον
שד,στηθος
שד,συντριμμα
שדד,απολλυμι
שדד,ελκω
שדד,ερυω
שדה,αγριοσ
שדה,αγροσ
שדה,γυνη
שדה,δεσποινα
שדה,πεδιον
שדה,ποτνια
שדה,σπηλαιον
שדה,χορτοσ
שדופת,ανεμοφθορος
שדות,αγροσ
שדי,αγριοσ
שדי,αγροσ
שדי,θεοσ
שדי,πεδιον
שדימ,αλυκος
שדימ,δαιμονιον
שדימ,μαστω
שדפות,ανεμοφθορος
שדר,βαλλω
שדר,εμβαλλω
שדר,ριπτω
שדרכ,σεδραχ
שדת,κονιασεισ
שה,αρνιον
שה,αρνος
שה,προβατον
שה,προβατω
שהד,μαρτυρεω
שהד,μαρτυς
שהדו,μαρτυρεω
שהדו,μαρτυρια
שהמ,βηρυλλιον
שהמ,σαρδιου
שהמ,σμαραγδου
שוא,κενοσ
שוא,ματαιοσ
שוא,ματαιοτητα
שוא,ματην
שואה,κακος
שואה,πονος
שואה,πραγμα
שוב,αναστρεφε
שוב,αναστρεφω
שוב,αποστρεφω
שוב,επιστρεφε
שוב,επιστρεφω
שוב,επιστρεψον
שוב,ημα
שובאל,σουβαηλ
שובב,σωβαβ
שובה,επιστρεψον
שובו,επιστρεφω
שובכ,σωβακ
שובל,σουβαλ
שובל,σωβαλ
שוה,δηλος
שוה,πεδιον
שוה,σαυη
שוט,καταιγισ
שוטימ,μαστιγξιν
שוטפ,φερομενη
שול,υποδυτου
שולי,λωματοσ
שומ,επικληθη
שומ,θει
שומ,τιθημι
שומים,σκοροδον
שומר,φυλασσω
שונא,μισεω
שונמית,σωμανι
שוע,κεκραγεναι
שוע,μελχισα
שוע,μελχισουε
שוע,σαυα
שועל,αλωπηξ
שועת,δεησισ
שועת,κραυγη
שועתי,εκκραζω
שופכ,σωφαχ
שופר,κερας
שופר,κερατινη
שופר,κερατινησ
שופר,σαλπιγξ
שוק,βραχιων
שוקק,στενος
שור,βου
שור,βουσ
שור,μοσχοσ
שור,μοσχου
שור,μοσχουσ
שור,σουρ
שור,ταυ
שור,ταυροσ
שור,τει
שורר,εχθρος
שורר,εχθροσ
שורר,εχθρω
שורר,πολεμιος
שושן,κρινον
שושנ,κρινου
שושנ,σουσα
שח,διανοια
שח,ταπεινοω
שח,φρονεω
שחד,δωρον
שחה,νεω
שחה,νηχω
שחוט,ελατα
שחוק,γελως
שחט,σφαγη
שחט,φονος
שחטת,σφαξεισ
שחין,εψω
שחין,ζεω
שחינ,ελκοσ
שחינ,ελκω
שחלת,θυμιαμα
שחלת,οργιζω
שחץ,μεγαλοψυχια
שחץ,μεγεθος
שחק,γελαω
שחק,γελως
שחק,καταγελαω
שחקימ,νεφελη
שחקימ,νεφελω
שחר,ηριγενεια
שחר,ηως
שחר,ορθροσ
שחר,πρωι
שחת,απολλυμι
שחת,διαφθει
שחת,διαφθορα
שחת,εκτρι
שחת,ηνομησεν
שחת,καταφθει
שטימ,ασηπτα
שטימ,ασηπτων
שטן,αντιδικος
שטן,αντιπαλος
שטנ,διαβολοσ
שטנ,επιβουλοσ
שטנ,σαταν
שטפ,κατακλυσμω
שטר,απογραφω
שטר,γραμματει
שטר,γραμματοεισαγωγει
שטר,εγγραφω
שטר,πλευρα
שטרי,γραμματει
שטרימ,γραμματει
שטרימ,γραμματοεισαγωγει
שי,προβατον
שיבה,γηρας
שיבה,γηρασ
שיבה,ηλικια
שיבה,τηλικουτος
שיבת,πολια
שיד,κονια
שיזבות,εξαιρεω
שיזבות,ημα
שיח,αδολεσχια
שיח,δεησισ
שיחה,μελω
שיחו,διηγεομαι
שיט,ερετμον
שיט,κωπη
שילני,σηλωνιτου
שימ,τιθημι
שימו,τιθημι
שיר,αοιδη
שיר,μελος
שיר,οργανοισ
שיר,υμνος
שיר,ψαλμοσ
שיר,ωδη
שיר,ωδω
שיר,ωιδη
שירה,αοιδη
שירה,μελος
שירה,υμνος
שירה,ωδη
שירו,αισατε
שירו,ασατε
שישק,σουσακιμ
שית,ακανθα
שית,θου
שך,ακανθα
שכב,καθευδε
שכב,καθευδω
שכב,κοιμαομαι
שכב,κοιμαω
שכב,κοιμηθεισ
שכב,κοιμηθησεται
שכבה,κοιμαω
שכבי,κοιμαω
שכבת,κοιμαω
שכבתי,κοιμαω
שכוי,αλεκτρυων
שכוי,αλεκτωρ
שכור,μεθυω
שכח,επιλανθανομαι
שכח,επιληθω
שכח,λανθανω
שכחו,επιλανθανομαι
שכחנו,επελαθομεθα
שכחת,επιλαθη
שכחתי,επελαθομην
שכיה,ναυς
שכיה,πλοιον
שכין,μαχαιρα
שכיר,μισθωτοσ
שכיר,μισθωτου
שכך,καταβαινω
שכך,υφαινω
שכך,υφαντικος
שכל,συνεσισ
שכלות,ανοια
שכלות,αφροσυνη
שכלות,μωρια
שכלים,απαιδια
שכלתי,ατεκνοω
שכלתנו,συνεσισ
שכם,ωμος
שכמ,σικιμα
שכמ,σικιμων
שכמ,συχεμ
שכמ,ωμιαν
שכמ,ωμοσ
שכן,κατοικεω
שכן,ναιω
שכן,οικεω
שכנ,γειτοσιν
שכנ,επικληθη
שכנ,κατασκηνου
שכנ,κατασκηνοω
שכנ,κατασκηνω
שכנ,κατοικεω
שכנ,κατοικω
שכנה,παροικεω
שכניה,σεχενια
שכר,μεθυσμα
שכר,μισθοσ
שכר,μισθοω
שכר,σικερα
שלבימ,εξεχομενων
שלג,χιονα
שלג,χιονοσ
שלג,χιοσ
שלג,χιων
שלה,σηλω
שלה,σηλωμ
שלהבת,φλοξ
שלו,ορτυγομητρα
שלו,ορτυξ
שלו,σηλωμ
שלוה,δολοσ
שלוה,εξαπινα
שלוה,ευθηνια
שלום,ειρηνη
שלום,ησυχια
שלומ,ειρηνη
שלומ,ειρηνικα
שלומ,σαλουμ
שלומ,σαλωμ
שלומ,σωτηρια
שלומ,υγιαινω
שלומ,υγιαινων
שלומ,χαιρω
שלוש,τρει
שלוש,τρεισ
שלוש,τριακοντα
שלוש,τριτοσ
שלושה,τρει
שלושה,τρεισ
שלושה,τριω
שלושימ,τριακοντα
שלח,αποπεμπω
שלח,αποστει
שלח,αποστειλαντι
שלח,αποστελλω
שלח,αποστελλων
שלח,διαπεμπω
שלח,εκπεμπω
שלח,εκτεινω
שלח,εξαποστει
שלח,εξαποστειλον
שלח,εξαποστελει
שלח,εξαποστελλω
שלח,επενεγκει
שלח,ημα
שלח,πεμπω
שלח,πεπονηρευ
שלח,σαλα
שלח,ωστε
שלחה,αποστελλω
שלחו,αποστελλω
שלחו,εξαποστελλω
שלחן,τραπεζα
שלחנ,εκαστοσ
שלחנ,τραπεζα
שלחת,απεσταλκασ
שלחת,εξαποστελει
שלחתי,αποστελλω
שלחתי,εξαποστελλω
שלחתמ,αποστελλω
שלט,ασπις
שלט,σακος
שלטן,ηγεμονια
שלטנ,αρχη
שלטנ,εξουσια
שלטנ,κυριεια
שלטני,αρχων
שלי,ηρεμεω
שלי,ησυχαζω
שלי,ησυχια
שליו,ηρεμεω
שליו,ησυχαζω
שליו,ησυχια
שליט,αρχων
שליט,κυριευω
שליט,τυραννευω
שליט,τυραννος
שלישי,τριτος
שלישי,τριτοσ
שלישימ,τριακοντα
שלישית,τριτοσ
שלך,βαλλω
שלך,εμβαλλω
שלך,ριπτω
שלל,αρπαγη
שלל,αρπαζω
שלל,διαρπαζω
שלל,προνομην
שלל,σκυ
שלל,σκυλον
שלל,σκυλων
שלמ,αποδιδωμι
שלמ,αποτεισει
שלמ,ειρηνη
שלמ,ειρηνικοσ
שלמ,σαλημ
שלמ,συντελεω
שלמ,τελειος
שלמ,υμι
שלמא,σαλμων
שלמא,σολομων
שלמה,αληθινοσ
שלמה,ανεφερεν
שלמה,βασιλευσ
שלמה,ιματιον
שלמה,σολομων
שלמו,αποδιδωμι
שלמות,σαλωμωθ
שלמימ,ειρηνικασ
שלמימ,ειρηνικω
שלמימ,σωτηριοσ
שלמית,σαλωμωθ
שלמת,ιματιον
שלפ,εσπασμενων
שלפ,σπασαι
שלש,δεκα
שלש,εξηκοντα
שלש,πεντε
שלש,τρει
שלש,τρεις
שלש,τρεισ
שלש,τρεισκαιδεκα
שלש,τριακοντα
שלש,τριακοσιοι
שלש,τρισ
שלש,τρισσω
שלש,τριτοσ
שלש,τριω
שלשה,εικοστοσ
שלשה,τρει
שלשה,τρεισ
שלשה,τρισκαιδεκατοσ
שלשה,τριτοσ
שלשה,τριω
שלשומ,ημερα
שלשומ,τριτοσ
שלשי,τριτοσ
שלשימ,διακοσιοι
שלשימ,δυο
שלשימ,εβδομηκοντα
שלשימ,εικοσι
שלשימ,εκατον
שלשימ,επτα
שלשימ,οκτω
שלשימ,πεντε
שלשימ,τεσσαρεσ
שלשימ,τρει
שלשימ,τρεισ
שלשימ,τριακοντα
שלשימ,τριακοσιοι
שלשימ,τριτοσ
שלשימ,τριωροφος
שלשית,τριτοσ
שלשמ,ημερα
שלשמ,τριτοσ
שלשת,τρει
שלשת,τρεισ
שלשת,τρισχιλιοι
שלשת,τριω
שלשת,χιλιασ
שמ,δαυιδ
שמ,εκει
שמ,επιτιθημι
שמ,επονομασαι
שמ,καθιστημι
שמ,ονομα
שמ,ονομαστοσ
שמ,ουρανοσ
שמ,πασ
שמ,σημα
שמ,τιθημι
שמ,τοποσ
שמאול,αριστεροσ
שמאול,αριστερω
שמאל,αριστεροσ
שמאל,αριστερω
שמאל,βασιλευσ
שמאל,ευωνυμοσ
שמה,εκει
שמה,ερημοσ
שמה,σομε
שמה,τιθημι
שמו,προεθεντο
שמו,τιθημι
שמואל,σαμουηλ
שמונה,δεκα
שמונה,οκτακοσιοι
שמונה,οκτω
שמונה,οκτωκαιδεκατοσ
שמונימ,ογδοηκοντα
שמוע,ακεομαι
שמוע,ακοη
שמוע,ακουω
שמועה,αγγελια
שמועה,αγγελλω
שמועה,ακοη
שמועה,απαγγελλω
שמועה,εξαγγελλω
שמועה,φημη
שמור,φυλασσω
שמות,ισραηλ
שמות,ονομα
שמות,ονομαστοσ
שמות,υιοσ
שמח,ευφραινω
שמח,ευφρανθη
שמחה,αγαλλιαμα
שמחה,ευφροσυνη
שמחה,χαρα
שמחו,ευφραινω
שמחימ,ευφραινομενοι
שמחימ,χαιρω
שמחת,ευφρανθηση
שמחת,ευφροσυνη
שמחתי,ευφρανθην
שמחתמ,ευφρανθησεσθε
שמטה,αφεσεωσ
שמטה,αφεσισ
שמי,εωσ
שמי,ουρανοσ
שמי,σαμαι
שמי,υψιστοσ
שמימ,εωσ
שמימ,ουρανοσ
שמימ,τιθημι
שמין,θεος
שמין,ουρανος
שמיני,ογδοος
שמיני,ογδοοσ
שמינית,ογδοησ
שמיר,χερσον
שמיר,χερσοσ
שמירמות,σεμιραμωθ
שמלה,ιματιον
שמלה,σαμαα
שמלה,σαμαλα
שמלת,ιματιον
שמלת,ιματισμοσ
שמלת,στολη
שממ,ερημοσ
שממ,ερημωσιν
שממ,ερημωσισ
שממה,ερημια
שממה,ερημοσ
שממות,εξηρημωμενασ
שמן,δημος
שמן,πιων
שמנ,αρκευθινων
שמנ,ελαιον
שמנ,μυρον
שמנה,δεκα
שמנה,εικοσι
שמנה,ενενηκοντα
שמנה,επτακοσιοι
שמנה,οκτακοσιοι
שמנה,οκτω
שמנה,πεντε
שמנה,τεσσαρακοντα
שמנה,τριακοντα
שמני,πιοτησ
שמנימ,εκατον
שמנימ,ογδοηκοντα
שמנימ,πεντε
שמע,ακεομαι
שמע,ακηκοεν
שמע,ακοη
שמע,ακουσεται
שמע,ακουω
שמע,εισακου
שמע,εισακουειν
שמע,εισακουσον
שמע,εισακουω
שמע,επακουσον
שמע,επακουω
שמע,κλυω
שמע,ονομα
שמע,πυνθανομαι
שמע,σαμα
שמע,σεμαα
שמע,υπακουω
שמעא,σαμαα
שמעה,ακοη
שמעה,ακουω
שמעה,εισακουσον
שמעה,σαμαα
שמעו,ακουω
שמעו,εισακουω
שמעונ,συμεων
שמעות,ακοη
שמעי,ακουω
שמעי,σεμει
שמעיה,σαμαια
שמעיה,σαμαιαν
שמעיה,σαμαιασ
שמעימ,ακουω
שמעינ,ακουω
שמענו,ακουω
שמענו,εισακουω
שמעת,ακουω
שמעת,εισακουση
שמעת,εισακουω
שמעת,εισηκουσασ
שמעתי,ακουω
שמעתמ,ακουω
שמעתמ,εισακουω
שמר,διαφυλασσω
שמר,σεμηρ
שמר,σεμμηρ
שמר,σωζω
שמר,τηρεω
שמר,φυλασσω
שמרה,βλεφαρον
שמרה,φυλασσω
שמרו,φυλασσω
שמרונ,σαμαρεια
שמרונ,σαμαρειασ
שמרונ,σεμερων
שמרונ,σομορων
שמרי,φυλασσω
שמרימ,φυλακη
שמרת,εφυλαξασ
שמרת,φυλαξεσθε
שמרת,φυλασσω
שמרתי,φυλασσω
שמרתמ,φυλαξεσθε
שמרתמ,φυλαξητε
שמש,βαιθσαμυσ
שמש,ηλιος
שמש,ηλιοσ
שמת,εμβαλει
שמת,επιτιθημι
שמת,καθιστημι
שמת,ονομα
שמת,περιθησεισ
שמת,τιθημι
שמתי,διδωμι
שמתי,τιθημι
שן,οδων
שנ,ακρωτηριον
שנ,αμφοτεροι
שנ,αμφοτεροσ
שנ,βαιθσαν
שנ,δυο
שנ,ελεφαντινοσ
שנ,οδοσ
שנ,οδουσ
שנא,εχθαιρω
שנא,εχθροσ
שנא,μισεω
שנא,μισηση
שנא,μισος
שנא,μισου
שנא,στυγεω
שנאה,εχθος
שנאה,εχθρη
שנאה,μισεω
שנאה,μισος
שנאו,μισεω
שנאי,μισου
שנאת,μισεω
שנאתי,μισεω
שנה,εικοσαετου
שנה,ενιαυτος
שנה,ενιαυτοσ
שנה,ετος
שנה,ετοσ
שנה,ετω
שנהבים,ελεφαντινος
שנהבים,ελεφας
שנו,ηλλοιωθη
שנואה,μισουμενη
שנואה,μισουμενησ
שנונימ,ηκονημενα
שנות,ετοσ
שנות,ετω
שני,αμφοτεροι
שני,αμφοτεροσ
שני,δευτερος
שני,δευτεροσ
שני,διανενησμενου
שני,διπλου
שני,δυο
שני,ενιαυτοσ
שני,επειτα
שני,ετοσ
שני,ετω
שני,κεκλωσμενου
שני,κοκκινοσ
שני,νενησμενου
שני,οδουσ
שני,υιοσ
שנים,αμφοτερος
שנים,δυο
שנימ,δεκα
שנימ,δευτεροσ
שנימ,διακοσιοι
שנימ,διπλοοσ
שנימ,διπλου
שנימ,δυο
שנימ,δωδεκα
שנימ,δωδεκατοσ
שנימ,εικοσι
שנימ,εικοστοσ
שנימ,ενιαυτοσ
שנימ,εξηκοντα
שנימ,ετοσ
שנימ,ετω
שנימ,τριακοντα
שנינ,διαφερω
שנינ,οδουσ
שנינה,ονειδιζω
שניר,σανιρ
שנית,δευτεροσ
שנית,ετεροσ
שננו,ηκονησαν
שנס,ζωννυμι
שנער,σεννααρ
שנת,ενιαυτοσ
שנת,ετοσ
שנת,ετουσ
שנת,υπνοσ
שנתימ,δευτεροσ
שנתימ,δυο
שנתימ,ετοσ
שסה,λαφυρα
שסה,σκυλον
שסס,αρπαγη
שסס,αρπαζω
שסס,διαρπαζω
שעיר,αιγω
שעיר,σηιρ
שעירה,αιξ
שעפ,σαγαφ
שער,δασυσ
שער,θριξ
שער,θυρα
שער,κομη
שער,πολισ
שער,πυλη
שער,πυλοσ
שער,φυλη
שער,χαιτη
שערה,κριθη
שערה,κρινω
שערות,θριξ
שערי,πυλη
שערי,πυλοσ
שערימ,εκατοστευω
שערימ,κριθασ
שערימ,κριθη
שערימ,κριθω
שערימ,πυλη
שערימ,πυλοσ
שערימ,πυλωροι
שערת,τριχοσ
שעשע,μελετη
שעת,ωρα
שעתה,ωρα
שפה,στομα
שפה,χει
שפה,χειλος
שפה,ωαν
שפוט,γνωμη
שפוט,κρισις
שפחה,θεραπαινα
שפחה,παιδισκη
שפחות,δουλη
שפחות,παιδισκη
שפחת,δουλη
שפחת,δουλοσ
שפחת,παιδισκη
שפט,γραμματευσ
שפט,δικαζω
שפט,δικαστης
שפט,δικαστησ
שפט,εδικαζεν
שפט,ημα
שפט,κρι
שפט,κρινω
שפט,κριτησ
שפט,σαφατ
שפטו,κρινου
שפטו,κρινω
שפטיה,σαφατια
שפטימ,κριτησ
שפי,ιχνος
שפיפן,δρακων
שפיפן,οφις
שפך,χεω
שפכ,εκχεον
שפכ,εκχεω
שפכה,εκχεω
שפכו,εκχεω
שפכת,εξεχεασ
שפל,ταπεινος
שפלה,πεδινη
שפן,καλυπτω
שפע,αφθονια
שפע,αφθονος
שפעה,ογκος
שפק,αρκεω
שפר,αρεσκω
שפר,κερατινη
שפר,σαλπιγξ
שפרפר,ηριγενεια
שפרפר,ηως
שפרפר,πρωι
שפת,γλω
שפת,χει
שפת,χειλος
שפת,χειλοσ
שפת,χειλουσ
שפתות,χειλοσ
שפתי,χειλοσ
שפתימ,χειλοσ
שק,κνημη
שק,περθω
שק,πορθεω
שק,σακκος
שק,σακκοσ
שק,σκελος
שקה,ραψακησ
שקה,ραψακου
שקוץ,ειδωλον
שקוצ,βδελυγμα
שקוצ,βδελυγματα
שקוצימ,βδελυγμα
שקימ,σακκοσ
שקל,διδραχμον
שקל,διδραχμοσ
שקל,διδραχμου
שקל,ιστημι
שקל,σιγλος
שקל,σικλοι
שקל,σικλον
שקל,σικλου
שקל,σικλουσ
שקלימ,σικλων
שקמימ,συκαμινουσ
שקצ,ειδωλον
שקק,ορμαω
שקר,αδικα
שקר,αδικια
שקר,αδικοσ
שקר,ανομια
שקר,δολια
שקר,ψευδεσ
שקר,ψευδησ
שר,αγγελοσ
שר,απωλεια
שר,αρχιδεσμοφυλαξ
שר,αρχιευνου
שר,αρχιευνουχου
שר,αρχιμαγειρος
שר,αρχιοινοχοος
שר,αρχιοινοχοοσ
שר,αρχισιτοποιος
שר,αρχιστρατηγον
שר,αρχιστρατηγοσ
שר,αρχων
שר,δυναμισ
שר,δυναστησ
שר,ηγεομαι
שר,μαλιστα
שר,στρατηγοσ
שר,ψελιον
שרביט,βακτηρια
שרביט,σκηπτρον
שרד,λειτουργικασ
שרה,σαρρα
שרוג,σερουχ
שרונ,σαρων
שרות,αρχουσαι
שרי,αρχων
שרי,δεκαδαρχουσ
שרי,εκατονταρχουσ
שרי,ηγεομαι
שרי,πεντηκονταρχουσ
שרי,προσταται
שרי,σαρα
שרי,σαρασ
שרי,σατραπαι
שרי,στρατηγοσ
שרי,χιλιαρχοσ
שרי,χιλιαρχουσ
שריד,σπερμα
שריה,σαραια
שרימ,αρχων
שרינ,λελυμενουσ
שריר,νευρον
שריר,τενων
שרפימ,σεραφιν
שרץ,σμηνος
שרצ,ερπετον
שרק,συριει
שרקה,αμπελος
שרר,αρχω
שרר,εχθροσ
שרר,κανων
שרש,ριζα
שרשו,ριζα
שרשו,ριζω
שרשי,φυγη
שרשרה,αλυσις
שרשרה,δεσμος
שרשרת,κροσσωτα
שרת,λειτουργει
שרת,στρατευω
שש,βυσσινος
שש,βυσσοσ
שש,βυσσου
שש,βυσσω
שש,εξ
שש,εξακοσια
שש,εξακοσιοι
שש,εξακοσιοστος
שש,εξηκοντα
שש,τετρακοσιοι
ששה,δεκα
ששה,εκκαιδεκατοσ
ששונ,αγαλλιαμα
ששונ,αγαλλιασιν
ששונ,αγαλλιασισ
ששונ,αινεσισ
ששונ,ευφροσυνη
ששי,εκτος
ששי,εκτοσ
ששימ,δυο
ששימ,εκατον
ששימ,εννακοσιοι
ששימ,εξηκοντα
ששימ,πεντε
ששימ,τριακοσιοι
ששנ,σωσαν
ששנימ,αλλοιωθησομενων
ששק,σωσηκ
שת,αμφοτεροσ
שת,σηθ
שת,τιθημι
שתה,πινω
שתו,πινω
שתו,τιθημι
שתות,πιει
שתות,ωστε
שתי,αμφοτεροι
שתי,αμφοτεροσ
שתי,δυο
שתי,τιθημι
שתימ,δεκα
שתימ,δευτεροσ
שתימ,δυο
שתימ,δωδεκα
שתימ,πινω
שתין,εξηκοντα
שתינ,εξηκοντα
שתיתי,πινω
שתל,μετοικιζω
שתם,επεχω
שתם,κωλυω
שתם,παυω
שתת,πιει
שתת,πινω
תא,θαλαμος
תא,οικημα
תאבד,απολλυμι
תאבדונ,απολλυμι
תאה,ελκω
תאה,ερυω
תאוה,επιθυμεω
תאוה,επιθυμια
תאות,επιθυμια
תאזר,περιεζωσασ
תאחר,χρονισησ
תאכל,βρωθησεται
תאכל,εσθιω
תאכל,εφαγεσ
תאכל,κατεδεται
תאכל,κατεσθιω
תאכלו,εσθιω
תאכלנה,κατεσθιω
תאלה,αρα
תאמינו,πιστευω
תאמר,ειπον
תאמר,λεγω
תאמר,φημι
תאמרו,λεγω
תאמרונ,λεγω
תאמרי,ειπον
תאנה,ισχας
תאנה,συκη
תאנה,συκον
תאנפ,οργισθηση
תאנת,συκον
תאר,ειδος
תאר,ειδοσ
תאר,ιδεα
תאר,σχημα
תאשור,κυπαρισσος
תבא,εισαγω
תבא,εισερχομαι
תבא,ερχομαι
תבא,ισοσ
תבא,παραγιγνομαι
תבאנה,ηκω
תבדיל,διαστελλω
תבה,κιβωτος
תבה,κιβωτοσ
תבוא,εισελθοι
תבוא,εισερχομαι
תבוא,ελθει
תבוא,ερχομαι
תבוא,ηκω
תבוא,ισοσ
תבואה,εικω
תבואה,ενδιδωμι
תבואה,παραχωρεω
תבואת,γενημα
תבואת,γενηματων
תבונה,επιστημη
תבונה,σοφια
תבונה,συνεσισ
תבונות,συνεσισ
תבונת,συνεσισ
תבור,θαβωρ
תבז,εξουδενωσεν
תביא,εισαξεισ
תביא,εισοισεισ
תבינו,συνη
תביש,καταισχυνησ
תבכה,κλαιω
תבכינה,κλαιω
תבל,θοβελ
תבל,οικουμενη
תבלל,παραχρημα
תבלל,χωριον
תבלע,καταπινω
תבן,καλαμη
תבנ,αχυρον
תבנה,οικοδομησεισ
תבני,θαμνι
תבנית,ομοιωμα
תבנית,παραδειγμα
תבער,εκκαυθησεται
תבצ,θαμασι
תבקש,ζητεω
תברכ,ευλογεω
תברכ,ευλογησεισ
תבשל,εψησεισ
תגד,απαγγελλω
תגדל,μεγαλυνω
תגיד,αναγγελλω
תגל,αγαλλιασθω
תגמול,αγαθος
תגמול,ευ
תגמול,ευεργεσια
תגמול,ωφελεια
תגמול,ωφελεω
תגנב,εκλοποφορησασ
תגנב,κλεπτω
תגעו,απτω
תגרעו,αφαιρεω
תגש,προσαγω
תדבק,προσκολλαω
תדבר,ελαλησασ
תדבר,λαλεω
תדבר,λαλησεισ
תדבר,λαλησησ
תדברו,λαλεω
תדברונ,λαλεω
תדיר,ενδελεχω
תדמיו,ωμοιωσατε
תדמר,ιεθερμαθ
תדע,γιγνωσκω
תדע,γνωσισ
תדע,οιδα
תדעו,γιγνωσκω
תדעי,γιγνωσκω
תדעל,θαργαλ
תדק,λεπτυνει
תדר,ευχομαι
תדרכ,επιβηση
תהגה,μελετησει
תהו,ματαιοσ
תהו,ματην
תהו,ουδεισ
תהובד,απολεσησ
תהומ,αβυσσοσ
תהי,γιγνομαι
תהיה,γιγνομαι
תהיו,γιγνομαι
תהלה,αινεσισ
תהלה,υμνοσ
תהלכת,πομπη
תהלת,αινεσει
תהלת,αινεσεισ
תהלת,αινεσεωσ
תהלת,αινεσιν
תהלת,αινεσισ
תהלת,αρετη
תהלת,αρχη
תהלת,δοξαζετε
תהלת,επαινοσ
תהמ,ηχεω
תהמות,αβυσσοι
תהמות,αβυσσω
תהמי,συνταρασσεισ
תהר,γαστηρ
תהר,λαμβανω
תהר,συλλαβου
תהר,συλλαμβανω
תהרג,αποκτεινω
תו,σημειον
תו,σκοπος
תובל,θοβελ
תוגה,αλγος
תוגה,αχος
תוגה,λυπη
תוגה,πενθος
תודה,αινεσεωσ
תודה,εξομολογησει
תודה,εξομολογησιν
תוה,θαυμαζω
תוה,σημειον
תוה,σκοπος
תוחלת,ελπιζω
תוחלת,ελπις
תוך,μεσος
תוכ,ενδον
תוכ,μεσοσ
תוכ,υμι
תוכיח,ελεγξησ
תוכל,δυναμαι
תוכל,δυνησει
תוכלי,δυναμαι
תולדות,γενεσισ
תולדת,γενεσισ
תוליד,γεννησεισ
תולע,θωλα
תולעת,κοκκινοσ
תולעת,κοκκινω
תולעת,σκωληξ
תוספ,προστιθημι
תועבה,βδελυγμα
תועבת,βδελυγμα
תועבת,βδελυγματα
תועה,συγχυσις
תועה,ταραχη
תוצא,εκφερω
תוציא,εξαξεισ
תוציא,εξοισεισ
תור,πελεια
תור,πελειας
תורד,καταξεισ
תורה,νομοσ
תורינ,βου
תורת,νομοσ
תושב,παρεπιδημοσ
תושיע,σωζω
תותח,ξυλον
תותח,ροπαλον
תזבח,θυσεισ
תזז,τυπτω
תזכר,μιμνησκω
תזכר,μνησθη
תזעק,αναβοαω
תזר,λικμησεισ
תזרע,σπειρα
תחוס,φαινω
תחטא,εξημαρτεσ
תחטאו,αμαρτανω
תחי,ζησεισ
תחי,ζωωσεισ
תחי,ημα
תחיי,εζωοποιησασ
תחלא,νοσοσ
תחלה,αρχη
תחלת,αρχη
תחמד,επιθυμεω
תחמס,γλαυξ
תחנה,δεησισ
תחנה,ικεσιος
תחנה,ικετεια
תחנון,ικεσιος
תחנון,ικετεια
תחנונ,δεησισ
תחנת,δεησισ
תחנת,προσευχη
תחס,φειδομαι
תחפניס,θεκεμινασ
תחרש,παρασιωπησησ
תחשב,λογιζομαι
תחשימ,υακινθινα
תחת,εαυτου
תחת,θααθ
תחת,κατω
תחת,κατωθεν
תחת,παραχρη
תחת,πτοηθη
תחת,στυλω
תחת,υποκατω
תחת,υποκατωθεν
תחתו,υποκατω
תט,εκκλινησ
תטע,κατεφυτευσασ
תטע,φυτευσεισ
תיטיב,ορθοσ
תיכון,μεσος
תיכנה,μεσοσ
תימא,θαιμαν
תימנ,θαιμαν
תימנ,λιψ
תימנ,νοτοσ
תימני,θαιμαν
תימרה,κερας
תימרה,κιων
תימרה,ορθιος
תיסר,παιδευσησ
תירא,φοβεω
תירא,φοβηθηση
תירא,φοβοσ
תיראו,θαρσεω
תיראו,φοβεω
תיראו,φοβηθησεσθε
תיראי,εφοβηθησ
תיראי,θαρσεω
תיראי,φοβοσ
תירוש,οινος
תירוש,οινοσ
תירס,θιρασ
תירש,οινοσ
תישימ,τραγουσ
תכבד,εβαρυνθη
תכבה,σβεσθησεται
תכול,δυναμαι
תכחד,κρυψησ
תכינ,ετοιμαζω
תכלת,υακινθινον
תכלת,υακινθοσ
תכלת,υακινθου
תכן,ποσος
תכנית,παραδειγμα
תכס,καλυπτω
תכריך,πεπλος
תל,χωμα
תלא,κρεμαννυμι
תלאה,καματος
תלבש,ενδυση
תלבש,ενδυω
תלג,χιων
תלג,ωσει
תלגת,θαγλαθφαλνασαρ
תלד,γενναω
תלד,τικτω
תלדות,γενεσισ
תלדת,γενεσισ
תלדת,συγγενεια
תלה,κρεμαννυμι
תלוי,κρεμαννυμι
תלול,υψηλος
תליתא,τριτοσ
תליתי,τριτος
תליתי,τριτοσ
תלכ,απειμι
תלכ,απελθου
תלכ,επορευθησ
תלכ,πορευομαι
תלכו,πορευομαι
תלכונ,πορευσεσθε
תלכי,πορευομαι
תלכנה,πορευομαι
תלל,εμπαιζω
תלם,αυλαξ
תלמד,διδασκω
תלמי,θολμαι
תלנת,γογγυσμον
תלקט,συλλεγω
תלש,εφυρασεν
תלת,μεροσ
תלת,τρεις
תלת,τρεισ
תלת,τριτοσ
תלתא,τρει
תלתה,τρει
תלתי,τριτοσ
תלתין,τριακοντα
תלתינ,τριακοντα
תמ,ακακια
תמ,ακακιαν
תמ,καθαροσ
תמ,τελοσ
תמהר,σπευδω
תמו,απολλυμι
תמו,εκλειπω
תמוט,σαλευθησεται
תמול,εχθεσ
תמול,καθαπερ
תמול,χθιζος
תמונה,ειδος
תמונה,ιδεα
תמונה,ομοιωμα
תמונה,σχημα
תמונת,ομοιωμα
תמורה,αντιδοσις
תמות,αποθανησ
תמות,αποθνησκω
תמותה,τεθανατωμενων
תמיד,ενδελεχισμου
תמיד,θυσια
תמיד,πασ
תמים,τελειος
תמים,τελειοω
תמימ,αμωμοσ
תמימ,αμωμω
תמימ,τελειοσ
תמית,θανατωσητε
תמל,εχθεσ
תמלא,εμπιπλημι
תמלא,πιμπλημι
תמלכ,βασιλευσεισ
תמנע,θαμνα
תמנת,θαμνα
תמצא,ευρισκω
תמצאונ,ευρισκω
תמר,θαμαρ
תמר,θημαρ
תמר,ιεθερμαθ
תמרו,απειθεω
תמרות,φοινιξ
תמרימ,φοινιξ
תמרת,φοινιξ
תמשח,χρισεισ
תמת,αποθνησκω
תמתונ,αποθνησκω
תנ,διδωμι
תנדע,γιγνωσκω
תנה,αποδιδωμι
תנה,διδωμι
תנה,διερχομαι
תנו,διδωμι
תנואה,αντιλεγω
תנואה,εναντιοομαι
תנובה,παρεχω
תנומה,ευδω
תנומה,υπνον
תנופה,αναθημα
תנופה,αφαιρεματοσ
תנופה,αφορισμα
תנור,κλιβανοσ
תנח,οδηγεω
תנח,ωδηγησασ
תני,διδωμι
תנינ,δρακων
תנינות,δευτεροσ
תנשמת,γλαυξ
תנתנ,παραδοθη
תסגדונ,προσκυνεω
תסגדונ,προσκυνησητε
תספ,προσθει
תספ,προστιθημι
תספונ,προστιθημι
תסר,περιαιρεω
תסתיר,αποστρεφεισ
תסתר,αποστρεψησ
תעבד,εργον
תעבד,λατρευσησ
תעבד,λατρευω
תעבר,διαβηση
תעה,αμαρτανω
תעה,πλαναω
תעו,θωα
תעו,πλαναω
תעזב,εγκαταλιπησ
תעטר,στεφανοω
תעי,θοου
תעיתי,επλανηθην
תעל,αναβαινω
תעל,αναγαγησ
תעלה,αναβαινω
תעלה,θααλα
תעלה,ρειθρον
תעלו,αναβησεσθε
תעלמה,απορρητος
תעלמה,κρυφα
תעלמה,λαθρη
תעמד,γιγνομαι
תעמד,διαμενω
תעמד,ιστημι
תעמדנה,ιστημι
תענ,αποκρινω
תענ,επακουσον
תענ,επηκουσασ
תענ,ταπεινωσησ
תענה,εισακουση
תענה,ψευδομαρτυρεω
תענו,απεκριθητε
תענכ,θααναχ
תעע,εμπαιζω
תער,μαχαιρα
תעתעים,γελως
תפ,τυμπανον
תפ,τυμπανω
תפארת,δοξα
תפארת,καυχημα
תפדה,λυτρωση
תפימ,τυμπανοισ
תפימ,τυμπανον
תפל,πιπτω
תפלה,ευχη
תפלה,ευχομαι
תפלה,προσευχη
תפלונ,πιπτω
תפלט,ρυση
תפלת,δεησισ
תפלת,προσευχη
תפף,τυπτω
תפשו,συλλαβετε
תפתח,ανοιξεισ
תפתי,εξουσιω
תצא,εξελευση
תצא,εξερχομαι
תצא,εξεστι
תצאו,εξελευσεσθε
תצדק,δικαιωθη
תצומו,νηστευετε
תציל,ρυση
תצלח,εφηλατο
תצליח,ευοδοω
תצמח,ανατελλω
תצר,εχθραινετε
תקבר,θαπτω
תקד,εκυψεν
תקומ,ανιστημι
תקומ,εμμεινη
תקומ,στησεται
תקוע,θεκωε
תקועי,θεκωιτησ
תקות,υπομονη
תקח,εισαγω
תקח,λαβου
תקח,λαμβανω
תקחו,λαμβανω
תקימ,ιστημι
תקימ,στησεισ
תקיף,κρατερος
תקיפה,ισχυροσ
תקל,θεκελ
תקל,σιγλος
תקמ,ανιστημι
תקע,πληγη
תקפ,ισχυσ
תקרא,επονομαζω
תקרא,καλεω
תקראנה,καλεω
תקרבונ,προσηλθετε
תקריב,προσαξεισ
תקשו,σκληρυνω
תרא,ιδου
תרא,οραω
תראה,ιδη
תראה,οραω
תראה,οψοσ
תראו,οραω
תראינה,οραω
תרב,πληθυνω
תרבה,πληθυνθη
תרבות,αυξανω
תרבית,συμφερω
תרבית,τοκος
תרגם,εξηγεομαι
תרד,καταβαινω
תרומ,υψοω
תרומה,απαρχη
תרומה,αφαιρεμα
תרומה,εισφερω
תרומה,εισφορα
תרומה,ερανος
תרומיה,εισφερω
תרומיה,ερανος
תרוממ,υψωσεισ
תרומת,απαρχη
תרומת,αφαιρεμα
תרומת,εισφοραν
תרועה,αλαλαγμου
תרועה,αλαλαγμω
תרועה,κραυγη
תרזה,δενδρον
תרח,θαρα
תרחיב,επλατυνασ
תרחק,αφιστημι
תרחק,μακρυνησ
תרין,αμφοτερος
תרין,δυο
תרמ,υψοω
תרן,ιστος
תרנ,ιστοσ
תרע,βασκανει
תרע,θυρα
תרע,πυλη
תרעה,ποιμαινω
תרעו,πονηρευεσθε
תרעל,θαργαλ
תרעלה,πτωσεωσ
תרעש,γιγνομαι
תרעש,εντρομοσ
תרפימ,ειδωλον
תרפימ,κενοταφια
תרצ,δραμου
תרצה,θερσα
תרשיש,θαρσισ
תרשיש,καρχηδων
תרשיש,χρυσολιθοσ
תרשיש,ωσει
תרשתא,ηγεμων
תרתן,ηγεμων
תרתן,στρατηγος
תשא,αναβλεπω
תשא,λαμβανω
תשאב,υδρευω
תשאר,καταλειπω
תשארנה,υπολειφθησονται
תשב,αποστρεφω
תשב,αποστρεψησ
תשב,επιστρεφω
תשב,καθημαι
תשב,καθιζω
תשב,μενω
תשבו,κατοικεω
תשבי,θεσβιτησ
תשבע,ομοσ
תשבר,συντριβω
תשבר,συντριψεισ
תשברו,συντριψετε
תשבת,καταπαυσεισ
תשוב,επιστρεφω
תשוב,επιστρεψησ
תשוב,παλιν
תשובת,επιστρεψαντοσ
תשומת,παρακαταθηκη
תשועה,σωτηρια
תשועת,σωτηρια
תשועת,σωτηριον
תשוקה,ορμη
תשוקת,αποστροφη
תשחית,εξολεθρευσεισ
תשחת,διαφθειρησ
תשחת,φθειρω
תשיב,απεστρεψασ
תשיב,αποδιδωμι
תשיב,αποστρεψησ
תשיג,καταλαμβανω
תשיכ,εκτοκιει
תשימ,ημα
תשימ,καθιστημι
תשימ,τιθημι
תשיעי,ενατος
תשיעי,ενατοσ
תשית,τιθημι
תשכב,κοιμαομαι
תשכח,επελαθου
תשכח,επιλαθη
תשלח,αποστελλω
תשלח,εξαποστελει
תשלט,κυριευω
תשליכ,απορριψησ
תשלימ,παραδιδωμι
תשלכ,ερριφη
תשמ,εμβαλλω
תשמ,επιτιθημι
תשמ,τιθημι
תשמט,αφεσισ
תשמע,ακουσησ
תשמע,ακουω
תשמע,εισακουση
תשמע,εισακουσησ
תשמע,εισακουω
תשמעו,ακουω
תשמעו,εισακουω
תשמעונ,ακουω
תשמר,φυλαξεισ
תשמר,φυλασσω
תשמרו,φυλαξασθε
תשמרו,φυλαξεσθε
תשע,ενενηκοντα
תשע,εννακοσιοι
תשע,εννεα
תשע,εξηκοντα
תשעה,εννεα
תשעה,εννεακαιδεκατοσ
תשעימ,διακοσιοι
תשעימ,ενενηκοντα
תשעימ,πεντε
תשפטו,κρινω
תשפיל,ταπεινωσεισ
תשפכ,εκχεει
תשק,καταφιλεω
תשק,ποτιει
תשק,ποτιζω
תשקינ,ποτιζω
תשרפונ,κατακαυσετε
תשת,τιθημι
תשתה,πιησ
תשתה,πινω
תשתוחחי,περιλυποσ
תשתחו,προσκυνεω
תשתחוה,προσκυνεω
תשתחוינ,προσκυνεω
תת,διδωμι
תת,δοθει
תת,δου
תת,παραδου
תת,ωστε
תתגר,συναψητε
תתחבל,διαφθαρησεται
תתחסד,οσιωθηση
תתחר,παραζηλου
תתכ,διδωμι
תתכ,εποσ
תתנ,αποδιδωμι
תתנ,διδωμι
תתנ,δου
תתנ,εμβαλει
תתנ,παραδιδωμι
תתנ,παραδωσεισ
תתעב,βδελυξη
תתרמונ,εμβληθησεσθε
# --- distinctive rare/name anchors mined from aligned MT-LXX (2026-08-21) ---
אביב,μεισ
אביגיל,αβειγαινα
אביגיל,αβειγαιοσ
אבידן,αβειδοσ
אבידן,βενιαμ(ε)ιν
אביהוא,ναδοσ
אביון,πενητοσ
אביון,πτωχοσ
אבים,αβιου
אבים,βασιλευω
אבים,ιεροβοσ
אבימלך,αβειμεληχ
אבימלך,αβιμελεχ
אבינדב,αμειναδησ
אבינדב,κιβωτοσ
אבירם,αβειρων
אבירם,δαθοσ
אבישג,αβεισοσ
אבישג,σωμανειτισ
אבישי,αβεισοσ
אבישי,αβεσσοσ
אבן,λιθοσ
אבנט,χιτων
אברהם,αβρααμ
אברם,αβραμ
אברם,σαρα
אבשלום,αβεσσαλημ
אבת,απαιρω
אבת,παρενιβαμαι
אגם,αιρεω
אגם,ποταμοσ
אדום,εδωμ
אדום,ιδουμαια
אדמדם,δερμα
אדמדם,λεπρα
אדמדם,λευκοσ
אדמדם,πυρριζουω
אדמי,δωηκοσ
אדמני,πυρρακησ
אדן,αυλη
אדן,βασισ
אדן,πηχυσ
אדן,στυλοσ
אדן,χρυσεοσ
אדניה,αδωνειοσ
אדניהו,αδωνειοσ
אדר,λιβοσ
אדר,οριον
אדרעי,βασυσ
אדרעי,εδραησ
אדרת,ηλειοσ
אדרת,μηλωτησ
אהה,οιμοι
אהוד,αωδ
אהוד,δεξιοσ
אהוד,εγλωμ
אהל,θυρα
אהל,μαρτυριον
אהליבה,οολιβοσ
אהליבמה,ιεγλομ
אוב,ενγαστριμυθοσ
אוה,επιθυμεω
אוה,επιθυμια
אוה,καταμετρησετητησ
אוה,μνημα
אוה,οριον
אולי,απολλυμι
אולם,αιλαμ
און,ματαιοσ
אונן,αυναν
אופן,εχω
אופן,πτερυξ
אופן,τεσσαρεσ
אופן,χερουβιμ
אוצר,αργυριον
אוצר,χρυσιον
אור,σκοτοσ
אוריה,ουρεισ
אוריה,ουρυσ
אוריה,χετταιοσ
אזוב,κεδρινοσ
אזוב,κοκκινοσ
אזוב,ξυλον
אזוב,ορνιθιοσ
אזור,οσφυσ
אזכרה,επιτιθημι
אזכרה,μνημοσυνον
אזן,ουσ
אזרח,αυτυχθων
אזרח,προσηλυτοσ
אחאב,αχαοσ
אחזה,κατασχεσησ
אחזיה,οχοζειοσ
אחזיהו,αχαοσ
אחזיהו,οχοζειοσ
אחיה,αχειοσ
אחימלך,αποκρινω
אחימעץ,αχειμνησ
אחימעץ,αχειμοσ
אחימעץ,ιωναθοσ
אחינעם,αμφοτεροσ
אחינעם,ισραηλειτισ
אחיעזר,αχιεζηρ
אחיעזר,δαν
אחירע,αιναν
אחירע,αχειροσ
אחיתפל,αβεσσαλωμ
אחיתפל,αχειτοφησ
אחרון,εσχατοσ
אחרון,πρωτοσ
אחרנית,αναβαθμοσ
אחרנית,δεκα
אחרנית,σκια
אטם,θυρισ
איכה,που
איל,αμνοσ
איל,βουσ
איל,ενιαυσιοσ
איל,μοσχοσ
אילון,αιλωμ
אילון,αιλων
אילם,αιλαμ
אילם,αιλαμμοσ
אילם,αιλευσ
אילם,θεω
אילם,μηκοσ
אילם,πεντε
אילם,πηχυσ
אילם,πυλη
איפה,ελαιον
איתמר,αβιουδ
איתמר,ιθαμοσ
איתמר,ναδοσ
אכיש,αγχοσ
אלגביש,κατακλυζοσ
אלגביש,λιθοσ
אלגביש,υετοσ
אלון,αβραμ
אלון,βαλανοσ
אלון,δρυσ
אלון,κεδροσ
אלוף,εδωμ
אלוף,ηγεμων
אלוף,ησαυ
אליאב,αβειρων
אליאב,δαθοσ
אליאב,ελιασ
אליאב,ελισ
אליהו,ηλειοσ
אליל,γλυπτοσ
אליל,προσκυνεω
אליל,χειροποιητοσ
אלימלך,αβειμελεχοσ
אלימלך,αγροσ
אלימלך,βουσ
אליסף,ελεισοσ
אליסף,ραγουηλοσ
אליפז,αδα
אליפז,ελιφησ
אליפז,ελιφοσ
אליצור,ελισοσ
אליצור,ρουβην
אליצור,σεδιουριοσ
אליקים,γραμματευσ
אליקים,ελιακιμ
אליקים,οικονομοσ
אליקים,σομνα
אליקים,χελκιοσ
אלישע,ελεισειοσ
אלם,στομα
אלמנה,κρισισ
אלמנה,ορφανοσ
אלמנה,προσηλυτοσ
אלעזר,ελεαζοσ
אלעלה,εσεβων
אלקנה,ελκανοσ
אמה,ευροσ
אמה,μηκοσ
אמון,αμωσ
אמון,βασιλευω
אמונה,δικαιοσ
אמונה,δικαιοσυνη
אמוץ,αμωσ
אמוץ,προφητησ
אמל,αμπελοσ
אמל,ξηραινω
אמל,πενθεω
אמן,πιστευω
אמן,πιστοσ
אמנון,αδελφη
אמנון,αμνοσ
אמנם,αληθωσ
אמץ,ανδρυζοσ
אמץ,ισχυσ
אמציה,αμωσ
אמציהו,αμεσσεισ
אמציהו,ιωαχοσ
אמציהו,ιωη
אמת,ελεοσ
אמתחת,αργυριον
אמתחת,εκαστοσ
אמתחת,εμβαλλω
אמתחת,ιωσηφ
אמתחת,μαρσυπω
אן,που
אנוש,γενναω
אנוש,πεντε
אנוש,σηθ
אנף,θυμοω
אסא,ασασ
אסא,βασιλευω
אסון,συμβαινω
אסור,αλλοφυλοσ
אסיר,οχυρωμα
אסנת,ιερεωσ
אסף,συναγω
אסר,δεω
אסר,ευχη
אסר,ορισμοσ
אפה,αρτοσ
אפה,πεσσω
אפו,που
אפיק,βουνοσ
אפיק,φαραγξισ
אפל,ορασισ
אפלה,γνοφοσ
אפק,αλλοφυλοσ
אפרים,εφραιμ
אצבע,επτακισ
אצבע,κερασ
אצר,ηγεμων
ארב,ενεδροσ
ארבה,σπερμα
ארבע,τεσσερακοντα
ארגב,βασυσ
ארגז,θυμα
ארגז,κιβωτοσ
ארגז,χρυσεοσ
ארגמן,βυσσοσ
ארגמן,κεκλωσμενη
ארגמן,κοκκινοσ
ארגמן,πορφυρα
ארגמן,υακινθοσ
ארונה,αλων
ארונה,ορνοσ
ארז,κεδρινοσ
ארז,λιβανοσ
ארז,ξυλον
ארח,τριβοσ
ארי,αρκοσ
ארי,σκυμνοσ
אריאל,αριολειοσ
אריה,σκυμνοσ
ארך,εικοσι
ארך,ευροσ
ארך,πεντε
ארך,πηχυσ
ארכי,χουσειω
ארם,συρια
ארמון,εξαποστελλω
ארמון,θεμελιον
ארמון,κατεσθιω
ארמון,τειχοσ
ארמון,χωρα
ארמי,λαβαν
ארמי,συρια
ארנון,αρνοσ
ארנון,φαραγγοσ
ארנן,αμορραιοσ
ארנן,αρνοσ
ארפד,αρφασ
ארפכשד,σημα
ארר,επικαταρατοσ
ארש,κοιμαομαι
אש,κατεσθιω
אשד,ανατολη
אשד,αραβυσ
אשד,ασηδησ
אשד,φασγοσ
אשדוד,αλλοφυλοσ
אשדוד,γαζα
אשדוד,κιβωτοσ
אשכול,βοτρυοσ
אשכול,σταφυλησ
אשם,αμαρτανω
אשמרת,παρεμβολη
אשקלון,αζωτοσ
אשקלון,αλλοφυλοσ
אשקלון,ασκαλων
אשקלון,ασκαλωνοσ
אשקלון,γαζα
אשרה,στηλη
אשתאל,δαν
אשתאל,δημοσ
אתון,βαλααμ
אתון,ονοσ
אתון,παιδαριον
אתמול,τριτοσ
אתנן,μισθωμα
אתנן,πορνεια
בארתי,βηρωθαιοσ
בדיל,σιδηροσ
בדל,διαχωριζω
בדק,αργυριον
בהל,σπευδω
בהרת,αφιημι
בהרת,δερμα
בהרת,λεπρα
בהרת,λευκοσ
בהרת,ουλοσ
בהרת,τηλαυγησ
בור,βοθροσ
בוש,αισχυνθησοσ
בז,προνομησ
בזה,ενταυθα
בזז,δυναμισ
בזז,επρονομευω
בזז,προνομησ
בזק,χαναναιον
בחור,ιπποσ
בטח,ειρηνη
בינה,σοφια
בכורים,πρωτογενομα
בכירה,νεωτεροσ
בכרה,ησαυ
בכרה,πρωτοτοκειοσ
בכרי,βοχορευσ
בכרי,σαβεοσ
בלה,ιματιον
בלהה,λαβαν
בלל,αμφοτεροι
בלל,αναπεποιημνησ
בלל,δωρον
בלל,εβδομηκοντα
בלל,ελαιον
בלל,ολκη
בלל,σεμιδαλησ
בלע,καταπινω
בלעם,βαλααμ
בלעם,βαλακ
בלק,βαλααμ
בלק,βαλακ
בלק,σεπφωρ
בניהו,βαναιοσ
בניהו,ναθοσ
בנימן,βενιαμ(ε)ιν
בנין,απολοιποσ
בנין,διοριζοντοσ
בנין,πηχυσ
בעור,λεπρα
בעז,αγροσ
בעז,κοι
בעז,ρουσ
בעז,συλλεγω
בעיר,κτηνοσ
בעיר,συναγωγη
בענה,ρεκχοσ
בער,πονηροσ
בעשא,βααυσ
בעשא,βασιλευω
בצור,οχυρα
בצור,οχυροσ
בצע,δωρον
בצק,σταισ
בקשה,τοξον
בר,ιωσηφ
ברה,θημαρ
ברוש,αρμα
ברוש,δρυμοσ
ברוש,κεδροσ
ברוש,κυπαρισσοσ
ברוש,λιβανοσ
ברוש,υψοσ
ברזל,αργυριον
ברזל,χαλκοσ
ברזל,χρυσιον
ברזלי,βερζελλη
ברזלי,βερζελλιοσ
בריא,βουσ
בריא,ειδοσ
בריא,εκλεκτοσ
בריא,καλοσ
בריא,σαρξ
בריה,θημαρ
בריח,θυρα
בריח,μοχλοσ
בריח,στυλοσ
בריח,υποδυτοσ
ברית,διατιθημι
ברכה,ευλογεω
ברנע,βαρνοσ
ברע,κακοσ
ברק,βαρακ
ברק,δεββωρα
ברק,σεισαροσ
בשמת,μασεμμοσ
בשמת,ραγουηλοσ
בשן,βασυσ
בשנה,δευτεροσ
בשנה,ενιαυτοσ
בשנה,καιροσ
בשנה,μεισ
בשרה,ευαγγελιοσ
בשת,μεμφιβοσθοσ
בתואל,λαβαν
בתולה,νεανισκοσ
בתולים,παρθενιον
גאוה,υβρισ
גאון,δοξα
גאון,ισχυσ
גאון,υβρισ
גאלה,λατροσ
גב,κυκλοθεν
גב,υψοσ
גבה,υψοω
גבול,ανατολη
גבולה,οριον
גבורה,γραφω
גבורה,λοιποσ
גביע,καλαμισκοσ
גביע,λυχνια
גביע,τεσσαρεσ
גבע,αλλοφυλοσ
גבעה,βενιαμ(ε)ιν
גבעון,γαβαων
גבעוני,γαβαωνειτοσ
גבעוני,γαβαωνειτωσ
גד,ημισυσ
גד,μανασσησ
גד,ρουβην
גדוד,γεδδοσ
גדוד,μονοζωνοσ
גדי,μανασσησ
גדי,ρουβην
גדליהו,γοδολιοσ
גדע,υψηλοσ
גדעון,γεδεων
גדעון,μαδιαμ
גדעני,αβειδοσ
גדר,φραγμοσ
גדרה,επαιλεω
גדרה,προβατον
גוג,γωγ
גוג,θοβελ
גולה,αιχμαλωσια
גולה,αιχμαλωσιοσ
גולן,γαυλοσ
גוע,εκλειπω
גוע,προστιθημι
גזה,δροσοσ
גזה,ξηρασσω
גזה,ποκοσ
גזז,κειρω
גזז,προβατον
גזל,αδικια
גזל,αρπαγμοσ
גזל,αρπαζω
גזלה,αποδιδωμι
גזלה,αρπαγμοσ
גזלה,ενεχυρασμοσ
גזם,κατεσθιω
גזר,διερχομαι
גזרה,απολοιποσ
גזרה,διοριζοντοσ
גזרה,εκατον
גזרה,κατεναντι
גזרה,μηκοσ
גזרה,πηχυσ
גחל,ανθρακοσ
גחל,ανθραξ
גיחזי,γιεζειοσ
גיחזי,σωμανειτισ
גיל,ευφραινω
גיל,ευφροσυνη
גיל,χαιρω
גל,λιθοσ
גלבע,αλλοφυλοσ
גלבע,γελβοοσ
גלגל,τροχοσ
גלגלת,αριθμοσ
גלגלת,αρσενικοσ
גלגלת,επανω
גלגלת,πατριον
גלולים,ειδωλον
גלולים,ενθυμημοσ
גלות,αποκαλυπτω
גלות,ασχημοσυνη
גלות,μεισ
גלח,ευχη
גלח,θριξ
גלח,ξυραθισεται
גלח,ξυραω
גליל,γαλειλαω
גלילה,ημισυσ
גלל,αγροσ
גלעד,μανασσησ
גלעדי,γαλααδ
גלעדי,ιεφθαε
גמליאל,γαμαλιηλ
גן,ξυλον
גן,παραδεισοσ
גנן,σωζω
גנן,υπερασπιησ
גנן,υπερασπιοσ
געל,γαλααδ
געל,ιωβηλ
געל,συχεμ
גערה,θυμοσ
גפן,καρποσ
גפן,ξυλον
גפן,οινοσ
גפן,συκη
גפרית,θειοσ
גר,ορφανοσ
גרגשי,αμορραιοσ
גרגשי,γεργεσαιοσ
גרגשי,ευαιοσ
גרגשי,ιεβουσαιοσ
גרה,ακαθαρτοσ
גרה,διχηλοσ
גרה,μηρυκισμοσ
גרה,οβολοσ
גרה,ονυχιστηρ
גרה,οπλοσ
גרזן,ξυλον
גרן,αλισκομαι
גרן,αλων
גרן,ληνοσ
גרן,σιτοσ
גרע,αφαιρεω
גרע,προστιθημι
גרש,εκβαλη
גרשון,γεδοσ
גרשון,δημοσ
גרשם,γηρσοσ
גרשני,γεδοσ
גרשני,δημοσ
גרשני,λειτουργια
גשור,γεδσοσ
גשורי,γεσειρισ
גשורי,οριον
גשם,υετοσ
גשן,γεσεμ
גת,αλλοφυλοσ
גת,γαω
גתי,γεθθαιοσ
דאג,δωηκοσ
דאגה,αρτοσ
דב,λεων
דבה,πονηροσ
דבורה,βαρακ
דבורה,δεββωρα
דביר,δαβηρ
דביר,περιεχω
דבק,κολλαω
דבש,γαλα
דבש,ρεοισα
דג,θηριον
דגה,ερπω
דגה,ποταμοσ
דגון,αζωτοσ
דגון,δαγοσ
דגל,δυναμισ
דגל,εξαροσ
דגל,παραβαλλω
דגל,παρεμβολη
דגל,ταγμα
דגן,ελαιον
דגן,οινοσ
דדן,δαιδαν
דדן,εμποροσ
דודי,λειοσ
דודי,μανδραγορασ
דור,αιωνιοσ
דור,νομιμοσ
דוש,αμαξα
דיבן,δαιβων
דין,κρισισ
דינה,δεινοσ
דינה,εμμωρ
דיק,κυκλω
דל,κρισισ
דל,ταπεινοσ
דלילה,δαλειδοσ
דלילה,δεθησοσ
דלילה,σαμψων
דלית,κλαδοσ
דלית,κλημα
דלית,πληθοσ
דלית,ριζα
דמה,ομοιοω
דמה,σαβαωθ
דמות,ομοιωμα
דמות,τεσσαρεσ
דן,δαν
דני,δαν
דניאל,δανιηλ
דעואל,ελεισοσ
דעואל,ραγουηλοσ
דק,αλλοσ
דקק,λεπτοσ
דרום,αυλη
דרום,διεμετρησισ
דרום,εσωτεροσ
דרום,μετρον
דרום,πυλη
דרור,αφεσισ
דריוש,δευτεροσ
דריוש,μεισ
דריוש,προφητησ
דשא,καρποσ
דשא,ξυλον
דתן,αβειρων
דתן,δαθοσ
הבל,καιν
הגר,προσηλυτοσ
הדד,αδιρ
הדד,συρια
הום,ηχεω
הון,πληθοσ
הושע,ηλασ
הושע,ωσηε
החירות,απεναντι
הין,αμνοσ
הין,ελαιον
הין,κριοσ
הין,σπονδη
הין,τεταρτοσ
המון,ισχυσ
המון,πληθοσ
המם,παρεμβολη
המן,μαννα
הנע,που
הפך,λευκοσ
הפך,μετεβαλησ
הרה,συλλαμβανω
הרה,τικτω
הרן,αρραν
וו,αργυροσ
וו,βασισ
וו,κεφαλισ
וו,στυλοσ
וו,χαλκοσ
וו,χρυσεοσ
ושתי,καθαροσ
זאב,λεων
זבוב,ακκαρυσ
זבוב,βααλ
זבוב,μιιοσ
זבולן,δημοσ
זבולן,ζαβουλων
זבל,γαλααδ
זבל,ζεβοσ
זבל,ιωβηλ
זהב,αργυριον
זהר,αποστρεφω
זהר,εκζητεω
זוב,ακαθαρτοσ
זוב,γαλα
זוב,μελι
זוב,ρεοισα
זולה,παρεξ
זולה,πλην
זיף,ζειφ
זית,αμπελωνη
זית,ελαιων
זכרון,μνημοσυνον
זכריה,δαρειοσ
זכריה,μεισ
זמה,ασεβεια
זמרי,ζαμβροσ
זנה,πορνεια
זנה,πορνη
זנונים,πορνεια
זנות,πορνεια
זעם,θυμοσ
זעם,οργη
זעק,βοαω
זר,αλλογενησ
זרה,ανεμοσ
זרה,διασπειρω
זרה,κυκλω
זרה,χωρα
זרוע,ισχυσ
זרח,ηλιοσ
זרח,φωσ
זרם,σκεπη
זרק,κυκλω
זרק,προσχειοσ
זרת,σπιθαμησ
חבא,κρυπτω
חבא,σπηλαιον
חבורה,τραυμα
חבק,περιλαμβανω
חבק,φιλεω
חברון,χεβρωμ
חבש,αρτοσ
חבש,ονοσ
חג,μεισ
חגג,εβδομοσ
חגג,μεισ
חגי,αγγαιοσ
חגי,μεισ
חגלה,δημοσ
חגלה,μελχασ
חגלה,νοσοσ
חגר,σακκοσ
חדר,κοιτων
חדר,ταμειοσ
חוה,προσκυνεω
חוט,σπαρτιον
חוי,αμορραιοσ
חוי,γεργεσαιοσ
חוי,ιεβουσαιοσ
חוי,φερεζαιοσ
חוי,χαναναιον
חוי,χαναναιοσ
חוי,χετταιοσ
חוילה,ευειλοσ
חול,πληθοσ
חום,αρην
חום,φαιοσ
חוס,φαινω
חוס,φειδομαι
חוף,παραλιοσ
חוץ,παρεμβολη
חורן,βαιθωροσ
חורן,οριον
חושי,αχειτοφησ
חושי,εταιροσ
חושי,χουσειω
חזה,προφητησ
חזה,ψευδησ
חזון,ορασισ
חזיר,κρεασ
חזיר,υειοσ
חזקיה,εζεκιασ
חטאה,αμαρτανω
חטאת,αιξ
חטה,ελαιον
חטה,θερισμοσ
חטה,κριθη
חידה,απαγγελλω
חידה,προβλημα
חידה,τριακοντα
חיצון,αυλη
חיצון,βορρασ
חיצון,εξεδροσ
חיצון,εξωτεροσ
חיצון,εσωτεροσ
חיצון,μηκοσ
חיצון,πυλη
חירם,λιθοσ
חירם,σολομων
חירם,τυροσ
חירם,χρυσιον
חכילה,βουνοσ
חכילה,ιεσσαιμοσ
חכם,συνετοσ
חכמה,επιστημη
חכמה,πνευμα
חל,βεβηλοσ
חלאה,ιοσ
חלב,μελι
חלה,αρτοσ
חלום,ενυπνιον
חלום,ιωσηφ
חלום,υπνοσ
חלון,αιλαμ
חלון,αιλαμμοσ
חלון,ευροσ
חלון,κυκλω
חלון,πεντε
חלון,πεντηκοντα
חלי,πληγη
חלילה,μηδαμωσ
חליפה,στολη
חליפה,τριακοντα
חלל,τραυματιοσ
חלם,ενυπνιαζω
חלם,ενυπνιον
חלם,ιωσηφ
חלמיש,πετρα
חלן,ελιασ
חלף,αλλασσω
חלף,ισχυσ
חלף,μισθοσ
חלץ,ενωπλισμυνοσ
חלץ,οσφυσ
חלק,κληροσ
חלקה,αγροσ
חלקיה,σαφφοσ
חלקיה,χελκειοσ
חלקיהו,βιβλιον
חלקיהו,ελιακιμ
חלקיהו,οικονομοσ
חלקיהו,σομνα
חלקיהו,χελκειοσ
חלקיהו,χελκιοσ
חם,πενθεροσ
חם,χαμ
חמאה,γαλα
חמאה,μελι
חמד,επιθυμεω
חמד,επιλεκτοσ
חמד,ιπποσ
חמד,νεανισκοσ
חמד,στρατηγοσ
חמדה,επιθυμητοσ
חמות,βουσ
חמות,ρουσ
חמישי,μεισ
חמישית,επεπεμπτοσ
חמישית,λυτροσ
חמישית,προστιθημι
חמישית,τιμη
חמל,φαινω
חמל,φειδομαι
חמן,ειδωλον
חמס,ασεβεια
חמץ,αζυμοσ
חמץ,ζυμη
חמר,γομορ
חמש,πεντηκοντα
חמש,χιλιασ
חמת,εμαθ
חנה,απαιρω
חנה,παρενιβαμαι
חנוך,ενωχ
חנוך,εξηκοντα
חנון,αννοσ
חנון,μακροθυμοσ
חנון,πολυελεοσ
חנכה,εγκαινισμοσ
חנכה,χριω
חנם,δωρεαν
חנן,ελεεω
חסיל,ακρισ
חסיל,βρουχοσ
חסר,αρτοσ
חפני,ελωι
חפני,οφνεισ
חפני,φεινεσ
חפץ,βουλομαι
חפץ,εθελω
חפר,φρεαρ
חפשי,δουλευω
חפשי,εξαποστελησ
חץ,αστραπη
חץ,οπλον
חץ,σχιζα
חצור,ασυρ
חצור,ασωρ
חצור,ιαβεισ
חצי,γαδ
חצי,μανασσησ
חצצרה,σαλπιγξ
חצר,κωμη
חצרון,ασρων
חקה,δικαιωμα
חקה,εντολη
חקה,νομιμοσ
חקה,προσταγμα
חרבה,μαχαιρα
חרד,εκφοβοσ
חרד,εξιστημι
חרה,θυμοσ
חרה,οργη
חרה,οργιζω
חרי,ηγεμων
חרי,λωτα
חרי,χορροσ
חרם,εξωλεθρευισ
חרמון,αερμοσ
חרמון,αμορραιοσ
חרמון,αρνοσ
חרן,χαρραν
חרף,ονειδιζω
חרשת,ξυλον
חשב,λογιζομαι
חשבון,αμορραιοσ
חשבון,εσεβησ
חשבון,εσεβων
חשה,σιωπησοσ
חשוק,χρυσεοσ
חשך,σκοτοσ
חשך,φωσ
חשן,κρισισ
חשן,ληιον
חשן,χρυσιον
חתי,αμορραιοσ
חתי,γεργεσαιοσ
חתי,ευαιοσ
חתי,ιεβουσαιοσ
חתית,απεριτμητοσ
חתית,ζωη
חתית,μαχαιρα
חתית,τραυματιοσ
חתית,φοβοσ
חתן,γαμβροσ
חתן,ιοθοσ
חתר,τοιχοσ
טבח,αρχιμαγειροσ
טבח,βαβυλων
טבח,ιωσηφ
טבל,βαψυσ
טבל,δακτυλοσ
טבל,επτακισ
טבל,υσσωποσ
טבעת,δακτυλιοσ
טבעת,χρυσεοσ
טהרה,καθαρισθησ
טוח,αλειφων
טוח,λιθοσ
טוח,οικια
טוח,τοιχοσ
טוטפת,σημειον
טור,τεσσαρεσ
טור,υψοσ
טחרים,εδρα
טחרים,χρυσεοσ
טל,ποκοσ
טלא,αρην
טלא,ραντοσ
טלא,φαιοσ
טמאה,ακαθαρσια
טמאה,ακαθαρτοσ
טמן,αργυριον
טמן,κρυπτω
טף,αποσκευη
טף,κτηνοσ
טף,παιδιον
טפח,πηχυσ
טריפה,θηριαλωτοσ
טריפה,θνησιμαιοσ
טרם,πριν
טרף,αρπαζω
טרף,θηρα
טרף,λεων
טרף,σκυμνοσ
יאיר,ιαειρ
יאשיהו,βασιλευω
יאשיהו,ιωσιασ
יבול,γενημα
יבול,ξυλον
יבוסי,αμορραιοσ
יבוסי,γεργεσαιοσ
יבוסי,ευαιοσ
יבוסי,ιεβουσαιοσ
יבוסי,φερεζαιοσ
יבוסי,χετταιοσ
יביש,ιαβεισ
יבל,αγροσ
יבל,αποδιδωμι
יבל,αφισην
יבל,ενιαυτοσ
יבק,αμμων
יבש,ποταμοσ
יגע,ισχυσ
ידה,εξαγορευυσ
ידעני,γνοστοσ
ידעני,ενγαστριμυθοσ
ידעני,ενγαστριμωθοσ
יהב,δευτε
יהב,ιωσηφ
יהב,φερω
יהוא,ειοσ
יהוא,ειου
יהואחז,βασιλευω
יהואחז,ειοσ
יהואחז,ιωαχοσ
יהואחז,ιωη
יהואש,βασιλευω
יהואש,ιωαχοσ
יהואש,ιωη
יהוידע,ιωδησ
יהוידע,σαδωκ
יהויכין,ιωακειμ
יהויכין,μητηρ
יהויקים,ιωακειμ
יהונתן,ιωναθοσ
יהוצדק,ιωσεδησ
יהורם,αχαοσ
יהורם,ιωραμ
יהושפט,ιωσαφοσ
יואב,ιωαβοσ
יואח,γραμματευσ
יואח,ιωοσ
יואח,οικονομοσ
יואח,σομνα
יואש,γεδεων
יואש,ιωη
יובל,αφεσισ
יובל,αφισην
יובל,ενιαυτοσ
יובל,σημασιοσ
יומם,νεφελη
יומם,νυξ
יונדב,ιωναδοσ
יונה,ιων
יונה,νοσσοσ
יונה,τρυγων
יונתן,αλλοφυλοσ
יונתן,ιωναθοσ
יוסף,ιωσηφ
יורם,ιωραμ
יורם,οχοζειοσ
יותם,ιωαθαμ
יזרעאל,αχαοσ
יזרעאלי,αμφοτεροσ
יזרעאלי,ισραηλειτισ
יחם,προβατον
יחף,γυμνοσ
יטבתה,απαιρω
יין,πινω
יכח,ελεγχω
יכח,κρινω
יכין,συμεων
יליד,αργυρωνητοσ
יליד,περιτεμνω
ילל,ολολυξατοσ
ילק,ακρισ
ילק,βρουχοσ
ילק,κατεσθιω
ים,ανατολη
ים,οριον
ימין,αριστεροσ
ימין,δεξιοσ
ימיני,βενιαμ(ε)ιν
ימיני,ιεμενησ
ימני,ακρον
ימני,δεξιοσ
ימני,επιτιθημι
ימני,λοβοσ
ימני,ουσ
ימני,πουσ
ינה,προσηλυτοσ
ינק,νηπιοσ
ינק,παιδιον
ינק,τικτω
יסד,θεμελιον
יסוד,βασισ
יסוד,δακτυλοσ
יסוד,επιτιθημι
יסוד,κερασ
יסר,παιδευσ
יסר,προστιθημι
יסר,υμανοσ
יעד,γνωσθησομοσ
יעד,συναγωγη
יעה,σκευοσ
יעה,φιαλη
יעוש,ησαυ
יעוש,ιεγλομ
יעזר,εσεβων
יעזר,ιαζυρ
יעזר,σεβαμοσ
יעל,πλασσω
יעל,ωφελεω
יעלם,ιεγλομ
יעץ,βουλευω
יעץ,βουλη
יעקן,απαιρω
יפה,ειδοσ
יפה,σφοδρα
יפנה,ιεφοννησ
יפנה,ιησουσ
יפנה,πλην
יפנה,χαλοσ
יפת,ειδοσ
יפת,νωε
יפת,σημα
יפתח,αμμων
יפתח,γαλααδ
יפתח,ιεφθαε
יצהר,κααθ
יצהר,οινοσ
יצהר,σιτοσ
יצק,ελαιον
יצת,ενεπυρισασ
יקב,οινοσ
יקב,σιτοσ
יקטן,ιεκταν
יקץ,εξυπνοσθοσ
יקץ,υπνοσ
יקר,λιθοσ
יקר,σφοδρα
יקר,χρυσιον
יראה,σουσ
יראה,φοβηθοσοσ
ירבעל,ιεροβοσ
ירבעם,ιεροβοσ
ירדן,ιορδανησ
ירדן,περαν
ירה,νομοσ
ירח,ηλιοσ
יריחו,ιεριχω
יריחו,ιορδανησ
יריעה,αλληλων
יריעה,αυλαι
יריעה,βυσσοσ
יריעה,δερρεω
יריעה,κοκκινοσ
יריעה,πορφυρα
ירך,μηροσ
ירכה,βορρασ
ירכה,εσχατοσ
ירמות,ιερειμοσ
ירמות,λαχεισ
ירק,χλωροσ
ירק,χορτοσ
ירשה,ησαυ
ירשה,κληρονομια
ירשה,πολεμοσ
ירשה,συνοψησ
ישועה,δικαιοσυνη
ישמעאל,ναβαιωθ
ישמעאלי,ισμαηλιτησ
ישמעאלי,καταγω
ישעיהו,αμωσ
ישר,ευθυσ
יתד,αυλη
יתד,στυλοσ
יתום,κρισισ
יתום,προσηλυτοσ
יתום,χηρα
יתרו,γαμβροσ
יתרו,ιοθοσ
יתרו,οθοσ
יתרת,ηπατοσ
יתרת,κοιλια
יתרת,λοβοσ
יתרת,νεφροσ
יתרת,στεαρ
כבה,αδικοσ
כבה,ανομοσ
כבה,σβεσθησοσ
כבס,ακαθαρτοσ
כבס,εσπερα
כבס,ιματιον
כבס,λουσητησ
כבס,πλυνω
כבס,σωμα
כבר,κοβαρ
כבר,ορασισ
כבר,ποταμοσ
כבר,χοβαρ
כבש,αμνοσ
כבש,αμωμοσ
כבש,ενιαυσιοσ
כבש,κριοσ
כבש,μοσχοσ
כבשה,αβρααμ
כבשה,προβατον
כד,ποτιζω
כהה,αμαυροσ
כהה,δερμα
כהנה,ιερατια
כובע,περικεφαλαιοσ
כוכב,ηλιοσ
כוכב,σεληνη
כון,ετοιμαζω
כון,ετοιμοσ
כוס,αδελφη
כוס,πινω
כור,σιδηροσ
כוש,αιθιοπιοσ
כוש,ποταμοσ
כזב,ματαιοσ
כחד,κρυσσευω
כחש,ψευδησ
כחש,ψευδω
ככר,αργυριον
ככר,χρυσιον
כלב,χαλοσ
כליה,ηπατοσ
כליה,κοιλια
כליה,λοβοσ
כליה,νεφροσ
כליה,στεαρ
כליון,μααλων
כליל,καλλοσ
כלם,σκευοσ
כלמה,αισχυνη
כלמה,ατιμια
כלמה,βασανοσ
כנור,αυλοσ
כנור,τυμπανον
כנען,χανααν
כנעני,αμορραιοσ
כנעני,ευαιοσ
כנעני,ιεβουσαιοσ
כנעני,χαναναιον
כנף,χερουβιμ
כנרת,ανατολη
כסל,ηπατοσ
כסל,λοβοσ
כסל,μηρια
כסל,νεφροσ
כסל,περιαιρεω
כסל,στεαρ
כסף,χρυσιον
כעס,παροργισιον
כעס,πονηροσ
כעת,αυριον
כעת,καιροσ
כעת,ωρα
כף,πουσ
כפיר,θηρα
כפר,εξιλασετησ
כפרים,εξιλασκομαι
כפרת,ιλαστηρ
כפרת,καταπετασμα
כפרת,κιβωτοσ
כפרת,μαρτυριον
כפתור,καλαμισκοσ
כפתור,λυχνια
כפתור,σφαιρωτησ
כפתור,τεσσαρεσ
כר,κρια
כר,τραγοσ
כרוב,πτερυξ
כריתות,αποστασιον
כריתות,βιβλιον
כרם,αγροσ
כרם,αμπελωνη
כרמל,δρυμοσ
כרמל,καρμηλοσ
כרמל,λιβανοσ
כרמלי,αμφοτεροσ
כרמלי,ισραηλειτισ
כרמלי,ναβοσ
כרע,γονυ
כרע,στομα
כרעים,επιτιθημι
כרעים,ευωδια
כרעים,πουσ
כשב,αιξ
כשב,αρην
כשב,μοσχοσ
כשב,προβατον
כשב,φαιοσ
כשדי,βαβυλων
כשדי,χαλδαιοσ
כשדים,χαλδαιοσ
כשי,χουσειω
כשל,ασθενησοσ
כשף,φαρμακοσ
כתב,βιβλιον
כתית,ελαιον
כתנת,ενδυω
כתנת,ιωσηφ
כתנת,ποικιλοσ
כתף,βορρασ
כתף,νωτον
כתף,πυλη
כתרת,πηχυσ
כתרת,τεσσαρεσ
כתרת,τροχοσ
כתרת,υψοσ
כתרת,χωρα
כתת,κατακοψοσ
לאה,ραχηλ
לבבה,αμνοσ
לבבה,θημαρ
לבה,σειω
לביא,σκυμνοσ
לבן,λαβαν
לבן,λευκοσ
לבנה,λευκοσ
לבנון,κεδροσ
לבש,στολη
לג,αμνοσ
לג,ελαιον
לג,κοτυλη
להבה,καιω
לוה,αλλογενησ
לוז,βαιθηλ
לוח,γραφω
לוח,λιθην
לוח,πλακη
לוח,πλαξ
לוט,αβραμ
לוטן,λωτα
לוי,λευενοσ
לון,πρωι
לון,συναγωγη
לחי,πνευμα
לחי,σιαγων
לחך,χουσ
לין,καταλυω
לכד,καταλαμβανω
לכיש,λαχεισ
לכיש,λαχυσ
ללאת,αγκυλησ
ללאת,αλληλων
ללאת,δευτεροσ
ללאת,πεντηκοντα
למך,λαμεχ
למך,ογδοηκοντα
למען,οπωσ
לקום,δυναμαι
לקט,αγροσ
לקט,συναγω
לשכה,αυλη
לשכה,βορρασ
לשכה,εισαγω
לשכה,εξεδρα
לשכה,εξεδροσ
לשכה,νοτοσ
לשם,ονομαστοσ
מ,σειω
מאה,χιλιασ
מאום,δωρον
מאום,μωμοσ
מאור,ελαιον
מאור,ωστε
מאזנים,ζυγον
מאזנים,σταθμιον
מאכל,καρποσ
מאכל,ξυλον
מאן,βουλομαι
מאן,ποθεν
מאר,λεπρα
מבוא,δυσμη
מבוא,ηλιοσ
מבול,γενεσισ
מבול,νωε
מבול,σαρξ
מבחר,αρμα
מבחר,επιλεκτοσ
מבצר,οχυροσ
מבצר,οχυρωμα
מגבעה,βουνοσ
מגדו,δωρον
מגורים,παροικεω
מגלה,κεφαλισ
מגן,θυρεοσ
מגן,οπλον
מגרש,αφωρισμονοσ
מגרש,λευενοσ
מגרש,περισποριοι
מד,μανδυοσ
מדד,ανατολη
מדד,διεμετρησισ
מדד,ευροσ
מדד,καλαμοσ
מדד,πηχυσ
מדד,πυλη
מדה,διεμετρησισ
מדה,ευροσ
מדה,καλαμοσ
מדה,μηκοσ
מדה,πεντακοσιοι
מדה,πηχυσ
מדה,πυλη
מדין,γεδεων
מדין,μαδιαμ
מדינה,ιεζαβελ
מהפכה,καταστρεφω
מואבי,αγροσ
מואבי,μωαβειτισ
מואבי,νωεμειοσ
מואבי,ρουσ
מולדת,μητηρ
מוסר,παιδιον
מועד,θυρα
מועד,μαρτυριοσ
מוקש,σκωλοσ
מורשה,κατασχεσισ
מורשה,κληρονομια
מוש,ιησουσ
מושב,γενεα
מושב,νομιμοσ
מושי,δημοσ
מזה,εντευθεν
מזוזה,θυρα
מזוזה,πυλη
מזוזה,φλιασ
מזרח,ηλιοσ
מזרח,ιορδανησ
מזרח,περαν
מזרע,ιερεωσ
מזרע,σπερμα
מזרק,αργυρεοσ
מזרק,εβδομηκοντα
מזרק,εκατον
מזרק,σικλοσ
מזרק,τριακοντα
מזרק,τρυβλιον
מחברת,αλληλων
מחזה,ορασισ
מחיר,αργυριον
מחיר,δωρον
מחלה,γαλααδ
מחלה,μελχασ
מחלה,νοσοσ
מחלון,μααλων
מחלי,αρρωστισ
מחלי,δημοσ
מחלי,ζησομοσ
מחלי,μοολεισ
מחלקת,ιησουσ
מחלקת,κληροσ
מחמד,επιθυμηματοσ
מחנים,παρεμβολη
מחסור,υστερημα
מחצית,πεντηκοντα
מחר,ωρα
מחשבה,αργυριον
מחשבה,βουλη
מחשבה,χαλκοσ
מחשך,σκοτοσ
מחתה,επιβαλλω
מחתה,πυρειοσ
מחתה,φιαλη
מטעמים,εδεσμα
מטר,βρεχω
מיכה,μειχα
מיכה,μειχαια
מיכיהו,μειχα
מיכל,μελχοσ
מימן,δεξιοσ
מין,ερπετον
מין,καλοσ
מין,ομοιοσ
מין,πετεινον
מינקת,αδελφη
מישור,γαλααδ
מישור,μεισυρ
מישור,πεδιον
מיתר,αυλη
מכוה,αυγυζοσ
מכון,ετοιμοσ
מכונה,μεχωνων
מכונה,σολομων
מכונה,στυλοσ
מכיר,δημοσ
מכיר,μαγειρ
מכמש,μαχευσ
מכס,τελοσ
מכס,τριακοντα
מכס,χιλιασ
מכסה,καλυμμα
מכסה,κιβωτοσ
מכסה,κοιλια
מכסה,στεαρ
מכסה,υακυνθινοσ
מכפלה,αγροσ
מכפלה,απεναντι
מכפלה,διπλοοσ
מכפלה,εφρων
מכפלה,μνημειον
מכפלה,σπηλαιον
מכפלה,χανααν
מכשול,αδικια
מכשול,κολασισ
מלאכה,εβδομοσ
מלאכת,εβδομοσ
מלאכת,λατρευτοσ
מלח,μεροσ
מלח,οριον
מלחמת,σκευοσ
מלט,σωζω
מלכה,ναχωρ
מלקוח,προνομησ
מלקוח,σκυλον
מלקוש,οψιμοσ
מלקוש,πρωιμοσ
מלקוש,υετοσ
ממכר,αποδιδωμι
ממכר,πρασισ
ממלכת,βασυσ
ממרא,αβρααμ
ממרא,αγροσ
ממרא,διπλουσ
ממרא,εφρων
ממרא,μαμβροσ
ממרא,σπηλαιον
מנה,προστασσω
מנוח,αγγελοσ
מנוח,μανοσ
מנורה,καλαμισκοσ
מנורה,λυχνια
מנורה,τεσσαρεσ
מנורה,τραπεζα
מנחה,ελαιον
מנחם,μαναημ
מנשה,ημισυσ
מנשה,ρουβην
מס,εκαιρω
מס,χαναναιοσ
מסגרת,μεχωνων
מסגרת,στυλοσ
מסך,αυλη
מסך,καλυμμα
מסך,σκευοσ
מסכה,γλυπτοσ
מסכה,χωνευτοσ
מסלה,αγροσ
מסע,παρεμβολη
מספד,κοπτω
מספד,πενθοσ
מספוא,αχυρον
מספוא,ονοσ
מספחת,δερμα
מספחת,σημασιοσ
מספר,αρσενικοσ
מספר,επανω
מעבר,ιορδανησ
מעבר,περαν
מעבר,ποταμοσ
מעברה,διαβασισ
מעברה,ιορδανησ
מעון,μααν
מעיל,ενδυω
מעים,κοιλια
מעין,πηγη
מעין,συναγωγη
מעכה,αβελ
מעכתי,οριον
מעלה,αναβαθμοσ
מעלה,δεκα
מעלה,ενθεν
מעלה,κλιμακτηρ
מעלה,σκια
מעלה,φοινιξ
מעלל,πονηροσ
מעץ,ξυλον
מערב,εσπερα
מערב,συμμικτοσ
מערה,αγροσ
מערכה,αλλοφυλοσ
מעשר,επιδεκατοσ
מפיבשת,μεμφιβοσθοσ
מפלת,πτωσεω
מפלת,πτωσισ
מפתח,θυρα
מפתן,δοξα
מפתן,προθυρον
מפתן,χερουβιμ
מץ,χνοσ
מצב,αλλοφυλοσ
מצב,ιωναθοσ
מצב,μεσσοσ
מצבה,αλσοσ
מצבה,λιθοσ
מצד,σπηλαιον
מצד,στενοσ
מצה,αζυμοσ
מצה,αρτοσ
מצה,ελαιον
מצה,επιτιθημι
מצה,λαγανοσ
מצוה,αζυμοσ
מצוה,φυλασσω
מצוק,εχθροσ
מצוק,στενοχωρια
מצור,συγκλεισμοσ
מצפה,μασσηφοσ
מצרי,αγαρ
מקדה,μακηδυσ
מקור,πηγη
מקל,οαβδοσ
מקל,προβατον
מקלט,φευγω
מקלט,φονευσα
מקסם,ορασισ
מקק,τακασον
מקרא,εβδομοσ
מקרא,κλητοσ
מקרא,λατρευτοσ
מראשות,δορυ
מרב,αγορα
מרב,πληθοσ
מרגלת,βουσ
מרגלת,κοιμαω
מרגלת,πουσ
מרד,αφιστημι
מרה,απειθεω
מרום,ονειδιζω
מרום,υψηλοσ
מרום,υψοσ
מרחק,μακραν
מרחק,μακροθεν
מרי,παραπικρεινοσ
מריא,μοσχοσ
מריא,πληθοσ
מריא,προβατον
מריבה,καδησ
מרים,ελεγμοσ
מרים,μαρια
מרכבה,ιπποσ
מרק,ζωμοσ
מרק,κρεασ
מרר,πικροσ
מררי,δημοσ
מררי,μεραρι
מררי,μεραρυσ
משבצות,ασπιδωσκοσ
משבצות,καθαροσ
משבר,ωδιν
משח,ελαιον
משח,χραω
משחה,ελαιον
משחה,στολη
משחה,χραω
משיח,επιφερω
משך,θοβελ
משכב,ακαθαρτοσ
משכב,αρσην
משכב,κοιμαομαι
משכן,μαρτυριον
משמן,ελαιον
משמן,χραω
משמרת,φυλασσω
משנה,διπλοοσ
משסה,διαρπαγη
משענת,καλαμινοσ
משפחה,δημοσ
משפחה,πατριον
משפחת,δημοσ
משקה,αρχη
משקוף,φλιασ
משקל,αμφοτεροι
משקל,αργυρεοσ
משקל,δωρον
משקל,εβδομηκοντα
משקל,σεμιδαλησ
משקל,σικλοσ
משתה,απαγγελλω
מתושלח,ογδοηκοντα
מתנה,δομα
מתנים,ζωνη
מתנים,οσφυσ
נאף,μοιχαλισ
נאץ,παρωξυνοσ
נאקה,στεναγμοσ
נבא,προφητευω
נבא,προφητησ
נבו,ναβοσ
נבוזראדן,αρχιμαγειροσ
נבוכדנאצר,ναβουχοδονοροσ
נבוכדראצר,ναβουχοδονοροσ
נבט,ιεροβοσ
נבט,ναβοσ
נבל,ναβοσ
נבלה,ακαθαρτοσ
נבלה,θνησιμασ
נגב,βορρασ
נגב,οριον
נגה,ηλιοσ
נגה,νεφελη
נגה,σεληνη
נגה,φεγγοσ
נגח,κερασ
נגח,κερατινω
נגח,λιθοβολεω
נגח,ταυροσ
נגן,αγαθοσ
נגן,πνευμα
נגן,πονηροσ
נגע,ακαθαρτοσ
נגע,λεπρα
נגש,προσαγω
נדב,αβιουδ
נדב,ναδοσ
נדבה,ευχη
נדבה,ομολογια
נדד,εξιστημι
נדה,ακαθαρσια
נדה,ακαθαρτοσ
נדח,πλαναω
נדח,συναγω
נהג,αγω
נוא,ανανευσισ
נוא,ορισμοσ
נוא,ωρισατοσ
נוה,αναπαυω
נוה,προβατον
נון,ναυη
נוע,ξυλον
נוף,επιτιθημι
נזיד,λεβησ
נזיר,ευχη
נזם,ενωτιον
נזם,χρυσεοσ
נזר,επιτιθημι
נזר,ευχη
נחור,μελχασ
נחושה,σιδηρεοσ
נחושה,χαλκουσ
נחם,παρακαλεω
נחשון,ναασσων
נחשת,αργυριον
נחשת,χαλκουσ
נחשת,χρυσιον
נטע,αμπελων
נטע,οικια
נטש,αλλοφυλοσ
נטש,πεδιον
ניות,αυα
ניות,ραμα
ניחח,ολοκαυτωμα
ניחח,οσμη
נינוה,κηρυσσω
נכר,επιγιγνωσκω
נמשי,ειοσ
נסך,αμνοσ
נסך,ολοκαυτωσισ
נסך,σπονδη
נסע,απαιρω
נסע,παρενιβαμαι
נעה,μελχασ
נעה,νοσοσ
נעורים,νεοτησ
נעורים,νηπιοσ
נעורים,πορνεια
נעל,οσφυσ
נעל,πουσ
נעמה,δεκα
נעמי,νωεμειοσ
נעמי,νωεμησ
נעמן,ναιμαν
נערה,νεανισ
נפתלי,ασηρ
נפתלי,νεφθαλη
נצה,μαχομαι
נצח,αιων
נצח,νικοσ
נציב,αλλοφυλοσ
נציב,νασυσ
נצל,εξαιρεω
נקבה,αρσην
נקד,αιξ
נקד,λευκοσ
נקד,μισθοσ
נקד,ποικιλοσ
נקד,προβατον
נקה,αθωοσ
נקה,καθαριζω
נקי,αθωοσ
נקי,εκχεω
נקם,δικη
נקם,εκδικησισ
נקם,εχθροσ
נקמה,εκδικησισ
נקמה,εχθροσ
נקע,αφιστημι
נר,αβεννηρ
נר,λυχω
נשך,οφισ
נשך,πλεονασμοσ
נשך,τοκοσ
נשמה,ζωη
נשמה,καταλειπω
נשק,ποτιζω
נשר,αετον
נתח,διχοτομημα
נתח,επιτιθημι
נתח,μελοσ
נתח,ξυλον
נתיבה,τριβοσ
נתך,οργη
נתץ,αλσοσ
נתץ,βααλ
נתץ,καθαιρεω
נתק,δερμαω
נתק,θρασσω
נתק,θραυσμα
סאה,μετρον
סאה,σεμιδαλησ
סאה,συκλοσ
סבל,ωμοσ
סגד,λοιποσ
סגד,προσκυνοσ
סגור,κελεισμηνοσ
סגור,πυλη
סגור,χρυσιον
סגן,επιλεκτοσ
סגן,ιπποσ
סגן,νεανισκοσ
סגן,στρατηγοσ
סגר,αφοριησ
סגר,θυρα
סדם,σοδομα
סהר,ιωσηφ
סוג,οριον
סוך,ελαιον
סוס,αρμα
סוף,ερυθροσ
סחר,αργυριον
סחר,εμπορευομαι
סחר,εμποροσ
סחר,πληθοσ
סיחון,αμορραιοσ
סיחון,εσεβησ
סין,απαιρω
סיני,σεινοσ
סיסרא,σεισαροσ
סכה,εορτη
סל,αζυμοσ
סל,αρτοσ
סל,ελαιον
סל,επιτιθημι
סל,κανοσ
סל,κριοσ
סל,λαγανοσ
סלה,διαψαλμοσ
סלח,εξιλασετησ
סלח,ιλαοσ
סללה,χαραξ
סלת,αναπεποιημνησ
סלת,δωρον
סלת,ελαιον
סלת,πληρησ
סלת,σεμιδαλησ
סם,ελαιον
סם,θυμιαμα
סם,συνθισησ
סם,χραω
סמך,επιτιθημι
סמך,ολοκαυτωμα
סנחריב,σενναχηρειμ
סנפיר,λεπισ
סנפיר,πτερυγιον
סעיף,πετρα
סערה,λιθοσ
סף,προθυρον
ספד,κοπετοσ
ספד,κοπτω
ספה,προστιθημι
ספיח,ενιαυτοσ
ספיר,λιθοσ
ספיר,σαπφειροσ
ספר,γραφω
ספרוים,αρφασ
ספרוים,που
סקל,λιθοβολεω
סקל,λιθοσ
סריס,ευνουχοσ
סרן,αλλοφυλοσ
סרן,πεντε
סרר,απειθεω
סתם,εμφρασσω
סתר,κρυπτω
עב,αιλαμ
עב,υετοσ
עבדה,μαρτυριον
עבדיהו,αβδειοσ
עבדיהו,αχαοσ
עבוט,ενεχυροσ
עבר,ιορδανησ
עברי,εβραιοσ
עבת,δεσμοσ
עבת,επιτιθημι
עגב,ασσυριοσ
עגב,επιτιθημι
עגה,εγκρυφειοσ
עגל,μοσχαριον
עגלה,αμιξα
עגלון,εγλωμ
עגלון,λαχεισ
עגלון,οδολλυσ
עגלון,χεβρωμ
עדה,μαρτυριον
עדות,δικαιωμα
עדות,εντολη
עדות,κιβωτοσ
עדות,φυλασσω
עדן,εδεμ
עדן,ξυλον
עדן,παραδεισοσ
עדן,τρυφη
עדף,εκαστοσ
עדף,λατροσ
עדף,πλεονιζοσ
עדר,ποιμην
עדשה,φακοσ
עוג,αμορραιοσ
עוג,βασιλεια
עוג,βασυσ
עוה,αδικεω
עוה,που
עוי,ευαιοσ
עול,αδικοσ
עול,αποστρεφω
עול,δικαιοσ
עול,δικαιοσυνη
עולל,εχω
עולם,αιωνιοσ
עון,αδικια
עון,ανομια
עוף,ερπετον
עוף,θηριον
עוף,κτηνοσ
עוף,πετεινον
עז,χιμαροσ
עזבונים,αγορα
עזבונים,πληθοσ
עזבונים,συμμικτοσ
עזרה,τεσσαρεσ
עזריה,αζαρισ
עטרות,οριον
עי,γαια
עילם,αιλαμ
עינן,αιναν
עינן,αχειροσ
עירא,ειρασ
עכבר,μυσ
עכבר,χρυσεοσ
עכור,φαραγξ
עכן,αχαρ
עכרן,ασηρ
עכרן,εχρανησ
עכרן,φαγαιοσ
עלטה,κρυπτω
עלטה,ωμοσ
עליון,υψιστοσ
עלילה,επιτηδευμα
עללות,επιφυλλισ
עללות,τρυγητοσ
עלם,προβατον
עמה,απαρχη
עמה,εχω
עמה,μηκοσ
עמה,τροχοσ
עמה,χιλιασ
עמוד,βασισ
עמוד,νεφελη
עמוד,στυλοσ
עמוד,τεσσαρεσ
עמוד,χαλκοσ
עמון,αμμων
עמוני,αμμανειτησ
עמוני,δεκα
עמוני,σολομων
עמוס,αμωσ
עמוס,ιεροβοσ
עמיאל,μαγειρ
עמינדב,αμειναδαβοσ
עמינדב,αμειναδησ
עמינדב,ναασσων
עמישדי,αμεισαδησ
עמישדי,δαν
עמית,πλησιον
עמל,δικαιοσ
עמר,δραγμα
עמר,συλλεγω
עמרה,αδαμα
עמרה,γομυρρα
עמרי,ζαμβροσ
עמרם,χεβρωμ
עמשא,αμεσσαησ
עמשא,αμεσσησ
ענב,αμπελοσ
ענב,οινοσ
ענב,σταφυλησ
ענג,αγαθοσ
ענג,στομα
ענג,τεκνον
ענו,πτωχοσ
ענף,καρποσ
ענק,ενακημ
עפר,χουσ
עפרה,γεδεων
עפרה,εφραθα
עפרון,εφρων
עפרון,σπηλαιον
עפרון,χετταιοσ
עפרת,αργυριον
עפרת,κασσιτεροσ
עפרת,μολιβοσ
עפרת,σιδηροσ
עפרת,χαλκοσ
עץ,ξυλον
עצה,αχειτοφησ
עצה,βουλευω
עצום,ισχυροσ
עצמון,διεξοδοσ
עצמון,οριον
עצרה,αγιαζω
עצרה,κηρυσσω
עקב,σπερμα
עקד,αιξ
עקד,διαλευκοσ
עקד,κριοσ
עקד,ποικιλοσ
עקד,προβατον
עקד,ραντοσ
עקר,αρμα
עקר,στειρα
עקר,τικτω
עקרב,σκορπιοσ
עקרון,ακκαροσ
עקרון,αλλοφυλοσ
ער,μωαβ
ערב,ακαθαρτοσ
ערב,ιματιον
ערבה,ιεριχω
ערבה,ιορδανησ
ערבה,μωαβ
ערבון,αρραβων
ערוה,αισχυνη
ערוה,αποκαλυπτω
ערוה,αποκαλυψισ
ערוה,ασχημοσυνη
ערום,ανυποδετοσ
ערוער,φαραγγοσ
ערוער,χειμαρροσ
עריסה,απαρχη
עריסה,αφαιρεμα
עריץ,απολλυμι
עריץ,ασεβησ
עריץ,λοιμοσ
עריץ,μαχαιρα
ערך,αργυριον
ערך,τιμη
ערל,μαχαιρα
ערל,τραυματιοσ
ערלה,ακροβυστια
ערלה,περιτεμνω
ערלה,σαρξ
ערף,εχθροσ
ערפל,νεφελη
ערפל,σκοτοσ
ערץ,ισχυσ
ערץ,οταν
ערץ,φοβεω
ערץ,φοβοσ
עשב,καρποσ
עשב,ξυλον
עשור,δεκατοσ
עשור,εβδομοσ
עשור,μεισ
עשירי,ελαιον
עשירי,μεισ
עשירי,οιφι
עשק,ορφανοσ
עשק,προσηλυτοσ
עשר,μεισ
עשרון,αμνοσ
עשרון,δεκατησ
עשרון,δεκατοσ
עשרון,ελαιον
עשרון,σεμιδαλησ
עשרים,πεντε
עשרים,χιλιασ
עשתי,μεισ
עשתרת,προβατον
עתוד,δωρον
עתוד,ενιαυσιοσ
עתוד,πεντε
עתוד,σωτηριοσ
עתוד,τραγυσ
עתליה,γοθολια
עתניאל,γοθονιησ
עתר,επακουω
פאה,ανατολη
פאה,οριον
פאר,δοξα
פאר,δοξασθησοσ
פארן,φαραν
פגעיאל,ασηρ
פגעיאל,φαγαιοσ
פגר,κωλον
פגר,πορνεια
פגר,σωμα
פדה,πρωτοτοκοσ
פדוים,λατροσ
פדוים,πλεοναζιντοσ
פדן,βαθουηλ
פדן,μεσοποταμια
פדן,μητηρ
פדן,συρια
פדן,χανααν
פוט,λιβυσ
פוטי,ηλιοσ
פוטי,ιερεωσ
פוטי,ιωσηφ
פוטיפרע,ηλιοσ
פוטיפרע,ιερεωσ
פוטיפרע,ιωσηφ
פוץ,διασπειρω
פוץ,χωρα
פחד,δοξα
פחה,ιπποσ
פחה,σαλαθιηλ
פטר,διανοιγω
פטר,μητρα
פיכל,αρχιστρατηγοσ
פיכל,νυμφαγωγοσ
פיכל,οχοζαθ
פינחס,φεινεα
פלא,θαυμαστοσ
פלג,εβερ
פלוא,φαλοσ
פליט,ανασωζομοσ
פלתי,χελεω
פנימי,αυλη
פנימי,βλεπουσ
פנימי,βορρασ
פנימי,διεμετρησισ
פנימי,εισαγω
פנימי,εσωτεροσ
פנימי,πυλη
פס,ποικιλοσ
פס,χιτων
פסגה,ασηδησ
פסגה,λελαξευμων
פסגה,φασγοσ
פסיל,γλυπτοσ
פסל,γλυπτοσ
פסל,χωνευτοσ
פעור,πληγη
פעם,απαξ
פעם,επτακισ
פצה,στομα
פצח,ευφροσυνη
פצע,μωλωψ
פצע,τραυμα
פצר,παραβιαζομαι
פקד,χιλιασ
פקדה,επισκεψισ
פקח,ρομελιοσ
פקח,φεικεοσ
פר,αμνοσ
פר,αμωμοσ
פר,βουσ
פר,κριοσ
פר,μισχοσ
פרד,διαχωριζω
פרד,ιπποσ
פרדה,ημιονοσ
פרה,αυξανω
פרה,βουσ
פרה,πληθυνω
פרה,σαρξ
פרזי,αμορραιοσ
פרזי,γεργεσαιοσ
פרזי,ευαιοσ
פרזי,ιεβουσαιοσ
פרזי,φερεζαιοσ
פרזי,χαναναιον
פרזי,χαναναιοσ
פרזי,χετταιοσ
פרי,ξυλον
פרך,κατατενη
פרך,μοχθοσ
פרכת,κιβωτοσ
פרכת,μαρτυριον
פרם,ιματιον
פרס,ακαθαρτοσ
פרס,διχηλησ
פרס,διχηλοσ
פרס,μηρυκισμοσ
פרס,ονυχιστηρ
פרס,οπλοσ
פרסה,ακαθαρτοσ
פרסה,διχηλοσ
פרסה,κτηνοσ
פרסה,μηρυκισμοσ
פרסה,ονυχιστηρ
פרסה,οπλοσ
פרע,ηλιοσ
פרע,ιερεωσ
פרע,ιωσηφ
פרר,μισχοσ
פרר,μοσχοσ
פרש,αρμα
פרת,ποταμοσ
פשה,αφιημι
פשה,δερμα
פשה,εβδομοσ
פשה,ιματιον
פשת,ερεοσ
פשת,ιματιον
פשת,κροκη
פשת,λεπρα
פשת,λινοσ
פתח,μαρτυριον
פתר,διηγεομαι
פתר,ενυπνιον
פתר,ιωσηφ
פתרון,ενυπνιον
צאן,βουσ
צאן,ποιμνιον
צאן,προβατον
צאצאים,σπερμα
צבא,παντοκρατωρ
צבא,σαβαωθ
צבאים,αδαμα
צבאים,γομυρρα
צבאים,σοδομα
צבה,κοιλια
צבה,μηροσ
צבי,δορκαδη
צבי,ελαφοσ
צבי,καθαροσ
צבעון,σεβεγων
צד,πλευροσ
צדוק,σαδδοσ
צדק,κρισισ
צדקה,κριμα
צהרים,μεσημβρισ
צואר,κλαιω
צואר,τραχωλοσ
צובא,αμμων
צובא,σουβοσ
צום,νηστεια
צוער,ισσαχαρ
צוער,σωγυρ
צוק,εχθροσ
צוק,θλιψισ
צוק,στενοχωρια
צורישדי,σουρισαδοσ
צורישדי,συμεων
צחיח,λεωπετριοσ
צחק,παιζω
צחק,σαρρα
ציבא,σειβοσ
ציד,ευλογεω
ציד,ησαυ
ציד,ισαακ
צידון,σειδοσ
צידני,σιδωνιοσ
צידני,σολομων
ציה,διψωσοσ
ציון,σειω
ציץ,δοξα
צלח,ευοδοω
צלח,πνευμα
צלמנע,γεδεων
צלמנע,ζεβεω
צלמנע,σελμανοσ
צלע,πεντε
צלפחד,δημοσ
צלפחד,νοσοσ
צלפחד,σαλπαησ
צמד,ζευγοσ
צמוקים,αρτοσ
צמח,ανατελλω
צמר,ερεοσ
צמר,ιματιον
צמר,κροκη
צמר,λεπρα
צמרת,αρχη
צמרת,μεγεθοσ
צמרת,νεφελη
צן,καδησ
צן,σεισ
צנה,λογχη
צנה,οπλον
צעיר,νεωτεροσ
צעיר,πρωτοτοκοσ
צעק,βοαω
צפון,ανατολη
צפון,βορρασ
צפון,νοτοσ
צפון,οριον
צפון,πυλη
צפור,βαλακ
צפור,ορνιθιον
צפור,σεπφωρ
צפחת,αλευρον
צפחת,δορυ
צפחת,ελαιον
צפניה,σοφονιοσ
צפרדע,θεραπων
צפרדע,ποταμοσ
צקלג,σεκελοσ
צרויה,σαρουιοσ
צרויה,σαρουν
צרע,αφιημι
צרע,λεπροσ
צרע,χιοσ
צרעה,δαν
צרעה,δημοσ
צרעה,σαραοσ
צרעת,αφιημι
צרעת,δερμα
צרעת,λεπρα
צרעת,λευκοσ
צרעת,μιανησ
צרף,αργυριον
צרף,χρυσιον
צרר,εχθροσ
צרר,θλιψισ
קבב,βαλααμ
קבב,βαλακ
קבב,δευρο
קבורה,θαπτω
קבורה,μνημα
קדד,εκυψοσ
קדד,κυπτω
קדד,προσκυνεω
קדים,βλεπουσ
קדים,νοτοσ
קדים,οριον
קדים,πυλη
קדם,ανατολη
קדמה,αρχη
קדמני,πρωτοσ
קדר,ηλιοσ
קדרון,κεδρων
קדרון,χειμαρρουσ
קדרון,χουσ
קהת,δημοσ
קהת,χεβρωμ
קהתי,δημοσ
קהתי,κααθ
קו,μετρον
קוה,εμεινα
קוה,κρισισ
קוה,σωτηρια
קוט,επιτηδευμα
קומה,δεκα
קומה,πηχυσ
קוץ,ακανθα
קוץ,ακανθοσ
קטן,νεοσ
קטר,επιτιθημι
קטר,ευωδια
קטר,οσμη
קטרת,δεκα
קטרת,θυισκησ
קטרת,θυμιαματοσ
קטרת,πληρησ
קטרת,χρυσεοσ
קין,αβελ
קין,καιν
קין,τικτω
קינה,θρηνοσ
קינן,γενναω
קינן,καιναν
קיץ,οινοσ
קיקיון,κολοκυνθοσ
קיש,εκεισε
קישון,κεισω
קל,κουφοσ
קלון,ατιμια
קללה,ευλογια
קלע,αυλη
קלע,ιστιον
קלע,κλιτοσ
קלע,πηχυσ
קלע,στυλοσ
קלע,χρυσιον
קמח,αλευρων
קמח,ελαιον
קמח,οιφι
קמץ,μνημοσυνον
קן,νοσσια
קנא,ζηλοω
קנאה,θυμοσ
קנז,γοθονιησ
קנזי,ιεφοννησ
קנין,κτηνοσ
קנין,υπαρχω
קסם,μαντεια
קסם,ματαιοσ
קסם,προφητησ
קסם,ψευδησ
קסת,ζωνη
קסת,οσφυσ
קסת,ποδηρησ
קעילה,αλλοφυλοσ
קעילה,κεειλοσ
קערה,αργυρεοσ
קערה,εβδομηκοντα
קערה,εκατον
קערה,ολκη
קערה,σικλοσ
קערה,τρυβλιον
קערה,φιαλη
קפד,εχινοσ
קץ,αγγελοσ
קץ,ηκω
קץ,καιροσ
קץ,περασ
קצין,αρχηγοσ
קציר,αγροσ
קציר,πυροσ
קצף,οργη
קצץ,πουσ
קצר,αγροσ
קרבן,δωρον
קרבן,ελαιον
קרבן,προσφερω
קרבן,σεμιδαλησ
קרדם,αξινη
קרחה,σακκοσ
קרי,πλαγιοσ
קריה,χεβρωμ
קרן,βασισ
קרן,επιτιθημι
קרע,ιματιον
קרעים,ιματιον
קרר,τοιχοσ
קרש,βασισ
קרש,μεροσ
קרש,μοχλοσ
קרש,στυλοσ
קרש,χρυσεοσ
קש,φλοξ
קש,φρυγανοσ
קשב,προσεχω
קשקשת,πτερυγιον
קשש,ξυλον
קשש,συλλεγοσ
ראובן,ρουβην
ראובני,αρνοσ
ראובני,γαδ
ראובני,ημισυσ
ראובני,μανασσησ
ראם,μονοκερωτοσ
ראשון,πρωτοσ
רבב,αυξανω
רבב,κτηνοσ
רבב,πληθυνω
רבב,πληροω
רבבה,χιλιασ
רביעי,αμνοσ
רביעי,δεκατοσ
רביעי,οινοσ
רביעי,σπονδη
רבע,μεροσ
רבע,μηκοσ
רבע,πηχυσ
רבע,τεσσαρεσ
רבץ,αναπαυω
רבץ,βοσκεθησον
רבץ,λεων
רבץ,ποιμνιον
רבשקה,ασσυριοσ
רבשקה,εζεκιασ
רגם,θανατοσ
רגם,λιθοβολησοσ
רגם,λιθοσ
רגם,συναγωγη
רגע,μικροσ
רדף,καταδιωκω
רהט,προβατον
רום,υψοω
רוע,σαλπιγξ
רוע,σαλπισα
רוש,κληρονομεω
רות,ρουσ
רות,ρυσ
רחב,εικοσι
רחב,μηκοσ
רחב,πεντε
רחב,πηχυσ
רחבעם,ροβοαμ
רחום,μακροθυμοσ
רחום,πολυελεοσ
רחים,μυλοσ
רחם,ελεεω
רחם,μητρα
רחמים,οικτειρμοσ
רחץ,ακαθαρτοσ
רחץ,ιματιον
רחץ,λουσητησ
רחץ,πλυνω
רחץ,σωμα
רחק,μακραν
רטש,εχω
רטש,τεκνον
ריב,κρινω
ריח,ευωδια
ריח,ολοκαυτωμα
ריק,μαχαιρα
ריקם,κενοσ
ריקם,οφθυσισ
רכוש,χανααν
רכל,εμπορια
רכל,εμποροσ
רכש,υπαρχω
רמה,σαμουηλ
רמון,ρεμμοσ
רמליהו,ρομελιοσ
רמס,πουσ
רמש,θηριον
רמש,κτηνοσ
רמש,πετεινον
רמת,ρεμμοσ
רנן,αμα
רנן,ευφραινω
רנן,ευφρανθηστηστοσ
רנן,ευφροσυνη
רנן,σειω
רעב,αρτοσ
רעב,θανατοσ
רעם,ποιμην
רעם,πονηροσ
רעם,προβατον
רענן,βουνοσ
רענן,ξυλον
רענן,υποκατω
רענן,υψηλοσ
רעע,πονηροσ
רעש,σεισθεσοσ
רעש,σεισμοσ
רעש,σειω
רפאים,αλλοφυλοσ
רפאים,γιγασ
רפאים,κοιλασ
רפאים,ραφαοσ
רפידים,απαιρω
רפידים,ραφιδειοσ
רצה,προσδεχομαι
רצון,αμωμοσ
רצון,δεκτοσ
רצון,προβατον
רצח,θανατοσ
רצח,φονευσα
רצח,φονευτοσ
רצין,ραασσων
רצפה,γαια
רצפה,περιστυλοσ
רצפה,ρεσφοσ
רקח,μυρεψοσ
רקיק,αζυμοσ
רקיק,αρτοσ
רקיק,ελαιον
רקיק,κανουν
רקיק,λαγανοσ
רקם,βυσσοσ
רקם,κοκκινοσ
רקם,ποικιλτοσ
רקם,πορφυρα
רקמה,ποικιλοσ
רקמה,υακινθοσ
רשע,ανομοσ
רשע,αποστρεφω
רשע,δικαιοσ
רשעה,ανομια
רשעה,ανομοσ
רשעה,αποστρεφω
רשעה,δικαιοσυνη
שאב,εκπορευομαι
שאב,πινω
שאג,ερευξετοσ
שאג,λεων
שאג,σκυμνοσ
שאלתיאל,σαλαθιηλ
שאר,καταλειπω
שארית,καταλοιποσ
שארית,καταλοιπω
שבא,βασιλισσα
שבא,εμποροσ
שבוע,εορτη
שבות,αποστρεφω
שביעי,μεισ
שבלת,ανεμοφθοροσ
שבלת,καλοσ
שבלת,λεπτοσ
שבלת,πληρησ
שבלת,σταχυσ
שבמה,σεβαμοσ
שבנא,γραμματευσ
שבנא,οικονομοσ
שבנא,σομνα
שבתון,αναπαυσισ
שבתון,εβδομοσ
שבתון,σαββατον
שגב,υψηλοσ
שגב,υψοω
שגגה,ακουσιωσ
שגר,βουσ
שגר,εκγονοσ
שגר,κοιλια
שגר,ποιμνιον
שגר,προβατον
שדד,ολολυξατοσ
שדיאור,ελισοσ
שדיאור,ρουβην
שדיאור,σεδιουριοσ
שדמה,αμπελοσ
שדף,λεπτοσ
שדף,σταχυσ
שה,μισχοσ
שה,μοσχοσ
שהם,λιθοσ
שהם,χρυσιον
שוא,ψευδησ
שואה,ηκω
שוט,ελπισ
שונמי,αβεισοσ
שונמי,γιεζειοσ
שונמי,σωμανειτισ
שועה,κραυγη
שוק,δεξιονισ
שוק,στεαρ
שוק,στηθυνιον
שוק,τελειωσισ
שור,προβατον
שוש,ευφραινω
שוש,ευφροσυνη
שזר,βυσσοσ
שזר,κεκλωσμενη
שזר,κεκλωσμινοσ
שזר,κοκκινοσ
שזר,πορφυρα
שזר,υακυνθοσ
שחד,δικαιοσ
שחח,εδαφοσ
שחח,ταπεινοω
שחח,υψοσ
שחט,επιτιθημι
שחט,μοσχοσ
שחט,σφαζω
שחין,ελκοσ
שחין,ελκω
שחק,παιζω
שחת,διαφθειρω
שטה,ασηπτοσ
שטה,ξυλον
שטן,αγγελοσ
שטף,ελπισ
שטף,θανατοσ
שטר,γραμματευσ
שיבה,αιδησ
שיבה,καταγω
שיבה,πολια
שילני,αχειοσ
שילני,ιεροβοσ
שית,χερσοσ
שכבה,ακαθαρτοσ
שכבה,κοιτη
שכבה,σπερμα
שכבת,κοιτη
שכח,επιλυθοσ
שכיר,μισθοσ
שכיר,παροικοσ
שכל,πονηροσ
שכם,πρωι
שכם,συχεμ
שכר,οινοσ
שלה,ελωι
שלה,σηλοσ
שלו,κυκλω
שלחן,λυχνια
שליש,τριστατησ
שלישית,τεταρτοσ
שלל,προνομησ
שלל,σκυλοω
שלם,σωτηριοσ
שלמיאל,σαλαμιησ
שלמיאל,συμεων
שלף,ελκω
שלף,ρομφαια
שלף,χιλιασ
שלשום,εχθεσ
שלשום,τριτοσ
שמאל,δεξιοσ
שמאלי,αριστεροσ
שמאלי,δεξιοσ
שמאלי,ελαιον
שמד,απολλυμι
שמח,χαιρω
שמחה,ευφρανθισησ
שמט,αφεσισ
שמטה,αφισην
שמיני,μεισ
שמיר,ακανθοσ
שממה,αφανισμοσ
שמן,ελαιον
שמן,σεμιδαλησ
שמעון,συμεων
שמעי,σεμεοσ
שמר,εντολη
שמרון,σαμαρεια
שמרון,σαμαρειοσ
שמש,ανατολη
שמשון,αλλοφυλοσ
שמשון,σαμψων
שן,ελεφαντινοσ
שן,οδουσ
שסע,αναγω
שסע,διχηλοσ
שסע,κτηνοσ
שסע,μηρυκισμοσ
שסע,ονυχιστηρ
שסע,οπλοσ
שעה,πειθω
שעיר,αιξ
שעיר,χιμαροσ
שעירה,φερω
שערה,θριξ
שערה,πυλη
שפך,εκχεω
שפך,θυμοσ
שפל,ταπεινοω
שפל,υψηλοσ
שפלה,αμορραιοσ
שפלה,ορεινοσ
שפלה,πεδινησ
שפלה,πεδιον
שפלה,ταπεινοσ
שפן,σαφφοσ
שפן,χελκειοσ
שק,ιματιον
שק,περιβαλλω
שקה,αρχιοινοχοοσ
שקה,ποτιζω
שקוץ,βδελυγμα
שקל,αργυριον
שקל,εβδομηκοντα
שקל,εκατον
שקל,ελαιον
שקל,σεμιδαλησ
שקל,σικλοσ
שקל,τριακοντα
שקף,θυρισ
שקץ,ακαθαρτοσ
שקץ,βδελυγμα
שקץ,ερπετον
שקץ,πετεινον
שריד,καταλειπω
שריד,στομα
שריד,τροποσ
שריון,ενδυω
שרף,κατακαιω
שרץ,ακαθαρτοσ
שרץ,βδελυγμα
שרץ,ερπετον
שרץ,κτηνοσ
שרץ,πετεινον
שרק,συρισ
שרש,καρποσ
שרש,σπερμα
שרת,λειτουργοσ
ששון,αγαλλιαμα
ששון,αινεσισ
ששון,ευφροσυνη
ששון,σειω
שת,αδαμ
שת,γενναω
שת,επονομαζω
שתה,οινοσ
שתל,καρποσ
שתן,τοιχοσ
תא,εικοσι
תא,ενθεν
תא,θεω
תא,μετρον
תא,μηκοσ
תא,πεντε
תא,πηχω
תא,πυλη
תאנה,αμπελοσ
תאנה,ξυλον
תאנה,συκοσ
תאר,καλοσ
תבה,νωε
תבואה,γενημα
תבואה,γενημισ
תבונה,φρονησισ
תבור,βαρακ
תבור,θαβοσ
תבן,αχυρον
תבן,χορτασμα
תבנית,ομοιοω
תגלה,ασσυριοσ
תהו,κενοσ
תהום,αβυσσοσ
תהום,πηγη
תהלה,αρετη
תולדות,δημοσ
תולדות,εκπορευομαι
תולדות,επανω
תולעת,βυσσοσ
תולעת,κεκλωσμενη
תולעת,πορφυρα
תועבה,ανομια
תוצאות,βορρασ
תוצאות,διεξοδοσ
תוצאות,λιψ
תוצאות,νωτον
תוצאות,οριον
תור,νοσσοσ
תור,περιστερα
תור,τρυγων
תושב,μισθωτοσ
תושב,παροικεω
תושב,παροικοσ
תושב,προσηλυτοσ
תזנות,αισχυνη
תזנות,επληθυν
תזנות,πορνεια
תחלה,θερισμοσ
תחלה,κριθη
תחנה,προσευχη
תחש,αναφορευσ
תחש,δερμα
תחש,επιτιθημι
תחש,ηρυθροδανωμοσ
תחש,ιματιον
תחש,καλυμμα
תחש,κρια
תחש,υακυνθινοσ
תחתי,βαθοσ
תחתי,βοθροσ
תימן,βορρασ
תימן,θαιμαν
תימן,λιψ
תירוש,ελαιον
תירוש,σιτοσ
תכלת,βυσσοσ
תכלת,κοκκινοσ
תכלת,πορφυρα
תכלת,υακυνθινοσ
תלה,ξυλον
תלל,δαλειδοσ
תלל,ψευδοσ
תלנות,γογγυσμοσ
תלנות,πρωι
תמול,τριτοσ
תמונה,γλυπτοσ
תמונה,ομοιοω
תמיד,ολοκαυτωσισ
תמיד,πλην
תמיד,σπονδη
תמים,αμνοσ
תמים,αμωμοσ
תמים,βουσ
תמים,ενιαυσιοσ
תמים,κριοσ
תמם,εκλειπω
תמנה,θαμασ
תמנה,θαμνα
תמר,αδελφη
תמר,αμνοσ
תמרה,αιλαμ
תמרה,αιλευσ
תמרה,αυλη
תמרה,ενθεν
תמרה,φοινιξ
תמרה,χερουβιμ
תן,δρακων
תן,ποταμοσ
תנובה,γενημα
תנוך,ακρον
תנוך,δεξιοσ
תנוך,επιτιθημι
תנוך,λοβοσ
תנוך,ουσ
תנוך,πουσ
תנופה,βραχιων
תנופה,επιθεμα
תנופה,επιτιθημι
תנין,δρακων
תנין,ραβδοσ
תעלה,αγροσ
תעלה,ανω
תעלה,κναφευσ
תעלה,κολυμβηθρα
תענך,δωρον
תער,ξυρον
תף,αυλοσ
תף,κιθαρα
תף,τυμπανον
תף,τυμπανοσ
תף,χοροσ
תפארת,καυχησισ
תפוח,οριον
תפלה,δεησισ
תפש,συλλαμβανω
תקע,σαλπιγξ
תקע,σαλπιζω
תרבית,πλεονασμοσ
תרועה,μεισ
תרועה,παρεμβολη
תרועה,σαλπιγξ
תרועה,σημασιοσ
תרח,αρραν
תרח,εννεα
תרפים,εφωδ
תרפים,θεραφεισ
תרצה,θερσοσ
תרשיש,αργυριον
תרשיש,θαρσεισ
תרשיש,λιθοσ
תרשיש,πλοιον
תרשיש,χρυσιον
תשבי,ηλειοσ
תשיעי,μεισ
