אונת,اشتر
אונת,جدر
אונת,جنگ
אונת,شتر
אונת,شتر دوكوهان
אונת,كوهان
אונת,مركب
אונת,هيون
אונת,ژاژ
ביל,ثور
ביל,ماتادور
ביל,نر
ביל,وثيقه
ביל,گاو
בכרי,ابوبكر
בכרי,بره
בכרי,بز
בכרי,بيده
בכרי,جدي
בכרי,دام
בכרי,رازي
בכרי,عائشه
בכרי,علف بايد به دهان بزي شيرين بيايد
בכרי,عمر
בכרי,كل
בכרי,ميش
בכרי,ميشين
בכרי,نر
בכרי,پاچه
בכרי,گاش
בכרי,گوسفند
בכרי,گيسه
גנאוור,بهيمه
גנאוור,تنگ
גנאוור,حيوان
גנאוור,دد
גנאוור,دوال
גנאוור,ستور
גנאוור,كودن
גנאוור,هيون
גנאוור,چهارپا
ئي,ئي
ا جانا,امادن
ا جانا,امدن
ا جانا,بررسيدن
ا جانا,تكزنگ زدن
ا جانا,درامدن
ا جانا,دست دادن
ا جانا,دير كردن
ا جانا,راه دادن
ا جانا,رسيدن
ا جانا,رل زدن
ا جانا,وارد شدن
ا جانا,وارد كردن
ا جانا,يازيدن
ا-,ابر
ا-,فر
ا-,مي
ا-,پور
ا-,پيشوند
ائرستان,ايرلند
ائرستان,ايرلند شمالي
ائرستان,برطانيه
ائرستان,بريتانيا
ائرستان,بريتانياي كبير
ائرلينڈ,ايرلند
ائرلينڈ,ايرلند شمالي
ائرلينڈ,برطانيه
ائرلينڈ,بريتانيا
ائرلينڈ,بريتانياي كبير
ائس كريم,بستني
ائس كريم,خامه
ائس كريم,شمه
ائس كريم,شيريخ
ائس كريم,قيماق
ائس كريم,كرم
ائس كريم,كريمي
ائس لينڈ,افريقا
ائس لينڈ,اقيانوس اطلس
ائس لينڈ,ايسلند
ائس لينڈ,سائوتومه و پرنسيپ
ائس لينڈ,ليسبون
ائندہ,اتي
ائندہ,تجمع
ائندہ,جلو
ائندہ,حائل
ائندہ,قاصر
ائندہ,پسين
ائندہ,پيدايش
ائندہ,پيش
ائي,ائي
ائين,ائين
ائين,دستور
ائين,قانون اساسي
ائينش,ائينش
ائيني,ائيني
ائينہ,ابگينه
ائينہ,اينه
ائينہ,ايينه
ائيوري كوسٹ,ساحل عاج
ائيوري كوسٹ,عاج
اب,اب
اب,ايدون
اب,برق
اب,بنابراين
اب,حاضر
اب,حالا
اب,حاليا
اب,فعلا
اب,همچنان
اب,همچنين
اب بھي,باز
اب بھي,باز هم
اب بھي,شالي
اب بھي,شلتوك
اب بھي,قدرت متوسط
اب بھي,كماكان
اب بھي,همچنان
اب بھي,هنوز
اب بھي,هني
اب بھي,◌ؖ
اب تب,اتفاقا
اب تب,بعضا
اب تب,فرمودن
اب تب,گاهي
اب تك,تاكنون
اب حيات,اب حيات
اب حيات,اب زندگاني
اب حيات,اكسير
اب حيات,تيزاب
اب حيات,كيميا
اب حيات,نوش
اب حيات,نوشدارو
اب سے,الخ
اب سے,تردد
اب سے,رويانيدن
اب سے,متوجه
اب سے,و غيره
اب و ہوا,اب و هوا
اب و ہوا,اب و هوايي
اب و ہوا,ابوهوا
اب و ہوا,اتمسفر
اب و ہوا,اقليم
اب و ہوا,تغيير اقليم
اب و ہوا,جو
اب و ہوا,محيط
اب و ہوا,معتدل
اب و ہوا,هواسپهر
ابا,ابا
ابابيل,اوباريدن
ابابيل,بلعيدن
ابابيل,قورت دادن
ابابيل,پرستو
ابابيل,چلچله
اباد,اباد
اباد,ابادان
اباد,اديب
اباد,اندلس
اباد,بلوچستان
اباد,بهمن
اباد,تخار
اباد,توران
اباد,سكاستان
اباد,سند
اباد,سيستان
اباد,كاشت
اباد,كاليفرنيا
اباد,كردستان
اباد,كشتار
اباد,كيرل
اباد,لرستان
اباد,ماه
اباد,هم
اباد,وار
اباد,پر
اباد,پرجمعيت
اباد مقام,اصلاح
اباد مقام,دمشق
اباد مقام,شام
اباد مقام,فيصله
اباداني,اباداني
اباداني,ابادي
اباداني,از بين بردن
اباداني,اصلاح
اباداني,ايلام
اباداني,بخت
اباداني,بهبود
اباداني,تحول
اباداني,توسعه
اباداني,دولت
اباداني,رفاه
اباداني,سغد
اباداني,عيلام
اباداني,فيروز
اباداني,كاميابي
اباداني,مدنيت
اباداني,مهر
اباداني,موفقيت
اباداني,نابود كردن
اباداني,نمو
ابادي,ابادي
ابادي,اصلاح
ابادي,جمعيت
ابادي,دمشق
ابادي,شام
ابادي,عوامالناس
ابادي,فيصله
ابادي,واله دائوستا
ابادي,پرجمعيت
ابادي,گشن
اباضي,اباضي
ابال,جوش
ابال,جوش امدن
ابال,جوشاندن
ابال,جوشش
ابال,جوشوندن
ابال,جوشيدن
ابال,خشم
ابال,دنيدن
ابال,سر رفتن
ابال,سوزان
ابال,شرجي
ابال,عصبانيت
ابال,غضب
ابال,فشاري
ابال,كلافه
ابالنا,جوش
ابالنا,جوش امدن
ابالنا,جوشاندن
ابالنا,جوشوندن
ابالنا,جوشيدن
ابالنا,دنيدن
ابالنا,سر رفتن
ابان,ابان
ابان,نت چنگ
ابان,هشتم
ابتدا,ابتدا
ابتدا,استانه
ابتدا,اشنايي
ابتدا,درگاه
ابتدا,ريشه
ابتدا,شروع
ابتدا,كرياس
ابتدا,پيدايش
ابتدا كرنا,رونمايي
ابتدا كرنا,شروع كردن
ابتدا كرنا,لانسه
ابتدا ہونا,شروع كردن
ابتدائي,ابتدائي
ابتدائي,ابجد
ابتدائي,اساسي
ابتدائي,اصلي
ابتدائي,الت
ابتدائي,اندركنش بنيادي
ابتدائي,بنيادي
ابتدائي,جنس
ابتدائي,دبستان
ابتدائي,ذات
ابتدائي,مقدماتي
ابتدائي اسكول,ابتدائي
ابتدائي اسكول,ابجد
ابتدائي اسكول,مقدماتي
ابتر,ابتر
ابتر,اواره
ابتر,تباه
ابتر,خراب
ابتر,خراو
ابتر,سوختن
ابتر,كود
ابتر,كيري
ابتر,متفرق
ابتر,هلاك
ابتر,ويران
ابتر,ويرانه
ابتر,پخش
ابتر,پراكنده
ابتر,پريش
ابتر,پريشان
ابتر,پفيوز
ابتر,پيد
ابتر كرنا,اشفتن
ابتر كرنا,قطع كردن
ابتري,انحطاط
ابتري,برگشت
ابتري,زوال
ابتسام,تبسم
ابتسام,لبخند
ابتسام,لبخند زدن
ابتلا,ازمايش
ابتلا,ازمون
ابتلا,ازمون و خطا
ابتلا,امتحان
ابتلا,بدبخت
ابتلا,جثه
ابتلا,دادرسي
ابتلا,شؤم
ابتلا,محاكمه
ابتلا,واروني
ابتلا,پروسه
ابجو,ابجو
ابد,ابد
ابد,ازل
ابدا,شاهد
ابدا,شبانهروز
ابدا,همش
ابدا,همواره
ابدا,هميشه
ابدا,هي
ابدا,پيوسته
ابدار,ابدار
ابداع,احداث
ابداع,اختراع
ابداع,استقرار
ابداع,بار
ابداع,بديع
ابداع,برپايي
ابداع,تازگي
ابداع,تاسيس
ابداع,تشكيل
ابداع,تشكيلات
ابداع,خشكشويي
ابدوز,زيردريايي
ابدي,ابدي
ابدي,جاود
ابدي,جاودان
ابدي,جاويد
ابدي,حيوان
ابدي,ماندگار
ابر,ابر
ابر,ابرك
ابر,مزنه
ابر,ميغ
ابر الود,ابري
ابر الود,تار
ابر چھانا,ابر
ابر چھانا,ابرك
ابر چھانا,مزنه
ابر چھانا,ميغ
ابراہيم,ابراهيم
ابراہيم,اسماعيل
ابراہيم,خليل
ابراہيم,لوط
ابراہيم,پرهام
ابرنجن,ابرنجن
ابرنجن,النگو
ابرنجن,بازوبند
ابرنجن,دستبند
ابرنجين,ابرنجن
ابرنجين,النگو
ابرنجين,بازوبند
ابرنجين,دستبند
ابرو,ابرو
ابرو,وسمه
ابروست,ابروست
ابروي,ابروي
ابري,ابري
ابريشم,ابريشم
ابريق,ابريق
ابريق,افتابه
ابريق,دول
ابريق,سبو
ابريق,كوزابري
ابريق,پارچ
ابستن,ابستن
ابشار,ابشار
ابشار,شاريدن
ابصار,سواد
ابصار,شهلاچشم
ابصار,قدمت روي چشم
ابصار,كبودچشم
ابلق,خلنج
ابلق,خلنگ
ابلق,پيسه
ابلنا,جوش
ابلنا,جوش امدن
ابلنا,جوشاندن
ابلنا,جوشوندن
ابلنا,جوشيدن
ابلنا,دنيدن
ابلنا,سر رفتن
ابليس,ابليس
ابليس,اهريمن
ابليس,ديو
ابليس,شيطان
ابليس,شيطان بزرگ
ابليس,شيطانه
ابليس,فتان
ابليس,كلاهخود
ابليسان,ابليسان
ابليسي,ابليسي
ابلہ,احمق
ابلہ,خرفت
ابن,ابن
ابن,اولاد
ابن,باروري
ابن,بيگزاده
ابن,زاده
ابن,زه
ابن,شاهزاده
ابن,عيال
ابن,فرزند
ابن,نسل
ابن الوقت,بوقلمون
ابن الوقتي,حزب باد
ابنائے,تنگ
ابنائے,تنگه
ابنائے,تنگه هرمز
ابنائے,خليج
ابنائے,هرمز
ابو ظہبي,ابوظبي
ابو ظہبي,امارات
ابو ظہبي,امارات متحده عربي
ابو ظہبي,امارت
ابو ظہبي,امارت اسلامي افغانستان
ابو ظہبي,دبي
ابو ظہبي,عربستان
ابي,ابزي
ابي,ابي
ابي,تر
ابي,شرجي
ابي,مرطوب
ابياري,ابياري
ابٹن,ابري
ابٹن,ادكلن
ابٹن,ارده
ابٹن,با
ابٹن,ترنج
ابٹن,خمير
ابٹن,خوشبو
ابٹن,دو تا هندوانه را با يك دست برداشتن
ابٹن,زردچوبه
ابٹن,سمنت
ابٹن,شوي
ابٹن,شگرد
ابٹن,طيب
ابٹن,عطار
ابٹن,عطر
ابٹن,قدرت هستهاي
ابٹن,كرايه
ابٹن,نكهت
ابٹن,پوده
ابٹن,چسباندن
ابٹن,چسبوندن
ابٹن,چسپاندن
ابٹن,چپه
ابچل,محرك بيحركت
ابچين,ابچين
ابچين,بروفه
ابچين,حوله
ابچين,دستار
ابچين,دستمال
ابچين,دستمال كاغذي
ابچين,فوطه
ابچين,لسپردرك
ابچين,لنگ
ابچين,نواربهداشتي
ابچين,پيشگير
ابگون,ابگون
ابھار,انطلياس
ابھار,سهند
ابھار,سوار كردن
ابھار,طور
ابھار,قنداق
ابھارنا,اسانسور
ابھارنا,افراشتن
ابھارنا,افروختن
ابھارنا,انگيختن
ابھارنا,دو تا هندوانه را با يك دست برداشتن
ابھارنا,لفت
ابھارنا,وژوليدن
ابھال,ابر
ابھال,ابرك
ابھال,مزنه
ابھال,ميغ
ابھاو,از بين رفتن
ابھاو,اندروا
ابھاو,اهريمن
ابھاو,اواره
ابھاو,بربادي
ابھاو,تخريب
ابھاو,تلف
ابھاو,تمنا
ابھاو,حاجت
ابھاو,خرابي
ابھاو,خوارزمي
ابھاو,خواستن
ابھاو,دوري
ابھاو,سكون
ابھاو,شكست
ابھاو,عدم
ابھاو,غايبانه
ابھاو,غيبت
ابھاو,فقدان
ابھاو,كار داشتن
ابھاو,محتاج
ابھاو,مرخصي
ابھاو,مرده
ابھاو,معدوم
ابھاو,منقرض
ابھاو,ميخوام بدونم
ابھاو,ميل داشتن
ابھاو,نابود
ابھاو,نارسايي قلب
ابھاو,ناكامي
ابھاو,نبود
ابھاو,نياز
ابھاو,نيست
ابھاو,نيست و نابود
ابھاو,نيستي
ابھاو,هلاك
ابھاو,چاو
ابھرتا,نوسان
ابھرتا ہوا,طالع
ابھرنا,ظهور كردن
ابھرنا,پديدار شدن
ابھرواں تختي,استفراغ
ابھرواں تختي,الحمد لله
ابھرواں تختي,برجسته
ابھرواں تختي,فريادرس
ابھرواں تختي,گشايش
ابھشيك,ابتني
ابھشيك,بت
ابھشيك,تخت جمشيد
ابھشيك,تقديم
ابھشيك,تقريب
ابھشيك,حمام
ابھشيك,دوش
ابھشيك,شاور
ابھشيك,صنم
ابھشيك,عرضه
ابھشيك,فدا
ابھشيك,فرخار
ابھشيك,فغ
ابھشيك,كندوري
ابھشيك,لنگ
ابھشيك,مايو
ابھشيك,ميزد
ابھشيك,پيشكش
ابھشيك,گشايش
ابھمان,استكبار
ابھمان,برتني
ابھمان,خودپسندي
ابھمان,دماغ
ابھمان,شيخي
ابھمان,نخوت
ابھمان,گستاخي
ابھنندن,اداب
ابھنندن,ارادت
ابھنندن,خواهش ميكنم
ابھنندن,خوش امديد
ابھنندن,خير مقدم
ابھنندن,قدمت روي چشم
ابھنندن,كاري نكردم
ابھنندن,مرحبا
ابھنندن,وظيفهام بود
ابھي,اخيرا
ابھي,اقامه
ابھي,بزودي
ابھي,بلافاصله
ابھي,به تازگي
ابھي,تازه
ابھي,تازهكار
ابھي,تلگرام
ابھي,حاضر
ابھي,خوارزم
ابھي,سگديد
ابھي,كتلت
ابھي,مبتدي
ابھي,وهله
ابھي ابھي,اخيرا
ابھي ابھي,به تازگي
ابھي ابھي,تازه
ابھي ابھي,تازهكار
ابھي ابھي,سگديد
ابھي ابھي,شيره
ابھي ابھي,كتلت
ابھي ابھي,مبتدي
ابھي تك,باز
ابھي تك,باز هم
ابھي تك,شالي
ابھي تك,شلتوك
ابھي تك,قدرت متوسط
ابھي تك,كماكان
ابھي تك,همچنان
ابھي تك,هنوز
ابھي تك,هني
ابھي تك,◌ؖ
ابھياس,تكيدن
ابھياس,تمرين
ابھياس,خرقه
ابھياس,خلق
ابھياس,خوي
ابھياس,رزمايش
ابھياس,سنت
ابھياس,عادت
ابھياس,كباده
ابھياس,مشق
ابھياس,نرمش
ابھياس,هنجار
ابھياس,ورز
ابھياس,ورزش
ابھياس,ورزش كردن
ابھياس,ورزيدن
ابھياس,پيشه
ابھے,بهادر
ابھے,بيباك
ابھے,بيپروا
ابھے,تور
ابھے,جسور
ابھے,دلير
ابھے,ستنبه
ابھے,شجاع
ابھے,شيرفش
ابہام,ابهام
ابہام,تيرگي
ابہام,داج
ابہام,ظلمت
ابہام,نزم
ات,ات
اتا,اتا
اتار,اتلاف
اتار,افت
اتار,افت كردن
اتار,انحطاط
اتار,برگشت
اتار,تبار
اتار,ترياك
اتار,جان دارو
اتار,زوال
اتار,سراشيبي
اتار,سرپاييني
اتار,فرود
اتار,كاست
اتار,كاستن
اتار,كاستي
اتار,كاهش
اتار,نقص
اتار,نقصان
اتار,نوش
اتار,نوشدارو
اتار,پادزهر
اتار,پشت
اتار,پوسيدن
اتار,گنديدن
اتارنا,اشك باريدن
اتارنا,انك كردن
اتارنا,بارانداز
اتارنا,بنه
اتارنا,فرود
اتارنا,كپر
اتاق,ابانبار
اتاق,اپارتمان
اتاق,بارگاه
اتاق,حجره
اتاق,خرگاه
اتاق,خيمه
اتاق,چادر
اتاق,گريچه
اتاق,گيان
اتاليق,رخصت
اتتھي,اجنبي
اتتھي,ارث
اتتھي,ايرمان
اتتھي,حق نمك
اتتھي,سپنج
اتتھي,ضيافت
اتتھي,طفيل
اتتھي,غريب
اتتھي,غريبه
اتتھي,مهمان
اتتھي,نمك
اتتھي,نمكگير
اتحاد,ائتلاف
اتحاد,اتحاد
اتحاد,اتحاديه
اتحاد,اتفاق
اتحاد,بيخودي
اتحاد,رضا
اتحاد,وحدت
اتحاد,يگانگي
اتحاد رائے,يكدل
اتحادي,ائتلاف
اتحادي,اتحاديه
اتحادي,اتفاق
اتحادي,قرين
اتحادي,متحد
اتر,استفهام انكاري
اتر,استقبال
اتر,جواب
اتر,جواب دادن
اتر,رخصت
اتر,مثل پلو تو دوري
اتر,مگر
اتر,پاسخ
اتر,چاره
اترانا,دم زدن
اترانا,لاف
اترانا,لاف زدن
اترانا,لافيدن
اترانا,نازيدن
اتراہٹ,ناي
اترنا,اتوبان
اترنا,از خاطر رفتن
اترنا,از دست رفتن
اترنا,ازادراه
اترنا,افزار
اترنا,ترك
اترنا,ترك كردن
اترنا,تن كردن
اترنا,خروج
اترنا,خروج اضطراري
اترنا,خروجي
اترنا,خوردن
اترنا,زنار
اترنا,ساييدن
اترنا,سر كشيدن
اترنا,سقوط كردن
اترنا,سنبوسه
اترنا,شاهراه
اترنا,شيب
اترنا,طياره
اترنا,غيب شدن
اترنا,فرسودن
اترنا,محاربه
اترنا,ناپديد شدن
اترنا,پوشيدن
اترنا,پژمردن
اتري,اشور
اتري,بازو
اتري,بالا
اتري,بالاخانه
اتري,باژ
اتري,بوركينافاسو
اتري,صنف
اتري,كله
اتري,مانتو
اتري,مرخ
اتري,نشسن
اتش,اتش
اتش,اتشدان
اتش,الاوه
اتش,الو
اتش,تف
اتش,جوشش
اتش,حسرت
اتش,خشم
اتش,دنيدن
اتش,زبانه
اتش,سام
اتش,سودا
اتش,شبيه
اتش,شعله
اتش,شهواني
اتش,عشق
اتش,عصبانيت
اتش,علو
اتش,غضب
اتش,غيرت
اتش,فشاري
اتش,همت
اتش,هوا
اتش,هوس
اتش,هوي
اتش,وار
اتش,ولع
اتش,گر
اتشي,اتشي
اتشين,اتشين
اتصال,اتصال
اتصال,ارادت
اتصال,الحاق
اتصال,تعلق
اتصال,تلاقي
اتصال,تماس
اتصال,حرف ربط
اتصال,دلبستگي
اتصال,دوستيابي
اتصال,صاحبقران
اتصال,ضميمه
اتصال,علاقه
اتصال,فرخار
اتصال,قران
اتصال,مخاطب
اتصال,پيوست
اتفاق,اتفاق
اتفاق,بيخودي
اتفاق,تصادف
اتفاق,شباهت
اتفاق,مثال
اتفاق,وحدت
اتفاق,يگانگي
اتفاق,پيكر
اتفاق رائے,رضا
اتفاق رائے,ميش بهار
اتفاق كرنا,تطابق كردن
اتفاق كرنا,ساختن
اتفاق كرنا,پذيرفتن
اتفاق كلي,يكدل
اتفاقا,اتفاقا
اتفاقا,احيانا
اتفاقا,از قضا
اتفاقا,برخوردن
اتفاقا,تصادفي
اتفاقا,شانس
اتفاقا,فرصت
اتفاقا,قضا
اتفاقا,مجال
اتفاقي,تصادفي
اتفاقي,ناگاه
اتكا,بستگي
اتكا,تعلق
اتكا,توكل
اتكا,وابستگي
اتلاف,اتلاف
اتلاف,اواره
اتلاف,برباد دادن
اتلاف,خراب
اتلاف,خراب كردن
اتلاف,خراو
اتلاف,هلاك
اتلاف,پوسيدن
اتلاف,گنديدن
اتم,ابدي
اتم,انوشه
اتم,جاودان
اتما,جان
اتما,جانان
اتما,جن
اتما,روان
اتما,روح
اتما,قالب
اتما,نفس
اتما,پرنده پر نميزد
اتمام,اتمام
اتمام,استكمال
اتمام,اكمال
اتمام,انجام
اتمام,انقضا
اتمام,انقضاء
اتمام,تاله
اتمام,تحقق
اتمام,تكامل
اتمام,سرخانه
اتمام,قضا
اتمام,قطع
اتمام,كمال
اتمام,پاكي
اتمام حجت,ضربالاجل
اتمك,نان
اتنا,اتنا
اتنا ہي,برابر
اتنكوادي,تروريست
اتوار,يكشنبه
اتي,اتي
اتيا چار,خلاف
اتيا چار,مرتكب
اتيا چار,مرتكب شدن
اتياچاري,اب در هاون كوبيدن
اتياچاري,ادب
اتياچاري,تعارف تيكه پاره كردن
اتياچاري,خارج
اتياچاري,رسم
اتياچاري,رفتار
اتياچاري,روند
اتياچاري,زاستر
اتياچاري,سيرت
اتياچاري,فراتر
اتياچاري,فوق
اتياچاري,مافوق
اتياچاري,مستجاب
اتياچاري,مفرط
اتياچاري,مقبول
اتياچاري,چالش
اتياچاري,گزاف
اتپ,افتاب
اتپ,افتو
اتپ,خورشيد
اتپ,ليو
اتپ,هور
اتپ,پرتو افتاب
اتپيٹھكا,جدول
اتپيٹھكا,جدول تناوبي
اتپيٹھكا,خوان
اتپيٹھكا,خوانچه
اتپيٹھكا,سيني
اتپيٹھكا,شب يلدا
اتپيٹھكا,فهرست
اتپيٹھكا,كندوري
اتپيٹھكا,ميز
اتھان,افزايش
اتھان,اگاهي
اتھان,بالا رفتن
اتھان,بربردن
اتھان,برخاستن
اتھان,بلند شدن
اتھان,حال
اتھان,حجاز
اتھان,خاستن
اتھان,خيز
اتھان,سر زدن
اتھان,سنكوپ
اتھان,طلوع
اتھان,هشياري
اتھان,وقوف
اتھان,پيش
اتھان,پيش رفتن
اتھان,پيشرفت كردن
اتھاہ,افتضاح
اتھاہ,دولت عميق
اتھاہ,عميق
اتھاہ,كلفت
اتھاہ,مغ
اتھاہ,مغاك
اتھاہ,چقر
اتھاہ,چوقور
اتھاہ,ژرف
اتھاہ,گود
اتہاس,بينالنهرين
اتہاس,تاريخ
اتہاس,تاريخچه
اتہاس,سابقه
اتہاس,پهلوي
اثاث,اثاث
اثاث,اثاثيه
اثاث,ادريس
اثاث,انگ
اثاث,اوستاد
اثاث,بارگنج
اثاث,بضاعت
اثاث,بنه
اثاث,تختخواب
اثاث,تيره
اثاث,جنس
اثاث,خانمان
اثاث,خانواده
اثاث,رخت
اثاث,زمينه
اثاث,سامان
اثاث,عموما
اثاث,عيال
اثاث,قاچاق
اثاث,قرنطينه
اثاث,قشر
اثاث,كار خانگي
اثاث,كالا
اثاث,كانتينر
اثاث,كوچ
اثاث,مبل
اثاث,مبلمان
اثاث,معمولا
اثاث,مونتاژ كردن
اثاث,ين
اثار,اثار
اثبات,اثبات
اثبات,بررسي
اثبات,تاييد
اثبات,تصديق
اثبات,تطبيق
اثبات,ثبات
اثبات,دستاويز
اثبات,دليل
اثباتي,مثبت
اثباتي,منفي
اثر,اثر
اثر,اثر گلخانهاي
اثر,اصابت
اثر,تاثير
اثر,عاقبت
اثر,فرع
اثر,قدرت متوسط
اثر,كارگر
اثر,كرن
اثر,كيفر
اثر,مر
اثر,مهر
اثر,نافذ
اثر,نتيجه
اثر,نشئه
اثر,نفوذ
اثر,نقش
اثر,نهاد
اثر,پارتي
اثر,پارتي بازي
اثر,پيامد
اثر انداز ہونا,تاثير
اثر انداز ہونا,دليل
اثر انداز ہونا,راهبرد
اثر انداز ہونا,راهنما
اثر انداز ہونا,رهبر
اثر انداز ہونا,عصا
اثر انداز ہونا,قدرت متوسط
اثر انداز ہونا,قلاووز
اثر انداز ہونا,مرشد
اثر انداز ہونا,نشئه
اثر انداز ہونا,نفوذ
اثر انداز ہونا,پارتي
اثر انداز ہونا,پارتي بازي
اثر انداز ہونا,پروانه
اثر انداز ہونا,پيشوا
اثر كرنا,انفعال
اثر كرنا,عكس العمل
اثر كرنا,واكنش
اثر نا پذير,بي خيال
اثر نا پذير,فارغ
اثر پڑنا,هناييدن
اثر ڈالنا,اغشتن
اثر ڈالنا,تاثير
اثر ڈالنا,قدرت متوسط
اثر ڈالنا,نشئه
اثر ڈالنا,نفوذ
اثر ڈالنا,هناييدن
اثر ڈالنا,پارتي
اثر ڈالنا,پارتي بازي
اج,اج
اج,اليوم
اج,امرو
اج,امروز
اج,بنگال
اج,سغد
اج كل,امروزه
اج كل,جان نثار
اجارہ,امساك
اجارہ,شركت هلدينگ
اجارہ,ضبط
اجارہ,قائل
اجارہ,هلدينگ
اجارہ داري,انحصار
اجازت,اتفاق
اجازت,اجازت
اجازت,رخصت
اجازت,رضايت
اجازت,موافقت
اجازت دينا,اجازه دادن
اجازت دينا,راه دادن
اجازت دينا,رواديد
اجازت دينا,هشتن
اجازت دينا,پروانه
اجازت دينا,گذاشتن
اجالا,اشراق
اجالا,اغيل
اجالا,افتاب
اجالا,اورند
اجالا,جلوه
اجالا,خورشيد
اجالا,خوره
اجالا,راي
اجالا,ستايش
اجالا,شهرت
اجالا,شوكت
اجالا,عز
اجالا,فخر
اجالا كرنا,افروختن
اجالا كرنا,روشن كردن
اجالنا,پرتو زدن
اجاڑ,اتلاف
اجاڑ,اشغال
اجاڑ,اواره
اجاڑ,برباد دادن
اجاڑ,بربادي
اجاڑ,تباه
اجاڑ,تلف
اجاڑ,تنها
اجاڑ,جداگانه
اجاڑ,خراب
اجاڑ,خراو
اجاڑ,سوختن
اجاڑ,كثافت
اجاڑ,متروك
اجاڑ,مهجور
اجاڑ,هلاك
اجاڑ,ويران
اجاڑ,ويرانه
اجاڑ,يله
اجاڑ,پرت
اجاڑ,پسماند
اجاڑ منظر,سترگ
اجاڑنا,اتلاف
اجاڑنا,اواره
اجاڑنا,برباد دادن
اجاڑنا,خراب
اجاڑنا,خراب كردن
اجاڑنا,خراو
اجاڑنا,هلاك
اجاگر,ابدار
اجاگر,اشكارا
اجاگر,باحال
اجاگر,برجسته
اجاگر,تابان
اجاگر,تماشا
اجاگر,جالب
اجاگر,جيزه
اجاگر,خوشاب
اجاگر,دلچسپ
اجاگر,رخشان
اجاگر,روشن
اجاگر,سرشناس
اجاگر,سلبريتي
اجاگر,شفاف
اجاگر,شيد
اجاگر,ظاهر
اجاگر,فرخ
اجاگر,فروزنده
اجاگر,ماهين
اجاگر,مجلل
اجاگر,مشهور
اجاگر,مظهر
اجاگر,معروف
اجاگر,منير
اجاگر,نامدار
اجاگر,نوراني
اجاگر,هويدا
اجاگر,واضح
اجاگر,پررونق
اجاگر كرنا,اشكارا
اجاگر كرنا,اوردن
اجاگر كرنا,بالا اوردن
اجاگر كرنا,به زبان اوردن
اجاگر كرنا,به وجود اوردن
اجاگر كرنا,تبرك
اجاگر كرنا,رويانيدن
اجاگر كرنا,ظاهر
اجاگر كرنا,مطرح كردن
اجاگر كرنا,مظهر
اجاگر كرنا,هويدا
اجاگر كرنا,واضح
اجاگر كرنا,گرد كردن
اجاگري,جلوه
اجاگري,عرض
اجاگري,مظهر
اجاگري,مكاشفه
اجاگري,نشانه
اجتماع,اجلاس
اجتماع,رم
اجتماع,مجمع
اجتناب,اجتناب
اجتناب,طفره
اجتناب سے,گريزان
اججول,بامي
اججول,تابان
اججول,تابناك
اججول,تابنده
اججول,تور
اججول,گلناري
اججول,گلي
اجر,ايفا
اجر,جنگيدن
اجر,حقوق
اجر,دخش
اجر,دسترنج
اجر,دستمزد
اجر,راستاد
اجر,رايگان
اجر,سود سهام
اجر,شهريه
اجر,قسط
اجر,كارمزد
اجر,مزد
اجر,معاش
اجرا,باره
اجرا,حاشيه رفتن
اجرا,صادر كردن
اجرا,قضيه
اجرا,مسئله
اجرا,موضوع
اجرت,اجاره
اجرت,تعرفه
اجرت,ثواب
اجرت,جنگيدن
اجرت,حقوق
اجرت,دسترنج
اجرت,دستمزد
اجرت,راستاد
اجرت,شهريه
اجرت,كارمزد
اجرت,كرايه
اجرت,مزد
اجرت,مستاجري
اجرت,معاش
اجرت,پاداش
اجرت,چاك
اجرك,بافتني
اجرك,ترنج
اجرك,خفيف
اجرك,فرانسه
اجرك,فسنجان
اجرك,قدسي
اجرك,قرمز
اجرك,يافت شدن
اجرك,يان
اجرك,يمان
اجزا,اجزا
اجزاي,اجزاي
اجل,اجل
اجلا,اباد
اجلا,ابدار
اجلا,بامي
اجلا,بور
اجلا,تابان
اجلا,تابش
اجلا,تميز
اجلا,سفيد
اجلا,مليح
اجلا,منصف
اجلا,منير
اجلا,نازك
اجلا,نمايشگاه
اجلا,نيكو
اجلا,وش
اجلا,پاكباز
اجلا,گش
اجلائي,تابش
اجلائي,روشني
اجلائي,فروغ
اجلاس,دنگل
اجلاس,نشست
اجلانا,اب ژاول
اجلانا,سفيد كردن
اجلانا,كوفتن
اجلاپن,تابش
اجلاپن,خوبي
اجلاپن,روشني
اجلاپن,فروغ
اجلاپن,نيكي
اجلاہٹ,تابيدن
اجلاہٹ,تافتن
اجلاہٹ,درخشيدن
اجلاہٹ,رخشيدن
اجلاہٹ,شيد
اجلي,ابدار
اجلي,بامي
اجلي,تابان
اجلي,تابش
اجلي,تميز
اجلي,منير
اجلي,نازك
اجماع,يكدل
اجمالي,اجمالي
اجمالي,دفعه
اجمالي,مختصر
اجمودا,انيسون
اجمودا,باديان رومي
اجمودا,تره
اجمودا,جعفري
اجمودا,شوي
اجنان,تركمان
اجنان,سيبريه
اجنان,يه
اجنبي,اجنبي
اجنبي,بوالعجب
اجنبي,بيگانه
اجنبي,عجب
اجنبي,عجيب
اجنبي,غريب
اجنبي,غريبه
اجنبي,كوارك شگفت
اجوائن,انيسون
اجوائن,باديان رومي
اجوائن,شوي
اجي,ببخشيد
اجي,بخشيدن
اجي,بهانه
اجي,توجيه
اجي,دستاويز
اجي,عنوان
اجي,معذرت
اجي,ميبخشين
اجير,شاگرد
اجير,كارگر
اجير,مزدور
اجيرن,بيداد كردن
اجيرن,بيدادپيشه
اجيرن,بيروح
اجيرن,جابر
اجيرن,خراب
اجيرن,دل كسي را زدن
اجيرن,زنهار
اجيرن,سنگين
اجيرن,ظالم
اجيرن,ظالمانه
اجيرن,كيري
اجيرن,ناخوشايند
اجيرن,يكنواخت
اجڈ,بيادب
اجڈ,جندره
اجڈ,سبشت
اجڈ,سه كاف
اجڈ,عاميانه
اجڈ,عوام
اجڈ,عوامانه
اجڈ,فحش
اجڈ,هجو
اجڑے بال,چغبوت
احاطہ,باغچه
احاطہ,حرم
احاطہ,حصار
احاطہ,سفيد
احاطہ,قيد
احاطہ,محوطه
احاطہ,پرواس
احاطہ,گز
احاطہ بندي,شمشيربازي
احباب,اتحاديه
احباب,احباب
احباب,دوستان
احباب,دوستيابي
احباب,سازه
احباب,شاگرد
احباب,غيرت
احباب,فاتحه
احباب,نوح
احباب,هجر
احباب,همپالكي
احباب,پايه
احتجاج,اعتراض
احتجاج,اعتراض كردن
احتجاج,تحصن
احتجاج,متحصن
احتجاج كرنا,اعتراض
احتجاج كرنا,اعتراض كردن
احتجاج كرنا,تحصن
احتجاج كرنا,متحصن
احتراز,ارتعاش
احترام,احترام
احترام,تامل
احترام,حيثيت
احترام,راستاد
احترام,مد نظر
احترام,مراعات
احترام,منظور
احترام,نظر
احترام,وقع
احترام,پاس
احتساب,احتساب
احتلام,ايدهال
احتلام,خو
احتلام,خواب
احتلام,خواب ديدن
احتلام,رؤيا
احتلام,نوم
احتلام,گزارش
احتمال,احتمال
احتمال,امكان
احتمال,تحمل
احتمال,شايد
احتمال,شكيبائي
احتمالي,امكانپذير
احتمالي,شدن
احتمالي,ماه
احتمالي,مقدور
احتمالي,مكه
احتمالي,ممكن
احتمالي,ميسر
احتمالي,هرچه
احتياج,احتياج
احتياج,حاجت
احتياج,خشكي
احتياج,ضرورت
احتياج,فقدان
احتياج,كمبود
احتياج,لاجرم
احتياج,ناچار
احتياج,نبود
احتياج,نياز
احتياج,واجب
احتياط,احتراز
احتياط,احتياط
احتياط,تدبير
احتياط,حذر
احتياط,زنهار
احتياط,نگاه
احتياط,پرهيز
احد,احد
احرار,احرار
احرام,احرام
احساس,احساس
احساس,به هم برامدن
احساس,حال
احساس,حس
احساس,درك
احساس,دريافت
احساس,دل
احساس,رشك
احساس,رودربايستي
احساس,سنكوپ
احساس,شوق
احساس,عاطفه
احساس,عشق
احساس,غيرت
احساس,كباب
احساس,هشياري
احساس,همدلي
احساس,هيجان
احساس,گين
احساس برتري,ابر
احساس برتري,عقده
احساس برتري,پيچيده
احساس كرنا,درك كردن
احساس كمتري,عقده
احساس كمتري,پيچيده
احسان,احسان
احسان,التزام
احسان,التفات
احسان,الحمد لله
احسان,بايد
احسان,تشكر
احسان,تعهد
احسان,ثواب
احسان,حسن
احسان,خوبي
احسان,خيلي مخلصيم
احسان,سند
احسان,سپاس
احسان,سپاسگزاري
احسان,شكر
احسان,شكرانه
احسان,صلاح
احسان,طرفداري كردن
احسان,عمل
احسان,عنايت
احسان,فرض
احسان,قول
احسان,قيد
احسان,كار
احسان,كردار
احسان,لطف
احسان,محبت
احسان,مصلحت
احسان,ملاطفت
احسان,منت
احسان,مهر
احسان,مهرباني
احسان,موهبت
احسان,نيكي
احسان,وظيفه
احسان,چك
احسان فراموش,بي چشم و رو
احسان كرنا,طرفداري كردن
احسان كرنا,لطف
احسان كرنا,وادار كردن
احسان مندي,منت
احقر,حقير
احقر,خاكي
احقر,فروتن
احقر,كمينه
احقر,لابه
احقر,متواضع
احقر,وسيع باش و تنها و سر به زير و سخت
احكام,احكام
احمد,احمد
احمد,قره درق سفلي
احمد اباد,احمداباد
احمد اباد,سورت
احمد اباد,گجرات
احمد اباد,گجراتي
احمر,احمر
احمق,ابله
احمق,احمق
احمق,تاتول
احمق,جاهل
احمق,خر
احمق,خرفت
احمق,دنگل
احمق,كانا
احمق,كصخل
احمق,مزخرف
احمق,هالو
احمق,ياوه
احمق,چلمن
احمق,گاگول
احمق,گول
احمق,گول زدن
احمق,گيج
احمقانہ بات,احمق
احمقانہ بات,جاهل
احمقانہ بات,دنگل
احمقانہ بات,كانا
احمقانہ بات,مزخرف
احمقانہ بات,ياوه
احمقانہ بات,گيج
احوال,احوال
احوال,داستاني
احوال,روايت
احوال,قطع كردن
احوال,مگر
احوال,نقلي
احوالش,احوالش
احيا,احيا
احيا,ادم
احيا,بعث
احيا,تبار
احيا,تك
احيا,توليد
احيا,جنس
احيا,دوره
احيا,رستاخيز
احيا,ناورد
احيا,نسل
احيا,نشور
احيا,نژاد
احيا,پشت
احيا,پيست
اخبار,اخبار
اخبار,اوارچه
اخبار,جريده
اخبار,خور
اخبار,دفتر
اخبار,روزنامه
اخبار,نشريه
اخبارات,سپوختن
اخبارات,فرنچ پرس
اخبارات,فشار
اخبارات,فشردن
اخبارات,قيد
اخبارات,مطبوعات
اخبارات,پرس
اخبارات,چاولي
اخبارنويس,روزنامهنگار
اخبارنويس,ژورناليست
اخبارنويسي,روزنامهنگاري
اخباري اجلاس,تهران
اخباري اجلاس,كانگرس
اخباري اجلاس,كنفرانس
اخباري اجلاس,كنگره
اخباري اجلاس,همايش
اخباري اجلاس,گردهمايي
اخباري اجلاس,گفتگو
اخباري تھڑا,اخور
اخباري تھڑا,بازاري
اخباري تھڑا,غرفه
اخباري نمائندہ,خبرنگار
اخباري نمائندہ,گزارشگر
اخبوط,اختاپوس
اخبوط,هشتپا
اختتام,اتمام
اختتام,اكمال
اختتام,البرز
اختتام,اي
اختتام,شنبليله
اختتام,ون
اختتام,پاكي
اختتام ہفتہ,هفته
اختر,اختر
اختراع,اختراع
اختراع,بدعت
اختراع,بديع
اختراع,تازگي
اختراع,تظاهر
اختراع,تغافل
اختراع,نواوري
اختراعي,خلاقانه
اختران,اختران
اختري,اختري
اختصار,اجمال
اختصار,اجمالي
اختصار,اختصار
اختصار,ايجاز
اختصار,خلاصه
اختصار,دفعه
اختصار,سمن
اختصار,صح
اختصار,كوتاهي
اختصار,مختصر
اختصار,چكيده
اختلاط,اختلاط
اختلاط,قاووت
اختلاط,مخلوط
اختلاط,معجون
اختلاط نسل,بين نژادهاي مختلف
اختلاف,اختلاف
اختلاف,برخورد
اختلاف,تفاضل
اختلاف,تفاوت
اختلاف,تفرقه
اختلاف,جر و بحث
اختلاف,خلاف
اختلاف,درگيري
اختلاف,دعوا
اختلاف,زد و خورد
اختلاف,فرق
اختلاف,فرق كردن
اختلاف,كشمكش
اختلاف,مخالفت
اختلاف,نفاق
اختلاف,وارياسيون
اختلاف,◌ؖ
اختلاف كرنا,برخورد
اختلاف كرنا,درگيري
اختلاف كرنا,زد و خورد
اختلاف كرنا,كشمكش
اختلافي,متنوع
اختناق,خفه كردن
اختناق,ساسات
اختيار,اتخاذ
اختيار,اختيار
اختيار,انتخاب
اختيار,انتخاو
اختيار,حاكميت
اختيار,قلمرو
اختيار,نام و نشان
اختيار,ناچار
اختيار,وش
اختيار,پسند
اختيار,گزينش
اختيار,گزينه
اختيار دينا,مجوز
اختيار دينا,پروانه
اختيار دينا,گواهينامه رانندگي
اختياري,اختياري
اختياري,دسترس
اختياري,عمر
اختہ,اخته
اختہ,پخته
اخذ,مشتق
اخذ,پرسه
اخذ كرنا,ار
اخذ كرنا,انتزاعي
اخذ كرنا,چكيده
اخر,اخر
اخر؟,اخر؟
اخراج,اخراج
اخراج,طرد
اخرت,اخرت
اخروٹ,افغان
اخروٹ,جوز
اخروٹ,ساداوران
اخروٹ,شينواري
اخروٹ,طالبان
اخروٹ,پشتون
اخروٹ,پفك
اخروٹ,گردو
اخروٹ,گوز
اخري,اخري
اخري,ته
اخري,فرشگرد
اخري,فينال
اخري,قطعي
اخري,نهائي
اخري,نهايي
اخري,◌ؖ
اخرين,اخرين
اخلاص,اخلاص
اخلاص,ارادت
اخلاص,ايثار
اخلاص,بيخودي
اخلاص,خلوص
اخلاص,صدق
اخلاص,صفا
اخلاص,عصمت
اخلاص,كامل العيار
اخلاص,پاكي
اخلاط,ارايش
اخلاط,ارايش كردن
اخلاط,رژ لب
اخلاق,اخلاق
اخلاق,خلق
اخلاق,رفتار
اخلاق,سيرت
اخلاقا,رند
اخلاقا,فاسد
اخلاقي,اخلاقي
اخلاقي,ارشاد
اخلاقي,اومانيسم
اخلاقي,صلاح
اخلاقي,ناموس
اخن,بن
اخن,كلن
اخوت,اخوت
اخوت,برادري
اخور,اخور
اخور,استوار
اخور,اصطبل
اخور,بيده
اخور,بيهوده
اخور,خاكروبه
اخور,خلاشه
اخور,رد كردن
اخور,ريم
اخور,شوخ
اخور,طويله
اخور,عاطل
اخور,علف
اخور,قرار
اخور,قرموت
اخور,كثافت
اخور,كيري
اخور,محكم
اخور,نابكار
اخور,نجاست
اخور,نشخوار
اخور,پايدار
اخور,پسماند
اخور,پفيوز
اخير,اخه
اخير,انجام
اخير,ته
اخير,سر
اخير,سرانجام
اخير,فرجام
اخير,فرشگرد
اخير,فينال
اخير,قطعي
اخير,نتيجه
اخير,نهائي
اخير,نهايي
اخير,پايان
اخير,◌ؖ
اخيرا,اخر
اخيرا,اخيرا
اخيرا,بالاخره
اخيرا,سرانجام
اخيرا,عاقبت
اخگر,اخگر
اخگرش,اخگرش
ادا,ادا
ادا,اداره
ادا,افرنگ
ادا,افسون
ادا,املاي نانوشته غلط ندارد
ادا,بها
ادا,بهاء
ادا,تراويح
ادا,تقليد
ادا,جادو
ادا,جزيه
ادا,جوگير شدن
ادا,حاج
ادا,خوشبخت
ادا,دستي
ادا,دلال
ادا,زنجبيل
ادا,زنجفيل
ادا,شنگوير
ادا,شيربها
ادا,شيوه
ادا,طلسم
ادا,عشوه
ادا,فر
ادا,قر
ادا,قشنگي
ادا,قولنجان
ادا,كرايه
ادا,كوارك مفتون
ادا,مجري
ادا,مردمگياه
ادا,مشهد
ادا,مشهدي
ادا,ناز
ادا,نزاكت
ادا,نمك
ادا كار,بازيگر
ادا كار,سياهي لشكر
ادا كار,قهرمان
ادا كار,نقش
ادا كار,همبازي
ادا كار,هنرمند
ادا كار,هنرپيشه
ادا كارہ,هنرپيشه
ادا كرنا,بس كردن
ادا كرنا,ترك كردن
ادا كرنا,خلاص شدن
ادا كرنا,ول كردن
ادائي,ايفا
ادائي,دخش
ادائي,رايگان
ادائي,سود سهام
ادائي,قسط
ادائيگي,اتمام
ادائيگي,اكمال
ادائيگي,اوام
ادائيگي,اوكي
ادائيگي,ايفا
ادائيگي,باب
ادائيگي,بازيگري
ادائيگي,بدهكار
ادائيگي,بدهي
ادائيگي,تحويل
ادائيگي,ترخان
ادائيگي,تسليم
ادائيگي,تقديم
ادائيگي,تقريب
ادائيگي,تكليف
ادائيگي,تلاوت
ادائيگي,تلقين
ادائيگي,دخش
ادائيگي,درخور
ادائيگي,دين
ادائيگي,رايگان
ادائيگي,سخت
ادائيگي,سهل ممتنع
ادائيگي,سود سهام
ادائيگي,سياهه
ادائيگي,شاهنامهخواني
ادائيگي,عاريت
ادائيگي,عرضه
ادائيگي,فدا
ادائيگي,قرض
ادائيگي,قسط
ادائيگي,كندوري
ادائيگي,ماليات
ادائيگي,مانيد
ادائيگي,مبادرت
ادائيگي,متناسب
ادائيگي,مناسب
ادائيگي,مهم
ادائيگي,ميزد
ادائيگي,نماز
ادائيگي,نماز خواندن
ادائيگي,هيئت
ادائيگي,وارد
ادائيگي,وام
ادائيگي,وضع
ادائيگي,وظيفه
ادائيگي,پاكي
ادائيگي,پيشكش
ادائيں,ادا
ادائيں,دلال
ادائيں,عشوه
ادائيں,قر
ادائيں,ناز
اداب,اداب
اداب,ارادت
اداب,خواهش ميكنم
اداب,خوش امديد
اداب,خير مقدم
اداب,قدمت روي چشم
اداب,كاري نكردم
اداب,مرحبا
اداب,وظيفهام بود
ادار,ازاد
ادار,افضل
ادار,اهل
ادار,اهل دل
ادار,اير
ادار,بخشنده
ادار,تعارف كردن
ادار,جوانمرد
ادار,راد
ادار,رادمنش
ادار,سخاوت
ادار,شريف
ادار,لارژ
ادار,لالا
ادار,مجداني
ادار,ميرزا
ادار,نجيب
ادارہ,ائين
ادارہ,اتحاديه عرب
ادارہ,احداث
ادارہ,اداره
ادارہ,استارتاپ
ادارہ,استقرار
ادارہ,اموزشگاه
ادارہ,اورژانس
ادارہ,بار
ادارہ,بردو
ادارہ,برپايي
ادارہ,بنگاه
ادارہ,تاسيس
ادارہ,تشكيل
ادارہ,تشكيلات
ادارہ,تلگرافخانه
ادارہ,تولوز
ادارہ,جانبدارانه
ادارہ,خشكشويي
ادارہ,دارالفنون
ادارہ,دپارتمان
ادارہ,سازمان
ادارہ,سازمان ملل متحد
ادارہ,فارغالتحصيل
ادارہ,فرهنگستان
ادارہ,كومور
ادارہ,مؤسسه
ادارہ,مدرسه
ادارہ,مكتب
ادارہ,نهاد
ادارہ,وانده
ادارہ,پنتاگون
اداس,ازخ
اداس,افگار
اداس,بي خيال
اداس,بيگار
اداس,تخليه
اداس,تهي
اداس,توسي
اداس,تيره
اداس,تيهو
اداس,خاكستري
اداس,خالي
اداس,خالي كردن
اداس,خفه
اداس,دق
اداس,ديز
اداس,دژم
اداس,رنج
اداس,رنجه
اداس,زايمان
اداس,زايمان زودرس
اداس,زايمان طبيعي
اداس,زحمت كشيدن
اداس,ستوه
اداس,سوت و كور
اداس,شؤم
اداس,فارغ
اداس,فولادي
اداس,كبودچشم
اداس,كند
اداس,محنت
اداس,مشقت
اداس,مهجور
اداس,ناراضي
اداس,ويران
اداس,پوده
اداس,پوچ
اداسي,اندوه
اداسي,حزن
اداسي,دلفگار
اداسي,دلگيري
اداسي,دود
اداسي,دژم
اداسي,رخت
اداسي,رسانه
اداسي,سودا
اداسي,غمگيني
اداسي,ماخوليا
اداسي,ماليخوليا
اداسي,ناراضگي
اداسي,چي بوديم، چي شديم
اداسياں,اندوه
اداسياں,حزن
اداسياں,دلگيري
اداسياں,دود
اداسياں,رخت
اداسياں,رسانه
اداسياں,غمگيني
اداسياں,ناراضگي
اداسيوں,اندوه
اداسيوں,حزن
اداسيوں,دلگيري
اداسيوں,دود
اداسيوں,رخت
اداسيوں,رسانه
اداسيوں,غمگيني
اداسيوں,ناراضگي
اداكاري,بازيگري
اداكاري,وضع
ادب,اداب
ادب,ادب
ادب,ادب فارسي
ادب,ادبيات
ادب,ادبيات انگليسي
ادب,ادبيات فارسي
ادب,افسار
ادب,بارگاه
ادب,تحصيل
ادب,تربيت
ادب,تعارف
ادب,تميز
ادب,خان
ادب,رزمايش
ادب,زورخانه
ادب,فارسيات
ادب,فرهنگ
ادب,مردمي
ادب,نزاكت
ادب,پرورش
ادبي,اخلاقي
ادبي,ارشاد
ادبي,صلاح
ادبي,ناموس
ادبيات,ادب
ادبيات,ادب فارسي
ادبيات,ادبيات
ادبيات,ادبيات انگليسي
ادبيات,ادبيات فارسي
ادبيات,فارسيات
ادبيت,باسوادي
ادبيت,سواد
ادبھت,شگرف
ادبھت,فوقالعاده
ادر,احترام
ادر,ارادت
ادر,ارز
ادر,اشكم
ادر,بزرگداشت
ادر,تحسين
ادر,تخش
ادر,تعارف
ادر,تعارف كردن
ادر,تعظيم
ادر,تقليد
ادر,تمكين
ادر,جاه
ادر,حرمت
ادر,خيك
ادر,درونه
ادر,دل
ادر,سمور ابي
ادر,شكم
ادر,شكنب
ادر,شهرت
ادر,عزت
ادر,غيرت
ادر,فاتحه
ادر,قرقره
ادر,كم
ادر,ما
ادر,معده
ادر,ناموس
ادر,ننگ
ادر,هذر
ادر,وقع
ادر,گاه
ادراك,احاطه
ادراك,احساس
ادراك,ادراك
ادراك,بينش
ادراك,تفاهم
ادراك,حوصله
ادراك,خرد
ادراك,درك
ادراك,دريافت
ادراك,شهود
ادراك,عرفان
ادراك,عقل
ادراك,فهم
ادراك,معقول
ادراك,نظر
ادراك,هوش
ادراك,چسبيدن
ادراك,چسپيدن
ادراك,گير
ادراك كرنا,حس كردن
ادراك كرنا,درك كردن
ادراك كرنا,ديدن
ادراك پذير,نمايان
ادراك پذير,پديدار
ادراك ہونا,اگاهانه
ادراك ہونا,ملتفت
ادراك ہونا,هشياري
ادراك ہونا,هوشيار
ادراكم,ادراكم
ادرك,زنجبيل
ادرك,زنجفيل
ادرك,شنگوير
ادرك,قولنجان
ادرنيہ,ارجمند
ادرنيہ,بانووار
ادرنيہ,كهنسال
ادرنيہ,محترم
ادرنيہ,گرامي
ادرنہ,ادرنه
ادرنہ,بيجينگ
ادرنہ,تركيه
ادرنہ,ريو دو ژانيرو
ادرنہ,شانگهاي
ادرنہ,شهرداري
ادرنہ,قرامان
ادرنہ,پكن
ادريس,ادريس
ادل بدل,مابازاء
ادلابدلي كرنا,اياب و ذهاب
ادم,ادم
ادم,بني ادم
ادم ذات,ادم
ادم ذات,ادمي
ادم ذات,تبار
ادم ذات,تك
ادم ذات,جنس
ادم ذات,ناورد
ادم ذات,نسل
ادم ذات,نژاد
ادم ذات,پيست
ادمي,ادمي
ادمي,جاگير
ادمي,سفرهخانه
ادمي,شخص
ادمي,شخصيت
ادمي,فرد
ادمي,فنا
ادمي,كتلت
ادمي,مناجات
ادمي,واحد
ادمي,پفك
ادميت,ادميت
ادني,از بين بردن
ادني,استاد
ادني,بيهوده
ادني,جزئي
ادني,جنگره
ادني,حلقه به گوش
ادني,خاكسار
ادني,خردسال
ادني,خشن
ادني,خلاف
ادني,خوار
ادني,درشت
ادني,زبون
ادني,زمخت
ادني,ششت
ادني,علاف
ادني,فرومايه
ادني,قبيح
ادني,قيم
ادني,كاري نكردم
ادني,كلب
ادني,كوكب
ادني,مختصر
ادني,مرغ
ادني,مهين
ادني,مينور
ادني,نابكار
ادني,نابود كردن
ادني,ناچيز
ادني,نكره
ادني,هاليوود
ادني,هيچ
ادني,وضو
ادني,پست
ادني,پلاس
ادني,پول
ادني,پيس
ادني,گام مينور
ادني,گليم
ادني انسان,بوقلمون
ادني انسان,خزنده
ادني انسان,چرنده
ادهار دينا,اوام
ادهار دينا,دين
ادهار دينا,عاريت
ادهار دينا,قرض
ادهار دينا,قرض دادن
ادهار دينا,وام
ادوياتي,اسپرم
ادوياتي,داروسازي
ادي,اليوم
ادي,امرو
ادي,امروز
ادي,بنگال
ادي,سغد
اديان,اسلوب
اديان,عقيده
اديان,مذهب
اديہ,اليوم
اديہ,امرو
اديہ,امروز
اديہ,بنگال
اديہ,سغد
ادھ,تنگ
ادھ,دانگ
ادھ,قلم كردن
ادھ,مصراع
ادھ,نت سفيد
ادھ,نصف
ادھ,نيم
ادھ,نيم بوسه
ادھ,نيم پرده
ادھ,نيمه
ادھ پكا,تنگ
ادھ پكا,دانگ
ادھ پكا,قلم كردن
ادھ پكا,لواش
ادھ پكا,مصراع
ادھ پكا,نت سفيد
ادھ پكا,نصف
ادھ پكا,نيم
ادھ پكا,نيم بوسه
ادھ پكا,نيم پرده
ادھ پكا,نيمه
ادھ پكا,پخته
ادھا,تنگ
ادھا,دانگ
ادھا,قلم كردن
ادھا,مصراع
ادھا,نت سفيد
ادھا,نصف
ادھا,نيم
ادھا,نيم بوسه
ادھا,نيم پرده
ادھا,نيمه
ادھار,استعاره
ادھار,اشنا
ادھار,اشنا شدن
ادھار,ال
ادھار,انس
ادھار,اوام
ادھار,بارگنج
ادھار,دين
ادھار,شبستان
ادھار,شدن
ادھار,عاريت
ادھار,فشاري
ادھار,قرض
ادھار,كانتينر
ادھار,ما
ادھار,وام
ادھار,پلو
ادھار,چاينك
ادھار دينا,قرض دادن
ادھر,املاي نانوشته غلط ندارد
ادھر,انجا
ادھر,ايدر
ادھر,ايسو
ادھر,اينجا
ادھر,بفرماييد
ادھر,تركيببند
ادھر,دربند
ادھر,سيالات
ادھر,شبستان
ادھر,ميش بهار
ادھر,نبود
ادھر,هست
ادھر,پرنده پر نميزد
ادھر ادھر,برادري
ادھر ادھر,ده
ادھر ادھر,روزي از روزها
ادھر ادھر,سازه
ادھر ادھر,مابين
ادھر ادھر,ميان
ادھر ادھر,ميون
ادھر ادھر پھرنا,گرد
ادھر ادھر ہاتھ مارنا,كلنجار رفتن
ادھر كي ادھر لگانا,پچ پچ
ادھر كي ادھر لگانا,گپ
ادھكار,حاكميت
ادھكار,قلمرو
ادھكاري,مامور
ادھلنا,الوده
ادھلنا,خبيث
ادھلنا,خراب
ادھلنا,خراب شدن
ادھلنا,خراو
ادھلنا,ريمن
ادھلنا,شنگول
ادھلنا,شهواني
ادھلنا,ضايع
ادھلنا,فاسد
ادھلنا,لوس
ادھلنا,ماماني
ادھلنا,مدهوش
ادھلنا,مست
ادھلنا,نازپرورده
ادھلنا,ناپاز
ادھلنا,نجس
ادھلنا,نشئه
ادھلنا,پليد
ادھلنا,پير مغان
ادھم,اشوب
ادھم,اغتشاش
ادھم,تول
ادھم,جلب
ادھم,جنجال
ادھم,سر و صدا
ادھم,سروصدا
ادھم,شور
ادھم,شورش
ادھم,غريو
ادھم,غلغله
ادھم,غوغا
ادھم,فتنه
ادھم,قيل و قال
ادھم,هرج
ادھم,هرج و مرج
ادھم,همهمه
ادھم,هياهو
ادھم,وزيدن
ادھم,وغا
ادھم,پيچك
ادھم,پيچه
ادھماس,اليختن
ادھماس,برجسته
ادھماس,بي گدار به اب زدن
ادھماس,جستن
ادھماس,خيز
ادھماس,سكيزه
ادھماس,سكيزيدن
ادھماس,وشتن
ادھنك,اخير
ادھنك,جديد
ادھنك,قرين
ادھنك,معاصر
ادھورا,جزئي
ادھورا,قسط
ادھورا,مغرض
ادھورا,ناتمام
ادھورا,ناقص
ادھورا,ناكامل
ادھورا,نسبي
ادھورا پن,ضرر
ادھورا پن,كاستي
ادھورا پن,كمبود
ادھورا پن,كمي
ادھورا پن,نقص
ادھورا پن,نقصان
ادھي رات,ب.ظ
ادھي رات,ق.ظ
ادھيڑ,كاهل
ادھيڑ,ميانسال
ادھيڑ بن,خيال
اذان,اذان
اذان,التفات
اذان,بانگ
اذر,اتشدان
اذر,اذر
اذر,الاوه
اذر,الو
اذر,تف
اذر,خزان
اذر,زبانه
اذر,سام
اذر,سبك خراساني
اذر,شعله
اذر,علو
اذر,قوس
اذر,مهرگان
اذر,نهم
اذر,وار
اذر,پاييز
اذر,گر
اذربائيجان,اذربايجان
اذربائيجان,اردبيل
اذربائيجان,ارمن
اذربائيجان,ارمنستان
اذربائيجان,باختر
اذربائيجان,تهران
اذربائيجان,جمهوري ارمنستان
اذربائيجان,خانقاه
اذربائيجان,خاورميانه
اذربائيجان,خراسان
اذربائيجان,داغستان
اذربائيجان,سكاستان
اذربائيجان,سيستان و بلوچستان
اذربائيجان,شروان
اذربائيجان,صحراي غربي
اذربائيجان,قرهباغ
اذربائيجان,قفقاز
اذربائيجان,كردستان
اذربائيجان,هلند
اذربائيجان,پادشاهي بريتانياي كبير
اذن,اتفاق
اذن,رضايت
اذن,موافقت
اذيت,اواره
اذيت,شكنج
اذيت,شكنجه
اذيت,شكنجه دادن
اذيت,شكنجه كردن
اذيت,عذاب
اذيت,قين
اذيت,يمان
اذيت دينا,ازردن
اذيت دينا,دشنام
اذيت دينا,سركوب
اذيت دينا,شكنج
اذيت دينا,شكنجه
اذيت دينا,ضرب و شتم
اذيت دينا,عذاب
اذيت دينا,قين
اذيت كن,مهره
اذيت كن,ناو
اذيت ناك,تنگ
اذيت پہنچانا,ازار دادن
اذيت پہنچانا,شكنج
اذيت پہنچانا,شكنجه
اذيت پہنچانا,شكنجه دادن
اذيت پہنچانا,شكنجه كردن
اذيت پہنچانا,عذاب
اذيت پہنچانا,قين
اذيت پہنچانا,مه
اذہان,خرد
اذہان,ذهن
اذہان,راه
اذہان,ره
اذہان,سحر حلال
اذہان,عقل
اذہان,فهم
اذہان,نبوغ
اذہان,هوش
اذہان,ژني
ار,ار
ارا,ارا
ارائي,ارائي
ارادت,ارادت
ارادي,باتاني
ارادي,عمدي
ارادہ,اراده
ارادہ,تمايل
ارادہ,جهتگيري
ارادہ,دماغ
ارادہ,سر و برگ
ارادہ,شوق
ارادہ,ميل
ارادہ,هوس
ارادہ,گرايش
اراستم,اراستم
اراستن,اراستن
اراستند,اراستند
اراستيم,اراستيم
اراضي,بوم
ارام,ارام
ارام,اسايش
ارام,بساخ
ارام,تسكين
ارام,راحت
ارام,راحتي
ارام,فاتحه
ارام,فرصت
ارام,ناز
ارام,وسعت
ارام,پستانك
ارام دينا,تسلي
ارام سے,اهسته
ارام سے,تكزنگ زدن
ارام سے,حساس
ارام سے,يواش
ارام سے,پوستكلفت
ارام سے,گاماس
ارام سے,گاماس گاماس
ارام سے,گوارا
ارام كرنا,ارام گرفتن
ارام كرنا,ارميدن
ارام كرنا,اسودن
ارام كرنا,غنودن
ارام گاہ,اتاق خواب
ارام گاہ,ارامگاه
ارام گاہ,خوابگاه
ارام گاہ,دخمه
ارام گاہ,سنگين
ارام گاہ,شادروان
ارام گاہ,شبستان
ارام گاہ,قبر
ارام گاہ,لحد
ارام گاہ,مرقد
ارام گاہ,مزار
ارام گاہ,مقبره
ارام گاہ,يوسف
ارام گاہ,گنبد
ارام گاہ,گور
ارام گاہ,گورخواب
ارام گاہ,گورخوابي
ارباب,ارباب
ارتباط,ارتباط
ارتداد,ارتداد
ارتداد,عقبنشيني
ارتداد,لو
ارتداد,نسخ
ارتعاش,ارتعاش
ارتعاش,رعشه
ارتعاش,لرزش
ارتعاش,لرزه
ارتعاش دينا,جنبيدن
ارتعاش پذير,پررنگ
ارتفاع,ارتفاع
ارتفاع,اسطرلاب
ارتفاع,بالا
ارتفاع,علو
ارتفاع,فراز
ارتفاع,قد
ارتفاعي,سيلو
ارتفاعي,عمودي
ارتقا,ترقي
ارتقا,تكامل
ارتقا,روي
ارتقا,فرگشت
ارتقا,كلنجار رفتن
ارتقا,پيش رفتن
ارتقا,پيشرفت
ارتقا,پيشرفت كردن
ارتكاب,ارتكاب
ارتھ,اباداني
ارتھ,ابادي
ارتھ,انتفاع
ارتھ,باعث
ارتھ,بخت
ارتھ,بهره
ارتھ,تماشا
ارتھ,دلبستگي
ارتھ,دولت
ارتھ,رفاه
ارتھ,سو
ارتھ,سود
ارتھ,صرفه
ارتھ,علاقه
ارتھ,علاقه داشتن
ارتھ,فايده
ارتھ,فرع
ارتھ,فيروز
ارتھ,كاميابي
ارتھ,محرك
ارتھ,مصلحت
ارتھ,منفعت
ارتھ,مهر
ارتھ,موجب
ارتھ,موفقيت
ارتھ,نرخ بهره
ارتھ,نفع
ارتھ,ورز
ارج,ارج
ارجت,به دست امدن
ارجت,تازه
ارجت,درامدن
ارجت,قدرت هستهاي
ارجمند,ارجمند
ارجمند,اهورامزدا
ارجمند,سرافراز
ارجمند,سمي
ارجمند,عالي
ارجمند,معظم
ارجمند,والا
ارجمندي,ارجمندي
ارجن,كسب
ارجنٹائن,ارجنتاين
ارجنٹائن,ارژانتين
ارحام,ارحام
ارد,ارد
ارد گرد,از دل نرود هر انكه از ديده برفت
ارد گرد,تركمن
ارد گرد,حدود
ارد گرد,دور و بر
ارد گرد,مجاورت
ارد گرد,پيرامون
اردلي,مرتب
اردلي,چاوش
اردن,ابدار
اردن,اردن
اردن,امان
اردن,امودريا
اردن,جاري
اردن,دجله
اردن,درياي مرده
اردن,روان
اردن,سند
اردن,شام
اردن,عربستان
اردن,عمان
اردن,فرات
اردن,فلسطين
اردن,كابل
اردن,نيل
اردو,اردوگاه
اردو,دست
اردو,هندوستاني
اردوئے معلي,اردوگاه
اردوئے معلي,اهورامزدا
اردوئے معلي,دست
اردوئے معلي,سرافراز
اردوئے معلي,سمي
اردوئے معلي,عالي
اردوئے معلي,معظم
اردوئے معلي,والا
ارز,ارز
ارز,ارزيدن
ارز,بها
ارز,حرمت
ارز,خرج
ارز,خونبها
ارز,دخش
ارز,سنگ
ارز,شيربها
ارز,عزر
ارز,في
ارز,قيمت
ارز,كرايه
ارز,نرخ
ارز,هزينه
ارزان,ارزان
ارزاني,ارزاني
ارزاں,ارزان
ارزاں,مفت
ارزد,ارزد
ارزو,ارزو
ارزو,همت
ارزوئي,ارزوئي
ارزوست,ارزوست
ارزوي,ارزوي
ارزويم,ارزويم
ارسطو,ارسطو
ارسي,ارسي
ارشاد,ارشاد
ارشادات,ادا
ارشادات,تقرير
ارشادات,كلام
ارشادات,لفظ
ارض,ارض
ارضيان,ارضيان
ارغوان,ارغوان
ارغواني,ارغوان
ارغواني,بنفش
ارغواني,بنفشه
ارغواني,بنفشهاي
ارغواني,زرشكي
ارغواني,سبك هندي
ارغواني,قرمز
ارغواني,قرمزي
ارغواني,كبود
ارغواني رنگ,بنفش
ارغواني رنگ,بنفشه
ارغواني رنگ,بنفشهاي
ارم,ارم
ارمان,حسرت
ارمان,شوق
ارمان,كباب
ارمان,مشتاق
ارمان,ولع
ارمان,ياسه
ارمبھ,شروع
ارمبھ كرنا,اغاز شدن
ارمبھ كرنا,اغاز كردن
ارمبھ كرنا,اغازيدن
ارمبھ كرنا,سر كردن
ارمبھ كرنا,سه كاف
ارمبھ كرنا,شروع شدن
ارمبھ كرنا,شروع كردن
ارمبھ كرنا,پرداختن
ارمغان,ارمغان
ارمنستان,اذربايجان
ارمنستان,ارمن
ارمنستان,ارمنستان
ارمنستان,البرز
ارمنستان,انا لله و انا اليه راجعون
ارمنستان,ايرارات
ارمنستان,ايروان
ارمنستان,تكفور
ارمنستان,جمهوري ارمنستان
ارمنستان,خاورميانه
ارمنستان,خوارزم
ارمنستان,داغستان
ارمنستان,رفيق
ارمنستان,شروان
ارمنستان,شيرين
ارمنستان,قبرس
ارمنستان,قرهباغ
ارمنستان,قفقاز
ارمنستان,لوتارنژي
ارمنستان,متعلق بودن
ارمنستان,پنجاب
ارميد,ارميد
ارميدم,ارميدم
ارميدند,ارميدند
ارمينيا,اذربايجان
ارمينيا,ارمن
ارمينيا,ارمنستان
ارمينيا,البرز
ارمينيا,ايرارات
ارمينيا,ايروان
ارمينيا,تكفور
ارمينيا,جمهوري ارمنستان
ارمينيا,خاورميانه
ارمينيا,داغستان
ارمينيا,شروان
ارمينيا,شيرين
ارمينيا,قرهباغ
ارمينيا,قفقاز
ارني,ارني
ارنڈ خربوزہ,پاپايا
ارواح,ارواح
اروگيہ,ازادي
اروگيہ,ازادي بيان
اروگيہ,بازيافت
اروگيہ,برائت
اروگيہ,بهبود
اروگيہ,بهداشت
اروگيہ,جان دارو
اروگيہ,حال
اروگيہ,درمان
اروگيہ,درمان كردن
اروگيہ,درود
اروگيہ,سازمان بهداشت جهاني
اروگيہ,سلامت
اروگيہ,سلامتي
اروگيہ,شفاء
اروگيہ,معالجه
اروگيہ,نوش جان
اروگيہ,وخيم
اري,اري
اري,دست اره
اري,دستره
اريامن,باري
اريامن,خدا
اريامن,رع
اريامن,فرشته
اريامن,مهر
اريہ,ارجمند
اريہ,اريا
اريہ,اريان
اريہ,اريايي
اريہ,افضل
اريہ,اهل
اريہ,اير
اريہ,بانووار
اريہ,بيجينگ
اريہ,تشريف
اريہ,جماهيري عربي سوسياليستي خلق بزرگ ليبي
اريہ,جمهوري خلق چين
اريہ,خلق
اريہ,خونيرث
اريہ,شريف
اريہ,لالا
اريہ,مجاهد
اريہ,مجداني
اريہ,محترم
اريہ,ميرزا
اريہ,نجيب
اريہ,هندواروپائي
اريہ,هندواروپايي
اريہ,هندوايراني
اريہ,پاكباز
اريہ سماج,اريا
اريہ ورت,ايرانويج
اريہ ورت,تخارستان
اريہ ورت,قوس
اريہ ورت,كرن
اريہ ورت,مطابق
اريہ ورت,مقابل
اريہ ورت,مناسب
اريہ ورت,گاليا
ارے,اكثر
ارے,اما
ارے,ان
ارے,با اين حال
ارے,جناب اقاي
ارے,حاجي
ارے,خطاب
ارے,سركار خانم
ارے,قيمتي
ارے,ليك
ارے,ليكن
ارے,متوجه
ارے,مگر
ارے,هم
ارے,هندوستان
ارے,پيشه
از,از
ازاد,ازاد
ازاد,استغنا
ازاد,استمراري
ازاد,افتادن
ازاد,امن
ازاد,انديشيدن
ازاد,ايمن
ازاد,بخشنده
ازاد,بن
ازاد,به
ازاد,بي خيال
ازاد,تخليه
ازاد,جهاني
ازاد,خلاص
ازاد,خلاص شدن
ازاد,خيره
ازاد,دغدغه
ازاد,دلواپسي
ازاد,راد
ازاد,رها
ازاد,شمولي
ازاد,غلامي
ازاد,فرارون
ازاد,قيد
ازاد,كيهاني
ازاد,مامن
ازاد,مختار
ازاد,مخلص
ازاد,مستقل
ازاد,مطمئن
ازاد,نگراني
ازاد,هرزه
ازاد,هي
ازاد,يله
ازاد,گاوصندوق
ازاد,گرينلند
ازاد جموں و كشمير,مظفراباد
ازاد كشمير,اقصي چين
ازاد كشمير,مظفراباد
ازادان,ازادان
ازادي,ازادي
ازادي,ازادي بيان
ازادي,استغنا
ازادي,استقلال
ازادي,برائت
ازادي,خلاصي
ازاديش,ازاديش
ازادگي,ازادگي
ازار,ازار
ازار,تنبان
ازار بند,سر كيسه را شل كردن
ازاري,ازاري
ازاري,اشفته
ازاري,اعدام
ازاري,ترويج
ازاري,رنجه
ازاري,رنجور
ازاري,مبتلا
ازاري,مستمند
ازالہ كرنا,ديباگ كردن
ازبر,ازبر
ازبك,ازبك
ازبك,ازبكي
ازبك,ايل
ازبك,ترك
ازبك,تركمن
ازبك,تركي
ازبك,تو
ازبك,توران
ازبك,يغما
ازبك,ينگه
ازحد خوشي,نعيم
ازدواج,حلقه ازدواج
ازدواج,زفاف
ازدواج,شادي
ازدواج,طوي
ازدواج,عروسي
ازر,ازر
ازروئے,بخاطر
ازروئے,تقوا
ازروئے,تقوي
ازروئے,خاصيت
ازروئے,فضل
ازروئے,هنر
ازري,ازري
ازقسم,شبه
ازل,ابد
ازل,ازل
ازلي,ازلي
ازما,ازما
ازمائش,ازمايش
ازمائش,ازمايش خون
ازمائش,ازمايش واحد
ازمائش,ازمودن
ازمائش,ازمون
ازمائش,ازمون و خطا
ازمائش,امتحان
ازمائش,تجربه
ازمائش,تست
ازمائش,تست بارداري
ازمائش,دادرسي
ازمائش,رسيدگي
ازمائش,كنكور
ازمائش,محاكمه
ازمائش,محك
ازمائش,معاينه
ازمائش,نمره
ازمائش,پروسه
ازمائش,پژوهش
ازمائشوں,ازمايش
ازمائشوں,ازمون
ازمائشوں,ازمون و خطا
ازمائشوں,امتحان
ازمائشوں,دادرسي
ازمائشوں,محاكمه
ازمائشوں,محنت
ازمائشوں,پروسه
ازمائشيں,ازمايش
ازمائشيں,ازمون
ازمائشيں,ازمون و خطا
ازمائشيں,امتحان
ازمائشيں,دادرسي
ازمائشيں,محاكمه
ازمائشيں,محنت
ازمائشيں,پروسه
ازمائي,ازمائي
ازمانا,ازمايش
ازمانا,ازمايش خون
ازمانا,ازمايش واحد
ازمانا,ازمودن
ازمانا,ازمون
ازمانا,امتحان
ازمانا,تجربه
ازمانا,تست
ازمانا,تست بارداري
ازمانا,ثابت كردن
ازمانا,محك
ازمانا,نگاه كردن
ازمانا,پوييدن
ازمانا,پژوهيدن
ازمايد,ازمايد
ازمود,ازمود
ازمودن,ازمودن
ازمودگي,ازمودن
ازمودگي,ازمودگي
ازمودگي,بختك
ازمودگي,تجربه
ازمودگي,پشت سر گذاشتن
ازمودگي,چشيدن
ازمودہ,ازموده
ازمودہ,جهانديده
ازو,ازو
ازوست,ازوست
ازين,ازين
ازيني,ازيني
اس,اس
اس,انتظار
اس,توقع
اس,طمع
اس,عيني
اس,قصد
اس,منظور
اس,هدف
اس,چشمداشت
اس دوران ميں,در اين فاصله
اس طرف,املاي نانوشته غلط ندارد
اس طرف,انجا
اس طرف,ايدر
اس طرف,ايسو
اس طرف,اينجا
اس طرف,بفرماييد
اس طرف,تركيببند
اس طرف,دربند
اس طرف,سيالات
اس طرف,شبستان
اس طرف,ميش بهار
اس طرف,نبود
اس طرف,هست
اس طرف,پرنده پر نميزد
اس كا,ترا
اس كا,را
اس كا,مرا
اس كے برخلاف,بالعكس
اس كے برخلاف,برخلاف
اس كے برخلاف,تضاد
اس كے برخلاف,خلاف
اس كے برخلاف,ضد
اس كے برخلاف,عكس
اس كے برخلاف,مخالف
اس كے برعكس,عيب
اس كے برعكس,معاون
اس كے برعكس,نائب
اس كے علاوہ,غيرت
اس لئے,ايدون
اس لئے,بناء علي هذا
اس لئے,بناءعليهذا
اس لئے,بنابراين
اس لئے,لاجرم
اس لئے,لذا
اس لئے,لهذا
اس لئے,مصدر جعلي
اس لئے,پس
اس پاس,از دل نرود هر انكه از ديده برفت
اس پاس,تركمن
اس پاس,حدود
اس پاس,دور و بر
اس پاس,مجاورت
اس پاس,پيرامون
اسا,اسا
اساتذہ,اوستا
اساس,اساس
اساس,ان
اساس,اه
اساس,اه كشيدن
اساس,بنياد
اساس,بنيان
اساس,بيخ
اساس,تنفس
اساس,ته
اساس,حبس كردن
اساس,دستاويز
اساس,دستور
اساس,دم
اساس,رمق
اساس,رو
اساس,ريشه
اساس,زار
اساس,زيربنا
اساس,شيب
اساس,فرومايه
اساس,مايه
اساس,مبنا
اساس,مستند
اساس,ناله
اساس,نفس
اساس,نفس كشيدن
اساس,نكهت
اساس,پايه
اساس,پايگاه
اساسي,اساسي
اساسي,اصلي
اساسي,اندركنش بنيادي
اساسي,بنواژه
اساسي,بنيادي
اساسي,جنس
اساسي,ذات
اساسي,سلول
اساطير,اساطير
اساطير,اسطوره
اساطير,اسطورهشناسي
اساطير,افسانه
اساطير,جقي
اساطير,خونيرث
اساطير,رستم
اساطير,ميتولوژي
اساطير,پري
اساطيري,افراسياب
اساطيري,افسانهاي
اساطيري,افسانوي
اساطيري,بيستون
اساطيري,تاجبخش
اساطيري,دارا
اساطيري,سمندر
اساطيري,سنگ صبور
اساطيري,سووشون
اساطيري,شاهنامه
اساطيري,شبديز
اساطيري,طهمورث
اساطيري,عنقا
اساطيري,كي
اساطيري,هاماوران
اساطيري,گنگ
اسام,اسام
اسامي,اسام
اسامي,اسامي
اسامي,برزگر
اسامي,دهقان
اسامي,كشاورز
اسان,اسان
اسان,خوار
اسان,راحت
اسان,ساده
اسان,سهل
اسان,سهل ممتنع
اسان,ميسر
اسان,ناو
اساني,اسان
اساني,اساني
اساني,بوجي موجي
اساني,خوار
اساني,راحت
اساني,راحتي
اساني,ساده
اساني,سادگي
اساني,سهل
اساني,سهل ممتنع
اساني,فارغ البال
اساني,فقره
اساني,مثل
اساني,مورد
اساني,موقع
اساني,ميسر
اساني,ناو
اساني,نمونه
اساني,وسعت
اساني سے,تكزنگ زدن
اساني سے,حساس
اساني سے,پوستكلفت
اساني سے,گوارا
اسباب,اسباب
اسباب,دروغ مصلحت اميز به از راست فتنه انگيز
اسباب,سوزناك
اسباب,منت
اسبغول,اسپرزه
است,است
استاد,استاد
استاد,استادانه
استاد,اقدس
استاد,اهل خبره
استاد,بازيكن
استاد,بازيكن فوتبال
استاد,بيمناك
استاد,تنيسباز
استاد,تنيسور
استاد,توجه
استاد,جي
استاد,حالت
استاد,حضرت
استاد,خبره
استاد,خنياگر
استاد,خوفناك
استاد,دولت عليه ايران
استاد,روحاني
استاد,روحي
استاد,سهمگين
استاد,سيد
استاد,شريف
استاد,شطرنجباز
استاد,عاطر
استاد,عرفان
استاد,فقيه
استاد,فوتباليست
استاد,كارشناس
استاد,كونين
استاد,لالا
استاد,لل‍ه
استاد,متخصص
استاد,مربي
استاد,مرشد
استاد,معنوي
استاد,موزيسين
استاد,موسيقار
استاد,موسيقي دان
استاد,موسيقيدان
استاد,موسيقيدانان
استاد,موسيقيدانها
استاد,نوازنده
استاد,هندوستاني
استاد,هنرمند
استاد,يار
استاد,پاكباز
استاد,پروردگار
استاد,گلنزن
استادانہ,كلام
استادي,خواجگي
استادي,پند
استان,استان
استاني,بيبي
استاني,خاتون
استبداد,استبداد
استبدادانہ,اقتدارگرا
استثني,استثنا
استثني,استنجا
استثني,استنجاء
استثني,امتياز
استحكام,احداث
استحكام,استقرار
استحكام,امتداد
استحكام,بار
استحكام,برداشت
استحكام,برپايي
استحكام,تاسيس
استحكام,تشكيل
استحكام,تشكيلات
استحكام,تصويب
استحكام,تمديد
استحكام,ثبات
استحكام,جنم
استحكام,خايه
استحكام,خشكشويي
استحكام,دل
استحكام,زهره
استحكام,شجاعت
استحكام,شهامت
استحكام,كنداوري
استحكام,متانت
استحكام,پايندگي
استخبار,اطلاعات
استخبار,جقي
استخبار,خبر
استخبار,راي
استخبار,سيا
استخبار,شعور
استخبار,هوش
استخبار,هوش مصنوعي
استخبار,ژني
استخوان,است
استخوان,استخوان
استخوان,اسكلت
استخوان,زند
استخوان,عظم
استدلال,استدلال
استدلال,تظاهر
استدلال,تظاهرات
استدلال,توجيه
استدلال,ثبات
استدلال,مبارزه
استدلال,مناظره
استدلال,گفتگو
استراحت,استراحت
استري دھن,جهاز
استري دھن,كابين
استري دھن,مهر
استعاري,شيرجه
استعاري,لاك
استعاري,مهر
استعاري,نمادين
استعارہ,استعاره
استعارہ,ال
استعارہ,انگليون
استعارہ,بوجي موجي
استعارہ,راه زدن
استعارہ,زقوم
استعارہ,سر سوزن
استعارہ,شمشاد
استعارہ,فقره
استعارہ,كنايه
استعارہ,مثل
استعارہ,مورد
استعارہ,موقع
استعارہ,نمونه
استعارہ,ياقوت
استعداد,استعداد
استعداد,تمرين كردن
استعداد,سررشته
استعداد,قابليت
استعداد,مهارت
استعداد,پند
استعداد,پيشه
استعداد,ژني
استعفا,استعفا
استعمال,استخدام
استعمال,استعمال
استعمال,اشتغال
استعمال,خدمت
استعمال,شغل
استعمال,مشغله
استعمال كرنا,تناول
استعمال كرنا,خوار
استعمال كرنا,شميدن
استعمال كرنا,مصرف كردن
استعمال كرنا,ميل كردن
استعمال كرنا,گداختن
استعمال كرنے والا,انباكسينگ
استعمال كرنے والا,بنگي
استعمال كرنے والا,رابط كاربري
استعمال كرنے والا,فيلترشكن
استعمال كرنے والا,كاربر
استعمال كرنے والا,مصرفي
استعمال كرنے والا,معتاد
استعمال كرنے والا,يو اي
استعمال كرنے والا,يواي
استعمال كرنے والا,يوزر اينترفيس
استعمال كرنے والا,يوزراينترفيس
استعمال نہ كرنا,منسوخ
استغاثہ,تعقيب
استغراق,نشخوار
استغنا,استغنا
استفسار,كندوكاو
استفسار,پرسمان
استفسار,پژوهش
استقامت,استقامت
استقامت,راستي
استقامت,صلاح
استقامت,صلاحيت
استقبال,اخذ
استقبال,ارادت
استقبال,استقبال
استقبال,بارگاه
استقبال,تلقي
استقبال,تگرگ
استقبال,خواهش ميكنم
استقبال,خوش امديد
استقبال,خير مقدم
استقبال,درود
استقبال,سنگك
استقبال,شخلاسه
استقبال,قدمت روي چشم
استقبال,كاري نكردم
استقبال,مرحبا
استقبال,وظيفهام بود
استقبال,پاگشا
استقبال,پذيرش
استقبال,ژاله
استقبال,ژاله باريدن
استقبال كرنا,ارادت
استقبال كرنا,خواهش ميكنم
استقبال كرنا,خوش امديد
استقبال كرنا,خير مقدم
استقبال كرنا,قدمت روي چشم
استقبال كرنا,كاري نكردم
استقبال كرنا,مرحبا
استقبال كرنا,وظيفهام بود
استقلال,ازادي
استقلال,استغنا
استقلال,استقلال
استقلال,اهنگ
استقلال,برداشت
استقلال,تصميم
استقلال,ثبات
استقلال,حل
استقلال,رفع
استقلال,عزم
استقلال,قطعنامه
استقلال,متانت
استقلال,وضوح
استقلال,پايندگي
استكبار,استكبار
استم,استم
استنبول,استانبول
استنبول,فاتح
استنبول,قسطنطنيه
استنجا,استثنا
استنجا,استنجا
استنجا,استنجاء
استنجا,انزوا
استنجا,خويشتنداري
استنجا,روزه
استنجا,صيام
استنجا,عفت
استنجا,پرهيز
استوار,استوار
استوار,تهم
استوار,توانا
استوار,جسور
استوار,حريم
استوار,خديو
استوار,خيزان
استوار,دلير
استوار,راسا
استوار,راست
استوار,زورمند
استوار,زوش
استوار,سترگ
استوار,ستنبه
استوار,سكندري
استوار,سهي
استوار,ضلع
استوار,قادر
استوار,قدرتمند
استوار,مستقيم
استوار,مقتدر
استوار,نيرومند
استوار,هزبر
استوار,هژبر
استوار,ورجاوند
استوار,پايدار
استوار,پوييدن
استوار,چيره
استوارنا,درست كردن
استواري,استواري
استواري,برداشت
استواري,ثبات
استواري,سفت
استواري,غليظ
استواري,قرار
استواري,متانت
استواري,پايندگي
استونيا,استوني
استونيا,انطاكيه
استونيا,بدخشان
استونيا,بلوچستان
استونيا,تركيه
استونيا,سند
استي,استي
استيم,استيم
استين,استين
استين,كما
استھ,است
استھ,استخوان
استھ,زند
استھ,عظم
اسحاق,اسحاق
اسحاق,عبراني
اسحاق,عبري
اسحاق,نتانياهو
اسحاق,هارون
اسحاق,يعقوب
اسحاق,پرهام
اسد,ارسلان
اسد,اسد
اسد,ببر
اسد,شرزهشير
اسد,شير
اسد,نعره
اسد,هزبر
اسد,هژبر
اسرا,ابشتن
اسرا,تيمارستان
اسرا,حرز
اسرا,زنهار
اسرا,سامه
اسرا,سايه
اسرا,ظل
اسرا,عقبنشيني
اسرا,كارتنخواب
اسرا,لو
اسرا,مامن
اسرا,پناه
اسرا,پناهجو
اسرا,پناهندگي
اسرا,پناهندگي سياسي
اسرا,پناهگاه
اسرا,گريزگاه
اسرا,گورخواب
اسرائيل,اسرائيل
اسرار,اسرار
اسراف,اتلاف
اسراف,اشغال
اسراف,برباد دادن
اسراف,بربادي
اسراف,تلف
اسراف,كثافت
اسراف,پرت
اسراف,پسماند
اسرافيل,اسرافيل
اسطوري,افراسياب
اسطوري,افسانهاي
اسطوري,افسانوي
اسطوري,بيستون
اسطوري,تاجبخش
اسطوري,دارا
اسطوري,سنگ صبور
اسطوري,سووشون
اسطوري,شاهنامه
اسطوري,شبديز
اسطوري,طهمورث
اسطوري,عنقا
اسطوري,كي
اسطوري,هاماوران
اسطورہ,اسطوره
اسطورہ,افسانه
اسطورہ,جقي
اسطورہ,سمر
اسطورہ,مثل
اسفنج,ابر
اسفنج,ابرك
اسفنج,اسفنج
اسفنج,خميرمايه
اسفنج,لواش
اسفنج,مايه
اسفنج,مخمر
اسفنج,منتو
اسقاط,ازاري
اسقاط,اعدام
اسقاط,افتادن
اسقاط,ترويج
اسقاط,جلب
اسقاط,سقط
اسقاط,سقط جنين
اسقاط,كورتاژ
اسقاط حمل,افتادن
اسقاط حمل,سقط
اسقاط حمل,سقط جنين
اسقاط حمل,كورتاژ
اسقف,اسقف
اسكاٹ لينڈ,اسكاتلند
اسكاٹ لينڈ,انگلستان
اسكاٹ لينڈ,ايرلند شمالي
اسكاٹ لينڈ,برطانيه
اسكاٹ لينڈ,بريتانيا
اسكاٹ لينڈ,بريتانياي كبير
اسكاٹ لينڈ,مقدونيه
اسكاٹ لينڈ,پادشاهي بريتانياي كبير
اسكاٹلينڈ,اسكاتلند
اسكاٹلينڈ,انگلستان
اسكاٹلينڈ,ايرلند شمالي
اسكاٹلينڈ,برطانيه
اسكاٹلينڈ,بريتانيا
اسكاٹلينڈ,بريتانياي كبير
اسكاٹلينڈ,مقدونيه
اسكاٹلينڈ,پادشاهي بريتانياي كبير
اسكت,اد
اسكت,ارزومند
اسكت,ان
اسكت,اهل
اسكت,بعدي
اسكت,تاسي
اسكت,تشريف
اسكت,جان
اسكت,جان نثار
اسكت,خان
اسكت,خواستگاري
اسكت,دلداده
اسكت,ديندار
اسكت,رديف
اسكت,سرابستان
اسكت,سوري
اسكت,شادروان
اسكت,شيدا
اسكت,عابد
اسكت,عادي
اسكت,عاشق
اسكت,قويا
اسكت,متعلق
اسكت,متوالي
اسكت,مخلص
اسكت,معتاد
اسكت,نيت
اسكت,وابسته
اسكندر,اسكندر
اسكندري,اسكندري
اسكندريہ,اسكندريه
اسلاف,اسلاف
اسلام,اسلام
اسلام اباد,اسلاماباد
اسلام اباد,جنگ داخلي
اسلام اباد,قصبه
اسلام اباد,مؤدب
اسلام اباد,مدني
اسلام اباد,چاتگام
اسلامي جمہوريۂ پاكستان,اضافت
اسلامي جمہوريۂ پاكستان,اضافه
اسلاميان,اسلاميان
اسلاميت,اسلامگرايي
اسلاميت,ايرانشناسي
اسلاميت,مرور
اسلحہ,قدرت هستهاي
اسلحہ,مسلح كردن
اسلحہ,چاك چاك
اسلحہ,چاكاچاك
اسلحہ,چك چك
اسلحہ,چكاچاك
اسلحہ,چكاچك
اسلحہ,چكچاك
اسلحہ خانہ,زراد خانه
اسلحہ خانہ,زرادخانه
اسلحہ خانہ,زردخانه
اسلوب,اسلوب
اسلوب,رسم
اسلوب,سليقه
اسلوب,فشن
اسلوب,مد
اسلوب,مدل
اسلوب,مزون
اسلوب,گون
اسم,اسم
اسم,انتصاب
اسم,تعيين
اسم,دولت عليه ايران
اسم,شيب
اسم عدد,رقم
اسم عدد,شماره
اسم عدد,عدد
اسم عدد,نمبر
اسم مصدر,ون
اسماعيل,اسماعيل
اسماعيليہ,اسماعيليه
اسمان,ارزه
اسمان,اسمان
اسمان,اسماني
اسمان,حوزه
اسمان,سبعه
اسمان,سر زدن
اسمان,سپهر
اسمان,شور
اسمان,طالع
اسمان,طلوع
اسمان,علوي
اسمان,فلك
اسمان,قدسي
اسمان,كره
اسمان,ماهور
اسمان,مسير
اسمان,هفت
اسمان,هفت اورنگ
اسمان,هفتسين
اسمان,هفتصد
اسمان,گوي
اسمانش,اسمانش
اسماني,اسماني
اسماني,براق
اسماني,بهشتي
اسماني,زاوش
اسماني,سر زدن
اسماني,طالع
اسماني,طلوع
اسماني,علوي
اسماني,قدسي
اسماني,مسير
اسماي,اسماي
اسمبھو,غيرممكن
اسمبھو,محال
اسمبھو,نشدني
اسمعيل,اسمعيل
اسن,دنگل
اسنان,ابتني
اسنان,ابدست
اسنان,ابزن
اسنان,حمام
اسنان,حمام كردن
اسنان,خزينه
اسنان,دلاك
اسنان,دوش
اسنان,دوش گرفتن
اسنان,شاور
اسنان,شاور گرفتن
اسنان,غسل كردن
اسنان,لنگ
اسنان,مايو
اسنان,متوضا
اسنان,گرمابه
اسند,صندلي
اسند,كرسي
اسند,پشتي
اسند,چوكي
اسوار,اسوار
اسود,اسود
اسودن,اسودن
اسودگي,اسودگي
اسي,اسي
اسي,هشتاد
اسي طرح سے,هميدون
اسي طرح سے,همچنان
اسي طرح سے,همچنين
اسي لئے,ايدون
اسي لئے,بناء علي هذا
اسي لئے,بناءعليهذا
اسي لئے,بنابراين
اسي لئے,لاجرم
اسي لئے,لذا
اسي لئے,لهذا
اسي لئے,مصدر جعلي
اسي لئے,پس
اسيا,اسيا
اسياست,اسياست
اسيب,استويهاد
اسيب,افت
اسيب,بغامه
اسيب,بيماري
اسيب,تكان
اسيب,جن
اسيب,جنون
اسيب,حادثه
اسيب,خيال
اسيب,درد
اسيب,ديو
اسيب,ديوانگي
اسيب,رنج
اسيب,شوريده
اسيب,شوك
اسيب,فاجعه
اسيب,فتنه
اسيب,فروماندن
اسيب,مبتلا
اسيب,مرض
اسيب,مريضي
اسيب,مصيبت
اسيب,نكبت
اسيب,هول
اسيب,پشمام
اسير,اسير
اسير,انباكسينگ
اسير,برده
اسير,بندي
اسير,دربند
اسير,دستگير
اسير,زنداني
اسير,زنداني سياسي
اسير,محكوم
اسير,گرفتار
اسيران,اسير
اسيران,برده
اسيران,بندي
اسيران,دربند
اسيران,دستگير
اسيران,زنداني
اسيران,زنداني سياسي
اسيران,محكوم
اسيري,اسارت
اسيري,اسيري
اسيري,تسخير كردن
اسيري,حبس
اسٹريا,اتريش
اسٹريا,اروپاي مركزي
اسٹريا,اطريش
اسٹريا,نمسا
اسٹريا,وين
اسٹريليا,استراليا
اسٹريليا,استرليا
اسٹريليا,استريليا
اسٹريليا,اقيانوسيه
اسٹريليا,اكسيتانيا
اسٹريليا,انگريز
اسٹريليا,انگريزي
اسٹريليا,ايالات متحده امريكا
اسٹريليا,ايران
اسٹريليا,بارانداز
اسٹريليا,برار
اسٹريليا,بريتانيايي
اسٹريليا,بلخ
اسٹريليا,تاسماني
اسٹريليا,حائل
اسٹريليا,خوكچه هندي
اسٹريليا,روباه
اسٹريليا,زلاند نو
اسٹريليا,سنگاپور
اسٹريليا,سيدني
اسٹريليا,شروان
اسٹريليا,فضا
اسٹريليا,فوتباليست
اسٹريليا,فيجي
اسٹريليا,وسمه
اسٹريليا,پاپوا گينه نو
اسٹريليا,گينه
اسٹور,انبار
اسٹور,دكان
اسٹور,ذخيره
اسٹور,ذخيره كردن
اسٹور,فروشگاه
اسٹور,كلبه
اسٹور,چايدان
اسٹور,گنج
اسٹيڈيم,ورزشگاه
اسپ,اسب
اسپ,شهسوار
اسپ,شواليه
اسپ تازي,تازي
اسپ تازي,پروردن
اسپات,غيبه
اسپات,فولاد
اسپات,پلارك
اسپات,پولاد
اسپات,پولادي
اسپتال,ايزوله
اسپتال,بخش
اسپتال,بيمارستان
اسپتال,زايشگاه
اسپتال,شفاخانه
اسپغول,اسپرزه
اسپيد,اسپيد
اسپيركي,اسپيركي
اسہال,اسهال
اش,اش
اش پز,اشپز
اش پز,اشپزي كردن
اش پز,سراشپز
اش پز,پختن
اش پز,پزيدن
اش پز خانہ,اشپزخانه
اش پز خانہ,الماري
اش پز خانہ,ظرفشويي
اش پز خانہ,هويج
اشا,اشراق
اشا,طلوع
اشا,هاون
اشا,چاشت
اشارات,اشارات
اشاريہ,شاخص
اشاريہ,فهرست
اشاريہ,نمايه
اشارہ,استعاره
اشارہ,اشاره
اشارہ,اشاره كردن
اشارہ,اندي
اشارہ,انگليون
اشارہ,بند «پ»
اشارہ,تلميح
اشارہ,توراندخت
اشارہ,راه زدن
اشارہ,زقوم
اشارہ,زنار
اشارہ,ستاره
اشارہ,سترون
اشارہ,سر سوزن
اشارہ,شماره
اشارہ,شمشاد
اشارہ,شيوه
اشارہ,عدد
اشارہ,علامت
اشارہ,فارس
اشارہ,فروماندن
اشارہ,فروهر
اشارہ,كرن
اشارہ,كنايه
اشارہ,متعلق
اشارہ,مر
اشارہ,مراجعه
اشارہ,مرجع
اشارہ,معنوي
اشارہ,منبع
اشارہ,نابينا
اشارہ,نشانه
اشارہ,نماد
اشارہ,والا
اشارہ,وگرنه
اشارہ,ياقوت
اشارہ,پوراندخت
اشارہ,چراغ راهنمايي
اشارہ,ژست
اشارہ,گنگ
اشارہ كرنا,اشاره
اشارہ كرنا,اشاره كردن
اشارہ كرنا,اوكي
اشارہ كرنا,ب.ظ
اشارہ كرنا,باشه
اشارہ كرنا,به زبان اوردن
اشارہ كرنا,خخخ
اشارہ كرنا,ذكر
اشارہ كرنا,ذكر كردن
اشارہ كرنا,ق.ظ
اشارہ كرنا,قابل ندارد
اشارہ كرنا,كاري نكردم
اشارہ كرنا,مر
اشارہ كرنا,ميو
اشارہ كرنا,نام بردن
اشارہ كرنا,نبيگ
اشارہ كرنا,نشان دادن
اشارہ كرنا,وظيفهام بود
اشارہ كرنا,ياد كردن
اشارہ كرنا,چشمك
اشارہ كرنا,چيز
اشارہ كرنا,◌ؖ
اشارہ گر,شاهين
اشارے سے بلانا,اشاره كردن
اشارے سے بلانا,خواندن
اشاعت,انتشار
اشاعت,تبليغ
اشاعت,ترويج
اشاعت,رواج
اشام,اشام
اشامي,اشامي
اشبيليہ,اسپانيا
اشبيليہ,اكسيتانيا
اشبيليہ,اندلس
اشبيليہ,اندورا
اشبيليہ,كاتالونيا
اشبيليہ,نارنج
اشبھ,شؤم
اشبھ,شوم
اشتباہ,ابهام
اشتباہ,ريب
اشتباہ,گمان
اشتباہي,ظنين
اشتباہي,قابل ترديد
اشتباہي,مشكوك
اشتر,اشتر
اشتراك,اتحاديه
اشتراك,اتصال
اشتراك,اشتراك
اشتراك,انبازي
اشتراك,باريك
اشتراك,برين
اشتراك,تركيب
اشتراك,تطابق
اشتراك,تلفيق
اشتراك,تنگ
اشتراك,حال
اشتراك,حرف ربط
اشتراك,خصوصي
اشتراك,دربند
اشتراك,درونه
اشتراك,دشنه
اشتراك,دوري
اشتراك,رضا
اشتراك,زده
اشتراك,زورخانه
اشتراك,ساپورت كردن
اشتراك,سوسياليسم
اشتراك,سوسياليسم دموكراتيك
اشتراك,شباهت
اشتراك,شركت
اشتراك,صاحبقران
اشتراك,صنف
اشتراك,فرخار
اشتراك,قران
اشتراك,كمونيزم
اشتراك,كمونيسم
اشتراك,كيزه
اشتراك,ماركسيسم
اشتراك,مثل
اشتراك,مركب
اشتراك,مشاركت
اشتراك,نشريه
اشتراك,نوار
اشتراك,هم
اشتراك,همدستي
اشتراك,همكاري
اشتراك,چينود
اشتراك خون,قرابت
اشتراك كرنا,كندوري
اشتراكي,اشتراكي
اشتراكي,رفيق
اشتراكي,كمونيست
اشتراكيت,سوسياليسم
اشتراكيت,سوسياليسم دموكراتيك
اشتراكيت,كمونيزم
اشتراكيت,كمونيسم
اشتري,اشتري
اشتعال,تلاطم
اشتعال,جوش
اشتعال,خفت و خيز
اشتعال,دلكو
اشتعال,سوخت
اشتعال بازي كرنا,اشفتن
اشتعال دلانا,انگيختن
اشتعال دلانا,گزنه
اشتقاق,اشتقاق
اشتقاق,ريشهشناسي
اشتماليت,كمونيزم
اشتماليت,كمونيسم
اشتي,اشتي
اشتياق,اشتياق
اشتياق,تشنگي
اشتياق,شوق
اشتياق,غيرت
اشتياق,همت
اشتياق,هوس
اشتياق,پرشور
اشتياق كرنا,ارزو كردن
اشتياق كرنا,هوس كردن
اشتہا,اشتها
اشتہا,اعتصاب غذا
اشتہا,تشنگي
اشتہا,شهوت
اشتہا,شوق
اشتہا,هوس
اشتہا,گرسنگي
اشتہار,اطلاع
اشتہار,اوازه
اشتہار,اگهي
اشتہار,تبليغ
اشتہار,تذكر
اشتہار,صيت
اشتہار,پوستر
اشتہار بازي,تبليغ
اشد,افراطي
اشد,تعارف
اشد,خاك بر سر
اشد,دق
اشد,ركورد
اشد,سوزان
اشر,ارس
اشر,اشك
اشر,اشك باريدن
اشر,بركندن
اشر,دريدن
اشر,قبا كردن
اشر,كندن
اشر,گاز اشكاور
اشراق,اشراق
اشراق,تابش
اشراق,صيقل
اشراق,فروغ
اشراق,مشرق زمين
اشعار,اشعار
اشعيا,انجيل
اشعيا,ايه
اشعيا,جلد
اشعيا,صاحب
اشعيا,صاحب اين قلم
اشعيا,فردوسي
اشعيا,كتاب مقدس
اشعيا,لوط
اشعيا,مؤلف
اشعيا,نبيگ
اشعيا,نسك
اشعيا,نويسنده
اشعيا,پاول
اشعيا,پولس
اشعيا,گوينده
اشفاق,اشفاق
اشفاق,ترحم
اشفاق,شفقت
اشفاق,نزاكت
اشفتگي,اشفتگي
اشك,اشك
اشك,خوناب
اشك,گريان
اشكار,اشكار
اشكارا,اشكارا
اشكارا,ظاهر
اشكارا,مرئي
اشكارا,مظهر
اشكارا,نمايان
اشكارا,نمودار
اشكارا,هويدا
اشكارا,واضح
اشكارا,پديد
اشكارا,پديدار
اشكارا,پيدا
اشكارا,پيداوار
اشكارائي,اشكارائي
اشكال سے متعلق,گرافيست
اشكت,باطل
اشكت,سترون
اشكت,سست
اشكت,ضعيف
اشكت,فروماندن
اشكت,فكسني
اشكت,كممايه
اشكت,معصوم
اشكت,نابينا
اشكت,ناتوان
اشكت,نزار
اشكت,گنگ
اشكم,اشكم
اشكي,اشكي
اشنا,اشنا
اشنا,اشنايي
اشنا,فاسق
اشنا,معرفت
اشنا,مول
اشنائي,اشنائي
اشناست,اشناست
اشناي,اشناي
اشنيش,بروفه
اشنيش,جيغه
اشنيش,دستار
اشنيش,دستارسر
اشنيش,دلبند
اشنيش,دولبند
اشنيش,لنگي
اشنيش,معمم
اشوب,اشوب
اشوبي,اشوبي
اشوك,امپراتور
اشوك,امپراطور
اشوك,جهانگير
اشوك,خاقان
اشوك,خان
اشوك,فغفور
اشوك,قيصر
اشيا,اشيا
اشيان,اشيان
اشيانش,اشيانش
اشياني,اشياني
اشيرواد,اباد
اشيرواد,اداب
اشيرواد,بارگاه
اشيرواد,بخت
اشيرواد,تبرك
اشيرواد,خيلي مخلصيم
اشيرواد,درود
اشيرواد,درود بر تو
اشيرواد,دعا
اشيرواد,سلام
اشيرواد,سلام عليكم
اشيرواد,صلي الله عليه وسلم
اشيرواد,مثل پلو تو دوري
اشيرواد,موهبت
اشيرواد,نيايش
اشيرواد,يمن
اشچريہ,اعجوبه
اشچريہ,اوه
اشچريہ,تعجب كردن
اشچريہ,حسابي
اشچريہ,حيرت
اشچريہ,خيره كردن
اشچريہ,سورپرايز
اشچريہ,سورپريز
اشچريہ,شگفت
اشچريہ,عجب
اشچريہ,كرامت
اشچريہ,كه
اشچريہ,متحير كردن
اشچريہ,معركه
اشچريہ,مگر
اشچريہ,پشمام
اشچريہ كرنا,اعجاز
اشچريہ كرنا,تعجب كردن
اشچريہ كرنا,شگفتزده
اشچريہ كرنا,عجب
اشچريہ كرنا,كف كردن
اشچريہ كرنا,مات
اشچريہ كرنا,مدهوش
اشچريہ كرنا,وا
اصحاب,ارباب
اصحاب,دعاي رباني
اصحاب,صاحبان
اصرار,اصرار
اصرار كرنا,اب در هاون كوبيدن
اصرار كرنا,اصرار كردن
اصطباغ,تعميد
اصطباغ,غسل تعميد
اصطبل,اخور
اصطبل,استوار
اصطبل,اصطبل
اصطبل,بازاري
اصطبل,طويله
اصطبل,غرفه
اصطبل,قرار
اصطبل,محكم
اصطبل,پايدار
اصطلاح,اصطلاح
اصطلاح,لفظ
اصطلاح,واژه
اصطلاح,پرنده پر نميزد
اصطلاح پيشہ وران,اصطلاح
اصطلاحا,اب و هوا
اصطلاحا,از كجا
اصطلاحا,بدرنگ
اصطلاحا,بلند شدن
اصطلاحا,در سايه
اصطلاحا,نان خطائي
اصطلاحا,نان خطايي
اصطلاحا,نبود
اصطلاحا,ولش كن
اصطلاحا,چهاريار
اصطلاحي,اصطلاح
اصفر,زرد
اصفر,سندروس
اصفر,صفرا
اصفر,لپه
اصفہان,اسپهان
اصفہان,اصفهان
اصفہان,راوند
اصفہان,كاشان
اصفہان,نايين
اصفہان,چهارباغ
اصفہان,گز
اصل,اساس
اصل,اساسي
اصل,اصل
اصل,اصلي
اصل,اصيل
اصل,افراطي
اصل,ال
اصل,اندركنش بنيادي
اصل,انقلابي
اصل,اهريمن
اصل,اپوش
اصل,بضاعت
اصل,بنواژه
اصل,بنيادي
اصل,بورس
اصل,بيخ
اصل,تبار
اصل,تصديق
اصل,تصوير
اصل,ته
اصل,جنس
اصل,حق
اصل,حقيقت
اصل,حقيقي
اصل,در حقيقت
اصل,در واقع
اصل,دروغ مصلحت اميز به از راست فتنه انگيز
اصل,دستاويز
اصل,دودمان
اصل,ذات
اصل,ذخيره كردن
اصل,راديكال
اصل,راست
اصل,راست گفتن
اصل,راستش
اصل,راستي
اصل,رخت
اصل,ريشه
اصل,زمينه
اصل,زيربنا
اصل,سانديسخور
اصل,سرب
اصل,سلول
اصل,شببوي
اصل,شيب
اصل,صادق
اصل,صدق
اصل,صدق كردن
اصل,عرق
اصل,عضو
اصل,عنصر
اصل,فارسيات
اصل,فرومايه
اصل,مابازاء
اصل,مبنا
اصل,مسلك
اصل,معتبر
اصل,معني
اصل,نام و نشان
اصل,نژاد
اصل,واقع
اصل,واقعي
اصل,واقعيت
اصل,واپس
اصل,پايه
اصل,پايگاه
اصل,پير مغان
اصل,چهر
اصل ميں,ارجاع
اصل ميں,استاذ
اصل ميں,بكنبكن
اصل ميں,حسابي
اصل ميں,حقيقت
اصل ميں,در حقيقت
اصل ميں,در واقع
اصل ميں,راستش
اصل ميں,مطلقا
اصل ميں,نه پس
اصل ميں,واقع
اصل ميں,واقعا
اصل ميں,واقعيت
اصل ميں,يعني
اصل پٹي,سياهه
اصلا,در حقيقت
اصلا,در واقع
اصلا,راستش
اصلا,واقعا
اصلا,يعني
اصلاح,اباداني
اصلاح,اصلاح
اصلاح,اصلاح كردن
اصلاح,بهبود
اصلاح,ترميم
اصلاح,تصحيح
اصلاح,تغيير
اصلاح كرنا,ادب
اصلاح كرنا,ارايش
اصلاح كرنا,اصلاح
اصلاح كرنا,اصلاح كردن
اصلاح كرنا,افسار
اصلاح كرنا,بهبود بخشيدن
اصلاح كرنا,تمرين كردن
اصلاحي,اصلاح
اصلاحي,اصلاح كردن
اصلش,اصلش
اصلي,ابتدائي
اصلي,اساسي
اصلي,اصل
اصلي,اصلي
اصلي,اصيل
اصلي,افراطي
اصلي,الت
اصلي,اندركنش بنيادي
اصلي,انقلابي
اصلي,باروري
اصلي,بنواژه
اصلي,بنيادي
اصلي,تاله
اصلي,تصديق
اصلي,جنس
اصلي,حقيقي
اصلي,خلقت
اصلي,دبستان
اصلي,دستاويز
اصلي,ذات
اصلي,ذاتي
اصلي,راديكال
اصلي,راست
اصلي,رخت
اصلي,سانديسخور
اصلي,سلول
اصلي,صادق
اصلي,صدق كردن
اصلي,فارسيات
اصلي,فرض
اصلي,فطرت
اصلي,مجازي
اصلي,معتبر
اصلي,واجب
اصلي,واقعي
اصلي,واپس
اصلي,ولايت فقيه
اصلي,گنده گوزي
اصلي جنگل,بيشه
اصلي جنگل,جنگل
اصلي جنگل,نخلستان
اصلي حالت ميں,باكره
اصلي حالت ميں,بكر
اصلي حالت ميں,دخت
اصلي حالت ميں,دست نخورده
اصلي حالت ميں,دوشيزه
اصلي حالت ميں,يوسف
اصليت,اصالت
اصليت,ماهيت
اصنام,اصنام
اصول,اصول
اصول,شعار
اصول تنقيد كے خلاف,خرمذهبي
اصول قانون,حقوقشناسي
اصول قانون,فقه
اصول قانون,فقيه
اصول قانون,مذهب
اصول مہارت,ابري
اصول مہارت,اسلوب
اصول مہارت,تخنيك
اصول مہارت,تكنيك
اصول مہارت,شگرد
اصول مہارت,فن
اصولي قول,شعار
اصيل,اصيل
اصہار,بستگان
اصہار,روابط بينالملل
اصہار,روابط عمومي
اصہار,نزديكي
اضافت,اضافت
اضافت,اضافه
اضافي,مر
اضافي,مكمل
اضافہ,اباضيه
اضافہ,ازدياد
اضافہ,اضافه
اضافہ,افزايش
اضافہ,افزايش يافتن
اضافہ,افزايش پيدا كردن
اضافہ,افزودن
اضافہ,الحاق
اضافہ,اڤزودن
اضافہ,به علاوه
اضافہ,جدا از
اضافہ,جمع
اضافہ,علاوه
اضافہ,نيويورك
اضافہ,وند
اضافہ,پيوست
اضافہ,گواليدن
اضافہ كرنا,ازدياد
اضافہ كرنا,اضافه
اضافہ كرنا,افزايش
اضافہ كرنا,افزايش يافتن
اضافہ كرنا,افزايش پيدا كردن
اضافہ كرنا,افزودن
اضافہ كرنا,اڤزودن
اضافہ كرنا,جك
اضافہ كرنا,جلق زدن
اضافہ كرنا,جيك
اضافہ كرنا,خرك
اضافہ كرنا,گواليدن
اضافہ ہونا,ازدياد
اضافہ ہونا,اضافه
اضافہ ہونا,افزايش
اضافہ ہونا,افزايش يافتن
اضافہ ہونا,افزايش پيدا كردن
اضافہ ہونا,افزودن
اضافہ ہونا,اڤزودن
اضافہ ہونا,گواليدن
اضداد,اضداد
اضطراب,اشوب
اضطراب,اضطراب
اضطراب,تشويش
اضطراب,نعل در اتش
اضطراب,هرج و مرج
اضطرابم,اضطرابم
اضطرابي,اضطرابي
اضطرار,بيچارگي
اضطرار,ناتواني
اطاعت,اطاعت
اطاعت,تسليم
اطاعت,تمكين
اطاعت,طاعت
اطاعت كرنا,اطاعت كردن
اطاليہ,اكسيتانيا
اطاليہ,ايتاليا
اطاليہ,رم
اطاليہ,روم
اطاليہ,سن مارينو
اطاليہ,فلورانس
اطاليہ,ليره
اطاليہ,واتيكان
اطاليہ,واله دائوستا
اطاليہ,گاليا
اطراف,اطراف
اطراف,حدود
اطراف,مجاورت
اطراف,پيرامون
اطفا كرنا,فرو نشاندن
اطفا كرنا,گساردن
اطفال,اطفال
اطفال,اولاد
اطفال,باروري
اطفال,بيگزاده
اطفال,زاده
اطفال,زه
اطفال,شاهزاده
اطفال,عيال
اطفال,غريبي كردن
اطفال,غول
اطفال,فرزند
اطفال,كوزهگر از كوزه شكسته اب ميخورد
اطفال,لالا
اطفال,نسل
اطلاع,اخبار
اطلاع,اطلاع
اطلاع,اطلاعات
اطلاع,اطلاعرساني
اطلاع,انفورماتيك
اطلاع,اگاهي
اطلاع,بيخبر
اطلاع,تابلوي اعلانات
اطلاع,خبر
اطلاع,سوتي دادن
اطلاع,كاوشگر
اطلاع,كه
اطلاع,نظريه اطلاعات
اطلاع دينا,اگاهاندن
اطلاع دينا,برابر
اطلاع دينا,بروز دادن
اطلاع دينا,ديگر
اطلاع دينا,سريعالسير
اطلاع دينا,سيكتير
اطلاع دينا,شناختن
اطلاع دينا,كه
اطلاع دينا,مطرح كردن
اطلاع دينا,گزاردن
اطلاع دينے والا,خبردار
اطلاع دينے والا,كاراگاه
اطلاع نامہ,اطلاع
اطلاع نامہ,بيخبر
اطلاع نامہ,تابلوي اعلانات
اطلاقي,ارايش
اطلاقي,شير
اطلاقي,كاربردي
اطلس,اطلس
اطمينان,اطمينان
اطمينان,اعتبار
اطمينان,اعتماد
اطمينان,توكل
اطمينان,رضا
اطمينان,سلامت
اطمينان,وثوق
اظہار,ابراز
اظہار,اظهار
اظہار,اعلام
اظہار,اعلاميه
اظہار,اگر
اظہار,بيان
اظہار,بيانيه
اظہار,تصريح
اظہار,تقرير
اظہار,جلوه
اظہار,شهادت
اظہار,عرض
اظہار,فرمايش
اظہار,كشف
اظہار,مزخرف
اظہار,مظهر
اظہار,مكاشفه
اظہار,ندا
اظہار,نشانه
اظہار,وحي
اظہار,گشادي
اظہار,گفته
اظہار,گواهي
اظہار كرنا,برابر
اظہار كرنا,بروز دادن
اظہار كرنا,ديگر
اظہار كرنا,راه دادن
اظہار كرنا,سريعالسير
اظہار كرنا,سيكتير
اظہار كرنا,كه
اظہار كرنا,مطرح كردن
اظہار كرنا,پذيرفتن
اظہار كرنا,گزاردن
اعتبار,اطمينان
اعتبار,اعتبار
اعتبار,اعتماد
اعتبار,راستي
اعتبار,صداقت
اعتبار,وثوق
اعتبارات,اعتبارات
اعتباري,اعتباري
اعتدال,اعتدال
اعتراض,انتقاد
اعتراض,ايراد
اعتراض,تنقيد
اعتراض,سانسور
اعتراض,مخالفت
اعتراض,نقد ادبي
اعتراضوں,ايراد
اعتراضوں,مخالفت
اعتراف,اعتراف
اعتراف,اقرار
اعتراف,تقرير
اعتماد,اطمينان
اعتماد,اعتبار
اعتماد,اعتماد
اعتماد,توكل
اعتماد,وثوق
اعجاز,اعجاز
اعجمي,اعجمي
اعدا,اعدا
اعراب,اعراب
اعرابي,اعرابي
اعراف,اعراف
اعزاز,اعزاز
اعصاب,اعصاب
اعصار,اعصار
اعظم,اعظم
اعظم,اكبر
اعظم,بالا
اعظم,رستم
اعظم,فرجام
اعظم,مهين
اعلي,اعظم
اعلي,اكبر
اعلي,بالا
اعلي,بامي
اعلي,برين
اعلي,جاندار
اعلي,رستم
اعلي,سنگين
اعلي,شيد
اعلي,فرجام
اعلي,ليان
اعلي,مهين
اعلي,گرزمان
اعلي,گرودمان
اعماق,اعماق
اعمال,اعمال
اعمي,اعمي
اعيان,اعيان
اغا,ارباب
اغا,اقا
اغا,اقايي
اغا,خدا
اغا,خداوند
اغا,خداي
اغا,خصم
اغا,خواجه
اغا,دارنده
اغا,صاحب
اغا,مالك
اغا,چلبي
اغاز,اغاز
اغاز,شروع
اغوش,اغوش
اغوش,كنار
اغوش,پذيرفتن
اغوش,چنگ
اغوشش,اغوشش
اغوشي,اغوشي
اغيار,اغيار
افاق,افاق
افاقي,افاقي
افت,اشكال
افت,افت
افت,برامدن
افت,بطش
افت,تول
افت,جفا
افت,حادثه
افت,خونسرد
افت,دشواري
افت,دچار
افت,راهكار
افت,شور
افت,ظلم
افت,غريو
افت,غلغله
افت,غوغا
افت,فاجعه
افت,فتنه
افت,فصل
افت,ماستمالي
افت,مبتلا
افت,مسئله
افت,مشكل
افت,مصيبت
افت,معضل
افت,نكبت
افت,همهمه
افت,هياهو
افت,گذراندن
افت,گير كردن
افتاب,افتاب
افتابش,افتابش
افتابي,افتابي
افتاد,افتاد
افتادم,افتادم
افتادگان,افتادگان
افتادگي,افتادگي
افتد,افتد
افتراق,افتراق
افراد,افراد
افراد,اقلام
افراد,املاي نانوشته غلط ندارد
افراد,تكزنگ زدن
افراد,تهچين
افراد,حجره
افراد,حساس
افراد,خونبها
افراد,شاخ
افراد,كونين
افراد,ماسالا
افراد,مانتو
افراد,ها
افراد,ين
افرنگ,افرنگ
افرنگي,افرنگي
افرنگيان,افرنگيان
افرنگين,افرنگين
افروخت,افروخت
افروختم,افروختم
افروختند,افروختند
افروختي,افروختي
افروختيم,افروختيم
افروز,افروز
افروزد,افروزد
افروزي,افروزي
افريد,افريد
افريدم,افريدم
افريدن,افريدن
افريدند,افريدند
افريدي,افريدي
افريقي,اتحاديه افريقا
افريقي,جمهوري افريقاي مركزي
افريقي,سياهپوست
افريقہ,اسيا
افريقہ,افريقا
افريقہ,اقيانوس اطلس
افريقہ,الجزاير
افريقہ,ايسلند
افريقہ,ايليريا
افريقہ,بينالنهرين
افريقہ,تونس
افريقہ,رم
افريقہ,روم
افريقہ,رومي
افريقہ,سائوتومه و پرنسيپ
افريقہ,ساحلي
افريقہ,سبها
افريقہ,طرابلس
افريقہ,فزان
افريقہ,قيروان
افريقہ,قيصر
افريقہ,ليبي
افريقہ,ليبيا
افريقہ,ليسبون
افريقہ,مغرب
افريقہ,نپتون
افريقہ,وهران
افريقہ,گاليا
افرين,افرين
افريند,افريند
افرينش,افرينش
افريني,افريني
افزا,افزا
افزائش,اباضيه
افزائش,ازدياد
افزائش,استارتاپ
افزائش,اضافه
افزائش,افزايش
افزائش,افزايش يافتن
افزائش,افزايش پيدا كردن
افزائش,افزودن
افزائش,اڤزودن
افزائش,به علاوه
افزائش,جدا از
افزائش,جمع
افزائش,رشد
افزائش,علاوه
افزائش,كپك
افزائش,نمو
افزائش,نيويورك
افزائش,گواليدن
افزايد,افزايد
افزايدش,افزايدش
افزودن,افزودن
افزون,افزون
افزونتر,افزونتر
افسانو,افسانه
افسانو,سمر
افسانوي,افسانهاي
افسانوي,افسانوي
افسانوي,بند «پ»
افسانوي,بيستون
افسانوي,تاجبخش
افسانوي,توراندخت
افسانوي,دارا
افسانوي,سري
افسانوي,سنگ صبور
افسانوي,سووشون
افسانوي,شبديز
افسانوي,كي
افسانوي,موسيقار
افسانوي,هاماوران
افسانوں,افسانه
افسانوں,سمر
افسانہ,اسطوره
افسانہ,افسانه
افسانہ,جقي
افسانہ,سمر
افسانہ,فرهاد
افسانہ,ليلي
افسانہ,مثل
افسانے,افسانه
افسانے,سمر
افسر,افسر
افسر,امين
افسر,اژان
افسر,فوجدار
افسر,قانون گو
افسر,كدخدا
افسر,مامور
افسر,ناخدا
افسر,ياور
افسرد,افسرد
افسردن,افسردن
افسردگي,افسردگي
افسردہ,افسرده
افسردہ,دق
افسردہ,دلسرد
افسوس,افسوس
افسوس,افسوس خوردن
افسوس,بدبخت
افسوس,تاسف
افسوس,ترحم
افسوس,حسرت
افسوس,حسرت كشيدن
افسوس,حيف
افسوس,دريغ
افسوس,دلسوز
افسوس,رحم
افسوس,طفلك
افسوس,ويس
افسوس,پشيمان بودن
افسوس,پشيمان شدن
افسوس,پشيماني
افسون,افسون
افسوني,افسوني
افسونگري,افسونگري
افشا,افشا
افشاني,افشاني
افضل گنج,تاليوود
افضل گنج,حيدراباد
افطار,افطار
افطاري,افطار
افغان,افغان
افغان,افغاني
افغان,افكوني
افغان,بنگالي
افغان,ترك
افغان,جرمني
افغان,شينواري
افغان,طالبان
افغان,فارسي افغانستان
افغان,مجاهد
افغان,هيوادوال
افغان,پشتون
افغان,◌ؖ
افغانستان,افغانستان
افغانستان,جمهوري دموكراتيك افغانستان
افغانستان,حيدراباد
افغانستان,سن مارينو
افغاني,افغاني
افغانيان,افغانيان
افغانيم,افغانيم
افق,افاق
افق,افق
افق,افق رويداد
افكار,افكار
افكارش,افكارش
افكن,افكن
افكند,افكند
افكني,افكني
افل,افل
افلاس,افلاس
افلاس,بيبرگي
افلاس,خط فقر
افلاس,فقر
افلاطون,افلاطون
افلاطون,افلاطوني
افلاطون,اهل معرفت
افلاطون,حكيم
افلاطون,دانا
افلاطون,دانشمند
افلاطون,رد
افلاطون,زبل
افلاطون,زرنگ
افلاطون,زنير
افلاطون,زيرك
افلاطون,ظريف
افلاطون,فرزانه
افلاطون,قيل و قال
افلاطون,هوشمند
افلاطون,هوشيار
افلاطون,پير مغان
افلاطون,چالاك
افلاك,افلاك
افلاكم,افلاكم
افلاكي,افلاكي
افلاكيان,افلاكيان
افواہ,اواز
افواہ,اژگهان
افواہ,بيكار
افواہ,خام
افواہ,سست
افواہ,عاطل
افواہ,همهمه
افواہ,هوايي
افواہ,ياوه
افواہ,ژاژ
افواہ,گپ
افيسر,افسر
افيسر,امين
افيسر,اژان
افيسر,فوجدار
افيسر,قانون گو
افيسر,كدخدا
افيسر,مامور
افيسر,ناخدا
افيسر,ياور
افيون,افيون
افيون,ترياك
افيون,خشخاش
افيون,شيره
اقا,ارباب
اقا,اقا
اقا,اقايي
اقا,خدا
اقا,خداوند
اقا,خداي
اقا,خصم
اقا,خواجه
اقا,دارنده
اقا,صاحب
اقا,مالك
اقا,چلبي
اقامت,رواديد
اقامت,پروانه
اقامت,گذاشتن
اقاي,اقاي
اقبال,اقبال
اقتدار,اقتدار
اقتصادي,اقتصادي
اقتصادي,قشر
اقتصادي,چاو
اقدم,اقدم
اقرار,ابراز
اقرار,اظهار
اقرار,اعتراف
اقرار,اعلام
اقرار,اعلاميه
اقرار,اقرار
اقرار,التزام
اقرار,بيانيه
اقرار,تصريح
اقرار,تقرير
اقرار,وثيقه
اقرار,پيمان
اقرار,گرو
اقرار,گروگان
اقصي نقطہ,اروپاي مركزي
اقصي نقطہ,افراطي
اقصي نقطہ,تعارف
اقصي نقطہ,خاك بر سر
اقصي نقطہ,دق
اقصي نقطہ,ركورد
اقصي نقطہ,سوزان
اقصي نقطہ,قم
اقصي نقطہ,كالينينگراد
اقصي نقطہ,كانون
اقصي نقطہ,مابين
اقصي نقطہ,مركز
اقصي نقطہ,هاليوود
اقصي نقطہ,وسط
اقليت,اقليت
اقليت,يغنابي
اقليت,پاميري
اقليم,ارزه
اقليم,افق
اقليم,اقليم
اقليم,بوم
اقليم,تسلط
اقليم,حكمراني
اقليم,حوزه
اقليم,دولت
اقليم,سلطه
اقليم,شهر
اقليم,قلمرو
اقليم,كشور
اقليم,ملك
اقليم,ملكوت
اقليم,مملكت
اقليم,گرودمان
اقليم,گيرودار
اقليمي,اقليمي
اقوام,اقوام
اقوام متحدہ,اتحاديه عرب
اقوام متحدہ,سازمان ملل
اقوام متحدہ,سازمان ملل متحد
اقوام متحدہ,قيمومت
اقوام متحدہ,مجمع عمومي سازمان ملل متحد
اقچہ,سكه
اقچہ,عباسي
اقچہ,لاري
اقچہ,پاره
اقچہ,پشيز
اقچہ,پول
اقچہ,پيسه
اكا,انفرادي
اكا,جداگانه
اكا,منفرد
اكا,واحد
اكا,وسيع باش و تنها و سر به زير و سخت
اكا,يگانه
اكائي,اداره
اكائي,اكسيتانيا
اكائي,انگشت
اكائي,ايالت
اكائي,بخش
اكائي,خوره
اكائي,رقم
اكائي,شمار
اكائي,شماره
اكائي,شهرستان
اكائي,عدد
اكائي,كالينينگراد
اكائي,لاهه
اكائي,مقدونيه
اكائي,گلگت-بلتستان
اكادمك,ترم
اكادمك,مقاله
اكادمي,فرهنگستان
اكاش گنگا,راه شيري
اكاش گنگا,كهكشان
اكاشي,براق
اكاشي,بهشتي
اكاشي,زاوش
اكاشي,قدسي
اكال,اپوش
اكال,بيمورد
اكال,بيموقع
اكال,بيگاه
اكال,تشنه
اكال,خشكسالي
اكال,خشكي
اكال,راس
اكال,زايمان زودرس
اكال,زودرس
اكال,سر
اكال,قحط
اكال,قحطي
اكال,كنجر
اكال,منتها
اكال,نهايت
اكال,نياز
اكال,پنجير
اكبر,اكبر
اكتساب,اكتساب
اكتوبر,اكتبر
اكتوبر,اكتوبر
اكتوبر,تشرين
اكتوبر,تشرين اول
اكثر,اكثر
اكثر,بارها
اكثر,دشنهاجين
اكثر,پرست
اكثريت,اكثريت
اكثريت,بالغ
اكثريت,فارسيزبان
اكرشت,شيفته
اكرشت,مفتون
اكرشت,مندل
اكرمن,تعرض
اكرمن,كلاشينكف
اكسيجن,اكسيژن
اكسير,اكسير
اكسيري,اكسيري
اكشر,الفبا
اكشر,الفباي اوانگاري بينالمللي
اكشر,سيلاب
اكشر,سين
اكشر,لام
اكشر,هجا
اكشر,هي
اكلوتا,احتمال
اكلوتا,امكان
اكلوتا,اولاد
اكلوتا,جداگانه
اكلوتا,درباره
اكلوتا,درمورد
اكلوتا,را
اكلوتا,راجع
اكلوتا,شايد
اكلوتا,عائد به
اكلوتا,عن
اكلوتا,نسل
اكلوتا,واحد
اكلوتا,يگانه
اكلوتي,واحد
اكلوتي,يگانه
اكلوتے,واحد
اكلوتے,يگانه
اكيلا,تنها
اكيلا,جدا
اكيلا,جداگانه
اكيلا,خلوت
اكيلا,ول كردن
اكيلا,يكه
اكيلاپن,تنهايي
اكيلے,اتخاذ
اكيلے,تحصن
اكيلے,تنها
اكيلے,جدا
اكيلے,جداگانه
اكيلے,خلوت
اكيلے,خود را گول زدن
اكيلے,خود نوشتن
اكيلے,خويش
اكيلے,متحصن
اكيلے,ول كردن
اكيلے,يكه
اكيلے,پرداختن
اكٹھا,توراندخت
اكٹھا,فراهم
اكٹھا,كود
اكڑ,اد
اكڑ,استغنا
اكڑ,استكبار
اكڑ,اصلي
اكڑ,انس
اكڑ,برتني
اكڑ,بردك
اكڑ,تعارف تيكه پاره كردن
اكڑ,خم
اكڑ,خودپسندي
اكڑ,دشنام
اكڑ,دماغ
اكڑ,سرابستان
اكڑ,سيخ
اكڑ,شاگرد
اكڑ,شبستان
اكڑ,شق
اكڑ,شيخي
اكڑ,شگرد
اكڑ,عجب
اكڑ,عزت نفس
اكڑ,غرور
اكڑ,فر
اكڑ,فعلي
اكڑ,لغوي
اكڑ,مصدر
اكڑ,مفرط
اكڑ,ناز
اكڑ,نخوت
اكڑ,نر
اكڑ,يدن
اكڑ,يله كردن
اكڑ,يله كن
اكڑ,پيشوا
اكڑ,گزاف
اكڑ,گستاخي
اكھاڑا,اوردگاه
اكھاڑا,بلخ
اكھاڑا,تاله
اكھاڑا,تماشاخانه
اكھاڑا,جماعت
اكھاڑا,جمعالجمع
اكھاڑا,سفرهخانه
اكھاڑا,سكو
اكھاڑا,سن
اكھاڑا,صحنه
اكھاڑا,طبقه
اكھاڑا,قلعه
اكھاڑا,لرد
اكھاڑا,مرحله
اكھاڑا,مركز
اكھاڑا,مركز خريد
اكھاڑا,مركزي
اكھاڑا,معركه
اكھاڑا,منزل
اكھاڑا,ميان
اكھاڑا,ميدان
اكھاڑا,ميون
اكھاڑا,پاساژ
اكھاڑا,پله
اكھيٹ,ارعاب
اكھيٹ,بشگرد
اكھيٹ,بوري
اكھيٹ,تاختن
اكھيٹ,ترس
اكھيٹ,رعب
اكھيٹ,رم
اكھيٹ,شكار
اكھيٹ,صيد
اكھيٹ,نخچير
اكھيٹ,نفرت
اكھيٹ,نهيب
اكھيٹ,هراس
اكھيٹ,هول
اكھيٹ,يوختن
ال,ال
الا,الا
الا ماشاء اللہ,الا
الا ماشاء اللہ,بندرت
الا ماشاء اللہ,به جز
الا ماشاء اللہ,جز
الا ماشاء اللہ,لزبينتر
الا ماشاء اللہ,لزبينترين
الا ماشاء اللہ,منتها
الا ماشاء اللہ,مي
الا ماشاء اللہ,مگر
الا ماشاء اللہ,گيتر
الا ماشاء اللہ,گيترين
الائچي,هل
الائچي,هيل
الات,الات
الات عبادت,تيلا
الات عبادت,دولاب
الات عبادت,رل
الات عبادت,رولت
الات عبادت,فرمان
الات عبادت,چرخ
الات عبادت,چرخه
الات عبادت,گردون
الاسما,الاسما
الاعلي,الاعلي
الام,الام
الامان,الامان
الامين,الامين
البانيا,الباني
البانيا,البانيا
البانيا,ايليريا
البانيا,مقدونيه
البتہ,اما
البتہ,انا لله و انا اليه راجعون
البتہ,اگرچه
البتہ,با اين حال
البتہ,با اين كه
البتہ,حتما
البتہ,را
البتہ,لاجرم
البتہ,ليك
البتہ,ليكن
البتہ,مسلما
البتہ,مگر
البتہ,هرچند
البتہ,يقينا
البتہ,چرا
البصر,البصر
البيلا,دلربا
البيلا,دلفريب
البيلا,دلكش
البيلا,فتان
البيلا,فريبا
البيلا,ژيگول
البيلا,گرم
التفات,التفات
التفاتي,التفاتي
الجزائر,افريقا
الجزائر,الجزاير
الجزائر,مغرب
الجزائر,وهران
الحاد,الحاد
الحاق,اباضيه
الحاق,ارادت
الحاق,اضافه
الحاق,الحاق
الحاق,اينا
الحاق,به علاوه
الحاق,بيا
الحاق,تعلق
الحاق,تلاقي
الحاق,جدا از
الحاق,جمع
الحاق,دلبستگي
الحاق,دوستيابي
الحاق,ضميمه
الحاق,علاقه
الحاق,علاوه
الحاق,نيويورك
الحاق,پلو
الحاق,پيوست
الحذر,الحذر
الحرم,الحرم
الديار,الديار
الدين,الدين
الرجي,الرژي
الرجي,حساسيت
الزام,اتهام
الزام,الزام
الزام,بهتان
الزام,تقصير
الزام,تهمت
الزام,سرزنش
الزام,ملامت
الزام,نكوهيدن
الس,تنبلي
الس,خرس تنبل
الس,رخوت
السادات,السادات
السبيل,السبيل
الست,الست
السي,اژگهان
السي,تنبل
السي,سست
السي,كاهل
السي,كونگشاد
السي,لس
السي,پفيوز
الصمد,الصمد
الطاف,الطاف
الف,الف
الف,الفبا
الف,الفباي اوانگاري بينالمللي
الف,سين
الف,لام
الف,هي
الفاظ,الفاظ
الفت,الفت
الفراق,الفراق
القدس,القدس
الكاس,الكاس
الكتاب,الكتاب
الكحل,الكل
الكحل,بار
الكحل,بير
الكحل,شات
الكحل,مخموري
الكحل,پيك
اللہ,اخر الاخرين
اللہ,الله
اللہ,انا لله و انا اليه راجعون
اللہ اكبر,رفسنجاني
اللہ حافظ,بدرود
اللہ حافظ,به سلامت
اللہ حافظ,خداحافظ
اللہ حافظ,خدافظ
اللہ حافظ,وداع
اللہ حافظ,ياعلي
اللہ قلي,تيمور
اللہ قلي,جغتايي
اللہ قلي,مغولستان
الم,الم
الم,بدحجاب
الم,بس
الم,بسنده
الم,دستي
الم,كافي
الم,مجان
الم,مناسب
الماري,الماري
الماري,دولاب
الماري,رف
الماري,قفسه
الماري,كابينت
الماس,الماس
الماني,الماني
الماني,انگلا
الماني,جرمني
الماني,قيصر
الماني,چرا
الماني,گوته
المانيہ,اتحاديه
المانيہ,المان
المانيہ,بن
المانيہ,تا
المانيہ,تا وقتي كه
المانيہ,جرمني
المانيہ,سوازيلند
المانيہ,شاهنامه
المانيہ,عده
المانيہ,قوس
المانيہ,متشكل
المانيہ,مصدر
المانيہ,موقت
المانيہ,نقش بستن
المانيہ,هلند
المانيہ,پادشاهي بريتانياي كبير
المسموم,المسموم
الموت,الموت
الناس,الناس
النشور,النشور
النكار,ائين
النكار,اذين
النكار,ارايش
النكار,ارايه
النكار,تزيين
النكار,جيغه
النكار,خاتم
النكار,زينت
النكار,زيور
النكار,طراز
النكار,نشان
النكار,نقش و نگار
النكار,نوار
النكار,پيراستن
النكرت,ابري
النكرت,جيغه
النكرت,خوانچه
النكرت,شادروان
النكرت,مزخرف
النكرت,گاوسار
النگن,اغوش
النگن,كنار
النگن,پذيرفتن
النگن,چنگ
الو,ابله
الو,احمق
الو,الو
الو,الوچه
الو,تاتول
الو,جقي
الو,خر
الو,خرفت
الو,دست و پا شكسته
الو,سيبزميني
الو,كصخل
الو,كچالو
الو,ناشيانه
الو,هالو
الو,پيراستن
الو,چلمن
الو,گاگول
الو,گرجه
الو,گوجه
الو,گول
الو,گول زدن
الو بخارا,الو
الو بخارا,الوي بخارا
الو بخارا,الوچه
الو بخارا,پيراستن
الو بخارا,گرجه
الو بخارا,گوجه
الود,الو
الود,الود
الود,الوده
الود,عفونت كردن
الود,مغشوش
الود,ناك
الوداع,بدرود
الوداع,به سلامت
الوداع,خداحافظ
الوداع,خدافظ
الوداع,وداع
الوداع,ياعلي
الودگي,الودگي
الودگي,الودگي هوا
الودگي,زدودن
الودگي,غسل
الودگي,كثافت
الودگي,وضو
الودہ,الو
الودہ,الوده
الودہ,خبيث
الودہ,ريمن
الودہ,ناك
الودہ,ناپاز
الودہ,پليد
الوك,تملق
الوك,لوس
الوند,الوند
الوچنا,انتقاد
الوچنا,بازبيني
الوچنا,تنقيد
الوچنا,دوره
الوچنا,سانسور
الوچنا,مرور
الوچنا,نقد ادبي
الوچہ,الو
الوچہ,الوچه
الوچہ,گرجه
الوچہ,گوجه
الياس,الياس
اليسع,اليسع
الٹ پلٹ,التفات
الٹ پلٹ,توكل
الٹ پلٹ,زيرورو
الٹ پلٹ,سرنگون
الٹ پلٹ,منكوس
الٹ پلٹ,نگون
الٹ پلٹ,وارونه
الٹ پلٹ,واژگون
الٹ پلٹ,ورق خوردن
الٹ پلٹ,چپه
الٹ پلٹ,گردش
الٹنا,عكس
الٹي,استفراغ كردن
الٹي,بالا اوردن
الٹي,قي
الٹي,منقلب
الٹي,واميدن
الٹي,وميدن
الٹي,چپه
الٹي كرنا,استفراغ كردن
الٹي كرنا,بالا اوردن
الٹي كرنا,قي
الٹي كرنا,واميدن
الٹي كرنا,وميدن
الٹي مارنا,استفراغ كردن
الٹي مارنا,بالا اوردن
الٹي مارنا,قي
الٹي مارنا,واميدن
الٹي مارنا,وميدن
الٹياں,استفراغ كردن
الٹياں,بالا اوردن
الٹياں,قي
الٹياں,واميدن
الٹياں,وميدن
الٹيوں,استفراغ كردن
الٹيوں,بالا اوردن
الٹيوں,قي
الٹيوں,واميدن
الٹيوں,وميدن
الگ,بخيدن
الگ,جدا
الگ,جدا از
الگ,جدا شدن
الگ,سامان
الگ,شمرده
الگ,كندوري
الگ,متمايز
الگ,مستقل
الگ,واخيدن
الگ,پاره
الگ,گذشته از
الگ,گسستن
الگ الگ,بخيدن
الگ الگ,جدا
الگ الگ,جدا از
الگ الگ,جدا شدن
الگ الگ,سامان
الگ الگ,شمرده
الگ الگ,كندوري
الگ الگ,متمايز
الگ الگ,مستقل
الگ الگ,واخيدن
الگ الگ,پاره
الگ الگ,گذشته از
الگ الگ,گسستن
الہ,ابزار
الہ,اسلحه
الہ,جنگافزار
الہ,جنگافزار هستهاي
الہ,سلاح
الہ,سلاح هستهاي
الہ,سليح
الہ,سنان
الہ,فرچه
الہ,فلاخن
الہ,قوس
الہ,يراق
الہام,اتفاق
الہام,تاور
الہام,دفعه
الہام,شهود
الہام,كشف
الہام,مكاشفه
الہام,واقعه
الہام,وحي
الہام,گشادي
ام,ام
ام,انبه
ام,خام
اما,ارام
اما,ارامش
اما,ارامي
اما,استراحت
اما,اشراق
اما,اطمينان
اما,اما
اما,اوازه
اما,با اين حال
اما,با اين همه
اما,باز هم
اما,جلوه
اما,رسم
اما,رونق
اما,زغر
اما,زغير
اما,سكون
اما,شكوه
اما,شهرت
اما,شوكت
اما,صيت
اما,عنفوان
اما,فر
اما,كتان
اما,ليك
اما,ليكن
اما,مگر
امارات,ابوظبي
امارات,امارات
امارات,امارات متحده عربي
امارات,دبي
امارات,عربستان
امارت,اباداني
امارت,ابادي
امارت,ابهت
امارت,اجرا
امارت,اروند
امارت,ازدياد
امارت,اضافه
امارت,افزايش
امارت,افزايش يافتن
امارت,افزايش پيدا كردن
امارت,افزودن
امارت,امارت
امارت,اڤزودن
امارت,بخت
امارت,تسلط
امارت,تصرف
امارت,تعلق
امارت,تملك
امارت,جاه
امارت,جلوه دادن
امارت,حاكميت
امارت,حكمراني
امارت,دولت
امارت,رفاه
امارت,سروري
امارت,سلطه
امارت,سنگ
امارت,شكوه
امارت,شوكت
امارت,عز
امارت,فيروز
امارت,قبض
امارت,قدر
امارت,قلمرو
امارت,كاميابي
امارت,كرامت
امارت,كرم
امارت,كشورداري
امارت,متاع
امارت,مقام
امارت,مكان
امارت,ملك
امارت,ملكوت
امارت,ممالك محروسه ايران
امارت,مهر
امارت,موفقيت
امارت,نخوت
امارت,نشان دادن
امارت,نمايش
امارت,وقار
امارت,وقع
امارت,گواليدن
امارت,گيرودار
امام,امام
امام بارگاہ,بارگاه
امام بارگاہ,حسين
امام بارگاہ,قم
امام بارگاہ,مجاور
امام بارگاہ,مشهدي
امام بارگاہ,هجو
امامت,امامت
امامت,حاكميت
امامت,رهبري
امامت,رياست
امامت,سروري
امامت,سري
امامت,قلمرو
امان,امان
امانت,اداره
امانت,امان
امانت,امانت
امانت,امينه
امانت,اورژانس
امانت,ايمني
امانت,بردو
امانت,بنه
امانت,ترنج
امانت,تصرف
امانت,تعلق
امانت,تملك
امانت,توكل
امانت,تولوز
امانت,حفاظت
امانت,خفيف
امانت,دپارتمان
امانت,راستي
امانت,سلامت
امانت,سنجاق قفلي
امانت,سپردن
امانت,صداقت
امانت,صندوق بينالمللي پول
امانت,ضامن
امانت,فسنجان
امانت,قبض
امانت,قدسي
امانت,قران
امانت,قرمز
امانت,قيمومت
امانت,كومور
امانت,لرد
امانت,ماوا
امانت,متاع
امانت,محمد
امانت,مقر
امانت,ناكامي
امانت,هشتن
امانت,وانده
امانت,وجوه
امانت,وديعه
امانت,يازيدن
امانت,يافت شدن
امانت,يان
امانت,پنتاگون
امانت,گاوصندوق
اماں,موميا
اماں,موميايي
امت,امت
امتان,امتان
امتحان,ازمايش
امتحان,ازمايش خون
امتحان,ازمايش واحد
امتحان,ازمودن
امتحان,ازمون
امتحان,ازمون و خطا
امتحان,امتحان
امتحان,تست
امتحان,تست بارداري
امتحان,دادرسي
امتحان,شكست
امتحان,محاكمه
امتحان,محك
امتحان,پروسه
امتحانوں,ازمايش
امتحانوں,ازمايش خون
امتحانوں,ازمايش واحد
امتحانوں,ازمودن
امتحانوں,ازمون
امتحانوں,ازمون و خطا
امتحانوں,امتحان
امتحانوں,تست
امتحانوں,تست بارداري
امتحانوں,دادرسي
امتحانوں,شكست
امتحانوں,محاكمه
امتحانوں,محك
امتحانوں,پروسه
امتحاني,امتحاني
امتزاج,امتزاج
امتش,امتش
امتي,امت
امتي,امتي
امتي,سنباديه
امتي,شمر
امتي,كمرا
امتياز,امتياز
امتيازات,امتيازات
امد,امد
امد,قدم
امد,ورود
امد,وصول
امداد,امداد
امداد,كمك
امداد,كمكهاي
امداد,مدد
امداد,مراعات
امداد,مساعدت
امداد,ياري
امداد,ياوري
امدم,امدم
امدني,اتي
امدني,انبوه
امدني,باژ
امدني,باژبان
امدني,باژدار
امدني,تجمع
امدني,توليد ناخالص داخلي
امدني,توليد ناخالص ملي
امدني,جاگير
امدني,حائل
امدني,دخل
امدني,درامد
امدني,دشت
امدني,عملكرد
امدني,قاصر
امدني,قدم
امدني,معاش
امدني,ورود
امدني,وصول
امدني,پسين
امدني,پيدايش
امدي,امدي
امدہ,رسيده
امدہ,وارد
امر,امر
امر,تراكنش
امر,حقيقت
امر,در حقيقت
امر,در واقع
امر,ديكتاتور
امر,راستش
امر,قضيه
امر,كميسيون
امر,ماجرا
امر,مطلب
امر,معامله
امر,مهم
امر,واقع
امر,واقعيت
امر,گرفتار
امرا,امرا
امراض,امراض
امرت,اب حيات
امرت,اب زندگاني
امرت,اكسير
امرت,شهد
امرت,كيميا
امرت,نوش
امرت,نوشدارو
امروت,امروت
امروت,امرود
امرود,امروت
امرود,امرود
امروز,اليوم
امروز,امرو
امروز,امروز
امروز,بنگال
امروز,سغد
امروزي,امروزي
امري,امري
امريت,ديكتاتوري
امريكا,امريكا
امريكا,امريكاي جنوبي
امريكا,امريكاي شمالي
امريكا,ينگه دنيا
امريكا,پنتاگون
امريكہ,امريكا
امريكہ,امريكاي جنوبي
امريكہ,امريكاي شمالي
امريكہ,ينگه دنيا
امريكہ,پنتاگون
امكان,احتمال
امكان,امكان
امكان,جنم
امكان,خايه
امكان,دل
امكان,زهره
امكان,شايد
امكان,شجاعت
امكان,شهامت
امكان,كنداوري
امل,امل
امل,انتظار
امل,توقع
امل,طمع
امل,چشمداشت
املا,املا
املي,تمر
املي,تمر هندي
امم,امم
امن,ارام
امن,ارامش
امن,ارامي
امن,استراحت
امن,اطمينان
امن,امن
امن,سكون
امنيت,امان
امنيت,ايمني
امنيت,توكل
امنيت,سلامت
امنيت,سنجاق قفلي
امنيت,ضامن
امنہ,امينه
اموخت,اموخت
اموختم,اموختم
اموختند,اموختند
اموختي,اموختي
اموختيم,اموختيم
اموختہ,افضل
اموختہ,اموختن
اموختہ,اموزه
اموختہ,اهل معرفت
اموختہ,به خاطر سپردن
اموختہ,تمام شدن
اموختہ,تيز
اموختہ,حوزه
اموختہ,ختم
اموختہ,خوان
اموختہ,خواندن
اموختہ,دانا
اموختہ,درس
اموختہ,دوره
اموختہ,سخنراني
اموختہ,سوغون
اموختہ,سين
اموختہ,سين كردن
اموختہ,عالم
اموختہ,عبرت
اموختہ,عليم
اموختہ,فارغالتحصيل
اموختہ,فراگرفتن
اموختہ,فرزانه
اموختہ,مؤدب
اموختہ,معلم
اموختہ,ويرا
اموختہ,ياد گرفتن
اموختہ,پارس
امود,تفريح
امود,تماشا
امود,تنقل
امود,سرگرمي
امود,شغل
اموز,اموز
اموزدش,اموزدش
اموزش,ادب
اموزش,اموزش
اموزش,تحصيل
اموزش,تعلم
اموزش,دانايي
اموزش,فضل
اموزش,قم
اموزش,معرفت
اموزش,يادگيري
اموزم,اموزم
اموزي,اموزي
امومت,امومت
اميتابھ,بودا
اميتابھ,بوذاسف
اميتابھ,رده
اميتابھ,سنخ
اميتابھ,صنف
اميتابھ,طبقه
اميتابھ,قشر
اميتابھ,كلاس
اميتابھ بدھ,اصلي
اميتابھ بدھ,باري
اميتابھ بدھ,بلخ
اميتابھ بدھ,بودا
اميتابھ بدھ,بوديسم
اميتابھ بدھ,بوذاسف
اميتابھ بدھ,خدا
اميتابھ بدھ,رع
اميتابھ بدھ,صدر
اميتابھ بدھ,عمده
اميتابھ بدھ,فرشته
اميتابھ بدھ,كاخ باكينگهام
اميتابھ بدھ,مهر
اميخت,اميخت
اميختم,اميختم
اميختند,اميختند
اميد,ابستني
اميد,اميد
اميد,انتظار
اميد,بارداري
اميد,تست بارداري
اميد,توقع
اميد,حاملگي
اميد,طمع
اميد,چشمداشت
اميدوار,ازمايش
اميدوار,ازمون
اميدوار,امتحان
اميدوار,اميدوار
اميدوار,انتخاب
اميدوار,انتخاو
اميدوار,بزرگاميد
اميدوار,داوطلب
اميدوار,رسيدگي
اميدوار,كنكور
اميدوار,معاينه
اميدوار,نامزد
اميدوار,نمره
اميدوار,نومزاد
اميدوار,نگران
اميدوار,پژوهش
اميدوار,چشم براه
اميدوار,گزينش
اميدي,اميدي
امير,اغا
امير,امرا
امير,امير
امير,اميرحسين
امير,ثروتمند
امير,خان
امير,خواجه
امير,خواجگي
امير,دارا
امير,دارنده
امير,دولتمند
امير,غني
امير,مهاراجه
امير,پولدار
امير,گبر
اميري,اميري
اميز,اميز
اميزش,اختلاط
اميزش,ادغام
اميزش,جماع
اميزش,سكند
اميزش,قاووت
اميزش,مخلوط
اميزش,معجون
اميزي,اميزي
امين,امين
اميني,اميني
امينہ,امينه
امپورٹڈ حكومت نا منظور,اصطلاح
امپورٹڈ حكومت نا منظور,انديشه نيك، گفتار نيك، كردار نيك
امپورٹڈ حكومت نا منظور,خان
امپورٹڈ حكومت نا منظور,را
امپورٹڈ حكومت نا منظور,عبارت
امپورٹڈ حكومت نا منظور,كه
امپورٹڈ حكومت نا منظور,كوچ
امپورٹڈ حكومت نا منظور,مر
امپورٹڈ حكومت نا منظور,مود
امپورٹڈ حكومت نا منظور,وارد
امپورٹڈ حكومت نا منظور,وارد شدن
امپورٹڈ حكومت نا منظور,چنگيز
امپورٹڈ حكومت نا منظور,چنگيزي
ان,ابر
ان,ال
ان,ان
ان,اين
ان,اينا
ان,اينها
ان,عيني
ان,فر
ان,قصد
ان,منظور
ان,مي
ان,هدف
ان,پور
ان,پيشوند
ان شاء اللہ,انشاءالله
ان شاء اللہ,رضا مند
ان شاء اللہ,مگر
ان شاء اللہ,پايه
ان كا,ترا
ان كا,را
ان كا,مرا
ان پڑھ,بيسواد
ان پڑھ,بيفرهنگ
ان پڑھ,دهاتي
ان پڑھ,عوام
انا,امادن
انا,امدن
انا,انا
انا,بررسيدن
انا,درامدن
انا,دست دادن
انا,دير كردن
انا,رسيدن
انا,يازيدن
انا للہ ہونا,اب در هاون كوبيدن
انا للہ ہونا,اواره
انا للہ ہونا,بازسازي
انا للہ ہونا,تباه
انا للہ ہونا,ترميم
انا للہ ہونا,تعمير
انا للہ ہونا,تعمير كردن
انا للہ ہونا,تعميرگاه
انا للہ ہونا,خارج
انا للہ ہونا,خراب
انا للہ ہونا,خراو
انا للہ ہونا,درست كردن
انا للہ ہونا,زاستر
انا للہ ہونا,سلامت
انا للہ ہونا,سوختن
انا للہ ہونا,صدمه ديده
انا للہ ہونا,ضايع
انا للہ ہونا,فراتر
انا للہ ہونا,فوق
انا للہ ہونا,مافوق
انا للہ ہونا,مرمت
انا للہ ہونا,مكانيكي
انا للہ ہونا,هلاك
انا للہ ہونا,ويران
انا للہ ہونا,ويرانه
اناالحق,اناالحق
انات,انات
اناتھ,يتيم
اناتھ اشرم,خستهخانه
اناتھ اشرم,يتيمخانه
اناتھ اشرم,پرورشگاه
انار,انار
انار,فسنجان
انار,نار
انار,نارون
انار,گلنار
انار,گلناري
اناركلي,افسانهاي
اناركلي,افسانوي
اناركلي,انار
اناركلي,برق انداز
اناركلي,بيستون
اناركلي,تاج محل
اناركلي,تاجبخش
اناركلي,تاجمحل
اناركلي,جهانگير
اناركلي,خان
اناركلي,دارا
اناركلي,روسپي
اناركلي,سنگ صبور
اناركلي,سووشون
اناركلي,شبديز
اناركلي,فسنجان
اناركلي,كي
اناركلي,نار
اناركلي,نارون
اناركلي,هاماوران
اناركلي,گلنار
اناركلي,گلناري
اناركلي,گوركاني
اناركلي بازار,بازار
اناركلي بازار,بازاري
اناركلي بازار,تيمچه
اناركلي بازار,حجره
اناركلي بازار,حراج
اناركلي بازار,لاهور
انبار,انبار
انبار,انباشتن
انبار,انبوه
انبار,بضاعت
انبار,بنوه
انبار,بورس
انبار,توده
انبار,ذخيره كردن
انبار,زمينه
انبار,شببوي
انبار,عرق
انبار,كوت
انبار,كود
انبار,كومه
انبار,كپه
انبار,كپيدن
انبار,پير مغان
انباز,انباز
انبن,اختلاف
انبن,تفرقه
انبن,نفاق
انبيا,انبيا
انت,انجاميدن
انت,تمام كردن
انت,خلاص كردن
انت,سنگ تمام گذاشتن
انت,سپري كردن
انت,مخاطب
انت,منجر شدن
انتباہ,اخطار
انتباہ,اطلاع
انتباہ,انتباه
انتباہ,اژير
انتباہ,بيخبر
انتباہ,بيدار
انتباہ,بيدار شدن
انتباہ,تابلوي اعلانات
انتباہ,تنبيه
انتباہ,هشدار
انتباہ,هوشيار
انتخاب,اتخاذ
انتخاب,انتخاب
انتخاب,انتخاو
انتخاب,گزينش
انتر,اختلاف
انتر,افتتاحيه
انتر,الا
انتر,اندرون
انتر,باطن
انتر,بخيدن
انتر,به جز
انتر,تفاضل
انتر,تفاوت
انتر,تهي
انتر,تو
انتر,جدا
انتر,جدا از
انتر,جدا شدن
انتر,جز
انتر,جفت
انتر,خاصه
انتر,خاصگي
انتر,خرسند
انتر,خصوص
انتر,خصوصيت
انتر,داخلي
انتر,درون
انتر,دريچه
انتر,دهان
انتر,سامان
انتر,شدن
انتر,شروع
انتر,صميم
انتر,ضمن
انتر,غريبي
انتر,فرق
انتر,فرق كردن
انتر,فيلم سوپر
انتر,قانع
انتر,كر
انتر,كندوري
انتر,محتوا
انتر,مخفي
انتر,مستقل
انتر,مستور
انتر,مضمون
انتر,مطمئن
انتر,مغولستان
انتر,مفهوم
انتر,منتها
انتر,مي
انتر,مگر
انتر,ناپديد
انتر,نهان
انتر,نيان
انتر,هشتگ
انتر,واخيدن
انتر,پاره
انتر,پنهان
انتر,چيدمان
انتر,چپه
انتر,گذشته از
انتر,گسستن
انتر,گشادي
انتر,گشايش
انتر,◌ؖ
انتظار,انتظار
انتظار,توقع
انتظار,شكيفتن
انتظار,صبر كردن
انتظار,طمع
انتظار,عده
انتظار,معطل كردن
انتظار,منتظر
انتظار,منتظر ... بودن
انتظار,پايستن
انتظار,پاييدن
انتظار,چشم براه
انتظار,چشمداشت
انتظار كرنا,انتظار
انتظار كرنا,شكيفتن
انتظار كرنا,صبر كردن
انتظار كرنا,معطل كردن
انتظار كرنا,پايستن
انتظار كرنا,پاييدن
انتظار،,انتظار،
انتظام,اندام
انتظام,بسيج
انتظام,تدارك
انتظام,ترتيب
انتظام,تهيه
انتظام,خانهتكاني
انتظام,سازش
انتظام,قرار
انتظامي,اداره
انتظامي,اكسيتانيا
انتظامي,ايالت
انتظامي,بخش
انتظامي,خوره
انتظامي,شهرستان
انتظامي,كالينينگراد
انتظامي,لاهه
انتظامي,مقدونيه
انتظامي,گلگت-بلتستان
انتظامي تقسيم,اداره
انتظامي تقسيم,اكسيتانيا
انتظامي تقسيم,ايالت
انتظامي تقسيم,بخش
انتظامي تقسيم,خوره
انتظامي تقسيم,شهرستان
انتظامي تقسيم,كالينينگراد
انتظامي تقسيم,لاهه
انتظامي تقسيم,مقدونيه
انتظامي تقسيم,گلگت-بلتستان
انتظاميہ,احداث
انتظاميہ,اداره
انتظاميہ,استقرار
انتظاميہ,بار
انتظاميہ,برق انداز
انتظاميہ,برپايي
انتظاميہ,تاسيس
انتظاميہ,تشكيل
انتظاميہ,تشكيلات
انتظاميہ,خشكشويي
انتظاميہ,دادگستري
انتظاميہ,سياست
انتظاميہ,مديريت
انتقال,اسبابكشي
انتقال,انتقال
انتقال,تصويب
انتقال,حواله
انتقال,رحلت
انتقال,عبور
انتقال,عفو
انتقال,فوت
انتقال,مؤثر
انتقال,مرور
انتقال,نافذ
انتقال,ياعلي
انتقال,پاس
انتقال,گذر
انتقام,انتقام
انتقام,كوه به كوه نميرسد، ادم به ادم ميرسد
انتقام,كين
انتم,ته
انتم,فرشگرد
انتم,فينال
انتم,قطعي
انتم,نهائي
انتم,نهايي
انتم,◌ؖ
انتہا,افراطي
انتہا,تعارف
انتہا,حد
انتہا,خاك بر سر
انتہا,دايره
انتہا,دق
انتہا,ركورد
انتہا,سامان
انتہا,سوزان
انتہا,كنار
انتہا,مر
انتہائي,افراطي
انتہائي,تعارف
انتہائي,تعارف تيكه پاره كردن
انتہائي,خاك بر سر
انتہائي,دق
انتہائي,ركورد
انتہائي,سوزان
انتہائي,مفرط
انتہائي,منتها
انتہائي,گزاف
انتہاپسند,افراطي
انتہاپسند,تندرو
انجا,انجا
انجام,اخه
انجام,انجام
انجام,سر
انجام,سرانجام
انجام,سنگ تمام گذاشتن
انجام,فرجام
انجام,نتيجه
انجام,پايان
انجانا,اجنبي
انجانا,اعمي
انجانا,او
انجانا,بيخبر
انجانا,جاهل
انجانا,طرف
انجانا,غريب
انجانا,غريبه
انجانا,لانسه
انجانا,مبهم
انجانا,مجهول
انجانا,نادان
انجانا,ناشناخت
انجانا,ناشناس
انجانا,نكره
انجانا,پوچ
انجم,انجم
انجماد,انجماد
انجمن,اجتماع
انجمن,انجمن
انجمن,جامعه
انجمن,جمعيت
انجمن,سياهپوش
انجمن,كانون
انجمني,انجمني
انجير,انجير
انجيل,انجيل
انجيل,انگليون
انحطاط,انحطاط
اند,اند
انداخت,انداخت
انداختن,انداختن
انداختند,انداختند
انداختي,انداختي
انداز,انداز
اندازد,اندازد
اندازي,اندازي
اندازيم,اندازيم
اندام,اندام
اندر,اندر
اندر,بيخواب
اندر,بيدار
اندر,بيدار شدن
اندر,تندر
اندر,رعد
اندر,غو
اندر,مشك
اندر,موش
اندر,موشعلي
اندر,موشك
اندر,هوشيار
اندراج,تكزنگ زدن
اندراج,ثبت
اندراج,درامدن
اندراج,راه دادن
اندراج,رل زدن
اندراج,سرايت
اندراج,سرسرا
اندراج,فقره
اندراج,قلم
اندراج,نوشته
اندراج,وارد شدن
اندراج,وارد كردن
اندراج,ورود
اندراج,گنجاندن
اندرو,اندرو
اندرون,ابهاي بينالمللي
اندرون,اتحاديه عرب
اندرون,اشكم
اندرون,الفباي اوانگاري بينالمللي
اندرون,اندرون
اندرون,اژانس بينالمللي انرژي اتمي
اندرون,باطن
اندرون,بين المللي
اندرون,بينالمللي
اندرون,تو
اندرون,جفت
اندرون,حقوق بينالملل
اندرون,داخلي
اندرون,درون
اندرون,روابط بينالملل
اندرون,شدن
اندرون,شكم
اندرون,شكنب
اندرون,صميم
اندرون,صندوق بينالمللي پول
اندرون,قدرت متوسط
اندرون,كم
اندرون,مغولستان
اندرون,چيدمان
اندرون,چپه
اندرون شہر,اندرون
اندرون شہر,بدر
اندرون شہر,تو
اندرون شہر,جفت
اندرون شہر,درون
اندرون شہر,شدن
اندرون شہر,محاصره شدن
اندرون شہر,مغولستان
اندرون شہر,چپه
اندرونش,اندرونش
اندرونم,اندرونم
اندروني,اندروني
اندرين,اندرين
اندك,اندك
اندكي,اندكي
اندل,اندل
اندلس,اباد
اندلس,اسپانيا
اندلس,اكسيتانيا
اندلس,اندلس
اندلس,اندورا
اندلس,تشكيل دادن
اندلس,توران
اندلس,سند
اندلس,كاتالونيا
اندلس,كولمبيا
اندلس,ليسبون
اندلس,هفده
اندلس,هوده
اندلس,هيوده
اندلس,پرجمعيت
اندوختم,اندوختم
اندوختي,اندوختي
اندوز,اندوز
اندوزد,اندوزد
انديش,انديش
انديشوں,تامل
انديشوں,حيثيت
انديشوں,راستاد
انديشوں,مد نظر
انديشوں,مراعات
انديشوں,منظور
انديشوں,نظر
انديشوں,وقع
انديشوں,پاس
انديشي,انديشي
انديشہ,تامل
انديشہ,حيثيت
انديشہ,راستاد
انديشہ,مد نظر
انديشہ,مراعات
انديشہ,منظور
انديشہ,نظر
انديشہ,وقع
انديشہ,پاس
انديشے,تامل
انديشے,حيثيت
انديشے,راستاد
انديشے,مد نظر
انديشے,مراعات
انديشے,منظور
انديشے,نظر
انديشے,وقع
انديشے,پاس
انديكھا,غيب
انديكھا,ناپديد
انديكھا,پنهان
انديكھا,گم
اندھا,ابله
اندھا,ابگينه
اندھا,اغوا كردن
اندھا,اينه
اندھا,ايينه
اندھا,خنگ
اندھا,دله
اندھا,كافر
اندھا,كاليو
اندھا,كثيف
اندھا,كودن
اندھا,نجس
اندھا,هرزه
اندھا,هندو
اندھا,پارگين
اندھا,پليد
اندھا,چتل
اندھا,چرك
اندھا,چركين
اندھا پن,تاريكي
اندھا پن,تم
اندھا پن,تمر
اندھا پن,تيرگي
اندھا پن,داج
اندھا پن,سواد
اندھا پن,سياهي
اندھا پن,ظلمت
اندھا پن,عمي
اندھا پن,نابينايي
اندھرا پرديش,ابتدائي
اندھرا پرديش,استوني
اندھرا پرديش,الت
اندھرا پرديش,انطاكيه
اندھرا پرديش,بدخشان
اندھرا پرديش,بلوچستان
اندھرا پرديش,تاليوود
اندھرا پرديش,تركيه
اندھرا پرديش,حيدراباد
اندھرا پرديش,دبستان
اندھرا پرديش,سند
اندھرا پرديش,هندي
اندھكار,تاريكي
اندھكار,تم
اندھكار,تمر
اندھكار,تيرگي
اندھكار,داج
اندھكار,دوري
اندھكار,سكون
اندھكار,سواد
اندھكار,سياهي
اندھكار,ظلمت
اندھكار,عدم
اندھكار,غايبانه
اندھكار,غيبت
اندھكار,فقدان
اندھكار,مرخصي
اندھكار,نبود
اندھي,برف
اندھي,برف امدن
اندھي,برف باريدن
اندھي,برفروب
اندھي,بوراب
اندھي,تاريكي
اندھي,تم
اندھي,تمر
اندھي,تيرگي
اندھي,تگرگ
اندھي,خاك
اندھي,خاكسار
اندھي,داج
اندھي,درود
اندھي,دوستها
اندھي,رشت
اندھي,سنگك
اندھي,سواد
اندھي,سوده
اندھي,سياهي
اندھي,شخلاسه
اندھي,طوفان
اندھي,ظلمت
اندھي,عفو
اندھي,غبار
اندھي,غليظ
اندھي,كولاك
اندھي,پلم
اندھي,ژاله
اندھي,ژاله باريدن
اندھي,گرد
اندھيرا,تاريكي
اندھيرا,تم
اندھيرا,تمر
اندھيرا,تيرگي
اندھيرا,داج
اندھيرا,سواد
اندھيرا,سياهي
اندھيرا,شؤم
اندھيرا,شوم
اندھيرا,ظلمت
اندھيروں,تاريكي
اندھيروں,تم
اندھيروں,تمر
اندھيروں,تيرگي
اندھيروں,داج
اندھيروں,سواد
اندھيروں,سياهي
اندھيروں,ظلمت
اندھيرے,تاريكي
اندھيرے,تم
اندھيرے,تمر
اندھيرے,تيرگي
اندھيرے,داج
اندھيرے,سواد
اندھيرے,سياهي
اندھيرے,ظلمت
انرا,انرا
انس,انس
انساؤ,دلم برات تنگ شده
انساؤ,مجرد
انساؤں,دلم برات تنگ شده
انساؤں,مجرد
انسائيں,دلم برات تنگ شده
انسائيں,مجرد
انسان,انسان
انساني,انساني
انسانيت,ادميت
انسانيت,انسانيت
انسانيت,بشريت
انسانيت,مروت
انسداد,انسداد
انسداد,بازدارنده
انسداد,جلوگيري
انسداد,مانع
انسداد,منع
انسداد,پيشگيري
انسو,ارس
انسو,اشك
انسو,اشك باريدن
انسو,انسو
انسو,بركندن
انسو,دريدن
انسو,قبا كردن
انسو,كندن
انسو,گاز اشكاور
انسوي,انسوي
انسہ,دلم برات تنگ شده
انسہ,مجرد
انشقاق,شكافتن
انشقاق,قدرت هستهاي
انشقاق,چاك
انصاف,انصاف
انطاكيہ,انطاكيه
انطلياس,انطلياس
انطلياس,بعلبك
انطلياس,بيروت
انطلياس,تركمن
انطلياس,جبيل
انطلياس,سهند
انطلياس,سوار كردن
انطلياس,شام
انطلياس,صور
انطلياس,طرابلس
انطلياس,طور
انطلياس,قنداق
انطلياس,لبنان
انطلياس,ليره
انعام,انعام
انعام,تلطيف
انعام,جايزه
انعام,صله
انعامو,انعام
انعامو,تلطيف
انعامو,جايزه
انعامو,صله
انعاموں,انعام
انعاموں,تلطيف
انعاموں,جايزه
انعاموں,صله
انفس,انفس
انفعال,انفعال
انقلاب,انقلاب
انقلاب,دور
انقلاب,رولوسيون
انقلاب,زر
انقلاب,كودتا
انقلاب,كوپه
انقلاب,واروني
انقلاب,گردش
انقلابي,انقلابي
انكار,استنجا
انكار,استنجاء
انكار,انكار
انكار,تركيببند
انكار,تكذيب
انكار,خودداري
انكار,خويشتنداري
انكار,دريغ
انكار,رد
انكار,روزه
انكار,صيام
انكار,طرد
انكار,عفت
انكار,نفي
انكار,پرهيز
انكار كرنا,رد كردن
انكار كرنا,كثافت
انكاري,انكار
انكاري,تكذيب
انكاري,دريغ
انكاري,نفي
انكس,انكس
انكشاف,اكتشاف
انكشاف,سربسته
انكشاف,قران
انكشاف,كاوش
انكشاف,كشف
انكشاف,محمد
انكشاف,مستور
انكشاف,مكاشفه
انكشاف,وحي
انكشاف,گشادي
انكل,احترامي
انكل,بيبي
انكل,تغايي
انكل,خالو
انكل,دايي
انكل,سر
انكل,عمو
انكل,كاكا
انكل,ماما
انكل,محترمانه
انكو,انكو
انكيدو,انكيدو
انكھ,شيوه
انكھ,نهور
انكھ,نگاه
انكھ,گوشه چشم
انل,اتشدان
انل,الاوه
انل,الو
انل,تف
انل,زبانه
انل,سام
انل,سرنديپ
انل,سيلان
انل,شعله
انل,علو
انل,وار
انل,گر
انم,انم
انناس,اناناس
انند,بخت
انند,خوشبختي
انند,خوشي
انند,سرور
انند,سعادت
انند,شادي
انند,صفا
انند,عشرت
انند,لذت
انند,مه
انند,نشاط
انواد,ارايش كردن
انواد,استفهام انكاري
انواد,استقبال
انواد,برداشت
انواد,برگردان
انواد,به ساز كسي رقصيدن
انواد,به چشم خوردن
انواد,تاويل
انواد,ترجمه
انواد,ترجمه ماشيني
انواد,تعبير
انواد,تكرار
انواد,توليدن
انواد,جواب
انواد,جواب دادن
انواد,خاطر
انواد,رخصت
انواد,زند
انواد,شماره گرفتن
انواد,مالوندن
انواد,مثل پلو تو دوري
انواد,مراعات
انواد,مگر
انواد,پاسخ
انواد,چاره
انواد,گزارش
انوادك,ترجمان
انوادك,ترگمان
انوادك,تيلماچي
انوادك,مترجم
انوار,انوار
انوكھا,اجنبي
انوكھا,بوالعجب
انوكھا,بيگانه
انوكھا,تك
انوكھا,سمركند
انوكھا,عجب
انوكھا,عجيب
انوكھا,غريب
انوكھا,كوارك شگفت
انوكھا,واحد
انوكھا,يكتا
انوكھا,يگانه
انوكھي,اجنبي
انوكھي,بوالعجب
انوكھي,بيگانه
انوكھي,تك
انوكھي,عجب
انوكھي,عجيب
انوكھي,غريب
انوكھي,كوارك شگفت
انوكھي,واحد
انوكھي,يكتا
انوكھي,يگانه
انوكھے,اجنبي
انوكھے,بوالعجب
انوكھے,بيگانه
انوكھے,تك
انوكھے,عجب
انوكھے,عجيب
انوكھے,غريب
انوكھے,كوارك شگفت
انوكھے,واحد
انوكھے,يكتا
انوكھے,يگانه
انول,بند ناف
انول,جفت
اني,اني
انيس,نزده
انيس,نزدهم
انيس,نوازده
انيس,نوزده
انٹاركٹكا,تير
انٹاركٹكا,جنوبگان
انٹاركٹكا,خاده
انٹاركٹكا,سنگاپور
انٹاركٹكا,شمالگان
انٹاركٹكا,قطب
انٹاركٹكا,له
انٹاركٹكا,پايه
انٹاركٹكا,چوب
انٹرنيشنل,ابهاي بينالمللي
انٹرنيشنل,اتحاديه عرب
انٹرنيشنل,الفباي اوانگاري بينالمللي
انٹرنيشنل,اژانس بينالمللي انرژي اتمي
انٹرنيشنل,بين المللي
انٹرنيشنل,بينالمللي
انٹرنيشنل,حقوق بينالملل
انٹرنيشنل,روابط بينالملل
انٹرنيشنل,صندوق بينالمللي پول
انٹرنيشنل,قدرت متوسط
انٹرنيٹ,انباكسينگ
انٹرنيٹ,انترنيت
انٹرنيٹ,اينترنت
انٹرنيٹ,اينترنت ماهوارهاي
انٹرنيٹ,روتر
انٹرنيٹ,فيلترشكن
انٹرنيٹ,قطع كردن
انٹرنيٹ,كافينت
انٹرنيٹ,لايك
انپم,بينظير
انپم,كم نظير
انپم,يگانه
انچائي,ارتفاع
انچائي,بالا
انچائي,سركوب
انچائي,علو
انچائي,فراز
انچائي,قد
انچل,اروميه
انچل,اوكراين
انچل,بار
انچل,جامه
انچل,حاشيه
انچل,حد
انچل,درع
انچل,رشت
انچل,ساري
انچل,سرحد
انچل,سينه
انچل,شاطي
انچل,صدر
انچل,صندل
انچل,قبا
انچل,قميص
انچل,كران
انچل,كنار
انچل,لباس
انچل,مانتو
انچل,مرز
انچل,مرزبان
انچل,مشته
انچل,مغولستان
انچل,ملبوس
انچل,ممه
انچل,مچ
انچل,پستان
انچل,پستانك
انچل,گليم
انچنان,انچنان
انڈا,صفر
انڈكوش,كيسه بيضه
انڈكوش,كيسه خايه
انڈكوش,پوست بيضه
انڈونيشيا,اندونزي
انڈونيشيا,اندونيزيا
انڈونيشيا,هندوچين
انگ,استخوان
انگ,اناتومي
انگ,اندام
انگ,تشريح
انگ,شيب
انگ,كالبدشناسي
انگ,كوم
انگ,پا
انگبين,انگبين
انگبين,شهد
انگبين,عسل
انگد,بازوبند
انگريز,استراليا
انگريز,استرليا
انگريز,استريليا
انگريز,انگريز
انگريز,انگريزي
انگريز,انگليسي
انگريز,بريتانيايي
انگريز,تاسماني
انگريز,روباه
انگريز,سنگاپور
انگريز,فوتباليست
انگريزي,استراليا
انگريزي,استرليا
انگريزي,استريليا
انگريزي,انگريز
انگريزي,انگريزي
انگريزي,بريتانيايي
انگريزي,تاسماني
انگريزي,روباه
انگريزي,سنگاپور
انگريزي,فوتباليست
انگشت,انگشت
انگلستان,اسكاتلند
انگلستان,انگلستان
انگلستان,ايرلند شمالي
انگلستان,مقدونيه
انگلي,اشاره كردن
انگلي,انگشت
انگلي,انگشد
انگلي,باژ
انگلي,شاخ
انگلينڈ,اسكاتلند
انگلينڈ,انگلستان
انگلينڈ,ايرلند شمالي
انگلينڈ,مقدونيه
انگن,حياط
انگن,صحن
انگن,پيش ايوان
انگور,انگور
انگور,باده
انگور,عنب
انگور,غوره
انگور,غژب
انگور,كرم
انگور,كشمش
انگور,ميده
انگور,وين
انگوري,ابليمو
انگوري,انگليون
انگوري,انگور
انگوري,باده
انگوري,جفت
انگوري,رنگين
انگوري,سته
انگوري,سريش
انگوري,سپريغ
انگوري,شل
انگوري,عنب
انگوري,غوره
انگوري,غژب
انگوري,كرس
انگوري,كرم
انگوري,كشمش
انگوري,كلس
انگوري,كهر
انگوري,ليمو
انگوري,ميده
انگوري,وين
انگوري,گرچ
انگولہ,انگولا
انگوٹھا,شست
انگوٹھي,انگشتر
انگوٹھي,تكزنگ زدن
انگوٹھي,حلقه
انگوٹھي,حلقه ازدواج
انگوٹھي,حلقه نامزدي
انگوٹھي,خاتم
انگوٹھي,زنگ
انگوٹھي,زنگ زدن
انگوٹھي,نگين
انگوٹھي,چنبره
انگوٹھي,چپر
انگيخت,انگيخت
انگيختند,انگيختند
انگيز,انگيز
انگيزي,انگيزي
انگڑائي,كش دادن
انگڑائي,كشيدن
انگھيٹي,انگشتر
انگھيٹي,تكزنگ زدن
انگھيٹي,حلقه
انگھيٹي,حلقه ازدواج
انگھيٹي,حلقه نامزدي
انگھيٹي,خاتم
انگھيٹي,زنگ
انگھيٹي,زنگ زدن
انگھيٹي,چنبره
انگھيٹي,چپر
انہ,ار
انہ,الو
انہ,ان
انہ,انه
انہ,حراج
انہ,روپوش
انہ,شانزدهم
انہ,شيء
انہ,فقره
انہ,قلم
انہ,كردن
انہ,مهر
انہ,نت دولا چنگ
انہ,نو
انہ,هاي
انہ,وار
انہ,وند
انہ,ين
انہ,گان
اهنسا,اغا
اهنسا,ايسكريم
اهنسا,بيچاره
اهنسا,مثلن
اهہ,ايدر
اهہ,ايسو
اهہ,اينجا
اهہ,بفرماييد
او,او
او,ايدون
او,بنابراين
او,تقريبا
او,جنس
او,جنسيت
او,دفعه
او,قريب
او,همچنان
او,همچنين
اوارگان,اوارگان
اوارگي,اوارگي
اوارہ,ابدال
اوارہ,اواره
اوارہ,در به دري
اوارہ,دله
اوارہ,ساير
اوارہ,سلندر
اوارہ,سيار
اوارہ,عيار
اوارہ,كالج
اوارہ,متروك
اوارہ,مهجور
اوارہ,هرجايي
اوارہ,هرزه
اوارہ,ول
اوارہ,ويرانه
اوارہ,ويلان
اوارہ,يله
اوارہ,پرسه
اوارہ,پرسهزني
اواز,انباكسينگ
اواز,اواز
اواز,اوازه
اواز,جلد
اواز,حجم
اواز,را
اواز,رسم
اواز,شايعه
اواز,شعار
اواز,شهرت
اواز,صيت
اواز,فضا
اواز,كارنامه
اواز,كليپ
اواز,كنايه
اواز,كنسول
اواز,مصحف
اواز,مقاله
اواز,نماهنگ
اواز,ويديو
اواز,چو
اواز,گزارش
اواس,اباد
اواس,بنه
اواس,بودباش
اواس,ماوا
اواس,مقر
اوتار,افت
اوتار,افت كردن
اوتار,برگردان
اوتار,تبار
اوتار,ترجمه
اوتار,ترجمه ماشيني
اوتار,تملق
اوتار,عبور
اوتار,لوس
اوتار,پشت
اوتار,گرامي
اوج,اوج
اودا,ارغوان
اودا,ارغواني
اودا,سبك هندي
اودا,كبود
اودبلاؤ,سمور ابي
اودبلاؤ,هذر
اودھ,اوده
اور,اور
اوراق,اوراق
اوراقي,اوراقي
اورد,اورد
اوردم,اوردم
اوردن,اوردن
اوردي,اوردي
اورم,اورم
اورنگ,افرنگ
اورنگ,اورند
اورنگ,اورنگ
اورنگ,برنشستن
اورنگ,تخت
اورنگ,تخت طاووس
اورنگ,جلوس
اورنگ,سرير
اورنگ,عرش
اورنگ,مسند
اورنگ,گاه
اورنگزيب,اورنگزيب
اوساكا,اسياي شرقي
اوساكا,اوساكا
اوساكا,توكيو
اوساكا,جاپان
اوساكا,فوكوشيما
اوساكا,واق واق
اوساكا,ژاپن
اوست,اوست
اوسطا,متوسط
اوسطا,ميانگين
اوسطا,وسط
اوشيك,بايستن
اوشيك,حياتي
اوشيك,دركار
اوشيك,ضروري
اوشيك,لازم
اوشيك,لازمه
اوشيك,مبرم
اوشيك,مقتضا
اوشيك,ناگزير
اوشيك,واجب
اوشيكتا,احتياج
اوشيكتا,حاجت
اوشيكتا,ضرورت
اوشيكتا,لاجرم
اوشيكتا,ناچار
اوشيكتا,نياز
اوشيكتا,واجب
اوصاف,اوصاف
اوقات,اوقات
اوقات,اينرسي
اوقات,بختك
اوقات,بكنبكن
اوقات,به عنوان
اوقات,تنگنا
اوقات,صنع
اوقات,ظرف
اوقات,ظرفيت
اوقات,فعاليت
اوقات,قرار
اوقات,كيفيت
اوقات,مجال
اوقات,مراعات
اوقات,مقتضيات
اوقات,موقعيت
اوقات,نبوغ
اوقات,وسع
اوقات,وض
اوقات,وضع
اوقات,وضعيت
اوقات,يله كن
اوقات,پيمانه
اوقات,ژني
اوكاش,بساخ
اوكاش,فرصت
اوكاش,وسعت
اوكھ,بوره
اوكھ,شكر
اوكھ,قصب
اوكھ,قند
اوكھ,قند خون
اوكھ,كند
اوكھ,نبات
اوكھ,ني
اوكھ,نيشكر
اوكھ,پانيد
اوكھ,چوبدست
اوكھل,توپ
اوكھل,جوغن
اوكھل,ساروج
اوكھل,مهره
اوكھل,ناو
اوكھل,هاون
اوكھل,گرچ
اوكھلي,توپ
اوكھلي,جوغن
اوكھلي,ساروج
اوكھلي,مهره
اوكھلي,ناو
اوكھلي,هاون
اوكھلي,گرچ
اوكھي,اشاره كردن
اوكھي,اظهار
اوكھي,خراب
اوكھي,دل كسي را زدن
اوكھي,زنهار
اوكھي,فرمايش
اوكھي,كيري
اوكھي,لغز
اوكھي,ليلي زن بود يا مرد
اوكھي,ناخوشايند
اول,ابتدائي
اول,الت
اول,اول
اول,برين
اول,جاندار
اول,دبستان
اول,راس
اول,سر
اول,صدر
اول,نخستين
اول,گرزمان
اول,گرودمان
اولا,ابتدا
اولا,ابتداء
اولا,اول
اولا,اولا
اولا,يخچه
اولاد,اولاد
اولاد,باروري
اولاد,بيگزاده
اولاد,زاده
اولاد,زه
اولاد,شاهزاده
اولاد,علوي
اولاد,عيال
اولاد,غريبي كردن
اولاد,غول
اولاد,فرزند
اولاد,كوزهگر از كوزه شكسته اب ميخورد
اولاد,لالا
اولاد,نسل
اولي,ارشد
اولي,از ما بهتران
اولي,اعلي
اولي,اولي
اولي,برتر
اولي,به
اولي,بهتر
اولي,تشرين
اولي,دروغ مصلحت اميز به از راست فتنه انگيز
اولي,رند
اولي,شاه
اولي,شاهنامه اخرش خوشه
اولي,شفا دادن
اولي,مافوق
اولي,ماهي را هر وقت از اب بگيري تازه است
اولي,مولا
اولي,پيشوا
اوليا,ابدال
اوليا,ايزد
اوليا,دوستان
اوليا,دوستيابي
اوليا,غيب
اوليا,فاتحه
اوليا,كندوري
اوليا,مرسل
اوليا,هجر
اوليا,يزدان
اوليا,پايه
اولين,ابتدا
اولين,ابتداء
اولين,اول
اولين,اولا
اولين,اولين
اولين,راس
اولين,سبك خراساني
اولين,سر
اولين,صدر
اولين,نخستين
اولين ترجيح,اولويت
اولين ترجيح,فره
اونٹ,ابله
اونٹ,احمق
اونٹ,اسمانخراش
اونٹ,اشتر
اونٹ,الف
اونٹ,برز
اونٹ,بلند
اونٹ,جاهل
اونٹ,جدر
اونٹ,جنگ
اونٹ,خر
اونٹ,خرفت
اونٹ,دراز
اونٹ,دنگل
اونٹ,سرو
اونٹ,سروقد
اونٹ,شتر
اونٹ,شتر دوكوهان
اونٹ,فراز
اونٹ,كانا
اونٹ,كوهان
اونٹ,لنبه
اونٹ,مركب
اونٹ,مزخرف
اونٹ,هالو
اونٹ,هيون
اونٹ,ياوه
اونٹ,چلمن
اونٹ,چنار
اونٹ,ژاژ
اونٹ,گاگول
اونٹ,گول زدن
اونٹ,گيج
اونٹوں,اشتر
اونٹوں,جدر
اونٹوں,جنگ
اونٹوں,شتر
اونٹوں,شتر دوكوهان
اونٹوں,كوهان
اونٹوں,مركب
اونٹوں,هيون
اونٹوں,ژاژ
اونچا,اسمانخراش
اونچا,الف
اونچا,برز
اونچا,بلند
اونچا,دراز
اونچا,سرو
اونچا,سروقد
اونچا,سمي
اونچا,فراز
اونچا,لنبه
اونچا,چنار
اونچائي,ارتفاع
اونچائي,بالا
اونچائي,سركوب
اونچائي,علو
اونچائي,فراز
اونچائي,قد
اونچي فلم,باحال
اونچي فلم,تماشا
اونچي فلم,جالب
اونچي فلم,دلچسپ
اونچي فلم,زبل
اونچي فلم,زرنگ
اونچي فلم,زيرك
اونچي فلم,ظريف
اونچي فلم,هوشيار
اونچي فلم,چالاك
اونچي چيز,اصلي
اونچي چيز,اهم
اونچي چيز,باحال
اونچي چيز,باشي
اونچي چيز,بيگلربيگي
اونچي چيز,تاكيد
اونچي چيز,تماشا
اونچي چيز,ثروتمند
اونچي چيز,جالب
اونچي چيز,جاگير
اونچي چيز,خواجه
اونچي چيز,خواجگي
اونچي چيز,دارا
اونچي چيز,دارنده
اونچي چيز,دلچسپ
اونچي چيز,دولتمند
اونچي چيز,رد
اونچي چيز,زبل
اونچي چيز,زرنگ
اونچي چيز,زيرك
اونچي چيز,سفرهخانه
اونچي چيز,شخص
اونچي چيز,شخصيت
اونچي چيز,صدر
اونچي چيز,ظريف
اونچي چيز,غني
اونچي چيز,فرد
اونچي چيز,فنا
اونچي چيز,قطب
اونچي چيز,كبير
اونچي چيز,كتلت
اونچي چيز,كليدي
اونچي چيز,مناجات
اونچي چيز,مهاراجه
اونچي چيز,مهم
اونچي چيز,ناموس
اونچي چيز,هوشيار
اونچي چيز,واحد
اونچي چيز,پفك
اونچي چيز,پولدار
اونچي چيز,چالاك
اونچي چيز,گبر
اويخت,اويخت
اويختند,اويختند
اويز,اويز
اويزش,اويزش
اويزم,اويزم
اويزي,اويزي
اويس,اويس
اويغور,اويغور
اويغورستان,اويغورستان
اوپر,خواستن
اوپر,را
اوپر,هشتگ
اوپر والا,بالا
اوپر والا,فرجام
اوڑي,بنگالي
اوہ,استدلال
اوہ,با
اوہ,تدبير
اوہ,تردد
اوہ,جان
اوہ,مست
اوہ,مشاوره
اوہ,ندا
اوہ,پشمام
اوہائيو,اوهايو
اي,اي
ايا,ايا
ايا,تلميح
ايا,توران
ايا,خدمتكار
ايا,دادا
ايا,دايه
ايا,دختر
ايا,دخدر
ايا,رسيده
ايا,لل‍ه
ايا,مشاطه
ايا,نومد
ايا,همشيره
ايا,وارد
ايا,پرستار
ايا صوفيہ,اياصوفيه
ايا صوفيہ,سوفيا
ايات,ايات
اياتش,اياتش
اياز,اياز
ايازي,ايازي
اياغ,اياغ
اياق,اياق
ايالت,تسلط
ايالت,حكمراني
ايالت,دولت
ايالت,سلطه
ايالت,قلمرو
ايالت,ملك
ايالت,ملكوت
ايالت,گيرودار
ايام,افطار
ايام,ايام
ايام,روزكي
ايام,روزي از روزها
ايام,صهيون
ايام,هفتسين
ايام,پس پريروز
ايام,پسينفردا
ايام,چله
ايامش,ايامش
ايامي,ايامي
ايبك,ايبك
ايت,ايت
ايت,ايه
ايت,بيور
ايت,تومان
ايت,سبك خراساني
ايت,سبك عراقي
ايت,سبك هندي
ايت,سهل ممتنع
ايت,شهرزاد
ايت,شهريار
ايت,لك
ايت,مصراع
ايت,هزار
ايت,گريزگاه
ايت اللہ,ايتالله
ايتلاف,ائتلاف
ايتلاف,اشنايي
ايتلاف,خصوصيت
ايتلاف,دوستي
ايتلاف,صحابت
ايتلاف,قدرت هستهاي
ايتلاف,قربت
ايتلاف,قهر كردن
ايتلاف,مهر
ايتلاف,نزديكي
ايتلاف,ياري
ايتلاف,گداخت هستهاي
ايتي,ايتي
ايتھنز,اتن
ايتھنز,اسپارت
ايتھنز,اطن
ايتھنز,المپ
ايتھنز,تسالونيك
ايتھنز,كرت
ايتھنز,مقدونيه
ايتھنز,يونان
ايتھوپيا,اتيوپي
ايتھوپيا,اديس ابابا
ايتھوپيا,ايتوپيا
ايثار,ايثار
ايجاد,ايجاد
ايجوان,ايجوان
ايخوش,ايخوش
ايد,ايد
ايدش,ايدش
ايدل,ايدل
ايران,ايران
ايرشا,اهل حسد
ايرشا,با وجود
ايرشا,بخل
ايرشا,حسادت
ايرشا,حسد
ايرشا,رشك
ايرشا,زليفن
ايرشا,علي رغم
ايرشا,غرض
ايرشا,غيرت
ايرشالو,اهل حسد
ايرشالو,حسود
ايرشالو,مغرض
ايركھا,اهل حسد
ايركھا,با وجود
ايركھا,بخل
ايركھا,حسادت
ايركھا,حسد
ايركھا,رشك
ايركھا,زليفن
ايركھا,علي رغم
ايركھا,غرض
ايركھا,غيرت
ايزدي,ايزدي
ايزدي,ضريح
ايزدي,پارسا
ايست,ايست
ايسي تيسي,رسوايي
ايسي تيسي,عيب
ايسي تيسي كرنا,تمسخر
ايسي تيسي كرنا,ريشخند
ايسي تيسي كرنا,مسخره
ايسي تيسي كرنا,هجو
ايسٹر,عيد پاك
ايسٹر,فصح
ايشيا,اسيا
ايشيا,اسياي غربي
ايشيا,افريقا
ايشيا,اقيانوس ارام
ايشيا,اناتولي
ايشيا,ايليريا
ايشيا,بينالنهرين
ايشيا,تركيه
ايشيا,رم
ايشيا,روم
ايشيا,رومي
ايشيا,قرامان
ايشيا,قيصر
ايشيا,نپتون
ايشيا,واشنگتن
ايشيا,گاليا
ايشيائي,اسيايي
ايشيائي,برادري
ايشيائي,توران
ايشيائي,سبك هندي
ايشيائي,غزل
ايشيائي,منتو
ايشيائي,گو
ايف ايم,راديو
ايف ايم,راديويي
ايف ايم,مستمع
ايك,واحد
ايك,يگانه
ايكشن كمار,افكندن
ايكشن كمار,بدل
ايكشن كمار,تبختر
ايكشن كمار,تصوير
ايكشن كمار,جا زدن
ايكشن كمار,جعلي
ايكشن كمار,دستي
ايكشن كمار,رنجه
ايكشن كمار,صورت
ايكشن كمار,عكس
ايكشن كمار,عين
ايكشن كمار,فرتور
ايكشن كمار,فيريدن
ايكشن كمار,نقش
ايكشن كمار,پروژه
ايكشن كمار,پلان
ايكھ,بوره
ايكھ,شكر
ايكھ,قصب
ايكھ,قند
ايكھ,قند خون
ايكھ,كند
ايكھ,نبات
ايكھ,ني
ايكھ,نيشكر
ايكھ,پانيد
ايكھ,چوبدست
ايلما,ايزد
ايلما,غيب
ايلما,كندوري
ايلما,مرسل
ايلما,يزدان
ايلچي,امين
ايلچي,ايلچي
ايلچي,ديپلمات
ايلچي,سفير
ايلچي,سياستمدار
ايلچي,فرستاده
ايلچي,كاراگاه
ايلچي,نائب
ايلچي,نماينده
ايم,ايم
ايما,ايما
ايمان,اسلوب
ايمان,ايمان
ايمان,راستي
ايمان,صداقت
ايمان,عقيده
ايمان,مذهب
ايماندار,اصلي
ايماندار,امين
ايماندار,اهل ايمان
ايماندار,ايماندار
ايماندار,بابك
ايماندار,تصديق
ايماندار,درست
ايماندار,درستكار
ايماندار,راد
ايماندار,راست
ايماندار,راستگو
ايماندار,رخت
ايماندار,صادق
ايماندار,صدق كردن
ايماندار,فرارون
ايماندار,مؤمن
ايماندار,معتبر
ايماندار,وفادار
ايماندار,پايبند
ايماندار,پاينده
ايمن,ايمن
ايمني,بخت
ايمني,خوشبختي
ايمني,خوشي
ايمني,سرور
ايمني,سعادت
ايمني,شادي
ايمني,مه
ايمني,نشاط
اين,اين
اينجا,اينجا
اينٹ,اجر
اينٹ,اخيز
اينٹ,الماس
اينٹ,خشت
اينٹ ورپ,بلجيم
اينٹ ورپ,بلژيك
اينٹ ورپ,لوتارنژي
اينٹ ورپ,لوكزامبورگ
اينٹ ورپ,نامور
اينٹ ورپ,گاليا
اينٹوں,اجر
اينٹوں,اخيز
اينٹوں,خشت
اينٹيں,اجر
اينٹيں,اخيز
اينٹيں,خشت
اينچنين,اينچنين
اينچين,اينچين
ايو,طول
ايو,عمر
ايو,كوتاه
ايو,متمادي
ايو,مدت
ايو,مكه
ايوان,ابانبار
ايوان,ايوان
ايوان,بارگاه
ايوان,برامده
ايوان,تارمي
ايوان,تالار
ايوان,حجره
ايوان,دالان
ايوان,سالن
ايوان,سراي
ايوان,سرسرا
ايوان,نمايشگاه
ايوان,پيش ايوان
ايوان,گالري
ايوان,گريچه
ايوب,ايوب
ايڈز,ايدز
ايڈس,ايدز
ايڈنبرا,اسكاتلند
ايڈنبرا,برطانيه
ايڈنبرا,بريتانيا
ايڈنبرا,بريتانياي كبير
ايڈنبرا,پادشاهي بريتانياي كبير
ايڑ,عقب
ايڑ,پاشنا
ايڑ,پاشنه
ايڑي,عقب
ايڑي,پاشنا
ايڑي,پاشنه
اٹا,ارت
اٹا,ارد
اٹا,دفعه
اٹا,سمد
اٹا,لواش
اٹا,ميده
اٹا,ناو
اٹا,پست
اٹاري,ايوان
اٹاري,بالكن
اٹاري,برامده
اٹاري,تراس
اٹاري,زيرشيرواني
اٹاچي,بار
اٹاچي,باربند
اٹاچي,جامهدان
اٹاچي,زاد
اٹاچي,وابسته
اٹاچي,چمدان
اٹك,اعتصاب
اٹك,بازدارنده
اٹك,حائل
اٹك,كابل
اٹك,مانع
اٹك,گير
اٹك,گير كردن
اٹكل,اتاله
اٹكل,بايد
اٹكل,حدس
اٹكل,حدس زدن
اٹكل,ظن
اٹكل,گمان
اٹچوك,انگنار
اٹچوك,ژاژ
اٹھ,هشت
اٹھ,هشتصد
اٹھ,هشد
اٹھارہ,هجده
اٹھارہ,هژده
اٹھانا,ارود كردن
اٹھانا,اسانسور
اٹھانا,استفهام انكاري
اٹھانا,افراختن
اٹھانا,افراشتن
اٹھانا,بار
اٹھانا,بالا اوردن
اٹھانا,برائت
اٹھانا,برداشتن
اٹھانا,برچيدن
اٹھانا,بلند كردن
اٹھانا,تعيين
اٹھانا,تكليف
اٹھانا,تنگ
اٹھانا,جواب
اٹھانا,جواب دادن
اٹھانا,دزدي كردن
اٹھانا,دزديدن
اٹھانا,دو تا هندوانه را با يك دست برداشتن
اٹھانا,ربودن
اٹھانا,زحمت نكشيد
اٹھانا,زدودن
اٹھانا,ستور
اٹھانا,سرقت كردن
اٹھانا,عهده
اٹھانا,فيوت كردن
اٹھانا,كلنت
اٹھانا,كودن
اٹھانا,كپيدن
اٹھانا,لفت
اٹھانا,لوت كردن
اٹھانا,متعهد
اٹھانا,مسئوليت
اٹھانا,مضراب
اٹھانا,مگر
اٹھانا,پاسخ
اٹھانا,پروردن
اٹھانا,پرورش دادن
اٹھانا,چاره
اٹھانا,چاپ
اٹھانا,چهارپا
اٹھانا,چيدن
اٹھانا,گردن
اٹھنا,افراختن
اٹھنا,افراشتن
اٹھنا,افزايش
اٹھنا,بالا اوردن
اٹھنا,بالا رفتن
اٹھنا,بربردن
اٹھنا,برخاستن
اٹھنا,برداشتن
اٹھنا,بلند شدن
اٹھنا,بلند كردن
اٹھنا,حجاز
اٹھنا,خاستن
اٹھنا,خيز
اٹھنا,دست دادن
اٹھنا,سر زدن
اٹھنا,طلوع
اٹھنا,پروردن
اٹھنا,پرورش دادن
اٹھواں,ابان
اٹھواں,نت چنگ
اٹھواں,هشتم
اٹھويں ترميم,احمدينژاد
اٹھويں ترميم,اصلي
اٹھويں ترميم,تاله
اٹھويں ترميم,توليد ناخالص ملي
اٹھويں ترميم,جدا كردن
اٹھويں ترميم,حقيقي
اٹھويں ترميم,حل شدن
اٹھويں ترميم,حل كردن
اٹھويں ترميم,دهلي
اٹھويں ترميم,دهيار
اٹھويں ترميم,رئيس
اٹھويں ترميم,رئيسجمهور
اٹھويں ترميم,رفسنجاني
اٹھويں ترميم,سرود ملي
اٹھويں ترميم,صدر
اٹھويں ترميم,صدراعظم
اٹھويں ترميم,عنفوان
اٹھويں ترميم,فاخر
اٹھويں ترميم,كاخ سفيد
اٹھويں ترميم,كاردار
اٹھويں ترميم,كلك كسي را كندن
اٹھويں ترميم,كنكور
اٹھويں ترميم,محرك بيحركت
اٹھويں ترميم,معتبر
اٹھويں ترميم,ملي
اٹھويں ترميم,نخستوزير
اٹھويں ترميم,هشتن
اٹھويں ترميم,واقعي
اٹھويں ترميم,وزير
اٹھويں ترميم,وزير اعظم
اٹھويں ترميم,وزير خارجه
اٹھويں ترميم,وطني
اٹھويں ترميم,ولايت فقيه
اٹھويں ترميم,پوتين
اپ,اتخاذ
اپ,برطانيه
اپ,بريتانيا
اپ,تحصن
اپ,جمله
اپ,خود را گول زدن
اپ,خود نوشتن
اپ,خويش
اپ,سينگل
اپ,شما
اپ,عيني
اپ,فولادي
اپ,قصد
اپ,متحصن
اپ,منظور
اپ,هدف
اپ,پرداختن
اپ كا,ترا
اپ كا,را
اپ كا,مرا
اپا,ابجي
اپا,اغا
اپا,باجي
اپا,بزرگتر
اپا,خانگاه
اپا,سيستان
اپا,كاكا
اپا,كلان
اپا,پا به سن گذاشتن
اپا,چترنگ
اپاسك,عابد
اپاسك,مهر
اپاسك,پرست
اپاسك,پرستار
اپاہج,توقف
اپاہج,جانباز
اپاہج,جانبازان
اپاہج,رام
اپاہج,شل
اپاہج,قطع كردن
اپاہج,كلته
اپاہج,لنگ
اپاہج,متوقف كردن
اپاہج,معلول
اپاہج,گل
اپج پانا,رستن
اپج پانا,سبز شدن
اپدهان,التزام
اپدهان,التفات
اپدهان,بالش
اپدهان,بالين
اپدهان,بايد
اپدهان,تعهد
اپدهان,تكيه
اپدهان,خوبي
اپدهان,دلبستگي
اپدهان,رخم
اپدهان,رعايت
اپدهان,زهر
اپدهان,سم
اپدهان,شرنگ
اپدهان,شوق
اپدهان,عاطفه
اپدهان,علاقه
اپدهان,علاقه داشتن
اپدهان,عنايت
اپدهان,فرض
اپدهان,قيد
اپدهان,كوسن
اپدهان,لطف
اپدهان,محبت
اپدهان,مراعات
اپدهان,مسند
اپدهان,ملاطفت
اپدهان,منت
اپدهان,مهر
اپدهان,مهرباني
اپدهان,نيكي
اپدهان,وظيفه
اپدهان,پشتي
اپديش,استفتاء
اپديش,اطلاع
اپديش,تعليم
اپديش,تلقين
اپديش,حكمت
اپديش,كنگاش
اپديش,مصلحت
اپديش,معرفت
اپديش,معلمي
اپديش,نصيحت
اپديش,پند
اپديش,پيشنهاد
اپديش دينا,تعليم
اپديش دينا,تلقين
اپديش دينا,معرفت
اپديش دينا,معلمي
اپرادھ,اشتباه
اپرادھ,بار
اپرادھ,تقصير
اپرادھ,خدشه
اپرادھ,خرده گرفتن
اپرادھ,خطا
اپرادھ,خلاف
اپرادھ,عيب
اپرادھ,مرتكب
اپرادھ,مرتكب شدن
اپرادھ,مقصر
اپرادھي,بزهكار
اپرادھي,جنايتكار
اپرادھي,عاصي
اپرادھي,كلاش
اپرادھي,كيفري
اپرادھي,لانه
اپرادھي,متخلف
اپرادھي,مجرم
اپرادھي,مقصر
اپرادھي,گناهكار
اپرمپار,بيكران
اپرمپار,گرودمان
اپريل,اوريل
اپريل,اپريل
اپريل,ثور
اپريل,نيسان
اپلبدھ,به دست امدن
اپلبدھ,تازه
اپلبدھ,قدرت هستهاي
اپلبدھ,موجود
اپلبدھ,ميسر
اپنا,اتخاذ
اپنا,تحصن
اپنا,خود را گول زدن
اپنا,خود نوشتن
اپنا,خويش
اپنا,زحمت نكشيد
اپنا,متحصن
اپنا,پرداختن
اپنا حصہ ادا كرنا,اليختن
اپنا حصہ ادا كرنا,سكيزه
اپنا حصہ ادا كرنا,سكيزيدن
اپنا حصہ ادا كرنا,شوت
اپنا حصہ ادا كرنا,لغت
اپنا حصہ ادا كرنا,لگد
اپنا ملك,كشور
اپنا ملك,ميهن
اپنا ملك,وطن
اپنانا,مكيدن
اپنانا,گواشتن
اپني خير منانا,تماشا
اپني خير منانا,تماشي
اپني خير منانا,رفتار
اپني خير منانا,قدم
اپني خير منانا,ناو
اپني خير منانا,چوبدست
اپني غلطي سے,اشتباه
اپني غلطي سے,بار
اپني غلطي سے,تقصير
اپني غلطي سے,خدشه
اپني غلطي سے,خرده گرفتن
اپني غلطي سے,خطا
اپني غلطي سے,عيب
اپني غلطي سے,مقصر
اپنيتر,عينك
اپنے اپ,اتخاذ
اپنے اپ,تحصن
اپنے اپ,خود را گول زدن
اپنے اپ,خود نوشتن
اپنے اپ,خودكار
اپنے اپ,خويش
اپنے اپ,زحمت نكشيد
اپنے اپ,قبرس شمالي
اپنے اپ,قشمير
اپنے اپ,كريمه
اپنے اپ,كشمير
اپنے اپ,متحصن
اپنے اپ,پرداختن
اپنے تئيں,زحمت نكشيد
اپنے ہي تك ركھنا,اتخاذ
اپنے ہي تك ركھنا,تحصن
اپنے ہي تك ركھنا,خود را گول زدن
اپنے ہي تك ركھنا,خود نوشتن
اپنے ہي تك ركھنا,خويش
اپنے ہي تك ركھنا,متحصن
اپنے ہي تك ركھنا,پرداختن
اپواس,بوجي موجي
اپواس,روزه
اپواس,فقره
اپواس,مثل
اپواس,مورد
اپواس,موقع
اپواس,نمونه
اپواس,پرهيز
اپون,پارك
اپون,پاركينگ
اپي,ابجي
اپي,اغا
اپي,باجي
اپي,بزرگتر
اپي,خانگاه
اپي,سيستان
اپي,كاكا
اپي,كلان
اپي,پا به سن گذاشتن
اپي,چترنگ
اپيوگ,اعمال
اپيوگ,برنامه
اپيوگ,درخواست
اپيوگ,كاربرد
اچار,اچار
اچار,ترشي
اچار,كامه
اچاريہ,دانشمند
اچاريہ,شاگرد
اچاريہ,محقق
اچانك,تكان
اچانك,تلميح
اچانك,دچار
اچانك,سانحه
اچانك,شاهنامه اخرش خوشه
اچانك,شغال باران
اچانك,شگرف
اچانك,قشقرق
اچانك,متغير
اچانك,ناگاه
اچانك,ناگهان
اچانك,نمايشي
اچانك,يكدفعه
اچانك,يهو
اچانك,يهويي
اچانك حملہ,قبض
اچانك شورش,كودتا
اچانك شورش,كوپه
اچانك طور پر,شاهنامه اخرش خوشه
اچاٹ,بيروح
اچاٹ,بيزار
اچاٹ,جدا
اچاٹ,جدا شدن
اچاٹ,حزين
اچاٹ,حوصله سر رفتن
اچاٹ,خراب
اچاٹ,داغون
اچاٹ,دست و پا شكسته
اچاٹ,دلسرد
اچاٹ,دلگير
اچاٹ,دژم
اچاٹ,رنجيدن
اچاٹ,شكسته
اچاٹ,غمناك
اچاٹ,كارتنخواب
اچاٹ,كارتنخوابي
اچاٹ,كند
اچاٹ,منثور
اچاٹ,ميده
اچاٹ,ناراضي
اچاٹ,پوستكلفت
اچاٹ,چهارباغ
اچاٹ,گسسته
اچت,تنگ
اچت,جور
اچت,درخور
اچت,مكافات
اچت,مناسب
اچك,خيزان
اچك,سند
اچك,طالع
اچك,كابل
اچك,ماهور
اچك اچك كر چلنا,اشكيل
اچك اچك كر چلنا,چدار
اچكنا,اتش گرفتن
اچكنا,اجرا كردن
اچكنا,اليختن
اچكنا,برجسته
اچكنا,بردن
اچكنا,به جا اوردن
اچكنا,به چشم خوردن
اچكنا,بي گدار به اب زدن
اچكنا,جستن
اچكنا,حمل كردن
اچكنا,خيز
اچكنا,درگرفتن
اچكنا,سرما خوردن
اچكنا,سكيزه
اچكنا,سكيزيدن
اچكنا,ضامن
اچكنا,ماهي را هر وقت از اب بگيري تازه است
اچكنا,وار
اچكنا,وشتن
اچكنا,پار
اچكنا,پرش
اچكنا,پريدن
اچكنا,گذاشتن
اچكنا,گرفتن
اچكنا,گير
اچكيريہ,اذربايجان
اچكيريہ,باختر
اچكيريہ,دمه
اچكيريہ,سكاستان
اچكيريہ,كردستان
اچكيريہ,پادشاهي بريتانياي كبير
اچنبھا,اوه
اچنبھا,تعجب
اچنبھا,حيرت
اچنبھا,خيره كردن
اچنبھا,سورپرايز
اچنبھا,سورپريز
اچنبھا,شگفت
اچنبھا,عجب
اچنبھا,كه
اچنبھا,متحير كردن
اچنبھا,مگر
اچنبھا,پشمام
اچھا,اراده
اچھا,تمايل
اچھا,جهتگيري
اچھا,حسابي
اچھا,دماغ
اچھا,سر و برگ
اچھا,شوق
اچھا,معقول
اچھا,ميل
اچھا,نه پس
اچھا,هوس
اچھا,واقعا
اچھا,گرايش
اچھا پن,جودت
اچھا پن,حسن
اچھا پن,خاصگي
اچھا پن,خوبي
اچھا پن,شگرفي
اچھا پن,صلاح
اچھا پن,فضل
اچھا پن,كمال
اچھا پن,نيكي
اچھا پن,هنر
اچھائي,بخاطر
اچھائي,تقوا
اچھائي,تقوي
اچھائي,حسن
اچھائي,خاصيت
اچھائي,خوبي
اچھائي,سزا
اچھائي,سزيدن
اچھائي,صلاح
اچھائي,فضل
اچھائي,نيكي
اچھائي,هنر
اچھائي,پارتي بازي
اچھالنا,افكندن
اچھالنا,رونمايي
اچھالنا,لانسه
اچھالنا,لوليدن
اچھالنا,پرتاب
اچھل كود,بكنبكن
اچھل كود,تكان
اچھل كود,جق زدن
اچھل كود,خيره كردن
اچھل كود,سپرخي
اچھل پڑنا,برجسته
اچھل پڑنا,جستن
اچھل پڑنا,سكيزه
اچھل پڑنا,سكيزيدن
اچھل پڑنا,پار
اچھل پڑنا,پرش
اچھل پڑنا,پريدن
اچھلتا,جهان
اچھلتا,خيزان
اچھلنا,اليختن
اچھلنا,برجسته
اچھلنا,بي گدار به اب زدن
اچھلنا,جستن
اچھلنا,خيز
اچھلنا,سكيزه
اچھلنا,سكيزيدن
اچھلنا,وشتن
اچھلنا,پار
اچھلنا,پرش
اچھلنا,پريدن
اچھوت,اواره
اچھوت,بدمعاش
اچھوت,شقي
اچھوت,ياغي
اچھوتا,باكره
اچھوتا,بكر
اچھوتا,تك
اچھوتا,دخت
اچھوتا,دست نخورده
اچھوتا,دوشيزه
اچھوتا,واحد
اچھوتا,يكتا
اچھوتا,يوسف
اچھوتا,يگانه
اچھوتي,دوشيزه
اچھي,معقول
اچھي طرح سے,پوره
اچھے,معقول
اڈا,اساس
اڈا,بيخ
اڈا,ته
اڈا,ريشه
اڈا,زيربنا
اڈا,شيب
اڈا,فرودگاه
اڈا,فرومايه
اڈا,مبنا
اڈا,ميدان هوايي
اڈا,پايه
اڈا,پايگاه
اڈا,گيت
اڑان,فرار
اڑان,پرواز
اڑان,گريز
اڑانا,اتلاف
اڑانا,از بين بردن
اڑانا,اواره
اڑانا,برباد دادن
اڑانا,تراشتن
اڑانا,ترك
اڑانا,تركاندن
اڑانا,تركيدن
اڑانا,خراب
اڑانا,خراب كردن
اڑانا,خراو
اڑانا,ستردن
اڑانا,منفجر كردن
اڑانا,نابود كردن
اڑانا,هلاك
اڑانا,گداختن
اڑنا,برخورد
اڑنا,حسابي
اڑنا,درگيري
اڑنا,زد و خورد
اڑنا,سفت
اڑنا,سمج
اڑنا,فروماندن
اڑنا,كشمكش
اڑنا,لامپ
اڑنا,مانيد
اڑنا,مداخله كردن
اڑنا,مريد
اڑنا,نه پس
اڑنا,واقعا
اڑنا,يله كن
اڑنا,چسبيدن
اڑنا,چسپيدن
اڑنا,گير كردن
اڑو,شفتالو
اڑو,هلو
اڑھائي,تنگ
اڑھائي,دانگ
اڑھائي,قلم كردن
اڑھائي,مصراع
اڑھائي,نت سفيد
اڑھائي,نصف
اڑھائي,نيم
اڑھائي,نيم بوسه
اڑھائي,نيم پرده
اڑھائي,نيمه
اژدہا,اژدر
اژدہا,اژدها
اژدہا,شكنج
اژدہا,شيطانه
اژدہا,مار
اژدہا,مر
اژدہا,ميوه اژدها
اژدہا,چنبره
اژدہام,انبوه
اژدہام,توده
اژدہام,جرم
اژدہام,حجم
اژدہام,رسانههاي گروهي
اژدہام,من
اژدہام,ها
اژدہام,چارك
اژدہام,گروهي
اژدہو,اژدر
اژدہو,اژدرها
اژدہوں,اژدر
اژدہوں,اژدرها
اژدہے,اژدر
اژدہے,اژدرها
اگ,اتشدان
اگ,الاوه
اگ,الو
اگ,تف
اگ,خشم
اگ,دنيدن
اگ,زبانه
اگ,سام
اگ,شعله
اگ,عصبانيت
اگ,علو
اگ,غضب
اگ,فشاري
اگ,وار
اگ,گر
اگ سے بپتسمہ,تعميد
اگ سے بپتسمہ,غسل تعميد
اگار,ابانبار
اگار,انبار
اگار,بارگاه
اگار,بنه
اگار,بودباش
اگار,تارمي
اگار,تالار
اگار,جان نثار
اگار,جايگاه
اگار,حجره
اگار,خزانه
اگار,خزينه
اگار,دالان
اگار,دكان
اگار,ديندار
اگار,ذخيره
اگار,ذخيره كردن
اگار,سالن
اگار,سراي
اگار,سرداب
اگار,سرسرا
اگار,عابد
اگار,فروشگاه
اگار,كلبه
اگار,مخلص
اگار,مسكن
اگار,مقام
اگار,مقر
اگار,منزل
اگار,چايدان
اگار,گريچه
اگار,گنج
اگار,گنجينه
اگاہ,اهل علم
اگاہ,اگاه
اگاہ,اگاهيدن
اگاہ,بلد
اگاہ,خبردار
اگاہ,سواد
اگاہ,عالم
اگاہ,عرفان
اگاہ,عليم
اگاہ,قلاووز
اگاہ,ملتفت
اگاہ,هوشمند
اگاہ,هوشيار
اگاہ,واقف
اگاہ,وقوف
اگاہ,ويرا
اگر,اگر
اگربتي,بخور
اگربتي,سريش
اگربتي,شمع
اگربتي,عود
اگربتي,فوت كردن
اگربتي,موم
اگرچہ,اگرچه
اگرچہ,با اين كه
اگرچہ,را
اگرچہ,هرچند
اگرہ,سبك هندي
اگرہ,نمكگير
اگرہ كرنا,دستگير كردن
اگرہ كرنا,ربودن
اگرہ كرنا,كپيدن
اگرہ كرنا,گرفتن
اگست,اب
اگست,اوت
اگست,اگست
اگست,اگوست
اگلا,بعد
اگلا,بعدي
اگلا,ديگر
اگلا,سزيم
اگلا,كنار
اگلا,نزد
اگلا,پسين
اگلي,بعد
اگلي,بعدي
اگلي,ديگر
اگلي,سزيم
اگلي,كنار
اگلي,نزد
اگلي,پسين
اگلے,بعد
اگلے,بعدي
اگلے,ديگر
اگلے,سزيم
اگلے,كنار
اگلے,نزد
اگلے,پسين
اگن,التهاب
اگن,باد
اگن,جحيم
اگن,جهنم
اگن,دوزخ
اگن,زقوم
اگن,سقر
اگن,نه بابا
اگيان,احمق
اگيان,اعمي
اگيان,بيخبر
اگيان,تجاهلالعارف
اگيان,جاهل
اگيان,حماقت
اگيان,دنگل
اگيان,سرسري
اگيان,كانا
اگيان,مزخرف
اگيان,نادان
اگيان,ياوه
اگيان,پوچ
اگيان,گيج
اگيان پن,تجاهلالعارف
اگيان پن,حماقت
اگھات,اذيت
اگھات,استرس
اگھات,اسيب
اگھات,افگار
اگھات,اوگار
اگھات,تاكيد
اگھات,تكيه
اگھات,خسران
اگھات,خليدن
اگھات,درد كردن
اگھات,درد گرفتن
اگھات,زيان
اگھات,شخودن
اگھات,صدمه
اگھات,ضرر
اگھات,مضرت
اگھات,◌ؖ
اگے,جلو
اگے,فرارون
اگے,پيش
اگے,پيش امدن
اگے,پيش رفتن
اہ,اه
اہ,اه كشيدن
اہ,رو
اہ,ناله
اہ,ياس
اہستہ,ارام
اہستہ,ارامش
اہستہ,الفته
اہستہ,اهسته
اہستہ,اژگهان
اہستہ,تنبل
اہستہ,خاموش
اہستہ,خودكشي از ترس مرگ
اہستہ,دير
اہستہ,ديمه
اہستہ,سست
اہستہ,سكون
اہستہ,كاهل
اہستہ,كند
اہستہ,كونگشاد
اہستہ,لس
اہستہ,لطيف
اہستہ,مطمئن
اہستہ,نرم
اہستہ,نرم نرمك
اہستہ,يواش
اہستہ,يواش يواش
اہستہ,پفيوز
اہستہ,چپ
اہستہ,چپ شدن
اہستہ,گاماس
اہستہ,گاماس گاماس
اہستہ,گياخن
اہستہ اہستہ,رفته رفته
اہستہ اہستہ,كمكم
اہستہ اہستہ,يواش يواش
اہل ايمان,اعتقاد داشتن
اہل ايمان,باور كردن
اہل ايمان,به خدا اعتقاد داري
اہل ايمان,به خدا اعتقاد داريد
اہل ايمان,تعليم
اہل ايمان,تلقين
اہل ايمان,شيعه
اہل ايمان,معرفت
اہل ايمان,معلمي
اہل ايمان,چينود
اہليہ,خيانت
اہليہ,خيانت كردن
اہليہ,زوج
اہليہ,قرين
اہليہ,همسر
اہم,اصلي
اہم,اهم
اہم,بايستن
اہم,تاكيد
اہم,حياتي
اہم,دركار
اہم,رد
اہم,ضروري
اہم,كبير
اہم,كليدي
اہم,لازم
اہم,لازمه
اہم,مقتضا
اہم,مهم
اہم,ناموس
اہم,واجب
اہميت,اهميت
اہميت,قدر
اہنگ,اهنگ
اہنگ,خم
اہنگ,دستان
اہنگ,سواد
اہنگ,شهناز
اہنگ,صدد
اہنگ,طارم
اہنگ,طاق
اہنگ,طراحي كردن
اہنگ,طرح
اہنگ,قبةالصخره
اہنگ,قبه
اہنگ,قبه صخره
اہنگ,قوس
اہنگ,كام
اہنگ,كانون
اہنگ,كمان
اہنگ,كمر
اہنگ,كوم
اہنگ,لحن
اہنگ,مدل
اہنگ,نغمه
اہنگ,نقش
اہنگ,پيچ
اہنگ,گنبد
اہو,اهو
اہو,ايل
اہو,بره
اہو,شوكا
اہو,غزال
اہو,كل
اہو,نافه
اہو,نر
اہو,نيليگاو
اہو,گوزن
با,با
بائبل,انجيل
بائبل,ايه
بائبل,كتاب مقدس
بائبل,لوط
بائيسكل,دوچرخه
بائيسكل,دوچرخهسوار
باب,باب
بابا,بابا
بابا,ببا
بابا,بو
بابت,امر
بابت,با
بابت,بابت
بابت,حساب
بابت,در نظر گرفتن
بابت,درباره
بابت,دربند
بابت,درمورد
بابت,دفتر
بابت,را
بابت,راجع
بابت,راجع به
بابت,سادهانگاري
بابت,سر
بابت,سلام رساندن
بابت,شهادت
بابت,عائد به
بابت,عن
بابت,قضيه
بابت,ماجرا
بابت,مطلب
بابت,منظور
بابت,مهم
بابت,نسبت به
بابت,وسناد
بابت,پاس
بابت,گرفتار
بابت,گزارش
بابو,اغا
بابو,جناب
بابو,خان
بابو,خواجه
بابو,صاحب
بابو,كارمند
بابو,ميرزا
بات,امر
بات,بات
بات,تكلم
بات,تلفني
بات,قضيه
بات,قول
بات,ماجرا
بات,مثل
بات,مصاحبه
بات,مطلب
بات,مكالمه
بات,مهم
بات,ناز و نياز
بات,نشانه
بات,والسلام
بات,گرفتار
بات,گفتگو
بات,گپ
باتوني,وراج
باتوں,تكلم
باتوں,تلفني
باتوں,مصاحبه
باتوں,مكالمه
باتوں,ناز و نياز
باتوں,گفتگو
باتيں,تكلم
باتيں,تلفني
باتيں,مصاحبه
باتيں,مكالمه
باتيں,ناز و نياز
باتيں,گفتگو
باتچيت,تكلم
باتچيت,تلفني
باتچيت,مصاحبه
باتچيت,مكالمه
باتچيت,ناز و نياز
باتچيت,گفتگو
باتھروم,تشناب
باتھروم,حمام
باتھروم,دستشويي
باج,باج
باجا,ارشه
باجا,اركستر
باجا,رهبر اركستر
باجا,رژيم صهيونيستي
باجا,عدد
باجا,مونتاژ كردن
باجا,مين
باجي,ابجي
باجي,اغا
باجي,باجي
باجي,بزرگتر
باجي,خانگاه
باجي,سيستان
باجي,كاكا
باجي,كلان
باجي,پا به سن گذاشتن
باجي,چترنگ
باحق,باحق
باخبر,باخبر
باخت,باخت
باختر,باختر
باختر,بلخ
باختر,تخار
باختر,تخارستان
باختم,باختم
باختند,باختند
باختي,باختي
باد,باد
باد,تندباد
باد,دمه
باد,سوز
باد,صبا
باد,نسيم
بادا,بادا
بادام,بادام
بادام,بادم
بادام,لوز
بادام,چغاله
بادامي,بادام زميني
بادامي,كازو
بادبان,بادبان
بادبان,بادباني
بادباني,بادبان
بادباني,بادباني
بادباني,بلم
بادباني,جهاز
بادباني,زورق
بادباني,صندل
بادباني,قايق
بادباني,كرجي
بادباني,كشتي
بادباني,مركب
بادباني,ناو
بادباني,يدك
بادباني كشتي,بلم
بادباني كشتي,جهاز
بادباني كشتي,زورق
بادباني كشتي,صندل
بادباني كشتي,قايق
بادباني كشتي,كرجي
بادباني كشتي,كشتي
بادباني كشتي,مركب
بادباني كشتي,ناو
بادباني كشتي,يدك
بادشاہ,توجه
بادشاہ,حاكم
بادشاہ,ملكه حاكم
بادشاہ,ممالك محروسه ايران
بادشاہ,پادشاه
بادشاہت,تسلط
بادشاہت,حاكميت
بادشاہت,حكمراني
بادشاہت,دولت
بادشاہت,سروري
بادشاہت,سلطنت
بادشاہت,سلطه
بادشاہت,قلمرو
بادشاہت,كاخ باكينگهام
بادشاہت,كشورداري
بادشاہت,ملك
بادشاہت,ملكوت
بادشاہت,ممالك محروسه ايران
بادشاہت,گيرودار
بادل,ابر
بادل,ابرك
بادل,بادل
بادل,بوراب
بادل,طوفان
بادل,كولاك
بادل,مزنه
بادل,ميغ
بادلوں,ابر
بادلوں,ابرك
بادلوں,مزنه
بادلوں,ميغ
بادي,بادي
بادھا,اشكال
بادھا,افسار
بادھا,انسداد
بادھا,بازدارنده
بادھا,برامدن
بادھا,بررسي
بادھا,بررسي كردن
بادھا,بررسيدن
بادھا,تيغه
بادھا,حائل
بادھا,خونسرد
بادھا,دشواري
بادھا,ديفال
بادھا,ديوار
بادھا,ديوال
بادھا,دچار
بادھا,سهراهي
بادھا,سيمسيار
بادھا,قالب
بادھا,قطع
بادھا,كو
بادھا,كوي
بادھا,كيش
بادھا,مانع
بادھا,مبتلا
بادھا,مشكل
بادھا,پي
بادھا,چك
بادھا,گذراندن
بادھا,گير
بادھا,گير كردن
بار,اتفاق
بار,بار
بار,بوجي موجي
بار,تاور
بار,دفعه
بار,فقره
بار,مثل
بار,مورد
بار,موقع
بار,نمونه
بار,واقعه
باران,باران
باراں,باراني
باراں,بارسات
بارش,بارسات
بارش,بارش
بارش,بارندگي
بارش,باره
بارش,حاشيه رفتن
بارش,حمام
بارش,خيار چنبر
بارش,دوش
بارش,دوش گرفتن
بارش,رگبار
بارش,سقوط كردن
بارش,شاور
بارش,شاور گرفتن
بارش,شيب
بارش,صادر كردن
بارش,صلي الله عليه وسلم
بارش,غسل كردن
بارش,قضيه
بارش,مسئله
بارش,موضوع
بارود,باروت
بارود,دارو
باري,باري
باريد,باريد
باريك,باريك
باريك,برين
باريك,ترد
باريك,تنگ
باريك,دربند
باريك,دشنه
باريك,دقيق
باريك,ظريف
باريك,كيزه
باريك,نازك
باريك,نوار
باريك,چينود
بارہ,دوازده
بارہ,عتبات عاليات
بارہ,لوكزامبورگ
بارہ سنگا,شاخ
بارہا,اكثر
بارہا,بارها
بارہا,تمرين كردن
بارہا,دشنهاجين
بارہا,مرتب
بارہا,هي
بارہا,پرست
بارے ميں,درباره
بارے ميں,درمورد
بارے ميں,را
بارے ميں,راجع
بارے ميں,راجع به
بارے ميں,سر
بارے ميں,عائد به
بارے ميں,عن
باز,استاد
باز,اله
باز,اهل هنر
باز,اچار به دست
باز,با
باز,باز
باز,تخته
باز,خباره
باز,خرگاه
باز,دال
باز,رديف
باز,رند
باز,شاهين
باز,شهباز
باز,عريض
باز,عقاب
باز,عقاب فيليپيني
باز,فراخ
باز,قوش
باز,كارامد
باز,ماهر
باز,مكانيك
باز,نسر
باز,واز
باز,وب
باز,وسيع
باز,پهن
باز,گشاد
باز رسي,بازخورد
بازار,بازار
بازار,بازاري
بازار,تيمچه
بازار,حجره
بازار,حراج
بازار,خريدار
بازار,رواني
بازار,ماركيت
بازار,معرض
بازار,نرخ
بازاروں,بازار
بازاروں,خريدار
بازاروں,رواني
بازاروں,ماركيت
بازاروں,معرض
بازاروں,نرخ
بازاري,بازاري
بازان,بازان
بازد,بازد
بازم,بازم
بازو,ارزشي
بازو,استين
بازو,باب
بازو,بار
بازو,بازو
بازو,بال
بازو,جامه
بازو,جندره
بازو,حامي
بازو,در
بازو,در به دري
بازو,دربند
بازو,درع
بازو,دروازه
بازو,دريچه
بازو,دستگير
بازو,سرسرا
بازو,طرفدار
بازو,فراكسيون
بازو,فن
بازو,قبا
بازو,قميص
بازو,كما
بازو,كمر
بازو,لباس
بازو,مانتو
بازو,مخلص
بازو,مشته
بازو,معين
بازو,ملبوس
بازو,مچ
بازو,پارتي
بازو,پر
بازو,پرنده پر نميزد
بازو,پشتيبان
بازو,پهلو
بازو,چارچوب
بازو,گليم
بازوبند,ابرنجن
بازوبند,النگو
بازوبند,بازوبند
بازوبند,دستبند
بازوي,بازوي
بازي,بازي
بازي,گرو
بازياب,بازياب
بازيابي,بازيابي
بازيم,بازيم
بازگير,بازگير
باسن,تخار
باسن,حوض
باسن,حوضك
باسن,ظرفشويي
باسن,ناو
باش,باش
باشد,باشد
باشم,باشم
باشندہ,اراكي
باشندہ,اهل
باشندہ,باشنده
باشندہ,بنگالي
باشندہ,رازي
باشندہ,ساكن
باشندہ,كارت سبز
باشندہ,كافر
باشندہ,مشهدي
باشندہ,مقيم
باشندہ,هندو
باشندہ,گجراتي
باشندہ,گرين كارت
باشي,باشي
باطل,باطل
باطن,باطن
باطنش,باطنش
باعث,اساس
باعث,باعث
باعث,بنياد
باعث,بنيان
باعث,دستاويز
باعث,دستور
باعث,مايه
باعث,مبنا
باعث,مستند
باعث,پايه
باغ,باغ
باغ,كنام
باغ,نخلستان
باغ,پاليز
باغان,باغان
باغبان,باغبان
باغوں,باغ
باغوں,پاليز
باغي,بيوفا
باغي,خائن
باغي,خيانتكار
باغي,شقي
باغي,شكرستان
باغي,شورشي
باغي,شوريدن
باغي,نخلستان
باغي,وطنفروش
باغي,ياغي
باغي,پاليز
باغيچہ,باغچه
باغيچہ,گز
بافان,بافان
بافت,بافت
باقاعدہ,تردد
باقاعدہ,ريجكس
باقاعدہ,مرتب
باقاعدہ,مصدر جعلي
باقاعدہ,منظم
باقاعدہ,نماز
باقاعدہ,نماز خواندن
باقاعدہ,يدن
باقاعدہ,پيشه
باقي,استثنايي
باقي,اضافه
باقي,باقي
باقي,برجسته
باقي,ترازو
باقي,تراويح
باقي,تعادل
باقي,داغ
باقي,دخمه
باقي,دست
باقي,راست
باقي,سلامت
باقي,سياهي لشكر
باقي,شاهكار
باقي,فاخر
باقي,ماندني
باقي,مانده
باقي,مانيد
باقي,ميزان
باقي,چپ
باقي,چپه
باك,باك
باكرہ,باكره
باكرہ,بكر
باكرہ,دخت
باكرہ,دست نخورده
باكرہ,دوشيزه
باكرہ,يوسف
باكو,باكو
باكي,باكي
بال,بال
بال,فراكسيون
بال,پر
بال,پرنده پر نميزد
بال بچے,اولاد
بال بچے,غريبي كردن
بال بچے,غول
بال بچے,كوزهگر از كوزه شكسته اب ميخورد
بال بچے,لالا
بال بچے,والدين
بالا,بالا
بالاتر,بالاتر
بالاتري,بالاتري
بالاخر,اخر
بالاخر,بالاخره
بالاخر,سرانجام
بالاخر,عاقبت
بالاخر,لاجرم
بالاي,بالاي
بالد,بالد
بالش,بالش
بالش,بالين
بالش,تكيه
بالش,كوسن
بالش,مسند
بالش,پشتي
بالغ,بالغ
بالغ,بزرگسال
بالغ,سوپر
بالغ,مرد
بالفرض,بحث
بالفرض,بوجي موجي
بالفرض,جنگ
بالفرض,دعوا
بالفرض,دليل
بالفرض,فقره
بالفرض,مثل
بالفرض,مسلم
بالفرض,مشاجره
بالفرض,مورد
بالفرض,موقع
بالفرض,نمونه
بالفرض,پرخاش
بالفعل,ج.ا
بالفعل,جاري
بالفعل,جريان
بالفعل,حاضر
بالفعل,حالا
بالفعل,حالي
بالفعل,حاليا
بالفعل,دلكو
بالفعل,رايج
بالفعل,سيلاب
بالفعل,فعلا
بالفعل,فعلي
بالفعل,كنوني
بالفعل,پوتين
بالكل,بالكل
بالكل,بكنبكن
بالكل,كل
بالكل,مطلقا
بالكل,پوره
بالميكي,صاحب
بالميكي,صاحب اين قلم
بالميكي,فردوسي
بالميكي,مؤلف
بالميكي,نويسنده
بالميكي,پاول
بالميكي,پولس
بالميكي,گوينده
بالي,بالي
بالي,بلال
بالي,خوشه
بالي,درون
بالي,ذرت
بالي,سنبله
بالي,غله
بالي,كود
بالي,منگوش
بالي,ميخچه
بالي,ورز
بالي,گوشواره
بالي وڈ,باليوود
باليد,باليد
باليدن,باليدن
باليدگي,باليدگي
بالين,بالين
بالٹي,دلو
بالٹي,دول
بالٹي,دولچه
بالٹي,سطل
بالٹي,سلط
بام,بام
بامش,بامش
بامن,بامن
بامي,بامي
بان,بان
بانداز,بانداز
باندھنا,بافتن
باندھنا,بستن
باندھنا,بسته
باندھنا,بند كردن
باندھنا,تسخير كردن
باندھنا,جفت
باندھنا,زوج
باندھنا,فتراك
باندھنا,فراگرفتن
باندھنا,قيطان
باندھنا,كفش
باندھنا,كلپچه
باندھنا,ميزان
باندھنا,مچ
باندھنا,نيفه
باندھنا,پايه
باندھنا,پرگار
باندھنا,پوشاندن
باندھنا,پيختن
باندھنا,پيوستن
باندھنا,پيچيدن
باندھنا,چوتي
باندھنا,گرس
باندھنا,گيس
باندھنا,گيس بافته
بانس,بانس
بانسري,بانس
بانسري,ناي
بانسري,ني
بانسو,بانس
بانسوں,بانس
بانو,اغا
بانو,بانو
بانو,بي بي
بانو,بيبي
بانو,بيگم
بانو,خاتون
بانو,خانم
بانو,خانهدار
بانو,كدبانو
باني,باني
باني,بنيانگذار
باني,واضع
باني,واقف
بانٹنا,بخشيدن
بانٹنا,تقسيم كردن
بانٹنا,جدا كردن
بانٹنا,درون
بانٹنا,قسمت كردن
بانچنا,خوان
بانچنا,خواندن
بانچنا,سين
بانچنا,سين كردن
بانگ,بانگ
بانگ نماز,اذان
بانگ نماز,التفات
بانگ نماز,بانگ
بانہہ,استين
بانہہ,دستيار
بانہہ,دستگير
بانہہ,زند
بانہہ,كما
بانہہ,معين
بانہہ,يار
باواز,خروشيدن
باواز,فرياد كردن
باور,باور
باورچي,اشپز
باورچي,اشپزي كردن
باورچي,سراشپز
باورچي,پختن
باورچي,پزيدن
باورچي خانہ,اشپزخانه
باورچي خانہ,الماري
باورچي خانہ,ظرفشويي
باورچي خانہ,هويج
باياں,داغ
باياں,دست
باياں,راست
باياں,چپ
باياں,چپه
بايد,بايد
بايدت,بايدت
بايدش,بايدش
بايزيد,بايزيد
بايست,بايست
باين,باين
باٹ,رد
باٹ,سررشته
باٹ,پي
باٹ,پيست
باڑ,تودري
باڑ,حصار
باڑ,قدومه
باڑ,پرواس
باڑھ,ارتقا
باڑھ,ازدياد
باڑھ,اضافه
باڑھ,افزايش
باڑھ,افزايش يافتن
باڑھ,افزايش پيدا كردن
باڑھ,افزودن
باڑھ,اڤزودن
باڑھ,باد
باڑھ,بازاريابي
باڑھ,بالا رفتن
باڑھ,بربردن
باڑھ,برخاستن
باڑھ,بلند شدن
باڑھ,تبليغ
باڑھ,ترفيع
باڑھ,تورم
باڑھ,حجاز
باڑھ,خاستن
باڑھ,خيز
باڑھ,سام
باڑھ,سر زدن
باڑھ,سيل
باڑھ,سيلاب
باڑھ,سيلان
باڑھ,طلوع
باڑھ,طوفان
باڑھ,نوح
باڑھ,ورم
باڑھ,گواليدن
باڑہ ماركيٹ,اباد
باڑہ ماركيٹ,اراك
باڑہ ماركيٹ,اصلا
باڑہ ماركيٹ,انگ
باڑہ ماركيٹ,ايلي
باڑہ ماركيٹ,بارگنج
باڑہ ماركيٹ,بازار
باڑہ ماركيٹ,بدخشان
باڑہ ماركيٹ,برادري
باڑہ ماركيٹ,بضاعت
باڑہ ماركيٹ,بلخ
باڑہ ماركيٹ,بنام
باڑہ ماركيٹ,تركيببند
باڑہ ماركيٹ,توران
باڑہ ماركيٹ,تيره
باڑہ ماركيٹ,جاده
باڑہ ماركيٹ,جمهوري دموكراتيك كنگو
باڑہ ماركيٹ,جنس
باڑہ ماركيٹ,جيزه
باڑہ ماركيٹ,خامه
باڑہ ماركيٹ,خردسال
باڑہ ماركيٹ,خريدار
باڑہ ماركيٹ,ده
باڑہ ماركيٹ,را
باڑہ ماركيٹ,رخت
باڑہ ماركيٹ,رواني
باڑہ ماركيٹ,روزي از روزها
باڑہ ماركيٹ,زمينه
باڑہ ماركيٹ,سازه
باڑہ ماركيٹ,سرشناس
باڑہ ماركيٹ,سفرهخانه
باڑہ ماركيٹ,سلبريتي
باڑہ ماركيٹ,فتراك
باڑہ ماركيٹ,قاچاق
باڑہ ماركيٹ,قرنطينه
باڑہ ماركيٹ,قوس
باڑہ ماركيٹ,كالا
باڑہ ماركيٹ,كانتينر
باڑہ ماركيٹ,كوچ
باڑہ ماركيٹ,مابين
باڑہ ماركيٹ,ماركيت
باڑہ ماركيٹ,ماه
باڑہ ماركيٹ,مرخ
باڑہ ماركيٹ,مرغاب
باڑہ ماركيٹ,مشهور
باڑہ ماركيٹ,معرض
باڑہ ماركيٹ,معروف
باڑہ ماركيٹ,موجود
باڑہ ماركيٹ,موسوم
باڑہ ماركيٹ,ميان
باڑہ ماركيٹ,ميسر
باڑہ ماركيٹ,ميون
باڑہ ماركيٹ,نامدار
باڑہ ماركيٹ,نان
باڑہ ماركيٹ,نخستين
باڑہ ماركيٹ,نرخ
باڑہ ماركيٹ,هفتسين
باڑہ ماركيٹ,چهارباغ
باڑہ ماركيٹ,چينود
باڑہ ماركيٹ,گاليا
باڑہ ماركيٹ,گرگان
باڑہ ماركيٹ,گفته شدن
باگھ,ببر
باگھ,شير
باہر,بدر
باہر,بيرون
باہر,تماشا
باہر,خارج
باہر,مصلا
باہر والا,بدر
باہر والا,بيرون
باہر والا,تماشا
باہر والا,خارج
باہر والا,دلاك
باہر والا,رساندن
باہر والا,رسانيدن
باہر والا,رستوران
باہر والا,رستورانت
باہر والا,سفرهخانه
باہر والا,فتراك
باہر والا,فرياد رسيدن
باہر والا,فست فود
باہر والا,قهوهخانه
باہر والا,كارخانگي
باہر والا,مستخدم
باہر والا,مصلا
باہر والا,مهمان
باہر والا,هفتسين
باہر والا,هوتل
باہر والا,پرس
باہر والا,پيشخدمت
باہر والا,چايخانه
باہر والا,گارسون
باہمي,تفاهم
باہمي,حق نمك
باہمي,شگرد
باہمي,ياري
باہوبلي,باري
باہوبلي,خدا
باہوبلي,رع
باہوبلي,فرشته
باہوبلي,مهر
بباد,بباد
بباد,بحث
بباد,جنگ
بباد,دعوا
بباد,دليل
بباد,مبارزه
بباد,مبحث
بباد,مسابقه
بباد,مشاجره
بباد,مطرح
بباد,مطرح كردن
بباد,مناظره
بباد,پرخاش
بباد,گفتگو
بباد,گپ
ببازار,ببازار
بباغ,بباغ
ببال,ببال
ببخشد,ببخشد
ببرد,ببرد
ببرگ,ببرگ
ببست,ببست
ببند,ببند
ببين,ببين
ببيند,ببيند
ببيني,ببيني
ببھكشا,اشتها
ببھكشا,اعتصاب غذا
ببھكشا,گرسنگي
بت,بت
بت,تنديس
بت,دلدار
بت,شمايل
بت,صنم
بت,فرخار
بت,فغ
بت,كدبانو
بت,مجسمه
بت,معشوقه
بت,نرگس
بت,نرگس شهلا
بت,هيكل
بت خانہ,اباد
بت خانہ,اتشكده
بت خانہ,اذرابادگان
بت خانہ,بيت
بت خانہ,عبادتخانه
بت خانہ,كعبه
بت خانہ,كنشت
بت خانہ,معبد
بت خانہ,مهراوه
بت خانہ,هيكل
بت شكن,ارايش
بت شكن,بيروني
بت شكن,شير
بت شكن,كاربردي
بت شكن,محمود
بت شكن,مولانا
بت كدہ,اباد
بت كدہ,اتشكده
بت كدہ,اذرابادگان
بت كدہ,بيت
بت كدہ,عبادتخانه
بت كدہ,كعبه
بت كدہ,كنشت
بت كدہ,معبد
بت كدہ,مهراوه
بت كدہ,هيكل
بت پرست,بتپرست
بت پرست,شمن
بت پرستي,شرك
بتا,بتا
بتان,بتان
بتانا,اقامت داشتن
بتانا,اينا
بتانا,اگاهاندن
بتانا,بالا اوردن
بتانا,تكزنگ زدن
بتانا,خرج كردن
بتانا,دروغ گفتن
بتانا,راست گفتن
بتانا,روايت كردن
بتانا,زنده باد
بتانا,زندگي كردن
بتانا,زياد
بتانا,زيستن
بتانا,زيويدن
بتانا,سر كيسه را شل كردن
بتانا,شبستان
بتانا,شناختن
بتانا,صرف كردن
بتانا,كجا زندگي ميكنيد
بتانا,مصرف كردن
بتانا,نهيب زدن
بتانا,پرداختن
بتانا,پيمودن
بتانا,گذراندن
بتانا,گفتن
بتدريج,اهسته
بتدريج,بتدريج
بتدريج,خودكشي از ترس مرگ
بتدريج,رفته رفته
بتدريج,كمكم
بتدريج,يواش
بتدريج,يواش يواش
بتدريج,گاماس
بتدريج,گاماس گاماس
بترس,بترس
بتماشاي,بتماشاي
بتن,بتن
بتو,بتو
بتول,بتول
بتي,بتي
بتي,سريش
بتي,شمع
بتي,فوت كردن
بتي,قنديل
بتي,لامپ
بتي,مشكات
بتي,موم
بتي,چراغ
بتي,چراغ نفتي
بتي,چراغدان
بتگر,بتگر
بجا,بجا
بجائي,بجائي
بجائے,ازا
بجائے,بلكه
بجائے,به جاي
بجائے,تركيببند
بجائے,ركابي
بجائے,زرتشت
بجام,بجام
بجامش,بجامش
بجان,بجان
بجانم,بجانم
بجري,ريگ
بجري,ماسه
بجز,بجز
بجلوت,بجلوت
بجلي,ابرنجك
بجلي,اذرخش
بجلي,برق
بجلي,جريان
بجلي,صاعقه
بجلياں,برق
بجلياں,جريان
بجليوں,برق
بجليوں,جريان
بجنا,انگشتر
بجنا,اژير
بجنا,تكزنگ زدن
بجنا,حلقه
بجنا,حلقه ازدواج
بجنا,حلقه نامزدي
بجنا,خاتم
بجنا,زنگ
بجنا,زنگ زدن
بجنا,چنبره
بجنا,چپر
بجنگ,بجنگ
بجو,بجو
بجوي,بجوي
بجيب,بجيب
بجے,بجه
بجے,ساعت
بحث,بحث
بحث,جنگ
بحث,دعوا
بحث,دليل
بحث,مبحث
بحث,مشاجره
بحث,مطرح
بحث,مطرح كردن
بحث,مناظره
بحث,پرخاش
بحث,گپ
بحر,استقبال
بحر,اهنگ
بحر,بحر
بحر,خفيف
بحر,رجز
بحر,ريزموج
بحر,سنج
بحر,متقارب
بحر,وزن
بحر الكاہل,اسيا
بحر الكاہل,اقيانوس ارام
بحر الكاہل,واشنگتن
بحر اوقيانوس,افريقا
بحر اوقيانوس,اقيانوس اطلس
بحر اوقيانوس,ايسلند
بحر اوقيانوس,سائوتومه و پرنسيپ
بحر اوقيانوس,ليسبون
بحر منجمد شمالي,اقيانوس منجمد شمالي
بحر منجمد شمالي,شمالگان
بحران,بحران
بحران,موشعلي
بحرش,بحرش
بحرف,بحرف
بحرفي,بحرفي
بحرم,بحرم
بحرين,بحرين
بحرين,عربستان
بحرين,منامه
بحريہ,بحريه
بحريہ,سرمهاي
بحضور,بحضور
بحق,بحق
بخاتم,بخاتم
بخار,ابولا
بخار,بخار
بخار,بخاري
بخار,تب
بخار,تب كردن
بخار,تشويش
بخار,حاجي فيروز
بخار,خون خوردن
بخار,دق
بخار,دم
بخار,دود
بخار,سفرهخانه
بخار,سيگار كشيدن
بخار,كشيدن
بخار,مخملك
بخار,وشم
بخار,گاز
بخارا,بخارا
بخاري,بخاري
بخاك,بخاك
بخاكي,بخاكي
بخت,بخت
بختان,بختان
بختي,بختي
بخش,بخش
بخش,بخشش
بخش,بهر
بخش,داشن
بخش,سهم
بخش,قسمت كردن
بخش,نصيب
بخش,نيابه
بخش,پخش
بخشا,بخشا
بخشد,بخشد
بخشش,بخشش
بخشش,بخشودن
بخشش,بخشيدن
بخشش,عفو
بخشش,عفو كردن
بخشش,معذرت
بخشش,گذشتن
بخشند,بخشند
بخشي,بخشي
بخشيدمش,بخشيدمش
بخلوت,بخلوت
بخواب,بخواب
بخود,بخود
بخور,بخور
بخون,بخون
بخويش,بخويش
بخيريت,با خيال راحت
بخيل,بخيل
بد,بد
بد,شؤم
بد,شوم
بد اخلاق,اخلاق
بد اخلاق,ادا
بد اخلاق,اداب
بد اخلاق,ادب
بد اخلاق,بد اخلاق
بد اخلاق,تربيت
بد اخلاق,تعارف
بد اخلاق,تميز
بد اخلاق,دنگل
بد اخلاق,عراف
بد حواس,دستپاچه
بد حواس,عصباني
بد عمل,بازيگري
بد عمل,وضع
بد گنيا,تول
بد گنيا,خم
بد گنيا,خميده
بد گنيا,كج
بد گنيا,كژ
بد گنيا,چليپا
بد گنيا,گنگ
بدار,بدار
بدام,بدام
بدامان,بدامان
بدامانش,بدامانش
بدان,بدان
بداني,بداني
بدتر,بدتر
بدتر,عمره
بدتر,پول
بدتميز,احمق
بدتميز,بيادب
بدتميز,جنگره
بدتميز,خشن
بدتميز,دنگل
بدتميز,چيره
بدخشان,بدخشان
بدخشانم,بدخشانم
بددعا,سنه
بددعا,شنه
بددعا,فحش
بددعا,فرنه
بددعا,لعنت
بددعا,نفرين
بددعا,يمان
بدر,اجيل
بدر,اور
بدر,بخيدن
بدر,بدر
بدر,برگه
بدر,بيرون
بدر,تماشا
بدر,تمر
بدر,خارج
بدر,خامه
بدر,خشكبار
بدر,خوباني
بدر,زنجبيل
بدر,زنجفيل
بدر,سنجد
بدر,شنگوير
بدر,عناب
بدر,عنابي
بدر,غيبه
بدر,قروت
بدر,قولنجان
بدر,كشك
بدر,كنار
بدر,ماشاو
بدر,متقال
بدر,مصلا
بدر,مغز پسته
بدر,هلتاك
بدر,واخيدن
بدر,پخته
بدر,پمه
بدر,پنبه
بدر,پنبه الياف كوتاه اتازوني
بدر,گوشپاككن
بدرد,بدرد
بدرمان,بدرمان
بدريا,بدريا
بدست,بدست
بدستش,بدستش
بدصورت,بدرنگ
بدصورت,دژخيم
بدصورت,زشت
بدصورت,قبيح
بدصورت,ورخچ
بدظن,بدظن
بدعت,ارتداد
بدعت,بدعت
بدعت,مشهد
بدعت,مطابق
بدعت,منجي
بدعت,موافق
بدعت,نواوري
بدعت,نوح
بدعنواني,تحريف
بدعنواني,فساد
بدعنواني,مفسد في الارض
بدل,بدل
بدلنا,انتقال
بدلنا,حواله
بدلنا,دگرگون كردن
بدلنا,متحول كردن
بدلنا,گرداندن
بدلوانا,منتقل
بدلوانا,منتقل شدن
بدلوانا,گشتن
بدلہ,انتقام
بدلہ,تاوان
بدلہ,جبران
بدلہ,خونبها
بدلہ,ديه
بدلہ,عوض
بدلہ,غرامت
بدلہ,كوه به كوه نميرسد، ادم به ادم ميرسد
بدلہ,كين
بدلہ,پاداش
بدم,بدم
بدمست,بدمست
بدمعاش,بدمعاش
بدن,بدن
بدنام,بدنام
بدنام,رسوا
بدنامي,تهمت
بدنامي,رسوايي
بدنامي,شنار
بدنامي,قشقرق
بدند,بدند
بدنصيب,بدبخت
بدنصيب,كمبخت
بدنيت,شرارت
بدنيت,عداوت
بدنيت,كين
بدوش,بدوش
بدولت,اقايي
بدولت,ايثار
بدولت,بخشش
بدولت,جوانمردي
بدولت,دهش
بدولت,سخاوت
بدولت,كرم
بدولت,مروت
بدي,بدي
بدي,تنگ
بدي,دانگ
بدي,عيد فطر
بدي,قلم كردن
بدي,قمري
بدي,ماهي
بدي,مصراع
بدي,نت سفيد
بدي,نصف
بدي,نيم
بدي,نيم بوسه
بدي,نيم پرده
بدي,نيمه
بديع,اجنبي
بديع,اختراع
بديع,اخر الاخرين
بديع,الله
بديع,انا لله و انا اليه راجعون
بديع,اهورامزدا
بديع,باري
بديع,بديع
بديع,بزرگمهر
بديع,بوالعجب
بديع,بوذرجمهر
بديع,بيگانه
بديع,تك
بديع,ج.ا
بديع,جات
بديع,خاصه
بديع,خالق
بديع,دادار
بديع,ذات
بديع,شگرف
بديع,عجب
بديع,عجيب
بديع,غريب
بديع,فوقالعاده
بديع,كبير
بديع,كردگار
بديع,كروگر
بديع,كوارك شگفت
بديع,محاربه
بديع,مخترع
بديع,مخصوص
بديع,هزارگي
بديع,واحد
بديع,وار
بديع,واره
بديع,ورجاوند
بديع,وصف
بديع,ويژگي
بديع,يكتا
بديع,يگانه
بديع,چپه
بديع,گاليا
بديع,گين
بديم,بديم
بدين,بدين
بديوار,بديوار
بدھ,بودا
بدھ,بوذاسف
بدھ,چهارشنبه
بدھ,چهارشنبهسوري
بدھ مت,بلخ
بدھ مت,بوديسم
بدھائي,اداب
بدھائي,تبريك
بدھائي,تولد
بدھائي,تولدت مبارك
بدھائي,زادروز
بدھائي,سالروز
بدھائي,سالگرد
بدھائي,مولود
بدھائي,ميلاد
بدھوار,چهارشنبه
بدھوار,چهارشنبهسوري
بدھيا,اخته
بدھيا,پخته
بذوق,بذوق
بر,بر
برا,بدرنگ
برا,برا
برا,جابر
برا,حكمت
برا,دژخيم
برا,زشت
برا,ظالم
برا,عاصي
برا,قبيح
برا,كثيف
برا,كلانتر
برا,هندو
برا,ورخچ
برا,پارگين
برا,پرست
برا,پلاك
برا,پليد
برا,چتل
برا,چرك
برا,چركين
برا,گان
برا,گناهكار
برا منانا,تقصير
برائي,برائي
برابر,اشكوب
برابر,برابر
برابر,تاخير
برابر,خودكشي از ترس مرگ
برابر,درجه
برابر,درنگ
برابر,دول دادن
برابر,سطح
برابر,سپوختن
برابر,شاريدن
برابر,عربستان
برابر,فرسنگ
برابر,قطع
برابر,كوكو
برابر,لفت دادن
برابر,مجاور
برابر,مرتب
برابر,مرحله
برابر,مسطح
برابر,معطلي
برابر,هامون
برابر,هي
برات,ازدحام
برات,اسايشگاه
برات,انبوه
برات,برات
برات,بلوك
برات,بنه
برات,تشييع
برات,جايگاه
برات,جماعت
برات,جمع
برات,جمعيت
برات,جنجال
برات,دربار
برات,دنگل
برات,سامان
برات,شلوغي
برات,شيربها
برات,كاخ سفيد
برات,لانه
برات,وطن
برات,گوشي تلفن
برادر,برادر
برار,برار
برازيل,برازيل
برازيل,برزيل
برازيل,ريو دو ژانيرو
براعظمي,اقيانوسيه
براعظمي,امريكاي مركزي
براعظمي,شمالگان
برافروز,برافروز
براق,براق
براق,درخشان
براقي,براقي
برامد,صادر كردن
برامد,صادرات
برامدہ,ايوان
برامدہ,برامده
برامدہ,پيش ايوان
بران,بران
برانگيز,برانگيز
براي,براي
برايد,برايد
براہ راست,اقامت داشتن
براہ راست,اينا
براہ راست,راسا
براہ راست,زنده باد
براہ راست,زندگي كردن
براہ راست,زياد
براہ راست,زيستن
براہ راست,زيويدن
براہ راست,شيربها
براہ راست,صاف
براہ راست,كجا زندگي ميكنيد
برباد,اواره
برباد,برباد
برباد,تباه
برباد,خراب
برباد,خراو
برباد,سوختن
برباد,هلاك
برباد,ويران
برباد,ويرانه
بربادي,اتلاف
بربادي,اشغال
بربادي,اهريمن
بربادي,برانداختن
بربادي,برباد دادن
بربادي,بربادي
بربادي,تباهي
بربادي,تخريب
بربادي,تلف
بربادي,خرابي
بربادي,كثافت
بربادي,هلاك
بربادي,پرت
بربادي,پسماند
بربستم,بربستم
بربط,بربط
برتاؤ,اجرا
برتاؤ,ادب
برتاؤ,اعمال
برتاؤ,برنامه
برتاؤ,خلق
برتاؤ,درخواست
برتاؤ,رفتار
برتاؤ,روند
برتاؤ,سيرت
برتاؤ,كاربرد
برتاؤ,چالش
برتر,برتر
برتري,برتري
برتن,باژ
برتن,روزه
برج,برج
برج,بره
برج,ثور
برج,جدي
برج,دخمه
برج,دلو
برج,عقرب
برج,قوس
برج,كنگره
برحق,برحق
برخاست,اخراج
برخاست,ازاله
برخاست,برخاست
برخاست,بركنار
برخاست,رفع
برخاست,كشف
برخاستم,برخاستم
برخاستن,برخاستن
برخيا,برخيا
برخيز,برخيز
برخيزد,برخيزد
برد,برد
بردار,بردار
بردارد,بردارد
برداردش,برداردش
برداري,برداري
برداشت,برداشت
برداشت,تحمل
برداشت,حوصله
برداشت,شكيب
برداشت,شكيبائي
برداشت,صبر
برداشت,طاقت
برداشت,ظرف
برداشت,ژكفري
برداشت كرنا,تحمل كردن
برداشت كرنا,شكيفتن
برداشت كرنا,طاقت اوردن
برداشت كرنا,طاقت داشتن
بردم,بردم
بردن,بردن
بردند,بردند
بردوش,بردوش
بردي,بردي
برس,برس
برسات,بارسات
برسلز,بلجيم
برسلز,بلژيك
برسلز,لوتارنژي
برسلز,لوكزامبورگ
برسلز,نامور
برسلز,گاليا
برسنا,حمام
برسنا,خيار چنبر
برسنا,دوش
برسنا,دوش گرفتن
برسنا,رگبار
برسنا,شاور
برسنا,شاور گرفتن
برسنا,صلي الله عليه وسلم
برسنا,غسل كردن
برسي,سالروز
برسي,سالگرد
برسي,نشاني
برسي,يادبود
برسي,يادگار
برش,برس
برش,برش
برش,غرواس
برش,فرچه
برش,قطع
برش,كات
برش,يوسه
برش,پيراستن
برشكال,برشكال
برطانوي,استراليا
برطانوي,استرليا
برطانوي,استريليا
برطانوي,انگريز
برطانوي,انگريزي
برطانوي,بريتانيايي
برطانوي,تاسماني
برطانوي,روباه
برطانوي,سنگاپور
برطانوي,فوتباليست
برطانيہ,اسكاتلند
برطانيہ,البرز
برطانيہ,انگلستان
برطانيہ,ايرلند
برطانيہ,ايرلند شمالي
برطانيہ,برطانيه
برطانيہ,بريتانيا
برطانيہ,بريتانياي كبير
برطانيہ,بلوچستان
برطانيہ,حجاز
برطانيہ,سينگل
برطانيہ,فوتباليست
برطانيہ,فولادي
برطانيہ,قدمت
برطانيہ,مسكو
برطانيہ,مغرب
برطانيہ,واشنگتن
برطانيہ,يغناب
برطانيہ,پادشاهي بريتانياي كبير
برطانيہ,پيرامون
برطانيہ عظمي,اسكاتلند
برطانيہ عظمي,البرز
برطانيہ عظمي,انگلستان
برطانيہ عظمي,ايرلند
برطانيہ عظمي,ايرلند شمالي
برطانيہ عظمي,برطانيه
برطانيہ عظمي,بريتانيا
برطانيہ عظمي,بريتانياي كبير
برطانيہ عظمي,بلوچستان
برطانيہ عظمي,حجاز
برطانيہ عظمي,فوتباليست
برطانيہ عظمي,مسكو
برطانيہ عظمي,مغرب
برطانيہ عظمي,واشنگتن
برطانيہ عظمي,يغناب
برطانيہ عظمي,پادشاهي بريتانياي كبير
برطانيہ عظمي,پيرامون
برف,ابدار
برف,بامي
برف,برف
برف,برف امدن
برف,برف باريدن
برف,برفروب
برف,تابان
برف,تابش
برف,منير
برف باري,برف
برف باري,برف امدن
برف باري,برف باريدن
برف باري,برفروب
برفتادن,برفتادن
برفشار,بهمن
برق,ابرنجك
برق,اذرخش
برق,انتباه
برق,اژير
برق,باز
برق,برق
برق,بيدار
برق,بيدار شدن
برق,تك
برق,تكان
برق,تند
برق,تيز
برق,جريان
برق,روشن
برق,صاعقه
برق,فرز
برق,فعال
برق,كروش
برق,معلوم
برق,هوشيار
برق,پرتكاپو
برق,چابك
برق,چالاك
برق,چست
برقع,برقع
برقعہ,برقع
برقي,بار
برقي,برق
برقي,برقي
برقي,ترانسفورماتور
برقي,دلكو
برقي,ريشتراش
برقي,سيمكش
برقي,فن
برقي,لنت
برقي,مسواك برقي
برقي,مهندس برق
برقي,مهندسي برق
برقي,پنكه
برقي,ژنراتور
برقي جاروب كش,بار
برقي جاروب كش,برق
برقي جاروب كش,برقي
برقي جاروب كش,جارو
برقي جاروب كش,جاروب
برقي جاروب كش,جاروبرقي
برقي جاروب كش,خشكشويي
برقي جاروب كش,خلاء
برقي جاروب كش,دلكو
برقي جاروب كش,ريشتراش
برقي جاروب كش,سيمكش
برقي جاروب كش,مسواك برقي
برقي خانہ,بار
برقي خانہ,برق
برقي خانہ,برقي
برقي خانہ,تخمك
برقي خانہ,حجره
برقي خانہ,دلكو
برقي خانہ,ريشتراش
برقي خانہ,سلول
برقي خانہ,سلول بنيادي
برقي خانہ,سلول خورشيدي
برقي خانہ,سيمكش
برقي خانہ,مسواك برقي
برقي خانہ,ياخته
برقي خانہ,ياخته بنيادي
برقي خانہ,گلبول سفيد
برقي خانہ,گلبول قرمز
برقي ڈاك,ايميل
برقي ڈاك,پست
برقي ڈاك پتہ,ايميل
برقي ڈاك پتہ,پست
بركت,تبرك
بركت,دعا
بركت,صلي الله عليه وسلم
بركت,موهبت
بركت,نيايش
بركت,يمن
بركتوں,تبرك
بركتوں,دعا
بركتوں,صلي الله عليه وسلم
بركتوں,موهبت
بركتوں,نيايش
بركتوں,يمن
بركتيں,تبرك
بركتيں,دعا
بركتيں,صلي الله عليه وسلم
بركتيں,موهبت
بركتيں,نيايش
بركتيں,يمن
برلن,برلن
برلن,برلين
برم,برم
برما,برمه
برما,مته
برما,مشق
برما,ميانمار
برما,پرماه
برمنگھم,رم
برمنگھم,روم
برمنگھم,فلورانس
برمنگھم,قصبه
برنا,برنا
برنخاست,برنخاست
برند,برند
برنڈا,ايوان
برنڈا,برامده
برنڈا,پيش ايوان
برنگ,برنگ
برو,برو
بروخے,بلجيم
بروخے,بلژيك
بروخے,لوتارنژي
بروخے,لوكزامبورگ
بروخے,نامور
بروخے,گاليا
برودت,سردي
برودت,سرما
بروز,بروز
برون,برون
بروي,بروي
برويد,برويد
برويم,برويم
بري,بري
برياني,برياني
بريد,بريد
بريدن,بريدن
بريز,بريز
برين,برين
برٹش,استراليا
برٹش,استرليا
برٹش,استريليا
برٹش,انگريز
برٹش,انگريزي
برٹش,بريتانيايي
برٹش,تاسماني
برٹش,روباه
برٹش,سنگاپور
برٹش,فوتباليست
برچھا,خشت
برچھا,سنان
برچھا,شل
برچھا,نيزه
برگ,برگ
برگزيدہ,برامده
برگزيدہ,تكليف
برگزيدہ,جايگاه
برگزيدہ,جناب اقاي
برگزيدہ,سامي
برگزيدہ,سركار خانم
برگزيدہ,غلو
برگزيدہ,مجتبي
برگزيدہ,مرتفع
برگزيدہ,مكان
برگزيدہ,وضعيت
برگزيدہ,وكالت
برگزيدہ,گاه
برگزيدہ,گلچين
برگزيند,برگزيند
برگير,برگير
برہا,توده
برہا,جاز
برہا,خلق
برہا,دوري
برہا,سكون
برہا,طنز
برہا,عدم
برہا,غايبانه
برہا,غيبت
برہا,فقدان
برہا,مرخصي
برہا,مناظره
برہا,نبود
برہا,هجو
برہا,گونه
برہسپت,اورمزد
برہسپت,برجيس
برہسپت,زاوش
برہسپت,مشتري
برہسپت,هرمز
برہسپت,پنجشنبه
برہسپت,ژوپيتر
برہسپت وار,پنجشنبه
برہما,اهورامزدا
برہما,باري
برہما,خالق
برہما,دادار
برہما,كردگار
برہما,كروگر
برہنہ,برهنه
برہنہ,خواستن
برہنہ,عاري
برہنہ,عريان
برہنہ,لخت
برہنہ,لچ
برہنہ,مردي
برہنہ,پتي
بزار,بازار
بزار,بازاري
بزار,تيمچه
بزار,حجره
بزار,حراج
بزرگ,ابوبكر
بزرگ,ارشد
بزرگ,استاد
بزرگ,افضل
بزرگ,اهل
بزرگ,اير
بزرگ,بزرگ
بزرگ,بيبي
بزرگ,جد
بزرگ,حاجي
بزرگ,شريف
بزرگ,كبير
بزرگ,كهنسال
بزرگ,لالا
بزرگ,له
بزرگ,لچ
بزرگ,مجداني
بزرگ,ميرزا
بزرگ,نجيب
بزرگ,نيا
بزم,بزم
بزن,بزن
بزندان,بزندان
بزور,بزور
بزي,بزي
بزيري,بزيري
بس,بدحجاب
بس,بس
بس,بسنده
بس,خالي
بس,دستي
بس,زهر
بس,سم
بس,شرنگ
بس,صرف
بس,صرفا
بس,فراوان
بس,فقط
بس,كافي
بس,پر
بسا,بسا
بساحل,بساحل
بساز,بساز
بسازيم,بسازيم
بساط,بساط
بست,بست
بستان,بستان
بستر,استر
بستر,بالش
بستر,بالين
بستر,بستر
بستر,تشك
بستر,توشك
بستر,جا
بستر,دوشك
بستر,مسند
بستر,نهالي
بستم,بستم
بستن,بستن
بستند,بستند
بستي,اصلاح
بستي,بستي
بستي,تاسماني
بستي,دمشق
بستي,سنگاپور
بستي,شام
بستي,صحراي غربي
بستي,فيصله
بستي,كروز
بستي,مستعمره
بستي,نشاط
بستي,هندوچين
بستياں,اصلاح
بستياں,جفت
بستياں,دمشق
بستياں,شام
بستياں,فيصله
بستيو,اصلاح
بستيو,جفت
بستيو,دمشق
بستيو,شام
بستيو,فيصله
بستيوں,اصلاح
بستيوں,جفت
بستيوں,دمشق
بستيوں,شام
بستيوں,فيصله
بسر,بسر
بسكٹ,بيسكويت
بسكٹ,شيريني
بسكٹ,كلوچه
بسكٹ,كلچه
بسكٹ,كوكي
بسم,بسم
بسمل,بسمل
بسنا,اقامت داشتن
بسنا,باديه
بسنا,جا افتادن
بسنا,خوابيدن
بسنا,خونيرث
بسنا,شبستان
بسنا,قبضه كردن
بسنا,نشستن
بسنا,گذراندن
بسنت,جشن
بسنت,جشنواره
بسنت,قدم
بسنت,مهرگان
بسنت,ورود
بسنت,وصول
بسنت,يلدا
بسنت,چهارشنبهسوري
بسنجد,بسنجد
بسنگ,بسنگ
بسوز,بسوز
بسوزد,بسوزد
بسوزم,بسوزم
بسوي,بسوي
بسي,بسي
بسيار,بسيار
بسيار,زار
بسيار,فراوان
بسيار,فربه
بسيار,فره
بسيار,مجان
بسيار,ها
بسياري,بسياري
بشاخ,بشاخ
بشب,بشب
بشر,بشر
بشكست,بشكست
بشكستند,بشكستند
بشكن,بشكن
بشكند,بشكند
بشنو,بشنو
بشنود,بشنود
بشويد,بشويد
بشير,بشير
بصد,بصد
بصر,بصر
بصري,بصري
بصير,بصير
بصيرت,بصيرت
بصيري,بصيري
بضاعت,اداره
بضاعت,اژانس
بضاعت,اژانس بينالمللي انرژي اتمي
بضاعت,بازرگاني
بضاعت,بضاعت
بضاعت,جنس
بضاعت,خبرگزاري
بضاعت,سيا
بضاعت,شيء
بضاعت,عنوان
بضاعت,كارمزد
بضاعت,كالا
بضاعت,كميسيون
بضاعت,ماموريت
بضاعت,متاع
بضاعت,مقاله
بضاعت,نيابه
بضاعت,هيئت
بضاعت,وكالت
بطحا,بطحا
بطخ,ابزي
بطخ,ابي
بطخ,اردك
بطخ,بت
بطخ,بەت
بطخ,مرغابي
بطن,بطن
بطون,بطون
بظاہر,ظاهرا
بعث,احيا
بعث,باعث
بعث,بعث
بعث,تربيت
بعث,رستاخيز
بعث,رفع
بعث,شور
بعث,عرعر
بعث,محرك
بعث,موجب
بعث,نشور
بعث,هيجان
بعث,پرورش
بعثت,رسالت
بعد,اتي
بعد,بعد
بعد,بعدا
بعد,بعدي
بعد,توران
بعد,توراندخت
بعد,سپسين
بعد,مال
بعد,مر
بعد,پسان
بعد,پسين
بعد,پشت
بعدي,بعدي
بعل,بعل
بعل,زيربغل
بعلبك,انطلياس
بعلبك,بعلبك
بعلبك,بيروت
بعلبك,تركمن
بعلبك,جبيل
بعلبك,شام
بعلبك,صور
بعلبك,طرابلس
بعلبك,لبنان
بعلبك,ليره
بغاوت,بغاوت
بغاوت,بهافريد
بغاوت,بهافريدي
بغاوت,خيانت
بغاوت,خيانت كردن
بغاوت,سر كشيدن
بغاوت,شورش
بغاوت,شوريدن
بغاوت,عصيان
بغاوت,فتنه
بغاوت,وطنفروشي
بغداد,بغداد
بغل,ارتباط
بغل,بغل
بغل,رابطه
بغل,رفع
بغل,زير بغل
بغل,زيربغل
بغل,سرگذشت
بغل,سينه
بغل,شاخ
بغل,صرف نظر
بغل,قريب
بغل,قهر كردن
بغل,كش
بغل,كمر
بغل,كنار
بغل,كنار گذاشتن
بغل,مار در استين پروراندن
بغل,ماهچه
بغل,محفوظ
بغل,مصون
بغل,مناسبت
بغل,نسبت
بغل,هنوز
بغل,پهلو
بغل,گذاشتن
بغير,استثنا
بغير,استنجا
بغير,استنجاء
بغير,بغير
بغير,شلم شوربا
بغير,فاقد
بغير,كم
بغير,كممايه
بغير,مك
بغير,نادار
بفرض محال,غيرممكن
بفرض محال,محال
بفرض محال,نشدني
بفرما,بفرما
بقا,ادامه
بقا,بقا
بقا,تداوم
بقار,اغل
بقار,اهنگر
بقار,بازرگان
بقار,رم
بقار,ساقي
بقار,سوداگر
بقار,صراف
بقار,غول
بقار,لو
بقار,پاكباز
بقار,گاو
بقار,گمارا
بقايا,استثنايي
بقايا,باقي
بقايا,برجسته
بقايا,ترازو
بقايا,تعادل
بقايا,دخمه
بقايا,سلامت
بقايا,شاهكار
بقايا,فاخر
بقايا,ماندني
بقايا,مانده
بقايا,مانيد
بقايا,ميزان
بقدر,بقدر
بقر,تليسه
بقر,ثور
بقر,ماتادور
بقر,نر
بقر,پرو
بقر,گاو
بقران,بقران
بقرعيد,جشن
بقرعيد,زفاف
بقرعيد,سور
بقرعيد,ضيافت
بقرعيد,طوي
بقرعيد,عقيقه
بقرعيد,عيد
بقرعيد,فدا
بقرعيد,قربان
بقرعيد,قرباني
بقرعيد,كندوري
بقرہ,ثور
بقرہ,ماتادور
بقرہ,نر
بقرہ,گاو
بك,بك
بكاؤ,وطنفروش
بكار,بكار
بكام,بكام
بكاين,ياس
بكتاشي,بكتاشي
بكرا,ابله
بكرا,احمق
بكرا,بز
بكرا,جدي
بكرا,خر
بكرا,خرفت
بكرا,علف بايد به دهان بزي شيرين بيايد
بكرا,كل
بكرا,نر
بكرا,هالو
بكرا,چلمن
بكرا,گاگول
بكرا,گول زدن
بكرا,گيسه
بكرا عيد,جشن
بكرا عيد,زفاف
بكرا عيد,سور
بكرا عيد,ضيافت
بكرا عيد,طوي
بكرا عيد,عقيقه
بكرا عيد,عيد
بكرا عيد,فدا
بكرا عيد,قربان
بكرا عيد,قرباني
بكرا عيد,كندوري
بكري,او
بكري,بز
بكري,بكري
بكري,جدي
بكري,جنس
بكري,جنسيت
بكري,دادا
بكري,علف بايد به دهان بزي شيرين بيايد
بكري,كل
بكري,نر
بكري,گيسه
بكس,بر
بكس,بكس
بكس,جهاز
بكس,سينه
بكس,صدر
بكس,صندوق
بكس,صندوقچه
بكس,كنار
بكسہ,ابزيم
بكسہ,سگك
بكش,بكش
بكف,بكف
بكم,بادبادك
بكم,برغست
بكم,بلال
بكم,بيصدا
بكم,حرف زدن
بكم,خات
بكم,دراييدن
بكم,دروغ گفتن
بكم,سخن گفتن
بكم,صحبت كردن
بكم,غليواج
بكم,فارسي بلد نيستم
بكم,كاكوتي
بكم,كما
بكم,كنار
بكم,كوركور
بكم,لال
بكم,نر
بكم,نوح
بكم,گديپران
بكم,گراز
بكم,گفتن
بكم,گنگ
بكم,گون
بكم,گونه
بكم,گپ زدن
بكواس,بادرم
بكواس,خاكروبه
بكواس,خلاشه
بكواس,دراييدن
بكواس,كثافت
بكواس,پسماند
بكواس,پچ پچ
بكوي,بكوي
بكھراو,پراكندگي
بل,اشتلم
بل,بطش
بل,بل
بل,خشونت
بل,خشونت خانگي
بل,زور
بل,شيره
بل,عنف
بل,قوت
بلا,ابتلا
بلا,ازار
بلا,افت
بلا,باشگاه
بلا,بدبخت
بلا,بل
بلا,بلا
بلا,بلاي عشق
بلا,به ستوه اوردن
بلا,جثه
بلا,حادثه
بلا,حباب
بلا,حد زدن
بلا,خاج
بلا,درد
بلا,رنج
بلا,سنه
بلا,سوگ
بلا,شؤم
بلا,شاگرد
بلا,شلاق
بلا,شنه
بلا,غول
بلا,فاجعه
بلا,فتنه
بلا,فحش
بلا,كانون
بلا,كلاب
بلا,لخت
بلا,لعنت
بلا,ماهي
بلا,مبتلا
بلا,محنت
بلا,مصيبت
بلا,نفرين
بلا,نكبت
بلا,هيولا
بلا,واروني
بلا,وبا
بلا,وفنوك
بلا,يمان
بلا,گرز
بلا,گرزه
بلا,گوپال
بلاد ہندوستان,برق انداز
بلاد ہندوستان,تاج محل
بلاد ہندوستان,تاجمحل
بلاد ہندوستان,جهانگير
بلاد ہندوستان,خان
بلاد ہندوستان,گوركاني
بلال,بلال
بلالي,بلالي
بلب,بلب
بلب,سوخ
بلب,پياز
بلبل,بلبل
بلبل,تندر
بلبل,شباهنگ
بلبل,شبگير
بلبل,مرغ
بلبل,مرغ چمن
بلبل,هزار
بلبل,هزاردستان
بلبل،,بلبل،
بلبلو,بلبل
بلبلو,تندر
بلبلو,شباهنگ
بلبلو,شبگير
بلبلو,مرغ
بلبلو,مرغ چمن
بلبلو,هزار
بلبلو,هزاردستان
بلبلوں,بلبل
بلبلوں,تندر
بلبلوں,شباهنگ
بلبلوں,شبگير
بلبلوں,مرغ
بلبلوں,مرغ چمن
بلبلوں,هزار
بلبلوں,هزاردستان
بلبلي,بلبلي
بلبليں,بلبل
بلبليں,تندر
بلبليں,شباهنگ
بلبليں,شبگير
بلبليں,مرغ
بلبليں,مرغ چمن
بلبليں,هزار
بلبليں,هزاردستان
بلرزد,بلرزد
بلغاري,بلغار
بلغاري,بلغاري
بلغاري,مقدونيه
بلغاريہ,استوني
بلغاريہ,انطاكيه
بلغاريہ,بدخشان
بلغاريہ,بلغار
بلغاريہ,بلغارستان
بلغاريہ,بلوچستان
بلغاريہ,تركيه
بلغاريہ,سند
بلغاريہ,صوفيا
بلغاريہ,صوفيه
بلغاريہ,مقدونيه
بلغزد,بلغزد
بلغم,گش
بلكل,اقا
بلكل,ايالات متحده امريكا
بلكل,خد
بلكل,خوانواده
بلكل,صبا
بلكل,غر
بلكل,ماركت
بلكل,چوقور
بلكہ,ترجيح دادن
بلكہ,سانديسخور
بلكہ,عملي
بلكہ,نسبتا
بلكہ,پارتي بازي
بلند,بلند
بلند,رسا
بلند,روخواني
بلند,سمي
بلند,نهيب
بلند,نهيب زدن
بلند دروازہ,اثر
بلند دروازہ,احمداباد
بلند دروازہ,اگرا
بلند دروازہ,برق انداز
بلند دروازہ,تاج محل
بلند دروازہ,تاجمحل
بلند دروازہ,تسخير
بلند دروازہ,جهانگير
بلند دروازہ,خان
بلند دروازہ,ذكر كردن
بلند دروازہ,سورت
بلند دروازہ,فتح
بلند دروازہ,منزي
بلند دروازہ,ياد كردن
بلند دروازہ,يادمان
بلند دروازہ,يادگار
بلند دروازہ,گجرات
بلند دروازہ,گجراتي
بلند دروازہ,گنبد
بلند دروازہ,گوركاني
بلند شہر,اب و هوا
بلند شہر,از كجا
بلند شہر,بدرنگ
بلند شہر,بلند شدن
بلند شہر,در سايه
بلند شہر,نان خطائي
بلند شہر,نان خطايي
بلند شہر,نبود
بلند شہر,ولش كن
بلند شہر,چهاريار
بلندي,بلندي
بلوان,توانا
بلوان,زورمند
بلوان,زوش
بلوان,سترگ
بلوان,ستنبه
بلوان,قادر
بلوان,قدرتمند
بلوان,مقتدر
بلوان,نيرومند
بلوان,هيكلي
بلوان,ورزشي
بلوان,پهلوان
بلوان,چيره
بلوغت,بلوغ
بلوغت,تكليف
بلوچ,استفهام انكاري
بلوچ,بدحجاب
بلوچ,بلوچ
بلوچ,بلوچستان
بلوچ,بلوچي
بلوچ,به سلامت
بلوچ,خاطب
بلوچ,خطيب
بلوچ,عرب پرست
بلوچ,ميراث
بلوچ,همزبان
بلوچ,وا
بلوچ,پارسي بان
بلوچ,گوينده
بلوچستان,بلتستان
بلوچستان,حجاز
بلوچستان,زابل
بلوچستان,زاهدان
بلوچستان,سرباز
بلوچستان,سيستان و بلوچستان
بلوچستان,وزيرستان
بلي,بلي
بلہ,باشگاه
بلہ,تخم
بلہ,تك
بلہ,توپ
بلہ,خاج
بلہ,شاگرد
بلہ,كانون
بلہ,كلاب
بلہ,كلاف
بلہ,كلافه
بلہ,لخت
بلہ,وفنوك
بلہ,گرز
بلہ,گرزه
بلہ,گلوله
بلہ,گو
بلہ,گوي
بلہ,گوپال
بلہ باز,مايه
بلہار,بيا
بلہار,تعارف كردن
بلہار,تقديم كردن
بلہار,جانباز
بلہار,زحمت نكشيد
بلہار,عقيقه
بلہار,فدا
بلہار,قربان
بلہار,قرباني
بلہار,پيشنهاد كردن
بلے,اصلي
بلے,تصديق
بلے,راست
بلے,رخت
بلے,صادق
بلے,صدق كردن
بلے,معتبر
بم,بم
بم,بمب
بم,بمب اتشزا
بم,بمب اتمي
بم,بمباران كردن
بم,تركش
بم,خراب
بما,بما
بماند,بماند
بمبئي,اورنگاباد
بمبئي,باليوود
بمبئي,بمبئي
بمبئي,دهلي
بمبئي,ممبي
بمباري,بمباران
بمبہ,باد زدن
بمبہ,باريك
بمبہ,برين
بمبہ,تنگ
بمبہ,جو
بمبہ,جوب
بمبہ,جوغ
بمبہ,جوي
بمبہ,دربند
بمبہ,دشنه
بمبہ,شادروان
بمبہ,فر
بمبہ,كانال
بمبہ,كانال مانش
بمبہ,كيزه
بمبہ,ناو
بمبہ,نهر
بمبہ,نوار
بمبہ,نول
بمبہ,پمپ
بمبہ,چنل
بمبہ,چينود
بمرد,بمرد
بمعني,بمعني
بمقابلہ,اپوزيسيون
بمقابلہ,تضاد
بمقابلہ,خلاف
بمقابلہ,در صورتي كه
بمقابلہ,ستيزي
بمقابلہ,ضد
بمقابلہ,عجوز
بمقابلہ,مخالفت
بمقابلہ,مقابله
بمقابلہ,مواجهه
بمن,بمن
بموج,بموج
بمير,بمير
بميرد,بميرد
بميري,بميري
بن,بن
بن بياہا,مجرد
بن مانس,گوريل
بن مانس,گوريل شرقي
بن مانس,گوريل غربي
بنا,اساس
بنا,اهنگ كردن
بنا,بنا
بنا,بنياد
بنا,بنيان
بنا,تيار
بنا,حاضر
بنا,دستاويز
بنا,دستور
بنا,سازنده
بنا,مايه
بنا,مبنا
بنا,مستند
بنا,معمار
بنا,يوسف
بنا,پايه
بنات,بنات
بنالد,بنالد
بنالم,بنالم
بنانا,احداث كردن
بنانا,افريدن
بنانا,افريده
بنانا,انگيختن
بنانا,ايجاد كردن
بنانا,به وجود اوردن
بنانا,تهيه كردن
بنانا,جزيه
بنانا,ساختن
بنانا,فاخره
بنانا,وار
بنانا,واره
بناوٹي,تقلبي
بناوٹي,جعل
بناوٹي,جعلي
بناوٹي,حوض
بناوٹي,دستي
بناوٹي,شادروان
بناوٹي,ماهواره
بناوٹي,مصنوعي
بناوٹي,هوش مصنوعي
بناي,بناي
بنتي,التماس كردن
بنتي,معذرت
بنتي,پوزش
بنجارا,بازرگان
بنجارا,تاجر
بنجارا,خواجگي
بنجارا,سوداگر
بنجارا,كاسب
بنجارا,همپالكي
بند,بسته
بند,بستگي
بند,بند
بند,سربسته
بند,مسدود
بند كرنا,بردوختن
بند كرنا,بستن
بند كرنا,بعدي
بند كرنا,بند كردن
بند كرنا,تاسي
بند كرنا,تشريف
بند كرنا,حبس كردن
بند كرنا,خاموش كردن
بند كرنا,خفه شدن
بند كرنا,خواستگاري
بند كرنا,رديف
بند كرنا,سربسته
بند كرنا,كشتن
بند كرنا,متوالي
بند كرنا,مصدر
بند كرنا,مصدر جعلي
بند كرنا,چپ شدن
بند كرنا,چپ كردن
بند كرنا,گل كردن
بند گوبھي,كلم
بندان,بندان
بندد,بندد
بندر,بامبول
بندر,بندر
بندر,بندري
بندر,بندرگاه
بندر,بوزينه
بندر,سنبالو
بندر,شادي
بندر,كپي
بندر,لنگرگاه
بندر,ميمون
بندش,اعتصاب
بندش,انسداد
بندش,اهنگسازي
بندش,بافت
بندش,تلفيق
بندش,جلد
بندش,سازه
بندش,فتنه
بندش,قرنطينه
بندش,قيد
بندم,بندم
بندوبست,اندام
بندوبست,ترتيب
بندوبست,سازش
بندوبست,قرار
بندوق,قنداق
بندوق,كلاشينكف
بندي,اسير
بندي,برده
بندي,بندي
بندي,دربند
بندي,دستگير
بندي,زنداني
بندي,زنداني سياسي
بندي,محكوم
بنديگھر,زندان
بندگان,بندگان
بندگي,اباد
بندگي,اداب
بندگي,ارادت
بندگي,اطاعت
بندگي,بردگي
بندگي,بندگي
بندگي,تمكين
بندگي,درود
بندگي,سلام
بندگي,طاعت
بندگي,غلامي
بندھن,ابگينه
بندھن,اخيز
بندھن,ارتفاع
بندھن,اسكي
بندھن,اصابت
بندھن,اعتراض
بندھن,اعتراض كردن
بندھن,اعتصاب
بندھن,اعتصاب غذا
بندھن,ايزوله
بندھن,باند
بندھن,بانداژ
بندھن,بطش
بندھن,بند
بندھن,بند ناف
بندھن,تار
بندھن,تحصن
بندھن,جلد
بندھن,جوهر
بندھن,حنا
بندھن,خطور كردن
بندھن,دست
بندھن,ذات
بندھن,را
بندھن,رابطه
بندھن,رسن
بندھن,رشته
بندھن,روتر
بندھن,ريسمان
بندھن,زدن
بندھن,زيگ
بندھن,ساروج
بندھن,سمنت
بندھن,سيم
بندھن,سيمان
بندھن,صله
بندھن,عرض
بندھن,غلامي
بندھن,قيد
بندھن,كوفتن
بندھن,لعاب
بندھن,مايه
بندھن,متحصن
بندھن,مجموعه
بندھن,موميا
بندھن,نيفه
بندھن,هرمز
بندھن,پته
بندھن,پيوند
بندہ,اتخاذ
بندہ,ادم
بندہ,ارجاع
بندہ,افريده
بندہ,افرينش
بندہ,بنده
بندہ,تحصن
بندہ,تخم جن
بندہ,حلقه به گوش
بندہ,خود را گول زدن
بندہ,خود نوشتن
بندہ,خويش
بندہ,ديو
بندہ,ر ك
بندہ,رجوع كردن
بندہ,سمندر
بندہ,عابد
بندہ,كتلت
بندہ,متحصن
بندہ,مخلوق
بندہ,مراجعه كردن
بندہ,ممالك محروسه ايران
بندہ,مهر
بندہ,هندي
بندہ,پرداختن
بندہ,پرست
بندہ,پرستار
بندہ,چيز
بنزين,بنزين
بنزين,پمپ بنزين
بنشين,بنشين
بنفشي,بنفش
بنفشي,بنفشه
بنفشي,بنفشهاي
بنفشہ,التو
بنفشہ,ويولا
بنمود,بنمود
بنور,بنور
بنوشت,بنوشت
بنوك,بنوك
بني,بني
بنياد,اساس
بنياد,اصل
بنياد,اپوش
بنياد,بنياد
بنياد,بنيان
بنياد,دستاويز
بنياد,دستور
بنياد,مايه
بنياد,مبنا
بنياد,مستند
بنياد,مسلك
بنياد,پايه
بنياد پرست,اصولگرا
بنياد پرست,بنيادگرا
بنيادي,ابتدائي
بنيادي,اساسي
بنيادي,اصلي
بنيادي,الت
بنيادي,اندركنش بنيادي
بنيادي,بنواژه
بنيادي,بنيادي
بنيادي,جنس
بنيادي,دبستان
بنيادي,ذات
بنيادي,سلول
بنيادي,صدر
بنيادي,عمده
بنيادي,كاخ باكينگهام
بنيادي طور پر,اساسا
بنيان,جامه
بنيان,جليقه
بنيان,جليقه نجات
بنٹنا,بنگال
بنٹنا,جدا
بنٹنا,جنتري
بنٹنا,خراسان
بنٹنا,قشمير
بنٹنا,كره
بنٹنا,كشمير
بنٹنا,پخش
بنٹنا,پنجاب
بنڈل باز,دروغگو
بنگ,بنگ
بنگ,بنگي
بنگ,شاهدانه
بنگال,بابل
بنگال,بنگال
بنگال,بنگالي
بنگال,تاليوود
بنگال,جدا
بنگال,جنتري
بنگال,خراسان
بنگال,قشمير
بنگال,كره
بنگال,كشمير
بنگال,كلكته
بنگال,هندي
بنگال,پنجاب
بنگالن,بنگالي
بنگالن,تاليوود
بنگالن,هندي
بنگالي,اراكي
بنگالي,اهل
بنگالي,باشنده
بنگالي,بندر عباس
بنگالي,بنگال
بنگالي,بنگالي
بنگالي,تاليوود
بنگالي,جدا
بنگالي,جنتري
بنگالي,حاكم
بنگالي,خراسان
بنگالي,رازي
بنگالي,ساكن
بنگالي,سلطان
بنگالي,سلطنت
بنگالي,شهريار
بنگالي,قدرت متوسط
بنگالي,قشمير
بنگالي,كره
بنگالي,كشمير
بنگالي,كلكته
بنگالي,مشهدي
بنگالي,مقيم
بنگالي,هرمز
بنگالي,هرمزگان
بنگالي,هندو
بنگالي,هندي
بنگالي,پادشاه
بنگالي,پادشاهي بريتانياي كبير
بنگالي,پنجاب
بنگالي,پيرچيلي
بنگالي,گجراتي
بنگاليت,بنگال
بنگاليت,بنگالي
بنگاليت,تاليوود
بنگاليت,كلكته
بنگاليت,هندي
بنگر,بنگر
بنگرد,بنگرد
بنگري,بنگري
بنگريد,بنگريد
بنگلہ,افغان
بنگلہ,بنگال
بنگلہ,بنگالي
بنگلہ,بنگله
بنگلہ,تاليوود
بنگلہ,ترك
بنگلہ,جرمني
بنگلہ,كلكته
بنگلہ,هندي
بهار,بهار
بو,انبوييدن
بو,بو
بو,بو كردن
بو,بوي
بو,بوييدن
بو,رايحه
بو,سراغ
بو,شامه
بو,شميم
بو,شنيدن
بو,عطر
بو,مشام
بو,يوز
بو دار,انبوييدن
بو دار,اور
بو دار,بو
بو دار,بو كردن
بو دار,بوي
بو دار,بوييدن
بو دار,بيخبر
بو دار,تدريس
بو دار,رايحه
بو دار,سست
بو دار,شامه
بو دار,شنيدن
بو دار,عاطر
بو دار,عطا
بو دار,مشام
بوئي,بوئي
بوا,ابجي
بوا,اغا
بوا,املاي نانوشته غلط ندارد
بوا,باجي
بوا,بزرگتر
بوا,تكزنگ زدن
بوا,حساس
بوا,خاله
بوا,خانگاه
بوا,خونبها
بوا,دايزه
بوا,دخترعمه
بوا,دخترعمو
بوا,سيستان
بوا,شوهرخاله
بوا,عمه
بوا,عمو
بوا,كاكا
بوا,كلان
بوا,ين
بوا,پا به سن گذاشتن
بوا,پدرانه
بوا,پسرعمه
بوا,پسرعمو
بوا,چترنگ
بواب,بواب
بواب,دربان
بوالبشر,بوالبشر
بوالعجبي,بوالعجبي
بوتراب,بوتراب
بوتل,بطري
بوتل,بوتل
بوتل,سرپوش
بوتل,سيكي
بوتل,شيشه
بوتل,كيزه
بوتل,نول
بوجد,بوجد
بوجھ,ابخور
بوجھ,التزام
بوجھ,انديشيدن
بوجھ,اون ممه رو لولو برد
بوجھ,بار
بوجھ,بارگيري
بوجھ,بايد
بوجھ,برائت
بوجھ,بلم
بوجھ,بوغچه
بوجھ,بي خيال
بوجھ,تعهد
بوجھ,تعيين
بوجھ,تكليف
بوجھ,تنگ
بوجھ,توپ
بوجھ,جنگ
بوجھ,جهاز
بوجھ,خف
بوجھ,خيره
بوجھ,دغدغه
بوجھ,دلواپسي
بوجھ,زحمت نكشيد
بوجھ,زورق
بوجھ,ستور
بوجھ,سفينه
بوجھ,صندل
بوجھ,عهده
بوجھ,فرض
بوجھ,قايق
بوجھ,قيد
بوجھ,كرجي
بوجھ,كشتي
بوجھ,كودن
بوجھ,كيسه كردن
بوجھ,كيمه
بوجھ,متعهد
بوجھ,مركب
بوجھ,مسئوليت
بوجھ,منت
بوجھ,ناو
بوجھ,نگراني
بوجھ,وظيفه
بوجھ,يدك
بوجھ,پرونده
بوجھ,چهارپا
بوجھ,گردن
بوجھوں,بار
بوجھوں,تنگ
بوجھوں,زحمت نكشيد
بوجھوں,ستور
بوجھوں,كودن
بوجھوں,چهارپا
بود,بود
بودست,بودست
بودش,بودش
بودم,بودم
بودن,بودن
بودي,بودي
بوذر,بوذر
بور,حوصله سر رفتن
بوريا,بوريا
بورياي,بورياي
بوس,بوس
بوساطت,ابري
بوساطت,با
بوساطت,ترنج
بوساطت,خلال
بوساطت,دو تا هندوانه را با يك دست برداشتن
بوساطت,شگرد
بوساطت,قدرت هستهاي
بوساطت,كرايه
بوساطت,متوسط
بوساطت,وسيله
بوساطت,چپه
بوست,بوست
بوستان,بوستان
بوسنيا,انديشه نيك، گفتار نيك، كردار نيك
بوسنيا,بوسني
بوسنيا,بوسني و هرزگوين
بوسنيا,بوسنيا
بوسنيا,بوسنيا و هرزگوينا
بوسنيا,ثلاثه
بوسنيا,ثلاثه غساله
بوسنيا,سربرنيتسا
بوسنيا,سه
بوسنيا,سه كاف
بوسنيا,سيصد
بوسنيا,مرتبه
بوسنيا,پخته
بوسنيا,چارك
بوسيدم,بوسيدم
بوسيدہ,ازخ
بوسيدہ,اور
بوسيدہ,خراب
بوسيدہ,فاسد
بوسيدہ,پوده
بوسيدہ,پوسيده
بوسيدہ,گندلاش
بوسيدہ,گنده
بوسہ,بوس
بوسہ,بوس كردن
بوسہ,بوسه
بوسہ,بوسيدن
بوسہ,لب گرفتن
بوسہ,ماچ
بوسہ,ماچ كردن
بوسہ,نيم بوسه
بوعلي,بوعلي
بوكا,بلغار
بوكا,تيماج
بوكا,دوال
بوكا,سبد
بوكا,شل
بوكا,لواشك
بوكا,پلخته
بوكا,پوستين
بوكا,چرم
بوكا,چرمي
بوكا,چپت
بول,ادا
بول,اصطلاح
بول,انديشه نيك، گفتار نيك، كردار نيك
بول,اوكي
بول,ايه
بول,به نوعي
بول,تحويل
بول,تسليم
بول,تقرير
بول,تكلم
بول,تلفني
بول,جمله
بول,حكم
بول,را
بول,سبك خراساني
بول,سبك عراقي
بول,سبك هندي
بول,سهل ممتنع
بول,طعنه
بول,عبارت
بول,قضا
بول,كلام
بول,كه
بول,كوچ
بول,لحن
بول,لفظ
بول,مر
بول,مصاحبه
بول,مصراع
بول,مكالمه
بول,ناز و نياز
بول,واله دائوستا
بول,پارسي بان
بول,گريزگاه
بول,گزاره
بول,گفتگو
بول,گنگ
بول,گويا
بولنا,تكزنگ زدن
بولنا,حرف زدن
بولنا,دراييدن
بولنا,دروغ گفتن
بولنا,راست گفتن
بولنا,روايت كردن
بولنا,سخن گفتن
بولنا,صحبت كردن
بولنا,فارسي بلد نيستم
بولنا,نهيب زدن
بولنا,پيمودن
بولنا,گفتن
بولنا,گنگ
بولنا,گپ زدن
بولنے,مصدر
بولنے,مصدر جعلي
بولي,بولي
بوم,ارض
بوم,بوم
بوم,خاك
بوم,زمين
بوم,كشور
بونا,ابر
بونا,اسفند
بونا,خمس
بونا,سل
بونا,كوتوله
بونا,مرداد
بونا,مينياتور
بونا,پنجم
بونا,پنجم درست
بوند,بوند
بونڈر,ابليس
بونڈر,اهريمن
بونڈر,خاك
بونڈر,خاكسار
بونڈر,دوستها
بونڈر,دولخ
بونڈر,ديو
بونڈر,رشت
بونڈر,سوده
بونڈر,شيطان
بونڈر,شيطانه
بونڈر,عفو
بونڈر,غبار
بونڈر,غليظ
بونڈر,كلاهخود
بونڈر,پلم
بونڈر,گرد
بونڈر,گردباد
بوي,بوي
بويم,بويم
بوٹ,بوت
بوٹ,موزه
بوٹ,پوتين
بوٹ,چزمه
بوٹ,چكمه
بوچڑ,قصاب
بوچھاڑ,اب سنگين
بوچھاڑ,اسپري فلفل
بوچھاڑ,تكيدن
بوچھاڑ,خفيف
بوچھاڑ,دبل
بوچھاڑ,سنگين
بوچھاڑ,شلاب
بوچھاڑ,ياعلي
بوچھاڑ,گران
بوچھاڑ,گرنگ
بوڑھا,بزرگسال
بوڑھا,رسيده
بوڑھا,كته
بوڑھا,مسن
بوڑھا,پير
بي,بي
بي بي,اغا
بي بي,بانو
بي بي,بي بي
بي بي,بيبي
بي بي,بيگم
بي بي,خاتون
بي بي,خانم
بي بي,سركار خانم
بي بي,كدبانو
بيا,بيا
بيابان,بيابان
بياباني,بياباني
بياباں,بيابان
بياباں,تورقوزاباد
بياباں,فلات
بيار,بيار
بيارد,بيارد
بياشام,بياشام
بياض,بياض
بياموز,بياموز
بياميز,بياميز
بيان,اظهار
بيان,اگر
بيان,بيان
بيان,بيانيه
بيان,تقرير
بيان,فرمايش
بيان,مزخرف
بيان,گفته
بياني,بياني
بيباك,بيباك
بيت,بنه
بيت,بيت
بيت,تركيببند
بيت,جامع
بيت,روي
بيت,سراي
بيت,شادروان
بيت,شبستان
بيت,كلسيا
بيت,كليسا
بيت,كنشت
بيت,كنيسه
بيت,مؤذن
بيت,ماوا
بيت,متوضا
بيت,مجد
بيت,محراب
بيت,مسجد
بيت,مصلا
بيت,مقر
بيت,مچد
بيت,ناقوس
بيت الخلاء,خلاء
بيت الخلاء,دستشويي
بيت الخلاء,دنگل
بيت الخلاء,عورت
بيت الخلاء,مستراح
بيت المقدس,اورشليم
بيت المقدس,بيتالمقدس
بيت المقدس,صهيون
بيت المقدس,قبلتين
بيت المقدس,گنگ
بيت لحم,طعمه
بيتا,مگر
بيتا,چي بوديم، چي شديم
بيتاب,بيتاب
بيتابي,بيتابي
بيتي,بيتي
بيج,اور
بيج,خويد
بيج,مغز پسته
بيج,نهال
بيجا,او
بيجا,خزعبل
بيجا,خطا رفتن
بيجا,شنار
بيجا,غلط
بيجا,غلط بودن
بيجا,كسشعر
بيجا,كوه به كوه نميرسد، ادم به ادم ميرسد
بيجا,لايعقل
بيجا,لغو
بيجا,مزخرف
بيجا,مسخره
بيجا,ياوه
بيجا,پرت
بيجا,پوچ
بيجا,چپه
بيجا,گذشتن
بيجان,بيجان
بيجنگ,ادرنه
بيجنگ,بيجنگ
بيجنگ,بيجينگ
بيجنگ,ريو دو ژانيرو
بيجنگ,شانگهاي
بيجنگ,شهرداري
بيجنگ,قرامان
بيجنگ,پكن
بيحاصل,بيحاصل
بيحد,بيحد
بيخ,اساس
بيخ,ال
بيخ,بنياد
بيخ,بنيان
بيخ,بيخ
بيخ,تبار
بيخ,دستاويز
بيخ,دستور
بيخ,دودمان
بيخ,عرق
بيخ,مايه
بيخ,مبنا
بيخ,مستند
بيخ,نام و نشان
بيخ,نژاد
بيخ,پايه
بيخ,چهر
بيخبر,بيخبر
بيخودي,اتفاق
بيخودي,اديسه
بيخودي,ايثار
بيخودي,بيخودي
بيخودي,جذبه
بيخودي,حالت
بيخودي,سكر
بيخودي,سمنت
بيخودي,صرف
بيخودي,قرص X
بيخودي,مخموري
بيخودي,مستي
بيخودي,ناشي
بيخودي,نشئه
بيخودي,وحدت
بيخودي,يگانگي
بيخودي,پدرام
بيخودي,ژي
بيد,بيد
بيد,حكيم
بيد,حكيمجي
بيد,داكتر
بيد,دكتر
بيد,دكتر ميخواهم
بيد,دكتور
بيد,طبيب
بيد,پزشك
بيداد,بيداد
بيدار,انتباه
بيدار,اژير
بيدار,اگاهانه
بيدار,بيدار
بيدار,بيدار شدن
بيدار,خفته
بيدار,خو
بيدار,خواب
بيدار,خواب بردن
بيدار,خوابيدن
بيدار,روشنفكر
بيدار,غنوده
بيدار,متوجه
بيدار,مراقب
بيدار,ملتفت
بيدار,مواظب
بيدار,نگران
بيدار,هشياري
بيدار,هوشيار
بيداري,بيداري
بيدرد,بيدرد
بيدردي,بيدردي
بيدق,سرباز
بيدق,پياده
بيدق,گرو
بيدق,گروگان
بيدل,بيدل
بيذق,بيذق
بير,الو
بير,الوچه
بير,بهادر
بير,بير
بير,تهم
بير,توانا
بير,تور
بير,تيمور
بير,جيغه
بير,خديو
بير,دلير
بير,زورمند
بير,زوش
بير,سترگ
بير,ستنبه
بير,سكندري
بير,سنجد
بير,شجاع
بير,شيرفش
بير,عناب
بير,عنابي
بير,غالب
بير,فاتح
بير,قادر
بير,قدرتمند
بير,قهرمان
بير,كشتيگير
بير,مبارز
بير,مقتدر
بير,ناضل
بير,نيرومند
بير,هزبر
بير,هژبر
بير,ورجاوند
بير,پهلو
بير,پهلوان
بير,چيره
بير,گرجه
بير,گوجه
بيرنگ,بيرنگ
بيرنگي,بيرنگي
بيروت,انطلياس
بيروت,بعلبك
بيروت,بيروت
بيروت,تركمن
بيروت,جبيل
بيروت,شام
بيروت,صور
بيروت,طرابلس
بيروت,لبنان
بيروت,ليره
بيروزگاري,بيكاري
بيرون,بيرون
بيرون ملك,اپلاي كردن
بيرون ملك,خارج
بيرون ملك,سامواي امريكا
بيرون ملك,كومور
بيزار,بيزار
بيزاري,بيزاري
بيزتي,تو
بيزتي,غيررسمي
بيس,بيست
بيس,بيست و يك
بيس,چهارصد و بيست
بيستون,بيستون
بيستي,اهانت
بيستي,توهين كردن
بيستي,دشنام
بيستي,ك م خ
بيستي,ناسزا
بيش,بيش
بيشتر,بيشتر
بيشك,استينه
بيشك,بالكل
بيشك,حسابي
بيشك,شاد باد
بيشك,شايد
بيشك,كاملا
بيشك,كل
بيشك,لاجرم
بيشك,مگر
بيشك,نيست و نابود
بيشك,يقينا
بيشك,گاس
بيشك,گويا
بيضا,بيضا
بيضاي,بيضاي
بيضہ,تخم
بيضہ,تخمك
بيعت,بيعت
بيعت,قسم
بيفروز,بيفروز
بيفزايد,بيفزايد
بيقرار,بيقرار
بيقراران,بيقراران
بيقراري,بيقراري
بيك,بيك
بيكار,بيكار
بيكر,خباز
بيكر,نانوا
بيكر,چركچي
بيكران,بيكران
بيكراني,بيكراني
بيكسي,بيكسي
بيل,اولاد
بيل,نسل
بيلاروس,بلاروس
بيلجيم,البرز
بيلجيم,امستردام
بيلجيم,امودريا
بيلجيم,بلجيم
بيلجيم,بلژيك
بيلجيم,سن مارينو
بيلجيم,فلمنك
بيلجيم,لاهه
بيلجيم,لوتارنژي
بيلجيم,لوكزامبورگ
بيلجيم,نامور
بيلجيم,هلند
بيلجيم,هلندي
بيلجيم,گاليا
بيلن,سيمكش
بيلن,غل
بيلن,نورد
بيلن,وردنه
بيلچہ,بيل
بيلچہ,خاكانداز
بيلچہ,پارو
بيم,بيم
بيمار,بيمار
بيماري,بيماري
بيماري,درد
بيماري,رنج
بيماري,مرض
بيماري,مريضي
بيمي,بيمي
بين,ادا
بين,افغان
بين,بازه
بين,باژ
بين,بربط
بين,برهه
بين,بين
بين,تفاوت
بين,تقرير
بين,خان
بين,خلال
بين,داد
بين,دوري
بين,سريش
بين,شبح
بين,شكنج
بين,شيطانه
بين,شيون
بين,صندل
بين,عزاداري
بين,عود
بين,فاصله
بين,فرسنگ
بين,فرياد
بين,قاره
بين,قول
بين,كرن
بين,كلام
بين,لفظ
بين,لوت
بين,مار
بين,مثل
بين,مر
بين,مسافت
بين,نوحه
بين,پرده
بين,چنبره
بين,گپ
بين الاقوامي,ابهاي بينالمللي
بين الاقوامي,اتحاديه عرب
بين الاقوامي,الفباي اوانگاري بينالمللي
بين الاقوامي,اژانس بينالمللي انرژي اتمي
بين الاقوامي,بين المللي
بين الاقوامي,بينالمللي
بين الاقوامي,حقوق بينالملل
بين الاقوامي,روابط بينالملل
بين الاقوامي,صندوق بينالمللي پول
بين الاقوامي,قدرت متوسط
بين الاقوامي صوتياتي ابجد,ابهاي بينالمللي
بين الاقوامي صوتياتي ابجد,اتحاديه عرب
بين الاقوامي صوتياتي ابجد,الفبا
بين الاقوامي صوتياتي ابجد,الفباي اوانگاري بينالمللي
بين الاقوامي صوتياتي ابجد,اژانس بينالمللي انرژي اتمي
بين الاقوامي صوتياتي ابجد,بين المللي
بين الاقوامي صوتياتي ابجد,بينالمللي
بين الاقوامي صوتياتي ابجد,تاكيد
بين الاقوامي صوتياتي ابجد,حقوق بينالملل
بين الاقوامي صوتياتي ابجد,روابط بينالملل
بين الاقوامي صوتياتي ابجد,سين
بين الاقوامي صوتياتي ابجد,صندوق بينالمللي پول
بين الاقوامي صوتياتي ابجد,قدرت متوسط
بين الاقوامي صوتياتي ابجد,لام
بين الاقوامي صوتياتي ابجد,هي
بين السطور,باژ
بين السطور,تفاوت
بين السطور,خان
بين السطور,دوري
بين السطور,شبح
بين السطور,صندل
بين السطور,فاصله
بين السطور,فرسنگ
بين السطور,مسافت
بين السطور,مصاف
بين نسلي,بين نژادهاي مختلف
بينا,بينا
بينائي,بينائي
بيناي,بيناي
بينجن,بادنجان
بيند,بيند
بينش,بينش
بينم,بينم
بيني,بيني
بينيم,بينيم
بينگن,بادنجان
بينگن,طياره
بيوفا,بيوفا
بيوقوف,ابله
بيوقوف,احمق
بيوقوف,تاتول
بيوقوف,خرفت
بيوقوف,كصخل
بيوقوف,هالو
بيوقوف,گاگول
بيوقوف,گول
بيوہ,بيوه
بيوہ,كانم
بيٹا,او
بيٹا,جنس
بيٹا,جنسيت
بيٹھك,تالار
بيٹھك,دنگل
بيٹھك,نشست
بيٹھنا,خسته
بيٹھنا,دلسرد
بيٹھنا,رنجه
بيٹھنا,زده
بيٹھنا,سرد
بيٹھنا,شركت كردن
بيٹھنا,مانده
بيچ,اروپاي مركزي
بيچ,قم
بيچ,كالينينگراد
بيچ,كانون
بيچ,مابين
بيچ,مركز
بيچ,هاليوود
بيچ,وسط
بيچنا,فرختن
بيچنا,فروختن
بيچنا,فروش
بيڑ,اورنگاباد
بيڑ,بمبئي
بيڑ,ممبي
بيڑا,باريكه
بيڑا,باغچه
بيڑا,باند
بيڑا,بحريه
بيڑا,بلم
بيڑا,بند
بيڑا,تنگ
بيڑا,تودري
بيڑا,تومان
بيڑا,جهاز
بيڑا,حرم
بيڑا,حصار
بيڑا,حلقه ازدواج
بيڑا,حمايل
بيڑا,ديوان
بيڑا,زورق
بيڑا,سياهي لشكر
بيڑا,صندل
بيڑا,قايق
بيڑا,قدومه
بيڑا,كرجي
بيڑا,كش
بيڑا,كشتي
بيڑا,كلك
بيڑا,محاصره
بيڑا,محاصره شدن
بيڑا,محوطه
بيڑا,مركب
بيڑا,ناخدا
بيڑا,ناو
بيڑا,نوار
بيڑا,يدك
بيڑا,پرواس
بيڑا,چست
بيڑا,گز
بيڑا غرق ہونا,از دست دادن
بيڑا غرق ہونا,باختن
بيڑا غرق ہونا,تكيدن
بيڑا غرق ہونا,خراب
بيڑا غرق ہونا,خراو
بيڑا غرق ہونا,دنيا و مافيها
بيڑا غرق ہونا,رژيم
بيڑا غرق ہونا,كل
بيڑا غرق ہونا,كلگي
بيڑا غرق ہونا,كوچ
بيڑا غرق ہونا,مفقود كردن
بيڑا غرق ہونا,هر چيز
بيڑا غرق ہونا,هرچه
بيڑا غرق ہونا,همهچيز
بيڑا غرق ہونا,گم كردن
بيگ,اشتلم
بيگ,باربر
بيگ,بطش
بيگ,تا
بيگ,تالان
بيگ,تخارستان
بيگ,توبره
بيگ,تيز
بيگ,جوال
بيگ,حلتيت
بيگ,خشونت
بيگ,خشونت خانگي
بيگ,ديده
بيگ,زود
بيگ,زور
بيگ,ساك
بيگ,سرعت
بيگ,سريع
بيگ,سرگين
بيگ,شتافتن
بيگ,عجله
بيگ,عنبرنسارا
بيگ,عنف
بيگ,فرز
بيگ,قوس
بيگ,كرن
بيگ,كيسه
بيگ,مبادرت
بيگ,محض
بيگ,مطابق
بيگ,مقابل
بيگ,مناسب
بيگ,پوييدن
بيگ,چرخيدن
بيگ,چنته
بيگ,گاليا
بيگ,گرديدن
بيگ,گشتن
بيگ,گوني
بيگانگي,بيگانگي
بيگانہ,اجنبي
بيگانہ,بيگانه
بيگانہ,خارجي
بيگانہ,غريب
بيگانہ,غريبه
بيگم,اغا
بيگم,بانو
بيگم,بي بي
بيگم,بيبي
بيگم,بيگم
بيگم,خاتون
بيگم,خانم
بيگم,كدبانو
بيگن,بادنجان
بيگناہ,افتاب مهتاب نديده
بيگناہ,بيتقصير
بيگناہ,بيگناه
بيگناہ,غيرت
بيگناہ,معصوم
بيگناہ,منزه
بيگناہ,پاك
بيگناہ,پاكيزه
بٹا بال,اراك
بٹا بال,افكندن
بٹا بال,انداختن
بٹا بال,اوكي
بٹا بال,بالا اوردن
بٹا بال,برانداختن
بٹا بال,تخم
بٹا بال,تركيببند
بٹا بال,تك
بٹا بال,تميز
بٹا بال,توپ
بٹا بال,جيرجيرك
بٹا بال,خلاص شدن
بٹا بال,درست
بٹا بال,درست كردن
بٹا بال,دور انداختن
بٹا بال,دوران
بٹا بال,را
بٹا بال,زر
بٹا بال,شبگير
بٹا بال,صح
بٹا بال,صحيح
بٹا بال,غلط
بٹا بال,فارغ
بٹا بال,قوس
بٹا بال,كارگر
بٹا بال,كتاب لغت
بٹا بال,كركت
بٹا بال,كلاف
بٹا بال,كلافه
بٹا بال,كوفتن
بٹا بال,مرخ
بٹا بال,مرغاب
بٹا بال,نان
بٹا بال,واژگان
بٹا بال,پارتي
بٹا بال,پاكيزه
بٹا بال,پرت كردن
بٹا بال,پرتاب
بٹا بال,پرتاب كردن
بٹا بال,چرخش
بٹا بال,چينود
بٹا بال,گردش
بٹا بال,گرگان
بٹا بال,گفته شدن
بٹا بال,گلوله
بٹا بال,گو
بٹا بال,گوي
بٹن,تكمه
بٹن,دگمه
بٹن,پيكسل
بٹوا,كيف پول
بٹورنا,الفختن
بٹورنا,انباشتن
بٹورنا,اندوختن
بٹورنا,برچيدن
بٹورنا,تكيه
بٹورنا,جمع شدن
بٹورنا,جمع كردن
بٹورنا,جمعاوري كردن
بٹورنا,چيدن
بٹورنا,گرد اوردن
بٹورنا,گرد كردن
بپا,بپا
بپاي,بپاي
بپايان,بپايان
بپايش,بپايش
بپتسمہ,تعميد
بپتسمہ,غسل تعميد
بپوش,بپوش
بچانا,الا
بچانا,امدادگر
بچانا,بختن
بچانا,تكزنگ زدن
بچانا,جان بدر بردن
بچانا,دفاع كردن
بچانا,ذخيره كردن
بچانا,رهانيدن
بچانا,سيو كردن
بچانا,غيرت
بچانا,منجاء
بچانا,نجات
بچانا,نجات دادن
بچانا,نوح
بچانا,پاييدن
بچانا,پوشش دادن
بچت,پسانداز
بچرخ,بچرخ
بچشم,بچشم
بچنا,تول
بچنا,جيم زدن
بچنا,در رفتن
بچنا,رستن
بچنا,سرعت گري
بچنا,فرار
بچنا,فرار كردن
بچنا,گرختن
بچنا,گريختن
بچنا,گريز
بچي,اشتك
بچي,بنت
بچي,جوجه
بچي,داف
بچي,دختر
بچي,دختربچه
بچي,دخترك
بچي,دخدر
بچي,دوشيزه
بچي,صبيه
بچي,قنداق
بچي,كالسكه
بچي,كس
بچي,كودك
بچي,لالا
بچي,ليلي زن بود يا مرد
بچي,نيني
بچي,پستانك
بچپن,بچگي
بچپن,صبا
بچپن,طفوليت
بچپن,كودكي
بچھو,اپوش
بچھو,عقرب
بچھو,كژدم
بچہ,اشتك
بچہ,افريده
بچہ,افرينش
بچہ,او
بچہ,تور
بچہ,جنس
بچہ,جنسيت
بچہ,جوجه
بچہ,خام
بچہ,ديو
بچہ,سمندر
بچہ,غافل
بچہ,فرناس
بچہ,قنداق
بچہ,كالسكه
بچہ,كودك
بچہ,لالا
بچہ,مخلوق
بچہ,نهال
بچہ,نيني
بچہ,پستانك
بڑا,اب سنگين
بڑا,اصلي
بڑا,اهم
بڑا,بالغ
بڑا,بزرگسال
بڑا,تاكيد
بڑا,تكيدن
بڑا,خفيف
بڑا,دبل
بڑا,رد
بڑا,سنگين
بڑا,سوپر
بڑا,شلاب
بڑا,عظيم
بڑا,كبير
بڑا,كلان
بڑا,كليدي
بڑا,مرد
بڑا,مهم
بڑا,ناموس
بڑا,ياعلي
بڑا,پاليز
بڑا,گران
بڑا,گرنگ
بڑا,گنده
بڑا دن,بابا نوئل
بڑا دن,كريسمس
بڑا دن,نوئل
بڑبڑانا,غرنبه
بڑبڑانا,ژكيدن
بڑي حے,اذر
بڑي حے,الفبا
بڑي حے,الفباي اوانگاري بينالمللي
بڑي حے,سبك خراساني
بڑي حے,سين
بڑي حے,قوس
بڑي حے,لام
بڑي حے,نهم
بڑي حے,هي
بڑھنا,ادامه دادن
بڑھنا,ارايه
بڑھنا,ارز
بڑھنا,ازدياد
بڑھنا,اشرج
بڑھنا,اضافه
بڑھنا,افزايش
بڑھنا,افزايش يافتن
بڑھنا,افزايش پيدا كردن
بڑھنا,افزودن
بڑھنا,ايليريا
بڑھنا,اڤزودن
بڑھنا,بالا رفتن
بڑھنا,باژ
بڑھنا,بربردن
بڑھنا,برخاستن
بڑھنا,بلند شدن
بڑھنا,بها
بڑھنا,ترقي
بڑھنا,تولوز
بڑھنا,جلو
بڑھنا,جمهوري دموكراتيك كنگو
بڑھنا,حجاز
بڑھنا,حرارت
بڑھنا,حسابي
بڑھنا,خاستن
بڑھنا,خنك
بڑھنا,خونبها
بڑھنا,خونسرد
بڑھنا,خونگرم
بڑھنا,خيز
بڑھنا,دخش
بڑھنا,درجه
بڑھنا,درجه حرارت
بڑھنا,دما
بڑھنا,رستن
بڑھنا,روتر
بڑھنا,روي
بڑھنا,زيرگروه
بڑھنا,سر زدن
بڑھنا,سرد
بڑھنا,سنگ
بڑھنا,شدت
بڑھنا,شكفتن
بڑھنا,شيربها
بڑھنا,طلوع
بڑھنا,عزر
بڑھنا,في
بڑھنا,قيمت
بڑھنا,كش دادن
بڑھنا,كشيدن
بڑھنا,كلنجار رفتن
بڑھنا,ماندن
بڑھنا,ماها
بڑھنا,ملايم
بڑھنا,نرخ
بڑھنا,پيش
بڑھنا,پيش رفتن
بڑھنا,پيشرفت
بڑھنا,پيشرفت كردن
بڑھنا,گواليدن
بڑھيا,فاخر
بڑھيا,قيمتي
بڑھيا,نفيس
بگداختن,بگداختن
بگذار,بگذار
بگذارد,بگذارد
بگذاردش,بگذاردش
بگذر,بگذر
بگذرم,بگذرم
بگذشت,بگذشت
بگردان,بگردان
بگردانيم,بگردانيم
بگردون,بگردون
بگريبان,بگريبان
بگريختم,بگريختم
بگريز,بگريز
بگشا,بگشا
بگشاد,بگشاد
بگشاي,بگشاي
بگشايم,بگشايم
بگل,بگل
بگو,بگو
بگوش,بگوش
بگوي,بگوي
بگويد,بگويد
بگويم,بگويم
بگير,بگير
بگيرد,بگيرد
بگيرم,بگيرم
بگيري,بگيري
بھاؤ نگر,احمداباد
بھاؤ نگر,سورت
بھاؤ نگر,گجرات
بھاؤ نگر,گجراتي
بھائي,برادر
بھائي,حاجي
بھائي,داداش
بھائي,دخترخاله
بھائي,دختردائي
بھائي,دخترعمه
بھائي,دخترعمو
بھائي,نفر
بھائي,همشيره
بھائي,همنيا
بھائي,پسرخاله
بھائي,پسردائي
بھائي,پسرعمه
بھائي,پسرعمو
بھائي چارہ,ائتلاف
بھائي چارہ,اشنايي
بھائي چارہ,برادري
بھائي چارہ,خصوصيت
بھائي چارہ,دوستي
بھائي چارہ,صحابت
بھائي چارہ,قهر كردن
بھائي چارہ,مهر
بھائي چارہ,ياري
بھابي,دوستان
بھابي,دوستيابي
بھابي,فاتحه
بھابي,هجر
بھابي,پايه
بھابياں,دوستان
بھابياں,دوستيابي
بھابياں,فاتحه
بھابياں,هجر
بھابياں,پايه
بھابيو,دوستان
بھابيو,دوستيابي
بھابيو,فاتحه
بھابيو,هجر
بھابيو,پايه
بھابيوں,دوستان
بھابيوں,دوستيابي
بھابيوں,فاتحه
بھابيوں,هجر
بھابيوں,پايه
بھابھي,دوستان
بھابھي,دوستيابي
بھابھي,فاتحه
بھابھي,هجر
بھابھي,پايه
بھادوں,جماديالثاني
بھادوں,خرداد
بھادوں,دانگ
بھادوں,سنبله
بھادوں,ششم
بھادوں,شهريور
بھادوں,عيد فطر
بھادوں,قمري
بھادوں,لا
بھادوں,ماهي
بھادوں,هندي
بھارت,فوجدار
بھاري,اب سنگين
بھاري,تكيدن
بھاري,خفيف
بھاري,دبل
بھاري,سنگين
بھاري,شلاب
بھاري,ياعلي
بھاري,گران
بھاري,گرنگ
بھاشا,اباداني
بھاشا,لبظ
بھاشا,لغت
بھاشا,لهجه
بھاشا,لوظ
بھاشا,هزارگي
بھاشا,گويش
بھاشن,درس
بھاشن,سخنراني
بھاشن,مستمع
بھاشنوں,درس
بھاشنوں,سخنراني
بھاشنوں,مستمع
بھاشيہ,بهانه
بھاشيہ,تاويل
بھاشيہ,تشريح
بھاشيہ,تصريح
بھاشيہ,تعريف
بھاشيہ,توضيح
بھاشيہ,نمايش
بھاشيہ,ياساق
بھاشيہ,گشايش
بھاكھا,هندي
بھالو,اشرج
بھالو,خرس تنبل
بھالو,زرافه
بھالو,پستاندار
بھانجا,خواهري
بھانجا,لوط
بھانجو,خواهري
بھانجو,لوط
بھانجوں,خواهري
بھانجوں,لوط
بھانجي,خواهري
بھانجي,قطع
بھانجياں,خواهري
بھانجيو,خواهري
بھانجيوں,خواهري
بھانجے,خواهري
بھانجے,لوط
بھانگ,بنگ
بھانگ,بنگي
بھانگ,شاهدانه
بھاپ,ان
بھاپ,بخار
بھاپ,بخاري
بھاپ,حبس كردن
بھاپ,دم
بھاپ,رمق
بھاپ,نفس
بھاپ,نفس كشيدن
بھاپ,نكهت
بھاپ,وشم
بھاپ,گاز
بھاڑ ميں جاؤ,اتش زدن
بھاڑ ميں جاؤ,افروختن
بھاڑ ميں جاؤ,جحيم
بھاڑ ميں جاؤ,جهنم
بھاڑ ميں جاؤ,دوزخ
بھاڑ ميں جاؤ,زقوم
بھاڑ ميں جاؤ,سختن
بھاڑ ميں جاؤ,سقر
بھاڑ ميں جاؤ,سوخت
بھاڑ ميں جاؤ,سوختن
بھاڑ ميں جاؤ,سوختگي
بھاڑ ميں جاؤ,نه بابا
بھاڑ ميں جاؤ,گر
بھاڑا,اجاره
بھاڑا,ارابه
بھاڑا,حمل
بھاڑا,درشكه
بھاڑا,دليجان
بھاڑا,عرابه
بھاڑا,قنداق
بھاڑا,كالسكه
بھاڑا,كرايه
بھاڑا,مزد
بھاڑا,مستاجري
بھاڑا,واگن
بھاڑا,چاك
بھاڑا,گردون
بھاگ,اجاره
بھاگ,باژ
بھاگ,باژبان
بھاگ,باژدار
بھاگ,بهر
بھاگ,جاگير
بھاگ,سهم
بھاگ,عملكرد
بھاگ,قسمت كردن
بھاگ,كرايه
بھاگ,مستاجري
بھاگ,نصيب
بھاگ,نيابه
بھاگ,چاك
بھاگنا,تور
بھاگنا,تول
بھاگنا,فرار كردن
بھاگنا,گرختن
بھاگنا,گريختن
بھاگيہ,اتفاقا
بھاگيہ,احيانا
بھاگيہ,از قضا
بھاگيہ,برخوردن
بھاگيہ,تصادفي
بھاگيہ,شانس
بھاگيہ,فرصت
بھاگيہ,قضا
بھاگيہ,مجال
بھاگيہ وان,خجسته
بھاگيہ وان,خدايي
بھاگيہ وان,خوباني
بھاگيہ وان,خوشبخت
بھاگيہ وان,روزبه
بھاگيہ وان,فرخ
بھاگيہ وان,فرخنده
بھاگيہ وان,كامران
بھاگيہ وان,همايون
بھتيجا,لوط
بھجن,ارادت
بھجن,بندگي
بھجن,سرود
بھجن,غلامي
بھجن,گاه
بھرم,توهم
بھرم,خيال
بھرم,هذيان
بھرم,وهم
بھرم,يان
بھرن,ابقا
بھرن,اجرا
بھرن,بولاني
بھرن,تهچين
بھرن,حمل
بھرن,ديه
بھرن,ساپورت
بھرن,صندل
بھرن,غافل
بھرن,كميسيون
بھرن,مجري
بھرن,پر كردن
بھرن,پروردگار
بھرن,پرورش
بھرنا,اكندن
بھرنا,انباردن
بھرنا,انباشتن
بھرنا,باد زدن
بھرنا,درگرفتن
بھرنا,پر كردن
بھكت,سالك
بھكت,عابد
بھكت,مخلص
بھكت,مريد
بھكت,پرستار
بھكتي,ارادت
بھكتي,استقامت
بھكتي,حرمت
بھكتي,حق نمك
بھكتي,راستي
بھكتي,ستايش
بھكتي,نيايش
بھكتي,وفا
بھلكڑ,بيپروا
بھنجك,تازه
بھنجك,تخريب
بھنجك,جنايتكار
بھنجك,خبرفوري
بھنجك,قطع
بھنور,دوران
بھنور,زر
بھنور,غلط
بھنور,نول
بھنور,چرخش
بھنور,گرداب
بھنور,گردش
بھنڈ,خراب
بھنڈ,دوستكان
بھنڈ,دوستگان
بھنڈ,سرخوش
بھنڈ,مدهوش
بھنڈ,مست
بھنڈ,نشئه
بھوت,استويهاد
بھوت,بدرنگ
بھوت,بغامه
بھوت,جن
بھوت,ديو
بھوت,دژخيم
بھوت,روح
بھوت,زشت
بھوت,قبيح
بھوت,ورخچ
بھوتل,بره
بھوتل,بستر
بھوتل,جريب
بھوتل,خرمن
بھوتل,رنده
بھوتل,رويه
بھوتل,زبر
بھوتل,سطح
بھوتل,سطحي
بھوتل,صفحه
بھوتل,طبقه
بھوتل,كف
بھوتل,موكت
بھوتل,همكف
بھوتل,پيست
بھوتني,بدرنگ
بھوتني,دژخيم
بھوتني,زشت
بھوتني,قبيح
بھوتني,ورخچ
بھور,اشراق
بھور,طلوع
بھور,هاون
بھور,چاشت
بھوسڑي,الت
بھوسڑي,سوراخ كس
بھوسڑي,فرج
بھوسڑي,قس
بھوسڑي,كس
بھوسڑي,كص
بھوسڑي,مهبل
بھوسڑي,نيام
بھوسڑي,واژن
بھوسڑي كے,جلب
بھوسڑي كے,حرامزاده
بھوسڑي كے,خاص
بھوسڑي كے,خشوك
بھوسڑي كے,روسپي
بھوسڑي كے,روسپيزاده
بھوسڑي كے,سندره
بھوسڑي كے,سياهه
بھوسڑي كے,شلف
بھوسڑي كے,غر
بھوسڑي كے,فاحشه
بھوسڑي كے,كسكش
بھوسڑي كے,مول
بھوك,اشتها
بھوك,اعتصاب غذا
بھوك,تشنگي
بھوك,شوق
بھوك,هوس
بھوك,گرسنگي
بھوكا,استفراغ
بھوكا,استكمال
بھوكا,جو
بھوكا,خسيس
بھوكا,درويش
بھوكا,زمخت
بھوكا,فرياد
بھوكا,محتاج
بھوكا,مستضعفان
بھوكا,مستمند
بھوكا,ناشتا
بھوكا,گدا
بھوكا,گرسنه
بھوكي,ناشتا
بھوكي,گرسنه
بھوكے,ناشتا
بھوكے,گرسنه
بھولنا,از خاطر بردن
بھولنا,از دل نرود هر انكه از ديده برفت
بھولنا,از ياد بردن
بھولنا,به فراموشي سپردن
بھولنا,جا گذاشتن
بھولنا,فراموش كردن
بھولنا,فراموشيدن
بھولنا,ولش كن
بھولنا,ياد رفتن
بھولنا,چشمپوشي كردن
بھومكا,الگو
بھومكا,اوكي
بھومكا,برداشت
بھومكا,تكليف
بھومكا,ديباچه
بھومكا,رل
بھومكا,عملكرد
بھومكا,فاتحه
بھومكا,كاركرد
بھومكا,مقدمه
بھومكا,نقش
بھومكا,هندي
بھومكا,يت
بھومكا,گماشتن
بھومي,ارض
بھومي,بستر
بھومي,بوم
بھومي,خاك
بھومي,خرمن
بھومي,زمين
بھومي,طبقه
بھومي,كشور
بھومي,كف
بھومي,موكت
بھومي,همكف
بھومي,پيست
بھون,سراي
بھون,كاخ
بھون,كوشك
بھونكنا,سپوختن
بھونكنا,چاقو زدن
بھوٹان,اسياي جنوبي
بھوٹان,بوتان
بھوٹان,هندوستان
بھوگول,جغرافي
بھوگول,جغرافيا
بھوگول,كره
بھوگول,ماهچه
بھيا,ابجي
بھيا,اتخاذ
بھيا,اغا
بھيا,باجي
بھيا,برادر
بھيا,بزرگتر
بھيا,تحصن
بھيا,حريف
بھيا,خانگاه
بھيا,خود را گول زدن
بھيا,خود نوشتن
بھيا,خويش
بھيا,رفيق
بھيا,سيستان
بھيا,كاكا
بھيا,كلان
بھيا,متحصن
بھيا,پا به سن گذاشتن
بھيا,پرداختن
بھيا,چترنگ
بھيانك,ارعاب
بھيانك,انر
بھيانك,بختك
بھيانك,بيمناك
بھيانك,ترسناك
بھيانك,خراب
بھيانك,خوفناك
بھيانك,سهمگين
بھيانك,هولناك
بھيانك,وحشتناك
بھيجنا,ارسال كردن
بھيجنا,برگرداندن
بھيجنا,راهي كردن
بھيجنا,رهسپار كردن
بھيجنا,روانه كردن
بھيجنا,فرسادن
بھيجنا,فرستادن
بھيجنا,پست كردن
بھيد,اثر
بھيد,اختلاف
بھيد,بردك
بھيد,تبعيض
بھيد,تفاضل
بھيد,تفاوت
بھيد,تميز
بھيد,خبر ندارم
بھيد,راز
بھيد,رد
بھيد,رمز
بھيد,سررشته
بھيد,سرند
بھيد,طلسم
بھيد,غربال
بھيد,فرق
بھيد,فرق كردن
بھيد,لغز
بھيد,معما
بھيد,نقش
بھيد,پي
بھيد,◌ؖ
بھيد بھاو,تبعيض
بھيد بھاو,تميز
بھيد بھاو,فرق
بھيد بھاو,نابرابري
بھيس,ادا
بھيس,بعدي
بھيس,تاسي
بھيس,تشريف
بھيس,تقليد
بھيس,تلبيس
بھيس,تيره
بھيس,خواستگاري
بھيس,رديف
بھيس,مالاكان
بھيس,متوالي
بھيس,مذهب
بھيس,ياعلي
بھيك,خيرات
بھيك,صدقه
بھينا,برادر شوهر
بھينا,داماد
بھينا,شاه
بھينا,هيور
بھينس,بيده
بھينس,تاكيد
بھينس,ترنج
بھينس,خاص
بھينس,خاصه
بھينس,خفيف
بھينس,دانه
بھينس,سبزه
بھينس,سبزهزار
بھينس,سرسبز
بھينس,علف
بھينس,علف بايد به دهان بزي شيرين بيايد
بھينس,غرغاو
بھينس,غرواس
بھينس,فسنجان
بھينس,قدسي
بھينس,قرمز
بھينس,كل
بھينس,ماهي
بھينس,ماهي را هر وقت از اب بگيري تازه است
بھينس,مختص
بھينس,واش
بھينس,ويژه
بھينس,ويژگي
بھينس,يافت شدن
بھينس,يان
بھينس,پشيز
بھينس,گاوميش
بھينس,گياه
بھيڑ,ازدحام
بھيڑ,انبوه
بھيڑ,بره
بھيڑ,بلوك
بھيڑ,بيده
بھيڑ,جماعت
بھيڑ,جمع
بھيڑ,جمعيت
بھيڑ,جنجال
بھيڑ,دام
بھيڑ,دنگل
بھيڑ,شلوغي
بھيڑ,كل
بھيڑ,ميش
بھيڑ,ميشين
بھيڑ,نر
بھيڑ,پاچه
بھيڑ,گاش
بھيڑ,گوسفند
بھيڑيا,گرگ
بھٹي,تنور
بھٹي,فر
بھٹي,كوره
بھڑ,بوز
بھڑ,زنبور
بھڑ,زنبورك
بھگدڑ,اژير
بھگدڑ,ترافيك
بھگدڑ,تردد
بھگدڑ,تكاپو
بھگدڑ,تول
بھگدڑ,وحشت
بھگدڑ,پياده
بھگدڑ,چراغ راهنمايي
بھگود گيتا,گيتا
بہاء اللہ,بهاءالله
بہادر,بهادر
بہادر,جيغه
بہادر,قهرمان
بہادر,مبارز
بہادر,ناضل
بہادر,پهلو
بہادر,پهلوان
بہادري,جوانمردي
بہادري,شجاعت
بہار,ادا
بہار,ارغواني
بہار,اشراق
بہار,افرنگ
بہار,اورند
بہار,برنا
بہار,بها
بہار,بهاء
بہار,بهار
بہار,بهارنارنج
بہار,جلوه
بہار,جوان
بہار,جواني
بہار,خردسال
بہار,خوره
بہار,راي
بہار,رونق
بہار,ريدك
بہار,ستايش
بہار,شاب
بہار,شكفتن
بہار,شكوفا
بہار,شكوفه
بہار,شكوفه دادن
بہار,شكوه
بہار,شهرت
بہار,شوكت
بہار,صبي
بہار,صدراعظم
بہار,عز
بہار,عنفوان
بہار,فاخر
بہار,فخر
بہار,فر
بہار,قشنگي
بہار,محرك بيحركت
بہار,نخستوزير
بہار,نزاكت
بہار,نوجوان
بہار,نوچه
بہار,وزير اعظم
بہاران,ارغواني
بہاران,بهار
بہاران,بهارنارنج
بہاران,شكفتن
بہاران,شكوفا
بہاران,شكوفه
بہاران,شكوفه دادن
بہت,بدحجاب
بہت,بس
بہت,بسنده
بہت,دستي
بہت,كافي
بہت,مجان
بہتان,اتهام
بہتان,افترا
بہتان,الزام
بہتان,انگ
بہتان,اژگهان
بہتان,باطل
بہتان,بهتان
بہتان,تهمت
بہتان,دجال
بہتان,دندان مصنوعي
بہتان,شلتاق
بہتان,غلط
بہتان,غيبت
بہتان,كاذب
بہتانوں,اتهام
بہتانوں,افترا
بہتانوں,الزام
بہتانوں,انگ
بہتانوں,اژگهان
بہتانوں,باطل
بہتانوں,بهتان
بہتانوں,تهمت
بہتانوں,دجال
بہتانوں,دندان مصنوعي
بہتانوں,شلتاق
بہتانوں,غلط
بہتانوں,غيبت
بہتانوں,قدح
بہتانوں,كاذب
بہتر,ارشد
بہتر,از ما بهتران
بہتر,اعلي
بہتر,برتر
بہتر,به
بہتر,بهتر
بہتر,دروغ مصلحت اميز به از راست فتنه انگيز
بہتر,رند
بہتر,شفا دادن
بہتر,مافوق
بہتر,ماهي را هر وقت از اب بگيري تازه است
بہتر,مولا
بہتر,پيشوا
بہر حال,با اين حال
بہر حال,با اين همه
بہر حال,باري
بہر حال,باز هم
بہر حال,خب
بہر حال,در هر حال
بہر حال,ليك
بہرا,كر
بہرا,كر هستم
بہرا,كرم
بہرا,ناشنوا
بہرام,بهرام
بہرام,ترك
بہرام,تيخ
بہرام,تيغ
بہرام,دشنه
بہرام,ذوالفقار
بہرام,شمشير
بہرام,مارس
بہرام,مريخ
بہرام,هندوايراني
بہرام,پلارك
بہرام,چكاچاك
بہروز,بهروز
بہمن,بهمن
بہمن,صدر
بہمن,يازدهم
بہمن,يوسف
بہن,دخترخاله
بہن,دختردائي
بہن,دخترعمه
بہن,دخترعمو
بہن,همشيره
بہن,همنيا
بہن,پسرخاله
بہن,پسردائي
بہن,پسرعمه
بہن,پسرعمو
بہن چود,خاركسه
بہن چود,دشنام
بہن چود,سركوب
بہن چود,ضرب و شتم
بہنا,جاري بودن
بہنا,جريان
بہنا,روند
بہنا,سيلان
بہنا,شاريدن
بہنا,شناور بودن
بہنا,نوار مثانه
بہنا,پروسه
بہنوئي,برادر شوهر
بہنوئي,داماد
بہنوئي,شاه
بہنوئي,هيور
بہنوئيو,برادر شوهر
بہنوئيو,داماد
بہنوئيو,شاه
بہنوئيو,هيور
بہنوئيوں,برادر شوهر
بہنوئيوں,داماد
بہنوئيوں,شاه
بہنوئيوں,هيور
بہو,اخيرا
بہو,بني ادم
بہو,تازه
بہو,سنار
بہو,سنه
بہو,سن‍هار
بہو,شيره
بہو,عروس
بہو,كيلين
بے,الفبا
بے,الفباي اوانگاري بينالمللي
بے,بي
بے,سين
بے,كمابيش
بے,كمتر
بے,لام
بے,نا
بے,نون
بے,هي
بے ايمان,بيايمان
بے ايمان,بيدين
بے تحاشا,حيوان
بے تحاشا,سراسيمه
بے ترتيب,شوريدن
بے ترتيب,مغشوش
بے ترتيب,يدن
بے ترتيب,چريك
بے خبر,ابله
بے خبر,اعمي
بے خبر,بيخبر
بے خبر,بيپروا
بے خبر,جاهل
بے خبر,خنگ
بے خبر,سوتي دادن
بے خبر,غافل
بے خبر,فرناس
بے خبر,كاليو
بے خبر,كودن
بے خبر,نادان
بے خبر,پوچ
بے خبري,تجاهلالعارف
بے روزگاري,بيكاري
بے زبان,لال
بے شرم,بيشرم
بے شرم,شوخ
بے شك,استينه
بے شك,بالكل
بے شك,حسابي
بے شك,شاد باد
بے شك,شايد
بے شك,كاملا
بے شك,كل
بے شك,لاجرم
بے شك,مگر
بے شك,نيست و نابود
بے شك,يقينا
بے شك,گاس
بے شك,گويا
بے عزتي,افترا
بے عزتي,انگ
بے عزتي,اهانت
بے عزتي,بياحترامي
بے عزتي,تهمت
بے عزتي,توهين كردن
بے عزتي,دشنام
بے عزتي,ذلت
بے عزتي,رسوايي
بے عزتي,عيب
بے عزتي,غيبت
بے عزتي,ك م خ
بے عزتي,ناسزا
بے قابو,ترخان
بے قصور,افتاب مهتاب نديده
بے قصور,بيتقصير
بے قصور,بيگناه
بے قصور,غيرت
بے قصور,معصوم
بے قصور,منزه
بے قصور,پاك
بے قصور,پاكيزه
بے كار,بيكار
بے كار,بيهوده
بے كار,عاطل
بے كار,نابكار
بے مثال,بينظير
بے مثال,كم نظير
بے مثال,يگانه
بے نامي,اخوند
بے نامي,انان
بے نامي,خونبها
بے نامي,سوتي دادن
بے نامي,قطب
بے نامي,مسيحا
بے نامي,نماز خواندن
بے نظير,بينظير
بےنامز,ناسزا
تا,المان
تا,بن
تا,تا
تا,تا وقتي كه
تا,جرمني
تا,سوازيلند
تا,شاهنامه
تا,عده
تا,قوس
تاب,تاب
تاباني,تاباني
تابد,تابد
تابدار,تابدار
تابش,اشراق
تابش,افرنگ
تابش,برق
تابش,تابش
تابش,راديوتراپي
تابش,رخت
تابش,طمطراق
تابش,فر
تابش,پرتو
تابش,پرتو زدن
تابش,پرتودرماني
تابع,تابع
تابم,تابم
تابناك,تابناك
تابندگي,تابندگي
تابندہ,ابدار
تابندہ,بامي
تابندہ,تابان
تابندہ,تابش
تابندہ,منير
تابي,تابي
تابيد,تابيد
تابہ,تاوه
تابہ,توه
تابہ,ماهيتابه
تابہ,ناو
تاتار,تاتار
تاتارستان,تاتارستان
تاتارستان,تگزاس
تاتارستان,حيدراباد
تاتارستان,داغستان
تاتارستان,كوالالامپور
تاتارستان,كولمبيا
تاتارستان,مسكو
تاتاري,تاتاري
تاثر,تاثر
تاثير,اثر
تاثير,اثر گلخانهاي
تاثير,تاثير
تاثير,حاصل
تاثير,سرايت
تاثير,كارگر
تاثير,كرن
تاثير,مر
تاثير,مهر
تاثير,نافذ
تاثير,نتيجه
تاثير,نقش
تاثير,نهاد
تاثيرش,تاثيرش
تاج,افسر
تاج,تاج
تاج,تارك
تاج,سنگاپور
تاج,شاهزاده
تاج,كلاه
تاج,وليعهد
تاج,چكاد
تاج,گرزن
تاج محل,اثر
تاج محل,اگرا
تاج محل,برق انداز
تاج محل,تاج محل
تاج محل,تاجمحل
تاج محل,جهانگير
تاج محل,خان
تاج محل,سواد
تاج محل,معماري
تاج محل,مهرازي
تاج محل,يادمان
تاج محل,يادگار
تاج محل,گنبد
تاج محل,گوركاني
تاج پوشي,تاجگذاري
تاجدار,تاجدار
تاجران,تاجران
تاختن,تاختن
تار,بند ناف
تار,تار
تار,تلگراف
تار,تلگرافخانه
تار,رسن
تار,ريسمان
تار,زيگ
تار,سيم
تار,سيمكش
تار,سيمگير
تار,كابل
تار,كيبل
تار,نيفه
تار گھر,تلگراف
تار گھر,تلگرافخانه
تارا,تم
تارا,تيله
تارا,حدقه
تارا,دانشاموز
تارا,دستيار
تارا,شاگرد
تارا,كاك
تارا,كالوج
تارا,كبوتر
تارا,كفتر
تارا,كمتر
تارا,مردم
تارا,مردمك
تارا,ميلاو
تاراج,تاراج
تارش,تارش
تارك,تارك
تارو,تارو
تارو,سيم
تارو,سيمگير
تاروں,سيم
تاروں,سيمگير
تاريخ,ادب
تاريخ,اديب
تاريخ,ارتباط
تاريخ,انتصاب
تاريخ,بيستون
تاريخ,بينالنهرين
تاريخ,تاريخ
تاريخ,تاريخچه
تاريخ,تايم
تاريخ,تعيين
تاريخ,تنظيم كردن
تاريخ,رابطه
تاريخ,زمان
تاريخ,زمانه
تاريخ,سابقه
تاريخ,سرگذشت
تاريخ,شماره
تاريخ,عصر
تاريخ,عهد
تاريخ,قريب
تاريخ,قهر كردن
تاريخ,كتيبة
تاريخ,ملاقات
تاريخ,مناسبت
تاريخ,منشور
تاريخ,ميعاد
تاريخ,نسبت
تاريخ,يوم
تاريخ,پهلوي
تاريخ,پي
تاريخچہ,بينالنهرين
تاريخچہ,تاريخ
تاريخچہ,تاريخچه
تاريخچہ,سابقه
تاريخچہ,پهلوي
تاريك,تاريك
تاريكي,تاريكي
تاريكي,تم
تاريكي,تمر
تاريكي,تيرگي
تاريكي,داج
تاريكي,سواد
تاريكي,سياهي
تاريكي,ظلمت
تاز,تاز
تازي,تازه
تازي,تازي
تازي,خام
تازي,خرم
تازي,خط
تازي,خنك
تازي,صندل
تازي,ماهي را هر وقت از اب بگيري تازه است
تازي,نو
تازہ,اصل
تازہ,اصلي
تازہ,اصيل
تازہ,تازه
تازہ,جنايتكار
تازہ,خام
تازہ,خبرفوري
تازہ,خرم
تازہ,خط
تازہ,خنك
تازہ,دستاويز
تازہ,راوي
تازہ,رمان
تازہ,سووشون
تازہ,صندل
تازہ,فارسيات
تازہ,ماهي را هر وقت از اب بگيري تازه است
تازہ,نو
تازہ,واپس
تازے,تازه
تازے,خام
تازے,خرم
تازے,خط
تازے,خنك
تازے,صندل
تازے,ماهي را هر وقت از اب بگيري تازه است
تازے,نو
تاش,ارشه
تاش,بازي
تاش,ديبا
تاش,زربفت
تاش,ناز و نياز
تاش,ورق
تاشقند,تاشكند
تاشقند,گنگ
تافت,تافت
تافتن,تافتن
تاك,تاك
تاكش,تاكش
تال,ابگير
تال,ارم
تال,استخر
تال,اسلحه
تال,اغوش
تال,باژ
تال,بركه
تال,تالاب
تال,تو
تال,جانه
تال,دست دادن
تال,ريتم
تال,شمر
تال,ضرب
تال,قصب
تال,كف
تال,كلنجار رفتن
تال,كول
تال,ليف
تال,مخ
تال,مخالفت
تال,نخل
تال,نخلستان
تال,نخله
تال,نشان
تال,يراق
تال,ژي
تالا,قفل
تالابندي,شهربندان
تالو,كام
تالو,كوم
تالي,تحسين
تالي,دست زدن
تالي,كف
تامل,تامل
تانا شاہي,ديكتاتوري
تاناشاہ,جابر
تاناشاہ,ديكتاتور
تاناشاہ,ساستا
تاناشاہ,ظالم
تانبا,مس
تانبا,مسي
تانبا,مسين
تانبا,پشيز
تاويل,تاويل
تاويلات,تاويلات
تايا,تغايي
تايا,خالو
تايا,دايي
تايا,دخترعمه
تايا,دخترعمو
تايا,عمه
تايا,عمو
تايا,كاكا
تايا,ماما
تايا,پدرانه
تايا,پسرعمه
تايا,پسرعمو
تاپنا,اتش زدن
تاپنا,اشپز
تاپنا,اشپزي كردن
تاپنا,افروختن
تاپنا,برشتن
تاپنا,بريان
تاپنا,تاب
تاپنا,تخمه
تاپنا,جوش
تاپنا,جوش امدن
تاپنا,جوشاندن
تاپنا,جوشوندن
تاپنا,جوشيدن
تاپنا,دنيدن
تاپنا,سختن
تاپنا,سر رفتن
تاپنا,سراشپز
تاپنا,سوخت
تاپنا,سوختن
تاپنا,سوختگي
تاپنا,كباب
تاپنا,ملايم
تاپنا,ملول
تاپنا,پختن
تاپنا,پزيدن
تاپنا,گر
تاپنا,گرم
تاڑ,قصب
تاڑ,كف
تاڑ,ليف
تاڑ,مخ
تاڑ,نخل
تاڑ,نخلستان
تاڑ,نخله
تاڑي,قصب
تاڑي,كف
تاڑي,ليف
تاڑي,مخ
تاڑي,نخل
تاڑي,نخلستان
تاڑي,نخله
تاہم,اما
تاہم,با اين حال
تاہم,با اين همه
تاہم,باز هم
تاہم,جام زهر
تاہم,ليك
تاہم,ليكن
تاہم,مگر
تب,از طرف ديگر
تب,انگاه
تب,باز
تب,بعد
تب,تب
تب,خب
تب,سپس
تب,فرات
تب,پس
تب,پلو
تبادلہ,انتقال
تبادلہ,حواله
تبادلۂ خيال,ابلاغ
تبادلۂ خيال,ارتباط
تبادلۂ خيال,انباكسينگ
تبادلۂ خيال,انترنيت
تبادلۂ خيال,اينترنت
تبادلۂ خيال,اينترنت ماهوارهاي
تبادلۂ خيال,بحث
تبادلۂ خيال,روتر
تبادلۂ خيال,فيلترشكن
تبادلۂ خيال,قطع كردن
تبادلۂ خيال,كافينت
تبادلۂ خيال,لايك
تبادلۂ خيال,مبحث
تبادلۂ خيال,مطرح
تبادلۂ خيال,مطرح كردن
تبادلۂ خيال,مناظره
تبادلۂ خيال,نامه
تبادلۂ خيال,چت
تبادلۂ خيال,چت كردن
تبادلۂ خيال,گپ
تبادلۂ خيال,گپ زدن
تباہ,اواره
تباہ,تباه
تباہ,خراب
تباہ,خراو
تباہ,سوختن
تباہ,هلاك
تباہ,ويران
تباہ,ويرانه
تبت,اسياي شرقي
تبت,تبت
تبت,خونيرث
تبت,ديار
تبت,سند
تبت,فارسستان
تبت,فلسطين
تبت,كشور
تبت,ميهن
تبت,هجران
تبت,وطن
تبت,پارس
تبديل,انتقال
تبديل,حواله
تبرير,احساس
تبرير,از دست دادن
تبرير,بخل
تبرير,به درد بخور
تبرير,تكان
تبرير,تند
تبرير,جا زدن
تبرير,حس
تبرير,حسادت
تبرير,حسد
تبرير,دستاويز
تبرير,دولت عميق
تبرير,رودربايستي
تبرير,رگبار
تبرير,سخت
تبرير,شديد
تبرير,شوق
تبرير,عاطفه
تبرير,عاطفي
تبرير,عميق
تبرير,غيرت
تبرير,فريادرس
تبرير,كلفت
تبرير,مابازاء
تبرير,مافوق
تبرير,مغ
تبرير,مغاك
تبرير,همدلي
تبرير,والا
تبرير,ولع
تبرير,وگرنه
تبرير,چقر
تبرير,چوقور
تبرير,ژرف
تبرير,گود
تبريز,تبريز
تبريز,تبريزي
تبريز,چارك
تبريزي,تبريزي
تبسم,تبسم
تبصرہ,انتقاد
تبصرہ,بازبيني
تبصرہ,تنقيد
تبصرہ,دوره
تبصرہ,سانسور
تبصرہ,مرور
تبصرہ,نقد ادبي
تتاري,تتاري
تتق,تتق
تتلي,سداب
تتلي,شبپره
تتلي,پروانه
تتلي,پرپروك
تجارت,تجارت
تجارت,سوداگري
تجارتي,انگ
تجارتي,تبليغ
تجارتي,تجاري
تجارتي,معامله
تجارتي ادارہ,انگ
تجارتي ادارہ,تبليغ
تجارتي ادارہ,تجاري
تجارتي ادارہ,معامله
تجاوز,جريمه
تجاوز,حد
تجاوز,دايره
تجاوز,سامان
تجاوز,عصيان
تجاوز,عفو
تجاوز,كنار
تجاوز,مر
تجديد,تجديد
تجربہ,ازمايش
تجربہ,ازمايش خون
تجربہ,ازمايش واحد
تجربہ,ازمودن
تجربہ,ازمودگي
تجربہ,ازمون
تجربہ,ازمون و خطا
تجربہ,امتحان
تجربہ,بختك
تجربہ,تجربه
تجربہ,تست
تجربہ,تست بارداري
تجربہ,دادرسي
تجربہ,محاكمه
تجربہ,محك
تجربہ,پروسه
تجربہ,پشت سر گذاشتن
تجربہ,چشيدن
تجزيہ,انحلال
تجزيہ,تجزيه
تجزيہ,تحليل
تجزيہ,حل
تجزيہ,زوال
تجزيہ كار,تحليلگر
تجسس,تجسس
تجلئي,تجلئي
تجلي,تجلي
تجلي،,تجلي،
تجليات,تجليات
تجمل,تجمل
تجھ,تو
تجھ,خصوصيت
تجھ,دمساز
تجھ,رودربايستي
تجھ,صميمي
تجھ,عيني
تجھ,قصد
تجھ,محرم
تجھ,مناجات
تجھ,منظور
تجھ,هدف
تجھ,همدم
تجھ,يار غار
تحت,تحت
تحرير,تحرير
تحريك,اتحاديه عرب
تحريك,استارتاپ
تحريك,افكندن
تحريك,بنگاه
تحريك,تك
تحريك,تكيدن
تحريك,جانبدارانه
تحريك,حركت
تحريك,خواستگاري
تحريك,دسيسه
تحريك,سازمان
تحريك,سازمان ملل متحد
تحريك,عيني
تحريك,قصد
تحريك,مسير
تحريك,منظور
تحريك,هاليوود
تحريك,هدف
تحريك,پروژه
تحريك,پلان
تحريك,پيشنهاد
تحريك,چرخش
تحفظ,ادب
تحفظ,اموزش
تحفظ,تحصيل
تحفظ,تعلم
تحفظ,حراست
تحفظ,حفظ
تحفظ,خفارت
تحفظ,دانايي
تحفظ,زناء
تحفظ,فضل
تحفظ,قانون بقاء
تحفظ,قانون بقاء انرژي
تحفظ,قم
تحفظ,محافظت
تحفظ,معرفت
تحفظ,نگهداري
تحفظ,يادگيري
تحقير,تحقير
تحقيق,بررسي
تحقيق,بررسي كردن
تحقيق,تاييد
تحقيق,تحقيق
تحقيق,تطبيق
تحقيق,تكاپو
تحقيق,حق
تحقيق,حقيقت
تحقيق,در حقيقت
تحقيق,در واقع
تحقيق,دروغ مصلحت اميز به از راست فتنه انگيز
تحقيق,راست
تحقيق,راست گفتن
تحقيق,راستش
تحقيق,راستي
تحقيق,رسيدگي
تحقيق,صدق
تحقيق,مطالعه
تحقيق,واقع
تحقيق,واقعيت
تحقيق,ياساق
تحقيق,پژوهش
تحقيق,پژوهش كردن
تحقيق,پژوهيدن
تحمل,تحمل
تحير,تحير
تخت,افرنگ
تخت,اورند
تخت,برنشستن
تخت,تخت
تخت,تخت طاووس
تخت,جلوس
تخت,سرير
تخت,عرش
تخت,مسند
تخت,گاه
تختہ,اراك
تختہ,الماري
تختہ,بوم
تختہ,تابلوي اعلانات
تختہ,تبلت
تختہ,تخته
تختہ,درود
تختہ,رسم كردن
تختہ,رف
تختہ,عرصه
تختہ,فتنه
تختہ,قرص
تختہ,هيئت
تختہ,گو
تخريب,تخريب
تخليق,انداختن
تخليق,باروري
تخليق,تخليق
تخليق,تولد
تخليق,توليد
تخليق,ريشه
تخليق,زادن
تخليق,زايمان زودرس
تخليق,زايمان طبيعي
تخليق,زايمان كردن
تخليق,زاييدن
تخليق,زه
تخليق,شناسنامه
تخليق,صنع
تخليق,طومار
تخليق,فراورده
تخليق,مجموعه
تخليق,پيدايش
تخم,اب كير
تخم,اب مني
تخم,اسپرم
تخم,افت
تخم,افت كردن
تخم,ال
تخم,اولاد
تخم,تبار
تخم,تخم
تخم,دانه
تخم,دودمان
تخم,عرق
تخم,مني
تخم,نام و نشان
تخم,نسل
تخم,نهنگ عنبر
تخم,نژاد
تخم,وال
تخم,پشت
تخم,چهر
تخم,گشناب
تخمين,تخمين
تخمہ,استخراج
تخمہ,اصل
تخمہ,افت
تخمہ,افت كردن
تخمہ,اولاد
تخمہ,اپوش
تخمہ,باروري
تخمہ,بضاعت
تخمہ,بورس
تخمہ,بيگزاده
تخمہ,تبار
تخمہ,ذخيره كردن
تخمہ,زاده
تخمہ,زمينه
تخمہ,زه
تخمہ,شاهزاده
تخمہ,شببوي
تخمہ,عرق
تخمہ,عيال
تخمہ,فرزند
تخمہ,مسلك
تخمہ,نسل
تخمہ,پشت
تخمہ,پير مغان
تخيل,انديشه
تخيل,ايده
تخيل,تخيل
تخيل,ترك
تخيل,خيال
تخيل,وهم
تخيل,پندار
تدبر,تدبر
تدبير,تدبير
تدبيرش,تدبيرش
تذرو,تذرو
تذكرہ,دبل
تر,تر
تر،,تر،
ترا,ترا
ترا،,ترا،
ترائي,ابخور
ترائي,ابپاش
ترائي,اوازه
ترائي,باتلاق
ترائي,بروشك
ترائي,به ستوه اوردن
ترائي,بوري
ترائي,تخار
ترائي,حوض
ترائي,حوضك
ترائي,خوي
ترائي,دره
ترائي,دري
ترائي,راغ
ترائي,سبزهزار
ترائي,سند
ترائي,ظرفشويي
ترائي,فردوس
ترائي,كند
ترائي,كنر
ترائي,لاي
ترائي,مرداب
ترائي,ناو
ترائي,واله دائوستا
ترائي,يغناب
ترائي,چمن
ترازو,ترازو
ترازو,تعادل
ترازو,درجه
ترازو,سلامت
ترازو,ميزان
ترازوئي,ترازوئي
ترازوي,ترازوي
تراش,تراش
تراشد,تراشد
تراشي,تراشي
تراشيدم,تراشيدم
تراني,تراني
ترانہ,اهنگ
ترانہ,دستان
ترانہ,سرود
ترانہ,سرود ملي
ترانہ,شهناز
ترانہ,لحن
ترانہ,نغمه
تراود,تراود
تراويح,ابوبكر
تراويح,اداره
تراويح,اضافه
تراويح,افطار
تراويح,اقامه
تراويح,برادري
تراويح,تراويح
تراويح,تسنن
تراويح,تكيه
تراويح,حاج
تراويح,رمضان
تراويح,روزه
تراويح,سني
تراويح,سياهي لشكر
تراويح,عمر
تراويح,عيد فطر
تراويح,قران
تراويح,كربلا
تراويح,محمد
تراويح,مشهدي
تراويح,مكه
تراويح,چينود
تربت,تربت
تربتش,تربتش
تربوز,ابخوست
تربوز,تربز
تربوز,تربوز
تربوز,هندوانه
تربوز,گل
تربيت,تربيت
ترتيب,اندام
ترتيب,ترتيب
ترتيب,دنباله
ترتيب,ردهبندي
ترتيب,رشته
ترتيب,سازش
ترتيب,شات
ترتيب,شماره
ترتيب,شگرد
ترتيب,قرار
ترتيب,معروف و مجهول
ترتيب,نشانگر
ترتيب,نمبر
ترجمان,ترجمان
ترجمان,ترگمان
ترجمان,تيلماچي
ترجمان,سخنگو
ترجمان,مترجم
ترجموں,برگردان
ترجموں,ترجمه
ترجموں,ترجمه ماشيني
ترجمہ,برداشت
ترجمہ,برگردان
ترجمہ,تاويل
ترجمہ,تحريم
ترجمہ,ترجمه
ترجمہ,ترجمه ماشيني
ترجمہ,تعبير
ترجمہ,زند
ترجمہ,گزارش
ترجمے,برگردان
ترجمے,ترجمه
ترجمے,ترجمه ماشيني
ترجيح,امتياز
ترجيح,اولويت
ترجيح,سر و برگ
ترجيح,فره
ترجيح,مذاق
ترجيح,پيشي
ترجيح,پيشي گرفتن
ترديد,ترديد
ترس,امان
ترس,بخشايش
ترس,بخشش
ترس,بخشودن
ترس,بدبخت
ترس,ترحم
ترس,ترس
ترس,حسرت
ترس,حيف
ترس,دلسوز
ترس,رحم
ترس,رحمت الله عليه
ترس,شوق
ترس,طفلك
ترس,كباب
ترس,مروت
ترس,مشتاق
ترس,مهر
ترس,ولع
ترس,ويس
ترس,ياسه
ترسا,ترسا
ترسان,ترسان
ترستي,ترستي
ترسد,ترسد
ترسم,ترسم
ترسوں,افطار
ترسوں,امس
ترسوں,انديشه نيك، گفتار نيك، كردار نيك
ترسوں,ايام
ترسوں,بوسني
ترسوں,بوسنيا
ترسوں,ثلاثه
ترسوں,ثلاثه غساله
ترسوں,ديروز
ترسوں,روزكي
ترسوں,روزي از روزها
ترسوں,سه
ترسوں,سه كاف
ترسوں,سيصد
ترسوں,صباح
ترسوں,صهيون
ترسوں,فردا
ترسوں,فرداشب
ترسوں,مرتبه
ترسوں,هفتسين
ترسوں,پخته
ترسوں,پري
ترسوں,پريروز
ترسوں,پس پريروز
ترسوں,پسفردا
ترسوں,پسفرداشب
ترسوں,پسينفردا
ترسوں,پسينفرداشب
ترسوں,پگاه
ترسوں,چله
ترسي,ترسي
ترش,ترش
ترقي,اباداني
ترقي,تحول
ترقي,ترقي
ترقي,توسعه
ترقي,روي
ترقي,كلنجار رفتن
ترقي,نمو
ترقي,پيش رفتن
ترقي,پيشرفت
ترقي,پيشرفت كردن
ترك,استفهام انكاري
ترك,اهل
ترك,ايل
ترك,بدحجاب
ترك,به سلامت
ترك,ترك
ترك,تركمن
ترك,تركي
ترك,تو
ترك,توران
ترك,خاطب
ترك,خطيب
ترك,شهروند
ترك,عثماني
ترك,عرب پرست
ترك,ميراث
ترك,همزبان
ترك,هيوادوال
ترك,وا
ترك,يغما
ترك,ينگه
ترك,پارسي بان
ترك,گوينده
تركان,تركان
تركستان,اوازه
تركستان,تركستان
تركستان,چين
تركستان,چين و ماچين
تركش,تركش
تركي,اخلاق
تركي,استم
تركي,اشتلم
تركي,اهانت
تركي,اواره
تركي,بطش
تركي,بيداد
تركي,تازي
تركي,تازيك
تركي,ترك
تركي,تركي
تركي,جفا
تركي,داد
تركي,ستم
تركي,شمايل
تركي,ظلم
تركي,نخوت
تركي,پروردن
تركي,گستاخي
تركيب,تركيب
تركيہ,تازيك
تركيہ,ترك
ترنم,ترنم
تري,انديشه نيك، گفتار نيك، كردار نيك
تري,بوسني
تري,بوسنيا
تري,تري
تري,ثلاثه
تري,ثلاثه غساله
تري,سه
تري,سه كاف
تري,سيصد
تري,مرتبه
تري,پخته
ترياقي,ترياقي
تريم,تريم
ترين,ترين
ترٹي,ازمون و خطا
ترٹي,اشتباه
ترٹي,اشتباه كردن
ترٹي,اهريمن
ترٹي,اهو
ترٹي,بربادي
ترٹي,تخريب
ترٹي,تقصير
ترٹي,تلف
ترٹي,خرابي
ترٹي,خطا
ترٹي,عيب
ترٹي,غلط
ترٹي,كاستي
ترٹي,نقص
ترٹي,هلاك
ترٹي,ياساق
تزلزل,تزلزل
تسبيح,تسبيح
تست,تست
تسخير,تسخير
تسكين,تسكين
تسلسل,تسلسل
تسلي,تسلي
تسليم,اباضيه
تسليم,اخذ
تسليم,اوكي
تسليم,باشه
تسليم,تسليم
تسليم,تصويب
تسليم,قبول
تسليم,پذيرش
تسنيم,تسنيم
تش,تش
تشريح,بهانه
تشريح,تاويل
تشريح,تشريح
تشريح,تصريح
تشريح,تعريف
تشريح,توضيح
تشريح,زند
تشريح,ياساق
تشكيل,احداث
تشكيل,استقرار
تشكيل,بار
تشكيل,برپايي
تشكيل,تاسيس
تشكيل,تشكيل
تشكيل,تشكيلات
تشكيل,خشكشويي
تشنگي,تشنگي
تشنہ,تشنه
تشويشناك,بيمناك
تشويشناك,ترسناك
تشويشناك,خوفناك
تشويشناك,سهمگين
تشويشناك,مين
تشويشناك,نعل در اتش
تشويشناك,هراسان
تشويشناك,هولناك
تصاوير,تصوير
تصاوير,شات
تصاوير,عكس
تصاوير,عكس گرفتن
تصدق,تصدق
تصديق,بررسي
تصديق,تاييد
تصديق,تصديق
تصديق,تطبيق
تصرف,تصرف
تصريف,صرف
تصميم,اهنگ
تصميم,تصميم
تصميم,تصميم گرفتن
تصميم,جام زهر
تصميم,عزم
تصميم,قرار
تصور,انعكاس
تصور,بازتابي
تصور,برهمن
تصور,برگشت
تصور,تامل
تصور,تخيل
تصور,تصور
تصور,خيال
تصور,سهل ممتنع
تصور,عكس
تصور,غور
تصور,فرتور
تصور,مفهوم
تصور,نه رومي روم، نه زنگي زنگ
تصور,وهم
تصور,يا رومي روم، يا زنگي زنگ
تصور,پندار
تصور,گشن
تصوف,تصوف
تصوير,استناد
تصوير,انباكسينگ
تصوير,ترسيم
تصوير,تصوير
تصوير,تماشا
تصوير,جلب
تصوير,خاتم
تصوير,خندان
تصوير,رسم
تصوير,زمينه
تصوير,شات
تصوير,شمايل
تصوير,صورت
تصوير,عكس
تصوير,عكس گرفتن
تصوير,عين
تصوير,فرتور
تصوير,قرعهكشي
تصوير,كليپ
تصوير,كنسول
تصوير,مدل
تصوير,نقاشي
تصوير,نقش
تصوير,نماهنگ
تصوير,نگار
تصوير,هاليوود
تصوير,ويديو
تصوير,ياساق
تصوير,پونز
تصويرش,تصويرش
تصويرو,تصوير
تصويرو,شات
تصويرو,عكس
تصويرو,عكس گرفتن
تصويروں,تصوير
تصويروں,شات
تصويروں,عكس
تصويروں,عكس گرفتن
تصويريں,تصوير
تصويريں,شات
تصويريں,عكس
تصويريں,عكس گرفتن
تعارف,اوكي
تعارف,برداشت
تعارف,ديباچه
تعارف,فاتحه
تعارف,مقدمه
تعالي,تعالي
تعبير,ايدهال
تعبير,برداشت
تعبير,بهانه
تعبير,تاويل
تعبير,تشريح
تعبير,تصريح
تعبير,تعبير
تعبير,تعريف
تعبير,توضيح
تعبير,خو
تعبير,خواب
تعبير,خواب ديدن
تعبير,رؤيا
تعبير,زند
تعبير,ساختمان
تعبير,شهركسازي
تعبير,صرف نظر
تعبير,نوم
تعبير,ياساق
تعبير,گزارش
تعجب,اوه
تعجب,تعجب
تعجب,حيرت
تعجب,خيره كردن
تعجب,سورپرايز
تعجب,سورپريز
تعجب,شگفت
تعجب,عجب
تعجب,كه
تعجب,متحير كردن
تعجب,مگر
تعجب,پشمام
تعدد,اكثر
تعدد,امار
تعدد,حال
تعدد,خصوصي
تعدد,درونه
تعدد,دشنهاجين
تعدد,زده
تعدد,ساپورت كردن
تعدد,فيزيك
تعدد,فيزيك نظري
تعدد,فيزيك هستهاي
تعدد,فيزيكي
تعدد,كولمبيا
تعدد,متعدد
تعدد,مكانيك
تعريف,اداره
تعريف,ارادت
تعريف,تحسين
تعريف,ترسيم
تعريف,تشريح
تعريف,تعريف
تعريف,توصيف
تعريف,جدول
تعريف,جدول تناوبي
تعريف,خوان
تعريف,خوانچه
تعريف,سيني
تعريف,شب يلدا
تعريف,صادر كردن
تعريف,صادرات
تعريف,صفت
تعريف,عزر
تعريف,فهرست
تعريف,كدبانو
تعريف,كندوري
تعريف,ميز
تعريف,نبيگ
تعريف,وارد كردن
تعريف,واردات
تعريف,وصف
تعريف,گزارش
تعصب,تعصب
تعطيل,بين التعطيلين
تعطيل,تعطيل
تعطيل,تعليق
تعطيل,عيد
تعطيل,قطع
تعلق,ارتباط
تعلق,اشنا
تعلق,اشنايي
تعلق,تعلق
تعلق,رابطه
تعلق,سازه
تعلق,سرگذشت
تعلق,قاچاق
تعلق,قريب
تعلق,قهر كردن
تعلق,معرفت
تعلق,مناسبت
تعلق,نسبت
تعليم,ارشاد
تعليم,اموزش
تعليم,تحصيل
تعليم,تدريس
تعليم,تربيت
تعليم,تعليم
تعليم,تلقين
تعليم,خواننده
تعليم,دانشاموز
تعليم,دانشجو
تعليم,دستيار
تعليم,راهنمايي
تعليم,رزمايش
تعليم,رهبري
تعليم,زورخانه
تعليم,شاگرد
تعليم,طالب
تعليم,فرهنگ
تعليم,كارخانگي
تعليم,ليسانس
تعليم,مدرسه
تعليم,مريد
تعليم,معرفت
تعليم,معلمي
تعليم,هدايت
تعليم,پرورش
تعليم,پند
تعمير,تعمير
تعويذ,تعويذ
تغافل,اهمال
تغافل,تغافل
تغافل,غفلت
تغافل,فراموشي
تغافل,كوتاهي
تغافل,نسيان
تغافل,چشمپوشي كردن
تغير,تغير
تغيير,بدتر
تغيير,بدعت
تغيير,تحويل
تغيير,گشتن
تف,تف
تفاح,سيب
تفاح,كخ
تفاح,مازو
تفاوت,تفاوت
تفسير,بهانه
تفسير,تاويل
تفسير,تشريح
تفسير,تصريح
تفسير,تعريف
تفسير,تفسير
تفسير,توضيح
تفسير,نمايش
تفسير,ياساق
تفسير,گشايش
تفصيل,بهانه
تفصيل,تاويل
تفصيل,تجزيه
تفصيل,تحليل
تفصيل,تشريح
تفصيل,تصريح
تفصيل,تعريف
تفصيل,تفصيل
تفصيل,تمييز دادن
تفصيل,توضيح
تفصيل,جزئيات
تفصيل,جيك
تفصيل,حل
تفصيل,ديدن
تفصيل,شناختن
تفصيل,ياساق
تفكر,تفكر
تفنگ,اسلحه
تفنگ,اسلحه گرم
تفنگ,تفنگ
تفنگ,ضامن
تفنگ,قنداق
تفنگ,كلاشينكف
تفنگ,چخماق
تقاضا,تقاضا
تقاضاي,تقاضاي
تقبيل,تقبيل
تقدس,تقدس
تقدس,قدسيت
تقدير,تقدير
تقدير,جبر
تقدير,قدر
تقديرش,تقديرش
تقديرم,تقديرم
تقريب,تقريب
تقريبا,ايليريا
تقريبا,تقريبا
تقريبا,قريب
تقريبا,كعبه
تقريبا,ماه
تقريبا,پرده
تقرير,تقرير
تقسيم,بازاريابي
تقسيم,بخشيدن
تقسيم,تقسيم
تقسيم,توزيع
تقسيم,تيغه
تقسيم,حائل
تقسيم,پخش
تقصير,اشتباه
تقصير,اشتباه كردن
تقصير,الزام
تقصير,اهو
تقصير,بار
تقصير,بهانه
تقصير,تقصير
تقصير,خدشه
تقصير,خرده گرفتن
تقصير,خطا
تقصير,سرزنش
تقصير,عيب
تقصير,غلط
تقصير,كاستي
تقصير,مقصر
تقصير,ملامت
تقصير,نقص
تقصير,نكوهيدن
تقصير,گناه
تقطيع,بافت
تقطيع,برش
تقطيع,تشريح
تقطيع,زمينه
تقطيع,شهركسازي
تقطيع,قرينة
تقطيع,قطع
تقطيع,كات
تقطيع,كالبدشكافي
تقطيع,متن
تقطيع,هندي
تقطيع,يوسه
تقطيع,پيراستن
تقليد,ادا
تقليد,تصوير
تقليد,تطابق
تقليد,تطبيق
تقليد,تقلبي
تقليد,تقليد
تقليد,تماشا
تقليد,جعل
تقليد,جعلي
تقليد,شمايل
تقليد,طبق
تقليد,مدل
تقليد,موافقت
تقليد,وفق
تقوي,استنجا
تقوي,استنجاء
تقوي,تقوا
تقوي,تقوي
تقوي,خويشتنداري
تقوي,ديانت
تقوي,روزه
تقوي,صيام
تقوي,عفت
تقوي,پرهيز
تقويم,تقويم
تك,تك
تكبر,استكبار
تكبر,برتني
تكبر,خودپسندي
تكبر,دماغ
تكبر,شيخي
تكبر,گستاخي
تكبير,تكبير
تكرار,تكرار
تكلف,تكلف
تكلم,تكلم
تكليف,ابتلا
تكليف,ازار
تكليف,اشكال
تكليف,برامدن
تكليف,بلا
تكليف,بلاي عشق
تكليف,خونسرد
تكليف,درد
تكليف,دشواري
تكليف,دچار
تكليف,ذلت
تكليف,رنج
تكليف,سوگ
تكليف,سيج
تكليف,مبتلا
تكليف,محنت
تكليف,مست
تكليف,مشقت
تكليف,مشكل
تكليف,گذراندن
تكليف,گير كردن
تكميل,اتمام
تكميل,اخه
تكميل,اكمال
تكميل,انجام
تكميل,سر
تكميل,سرانجام
تكميل,سنگ تمام گذاشتن
تكميل,فرجام
تكميل,نتيجه
تكميل,پاكي
تكميل,پايان
تكوين,تكوين
تكيہ,ابانبار
تكيہ,اديار
تكيہ,اسايش
تكيہ,بالش
تكيہ,بالين
تكيہ,بنه
تكيہ,تقويت كردن
تكيہ,تكيه
تكيہ,تكيهگاه
تكيہ,توكل
تكيہ,حال
تكيہ,خانقاه
تكيہ,خصوصي
تكيہ,درونه
تكيہ,دير
تكيہ,راحت
تكيہ,راحتي
تكيہ,رزرو كردن
تكيہ,زاپاس
تكيہ,زده
تكيہ,ساپورت كردن
تكيہ,سرين
تكيہ,غنودن
تكيہ,قرار
تكيہ,كمك
تكيہ,كوسن
تكيہ,ماوا
تكيہ,متكا
تكيہ,مسند
تكيہ,مقر
تكيہ,نوبهار
تكيہ,نول
تكيہ,پايه
تكيہ,پشتي
تكيہ دار,ابدال
تكيہ دار,خرقه
تكيہ دار,درويش
تكيہ نشين,ابدال
تكيہ نشين,خرقه
تكيہ نشين,درويش
تكھان,درگر
تكھان,نجار
تل,ارده
تل,تل
تل,خال
تل,كرپي
تل,كنجد
تل چٹا,سوسك
تل چٹا,مادر كيكان
تلا,اساس
تلا,بيخ
تلا,ترازو
تلا,تعادل
تلا,ته
تلا,درجه
تلا,ريشه
تلا,زيربنا
تلا,سلامت
تلا,شيب
تلا,فرومايه
تلا,مبنا
تلا,ميزان
تلا,پايه
تلا,پايگاه
تلاش,تلاش
تلاطم,تلاطم
تلافي,تلافي
تلاوت,تلاوت
تلاوت,تلقين
تلاوت,شاهنامهخواني
تلخ,بهمن
تلخ,تلخ
تلخ,تهل
تلخ,زقوم
تلخ,سرد
تلخ,شرنگ
تلخ,مر
تلخ,نارنج
تلخ,نارنگ
تلخاب,تلخاب
تلخي,تلخي
تلخي,سردي
تلخي,گردش
تلسي,ريحان
تلف,تلف
تلفظ,الي
تلفظ,با
تلفظ,بشردوست
تلفظ,ترابي
تلفظ,تلفظ
تلفظ,سوال
تلفظ,صب
تلفظ,كد
تلفظ,لفظ
تلك,تلك
تلنگانہ,ازل
تلنگانہ,تاتارستان
تلنگانہ,تاليوود
تلنگانہ,ترنج
تلنگانہ,تگزاس
تلنگانہ,حيدراباد
تلنگانہ,راجستان
تلنگانہ,مجسمه
تلنگانہ,مخلوق
تلوار,تيخ
تلوار,تيغ
تلوار,دشنه
تلوار,ذوالفقار
تلوار,شمشير
تلوار,چكاچاك
تلواريں,تيخ
تلواريں,تيغ
تلواريں,دشنه
تلواريں,ذوالفقار
تلواريں,شمشير
تلواريں,چكاچاك
تلون,تلون
تلہن,خرمن
تلہن,كرپا
تلہن,محصول
تم,تم
تم,جاگير
تم,جمله
تم,سفرهخانه
تم,شخص
تم,شخصيت
تم,شما
تم,عيني
تم,فرد
تم,فنا
تم,قصد
تم,كتلت
تم,مناجات
تم,منظور
تم,هدف
تم,واحد
تم,پفك
تماشا,تفريح
تماشا,تماشا
تماشا,تنقل
تماشا,سرگرمي
تماشا,شغل
تماشا,نمايش
تماشا,نمايشگاه
تماشا،,تماشا،
تماشائي,تماشائي
تماشاي,تماشاي
تماشہ,تفريح
تماشہ,تماشا
تماشہ,تنقل
تماشہ,سرگرمي
تماشہ,شغل
تماشہ,نمايش
تماشہ,نمايشگاه
تمام,تمام
تمامي,تمامي
تمبوڑي,بوز
تمبوڑي,راز
تمبوڑي,زنبور
تمبوڑي,زنبورك
تمثال,تمثال
تمركز,امپراتوري عثماني
تمركز,تمركز
تمركز,عثماني
تمركز,پهلويسم
تمرين,تكيدن
تمرين,تمرين
تمرين,رزمايش
تمرين,كباده
تمرين,مشق
تمرين,نرمش
تمرين,ورز
تمرين,ورزش
تمرين,ورزش كردن
تمرين,ورزيدن
تمغا,ائين
تمغا,اذين
تمغا,ارايش
تمغا,انگ
تمغا,بارگنج
تمغا,باژ
تمغا,بضاعت
تمغا,تزيين
تمغا,تلطيف
تمغا,جنس
تمغا,خاتم
تمغا,دانشنامه
تمغا,ديپلم
تمغا,رخت
تمغا,زمينه
تمغا,زيور
تمغا,قاچاق
تمغا,قرنطينه
تمغا,كالا
تمغا,كانتينر
تمغا,مدال
تمغا,منزل
تمغا,نشان
تمغا,نوار
تمغا,وارد
تمغا,وارد شدن
تمكين,تمكين
تملق,تملق
تملق,شيوه
تملق,لوس
تمنا,التماس
تمنا,تمنا
تمنا,لابه
تمنا,نياز
تمنا,همت
تمنا,يارب
تمناؤ,التماس
تمناؤ,تمنا
تمناؤ,لابه
تمناؤ,نياز
تمناؤ,همت
تمناؤ,يارب
تمناؤں,التماس
تمناؤں,تمنا
تمناؤں,لابه
تمناؤں,نياز
تمناؤں,همت
تمناؤں,يارب
تمنائي,تمنائي
تمنائيں,التماس
تمنائيں,تمنا
تمنائيں,لابه
تمنائيں,نياز
تمنائيں,همت
تمنائيں,يارب
تمناي,تمناي
تمنچہ,تپانچه
تميز,اخلاق
تميز,ادا
تميز,اداب
تميز,ادب
تميز,اشنايي
تميز,امتياز
تميز,بارگاه
تميز,بد اخلاق
تميز,تبعيض
تميز,تربيت
تميز,تعارف
تميز,تميز
تميز,خان
تميز,دنگل
تميز,شناخت
تميز,شناسايي
تميز,عراف
تميز,قدرت متوسط
تميز,نزاكت
تمہارا,ايورم
تمہارا,تان
تمہارا,تولدت
تمہارا,جمله
تمہارا,خود
تمہارا,شان
تمہارا,شما
تمہارا,عزيزم
تمہارا,كيرم دهنت
تمہارا,مال
تمہارا,مان
تمہارا,پا
تن,تن
تن,تنه
تن,خاش
تن,خرطوم
تن,درس
تن,شنگ
تن,صندوق
تن,كاه
تن,نرد
تن,ني
تنازع,اوردگاه
تنازع,تضاد
تنازع,درگرفتن
تنازع,درگيري
تنازع,كارزار
تنازع,كشمكش
تنازع,متخاصم
تنازع,مغاير
تنازع,منازعه
تناول,باژ
تناول,روزه
تناول,صرف
تنت,تنت
تنخواہ,حقوق
تنخواہ,راستاد
تنخواہ,شهريه
تنخواہ,معاش
تند,استارتاپ
تند,بيدخ
تند,تك
تند,تكان
تند,تند
تند,تيز
تند,فرز
تند,كروش
تند,نوند
تند,پالوانه
تند,چابك
تند,چالاك
تند,چست
تندر,تندر
تندر,خروشيدن
تندر,رعد
تندر,غرش
تندر,غريدن
تندر,غريو
تندر,غو
تندر,نعره
تندر,ژغار
تندرست,استوار
تندرست,بهبود
تندرست,بهداشت
تندرست,جور
تندرست,حال
تندرست,درست
تندرست,درواخ
تندرست,درود
تندرست,سازمان بهداشت جهاني
تندرست,سالم
تندرست,سلامت
تندرست,سلامتي
تندرست,نوش جان
تندرست,وخيم
تندرست,چاق
تندرستي,بهبود
تندرستي,بهداشت
تندرستي,حال
تندرستي,درود
تندرستي,سازمان بهداشت جهاني
تندرستي,سلامت
تندرستي,سلامتي
تندرستي,نوش جان
تندرستي,وخيم
تندور,تندپز
تندور,تنور
تندور,ديگدان
تندور,زودپز
تندور,فر
تندور,كما
تندور,كوره
تندور,لواش
تنزانيہ,تانزانيا
تنش,تنش
تنظيم,انحلال
تنظيم,بخش
تنظيم,تشكيلات
تنظيم,حماس
تنظيم,راه دادن
تنظيم,سازمان بهداشت جهاني
تنظيم,سازماندهي
تنظيم,ساماندهي
تنظيم,سمن
تنفقوا,تنفقوا
تنقيد,انتقاد
تنقيد,تنقيد
تنقيد,سانسور
تنقيد,نقد ادبي
تنك,تنك
تنم,تنم
تنوير,تنوير
تني,تني
تنگ,ازاري
تنگ,اشفته
تنگ,باريك
تنگ,برين
تنگ,تنجيدن
تنگ,تنگ
تنگ,تنگنا
تنگ,دربند
تنگ,درمانده
تنگ,دشنه
تنگ,رنجه
تنگ,رنجور
تنگ,سفت
تنگ,كشيده
تنگ,كيزه
تنگ,محكم
تنگ,نوار
تنگ,پرت
تنگ,پريش
تنگ,پريشان
تنگ,چينود
تنگ,گيج
تنگي,تنگي
تنہا,انفرادي
تنہا,تنها
تنہا,جدا
تنہا,جداگانه
تنہا,خلوت
تنہا,منفرد
تنہا,وسيع باش و تنها و سر به زير و سخت
تنہا,ول كردن
تنہا,يكه
تنہائي,استنجا
تنہائي,استنجاء
تنہائي,انزوا
تنہائي,انفرادي
تنہائي,تنهايي
تنہائي,جداگانه
تنہائي,حريم
تنہائي,شهربندان
تنہائي,قيد
تنہائي,منفرد
تنہائي,وسيع باش و تنها و سر به زير و سخت
تنہائي,پرايوسي
تو,از طرف ديگر
تو,انگاه
تو,باز
تو,بعد
تو,تو
تو,جاگير
تو,خب
تو,خصوصيت
تو,دمساز
تو,رودربايستي
تو,سفرهخانه
تو,سپس
تو,شخص
تو,شخصيت
تو,صميمي
تو,فرات
تو,فرد
تو,فنا
تو,كتلت
تو,محرم
تو,مناجات
تو,همدم
تو,واحد
تو,يار غار
تو,پس
تو,پفك
تو,پلو
تو،,تو،
تو؟,تو؟
توئي,توئي
توام,توام
توان,توان
توانا,توانا
توانا,زورمند
توانا,زوش
توانا,سترگ
توانا,ستنبه
توانا,قادر
توانا,قدرتمند
توانا,مقتدر
توانا,نيرومند
توانا,چيره
تواني,تواني
توبہ,توبه
توبہ,فلك
توبہ,نسخ
توتا,طوطي
توتي,طوطي
توجہ,التفات
توجہ,تامل
توجہ,تمايل
توجہ,تمركز
توجہ,توجه
توجہ,حالت
توجہ,حيثيت
توجہ,خوبي
توجہ,راستاد
توجہ,روحاني
توجہ,روحي
توجہ,شوق
توجہ,طرفداري كردن
توجہ,عرفان
توجہ,عنايت
توجہ,كانون
توجہ,كونين
توجہ,لطف
توجہ,محبت
توجہ,مد نظر
توجہ,مراعات
توجہ,مرشد
توجہ,معنوي
توجہ,ملاطفت
توجہ,منظور
توجہ,مهر
توجہ,مهرباني
توجہ,نظر
توجہ,نيكي
توجہ,وقع
توجہ,پاس
توحيد,توحيد
توحيد,خدا
توحيد,يكتاپرستي
توخا,اخراج شدن
توخا,بركنار
تودا ربا,الحمد لله
تودا ربا,تشكر
تودا ربا,تشكر كردن
تودا ربا,خدا را شكر
تودا ربا,دست شما درد نكنه
تودا ربا,سپاس
تودا ربا,سپاسگزارم
تودا ربا,شكرانه
تودا ربا,متشكرم
تودا ربا,مرسي
تودا ربا,ممنونم
تودہ,ازدحام
تودہ,انبوه
تودہ,بلوك
تودہ,بنوه
تودہ,توده
تودہ,جا گذاشتن
تودہ,جماعت
تودہ,جمع
تودہ,جمعيت
تودہ,جنجال
تودہ,حد
تودہ,دايره
تودہ,دنبال
تودہ,دنگل
تودہ,رديف
تودہ,سامان
تودہ,سفالين
تودہ,سكوره
تودہ,سوفار
تودہ,شلوغي
تودہ,عقب
تودہ,عقب ماندن
تودہ,قدرت هستهاي
تودہ,كار، كار انگليسيهاست
تودہ,كران
تودہ,كنار
تودہ,كوت
تودہ,كود
تودہ,كومه
تودہ,كيزه
تودہ,كپه
تودہ,كپيدن
تودہ,لانجين
تودہ,مر
تودہ,مرز
تودہ,مسلح كردن
تودہ,پس
تودہ,پشت
تودہ,پشته
تودہ,پشد
تودہ,چاك چاك
تودہ,چاكاچاك
تودہ,چك چك
تودہ,چكاچاك
تودہ,چكاچك
تودہ,چكچاك
تورات,تورات
توران,اباد
توران,اسيايي
توران,اصلا
توران,افراسياب
توران,افق
توران,اندلس
توران,اوازه
توران,ايل
توران,بازشناختن
توران,برادري
توران,بعدا
توران,بوم
توران,بيجينگ
توران,ترك
توران,تركستان
توران,تركمن
توران,تركي
توران,تو
توران,تور
توران,توران
توران,توراندخت
توران,جماهيري عربي سوسياليستي خلق بزرگ ليبي
توران,جمهوري خلق چين
توران,حوزه
توران,خامه
توران,خردسال
توران,خلق
توران,دهگان
توران,سبك هندي
توران,سند
توران,شناسايي كردن
توران,شهر
توران,غزل
توران,فرس
توران,قلمرو
توران,كشور
توران,كوچ
توران,ماه
توران,مجاهد
توران,مر
توران,مملكت
توران,منتو
توران,نخستين
توران,نومد
توران,ياعلي
توران,يغما
توران,ينگه
توران,پرجمعيت
توران,پسان
توران,چين
توران,چين و ماچين
توران,گرودمان
توران,گو
توسن,توسن
توفيق,توفيق
توقع,انتظار
توقع,توقع
توقع,طمع
توقع,چشمداشت
توكل,توكل
تول,ترازو
تول,تعادل
تول,سلامت
تول,ميزان
تولايش,تولايش
تولد,انداختن
تولد,بخت
تولد,به دنيا امدن
تولد,تولد
تولد,دوقلو
تولد,زادن
تولد,زايمان زودرس
تولد,زايمان طبيعي
تولد,زايمان كردن
تولد,زاييدن
تولد,زه
تولد,شناسنامه
تولد,متولد
تولد,متولد شدن
تولد,مولود
تولد,پا به جهان گذاشتن
تولد,پا به عرصه وجود گذاشتن
تولنا,ترازو
تولنا,تعادل
تولنا,سختن
تولنا,سلامت
تولنا,سنجيدن
تولنا,كشيدن
تولنا,ميزان
تولنا,وزن كردن
تولنا,پيمانه
توليہ,ابچين
توليہ,بروفه
توليہ,حوله
توليہ,دستار
توليہ,فوطه
توليہ,لسپردرك
توليہ,لنگ
توليہ,نواربهداشتي
توليہ,پيشگير
توليے,ابچين
توليے,بروفه
توليے,حوله
توليے,دستار
توليے,فوطه
توليے,لسپردرك
توليے,لنگ
توليے,نواربهداشتي
توليے,پيشگير
توند,اشكم
توند,خيك
توند,شكم
توند,شكنب
توند,قرقره
توند,كم
توپ,انبوه
توپ,بلوك
توپ,توده
توپ,توپ
توپ,جوغن
توپ,خان
توپ,خوشه
توپ,زنبورك
توپ,ساروج
توپ,سنبه
توپ,غوشه
توپ,قنداق
توپ,كوت
توپ,كود
توپ,كومه
توپ,كپه
توپ,كپيدن
توپ,ماشين ابپاش
توپ,هاون
توپ,گرچ
توڑنا,جدا كردن
توڑنا,حل شدن
توڑنا,حل كردن
توڑنا,ربودن
توڑنا,قلم كردن
توہين,اهانت
توہين,توهين كردن
توہين,دشنام
توہين,شهيد
توہين,ك م خ
توہين,كشتار
توہين,ناسزا
تيار,اماده
تيار,تهيه كردن
تيار,تيار
تيار,حاضر
تيار,سفربر
تيار,پختن
تياري,بسيج
تياري,تدارك
تياري,تهيه
تياري,خانهتكاني
تياري,ساختمان
تياري,شهركسازي
تياگ,عقيقه
تياگ,فدا
تياگ,قربان
تياگ,قرباني
تيج,اورند
تيج,جشن
تيج,جشنواره
تيج,جلوه
تيج,خشم
تيج,خوره
تيج,راي
تيج,ستايش
تيج,شهرت
تيج,شوكت
تيج,عز
تيج,عيد فطر
تيج,غضب
تيج,فخر
تيج,قمري
تيج,كفشدوزك
تيج,ماهي
تيج,مهرگان
تيج,يلدا
تيج,چهارشنبهسوري
تير,ارث
تير,ارمين
تير,اروميه
تير,ال
تير,اوكراين
تير,بار
تير,بان
تير,بهرام
تير,تخش
تير,توليدن
تير,تير
تير,جاغه
تير,جنوبگان
تير,جيوه
تير,حاشيه
تير,خاده
تير,خدنگ
تير,دم
تير,ربيعالثاني
تير,رشت
تير,رفسنجاني
تير,زنبورك
تير,سوفار
تير,سيماب
تير,شاخ
تير,شاطي
تير,شعاع
تير,شمالگان
تير,شهريور
تير,صندل
تير,ضلع
تير,فا
تير,قطب
تير,كران
تير,كنار
تير,لب
تير,لبه
تير,له
تير,مادرمرده
تير,مصرف شدن
تير,نورد
تير,هنوز
تير,يك تير و دو نشان
تير,پايه
تير,چارك
تير,چهارم
تير,چهارم درست
تير,چوب
تير انداز,كماندار
تيرا,ايورم
تيرا,تان
تيرا,تولدت
تيرا,خصوصيت
تيرا,خود
تيرا,دمساز
تيرا,رودربايستي
تيرا,شان
تيرا,صميمي
تيرا,عزيزم
تيرا,كيرم دهنت
تيرا,مال
تيرا,مان
تيرا,محرم
تيرا,مناجات
تيرا,همدم
تيرا,يار غار
تيرا,پا
تيراك,شناور
تيراك,شناگر
تيرتھ,حاج
تيرتھ,حج
تيرتھ,زيارت
تيرتھ,عمره
تيرتھ,كربلا
تيرتھ,مشهدي
تيرتھ,ميقات
تيرتھ ياترا,حاج
تيرتھ ياترا,حج
تيرتھ ياترا,زيارت
تيرتھ ياترا,عمره
تيرتھ ياترا,كربلا
تيرتھ ياترا,مشهدي
تيرتھ ياترا,ميقات
تيرش,تيرش
تيرنا,شنا كردن
تيرنا,شناور بودن
تيري,تيري
تيرگي,ابهام
تيرگي,تاريكي
تيرگي,تم
تيرگي,تمر
تيرگي,تيرگي
تيرگي,داج
تيرگي,سواد
تيرگي,سياهي
تيرگي,ظلمت
تيرہ,سيزده
تيرہ,سينزه
تيز,ارغه
تيز,باهوش
تيز,ترفند
تيز,تك
تيز,تكان
تيز,تند
تيز,تيز
تيز,دستان
تيز,دژن
تيز,ذكيه
تيز,روباه
تيز,رگبار
تيز,زبل
تيز,زرنگ
تيز,زيرك
تيز,سخت
تيز,شديد
تيز,ظريف
تيز,عياري
تيز,فرز
تيز,كروش
تيز,مديريت كردن
تيز,موبايل
تيز,موذي
تيز,هوشيار
تيز,ولع
تيز,چابك
تيز,چالاك
تيز,چتني
تيز,چست
تيزاب,اسيد
تيزاب,اسيدپاشي
تيزاب,تيزاب
تيزاب,جوهر
تيزاب,دژند
تيزابيت,حال
تيزابيت,خصوصي
تيزابيت,درونه
تيزابيت,زده
تيزابيت,ساپورت كردن
تيزي,تيزي
تيزگام,تيزگام
تيس,سي
تيغ,تيغ
تيغي,تيغي
تيكھا,بهمن
تيكھا,ترش
تيكھا,تند
تيكھا,تيز
تيكھا,دژن
تيكھا,رايحه
تيكھا,زافه
تيكھا,زير
تيكھا,چتني
تيل,بهمن
تيل,ترشي
تيل,تيل
تيل,جاليز
تيل,سبزي
تيل,سبزيجات
تيل,سوخت
تيل,صرف كردن
تيل,ميوهجات
تيل,گياه
تيماردار,تيماردار
تيمور,غيبه
تيمور,فولاد
تيمور,پلارك
تيمور,پولاد
تيمور,پولادي
تيموري,تيموري
تين,انديشه نيك، گفتار نيك، كردار نيك
تين,بوسني
تين,بوسنيا
تين,تين
تين,ثلاثه
تين,ثلاثه غساله
تين,سه
تين,سه كاف
تين,سيصد
تين,مرتبه
تين,پخته
تين تلوار,اتفاق
تين تلوار,اثر
تين تلوار,ادب
تين تلوار,ارايه
تين تلوار,افسار
تين تلوار,انديشه نيك، گفتار نيك، كردار نيك
تين تلوار,بوسني
تين تلوار,بوسنيا
تين تلوار,بيخودي
تين تلوار,تاج محل
تين تلوار,تاجمحل
تين تلوار,تك
تين تلوار,توليد ناخالص ملي
تين تلوار,تيريك
تين تلوار,تيله
تين تلوار,ثلاثه
تين تلوار,ثلاثه غساله
تين تلوار,دهلي
تين تلوار,ذكر كردن
تين تلوار,رخام
تين تلوار,سرود ملي
تين تلوار,سه
تين تلوار,سه كاف
تين تلوار,سيصد
تين تلوار,شعار
تين تلوار,كراچي
تين تلوار,كنكور
تين تلوار,مرتبه
تين تلوار,مرمر
تين تلوار,ملي
تين تلوار,وحدت
تين تلوار,وطني
تين تلوار,ياد كردن
تين تلوار,يادمان
تين تلوار,يادگار
تين تلوار,يگانگي
تين تلوار,پخته
تين تلوار,گنبد
تيندوا,شرزهپلنگ
تيندوا,شير
تيندوا,لا تبديل لخلق الله
تيندوا,پارس
تيندوا,پلنگ
تپ,تپ
تپد,تپد
تپسوي,درويش
تپسوي,سالك
تپسوي,عابد
تپسوي,مخلص
تپسوي,مريد
تپسوي,پارسا
تپش,تپش
تپيد,تپيد
تپيدم,تپيدم
تپيدن,تپيدن
تپيدي,تپيدي
تڑت,ابرنجك
تڑت,اذرخش
تڑت,برق
تڑت,صاعقه
تڑكا,اشتها
تڑكا,اشراق
تڑكا,املاي نانوشته غلط ندارد
تڑكا,ترك
تڑكا,دره
تڑكا,رخنه
تڑكا,روز
تڑكا,سس
تڑكا,شق
تڑكا,كراك
تڑكا,كند
تڑكا,مزه
تڑكا,ناو
تڑكا,چاشني
تڑكا,چاك
تڑكا,چتني
تڑپنا,ارزو كردن
تڑپنا,حسرت كشيدن
تڑپنا,هوس كردن
تگ,تگ
تگڑا,تنومند
تگڑا,توانا
تگڑا,زورمند
تگڑا,زوش
تگڑا,سترگ
تگڑا,ستنبه
تگڑا,قادر
تگڑا,قدرتمند
تگڑا,مقتدر
تگڑا,نيرومند
تگڑا,چيره
تھائي لينڈ,تايلند
تھائي لينڈ,سيام
تھائي لينڈ,شهر ناو
تھكا,افگار
تھكا,بيزار
تھكا,خسته
تھكا,رنجه
تھكا,زده
تھكا,ستوه
تھكا,مانده
تھكنا,افگار
تھكنا,انحطاط
تھكنا,بازار
تھكنا,برگشت
تھكنا,خريدار
تھكنا,خسته
تھكنا,رنجه
تھكنا,رواني
تھكنا,زده
تھكنا,زوال
تھكنا,ستوه
تھكنا,ماركيت
تھكنا,مانده
تھكنا,معرض
تھكنا,نرخ
تھل,ارسلان
تھل,اسد
تھل,اقصر
تھل,ببر
تھل,بينالنهرين
تھل,خال
تھل,داغ
تھل,رم
تھل,رمه
تھل,سايت
تھل,سفرهخانه
تھل,سنگر
تھل,سورسات
تھل,سياهي لشكر
تھل,شرزهشير
تھل,شمار
تھل,شوش
تھل,شير
تھل,ضريح
تھل,عد
تھل,فرناد
تھل,كربلا
تھل,كعبه
تھل,كنام
تھل,كومه
تھل,لانه
تھل,لك
تھل,لكه
تھل,مطرح
تھل,نعره
تھل,نقطه
تھل,هزبر
تھل,هژبر
تھل,پشته
تھل,چال
تھل,چرخش
تھل,گدار
تھل,گل
تھل,گله
تھنہ منڈي,بنگالي
تھوك,بابزن
تھوك,بزاق
تھوك,بلسك
تھوك,تف
تھوك,تف انداختن
تھوك,تف كردن
تھوك,تفكه
تھوك,خيو
تھوك,سيخ
تھوك,لعاب
تھوك,گردنا
تھوك دان,عمدهفروش
تھوكنا,بابزن
تھوكنا,بلسك
تھوكنا,تف
تھوكنا,تف انداختن
تھوكنا,تف كردن
تھوكنا,خيو
تھوكنا,سيخ
تھوكنا,گردنا
تہ,ابخور
تہ,اعماق
تہ,بالا
تہ,زير
تہ,شدت
تہ,عمق
تہ,نغول
تہ,نيت
تہ,ژرفا
تہ,ژرفي
تہ دل,اندرون
تہ دل,تو
تہ دل,جفت
تہ دل,خو
تہ دل,خود
تہ دل,خويش
تہ دل,درون
تہ دل,شدن
تہ دل,محو
تہ دل,مغولستان
تہ دل,نفس
تہ دل,چپه
تہجد,اداره
تہجد,ب.ظ
تہجد,تراويح
تہجد,حاج
تہجد,ق.ظ
تہجد,مشهدي
تہجي,الفبا
تہجي,الفباي اوانگاري بينالمللي
تہجي,املا
تہجي,سين
تہجي,لام
تہجي,هي
تہذيب,اباداني
تہذيب,اخلاق
تہذيب,ادا
تہذيب,اداب
تہذيب,ادب
تہذيب,از بين بردن
تہذيب,ايلام
تہذيب,بد اخلاق
تہذيب,بيفرهنگ
تہذيب,تربيت
تہذيب,تعارف
تہذيب,تميز
تہذيب,خان
تہذيب,دنگل
تہذيب,سغد
تہذيب,عراف
تہذيب,عرب پرست
تہذيب,عيلام
تہذيب,فرهنگ
تہذيب,كولتور
تہذيب,مدنيت
تہذيب,نابود كردن
تہذيب,نزاكت
تہران,اوين
تہران,تهران
تہران,خاوران
تہران,دارالفنون
تہران,زورا
تہران,طهران
تہران,هي
تہمت,اتهام
تہمت,افترا
تہمت,الزام
تہمت,انگ
تہمت,بهتان
تہمت,تهمت
تہمت,غيبت
تہمت,قدح
تہوار,بين التعطيلين
تہوار,تعطيل
تہوار,جشن
تہوار,جشنواره
تہوار,شب يلدا
تہوار,عيد
تہوار,عيد فطر
تہوار,مهرگان
تہوار,ميزد
تہوار,يلدا
تہوار,چهارشنبهسوري
تہواروں,بين التعطيلين
تہواروں,تعطيل
تہواروں,جشن
تہواروں,جشن گرفتن
تہواروں,جشنواره
تہواروں,عيد
تہواروں,مهرگان
تہواروں,يلدا
تہواروں,چهارشنبهسوري
تہہ خانہ,ابانبار
تہہ خانہ,ايستگاه مترو
تہہ خانہ,حجره
تہہ خانہ,زيرزمين
تہہ خانہ,سرداب
تہہ خانہ,قنات
تہہ خانہ,مترو
تہہ خانہ,نمكدان
تہہ خانہ,گريچه
ثابت,اخور
ثابت,استقامت
ثابت,استوار
ثابت,اصطبل
ثابت,بابك
ثابت,بردبار
ثابت,برقرار
ثابت,ثابت
ثابت,خاطرنشان
ثابت,خونگرم
ثابت,دائم
ثابت,طويله
ثابت,قرار
ثابت,قطع
ثابت,كارت سبز
ثابت,ماندگار
ثابت,متغير
ثابت,مثبت
ثابت,محكم
ثابت,مستعمره
ثابت,مستمر
ثابت,معين
ثابت,منظم
ثابت,نشستن
ثابت,پابرجا
ثابت,پايدار
ثابت,پاينده
ثابت,پاييدن
ثابت,گرين كارت
ثابتي,ثابتي
ثالث,ثالث
ثانوي اسكول,دبيرستان
ثانوي اسكول,سعي كردن
ثانوي اسكول,فرع
ثانوي اسكول,فرعي
ثانوي اسكول,ليسه
ثانوي اسكول,پسكوچه
ثاني,ثاني
ثبات,ثبات
ثبوت,اثبات
ثبوت,از كجا
ثبوت,ثبات
ثبوت,ثبوت
ثبوت,دستاويز
ثبوت,دليل
ثبوت,شاهد
ثبوت,شواهد
ثبوت,مدرك
ثبوت,گواه
ثروت,سياهي لشكر
ثروت,شمار
ثروت,عد
ثريا,ثريا
ثريا,پروين
ثغور,ثغور
ثقافت,بيفرهنگ
ثقافت,عرب پرست
ثقافت,فرهنگ
ثقافت,كولتور
ثقالت,سنگيني
ثم,از طرف ديگر
ثم,انگاه
ثم,باز
ثم,بعد
ثم,خب
ثم,سپس
ثم,فرات
ثم,مهلت
ثم,پس
ثم,پلو
ثمر,ثمر
ثواب,ثواب
ثواب,سند
ثواب,عمل
ثواب,قول
ثواب,كار
ثواب,كردار
ثواب,مكافات
ثواب,چك
ثورہ,اشوب
ثورہ,اغتشاش
ثورہ,بغاوت
ثورہ,خيانت
ثورہ,خيانت كردن
ثورہ,سر كشيدن
ثورہ,شورش
ثورہ,عصيان
ثورہ,غلغله
ثورہ,غوغا
ثورہ,فتنه
ثورہ,هرج
ثورہ,هياهو
ثورہ,وطنفروشي
جئے شري رام,باري
جئے شري رام,بدنام
جئے شري رام,جاگير
جئے شري رام,خدا
جئے شري رام,رسوا
جئے شري رام,رع
جئے شري رام,سرودن
جئے شري رام,سفرهخانه
جئے شري رام,شخص
جئے شري رام,شخصيت
جئے شري رام,ظفر
جئے شري رام,غلبه
جئے شري رام,فتح
جئے شري رام,فتحالله
جئے شري رام,فرد
جئے شري رام,فرشته
جئے شري رام,فنا
جئے شري رام,فيروز
جئے شري رام,كتلت
جئے شري رام,مناجات
جئے شري رام,مهر
جئے شري رام,نجاح
جئے شري رام,واحد
جئے شري رام,پفك
جئے شري رام,پيروزي
جا,جا
جا،,جا،
جائداد,ارباب
جائداد,زمين
جائداد,ملك
جائز,اوكي
جائز,باب
جائز,حلال
جائز,درخور
جائز,روا
جائز,قانوني
جائز,كندوري
جائز,متناسب
جائز,مناسب
جائز,وارد
جائزہ,ازمايش
جائزہ,ازمون
جائزہ,امتحان
جائزہ,انعام
جائزہ,بازبيني
جائزہ,بازديد
جائزہ,بازرسي
جائزہ,تلطيف
جائزہ,جايزه
جائزہ,رسيدگي
جائزہ,صله
جائزہ,كنكور
جائزہ,معاينه
جائزہ,نمره
جائزہ,پژوهش
جائپھل,جوز هندي
جائپھل,كما
جائپھل,پوست جوز هندي
جائے ضرور,بايستن
جائے ضرور,برنشستن
جائے ضرور,تشناب
جائے ضرور,توالت
جائے ضرور,توالت ايراني
جائے ضرور,توالت فرنگي
جائے ضرور,حياتي
جائے ضرور,خلاء
جائے ضرور,دركار
جائے ضرور,دستشويي
جائے ضرور,سرويس
جائے ضرور,ضروري
جائے ضرور,لازم
جائے ضرور,لازمه
جائے ضرور,مستراح
جائے ضرور,مقتضا
جائے ضرور,واجب
جابان,جابان
جابجا,املاي نانوشته غلط ندارد
جابجا,انجا
جابجا,ايدر
جابجا,ايسو
جابجا,اينجا
جابجا,بفرماييد
جابجا,تركيببند
جابجا,دربند
جابجا,سيالات
جابجا,شبستان
جابجا,ميش بهار
جابجا,نبود
جابجا,هست
جابجا,پرنده پر نميزد
جادو,ادا
جادو,افسون
جادو,جادو
جادو,سحر
جادو,طلسم
جادو,قاليچه پرنده
جادو,كوارك مفتون
جادو,مردمگياه
جادو,نمك
جادو,ورد
جادوگر,افسونگر
جادوگر,جادو
جادوگر,جادوگر
جادوگر,ساحر
جادوگر,سحرباز
جاذب,جاذب
جارجيا,اتحاد شوروي
جارجيا,اذربايجان
جارجيا,ارمن
جارجيا,ارمنستان
جارجيا,بينالنهرين
جارجيا,تفليس
جارجيا,جمهوري ارمنستان
جارجيا,خاورميانه
جارجيا,داغستان
جارجيا,روسيه
جارجيا,شروان
جارجيا,شوروي
جارجيا,فدراسيون روسيه
جارجيا,قرهباغ
جارجيا,قفقاز
جارجيا,هاون
جارجيا,گرج
جارجيا,گرجستان
جاري,ابدار
جاري,اردن
جاري,استمراري
جاري,اصلي
جاري,امودريا
جاري,بيوقفه
جاري,جاري
جاري,جهانگير
جاري,داير
جاري,دجله
جاري,روان
جاري,سند
جاري,سيردريا
جاري,شاخ
جاري,فرات
جاري,كابل
جاري,مداوم
جاري,مرتب
جاري,مستمر
جاري,نبيگ
جاري,نيل
جاري,هفتسين
جاري,ون
جاري,پابرجا
جاري,پويا
جاري,پيوسته
جاري,چيره
جاسوس,كاراگاه
جاعل,جاعل
جال,تله
جال,جال
جال,جولا
جال,دام
جال,شبكه
جال,شبكه اجتماعي
جال,شست
جال,عنكبوت
جال,لاتو
جال,گير انداختن
جال داري,شبكه
جال داري,شبكه اجتماعي
جالوں,تله
جالوں,دام
جالوں,گير انداختن
جام,ابگينه
جام,استكام
جام,امروت
جام,امرود
جام,انديشه نيك، گفتار نيك، كردار نيك
جام,بالغ
جام,بوسني
جام,بوسنيا
جام,بيل
جام,بگماز
جام,ثلاثه
جام,ثلاثه غساله
جام,جام
جام,دوستكان
جام,دوستگان
جام,رطل
جام,ساغر
جام,سرو
جام,سه
جام,سه كاف
جام,سيب
جام,سيصد
جام,شاخ
جام,شبانهروز
جام,قدح
جام,كخ
جام,ليوان
جام,مازو
جام,مرتبه
جام,مزه
جام,پخته
جامش,جامش
جامعہ,استاد
جامعہ,دارالفنون
جامعہ,دانشجو
جامعہ,دانشنامه
جامعہ,دانشگاه
جامعہ,فارغالتحصيل
جامعہ,فاكولته
جامعہ,كنكور
جامعہ,پرديس
جامعہ,پوهنتون
جامم,جامم
جامن,الو
جامن,الوچه
جامن,كيرل
جامن,گرجه
جامن,گوجه
جامني,ارغوان
جامني,سبك هندي
جامني,كبود
جامي,جامي
جامہ,تحريم
جامہ,جامه
جامہ,جبه
جامہ,جشه
جامہ,جليقه
جامہ,جليقه نجات
جامہ,درع
جامہ,دواج
جامہ,عباء
جامہ,قبا
جامہ,قميص
جامہ,لباس
جامہ,مانتو
جامہ,مشته
جامہ,ملبوس
جامہ,مچ
جامہ,پيراهن
جامہ,گليم
جان,جان
جان,جانان
جان,روان
جان,روح
جان,قالب
جان,نفس
جان,پرنده پر نميزد
جان,گشن
جانا,جانا
جانب,جانب
جانباز,جانباز
جانت,جانت
جانرا,جانرا
جانش,جانش
جانشين,بدل
جانشين,جانشين
جانشين,جايگزين
جانشين,شيعه
جانشين,علي
جانشين,عوض
جانشين,فرمودن
جانشين,لوتارنژي
جانشين,نيابت
جانشين,وارث
جانشين,وليعهد
جانكاري,اخبار
جانكاري,اطلاعات
جانكاري,اطلاعرساني
جانكاري,انفورماتيك
جانكاري,اگاهي
جانكاري,خبر
جانكاري,سوتي دادن
جانكاري,كاوشگر
جانكاري,كه
جانكاري,نظريه اطلاعات
جانم,جانم
جاننا,درك كردن
جاننا,دريافتن
جاننا,ديدن
جاننا,سهل ممتنع
جاننا,غليظ
جاننا,فهموندن
جاننا,فهميدن
جاننا,منتقل
جانو,اشنا
جانو,اشنا شدن
جانو,الو
جانو,انس
جانو,جان
جانو,جانان
جانو,جگر
جانو,دلفريب
جانو,عزيز
جانو,عزيزم
جانو,گوگولي مگولي
جانور,بربري
جانور,بهيمه
جانور,تنگ
جانور,تور
جانور,جانور
جانور,حيوان
جانور,دد
جانور,دوال
جانور,ستور
جانور,كودن
جانور,هيون
جانور,وحشي
جانور,چهارپا
جانور,ژيان
جانوں,درك كردن
جانوں,ديدن
جانوں,سهل ممتنع
جانوں,فهميدن
جاني,جاني
جانيں,جان
جانيں,جانان
جانيں,روان
جانيں,روح
جانيں,قالب
جانيں,نفس
جانيں,پرنده پر نميزد
جانچنا,ازمايش
جانچنا,ازمايش خون
جانچنا,ازمايش واحد
جانچنا,ازمودن
جانچنا,ازمون
جانچنا,امتحان
جانچنا,بررسي
جانچنا,بررسي كردن
جانچنا,تحقيق
جانچنا,تست
جانچنا,تست بارداري
جانچنا,محك
جانچنا,مطالعه
جانچنا,پژوهش
جانچنا,پژوهش كردن
جانچنا,پژوهيدن
جاوتري,ادويه
جاوتري,فاخره
جاوتري,قرنفل
جاوتري,كما
جاوتري,لخت
جاوتري,مرچ
جاوتري,هيل
جاوتري,وفنوك
جاوتري,پوست جوز هندي
جاوتري,گاوسار
جاوتري,گرز
جاوتري,گرزه
جاوتري,گوپال
جاودان,جاودان
جاوداني,جاوداني
جاويد,ابدي
جاويد,جاود
جاويد,جاودان
جاويد,جاويد
جاويد,حيوان
جاويد,ماندگار
جاويد,مدام
جاويد,پاينده
جاي,جاي
جاپان,اسياي شرقي
جاپان,اوساكا
جاپان,توكيو
جاپان,جاپان
جاپان,فوكوشيما
جاپان,واق واق
جاپان,ژاپن
جاپاني,انيمه
جاپاني,كانا
جاپاني,ژاپني
جاگ,اد
جاگ,بردك
جاگ,بيدار شدن
جاگ,بيدار كردن
جاگ,بيداري
جاگ,خصوصيت
جاگ,در سايه
جاگ,دشنام
جاگ,دمساز
جاگ,رودربايستي
جاگ,صميمي
جاگ,فر
جاگ,فعلي
جاگ,لغوي
جاگ,محرم
جاگ,مصدر
جاگ,مناجات
جاگ,همدم
جاگ,يار غار
جاگ,يدن
جاگنا,انتباه
جاگنا,اژير
جاگنا,بيدار
جاگنا,بيدار شدن
جاگنا,بيدار كردن
جاگنا,در سايه
جاگنا,هوشيار
جاہل,احمق
جاہل,اعمي
جاہل,بيخبر
جاہل,بيفرهنگ
جاہل,جاهل
جاہل,دنگل
جاہل,دهاتي
جاہل,عوام
جاہل,كانا
جاہل,مزخرف
جاہل,نادان
جاہل,ياوه
جاہل,پوچ
جاہل,گيج
جبر,جبر
جبر،,جبر،
جبرئيل,جبرئيل
جبرئيلي,جبرئيلي
جبرائيل,اجرا
جبرائيل,سروش
جبرائيل,صندل
جبرائيل,صور
جبرائيل,كميسيون
جبرائيل,مجري
جبرائيل,ميكائيل
جبرالٹر,افريقا
جبرالٹر,اقيانوس اطلس
جبرالٹر,اندلس
جبرالٹر,اورشليم
جبرالٹر,ايسلند
جبرالٹر,بند ناف
جبرالٹر,بيتالمقدس
جبرالٹر,تنگ
جبرالٹر,تنگه
جبرالٹر,تنگه هرمز
جبرالٹر,خليج
جبرالٹر,سائوتومه و پرنسيپ
جبرالٹر,سامواي امريكا
جبرالٹر,شام
جبرالٹر,صحراي غربي
جبرالٹر,طرطوس
جبرالٹر,فاس
جبرالٹر,فلسطين
جبرالٹر,قبرس
جبرالٹر,كرت
جبرالٹر,كومور
جبرالٹر,ليسبون
جبرالٹر,مالت
جبرالٹر,مراكش
جبرالٹر,مغرب
جبرالٹر,مغربي
جبرالٹر,نيل
جبرالٹر,هرمز
جبروت,جبروت
جبريل,جبريل
جبريلي,جبريلي
جبل,جبل
جبوتي,جيبوتي
جبيل,انطلياس
جبيل,بعلبك
جبيل,بيروت
جبيل,تركمن
جبيل,جبيل
جبيل,شام
جبيل,صور
جبيل,طرابلس
جبيل,لبنان
جبيل,ليره
جبين,جبين
جبينش,جبينش
جتوئي,بلوچي
جج,حاكم
جج,داور
جج,رشن
جج,شاهنامه اخرش خوشه
جج,قاضي
جج,قضاوت كردن
جد,جد
جدا,بخيدن
جدا,جدا
جدا,جدا از
جدا,جدا شدن
جدا,سامان
جدا,غريبي كردن
جدا,كندوري
جدا,مستقل
جدا,واخيدن
جدا,پاره
جدا,پرت
جدا,گذشته از
جدا,گسستن
جدائي,جدائي
جدائي,فراق
جدائي,فرق
جداست,جداست
جدت,اختراع
جدت,جدت
جدل,جدل
جديد,اخير
جديد,جديد
جذب,استناد
جذب,ترسيم
جذب,جذب
جذب,جلب
جذب,خاتم
جذب,رسم
جذب,قرعهكشي
جذب,محو
جذب,نقاشي
جذب,نقش
جذب,ياساق
جذب,پونز
جذبہ,احساس
جذبہ,به هم برامدن
جذبہ,حس
جذبہ,دل
جذبہ,رشك
جذبہ,رودربايستي
جذبہ,شوق
جذبہ,عاطفه
جذبہ,عشق
جذبہ,غيرت
جذبہ,كباب
جذبہ,همدلي
جذبہ,هيجان
جذبہ,گين
جرات,جرات
جرات,جنم
جرات,خايه
جرات,دل
جرات,زهره
جرات,شجاعت
جرات,شهامت
جرات,عصب
جرات,عصب واگ
جرات,كنداوري
جرات,يارستن
جراح,جراح
جراح,دامپزشك
جراحت,اسيب
جراحت,جراحت
جراحت,جراحي
جراحت,جوش
جراحت,خستن
جراحت,ريش
جراحت,زخم
جراحت,مجروح كردن
جراحت,يارا
جراحت,پيچه
جرح,اذيت
جرح,اسيب
جرح,افگار
جرح,اوگار
جرح,جراحت
جرح,جوش
جرح,خستن
جرح,خسران
جرح,خليدن
جرح,درد كردن
جرح,درد گرفتن
جرح,ريش
جرح,زخم
جرح,زيان
جرح,شخودن
جرح,صدمه
جرح,ضرر
جرح,مجروح كردن
جرح,مضرت
جرح,يارا
جرح,پيچه
جرد,جرد
جرس,جرس
جرسي,نيويورك
جرم,جرم
جرمانوں,تاوان
جرمانوں,مجازات مرگ
جرمانوں,پنالتي
جرمانہ,اندي
جرمانہ,تاوان
جرمانہ,خونبها
جرمانہ,دولت
جرمانہ,صندوق بينالمللي پول
جرمانہ,فارس
جرمانہ,كپك
جرمانہ,متعلق
جرمانہ,مجازات مرگ
جرمانہ,مهر
جرمانہ,والا
جرمانہ,وگرنه
جرمانہ,يورو
جرمانہ,پنالتي
جرمانے,تاوان
جرمانے,مجازات مرگ
جرمانے,پنالتي
جرمن,الماني
جرمن,انگلا
جرمن,جرمني
جرمن,قيصر
جرمن,چرا
جرمن,گوته
جرمني,اتحاديه
جرمني,المان
جرمني,بن
جرمني,تا
جرمني,تا وقتي كه
جرمني,جرمني
جرمني,سوازيلند
جرمني,شاهنامه
جرمني,عده
جرمني,قوس
جرمني,متشكل
جرمني,مصدر
جرمني,موقت
جرمني,نقش بستن
جرمني,هلند
جرمني,پادشاهي بريتانياي كبير
جرگہ,جماعت
جرگہ,دهيار
جرگہ,ديوان
جرگہ,شورا
جرگہ,شوراي امنيت
جرگہ,كنگاش
جرگہ,مجمع
جز,جز
جزا,جزا
جزائر انڈمان و نكوبار,بنگالي
جزاك اللہ,الحمد لله
جزاك اللہ,تشكر
جزاك اللہ,تشكر كردن
جزاك اللہ,خدا را شكر
جزاك اللہ,دست شما درد نكنه
جزاك اللہ,سپاسگزارم
جزاك اللہ,متشكرم
جزاك اللہ,ممنونم
جزاي,جزاي
جزر,جزر
جزو,جزو
جزوي,جزئي
جزوي,قسط
جزوي,مغرض
جزوي,نسبي
جس,جس
جس ہانڈي ميں كھانا اسي ميں چھيد كرنا,دريدن
جس ہانڈي ميں كھانا اسي ميں چھيد كرنا,زدن
جس ہانڈي ميں كھانا اسي ميں چھيد كرنا,نيش
جس ہانڈي ميں كھانا اسي ميں چھيد كرنا,گاز
جس ہانڈي ميں كھانا اسي ميں چھيد كرنا,گاز گرفتن
جس ہانڈي ميں كھانا اسي ميں چھيد كرنا,گزيدن
جسامت,جسامت
جسامت,حجم
جسامت,رنج
جسامت,فيزيكي
جسامت,قدر
جسامت,مجسم
جست,اليختن
جست,برجسته
جست,بي گدار به اب زدن
جست,جست
جست,جستن
جست,خيز
جست,سكيزه
جست,سكيزيدن
جست,وشتن
جست,پار
جست,پرش
جست,پريدن
جستجو,جستجو
جستجوست,جستجوست
جستجوي,جستجوي
جستم,جستم
جستن,جستن
جستند,جستند
جسد,جثه
جسد,جسد
جسد,جنازه
جسد,لاش
جسد,مردار
جسد,نعش
جسم,جسم
جسور,جسور
جسور,دلير
جسور,ستنبه
جشن,بزم
جشن,بگماز
جشن,جشن
جشن,جشنواره
جشن,زفاف
جشن,سور
جشن,شب يلدا
جشن,ضيافت
جشن,طوي
جشن,عيد
جشن,عيد فطر
جشن,كندوري
جشن,مهرگان
جشن,ميزد
جشن,يلدا
جشن,چهارشنبهسوري
جشن بہاران,جشن
جشن بہاران,جشنواره
جشن بہاران,مهرگان
جشن بہاران,يلدا
جشن بہاران,چهارشنبهسوري
جعفر,جعفر
جعلي,بدل
جعلي,تقلبي
جعلي,جا زدن
جعلي,جعل
جعلي,جعلي
جعلي,دستي
جغرافيائي,خوارزم
جغرافيائي,پنجاب
جغرافيہ,جغرافي
جغرافيہ,جغرافيا
جفا,جفا
جفا،,جفا،
جفتي,حرمت
جل,جل
جل پري,افسونگر
جلا,جلا
جلاد,جلاد
جلال,جلال
جلالش,جلالش
جلانا,اتش زدن
جلانا,اشفتن
جلانا,افروختن
جلانا,سختن
جلانا,سوخت
جلانا,سوختن
جلانا,سوختگي
جلانا,قنديل
جلانا,لامپ
جلانا,مشكات
جلانا,چراغ
جلانا,چراغ نفتي
جلانا,چراغدان
جلانا,گر
جلتے گھر ميں ہاتھ سينكنا,بدبخت
جلتے گھر ميں ہاتھ سينكنا,جثه
جلتے گھر ميں ہاتھ سينكنا,سو
جلتے گھر ميں ہاتھ سينكنا,سود
جلتے گھر ميں ہاتھ سينكنا,شؤم
جلتے گھر ميں ہاتھ سينكنا,صرفه
جلتے گھر ميں ہاتھ سينكنا,فايده
جلتے گھر ميں ہاتھ سينكنا,فريادرس
جلتے گھر ميں ہاتھ سينكنا,كرايه
جلتے گھر ميں ہاتھ سينكنا,مصلحت
جلتے گھر ميں ہاتھ سينكنا,منفعت
جلتے گھر ميں ہاتھ سينكنا,واروني
جلد,اصل
جلد,بلغار
جلد,بيدخ
جلد,تا
جلد,تك
جلد,تكان
جلد,تند
جلد,تيز
جلد,تيماج
جلد,جلد
جلد,حجم
جلد,خشاب
جلد,دوال
جلد,دژند
جلد,رونوشت
جلد,رونويسي
جلد,زود
جلد,سواد
جلد,شل
جلد,شيب
جلد,عجول
جلد,فرز
جلد,فضا
جلد,كروش
جلد,كپي
جلد,كپي كردن
جلد,لواشك
جلد,مجله
جلد,محض
جلد,مصحف
جلد,نسخه
جلد,نشريه
جلد,نوند
جلد,پالوانه
جلد,پوستين
جلد,پچين
جلد,چابك
جلد,چالاك
جلد,چرم
جلد,چرمي
جلد,چست
جلد,چپت
جلدي جلدي,تك
جلدي جلدي,تكان
جلدي جلدي,تند
جلدي جلدي,تيز
جلدي جلدي,زود
جلدي جلدي,سريع
جلدي جلدي,فرز
جلدي جلدي,كروش
جلدي جلدي,چابك
جلدي جلدي,چالاك
جلدي جلدي,چرخيدن
جلدي جلدي,چست
جلدي جلدي,گرديدن
جلدي جلدي,گشتن
جلسہ,اجلاس
جلسہ,راهپيمايي
جلسہ,مجمع
جلق,استمنا
جلق,استمناء
جلق,جق
جلق,جقي
جلق,جلق
جلق,خودارضايي
جلنا,اتش زدن
جلنا,افروختن
جلنا,حسود
جلنا,دنبلان
جلنا,سختن
جلنا,سوخت
جلنا,سوختن
جلنا,سوختگي
جلنا,گر
جلوت,جلوت
جلوس,تشييع
جلوس,دنگل
جلوہ,ائين
جلوہ,ابهت
جلوہ,ابگينه
جلوہ,اشراق
جلوہ,افتتاحيه
جلوہ,اينه
جلوہ,ايينه
جلوہ,بستگان
جلوہ,تشريف
جلوہ,جلوه
جلوہ,حضرت
جلوہ,حضور
جلوہ,داماد
جلوہ,درخشيدن
جلوہ,دوما
جلوہ,روابط بينالملل
جلوہ,روابط عمومي
جلوہ,رونق
جلوہ,سووشون
جلوہ,شاه
جلوہ,شكوه
جلوہ,شوكت
جلوہ,عرض
جلوہ,عروسي
جلوہ,عنفوان
جلوہ,غريبي كردن
جلوہ,فر
جلوہ,مراسم
جلوہ,مظهر
جلوہ,مكاشفه
جلوہ,نزديكي
جلوہ,نشانه
جلوہ,وجود
جلوہ,ون
جلي,جلي
جليبي,جليبي
جليبي,زولبيا
جليل,جليل
جم,جم
جمادات,جمادات
جماعت,اتحاديه عرب
جماعت,استارتاپ
جماعت,بنگاه
جماعت,جامع
جماعت,جانبدارانه
جماعت,جماعت
جماعت,رده
جماعت,رديف
جماعت,سازمان
جماعت,سازمان ملل متحد
جماعت,سنخ
جماعت,صنف
جماعت,طبقه
جماعت,قشر
جماعت,كلاس
جماعت,نماز
جماعت,نماز خواندن
جمال,جمال
جمالش,جمالش
جمالي,جمالي
جمانا,افسردن
جمانا,برپا كردن
جمانا,تشكيل دادن
جمانا,ثابت كردن
جمانا,يخ بستن
جمانا,يخ زدن
جماگي,بزهكار
جماگي,جيب
جماگي,خودپرداز
جماگي,صندوق
جماگي,عابر بانك
جماگي,كيسه
جماگي,نقد
جماگي,هفتگي
جماگي,پيسه
جمشيد,جمشيد
جمع,جمع
جمعدار,افسر
جمعدار,امين
جمعدار,اژان
جمعدار,فوجدار
جمعدار,قانون گو
جمعدار,كدخدا
جمعدار,مامور
جمعدار,ناخدا
جمعدار,ياور
جمعرات,پنجشنبه
جمعراتوں,پنجشنبه
جمعو,ادينه
جمعو,جمعه
جمعوں,ادينه
جمعوں,جمعه
جمعيت,جمعيت
جمعہ,ادينه
جمعہ,اوردگاه
جمعہ,جمعه
جمعہ,دستگير
جمعہ,سعي كردن
جمعہ,لرد
جمعہ,معركه
جمعہ,گذاشتن
جمعے,ادينه
جمعے,جمعه
جملہ,اوكي
جملہ,جمعا
جملہ,جمله
جملہ,جهانگير
جملہ,حكم
جملہ,درست
جملہ,قضا
جملہ,كليات
جملہ,چادر شب
جملہ,گزاره
جمنا,افسردن
جمنا,فروماندن
جمنا,مانيد
جمنا,يخ بستن
جمنا,يخ زدن
جمنا,چسبيدن
جمنا,چسپيدن
جمنا,گير كردن
جموں,بيده
جموں,تجر
جموں,رضائي
جموں,زمستان
جموں,شب يلدا
جموں,شتا
جموں,كاپشن
جموں,نشي
جموں,يلدا
جموں,پوستين
جموں اور كشمير,سرينگر
جموں و كشمير,بلتستان
جموں و كشمير,بنگال
جموں و كشمير,جدا
جموں و كشمير,جنتري
جموں و كشمير,خراسان
جموں و كشمير,صحراي غربي
جموں و كشمير,طالبان
جموں و كشمير,قبرس شمالي
جموں و كشمير,قشمير
جموں و كشمير,كره
جموں و كشمير,كريمه
جموں و كشمير,كشمير
جموں و كشمير,مظفراباد
جموں و كشمير,پنجاب
جميل,جميل
جمہوري,ابولا
جمہوري,جمهوري دموكراتيك افغانستان
جمہوري,جمهوري دموكراتيك كانگو
جمہوري,جمهوري دموكراتيك كنگو
جمہوري,خلق
جمہوري,دموكراتيك
جمہوري,سوسياليسم دموكراتيك
جمہوري,صحراي غربي
جمہوري جمہوريہ كانگو,ابولا
جمہوري جمہوريہ كانگو,جمهوري دموكراتيك افغانستان
جمہوري جمہوريہ كانگو,جمهوري دموكراتيك كانگو
جمہوري جمہوريہ كانگو,جمهوري دموكراتيك كنگو
جمہوري جمہوريہ كانگو,خلق
جمہوري جمہوريہ كانگو,دموكراتيك
جمہوري جمہوريہ كانگو,سوسياليسم دموكراتيك
جمہوري جمہوريہ كانگو,صحراي غربي
جمہوريت,دموكراسي
جمہوريت,مردمسالاري
جن,از ما بهتران
جن,استويهاد
جن,بغامه
جن,جن
جن,ديو
جناب,اغا
جناب,جناب
جناب,جناب اقاي
جناب,حاكم
جناب,خان
جناب,خواجه
جناب,داور
جناب,رشن
جناب,شاهنامه اخرش خوشه
جناب,صاحب
جناب,عاليجناب
جناب,قاضي
جناب,قضاوت كردن
جناح,ابن
جناح,بنگالي
جناح,حدادي
جناح,رضايي
جناح,قروتاب
جناح,مناجات
جناح,گجراتي
جنازو,تشييع
جنازو,جنازه
جنازو,فاتحه
جنازوں,تشييع
جنازوں,جنازه
جنازوں,فاتحه
جنازہ,املاي نانوشته غلط ندارد
جنازہ,تابوت
جنازہ,تشييع
جنازہ,جثه
جنازہ,جسد
جنازہ,جنازه
جنازہ,خودكشي از ترس مرگ
جنازہ,دستگير
جنازہ,فاتحه
جنازہ,كليپ
جنازہ,لاش
جنازہ,مردار
جنازہ,مزه
جنازہ,مسلم
جنازہ,منظور
جنازہ,نعش
جنازے,تشييع
جنازے,جنازه
جنازے,فاتحه
جنان,جنان
جنبش,جنبش
جنت,جنت
جنت,چرتكه
جنتا,ازدحام
جنتا,انبوه
جنتا,بلوك
جنتا,توده
جنتا,جماعت
جنتا,جمع
جنتا,جمعيت
جنتا,جنجال
جنتا,خلق
جنتا,دنگل
جنتا,شلوغي
جنتري,تقويم
جنتري,جنتري
جنتي,براق
جنتي,بهشتي
جنتي,جنتي
جنتي,خوباني
جنتي,خوشا
جنتي,ديمه
جنتي,زاوش
جنتي,شادروان
جنتي,فرخنده
جنتي,قدسي
جنتي,كامران
جنتي,لطيف
جنتي,مبارك
جنتي,متبرك
جنتي,نرم
جنتي,همايون
جنتي,گياخن
جنس,جنس
جنم,انداختن
جنم,بروز
جنم,تولد
جنم,زادن
جنم,زايمان زودرس
جنم,زايمان طبيعي
جنم,زايمان كردن
جنم,زاييدن
جنم,زه
جنم,شناسنامه
جنم,ظهور
جنوب,جنوب
جنوبي ايشيا,اتحاد شوروي
جنوبي ايشيا,اسياي جنوبي
جنوبي ايشيا,اسياي شرقي
جنوبي ايشيا,امريكاي مركزي
جنوبي ايشيا,بدخشان
جنوبي ايشيا,بوتان
جنوبي ايشيا,جمهوري دموكراتيك كنگو
جنوبي ايشيا,خاورميانه
جنوبي ايشيا,سرنديپ
جنوبي ايشيا,سريلانكا
جنوبي ايشيا,سيلان
جنوبي ايشيا,شام
جنوبي ايشيا,شامل
جنوبي ايشيا,شبهجزيره كره
جنوبي ايشيا,شوروي
جنوبي ايشيا,قبرس شمالي
جنوبي ايشيا,قرارداد
جنوبي ايشيا,كوريا
جنوبي ايشيا,مالديف
جنوبي ايشيا,مالديو
جنوبي ايشيا,مغرب
جنوبي ايشيا,نيپال
جنوبي ايشيا,نپال
جنوبي ايشيا,هندوچين
جنوبي ايشيا,چهارباغ
جنوبي ايشيا,گروه
جنوبي ايشيائي,اسيايي
جنوبي ايشيائي,برادري
جنوبي ايشيائي,توران
جنوبي ايشيائي,سبك هندي
جنوبي ايشيائي,غزل
جنوبي ايشيائي,منتو
جنوبي ايشيائي,گو
جنوبي كوريا,اسياي شرقي
جنوبي كوريا,سئول
جنوبي كوريا,شبهجزيره كره
جنوبي كوريا,كره
جنوبي كوريا,كره جنوبي
جنوبي كوريا,كره شمالي
جنوبي كوريا,كوريا
جنوبي كوريا,پيونگيانگ
جنود,جنود
جنوري,جدي
جنوري,جنوري
جنوري,كانون ثاني
جنوري,ژانويه
جنون,جنون
جنون,خوره
جنون,ديوانگي
جنون,شوريده
جنونش,جنونش
جنوني,جنوني
جنيد,جنيد
جنين,جنين
جنيوا,جنيوا
جنگ,احساس
جنگ,افند
جنگ,به هم برامدن
جنگ,تكان
جنگ,جلد
جنگ,جنگ
جنگ,جنگيدن
جنگ,جهاد
جنگ,حجم
جنگ,حرب
جنگ,خاش
جنگ,دل
جنگ,رشك
جنگ,عشق
جنگ,غيرت
جنگ,فضا
جنگ,كباب
جنگ,مبارزه
جنگ,محاربه
جنگ,مصحف
جنگ,نبرد
جنگ,نبيگ
جنگ,نزاع
جنگ,نسك
جنگ,هيجان
جنگ,پاول
جنگ,پولس
جنگ,گين
جنگل,بيابان
جنگل,بيشه
جنگل,تورقوزاباد
جنگل,جنگل
جنگل,فلات
جنگل,نخلستان
جنگلا,شمشيربازي
جنگي,جنگي
جنگي,زورخانه
جنگي,شاگرد
جنگي,مبارز
جنگي,چالش
جو,بسته
جو,جو
جو,خويشاوند
جو,دده
جو,فرهنگي
جو,كس
جو,كه
جو,نسبت به
جو,نسبي
جو,هر كه طاووس خواهد جور هندوستان كشد
جو,هر چه
جو,هرچه
جو,هرچه بادا باد
جو,چي بوديم، چي شديم
جو،,جو،
جوئي,جوئي
جوئيم,جوئيم
جوا,زار
جوا,قمار
جواب,استفهام انكاري
جواب,استقبال
جواب,جواب
جواب,جواب دادن
جواب,خيلي مخلصيم
جواب,راه حل
جواب,رخصت
جواب,عافيت باشه
جواب,مثل پلو تو دوري
جواب,مگر
جواب,ويديدن
جواب,پاسخ
جواب,چاره
جواد,ازاد
جواد,اهل دل
جواد,بخشنده
جواد,تعارف كردن
جواد,جوانمرد
جواد,راد
جواد,رادمنش
جواد,كريم
جواد,لارژ
جواز,توجيه
جواز سفر,تذكره
جواز سفر,پاسپورت
جواز سفر,گذرنامه
جوان,ارتشدار
جوان,ارتيشدار
جوان,جوان
جوان,سرباز
جوان,سپاهي
جوان,نفر
جوان,نفرات
جوان,چريك
جوانان,جوانان
جوانمردي,جوانمردي
جوانو,جوون
جوانوں,جوون
جواني,برنا
جواني,بلوغ
جواني,تكليف
جواني,جوان
جواني,جواني
جواني,خردسال
جواني,رجوليت
جواني,ريدك
جواني,شاب
جواني,صبي
جواني,عنفوان
جواني,مردي
جواني,نوجوان
جواني,نوچه
جوت,اتشدان
جوت,اثر
جوت,اشراق
جوت,افرنگ
جوت,افسار
جوت,ال
جوت,الاوه
جوت,الو
جوت,بت
جوت,برق
جوت,برنشستن
جوت,بند
جوت,بند ناف
جوت,تار
جوت,تف
جوت,تير
جوت,جابجا
جوت,جان
جوت,جانان
جوت,خوانچه
جوت,رخت
جوت,رد
جوت,رسن
جوت,روان
جوت,روح
جوت,روپوش
جوت,ريسمان
جوت,زبانه
جوت,زير
جوت,زيگ
جوت,سام
جوت,سامان
جوت,سريش
جوت,سموت
جوت,سيم
جوت,شاخ
جوت,شايورد
جوت,شعاع
جوت,شعله
جوت,شمع
جوت,شيوه
جوت,صنم
جوت,طمطراق
جوت,علو
جوت,فر
جوت,فرخار
جوت,فغ
جوت,فوت كردن
جوت,قالب
جوت,قرار گرفتن
جوت,قنديل
جوت,لامپ
جوت,مشكات
جوت,مهر
جوت,موم
جوت,نفس
جوت,نقش
جوت,نهور
جوت,نورد
جوت,نيفه
جوت,نگاه
جوت,هاله
جوت,وار
جوت,پايه
جوت,پرنده پر نميزد
جوت,پي
جوت,چراغ
جوت,چراغ نفتي
جوت,چراغدان
جوت,گر
جوت,گوشه چشم
جوتا,ارسي
جوتا,بوت
جوتا,زبانه
جوتا,كفش
جوتا,واكس
جوتا,پاچيله
جوتا,چپت
جوتوں,ارسي
جوتوں,بوت
جوتوں,زبانه
جوتوں,كفش
جوتوں,واكس
جوتوں,پاچيله
جوتوں,چپت
جوتے,ارسي
جوتے,بوت
جوتے,زبانه
جوتے,كفش
جوتے,واكس
جوتے,پاچيله
جوتے,چپت
جوجھ,افند
جوجھ,جنگ
جوجھ,جنگيدن
جوجھ,جهاد
جوجھ,حرب
جوجھ,خاش
جوجھ,مبارزه
جوجھ,محاربه
جوجھ,نبرد
جوجھ,نزاع
جوجھنا,جنگيدن
جوجھنا,دسترنج
جوجھنا,دستمزد
جوجھنا,كارمزد
جوجھنا,مزد
جوجھنا,معاش
جور,ابولا
جور,تب
جور,تب كردن
جور,جور
جور,حرارت
جور,خنك
جور,خونسرد
جور,خونگرم
جور,درجه
جور,درجه حرارت
جور,دق
جور,دما
جور,سرد
جور,مخملك
جور,ملايم
جوز,جوز
جوز,جوز هندي
جوز,ساداوران
جوز,كما
جوز,پفك
جوز,پوست جوز هندي
جوز,گردو
جوز,گوز
جوست,جوست
جوش,اشتياق
جوش,انيمه
جوش,انيميشن
جوش,جوش
جوش,جوشش
جوش,شور
جوش,غيرت
جوش,هيجان
جوشد,جوشد
جوشش,جوشش
جوع,جوع
جوكھم,استوار
جوكھم,التزام
جوكھم,امن
جوكھم,ايمن
جوكھم,بيمه
جوكھم,تصرف
جوكھم,تعلق
جوكھم,تملك
جوكھم,جواهرات
جوكھم,جيد
جوكھم,خطر
جوكھم,خودكشي از ترس مرگ
جوكھم,دريافتن
جوكھم,دل به دريا زدن
جوكھم,ريسك
جوكھم,سيج
جوكھم,قبض
جوكھم,متاع
جوكھم,محكم
جوكھم,مطمئن
جوكھم,نجات دادن
جوكھم,چهارباغ
جوكھم,گاوصندوق
جوكھمي,بشگرد
جوكھمي,خطرناك
جوكھمي,خودكشي از ترس مرگ
جوكھمي,دربند
جوكھمي,سيجناك
جوكھمي,شكاري
جوكھمي,شكارچي
جوكھمي,صياد
جوكھمي,كوهكن
جوكھمي,ماجراجو
جوكھمي,وخيم
جولائي,تموز
جولائي,جولاي
جولائي,ژوئيه
جولان,جولان
جون,ثور
جون,جون
جون,حزيران
جون,ژوئن
جوناگڑھ,احمداباد
جوناگڑھ,سورت
جوناگڑھ,گجرات
جوناگڑھ,گجراتي
جونپور,استفساريه
جونپور,بنگالي
جونپور,سبها
جونپور,سلطنت
جونپور,كانگرس
جونپور,كنگره
جونپور,ولايت فقيه
جوي,جوي
جويا,جويا
جويان,جويان
جويباران,جويباران
جويد,جويد
جويش,جويش
جويم,جويم
جوڈيو,جهود
جوڈيو,فسنجان
جوڈيو,كاهن
جوڈيو,كليمي
جوڈيو,يهود
جوڈيو,يهودي
جوڑ,باژ
جوڑ,برجام
جوڑ,بند
جوڑ,مشترك
جوڑ,مفصل
جوڑ,مچ
جوڑا,تا
جوڑا,جفت
جوڑا,حريف
جوڑا,خوردن
جوڑا,داربي
جوڑا,زوج
جوڑا,زوجين
جوڑا,قرين
جوڑا,كبريت
جوڑا,كفش
جوڑا,كلپچه
جوڑا,كوپل
جوڑا,مسابقه
جوڑا,ميزان
جوڑا,نيفه
جوڑا,همتا
جوڑا,پاگشا
جوڑا,پرگار
جوڑنا,شريك
جوڑنا,صله
جوڑنا,لينك
جوڑنا,متحد كردن
جوڑنا,مچ
جوڑنا,همكار
جوڑنا,وابسته
جوڑنا,پايه
جوڑنا,پيوستن
جوڑنا,پيوند
جوگي,احتمالا
جوگي,اروند
جوگي,افسونگر
جوگي,املاي نانوشته غلط ندارد
جوگي,جادو
جوگي,جهانخوار
جوگي,خارقالعاده
جوگي,درويش
جوگي,ديو
جوگي,سالك
جوگي,سموت
جوگي,سيار
جوگي,شايد
جوگي,شكنج
جوگي,شيطانه
جوگي,عابد
جوگي,غالبا
جوگي,فرشته
جوگي,قرشمال
جوگي,كرامت
جوگي,كولي
جوگي,لابد
جوگي,مار
جوگي,محبوب
جوگي,مخلص
جوگي,مر
جوگي,مردمگياه
جوگي,مريد
جوگي,هرجايي
جوگي,يحتمل
جوگي,پارسا
جوگي,پرطرفدار
جوگي,پري
جوگي,چلوكباب
جوگي,چنبره
جوں,شپش
جوں,پش
جوہر,اتم
جوہر,بيبي
جوہر,تسخير كردن
جوہر,تشييع
جوہر,ته
جوہر,جنازه
جوہر,جواهر
جوہر,جوهر
جوہر,جيغه
جوہر,دده
جوہر,درج
جوہر,دچار
جوہر,روبرو
جوہر,روبنده
جوہر,سنبوسه
جوہر,فاتحه
جوہر,فرشگرد
جوہر,فينال
جوہر,قبال
جوہر,قر
جوہر,قطعي
جوہر,كندوري
جوہر,متوجه
جوہر,مواجه
جوہر,نظرباز
جوہر,نهائي
جوہر,نهايي
جوہر,پوشيه
جوہر,گوهر
جوہر,◌ؖ
جوہري,اتمي
جوہري,انرژي اتمي
جوہري,اژانس بينالمللي انرژي اتمي
جوہري,بمب اتمي
جوہري,جواهرات
جوہري,جيد
جي,اقدس
جي,او
جي,باشي
جي,جنس
جي,جنسيت
جي,جي
جي,حضرت
جي,درست
جي,درست كردن
جي,دولت عليه ايران
جي,سيد
جي,شريف
جي,صح
جي,صحيح
جي,عاطر
جي,پاكيزه
جيالا,ارزشي
جيالا,بهادر
جيالا,بيجينگ
جيالا,بيداد كردن
جيالا,تور
جيالا,جان نثار
جيالا,جماهيري عربي سوسياليستي خلق بزرگ ليبي
جيالا,جمهوري خلق چين
جيالا,حامي
جيالا,خان
جيالا,خلق
جيالا,خوناب
جيالا,دستگير
جيالا,دلير
جيالا,ديندار
جيالا,سخت
جيالا,سندروس
جيالا,شجاع
جيالا,شيرفش
جيالا,طرفدار
جيالا,عابد
جيالا,فن
جيالا,مجاهد
جيالا,مخلص
جيالا,مسكين
جيالا,معين
جيالا,وفادار
جيالا,يار غار
جيالا,پارتي
جيالا,پاينده
جيالا,پرستيدن
جيالا,پشتيبان
جيالا,چينود
جيالا,گرفتار
جيب,جيب
جيب,كيسه
جيب،,جيب،
جيبوں,جيب
جيبوں,كيسه
جيبيں,جيب
جيبيں,كيسه
جيبھ,اشتباه لپي
جيبھ,زبان
جيبھ,زبان مادري
جيبھ,زبانه
جيبھ,زوان
جيبھ,زوو
جيبھ,زڤان
جيبھ,لسان
جيت,ظفر
جيت,غلبه
جيت,فتح
جيت,فتحالله
جيت,فيروز
جيت,نجاح
جيت,پيروزي
جيحون,جيحون
جيرا,زيره
جيسس كرائسٹ,حواري
جيسس كرائسٹ,عيسوي
جيسس كرائسٹ,عيسي
جيسس كرائسٹ,مسيح
جيسس كرائسٹ,مسيحا
جيسس كرائسٹ,يوسف
جيل,زندان
جيل خانہ,زندان
جيم,جيم
جينا,اقامت داشتن
جينا,اينا
جينا,زنده باد
جينا,زندگي كردن
جينا,زياد
جينا,زيستن
جينا,زيويدن
جينا,كجا زندگي ميكنيد
جيوتي,تابش
جيوتي,تابيدن
جيوتي,تافتن
جيوتي,درخشيدن
جيوتي,رخشيدن
جيوتي,شيد
جيوتي,صيقل
جيوتي,فروغ
جيوميٹري,هندسه
جٹا,شيوا
جپنا,اقامه
جپنا,اموت
جپنا,تسبيح
جپنا,دعا كردن
جپنا,عبادت كردن
جپنا,هار
جڑ,اساس
جڑ,بنياد
جڑ,بنيان
جڑ,دستاويز
جڑ,دستور
جڑ,مايه
جڑ,مبنا
جڑ,مستند
جڑ,ها
جڑ,پايه
جڑانوالہ,فيصلاباد
جڑواں,ارتفاع
جڑواں,اسكي
جڑواں,توام
جڑواں,جمول
جڑواں,دست
جڑواں,دوقلو
جڑواں,را
جڑواں,زهدان
جڑواں,شگرد
جڑواں,غول
جڑواں,مجموعه
جڑواں,ياري
جگت,جهان
جگت,عالم
جگت,كائنات
جگت,كيهان
جگت,گيتي
جگر,اليجو
جگر,جان
جگر,جانان
جگر,جاني
جگر,جنم
جگر,جگر
جگر,خايه
جگر,دل
جگر,زهره
جگر,شجاعت
جگر,شهامت
جگر,عزيز
جگر,عزيزم
جگر,فري
جگر,كبد
جگر,كبد چرب
جگر,كنداوري
جگر,محبوب
جگر,واي
جگر,گرامي
جگر,گوگولي مگولي
جگردار,جگردار
جگرم,جگرم
جگنا,بيدار
جگنا,بيدار شدن
جگنا,بيدار كردن
جگنا,در سايه
جگنا,هوشيار
جگناتھ,جهان
جگناتھ,عالم
جگناتھ,كائنات
جگناتھ,كرشن
جگناتھ,كيهان
جگناتھ,گيتي
جگنو,كرم شبتاب
جگہ,اقصر
جگہ,بينالنهرين
جگہ,سايت
جگہ,شوش
جگہ,كربلا
جگہ,كعبه
جگہ جگہ,هرجا
جھانجھ,ابرنجن
جھانجھ,بزه
جھانجھ,تهي
جھانجھ,خشم
جھانجھ,دنيدن
جھانجھ,سنج
جھانجھ,شر
جھانجھ,شرارت
جھانجھ,شيطاني
جھانجھ,شيطنت
جھانجھ,عصبانيت
جھانجھ,غضب
جھانجھ,فتنه
جھانجھ,فشاري
جھانجھ,كاو
جھانجھ,كاواك
جھانجھ,ناو
جھانجھ,نغم
جھانجھ,پوده
جھانجھ,پوك
جھانجھ,پوكي
جھانجھ,چاله
جھانجھ,گودال
جھانكنا,تا
جھانكنا,قرين
جھانكنا,همتا
جھاڑنا,برس
جھاڑنا,رفتن
جھاڑنا,رفدن
جھاڑنا,غرواس
جھاڑنا,فرچه
جھاڑو,بدشگان
جھاڑو,جارو
جھاڑو,جاروب
جھكنا,خم
جھكنا,مسند
جھكنا,يله كردن
جھكنا,يله كن
جھلمل,اسطرلاب
جھلمل,بام
جھلمل,برق
جھلمل,ريزموج
جھلمل,سو
جھميلا,اشكال
جھميلا,امر
جھميلا,برامدن
جھميلا,خونسرد
جھميلا,دشواري
جھميلا,دچار
جھميلا,ريدن
جھميلا,قضيه
جھميلا,ماجرا
جھميلا,مبتلا
جھميلا,مشكل
جھميلا,مطلب
جھميلا,مهم
جھميلا,گذراندن
جھميلا,گرفتار
جھميلا,گير كردن
جھنڈا,اگير
جھنڈا,بيرق
جھنڈا,درفش
جھنڈا,شعار
جھنڈا,علم
جھنڈا,نشان
جھنڈا,وج
جھنڈا,پرچم
جھولا,برنشستن
جھولا,تاب
جھولا,تاختن
جھولا,جشن
جھولا,جشنواره
جھولا,راندن
جھولا,رخصت
جھولا,سوار كردن
جھولا,شيعه
جھولا,قبل
جھولا,قبل از
جھولا,مهد
جھولا,مهرگان
جھولا,ننو
جھولا,هيلو
جھولا,يلدا
جھولا,چهارشنبهسوري
جھولا,گهواره
جھولے لال,بابل
جھولے لال,دفينه
جھولے لال,مدفون
جھوٹ,دروغ
جھوٹ,دروغ بافتن
جھوٹ,زور
جھوٹ,كاست
جھوٹ,كاستي
جھوٹا,اژگهان
جھوٹا,باطل
جھوٹا,بهتان
جھوٹا,تقلبي
جھوٹا,تهمت
جھوٹا,جعل
جھوٹا,جعلي
جھوٹا,دجال
جھوٹا,دروغگو
جھوٹا,دندان مصنوعي
جھوٹا,شلتاق
جھوٹا,غلط
جھوٹا,كاذب
جھوٹھ,تركمان
جھوٹھ,سيبريه
جھوٹھ,يه
جھيل,ابزن
جھيل,ابگير
جھيل,اخلاط
جھيل,اروميه
جھيل,استخر
جھيل,انتاريو
جھيل,اوازه
جھيل,باتلاق
جھيل,به ستوه اوردن
جھيل,تالاب
جھيل,تو
جھيل,حوض
جھيل,حوضك
جھيل,درياي مرده
جھيل,درياچه
جھيل,كول
جھيل,كوير
جھيل,مرداب
جھيل,هامون
جھيل,چيچست
جھيل,ژي
جھٹ پٹ,اقامه
جھٹ پٹ,بلافاصله
جھٹ پٹ,تكزنگ زدن
جھٹ پٹ,تيز
جھٹ پٹ,حساس
جھٹ پٹ,زود
جھٹ پٹ,سريع
جھٹ پٹ,فرز
جھٹ پٹ,پوستكلفت
جھٹ پٹ,چرخيدن
جھٹ پٹ,گرديدن
جھٹ پٹ,گشتن
جھٹ پٹ,گوارا
جھٹكا,اتفاق
جھٹكا,افت
جھٹكا,تاور
جھٹكا,تك
جھٹكا,تكان
جھٹكا,تلميح
جھٹكا,جق زدن
جھٹكا,جلاد
جھٹكا,حادثه
جھٹكا,دچار
جھٹكا,دژاگاه
جھٹكا,روش
جھٹكا,زوش
جھٹكا,سانحه
جھٹكا,شديد
جھٹكا,شغال باران
جھٹكا,شوك
جھٹكا,شيرفش
جھٹكا,ضرب
جھٹكا,ضربه
جھٹكا,فاجعه
جھٹكا,فتنه
جھٹكا,فروماندن
جھٹكا,مبتلا
جھٹكا,متغير
جھٹكا,مصيبت
جھٹكا,نكبت
جھٹكا,هوس
جھٹكا,هول
جھٹكا,واقعه
جھٹكا,پشمام
جھٹكا,چيره
جھگڑا,افند
جھگڑا,جنگ
جھگڑا,جنگيدن
جھگڑا,جهاد
جھگڑا,حرب
جھگڑا,خاش
جھگڑا,مبارزه
جھگڑا,محاربه
جھگڑا,نبرد
جھگڑا,نزاع
جہاد,افند
جہاد,جنگ
جہاد,جنگيدن
جہاد,جهاد
جہاد,حرب
جہاد,خاش
جہاد,مبارزه
جہاد,محاربه
جہاد,نبرد
جہاد,نزاع
جہاز,ابخور
جہاز,اون ممه رو لولو برد
جہاز,با
جہاز,بارگيري
جہاز,بلند شدن
جہاز,جنگ
جہاز,جنگنده
جہاز,جهاز
جہاز,دند
جہاز,رنده
جہاز,زيره
جہاز,سفينه
جہاز,شيوه
جہاز,صاف
جہاز,صفحه
جہاز,صنار
جہاز,فروند
جہاز,كشتي
جہاز,كوزهگري
جہاز,كيمه
جہاز,مركب
جہاز,ملكوت
جہاز,ناو
جہاز,هنر
جہاز,هواپيما
جہاز,هواپيماي جت
جہاز,ورز
جہاز,پهپاد
جہاز,پيراستن
جہاز,پيشه
جہاز,چنار
جہازوں,ابخور
جہازوں,اون ممه رو لولو برد
جہازوں,بارگيري
جہازوں,بلند شدن
جہازوں,جنگ
جہازوں,جنگنده
جہازوں,جهاز
جہازوں,رنده
جہازوں,سفينه
جہازوں,صاف
جہازوں,صفحه
جہازوں,صنار
جہازوں,فروند
جہازوں,كشتي
جہازوں,كيمه
جہازوں,مركب
جہازوں,ملكوت
جہازوں,ناو
جہازوں,هواپيما
جہازوں,هواپيماي جت
جہازوں,پهپاد
جہازوں,چنار
جہازي,خلاشي
جہازي,خلاصي
جہازي,ملاح
جہازي,ملوان
جہازي,ناخدا
جہان,جهان
جہان,عالم
جہان,كائنات
جہان,كيهان
جہان,گيتي
جہانگير نگر,جهانگير نگر
جہنم,جحيم
جہنم,جهنم
جہنم,دوزخ
جہنم,زقوم
جہنم,سقر
جہنم,نه بابا
جہنمو,جحيم
جہنمو,جهنم
جہنمو,دوزخ
جہنمو,زقوم
جہنمو,سقر
جہنمو,نه بابا
جہنموں,جحيم
جہنموں,جهنم
جہنموں,دوزخ
جہنموں,زقوم
جہنموں,سقر
جہنموں,نه بابا
جہيز,جهاز
جہيز,كابين
جہيز,مهر
حائل,اب
حائل,ابرو
حائل,استراليا
حائل,استرليا
حائل,استريليا
حائل,بازدارنده
حائل,حائل
حائل,حيثيت
حائل,ضبط
حائل,فضا
حائل,مانع
حائل,گير
حائل,گير كردن
حاجت,احتياج
حاجت,اقتضا
حاجت,اقتضاء
حاجت,اندروا
حاجت,تمنا
حاجت,حاجت
حاجت,خواستن
حاجت,دستشويي
حاجت,ضرورت
حاجت,كار داشتن
حاجت,لاجرم
حاجت,محتاج
حاجت,مستراح
حاجت,مقتضا
حاجت,ميخوام بدونم
حاجت,ميل داشتن
حاجت,ناچار
حاجت,نياز
حاجت,واجب
حاجت گاہ,اباد
حاجت گاہ,اتشكده
حاجت گاہ,اذرابادگان
حاجت گاہ,برنشستن
حاجت گاہ,بيت
حاجت گاہ,تشناب
حاجت گاہ,توالت
حاجت گاہ,توالت ايراني
حاجت گاہ,توالت فرنگي
حاجت گاہ,خلاء
حاجت گاہ,خوشبخت
حاجت گاہ,دستشويي
حاجت گاہ,سرويس
حاجت گاہ,عبادتخانه
حاجت گاہ,كعبه
حاجت گاہ,كنشت
حاجت گاہ,مستراح
حاجت گاہ,معبد
حاجت گاہ,مهراوه
حاجت گاہ,هر كه طاووس خواهد جور هندوستان كشد
حاجت گاہ,هيكل
حادثات,حادثات
حاسب,انفورماتيك
حاسب,تبلت
حاسب,ذخيره كردن
حاسب,رايانه
حاسب,كامپيوتر
حاسب,كمپيوتر
حاسب,ماشين حساب
حاسب,مهندسي كامپيوتر
حاسب,موش
حاسب,نمايشگر
حاسب,هم گيمي
حاصل,اخه
حاصل,انجام
حاصل,به دست امدن
حاصل,تازه
حاصل,حاصل
حاصل,سر
حاصل,سرانجام
حاصل,فرجام
حاصل,قدرت هستهاي
حاصل,نتيجه
حاصل,پايان
حاصل؟,حاصل؟
حاصلش,حاصلش
حاصلي,حاصلي
حاضر,اماده
حاضر,تهيه كردن
حاضر,تيار
حاضر,حاضر
حاضر,سفربر
حاضر,پختن
حاضري,ابهت
حاضري,اهل مجلس
حاضري,بارگاه
حاضري,برشتوك
حاضري,بيا
حاضري,تشريف
حاضري,تعارف كردن
حاضري,تقديم كردن
حاضري,جانباز
حاضري,حضرت
حاضري,حضور
حاضري,دربار
حاضري,زحمت نكشيد
حاضري,صبحانه
حاضري,غريبي كردن
حاضري,مخاطب
حاضري,مستمع
حاضري,ناشتا
حاضري,وجود
حاضري,پيشنهاد كردن
حاضري,چاي صبح
حافظ,ابقا
حافظ,بان
حافظ,حافظ
حافظ,حامي
حافظ,رقيب
حافظ,قلاووز
حافظ,قيم
حافظ,نگهبان
حافظ,نگهدار
حافظ,ولي
حافظ,پشتيبان
حافظہ,خاطر
حافظہ,خاطره
حافظہ,نشاني
حافظہ,ياداوري
حاكم,حاكم
حاكمي,حاكمي
حال,تاور
حال,تكليف
حال,جايگاه
حال,جناب اقاي
حال,حال
حال,سركار خانم
حال,غلو
حال,كيفيت
حال,مكان
حال,وضعيت
حال,وكالت
حال,گاه
حالانكہ,اما
حالانكہ,اگرچه
حالانكہ,با اين حال
حالانكہ,با اين كه
حالانكہ,را
حالانكہ,ليك
حالانكہ,ليكن
حالانكہ,مگر
حالانكہ,هرچند
حالت,حالت
حالي,حالي
حاليا,حاليا
حاليہ,اخير
حاليہ,جديد
حاليہ,مگر
حاليہ,چي بوديم، چي شديم
حامل,حامل
حامي,اتحاديه افريقا
حامي,ارزشي
حامي,ال
حامي,بربري
حامي,تبار
حامي,جمهوري افريقاي مركزي
حامي,حامي
حامي,دستيار
حامي,دستگير
حامي,دودمان
حامي,رع
حامي,سياهپوست
حامي,طرفدار
حامي,عربستان
حامي,عرق
حامي,فن
حامي,مخلص
حامي,مدافع
حامي,مصري
حامي,معين
حامي,نام و نشان
حامي,نژاد
حامي,يار
حامي,پارتي
حامي,پشتيبان
حامي,چهر
حاميو,ارزشي
حاميو,حامي
حاميو,دستگير
حاميو,طرفدار
حاميو,فن
حاميو,مخلص
حاميو,معين
حاميو,پارتي
حاميو,پشتيبان
حاميوں,ارزشي
حاميوں,حامي
حاميوں,دستگير
حاميوں,طرفدار
حاميوں,فن
حاميوں,مخلص
حاميوں,معين
حاميوں,پارتي
حاميوں,پشتيبان
حب,حب
حباب,حباب
حبش,اتيوپي
حبش,اديس ابابا
حبش,المان
حبش,ايتوپيا
حبش,بن
حبش,تا
حبش,تا وقتي كه
حبش,جرمني
حبش,حبش
حبش,زنگ
حبش,سوازيلند
حبش,شاهنامه
حبش,عده
حبش,قوس
حبشي,اتحاديه افريقا
حبشي,جمهوري افريقاي مركزي
حبشي,حبشي
حبشي,زنگي
حبشي,سياه
حبشي,سياهپوست
حبشہ,زنگ
حبقوق,ادريس
حبقوق,زليخا
حبقوق,صهيون
حبقوق,قارون
حبل,حبل
حبيب,حبيب
حتي,حتي
حج,اباد
حج,جده
حج,حاج
حج,حاجي
حج,حج
حج,زيارت
حج,شريف
حج,عمره
حج,قبلتين
حج,كربلا
حج,كعبه
حج,مشهدي
حج,مكه
حج,ميقات
حجاب,حجاب
حجابي,حجابي
حجاز,حجاز
حجازي,حجازي
حجام,ارايشگر
حجام,دلاك
حجام,سلماني
حجت,حجت
حجر,حجر
حجرہ,ابانبار
حجرہ,اپارتمان
حجرہ,بارگاه
حجرہ,حجره
حجرہ,خرگاه
حجرہ,خيمه
حجرہ,چادر
حجرہ,گريچه
حجرہ,گيان
حد,حد
حد,دايره
حد,سامان
حد,كران
حد,كنار
حد,مر
حد,مرز
حدود,حدود
حدود,يدن
حدود,چريك
حدي,حدي
حديث,اباضيه
حديث,اظهار
حديث,اگر
حديث,بيان
حديث,بيانيه
حديث,تعريف
حديث,تقرير
حديث,تلميح
حديث,حديث
حديث,سرگذشت
حديث,فرمايش
حديث,مزخرف
حديث,نقالي
حديث,نقل
حديث,گفته
حديثي,حديثي
حذر,حذر
حر,حر
حرا,حرا
حرارت,ابولا
حرارت,تاب
حرارت,تب
حرارت,تب كردن
حرارت,تف
حرارت,تفت
حرارت,جزئي
حرارت,حرارت
حرارت,خفيف
حرارت,خنك
حرارت,خونسرد
حرارت,خونگرم
حرارت,درجه
حرارت,درجه حرارت
حرارت,دق
حرارت,دما
حرارت,سرد
حرارت,شمه
حرارت,مختصر
حرارت,مخملك
حرارت,ملايم
حرارت,هرم
حرارت,گرمي
حراست,ايست قلبي
حراست,بازداشت
حراست,توقيف
حراست,حفاظت
حراست,دستگير
حراست,دستگير كردن
حراست,دستگيري
حراست,نگاه
حرام,تحريم
حرام,حرام
حرام,ممنوع
حرام زادہ,حرام
حرام زادہ,حرامزاده
حرام زادہ,خشوك
حرام زادہ,روسپيزاده
حرام زادہ,سندره
حرام زادہ,لاس
حرام زادہ,مادر كسده
حرام زادہ,مول
حرب,حرب
حربي فنون,جنگي
حربي فنون,زورخانه
حربي فنون,شاگرد
حربي فنون,مبارز
حربي فنون,چالش
حرز,حرز
حرف,الفبا
حرف,الفباي اوانگاري بينالمللي
حرف,حرف
حرف,سين
حرف,لام
حرف,هي
حرف ربط,حرف اضافه
حرف عطف,اتصال
حرف عطف,حرف ربط
حرف عطف,صاحبقران
حرف عطف,فرخار
حرف عطف,قران
حرفم,حرفم
حرفي,حرفي
حركت,حركت
حرم,اباد
حرم,ابشتن
حرم,اتشكده
حرم,اذرابادگان
حرم,ارض اقدس
حرم,بيت
حرم,جل
حرم,حرام
حرم,حرم
حرم,حريم
حرم,سراي
حرم,شبستان
حرم,عبادتخانه
حرم,كعبه
حرم,كنشت
حرم,معبد
حرم,ممنوع
حرم,منجي
حرم,مهراوه
حرم,هيكل
حرمان,حرمان
حرمت,ترك
حرمت,جاه
حرمت,حرمت
حرمت,سنگ
حرمت,عصمت
حرمت,عفت
حرمت,قدر
حرمت,كرامت
حرمت,مقام
حرمت,مكان
حرمت,ناموس
حرمت,نخوت
حرمت,وقار
حرمت,وقع
حرمت,پاكي
حروف تہجي,الفبا
حروف تہجي,الفباي اوانگاري بينالمللي
حروف تہجي,سين
حروف تہجي,لام
حروف تہجي,هي
حريت,ازادي
حريت,ازادي بيان
حريت,استغنا
حريت,استقلال
حريت,برائت
حريت,حريت
حريت,خلاصي
حرير,حرير
حريري,حريري
حريف,حريف
حريفي,حريفي
حريم,حريم
حريمش,حريمش
حزقي ايل,ادريس
حزقي ايل,زليخا
حزقي ايل,صهيون
حزقي ايل,قارون
حزقيال,ادريس
حزقيال,زليخا
حزقيال,صهيون
حزقيال,قارون
حزم,حزم
حزين,حزين
حس,حس
حساب,امار
حساب,بابت
حساب,تعداد
حساب,جزيه
حساب,جنتري
حساب,حساب
حساب,حسابي
حساب,در نظر گرفتن
حساب,دربند
حساب,دفتر
حساب,دوربين
حساب,ديدگاه
حساب,سياهه
حساب,شهادت
حساب,شيربها
حساب,صورت
حساب,عن
حساب,فارس
حساب,فتراك
حساب,فهرست
حساب,قبض
حساب,كرايه
حساب,لايحه
حساب,لحاظ
حساب,ليست
حساب,محاسبه
حساب,مشهد
حساب,منظر
حساب,منظور
حساب,ناموس
حساب,نظر
حساب,نمايه
حساب,نوك
حساب,نول
حساب,هفتسين
حساب,وسناد
حساب,چك
حساب,گزارش
حسابم,حسابم
حسب,حسب
حسد,اهل حسد
حسد,بخل
حسد,تقليد
حسد,حسادت
حسد,حسد
حسد,حسود
حسد,رشك
حسد,غيرت
حسد,كينه
حسرت,حسرت
حسن,حسن
حسين,اخوند
حسين,تكيه
حسين,جميل
حسين,حزبالله لبنان
حسين,حسن
حسين,حسنك
حسين,حسين
حسين,حوزه
حسين,خوشتيپ
حسين,خوشگل
حسين,رعنا
حسين,شبيه
حسين,شمر
حسين,شهيد
حسين,شيعه
حسين,عاشورا
حسين,عرب پرست
حسين,عصمت
حسين,علوي
حسين,كربلا
حسين,مشهد
حسين,مقبول
حسين,مليح
حشر,حشر
حشرہ,جيرجيرك
حشرہ,حشره
حشرہ,قرمز
حشرہ,مگس
حشفہ,حشفه
حشفہ,ختنهگاه
حشفہ,سر كير
حشفہ,كله كير
حشيش,بنگ
حشيش,حشيش
حصار,حصار
حصول,حصول
حصہ,بهر
حصہ,سهم
حصہ,قسمت كردن
حصہ,نصيب
حصہ,نيابه
حضر,حضر
حضرت,ابهت
حضرت,ارايش
حضرت,ازا
حضرت,افرنگ
حضرت,او
حضرت,بلكه
حضرت,بند «پ»
حضرت,به جاي
حضرت,تركيببند
حضرت,تشريف
حضرت,تلميح
حضرت,توراندخت
حضرت,جاه
حضرت,جناب
حضرت,جناب اقاي
حضرت,جنس
حضرت,جنسيت
حضرت,حضرت
حضرت,حضور
حضرت,ركابي
حضرت,سركوب
حضرت,سنگ
حضرت,شكوه
حضرت,شير
حضرت,عاليجناب
حضرت,غريبي كردن
حضرت,فرزندخوانده
حضرت,قدر
حضرت,قدسيت
حضرت,كاربردي
حضرت,كرا
حضرت,كرامت
حضرت,كيو
حضرت,مجداني
حضرت,محترمانه
حضرت,محمد
حضرت,مراجعه
حضرت,مرجع
حضرت,مقام
حضرت,مكان
حضرت,منبع
حضرت,نخوت
حضرت,وجود
حضرت,وقار
حضرت,وقع
حضرت,پوراندخت
حضرت,پيشوا
حضور,حضور
حضور،,حضور،
حضورش,حضورش
حضوري,حضوري
حفاظت,حفاظت
حفاظت,سرپرستي
حفاظت,قيمومت
حفاظت,ولايت فقيه
حفاظت,پاسباني
حفاظت,گاوصندوق
حفاظتي بند,امان
حفاظتي بند,ايمني
حفاظتي بند,توكل
حفاظتي بند,حمايل
حفاظتي بند,زنار
حفاظتي بند,سلامت
حفاظتي بند,سنجاق قفلي
حفاظتي بند,ضامن
حفاظتي بند,فانوسقه
حفاظتي بند,كمر
حفاظتي بند,كمربند
حفاظتي بند,هميان
حفظ,حفظ
حق,التزام
حق,امتياز
حق,بار
حق,بايد
حق,باژ
حق,بهر
حق,تعهد
حق,تمكين
حق,جلوه دادن
حق,حق
حق,حقانيت
حق,حقيقت
حق,درامدن
حق,دروغ مصلحت اميز به از راست فتنه انگيز
حق,دعوا
حق,دم زدن
حق,راست
حق,راست گفتن
حق,راستي
حق,سهم
حق,صدق
حق,صفت
حق,طلب
حق,عهده
حق,فرض
حق,قانون گو
حق,قسمت كردن
حق,قيد
حق,كشك
حق,مستند
حق,منت
حق,نسبت دادن
حق,نصيب
حق,نيابه
حق,وظيفه
حق,وظيفهام بود
حق،,حق،
حقائق,حقائق
حقايق,حقايق
حقوق,حق نمك
حقوق,حقوق
حقوق,حقوق بشر
حقوں,بهر
حقوں,حق
حقوں,حقيقت
حقوں,دروغ مصلحت اميز به از راست فتنه انگيز
حقوں,راست
حقوں,راست گفتن
حقوں,راستي
حقوں,سفرهخانه
حقوں,سهم
حقوں,صدق
حقوں,قسمت كردن
حقوں,قليان
حقوں,نارگيله
حقوں,نصيب
حقوں,نيابه
حقير,اينا
حقير,حقير
حقير,خرد
حقير,خسيس
حقير,خوار
حقير,داف
حقير,زبون
حقير,شفك
حقير,كه
حقير,متوسط
حقير,منظورت چيست
حقير,ناچيز
حقير,هيچ
حقير,ورخچ
حقيقت,تصوير
حقيقت,حق
حقيقت,حقيقت
حقيقت,در حقيقت
حقيقت,در واقع
حقيقت,دروغ مصلحت اميز به از راست فتنه انگيز
حقيقت,راست
حقيقت,راست گفتن
حقيقت,راستش
حقيقت,راستي
حقيقت,صدق
حقيقت,معني
حقيقت,واقع
حقيقت,واقعيت
حقيقي,حقيقي
حقہ,سفرهخانه
حقہ,قليان
حقہ,نارگيله
حكايت,بينالنهرين
حكايت,تاريخ
حكايت,تاريخچه
حكايت,تعريف
حكايت,حكايت
حكايت,داستاني
حكايت,روايت
حكايت,سابقه
حكايت,سرگذشت
حكايت,فرهاد
حكايت,ليلي
حكايت,مگر
حكايت,نقالي
حكايت,نقل
حكايت,نقلي
حكايت,پهلوي
حكم,ائين
حكم,بوش
حكم,حكم
حكم,داوري
حكم,فتوا
حكم,فرمان
حكم,فيصله
حكم,قانون
حكم,قدر
حكم,قضا
حكم,قضاوت
حكم,مولوي
حكم,ولايت فقيه
حكم,ياسا
حكمت,اتنا
حكمت,اعجاز
حكمت,اعجوبة
حكمت,اعجوبه
حكمت,حكم
حكمت,حكمت
حكمت,خرد
حكمت,دانايي
حكمت,دانشمندي
حكمت,راز
حكمت,رمز
حكمت,طلسم
حكمت,عجوبه
حكمت,فرزانگي
حكمت,معجزه
حكمت,هنر
حكمت,وير
حكمت,پير مغان
حكمتست,حكمتست
حكمتش,حكمتش
حكمتي,حكمتي
حكمران,حكمران
حكمش,حكمش
حكومت,حاكميت
حكومت,حكومت
حكومت,قلمرو
حكيم,اخر الاخرين
حكيم,الله
حكيم,انا لله و انا اليه راجعون
حكيم,بوذاسف
حكيم,حكمت
حكيم,حكيم
حكيم,حكيمجي
حكيم,داكتر
حكيم,دستور
حكيم,دكتر
حكيم,دكتر ميخواهم
حكيم,دكتور
حكيم,رد
حكيم,طبيب
حكيم,فيلسوف
حكيم,پزشك
حكيمان,حكيمان
حكيمي,حكيمي
حل,حل
حل,راه حل
حل,رفع
حل,قطعنامه
حل,وضوح
حل,ويديدن
حل,چاره
حلاج,حلاج
حلال,تجويز
حلال,حلال
حلال,روا
حلال,قانوني
حلال،,حلال،
حلب,حلب
حلب,رقه
حلب,مازو
حلق,بغض
حلق,حلق
حلق,ناي
حلق,گلو
حلق,گلون
حلق,گلي
حلقہ,انگشتر
حلقہ,تكزنگ زدن
حلقہ,حد
حلقہ,حلقه
حلقہ,حلقه ازدواج
حلقہ,حلقه نامزدي
حلقہ,خاتم
حلقہ,زنگ
حلقہ,زنگ زدن
حلقہ,سامان
حلقہ,كران
حلقہ,كنار
حلقہ,مرز
حلقہ,چنبر
حلقہ,چنبره
حلقہ,چپر
حلم,ايدهال
حلم,برداشت
حلم,تخيل
حلم,حلم
حلم,حوصله
حلم,خو
حلم,خواب
حلم,خواب ديدن
حلم,خيال
حلم,رؤيا
حلم,شكيب
حلم,شكيبائي
حلم,صبر
حلم,ظرف
حلم,نوم
حلم,وهم
حلم,پندار
حلم,ژكفري
حلم,گزارش
حلوہ,اسيايي
حلوہ,برادري
حلوہ,توران
حلوہ,دسر
حلوہ,سبك هندي
حلوہ,غزل
حلوہ,منتو
حلوہ,گو
حليم,اروند
حليم,افطار
حليم,تهچين
حليم,ثور
حليم,حكمت
حليم,سمد
حليم,سمنو
حليم,شاخ
حليم,قصب
حليم,ماسالا
حليم,محاربه
حليم,محبوب
حليم,ميده
حليم,ناو
حليم,هندوستان
حليم,ياري
حليم,پرطرفدار
حليم,چلوكباب
حليم,گندم
حليم,گنم
حليہ,ائين
حليہ,اذين
حليہ,ارايش
حليہ,ارايه
حليہ,انگشتر
حليہ,بازشناختن
حليہ,ترسيم
حليہ,تزيين
حليہ,تشريح
حليہ,تعريف
حليہ,تنگه
حليہ,توران
حليہ,توصيف
حليہ,توله
حليہ,جواهر
حليہ,جواهرات
حليہ,جواهرفروشي
حليہ,جواهري
حليہ,جيد
حليہ,جيغه
حليہ,خاتم
حليہ,دريچه
حليہ,زينت
حليہ,زيور
حليہ,سيم
حليہ,سيمكش
حليہ,سيمين
حليہ,شناسايي كردن
حليہ,صفت
حليہ,طراز
حليہ,لاري
حليہ,نشان
حليہ,نقره
حليہ,نقرهاي
حليہ,نوار
حليہ,وصف
حليہ,پيراستن
حليہ,گزارش
حماس,اسلامگرا
حماس,انحلال
حماس,بخش
حماس,تشكيلات
حماس,جنگجو
حماس,حزبالله لبنان
حماس,حماس
حماس,داعشي
حماس,راه دادن
حماس,سازمان بهداشت جهاني
حماس,سازماندهي
حماس,ساماندهي
حماس,سرزمينهاي فلسطيني
حماس,سمن
حماس,طالبان
حماس,غيور
حماس,فلسطين
حماس,فلسطيني
حماس,محاربه
حماس,پيكارجو
حماقت,حماقت
حماقت,ديوانگي
حمام,ابزن
حمام,تشناب
حمام,حجره
حمام,حمام
حمام,حمام كردن
حمام,خزينه
حمام,دستشويي
حمام,دلاك
حمام,دوش گرفتن
حمام,شاور گرفتن
حمام,غسل كردن
حمام,گرمابه
حمايت,حمايت
حمايت,دفاع
حمايت,پاد
حمايت,پدافند
حمايت,پشتيباني
حمد,تعريف
حمد,توصيف
حمد,ثنا
حمد,حمد
حمد,روضه
حمد,سرود
حمد,گاه
حمل,ابستني
حمل,ارابه
حمل,انتقال
حمل,بارداري
حمل,بره
حمل,تست بارداري
حمل,حاملگي
حمل,حمل
حمل,حمل كردن
حمل,درشكه
حمل,دليجان
حمل,عرابه
حمل,قنداق
حمل,كالسكه
حمل,كرايه
حمل,واگن
حمل,گردون
حملوں,ايلغار
حملوں,تعرض
حملوں,تهاجم
حملوں,شاهنامه
حملوں,كلاشينكف
حملوں,هجوم
حملہ,ايلغار
حملہ,تعرض
حملہ,تهاجم
حملہ,شاهنامه
حملہ,كلاشينكف
حملہ,هجوم
حملے,ايلغار
حملے,تعرض
حملے,تهاجم
حملے,شاهنامه
حملے,كلاشينكف
حملے,هجوم
حميت,حميت
حنا,اهنگ كردن
حنا,تيار
حنا,حاضر
حنا,حنا
حنا,نگار
حنا,يوسف
حنائي,حنائي
حنين,حنين
حوادث,حوادث
حواري,اهل ايمان
حواري,ايزد
حواري,ايماندار
حواري,بابك
حواري,حكمت
حواري,حكيم
حواري,حواري
حواري,دستيار
حواري,دوستان
حواري,رد
حواري,رسول
حواري,شاگرد
حواري,عيسوي
حواري,عيسي
حواري,غيب
حواري,كندوري
حواري,مؤمن
حواري,مرسل
حواري,مريد
حواري,مسيحا
حواري,وفادار
حواري,يار غار
حواري,يزدان
حواري,يوسف
حواري,پايبند
حواري,پاينده
حواري,گازر
حواس,حواس
حوالہ,بند «پ»
حوالہ,تلميح
حوالہ,توراندخت
حوالہ,مراجعه
حوالہ,مرجع
حوالہ,منبع
حوالہ,پوراندخت
حور,حور
حور,حوري
حوران,حوران
حوري,حوري
حوريان,حوريان
حوصلگي,حوصلگي
حوصلہ,اطمينان
حوصلہ,اعتبار
حوصلہ,اعتماد
حوصلہ,برداشت
حوصلہ,جنم
حوصلہ,جوانمردي
حوصلہ,حوصله
حوصلہ,خايه
حوصلہ,دل
حوصلہ,روحيه
حوصلہ,زهره
حوصلہ,شجاعت
حوصلہ,شكيب
حوصلہ,شكيبائي
حوصلہ,شهامت
حوصلہ,صبر
حوصلہ,ظرف
حوصلہ,كنداوري
حوصلہ,وثوق
حوصلہ,ژكفري
حوض,ابانبار
حوض,ابزن
حوض,ابشخور
حوض,ابگير
حوض,استخر
حوض,انبار
حوض,انديشكده
حوض,اوازه
حوض,باك
حوض,بركه
حوض,تالاب
حوض,تانك
حوض,تخار
حوض,تغار
حوض,تو
حوض,حوض
حوض,حوضك
حوض,خودنويس
حوض,سارنج
حوض,سقاخانه
حوض,شادروان
حوض,شمر
حوض,ظرفشويي
حوض,فواره
حوض,كول
حوض,لاك
حوض,ناو
حوض,ژي
حويلي,اوازه
حويلي,برج
حويلي,تعلق
حويلي,دژ
حويلي,دژخيم
حويلي,سراي
حويلي,كاخ
حويلي,كوت
حويلي,كوشك
حي,حي
حيا,حيا
حيا,عفت
حيات,جان سالم به در بردن
حيات,جاندار
حيات,حيات
حيات,زنده
حيات,زيواندن
حيات,عمر
حيات,مكه
حياتم,حياتم
حياتيات,بيولوژي
حياتيات,بيولوژي دريا
حياتيات,زيستشناسي
حياتياتي,ارث
حياتياتي,زيستي
حياتين,ويتامين
حياتين,ويتامين ث
حياتين,ويتامين دي
حيدر,حيدر
حيدر اباد,استراليا
حيدر اباد,استرليا
حيدر اباد,استريليا
حيدر اباد,انگريز
حيدر اباد,انگريزي
حيدر اباد,بريتانيايي
حيدر اباد,تاسماني
حيدر اباد,تاليوود
حيدر اباد,حيدراباد
حيدر اباد,روباه
حيدر اباد,سنگاپور
حيدر اباد,فوتباليست
حيدري,حيدري
حيران,تعجب كردن
حيران,حيران
حيران,خيره
حيران,شوكه
حيران,شگفتزده
حيران,كف كردن
حيران,لال
حيران,مات
حيران,مدهوش
حيران,وا
حيران,گرخيدن
حيراني,حيراني
حيرانگي,اعجوبه
حيرانگي,اوه
حيرانگي,بردك
حيرانگي,تعجب
حيرانگي,تعجب كردن
حيرانگي,حيرت
حيرانگي,خيره كردن
حيرانگي,سانحه
حيرانگي,سورپرايز
حيرانگي,سورپريز
حيرانگي,شگفت
حيرانگي,عجب
حيرانگي,كرامت
حيرانگي,كه
حيرانگي,متحير كردن
حيرانگي,مثبت
حيرانگي,معما
حيرانگي,منفي
حيرانگي,مگر
حيرانگي,هم
حيرانگي,هيچكدام
حيرانگي,پشمام
حيرت,اعجوبه
حيرت,اوه
حيرت,بهت
حيرت,تعجب
حيرت,تعجب كردن
حيرت,حيرت
حيرت,خيره كردن
حيرت,سورپرايز
حيرت,سورپريز
حيرت,شگفت
حيرت,عجب
حيرت,كرامت
حيرت,كه
حيرت,متحير كردن
حيرت,مگر
حيرت,پشمام
حيرت انگيز,حسابي
حيرت انگيز,عجب
حيرت انگيز,معركه
حيف,حيف
حيفا,حيفا
حيوان,بهيمه
حيوان,تنگ
حيوان,حيوان
حيوان,دد
حيوان,دوال
حيوان,ستور
حيوان,كودن
حيوان,هيون
حيوان,چهارپا
حيوانيات,جانورشناسي
خاتم,خاتم
خاتمہ,اخه
خاتمہ,انجام
خاتمہ,انقضا
خاتمہ,انقضاء
خاتمہ,سر
خاتمہ,سرانجام
خاتمہ,فرجام
خاتمہ,قطع
خاتمہ,نتيجه
خاتمہ,پايان
خاتون,اغا
خاتون,بانو
خاتون,بي بي
خاتون,بيبي
خاتون,بيگم
خاتون,خاتون
خاتون,خانم
خاتون,كدبانو
خادم,بسيج
خادم,داوطلب
خادم,دلاك
خادم,رستوران
خادم,رستورانت
خادم,سرور
خادم,سفرهخانه
خادم,فست فود
خادم,كارساز
خادم,مجاور
خادم,مستخدم
خادم,مهمان
خادم,نوكر
خادم,نوكري
خادم,هوتل
خادم,پرس
خادم,پيشخدمت
خادم,گارسون
خار,تلو
خار,خار
خار,شوك
خارا,خارا
خارج,بدر
خارج,بره
خارج,بيرون
خارج,تماشا
خارج,خارج
خارج,ظاهر
خارج,قيافه
خارج,مصلا
خارج,پشت
خارجي,بيروني
خارجي,خارجي
خارجي,ظاهر
خارجہ,اداره
خارجہ,بيروني
خارجہ,خارجي
خارجہ,رويه
خارجہ,روپوش
خارجہ,صدر
خارجہ,ظاهر
خارجہ,فضاي بيروني
خارجہ,فضايي
خارجہ,مسائل
خارجہ,مغولستان
خارجہ,نول
خارجہ,هيئت
خارجہ,وزير خارجه
خارجہ,چپه
خارش,خارش
خاري,خاري
خاشاك,خاشاك
خاشاكي,خاشاكي
خاص,بوالعجب
خاص,تاكيد
خاص,خارقالعاده
خاص,خاص
خاص,خاصه
خاص,عجيب
خاص,فوقالعاده
خاص,مختص
خاص,مستغرب
خاص,نبوغ
خاص,ويژه
خاص,ويژگي
خاص,ژني
خاص طور پر,تلميح
خاص طور پر,توليدن
خاص طور پر,خاصه
خاص طور پر,نگين
خاصا,تاكيد
خاصا,خاص
خاصا,خاصه
خاصا,مختص
خاصا,ويژه
خاصا,ويژگي
خاصان,خاصان
خاصگي,خاصه
خاصگي,خاصگي
خاصگي,خصوص
خاصگي,خصوصيت
خاصگي,غريبي
خاصگي,گز
خاطر,تامل
خاطر,حيثيت
خاطر,خاطر
خاطر,راستاد
خاطر,ضيافت
خاطر,مد نظر
خاطر,مراعات
خاطر,منظور
خاطر,نظر
خاطر,نمك
خاطر,نمكگير
خاطر,وقع
خاطر,پاس
خاطري,خاطري
خاقان,خاقان
خاك,ارض
خاك,بوم
خاك,تازه
خاك,خاك
خاك,خاكسار
خاك,دوستها
خاك,رشت
خاك,زدودن
خاك,زمين
خاك,سوده
خاك,عفو
خاك,غبار
خاك,غليظ
خاك,كثافت
خاك,كشور
خاك,نجاست
خاك,پلم
خاك,چرك
خاك,گرد
خاكدان,خاكدان
خاكداني,خاكداني
خاكسار,خاكسار
خاكست,خاكست
خاكستر,خاكستر
خاكسترم,خاكسترم
خاكستري,خشين
خاكستري,خنگ
خاكستري,سنجاب
خاكش,خاكش
خاكم,خاكم
خاكنائے,برزخ
خاكي,خاكي
خاكي,زميني
خاكيان,خاكيان
خاكيم,خاكيم
خال,خال
خال,داغ
خال,سنگر
خال,لك
خال,لكه
خال,نقطه
خال,چرخش
خالد,خالد
خالق,اهورامزدا
خالق,باري
خالق,خالق
خالق,دادار
خالق,كردگار
خالق,كروگر
خالو,تغايي
خالو,خالو
خالو,دايزه
خالو,دايي
خالو,عمو
خالو,كاكا
خالو,ماما
خالي,ازخ
خالي,تخليه
خالي,تهي
خالي,خالي
خالي,خالي كردن
خالي,سوت و كور
خالي,صرف
خالي,صرفا
خالي,فاقد
خالي,فقط
خالي,مهجور
خالي,ويران
خالي,پوده
خالي,پوچ
خالہ,خاله
خالہ,دايزه
خالہ,دايي
خالہ,شوهرخاله
خالہ,عمه
خام,خام
خامش,خامش
خامشي,خامشي
خاموش,ارام
خاموش,ارامش
خاموش,اهسته
خاموش,بيصدا
خاموش,خاموش
خاموش,ساكت
خاموش,سكون
خاموش,مطمئن
خاموش,چس
خاموش,چپ
خاموش,چپ شدن
خاموش,گان
خاموش ہونا,ارام
خاموش ہونا,ارامش
خاموش ہونا,اهسته
خاموش ہونا,بيصدا
خاموش ہونا,خاموش
خاموش ہونا,ساكت
خاموش ہونا,سكون
خاموش ہونا,مطمئن
خاموش ہونا,چس
خاموش ہونا,چپ
خاموش ہونا,چپ شدن
خاموش ہونا,گان
خاموشان,خاموشان
خاموشي,باژ
خاموشي,خاموشي
خاموشي,دخمه
خاموشي,سكوت
خاموشي,چپ
خامي,خامي
خاميم,خاميم
خامہ,اجيل
خامہ,اصلا
خامہ,برگه
خامہ,بوري
خامہ,تمر
خامہ,توران
خامہ,حاكم
خامہ,خامه
خامہ,خردسال
خامہ,خشكبار
خامہ,خوباني
خامہ,زكاب
خامہ,غرو
خامہ,فتوا
خامہ,فرمانروا
خامہ,قرار
خامہ,قروت
خامہ,قصب
خامہ,قلم
خامہ,قلم كردن
خامہ,كشك
خامہ,كشورداري
خامہ,كلك
خامہ,كوچ
خامہ,ماه
خامہ,مداد
خامہ,مداد لب
خامہ,مسلط
خامہ,ناي
خامہ,نخستين
خامہ,ني
خامہ,هلتاك
خامہ,پنسل
خان,خان
خان,مود
خان,چنگيز
خان,چنگيزي
خاندان,ال
خاندان,بنه
خاندان,تبار
خاندان,خانواده
خاندان,دودمان
خاندان,رخت
خاندان,سامان
خاندان,عرق
خاندان,عيال
خاندان,كار خانگي
خاندان,كوچ
خاندان,نام و نشان
خاندان,نژاد
خاندان,چهر
خانسامان,ابدار
خانسامان,ابدارچي
خانسامان,اشپز
خانسامان,اشپزي كردن
خانسامان,خدمتكار
خانسامان,سراشپز
خانسامان,پختن
خانسامان,پزيدن
خانسامان,پيشكار
خانقاہ,احداث
خانقاہ,اديار
خانقاہ,استقرار
خانقاہ,بار
خانقاہ,برپايي
خانقاہ,تاسيس
خانقاہ,تشكيل
خانقاہ,تشكيلات
خانقاہ,خانقاه
خانقاہ,خشكشويي
خانقاہ,دير
خانقاہ,نوبهار
خانم,اغا
خانم,بانو
خانم,بي بي
خانم,بيبي
خانم,بيگم
خانم,توراندخت
خانم,خاتون
خانم,خانم
خانم,شاهدخت
خانم,شاهزاده
خانم,فرهاد
خانم,كدبانو
خانم,پرنسس
خانمان,خانمان
خانيت,خانات
خانيت,مغولستان
خانپور,بطن
خانپور,خان
خانپور,مود
خانپور,چنگيز
خانپور,چنگيزي
خانہ,اقصر
خانہ,بارگنج
خانہ,بنه
خانہ,بودباش
خانہ,بينالنهرين
خانہ,جايگاه
خانہ,جعبه
خانہ,حجره
خانہ,حلب
خانہ,خنور
خانہ,دان
خانہ,سايت
خانہ,سراي
خانہ,سرداب
خانہ,شوش
خانہ,ظرف
خانہ,كانتينر
خانہ,كربلا
خانہ,كشو
خانہ,كعبه
خانہ,مسكن
خانہ,مقام
خانہ,مقر
خانہ,منزل
خانہ,ميدان
خانہ,چايبر
خانہ بدوش,اواره
خانہ بدوش,تيره
خانہ بدوش,خان
خانہ بدوش,ساير
خانہ بدوش,سكاستان
خانہ بدوش,سلندر
خانہ بدوش,كرد
خانہ بدوش,كوچ
خانہ بدوش,هرجايي
خانہ بدوش,ول
خانہ بدوش,ويلان
خانہ بدوش,پرسه
خانہ بدوش,پرچم
خاور,خاور
خاوران,خاوران
خاوري,خاوري
خبر,اخبار
خبر,اطلاع
خبر,اطلاعات
خبر,اطلاعرساني
خبر,انفورماتيك
خبر,اگاهي
خبر,تذكر
خبر,توييت
خبر,جقي
خبر,خبر
خبر,دايركت
خبر,دريافت كردن
خبر,راي
خبر,سوتي دادن
خبر,سيا
خبر,سين
خبر,سين كردن
خبر,شعور
خبر,كاوشگر
خبر,كه
خبر,مكتوب
خبر,نظريه اطلاعات
خبر,هوش
خبر,هوش مصنوعي
خبر,ويس
خبر,پيام
خبر,پيامك
خبر,پيغام
خبر,ژني
خبر رساں ادارہ,اداره
خبر رساں ادارہ,اژانس
خبر رساں ادارہ,اژانس بينالمللي انرژي اتمي
خبر رساں ادارہ,بضاعت
خبر رساں ادارہ,خبرگزاري
خبر رساں ادارہ,سيا
خبر رساں ادارہ,نيابه
خبر رساں ادارہ,وكالت
خبردار,خبردار
خبردارش,خبردارش
خبير,خبير
ختم,اخر شدن
ختم,استكمال
ختم,تمام شدن
ختم,ختم
ختم,خلاص شدن
ختم,سپري
ختم,فارغالتحصيل
ختن,ختن
ختنہ,ختنه
ختنہ,ختنه زنان
ختنہ,سنت
ختنہ كرنا,ختنه كردن
خجالت,خجالت
خجل,خجل
خجلت,خجلت
خجير,لذيذ
خجير,مست
خجير,نمك
خدا,ارباب
خدا,خدا
خدا,خداوند
خدا,خداي
خدا,خصم
خدا,خواجه
خدا,دارنده
خدا,صاحب
خدا,مالك
خدا حافظ,بدرود
خدا حافظ,به سلامت
خدا حافظ,خداحافظ
خدا حافظ,خدافظ
خدا حافظ,وداع
خدا حافظ,ياعلي
خدا كا ميمنہ,بره
خدا نخواستہ,حاشا
خدا نخواستہ,معاذالله
خدائي,خدائي
خدارا,خدارا
خداست,خداست
خداوند,ارباب
خداوند,جهاندار
خداوند,حواري
خداوند,خدا
خداوند,خداوند
خداوند,خداي
خداوند,خصم
خداوند,خواجه
خداوند,دارا بودن
خداوند,دارنده
خداوند,را
خداوند,صاحب
خداوند,عيسوي
خداوند,عيسي
خداوند,مالك
خداوند,مسيحا
خداوند,يوسف
خداوندا,خداوندا
خداوندان,خداوندان
خداوندي,خداوندي
خداي,خداي
خدايا,خدايا
خدايان,خدايان
خدايش,خدايش
خدمت,ابهت
خدمت,استخدام
خدمت,اشتغال
خدمت,اطاعت
خدمت,بارگنج
خدمت,بازاريابي
خدمت,تشريف
خدمت,تمكين
خدمت,حضرت
خدمت,حضور
خدمت,خدمت
خدمت,سرويس
خدمت,سفارش
خدمت,سفارش دادن
خدمت,سفارشي
خدمت,سهم
خدمت,شبستان
خدمت,شغل
خدمت,طاعت
خدمت,غريبي كردن
خدمت,كانتينر
خدمت,كوچ
خدمت,مشغله
خدمت,نوكري
خدمت,هزينه
خدمت,وجود
خدمت,پلو
خدمت,چاينك
خدنگ,خدنگ
خديو,توانا
خديو,زورمند
خديو,زوش
خديو,سترگ
خديو,ستنبه
خديو,قادر
خديو,قدرتمند
خديو,مقتدر
خديو,نيرومند
خديو,چيره
خر,خر
خراب,ازخ
خراب,اواره
خراب,اور
خراب,تباه
خراب,خراب
خراب,خراب شدن
خراب,خراو
خراب,داغون
خراب,دست و پا شكسته
خراب,سلامت
خراب,سوختن
خراب,شكسته
خراب,صدمه ديده
خراب,ضايع
خراب,فاسد
خراب,كارتنخواب
خراب,كارتنخوابي
خراب,لوس
خراب,ماماني
خراب,ميده
خراب,نازپرورده
خراب,هلاك
خراب,ويران
خراب,ويرانه
خراب,پوده
خراب,پوسيده
خراب,گندلاش
خراب,گنده
خرابات,خرابات
خرابم,خرابم
خرابي,اتلاف
خرابي,اهريمن
خرابي,اواره
خرابي,بدي
خرابي,برباد دادن
خرابي,بربادي
خرابي,تحريف
خرابي,تخريب
خرابي,تلف
خرابي,خراب
خرابي,خراب كردن
خرابي,خرابي
خرابي,خراو
خرابي,سوء
خرابي,فساد
خرابي,مفسد في الارض
خرابي,هلاك
خراج,خراج
خراج تحسين,باژ
خراج تحسين,ترخان
خراج تحسين,ساو
خراج تحسين,في
خراجي,خراجي
خراش,التهاب
خراش,املاي نانوشته غلط ندارد
خراش,باد
خراش,بغض
خراش,بي گدار به اب زدن
خراش,ترك
خراش,خاراندن
خراش,خارش
خراش,خدشه
خراش,خراش
خراش,خراشيدن
خراش,خرنج
خراش,خش
خراش,خط زدن
خراش,خنج
خراش,داغ
خراش,دره
خراش,رخنه
خراش,ريش
خراش,شق
خراش,كراك
خراش,كند
خراش,كهير
خراش,كيس
خراش,ناو
خراش,ناي
خراش,پيادهرو
خراش,چاك
خراش,چروك
خراش,چروك شدن
خراش,چين
خراش,گلو
خراش,گلون
خراش,گلي
خراشد,خراشد
خرافات,خرافات
خرام,خرام
خراماں خراماں,اهسته
خراماں خراماں,باتاني
خراماں خراماں,خودكشي از ترس مرگ
خراماں خراماں,يواش
خراماں خراماں,يواش يواش
خراماں خراماں,گاماس
خراماں خراماں,گاماس گاماس
خراماں خراماں,گياخن
خرامد,خرامد
خرامش,خرامش
خرامي,خرامي
خران,خران
خراٹا,خرخره
خربوزہ,ابخوست
خربوزہ,تربز
خربوزہ,تربوز
خربوزہ,خربزه
خربوزہ,خربوزه
خربوزہ,دشت
خربوزہ,طالبي
خربوزہ,ماسك
خربوزہ,مشك
خربوزہ,مشكين
خربوزہ,نافه
خربوزہ,هندوانه
خربوزہ,پاشنا
خربوزہ,گل
خرد,اتنا
خرد,احاطه
خرد,تفاهم
خرد,حكم
خرد,حكمت
خرد,خاش
خرد,خرد
خرد,دانايي
خرد,دانشمندي
خرد,داوري
خرد,درك
خرد,دريافت
خرد,دقه
خرد,دقيق
خرد,دقيقه
خرد,ذهن
خرد,راه
خرد,ره
خرد,ريز
خرد,عقل
خرد,فرزانگي
خرد,فهم
خرد,قضا
خرد,قضاوت
خرد,معقول
خرد,هنر
خرد,هوش
خرد,پير مغان
خردبين,ريزبين
خردبين,لام
خردل,اسپندان
خردل,تودري
خردل,خردل
خردل,قدومه
خردمندي,خردمندي
خرس,بدمعاش
خرس,تخم جن
خرس,تور
خرس,دغا
خرس,رند
خرس,سبشت
خرس,سه كاف
خرس,سوسمار
خرس,شامورتي
خرس,عاميانه
خرس,عوام
خرس,عوامانه
خرس,عيار
خرس,فحش
خرس,هجو
خرم,خرم
خرما,خرما
خرمن,خرمن
خروس,خروس
خروس,سيخ خوردن
خروس,شاخ
خروس,كير
خروس,چخماق
خروش,خروش
خريد,خريد
خريدار,خريدار
خريداري مركز,بلخ
خريداري مركز,خريد
خريداري مركز,مركز
خريداري مركز,مركز خريد
خريداري مركز,مركزي
خريداري مركز,ميان
خريداري مركز,ميون
خريداري مركز,پاساژ
خريدم,خريدم
خريدن,خريدن
خريدنا,خريد
خريدنا,خريد كردن
خريدنا,خريدن
خريدوانا,چهارباغ
خريدي,خريدي
خرچ,خرج
خرچ,صرف
خرگوش,خرگوش
خرگوش,نر
خرگوش,هر چه
خزاؤں,خزان
خزاؤں,مهرگان
خزاؤں,پاييز
خزائيں,خزان
خزائيں,مهرگان
خزائيں,پاييز
خزان,خزان
خزانہ,ابانبار
خزانہ,انبار
خزانہ,تصرف
خزانہ,تعلق
خزانہ,تملك
خزانہ,حجره
خزانہ,خزانه
خزانہ,خزينه
خزانہ,خشاب
خزانہ,دفينه
خزانہ,قبض
خزانہ,كان
خزانہ,كول
خزانہ,متاع
خزانہ,مجله
خزانہ,نشريه
خزانہ,نيان
خزانہ,گريچه
خزانہ,گنج
خزانہ,گنجينه
خزاں,اتلاف
خزاں,خزان
خزاں,مهرگان
خزاں,پاييز
خزاں,پوسيدن
خزاں,گنديدن
خزف,خزف
خس,خس
خسان,خسان
خست,خست
خستگي,خستگي
خستہ,اوگار
خستہ,ترد
خستہ,خسته
خستہ,زده
خستہ,سست
خستہ,شكننده
خستہ,صدمه ديدن
خستہ,صدمه ديده
خستہ,ضعيف
خستہ,فكسني
خستہ,مجروح شدن
خستہ,ناتوان
خستہ,نزار
خسرو,خسرو
خسروان,خسروان
خسروي,خسروي
خسرہ,تملك
خسرہ,خسره
خسرہ,دار
خسرہ,ركورد
خسرہ,روزنامه
خسرہ,سابقه
خسرہ,صحراي غربي
خسرہ,صفحه
خسرہ,ضبط
خسرہ,كارنامه
خسرہ,مالكانه
خسرہ,پيشينه
خسي,خسي
خشبو,اقا
خشبو,ايالات متحده امريكا
خشبو,خد
خشبو,خوانواده
خشبو,صبا
خشبو,غر
خشبو,ماركت
خشبو,چوقور
خشت,اجر
خشت,اخيز
خشت,خشت
خشت,سفال
خشت,كاشي
خشك,خشك
خشم,جوشش
خشم,حسرت
خشم,خشم
خشم,دنيدن
خشم,سودا
خشم,شبيه
خشم,شهواني
خشم,عشق
خشم,عصبانيت
خشم,غرم
خشم,غضب
خشم,فشاري
خشم,كه
خشم,هوا
خشم,هوس
خشم,هوي
خشم,ولع
خشم,پري
خشوع و خضوع,اندرون
خشوع و خضوع,بوس
خشوع و خضوع,تعارف
خشوع و خضوع,تو
خشوع و خضوع,تواضع
خشوع و خضوع,جفت
خشوع و خضوع,خوارشماري
خشوع و خضوع,درون
خشوع و خضوع,شدن
خشوع و خضوع,مغولستان
خشوع و خضوع,چپه
خصم,ارباب
خصم,اپوش
خصم,حريف
خصم,خدا
خصم,خداوند
خصم,خداي
خصم,خصم
خصم,خواجه
خصم,دارنده
خصم,دشمن
خصم,رقيب
خصم,شيطان بزرگ
خصم,صاحب
خصم,ضد
خصم,عدو
خصم,مالك
خصم,مخالف
خصم,مقابل
خصم,مقاوم
خصم,هماورد
خصم,ياغي
خصوصا,اولا
خصوصا,بدك
خصوصا,بلم
خصوصا,تشريف
خصوصا,جان نثار
خصوصا,خرد
خصوصا,خلال
خصوصا,سانديسخور
خصوصا,فرانسه
خصوصا,فرس
خصوصا,يمان
خصوصا,چايجوش
خصوصي,بوالعجب
خصوصي,تاكيد
خصوصي,خاص
خصوصي,خاصه
خصوصي,خصوصي
خصوصي,خلوتگاه
خصوصي,شوفر
خصوصي,عجيب
خصوصي,مختص
خصوصي,مخصوص
خصوصي,مستغرب
خصوصي,ويژه
خصوصي,ويژگي
خصومت,خصومت
خضر,خضر
خط,ائتلاف
خط,تطابق
خط,خط
خط,طبق
خطا,ازمون و خطا
خطا,اشتباه
خطا,اشتباه كردن
خطا,اشتباه لپي
خطا,اماج
خطا,بار
خطا,بلوك
خطا,تقصير
خطا,خدشه
خطا,خرده گرفتن
خطا,خطا
خطا,خطا رفتن
خطا,درقه
خطا,دلم برات تنگ شده
خطا,رگبار
خطا,سر خوردن
خطا,سريدن
خطا,شخشيدن
خطا,عيب
خطا,غلط
خطا,غلط بودن
خطا,كوه به كوه نميرسد، ادم به ادم ميرسد
خطا,لغزيدن
خطا,ليز خوردن
خطا,مقصر
خطا,نشان
خطا,نظارت
خطا,هدف
خطا,ياساق
خطا,چپه
خطا,گذشتن
خطاؤں,ازمون و خطا
خطاؤں,اشتباه
خطاؤں,اشتباه كردن
خطاؤں,تقصير
خطاؤں,خطا
خطاؤں,غلط
خطاؤں,ياساق
خطائي,خطايي
خطائيں,ازمون و خطا
خطائيں,اشتباه
خطائيں,اشتباه كردن
خطائيں,تقصير
خطائيں,خطا
خطائيں,غلط
خطائيں,ياساق
خطاب,خطاب
خطاست,خطاست
خطبوں,خطبه
خطبوں,وعظ
خطبہ,خطبه
خطبہ,درس
خطبہ,ديباچه
خطبہ,سخنراني
خطبہ,مستمع
خطبہ,مقدمه
خطبہ,وعظ
خطبہ,گفتار
خطبہ,گفتمان
خطبے,خطبه
خطبے,وعظ
خطر,خطر
خطرناك,خطرناك
خطرناك,دربند
خطرناك,سيجناك
خطرناك,وخيم
خطرو,خطر
خطرو,دل به دريا زدن
خطرو,ريسك
خطرو,سيج
خطرو,نجات دادن
خطروں,خطر
خطروں,دل به دريا زدن
خطروں,ريسك
خطروں,سيج
خطروں,نجات دادن
خطري,خطري
خطرہ,خطر
خطرہ,دل به دريا زدن
خطرہ,ريسك
خطرہ,سيج
خطرہ,نجات دادن
خطرے,خطر
خطرے,دل به دريا زدن
خطرے,ريسك
خطرے,سيج
خطرے,نجات دادن
خطيب,امين
خطيب,خاطب
خطيب,خطبه
خطيب,خطيب
خطيب,خواننده
خطيب,سخنران
خطيب,قاري
خطيب,نائب
خطيب,نماينده
خطيب,وعظ
خطيب,گوينده
خطير,ارجمند
خطير,ارزشمند
خطير,افضل
خطير,اهل
خطير,اير
خطير,خودكشي از ترس مرگ
خطير,دهنه
خطير,سنگين
خطير,شريف
خطير,عزيز
خطير,قيمتي
خطير,لالا
خطير,مجداني
خطير,ميرزا
خطير,نجيب
خطير,نفيس
خطير,يشم
خطير,گرامي
خطير,گرانبها
خطہ,اراك
خطہ,حوزه
خطہ,دامنه
خطہ,رسم كردن
خطہ,فتنه
خطہ,منطقه
خطہ,ناحيه
خفا,خفا
خفاش,خفاش
خفت,خفت
خفتگان,خفتگان
خفي,خفي
خفيہ,سربسته
خفيہ,مستور
خفگان,اندوه
خفگان,حزن
خفگان,دلگيري
خفگان,دود
خفگان,رخت
خفگان,رسانه
خفگان,غمگيني
خفگان,ناراضگي
خلا,باطل
خلا,بيروني
خلا,بيفرهنگ
خلا,تخمك
خلا,جاروب
خلا,جاروبرقي
خلا,حجره
خلا,خلاء
خلا,دستشويي
خلا,دنگل
خلا,رويه
خلا,روپوش
خلا,سلول
خلا,سلول بنيادي
خلا,سلول خورشيدي
خلا,ظاهر
خلا,عورت
خلا,فضاي بيروني
خلا,فضايي
خلا,مستراح
خلا,مغولستان
خلا,نول
خلا,هيئت
خلا,ياخته
خلا,ياخته بنيادي
خلا,پوكي
خلا,چپه
خلا,گلبول سفيد
خلا,گلبول قرمز
خلا نورد,فضانورد
خلاف,امن
خلاف,ايمن
خلاف,جام زهر
خلاف,خلاف
خلاف,ريزشي
خلاف,ضد
خلاف,عزر
خلاف,عليه
خلاف,محاربه
خلاف,هم گيمي
خلافت,خلافت
خلافت,دمشق
خلافت,شام
خلاق,خلاق
خلاقي,خلاقي
خلد,خلد
خلش,خلش
خلعت,خلعت
خلعتي,خلعتي
خلفا,خليفه
خلفا,عائشه
خلفا,عثمان
خلفا,علي
خلفا,عمر
خلق,ادمي
خلق,ادميت
خلق,انسانيت
خلق,بشريت
خلق,خلق
خلق,مروت
خلقت,افريده
خلقت,افرينش
خلقت,خلق
خلقت,ديو
خلقت,رفتار
خلقت,سمندر
خلقت,مخلوق
خلل,اختلال
خلل,اغتشاش
خلل,انگليون
خلل,خلل
خلل,دمدمه
خلل,غوغا
خلل,فتنه
خلل,قطع
خلل,مغشوش
خلل,همهمه
خلل,هياهو
خلوت,خلوت
خلوتش,خلوتش
خلوي,تخمك
خلوي,حجره
خلوي,سلول
خلوي,سلول بنيادي
خلوي,سلول خورشيدي
خلوي,ياخته
خلوي,ياخته بنيادي
خلوي,گلبول سفيد
خلوي,گلبول قرمز
خليد,خليد
خليفہ,ارايشگر
خليفہ,اشپز
خليفہ,اشپزي كردن
خليفہ,جانشين
خليفہ,جيغه
خليفہ,خليفه
خليفہ,خياط
خليفہ,درزي
خليفہ,دلاك
خليفہ,سراشپز
خليفہ,سلماني
خليفہ,شيعه
خليفہ,عائشه
خليفہ,عثمان
خليفہ,علي
خليفہ,عمر
خليفہ,كشتيگير
خليفہ,لوتارنژي
خليفہ,پختن
خليفہ,پزيدن
خليفہ,پهلوان
خليل,خليل
خم,خم
خمار,خمار
خمستان,خمستان
خمسہ,انبوه
خمسہ,تركيببند
خمسہ,جندره
خمسہ,خرد كردن
خمسہ,خمس
خمسہ,خمسه
خمسہ,خوره
خمسہ,دانه
خمسہ,زكات
خمسہ,شاعرانه
خمسہ,فاصله
خمسہ,مرخ
خمسہ,مصاف
خمسہ,نسك
خمسہ,هرمز
خمسہ,پانصد
خمسہ,پنج
خمسہ,پوده
خمسہ,گاه
خموش,خموش
خموشم,خموشم
خموشي,خموشي
خميازه,خميازه
خميازه,دهاندره
خميازه,پاداش
خمير,خميرمايه
خمير,لواش
خمير,مايه
خمير,مخمر
خنجر,خنجر
خنجر,دشنه
خنجر,چيلان
خنجرو,خنجر
خنجرو,دشنه
خنجرو,چيلان
خنجروں,خنجر
خنجروں,دشنه
خنجروں,چيلان
خند,خند
خندان,خندان
خنده,خنده
خنديد,خنديد
خنزير,دشنام
خنزير,سركوب
خنزير,ضرب و شتم
خنزير,گراز
خنك,خنك
خنكي,سردي
خنكي,سرما
خو,خو
خواب,ايدهال
خواب,توهم
خواب,خو
خواب,خواب
خواب,خواب ديدن
خواب,خيال
خواب,دلشاد
خواب,رؤيا
خواب,شاد
خواب,شاد باد
خواب,شادمان
خواب,شاذ
خواب,مسرور
خواب,مژده
خواب,نوم
خواب,وهم
خواب,گزارش
خواب گاہ,اتاق خواب
خواب گاہ,تدفين
خواب گاہ,تلقين
خواب گاہ,خوابگاه
خواب گاہ,دشت
خواب گاہ,دفن
خواب گاہ,سنگين
خواب گاہ,شادروان
خواب گاہ,شبستان
خواب گاہ,قبر
خواب گاہ,لحد
خواب گاہ,يوسف
خواب گاہ,گور
خواب گاہ,گورخواب
خواب گاہ,گورخوابي
خوابست,خوابست
خوابش,خوابش
خوابوں,ايدهال
خوابوں,خو
خوابوں,خواب
خوابوں,خواب ديدن
خوابوں,رؤيا
خوابوں,نوم
خوابوں,گزارش
خوابي,خوابي
خوابيد,خوابيد
خواتين,اغا
خواتين,بانو
خواتين,بي بي
خواتين,بيبي
خواتين,بيگم
خواتين,خاتون
خواتين,خانم
خواتين,كدبانو
خواتين و حضرات,خانمها و اقايان
خواجگي,خواجگي
خواجہ,اغا
خواجہ,اقدس
خواجہ,بازرگان
خواجہ,تاجر
خواجہ,ثروتمند
خواجہ,جاهدار
خواجہ,جي
خواجہ,حضرت
خواجہ,خواجه
خواجہ,خواجگي
خواجہ,دارا
خواجہ,دارنده
خواجہ,دولت عليه ايران
خواجہ,دولتمند
خواجہ,سوداگر
خواجہ,سيد
خواجہ,شريف
خواجہ,عاطر
خواجہ,غني
خواجہ,كاسب
خواجہ,مهاراجه
خواجہ,پولدار
خواجہ,گبر
خوار,خوار
خواري,خواري
خواست,خواست
خواستم,خواستم
خواستن,خواستن
خواستند,خواستند
خوان,خوان
خواند,خواند
خواندي,خواندي
خوانم,خوانم
خوانند,خوانند
خواني,خواني
خوانچہ,خوانچه
خوانچہ,پتنوس
خواہ,استكمال
خواہ,اعم از
خواہ,الحاح
خواہ,تشنه
خواہ,تماشا
خواہ,خواهان
خواہ,مايل
خواہ,متمايل
خواہ,محتاج
خواہ مخواہ,بكنبكن
خواہ مخواہ,توجيه
خواہ مخواہ,حتما
خواہ مخواہ,لاجرم
خواہ مخواہ,مسلما
خواہ مخواہ,مطلقا
خواہ مخواہ,مگر
خواہ مخواہ,ناچارا
خواہ مخواہ,هراينه
خواہش,اندروا
خواہش,تمنا
خواہش,حاجت
خواہش,خواستن
خواہش,كار داشتن
خواہش,محتاج
خواہش,ميخوام بدونم
خواہش,ميل داشتن
خواہش,نياز
خوب,استوار
خوب,جور
خوب,خوب
خوب,درست
خوب,درواخ
خوب,سالم
خوب,سلامت
خوب,معقول
خوب,مناسب
خوب,چاق
خوبان,خوبان
خوباني,اروق
خوباني,خوباني
خوباني,زردالو
خوباني,قيصي
خوبي,خوبي
خود,اتخاذ
خود,تحصن
خود,خود
خود,خود را گول زدن
خود,خود نوشتن
خود,خويش
خود,متحصن
خود,پرداختن
خود غرض,برتن
خود غرض,خود غرض
خود غرض,خودخواه
خود غرض,خودمحور
خود غرض,خودپسند
خوددار,خوددار
خودداري,خودداري
خودكار,خودكار
خودكش,انتحار
خودكش,انتحاري
خودكش,بمبگذار انتحاري
خودكش,حمله انتحاري
خودكش,خودكشي
خودكش,خودكشي كردن
خودكشي,انتحار
خودكشي,انتحاري
خودكشي,بمبگذار انتحاري
خودكشي,حمله انتحاري
خودكشي,خودكشي
خودكشي,خودكشي كردن
خودكشي كرنا,اتخاذ
خودكشي كرنا,از بين بردن
خودكشي كرنا,اعدام كردن
خودكشي كرنا,انتحار
خودكشي كرنا,انتحاري
خودكشي كرنا,اوژنيدن
خودكشي كرنا,بمبگذار انتحاري
خودكشي كرنا,به خاطر سپردن
خودكشي كرنا,بيداد كردن
خودكشي كرنا,تحصن
خودكشي كرنا,حمله انتحاري
خودكشي كرنا,خود را گول زدن
خودكشي كرنا,خود نوشتن
خودكشي كرنا,خودكشي
خودكشي كرنا,خودكشي كردن
خودكشي كرنا,خون كردن
خودكشي كرنا,خويش
خودكشي كرنا,خيانت كردن
خودكشي كرنا,دست زدن
خودكشي كرنا,سر زدن
خودكشي كرنا,سپردن
خودكشي كرنا,قتل كردن
خودكشي كرنا,كشتن
خودكشي كرنا,ماتادور
خودكشي كرنا,متحصن
خودكشي كرنا,مرتكب شدن
خودكشي كرنا,نابود كردن
خودكشي كرنا,هلاك كردن
خودكشي كرنا,پرداختن
خودمختاري,ازادي
خودمختاري,استغنا
خودمختاري,استقلال
خودمختاري,حاكميت
خودمختاري,سروري
خودمختاري,كشورداري
خودمختاري,ممالك محروسه ايران
خودي,خودي
خوديم,خوديم
خودگير,خودگير
خور,خور
خوراك,اشتها
خوراك,انان
خوراك,انه
خوراك,بني ادم
خوراك,بيخ
خوراك,تيره
خوراك,ثمر
خوراك,جات
خوراك,خوراك
خوراك,دز
خوراك,رژيم
خوراك,رژيم گرفتن
خوراك,رژيمي
خوراك,سر زدن
خوراك,صندل
خوراك,طارم
خوراك,فاخره
خوراك,مردم
خوراك,مستخدم
خوراك,مقدار
خوراك,نباتي
خوراك,نفر
خوراك,پرهيز
خورد,خورد
خوردار,خوردار
خوردم,خوردم
خوردن,خوردن
خوردند,خوردند
خورسند,خورسند
خورشيد,خورشيد
خوري,خوري
خوش,تهي
خوش,خرسند
خوش,خوش
خوش,ضمن
خوش,فيلم سوپر
خوش,قانع
خوش,محتوا
خوش,مضمون
خوش,مطمئن
خوش,مفهوم
خوش,هشتگ
خوش امديد,ارادت
خوش امديد,خواهش ميكنم
خوش امديد,خوش امديد
خوش امديد,خير مقدم
خوش امديد,قدمت روي چشم
خوش امديد,كاري نكردم
خوش امديد,مرحبا
خوش امديد,وظيفهام بود
خوش حال,بختاور
خوش حال,برخوردار
خوش حال,خجسته
خوش حال,خدايي
خوش حال,خوباني
خوش حال,خوشبخت
خوش حال,روزبه
خوش حال,فرخ
خوش حال,فرخنده
خوش حال,فيروز
خوش حال,كامران
خوش حال,كامياب
خوش حال,موفق
خوش حال,همايون
خوش حال,پررونق
خوش خبري,دلشاد
خوش خبري,شاد
خوش خبري,شاد باد
خوش خبري,شادمان
خوش خبري,شاذ
خوش خبري,مثبت
خوش خبري,مسرور
خوش خبري,منفي
خوش خبري,مژده
خوش گوار,اندي
خوش گوار,بولاني
خوش گوار,جگر
خوش گوار,حساس
خوش گوار,خوشگوار
خوش گوار,دلربا
خوش گوار,دلفريب
خوش گوار,دلكش
خوش گوار,سبزي
خوش گوار,فارس
خوش گوار,فتان
خوش گوار,فريبا
خوش گوار,لذيذ
خوش گوار,متعلق
خوش گوار,والا
خوش گوار,وگرنه
خوش گوار,گرم
خوش گوار,گوارا
خوشا,خوشا
خوشامد,خوشامد
خوشبو,ادكلن
خوشبو,بو
خوشبو,بوي
خوشبو,خوشبو
خوشبو,رايحه
خوشبو,سراغ
خوشبو,شميم
خوشبو,طيب
خوشبو,عطار
خوشبو,عطر
خوشبو,كلن
خوشبو,نكهت
خوشبو,يوز
خوشبودار,اسپرم
خوشبودار,خوشبو
خوشبودار,ريحان
خوشبودار,عاطر
خوشتر,خوشتر
خوشست,خوشست
خوشنود,خوشنود
خوشي,بخت
خوشي,خوشبختي
خوشي,خوشي
خوشي,راحتالحلقوم
خوشي,سرور
خوشي,سعادت
خوشي,شادي
خوشي,شوق
خوشي,صفا
خوشي,لذت
خوشي,مه
خوشي,ناز
خوشي,نشاط
خوشي,نعيم
خوف,خوف
خوفزدہ,ترسيدن
خوفزدہ,هراسان
خوفناك,ارعاب
خوفناك,افتضاح
خوفناك,انر
خوفناك,بختك
خوفناك,خراب
خوفناك,سهمگين
خوفناك,غرش
خوفناك,موحش
خوفناك,وحشتناك
خول,تركش
خول,خندان
خول,صدف
خول,لاك
خول,مهره
خول,نيام
خول,پوست
خون,اعدام
خون,الزام
خون,تقصير
خون,خون
خون,خون كردن
خون,خونبها
خون,سرزنش
خون,شمر
خون,قتل
خون,قتل كردن
خون,كربلا
خون,كشتار
خون,كشتن
خون,كشتگي
خون,ملامت
خون,نكوهيدن
خونت,خونت
خونريز,خونريز
خونش,خونش
خونم,خونم
خوني,خوني
خونين,خونين
خوي,خوي
خويش,خويش
خويشان,خويشان
خويشتن,خويشتن
خويشي,خويشي
خوگر,خوگر
خيابان,اوباش
خيابان,باز
خيابان,باقالي
خيابان,باقلا
خيابان,بنبست
خيابان,تخته
خيابان,خرگاه
خيابان,خيابان
خيابان,زقاق
خيابان,زمان
خيابان,شامورتي
خيابان,عريض
خيابان,فراخ
خيابان,كو
خيابان,كوي
خيابان,نزاع
خيابان,واز
خيابان,وب
خيابان,وسيع
خيابان,پهن
خيابان,چهارباغ
خيابان,گشاد
خيابانش,خيابانش
خياط,خياط
خياط,درزي
خيال,انديشه
خيال,ايده
خيال,تخيل
خيال,تعلق
خيال,جاز
خيال,خصوص
خيال,خيال
خيال,طنز
خيال,مناظره
خيال,نگراني
خيال,هجو
خيال,وهم
خيال,پروا
خيال,پندار
خيال,گونه
خيالات,خيالات
خيالش,خيالش
خيالم,خيالم
خيالي,خيالي
خيام,خيام
خيبر,خيبر
خير,بهبود
خير,بهداشت
خير,حال
خير,خير
خير,در هر حال
خير,درود
خير,درود بر تو
خير,رفاه
خير,سازمان بهداشت جهاني
خير,سلامت
خير,سلامتي
خير,صلي الله عليه وسلم
خير,نوش جان
خير,وخيم
خير خواہ,دولتخواه
خيرالامم,خيرالامم
خيرالبشر,خيرالبشر
خيريت,بهبود
خيريت,بهداشت
خيريت,حال
خيريت,خير
خيريت,درود
خيريت,درود بر تو
خيريت,رفاه
خيريت,سازمان بهداشت جهاني
خيريت,سلامت
خيريت,سلامتي
خيريت,صلاح
خيريت,صلي الله عليه وسلم
خيريت,نوش جان
خيريت,وخيم
خيز,خيز
خيزان,خيزان
خيزد,خيزد
خيزم,خيزم
خيزي,خيزي
خيل,خيل
خيلا,احمق
خيلا,بيپروا
خيلا,جاهل
خيلا,دنگل
خيلا,كانا
خيلا,لچر
خيلا,مزخرف
خيلا,ياوه
خيلا,پنتي
خيلا,گيج
خيمہ,بارگاه
خيمہ,خرگاه
خيمہ,خيمه
خيمہ,چادر
خيمہ,گيان
خچر,استر
خچر,سرنشين
خچر,قاطر
داؤد,داؤد
داؤد,داوود
داؤد,ديويد
داؤد,ستاره داوود
دائرہ,انگشتر
دائرہ,تكزنگ زدن
دائرہ,حد
دائرہ,حلقه
دائرہ,حلقه ازدواج
دائرہ,حلقه نامزدي
دائرہ,خاتم
دائرہ,دايره
دائرہ,درجه
دائرہ,دسترس
دائرہ,دور
دائرہ,دوره
دائرہ,رسيدن
دائرہ,زنگ
دائرہ,زنگ زدن
دائرہ,سامان
دائرہ,قطور
دائرہ,كنار
دائرہ,محيط
دائرہ,مد
دائرہ,مدار
دائرہ,مر
دائرہ,يازيدن
دائرہ,پا به سن گذاشتن
دائرہ,پي
دائرہ,چنبره
دائرہ,چپر
دائرۃ المعارف,دانشنامه
دائرۃ المعارف,فرهنگنامه
دائم,دائم
دائي,دادا
دائي,دايه
دائي,دده
دائي,كنيز
دائي,لل‍ه
دائي,ماما
دائي,محرم
دائي,همشيره
دائي,پرستار
دائي,ژم
داب,داب
داخل,تيز
داخل,داخل
داخل,فاعل
داخل,نافذ
داخلي,باطن
داخلي,تركيدن
داخلي,تو
داخلي,داخلي
داخلي,درون
داخلي,دلكو
داخلي,صميم
داخلي,فشاري
داخلي,وطني
داخلي,چيدمان
داخلہ,اذعان
داخلہ,باطن
داخلہ,تو
داخلہ,داخلي
داخلہ,درون
داخلہ,دريچه
داخلہ,درگاه
داخلہ,سرايت
داخلہ,سرسرا
داخلہ,صميم
داخلہ,فقره
داخلہ,قلم
داخلہ,كنكور
داخلہ,نوشته
داخلہ,ورود
داخلہ,چيدمان
داد,داد
داد،,داد،
دادا,ابجي
دادا,احترامي
دادا,ارجاع
دادا,ارشام
دادا,اغا
دادا,اكيپ
دادا,بابا
دادا,بابابزرگ
دادا,باجي
دادا,باند
دادا,بزرگتر
دادا,بو
دادا,بوا
دادا,بيبي
دادا,تخم جن
دادا,حاجي
دادا,خانگاه
دادا,دخترعمه
دادا,دخترعمو
دادا,ر ك
دادا,رجوع كردن
دادا,سر
دادا,سفرهخانه
دادا,سورسات
دادا,سيستان
دادا,ضريح
دادا,عمه
دادا,عمو
دادا,كاكا
دادا,كتلت
دادا,كلان
دادا,محترمانه
دادا,مراجعه كردن
دادا,مطرح
دادا,ممالك محروسه ايران
دادا,نريمان
دادا,هندي
دادا,پا به سن گذاشتن
دادا,پدرانه
دادا,پدربزرگ
دادا,پسرعمه
دادا,پسرعمو
دادا,چترنگ
دادا,چيز
دادا,گرامي
دادر,بقه
دادر,بك
دادر,غوك
دادر,قربك
دادر,قورباغه
دادر,وك
دادم,دادم
دادن,دادن
دادند,دادند
دادو,الو
دادو,دلفريب
دادي,اجه
دادي,بوبو
دادي,بي بي
دادي,بيبي
دادي,دادي
دادي,دخترعمه
دادي,دخترعمو
دادي,عمه
دادي,عمو
دادي,كاكا
دادي,مادربزرگ
دادي,ننه
دادي,پدرانه
دادي,پسرعمه
دادي,پسرعمو
دار,ارباب
دار,امساك
دار,برخوردار
دار,تصرف
دار,دار
دار,دارا
دار,دارنده
دار,شركت هلدينگ
دار,ضبط
دار,قائل
دار,هلدينگ
دار,پولدار
دار,ژني
دار پر كھينچنا,اجرا كردن
دار پر كھينچنا,اعدام كردن
دارا,دارا
داران,داران
داراي,داراي
دارد,دارد
داردر,بيبرگي
داردر,خط فقر
داردر,فقر
داردر,ويس
دارش,دارش
دارم,دارم
دارمش,دارمش
دارند,دارند
دارو,الكل
دارو,بار
دارو,باروت
دارو,بير
دارو,تخم جن
دارو,جان دارو
دارو,خواباور
دارو,دارو
دارو,درمان
دارو,درمان كردن
دارو,درود
دارو,دوا
دارو,ساقي
دارو,شات
دارو,شفا
دارو,شفاء
دارو,كراك
دارو,ماء
دارو,مخموري
دارو,مزه
دارو,معالجه
دارو,معتاد
دارو,پيك
دارو,چاره
داروي,داروي
داري,داري
داريم,داريم
داستان,داستان
داستان,داستاني
داستان,روايت
داستان,مگر
داستان,نقلي
داستانوں,دستان
داستاني,داستاني
داستانيں,دستان
داشت,داشت
داشتم,داشتم
داشتي,داشتي
داشتيم,داشتيم
داعش,داعش
داعش,داعشي
داغ,خال
داغ,داغ
داغ,سنگر
داغ,لك
داغ,لكه
داغ,نقطه
داغ,چرخش
داغستان,اذربايجان
داغستان,ارمن
داغستان,ارمنستان
داغستان,تاتارستان
داغستان,جمهوري ارمنستان
داغستان,خاورميانه
داغستان,داغستان
داغستان,دربند
داغستان,شروان
داغستان,قرهباغ
داغستان,قفقاز
داغستان,كوالالامپور
داغستان,كولمبيا
داغستان,مسكو
داغم,داغم
داغي,داغي
داكھ,انگور
داكھ,باده
داكھ,تاك
داكھ,تاكستان
داكھ,رز
داكھ,طارم
داكھ,عنب
داكھ,غوره
داكھ,غژب
داكھ,فردوس
داكھ,كرم
داكھ,كشمش
داكھ,مو
داكھ,موستان
داكھ,ميده
داكھ,وين
دال,باقالي
دال,باقلا
دال,دال
دال,عدس
دال,عدسي
دال,لوبيا
دال,ماش
دال,ماك
دال,مردمك
دال,ژاژومك
دام,ارز
دام,ارزيدن
دام,بها
دام,تله
دام,خرج
دام,خونبها
دام,دام
دام,دخش
دام,سنگ
دام,شست
دام,شيربها
دام,عزر
دام,في
دام,قيمت
دام,كرايه
دام,لاتو
دام,نرخ
دام,هزينه
دام,گير انداختن
داماد,داماد
داماد,دوما
داماد,شاه
دامان,دامان
دامانم,دامانم
داماني,داماني
دامش,دامش
دامن,اطرافي
دامن,بادبان
دامن,بادباني
دامن,جامه
دامن,دامن
دامن,درع
دامن,سفرهخانه
دامن,قبا
دامن,قميص
دامن,لباس
دامن,مانتو
دامن,مشته
دامن,ملبوس
دامن,مينيژوپ
دامن,مچ
دامن,گليم
دامنش,دامنش
دامنم,دامنم
دامي,دامي
دان,دان
دانا,دانا
داناي,داناي
دانايان,دانايان
دانت,توس
دانت,تيس
دانت,دندان
دانت,غوش
دانت,غوشه
دانت,كنگره
دانت,ميناي دندان
دانت,هوش
دانتي,حاخشوك
دانتي,داس
دانتي,داس و چكش
دانتي,زنباره
دانتي,ماله
دانتي,منگال
داند,داند
دانش,اتنا
دانش,ادب
دانش,اطلاعرساني
دانش,اموزش
دانش,انفورماتيك
دانش,بهداشت
دانش,تحصيل
دانش,تعلم
دانش,حكم
دانش,حكمت
دانش,خرد
دانش,داروسازي
دانش,دانايي
دانش,دانش
دانش,دانشمندي
دانش,طب
دانش,علم
دانش,علوم سياسي
دانش,فرزانگي
دانش,فضل
دانش,فيزيكي
دانش,قم
دانش,معرفت
دانش,هنر
دانش,يادگيري
دانش,پير مغان
دانش مند,اهل معرفت
دانش مند,حكيم
دانش مند,دانا
دانش مند,دانشمند
دانش مند,رد
دانش مند,زنير
دانش مند,شاگرد
دانش مند,فرزانه
دانش مند,محقق
دانش مند,هوشمند
دانش گاہ,استاد
دانش گاہ,اموزشگاه
دانش گاہ,دارالفنون
دانش گاہ,دانشجو
دانش گاہ,دانشكده
دانش گاہ,دانشنامه
دانش گاہ,دانشگاه
دانش گاہ,فارغالتحصيل
دانش گاہ,فاكولته
دانش گاہ,كالج
دانش گاہ,كنكور
دانش گاہ,پرديس
دانش گاہ,پوهنتون
دانشوران,دانشوران
دانم,دانم
داني,داني
دانہ,ابله
دانہ,بلال
دانہ,توت
دانہ,جوش
دانہ,خوشه
دانہ,دانه
دانہ,درون
دانہ,دلم
دانہ,ذرت
دانہ,سته
دانہ,سنبله
دانہ,غله
دانہ,غژب
دانہ,كود
دانہ,مهره
دانہ,ميخچه
دانہ,نخود
دانہ,ورز
دانہ,گيله
داوري,داوري
دايہ,دادا
دايہ,دايه
دايہ,لل‍ه
دايہ,ماما
دايہ,همشيره
دايہ,پرستار
دايہ,ژم
داڑم,انار
داڑم,فسنجان
داڑم,نار
داڑم,نارون
داڑم,گلنار
داڑم,گلناري
دب,دب
دبئي,ابوظبي
دبئي,امارات
دبئي,امارات متحده عربي
دبئي,امارت
دبئي,امارت اسلامي افغانستان
دبئي,دبي
دبئي,عربستان
دباؤ,بار
دباؤ,تاثير
دباؤ,تاكيد
دباؤ,تحت اللفظي
دباؤ,تركيدن
دباؤ,تشديد
دباؤ,تو
دباؤ,حول
دباؤ,زودپز
دباؤ,سست
دباؤ,سفت
دباؤ,عميق
دباؤ,غيررسمي
دباؤ,فارسيات
دباؤ,فشار
دباؤ,فشار خون
دباؤ,فشار خون بالا
دباؤ,فشاري
دباؤ,قدرت متوسط
دباؤ,نشئه
دباؤ,نفوذ
دباؤ,پارتي
دباؤ,پارتي بازي
دبانا,ارايش كردن
دبانا,اعمال كردن
دبانا,اپلاي كردن
دبانا,بار
دبانا,تركيدن
دبانا,تنجيدن
دبانا,درخواست دادن
دبانا,درخواست كردن
دبانا,زودپز
دبانا,سست
دبانا,سفت
دبانا,سپوختن
دبانا,فرنچ پرس
دبانا,فشار
دبانا,فشار خون
دبانا,فشار خون بالا
دبانا,فشاري
دبانا,فشردن
دبانا,قيد
دبانا,مطبوعات
دبانا,پرس
دبانا,چاولي
دبستانم,دبستانم
دجلہ,اروند
دجلہ,اشور
دجلہ,بينالنهرين
دجلہ,دجله
دجلہ,فرات
دختر,بنت
دختر,داف
دختر,دختر
دختر,دختربچه
دختر,دخترك
دختر,دخدر
دختر,دوشيزه
دختر,صبيه
دختر,كس
دختر,ليلي زن بود يا مرد
دختران,دختران
دخترك,دخترك
دخمہ,ارامگاه
دخمہ,باژ
دخمہ,برج
دخمہ,تابوت
دخمہ,خاموشي
دخمہ,خرك
دخمہ,دخمه
دخمہ,سكوت
دخمہ,طاق
دخمہ,قبر
دخمہ,قبه
دخمہ,كمرا
دخمہ,مرقد
دخمہ,مزار
دخمہ,مقبره
دخمہ,يوسف
دخمہ,چارطاق
دخمہ,چپ
دخمہ,گنبد
دخمہ,گور
دد,دد
در,باب
در,بار
در,جندره
در,در
در,در به دري
در,دربند
در,دروازه
در,دريچه
در,سرسرا
در حقيقت,تصوير
در حقيقت,حق
در حقيقت,حقيقت
در حقيقت,در حقيقت
در حقيقت,در واقع
در حقيقت,راستش
در حقيقت,معني
در حقيقت,واقع
در حقيقت,واقعا
در حقيقت,واقعيت
در حقيقت,يعني
درا,درا
دراج,دراج
دراز,دراز
درازي,درازي
دراصل,تصوير
دراصل,حق
دراصل,حقيقت
دراصل,در حقيقت
دراصل,در واقع
دراصل,راستش
دراصل,معني
دراصل,واقع
دراصل,واقعا
دراصل,واقعيت
دراصل,يعني
دراك,دراك
درانتي,حاخشوك
درانتي,داس
درانتي,داس و چكش
درانتي,منگال
دراڑ,شكافتن
دراڑ,چاك
دربار,استقبال
دربار,افضل
دربار,اهل
دربار,اهل مجلس
دربار,اير
دربار,بارگاه
دربار,برجسته
دربار,برخوردن
دربار,به هم رسيدن
دربار,تارمي
دربار,تالار
دربار,خوشبخت
دربار,خوشوقتم
دربار,دالان
دربار,دربار
دربار,ديدار كردن
دربار,سالن
دربار,سر زدن
دربار,سراي
دربار,سرسرا
دربار,سرشناس
دربار,شريف
دربار,قرار
دربار,لالا
دربار,مجداني
دربار,مخاطب
دربار,مستمع
دربار,ملاقات كردن
دربار,ميرزا
دربار,نجيب
دربار,گير كردن
دربان,دربان
درباني,درباني
دربل,سست
دربل,ضعيف
دربل,عجوز
دربل,فكسني
دربل,ناتوان
دربل,نزار
درت,درت
درج,درج
درجن,درجن
درجہ,ارش
درجہ,اشكوب
درجہ,اندازه
درجہ,ترازو
درجہ,تقدير
درجہ,تكليف
درجہ,جايگاه
درجہ,جناب اقاي
درجہ,حرارت
درجہ,حكمت
درجہ,خنك
درجہ,خونسرد
درجہ,خونگرم
درجہ,درجه
درجہ,درجه حرارت
درجہ,دما
درجہ,رده
درجہ,رطل
درجہ,زاويه
درجہ,سانتيگراد
درجہ,سرد
درجہ,سركار خانم
درجہ,سطح
درجہ,سنجش
درجہ,سنخ
درجہ,صنف
درجہ,طبقه
درجہ,غلو
درجہ,فوت
درجہ,قرار
درجہ,قشر
درجہ,كلاس
درجہ,كيله
درجہ,مرحله
درجہ,مرگ و مير
درجہ,مسطح
درجہ,مكان
درجہ,ملايم
درجہ,ميزان
درجہ,نرخ
درجہ,نرخ ارز
درجہ,نرخ بهره
درجہ,نوار مثانه
درجہ,نژاد
درجہ,هامون
درجہ,وضعيت
درجہ,وكالت
درجہ,چارك
درجہ,گاه
درجہ,گوشه
درجہ حرارت,حرارت
درجہ حرارت,خنك
درجہ حرارت,خونسرد
درجہ حرارت,خونگرم
درجہ حرارت,درجه
درجہ حرارت,درجه حرارت
درجہ حرارت,دما
درجہ حرارت,سرد
درجہ حرارت,ملايم
درخت,درخت
درخش,ابرنجك
درخش,اذرخش
درخش,اشراق
درخش,برق
درخش,تاب
درخش,تابش
درخش,تابيدن
درخش,تافتن
درخش,درخش
درخش,درخشيدن
درخش,رخشيدن
درخش,رونق
درخش,شيد
درخش,صاعقه
درخش,صيقل
درخش,فر
درخش,فروغ
درخشاني,درخشاني
درخواست,اعمال
درخواست,برنامه
درخواست,خواستگاري
درخواست,درخواست
درخواست,طومار
درخواست,عرض
درخواست,عرض حال
درخواست,عرض كردن
درخواست,عرضحال
درخواست,كاربرد
درخواست,پيشنهاد
درخور,درخور
درد,ابتلا
درد,ازار
درد,بدبخت
درد,بلا
درد,بلاي عشق
درد,بيماري
درد,ترحم
درد,حيف
درد,درد
درد,درد كردن
درد,دلسوز
درد,رحم
درد,رنج
درد,سوگ
درد,طفلك
درد,عرض
درد,علامت
درد,مرض
درد,مريضي
درد,ويس
درد ناك,بيچاره
درد ناك,حزين
درد ناك,دردناك
درد ناك,سوزناك
درد ناك,غمناك
درد ناك,پفيوز
دردمند,دردمند
دردمندان,دردمندان
دردمندي,دردمندي
دردو,درد
دردو,درد كردن
دردوں,درد
دردوں,درد كردن
دردي,دردي
درزي,خياط
درزي,درزي
درس,اموزه
درس,تصحيف
درس,خوانش
درس,درس
درس,روخواني
درس,سخنراني
درس,عبرت
درس,مستمع
درس گاہ,استاد
درس گاہ,اموزشگاه
درس گاہ,دانشكده
درس گاہ,فاكولته
درس گاہ,كالج
درس گاہ,پرديس
درست,اهو
درست,اوكي
درست,باب
درست,بازنشسته
درست,تقصير
درست,تنگ
درست,جور
درست,حسابي
درست,داير
درست,درخور
درست,درست
درست,درست كردن
درست,سالم
درست,سبك هندي
درست,شات
درست,صح
درست,صحيح
درست,عيب
درست,كارگر
درست,كاستي
درست,متناسب
درست,مكافات
درست,مناسب
درست,نقص
درست,وارد
درست,پاكيزه
درش,درش
درفش,اگير
درفش,بيرق
درفش,تابيدن
درفش,تافتن
درفش,درخشان
درفش,درخشيدن
درفش,درفش
درفش,رخشيدن
درفش,شعار
درفش,شيد
درفش,علم
درفش,نشان
درفش,وج
درفش,پرچم
دركنار,دركنار
دركنامي,دركنامي
درم,درم
درمان,درمان
درميان,بازه
درميان,برهه
درميان,خلال
درميان,درميان
درميان,كرن
درميان,پرده
درمياني,واسطه
درندہ,درنده
درندہ,شكاري
درندہ,گرگ
درندہ,گوشتخوار
درو,درو
دروازوں,باب
دروازوں,بار
دروازوں,جندره
دروازوں,در
دروازوں,در به دري
دروازوں,دربند
دروازوں,دروازه
دروازوں,دريچه
دروازوں,سرسرا
دروازہ,ايوان
دروازہ,باب
دروازہ,بار
دروازہ,برامده
دروازہ,جندره
دروازہ,در
دروازہ,در به دري
دروازہ,درب
دروازہ,دربند
دروازہ,دروازه
دروازہ,دريچه
دروازہ,درگاه
دروازہ,راه
دروازہ,سالك
دروازہ,سبيل
دروازہ,سرسرا
دروازہ,سوي
دروازہ,شادروان
دروازہ,قاپو
دروازہ,كنكور
دروازہ,مسلك
دروازہ,ميدان
دروازہ,ورود
دروازہ,پيش ايوان
دروازہ,چمن
دروازہ,گيت
دروازے,باب
دروازے,بار
دروازے,جندره
دروازے,در
دروازے,در به دري
دروازے,دربند
دروازے,دروازه
دروازے,دريچه
دروازے,سرسرا
دروان,باربر
دروان,بواب
دروان,دربان
دروبست,جهانگير
دروبست,درست
دروبست,كليات
دروبست,چادر شب
درود,اباد
درود,اداب
درود,بركت دادن
درود,به
درود,تبرك
درود,تلقين
درود,جان نثار
درود,درود
درود,دعا
درود,دچار
درود,را
درود,سلام
درود,سوسك
درود,صلي الله عليه وسلم
درود,طهمورث
درود,عافيت باشه
درود,عثماني
درود,علي
درود,فارسيات
درود,فرعي
درود,قلزم
درود,مازندران
درود,ماهي را هر وقت از اب بگيري تازه است
درود,مذكور
درود,موهبت
درود,نبيگ
درود,نيايش
درود,وقتي
درود,يكي
درود,يمن
درود,چهارباغ
درودي,درودي
دروغ,دروغ
درون,درون
درونش,درونش
درونم,درونم
درويش,ابدال
درويش,خرقه
درويش,درويش
درويشان,درويشان
درويشي,درويشي
دري,دري
دريا,دريا
دريائي,ابزي
دريائي,اختاپوس
دريائي,اندونيزيا
دريائي,بحريه
دريائي,بيولوژي دريا
دريائي,دريائي
دريائي,هشتپا
دريائے سندھ,سند
دريائے سندھ,كابل
دريائے سندھ,مهران
دريائے سندھ,هندوستان
دريائے سندھ,هندي
درياب,درياب
درياست,درياست
دريافتن,دريافتن
درياي,درياي
درياچہ,اخلاط
درياچہ,اروميه
درياچہ,انتاريو
درياچہ,درياي مرده
درياچہ,درياچه
درياچہ,كول
درياچہ,كوير
درياچہ,هامون
درياچہ,چيچست
درياچہ,ژي
دريد,دريد
دريغ,دريغ
دريغا,دريغا
درين,درين
درپن,ابگينه
درپن,اينه
درپن,ايينه
درپں,ابگينه
درپں,اينه
درپں,ايينه
درگ,ارگ
درگ,الموت
درگ,الموتي
درگ,اوازه
درگ,برج
درگ,تجر
درگ,حصار
درگ,دخمه
درگ,دژ
درگ,دژخيم
درگ,قلعه
درگ,كوت
درگاہ,استانه
درگاہ,بارگاه
درگاہ,درگاه
درگاہ,قم
درگاہ,كرياس
درگاہ,مجاور
درگاہ,مشهدي
درگت,اتلاف
درگت,اواره
درگت,بحران
درگت,برباد دادن
درگت,خراب
درگت,خراب كردن
درگت,خراو
درگت,موشعلي
درگت,هلاك
درگت,ياساق
درہ,املاي نانوشته غلط ندارد
درہ,برين
درہ,ترك
درہ,جر
درہ,دره
درہ,دري
درہ,رخنه
درہ,سند
درہ,شق
درہ,فردوس
درہ,فيسور
درہ,كراك
درہ,كند
درہ,كنر
درہ,لاي
درہ,ناو
درہ,واله دائوستا
درہ,يغناب
درہ,چاك
درہال,بنگالي
دزد,خلاس
دزد,دزد
دزد,سارق
دزد,فدائي
دزد,هندو
دزد,چالاك
دزدد,دزدد
دست,دست
دست خطي,امضاء
دست خطي,كسر ميزان
دستار,دستار
دستان,دستان
دستانو,دستكش
دستانو,كما
دستانوں,دستكش
دستانوں,كما
دستانہ,ائين
دستانہ,ابرنجن
دستانہ,اذين
دستانہ,ارايه
دستانہ,النگو
دستانہ,بازوبند
دستانہ,ترس
دستانہ,توك
دستانہ,جيغه
دستانہ,دست دادن
دستانہ,دستبند
دستانہ,دستكش
دستانہ,دسته
دستانہ,زينت
دستانہ,زيور
دستانہ,سپر
دستانہ,شيب
دستانہ,طراز
دستانہ,غيبه
دستانہ,قبضه
دستانہ,كلنجار رفتن
دستانہ,كما
دستانہ,مديريت كردن
دستانہ,پيراستن
دستانہ,چاينك
دستانہ,چكاد
دستانے,دستكش
دستانے,كما
دستاويز,امضاء
دستاويز,ثواب
دستاويز,جنتري
دستاويز,دستاويز
دستاويز,رابطه
دستاويز,رشته
دستاويز,سند
دستاويز,سواد
دستاويز,صادر كردن
دستاويز,صله
دستاويز,عمل
دستاويز,قول
دستاويز,قيد
دستاويز,كار
دستاويز,كردار
دستاويز,كسر ميزان
دستاويز,متن
دستاويز,مدرك
دستاويز,ويرايش
دستاويز,پته
دستاويز,پيوند
دستاويز,چك
دستبرد,دستبرد
دستخط,امضاء
دستخط,خط
دستخط,دستخط
دستخط,كسر ميزان
دستش,دستش
دستك,ايلا كو
دستك,باب
دستك,بار
دستك,بضاعت
دستك,تذكره
دستك,جندره
دستك,در
دستك,در به دري
دستك,دربند
دستك,دروازه
دستك,دريچه
دستك,سرسرا
دستك,ضبط
دستك,كارمزد
دستك,كميسيون
دستك,كوفتن
دستك,ماموريت
دستك,مصادره
دستك,هيئت
دستك,يله كن
دستك,پاسپورت
دستك,چشم بد دور
دستك,چپه شدن
دستك,گذرنامه
دستكاري,جراحي
دستكاري,جقي
دستكاري,داير
دستكاري,صدر
دستكاري,عمل
دستكاري,عمليات
دستم,دستم
دستور,دستور
دستور,راهبرد
دستور,قانون اساسي
دستي,دستي
دستگير,دستگير
دستہ,بارگنج
دستہ,بلوك
دستہ,بهمن
دستہ,بوغچه
دستہ,تشكيل
دستہ,تنگ
دستہ,توك
دستہ,توپ
دستہ,حراج
دستہ,خف
دستہ,خيل
دستہ,دسته
دستہ,دستههاون
دستہ,رمه
دستہ,شبستان
دستہ,قبضه
دستہ,قشون
دستہ,كانتينر
دستہ,مديريت كردن
دستہ,هاون
دستہ,يار
دستہ,پرونده
دستہ,پلو
دستہ,چاينك
دستہ,گزر
دستہ,گلدسته
دسمبر,جدي
دسمبر,دسامبر
دسمبر,دسمبر
دسمبر,كانون اول
دسواں,ابان
دسواں,جدي
دسواں,دهم
دسواں,دي
دسواں,عيد فطر
دشت,اباد
دشت,برهوت
دشت,خشك
دشت,دشت
دشت,ساده
دشت,صحرا
دشت,صريح
دشت,كته
دشت,ميدان
دشت,هامون
دشت,چلو
دشك,بيسراك
دشك,خردسال
دشك,دهه
دشمن,اپوش
دشمن,حريف
دشمن,خصم
دشمن,دشمن
دشمن,شيطان بزرگ
دشمن,عدو
دشمن,مخالف
دشمن,مقاوم
دشمن,هماورد
دشمن,ياغي
دشمنان,دشمنان
دشمني,تنفر
دشمني,خصومت
دشمني,دشمني
دشمني,زيغ
دشمني,ستيزه
دشمني,عداوت
دشمني,كين
دشمني,كينه
دشمني,كينه ورزيدن
دشمني,نفرت
دشمني,نفرت داشتن
دشوار,دشوار
دعا,ادب
دعا,اديب
دعا,اصطلاح
دعا,التماس
دعا,انديشه نيك، گفتار نيك، كردار نيك
دعا,تبرك
دعا,تمنا
دعا,دعا
دعا,را
دعا,شماره
دعا,صلي الله عليه وسلم
دعا,عبارت
دعا,كه
دعا,كوچ
دعا,لابه
دعا,مر
دعا,موهبت
دعا,نياز
دعا,نيايش
دعا,يارب
دعا,يشت
دعا,يمن
دعا,پي
دعاؤں,التماس
دعاؤں,تمنا
دعاؤں,لابه
دعاؤں,نياز
دعاؤں,يارب
دعائيں,التماس
دعائيں,تمنا
دعائيں,لابه
دعائيں,نياز
دعائيں,يارب
دعائے رباني,دعاي رباني
دعوت,افسون
دعوت,بزم
دعوت,بگماز
دعوت,جشن
دعوت,دعوت
دعوت,دعوت كردن
دعوت,زفاف
دعوت,سور
دعوت,شام
دعوت,ضيافت
دعوت,طلسم
دعوت,طوي
دعوت,عصرانه
دعوت,عيد
دعوت,كندوري
دعوت,ميزد
دعوت,مچ
دعوت,نويد
دعوت,ورد
دعوت,پايه
دعوت,پيوستن
دعوت نامہ,دعوت
دعوت نامہ,نويد
دعوتوں,دعوت
دعوتوں,دعوت كردن
دعوتوں,نويد
دعوتيں,دعوت
دعوتيں,دعوت كردن
دعوتيں,نويد
دعوي,اتهام
دعوي,الزام
دعوي,بهتان
دعوي,تهمت
دعوي,جلوه دادن
دعوي,حكم
دعوي,خوردن
دعوي,دعوا
دعوي,دعوي
دعوي,دم زدن
دعوي,ساختن
دعوي,سزيدن
دعوي,شبدر
دعوي,طلب
دعوي,مايو
دعوي,مستند
دعوي,معادله
دغا باز,بامبول
دغا باز,تقلب
دغا باز,تلبيس
دغا باز,حيله
دغا باز,خب
دغا باز,دامگاه
دغا باز,دروغگو
دغا باز,دمدمه
دغا باز,دولاب
دغا باز,ريو
دغا باز,سالوس
دغا باز,شامورتي
دغا باز,شياد
دغا باز,كاذب
دغا باز,كلاهبرداري
دفاع,امن
دفاع,ايمن
دفاع,جام زهر
دفاع,حمايت
دفاع,دفاع
دفاع,ريزشي
دفاع,ضد
دفاع,عزر
دفاع,عليه
دفاع,محاربه
دفاع,هم گيمي
دفاع,پاد
دفاع,پدافند
دفتر,دفتر
دفتر,كاخ باكينگهام
دفتر,كاخ سفيد
دفتري,دفتري
دفع,دفع
دفعہ,بند «پ»
دفعہ,جنتري
دفعہ,دستاويز
دفعہ,رده
دفعہ,سنخ
دفعہ,سند
دفعہ,سواد
دفعہ,صادر كردن
دفعہ,صنف
دفعہ,طبقه
دفعہ,قشر
دفعہ,كلاس
دفعہ,كه
دفعہ,متن
دفعہ,مدرك
دفعہ,هم
دفعہ,ويرايش
دفعہ,چك
دفن,دفن
دفنانا,اكندن
دفنانا,دفن كردن
دفنانا,نگندن
دقاقہ,زبل
دقاقہ,زرنگ
دقاقہ,زيرك
دقاقہ,ظريف
دقاقہ,هوشيار
دقاقہ,چالاك
دقت,اشكال
دقت,برامدن
دقت,خونسرد
دقت,دشواري
دقت,دچار
دقت,راهكار
دقت,فصل
دقت,ماستمالي
دقت,مبتلا
دقت,مسئله
دقت,مشكل
دقت,معضل
دقت,گذراندن
دقت,گير كردن
دقتوں,اشكال
دقتوں,برامدن
دقتوں,خونسرد
دقتوں,دشواري
دقتوں,دچار
دقتوں,مبتلا
دقتوں,مشكل
دقتوں,گذراندن
دقتوں,گير كردن
دقتيں,اشكال
دقتيں,برامدن
دقتيں,خونسرد
دقتيں,دشواري
دقتيں,دچار
دقتيں,مبتلا
دقتيں,مشكل
دقتيں,گذراندن
دقتيں,گير كردن
دقيق,دقيق
دقيقہ,خاش
دقيقہ,دقه
دقيقہ,دقيق
دقيقہ,دقيقه
دقيقہ,ريز
دكان,انبار
دكان,دكان
دكان,ذخيره
دكان,ذخيره كردن
دكان,فروشگاه
دكان,كلبه
دكان,چايدان
دكان,گنج
دكان دار,بازاري
دكان دار,دكاندار
دكان دار,كاسب
دكن,دكن
دكھ,اندوه
دكھ,حزن
دكھ,دلگيري
دكھ,دود
دكھ,ذلت
دكھ,رخت
دكھ,رسانه
دكھ,رنج
دكھ,سيج
دكھ,غمگيني
دكھ,محنت
دكھ,مست
دكھ,مشقت
دكھ,ناراضگي
دكھانا,افگار
دكھانا,اوگار
دكھانا,خليدن
دكھانا,درد كردن
دكھانا,درد گرفتن
دكھانا,شخودن
دكھانا,ضرر
دكھانا,مضرت
دكھاوا,تلبيس
دكھاوا,ظاهر
دكھنا,ارايه
دكھنا,سين
دكھنا,شبح
دكھنا,عرب پرست
دكھنا,منظره
دل,باطن
دل,تخيل
دل,خيال
دل,دل
دل,سروش
دل,وجدان
دل,وهم
دل,پندار
دلا,دلا
دلان,دلان
دلاويزي,دلاويزي
دلبر,دلبر
دلبران,دلبران
دلبري,دلبري
دلت,دلت
دلدادہ,سالك
دلدادہ,عابد
دلدادہ,مخلص
دلدادہ,مريد
دلدار,دلدار
دلربا,افسونگر
دلربا,دلربا
دلربا,دلفريب
دلربا,دلكش
دلربا,دوستداشتني
دلربا,فتان
دلربا,فريبا
دلربا,قشنگ
دلربا,ماهين
دلربا,مقبول
دلربا,مليح
دلربا,گرم
دلش,دلش
دلفروز,دلفروز
دلق,دلق
دلكش,دلكش
دلكي,دلكي
دلم,دلم
دلنوازي,دلنوازي
دلي,بمبئي
دلي,توليد ناخالص ملي
دلي,دلي
دلي,دهلوي
دلي,دهلي
دلي,دهلي نو
دلي,سرود ملي
دلي,كنكور
دلي,ملي
دلي,ممبي
دلي,وطني
دلي,پالم
دليل,دليل
دلپذير,دلپذير
دلچسپ,باحال
دلچسپ,تماشا
دلچسپ,جالب
دلچسپ,دلچسپ
دلگيري,دلگيري
دلہا,داماد
دلہا,دوما
دلہا,شاه
دلہا,مهر
دلہن,بني ادم
دلہن,سنار
دلہن,سنه
دلہن,سن‍هار
دلہن,عروس
دلہن,كيلين
دم,ابخور
دم,استكبار
دم,ان
دم,بامبول
دم,برتني
دم,بهافريدي
دم,تقلب
دم,تلبيس
دم,تلگرام
دم,جرعه
دم,حبس كردن
دم,حيله
دم,خب
دم,خودداري
دم,خودپسندي
دم,دغا
دم,دم
دم,دماغ
دم,دمدمه
دم,دنب
دم,دولاب
دم,راس
دم,رجز
دم,رمق
دم,ريو
دم,سالوس
دم,سر
دم,سياهپوش
دم,شاگرد
دم,شياد
دم,شيخي
دم,صبوح
دم,فريب
دم,فوت
دم,قزلباش
دم,كلاهبرداري
دم,لم
دم,مريد
دم,منتها
دم,نفس
دم,نفس كشيدن
دم,نكهت
دم,نهايت
دم,وهله
دم,پرست
دم,پرچم
دم,پفك
دم,گستاخي
دم,گشن
دم,گول
دما,دما
دمادم,دمادم
دماغ,استكبار
دماغ,بطن
دماغ,خرد
دماغ,دماغ
دماغ,ذهن
دماغ,راه
دماغ,ره
دماغ,عجب
دماغ,عقل
دماغ,فرار مغزها
دماغ,فهم
دماغ,مغز
دماغ,هوش
دماغش,دماغش
دماغو,بطن
دماغو,دماغ
دماغو,فرار مغزها
دماغو,مغز
دماغوں,بطن
دماغوں,دماغ
دماغوں,فرار مغزها
دماغوں,مغز
دمبدم,دمبدم
دمد,دمد
دمش,دمش
دمشق,اداره
دمشق,اصلاح
دمشق,اموي
دمشق,توراندخت
دمشق,جنايتكار
دمشق,خلافت
دمشق,دمشق
دمشق,رازي
دمشق,سبك خراساني
دمشق,سبك عراقي
دمشق,سبك هندي
دمشق,سند
دمشق,شام
دمشق,فيصله
دمشق,پوراندخت
دمن,دمن
دمي,دمي
دميد,دميد
دميدم,دميدم
دميدن,دميدن
دميدي,دميدي
دمہ,اسم
دمہ,جفت
دمہ,دمه
دمہ,زوج
دمہ,كفش
دمہ,كلپچه
دمہ,ميزان
دمہ,نيفه
دمہ,پرگار
دن,افطار
دن,ال
دن,ايام
دن,اين
دن,اينا
دن,اينها
دن,ب.ظ
دن,بيل
دن,تاور
دن,دن
دن,روز
دن,روزكي
دن,روزي از روزها
دن,شبانهروز
دن,صندوق
دن,صهيون
دن,طلوع
دن,غروب
دن,فر
دن,ق.ظ
دن,كيفيت
دن,نهار
دن,هاون
دن,هفتسين
دن,پس پريروز
دن,پسينفردا
دن,چاشت
دن,چله
دنداسہ,تنگ
دنداسہ,توژ
دنداسہ,دندان مصنوعي
دنداسہ,لثه
دنداسہ,ليف
دنداسہ,پارس
دندان,دندان
دندان,كنگره
دندان,ميناي دندان
دنيا,اجتماع
دنيا,انجمن
دنيا,توجه
دنيا,ج.ا
دنيا,جاري
دنيا,جامعه
دنيا,جريان
دنيا,جمعيت
دنيا,جهان
دنيا,حالت
دنيا,حالي
دنيا,دلكو
دنيا,دنيا
دنيا,رايج
دنيا,روحاني
دنيا,روحي
دنيا,سياهپوش
دنيا,سيلاب
دنيا,صفا
دنيا,عالم
دنيا,عرفان
دنيا,عزر
دنيا,عشرت
دنيا,فعلي
دنيا,كائنات
دنيا,كانون
دنيا,كنوني
دنيا,كونين
دنيا,كيهان
دنيا,لذت
دنيا,مرشد
دنيا,معنوي
دنيا,هركس
دنيا,همه
دنيا,پاك
دنيا,پوتين
دنيا,گشت
دنيا,گيتي
دنياوي,توجه
دنياوي,حالت
دنياوي,روحاني
دنياوي,روحي
دنياوي,سكولار
دنياوي,عرفان
دنياوي,كونين
دنياوي,مرشد
دنياوي,معنوي
دنياي,دنياي
دنڈ,تاوان
دنڈ,تعرض
دنڈ,كلاشينكف
دنڈ,مجازات مرگ
دنڈ,پنالتي
دنگا,اختلال
دنگا,اغتشاش
دنگا,دمدمه
دنگا,غوغا
دنگا,فتنه
دنگا,مغشوش
دنگا,هياهو
دو,دو
دوئي,دوئي
دوا,دوا
دوائي,جان دارو
دوائي,درمان
دوائي,درمان كردن
دوائي,شفا
دوائي,شفاء
دوائي,معالجه
دوائي,چاره
دوات,بخيدن
دوات,بيده
دوات,دستي
دوات,قلمدان
دوات,كابين
دوات,واخيدن
دوات,پشم
دوات,گليم
دوات,گوشپاككن
دواخانہ,داروخانه
دواخانہ,داروسازي
دواخانہ,درمانگاه
دواخانہ,دواخانه
دواخانہ,كلينيك
دواخانہ,مطب
دوار,احاطه
دوار,افتتاحيه
دوار,باب
دوار,بار
دوار,جندره
دوار,جهانگرد
دوار,خلال
دوار,در
دوار,در به دري
دوار,درب
دوار,دربند
دوار,دروازه
دوار,دريچه
دوار,درگاه
دوار,دل كسي را زدن
دوار,دهان
دوار,سرسرا
دوار,سرگيجه
دوار,شادروان
دوار,شروع
دوار,طريق
دوار,فرصت
دوار,فيلترشكن
دوار,قاپو
دوار,كنكور
دوار,متوسط
دوار,مجال
دوار,ناو
دوار,ورود
دوار,وسيله
دوار,گذر
دوار,گذرگاه
دوار,گشادي
دوار,گشايش
دوار,گيت
دوالي,دوالي
دوام,دوام
دوبئي,تركمان
دوبئي,دبي
دوبئي,سيبريه
دوبئي,يه
دوبارہ,اخيرا
دوبارہ,تازه
دوبارہ,دوباره
دوبارہ,شيره
دوخت,دوخت
دود,دود
دودش,دودش
دودمان,ادم
دودمان,ال
دودمان,انداختن
دودمان,ايل
دودمان,بضاعت
دودمان,بو
دودمان,بورس
دودمان,بوي
دودمان,تبار
دودمان,تك
دودمان,تولد
دودمان,جنس
دودمان,خاندان
دودمان,خوشبو
دودمان,دودمان
دودمان,ذخيره كردن
دودمان,رايحه
دودمان,زادن
دودمان,زايمان زودرس
دودمان,زايمان طبيعي
دودمان,زايمان كردن
دودمان,زاييدن
دودمان,زمينه
دودمان,زه
دودمان,سراغ
دودمان,شببوي
دودمان,شميم
دودمان,شناسنامه
دودمان,عرق
دودمان,عطر
دودمان,نام و نشان
دودمان,ناورد
دودمان,نسل
دودمان,نكهت
دودمان,نژاد
دودمان,ويس
دودمان,يوز
دودمان,پير مغان
دودمان,پيست
دودمان,چهر
دودي,دودي
دودھ,ادم
دودھ,اسلوب
دودھ,برهمن
دودھ,بيخ
دودھ,تاريكي
دودھ,تبار
دودھ,تك
دودھ,تم
دودھ,تمر
دودھ,تيره
دودھ,تيرگي
دودھ,ثمر
دودھ,جات
دودھ,جنس
دودھ,داج
دودھ,روغن نارگيل
دودھ,سر زدن
دودھ,سواد
دودھ,سياهي
دودھ,سينه
دودھ,صدر
دودھ,طارم
دودھ,ظلمت
دودھ,عقيده
دودھ,فاخره
دودھ,مانتو
دودھ,مذهب
دودھ,ممه
دودھ,نارگيل
دودھ,ناورد
دودھ,نباتي
دودھ,نسل
دودھ,نوك پستان
دودھ,نژاد
دودھ,ياري
دودھ,پستان
دودھ,پيست
دور,بعيد
دور,تاله
دور,تماشاخانه
دور,جمعالجمع
دور,دور
دور,دوردست
دور,دوركار
دور,رودربايستي
دور,سن
دور,صحنه
دور,طبقه
دور,كنترل
دور,كنترول
دور,مرحله
دور,منزل
دور,ميدان
دور,پرت
دور,پله
دور نمائي,تلويزيون
دور نمايي,اقا
دور نمايي,ايالات متحده امريكا
دور نمايي,خد
دور نمايي,خوانواده
دور نمايي,صبا
دور نمايي,غر
دور نمايي,ماركت
دور نمايي,چوقور
دور گو,الو
دور گو,تلفن
دور گو,تيلفون
دور گو,زنگ زدن
دور گو,شماره
دور گو,شماره تلفن
دور گو,گوشي تلفن
دوران,دوران
دوربين,تلسكوپ
دوربين,دوربين
دوردرشن,تلويزيون
دوردرشن,شبكه
دوردرشن,شبكه اجتماعي
دورليكھ,تلگراف
دورليكھ,تلگرافخانه
دوري,باژ
دوري,تفاوت
دوري,خان
دوري,دوري
دوري,سكون
دوري,شبح
دوري,صندل
دوري,عدم
دوري,عرض
دوري,غايبانه
دوري,غيبت
دوري,فاصله
دوري,فرسنگ
دوري,فقدان
دوري,مرخصي
دوري,مسافت
دوري,نبود
دوري,هجران
دوري,وسعت
دوري,پهنا
دوريم,دوريم
دوزخ,اراده
دوزخ,ازخ
دوزخ,اشكم
دوزخ,تخليه
دوزخ,تمايل
دوزخ,تهي
دوزخ,جحيم
دوزخ,جهتگيري
دوزخ,جهنم
دوزخ,خالي
دوزخ,خالي كردن
دوزخ,خيك
دوزخ,درونه
دوزخ,دل
دوزخ,دماغ
دوزخ,دوزخ
دوزخ,زقوم
دوزخ,سر و برگ
دوزخ,سقر
دوزخ,سوت و كور
دوزخ,شكم
دوزخ,شكنب
دوزخ,شوق
دوزخ,قرقره
دوزخ,كم
دوزخ,معده
دوزخ,ميل
دوزخ,ناشتا
دوزخ,نه بابا
دوزخ,هوس
دوزخ,پوده
دوزخ,پوچ
دوزخ,گرايش
دوزخ,گرسنه
دوزي,دوزي
دوست,دوست
دوست ياري,ائتلاف
دوست ياري,اشنايي
دوست ياري,خصوصيت
دوست ياري,دوستي
دوست ياري,صحابت
دوست ياري,قهر كردن
دوست ياري,مهر
دوست ياري,ياري
دوستان,دوستان
دوستانہ,ائتلاف
دوستانہ,ارادتمند
دوستانہ,اشنايي
دوستانہ,خصوصيت
دوستانہ,دوستانه
دوستانہ,دوستي
دوستانہ,صحابت
دوستانہ,قهر كردن
دوستانہ,مهر
دوستانہ,يارانه
دوستانہ,ياري
دوستانہ,گرم
دوستي,ائتلاف
دوستي,اشنايي
دوستي,خصوصيت
دوستي,دوستي
دوستي,صحابت
دوستي,قهر كردن
دوستي,مهر
دوستي,ياري
دوسرا,اصل
دوسرا,تعويض
دوسرا,جايگزين
دوسرا,رونوشت
دوسرا,رونويسي
دوسرا,سواد
دوسرا,كپي
دوسرا,كپي كردن
دوسرا,نسخه
دوسرا,پچين
دوش,اتهام
دوش,اشتباه
دوش,الزام
دوش,بار
دوش,بهتان
دوش,تقصير
دوش,تهمت
دوش,خدشه
دوش,خرده گرفتن
دوش,خطا
دوش,دوش
دوش,سرزنش
دوش,عيب
دوش,مقصر
دوش,ملامت
دوش,نكوهيدن
دوشنبہ,تاجيكستان
دوشنبہ,دوشنبه
دوشند,دوشند
دوشيزہ,بنت
دوشيزہ,داف
دوشيزہ,دختر
دوشيزہ,دختربچه
دوشيزہ,دخترك
دوشيزہ,دخدر
دوشيزہ,دوشيزه
دوشيزہ,صبيه
دوشيزہ,كس
دوشيزہ,ليلي زن بود يا مرد
دوغلا,ادم
دوغلا,برغست
دوغلا,بلال
دوغلا,به دنيا امدن
دوغلا,تازي
دوغلا,تبار
دوغلا,تك
دوغلا,جنس
دوغلا,حرام
دوغلا,حرامزاده
دوغلا,خشوك
دوغلا,خوناب
دوغلا,دورو
دوغلا,دوقلو
دوغلا,روسپيزاده
دوغلا,رياكار
دوغلا,رياكاري
دوغلا,سالوس
دوغلا,سندره
دوغلا,شاخ
دوغلا,شهلا
دوغلا,عجين
دوغلا,قاتي
دوغلا,قاطي
دوغلا,كاكوتي
دوغلا,كما
دوغلا,كنار
دوغلا,متولد
دوغلا,متولد شدن
دوغلا,مختلط
دوغلا,مخلوط
دوغلا,مول
دوغلا,مولود
دوغلا,ناورد
دوغلا,نر
دوغلا,نسل
دوغلا,نوح
دوغلا,نژاد
دوغلا,پا به جهان گذاشتن
دوغلا,پا به عرصه وجود گذاشتن
دوغلا,پروردن
دوغلا,پيست
دوغلا,گراز
دوغلا,گون
دوغلا,گونه
دوك,دوك
دولت,اباداني
دولت,ابادي
دولت,بخت
دولت,تسلط
دولت,توانگري
دولت,حكمراني
دولت,دولت
دولت,رفاه
دولت,سلطه
دولت,فيروز
دولت,قلمرو
دولت,كاميابي
دولت,ملك
دولت,ملكوت
دولت,مهر
دولت,موفقيت
دولت,گيرودار
دولتي,دولتي
دولہا,داماد
دولہا,دوما
دولہا,شاه
دولہا,مهر
دولہو,داماد
دولہو,دوما
دولہو,شاه
دولہو,مهر
دولہوں,داماد
دولہوں,دوما
دولہوں,شاه
دولہوں,مهر
دولہے,داماد
دولہے,دوما
دولہے,شاه
دولہے,مهر
دون,دون
دونا,تليسه
دونا,جمع الجمع
دونا,جمعالجمع
دونا,دبل
دونا,دوباره
دونا,غبغب
دونمہ,دونمه
دونيم,دونيم
دويد,دويد
دوپٹہ,دواج
دوپٹہ,شال
دوپٹہ,چادر
دوپہر,ب.ظ
دوپہر,سلام عليكم
دوپہر,ظهر
دوپہر,عصر
دوپہر,عصر بخير
دوپہر,عصرانه
دوپہر,ق.ظ
دوپہر,نماز ديگر
دوپہر,نيمروز
دوپہر,هاون
دوپہر,پسين
دوپہر,چاشت
دي,دي
ديا,اشفاق
ديا,امان
ديا,بخشايش
ديا,بخشش
ديا,بخشودن
ديا,بدبخت
ديا,ترحم
ديا,حيف
ديا,دلبستگي
ديا,دلسوز
ديا,رحم
ديا,رحمت الله عليه
ديا,رخم
ديا,شفقت
ديا,شوق
ديا,طفلك
ديا,عاطفه
ديا,علاقه
ديا,علاقه داشتن
ديا,قنديل
ديا,لامپ
ديا,محبت
ديا,مروت
ديا,مشكات
ديا,ملاطفت
ديا,مهر
ديا,همدردي
ديا,ويس
ديا,چراغ
ديا,چراغ نفتي
ديا,چراغدان
ديا سلائي,كبريت
ديار,ديار
ديار مقدسہ,اباد
ديار مقدسہ,ادريس
ديار مقدسہ,اسياي جنوبي
ديار مقدسہ,اسياي شرقي
ديار مقدسہ,بدخشان
ديار مقدسہ,برنامه
ديار مقدسہ,جده
ديار مقدسہ,جريان
ديار مقدسہ,جنتري
ديار مقدسہ,حاج
ديار مقدسہ,حج
ديار مقدسہ,حجاز
ديار مقدسہ,خاورميانه
ديار مقدسہ,رياض
ديار مقدسہ,زليخا
ديار مقدسہ,زورا
ديار مقدسہ,شامل
ديار مقدسہ,شريف
ديار مقدسہ,شقرا
ديار مقدسہ,صهيون
ديار مقدسہ,عربستان
ديار مقدسہ,عربستان سعودي
ديار مقدسہ,فريدون
ديار مقدسہ,قارون
ديار مقدسہ,قبرس شمالي
ديار مقدسہ,قبلتين
ديار مقدسہ,كعبه
ديار مقدسہ,كولمبيا
ديار مقدسہ,مدينه
ديار مقدسہ,مغرب
ديار مقدسہ,مكه
ديار مقدسہ,نجد
ديار مقدسہ,هندوچين
ديار مقدسہ,چهارباغ
ديارم,ديارم
دياوان,بخشنده
دياوان,بنياد
دياوان,حرام
دياوان,خيريه
دياوان,دلسوز
دياوان,رحمن
دياوان,رحيم
دياوان,صدر
دياوان,غمگسار
دياوان,مشفق
ديبا,ديبا
ديباچہ,برنامه
ديباچہ,ديباچه
ديباچہ,مقدمه
ديتي,ديتي
ديد,ديد
ديدار,بينا
ديدار,تماشا
ديدار,ديدار
ديدار,ديدني
ديدار,نظر
ديداري,ديداري
ديدم,ديدم
ديدمش,ديدمش
ديدن,ديدن
ديدند,ديدند
ديدنش,ديدنش
ديدني,ديدني
ديديم,ديديم
دير,دير
دير ائے درست ائے,از ما بهتران
دير ائے درست ائے,به
دير ائے درست ائے,بهتر
دير ائے درست ائے,بي خيال
دير ائے درست ائے,بيگلربيگي
دير ائے درست ائے,دروغ مصلحت اميز به از راست فتنه انگيز
دير ائے درست ائے,دهقان
دير ائے درست ائے,دير
دير ائے درست ائے,دير كردن
دير ائے درست ائے,شادروان
دير ائے درست ائے,شفا دادن
دير ائے درست ائے,ماهي را هر وقت از اب بگيري تازه است
دير ائے درست ائے,مرحوم
دير ائے درست ائے,هامين
دير ائے درست ائے,هرگز
دير ائے درست ائے,هيچ
دير ائے درست ائے,هيچوقت
دير ائے درست ائے,هيچگاه
دير ائے درست ائے,ولش كن
ديروز,امس
ديروز,ديروز
ديروز,پري
ديروز,پريروز
ديروز,پس پريروز
ديري,ديري
ديريان,ديريان
ديرگھ,اسمانخراش
ديرگھ,الف
ديرگھ,برز
ديرگھ,بلند
ديرگھ,دراز
ديرگھ,سرو
ديرگھ,سروقد
ديرگھ,فراز
ديرگھ,لنبه
ديرگھ,چنار
ديرہ,اباد
ديرہ,بنه
ديرہ,بودباش
ديرہ,جايگاه
ديرہ,سراي
ديرہ,سرداب
ديرہ,مسكن
ديرہ,مقام
ديرہ,مقر
ديرہ,منزل
ديز,جهاز
ديز,كابين
ديز,مهر
ديس,امت
ديس,تبت
ديس,خاش
ديس,خلق
ديس,خمس
ديس,خمسه
ديس,خوره
ديس,خونيرث
ديس,ديار
ديس,ديس
ديس,زكات
ديس,غيرت
ديس,فارسستان
ديس,فلسطين
ديس,قدرت هستهاي
ديس,قوم
ديس,كشور
ديس,مردم
ديس,ملت
ديس,ميهن
ديس,نسك
ديس,هجران
ديس,هرمز
ديس,وطن
ديس,پارس
ديس,پانصد
ديس,پنج
ديس,گاه
ديسو,تبت
ديسو,خونيرث
ديسو,ديار
ديسو,فارسستان
ديسو,فلسطين
ديسو,كشور
ديسو,ميهن
ديسو,هجران
ديسو,وطن
ديسو,پارس
ديسوں,تبت
ديسوں,خونيرث
ديسوں,ديار
ديسوں,فارسستان
ديسوں,فلسطين
ديسوں,كشور
ديسوں,ميهن
ديسوں,هجران
ديسوں,وطن
ديسوں,پارس
ديسي,بومي
ديسي,داربي
ديسي,دهقان
ديسي,روتر
ديسي,محلي
ديسي,هندو
ديسي,هندي
ديشج,داربي
ديشج,دهقان
ديشج,روتر
ديشج,محلي
ديكھنا,املاي نانوشته غلط ندارد
ديكھنا,انگاشتن
ديكھنا,حساب كردن
ديكھنا,دانستن
ديكھنا,سنجيدن
ديكھنا,سگاليدن
ديكھنا,شمردن
ديكھنا,پاييدن
ديكھنا,پيوسيدن
دين,اشفته
دين,اوام
دين,بدهكار
دين,بدهي
دين,بيبرگي
دين,تكليف
دين,تنجيدن
دين,تهيدست
دين,خط فقر
دين,خوراك
دين,درمانده
دين,درويش
دين,دين
دين,رزق
دين,رنجور
دين,روزانه
دين,روزبه
دين,روزنامه
دين,روزي
دين,سالوك
دين,عاريت
دين,فقر
دين,قرض
دين,محتاج
دين,مستضعفان
دين,مستمند
دين,مسكين
دين,نادار
دين,وام
دين,پريش
دين,پريشان
دين دار,پارسا
دينا,التفات فرمودن
دينا,التفات كردن
دينا,بخشيدن
دينا,تيمار
دينا,رساندن
دينا,رسانيدن
دينا,صلي الله عليه وسلم
دينا,فرياد رسيدن
دينا,مرحمت كردن
دينار,دينار
دينداري,دينداري
دينش,دينش
ديني,ديني
دينے,مصدر
دينے,مصدر جعلي
ديو,ابليس
ديو,استويهاد
ديو,اسماني
ديو,اهريمن
ديو,باري
ديو,بغامه
ديو,جن
ديو,خدا
ديو,ديو
ديو,رع
ديو,سر زدن
ديو,شيطان
ديو,شيطانه
ديو,طالع
ديو,طلوع
ديو,علوي
ديو,فرشته
ديو,قدسي
ديو,كلاهخود
ديو,مسير
ديو,مهر
ديو مالائي,سمندر
ديو مالائي,گنگ
ديوار,تيغه
ديوار,ديفال
ديوار,ديوار
ديوار,ديوال
ديوار,پي
ديوار گريہ,تيغه
ديوار گريہ,ديفال
ديوار گريہ,ديوار
ديوار گريہ,ديوال
ديوار گريہ,پي
ديواري,ديواري
ديوان,ديوان
ديوانگي,ديوانگي
ديوانہ,تور
ديوانہ,حسابي
ديوانہ,ديوانه
ديوانہ,شوت
ديوانہ,شوريده
ديوانہ,كلو
ديوانہ,مجنون
ديوانہ,مستغرق
ديوبندي,طالبان
ديوث,ايا
ديوث,تا
ديوث,تركمن
ديوث,جابيز
ديوث,جاكش
ديوث,جنس
ديوث,دانه
ديوث,دشنام
ديوث,دلال
ديوث,دنگل
ديوث,ديوث
ديوث,زنار
ديوث,سركوب
ديوث,صدر
ديوث,ضرب و شتم
ديوث,فلان
ديوث,قواد
ديوث,كسكش
ديوث,پفيوز
ديور,برادر شوهر
ديور,داماد
ديور,شاه
ديور,هيور
ديورو,برادر شوهر
ديورو,داماد
ديورو,شاه
ديورو,هيور
ديوروں,برادر شوهر
ديوروں,داماد
ديوروں,شاه
ديوروں,هيور
ديول,اباد
ديول,اتشكده
ديول,اذرابادگان
ديول,بتكده
ديول,بيت
ديول,عبادتخانه
ديول,كعبه
ديول,كنشت
ديول,معبد
ديول,مهراوه
ديول,هيكل
ديوناگري,دوناگري
ديوناگري,ديواناگري
ديوي,ديوي
ديپ,قنديل
ديپ,لامپ
ديپ,مشكات
ديپ,چراغ
ديپ,چراغ نفتي
ديپ,چراغدان
ديپك,قنديل
ديپك,لامپ
ديپك,مشكات
ديپك,چراغ
ديپك,چراغ نفتي
ديپك,چراغدان
ديپكا,قنديل
ديپكا,لامپ
ديپكا,مشكات
ديپكا,چراغ
ديپكا,چراغ نفتي
ديپكا,چراغدان
ديگر,ديگر
ديگران,ديگران
ديگرم,ديگرم
ديگرند,ديگرند
ديگري,ديگري
ديگچي,لويد
ديگچي,ناو
ديہات,استانه
ديہات,بلوك
ديہات,دهات
ديہات,دهستان
ديہات,دواب
ديہات,روستايي
ديہات,سواد
ديہات,سياهپوش
ديہات,شهرستان
ديہات,ميرزاخاني
ديہات,ييلاق
دچارم,دچارم
دژ,ارگ
دژ,الموت
دژ,الموتي
دژ,اوازه
دژ,برج
دژ,تجر
دژ,حصار
دژ,دژ
دژ,دژخيم
دژ,قلعه
دژ,كوت
دژم,اتشي
دژم,بدبخت
دژم,براشفته
دژم,خشمگين
دژم,دژم
دژم,روش
دژم,زوش
دژم,عصباني
دژم,فشاري
دژم,قهر
دژم,كله كيري
دژم,كمبخت
دگر,دگر
دگري,دگري
دگرگون,دگرگون
دگنا,تليسه
دگنا,جمع الجمع
دگنا,جمعالجمع
دگنا,دبل
دگنا,دوباره
دگنا,غبغب
دھارا,ج.ا
دھارا,جاري
دھارا,جريان
دھارا,جو
دھارا,جوغ
دھارا,جوي
دھارا,جويبار
دھارا,حالي
دھارا,دلكو
دھارا,رايج
دھارا,سيلاب
دھارا,شاخ
دھارا,فعلي
دھارا,كنوني
دھارا,ناو
دھارا,نهر
دھارا,پوتين
دھارمك,پارسا
دھاندل,اغتشاش
دھاندل,تقلب كردن
دھاندل,خيانت كردن
دھاندل,دمدمه
دھاندل,شامورتي
دھاندل,غوغا
دھاندل,فتنه
دھاندل,هياهو
دھاندلي,بامبول
دھاندلي,تقلب
دھاندلي,تلبيس
دھاندلي,حيله
دھاندلي,خب
دھاندلي,خيانت
دھاندلي,دغا
دھاندلي,دمدمه
دھاندلي,دولاب
دھاندلي,ريو
دھاندلي,شياد
دھاندلي,كلاهبرداري
دھبا,افترا
دھبا,انگ
دھبا,تهمت
دھبا,داغ
دھبا,رسوايي
دھبا,عيب
دھبا,غيبت
دھبا,لك
دھبا,لكه
دھبا,نقص
دھرتي,ارض
دھرتي,بوم
دھرتي,خاك
دھرتي,زمين
دھرتي,كشور
دھرم پتني,زوجين
دھرم پتني,سينگل
دھرم پتني,كانم
دھرم پتني,متاهل
دھرم پتني,محرم
دھرم پتني,مطابق
دھرم پتني,وفق
دھكا,اذيت
دھكا,اسيب
دھكا,بدبخت
دھكا,بيد
دھكا,تكان
دھكا,جثه
دھكا,خسارت
دھكا,خسران
دھكا,خوردن
دھكا,زيان
دھكا,سياهپوش
دھكا,شؤم
دھكا,شوك
دھكا,فروماندن
دھكا,فشار دادن
دھكا,ناموس
دھكا,هل
دھكا,هل دادن
دھكا,هول
دھكا,واروني
دھكا,پشمام
دھكا,گزاييدن
دھكا,گزند
دھكا دينا,سياهپوش
دھكا دينا,فشار دادن
دھكا دينا,هل
دھكا دينا,هل دادن
دھكا مارنا,سياهپوش
دھكا مارنا,فشار دادن
دھكا مارنا,هل
دھكا مارنا,هل دادن
دھلائي,اهار
دھلائي,رخت
دھلائي,پولشويي
دھماكہ,انفجار
دھماكہ,تركش
دھماكہ,رونق
دھمال,ارادت
دھمال,بيخودي
دھمال,تحسين
دھمال,جاري
دھمال,جذبه
دھمال,حالت
دھمال,داير
دھمال,سيردريا
دھمال,قرص X
دھمال,لهر
دھمال,موج
دھمال,نر
دھمال,هفتسين
دھمال,پويا
دھمال,گرم
دھمكي دينا,تهديد كردن
دھن,اهنگ
دھن,توانگري
دھن,دستان
دھن,شهناز
دھن,لحن
دھن,نغمه
دھند,اب و هوا
دھند,ابهام
دھند,غبار
دھند,متغير
دھند,ملايم
دھند,مه
دھند,ميغ
دھند,نزم
دھند,هوا
دھندا,اشتغال
دھندا,اشغال
دھندا,اشغالي
دھندا,بدمعاش
دھندا,تصرف
دھندا,حدادي
دھندا,شغل
دھندا,كار
دھندا,مرموز
دھندا,مشغله
دھندا,نوكري
دھنش,تيراژه
دھنش,درونه
دھنش,رنگينكمان
دھنش,قوس
دھنش,قوس و قزح
دھنش,قوسقزح
دھنش,قوسوقزح
دھني,انبارده
دھني,ثروتمند
دھني,خواجه
دھني,خواجگي
دھني,دارا
دھني,دارنده
دھني,دولتمند
دھني,غني
دھني,مهاراجه
دھني,پرمايه
دھني,پولدار
دھني,گبر
دھنيہ واد,اقرار
دھنيہ واد,الحمد لله
دھنيہ واد,تشكر
دھنيہ واد,تشكر كردن
دھنيہ واد,خدا را شكر
دھنيہ واد,خيلي مخلصيم
دھنيہ واد,دست شما درد نكنه
دھنيہ واد,دعا
دھنيہ واد,سپاس
دھنيہ واد,سپاسگزارم
دھنيہ واد,سپاسگزاري
دھنيہ واد,شكر
دھنيہ واد,شكرانه
دھنيہ واد,متشكرم
دھنيہ واد,مرسي
دھنيہ واد,ممنونم
دھواں,حاجي فيروز
دھواں,دود
دھواں,سفرهخانه
دھواں,سيگار كشيدن
دھواں,كشيدن
دھوج,اگير
دھوج,بيرق
دھوج,درفش
دھوج,زنار
دھوج,ستاره
دھوج,شعار
دھوج,شماره
دھوج,عدد
دھوج,علامت
دھوج,علم
دھوج,فروهر
دھوج,كرن
دھوج,نشان
دھوج,نشانه
دھوج,نماد
دھوج,وج
دھوج,پرچم
دھوسر,توسي
دھوسر,تيهو
دھوسر,خاكستري
دھوسر,ديز
دھوسر,فولادي
دھوسر,كبودچشم
دھول,خاك
دھول,خاكسار
دھول,دوستها
دھول,رشت
دھول,سوده
دھول,عفو
دھول,غبار
دھول,غليظ
دھول,پلم
دھول,گرد
دھوم,تول
دھوم,جنجال
دھوم,شور
دھوم,غريو
دھوم,غلغله
دھوم,غوغا
دھوم,قيل و قال
دھوم,همهمه
دھوم,هياهو
دھونا,انزروت
دھونا,راتينه
دھونا,زدودن
دھونا,سندروس
دھونا,شستن
دھونا,شستو شو كردن
دھونا,ششتن
دھونا,شور
دھونا,شوريدن
دھونا,شوي
دھونا,كارواش
دھونا,نشاندن
دھونا,پالودن
دھونے والي مشين,اب و جارو
دھونے والي مشين,ابر
دھونے والي مشين,دستنماز
دھونے والي مشين,شستشو
دھونے والي مشين,غسل
دھونے والي مشين,ماشين لباسشويي
دھونے والي مشين,وضو
دھونے والي مشين,گازر
دھوپ,افتاب
دھوپ,افتو
دھوپ,بخور
دھوپ,خورشيد
دھوپ,عود
دھوپ,كندر
دھوپ,ليو
دھوپ,هور
دھوپوں,افتاب
دھوپوں,خورشيد
دھوپيں,افتاب
دھوپيں,خورشيد
دھيان,اطلاع
دھيان,انعكاس
دھيان,بازتابي
دھيان,برگشت
دھيان,بيخبر
دھيان,تابلوي اعلانات
دھيان,تامل
دھيان,حيثيت
دھيان,راستاد
دھيان,عكس
دھيان,غور
دھيان,فرتور
دھيان,مد نظر
دھيان,مراعات
دھيان,منظور
دھيان,نظر
دھيان,وقع
دھيان,پاس
دھيان دينا,تمركز
دھيان دينا,توجه كردن
دھيان دينا,در نظر گرفتن
دھيان دينا,ديدن
دھيان دينا,رصد كردن
دھيان دينا,غافل
دھيان دينا,مراعات
دھيان دينا,مشاهده كردن
دھيان دينا,نوشيدن
دھيريہ,ارامش
دھيريہ,ارامي
دھيريہ,برداشت
دھيريہ,حوصله
دھيريہ,شكيب
دھيريہ,شكيبائي
دھيريہ,صبر
دھيريہ,ظرف
دھيريہ,ژكفري
دھيرے دھيرے,رفته رفته
دھيرے دھيرے,كمكم
دھيرے دھيرے,يواش يواش
دھيمے,اهسته
دھيمے,خودكشي از ترس مرگ
دھيمے,يواش
دھيمے,يواش يواش
دھيمے,گاماس
دھيمے,گاماس گاماس
دھڑكن,درس
دھڑكن,ضربان
دھڑكن,نبض
دھڑكن,ژاژومك
دھڑكنوں,نبض
دھڑكنيں,نبض
دہائي,دهه
دہائي,ضرب
دہائياں,دهه
دہائيو,دهه
دہائيوں,دهه
دہان,افتتاحيه
دہان,دريچه
دہان,دهان
دہان,سوراخ
دہان,سيلاغ
دہان,شروع
دہان,گشادي
دہان,گشايش
دہريہ,اتئيست
دہريہ,ناخدا
دہشت,ارعاب
دہشت,اژير
دہشت,ترس
دہشت,تول
دہشت,رعب
دہشت,نفرت
دہشت,هراس
دہشت,هول
دہشت,وحشت
دہشت گردي,تروريسم
دہقان,ارباب
دہقان,برزگر
دہقان,بهافريد
دہقان,بهافريدي
دہقان,دهاتي
دہقان,دهقان
دہقان,روستايي
دہقان,زميندار
دہقان,كشاورز
دہلوي,دهلوي
دہلوي,دهلي
دہلوي,دهلي نو
دہلوي,منتقل
دہلوي,منتقل شدن
دہلوي,پالم
دہلي,احتضار
دہلي,استانه
دہلي,بمبئي
دہلي,توليد ناخالص ملي
دہلي,درگاه
دہلي,دهلوي
دہلي,دهلي
دہلي,دهلي نو
دہلي,سرود ملي
دہلي,كرياس
دہلي,كنكور
دہلي,ملي
دہلي,ممبي
دہلي,وطني
دہلي,پالم
دہي,تهچين
دہي,دراغ
دہي,قروت
دہي,كشك
دہي,هلونگ
دہي,چغرات
دہيز,جهاز
دہيز,كابين
دہيز,مهر
ذات,ابگينه
ذات,ارباب
ذات,ايزوله
ذات,برهمن
ذات,تازي
ذات,توليد
ذات,جهاندار
ذات,جوهر
ذات,حنا
ذات,خاصه
ذات,خدا
ذات,خداوند
ذات,خداي
ذات,خصم
ذات,خو
ذات,خواجه
ذات,خود
ذات,خويش
ذات,دارا بودن
ذات,دارنده
ذات,دوره
ذات,ذات
ذات,را
ذات,رژيم صهيونيستي
ذات,سمنت
ذات,صاحب
ذات,عدد
ذات,عرض
ذات,لعاب
ذات,مالك
ذات,مايه
ذات,محو
ذات,مخصوص
ذات,موميا
ذات,نسل
ذات,نفس
ذات,هزارگي
ذات,وار
ذات,واره
ذات,وصف
ذات,ويژگي
ذات,پروردن
ذات,پشت
ذاتش,ذاتش
ذاتي,اساسي
ذاتي,اصل
ذاتي,اصلي
ذاتي,اصيل
ذاتي,اندركنش بنيادي
ذاتي,بنيادي
ذاتي,جنس
ذاتي,خلقت
ذاتي,دستاويز
ذاتي,ذات
ذاتي,ذاتي
ذاتي,فارسيات
ذاتي,فطرت
ذاتي,واپس
ذاكر,ذاكر
ذبح,ذبح
ذبح,سلاخي
ذبح,عقيقه
ذبح,فدا
ذبح,قربان
ذبح,قرباني
ذبح,كشتار
ذبح,كشتگي
ذخيرہ,تجر
ذخيرہ,مخزن
ذرا,اگر لطف كنيد
ذرا,بيهوده
ذرا,خرد
ذرا,خواهش ميكنم
ذرا,خواهشا
ذرا,دقيقه
ذرا,ذره
ذرا,ريز
ذرا,زبون
ذرا,سيكتير
ذرا,فسقلي
ذرا,كه
ذرا,كوتوله
ذرا,كوچولو
ذرا,كپك
ذرا,لطفا
ذرا,مجگ
ذرا,مختصر
ذرا,ناچيز
ذرا,هيچ
ذريعہ,اداره
ذريعہ,اژانس
ذريعہ,اژانس بينالمللي انرژي اتمي
ذريعہ,بضاعت
ذريعہ,خبرگزاري
ذريعہ,سيا
ذريعہ,نيابه
ذريعہ,وكالت
ذرہ,اتم
ذكر,اشاره كردن
ذكر,به زبان اوردن
ذكر,ذكر
ذكر,ذكر كردن
ذكر,قابل ندارد
ذكر,كاري نكردم
ذكر,نام بردن
ذكر,وظيفهام بود
ذكر,ياد كردن
ذكر,چيز
ذكر الہي,خاطر
ذكر الہي,خاطره
ذكر الہي,نشاني
ذكر الہي,ياداوري
ذكر خير,باژ
ذكر خير,بزرگداشت
ذكر خير,ترخان
ذكر خير,تعارف كردن
ذكر خير,ساو
ذكر خير,في
ذكر خير,ياداوري
ذكر خير,يادبود
ذكر،,ذكر،
ذلت,اهانت
ذلت,توهين كردن
ذلت,دشنام
ذلت,ذلت
ذلت,رسوايي
ذلت,ك م خ
ذلت,ناسزا
ذليل,ذليل
ذليل,زبون
ذليل,موشعلي
ذليل,نذل
ذمہ,التزام
ذمہ,بار
ذمہ,بازاريابي
ذمہ,بايد
ذمہ,باژ
ذمہ,برائت
ذمہ,تعهد
ذمہ,تعيين
ذمہ,تكليف
ذمہ,تمكين
ذمہ,خدمت
ذمہ,سرويس
ذمہ,سفارش
ذمہ,سفارش دادن
ذمہ,سفارشي
ذمہ,عهده
ذمہ,فرض
ذمہ,قانون گو
ذمہ,قيد
ذمہ,كشك
ذمہ,كوچ
ذمہ,متعهد
ذمہ,مسئوليت
ذمہ,منت
ذمہ,نوكري
ذمہ,هزينه
ذمہ,وظيفه
ذمہ,وظيفهام بود
ذمہ,گردن
ذو الحجہ,اسفند
ذو الحجہ,ته
ذو الحجہ,حاج
ذو الحجہ,حاجي
ذو الحجہ,حج
ذو الحجہ,دستگير
ذو الحجہ,دوازدهم
ذو الحجہ,سبك خراساني
ذو الحجہ,سبك عراقي
ذو الحجہ,سعي كردن
ذو الحجہ,فرشگرد
ذو الحجہ,فينال
ذو الحجہ,قطعي
ذو الحجہ,كعبه
ذو الحجہ,ماهچه
ذو الحجہ,مكه
ذو الحجہ,ميقات
ذو الحجہ,نهائي
ذو الحجہ,نهايي
ذو الحجہ,گذاشتن
ذو الحجہ,◌ؖ
ذوالفقار,ذوالفقار
ذوالكفل,ذوالكفل
ذوفنون,ذوفنون
ذوق,بهره
ذوق,تماشا
ذوق,خوا
ذوق,دلبستگي
ذوق,ذوق
ذوق,راحتالحلقوم
ذوق,شوق
ذوق,صفا
ذوق,علاقه
ذوق,علاقه داشتن
ذوق,فرع
ذوق,لذت
ذوق,مصلحت
ذوق,ناز
ذوق,نرخ بهره
ذوق,نعيم
ذوقي,ذوقي
ذيابيطس,بيماري قند
ذيابيطس,ديابت
ذيابيطس,ديابت بارداري
ذيلي,تخمدان
ذيلي,جيد
ذيلي,درخت هرچه بارش بيشتر ميشود سرش فروتر ميايد
ذيلي,زير
ذيلي,شيب
ذيلي,كاهش دادن
ذيلي,كرن
ذيلي,كمردرد
ذيلي,مرخ
ذيلي,پائين
ذيلي ضلع,تعلق
ذہن,اطلاعات
ذہن,جقي
ذہن,خبر
ذہن,خرد
ذہن,ذهن
ذہن,راه
ذہن,راي
ذہن,ره
ذہن,سحر حلال
ذہن,سيا
ذہن,شعور
ذہن,عقل
ذہن,فهم
ذہن,نبوغ
ذہن,هوش
ذہن,هوش مصنوعي
ذہن,ژني
ذہني,ارمان
ذہني,ايدهال
ذہني,تايپ
ذہني,رواني
ذہني,روحي
ذہني,روشنفكر
ذہني,متفكر
ذہني,معنوي
ذہني,نبوغ
ذہني,ژني
ذہين,حاد
ذہين,حساس
ذہين,روشنفكر
ذہين,زبل
ذہين,زرنگ
ذہين,زيرك
ذہين,ظريف
ذہين,متفكر
ذہين,هوشيار
ذہين,چابك
ذہين,چالاك
رئيس,احمدينژاد
رئيس,ارباب
رئيس,اغا
رئيس,امير
رئيس,بان
رئيس,توراندخت
رئيس,خان
رئيس,دهيار
رئيس,رئيس
رئيس,رئيسجمهور
رئيس,رفسنجاني
رئيس,شاهزاده
رئيس,كاخ سفيد
رئيس,كارفرما
رئيس,مدير
رئيس,مير
رئيس,وليعهد
رئيس,پرنس
رئيس,پوتين
رئيس,پيشوا
را,را
رائي,رائي
رائے,استفتاء
رائے,اطلاع
رائے,اهل ديوان
رائے,باشي
رائے,حكمت
رائے,راي
رائے,راي دادن
رائے,سورسات
رائے,كتلت
رائے,كنگاش
رائے,لايك
رائے,مصلحت
رائے,نصيحت
رائے,پند
رابطہ,ارتباط
رابطہ,تماس
رابطہ,دست زدن
رابطہ,رابطه
رابطہ,سرگذشت
رابطہ,قريب
رابطہ,قهر كردن
رابطہ,لامسه
رابطہ,لمس
رابطہ,لمس كردن
رابطہ,مخاطب
رابطہ,مناسبت
رابطہ,نسبت
رابطہ,چشم بد دور
رابطہ زبان,زبان ميانجي
رات,تاريكي
رات,تم
رات,تمر
رات,تيرگي
رات,داج
رات,رات
رات,سواد
رات,سياهي
رات,شبانگاه
رات,ظلمت
رات گئي بات گئي,ابخور
رات گئي بات گئي,از خاطر رفتن
رات گئي بات گئي,اليوم
رات گئي بات گئي,امرو
رات گئي بات گئي,امروز
رات گئي بات گئي,امس
رات گئي بات گئي,اون ممه رو لولو برد
رات گئي بات گئي,بارگيري
رات گئي بات گئي,بنگال
رات گئي بات گئي,جنگ
رات گئي بات گئي,جهاز
رات گئي بات گئي,خنداندن
رات گئي بات گئي,خندسن
رات گئي بات گئي,خنده
رات گئي بات گئي,خنديدن
رات گئي بات گئي,ديروز
رات گئي بات گئي,سغد
رات گئي بات گئي,سفينه
رات گئي بات گئي,فراموش
رات گئي بات گئي,كشتي
رات گئي بات گئي,كيمه
رات گئي بات گئي,مركب
رات گئي بات گئي,ناو
رات گئي بات گئي,پري
رات گئي بات گئي,پريروز
رات گئي بات گئي,پس پريروز
راتا,اجيل
راتا,الو
راتا,انگليون
راتا,برگه
راتا,تمر
راتا,خامه
راتا,خشكبار
راتا,خوباني
راتا,رنگين
راتا,شل
راتا,قروت
راتا,كشك
راتا,كهر
راتا,هلتاك
راج,ابر
راج,اداره
راج,ايلچي
راج,باربر
راج,باژ
راج,برق انداز
راج,ترخان
راج,توليد ناخالص ملي
راج,حاكميت
راج,دادگستري
راج,دهلي
راج,سازنده
راج,ساو
راج,سرود ملي
راج,سروري
راج,سفير
راج,سلطنت
راج,سياست
راج,فر
راج,فرستاده
راج,في
راج,كاخ باكينگهام
راج,كاراگاه
راج,كشورداري
راج,كنكور
راج,مجري
راج,محفل
راج,مديريت
راج,معمار
راج,ملك
راج,ملي
راج,ممالك محروسه ايران
راج,مه
راج,مهاراجه
راج,مي
راج,وطني
راج,پور
راج,پيشوند
راج بھاشا,توليد ناخالص ملي
راج بھاشا,دهلي
راج بھاشا,سرود ملي
راج بھاشا,كنكور
راج بھاشا,ملي
راج بھاشا,وطني
راج شاہي,سلطنت
راج شاہي,كاخ باكينگهام
راج نيتي,سياست
راج نيتي,محفل
راجا,توجه
راجا,جان
راجا,جانان
راجا,جگر
راجا,حاكم
راجا,سلطان
راجا,شهريار
راجا,عزيز
راجا,عزيزم
راجا,قدرت متوسط
راجا,ملكه حاكم
راجا,ممالك محروسه ايران
راجا,پادشاه
راجا,پادشاهي بريتانياي كبير
راجا,گوگولي مگولي
راجدھاني,كلانشهر
راجدھاني,نيويورك
راجستھان,ازل
راجستھان,ترنج
راجستھان,جيپور
راجستھان,راجستان
راجستھان,مجسمه
راجستھان,مخلوق
راجستھاني,اراكي
راجستھاني,اهل
راجستھاني,باشنده
راجستھاني,بنگالي
راجستھاني,جيپور
راجستھاني,راجستان
راجستھاني,راجستاني
راجستھاني,رازي
راجستھاني,ساكن
راجستھاني,مشهدي
راجستھاني,مقيم
راجستھاني,هندو
راجستھاني,گجراتي
راجع,انعطاف
راجع,بازگشت
راجع,بزرگمهر
راجع,بوذرجمهر
راجع,تول
راجع,ج.ا
راجع,جات
راجع,جفت
راجع,خاش
راجع,خم
راجع,خميده
راجع,درباره
راجع,درمورد
راجع,را
راجع,راجع
راجع,سزيم
راجع,شكنج
راجع,عائد به
راجع,عن
راجع,كبير
راجع,مايل
راجع,متمايل
راجع,محاربه
راجع,يله
راجع,پيشين
راجع,چپه
راجع,گاليا
راجع,گنگ
راجع,گين
راجنيہ,امپراتوري
راجنيہ,شاهنشاهي
راجنيہ,همايون
راجيہ سبھا,اشور
راجيہ سبھا,بازو
راجيہ سبھا,بالا
راجيہ سبھا,بالاخانه
راجيہ سبھا,باژ
راجيہ سبھا,بوركينافاسو
راجيہ سبھا,سبها
راجيہ سبھا,كله
راجيہ سبھا,مانتو
راجيہ سبھا,مجلس
راجيہ سبھا,مرخ
راجيہ سبھا,نشسن
راجيہ سبھا,پارلمان
راحت,اسايش
راحت,استفراغ
راحت,الحمد لله
راحت,امان
راحت,برجسته
راحت,بساخ
راحت,تسكين
راحت,راحت
راحت,راحتي
راحت,سلامت
راحت,فاتحه
راحت,فريادرس
راحت,ناز
راحت,پستانك
راحت,گشايش
راد,راد
راز,راز
راز,رمز
راز,طلسم
رازدار,رازدار
رازدان,رازدان
رازست,رازست
رازم,رازم
رازي,رازي
راس,راس
راست,راست
راستان,راستان
راستم,راستم
راستوں,راه
راستوں,سالك
راستوں,سبيل
راستوں,سوي
راستوں,مسلك
راستوں,ميدان
راستوں,چمن
راستہ,اوباش
راستہ,بنبست
راستہ,خيابان
راستہ,راه
راستہ,زقاق
راستہ,سالك
راستہ,سبيل
راستہ,سوي
راستہ,شامورتي
راستہ,كو
راستہ,كوي
راستہ,مسلك
راستہ,مسير
راستہ,ميدان
راستہ,نزاع
راستہ,چمن
راستے,راه
راستے,سالك
راستے,سبيل
راستے,سوي
راستے,مسلك
راستے,ميدان
راستے,چمن
راشٹر,امت
راشٹر,غيرت
راشٹر,قدرت هستهاي
راشٹر,قوم
راشٹر,مردم
راشٹر,ملت
راضي,انشاءالله
راضي,بسنده كردن
راضي,تهي
راضي,خرسند
راضي,خنك
راضي,خوشوقت
راضي,خوشوقتم
راضي,راضي
راضي,رضا مند
راضي,سرخ رو
راضي,ضمن
راضي,فيلم سوپر
راضي,قانع
راضي,محتوا
راضي,مضمون
راضي,مطمئن
راضي,مفهوم
راضي,هشتگ
راضي,پايه
راغ,راغ
راغان,راغان
راكب,راكب
راكٹ,راكت
راكھ,خاك
راكھ,خاكسار
راكھ,دوستها
راكھ,رشت
راكھ,سوده
راكھ,عفو
راكھ,غبار
راكھ,غليظ
راكھ,پلم
راكھ,گرد
راكھس,استويهاد
راكھس,بغامه
راكھس,جن
راكھس,ديو
راكھس,غول
راكھس,ماهي
راكھس,هيولا
راكھشس,استويهاد
راكھشس,بغامه
راكھشس,جن
راكھشس,ديو
راكھو,خاك
راكھو,خاكسار
راكھو,دوستها
راكھو,رشت
راكھو,سوده
راكھو,عفو
راكھو,غبار
راكھو,غليظ
راكھو,پلم
راكھو,گرد
راكھوں,خاك
راكھوں,خاكسار
راكھوں,دوستها
راكھوں,رشت
راكھوں,سوده
راكھوں,عفو
راكھوں,غبار
راكھوں,غليظ
راكھوں,پلم
راكھوں,گرد
راكھي,بسته
راكھي,تاتوره
راكھي,حافظ
راكھي,حامي
راكھي,قلاووز
راكھي,مربوط
راكھي,نگهبان
راكھي,نگهدار
راكھي,پشتيبان
راكھيں,خاك
راكھيں,خاكسار
راكھيں,دوستها
راكھيں,رشت
راكھيں,سوده
راكھيں,عفو
راكھيں,غبار
راكھيں,غليظ
راكھيں,پلم
راكھيں,گرد
رال,انزروت
رال,بزاق
رال,تفكه
رال,خيو
رال,راتينه
رال,سندروس
رال,لعاب
رام,رام
رام اللہ,رامالله
ران,ران
ران,شل
رانجھا,انا لله و انا اليه راجعون
رانجھا,تراژدي
رانجھا,توده
رانجھا,خلق
رانجھا,پنجابي
راند,راند
راني,اغا
راني,افرنگ
راني,اقدس
راني,بانو
راني,بي بي
راني,بيبي
راني,بيگم
راني,توراندخت
راني,جي
راني,حضرت
راني,خاتون
راني,خانم
راني,دده
راني,دولت عليه ايران
راني,روبنده
راني,سنبوسه
راني,سيد
راني,شاهدخت
راني,شاهزاده
راني,شريف
راني,شكوه
راني,شهبانو
راني,عاطر
راني,فرهاد
راني,قر
راني,كدبانو
راني,كندوري
راني,مجداني
راني,ملكه همسر
راني,نظرباز
راني,وقار
راني,پرنسس
راني,پوشيه
راوي,راوي
راي,راي
رايت,رايت
راگ,احساس
راگ,اهنگ
راگ,به هم برامدن
راگ,جوشش
راگ,حس
راگ,حسرت
راگ,دستان
راگ,دل
راگ,دمساز
راگ,رشك
راگ,رودربايستي
راگ,سودا
راگ,شبيه
راگ,شهناز
راگ,شهواني
راگ,شوق
راگ,عاطفه
راگ,عشق
راگ,غيرت
راگ,كباب
راگ,لحن
راگ,نغمه
راگ,هماهنگي
راگ,همدلي
راگ,هوا
راگ,هوس
راگ,هوي
راگ,هيجان
راگ,ولع
راگ,گين
راہ,راه
راہ,رسم
راہ,سالك
راہ,سبيل
راہ,سليقه
راہ,سوي
راہ,فشن
راہ,مد
راہ,مدل
راہ,مزون
راہ,مسلك
راہ,مسير
راہ,ميدان
راہ,چمن
راہ,گون
راہ اہن,ايستگاه قطار
راہ اہن,راهاهن
راہب,راهب
راہداري,ابراه
راہداري,اتصال
راہداري,امن
راہداري,ايمن
راہداري,باژ
راہداري,به
راہداري,تخليه
راہداري,تذكره
راہداري,ترابري
راہداري,جنتري
راہداري,حرف ربط
راہداري,حمل و نقل
راہداري,دالان
راہداري,دستاويز
راہداري,دل كسي را زدن
راہداري,راهرو
راہداري,سند
راہداري,سواد
راہداري,صاحبقران
راہداري,صادر كردن
راہداري,طريق
راہداري,فرخار
راہداري,فرود
راہداري,قران
راہداري,قطار
راہداري,كانال
راہداري,كريدور
راہداري,مامن
راہداري,متن
راہداري,مخلص
راہداري,مدرك
راہداري,مسير
راہداري,مطمئن
راہداري,ناو
راہداري,نقل
راہداري,وسيله نقليه
راہداري,ويرايش
راہداري,پاسپورت
راہداري,چك
راہداري,گاوصندوق
راہداري,گذر
راہداري,گذرنامه
راہداري,گذرگاه
رب,ارباب
رب,جهاندار
رب,خدا
رب,خداوند
رب,خداي
رب,خصم
رب,خواجه
رب,دارا بودن
رب,دارنده
رب,را
رب,رب
رب,صاحب
رب,مالك
ربا,با
ربا,بهره
ربا,تماشا
ربا,دلبستگي
ربا,دند
ربا,ربا
ربا,زيره
ربا,علاقه
ربا,علاقه داشتن
ربا,فرع
ربا,مصلحت
ربا,نرخ بهره
ربا,پيراستن
رباب,رباب
رباط,رباط
رباعي,ترانه
رباعي,رباعي
ربايد,ربايد
ربط,ربط
ربطي,ربطي
ربود,ربود
ربودن,ربودن
ربودي,ربودي
ربوہ,اراك
ربوہ,اصلي
ربوہ,اقامه
ربوہ,اهم
ربوہ,اورشليم
ربوہ,اورنگاباد
ربوہ,باسترك
ربوہ,برادري
ربوہ,برامده
ربوہ,بيتالمقدس
ربوہ,تاكيد
ربوہ,تراويح
ربوہ,تركيببند
ربوہ,تكيه
ربوہ,جنباندن
ربوہ,حول و حوش
ربوہ,دانشجو
ربوہ,دفتر مركزي
ربوہ,دور و بر
ربوہ,را
ربوہ,راك
ربوہ,راك اند رول
ربوہ,رد
ربوہ,سامي
ربوہ,ستاد
ربوہ,سمنت
ربوہ,سنگ
ربوہ,صخره
ربوہ,صهيون
ربوہ,طارم
ربوہ,قبةالصخره
ربوہ,قبلتين
ربوہ,قبه
ربوہ,قبه صخره
ربوہ,قران
ربوہ,قوس
ربوہ,كاوشگر
ربوہ,كبير
ربوہ,كربلا
ربوہ,كليدي
ربوہ,كمر
ربوہ,محمد
ربوہ,محيط
ربوہ,مرتفع
ربوہ,مرخ
ربوہ,مرغاب
ربوہ,مركز
ربوہ,مقر
ربوہ,مكه
ربوہ,مهم
ربوہ,ناموس
ربوہ,نان
ربوہ,نبات
ربوہ,پنتاگون
ربوہ,چينود
ربوہ,گرگان
ربوہ,گفته شدن
ربوہ,گنبد
ربوہ,گنگ
ربي,ربي
ربيع الاول,ربيعالاول
ربيع الاول,ربيعالثاني
ربڑ,كش
ربڑ,لاستيك
ربڑ,پاككن
ربڑ,پستانك
رتبہ,امتياز
رتبہ,انتصاب
رتبہ,تعيين
رتبہ,تكليف
رتبہ,تميز
رتبہ,جايگاه
رتبہ,جناب اقاي
رتبہ,دولت عليه ايران
رتبہ,سركار خانم
رتبہ,سركوب
رتبہ,غلو
رتبہ,مكان
رتبہ,وضعيت
رتبہ,وكالت
رتبہ,گاه
رتن,ارجمند
رتن,تم
رتن,تيله
رتن,جواهر
رتن,جوهر
رتن,جيغه
رتن,حدقه
رتن,دانشاموز
رتن,درج
رتن,دستيار
رتن,دهنه
رتن,شاگرد
رتن,عزيز
رتن,قيمتي
رتن,كاك
رتن,مردم
رتن,مردمك
رتن,ميلاو
رتن,نفيس
رتن,يشم
رتن,گرامي
رتن,گرانبها
رتن,گوهر
رتو,اب و هوا
رتو,متغير
رتو,ملايم
رتو,هوا
رتھ,ارابه
رتھ,عرابه
رتھ,گردون
رجا,التماس
رجا,انتظار
رجا,تمنا
رجا,توسط
رجا,توقع
رجا,رجا
رجا,طمع
رجا,لابه
رجا,نياز
رجا,يارب
رجا,ياعلي
رجا,چشمداشت
رحم,رحم
رحمة,رحمة
رحمت,رحمت
رحمتي,رحمتي
رحمۃ اللہ عليہ,امان
رحمۃ اللہ عليہ,بخشايش
رحمۃ اللہ عليہ,بخشش
رحمۃ اللہ عليہ,بخشودن
رحمۃ اللہ عليہ,رحم
رحمۃ اللہ عليہ,رحمت الله عليه
رحمۃ اللہ عليہ,مروت
رحمۃ اللہ عليہ,مهر
رحيل,رحيل
رحيم,بخشنده
رحيم,رحمن
رحيم,رحيم
رحيم يار خان,بطن
رحيم يار خان,خان
رحيم يار خان,مود
رحيم يار خان,چنگيز
رحيم يار خان,چنگيزي
رخ,جانه
رخ,رخ
رخ,زاغ
رخ,سپ
رخ,شاهرخ
رخ,قلعه
رخ,لپ
رخ,گونه
رخت,رخت
رخسار,جانه
رخسار,رخ
رخسار,رخسار
رخسار,سپ
رخسار,لپ
رخسار,گونه
رخش,رخش
رخشان,بامي
رخشان,تابان
رخشان,رخشان
رخشان,روشن
رخشان,شيد
رخشان,ليان
رخشان,ماهين
رخشان,منير
رخشان,نوراني
رخشيد,رخشيد
رخصت,دوري
رخصت,رحلت
رخصت,رحيل
رخصت,رخصت
رخصت,سكون
رخصت,عدم
رخصت,عزيمت
رخصت,غايبانه
رخصت,غيبت
رخصت,فقدان
رخصت,مرخصي
رخصت,نبود
رخصتي,ائين
رخصتي,اسايشگاه
رخصتي,افتتاحيه
رخصتي,بارگاه
رخصتي,بدرود
رخصتي,بنه
رخصتي,ته
رخصتي,جايگاه
رخصتي,حلقه ازدواج
رخصتي,دربار
رخصتي,رحلت
رخصتي,رحيل
رخصتي,رخصت
رخصتي,رفتن
رخصتي,رفدن
رخصتي,روا
رخصتي,زفاف
رخصتي,سامان
رخصتي,سووشون
رخصتي,شادي
رخصتي,شيعه
رخصتي,طوي
رخصتي,عروسي
رخصتي,عزيمت
رخصتي,فرشگرد
رخصتي,فينال
رخصتي,قبل
رخصتي,قبل از
رخصتي,قطعي
رخصتي,كاخ سفيد
رخصتي,لانه
رخصتي,مجدد
رخصتي,مراسم
رخصتي,مرسل
رخصتي,نهائي
رخصتي,نهايي
رخصتي,وداع
رخصتي,وطن
رخصتي,ون
رخصتي,گوشي تلفن
رخصتي,◌ؖ
رخم,رخم
رد,باطل
رد,بيفرهنگ
رد,خلاء
رد,رد
رد,رد شدن
رد,مردود
رد,منتفي
رديف,رديف
رزاقي,رزاقي
رزق,خوراك
رزق,دخل
رزق,درامد
رزق,دشت
رزق,رزق
رزق,روزانه
رزق,روزبه
رزق,روزنامه
رزق,روزي
رزق,عملكرد
رزق,قوت
رزق,معاش
رزم,رزم
رزو,رزو
رس,اب
رس,اب ميوه
رس,ابليمو
رس,ادا
رس,اسكاتلند
رس,اش
رس,اشتها
رس,اصلي
رس,افرنگ
رس,افسون
رس,افشره
رس,اماج
رس,انگلستان
رس,او
رس,ايرلند شمالي
رس,با
رس,باده
رس,بها
رس,بهاء
رس,تير
رس,جادو
رس,جانه
رس,جسامت
رس,جيوه
رس,خوا
رس,خوردي
رس,ذاتي
رس,ذوق
رس,رس
رس,رنج
رس,روان
رس,زهر
رس,ساك
رس,سام
رس,سانديسخور
رس,سم
رس,سمي
رس,سوپ
رس,سيال
رس,سيروپ
رس,سيماب
رس,شاه
رس,شاهنامه اخرش خوشه
رس,شرنگ
رس,شيره
رس,شيطانه
رس,صدراعظم
رس,صميم
رس,طلسم
رس,عدسي
رس,عنفوان
رس,فاخر
رس,فر
رس,فرض
رس,فيزيكي
رس,قشنگي
رس,كوارك مفتون
رس,ماء
رس,ماشابه
رس,مجسم
رس,محرك بيحركت
رس,مردمگياه
رس,مزه
رس,معجون
رس,مغز
رس,مقدونيه
رس,مكانيك سيالات
رس,ميده
رس,نخستوزير
رس,نزاكت
رس,نمك
رس,واجب
رس,وزير اعظم
رس,پانيد
رس,پلو
رس,چاشني
رس,چتني
رسا,رسا
رسائي,رسائي
رسالت,رسالت
رسالہ,اوارچه
رسالہ,توييت
رسالہ,خشاب
رسالہ,خيل
رسالہ,دايركت
رسالہ,دريافت كردن
رسالہ,دفتر
رسالہ,دوري
رسالہ,روزنامه
رسالہ,سين
رسالہ,سين كردن
رسالہ,كتابچه
رسالہ,مجله
رسالہ,مكتوب
رسالہ,نشريه
رسالہ,ويس
رسالہ,پيام
رسالہ,پيامك
رسالہ,پيغام
رسالہ نكالنا,اوردن
رسالہ نكالنا,بالا اوردن
رسالہ نكالنا,به زبان اوردن
رسالہ نكالنا,به وجود اوردن
رسالہ نكالنا,تبرك
رسالہ نكالنا,خشاب
رسالہ نكالنا,دوري
رسالہ نكالنا,رويانيدن
رسالہ نكالنا,مجله
رسالہ نكالنا,مطرح كردن
رسالہ نكالنا,منتشر كردن
رسالہ نكالنا,نشر كردن
رسالہ نكالنا,نشريه
رسالہ نكالنا,گرد كردن
رسان,رسان
رساند,رساند
رساني,رساني
رست,رست
رستا,رستا
رستخيز,رستخيز
رستخيزي,رستخيزي
رستم,اسب
رستم,بهادر
رستم,جيغه
رستم,رستم
رستم,شهسوار
رستم,شواليه
رستم,قهرمان
رستم,مبارز
رستم,ناضل
رستم,پهلو
رستم,پهلوان
رستن,رستن
رسد,رسد
رسل,رسل
رسم,اسلوب
رسم,بوذاسف
رسم,ترسيم
رسم,خراساني
رسم,رسم
رسم,رسم كردن
رسم,سنت
رسم,شعار
رسم,مردمگياه
رسم,نقش بستن
رسم الخط,تشديد
رسم الخط,تعليق
رسم الخط,جاوي
رسم الخط,حاء
رسم الخط,خط
رسم الخط,سرياني
رسم الخط,طاء
رسم الخط,ظاء
رسم الخط,نون
رسمي,بازاري
رسمي,رسمي
رسمي,ساده
رسمي,طبق معمول
رسمي,عادي
رسمي,فوقالعاده
رسمي,معمول
رسمي,معمولي
رسن,بند ناف
رسن,تار
رسن,رسن
رسن,ريسمان
رسن,زيگ
رسن,سيم
رسن,نيفه
رسوا,رسوا
رسوائي,رسوائي
رسول,حواري
رسول,رسول
رسوم,رسوم
رسي,بند ناف
رسي,تار
رسي,رسن
رسي,رسي
رسي,ريسمان
رسي,زيگ
رسي,سيم
رسي,نيفه
رسيد,استقبال
رسيد,اظهار
رسيد,اگر
رسيد,بيان
رسيد,بيانيه
رسيد,تاييد
رسيد,تصديق
رسيد,تعرفه
رسيد,تقرير
رسيد,خبر ندارم
رسيد,خيلي مخلصيم
رسيد,رسيد
رسيد,سررشته
رسيد,سياهه
رسيد,عافيت باشه
رسيد,فرمايش
رسيد,قبض
رسيد,لايحه
رسيد,مزخرف
رسيد,نوك
رسيد,نول
رسيد,پاسخ
رسيد,چك
رسيد,گفته
رسيدم,رسيدم
رسيدن,رسيدن
رسيدو,تعرفه
رسيدو,رسيد
رسيدو,قبض
رسيدوں,تعرفه
رسيدوں,رسيد
رسيدوں,قبض
رسيدي,رسيدي
رسيديں,تعرفه
رسيديں,رسيد
رسيديں,قبض
رشت,رشت
رشتہ,ارتباط
رشتہ,خواستگاري
رشتہ,رابطه
رشتہ,سرگذشت
رشتہ,صله
رشتہ,قرابت
رشتہ,قريب
رشتہ,قهر كردن
رشتہ,مناسبت
رشتہ,نسبت
رشتہ,پيشنهاد
رشتہ دار,بسته
رشتہ دار,خويشاوند
رشتہ دار,دده
رشتہ دار,فرهنگي
رشتہ دار,كس
رشتہ دار,كه
رشتہ دار,نسبت به
رشتہ دار,نسبي
رشك,اهل حسد
رشك,بخل
رشك,حسادت
رشك,حسد
رشك,رشك
رشك,شرارت
رشك,عداوت
رشك,غيرت
رشك,كين
رشوت,رشوه
رشوتوں,رشوه
رشوتيں,رشوه
رشي,حكمت
رشي,حكيم
رشي,رد
رضا,اتفاق
رضا,اجازه
رضا,استصواب
رضا,اوكي
رضا,تصويب
رضا,تقدير
رضا,تهي
رضا,خرسند
رضا,رضا
رضا,رضايت
رضا,ضمن
رضا,فيلم سوپر
رضا,قانع
رضا,لايك
رضا,محتوا
رضا,مضمون
رضا,مطمئن
رضا,مفهوم
رضا,موافقت
رضا,هشتگ
رضا مند,اتفاق
رضا مند,رضا مند
رضا مند,موافق
رضاست,رضاست
رضاي,رضاي
رضايش,رضايش
رضيع,پروردن
رطب,رطب
رطل,كوبيدن
رطل,كويستن
رطل,ليره
رطل,مالوندن
رطل,پوند
رعايت,امتياز
رعايت,تخفيف
رعايت,حراج
رعايت,رعايت
رعايت,طرفداري كردن
رعايت,عفو
رعايت,لطف
رعايت,مراعات
رعنا,رعنا
رعنائي,رعنائي
رعناي,رعناي
رفت,رفت
رفتار,تك
رفتار,تكيدن
رفتار,حركت
رفتار,رفتار
رفتار,سرعت
رفتار,شتافتن
رفتار,قدم
رفتار,مسير
رفتار,هاليوود
رفتار,پوييدن
رفتار,چرخش
رفتاري,رفتاري
رفتم,رفتم
رفتن,رفتن
رفتند,رفتند
رفتني,رفتني
رفتني,عازم
رفتني,عجوز
رفتني,فاني
رفتني,گذرا
رفتي,رفتي
رفتيم,رفتيم
رفتگان,رفتگان
رفتگي,استقبال
رفتگي,تور
رفتگي,جريان
رفتگي,در به دري
رفتگي,رحلت
رفتگي,رحيل
رفتگي,سراغ
رفتگي,سير
رفتگي,عزيمت
رفتہ,دخمه
رفتہ,سگديد
رفتہ,شادروان
رفتہ,فاتحه
رفتہ,كتلت
رفتہ,ليره
رفتہ,مرحوم
رفتہ,مرده
رفتہ,منسوخ
رفتہ رفتہ,باتاني
رفتہ رفتہ,تكزنگ زدن
رفتہ رفتہ,حساس
رفتہ رفتہ,رفته رفته
رفتہ رفتہ,كمكم
رفتہ رفتہ,يواش يواش
رفتہ رفتہ,پوستكلفت
رفتہ رفتہ,گوارا
رفتہ رفتہ,گياخن
رفع,اخراج
رفع,ارتفاع
رفع,ازاله
رفع,استعداد
رفع,افراشتگي
رفع,تمايل
رفع,خلق
رفع,خو
رفع,خيم
رفع,درياي مرده
رفع,دماغ
رفع,رفع
رفع,طالع
رفع,طبيعت
رفع,غلو
رفع,كشف
رفع,نهاد
رفعت,رفعت
رفو,رفو
رفيق,رفيق
رقص,به ساز كسي رقصيدن
رقص,حاجي فيروز
رقص,رقص
رقص,رقصيدن
رقص,فرخسيدن
رقص,وشتن
رقص,پيست
رقص,چهارشنبهسوري
رقصد,رقصد
رقصيم,رقصيم
رقم,رقم
رقيب,اپوش
رقيب,بان
رقيب,حافظ
رقيب,حريف
رقيب,خصم
رقيب,داربي
رقيب,دشمن
رقيب,دلاك
رقيب,ديدبان
رقيب,رقيب
رقيب,شيطان بزرگ
رقيب,عدو
رقيب,قاب
رقيب,قيم
رقيب,مقابل
رقيب,ناظر
رقيب,نگهبان
رقيب,هماورد
رقيب,ولي
رقيب,ياغي
رقيب,پاسبان
رقيب,پاسدار
رقيب,پيشخدمت
رقيب,گارسون
ركاب,ركاب
ركابي,ديس
ركابي,غوري
ركابي,كشيدن
ركابي,پتنوس
ركاوٹ,اعتصاب
ركاوٹ,انسداد
ركاوٹ,بازدارنده
ركاوٹ,تاخير
ركاوٹ,توقف
ركاوٹ,تيغه
ركاوٹ,حائل
ركاوٹ,درنگ
ركاوٹ,دول دادن
ركاوٹ,ديفال
ركاوٹ,ديوار
ركاوٹ,ديوال
ركاوٹ,سهراهي
ركاوٹ,سيمسيار
ركاوٹ,سپوختن
ركاوٹ,قالب
ركاوٹ,قطع كردن
ركاوٹ,قيد
ركاوٹ,كو
ركاوٹ,كوي
ركاوٹ,لفت دادن
ركاوٹ,مانع
ركاوٹ,متوقف كردن
ركاوٹ,معطلي
ركاوٹ,ميگم
ركاوٹ,وقفه
ركاوٹ,پي
ركاوٹ,گير
ركاوٹ,گير كردن
ركت,زرشكي
ركت,قرمز
ركت,قرمزي
ركشا,امان
ركشا,ايمني
ركشا,توكل
ركشا,حمايت
ركشا,دفاع
ركشا,سلامت
ركشا,سنجاق قفلي
ركشا,ضامن
ركشا,پاد
ركشا,پدافند
ركشا بندھن,ائين
ركشا بندھن,افتتاحيه
ركشا بندھن,بسته
ركشا بندھن,تاتوره
ركشا بندھن,سالانه
ركشا بندھن,سووشون
ركشا بندھن,عادت
ركشا بندھن,عروسي
ركشا بندھن,مراسم
ركشا بندھن,مربوط
ركشا بندھن,ون
ركعت,ركعت
ركعت,نماز
ركعت,نماز خواندن
رم,رم
رمز,رمز
رمزي,زنار
رمزي,ستاره
رمزي,شماره
رمزي,عدد
رمزي,علامت
رمزي,فروهر
رمزي,كرن
رمزي,نشانه
رمزي,نماد
رمضان,افطار
رمضان,تراويح
رمضان,رمضان
رمضان,روزه
رمضان,عيد فطر
رموز,رموز
رمي,رمي
رميد,رميد
رميدم,رميدم
رميدن,رميدن
رميدند,رميدند
رميدي,رميدي
رمہ,ابابيل
رمہ,حراج
رمہ,رم
رمہ,رمه
رمہ,سياهي لشكر
رمہ,شمار
رمہ,عد
رمہ,قشون
رمہ,نهاز
رمہ,گله
رنج,رنج
رنجور,رنجور
رنجوري,رنجوري
رند,رند
رندان,رندان
رندي,رندي
رندہ,بلند شدن
رندہ,جنگنده
رندہ,رنده
رندہ,صاف
رندہ,صفحه
رندہ,صنار
رندہ,ملكوت
رندہ,هواپيماي جت
رندہ,چنار
رنڈي,جلب
رنڈي,خاص
رنڈي,روسپي
رنڈي,روسپيزاده
رنڈي,سياهه
رنڈي,شلف
رنڈي,غر
رنڈي,فاحشه
رنڈي,كسكش
رنڈي رونا,نالان
رنڈي رونا,همواره
رنگ,ارغواني
رنگ,دهنه
رنگ,ديز
رنگ,رنگ
رنگ,رنگي
رنگ,شكلاتي
رنگ,نقرهاي
رنگ,يشمي
رنگ,گون
رنگم,رنگم
رنگو,ارغواني
رنگو,دهنه
رنگو,ديز
رنگو,رنگ
رنگو,رنگي
رنگو,شكلاتي
رنگو,نقرهاي
رنگو,يشمي
رنگو,گون
رنگولي,ائين
رنگولي,اذين
رنگولي,ارايش
رنگولي,بستر
رنگولي,تزيين
رنگولي,خاتم
رنگولي,خرمن
رنگولي,زيور
رنگولي,طبقه
رنگولي,كف
رنگولي,موكت
رنگولي,نشان
رنگولي,نوار
رنگولي,همكف
رنگولي,پيست
رنگوں,ارغواني
رنگوں,دهنه
رنگوں,ديز
رنگوں,رنگ
رنگوں,رنگي
رنگوں,شكلاتي
رنگوں,نقرهاي
رنگوں,يشمي
رنگوں,گون
رنگي,رنگي
رنگيلا,خرم
رنگيلا,خوشحال
رنگيلا,دلشاد
رنگيلا,رنگارنگ
رنگيلا,شاد
رنگيلا,فعال
رنگيلا,مسرور
رنگيلا,پرانرژي
رنگين,رنگين
رنگين كمان,تيراژه
رنگين كمان,درونه
رنگين كمان,رنگينكمان
رنگين كمان,قوس و قزح
رنگين كمان,قوسقزح
رنگين كمان,قوسوقزح
رو,رو
روا,روا
رواست,رواست
رواق,رواق
روان,ابدار
روان,اردن
روان,امودريا
روان,جاري
روان,دجله
روان,روان
روان,سند
روان,سيال
روان,فرات
روان,كابل
روان,مسلط
روان,مكانيك سيالات
روان,نيل
روانئ خون,ترويج
روانئ خون,جاري بودن
روانئ خون,جريان
روانئ خون,دوران
روانئ خون,روند
روانئ خون,زر
روانئ خون,سرايت
روانئ خون,سيلان
روانئ خون,شاريدن
روانئ خون,نوار مثانه
روانئ خون,پروسه
روانئ خون,گردش
رواني,رواني
روانڈا,رواندا
روانگي,استقبال
روانگي,برپايي
روانگي,به سلامت
روانگي,ترك
روانگي,ترك ترك
روانگي,تصويب
روانگي,تور
روانگي,جريان
روانگي,در به دري
روانگي,رحلت
روانگي,رحيل
روانگي,رفع
روانگي,زمينه
روانگي,سراغ
روانگي,سير
روانگي,شب يلدا
روانگي,عبور
روانگي,عزيمت
روانگي,عفو
روانگي,فوت
روانگي,مبادرت
روانگي,متوجه
روانگي,مرور
روانگي,نافذ
روانگي,نصب
روانگي,همپالكي
روانگي,پاس
روانگي,گذر
روانہ,بارگاه
روانہ,تذكره
روانہ,رواديد
روانہ,مجدد
روانہ,مرسل
روانہ,پاسپورت
روانہ,پروانه
روانہ,گذاشتن
روانہ,گذرنامه
روايات,روايات
روايت,اسلوب
روايت,افسانه
روايت,بوذاسف
روايت,خراساني
روايت,داستاني
روايت,رسم
روايت,روايت
روايت,سمر
روايت,سنت
روايت,شعار
روايت,مردمگياه
روايت,مگر
روايت,نقلي
رواں,ابدار
رواں,اديسه
رواں,اردن
رواں,امبولانس
رواں,امودريا
رواں,بوق
رواں,تانك
رواں,جاري
رواں,دجله
رواں,رحلت
رواں,روان
رواں,روش
رواں,روي
رواں,زيارت
رواں,سفر
رواں,سفربر
رواں,سند
رواں,شناور
رواں,فرات
رواں,كابل
رواں,مسافرت
رواں,مسلط
رواں,مسير
رواں,نيل
رواں,وسيله نقليه
روبرو,روبرو
روح,جان
روح,جانان
روح,روان
روح,روح
روح,قالب
روح,نفس
روح,پرنده پر نميزد
روح افزا,احداث كردن
روح افزا,ادريس
روح افزا,افريدن
روح افزا,افريده
روح افزا,انگيختن
روح افزا,اوستاد
روح افزا,ايجاد كردن
روح افزا,به وجود اوردن
روح افزا,تيره
روح افزا,خوناب
روح افزا,داغ
روح افزا,ساختن
روح افزا,سيروپ
روح افزا,شاخ
روح افزا,شهلا
روح افزا,عجين
روح افزا,عموما
روح افزا,قاتي
روح افزا,قاطي
روح افزا,قشر
روح افزا,كدو
روح افزا,كوچ
روح افزا,مارك
روح افزا,متمركز
روح افزا,مختلط
روح افزا,مخلوط
روح افزا,معمولا
روح افزا,ميده
روح افزا,وار
روح افزا,واره
روح افزا,ين
روح افزا,پانيد
روحاني,توجه
روحاني,حالت
روحاني,روحاني
روحاني,روحي
روحاني,عرفان
روحاني,كونين
روحاني,مرشد
روحاني,معنوي
رود,جو
رود,جوغ
رود,جوي
رود,جويبار
رود,رود
رود,سيلاب
رود,شاخ
رود,ناو
رود,نهر
روداد,روداد
روز,خوراك
روز,رزق
روز,روز
روز,روزانه
روز,روزبه
روز,روزمره
روز,روزنامه
روز,روزي
روز,شاهد
روز,شبانهروز
روز,همش
روز,همواره
روز,هميشه
روز,هي
روز,پيوسته
روزانہ,خوراك
روزانہ,رزق
روزانہ,روزانه
روزانہ,روزبه
روزانہ,روزنامه
روزانہ,روزي
روزش,روزش
روزن,برين
روزن,ترك
روزن,رخنه
روزن,روزن
روزنامہ,اخبار
روزنامہ,جريده
روزنامہ,روزنامه
روزي,روزي
روزگار,روزگار
روزگاران,روزگاران
روزگارش,روزگارش
روزگاري,روزگاري
روزہ,افطار
روزہ,تراويح
روزہ,خوراك
روزہ,رزق
روزہ,رمضان
روزہ,روزانه
روزہ,روزبه
روزہ,روزنامه
روزہ,روزه
روزہ,روزي
روزہ,عيد فطر
روزہ,پرهيز
روزہ دار,روزه
روزہ دار,پرهيز
روزہ كھولنا,زنهار
روزہ كھولنا,عهد
روزہ كھولنا,مهر
روس,اتحاد شوروي
روس,روس
روس,روسيه
روس,شوروي
روس,فدراسيون روسيه
روست,روست
روسنا,اشفته
روسنا,براشفته
روسنا,به هم برامدن
روسنا,خفه شدن
روسنا,دلگير
روسنا,دژمان
روسنا,رنجيدن
روسنا,ناراحت
روسنا,پكر
روسنا,پوستكلفت
روسي,ارسي
روسي,الويه
روسي,اناتولي
روسي,ايوان
روسي,روس
روسي,روسي
روسي,فدراسيون روسيه
روسي,كلاشينكف
روسي,كپك
روسي,پوتين
روش,روش
روشن,ابدار
روشن,اشكارا
روشن,بامي
روشن,بيدار
روشن,تابان
روشن,تابش
روشن,ترنج
روشن,رخشان
روشن,روشن
روشن,روشنفكر
روشن,شيد
روشن,صريح
روشن,ظاهر
روشن,فرخ
روشن,ماهين
روشن,مجلل
روشن,مشهود
روشن,مظهر
روشن,منير
روشن,نمايان
روشن,نمودار
روشن,نوراني
روشن,هويدا
روشن,واضح
روشن,پديد
روشن,پديدار
روشن,پررونق
روشن,پيدا
روشن دان,بيدار
روشن دان,روشنفكر
روشن گر,ازل
روشن گر,ترنج
روشن گر,توجه
روشن گر,حالت
روشن گر,خلاقانه
روشن گر,دليل
روشن گر,راجستان
روشن گر,راهبرد
روشن گر,راهنما
روشن گر,رهبر
روشن گر,روحاني
روشن گر,روحي
روشن گر,عرفان
روشن گر,عصا
روشن گر,فروزنده
روشن گر,قلاووز
روشن گر,كونين
روشن گر,مجسمه
روشن گر,مخلوق
روشن گر,مرشد
روشن گر,معنوي
روشن گر,پروانه
روشن گر,پيشوا
روشن،,روشن،
روشناس,روشناس
روشنتر,روشنتر
روشندلان,روشندلان
روشني,اشراق
روشني,برق
روشني,تاب
روشني,تابش
روشني,تذهيب
روشني,روشني
روشني,فروغ
روشي,روشي
روغن,با
روغن,خورش
روغن,روغن
روغن,شهله
روغن,شوربا
روغن,صيقل
روغن,غرمج
روغن,قرمه سبزي
روغن,كبد چرب
روغن,كره
روغن,لاك
روغن,لهستاني
روغن,مسكه
روغن,واكس
روغن,پرداختن
روغن,چرب
روكڑ,اماده
روكڑ,بضاعت
روكڑ,بورس
روكڑ,تهيه كردن
روكڑ,تيار
روكڑ,جواهرات
روكڑ,جيد
روكڑ,حاضر
روكڑ,خودپرداز
روكڑ,ذخيره كردن
روكڑ,زمينه
روكڑ,سفربر
روكڑ,سكه
روكڑ,شببوي
روكڑ,صندوق
روكڑ,عابر بانك
روكڑ,عباسي
روكڑ,عرق
روكڑ,لاري
روكڑ,نقد
روكڑ,پاره
روكڑ,پختن
روكڑ,پشيز
روكڑ,پول
روكڑ,پير مغان
روكڑ,پيسه
روكڑ,گاوصندوق
روم,امپراتوري عثماني
روم,ايالت
روم,بيگلربيگي
روم,تيمار
روم,خان
روم,خردسال
روم,خلاف
روم,خلافت
روم,خنكار
روم,دمشق
روم,رم
روم,روم
روم,رومي
روم,شام
روم,عثمان
روم,عثماني
روم,قسطنطنيه
روم,قيصر
روم,قيم
روم,كلب
روم,كوكب
روم,مينور
روم,واتيكان
روم,وضو
روم,گام مينور
روما,روما
رومال,دستار
رومال,دستمال
رومال,دستمال كاغذي
رومال,كندوري
رومال,لسپردرك
رومال,پيشانداز
رومال,پيشگير
رومان,فرهاد
رومان,ليلي
رومانس,امر
رومانس,راوي
رومانس,رمان
رومانس,سووشون
رومانس,فرهاد
رومانس,قضيه
رومانس,ليلي
رومانس,ماجرا
رومانس,مطلب
رومانس,معامله
رومانس,مهم
رومانس,گرفتار
رومانيہ,روماني
رومانيہ,رومانيا
رومي,تازيك
رومي,ترك
رومي,رومي
رونا,اشك باريدن
رونا,اشك ريختن
رونا,گربسن
رونا,گريستن
رونا,گريه كردن
روندنا,سپردن
روندنا,كوفتن
رونق,ادا
رونق,اشراق
رونق,افرنگ
رونق,افسون
رونق,برق
رونق,تاب
رونق,تابش
رونق,تكيه
رونق,جادو
رونق,خوانچه
رونق,رخت
رونق,رونق
رونق,صيقل
رونق,طلسم
رونق,طمطراق
رونق,فر
رونق,فروغ
رونق,كوارك مفتون
رونق,مردمگياه
رونق,نمك
رونقي,رونقي
روي,روي
روي وار,يكشنبه
رويان,رويان
رويت,رويت
رويد,رويد
رويداد,اتفاق
رويداد,تاور
رويداد,حادثه
رويداد,دفعه
رويداد,واقعه
رويہ,ادب
رويہ,دستور
رويہ,رفتار
رويہ,روش
رويہ,روند
رويہ,رويه
رويہ,سيرت
رويہ,مسخره
رويہ,چالش
روٹھا,اشفته
روٹھا,افگار
روٹھا,براشفته
روٹھا,به هم برامدن
روٹھا,خشمگين
روٹھا,خفه شدن
روٹھا,دلگير
روٹھا,دژم
روٹھا,دژمان
روٹھا,رنجيدن
روٹھا,روش
روٹھا,زوش
روٹھا,عصباني
روٹھا,فشاري
روٹھا,قهر
روٹھا,كله كيري
روٹھا,ناراحت
روٹھا,پكر
روٹھا,پوستكلفت
روٹھنا,به هم برامدن
روپ,ادا
روپ,ارغواني
روپ,استعداد
روپ,افرنگ
روپ,اهنگسازي
روپ,بافت
روپ,برغست
روپ,بلال
روپ,بها
روپ,بهاء
روپ,تاكيد
روپ,تصوير
روپ,تك
روپ,تلفيق
روپ,تماشا
روپ,تمايل
روپ,جميل
روپ,جنبه
روپ,جهت
روپ,خاصيت
روپ,خلق
روپ,خندان
روپ,خو
روپ,خوشتيپ
روپ,خوشگل
روپ,خيم
روپ,درام
روپ,دماغ
روپ,دهنه
روپ,ديز
روپ,رسم
روپ,رعنا
روپ,رنگ
روپ,رنگي
روپ,زمينه
روپ,سازه
روپ,شكلاتي
روپ,شمايل
روپ,شگرف
روپ,صورت
روپ,طبيعت
روپ,طلعت
روپ,ظاهر
روپ,عدد صحيح
روپ,عرض
روپ,عكس
روپ,علامت
روپ,عين
روپ,فر
روپ,فرتور
روپ,قشقرق
روپ,قشنگي
روپ,كاكوتي
روپ,كما
روپ,كنار
روپ,محض
روپ,مدل
روپ,مطلق
روپ,مقبول
روپ,مليح
روپ,منظر
روپ,نر
روپ,نزاكت
روپ,نقرهاي
روپ,نقش
روپ,نمايش
روپ,نمايشي
روپ,نهاد
روپ,نوح
روپ,نوراني
روپ,نگار
روپ,هاليوود
روپ,هي
روپ,يشمي
روپ,گراز
روپ,گسسته
روپ,گون
روپ,گونه
روپوش,روپوش
روپيہ,تنگه
روپيہ,توله
روپيہ,خودپرداز
روپيہ,دريچه
روپيہ,سكه
روپيہ,سيم
روپيہ,سيمكش
روپيہ,سيمين
روپيہ,صندوق
روپيہ,عابر بانك
روپيہ,عباسي
روپيہ,لاري
روپيہ,نقد
روپيہ,نقره
روپيہ,نقرهاي
روپيہ,پاره
روپيہ,پشيز
روپيہ,پول
روپيہ,پيسه
روچك,باحال
روچك,تماشا
روچك,جالب
روچك,دلچسپ
روچك,سرزنده
روچڈيل,رم
روچڈيل,روم
روچڈيل,فلورانس
روچڈيل,قصبه
روچڈيل,منچستر
روگ,ابتلا
روگ,ازار
روگ,بلا
روگ,بلاي عشق
روگ,درد
روگ,رنج
روگ,سوگ
روگ,ضعف
روگ,عجز
روگ,كاستي
روگ,مرض
روگ,مريضي
روگ,نزاكت
ري,ري
ريا,ريا
رياست,حاكم
رياست,سلطان
رياست,شهريار
رياست,قدرت متوسط
رياست,پادشاه
رياست,پادشاهي بريتانياي كبير
رياض,تحصيل
رياض,تربيت
رياض,جده
رياض,حجاز
رياض,رزمايش
رياض,رنج
رياض,رنجه
رياض,رياض
رياض,زحمت كشيدن
رياض,زورخانه
رياض,شقرا
رياض,عربستان
رياض,عربستان سعودي
رياض,محنت
رياض,مدينه
رياض,مشقت
رياض,مكه
رياض,نجد
رياض,پرورش
رياضت,تحصيل
رياضت,تربيت
رياضت,رزمايش
رياضت,رنج
رياضت,رنجه
رياضت,زحمت كشيدن
رياضت,زورخانه
رياضت,محنت
رياضت,مشقت
رياضت,پرورش
رياضي,رياضي
رياضي,رياضيات
ريب,ريب
ريب,گمان
ريت,ائين
ريت,اسلوب
ريت,بوذاسف
ريت,خراساني
ريت,رسم
ريت,ريگ
ريت,سنت
ريت,شعار
ريت,شن
ريت,عادت
ريت,ماسه
ريت,مردمگياه
ريح,انبوييدن
ريح,بو
ريح,بو كردن
ريح,بوي
ريح,بوييدن
ريح,رايحه
ريح,شامه
ريح,شنيدن
ريح,مشام
ريحان,ريحان
ريخت,ريخت
ريختم,ريختم
ريختن,ريختن
ريختند,ريختند
ريختہ,حال
ريختہ,دستور
ريختہ,دستور زبان
ريختہ,سبك عراقي
ريختہ,لغت
ريختہ,نحو
ريختہ,واژگان
ريختہ,پنجابي
ريز,ريز
ريزد,ريزد
ريزم,ريزم
ريزي,ريزي
ريش,اسيب
ريش,اصلاح
ريش,اولسر
ريش,بلمه
ريش,جراحت
ريش,جوش
ريش,خستن
ريش,داغ
ريش,ريش
ريش,زخم
ريش,كوسه
ريش,مجروح كردن
ريش,يارا
ريش,پيچه
ريشم,ابريشم
ريشم,تكمه
ريشم,راه ابريشم
ريشم,سره
ريشم,كالا
ريشم,كمخا
ريشم,كژ
ريشم,لاد
ريشم,يپك
ريشم,پرند
ريشمي,ابريشم
ريشمي,تكمه
ريشمي,دارايي
ريشمي,راه ابريشم
ريشمي,سره
ريشمي,كالا
ريشمي,كمخا
ريشمي,كژ
ريشمي,لاد
ريشمي,يپك
ريشمي,پرند
ريشہ,بافت
ريشہ,دانه
ريشہ,دستمال كاغذي
ريشہ,سياهرگ
ريشہ,عرق
ريشہ,عصب
ريشہ,عصب واگ
ريشہ,فيبر
ريشہ,كتان
ريشہ,كلنكس
ريشہ,كلينكس
ريشہ,ليف
ريل گاڑي,ترن
ريل گاڑي,سريعالسير
ريل گاڑي,قطار
ريل گاڑي,لوكوموتيو
ريل گاڑي,ورزيدن
ريل گاڑي,پروردن
ريو,ريو
ريوڑ,ابابيل
ريوڑ,رم
ريوڑ,رمه
ريوڑ,نهاز
ريوڑ,گله
ريپھ,زبون
ريپھ,ششت
ريپھ,قبيح
ريپھ,نابكار
ريپھ,پيس
ريپھ,◌ؖ
ريڈيو,راديو
ريڈيو,راديويي
ريڈيو,مستمع
ريگ,ريگ
ريگ,شن
ريگ,ماسه
ريگ مال,سنباده
رژيم,ارزشي
رژيم,ريزشي
رژيم,رژيم
رژيم,رژيم چنج
رگ,رگ
رگويد,اقيانوسيه
رگويد,بلوچستان
رگويد,تركيببند
رگويد,تهچين
رگويد,سازه
رگويد,مناجات
رگويد,يشت
رگويد,گاه
رہائش,ايستادن
رہائش,جان سالم به در بردن
رہائش,ماندن
رہائش,مانيد
رہائش,مندن
رہائش,موندن
رہايش,اقا
رہايش,ايالات متحده امريكا
رہايش,خد
رہايش,خوانواده
رہايش,صبا
رہايش,غر
رہايش,ماركت
رہايش,چوقور
رہبر,دليل
رہبر,راهبرد
رہبر,راهنما
رہبر,رهبر
رہبر,رهبر اركستر
رہبر,عصا
رہبر,قلاووز
رہبر,مرشد
رہبر,پروانه
رہبر,پيشوا
رہسيہ,بذله
رہسيہ,جوك
رہسيہ,خنك
رہسيہ,شوخي
رہسيہ,لاغ
رہنا,اقامت داشتن
رہنا,ايستادن
رہنا,اينا
رہنا,باديه
رہنا,جان سالم به در بردن
رہنا,خونيرث
رہنا,زنده باد
رہنا,زندگي كردن
رہنا,زياد
رہنا,زيستن
رہنا,زيويدن
رہنا,شبستان
رہنا,كجا زندگي ميكنيد
رہنا,ماندن
رہنا,مانيد
رہنا,مندن
رہنا,موندن
رہنا,نشستن
رہنا,پايستن
رہنما,خلبان
رہنما,دليل
رہنما,راندن
رہنما,راهبرد
رہنما,راهنما
رہنما,رهبر
رہنما,رهبر اركستر
رہنما,عصا
رہنما,قلاووز
رہنما,مرشد
رہنما,پروانه
رہنما,پيشوا
زا,زا
زائر,زائر
زائر,سياح
زائر,مسافر
زائر,همراه
زائران,زائران
زائچہ,بخت
زائچہ,زايچه
زائچہ,طالع
زائچہ,نمودار
زائچہ,نگاره
زاد,زاد
زادان,زادان
زادن,زادن
زادي,زادي
زادگان,زادگان
زار,رو
زار,زار
زار,شيون
زار,فرياد كردن
زار,مرثيه
زار,ناله
زار,يارب
زار زار,زار زار
زاران,زاران
زارش,زارش
زاري,زاري
زاغ,زاغ
زان,زان
زانو,زانو
زاهد,زاهد
زايد,زايد
زايندہ,اهورامزدا
زايندہ,باري
زايندہ,خالق
زايندہ,دادار
زايندہ,كردگار
زايندہ,كروگر
زايندہ,ژنراتور
زبان,اباداني
زبان,اتشدان
زبان,اشتباه لپي
زبان,الاوه
زبان,الو
زبان,به نوعي
زبان,تف
زبان,تكلم
زبان,زبان
زبان,زبان مادري
زبان,زبانه
زبان,زوان
زبان,زوو
زبان,زڤان
زبان,سام
زبان,سريش
زبان,شعله
زبان,شمع
زبان,علو
زبان,فوت كردن
زبان,لبظ
زبان,لحن
زبان,لسان
زبان,لغت
زبان,لهجه
زبان,لوظ
زبان,موم
زبان,هزارگي
زبان,وار
زبان,واله دائوستا
زبان,پارسي بان
زبان,پهلوي
زبان,گر
زبان,گنگ
زبان,گويا
زبان,گويش
زبان اردوئے معلي,اردوگاه
زبان اردوئے معلي,اهورامزدا
زبان اردوئے معلي,دست
زبان اردوئے معلي,سرافراز
زبان اردوئے معلي,سمي
زبان اردوئے معلي,عالي
زبان اردوئے معلي,معظم
زبان اردوئے معلي,والا
زبانت,زبانت
زبانش,زبانش
زبانم,زبانم
زباني,زباني
زباں,اشتباه لپي
زباں,زبان
زباں,زبان مادري
زباں,زبانه
زباں,زبون
زباں,زوان
زباں,زوو
زباں,زڤان
زباں,لسان
زبر,ارشد
زبر,اعلي
زبر,برتر
زبر,تشديد
زبر,دانشجو
زبر,رند
زبر,زبر
زبر,زير
زبر,سكون
زبر,مافوق
زبر,مولا
زبر,پيشوا
زبردستي,استم
زبردستي,اشتلم
زبردستي,اوار
زبردستي,اواره
زبردستي,بطش
زبردستي,بيداد
زبردستي,بيداد كردن
زبردستي,بيدادي
زبردستي,تاكيد
زبردستي,جفا
زبردستي,داد
زبردستي,ستم
زبردستي,ظلم
زبردستي,عزر
زبور,زبور
زبون,زبون
زبوني,زبوني
زجاج,زجاج
زحمت,تكليف
زحمت,ذلت
زحمت,رنج
زحمت,زحمت
زحمت,سيج
زحمت,محنت
زحمت,مشقت
زخم,ارس
زخم,اسيب
زخم,اشك
زخم,اشك باريدن
زخم,بركندن
زخم,جراحت
زخم,جوش
زخم,خستن
زخم,دريدن
زخم,ريش
زخم,زخم
زخم,قبا كردن
زخم,كندن
زخم,مجروح كردن
زخم,يارا
زخم,پيچه
زخم,چاقو زدن
زخم,گاز اشكاور
زخم بھرنا,شفا دادن
زخم بھرنا,چكاچاك
زخم كھانا,افگار
زخم كھانا,خسته
زخم كھانا,زخمي
زخم كھانا,مجروح
زخم كھانا,مجروح شدن
زخمي,زخمي
زد,زد
زدست,زدست
زدم,زدم
زدن,زدن
زدند,زدند
زديم,زديم
زر,زر
زراعت,برز
زراعت,برزگري
زراعت,دهقاني
زراعت,زراعت
زراعت,كشاورزي
زراعت,ورز
زراعت,ورزه
زرافہ,زرافه
زرافہ,زرناپا
زرافہ,شترگاوپلنگ
زراقي,زراقي
زرتشت,اهورامزدا
زرتشت,زرتشت
زرتشت,قبله زرتشت
زرتشت,كمرا
زرتشت,گاه
زرد,زرد
زرد,سندروس
زرد,صفرا
زرد,لپه
زرد الو,اروق
زرد الو,خوباني
زرد الو,زردالو
زرد الو,قيصي
زردوزي,زردوزي
زردوزي,طراز
زرشك,زرشك
زري,زري
زرين,زرين
زشت,زشت
زشتي,زشتي
زعفران,تهچين
زعفران,زعفران
زعفراني,تهچين
زعفراني,زعفران
زعفراني,هندي
زعم,زعم
زكات,زكات
زكريا,زكريا
زكوة,زكوة
زكوۃ,انديشه نيك، گفتار نيك، كردار نيك
زكوۃ,خمس
زكوۃ,خمسه
زكوۃ,خوره
زكوۃ,خيرات
زكوۃ,زكات
زكوۃ,صدقه
زكوۃ,متولي
زكوۃ,نسك
زكوۃ,نيكوكاري
زكوۃ,هرمز
زكوۃ,پانصد
زكوۃ,پنج
زكوۃ,چارطاق
زكوۃ,گاه
زلزلو,بومهن
زلزلو,زلزله
زلزلو,زمينلرزه
زلزلو,مهندسي زلزله
زلزلوں,بومهن
زلزلوں,زلزله
زلزلوں,زمينلرزه
زلزلوں,مهندسي زلزله
زلزلہ,بومهن
زلزلہ,زلزله
زلزلہ,زمينلرزه
زلزلہ,مهندسي زلزله
زلزلے,بومهن
زلزلے,زلزله
زلزلے,زمينلرزه
زلزلے,مهندسي زلزله
زلف,جعد
زلف,زلف
زلف,طره
زلف,گيس بافته
زليخا,زليخا
زمام,زمام
زمان,زمان
زمان پارك,لاهور
زمان پارك,پارك
زمان پارك,پاركينگ
زماني,زماني
زمانہ,حال
زمانہ,خواستن
زمانہ,زمان
زمانہ,مضارع
زمرد,زمرد
زمردين,زمردين
زمزم,زمزم
زمزمي,زمزمي
زمستان,اتنا
زمستان,اطلاعرساني
زمستان,انفورماتيك
زمستان,بهداشت
زمستان,بيده
زمستان,تجر
زمستان,حكم
زمستان,حكمت
زمستان,خرد
زمستان,داروسازي
زمستان,دانايي
زمستان,دانشمندي
زمستان,رضائي
زمستان,زمستان
زمستان,شب يلدا
زمستان,شتا
زمستان,طب
زمستان,علم
زمستان,علوم سياسي
زمستان,فرزانگي
زمستان,فيزيكي
زمستان,كاپشن
زمستان,معرفت
زمستان,نشي
زمستان,هنر
زمستان,يلدا
زمستان,پوستين
زمستان,پير مغان
زمين,اراك
زمين,ارباب
زمين,ارض
زمين,بره
زمين,بوم
زمين,تبت
زمين,جريب
زمين,خاك
زمين,خونيرث
زمين,ديار
زمين,رسم كردن
زمين,رنده
زمين,رويه
زمين,زبر
زمين,زمين
زمين,سطح
زمين,سطحي
زمين,صفحه
زمين,فارسستان
زمين,فتنه
زمين,فلسطين
زمين,كشور
زمين,ملك
زمين,ميهن
زمين,هجران
زمين,وطن
زمين,پارس
زمين اور اسمان,זמאן
زمين اور اسمان,اب و هوا
زمين اور اسمان,از كجا
زمين اور اسمان,بالكل
زمين اور اسمان,بدرنگ
زمين اور اسمان,بلند شدن
زمين اور اسمان,در سايه
زمين اور اسمان,سراسر
زمين اور اسمان,كاملا
زمين اور اسمان,كلگي
زمين اور اسمان,كمپلت
زمين اور اسمان,نان خطائي
زمين اور اسمان,نان خطايي
زمين اور اسمان,نبود
زمين اور اسمان,ولش كن
زمين اور اسمان,چهاريار
زميندار,ارباب
زميندار,زميندار
زمينش,زمينش
زمينو,זמאן
زمينوں,זמאן
زميني,زميني
زمينيں,זמאן
زن,بالغ
زن,بزرگسال
زن,درس
زن,زن
زن,سوپر
زن,مرد
زن,مضراب
زن,نمايشي
زن مريد,دخترباز
زن مريد,زنباره
زن،,زن،
زنا,زنا
زنا,زناء
زنا,معشوقه
زنار,زنار
زناري,زناري
زناريان,زناريان
زنان,زنان
زنانہ,بانووار
زنانہ,حريم
زنانہ,درع
زنانہ,زنانه
زنانہ,هيز
زنجبيل,زنجبيل
زنجبيل,زنجفيل
زنجبيل,شنگوير
زنجبيل,قولنجان
زنجير,افسار
زنجير,بند
زنجير,تاتوره
زنجير,زنجير
زنجير,سلسله
زنجير,قيد
زنجير,مس
زنجير,گذرگاه
زنجيرو,افسار
زنجيرو,بند
زنجيرو,تاتوره
زنجيرو,زنجير
زنجيرو,سلسله
زنجيرو,قيد
زنجيرو,مس
زنجيرو,گذرگاه
زنجيروں,افسار
زنجيروں,بند
زنجيروں,تاتوره
زنجيروں,زنجير
زنجيروں,سلسله
زنجيروں,قيد
زنجيروں,مس
زنجيروں,گذرگاه
زنجيري,زنجيري
زنجيريں,افسار
زنجيريں,بند
زنجيريں,تاتوره
زنجيريں,زنجير
زنجيريں,سلسله
زنجيريں,قيد
زنجيريں,مس
زنجيريں,گذرگاه
زنخا,اغا
زنخا,خواجه
زنخا,هيز
زند,زند
زندان,زندان
زندانو,زندان
زندانو,زندون
زندانوں,زندان
زندانوں,زندون
زنداني,زنداني
زنديق,زنديق
زندگاني,زندگاني
زندگي,زندگي
زندگي,عمر
زندگي,مكه
زندگي،,زندگي،
زندگيست,زندگيست
زندہ,جان سالم به در بردن
زندہ,جاندار
زندہ,زنده
زندہ,زيواندن
زندہ باد,اقامت داشتن
زندہ باد,اينا
زندہ باد,زنده باد
زندہ باد,زندگي كردن
زندہ باد,زياد
زندہ باد,زيستن
زندہ باد,زيويدن
زندہ باد,كجا زندگي ميكنيد
زنم,زنم
زنند,زنند
زني,زني
زنيم,زنيم
زنگ,تم
زنگ,درا
زنگ,زبانه
زنگ,زغار
زنگ,زنگ
زنگ,زنگار
زنگ,زنگوله
زنگ,سواد
زنگ,سياهه
زنگ,سياهي
زنگ,فلفلدلمهاي
زنگ,منگ
زنگ,ناقوس
زنگ,پوسيدن
زنگ الود,زنگ زدن
زنگ الود,زنگي
زنگبار,تانزانيا
زنگبار,زنگ
زنگبار,زنگبار
زنگي,زنگ
زنگي,زنگبار
زنگي,زنگي
زنگي,سياه
زو,زو
زوال,زوال
زوج,زوج
زود,زود
زور,استرس
زور,اشتلم
زور,اعمال
زور,اژگهان
زور,باري
زور,باطل
زور,بت
زور,بطش
زور,به عنوان
زور,بهتان
زور,تاكيد
زور,تكيه
زور,تهمت
زور,جهد
زور,خدا
زور,خشونت
زور,خشونت خانگي
زور,دجال
زور,دروغ
زور,دروغ بافتن
زور,دغا
زور,دمدمه
زور,دندان مصنوعي
زور,رع
زور,ريو
زور,زور
زور,زورا
زور,زوركي
زور,سالوس
زور,شلتاق
زور,صنع
زور,صنم
زور,ظرف
زور,ظرفيت
زور,عنف
زور,غلط
زور,فرخار
زور,فرشته
زور,فريب
زور,فعاليت
زور,فغ
زور,كاذب
زور,كاست
زور,كاستي
زور,مجال
زور,مهر
زور,نبوغ
زور,وسع
زور,پيمانه
زور,چالش
زور,ژني
زور,گول
زور,◌ؖ
زوردار,توانا
زوردار,زورمند
زوردار,زوش
زوردار,سترگ
زوردار,ستنبه
زوردار,قادر
زوردار,قدرتمند
زوردار,مقتدر
زوردار,نيرومند
زوردار,چيره
زورق,زورق
زون,حاشيه
زون,حد
زون,سرحد
زون,كران
زون,مرز
زون,مرزبان
زون,مغولستان
زي,زي
زياد,زياد
زيادتي,استم
زيادتي,اشتلم
زيادتي,اوار
زيادتي,اواره
زيادتي,بطش
زيادتي,بيداد
زيادتي,بيداد كردن
زيادتي,بيدادي
زيادتي,تاكيد
زيادتي,تجاوز
زيادتي,تعرض
زيادتي,جريمه
زيادتي,جفا
زيادتي,حيله
زيادتي,خب
زيادتي,داد
زيادتي,ستم
زيادتي,ظلم
زيادتي,عصيان
زيادتي,عفو
زيادتي,فريب
زيادتي,كلاشينكف
زيادتي,كلزا
زيادتي,مانيد
زيادہ,تعارف تيكه پاره كردن
زيادہ,جقي
زيادہ,مفرط
زيادہ,گزاف
زيارت,بار
زيارت,بازديد
زيارت,حاج
زيارت,حج
زيارت,ديدار
زيارت,ديدار كردن
زيارت,ديدن كردن
زيارت,ديدني
زيارت,زيارت
زيارت,سر زدن
زيارت,عمره
زيارت,عيادت
زيارت,كربلا
زيارت,مشهدي
زيارت,ميقات
زيان,اذيت
زيان,اسيب
زيان,بيد
زيان,حروم
زيان,خسارت
زيان,خسران
زيان,خوردن
زيان,زيان
زيان,ضرر
زيان,ناموس
زيان,گزاييدن
زيان,گزند
زياني,زياني
زيب,زيب
زيبا,زيبا
زيبائي,زيبائي
زيبد,زيبد
زيتون,زيتون
زيتون,زيتون پرورده
زيتون,زيتوني
زير,زير
زيرش,زيرش
زيرك,زيرك
زيركي,زيركي
زيرہ,زيره
زيست,زيست
زيستم,زيستم
زيستن,زيستن
زين,زين
زينت,ادا
زينت,ارايه
زينت,افرنگ
زينت,بها
زينت,بهاء
زينت,رخت
زينت,زينت
زينت,طمطراق
زينت,فر
زينت,قشنگي
زينت,نزاكت
زينت,نقش و نگار
زيور,ائين
زيور,اذين
زيور,ارايه
زيور,انگشتر
زيور,جواهر
زيور,جواهرات
زيور,جواهرفروشي
زيور,جواهري
زيور,جيغه
زيور,زينت
زيور,زيور
زيور,طراز
زيور,نقش و نگار
زيور,پرديس
زيور,پيراستن
زہر,زهر
زہر,سم
زہر,شرنگ
زہري,بلوچ
زہري,بلوچستان
سؤال,سؤال
سؤر,گراز
سؤرو,گراز
سؤروں,گراز
سا,ادلي
سا,ركابي
سا,زبانه
سا,سا
سا,شبيه
سا,عدسي
سا,مانند
سا,يكسان
سائل,سائل
سائمہ,اغل
سائمہ,رم
سائمہ,غول
سائمہ,لو
سائمہ,چرا
سائمہ,گاو
سائمہ,گمارا
سائنس,اطلاعرساني
سائنس,انفورماتيك
سائنس,بهداشت
سائنس,داروسازي
سائنس,طب
سائنس,علم
سائنس,علوم سياسي
سائنس,فيزيكي
سائنس,معرفت
سائنسدان,دانشمند
سائنسي,علم
سائنسي,علمي
سائنسي,فشاري
سائي,سائي
سائيكل,دوچرخه
سائيكل,دوچرخهسوار
سائيں,اخر الاخرين
سائيں,اغا
سائيں,الله
سائيں,انا لله و انا اليه راجعون
سائيں,جناب
سائيں,خان
سائيں,خواجه
سائيں,صاحب
سابق,خواستن
سابق,را
سابق,رخصت
سابق,سابق
سابق,سخنران
سابق,شيعه
سابق,قبل
سابق,قبل از
سابق,مدرس
سابق,هشتگ
سات,ارزه
سات,سبعه
سات,شور
سات,ماهور
سات,هفت
سات,هفت اورنگ
سات,هفتسين
سات,هفتصد
ساتواں,سي
ساتواں,مرداد
ساتواں,مهر
ساتواں,ميزان
ساتواں,هفتم
ساتگين,ساتگين
ساتھ,اروميه
ساتھ,تقريب
ساتھ,رديف
ساتھ,زورا
ساتھ,سومقاييت
ساتھ,شيراز
ساتھ,قريب
ساتھ,لدن
ساتھ,نزد
ساتھ,نزديك
ساتھي,برادر
ساتھي,جفت
ساتھي,حاجي
ساتھي,حريف
ساتھي,رفيق
ساتھي,زوج
ساجن,اليجو
ساجن,جان
ساجن,جانان
ساجن,جگر
ساجن,دلبر
ساجن,صنم
ساجن,عزيز
ساجن,عزيزم
ساجن,غيور
ساجن,فاسق
ساجن,فغ
ساجن,معشوقه
ساجن,مول
ساجن,گوگولي مگولي
ساحت,ساحت
ساحر,ساحر
ساحري,ساحري
ساحل,اروميه
ساحل,اوكراين
ساحل,بار
ساحل,رشت
ساحل,ساحل
ساحل,شاطي
ساحل,صندل
ساحل,كنار
ساحلش,ساحلش
ساحلي,افريقا
ساحلي,ساحلي
ساحلي,مغرب
ساخت,تشكيل
ساخت,رسم
ساخت,ساخت
ساخت,ساختمان
ساخت,سليقه
ساخت,شهركسازي
ساخت,فشن
ساخت,مد
ساخت,مدل
ساخت,مزون
ساخت,گون
ساختم,ساختم
ساختن,ساختن
ساختند,ساختند
ساختي,ساختي
سادگي,سادگي
سادگي,سهل ممتنع
سادھارن,بازاري
سادھارن,روزمره
سادھارن,ساده
سادھارن,عادي
سادھارن,فوقالعاده
سادھارن,كممايه
سادھارن,متعارف
سادھارن,معمول
سادھارن,معمولي
سادھارن,نرمال
سادھارن,پياده
سادھوي,راهب
سادہ,اباد
سادہ,دشت
سادہ,ساده
سادہ,صحرا
سادہ,صريح
سادہ,كته
سادہ,ميدان
سادہ,هامون
سادہ,چلو
سادہ رو,جوان
سادہ رو,ريدك
سار,سار
سارا,جهانگير
سارا,درست
سارا,سارا
سارا,كليات
سارا,چادر شب
ساربان,ساربان
ساري,ساري
ساز,افزار
ساز,تجهيزات
ساز,دستي
ساز,ساز
ساز,سر و برگ
ساز,سيمكش
ساز,كباده
ساز,لوازم
ساز و سامان,افزار
ساز و سامان,تجهيزات
ساز و سامان,دستي
ساز و سامان,دنده
ساز و سامان,سر و برگ
ساز و سامان,سيمكش
ساز و سامان,كباده
ساز و سامان,لوازم
ساز و سامان,يراق
سازد,سازد
سازش,اراك
سازش,دسيسه
سازش,رسم كردن
سازش,فتنه
سازم,سازم
سازند,سازند
سازي,سازي
سازيم,سازيم
سازگار,سازگار
ساس,خشو
ساس,خيانت
ساس,خيانت كردن
ساس,زوج
ساس,قرين
ساس,مادرزن
ساس,مادرشوهر
ساس,همسر
ساساني,انوشيروان
ساساني,توراندخت
ساساني,خسروي
ساساني,خوره
ساساني,دهقان
ساساني,ساساني
ساساني,سواد
ساساني,شاهنشاهي ساساني
ساساني,پادوسپان
ساساني,پوراندخت
ساسو,خشو
ساسو,خيانت
ساسو,خيانت كردن
ساسو,زوج
ساسو,قرين
ساسو,مادرزن
ساسو,مادرشوهر
ساسو,همسر
ساسوں,خشو
ساسوں,خيانت
ساسوں,خيانت كردن
ساسوں,زوج
ساسوں,قرين
ساسوں,مادرزن
ساسوں,مادرشوهر
ساسوں,همسر
ساسيں,خشو
ساسيں,خيانت
ساسيں,خيانت كردن
ساسيں,زوج
ساسيں,قرين
ساسيں,مادرزن
ساسيں,مادرشوهر
ساسيں,همسر
ساعت,ساعت
ساعد,ساعد
ساغر,ساغر
ساغرش,ساغرش
ساقي,توجه
ساقي,حالت
ساقي,دليل
ساقي,راهبرد
ساقي,راهنما
ساقي,رهبر
ساقي,روحاني
ساقي,روحي
ساقي,ساقي
ساقي,سقا
ساقي,شيخ
ساقي,عرفان
ساقي,عصا
ساقي,قلاووز
ساقي,كونين
ساقي,مرشد
ساقي,معنوي
ساقي,پروانه
ساقي,پيشوا
ساقي گري,بدمعاش
ساقي گري,حرفه
ساقي گري,ساقي
ساقي گري,كسب
ساقي گري,ورزه
ساقي گري,پيشه
ساقيا,ساقيا
ساقيان,ساقيان
ساكشيہ,از كجا
ساكشيہ,دليل
ساكشيہ,شاهد
ساكشيہ,شهادت
ساكشيہ,شواهد
ساكشيہ,مدرك
ساكشيہ,گواه
ساكشيہ,گواهي
ساكن,ساكن
ساكنان,ساكنان
ساكنانش,ساكنانش
ساكٹ,حدقه
ساكٹ,سرپيچ
ساكٹ,پريز
ساكھ,اعتبار
ساكھ,شهادت
ساكھ,كارت اعتباري
ساكھ,مصلحت
ساكھ,نسيه
ساكھ,گواهي
سال,بارگاه
سال,تارمي
سال,تالار
سال,تلو
سال,خار
سال,دالان
سال,سال
سال,سالن
سال,سراي
سال,سرسرا
سال,شغال
سال,شغال طلايي
سال,شغال پشتسياه
سال,شغال پهلوخطدار
سال,شوك
سالار,سالار
سالانہ,سالانه
سالك,سالك
سالمات,سالمات
سالن,سبزيجات
سالن,نباتي
سالن,هيل
سالن,پلو
سالنا,توليدن
سالنا,سفتن
سالنا,سوراخ
سالنا,سيلاغ
سالنا,سپوختن
سالنا,مته
سالنا,مشق
سالنا,پرماه
سالي,سالي
سالگرہ,انداختن
سالگرہ,تولد
سالگرہ,تولدت مبارك
سالگرہ,زادروز
سالگرہ,زادن
سالگرہ,زايمان زودرس
سالگرہ,زايمان طبيعي
سالگرہ,زايمان كردن
سالگرہ,زاييدن
سالگرہ,زه
سالگرہ,سالروز
سالگرہ,سالگرد
سالگرہ,شناسنامه
سالگرہ,مولود
سالگرہ,ميلاد
سامان,افزار
سامان,الت
سامان,انباشتن
سامان,انبيق
سامان,انگ
سامان,اپارات
سامان,بار
سامان,باربند
سامان,بارگنج
سامان,بضاعت
سامان,بنه
سامان,تجهيزات
سامان,توشه
سامان,جسم گلژي
سامان,جنس
سامان,خواربار
سامان,خوراك
سامان,دارايي
سامان,دستي
سامان,دستگاه
سامان,دستگاه گلژي
سامان,رخت
سامان,زاد
سامان,زمينه
سامان,سامان
سامان,سر و برگ
سامان,سيمكش
سامان,قاچاق
سامان,قرنطينه
سامان,كالا
سامان,كانتينر
سامان,كباده
سامان,لوازم
سامان,مايه
سامان,مقررات
سامان,چمدان
سامري,سامري
سامعين,اهل مجلس
سامعين,بارگاه
سامعين,دربار
سامعين,مخاطب
سامعين,مستمع
سامنا,اپوزيسيون
سامنا,برخورد
سامنا,برخوردن
سامنا,تضاد
سامنا,تقابل
سامنا,خلاف
سامنا,در صورتي كه
سامنا,دچار
سامنا,ستيزي
سامنا,سواد
سامنا,ضد
سامنا,لقا
سامنا,مخالفت
سامنا,مقابله
سامنا,ملاقات
سامنا,مواجهه
سامنا,گير كردن
سامي,اشور
سامي,اهورامزدا
سامي,برين
سامي,سامي
سامي,سرافراز
سامي,سمي
سامي,سميع
سامي,عالي
سامي,عليه
سامي,معظم
سامي,والا
سان,سان
سانس,ان
سانس,اه
سانس,اه كشيدن
سانس,تنفس
سانس,حبس كردن
سانس,دم
سانس,رمق
سانس,رو
سانس,ناله
سانس,نفس
سانس,نفس كشيدن
سانس,نكهت
سانس لينا,بردميدن
سانس لينا,دم زدن
سانس لينا,دميدن
سانس لينا,نفس كشيدن
سانسوں,ان
سانسوں,حبس كردن
سانسوں,دم
سانسوں,رمق
سانسوں,نفس
سانسوں,نفس كشيدن
سانسوں,نكهت
سانسيں,ان
سانسيں,حبس كردن
سانسيں,دم
سانسيں,رمق
سانسيں,نفس
سانسيں,نفس كشيدن
سانسيں,نكهت
سانولا,كرشن
سانپ,شكنج
سانپ,شيطانه
سانپ,مار
سانپ,مر
سانپ,چنبره
سانڈ,ثور
سانڈ,ماتادور
سانڈ,نر
سانڈ,گاو
ساودھان,احتياط
ساودھان,امن
ساودھان,انتباه
ساودھان,ايمن
ساودھان,اژير
ساودھان,اگاه
ساودھان,اگاهيدن
ساودھان,بر حذر بودن
ساودھان,به
ساودھان,بيخبر
ساودھان,بيدار
ساودھان,بيدار شدن
ساودھان,بپا
ساودھان,تخليه
ساودھان,حذر
ساودھان,خبردار
ساودھان,دقت كردن
ساودھان,زنهار
ساودھان,صلاح
ساودھان,مامن
ساودھان,مبادا
ساودھان,متوجه
ساودھان,محتاط
ساودھان,مخلص
ساودھان,مراقب
ساودھان,مطمئن
ساودھان,ملتفت
ساودھان,مواظب
ساودھان,نگاه
ساودھان,هوشيار
ساودھان,واقف
ساودھان,وقوف
ساودھان,ويرا
ساودھان,پرهيز
ساودھان,گاوصندوق
ساون,اسفند
ساون,بارسات
ساون,خمس
ساون,سل
ساون,مرداد
ساون,پنجم
ساون,پنجم درست
سايہ,ابشتن
سايہ,استفساريه
سايہ,انعكاس
سايہ,انقضا
سايہ,انقضاء
سايہ,بازتابي
سايہ,بان
سايہ,بدحجاب
سايہ,برگشت
سايہ,تامل
سايہ,تخش
سايہ,توليدن
سايہ,تير
سايہ,جامه
سايہ,جبه
سايہ,حرز
سايہ,خدنگ
سايہ,خيال
سايہ,دولت عميق
سايہ,زنبورك
سايہ,زنهار
سايہ,ساري
سايہ,سايبان
سايہ,سايه
سايہ,سوفار
سايہ,سياهي
سايہ,ظل
سايہ,عباء
سايہ,عكس
سايہ,غور
سايہ,فراهم
سايہ,فرتور
سايہ,قطع
سايہ,قميص
سايہ,كارتنخواب
سايہ,كالا
سايہ,مامن
سايہ,ملبوس
سايہ,نازپرورده
سايہ,يك تير و دو نشان
سايہ,پناه
سايہ,پناهگاه
سايہ,پوشاندن
سايہ,پيراهن
سايہ,گورخواب
ساٹھ,شصت
ساڑي,بدحجاب
ساڑي,بيبي
ساڑي,دده
ساڑي,روبنده
ساڑي,ساري
ساڑي,سنبوسه
ساڑي,قر
ساڑي,كالا
ساڑي,كندوري
ساڑي,ملبوس
ساڑي,نظرباز
ساڑي,پوشاندن
ساڑي,پوشيه
ساڑي,پيراهن
ساڑھے,اغلب
ساڑھے,اكثر
ساڑھے,امودريا
ساڑھے,انا لله و انا اليه راجعون
ساڑھے,انديشه نيك، گفتار نيك، كردار نيك
ساڑھے,بوسني
ساڑھے,بوسنيا
ساڑھے,بيل
ساڑھے,تنگ
ساڑھے,ثلاثه
ساڑھے,ثلاثه غساله
ساڑھے,دانگ
ساڑھے,سه
ساڑھے,سه كاف
ساڑھے,سيصد
ساڑھے,شبانهروز
ساڑھے,غالبا
ساڑھے,غزل
ساڑھے,قلم كردن
ساڑھے,كردستان
ساڑھے,لرستان
ساڑھے,مرتبه
ساڑھے,مصراع
ساڑھے,نت سفيد
ساڑھے,نصف
ساڑھے,نيم
ساڑھے,نيم بوسه
ساڑھے,نيم پرده
ساڑھے,نيمه
ساڑھے,پخته
ساہتيہ,اتحاديه
ساہتيہ,اجتماع
ساہتيہ,ادب
ساہتيہ,ادب فارسي
ساہتيہ,ادبيات
ساہتيہ,ادبيات انگليسي
ساہتيہ,ادبيات فارسي
ساہتيہ,انجمن
ساہتيہ,تركيب
ساہتيہ,جامعه
ساہتيہ,جمعيت
ساہتيہ,زورخانه
ساہتيہ,سياهپوش
ساہتيہ,فارسيات
ساہتيہ,كانون
سب,سب
سب,غلغلستان
سب,هركس
سب,همه
سب,پاك
سب,گشت
سب سے,ار
سب سے,الو
سب سے,ان
سب سے,انه
سب سے,كردن
سب سے,هاي
سب سے,وار
سب سے,وند
سب سے,ين
سب سے,گان
سبب,سبب
سبحان,سبحان
سبحان اللہ,برابر
سبحان اللہ,بروز دادن
سبحان اللہ,ديگر
سبحان اللہ,سريعالسير
سبحان اللہ,سيكتير
سبحان اللہ,كه
سبحان اللہ,كون دادن
سبحان اللہ,مطرح كردن
سبحان اللہ,گزاردن
سبد,سبد
سبد,پلخته
سبز,تازه
سبز,خام
سبز,خرم
سبز,خط
سبز,خنك
سبز,سبز
سبز,صندل
سبز,غوره
سبز,ماهي را هر وقت از اب بگيري تازه است
سبز,نو
سبز,چغاله
سبز انقلاب,انقلاب
سبز انقلاب,دور
سبز انقلاب,رولوسيون
سبز انقلاب,زر
سبز انقلاب,واروني
سبز انقلاب,گردش
سبزي,بهمن
سبزي,ترشي
سبزي,تيل
سبزي,جاليز
سبزي,سبزي
سبزي,سبزيجات
سبزي,ميوهجات
سبزي,گياه
سبق,اموزه
سبق,درس
سبق,سبق
سبق,سخنراني
سبق,عبرت
سبق,مستمع
سبك,سبك
سبكتر,سبكتر
سبل,سبل
سبو,سبو
سبوست,سبوست
سبوي,سبوي
سبيل,سبيل
سبھا,جماعت
سبھا,دهيار
سبھا,ديوان
سبھا,شورا
سبھا,شوراي امنيت
سبھا,كنگاش
سبھا,مجمع
ست,ست
ست سري اكال,اباد
ست سري اكال,اداب
ست سري اكال,الو
ست سري اكال,ب.ظ
ست سري اكال,بارگاه
ست سري اكال,بدرود
ست سري اكال,به سلامت
ست سري اكال,خداحافظ
ست سري اكال,خدافظ
ست سري اكال,خيلي مخلصيم
ست سري اكال,درود
ست سري اكال,درود بر تو
ست سري اكال,ديگدان
ست سري اكال,سلام
ست سري اكال,سلام عليكم
ست سري اكال,عصر
ست سري اكال,عصر بخير
ست سري اكال,عصرانه
ست سري اكال,مثل پلو تو دوري
ست سري اكال,مرحبا
ست سري اكال,نماز ديگر
ست سري اكال,هلو
ست سري اكال,ياعلي
ست سري اكال,پسين
ستاره,ستاره
ستارو,ستارگان
ستاروں,ستارگان
ستارہ,اد
ستارہ,ان
ستارہ,اينا
ستارہ,بيا
ستارہ,تابيدن
ستارہ,تافتن
ستارہ,تنگه
ستارہ,توسن
ستارہ,توله
ستارہ,جان
ستارہ,جندره
ستارہ,خان
ستارہ,خرد كردن
ستارہ,خز
ستارہ,خف
ستارہ,دانه
ستارہ,درخشان
ستارہ,درخشيدن
ستارہ,دريچه
ستارہ,رخشيدن
ستارہ,سرابستان
ستارہ,سمند
ستارہ,سيم
ستارہ,سيمكش
ستارہ,سيمين
ستارہ,شادروان
ستارہ,شيد
ستارہ,فتراك
ستارہ,قرموت
ستارہ,قلاده
ستارہ,كراوات
ستارہ,كرند
ستارہ,لاري
ستارہ,لباس
ستارہ,متعلق
ستارہ,مرخ
ستارہ,نقره
ستارہ,نقرهاي
ستارہ,نيكتايي
ستارہ,وابسته
ستارہ,يمان
ستارہ,پاكستاني
ستارہ,پلو
ستارہ,پوده
ستارہ,پوشاك
ستارہ,چادر
ستارہ,ژاكت
ستارہ,گردن بند
ستارہ,گردنبند
ستارے,ستارگان
ستان,ستان
ستاند,ستاند
ستر,هفتاد
سترد,سترد
سترك,انتباه
سترك,اژير
سترك,بر حذر بودن
سترك,بيخبر
سترك,بيدار
سترك,بيدار شدن
سترك,بپا
سترك,حذر
سترك,خبردار
سترك,دقت كردن
سترك,زنهار
سترك,مبادا
سترك,متوجه
سترك,محتاط
سترك,مراقب
سترك,مواظب
سترك,هوشيار
ستري,او
ستري,جنس
ستري,جنسيت
سترہ,اندلس
سترہ,هفده
سترہ,هوده
سترہ,هيوده
ستم,استم
ستم,اوار
ستم,اواره
ستم,بيداد
ستم,بيداد كردن
ستم,بيدادي
ستم,جفا
ستم,ستم
ستم,ظلم
ستمبر,ايلول
ستمبر,سپتامبر
ستمبر,سپتمبر
ستمگر,ستمگر
ستوتر,ثنا
ستوتر,روضه
ستوتر,سرود
ستوتر,گاه
ستون,ال
ستون,برج
ستون,تكيهگاه
ستون,تير
ستون,ستون
ستون,ستون فقرات
ستون,شاخ
ستون,شعاع
ستون,نورد
ستون,پايه
ستي,ستي
ستيز,ستيز
ستيزد,ستيزد
ستيہ,ارادت
ستيہ,ارادتمند
ستيہ,اصل
ستيہ,اصلي
ستيہ,امين
ستيہ,تصديق
ستيہ,تصوير
ستيہ,جاني
ستيہ,حق
ستيہ,حقيقت
ستيہ,حقيقي
ستيہ,خالص
ستيہ,خالصانه
ستيہ,خيلي مخلصيم
ستيہ,درست
ستيہ,درستكار
ستيہ,دروغ مصلحت اميز به از راست فتنه انگيز
ستيہ,راد
ستيہ,راست
ستيہ,راست گفتن
ستيہ,راستي
ستيہ,راستگو
ستيہ,رخت
ستيہ,سانديسخور
ستيہ,صادق
ستيہ,صدق
ستيہ,صدق كردن
ستيہ,صميمي
ستيہ,فرارون
ستيہ,معتبر
ستيہ,معني
ستيہ,نصوح
ستيہ,واقع
ستيہ,واقعي
ستيہ,واقعيت
ستيہ,پاك دل
ستھان,اقصر
ستھان,بينالنهرين
ستھان,سايت
ستھان,شوش
ستھان,كربلا
ستھان,كعبه
سجدو,ذلت
سجدوں,ذلت
سجدہ,باب
سجدہ,در
سجدہ,ذلت
سجدہ,شعبه
سجدہ,فاتحه
سجدہ,فرگرد
سجدہ,فصل
سجدہ,محمد
سجدہ,نوح
سجدہ,يوسف
سجدہ,چپتر
سجدے,ذلت
سجود,سجود
سجودش,سجودش
سجودي,سجودي
سحاب,سحاب
سحر,اشراق
سحر,جادو
سحر,سحر
سحر,فرهست
سحر,قاليچه پرنده
سحر,كيد
سحر,ورد
سحري,افطار
سحري,تراويح
سحري,دنبلان
سحري,رمضان
سحري,روزه
سحري,سحري
سحري,سحرگاهي
سحري,عيد فطر
سحري,ميل شدن
سحري,ناهار
سحري,نهار
سحري,چاشت
سحرياں,سحر
سحريوں,سحر
سخت,سخت
سختي,سختي
سخن,سخن
سخني,سخني
سخي,اهل دل
سخي,بخشنده
سخي,تعارف كردن
سخي,جوانمرد
سخي,راد
سخي,رادمنش
سخي,لارژ
سدا,باب
سدا,جاودانه
سدا,در
سدا,سدا
سدا,شاهد
سدا,شبانهروز
سدا,شعبه
سدا,فاتحه
سدا,فرگرد
سدا,فصل
سدا,محمد
سدا,مدام
سدا,نوح
سدا,هرگز
سدا,همش
سدا,همواره
سدا,هميشه
سدا,هي
سدا,يوسف
سدا,پيوسته
سدا,چپتر
سدابہار,شاهد
سدابہار,شبانهروز
سدابہار,ميش بهار
سدابہار,همش
سدابہار,همواره
سدابہار,هميشه
سدابہار,هي
سدابہار,پيوسته
سدابہار,گلدار
سدن,ابانبار
سدن,حجره
سدن,سراي
سدن,كاخ
سدن,كوشك
سدن,ماوا
سدن,گريچه
سدھار,اباداني
سدھار,ارتقا
سدھار,اصلاح
سدھار,بهبود
سدھار,ترميم
سدھار,تصحيح
سدھار كرنا,ارايش
سدھار كرنا,اصلاح كردن
سدھار كرنا,بهبود بخشيدن
سدھار كرنا,تمرين كردن
سدھار كرنا,درست
سدھار كرنا,درست كردن
سدھار كرنا,صح
سدھار كرنا,صحيح
سدھار كرنا,پاكيزه
سدھارك,مجدد
سدھارنا,ارايش
سدھارنا,از ما بهتران
سدھارنا,اصلاح كردن
سدھارنا,به
سدھارنا,بهبود بخشيدن
سدھارنا,بهتر
سدھارنا,تمرين كردن
سدھارنا,درست
سدھارنا,درست كردن
سدھارنا,دروغ مصلحت اميز به از راست فتنه انگيز
سدھارنا,شفا دادن
سدھارنا,صح
سدھارنا,صحيح
سدھارنا,ماهي را هر وقت از اب بگيري تازه است
سدھارنا,پاكيزه
سر,ابزن
سر,ابشار
سر,ابگير
سر,اجلاس
سر,اخلاط
سر,اروميه
سر,اسبابكشي
سر,استخر
سر,استقبال
سر,اصلي
سر,افسر
سر,انتاريو
سر,انديشكده
سر,اهنگ
سر,اوازه
سر,ايزد
سر,باري
سر,باك
سر,بان
سر,برج
سر,بركه
سر,بستني
سر,تاج
سر,تارك
سر,تالاب
سر,تانك
سر,تخش
سر,تك
سر,تكيدن
سر,تو
سر,تور
سر,توليدن
سر,تير
سر,جريان
سر,جمجمه
سر,حركت
سر,حق نمك
سر,حوض
سر,حوضك
سر,خامه
سر,خدا
سر,خدنگ
سر,در به دري
سر,درياي مرده
سر,درياچه
سر,دستان
سر,دمساز
سر,راز
سر,راس
سر,رع
سر,رمز
سر,زنبورك
سر,سارنج
سر,سر
سر,سراغ
سر,سروش
سر,سنگاپور
سر,سوفار
سر,سير
سر,شاريدن
سر,شاهزاده
سر,شروع
سر,شمر
سر,شمه
سر,شهناز
سر,شيريخ
سر,طلسم
سر,فرشته
سر,فرق
سر,قله
سر,قيماق
سر,كرم
سر,كرن
سر,كريمي
سر,كلاه
سر,كنگره
سر,كول
سر,كوير
سر,لحن
سر,لواش
سر,مؤثر
سر,مسير
سر,مقام
سر,ملك
سر,مهر
سر,نغمه
سر,نمك
سر,نمكدان
سر,نوا
سر,هاليوود
سر,هامون
سر,هماهنگي
سر,وليعهد
سر,ياعلي
سر,يزدان
سر,يك تير و دو نشان
سر,پرده
سر,چرخش
سر,چكاد
سر,چيچست
سر,ژي
سر,گرزن
سرا,سرا
سرائے,بنه
سرائے,بودباش
سرائے,جايگاه
سرائے,سراي
سرائے,سرداب
سرائے,مسكن
سرائے,مقام
سرائے,مقر
سرائے,منزل
سرائے,مهمان
سرائے,مهمانخانه
سرائے,هتل
سرائے,هوتل
سرائے,پذيرش
سراب,توهم
سراب,خيال
سراب,سراب
سراب,كوير
سراب,وهم
سرابي,سرابي
سراسر,از بين بردن
سراسر,استاذ
سراسر,بالكل
سراسر,تماما
سراسر,حسابي
سراسر,سراسر
سراسر,كاملا
سراسر,كل
سراسر,كلگي
سراسر,كمپلت
سراسر,نابود كردن
سراسر,نيست و نابود
سراسر,نيك
سراسر,پوره
سراغ,سراغ
سرافيل,سرافيل
سرامد,سرامد
سراي,سراي
سرايد,سرايد
سرايم,سرايم
سراپا,سراپا
سراپايش,سراپايش
سرت,سرت
سرحد,اختلاف
سرحد,اطرافي
سرحد,امتياز
سرحد,تفاضل
سرحد,تفاوت
سرحد,تميز
سرحد,جبهه
سرحد,حاشيه
سرحد,حد
سرحد,زاويه
سرحد,سرحد
سرحد,فرق
سرحد,فرق كردن
سرحد,كران
سرحد,كنج
سرحد,مرز
سرحد,مرزبان
سرحد,مغولستان
سرحد,گوشه
سرحد,گوشه چشم
سرحد,◌ؖ
سرخ,اشتراكي
سرخ,جماهيري عربي سوسياليستي خلق بزرگ ليبي
سرخ,رفيق
سرخ,سرخ
سرخ,سوسياليست
سرخ,سوسياليستي
سرخ,كمونيست
سرخوش,سرخوش
سرخي,تيتر
سرخي,رژ لب
سرخي,سرخي
سرخي,عازم
سرخي,عزيمت
سرخي,ماتيك
سرخي,مداد لب
سرد,خزان
سرد,سرد
سرد,مهرگان
سرد,پاييز
سردي,بيده
سردي,بيماري
سردي,تجر
سردي,درد
سردي,رضائي
سردي,رنج
سردي,زمستان
سردي,سردي
سردي,شب يلدا
سردي,شتا
سردي,كاپشن
سردي,لرز
سردي,لرزه
سردي,مرض
سردي,مريضي
سردي,نشي
سردي,يلدا
سردي,پوستين
سردياں,بيده
سردياں,تجر
سردياں,رضائي
سردياں,زمستان
سردياں,شب يلدا
سردياں,شتا
سردياں,كاپشن
سردياں,نشي
سردياں,يلدا
سردياں,پوستين
سرزمين,ارض
سرزمين,بوم
سرزمين,تبت
سرزمين,خاك
سرزمين,خونيرث
سرزمين,ديار
سرزمين,زمين
سرزمين,فارسستان
سرزمين,فلسطين
سرزمين,كشور
سرزمين,ميهن
سرزمين,هجران
سرزمين,وطن
سرزمين,پارس
سرسائي,اورند
سرسائي,جلوه
سرسائي,حسن
سرسائي,خلوص
سرسائي,خوبي
سرسائي,خوره
سرسائي,راي
سرسائي,رطوبت
سرسائي,ستايش
سرسائي,سلطه
سرسائي,سيطره
سرسائي,شهرت
سرسائي,شوكت
سرسائي,صفا
سرسائي,صلاح
سرسائي,عز
سرسائي,عصمت
سرسائي,فخر
سرسائي,كامل العيار
سرسائي,مردسالاري
سرسائي,نم
سرسائي,نيكي
سرسائي,پاكي
سرسبز,سرسبز
سرسوتي,اتنا
سرسوتي,ارد
سرسوتي,الهه
سرسوتي,جو
سرسوتي,جوغ
سرسوتي,جوي
سرسوتي,جويبار
سرسوتي,شاخ
سرسوتي,شيراز
سرسوتي,ناو
سرسوتي,نهر
سرسوں,اسپندان
سرسوں,تودري
سرسوں,خردل
سرسوں,قدومه
سرش,سرش
سرشار,سرشار
سرشت,استعداد
سرشت,تمايل
سرشت,خلق
سرشت,خو
سرشت,خيم
سرشت,دماغ
سرشت,سرشت
سرشت,طبيعت
سرشت,نهاد
سرشك,سرشك
سرشٹي,باروري
سرشٹي,توليد
سرشٹي,جهان
سرشٹي,صنع
سرشٹي,عالم
سرشٹي,فراورده
سرشٹي,كائنات
سرشٹي,كيهان
سرشٹي,گيتي
سرعت,سرعت
سرف,خرج
سرفروش,اصلي
سرفروش,اماده
سرفروش,بيداد كردن
سرفروش,تصديق
سرفروش,تهيه كردن
سرفروش,تيار
سرفروش,حاضر
سرفروش,خان
سرفروش,خوناب
سرفروش,راست
سرفروش,رخت
سرفروش,سخت
سرفروش,سفربر
سرفروش,سندروس
سرفروش,صادق
سرفروش,صدق كردن
سرفروش,عقيقه
سرفروش,فدا
سرفروش,قربان
سرفروش,قرباني
سرفروش,مسكين
سرفروش,معتبر
سرفروش,وفادار
سرفروش,يار غار
سرفروش,پاينده
سرفروش,پختن
سرفروش,پرستيدن
سرفروش,چينود
سرفروش,گرفتار
سركار,اغا
سركار,جناب
سركار,خان
سركار,خواجه
سركار,سركار
سركار,صاحب
سركس,سركس
سركس,سيرك
سركش,سركش
سركشي,سركشي
سركشي,سرپيچي
سركشي,عصيان
سركشي,نافرماني
سركو,سركه
سركو,كامه
سركوں,سركه
سركوں,كامه
سركہ,سركه
سركہ,كامه
سركے,سركه
سركے,كامه
سرل,اباد
سرل,اسان
سرل,امين
سرل,خوار
سرل,خيزان
سرل,درست
سرل,درستكار
سرل,دشت
سرل,راحت
سرل,راد
سرل,راسا
سرل,راست
سرل,راستگو
سرل,ساده
سرل,سهل
سرل,سهل ممتنع
سرل,سهي
سرل,صادق
سرل,صحرا
سرل,صريح
سرل,ضلع
سرل,فرارون
سرل,كته
سرل,مستقيم
سرل,ميدان
سرل,ميسر
سرل,ناو
سرل,هامون
سرل,چلو
سرم,سرم
سرمئي,توسي
سرمئي,تيهو
سرمئي,خاكستري
سرمئي,ديز
سرمئي,فولادي
سرمئي,كبودچشم
سرما,بيده
سرما,تجر
سرما,رضائي
سرما,زمستان
سرما,شب يلدا
سرما,شتا
سرما,كاپشن
سرما,نشي
سرما,يلدا
سرما,پوستين
سرمايہ,اصل
سرمايہ,اصلي
سرمايہ,انباشتن
سرمايہ,انگ
سرمايہ,اهم
سرمايہ,اپوش
سرمايہ,بارگنج
سرمايہ,بضاعت
سرمايہ,تاكيد
سرمايہ,تراكنش
سرمايہ,جانه
سرمايہ,جنس
سرمايہ,حياتي
سرمايہ,حيوان
سرمايہ,خانمان
سرمايہ,دارايي
سرمايہ,رخت
سرمايہ,رد
سرمايہ,زمينه
سرمايہ,قاچاق
سرمايہ,قرنطينه
سرمايہ,كالا
سرمايہ,كانتينر
سرمايہ,كبير
سرمايہ,كليدي
سرمايہ,مالي
سرمايہ,مايه
سرمايہ,مسلك
سرمايہ,مصالح
سرمايہ,مهم
سرمايہ,نادار
سرمايہ,ناموس
سرمايہ,وسع
سرمايہ داري,اقتصادي
سرمايہ داري,بيگاري
سرمايہ داري,حشر
سرمايہ داري,زحمت كشيدن
سرمايہ داري,سرمايهداري
سرمايہ داري,سعي
سرمايہ داري,شاخ
سرمايہ داري,فرشگرد
سرمايہ داري,قشر
سرمايہ داري,كوشش
سرمايہ داري,ولايت فقيه
سرمايہ داري,چاو
سرمايہ داري,چگونه
سرمايہ پرستي,سرمايهداري
سرمدي,سرمدي
سرمست,سرمست
سرمستي,سرمستي
سرمہ,سرمه
سرنوشت,سرنوشت
سرنگ,تونل
سرنگ,نقب
سرنگون,سرنگون
سرو,سرو
سرود,سرود
سرودم,سرودم
سرودي,سرودي
سرور,راحتالحلقوم
سرور,سرور
سرور,شوق
سرور,صفا
سرور,طرب
سرور,كيفيت
سرور,لذت
سرور,ناز
سرور,نعيم
سرورش,سرورش
سرورق,جالي
سرورق,حجاب
سرورق,سرند
سرورق,صفحه
سرورق,پرده
سروري,سروري
سروش,ايزد
سروش,براق
سروش,به درد بخور
سروش,بهشتي
سروش,زاوش
سروش,سروش
سروش,شهود
سروش,صور
سروش,غيب
سروش,فرشته
سروش,فريادرس
سروش,قدسي
سروش,كشف
سروش,مكاشفه
سروش,ملك
سروش,ميكائيل
سروش,وحي
سروش,يزدان
سروش,پنهان
سروش,گشادي
سروكار,سروكار
سري,سري
سري لنكا,اسياي جنوبي
سري لنكا,سرنديپ
سري لنكا,سريلانكا
سري لنكا,سيلان
سري نگر,تابستان
سري نگر,سرينگر
سري نگر,مرزه
سري نگر,هامين
سرياني,سرياني
سرياني,يعقوب
سرير,افرنگ
سرير,اورند
سرير,برنشستن
سرير,تخت
سرير,تخت طاووس
سرير,جلوس
سرير,سرير
سرير,عرش
سرير,مسند
سرير,گاه
سريع,استارتاپ
سريع,بيدخ
سريع,تك
سريع,تكان
سريع,تند
سريع,تيز
سريع,دژند
سريع,زود
سريع,سريع
سريع,شيب
سريع,عجول
سريع,فرز
سريع,كروش
سريع,نوند
سريع,پالوانه
سريع,پوييدن
سريع,چابك
سريع,چالاك
سريع,چرخيدن
سريع,چست
سريع,گرديدن
سريع,گشتن
سرپ,شكنج
سرپ,شيطانه
سرپ,مار
سرپ,مر
سرپ,چنبره
سرگرم,باز
سرگرم,بازنشسته
سرگرم,داير
سرگرم,روشن
سرگرم,سبك هندي
سرگرم,سرگرم
سرگرم,فعال
سرگرم,كارگر
سرگرم,معلوم
سرگرم,پرتكاپو
سرگرم,چست
سرگرمي,تفريح
سرگرمي,تفنن
سرگرمي,تفنني
سرگرمي,جديت
سرگرمي,خوره
سرگرمي,سرگرمي
سرگرمي,غيرت
سرگرمي,همت
سرگرمي,هوس
سرہانا,بالش
سرہانا,بالين
سرہانا,مسند
سرہانہ,بالش
سرہانہ,بالين
سرہانہ,مسند
سزا,تاوان
سزا,سزا
سزا,مجازات مرگ
سزا,ياساق
سزا,پاداش
سزا,پنالتي
سزاوار,سزاوار
سزد,سزد
سسا,خرگوش
سسا,نر
سست,ارام
سست,الفته
سست,اهسته
سست,اژگهان
سست,باتاني
سست,بيكار
سست,تنبل
سست,خام
سست,سست
سست,عاطل
سست,فارغ البال
سست,كاهل
سست,كند
سست,كونگشاد
سست,لس
سست,هوايي
سست,ياوه
سست,يواش
سست,پفيوز
سست,ژاژ
سست,گياخن
سست,گپ
سستا,ارزان
سستا,مفت
سستي,ارزان
سستي,تنبلي
سستي,خرس تنبل
سستي,مفت
سسر,ابوبكر
سسر,بيده
سسر,تجر
سسر,داماد
سسر,رضائي
سسر,زمستان
سسر,شب يلدا
سسر,شتا
سسر,كاپشن
سسر,نشي
سسر,يلدا
سسر,پدرزن
سسر,پدرشوهر
سسر,پوستين
سسرال,محدود
سسروں,ابوبكر
سسروں,داماد
سسروں,پدرزن
سسروں,پدرشوهر
سسري,حرامزاده
سسري,خشو
سسري,دشنام
سسري,سركوب
سسري,ضرب و شتم
سسري,لاس
سسري,مادر كسده
سسري,مادرزن
سسري,مادرشوهر
سطح,اشكوب
سطح,بره
سطح,جريب
سطح,درجه
سطح,رنده
سطح,رويه
سطح,زبر
سطح,سطح
سطح,سطحي
سطح,صفحه
سطح,مرحله
سطح,مسطح
سطح,هامون
سطحي,بيهوده
سطحي,سرسري
سطحي,سطحي
سطحي,ظاهر
سطحي,مختصر
سطحي,ناچيز
سطحي,هوس
سطر,سطر
سطوت,سطوت
سطوتش,سطوتش
سعادت,سعادت
سعدي,سعدي
سعودي,اسياي غربي
سعودي,بلوچستان
سعودي,تازي
سعودي,جده
سعودي,حجاز
سعودي,خليج فارس
سعودي,رياض
سعودي,سند
سعودي,شقرا
سعودي,عرب
سعودي,عربستان
سعودي,عربستان سعودي
سعودي,عربي
سعودي,كراچي
سعودي,مدينه
سعودي,مكه
سعودي,نجد
سعودي عرب,جده
سعودي عرب,حجاز
سعودي عرب,رياض
سعودي عرب,شقرا
سعودي عرب,عربستان
سعودي عرب,عربستان سعودي
سعودي عرب,مدينه
سعودي عرب,مكه
سعودي عرب,نجد
سعي,سعي
سفارت,ديپلماتيك
سفارت,ديپلماسي
سفارت,سركنسولگري
سفارت,سفارت
سفارت,سفارتخانه
سفارت,كنسولگري
سفارت خانہ,سركنسولگري
سفارت خانہ,سفارت
سفارت خانہ,سفارتخانه
سفارت خانہ,كنسولگري
سفارش,توصيه
سفارش,سفارش
سفاك,سفاك
سفال,ارض
سفال,بوم
سفال,تركش
سفال,تفور
سفال,خاك
سفال,خندان
سفال,ديزي
سفال,رس
سفال,زمين
سفال,سر
سفال,سفال
سفال,سفالين
سفال,سوفار
سفال,شكاله
سفال,صدف
سفال,كاشي
سفال,كشور
سفال,كندو
سفال,كوزه
سفال,كوزهگري
سفال,لاك
سفال,ماه پاره
سفال,مهر
سفال,مهره
سفال,پوست
سفال,گل
سفال,گلدان
سفت,سفت
سفر,اديسه
سفر,توشه
سفر,رحلت
سفر,روش
سفر,روي
سفر,زيارت
سفر,سفر
سفر,سفربر
سفر,سير
سفر,شخشيدن
سفر,مسافرت
سفر,گشتوگذار
سفر ناموں,صفر
سفر نامہ,سفرنامه
سفر نامے,صفر
سفرو,اديسه
سفرو,رحلت
سفرو,روش
سفرو,روي
سفرو,زيارت
سفرو,سفر
سفرو,سفربر
سفرو,صفر
سفرو,مسافرت
سفروں,اديسه
سفروں,رحلت
سفروں,روش
سفروں,روي
سفروں,زيارت
سفروں,سفر
سفروں,سفربر
سفروں,صفر
سفروں,مسافرت
سفيد,اغا
سفيد,ايسكريم
سفيد,بيچاره
سفيد,مثلن
سفيدي,سفيدي
سفير,ايلچي
سفير,حكم
سفير,سفير
سفير,شفيع
سفير,فرستاده
سفير,ميانجي
سفير,واسط
سقف,سقف
سكا,تيره
سكا,جنگي
سكا,خان
سكا,سكا
سكا,سكاستان
سكا,سكايي
سكا,سيستان
سكا,كوچ
سكا,پرچم
سكان,سكان
سكتہ,كامه
سكتہ,ويرگول
سكر,سكر
سكنا,ترسن
سكنا,تنسن
سكنا,توانستن
سكنا,تونستن
سكنا,قابل
سكنا,قادر
سكنا,متغير
سكنا,يارستن
سكنا,پوستكلفت
سكنا,چينود
سكندر,ابدال
سكندر,اسكندر
سكندر,اوردگاه
سكندر,برخوردن
سكندر,برطانيه
سكندر,بريتانيا
سكندر,برپايي
سكندر,بيگلربيگي
سكندر,حاكم
سكندر,خان
سكندر,دارا
سكندر,در طول
سكندر,سكندر
سكندر,سكندري
سكندر,سلطان
سكندر,سگديد
سكندر,شهريار
سكندر,عمليات
سكندر,قانون گو
سكندر,قدرت متوسط
سكندر,قدمت
سكندر,قيصر
سكندر,كارزار
سكندر,كمپين
سكندر,ماتادور
سكندر,مادرمرده
سكندر,ماه
سكندر,مواجه شدن
سكندر,ناموس
سكندر,نهضت
سكندر,پادشاه
سكندر,پادشاهي بريتانياي كبير
سكندر اباد,تاليوود
سكندر اباد,حيدراباد
سكندري,سكندري
سكوت,سكوت
سكون,ارام
سكون,ارامش
سكون,ارامي
سكون,استراحت
سكون,اطمينان
سكون,سكون
سكھ,اسايش
سكھ,بخت
سكھ,بساخ
سكھ,بهافريدي
سكھ,تسكين
سكھ,خوشبختي
سكھ,خوشي
سكھ,راحت
سكھ,راحتي
سكھ,سرور
سكھ,سعادت
سكھ,سياهپوش
سكھ,شادي
سكھ,شاگرد
سكھ,فاتحه
سكھ,قزلباش
سكھ,مريد
سكھ,مه
سكھ,ناز
سكھ,نشاط
سكھ,پرست
سكھ,پستانك
سكھانا,استاد
سكھانا,اموختن
سكھانا,به خاطر سپردن
سكھانا,تفسير كردن
سكھانا,توضيح دادن
سكھانا,تيز
سكھانا,شرح دادن
سكھانا,فراگرفتن
سكھانا,فرهيختن
سكھانا,فهماندن
سكھانا,فهموندن
سكھانا,ياد دادن
سكھانا,ياد گرفتن
سكھانا,گزاردن
سكھي,محرم
سكہ,برق انداز
سكہ,تاج محل
سكہ,تاجمحل
سكہ,تاپه
سكہ,تلطيف
سكہ,تمبر
سكہ,تمر
سكہ,جهانگير
سكہ,خاتم
سكہ,خاتم جم
سكہ,خان
سكہ,سرپوش
سكہ,سكه
سكہ,عباسي
سكہ,فك
سكہ,كوبيدن
سكہ,لاري
سكہ,مدال
سكہ,مهر
سكہ,نشان
سكہ,نگين
سكہ,پاره
سكہ,پشيز
سكہ,پول
سكہ,پيسه
سكہ,گوركاني
سل,سل
سلاجقہ,سلاجقه
سلاح,ارم
سلاح,اسلحه
سلاح,اغوش
سلاح,باژ
سلاح,ببر بيان
سلاح,جانه
سلاح,جنگافزار
سلاح,جنگافزار هستهاي
سلاح,درع
سلاح,سلاح
سلاح,سلاح هستهاي
سلاح,سليح
سلاح,سنان
سلاح,فلاخن
سلاح,قوس
سلاح,نشان
سلاح,يراق
سلاد,الويه
سلاد,سالاد
سلاد,سبزي خوردن
سلاسل,سلاسل
سلاطين,سلاطين
سلام,اباد
سلام,اخر الاخرين
سلام,اداب
سلام,ارث
سلام,اكثر
سلام,التفات
سلام,الله
سلام,ان
سلام,انا لله و انا اليه راجعون
سلام,بارگاه
سلام,بدرود
سلام,تبرك
سلام,حاجي
سلام,خيلي مخلصيم
سلام,درود
سلام,درود بر تو
سلام,دعا
سلام,سلام
سلام,سلام رساندن
سلام,سلام عليكم
سلام,سلام كردن
سلام,صلي الله عليه وسلم
سلام,صنف
سلام,قيمتي
سلام,كرايه
سلام,مثل پلو تو دوري
سلام,محدود
سلام,معدود
سلام,موهبت
سلام,نبيگ
سلام,ندا
سلام,نسبت به
سلام,نيايش
سلام,هم
سلام,هندوستان
سلام,وداع
سلام,يمن
سلام,پشمام
سلام دعا,اجمالي
سلام دعا,افتادن
سلام دعا,الو
سلام دعا,بازنشسته
سلام دعا,بحث
سلام دعا,بندهشن
سلام دعا,بيخودي
سلام دعا,درود
سلام دعا,درود بر تو
سلام دعا,دفعه
سلام دعا,ديگر
سلام دعا,سلام
سلام دعا,سلام عليكم
سلام دعا,صرف
سلام دعا,كليپ
سلام دعا,مبحث
سلام دعا,مختصر
سلام دعا,مرحبا
سلام دعا,مطرح
سلام دعا,مطرح كردن
سلام دعا,مناظره
سلام دعا,هلو
سلام دعا,ژي
سلام دعا,گپ
سلام عليكم,بارگاه
سلام عليكم,خيلي مخلصيم
سلام عليكم,درود
سلام عليكم,درود بر تو
سلام عليكم,سلام
سلام عليكم,سلام عليكم
سلام عليكم,مثل پلو تو دوري
سلامت,امان
سلامت,ايمني
سلامت,بهبود
سلامت,بهداشت
سلامت,توكل
سلامت,حال
سلامت,درود
سلامت,سازمان بهداشت جهاني
سلامت,سلامت
سلامت,سلامتي
سلامت,سنجاق قفلي
سلامت,ضامن
سلامت,نوش جان
سلامت,وخيم
سلامت باشد,استوار
سلامت باشد,امن
سلامت باشد,ايستادن
سلامت باشد,ايمن
سلامت باشد,بركت دادن
سلامت باشد,به
سلامت باشد,تخليه
سلامت باشد,جان سالم به در بردن
سلامت باشد,جور
سلامت باشد,درست
سلامت باشد,درواخ
سلامت باشد,سالم
سلامت باشد,سلامت
سلامت باشد,عافيت باشه
سلامت باشد,مامن
سلامت باشد,ماندن
سلامت باشد,مانيد
سلامت باشد,مخلص
سلامت باشد,مطمئن
سلامت باشد,مندن
سلامت باشد,موندن
سلامت باشد,چاق
سلامت باشد,گاوصندوق
سلامت باشيد,استوار
سلامت باشيد,امن
سلامت باشيد,ايستادن
سلامت باشيد,ايمن
سلامت باشيد,بركت دادن
سلامت باشيد,به
سلامت باشيد,تخليه
سلامت باشيد,جان سالم به در بردن
سلامت باشيد,جور
سلامت باشيد,درست
سلامت باشيد,درواخ
سلامت باشيد,سالم
سلامت باشيد,سلامت
سلامت باشيد,عافيت باشه
سلامت باشيد,مامن
سلامت باشيد,ماندن
سلامت باشيد,مانيد
سلامت باشيد,مخلص
سلامت باشيد,مطمئن
سلامت باشيد,مندن
سلامت باشيد,موندن
سلامت باشيد,چاق
سلامت باشيد,گاوصندوق
سلامتي,بهبود
سلامتي,بهداشت
سلامتي,حال
سلامتي,خير
سلامتي,درود
سلامتي,رفاه
سلامتي,سازمان بهداشت جهاني
سلامتي,سلامت
سلامتي,سلامتي
سلامتي,صلاح
سلامتي,نوش جان
سلامتي,وخيم
سلجوق,سلجوق
سلجوق,سلجوقي
سلجوقي,سلجوق
سلجوقي,سلجوقي
سلسبيل,سلسبيل
سلسلہ,ارتباط
سلسلہ,افت
سلسلہ,افت كردن
سلسلہ,افسار
سلسلہ,امداد
سلسلہ,امر
سلسلہ,باره
سلسلہ,باريك
سلسلہ,برين
سلسلہ,بند
سلسلہ,تاتوره
سلسلہ,تبار
سلسلہ,تنگ
سلسلہ,جلد
سلسلہ,جمله
سلسلہ,حاشيه رفتن
سلسلہ,حجم
سلسلہ,دربند
سلسلہ,دشنه
سلسلہ,دنباله
سلسلہ,رابطه
سلسلہ,رشته
سلسلہ,زنجير
سلسلہ,سري
سلسلہ,سريال
سلسلہ,سرگذشت
سلسلہ,سلسله
سلسلہ,شات
سلسلہ,شماره
سلسلہ,شگرد
سلسلہ,صادر كردن
سلسلہ,فضا
سلسلہ,قاطي
سلسلہ,قريب
سلسلہ,قضيه
سلسلہ,قهر كردن
سلسلہ,قيد
سلسلہ,كمك
سلسلہ,كمكهاي
سلسلہ,كوچهپسكوچه
سلسلہ,كيزه
سلسلہ,ماجرا
سلسلہ,مجموعه
سلسلہ,مدد
سلسلہ,مراعات
سلسلہ,مس
سلسلہ,مسئله
سلسلہ,مساعدت
سلسلہ,مصحف
سلسلہ,مطلب
سلسلہ,مناسبت
سلسلہ,مهم
سلسلہ,موضوع
سلسلہ,نسبت
سلسلہ,نشانگر
سلسلہ,نمبر
سلسلہ,نوار
سلسلہ,ياري
سلسلہ,ياوري
سلسلہ,يونيكد
سلسلہ,پشت
سلسلہ,چينود
سلسلہ,گذرگاه
سلسلہ,گرفتار
سلطان,سلطان
سلطان بازار,تاليوود
سلطان بازار,حيدراباد
سلطان بازار,سلطان
سلطاني,سلطاني
سلطنت,افق
سلطنت,بنگالي
سلطنت,بوم
سلطنت,تسلط
سلطنت,حكمراني
سلطنت,حوزه
سلطنت,دولت
سلطنت,سلطنت
سلطنت,سلطه
سلطنت,شهر
سلطنت,قلمرو
سلطنت,كشور
سلطنت,ملك
سلطنت,ملكوت
سلطنت,مملكت
سلطنت,گرودمان
سلطنت,گيرودار
سلف,سلف
سلك,سلك
سلمان,سلمان
سلماني,سلماني
سلوك,ادب
سلوك,اهل انصاف
سلوك,خلق
سلوك,رفتار
سلوك,روند
سلوك,سيرت
سلوك,شيريني
سلوك,كم لطفي
سلوك,معالجه
سلوك,چالش
سلوواكيہ,اروپاي مركزي
سلوواكيہ,اسلواكي
سلوواكيہ,سلواكيا
سليم,سليم
سليمان,خاتم جم
سليمان,سليمان
سليماني,سليماني
سليمانيہ,سليمانيه
سليمي,سليمي
سلينڈر,الف
سلينڈر,جيد
سلينڈر,سروقد
سلينڈر,صنوبر
سلينڈر,لاغر
سلينڈر,نازك
سلينگ,استحكامات
سلينگ,املاي نانوشته غلط ندارد
سلينگ,انجا
سلينگ,برقرار
سلينگ,تركيببند
سلينگ,دربند
سلينگ,سبزي خوردن
سلينگ,سيالات
سلينگ,شبستان
سلينگ,قابل ندارد
سلينگ,كلاچ
سلينگ,كوريا
سلينگ,متقال
سلينگ,مثبت
سلينگ,ميش بهار
سلينگ,نبود
سلينگ,هست
سلينگ,پاييدن
سلينگ,پرنده پر نميزد
سلينگ,گنگ
سلينگ,◌ؖ
سلہٹ,سلهت
سم,سم
سما,سما
سمائ,به عنوان
سمائ,جلد
سمائ,حجم
سمائ,صنع
سمائ,ظرف
سمائ,ظرفيت
سمائ,فضا
سمائ,فعاليت
سمائ,مجال
سمائ,مصحف
سمائ,نبوغ
سمائ,وسع
سمائ,پيمانه
سمائ,ژني
سماج,اجتماع
سماج,انجمن
سماج,جامعه
سماج,جشن
سماج,جشنواره
سماج,جمعيت
سماج,سياهپوش
سماج,كانون
سماج,مجلل
سماج,مهرگان
سماج,يلدا
سماج,چهارشنبهسوري
سمادھان,استفهام انكاري
سمادھان,جواب
سمادھان,جواب دادن
سمادھان,راه حل
سمادھان,صرف نظر
سمادھان,فصل
سمادھان,مگر
سمادھان,ويديدن
سمادھان,پاسخ
سمادھان,چاره
سماس,اتحاديه
سماس,اهنگسازي
سماس,بافت
سماس,تركيب
سماس,تلفيق
سماس,زورخانه
سماس,سازه
سماع,سماع
سماعت,اصلي
سماعت,انا لله و انا اليه راجعون
سماعت,سماع
سماعت,سمع
سماعت,سمعك
سماعت,شنوا
سماعت,فرجام
سماعت,كرنا
سماعت,كمشنوا
سماعت,محاكمه
سماق,سماق
سماق,پشمام
سمان,ادريس
سمان,ادلي
سمان,رونوشت
سمان,عيني
سمان,يكسان
سمان,پچين
سماوي,اسماني
سماوي,براق
سماوي,بهشتي
سماوي,زاوش
سماوي,سر زدن
سماوي,طالع
سماوي,طلوع
سماوي,علوي
سماوي,قدسي
سماوي,مسير
سماپت,اخر شدن
سماپت,استكمال
سماپت,تمام شدن
سماپت,ختم
سماپت,خلاص شدن
سماپت,سپري
سماپت,فارغالتحصيل
سماپن,اتمام
سماپن,اخه
سماپن,اكمال
سماپن,انجام
سماپن,سر
سماپن,سرانجام
سماپن,سنگ تمام گذاشتن
سماپن,فرجام
سماپن,نتيجه
سماپن,ورزه
سماپن,پاكي
سماپن,پايان
سماچار,اتفاق
سماچار,اخبار
سماچار,اسلوب
سماچار,اطلاعات
سماچار,اطلاعرساني
سماچار,انفورماتيك
سماچار,اگاهي
سماچار,بوذاسف
سماچار,تاور
سماچار,توييت
سماچار,حادثه
سماچار,خبر
سماچار,خراساني
سماچار,دايركت
سماچار,دريافت كردن
سماچار,دفعه
سماچار,رسم
سماچار,سنت
سماچار,سوتي دادن
سماچار,سين
سماچار,سين كردن
سماچار,شعار
سماچار,كاوشگر
سماچار,كه
سماچار,مردمگياه
سماچار,مكتوب
سماچار,نظريه اطلاعات
سماچار,واقعه
سماچار,ويس
سماچار,پيام
سماچار,پيامك
سماچار,پيغام
سماچار پتر,اخبار
سماچار پتر,جريده
سماچار پتر,روزنامه
سماں,اب و هوا
سماں,متغير
سماں,ملايم
سماں,هوا
سمت,سمت
سمجھ,احاطه
سمجھ,تفاهم
سمجھ,خرد
سمجھ,درك
سمجھ,دريافت
سمجھ,عقل
سمجھ,فهم
سمجھ,معقول
سمجھ,هوش
سمجھدار,باهوش
سمجھدار,زنير
سمجھدار,صلاح
سمجھدار,ظريف
سمجھدار,متعادل
سمجھدار,محتاط
سمجھدار,معقول
سمجھدار,هوشمند
سمجھدار,هوشيار
سمجھنا,انديشكده
سمجھنا,انديشيدن
سمجھنا,حس كردن
سمجھنا,درك كردن
سمجھنا,دريافتن
سمجھنا,ديدن
سمجھنا,سهل ممتنع
سمجھنا,سگاليدن
سمجھنا,غليظ
سمجھنا,فكر كردن
سمجھنا,فهموندن
سمجھنا,فهميدن
سمجھنا,منتقل
سمجھنا,پنداشتن
سمجھوتہ,توافق
سمجھوتہ,سر و كار داشتن
سمجھوتہ,صلح
سمراج,امپراتور
سمراج,امپراطور
سمراج,جهانگير
سمراج,حاكم
سمراج,خاقان
سمراج,خان
سمراج,سلطان
سمراج,شهريار
سمراج,فغفور
سمراج,قدرت متوسط
سمراج,قيصر
سمراج,پادشاه
سمراج,پادشاهي بريتانياي كبير
سمراٹ,امپراتور
سمراٹ,امپراطور
سمراٹ,جهانگير
سمراٹ,خاقان
سمراٹ,خان
سمراٹ,فغفور
سمراٹ,قيصر
سمرتي,اسلوب
سمرتي,اصلا
سمرتي,بوذاسف
سمرتي,توران
سمرتي,خاطر
سمرتي,خاطره
سمرتي,خامه
سمرتي,خراساني
سمرتي,خردسال
سمرتي,خلاص شدن
سمرتي,رسم
سمرتي,رمز
سمرتي,سنت
سمرتي,شعار
سمرتي,فارغ
سمرتي,قانون گو
سمرتي,كد
سمرتي,كود
سمرتي,كوچ
سمرتي,لوترا
سمرتي,ماه
سمرتي,مردمگياه
سمرتي,نخستين
سمرتي,نشاني
سمرتي,ياداوري
سمرتھك,ارزشي
سمرتھك,حامي
سمرتھك,دستگير
سمرتھك,طرفدار
سمرتھك,فن
سمرتھك,مخلص
سمرتھك,معين
سمرتھك,پارتي
سمرتھك,پشتيبان
سمرقند,سمرقند
سمسم,ارده
سمسم,كنجد
سمع,انا لله و انا اليه راجعون
سمع,سامع
سمع,سماع
سمع,سمع
سمع,سمعك
سمع,سميع
سمع,شنوا
سمع,فرجام
سمع,كرنا
سمع,كمشنوا
سمع,محاكمه
سمكالين,قرين
سمكالين,معاصر
سمكھ,اقتضا كردن
سمكھ,تنگنا
سمكھ,توراندخت
سمكھ,درخور
سمكھ,دچار
سمكھ,روبرو
سمكھ,فراخور
سمكھ,قبال
سمكھ,متناسب
سمكھ,متوجه
سمكھ,مراعات
سمكھ,مقاوم
سمكھ,مقتضيات
سمكھ,مناسب
سمكھ,مواجه
سمن,سمن
سمند,سمند
سمندر,بيكران
سمندر,روم
سمندر,رژيم صهيونيستي
سمندر,سمندر
سمندر,عدد
سمندر,عظيم
سمندر,فراخ
سمندر,وسيع
سمندر,پهناور
سمندري,فيصلاباد
سموسہ,سنبوسه
سمين,لخت
سمين,نرم
سمپردائے,تيره
سمپردائے,شيعه
سمپردائے,ليره
سمپردائے,مالاكان
سمپردائے,مذهب
سمپردائے,ياعلي
سن,سن
سنا,تا به حال
سنا,سنا
سنا,شاهد
سنا,شبانهروز
سنا,كندوري
سنا,هرگز
سنا,همش
سنا,همواره
سنا,هميشه
سنا,هي
سنا,هيچ
سنا,هيچوقت
سنا,پيوسته
سنائي,سنائي
سناتن,ابدي
سناتن,جاود
سناتن,جاودان
سناتن,جاويد
سناتن,حيوان
سناتن,ماندگار
سناتن دھرم,ارتدكس
سناتن دھرم,اريا
سناتن دھرم,اصلاح
سناتن دھرم,اصلاح كردن
سناتن دھرم,بنارس
سناتن دھرم,فريور
سناتن دھرم,هندو
سنار,زرگر
سنارو,زرگر
سناروں,زرگر
سنان,سنان
سنانا,بازگو كردن
سنانا,تعريف كردن
سنانا,تكزنگ زدن
سنانا,دروغ گفتن
سنانا,راست گفتن
سنانا,روايت كردن
سنانا,ستنبه
سنانا,سنگ صبور
سنانا,شنفتن
سنانا,شنيدن
سنانا,نهيب زدن
سنانا,نيوشيدن
سنانا,پيمودن
سنانا,گفتن
سنانا,گوش دادن
سنانا,گوش كردن
سناٹا,اب سنگين
سناٹا,اثر
سناٹا,اثر گلخانهاي
سناٹا,ارام
سناٹا,ارامش
سناٹا,اصابت
سناٹا,اعتصاب
سناٹا,اعتصاب غذا
سناٹا,اهسته
سناٹا,باژ
سناٹا,بطش
سناٹا,تاثير
سناٹا,تكيدن
سناٹا,خاموش
سناٹا,خاموشي
سناٹا,خشم
سناٹا,خطور كردن
سناٹا,خفيف
سناٹا,دبل
سناٹا,دخمه
سناٹا,دنيدن
سناٹا,دوري
سناٹا,زدن
سناٹا,سكوت
سناٹا,سكون
سناٹا,سنگين
سناٹا,شلاب
سناٹا,عدم
سناٹا,عصبانيت
سناٹا,غايبانه
سناٹا,غرم
سناٹا,غضب
سناٹا,غيبت
سناٹا,فشاري
سناٹا,فقدان
سناٹا,كارگر
سناٹا,كرن
سناٹا,كوفتن
سناٹا,محض
سناٹا,مر
سناٹا,مرخصي
سناٹا,مطلق
سناٹا,مطمئن
سناٹا,نافذ
سناٹا,نبود
سناٹا,ياعلي
سناٹا,پري
سناٹا,چپ
سناٹا,چپ شدن
سناٹا,گران
سناٹا,گرنگ
سنبھالنا,ارايه
سنبھالنا,برگزار كردن
سنبھالنا,توك
سنبھالنا,حبس كردن
سنبھالنا,داشتن
سنبھالنا,دريافتن
سنبھالنا,دسته
سنبھالنا,صدق كردن
سنبھالنا,علاقه داشتن
سنبھالنا,قبضه
سنبھالنا,كلنجار رفتن
سنبھالنا,مديريت كردن
سنبھالنا,نگه داشتن
سنبھالنا,چاينك
سنبھالنا,گرفتن
سنت,اسلوب
سنت,بوذاسف
سنت,ختنه
سنت,ختنه زنان
سنت,خراساني
سنت,خرقه
سنت,خلق
سنت,خوي
سنت,رسم
سنت,سنت
سنت,شعار
سنت,عادت
سنت,مردمگياه
سنت,هنجار
سنت,ورز
سنت,پيشه
سنت ابراہيمي,دام
سنت ابراہيمي,عقيقه
سنت ابراہيمي,فدا
سنت ابراہيمي,قربان
سنت ابراہيمي,قرباني
سنتان,اولاد
سنتان,باروري
سنتان,بيگزاده
سنتان,زاده
سنتان,زه
سنتان,شاهزاده
سنتان,علوي
سنتان,عيال
سنتان,فرزند
سنتان,نسل
سنترا,بهارنارنج
سنترا,حمل
سنترا,مالته
سنترا,نارنج
سنترا,نارنجي
سنترا,نارنگ
سنترا,نارنگي
سنترا,يافا
سنترا,پرتقال
سنج,سنج
سنجان,سنجان
سنجر,سنجر
سنجيدن,سنجيدن
سنجيدہ,جدي
سنجيدہ,حساس
سنجيدہ,خوره
سنجيدہ,سنگين
سنجيدہ,قبر
سنجيدہ,لحد
سنجيدہ,گور
سنجيدہ,گورخواب
سنجيدہ,گورخوابي
سنجھا,شامگاه
سنجھا,شفق
سنجھا,گرگوميش
سندر,جميل
سندر,خوشتيپ
سندر,خوشگل
سندر,رعنا
سندر,شمشاد
سندر,شيوه
سندر,صنوبر
سندر,ظريف
سندر,مقبول
سندر,مليح
سندر,ناو
سنديش,توييت
سنديش,دايركت
سنديش,دريافت كردن
سنديش,سين
سنديش,سين كردن
سنديش,مكتوب
سنديش,ويس
سنديش,پيام
سنديش,پيامك
سنديش,پيغام
سندھ,اداره
سندھ,اذربايجان
سندھ,استراليا
سندھ,استرليا
سندھ,استريليا
سندھ,اسياي شرقي
سندھ,اكسيتانيا
سندھ,انگريز
سندھ,انگريزي
سندھ,ايالت
سندھ,بخش
سندھ,بريتانيايي
سندھ,تاسماني
سندھ,تبت
سندھ,تهران
سندھ,خراسان
سندھ,خوره
سندھ,روباه
سندھ,سند
سندھ,سنگاپور
سندھ,سيستان و بلوچستان
سندھ,شهرستان
سندھ,صحراي غربي
سندھ,فوتباليست
سندھ,كابل
سندھ,كالينينگراد
سندھ,لاهه
سندھ,لداخ
سندھ,مقدونيه
سندھ,مهران
سندھ,هلند
سندھ,هندوستان
سندھ,هندي
سندھ,گلگت-بلتستان
سنسار,انداختن
سنسار,تولد
سنسار,توهم
سنسار,جهان
سنسار,خيال
سنسار,دور
سنسار,دوران
سنسار,دوچرخهسوار
سنسار,زادن
سنسار,زايمان زودرس
سنسار,زايمان طبيعي
سنسار,زايمان كردن
سنسار,زاييدن
سنسار,زه
سنسار,شناسنامه
سنسار,عالم
سنسار,كائنات
سنسار,كيهان
سنسار,وهم
سنسار,چرخه
سنسار,گيتي
سنسان,ازخ
سنسان,تخليه
سنسان,تنها
سنسان,تهي
سنسان,خالي
سنسان,خالي كردن
سنسان,سوت و كور
سنسان,ويران
سنسان,پوده
سنسان,پوچ
سنسكار,استكمال
سنسكار,اكمال
سنسكار,اموزش
سنسكار,انديشه
سنسكار,ايده
سنسكار,تاله
سنسكار,تحصيل
سنسكار,تربيت
سنسكار,تعليم
سنسكار,تكامل
سنسكار,تهذيب
سنسكار,خلوص
سنسكار,خيال
سنسكار,دانشجو
سنسكار,سرخانه
سنسكار,صدد
سنسكار,صفا
سنسكار,طراحي كردن
سنسكار,طرح
سنسكار,عصمت
سنسكار,فرهنگ
سنسكار,كام
سنسكار,كامل العيار
سنسكار,كمال
سنسكار,كوم
سنسكار,ليسانس
سنسكار,مدل
سنسكار,معرفت
سنسكار,نقش
سنسكار,پاكي
سنسكار,پرورش
سنسكار,گشن
سننا,ستنبه
سننا,سنگ صبور
سننا,شنفتن
سننا,شنيدن
سننا,فهميدن
سننا,نيوشيدن
سننا,گوش دادن
سننا,گوش كردن
سنوائي,انا لله و انا اليه راجعون
سنوائي,سامع
سنوائي,سماع
سنوائي,سمع
سنوائي,سمعك
سنوائي,سميع
سنوائي,شنوا
سنوائي,فرجام
سنوائي,كرنا
سنوائي,كمشنوا
سنوائي,محاكمه
سني,سني
سنيوگ,الحاق
سنيوگ,تصادف
سنيوگ,وصل
سنيچر,بيبرگي
سنيچر,تازه
سنيچر,جدي
سنيچر,خاك
سنيچر,خسيس
سنيچر,خط فقر
سنيچر,زحل
سنيچر,زدودن
سنيچر,زمخت
سنيچر,سياه كاسه
سنيچر,شنبه
سنيچر,فقر
سنيچر,كثافت
سنيچر,كثيف
سنيچر,كيوان
سنيچر,نجاست
سنيچر,هندو
سنيچر,پارگين
سنيچر,پليد
سنيچر,چتل
سنيچر,چرك
سنيچر,چركين
سنيچر,گدا
سنچائي,ابخور
سنچائي,ابياري
سنچائي,ابپاش
سنچائي,جو
سنچائي,جوغ
سنچائي,جوي
سنچائي,قنات
سنچائي,ميراب
سنگ,ائتلاف
سنگ,اشنايي
سنگ,بوجي موجي
سنگ,تلاقي
سنگ,تماس
سنگ,جان
سنگ,خصوصيت
سنگ,دوستي
سنگ,سنگ
سنگ,صحابت
سنگ,قهر كردن
سنگ,مخاطب
سنگ,مهر
سنگ,ياري
سنگ بستہ,اخور
سنگ بستہ,استوار
سنگ بستہ,اصطبل
سنگ بستہ,ترك
سنگ بستہ,تيغه
سنگ بستہ,ديفال
سنگ بستہ,ديوار
سنگ بستہ,ديوال
سنگ بستہ,سنگدل
سنگ بستہ,طويله
سنگ بستہ,ظالم
سنگ بستہ,ظالمانه
سنگ بستہ,قرار
سنگ بستہ,لق
سنگ بستہ,محكم
سنگ بستہ,پايدار
سنگ بستہ,پي
سنگار,ائين
سنگار,اذين
سنگار,ارايه
سنگار,انگشتر
سنگار,بهمن
سنگار,جواهر
سنگار,جواهرات
سنگار,جواهرفروشي
سنگار,جواهري
سنگار,جيغه
سنگار,زينت
سنگار,زيور
سنگار,طراز
سنگار,نقش و نگار
سنگار,پيراستن
سنگاپور,استراليا
سنگاپور,استرليا
سنگاپور,استريليا
سنگاپور,افسر
سنگاپور,انگريز
سنگاپور,انگريزي
سنگاپور,بريتانيايي
سنگاپور,تاج
سنگاپور,تارك
سنگاپور,تاسماني
سنگاپور,جاوي
سنگاپور,جنوبگان
سنگاپور,روباه
سنگاپور,سنگاپور
سنگاپور,شاهزاده
سنگاپور,صحراي غربي
سنگاپور,فوتباليست
سنگاپور,كلاه
سنگاپور,كوالالامپور
سنگاپور,مالزي
سنگاپور,ماليزيا
سنگاپور,مستعمره
سنگاپور,موناكو
سنگاپور,هندوچين
سنگاپور,واتيكان
سنگاپور,وليعهد
سنگاپور,چكاد
سنگاپور,گرزن
سنگم,اتي
سنگم,تجمع
سنگم,تلاقي
سنگم,حائل
سنگم,قاصر
سنگم,پسين
سنگم,پيدايش
سنگم,گانژ
سنگم,گنگ
سنگي,سنگي
سنگين,سنگين
سنگھ,ارسلان
سنگھ,اسد
سنگھ,ببر
سنگھ,شرزهشير
سنگھ,شير
سنگھ,نعره
سنگھ,هزبر
سنگھ,هژبر
سنگھرش,اصطكاك
سنگھرش,اوردگاه
سنگھرش,تضاد
سنگھرش,خاش
سنگھرش,درگرفتن
سنگھرش,درگيري
سنگھرش,كارزار
سنگھرش,كشمكش
سنگھرش,متخاصم
سنگھرش,مغاير
سنگھرش,منازعه
سنہ,ارسلان
سنہ,اسد
سنہ,اه
سنہ,اه كشيدن
سنہ,ببر
سنہ,رو
سنہ,شرزهشير
سنہ,شير
سنہ,ناله
سنہ,نعره
سنہ,هزبر
سنہ,هژبر
سو,ايدون
سو,بناء علي هذا
سو,بناءعليهذا
سو,بنابراين
سو,ترك
سو,سو
سو,لاجرم
سو,لذا
سو,لهذا
سو,مصدر جعلي
سو,پس
سوئي,خياطي
سوئي,سر سوزن
سوئي,سوئي
سوئي,سوزن
سوئي,سوفار
سوئي,چرخ
سوئي,چرخ خياطي
سوا,سوا
سواد,سواد
سواد,مزه
سوادشٹ,خوشگوار
سوادشٹ,لذيذ
سوادشٹ,گوارا
سوادو,باريك
سوادو,بامزه
سوادو,بولاني
سوادو,ترد
سوادو,جمال
سوادو,حسن
سوادو,خجير
سوادو,خوشا
سوادو,خوشايند
سوادو,خوشمزه
سوادو,خوشنمك
سوادو,خوشگوار
سوادو,دقيق
سوادو,روحاني
سوادو,سبزي
سوادو,ظريف
سوادو,فري
سوادو,لذيذ
سوادو,مست
سوادو,مطبوع
سوادو,موافق
سوادو,نازك
سوادو,نمك
سوادو,گوارا
سوادي,سوادي
سوار,سوار
سوار,سواركار
سوار,فارس
سوال,سوال
سوامي,ارباب
سوامي,خدا
سوامي,خداوند
سوامي,خداي
سوامي,خصم
سوامي,خواجه
سوامي,دارنده
سوامي,صاحب
سوامي,مالك
سوانگ,ادا
سوانگ,الگو
سوانگ,تقليد
سوانگ,تكليف
سوانگ,تلبيس
سوانگ,درام
سوانگ,رل
سوانگ,عملكرد
سوانگ,كاركرد
سوانگ,نقش
سوانگ,نمايشي
سوانگ,يت
سوانگ,گماشتن
سواگت,ارادت
سواگت,خواهش ميكنم
سواگت,خوش امديد
سواگت,خير مقدم
سواگت,قدمت روي چشم
سواگت,كاري نكردم
سواگت,مرحبا
سواگت,وظيفهام بود
سوتا,ايدهال
سوتا,جقي
سوتا,خو
سوتا,خواب
سوتا,خواب ديدن
سوتا,خودنويس
سوتا,رؤيا
سوتا,سقاخانه
سوتا,شادروان
سوتا,فواره
سوتا,نوم
سوتا,گزارش
سوتن,اموسني
سوتنتر,ازاد
سوتنتر,ازادي
سوتنتر,استغنا
سوتنتر,افتادن
سوتنتر,بن
سوتنتر,مختار
سوتنتر,مستقل
سوتنتر,يله
سوتنو,اموسني
سوتنوں,اموسني
سوتنيں,اموسني
سوتيلا,اموسني
سوتيلا,تنگ
سوتيلا,دانگ
سوتيلا,رفته رفته
سوتيلا,زينه
سوتيلا,قدم
سوتيلا,قلم كردن
سوتيلا,مصراع
سوتيلا,مقدمه
سوتيلا,نت سفيد
سوتيلا,نصف
سوتيلا,نيم
سوتيلا,نيم بوسه
سوتيلا,نيم پرده
سوتيلا,نيمه
سوتيلا,پله
سوتيلا,گام
سوتے,جقي
سوجن,التهاب
سوجن,باد
سوجن,تورم
سوجن,سام
سوجن,ورم
سوجنا,اماسيدن
سوجنا,باد كردن
سوجنا,دميدن
سوجنا,سام
سوجنا,قهر
سوجنا,ورم كردن
سوخت,سوخت
سوختم,سوختم
سوختن,سوختن
سوختي,سوختي
سود,سود
سودا,استخوان
سودا,اندوه
سودا,انگ
سودا,بارگنج
سودا,بازاريابي
سودا,بضاعت
سودا,ترافيك
سودا,تردد
سودا,تكاپو
سودا,جنس
سودا,جنون
سودا,خريد
سودا,خريد كردن
سودا,خريدن
سودا,دلفگار
سودا,ديوانگي
سودا,دژم
سودا,رخت
سودا,زمينه
سودا,سودا
سودا,شب يلدا
سودا,شوريده
سودا,صفرا
سودا,قاچاق
سودا,قرنطينه
سودا,كالا
سودا,كانتينر
سودا,ماخوليا
سودا,ماليخوليا
سودا,مركبات
سودا,ميوهجات
سودا,نفس
سودا,پاليز
سودا,چراغ راهنمايي
سودا,چي بوديم، چي شديم
سودا كرنا,اصابت
سودا كرنا,اعتصاب
سودا كرنا,اعتصاب غذا
سودا كرنا,بطش
سودا كرنا,توافق
سودا كرنا,خطور كردن
سودا كرنا,زدن
سودا كرنا,سر و كار داشتن
سودا كرنا,كوفتن
سودائي,سودائي
سوداي,سوداي
سوداگر,بازرگان
سوداگر,تاجر
سوداگر,خواجگي
سوداگر,سوداگر
سوداگر,كاسب
سوداگران,سوداگران
سوداگري,سوداگري
سورج,افتاب
سورج,خورشيد
سورن كوٹ,بنگالي
سوري,سوري
سورہ,باب
سورہ,در
سورہ,شعبه
سورہ,فاتحه
سورہ,فرگرد
سورہ,فصل
سورہ,محمد
سورہ,نوح
سورہ,يوسف
سورہ,چپتر
سوز,سوز
سوزان,سوزان
سوزد,سوزد
سوزدش,سوزدش
سوزش,سوزش
سوزم,سوزم
سوزن,سوزن
سوزناك,سوزناك
سوزي,سوزي
سوست,سوست
سوستك,بختيار
سوستك,خجسته
سوستك,خوش به حال
سوستك,خوشبخت
سوستك,سعيد
سوستك,فرارون
سوستك,فرخ
سوستك,فرخنده
سوستك,چليپا
سوغات,ارمغان
سوغات,استفساريه
سوغات,تبرك
سوغات,سبك خراساني
سوغات,سوغات
سوغات,فراهم
سوغات,نازپرورده
سوغات,همپالكي
سوكھا,اجيل
سوكھا,برگه
سوكھا,تمر
سوكھا,خامه
سوكھا,خشك
سوكھا,خشكبار
سوكھا,خوباني
سوكھا,قروت
سوكھا,كشك
سوكھا,هلتاك
سوكھنا,اتلاف
سوكھنا,اشغال
سوكھنا,اغشتن
سوكھنا,برباد دادن
سوكھنا,بربادي
سوكھنا,تلف
سوكھنا,خشكيدن
سوكھنا,خيس كردن
سوكھنا,خيساندن
سوكھنا,ساك زدن
سوكھنا,سيخ خوردن
سوكھنا,كثافت
سوكھنا,كير مكيدن
سوكھنا,مكيدن
سوكھنا,هواسيدن
سوكھنا,پخسيدن
سوكھنا,پرت
سوكھنا,پسماند
سوكھنا,پژمردن
سوكھنا,گواشتن
سولہ,شانزده
سومنات,سومنات
سوموار,دوشنبه
سونا,ازخ
سونا,اسايش
سونا,باطل
سونا,بيدار
سونا,بيفرهنگ
سونا,تخليه
سونا,تهي
سونا,خالي
سونا,خالي كردن
سونا,خفته
سونا,خلاء
سونا,خو
سونا,خواب
سونا,خواب بردن
سونا,خوابيدن
سونا,راحت
سونا,راحتي
سونا,سوت و كور
سونا,غنودن
سونا,غنوده
سونا,قرار
سونا,كاو
سونا,كاواك
سونا,ناو
سونا,نغم
سونا,پوده
سونا,پوك
سونا,پوكي
سونا,پوچ
سونا,چاله
سونا,گودال
سونگھنا,انبوييدن
سونگھنا,بردميدن
سونگھنا,بلعيدن
سونگھنا,بو
سونگھنا,بو كردن
سونگھنا,بوي
سونگھنا,بوييدن
سونگھنا,دم زدن
سونگھنا,دميدن
سونگھنا,شامه
سونگھنا,شنيدن
سونگھنا,كشيدن
سونگھنا,مشام
سونگھنا,نفس كشيدن
سوويت,اتحاد شوروي
سوويت,شوروي
سوي,سوي
سويدا,سويدا
سويرا,اتفاقا
سويرا,احيانا
سويرا,از قضا
سويرا,اشراق
سويرا,برخوردن
سويرا,تصادفي
سويرا,شانس
سويرا,طلوع
سويرا,فرصت
سويرا,قضا
سويرا,مجال
سويرا,هاون
سويرا,چاشت
سويمور,اتخاذ
سويمور,انتخاب
سويمور,انتخاو
سويمور,مبارزه
سويمور,مسابقه
سويمور,گزينش
سويٹزرلينڈ,اروپاي مركزي
سويٹزرلينڈ,برن
سويٹزرلينڈ,سوئيس
سويٹزرلينڈ,لوزان
سويٹزرلينڈ,ژنو
سويٹزرلينڈ,گاليا
سويڈن,سوئد
سويڈن,سويدن
سويڈن,ناروي
سويڈن,نروژ
سوٹ كيس,جامهدان
سوٹ كيس,چمدان
سوپن,ايدهال
سوپن,خو
سوپن,خواب
سوپن,خواب ديدن
سوپن,رؤيا
سوپن,نوم
سوپن,گزارش
سوپن ديكھنا,ايدهال
سوپن ديكھنا,خو
سوپن ديكھنا,خواب
سوپن ديكھنا,خواب ديدن
سوپن ديكھنا,رؤيا
سوپن ديكھنا,نوم
سوپن ديكھنا,گزارش
سوچنا,انديشكده
سوچنا,انديشيدن
سوچنا,سنجيدن
سوچنا,سگاليدن
سوچنا,فكر كردن
سوچنا,پنداشتن
سوڈا,اب و جارو
سوڈا,ابر
سوڈا,دستنماز
سوڈا,دوغ
سوڈا,سود
سوڈا,شستشو
سوڈا,غسل
سوڈا,ماشين لباسشويي
سوڈا,نانوائي
سوڈا,وضو
سوڈا,گازر
سوڈان,اسا
سوڈان,اسوده
سوڈان,سودان
سوڈان,سودان جنوبي
سوڈان,سوده
سوگ,ابتلا
سوگ,ازار
سوگ,بلا
سوگ,بلاي عشق
سوگ,درد
سوگ,رنج
سوگ,زنجيرزني
سوگ,سووشون
سوگ,سوگ
سوگ,سوگوار
سوگ,سوگواري
سوگ,عزا
سوگ,عزادار
سوگ,عزاداري
سوگ,نوحه
سوگند,سوگند
سوگند,عهد
سوگند,قسم
سوگوار,سوگوار
سي,سي
سياح,توريست
سياح,جهانگرد
سياح,سياح
سياح,مسافر
سياح,همراه
سياحت,اديسه
سياحت,رحلت
سياحت,روش
سياحت,روي
سياحت,زيارت
سياحت,سفر
سياحت,سفربر
سياحت,مسافرت
سيار,سيار
سياست,اداره
سياست,برق انداز
سياست,تدبير
سياست,حاكميت
سياست,دادگستري
سياست,سياست
سياست,قلمرو
سياست,محفل
سياست,مديريت
سياست,مسلك
سياستدان,سياستمدار
سيب,اقصي چين
سيب,زنخ
سيب,سيب
سيب,غبغب
سيب,كخ
سيب,مازو
سيب,چانه
سيب,چك
سيخ,بابزن
سيخ,بلسك
سيخ,تف
سيخ,تف انداختن
سيخ,تف كردن
سيخ,خيو
سيخ,سيخ
سيخ,سيخ زدن
سيخ,گردنا
سيد,سيد
سيدھا,افراشتن
سيدھا,الف
سيدھا,خيزان
سيدھا,درست
سيدھا,راد
سيدھا,راسا
سيدھا,راست
سيدھا,راست كردن
سيدھا,سهي
سيدھا,سيخ
سيدھا,شق
سيدھا,صالح
سيدھا,ضلع
سيدھا,مستقيم
سيدھا,نشسن
سيدھا,واداشتن
سير,اديسه
سير,تور
سير,رحلت
سير,روش
سير,روي
سير,زيارت
سير,سفر
سير,سفربر
سير,سير
سير,مسافرت
سير سپاٹا,تور
سير سپاٹا,سير
سير سپاٹا,گشتوگذار
سيرا ليون,سيرالئون
سيراب,سيراب
سيرابي,سيرابي
سيرت,ادب
سيرت,استعداد
سيرت,بينالنهرين
سيرت,تاريخ
سيرت,تاريخچه
سيرت,ترجمه حال
سيرت,تمايل
سيرت,خلق
سيرت,خو
سيرت,خيم
سيرت,دماغ
سيرت,رفتار
سيرت,روند
سيرت,زندگينامه
سيرت,سابقه
سيرت,سيرت
سيرت,طبيعت
سيرت,نهاد
سيرت,پهلوي
سيرت,چالش
سيف,سيف
سيكھنا,اموختن
سيكھنا,به خاطر سپردن
سيكھنا,تيز
سيكھنا,فراگرفتن
سيكھنا,ياد گرفتن
سيل,سيل
سيلاب,رود
سيلاب,سيل
سيلاب,سيلاب
سيلاب,سيلان
سيلاب,طوفان
سيلاب,نوح
سيلي,سيلي
سيم,سيم
سيمائي,سيمائي
سيماب,سيماب
سيمابي,سيمابي
سيماي,سيماي
سيمايان,سيمايان
سيمين,سيمين
سينا,سينا
سيناستي,سيناستي
سيناي,سيناي
سيني,جدول
سيني,جدول تناوبي
سيني,خوان
سيني,خوانچه
سيني,سيني
سيني,شب يلدا
سيني,فهرست
سيني,كندوري
سيني,ميز
سينٹر,اروپاي مركزي
سينٹر,بلخ
سينٹر,قم
سينٹر,كالينينگراد
سينٹر,كانون
سينٹر,مابين
سينٹر,مركز
سينٹر,مركز خريد
سينٹر,مركزي
سينٹر,ميان
سينٹر,ميون
سينٹر,هاليوود
سينٹر,وسط
سينٹر,پاساژ
سينچنا,اب زدن
سينچنا,رختن
سينچنا,ريختن
سينچنا,پاشيدن
سينچنا,پشنجيدن
سينچنا,پشنگه
سينہ,بر
سينہ,جهاز
سينہ,سينه
سينہ,صدر
سينہ,صندوق
سينہ,صندوقچه
سينہ,كنار
سينہ,ممه
سينہ,پستان
سيوف,سيوف
سيٹھا,خنك
سيٹھا,لوس
سيٹھا,ژاژ
سيڑھي,رفته رفته
سيڑھي,زينه
سيڑھي,سد
سيڑھي,قدم
سيڑھي,لاتو
سيڑھي,مقدمه
سيڑھي,نردبان
سيڑھي,نيم پرده
سيڑھي,پلكان
سيڑھي,پله
سيڑھي,گام
سپارم,سپارم
سپاري,سپاري
سپارہ,بالكل
سپارہ,سي
سپارہ,كل
سپارہ,پوره
سپاس,الحمد لله
سپاس,امان
سپاس,ايمني
سپاس,تشكر
سپاس,توكل
سپاس,حراست
سپاس,حفظ
سپاس,خيلي مخلصيم
سپاس,سلامت
سپاس,سنجاق قفلي
سپاس,سپاس
سپاس,سپاسگزارم
سپاس,سپاسگزاري
سپاس,شكر
سپاس,شكرانه
سپاس,ضامن
سپاس,مرسي
سپاس,نگهداري
سپاہني,ارتشدار
سپاہني,ارتيشدار
سپاہني,سرباز
سپاہني,سپاهي
سپاہني,نفر
سپاہني,نفرات
سپاہني,چريك
سپاہي,ارتشدار
سپاہي,ارتيشدار
سپاہي,جنگنده
سپاہي,سرباز
سپاہي,سپاهي
سپاہي,مبارز
سپاہي,مجاهد
سپاہي,نفر
سپاہي,نفرات
سپاہي,هندوستاني
سپاہي,پاسبان
سپاہي,پياده
سپاہي,پيشمرگه
سپاہي,چاوش
سپاہي,چريك
سپاہي,ژاندرم
سپاہي,گرو
سپاہي,گروگان
سپتاہ,هفته
سپر,سپر
سپرد,سپرد
سپنا,ايدهال
سپنا,خو
سپنا,خواب
سپنا,خواب ديدن
سپنا,خيال
سپنا,رؤيا
سپنا,نوم
سپنا,همت
سپنا,گزارش
سپند,سپند
سپيد,سپيد
سپھل,بختاور
سپھل,برخوردار
سپھل,سودمند
سپھل,فيروز
سپھل,كامران
سپھل,كامياب
سپھل,موفق
سپھل,نافع
سپھل,پررونق
سچ,حق
سچ,حقيقت
سچ,دروغ مصلحت اميز به از راست فتنه انگيز
سچ,راست
سچ,راست گفتن
سچ,راستي
سچ,صدق
سچا,اصل
سچا,اصلي
سچا,امين
سچا,تصديق
سچا,حقيقي
سچا,درست
سچا,درستكار
سچا,راد
سچا,راست
سچا,راست گفتن
سچا,راستگو
سچا,رخت
سچا,سانديسخور
سچا,صادق
سچا,صدق كردن
سچا,فرارون
سچا,معتبر
سچا,نصوح
سچا,واقعي
سچا,وفادار
سچا,يار غار
سچا,پاينده
سچائي,تصوير
سچائي,حق
سچائي,حقيقت
سچائي,دروغ مصلحت اميز به از راست فتنه انگيز
سچائي,دقت
سچائي,راست
سچائي,راست گفتن
سچائي,راستي
سچائي,صدق
سچائي,معني
سچائي,واقع
سچائي,واقعيت
سڑا,ازخ
سڑا,اور
سڑا,خراب
سڑا,فاسد
سڑا,پوده
سڑا,پوسيده
سڑا,گندلاش
سڑا,گنده
سگ,حرامزاده
سگ,سگ
سگ,لاس
سگ,مادر كسده
سگريٹ,سيگار
سگريٹ,سيگارت
سگريٹ,سيگاري
سگريٹ نوشي,وافور
سہارا,امداد
سہارا,بستگي
سہارا,تعلق
سہارا,حمايت
سہارا,كمك
سہارا,كمكهاي
سہارا,مدد
سہارا,مراعات
سہارا,مساعدت
سہارا,وابستگي
سہارا,ياري
سہارا,ياوري
سہارا,پشتيباني
سہايك,دستيار
سہايك,دستگير
سہايك,ساپورت
سہايك,كارساز
سہايك,معين
سہايك,يار
سہاگ,بخت
سہاگ,حلقه ازدواج
سہاگ,خوشبختي
سہاگ,خوشي
سہاگ,دلبستگي
سہاگ,رخم
سہاگ,زفاف
سہاگ,زوجين
سہاگ,سرور
سہاگ,سعادت
سہاگ,سينگل
سہاگ,شادي
سہاگ,شوق
سہاگ,طوي
سہاگ,عاطفه
سہاگ,عروسي
سہاگ,علاقه
سہاگ,علاقه داشتن
سہاگ,كانم
سہاگ,متاهل
سہاگ,محبت
سہاگ,محرم
سہاگ,ملاطفت
سہاگ,مه
سہاگ,مهر
سہاگ,نشاط
سہج,اسان
سہج,تكان
سہج,تلميح
سہج,خلقت
سہج,خوار
سہج,خودجوش
سہج,دچار
سہج,ذاتي
سہج,راحت
سہج,ساده
سہج,سهل
سہج,سهل ممتنع
سہج,شغال باران
سہج,فطرت
سہج,متغير
سہج,ميسر
سہج,ناو
سہس,بيور
سہس,تومان
سہس,شهرزاد
سہس,شهريار
سہس,لك
سہس,هزار
سہل,اسان
سہل,خوار
سہل,راحت
سہل,ساده
سہل,سهل
سہل,سهل ممتنع
سہل,ميسر
سہل,ناو
سہلانا,تعارف كردن
سہلانا,تك
سہلانا,خارش
سہلانا,خنجولك
سہلانا,ضرب
سہلانا,ضربه
سہلانا,قلقلك
سہلانا,قلقلك دادن
سہلانا,نواختن
سہمانا,ترساندن
سہمت,اتفاق
سہمت,رضا مند
سہمت,موافق
سہمناك,ترسيدن
سہمناك,هراسان
سہن,برداشت
سہن,تحمل
سہن,حلم
سہن,حوصله
سہن,شكيب
سہن,شكيبائي
سہن,صبر
سہن,طاقت
سہن,ظرف
سہن,ژكفري
سہن شيل,برداشت
سہن شيل,حوصله
سہن شيل,شكيب
سہن شيل,شكيبائي
سہن شيل,صبر
سہن شيل,ظرف
سہن شيل,ژكفري
سہولت,اساني
سہولت,راحت
سہولت,راحتي
سہولت,سادگي
سہولت,فارغ البال
سہولت,وسعت
سہيلي,محرم
سہيلياں,ساحل
سہيليو,ساحل
سہيليوں,ساحل
سے,اخراج
سے,اداره
سے,ادامه دادن
سے,ازاله
سے,استقبال
سے,انه
سے,اژانس
سے,اژانس بينالمللي انرژي اتمي
سے,بضاعت
سے,به
سے,به سلامت
سے,ترتيب
سے,تفاهم
سے,تور
سے,جريان
سے,حق نمك
سے,خبرگزاري
سے,داشتن
سے,در به دري
سے,دل كسي را زدن
سے,را
سے,رفع
سے,رويه
سے,سر و برگ
سے,سراغ
سے,سيا
سے,سير
سے,صورت
سے,طرز
سے,طريق
سے,كشف
سے,مشغول
سے,معامله
سے,ناو
سے,نيابه
سے,ها
سے,وا
سے,وار
سے,وكالت
سے,گذر
سے,گذرگاه
شائستہ,متمدن
شاخ,شاخ
شاخسار,شاخسار
شاخساران,شاخساران
شاخي,شاخي
شاد,دلشاد
شاد,شاد
شاد,شاد باد
شاد,شاداب
شاد,شادمان
شاد,شاذ
شاد,مسرور
شاد,مژده
شاد باد,خرسند
شاد باد,خنك
شاد باد,خوشوقت
شاد باد,خوشوقتم
شاد باد,سرخ رو
شاد باد,شاد باد
شاد باد,فيريدن
شاد باش,بهبود
شاد باش,بهداشت
شاد باش,حال
شاد باش,درود
شاد باش,سازمان بهداشت جهاني
شاد باش,سلامت
شاد باش,سلامتي
شاد باش,شاهد
شاد باش,شبانهروز
شاد باش,نوش جان
شاد باش,همش
شاد باش,همواره
شاد باش,هميشه
شاد باش,هي
شاد باش,وخيم
شاد باش,پيوسته
شاداب,ابدار
شاداب,تازه
شاداب,تر
شاداب,خام
شاداب,خرم
شاداب,خط
شاداب,خنك
شاداب,خوردي
شاداب,شاداب
شاداب,شرجي
شاداب,صندل
شاداب,ماهي را هر وقت از اب بگيري تازه است
شاداب,مرطوب
شاداب,نو
شادابي,شادابي
شادي,حلقه ازدواج
شادي,زفاف
شادي,شادي
شادي,طوي
شادي,عروسي
شارجہ,ابوظبي
شارجہ,امارات
شارجہ,امارات متحده عربي
شارجہ,امارت
شارجہ,امارت اسلامي افغانستان
شارجہ,دبي
شارجہ,عربستان
شارح,شارح
شارع,اوباش
شارع,باز
شارع,بنبست
شارع,تخته
شارع,خرگاه
شارع,خيابان
شارع,زقاق
شارع,شامورتي
شارع,شاهراه
شارع,عريض
شارع,فراخ
شارع,قانونگذار
شارع,كو
شارع,كوي
شارع,محاربه
شارع,نزاع
شارع,واز
شارع,وب
شارع,وسيع
شارع,پهن
شارع,گشاد
شارك,كوسه
شارك,كوسه بزرگ سفيد
شاستر,اطلاعرساني
شاستر,انفورماتيك
شاستر,بهداشت
شاستر,داروسازي
شاستر,رمز
شاستر,طب
شاستر,علم
شاستر,علوم سياسي
شاستر,فيزيكي
شاستر,كد
شاستر,كود
شاستر,لوترا
شاستر,معرفت
شاسك,حاكم
شاسك,خامه
شاسك,سلطان
شاسك,شهريار
شاسك,فتوا
شاسك,فرمانروا
شاسك,قدرت متوسط
شاسك,قرار
شاسك,كشورداري
شاسك,مسلط
شاسك,پادشاه
شاسك,پادشاهي بريتانياي كبير
شاسن كال,طول
شاسن كال,كوتاه
شاسن كال,متمادي
شاسن كال,مدت
شاطر,ارغه
شاطر,ترفند
شاطر,دستان
شاطر,روباه
شاطر,زبل
شاطر,زرنگ
شاطر,زيرك
شاطر,شاطر
شاطر,ظريف
شاطر,عياري
شاطر,موذي
شاطر,هوشيار
شاطر,چالاك
شاعر,شاعر
شاعران,شاعران
شاعري,شاعري
شاعرہ,شاعره
شافعي,شافعي
شال,دواج
شال,شال
شال,چادر
شام,اتحاد شوروي
شام,اردن
شام,اسياي جنوبي
شام,اسياي غربي
شام,اكسيتانيا
شام,امان
شام,امريكاي مركزي
شام,انسانشناسي فرهنگي
شام,انطلياس
شام,اورشليم
شام,بعلبك
شام,بيتالمقدس
شام,بيروت
شام,تركمن
شام,جبيل
شام,جمهوري دموكراتيك كنگو
شام,درياي مرده
شام,شام
شام,شبهجزيره كره
شام,شوروي
شام,صور
شام,طرابلس
شام,طرطوس
شام,عربستان
شام,عمان
شام,غزه
شام,فرهنگي
شام,فلسطين
شام,قبرس
شام,قبرس شمالي
شام,قرارداد
شام,كرت
شام,كردستان
شام,كوريا
شام,لبنان
شام,ليره
شام,مالت
شام,نسبيگرايي فرهنگي
شام,نيل
شام,چي بوديم، چي شديم
شام,گروه
شامش,شامش
شامل,استفساريه
شامل,المان
شامل,به شمار امدن
شامل,جرمني
شامل,سينگل
شامل,گرفتار
شامم,شامم
شامي,شامي
شان,ابهت
شان,اروند
شان,اورند
شان,جلوه
شان,خوره
شان,راي
شان,ستايش
شان,سركوب
شان,شان
شان,شهرت
شان,شوكت
شان,عز
شان,فخر
شان,كندو
شان,وقار
شانتي,ارام
شانتي,ارامش
شانتي,ارامي
شانتي,استراحت
شانتي,اطمينان
شانتي,سكون
شاندار,عزيز
شاندار,عظيم
شاندار,فاخر
شاندار,ورجاوند
شانو,باژ
شانو,حمايل
شانو,دوش
شانو,ركابي
شانو,شاخ
شانو,شانه
شانو,كتف
شانو,كول
شانوں,باژ
شانوں,حمايل
شانوں,دوش
شانوں,ركابي
شانوں,شاخ
شانوں,شانه
شانوں,كتف
شانوں,كول
شاني,شاني
شانہ,باژ
شانہ,تيخ
شانہ,تيغ
شانہ,تيغه
شانہ,حمايل
شانہ,دم
شانہ,دوش
شانہ,ركابي
شانہ,شاخ
شانہ,شانه
شانہ,كتف
شانہ,كول
شانے,باژ
شانے,حمايل
شانے,دوش
شانے,ركابي
شانے,شاخ
شانے,شانه
شانے,كتف
شانے,كول
شاه,شاه
شاور,ابتني
شاور,حمام
شاور,خيار چنبر
شاور,دوش
شاور,دوش گرفتن
شاور,رگبار
شاور,شاور
شاور,شاور گرفتن
شاور,صلي الله عليه وسلم
شاور,غسل كردن
شاور,لنگ
شاور,مايو
شايان,شايان
شايد,استينه
شايد,شاد باد
شايد,شايد
شايد,مگر
شايد,گاس
شايد,گويا
شاپر,خريد
شاپر,مركز خريد
شاپر,پاساژ
شاگرد,تم
شاگرد,تيله
شاگرد,حدقه
شاگرد,خواننده
شاگرد,دانشاموز
شاگرد,دانشجو
شاگرد,دستيار
شاگرد,دستگير
شاگرد,شاگرد
شاگرد,طالب
شاگرد,كارخانگي
شاگرد,كاك
شاگرد,مردم
شاگرد,مردمك
شاگرد,مريد
شاگرد,معين
شاگرد,ميلاو
شاگرد,نوچه
شاگرد,يار
شاہ,شاه
شاہ,چهارباغ
شاہ توت,توت
شاہ توت,خرتوت
شاہ توت,شاهتوت
شاہ رخ,شاه
شاہ رخ,چهارباغ
شاہ رگ,سياهرگ
شاہ رگ,عرق
شاہ قلي,تيمور
شاہ قلي,جغتايي
شاہ قلي,مغولستان
شاہ نامہ,اديسه
شاہ نامہ,افراسياب
شاہ نامہ,المان
شاہ نامہ,ايلغار
شاہ نامہ,بن
شاہ نامہ,تا
شاہ نامہ,تا وقتي كه
شاہ نامہ,تهاجم
شاہ نامہ,جرمني
شاہ نامہ,حماسه
شاہ نامہ,حماسهسرا
شاہ نامہ,حماسي
شاہ نامہ,داستاني
شاہ نامہ,سبك خراساني
شاہ نامہ,سوازيلند
شاہ نامہ,شاهنامه
شاہ نامہ,طهمورث
شاہ نامہ,عده
شاہ نامہ,عنقا
شاہ نامہ,فردوسي
شاہ نامہ,قوس
شاہ نامہ,كي
شاہ نامہ,متقارب
شاہ نامہ,هجوم
شاہ نامہ,هژير
شاہانہ,بدحجاب
شاہانہ,داماد
شاہانہ,دوما
شاہانہ,ساري
شاہانہ,شاه
شاہانہ,شيد
شاہانہ,عزيز
شاہانہ,عظيم
شاہانہ,فاخر
شاہانہ,فرخ
شاہانہ,كالا
شاہانہ,مجلل
شاہانہ,ملبوس
شاہانہ,ورجاوند
شاہانہ,پررونق
شاہانہ,پوشاندن
شاہانہ,پيراهن
شاہد,ديدن
شاہد,شاهد
شاہد,شاهد بودن
شاہد,شهادت
شاہد,مشهد
شاہد,گواه
شاہراہ,شاهراه
شاہراہ,محاربه
شاہي,ارزشي
شاہي,بيروني
شاہي,تره
شاہي,خسروي
شاہي,ريزشي
شاہي,رژيم
شاہي,رژيم چنج
شاہي,زيبنده
شاہي,شاهرخ
شاہي,شاهوار
شاہي,مولانا
شاہي,پاليز
شاہين,با
شاہين,باز
شاہين,شاهين
شاہين,قوش
شب,زاج
شب,شب
شب برات,اغلب
شب برات,اكثر
شب برات,امودريا
شب برات,انا لله و انا اليه راجعون
شب برات,بزرگداشت
شب برات,زبانزد
شب برات,شب يلدا
شب برات,غالبا
شب برات,غزل
شب برات,كردستان
شب برات,لرستان
شب برات,نامبردار
شب برات,نامور
شب برات,نوراني
شب برات,نوروز
شب برات,ياداوري
شب برات,يادبود
شب برات,يلدا
شب برات,چهارشنبهسوري
شباب,شباب
شبان,شبان
شباني,شباني
شبخون,شبخون
شبخوني,شبخوني
شبدكوش,كتاب لغت
شبدكوش,لغت
شبديز,شبديز
شبستان,ابانبار
شبستان,اتاق خواب
شبستان,جامع
شبستان,حجره
شبستان,خاكسار
شبستان,خوابگاه
شبستان,سرسبز
شبستان,سفرهخانه
شبستان,شادروان
شبستان,شبستان
شبستان,مؤذن
شبستان,متوضا
شبستان,مجد
شبستان,مستور
شبستان,مسجد
شبستان,مصلا
شبستان,مچد
شبستان,پنهان
شبستان,گريچه
شبستانم,شبستانم
شبكہ,شبكه
شبكہ,شبكه اجتماعي
شبلي,شبلي
شبم,شبم
شبنم,شبنم
شبنمش,شبنمش
شبنمي,شبنمي
شبي,شبي
شبيخون,شبيخون
شبيري,شبيري
شبگون,شبگون
شبھ,بختيار
شبھ,خجسته
شبھ,خدايي
شبھ,خوش به حال
شبھ,خوشبخت
شبھ,سعيد
شبھ,فرارون
شبھ,فرخ
شبھ,فرخنده
شبھ,مثبت
شبھ,منفي
شبہہ,ابهام
شبہہ,اهو
شبہہ,تقصير
شبہہ,ريب
شبہہ,عيب
شبہہ,كاستي
شبہہ,نقص
شبہہ,گمان
شتابدي,بيسراك
شتابدي,خردسال
شتر,شتر
شترو,اپوش
شترو,خصم
شترو,دشمن
شترو,رقيب
شترو,شيطان بزرگ
شترو,ضد
شترو,عدو
شترو,مخالف
شترو,مقابل
شترو,ياغي
شجاعت,شجاعت
شجر,شجر
شخص,جاگير
شخص,سفرهخانه
شخص,شخص
شخص,شخصيت
شخص,فرد
شخص,فنا
شخص,كتلت
شخص,مناجات
شخص,واحد
شخص,پفك
شد,شد
شدت,حسابي
شدت,خشونت
شدت,شدت
شدم,شدم
شدن,شدن
شدند,شدند
شدي,شدي
شديم,شديم
شر,بزه
شر,شر
شر,شرارت
شر,شيطنت
شر,فتنه
شراب,الكل
شراب,الكلي
شراب,بار
شراب,بير
شراب,شات
شراب,شراب
شراب,عرق
شراب,مخموري
شراب,مشروب
شراب,مي
شراب,پيك
شرار,شرار
شرارت,ادريس
شرارت,اوستاد
شرارت,بزه
شرارت,تيره
شرارت,شر
شرارت,شرارت
شرارت,شوخي
شرارت,شيطاني
شرارت,شيطنت
شرارت,عموما
شرارت,فتنه
شرارت,قشر
شرارت,كوچ
شرارت,معمولا
شرارت,ين
شرارتي,الپر
شرارتي,تخس
شرارتي,تخم جن
شرارتي,شيطان
شرارتي,شيطاني
شرارتي,وروجك
شراري,شراري
شرافت,اخلاق
شرافت,ادا
شرافت,اداب
شرافت,ادب
شرافت,اعيان
شرافت,انسانيت
شرافت,بد اخلاق
شرافت,تربيت
شرافت,تعارف
شرافت,تميز
شرافت,خاصگي
شرافت,دنگل
شرافت,شرافت
شرافت,عراف
شرافت,فرهنگ
شرافت,مردمي
شرافت,نجبا
شرافت,نزاكت
شرح,شرح
شرر,شرر
شرري,شرري
شرط,اذوقه
شرط,تدارك
شرط,تهيه
شرط,تيمار
شرط,جنگيدن
شرط,دسترنج
شرط,دستمزد
شرط,رزق
شرط,شرط
شرط,كارمزد
شرط,مزد
شرط,معاش
شرط,هويج
شرط,گرو
شرطي,افسر
شرطي,امين
شرطي,اژان
شرطي,فوجدار
شرطي,قانون گو
شرطي,كدخدا
شرطي,مامور
شرطي,ناخدا
شرطي,ياور
شرطي,پاسبان
شرطي,ژاندرم
شرع,شرع
شرف,شرف
شرق,شرق
شرقي,شرقي
شرقيان,شرقيان
شرك,شرك
شرك,چندخدايي
شركت,الگو
شركت,تكليف
شركت,رل
شركت,سهم
شركت,شركت
شركت,عملكرد
شركت,كاركرد
شركت,نقش
شركت,يت
شركت,گماشتن
شركرا,بوره
شركرا,شكر
شركرا,قند
شركرا,قند خون
شركرا,كند
شركرا,نبات
شركرا,نيشكر
شركرا,پانيد
شرم,انفعال
شرم,حيف
شرم,خجالت
شرم,شرم
شرم,عار
شرم,ننگ
شرمسار,شرمسار
شرمگيں,خجل
شرمگيں,سرخ رو
شرمگيں,شرمنده
شرن,ابشتن
شرن,تيمارستان
شرن,حرز
شرن,زنهار
شرن,سامه
شرن,سايه
شرن,ظل
شرن,عقبنشيني
شرن,كارتنخواب
شرن,لو
شرن,مامن
شرن,متحصن
شرن,مخلص
شرن,منزل
شرن,پناه
شرن,پناهجو
شرن,پناهندگي
شرن,پناهندگي سياسي
شرن,پناهگاه
شرن,گريزگاه
شرن,گورخواب
شروع,شروع
شروع كرنا,اغاز شدن
شروع كرنا,اغاز كردن
شروع كرنا,اغازيدن
شروع كرنا,سر كردن
شروع كرنا,سه كاف
شروع كرنا,شروع شدن
شروع كرنا,شروع كردن
شروع كرنا,پرداختن
شرير,تباه
شرير,فاسد
شريعت,ائين
شريعت,استانه
شريعت,حبلالمتين
شريعت,درگاه
شريعت,شريعت
شريعت,فقه
شريعت,كرياس
شريف,افضل
شريف,اهل
شريف,اير
شريف,بسمل
شريف,ديمه
شريف,رام
شريف,سليم
شريف,شريف
شريف,لالا
شريف,لطيف
شريف,مجداني
شريف,ميرزا
شريف,نجيب
شريف,نرم
شريف,ژكفر
شريف,گياخن
شريك,شريك
شريك سفر,از ما بهتران
شريك سفر,به
شريك سفر,بهتر
شريك سفر,تنگ
شريك سفر,دانگ
شريك سفر,دروغ مصلحت اميز به از راست فتنه انگيز
شريك سفر,شفا دادن
شريك سفر,قلم كردن
شريك سفر,ماهي را هر وقت از اب بگيري تازه است
شريك سفر,مصراع
شريك سفر,نت سفيد
شريك سفر,نصف
شريك سفر,نيم
شريك سفر,نيم بوسه
شريك سفر,نيم پرده
شريك سفر,نيمه
شست,شست
شش,شش
ششك,خرگوش
ششك,نر
ششك,هر چه
شطرنج,شاهرخ
شطرنج,شاهمات
شطرنج,شترنگ
شطرنج,شطرنج
شطرنج,شطرنجباز
شطرنج,پياده
شعار,ارم
شعار,اشاره
شعار,اشاره كردن
شعار,خرقه
شعار,خلق
شعار,خوي
شعار,سنت
شعار,شعار
شعار,عادت
شعار,علامت
شعار,هنجار
شعار,ورز
شعار,پيشه
شعار,چراغ راهنمايي
شعار,گذرواژه
شعاري,جقي
شعاري,رسمي
شعاع,شعاع
شعاعش,شعاعش
شعر,بيت
شعر,تركيببند
شعر,شعر
شعري,شعري
شعلوں,اتشدان
شعلوں,الاوه
شعلوں,الو
شعلوں,تف
شعلوں,زبانه
شعلوں,سام
شعلوں,شعله
شعلوں,علو
شعلوں,وار
شعلوں,گر
شعلہ,اتشدان
شعلہ,الاوه
شعلہ,الو
شعلہ,تف
شعلہ,زبانه
شعلہ,سام
شعلہ,شعله
شعلہ,علو
شعلہ,غرم
شعلہ,وار
شعلہ,وخشيدن
شعلہ,پري
شعلہ,گر
شعلے,اتشدان
شعلے,الاوه
شعلے,الو
شعلے,تف
شعلے,زبانه
شعلے,سام
شعلے,شعله
شعلے,علو
شعلے,وار
شعلے,گر
شعور,اتنا
شعور,بلوغ
شعور,تكليف
شعور,حال
شعور,حكم
شعور,حكمت
شعور,خرد
شعور,دانايي
شعور,دانشمندي
شعور,ذهن
شعور,راه
شعور,ره
شعور,سنكوپ
شعور,شعور
شعور,عقل
شعور,فرزانگي
شعور,فهم
شعور,هشياري
شعور,هنر
شعور,هوش
شعور,پير مغان
شعورش,شعورش
شعيب,شعيب
شعير,شعير
شغل,اشتغال
شغل,اشغال
شغل,اشغالي
شغل,بيگاري
شغل,تصرف
شغل,حدادي
شغل,زحمت كشيدن
شغل,سعي
شغل,شغل
شغل,كار
شغل,كوشش
شغل,مشغله
شغل,نوكري
شفا,التيام
شفا,بازيافت
شفا,بهبود
شفا,جان دارو
شفا,جوش
شفا,درمان
شفا,درمان كردن
شفا,شفا
شفا,شفاء
شفا,معالجه
شفا,چاره
شفا خانہ,ايزوله
شفا خانہ,بخش
شفا خانہ,بيمارستان
شفا خانہ,درمانگاه
شفا خانہ,زايشگاه
شفا خانہ,شفاخانه
شفا خانہ,كلينيك
شفا خانہ,مطب
شفق,شفق
شفقت,اشفاق
شفقت,ترحم
شفقت,شفقت
شفيق,بخشنده
شفيق,حرام
شفيق,خونگرم
شفيق,دلسوز
شفيق,رحمن
شفيق,رحيم
شفيق,غمگسار
شفيق,مشفق
شفيق,ويه
شق,شق
شقرا,جده
شقرا,حجاز
شقرا,رياض
شقرا,شقرا
شقرا,عربستان
شقرا,عربستان سعودي
شقرا,مدينه
شقرا,مكه
شقرا,نجد
شك,شك
شكار,اتش گرفتن
شكار,بشگرد
شكار,به چشم خوردن
شكار,تكاپو
شكار,خونبها
شكار,دال
شكار,درگرفتن
شكار,دستخوش
شكار,سرما خوردن
شكار,شكار
شكار,شكار كردن
شكار,شكال
شكار,شهيد
شكار,صيد
شكار,ضامن
شكار,طعمه
شكار,قرباني
شكار,ماهي را هر وقت از اب بگيري تازه است
شكار,نخچير
شكار,يوختن
شكار,پارس
شكار,گرفتن
شكار,گير
شكار كرنا,تكاپو
شكار كرنا,شكار
شكار كرنا,شكار كردن
شكار كرنا,صيد
شكار كرنا,نخچير
شكار كرنا,يوختن
شكار كرنا,پارس
شكار گاہ,بشگرد
شكار گاہ,بوري
شكار گاہ,شكار
شكار گاہ,صيد
شكار گاہ,نخچير
شكاري,بشگرد
شكاري,درنده
شكاري,شكاري
شكاري,شكارچي
شكاري,صياد
شكاري,گرگ
شكاف,شكاف
شكافت,شكافت
شكافي,شكافي
شكايت,انتقاد
شكايت,ايراد
شكايت,بيماري
شكايت,تنقيد
شكايت,داد
شكايت,درد
شكايت,درد دل
شكايت,رنج
شكايت,سانسور
شكايت,شكايت
شكايت,شكوه
شكايت,عرض
شكايت,علامت
شكايت,غرغر
شكايت,مخالفت
شكايت,مرض
شكايت,مريضي
شكايت,مست
شكايت,نقد ادبي
شكايت,گله
شكتي,به عنوان
شكتي,صنع
شكتي,ظرف
شكتي,ظرفيت
شكتي,فعاليت
شكتي,مجال
شكتي,نبوغ
شكتي,وسع
شكتي,پيمانه
شكتي,ژني
شكر,الحمد لله
شكر,بوره
شكر,تشكر
شكر,ثور
شكر,خيلي مخلصيم
شكر,زهره
شكر,سپاس
شكر,سپاسگزاري
شكر,شكر
شكر,شكرانه
شكر,قند
شكر,قند خون
شكر,كند
شكر,ناهيد
شكر,نبات
شكر,نيشكر
شكر,ونوس
شكر,پانيد
شكر،,شكر،
شكريہ,الحمد لله
شكريہ,تشكر
شكريہ,تشكر كردن
شكريہ,خدا را شكر
شكريہ,خيلي مخلصيم
شكريہ,دست شما درد نكنه
شكريہ,سپاس
شكريہ,سپاسگزارم
شكريہ,سپاسگزاري
شكريہ,شكر
شكريہ,شكرانه
شكريہ,متشكرم
شكريہ,مرسي
شكريہ,ممنونم
شكست,تازه
شكست,جنايتكار
شكست,خبرفوري
شكست,شكست
شكست,شكست دادن
شكست,شكستگي
شكست,ضرر
شكست,كاستي
شكست,كمبود
شكست,كمي
شكست,مالوندن
شكست,مغلوب كردن
شكست,نارسايي قلب
شكست,ناكامي
شكست,نقص
شكست,نقصان
شكست,چاو
شكستم,شكستم
شكستن,شكستن
شكستند,شكستند
شكستي,شكستي
شكل,شكل
شكم,اشكم
شكم,خيك
شكم,درونه
شكم,دل
شكم,شكم
شكم,شكنب
شكم,قرقره
شكم,كم
شكم,معده
شكن,شكن
شكنجہ,ابزيم
شكنجہ,ازردن
شكنجہ,النگو
شكنجہ,تنگنا
شكنجہ,سپوختن
شكنجہ,شكنج
شكنجہ,شكنجه
شكنجہ,شكنجه دادن
شكنجہ,شكنجه كردن
شكنجہ,عذاب
شكنجہ,فرنچ پرس
شكنجہ,فشار
شكنجہ,فشردن
شكنجہ,قيد
شكنجہ,قين
شكنجہ,كرپي
شكنجہ,مراعات
شكنجہ,مطبوعات
شكنجہ,مقتضيات
شكنجہ,پرس
شكنجہ,چاولي
شكند,شكند
شكني,شكني
شكوہ,ابهت
شكوہ,اروند
شكوہ,افرنگ
شكوہ,بيماري
شكوہ,تكليف
شكوہ,داد
شكوہ,درد
شكوہ,درد دل
شكوہ,رنج
شكوہ,زحمت
شكوہ,شكايت
شكوہ,شكوه
شكوہ,شوكت
شكوہ,عز
شكوہ,غرغر
شكوہ,كرم
شكوہ,مجداني
شكوہ,مرض
شكوہ,مريضي
شكوہ,مست
شكوہ,وقار
شكوہ,گله
شكي,شكي
شكيب,شكيب
شكيبائي,شكيبائي
شلا,ابخور
شلا,اسياي شرقي
شلا,اشور
شلا,انديشه نيك، گفتار نيك، كردار نيك
شلا,بابل
شلا,باسترك
شلا,بوسني
شلا,بوسنيا
شلا,ثلاثه
شلا,ثلاثه غساله
شلا,جنباندن
شلا,راك
شلا,راك اند رول
شلا,سئول
شلا,سمنت
شلا,سنگ
شلا,سه
شلا,سه كاف
شلا,سيصد
شلا,شبهجزيره كره
شلا,صخره
شلا,قبةالصخره
شلا,قبه صخره
شلا,كره
شلا,كره جنوبي
شلا,كره شمالي
شلا,كوريا
شلا,مرتبه
شلا,منتها
شلا,نبات
شلا,پادشاهي بريتانياي كبير
شلا,پخته
شلا,پيونگيانگ
شليہ,ابدال
شليہ,افسانهاي
شليہ,افسانوي
شليہ,امن
شليہ,ايمن
شليہ,بيستون
شليہ,تاجبخش
شليہ,جام زهر
شليہ,دارا
شليہ,ريزشي
شليہ,سند
شليہ,سنگ صبور
شليہ,سووشون
شليہ,سگديد
شليہ,شبديز
شليہ,ضد
شليہ,عزر
شليہ,عليه
شليہ,قانون گو
شليہ,قيصر
شليہ,كابل
شليہ,كي
شليہ,ماتادور
شليہ,مادرمرده
شليہ,ماه
شليہ,محاربه
شليہ,مهران
شليہ,ناموس
شليہ,هاماوران
شليہ,هم گيمي
شليہ,هندوستان
شليہ,هندي
شلپشالا,فابريكه
شلپشالا,كار خانه
شلپشالا,كارخانه
شلپشالا,كارگاه
شلپشالا,كوزهگري
شما,شما
شمار,شمار
شمارد,شمارد
شماري,شماري
شمال,شمال
شمالي كوريا,اسياي شرقي
شمالي كوريا,سئول
شمالي كوريا,شبهجزيره كره
شمالي كوريا,كره
شمالي كوريا,كره جنوبي
شمالي كوريا,كره شمالي
شمالي كوريا,كوريا
شمالي كوريا,پيونگيانگ
شمالي مقدونيہ,اسلووني
شمالي مقدونيہ,ايليريا
شمالي مقدونيہ,بوسني و هرزگوين
شمالي مقدونيہ,بوسنيا و هرزگوينا
شمالي مقدونيہ,تسالونيك
شمالي مقدونيہ,صربستان
شمالي مقدونيہ,كرواسي
شمالي مقدونيہ,كرواسيا
شمالي مقدونيہ,مقدونيه
شمالي مقدونيہ,مقدونيه شمالي
شمالي مقدونيہ,مونتهنگرو
شمرد,شمرد
شمس,شمس
شمشاد,شمشاد
شمشان,تدفين
شمشان,تلقين
شمشان,دشت
شمشان,دفن
شمشان,دفينه
شمشان,سوخت
شمشان,سوختن
شمشان,سوخته
شمشان,قبرستان
شمشان,مدفون
شمشان,مقبره
شمشان,يوسف
شمشان,گورستان
شمشير,تيخ
شمشير,تيغ
شمشير,دشنه
شمشير,ذوالفقار
شمشير,شمشير
شمشير,پلارك
شمشير,چكاچاك
شمشيري,شمشيري
شمع,سريش
شمع,شمع
شمع,شمعدان
شمع,فوت كردن
شمع,قنديل
شمع,لامپ
شمع,مشكات
شمع,موم
شمع,چراغ
شمع,چراغ نفتي
شمع,چراغدان
شميم,شميم
شنا,شنا
شناخت,تطبيق
شناخت,شناخت
شناخت,شناسايي
شناختي,تطبيق
شناختي,شناسايي
شناختي كارڈ,تذكره
شناختي كارڈ,عرب پرست
شناختي كارڈ,نام و نشان
شناختي كارڈ,هويت
شناس,شناس
شناسا,شناسا
شناسائي,شناسائي
شناسان,شناسان
شناساي,شناساي
شناسد,شناسد
شناسم,شناسم
شناسي,شناسي
شنتانو,سمندر
شنتانو,گنگ
شنود,شنود
شنيد,شنيد
شنيدستي,شنيدستي
شنيدم,شنيدم
شنيدن,شنيدن
شنگ,شنگ
شو,جثه
شو,جسد
شو,جنازه
شو,شو
شو,لاش
شو,مردار
شو,نعش
شوب,شوب
شوخ,شوخ
شوخي,ادا
شوخي,دلال
شوخي,شوخي
شوخي,شيطاني
شوخي,شيطنت
شوخي,عشوه
شوخي,فكاهي
شوخي,قر
شوخي,مثل پلو تو دوري
شوخي,ناز
شود,شود
شور,تول
شور,دمدمه
شور,شور
شور,غريو
شور,غلغله
شور,غو
شور,غوغا
شور,همهمه
شور,هياهو
شور شرابہ,بلند
شور شرابہ,تول
شور شرابہ,جلب
شور شرابہ,جنجال
شور شرابہ,رسا
شور شرابہ,روخواني
شور شرابہ,سر و صدا
شور شرابہ,سروصدا
شور شرابہ,شور
شور شرابہ,غريو
شور شرابہ,غلغله
شور شرابہ,غوغا
شور شرابہ,قيل و قال
شور شرابہ,نهيب
شور شرابہ,نهيب زدن
شور شرابہ,همهمه
شور شرابہ,هياهو
شور شرابہ,وغا
شوربا,اش
شوربا,اماج
شوربا,با
شوربا,خوردي
شوربا,ساك
شوربا,سوپ
شوربا,عدسي
شوربا,ماشابه
شوربا,پلو
شورش,شورش
شوري,شوري
شوق,بهره
شوق,تماشا
شوق,جوش
شوق,جوشش
شوق,حسرت
شوق,دلبستگي
شوق,دنيدن
شوق,شوق
شوق,علاقه
شوق,علاقه داشتن
شوق,غيرت
شوق,فرع
شوق,كامروايي
شوق,كباب
شوق,مشتاق
شوق,مصلحت
شوق,نرخ بهره
شوق,هرم
شوق,ولع
شوق,ياسه
شوكت,شوكت
شوم,شوم
شوند,شوند
شوي,شوي
شويد,شويد
شي,شي
شيب,شيب
شيخ,ابن
شيخ,اخوند
شيخ,اهل علم
شيخ,ايرمان
شيخ,برهمن
شيخ,بلد
شيخ,بنگالي
شيخ,حدادي
شيخ,خسيس
شيخ,رضايي
شيخ,زمخت
شيخ,سواد
شيخ,شيخ
شيخ,عالم
شيخ,عليم
شيخ,قروتاب
شيخ,قلاووز
شيخ,محدود
شيخ,معدود
شيخ,نبيگ
شيخ,هوشمند
شيخ,پير
شيخ,گدا
شيخي,استكبار
شيخي,برتني
شيخي,خودپسندي
شيخي,دماغ
شيخي,رجز
شيخي,شيخي
شيخي,گستاخي
شيخي,گنده گوزي
شيدا,الفته
شيدا,تور
شيدا,حسابي
شيدا,دلشده
شيدا,ديوانه
شيدا,شوت
شيدا,شوريده
شيدا,شيدا
شيدا,شيفته
شيدا,كلو
شيدا,مجنون
شيدا,مدهوش
شيدا,واله
شيدائي,شيدائي
شير,ارسلان
شير,اسد
شير,ببر
شير,شرزهشير
شير,شير
شير,نعره
شير,هزبر
شير,هژبر
شير ابي,تمساح
شير ابي,سوسمار
شير ابي,نهنگ
شير ابي,گاندو
شير خوار,اشتك
شير خوار,جوجه
شير خوار,طفل
شير خوار,قنداق
شير خوار,كالسكه
شير خوار,كودك
شير خوار,لالا
شير خوار,نيني
شير خوار,پستانك
شيراز,شيراز
شيرازي,شيرازي
شيران,شيران
شيري,شيري
شيرين,شيرين
شيريني,شيريني
شيريں,ارمن
شيريں,ارمنستان
شيريں,البرز
شيريں,انوشيروان
شيريں,ايرارات
شيريں,ايروان
شيريں,تكفور
شيريں,جمهوري ارمنستان
شيريں,خسرو
شيريں,شيرين
شيريں,فرهاد
شيريں,پرويز
شيشو,ارسي
شيشو,باجه
شيشو,بالكانه
شيشو,جام
شيشو,دريچه
شيشو,كلكين
شيشو,ويترين
شيشو,پنجره
شيشوں,ارسي
شيشوں,باجه
شيشوں,بالكانه
شيشوں,جام
شيشوں,دريچه
شيشوں,كلكين
شيشوں,ويترين
شيشوں,پنجره
شيشہ,ابگينه
شيشہ,ارسي
شيشہ,اينه
شيشہ,ايينه
شيشہ,باجه
شيشہ,بالكانه
شيشہ,بطري
شيشہ,بوتل
شيشہ,جام
شيشہ,دريچه
شيشہ,سرپوش
شيشہ,سفرهخانه
شيشہ,سيكي
شيشہ,شيشه
شيشہ,شيشه جلو
شيشہ,عدسي
شيشہ,قليان
شيشہ,كلكين
شيشہ,كيزه
شيشہ,نارگيله
شيشہ,نول
شيشہ,ويترين
شيشہ,پنجره
شيشے,ارسي
شيشے,باجه
شيشے,بالكانه
شيشے,جام
شيشے,دريچه
شيشے,كلكين
شيشے,ويترين
شيشے,پنجره
شيطان,ابليس
شيطان,اهريمن
شيطان,تخس
شيطان,تخم جن
شيطان,ديو
شيطان,شيطان
شيطان,شيطان بزرگ
شيطان,شيطانه
شيطان,شيطاني
شيطان,فتان
شيطان,كلاهخود
شيطان,وروجك
شيطاني,اهريمني
شيطاني,تخس
شيطاني,تخم جن
شيطاني,شيطان
شيطاني,شيطاني
شيطاني,وروجك
شيطانيت,شيطانپرستي
شيطنت,بزه
شيطنت,شر
شيطنت,شرارت
شيطنت,شيطاني
شيطنت,شيطنت
شيطنت,فتنه
شيفيلڈ,رم
شيفيلڈ,روم
شيفيلڈ,شفيلد
شيفيلڈ,فلورانس
شيفيلڈ,قصبه
شيكھاواٹي,جيپور
شيكھاواٹي,راجستان
شينككش,اتاق خواب
شينككش,خوابگاه
شينككش,شادروان
شينككش,شبستان
شيو,استره
شيو,اصلاح
شيو,اصلاح كردن
شيو,تراش
شيو,تراشتن
شيو,تراشيدن
شيو,رنديدن
شيو,ستردن
شيو,شيوا
شيو,فرچه
شيوخ,شيوخ
شيون,شيون
شيوہ,خرقه
شيوہ,خلق
شيوہ,خوي
شيوہ,سنت
شيوہ,عادت
شيوہ,هنجار
شيوہ,ورز
شيوہ,پيشه
شپتھ,سوگند
شپتھ,عهد
شپتھ,قسم
شگرف,شگرف
شگن,تبرك
شگن,حلقه نامزدي
شگن,درگيري
شگن,شؤم
شگن,طالع
شگن,فال
شگن,نامزدي
شگن,يمن
شگن,پفك
شہ زور,تنومند
شہ زور,توانا
شہ زور,زورمند
شہ زور,زوش
شہ زور,سترگ
شہ زور,ستنبه
شہ زور,غيور
شہ زور,قادر
شہ زور,قدرتمند
شہ زور,مقتدر
شہ زور,نيرومند
شہ زور,چيره
شہ سرخي,تيتر
شہ سرخي,درفش
شہ سرخي,شعار
شہ سرخي,عازم
شہ سرخي,عزيمت
شہ سرخي,علم
شہ سرخي,نشان
شہ سرخي,پرچم
شہادت,اسلوب
شہادت,تكيه
شہادت,شهادت
شہادت,عاشورا
شہادت,عقيده
شہادت,مذهب
شہادت,مشهد
شہادت,گواهي
شہتوت,توت
شہتوت,خرتوت
شہتوت,شاهتوت
شہد,انگبين
شہد,شهد
شہد,عسل
شہد كي مكھي,جيرجيرك
شہد كي مكھي,حشره
شہد كي مكھي,قرمز
شہد كي مكھي,مگس
شہر,دهاتي
شہر,دهگان
شہر,شانگهاي
شہر,شهري
شہر,مدني
شہر سبز,شهر سبز
شہرت,اوازه
شہرت,بدنامي
شہرت,رسم
شہرت,شهرت
شہرت,صيت
شہروز,شهروز
شہري,اهل
شہري,دهاتي
شہري,دهگان
شہري,شانگهاي
شہري,شهروند
شہري,شهري
شہري,عثماني
شہري,مدني
شہري,هيوادوال
شہريت,ادب
شہريت,انسانيت
شہريت,تربيت
شہريت,شهروندي
شہريت,فرهنگ
شہريت,نزاكت
شہزادي,اولاد
شہزادي,توراندخت
شہزادي,شاهدخت
شہزادي,شاهزاده
شہزادي,علوي
شہزادي,فرهاد
شہزادي,پرنسس
شہزادہ,امير
شہزادہ,اولاد
شہزادہ,بان
شہزادہ,توراندخت
شہزادہ,شاهزاده
شہزادہ,علوي
شہزادہ,مير
شہزادہ,نوا
شہزادہ,وليعهد
شہزادہ,پرنس
شہلا,بام
شہلا,خشين
شہلا,خنگ
شہلا,سايبان
شہلا,سايه
شہلا,سنجاب
شہلا,سواد
شہلا,سياهي
شہلا,شهلا
شہلا,شهلاچشم
شہلا,ظل
شہلا,قدمت روي چشم
شہلا,كبودچشم
شہمات,شاهمات
شہمات,شهمات كردن
شہمات,كيشمات
شہنشاہ,امپراتور
شہنشاہ,امپراطور
شہنشاہ,جهانگير
شہنشاہ,خاقان
شہنشاہ,خان
شہنشاہ,شاهنشاه
شہنشاہ,فغفور
شہنشاہ,قيصر
شہيد,اوگار
شہيد,جامع
شہيد,حسين
شہيد,خراب
شہيد,خسته
شہيد,درخت هرچه بارش بيشتر ميشود سرش فروتر ميايد
شہيد,ديدن
شہيد,زده
شہيد,شادروان
شہيد,شاهد
شہيد,شاهد بودن
شہيد,شبستان
شہيد,شهادت
شہيد,شهيد
شہيد,صدمه ديدن
شہيد,صدمه ديده
شہيد,مؤذن
شہيد,متوضا
شہيد,مجد
شہيد,مجروح شدن
شہيد,مسجد
شہيد,مشهد
شہيد,مصلا
شہيد,مناره
شہيد,مچد
شہيد,گواه
شہيدو,حسين
شہيدو,شهيد
شہيدو,مشهد
شہيدوں,حسين
شہيدوں,شهيد
شہيدوں,مشهد
شے,بضاعت
شے,شيء
شے,عنوان
شے,كالا
شے,مقاله
صائب,استقبال
صائب,تور
صائب,جريان
صائب,خيزان
صائب,داوري
صائب,در به دري
صائب,راسا
صائب,راست
صائب,سراغ
صائب,سهي
صائب,سير
صائب,ضلع
صائب,قضا
صائب,قضاوت
صائب,مستقيم
صابر,بردبار
صابر,برقرار
صابر,خوره
صابر,دوام
صابر,شكيبنده
صابر,شكيفتن
صابر,صابر
صابر,صبور
صابر,مبتلا
صابر,مريضي
صابر,مستمر
صابر,معطل كردن
صابر,پابرجا
صابر,ژكفر
صابن,اب و جارو
صابن,ابر
صابن,تنگ
صابن,دستنماز
صابن,شستشو
صابن,صابون
صابن,غسل
صابن,قالب
صابن,ماشين لباسشويي
صابن,هيل
صابن,وضو
صابن,پودر
صابن,گازر
صابن,گرد
صاحب,ارباب
صاحب,اغا
صاحب,اقا
صاحب,اقايي
صاحب,جناب
صاحب,جهاندار
صاحب,خان
صاحب,خدا
صاحب,خداوند
صاحب,خداي
صاحب,خصم
صاحب,خواجه
صاحب,دارا بودن
صاحب,دارنده
صاحب,را
صاحب,صاحب
صاحب,مالك
صاحب,چلبي
صاحبدلان,صاحبدلان
صاحبدلي,صاحبدلي
صادق,صادق
صادق اباد,بطن
صادق اباد,خان
صادق اباد,مود
صادق اباد,چنگيز
صادق اباد,چنگيزي
صارف,انباكسينگ
صارف,بنگي
صارف,خريدار
صارف,رابط كاربري
صارف,فيلترشكن
صارف,كاربر
صارف,مشتري
صارف,مصرفي
صارف,معتاد
صارف,يو اي
صارف,يواي
صارف,يوزر اينترفيس
صارف,يوزراينترفيس
صارفين,بنگي
صارفين,رابط كاربري
صارفين,فيلترشكن
صارفين,كاربر
صارفين,معتاد
صارفين,يو اي
صارفين,يواي
صارفين,يوزر اينترفيس
صارفين,يوزراينترفيس
صاف,صاف
صاف,متعادل
صاف,معقول
صاف ستھرا,تميز
صاف ستھرا,نازك
صالح,افضل
صالح,درستكار
صالح,شاهيدن
صالح,صالح
صالح,فريور
صالح,كندوري
صالح,پارسا
صالح,چينود
صبا,صبا
صبح,صبح
صبح,نماز
صبح,نماز خواندن
صبحدم,صبحدم
صبحش,صبحش
صبر,برداشت
صبر,تحمل
صبر,حوصله
صبر,شكيب
صبر,شكيبائي
صبر,صبر
صبر,ظرف
صبر,ژكفري
صبر كا پھل ميٹھا ہوتا ہے,انتظار
صبر كا پھل ميٹھا ہوتا ہے,بخاطر
صبر كا پھل ميٹھا ہوتا ہے,برداشت
صبر كا پھل ميٹھا ہوتا ہے,تقوا
صبر كا پھل ميٹھا ہوتا ہے,تقوي
صبر كا پھل ميٹھا ہوتا ہے,حوصله
صبر كا پھل ميٹھا ہوتا ہے,خاصيت
صبر كا پھل ميٹھا ہوتا ہے,شكيب
صبر كا پھل ميٹھا ہوتا ہے,شكيبائي
صبر كا پھل ميٹھا ہوتا ہے,شكيفتن
صبر كا پھل ميٹھا ہوتا ہے,صبر
صبر كا پھل ميٹھا ہوتا ہے,صبر كردن
صبر كا پھل ميٹھا ہوتا ہے,ظرف
صبر كا پھل ميٹھا ہوتا ہے,فضل
صبر كا پھل ميٹھا ہوتا ہے,معطل كردن
صبر كا پھل ميٹھا ہوتا ہے,هنر
صبر كا پھل ميٹھا ہوتا ہے,پايستن
صبر كا پھل ميٹھا ہوتا ہے,پاييدن
صبر كا پھل ميٹھا ہوتا ہے,ژكفري
صبغة,صبغة
صحافت,روزنامهنگاري
صحافي,روزنامهنگار
صحافي,ژورناليست
صحبت,اتفاق
صحبت,اجتماع
صحبت,انبازي
صحبت,انجمن
صحبت,تكلم
صحبت,تلفني
صحبت,جامعه
صحبت,جمعيت
صحبت,سياهپوش
صحبت,صحابت
صحبت,صحبت
صحبت,كانون
صحبت,مصاحبه
صحبت,معاشرت
صحبت,مكالمه
صحبت,ناز و نياز
صحبت,گفتار
صحبت,گفتمان
صحبت,گفتگو
صحبتش,صحبتش
صحبتي,صحبتي
صحت,بهبود
صحت,بهداشت
صحت,حال
صحت,درود
صحت,سازمان بهداشت جهاني
صحت,سلامت
صحت,سلامتي
صحت,نوش جان
صحت,وخيم
صحت خانہ,اوگار
صحت خانہ,ايزوله
صحت خانہ,بخش
صحت خانہ,برنشستن
صحت خانہ,بيمارستان
صحت خانہ,تشناب
صحت خانہ,توالت
صحت خانہ,توالت ايراني
صحت خانہ,توالت فرنگي
صحت خانہ,حكمت
صحت خانہ,خسته
صحت خانہ,خلاء
صحت خانہ,دستشويي
صحت خانہ,زايشگاه
صحت خانہ,زده
صحت خانہ,سرويس
صحت خانہ,شفاخانه
صحت خانہ,صدمه ديدن
صحت خانہ,صدمه ديده
صحت خانہ,طبي
صحت خانہ,فشاري
صحت خانہ,مجروح شدن
صحت خانہ,مستراح
صحت خانہ,پرهيز
صحرا,صحرا
صحرائي,صحرائي
صحرائے اعظم,صحراي بزرگ افريقا
صحرائے اعظم,صحراي غربي
صحرائے اعظم,مغرب
صحراست,صحراست
صحراستي,صحراستي
صحراي,صحراي
صحن,حياط
صحن,صحن
صحن,پيش ايوان
صحيح,حسابي
صحيح,درست
صحيح,درست كردن
صحيح,صح
صحيح,صحيح
صحيح,پاكيزه
صحيفہ,برگ
صحيفہ,بلگ
صحيفہ,جلد
صحيفہ,حجم
صحيفہ,خاصگي
صحيفہ,خشاب
صحيفہ,دوري
صحيفہ,رويه
صحيفہ,شاگرد
صحيفہ,صفحه
صحيفہ,فضا
صحيفہ,قران
صحيفہ,لپه
صحيفہ,مجله
صحيفہ,محمد
صحيفہ,مصحف
صحيفہ,منشور
صحيفہ,نشريه
صحيفہ,ورق
صحيفہ,ياعلي
صحيفہ,پر
صحيفہ,گلبرگ
صحيفہ خواں,خواننده
صحيفہ خواں,قاري
صد,صد
صدا,انگشتر
صدا,اواز
صدا,تكزنگ زدن
صدا,حلقه
صدا,حلقه ازدواج
صدا,حلقه نامزدي
صدا,خاتم
صدا,درا
صدا,زبانه
صدا,زنگ
صدا,زنگ زدن
صدا,زنگوله
صدا,صدا
صدا,طنين
صدا,فلفلدلمهاي
صدا,ناقوس
صدا,پژواك
صدا,چنبره
صدا,چپر
صداقت,ائتلاف
صداقت,اثبات
صداقت,ارادت
صداقت,استقامت
صداقت,اشنايي
صداقت,اصالت
صداقت,ثبات
صداقت,حق
صداقت,حق نمك
صداقت,حقيقت
صداقت,خصوصيت
صداقت,دروغ مصلحت اميز به از راست فتنه انگيز
صداقت,دستاويز
صداقت,دليل
صداقت,دوستي
صداقت,راست
صداقت,راست گفتن
صداقت,راستي
صداقت,شهادت
صداقت,صحابت
صداقت,صداقت
صداقت,صدق
صداقت,قهر كردن
صداقت,مهر
صداقت,وفا
صداقت,وفاداري
صداقت,ياري
صداقت,پايندگي
صداقت,گواهي
صداي,صداي
صدر,احمدينژاد
صدر,بيگلربيگي
صدر,حق نمك
صدر,دهيار
صدر,رئيس
صدر,رئيسجمهور
صدر,رفسنجاني
صدر,كاخ سفيد
صدر,كراچي
صدر,مجري
صدر,ميزبان
صدر,پوتين
صدر مملكت,احمدينژاد
صدر مملكت,دهيار
صدر مملكت,رئيس
صدر مملكت,رئيسجمهور
صدر مملكت,رفسنجاني
صدر مملكت,كاخ سفيد
صدر مملكت,پوتين
صدف,صدف
صدق,صدق
صدقہ,اخر الاخرين
صدقہ,الله
صدقہ,انا لله و انا اليه راجعون
صدقہ,اگر لطف كنيد
صدقہ,خواهش ميكنم
صدقہ,خواهشا
صدقہ,خيرات
صدقہ,سيكتير
صدقہ,صدقه
صدقہ,لطفا
صدقہ,نيكوكاري
صديق,صديق
صراحي,صراحي
صرصر,صرصر
صرف,ابري
صرف,با
صرف,برطانيه
صرف,بريتانيا
صرف,بيخودي
صرف,ترنج
صرف,خالص
صرف,خرج
صرف,دو تا هندوانه را با يك دست برداشتن
صرف,سرگرم
صرف,سينگل
صرف,شلق
صرف,شلوغ
صرف,شگرد
صرف,صرف
صرف,فولادي
صرف,قدرت هستهاي
صرف,كرايه
صرف,مشغول
صرف,مصرف شدن
صرف,يكدست
صرف,چپه
صرف,ژي
صرف,گداختن
صرف,گرفتار
صعب,تخم جن
صعب,توسن
صعب,خبيث
صعب,رازي
صعب,سمج
صعب,سيجناك
صعب,سيد
صعب,مريد
صغير,خردسال
صغير,خلاف
صغير,ذليل
صغير,صغير
صغير,قيم
صغير,كلب
صغير,كوكب
صغير,مهين
صغير,مينور
صغير,وضو
صغير,پول
صغير,گام مينور
صف,صف
صفا,صفا
صفائي,استقبال
صفائي,الزام
صفائي,بهداشت
صفائي,تصريح
صفائي,جان
صفائي,حمايت
صفائي,خيلي مخلصيم
صفائي,دفاع
صفائي,راستي
صفائي,عافيت باشه
صفائي,پاد
صفائي,پاسخ
صفائي,پاكي
صفائي,پدافند
صفات,صفات
صفاست,صفاست
صفاي,صفاي
صفت,ترسيم
صفت,تشريح
صفت,تعريف
صفت,توصيف
صفت,صفت
صفت,نسبت دادن
صفت,وصف
صفت,گزارش
صفحو,خاصگي
صفحو,رويه
صفحو,شاگرد
صفحو,صفحه
صفحوں,خاصگي
صفحوں,رويه
صفحوں,شاگرد
صفحوں,صفحه
صفحہ,بره
صفحہ,جريب
صفحہ,خاصگي
صفحہ,رنده
صفحہ,رويه
صفحہ,زبر
صفحہ,سطح
صفحہ,سطحي
صفحہ,شاگرد
صفحہ,صفحه
صفحۂ اول,خاصگي
صفحۂ اول,رويه
صفحۂ اول,شاگرد
صفحۂ اول,صفحه
صفحے,خاصگي
صفحے,رويه
صفحے,شاگرد
صفحے,صفحه
صفر,رمز
صفر,صفر
صفر,هيچ
صفرا,زرد
صفرا,سندروس
صفرا,سودا
صفرا,صفرا
صفرا,لپه
صفير,صفير
صفيري,صفيري
صقليہ,صقليه
صلا,صلا
صلاح,استفتاء
صلاح,اطلاع
صلاح,حكمت
صلاح,كنگاش
صلاح,مصلحت
صلاح,نصيحت
صلاح,پند
صلاحيت,اجرا كردن
صلاحيت,بردن
صلاحيت,به جا اوردن
صلاحيت,به عنوان
صلاحيت,توانمندي
صلاحيت,حمل كردن
صلاحيت,خاصه
صلاحيت,خوراك
صلاحيت,ذات
صلاحيت,رخم
صلاحيت,رزق
صلاحيت,روزانه
صلاحيت,روزبه
صلاحيت,روزنامه
صلاحيت,روزي
صلاحيت,سوار كردن
صلاحيت,صنع
صلاحيت,صهيون
صلاحيت,ظرف
صلاحيت,ظرفيت
صلاحيت,فعاليت
صلاحيت,مجال
صلاحيت,مخصوص
صلاحيت,نبوغ
صلاحيت,هزارگي
صلاحيت,وار
صلاحيت,واره
صلاحيت,وسع
صلاحيت,وصف
صلاحيت,ويژگي
صلاحيت,پيمانه
صلاحيت,چربي
صلاحيت,ژني
صلاحيت,گذاشتن
صلح,صلح
صلوة,صلوة
صلوت,صلوت
صلوۃ,نماز
صلوۃ,نماز خواندن
صلي اللہ عليہ وسلم,التفات فرمودن
صلي اللہ عليہ وسلم,التفات كردن
صلي اللہ عليہ وسلم,بخشيدن
صلي اللہ عليہ وسلم,بهبود
صلي اللہ عليہ وسلم,تبرك
صلي اللہ عليہ وسلم,تيمار
صلي اللہ عليہ وسلم,حمام
صلي اللہ عليہ وسلم,خيار چنبر
صلي اللہ عليہ وسلم,درود
صلي اللہ عليہ وسلم,درود بر تو
صلي اللہ عليہ وسلم,دعا
صلي اللہ عليہ وسلم,دوش
صلي اللہ عليہ وسلم,دوش گرفتن
صلي اللہ عليہ وسلم,رفاه
صلي اللہ عليہ وسلم,رگبار
صلي اللہ عليہ وسلم,سلامت
صلي اللہ عليہ وسلم,شاور
صلي اللہ عليہ وسلم,شاور گرفتن
صلي اللہ عليہ وسلم,صلي الله عليه وسلم
صلي اللہ عليہ وسلم,غسل كردن
صلي اللہ عليہ وسلم,مرحمت كردن
صلي اللہ عليہ وسلم,موهبت
صلي اللہ عليہ وسلم,نيايش
صلي اللہ عليہ وسلم,يمن
صليب,خاج
صليب,خط زدن
صليب,صليب
صليب,صليب سرخ
صليب,عبور كردن
صليب,چليپا
صليب,چينود
صليب,گذر كردن
صليب,گذشتن
صليبي,تازي
صليبي,فرنگ
صلہ,اجر
صلہ,مكافات
صندوق,بر
صندوق,تنه
صندوق,جهاز
صندوق,حقه
صندوق,خرطوم
صندوق,درج
صندوق,سينه
صندوق,شنگ
صندوق,صدر
صندوق,صندوق
صندوق,صندوقچه
صندوق,كنار
صندوق,نرد
صندوقچہ,بر
صندوقچہ,جهاز
صندوقچہ,حقه
صندوقچہ,درج
صندوقچہ,سينه
صندوقچہ,صدر
صندوقچہ,صندوق
صندوقچہ,صندوقچه
صندوقچہ,كنار
صنعت,باليوود
صنعت,تاليوود
صنعت,تمرين كردن
صنعت,سررشته
صنعت,صناعت
صنعت,صنعت
صنعت,صنعتي
صنعت,مهارت
صنعت,هاليوود
صنعت,پيشه
صنعت,ژني
صنف,او
صنف,جاز
صنف,جنس
صنف,جنسيت
صنف,طنز
صنف,مناظره
صنف,هجو
صنف,گونه
صنم,اليجو
صنم,بت
صنم,جانان
صنم,دلبر
صنم,صنم
صنم,فرخار
صنم,فغ
صنم,معشوقه
صنميات,اسطورهشناسي
صنميات,خونيرث
صنميات,رستم
صنميات,ميتولوژي
صنميات,پري
صنوبر,دله
صنوبر,صنوبر
صنوبر,كاج
صنوبر,ناژو
صنوبر,نوچ
صنوبر,گيدي
صواب,صواب
صوبہ,رياست
صوت,صوت
صور,صور
صورت,تاور
صورت,صورت
صورت,كيفيت
صورت حال,اينرسي
صورت حال,بختك
صورت حال,بكنبكن
صورت حال,تنگنا
صورت حال,ج.ا
صورت حال,جاري
صورت حال,جريان
صورت حال,حالي
صورت حال,دلكو
صورت حال,رايج
صورت حال,سيلاب
صورت حال,فعلي
صورت حال,قرار
صورت حال,كنوني
صورت حال,كيفيت
صورت حال,مراعات
صورت حال,مقتضيات
صورت حال,موقعيت
صورت حال,وض
صورت حال,وضع
صورت حال,وضعيت
صورت حال,يله كن
صورت حال,پوتين
صورتگر,صورتگر
صوفي,صوفي
صوفيان,صوفيان
صوفہ,تخت
صوفہ,ديوان
صوفہ,كاناپه
صوفہ,مبل
صوماليہ,سومالي
صوماليہ,سوماليا
صياد,صياد
صيادي,صيادي
صيد,صيد
صيدي,صيدي
صيرفي,صيرفي
صيقل,صيقل
ضائع,تنگ
ضائع,دلتنگي
ضائع,ضايع
ضائع,مفقود
ضائع,مفقودالاثر
ضائع,هدر
ضائع,گداختن
ضائع,گلنزن
ضائع,گم
ضابطہ,ائين
ضابطہ,ادب
ضابطہ,افسار
ضابطہ,ضابطه
ضابطہ,ناموس
ضامن,ضامن
ضبط,جمعيت خاطر
ضبط,ضبط
ضبط,مصادره
ضبط,مضبوط
ضبط,گرفتار
ضبط كرنا,مصادره كردن
ضد,اپوزيسيون
ضد,بالعكس
ضد,برتني
ضد,برخلاف
ضد,تضاد
ضد,حاضر
ضد,خصومت
ضد,خلاف
ضد,خودپسندي
ضد,در صورتي كه
ضد,دشمني
ضد,ستيزه
ضد,ستيزي
ضد,سركشي
ضد,ضد
ضد,عداوت
ضد,عكس
ضد,كين
ضد,متضاد
ضد,مخالف
ضد,مخالفت
ضد,مقابله
ضد,مواجهه
ضدي,سرسخت
ضدي,سمج
ضدي,مريد
ضرب,ضرب
ضربت,ضربت
ضربش,ضربش
ضرر,اذيت
ضرر,اسيب
ضرر,افگار
ضرر,اوگار
ضرر,بيد
ضرر,تشويش
ضرر,حروم
ضرر,خسارت
ضرر,خسران
ضرر,خليدن
ضرر,خوردن
ضرر,خون خوردن
ضرر,درد كردن
ضرر,درد گرفتن
ضرر,دود
ضرر,زيان
ضرر,شخودن
ضرر,صدمه
ضرر,ضرر
ضرر,كاستي
ضرر,كمبود
ضرر,كمي
ضرر,مست
ضرر,مضرت
ضرر,ناموس
ضرر,نقص
ضرر,نقصان
ضرر,گزاييدن
ضرر,گزند
ضرور,انا لله و انا اليه راجعون
ضرور,حتما
ضرور,ضرور
ضرور,مسلما
ضرور,مگر
ضرور,يقينا
ضرور,چرا
ضرورت,احتياج
ضرورت,حاجت
ضرورت,ضرورت
ضرورت,لاجرم
ضرورت,ناچار
ضرورت,نياز
ضرورت,واجب
ضروري,اصلي
ضروري,اهم
ضروري,بايستن
ضروري,تاكيد
ضروري,حياتي
ضروري,دركار
ضروري,رد
ضروري,ضروري
ضروري,غسل
ضروري,كبير
ضروري,كليدي
ضروري,لازم
ضروري,لازمه
ضروري,مقتضا
ضروري,مكه
ضروري,مهم
ضروري,ناموس
ضروري,واجب
ضروري,وضو
ضعف,ضعف
ضعيف,اباضيه
ضعيف,الفته
ضعيف,اهسته
ضعيف,تلميح
ضعيف,حديث
ضعيف,سست
ضعيف,ضعيف
ضعيف,فكسني
ضعيف,كند
ضعيف,ناتوان
ضعيف,نزار
ضعيف,يواش
ضعيفان,ضعيفان
ضم,اتصال
ضم,ادغام
ضم,جا افتادن
ضم,جذب
ضم,حرف ربط
ضم,صاحبقران
ضم,فرخار
ضم,قران
ضم,محو
ضم,همگوني
ضمانت,تضمين
ضمانت,ضامن
ضمانت,وثيقه
ضمير,باطن
ضمير,دخمه
ضمير,سربسته
ضمير,سروش
ضمير,ضمير
ضمير,وجدان
ضمير,پاشنا
ضميرش,ضميرش
ضميرم,ضميرم
ضميري,ضميري
ضميمہ,اينا
ضميمہ,بيا
ضميمہ,پلو
ضو,ضو
ضيا,ضيا
ضيافت,جشن
ضيافت,زفاف
ضيافت,سور
ضيافت,ضيافت
ضيافت,طوي
ضيافت,عيد
ضيافت,كندوري
طاؤس,تخت طاووس
طاؤس,طاووس
طاؤس,هر كه طاووس خواهد جور هندوستان كشد
طاؤس,گيتار
طائر,طائر
طائران,طائران
طائرانہ,هوايي
طائف,طائف
طاعت,طاعت
طاعون,افت
طاعون,به ستوه اوردن
طاعون,همهگير
طاعون,همهگيري
طاعون,واگيردار
طاعون,وبا
طاغوت,طاغوت
طاق,طاق
طاق,مشكات
طاق,چراغدان
طاقت,حكمراني
طاقت,رجوليت
طاقت,طاقت
طاقت,قدرت
طاقت,كاركرد
طاقت,مؤثري
طاقت,مردانگي
طاقت,مردي
طاقت,نري
طاقت,گشن
طاقتور,تنومند
طاقتور,توانا
طاقتور,زورمند
طاقتور,زوش
طاقتور,سترگ
طاقتور,ستنبه
طاقتور,قادر
طاقتور,قدرتمند
طاقتور,مقتدر
طاقتور,نيرومند
طاقتور,چيره
طاقتي,طاقتي
طالب,طالب
طالب علم,خواننده
طالب علم,دانشاموز
طالب علم,دانشجو
طالب علم,شاگرد
طالب علم,طالب
طالب علم,كارخانگي
طالبان,اخوند
طالبان,از
طالبان,اسلامگرا
طالبان,افغان
طالبان,امارت اسلامي افغانستان
طالبان,اگر
طالبان,بخارا
طالبان,بلتستان
طالبان,تخارستان
طالبان,تونس
طالبان,جو
طالبان,حزبالله لبنان
طالبان,حماس
طالبان,خواننده
طالبان,دانشاموز
طالبان,دانشجو
طالبان,را
طالبان,سووشون
طالبان,شاگرد
طالبان,شينواري
طالبان,صحراي غربي
طالبان,طالب
طالبان,طالبان
طالبان,عمر
طالبان,كارخانگي
طالبان,محمد
طالبان,محمدجواد
طالبان,ملا
طالبان,ممد
طالبان,ناهار
طالبان,پشتون
طالبان,پناهجو
طالبان,پيجو
طالبان,چون
طالبان,چونكه
طالع,طالع
طاير,طاير
طايران,طايران
طايرش,طايرش
طايري,طايري
طبع,طبع
طبعش,طبعش
طبقہ,البا
طبقہ,الماري
طبقہ,بره
طبقہ,ترميم
طبقہ,تكليف
طبقہ,جامهدان
طبقہ,جايگاه
طبقہ,جريب
طبقہ,جناب اقاي
طبقہ,رده
طبقہ,رف
طبقہ,رنده
طبقہ,رويه
طبقہ,زبر
طبقہ,سركار خانم
طبقہ,سطح
طبقہ,سطحي
طبقہ,سنخ
طبقہ,صفحه
طبقہ,صنف
طبقہ,ضخيم
طبقہ,طبقه
طبقہ,غلو
طبقہ,قشر
طبقہ,كابين
طبقہ,كابينت
طبقہ,كابينه
طبقہ,كشو
طبقہ,كلاس
طبقہ,كمد
طبقہ,لا
طبقہ,لاد
طبقہ,لايه
طبقہ,مكان
طبقہ,ورقه
طبقہ,وضعيت
طبقہ,وكالت
طبقہ,ويترين
طبقہ,گاه
طبلہ,دبه
طبلہ,درام
طبلہ,دف
طبلہ,دمبك
طبلہ,دهل
طبلہ,ضرب
طبلہ,طبل
طبلہ,طبله
طبلہ,كوس
طبلہ,مندل
طبي,حكمت
طبي,طبي
طبي,فشاري
طبي,پرهيز
طبيب,حكيم
طبيب,حكيمجي
طبيب,داكتر
طبيب,دكتر
طبيب,دكتر ميخواهم
طبيب,دكتور
طبيب,طبيب
طبيب,پزشك
طبيعت,اختيار
طبيعت,استعداد
طبيعت,اصلي
طبيعت,اعتدال
طبيعت,انتخاب
طبيعت,انتخاو
طبيعت,بهبود
طبيعت,بهداشت
طبيعت,تمايل
طبيعت,جنس
طبيعت,حال
طبيعت,حواس
طبيعت,حوصله
طبيعت,خرقه
طبيعت,خلق
طبيعت,خو
طبيعت,خوي
طبيعت,خيم
طبيعت,درود
طبيعت,دستور
طبيعت,دماغ
طبيعت,سازمان بهداشت جهاني
طبيعت,سرحال
طبيعت,سلامت
طبيعت,سلامتي
طبيعت,سنت
طبيعت,طبيعت
طبيعت,عادت
طبيعت,قانون اساسي
طبيعت,مزاج
طبيعت,مسخره
طبيعت,مصدر
طبيعت,مود
طبيعت,ناچار
طبيعت,نهاد
طبيعت,نوش جان
طبيعت,هنجار
طبيعت,وخيم
طبيعت,ورز
طبيعت,وش
طبيعت,پسند
طبيعت,پيشه
طبيعت,گزينش
طبيعت,گزينه
طبيعت,گش
طبيعي,اصلي
طبيعي,جنس
طبيعي,خلقت
طبيعي,ذاتي
طبيعي,فطرت
طبيعي,فيزيك
طبيعي,فيزيك نظري
طبيعي,فيزيك هستهاي
طبيعي,فيزيكدان
طبيعي,فيزيكي
طبيعي,مكانيك
طبيعيات,فيزيك
طبيعيات,فيزيك نظري
طبيعيات,فيزيك هستهاي
طبيعيات,فيزيكي
طبيعيات,مكانيك
طرابلس,افريقا
طرابلس,انطلياس
طرابلس,بعلبك
طرابلس,بيروت
طرابلس,تركمن
طرابلس,جبيل
طرابلس,سبها
طرابلس,شام
طرابلس,صور
طرابلس,طرابلس
طرابلس,فزان
طرابلس,لبنان
طرابلس,ليبي
طرابلس,ليبيا
طرابلس,ليره
طرابلس,مغرب
طرب,طرب
طرح,اروند
طرح,طرح
طرز,رسم
طرز,سليقه
طرز,طرز
طرز,فشن
طرز,مد
طرز,مدل
طرز,مزون
طرز,گون
طرزيات,تكنولوژي
طرزيات,فناوري
طرف,طرف
طرف دار,ارد
طرف دار,بهافريدي
طرف دار,جزئي
طرف دار,دستيار
طرف دار,سياهپوش
طرف دار,شاگرد
طرف دار,طرفدار
طرف دار,قزلباش
طرف دار,قسط
طرف دار,كمك
طرف دار,مريد
طرف دار,معاون
طرف دار,مغرض
طرف دار,نسبي
طرف دار,يار
طرف دار,ياور
طرف دار,پرست
طرف،,طرف،
طريق,طريق
طريقت,طريقت
طريقي,طريقي
طشت,طشت
طشتري,خوانچه
طشتري,سكوره
طشتري,قاب
طشتري,نعلبكي
طشتري,پتنوس
طعام,خوراك
طعام,صندل
طعام گاہ,رستوران
طعام گاہ,رستورانت
طعام گاہ,سفرهخانه
طعام گاہ,فست فود
طعام گاہ,مهمان
طعام گاہ,هوتل
طعام گاہ,پرس
طعن,طعن
طعنہ,طعنه
طعنہ,پوزخند
طغرل,طغرل
طغيان,طغيان
طفل,طفل
طفلان,طفلان
طفلك,طفلك
طفلكي,طفلكي
طفلي,طفلي
طلا كار,طلاكار
طلا كاري,تذهيب
طلا كاري,طلاكاري
طلاق,جدايي
طلاق,طلاق
طلاق,طلاق دادن
طلاق,يله كردن
طلب,حجره
طلب,شاگرد
طلب,طلب
طلبي,طلبي
طلسم,طلسم
طلعت,جنبه
طلعت,جهت
طلعت,طلعت
طلعت,منظر
طلعت,نوراني
طلعت,هي
طلعتش,طلعتش
طلوع,طلوع
طلوع,هاون
طلوع,چاشت
طناب,طناب
طناز,طناز
طوائف,جلب
طوائف,خاص
طوائف,روسپي
طوائف,روسپيزاده
طوائف,سياهه
طوائف,شلف
طوائف,غر
طوائف,فاحشه
طوائف,كسكش
طوائف,لوند
طواف,طواف
طوافش,طوافش
طوبي,خوشگوار
طوبي,طوبي
طوبي,لذيذ
طوبي,گوارا
طور,انطلياس
طور,تل
طور,تمب
طور,تپه
طور,سهند
طور,سوار كردن
طور,صهيون
طور,طور
طور,قنداق
طور,لو
طوس,طوس
طوسي,طوسي
طوطا,طوطي
طوطي,طوطي
طوف,طوف
طوفان,بوراب
طوفان,سيل
طوفان,سيلاب
طوفان,سيلان
طوفان,طوفان
طوفان,كولاك
طوفان,نوح
طوفانش,طوفانش
طوفانم,طوفانم
طوفاني,طوفاني
طوق,طوق
طول,طول
طول و عرض,امتداد
طول و عرض,جسامت
طول و عرض,درازا
طول و عرض,سفت
طول و عرض,طول
طول و عرض,عرض
طول و عرض,فرات
طول و عرض,قدم زدن
طول و عرض,كوتاه
طول و عرض,وسعت
طول و عرض,پهنا
طول و عرض,چارك
طولاني,طولاني
طويل,طويل
طي,طي
طيار,طيار
طيارہ,بلند شدن
طيارہ,جنگنده
طيارہ,رنده
طيارہ,صاف
طيارہ,صفحه
طيارہ,صنار
طيارہ,طياره
طيارہ,فروند
طيارہ,ملكوت
طيارہ,هواپيما
طيارہ,هواپيماي جت
طيارہ,پهپاد
طيارہ,چنار
طيب,ابگينه
طيب,ادكلن
طيب,اسپرم
طيب,ايزوله
طيب,بستني
طيب,جوهر
طيب,حنا
طيب,خامه
طيب,خجير
طيب,خوشبو
طيب,خوشگوار
طيب,ذات
طيب,روحاني
طيب,ريحان
طيب,سمنت
طيب,شمه
طيب,شيريخ
طيب,طيب
طيب,عاطر
طيب,عرض
طيب,عطار
طيب,عطر
طيب,فري
طيب,قيماق
طيب,كرم
طيب,كريمي
طيب,لذيذ
طيب,لعاب
طيب,مايه
طيب,مطبوع
طيب,موافق
طيب,موميا
طيب,نكهت
طيب,گوارا
طير,افريده
طير,افرينش
طير,خفاش
طير,ديو
طير,سمندر
طير,شبكور
طير,مخلوق
طير,پرنده
طيران گاہ,فرودگاه
طيران گاہ,ميدان هوايي
طيران گاہ,گيت
طيلسان,طيلسان
طين,طين
طينت,طينت
طيور,طيور
طے كرنا,تعيين كردن
ظالم,بيدادپيشه
ظالم,ترك
ظالم,جابر
ظالم,ديكتاتور
ظالم,سنگدل
ظالم,ظالم
ظالم,ظالمانه
ظالم,كم لطفي
ظالم,ناروا
ظاہر,ظاهر
ظاہر,مظهر
ظاہر,نمايان
ظاہر,نمودار
ظاہر,هويدا
ظاہر,وليعهد
ظاہر,پديدار
ظاہر,پيدا
ظرف,بارگنج
ظرف,جعبه
ظرف,حلب
ظرف,خنور
ظرف,دان
ظرف,ظرف
ظرف,كانتينر
ظرف,ميدان
ظرف,چايبر
ظروف,تجملات
ظروف,نقش و نگار
ظريف,ظريف
ظفر,انتفاع
ظفر,بهره
ظفر,توفيق
ظفر,سو
ظفر,سوختن
ظفر,سود
ظفر,صرفه
ظفر,ظفر
ظفر,غلبه
ظفر,فايده
ظفر,فتح
ظفر,فتحالله
ظفر,فيروز
ظفر,فيلترشكن
ظفر,كامروايي
ظفر,كاميابي
ظفر,منفعت
ظفر,موفقيت
ظفر,ناموفق
ظفر,نجاح
ظفر,نفع
ظفر,هر كه طاووس خواهد جور هندوستان كشد
ظفر,ورز
ظفر,پختن
ظفر,پيروزي
ظل,ظل
ظلام,ظلام
ظلم,استم
ظلم,اشتلم
ظلم,اوار
ظلم,اواره
ظلم,بطش
ظلم,بيداد
ظلم,بيداد كردن
ظلم,بيدادي
ظلم,جفا
ظلم,خلاف
ظلم,داد
ظلم,ستم
ظلم,ظلم
ظلم,مانيد
ظلم,مرتكب
ظلم,مرتكب شدن
ظلم و ستم,استم
ظلم و ستم,اشتلم
ظلم و ستم,اواره
ظلم و ستم,بطش
ظلم و ستم,بيداد
ظلم و ستم,بيدادي
ظلم و ستم,جفا
ظلم و ستم,داد
ظلم و ستم,ستم
ظلم و ستم,ظلم
ظلمات,ظلمات
ظلمت,ظلمت
ظلمتش,ظلمتش
ظن,ظن
ظہرانہ,عصرانه
ظہرانہ,ناهار
ظہرانہ,نهار
ظہرانہ,چاش
عائلي,خانوادگي
عائلہ,شاخه
عابد,اهل ايمان
عابد,ايزدي
عابد,ايماندار
عابد,جان نثار
عابد,ديندار
عابد,عابد
عابد,مؤمن
عابد,مخلص
عابد,مهر
عابد,پرست
عابد,پرستار
عابدہ,اهل ايمان
عابدہ,ايماندار
عابدہ,عابد
عابدہ,مؤمن
عابدہ,مهر
عابدہ,پرست
عابدہ,پرستار
عاجز,عاجز
عاجزي,بوس
عاجزي,بيچارگي
عاجزي,تعارف
عاجزي,تواضع
عاجزي,حلم
عاجزي,خوارشماري
عاجزي,عاجزي
عاجزي,ناتواني
عادت,ائين
عادت,خرقه
عادت,خلق
عادت,خوي
عادت,درون
عادت,دستنماز
عادت,زنجيرزني
عادت,سنت
عادت,سينه زني
عادت,عادت
عادت,غسل
عادت,متوضا
عادت,هاون
عادت,هنجار
عادت,ورز
عادت,وضو
عادت,پيشه
عادت,گاه
عادل,عادل
عادي,اشنا
عادي,جقي
عادي,رسمي
عادي,طبق معمول
عادي,عادي
عادي,متعارف
عادي,معتاد
عادي,معمول
عادي,نرمال
عار,عار
عارض,عارض
عارضي,دستي
عارضي,صيغه
عارضي,عارضي
عارضي,منزل
عارضي,موقت
عارضي,هوس
عارف,عارف
عارف والا,اشراف
عارف والا,شرفا
عارفان,عارفان
عاري,اشفته
عاري,برهنه
عاري,بيعرضه
عاري,تنجيدن
عاري,درمانده
عاري,رنجور
عاري,عاري
عاري,عريان
عاري,فروماندن
عاري,كممايه
عاري,لخت
عاري,لچ
عاري,معصوم
عاري,پتي
عاري,پريش
عاري,پريشان
عاري,پفيوز
عاشق,ارزومند
عاشق,اهل
عاشق,دلبستگي
عاشق,رخم
عاشق,سوري
عاشق,شوق
عاشق,عاشق
عاشق,عاطفه
عاشق,علاقه
عاشق,علاقه داشتن
عاشق,محبت
عاشق,ملاطفت
عاشق,مهر
عاشقان,عاشقان
عاشقي,عاشقي
عاصي,عاصي
عاصي,ياغي
عاصي,گناهكار
عاصيان,عاصيان
عافيت,عافيت
عاقبت,عاقبت
عالم,ادمي
عالم,افضل
عالم,اهل علم
عالم,اهل معرفت
عالم,باهوش
عالم,بلد
عالم,جهان
عالم,حكيم
عالم,حكيمجي
عالم,داكتر
عالم,دانا
عالم,دانشمند
عالم,دكتر
عالم,دكتر ميخواهم
عالم,دكتور
عالم,دوره
عالم,رد
عالم,زنير
عالم,سواد
عالم,شاگرد
عالم,طبيب
عالم,عالم
عالم,عليم
عالم,فرزانه
عالم,قلاووز
عالم,كائنات
عالم,كيهان
عالم,مؤدب
عالم,محقق
عالم,هوشمند
عالم,هوشيار
عالم,ويرا
عالم,پزشك
عالم,گيتي
عالمان,عالمان
عالمتاب,عالمتاب
عالمي,عالمي
عالمي حدت,گرمايش زمين
عالمي وبا,دنياگيري
عالمي وبا,همهگير
عالمگير,عالمگير
عالي,افضل
عالي,اهل
عالي,اهورامزدا
عالي,اير
عالي,برامده
عالي,برين
عالي,تيم
عالي,سامي
عالي,سرافراز
عالي,سراي
عالي,سمي
عالي,شريف
عالي,صدر
عالي,صدراعظم
عالي,عالي
عالي,عظيم
عالي,عليه
عالي,كبير
عالي,لالا
عالي,مجداني
عالي,مرتفع
عالي,معظم
عالي,ميرزا
عالي,نجيب
عالي,والا
عالي,گراندوشس
عالي,گراندوك
عام,بازاري
عام,جهاني
عام,ساده
عام,شمولي
عام,عادي
عام,عام
عام,فوقالعاده
عام,كيهاني
عام,معمولي
عام طور سے,ادريس
عام طور سے,اوستاد
عام طور سے,به طور كلي
عام طور سے,تيره
عام طور سے,عموما
عام طور سے,قبرس
عام طور سے,قشر
عام طور سے,كوچ
عام طور سے,محاربه
عام طور سے,معمولا
عام طور سے,ين
عام طور پر,ادريس
عام طور پر,اوستاد
عام طور پر,به طور كلي
عام طور پر,تيره
عام طور پر,عموما
عام طور پر,قبرس
عام طور پر,قشر
عام طور پر,كوچ
عام طور پر,محاربه
عام طور پر,معمولا
عام طور پر,ين
عامان,عامان
عامل,عامل
عاملہ,كميته
عاملہ,كميسيون
عاملہ,هيئت
عامي,عامي
عبادت,ارادت
عبادت,بت
عبادت,صنم
عبادت,عبادت
عبادت,فرخار
عبادت,فغ
عبادتي,سالك
عبادتي,عابد
عبادتي,مخلص
عبادتي,مريد
عبادتي,مهر
عبادتي,پرست
عبادتي,پرستار
عبث,عبث
عبد,عبد
عبدا,عبدا
عبراني,اسحاق
عبراني,اسرائيلي
عبراني,صهيونيست
عبراني,عبراني
عبراني,عبري
عبراني,نتانياهو
عبراني,هارون
عبراني,يعقوب
عبراني,پرهام
عبرت,عبرت
عبرتي,عبرتي
عبري,اسحاق
عبري,عبراني
عبري,عبري
عبري,نتانياهو
عبري,هارون
عبري,يعقوب
عبري,پرهام
عتاب,عتاب
عتابي,عتابي
عثماني,امپراتوري عثماني
عثماني,اهل
عثماني,ايالت
عثماني,بيگلربيگي
عثماني,تيمار
عثماني,خان
عثماني,خنكار
عثماني,روم
عثماني,شهروند
عثماني,عثمان
عثماني,عثماني
عثماني,قسطنطنيه
عثماني,هيوادوال
عجائب,اعجوبه
عجائب,تعجب كردن
عجائب,سبك خراساني
عجائب,شگفت
عجائب,عجب
عجائب,كرامت
عجائب,كنجكاوي
عجائب,هوس
عجائب گھر,موزه
عجائب گھر,موزيم
عجب,اجنبي
عجب,بديع
عجب,بوالعجب
عجب,بيگانه
عجب,حسابي
عجب,شگرف
عجب,عجب
عجب,عجيب
عجب,غريب
عجب,فوقالعاده
عجب,كرامت
عجب,كوارك شگفت
عجب,معركه
عجب,ورجاوند
عجز,عجز
عجم,عجم
عجمي,عجمي
عجوبہ,اعجاز
عجوبہ,اعجوبة
عجوبہ,اعجوبه
عجوبہ,تعجب كردن
عجوبہ,شگفت
عجوبہ,عجب
عجوبہ,عجوبه
عجوبہ,كرامت
عجوبہ,معجزه
عجول,تك
عجول,تكان
عجول,تند
عجول,تيز
عجول,دژند
عجول,شيب
عجول,عجول
عجول,فرز
عجول,كروش
عجول,چابك
عجول,چالاك
عجول,چست
عجيب,اجنبي
عجيب,بوالعجب
عجيب,بيگانه
عجيب,عجب
عجيب,عجيب
عجيب,غريب
عجيب,كوارك شگفت
عجيب,مستغرب
عدالت,عدالت
عداوت,عداوت
عدد,عدد
عدس,دال
عدس,عدس
عدس,عدسي
عدس,مردمك
عدل,عدل
عدم,باطل
عدم,بيفرهنگ
عدم,خشكي
عدم,خلاء
عدم,عدم
عدم,فقدان
عدم,كمبود
عدم,نبود
عدم,نفي
عدم,نيستي
عدم,هيچستان
عدو,عدو
عذاب,ازردن
عذاب,شكنج
عذاب,شكنجه
عذاب,شكنجه دادن
عذاب,شكنجه كردن
عذاب,عذاب
عذاب,قين
عذر,عذر
عراق,عراق
عراقي,سبك عراقي
عراقي,عراقي
عراقي,فسنجان
عرب,اسياي غربي
عرب,بلوچستان
عرب,تازي
عرب,خليج فارس
عرب,سند
عرب,عرب
عرب,عربستان
عرب,عربي
عرب,كراچي
عربستان,ابوظبي
عربستان,اردن
عربستان,اسياي غربي
عربستان,امارات
عربستان,امارات متحده عربي
عربستان,امان
عربستان,بابل
عربستان,بحرين
عربستان,بلوچستان
عربستان,تازي
عربستان,جده
عربستان,حجاز
عربستان,خليج فارس
عربستان,دبي
عربستان,درياي مرده
عربستان,دوحه
عربستان,رع
عربستان,رياض
عربستان,سند
عربستان,شام
عربستان,شقرا
عربستان,صنعا
عربستان,طور
عربستان,عدن
عربستان,عرب
عربستان,عربستان
عربستان,عربستان سعودي
عربستان,عربي
عربستان,عمان
عربستان,فلسطين
عربستان,قطر
عربستان,كراچي
عربستان,كويت
عربستان,لوسيل
عربستان,لوكزامبورگ
عربستان,مجاور
عربستان,مدينه
عربستان,مسقط
عربستان,مصري
عربستان,مكه
عربستان,منامه
عربستان,نجد
عربستان,هاماوران
عربستان,هرمز
عربستان,يمن
عربي,عربي
عرش,افرنگ
عرش,اورند
عرش,برنشستن
عرش,تخت
عرش,تخت طاووس
عرش,جلوس
عرش,سرير
عرش,عرش
عرش,مسند
عرش,گاه
عرشي,اسماني
عرشي,افرنگ
عرشي,اورند
عرشي,ايزد
عرشي,براق
عرشي,برنشستن
عرشي,برين
عرشي,به درد بخور
عرشي,بهشتي
عرشي,تخت
عرشي,تخت طاووس
عرشي,جاندار
عرشي,جلوس
عرشي,زاوش
عرشي,ستارهاي
عرشي,سر زدن
عرشي,سروش
عرشي,سرير
عرشي,سمي
عرشي,طالع
عرشي,طلوع
عرشي,عالي
عرشي,عرش
عرشي,عرشي
عرشي,علوي
عرشي,عليه
عرشي,فرشته
عرشي,فريادرس
عرشي,قدسي
عرشي,مسند
عرشي,مسير
عرشي,ملك
عرشي,يزدان
عرشي,گاه
عرشي,گرزمان
عرشي,گرودمان
عرشيان,عرشيان
عرض,طومار
عرض,عرض
عرض,عرض حال
عرض,عرض كردن
عرض,عرضحال
عرض,پهنا
عرض,گشادي
عرضي,اعمال
عرضي,برنامه
عرضي,تسليم
عرضي,درخواست
عرضي,كاربرد
عرف,قدومه
عرفان,عرفان
عرفي,عرفي
عرق,اب
عرق,اب ميوه
عرق,ابليمو
عرق,افشره
عرق,او
عرق,باده
عرق,خوي
عرق,خوي كردن
عرق,رطوبت
عرق,سانديسخور
عرق,شيره
عرق,عرق
عرق,عرق كردن
عرق,ماء
عرق,مزه
عرق,نم
عرق,پانيد
عروج,عروج
عروس,عروس
عروق,عروق
عريان,عريان
عرياني,عرياني
عزت,ارز
عزت,شهرت
عزت,عزت
عزت,ننگ
عزت,وقع
عزت,گاه
عزت دار,ارجمند
عزت دار,بانووار
عزت دار,تشريف
عزت دار,محترم
عزت دار,پاكباز
عزلت,عزلت
عزم,اهنگ
عزم,تصميم
عزم,حل
عزم,رفع
عزم,عزم
عزم,قطعنامه
عزم,وضوح
عزمش,عزمش
عزي,عزي
عزيز,از دست دادن
عزيز,اليجو
عزيز,جان
عزيز,جاني
عزيز,جگر
عزيز,عزيز
عزيز,عزيزان
عزيز,عزيزم
عزيز,فري
عزيز,محبوب
عزيز,واي
عزيز,گرامي
عسكر,عسكر
عسل,انگبين
عسل,شهد
عسل,عسل
عشا,عشا
عشائيہ,شام
عشائيہ,عصرانه
عشاق,عشاق
عشرت,عشرت
عشق,تند
عشق,جوشش
عشق,حسرت
عشق,دژند
عشق,رگبار
عشق,سخت
عشق,سودا
عشق,سوزان
عشق,شبيه
عشق,شديد
عشق,شهواني
عشق,عشق
عشق,هوا
عشق,هوس
عشق,هوي
عشق,ولع
عشق,پرشور
عشق,گرم
عشق،,عشق،
عشقي,عشقي
عشقيہ,رقاص
عصا,عصا
عصر,عصر
عصيان,بغاوت
عصيان,شورش
عصيان,عصيان
عضو,ارغنون
عضو,ارگ
عضو,الت
عضو,اندام
عضو,تخمدان
عضو,جهاز
عضو,شامورتي
عضو,عضو
عطا,اور
عطا,بيخبر
عطا,تدريس
عطا,سست
عطا,عطا
عطار,عطار
عطر,ادكلن
عطر,بو
عطر,بوي
عطر,خوشبو
عطر,رايحه
عطر,سراغ
عطر,شميم
عطر,طيب
عطر,عطار
عطر,عطر
عطر,نكهت
عطر,يوز
عظم,است
عظم,استخوان
عظم,زند
عظم,عظم
عظمت,ابهت
عظمت,اروند
عظمت,اورند
عظمت,جاه
عظمت,جلوه
عظمت,خوره
عظمت,راي
عظمت,ستايش
عظمت,سنگ
عظمت,شكوه
عظمت,شهرت
عظمت,شوكت
عظمت,عز
عظمت,عظمت
عظمت,فخر
عظمت,قدر
عظمت,كرامت
عظمت,كرم
عظمت,مقام
عظمت,مكان
عظمت,نخوت
عظمت,وقار
عظمت,وقع
عظيم,اخر الاخرين
عظيم,الله
عظيم,انا لله و انا اليه راجعون
عظيم,تيم
عظيم,روم
عظيم,سراي
عظيم,صدر
عظيم,صدراعظم
عظيم,عزيز
عظيم,عظيم
عظيم,فاخر
عظيم,فراخ
عظيم,كبير
عظيم,ورجاوند
عظيم,وسيع
عظيم,پهناور
عظيم,گراندوشس
عظيم,گراندوك
عفت,عفت
عفريت,عفريت
عفو,استعفا
عفو,بخشايش
عفو,بخشش
عفو,بخشنده
عفو,بخشودن
عفو,بخشيدن
عفو,رحمن
عفو,رحيم
عفو,عفو
عفو,عفو كردن
عفو,معافي
عفو,معذرت
عفو,مغفرت
عفو,پوزش
عفو,گذشتن
عقاب,اله
عقاب,دال
عقاب,رديف
عقاب,شكنج
عقاب,شكنجه
عقاب,شكنجه دادن
عقاب,شكنجه كردن
عقاب,شهباز
عقاب,عذاب
عقاب,عقاب
عقاب,عقاب فيليپيني
عقاب,قين
عقاب,نسر
عقابان,عقابان
عقابي,عقابي
عقبي,عقبي
عقل,اتنا
عقل,احاطه
عقل,تفاهم
عقل,حكم
عقل,حكمت
عقل,خرد
عقل,دانايي
عقل,دانشمندي
عقل,درك
عقل,دريافت
عقل,عقل
عقل,فرزانگي
عقل,فهم
عقل,معقول
عقل,هنر
عقل,هوش
عقل,پير مغان
عقلمند,ارغه
عقلمند,باهوش
عقلمند,ترفند
عقلمند,تيز
عقلمند,دستان
عقلمند,ذكيه
عقلمند,روباه
عقلمند,زبل
عقلمند,زرنگ
عقلمند,زنير
عقلمند,عياري
عقلمند,موبايل
عقلمند,موذي
عقلمند,هوشمند
عقلمند,هوشيار
عقلمند,چالاك
عقيق,عقيق
عقيلہ,عقيله
عقيم,عقيم
عكرشہ,خرگوش
عكرشہ,نر
عكس,انعكاس
عكس,اپوزيسيون
عكس,بازتابي
عكس,برگشت
عكس,تامل
عكس,تصوير
عكس,تضاد
عكس,خلاف
عكس,در صورتي كه
عكس,دولت عميق
عكس,سايه
عكس,ستيزي
عكس,شات
عكس,ضد
عكس,ظل
عكس,عكس
عكس,عكس گرفتن
عكس,غور
عكس,فرتور
عكس,مخالفت
عكس,مقابل
عكس,مقابله
عكس,مواجهه
عكس,همتا
علاج,اهل انصاف
علاج,جان دارو
علاج,حكمت
علاج,درمان
علاج,درمان كردن
علاج,شفا
علاج,شفاء
علاج,طبي
علاج,علاج
علاج,فشاري
علاج,كم لطفي
علاج,معالجه
علاج,پرهيز
علاج,چاره
علاقہ,اداره
علاقہ,استخدام
علاقہ,اشتغال
علاقہ,اورژانس
علاقہ,بردو
علاقہ,تولوز
علاقہ,حاكميت
علاقہ,خدمت
علاقہ,خيابان
علاقہ,دپارتمان
علاقہ,شغل
علاقہ,صله
علاقہ,قلمرو
علاقہ,كومور
علاقہ,مشغله
علاقہ,وانده
علاقہ,پنتاگون
علامت,ادب
علامت,ادب فارسي
علامت,ادبيات
علامت,ادبيات انگليسي
علامت,ادبيات فارسي
علامت,ارم
علامت,اسلحه
علامت,اغوش
علامت,باژ
علامت,بيماري
علامت,جانه
علامت,درد
علامت,رم
علامت,رنج
علامت,زنار
علامت,ستاره
علامت,سختافزار
علامت,شماره
علامت,شمايل
علامت,عدد
علامت,عرض
علامت,علامت
علامت,فارسيات
علامت,فروهر
علامت,كراك
علامت,كرن
علامت,مرض
علامت,مريضي
علامت,نشان
علامت,نشانه
علامت,نماد
علامت,هكر
علامت,ويروس
علامت,يراق
علامت,پرينتر
علامت,پيكسل
علامت,چاپگر
علت,علت
علف,بيده
علف,دانه
علف,سبزه
علف,سبزهزار
علف,سرسبز
علف,علف
علف,علف بايد به دهان بزي شيرين بيايد
علف,غرواس
علف,قرموت
علف,نشخوار
علف,واش
علف,گياه
علل,علل
علم,ائين
علم,ادب
علم,ادب فارسي
علم,ادبيات
علم,ادبيات انگليسي
علم,ادبيات فارسي
علم,اذين
علم,ارايش
علم,اطلاعرساني
علم,اموزش
علم,انفورماتيك
علم,بهداشت
علم,تحصيل
علم,تزيين
علم,تعلم
علم,خاتم
علم,خشت
علم,داروسازي
علم,دانايي
علم,زيور
علم,سنان
علم,شاخص
علم,شل
علم,طب
علم,علم
علم,علوم سياسي
علم,فارسيات
علم,فضل
علم,فيزيكي
علم,قم
علم,معرفت
علم,نشان
علم,نوار
علم,نيزه
علم,يادگيري
علم،,علم،
علما,علما
علمي,استادانه
علمي,ترم
علمي,علم
علمي,علمي
علمي,فشاري
علمي,مقاله
علميات,معرفتشناسي
علوم,علوم
علي,ابن
علي,ابو
علي,به
علي,بي
علي,تلقين
علي,جان نثار
علي,خوي
علي,ذوالفقار
علي,را
علي,رفيق
علي,زير
علي,شيعه
علي,عاريت
علي,علي
علي,فارسيات
علي,فرو
علي,مانتو
علي,ياعلي
علي,پادوسپان
علي قلي,تيمور
علي قلي,جغتايي
علي قلي,مغولستان
عليحدگي,جدا
عليحدگي,جدا از
عليحدگي,جدا شدن
عليحدگي,كندوري
عليحدگي,پاره
عليحدگي,چهارباغ
عليحدگي,گذشته از
عليحدگي,گسستن
عليحدگي,گسسته
عليحدہ,بخيدن
عليحدہ,جدا
عليحدہ,جدا از
عليحدہ,جدا شدن
عليحدہ,سامان
عليحدہ,شمرده
عليحدہ,كندوري
عليحدہ,متمايز
عليحدہ,مستقل
عليحدہ,واخيدن
عليحدہ,پاره
عليحدہ,گذشته از
عليحدہ,گسستن
عليہ الصلاۃ والسلام,عليه الصلات والسلام
عمارات,عمارات
عمارت,عمارت
عمارت گر,سازنده
عمارت گر,معمار
عماري,عماري
عمان,اردن
عمان,امان
عمان,درياي مرده
عمان,شام
عمان,عربستان
عمان,عمان
عمان,فلسطين
عمان,مسقط
عمان,هرمز
عمر,ابوبكر
عمر,ايزد
عمر,بيسراك
عمر,تراويح
عمر,تسنن
عمر,جانشين
عمر,جهانگير
عمر,خردسال
عمر,سني
عمر,شيعه
عمر,طالبان
عمر,علي
عمر,عمر
عمر,غيب
عمر,فارغالتحصيل
عمر,قبرس شمالي
عمر,كريمه
عمر,كندوري
عمر,لوتارنژي
عمر,مرسل
عمر,مكه
عمر,يزدان
عمري,عمري
عمرہ,حاج
عمرہ,حج
عمرہ,زيارت
عمرہ,عمره
عمرہ,كربلا
عمرہ,مشهدي
عمرہ,ميقات
عمل,اثر
عمل,اثر گلخانهاي
عمل,انباكسينگ
عمل,باروري
عمل,تاثير
عمل,ثواب
عمل,در حال
عمل,روند
عمل,سند
عمل,صنع
عمل,عمل
عمل,فرايند
عمل,قطع كردن
عمل,قول
عمل,كار
عمل,كارگر
عمل,كردار
عمل,كرن
عمل,مر
عمل,نافذ
عمل,نورد
عمل,يسم
عمل,پروسه
عمل,چك
عملہ,عصا
عملہ,فاكولته
عملہ,كارمند
عملہ,مصالح
عملہ,ميرزا
عملہ,پرسنل
عملہ,چوب
عموما,ادريس
عموما,اوستاد
عموما,تيره
عموما,عموما
عموما,قشر
عموما,كوچ
عموما,معمولا
عموما,ين
عميق,عميق
عنا,عنا
عنابي,ارغواني
عنابي,دهنه
عنابي,ديز
عنابي,رنگ
عنابي,رنگي
عنابي,شكلاتي
عنابي,عنابي
عنابي,نقرهاي
عنابي,يشمي
عنابي,گون
عنادل,عنادل
عناصر,عناصر
عنان,عنان
عنايات,عنايات
عنايت,التفات
عنايت,بخشش
عنايت,خوبي
عنايت,خورشيد
عنايت,طرفداري كردن
عنايت,عنايت
عنايت,عنايتالله
عنايت,كرم
عنايت,لطف
عنايت,محبت
عنايت,ملاطفت
عنايت,مهر
عنايت,مهرباني
عنايت,نيكي
عنب,انگور
عنب,باده
عنب,عنب
عنب,غوره
عنب,غژب
عنب,كرم
عنب,كشمش
عنب,ميده
عنب,وين
عنبرين,عنبرين
عنتري,عنتري
عندليب,عندليب
عندي,عندي
عنصر,سرب
عنصر,عضو
عنصر,عنصر
عنقا,عنقا
عنوان,اوكي
عنوان,برداشت
عنوان,تلميح
عنوان,تيتر
عنوان,در
عنوان,ديباچه
عنوان,را
عنوان,عنوان
عنوان,فاتحه
عنوان,كه
عنوان,مطلب
عنوان,مقدمه
عنوان,موضوع
عنوان,ميگم
عوام,ازدحام
عوام,انبوه
عوام,بلوك
عوام,توده
عوام,جماعت
عوام,جمع
عوام,جمعيت
عوام,جنجال
عوام,خلق
عوام,دنگل
عوام,شلوغي
عوام,عوام
عوامي,محبوب
عوامي,پرطرفدار
عوامي,چلوكباب
عود,عود
عودش,عودش
عورت,عورت
عوض,عوض
عيادت,بار
عيادت,بازديد
عيادت,بهبود
عيادت,خوره
عيادت,درود
عيادت,درود بر تو
عيادت,ديدار
عيادت,ديدار كردن
عيادت,ديدن كردن
عيادت,ديدني
عيادت,رفاه
عيادت,زيارت
عيادت,سر زدن
عيادت,سلامت
عيادت,شكيبنده
عيادت,شكيفتن
عيادت,صبور
عيادت,صلي الله عليه وسلم
عيادت,عيادت
عيادت,مبتلا
عيادت,مريضي
عيادت,معطل كردن
عيادت,ژكفر
عيار,عيار
عياري,عياري
عياشي,هرزگي
عيال,عيال
عيان,عيان
عياں,اشكارا
عياں,صريح
عياں,ظاهر
عياں,عيان
عياں,فاش
عياں,مشخص
عياں,مشهود
عياں,مظهر
عياں,نمايان
عياں,نمودار
عياں,نه پس
عياں,هويدا
عياں,واضح
عياں,پديد
عياں,پديدار
عياں,پيدا
عيب,اشتباه
عيب,اهو
عيب,بار
عيب,تقصير
عيب,خدشه
عيب,خرده گرفتن
عيب,خطا
عيب,داغ
عيب,رسوايي
عيب,عيب
عيب,كاستي
عيب,معاون
عيب,مقصر
عيب,نائب
عيب,نقص
عيب,ننگ
عيد,جشن
عيد,جشنواره
عيد,شب يلدا
عيد,عيد
عيد,عيد فطر
عيد,مهرگان
عيد,ميزد
عيد,يلدا
عيد,چهارشنبهسوري
عيد الفطر,عيد فطر
عيد مبارك,عيد مبارك
عيد مبارك,مبارك
عيد ميلاد مسيح,بابا نوئل
عيد ميلاد مسيح,كريسمس
عيد ميلاد مسيح,نوئل
عيسائي دھرم,اورشليم
عيسائي دھرم,بيتالمقدس
عيسائي دھرم,ترسايي
عيسائي دھرم,مسيحيت
عيسائيت,اورشليم
عيسائيت,بيتالمقدس
عيسائيت,ترسايي
عيسائيت,مسيحيت
عيسوي,مارس
عيسوي,ميلادي
عيسوي,گريگوري
عيسي,حواري
عيسي,عيسوي
عيسي,عيسي
عيسي,مسيحا
عيسي,يوسف
عيسي مسيح,حواري
عيسي مسيح,عيسوي
عيسي مسيح,عيسي
عيسي مسيح,مسيح
عيسي مسيح,مسيحا
عيسي مسيح,يوسف
عيش,تجمل
عيش,تنعم
عيش,راحتالحلقوم
عيش,شهواني
عيش,شوق
عيش,صفا
عيش,عيش
عيش,لذت
عيش,ناز
عيش,نعيم
عيش كرنا,اقامت داشتن
عيش كرنا,اينا
عيش كرنا,تجمل
عيش كرنا,تنعم
عيش كرنا,زنده باد
عيش كرنا,زندگي كردن
عيش كرنا,زياد
عيش كرنا,زيستن
عيش كرنا,زيويدن
عيش كرنا,عيش
عيش كرنا,كجا زندگي ميكنيد
عيش كرنا,ناز
عيش كرنا,نعيم
عين,خودنويس
عين,سقاخانه
عين,شادروان
عين,عين
عين,فواره
عينك,عينك
عينك,قاب
عہد,التزام
عہد,تاريخ
عہد,زمان
عہد,زمانه
عہد,زنهار
عہد,عصر
عہد,عهد
عہد,مهر
عہد,وثيقه
عہد,يوم
عہد,پيمان
عہد,گرو
عہد,گروگان
عہد نامہ,انجيل
عہد نامہ,عهد
عہد نامہ,وصيت
عہد نامہ,وصيتنامه
عہد نامہ,يعقوب
عہد نامہ,پاول
عہد نامہ,پولس
عہد نامہ جديد,انجيل
عہد نامہ جديد,عهد
عہد نامہ جديد,وصيت
عہد نامہ جديد,وصيتنامه
عہد نامہ جديد,يعقوب
عہد نامہ جديد,پاول
عہد نامہ جديد,پولس
عہد نامہ قديم,انجيل
عہد نامہ قديم,عهد
عہد نامہ قديم,وصيت
عہد نامہ قديم,وصيتنامه
عہد نامہ قديم,يعقوب
عہد نامہ قديم,پاول
عہد نامہ قديم,پولس
عہدہ,بار
عہدہ,باژ
عہدہ,تمكين
عہدہ,عهده
عہدہ,فرض
عہدہ,قانون گو
عہدہ,كشك
عہدہ,وظيفه
عہدہ,وظيفهام بود
غائب,حاضر
غائب,سربسته
غائب,غائب
غائب,غايب
غائب,غيب
غائب,كر
غائب,مخفي
غائب,مستور
غائب,مفقود
غائب,ناپديد
غائب,نهان
غائب,نيان
غائب,پنهان
غائب,گم
غائب ہونا,از دست رفتن
غائب ہونا,غيب
غائب ہونا,غيب شدن
غائب ہونا,ناپديد
غائب ہونا,ناپديد شدن
غائب ہونا,گم
غاب,غاب
غار,اروند
غار,اسيب
غار,اشكفت
غار,بلوچستان
غار,جراحت
غار,جوش
غار,خستن
غار,دربند
غار,ريش
غار,زخم
غار,سهمگين
غار,شنيع
غار,غار
غار,كهف
غار,كوهستان
غار,كوهكن
غار,لاي
غار,مجروح كردن
غار,مغاره
غار,مغارهها
غار,وحشتناك
غار,يارا
غار,پاميري
غار,پيچه
غارت,غارت
غارتگر,غارتگر
غارتگري,غارتگري
غاروں,اشكفت
غاروں,غار
غاروں,كهف
غاروں,مغاره
غاروں,مغارهها
غاري,غاري
غازي,غازي
غازيان,غازيان
غافل,غافل
غالب,غالب
غالبا,احتمالا
غالبا,اروند
غالبا,اغلب
غالبا,اكثر
غالبا,املاي نانوشته غلط ندارد
غالبا,امودريا
غالبا,ان
غالبا,انا لله و انا اليه راجعون
غالبا,حاجي
غالبا,سموت
غالبا,شايد
غالبا,ظاهرا
غالبا,غالبا
غالبا,غزل
غالبا,قيمتي
غالبا,كردستان
غالبا,لابد
غالبا,لرستان
غالبا,هم
غالبا,هندوستان
غالبا,يحتمل
غالي,ارجمند
غالي,ارزشمند
غالي,افراطي
غالي,اليجو
غالي,تندرو
غالي,جان
غالي,جاني
غالي,جگر
غالي,دهنه
غالي,عزيز
غالي,عزيزم
غالي,فري
غالي,قيمتي
غالي,محبوب
غالي,نفيس
غالي,واي
غالي,يشم
غالي,گرامي
غالي,گرانبها
غايب,غايب
غايت,غايت
غبار,غبار
غبارم,غبارم
غباري,غباري
غدار,بيوفا
غدار,خائن
غدار,خيانتكار
غدار,دامگاه
غدار,غدار
غدار,وطنفروش
غدارو,خائن
غدارو,خيانتكار
غدارو,وطنفروش
غداروں,خائن
غداروں,خيانتكار
غداروں,وطنفروش
غذا,توشه
غذا,خواربار
غذا,خوراك
غذا,رژيم
غذا,رژيم گرفتن
غذا,رژيمي
غذا,صندل
غذا,مقررات
غذا,پرهيز
غرب,غرب
غربت,غربت
غربي,غربي
غربيان,غربيان
غرض,اجمال
غرض,اختصار
غرض,برتني
غرض,خلاصه
غرض,خودپسندي
غرض,غرض
غرض,چكيده
غرق,غرق
غرناطہ,اسپانيا
غرناطہ,اكسيتانيا
غرناطہ,اندلس
غرناطہ,اندورا
غرناطہ,كاتالونيا
غروب,بيگاه
غروب,دخش
غروب,شام
غروب,شامگاه
غروب,غروب
غروب,فر
غرور,خودپسندي
غرور,دماغ
غرور,سرابستان
غرور,عجب
غرور,غرور
غرور,ناز
غرور,نخوت
غريب,بيچاره
غريب,درمانده
غريب,زبون
غريب,ستوه
غريب,غريب
غريب,غيرت
غريب,فروماندن
غريب,قاصر
غريب,ناچار
غريب,ناگزير
غريبان,غريبان
غريبم,غريبم
غريبي,غريبي
غزال,غزال
غزالان,غزالان
غزالي,غزالي
غزل,اسيايي
غزل,اغلب
غزل,اكثر
غزل,امودريا
غزل,انا لله و انا اليه راجعون
غزل,برادري
غزل,توران
غزل,سبك هندي
غزل,غالبا
غزل,غزل
غزل,قطعه
غزل,كردستان
غزل,لرستان
غزل,مطلع
غزل,مقطع
غزل,منتو
غزل,گو
غزلي,غزلي
غزنوي,غزنوي
غزني,غزني
غزوہ,استفساريه
غزوہ,برخورد
غزوہ,درگيري
غزوہ,زد و خورد
غزوہ,سينگل
غزوہ,كشمكش
غزوہ,گرفتار
غزہ,اسياي غربي
غزہ,باريكه
غزہ,بلوچستان
غزہ,سهراهي
غزہ,سيمسيار
غزہ,شام
غزہ,غزه
غزہ,كراسه
غزہ,نوار
غزہ,نوار غزه
غزہ,چله
غزہ پٹي,باريكه
غزہ پٹي,بلوچستان
غزہ پٹي,سهراهي
غزہ پٹي,سيمسيار
غزہ پٹي,غزه
غزہ پٹي,كراسه
غزہ پٹي,نوار
غزہ پٹي,نوار غزه
غزہ پٹي,چله
غسل,ابزن
غسل,حمام
غسل,حمام كردن
غسل,خزينه
غسل,دلاك
غسل,دوش گرفتن
غسل,شاور گرفتن
غسل,غسل
غسل,غسل كردن
غسل,گرمابه
غسل خانہ,ابتني
غسل خانہ,ابزن
غسل خانہ,تشناب
غسل خانہ,حمام
غسل خانہ,حمام كردن
غسل خانہ,خزينه
غسل خانہ,دستشويي
غسل خانہ,دلاك
غسل خانہ,دوش
غسل خانہ,دوش گرفتن
غسل خانہ,شاور
غسل خانہ,شاور گرفتن
غسل خانہ,غسل كردن
غسل خانہ,لنگ
غسل خانہ,مايو
غسل خانہ,گرمابه
غش,غش
غش,غش كردن
غش,كما
غضب,استم
غضب,اشتلم
غضب,افت
غضب,اواره
غضب,براشفته
غضب,بطش
غضب,بيداد
غضب,بيدادپيشه
غضب,جابر
غضب,جفا
غضب,حادثه
غضب,خشم
غضب,خشمگين
غضب,خشونت
غضب,خشونت خانگي
غضب,داد
غضب,دنيدن
غضب,دژم
غضب,روش
غضب,زور
غضب,زوش
غضب,ستم
غضب,ظالم
غضب,ظالمانه
غضب,ظلم
غضب,عصباني
غضب,عصبانيت
غضب,عنف
غضب,غضب
غضب,فاجعه
غضب,فتنه
غضب,فشاري
غضب,قهر
غضب,كله كيري
غضب,مبتلا
غضب,مصيبت
غضب,نكبت
غفلت,اهمال
غفلت,تغافل
غفلت,غفلت
غفلت,كوتاهي
غفير,ازدحام
غفير,اكثر
غفير,انبوه
غفير,بلوك
غفير,جماعت
غفير,جمع
غفير,جمعيت
غفير,جنجال
غفير,دشنهاجين
غفير,دنگل
غفير,شلوغي
غفير,كولمبيا
غفير,متعدد
غلاف,غلاف
غلام,جك
غلام,جلق زدن
غلام,جيك
غلام,حلقه به گوش
غلام,خرك
غلام,رند
غلام,غلام
غلام,فرمانبر
غلام,مطيع
غلام,منقاد
غلامان,غلامان
غلامم,غلامم
غلامي,غلامي
غلط,اشتباهي
غلط,اژگهان
غلط,باطل
غلط,بهتان
غلط,تهمت
غلط,خطا رفتن
غلط,دجال
غلط,دندان مصنوعي
غلط,شلتاق
غلط,غلط
غلط,غلط بودن
غلط,كاذب
غلط,كوه به كوه نميرسد، ادم به ادم ميرسد
غلط,چپه
غلط,گذشتن
غلط سمجھنا,اشتباه
غلط سمجھنا,اشتباه كردن
غلط سمجھنا,تقصير
غلط سمجھنا,خطا
غلط سمجھنا,غلط
غلط كرنا,اشتباه
غلط كرنا,اشتباه كردن
غلط كرنا,تقصير
غلط كرنا,خطا
غلط كرنا,خطا رفتن
غلط كرنا,غلط
غلط كرنا,غلط بودن
غلط كرنا,كوه به كوه نميرسد، ادم به ادم ميرسد
غلط كرنا,چپه
غلط كرنا,گذشتن
غلطد,غلطد
غلطي,ازمون و خطا
غلطي,اشتباه
غلطي,اشتباه كردن
غلطي,تقصير
غلطي,خطا
غلطي,غلط
غلطي,غلطي
غلطي,ياساق
غلطيد,غلطيد
غلمان,غلمان
غليظ,انبوه
غليظ,بيادب
غليظ,توليد ناخالص داخلي
غليظ,توليد ناخالص ملي
غليظ,جنگره
غليظ,خشن
غليظ,دشت
غليظ,دنگل
غليظ,ريمن
غليظ,قبيح
غليظ,كثيف
غليظ,نجس
غليظ,هندو
غليظ,پارگين
غليظ,پانيد
غليظ,پليد
غليظ,پوده
غليظ,چتل
غليظ,چرك
غليظ,چركين
غليظ,چيره
غليظ,گست
غلہ,بلال
غلہ,خوشه
غلہ,درون
غلہ,ذرت
غلہ,سنبله
غلہ,غله
غلہ,كود
غلہ,ميخچه
غلہ,ورز
غم,افسردگي
غم,افسردگي پس از زايمان
غم,اندوه
غم,انديشيدن
غم,بي خيال
غم,تعلق
غم,حزن
غم,خصوص
غم,خيره
غم,دغدغه
غم,دلواپسي
غم,دلگيري
غم,دود
غم,رخت
غم,رسانه
غم,ركود
غم,زنجيرزني
غم,سووشون
غم,سوگ
غم,سوگوار
غم,سوگواري
غم,عزا
غم,عزادار
غم,عزاداري
غم,غم
غم,غمگيني
غم,مست
غم,ناراضگي
غم,نوحه
غم,نگراني
غم,پروا
غم,گودال
غم،,غم،
غماز,غماز
غمازي,غمازي
غمان,غمان
غمر,باديه
غمر,طاس
غمر,كاسه
غمر,كشكول
غمر,لانجين
غمر,پنگان
غمش,غمش
غمناك,غمناك
غمو,اندوه
غمو,حزن
غمو,دلگيري
غمو,دود
غمو,رخت
غمو,رسانه
غمو,غمگيني
غمو,ناراضگي
غموں,اندوه
غموں,حزن
غموں,دلگيري
غموں,دود
غموں,رخت
غموں,رسانه
غموں,غمگيني
غموں,ناراضگي
غمي,غمي
غمگسار,غمگسار
غنودگي,نشئه
غني,غني
غنيم,غنيم
غنيمت,غنيمت
غنچہ,جشن
غنچہ,شب يلدا
غنچہ,عيد
غنچہ,عيد فطر
غنچہ,ميزد
غنڈہ,لات
غنڈہ,نوچه
غنہ,خيشومي
غنہ,زير
غنہ,سكون
غنہ,صدادار
غنہ,مجهول
غنہ,مصوت
غنہ,معروف
غنہ,معروف و مجهول
غنہ,واكه
غنہ,گي
غو,غو
غواص,غواص
غور,تدبير
غور,دولت عميق
غور,عميق
غور,كلفت
غور,مشاوره
غور,مغ
غور,مغاك
غور,چقر
غور,چوقور
غور,ژرف
غور,گود
غوش,غوش
غوطہ,غوطه
غوغا,غوغا
غوغائي,غوغائي
غوغاي,غوغاي
غوٹہ,كما
غياب,غياب
غيب,غيب
غير,اجنبي
غير,بوالعجب
غير,بيگانه
غير,خارجي
غير,عجب
غير,عجيب
غير,غريب
غير,غريبي كردن
غير,غير
غير,كوارك شگفت
غير,پرت
غير جانبدار,بيطرف
غير جانبدار,خنثي
غير جانبدار,مصدر
غير حاضر,حاضر
غير حاضر,غايب
غير حاضر,مفقود
غير حاضري,دوري
غير حاضري,سكون
غير حاضري,عدم
غير حاضري,غايبانه
غير حاضري,غيبت
غير حاضري,فقدان
غير حاضري,مرخصي
غير حاضري,نبود
غير ملكي,سامواي امريكا
غير ملكي,كومور
غير ممكن,غيرممكن
غير ممكن,محال
غير ممكن,نشدني
غيرت,انفعال
غيرت,حيثيت
غيرت,حيف
غيرت,خجالت
غيرت,شرم
غيرت,عار
غيرت,غيرت
غيرت,ننگ
غيرت مند,غيرت مند
غيور,غيور
غٹ غٹ,استقبال
غٹ غٹ,بغض
غٹ غٹ,بلع
غٹ غٹ,تور
غٹ غٹ,جرعه
غٹ غٹ,جريان
غٹ غٹ,در به دري
غٹ غٹ,سر كشيدن
غٹ غٹ,سراغ
غٹ غٹ,سير
غٹ غٹ,ناي
غٹ غٹ,گلو
غٹ غٹ,گلون
غٹ غٹ,گلي
غٹ پٹ,اوباريدن
غٹ پٹ,بلع
غٹ پٹ,بلعيدن
غٹ پٹ,جرعه
غٹ پٹ,سر كشيدن
غٹ پٹ,قورت دادن
غٹ پٹ,پرستو
غٹ پٹ,چلچله
غٹاغٹ,اشتو
غٹاغٹ,بجنب
غٹاغٹ,ديده
غٹاغٹ,عجله
غٹر غوں,قرقره
غٹر غوں,كالوج
غٹر غوں,كبوتر
غٹر غوں,كفتر
غٹر غوں,كمتر
غژماں,دژم
غژماں,كله كيري
فائدہ,انتفاع
فائدہ,بهره
فائدہ,سو
فائدہ,سود
فائدہ,صرفه
فائدہ,فايده
فائدہ,فيلترشكن
فائدہ,مصلحت
فائدہ,منفعت
فائدہ,نفع
فائدہ,هر كه طاووس خواهد جور هندوستان كشد
فائدہ,ورز
فائدہ,پختن
فاتح,فاتح
فادر,روحاني
فادر,كاهن
فادر,كشيش
فادر,مبلغ
فادر,موبد
فادر,هيربد
فادر,پادري
فارابي,فارابي
فاران,فاران
فارس,فارس
فارسي,افغان
فارسي,بنگالي
فارسي,ترك
فارسي,جرمني
فارسي,عرب پرست
فارسي,فارسي
فارسي,ميراث
فارغ,اخراج شدن
فارغ,ازخ
فارغ,بركنار
فارغ,بساخ
فارغ,بيهوده
فارغ,تخليه
فارغ,تهي
فارغ,خالي
فارغ,خالي كردن
فارغ,سوت و كور
فارغ,عاطل
فارغ,فارغ
فارغ,فرصت
فارغ,نابكار
فارغ,وسعت
فارغ,پوده
فارغ,پوچ
فارغ التحصيل,تمام شدن
فارغ التحصيل,ختم
فارغ التحصيل,فارغالتحصيل
فارغ التحصيل,فارغالتحصيل شدن
فارغ اوقات,خالي
فاروق,فاروق
فاروقي,فاروقي
فاس,صحراي غربي
فاس,فاس
فاس,مراكش
فاس,مغرب
فاس,مغربي
فاسد,تباه
فاسد,فاسد
فاش,فاش
فاصلہ,بازه
فاصلہ,باژ
فاصلہ,برهه
فاصلہ,تفاوت
فاصلہ,خان
فاصلہ,خلال
فاصلہ,دوري
فاصلہ,شبح
فاصلہ,صندل
فاصلہ,فاصله
فاصلہ,فرسنگ
فاصلہ,كرن
فاصلہ,مسافت
فاصلہ,پرده
فاضل,اتلاف
فاضل,ادب
فاضل,اشغال
فاضل,افضل
فاضل,املاي نانوشته غلط ندارد
فاضل,اموزش
فاضل,اهل معرفت
فاضل,باژ
فاضل,باژبان
فاضل,باژدار
فاضل,برباد دادن
فاضل,بربادي
فاضل,تحصيل
فاضل,ترازو
فاضل,تعادل
فاضل,تعرفه
فاضل,تعلم
فاضل,تكراري
فاضل,تلف
فاضل,جاگير
فاضل,دانا
فاضل,دانايي
فاضل,دانشمند
فاضل,دوره
فاضل,رسيد
فاضل,زار
فاضل,سلامت
فاضل,شاگرد
فاضل,عالم
فاضل,عليم
فاضل,عملكرد
فاضل,فراوان
فاضل,فرزانه
فاضل,فره
فاضل,فضل
فاضل,قبض
فاضل,قم
فاضل,كثافت
فاضل,كندوري
فاضل,مؤدب
فاضل,مانده
فاضل,مانيد
فاضل,مجان
فاضل,محقق
فاضل,معرفت
فاضل,ميزان
فاضل,ويرا
فاضل,يادگيري
فاضل,پارسا
فاضل,پرت
فاضل,پسماند
فاضل,چينود
فاقہ,بيبرگي
فاقہ,خط فقر
فاقہ,روزه
فاقہ,فقر
فاقہ,پرهيز
فال,فال
فالتو,اضافه
فالتو,بيهوده
فالتو,تراويح
فالتو,جنيبت
فالتو,زاپاس
فالتو,سياهي لشكر
فالتو,عاطل
فالتو,فرصت
فالتو,مر
فالتو,نابكار
فالتو,پالاد
فالج,اشتر
فالج,جدر
فالج,جنگ
فالج,شتر
فالج,شتر دوكوهان
فالج,فلج
فالج,كوهان
فالج,مركب
فالج,هيون
فالج,ژاژ
فالحال,حاضر
فالحال,حالا
فالحال,حاليا
فالحال,خوارزم
فالحال,فعلا
فالسئي,ارغوان
فام,فام
فانوس,فانوس
فانوس,قنديل
فانوس,لامپ
فانوس,لوستر
فانوس,مشكات
فانوس,چراغ
فانوس,چراغ نفتي
فانوس,چراغدان
فاني,فاني
فاني,مرگبار
فاني,ميرنده
فايدہ,انتفاع
فايدہ,بهره
فايدہ,سو
فايدہ,سود
فايدہ,صرفه
فايدہ,فايده
فايدہ,فيلترشكن
فايدہ,مصلحت
فايدہ,منفعت
فايدہ,نفع
فايدہ,هر كه طاووس خواهد جور هندوستان كشد
فايدہ,ورز
فايدہ,پختن
فتاب,فتاب
فتاد,فتاد
فتادم,فتادم
فتادن,فتادن
فتادي,فتادي
فتادگي,فتادگي
فتح,تسخير
فتح,ظفر
فتح,غلبه
فتح,فتح
فتح,فتحالله
فتح,فيروز
فتح,منزي
فتح,نجاح
فتح,پيروزي
فتد,فتد
فتراك,فتراك
فتن,فتن
فتنہ,ازمايش
فتنہ,ازمون
فتنہ,ازمون و خطا
فتنہ,اغوا
فتنہ,امتحان
فتنہ,اهريمن
فتنہ,جلب
فتنہ,جنجال
فتنہ,دادرسي
فتنہ,سر و صدا
فتنہ,سروصدا
فتنہ,غلغله
فتنہ,غوغا
فتنہ,فتنه
فتنہ,قيل و قال
فتنہ,محاكمه
فتنہ,مگر
فتنہ,هرج و مرج
فتنہ,همهمه
فتنہ,هياهو
فتنہ,وسوسه
فتنہ,وغا
فتنہ,پروسه
فتوحات,فتوحات
فتور,اختلاف
فتور,اصطكاك
فتور,بحث
فتور,تفرقه
فتور,جر و بحث
فتور,جنگ
فتور,خاش
فتور,خلاف
فتور,دعوا
فتور,دليل
فتور,مخالفت
فتور,مشاجره
فتور,نفاق
فتور,پرخاش
فتوي,فتوي
فجي,استراليا
فجي,استرليا
فجي,استريليا
فجي,اقيانوسيه
فجي,ايالات متحده امريكا
فجي,زلاند نو
فجي,فيجي
فجي,پاپوا گينه نو
فحش,بدمعاش
فحش,سبشت
فحش,سه كاف
فحش,عاميانه
فحش,عوام
فحش,عوامانه
فحش,فحش
فحش,فيلم سوپر
فحش,قبيح
فحش,ناسزا
فحش,هجو
فحش,هرزه
فحش,هرزهنگاري
فحش,پورنوگرافي
فحشا,فحشا
فخر,اورند
فخر,جلوه
فخر,خوره
فخر,راي
فخر,ستايش
فخر,شهرت
فخر,شوكت
فخر,عز
فخر,فخر
فدا,فدا
فداي,فداي
فديہ,عقيقه
فديہ,فدا
فديہ,قربان
فديہ,قرباني
فر,فر
فرات,ابدار
فرات,اردن
فرات,اروند
فرات,از طرف ديگر
فرات,اشور
فرات,امتداد
فرات,امودريا
فرات,انگاه
فرات,بابل
فرات,باز
فرات,بعد
فرات,بينالنهرين
فرات,جاري
فرات,خب
فرات,دجله
فرات,درازا
فرات,رقه
فرات,روان
فرات,سفت
فرات,سند
فرات,سپس
فرات,طول
فرات,فرات
فرات,قدم زدن
فرات,كابل
فرات,كوتاه
فرات,نيل
فرات,ورود
فرات,پده
فرات,پس
فرات,پلو
فرات,چارك
فراخ,فراخ
فراخاي,فراخاي
فراز,اجلاس
فراز,ارتفاع
فراز,بالا
فراز,براق
فراز,برامده
فراز,درياي مرده
فراز,راس
فراز,سامي
فراز,سمي
فراز,علو
فراز,غلو
فراز,فراز
فراز,فرق
فراز,قد
فراز,مرتفع
فراز,چكاد
فراست,فراست
فراغ,فراغ
فراغت,فراغت
فراغت خانہ,برنشستن
فراغت خانہ,تشناب
فراغت خانہ,توالت
فراغت خانہ,توالت ايراني
فراغت خانہ,توالت فرنگي
فراغت خانہ,خلاء
فراغت خانہ,دستشويي
فراغت خانہ,سرويس
فراغت خانہ,مستراح
فراق,افسوس
فراق,افسوس خوردن
فراق,بابت
فراق,تاسف
فراق,حساب
فراق,حسرت
فراق,حسرت كشيدن
فراق,در نظر گرفتن
فراق,دربند
فراق,دريغ
فراق,دفتر
فراق,دوري
فراق,سكون
فراق,شهادت
فراق,عدم
فراق,عن
فراق,غايبانه
فراق,غيبت
فراق,فراق
فراق,فرق
فراق,فقدان
فراق,مرخصي
فراق,منظور
فراق,نبود
فراق,وسناد
فراق,پشيمان بودن
فراق,پشيمان شدن
فراق,پشيماني
فراق,گزارش
فراقش,فراقش
فراقوں,فراق
فراقوں,فرق
فراموش,از خاطر رفتن
فراموش,فراموش
فراموشي,فراموشي
فراموشي,نسيان
فرانس,فرانسه
فرانس,يمان
فراواني,فراواني
فراگير,فراگير
فراہم,به دست امدن
فراہم,تازه
فراہم,توراندخت
فراہم,فراهم
فراہم,قدرت هستهاي
فراہم,كود
فربہ,تنومند
فربہ,فربه
فربہ,لنبه
فرجام,فرجام
فرد,فرد
فردا,فردا
فردائي,فردائي
فرداستم,فرداستم
فرداش,فرداش
فرداي,فرداي
فردوس,فردوس
فردوسي,فردوسي
فردي,فردي
فرز,فرز
فرزند,اولاد
فرزند,باروري
فرزند,بيگزاده
فرزند,زاده
فرزند,زه
فرزند,شاهزاده
فرزند,عيال
فرزند,فرزند
فرزند,نسل
فرزندان,فرزندان
فرزندي,فرزندي
فرزين,اهل معرفت
فرزين,باهوش
فرزين,حكيم
فرزين,دانا
فرزين,دانشمند
فرزين,رد
فرزين,زنير
فرزين,فرزانه
فرزين,فرزين
فرزين,هوشمند
فرزين,هوشيار
فرزين بنانا,شطرنج
فرزين بنانا,فرزين
فرسا,فرسا
فرسنگ,فرسنگ
فرسود,فرسود
فرش,بستر
فرش,خرمن
فرش,شادروان
فرش,طبقه
فرش,فرش
فرش,كف
فرش,موكت
فرش,همكف
فرش,پيادهرو
فرش,پيست
فرشته,فرشته
فرشتو,ايزد
فرشتو,سروش
فرشتو,فرشته
فرشتو,ملك
فرشتو,يزدان
فرشتوں,ايزد
فرشتوں,سروش
فرشتوں,فرشته
فرشتوں,ملك
فرشتوں,يزدان
فرشتہ,ايزد
فرشتہ,حواري
فرشتہ,رسول
فرشتہ,سروش
فرشتہ,فرشته
فرشتہ,ملك
فرشتہ,يزدان
فرشتے,ايزد
فرشتے,سروش
فرشتے,فرشته
فرشتے,ملك
فرشتے,يزدان
فرصت,اتفاقا
فرصت,احيانا
فرصت,از قضا
فرصت,استفراغ
فرصت,الحمد لله
فرصت,امان
فرصت,برجسته
فرصت,برخوردن
فرصت,بساخ
فرصت,تصادفي
فرصت,جنيبت
فرصت,زاپاس
فرصت,سلامت
فرصت,شانس
فرصت,فرصت
فرصت,فريادرس
فرصت,قضا
فرصت,مجال
فرصت,وسعت
فرصت,پالاد
فرصت,گشايش
فرصت،,فرصت،
فرض,اخلاقي
فرض,ارث
فرض,ارشاد
فرض,استفتاء
فرض,افراد
فرض,التزام
فرض,الزامي
فرض,بار
فرض,بايد
فرض,باژ
فرض,برائت
فرض,تعهد
فرض,تعيين
فرض,تكليف
فرض,تمكين
فرض,را
فرض,رخصت
فرض,صلاح
فرض,عهده
فرض,فتوا
فرض,فرض
فرض,قانون گو
فرض,قانوني
فرض,قيد
فرض,كشك
فرض,متعهد
فرض,محاربه
فرض,محدود
فرض,مسئوليت
فرض,مشروع
فرض,معدود
فرض,منت
فرض,ميراث
فرض,ناموس
فرض,نبيگ
فرض,واجب
فرض,وظيفه
فرض,وظيفهام بود
فرض,چك
فرض,گردن
فرض,گمان
فرضي,اداره
فرضي,اژگهان
فرضي,باطل
فرضي,بدل
فرضي,بهتان
فرضي,تهمت
فرضي,جا زدن
فرضي,جعلي
فرضي,دجال
فرضي,دستي
فرضي,دندان مصنوعي
فرضي,شلتاق
فرضي,غلط
فرضي,فرزندخوانده
فرضي,كاذب
فرضي,مگر
فرط,فرط
فرعون,فرعون
فرعوني,فرعوني
فرق,فرق
فرقت,فرقت
فرقہ,تيره
فرقہ,سنباديه
فرقہ,كيش
فرقہ,مالاكان
فرقہ,مذهب
فرقہ,ياعلي
فرما,فرما
فرمائي,فرمائي
فرمان,بوش
فرمان,جاگير
فرمان,حكم
فرمان,حلقه به گوش
فرمان,سفرهخانه
فرمان,شخص
فرمان,شخصيت
فرمان,فتوا
فرمان,فرد
فرمان,فرمان
فرمان,فرمانبر
فرمان,فنا
فرمان,فيصله
فرمان,قدر
فرمان,قضا
فرمان,قيمومت
فرمان,كتلت
فرمان,مطيع
فرمان,مناجات
فرمان,منقاد
فرمان,واحد
فرمان,پفك
فرمانا,ان
فرمانا,بدل
فرمانا,تشريف
فرمانا,جانشين
فرمانا,جايگزين
فرمانا,جلو
فرمانا,خرناي
فرمانا,خواستن
فرمانا,خوردن
فرمانا,شدن
فرمانا,عوض
فرمانا,فرمودن
فرمانا,قرنا
فرمانا,كردن
فرمانا,نيابت
فرمانا,وصيت
فرمانا,يدن
فرمانا,پيش
فرمانرواست,فرمانرواست
فرمانش,فرمانش
فرماں,فرمون
فرمود,فرمود
فرمودي,فرمودي
فرنگ,فرنگ
فرنگي,اشكارا
فرنگي,انگريز
فرنگي,انگليسي
فرنگي,رك
فرنگي,فرنگ
فرنگي,فرنگي
فرنگي,پاك دل
فرو,فرو
فروبند,فروبند
فروخت,فروخت
فروختند,فروختند
فرود,فرود
فرودين,فرودين
فروري,جدي
فروري,شباط
فروري,فبروري
فروري,فروري
فروري,فوريه
فروز,فروز
فروزد,فروزد
فروزم,فروزم
فروزي,فروزي
فروش,فروش
فروشستم,فروشستم
فروشي,فروشي
فروغ,فروغ
فروغش,فروغش
فري,فري
فرياد,افغان
فرياد,التماس
فرياد,تمنا
فرياد,داد
فرياد,درد
فرياد,درد دل
فرياد,سريش
فرياد,شكايت
فرياد,شكوه
فرياد,شيون
فرياد,عزاداري
فرياد,غرغر
فرياد,غلغلستان
فرياد,فرياد
فرياد,قاره
فرياد,لابه
فرياد,مست
فرياد,نوحه
فرياد,نياز
فرياد,يارب
فرياد,گله
فريادي,فريادي
فريال,جزگ
فريال,جيد
فريال,فريال
فريال,كوزه
فريال,كيزه
فريال,مل
فريال,نول
فريال,يال
فريال,گردن
فريب,ازمايش
فريب,اغوا
فريب,اوكي
فريب,ب.ظ
فريب,باشه
فريب,حيله
فريب,خب
فريب,خخخ
فريب,دغا
فريب,دمدمه
فريب,ذكر كردن
فريب,ريو
فريب,سالوس
فريب,فتنه
فريب,فريب
فريب,ق.ظ
فريب,ميو
فريب,نبيگ
فريب,وسوسه
فريب,گول
فريب,◌ؖ
فريبم,فريبم
فريبو,حيله
فريبو,خب
فريبو,دغا
فريبو,دمدمه
فريبو,ريو
فريبو,سالوس
فريبو,فريب
فريبو,گول
فريبوں,حيله
فريبوں,خب
فريبوں,دغا
فريبوں,دمدمه
فريبوں,ريو
فريبوں,سالوس
فريبوں,فريب
فريبوں,گول
فريبي,فريبي
فريد,فريد
فريدون,فريدون
فرہاد,انوشيروان
فرہاد,بيستون
فرہاد,خسرو
فرہاد,شيرين
فرہاد,فرهاد
فرہاد,ليلي
فرہاد,پرويز
فرہنگ,اتنا
فرہنگ,ادا
فرہنگ,افرنگ
فرہنگ,بها
فرہنگ,بهاء
فرہنگ,تهذيب
فرہنگ,حكم
فرہنگ,حكمت
فرہنگ,خرد
فرہنگ,دانايي
فرہنگ,دانشمندي
فرہنگ,ذهن
فرہنگ,راه
فرہنگ,ره
فرہنگ,سبك عراقي
فرہنگ,عقل
فرہنگ,فر
فرہنگ,فرزانگي
فرہنگ,فهم
فرہنگ,قشنگي
فرہنگ,كتاب لغت
فرہنگ,لغت
فرہنگ,نزاكت
فرہنگ,هنر
فرہنگ,هوش
فرہنگ,واژگان
فرہنگ,پير مغان
فزا,فزا
فزان,افريقا
فزان,سبها
فزان,طرابلس
فزان,فزان
فزان,ليبي
فزان,ليبيا
فزان,مغرب
فزايد,فزايد
فزود,فزود
فزون,فزون
فساد,اشوب
فساد,اغتشاش
فساد,شورش
فساد,غلغله
فساد,غوغا
فساد,فتنه
فساد,فساد
فساد,هرج
فساد,هياهو
فسادي,اهل فساد
فسادي,جنگجو
فسادي,ياغي
فسان,فسان
فسانہ,رشتن
فسانہ,ريسيدن
فسانہ,فرت
فسانہ,فرهاد
فسانہ,ليلي
فسرد,فسرد
فسردگي,فسردگي
فسن,فسن
فسون,فسون
فسونش,فسونش
فسوني,فسوني
فشار,فشار
فشان,فشان
فشاند,فشاند
فشاني,فشاني
فصل,برداشت
فصل,خرمن
فصل,درو
فصل,درودن
فصل,فصل
فصل,كاشت
فصل,كرپا
فصل,محصول
فصل,مزرعه
فصل,نخلستان
فصل,هامين
فضا,اتمسفر
فضا,جو
فضا,فضا
فضا,محيط
فضا,هواسپهر
فضاي,فضاي
فضايش,فضايش
فضل,ادب
فضل,اموزش
فضل,بخاطر
فضل,بخشش
فضل,تحصيل
فضل,تعلم
فضل,تقوا
فضل,تقوي
فضل,جودت
فضل,خاصيت
فضل,خاصگي
فضل,دانايي
فضل,شگرفي
فضل,طرفداري كردن
فضل,فضل
فضل,قم
فضل,كرم
فضل,كمال
فضل,لطف
فضل,معرفت
فضل,نيكي
فضل,هنر
فضل,يادگيري
فضول,اب در هاون كوبيدن
فضول,الكي
فضول,بيخودي
فضول,بيهوده
فضول,تعارف تيكه پاره كردن
فضول,تكراري
فضول,سبشت
فضول,سبك هندي
فضول,سه كاف
فضول,سيمكش
فضول,ضايع
فضول,عاطل
فضول,عاميانه
فضول,عبث
فضول,عوام
فضول,عوامانه
فضول,فحش
فضول,مفرط
فضول,نابكار
فضول,هجو
فضول,هرزه
فضول,ياوه
فضول,گزاف
فضيلت,فضيلت
فطرت,استعداد
فطرت,اعتدال
فطرت,تمايل
فطرت,خلق
فطرت,خلقت
فطرت,خو
فطرت,خيم
فطرت,دماغ
فطرت,ذاتي
فطرت,طبيعت
فطرت,فطرت
فطرت,مزاج
فطرت,نهاد
فطرتش,فطرتش
فطرتم,فطرتم
فطرتي,فطرتي
فظيع,انر
فظيع,خراب
فظيع,سهمگين
فظيع,شنيع
فظيع,وحشتناك
فعل,ثواب
فعل,سند
فعل,عمل
فعل,قول
فعل,كار
فعل,كردار
فعل,چك
فعل متعدي,فعل متعدي
فعل متعدي,كر كردن
فعلا,حسابي
فعلا,حقيقت
فعلا,در حقيقت
فعلا,در واقع
فعلا,راستش
فعلا,راستي
فعلا,مگر
فعلا,نه پس
فعلا,هراينه
فعلا,واقع
فعلا,واقعا
فعلا,واقعيت
فعلا,يعني
فعلا,يقينا
فغان,فغان
فغانش,فغانش
فغاني,فغاني
فغفور,فغفور
فغفوري,فغفوري
فقر,فقر
فقروں,اصطلاح
فقروں,انديشه نيك، گفتار نيك، كردار نيك
فقروں,را
فقروں,عبارت
فقروں,كه
فقروں,كوچ
فقروں,مر
فقري,فقري
فقرہ,اشاره كردن
فقرہ,اصطلاح
فقرہ,اظهار
فقرہ,انديشه نيك، گفتار نيك، كردار نيك
فقرہ,اوكي
فقرہ,بذله
فقرہ,بند «پ»
فقرہ,جمله
فقرہ,حكم
فقرہ,را
فقرہ,ظريف
فقرہ,عبارت
فقرہ,فرمايش
فقرہ,فقره
فقرہ,قضا
فقرہ,كه
فقرہ,كوچ
فقرہ,لغز
فقرہ,ليلي زن بود يا مرد
فقرہ,مر
فقرہ,مهره
فقرہ,پاراگراف
فقرہ,گزاره
فقرے,اصطلاح
فقرے,انديشه نيك، گفتار نيك، كردار نيك
فقرے,را
فقرے,عبارت
فقرے,كه
فقرے,كوچ
فقرے,مر
فقط,فقط
فقير,ابدال
فقير,خرقه
فقير,درويش
فقير,فقير
فقير,كشكول
فقير,محتاج
فقير,مستضعفان
فقير,مستمند
فقير,پرسه
فقير,گدا
فقيران,فقيران
فقيرم,فقيرم
فقيري,فقيري
فقہ,احاطه
فقہ,تفاهم
فقہ,حقوقشناسي
فقہ,خرد
فقہ,درك
فقہ,دريافت
فقہ,عقل
فقہ,فقه
فقہ,فقيه
فقہ,فهم
فقہ,مذهب
فقہ,معقول
فقہ,هوش
فكان,فكان
فكاني,فكاني
فكر,تعلق
فكر,خصوص
فكر,فكر
فكر,نگراني
فكر,پروا
فكر،,فكر،
فكرش,فكرش
فكرم,فكرم
فكن,فكن
فكند,فكند
فلائٹ,توشه
فلائٹ,سفر
فلائٹ,سير
فلائٹ,شخشيدن
فلائٹ,فرار
فلائٹ,فروند
فلائٹ,مسافرت
فلائٹ,هواپيما
فلائٹ,پرواز
فلائٹ,پهپاد
فلائٹ,گريز
فلائٹ,گشتوگذار
فلاطون,فلاطون
فلاں,انتصاب
فلاں,او
فلاں,بهمان
فلاں,تعيين
فلاں,دولت عليه ايران
فلاں,طرف
فلاں,فلان
فلاں,لانسه
فلاں,مبهم
فلاں,مجهول
فلاں,ناشناخت
فلاں,ناشناس
فلاں,نكره
فلسطين,اردن
فلسطين,امان
فلسطين,اورشليم
فلسطين,بيتالمقدس
فلسطين,تبت
فلسطين,حماس
فلسطين,خونيرث
فلسطين,درياي مرده
فلسطين,ديار
فلسطين,سرزمينهاي فلسطيني
فلسطين,شام
فلسطين,طرطوس
فلسطين,عربستان
فلسطين,عمان
فلسطين,فارسستان
فلسطين,فلسطين
فلسطين,فلسطيني
فلسطين,قبرس
فلسطين,كرت
فلسطين,كشور
فلسطين,مالت
فلسطين,ميهن
فلسطين,نيل
فلسطين,هجران
فلسطين,وطن
فلسطين,پارس
فلسفي,فلسفي
فلك,فلك
فلكيات,ستارهشناسي
فلكيات,نجوم
فلم,اپارات
فلم,باليوود
فلم,تاليوود
فلم,تهيه كردن
فلم,تهيهكننده
فلم,سوپر
فلم,فيلم
فلم,فيلم سوپر
فلم,فيلمي
فلم,كليپ
فلپائن,اسياي شرقي
فلپائن,فيليپين
فن,تمرين كردن
فن,حيله
فن,خب
فن,سررشته
فن,شيوه
فن,شگرد
فن,فريب
فن,فن
فن,كوزهگري
فن,مهارت
فن,هنر
فن,ورز
فن,پيشه
فن,ژني
فن لينڈ,فنلاند
فنا,فنا
فناست,فناست
فنون,فنون
فني,فني
فوتگي,تشييع
فوتگي,جنازه
فوتگي,فاتحه
فوج,اردو
فوج,علي
فوج,فتراك
فوج,فوج
فوج,هفتسين
فوجداري,كلاش
فوجداري,كيفري
فوجداري,لانه
فوجداري,مجرم
فوجداري,گناهكار
فورا,اقامه
فورا,بلافاصله
فورا,پوييدن
فوري,استارتاپ
فوري,تلگرام
فوري,مبرم
فوري,وهله
فوري خبر,تازه
فوري خبر,جنايتكار
فوري خبر,خبرفوري
فوري طور پر,اقامه
فوري طور پر,بلافاصله
فوري طور پر,پوييدن
فوق,فوق
فولاد,اهني
فولاد,غيبه
فولاد,فولاد
فولاد,پلارك
فولاد,پولاد
فولاد,پولادي
فون,الو
فون,تلفن
فون,تيلفون
فون,زنگ زدن
فون,شماره
فون,شماره تلفن
فون,گوشي تلفن
فون كرنا,الو
فون كرنا,تلفن
فون كرنا,تماس
فون كرنا,تيلفون
فون كرنا,زنگ زدن
فون كرنا,شماره
فون كرنا,شماره تلفن
فون كرنا,مخاطب
فون كرنا,گوشي تلفن
فوٹ بال,بازيكن فوتبال
فوٹ بال,فوتبال
فوٹ بال,فوتبال امريكايي
فوٹ بال,فوتباليست
فوٹ بال,فوتسال
فوٹ بال,ليگ
في,في
فيروزي,بابك
فيروزي,خوتكا
فيروزي,فيروزه
فيروزي,فيروزهاي
فيروزہ,بابك
فيروزہ,فيروزه
فيروزہ,فيروزهاي
فيصد,درصد
فيصد,فيصد
فيصل,فيصل
فيصل اباد,فيصلاباد
فيصلہ,تصميم
فيصلہ,تصميم گرفتن
فيصلہ,تقليد
فيصلہ,جام زهر
فيصلہ,حل
فيصلہ,خرد
فيصلہ,رفع
فيصلہ,ره
فيصلہ,صور
فيصلہ,عقل
فيصلہ,قرار
فيصلہ,قطعنامه
فيصلہ,وضوح
فيض,فيض
فيضان,بخشش
فيضان,تاثير
فيضان,طرفداري كردن
فيضان,قدرت متوسط
فيضان,كرم
فيضان,لطف
فيضان,نشئه
فيضان,نفوذ
فيضان,نيكي
فيضان,پارتي
فيضان,پارتي بازي
فيل,ابابيل
فيل,اسقف
فيل,خرطوم
فيل,سكوبا
فيل,شنگ
فيل,فيل
فيل,فيلمرغ
فيل,كجك
فيل,كنجر
فيل,پيل
فيلہ,اسقف
فيلہ,سكوبا
فيلہ,فيل
فٹافٹ,اقامه
فٹافٹ,بلافاصله
فٹافٹ,تيز
فٹافٹ,زود
فٹافٹ,سريع
فٹافٹ,فرز
فٹافٹ,چرخيدن
فٹافٹ,گرديدن
فٹافٹ,گشتن
فگار,فگار
فگن,فگن
فہرست,جنتري
فہرست,سياهه
فہرست,شاخص
فہرست,صورت
فہرست,فهرست
فہرست,كاتالوگ
فہرست,ليست
فہرست,نمايه
فہم,احاطه
فہم,تفاهم
فہم,حوصله
فہم,خرد
فہم,درك
فہم,دريافت
فہم,عقل
فہم,فهم
فہم,معقول
فہم,هوش
قائل,قائل
قائم,برقرار
قائم,ثابت
قائم,خاطرنشان
قائم,قائم
قائم,قطع
قائم,متغير
قائم,مثبت
قائم,معين
قائم,منظم
قائم,پاييدن
قابل,بينا
قابل,توانمند
قابل,درخت هرچه بارش بيشتر ميشود سرش فروتر ميايد
قابل,سزاوار
قابل,شايان
قابل,شنوا
قابل,قابل
قابل,لايق
قابل,مستحق
قابل,ميرنده
قابل,گويا
قابليت,توانمندي
قابليت,ظرفيت
قاتل,ادمكش
قاتل,جاني
قاتل,فدائي
قاتل,قاتل
قادر,قادر
قاري,خواننده
قاري,قاري
قاش,قاش
قاصد,قاصد
قاصدي,قاصدي
قاضي,حاكم
قاضي,داور
قاضي,رشن
قاضي,شاهنامه اخرش خوشه
قاضي,قاضي
قاضي,قضاوت كردن
قاضي,پيرچيلي
قاطع,قاطع
قاع,اباد
قاع,اشكوب
قاع,درجه
قاع,دشت
قاع,ساده
قاع,سطح
قاع,صحرا
قاع,صريح
قاع,كته
قاع,مرحله
قاع,مسطح
قاع,ميدان
قاع,هامون
قاع,چلو
قاعدہ,اصل
قاعدہ,اپوش
قاعدہ,خرقه
قاعدہ,خلق
قاعدہ,خوي
قاعدہ,سنت
قاعدہ,ضابطه
قاعدہ,عادت
قاعدہ,مسلك
قاعدہ,ناموس
قاعدہ,هنجار
قاعدہ,ورز
قاعدہ,پيشه
قاف,قاف
قافلوں,قافله
قافلوں,كاروان
قافلہ,راه زدن
قافلہ,ساربان
قافلہ,سرنشين
قافلہ,قافله
قافلہ,قيروان
قافلہ,كاروان
قافلہ,چاوش
قافلے,راه زدن
قافلے,ساربان
قافلے,سرنشين
قافلے,قافله
قافلے,قيروان
قافلے,كاروان
قافلے,چاوش
قافيه,قافيه
قافيہ,استقبال
قافيہ,تركيببند
قافيہ,قافيه
قاقم,قاقم
قال,قال
قالوا,قالوا
قالين,رخت
قالين,شادروان
قامت,قامت
قامتش,قامتش
قاموس,دانشنامه
قاموس,فرهنگنامه
قانون,قانون
قانون,ياسا
قانون بقائے توانائي,حفظ
قانون بقائے توانائي,قانون بقاء
قانون بقائے توانائي,قانون بقاء انرژي
قانون بقائے توانائي,محافظت
قانون بقائے توانائي,نگهداري
قانون نفاذ,انتظامي
قانون نفاذ,فراجا
قانون گو,اشنا
قانون گو,اشنا شدن
قانون گو,افسر
قانون گو,امين
قانون گو,اژان
قانون گو,جزيه
قانون گو,خواستگاري
قانون گو,شناختن
قانون گو,فوجدار
قانون گو,قانون گو
قانون گو,كدخدا
قانون گو,مامور
قانون گو,ناخدا
قانون گو,ياور
قانون گو,گمرك
قانوني,استفتاء
قانوني,استفساريه
قانوني,حلال
قانوني,روا
قانوني,فتوا
قانوني,قانوني
قانوني,كانگرس
قانوني,كنگره
قانوني,مشروع
قانوني,ولايت فقيه
قانوني,چك
قايد,قايد
قاچاقي,قاچاقچي
قاہرہ,قاهره
قاہرہ,مصر
قاہرہ,نيل
قبا,قبا
قبائل,قبائل
قبائي,قبائي
قباحت,اذيت
قباحت,اهو
قباحت,بازدارنده
قباحت,تقصير
قباحت,تكليف
قباحت,حروم
قباحت,خسران
قباحت,خطا رفتن
قباحت,خواري
قباحت,رذالت
قباحت,زحمت
قباحت,ضرر
قباحت,عيب
قباحت,غلط
قباحت,غلط بودن
قباحت,كاستي
قباحت,كوه به كوه نميرسد، ادم به ادم ميرسد
قباحت,مانع
قباحت,نقص
قباحت,چپه
قباحت,گذشتن
قباحت,گزاييدن
قباحت,گزند
قباد,قباد
قباست,قباست
قباي,قباي
قبر,ارامگاه
قبر,دخمه
قبر,سنگين
قبر,قبر
قبر,لحد
قبر,مرقد
قبر,مزار
قبر,مقبره
قبر,يوسف
قبر,گور
قبر,گورخواب
قبر,گورخوابي
قبرستان,خاوران
قبرستان,قبرستان
قبرستان,مقبره
قبرستان,گورستان
قبرص,ارمن
قبرص,ارمنستان
قبرص,اورشليم
قبرص,به طور كلي
قبرص,بيتالمقدس
قبرص,جمهوري ارمنستان
قبرص,خوارزم
قبرص,رفيق
قبرص,شام
قبرص,طرطوس
قبرص,فلسطين
قبرص,قبرس
قبرص,قبرس شمالي
قبرص,كرت
قبرص,كوچ
قبرص,لوتارنژي
قبرص,مالت
قبرص,محاربه
قبرص,نيل
قبرص,پنجاب
قبض,ايست قلبي
قبض,ايفا
قبض,بازداشت
قبض,بيماري
قبض,تسخير كردن
قبض,تعرفه
قبض,توقيف
قبض,دخش
قبض,درد
قبض,دستگير
قبض,دستگير كردن
قبض,دستگيري
قبض,رايگان
قبض,رسيد
قبض,رنج
قبض,سود سهام
قبض,قبض
قبض,قسط
قبض,مرض
قبض,مريضي
قبض,يبوست
قبضہ,احاطه
قبضہ,اشتغال
قبضہ,اشغال
قبضہ,اشغالي
قبضہ,الحاق
قبضہ,امساك
قبضہ,بدر
قبضہ,برگ
قبضہ,تصرف
قبضہ,توك
قبضہ,حدادي
قبضہ,دارايي
قبضہ,دسته
قبضہ,شركت هلدينگ
قبضہ,شغل
قبضہ,ضبط
قبضہ,فيت
قبضہ,قائل
قبضہ,قبض
قبضہ,قبضه
قبضہ,كار
قبضہ,كارتنخواب
قبضہ,كارتنخوابي
قبضہ,مال
قبضہ,مشت
قبضہ,مشغله
قبضہ,نوكري
قبضہ,هلدينگ
قبضہ,پيوست
قبضہ,چسبيدن
قبضہ,چسپيدن
قبضہ,گرفتن
قبضہ,گير
قبل,سزيم
قبل,پيشين
قبلتين,اباد
قبلتين,اورشليم
قبلتين,بيتالمقدس
قبلتين,جده
قبلتين,حاج
قبلتين,حج
قبلتين,شريف
قبلتين,صهيون
قبلتين,قبلتين
قبلتين,كعبه
قبلتين,مكه
قبلتين,گنگ
قبلہ,اباد
قبلہ,اتشدان
قبلہ,اتشكده
قبلہ,احترامي
قبلہ,اذرابادگان
قبلہ,ارز
قبلہ,اقامه
قبلہ,برادري
قبلہ,بيبي
قبلہ,بيت
قبلہ,تراويح
قبلہ,تكيه
قبلہ,جده
قبلہ,حاج
قبلہ,حج
قبلہ,حرمت
قبلہ,خانه خدا
قبلہ,سر
قبلہ,شريف
قبلہ,عبادتخانه
قبلہ,قبلتين
قبلہ,قران
قبلہ,كربلا
قبلہ,كعبه
قبلہ,كنشت
قبلہ,محترمانه
قبلہ,محراب
قبلہ,محمد
قبلہ,معبد
قبلہ,مكه
قبلہ,مهراوه
قبلہ,نيايش
قبلہ,هيكل
قبلہ,چينود
قبور,قبور
قبول,اباضيه
قبول,اخذ
قبول,اوكي
قبول,باشه
قبول,تصويب
قبول,تمكين
قبول,قبول
قبول,مشروع
قبول,پذيرش
قبول كرنا,راه دادن
قبول كرنا,قبول كردن
قبول كرنا,نوشيدن
قبول كرنا,نيوشيدن
قبول كرنا,پذيرفتن
قتل,اعدام
قتل,خون كردن
قتل,خونبها
قتل,ذبح
قتل,سلاخي
قتل,شمر
قتل,شهيد
قتل,قتل
قتل,قتل كردن
قتل,كربلا
قتل,كشتار
قتل,كشتن
قتل,كشتگي
قتل عام,شهيد
قتل عام,كشتار
قتيل,قتيل
قحط,قحط
قد,ارتفاع
قد,الف
قد,بالا
قد,سروقد
قد,علو
قد,فراز
قد,قامت
قد,قد
قد,قواره
قد,كوتاه
قدح,قدح
قدر,ارزش
قدر,ارزيدن
قدر,ديدني
قدر,سنگ
قدر,قابل ندارد
قدر,قدر
قدر,نابكار
قدر,نفاست
قدرت,جنم
قدرت,خايه
قدرت,دل
قدرت,زهره
قدرت,شجاعت
قدرت,شهامت
قدرت,قدر
قدرت,قدرت
قدرت,كنداوري
قدرت,گشن
قدسيان,قدسيان
قدم,ابد
قدم,برطانيه
قدم,بريتانيا
قدم,ثبات
قدم,خواستن
قدم,را
قدم,رفته رفته
قدم,زينه
قدم,قدم
قدم,قدمت
قدم,قرار
قدم,مقدمه
قدم,نيم پرده
قدم,هشتگ
قدم,پايندگي
قدم,پله
قدم,گام
قدوسيان,قدوسيان
قديم,ابدي
قديم,از
قديم,افتادن
قديم,امارت اسلامي افغانستان
قديم,اگر
قديم,بازنشسته
قديم,بندهشن
قديم,تونس
قديم,جاود
قديم,جاودان
قديم,جاويد
قديم,حيوان
قديم,ديگر
قديم,را
قديم,طالبان
قديم,قديم
قديم,قديمي
قديم,كليپ
قديم,ماندگار
قديم,ناهار
قديم,چون
قديم,چونكه
قر,قر
قرات,قرات
قراتش,قراتش
قرار,اخه
قرار,ارام
قرار,ارام گرفتن
قرار,ارامش
قرار,ارامي
قرار,استراحت
قرار,اسوده
قرار,اطمينان
قرار,انجام
قرار,اهسته
قرار,تاييد
قرار,تصديق
قرار,تصميم
قرار,تصميم گرفتن
قرار,جام زهر
قرار,خونسرد
قرار,سر
قرار,سرانجام
قرار,سكون
قرار,فرجام
قرار,قرار
قرار,مطمئن
قرار,نتيجه
قرار,پايان
قراري,قراري
قراقرم,تركمن
قراقرم,لداخ
قراقل پاقستان,جمهوري قرهقالپاقستان
قراقل پاقستان,قرهقالپاقستان
قران,قران
قرانش,قرانش
قراني,قراني
قرب,قرب
قربان,اور
قربان,بيخبر
قربان,تدريس
قربان,تقديم
قربان,تقريب
قربان,سست
قربان,عرضه
قربان,عطا
قربان,عقيقه
قربان,فدا
قربان,قربان
قربان,قرباني
قربان,كندوري
قربان,ميزد
قربان,پيشكش
قرباني,تقديم
قرباني,تقريب
قرباني,عرضه
قرباني,عقيقه
قرباني,فدا
قرباني,قربان
قرباني,قرباني
قرباني,كندوري
قرباني,ميزد
قرباني,پيشكش
قرض,اعتبار
قرض,انتقام
قرض,اوام
قرض,بدهكار
قرض,بدهي
قرض,دين
قرض,عاريت
قرض,قرض
قرض,كارت اعتباري
قرض,كوه به كوه نميرسد، ادم به ادم ميرسد
قرض,كين
قرض,نسيه
قرض,وام
قرضہ,اوام
قرضہ,بدهكار
قرضہ,بدهي
قرضہ,دين
قرضہ,عاريت
قرضہ,قرض
قرضہ,وام
قرطاس,قرطاس
قرطبہ,اسپانيا
قرطبہ,اكسيتانيا
قرطبہ,اندلس
قرطبہ,اندورا
قرطبہ,كاتالونيا
قرمز,اخلاط
قرمز,اروميه
قرمز,انتاريو
قرمز,بور
قرمز,ترنج
قرمز,جيرجيرك
قرمز,حشره
قرمز,حنا
قرمز,خفيف
قرمز,درياي مرده
قرمز,درياچه
قرمز,دولت عميق
قرمز,زرشكي
قرمز,شنگرف
قرمز,عميق
قرمز,فسنجان
قرمز,قدسي
قرمز,قرمز
قرمز,قرمزي
قرمز,كلفت
قرمز,كول
قرمز,كوير
قرمز,مغ
قرمز,مغاك
قرمز,مگس
قرمز,هامون
قرمز,يافت شدن
قرمز,يان
قرمز,چقر
قرمز,چوقور
قرمز,چيچست
قرمز,ژرف
قرمز,ژي
قرمز,گود
قرمزي,زرشكي
قرمزي,قرمز
قرمزي,قرمزي
قرن,قرن
قرنطينہ,قرنطينه
قريب,ارتباط
قريب,اروميه
قريب,ايليريا
قريب,تقريب
قريب,تقريبا
قريب,خويشاوند
قريب,رابطه
قريب,رديف
قريب,زورا
قريب,سرگذشت
قريب,سومقاييت
قريب,شيراز
قريب,قريب
قريب,قهر كردن
قريب,كعبه
قريب,لدن
قريب,ماه
قريب,مناسبت
قريب,نزد
قريب,نزديك
قريب,نسبت
قريب,پرده
قريب قريب,تقريبا
قريب قريب,قريب
قريب قريب,كعبه
قريں,اخلاق
قريں,ادا
قريں,اداب
قريں,ادب
قريں,بارگاه
قريں,بد اخلاق
قريں,تربيت
قريں,تعارف
قريں,تميز
قريں,دنگل
قريں,عراف
قريں,فرهنگ
قريں,مردمي
قرہ باغ,ارمن
قرہ باغ,ارمنستان
قرہ باغ,البرز
قرہ باغ,ايرارات
قرہ باغ,ايروان
قرہ باغ,تكفور
قرہ باغ,جمهوري ارمنستان
قرہ باغ,شيرين
قرہ باغ,قرهباغ
قزاقستان,استانه
قزاقستان,طراز
قزاقستان,قزاقستان
قزاقستان,نورسلطان
قسط,استقرار
قسط,استوا
قسط,اوام
قسط,ايفا
قسط,بدهكار
قسط,بدهي
قسط,برابري
قسط,بهر
قسط,تساوي
قسط,تلويزيون
قسط,جزئي
قسط,دخش
قسط,دين
قسط,رايگان
قسط,سهم
قسط,سود سهام
قسط,عاريت
قسط,قرض
قسط,قسط
قسط,قسمت كردن
قسط,مغرض
قسط,نسبي
قسط,نصيب
قسط,نيابه
قسط,وام
قسطنطنيہ,استانبول
قسطنطنيہ,امپراتوري عثماني
قسطنطنيہ,ايالت
قسطنطنيہ,بيگلربيگي
قسطنطنيہ,تيمار
قسطنطنيہ,خان
قسطنطنيہ,خنكار
قسطنطنيہ,روم
قسطنطنيہ,رومي
قسطنطنيہ,عثمان
قسطنطنيہ,عثماني
قسطنطنيہ,فاتح
قسطنطنيہ,قسطنطنيه
قسطنطنيہ,قيصر
قسم,حكمت
قسم,داغ
قسم,رده
قسم,سوگند
قسم,صنف
قسم,عهد
قسم,قسم
قسم,قشر
قسم,مارك
قسم,نژاد
قسمت,بخشيدن
قسمت,تقسيم
قسمت,تيغه
قسمت,حائل
قسمت,حكمت
قسمت,رده
قسمت,صنف
قسمت,قسمت
قسمت,قشر
قسمت,نژاد
قشنگ,خجير
قشنگ,خوشگل
قشنگ,خوشگوار
قشنگ,روحاني
قشنگ,فاخر
قشنگ,فري
قشنگ,لذيذ
قشنگ,مطبوع
قشنگ,موافق
قشنگ,گوارا
قصائي,بهيمه
قصائي,تنگ
قصائي,جلاد
قصائي,حيوان
قصائي,دد
قصائي,دوال
قصائي,ستور
قصائي,قصاب
قصائي,كودن
قصائي,هيون
قصائي,چهارپا
قصاب,قصاب
قصاص,خون كردن
قصاص,خونبها
قصاص,شمر
قصاص,قتل
قصاص,قتل كردن
قصاص,كربلا
قصاص,كشتار
قصاص,كشتن
قصاص,كشتگي
قصاص,كيفر
قصبہ,ناي
قصد,قصد
قصر,قصر
قصور,اشتباه
قصور,بار
قصور,بهانه
قصور,تقصير
قصور,خدشه
قصور,خرده گرفتن
قصور,خطا
قصور,عيب
قصور,قاصر
قصور,قصور
قصور,مقصر
قصور,گناه
قصيده,قصيده
قصيدو,قصيده
قصيدو,مطلع
قصيدو,مقطع
قصيدوں,قصيده
قصيدوں,مطلع
قصيدوں,مقطع
قصيدہ,تملق
قصيدہ,ثنا
قصيدہ,درس
قصيدہ,سخنراني
قصيدہ,قصيده
قصيدہ,لوس
قصيدہ,مستمع
قصيدہ,مطلع
قصيدہ,مقطع
قصيدے,قصيده
قصيدے,مطلع
قصيدے,مقطع
قضا,بوش
قضا,تقدير
قضا,جبر
قضا,حاكميت
قضا,حكم
قضا,داوري
قضا,فتوا
قضا,فرمان
قضا,فيصله
قضا,قدر
قضا,قضا
قضا,قضاوت
قضا,قلمرو
قضا,قيمومت
قضاي,قضاي
قطار,امبولانس
قطار,ايستگاه قطار
قطار,بوق
قطار,تانك
قطار,ترن
قطار,راهاهن
قطار,رژه
قطار,سريعالسير
قطار,شناور
قطار,قطار
قطار,ورزيدن
قطار,وسيله نقليه
قطار,پروردن
قطب,تير
قطب,جنوبگان
قطب,خاده
قطب,شمالگان
قطب,قطب
قطب,له
قطب,پايه
قطب,چوب
قطرہ,افت
قطرہ,افت كردن
قطرہ,انداختن
قطرہ,قطره
قطرہ,يله كردن
قطرہ,چكه
قطرہ,چپه شدن
قطع,قطع
قطعا,اخلاط
قطعا,امودريا
قطعا,بكنبكن
قطعا,خوردن
قطعا,عمر
قطعا,كراچي
قطعا,مطلقا
قطعا,همراه
قطعا,◌ؖ
قطعي,اخر
قطعي,بالاخره
قطعي,بالكل
قطعي,بكنبكن
قطعي,تاله
قطعي,ته
قطعي,جلد
قطعي,سراسر
قطعي,سرانجام
قطعي,عاقبت
قطعي,فرشگرد
قطعي,فينال
قطعي,قطعي
قطعي,كاملا
قطعي,كلگي
قطعي,كمپلت
قطعي,محض
قطعي,مسلما
قطعي,مطلق
قطعي,مطلقا
قطعي,نهائي
قطعي,نهايي
قطعي,هراينه
قطعي,ولايت فقيه
قطعي,يقينا
قطعي,◌ؖ
قعر,قعر
قفا,قفا
قفار,قفار
قفس,زندان
قفس,قفس
قفل,قفل
ققنوس,ققنوس
قل,قل
قلب,جگر
قلب,حساس
قلب,قلب
قلزم,قلزم
قلزمي,قلزمي
قلعو,الموت
قلعو,الموتي
قلعو,اوازه
قلعو,برج
قلعو,تجر
قلعو,دژ
قلعو,دژخيم
قلعو,قلعه
قلعو,كوت
قلعوں,الموت
قلعوں,الموتي
قلعوں,اوازه
قلعوں,برج
قلعوں,تجر
قلعوں,دژ
قلعوں,دژخيم
قلعوں,قلعه
قلعوں,كوت
قلعہ,ارگ
قلعہ,الموت
قلعہ,الموتي
قلعہ,اوازه
قلعہ,برج
قلعہ,تجر
قلعہ,تخش
قلعہ,حصار
قلعہ,دژ
قلعہ,دژخيم
قلعہ,رخ
قلعہ,زاغ
قلعہ,شاهرخ
قلعہ,فشفشه
قلعہ,قلعه
قلعہ,كوت
قلعہ جانا,الموت
قلعہ جانا,الموتي
قلعہ جانا,برج
قلعہ جانا,تجر
قلعہ جانا,قلعه
قلعے,الموت
قلعے,الموتي
قلعے,اوازه
قلعے,برج
قلعے,تجر
قلعے,دژ
قلعے,دژخيم
قلعے,قلعه
قلعے,كوت
قلفي,بستني
قلفي,خامه
قلفي,شمه
قلفي,شيريخ
قلفي,قيماق
قلفي,كرم
قلفي,كريمي
قلقل,قلقل
قلم,بوري
قلم,خامه
قلم,غرو
قلم,قصب
قلم,قلم
قلم,قلم كردن
قلم,كلك
قلم,ناي
قلم,ني
قلم كار,اهنگساز
قلم كار,سراينده
قلم كار,صاحب
قلم كار,صاحب اين قلم
قلم كار,فردوسي
قلم كار,مؤلف
قلم كار,نويسنده
قلم كار,پاول
قلم كار,پولس
قلم كار,گوينده
قلندر,قلندر
قلندري,قلندري
قلي,باربر
قلي,دربان
قلي,مجاهد
قلي,مزدور
قم,قم
قمار,قمار
قمار خانہ,زار
قمار خانہ,قمار
قماش,قماش
قمبر علي خان,خان
قمبر علي خان,مود
قمبر علي خان,چنگيز
قمبر علي خان,چنگيزي
قمر,قمر
قمرغہ,بشگرد
قمرغہ,بوري
قمرغہ,بيشه
قمرغہ,جنگل
قمرغہ,شكار
قمرغہ,صيد
قمرغہ,نخچير
قمري,قمري
قميص,جامه
قميص,درع
قميص,ركابي
قميص,شعار
قميص,شوي
قميص,قبا
قميص,قبا كردن
قميص,قميص
قميص,لباس
قميص,مانتو
قميص,مشته
قميص,ملبوس
قميص,مچ
قميص,پيراهن
قميص,گليم
قميض,جامه
قميض,درع
قميض,ركابي
قميض,شعار
قميض,شوي
قميض,قبا
قميض,قبا كردن
قميض,قميص
قميض,لباس
قميض,مانتو
قميض,مشته
قميض,ملبوس
قميض,مچ
قميض,پيراهن
قميض,گليم
قمچي,تازيانه
قمچي,تاك
قمچي,شاخ
قمچي,شلاق
قمچي,فلك
قمچي,مسواك
قمچي,چيله
قناعت,قناعت
قند,قند
قنديل,قنديل
قواعد,حال
قواعد,دستور
قواعد,دستور زبان
قواعد,نحو
قواي,قواي
قوت,قوت
قوتست,قوتست
قوتش,قوتش
قوس قزح,تيراژه
قوس قزح,درونه
قوس قزح,رنگينكمان
قوس قزح,قوس و قزح
قوس قزح,قوسقزح
قوس قزح,قوسوقزح
قوطي,اسيا
قوطي,افريقا
قوطي,الگو
قوطي,اهريمن
قوطي,ايليريا
قوطي,بختك
قوطي,بربادي
قوطي,بينالنهرين
قوطي,تخريب
قوطي,تكليف
قوطي,تلف
قوطي,خرابي
قوطي,رل
قوطي,رم
قوطي,روم
قوطي,رومي
قوطي,سنتور
قوطي,عملكرد
قوطي,فوتسال
قوطي,قيصر
قوطي,كاركرد
قوطي,نقش
قوطي,نپتون
قوطي,هلاك
قوطي,يت
قوطي,گاليا
قوطي,گماشتن
قوق,تخم مرغ
قوق,تهچين
قوق,جوجه
قوق,جيجه
قوق,فسنجان
قوق,قدقد
قوق,مرغ
قوق,چوري
قول,قول
قوم,ادم
قوم,امت
قوم,تبار
قوم,تك
قوم,جنس
قوم,غيرت
قوم,قدرت هستهاي
قوم,قوم
قوم,مردم
قوم,ملت
قوم,ناورد
قوم,نسل
قوم,نژاد
قوم,پيست
قوم پرست,مليون
قوم پرست,مليگرا
قوم پرست,ميهنپرست
قوم پرست,پهلويسم
قوم پرستي,مليگرايي
قوم پرستي,ميهنپرستي
قومي,توليد ناخالص ملي
قومي,دهلي
قومي,سرود ملي
قومي,قومي
قومي,كنكور
قومي,ملي
قومي,وطني
قومي زبان,توليد ناخالص ملي
قومي زبان,دهلي
قومي زبان,سرود ملي
قومي زبان,كنكور
قومي زبان,ملي
قومي زبان,وطني
قوميت,جرمني
قوميت,مليت
قونيہ,قونيه
قوي,تهم
قوي,خديو
قوي,ستنبه
قوي,سكندري
قوي,قدرتمند
قوي,قوي
قوي,هزبر
قوي,هژبر
قوي,ورجاوند
قوي,يدن
قوي,چريك
قويست,قويست
قيادت,امامت
قيادت,تكليف
قيادت,جايگاه
قيادت,جناب اقاي
قيادت,رهبري
قيادت,رياست
قيادت,سركار خانم
قيادت,سروري
قيادت,سري
قيادت,غلو
قيادت,مكان
قيادت,منطقه
قيادت,ناحيه
قيادت,وضعيت
قيادت,وكالت
قيادت,گاه
قياس,قياس
قيام,قيام
قيامت,افت
قيامت,حادثه
قيامت,فاجعه
قيامت,فتنه
قيامت,قيامت
قيامت,مبتلا
قيامت,مصيبت
قيامت,نكبت
قيامت,چينود
قيد,اسير
قيد,برده
قيد,دربند
قيد,زندان
قيد,شهربندان
قيد,قيد
قيد سخت,حبس
قيدخانہ,شهربندان
قيدخانہ,قيد
قيدي,قيدي
قير,قير
قيروان,افريقا
قيروان,تونس
قيروان,قيروان
قيروان,مغرب
قيس,قيس
قيصر,قيصر
قيصري,قيصري
قيل,قيل
قيمت,ارز
قيمت,ارزش
قيمت,ارزيدن
قيمت,بها
قيمت,خونبها
قيمت,دخش
قيمت,ديدني
قيمت,سنگ
قيمت,شيربها
قيمت,عزر
قيمت,في
قيمت,قابل ندارد
قيمت,قدر
قيمت,قيمت
قيمت,نابكار
قيمت,نرخ
قيمت,نفاست
قيمتي,ارجمند
قيمتي,ارزشمند
قيمتي,دهنه
قيمتي,عزيز
قيمتي,قيمت
قيمتي,قيمتي
قيمتي,نفيس
قيمتي,يشم
قيمتي,گرامي
قيمتي,گران
قيمتي,گرانبها
قيمتي,گرون
قينچي,قيچي
قينچي,كازود
قہر,اتشين
قہر,استم
قہر,اشتلم
قہر,اواره
قہر,بطش
قہر,بيداد
قہر,جفا
قہر,خشم
قہر,خشونت
قہر,خشونت خانگي
قہر,داد
قہر,دنيدن
قہر,دژند
قہر,زور
قہر,ستم
قہر,سوزان
قہر,شهواني
قہر,ظلم
قہر,عصبانيت
قہر,عنف
قہر,غرم
قہر,غضب
قہر,فشاري
قہر,پرشور
قہر,پري
قہر,گرم
قہرمان,بهادر
قہرمان,جيغه
قہرمان,قهرمان
قہرمان,مبارز
قہرمان,ناضل
قہرمان,پهلو
قہرمان,پهلوان
قہقہہ,بلند
قہقہہ,خخخ
قہقہہ,خنده
قہقہہ,رسا
قہقہہ,روخواني
قہقہہ,مضحك
قہقہہ,نهيب
قہقہہ,نهيب زدن
قہوہ,قهوه
قہوہ,قهوه ترك
قہوہ,كافه
قے,استفراغ
قے,استفراغ كردن
قے,بالا اوردن
قے,قي
قے,واميدن
قے,وميدن
قے كرنا,استفراغ كردن
قے كرنا,بالا اوردن
قے كرنا,قي
قے كرنا,واميدن
قے كرنا,وميدن
كئي,كئي
كا,ارزش
كا,ارزيدن
كا,به درد بخور
كا,به درد خوردن
كا,ترا
كا,ديدني
كا,را
كا,سنگ
كا,سودمند
كا,قابل ندارد
كا,قدر
كا,كا
كا,كاربردي
كا,متقارب
كا,مرا
كا,مفيد
كا,نابكار
كا,نافع
كا,نفاست
كا,هي
كاؤس,كاؤس
كائنات,جهان
كائنات,عالم
كائنات,كائنات
كائنات,كيهان
كائنات,گيتي
كابل,كابل
كابل,كابلي
كابل,كافر
كابوس,بخت
كابوس,بختك
كابوس,سياهي
كابوس,كابوس
كاتب,خوشنويس
كاتب,كارمند
كاتب,ميرزا
كاتب,ياقوت
كاتھولك,اسيا
كاتھولك,افريقا
كاتھولك,ايليريا
كاتھولك,بينالنهرين
كاتھولك,رم
كاتھولك,روم
كاتھولك,رومي
كاتھولك,قاتوليقه
كاتھولك,قيصر
كاتھولك,كاتوليك
كاتھولك,نپتون
كاتھولك,پادري
كاتھولك,گاليا
كاخ,كاخ
كار,اشتغال
كار,اشغال
كار,اشغالي
كار,بار
كار,باژ
كار,تابع
كار,تصرف
كار,تمكين
كار,جهاز
كار,حدادي
كار,شغل
كار,عملكرد
كار,عهده
كار,فرض
كار,قانون گو
كار,كار
كار,كار كردن
كار,كاركرد
كار,كشك
كار,مشغله
كار,نوكري
كار,هم
كار,وار
كار,وظيفه
كار,وظيفهام بود
كار گاہ,كارخانه
كار گاہ,كارگاه
كار گاہ,كوزهگري
كاراگار,شهربندان
كاراگار,قيد
كارخانہ,ازمايشگاه
كارخانہ,جوگير شدن
كارخانہ,دستي
كارخانہ,زراد خانه
كارخانہ,زرادخانه
كارخانہ,زردخانه
كارخانہ,فابريكه
كارخانہ,كار خانه
كارخانہ,كارخانه
كارخانہ,كارگاه
كارخانہ,كليات
كارخانہ,كوزهگري
كارخانہ,مجري
كارد,كارد
كارروائي,ادب
كارروائي,اصلي
كارروائي,انباكسينگ
كارروائي,باروري
كارروائي,تحقيق
كارروائي,تدبير
كارروائي,تكاپو
كارروائي,در حال
كارروائي,دستور
كارروائي,رسيدگي
كارروائي,رفتار
كارروائي,روش
كارروائي,روند
كارروائي,رويه
كارروائي,سيرت
كارروائي,صنع
كارروائي,ضبط
كارروائي,فرايند
كارروائي,قطع كردن
كارروائي,مديريت
كارروائي,مديريت دادهها
كارروائي,نورد
كارروائي,ياساق
كارروائي,يسم
كارروائي,پروسه
كارروائي,پژوهش
كارروائي,چالش
كارزار,اسپريس
كارزار,اوردگاه
كارزار,تضاد
كارزار,حرب
كارزار,درگرفتن
كارزار,درگيري
كارزار,رخصت
كارزار,رزم
كارزار,رزمگاه
كارزار,عرصه
كارزار,عمليات
كارزار,كارزار
كارزار,كشمكش
كارزار,كمپين
كارزار,متخاصم
كارزار,محاربه
كارزار,معركه
كارزار,مغاير
كارزار,منازعه
كارزار,ميدان
كارزار,نبرد
كارزار,نهضت
كارساز,كارساز
كارسازي,كارسازي
كارش,كارش
كاركردگي,اجرا
كاركردگي,بهره وري
كاركردگي,همبازي
كارم,كارم
كاروان,كاروان
كاروانش,كاروانش
كارواني,كارواني
كارواں,راه زدن
كارواں,ساربان
كارواں,سرنشين
كارواں,قافله
كارواں,قيروان
كارواں,كاروان
كارواں,چاوش
كاروبار,اشتغال
كاروبار,اشغال
كاروبار,اشغالي
كاروبار,تصرف
كاروبار,حدادي
كاروبار,شغل
كاروبار,كار
كاروبار,كاروبار
كاروبار,مشغله
كاروبار,نوكري
كاروبارش,كاروبارش
كاروباري,تاجر
كاري,كاري
كاريد,كاريد
كاريه,اغا
كاريه,ايسكريم
كاريه,بيچاره
كاريه,مثلن
كاريہ,الگو
كاريہ,بازاريابي
كاريہ,بدمعاش
كاريہ,بيگاري
كاريہ,تكليف
كاريہ,حرفه
كاريہ,خدمت
كاريہ,داير
كاريہ,رل
كاريہ,زحمت كشيدن
كاريہ,سخت
كاريہ,سرويس
كاريہ,سعي
كاريہ,سفارش
كاريہ,سفارش دادن
كاريہ,سفارشي
كاريہ,سهل ممتنع
كاريہ,صدر
كاريہ,عمل
كاريہ,عملكرد
كاريہ,عمليات
كاريہ,كاركرد
كاريہ,كسب
كاريہ,كوشش
كاريہ,كوچ
كاريہ,مبادرت
كاريہ,مهم
كاريہ,نقش
كاريہ,نوكري
كاريہ,هزينه
كاريہ,هيئت
كاريہ,ورزه
كاريہ,وظيفه
كاريہ,يت
كاريہ,پيشه
كاريہ,گماشتن
كارٹون,كارتون
كارڈ,اعتبار
كارڈ,كارت اعتباري
كارڈ,نسيه
كارگر,كارگر
كاسب,كاسب
كاست,كاست
كاستم,كاستم
كاستن,كاستن
كاش,كاش
كاشت,كاشت
كاشتي,كاشتي
كاشغر,كاشغر
كاشف,كاشف
كاغذ,اجنبي
كاغذ,اخبار
كاغذ,استفتاء
كاغذ,اشتباه لپي
كاغذ,بيگانه
كاغذ,تكليف
كاغذ,جايگاه
كاغذ,جريده
كاغذ,جناب اقاي
كاغذ,جنتري
كاغذ,خارجي
كاغذ,دستاويز
كاغذ,روزنامه
كاغذ,سر خوردن
كاغذ,سركار خانم
كاغذ,سريدن
كاغذ,سند
كاغذ,سواد
كاغذ,شخشيدن
كاغذ,صادر كردن
كاغذ,طغرا
كاغذ,غريب
كاغذ,غلو
كاغذ,فتوا
كاغذ,قانوني
كاغذ,كاغذ
كاغذ,لغزيدن
كاغذ,ليز خوردن
كاغذ,متن
كاغذ,مدارك
كاغذ,مدرك
كاغذ,مشروع
كاغذ,مكان
كاغذ,وضعيت
كاغذ,وكالت
كاغذ,ويرايش
كاغذ,چك
كاغذ,گاه
كاف,كاف
كافر,جددين
كافر,دروند
كافر,قرمطي
كافر,كافر
كافر,هندو
كافر,گبر
كافران,كافران
كافري,كافري
كافور,كافور
كافي,كافي
كالا,ارجاع
كالا,ارغواني
كالا,بازي
كالا,تخم جن
كالا,تعريف كردن
كالا,توصيف كردن
كالا,جهانخوار
كالا,درمانده
كالا,دهنه
كالا,ديز
كالا,ر ك
كالا,رجوع كردن
كالا,رنگ
كالا,رنگي
كالا,زنگ
كالا,زنگي
كالا,سياه
كالا,شكلاتي
كالا,شناختن
كالا,شيطان بزرگ
كالا,كتلت
كالا,كثيف
كالا,لوترا
كالا,مراجعه كردن
كالا,ممالك محروسه ايران
كالا,مهندس
كالا,موشعلي
كالا,نااميد
كالا,نقرهاي
كالا,هندو
كالا,هندي
كالا,يشمي
كالا,پارگين
كالا,پليد
كالا,چتل
كالا,چرك
كالا,چركين
كالا,چيز
كالا,گون
كالا ازار,سالك
كالاي,كالاي
كالج,استاد
كالج,اموزشگاه
كالج,دانشكده
كالج,فاكولته
كالج,كالج
كالج,پرديس
كالي,كالي
كالي جمعرات,اگر
كالي جمعرات,بي خيال
كالي جمعرات,در صورتي كه
كالي جمعرات,ماهي را هر وقت از اب بگيري تازه است
كالي جمعرات,هرگز
كالي جمعرات,هيچ
كالي جمعرات,هيچوقت
كالي جمعرات,هيچگاه
كالي جمعرات,ولش كن
كالي جمعرات,چينود
كام,استخدام
كام,اشتغال
كام,تابع
كام,تكليف
كام,ثواب
كام,جهاز
كام,جوشش
كام,حسرت
كام,خدمت
كام,دلبستگي
كام,رخم
كام,سخت
كام,سند
كام,سهل ممتنع
كام,سودا
كام,شبيه
كام,شغل
كام,شهواني
كام,شهوت
كام,شوق
كام,صدد
كام,صفت
كام,طراحي كردن
كام,طرح
كام,طرفداري كردن
كام,عاطفه
كام,عشق
كام,علاقه
كام,علاقه داشتن
كام,عمل
كام,عملكرد
كام,قول
كام,كار
كام,كار كردن
كام,كاركرد
كام,كام
كام,كردار
كام,كوم
كام,لطف
كام,مبادرت
كام,محبت
كام,مدل
كام,مشغله
كام,ملاطفت
كام,مهر
كام,مهم
كام,نسبت دادن
كام,نقش
كام,هوا
كام,هوس
كام,هوي
كام,هيئت
كام,وظيفه
كام,ولع
كام,چك
كامل,استاد
كامل,اهل خبره
كامل,خبره
كامل,فقيه
كامل,كارشناس
كامل,كامل
كامل,متخصص
كاملي,كاملي
كامي,كامي
كامياب,بختاور
كامياب,برخوردار
كامياب,فيروز
كامياب,كامران
كامياب,كامياب
كامياب,موفق
كامياب,پررونق
كاميابي,تحقق
كاميابي,توفيق
كاميابي,سوختن
كاميابي,كامروايي
كاميابي,كاميابي
كاميابي,موفقيت
كاميابي,ناموفق
كاميابي,نجاح
كان,كان
كان كني,بازنشسته
كان كني,بدمعاش
كان كني,حرفه
كان كني,داير
كان كني,سبك هندي
كان كني,كارگر
كان كني,كان
كان كني,كسب
كان كني,معدن
كان كني,مين
كان كني,نغم
كان كني,ورزه
كان كني,پيشه
كان لگانا,ستنبه
كان لگانا,سنگ صبور
كان لگانا,شنفتن
كان لگانا,شنيدن
كان لگانا,فهميدن
كان لگانا,نيوشيدن
كان لگانا,گوش دادن
كان لگانا,گوش كردن
كاندا,سوخ
كاندا,پياز
كاندا,پيازچه
كاندر,كاندر
كاندرو,كاندرو
كانسا,برنز
كانسا,روي
كانسي,برنز
كانسي,روي
كانٹا,الت
كانٹا,تلو
كانٹا,خار
كانٹا,شنه
كانٹا,شوك
كانٹا,ملعقه
كانٹا,منگوش
كانٹا,پنجه
كانٹا,چنگال
كانٹا,گوشواره
كانپنا,دروشيدن
كانپنا,رعشه
كانپنا,لرزيدن
كانپنا,نويدن
كانچ,ابگينه
كانچ,ايزوله
كانچ,جوهر
كانچ,حنا
كانچ,ذات
كانچ,سمنت
كانچ,عرض
كانچ,لعاب
كانچ,مايه
كانچ,موميا
كاو,كاو
كاوش,كاوش
كاوي,كاوي
كاويدم,كاويدم
كاويري,كاويري
كايد,كايد
كاٹنا,اليف
كاٹنا,دريدن
كاٹنا,زدن
كاٹنا,لزگه
كاٹنا,نيش
كاٹنا,گاز
كاٹنا,گاز گرفتن
كاٹنا,گزيدن
كاٹھياواڑ,احمداباد
كاٹھياواڑ,سورت
كاٹھياواڑ,گجرات
كاٹھياواڑ,گجراتي
كاٹھياواڑي,اباداني
كاٹھياواڑي,احمداباد
كاٹھياواڑي,اراكي
كاٹھياواڑي,اهل
كاٹھياواڑي,باشنده
كاٹھياواڑي,بنگالي
كاٹھياواڑي,رازي
كاٹھياواڑي,ساكن
كاٹھياواڑي,سورت
كاٹھياواڑي,لبظ
كاٹھياواڑي,لغت
كاٹھياواڑي,لهجه
كاٹھياواڑي,لوظ
كاٹھياواڑي,مشهدي
كاٹھياواڑي,مقيم
كاٹھياواڑي,مناجات
كاٹھياواڑي,هزارگي
كاٹھياواڑي,هندو
كاٹھياواڑي,گجرات
كاٹھياواڑي,گجراتي
كاٹھياواڑي,گويش
كاڑھا,اسپرم
كاڑھا,داروسازي
كاہكشان,راه شيري
كاہكشان,كهكشان
كب,كب
كباب,بريان
كباب,شيشكباب
كباب,كباب
كباب,چلوكباب
كبابير,حيفا
كباڑ,ات و اشغال
كباڑ,بنجل
كباڑ,جنگ
كباڑ,قراضه
كبج,تول
كبج,خم
كبج,خميده
كبج,ششت
كبج,كج
كبج,كژ
كبج,چليپا
كبج,گنگ
كبر,كبر
كبريا,كبريا
كبريائي,كبريائي
كبريت,انبيق
كبريت,تا
كبريت,حريف
كبريت,خوردن
كبريت,داربي
كبريت,راكتور شيميايي
كبريت,سرب
كبريت,شيميايي
كبريت,قرين
كبريت,كبريت
كبريت,مسابقه
كبريت,مهندسي شيمي
كبريت,همتا
كبريت,گوگرد
كبك,كبك
كبوتر,افتاب مهتاب نديده
كبوتر,بيتقصير
كبوتر,بيگناه
كبوتر,خلنج
كبوتر,دوشيزه
كبوتر,غيرت
كبوتر,فاخته
كبوتر,قرقره
كبوتر,قمري
كبوتر,كالوج
كبوتر,كبوتر
كبوتر,كفتر
كبوتر,كمتر
كبوتر,معصوم
كبوتر,منزه
كبوتر,پاك
كبوتر,پاكيزه
كبود,كبود
كبير,ابوبكر
كبير,اخر الاخرين
كبير,ارشد
كبير,استاد
كبير,الله
كبير,انا لله و انا اليه راجعون
كبير,بيبي
كبير,كبير
كبير,كهنسال
كتاب,كتاب
كتاب مقدس,انجيل
كتاب مقدس,ايه
كتاب مقدس,كتاب مقدس
كتاب مقدس,لوط
كتابت,كتابت
كتابش,كتابش
كتابي,كتابي
كتب,كتب
كتب خانہ,اسكندريه
كتب خانہ,كتابخانه
كتب خانہ,كتابفروشي
كتب خانہ,كتبخانه
كتھن,اظهار
كتھن,اگر
كتھن,بيان
كتھن,بيانيه
كتھن,تعريف
كتھن,تقرير
كتھن,داستاني
كتھن,سرگذشت
كتھن,شاهنامه
كتھن,فرمايش
كتھن,قول
كتھن,مثل
كتھن,مزخرف
كتھن,نقالي
كتھن,نقل
كتھن,گفته
كتھن,گپ
كثرت,فربه
كثرت,كثرت
كثرت,ها
كج,كج
كجا,كجا
كجا؟,كجا؟
كجائي,كجائي
كجاست,كجاست
كجاست؟,كجاست؟
كجرا,دوده
كجرا,سرمه
كد,كد
كدو,اجيل
كدو,سيكي
كدو,كدو
كدو,پاشنا
كر,خرناي
كر,قرنا
كر,كر
كر،,كر،
كرا,كرا
كرا؟,كرا؟
كرار,كرار
كراري,كراري
كرامات,كرامات
كرامت,كرامت
كران,كران
كراني,كراني
كراچي,اخلاط
كراچي,اسياي غربي
كراچي,امودريا
كراچي,ايرلند شمالي
كراچي,بلوچستان
كراچي,تازي
كراچي,خليج فارس
كراچي,خوردن
كراچي,زبر
كراچي,سند
كراچي,عرب
كراچي,عربستان
كراچي,عربي
كراچي,عمر
كراچي,كراچي
كراچي,همراه
كراچي,واقع
كراچي,◌ؖ
كرب,كرب
كرخندار,استاد
كرخندار,امدادگر
كرخندار,انه
كرخندار,اهل صنعت
كرخندار,اهل هنر
كرخندار,اچار به دست
كرخندار,بازرگان
كرخندار,تاجر
كرخندار,تلميح
كرخندار,خباره
كرخندار,خدمتكار
كرخندار,خوشنمك
كرخندار,دوركار
كرخندار,رند
كرخندار,سوداگر
كرخندار,سيمكش
كرخندار,كارامد
كرخندار,كارمند
كرخندار,كارگر
كرخندار,ماهر
كرخندار,مددكار
كرخندار,مكانيك
كرخندار,نده
كرخندار,هنرپيشه
كرد,كرد
كردار,الگو
كردار,تكليف
كردار,خلق
كردار,رفتار
كردار,رل
كردار,سهم
كردار,عملكرد
كردار,كاركرد
كردار,كردار
كردار,نقش
كردار,يت
كردار,گماشتن
كرداري,كرداري
كردستان,اباد
كردستان,ابادان
كردستان,اذربايجان
كردستان,اغلب
كردستان,اكثر
كردستان,اكسيتانيا
كردستان,امريكاي مركزي
كردستان,امودريا
كردستان,انا لله و انا اليه راجعون
كردستان,انسانشناسي فرهنگي
كردستان,باختر
كردستان,بلوچستان
كردستان,تخار
كردستان,دروغگو
كردستان,دمر
كردستان,سكاستان
كردستان,سليمانيه
كردستان,سنندج
كردستان,سيستان
كردستان,شام
كردستان,صندل
كردستان,غالبا
كردستان,غزل
كردستان,فرهنگي
كردستان,فوق الذكر
كردستان,كاذب
كردستان,كردستان
كردستان,كيرل
كردستان,لرستان
كردستان,ماه
كردستان,مذكور
كردستان,مرغاب
كردستان,نسبيگرايي فرهنگي
كردستان,پادشاهي بريتانياي كبير
كردستان,پژاك
كردستان,چي بوديم، چي شديم
كردم,كردم
كردمش,كردمش
كردن,كردن
كردنت,اد
كردنت,ار
كردنت,از بيخ عرب بودن
كردنت,البرز
كردنت,الو
كردنت,ان
كردنت,انه
كردنت,اي
كردنت,اينا
كردنت,بردك
كردنت,بيا
كردنت,تبار
كردنت,دشنام
كردنت,ريشه دواندن
كردنت,ريوند
كردنت,شنبليله
كردنت,فر
كردنت,فعلي
كردنت,كردن
كردنت,لغوي
كردنت,مصدر
كردنت,هاي
كردنت,وار
كردنت,ون
كردنت,وند
كردنت,يدن
كردنت,ين
كردنت,پلو
كردنت,گان
كردند,كردند
كردي,كردي
كرديم,كرديم
كرسمس,بابا نوئل
كرسمس,كريسمس
كرسمس,نوئل
كرسي,صندلي
كرسي,كرسي
كرسي,پشتي
كرسي,چوكي
كرشمہ,اعجاز
كرشمہ,اعجوبه
كرشمہ,تعجب كردن
كرشمہ,شگفت
كرشمہ,عجب
كرشمہ,كرامت
كرشن,كرشن
كرغيزستان,بيشكك
كرغيزستان,تخماق
كرغيزستان,جلالاباد
كرغيزستان,قرقيزستان
كركٹ,جيرجيرك
كركٹ,شبگير
كركٹ,كركت
كرم,اقايي
كرم,التفات
كرم,ايثار
كرم,بخشش
كرم,جوانمردي
كرم,خوبي
كرم,دهش
كرم,سخاوت
كرم,شجاعت
كرم,عنايت
كرم,كرم
كرم,لطف
كرم,محبت
كرم,مروت
كرم,ملاطفت
كرم,مهر
كرم,مهرباني
كرم,نيكي
كرمك,كرمك
كرن,ادامه دادن
كرن,ازاري
كرن,اعدام
كرن,ال
كرن,بند
كرن,ترتيب
كرن,ترويج
كرن,تنگه
كرن,توله
كرن,تير
كرن,داشتن
كرن,دريچه
كرن,رويه
كرن,زناء
كرن,سر و برگ
كرن,سيم
كرن,سيمكش
كرن,سيمين
كرن,شاخ
كرن,شعاع
كرن,صورت
كرن,طرز
كرن,قيطان
كرن,لاري
كرن,مشغول
كرن,نقره
كرن,نقرهاي
كرن,نورد
كرن,يراق
كرنا,كرنا
كرو,ادم
كرو,افسانهاي
كرو,افسانوي
كرو,بيستون
كرو,تاجبخش
كرو,دارا
كرو,سنگ صبور
كرو,سووشون
كرو,شبديز
كرو,كرو
كرو,كي
كرو,هاماوران
كرو كشيتر,افراسياب
كرو كشيتر,ايل
كرو كشيتر,جيزه
كرو كشيتر,حوزه
كرو كشيتر,خاندان
كرو كشيتر,دامنه
كرو كشيتر,سرشناس
كرو كشيتر,سلبريتي
كرو كشيتر,شاهنامه
كرو كشيتر,طهمورث
كرو كشيتر,عنقا
كرو كشيتر,كي
كرو كشيتر,مشهور
كرو كشيتر,معروف
كرو كشيتر,نامدار
كرو كشيتر,ويس
كرويشيا,اروپاي مركزي
كرويشيا,اسلووني
كرويشيا,ايليريا
كرويشيا,بوسني و هرزگوين
كرويشيا,بوسنيا و هرزگوينا
كرويشيا,زاگرب
كرويشيا,صربستان
كرويشيا,كرواسي
كرويشيا,كرواسيا
كرويشيا,مقدونيه شمالي
كرويشيا,مونتهنگرو
كروڑ,شيعه
كروڑ,ميليون
كري,ابابيل
كري,خرطوم
كري,شنگ
كري,فيل
كري,فيلمرغ
كري,كجك
كري,كنجر
كري,پيل
كريا,ائين
كريا,اجرا
كريا,ادامه دادن
كريا,افتتاحيه
كريا,التزام
كريا,اهل انصاف
كريا,بار
كريا,باژ
كريا,بيگار
كريا,ترتيب
كريا,تمكين
كريا,ثواب
كريا,حكمت
كريا,داشتن
كريا,رويه
كريا,زايمان
كريا,زايمان زودرس
كريا,زايمان طبيعي
كريا,سر و برگ
كريا,سند
كريا,سووشون
كريا,سوگند
كريا,صورت
كريا,طبي
كريا,طرز
كريا,عروسي
كريا,عمل
كريا,عهد
كريا,عهده
كريا,فرض
كريا,فشاري
كريا,قانون گو
كريا,قسم
كريا,قول
كريا,كار
كريا,كردار
كريا,كشك
كريا,كم لطفي
كريا,مراسم
كريا,مشغول
كريا,معالجه
كريا,همبازي
كريا,وظيفه
كريا,وظيفهام بود
كريا,ون
كريا,پرهيز
كريا,چك
كريم,كريم
كرپاس,كرپاس
كرگس,كرگس
كز,كز
كس,به
كس,را
كس,غايبانه
كس,قس
كس,كس
كس,كس دادن
كس,كس كردن
كس,كس ليسيدن
كس,كص
كس,كون دادن
كس,مر
كس,ميو
كس,پيشي
كسان,برزگر
كسان,دهقان
كسان,كسان
كسان,كشاورز
كسان,ورزه
كسب,كسب
كسر,برخ
كسر,كسر
كسر,واله دائوستا
كسرت,تكيدن
كسرت,تمرين
كسرت,رزمايش
كسرت,كباده
كسرت,مشق
كسرت,نرمش
كسرت,ورز
كسرت,ورزش
كسرت,ورزش كردن
كسرت,ورزيدن
كسري,كسري
كسك,درد
كسك,درد كردن
كسوت,كسوت
كسي,سينگل
كسي,كسي
كسي,هركس
كسي,هيچكس
كش,كش
كشاكش,كشاكش
كشان,كشان
كشايد,كشايد
كشت,كشت
كشتن,كشتن
كشتند,كشتند
كشتي,ابخور
كشتي,اون ممه رو لولو برد
كشتي,بارگيري
كشتي,بلم
كشتي,جنگ
كشتي,جهاز
كشتي,رخصت
كشتي,زورق
كشتي,سفينه
كشتي,صندل
كشتي,قايق
كشتي,كرجي
كشتي,كشتي
كشتي,كشتي ازاد
كشتي,كشتي فرنگي
كشتي,كيمه
كشتي,مركب
كشتي,ناو
كشتي,يدك
كشتياں,ابخور
كشتياں,اون ممه رو لولو برد
كشتياں,بارگيري
كشتياں,بلم
كشتياں,جنگ
كشتياں,جهاز
كشتياں,رخصت
كشتياں,زورق
كشتياں,سفينه
كشتياں,صندل
كشتياں,قايق
كشتياں,كرجي
كشتياں,كشتي
كشتياں,كشتي ازاد
كشتياں,كشتي فرنگي
كشتياں,كيمه
كشتياں,مركب
كشتياں,ناو
كشتياں,يدك
كشتيش,كشتيش
كشتيم,كشتيم
كشتيوں,ابخور
كشتيوں,اون ممه رو لولو برد
كشتيوں,بارگيري
كشتيوں,بلم
كشتيوں,جنگ
كشتيوں,جهاز
كشتيوں,رخصت
كشتيوں,زورق
كشتيوں,سفينه
كشتيوں,صندل
كشتيوں,قايق
كشتيوں,كرجي
كشتيوں,كشتي
كشتيوں,كشتي ازاد
كشتيوں,كشتي فرنگي
كشتيوں,كيمه
كشتيوں,مركب
كشتيوں,ناو
كشتيوں,يدك
كشد,كشد
كشدھا,اشتها
كشدھا,اعتصاب غذا
كشدھا,گرسنگي
كشري,ارايشگر
كشري,استره
كشري,تيخ
كشري,تيغ
كشري,خنجر
كشري,خودتراش
كشري,دشنه
كشري,دلاك
كشري,ريشتراش
كشري,سلماني
كشري,كارد
كشري,پاكي
كشري,پچق
كشري,چاقو
كشري,چيلان
كشش,كشش
كشف,اكتشاف
كشف,الهام
كشف,باخه
كشف,جلوه
كشف,رونمايي
كشف,عرض
كشف,كاوش
كشف,كشف
كشف,لاك
كشف,لاكپشت
كشف,مظهر
كشف,مكاشفه
كشف,نشانه
كشف,وحي
كشف,گشادي
كشم,كشم
كشما,استعفا
كشما,بخشايش
كشما,بخشش
كشما,بخشودن
كشما,بخشيدن
كشما,عفو
كشما,عفو كردن
كشما,معافي
كشما,معذرت
كشما,مغفرت
كشما,پوزش
كشما,گذشتن
كشمكش,كشمكش
كشمير,اقصي چين
كشمير,بنگال
كشمير,جدا
كشمير,جنتري
كشمير,خراسان
كشمير,سرينگر
كشمير,قبرس شمالي
كشمير,قشمير
كشمير,كره
كشمير,كريمه
كشمير,كشمير
كشمير,مظفراباد
كشمير,پنجاب
كشن,كرشن
كشندہ,قاتل
كشنر,كشنر
كشور,اب و هوا
كشور,اب و هوايي
كشور,ابوهوا
كشور,ارزه
كشور,استره
كشور,اصلاح
كشور,افق
كشور,اقليم
كشور,برنا
كشور,بوم
كشور,تراش
كشور,تغيير اقليم
كشور,جوان
كشور,جواني
كشور,حوزه
كشور,خردسال
كشور,خلاف
كشور,ريدك
كشور,سلماني
كشور,شاب
كشور,شهر
كشور,صبي
كشور,عنفوان
كشور,فرچه
كشور,قلمرو
كشور,قيم
كشور,كشور
كشور,كلب
كشور,كوكب
كشور,معتدل
كشور,مملكت
كشور,مينور
كشور,نوجوان
كشور,نوچه
كشور,وضو
كشور,گام مينور
كشور,گرودمان
كشورا,جوان
كشورك,ارايشگر
كشورك,دلاك
كشورك,ريشتراش
كشورك,سلماني
كشوري,استره
كشوري,بنت
كشوري,تيخ
كشوري,تيغ
كشوري,خودتراش
كشوري,داف
كشوري,دختر
كشوري,دختربچه
كشوري,دخترك
كشوري,دخدر
كشوري,دوشيزه
كشوري,ريشتراش
كشوري,صبيه
كشوري,كس
كشوري,ليلي زن بود يا مرد
كشوري,پاكي
كشي,اتلاف
كشي,كشي
كشي,پوسيدن
كشي,گنديدن
كشيد,كشيد
كشيدم,كشيدم
كشيدن,كشيدن
كشيدند,كشيدند
كشيدگي,استرس
كشيدگي,تاكيد
كشيدگي,تكيه
كشيدگي,تنش
كشيدگي,تنيدگي
كشيدگي,سفت
كشيدگي,◌ؖ
كشٹ,تشويش
كشٹ,خون خوردن
كشٹ,دود
كشٹ,مست
كعبہ,كعبه
كف,كف
كفار,كفار
كفارہ,تاوان
كفارہ,توبه
كفارہ,جبران
كفارہ,خونبها
كفارہ,ديه
كفارہ,زناء
كفارہ,عوض
كفارہ,غرامت
كفارہ,پاداش
كفر,كفر
كفن,كفن
كفچا,اشتك
كفچا,جوجه
كفچا,غوك
كفچا,قنداق
كفچا,كالسكه
كفچا,كودك
كفچا,لالا
كفچا,نيني
كفچا,وزغ
كفچا,پستانك
ككر,بار
ككر,تركيدن
ككر,زودپز
ككر,سست
ككر,سفت
ككر,فشار
ككر,فشار خون
ككر,فشار خون بالا
ككر,فشاري
ككر,پلوپز
كل,ابابيل
كل,ابله
كل,ادم
كل,ارام
كل,ارامش
كل,ارامي
كل,ارن
كل,ارنج
كل,ارنج تنيسبازان
كل,اساني
كل,استراحت
كل,استفراغ
كل,اطمينان
كل,ال
كل,الحمد لله
كل,امس
كل,اهسته
كل,اور
كل,بالكل
كل,برجسته
كل,برهمن
كل,بعدا
كل,تبار
كل,تك
كل,تله
كل,توران
كل,توراندخت
كل,جمعا
كل,جنس
كل,حتما
كل,حراج
كل,حسابي
كل,خاموش
كل,خنگ
كل,داس و چكش
كل,دام
كل,دودمان
كل,ديروز
كل,راحت
كل,راحتي
كل,راستي
كل,رم
كل,رمه
كل,سادگي
كل,سراسر
كل,سكون
كل,سياهي لشكر
كل,شمار
كل,صباح
كل,طاس
كل,عد
كل,عرق
كل,فارغ البال
كل,فردا
كل,فرداشب
كل,فريادرس
كل,فيت
كل,قشون
كل,كاليو
كل,كاملا
كل,كل
كل,كليه
كل,كلگي
كل,كمپلت
كل,كوبيدن
كل,كودن
كل,كچل
كل,لاجرم
كل,ماشه
كل,مر
كل,مسلما
كل,مشت
كل,مضراب
كل,مطمئن
كل,مگر
كل,نام و نشان
كل,ناورد
كل,نسل
كل,نهاز
كل,نيست و نابود
كل,نژاد
كل,هراينه
كل,وسعت
كل,يقينا
كل,پري
كل,پريروز
كل,پس پريروز
كل,پسان
كل,پسفردا
كل,پسفرداشب
كل,پسينفردا
كل,پسينفرداشب
كل,پيست
كل,پگاه
كل,چخماق
كل,چكش
كل,چهر
كل,چپ
كل,چپ شدن
كل,گشايش
كل,گله
كل,گير انداختن
كلا,بوري
كلا,لاك
كلا,ميخ
كلا,ناخن
كلا,نخون
كلا كار,استاد
كلا كار,اهل صنعت
كلا كار,اهل هنر
كلا كار,بازيگر
كلا كار,سياهي لشكر
كلا كار,نقش
كلا كار,همبازي
كلا كار,هنرمند
كلا كار,هنرپيشه
كلا كار,چيرهدست
كلا كار,گرافيست
كلائي,مچ دست
كلائياں,مچ دست
كلائيوں,مچ دست
كلاشنكوف,كلاشينكف
كلام,كلام
كلام,گفتار
كلام,گفتمان
كلام كرنا,تعريف كردن
كلام كرنا,حرف زدن
كلام كرنا,دراييدن
كلام كرنا,دروغ گفتن
كلام كرنا,روايت كردن
كلام كرنا,سخن گفتن
كلام كرنا,صحبت كردن
كلام كرنا,فارسي بلد نيستم
كلام كرنا,پيمودن
كلام كرنا,گفتن
كلام كرنا,گنگ
كلام كرنا,گپ زدن
كلامش,كلامش
كلامم,كلامم
كلاوا,بسته
كلاوا,تاتوره
كلاوا,جزگ
كلاوا,جيد
كلاوا,كوزه
كلاوا,كيزه
كلاوا,مربوط
كلاوا,مست
كلاوا,مل
كلاوا,نول
كلاوا,يال
كلاوا,گردن
كلاونت,استاد
كلاونت,اهل صنعت
كلاونت,اهل هنر
كلاونت,خنياگر
كلاونت,خواننده
كلاونت,خواننده اپرا
كلاونت,موزيسين
كلاونت,موسيقار
كلاونت,موسيقي دان
كلاونت,موسيقيدان
كلاونت,موسيقيدانان
كلاونت,موسيقيدانها
كلاونت,نوازنده
كلاونت,هنرمند
كلاونت,چيرهدست
كلاونت,گرافيست
كلاں,تيم
كلاں,سراي
كلاں,صدر
كلاں,صدراعظم
كلاں,عظيم
كلاں,كبير
كلاں,گراندوشس
كلاں,گراندوك
كلب,باشگاه
كلب,خاج
كلب,شاگرد
كلب,كانون
كلب,كلاب
كلب,لخت
كلب,وفنوك
كلب,گرز
كلب,گرزه
كلب,گوپال
كلبہ,كازه
كلبہ,كلبه
كلفت,كلفت
كلك,كلك
كلكتہ,بمبئي
كلكتہ,بنگال
كلكتہ,بنگالي
كلكتہ,تاليوود
كلكتہ,دهلي
كلكتہ,كلكته
كلكتہ,ممبي
كلكتہ,هندي
كلمہ,قول
كلمہ,لفظ
كلمہ,مثل
كلمہ,واژه
كلمہ,گفتار
كلمہ,گفتمان
كلمہ,گپ
كلي,كلي
كليان,اباداني
كليان,ابادي
كليان,بخت
كليان,خجسته
كليان,خدايي
كليان,خوباني
كليان,خوشا
كليان,خوشبخت
كليان,دولت
كليان,رفاه
كليان,روزبه
كليان,شادروان
كليان,فرخ
كليان,فرخنده
كليان,فيروز
كليان,كامران
كليان,كاميابي
كليان,مبارك
كليان,متبرك
كليان,مهر
كليان,موفقيت
كليان,همايون
كليان,هندوستاني
كليجا,جگر
كليجا,كبد
كليجا,كبد چرب
كليجي,جگر
كليجي,كبد
كليجي,كبد چرب
كليد,كليد
كليدي,اساسي
كليدي,اصلي
كليدي,بنواژه
كليدي,بنيادي
كليدي,ذاتي
كليدي,سلول
كليدي,فرض
كليدي,واجب
كليدي تختہ,تايپ
كليدي تختہ,صفحهكليد
كليسا,كليسا
كليسيا,كلسيا
كليسيا,كليسا
كليسيا,كليسيا
كليسيا,كنشت
كليسيا,محراب
كليسيا,ناقوس
كليم,كليم
كليمان,كليمان
كليمي,كليمي
كليوا,برشتوك
كليوا,صبحانه
كليوا,ناشتا
كليوا,چاي صبح
كليہ,ابله
كليہ,ازار
كليہ,استاد
كليہ,استوار
كليہ,اشراق
كليہ,اصل
كليہ,اماده
كليہ,امس
كليہ,اموزشگاه
كليہ,اهنگ كردن
كليہ,بغاوت
كليہ,تهيه كردن
كليہ,تيار
كليہ,جور
كليہ,حاضر
كليہ,خنگ
كليہ,دارالفنون
كليہ,دانشجو
كليہ,دانشكده
كليہ,دانشنامه
كليہ,دانشگاه
كليہ,درست
كليہ,درواخ
كليہ,ديروز
كليہ,سالم
كليہ,سفربر
كليہ,سلامت
كليہ,صباح
كليہ,فارغالتحصيل
كليہ,فاكولته
كليہ,فردا
كليہ,فرداشب
كليہ,فرمول
كليہ,كالج
كليہ,كاليو
كليہ,كر
كليہ,كر هستم
كليہ,كرم
كليہ,كليات
كليہ,كليه
كليہ,كنكور
كليہ,كودن
كليہ,محاربه
كليہ,مرض
كليہ,مريضي
كليہ,مسلح
كليہ,مسلحانه
كليہ,ناشنوا
كليہ,يوسف
كليہ,پختن
كليہ,پرديس
كليہ,پري
كليہ,پريروز
كليہ,پس پريروز
كليہ,پسفردا
كليہ,پسفرداشب
كليہ,پسينفردا
كليہ,پسينفرداشب
كليہ,پوهنتون
كليہ,پگاه
كليہ,چاق
كم,بي
كم,تخمدان
كم,جيد
كم,درخت هرچه بارش بيشتر ميشود سرش فروتر ميايد
كم,زير
كم,شيب
كم,كاهش دادن
كم,كرن
كم,كم
كم,كمابيش
كم,كمتر
كم,كمردرد
كم,مرخ
كم,نا
كم,پائين
كمائي,دخل
كمائي,درامد
كمائي,دشت
كمائي,عملكرد
كمائي,معاش
كمال,اتمام
كمال,اخه
كمال,استكمال
كمال,افراطي
كمال,اكمال
كمال,انجام
كمال,تاله
كمال,تعارف
كمال,تعارف تيكه پاره كردن
كمال,تكامل
كمال,جهانگير
كمال,جودت
كمال,خاصگي
كمال,خاك بر سر
كمال,درست
كمال,دق
كمال,ركورد
كمال,سر
كمال,سرانجام
كمال,سرخانه
كمال,سوزان
كمال,شگرفي
كمال,فرجام
كمال,فضل
كمال,كليات
كمال,كمال
كمال,مفرط
كمال,نتيجه
كمال,هنر
كمال,پاكي
كمال,پايان
كمال,چادر شب
كمال,گزاف
كمالات,كمالات
كمالش,كمالش
كمان,سواد
كمان,طاق
كمان,كمان
كمان,كمر
كماني,كماني
كمبخت,بختك
كمبخت,بدبخت
كمبخت,خاك بر سر
كمبخت,خراب
كمبخت,خراو
كمبخت,شؤم
كمبخت,شقي
كمبخت,كمبخت
كمبخت,لعنتي
كمبخت,مادرمرده
كمبخت,مسكين
كمبخت,ناچار
كمبخت,وارونه
كمبخت,ورخچ
كمبل,تليسه
كمبل,تگلتو
كمبل,زيلو
كمبل,كمپل
كمبل,لاف
كمبل,پتو
كمبوڈيا,كامبوج
كمبوڈيا,هندوچين
كمبھ,دلو
كمبھ,دول
كمتر,بي
كمتر,تخمدان
كمتر,جيد
كمتر,درخت هرچه بارش بيشتر ميشود سرش فروتر ميايد
كمتر,زير
كمتر,شيب
كمتر,عمره
كمتر,كاهش دادن
كمتر,كرن
كمتر,كمابيش
كمتر,كمتر
كمتر,كمردرد
كمتر,مرخ
كمتر,نا
كمتر,پائين
كمتر,پول
كمر,كمر
كمر,ميان
كمري,برطانيه
كمري,بريتانيا
كمري,بريتانياي كبير
كمرہ,ابانبار
كمرہ,ترن
كمرہ,حجره
كمرہ,سريعالسير
كمرہ,طياره
كمرہ,قطار
كمرہ,هواپيما
كمرہ,ورزيدن
كمرہ,پروردن
كمرہ,گريچه
كمزوري,ضعف
كمزوري,عجز
كمزوري,نزاكت
كمل,سوسن
كمل,نيلوفر
كمل,نيلوفر ابي
كملا,اسلاماباد
كملا,يازده
كملا,چاتگام
كمند,كمند
كمندش,كمندش
كمندي,كمندي
كمي,برهمن
كمي,جهانخوار
كمي,خشكي
كمي,درياي مرده
كمي,شيطان بزرگ
كمي,ضرر
كمي,فقدان
كمي,كاستي
كمي,كمبود
كمي,كمي
كمي,موشعلي
كمي,نبود
كمي,نقص
كمي,نقصان
كمي,نياز
كمياب,قحط
كمياب,كم
كمين,كمين
كمينہ,حرامزاده
كمينہ,خشوك
كمينہ,روسپيزاده
كمينہ,سندره
كمينہ,مول
كميٹي,ادرنه
كميٹي,بيجينگ
كميٹي,دسيسه
كميٹي,ريو دو ژانيرو
كميٹي,شانگهاي
كميٹي,شهرداري
كميٹي,صرفهجويي
كميٹي,قرامان
كميٹي,كميته
كميٹي,كميسيون
كميٹي,نجات
كميٹي,نشست
كميٹي,هيئت
كميٹي,پكن
كمپ,رعشه
كمپ,لرز
كمپ,لرزان
كمپ,لرزش
كمپ,لرزه
كمپ,مرتعش
كمپت,لرز
كمپت,لرزان
كمپت,لرزه
كمپت,مرتعش
كمپت,هراسان
كمپن,ارتعاش
كمپن,لرز
كمپيوٹر,انفورماتيك
كمپيوٹر,تبلت
كمپيوٹر,ذخيره كردن
كمپيوٹر,رايانه
كمپيوٹر,كامپيوتر
كمپيوٹر,كمپيوتر
كمپيوٹر,مهندسي كامپيوتر
كمپيوٹر,موش
كمپيوٹر,نمايشگر
كمپيوٹر,هم گيمي
كمھلانا,از خاطر رفتن
كمھلانا,خشكيدن
كمھلانا,دستشويي
كمھلانا,سينك
كمھلانا,ظرفشويي
كمھلانا,فرو كردن
كمھلانا,هواسيدن
كمھلانا,پارگين
كمھلانا,پخسيدن
كمھلانا,پژمردن
كمھلانا,چپه شدن
كمھڑا,اجيل
كمھڑا,پاشنا
كن,كن
كن فيكون,ايدون
كن فيكون,بنابراين
كن فيكون,توفيق
كن فيكون,خدارا
كن فيكون,همچنان
كن فيكون,همچنين
كنار,كنار
كنارش,كنارش
كنارم,كنارم
كناري,كناري
كنارہ,اروميه
كنارہ,اوكراين
كنارہ,بار
كنارہ,جاغه
كنارہ,حاشيه
كنارہ,حد
كنارہ,دايره
كنارہ,دم
كنارہ,رشت
كنارہ,سامان
كنارہ,شاطي
كنارہ,صندل
كنارہ,ضلع
كنارہ,كران
كنارہ,كنار
كنارہ,لب
كنارہ,لبه
كنارہ,مر
كنارہ,مرز
كنارہ,هنوز
كنج,كنج
كند,الفته
كند,اهسته
كند,سست
كند,سوفار
كند,كند
كند,يواش
كندد,كندد
كندرا,اشكفت
كندرا,غار
كندرا,كهف
كندرا,مغاره
كندرا,مغارهها
كندھا,باژ
كندھا,حمايل
كندھا,دوش
كندھا,ركابي
كندھا,شاخ
كندھا,شانه
كندھا,كتف
كندھا,كول
كندھوں,باژ
كندھوں,حمايل
كندھوں,دوش
كندھوں,ركابي
كندھوں,شاخ
كندھوں,شانه
كندھوں,كتف
كندھوں,كول
كندھے,باژ
كندھے,حمايل
كندھے,دوش
كندھے,ركابي
كندھے,شاخ
كندھے,شانه
كندھے,كتف
كندھے,كول
كنشت,كنشت
كنعان,كنعان
كنكال,اسكلت
كنكال,دف
كنكال,فرت
كنكال,قاب
كنكال,كالبد
كنكال,چارچوب
كنم,كنم
كنند,كنند
كنواري,باكره
كنواري,بكر
كنواري,بنت
كنواري,داف
كنواري,دخت
كنواري,دختر
كنواري,دختربچه
كنواري,دخترك
كنواري,دخدر
كنواري,دست نخورده
كنواري,دوشيزه
كنواري,صبيه
كنواري,كس
كنواري,ليلي زن بود يا مرد
كنواري,مجرد
كنواري,يوسف
كنواري مريم,باكره
كنواري مريم,بكر
كنواري مريم,دخت
كنواري مريم,دست نخورده
كنواري مريم,دوشيزه
كنواري مريم,مريم
كنواري مريم,يوسف
كنواں,دلربا
كنور,امير
كنور,بان
كنور,توراندخت
كنور,سروري
كنور,شاهزاده
كنور,مولايي
كنور,مير
كنور,وليعهد
كنور,پرنس
كني,كني
كنيا,باكره
كنيا,بكر
كنيا,بنت
كنيا,داف
كنيا,دخت
كنيا,دختر
كنيا,دختربچه
كنيا,دخترك
كنيا,دخدر
كنيا,دست نخورده
كنيا,دوشيزه
كنيا,سنبله
كنيا,صبيه
كنيا,كس
كنيا,ليلي زن بود يا مرد
كنيا,يوسف
كنيز,خدمتكار
كنيز,دختر
كنيز,دخدر
كنيز,كنيز
كنيز,مشاطه
كنيسہ,كلسيا
كنيسہ,كليسا
كنيسہ,كنشت
كنيسہ,كنيسه
كنيسہ,محراب
كنيسہ,ناقوس
كنٹرول,افسار
كنٹرول,افسر
كنٹرول,امين
كنٹرول,اژان
كنٹرول,بازبيني
كنٹرول,بازديد
كنٹرول,بازرسي
كنٹرول,بررسي
كنٹرول,بررسي كردن
كنٹرول,بررسيدن
كنٹرول,فوجدار
كنٹرول,قانون گو
كنٹرول,كدخدا
كنٹرول,كيش
كنٹرول,مامور
كنٹرول,معاينه
كنٹرول,ناخدا
كنٹرول,ياور
كنٹرول,چك
كنڑ,كنر
كنگارو,كانگورو
كنگال,بدبخت
كنگھي,شانه
كنھيا,اقا
كنھيا,ايالات متحده امريكا
كنھيا,خد
كنھيا,خوانواده
كنھيا,صبا
كنھيا,غر
كنھيا,ماركت
كنھيا,چوقور
كنہيا,جميل
كنہيا,خوشتيپ
كنہيا,خوشگل
كنہيا,رعنا
كنہيا,كرشن
كنہيا,مقبول
كنہيا,مليح
كو,كو
كو,متقارب
كو,هي
كو،,كو،
كو؟,كو؟
كوئي,كسي
كوئي,كوئي
كوئي,هركس
كوئي مسئلہ نہيں,ارادت
كوئي مسئلہ نہيں,خواهش ميكنم
كوئي مسئلہ نہيں,خوش امديد
كوئي مسئلہ نہيں,خير مقدم
كوئي مسئلہ نہيں,خيره
كوئي مسئلہ نہيں,دچار
كوئي مسئلہ نہيں,راهكار
كوئي مسئلہ نہيں,فصل
كوئي مسئلہ نہيں,قدمت روي چشم
كوئي مسئلہ نہيں,كاري نكردم
كوئي مسئلہ نہيں,ماستمالي
كوئي مسئلہ نہيں,مرحبا
كوئي مسئلہ نہيں,مسئله
كوئي مسئلہ نہيں,مشكل
كوئي مسئلہ نہيں,معضل
كوئي مسئلہ نہيں,وظيفهام بود
كوئٹہ,كويته
كوا,ارغه
كوا,ترفند
كوا,دستان
كوا,روباه
كوا,زبل
كوا,زرنگ
كوا,عياري
كوا,قلا
كوا,كلاغ
كوا,موذي
كوا,هوشيار
كوا,چالاك
كوارك,كوارك
كوارك,كوارك بالا
كوارك,كوارك ته
كوارك,كوارك سر
كوارك,كوارك شگفت
كوارك,كوارك مفتون
كوارك,كوارك پايين
كواكب,كواكب
كوب,كوب
كوت ديواغ,ساحل عاج
كوت ديواغ,عاج
كوتاہ,اجمالي
كوتاہ,دفعه
كوتاہ,مختصر
كوتھمير,گشنيز
كوثر,باب
كوثر,خودنويس
كوثر,خورشيد
كوثر,در
كوثر,سقاخانه
كوثر,شادروان
كوثر,شعبه
كوثر,فاتحه
كوثر,فرگرد
كوثر,فصل
كوثر,فواره
كوثر,كوثر
كوثر,محمد
كوثر,نوح
كوثر,يوسف
كوثر,چپتر
كودك,كودك
كودكي,كودكي
كودن,ابله
كودن,الفته
كودن,اهسته
كودن,خنگ
كودن,سست
كودن,كاليو
كودن,كند
كودن,كودن
كودن,يواش
كودن,چلمن
كور,افگار
كور,اوگار
كور,تراشه
كور,ترك
كور,تند
كور,جاغه
كور,جنگره
كور,حاشيه
كور,خسته
كور,خشن
كور,خليدن
كور,درد كردن
كور,درد گرفتن
كور,درشت
كور,دم
كور,زبون
كور,زخمي
كور,زمخت
كور,سخت گرفتن
كور,سنگدل
كور,شؤم
كور,شخودن
كور,ششت
كور,شكاله
كور,شوم
كور,ضرر
كور,ضلع
كور,ظالم
كور,ظالمانه
كور,قبيح
كور,كران
كور,كنار
كور,كور
كور,لب
كور,لبه
كور,مجروح
كور,مجروح شدن
كور,مضرت
كور,نابكار
كور,پيس
كورست,كورست
كورو,افسانهاي
كورو,افسانوي
كورو,اولاد
كورو,بيستون
كورو,تاجبخش
كورو,دارا
كورو,سنگ صبور
كورو,سووشون
كورو,شبديز
كورو,علوي
كورو,كي
كورو,هاماوران
كوري,كوري
كوست,كوست
كوش,كوش
كوشد,كوشد
كوشش,اب در هاون كوبيدن
كوشش,سعي
كوشش,كوشش
كوشش,چخيدن
كوشك,كوشك
كوشي,كوشي
كوفي,قهوه
كوفي,قهوه ترك
كوفي,كافه
كوكا كولا,كوكاكولا
كوكب,كوكب
كوكبي,كوكبي
كولر,كولر
كولمبيا,اباد
كولمبيا,اكثر
كولمبيا,انتاريو
كولمبيا,اندلس
كولمبيا,بلوك
كولمبيا,بوگوتا
كولمبيا,تاتارستان
كولمبيا,تورنتو
كولمبيا,جابجا
كولمبيا,جاده
كولمبيا,حجاز
كولمبيا,حركت كردن
كولمبيا,داغستان
كولمبيا,دشنهاجين
كولمبيا,زورا
كولمبيا,شهركسازي
كولمبيا,فريدون
كولمبيا,فوتباليست
كولمبيا,كانادا
كولمبيا,كانادايي
كولمبيا,كبك
كولمبيا,كفشدوزك
كولمبيا,كلمبيا
كولمبيا,كوالالامپور
كولمبيا,كولمبيا
كولمبيا,كيوبيك
كولمبيا,متعدد
كولمبيا,مسكو
كولمبيا,ميرزاخاني
كولمبيا,گواهينامه رانندگي
كولن,ادكلن
كولن,بن
كولن,كلن
كولہو,اسياب
كولہو,اسيو
كولہو,دول
كولہو,سيمكش
كومل,باريك
كومل,ترد
كومل,خردسال
كومل,دقيق
كومل,ظريف
كومل,لطيف
كومل,مشفق
كومل,نازك
كون,ارجاع
كون,املاي نانوشته غلط ندارد
كون,ايا
كون,بنه
كون,تخم جن
كون,تكزنگ زدن
كون,حساس
كون,خونبها
كون,درجه
كون,ر ك
كون,رجوع كردن
كون,زاويه
كون,سوراخ كون
كون,شيب
كون,قين
كون,كتلت
كون,كنج
كون,كند
كون,كه
كون,كون
كون,كونگشاد
كون,مراجعه كردن
كون,مقعد
كون,مقعدي
كون,ممالك محروسه ايران
كون,هندي
كون,ين
كون,چيز
كون,گوشه
كون,گوشه چشم
كوه,كوه
كووں,قلا
كووں,كلاغ
كوي,شاعره
كوي,كوي
كويت,بابل
كويت,عربستان
كويت,كويت
كوٹ,ارگ
كوٹ,الموت
كوٹ,الموتي
كوٹ,اوازه
كوٹ,برج
كوٹ,تجر
كوٹ,حصار
كوٹ,دژ
كوٹ,دژخيم
كوٹ,سربازخانه
كوٹ,شيعه
كوٹ,قلعه
كوٹ,كوت
كوٹ,ميليون
كوٹھي,انبار
كوٹھي,بنگله
كوٹھي,خزينه
كوٹھي,سراي
كوٹھي,كاخ
كوٹھي,كوشك
كوٹھي,مخزن
كوٹھي,ويلا
كوہ,تل
كوہ,تمب
كوہ,تپه
كوہ,صهيون
كوہ,لو
كوہ نور,كوه نور
كوہرا,ابر
كوہرا,ابرك
كوہرا,ارتفاع
كوہرا,اسطرلاب
كوہرا,مزنه
كوہرا,ميغ
كوے,قلا
كوے,كلاغ
كي,كي
كي طرف,عرب پرست
كي،,كي،
كي؟,كي؟
كيا,ار
كيا,ارتفاع
كيا,ارجاع
كيا,اسكي
كيا,انتزاعي
كيا,ايا
كيا,تخم جن
كيا,خرناي
كيا,دست
كيا,ر ك
كيا,را
كيا,رجوع كردن
كيا,قرنا
كيا,كتلت
كيا,كه
كيا,كيا
كيا,مجموعه
كيا,مراجعه كردن
كيا,ممالك محروسه ايران
كيا,ها
كيا,هندي
كيا,چكيده
كيا,چيز
كيا حال ہے,استقبال
كيا حال ہے,تور
كيا حال ہے,جريان
كيا حال ہے,در به دري
كيا حال ہے,سراغ
كيا حال ہے,سير
كياري,خيابان
كياري,گلشن
كيتھولك,اسيا
كيتھولك,افريقا
كيتھولك,ايليريا
كيتھولك,بينالنهرين
كيتھولك,رم
كيتھولك,روم
كيتھولك,رومي
كيتھولك,قاتوليقه
كيتھولك,قيصر
كيتھولك,كاتوليك
كيتھولك,نپتون
كيتھولك,پادري
كيتھولك,گاليا
كيرل,اباد
كيرل,ابادان
كيرل,بلوچستان
كيرل,تخار
كيرل,سكاستان
كيرل,سيستان
كيرل,كردستان
كيرل,كيرل
كيرل,لرستان
كيرل,ماه
كيرلا,كيرل
كيست,كيست
كيست؟,كيست؟
كيستي,كيستي
كيسري,ارسلان
كيسري,اسد
كيسري,انگليون
كيسري,ببر
كيسري,تهچين
كيسري,رنگين
كيسري,زعفران
كيسري,شرزهشير
كيسري,شل
كيسري,شير
كيسري,كهر
كيسري,نعره
كيسري,هزبر
كيسري,هژبر
كيش,كيش
كيف,اودسا
كيف,اوكراين
كيف,كريمه
كيف,كيف
كيفيت,كيفيت
كيقباد,كيقباد
كيك,تهچين
كيك,قالب
كيك,كوكه
كيك,كيك
كيكڑا,خرچنگ
كيكڑا,سرطان
كيكڑا,سرطان دهانه رحم
كيكڑا,كرنجال
كيكڑا,كشف
كيكڑا,كلنجار
كيكڑا,كلنجار رفتن
كيل,انداختن
كيل,بردميدن
كيل,بوري
كيل,توپ
كيل,جوانه
كيل,دربند
كيل,دميدن
كيل,رستن
كيل,زبانه
كيل,سبز شدن
كيل,شاخ
كيل,شليك كردن
كيل,فلنج
كيل,لاك
كيل,ميخ
كيل,ناخن
كيل,نخون
كيل,نهال
كيل,گواليدن
كيلا,خرگوش
كيلا,كيله
كيلا,موز
كيلكوليٹر,ماشين حساب
كيلي,تفريح
كيلي,تماشا
كيلي,تنقل
كيلي,سرگرمي
كيلي,شغل
كيلي,عاشق
كيلي,ناز و نياز
كيلي,ورزش
كيلي,گلف
كيلے,اداره
كيلے,اورژانس
كيلے,بردو
كيلے,تولوز
كيلے,دپارتمان
كيلے,كومور
كيلے,وانده
كيلے,پنتاگون
كيم,كيم
كيمرہ,دوربين
كيمرہ,كمره
كيميا,اب حيات
كيميا,اب زندگاني
كيميا,اكسير
كيميا,شيمي
كيميا,شيمي هستهاي
كيميا,كيميا
كيميا,نوش
كيميا,نوشدارو
كيميائي,انبيق
كيميائي,راكتور شيميايي
كيميائي,سرب
كيميائي,شيميايي
كيميائي,مهندسي شيمي
كيمياست,كيمياست
كيمياي,كيمياي
كيمياگر,كيمياگر
كين,كين
كينسر,سرطان
كينسر,سرطان دهانه رحم
كينسر,كشف
كينيا,كنيا
كينيڈا,انتاريو
كينيڈا,تورنتو
كينيڈا,فوتباليست
كينيڈا,كانادا
كينيڈا,كانادايي
كينيڈا,كبك
كينيڈا,كفشدوزك
كينيڈا,كولمبيا
كينيڈا,كيوبيك
كينيڈا,گواهينامه رانندگي
كينچلي,اخوند
كينچلي,انان
كينچلي,خونبها
كينچلي,قطب
كينچلي,مسيحا
كينچلي,نماز خواندن
كينڈي,ابنبات
كينڈي,شيريني
كينڈي,نبات
كينڈي,پشمك
كيوان,كيوان
كيوبيك,انتاريو
كيوبيك,تورنتو
كيوبيك,فوتباليست
كيوبيك,كانادا
كيوبيك,كانادايي
كيوبيك,كبك
كيوبيك,كفشدوزك
كيوبيك,كولمبيا
كيوبيك,كيوبيك
كيوبيك,گواهينامه رانندگي
كيول,خالي
كيول,صرف
كيول,صرفا
كيول,فقط
كيول,واحد
كيول,يگانه
كيول گيان,بالا
كيول گيان,روشنگري
كيول گيان,فرجام
كيچڑ,خيم
كيچڑ,ريدن
كيچڑ,شوخ
كيچڑ,كثافت
كيچڑ,لجن
كيچڑ,لير
كيڑا,جيرجيرك
كيڑا,حشره
كيڑا,قرمز
كيڑا,كرم
كيڑا,كرم صدپا
كيڑا,مگس
كٹي,كمر
كٹي,ميان
كٹھن,سربالايي
كٹھن,سيخ
كٹھن,شق
كٹھن,مشكل
كٹھن,مشكوك
كٹھن,معضل
كٹھنائي,اشكال
كٹھنائي,برامدن
كٹھنائي,خونسرد
كٹھنائي,دشواري
كٹھنائي,دچار
كٹھنائي,راهكار
كٹھنائي,عقده
كٹھنائي,فصل
كٹھنائي,ماستمالي
كٹھنائي,مبتلا
كٹھنائي,مسئله
كٹھنائي,مست
كٹھنائي,مشكل
كٹھنائي,معضل
كٹھنائي,گذراندن
كٹھنائي,گره
كٹھنائي,گره زدن
كٹھنائي,گير كردن
كٹھور,تند
كٹھور,جنگره
كٹھور,خشن
كٹھور,خفيف
كٹھور,درشت
كٹھور,زمخت
كٹھور,سترگ
كٹھور,سخت
كٹھور,سخت گرفتن
كٹھور,سفت
كٹھور,سيخ
كٹھور,شديد
كٹھور,شق
كٹھور,متقال
كٹھور,نكره
كٹھور,چرمي
كٹھور,ژاژ
كپاس,بخيدن
كپاس,غيبه
كپاس,ماشاو
كپاس,متقال
كپاس,واخيدن
كپاس,پخته
كپاس,پمه
كپاس,پنبه
كپاس,پنبه الياف كوتاه اتازوني
كپاس,گوشپاككن
كپاسي,بخيدن
كپاسي,غيبه
كپاسي,ماشاو
كپاسي,متقال
كپاسي,واخيدن
كپاسي,پخته
كپاسي,پمه
كپاسي,پنبه
كپاسي,پنبه الياف كوتاه اتازوني
كپاسي,گوشپاككن
كپتان,سرهنگ
كپتان,ناخدا
كپوت,خلنج
كپوت,فاخته
كپوت,قرقره
كپوت,قمري
كپوت,كالوج
كپوت,كبوتر
كپوت,كفتر
كپوت,كمتر
كپڑا,جامه
كپڑا,خز
كپڑا,خف
كپڑا,درع
كپڑا,قبا
كپڑا,قميص
كپڑا,كراوات
كپڑا,لباس
كپڑا,مانتو
كپڑا,مشته
كپڑا,ملبوس
كپڑا,مچ
كپڑا,نيكتايي
كپڑا,پوشاك
كپڑا,چادر
كپڑا,ژاكت
كپڑا,گليم
كچا,بربري
كچا,جنگره
كچا,خام
كچا,خشن
كچا,درشت
كچا,زمخت
كچا,غوره
كچا,متقال
كچا,نكره
كچا,چغاله
كچالو,كچالو
كڑا,ابرنجن
كڑا,النگو
كڑا,انگشتر
كڑا,بازوبند
كڑا,تكزنگ زدن
كڑا,حلقه
كڑا,حلقه ازدواج
كڑا,حلقه نامزدي
كڑا,خاتم
كڑا,دستبند
كڑا,زنگ
كڑا,زنگ زدن
كڑا,سترگ
كڑا,سخت
كڑا,سخت گرفتن
كڑا,سفت
كڑا,سيخ
كڑا,شق
كڑا,چنبره
كڑا,چوري
كڑا,چپر
كڑا,ژاژ
كڑوا,بهمن
كڑوا,تلخ
كڑوا,تند
كڑوا,تهل
كڑوا,تيز
كڑوا,جنگره
كڑوا,خراب
كڑوا,خشن
كڑوا,درشت
كڑوا,دل كسي را زدن
كڑوا,دژن
كڑوا,زافه
كڑوا,زقوم
كڑوا,زمخت
كڑوا,زنهار
كڑوا,سخت گرفتن
كڑوا,سرد
كڑوا,شرنگ
كڑوا,كيري
كڑوا,مر
كڑوا,ناخوشايند
كڑوا,نارنج
كڑوا,نارنگ
كڑوا,نكره
كڑوا,پلاس
كڑوا,گس
كڑوا,گليم
كڑوا پن,سردي
كژدم,عقرب
كژدم,كژدم
كھاتا,اداره
كھاتا,اورژانس
كھاتا,بابت
كھاتا,بردو
كھاتا,تولوز
كھاتا,جريده
كھاتا,جقي
كھاتا,حساب
كھاتا,در نظر گرفتن
كھاتا,دربند
كھاتا,دفتر
كھاتا,دپارتمان
كھاتا,شهادت
كھاتا,عن
كھاتا,كومور
كھاتا,منظور
كھاتا,وانده
كھاتا,وسناد
كھاتا,پنتاگون
كھاتا,گزارش
كھاتوں,بابت
كھاتوں,حساب
كھاتوں,در نظر گرفتن
كھاتوں,دربند
كھاتوں,دفتر
كھاتوں,شهادت
كھاتوں,عن
كھاتوں,منظور
كھاتوں,وسناد
كھاتوں,گزارش
كھاتے,بابت
كھاتے,جقي
كھاتے,حساب
كھاتے,در نظر گرفتن
كھاتے,دربند
كھاتے,دفتر
كھاتے,شهادت
كھاتے,عن
كھاتے,منظور
كھاتے,وسناد
كھاتے,گزارش
كھاد,بار
كھاد,حلتيت
كھاد,سرگين
كھاد,عنبرنسارا
كھاد,كود
كھاديہ,خوراك
كھاديہ,خوراكي
كھاديہ,خوردني
كھاديہ,سبزي
كھاديہ,صندل
كھاديہ,كرايه
كھاديہ,مغذي
كھان,بشگرد
كھان,تجر
كھان,خزانه
كھان,خزينه
كھان,كان
كھان,مخزن
كھان,معدن
كھان,مين
كھان,نخچير
كھان,نغم
كھان,گنجينه
كھانا,اش
كھانا,رسيده
كھانا,فلاته
كھانا,پخته
كھانا,چلو
كھاني,كان
كھاني,معدن
كھاني,مين
كھاني,نغم
كھاگ,توس
كھاگ,تيس
كھاگ,حد
كھاگ,خان
كھاگ,سامان
كھاگ,ستون
كھاگ,سكون
كھاگ,غوش
كھاگ,غوشه
كھاگ,كران
كھاگ,كرگ
كھاگ,كرگدن
كھاگ,كنار
كھاگ,كومه
كھاگ,لايك
كھاگ,مرز
كھاگ,هوش
كھاگ,پشته
كھاگ,گراز
كھجلي,اندروا
كھجلي,تمنا
كھجلي,حاجت
كھجلي,خارش
كھجلي,خواستن
كھجلي,كار داشتن
كھجلي,محتاج
كھجلي,ميخوام بدونم
كھجلي,ميل داشتن
كھجلي,نياز
كھجور,قصب
كھجور,كف
كھجور,ليف
كھجور,مخ
كھجور,نخل
كھجور,نخلستان
كھجور,نخله
كھجور كا اتوار,قصب
كھجور كا اتوار,كف
كھجور كا اتوار,ليف
كھجور كا اتوار,مخ
كھجور كا اتوار,نخل
كھجور كا اتوار,نخلستان
كھجور كا اتوار,نخله
كھجور كا اتوار,يكشنبه
كھديوت,كرم شبتاب
كھر,سم
كھرنا,از دست دادن
كھرنا,افشاندن
كھرنا,باختن
كھرنا,تكيدن
كھرنا,تودري
كھرنا,رفته رفته
كھرنا,ريختن
كھرنا,رژيم
كھرنا,ساييدن
كھرنا,شيد كردن
كھرنا,فرسودن
كھرنا,قدومه
كھرنا,كمكم
كھرنا,مفقود كردن
كھرنا,يواش يواش
كھرنا,پاشيدن
كھرنا,پراكندن
كھرنا,گم كردن
كھرچنا,خاراندن
كھرچنا,خدشه
كھرچنا,خراش
كھرچنا,خراشيدن
كھرچنا,خرنج
كھرچنا,خش
كھرچنا,خط زدن
كھرچنا,خنج
كھسرا,اغا
كھسرا,خواجه
كھسرا,فاعل
كھسرا,لزبين
كھسرا,لواط
كھسرا,لوطي
كھسرا,مفعول
كھسرا,هجرت
كھسرا,همجنسباز
كھسرا,همجنسگرا
كھسرا,گي
كھلنا,ارغواني
كھلنا,اماسيدن
كھلنا,باد كردن
كھلنا,بهار
كھلنا,بهارنارنج
كھلنا,دميدن
كھلنا,سام
كھلنا,شكفتن
كھلنا,شكوفا
كھلنا,شكوفه
كھلنا,شكوفه دادن
كھلنا,ورم كردن
كھمبي,سماروغ
كھمبي,قارچ
كھنك,دستي
كھنك,سفرهخانه
كھنكنا,برخورد
كھنكنا,درگيري
كھنكنا,زد و خورد
كھنكنا,كشمكش
كھنن,حفاري
كھنن,نغم
كھنڈ,اليف
كھنڈ,باب
كھنڈ,تركش
كھنڈ,تكه
كھنڈ,در
كھنڈ,سهراهي
كھنڈ,سيمسيار
كھنڈ,شعبه
كھنڈ,شكاله
كھنڈ,فاتحه
كھنڈ,فرگرد
كھنڈ,فصل
كھنڈ,قالب
كھنڈ,قراضه
كھنڈ,قطعه
كھنڈ,كو
كھنڈ,كوي
كھنڈ,لقمه
كھنڈ,محمد
كھنڈ,مزه
كھنڈ,نوح
كھنڈ,يوسف
كھنڈ,پارچه
كھنڈ,چپتر
كھنڈ,گاه
كھنڈ,گير
كھنڈر,اتلاف
كھنڈر,اواره
كھنڈر,برباد دادن
كھنڈر,تخت جمشيد
كھنڈر,حمل
كھنڈر,خراب
كھنڈر,خراب كردن
كھنڈر,خراو
كھنڈر,غول
كھنڈر,كنام
كھنڈر,لانه
كھنڈر,مازن
كھنڈر,مازني
كھنڈر,هلاك
كھنڈر,ويرانه
كھنڈر,پاندا
كھنڈر,چال
كھنڈر,گل
كھنڈرات,اتلاف
كھنڈرات,اواره
كھنڈرات,برباد دادن
كھنڈرات,خراب
كھنڈرات,خراب كردن
كھنڈرات,خراو
كھنڈرات,هلاك
كھنڈروں,اتلاف
كھنڈروں,اواره
كھنڈروں,برباد دادن
كھنڈروں,خراب
كھنڈروں,خراب كردن
كھنڈروں,خراو
كھنڈروں,هلاك
كھنڈھر,اتلاف
كھنڈھر,اواره
كھنڈھر,برباد دادن
كھنڈھر,خراب
كھنڈھر,خراب كردن
كھنڈھر,خراو
كھنڈھر,هلاك
كھوتا,ابله
كھوتا,احمق
كھوتا,تاتول
كھوتا,خرفت
كھوتا,كصخل
كھوتا,هالو
كھوتا,گاگول
كھوتا,گول
كھوج,اثر
كھوج,اساس
كھوج,اكتشاف
كھوج,انس
كھوج,اگاه
كھوج,اگاهيدن
كھوج,بررسي
كھوج,بررسي كردن
كھوج,بنياد
كھوج,بنيان
كھوج,تحقيق
كھوج,جستجو
كھوج,خبر ندارم
كھوج,خبردار
كھوج,خصوصيت
كھوج,دستاويز
كھوج,دستور
كھوج,دمساز
كھوج,رد
كھوج,رودربايستي
كھوج,سراغ
كھوج,سررشته
كھوج,صميمي
كھوج,كاوش
كھوج,مايه
كھوج,مبنا
كھوج,محرم
كھوج,مستند
كھوج,مطالعه
كھوج,معرفت
كھوج,ملتفت
كھوج,مناجات
كھوج,نقش
كھوج,همدم
كھوج,هوشيار
كھوج,واقف
كھوج,وقوف
كھوج,ويرا
كھوج,يار غار
كھوج,يوبه
كھوج,پايه
كھوج,پي
كھوج,پژوهش
كھوج,پژوهش كردن
كھوج,پژوهيدن
كھودنا,بررسي كردن
كھودنا,پژوهيدن
كھونا,از دست دادن
كھونا,باختن
كھونا,تكيدن
كھونا,رژيم
كھونا,مفقود كردن
كھونا,گم كردن
كھونٹا,خاده
كھوٹا,اساس
كھوٹا,الكي
كھوٹا,اژگهان
كھوٹا,باطل
كھوٹا,بهتان
كھوٹا,بيخ
كھوٹا,تقلبي
كھوٹا,ته
كھوٹا,تهمت
كھوٹا,جعل
كھوٹا,جعلي
كھوٹا,خبيث
كھوٹا,دجال
كھوٹا,دندان مصنوعي
كھوٹا,ريشه
كھوٹا,زيربنا
كھوٹا,شؤم
كھوٹا,شلتاق
كھوٹا,شيب
كھوٹا,غلط
كھوٹا,فرومايه
كھوٹا,كاذب
كھوٹا,مبنا
كھوٹا,مريد
كھوٹا,پايه
كھوٹا,پايگاه
كھوپ,اشكفت
كھوپ,برين
كھوپ,جر
كھوپ,دره
كھوپ,غار
كھوپ,فيسور
كھوپ,كند
كھوپ,كهف
كھوپ,مغاره
كھوپ,مغارهها
كھوپ,چاك
كھيت,اباد
كھيت,ابادان
كھيت,اديب
كھيت,بهمن
كھيت,شكرستان
كھيت,كاشت
كھيت,كشتار
كھيت,مزرعه
كھيت,نخلستان
كھيد,افسوس
كھيد,افسوس خوردن
كھيد,تاسف
كھيد,حسرت
كھيد,حسرت كشيدن
كھيد,دريغ
كھيد,پشيمان بودن
كھيد,پشيمان شدن
كھيد,پشيماني
كھيرا,ابخوست
كھيرا,بادرنگ
كھيرا,خيار
كھيرا,خيال
كھيرا,خير
كھيرا,كمبيزه
كھيرا,پاشنا
كھيل,اسان
كھيل,تا
كھيل,تكليف
كھيل,تماشا
كھيل,حريف
كھيل,خوار
كھيل,خوردن
كھيل,داربي
كھيل,دسيسه
كھيل,راحت
كھيل,ساده
كھيل,سخت
كھيل,سهل
كھيل,سهل ممتنع
كھيل,قرين
كھيل,كبريت
كھيل,مبادرت
كھيل,مسابقه
كھيل,مهم
كھيل,ميسر
كھيل,ناو
كھيل,همتا
كھيل,هيئت
كھيل,ورزش
كھيل,وظيفه
كھيل,گلف
كھيلا,اجرا
كھيلا,به ساز كسي رقصيدن
كھيلا,تماشا
كھيلا,حاجي فيروز
كھيلا,درام
كھيلا,رقص
كھيلا,رقصيدن
كھيلا,سنتور
كھيلا,فرخسيدن
كھيلا,فوتسال
كھيلا,نمايشي
كھيلا,همبازي
كھيلا,ورزش
كھيلا,وشتن
كھيلا,پيست
كھيلا,چهارشنبهسوري
كھيلا,گلف
كھيلنا,تماشا
كھيلنا,ورزش
كھيلنا,گلف
كھينچنا,اختن
كھينچنا,ازدحام
كھينچنا,انداختن
كھينچنا,اهيختن
كھينچنا,بردميدن
كھينچنا,تسخير كردن
كھينچنا,تصوير
كھينچنا,تكيدن
كھينچنا,تنجيدن
كھينچنا,تنگ
كھينچنا,تنگنا
كھينچنا,تور
كھينچنا,خندان
كھينچنا,دميدن
كھينچنا,راندن
كھينچنا,رانندگي كردن
كھينچنا,رسم
كھينچنا,زمينه
كھينچنا,سبز شدن
كھينچنا,سرعت
كھينچنا,سفت
كھينچنا,سوق دادن
كھينچنا,سپوختن
كھينچنا,شاخ
كھينچنا,شتافتن
كھينچنا,شليك كردن
كھينچنا,شهوت
كھينچنا,عكس
كھينچنا,كش
كھينچنا,كش دادن
كھينچنا,كشيدن
كھينچنا,كشيده
كھينچنا,كنار زدن
كھينچنا,محكم
كھينچنا,نهال
كھينچنا,نگار
كھينچنا,هاليوود
كھينچنا,پوييدن
كھٹا,اراك
كھٹا,البالو
كھٹا,الوبالو
كھٹا,اينا
كھٹا,ترش
كھٹا,حقير
كھٹا,خسيس
كھٹا,خوار
كھٹا,داف
كھٹا,شفك
كھٹا,غوره
كھٹا,كامه
كھٹا,كشك
كھٹا,متوسط
كھٹا,منظورت چيست
كھٹا,هلتاك
كھٹا,ورخچ
كھٹائي,ترشي
كھڑا,اب
كھڑا,ابرو
كھڑا,افراشتن
كھڑا,الف
كھڑا,حيثيت
كھڑا,راست
كھڑا,راست كردن
كھڑا,سهي
كھڑا,سيخ
كھڑا,شق
كھڑا,واداشتن
كھڑا كرنا,افراشتن
كھڑا كرنا,الف
كھڑا كرنا,راست
كھڑا كرنا,راست كردن
كھڑا كرنا,سهي
كھڑا كرنا,سيخ
كھڑا كرنا,شق
كھڑا كرنا,واداشتن
كھڑا ہونا,درست
كھڑا ہونا,راد
كھڑا ہونا,سهي
كھڑا ہونا,صالح
كھڑا ہونا,نشسن
كھڑكي,ارسي
كھڑكي,باجه
كھڑكي,بالكانه
كھڑكي,دريچه
كھڑكي,كلكين
كھڑكي,ويترين
كھڑكي,پنجره
كھڑي,به
كھڑي,را
كھڑي,غايبانه
كھڑي,كس دادن
كھڑي,كون دادن
كھڑي,مر
كھڑے,به
كھڑے,را
كھڑے,غايبانه
كھڑے,كس دادن
كھڑے,كون دادن
كھڑے,مر
كہاني,اراك
كہاني,اقتباس
كہاني,اپارات
كہاني,بابت
كہاني,حساب
كہاني,خيال
كہاني,داستاني
كہاني,در نظر گرفتن
كہاني,دربند
كہاني,دفتر
كہاني,رسم كردن
كہاني,روايت
كہاني,سوپر
كہاني,شهادت
كہاني,عن
كہاني,فتنه
كہاني,فيلم
كہاني,منظور
كہاني,مگر
كہاني,نقلي
كہاني,وسناد
كہاني,گزارش
كہاوت,قول
كہاوت,مثل
كہاوت,گپ
كہر,توسن
كہر,سمند
كہر,فتراك
كہر,قرموت
كہر,كرند
كہر,يمان
كہرا,ابهام
كہرا,غبار
كہرا,مه
كہرا,ميغ
كہرا,نزم
كہكشاؤں,كهكشان
كہكشائيں,كهكشان
كہكشاں,راه شيري
كہكشاں,كهكشان
كہنا,تكزنگ زدن
كہنا,حرف زدن
كہنا,دراييدن
كہنا,دروغ گفتن
كہنا,راست گفتن
كہنا,روايت كردن
كہنا,سخن گفتن
كہنا,صحبت كردن
كہنا,فارسي بلد نيستم
كہنا,نهيب زدن
كہنا,پيمودن
كہنا,گفتن
كہنا,گنگ
كہنا,گپ زدن
كہني,ارن
كہني,ارنج
كہني,ارنج تنيسبازان
كے باوجود,با
كے باوجود,با اين حال
كے باوجود,با اين همه
كے باوجود,با وجود
كے باوجود,باز هم
كے باوجود,جام زهر
كے باوجود,زليفن
كے باوجود,علي رغم
كے باوجود,غرض
كے بغل ميں,اروميه
كے بغل ميں,بعد
كے بغل ميں,بعدي
كے بغل ميں,تقريب
كے بغل ميں,حدود
كے بغل ميں,ديگر
كے بغل ميں,رديف
كے بغل ميں,زورا
كے بغل ميں,سزيم
كے بغل ميں,سومقاييت
كے بغل ميں,شيراز
كے بغل ميں,قريب
كے بغل ميں,كنار
كے بغل ميں,لدن
كے بغل ميں,نزد
كے بغل ميں,نزديك
كے بغل ميں,پالم
كے بغل ميں,پسين
كے مطابق,طبق
كے مطابق,پاگشا
كے مطابق,◌ؖ
لا,لا
لائبريري,اسكندريه
لائبريري,كتابخانه
لائبريري,كتبخانه
لائق,لائق
لائي,لائي
لائٹر,فندك
لابھ,انتفاع
لابھ,بهره
لابھ,سو
لابھ,سود
لابھ,صرفه
لابھ,فايده
لابھ,فيلترشكن
لابھ,مصلحت
لابھ,منفعت
لابھ,نفع
لابھ,هر كه طاووس خواهد جور هندوستان كشد
لابھ,ورز
لابھ,پختن
لات,لات
لاتخف,لاتخف
لاج,حيا
لاج,خجالت
لاج,رودربايستي
لاج,عفت
لاجرم,لاجرم
لاجورد,كبود
لاجورد,لاجورد
لاجورد,لاجوردي
لاجوردي,كبود
لاجوردي,لاجورد
لاجوردي,لاجوردي
لاحق,بازنده
لاحق,ببخشيد
لاحق,بخشيدن
لاحق,بهافريدي
لاحق,بهانه
لاحق,توجيه
لاحق,جماعت
لاحق,دريافتن
لاحق,دستاويز
لاحق,دسترس
لاحق,رسيدن
لاحق,سياهپوش
لاحق,شاگرد
لاحق,عنوان
لاحق,قزلباش
لاحق,متصل
لاحق,مد
لاحق,مريد
لاحق,معذرت
لاحق,ميبخشين
لاحق,وند
لاحق,يازيدن
لاحق,پا به سن گذاشتن
لاحق,پرست
لاحق,گرمسير
لاديني,لاديني
لاذقيہ,لاذقيه
لار,بزاق
لار,تفكه
لار,خيو
لار,لعاب
لاري اڈا,انبار
لاري اڈا,باربر
لاري اڈا,كاميون
لاري اڈا,لاري
لاري اڈا,وانت
لازم,بايستن
لازم,حياتي
لازم,دركار
لازم,شدن
لازم,ضروري
لازم,لازم
لازم,لازمه
لازم,مبرم
لازم,مقتضا
لازم,ناگزير
لازم,واجب
لازوال,لازوال
لازوالي,لازوالي
لاست,لاست
لاش,جثه
لاش,جسد
لاش,جنازه
لاش,لاش
لاش,مردار
لاش,نعش
لاشريك,لاشريك
لاشعاع,پرتو ايكس
لاشہ,جثه
لاشہ,جسد
لاشہ,جنازه
لاشہ,لاش
لاشہ,مردار
لاشہ,نعش
لاطيني,رزا
لاطيني,فلورا
لاطيني,لاتين
لاغر,لاغر
لاغري,لاغري
لاف,لاف
لافاني,ابدي
لافاني,انوشه
لافاني,جاود
لافاني,جاودان
لافاني,جاويد
لافاني,حيوان
لافاني,ماندگار
لاكھ,بيور
لاكھ,تومان
لاكھ,شهرزاد
لاكھ,شهريار
لاكھ,لك
لاكھ,هزار
لال,اشتك
لال,جان
لال,جانان
لال,جوجه
لال,جگر
لال,طفل
لال,عزيز
لال,عزيزم
لال,قنداق
لال,كالسكه
لال,كودك
لال,لال
لال,لالا
لال,نيني
لال,پستانك
لال,گوگولي مگولي
لال بيگ,سوسك
لال بيگ,مادر كيكان
لال سلام,اداب
لال سلام,الو
لال سلام,درود
لال سلام,درود بر تو
لال سلام,سلام
لال سلام,سلام عليكم
لال سلام,مرحبا
لال سلام,هلو
لالا,لالا
لالي,لالي
لالي وڈ,بابل
لالي وڈ,باليوود
لالي وڈ,تاليوود
لالي وڈ,تهيه كردن
لالي وڈ,تهيهكننده
لالي وڈ,روم
لالي وڈ,صناعت
لالي وڈ,صنعت
لالي وڈ,صنعتي
لالي وڈ,طبق
لالي وڈ,عملي
لالي وڈ,فيلم
لالي وڈ,فيلم سوپر
لالي وڈ,فيلمي
لالي وڈ,كليپ
لالي وڈ,كوبا
لالي وڈ,لاهور
لالي وڈ,لقب
لالي وڈ,مبتني
لالي وڈ,مستند
لالي وڈ,موشعلي
لالي وڈ,هاليوود
لالي وڈ,پاكستاني
لالي وڈ,پرويز
لاليوڈ,بابل
لاليوڈ,باليوود
لاليوڈ,تاليوود
لاليوڈ,تهيه كردن
لاليوڈ,تهيهكننده
لاليوڈ,روم
لاليوڈ,صناعت
لاليوڈ,صنعت
لاليوڈ,صنعتي
لاليوڈ,طبق
لاليوڈ,عملي
لاليوڈ,فيلم
لاليوڈ,فيلم سوپر
لاليوڈ,فيلمي
لاليوڈ,كليپ
لاليوڈ,كوبا
لاليوڈ,لاهور
لاليوڈ,لقب
لاليوڈ,مبتني
لاليوڈ,مستند
لاليوڈ,موشعلي
لاليوڈ,هاليوود
لاليوڈ,پاكستاني
لاليوڈ,پرويز
لالٹين,فانوس
لالٹين,فنر
لالہ,ابجي
لالہ,اغا
لالہ,باجي
لالہ,بزرگتر
لالہ,خانگاه
لالہ,سيستان
لالہ,كاكا
لالہ,كلان
لالہ,لاله
لالہ,پا به سن گذاشتن
لالہ,چترنگ
لامتناہي,بيشمار
لامتناہي,بيكران
لامتناہي,پهناور
لامتناہي,گرودمان
لامكان,لامكان
لانا,اوردن
لانا,بالا اوردن
لانا,به زبان اوردن
لانا,به وجود اوردن
لانا,تبرك
لانا,رويانيدن
لانا,مطرح كردن
لانا,گرد كردن
لانڈگا,گرگ
لاوارث,متروك
لاوارث,مهجور
لاوارث,ويرانه
لاوارث,يتيم
لاوارث,يله
لاوي شيطانيت,شيطانپرستي
لايزال,لايزال
لايموت,لايموت
لاٹھي,باشگاه
لاٹھي,بانس
لاٹھي,خاج
لاٹھي,شاگرد
لاٹھي,عصا
لاٹھي,فاكولته
لاٹھي,كانون
لاٹھي,كلاب
لاٹھي,لخت
لاٹھي,وفنوك
لاٹھي,پرسنل
لاٹھي,چوب
لاٹھي,گرز
لاٹھي,گرزه
لاٹھي,گوپال
لاپتہ,او
لاپتہ,تنگ
لاپتہ,دلتنگي
لاپتہ,طرف
لاپتہ,لانسه
لاپتہ,مبهم
لاپتہ,مجهول
لاپتہ,مفقود
لاپتہ,مفقودالاثر
لاپتہ,ناشناخت
لاپتہ,ناشناس
لاپتہ,نكره
لاپتہ,گلنزن
لاپتہ,گم
لاپروا,بيپروا
لاڈلہ,اليجو
لاڈلہ,جان
لاڈلہ,جانان
لاڈلہ,جاني
لاڈلہ,جگر
لاڈلہ,خونگرم
لاڈلہ,عزيز
لاڈلہ,عزيزم
لاڈلہ,فري
لاڈلہ,محبوب
لاڈلہ,واي
لاڈلہ,ويه
لاڈلہ,گرامي
لاڈلہ,گوگولي مگولي
لاگت,ارز
لاگت,ارزيدن
لاگت,اساس
لاگت,بازاريابي
لاگت,بها
لاگت,بيخ
لاگت,ته
لاگت,حراج
لاگت,خدمت
لاگت,خرج
لاگت,خونبها
لاگت,دخش
لاگت,روپوش
لاگت,ريشه
لاگت,زيربنا
لاگت,سرويس
لاگت,سفارش
لاگت,سفارش دادن
لاگت,سفارشي
لاگت,سنگ
لاگت,شيء
لاگت,شيب
لاگت,شيربها
لاگت,عزر
لاگت,فرومايه
لاگت,فقره
لاگت,في
لاگت,قلم
لاگت,قيمت
لاگت,كرايه
لاگت,كوچ
لاگت,مبنا
لاگت,نرخ
لاگت,نو
لاگت,نوكري
لاگت,هزينه
لاگت,پايه
لاگت,پايگاه
لاہور,لاهور
لاہوري,لاهور
لب,اروميه
لب,اشور
لب,اوكراين
لب,بار
لب,بازو
لب,بالا
لب,بالاخانه
لب,باژ
لب,بوركينافاسو
لب,جاغه
لب,حاشيه
لب,دم
لب,رشت
لب,شاطي
لب,صندل
لب,ضلع
لب,كران
لب,كله
لب,كنار
لب,لب
لب,لبه
لب,مانتو
لب,مرخ
لب,نشسن
لب,هنوز
لباس,خز
لباس,خف
لباس,كالا
لباس,كراوات
لباس,لباس
لباس,نيكتايي
لباس,پوشاك
لباس,چادر
لباس,ژاكت
لبدھ,انتفاع
لبدھ,به دست امدن
لبدھ,تازه
لبدھ,درامدن
لبدھ,قدرت هستهاي
لبدھ,نمكگير
لبدھ,پارتي بازي
لبدھ,پذيرش
لبريز,لبريز
لبش,لبش
لبنان,انطلياس
لبنان,بعلبك
لبنان,بيروت
لبنان,تركمن
لبنان,جبيل
لبنان,شام
لبنان,صور
لبنان,طرابلس
لبنان,لبنان
لبنان,ليره
لبناني,حزبالله لبنان
لبناني,لبناني
لبوں,جاغه
لبوں,حاشيه
لبوں,دم
لبوں,ضلع
لبوں,كران
لبوں,كنار
لبوں,لب
لبوں,لبه
لبي,لبي
لبھانا,ادا
لبھانا,افسون
لبھانا,جادو
لبھانا,شيفته
لبھانا,طلسم
لبھانا,كوارك مفتون
لبھانا,مردمگياه
لبھانا,مفتون
لبھانا,مندل
لبھانا,نمك
لتھوينيا,ليتواني
لجنہ,كميته
لجنہ,كميسيون
لجنہ,هيئت
لحد,لحد
لحظوں,تلگرام
لحظوں,وهله
لحظہ,تلگرام
لحظہ,شيوه
لحظہ,نهور
لحظہ,نگاه
لحظہ,وهله
لحظہ,گوشه چشم
لحظے,تلگرام
لحظے,وهله
لحم,پوست
لخت,لخت
لداخ,لداخ
لذت,لذت
لذتي,لذتي
لرد,لرد
لرز,لرز
لرزان,لرزان
لرزاں,لرز
لرزاں,لرزان
لرزاں,لرزه
لرزاں,مرتعش
لرزد,لرزد
لسان,اشتباه لپي
لسان,زبان
لسان,زبان مادري
لسان,زبانه
لسان,زوان
لسان,زوو
لسان,زڤان
لسان,لسان
لسانيات,زبانشناسي
لسانيات,زبانشناسي محاسباتي
لسبين,لزبين
لشكر,لشكر
لشكرش,لشكرش
لشكري,لشكري
لطافت,لطافت
لطف,التفات
لطف,خوبي
لطف,صفا
لطف,طرفداري كردن
لطف,عشرت
لطف,عنايت
لطف,لذت
لطف,لطف
لطف,محبت
لطف,ملاطفت
لطف,مهر
لطف,مهرباني
لطف,نيكي
لطف اندوز ہونا,احساس كردن
لطف اندوز ہونا,اشتها
لطف اندوز ہونا,حس كردن
لطف اندوز ہونا,حظ كردن
لطف اندوز ہونا,خرسند
لطف اندوز ہونا,خنك
لطف اندوز ہونا,خوشوقت
لطف اندوز ہونا,خوشوقتم
لطف اندوز ہونا,ديدن
لطف اندوز ہونا,سرخ رو
لطف اندوز ہونا,صفا
لطف اندوز ہونا,عشرت
لطف اندوز ہونا,غريبي كردن
لطف اندوز ہونا,كيف كردن
لطف اندوز ہونا,لذت
لطف اندوز ہونا,لذت بردن
لطف اندوز ہونا,مزه
لطف اندوز ہونا,نوش جان
لطف اندوز ہونا,چاشني
لطف اندوز ہونا,چتني
لطفا,اگر لطف كنيد
لطفا,خواهش ميكنم
لطفا,خواهشا
لطفا,سيكتير
لطفا,لطفا
لطيف,لطيف
لطيفہ,اجنبي
لطيفہ,التفات
لطيفہ,بذله
لطيفہ,بوالعجب
لطيفہ,بيگانه
لطيفہ,تك
لطيفہ,جوك
لطيفہ,خنك
لطيفہ,خوبي
لطيفہ,شوخي
لطيفہ,عجب
لطيفہ,عجيب
لطيفہ,عنايت
لطيفہ,غريب
لطيفہ,كوارك شگفت
لطيفہ,لاغ
لطيفہ,لطف
لطيفہ,محبت
لطيفہ,ملاطفت
لطيفہ,مهر
لطيفہ,مهرباني
لطيفہ,نيكي
لطيفہ,واحد
لطيفہ,يكتا
لطيفہ,يگانه
لعب,تماشا
لعب,ورزش
لعب,گلف
لعل,لعل
لعلي,لعلي
لعنت,سنه
لعنت,شنه
لعنت,فحش
لعنت,لعنت
لعنت,نفرين
لعنت,يمان
لعنت ہو,لعنت
لعنت ہو,لعنتي
لعنتي,لعنتي
لعنتي,لعين
لغت,اباداني
لغت,اصطلاح
لغت,كتاب لغت
لغت,لبظ
لغت,لغت
لغت,لهجه
لغت,لوظ
لغت,هزارگي
لغت,پرنده پر نميزد
لغت,گويش
لغو,خزعبل
لغو,شنار
لغو,كسشعر
لغو,لغو
لغو,مزخرف
لغو,مسخره
لغو,مفت
لغو,ياوه
لغو,پوچ
لغوي,اد
لغوي,بردك
لغوي,تحت اللفظي
لغوي,حول
لغوي,دشنام
لغوي,صاحب
لغوي,صاحب اين قلم
لغوي,عميق
لغوي,فر
لغوي,فردوسي
لغوي,فعلي
لغوي,لغوي
لغوي,مؤلف
لغوي,مصدر
لغوي,نويسنده
لغوي,يدن
لغوي,پاول
لغوي,پولس
لغوي,گوينده
لفافہ,رشوه
لفافہ,كما
لفافہ,لفاف
لفافہ,نيفه
لفافہ,وطنفروش
لفافہ,پاكت
لفافہ,پوست جوز هندي
لفافہ,پوشاندن
لفظ,لفظ
لفظو,الفاظ
لفظوں,الفاظ
لفنگا,ازاد
لفنگا,بدمعاش
لفنگا,تخم جن
لفنگا,تور
لفنگا,دغا
لفنگا,دواج
لفنگا,رند
لفنگا,سوسمار
لفنگا,شامورتي
لفنگا,شل
لفنگا,عيار
لفنگا,لات
لفنگا,لق
لفنگا,ول
لقب,اسم
لقب,لقب
لقب,موشعلي
لقب,پرويز
لقمان,اهل معرفت
لقمان,حكيم
لقمان,دانا
لقمان,دانشمند
لقمان,رد
لقمان,زنير
لقمان,فرزانه
لقمان,لقمان
لقمان,هوشمند
لكشاديپ,اسياي غربي
لكشاديپ,بلوچستان
لكشاديپ,تازي
لكشاديپ,خليج فارس
لكشاديپ,سند
لكشاديپ,عرب
لكشاديپ,عربستان
لكشاديپ,عربي
لكشاديپ,كراچي
لكير,حد
لكير,سامان
لكير,كران
لكير,كنار
لكير,مرز
لكڑي,درود
لكڑي كا پل,اب و هوا
لكڑي كا پل,از كجا
لكڑي كا پل,بدرنگ
لكڑي كا پل,بلند شدن
لكڑي كا پل,تاليوود
لكڑي كا پل,حيدراباد
لكڑي كا پل,در سايه
لكڑي كا پل,نان خطائي
لكڑي كا پل,نان خطايي
لكڑي كا پل,نبود
لكڑي كا پل,ولش كن
لكڑي كا پل,چهاريار
لكھائي,خط
لكھائي,دستخط
لكھائي,قلم
لكھنا,انفورماتيك
لكھنا,بابت
لكھنا,تبلت
لكھنا,تكزنگ زدن
لكھنا,حساب
لكھنا,خود نوشتن
لكھنا,در نظر گرفتن
لكھنا,درامدن
لكھنا,دربند
لكھنا,دفتر
لكھنا,ذخيره كردن
لكھنا,راه دادن
لكھنا,رايانه
لكھنا,رل زدن
لكھنا,ساز
لكھنا,سرودن
لكھنا,شهادت
لكھنا,عن
لكھنا,كامپيوتر
لكھنا,كمپيوتر
لكھنا,منظور
لكھنا,مهندسي كامپيوتر
لكھنا,موش
لكھنا,نمايشگر
لكھنا,نوشتن
لكھنا,نگاشتن
لكھنا,هم گيمي
لكھنا,وارد شدن
لكھنا,وارد كردن
لكھنا,وسناد
لكھنا,گزارش
لكھنوي,اراكي
لكھنوي,اهل
لكھنوي,باشنده
لكھنوي,بنگالي
لكھنوي,رازي
لكھنوي,ساكن
لكھنوي,مشهدي
لكھنوي,مقيم
لكھنوي,هندو
لكھنوي,گجراتي
للاٹ,جبهه
للاٹ,جبين
للاٹ,شاخ
للاٹ,مهر
للاٹ,پرچم
للاٹ,پيشاني
للاٹ,چكاد
للعالمين,للعالمين
للعالميني,للعالميني
لم,لم
لمبا,ارتفاع
لمبا,اسكي
لمبا,اسمانخراش
لمبا,الف
لمبا,برز
لمبا,بلند
لمبا,خرگاه
لمبا,دراز
لمبا,دست
لمبا,را
لمبا,سرو
لمبا,سروقد
لمبا,طول
لمبا,فراخ
لمبا,فراز
لمبا,كوتاه
لمبا,لنبه
لمبا,متمادي
لمبا,مجموعه
لمبا,مدت
لمبا,چنار
لمبائي,ارتفاع
لمبائي,امتداد
لمبائي,بالا
لمبائي,درازا
لمبائي,سفت
لمبائي,طول
لمبائي,علو
لمبائي,فرات
لمبائي,فراز
لمبائي,قد
لمبائي,قدم زدن
لمبائي,كوتاه
لمبائي,چارك
لمحاتي,رفتني
لمحاتي,عجوز
لمحاتي,فاني
لمحاتي,گذرا
لمپٹ,ارزومند
لمپٹ,بازاري
لمپٹ,حريص
لمپٹ,شهواني
لمپٹ,عادي
لمپٹ,معتاد
لن,لن
لندن,كاخ باكينگهام
لندن,لندن
لنڈ,خروس
لنڈ,سيخ خوردن
لنڈ,شاخ
لنڈ,كير
لنڈ,كير مكيدن
لنڈ,چخماق
لنگ,او
لنگ,جنس
لنگ,جنسيت
لنگ,لنگ
لو,لو
لوبيا,سياهچشم
لوبيا,ماش
لوتھ,جثه
لوتھ,جسد
لوتھ,جنازه
لوتھ,لاش
لوتھ,مردار
لوتھ,نعش
لوث,لوث
لوح,لوح
لوح جہاں,ارايه
لوح جہاں,تبلت
لوح جہاں,سين
لوح جہاں,شبح
لوح جہاں,عرب پرست
لوح جہاں,قرص
لوح جہاں,منظره
لوري,لالايي
لوسيل,دوحه
لوسيل,عربستان
لوسيل,قطر
لوسيل,لوسيل
لوقا,انجيل
لوقا,انگليون
لوك سبھا,تخمدان
لوك سبھا,جيد
لوك سبھا,درخت هرچه بارش بيشتر ميشود سرش فروتر ميايد
لوك سبھا,زير
لوك سبھا,سبها
لوك سبھا,شيب
لوك سبھا,كاهش دادن
لوك سبھا,كرن
لوك سبھا,كمردرد
لوك سبھا,مجلس
لوك سبھا,مرخ
لوك سبھا,پائين
لوك سبھا,پارلمان
لوك شاہي,دموكراسي
لوك شاہي,مردمسالاري
لوك لاج,التزام
لوك لاج,بايد
لوك لاج,تعهد
لوك لاج,فرض
لوك لاج,قيد
لوك لاج,منت
لوك لاج,وظيفه
لولاك,لولاك
لونڈے باز,فاسق
لونڈے باز,فاعل
لونڈے باز,لزبين
لونڈے باز,لواط
لونڈے باز,لوطي
لونڈے باز,مفعول
لونڈے باز,همجنسباز
لونڈے باز,همجنسگرا
لونڈے باز,گي
لوٹ,راه زدن
لوٹ,غارت
لوٹ,لاش
لوٹ,لوت
لوٹ,لوت كردن
لوٹ,چاپ
لوٹا,ارايه
لوٹا,برگزار كردن
لوٹا,توران
لوٹا,حبس كردن
لوٹا,داشتن
لوٹا,دريافتن
لوٹا,راه زدن
لوٹا,صدق كردن
لوٹا,علاقه داشتن
لوٹا,غارت
لوٹا,كلنجار رفتن
لوٹا,لاش
لوٹا,لوت
لوٹا,لوت كردن
لوٹا,منجي
لوٹا,نومد
لوٹا,نگه داشتن
لوٹا,چاپ
لوٹا,گرفتن
لوٹنا,تاراج
لوٹنا,تالان
لوٹنا,دزدي كردن
لوٹنا,دزديدن
لوٹنا,راه زدن
لوٹنا,ربودن
لوٹنا,سرقت كردن
لوٹنا,غارت
لوٹنا,كپيدن
لوٹنا,لاش
لوٹنا,لوت
لوٹنا,لوت كردن
لوٹنا,هپل هپو
لوٹنا,هپولي كردن
لوٹنا,يغما
لوٹنا,چاپ
لوگ,برهمن
لوگ,توده
لوگ,خلق
لوگ,رده
لوگ,سنخ
لوگ,صنف
لوگ,طبقه
لوگ,قشر
لوگ,كلاس
لوہا,اب سنگين
لوہا,ارايه
لوہا,اروند
لوہا,برگزار كردن
لوہا,تكيدن
لوہا,تيخ
لوہا,تيغ
لوہا,حبس كردن
لوہا,خفيف
لوہا,داشتن
لوہا,دبل
لوہا,دريافتن
لوہا,دشنه
لوہا,ذوالفقار
لوہا,سنگين
لوہا,سيخ
لوہا,شق
لوہا,شلاب
لوہا,شمشير
لوہا,شوكت
لوہا,صدق كردن
لوہا,علاقه داشتن
لوہا,كلنجار رفتن
لوہا,نگه داشتن
لوہا,ياعلي
لوہا,چكاچاك
لوہا,گران
لوہا,گرفتن
لوہا,گرنگ
لوہار,اهنگر
لي,لي
ليئج,بلجيم
ليئج,بلژيك
ليئج,لوتارنژي
ليئج,لوكزامبورگ
ليئج,نامور
ليئج,گاليا
لياقت اباد,كراچي
ليكن,الا
ليكن,به جز
ليكن,جز
ليكن,ليكن
ليكن,منتها
ليكن,مي
ليكن,مگر
ليكھ,بضاعت
ليكھ,بيستون
ليكھ,سرايت
ليكھ,سرسرا
ليكھ,شيء
ليكھ,عنوان
ليكھ,فقره
ليكھ,قلم
ليكھ,كالا
ليكھ,كتيبة
ليكھ,مقاله
ليكھ,نوشته
ليكھ,ورود
ليكھك,دبير
ليكھك,صاحب
ليكھك,صاحب اين قلم
ليكھك,فردوسي
ليكھك,كاتب
ليكھك,مؤلف
ليكھك,ميرزا
ليكھك,نويسنده
ليكھك,پاول
ليكھك,پولس
ليكھك,گوينده
ليل,اداره
ليل,انديجان
ليل,اورژانس
ليل,بخارا
ليل,بردو
ليل,ترمذ
ليل,تولوز
ليل,دپارتمان
ليل,سمرقند
ليل,فرغانه
ليل,قرشي
ليل,كومور
ليل,ليل
ليل,محلي
ليل,نمنگان
ليل,وانده
ليل,پنتاگون
ليلا,ليلا
ليلاي,ليلاي
ليلي,دخش
ليلي,فرهاد
ليلي,ليلا
ليلي,ليلي
ليلي,ليلي زن بود يا مرد
ليموں,ابليمو
ليموں,بلنجمشك
ليموں,سريش
ليموں,كرس
ليموں,كلس
ليموں,ليمو
ليموں,گرچ
لينا,برداشتن
لينا,برنشستن
لينا,برچيدن
لينا,تلميح
لينا,حراج
لينا,دعوت
لينا,دو تا هندوانه را با يك دست برداشتن
لينا,روپوش
لينا,شيء
لينا,فقره
لينا,فيوت كردن
لينا,قلم
لينا,كلنت
لينا,كپيدن
لينا,مضراب
لينا,نو
لينا,پرسنل
لينا,چيدن
لٹ,كلون
لٹكنا,اويختن
لٹكنا,اويزان
لٹكنا,اويزان كردن
لٹكنا,جيد
لٹكنا,شادروان
لٹنا,تفرقه
لٹنا,دزديده
لٹنا,مجهول
لٹنا,مورد
لچك,انعطاف
لچك,تنجيدن
لچك,نزاكت
لڑائي,افند
لڑائي,بحث
لڑائي,جنگ
لڑائي,جنگيدن
لڑائي,جهاد
لڑائي,حرب
لڑائي,خاش
لڑائي,دعوا
لڑائي,دليل
لڑائي,مبارزه
لڑائي,محاربه
لڑائي,مشاجره
لڑائي,نبرد
لڑائي,نزاع
لڑائي,پرخاش
لڑاكا,جنگنده
لڑاكا,مبارز
لڑاكا,مجاهد
لڑاكا,پيشمرگه
لڑاكا طيارہ,جنگنده
لڑاكا طيارہ,فروند
لڑاكا طيارہ,مبارز
لڑاكا طيارہ,مجاهد
لڑاكا طيارہ,هواپيما
لڑاكا طيارہ,پهپاد
لڑاكا طيارہ,پيشمرگه
لڑكي,بنت
لڑكي,داف
لڑكي,دختر
لڑكي,دختربچه
لڑكي,دخترك
لڑكي,دخدر
لڑكي,دوشيزه
لڑكي,صبيه
لڑكي,كس
لڑكي,ليلي زن بود يا مرد
لڑكے,به
لڑكے,را
لڑكے,غايبانه
لڑكے,كس دادن
لڑكے,كون دادن
لڑكے,مر
لڑنا,استدلال كردن
لڑنا,افند
لڑنا,اوردگاه
لڑنا,جنگ
لڑنا,جنگيدن
لڑنا,جهاد
لڑنا,حرب
لڑنا,خاش
لڑنا,خليدن
لڑنا,دريدن
لڑنا,رخصت
لڑنا,رزم
لڑنا,زدن
لڑنا,كارزار
لڑنا,مبارزه
لڑنا,محاربه
لڑنا,نبرد
لڑنا,نزاع
لڑنا,نيش
لڑنا,گاز
لڑنا,گاز گرفتن
لڑنا,گزيدن
لگاتار,بيوقفه
لگاتار,خودكشي از ترس مرگ
لگاتار,شاريدن
لگاتار,مرتب
لگاتار,هي
لگام,افسار
لگام,جلو
لگام,كلگي
لگام,لگام
لگام,مهار
لگانا,ارايش كردن
لگانا,اعمال كردن
لگانا,امبولانس
لگانا,انتشار
لگانا,اپلاي كردن
لگانا,بارگيري
لگانا,بر
لگانا,بوق
لگانا,تانك
لگانا,تناول
لگانا,تپانچه
لگانا,حراج
لگانا,خوار
لگانا,درخواست دادن
لگانا,درخواست كردن
لگانا,دروغ بافتن
لگانا,رواج
لگانا,روپوش
لگانا,سيلي
لگانا,شميدن
لگانا,شناور
لگانا,شيء
لگانا,فقره
لگانا,قرنطينه
لگانا,قلم
لگانا,كشيده
لگانا,مصرف كردن
لگانا,مفسد في الارض
لگانا,منتشر
لگانا,مهر
لگانا,ميل كردن
لگانا,مچ
لگانا,نصب كردن
لگانا,نو
لگانا,وابسته
لگانا,واداشتن
لگانا,وسيله نقليه
لگانا,وند
لگانا,پارك
لگانا,پاركينگ
لگانا,پايه
لگانا,پيوستن
لگانا,چك
لگانا,گداختن
لگانا,گستردن
لگانا,گماشتن
لگن,صله
لگنا,به نظر امدن
لگنا,به وجود امدن
لگنا,به چشم خوردن
لگنا,دميدن
لگنا,زادن
لگنا,سهستن
لگنا,ظهور كردن
لگنا,نمودن
لگنا,پديد شدن
لگنا,پديدار شدن
لگنا,◌ؖ
لہجہ,ارتفاع
لہجہ,الي
لہجہ,با
لہجہ,بشردوست
لہجہ,بم
لہجہ,به نوعي
لہجہ,ترابي
لہجہ,تشديد
لہجہ,تكلم
لہجہ,تلفظ
لہجہ,جاگير
لہجہ,سفرهخانه
لہجہ,سوال
لہجہ,شخص
لہجہ,شخصيت
لہجہ,صب
لہجہ,فرد
لہجہ,فنا
لہجہ,كتلت
لہجہ,كد
لہجہ,كرن
لہجہ,كلفت
لہجہ,لبظ
لہجہ,لحن
لہجہ,لفظ
لہجہ,لهجه
لہجہ,لوظ
لہجہ,مقام
لہجہ,مناجات
لہجہ,نازك
لہجہ,نوا
لہجہ,واحد
لہجہ,واله دائوستا
لہجہ,پارسي بان
لہجہ,پرده
لہجہ,پفك
لہجہ,گنگ
لہجہ,گويا
لہجہ,گويش
لہذا,ايدون
لہذا,بناء علي هذا
لہذا,بناءعليهذا
لہذا,بنابراين
لہذا,ترك
لہذا,لاجرم
لہذا,لذا
لہذا,لهذا
لہذا,مصدر جعلي
لہذا,همچنان
لہذا,همچنين
لہذا,پس
لہرانا,اگير
لہرانا,بيرق
لہرانا,علم
لہرانا,لهر
لہرانا,موج
لہرانا,نر
لہرانا,نشان
لہرانا,وج
لہرانا,پرچم
لہسن,تره
لہسن,سير
لہو,اقايي
لہو,جنس
لہو,خاصه
لہو,خلق
لہو,خنك
لہو,ذات
لہو,روحيه
لہو,شخصيت
لہو,مخصوص
لہو,نهاد
لہو,هزارگي
لہو,وار
لہو,واره
لہو,وصف
لہو,ويژگي
لہہ,لداخ
لے انا,اوردن
لے انا,بالا اوردن
لے انا,به زبان اوردن
لے انا,به وجود اوردن
لے انا,تبرك
لے انا,رويانيدن
لے انا,مطرح كردن
لے انا,گرد كردن
مؤثر,كارامد
مؤثر,كارگر
مؤثر,مؤثر
مؤثر,مؤثري
مؤذن,جامع
مؤذن,شادروان
مؤذن,شبستان
مؤذن,مؤذن
مؤذن,متوضا
مؤذن,مجد
مؤذن,مسجد
مؤذن,مصلا
مؤذن,مچد
مؤسسہ,ائين
مؤسسہ,اموزشگاه
مؤسسہ,بابل
مؤسسہ,بخارا
مؤسسہ,بنگاه
مؤسسہ,تلگرافخانه
مؤسسہ,روم
مؤسسہ,طالبان
مؤسسہ,طبق
مؤسسہ,عملي
مؤسسہ,فارغالتحصيل
مؤسسہ,كوبا
مؤسسہ,مؤسسه
مؤسسہ,مبتني
مؤسسہ,مدرسه
مؤسسہ,مستند
مؤسسہ,مكتب
مؤسسہ,نهاد
مؤمن,مؤمن
مؤمنان,مؤمنان
ما,ما
ماء,اب
ماء,اب ميوه
ماء,ابليمو
ماء,افشره
ماء,او
ماء,باده
ماء,سانديسخور
ماء,شيره
ماء,ماء
ماء,پانيد
مائيم,مائيم
مات,مات
ماتم,افسوس
ماتم,افسوس خوردن
ماتم,افغان
ماتم,بر
ماتم,تاسف
ماتم,ثواب
ماتم,جهاز
ماتم,حريم
ماتم,حسرت
ماتم,حسرت كشيدن
ماتم,داد
ماتم,درس
ماتم,درع
ماتم,درون
ماتم,دريغ
ماتم,دستنماز
ماتم,زنجيرزني
ماتم,سريش
ماتم,سند
ماتم,سووشون
ماتم,سوگ
ماتم,سوگوار
ماتم,سوگواري
ماتم,سينه
ماتم,سينه زني
ماتم,شيون
ماتم,صدر
ماتم,صندوق
ماتم,صندوقچه
ماتم,عادت
ماتم,عزا
ماتم,عزادار
ماتم,عزاداري
ماتم,عمل
ماتم,غسل
ماتم,فرياد
ماتم,قاره
ماتم,قول
ماتم,كار
ماتم,كردار
ماتم,كنار
ماتم,ماتم
ماتم,متوضا
ماتم,نوحه
ماتم,هاون
ماتم,وضو
ماتم,پشيمان بودن
ماتم,پشيمان شدن
ماتم,پشيماني
ماتم,چك
ماتم,گاه
ماتمي,ماتمي
ماتھا,اشور
ماتھا,بازو
ماتھا,بالا
ماتھا,بالاخانه
ماتھا,باژ
ماتھا,بوركينافاسو
ماتھا,جبهه
ماتھا,جبين
ماتھا,شاخ
ماتھا,كله
ماتھا,مانتو
ماتھا,مرخ
ماتھا,مهر
ماتھا,نشسن
ماتھا,پرچم
ماتھا,پيشاني
ماتھا,چكاد
ماجرا,ماجرا
ماحول,اتمسفر
ماحول,استراحتگاه
ماحول,بوم
ماحول,تاور
ماحول,جو
ماحول,حول و حوش
ماحول,دهاتي
ماحول,دور و بر
ماحول,روستايي
ماحول,كاوشگر
ماحول,كيفيت
ماحول,محيط
ماحول,محيط زيست
ماحول,هواسپهر
ماحولياتي تبديلي,اب و هوا
ماحولياتي تبديلي,اب و هوايي
ماحولياتي تبديلي,ابوهوا
ماحولياتي تبديلي,اقليم
ماحولياتي تبديلي,تغيير اقليم
ماحولياتي تبديلي,معتدل
ماخوليا,اندوه
ماخوليا,دلفگار
ماخوليا,دژم
ماخوليا,سودا
ماخوليا,ماخوليا
ماخوليا,ماليخوليا
ماخوليا,چي بوديم، چي شديم
مادر,دي
مادر,مادر
مادر,مامان
مادر,نن
مادران,مادران
مادري زبان,اشتباه لپي
مادري زبان,زبان
مادري زبان,زبان مادري
مادري زبان,زبانه
مادري زبان,زوان
مادري زبان,زوو
مادري زبان,زڤان
مادري زبان,لسان
مار,مار
مارا,مارا
مارتول,داس و چكش
مارتول,كوبيدن
مارتول,مضراب
مارتول,پيچگوشتي
مارتول,چخماق
مارتول,چكش
مارخور,مارخور
مارنا,از بين بردن
مارنا,اصابت
مارنا,اعتصاب
مارنا,اعتصاب غذا
مارنا,اعدام كردن
مارنا,اوژنيدن
مارنا,برباد دادن
مارنا,بطش
مارنا,خراب كردن
مارنا,خطور كردن
مارنا,خون كردن
مارنا,خونبها
مارنا,داس و چكش
مارنا,زدن
مارنا,سر زدن
مارنا,شمر
مارنا,قتل
مارنا,قتل كردن
مارنا,كربلا
مارنا,كشتار
مارنا,كشتن
مارنا,كشتگي
مارنا,كوبيدن
مارنا,كوفتن
مارنا,ماتادور
مارنا,مضراب
مارنا,نابود كردن
مارنا,هلاك كردن
مارنا,چخماق
مارنا,چكش
مارنا,گداختن
ماروني,ماروني
ماري,ماري
مارچ,اذار
مارچ,تظاهر
مارچ,تظاهرات
مارچ,دفيله
مارچ,راهپيمايي
مارچ,مارس
مارچ,مارچ
مارگ,راه
مارگ,سالك
مارگ,سبيل
مارگ,سوي
مارگ,مسلك
مارگ,مسير
مارگ,ميدان
مارگ,چمن
مارگ درشن,ارشاد
مارگ درشن,راهنمايي
مارگ درشن,رهبري
مارگ درشن,لايك
مارگ درشن,نمايشي
مارگ درشن,هدايت
مارگ درشن,پند
ماست,ماست
ماستي,ماستي
ماسكو,تاتارستان
ماسكو,داغستان
ماسكو,كوالالامپور
ماسكو,كولمبيا
ماسكو,مسكو
ماسوا,ماسوا
ماسوي,ماسوي
ماسي,ابجي
ماسي,اغا
ماسي,باجي
ماسي,بزرگتر
ماسي,خاله
ماسي,خانگاه
ماسي,دايزه
ماسي,دده
ماسي,سيستان
ماسي,شوهرخاله
ماسي,عمه
ماسي,كاكا
ماسي,كلان
ماسي,كنيز
ماسي,پا به سن گذاشتن
ماسي,پرستار
ماسي,چترنگ
ماشين,ماشين
ماضي,حال
ماضي,خواستن
ماضي,زمان
ماضي,ماضي
ماضي,مضارع
مال,ارباب
مال,انعام
مال,انگ
مال,بارگنج
مال,بازرگاني
مال,باژ
مال,باژبان
مال,باژدار
مال,بساك
مال,بضاعت
مال,بهادر
مال,بورس
مال,تلطيف
مال,جايزه
مال,جاگير
مال,جنس
مال,جيغه
مال,خانمان
مال,دارايي
مال,دخل
مال,درامد
مال,دشت
مال,ذخيره كردن
مال,رخت
مال,رخصت
مال,زمين
مال,زمينه
مال,زورمند
مال,شببوي
مال,صله
مال,صندوق بينالمللي پول
مال,عاقبت
مال,عرق
مال,عملكرد
مال,فرع
مال,قاچاق
مال,قرنطينه
مال,قهرمان
مال,كالا
مال,كانتينر
مال,كشتيگير
مال,كيفر
مال,مال
مال,ماليه
مال,مبارز
مال,متاع
مال,معاش
مال,ملك
مال,نادار
مال,ناضل
مال,نتيجه
مال,نوچه
مال,وجوه
مال,ورزشكار
مال,پهلو
مال,پهلوان
مال,پيامد
مال,پير مغان
مال,گرزن
مال غنيمت,غارت
مال غنيمت,لاش
مال غنيمت,يغما
مال مويشي,اغل
مال مويشي,رم
مال مويشي,غول
مال مويشي,لو
مال مويشي,گاو
مال مويشي,گمارا
مالا,بساك
مالا,قلاده
مالا,گردن بند
مالا,گردنبند
مالديو,اسياي جنوبي
مالديو,مالديف
مالديو,مالديو
مالديپ,اسياي جنوبي
مالديپ,مالديف
مالديپ,مالديو
مالك,ارباب
مالك,خدا
مالك,خداوند
مالك,خداي
مالك,خصم
مالك,خواجه
مالك,دارنده
مالك,رئيس
مالك,سركار
مالك,سرپرست
مالك,صاحب
مالك,كارفرما
مالك,مالك
مالك,متولي
مالك,مدير
مالك,ميراب
مالك,ناظر
مالك,پيشوا
مالي,مالي
ماليخوليا,اندوه
ماليخوليا,دلفگار
ماليخوليا,دژم
ماليخوليا,سودا
ماليخوليا,ماخوليا
ماليخوليا,ماليخوليا
ماليخوليا,چي بوديم، چي شديم
مالٹا,اورشليم
مالٹا,بهارنارنج
مالٹا,بيتالمقدس
مالٹا,تره
مالٹا,حمل
مالٹا,شام
مالٹا,طرطوس
مالٹا,فلسطين
مالٹا,قبرس
مالٹا,قرمز
مالٹا,قرمزي
مالٹا,كرت
مالٹا,مالت
مالٹا,مالته
مالٹا,نارنج
مالٹا,نارنجي
مالٹا,نارنگ
مالٹا,نارنگي
مالٹا,نيل
مالٹا,يافا
مالٹا,پرتقال
ماما,بنه
ماما,تغايي
ماما,خالو
ماما,خانواده
ماما,دايي
ماما,رخت
ماما,سامان
ماما,عمو
ماما,عيال
ماما,كار خانگي
ماما,كاكا
ماما,كوچ
ماما,ماما
ماما,موميا
ماما,موميايي
مامك,مامك
مامور,مامور
ماموں,تغايي
ماموں,خالو
ماموں,دايي
ماموں,شكنج
ماموں,شيطانه
ماموں,عمو
ماموں,كاكا
ماموں,مار
ماموں,ماما
ماموں,مر
ماموں,چنبره
مان,استكبار
مان,اندازه
مان,برتني
مان,بعد
مان,تخش
مان,تعظيم
مان,جاه
مان,جسامت
مان,حجم
مان,خودپسندي
مان,دماغ
مان,سنگ
مان,شباهت
مان,شيخي
مان,عجب
مان,عزت
مان,غيرت
مان,فاتحه
مان,قدر
مان,كرامت
مان,مان
مان,مثال
مان,مقام
مان,مكان
مان,ناموس
مان,نخوت
مان,ننگ
مان,وقار
مان,وقع
مان,پيكر
مان,گستاخي
مانا,مانا
ماند,ماند
ماندہ,اشغال
ماندہ,بيات
ماندہ,بيزار
ماندہ,خسته
ماندہ,رنجه
ماندہ,زده
ماندہ,مانده
مانس,توجه
مانس,جان
مانس,جانان
مانس,حالت
مانس,روان
مانس,رواني
مانس,روح
مانس,روحاني
مانس,روحي
مانس,عرفان
مانس,قالب
مانس,كونين
مانس,مرشد
مانس,معنوي
مانس,نبوغ
مانس,نفس
مانس,پرنده پر نميزد
مانس,پوست
مانس,ژني
مانع,مانع
ماننا,احساس كردن
ماننا,اعتراف كردن
ماننا,اعتقاد داشتن
ماننا,انگار
ماننا,انگاشتن
ماننا,باور كردن
ماننا,به خدا اعتقاد داري
ماننا,به خدا اعتقاد داريد
ماننا,تصور كردن
ماننا,تطابق كردن
ماننا,حس كردن
ماننا,درك كردن
ماننا,دريافتن
ماننا,ديدن
ماننا,راه دادن
ماننا,ساختن
ماننا,شيعه
ماننا,غريبي كردن
ماننا,غليظ
ماننا,فرض كردن
ماننا,فهموندن
ماننا,فهميدن
ماننا,قبول كردن
ماننا,منتقل
ماننا,نوشيدن
ماننا,نيوشيدن
ماننا,پذيرفتن
ماننا,پنداشتن
ماننا,چينود
مانند,مانند
ماننے والا,اهل ايمان
ماننے والا,ايماندار
ماننے والا,مؤمن
ماننے والا,گرا
مانو,ادمي
مانو,ادميت
مانو,انسانيت
مانو,بشريت
مانو,مروت
مانوس,اد
مانوس,اشنا
مانوس,اشنا شدن
مانوس,ان
مانوس,انس
مانوس,جان
مانوس,خان
مانوس,خصوصيت
مانوس,دمساز
مانوس,رودربايستي
مانوس,سرابستان
مانوس,شادروان
مانوس,شريك
مانوس,صميمي
مانوس,مانوس
مانوس,متعلق
مانوس,محرم
مانوس,مناجات
مانوس,همدم
مانوس,همكار
مانوس,وابسته
مانوس,يار غار
مانچسٹر,منچستر
مانگ,اقتضا
مانگ,اقتضا كردن
مانگ,اقتضاء
مانگ,بنت
مانگ,تقاضا
مانگ,خريدار
مانگ,داف
مانگ,دختر
مانگ,دختربچه
مانگ,دخترك
مانگ,دخدر
مانگ,دوشيزه
مانگ,صبيه
مانگ,طلبيدن
مانگ,كس
مانگ,ليلي زن بود يا مرد
مانگنا,اقتضا
مانگنا,اقتضا كردن
مانگنا,اقتضاء
مانگنا,تقاضا
مانگنا,جستن
مانگنا,جوينده يابنده است
مانگنا,خريدار
مانگنا,طلب كردن
مانگنا,طلبيدن
مانگنا,فرياد خواستن
مانگنا,قايم موشك
مانگنا,ويديدن
مانگنا,يوختن
مانگنا,پاليدن
ماه,ماه
ماوراي,ماوراي
مايا,اشفاق
مايا,ترحم
مايا,توهم
مايا,حيله
مايا,خب
مايا,خيال
مايا,دغا
مايا,دمدمه
مايا,ريو
مايا,سالوس
مايا,سراب
مايا,شفقت
مايا,فريب
مايا,كوير
مايا,مردم گيا
مايا,مردم گياه
مايا,مردمگيا
مايا,مردمگياه
مايا,مهر
مايا,هذيان
مايا,همدردي
مايا,وهم
مايا,يان
مايا,گول
مايل,مايل
مايوس,تيره
مايوس,خفه
مايوس,دلدوز
مايي,جادو
مايي,جادوگر
مايي,سالوس
مايي,سحرباز
مايي,مردم گيا
مايي,مردم گياه
مايي,مردمگيا
مايي,مردمگياه
ماہجبيں,جبهه
ماہجبيں,جبين
ماہجبيں,جميل
ماہجبيں,خوشتيپ
ماہجبيں,خوشگل
ماہجبيں,رعنا
ماہجبيں,زيبا
ماہجبيں,شاخ
ماہجبيں,قشنگ
ماہجبيں,مقبول
ماہجبيں,مليح
ماہجبيں,مهر
ماہجبيں,هلو
ماہجبيں,پرچم
ماہجبيں,پيشاني
ماہجبيں,چكاد
ماہر,احاطه داشتن
ماہر,اداره
ماہر,ادب
ماہر,استاد
ماہر,افسار
ماہر,اهل خبره
ماہر,اهل هنر
ماہر,اچار به دست
ماہر,حاذق
ماہر,خباره
ماہر,خبره
ماہر,دانشمند
ماہر,رند
ماہر,شاگرد
ماہر,فقيه
ماہر,كارامد
ماہر,كارشناس
ماہر,ماهر
ماہر,متخصص
ماہر,محقق
ماہر,مكانيك
ماہر,چيرهدست
ماہي,ماهي
ماہي,ماهي را هر وقت از اب بگيري تازه است
ماہي,پشيز
ماہي گير,صياد
ماہي گير,ماهيگير
ماہي گيري,صيد
ماہي گيري,نشپيل
مبارز,ارتشدار
مبارز,ارتيشدار
مبارز,جنگنده
مبارز,سرباز
مبارز,سپاهي
مبارز,مبارز
مبارز,مجاهد
مبارز,ناضل
مبارز,نفر
مبارز,نفرات
مبارز,پيشمرگه
مبارز,چريك
مبارزہ,افند
مبارزہ,اوردگاه
مبارزہ,جنگ
مبارزہ,جنگيدن
مبارزہ,جهاد
مبارزہ,حرب
مبارزہ,خاش
مبارزہ,رخصت
مبارزہ,رزم
مبارزہ,كارزار
مبارزہ,مبارزه
مبارزہ,محاربه
مبارزہ,نبرد
مبارزہ,نزاع
مبارك,اباد
مبارك,تبريك
مبارك,خوباني
مبارك,خوشا
مبارك,شادروان
مبارك,فرخنده
مبارك,كامران
مبارك,مبارك
مبارك,متبرك
مبارك,همايون
مباركباد,تبريك
مباش,مباش
مبتلا,ازاري
مبتلا,رنجور
مبتلا,مبتلا
مبتلا,مستمند
مبر,مبر
مبلغ,حد
مبلغ,دايره
مبلغ,دسترس
مبلغ,رسيدن
مبلغ,سامان
مبلغ,فيلترشكن
مبلغ,كنار
مبلغ,مبلغ
مبلغ,مد
مبلغ,مر
مبلغ,يازيدن
مبلغ,پا به سن گذاشتن
مبند,مبند
مبني,اساس
مبني,بيخ
مبني,ته
مبني,ريشه
مبني,زيربنا
مبني,شيب
مبني,فرومايه
مبني,مبنا
مبني,پايه
مبني,پايگاه
مبين,مبين
مت,اسلوب
مت,عقيده
مت,مت
مت,مذهب
مت,نفي
متاع,متاع
متاعي,متاعي
متجسس,كاراگاه
متجسس,كنجكاو
متحدہ,بن
متحدہ,قرين
متحدہ,متحد
متحدہ عرب امارات,ابوظبي
متحدہ عرب امارات,امارات
متحدہ عرب امارات,امارات متحده عربي
متحدہ عرب امارات,دبي
متحدہ عرب امارات,عربستان
مترائي,ائتلاف
مترائي,اتفاق
مترائي,اشنايي
مترائي,بوجي موجي
مترائي,جان
مترائي,خصوصيت
مترائي,دوستي
مترائي,رفق
مترائي,سر زدن
مترائي,صحابت
مترائي,قهر كردن
مترائي,مهر
مترائي,ياري
مترجم,ترجمان
مترجم,ترگمان
مترجم,تيلماچي
مترجم,مترجم
مترس,مترس
متسيہ,ماهي
متسيہ,ماهي را هر وقت از اب بگيري تازه است
متسيہ,پشيز
متعارف,اينك
متعارف,ديگر
متعارف,فارسي
متعارف,محمد
متعارف,چاو
متعدد,ارايه
متعدد,اكثر
متعدد,تركيببند
متعدد,دشنهاجين
متعدد,كولمبيا
متعدد,متعدد
متعدد,نفس
متعلق,اد
متعلق,ان
متعلق,انبيق
متعلق,اندي
متعلق,جان
متعلق,خان
متعلق,درباره
متعلق,درمورد
متعلق,را
متعلق,راجع
متعلق,سرابستان
متعلق,شادروان
متعلق,عائد به
متعلق,عن
متعلق,فارس
متعلق,قرين
متعلق,متصل
متعلق,متعلق
متعلق,مرتبط
متعلق,وابسته
متعلق,والا
متعلق,وگرنه
متعلق,پيوسته
متفرق,اواره
متفرق,كود
متفرق,متفرق
متفرق,پخش
متفرق,پراكنده
متفرق,پريش
متفرق,پريشان
متفرق,پيد
متكلم,استفهام انكاري
متكلم,بدحجاب
متكلم,به سلامت
متكلم,خاطب
متكلم,خطيب
متكلم,خواننده
متكلم,سخنران
متكلم,سخنگو
متكلم,همزبان
متكلم,وا
متكلم,پارسي بان
متكلم,گوينده
متلب,اقا
متلب,ايالات متحده امريكا
متلب,خد
متلب,خوانواده
متلب,صبا
متلب,غر
متلب,ماركت
متلب,چوقور
متن,متن
متوالا,خراب
متوالا,خراو
متوالا,دوستكان
متوالا,دوستگان
متوالا,سرخوش
متوالا,شنگول
متوالا,مدهوش
متوالا,مست
متوالا,نشئه
متوالا,پير مغان
متوالي,بعدي
متوالي,بيوقفه
متوالي,تاسي
متوالي,تشريف
متوالي,خواستگاري
متوالي,رديف
متوالي,متوالي
متوالي,چكاچاك
متوجہ,متوجه
متوجہ,مواظب
متولد,به دنيا امدن
متولد,دوقلو
متولد,متولد
متولد,متولد شدن
متولد,مولود
متولد,پا به جهان گذاشتن
متولد,پا به عرصه وجود گذاشتن
متولي,بنياد
متولي,جامع
متولي,خاصگي
متولي,خزينهدار
متولي,خيريه
متولي,سركار
متولي,شادروان
متولي,شبستان
متولي,صدر
متولي,صندوقدار
متولي,مؤذن
متولي,متوضا
متولي,متولي
متولي,مجد
متولي,مسجد
متولي,مصلا
متولي,مچد
متولي,گنجور
متي,انجيل
متي,انگليون
متھرا,اداره
متھرا,اروپاي مركزي
متھرا,اكسيتانيا
متھرا,ايالت
متھرا,بخش
متھرا,خوره
متھرا,سبها
متھرا,شهرستان
متھرا,قم
متھرا,كالينينگراد
متھرا,كانون
متھرا,لاهه
متھرا,مابين
متھرا,مركز
متھرا,مقدونيه
متھرا,هاليوود
متھرا,وسط
متھرا,گلگت-بلتستان
متھن,جوزا
متھن,دوپيكر
متھيا,انكار
متھيا,اژگهان
متھيا,باطل
متھيا,بهتان
متھيا,تصحيف
متھيا,تقلبي
متھيا,تكذيب
متھيا,تهمت
متھيا,جعل
متھيا,جعلي
متھيا,جلوه دادن
متھيا,خطا رفتن
متھيا,دجال
متھيا,دروغ
متھيا,دروغ بافتن
متھيا,دروغ گفتن
متھيا,دريغ
متھيا,دندان مصنوعي
متھيا,زور
متھيا,شلتاق
متھيا,ظالم
متھيا,غلط
متھيا,غلط بودن
متھيا,كاذب
متھيا,كاست
متھيا,كاستي
متھيا,كم لطفي
متھيا,كوه به كوه نميرسد، ادم به ادم ميرسد
متھيا,مصحف
متھيا,ناروا
متھيا,نفي
متھيا,چپه
متھيا,گذشتن
مثال,الگو
مثال,بوجي موجي
مثال,تاسي
مثال,دستور
مثال,سابق
مثال,فقره
مثال,كلاشينكف
مثال,مثال
مثال,مثل
مثال,مدل
مثال,مورد
مثال,موقع
مثال,نقشه
مثال,نمونه
مثال,پيشوا
مثال,پيكر
مثل,مثل
مثلا,اعني
مثلا,بوجي موجي
مثلا,فقره
مثلا,مثل
مثلا,مورد
مثلا,موقع
مثلا,نمونه
مثلا,يعني
مثنوي,مثنوي
مجاز,مجاز
مجال,مجال
مجاور,مجاور
مجبور,بيچاره
مجبور,بيگار
مجبور,بيگاري
مجبور,درمانده
مجبور,زبون
مجبور,زوركي
مجبور,ستوه
مجبور,غيرت
مجبور,فروماندن
مجبور,قاصر
مجبور,مجبور
مجبور,مصنوعي
مجبور,ناچار
مجبور,ناگزير
مجبور,وادار
مجبوري,مجبوري
مجذوب,مجذوب
مجذوبي,مجذوبي
مجرم,عاصي
مجرم,كلاش
مجرم,كيفري
مجرم,لانه
مجرم,متخلف
مجرم,مجرم
مجرم,گناهكار
مجروح,مجروح
مجلس,مجلس
مجمع,ازدحام
مجمع,انبوه
مجمع,بلوك
مجمع,تلاقي
مجمع,جماعت
مجمع,جمع
مجمع,جمعيت
مجمع,جنجال
مجمع,دنگل
مجمع,رم
مجمع,سياهي لشكر
مجمع,شلوغي
مجمع,شمار
مجمع,عد
مجمع,فتراك
مجمع,هفتسين
مجموعہ,ارتفاع
مجموعہ,ازدحام
مجموعہ,اسكي
مجموعہ,انبوه
مجموعہ,بلوك
مجموعہ,تذكره
مجموعہ,جماعت
مجموعہ,جمع
مجموعہ,جمعا
مجموعہ,جمعيت
مجموعہ,جنجال
مجموعہ,جنس
مجموعہ,جنگ
مجموعہ,دست
مجموعہ,دنگل
مجموعہ,را
مجموعہ,شلوغي
مجموعہ,طومار
مجموعہ,عملي
مجموعہ,فتراك
مجموعہ,فرگشت
مجموعہ,مجموعه
مجموعہ,مهبانگ
مجموعہ,نظريه
مجموعہ,نظريه اطلاعات
مجموعہ,هفتسين
مجموعہ,ونديداد
مجموعہ,گلچين
مجنون,دارا
مجنون,ديوانه
مجنون,فرهاد
مجنون,ليلا
مجنون,ليلي
مجنون,ليلي زن بود يا مرد
مجنون,مجنون
مجنون,مضبوط
مجو,مجو
مجوي,مجوي
مجھے پياس لگي ہے,تشنه
مجہول,ادب
مجہول,اديب
مجہول,اعمي
مجہول,او
مجہول,بيخبر
مجہول,تفرقه
مجہول,جاهل
مجہول,حاضر
مجہول,زير
مجہول,سكون
مجہول,شماره
مجہول,صدادار
مجہول,طرف
مجہول,غايب
مجہول,لانسه
مجہول,مبهم
مجہول,مجهول
مجہول,مصوت
مجہول,معروف
مجہول,معروف و مجهول
مجہول,مفقود
مجہول,مورد
مجہول,نادان
مجہول,ناشناخت
مجہول,ناشناس
مجہول,نكره
مجہول,واكه
مجہول,پوچ
مجہول,پي
مجہول,گي
مجہول,◌ؖ
محاسب,حسابدار
محاسب,ماشين حساب
محاسب,محاسب
محافظ,حافظ
محافظ,حامي
محافظ,قلاووز
محافظ,نگهبان
محافظ,نگهدار
محافظ,پشتيبان
محافظت,تحصن
محافظت,حراست
محافظت,حفاظت
محافظت,حفظ
محافظت,سرپرستي
محافظت,قيمومت
محافظت,نگاه
محافظت,نگهداري
محافظت,ولايت فقيه
محافظت,پاسباني
محافظو,حافظ
محافظو,حامي
محافظو,قلاووز
محافظو,نگهبان
محافظو,نگهدار
محافظو,پشتيبان
محافظوں,حافظ
محافظوں,حامي
محافظوں,قلاووز
محافظوں,نگهبان
محافظوں,نگهدار
محافظوں,پشتيبان
محال,بيداد كردن
محال,خان
محال,خزعبل
محال,خوناب
محال,سخت
محال,سندروس
محال,غيرممكن
محال,كسشعر
محال,لغو
محال,محال
محال,مزخرف
محال,مسخره
محال,مسكين
محال,نشدني
محال,ياوه
محال,پرستيدن
محال,پوچ
محال,چينود
محال,گرفتار
محبت,ارادت
محبت,الحاق
محبت,تعلق
محبت,دلبستگي
محبت,دوستيابي
محبت,رخم
محبت,شوق
محبت,ضميمه
محبت,عاطفه
محبت,علاقه
محبت,علاقه داشتن
محبت,محبت
محبت,ملاطفت
محبت,مهر
محبت,پيوست
محبوب,محبوب
محبوبي,محبوبي
محبوس,محبوس
محتاج,محتاج
محتاط,بر حذر بودن
محتاط,بيخبر
محتاط,بپا
محتاط,حذر
محتاط,خبردار
محتاط,دقت كردن
محتاط,زنهار
محتاط,مبادا
محتاط,متوجه
محتاط,محتاط
محتاط,محفوظ
محتاط,مراقب
محتاط,مصون
محتاط,مواظب
محتسب,سانسور كردن
محتسب,محتسب
محدث,محدث
محراب,محراب
محرم,محرم
محرمان,محرمان
محرمي,محرمي
محروم,افتاب مهتاب نديده
محروم,بختك
محروم,بدبخت
محروم,بيتقصير
محروم,بيگناه
محروم,خاك بر سر
محروم,خراب
محروم,خراو
محروم,شؤم
محروم,شقي
محروم,غيرت
محروم,كمبخت
محروم,مادرمرده
محروم,محروم
محروم,مسكين
محروم,معصوم
محروم,منزه
محروم,ناچار
محروم,وارونه
محروم,ورخچ
محروم,پاك
محروم,پاكيزه
محرومي,محرومي
محسن,توجه
محسن,حامي
محسن,حق نمك
محسن,خدا
محسن,خداي
محسن,كريم
محسن,محسن
محسن,مهمان
محسود,محسود
محسوس,سقرلات
محسوس,محسوس
محسوس,نمد
محشر,جلب
محشر,جنجال
محشر,داوري
محشر,سر و صدا
محشر,سروصدا
محشر,غلغله
محشر,غوغا
محشر,قضا
محشر,قضاوت
محشر,قيل و قال
محشر,محشر
محشر,همهمه
محشر,هياهو
محشر,وغا
محشري,محشري
محصور,محصور
محفل,جماعت
محفل,محفل
محفلي,محفلي
محفوظ,محفوظ
محكم,محكم
محكمات,محكمات
محكماتش,محكماتش
محكمي,محكمي
محكوم,محكوم
محكومان,محكومان
محكومي,محكومي
محل,اندرون
محل,حريم
محل,مانتو
محل,محل
محل,ياري
محلوں,تاج محل
محلوں,تاجمحل
محلہ,اردوگاه
محلہ,بخش
محلہ,حدود
محلہ,خيابان
محلہ,دست
محلہ,سپوختن
محلہ,پالم
محمد,طالبان
محمد,محمد
محمد,محمدجواد
محمد,ممد
محمد قلي,تيمور
محمد قلي,جغتايي
محمد قلي,مغولستان
محمدي,ايزد
محمدي,سنجش
محمدي,غيب
محمدي,كندوري
محمدي,مرسل
محمدي,مقابله
محمدي,مقايسه
محمدي,يزدان
محمل,محمل
محملي,محملي
محمود,محمود
محنت,بيگار
محنت,ذلت
محنت,رنج
محنت,رنجه
محنت,زايمان
محنت,زايمان زودرس
محنت,زايمان طبيعي
محنت,زحمت كشيدن
محنت,سيج
محنت,محنت
محنت,مشقت
محنتي,سختكوش
محنتي,پرتكاپو
محنتي,پركار
محو,محو
محيط,محيط
مخالف,بالعكس
مخالف,برخلاف
مخالف,تضاد
مخالف,حريف
مخالف,خصم
مخالف,خلاف
مخالف,رقيب
مخالف,ضد
مخالف,عكس
مخالف,مخالف
مخالف,مقابل
مخالف,مقاوم
مخالف,هماورد
مخالفت,اختلاف
مخالفت,اپوزيسيون
مخالفت,تضاد
مخالفت,جر و بحث
مخالفت,خصومت
مخالفت,خلاف
مخالفت,در صورتي كه
مخالفت,دعوا
مخالفت,ستيزي
مخالفت,ضد
مخالفت,عداوت
مخالفت,مخالفت
مخالفت,مقابله
مخالفت,مواجهه
مختاري,مختاري
مختصر,اجمالي
مختصر,دفعه
مختصر,طول
مختصر,كوتاه
مختصر,متمادي
مختصر,مختصر
مختصر,مدت
مختصرا,چاو
مختلف,مختلف
مخر,مخر
مخزن,اشكم
مخزن,انبار
مخزن,خرمن
مخزن,خزينه
مخزن,خشاب
مخزن,درونه
مخزن,دل
مخزن,دوري
مخزن,زرادخانه
مخزن,شكم
مخزن,شكنب
مخزن,كرپا
مخزن,كم
مخزن,مجله
مخزن,محصول
مخزن,مخزن
مخزن,معده
مخزن,نشريه
مخزن,گنج
مخصوص,خاصه
مخصوص,خصوصي
مخصوص,خلوتگاه
مخصوص,ذات
مخصوص,شوفر
مخصوص,مخصوص
مخصوص,هزارگي
مخصوص,وار
مخصوص,واره
مخصوص,وصف
مخصوص,ويژگي
مخفي,مخفي
مخلوط,خوناب
مخلوط,شاخ
مخلوط,شهلا
مخلوط,عجين
مخلوط,عقده
مخلوط,قاتي
مخلوط,قاطي
مخلوط,مختلط
مخلوط,مخلوط
مخلوط,مربوط
مخلوط,پيچيده
مخلوق,مخلوق
مخلوقات,مخلوقات
مخمل,مخمل
مخمل,گندلاش
مخملش,مخملش
مخملي,مخمل
مخملي,گندلاش
مخمور,مخمور
مخوان,مخوان
مخور,مخور
مد,مد
مد نظر,مشاهده
مد نظر,نگاه
مداد,مداد
مدار,مدار
مدارش,مدارش
مدام,مدام
مدت,طول
مدت,كوتاه
مدت,متمادي
مدت,مدت
مدتي,مدتي
مدح,مدح
مدد,استفراغ
مدد,الحمد لله
مدد,امداد
مدد,انباشتن
مدد,برجسته
مدد,تقويت
مدد,تهيه
مدد,ذخيره
مدد,زمينه
مدد,عرضه
مدد,فراهم كردن
مدد,فريادرس
مدد,قطع كردن
مدد,كمك
مدد,كمكهاي
مدد,مدد
مدد,مراعات
مدد,مساعدت
مدد,مسلح كردن
مدد,ياري
مدد,ياوري
مدد,گشايش
مددگار,ارد
مددگار,دستيار
مددگار,دستگير
مددگار,كارساز
مددگار,كمك
مددگار,معاون
مددگار,معين
مددگار,يار
مددگار,ياور
مدراس,بمبئي
مدراس,دهلي
مدراس,كيرل
مدراس,ممبي
مدرسہ,فرهنگستان
مدعا,مدعا
مدعاي,مدعاي
مدعايش,مدعايش
مدعو,اهل مجلس
مدعو,مدعو
مدعي,اورشليم
مدعي,اپوش
مدعي,بيتالمقدس
مدعي,جلوه دادن
مدعي,حكم
مدعي,حوصله
مدعي,خصم
مدعي,خواهان
مدعي,خوردن
مدعي,دادخواه
مدعي,دزديده
مدعي,دشمن
مدعي,دعوا
مدعي,دم زدن
مدعي,ساختن
مدعي,سزيدن
مدعي,شاكي
مدعي,شبدر
مدعي,شيطان بزرگ
مدعي,طلب
مدعي,عارض
مدعي,عدو
مدعي,مايو
مدعي,متهم
مدعي,مدعي
مدعي,مستند
مدعي,ياغي
مدفون,دفينه
مدفون,سربسته
مدفون,كان
مدفون,كر
مدفون,مخفي
مدفون,مدفون
مدفون,مستور
مدفون,ناپديد
مدفون,نهان
مدفون,نيان
مدفون,پنهان
مدفون,گنج
مدفون,گنجينه
مدير,اداره
مدير,كارگردان
مدير,مدير
مديرا,ماء
مديرا,مزه
مدينہ,جده
مدينہ,حجاز
مدينہ,رياض
مدينہ,شقرا
مدينہ,عربستان
مدينہ,عربستان سعودي
مدينہ,مدينه
مدينہ,مكه
مدينہ,نجد
مدھم,ارزه
مدھم,ارمين
مدھم,الفته
مدھم,اهسته
مدھم,بد امدن
مدھم,بهرام
مدھم,بودن
مدھم,بيدن
مدھم,تنبل
مدھم,تير
مدھم,خوش امدن
مدھم,را
مدھم,ربيعالثاني
مدھم,رفسنجاني
مدھم,سبعه
مدھم,سست
مدھم,شهريور
مدھم,شور
مدھم,فا
مدھم,كند
مدھم,كه
مدھم,ماهور
مدھم,متوسط
مدھم,ميانگين
مدھم,هفت
مدھم,هفت اورنگ
مدھم,هفتسين
مدھم,هفتصد
مدھم,وسط
مدھم,يواش
مدھم,چارك
مدھم,چهارم
مدھم,چهارم درست
مدھو,انگبين
مدھو,شهد
مدھو,عسل
مدہوش,خراب
مدہوش,خراو
مدہوش,شنگول
مدہوش,مدهوش
مدہوش,مست
مدہوش,نشئه
مدہوش,پير مغان
مذاق,بذله
مذاق,جوك
مذاق,خنك
مذاق,شوخي
مذاق,لاغ
مذاق,مذاق
مذاكرہ,تكلم
مذاكرہ,تلفني
مذاكرہ,تهران
مذاكرہ,طرفين
مذاكرہ,كانگرس
مذاكرہ,كنفرانس
مذاكرہ,كنگره
مذاكرہ,مذاكره
مذاكرہ,مصاحبه
مذاكرہ,مكالمه
مذاكرہ,ناز و نياز
مذاكرہ,همايش
مذاكرہ,گردهمايي
مذاكرہ,گفتگو
مذكر,او
مذكر,جنس
مذكر,جنسيت
مذكور,اشاره كردن
مذكور,اظهار
مذكور,انگ
مذكور,اگر
مذكور,بابت
مذكور,برچسب
مذكور,به زبان اوردن
مذكور,بيان
مذكور,بيانيه
مذكور,تقرير
مذكور,حساب
مذكور,در نظر گرفتن
مذكور,دربند
مذكور,دفتر
مذكور,ذكر
مذكور,ذكر كردن
مذكور,شهادت
مذكور,صهيون
مذكور,طهمورث
مذكور,عن
مذكور,فرمايش
مذكور,قابل ندارد
مذكور,كاري نكردم
مذكور,مازندران
مذكور,مذكور
مذكور,مزخرف
مذكور,منظور
مذكور,نام بردن
مذكور,نبيگ
مذكور,هشتگ
مذكور,وارد
مذكور,وسناد
مذكور,وظيفهام بود
مذكور,ياد كردن
مذكور,يكي
مذكور,چيز
مذكور,گزارش
مذكور,گفتار
مذكور,گفتمان
مذكور,گفته
مذمت,دشنام
مذمت,سركوب
مذمت,ضرب و شتم
مذمت,محكوميت
مذموم,مذموم
مذہب,اسلوب
مذہب,حقوقشناسي
مذہب,عقيده
مذہب,فقه
مذہب,فقيه
مذہب,مذهب
مذہبي,اهل ايمان
مذہبي,ايماندار
مذہبي,بابك
مذہبي,مؤمن
مذہبي,وفادار
مذہبي,پايبند
مذہبي,پاينده
مر,مر
مرا,مرا
مراد,اراده
مراد,تمايل
مراد,جهتگيري
مراد,دماغ
مراد,سر و برگ
مراد,شوق
مراد,مراد
مراد,ميل
مراد,هوس
مراد,گرايش
مراكش,صحراي غربي
مراكش,فاس
مراكش,مراكش
مراكش,مغرب
مراكش,مغربي
مربا,ريچار
مربا,مربا
مربا,پروردن
مربا,گذاشتن
مربا,گلقند
مربي,مبلغ
مرت,دخمه
مرت,سگديد
مرت,شادروان
مرت,فاتحه
مرت,كتلت
مرت,مرحوم
مرت,مرده
مرتبہ,اب
مرتبہ,ابرو
مرتبہ,حيثيت
مرتضي,مرتضي
مرتيو,اپوش
مرثيہ,افغان
مرثيہ,بزرگداشت
مرثيہ,تكيه
مرثيہ,حسن
مرثيہ,حسنك
مرثيہ,حسين
مرثيہ,داد
مرثيہ,ذكر كردن
مرثيہ,روضه
مرثيہ,زنجيرزني
مرثيہ,سريش
مرثيہ,شبيه
مرثيہ,شمر
مرثيہ,شهادت
مرثيہ,شيون
مرثيہ,عاشورا
مرثيہ,عزاداري
مرثيہ,فرياد
مرثيہ,قاره
مرثيہ,كربلا
مرثيہ,كنداوري
مرثيہ,مرثيه
مرثيہ,مشهد
مرثيہ,مهر
مرثيہ,نوحه
مرثيہ,ياد كردن
مرثيہ,ياداوري
مرثيہ,يادبود
مرحبا,مرحبا
مرحوم,مرحوم
مرد,مرد
مردار,الوده
مردار,بدرنگ
مردار,جثه
مردار,جسد
مردار,جنازه
مردار,خبيث
مردار,دخمه
مردار,دژخيم
مردار,ريمن
مردار,زشت
مردار,سبشت
مردار,قبيح
مردار,كثيف
مردار,لاش
مردار,مردار
مردار,ناپاز
مردار,نجس
مردار,نعش
مردار,هرزه
مردار,هندو
مردار,ورخچ
مردار,پارگين
مردار,پليد
مردار,چتل
مردار,چرك
مردار,چركين
مردان,مردان
مردانگي,جوانمردي
مردانگي,رجوليت
مردانگي,كنداوري
مردانگي,مردانگي
مردانگي,مردي
مردانگي,مروت
مردانگي,نري
مردانہ,جوانمرد
مردانہ,مردانه
مردد,اواره
مردد,تباه
مردد,حيران
مردد,خراب
مردد,خراو
مردد,دفع
مردد,سوختن
مردد,عزر
مردد,مردد
مردد,مقاوم
مردد,هلاك
مردد,ويران
مردد,ويرانه
مردك,مردك
مردم,مردم
مردمي,مردمي
مردن,اصطكاك
مردن,تازه
مردن,تخريب
مردن,جنايتكار
مردن,خبرفوري
مردن,رفتني
مردن,رنديدن
مردن,مؤثر
مردن,مرخ
مردن,مردن
مردن,مردني
مردن,مهره
مردن,ميرنده
مردن,ناو
مردني,تشييع
مردني,جنازه
مردني,رفتني
مردني,فاتحه
مردني,مردني
مردني,ميرنده
مردو,مردان
مردو,مردي
مردوخ,مردوخ
مردوں,مردان
مردوں,مردي
مردي,مردي
مردہ,جثه
مردہ,جسد
مردہ,جنازه
مردہ,دخمه
مردہ,سگديد
مردہ,شادروان
مردہ,فاتحه
مردہ,كتلت
مردہ,لاش
مردہ,مرحوم
مردہ,مردار
مردہ,مرده
مردہ,نعش
مرز,مرز
مرستھل,ارض
مرستھل,بوم
مرستھل,بيابان
مرستھل,خاك
مرستھل,خشك
مرستھل,خوارزم
مرستھل,دواب
مرستھل,زمين
مرستھل,سترون
مرستھل,كشور
مرستھل,پنجاب
مرسل,مرسل
مرشد,مرشد
مرض,ازار
مرض,بيماري
مرض,درد
مرض,رنج
مرض,مرض
مرض,مريضي
مرضي,اختيار
مرضي,انتخاب
مرضي,انتخاو
مرضي,خاصگي
مرضي,خوره
مرضي,شكيبنده
مرضي,شكيفتن
مرضي,صبور
مرضي,مبتلا
مرضي,مريضي
مرضي,مصوب
مرضي,معطل كردن
مرضي,ناچار
مرضي,وش
مرضي,يوسف
مرضي,پسند
مرضي,ژكفر
مرضي,گزينش
مرضي,گزينه
مرعش,مرعش
مرعوب,مرعوب
مرغ,مرغ
مرغابي,اردك
مرغابي,بت
مرغابي,بەت
مرغابي,مرغابي
مرغان,مرغان
مرغدين,مرغدين
مرغزار,مرغزار
مرغك,مرغك
مرغكي,مرغكي
مرغي,مرغي
مرقد,مرقد
مرقدي,مرقدي
مركب,مركب
مركز,اروپاي مركزي
مركز,بلخ
مركز,تك
مركز,دوباره
مركز,ضرب
مركز,ضربه
مركز,قم
مركز,كالينينگراد
مركز,كانون
مركز,مابين
مركز,مركز
مركز,مركز خريد
مركز,مركزي
مركز,ميان
مركز,ميون
مركز,هاليوود
مركز,وسط
مركز,پاساژ
مركزي,مركزي
مرمت,احيا
مرمت,بازسازي
مرمت,ترميم
مرمت,تعمير
مرمت,تعمير كردن
مرمت,تعميرگاه
مرمت,درست كردن
مرمت,مرمت
مرمت,مكانيكي
مرنج,مرنج
مرو,مرو
مروانا,مقتول
مروانا,هلاك شدن
مروت,مروت
مرور,مرور
مري,مري
مريادا,جاه
مريادا,حد
مريادا,دايره
مريادا,سامان
مريادا,سرحد
مريادا,سنگ
مريادا,قدر
مريادا,قرنطينه
مريادا,قيد
مريادا,كرامت
مريادا,كران
مريادا,كنار
مريادا,مر
مريادا,مرز
مريادا,مقام
مريادا,مكان
مريادا,نخوت
مريادا,وقار
مريادا,وقع
مريخ,بهرام
مريخ,ترك
مريخ,مارس
مريخ,مريخ
مريخيان,مريخيان
مريد,مريد
مريدي,مريدي
مريز,مريز
مريض,خوره
مريض,شكيبنده
مريض,شكيفتن
مريض,صبور
مريض,مبتلا
مريض,مريض
مريض,مريضي
مريض,معطل كردن
مريض,ژكفر
مريم,باكره
مريم,بكر
مريم,حواري
مريم,دخت
مريم,دست نخورده
مريم,دوشيزه
مريم,عيسوي
مريم,عيسي
مريم,مريم
مريم,مسيحا
مريم,موسي
مريم,هارون
مريم,يوسف
مرچ,اسپري فلفل
مرچ,حال
مرچ,خصوصي
مرچ,دارفلفل
مرچ,درونه
مرچ,زده
مرچ,ساپورت كردن
مرچ,فاخره
مرچ,فلفل
مرچ,فلفل سياه
مرچ,فلفلدلمهاي
مرچ,مرچ
مرچ,پلپل
مرگ,اهو
مرگ,ايل
مرگ,بره
مرگ,شوكا
مرگ,كل
مرگ,مرگ
مرگ,نافه
مرگ,نر
مرگ,نيليگاو
مرگ,گوزن
مرگست,مرگست
مرگي,صرع
مرگي,مرگي
مرگھٹ,اتش زدن
مرگھٹ,افروختن
مرگھٹ,اهل هنود
مرگھٹ,سختن
مرگھٹ,سوخت
مرگھٹ,سوختن
مرگھٹ,سوختگي
مرگھٹ,گر
مزاج,اعتدال
مزاج,خلق
مزاج,طبيعت
مزاج,مزاج
مزاحمت,اينرسي
مزاحمت,اپوزيسيون
مزاحمت,بازدارنده
مزاحمت,بغاوت
مزاحمت,تضاد
مزاحمت,حائل
مزاحمت,خلاف
مزاحمت,در صورتي كه
مزاحمت,ستيزي
مزاحمت,ضد
مزاحمت,مانع
مزاحمت,مخالفت
مزاحمت,مقابله
مزاحمت,مقاومت
مزاحمت,مواجهه
مزاحمت,گير
مزاحمت,گير كردن
مزار,مزار
مزارش,مزارش
مزارع,مزارع
مزاري,مزاري
مزد,مزد
مزدكي,مزدكي
مزدور,امدادگر
مزدور,باربر
مزدور,خدمتكار
مزدور,دربان
مزدور,دوركار
مزدور,سقا
مزدور,كارمند
مزدور,كارگر
مزدور,مددكار
مزدور,مزدور
مزدور,مكانيك
مزرع,مزرع
مزن,مزن
مزور,كارگر
مزي,مزي
مزيد,ازدياد
مزيد,اضافه
مزيد,افزايش
مزيد,افزايش يافتن
مزيد,افزايش پيدا كردن
مزيد,افزودن
مزيد,اڤزودن
مزيد,فراتر
مزيد,مر
مزيد,مزيد
مزيد,گواليدن
مزيدار,بامزه
مزيدار,خوشمزه
مزيدار,خوشنمك
مزيدار,خوشگوار
مزيدار,لذيذ
مزيدار,گوارا
مزہ,راحتالحلقوم
مزہ,شوق
مزہ,صفا
مزہ,عشرت
مزہ,لذت
مزہ,ناز
مزہ,نعيم
مس,مس
مسئلوں,دچار
مسئلوں,راهكار
مسئلوں,فصل
مسئلوں,ماسالا
مسئلوں,ماستمالي
مسئلوں,مسئله
مسئلوں,مسائل
مسئلوں,مشكل
مسئلوں,معضل
مسئلہ,امر
مسئلہ,باره
مسئلہ,حاشيه رفتن
مسئلہ,دچار
مسئلہ,راهكار
مسئلہ,صادر كردن
مسئلہ,فصل
مسئلہ,قضيه
مسئلہ,ماجرا
مسئلہ,ماستمالي
مسئلہ,مسئله
مسئلہ,مشكل
مسئلہ,مطلب
مسئلہ,معضل
مسئلہ,مهم
مسئلہ,موضوع
مسئلہ,گرفتار
مسئلہ,گزاره
مسئلے,دچار
مسئلے,راهكار
مسئلے,فصل
مسئلے,ماسالا
مسئلے,ماستمالي
مسئلے,مسئله
مسئلے,مسائل
مسئلے,مشكل
مسئلے,معضل
مسائل,مسائل
مسافر,سرنشين
مسافر,سوار
مسافر,سياح
مسافر,مسافر
مسافر,همراه
مساوات,مساوات
مست,خراب
مست,خراو
مست,دوستكان
مست,دوستگان
مست,ديوانه
مست,سرخوش
مست,شنگول
مست,شهواني
مست,لوطي
مست,مدهوش
مست,مست
مست,نشئه
مست,پير مغان
مستاجر,ارباب
مستاجر,زميندار
مستاجر,ورزه
مستحب,مستحب
مستحق,سزاوار
مستحق,شايان
مستحق,فاسد
مستحق,قابل
مستحق,لايق
مستحق,مستحق
مستحكم,مستحكم
مستراح,اسايش
مستراح,برنشستن
مستراح,تشناب
مستراح,توالت
مستراح,توالت ايراني
مستراح,توالت فرنگي
مستراح,خلاء
مستراح,دستشويي
مستراح,راحت
مستراح,راحتي
مستراح,سرويس
مستراح,غنودن
مستراح,قرار
مستراح,مستراح
مسترد,رد شدن
مسترد,مردود
مسترد,منتفي
مستعار,مستعار
مستعفي,استفراغ
مستعفي,استكمال
مستعفي,ترخان
مستعفي,جو
مستعفي,فرياد
مستعفي,گشايش
مستقبل,حال
مستقبل,خواستن
مستقبل,زمان
مستقبل,مضارع
مستقر,اساس
مستقر,بنه
مستقر,بودباش
مستقر,بيخ
مستقر,ته
مستقر,جايگاه
مستقر,دائم
مستقر,ريشه
مستقر,زيربنا
مستقر,سراي
مستقر,سرداب
مستقر,شيب
مستقر,فرومايه
مستقر,كارت سبز
مستقر,ماندگار
مستقر,ماوا
مستقر,مبنا
مستقر,مستمر
مستقر,مسكن
مستقر,مقام
مستقر,مقر
مستقر,منزل
مستقر,پايدار
مستقر,پاينده
مستقر,پايه
مستقر,پايگاه
مستقر,گرين كارت
مستقل,ازاد
مستقل,استغنا
مستقل,استقامت
مستقل,استوار
مستقل,بابك
مستقل,بخيدن
مستقل,بردبار
مستقل,بن
مستقل,ثابت
مستقل,جدا
مستقل,جدا شدن
مستقل,خاطرنشان
مستقل,خونگرم
مستقل,دائم
مستقل,سامان
مستقل,عازم
مستقل,غيرمنقول
مستقل,قطع
مستقل,كارت سبز
مستقل,ماندگار
مستقل,متغير
مستقل,مختار
مستقل,مستقل
مستقل,مستمر
مستقل,معين
مستقل,منظم
مستقل,واخيدن
مستقل,پايدار
مستقل,پاينده
مستقل,پاييدن
مستقل,گرين كارت
مستقيم,مستقيم
مستك,اجلاس
مستك,جبهه
مستك,جبين
مستك,جمجمه
مستك,راس
مستك,شاخ
مستك,فرق
مستك,مهر
مستك,پرچم
مستك,پيشاني
مستك,چكاد
مستم,مستم
مستنير,مستنير
مستور,مستور
مستوري,مستوري
مستي,مستي
مسجد,بارگاه
مسجد,تارمي
مسجد,تالار
مسجد,جامع
مسجد,دالان
مسجد,ذلت
مسجد,سالن
مسجد,سراي
مسجد,سرسرا
مسجد,شادروان
مسجد,شبستان
مسجد,كنشت
مسجد,كنيسه
مسجد,مؤذن
مسجد,متوضا
مسجد,مجد
مسجد,مسجد
مسجد,مصلا
مسجد,مچد
مسجدوں,جامع
مسجدوں,شادروان
مسجدوں,شبستان
مسجدوں,مؤذن
مسجدوں,متوضا
مسجدوں,مجد
مسجدوں,مسجد
مسجدوں,مصلا
مسجدوں,مچد
مسجديں,جامع
مسجديں,شادروان
مسجديں,شبستان
مسجديں,مؤذن
مسجديں,متوضا
مسجديں,مجد
مسجديں,مسجد
مسجديں,مصلا
مسجديں,مچد
مسجود,مسجود
مسحور,مسحور
مسخر,مسخر
مسرور,مسرور
مسعود,مسعود
مسقط,عربستان
مسقط,عمان
مسقط,مسقط
مسقط,هرمز
مسكراہٹ,تبسم
مسكراہٹ,لبخند
مسكراہٹ,لبخند زدن
مسكراہٹ,پوزخند
مسكراہٹوں,تبسم
مسكراہٹوں,لبخند
مسكراہٹوں,لبخند زدن
مسكراہٹيں,تبسم
مسكراہٹيں,لبخند
مسكراہٹيں,لبخند زدن
مسكن,مسكن
مسكيني,مسكيني
مسلسل,خودكشي از ترس مرگ
مسلسل,شاريدن
مسلسل,مرتب
مسلسل,مسلسل
مسلسل,هي
مسلط,بارز
مسلط,زوركي
مسلط,سل
مسلط,غالب
مسلط,مسلط
مسلط,پيروز
مسلك,مسلك
مسلم,طرفدار
مسلم,مسلم
مسلم,پايبند
مسلم باغ,باغ
مسلمان,مسلمان
مسلمانان,مسلمانان
مسلمانم,مسلمانم
مسلماني,مسلماني
مسلمانيم,مسلمانيم
مسلمي,مسلمي
مسلمہ,رسم
مسلمہ,مستجاب
مسلمہ,مقبول
مسلمہ,يكدل
مسموم,مسموم
مسند,مسند
مسوڑا,تنگ
مسوڑا,دندان مصنوعي
مسوڑا,لثه
مسوڑھا,تنگ
مسوڑھا,دندان مصنوعي
مسوڑھا,لثه
مسوڑھو,تنگ
مسوڑھو,دندان مصنوعي
مسوڑھو,لثه
مسوڑھوں,تنگ
مسوڑھوں,دندان مصنوعي
مسوڑھوں,لثه
مسوڑھے,تنگ
مسوڑھے,دندان مصنوعي
مسوڑھے,لثه
مسيح,دجال
مسيح,عبدالمسيح
مسيح,عيسي
مسيح,مسيح
مسيح,مسيحا
مسيح,منجي
مسيح موعود,دجال
مسيح موعود,عبدالمسيح
مسيح موعود,مسيح
مسيح موعود,مسيحا
مسيح موعود,منجي
مسيح موعود,مهر
مسيحا,دجال
مسيحا,عبدالمسيح
مسيحا,مسيح
مسيحا,مسيحا
مسيحا,منجي
مسيحائي,مسيحائي
مسيحي,اورشليم
مسيحي,بيتالمقدس
مسيحي,ترسايي
مسيحي,عيسي
مسيحي,مسيح
مسيحي,مسيحا
مسيحي,مسيحيت
مسيحيت,اورشليم
مسيحيت,بيتالمقدس
مسيحيت,ترسايي
مسيحيت,مسيحيت
مسير,مسير
مشاور,مشاور
مشاور,ناصح
مشاورت,مشاورت
مشاورت,مشاوره
مشاہدات,مشاهده
مشاہدات,نگاه
مشاہدو,مشاهده
مشاہدو,نگاه
مشاہدوں,مشاهده
مشاہدوں,نگاه
مشاہدہ,تامل
مشاہدہ,تماشا
مشاہدہ,غور
مشاہدہ,مشاهده
مشاہدہ,نگاه
مشاہدے,مشاهده
مشاہدے,نگاه
مشت,مشت
مشت خاك,توك
مشت خاك,خاك
مشت خاك,خاكسار
مشت خاك,دسته
مشت خاك,دوستها
مشت خاك,رشت
مشت خاك,سوده
مشت خاك,عفو
مشت خاك,غبار
مشت خاك,غليظ
مشت خاك,فيت
مشت خاك,قبضه
مشت خاك,مشت
مشت خاك,پلم
مشت خاك,گرد
مشتاق,مشتاق
مشتاقي,مشتاقي
مشتركہ,باژ
مشتركہ,برجام
مشتركہ,بند
مشتركہ,شگرد
مشتركہ,مشترك
مشتركہ,مفصل
مشتركہ,مچ
مشتركہ,ياري
مشتركہ منڈي,بازار
مشتركہ منڈي,خريدار
مشتركہ منڈي,رواني
مشتركہ منڈي,ماركيت
مشتركہ منڈي,معرض
مشتركہ منڈي,نرخ
مشتري,اورمزد
مشتري,برجيس
مشتري,خريدار
مشتري,زاوش
مشتري,مشتري
مشتري,هرمز
مشتري,ژوپيتر
مشدد,تشديد
مشدد,زبر
مشدد,زير
مشدد,سكون
مشرب,مشرب
مشرق,مشرق
مشرق وسطي,اذربايجان
مشرق وسطي,ارمن
مشرق وسطي,ارمنستان
مشرق وسطي,اسياي جنوبي
مشرق وسطي,اسياي شرقي
مشرق وسطي,بدخشان
مشرق وسطي,تقاطع
مشرق وسطي,تلاقي
مشرق وسطي,جمهوري ارمنستان
مشرق وسطي,خاورميانه
مشرق وسطي,داغستان
مشرق وسطي,شامل
مشرق وسطي,شروان
مشرق وسطي,قبرس شمالي
مشرق وسطي,قرهباغ
مشرق وسطي,قفقاز
مشرق وسطي,ماها
مشرق وسطي,مغرب
مشرق وسطي,هندوچين
مشرق وسطي,چهارباغ
مشرق وسطي,ژئوپليتيكي
مشرقي ايشيا,اسياي جنوبي
مشرقي ايشيا,اسياي شرقي
مشرقي ايشيا,اوساكا
مشرقي ايشيا,بدخشان
مشرقي ايشيا,تايوان
مشرقي ايشيا,تبت
مشرقي ايشيا,توكيو
مشرقي ايشيا,جاپان
مشرقي ايشيا,خاورميانه
مشرقي ايشيا,سئول
مشرقي ايشيا,سند
مشرقي ايشيا,شامل
مشرقي ايشيا,شبهجزيره كره
مشرقي ايشيا,شمولي
مشرقي ايشيا,فوكوشيما
مشرقي ايشيا,فيليپين
مشرقي ايشيا,قبرس شمالي
مشرقي ايشيا,كره
مشرقي ايشيا,كره جنوبي
مشرقي ايشيا,كره شمالي
مشرقي ايشيا,كوريا
مشرقي ايشيا,مغرب
مشرقي ايشيا,مغولستان
مشرقي ايشيا,هندوچين
مشرقي ايشيا,واق واق
مشرقي ايشيا,پيونگيانگ
مشرقي ايشيا,چهارباغ
مشرقي ايشيا,ژاپن
مشرقي ايشيائي,اسيايي
مشرقي ايشيائي,برادري
مشرقي ايشيائي,توران
مشرقي ايشيائي,سبك هندي
مشرقي ايشيائي,غزل
مشرقي ايشيائي,منتو
مشرقي ايشيائي,گو
مشرقي تيمور,تيمور شرقي
مشرقي پاكستان,ازاد
مشرقي پاكستان,استغنا
مشرقي پاكستان,بن
مشرقي پاكستان,مختار
مشرقي پاكستان,مستقل
مشرقيان,مشرقيان
مشرك,مشرك
مشعل,فانوس
مشعل,فنر
مشعل,قنديل
مشعل,مشعل
مشعل,چراغ قوه
مشغلہ,اشتغال
مشغلہ,اشغال
مشغلہ,اشغالي
مشغلہ,تصرف
مشغلہ,تفريح
مشغلہ,تفنن
مشغلہ,تفنني
مشغلہ,حدادي
مشغلہ,خوره
مشغلہ,سرگرمي
مشغلہ,شغل
مشغلہ,كار
مشغلہ,مشغله
مشغلہ,نوكري
مشغول,اشغالي
مشغول,سرگرم
مشغول,شلق
مشغول,شلوغ
مشغول,صحراي غربي
مشغول,كريمه
مشغول,مشغول
مشغول,گاليا
مشغول,گرفتار
مشق,تكيدن
مشق,تمرين
مشق,رزمايش
مشق,كباده
مشق,مته
مشق,مشق
مشق,نرمش
مشق,ورز
مشق,ورزش
مشق,ورزش كردن
مشق,ورزيدن
مشق,پرماه
مشقت,رنج
مشقت,رنجه
مشقت,زحمت كشيدن
مشقت,محنت
مشقت,مشقت
مشك,دشت
مشك,طالبي
مشك,ماسك
مشك,مشك
مشك,مشكين
مشك,نافه
مشكل,اشكال
مشكل,برامدن
مشكل,خونسرد
مشكل,دشواري
مشكل,دچار
مشكل,مبتلا
مشكل,مشكل
مشكل,مشكوك
مشكل,معضل
مشكل,گذراندن
مشكل,گير كردن
مشكلات,مشكلات
مشكوك,تار
مشكوك,قابل ترديد
مشكوك,مرموز
مشكوك,مشكوك
مشكوك,مظنون
مشو,مشو
مشوروں,استفتاء
مشوروں,اطلاع
مشوروں,حكمت
مشوروں,كنگاش
مشوروں,مصلحت
مشوروں,نصيحت
مشوروں,پند
مشورہ,استفتاء
مشورہ,اطلاع
مشورہ,انجمن
مشورہ,حكمت
مشورہ,كنگاش
مشورہ,مشاوره
مشورہ,مصلحت
مشورہ,نصيحت
مشورہ,پند
مشورے,استفتاء
مشورے,اطلاع
مشورے,حكمت
مشورے,كنگاش
مشورے,مصلحت
مشورے,نصيحت
مشورے,پند
مشيت,مشيت
مشير,مشير
مشہد,ارامگاه
مشہد,ارض اقدس
مشہد,انا لله و انا اليه راجعون
مشہد,تجمع
مشہد,تكيه
مشہد,حسين
مشہد,خراسان
مشہد,خراسان رضوي
مشہد,دخمه
مشہد,دفينه
مشہد,رضوي
مشہد,رضويه
مشہد,شهادت
مشہد,شهيد
مشہد,عاشورا
مشہد,فاتحه
مشہد,قبر
مشہد,مدفون
مشہد,مرقد
مشہد,مزار
مشہد,مشهد
مشہد,مشهدي
مشہد,مقبره
مشہد,مهر
مشہد,يوسف
مشہد,گور
مشہور,جيزه
مشہور,سرشناس
مشہور,سلبريتي
مشہور,مشهور
مشہور,معروف
مشہور,نامدار
مشہوري,اكثر
مشہوري,ان
مشہوري,انباكسينگ
مشہوري,اوازه
مشہوري,اگهي
مشہوري,بدنامي
مشہوري,تبليغ
مشہوري,حاجي
مشہوري,رسم
مشہوري,شهرت
مشہوري,صيت
مشہوري,قيمتي
مشہوري,كليپ
مشہوري,كنسول
مشہوري,نماهنگ
مشہوري,هم
مشہوري,هندوستان
مشہوري,ويديو
مشہورياں,مهر
مشہوريوں,مهر
مصاف,مصاف
مصالحہ,تهچين
مصالحہ,شاخ
مصالحہ,ماسالا
مصالحہ,مسائل
مصالحہ,پچ پچ
مصالحہ,چاشني
مصالحہ,گپ
مصر,بلخ
مصر,تيخ
مصر,تيغ
مصر,تيغه
مصر,حد
مصر,دايره
مصر,دشنه
مصر,دم
مصر,ذوالفقار
مصر,زورا
مصر,سامان
مصر,شمشير
مصر,فتراك
مصر,فريدون
مصر,قاهره
مصر,كتف
مصر,كنار
مصر,كولمبيا
مصر,مر
مصر,مركز
مصر,مركز خريد
مصر,مركزي
مصر,مصر
مصر,ميان
مصر,ميون
مصر,نيل
مصر,هفتسين
مصر,پاساژ
مصر,چكاچاك
مصرع,مصرع
مصروف,اشغالي
مصروف,سرگرم
مصروف,شلق
مصروف,شلوغ
مصروف,صحراي غربي
مصروف,كريمه
مصروف,مشغول
مصروف,گاليا
مصروف,گرفتار
مصري,رع
مصري,عربستان
مصري,مصري
مصريان,مصريان
مصطفوي,مصطفوي
مصطفي,مصطفي
مصلحت,مصلحت
مصلي,مصلي
مصنف,اهنگساز
مصنف,سراينده
مصنف,صاحب
مصنف,صاحب اين قلم
مصنف,فردوسي
مصنف,مؤلف
مصنف,نويسنده
مصنف,پاول
مصنف,پولس
مصنف,گوينده
مصور,مصور
مصيبت,اذيت
مصيبت,اسيب
مصيبت,افت
مصيبت,بيد
مصيبت,تكان
مصيبت,تلميح
مصيبت,حادثه
مصيبت,خسارت
مصيبت,خسران
مصيبت,خوردن
مصيبت,دروغ مصلحت اميز به از راست فتنه انگيز
مصيبت,دچار
مصيبت,زيان
مصيبت,سوزناك
مصيبت,شغال باران
مصيبت,فاجعه
مصيبت,فتنه
مصيبت,مبتلا
مصيبت,متغير
مصيبت,مست
مصيبت,مصيبت
مصيبت,منت
مصيبت,ناموس
مصيبت,نكبت
مصيبت,گزاييدن
مصيبت,گزند
مضبوط,اخور
مضبوط,استوار
مضبوط,اصطبل
مضبوط,تنجيدن
مضبوط,تنگ
مضبوط,تنگنا
مضبوط,دارا
مضبوط,سفت
مضبوط,طويله
مضبوط,قرار
مضبوط,كشيده
مضبوط,متين
مضبوط,محكم
مضبوط,مضبوط
مضبوط,پايدار
مضبوط,پاييدن
مضبوط,پوييدن
مضبوط,گرفتار
مضحكہ خيز,بامزه
مضحكہ خيز,خندهدار
مضحكہ خيز,مسخره
مضحكہ خيز,مضحك
مضر,زيانكار
مضر,مضر
مضر,موذي
مضراب,مضراب
مضرابي,مضرابي
مضطر,مضطر
مضطرب,مضطرب
مضمحل,مضمحل
مضمر,مضمر
مضمرش,مضمرش
مضموم,اد
مضموم,ان
مضموم,به شمار امدن
مضموم,جان
مضموم,خان
مضموم,رژيم
مضموم,سرابستان
مضموم,شادروان
مضموم,شيعه
مضموم,متعلق
مضموم,مر
مضموم,وابسته
مضموم,ياعلي
مضموم,پا
مضمون,بضاعت
مضمون,تلميح
مضمون,در
مضمون,را
مضمون,شيء
مضمون,عنوان
مضمون,فضا
مضمون,فهرست
مضمون,كالا
مضمون,كه
مضمون,محتويات
مضمون,مضمون
مضمون,مطلب
مضمون,مقاله
مضمون,موضوع
مضمون,ميگم
مضموني,مضموني
مطالعہ,اطراف
مطالعہ,با
مطالعہ,تامل
مطالعہ,تصحيف
مطالعہ,خوانش
مطالعہ,روخواني
مطالعہ,سادهانگاري
مطالعہ,غور
مطالعہ,پاس
مطرب,مطرب
مطعم,رستوران
مطعم,رستورانت
مطعم,سفرهخانه
مطعم,فست فود
مطعم,مهمان
مطعم,هوتل
مطعم,پرس
مطلب,اوكي
مطلب,باعث
مطلب,تلميح
مطلب,جمله
مطلب,حكم
مطلب,در
مطلب,را
مطلب,قضا
مطلب,كه
مطلب,محرك
مطلب,مطلب
مطلب,موجب
مطلب,موضوع
مطلب,ميگم
مطلب,گزاره
مطلبي,اچار به دست
مطلبي,برتن
مطلبي,حزب باد
مطلبي,خود غرض
مطلبي,خودخواه
مطلبي,خودپسند
مطلبي,شوريده
مطلبي,عملي
مطلبي,كاربردي
مطلع,مطلع
مطلق,مطلق
مطلق العنان,جابر
مطلق العنان,ديكتاتور
مطلق العنان,ظالمانه
مطلق العنان,محض
مطلق العنان,مستبد
مطلق العنان,مطلق
مطلقا,بالكل
مطلقا,بكنبكن
مطلقا,سراسر
مطلقا,كاملا
مطلقا,كلگي
مطلقا,كمپلت
مطلقا,مطلقا
مطلوب,مطلوب
مطمئن,ارام
مطمئن,اساني
مطمئن,استوار
مطمئن,امن
مطمئن,ايمن
مطمئن,بايد
مطمئن,بسنده كردن
مطمئن,به
مطمئن,بيشرم
مطمئن,تخليه
مطمئن,خرسند
مطمئن,دريافتن
مطمئن,راحت
مطمئن,راحتي
مطمئن,راضي
مطمئن,سادگي
مطمئن,سرخ رو
مطمئن,شوخ
مطمئن,فارغ البال
مطمئن,قانع
مطمئن,مامن
مطمئن,محكم
مطمئن,مخلص
مطمئن,مطمئن
مطمئن,وسعت
مطمئن,چهارباغ
مطمئن,گاوصندوق
مظاہرہ,تظاهر
مظاہرہ,تظاهرات
مظاہرہ,ثبات
مظاہرہ,راهپيمايي
مظفر اباد,مظفراباد
مظلوم,افتاده
مظلوم,مستضعفان
مظلوم,مظلوم
مظلومي,مظلومي
مع,كتي
مع,مع
معائنہ,ازمايش
معائنہ,ازمون
معائنہ,امتحان
معائنہ,بازبيني
معائنہ,بازديد
معائنہ,بازرسي
معائنہ,تجزيه
معائنہ,تحليل
معائنہ,تماشا
معائنہ,حل
معائنہ,رسيدگي
معائنہ,كنكور
معائنہ,مشاهده
معائنہ,معاينه
معائنہ,نمره
معائنہ,نگاه
معائنہ,پژوهش
معاش,اقتصاد
معاش,خواجگي
معاش,معاش
معاش,معيشت
معاشرت,معاشرت
معاشرہ,اجتماع
معاشرہ,انجمن
معاشرہ,جامعه
معاشرہ,جمعيت
معاشرہ,سياهپوش
معاشرہ,كانون
معاصر,قرين
معاصر,معاصر
معاف,اشتباه
معاف,اشتباه كردن
معاف,باطل
معاف,تقصير
معاف,خطا
معاف,غلط
معاف,معاف
معاف كرنا,امرزيدن
معاف كرنا,بخشودن
معاف كرنا,بخشيدن
معاف كرنا,عفو كردن
معافي,استعفا
معافي,بخشايش
معافي,بخشش
معافي,بخشودن
معافي,بخشيدن
معافي,برائت
معافي,عفو
معافي,عفو كردن
معافي,معافي
معافي,معذرت
معافي,مغفرت
معافي,پوزش
معافي,گذشتن
معافياں,استعفا
معافياں,بخشايش
معافياں,بخشش
معافياں,عفو
معافياں,معافي
معافياں,معذرت
معافياں,مغفرت
معافياں,پوزش
معافيوں,استعفا
معافيوں,بخشايش
معافيوں,بخشش
معافيوں,عفو
معافيوں,معافي
معافيوں,معذرت
معافيوں,مغفرت
معافيوں,پوزش
معاملہ,امر
معاملہ,باره
معاملہ,حاشيه رفتن
معاملہ,صادر كردن
معاملہ,قضيه
معاملہ,ماجرا
معاملہ,مسئله
معاملہ,مطلب
معاملہ,مهم
معاملہ,موضوع
معاملہ,گرفتار
معاني,معاني
معاہدہ,اتحاديه عرب
معاہدہ,سيدي
معاہدہ,طرفين
معاہدہ,عهدنامه
معاہدہ,فرسنگ
معاہدہ,قرارداد
معاہدہ,قول
معاہدہ,قيمومت
معاہدہ,كنترات
معاہدہ,ليگ
معاہدہ,ليگ قهرمانان
معاہدہ,مجمع
معاہدہ,مضبوط
معاہدہ,معاهده
معاہدہ,مهر
معاہدہ,ميثاق
معاہدہ,نقض
معاہدہ,هانزا
معاہدہ,پيمان
معاہدہ,چك
معبد,اباد
معبد,ابن
معبد,ابو
معبد,اتشكده
معبد,اذرابادگان
معبد,بيت
معبد,عاريت
معبد,عبادتخانه
معبد,علي
معبد,كعبه
معبد,كنشت
معبد,كنيسه
معبد,معبد
معبد,مهراوه
معبد,هيكل
معبود,باري
معبود,خدا
معبود,رع
معبود,فرشته
معبود,معبود
معبود,مهر
معتبر,استوار
معتبر,امين
معتبر,معتبر
معتبر,موثق
معتمد,ارد
معتمد,استوار
معتمد,امين
معتمد,دبير
معتمد,دستيار
معتمد,كمك
معتمد,معاون
معتمد,معتبر
معتمد,منشي
معتمد,موثق
معتمد,نائب
معتمد,نماينده
معتمد,يار
معتمد,ياور
معجز,معجز
معجزات,معجزات
معجزہ,اعجاز
معجزہ,اعجوبة
معجزہ,اعجوبه
معجزہ,عجوبه
معجزہ,معجزه
معجم,ابن
معجم,ابو
معجم,عاريت
معجم,علي
معجم,كتاب لغت
معجم,لغت
معجم,نون
معجمہ,نون
معدن,بشگرد
معدن,كان
معدن,معدن
معدن,مين
معدن,نخچير
معدن,نغم
معدہ,ارغنون
معدہ,ارگ
معدہ,اشكم
معدہ,الت
معدہ,اندام
معدہ,تخمدان
معدہ,تركيدن
معدہ,جهاز
معدہ,درونه
معدہ,دل
معدہ,دلكو
معدہ,شامورتي
معدہ,شكم
معدہ,شكنب
معدہ,عضو
معدہ,فشاري
معدہ,كم
معدہ,معده
معدہ,وطني
معذرت,ببخشيد
معذرت,بخشش
معذرت,بخشودن
معذرت,بخشيدن
معذرت,بهانه
معذرت,تقديم
معذرت,تقريب
معذرت,توجيه
معذرت,دستاويز
معذرت,دعوت كردن
معذرت,دژمان
معذرت,رد
معذرت,طرد
معذرت,عرضه
معذرت,عفو
معذرت,عفو كردن
معذرت,عنوان
معذرت,فدا
معذرت,كندوري
معذرت,متاسف
معذرت,معذرت
معذرت,ميبخشين
معذرت,ميزد
معذرت,پشيمان
معذرت,پشيمان بودن
معذرت,پوزش
معذرت,پيشكش
معذرت,گذشتن
معذرتو,ببخشيد
معذرتو,دژمان
معذرتو,متاسف
معذرتو,معذرت
معذرتو,ميبخشين
معذرتو,پشيمان
معذرتو,پشيمان بودن
معذرتو,پوزش
معذرتوں,ببخشيد
معذرتوں,دژمان
معذرتوں,متاسف
معذرتوں,معذرت
معذرتوں,ميبخشين
معذرتوں,پشيمان
معذرتوں,پشيمان بودن
معذرتوں,پوزش
معذرتيں,ببخشيد
معذرتيں,دژمان
معذرتيں,متاسف
معذرتيں,معذرت
معذرتيں,ميبخشين
معذرتيں,پشيمان
معذرتيں,پشيمان بودن
معذرتيں,پوزش
معذور,بري
معذور,بسته
معذور,بستگي
معذور,بند
معذور,بيچاره
معذور,جانباز
معذور,جانبازان
معذور,درمانده
معذور,زبون
معذور,ستوه
معذور,سربسته
معذور,غيرت
معذور,فروماندن
معذور,قاصر
معذور,مانيد
معذور,محروم
معذور,مسدود
معذور,مصون
معذور,معاف
معذور,معذور
معذور,معلول
معذور,ناچار
معذور,ناگزير
معذور,پوستكلفت
معذور,چسبيدن
معذور,چسپيدن
معذور,گل
معذور,گير كردن
معذوري,معذوري
معراج,معراج
معرض,معرض
معرفت,معرفت
معركہ,اسپريس
معركہ,اوردگاه
معركہ,رزمگاه
معركہ,عرصه
معركہ,كارزار
معركہ,لرد
معركہ,معركه
معركہ,ميدان
معروف,ادب
معروف,اديب
معروف,ارباب
معروف,اشكارا
معروف,انوشيروان
معروف,باز
معروف,جيزه
معروف,درست
معروف,درست كردن
معروف,روا
معروف,روشن
معروف,زير
معروف,سرشناس
معروف,سكون
معروف,سلبريتي
معروف,شماره
معروف,شهره
معروف,صح
معروف,صحيح
معروف,صدادار
معروف,صريح
معروف,فعال
معروف,قانوني
معروف,مجهول
معروف,مشهود
معروف,مشهور
معروف,مصوت
معروف,معروف
معروف,معروف و مجهول
معروف,معلوم
معروف,نامبردار
معروف,نامدار
معروف,نامور
معروف,نامي
معروف,نمايان
معروف,نمودار
معروف,واضح
معروف,واكه
معروف,پاكيزه
معروف,پديد
معروف,پديدار
معروف,پرتكاپو
معروف,پي
معروف,پيدا
معروف,چست
معروف,گلستان
معروف,گي
معشر,معشر
معشوق,معشوق
معشوقي,معشوقي
معصوم,افتاب مهتاب نديده
معصوم,بيتقصير
معصوم,بيگناه
معصوم,غيرت
معصوم,محفوظ
معصوم,مصون
معصوم,معصوم
معصوم,منزه
معصوم,پاك
معصوم,پاكيزه
معطل,اويزان
معطل,جيد
معطل,شادروان
معظم,ارشد
معظم,از ما بهتران
معظم,اصلي
معظم,اعلي
معظم,انبوه
معظم,برتر
معظم,به
معظم,بهتر
معظم,توده
معظم,توليد ناخالص داخلي
معظم,توليد ناخالص ملي
معظم,جرم
معظم,جسامت
معظم,حجم
معظم,دروغ مصلحت اميز به از راست فتنه انگيز
معظم,رسانههاي گروهي
معظم,رند
معظم,شفا دادن
معظم,صدر
معظم,عمده
معظم,كاخ باكينگهام
معظم,مافوق
معظم,ماهي را هر وقت از اب بگيري تازه است
معظم,من
معظم,مولا
معظم,ها
معظم,پيشوا
معظم,چارك
معظم,گرامي
معظم,گروهي
معلم,استاد
معلم,تم
معلم,تيله
معلم,حدقه
معلم,خواننده
معلم,دانشاموز
معلم,دانشجو
معلم,دستيار
معلم,شاگرد
معلم,طالب
معلم,كارخانگي
معلم,كاك
معلم,لالا
معلم,لل‍ه
معلم,مؤدب
معلم,مدرس
معلم,مربي
معلم,مردم
معلم,مردمك
معلم,ميلاو
معلم,پروردگار
معلم,پيشوا
معلم اول,مؤدب
معلم اول,مدرس
معلم اول,پيشوا
معلمي,اموزش
معلمي,تدريس
معلمي,تعليم
معلمي,تلقين
معلمي,قيمومت
معلمي,مدرسه
معلمي,معرفت
معلمي,معلمي
معلوم,اشكارا
معلوم,صريح
معلوم,عيان
معلوم,فاش
معلوم,مشخص
معلوم,مشهود
معلوم,معلوم
معلوم,نمايان
معلوم,نمودار
معلوم,نه پس
معلوم,واضح
معلوم,پديد
معلوم,پديدار
معلوم,پيدا
معمار,معمار
معمار,مهراز
معمار,مهندس
معماري,اشتغال
معماري,اشغال
معماري,اشغالي
معماري,تاج محل
معماري,تاجمحل
معماري,تصرف
معماري,حدادي
معماري,سازنده
معماري,سواد
معماري,شغل
معماري,كار
معماري,مشغله
معماري,معمار
معماري,معماري
معماري,مهراز
معماري,مهرازي
معماري,مهندس
معماري,نوكري
معمر,بزرگسال
معمر,حاجي
معمر,رسيده
معمر,كته
معمر,مسن
معمر,پير
معمور,معمور
معمول,انعام
معمول,اهنگ كردن
معمول,برقرار
معمول,بلتستان
معمول,تيار
معمول,ثابت
معمول,حاضر
معمول,حال
معمول,خاطرنشان
معمول,خرقه
معمول,خلق
معمول,خوي
معمول,داير
معمول,دستور
معمول,دستور زبان
معمول,رسمي
معمول,سنت
معمول,صحراي غربي
معمول,صدر
معمول,طالبان
معمول,طبق معمول
معمول,عادت
معمول,عادي
معمول,عمل
معمول,عمليات
معمول,قطع
معمول,متغير
معمول,مثبت
معمول,معمول
معمول,معين
معمول,منظم
معمول,نحو
معمول,هنجار
معمول,ورز
معمول,يوسف
معمول,پاييدن
معمول,پيشه
معمولي,بازاري
معمولي,تردد
معمولي,ريجكس
معمولي,ساده
معمولي,طبق معمول
معمولي,عادي
معمولي,فوقالعاده
معمولي,مرتب
معمولي,مصدر جعلي
معمولي,معمول
معمولي,معمولي
معمولي,منظم
معمولي,نماز
معمولي,نماز خواندن
معمولي,يدن
معمولي,پيشه
معني,معني
معني,نيت
معيار,صفت
معيار,ضابطه
معيار,محك
معيار,معيار
معيار,ناموس
معيار,نسبت دادن
معيشت,اقتصاد
معيشت,خواجگي
معين,معين
مغ,مغ
مغان,مغان
مغرب,مغرب
مغربي,مغربي
مغربي ايشيا,اروند
مغربي ايشيا,اسيا
مغربي ايشيا,اسياي غربي
مغربي ايشيا,اشور
مغربي ايشيا,اناتولي
مغربي ايشيا,بابل
مغربي ايشيا,بلوچستان
مغربي ايشيا,بينالنهرين
مغربي ايشيا,تازي
مغربي ايشيا,تركيه
مغربي ايشيا,خليج فارس
مغربي ايشيا,روم
مغربي ايشيا,سند
مغربي ايشيا,سواد
مغربي ايشيا,شام
مغربي ايشيا,طور
مغربي ايشيا,عرب
مغربي ايشيا,عربستان
مغربي ايشيا,عربي
مغربي ايشيا,غزه
مغربي ايشيا,قرامان
مغربي ايشيا,كراچي
مغربي ايشيا,لوكزامبورگ
مغربي ايشيائي,اسيايي
مغربي ايشيائي,برادري
مغربي ايشيائي,توران
مغربي ايشيائي,سبك هندي
مغربي ايشيائي,غزل
مغربي ايشيائي,منتو
مغربي ايشيائي,گو
مغربي بنگال,بنگال
مغربي بنگال,بنگالي
مغربي بنگال,تاليوود
مغربي بنگال,كلكته
مغربي بنگال,هندي
مغربي ديوار,تيغه
مغربي ديوار,ديفال
مغربي ديوار,ديوار
مغربي ديوار,ديوال
مغربي ديوار,پي
مغربي پاكستان,كل
مغربيان,مغربيان
مغز,مغز
مغل,برق انداز
مغل,تاج محل
مغل,تاجمحل
مغل,جهانگير
مغل,خان
مغل,مغل
مغل,گوركاني
مغلوط,خطا رفتن
مغلوط,غلط
مغلوط,غلط بودن
مغلوط,كوه به كوه نميرسد، ادم به ادم ميرسد
مغلوط,چپه
مغلوط,گذشتن
مغليہ سلطنت,برق انداز
مغليہ سلطنت,تاج محل
مغليہ سلطنت,تاجمحل
مغليہ سلطنت,جهانگير
مغليہ سلطنت,خان
مغليہ سلطنت,گوركاني
مغني,مغني
مفاہمت,احاطه
مفاہمت,اشتي
مفاہمت,اصلاح
مفاہمت,تفاهم
مفاہمت,خرد
مفاہمت,درك
مفاہمت,دريافت
مفاہمت,صلح
مفاہمت,عقل
مفاہمت,فهم
مفاہمت,معقول
مفاہمت,هوش
مفت,مفت
مفتوح,انباكسينگ
مفتوح,باب
مفتوح,بار
مفتوح,باژ
مفتوح,برهنه
مفتوح,جندره
مفتوح,در
مفتوح,در به دري
مفتوح,دربند
مفتوح,دروازه
مفتوح,دريچه
مفتوح,دستگير
مفتوح,رژيم
مفتوح,زبر
مفتوح,سرسرا
مفتوح,شيعه
مفتوح,عاري
مفتوح,عريان
مفتوح,لخت
مفتوح,لچ
مفتوح,مر
مفتوح,مسخر
مفتوح,مفتوح
مفتوح,ياعلي
مفتوح,پا
مفتوح,پتي
مفتوح,گرفتار
مفتي,استفتاء
مفتي,فتوا
مفتي,مفتي
مفسر,مفسر
مفلس,مفلس
مفہوم,بافت
مفہوم,برهمن
مفہوم,زمينه
مفہوم,سهل ممتنع
مفہوم,شهركسازي
مفہوم,قرينة
مفہوم,متن
مفہوم,مفهوم
مفہوم,نه رومي روم، نه زنگي زنگ
مفہوم,هندي
مفہوم,يا رومي روم، يا زنگي زنگ
مقابل,مقابل
مقاصد,مقاصد
مقال,مقال
مقالات,مقالات
مقام,مقام
مقامات,مقامات
مقاماتش,مقاماتش
مقامش,مقامش
مقامي,باشنده
مقامي,داربي
مقامي,دهقان
مقامي,روتر
مقامي,ساكن
مقامي,كارت سبز
مقامي,كافر
مقامي,محلي
مقامي,مقامي
مقامي,مقيم
مقامي,گرين كارت
مقبوض,اشغالي
مقبوض,سرگرم
مقبوض,صحراي غربي
مقبوض,كريمه
مقبوض,مشغول
مقبوض,مضبوط
مقبوض,گاليا
مقبوض,گرفتار
مقبوضہ,اشغالي
مقبوضہ,انباكسينگ
مقبوضہ,دارا
مقبوضہ,دستگير
مقبوضہ,سرگرم
مقبوضہ,صحراي غربي
مقبوضہ,كريمه
مقبوضہ,مشغول
مقبوضہ,مضبوط
مقبوضہ,گاليا
مقبوضہ,گرفتار
مقبوضہ كشمير,اراك
مقبوضہ كشمير,اقصي چين
مقبوضہ كشمير,انديشه نيك، گفتار نيك، كردار نيك
مقبوضہ كشمير,بوسني
مقبوضہ كشمير,بوسنيا
مقبوضہ كشمير,تركيببند
مقبوضہ كشمير,ثلاثه
مقبوضہ كشمير,ثلاثه غساله
مقبوضہ كشمير,حيدراباد
مقبوضہ كشمير,را
مقبوضہ كشمير,روم
مقبوضہ كشمير,زنخ
مقبوضہ كشمير,سرزمينهاي فلسطيني
مقبوضہ كشمير,سرينگر
مقبوضہ كشمير,سه
مقبوضہ كشمير,سه كاف
مقبوضہ كشمير,سيصد
مقبوضہ كشمير,غبغب
مقبوضہ كشمير,قبرس شمالي
مقبوضہ كشمير,قشمير
مقبوضہ كشمير,قوس
مقبوضہ كشمير,كريمه
مقبوضہ كشمير,كشمير
مقبوضہ كشمير,لداخ
مقبوضہ كشمير,مرتبه
مقبوضہ كشمير,مرخ
مقبوضہ كشمير,مرغاب
مقبوضہ كشمير,مظفراباد
مقبوضہ كشمير,ممالك محروسه ايران
مقبوضہ كشمير,نان
مقبوضہ كشمير,پخته
مقبوضہ كشمير,چانه
مقبوضہ كشمير,چك
مقبوضہ كشمير,چينود
مقبوضہ كشمير,گرگان
مقبوضہ كشمير,گفته شدن
مقبول,رسم
مقبول,مستجاب
مقبول,مقبول
مقبوليت,رواج
مقتل,ابانبار
مقتل,اجرا
مقتل,اشفتن
مقتل,اعدام
مقتل,افگار
مقتل,اوگار
مقتل,تبديل كردن
مقتل,حجره
مقتل,خليدن
مقتل,درد كردن
مقتل,درد گرفتن
مقتل,دروغ مصلحت اميز به از راست فتنه انگيز
مقتل,دگرگون كردن
مقتل,ستاد
مقتل,سلامت
مقتل,سوزناك
مقتل,شخودن
مقتل,صدمه ديده
مقتل,ضايع
مقتل,ضرر
مقتل,مضرت
مقتل,منت
مقتل,گريچه
مقدر,مقدر
مقدس,ابدال
مقدس,اكثر
مقدس,ان
مقدس,ايزد
مقدس,به نوعي
مقدس,تكلم
مقدس,حاجي
مقدس,زنار
مقدس,قيمتي
مقدس,لحن
مقدس,هم
مقدس,هندوستان
مقدس,واله دائوستا
مقدس,يزدان
مقدس,پارسي بان
مقدس,پنجابي
مقدس,گنگ
مقدس,گويا
مقدسين,ابدال
مقدسين,اورشليم
مقدسين,ايزد
مقدسين,بيتالمقدس
مقدسين,ترسايي
مقدسين,مسيحيت
مقدسين,يزدان
مقدسين اخري ايام,ابدال
مقدسين اخري ايام,ايزد
مقدسين اخري ايام,يزدان
مقدسہ,ابدال
مقدسہ,اكثر
مقدسہ,ان
مقدسہ,ايزد
مقدسہ,حاجي
مقدسہ,زنار
مقدسہ,قيمتي
مقدسہ,هم
مقدسہ,هندوستان
مقدسہ,يزدان
مقدسہ مريم,مريم
مقدسہ مريم,يوسف
مقدم,مقدم
مقدور,مقدور
مقدوني,مقدوني
مقدونيہ,اتن
مقدونيہ,اداره
مقدونيہ,اسكاتلند
مقدونيہ,اسيا
مقدونيہ,اسپارت
مقدونيہ,افريقا
مقدونيہ,اكسيتانيا
مقدونيہ,الباني
مقدونيہ,البانيا
مقدونيہ,المپ
مقدونيہ,انگلستان
مقدونيہ,ايالت
مقدونيہ,ايرلند شمالي
مقدونيہ,ايليريا
مقدونيہ,بخش
مقدونيہ,بلغار
مقدونيہ,بلغارستان
مقدونيہ,بلغاري
مقدونيہ,بلگراد
مقدونيہ,بينالنهرين
مقدونيہ,تسالونيك
مقدونيہ,خوره
مقدونيہ,رم
مقدونيہ,روم
مقدونيہ,رومي
مقدونيہ,شهرستان
مقدونيہ,صربستان
مقدونيہ,صوفيا
مقدونيہ,صوفيه
مقدونيہ,قيصر
مقدونيہ,قيماق
مقدونيہ,كالينينگراد
مقدونيہ,كرت
مقدونيہ,لاهه
مقدونيہ,مقدونيه
مقدونيہ,مقدونيه شمالي
مقدونيہ,نپتون
مقدونيہ,يونان
مقدونيہ,گاليا
مقدونيہ,گلگت-بلتستان
مقرر,مقرر
مقروض,بدهكار
مقروض,بدهي
مقروض,دين
مقروض,قرض
مقصد,مقصد
مقصدي,مقصدي
مقصود,استقبال
مقصود,قرنطينه
مقصود,مراد
مقصود,مطلب
مقصود,مطلوب
مقصود,مقصود
مقصود,نيت
مقصود,يونيكد
مقلد,مقلد
مقناطيس,اهنربا
مقننہ,استفساريه
مقننہ,كانگرس
مقننہ,كنگره
مقننہ,ولايت فقيه
مقيم,باشنده
مقيم,ساكن
مقيم,كارت سبز
مقيم,كافر
مقيم,مقيم
مقيم,گرين كارت
مكا,بلال
مكا,جواري
مكا,خوشه
مكا,درون
مكا,ذرت
مكا,سنبله
مكا,غله
مكا,كود
مكا,ميخچه
مكا,ورز
مكاتب,مكتب
مكار,مكار
مكافات,مكافات
مكالمہ,اجرا
مكالمہ,تكلم
مكالمہ,تلفني
مكالمہ,تهران
مكالمہ,درام
مكالمہ,شگرف
مكالمہ,قشقرق
مكالمہ,كانگرس
مكالمہ,كنفرانس
مكالمہ,كنگره
مكالمہ,مصاحبه
مكالمہ,مكالمه
مكالمہ,ناز و نياز
مكالمہ,نمايشي
مكالمہ,همايش
مكالمہ,همبازي
مكالمہ,گردهمايي
مكالمہ,گفتگو
مكان,مكان
مكاني,مكاني
مكتب,ابتدائي
مكتب,الت
مكتب,دبستان
مكتب,مكتب
مكدر,مكدر
مكر,مكر
مكرر,تمرين كردن
مكرر,مرتب
مكرر,مكرر
مكرر,هي
مكروہ,افتضاح
مكروہ,حال بهم زن
مكروہ,مكروه
مكروہ,منفور
مكروہ,گست
مكسور,رژيم
مكسور,زير
مكسور,شيعه
مكسور,مر
مكسور,ياعلي
مكسور,پا
مكش,مكش
مكمل,اخر شدن
مكمل,استكمال
مكمل,املاي نانوشته غلط ندارد
مكمل,تمام شدن
مكمل,جمعا
مكمل,جهانگير
مكمل,خلاص شدن
مكمل,درست
مكمل,سپري
مكمل,كل
مكمل,كليات
مكمل,مكمل
مكمل,چادر شب
مكن,مكن
مكنون,ارجمند
مكنون,جوهر
مكنون,در
مكنون,دردانه
مكنون,دهنه
مكنون,سربسته
مكنون,عزيز
مكنون,قيمتي
مكنون,كر
مكنون,لؤلؤ
مكنون,مخفي
مكنون,مرواريد
مكنون,مرواريدها
مكنون,مستور
مكنون,مكنون
مكنون,ناپديد
مكنون,نفيس
مكنون,نهان
مكنون,نيان
مكنون,يشم
مكنون,پنهان
مكنون,گرامي
مكنون,گرانبها
مكنون,گوهر
مكهر,اغا
مكهر,ايسكريم
مكهر,بيچاره
مكهر,مثلن
مكڑي,جولا
مكڑي,عنكبوت
مكھر,استمراري
مكھر,به نوعي
مكھر,بيوقفه
مكھر,تكلم
مكھر,سنگين
مكھر,لحن
مكھر,مداوم
مكھر,مذاكره
مكھر,مرتب
مكھر,مستمر
مكھر,نبيگ
مكھر,همواره
مكھر,واله دائوستا
مكھر,وراج
مكھر,ون
مكھر,پارسي بان
مكھر,پيوسته
مكھر,گنگ
مكھر,گويا
مكھن,روغن
مكھن,كره
مكھن,مسكه
مكھنوں,روغن
مكھنوں,كره
مكھنوں,مسكه
مكھڑا,ارايه
مكھڑا,افتتاحيه
مكھڑا,اهنگين
مكھڑا,دريچه
مكھڑا,دهان
مكھڑا,ديم
مكھڑا,رخسار
مكھڑا,شروع
مكھڑا,لقا
مكھڑا,مرحله
مكھڑا,چهره
مكھڑا,گشادي
مكھڑا,گشايش
مكہ,اباد
مكہ,اقامه
مكہ,اقدس
مكہ,اقلا
مكہ,ال
مكہ,امكانپذير
مكہ,برادري
مكہ,تراويح
مكہ,تكيه
مكہ,جده
مكہ,حاج
مكہ,حاجي
مكہ,حج
مكہ,حجاز
مكہ,خانه خدا
مكہ,دركار
مكہ,رياض
مكہ,سكاستان
مكہ,شدن
مكہ,شريف
مكہ,شقرا
مكہ,شنبليله
مكہ,عربستان
مكہ,عربستان سعودي
مكہ,عمر
مكہ,غسل
مكہ,قبلتين
مكہ,قران
مكہ,كربلا
مكہ,كعبه
مكہ,كمترين
مكہ,كمين
مكہ,كمينه
مكہ,ماه
مكہ,محمد
مكہ,مدينه
مكہ,مقتضا
مكہ,مقدور
مكہ,مكه
مكہ,ممكن
مكہ,ميسر
مكہ,ميقات
مكہ,نجد
مكہ,هرچه
مكہ,وضو
مكہ,چينود
مل,مل
ملا,ملا
ملائك,ملائك
ملائم,خردسال
ملائم,لطيف
ملائم,مشفق
ملائم,نازك
ملائيشيا,سنگاپور
ملائيشيا,كوالالامپور
ملائيشيا,مالزي
ملائيشيا,ماليزيا
ملاح,خلاشي
ملاح,خلاصي
ملاح,ملاح
ملاح,ملوان
ملاحظہ,بازبيني
ملاحظہ,بازديد
ملاحظہ,بازرسي
ملاحظہ,تامل
ملاحظہ,حيثيت
ملاحظہ,دوره
ملاحظہ,راستاد
ملاحظہ,مد نظر
ملاحظہ,مراعات
ملاحظہ,مرور
ملاحظہ,معاينه
ملاحظہ,منظور
ملاحظہ,نظر
ملاحظہ,وقع
ملاحظہ,پاس
ملازمت,ارباب
ملازمت,استخدام
ملازمت,اشتغال
ملازمت,انتظار
ملازمت,بار
ملازمت,بازاريابي
ملازمت,باژ
ملازمت,تمكين
ملازمت,خدمت
ملازمت,ديه
ملازمت,رئيس
ملازمت,سرويس
ملازمت,سفارش
ملازمت,سفارش دادن
ملازمت,سفارشي
ملازمت,شغل
ملازمت,عده
ملازمت,عهده
ملازمت,غافل
ملازمت,فرض
ملازمت,قانون گو
ملازمت,كارفرما
ملازمت,كشك
ملازمت,كوچ
ملازمت,مدير
ملازمت,مشغله
ملازمت,منتظر
ملازمت,منتظر ... بودن
ملازمت,نوكري
ملازمت,هزينه
ملازمت,وظيفه
ملازمت,وظيفهام بود
ملازمت,پيشوا
ملازمت,چشم براه
ملاقات,برخورد
ملاقات,برخوردن
ملاقات,تقابل
ملاقات,دچار
ملاقات,لقا
ملاقات,ملاقات
ملاقات,گير كردن
ملامت,ايراد
ملامت,كون دادن
ملامت,مخالفت
ملامت,ملامت
ملانا,استقبال
ملانا,اوردن
ملانا,بالا اوردن
ملانا,برخوردن
ملانا,به زبان اوردن
ملانا,به هم رسيدن
ملانا,به هم زدن
ملانا,به وجود اوردن
ملانا,تا
ملانا,تبرك
ملانا,حريف
ملانا,خوردن
ملانا,خوشبخت
ملانا,خوشوقتم
ملانا,داربي
ملانا,ديدار كردن
ملانا,رويانيدن
ملانا,سختن
ملانا,سر زدن
ملانا,سرشتن
ملانا,شماره گرفتن
ملانا,شيربها
ملانا,قرار
ملانا,قرين
ملانا,كبريت
ملانا,ماسالا
ملانا,متحد كردن
ملانا,مخلوط كردن
ملانا,مسابقه
ملانا,مطرح كردن
ملانا,مقايسه كردن
ملانا,ملاقات كردن
ملانا,مچ
ملانا,همتا
ملانا,پايه
ملانا,پيوستن
ملانا,چرا
ملانا,گرد كردن
ملانا,گير كردن
ملاي,ملاي
ملبوس,بدحجاب
ملبوس,جامه
ملبوس,درع
ملبوس,ساري
ملبوس,سياهپوش
ملبوس,قبا
ملبوس,قميص
ملبوس,كالا
ملبوس,كندوري
ملبوس,لباس
ملبوس,مانتو
ملبوس,مشته
ملبوس,ملبوس
ملبوس,ميشين
ملبوس,مچ
ملبوس,پوشاندن
ملبوس,پيراهن
ملبوس,گليم
ملت,ملت
ملتان,مولتان
ملتاني,مولتان
ملتي,ملتي
ملتيم,ملتيم
ملخ,ملخ
ملزم,باردار
ملزم,كميسيون
ملزم,متهم
ملزم,محكوم
ملك,افق
ملك,بوم
ملك,حوزه
ملك,شهر
ملك,قلمرو
ملك,كشور
ملك,ملك
ملك,مملكت
ملك,گرودمان
ملكائيں,ملكه
ملكي,بومي
ملكي,توليد ناخالص ملي
ملكي,جنگ داخلي
ملكي,داربي
ملكي,دهقان
ملكي,دهلي
ملكي,روتر
ملكي,سرود ملي
ملكي,كنكور
ملكي,مؤدب
ملكي,محلي
ملكي,مدني
ملكي,ملي
ملكي,هندو
ملكي,هندي
ملكي,وطني
ملكيت,تصرف
ملكيت,تعلق
ملكيت,تملك
ملكيت,خسره
ملكيت,دار
ملكيت,صحراي غربي
ملكيت,قبض
ملكيت,مالكانه
ملكيت,متاع
ملل,ملل
ململ,شار
ململ,ماشاو
ملن,الحاق
ملن,الو
ملن,الوده
ملن,برخورد
ملن,برخوردن
ملن,تار
ملن,تقابل
ملن,تماس
ملن,خبيث
ملن,دروند
ملن,دشت
ملن,ديجور
ملن,دچار
ملن,ريمن
ملن,زبون
ملن,زنگ زدن
ملن,زنگي
ملن,ششت
ملن,عاصي
ملن,فاسق
ملن,قبيح
ملن,كثيف
ملن,كند
ملن,لقا
ملن,مبهم
ملن,مخاطب
ملن,مغشوش
ملن,ملاقات
ملن,نابكار
ملن,ناك
ملن,ناپاز
ملن,نجس
ملن,هندو
ملن,وصل
ملن,پارگين
ملن,پليد
ملن,پوده
ملن,پيس
ملن,چتل
ملن,چرك
ملن,چركين
ملن,گير كردن
ملنا,ادلي
ملنا,استقبال
ملنا,اميختن
ملنا,برخورد
ملنا,برخوردن
ملنا,به نظر امدن
ملنا,به هم رسيدن
ملنا,به هم زدن
ملنا,تا
ملنا,ترنج
ملنا,تقابل
ملنا,جفت
ملنا,حريف
ملنا,خفيف
ملنا,خوردن
ملنا,خوشبخت
ملنا,خوشوقتم
ملنا,داربي
ملنا,ديدار كردن
ملنا,دچار
ملنا,سر زدن
ملنا,سرشتن
ملنا,سهستن
ملنا,سپوختن
ملنا,فرنچ پرس
ملنا,فسنجان
ملنا,فشار
ملنا,فشردن
ملنا,قدسي
ملنا,قرار
ملنا,قرمز
ملنا,قرين
ملنا,قيد
ملنا,كبريت
ملنا,لقا
ملنا,ماسالا
ملنا,ماساژ
ملنا,مالوندن
ملنا,ماليدن
ملنا,متصل
ملنا,مخلوط كردن
ملنا,مسابقه
ملنا,مطبوعات
ملنا,ملاقات
ملنا,ملاقات كردن
ملنا,نمودن
ملنا,همتا
ملنا,يافت شدن
ملنا,يان
ملنا,يكسان
ملنا,پرس
ملنا,چاولي
ملنا,گير كردن
ملنگ,بيپروا
ملنگ,جدا
ملنگ,جوگي
ملنگ,خراب
ملنگ,خراو
ملنگ,دوستكان
ملنگ,دوستگان
ملنگ,سرخوش
ملنگ,شنگول
ملنگ,مدهوش
ملنگ,مست
ملنگ,نشئه
ملنگ,پير مغان
ملوث,استفساريه
ملوث,الوده
ملوث,سينگل
ملوث,مغشوش
ملوث,ناك
ملوث,گرفتار
ملوك,ملوك
ملوكيت,ملوكيت
ملي,اسياي غربي
ملي,بلوچستان
ملي,تازي
ملي,توليد ناخالص ملي
ملي,خليج فارس
ملي,دهلي
ملي,سرود ملي
ملي,سمن
ملي,سند
ملي,عرب
ملي,عربستان
ملي,عربي
ملي,كراچي
ملي,كنكور
ملي,ملي
ملي,وطني
ملي,ياس
ملي,ياسمن
ملي,ياسمين
ملياميٹ,از بين رفتن
ملياميٹ,اواره
ملياميٹ,معدوم
ملياميٹ,نيست
ملياميٹ,نيست و نابود
ملياميٹ,هلاك
مليريا,مالاريا
ممات,ممات
مماني,خاله
مماني,دايزه
مماني,دايي
مماني,شوهرخاله
مماني,عمه
ممبئي,اورنگاباد
ممبئي,باليوود
ممبئي,بمبئي
ممبئي,دهلي
ممبئي,ممبي
ممباسہ,افريقا
ممباسہ,ساحلي
ممباسہ,كنيا
ممباسہ,مغرب
ممتاز,افضل
ممتاز,اهورامزدا
ممتاز,برجسته
ممتاز,خورشيد
ممتاز,سرافراز
ممتاز,سمي
ممتاز,صاحب
ممتاز,عالي
ممتاز,متمايز
ممتاز,معظم
ممتاز,معلوم
ممتاز,ممتاز
ممتاز,والا
ممكن,امكانپذير
ممكن,شدن
ممكن,ماه
ممكن,مقدور
ممكن,مكه
ممكن,ممكن
ممكن,ميسر
ممكن,هرچه
ممكنات,ممكنات
ممكناتش,ممكناتش
مملكت,ابهت
مملكت,اروند
مملكت,تسلط
مملكت,حكمراني
مملكت,دولت
مملكت,سلطه
مملكت,شكوه
مملكت,عز
مملكت,قلمرو
مملكت,كرم
مملكت,ملك
مملكت,ملكوت
مملكت,مملكت
مملكت,وقار
مملكت,گيرودار
ممنوع,حرام
ممنوع,ممنوع
ممنوع,منع
ممنون,ممنون
ممي,موميا
ممي,موميايي
من,انبوه
من,توده
من,جرم
من,حجم
من,رسانههاي گروهي
من,من
من,ها
من,چارك
من,گروهي
من پسند,خاصگي
من پسند,يوسف
من؟,من؟
منا,اليجو
منا,جان
منا,جانان
منا,جاني
منا,جگر
منا,عزيز
منا,عزيزم
منا,فري
منا,محبوب
منا,واي
منا,گرامي
منا,گوگولي مگولي
منات,منات
مناجات,مناجات
مناجاتي,مناجاتي
مناسب,اقتضا كردن
مناسب,اوكي
مناسب,باب
مناسب,تنگ
مناسب,جور
مناسب,درخور
مناسب,فراخور
مناسب,متناسب
مناسب,مكافات
مناسب,مناسب
مناسب,وارد
مناسبت,ائتلاف
مناسبت,ارتباط
مناسبت,اساني
مناسبت,تطابق
مناسبت,رابطه
مناسبت,سازگاري
مناسبت,سرگذشت
مناسبت,سنجش
مناسبت,طبق
مناسبت,قريب
مناسبت,قرينة
مناسبت,قهر كردن
مناسبت,مطابق
مناسبت,مقابله
مناسبت,مقايسه
مناسبت,مناسبت
مناسبت,نسبت
مناسبت,وفق
مناظر,مناظر
مناعت,ثبات
مناعت,معافي
مناعت,پايندگي
منافقانہ,تليسه
منافقانہ,جمع الجمع
منافقانہ,جمعالجمع
منافقانہ,دبل
منافقانہ,دورو
منافقانہ,رياكار
منافقانہ,رياكاري
منافقانہ,غبغب
منال,منال
منام,منام
منانا,جشن گرفتن
منانا,ظفر
منانا,غلبه
منبر,منبر
منت,منت
منتخب,مجتبي
منتخب,گلچين
منتر,ادا
منتر,افسون
منتر,جادو
منتر,دل كسي را زدن
منتر,طريق
منتر,طلسم
منتر,كوارك مفتون
منتر,مردمگياه
منتر,ناو
منتر,نمك
منتر,ورد
منتر,گذر
منتر,گذرگاه
منتظر,منتظر
منتظم,سركار
منتظم,سرپرست
منتظم,متولي
منتظم,مدير
منتظم,ميراب
منتظم,ناظر
منتظمي كرنا,اداره كردن
منتظمي كرنا,راندن
منتظمي كرنا,قدرت متوسط
منتظمي كرنا,متعادل
منتظمي كرنا,مديريت كردن
منتظمي كرنا,مناسب
منتظمي كرنا,گرداندن
منجمد,افسرده
منجمد,جمعالجمع
منجمد,منجمد
منجمد,يخزده
منحصر,منحصر
منحوس,بدبخت
منحوس,خاك بر سر
منحوس,شؤم
منحوس,شقي
منحوس,شوم
منحوس,كمبخت
منحوس,مادرمرده
منحوس,مسكين
منحوس,وارونه
منحوس,ورخچ
مند,خاصه
مند,ذات
مند,مخصوص
مند,مند
مند,هزارگي
مند,وار
مند,واره
مند,وصف
مند,ويژگي
مندان,مندان
مندر,اباد
مندر,اتشكده
مندر,اذرابادگان
مندر,بيت
مندر,عبادتخانه
مندر,كعبه
مندر,كنشت
مندر,معبد
مندر,مهراوه
مندر,هيكل
مندروں,اباد
مندروں,اتشكده
مندروں,اذرابادگان
مندروں,بيت
مندروں,عبادتخانه
مندروں,كعبه
مندروں,كنشت
مندروں,معبد
مندروں,مهراوه
مندروں,هيكل
مندي,مندي
منزل,اديسه
منزل,اشكوب
منزل,بستر
منزل,بنه
منزل,خرمن
منزل,رحلت
منزل,روش
منزل,روي
منزل,زيارت
منزل,سفر
منزل,سفربر
منزل,طبقه
منزل,كربلا
منزل,كف
منزل,ماوا
منزل,مسافرت
منزل,مقر
منزل,مقصد
منزل,منزل
منزل,موكت
منزل,همكف
منزل,پيست
منزلش,منزلش
منزلي,منزلي
منسلك,اد
منسلك,ان
منسلك,جان
منسلك,جفت
منسلك,خان
منسلك,سرابستان
منسلك,شادروان
منسلك,قرين
منسلك,كريمه
منسلك,متصل
منسلك,متعلق
منسلك,وابسته
منسوخ,باطل
منشور,ائين
منشور,اعلاميه
منشور,اواره
منشور,بيانيه
منشور,دانشنامه
منشور,دستور
منشور,ديپلم
منشور,ضابطه
منشور,قانون اساسي
منشور,كود
منشور,متفرق
منشور,منتشر
منشور,منشور
منشور,ناموس
منشور,ندا
منشور,پخش
منشور,پراكنده
منشور,پريش
منشور,پريشان
منشور,پيد
منشي,الكل
منشي,بار
منشي,بنگ
منشي,بير
منشي,حسابدار
منشي,دارو
منشي,دبير
منشي,دوا
منشي,ساقي
منشي,شات
منشي,كاتب
منشي,كراك
منشي,مخدر
منشي,مخموري
منشي,معتاد
منشي,منشي
منشي,ميرزا
منشي,پيك
منشيات,داروخانه
منشيات,كشيدن
منشيات,معتاد
منشيات,نشئه
منصب,منصب
منصوبہ,افكندن
منصوبہ,دسيسه
منصوبہ,صدد
منصوبہ,طراحي كردن
منصوبہ,طرح
منصوبہ,كام
منصوبہ,كوم
منصوبہ,مدل
منصوبہ,نقش
منصوبہ,پروژه
منصوبہ,پلان
منصور,منصور
منطق,منطق
منظر,افاق
منظر,افق
منظر,افق رويداد
منظر,تم
منظر,تيله
منظر,حدقه
منظر,دانشاموز
منظر,دستيار
منظر,شاگرد
منظر,صحنه
منظر,قشقرق
منظر,كاك
منظر,مردم
منظر,مردمك
منظر,منظر
منظر,ميلاو
منظر,نمايش
منظر,نمايشگاه
منظم,مرتب
منظم,منسجم
منظور,ارايه
منظور,بينا
منظور,خرمك
منظور,دوربين
منظور,رسم
منظور,سين
منظور,شبح
منظور,عدسي
منظور,عرب پرست
منظور,مراد
منظور,مستجاب
منظور,مسلم
منظور,مصوب
منظور,مطلب
منظور,مطلوب
منظور,مقبول
منظور,منظره
منظور,منظور
منع,حرام
منع,ممنوع
منع,منع
منعم,منعم
منفعت,منفعت
منفعل,منفعل
منقار,منقار
منقبت,اكمال
منقبت,انجام
منقبت,اورند
منقبت,تحقق
منقبت,جلوه
منقبت,خوره
منقبت,راي
منقبت,ستايش
منقبت,شهرت
منقبت,شوكت
منقبت,عز
منقبت,فخر
منقبت,قضا
منقطع,اخر شدن
منقطع,استكمال
منقطع,تمام شدن
منقطع,خلاص شدن
منقطع,خوارزمي
منقطع,سپري
منقطع,قطعي
منقطع,متوقف
منقطع,متوقف شدن
منقطع,مرده
منقطع,مستعمره
منقطع,معطل
منقطع,منقرض
منقطع,موقوف
منقطع,نشستن
منكر,انكار
منكر,تكذيب
منكر,دريغ
منكر,منكر
منكر,نفي
منكران,منكران
منم,منم
منور,منور
مني,اب كير
مني,اب مني
مني,تخم
مني,جواهر
مني,جوهر
مني,جيغه
مني,دانه
مني,درج
مني,مني
مني,گشناب
مني,گوهر
منير,منير
منٹ,خاش
منٹ,دقه
منٹ,دقيق
منٹ,دقيقه
منٹ,ريز
منڈا,ارسي
منڈا,برج
منڈا,بوت
منڈا,جامع
منڈا,دستيار
منڈا,دلاك
منڈا,زبانه
منڈا,شادروان
منڈا,شاگرد
منڈا,شبستان
منڈا,طاس
منڈا,قله
منڈا,كفش
منڈا,كل
منڈا,كنگره
منڈا,كچل
منڈا,مؤذن
منڈا,متوضا
منڈا,مجاور
منڈا,مجد
منڈا,مريد
منڈا,مسجد
منڈا,مصلا
منڈا,مچد
منڈا,نارون
منڈا,نوكر
منڈا,نوكري
منڈا,واكس
منڈا,ولايت فقيه
منڈا,پاچيله
منڈا,چايدان
منڈا,چپت
منڈا,گلپر
منڈك,بقه
منڈك,بك
منڈك,غوك
منڈك,قربك
منڈك,قورباغه
منڈك,وك
منگل,اباداني
منگل,ابادي
منگل,بخت
منگل,بختيار
منگل,خجسته
منگل,خوش به حال
منگل,خوشبخت
منگل,خوشبختي
منگل,خوشي
منگل,دولت
منگل,رفاه
منگل,سرور
منگل,سعادت
منگل,سعيد
منگل,سهشنبه
منگل,شادي
منگل,فرارون
منگل,فرخ
منگل,فرخنده
منگل,فيروز
منگل,كاميابي
منگل,مه
منگل,مهر
منگل,موفقيت
منگل,نشاط
منگني,حلقه نامزدي
منگني,درگيري
منگني,نامزدي
منگوانا,انگ
منگوانا,بارگنج
منگوانا,بضاعت
منگوانا,جنس
منگوانا,رخت
منگوانا,زمينه
منگوانا,قاچاق
منگوانا,قرنطينه
منگوانا,كالا
منگوانا,كانتينر
منگيتر,نامزد
منگيتر,نومزاد
منہ,حال
منہ,حواس
منہ,حوصله
منہ,خلق
منہ,دماغ
منہ,سرحال
منہ,مصدر
منہ,مود
منہ,گش
منہدم,خراب
منہدم,منهدم
مهمان داري,اقا
مهمان داري,ايالات متحده امريكا
مهمان داري,خد
مهمان داري,خوانواده
مهمان داري,صبا
مهمان داري,غر
مهمان داري,ماركت
مهمان داري,چوقور
مو,مو
مواصلات,اينترنت ماهوارهاي
مواصلات,ديش
مواصلات,قمر
مواصلات,ماهواره
مواصلات,مخابرات
موافق,موافق
موبائل,الو
موبائل,تكزنگ زدن
موبائل,تلفن
موبائل,تلفن همراه
موبائل,تيلفون
موبائل,زنگ زدن
موبائل,سيار
موبائل,شماره
موبائل,شماره تلفن
موبائل,موبايل
موبائل,همراه
موبائل,گوشي
موبائل,گوشي تلفن
موت,ادرار
موت,بول
موت,شاش
موت,شاشيدن
موت,مرگ و مير
موت,موت
موت,ميختن
موت,ميز
موت,پيشاب
موتر,ادرار
موتر,بول
موتر,شاش
موتر,ميز
موتر,پيشاب
موترمارگ,ميزراه
موتي,جوهر
موتي,در
موتي,دردانه
موتي,لؤلؤ
موتي,مرواريد
موتي,مرواريدها
موتي,موتي
موتي,گوهر
موتيو,جوهر
موتيو,در
موتيو,دردانه
موتيو,لؤلؤ
موتيو,مرواريد
موتيو,مرواريدها
موتيو,گوهر
موتيوں,جوهر
موتيوں,در
موتيوں,دردانه
موتيوں,لؤلؤ
موتيوں,مرواريد
موتيوں,مرواريدها
موتيوں,گوهر
موج,احساس
موج,به هم برامدن
موج,بيخودي
موج,جذبه
موج,حالت
موج,دل
موج,رشك
موج,عشق
موج,غيرت
موج,فربه
موج,قرص X
موج,كباب
موج,لهر
موج,موج
موج,نر
موج,ها
موج,هوس
موج,هيجان
موج,وير
موج,گين
موجزن,موجزن
موجش,موجش
موجود,ارباب
موجود,ارتباط
موجود,اماده
موجود,انشاءالله
موجود,ايورم
موجود,برخوردار
موجود,تان
موجود,تصرف
موجود,تهيه كردن
موجود,تولدت
موجود,تيار
موجود,ج.ا
موجود,جاري
موجود,جان سالم به در بردن
موجود,جاندار
موجود,جريان
موجود,حاضر
موجود,حالي
موجود,خود
موجود,دارا
موجود,دارنده
موجود,دلكو
موجود,رابطه
موجود,رايج
موجود,رايگان
موجود,رضا مند
موجود,زنده
موجود,زيواندن
موجود,سرگذشت
موجود,سفربر
موجود,سيلاب
موجود,شان
موجود,عزيزم
موجود,فعلي
موجود,قريب
موجود,قهر كردن
موجود,كنوني
موجود,مال
موجود,مان
موجود,مناسبت
موجود,موجود
موجود,ميسر
موجود,نسبت
موجود,پا
موجود,پايه
موجود,پختن
موجود,پوتين
موجود,پولدار
موجود,ژني
موجودات,موجودات
موجودگي,ابهت
موجودگي,تشريف
موجودگي,حضرت
موجودگي,حضور
موجودگي,غريبي كردن
موجودگي,وجود
موجودہ,ج.ا
موجودہ,جاري
موجودہ,جريان
موجودہ,حالي
موجودہ,دلكو
موجودہ,رايج
موجودہ,سيلاب
موجودہ,فعلي
موجودہ,كنوني
موجودہ,پوتين
موجي,موجي
مور,تخت طاووس
مور,طاووس
مور,مور
مور,هر كه طاووس خواهد جور هندوستان كشد
موران,موران
مورت,بت
مورت,تنديس
مورت,شباهت
مورت,شمايل
مورت,صنم
مورت,صورت
مورت,فرخار
مورت,فغ
مورت,مثال
مورت,مجسمه
مورت,هيكل
مورت,پيكر
مورتي,بت
مورتي,تنديس
مورتي,شمايل
مورتي,صنم
مورتي,فرخار
مورتي,فغ
مورتي,مجسمه
مورتي,هيكل
مورتي پوجا,شرك
موركھ,ابله
موركھ,احمق
موركھ,انبوه
موركھ,بچگانه
موركھ,تاتوره
موركھ,تاتول
موركھ,تكاپو
موركھ,جاهل
موركھ,خر
موركھ,خرفت
موركھ,خنگ
موركھ,دنگل
موركھ,سوراخ كون
موركھ,سينه
موركھ,كاليو
موركھ,كانا
موركھ,كصخل
موركھ,كودن
موركھ,مزخرف
موركھ,مشت
موركھ,ممه
موركھ,هالو
موركھ,ياوه
موركھ,چلمن
موركھ,چگال
موركھ,گاگول
موركھ,گول
موركھ,گول زدن
موركھ,گيج
موري,موري
مورچہ,استحكامات
مورچہ,حصار
مورچہ,خندق
مورچہ,سنگر
مورچہ,سياست
مورچہ,شادروان
مورچہ,محفل
مورچہ,مغاك
مورچہ,مورچه
مورچہ,نغم
موز,كيله
موز,موز
موزمبيق,موزامبيك
موزون,موزون
موسم,اب و هوا
موسم,اب و هوايي
موسم,ابوهوا
موسم,اقليم
موسم,تغيير اقليم
موسم,متغير
موسم,معتدل
موسم,ملايم
موسم,موسم
موسم,هوا
موسمبي,ابليمو
موسمبي,بلنجمشك
موسمبي,ليمو
موسوعہ,دانشنامه
موسوعہ,فرهنگنامه
موسوم,ارتباط
موسوم,بدخشان
موسوم,بلخ
موسوم,بنام
موسوم,جمهوري دموكراتيك كنگو
موسوم,رابطه
موسوم,سرگذشت
موسوم,قريب
موسوم,قهر كردن
موسوم,مناسبت
موسوم,موسوم
موسوم,نسبت
موسوم,چهارباغ
موسي,موسي
موسيقار,الزاما
موسيقار,بازي
موسيقار,ترك
موسيقار,تعريف كردن
موسيقار,توصيف كردن
موسيقار,حتما
موسيقار,خنياگر
موسيقار,خواننده
موسيقار,خواننده اپرا
موسيقار,شناختن
موسيقار,ققنوس
موسيقار,لابد
موسيقار,لاجرم
موسيقار,لزوما
موسيقار,لوله
موسيقار,مهندس
موسيقار,موزيسين
موسيقار,موسيقار
موسيقار,موسيقي دان
موسيقار,موسيقيدان
موسيقار,موسيقيدانان
موسيقار,موسيقيدانها
موسيقار,ناو
موسيقار,ناچارا
موسيقار,نوازنده
موسيقار,هراينه
موسيقار,هنرمند
موسيقار,وافور
موسيقار,چبوق
موسيقي,موسيقي
موضع,اتفاق
موضع,اراك
موضع,اينرسي
موضع,بختك
موضع,بسته
موضع,بكنبكن
موضع,تاور
موضع,دفعه
موضع,رسم كردن
موضع,فتنه
موضع,قرار
موضع,كيفيت
موضع,موقعيت
موضع,واقعه
موضع,وض
موضع,وضع
موضع,وضعيت
موضع,يله كن
موضع,پارسل
موضع,پاكت
موضوع,ايرلند شمالي
موضوع,باره
موضوع,بحث
موضوع,بخارا
موضوع,برقرار
موضوع,برنشستن
موضوع,تلميح
موضوع,جابجا
موضوع,حاشيه رفتن
موضوع,خوانچه
موضوع,در
موضوع,را
موضوع,روپوش
موضوع,زبر
موضوع,زير
موضوع,سامان
موضوع,صادر كردن
موضوع,طالبان
موضوع,فلاته
موضوع,قرار گرفتن
موضوع,قضيه
موضوع,كراچي
موضوع,كه
موضوع,مبحث
موضوع,مثبت
موضوع,مسئله
موضوع,مصنوع
موضوع,مصنوعي
موضوع,مطرح
موضوع,مطرح كردن
موضوع,مطلب
موضوع,مناظره
موضوع,مهر
موضوع,موضوع
موضوع,ميگم
موضوع,واقع
موضوع,پايه
موضوع,پاييدن
موضوع,گپ
موقع,اتفاقا
موقع,احيانا
موقع,از قضا
موقع,برخوردن
موقع,تصادفي
موقع,شانس
موقع,فرصت
موقع,قضا
موقع,مجال
موقعوں,فرصت
موقعوں,مجال
موقعے,فرصت
موقعے,مجال
موقوف,موقوف
مول,ارزش
مول,ارزيدن
مول,اساسي
مول,اصل
مول,اصلي
مول,اصيل
مول,اندركنش بنيادي
مول,بنواژه
مول,بنيادي
مول,بومي
مول,جنس
مول,خريد
مول,خريد كردن
مول,خريدن
مول,دستاويز
مول,ديدني
مول,ذات
مول,رونوشت
مول,رونويسي
مول,سلول
مول,سنگ
مول,سواد
مول,فارسيات
مول,قابل ندارد
مول,قدر
مول,كپي
مول,كپي كردن
مول,نابكار
مول,نسخه
مول,نفاست
مول,هندو
مول,هندي
مول,واپس
مول,پچين
مولا,مولا
مولاست,مولاست
مولاي,مولاي
مولود,بخت
مولود,به دنيا امدن
مولود,تولد
مولود,تولدت مبارك
مولود,دوقلو
مولود,زادروز
مولود,متولد
مولود,متولد شدن
مولود,مولود
مولود,ميلاد
مولود,پا به جهان گذاشتن
مولود,پا به عرصه وجود گذاشتن
مولوي,مولوي
مومن,اصلي
مومن,اهل ايمان
مومن,ايماندار
مومن,تصديق
مومن,راست
مومن,رخت
مومن,صادق
مومن,صدق كردن
مومن,مؤمن
مومن,معتبر
مومن,مومن
مومن,پارسا
مومنين,اهل ايمان
مومنين,ايماندار
مومنين,مؤمن
مومنہ,اهل ايمان
مومنہ,ايماندار
مومنہ,مؤمن
موميائي,موميائي
مونٹينيگرو,اسلووني
مونٹينيگرو,ايليريا
مونٹينيگرو,بوسني و هرزگوين
مونٹينيگرو,بوسنيا و هرزگوينا
مونٹينيگرو,صربستان
مونٹينيگرو,كرواسي
مونٹينيگرو,كرواسيا
مونٹينيگرو,مقدونيه شمالي
مونٹينيگرو,مونتهنگرو
مونچھ,بروت
مونچھ,سبيل
مونچھ,مويلب
مونگ پھلي,بادام زميني
مونگ پھلي,كازو
موي,موي
مويشي,رم
مويشي,رمه
مويشي,گله
موٹا,انبوه
موٹا,تكاپو
موٹا,جنگره
موٹا,خشن
موٹا,درشت
موٹا,زمخت
موٹا,قطور
موٹا,مشت
موٹا,نكره
موٹا,يغر
موٹا,پلاس
موٹا,چگال
موٹا,گليم
موٹر سائيكل,موتور
موٹر سائيكل,موتورسيكلت
مي,مي
ميا,ميا
ميان,ميان
ميانمار,ميانمار
ميايد,ميايد
ميايم,ميايم
مياں,اغا
مياں,جناب
مياں,خان
مياں,خواجه
مياں,صاحب
ميبايدش,ميبايدش
ميبرد,ميبرد
ميت,تشييع
ميت,جنازه
ميت,دخمه
ميت,سگديد
ميت,شادروان
ميت,فاتحه
ميت,كتلت
ميت,مرحوم
ميت,مرده
ميت,ميت
ميتوان,ميتوان
ميتھن,جماع
ميتھن,حرمت
ميتھن,سكند
ميجوئي,ميجوئي
ميخانه,ميخانه
ميخانہ,زيرزمين
ميخانہ,ميخانه
ميخانہ,ميكده
ميخانہ,نمكدان
ميخانہ,پير مغان
ميخورد,ميخورد
ميدان,اوردگاه
ميدان,كابل
ميدان,لرد
ميدان,معركه
ميدان,مغرب
ميدان,ميدان
ميداند,ميداند
ميدانم,ميدانم
ميداني,ميداني
مير,مير
ميرا,ايورم
ميرا,تان
ميرا,تولدت
ميرا,خود
ميرا,شان
ميرا,عزيزم
ميرا,كان
ميرا,مال
ميرا,مان
ميرا,معدن
ميرا,ميرا
ميرا,مين
ميرا,نغم
ميرا,پا
ميراث,ارث
ميراث,ميراث
ميرد,ميرد
ميرزا,ميرزا
ميرسد,ميرسد
ميرم,ميرم
ميرو,ميرو
ميرود,ميرود
ميروي,ميروي
ميري,ميري
ميرپور,جماعت
ميرپور,دهيار
ميرپور,ديوان
ميرپور,شورا
ميرپور,شوراي امنيت
ميرپور,كنگاش
ميرپور,مجمع
ميرپور,مظفراباد
ميز,جدول
ميز,جدول تناوبي
ميز,خوان
ميز,خوانچه
ميز,سيني
ميز,شب يلدا
ميز,فهرست
ميز,كندوري
ميز,ميز
ميز,پذيرش
ميز,پيشتخته
ميزان,ترازو
ميزان,تعادل
ميزان,درجه
ميزان,سلامت
ميزان,ميزان
ميزبان,بيگلربيگي
ميزبان,حق نمك
ميزبان,مجري
ميزبان,ميزبان
ميزند,ميزند
ميسر,ميسر
ميسوزد,ميسوزد
ميش,بره
ميش,بيده
ميش,حمل
ميش,دام
ميش,كل
ميش,ميش
ميش,ميشين
ميش,نر
ميش,پاچه
ميش,گاش
ميش,گوسفند
ميشي,ميشي
ميغ,ابر
ميغ,ابرك
ميغ,ابهام
ميغ,بوراب
ميغ,طوفان
ميغ,غبار
ميغ,كولاك
ميغ,مزنه
ميغ,مه
ميغ,ميغ
ميغ,نزم
ميفت,ميفت
ميكائيل,سروش
ميكائيل,صور
ميكائيل,مايكل
ميكائيل,ميكائيل
ميكسيكو,امريكاي مركزي
ميكسيكو,مكزيك
ميكسيكو,مكسيكو
ميكش,ميكش
ميكند,ميكند
ميل,ارش
ميل,اندازه
ميل,تقدير
ميل,درجه
ميل,رطل
ميل,سنجش
ميل,فوت
ميل,كيله
ميل,مايل
ميل,ميل
ميل,چارك
ميلاد,انداختن
ميلاد,تولد
ميلاد,تولدت مبارك
ميلاد,زادروز
ميلاد,زادن
ميلاد,زايمان زودرس
ميلاد,زايمان طبيعي
ميلاد,زايمان كردن
ميلاد,زاييدن
ميلاد,زه
ميلاد,شناسنامه
ميلاد,مولود
ميلاد,ميلاد
ميمن,مناجات
ميمن,گجراتي
مينا,مينا
مينائي,مينائي
ميناش,ميناش
ميناي,ميناي
مينديش,مينديش
مينو,زمرد
مينو,مينو
مينچسٹر,منچستر
مينڈك,بقه
مينڈك,بك
مينڈك,غوك
مينڈك,قربك
مينڈك,قورباغه
مينڈك,وك
مينڈھك,بقه
مينڈھك,بك
مينڈھك,غوك
مينڈھك,قربك
مينڈھك,قورباغه
مينڈھك,وك
مينہ,بارندگي
ميور,تخت طاووس
ميور,طاووس
ميور,هر كه طاووس خواهد جور هندوستان كشد
ميوہ,اجيل
ميوہ,برگه
ميوہ,تمر
ميوہ,خامه
ميوہ,خشكبار
ميوہ,خوباني
ميوہ,قروت
ميوہ,كشك
ميوہ,هلتاك
ميٹھا,ابليمو
ميٹھا,خجير
ميٹھا,خوشگوار
ميٹھا,روحاني
ميٹھا,سريش
ميٹھا,فري
ميٹھا,كرس
ميٹھا,كلس
ميٹھا,لذيذ
ميٹھا,ليمو
ميٹھا,مطبوع
ميٹھا,موافق
ميٹھا,پفك
ميٹھا,گرچ
ميٹھا,گوارا
ميٹھي عيد,عيد فطر
ميپرسي,ميپرسي
ميڈيكل,حكمت
ميڈيكل,طبي
ميڈيكل,فشاري
ميڈيكل,پرهيز
ميڈيكل سينٹر,اروپاي مركزي
ميڈيكل سينٹر,حكمت
ميڈيكل سينٹر,طبي
ميڈيكل سينٹر,فشاري
ميڈيكل سينٹر,قم
ميڈيكل سينٹر,كالينينگراد
ميڈيكل سينٹر,كانون
ميڈيكل سينٹر,مابين
ميڈيكل سينٹر,مركز
ميڈيكل سينٹر,هاليوود
ميڈيكل سينٹر,وسط
ميڈيكل سينٹر,پرهيز
ميگردد,ميگردد
ميگفت,ميگفت
ميگوئي,ميگوئي
ميگويد,ميگويد
ميگويم,ميگويم
ميگھ,ابر
ميگھ,ابرك
ميگھ,مزنه
ميگھ,ميغ
ميں,برادري
ميں,بودجه
ميں,ده
ميں,روزي از روزها
ميں,سازه
ميں,مابين
ميں,ميان
ميں,ميون
ميں پاكستاني ہوں,پاكستاني
مٹانا,تراشتن
مٹانا,محو
مٹاپا,جلد
مٹاپا,حجم
مٹاپا,سمن
مٹاپا,فضا
مٹاپا,مصحف
مٹاپا,چاقي
مٹكي,ابريق
مٹكي,دول
مٹكي,سبو
مٹكي,پارچ
مٹنا,از خاطر رفتن
مٹنا,از دست رفتن
مٹنا,افزار
مٹنا,تن كردن
مٹنا,خوردن
مٹنا,رفته رفته
مٹنا,زنار
مٹنا,ساييدن
مٹنا,سر كشيدن
مٹنا,سنبوسه
مٹنا,غيب شدن
مٹنا,فرسودن
مٹنا,كمكم
مٹنا,ناپديد شدن
مٹنا,يواش يواش
مٹنا,پوشيدن
مٹنا,پژمردن
مٹھ,اباد
مٹھ,اتشكده
مٹھ,اديار
مٹھ,اذرابادگان
مٹھ,بتكده
مٹھ,بيت
مٹھ,خانقاه
مٹھ,دير
مٹھ,عبادتخانه
مٹھ,كعبه
مٹھ,كنشت
مٹھ,معبد
مٹھ,مهراوه
مٹھ,نوبهار
مٹھ,هيكل
مٹھائي,انعام
مٹھائي,تلطيف
مٹھائي,جايزه
مٹھائي,دسر
مٹھائي,رشوه
مٹھائي,صله
مٹھاس,شيريني
مٹھي,اور
مٹھي,فيت
مٹھي,مشت
مپرس,مپرس
مپندار,مپندار
مپوش,مپوش
مپيچ,مپيچ
مچھ,ماهي
مچھ,ماهي را هر وقت از اب بگيري تازه است
مچھ,پشيز
مچھر,پخچه
مچھر,پشه
مچھر,پشهبند
مچھلي,ماهي
مچھلي,ماهي را هر وقت از اب بگيري تازه است
مچھلي,پشيز
مڈغاسكر,ماداگاسكار
مڈغاسكر,موريس
مڑنا,خم
مڑنا,يله كردن
مڑنا,يله كن
مژگان,مژگان
مژگاني,مژگاني
مگذر,مگذر
مگر,احيانا
مگر,استينه
مگر,الا
مگر,اما
مگر,با اين حال
مگر,تمساح
مگر,جفت
مگر,سوسمار
مگر,شايد
مگر,ليك
مگر,ليكن
مگر,مي
مگر,مگر
مگر,نهنگ
مگر,گاس
مگر,گاندو
مگر,گويا
مگرد,مگرد
مگردان,مگردان
مگرمچھ,تمساح
مگرمچھ,سوسمار
مگرمچھ,نهنگ
مگرمچھ,گاندو
مگس,مگس
مگسل,مگسل
مگو,مگو
مگير,مگير
مہا,تهم
مہا,دلاور
مہا,عظيم
مہا,كلان
مہا,متقارب
مہا,گنده
مہا,گو
مہابھارت,اديسه
مہابھارت,حماسه
مہابھارت,حماسهسرا
مہابھارت,حماسي
مہابھارت,شاهنامه
مہابھارت,متقارب
مہابھارت,هژير
مہاتما,اهل دل
مہاجر,بخشيدن
مہاجر,به هم برامدن
مہاجر,تقسيم
مہاجر,تيغه
مہاجر,حائل
مہاجر,دلسوز
مہاجر,كوچ
مہاجر,منتقل شدن
مہاجر,مهاجر
مہاجر,هم گيمي
مہاجر,پناهنده
مہاجر,چپه شدن
مہاجرت,مهاجرت
مہاجرين,هم گيمي
مہاجرين,پناهنده
مہاراشٹر,اورنگاباد
مہاراشٹر,بمبئي
مہاراشٹر,ممبي
مہاراني,توراندخت
مہاراني,شهبانو
مہاراني,فرزندخوانده
مہاراني,پوراندخت
مہارت,بدمعاش
مہارت,تمرين كردن
مہارت,جناب
مہارت,جناب اقاي
مہارت,حرفه
مہارت,خاصگي
مہارت,سحر حلال
مہارت,سررشته
مہارت,عاليجناب
مہارت,كسب
مہارت,مهارت
مہارت,نبوغ
مہارت,ورزه
مہارت,پيشه
مہارت,ژني
مہارت,گز
مہان,اوازه
مہان,صيت
مہان,گرامي
مہبل,الت
مہبل,سوراخ كس
مہبل,فرج
مہبل,مهبل
مہبل,نيام
مہبل,واژن
مہتاب,لوخن
مہتاب,ماهتاب
مہتاب,مهتاب
مہتاب,مهشيد
مہدي قلي,تيمور
مہدي قلي,جغتايي
مہدي قلي,مغولستان
مہر,ائتلاف
مہر,اباداني
مہر,ابادي
مہر,ابر
مہر,ابرك
مہر,اشنايي
مہر,التفات
مہر,امان
مہر,باكرگي
مہر,بخت
مہر,بخشايش
مہر,بخشش
مہر,بخشودن
مہر,بدبخت
مہر,بكارت
مہر,تاپه
مہر,ترحم
مہر,تمبر
مہر,تمر
مہر,جهاز
مہر,حيف
مہر,خاتم
مہر,خاتم جم
مہر,خصوصيت
مہر,خوبي
مہر,دختري
مہر,دلبستگي
مہر,دلسوز
مہر,دوستي
مہر,دوشيزگي
مہر,دولت
مہر,رحم
مہر,رحمت الله عليه
مہر,رخم
مہر,رفاه
مہر,زنهار
مہر,سرپوش
مہر,شوق
مہر,صبا
مہر,صحابت
مہر,طفلك
مہر,عاطفه
مہر,علاقه
مہر,علاقه داشتن
مہر,عنايت
مہر,عهد
مہر,فك
مہر,فيروز
مہر,قرارداد
مہر,قهر كردن
مہر,قول
مہر,كابين
مہر,كاميابي
مہر,كدخدا
مہر,كنترات
مہر,كوبيدن
مہر,لطف
مہر,محبت
مہر,مروت
مہر,مزنه
مہر,ملاطفت
مہر,مهر
مہر,مهرباني
مہر,موفقيت
مہر,ميغ
مہر,نيكي
مہر,نگين
مہر,همدردي
مہر,ويس
مہر,ياري
مہر,پيمان
مہر,چك
مہر و ماہ,تاكيد
مہر و ماہ,خاص
مہر و ماہ,خاصه
مہر و ماہ,دهگان
مہر و ماہ,زنار
مہر و ماہ,مختص
مہر و ماہ,هم
مہر و ماہ,ويژه
مہر و ماہ,ويژگي
مہران,دره
مہران,دري
مہران,سند
مہران,فردوس
مہران,كابل
مہران,كند
مہران,كنر
مہران,لاي
مہران,مهران
مہران,هندوستان
مہران,هندي
مہران,واله دائوستا
مہران,يغناب
مہربان,ارادتمند
مہربان,بار
مہربان,بخشنده
مہربان,حرام
مہربان,خونگرم
مہربان,دلسوز
مہربان,دوستانه
مہربان,دوستدار
مہربان,رحمن
مہربان,رحيم
مہربان,عاشق
مہربان,غمگسار
مہربان,كريم
مہربان,محب
مہربان,مشفق
مہربان,مهربان
مہربان,نازك
مہربان,ويه
مہربان,يارانه
مہربان,گرم
مہرہ,تركش
مہرہ,خندان
مہرہ,دستگاه
مہرہ,سرباز
مہرہ,شاهرخ
مہرہ,شاهمات
مہرہ,شترنگ
مہرہ,شطرنج
مہرہ,شطرنجباز
مہرہ,صدف
مہرہ,ضد
مہرہ,طغرا
مہرہ,فقره
مہرہ,قالب
مہرہ,لاك
مہرہ,مهره
مہرہ,پوست
مہرہ,پياده
مہرہ,پيشتخته
مہرہ,گرو
مہرہ,گروگان
مہرہ,گيشه
مہك,اثر
مہك,اثر گلخانهاي
مہك,ادكلن
مہك,بو
مہك,بوي
مہك,تاثير
مہك,خوشبو
مہك,رايحه
مہك,سراغ
مہك,شميم
مہك,طيب
مہك,عطار
مہك,عطر
مہك,كارگر
مہك,كرن
مہك,مر
مہك,نافذ
مہك,نكهت
مہك,يوز
مہكار,خوشبو
مہكار,رايحه
مہكار,شميم
مہكار,نكهت
مہكو,بو
مہكو,بوي
مہكو,خوشبو
مہكو,رايحه
مہكو,سراغ
مہكو,شميم
مہكو,عطر
مہكو,نكهت
مہكو,يوز
مہكوں,بو
مہكوں,بوي
مہكوں,خوشبو
مہكوں,رايحه
مہكوں,سراغ
مہكوں,شميم
مہكوں,عطر
مہكوں,نكهت
مہكوں,يوز
مہكيں,بو
مہكيں,بوي
مہكيں,خوشبو
مہكيں,رايحه
مہكيں,سراغ
مہكيں,شميم
مہكيں,عطر
مہكيں,نكهت
مہكيں,يوز
مہل,اقا
مہل,ايالات متحده امريكا
مہل,خد
مہل,خوانواده
مہل,صبا
مہل,غر
مہل,ماركت
مہل,چوقور
مہلت,اضافه
مہلت,امان
مہلت,تاخير
مہلت,تراويح
مہلت,درنگ
مہلت,دول دادن
مہلت,سياهي لشكر
مہلت,سپوختن
مہلت,ضربالاجل
مہلت,لفت دادن
مہلت,معطلي
مہلت,مهلت
مہمان,ايرمان
مہمان,حق نمك
مہمان,سپنج
مہمان,طفيل
مہمان,مهمان
مہمان,نمكگير
مہمان دار,بيگلربيگي
مہمان دار,حق نمك
مہمان دار,خنياگر
مہمان دار,مجري
مہمان دار,مهمانپرست
مہمان دار,ميزبان
مہمان داري,بزم
مہمان داري,تلقي
مہمان داري,تماشا
مہمان داري,سرگرمي
مہمان داري,سور
مہمان داري,ضيافت
مہمان داري,نمك
مہمان داري,نمكگير
مہماني,بزم
مہماني,بگماز
مہماني,تلقي
مہماني,تماشا
مہماني,جشن
مہماني,زفاف
مہماني,سرگرمي
مہماني,سور
مہماني,ضيافت
مہماني,طوي
مہماني,عيد
مہماني,كندوري
مہماني,ميزد
مہماني,نمك
مہماني,نمكگير
مہندس,انجنير
مہندس,مهندس
مہندس,مهندس برق
مہندس,مهندس مكانيك
مہندس,مهندس نرمافزار
مہندسي,هندسه
مہندي,حنا
مہندي,نگار
مہنڈر,بنگالي
مہنگا,ارجمند
مہنگا,دهنه
مہنگا,عزيز
مہنگا,قيمت
مہنگا,قيمتي
مہنگا,نفيس
مہنگا,يشم
مہنگا,گرامي
مہنگا,گران
مہنگا,گرانبها
مہنگا,گرون
مہنگائي,ارزيدن
مہنگائي,تورم
مہنگائي,خرج
مہنگائي,كرايه
مہنگائي,هزينه
مہيلا,اغا
مہيلا,بانو
مہيلا,بي بي
مہيلا,بيبي
مہيلا,بيگم
مہيلا,خاتون
مہيلا,خانم
مہيلا,كدبانو
مہينا,افطار
مہينا,ايام
مہينا,جنگيدن
مہينا,دسترنج
مہينا,دستمزد
مہينا,روزكي
مہينا,روزي از روزها
مہينا,سي
مہينا,صهيون
مہينا,كارمزد
مہينا,مزد
مہينا,معاش
مہينا,هفتسين
مہينا,پس پريروز
مہينا,پسينفردا
مہينا,چله
مے,الكل
مے,بار
مے,بير
مے,سالك
مے,شات
مے,عابد
مے,ماء
مے,مخلص
مے,مخموري
مے,مريد
مے,مزه
مے,پيك
نئي,نئي
نئي دہلي,دهلوي
نئي دہلي,دهلي
نئي دہلي,دهلي نو
نئي دہلي,پالم
نا,تاكيد
نا,ته
نا,حسابي
نا,فرشگرد
نا,فينال
نا,قطعي
نا,نا
نا,نهائي
نا,نهايي
نا,◌ؖ
نا اہل,فروماندن
نا اہل,كممايه
نا اہل,معصوم
نا اہنگي,جگر
نا اہنگي,حساس
نا لائق,بيعرضه
نا لائق,ناسزا
نا لائق,پفيوز
نائب,خان
نائب,معاون
نائب,نائب
نائي,ارايشگر
نائي,دلاك
نائي,سلماني
نائيجيريا,نيجريه
ناارجمند,ناارجمند
نااشنا,نااشنا
نااشناست,نااشناست
نااميد,درمانده
نااميد,نااميد
ناانصافي,استم
ناانصافي,اوار
ناانصافي,اواره
ناانصافي,بيداد
ناانصافي,بيداد كردن
ناانصافي,بيدادي
ناانصافي,جفا
ناانصافي,خلاف
ناانصافي,ستم
ناانصافي,ظلم
ناانصافي,مرتكب
ناانصافي,مرتكب شدن
نااہل قرار دينا,اعلام كردن
نااہل قرار دينا,فروماندن
نااہل قرار دينا,كممايه
نااہل قرار دينا,معصوم
ناب,ناب
نابالغ,خردسال
نابالغ,خلاف
نابالغ,زايمان زودرس
نابالغ,زودرس
نابالغ,قيم
نابالغ,كلب
نابالغ,كوكب
نابالغ,مينور
نابالغ,وضو
نابالغ,گام مينور
نابود,نابود
نابودن,نابودن
نابي,نابي
نابھي,ناف
ناتمام,ناتمام
ناتمامي,ناتمامي
ناتماميم,ناتماميم
ناتوان,ناتوان
ناتواني,ناتواني
ناتي,نوا
ناتھ,توجه
ناتھ,حافظ
ناتھ,حامي
ناتھ,حق نمك
ناتھ,خدا
ناتھ,خداي
ناتھ,قلاووز
ناتھ,مهمان
ناتھ,نگهبان
ناتھ,نگهدار
ناتھ,پشتيبان
ناجائز,بيمورد
ناجائز,غيرقانوني
ناجائز,قاچاق
ناخدا,خلاشي
ناخدا,خلاصي
ناخدا,سرهنگ
ناخدا,ملاح
ناخدا,ملوان
ناخدا,ناخدا
ناخن,اشاره كردن
ناخن,انگشت
ناخن,انگشد
ناخن,باژ
ناخن,بوري
ناخن,شاخ
ناخن,لاك
ناخن,ميخ
ناخن,ناخن
ناخن,نخون
ناخن,چنگ
ناخن,چنگال
ناخوب,ناخوب
ناخوش,ناخوش
نادار,بدبخت
نادار,تهيدست
نادار,خانمان
نادار,درويش
نادار,سالوك
نادار,شلم شوربا
نادار,فاقد
نادار,كم
نادار,كممايه
نادار,مسكين
نادار,مك
نادار,نادار
نادار,پابرهنه
ناداري,ناداري
نادان,احمق
نادان,افتاب مهتاب نديده
نادان,جاهل
نادان,دنگل
نادان,كانا
نادان,مزخرف
نادان,نادان
نادان,هالو
نادان,ياوه
نادان,پاستوريزه
نادان,گيج
ناداني,ناداني
نادر,نادر
ناديدہ,اعمي
ناديدہ,بيخبر
ناديدہ,جاهل
ناديدہ,غافل
ناديدہ,غيب
ناديدہ,فرناس
ناديدہ,نادان
ناديدہ,پنهان
ناديدہ,پوچ
نار,نار
ناراض,اشفته
ناراض,براشفته
ناراض,خشمگين
ناراض,خفه شدن
ناراض,دلگير
ناراض,دژم
ناراض,دژمان
ناراض,رنجيدن
ناراض,روش
ناراض,زوش
ناراض,عصباني
ناراض,فشاري
ناراض,قهر
ناراض,كله كيري
ناراض,ناراحت
ناراض,پكر
ناراضگي,اندوه
ناراضگي,حرمان
ناراضگي,حزن
ناراضگي,حسرت
ناراضگي,دلگيري
ناراضگي,دود
ناراضگي,رخت
ناراضگي,رسانه
ناراضگي,غمگيني
ناراضگي,ناراضگي
نارسا,نارسا
نارسائي,نارسائي
نارساست,نارساست
نارساي,نارساي
نارسيدن,نارسيدن
نارش,نارش
نارنجي,ارغواني
نارنجي,بهارنارنج
نارنجي,حمل
نارنجي,دهنه
نارنجي,ديز
نارنجي,رنگ
نارنجي,رنگي
نارنجي,شكلاتي
نارنجي,مالته
نارنجي,نارنج
نارنجي,نارنجي
نارنجي,نارنگ
نارنجي,نارنگي
نارنجي,نقرهاي
نارنجي,يافا
نارنجي,يشمي
نارنجي,پرتقال
نارنجي,گون
نارنگي,بهارنارنج
نارنگي,حمل
نارنگي,مالته
نارنگي,نارنج
نارنگي,نارنجي
نارنگي,نارنگ
نارنگي,نارنگي
نارنگي,يافا
نارنگي,پرتقال
ناروا,ظالم
ناروا,كم لطفي
ناروا,ناروا
نارون,نارون
ناروے,اسلو
ناروے,سوئد
ناروے,سويدن
ناروے,ناروي
ناروے,نروژ
ناري,ناري
ناريل,جمجمه
ناريل,روغن نارگيل
ناريل,سفرهخانه
ناريل,فرق
ناريل,قصب
ناريل,قليان
ناريل,كف
ناريل,ليف
ناريل,مخ
ناريل,نارگيل
ناريل,نارگيله
ناريل,نخل
ناريل,نخلستان
ناريل,نخله
ناز,ادا
ناز,استكبار
ناز,افرنگ
ناز,بها
ناز,بهاء
ناز,دماغ
ناز,شيوه
ناز,عجب
ناز,فر
ناز,قشنگي
ناز,ناز
ناز,نزاكت
ناز,نوازش
ناز،,ناز،
نازد,نازد
نازش,نازش
نازك,الف
نازك,باريك
نازك,ترد
نازك,جيد
نازك,خراب
نازك,خردسال
نازك,دراز
نازك,دقيق
نازك,سرو
نازك,سروقد
نازك,شكننده
نازك,صنوبر
نازك,ظريف
نازك,لاغر
نازك,لطيف
نازك,مشفق
نازك,نازك
نازكتر,نازكتر
نازل,قران
نازل,محمد
نازل,نازل
نازم,نازم
نازنيني,نازنيني
نازي,نازي
نازيبا,بدمعاش
نازيبا,سبشت
نازيبا,قبيح
نازيبا,نازيبا
نازيبا,هرزه
ناسازگار,ناسازگار
ناستك,اتئيست
ناستك,ناخدا
ناسزا,ناسزا
ناسمجھ,بيمغز
ناسپاس,ناسپاس
ناشاد,ناشاد
ناشتا,برشتوك
ناشتا,صبحانه
ناشتا,ناشتا
ناشتا,چاي صبح
ناشتوں,برشتوك
ناشتوں,صبحانه
ناشتوں,ناشتا
ناشتوں,چاي صبح
ناشتہ,برشتوك
ناشتہ,صبحانه
ناشتہ,ناشتا
ناشتہ,چاي صبح
ناشتے,برشتوك
ناشتے,صبحانه
ناشتے,ناشتا
ناشتے,چاي صبح
ناشكيب,ناشكيب
ناشكيبا,ناشكيبا
ناشناس,ناشناس
ناشپاتي,امروت
ناشپاتي,امرود
ناشپاتي,خوج
ناشپاتي,ناك
ناشپاتي,گلابي
ناصبور,ناصبور
ناصبوري,ناصبوري
ناصر,ارد
ناصر,دستيار
ناصر,دستگير
ناصر,كمك
ناصر,مدافع
ناصر,معاون
ناصر,معين
ناصر,يار
ناصر,ياور
ناصرت,ناصره
ناصرہ,دستيار
ناصرہ,دستگير
ناصرہ,معين
ناصرہ,ناصره
ناصرہ,يار
ناصواب,ناصواب
ناطق,ناطق
ناظر,اطراف
ناظر,بينا
ناظر,تماشا
ناظر,ديدبان
ناظر,ديدني
ناظر,رقيب
ناظر,سركار
ناظر,سرپرست
ناظر,متولي
ناظر,ميراب
ناظر,ناظر
ناظر,نظر
ناظم,اهنگساز
ناظم,دبير
ناظم,سراينده
ناظم,مدير
ناظم,منشي
ناف,ناف
نافرمان,تخم جن
نافرمان,توسن
نافرمان,مريد
نافرمانبرداري,سركشي
نافرمانبرداري,سرپيچي
نافرمانبرداري,عصيان
نافرمانبرداري,نافرماني
ناقوس,بنارس
ناقوس,درا
ناقوس,زبانه
ناقوس,زنگ
ناقوس,زنگوله
ناقوس,فلفلدلمهاي
ناقوس,كلسيا
ناقوس,كليسا
ناقوس,كنشت
ناقوس,محراب
ناقوس,ناقوس
ناقوس,هندو
ناك,بيني
ناك,خيشوم
ناك,دماغ
ناك,رخ عقاب گرفتن
ناك,شمه
ناك,فضولي كردن
ناك,مشام
ناك,ناك
ناك,پوز
ناكام,مردود
ناكام,ناكام
ناكام,ناموفق
ناكامي,ناكامي
ناكس,ناكس
ناكسان,ناكسان
ناكسي,ناكسي
ناكہ,افتتاحيه
ناكہ,باژ
ناكہ,تودري
ناكہ,جزيه
ناكہ,حصار
ناكہ,خواستگاري
ناكہ,خيابان
ناكہ,دريچه
ناكہ,درگاه
ناكہ,دهان
ناكہ,راس
ناكہ,زقاق
ناكہ,سر
ناكہ,سر سوزن
ناكہ,سرسرا
ناكہ,سوزن
ناكہ,سوفار
ناكہ,شروع
ناكہ,قانون گو
ناكہ,قدومه
ناكہ,كنكور
ناكہ,كوچه
ناكہ,منتها
ناكہ,نهايت
ناكہ,ورود
ناكہ,پرواس
ناكہ,چهارباغ
ناكہ,گشادي
ناكہ,گشايش
ناكہ,گمرك
نال,انبيق
نال,ايستگاه مترو
نال,بشكه
نال,بند ناف
نال,تار
نال,خان
نال,دبه
نال,رسن
نال,ريسمان
نال,زيگ
نال,سيم
نال,شامورتي
نال,لوله
نال,مكوك
نال,ناف
نال,ناو
نال,نول
نال,نيفه
نال,وافور
نال,چبوق
نالان,نالان
نالد,نالد
نالم,نالم
نالي,انبيق
نالي,ايستگاه مترو
نالي,فرار مغزها
نالي,لوله
نالي,ناو
نالي,ناودان
نالي,نول
نالي,وافور
نالي,پارگين
نالي,چبوق
ناليد,ناليد
ناليدم,ناليدم
نالہ,ابراه
نالہ,شادروان
نالہ,كانال
نالہ,ناو
نالہ,ناودان
نام,نام
نام نہاد,اداره
نام نہاد,به اصطلاح
نام نہاد,تخار
نام نہاد,كذايي
نام نہاد,مگر
نامحرم,نامحرم
نامحرمي,نامحرمي
نامد,نامد
نامراد,نامراد
نامرادي,نامرادي
نامرد,بددل
نامرد,فروماندن
نامرد,كممايه
نامرد,معصوم
نامرد,نامرد
نامرد,نامردانه
نامرد,هيز
نامردي,ناتواني
نامش,نامش
نامعلوم,او
نامعلوم,بيگانه
نامعلوم,طرف
نامعلوم,لانسه
نامعلوم,مبهم
نامعلوم,مجهول
نامعلوم,ناشناخت
نامعلوم,ناشناس
نامعلوم,نكره
ناممكن,غيرممكن
ناممكن,محال
ناممكن,نشدني
نامنظوري,رد
نامنظوري,طرد
ناموس,ناموس
نامي,جيزه
نامي,زبانزد
نامي,سرشناس
نامي,سلبريتي
نامي,شب يلدا
نامي,مشهور
نامي,معروف
نامي,نامبردار
نامي,نامدار
نامي,نامور
نامي,نامي
نامي,نوروز
نامي,يلدا
نامي,چهارشنبهسوري
نامہ,بينالنهرين
نامہ,تاريخ
نامہ,تاريخچه
نامہ,سابقه
نامہ,طرفين
نامہ,عهدنامه
نامہ,قرارداد
نامہ,معاهده
نامہ,ميثاق
نامہ,نقض
نامہ,پهلوي
نامہ نگار,اپلاي كردن
نامہ نگار,خارج
نامہ نگار,روزنامهنگار
نامہ نگار,ژورناليست
نان,اسيايي
نان,برادري
نان,تنور
نان,توران
نان,سبزي خوردن
نان,سبك هندي
نان,غزل
نان,لواش
نان,ماسالا
نان,محبوب
نان,منتو
نان,نان
نان,پخته
نان,پرطرفدار
نان,چلوكباب
نان,گو
نان خطائي,نان خطائي
نان خطائي,نان خطايي
نانا,ارشام
نانا,بابا
نانا,بابابزرگ
نانا,بو
نانا,بوا
نانا,حسين
نانا,نريمان
نانا,پدربزرگ
ناني,اجه
ناني,بوبو
ناني,بي بي
ناني,بيبي
ناني,مادربزرگ
ناني,ناني
ناني,ننه
نانگل,ال
نانگل,برفروب
نانگل,خيش
نانگل,سپار
ناو,بلم
ناو,جهاز
ناو,زورق
ناو,صندل
ناو,قايق
ناو,كرجي
ناو,كشتي
ناو,مركب
ناو,ناو
ناو,يدك
ناوك,ناوك
ناول,راوي
ناول,رمان
ناول,سووشون
ناي,ناي
ناياب,ارجمند
ناياب,دهنه
ناياب,عزيز
ناياب,قحط
ناياب,قيمتي
ناياب,كم
ناياب,ناياب
ناياب,نفيس
ناياب,يشم
ناياب,گرامي
ناياب,گرانبها
نايب,نايب
نايد,نايد
نايد؟,نايد؟
ناپاك,الوده
ناپاك,خبيث
ناپاك,ريمن
ناپاك,كثيف
ناپاك,ناپاز
ناپاك,ناپاك
ناپاك,نجس
ناپاك,پليد
ناپاك,چتل
ناپاك,چركين
ناپايدار,ناپايدار
ناپديد,ناپديد
ناپذير,ناپذير
ناپيد,ناپيد
ناپيدا,ناپيدا
ناچ,به ساز كسي رقصيدن
ناچ,حاجي فيروز
ناچ,رقص
ناچ,رقصيدن
ناچ,فرخسيدن
ناچ,وشتن
ناچ,پيست
ناچ,چهارشنبهسوري
ناچ نہ جانے انگن ٹيڑھا,برگ
ناچ نہ جانے انگن ٹيڑھا,شاهد
ناچ نہ جانے انگن ٹيڑھا,شبانهروز
ناچ نہ جانے انگن ٹيڑھا,كارگر
ناچ نہ جانے انگن ٹيڑھا,همش
ناچ نہ جانے انگن ٹيڑھا,همواره
ناچ نہ جانے انگن ٹيڑھا,هميشه
ناچ نہ جانے انگن ٹيڑھا,هي
ناچ نہ جانے انگن ٹيڑھا,پيوسته
ناچار,ناچار
ناچنا,ارايش كردن
ناچنا,به ساز كسي رقصيدن
ناچنا,به چشم خوردن
ناچنا,توليدن
ناچنا,حاجي فيروز
ناچنا,خاطر
ناچنا,دنبال كردن
ناچنا,رقص
ناچنا,رقصيدن
ناچنا,رند
ناچنا,شماره گرفتن
ناچنا,فالو كردن
ناچنا,فرخسيدن
ناچنا,مالوندن
ناچنا,مراعات
ناچنا,وشتن
ناچنا,پي بردن
ناچنا,پيست
ناچنا,پيشوا
ناچنا,چهارشنبهسوري
ناچيز,ناچيز
ناگ,اربد
ناگ,مار
ناگ,گرزه
ناگرك,اهل
ناگرك,جنگ داخلي
ناگرك,دهاتي
ناگرك,دهگان
ناگرك,شانگهاي
ناگرك,شهروند
ناگرك,شهري
ناگرك,عثماني
ناگرك,مؤدب
ناگرك,مدني
ناگرك,هيوادوال
ناگن,اربد
ناگن,مار
ناگن,گرزه
ناگوار,ناگوار
ناہر,ببر
ناہر,شير
نبات,نبات
نباتات,نباتات
نباشد,نباشد
نباشي,نباشي
نبايد,نبايد
نبخشد,نبخشد
نبرد,نبرد
نبست,نبست
نبستم,نبستم
نبستن,نبستن
نبستند,نبستند
نبض,ضربان
نبض,نبض
نبض,ژاژومك
نبندي,نبندي
نبوت,نبوت
نبود,نبود
نبودم,نبودم
نبودن,نبودن
نبي,نبي
نبيند,نبيند
نبيني,نبيني
نبھانا,ادم
نبھاگا,بدبخت
نبھاگا,كمبخت
نتابد,نتابد
نتابي,نتابي
نتافت,نتافت
نترسند,نترسند
نتوان,نتوان
نتوانم,نتوانم
نتواني,نتواني
نتيجتا,لاجرم
نتيجہ,حاصل
نتيجہ,عاقبت
نتيجہ,فرع
نتيجہ,كيفر
نتيجہ,نتيجه
نتيجہ,پيامد
نتيہ,استقامت
نتيہ,بابك
نتيہ,ثابت
نتيہ,جاود
نتيہ,خونگرم
نتيہ,شاهد
نتيہ,شبانهروز
نتيہ,ماندگار
نتيہ,محض
نتيہ,مدام
نتيہ,مستمر
نتيہ,مطلق
نتيہ,هرگز
نتيہ,همش
نتيہ,همواره
نتيہ,هميشه
نتيہ,هي
نتيہ,پاينده
نتيہ,پاييدن
نتيہ,پيوسته
نثار,نثار
نثر,سبك هندي
نثر,فارسيات
نثر,منثور
نثر,نثر
نجات,نجات
نجار,درگر
نجار,نجار
نجاري,نجاري
نجبا,افضل
نجبا,اهل
نجبا,اير
نجبا,شريف
نجبا,لالا
نجبا,لل‍ه
نجبا,مجداني
نجبا,ميرزا
نجبا,نجبا
نجبا,نجيب
نجبا,پهلوي
نجد,نجد
نجست,نجست
نجف,نجف
نجم,بخت
نجم,بيده
نجم,تنه
نجم,جوهر
نجم,خرطوم
نجم,دانه
نجم,در
نجم,دردانه
نجم,زايچه
نجم,ساقه
نجم,سبزه
نجم,سبزهزار
نجم,ستاك
نجم,سرسبز
نجم,شنگ
نجم,صندوق
نجم,طالع
نجم,علف
نجم,علف بايد به دهان بزي شيرين بيايد
نجم,غرواس
نجم,لؤلؤ
نجم,مرواريد
نجم,مرواريدها
نجم,نجم
نجم,نرد
نجم,واش
نجم,گوهر
نجم,گياه
نجوم,ثور
نجوم,جدي
نجوم,سوسك
نجوم,طالع
نجوم,عثماني
نجوم,فرعي
نجوم,قلزم
نجوم,نجوم
نجوم,چهارباغ
نجويم,نجويم
نجي,بين التعطيلين
نجي,خصوصي
نجي,خلوتگاه
نجي,شوفر
نجي,غيررسمي
نجي,قول
نجي,مثل
نجي,مخصوص
نجي,گپ
نجيب,احمد
نجيب,افضل
نجيب,انداختن
نجيب,اهل
نجيب,اهل دل
نجيب,اير
نجيب,بخشنده
نجيب,بدحجاب
نجيب,برجسته
نجيب,بسيج
نجيب,بوالعجب
نجيب,تعارف كردن
نجيب,تولد
نجيب,تومان
نجيب,جوانمرد
نجيب,داوطلب
نجيب,ديوان
نجيب,راد
نجيب,رادمنش
نجيب,رده
نجيب,زادن
نجيب,زايمان زودرس
نجيب,زايمان طبيعي
نجيب,زايمان كردن
نجيب,زاييدن
نجيب,زه
نجيب,ساري
نجيب,سرافراز
نجيب,سنخ
نجيب,سياهي لشكر
نجيب,شريف
نجيب,شناسنامه
نجيب,صاحب
نجيب,صنف
نجيب,طبقه
نجيب,عجيب
نجيب,قشر
نجيب,كالا
نجيب,كلاس
نجيب,لارژ
نجيب,لالا
نجيب,متمايز
نجيب,مجداني
نجيب,مستغرب
نجيب,معلوم
نجيب,ملبوس
نجيب,ممتاز
نجيب,ميرزا
نجيب,نجيب
نجيب,يدن
نجيب,پوشاندن
نجيب,پيراهن
نجيب,چريك
نحوست,بدبخت
نحوست,تبرك
نحوست,جثه
نحوست,دق
نحوست,شؤم
نحوست,طالع
نحوست,فال
نحوست,ناراضي
نحوست,نكبت
نحوست,واروني
نحوست,يمن
نخ,نخ
نخرا,نالان
نخست,ابتدائي
نخست,الت
نخست,دبستان
نخست,راس
نخست,سر
نخست,صدر
نخست,نخست
نخست,نخستين
نخستين,ابتدا
نخستين,ابتداء
نخستين,اول
نخستين,اولا
نخستين,راس
نخستين,سبك خراساني
نخستين,سر
نخستين,صدر
نخستين,نخستين
نخل,نخل
نخلي,نخلي
نخواست,نخواست
نخوت,نخوت
نخورد,نخورد
نخيزد,نخيزد
نخيل,نخيل
نخچير,اسير
نخچير,افگار
نخچير,انباكسينگ
نخچير,برده
نخچير,بشگرد
نخچير,بندي
نخچير,بهيمه
نخچير,تنگ
نخچير,حيوان
نخچير,خسته
نخچير,دال
نخچير,دد
نخچير,دربند
نخچير,دستگير
نخچير,دوال
نخچير,زخمي
نخچير,زنداني
نخچير,زنداني سياسي
نخچير,ستور
نخچير,شكار
نخچير,شكال
نخچير,صيد
نخچير,طعمه
نخچير,كودن
نخچير,مجروح
نخچير,مجروح شدن
نخچير,محكوم
نخچير,معدن
نخچير,نخچير
نخچير,هيون
نخچير,چهارپا
نخچير,گرفتار
نخچير زن,بشگرد
نخچير زن,شكاري
نخچير زن,شكارچي
نخچير زن,صياد
نخچير كشي,بشگرد
نخچير كشي,بوري
نخچير كشي,تكاپو
نخچير كشي,شكار
نخچير كشي,شكار كردن
نخچير كشي,صيد
نخچير كشي,نخچير
نخچير كشي,يوختن
نخچير كشي,پارس
نخچير محبت,جوشش
نخچير محبت,حسرت
نخچير محبت,خودكشي از ترس مرگ
نخچير محبت,خونبها
نخچير محبت,دستخوش
نخچير محبت,سودا
نخچير محبت,شبيه
نخچير محبت,شهواني
نخچير محبت,شهيد
نخچير محبت,عشق
نخچير محبت,فدائي
نخچير محبت,قرباني
نخچير محبت,هوا
نخچير محبت,هوس
نخچير محبت,هوي
نخچير محبت,ولع
نخچير گاہ,بشگرد
نخچير گاہ,بوري
نخچير گاہ,شكار
نخچير گاہ,صيد
نخچير گاہ,نخچير
نخچيري,نخچيري
ندا,ندا
نداد,نداد
ندادم,ندادم
ندادن,ندادن
ندادند,ندادند
ندارد,ندارد
ندارم,ندارم
ندارند,ندارند
نداري,نداري
نداريم,نداريم
نداشت,نداشت
نداند,نداند
ندانم,ندانم
نداني,نداني
ندرت,ندرت
ندرشن,اشاره
ندرشن,اشاره كردن
ندرشن,اطلاعات
ندرشن,تصوير
ندرشن,جقي
ندرشن,خبر
ندرشن,خندان
ندرشن,راي
ندرشن,رسم
ندرشن,زمينه
ندرشن,سيا
ندرشن,شعور
ندرشن,عكس
ندرشن,علامت
ندرشن,منظره
ندرشن,نگار
ندرشن,هاليوود
ندرشن,هوش
ندرشن,هوش مصنوعي
ندرشن,چراغ راهنمايي
ندرشن,ژني
ندي,ندي
نديد,نديد
نديدستي,نديدستي
نديدم,نديدم
نديدند,نديدند
نديم,نديم
نذر,نذر
نذير,نذير
نر,نر
نرتيہ,به ساز كسي رقصيدن
نرتيہ,حاجي فيروز
نرتيہ,رقص
نرتيہ,رقصيدن
نرتيہ,فرخسيدن
نرتيہ,وشتن
نرتيہ,پيست
نرتيہ,چهارشنبهسوري
نرخ,ارز
نرخ,ارزيدن
نرخ,بها
نرخ,خرج
نرخ,خونبها
نرخ,دخش
نرخ,درجه
نرخ,سنگ
نرخ,شيربها
نرخ,عزر
نرخ,في
نرخ,قرار
نرخ,قيمت
نرخ,كرايه
نرخ,مرگ و مير
نرخ,ميزان
نرخ,نرخ
نرخ,نرخ ارز
نرخ,نرخ بهره
نرخ,نوار مثانه
نرخ,هزينه
نرد,تابلوي اعلانات
نرد,تخته
نرد,تخته نرد
نرد,دام
نرد,دستگاه
نرد,شاهرخ
نرد,شاهمات
نرد,شترنگ
نرد,شطرنج
نرد,شطرنجباز
نرد,ضد
نرد,طغرا
نرد,عرصه
نرد,فقره
نرد,قالب
نرد,نرد
نرد,نردشير
نرد,هيئت
نرد,پياده
نرد,پيشتخته
نرد,گو
نرد,گيشه
نردوش,افتاب مهتاب نديده
نردوش,بيتقصير
نردوش,بيگناه
نردوش,غيرت
نردوش,معصوم
نردوش,منزه
نردوش,پاك
نردوش,پاكيزه
نرديي,ترك
نرديي,جلاد
نرديي,سنگدل
نرديي,ظالم
نرديي,ظالمانه
نرسد,نرسد
نرسيد,نرسيد
نرسيدي,نرسيدي
نرفتن,نرفتن
نرم,اي بابا
نرم,خنك
نرم,ديمه
نرم,صاف
نرم,لخت
نرم,لشن
نرم,لطيف
نرم,معتدل
نرم,ملايم
نرم,نرم
نرم,هموار
نرم,گياخن
نرمان,تشكيل
نرمك,نرمك
نرمي,اشفاق
نرمي,نرمي
نرمي,نزاكت
نرنايك,قطعي
نروان,خفه شدن
نروان,صور
نرويد,نرويد
نري,نري
نريخت,نريخت
نرگس,نرگس
نرگس,نرگس شهلا
نرگس شہلا,ادلي
نرگس شہلا,ازا
نرگس شہلا,بلكه
نرگس شہلا,به جاي
نرگس شہلا,بهمن
نرگس شہلا,تركيببند
نرگس شہلا,ركابي
نرگس شہلا,زبانه
نرگس شہلا,زرد
نرگس شہلا,سندروس
نرگس شہلا,شبيه
نرگس شہلا,صفرا
نرگس شہلا,عدسي
نرگس شہلا,لپه
نرگس شہلا,مانند
نرگس شہلا,نرگس
نرگس شہلا,نرگس شهلا
نزاد,نزاد
نزار,نزار
نزاع,نزاع
نزاكت,ادا
نزاكت,اداب
نزاكت,ادب
نزاكت,اشفاق
نزاكت,افرنگ
نزاكت,انسانيت
نزاكت,بها
نزاكت,بهاء
نزاكت,تربيت
نزاكت,تميز
نزاكت,خان
نزاكت,ضعف
نزاكت,عجز
نزاكت,فر
نزاكت,فرهنگ
نزاكت,قشنگي
نزاكت,نزاكت
نزايد,نزايد
نزد,نزد
نزديك,اروميه
نزديك,از دل نرود هر انكه از ديده برفت
نزديك,تركمن
نزديك,تقريب
نزديك,دور و بر
نزديك,رديف
نزديك,زورا
نزديك,سومقاييت
نزديك,شيراز
نزديك,قريب
نزديك,لدن
نزديك,نزد
نزديك,نزديك
نزديكتر,نزديكتر
نزديكي,قرابت
نزديكي,قربت
نزديكي,نزديكي
نزع,نزع
نزہت,برائت
نزہت,خلوص
نزہت,راحتالحلقوم
نزہت,زينت
نزہت,سبزي
نزہت,شوق
نزہت,صفا
نزہت,طراوت
نزہت,طرب
نزہت,عصمت
نزہت,عفت
نزہت,كامل العيار
نزہت,لذت
نزہت,ناز
نزہت,ناموس
نزہت,نعيم
نزہت,نقش و نگار
نزہت,پاكي
نس,بند
نس,سياهرگ
نس,عرق
نس,عصب
نس,عصب واگ
نس,عضله
نس,فيبر
نس,كتان
نس,ليف
نس,ماهيچه
نس,موشك
نس,پي
نسا,بيبي
نسا,دده
نسا,روبنده
نسا,سنبوسه
نسا,قر
نسا,كندوري
نسا,نظرباز
نسا,پوشيه
نسائيت,اشفاق
نسائيت,زنانگي
نسائيت,نزاكت
نسازد,نسازد
نسب,نسب
نسبت,نسبت
نسبتا,تخته
نسبتا,ضخيم
نسبتا,نسبتا
نسترن,نسترن
نستعليق,خوشنويسي
نستعليق,شكستهنستعليق
نستعليق,نستعليق
نستعليق,نسخ
نسخ,رفع
نسخ,لغو
نسخ,محو
نسخ,نسخ
نسخہ,ائين
نسخہ,اهنگسازي
نسخہ,بافت
نسخہ,بد امدن
نسخہ,بودن
نسخہ,بيدن
نسخہ,تجويز
نسخہ,تلفيق
نسخہ,جان دارو
نسخہ,جلد
نسخہ,حجم
نسخہ,حكمت
نسخہ,خوش امدن
نسخہ,دارا
نسخہ,داروخانه
نسخہ,درمان
نسخہ,درمان كردن
نسخہ,را
نسخہ,سازه
نسخہ,سواد
نسخہ,شفاء
نسخہ,طبي
نسخہ,فشاري
نسخہ,فضا
نسخہ,كه
نسخہ,مدل
نسخہ,مصحف
نسخہ,معالجه
نسخہ,نسخه
نسخہ,هاماوران
نسخہ,ويرايش
نسخہ,پرهيز
نسفت,نسفت
نسل,ادم
نسل,ال
نسل,بربري
نسل,بضاعت
نسل,بورس
نسل,تازي
نسل,تبار
نسل,تركمن
نسل,تك
نسل,توليد
نسل,جنس
نسل,دودمان
نسل,دوره
نسل,ذخيره كردن
نسل,زمينه
نسل,شببوي
نسل,عرق
نسل,فارس
نسل,فارسي
نسل,قوم
نسل,قومي
نسل,نام و نشان
نسل,ناورد
نسل,نسل
نسل,نژاد
نسل,يغنابي
نسل,پارس
نسل,پاميري
نسل,پروردن
نسل,پشت
نسل,پير مغان
نسل,پيست
نسل,چهر
نسل كشي,نسلكشي
نسوار,تنباكو
نسوار,توتون
نسوار,سمنت
نسوار,كشيدن
نسوار,چبوق
نسواري,برغست
نسواري,بلال
نسواري,كاكوتي
نسواري,كما
نسواري,كنار
نسواري,نر
نسواري,نوح
نسواري,گراز
نسواري,گون
نسواري,گونه
نسوزد,نسوزد
نسيم,اكسيژن
نسيم,التفات
نسيم,التفات فرمودن
نسيم,التفات كردن
نسيم,توجه
نسيم,توفيق
نسيم,خورشيد
نسيم,دمه
نسيم,ديمه
نسيم,سوز
نسيم,صبا
نسيم,عنايت
نسيم,فضل
نسيم,لطيف
نسيم,له
نسيم,منت
نسيم,نرم
نسيم,نسيم
نسيم,گياخن
نسيمش,نسيمش
نسيمي,نسيمي
نشاط,نشاط
نشان,ائين
نشان,اثر
نشان,اذين
نشان,ارايش
نشان,تاثير
نشان,تزيين
نشان,تلطيف
نشان,خاتم
نشان,خبر ندارم
نشان,داغ
نشان,درفش
نشان,رد
نشان,رديا
نشان,ريش
نشان,زنار
نشان,زيور
نشان,ستاره
نشان,سررشته
نشان,شماره
نشان,عدد
نشان,علامت
نشان,فروهر
نشان,كرن
نشان,مدال
نشان,مهر
نشان,نشان
نشان,نشانه
نشان,نقش
نشان,نماد
نشان,نهاد
نشان,نوار
نشان,پي
نشاند,نشاند
نشاني,ارمغان
نشاني,اولاد
نشاني,باره
نشاني,باروري
نشاني,بيگزاده
نشاني,تبرك
نشاني,حاشيه رفتن
نشاني,خاطر
نشاني,خاطره
نشاني,زاده
نشاني,زه
نشاني,سوغات
نشاني,شؤم
نشاني,شاهزاده
نشاني,شعار
نشاني,صادر كردن
نشاني,طالع
نشاني,علامت
نشاني,عيال
نشاني,فال
نشاني,فرزند
نشاني,قضيه
نشاني,مسئله
نشاني,موضوع
نشاني,نسل
نشاني,نشاني
نشاني,ياداوري
نشاني,يادبود
نشاني,يادگار
نشاني,يمن
نشانہ,اماج
نشانہ,بلوك
نشانہ,درقه
نشانہ,رگبار
نشانہ,نشان
نشانہ,هدف
نشتر,نشتر
نشد,نشد
نشر,انتشار
نشر,دادگستر
نشر,سرايت
نشر,سكاستان
نشر,سيستان
نشر,كلاچ
نشر,محيي
نشر,نشر
نشر,نقل
نشر,نهاز
نشر,نيويورك
نشر,پخش
نشر,پراكندگي
نشر,پسكوچه
نشر,چاپ
نشر مكرر,تركيببند
نشر مكرر,تلقين
نشر مكرر,كليپ
نشر مكرر,مجدد
نشر مكرر,مكرر
نشر مكرر,پخش
نشر گاہ,تلويزيون
نشر گاہ,راديو
نشر گاہ,راديويي
نشر گاہ,كليپ
نشر گاہ,مستمع
نشر گاہ,پخش
نشريات,كليپ
نشريات,پخش
نشريہ,كليپ
نشريہ,پخش
نشست,دنگل
نشست,نشست
نشستم,نشستم
نشستن,نشستن
نشناخت,نشناخت
نشناختم,نشناختم
نشناختند,نشناختند
نشناختي,نشناختي
نشناسد,نشناسد
نشناسي,نشناسي
نشود,نشود
نشور,احيا
نشور,بعث
نشور,رستاخيز
نشور,نشور
نشيب,نشيب
نشيمن,نشيمن
نشين,نشين
نشينان,نشينان
نشيند,نشيند
نشيني,نشيني
نشچت,ثابت
نشچت,خاطرنشان
نشچت,را
نشچت,روشن
نشچت,فرهنگي
نشچت,قطع
نشچت,متغير
نشچت,مردي
نشچت,مطمئن
نشچت,معين
نشچت,منظم
نشچت,يقين
نشچت,يقين داشتن
نشچت,يقينا
نشچت,پاييدن
نشہ,ارايش
نشہ,اعتياد
نشہ,الكل
نشہ,الكلي
نشہ,انبيق
نشہ,بار
نشہ,بنگ
نشہ,بيخودي
نشہ,بير
نشہ,تند
نشہ,دارو
نشہ,داروسازي
نشہ,دوا
نشہ,ساقي
نشہ,سكر
نشہ,شات
نشہ,عرق
نشہ,قاچاق
نشہ,كراك
نشہ,مبتلا
نشہ,مخدر
نشہ,مخموري
نشہ,مستي
نشہ,مشروب
نشہ,معتاد
نشہ,مي
نشہ,نشئه
نشہ,نوشيدني
نشہ,هذيان
نشہ,وهم
نشہ,يان
نشہ,پيك
نشہ باز,الكلي
نشہ باز,بنگي
نشہ باز,عرق
نشہ باز,لوطي
نشہ باز,مست
نشہ باز,مشروب
نشہ باز,معتاد
نشہ باز,مي
نشہ كرنا,الكل
نشہ كرنا,بار
نشہ كرنا,بير
نشہ كرنا,خراب
نشہ كرنا,داروخانه
نشہ كرنا,دوستكان
نشہ كرنا,دوستگان
نشہ كرنا,سرخوش
نشہ كرنا,شات
نشہ كرنا,كشيدن
نشہ كرنا,مخموري
نشہ كرنا,مدهوش
نشہ كرنا,مست
نشہ كرنا,معتاد
نشہ كرنا,نشئه
نشہ كرنا,پيك
نشہ ٹوٹنا,حال
نشہ ٹوٹنا,خصوصي
نشہ ٹوٹنا,درونه
نشہ ٹوٹنا,زده
نشہ ٹوٹنا,ساپورت كردن
نصاري,نصاري
نصراني,توماس
نصرت,امداد
نصرت,ظفر
نصرت,غلبه
نصرت,فتح
نصرت,فتحالله
نصرت,فيروز
نصرت,كمك
نصرت,كمكهاي
نصرت,مدد
نصرت,مراعات
نصرت,مساعدت
نصرت,نجاح
نصرت,ياري
نصرت,ياوري
نصرت,پيروزي
نصف النہار,ظهر
نصف النہار,نصفالنهار
نصف النہار,نيمروز
نصف النہار,چاشت
نصيب,نصيب
نصيبم,نصيبم
نصيبي,نصيبي
نصيحت,استفتاء
نصيحت,اطلاع
نصيحت,حكمت
نصيحت,كنگاش
نصيحت,مصلحت
نصيحت,نصيحت
نصيحت,پند
نصيحت,پيشنهاد
نطق,نطق
نظارگي,نظارگي
نظارہ,صحنه
نظارہ,قشقرق
نظام,ائين
نظام,اموزشگاه
نظام,بنگاه
نظام,تلگرافخانه
نظام,شبكه
نظام,شبكه اجتماعي
نظام,فارغالتحصيل
نظام,مؤسسه
نظام,مدرسه
نظام,مكتب
نظام,نظام
نظام,نهاد
نظامت,اداره
نظامت,اورژانس
نظامت,بردو
نظامت,تدبير
نظامت,تولوز
نظامت,دپارتمان
نظامت,ضبط
نظامت,كومور
نظامت,مديريت
نظامت,مديريت دادهها
نظامت,وانده
نظامت,پنتاگون
نظامي,نظامي
نظر,بينايي
نظر,بينش
نظر,دوربين
نظر,سرپرستي
نظر,سيل
نظر,سيل كردن
نظر,شيوه
نظر,فارس
نظر,لحاظ
نظر,منظر
نظر,ناموس
نظر,نظارت
نظر,نظر
نظر,نهور
نظر,نگاه
نظر,گوشه چشم
نظر ثاني,بازبيني
نظر ثاني,بدعت
نظر ثاني,تصميم
نظر ثاني,تصميم گرفتن
نظر ثاني,جام زهر
نظر ثاني,دوره
نظر ثاني,قرار
نظر ثاني,مرور
نظر ثاني,ويرايش
نظر سے دور، دل كے قريب,از خاطر رفتن
نظر سے دور، دل كے قريب,فراموش
نظر سے دور، دل كے قريب,منسوخ
نظر،,نظر،
نظران,نظران
نظري,نظري
نظريہ,ايدئولوژي
نظريہ,جام زهر
نظريہ,جنس
نظريہ,دوربين
نظريہ,عملي
نظريہ,فارس
نظريہ,فرگشت
نظريہ,لحاظ
نظريہ,مجموعه
نظريہ,مكتب
نظريہ,منظر
نظريہ,مهبانگ
نظريہ,ناموس
نظريہ,نظر
نظريہ,نظريه
نظريہ,نظريه اطلاعات
نظريہ,پهلويسم
نظم,ادب
نظم,افسار
نظم,اندام
نظم,ترتيب
نظم,جاز
نظم,جوهر
نظم,در
نظم,دردانه
نظم,دنباله
نظم,رشته
نظم,سازش
نظم,سر سوزن
نظم,سوزن
نظم,سوفار
نظم,شات
نظم,شماره
نظم,شگرد
نظم,طنز
نظم,قرار
نظم,لؤلؤ
نظم,مرواريد
نظم,مرواريدها
نظم,مناظره
نظم,نشانگر
نظم,نظم
نظم,نمبر
نظم,هجو
نظم,گونه
نظم,گوهر
نظير,نظير
نظيري,نظيري
نظيف,تميز
نظيف,نازك
نعرہ,شعار
نعش,نعش
نعل,نعل
نعل,نعل در اتش
نعم,نعم
نعم البدل,از ما بهتران
نعم البدل,بدل
نعم البدل,به
نعم البدل,بهتر
نعم البدل,تعويض
نعم البدل,جانشين
نعم البدل,جايگزين
نعم البدل,دروغ مصلحت اميز به از راست فتنه انگيز
نعم البدل,شفا دادن
نعم البدل,عوض
نعم البدل,فرمودن
نعم البدل,ماهي را هر وقت از اب بگيري تازه است
نعم البدل,محدود
نعم البدل,معدود
نعم البدل,نبيگ
نعم البدل,نيابت
نعمت,تبرك
نعمت,دعا
نعمت,صلي الله عليه وسلم
نعمت,موهبت
نعمت,نعمت
نعمت,نيايش
نعمت,يمن
نغز,نغز
نغمات,اهنگ
نغمات,دستان
نغمات,شهناز
نغمات,لحن
نغمات,نغمه
نغمو,اهنگ
نغمو,دستان
نغمو,شهناز
نغمو,لحن
نغمو,نغمه
نغموں,اهنگ
نغموں,دستان
نغموں,شهناز
نغموں,لحن
نغموں,نغمه
نغمہ,اهنگ
نغمہ,دستان
نغمہ,شهناز
نغمہ,لحن
نغمہ,نغمه
نغمے,اهنگ
نغمے,دستان
نغمے,شهناز
نغمے,لحن
نغمے,نغمه
نفاذ,انتظامي
نفاذ,فراجا
نفاق,نفاق
نفت,سوخت
نفت,صرف كردن
نفت,نفت
نفرت,تنفر
نفرت,دشمني
نفرت,زيغ
نفرت,ستيزه
نفرت,عداوت
نفرت,عفو
نفرت,كين
نفرت,كينه
نفرت,كينه ورزيدن
نفرت,نفرت
نفرت,نفرت داشتن
نفرت كرنا,تنفر
نفرت كرنا,دشمني
نفرت كرنا,كينه ورزيدن
نفرت كرنا,نفرت داشتن
نفرتوں,تنفر
نفرتوں,دشمني
نفرتوں,زيغ
نفرتوں,ستيزه
نفرتوں,عداوت
نفرتوں,كين
نفرتوں,كينه
نفرتوں,كينه ورزيدن
نفرتوں,نفرت
نفرتوں,نفرت داشتن
نفرتيں,تنفر
نفرتيں,دشمني
نفرتيں,زيغ
نفرتيں,ستيزه
نفرتيں,عداوت
نفرتيں,كين
نفرتيں,كينه
نفرتيں,كينه ورزيدن
نفرتيں,نفرت
نفرتيں,نفرت داشتن
نفروشند,نفروشند
نفس,نفس
نفسان,نفسان
نفسم,نفسم
نفع,نفع
نفور,نفور
نفي,نفي
نفير,نفير
نقاب,برقع
نقاب,صورتك
نقاب,كاپوت
نقاب,كلاهخود
نقاب,ماسك
نقاب,نقاب
نقاب,پوشيه
نقابي,نقابي
نقاش,كشو
نقاش,ماني
نقاش,مجسمهساز
نقاش,نقاش
نقاش,نقشبند
نقد,نقد
نقش,نقش
نقشبند,نقشبند
نقشي,نقشي
نقشگر,نقشگر
نقشہ,الگو
نقشہ,تاسي
نقشہ,دستور
نقشہ,كلاشينكف
نقشہ,مدل
نقشہ,نقشه
نقشہ,نمودار
نقشہ,نمونه
نقشہ,نگاره
نقشہ,پيشوا
نقشہ,پيكر
نقشہ,چهارباغ
نقشہ,چيدمان
نقصان,اذيت
نقصان,حروم
نقصان,خسران
نقصان,زيانكار
نقصان,ضرر
نقصان,مضر
نقصان,مضرت
نقصان,موذي
نقصان,نقصان
نقصان,گزاييدن
نقصان,گزند
نقطہ,تمركز
نقطہ,كانون
نقل,ادا
نقل,اصل
نقل,تقليد
نقل,رونوشت
نقل,رونويسي
نقل,سواد
نقل,كپي
نقل,كپي كردن
نقل,نسخه
نقل,نقل
نقل,پرينت
نقل,پرينت گرفتن
نقل,پچين
نقل,چاپ
نقل,چاپ كردن
نقل نگاري,رونويسي
نقلي,بدل
نقلي,تقلبي
نقلي,جا زدن
نقلي,جعل
نقلي,جعلي
نقلي,دستي
نكاح,زناشويي
نكاح,زوجيت
نكاح,عزر
نكاح,نكاح
نكال,نكال
نكالنا,اختن
نكالنا,ارود كردن
نكالنا,استخراج كردن
نكالنا,افشره
نكالنا,برداشتن
نكالنا,برچيدن
نكالنا,دراوردن
نكالنا,زدودن
نكالنا,عصاره
نكرد,نكرد
نكردم,نكردم
نكردي,نكردي
نكشت,نكشت
نكما,اژگهان
نكما,بيكار
نكما,بيهوده
نكما,خام
نكما,سست
نكما,عاطل
نكما,كيري
نكما,نابكار
نكما,هوايي
نكما,ياوه
نكما,پفيوز
نكما,ژاژ
نكما,گپ
نكند,نكند
نكنم,نكنم
نكني,نكني
نكو,نكو
نكوتر,نكوتر
نكوست,نكوست
نم,تر
نم,رطوبت
نم,مرطوب
نم,نم
نما,نما
نمائندگي,تصوير
نمائندگي,تماشا
نمائندگي,شمايل
نمائندگي,كرن
نمائندگي,محدود
نمائندگي,مدل
نمائندگي,معدود
نمائندگي,مفسد في الارض
نمائندگي,نبيگ
نمائي,نمائي
نماز,ارادت
نماز,نماز
نماز,نماز خواندن
نمازوں,نماز
نمازوں,نماز خواندن
نمازي,نمازي
نمازيں,نماز
نمازيں,نماز خواندن
نمازيں,نمازها
نماند,نماند
نماني,نماني
نمايد,نمايد
نمبو,ابليمو
نمبو,سريش
نمبو,كرس
نمبو,كلس
نمبو,ليمو
نمبو,گرچ
نمرود,نمرود
نمرودان,نمرودان
نمستے,اباد
نمستے,اداب
نمستے,الو
نمستے,ب.ظ
نمستے,بارگاه
نمستے,بدرود
نمستے,به سلامت
نمستے,بوجي موجي
نمستے,خداحافظ
نمستے,خدافظ
نمستے,خيلي مخلصيم
نمستے,درود
نمستے,درود بر تو
نمستے,ديگدان
نمستے,سلام
نمستے,سلام عليكم
نمستے,عصر
نمستے,عصر بخير
نمستے,عصرانه
نمستے,فقره
نمستے,مثل
نمستے,مثل پلو تو دوري
نمستے,مرحبا
نمستے,مورد
نمستے,موقع
نمستے,ندا
نمستے,نماز ديگر
نمستے,نمونه
نمستے,هلو
نمستے,ياعلي
نمستے,پسين
نمستے,پشمام
نمك,اروميه
نمك,حق نمك
نمك,كوير
نمك,لواش
نمك,نمك
نمك,نمكدان
نمك حلال,اهل ايمان
نمك حلال,ايماندار
نمك حلال,بابك
نمك حلال,مؤمن
نمك حلال,وفادار
نمك حلال,يار غار
نمك حلال,پايبند
نمك حلال,پاينده
نمكين,تخمه
نمكين,خوشنمك
نمكين,خوشگوار
نمكين,شور
نمكين,شوره
نمكين,عصرانه
نمكين,مرزه
نمكين,مزه
نمكين,نمكين
نمناك,نمناك
نمو,نمو
نمود,نمود
نمودار,نمودار
نمودش,نمودش
نمودم,نمودم
نمودن,نمودن
نمودي,نمودي
نمونيا,پنوموني
نمونہ,نمونه
نمي,رطوبت
نمي,نم
نمي,نمي
نميداند,نميداند
نميدانم,نميدانم
نميداني,نميداني
نميرد,نميرد
نميري,نميري
نميگردد,نميگردد
ننالم,ننالم
ننگ,ننگ
ننگا,برهنه
ننگا,بيشرم
ننگا,خواستن
ننگا,شوخ
ننگا,عاري
ننگا,عريان
ننگا,لخت
ننگا,لچ
ننگا,مردي
ننگا,پتي
نو,نه
نو,نهصد
نو,نو
نو ابادي,تاسماني
نو ابادي,سنگاپور
نو ابادي,صحراي غربي
نو ابادي,مستعمره
نو ابادي,هندوچين
نوا,نوا
نوائي,نوائي
نواب,برق انداز
نواب,تاج محل
نواب,تاجمحل
نواب,جهانگير
نواب,خان
نواب,گوركاني
نوابادياتي,استراليا
نوابادياتي,استرليا
نوابادياتي,استريليا
نوابادياتي,استعمارگري
نواح,نواح
نواخت,نواخت
نواز,نواز
نوازد,نوازد
نوازش,ارادت
نوازش,التفات
نوازش,خواهش ميكنم
نوازش,خوبي
نوازش,خوش امديد
نوازش,خير مقدم
نوازش,سپاسگزار بودن
نوازش,عنايت
نوازش,قدمت روي چشم
نوازش,كاري نكردم
نوازش,لطف
نوازش,متشكر
نوازش,متشكر بودن
نوازش,محبت
نوازش,مرحبا
نوازش,ملاطفت
نوازش,ممنون
نوازش,ممنون بودن
نوازش,مهر
نوازش,مهرباني
نوازش,نيكي
نوازش,وظيفهام بود
نوازي,نوازي
نواست,نواست
نواسہ,نواسه
نواسہ,نوه
نوالہ,تكه
نوالہ,لقمه
نوالہ,مزه
نوالہ,پارچه
نواي,نواي
نوايان,نوايان
نوايم,نوايم
نوبت,اتفاق افتادن
نوبت,اتفاقا
نوبت,احيانا
نوبت,ارشه
نوبت,از قضا
نوبت,افتادن
نوبت,بختيار
نوبت,برخوردن
نوبت,تصادفي
نوبت,تنگنا
نوبت,خجسته
نوبت,رخ دادن
نوبت,روي دادن
نوبت,سنتور
نوبت,شانس
نوبت,فرارون
نوبت,فرخ
نوبت,فرخنده
نوبت,فرصت
نوبت,فوتسال
نوبت,قضا
نوبت,مجال
نوبت,مراعات
نوبت,مقتضيات
نوبت,مونتاژ كردن
نوبت,نوبت
نوبت,پيش امدن
نوجوان,جوان
نوجوان,نوجوان
نوجوانان,نوجوانان
نوح,نوح
نوخيز,نوخيز
نور,اشراق
نور,افرنگ
نور,باب
نور,برق
نور,تاب
نور,تذهيب
نور,توجه
نور,حالت
نور,خورشيد
نور,در
نور,رخت
نور,روحاني
نور,روحي
نور,شعبه
نور,طمطراق
نور,عرفان
نور,فاتحه
نور,فر
نور,فرگرد
نور,فصل
نور,كونين
نور,محمد
نور,مرشد
نور,معنوي
نور,نوح
نور,نور
نور,يوسف
نور,چپتر
نوراني,نوراني
نورد,نورد
نوردي,نوردي
نورزد,نورزد
نورس,نورس
نورش,نورش
نورم,نورم
نوري,نوري
نوريان,نوريان
نوش,اب حيات
نوش,اب زندگاني
نوش,اكسير
نوش,انگبين
نوش,ترياك
نوش,تند
نوش,جان دارو
نوش,شهد
نوش,عرق
نوش,عسل
نوش,كيميا
نوش,مشروب
نوش,مي
نوش,نوش
نوش,نوشدارو
نوش,نوشيدني
نوش,پادزهر
نوشت,نوشت
نوشتند,نوشتند
نوشي,ابگينه
نوشي,استكام
نوشي,بالغ
نوشي,بگماز
نوشي,دوستكان
نوشي,دوستگان
نوشي,سرو
نوشي,ليوان
نوشي,مزه
نوشي,نوشي
نوشين,نوشين
نوع,نوع
نوك,نوك
نوكر,دلاك
نوكر,مجاور
نوكر,مستخدم
نوكر,نوكر
نوكر,نوكري
نوكر شاہي,بوروكراسي
نوكراني,دلاك
نوكراني,مجاور
نوكراني,نوكر
نوكراني,نوكري
نوكري,استخدام
نوكري,اشتغال
نوكري,بازاريابي
نوكري,خدمت
نوكري,سرويس
نوكري,سفارش
نوكري,سفارش دادن
نوكري,سفارشي
نوكري,شغل
نوكري,كوچ
نوكري,مشغله
نوكري,نوكري
نوكري,هزينه
نومبر,تشرين
نومبر,تشرين ثاني
نومبر,نوامبر
نومبر,نومبر
نوميد,نوميد
نوميدي,نوميدي
نون,نون
نوني,روغن
نوني,كره
نوني,مسكه
نونيت,روغن
نونيت,كره
نونيت,مسكه
نونہال,انداختن
نونہال,بردميدن
نونہال,برنا
نونہال,جوان
نونہال,جواني
نونہال,خردسال
نونہال,دميدن
نونہال,ريدك
نونہال,سبز شدن
نونہال,شاب
نونہال,شاخ
نونہال,شليك كردن
نونہال,صبي
نونہال,عنفوان
نونہال,نهال
نونہال,نوباوه
نونہال,نوجوان
نونہال,نوچه
نوواں,اذر
نوواں,سبك خراساني
نوواں,قوس
نوواں,نهم
نوي,نوي
نويد,حلقه ازدواج
نويد,دعوت
نويد,زفاف
نويد,شادي
نويد,طوي
نويد,عروسي
نويد,نويد
نويدن,طومار
نويدن,عرض
نويدن,عرض حال
نويدن,عرض كردن
نويدن,عرضحال
نويدن,كشف
نويس,نويس
نويسندہ,دبير
نويسندہ,صاحب
نويسندہ,صاحب اين قلم
نويسندہ,فردوسي
نويسندہ,كاتب
نويسندہ,مؤلف
نويسندہ,ميرزا
نويسندہ,نويسنده
نويسندہ,پاول
نويسندہ,پولس
نويسندہ,گوينده
نوے,سلماس
نوے,نود
ني,ني
نيا,نيا
نيا عہد نامہ,انجيل
نيا عہد نامہ,عهد
نيا عہد نامہ,وصيت
نيا عہد نامہ,وصيتنامه
نيا عہد نامہ,يعقوب
نيا عہد نامہ,پاول
نيا عہد نامہ,پولس
نيائي,نيائي
نيائے,تصميم
نيائے,تصميم گرفتن
نيائے,جام زهر
نيائے,داوري
نيائے,قرار
نيائے,قضا
نيائے,قضاوت
نيابم,نيابم
نيابي,نيابي
نيارد,نيارد
نياز,نياز
نيازم,نيازم
نيازي,نيازي
نياسايد,نياسايد
نيافت,نيافت
نياكان,نياكان
نيام,نيام
نيايد,نيايد
نيت,نيت
نيتن ياہو,اسحاق
نيتن ياہو,عبراني
نيتن ياہو,عبري
نيتن ياہو,نتانياهو
نيتن ياہو,هارون
نيتن ياہو,يعقوب
نيتن ياہو,پرهام
نير,ارس
نير,اشك
نير,اشك باريدن
نير,بركندن
نير,دريدن
نير,قبا كردن
نير,كندن
نير,نير
نير,گاز اشكاور
نيرزد,نيرزد
نيرنگ,نيرنگ
نيرنگي,نيرنگي
نيرو,جنم
نيرو,خايه
نيرو,دل
نيرو,زهره
نيرو,شجاعت
نيرو,شهامت
نيرو,كنداوري
نيروي,نيروي
نيروگ,ازار
نيروگ,استوار
نيروگ,جور
نيروگ,درست
نيروگ,درواخ
نيروگ,سالم
نيروگ,سلامت
نيروگ,مرض
نيروگ,مريضي
نيروگ,چاق
نيز,نيز
نيز,هميدون
نيز,همچنان
نيز,همچنين
نيزہ,بوري
نيزہ,تير
نيزہ,خامه
نيزہ,خشت
نيزہ,زوبين
نيزہ,سنان
نيزہ,شل
نيزہ,غرو
نيزہ,قصب
نيزہ,قلم
نيزہ,قلم كردن
نيزہ,كلك
نيزہ,ناي
نيزہ,ني
نيزہ,نيزه
نيسان,نيسان
نيسانم,نيسانم
نيست,نيست
نيستان,نيستان
نيستم,نيستم
نيستي,نيستي
نيش,نيش
نيشتر,نيشتر
نيشكر,بوره
نيشكر,شكر
نيشكر,قصب
نيشكر,قند
نيشكر,قند خون
نيشكر,كاكنج
نيشكر,كند
نيشكر,نبات
نيشكر,ني
نيشكر,نيشكر
نيشكر,پانيد
نيشكر,چوبدست
نيشي,نيشي
نيفتد,نيفتد
نيك,افضل
نيك,درست
نيك,درستكار
نيك,راد
نيك,سهي
نيك,شاهيدن
نيك,صالح
نيك,فريور
نيك,كندوري
نيك,نشسن
نيك,نيك
نيك,پارسا
نيك,چينود
نيكان,نيكان
نيكي,بخاطر
نيكي,تقوا
نيكي,تقوي
نيكي,حسن
نيكي,خاصيت
نيكي,خوبي
نيكي,صلاح
نيكي,فضل
نيكي,نيكي
نيكي,هنر
نيل,به دست امدن
نيل,تازه
نيل,جيزه
نيل,قدرت هستهاي
نيل,كبود
نيل,كبودي
نيل,كوفتن
نيل,مغرب
نيل,نيل
نيل,نيلي
نيل,وسمه
نيل پالش,ارايش
نيل پالش,بوري
نيل پالش,شير
نيل پالش,صيقل
نيل پالش,كاربردي
نيل پالش,لاك
نيل پالش,لهستاني
نيل پالش,ميخ
نيل پالش,ناخن
نيل پالش,نخون
نيل پالش,واكس
نيل پالش,پرداختن
نيلي,نيلي
نيلگون,نيلگون
نيم,اصل
نيم,افسار
نيم,التزام
نيم,اپوش
نيم,بايد
نيم,تعهد
نيم,تقوا
نيم,تقوي
نيم,توبه
نيم,خويشتنداري
نيم,ديانت
نيم,رعايت
نيم,ضابطه
نيم,فرض
نيم,قرارداد
نيم,قرنطينه
نيم,قول
نيم,قيد
نيم,كنترات
نيم,مراعات
نيم,مسلك
نيم,منت
نيم,مهر
نيم,ناموس
نيم,نيم
نيم,وظيفه
نيم,پيمان
نيم,چك
نيند,ابدي
نيند,ايدهال
نيند,تنبلي
نيند,جاود
نيند,جاودان
نيند,جاويد
نيند,حيوان
نيند,خرس تنبل
نيند,خستگي
نيند,خو
نيند,خواب
نيند,خواب ديدن
نيند,رؤيا
نيند,غنودن
نيند,غنوده
نيند,ماندگار
نيند,نوم
نيند,نيند
نيند,پينكي
نيند,گزارش
نينديشد,نينديشد
نينوں,نايين
نيو يارك,اباضيه
نيو يارك,اضافه
نيو يارك,به علاوه
نيو يارك,جدا از
نيو يارك,جمع
نيو يارك,سكاستان
نيو يارك,سيستان
نيو يارك,علاوه
نيو يارك,كلانشهر
نيو يارك,مجاور
نيو يارك,نيويورك
نيو يارك,يورك
نيو يارك,پسكوچه
نيوجن,بند
نيوجن,فرات
نيوزي لينڈ,استراليا
نيوزي لينڈ,استرليا
نيوزي لينڈ,استريليا
نيوزي لينڈ,اقيانوسيه
نيوزي لينڈ,ايالات متحده امريكا
نيوزي لينڈ,زلاند نو
نيوزي لينڈ,فيجي
نيوزي لينڈ,پاپوا گينه نو
نيوزي لينڈ,چكمه
نيوزي لينڈ,گواهينامه رانندگي
نيوش,نيوش
نيپال,اسياي جنوبي
نيپال,نيپال
نيپال,نپال
نيچا,عمره
نيچا,پول
ن٘,تشديد
ن٘,ته
ن٘,زبر
ن٘,زير
ن٘,سكون
ن٘,شكستهنستعليق
ن٘,فرشگرد
ن٘,فرهنگي
ن٘,فينال
ن٘,قزلباش
ن٘,قطعي
ن٘,متقارب
ن٘,مرخ
ن٘,مغشوش
ن٘,نستعليق
ن٘,نهائي
ن٘,نهايي
ن٘,هي
ن٘,◌ؖ
نپنداري,نپنداري
نچوڑنا,اختن
نچوڑنا,استخراج كردن
نچوڑنا,افشره
نچوڑنا,تنجيدن
نچوڑنا,دراوردن
نچوڑنا,درست
نچوڑنا,دقيق
نچوڑنا,عصاره
نچوڑنا,عيني
نچوڑنا,فشار
نچوڑنا,فشردن
نچوڑنا,همچنين
نچوڑنا,◌ؖ
نژاد,ادم
نژاد,افت
نژاد,افت كردن
نژاد,ال
نژاد,تبار
نژاد,تك
نژاد,جنس
نژاد,دودمان
نژاد,عرق
نژاد,نام و نشان
نژاد,ناورد
نژاد,نسل
نژاد,نژاد
نژاد,پشت
نژاد,پيست
نژاد,چهر
نژند,نژند
نگار,ابريسازي
نگار,اليجو
نگار,تصوير
نگار,جانان
نگار,خندان
نگار,دلبر
نگار,رسم
نگار,زمينه
نگار,صنم
نگار,عكس
نگار,فغ
نگار,معشوقه
نگار,مينياتور
نگار,نقاشي
نگار,نقش
نگار,نگار
نگار,هاليوود
نگار,پرتره
نگار,پيكر
نگاري,نگاري
نگاه,نگاه
نگاہ,تامل
نگاہ,تماشا
نگاہ,جنبه
نگاہ,جهت
نگاہ,حفاظت
نگاہ,حيثيت
نگاہ,خرمك
نگاہ,راستاد
نگاہ,شيوه
نگاہ,طلعت
نگاہ,مد نظر
نگاہ,مراعات
نگاہ,مشاهده
نگاہ,منظر
نگاہ,منظور
نگاہ,نظر
نگاہ,نهور
نگاہ,نوراني
نگاہ,نگاه
نگاہ,هي
نگاہ,وقع
نگاہ,پاس
نگاہ,پاسباني
نگاہ,گوشه چشم
نگاہوں,شيوه
نگاہوں,نهور
نگاہوں,نگاه
نگاہوں,گوشه چشم
نگاہيں,شيوه
نگاہيں,نهور
نگاہيں,نگاه
نگاہيں,گوشه چشم
نگذاشت,نگذاشت
نگر,دهاتي
نگر,دهگان
نگر,شانگهاي
نگر,شهري
نگر,قصبه
نگر,مدني
نگر,نگر
نگران,نگران
نگراني,سرپرستي
نگراني,نظارت
نگردد,نگردد
نگري,نگري
نگريد,نگريد
نگريستند,نگريستند
نگفت,نگفت
نگنجد,نگنجد
نگنجم,نگنجم
نگون,نگون
نگويد,نگويد
نگويم,نگويم
نگيرد,نگيرد
نگيرم,نگيرم
نگيرند,نگيرند
نگيري,نگيري
نگين,نگين
نگينم,نگينم
نگيني,نگيني
نہ,استفهام انكاري
نہ,به
نہ,تجاهلالعارف
نہ,تلقين
نہ,جان نثار
نہ,را
نہ,علي
نہ,فارسيات
نہ,مگر نه
نہ,نفي
نہ,هم
نہ,هيچكدام
نہاد,ادم
نہاد,اساس
نہاد,استعداد
نہاد,انداختن
نہاد,بيخ
نہاد,تبار
نہاد,تك
نہاد,تمايل
نہاد,ته
نہاد,تولد
نہاد,توليد
نہاد,جنس
نہاد,خلق
نہاد,خو
نہاد,خيم
نہاد,دماغ
نہاد,دوره
نہاد,ريشه
نہاد,زادن
نہاد,زايمان زودرس
نہاد,زايمان طبيعي
نہاد,زايمان كردن
نہاد,زاييدن
نہاد,زه
نہاد,زيربنا
نہاد,شناسنامه
نہاد,شيب
نہاد,طبيعت
نہاد,فرومايه
نہاد,مبنا
نہاد,ناورد
نہاد,نسل
نہاد,نهاد
نہاد,نژاد
نہاد,پايه
نہاد,پايگاه
نہاد,پشت
نہاد,پيست
نہانا,حمام
نہانا,خيار چنبر
نہانا,دوش
نہانا,دوش گرفتن
نہانا,رگبار
نہانا,شاور
نہانا,شاور گرفتن
نہانا,صلي الله عليه وسلم
نہانا,غسل كردن
نہايت,افراطي
نہايت,بيداد كردن
نہايت,تعارف
نہايت,تعارف تيكه پاره كردن
نہايت,حد
نہايت,خاك بر سر
نہايت,خان
نہايت,خوناب
نہايت,دايره
نہايت,دق
نہايت,راس
نہايت,ركورد
نہايت,سامان
نہايت,سخت
نہايت,سر
نہايت,سندروس
نہايت,سوزان
نہايت,كران
نہايت,كنار
نہايت,مر
نہايت,مرز
نہايت,مسكين
نہايت,مفرط
نہايت,منتها
نہايت,نهايت
نہايت,پرستيدن
نہايت,چينود
نہايت,گرفتار
نہايت,گزاف
نہتا,بيچاره
نہتا,درمانده
نہتا,زبون
نہتا,ستوه
نہتا,غيرت
نہتا,فروماندن
نہتا,قاصر
نہتا,ناچار
نہتا,ناگزير
نہضت,اذار
نہضت,امن
نہضت,ايمن
نہضت,تظاهر
نہضت,تظاهرات
نہضت,جام زهر
نہضت,خيزان
نہضت,دفيله
نہضت,راهپيمايي
نہضت,رحلت
نہضت,رحيل
نہضت,ريزشي
نہضت,سند
نہضت,سورسات
نہضت,ضد
نہضت,طالع
نہضت,عزر
نہضت,عزيمت
نہضت,عليه
نہضت,كابل
نہضت,مارس
نہضت,مارچ
نہضت,ماهور
نہضت,محاربه
نہضت,هم گيمي
نہيں,نفي
نے,ان
نے,تشريف
نے,جابجا
نے,خواستن
نے,خوردن
نے,را
نے,شدن
نے,فرمودن
نے,فعل متعدي
نے,كر كردن
نے,كردن
نے,ماژيك
نے,مر
نے,نشانگر
نے,يدن
هوا,هوا
وا,باز
وا,تخته
وا,خرگاه
وا,عريض
وا,فراخ
وا,وا
وا,واز
وا,وب
وا,وسيع
وا,پهن
وا,گشاد
وابستگي,ارادت
وابستگي,التزام
وابستگي,الحاق
وابستگي,بايد
وابستگي,تعلق
وابستگي,تعهد
وابستگي,دلبستگي
وابستگي,دوستيابي
وابستگي,صله
وابستگي,ضميمه
وابستگي,علاقه
وابستگي,فرض
وابستگي,قيد
وابستگي,منت
وابستگي,وظيفه
وابستگي,پيوست
واجب,اوكي
واجب,باب
واجب,بايستن
واجب,حياتي
واجب,درخور
واجب,دركار
واجب,ضروري
واجب,لازم
واجب,لازمه
واجب,متناسب
واجب,مقتضا
واجب,مناسب
واجب,واجب
واجب,وارد
واجب القتل,محكوم
واجب القتل,مسئول
وادرا,ارباب
وادرا,زميندار
وادي,دره
وادي,دري
وادي,سند
وادي,فردوس
وادي,كند
وادي,كنر
وادي,لاي
وادي,وادي
وادي,واله دائوستا
وادي,يغناب
وادئ سندھ كي تہذيب,اباداني
وادئ سندھ كي تہذيب,از بين بردن
وادئ سندھ كي تہذيب,ايلام
وادئ سندھ كي تہذيب,دره
وادئ سندھ كي تہذيب,دري
وادئ سندھ كي تہذيب,سغد
وادئ سندھ كي تہذيب,سند
وادئ سندھ كي تہذيب,عيلام
وادئ سندھ كي تہذيب,فردوس
وادئ سندھ كي تہذيب,كابل
وادئ سندھ كي تہذيب,كند
وادئ سندھ كي تہذيب,كنر
وادئ سندھ كي تہذيب,لاي
وادئ سندھ كي تہذيب,مدنيت
وادئ سندھ كي تہذيب,مهران
وادئ سندھ كي تہذيب,نابود كردن
وادئ سندھ كي تہذيب,هندوستان
وادئ سندھ كي تہذيب,هندي
وادئ سندھ كي تہذيب,واله دائوستا
وادئ سندھ كي تہذيب,يغناب
وار,تعرض
وار,كلاشينكف
وار,هفته
وار,وار
وارانسي,بنارس
وارث,وارث
وارث,وليعهد
وارد,اتفاق
وارد,تاور
وارد,حادثه
وارد,دفعه
وارد,واقعه
واردات,واردات
وارداتش,وارداتش
وارستگي,وارستگي
واز,باز
واز,تخته
واز,خرگاه
واز,عريض
واز,فراخ
واز,واز
واز,وب
واز,وسيع
واز,پهن
واز,گشاد
واسط,سفير
واسط,شفيع
واسط,ميانجي
واسط,واسط
واسطہ,بابت
واسطہ,باعث
واسطہ,تعلق
واسطہ,حساب
واسطہ,خصوص
واسطہ,خلال
واسطہ,در نظر گرفتن
واسطہ,دربند
واسطہ,دفتر
واسطہ,دلال
واسطہ,سفير
واسطہ,شفيع
واسطہ,شهادت
واسطہ,عن
واسطہ,كميسيون
واسطہ,متوسط
واسطہ,محرك
واسطہ,منظور
واسطہ,موجب
واسطہ,ميانجي
واسطہ,نگراني
واسطہ,واسط
واسطہ,واسطه
واسطہ,وسناد
واسطہ,وسيله
واسطہ,پروا
واسطہ,گزارش
واسع,باز
واسع,تخته
واسع,خرگاه
واسع,عريض
واسع,فراخ
واسع,فراوان
واسع,واز
واسع,وب
واسع,وسيع
واسع,پر
واسع,پهن
واسع,گشاد
واسكٹ,جليقه
واسي,اراكي
واسي,اهل
واسي,باشنده
واسي,بغامه
واسي,بنه
واسي,بنگالي
واسي,بودباش
واسي,جايگاه
واسي,رازي
واسي,ساكن
واسي,سراي
واسي,سرداب
واسي,مسكن
واسي,مشهدي
واسي,مقام
واسي,مقر
واسي,مقيم
واسي,منزل
واسي,هندو
واسي,يغنابي
واسي,پاميري
واسي,گجراتي
واضح,اشكارا
واضح,صريح
واضح,ظاهر
واضح,مشهود
واضح,مظهر
واضح,نمايان
واضح,نمودار
واضح,هويدا
واضح,واضح
واضح,وليعهد
واضح,پديد
واضح,پديدار
واضح,پيدا
واعظ,واعظ
وافر,وافر
واقع,ايرلند شمالي
واقع,زبر
واقع,كراچي
واقع,واقع
واقعي,اصلي
واقعي,باروري
واقعي,تصديق
واقعي,حتما
واقعي,حسابي
واقعي,حقيقي
واقعي,در حقيقت
واقعي,در واقع
واقعي,راست
واقعي,راستش
واقعي,راستي
واقعي,رخت
واقعي,صادق
واقعي,صدق كردن
واقعي,لاجرم
واقعي,مسلما
واقعي,معتبر
واقعي,مگر
واقعي,نه پس
واقعي,هراينه
واقعي,واقعا
واقعي,واقعي
واقعي,يعني
واقعي,يقينا
واقعي,گنده گوزي
واقعہ,اتفاق
واقعہ,برخورد
واقعہ,برخوردن
واقعہ,تاور
واقعہ,تقابل
واقعہ,حادثه
واقعہ,دفعه
واقعہ,دچار
واقعہ,لقا
واقعہ,ملاقات
واقعہ,واقعه
واقعہ,گير كردن
واقف,ازموده
واقف,افضل
واقف,اهل معرفت
واقف,اگاه
واقف,اگاهيدن
واقف,جهانديده
واقف,خبردار
واقف,دانا
واقف,دوره
واقف,عالم
واقف,عرفان
واقف,عليم
واقف,فرزانه
واقف,مؤدب
واقف,متعادل
واقف,معقول
واقف,ملتفت
واقف,هوشيار
واقف,واقف
واقف,وقوف
واقف,ويرا
واكيہ,اوكي
واكيہ,بند «پ»
واكيہ,جمله
واكيہ,حكم
واكيہ,قضا
واكيہ,كه
واكيہ,هم
واكيہ,گزاره
والا,والا
والدين,والدين
والي,والي
وام,وام
وامن,ابابيل
وامن,اسفند
وامن,خرطوم
وامن,خمس
وامن,سل
وامن,شنگ
وامن,فيل
وامن,فيلمرغ
وامن,كجك
وامن,كنجر
وامن,كوتوله
وامن,مرداد
وامن,پنجم
وامن,پنجم درست
وامن,پيل
وان,ار
وان,اكثر
وان,الو
وان,ان
وان,انه
وان,اوكي
وان,تميز
وان,حاجي
وان,دارا
وان,قيمتي
وان,كارگر
وان,كردن
وان,مضبوط
وان,هاي
وان,هم
وان,هندوستان
وان,وار
وان,وان
وان,وند
وان,ين
وان,گان
وانما,وانما
وانمود,وانمود
وانمودن,وانمودن
وانمودي,وانمودي
واوين,شاهد
واوين,متقارب
واوين,هي
واي,واي
واپسي,احيا
واہ,واه
واہك,اجرا
واہك,باربر
واہك,حمل
واہك,دربان
واہك,سقا
واہك,صندل
واہك,كميسيون
واہك,مجري
وبا,ابتلا
وبا,ازار
وبا,افت
وبا,بلا
وبا,بلاي عشق
وبا,به ستوه اوردن
وبا,درد
وبا,رنج
وبا,سرايت
وبا,سوگ
وبا,همهگير
وبا,همهگيري
وبا,واگيردار
وبا,وبا
وبال,وبال
وبال دوش,بار
وبال دوش,بهانه
وبال دوش,تقصير
وبال دوش,تنگ
وبال دوش,زحمت نكشيد
وبال دوش,ستور
وبال دوش,كودن
وبال دوش,چهارپا
وبال دوش,گناه
وبھاگ,اداره
وبھاگ,اورژانس
وبھاگ,بردو
وبھاگ,تولوز
وبھاگ,خوره
وبھاگ,ديوان
وبھاگ,دپارتمان
وبھاگ,صرافي
وبھاگ,كومور
وبھاگ,وانده
وبھاگ,پنتاگون
وبھاگ,گاه
وتر,التفات
وتر,تنها
وتر,جدا
وتر,جداگانه
وتر,خلوت
وتر,ول كردن
وتر,يكه
وثاق,وثاق
وجد,وجد
وجود,وجود
وجودش,وجودش
وجہ,ابهت
وجہ,تشريف
وجہ,جنبه
وجہ,جهت
وجہ,حضرت
وجہ,حضور
وجہ,حقوق
وجہ,ديم
وجہ,راستاد
وجہ,رخسار
وجہ,شهريه
وجہ,طلعت
وجہ,غريبي كردن
وجہ,لقا
وجہ,معاش
وجہ,منظر
وجہ,نسبت
وجہ,نمايش
وجہ,نوراني
وجہ,هي
وجہ,وجود
وجہ,پي
وجہ,چهره
وحدت,وحدت
وحشت,وحشت
وحي,وحي
وداع,وداع
ودكا,ودكا
ودوان,افضل
ودوان,اهل معرفت
ودوان,اگاه
ودوان,باهوش
ودوان,حكمت
ودوان,حكيم
ودوان,دانا
ودوان,دانشمند
ودوان,دوره
ودوان,رد
ودوان,زبل
ودوان,زرنگ
ودوان,زنير
ودوان,زيرك
ودوان,شاگرد
ودوان,ظريف
ودوان,عالم
ودوان,عرفان
ودوان,عليم
ودوان,فرزانه
ودوان,مؤدب
ودوان,محقق
ودوان,هوشمند
ودوان,هوشيار
ودوان,ويرا
ودوان,چالاك
وديارتھي,ارزومند
وديارتھي,تم
وديارتھي,تيله
وديارتھي,حدقه
وديارتھي,خواننده
وديارتھي,خواهان
وديارتھي,دانشاموز
وديارتھي,دانشجو
وديارتھي,دانشمند
وديارتھي,دستيار
وديارتھي,شاگرد
وديارتھي,طالب
وديارتھي,كارخانگي
وديارتھي,كاك
وديارتھي,مايل
وديارتھي,محقق
وديارتھي,مردم
وديارتھي,مردمك
وديارتھي,مشتاق
وديارتھي,ميلاو
ودھان,قانونگذاري
ودھان سبھا,استفساريه
ودھان سبھا,سبها
ودھان سبھا,كانگرس
ودھان سبھا,كنگره
ودھان سبھا,ولايت فقيه
ودھوا,بيوه
ودھوا,كانم
ور,ور
وراثت,ارث
وراثت,عرب پرست
وراثت,ميراث
ورد,ورد
ورزش,تكيدن
ورزش,تماشا
ورزش,تمرين
ورزش,خرقه
ورزش,خلق
ورزش,خوي
ورزش,رزمايش
ورزش,سنت
ورزش,عادت
ورزش,كباده
ورزش,مشق
ورزش,نرمش
ورزش,هنجار
ورزش,ورز
ورزش,ورزش
ورزش,ورزش كردن
ورزش,ورزيدن
ورزش,پيشه
ورزش,گلف
ورزش بازي,داربي
ورزش بازي,شاگرد
ورزش بازي,ورزش بازي
ورزش خانہ,باشگاه
ورزش خانہ,زورخانه
ورزش خانہ,نوچه
ورزش خانہ,ورزشگاه
ورزيد,ورزيد
ورق,ورق
ورنہ,اندي
ورنہ,جا زدن
ورنہ,دستاويز
ورنہ,فارس
ورنہ,مابازاء
ورنہ,مافوق
ورنہ,متعلق
ورنہ,والا
ورنہ,وگرنه
ورودھ,افند
ورودھ,اينرسي
ورودھ,اپوزيسيون
ورودھ,بغاوت
ورودھ,تضاد
ورودھ,جنگ
ورودھ,جنگيدن
ورودھ,جهاد
ورودھ,حرب
ورودھ,خاش
ورودھ,خلاف
ورودھ,در صورتي كه
ورودھ,ستيزي
ورودھ,ضد
ورودھ,مبارزه
ورودھ,محاربه
ورودھ,مخالفت
ورودھ,مقابله
ورودھ,مقاومت
ورودھ,مواجهه
ورودھ,نبرد
ورودھ,نزاع
وز,وز
وزارت,وزارت
وزارت خارجہ,اداره
وزارت خارجہ,صدر
وزارت خارجہ,مسائل
وزارت خارجہ,وزارت
وزارت خارجہ,وزير خارجه
وزارت دفاع,حمايت
وزارت دفاع,دفاع
وزارت دفاع,وزارت
وزارت دفاع,پاد
وزارت دفاع,پدافند
وزد,وزد
وزن,ترازو
وزن,تعادل
وزن,سلامت
وزن,ميزان
وزير,خواجه
وزير,دستور
وزير,صدر
وزير,صدراعظم
وزير,فرزين
وزير,كاردار
وزير,نخستوزير
وزير,وزير
وزير,وزير اعظم
وزير,وزير خارجه
وزير اعظم,تيم
وزير اعظم,خواجه
وزير اعظم,دستور
وزير اعظم,سراي
وزير اعظم,صدر
وزير اعظم,صدراعظم
وزير اعظم,عظيم
وزير اعظم,عنفوان
وزير اعظم,فاخر
وزير اعظم,كاردار
وزير اعظم,كبير
وزير اعظم,محرك بيحركت
وزير اعظم,نخستوزير
وزير اعظم,وزير
وزير اعظم,وزير اعظم
وزير اعظم,وزير خارجه
وزير اعظم,گراندوشس
وزير اعظم,گراندوك
وزير اعلي,صدر
وزير اعلي,صدراعظم
وزير اعلي,كاردار
وزير اعلي,نخستوزير
وزير اعلي,وزير
وزير اعلي,وزير اعظم
وزير اعلي,وزير خارجه
وزير خارجہ,صدر
وزير خارجہ,صدراعظم
وزير خارجہ,كاردار
وزير خارجہ,نخستوزير
وزير خارجہ,وزير
وزير خارجہ,وزير اعظم
وزير خارجہ,وزير خارجه
وزير دفاع,حمايت
وزير دفاع,دفاع
وزير دفاع,صدر
وزير دفاع,صدراعظم
وزير دفاع,كاردار
وزير دفاع,نخستوزير
وزير دفاع,وزير
وزير دفاع,وزير اعظم
وزير دفاع,وزير خارجه
وزير دفاع,پاد
وزير دفاع,پدافند
وزيرستان,بلتستان
وزيرستان,حجاز
وزيرستان,وزيرستان
وزيري,وزيري
وستو,انباشتن
وستو,بار
وستو,بنه
وستو,دارايي
وستو,سامان
وستو,مايه
وستو,چمدان
وسرجت,متروك
وسرجت,مهجور
وسرجت,ويرانه
وسرجت,يله
وسرجن,اخه
وسرجن,البرز
وسرجن,انجام
وسرجن,اور
وسرجن,اي
وسرجن,بت
وسرجن,بيخبر
وسرجن,تدريس
وسرجن,ترك
وسرجن,سر
وسرجن,سرانجام
وسرجن,سست
وسرجن,شنبليله
وسرجن,صنم
وسرجن,عطا
وسرجن,فرجام
وسرجن,فرخار
وسرجن,فغ
وسرجن,نتيجه
وسرجن,ون
وسرجن,پايان
وسعت,اساني
وسعت,بساخ
وسعت,توسعه
وسعت,راحت
وسعت,راحتي
وسعت,سادگي
وسعت,فارغ البال
وسعت,فرصت
وسعت,وسعت
وسلن,پهلوي
وسلن,◌ؖ
وسمہ,ابرو
وسمہ,استراليا
وسمہ,استرليا
وسمہ,استريليا
وسمہ,اكسيتانيا
وسمہ,ايران
وسمہ,بارانداز
وسمہ,برار
وسمہ,بلخ
وسمہ,شروان
وسمہ,كبود
وسمہ,نيل
وسمہ,نيلي
وسمہ,وسمه
وسواس,وسواس
وسيع,باز
وسيع,باقالي
وسيع,باقلا
وسيع,تخته
وسيع,خرگاه
وسيع,زمان
وسيع,عريض
وسيع,فراخ
وسيع,واز
وسيع,وب
وسيع,وسيع
وسيع,پهن
وسيع,گشاد
وش,وش
وشواس,اطمينان
وشواس,اعتبار
وشواس,اعتماد
وشواس,وثوق
وشوہ,جهان
وشوہ,جهاني
وشوہ,جهانگير
وشوہ,درست
وشوہ,شمولي
وشوہ,عالم
وشوہ,كائنات
وشوہ,كليات
وشوہ,كيهان
وشوہ,كيهاني
وشوہ,چادر شب
وشوہ,گيتي
وشيش,افضل
وشيش,برجسته
وشيش,بوالعجب
وشيش,تاكيد
وشيش,خاص
وشيش,خاصه
وشيش,را
وشيش,سرافراز
وشيش,صاحب
وشيش,عجيب
وشيش,فرهنگي
وشيش,متمايز
وشيش,مختص
وشيش,مردي
وشيش,مستغرب
وشيش,معلوم
وشيش,ممتاز
وشيش,ويژه
وشيش,ويژگي
وصال,اغوش
وصال,ترك
وصال,كنار
وصال,وصال
وصال,پذيرفتن
وصال,چنگ
وصالش,وصالش
وصالي,وصالي
وصل,وصل
وصيت,انجيل
وصيت,عهد
وصيت,وصيت
وصيت,وصيتنامه
وصيت,يعقوب
وصيت,پاول
وصيت,پولس
وضع,اختراع
وضع,اسلوب
وضع,به وجود اوردن
وضع,بوذاسف
وضع,تحويل
وضع,تسليم
وضع,تهيه كردن
وضع,جزيه
وضع,خراساني
وضع,رسم
وضع,ساختن
وضع,سنت
وضع,شعار
وضع,فاخره
وضع,مردمگياه
وضع,وضع
وضو,ابدست
وضو,دستنماز
وضو,وضو
وطن,امت
وطن,تبت
وطن,خونيرث
وطن,ديار
وطن,غيرت
وطن,فارسستان
وطن,فلسطين
وطن,قدرت هستهاي
وطن,قوم
وطن,كشور
وطن,مردم
وطن,ملت
وطن,ميهن
وطن,هجران
وطن,وطن
وطن,پارس
وعدہ,التزام
وعدہ,وثيقه
وعدہ,پيمان
وعدہ,گرو
وعدہ,گروگان
وعدے,التزام
وعدے,وثيقه
وعدے,پيمان
وعدے,گرو
وعدے,گروگان
وعظ,وعظ
وغا,وغا
وغيرہ,الخ
وغيرہ,تردد
وغيرہ,رويانيدن
وغيرہ,متوجه
وغيرہ,و غيره
وفا,استقامت
وفا,حق نمك
وفا,راستي
وفا,وفا
وفا,وفاداري
وفا,پايندگي
وفاؤ,استقامت
وفاؤ,حق نمك
وفاؤ,راستي
وفاؤ,وفا
وفاؤ,وفاداري
وفاؤ,پايندگي
وفاؤں,استقامت
وفاؤں,حق نمك
وفاؤں,راستي
وفاؤں,وفا
وفاؤں,وفاداري
وفاؤں,پايندگي
وفائيں,استقامت
وفائيں,حق نمك
وفائيں,راستي
وفائيں,وفا
وفائيں,وفاداري
وفائيں,پايندگي
وفادار,وفادار
وفاداري,وفاداري
وفاق,اهنگ
وفاق,تاتارستان
وفاق,داغستان
وفاق,دمساز
وفاق,فدراسيون
وفاق,فدراسيون روسيه
وفاق,كوالالامپور
وفاق,كولمبيا
وفاق,مسكو
وفاق,هماهنگي
وفاق,يكدلي
وفد,ايلچي
وفد,سفير
وفد,فرستاده
وفور,وفور
وقار,جاه
وقار,حل
وقار,حيا
وقار,حيثيت
وقار,رفع
وقار,سفت
وقار,سنگ
وقار,عفت
وقار,غليظ
وقار,قدر
وقار,قطعنامه
وقار,كرامت
وقار,مقام
وقار,مكان
وقار,نخوت
وقار,وضوح
وقار,وقار
وقار,وقع
وقت,وقت
وقتي,وقتي
وقف,ارادت
وقف,ايستادن
وقف,بنياد
وقف,جان سالم به در بردن
وقف,جان نثار
وقف,خيرات
وقف,خيريه
وقف,ديندار
وقف,سالك
وقف,صدر
وقف,صدقه
وقف,عابد
وقف,ماندن
وقف,مانيد
وقف,مخلص
وقف,مريد
وقف,مندن
وقف,موندن
وقف,ميگم
وقف,نشانه سجاوندي
وقف,نيكوكاري
وقف,وديعه
وقف,وصيت
وقف,وقف
وقف,وقفه
وقف,پهلويسم
وقفہ,بازه
وقفہ,برهه
وقفہ,خلال
وقفہ,كرن
وقفہ,ميگم
وقفہ,وقفه
وقفہ,پرده
وقوع,اتفاق
وقوع,انا لله و انا اليه راجعون
وقوع,تاور
وقوع,تراژدي
وقوع,حادثه
وقوع,دفعه
وقوع,واقعه
وكاس,اباداني
وكاس,تحول
وكاس,توسعه
وكاس,نمو
وكٹ,دريچه
وكھيات,ارباب
وكھيات,انوشيروان
وكھيات,جيزه
وكھيات,سرشناس
وكھيات,سلبريتي
وكھيات,شهره
وكھيات,مشهور
وكھيات,معروف
وكھيات,نامبردار
وكھيات,نامدار
وكھيات,نامور
وكھيات,نامي
وكھيات,گلستان
ولا,ولا
ولادت,ولادت
ولايت,اباد
ولايت,ابادان
ولايت,استراليا
ولايت,استرليا
ولايت,استريليا
ولايت,افت
ولايت,افت كردن
ولايت,افق
ولايت,اكسيتانيا
ولايت,اندلس
ولايت,انگلستان
ولايت,ايران
ولايت,بارانداز
ولايت,برار
ولايت,برطانيه
ولايت,بريتانيا
ولايت,بريتانياي كبير
ولايت,بلخ
ولايت,بلوچستان
ولايت,بوم
ولايت,تبار
ولايت,تخار
ولايت,تخارستان
ولايت,تسلط
ولايت,توران
ولايت,جابجا
ولايت,حاكميت
ولايت,حجاز
ولايت,حركت كردن
ولايت,حكمراني
ولايت,حوزه
ولايت,دولت
ولايت,سكاستان
ولايت,سلطه
ولايت,سند
ولايت,سووشون
ولايت,سيستان
ولايت,شروان
ولايت,شهر
ولايت,طالبان
ولايت,فوتباليست
ولايت,قلمرو
ولايت,كردستان
ولايت,كشور
ولايت,كولمبيا
ولايت,كيرل
ولايت,لرستان
ولايت,ماه
ولايت,ملك
ولايت,ملكوت
ولايت,مملكت
ولايت,وسمه
ولايت,ولايت
ولايت,پادشاهي بريتانياي كبير
ولايت,پرجمعيت
ولايت,پشت
ولايت,گرودمان
ولايت,گيرودار
ولايتي,اجنبي
ولايتي,غريب
ولايتي,غريبه
ولايتي,وارد
ولايتي,وارد شدن
ولايتي بينگن,تماته
ولايتي بينگن,رب
ولايتي بينگن,سيب
ولايتي بينگن,كخ
ولايتي بينگن,مازو
ولايتي بينگن,پامادور
ولايتي بينگن,گرجه
ولايتي بينگن,گوجهفرنگي
ولد,اولاد
ولد,باروري
ولد,بيگزاده
ولد,زاده
ولد,زه
ولد,شاهزاده
ولد,عيال
ولد,فرزند
ولد,نسل
ولنديز,امستردام
ولنديز,بلجيم
ولنديز,بلژيك
ولنديز,فلمنك
ولنديز,لاهه
ولنديز,لوتارنژي
ولنديز,هلند
ولنديز,هلندي
ولنديز,گاليا
ولنديزي,امستردام
ولنديزي,بلجيم
ولنديزي,بلژيك
ولنديزي,فلمنك
ولنديزي,فلمنكي
ولنديزي,لاهه
ولنديزي,لوتارنژي
ولنديزي,هلند
ولنديزي,هلندي
ولنديزي,گاليا
ولول,مشهد
ولولہ,تول
ولولہ,جلب
ولولہ,جنجال
ولولہ,سر و صدا
ولولہ,سروصدا
ولولہ,سريش
ولولہ,شور
ولولہ,غرغر
ولولہ,غريو
ولولہ,غلغله
ولولہ,غوغا
ولولہ,قيل و قال
ولولہ,نوحه
ولولہ,همهمه
ولولہ,هياهو
ولولہ,وغا
ولي,بان
ولي,حافظ
ولي,رقيب
ولي,قيم
ولي,محبوب
ولي,مدافع
ولي,مورد علاقه
ولي,ولي
ولي,يار
ولي,پاتوق
وليكن,وليكن
ولے پارلے,اورنگاباد
ولے پارلے,باليوود
ولے پارلے,بمبئي
ولے پارلے,حومه
ولے پارلے,زبون
ولے پارلے,ششت
ولے پارلے,قبيح
ولے پارلے,ممبي
ولے پارلے,نابكار
ولے پارلے,پيس
ومان,طياره
ومان,فروند
ومان,هواپيما
ومان,پهپاد
ومانتل,فرودگاه
ومانتل,ميدان هوايي
ومانتل,گيت
ونا,شلم شوربا
ونا,فاقد
ونا,كم
ونا,كممايه
ونا,مك
ونا,نادار
ونشج,اولاد
ونشج,علوي
ونشج,نسل
ونشج,وارث
ونشج,وليعهد
وو,وو
وواد,بحث
وواد,جنگ
وواد,دعوا
وواد,دليل
وواد,مشاجره
وواد,پرخاش
وواہ,حلقه ازدواج
وواہ,زفاف
وواہ,شادي
وواہ,طوي
وواہ,عروسي
وي,وي
وياكرن,بهانه
وياكرن,تاويل
وياكرن,تجزيه
وياكرن,تحليل
وياكرن,تشريح
وياكرن,تصريح
وياكرن,تعريف
وياكرن,توضيح
وياكرن,حال
وياكرن,حل
وياكرن,دستور
وياكرن,دستور زبان
وياكرن,نحو
وياكرن,ياساق
ويتنام,هندوچين
ويتنام,ويتنام
ويد,حكيم
ويد,دكتر
ويد,طبيب
ويد,پزشك
وير,تهم
وير,جنگنده
وير,مبارز
وير,متقارب
وير,مجاهد
وير,پيشمرگه
وير,گو
ويران,تيره
ويران,خفه
ويران,دژم
ويران,سوت و كور
ويران,شؤم
ويران,مهجور
ويران,ويران
ويراني,ويراني
ويريہ,اب كير
ويريہ,اب مني
ويريہ,اسپرم
ويريہ,تخم
ويريہ,دانه
ويريہ,مني
ويريہ,نهنگ عنبر
ويريہ,وال
ويريہ,گشناب
ويكيوم كلينر,جاروب
ويكيوم كلينر,جاروبرقي
ويكيوم كلينر,خشكشويي
ويكيوم كلينر,خلاء
ويكيپيڈيا,ويكيپديا
وينجن,صامت
وينجن,همخوان
وينيزويلا,ونزوئلا
وچ,طوطي
وچار,انديشه
وچار,انعكاس
وچار,ايده
وچار,بازتابي
وچار,برگشت
وچار,تامل
وچار,تحقيق
وچار,تدبير
وچار,تكاپو
وچار,حيثيت
وچار,خيال
وچار,داوري
وچار,راستاد
وچار,رسيدگي
وچار,عكس
وچار,غور
وچار,فرتور
وچار,قضا
وچار,قضاوت
وچار,مد نظر
وچار,مراعات
وچار,مشاوره
وچار,منظور
وچار,نظر
وچار,وقع
وچار,ياساق
وچار,پاس
وچار,پژوهش
وچن,اظهار
وچن,التزام
وچن,اگر
وچن,بيان
وچن,بيانيه
وچن,تقرير
وچن,سوگند
وچن,عهد
وچن,فرمايش
وچن,قسم
وچن,مزخرف
وچن,وثيقه
وچن,پيمان
وچن,گرو
وچن,گروگان
وچن,گفته
وڈھ,جنگره
وڈھ,خشن
وڈھ,درشت
وڈھ,زمخت
وڈھ,متقال
وڈھ,نكره
وڑا,تخمه
وڑا,عصرانه
وڑا,مزه
وگر,وگر
وگيان,احاطه
وگيان,اطلاعرساني
وگيان,انفورماتيك
وگيان,بهداشت
وگيان,تفاهم
وگيان,خرد
وگيان,داروسازي
وگيان,درك
وگيان,دريافت
وگيان,طب
وگيان,عقل
وگيان,علم
وگيان,علوم سياسي
وگيان,فهم
وگيان,فيزيكي
وگيان,معرفت
وگيان,معقول
وگيان,هوش
وہاں,ار
وہاں,املاي نانوشته غلط ندارد
وہاں,انتزاعي
وہاں,انجا
وہاں,تركيببند
وہاں,دربند
وہاں,سيالات
وہاں,شبستان
وہاں,ميش بهار
وہاں,نبود
وہاں,هست
وہاں,پرنده پر نميزد
وہاں,چكيده
وہران,افريقا
وہران,الجزاير
وہران,مغرب
وہران,وهران
وہم,توهم
وہم,خيال
وہم,هذيان
وہم,وهم
وہم,يان
يا,يا
ياب,ياب
يابد,يابد
يابم,يابم
يابي,يابي
يات,ابر
يات,اطلاعرساني
يات,انفورماتيك
يات,بهداشت
يات,جو
يات,حزبالله
يات,داروسازي
يات,شناسي
يات,طب
يات,علم
يات,علوم سياسي
يات,فيزيكي
يات,قيافه
يات,لوژي
يات,معرفت
يات,وار
يات,واره
يات,يت
يات,ين
يات,پرست
ياتري,زائر
ياتري,سياح
ياتري,مسافر
ياتري,همراه
ياد,خاطر
ياد,خاطره
ياد,ياد
ياد,ياداوري
يادش,يادش
يادگار,يادگار
يار,برادر
يار,جفت
يار,حاجي
يار,داداش
يار,رفيق
يار,زوج
يار,فاسق
يار,مول
يار,نفر
يار,يار
يارا,يارا
ياران,ياران
يارب,يارب
ياري,ياري
ياز,ياز
ياس,ياس
ياسمن,ياسمن
ياسمين,سمن
ياسمين,ياس
ياسمين,ياسمن
ياسمين,ياسمين
يافت,يافت
ياقوت,بيجاده
ياقوت,لال
ياقوت,لعل
ياقوت,نارسنگ
ياقوت,ياقوت
ياقوت,ياكند
يال,جزگ
يال,جيد
يال,كوزه
يال,كيزه
يال,مل
يال,نول
يال,يال
يال,چارك
يال,گردن
ياور,ارد
ياور,خجسته
ياور,خدايي
ياور,خوباني
ياور,خوشبخت
ياور,دستيار
ياور,دستگير
ياور,روزبه
ياور,فرخ
ياور,فرخنده
ياور,فيروز
ياور,كامران
ياور,كامياب
ياور,كمك
ياور,معاون
ياور,معين
ياور,موفق
ياور,همايون
ياور,يار
ياور,ياور
يت,ابر
يت,امتداد
يت,جفت
يت,جو
يت,حزبالله
يت,درازا
يت,سفت
يت,طول
يت,فرات
يت,قدم زدن
يت,قرين
يت,قيافه
يت,كوتاه
يت,متصل
يت,وار
يت,واره
يت,يت
يت,ين
يت,يه
يت,پرست
يت,چارك
يتيم,ارجمند
يتيم,بينظير
يتيم,تك
يتيم,دهنه
يتيم,سمركند
يتيم,عزيز
يتيم,قيمتي
يتيم,كم نظير
يتيم,نفيس
يتيم,واحد
يتيم,يتيم
يتيم,يشم
يتيم,يكتا
يتيم,يگانه
يتيم,گرامي
يتيم,گرانبها
يثرب,يثرب
يحيي,يحيي
يخ,يخ
يخني,اش
يخني,اماج
يخني,با
يخني,ساك
يخني,سوپ
يخني,عدسي
يخني,ماشابه
يخني,يخني
يد,توك
يد,دسته
يد,قبضه
يد,مديريت كردن
يد,يد
يد,چاينك
يدھ,جنگنده
يدھ,مبارز
يدھ,مجاهد
يدھ,پيشمرگه
يرغمال,وثيقه
يرغمال,گروگان
يرغميد,يرغميد
يرمياہ,صاحب
يرمياہ,صاحب اين قلم
يرمياہ,فردوسي
يرمياہ,مؤلف
يرمياہ,نويسنده
يرمياہ,پاول
يرمياہ,پولس
يرمياہ,گوينده
يروشلم,اورشليم
يروشلم,بيتالمقدس
يروشلم,صهيون
يروشلم,قبلتين
يروشلم,گنگ
يزد,يزد
يزدان,اتنا
يزدان,ارد
يزدان,الهه
يزدان,اهورامزدا
يزدان,باري
يزدان,حقانيت
يزدان,خالق
يزدان,دادار
يزدان,كردگار
يزدان,كروگر
يزدان,يزدان
يزل,يزل
يزيد,يزيد
يزيديت,ادريس
يزيديت,استم
يزيديت,اشتلم
يزيديت,اواره
يزيديت,اوستاد
يزيديت,بطش
يزيديت,بيداد
يزيديت,بيدادي
يزيديت,تيره
يزيديت,جفا
يزيديت,حسين
يزيديت,داد
يزيديت,روضه
يزيديت,ستم
يزيديت,شمر
يزيديت,ظلم
يزيديت,عاشورا
يزيديت,عموما
يزيديت,فاشيسم
يزيديت,قشر
يزيديت,كربلا
يزيديت,كوچ
يزيديت,معمولا
يزيديت,مهر
يزيديت,ين
يسار,يسار
يسعياہ,انجيل
يسعياہ,ايه
يسعياہ,جلد
يسعياہ,صاحب
يسعياہ,صاحب اين قلم
يسعياہ,فردوسي
يسعياہ,كتاب مقدس
يسعياہ,لوط
يسعياہ,مؤلف
يسعياہ,نبيگ
يسعياہ,نسك
يسعياہ,نويسنده
يسعياہ,پاول
يسعياہ,پولس
يسعياہ,گوينده
يسوع,حواري
يسوع,عيسوي
يسوع,عيسي
يسوع,مسيحا
يسوع,ناصره
يسوع,يوسف
يسوعي,اجتماع
يسوعي,انجمن
يسوعي,جامعه
يسوعي,جمعيت
يسوعي,حواري
يسوعي,سياهپوش
يسوعي,عيسوي
يسوعي,عيسي
يسوعي,كانون
يسوعي,مسيحا
يسوعي,يوسف
يعقوب,اسحاق
يعقوب,سرياني
يعقوب,عبراني
يعقوب,عبري
يعقوب,نتانياهو
يعقوب,هارون
يعقوب,يعقوب
يعقوب,يوسف
يعقوب,پرهام
يعني,اعني
يعني,يعني
يقين,اطمينان
يقين,اعتبار
يقين,اعتماد
يقين,اواره
يقين,روشن
يقين,سانديسخور
يقين,قطعيت
يقين,مطمئن
يقين,وثوق
يقين,يقين
يقين,يقين داشتن
يقين,يقينا
يقينا,انا لله و انا اليه راجعون
يقينا,حتما
يقينا,راستي
يقينا,روشن
يقينا,لاجرم
يقينا,مسلما
يقينا,مطمئن
يقينا,مگر
يقينا,هراينه
يقينا,يقين
يقينا,يقين داشتن
يقينا,يقينا
يقينا,چرا
يقيني,يقيني
يك,يك
يك مشت,توك
يك مشت,دسته
يك مشت,فيت
يك مشت,قبضه
يك مشت,مشت
يكتا,استر
يكتا,بينظير
يكتا,تك
يكتا,جامه
يكتا,درع
يكتا,قبا
يكتا,قميص
يكتا,كم نظير
يكتا,لباس
يكتا,مانتو
يكتا,مشته
يكتا,ملبوس
يكتا,مچ
يكتا,واحد
يكتا,يكتا
يكتا,يگانه
يكتا,گليم
يكتائي,يكتائي
يكتاستي,يكتاستي
يكدم,يكدم
يكدمي,يكدمي
يكدو,يكدو
يكديگرند,يكديگرند
يكدگر,يكدگر
يكسر,يكسر
يكي,يكي
يكيست,يكيست
يلدا,يلدا
يلغار,اذار
يلغار,بيگار
يلغار,بيگاري
يلغار,تظاهر
يلغار,تظاهرات
يلغار,تعرض
يلغار,دفيله
يلغار,راهپيمايي
يلغار,زوركي
يلغار,كلاشينكف
يلغار,مارس
يلغار,مارچ
يلغار,مجبور
يلغار,مصنوعي
يم,يم
يمن,صنعا
يمن,عدن
يمن,عربستان
يمن,هاماوران
يمن,يمن
يمنا,دهلوي
يمنا,دهلي
يمنا,دهلي نو
يمنا,پالم
يمي,يمي
يمين,يمين
يوحنا,انجيل
يوحنا,انگليون
يوحنا,بدخشان
يوحنا,بديعي
يوحنا,بلخ
يوحنا,بنام
يوحنا,جمهوري دموكراتيك كنگو
يوحنا,عهد
يوحنا,كتلت
يوحنا,موسوم
يوحنا,وصيت
يوحنا,وصيتنامه
يوحنا,يعقوب
يوحنا,پاول
يوحنا,پولس
يوحنا,چهارباغ
يورش,ايلغار
يورش,بوراب
يورش,تجاوز
يورش,تعرض
يورش,تهاجم
يورش,تول
يورش,شاهنامه
يورش,طوفان
يورش,كلاشينكف
يورش,كولاك
يورش,هجوم
يورش,يورش
يورپ,سوسك
يورپ,عثماني
يورپ,فرعي
يورپ,قلزم
يورپ,يورپ
يورپ,چهارباغ
يوسف,باب
يوسف,جوزف
يوسف,در
يوسف,زليخا
يوسف,سوره
يوسف,شعبه
يوسف,شمس
يوسف,فاتحه
يوسف,فرگرد
يوسف,فصل
يوسف,محمد
يوسف,نوح
يوسف,يوسف
يوسف,چپتر
يوسف ثاني,جميل
يوسف ثاني,خوشتيپ
يوسف ثاني,خوشگل
يوسف ثاني,رعنا
يوسف ثاني,سخت
يوسف ثاني,مقبول
يوسف ثاني,مليح
يوغ,ابخور
يوغ,الحاق
يوغ,بافت
يوغ,جرعه
يوغ,جفت
يوغ,صبوح
يوغ,قدرت هستهاي
يوغ,وصل
يوغ,يوغ
يوغ,گداخت هستهاي
يوكرين,اودسا
يوكرين,اوكراين
يوكرين,كريمه
يوكرين,كيف
يوم,تاريخ
يوم,زمان
يوم,زمانه
يوم,سوفيا
يوم,عصر
يوم,عهد
يوم,يوم
يوم ازادي,ازادي
يوم ازادي,استغنا
يوم ازادي,استقلال
يوم تعطيل,بين التعطيلين
يوم تعطيل,تعطيل
يوم تعطيل,عيد
يوم مزدور,بيگاري
يوم مزدور,زحمت كشيدن
يوم مزدور,سعي
يوم مزدور,كوشش
يون,اجنبي
يون,بربري
يون,بهافريدي
يون,بيفرهنگ
يون,بيژن
يون,بيگانه
يون,تازيك
يون,ترك
يون,خارجي
يون,سكا
يون,سكاستان
يون,سكايي
يون,سياهپوش
يون,سيستان
يون,شاهزاده
يون,شاگرد
يون,شتر دوكوهان
يون,فرنگي
يون,فريان
يون,فريانه
يون,فهلوي
يون,قارن
يون,قزلباش
يون,كولي
يون,مريد
يون,منيژه
يون,مژده
يون,هيون
يون,هژير
يون,پارتي
يون,پرست
يون,پهلوي
يون,پهلويسم
يون,گودرز
يونان,اتن
يونان,اسپارت
يونان,المپ
يونان,تسالونيك
يونان,كرت
يونان,مقدونيه
يونان,يونان
يوناني,بابل
يوناني,برهمن
يوناني,حكمت
يوناني,روم
يوناني,سهل ممتنع
يوناني,طبق
يوناني,عملي
يوناني,كوبا
يوناني,مبتني
يوناني,مستند
يوناني,مفهوم
يوناني,نه رومي روم، نه زنگي زنگ
يوناني,يا رومي روم، يا زنگي زنگ
يوناہ,يونس
يونس,يونس
يونين علاقہ,اداره
يونين علاقہ,اكسيتانيا
يونين علاقہ,ايالت
يونين علاقہ,بخش
يونين علاقہ,تاتارستان
يونين علاقہ,خوره
يونين علاقہ,داغستان
يونين علاقہ,راسا
يونين علاقہ,شهرستان
يونين علاقہ,شيربها
يونين علاقہ,صاف
يونين علاقہ,كالينينگراد
يونين علاقہ,كوالالامپور
يونين علاقہ,كولمبيا
يونين علاقہ,لاهه
يونين علاقہ,مسكو
يونين علاقہ,مقدونيه
يونين علاقہ,گلگت-بلتستان
يوگدان,الگو
يوگدان,تكليف
يوگدان,رل
يوگدان,سهم
يوگدان,عملكرد
يوگدان,كاركرد
يوگدان,نقش
يوگدان,يت
يوگدان,گماشتن
يوگنڈا,اوگاندا
يوگي,جوگي
يوگي,دلال
يوگي,عراف
يوگي,كس
يوگي,كسي
يوگي,كون دادن
يوگيتا,به عنوان
يوگيتا,توانمندي
يوگيتا,سزا
يوگيتا,سزيدن
يوگيتا,صنع
يوگيتا,ظرف
يوگيتا,ظرفيت
يوگيتا,فضل
يوگيتا,فعاليت
يوگيتا,مجال
يوگيتا,نبوغ
يوگيتا,هنر
يوگيتا,وسع
يوگيتا,پارتي بازي
يوگيتا,پيمانه
يوگيتا,ژني
يوگيتو,به عنوان
يوگيتو,توانمندي
يوگيتو,سزا
يوگيتو,سزيدن
يوگيتو,صنع
يوگيتو,ظرف
يوگيتو,ظرفيت
يوگيتو,فضل
يوگيتو,فعاليت
يوگيتو,مجال
يوگيتو,نبوغ
يوگيتو,هنر
يوگيتو,وسع
يوگيتو,پارتي بازي
يوگيتو,پيمانه
يوگيتو,ژني
يوگيہ,استاد
يوگيہ,اقتضا كردن
يوگيہ,اوكي
يوگيہ,باب
يوگيہ,باعرضه
يوگيہ,بينا
يوگيہ,تاله
يوگيہ,تنگ
يوگيہ,توانا
يوگيہ,توانمند
يوگيہ,جور
يوگيہ,درخت هرچه بارش بيشتر ميشود سرش فروتر ميايد
يوگيہ,درخور
يوگيہ,زورمند
يوگيہ,زوش
يوگيہ,زيبنده
يوگيہ,سترگ
يوگيہ,ستنبه
يوگيہ,سزاوار
يوگيہ,سواد
يوگيہ,شايان
يوگيہ,شنوا
يوگيہ,صالح
يوگيہ,فراخور
يوگيہ,قابل
يوگيہ,قادر
يوگيہ,قدرتمند
يوگيہ,لايق
يوگيہ,متناسب
يوگيہ,مستحق
يوگيہ,مقتدر
يوگيہ,مكافات
يوگيہ,مناسب
يوگيہ,ميرنده
يوگيہ,نيرومند
يوگيہ,وارد
يوگيہ,چيره
يوگيہ,گشايش
يوگيہ,گويا
يوں,ايدون
يوں,بنابراين
يوں,در حقيقت
يوں,در واقع
يوں,راستش
يوں,همچنان
يوں,همچنين
يوں,واقعا
يوں,يعني
يوں ہي,اتفاقا
يوں ہي,احيانا
يوں ہي,از قضا
يوں ہي,برخوردن
يوں ہي,تصادفي
يوں ہي,شانس
يوں ہي,فرصت
يوں ہي,قضا
يوں ہي,مجال
يوں ہي,مر
يگانہ,بينظير
يگانہ,تك
يگانہ,خويشاوند
يگانہ,قرار شدن
يگانہ,قريب
يگانہ,كم نظير
يگانہ,واحد
يگانہ,يكتا
يگانہ,يكدل
يگانہ,يگانه
يہ,ال
يہ,اين
يہ,اينا
يہ,اينها
يہاں,ايدر
يہاں,ايسو
يہاں,اينجا
يہاں,بفرماييد
يہوداہ,ارغوان
يہوداہ,ارغواني
يہوداہ اسكريوتي,ادريس
يہوداہ اسكريوتي,ارغوان
يہوداہ اسكريوتي,ارغواني
يہوداہ اسكريوتي,زليخا
يہوداہ اسكريوتي,صهيون
يہوداہ اسكريوتي,قارون
يہودي,اسرائيلي
يہودي,جهود
يہودي,رژيم صهيونيستي
يہودي,صهيوني
يہودي,صهيونيست
يہودي,فسنجان
يہودي,كاهن
يہودي,كليمي
يہودي,يهود
يہودي,يهودي
يہوديت,ادريس
يہوديت,اهل معرفت
يہوديت,اورشليم
يہوديت,بيتالمقدس
يہوديت,حكيم
يہوديت,دانا
يہوديت,دانشمند
يہوديت,رد
يہوديت,زليخا
يہوديت,زنير
يہوديت,صهيون
يہوديت,فرزانه
يہوديت,قارون
يہوديت,قهرمان
يہوديت,هوشمند
يہوديت,يهوديت
يہوديہ,يهوديه
ٹائٹ,استوار
ٹائٹ,امن
ٹائٹ,ايمن
ٹائٹ,تنجيدن
ٹائٹ,تنگ
ٹائٹ,تنگنا
ٹائٹ,دريافتن
ٹائٹ,سفت
ٹائٹ,كشيده
ٹائٹ,محكم
ٹائٹ,مطمئن
ٹائٹ,چهارباغ
ٹالنا,حاشيه رفتن
ٹالنا,معطل
ٹانگائل ضلع,جهانگير نگر
ٹانگائل ضلع,سيزده
ٹانگائل ضلع,سينزه
ٹخنا,شتالنگ
ٹخنا,قوزك
ٹخنا,مچ پا
ٹرام,تارم
ٹرام,ترامواي
ٹرك,باربر
ٹرك,كاميون
ٹرك,لاري
ٹرك,وانت
ٹرو,بقه
ٹرو,بك
ٹرو,غوك
ٹرو,قربك
ٹرو,قورباغه
ٹرو,وك
ٹريكٹر,تراكتور
ٹكا,ارزش
ٹكا,ارزيدن
ٹكا,تنگه
ٹكا,ديدني
ٹكا,سكه
ٹكا,سنگ
ٹكا,عباسي
ٹكا,قابل ندارد
ٹكا,قدر
ٹكا,لاري
ٹكا,مس
ٹكا,مسي
ٹكا,مسين
ٹكا,نابكار
ٹكا,نفاست
ٹكا,پاره
ٹكا,پشيز
ٹكا,پول
ٹكا,پيسه
ٹكر,اثر
ٹكر,ارتفاع
ٹكر,اسكي
ٹكر,اصابت
ٹكر,برخورد
ٹكر,تصادف
ٹكر,تلاطم
ٹكر,دست
ٹكر,را
ٹكر,مجموعه
ٹكر,پيامد
ٹكراو,اتفاقا
ٹكراو,احيانا
ٹكراو,از قضا
ٹكراو,برخورد
ٹكراو,برخوردن
ٹكراو,تصادفي
ٹكراو,تلاطم
ٹكراو,شانس
ٹكراو,فرصت
ٹكراو,قضا
ٹكراو,مجال
ٹكٹ,باجه
ٹكٹ,بليت
ٹكٹ,كرايه
ٹكڑا,تركش
ٹكڑا,شكاله
ٹكڑا,قطعه
ٹلفورڈ,جنگ داخلي
ٹلفورڈ,قصبه
ٹلفورڈ,مؤدب
ٹلفورڈ,مدني
ٹماٹر,تماته
ٹماٹر,رب
ٹماٹر,پامادور
ٹماٹر,گرجه
ٹماٹر,گوجهفرنگي
ٹنڈو ادم,ادم
ٹنڈو ادم,بني ادم
ٹنڈو محمد خان,خان
ٹنڈو محمد خان,مود
ٹنڈو محمد خان,چنگيز
ٹنڈو محمد خان,چنگيزي
ٹوكري,سبد
ٹوكري,پلخته
ٹونا,ادا
ٹونا,افسون
ٹونا,جادو
ٹونا,سحر
ٹونا,طلسم
ٹونا,كوارك مفتون
ٹونا,كيد
ٹونا,مردمگياه
ٹونا,نمك
ٹونا,ورد
ٹوٹا,خراب
ٹوٹا,داغون
ٹوٹا,دست و پا شكسته
ٹوٹا,سلامت
ٹوٹا,شكسته
ٹوٹا,صدمه ديده
ٹوٹا,ضايع
ٹوٹا,كارتنخواب
ٹوٹا,كارتنخوابي
ٹوٹا,كوفته
ٹوٹا,ميده
ٹوٹنا,ميده كردن
ٹوٹي,شير
ٹوٹي,شير اب
ٹوٹي پھوٹي,خراب
ٹوٹي پھوٹي,داغون
ٹوٹي پھوٹي,دست و پا شكسته
ٹوٹي پھوٹي,شكسته
ٹوٹي پھوٹي,كارتنخواب
ٹوٹي پھوٹي,كارتنخوابي
ٹوٹي پھوٹي,ميده
ٹوپي,افسر
ٹوپي,تاج
ٹوپي,تارك
ٹوپي,سنگاپور
ٹوپي,شاهزاده
ٹوپي,كلاه
ٹوپي,وليعهد
ٹوپي,چكاد
ٹوپي,گرزن
ٹي وي,تلويزيون
ٹيكسي,تاكسي
ٹيلي فون,الو
ٹيلي فون,تلفن
ٹيلي فون,تيلفون
ٹيلي فون,زنگ زدن
ٹيلي فون,شماره
ٹيلي فون,شماره تلفن
ٹيلي فون,گوشي تلفن
ٹيلي ويژن,تلويزيون
ٹينك,امبولانس
ٹينك,انديشكده
ٹينك,باك
ٹينك,بوق
ٹينك,تانك
ٹينك,حوض
ٹينك,حوضك
ٹينك,سارنج
ٹينك,شناور
ٹينك,وسيله نقليه
ٹينگي,اذيت
ٹينگي,متلك
ٹيپ,تيپ
ٹيپ,ضبط
ٹيپ,ضبط صوت
ٹيپ,كاست
ٹيپ,لنت
ٹيپ,نوار
ٹيڑھا,انعطاف
ٹيڑھا,تول
ٹيڑھا,جفت
ٹيڑھا,خاش
ٹيڑھا,خم
ٹيڑھا,خميده
ٹيڑھا,سهل ممتنع
ٹيڑھا,شكنج
ٹيڑھا,عقده
ٹيڑھا,كج
ٹيڑھا,كژ
ٹيڑھا,يله
ٹيڑھا,پيچاپيچ
ٹيڑھا,پيچيده
ٹيڑھا,چليپا
ٹيڑھا,گنگ
ٹٹي,ريدن
ٹٹي,عن
ٹٹي,پشمام
ٹٹي,گه
ٹٹي,گور بابات
ٹھركي,حشري
ٹھركي,حشري شدن
ٹھركي,شهواني
ٹھركي,شهوتي
ٹھكانا,اسايشگاه
ٹھكانا,اعتبار
ٹھكانا,اواره
ٹھكانا,بنه
ٹھكانا,جايگاه
ٹھكانا,دربار
ٹھكانا,سامان
ٹھكانا,قطعيت
ٹھكانا,كاخ سفيد
ٹھكانا,كربلا
ٹھكانا,لانه
ٹھكانا,ماوا
ٹھكانا,مقر
ٹھكانا,مقصد
ٹھكانا,منزل
ٹھكانا,وثوق
ٹھكانا,وطن
ٹھكانا,يقين
ٹھكانا,گوشي تلفن
ٹھنڈا,اغا
ٹھنڈا,خواجه
ٹھنگنا,التفات
ٹھنگنا,كوتوله
ٹھوس,دبل
ٹھوس,كتلت
ٹھوس,واله دائوستا
ٹھوس,پارتنر
ٹھوڑي,اقصي چين
ٹھوڑي,زنخ
ٹھوڑي,غبغب
ٹھوڑي,چانه
ٹھوڑي,چك
ٹھيس,اصابت
ٹھيس,اعتصاب
ٹھيس,اعتصاب غذا
ٹھيس,ايلا كو
ٹھيس,بطش
ٹھيس,خطور كردن
ٹھيس,زدن
ٹھيس,كوفتن
ٹھيس,يله كن
ٹھيس,چشم بد دور
ٹھيس,چپه شدن
ٹھيك,اوكي
ٹھيك,باب
ٹھيك,حسابي
ٹھيك,خب
ٹھيك,خو
ٹھيك,درخور
ٹھيك,درست
ٹھيك,درست كردن
ٹھيك,صح
ٹھيك,صحيح
ٹھيك,عربستان
ٹھيك,متناسب
ٹھيك,مجاور
ٹھيك,مناسب
ٹھيك,همانطور كه
ٹھيك,وارد
ٹھيك,پاكيزه
ٹھيك,پرده
ٹھيك,پوره
ٹھيكا,الكل
ٹھيكا,بار
ٹھيكا,بير
ٹھيكا,شات
ٹھيكا,قرارداد
ٹھيكا,قول
ٹھيكا,كنترات
ٹھيكا,مخموري
ٹھيكا,مهر
ٹھيكا,پيك
ٹھيكا,پيمان
ٹھيكا,چك
ٹھيلا,عرابه
ٹھيلا,چرخ
ٹھيلا,چرخچي
ٹھيلا,گاري
ٹھيلا,گردونه
ٹھٹھا,بذله
ٹھٹھا,تماشا
ٹھٹھا,جوك
ٹھٹھا,خنك
ٹھٹھا,شوخي
ٹھٹھا,لاغ
ٹھٹھا,ورزش
ٹھٹھا,گلف
ٹھڈي,اقصي چين
ٹھڈي,زنخ
ٹھڈي,غبغب
ٹھڈي,چانه
ٹھڈي,چك
ٹھگ,بامبول
ٹھگ,بدمعاش
ٹھگ,تقلب
ٹھگ,تقلب كردن
ٹھگ,تلبيس
ٹھگ,حيله
ٹھگ,خب
ٹھگ,خيانت كردن
ٹھگ,دمدمه
ٹھگ,دولاب
ٹھگ,ريو
ٹھگ,شامورتي
ٹھگ,شياد
ٹھگ,كلاهبرداري
ٹھہرنا,اخور
ٹھہرنا,استوار
ٹھہرنا,اصطبل
ٹھہرنا,اقامت داشتن
ٹھہرنا,انتظار
ٹھہرنا,ايستادن
ٹھہرنا,اينا
ٹھہرنا,ثابت
ٹھہرنا,جان سالم به در بردن
ٹھہرنا,خاطرنشان
ٹھہرنا,زنده باد
ٹھہرنا,زندگي كردن
ٹھہرنا,زياد
ٹھہرنا,زيستن
ٹھہرنا,زيويدن
ٹھہرنا,شكيفتن
ٹھہرنا,صبر كردن
ٹھہرنا,طويله
ٹھہرنا,قرار
ٹھہرنا,قطع
ٹھہرنا,كجا زندگي ميكنيد
ٹھہرنا,ماندن
ٹھہرنا,مانيد
ٹھہرنا,متغير
ٹھہرنا,محكم
ٹھہرنا,مستعمره
ٹھہرنا,معطل كردن
ٹھہرنا,معين
ٹھہرنا,مندن
ٹھہرنا,منظم
ٹھہرنا,موندن
ٹھہرنا,نشستن
ٹھہرنا,پايدار
ٹھہرنا,پايستن
ٹھہرنا,پاييدن
پا,خصوصيت
پا,دمساز
پا,رودربايستي
پا,صميمي
پا,محرم
پا,مناجات
پا,همدم
پا,يار غار
پا,پا
پاؤں,دخالت
پاؤں,رد
پاؤں,سراغ
پاؤں,مداخله
پائي,پائي
پائپ,لوله
پائپ,ناو
پائپ,وافور
پائپ,چبوق
پابند,بسته
پابند,دربند
پابند,كران
پابند,محدود
پابند,مقيد
پابند,نبيگ
پابند,نسك
پابند,پابند
پابند,پايبند
پاجامہ,ازار
پاجامہ,تنبان
پاجامہ,شلوار
پاجامہ,نيفه
پاجامہ,پاجامه
پاجامہ,پاچه
پاجامہ,پتلون
پاجامہ,پيژامه
پاخانہ,برنشستن
پاخانہ,تشناب
پاخانہ,توالت
پاخانہ,توالت ايراني
پاخانہ,توالت فرنگي
پاخانہ,خلاء
پاخانہ,دستشويي
پاخانہ,دنگل
پاخانہ,سرويس
پاخانہ,عورت
پاخانہ,ككه
پاخانہ,مدفوع
پاخانہ,مستراح
پاخانہ,چهارپايه
پاد,چس
پاد,گوز
پاد,گوز دادن
پاد,گوزيدن
پاد مارنا,چس
پاد مارنا,گوز
پاد مارنا,گوز دادن
پاد مارنا,گوزيدن
پاد گرم ہونا,سندروس
پاد گرم ہونا,غريبي كردن
پاد گرم ہونا,گرخيدن
پاداش,پاداش
پادري,روحاني
پادري,كاهن
پادري,كشيش
پادري,مبلغ
پادري,موبد
پادري,هيربد
پادري,پادري
پار,پار
پارا,تير
پارا,جيوه
پارا,حرارت
پارا,خنك
پارا,خونسرد
پارا,خونگرم
پارا,درجه
پارا,درجه حرارت
پارا,دما
پارا,سرب
پارا,سرد
پارا,سيماب
پارا,عضو
پارا,عنصر
پارا,ملايم
پارا,پارا
پارس,پارس
پارسائي,پارسائي
پارسي مذہب,اورمزد
پارسي مذہب,بلخ
پارسي مذہب,خونيرث
پارسي مذہب,دين زرتشت
پارسي مذہب,دين زرتشتي
پارسي مذہب,رد
پارسي مذہب,مزديسنا
پاريكھ,مناجات
پاريكھ,گجراتي
پارچہ,براده
پارچہ,تركش
پارچہ,شكاله
پارچہ,قراضه
پارچہ,قطعه
پازيب,ائين
پازيب,ابرنجن
پازيب,اذين
پازيب,ارايه
پازيب,برخاستن
پازيب,جيغه
پازيب,زينت
پازيب,زيور
پازيب,شتالنگ
پازيب,طراز
پازيب,قوزك
پازيب,مچ پا
پازيب,پاچه
پازيب,پيراستن
پازيب,گام زدن
پاس,اروميه
پاس,از دل نرود هر انكه از ديده برفت
پاس,تركمن
پاس,تقريب
پاس,دور و بر
پاس,رديف
پاس,زورا
پاس,سومقاييت
پاس,شيراز
پاس,قريب
پاس,لدن
پاس,نزد
پاس,نزديك
پاس,پاس
پاسبان,ديدبان
پاسبان,نگهبان
پاسبان,پاسبان
پاسبان,پاسدار
پاسبان,چوپان
پاسباني,پاسباني
پاست,پاست
پاستا,اسپاگتي
پاستا,پاستا
پاسپورٹ,تذكره
پاسپورٹ,پاسپورت
پاسپورٹ,گذرنامه
پاش,پاش
پاشم,پاشم
پاغل,اقا
پاغل,ايالات متحده امريكا
پاغل,خد
پاغل,خوانواده
پاغل,صبا
پاغل,غر
پاغل,ماركت
پاغل,چوقور
پاك,با
پاك,دند
پاك,زيره
پاك,پاك
پاك,پيراستن
پاكان,پاكان
پاكباز,پاكباز
پاكست,پاكست
پاكستاني,پاكستاني
پاكش,پاكش
پاكم,پاكم
پاكي,پاكي
پاكيزگي,پاكيزگي
پال,پاول
پال,پولس
پالا,پالا
پالان,پالان
پالتو,دستي
پالك,اسفناج
پالك,تره
پالك,ساك
پالك,سبزي
پالك,شومين
پالم,اورنگاباد
پالم,بمبئي
پالم,بنگالي
پالم,حدود
پالم,دهلوي
پالم,دهلي
پالم,دهلي نو
پالم,ممبي
پالم,پالم
پالنا,افراختن
پالنا,افراشتن
پالنا,اوردن
پالنا,بالا اوردن
پالنا,برداشتن
پالنا,بلند كردن
پالنا,به زبان اوردن
پالنا,به وجود اوردن
پالنا,تبرك
پالنا,رويانيدن
پالنا,مطرح كردن
پالنا,پروردن
پالنا,پرورش دادن
پالنا,گرد كردن
پامال,پامال
پانا,اداره كردن
پانا,از بيخ عرب بودن
پانا,بدست اوردن
پانا,به دست اوردن
پانا,جوينده يابنده است
پانا,حس كردن
پانا,خرده گرفتن
پانا,درك كردن
پانا,دريافتن
پانا,ديدن
پانا,راندن
پانا,ستدن
پانا,سررشته
پانا,مديريت كردن
پانا,يافتن
پانا,پيدا كردن
پانا,گرداندن
پاني,ارس
پاني,اشك
پاني,اشك باريدن
پاني,الكل
پاني,بار
پاني,بارسات
پاني,بركندن
پاني,بير
پاني,خوي
پاني,خوي كردن
پاني,دريدن
پاني,شات
پاني,عرق
پاني,عرق كردن
پاني,قبا كردن
پاني,كندن
پاني,مخموري
پاني,پيك
پاني,گاز اشكاور
پانچ,خمس
پانچ,خمسه
پانچ,خوره
پانچ,زكات
پانچ,نسك
پانچ,هرمز
پانچ,پانصد
پانچ,پنج
پانچ,گاه
پانچ سو,خمس
پانچ سو,خمسه
پانچ سو,خوره
پانچ سو,زكات
پانچ سو,نسك
پانچ سو,هرمز
پانچ سو,پانصد
پانچ سو,پنج
پانچ سو,گاه
پانچواں,اسفند
پانچواں,خمس
پانچواں,سل
پانچواں,مرداد
پانچواں,پنجم
پانچواں,پنجم درست
پانڈو,ارجاع
پانڈو,تخم جن
پانڈو,خمس
پانڈو,خمسه
پانڈو,خوره
پانڈو,ر ك
پانڈو,رجوع كردن
پانڈو,زكات
پانڈو,كتلت
پانڈو,مراجعه كردن
پانڈو,ممالك محروسه ايران
پانڈو,نسك
پانڈو,هرمز
پانڈو,هندي
پانڈو,پانصد
پانڈو,پنج
پانڈو,چيز
پانڈو,گاه
پانہ,اچار
پانہ,باب
پانہ,بار
پانہ,جندره
پانہ,جوز هندي
پانہ,در
پانہ,در به دري
پانہ,دربند
پانہ,دروازه
پانہ,دريچه
پانہ,رنج
پانہ,سرسرا
پانہ,كما
پانہ,كوزهگر از كوزه شكسته اب ميخورد
پانہ,پرنده
پانہ,پوست جوز هندي
پاي,پاي
پاياب,پاياب
پايان,پايان
پايدار,پايدار
پايش,پايش
پايل,ابرنجن
پايمال,پايمال
پايندگي,پايندگي
پايہ,تكليف
پايہ,جايگاه
پايہ,جناب اقاي
پايہ,سركار خانم
پايہ,غلو
پايہ,مكان
پايہ,وضعيت
پايہ,وكالت
پايہ,گاه
پاٹھك,استاد
پاٹھك,استادانه
پاٹھك,اموزش
پاٹھك,برهمن
پاٹھك,تدريس
پاٹھك,تعليم
پاٹھك,خاطب
پاٹھك,خواننده
پاٹھك,دانشاموز
پاٹھك,دانشجو
پاٹھك,رده
پاٹھك,سنخ
پاٹھك,شاگرد
پاٹھك,صنف
پاٹھك,طالب
پاٹھك,طبقه
پاٹھك,قاري
پاٹھك,قشر
پاٹھك,كارخانگي
پاٹھك,كلاس
پاٹھك,مدرسه
پاٹھك,معلمي
پاگل,ابجد
پاگل,ابليس
پاگل,اجيل
پاگل,ار
پاگل,الو
پاگل,ان
پاگل,انه
پاگل,اهريمن
پاگل,تاسف
پاگل,تور
پاگل,جادو
پاگل,حسابي
پاگل,حكيمجي
پاگل,خلال
پاگل,دارا
پاگل,دلبر
پاگل,دوستي
پاگل,دوستيابي
پاگل,ديو
پاگل,ديوانه
پاگل,دژند
پاگل,رل
پاگل,ساحره
پاگل,سوزان
پاگل,سينگل
پاگل,شب يلدا
پاگل,شهواني
پاگل,شوت
پاگل,شوريدن
پاگل,شيدا
پاگل,شيطان
پاگل,شيطانه
پاگل,عاشقانه
پاگل,عجوز
پاگل,عشق
پاگل,فلاته
پاگل,قاووت
پاگل,قرار
پاگل,كات
پاگل,كردن
پاگل,كلاهخود
پاگل,كلو
پاگل,مجنون
پاگل,مزخرف
پاگل,مضبوط
پاگل,هاي
پاگل,وار
پاگل,وند
پاگل,ين
پاگل,پارتنر
پاگل,پرشور
پاگل,پري
پاگل,پستانك
پاگل,گان
پاگل,گرم
پت,انه
پت,برگ
پت,بلگ
پت,زهره
پت,سودا
پت,صفرا
پت,لو
پت,لپه
پت,ماز
پت,مازو
پت,مازوج
پت,ورق
پت,پر
پت,گلبرگ
پت,◌ؖ
پت جھڑ,خزان
پت جھڑ,مهرگان
پت جھڑ,پاييز
پتر,جد
پتر,دخترعمه
پتر,دخترعمو
پتر,عمه
پتر,عمو
پتر,كاكا
پتر,نيا
پتر,پدرانه
پتر,پسرعمه
پتر,پسرعمو
پتلا,الف
پتلا,باريك
پتلا,ترد
پتلا,جيد
پتلا,دقيق
پتلا,زير
پتلا,سروقد
پتلا,صنوبر
پتلا,ظريف
پتلا,عجوز
پتلا,لاغر
پتلا,لم دادن
پتلا,نازك
پتلا,گراييدن
پتلون,ازار
پتلون,تنبان
پتلون,شلوار
پتلون,شورت
پتلون,نيفه
پتلون,پاجامه
پتلون,پاچه
پتلون,پتلون
پتنگ,بادبادك
پتنگ,خات
پتنگ,غليواج
پتنگ,كوركور
پتنگ,گديپران
پتي,برگ
پتي,بلگ
پتي,لپه
پتي,ورق
پتي,پر
پتي,گلبرگ
پتير,سنبوسه
پتير,شيريني
پتير,كاك
پتير,گاتا
پتيلا,ابغوره
پتيلا,اشپزي
پتيلا,برنج
پتيلا,ديگدان
پتيلا,رنديدن
پتيلا,فسنجان
پتيلا,قابلمه
پتيلا,كرنا
پتيلا,لويد
پتيلا,مس
پتيلا,مسي
پتيلا,مسين
پتيلا,ناو
پتيلا,پرنگ
پتيلا,پشيز
پتيلا,پلو
پتيلا,گلپر
پتھ,راه
پتھ,سالك
پتھ,سبيل
پتھ,سوي
پتھ,مسلك
پتھ,مسير
پتھ,ميدان
پتھ,چمن
پتھر,باسترك
پتھر,جنباندن
پتھر,راك
پتھر,راك اند رول
پتھر,سمنت
پتھر,سنگ
پتھر,صخره
پتھر,قبةالصخره
پتھر,قبه صخره
پتھر,نبات
پتھك,سالك
پتھك,سياح
پتھك,مسافر
پتھك,همراه
پتہ,خبر ندارم
پتہ,سررشته
پجاري,عابد
پجاري,كاهن
پجاري,كشيش
پجاري,مهر
پجاري,موبد
پجاري,هيربد
پجاري,پادري
پجاري,پرست
پجاري,پرستار
پختگي,پختگي
پختہ,اش
پختہ,بالغ
پختہ,رسيده
پختہ,روچه
پختہ,عنابي
پختہ,فلاته
پختہ,پخته
پختہ,چلو
پخو,بالغ
پخو,رسيده
پخو,پخته
پد,اسايشگاه
پد,ايه
پد,بنه
پد,جايگاه
پد,دربار
پد,رد
پد,سامان
پد,سبك خراساني
پد,سبك عراقي
پد,سبك هندي
پد,سراغ
پد,سهل ممتنع
پد,كاخ سفيد
پد,لانه
پد,ماوا
پد,مصراع
پد,مقر
پد,وطن
پد,گريزگاه
پد,گوشي تلفن
پدر,پدر
پدر شاہي,مردسالاري
پدر شاہي,پدرسالاري
پدر شاہي,پدرشاهي
پديد,اشكارا
پديد,صريح
پديد,مرئي
پديد,مشهود
پديد,نمايان
پديد,نمودار
پديد,هويدا
پديد,واضح
پديد,پديد
پديد,پديدار
پديد,پيدا
پديد,پيداوار
پذير,بيگلربيگي
پذير,تلقي
پذير,حق نمك
پذير,دريافت
پذير,قائل
پذير,كوني
پذير,مجري
پذير,منت
پذير,ميزبان
پذير,پذير
پذير,پذيرا
پذيرد,پذيرد
پذيري,پذيري
پر,باز
پر,باز هم
پر,بال
پر,بعيد
پر,دور
پر,دوردست
پر,دوركار
پر,رودربايستي
پر,شالي
پر,شب يلدا
پر,شلتوك
پر,فراكسيون
پر,قدرت متوسط
پر,كلانتر
پر,كماكان
پر,كنترل
پر,كنترول
پر,مر
پر,نيل
پر,همچنان
پر,هنوز
پر,هني
پر,يلدا
پر,پر
پر,پرت
پر,پرست
پر,پرنده پر نميزد
پر,پلاك
پر,گان
پر,◌ؖ
پر،,پر،
پرائمري اسكول,ابتدائي
پرائمري اسكول,الت
پرائمري اسكول,دبستان
پراتن,سبك خراساني
پراتن,نخستين
پراتھنا,التماس
پراتھنا,تمنا
پراتھنا,لابه
پراتھنا,نياز
پراتھنا,يارب
پراسيكيوٹر,مدعي
پراكرت,اصل
پراكرت,اصلي
پراكرت,اصيل
پراكرت,خام
پراكرت,دستاويز
پراكرت,فارسيات
پراكرت,واپس
پران,پران
پرانا عہد نامہ,انجيل
پرانا عہد نامہ,عهد
پرانا عہد نامہ,وصيت
پرانا عہد نامہ,وصيتنامه
پرانا عہد نامہ,يعقوب
پرانا عہد نامہ,پاول
پرانا عہد نامہ,پولس
پراني,پراني
پراٹھا,پراته
پراپت,به دست امدن
پراپت,تازه
پراپت,ترنج
پراپت,خفيف
پراپت,فسنجان
پراپت,قدرت هستهاي
پراپت,قدسي
پراپت,قرمز
پراپت,يافت شدن
پراپت,يان
پراچين,دچار
پراچين,روبرو
پراچين,قبال
پراچين,متوجه
پراچين,مواجه
پربھات,اشراق
پربھاو,اثر
پربھاو,اثر گلخانهاي
پربھاو,انفعال
پربھاو,تاثير
پربھاو,عاقبت
پربھاو,عكس العمل
پربھاو,فرع
پربھاو,قدرت متوسط
پربھاو,كارگر
پربھاو,كرن
پربھاو,كيفر
پربھاو,مر
پربھاو,نافذ
پربھاو,نتيجه
پربھاو,نشئه
پربھاو,نفوذ
پربھاو,واكنش
پربھاو,پارتي
پربھاو,پارتي بازي
پربھاو,پيامد
پرتو,پرتو
پرتگال,ليسبون
پرتگال,پرتغال
پرتگال,پرتقال
پرتگال,پرتگال
پرتگال,پرتگالي
پرتگالي,اراكي
پرتگالي,اهل
پرتگالي,باشنده
پرتگالي,بنگالي
پرتگالي,رازي
پرتگالي,ريكاردو
پرتگالي,ساكن
پرتگالي,ليسبون
پرتگالي,مشهدي
پرتگالي,مقيم
پرتگالي,هندو
پرتگالي,پرتغال
پرتگالي,پرتقال
پرتگالي,پرتگال
پرتگالي,پرتگالي
پرتگالي,گجراتي
پرتگيا,ابراز
پرتگيا,اذعان
پرتگيا,اظهار
پرتگيا,اعلام
پرتگيا,اعلاميه
پرتگيا,التزام
پرتگيا,اوكي
پرتگيا,باشه
پرتگيا,بيانيه
پرتگيا,تصريح
پرتگيا,معادله
پرتگيا,وثيقه
پرتگيا,پيمان
پرتگيا,گرو
پرتگيا,گروگان
پرد,پرد
پردادا,ارشام
پردادا,بابا
پردادا,بابابزرگ
پردادا,بو
پردادا,بوا
پردادا,نريمان
پردادا,پدربزرگ
پردادي,اجه
پردادي,بوبو
پردادي,بي بي
پردادي,بيبي
پردادي,مادربزرگ
پردادي,ننه
پرداز,پرداز
پردازي,پردازي
پردم,پردم
پردوں,بار
پردوں,تتق
پردوں,شادروان
پردوں,پرده
پردوں,پرس
پرديسي,اجنبي
پرديسي,بيگانه
پرديسي,جهانگرد
پرديسي,خارجي
پرديسي,سالك
پرديسي,ساير
پرديسي,مرحله
پرديش,اپلاي كردن
پرديش,خارج
پرديش,سامواي امريكا
پرديش,كومور
پردگي,پردگي
پردہ,اشكوب
پردہ,بادام
پردہ,بادبان
پردہ,بادباني
پردہ,بادم
پردہ,بار
پردہ,ببخشيد
پردہ,بخشيدن
پردہ,بهانه
پردہ,تتق
پردہ,توجيه
پردہ,جالي
پردہ,حجاب
پردہ,حيا
پردہ,درجه
پردہ,دستاويز
پردہ,دوال
پردہ,رده
پردہ,سرند
پردہ,سطح
پردہ,سنخ
پردہ,شادروان
پردہ,صحنه
پردہ,صفحه
پردہ,صنف
پردہ,طبقه
پردہ,عفت
پردہ,عنوان
پردہ,قشر
پردہ,قشقرق
پردہ,كتمان
پردہ,كلاس
پردہ,لوز
پردہ,مرحله
پردہ,مسطح
پردہ,معذرت
پردہ,ميبخشين
پردہ,هامون
پردہ,پرده
پردہ,پرس
پردہ,پنهان شدن
پردہ,پوسته
پردہ,چغاله
پردہ نشين,استغنا
پردہ نشين,اصلي
پردہ نشين,انس
پردہ نشين,بار
پردہ نشين,بر حذر بودن
پردہ نشين,بهانه
پردہ نشين,تتق
پردہ نشين,جا گذاشتن
پردہ نشين,دنبال
پردہ نشين,رديف
پردہ نشين,سربسته
پردہ نشين,سيل
پردہ نشين,سيل كردن
پردہ نشين,شادروان
پردہ نشين,شاگرد
پردہ نشين,شبستان
پردہ نشين,شگرد
پردہ نشين,عقب
پردہ نشين,عقب ماندن
پردہ نشين,غريبي كردن
پردہ نشين,كار، كار انگليسيهاست
پردہ نشين,مستور
پردہ نشين,نر
پردہ نشين,پرده
پردہ نشين,پرس
پردہ نشين,پرهيز كردن
پردہ نشين,پرهيزيدن
پردہ نشين,پس
پردہ نشين,پشت
پردہ نشين,پشد
پردہ نشين,پيشوا
پردے,بار
پردے,تتق
پردے,شادروان
پردے,پرده
پردے,پرس
پرس,پرس
پرست,پرست
پرستار,عابد
پرستار,مهر
پرستار,پرست
پرستار,پرستار
پرستاران,پرستاران
پرستاري,پرستاري
پرستان,پريستان
پرستاو,اشاره كردن
پرستاو,اوكي
پرستاو,برداشت
پرستاو,به زبان اوردن
پرستاو,بيا
پرستاو,تعارف كردن
پرستاو,تقديم كردن
پرستاو,جانباز
پرستاو,خواستگاري
پرستاو,درامد
پرستاو,ديباچه
پرستاو,ذكر
پرستاو,ذكر كردن
پرستاو,زحمت نكشيد
پرستاو,شروع
پرستاو,فاتحه
پرستاو,قابل ندارد
پرستاو,كاري نكردم
پرستاو,مقدمه
پرستاو,نام بردن
پرستاو,وظيفهام بود
پرستاو,ياد كردن
پرستاو,پيشنهاد
پرستاو,پيشنهاد كردن
پرستاو,چيز
پرستش,ارز
پرستش,نيايش
پرستم,پرستم
پرستي,پرستي
پرسد,پرسد
پرسش,پرسش
پرسم,پرسم
پرسوز,پرسوز
پرسوں,امس
پرسوں,ديروز
پرسوں,صباح
پرسوں,فردا
پرسوں,فرداشب
پرسوں,پري
پرسوں,پريروز
پرسوں,پس پريروز
پرسوں,پسفردا
پرسوں,پسفرداشب
پرسوں,پسينفردا
پرسوں,پسينفرداشب
پرسوں,پگاه
پرسي,پرسي
پرش,انبوه
پرش,ترك
پرش,تند
پرش,توليد ناخالص داخلي
پرش,توليد ناخالص ملي
پرش,تيز
پرش,جاگير
پرش,جنگره
پرش,خشن
پرش,خفيف
پرش,درشت
پرش,زمخت
پرش,سترگ
پرش,سخت
پرش,سخت گرفتن
پرش,سفرهخانه
پرش,سنگدل
پرش,شخص
پرش,شخصيت
پرش,شديد
پرش,ظالم
پرش,ظالمانه
پرش,فرد
پرش,فنا
پرش,كتلت
پرش,متقال
پرش,مناجات
پرش,نكره
پرش,واحد
پرش,پفك
پرش,پلاس
پرش,گليم
پركار,پركار
پركاش,ابدار
پركاش,اشكارا
پركاش,افتاب
پركاش,بامي
پركاش,تابان
پركاش,تابش
پركاش,ترنج
پركاش,جيزه
پركاش,خورشيد
پركاش,روز
پركاش,سرشناس
پركاش,سلبريتي
پركاش,صريح
پركاش,كشف
پركاش,مرئي
پركاش,مشهود
پركاش,مشهور
پركاش,معروف
پركاش,مكاشفه
پركاش,منير
پركاش,نامدار
پركاش,نمايان
پركاش,نمودار
پركاش,هويدا
پركاش,واضح
پركاش,وحي
پركاش,پديد
پركاش,پديدار
پركاش,پيدا
پركاش,پيداوار
پركاش,گشادي
پركاشن,انتشار
پركاشن,چاپ
پركھ,جد
پركھ,نيا
پركھيات,ارباب
پركھيات,انوشيروان
پركھيات,جيزه
پركھيات,زبانزد
پركھيات,سرشناس
پركھيات,سلبريتي
پركھيات,شب يلدا
پركھيات,شهره
پركھيات,مشهور
پركھيات,معروف
پركھيات,نامبردار
پركھيات,نامدار
پركھيات,نامور
پركھيات,نامي
پركھيات,نوروز
پركھيات,يلدا
پركھيات,چهارشنبهسوري
پركھيات,گلستان
پرم,پرم
پرمكھ,اصلي
پرمكھ,افضل
پرمكھ,برجسته
پرمكھ,راس
پرمكھ,سر
پرمكھ,سرافراز
پرمكھ,صاحب
پرمكھ,صدر
پرمكھ,عمده
پرمكھ,كاخ باكينگهام
پرمكھ,متمايز
پرمكھ,معلوم
پرمكھ,ممتاز
پرمكھ,نخستين
پرندہ,تير
پرندہ,جيوه
پرندہ,خفاش
پرندہ,سيماب
پرندہ,شبكور
پرندہ,پرنده
پرنم,پرنم
پرني,دوشيزه
پرنيان,پرنيان
پروا,تعلق
پروا,خصوص
پروا,نگراني
پروا,پروا
پروار,بنه
پروار,خانواده
پروار,رخت
پروار,سامان
پروار,عيال
پروار,كار خانگي
پروار,كوچ
پرواز,استكبار
پرواز,برتني
پرواز,بلند شدن
پرواز,توشه
پرواز,جنگنده
پرواز,خودپسندي
پرواز,دسترس
پرواز,دماغ
پرواز,رحلت
پرواز,رحيل
پرواز,رسيدن
پرواز,رنده
پرواز,سفر
پرواز,سير
پرواز,شخشيدن
پرواز,شيخي
پرواز,صاف
پرواز,صفحه
پرواز,صنار
پرواز,عزيمت
پرواز,فرار
پرواز,فيلترشكن
پرواز,مد
پرواز,مسافرت
پرواز,ملكوت
پرواز,هواپيماي جت
پرواز,يازيدن
پرواز,پا به سن گذاشتن
پرواز,پرواز
پرواز,چنار
پرواز,گريز
پرواز,گستاخي
پرواز,گشتوگذار
پروازي,پروازي
پروانه,پروانه
پروانہ,بيد
پروانہ,تذكره
پروانہ,رواديد
پروانہ,شبپره
پروانہ,ليسانس
پروانہ,پاسپورت
پروانہ,پروانه
پروانہ,پرپروك
پروانہ,گذاشتن
پروانہ,گذرنامه
پروانہ,گواهينامه رانندگي
پرواي,پرواي
پرور,پرور
پرورد,پرورد
پروردن,پروردن
پروردي,پروردي
پروردگار,باني
پروردگار,بنيانگذار
پروردگار,قدر
پروردگار,مخترع
پروردگار,واضع
پروردگار,واقف
پروردگار,پروردگار
پرورش,اشفاق
پرورش,ترحم
پرورش,تيمار
پرورش,شفقت
پرورش,فرهيختن
پرورش,پروردن
پرورش,پرورش
پروري,پروري
پروسٹيٹ,پروستات
پرول,سيكي
پرول,كدو
پرول,كندوري
پرونا,سر سوزن
پرونا,سوزن
پرونا,سوفار
پرويز,پرويز
پرويزي,پرويزي
پروين,پروين
پرويني,پرويني
پروہت,كاهن
پروہت,كشيش
پروہت,موبد
پروہت,هيربد
پروہت,پادري
پري,ديو
پري,پري
پريت,خيال
پريت,شبح
پريت,وهم
پريت,پري
پريتم,اليجو
پريتم,جانان
پريتم,دلبر
پريتم,صنم
پريتم,فغ
پريتم,معشوقه
پريد,پريد
پريدم,پريدم
پريدن,پريدن
پريشان,ازاري
پريشان,اشفته
پريشان,تنجيدن
پريشان,درمانده
پريشان,دلواپس
پريشان,رنجه
پريشان,رنجور
پريشان,نگران
پريشان,پريش
پريشان,پريشان
پريشانم,پريشانم
پريشاني,پريشاني
پريكشا,ازمايش
پريكشا,ازمايش خون
پريكشا,ازمايش واحد
پريكشا,ازمودن
پريكشا,ازمون
پريكشا,ازمون و خطا
پريكشا,امتحان
پريكشا,تست
پريكشا,تست بارداري
پريكشا,دادرسي
پريكشا,رسيدگي
پريكشا,كنكور
پريكشا,محاكمه
پريكشا,محك
پريكشا,معاينه
پريكشا,نمره
پريكشا,پروسه
پريكشا,پژوهش
پريكشائيں,پارك
پريكشائيں,پاركينگ
پريڈ,رژه
پرچ,سكوره
پرچ,قاب
پرچ,نعلبكي
پرچ,پدواز
پرچارك,خاطب
پرچم,اگير
پرچم,بيرق
پرچم,درفش
پرچم,شعار
پرچم,علم
پرچم,نشان
پرچم,وج
پرچم,پرچم
پرچمو,اگير
پرچمو,بيرق
پرچمو,درفش
پرچمو,شعار
پرچمو,علم
پرچمو,نشان
پرچمو,وج
پرچمو,پرچم
پرچموں,اگير
پرچموں,بيرق
پرچموں,درفش
پرچموں,شعار
پرچموں,علم
پرچموں,نشان
پرچموں,وج
پرچموں,پرچم
پرچي,اشتباه لپي
پرچي,انگ
پرچي,برچسب
پرچي,تعرفه
پرچي,راي
پرچي,راي دادن
پرچي,رسيد
پرچي,سر خوردن
پرچي,سريدن
پرچي,شخشيدن
پرچي,قبض
پرچي,لايك
پرچي,لغزيدن
پرچي,ليز خوردن
پرچي,هشتگ
پرچہ,ازمون
پرچہ,تعرفه
پرچہ,جنتري
پرچہ,دستاويز
پرچہ,رسيد
پرچہ,سند
پرچہ,سواد
پرچہ,شكست
پرچہ,صادر كردن
پرچہ,قبض
پرچہ,متن
پرچہ,مدرك
پرچہ,ويرايش
پرچہ,چك
پرگار,پرگار
پس,پس
پست,پست
پستئي,اجيل
پستئي,مغز پسته
پستئي,مغزپستهاي
پستئي,پسته
پستئي,پستهاي
پستان,ركود
پستان,سينه
پستان,صدر
پستان,كنار
پستان,مار در استين پروراندن
پستان,ماهچه
پستان,ممه
پستان,پستان
پستك,ترنج
پستك,جلد
پستك,حجم
پستك,سواد
پستك,فضا
پستك,مصحف
پستك,نوشته
پستول,تپانچه
پستي,پستي
پستہ,اجيل
پستہ,مغز پسته
پستہ,مغزپستهاي
پستہ,پسته
پستہ,پستهاي
پسر,پسر
پسند,اختيار
پسند,انتخاب
پسند,انتخاو
پسند,متمايز
پسند,ناچار
پسند,وش
پسند,پرطرفدار
پسند,پسند
پسند,گزينش
پسند,گزينه
پسنديدہ,خاصگي
پسنديدہ,يوسف
پسو,كك
پسو,كيك
پسينہ,خوي
پسينہ,خوي كردن
پسينہ,عرق
پسينہ,عرق كردن
پشاور,پيشاور
پشت,پشت
پشتو,افغاني
پشتو,پشتو
پشكلاوتي,اروميه
پشكلاوتي,تقريب
پشكلاوتي,رديف
پشكلاوتي,زورا
پشكلاوتي,سومقاييت
پشكلاوتي,شيراز
پشكلاوتي,قريب
پشكلاوتي,لدن
پشكلاوتي,نزد
پشكلاوتي,نزديك
پشيزي,پشيزي
پكا,بالغ
پكا,را
پكا,رسيده
پكا,روشن
پكا,روچه
پكا,عنابي
پكا,فرهنگي
پكا,مردي
پكا,مستعمره
پكا,مطمئن
پكا,نشستن
پكا,يقين
پكا,يقين داشتن
پكا,يقينا
پكا,پخته
پكار,اعلاميه
پكار,ندا
پكارنا,ذكر كردن
پكشي,ارد
پكشي,توجه
پكشي,حامي
پكشي,حق نمك
پكشي,خدا
پكشي,خداي
پكشي,خفاش
پكشي,دستيار
پكشي,شبكور
پكشي,طرفدار
پكشي,كمك
پكشي,مدافع
پكشي,معاون
پكشي,مهمان
پكشي,يار
پكشي,ياور
پكنا,اش
پكنا,رسيده
پكنا,سفيد كردن
پكنا,فلاته
پكنا,پختن
پكنا,پخته
پكنا,چلو
پكڑنا,اتش گرفتن
پكڑنا,ارايه
پكڑنا,برگزار كردن
پكڑنا,به چشم خوردن
پكڑنا,حبس كردن
پكڑنا,داشتن
پكڑنا,دريافتن
پكڑنا,درگرفتن
پكڑنا,دستگير كردن
پكڑنا,ربودن
پكڑنا,سرما خوردن
پكڑنا,صدق كردن
پكڑنا,ضامن
پكڑنا,علاقه داشتن
پكڑنا,كلاچ
پكڑنا,كلنجار رفتن
پكڑنا,كپيدن
پكڑنا,ماهي را هر وقت از اب بگيري تازه است
پكڑنا,نگه داشتن
پكڑنا,چنگ
پكڑنا,گرفتن
پكڑنا,گير
پل,خرك
پل,كرپي
پل,كمر
پل,پل
پل,چينود
پلاس,پلاس
پلاسٹك,سرپوش
پلاسٹك,پستانك
پلاسٹك,پلاستيك
پلانڈو,سوخ
پلانڈو,پياز
پلانڈو,پيازچه
پلك,تلگرام
پلك,مجگ
پلك,مزلنگ
پلك,مژه
پلك,وهله
پلك,پلك
پلك,چشمك
پلنگ,پلنگ
پلنگان,پلنگان
پليد,از ما بهتران
پليد,الوده
پليد,جن
پليد,خبيث
پليد,دشت
پليد,ديو
پليد,روح
پليد,ريمن
پليد,شنيع
پليد,قبيح
پليد,كثيف
پليد,كريه
پليد,ناك
پليد,ناپاز
پليد,نجس
پليد,پليد
پليد,پوده
پليد,چتل
پليد,چركين
پليد,گست
پلٹنا,لگد
پلٹنا,پشتك
پلٹنا,چپه شدن
پن ہارا,اجرا
پن ہارا,صندل
پن ہارا,كميسيون
پن ہارا,مجري
پنا,برگ
پنا,برگه
پنا,تنكه
پنا,خاصگي
پنا,دواج
پنا,رقعه
پنا,رويه
پنا,شاگرد
پنا,صفحه
پنا,ورق
پنا,ورقه
پنا,پرونده
پناہ,ابشتن
پناہ,تيمارستان
پناہ,حرز
پناہ,زنهار
پناہ,سامه
پناہ,سايه
پناہ,ظل
پناہ,كارتنخواب
پناہ,مامن
پناہ,متحصن
پناہ,مخلص
پناہ,پناه
پناہ,پناهجو
پناہ,پناهندگي
پناہ,پناهندگي سياسي
پناہ,پناهگاه
پناہ,گريزگاه
پناہ,گورخواب
پناہو,ابشتن
پناہو,تيمارستان
پناہو,حرز
پناہو,زنهار
پناہو,سامه
پناہو,سايه
پناہو,ظل
پناہو,كارتنخواب
پناہو,مامن
پناہو,متحصن
پناہو,مخلص
پناہو,پناه
پناہو,پناهجو
پناہو,پناهندگي
پناہو,پناهندگي سياسي
پناہو,پناهگاه
پناہو,گريزگاه
پناہو,گورخواب
پناہوں,ابشتن
پناہوں,تيمارستان
پناہوں,حرز
پناہوں,زنهار
پناہوں,سامه
پناہوں,سايه
پناہوں,ظل
پناہوں,كارتنخواب
پناہوں,مامن
پناہوں,متحصن
پناہوں,مخلص
پناہوں,پناه
پناہوں,پناهجو
پناہوں,پناهندگي
پناہوں,پناهندگي سياسي
پناہوں,پناهگاه
پناہوں,گريزگاه
پناہوں,گورخواب
پناہيں,ابشتن
پناہيں,تيمارستان
پناہيں,حرز
پناہيں,زنهار
پناہيں,سامه
پناہيں,سايه
پناہيں,ظل
پناہيں,كارتنخواب
پناہيں,مامن
پناہيں,متحصن
پناہيں,مخلص
پناہيں,پناه
پناہيں,پناهجو
پناہيں,پناهندگي
پناہيں,پناهندگي سياسي
پناہيں,پناهگاه
پناہيں,گريزگاه
پناہيں,گورخواب
پنج شير,پنجشير
پنجاب,ارمن
پنجاب,ارمنستان
پنجاب,بنگال
پنجاب,جدا
پنجاب,جمهوري ارمنستان
پنجاب,جنتري
پنجاب,خراسان
پنجاب,خوارزم
پنجاب,رفيق
پنجاب,قبرس
پنجاب,قشمير
پنجاب,كره
پنجاب,كشمير
پنجاب,لوتارنژي
پنجاب,پنجاب
پنجابي,پنجابي
پنجاہ,پنجاه
پنجرہ,ارسي
پنجرہ,باجه
پنجرہ,بالكانه
پنجرہ,دريچه
پنجرہ,قفس
پنجرہ,كلكين
پنجرہ,ويترين
پنجرہ,پنجره
پنجشير,خمسه
پنجشير,پنجشير
پنجہ,چنگال
پند,پند
پندار,پندار
پنداري,پنداري
پنداشت,پنداشت
پنداشتي,پنداشتي
پندرہ,پانزده
پنسل,خامه
پنسل,زكاب
پنسل,مداد
پنسل,مداد لب
پنسل,پنسل
پنكھ,بال
پنكھ,فراكسيون
پنكھ,پر
پنكھ,پرنده پر نميزد
پنكھڑي,برگ
پنكھڑي,گلبرگ
پنكھڑي,گلقند
پنير,بري
پنير,قالب
پنير,لور
پنير,پفك
پنير,پنير
پنيشالا,اخور
پنيشالا,انبار
پنيشالا,بازار
پنيشالا,بازاري
پنيشالا,تيمچه
پنيشالا,حجره
پنيشالا,حراج
پنيشالا,خريدار
پنيشالا,خزينه
پنيشالا,رواني
پنيشالا,غرفه
پنيشالا,ماركيت
پنيشالا,مخزن
پنيشالا,معرض
پنيشالا,نرخ
پنيہ,بخاطر
پنيہ,بختيار
پنيہ,تقوا
پنيہ,تقوي
پنيہ,خاصيت
پنيہ,خجسته
پنيہ,خدايي
پنيہ,خوباني
پنيہ,خوشبخت
پنيہ,روزبه
پنيہ,شيء
پنيہ,فرارون
پنيہ,فرخ
پنيہ,فرخنده
پنيہ,فضل
پنيہ,كالا
پنيہ,كامران
پنيہ,موهبت
پنيہ,همايون
پنيہ,هنر
پنڈال,اجلاس
پنڈال,بار
پنڈال,خرگاه
پنڈال,كوشك
پنڈال,مجمع
پنڈال,پردهسراي
پنگھٹ,استناد
پنگھٹ,اسكله
پنگھٹ,بارانداز
پنگھٹ,ترسيم
پنگھٹ,جلب
پنگھٹ,خاتم
پنگھٹ,دل كسي را زدن
پنگھٹ,رسم
پنگھٹ,زينه
پنگھٹ,طريق
پنگھٹ,قرعهكشي
پنگھٹ,ناو
پنگھٹ,نقاشي
پنگھٹ,نقش
پنگھٹ,ياساق
پنگھٹ,پله
پنگھٹ,پونز
پنگھٹ,گذر
پنگھٹ,گذرگاه
پو,پو
پوت,ابخور
پوت,اون ممه رو لولو برد
پوت,بارگيري
پوت,جنگ
پوت,جهاز
پوت,سفينه
پوت,كشتي
پوت,كيمه
پوت,مركب
پوت,ناو
پوتا,بني ادم
پوتا,دخترعمه
پوتا,دخترعمو
پوتا,عمه
پوتا,عمو
پوتا,كاكا
پوتا,نوا
پوتا,پدرانه
پوتا,پسرعمه
پوتا,پسرعمو
پوتي,بني ادم
پوتي,دخترعمه
پوتي,دخترعمو
پوتي,عمه
پوتي,عمو
پوتي,كاكا
پوتي,پدرانه
پوتي,پسرعمه
پوتي,پسرعمو
پوجا,افضل
پوجا,املاي نانوشته غلط ندارد
پوجا,بارگاه
پوجا,برجسته
پوجا,تاكيد
پوجا,تكزنگ زدن
پوجا,حساس
پوجا,خاص
پوجا,خاصه
پوجا,خونبها
پوجا,درون
پوجا,دستنماز
پوجا,زنجيرزني
پوجا,سرافراز
پوجا,سفرهخانه
پوجا,سورسات
پوجا,سينه زني
پوجا,صاحب
پوجا,عادت
پوجا,غسل
پوجا,كوچ
پوجا,متمايز
پوجا,متوضا
پوجا,مختص
پوجا,معلوم
پوجا,ممتاز
پوجا,هاون
پوجا,وضو
پوجا,ويژه
پوجا,ويژگي
پوجا,ين
پوجا,پذيرش
پوجا,گاه
پوجك,عابد
پوجك,مهر
پوجك,پرست
پوجك,پرستار
پوجنا,خوشبخت
پود,پود
پودينہ,نعناع
پودينہ,پودنه
پور,ارگ
پور,حصار
پور,دژ
پور,قلعه
پور,كوت
پور,پور
پورا,جهانگير
پورا,خوشبخت
پورا,درست
پورا,كليات
پورا,چادر شب
پورب,مشرق زمين
پوروج,به دنيا امدن
پوروج,جد
پوروج,خواستن
پوروج,دوقلو
پوروج,را
پوروج,متولد
پوروج,متولد شدن
پوروج,مولود
پوروج,نيا
پوروج,هشتگ
پوروج,پا به جهان گذاشتن
پوروج,پا به عرصه وجود گذاشتن
پوروج,پادشاهي بريتانياي كبير
پوري,پوري
پوزش,پوزش
پوست,البا
پوست,برج
پوست,تركش
پوست,توژ
پوست,جفت
پوست,خندان
پوست,صدف
پوست,صفحه
پوست,ضخيم
پوست,طبقه
پوست,قشر
پوست,لا
پوست,لاد
پوست,لاك
پوست,لايه
پوست,ليف
پوست,مهره
پوست,ورقه
پوست,پارس
پوست,پوست
پوست,پوسته
پوست,پيل
پوستين,پوستين
پوش,پوش
پوشاك,بدحجاب
پوشاك,خز
پوشاك,خف
پوشاك,ساري
پوشاك,كالا
پوشاك,كراوات
پوشاك,لباس
پوشاك,ملبوس
پوشاك,نيكتايي
پوشاك,پوشاك
پوشاك,پوشاندن
پوشاك,پيراهن
پوشاك,چادر
پوشاك,ژاكت
پوشد,پوشد
پوشند,پوشند
پوشي,پوشي
پوشيدہ,سربسته
پوشيدہ,كر
پوشيدہ,مخفي
پوشيدہ,مرئي
پوشيدہ,مستور
پوشيدہ,ناپديد
پوشيدہ,نمايان
پوشيدہ,نمودار
پوشيدہ,نهان
پوشيدہ,نيان
پوشيدہ,هويدا
پوشيدہ,پديد
پوشيدہ,پديدار
پوشيدہ,پنهان
پوشيدہ,پيدا
پوشيدہ,پيداوار
پوكا,كرم
پوكا,كرم صدپا
پول,باب
پول,ببخشيد
پول,بخشيدن
پول,بهانه
پول,توجيه
پول,درب
پول,دروازه
پول,درگاه
پول,دستاويز
پول,سرسرا
پول,شادروان
پول,عنوان
پول,قاپو
پول,كنكور
پول,معذرت
پول,ميبخشين
پول,ورود
پول,گيت
پولاد,پولاد
پولس,انجيل
پولس,جلد
پولس,صاحب
پولس,صاحب اين قلم
پولس,عهد
پولس,فردوسي
پولس,مؤلف
پولس,نبيگ
پولس,نسك
پولس,نويسنده
پولس,وصيت
پولس,وصيتنامه
پولس,يعقوب
پولس,پاول
پولس,پولس
پولس,گوينده
پوليس والا,پاسبان
پوليس والا,ژاندرم
پولينڈ,اروپاي مركزي
پولينڈ,لهستان
پولينڈ,ورشو
پونچھ,بنگالي
پونچھ,بيد
پونچھ,دم
پونچھ,دنب
پونچھ,دنبال
پونچھ,شبپره
پونچھ,مظفراباد
پونچھ,پروانه
پونچھ,پروردن
پونچھ,پرپروك
پونچھ,پرچم
پونچھ,پشت
پونچھ,پشد
پونچھنا,ابچين
پونچھنا,خاك
پونچھنا,خاكسار
پونچھنا,دوستها
پونچھنا,رشت
پونچھنا,ستردن
پونچھنا,سوده
پونچھنا,عفو
پونچھنا,غبار
پونچھنا,غليظ
پونچھنا,محو
پونچھنا,پلم
پونچھنا,گرد
پونے,بي
پونے,كمابيش
پونے,كمتر
پونے,نا
پوپ,اسيا
پوپ,افريقا
پوپ,ايليريا
پوپ,بينالنهرين
پوپ,رم
پوپ,روم
پوپ,رومي
پوپ,قاتوليقه
پوپ,قيصر
پوپ,كاتوليك
پوپ,كلسيا
پوپ,كليسا
پوپ,كنشت
پوپ,محراب
پوپ,ناقوس
پوپ,نپتون
پوپ,پادري
پوپ,پاپ
پوپ,گاليا
پي,پي
پي ٹي ائي,ره
پيادہ,سرباز
پيادہ,پياده
پيادہ,گرو
پيادہ,گروگان
پيار,ائتلاف
پيار,ارادت
پيار,ارتفاع
پيار,اسكي
پيار,اشفاق
پيار,اشنايي
پيار,الحاق
پيار,اليجو
پيار,بوس
پيار,بوس كردن
پيار,بوسه
پيار,بوسيدن
پيار,تاسف
پيار,ترحم
پيار,تعلق
پيار,جان
پيار,جاني
پيار,جگر
پيار,خصوصيت
پيار,دست
پيار,دلبر
پيار,دلبستگي
پيار,دوستي
پيار,دوستيابي
پيار,را
پيار,رخم
پيار,سبزي خوردن
پيار,شفقت
پيار,شوق
پيار,صحابت
پيار,ضميمه
پيار,طفلك
پيار,عاطفه
پيار,عزيز
پيار,عزيزم
پيار,علاقه
پيار,علاقه داشتن
پيار,فرهاد
پيار,فري
پيار,قابل ندارد
پيار,قهر كردن
پيار,كلاچ
پيار,كوريا
پيار,لب گرفتن
پيار,ليلي
پيار,ماچ
پيار,ماچ كردن
پيار,مجموعه
پيار,محبت
پيار,محبوب
پيار,ملاطفت
پيار,مهر
پيار,نواختن
پيار,نيم بوسه
پيار,ها
پيار,واي
پيار,ياري
پيار,پيوست
پيار,گرامي
پيار,◌ؖ
پيارا,اليجو
پيارا,امروت
پيارا,امرود
پيارا,جان
پيارا,جانان
پيارا,جاني
پيارا,جمال
پيارا,جگر
پيارا,حسن
پيارا,خجير
پيارا,خوشا
پيارا,خوشايند
پيارا,خوشگوار
پيارا,دلربا
پيارا,دلفريب
پيارا,دلكش
پيارا,دوستداشتني
پيارا,روحاني
پيارا,عزيز
پيارا,عزيزم
پيارا,فتان
پيارا,فري
پيارا,فريبا
پيارا,قشنگ
پيارا,لذيذ
پيارا,ماهين
پيارا,محبوب
پيارا,مطبوع
پيارا,مقبول
پيارا,مليح
پيارا,موافق
پيارا,واي
پيارا,گرامي
پيارا,گرم
پيارا,گوارا
پيارا,گوگولي مگولي
پيارو,دلبستگي
پيارو,رخم
پيارو,شوق
پيارو,عاطفه
پيارو,علاقه
پيارو,علاقه داشتن
پيارو,محبت
پيارو,ملاطفت
پيارو,مهر
پياروں,دلبستگي
پياروں,رخم
پياروں,شوق
پياروں,عاطفه
پياروں,علاقه
پياروں,علاقه داشتن
پياروں,محبت
پياروں,ملاطفت
پياروں,مهر
پياز,تره
پياز,ترهفرنگي
پياز,سوخ
پياز,پياز
پياز,پيازچه
پياز,گندنا
پياس,تشنگي
پياسا,تشنه
پيالہ,باديه
پيالہ,طاس
پيالہ,كاسه
پيالہ,كشكول
پيالہ,لانجين
پيالہ,پنگان
پيام,پيام
پيامي,پيامي
پيتل,برنج
پيتل,كرنا
پيتل,پرنگ
پيج,ابراز
پيج,اظهار
پيج,اعلام
پيج,اعلاميه
پيج,بيانيه
پيج,تصريح
پيج,حلقه نامزدي
پيج,درگيري
پيج,سنگين
پيج,نامزدي
پيدا,ازل
پيدا,به دنيا امدن
پيدا,ترنج
پيدا,دوقلو
پيدا,راجستان
پيدا,متولد
پيدا,متولد شدن
پيدا,مجسمه
پيدا,مخلوق
پيدا,مولود
پيدا,پا به جهان گذاشتن
پيدا,پا به عرصه وجود گذاشتن
پيدا,پيدا
پيدائش,انداختن
پيدائش,تولد
پيدائش,ريشه
پيدائش,زادن
پيدائش,زايمان زودرس
پيدائش,زايمان طبيعي
پيدائش,زايمان كردن
پيدائش,زاييدن
پيدائش,زه
پيدائش,شناسنامه
پيدائش,پيدايش
پيدائي,پيدائي
پيداست,پيداست
پيداستي,پيداستي
پير,تكيهدار
پير,تكيهنشين
پير,دوشنبه
پير,رد
پير,سراغ
پير,عارف
پير,پير
پيرا,پيرا
پيرامون,پيرامون
پيران,پيران
پيرس,پاريس
پيرك,پيرك
پيرم,پيرم
پيرو,پرو
پيرو,پيرو
پيروزہ,بابك
پيروزہ,فيروزه
پيروزہ,فيروزهاي
پيروي,ارادت
پيروي,اطاعت
پيروي,بعدي
پيروي,تاسي
پيروي,تشريف
پيروي,تعقيب
پيروي,تمكين
پيروي,توصيه
پيروي,خواستگاري
پيروي,رديف
پيروي,سفارش
پيروي,سيمكش
پيروي,طاعت
پيروي,عجز
پيروي,كام
پيروي,كوم
پيروي,متوالي
پيروي,پيروي
پيروي,پيگيري
پيروں,جفت
پيروں,دوشنبه
پيروں,زوج
پيروں,كفش
پيروں,كلپچه
پيروں,ميزان
پيروں,نيفه
پيروں,پرگار
پيري,پيري
پيسو,خودپرداز
پيسو,صندوق
پيسو,عابر بانك
پيسو,نقد
پيسو,پيسه
پيسوں,خودپرداز
پيسوں,صندوق
پيسوں,عابر بانك
پيسوں,نقد
پيسوں,پيسه
پيسہ,اداره
پيسہ,تيره
پيسہ,خودپرداز
پيسہ,صندوق
پيسہ,عابر بانك
پيسہ,نقد
پيسہ,ولسوالي
پيسہ,پيسه
پيسے,خودپرداز
پيسے,صندوق
پيسے,عابر بانك
پيسے,نقد
پيسے,پيسه
پيش,تشديد
پيش,زبر
پيش,زير
پيش,سكون
پيش,پيش
پيش گوئي,پيشبيني
پيشاب,ادرار
پيشاب,بول
پيشاب,شاش
پيشاب,ميز
پيشاب,پيشاب
پيشاني,جبهه
پيشاني,جبين
پيشاني,شاخ
پيشاني,مهر
پيشاني,پرچم
پيشاني,پيشاني
پيشاني,چكاد
پيشتر,پيشتر
پيشين,پيشين
پيشہ,اشتغال
پيشہ,اشغال
پيشہ,اشغالي
پيشہ,بدمعاش
پيشہ,تصرف
پيشہ,تمرين كردن
پيشہ,حدادي
پيشہ,حرفه
پيشہ,روسپيگري
پيشہ,سررشته
پيشہ,شغل
پيشہ,شيوه
پيشہ,كار
پيشہ,كسب
پيشہ,كوزهگري
پيشہ,مشغله
پيشہ,مهارت
پيشہ,نوكري
پيشہ,هنر
پيشہ,ورز
پيشہ,ورزه
پيشہ,پيشه
پيشہ,ژني
پيشہ ور,اداره
پيشہ ور,استاد
پيشہ ور,اهل صنعت
پيشہ ور,خبره
پيشہ ور,سيمكش
پيشہ ور,كارگر
پيشہ ور,كاسب
پيشہ ور,هنرپيشه
پيغام,استفتاء
پيغام,اطلاع
پيغام,توييت
پيغام,حكمت
پيغام,دايركت
پيغام,دريافت كردن
پيغام,سين
پيغام,سين كردن
پيغام,كنگاش
پيغام,مصلحت
پيغام,مكتوب
پيغام,نصيحت
پيغام,ويس
پيغام,پند
پيغام,پيام
پيغام,پيامك
پيغام,پيغام
پيغمبر,ايلچي
پيغمبر,سفير
پيغمبر,فرستاده
پيغمبر,پيغمبر
پيغمبري,پيغمبري
پيك,پيك
پيكار,پيكار
پيكان,پيكان
پيكر,پيكر
پيكران,پيكران
پيكرت,پيكرت
پيكرش,پيكرش
پيكرم,پيكرم
پيكري,پيكري
پيل,ابابيل
پيل,اسقف
پيل,خرطوم
پيل,سكوبا
پيل,شنگ
پيل,فيل
پيل,فيلمرغ
پيل,كجك
پيل,كنجر
پيل,پيل
پيلا,زرد
پيلا,سفيد
پيلا,سندروس
پيلا,صفرا
پيلا,لپه
پيما,پيما
پيمائي,پيمائي
پيمان,اجلاس
پيمان,التزام
پيمان,تاييد
پيمان,تصديق
پيمان,تصريح
پيمان,سوگند
پيمان,سيدي
پيمان,طرفين
پيمان,عهد
پيمان,عهدنامه
پيمان,قرار
پيمان,قرارداد
پيمان,قسم
پيمان,قيد
پيمان,مجمع
پيمان,مضبوط
پيمان,معاهده
پيمان,ميثاق
پيمان,نقض
پيمان,وثيقه
پيمان,پار
پيمان,پيمان
پيمان,پيمانه
پيمان,گرو
پيمان,گروگان
پيمان,گز
پيمانه,پيمانه
پيمانگي,پيمانگي
پيمانہ,ابگينه
پيمانہ,استكام
پيمانہ,اشكوب
پيمانہ,امتداد
پيمانہ,باديه
پيمانہ,بالغ
پيمانہ,بگماز
پيمانہ,ترازو
پيمانہ,تعادل
پيمانہ,حوصله
پيمانہ,درازا
پيمانہ,درجه
پيمانہ,دوستكان
پيمانہ,دوستگان
پيمانہ,رطل
پيمانہ,ساغر
پيمانہ,سرو
پيمانہ,سطح
پيمانہ,سفت
پيمانہ,سلامت
پيمانہ,شاخ
پيمانہ,طاس
پيمانہ,طول
پيمانہ,فرات
پيمانہ,قدح
پيمانہ,قدم زدن
پيمانہ,كاسه
پيمانہ,كشكول
پيمانہ,كوتاه
پيمانہ,لانجين
پيمانہ,ليوان
پيمانہ,مرحله
پيمانہ,مزه
پيمانہ,مسطح
پيمانہ,ميزان
پيمانہ,هامون
پيمانہ,پنگان
پيمانہ,چارك
پيماي,پيماي
پيمبر,پيمبر
پيمود,پيمود
پينا,الكل
پينا,اميزش جنسي دهاني
پينا,بار
پينا,بير
پينا,حاجي فيروز
پينا,خواباور
پينا,دارو
پينا,دهاني
پينا,دود
پينا,راه حل
پينا,سفرهخانه
پينا,سكس دهاني
پينا,سيگار كشيدن
پينا,شات
پينا,شفاهي
پينا,كشيدن
پينا,ماء
پينا,مخموري
پينا,مزه
پينا,ويديدن
پينا,پيك
پينا,چاره
پيوست,پيوست
پيوستم,پيوستم
پيوند,پيوند
پيٹ,اشكم
پيٹ,بطن
پيٹ,خيك
پيٹ,درونه
پيٹ,دل
پيٹ,رحم
پيٹ,زهدان
پيٹ,شكم
پيٹ,شكنب
پيٹ,قرقره
پيٹ,كم
پيٹ,معده
پيٹي,باربند
پيٹي,حمايل
پيٹي,رف
پيٹي,زنار
پيٹي,شكنجه
پيٹي,فانوسقه
پيٹي,كمر
پيٹي,كمربند
پيٹي,هميان
پيپل,انتفاع
پيپل,بودا
پيپل,بوذاسف
پيپل,روشنگري
پيپل,پارتي بازي
پيچ,پيچ
پيچ كس,پيچگوشتي
پيچاك,پيچاك
پيچاكش,پيچاكش
پيچان,پيچان
پيچد,پيچد
پيچش,پيچش
پيچم,پيچم
پيچيدن,پيچيدن
پيڑ,تاغ
پيڑا,ابتلا
پيڑا,ازار
پيڑا,بلا
پيڑا,بلاي عشق
پيڑا,تشويش
پيڑا,خون خوردن
پيڑا,درد
پيڑا,درد كردن
پيڑا,دود
پيڑا,رنج
پيڑا,سوگ
پٹ,املاي نانوشته غلط ندارد
پٹ,ترك
پٹ,دره
پٹ,رخنه
پٹ,شق
پٹ,كراك
پٹ,كند
پٹ,ناو
پٹ,چاك
پٹاخا,تخش
پٹاخا,فشفشه
پٹل,انبوه
پٹل,تم
پٹل,توده
پٹل,جالي
پٹل,جبهه
پٹل,جبين
پٹل,جرم
پٹل,حجاب
پٹل,حجم
پٹل,رسانههاي گروهي
پٹل,سبد
پٹل,سرند
پٹل,شاخ
پٹل,صفحه
پٹل,صندل
پٹل,كوت
پٹل,كود
پٹل,كومه
پٹل,كپه
پٹل,من
پٹل,مهر
پٹل,ها
پٹل,پرده
پٹل,پرچم
پٹل,پلخته
پٹل,پيشاني
پٹل,چارك
پٹل,چكاد
پٹل,گروهي
پٹنہ,پتنه
پٹواري,ارزشي
پٹواري,ارمن
پٹواري,ارمنستان
پٹواري,تورغاي
پٹواري,جمهوري ارمنستان
پٹواري,حامي
پٹواري,حسابدار
پٹواري,خوارزم
پٹواري,دستگير
پٹواري,رفيق
پٹواري,طرفدار
پٹواري,فن
پٹواري,قبرس
پٹواري,لوتارنژي
پٹواري,محافظهكار
پٹواري,مخلص
پٹواري,معين
پٹواري,پارتي
پٹواري,پشتيبان
پٹواري,پنجاب
پٹول,سيكي
پٹول,كدو
پٹول,كندوري
پٹي,ابرنجن
پٹي,النگو
پٹي,باريكه
پٹي,بازوبند
پٹي,باند
پٹي,بانداژ
پٹي,بلوچستان
پٹي,بند
پٹي,تنگ
پٹي,حلقه ازدواج
پٹي,حمايل
پٹي,دستبند
پٹي,سهراهي
پٹي,سيمسيار
پٹي,غزه
پٹي,كراسه
پٹي,كش
پٹي,نوار
پٹي,نوار غزه
پٹي,چله
پٹھان,افغان
پٹھان,افغاني
پٹھان,افكوني
پٹھان,الي
پٹھان,با
پٹھان,بربري
پٹھان,ترابي
پٹھان,جلاد
پٹھان,جنگجو
پٹھان,جنگنده
پٹھان,جه
پٹھان,حماس
پٹھان,خونخوار
پٹھان,داعشي
پٹھان,دژاگاه
پٹھان,سوال
پٹھان,شينواري
پٹھان,طالبان
پٹھان,غيور
پٹھان,فارسي افغانستان
پٹھان,كابلي
پٹھان,كد
پٹھان,مبارز
پٹھان,مجاهد
پٹھان,محاربه
پٹھان,مره
پٹھان,هيوادوال
پٹھان,پشتون
پٹھان,پيشمرگه
پٹھان,پيكارجو
پٹھان,ژيان
پٹھان,◌ؖ
پٹھانو,افغان
پٹھانو,شينواري
پٹھانو,طالبان
پٹھانو,پشتون
پٹھانوں,افغان
پٹھانوں,شينواري
پٹھانوں,طالبان
پٹھانوں,پشتون
پچاس,پنجاه
پچكاري,امپول
پچكاري,تزريق
پچكاري,سرنگ
پچھواڑا,دنبال
پچھواڑا,پروردن
پچھواڑا,پس
پچھواڑا,پشت
پچھواڑا,پشد
پڑوسي,عربستان
پڑوسي,مجاور
پڑوسي,همساده
پڑوسي,همسايه
پڑوسي,همسده
پڑھائي,ادب
پڑھائي,اموزش
پڑھائي,تحصيل
پڑھائي,تربيت
پڑھائي,تصحيف
پڑھائي,تعلم
پڑھائي,تعليم
پڑھائي,خوانش
پڑھائي,دانايي
پڑھائي,دانشجو
پڑھائي,روخواني
پڑھائي,فرهنگ
پڑھائي,فضل
پڑھائي,قم
پڑھائي,ليسانس
پڑھائي,معرفت
پڑھائي,يادگيري
پڑھائي,پرورش
پڑھنا,اطلاع
پڑھنا,اعلام
پڑھنا,اقامه
پڑھنا,اموت
پڑھنا,اموختن
پڑھنا,انداختن
پڑھنا,به خاطر سپردن
پڑھنا,تذكر
پڑھنا,تيز
پڑھنا,خروشيدن
پڑھنا,خوان
پڑھنا,خواندن
پڑھنا,درك كردن
پڑھنا,دريافتن
پڑھنا,دريچه
پڑھنا,دعا كردن
پڑھنا,ديدن
پڑھنا,ذكر كردن
پڑھنا,روي
پڑھنا,سرودن
پڑھنا,سين
پڑھنا,سين كردن
پڑھنا,طلسم
پڑھنا,عبادت كردن
پڑھنا,غليظ
پڑھنا,فراگرفتن
پڑھنا,فرياد كردن
پڑھنا,فهموندن
پڑھنا,فهميدن
پڑھنا,منتقل
پڑھنا,نماز
پڑھنا,نماز خواندن
پڑھنا,ورد
پڑھنا,ياد گرفتن
پڑھنا,پس دادن
پڑھنا,چدن
پڑھنا,گچ
پژمردگي,اندوه
پژمردگي,حزن
پژمردگي,دلگيري
پژمردگي,دود
پژمردگي,رخت
پژمردگي,رسانه
پژمردگي,غمگيني
پژمردگي,ناراضگي
پژوہش,اشكار كردن
پژوہش,بررسي كردن
پژوہش,كشف كردن
پژوہش,پيدا كردن
پژوہش,پژوهيدن
پگار,حقوق
پگار,راستاد
پگار,شهريه
پگار,معاش
پگلنا,گداختن
پگوڈا,بتكده
پگڑي,بروفه
پگڑي,جيغه
پگڑي,دستار
پگڑي,دستارسر
پگڑي,دلبند
پگڑي,دولبند
پگڑي,لنگي
پگڑي,معمم
پھانسي,اجرا
پھانسي,اعدام
پھانسي,اندروا
پھانسي,اويزان
پھانسي,تاب
پھانسي,ستاد
پھانسي,كاشتن
پھانسي,نگون
پھانسي,هيلو
پھانك,اليف
پھانك,تره
پھانك,سير
پھانك,قرنفل
پھانك,لزگه
پھانك,ميخك
پھاوڑا,بيل
پھاوڑا,توك
پھاوڑا,تيخ
پھاوڑا,تيغ
پھاوڑا,تيغه
پھاوڑا,حفاري
پھاوڑا,دسته
پھاوڑا,دم
پھاوڑا,قبضه
پھاوڑا,كتف
پھاوڑا,مديريت كردن
پھاوڑا,نغم
پھاوڑا,چاينك
پھاٹك,ابهاي بينالمللي
پھاٹك,اتحاديه عرب
پھاٹك,اشكوب
پھاٹك,افسار
پھاٹك,البرز
پھاٹك,الفباي اوانگاري بينالمللي
پھاٹك,امودريا
پھاٹك,ايستگاه قطار
پھاٹك,اژانس بينالمللي انرژي اتمي
پھاٹك,باب
پھاٹك,بار
پھاٹك,بررسي
پھاٹك,بررسي كردن
پھاٹك,بررسيدن
پھاٹك,بلجيم
پھاٹك,بلژيك
پھاٹك,بين المللي
پھاٹك,بينالمللي
پھاٹك,جندره
پھاٹك,حصار
پھاٹك,حقوق بينالملل
پھاٹك,خان
پھاٹك,در
پھاٹك,در به دري
پھاٹك,درب
پھاٹك,دربند
پھاٹك,درجه
پھاٹك,دروازه
پھاٹك,دريچه
پھاٹك,درگاه
پھاٹك,راهاهن
پھاٹك,روابط بينالملل
پھاٹك,سرحد
پھاٹك,سرسرا
پھاٹك,سطح
پھاٹك,سكون
پھاٹك,سن مارينو
پھاٹك,شادروان
پھاٹك,صندوق بينالمللي پول
پھاٹك,عبور
پھاٹك,قاپو
پھاٹك,قدرت متوسط
پھاٹك,كنكور
پھاٹك,كوبيدن
پھاٹك,كويستن
پھاٹك,كيش
پھاٹك,لايك
پھاٹك,ليره
پھاٹك,مالوندن
پھاٹك,مرحله
پھاٹك,مرز
پھاٹك,مسطح
پھاٹك,هامون
پھاٹك,ورود
پھاٹك,پرواس
پھاٹك,پوند
پھاٹك,چك
پھاٹك,گيت
پھدي,الت
پھدي,سوراخ كس
پھدي,فرج
پھدي,قس
پھدي,كس
پھدي,كس دادن
پھدي,كس كردن
پھدي,كس ليسيدن
پھدي,كص
پھدي,مهبل
پھدي,ميو
پھدي,نيام
پھدي,واژن
پھدي,پيشي
پھرنا,بينا
پھرنا,تماشا
پھرنا,جاگير
پھرنا,دله
پھرنا,ديدني
پھرنا,سفرهخانه
پھرنا,شخص
پھرنا,شخصيت
پھرنا,فرد
پھرنا,فنا
پھرنا,كتلت
پھرنا,مناجات
پھرنا,نظر
پھرنا,هرزه
پھرنا,واحد
پھرنا,پفك
پھرنا,گرد
پھرنا,گيفتن
پھريرے,ترد
پھل,عاقبت
پھل,فرع
پھل,كيفر
پھل,نتيجه
پھل,پيامد
پھلنا,ازمودن
پھلنا,ثابت كردن
پھلنا,فيروز
پھلنا,كامران
پھلنا,كامياب
پھلنا,موفق
پھلنا,نافع
پھلي,باقالي
پھلي,باقلا
پھلي,لوبيا
پھلي,ماش
پھلي,ماك
پھلي,ژاژومك
پھوار,اسپري فلفل
پھوار,مزنه
پھول,ارغواني
پھول,بهار
پھول,بهارنارنج
پھول,شكفتن
پھول,شكوفا
پھول,شكوفه
پھول,شكوفه دادن
پھونك,ان
پھونك,حبس كردن
پھونك,دم
پھونك,رمق
پھونك,فوت
پھونك,نفس
پھونك,نفس كشيدن
پھونك,نكهت
پھونك,پفك
پھوپھا,دخترخاله
پھوپھا,دخترعمه
پھوپھا,دخترعمو
پھوپھا,عمه
پھوپھا,عمو
پھوپھا,كاكا
پھوپھا,پدرانه
پھوپھا,پسرخاله
پھوپھا,پسرعمه
پھوپھا,پسرعمو
پھوڑا,ابسه
پھوڑا,اولسر
پھوڑا,تومور
پھوڑا,جوش
پھوڑا,جوش امدن
پھوڑا,جوشاندن
پھوڑا,جوشوندن
پھوڑا,جوشيدن
پھوڑا,دردناك
پھوڑا,دلريش
پھوڑا,دنيدن
پھوڑا,ريش
پھوڑا,سر رفتن
پھيرا,تراشه
پھيرا,تماشا
پھيرا,تماشي
پھيرا,توشه
پھيرا,حوزه
پھيرا,رفتار
پھيرا,سفر
پھيرا,سير
پھيرا,شخشيدن
پھيرا,قدم
پھيرا,مسافرت
پھيرا,ناو
پھيرا,چوبدست
پھيرا,گرديدن
پھيرا,گشتن
پھيرا,گشتوگذار
پھيرنا,چرخيدن
پھيرنا,گرديدن
پھيرنا,گشتن
پھيلاو,انتشار
پھيلاو,تفرق
پھيلاو,دروغ بافتن
پھيلاو,رواج
پھيلاو,قرنطينه
پھيلاو,مفسد في الارض
پھيلاو,منتشر
پھيلاو,پراكندگي
پھيلاو,گستردن
پھينكنا,ات و اشغال
پھينكنا,افكندن
پھينكنا,انداختن
پھينكنا,بالا اوردن
پھينكنا,برانداختن
پھينكنا,خاكروبه
پھينكنا,دور انداختن
پھينكنا,رد كردن
پھينكنا,ريچار
پھينكنا,زباله
پھينكنا,كثافت
پھينكنا,كوفتن
پھينكنا,لاف
پھينكنا,لاف زدن
پھينكنا,پرت كردن
پھينكنا,پرتاب
پھينكنا,پرتاب كردن
پھينكنا,پسماند
پہر,انديشه نيك، گفتار نيك، كردار نيك
پہر,بوسني
پہر,بوسنيا
پہر,بيل
پہر,ثلاثه
پہر,ثلاثه غساله
پہر,سه
پہر,سه كاف
پہر,سيصد
پہر,شبانهروز
پہر,مرتبه
پہر,پخته
پہل كرنا,اداره كردن
پہل كرنا,اغوا كردن
پہل كرنا,تاسي
پہل كرنا,رفته رفته
پہل كرنا,زينه
پہل كرنا,سرب
پہل كرنا,سوق دادن
پہل كرنا,قدم
پہل كرنا,مردار سنگ
پہل كرنا,مقدمه
پہل كرنا,نيم پرده
پہل كرنا,پله
پہل كرنا,گام
پہل كرنا,گذراندن
پہلوان,بهادر
پہلوان,جيغه
پہلوان,قهرمان
پہلوان,كشتيگير
پہلوان,مبارز
پہلوان,ناضل
پہلوان,پهلو
پہلوان,پهلوان
پہننا,افزار
پہننا,تن كردن
پہننا,خوردن
پہننا,زنار
پہننا,ساييدن
پہننا,سر كشيدن
پہننا,سنبوسه
پہننا,فرسودن
پہننا,پوشيدن
پہنچنا,احساس كردن
پہنچنا,امادن
پہنچنا,امدن
پہنچنا,بررسيدن
پہنچنا,حس كردن
پہنچنا,درامدن
پہنچنا,دست دادن
پہنچنا,دسترس
پہنچنا,ديدن
پہنچنا,دير كردن
پہنچنا,رسيدن
پہنچنا,غريبي كردن
پہنچنا,مد
پہنچنا,يازيدن
پہنچنا,پا به سن گذاشتن
پہيا,امبولانس
پہيا,بوق
پہيا,تانك
پہيا,تيلا
پہيا,دولاب
پہيا,رل
پہيا,رولت
پہيا,شناور
پہيا,فرمان
پہيا,وسيله نقليه
پہيا,چرخ
پہيا,چرخه
پہيا,گردون
پہيلي,بردك
پہيلي,رمز
پہيلي,سرند
پہيلي,طلسم
پہيلي,غربال
پہيلي,لغز
پہيلي,معما
پہيہ,تيلا
پہيہ,دولاب
پہيہ,رل
پہيہ,رولت
پہيہ,فرمان
پہيہ,چرخ
پہيہ,چرخه
پہيہ,گردون
پہچان,اشنايي
پہچان,تذكره
پہچان,تطبيق
پہچان,تميز
پہچان,شناخت
پہچان,شناسايي
پہچان,عرب پرست
پہچان,قدرت متوسط
پہچان,نام و نشان
پہچان,هويت
پہچاننا,بازشناختن
پہچاننا,به جا اوردن
پہچاننا,تشخيص دادن
پہچاننا,توران
پہچاننا,ديدن
پہچاننا,شناختن
پہچاننا,شناسايي كردن
چائے خانہ,قهوهخانه
چائے خانہ,چايخانه
چائے والا,سبزيفروش
چائے والا,شيرينيفروش
چائے والا,عطار
چائے والا,فروشنده
چائے والا,ميوهفروش
چابك,تك
چابك,تكان
چابك,تند
چابك,تيز
چابك,فرز
چابك,كروش
چابك,چابك
چابك,چالاك
چابك,چست
چابي,افتتاحيه
چابي,دريچه
چابي,دهان
چابي,شروع
چابي,گشادي
چابي,گشايش
چادر,برگ
چادر,برگه
چادر,تنكه
چادر,دواج
چادر,رقعه
چادر,صفحه
چادر,مانتو
چادر,ورق
چادر,ورقه
چادر,پرونده
چادر,چادر
چار,چار
چار سو بيس,شامورتي
چار مغز,تخم
چار مغز,تفور
چار مغز,تك
چار مغز,توپ
چار مغز,جوز
چار مغز,ديزي
چار مغز,رس
چار مغز,ساداوران
چار مغز,سر
چار مغز,كلاف
چار مغز,كلافه
چار مغز,كندو
چار مغز,كوزهگري
چار مغز,مهر
چار مغز,پفك
چار مغز,گردو
چار مغز,گل
چار مغز,گلوله
چار مغز,گو
چار مغز,گوز
چار مغز,گوي
چار مينار,اب و هوا
چار مينار,اثر
چار مينار,از كجا
چار مينار,بدرنگ
چار مينار,بلند شدن
چار مينار,بنگالي
چار مينار,تاج محل
چار مينار,تاجمحل
چار مينار,تاليوود
چار مينار,حيدراباد
چار مينار,در سايه
چار مينار,ذكر كردن
چار مينار,سلطنت
چار مينار,نان خطائي
چار مينار,نان خطايي
چار مينار,نبود
چار مينار,ولش كن
چار مينار,ياد كردن
چار مينار,يادمان
چار مينار,يادگار
چار مينار,چهاريار
چار مينار,گلكنده
چار مينار,گنبد
چارديواري,حرم
چارديواري,حصار
چارديواري,محوطه
چارديواري,پرواس
چاشت,اجل
چاشت,بجه
چاشت,برشتوك
چاشت,تسو
چاشت,ساعت
چاشت,صبحانه
چاشت,طلوع
چاشت,عقرب
چاشت,كوچ
چاشت,مقابله
چاشت,ناشتا
چاشت,نصفالنهار
چاشت,هاون
چاشت,وقت
چاشت,يشت
چاشت,پيشين
چاشت,چاشت
چاشت,چاي صبح
چاشت,گاه
چاشني,سيروپ
چاشني,ميده
چاشني,پانيد
چاق,انتباه
چاق,اژير
چاق,باز
چاق,بيدار
چاق,بيدار شدن
چاق,ترفند
چاق,روشن
چاق,سرزنده
چاق,فعال
چاق,كارساز
چاق,معلوم
چاق,هوشيار
چاق,پرتكاپو
چاق,چاق
چاق,چست
چاقو,استره
چاقو,تيخ
چاقو,تيغ
چاقو,كارد
چاقو,پچق
چاقو,چاقو
چاك,تيلا
چاك,دولاب
چاك,رل
چاك,رولت
چاك,فرمان
چاك,كرس
چاك,كلس
چاك,چاك
چاك,چرخ
چاك,چرخه
چاك,گردون
چاك,گچ
چاكان,چاكان
چاكري,چاكري
چاكش,چاكش
چاكي,چاكي
چال,چال
چالاك,چالاك
چالاكي,چالاكي
چالان,ابخور
چالان,ادب
چالان,اديب
چالان,اون ممه رو لولو برد
چالان,باجه
چالان,بارگاه
چالان,بارگيري
چالان,بليت
چالان,تذكره
چالان,ترافيك
چالان,تردد
چالان,تكاپو
چالان,جنتري
چالان,جنگ
چالان,جهاز
چالان,حواله
چالان,سفينه
چالان,سياهه
چالان,شماره
چالان,صورت
چالان,فهرست
چالان,قبض
چالان,كرايه
چالان,كشتي
چالان,كلاش
چالان,كيفري
چالان,كيمه
چالان,لانه
چالان,لايحه
چالان,ليست
چالان,مجدد
چالان,مجرم
چالان,مرسل
چالان,مركب
چالان,ناو
چالان,نقض
چالان,نمايه
چالان,نوك
چالان,نول
چالان,پاسپورت
چالان,پي
چالان,چراغ راهنمايي
چالان,چك
چالان,گذرنامه
چالان,گناهكار
چالك,راننده
چالك,رهبر
چالك,رهبر اركستر
چالك,سوار كردن
چالك,شوفر
چالك,موتروار
چالو كرنا,خاموش كردن
چالو كرنا,كشتن
چاليس,ابدال
چاليس,شب چله
چاليس,چل
چاليس,چله
چاليس,چهل
چاند,از دست دادن
چاند,افسر
چاند,تاج
چاند,تارك
چاند,تنگه
چاند,توله
چاند,دريچه
چاند,سنگاپور
چاند,سيم
چاند,سيمكش
چاند,سيمين
چاند,شاهزاده
چاند,عيد فطر
چاند,قمري
چاند,كلاه
چاند,لاري
چاند,ماهي
چاند,نقره
چاند,نقرهاي
چاند,وليعهد
چاند,چكاد
چاند,گرزن
چاندي,تنگه
چاندي,توله
چاندي,دريچه
چاندي,سيم
چاندي,سيمكش
چاندي,سيمين
چاندي,لاري
چاندي,نقره
چاندي,نقرهاي
چانٹا,تپانچه
چانٹا,سيلي
چانٹا,كشيده
چانٹا,چك
چاٹنا,كس ليسيدن
چاٹنا,ليسيدن
چاہت,اندروا
چاہت,تمنا
چاہت,حاجت
چاہت,خواستن
چاہت,شهوت
چاہت,شوق
چاہت,كار داشتن
چاہت,محتاج
چاہت,ميخوام بدونم
چاہت,ميل داشتن
چاہت,نياز
چاہت,هوس
چاہتو,چت
چاہتو,چت كردن
چاہتو,گپ زدن
چاہتوں,چت
چاہتوں,چت كردن
چاہتوں,گپ زدن
چاہتيں,چت
چاہتيں,چت كردن
چاہتيں,گپ زدن
چاہنا,اندروا
چاہنا,تمنا
چاہنا,حاجت
چاہنا,خواستن
چاہنا,كار داشتن
چاہنا,محتاج
چاہنا,ميخوام بدونم
چاہنا,ميل داشتن
چاہنا,نياز
چاہے,از دل نرود هر انكه از ديده برفت
چاہے,اعم از
چاہے,با اين كه
چاہے,بايد
چاہے,بايستن
چاہے,بايستي
چاہے,تماشا
چاہے,گويي
چاہے,◌ؖ
چاۓ,اقا
چاۓ,ايالات متحده امريكا
چاۓ,خد
چاۓ,خوانواده
چاۓ,صبا
چاۓ,غر
چاۓ,ماركت
چاۓ,چوقور
چبانا,جويدن
چبانا,خاييدن
چبانا,سفت
چبك,اقصي چين
چبك,زنخ
چبك,غبغب
چبك,چانه
چبك,چك
چرا,چرا
چرائي,چرا
چرائي,چردن
چرائي,چريدن
چراست,چراست
چراغ,قنديل
چراغ,لامپ
چراغ,مشكات
چراغ,چراغ
چراغ,چراغ نفتي
چراغ,چراغدان
چراغش,چراغش
چراغم,چراغم
چراغي,چراغي
چراك,چرند
چراك,چرنده
چراگاہ,جرامين
چراگاہ,سبزهزار
چراگاہ,مرج
چراگاہ,ييلاق
چراگاہ,چراندن
چراگاہ,چراگاه
چراگاہ,چردن
چراگاہ,چريدن
چرب,چرب
چربي,چربي
چرخ,چرخ
چرخہ,اغلب
چرخہ,اكثر
چرخہ,امودريا
چرخہ,انا لله و انا اليه راجعون
چرخہ,بخيدن
چرخہ,تيلا
چرخہ,دولاب
چرخہ,رل
چرخہ,رولت
چرخہ,غالبا
چرخہ,غزل
چرخہ,غيبه
چرخہ,فرمان
چرخہ,كردستان
چرخہ,لرستان
چرخہ,ماشاو
چرخہ,متقال
چرخہ,نخريسي
چرخہ,واخيدن
چرخہ,پخته
چرخہ,پمه
چرخہ,پنبه
چرخہ,پنبه الياف كوتاه اتازوني
چرخہ,چرخ
چرخہ,چرخش
چرخہ,چرخه
چرخہ,گردنا
چرخہ,گردون
چرخہ,گوشپاككن
چرد,چرد
چرغ,چرغ
چرم,بلغار
چرم,تاله
چرم,ته
چرم,تيماج
چرم,دوال
چرم,شل
چرم,فرشگرد
چرم,فينال
چرم,قطعي
چرم,كراسه
چرم,لواشك
چرم,نهائي
چرم,نهايي
چرم,ولايت فقيه
چرم,پوستين
چرم,چرم
چرم,چرمي
چرم,چپت
چرم,◌ؖ
چرنا,چردن
چرنا,چريدن
چرنجيو,ابدي
چرنجيو,انوشه
چرنجيو,جاودان
چرندہ,چرند
چرندہ,چرنده
چرپرا,بهمن
چرپرا,تلخ
چرپرا,تند
چرپرا,تهل
چرپرا,تيز
چرپرا,دژن
چرپرا,زافه
چرپرا,زقوم
چرپرا,سرد
چرپرا,شرنگ
چرپرا,مر
چرپرا,نارنج
چرپرا,نارنگ
چرپرا,چتني
چرپرا,گزنده
چرپرا,گس
چرچ,كلسيا
چرچ,كليسا
چرچ,كنشت
چرچ,محراب
چرچ,ناقوس
چسان,چسان
چست,چست
چسود,چسود
چشم,چشم
چشمان,چشمان
چشمش,چشمش
چشمك,عينك
چشمك,چشمك
چشمم,چشمم
چشمي,چشمي
چشمہ,خودنويس
چشمہ,سقاخانه
چشمہ,شادروان
چشمہ,عينك
چشمہ,فواره
چشمہ,قاب
چغتائي,ابو
چغتائي,ازبك
چغتائي,ازبكي
چغتائي,اسلوب
چغتائي,اويغور
چغتائي,ايل
چغتائي,بوذاسف
چغتائي,ترك
چغتائي,تركمن
چغتائي,تركي
چغتائي,تكليف
چغتائي,تو
چغتائي,توران
چغتائي,تيمور
چغتائي,جايگاه
چغتائي,جغتايي
چغتائي,جناب اقاي
چغتائي,خاصه
چغتائي,خان
چغتائي,خانات
چغتائي,خراساني
چغتائي,خونيرث
چغتائي,رسم
چغتائي,سبك خراساني
چغتائي,سبك عراقي
چغتائي,سبك هندي
چغتائي,سركار خانم
چغتائي,سنت
چغتائي,شعار
چغتائي,صدر
چغتائي,غلو
چغتائي,قرمه
چغتائي,قورمه
چغتائي,محفوظ
چغتائي,مردمگياه
چغتائي,مغولستان
چغتائي,مكان
چغتائي,مود
چغتائي,موميا
چغتائي,وضعيت
چغتائي,وكالت
چغتائي,يغما
چغتائي,ينگه
چغتائي,پرجمعيت
چغتائي,پهلوي
چغتائي,پيشرفته
چغتائي,چنگيز
چغتائي,چنگيزي
چغتائي,گاه
چغد,ابله
چغد,احمق
چغد,اچار به دست
چغد,برغست
چغد,بلال
چغد,تاتول
چغد,خر
چغد,خرفت
چغد,كاكوتي
چغد,كردن
چغد,كصخل
چغد,كما
چغد,كنار
چغد,نر
چغد,نوح
چغد,هالو
چغد,پرستيدن
چغد,چلمن
چغد,گاگول
چغد,گراز
چغد,گول
چغد,گول زدن
چغد,گون
چغد,گونه
چغل خور,چغل خور
چق,جالي
چق,جوجه
چق,حجاب
چق,داف
چق,سرند
چق,صفحه
چق,پرده
چق,چوجه
چق,چوري
چقماق,چخماق
چكت,اسيمه
چكت,اندروا
چكت,تعجب كردن
چكت,حيران
چكت,خيره
چكت,شوكه
چكت,شگفتزده
چكت,كالفته
چكت,كف كردن
چكت,مات
چكت,مبهوت
چكت,مدهوش
چكت,وا
چكت,گرخيدن
چكد,چكد
چكر,امر
چكر,دوره
چكر,سرگيجه
چكر,قضيه
چكر,ماجرا
چكر,محيط
چكر,مطلب
چكر,مهم
چكر,گرفتار
چكرورتي,ارزشي
چكرورتي,املاي نانوشته غلط ندارد
چكرورتي,بند «پ»
چكرورتي,تلميح
چكرورتي,توراندخت
چكرورتي,خودكشي از ترس مرگ
چكرورتي,دستگير
چكرورتي,كليپ
چكرورتي,مراجعه
چكرورتي,مرجع
چكرورتي,مزه
چكرورتي,مسلم
چكرورتي,منبع
چكرورتي,منظور
چكرورتي,پوراندخت
چكمہ,بوت
چكمہ,موزه
چكمہ,پوتين
چكمہ,چزمه
چكمہ,چكمه
چكنا,اخر شدن
چكنا,ازمودن
چكنا,ازمودگي
چكنا,استكمال
چكنا,اسيمه
چكنا,اندروا
چكنا,بختك
چكنا,بدهكار
چكنا,بدهي
چكنا,تجربه
چكنا,تعجب كردن
چكنا,تمام شدن
چكنا,جزيه
چكنا,حظ كردن
چكنا,حيران
چكنا,ختم
چكنا,خلاص شدن
چكنا,خوردن
چكنا,خون خوردن
چكنا,خيره
چكنا,دين
چكنا,سوختن
چكنا,سپري
چكنا,شيربها
چكنا,شگفتزده
چكنا,صاف
چكنا,فارغالتحصيل
چكنا,قرض
چكنا,كالفته
چكنا,كرايه
چكنا,كف كردن
چكنا,كيف كردن
چكنا,لذت بردن
چكنا,لشن
چكنا,ليز
چكنا,مات
چكنا,مبهوت
چكنا,مدهوش
چكنا,مستعمره
چكنا,مشهد
چكنا,نرم
چكنا,نشستن
چكنا,نوش جان
چكنا,هر كه طاووس خواهد جور هندوستان كشد
چكنا,هموار
چكنا,وا
چكنا,پشت سر گذاشتن
چكنا,چشيدن
چكي,اس
چكي,اسياب
چكي,اسيو
چكي,تند
چكي,دريدن
چكي,دول
چكي,زدن
چكي,سيمكش
چكي,نيش
چكي,گاز
چكي,گاز گرفتن
چكي,گزنده
چكي,گزيدن
چكيد,چكيد
چكيدن,چكيدن
چل,چل
چل پل,ارام گرفتن
چل پل,ارميدن
چل پل,اسودن
چل پل,غنودن
چلانا,امبولانس
چلانا,برپا كردن
چلانا,بوق
چلانا,تانك
چلانا,تشكيل دادن
چلانا,تور
چلانا,ثابت كردن
چلانا,جيغ
چلانا,جيغ زدن
چلانا,خروشيدن
چلانا,داد
چلانا,راندن
چلانا,رانندگي كردن
چلانا,سوق دادن
چلانا,سپوختن
چلانا,شناور
چلانا,شهوت
چلانا,غرش
چلانا,غريو
چلانا,فرياد
چلانا,فرياد زدن
چلانا,فرياد كردن
چلانا,ليك
چلانا,نهيب
چلانا,نهيب زدن
چلانا,هوار
چلانا,وسيله نقليه
چلانا,ژغار
چلم,چلم
چلمن,جالي
چلمن,جوجه
چلمن,حجاب
چلمن,داف
چلمن,سرند
چلمن,صفحه
چلمن,پرده
چلمن,چوجه
چلمن,چوري
چلن,استقبال
چلن,تبختر
چلن,تور
چلن,جريان
چلن,خرام
چلن,در به دري
چلن,رسم
چلن,رنجه
چلن,روش
چلن,سراغ
چلن,سليقه
چلن,سير
چلن,فشن
چلن,مد
چلن,مدل
چلن,مزون
چلن,مسخره
چلن,چالش
چلن,گون
چلون,جالي
چلون,جوجه
چلون,حجاب
چلون,داف
چلون,سرند
چلون,صفحه
چلون,پرده
چلون,چوجه
چلون,چوري
چليپا,چليپا
چلچتر,اپارات
چلچتر,تصوير
چلچتر,تك
چلچتر,تكيدن
چلچتر,حركت
چلچتر,خندان
چلچتر,رسم
چلچتر,زمينه
چلچتر,سوپر
چلچتر,سينما
چلچتر,عكس
چلچتر,فيلم
چلچتر,مسير
چلچتر,نگار
چلچتر,هاليوود
چلچتر,چرخش
چمار,رده
چمار,سنخ
چمار,صنف
چمار,طبقه
چمار,قشر
چمار,كلاس
چماٹ,تپانچه
چماٹ,سيلي
چماٹ,كشيده
چماٹ,چك
چمبيلي,سمن
چمبيلي,ياس
چمبيلي,ياسمن
چمبيلي,ياسمين
چمك,اشراق
چمك,اغيل
چمك,برق
چمك,تاب
چمك,تابش
چمك,تابيدن
چمك,تافتن
چمك,جلوه
چمك,درخشيدن
چمك,رخشيدن
چمك,روشني
چمك,رونق
چمك,سو
چمك,شيد
چمك,فر
چمك,فروغ
چمكار,تابيدن
چمكار,تافتن
چمكار,درخشيدن
چمكار,رخشيدن
چمكار,شيد
چمكنا,تاب
چمكنا,تابيدن
چمكنا,تافتن
چمكنا,درخشيدن
چمكنا,رخشيدن
چمكنا,رونق
چمكنا,شيد
چمكيلا,بامي
چمكيلا,تابان
چمكيلا,تابناك
چمكيلا,تابنده
چمكيلا,خوشاب
چمكيلا,خيار چنبر
چمكيلا,درخشان
چمكيلا,رخشان
چمكيلا,روشن
چمكيلا,زرين
چمكيلا,شغال طلايي
چمكيلا,شيد
چمكيلا,طلائي
چمكيلا,طلايي
چمكيلا,ماهين
چمكيلا,مزخرف
چمكيلا,منير
چمكيلا,نعناع
چمكيلا,نمايشي
چمكيلا,نوراني
چمكيلا,پودنه
چمكيلا,گلناري
چمن,خيابان
چمن,رونق
چمن,سيه بهار
چمن,شكوفا
چمن,پررونق
چمن,چمن
چمنستان,چمنستان
چمو,ماشيني
چمو,مست
چمو,مونتاژ كردن
چمچ,قاشق
چمچ,كفچه
چمچ,ملاقه
چمچ,ملعقه
چمچ,چمچه
چمچہ,عروسك
چمچہ,قاشق
چمچہ,كفچه
چمچہ,چمچه
چن,چن
چنئي,ايستگاه مترو
چنئي,مترو
چناب,چناب
چناب نگر,چناب
چنار,چنار
چنان,چنان
چنتا,تشويش
چنتا,تعلق
چنتا,خصوص
چنتا,نگراني
چنتا,پروا
چند,چند
چندان,چندان
چندربند,تشديد
چندربند,تعليق
چندربند,جابجا
چندربند,جاوي
چندربند,حاء
چندربند,خط
چندربند,خيشومي
چندربند,دوناگري
چندربند,ديواناگري
چندربند,را
چندربند,زير
چندربند,سرياني
چندربند,سكون
چندربند,صدادار
چندربند,طاء
چندربند,ظاء
چندربند,ماژيك
چندربند,مجهول
چندربند,مر
چندربند,مصوت
چندربند,معروف
چندربند,معروف و مجهول
چندربند,نشانگر
چندربند,نون
چندربند,واكه
چندربند,گي
چندن,استوايي
چندن,الش
چندن,انغوزه
چندن,توژ
چندن,ثور
چندن,جدي
چندن,جنس
چندن,سردرختي
چندن,سرده
چندن,صندل
چندن,عاطر
چندن,عروسك پشت پرده
چندن,فاخته
چندن,فاخره
چندن,كاكنج
چندن,مرزه
چندن,يوسه
چندن,گرمسير
چندن,گرمسيري
چندن,گز
چندين,چندين
چننا,اختيار
چننا,اراستن
چننا,ارود كردن
چننا,انتخاب كردن
چننا,اندوختن
چننا,برچيدن
چننا,برگزيدن
چننا,تكيه
چننا,تنظيم كردن
چننا,جمع شدن
چننا,جمعاوري كردن
چننا,دست و پا كردن
چننا,ساختن
چننا,ويراستن
چننا,پسنديدن
چننا,چيدن
چننا,چيندن
چننا,گرد اوردن
چننا,گرد كردن
چننا,گزيدن
چنين,چنين
چنگ,چنگ
چنگال,بشگرد
چنگال,بوري
چنگال,شكار
چنگال,صيد
چنگال,نخچير
چنگال,چنگ
چنگال,چنگال
چنگي,چنگي
چنگيز,چنگيز
چنگيزي,چنگيزي
چو,چو
چوب,چوب
چوبدار,چوبدار
چوبي,چوبي
چوبيس,شبانهروز
چوت,الت
چوت,سوراخ كس
چوت,فرج
چوت,قس
چوت,كس
چوت,كس دادن
چوت,كس كردن
چوت,كس ليسيدن
چوت,كص
چوت,مهبل
چوت,ميو
چوت,نيام
چوت,واژن
چوت,پيشي
چوتر,قين
چوتر,كند
چوتر,كون
چوتر,كونگشاد
چوتڑ,باسن
چوتڑ,سرين
چوتڑ,موس
چوتھا,ارمين
چوتھا,بهرام
چوتھا,تير
چوتھا,ربيعالثاني
چوتھا,رفسنجاني
چوتھا,شهريور
چوتھا,فا
چوتھا,چارك
چوتھا,چهارم
چوتھا,چهارم درست
چوتھائي,ارمين
چوتھائي,بهرام
چوتھائي,تير
چوتھائي,ربيعالثاني
چوتھائي,رفسنجاني
چوتھائي,شهريور
چوتھائي,فا
چوتھائي,چارك
چوتھائي,چهارم
چوتھائي,چهارم درست
چودہ,اتحاد شوروي
چودہ,شوروي
چودہ,چهارده
چور,اولسر
چور,خلاس
چور,دزد
چور,ريش
چور,سارق
چور,هندو
چور,چالاك
چور,چور
چورسي,انبار
چورسي,گنج
چورو,خلاس
چورو,دزد
چورو,سارق
چورو,هندو
چورو,چالاك
چوروں,خلاس
چوروں,دزد
چوروں,سارق
چوروں,هندو
چوروں,چالاك
چوري,دزدي
چوري,سرقت
چوسنا,اوباريدن
چوسنا,بلعيدن
چوسنا,ساك زدن
چوسنا,سيخ خوردن
چوسنا,قورت دادن
چوسنا,كير مكيدن
چوسنا,مكيدن
چوسنا,پرستو
چوسنا,چلچله
چوك,تقاطع
چوك,تلاقي
چوك,حياط
چوك,خاورميانه
چوك,صحن
چوك,پيش ايوان
چوك,چوك
چوكي,بار
چوكي,باژ
چوكي,برائت
چوكي,بيداري
چوكي,تعيين
چوكي,تكليف
چوكي,تمكين
چوكي,صندلي
چوكي,عهده
چوكي,فرض
چوكي,قانون گو
چوكي,كشك
چوكي,متعهد
چوكي,مسئوليت
چوكي,مسند
چوكي,نيمكت
چوكي,وظيفه
چوكي,وظيفهام بود
چوكي,پاسدار
چوكي,چهارپايه
چوكي,گردن
چوكيدار,ديدبان
چوكيدار,نگهبان
چوكيدار,پاسبان
چوكيدار,پاسدار
چول,بيابان
چول,سترون
چولھا,اجاق
چولھا,اجاقگاز
چولھا,بخاري
چولھا,تندپز
چولھا,تنور
چولھا,ديگدان
چولھا,زودپز
چولھا,فر
چولھا,كانون
چولھا,كما
چولھا,كوره
چولھا,چراغ
چوم,بوس
چوم,بوس كردن
چوم,بوسه
چوم,بوسيدن
چوم,لب گرفتن
چوم,ماچ
چوم,ماچ كردن
چوم,نيم بوسه
چومنا,بوس
چومنا,بوس كردن
چومنا,بوسه
چومنا,بوسيدن
چومنا,لب گرفتن
چومنا,ماچ
چومنا,ماچ كردن
چومنا,نيم بوسه
چون,چون
چونا,ابليمو
چونا,سريش
چونا,كرس
چونا,كلاه سر كسي گذاشتن
چونا,كلس
چونا,ليمو
چونا,گرچ
چونا,گچ
چوٹ,ابتلا
چوٹ,اذيت
چوٹ,ازار
چوٹ,اسيب
چوٹ,افگار
چوٹ,اوگار
چوٹ,بخل
چوٹ,بلا
چوٹ,بلاي عشق
چوٹ,تمسخر
چوٹ,حروم
چوٹ,حسادت
چوٹ,حسد
چوٹ,خسران
چوٹ,خليدن
چوٹ,درد
چوٹ,درد كردن
چوٹ,درد گرفتن
چوٹ,رنج
چوٹ,ريشخند
چوٹ,زيان
چوٹ,سوگ
چوٹ,شخودن
چوٹ,صدمه
چوٹ,ضرر
چوٹ,طعنه
چوٹ,غيرت
چوٹ,مسخره
چوٹ,مضرت
چوٹ,هجو
چوٹ,گزاييدن
چوٹ,گزند
چوٹ كرنا,اسيب
چوٹ كرنا,اصابت
چوٹ كرنا,اعتصاب
چوٹ كرنا,اعتصاب غذا
چوٹ كرنا,افگار
چوٹ كرنا,اوگار
چوٹ كرنا,بطش
چوٹ كرنا,جراحت
چوٹ كرنا,جوش
چوٹ كرنا,خستن
چوٹ كرنا,خطور كردن
چوٹ كرنا,خليدن
چوٹ كرنا,درد كردن
چوٹ كرنا,درد گرفتن
چوٹ كرنا,ريش
چوٹ كرنا,زخم
چوٹ كرنا,زدن
چوٹ كرنا,شخودن
چوٹ كرنا,ضرر
چوٹ كرنا,كوفتن
چوٹ كرنا,مجروح كردن
چوٹ كرنا,مضرت
چوٹ كرنا,يارا
چوٹ كرنا,پيچه
چوٹ لگنا,احساس كردن
چوٹ لگنا,افگار
چوٹ لگنا,اوگار
چوٹ لگنا,حس كردن
چوٹ لگنا,خليدن
چوٹ لگنا,درد كردن
چوٹ لگنا,درد گرفتن
چوٹ لگنا,ديدن
چوٹ لگنا,شخودن
چوٹ لگنا,ضرر
چوٹ لگنا,غريبي كردن
چوٹ لگنا,مضرت
چوپان,دامدار
چوپان,پاسبان
چوپان,چوپان
چوڑا,باز
چوڑا,باقالي
چوڑا,باقلا
چوڑا,تخته
چوڑا,خرگاه
چوڑا,زمان
چوڑا,عريض
چوڑا,فراخ
چوڑا,واز
چوڑا,وب
چوڑا,وسيع
چوڑا,پهن
چوڑا,گشاد
چوڑائي,امتداد
چوڑائي,باز
چوڑائي,باقالي
چوڑائي,باقلا
چوڑائي,تخته
چوڑائي,خرگاه
چوڑائي,درازا
چوڑائي,راه
چوڑائي,زمان
چوڑائي,سالك
چوڑائي,سبيل
چوڑائي,سفت
چوڑائي,سوي
چوڑائي,شب يلدا
چوڑائي,طول
چوڑائي,عرض
چوڑائي,عريض
چوڑائي,فرات
چوڑائي,فراخ
چوڑائي,قدم زدن
چوڑائي,كوتاه
چوڑائي,مسلك
چوڑائي,ميدان
چوڑائي,نمودار
چوڑائي,نيل
چوڑائي,واز
چوڑائي,وب
چوڑائي,وسعت
چوڑائي,وسيع
چوڑائي,يلدا
چوڑائي,پهن
چوڑائي,پهنا
چوڑائي,چارك
چوڑائي,چمن
چوڑائي,گشاد
چوڑي,النگو
چوڑي,چوري
چوگنا,اربعه
چوہا,مشك
چوہا,موش
چوہا,موشعلي
چوہا,موشك
چيخ,جيغ
چيخ,جيغ زدن
چيخ,غرش
چيخ,فرياد زدن
چيخ,ليك
چيد,چيد
چيدن,چيدن
چير,چير
چيرنا,ارس
چيرنا,اشك
چيرنا,اشك باريدن
چيرنا,بركندن
چيرنا,دريدن
چيرنا,راه
چيرنا,سالك
چيرنا,سبيل
چيرنا,سوي
چيرنا,قبا كردن
چيرنا,كندن
چيرنا,مسلك
چيرنا,ميدان
چيرنا,چمن
چيرنا,گاز اشكاور
چيز,حراج
چيز,روپوش
چيز,شيء
چيز,فقره
چيز,قلم
چيز,نو
چيز,چيز
چيزي,چيزي
چيست,چيست
چيست؟,چيست؟
چيكوسلوواكيہ,اروپاي مركزي
چيكوسلوواكيہ,اسلواكي
چيكوسلوواكيہ,جمهوري چك
چيكوسلوواكيہ,سلواكيا
چيكوسلوواكيہ,پراگ
چيكوسلوواكيہ,چك
چيكيہ,اروپاي مركزي
چيكيہ,جمهوري چك
چيكيہ,پراگ
چيكيہ,چك
چيل,اله
چيل,بادبادك
چيل,بشگرد
چيل,خات
چيل,دال
چيل,رديف
چيل,شكار
چيل,شكال
چيل,شهباز
چيل,صيد
چيل,طعمه
چيل,عقاب
چيل,عقاب فيليپيني
چيل,غليواج
چيل,كوركور
چيل,نخچير
چيل,نسر
چيل,گديپران
چين,اخم
چين,ارام
چين,ارامش
چين,ارامي
چين,اسايش
چين,استراحت
چين,اطمينان
چين,افسار
چين,انگشتر
چين,اهسته
چين,بساخ
چين,بند
چين,تاتوره
چين,تسكين
چين,جواهر
چين,جواهرات
چين,جواهرفروشي
چين,جواهري
چين,خاموش
چين,خيار چنبر
چين,راحت
چين,راحتي
چين,زرين
چين,زنجير
چين,سكون
چين,سلسله
چين,شغال طلايي
چين,طلائي
چين,طلايي
چين,فاتحه
چين,كيس
چين,مزخرف
چين,مطمئن
چين,ناز
چين,پستانك
چين,چروك
چين,چروك شدن
چين,چين
چين,چپ
چين,چپ شدن
چين,گذرگاه
چيند,چيند
چيني,بوره
چيني,توراندخت
چيني,شكر
چيني,قند
چيني,قند خون
چيني,كند
چيني,نارنگي
چيني,نبات
چيني,نيشكر
چيني,پانيد
چيني,چيني
چيني,چيني سادهشده
چيني,چيني سنتي
چيونٹي,ابله
چيونٹي,احمق
چيونٹي,اواره
چيونٹي,بينوا
چيونٹي,تاتول
چيونٹي,جيرجيرك
چيونٹي,حشره
چيونٹي,خر
چيونٹي,خرفت
چيونٹي,قرمز
چيونٹي,كصخل
چيونٹي,مگس
چيونٹي,هالو
چيونٹي,پابرهنه
چيونٹي,چلمن
چيونٹي,گاگول
چيونٹي,گول
چيونٹي,گول زدن
چيچنيا,اذربايجان
چيچنيا,ارمن
چيچنيا,ارمنستان
چيچنيا,تاتارستان
چيچنيا,جمهوري ارمنستان
چيچنيا,خاورميانه
چيچنيا,داغستان
چيچنيا,شروان
چيچنيا,قرهباغ
چيچنيا,قفقاز
چيچنيا,كوالالامپور
چيچنيا,كولمبيا
چيچنيا,مسكو
چٹكي,افتاب
چٹكي,انشاءالله
چٹكي,بشكن
چٹكي,بشگن
چٹكي,خورشيد
چٹكي,ربودن
چٹكي,قلم كردن
چٹكي,كنجر
چٹكي,پنجير
چٹكي,چنگ
چٹگاؤں,اسلاماباد
چٹگاؤں,چاتگام
چپ,ارام
چپ,ارامش
چپ,اهسته
چپ,باز
چپ,باز هم
چپ,بيصدا
چپ,خاموش
چپ,ساكت
چپ,سكون
چپ,شالي
چپ,شلتوك
چپ,قدرت متوسط
چپ,كماكان
چپ,مطمئن
چپ,همچنان
چپ,هنوز
چپ,هني
چپ,چس
چپ,چپ
چپ,چپ شدن
چپ,گان
چپ,◌ؖ
چپاتي,چپاتي
چپقلش,اختلاف
چپقلش,تفرقه
چپقلش,تكاپو
چپقلش,خاش
چپقلش,شلوغي
چپقلش,نفاق
چپل,صندل
چپل,پاپوش
چپل,پاچيله
چپل,چپلك
چپٹي,لزبين
چچي,خاله
چچي,دايزه
چچي,شوهرخاله
چچي,عمه
چڑيا,باشگاه
چڑيا,ترغاي
چڑيا,خاج
چڑيا,شاگرد
چڑيا,شبدر
چڑيا,كانون
چڑيا,كلاب
چڑيا,لخت
چڑيا,وفنوك
چڑيا,چوغور
چڑيا,گجيك
چڑيا,گرز
چڑيا,گرزه
چڑيا,گنجشك
چڑيا,گوپال
چڑيل,بدرنگ
چڑيل,جادو
چڑيل,حكيمجي
چڑيل,دژخيم
چڑيل,زشت
چڑيل,ساحره
چڑيل,عجوز
چڑيل,قبيح
چڑيل,ورخچ
چڑيل,پري
چڑھائي,بالا
چڑھائي,براق
چڑھائي,دامنه
چڑھائي,سراشيبي
چڑھائي,سربالايي
چڑھائي,سرپاييني
چڑھائي,شيب
چڑھائي,فراز
چڑھانا,ابراه
چڑھانا,اشپز
چڑھانا,اشپزي كردن
چڑھانا,افراختن
چڑھانا,افراشتن
چڑھانا,بار
چڑھانا,بارگذاري
چڑھانا,بالا اوردن
چڑھانا,برداشتن
چڑھانا,بلند كردن
چڑھانا,تابلوي اعلانات
چڑھانا,تخته
چڑھانا,ترابري
چڑھانا,حمل و نقل
چڑھانا,سراشپز
چڑھانا,عرصه
چڑھانا,قطار
چڑھانا,كانال
چڑھانا,نقل
چڑھانا,هيئت
چڑھانا,وسيله نقليه
چڑھانا,پختن
چڑھانا,پروردن
چڑھانا,پرورش دادن
چڑھانا,پزيدن
چڑھانا,گو
چڑھنا,افزايش
چڑھنا,انطلياس
چڑھنا,بالا رفتن
چڑھنا,بربردن
چڑھنا,برخاستن
چڑھنا,بلند شدن
چڑھنا,تابلوي اعلانات
چڑھنا,تخته
چڑھنا,حجاز
چڑھنا,خاستن
چڑھنا,خيز
چڑھنا,سر زدن
چڑھنا,سهند
چڑھنا,سوار كردن
چڑھنا,طلوع
چڑھنا,طور
چڑھنا,عرصه
چڑھنا,قنداق
چڑھنا,هيئت
چڑھنا,گو
چگون,چگون
چگوني,چگوني
چگويم,چگويم
چھاؤں,دولت عميق
چھاؤں,سايبان
چھاؤں,سايه
چھاؤں,سياهي
چھاؤں,ظل
چھائي,توسي
چھائي,تيهو
چھائي,خاكستري
چھائي,ديز
چھائي,فولادي
چھائي,كبودچشم
چھاتر,تم
چھاتر,تيله
چھاتر,حدقه
چھاتر,خواننده
چھاتر,دانشاموز
چھاتر,دانشجو
چھاتر,دانشمند
چھاتر,دستيار
چھاتر,شاگرد
چھاتر,طالب
چھاتر,كارخانگي
چھاتر,كاك
چھاتر,محقق
چھاتر,مردم
چھاتر,مردمك
چھاتر,مريد
چھاتر,ميلاو
چھال,توژ
چھال,جفت
چھال,قشر
چھال,ليف
چھال,پارس
چھال,پوست
چھايا,ابشتن
چھايا,جن
چھايا,حرز
چھايا,خيال
چھايا,دولت عميق
چھايا,روح
چھايا,زنهار
چھايا,سايبان
چھايا,سايه
چھايا,سياهي
چھايا,شبح
چھايا,ظل
چھايا,كارتنخواب
چھايا,مامن
چھايا,وهم
چھايا,پناه
چھايا,پناهگاه
چھايا,گورخواب
چھاپنا,منتشر كردن
چھاپنا,نشر كردن
چھاپنا,پرينت گرفتن
چھاپنا,چاپ
چھاپنا,چاپ كردن
چھاپہ,اثر
چھاپہ,تاثير
چھاپہ,تاختن
چھاپہ,تاپه
چھاپہ,تك
چھاپہ,تكيدن
چھاپہ,تمبر
چھاپہ,تمر
چھاپہ,خاتم
چھاپہ,خاتم جم
چھاپہ,سرپوش
چھاپہ,سپوختن
چھاپہ,غارت
چھاپہ,فرنچ پرس
چھاپہ,فشار
چھاپہ,فشردن
چھاپہ,فك
چھاپہ,قيد
چھاپہ,كوبيدن
چھاپہ,مطبوعات
چھاپہ,مهر
چھاپہ,نقش
چھاپہ,نهاد
چھاپہ,نگين
چھاپہ,ويرايش
چھاپہ,پرس
چھاپہ,پرينت
چھاپہ,پرينت گرفتن
چھاپہ,چاولي
چھاپہ,چاپ
چھاپہ,چاپ كردن
چھت,اشكوب
چھت,تراس
چھت,سقف
چھت,چت
چھتري,سايبان
چھتري,چتر
چھتري,چتري
چھتوں,چت
چھتوں,چت كردن
چھتوں,گپ زدن
چھتيں,چت
چھتيں,چت كردن
چھتيں,گپ زدن
چھري,استره
چھري,تيخ
چھري,تيغ
چھري,خنجر
چھري,دشنه
چھري,كارد
چھري,پچق
چھري,چاقو
چھري,چيلان
چھكا,ترا
چھلانگ,اليختن
چھلانگ,برجسته
چھلانگ,بي گدار به اب زدن
چھلانگ,جستن
چھلانگ,خيز
چھلانگ,سكيزه
چھلانگ,سكيزيدن
چھلانگ,وشتن
چھلانگ,پار
چھلانگ,پرش
چھلانگ,پريدن
چھلكا,برج
چھلكا,تركش
چھلكا,توژ
چھلكا,خندان
چھلكا,شالي
چھلكا,شلتوك
چھلكا,صدف
چھلكا,لاك
چھلكا,ليف
چھلكا,مهره
چھلكا,پارس
چھلكا,پوست
چھلكا,پوسته
چھلكا,پيل
چھما,استعفا
چھما,بخشايش
چھما,بخشش
چھما,بخشودن
چھما,بخشيدن
چھما,عفو
چھما,عفو كردن
چھما,معافي
چھما,معذرت
چھما,مغفرت
چھما,پوزش
چھما,گذشتن
چھوارے,اجيل
چھوارے,برگه
چھوارے,تمر
چھوارے,خامه
چھوارے,خشكبار
چھوارے,خوباني
چھوارے,قروت
چھوارے,كشك
چھوارے,هلتاك
چھولا,باقالي
چھولا,باقلا
چھولا,لوبيا
چھولا,ماش
چھولا,ماك
چھولا,نخود
چھولا,ژاژومك
چھونا,احساس كردن
چھونا,حس كردن
چھونا,دست زدن
چھونا,ديدن
چھونا,غريبي كردن
چھونا,لامسه
چھونا,لمس
چھونا,لمس كردن
چھونا,چشم بد دور
چھونگ چھنگ,ادرنه
چھونگ چھنگ,بيجينگ
چھونگ چھنگ,ريو دو ژانيرو
چھونگ چھنگ,شانگهاي
چھونگ چھنگ,شهرداري
چھونگ چھنگ,قرامان
چھونگ چھنگ,پكن
چھوٹ,ازادي
چھوٹ,ازادي بيان
چھوٹ,امتياز
چھوٹ,برائت
چھوٹ,تخفيف
چھوٹ,تول
چھوٹ,جدايي
چھوٹ,جيم زدن
چھوٹ,حذف
چھوٹ,حراج
چھوٹ,خلاصي
چھوٹ,در رفتن
چھوٹ,رستن
چھوٹ,سرعت گري
چھوٹ,طلاق
چھوٹ,طلاق دادن
چھوٹ,فرار
چھوٹ,فرار كردن
چھوٹ,معافي
چھوٹ,يله كردن
چھوٹ,گرختن
چھوٹ,گريختن
چھوٹ,گريز
چھوٹا,اينا
چھوٹا,بيهوده
چھوٹا,جزئي
چھوٹا,حقير
چھوٹا,خرد
چھوٹا,خردسال
چھوٹا,خسيس
چھوٹا,خلاف
چھوٹا,خوار
چھوٹا,داف
چھوٹا,ذليل
چھوٹا,رضا مند
چھوٹا,زبون
چھوٹا,زيردست
چھوٹا,سر سوزن
چھوٹا,شفك
چھوٹا,عاقبت
چھوٹا,عمره
چھوٹا,فرع
چھوٹا,قيم
چھوٹا,كلب
چھوٹا,كه
چھوٹا,كوكب
چھوٹا,كيفر
چھوٹا,متوسط
چھوٹا,مختصر
چھوٹا,منظورت چيست
چھوٹا,مهين
چھوٹا,مينور
چھوٹا,ناچيز
چھوٹا,نتيجه
چھوٹا,هيچ
چھوٹا,ورخچ
چھوٹا,وضو
چھوٹا,پول
چھوٹا,پيامد
چھوٹا,چندر غاز
چھوٹا,گام مينور
چھوٹنا,اخراج شدن
چھوٹنا,بركنار
چھوٹنا,جا گذاشتن
چھوٹنا,خلاص شدن
چھوٹنا,داغ
چھوٹنا,دست
چھوٹنا,دنبال
چھوٹنا,راست
چھوٹنا,رديف
چھوٹنا,عقب
چھوٹنا,عقب ماندن
چھوٹنا,كار، كار انگليسيهاست
چھوٹنا,پس
چھوٹنا,پشت
چھوٹنا,پشد
چھوٹنا,چپ
چھوٹنا,چپه
چھوچھا,ازخ
چھوچھا,اينا
چھوچھا,برهنه
چھوچھا,تخليه
چھوچھا,تهي
چھوچھا,حقير
چھوچھا,خالي
چھوچھا,خالي كردن
چھوچھا,خسيس
چھوچھا,خوار
چھوچھا,خواستن
چھوچھا,داف
چھوچھا,ذليل
چھوچھا,زبون
چھوچھا,سوت و كور
چھوچھا,شفك
چھوچھا,كاو
چھوچھا,كاواك
چھوچھا,متوسط
چھوچھا,مردي
چھوچھا,منظورت چيست
چھوچھا,مهين
چھوچھا,ناو
چھوچھا,نذل
چھوچھا,نغم
چھوچھا,هوس
چھوچھا,ورخچ
چھوچھا,پوده
چھوچھا,پوك
چھوچھا,پوكي
چھوچھا,پوچ
چھوچھا,چاله
چھوچھا,گودال
چھوڑ دينا,ايلا كو
چھوڑ دينا,دست كشيدن
چھوڑ دينا,رها كردن
چھوڑ دينا,منتشر كردن
چھوڑ دينا,هشتن
چھوڑ دينا,ول كردن
چھوڑ دينا,يله كن
چھوڑنا,اغراق كردن
چھوڑنا,افت
چھوڑنا,افت كردن
چھوڑنا,انداختن
چھوڑنا,بخشش
چھوڑنا,بخشودن
چھوڑنا,بخشيدن
چھوڑنا,بستر
چھوڑنا,جا گذاشتن
چھوڑنا,خاطره
چھوڑنا,خرمن
چھوڑنا,دنبال
چھوڑنا,رديف
چھوڑنا,طبقه
چھوڑنا,عفو
چھوڑنا,عفو كردن
چھوڑنا,عقب
چھوڑنا,عقب ماندن
چھوڑنا,فتراك
چھوڑنا,قطره
چھوڑنا,قمپز دركردن
چھوڑنا,كار، كار انگليسيهاست
چھوڑنا,كف
چھوڑنا,معذرت
چھوڑنا,موكت
چھوڑنا,هفتسين
چھوڑنا,همكف
چھوڑنا,يله كردن
چھوڑنا,پرهيز كردن
چھوڑنا,پرهيزيدن
چھوڑنا,پس
چھوڑنا,پشت
چھوڑنا,پشد
چھوڑنا,پيست
چھوڑنا,چكه
چھوڑنا,چپه شدن
چھوڑنا,گذشتن
چھوڑنا,گزاف گفتن
چھيلا,ژيگول
چھينك,اشنوسه
چھينك,اشنوسيدن
چھينك,شنوسه
چھينك,شنوشه
چھينك,عطسه
چھينك,عطسه كردن
چھيننا,دستگير كردن
چھيننا,ربودن
چھيننا,كپيدن
چھيننا,گرفتن
چھيڑنا,اذيت كردن
چھيڑنا,ازار دادن
چھيڑنا,ازردن
چھيڑنا,بخيدن
چھيڑنا,دست زدن
چھيڑنا,رنجاندن
چھيڑنا,شيد كردن
چھيڑنا,فيوت كردن
چھيڑنا,كرم ريختن
چھيڑنا,لامسه
چھيڑنا,لمس
چھيڑنا,لمس كردن
چھيڑنا,مداخله كردن
چھيڑنا,مه
چھيڑنا,واخيدن
چھيڑنا,چشم بد دور
چھٹا,بيخودي
چھٹا,جدا
چھٹا,جماديالثاني
چھٹا,خرداد
چھٹا,دانگ
چھٹا,سنبله
چھٹا,ششم
چھٹا,شهريور
چھٹا,صرف
چھٹا,فارغ
چھٹا,لا
چھٹا,هرزه
چھٹا,يله
چھٹا,ژي
چھٹي,بين التعطيلين
چھٹي,تعطيل
چھٹي,دوري
چھٹي,سكون
چھٹي,عدم
چھٹي,عيد
چھٹي,غايبانه
چھٹي,غيبت
چھٹي,فقدان
چھٹي,مرخصي
چھٹي,نبود
چھٹپٹانا,افكندن
چھٹپٹانا,تودري
چھٹپٹانا,شوريده
چھٹپٹانا,قدومه
چھٹپٹانا,لوليدن
چھٹپٹانا,مضطرب
چھٹپٹانا,منفعل
چھٹپٹانا,پرتاب
چھپانا,اكندن
چھپانا,دفن كردن
چھپانا,نگندن
چھپكلي,سوسمار
چھپكلي,كلپوك
چھپكلي,مارمولك
چھپنا,تفرقه
چھپنا,مجهول
چھپنا,مطبوع
چھپنا,منتشر
چھپنا,مورد
چھپنا,نامه
چھپنا,نسك
چھڑكاؤ,ابخور
چھڑكاؤ,ابپاش
چھڑكاؤ,بيخ
چھڑكاؤ,تيره
چھڑكاؤ,ثمر
چھڑكاؤ,جات
چھڑكاؤ,سر زدن
چھڑكاؤ,طارم
چھڑكاؤ,فاخره
چھڑكاؤ,نباتي
چہ جائيكہ,تنها
چہ جائيكہ,جدا
چہ جائيكہ,جداگانه
چہ جائيكہ,خلوت
چہ جائيكہ,ول كردن
چہ جائيكہ,يكه
چہ جائے كہ,تنها
چہ جائے كہ,جدا
چہ جائے كہ,جداگانه
چہ جائے كہ,خلوت
چہ جائے كہ,ول كردن
چہ جائے كہ,يكه
چہار شنبہ,چهارشنبه
چہار شنبہ,چهارشنبهسوري
چہارم,ارمين
چہارم,بهرام
چہارم,تير
چہارم,ربيعالثاني
چہارم,رفسنجاني
چہارم,شهريور
چہارم,فا
چہارم,چارك
چہارم,چهارم
چہارم,چهارم درست
چہرہ,برقع
چہرہ,تصوير
چہرہ,ديم
چہرہ,رخسار
چہرہ,سواد
چہرہ,سيما
چہرہ,شباهت
چہرہ,صورتك
چہرہ,طلعت
چہرہ,كلاهخود
چہرہ,لقا
چہرہ,ماسك
چہرہ,مثال
چہرہ,نقاب
چہرہ,پرتره
چہرہ,پوشيه
چہرہ,پيكر
چہرہ,چهره
ڈاك,جبه
ڈاك,درع
ڈاك,زره
ڈاك,غيبه
ڈاك,چاپار
ڈاكا,دستبرد
ڈاكا,سرقت
ڈاكا,محاربه
ڈاكو,باسمهچي
ڈاكو,بدمعاش
ڈاكو,دزد
ڈاكو,سارق
ڈاكو,فدائي
ڈاكو,هندو
ڈاكيا,پستچي
ڈاكٹر,حكيم
ڈاكٹر,حكيمجي
ڈاكٹر,داكتر
ڈاكٹر,دكتر
ڈاكٹر,دكتر ميخواهم
ڈاكٹر,دكتور
ڈاكٹر,طبيب
ڈاكٹر,پزشك
ڈالنا,ارايش كردن
ڈالنا,اعمال كردن
ڈالنا,اپلاي كردن
ڈالنا,به
ڈالنا,به سلامت
ڈالنا,خسره
ڈالنا,درخواست دادن
ڈالنا,درخواست كردن
ڈالنا,را
ڈالنا,رختن
ڈالنا,رديف
ڈالنا,رساندن
ڈالنا,رسانيدن
ڈالنا,ركورد
ڈالنا,روزنامه
ڈالنا,ريختن
ڈالنا,سابقه
ڈالنا,سرعت
ڈالنا,شاريدن
ڈالنا,شتافتن
ڈالنا,صفحه
ڈالنا,ضبط
ڈالنا,فرياد رسيدن
ڈالنا,كارنامه
ڈالنا,وا
ڈالنا,پوييدن
ڈالنا,پيشينه
ڈالنا,چريك
ڈايناسور,بوقلمون
ڈايناسور,خزنده
ڈايناسور,خوارزمي
ڈايناسور,دايناسور
ڈايناسور,مرده
ڈايناسور,منقرض
ڈايناسور,چرنده
ڈاڈو,بقه
ڈاڈو,بك
ڈاڈو,غوك
ڈاڈو,قربك
ڈاڈو,قورباغه
ڈاڈو,وك
ڈبہ,بارگنج
ڈبہ,جعبه
ڈبہ,حلب
ڈبہ,خنور
ڈبہ,دان
ڈبہ,ظرف
ڈبہ,كانتينر
ڈبہ,ميدان
ڈبہ,چايبر
ڈر,ارعاب
ڈر,اژير
ڈر,باك
ڈر,ترس
ڈر,رعب
ڈر,شكوه
ڈر,نفرت
ڈر,نهيب
ڈر,هراس
ڈر,هول
ڈر,وحشت
ڈراؤنا,ارعاب
ڈراؤنا,بختك
ڈراؤنا,بيمناك
ڈراؤنا,ترسناك
ڈراؤنا,خوفناك
ڈراؤنا,سهمگين
ڈراؤنا,هولناك
ڈراؤني,ارعاب
ڈراؤني,با
ڈراؤني,بخت
ڈراؤني,بختك
ڈراؤني,بيمناك
ڈراؤني,ترسناك
ڈراؤني,خوفناك
ڈراؤني,دند
ڈراؤني,زيره
ڈراؤني,سهمگين
ڈراؤني,سياهي
ڈراؤني,كابوس
ڈراؤني,هولناك
ڈراؤني,پيراستن
ڈرامہ,بازيگري
ڈرامہ,درام
ڈرامہ,نمايشي
ڈرامہ,وضع
ڈرامہ باز,بازيگر
ڈرامہ باز,تماشا
ڈرامہ باز,سياهي لشكر
ڈرامہ باز,شگرف
ڈرامہ باز,قشقرق
ڈرامہ باز,نقش
ڈرامہ باز,نمايشي
ڈرامہ باز,همبازي
ڈرامہ باز,هنرمند
ڈرامہ باز,هنرپيشه
ڈراوا,تهديد
ڈراوا,زليفن
ڈرنا,سندروس
ڈرنا,غريبي كردن
ڈرنا,گرخيدن
ڈكار,ابابيل
ڈكار,ارسلان
ڈكار,اروغ
ڈكار,اروغ زدن
ڈكار,اسد
ڈكار,اشتر
ڈكار,ببر
ڈكار,جدر
ڈكار,جنگ
ڈكار,خرطوم
ڈكار,خروشيدن
ڈكار,شتر
ڈكار,شتر دوكوهان
ڈكار,شرزهشير
ڈكار,شنگ
ڈكار,شير
ڈكار,غرش
ڈكار,غريدن
ڈكار,غريو
ڈكار,فيل
ڈكار,فيلمرغ
ڈكار,كجك
ڈكار,كنجر
ڈكار,كوهان
ڈكار,مركب
ڈكار,نعره
ڈكار,هزبر
ڈكار,هيون
ڈكار,هژبر
ڈكار,پيل
ڈكار,ژاژ
ڈكار,ژغار
ڈكي,بوت
ڈكي,تنه
ڈكي,خرطوم
ڈكي,شروع
ڈكي,شنگ
ڈكي,صندوق
ڈكي,موزه
ڈكي,نرد
ڈكي,پوتين
ڈكي,چزمه
ڈكي,چكمه
ڈمرو,دبه
ڈمرو,درام
ڈمرو,دف
ڈمرو,دمبك
ڈمرو,دهل
ڈمرو,ضرب
ڈمرو,طبل
ڈمرو,طبله
ڈمرو,كوس
ڈمرو,مندل
ڈنكرك,اداره
ڈنكرك,اورژانس
ڈنكرك,بردو
ڈنكرك,تولوز
ڈنكرك,دپارتمان
ڈنكرك,كومور
ڈنكرك,وانده
ڈنكرك,پنتاگون
ڈنكي,غيرقانوني
ڈنكي,مهاجرت
ڈنكي لگانا,ابهاي بينالمللي
ڈنكي لگانا,اتحاديه عرب
ڈنكي لگانا,الفباي اوانگاري بينالمللي
ڈنكي لگانا,اژانس بينالمللي انرژي اتمي
ڈنكي لگانا,بين المللي
ڈنكي لگانا,بينالمللي
ڈنكي لگانا,حاشيه
ڈنكي لگانا,حد
ڈنكي لگانا,حقوق بينالملل
ڈنكي لگانا,خاج
ڈنكي لگانا,خط زدن
ڈنكي لگانا,روابط بينالملل
ڈنكي لگانا,سرحد
ڈنكي لگانا,صليب
ڈنكي لگانا,صليب سرخ
ڈنكي لگانا,صندوق بينالمللي پول
ڈنكي لگانا,عبور كردن
ڈنكي لگانا,قدرت متوسط
ڈنكي لگانا,كران
ڈنكي لگانا,مرز
ڈنكي لگانا,مرزبان
ڈنكي لگانا,مغولستان
ڈنكي لگانا,پارتي
ڈنكي لگانا,چليپا
ڈنكي لگانا,چينود
ڈنكي لگانا,گذر كردن
ڈنكي لگانا,گذشتن
ڈنمارك,دانمارك
ڈنمارك,گرينلند
ڈنڈا,عصا
ڈنڈا,فاكولته
ڈنڈا,پرسنل
ڈنڈا,چوب
ڈوري,بند ناف
ڈوري,تار
ڈوري,رسن
ڈوري,ريسمان
ڈوري,زيگ
ڈوري,سيم
ڈوري,نيفه
ڈيرہ,اصلاح
ڈيرہ,دمشق
ڈيرہ,شام
ڈيرہ,فيصله
ڈيرہ اسماعيل خان,اسماعيل
ڈيرہ اسماعيل خان,خان
ڈيرہ اسماعيل خان,مود
ڈيرہ اسماعيل خان,چنگيز
ڈيرہ اسماعيل خان,چنگيزي
ڈيرہ اللہ يار,اخر الاخرين
ڈيرہ اللہ يار,الله
ڈيرہ اللہ يار,انا لله و انا اليه راجعون
ڈيرہ غازي خان,خان
ڈيرہ غازي خان,مود
ڈيرہ غازي خان,چنگيز
ڈيرہ غازي خان,چنگيزي
ڈيرہ مراد جمالي,مراد
ڈيوڑھي,استانه
ڈيوڑھي,ايوان
ڈيوڑھي,برامده
ڈيوڑھي,درگاه
ڈيوڑھي,سرسرا
ڈيوڑھي,كرياس
ڈيوڑھي,كنكور
ڈيوڑھي,ورود
ڈيوڑھي,پيش ايوان
ڈيٹابيس,پايگاه دادهها
ڈيٹھ,بيادب
ڈيٹھ,جنگره
ڈيٹھ,خشن
ڈيٹھ,دنگل
ڈيٹھ,سمج
ڈيٹھ,مريد
ڈيٹھ,چيره
ڈيڑھ,تنگ
ڈيڑھ,دانگ
ڈيڑھ,قلم كردن
ڈيڑھ,مصراع
ڈيڑھ,نت سفيد
ڈيڑھ,نصف
ڈيڑھ,نيم
ڈيڑھ,نيم بوسه
ڈيڑھ,نيم پرده
ڈيڑھ,نيمه
ڈچ,فلمنكي
ڈچ,هلندي
ڈڑھيل,ريشو
ڈگمگانا,بلدرچين
ڈگمگانا,بودنه
ڈگمگانا,بيماري
ڈگمگانا,حكمراني
ڈگمگانا,درد
ڈگمگانا,دروشيدن
ڈگمگانا,رعشه
ڈگمگانا,رنج
ڈگمگانا,كرك
ڈگمگانا,كلاف
ڈگمگانا,لرزيدن
ڈگمگانا,ماسوره
ڈگمگانا,مرض
ڈگمگانا,مريضي
ڈگمگانا,نويدن
ڈگمگانا,وشم
ڈھائي,تنگ
ڈھائي,دانگ
ڈھائي,قلم كردن
ڈھائي,مصراع
ڈھائي,نت سفيد
ڈھائي,نصف
ڈھائي,نيم
ڈھائي,نيم بوسه
ڈھائي,نيم پرده
ڈھائي,نيمه
ڈھاكہ,جهانگير نگر
ڈھانپنا,سرپوش گذاشتن
ڈھانپنا,كتمان كردن
ڈھانپنا,كر كردن
ڈھانپنا,مخفي كردن
ڈھانپنا,نهفتن
ڈھانپنا,پنهان كردن
ڈھانپنا,پوشاندن
ڈھانپنا,پوشش دادن
ڈھانچہ,اسكلت
ڈھانچہ,دف
ڈھانچہ,فرت
ڈھانچہ,قاب
ڈھانچہ,كالبد
ڈھانچہ,چارچوب
ڈھكن,ابله
ڈھكن,احمق
ڈھكن,بطري
ڈھكن,بوتل
ڈھكن,تاتول
ڈھكن,خرفت
ڈھكن,سرپوش
ڈھكن,سيكي
ڈھكن,شيشه
ڈھكن,كصخل
ڈھكن,كيزه
ڈھكن,نول
ڈھكن,هالو
ڈھكن,گاگول
ڈھكن,گول
ڈھول,دبه
ڈھول,درام
ڈھول,دف
ڈھول,دمبك
ڈھول,دهل
ڈھول,ضرب
ڈھول,طبل
ڈھول,طبله
ڈھول,كوس
ڈھول,مندل
ڈھولك,بم
ڈھولك,دبه
ڈھولك,درام
ڈھولك,دف
ڈھولك,دمبك
ڈھولك,دهل
ڈھولك,ضرب
ڈھولك,طبل
ڈھولك,طبله
ڈھولك,كوس
ڈھولك,مندل
ڈھونا,اجرا كردن
ڈھونا,بردن
ڈھونا,به جا اوردن
ڈھونا,حمل كردن
ڈھونا,وار
ڈھونا,گذاشتن
ڈھونڈنا,جستن
ڈھونڈنا,جوينده يابنده است
ڈھونڈنا,طلب كردن
ڈھونڈنا,طلبيدن
ڈھونڈنا,فرياد خواستن
ڈھونڈنا,قايم موشك
ڈھونڈنا,كاوش كردن
ڈھونڈنا,ويديدن
ڈھونڈنا,يوختن
ڈھونڈنا,پاليدن
ڈھونڈھ,استفراغ
ڈھونڈھ,استكمال
ڈھونڈھ,جو
ڈھونڈھ,فرياد
ڈھير,انبوه
ڈھير,توده
ڈھير,كوت
ڈھير,كود
ڈھير,كومه
ڈھير,كپه
ڈھينچوں,عرعر
ڈھيٹ,خيره
ڈھيٹ,دنگل
ڈھيٹ,سرسخت
ڈھيٹ,سمج
ڈھيٹ,عراف
ڈھيٹ,لوطي
ڈھيٹ,مريد
ڈھيٹ,گستاخ
ژاغہ,ابابيل
ژاغہ,اشكم
ژاغہ,اموت
ژاغہ,تيره
ژاغہ,جيرجير
ژاغہ,دخمه
ژاغہ,درونه
ژاغہ,دستي
ژاغہ,دل
ژاغہ,شكم
ژاغہ,شكنب
ژاغہ,كلپ
ژاغہ,كم
ژاغہ,لانه
ژاغہ,مرغانه
ژاغہ,معده
ژاغہ,يك تير و دو نشان
ژالہ,تگرگ
ژالہ,درود
ژالہ,سنگك
ژالہ,شخلاسه
ژالہ,هسر
ژالہ,ژاله
ژالہ,ژاله باريدن
ژالہ باري,بوراب
ژالہ باري,تگرگ
ژالہ باري,درود
ژالہ باري,سنگك
ژالہ باري,شخلاسه
ژالہ باري,طوفان
ژالہ باري,كولاك
ژالہ باري,ژاله
ژالہ باري,ژاله باريدن
ژاژ,باطل
ژاژ,بيهوده
ژاژ,جزئي
ژاژ,خرد
ژاژ,خزعبل
ژاژ,سبشت
ژاژ,سبك
ژاژ,سر سوزن
ژاژ,شوك
ژاژ,عبث
ژاژ,قبيح
ژاژ,كره
ژاژ,كسشعر
ژاژ,كنگر
ژاژ,لغو
ژاژ,ماهچه
ژاژ,مختصر
ژاژ,مزخرف
ژاژ,مسخره
ژاژ,ناسزا
ژاژ,ناچيز
ژاژ,هرزه
ژاژ,ياوه
ژاژ,پوچ
ژاژ,چندر غاز
ژرف,ژرف
ژوليدہ,تعارف
ژوليدہ,حساس
ژوليدہ,مشوش
ژوليدہ,پريش
ژوليدہ,پيچ
ژوليدہ,ژوليدن
ژوليدہ,ژوليده
ژوليدہ,گرفتار
ژيان,براشفته
ژيان,خشمگين
ژيان,دژم
ژيان,روش
ژيان,زوش
ژيان,سهمگين
ژيان,شنيع
ژيان,عصباني
ژيان,فشاري
ژيان,قهر
ژيان,كله كيري
ژيان,وحشتناك
ژياں,ارغند
ژياں,بهادر
ژياں,تور
ژياں,دلير
ژياں,دژم
ژياں,شجاع
ژياں,شرزه
ژياں,شرزهشير
ژياں,شرزهپلنگ
ژياں,شيرفش
ژياں,ژيان
گاؤں,زادگاه
گاتر,اندام
گاتر,پا
گاتے گاتے كلاونت ہو جاتے ہيں,انه
گاتے گاتے كلاونت ہو جاتے ہيں,ترنم
گاتے گاتے كلاونت ہو جاتے ہيں,تلميح
گاتے گاتے كلاونت ہو جاتے ہيں,خوشنمك
گاتے گاتے كلاونت ہو جاتے ہيں,سماع
گاتے گاتے كلاونت ہو جاتے ہيں,نده
گاتے گاتے كلاونت ہو جاتے ہيں,چاوش
گاجر,زردك
گاجر,سبزي
گاجر,هويج
گاجر,گزر
گار,گار
گال,جانه
گال,رخ
گال,سپ
گال,لپ
گال,گونه
گالي,اهانت
گالي,توهين كردن
گالي,دشنام
گالي,سركوب
گالي,ضرب و شتم
گالي,ك م خ
گالي,ناسزا
گالي دينا,اهانت
گالي دينا,توهين كردن
گالي دينا,دشنام
گالي دينا,سركوب
گالي دينا,ضرب و شتم
گالي دينا,ك م خ
گالي دينا,ناسزا
گام,تك
گام,رفته رفته
گام,زينه
گام,قدم
گام,مقدمه
گام,نيم پرده
گام,پله
گام,پوييدن
گام,گام
گامش,گامش
گامي,گامي
گان,ترنم
گان,سماع
گان,چاوش
گان,گان
گان كرنا,اواز خواندن
گان كرنا,خواندن
گان كرنا,سرودن
گان كرنا,موسيقار
گانا,اواز خواندن
گانا,خواندن
گانا,سرودن
گانا,موسيقار
گانتھ كا پورا عقل كا اندھا,احمق
گانتھ كا پورا عقل كا اندھا,اهل معرفت
گانتھ كا پورا عقل كا اندھا,جاهل
گانتھ كا پورا عقل كا اندھا,حكيم
گانتھ كا پورا عقل كا اندھا,دانا
گانتھ كا پورا عقل كا اندھا,دانشمند
گانتھ كا پورا عقل كا اندھا,دنگل
گانتھ كا پورا عقل كا اندھا,رد
گانتھ كا پورا عقل كا اندھا,زنير
گانتھ كا پورا عقل كا اندھا,فرزانه
گانتھ كا پورا عقل كا اندھا,كانا
گانتھ كا پورا عقل كا اندھا,كوبيدن
گانتھ كا پورا عقل كا اندھا,كويستن
گانتھ كا پورا عقل كا اندھا,ليره
گانتھ كا پورا عقل كا اندھا,مالوندن
گانتھ كا پورا عقل كا اندھا,مزخرف
گانتھ كا پورا عقل كا اندھا,هوشمند
گانتھ كا پورا عقل كا اندھا,ياوه
گانتھ كا پورا عقل كا اندھا,پوند
گانتھ كا پورا عقل كا اندھا,گيج
گانجا,بنگ
گانجا,بنگي
گانجا,شاهدانه
گانجا,گنجه
گانجا,گنجوي
گاندھي,اشتغال
گاندھي,اشغال
گاندھي,اشغالي
گاندھي,بنگالي
گاندھي,تصرف
گاندھي,حدادي
گاندھي,رضايي
گاندھي,شغل
گاندھي,قروتاب
گاندھي,كار
گاندھي,مشغله
گاندھي,نوكري
گانووالا,دهاتي
گانووالا,روستايي
گانڈ,سوراخ كون
گانڈ,قين
گانڈ,كند
گانڈ,كون
گانڈ,مقعد
گانڈ,مقعدي
گانڈ پھٹنا,سندروس
گانڈ پھٹنا,غريبي كردن
گانڈ پھٹنا,گرخيدن
گانڈو,ابي
گانڈو,اهانت
گانڈو,بچه كوني
گانڈو,بچهكوني
گانڈو,توهين كردن
گانڈو,حرامزاده
گانڈو,دشنام
گانڈو,ك م خ
گانڈو,كوني
گانڈو,لاس
گانڈو,مادر كسده
گانڈو,ناسزا
گاو,اغل
گاو,ثور
گاو,رم
گاو,غول
گاو,لو
گاو,ماتادور
گاو,نر
گاو,گاو
گاو,گمارا
گايك,ترنم
گايك,خنياگر
گايك,خواننده
گايك,خواننده اپرا
گايك,سماع
گايك,چاوش
گايكا,خنياگر
گايكا,خواننده
گايكا,خواننده اپرا
گاڑي,ارابه
گاڑي,امبولانس
گاڑي,باربر
گاڑي,بوق
گاڑي,تارم
گاڑي,تانك
گاڑي,ترامواي
گاڑي,ترن
گاڑي,حمل
گاڑي,درشكه
گاڑي,دليجان
گاڑي,سريعالسير
گاڑي,شناور
گاڑي,عرابه
گاڑي,قطار
گاڑي,قنداق
گاڑي,كالسكه
گاڑي,كاميون
گاڑي,لاري
گاڑي,موتر
گاڑي,موتور
گاڑي,همپالكي
گاڑي,وانت
گاڑي,واگن
گاڑي,ورزيدن
گاڑي,وسيله نقليه
گاڑي,پروردن
گاڑي,چرخ
گاڑي,چرخچي
گاڑي,گاري
گاڑي,گردون
گاڑي,گردونه
گاڑھا,انبوه
گاڑھا,تكاپو
گاڑھا,دولت عميق
گاڑھا,سفت
گاڑھا,عميق
گاڑھا,غليظ
گاڑھا,كلفت
گاڑھا,لعاب
گاڑھا,مشت
گاڑھا,مغ
گاڑھا,مغاك
گاڑھا,چقر
گاڑھا,چوقور
گاڑھا,چگال
گاڑھا,ژرف
گاڑھا,گود
گاہ,بلخ
گاہ,مركز
گاہ,مركز خريد
گاہ,مركزي
گاہ,ميان
گاہ,ميون
گاہ,پاساژ
گاہے بہ گاہے,اتفاقا
گاہے بہ گاہے,بعضا
گاہے بہ گاہے,فرمودن
گاہے بہ گاہے,گاهي
گتا,كارتنخواب
گتا,كارتنخوابي
گتودھي,بازنشسته
گتودھي,داير
گتودھي,سبك هندي
گتودھي,كارگر
گتودھي,مسخره
گج,ابابيل
گج,خرطوم
گج,شنگ
گج,فيل
گج,فيلمرغ
گج,كجك
گج,كنجر
گج,پيل
گجرا,بساك
گجرا,مچ دست
گجرات,احمداباد
گجرات,سورت
گجرات,گجرات
گجرات,گجراتي
گجراتي,احمداباد
گجراتي,اراكي
گجراتي,اهل
گجراتي,باشنده
گجراتي,بنگالي
گجراتي,رازي
گجراتي,ساكن
گجراتي,سورت
گجراتي,مشهدي
گجراتي,مقيم
گجراتي,مناجات
گجراتي,هندو
گجراتي,گجرات
گجراتي,گجراتي
گدا,اميزش جنسي مقعدي
گدا,سوراخ كون
گدا,قين
گدا,كند
گدا,كون
گدا,كونمرزي
گدا,كوني
گدا,مقعد
گدا,مقعدي
گدا,گدا
گدائي,گدائي
گداخت,گداخت
گداز,گداز
گدازد,گدازد
گدازم,گدازم
گدازي,گدازي
گداست,گداست
گداي,گداي
گدايان,گدايان
گدگدانا,خارش
گدگدانا,خنجولك
گدگدانا,قلقلك
گدگدانا,قلقلك دادن
گدھ,دال
گدھ,كركس
گدھ,كرگس
گدھ,نسر
گدھا,ابله
گدھا,احمق
گدھا,خر
گدھا,خرفت
گدھا,هالو
گدھا,چلمن
گدھا,گاگول
گدھا,گول زدن
گدھي,ابله
گدھي,احمق
گدھي,خر
گدھي,خرفت
گدھي,هالو
گدھي,چلمن
گدھي,گاگول
گدھي,گول زدن
گدھے,تكان
گدھے,جق زدن
گذار,گذار
گذارد,گذارد
گذارنا,اوردن
گذارنا,باز
گذارنا,بالا اوردن
گذارنا,به زبان اوردن
گذارنا,به وجود اوردن
گذارنا,تبرك
گذارنا,روشن
گذارنا,رويانيدن
گذارنا,فعال
گذارنا,مطرح كردن
گذارنا,معلوم
گذارنا,پرتكاپو
گذارنا,چست
گذارنا,گرد كردن
گذاري,گذاري
گذاشت,گذاشت
گذر,گذر
گذراننا,به وجود اوردن
گذراننا,تهيه كردن
گذراننا,جزيه
گذراننا,جلو
گذراننا,ساختن
گذراننا,فاخره
گذراننا,فرارون
گذراننا,پيش
گذراننا,پيش امدن
گذراننا,پيش رفتن
گذرد,گذرد
گذرنا,اب در هاون كوبيدن
گذرنا,تفرقه
گذرنا,خاج
گذرنا,خارج
گذرنا,خط زدن
گذرنا,زاستر
گذرنا,صليب
گذرنا,صليب سرخ
گذرنا,عبور كردن
گذرنا,فراتر
گذرنا,فوق
گذرنا,مافوق
گذرنا,مجهول
گذرنا,مورد
گذرنا,چليپا
گذرنا,چينود
گذرنا,گذر كردن
گذرنا,گذشتن
گذشت,گذشت
گذشتم,گذشتم
گذشتن,گذشتن
گذشتي,گذشتي
گذشتيم,گذشتيم
گر,گر
گر،,گر،
گرا,گرا
گرام,انبوه
گرام,توده
گرام,جرم
گرام,حجم
گرام,رسانههاي گروهي
گرام,من
گرام,ها
گرام,چارك
گرام,گرم
گرام,گروهي
گرامر,اداب
گرامر,حال
گرامر,دستور
گرامر,دستور زبان
گرامر,نحو
گرامي,گرامي
گران,گران
گرانا,افت
گرانا,افت كردن
گرانا,انداختن
گرانا,قطره
گرانا,يله كردن
گرانا,چكه
گرانا,چپه شدن
گراني,گراني
گربھ,بطن
گربھ,رحم
گربھ,زهدان
گربھ پات,سقط
گربھ پات,سقط جنين
گربھ پات,كورتاژ
گرج,تندر
گرج,خروشيدن
گرج,رعد
گرج,غرش
گرج,غريدن
گرج,غريو
گرج,غو
گرج,نعره
گرج,ژغار
گرجا,كلسيا
گرجا,كليسا
گرجا,كنشت
گرجا,محراب
گرجا,ناقوس
گرجا گھر,كلسيا
گرجا گھر,كليسا
گرجا گھر,كنشت
گرجا گھر,محراب
گرجا گھر,ناقوس
گرجنا,تندر
گرجنا,خروشيدن
گرجنا,رعد
گرجنا,غرش
گرجنا,غريدن
گرجنا,غريو
گرجنا,غو
گرجنا,نعره
گرجنا,ژغار
گرد,گرد
گرداب,گرداب
گردان,گردان
گرداند,گرداند
گرداندش,گرداندش
گردد,گردد
گردش,انقلاب
گردش,ترويج
گردش,دور
گردش,دوران
گردش,رولوسيون
گردش,زر
گردش,سرايت
گردش,غلط
گردش,واروني
گردش,چرخش
گردش,گردش
گردم,گردم
گردن,جزگ
گردن,جيد
گردن,كوزه
گردن,كيزه
گردن,مل
گردن,نول
گردن,يال
گردن,گردن
گردنش,گردنش
گردنم,گردنم
گردوارہ,گودواره
گردون,گردون
گردوں,سنگ كليه
گردوں,قلوه
گردوں,كليه
گردوں,گرده
گردي,گردي
گرديد,گرديد
گرديدم,گرديدم
گردہ,جنم
گردہ,خايه
گردہ,دل
گردہ,زهره
گردہ,سنگ كليه
گردہ,شجاعت
گردہ,شهامت
گردہ,قلوه
گردہ,كليه
گردہ,كنداوري
گردہ,گرده
گردے,سنگ كليه
گردے,قلوه
گردے,كليه
گردے,گرده
گرز,ابرنجك
گرز,اذرخش
گرز,اسلحه
گرز,باشگاه
گرز,برق
گرز,بير
گرز,تندر
گرز,توپ
گرز,جنگافزار
گرز,جنگافزار هستهاي
گرز,خاج
گرز,دربند
گرز,رعد
گرز,زبانه
گرز,سلاح
گرز,سلاح هستهاي
گرز,سليح
گرز,سنان
گرز,شاگرد
گرز,شيره
گرز,صاعقه
گرز,غو
گرز,فلاخن
گرز,فلنج
گرز,قوت
گرز,قوس
گرز,كانون
گرز,كلاب
گرز,كما
گرز,لخت
گرز,وفنوك
گرز,يراق
گرز,پوست جوز هندي
گرز,گاوسار
گرز,گرز
گرز,گرزه
گرز,گوپال
گرفت,گرفت
گرفتار,گرفتار
گرفتاري,گرفتاري
گرفتم,گرفتم
گرفتن,گرفتن
گرم,اقامت داشتن
گرم,اينا
گرم,باز
گرم,براشفته
گرم,تاب
گرم,تازه
گرم,خام
گرم,خرم
گرم,خشمگين
گرم,خط
گرم,خنك
گرم,دژم
گرم,روش
گرم,روشن
گرم,زنده باد
گرم,زندگي كردن
گرم,زوش
گرم,زياد
گرم,زيستن
گرم,زيويدن
گرم,صندل
گرم,عصباني
گرم,فشاري
گرم,فعال
گرم,قهر
گرم,كجا زندگي ميكنيد
گرم,كله كيري
گرم,ماهي را هر وقت از اب بگيري تازه است
گرم,معلوم
گرم,ملايم
گرم,ملول
گرم,نو
گرم,پرتكاپو
گرم,چست
گرم,گرم
گرم خانہ,اثر گلخانهاي
گرم خانہ,گاز گلخانهاي
گرم خانہ,گرمخانه
گرم خانہ,گلخانه
گرما,تابستان
گرما,سرينگر
گرما,مرزه
گرما,هامين
گرما,گرما
گرمالا,ابچين
گرمالا,اخيز
گرمالا,اصلاح
گرمالا,بروفه
گرمالا,توپ
گرمالا,جرثقيل
گرمالا,جوغن
گرمالا,حوله
گرمالا,دستار
گرمالا,رختكن
گرمالا,رفع
گرمالا,ساروج
گرمالا,فوطه
گرمالا,لسپردرك
گرمالا,لنگ
گرمالا,ماله
گرمالا,نواربهداشتي
گرمالا,هاون
گرمالا,پانسمان
گرمالا,پيشگير
گرمالا,گرچ
گرمالا,گچ
گرمش,گرمش
گرمم,گرمم
گرمي,تابستان
گرمي,جوشش
گرمي,حسرت
گرمي,خشم
گرمي,دنيدن
گرمي,سرينگر
گرمي,سودا
گرمي,شبيه
گرمي,شهواني
گرمي,شور
گرمي,عشق
گرمي,عصبانيت
گرمي,غضب
گرمي,فشاري
گرمي,مرزه
گرمي,هامين
گرمي,هوا
گرمي,هوس
گرمي,هوي
گرمي,هيجان
گرمي,ولع
گرمي,گرمي
گرمياں,اسلحه
گرميو,اسلحه
گرميوں,اسلحه
گرنا,تودري
گرنا,سقوط كردن
گرنا,شيب
گرنا,قدومه
گرو,حكمت
گرو,حكيم
گرو,رد
گرو,گرو
گرووار,پنجشنبه
گروہ,اكيپ
گروہ,باند
گري,گري
گريان,گريان
گريبان,گريبان
گريبانش,گريبانش
گريباني,گريباني
گريخت,گريخت
گريز,گريز
گريزد,گريزد
گريزم,گريزم
گريست,گريست
گريشم,تابستان
گريشم,سرينگر
گريشم,مرزه
گريشم,هامين
گرڈ,اله
گرڈ,دال
گرڈ,رديف
گرڈ,شهباز
گرڈ,عقاب
گرڈ,عقاب فيليپيني
گرڈ,نسر
گرگ,گرگ
گرگان,گرگان
گرگي,گرگي
گرگٹ,افتابپرست
گرگٹ,انگليون
گرگٹ,بوقلمون
گرہ,اشكال
گرہ,برامدن
گرہ,خونسرد
گرہ,دشواري
گرہ,دچار
گرہ,عقده
گرہ,مبتلا
گرہ,مشكل
گرہ,گذراندن
گرہ,گرفت
گرہ,گره
گرہ,گره زدن
گرہ,گير كردن
گرہن,گرفت
گز,گز
گزار,گزار
گزارہ,معاش
گزر,زردك
گزر,سبزي
گزر,هويج
گزر,گزر
گزر نامہ,تذكره
گزر نامہ,پاسپورت
گزر نامہ,گذرنامه
گزري,گزري
گزيد,گزيد
گزيدم,گزيدم
گزين,گزين
گزيند,گزيند
گزيني,گزيني
گستاخ,گستاخ
گستاخي,استكبار
گستاخي,اهانت
گستاخي,برتني
گستاخي,خودپسندي
گستاخي,دماغ
گستاخي,شيخي
گستاخي,گستاخي
گستر,گستر
گستري,گستري
گسست,گسست
گسستم,گسستم
گسستن,گسستن
گسل,گسل
گسيخت,گسيخت
گشا,گشا
گشائي,گشائي
گشاد,گشاد
گشادم,گشادم
گشادن,گشادن
گشادند,گشادند
گشادي,گشادي
گشاي,گشاي
گشايد,گشايد
گشايم,گشايم
گشت,اقامه
گشت,برادري
گشت,تراويح
گشت,تكيه
گشت,جامع
گشت,حدود
گشت,داربي
گشت,دعوت كردن
گشت,دهقان
گشت,روتر
گشت,شادروان
گشت,شبستان
گشت,عسس
گشت,قران
گشت,كربلا
گشت,مؤذن
گشت,متوضا
گشت,مجاورت
گشت,مجد
گشت,محلي
گشت,محمد
گشت,مسجد
گشت,مصلا
گشت,مكه
گشت,مچد
گشت,پيرامون
گشت,چينود
گشت,گشت
گشتم,گشتم
گشتي,اسبابكشي
گشتي,تماشا
گشتي,تنفروش
گشتي,جلب
گشتي,جنده
گشتي,خاص
گشتي,خانگي
گشتي,در به دري
گشتي,دله
گشتي,روسپي
گشتي,روسپيزاده
گشتي,سيار
گشتي,سياهه
گشتي,شلف
گشتي,طارم
گشتي,غر
گشتي,فاحشه
گشتي,كسكش
گشتي,لكاته
گشتي,مؤثر
گشتي,مدور
گشتي,مشاهده
گشتي,هرجايي
گشتي,ياعلي
گشتي,پاسباني
گشتي,پرسه
گشتي,پرسهزني
گشتي,چرخش
گشتي,گرد
گشتي,گردون
گشتيم,گشتيم
گشود,گشود
گشودم,گشودم
گشودن,گشودن
گشودي,گشودي
گفت,گفت
گفت؟,گفت؟
گفتار,گفتار
گفتار,گفتمان
گفتارش,گفتارش
گفتاري,گفتاري
گفتم,گفتم
گفتمش,گفتمش
گفتن,گفتن
گفتند,گفتند
گفتي,گفتي
گفتگو,تكلم
گفتگو,تلفني
گفتگو,مبارزه
گفتگو,مصاحبه
گفتگو,مكالمه
گفتگو,مناظره
گفتگو,ناز و نياز
گفتگو,گفتار
گفتگو,گفتمان
گفتگو,گفتگو
گفتگو,گپ
گفتگوست,گفتگوست
گل,اكج
گل,امر
گل,بغض
گل,تفور
گل,جزگ
گل,جيد
گل,ديزي
گل,رس
گل,سر
گل,قضيه
گل,قلاب
گل,قول
گل,كندو
گل,كوزه
گل,كوزهگري
گل,كيزه
گل,ماجرا
گل,مثل
گل,مخ زدن
گل,مطلب
گل,مل
گل,مهر
گل,مهم
گل,ناي
گل,نول
گل,يال
گل,چنگال
گل,گردن
گل,گرفتار
گل,گل
گل,گلو
گل,گلون
گل,گلي
گل,گپ
گلا,بغض
گلا,جزگ
گلا,جيد
گلا,كوزه
گلا,كيزه
گلا,مل
گلا,ناي
گلا,نول
گلا,يال
گلا,گردن
گلا,گلا
گلا,گلو
گلا,گلون
گلا,گلي
گلاب,شاخ
گلاب,گلاب
گلابي,تور
گلابي,صورتي
گلابي,گلابي
گلابي,گلي
گلال,تنگ
گلال,هيل
گلال,پودر
گلال,گرد
گلان,گلان
گلاني,افسردگي
گلاني,افسردگي پس از زايمان
گلاني,افسوس
گلاني,افسوس خوردن
گلاني,به ستوه اوردن
گلاني,تاسف
گلاني,حسرت
گلاني,حسرت كشيدن
گلاني,خستگي
گلاني,دريغ
گلاني,ركود
گلاني,كره
گلاني,مخموري
گلاني,پشيمان بودن
گلاني,پشيمان شدن
گلاني,پشيماني
گلاني,گودال
گلبرگي,گلبرگي
گلخن,گلخن
گلرنگ,گلرنگ
گلزار,گلزار
گلستان,خيابان
گلستان,گلستان
گلستان,گلشن
گلستانم,گلستانم
گلستاني,گلستاني
گلش,گلش
گلشن,بخت
گلشن,خوشبختي
گلشن,خوشي
گلشن,خيابان
گلشن,سرور
گلشن,سعادت
گلشن,شادي
گلشن,مه
گلشن,نشاط
گلشن,گلزار
گلشن,گلشن
گلفام,گلفام
گلو,بغض
گلو,جزگ
گلو,جيد
گلو,كوزه
گلو,كيزه
گلو,مل
گلو,ناي
گلو,نول
گلو,يال
گلو,گردن
گلو,گلو
گلو,گلون
گلو,گلي
گلو كار,استاد
گلو كار,اهل صنعت
گلو كار,اهل هنر
گلو كار,خنياگر
گلو كار,خواننده
گلو كار,خواننده اپرا
گلو كار,موزيسين
گلو كار,موسيقار
گلو كار,موسيقي دان
گلو كار,موسيقيدان
گلو كار,موسيقيدانان
گلو كار,موسيقيدانها
گلو كار,نوازنده
گلو كار,هنرمند
گلو كار,چيرهدست
گلو كار,گرافيست
گلوي,گلوي
گلوں,بغض
گلوں,ناي
گلوں,گلو
گلوں,گلون
گلوں,گلي
گلي,اش
گلي,اوباش
گلي,بنبست
گلي,خيابان
گلي,رسيده
گلي,زقاق
گلي,شامورتي
گلي,فلاته
گلي,كو
گلي,كوي
گلي,كوچه
گلي,نزاع
گلي,پخته
گلي,چلو
گلي,گلي
گلي ڈنڈا,الاوه
گليل,بلتستان
گليل,حجاز
گليل,وزيرستان
گليم,بخيدن
گليم,بيده
گليم,تليسه
گليم,تگلتو
گليم,جامه
گليم,درع
گليم,زيلو
گليم,قبا
گليم,قميص
گليم,كمپل
گليم,لاف
گليم,لباس
گليم,مانتو
گليم,مشته
گليم,ملبوس
گليم,مچ
گليم,واخيدن
گليم,پتو
گليم,پشم
گليم,گليم
گليم,گوشپاككن
گليمي,گليمي
گلچين,گلچين
گلچيني,گلچيني
گلگت بلتستان,اداره
گلگت بلتستان,اكسيتانيا
گلگت بلتستان,ايالت
گلگت بلتستان,بخش
گلگت بلتستان,خوره
گلگت بلتستان,شهرستان
گلگت بلتستان,كالينينگراد
گلگت بلتستان,لاهه
گلگت بلتستان,مقدونيه
گلگت بلتستان,گلگت-بلتستان
گلگون,گلگون
گلہ,درد دل
گلہ,گله
گلہري,سنجاب
گلے,بغض
گلے,ناي
گلے,گلو
گلے,گلون
گلے,گلي
گم,تنگ
گم,حاضر
گم,خواهان
گم,در به دري
گم,دلتنگي
گم,دله
گم,سيار
گم,غايب
گم,غيب
گم,مايل
گم,مفقود
گم,مفقودالاثر
گم,ناپديد
گم,هرجايي
گم,پرت
گم,پرسه
گم,پرسهزني
گم,پريشان
گم,گلنزن
گم,گم
گم,گيج
گمان,گمان
گمانا,از دست دادن
گمانا,باختن
گمانا,تكيدن
گمانا,تنگ
گمانا,دلتنگي
گمانا,رژيم
گمانا,مفقود
گمانا,مفقود كردن
گمانا,مفقودالاثر
گمانا,گلنزن
گمانا,گم
گمانا,گم كردن
گمبھير,جدي
گمبھير,حساس
گمبھير,خوره
گمبھير,دولت عميق
گمبھير,سنگين
گمبھير,عميق
گمبھير,قبر
گمبھير,كلفت
گمبھير,لحد
گمبھير,مغ
گمبھير,مغاك
گمبھير,چقر
گمبھير,چوقور
گمبھير,ژرف
گمبھير,گود
گمبھير,گور
گمبھير,گورخواب
گمبھير,گورخوابي
گملا,كوزه
گملا,گلدان
گن,بخاطر
گن,تقوا
گن,تقوي
گن,خاصه
گن,خاصيت
گن,ذات
گن,سزا
گن,سزيدن
گن,فضل
گن,مخصوص
گن,هزارگي
گن,هنر
گن,وار
گن,واره
گن,وصف
گن,ويژگي
گن,پارتي بازي
گن گانا,اواز خواندن
گن گانا,خواندن
گن گانا,ستودن
گن گانا,سرودن
گن گانا,موسيقار
گنا,بوره
گنا,شكر
گنا,قصب
گنا,قند
گنا,قند خون
گنا,كند
گنا,نبات
گنا,ني
گنا,نيشكر
گنا,پانيد
گنا,چوبدست
گناہ,اشتباه
گناہ,بار
گناہ,بهانه
گناہ,تقصير
گناہ,خدشه
گناہ,خرده گرفتن
گناہ,خطا
گناہ,عيب
گناہ,مقصر
گناہ,گناه
گنبد,طارم
گنبد,قبةالصخره
گنبد,قبه
گنبد,قبه صخره
گنبد,كمر
گنبد,گنبد
گنبھير,جدي
گنبھير,حساس
گنبھير,خوره
گنبھير,دولت عميق
گنبھير,سنگين
گنبھير,عميق
گنبھير,قبر
گنبھير,كلفت
گنبھير,لحد
گنبھير,مغ
گنبھير,مغاك
گنبھير,چقر
گنبھير,چوقور
گنبھير,ژرف
گنبھير,گود
گنبھير,گور
گنبھير,گورخواب
گنبھير,گورخوابي
گنت,رياضي
گنت,رياضيات
گنتي,امار
گنتي,انجيل
گنتي,ايه
گنتي,تا
گنتي,تخته
گنتي,تعداد
گنتي,جفت
گنتي,جلد
گنتي,راس
گنتي,قاب
گنتي,قلاده
گنتي,كتاب مقدس
گنتي,لوط
گنتي,محاسبه
گنتي,مين
گنج,گنج
گنجا,طاس
گنجا,كل
گنجا,كچل
گنجد,گنجد
گند,ريم
گند,شوخ
گند,كثافت
گند,نجاست
گندم,سمد
گندم,سمنو
گندم,ميده
گندم,ناو
گندم,گندم
گندم,گنم
گندگي,تازه
گندگي,خاك
گندگي,خاكروبه
گندگي,خلاشه
گندگي,ريم
گندگي,زدودن
گندگي,شوخ
گندگي,كثافت
گندگي,نجاست
گندگي,پسماند
گندگي,چرك
گندھك,كبريت
گندھك,گوگرد
گندہ,الوده
گندہ,خبيث
گندہ,ريمن
گندہ,زبون
گندہ,سبشت
گندہ,ششت
گندہ,قبيح
گندہ,كثيف
گندہ,نابكار
گندہ,ناسزا
گندہ,ناپاز
گندہ,نجس
گندہ,هرزه
گندہ,هندو
گندہ,پارگين
گندہ,پليد
گندہ,پيس
گندہ,چتل
گندہ,چرك
گندہ,چركين
گنوانا,اتلاف
گنوانا,از دست دادن
گنوانا,اشغال
گنوانا,باختن
گنوانا,برباد دادن
گنوانا,بربادي
گنوانا,تكيدن
گنوانا,تلف
گنوانا,رژيم
گنوانا,كثافت
گنوانا,مفقود كردن
گنوانا,پرت
گنوانا,پسماند
گنوانا,گم كردن
گني,ارزش
گني,ارزيدن
گني,استراليا
گني,استرليا
گني,استريليا
گني,خوكچه هندي
گني,ديدني
گني,سكه
گني,سنگ
گني,عباسي
گني,قابل ندارد
گني,قدر
گني,لاري
گني,نابكار
گني,نفاست
گني,پاره
گني,پاپوا گينه نو
گني,پشيز
گني,پول
گني,پيسه
گني,گينه
گنگ,گنگ
گنگا,اسلاماباد
گنگا,بنگال
گنگا,بنگالي
گنگا,تاليوود
گنگا,جهانگير نگر
گنگا,خوره
گنگا,كلكته
گنگا,هندي
گنگا,چاتگام
گنگا,گانژ
گنگا,گاه
گنگا,گنگ
گنگا جل,گانژ
گنگا جل,گنگ
گنگنا,سرد
گنگنا,ملول
گو,گو
گوئي,گوئي
گوارا,گوارا
گواہ,ديدن
گواہ,شاهد
گواہ,شاهد بودن
گواہ,شهادت
گواہ,مشهد
گواہ,گواه
گوبھي,كلم
گود,اتخاذ
گود,اغوش
گود,سينه
گود,كنار
گود,مار در استين پروراندن
گود,ماهچه
گود,نام و نشان
گود,پذيرفتن
گود,چنگ
گودام,انبار
گودام,خزينه
گودام,زيرزمين
گودام,مخزن
گودام,نمكدان
گودام,پروردن
گودنا,خال كوبيدن
گودنا,خالكوبي
گودنا,كير
گودي,گودي
گور,ارامگاه
گور,دخمه
گور,سنگين
گور,قبر
گور,لحد
گور,مرقد
گور,مزار
گور,مقبره
گور,يوسف
گور,گور
گور,گورخواب
گور,گورخوابي
گورا,اباد
گورا,بور
گورا,سفيد
گورا,فرنگي
گورا,مليح
گورا,منصف
گورا,نمايشگاه
گورا,نيكو
گورا,وش
گورا,پاكباز
گورا,گش
گورداسپور,اداره
گورداسپور,اكسيتانيا
گورداسپور,اورنگاباد
گورداسپور,ايالت
گورداسپور,بخش
گورداسپور,خوره
گورداسپور,دفتر مركزي
گورداسپور,ستاد
گورداسپور,شهرستان
گورداسپور,كالينينگراد
گورداسپور,لاهه
گورداسپور,مركز
گورداسپور,مقدونيه
گورداسپور,مقر
گورداسپور,پنتاگون
گورداسپور,گلگت-بلتستان
گورستان,خاوران
گورستان,قبرستان
گورستان,مقبره
گورستان,گورستان
گوركھا,بربري
گوركھا,تركمن
گوركھا,فارس
گوركھا,فارسي
گوركھا,قوم
گوركھا,قومي
گوركھا,نژاد
گوركھا,يغنابي
گوركھا,پارس
گوركھا,پاميري
گورو,اورند
گورو,جلوه
گورو,خوره
گورو,راي
گورو,ستايش
گورو,شهرت
گورو,شوكت
گورو,عز
گورو,فخر
گوري,گوري
گوزن,ايل
گوسفند,بره
گوسفند,بيده
گوسفند,دام
گوسفند,كل
گوسفند,ميش
گوسفند,ميشين
گوسفند,نر
گوسفند,پاچه
گوسفند,گاش
گوسفند,گوسفند
گوسفندان,گوسفندان
گوسفندي,گوسفندي
گوش,گوش
گوشش,گوشش
گوشم,گوشم
گول,تك
گول,طارم
گول,مدور
گول,چرخش
گول,گرد
گول,گردون
گول,گلوله
گولا,تخم
گولا,تك
گولا,توپ
گولا,حوزه
گولا,سپهر
گولا,فلك
گولا,كره
گولا,كلاف
گولا,كلافه
گولا,ماهچه
گولا,گلوله
گولا,گو
گولا,گوي
گولكنڈہ,تاليوود
گولكنڈہ,حيدراباد
گولكنڈہ,گلكنده
گولي,تبلت
گولي,تخم
گولي,تك
گولي,توليدن
گولي,توپ
گولي,تير
گولي,تيريك
گولي,تيله
گولي,خشاب
گولي,خواباور
گولي,دارو
گولي,رخام
گولي,شليك
گولي,فشنگ
گولي,قرص
گولي,قرص اورژانسي
گولي,كلاف
گولي,كلافه
گولي,مرمر
گولي,مرمي
گولي,مهمات
گولي,گلوله
گولي,گو
گولي,گوي
گولہ باري,بمباران
گولہ باري,تركش
گولہ باري,توپخانه
گون,گون
گونا,گونا
گونگا,بيصدا
گونگا,حرف زدن
گونگا,دراييدن
گونگا,دروغ گفتن
گونگا,سترون
گونگا,سخن گفتن
گونگا,صحبت كردن
گونگا,فارسي بلد نيستم
گونگا,فروماندن
گونگا,لال
گونگا,نابينا
گونگا,گفتن
گونگا,گنگ
گونگا,گپ زدن
گوي,گوي
گويا,گويا
گويائي,گويائي
گويان,گويان
گويد,گويد
گويدش,گويدش
گويم,گويم
گويم؟,گويم؟
گويمت,گويمت
گويند,گويند
گوٹھ,اصلاح
گوٹھ,دمشق
گوٹھ,شام
گوٹھ,فيصله
گوگرد,كبريت
گوگرد,گوگرد
گي,زير
گي,سكون
گي,صدادار
گي,مجهول
گي,مصوت
گي,معروف
گي,معروف و مجهول
گي,واكه
گي,گي
گيا,داغ
گيا,دست
گيا,راست
گيا,چپ
گيا,چپه
گيا,گيا
گيارہ,يازده
گيت,رد
گيت,سررشته
گيت,پي
گيت,پيست
گيتي,گيتي
گيدڑ,شغال
گيدڑ,شغال طلايي
گيدڑ,شغال پشتسياه
گيدڑ,شغال پهلوخطدار
گير,تيمور
گير,غالب
گير,فاتح
گير,گير
گيرد,گيرد
گيرم,گيرم
گيرند,گيرند
گيري,گيري
گيزر,ابگرمكن
گيزر,بخاري
گيس,بنزين
گيس,پمپ بنزين
گيس,چس
گيس,گوز
گيس,گوز دادن
گيس,گوزيدن
گيسو,گيسو
گيسوي,گيسوي
گيلا,تر
گيلا,مرطوب
گيلا پن,رطوبت
گيلا پن,زغار
گيلا پن,نم
گيند,تخم
گيند,تك
گيند,توپ
گيند,كلاف
گيند,كلافه
گيند,گلوله
گيند,گو
گيند,گوي
گيند خانہ,ارنج تنيسبازان
گيند خانہ,تنيس
گيند خانہ,تنيسباز
گيند خانہ,تنيسور
گيند خانہ,تينس
گيند خانہ,راكت
گينڈا,كرگ
گينڈا,كرگدن
گيہوں,سمد
گيہوں,سمنو
گيہوں,ميده
گيہوں,ناو
گيہوں,گندم
گيہوں,گنم
گٹار,گيتار
گٹھري,بسته
گٹھري,بوغچه
گٹھري,تنگ
گٹھري,توپ
گٹھري,خف
گٹھري,پارسل
گٹھري,پاكت
گٹھري,پرونده
گپ,اژگهان
گپ,بيكار
گپ,خام
گپ,سست
گپ,عاطل
گپ,هوايي
گپ,ياوه
گپ,پچ پچ
گپ,ژاژ
گپ,گپ
گپ شپ,خخخ
گپ شپ,خنده
گپ شپ,مضحك
گپ شپ,پچ پچ
گپ شپ,گپ
گپت,خصوصي
گپت,خلوتگاه
گپت,رمزي
گپت,سري
گپت,شوفر
گپت,غيب
گپت,كر
گپت,مبهم
گپت,مخصوص
گپت,مخفي
گپت,مرموز
گپت,مستور
گپت,ناپديد
گپت,نهان
گپت,نيان
گپت,پنهان
گڈا,عروسك
گڈا,گدي
گڑيا,عروسك
گڑيا,گدي
گڑگڑاہٹ,تندر
گڑگڑاہٹ,رعد
گڑگڑاہٹ,غرنبه
گڑگڑاہٹ,غو
گڑھ,ارگ
گڑھ,الموت
گڑھ,الموتي
گڑھ,برج
گڑھ,تجر
گڑھ,حصار
گڑھ,دژ
گڑھ,قلعه
گڑھ,كوت
گھاس,بيده
گھاس,خاش
گھاس,دانه
گھاس,درس
گھاس,سبزه
گھاس,سبزهزار
گھاس,سرسبز
گھاس,علف
گھاس,علف بايد به دهان بزي شيرين بيايد
گھاس,غرواس
گھاس,كاه
گھاس,ني
گھاس,واش
گھاس,گياه
گھام,افتاب
گھام,خورشيد
گھانا,غنا
گھاو,اسيب
گھاو,افگار
گھاو,اوگار
گھاو,جراحت
گھاو,جوش
گھاو,خستن
گھاو,خليدن
گھاو,درد كردن
گھاو,درد گرفتن
گھاو,دردناك
گھاو,دلريش
گھاو,ريش
گھاو,زخم
گھاو,شخودن
گھاو,ضرر
گھاو,مجروح كردن
گھاو,مضرت
گھاو,يارا
گھاو,پيچه
گھاٹا,افت
گھاٹا,افت كردن
گھاٹا,انحطاط
گھاٹا,برگشت
گھاٹا,زوال
گھاٹا,كاست
گھاٹا,كاستن
گھاٹا,كاستي
گھاٹا,كاهش
گھاٹا,نقص
گھاٹا,نقصان
گھبرانا,انديشيدن
گھبرانا,بي خيال
گھبرانا,تول
گھبرانا,خيره
گھبرانا,دروشيدن
گھبرانا,دستپاچه
گھبرانا,دغدغه
گھبرانا,دلواپسي
گھبرانا,رعشه
گھبرانا,شوريده
گھبرانا,عصباني
گھبرانا,لرزيدن
گھبرانا,مضطرب
گھبرانا,منفعل
گھبرانا,نويدن
گھبرانا,نگراني
گھبرانا,وحشت
گھر,اسايشگاه
گھر,بنه
گھر,جايگاه
گھر,دربار
گھر,سامان
گھر,كاخ سفيد
گھر,لانه
گھر,ماوا
گھر,مقر
گھر,وطن
گھر,گوشي تلفن
گھرانا,ال
گھرانا,بنه
گھرانا,تبار
گھرانا,خانواده
گھرانا,دودمان
گھرانا,رخت
گھرانا,سامان
گھرانا,عرق
گھرانا,عيال
گھرانا,كار خانگي
گھرانا,كوچ
گھرانا,نام و نشان
گھرانا,نژاد
گھرانا,چهر
گھرم,اب و هوا
گھرم,افتاب
گھرم,تابستان
گھرم,خورشيد
گھرم,سرينگر
گھرم,متغير
گھرم,مرزه
گھرم,ملايم
گھرم,هامين
گھرم,هوا
گھرنا,دشمني
گھرنا,زيغ
گھرنا,ستيزه
گھرنا,عداوت
گھرنا,عفو
گھرنا,كره
گھرنا,كين
گھرنا,كينه
گھرنا,ناز
گھرنا,نفرت
گھرنا كرنا,تنفر
گھرنا كرنا,دشمني
گھرنا كرنا,كينه ورزيدن
گھرنا كرنا,نفرت داشتن
گھروں,اسايشگاه
گھروں,بنه
گھروں,جايگاه
گھروں,دربار
گھروں,سامان
گھروں,كاخ سفيد
گھروں,لانه
گھروں,وطن
گھروں,گوشي تلفن
گھريلو,بنه
گھريلو,خانواده
گھريلو,خانوادگي
گھريلو,رخت
گھريلو,سامان
گھريلو,عيال
گھريلو,كار خانگي
گھريلو,كوچ
گھمنڈ,استكبار
گھمنڈ,برتني
گھمنڈ,خودپسندي
گھمنڈ,دماغ
گھمنڈ,سرابستان
گھمنڈ,شيخي
گھمنڈ,عجب
گھمنڈ,غرور
گھمنڈ,ناز
گھمنڈ,نخوت
گھمنڈ,گستاخي
گھن,بد امدن
گھن,خواري
گھن,دشمني
گھن,زيغ
گھن,ستيزه
گھن,ستيزي
گھن,عداوت
گھن,كره
گھن,كين
گھن,كينه
گھن,ناز
گھن,نفرت
گھن,ويس
گھناؤنا,افتضاح
گھناؤنا,حال بهم زن
گھناؤنا,گست
گھنونا,افتضاح
گھنونا,حال بهم زن
گھنونا,گست
گھنٹا,غنا
گھنٹو,غنا
گھنٹوں,غنا
گھنٹي,درا
گھنٹي,زبانه
گھنٹي,زنگ
گھنٹي,زنگوله
گھنٹي,فلفلدلمهاي
گھنٹي,ناقوس
گھنٹہ,اجل
گھنٹہ,از بين بردن
گھنٹہ,بجه
گھنٹہ,تسو
گھنٹہ,تنظيم كردن
گھنٹہ,جك
گھنٹہ,جلق زدن
گھنٹہ,جيك
گھنٹہ,خرك
گھنٹہ,درا
گھنٹہ,زبانه
گھنٹہ,زمان
گھنٹہ,زنگ
گھنٹہ,زنگوله
گھنٹہ,ساعت
گھنٹہ,عقرب
گھنٹہ,علاف
گھنٹہ,فلفلدلمهاي
گھنٹہ,كاري نكردم
گھنٹہ,نابود كردن
گھنٹہ,ناقوس
گھنٹہ,هاون
گھنٹہ,هيچ
گھنٹہ,وقت
گھنٹہ,پنگان
گھنٹہ,گاه
گھنٹے,غنا
گھولنا,ابگينه
گھولنا,ايزوله
گھولنا,جدا كردن
گھولنا,جوهر
گھولنا,حل شدن
گھولنا,حل كردن
گھولنا,حنا
گھولنا,ذات
گھولنا,سمنت
گھولنا,عرض
گھولنا,لعاب
گھولنا,مايه
گھولنا,موميا
گھونسلہ,اشيانه
گھونسلہ,اموت
گھونسلہ,لانه
گھونسلہ,نشيمن
گھونسلہ,چال
گھونٹ,بلع
گھونٹ,جرعه
گھونٹ,سر كشيدن
گھوڑا,اسب
گھوڑا,شهسوار
گھوڑا,شواليه
گھوڑي,بختك
گھوڑي,ماديان
گھوڑي,مغارهها
گھي,روغن
گھي,كره
گھي,مسكه
گھٹنا,اتفاق
گھٹنا,افت
گھٹنا,افت كردن
گھٹنا,انحطاط
گھٹنا,برگشت
گھٹنا,تاور
گھٹنا,حادثه
گھٹنا,دفعه
گھٹنا,دنگل
گھٹنا,زانو
گھٹنا,زوال
گھٹنا,زوني
گھٹنا,كاست
گھٹنا,كاستن
گھٹنا,كاستي
گھٹنا,كاهش
گھٹنا,كوبيده
گھٹنا,نقص
گھٹنا,نقصان
گھٹنا,واقعه
گھٹني,دنگل
گھٹني,زانو
گھٹني,زوني
گھڑي,اجل
گھڑي,بجه
گھڑي,تسو
گھڑي,تنظيم كردن
گھڑي,زمان
گھڑي,ساعت
گھڑي,عقرب
گھڑي,هاون
گھڑي,وقت
گھڑي,پنگان
گھڑي,گاه
گھڑيال,تمساح
گھڑيال,سوسمار
گھڑيال,نهنگ
گھڑيال,گاندو
گہرا,دولت عميق
گہرا,عميق
گہرا,كلفت
گہرا,مغ
گہرا,مغاك
گہرا,چقر
گہرا,چوقور
گہرا,ژرف
گہرا,گود
گہنا,ائين
گہنا,احاطه
گہنا,اذين
گہنا,ارايه
گہنا,امانت
گہنا,انگشتر
گہنا,تضمين
گہنا,جواهر
گہنا,جواهرات
گہنا,جواهرفروشي
گہنا,جواهري
گہنا,جيغه
گہنا,دستگير كردن
گہنا,ربودن
گہنا,زينت
گہنا,زيور
گہنا,سپردن
گہنا,ضامن
گہنا,طراز
گہنا,عرعر
گہنا,كپيدن
گہنا,لرد
گہنا,هشتن
گہنا,وديعه
گہنا,پيراستن
گہنا,چاوش
گہنا,چسبيدن
گہنا,چسپيدن
گہنا,گرفت
گہنا,گرفتن
گہنا,گرو
گہنا,گير
گے,فاعل
گے,لزبين
گے,لواط
گے,لوطي
گے,مفعول
گے,همجنسباز
گے,همجنسگرا
گے,گي
ھلنايك,اهل فساد
ھلنايك,نابكار
ہاتھ,امت
ہاتھ,بوجي موجي
ہاتھ,دخالت
ہاتھ,سهم
ہاتھ,غيرت
ہاتھ,فقره
ہاتھ,فيلترشكن
ہاتھ,قدرت هستهاي
ہاتھ,قوم
ہاتھ,مثل
ہاتھ,مردم
ہاتھ,ملت
ہاتھ,مورد
ہاتھ,موقع
ہاتھ,نمونه
ہاتھ,چنگال
ہاتھ ميں صفائي ہونا,اشتغال
ہاتھ ميں صفائي ہونا,اشغال
ہاتھ ميں صفائي ہونا,اشغالي
ہاتھ ميں صفائي ہونا,تصرف
ہاتھ ميں صفائي ہونا,تمرين كردن
ہاتھ ميں صفائي ہونا,حدادي
ہاتھ ميں صفائي ہونا,حمايت
ہاتھ ميں صفائي ہونا,دفاع
ہاتھ ميں صفائي ہونا,سررشته
ہاتھ ميں صفائي ہونا,شغل
ہاتھ ميں صفائي ہونا,كار
ہاتھ ميں صفائي ہونا,مشغله
ہاتھ ميں صفائي ہونا,مهارت
ہاتھ ميں صفائي ہونا,نوكري
ہاتھ ميں صفائي ہونا,پاد
ہاتھ ميں صفائي ہونا,پدافند
ہاتھ ميں صفائي ہونا,پيشه
ہاتھ ميں صفائي ہونا,ژني
ہاتھي,ابابيل
ہاتھي,خرطوم
ہاتھي,شنگ
ہاتھي,فيل
ہاتھي,فيلمرغ
ہاتھي,كجك
ہاتھي,كنجر
ہاتھي,پيل
ہار,شكست
ہار,شكست دادن
ہار,مالوندن
ہار,مغلوب كردن
ہاردك,درد دل
ہاردك,قلبي
ہارون,هارون
ہالي وڈ,اروپاي مركزي
ہالي وڈ,امريكايي
ہالي وڈ,باليوود
ہالي وڈ,تاليوود
ہالي وڈ,تصوير
ہالي وڈ,تك
ہالي وڈ,تكيدن
ہالي وڈ,حركت
ہالي وڈ,خرس سياه امريكايي
ہالي وڈ,خندان
ہالي وڈ,رسم
ہالي وڈ,زمينه
ہالي وڈ,سامواي امريكا
ہالي وڈ,صناعت
ہالي وڈ,صنعت
ہالي وڈ,صنعتي
ہالي وڈ,عكس
ہالي وڈ,فوتبال امريكايي
ہالي وڈ,قم
ہالي وڈ,كاليفرنيا
ہالي وڈ,كاليفورنيا
ہالي وڈ,كالينينگراد
ہالي وڈ,كانون
ہالي وڈ,لسانجلس
ہالي وڈ,مابين
ہالي وڈ,مركز
ہالي وڈ,مسير
ہالي وڈ,نگار
ہالي وڈ,هاليوود
ہالي وڈ,هندي
ہالي وڈ,وسط
ہالي وڈ,چرخش
ہانك,توليدن
ہانك,خروشيدن
ہانك,دفع
ہانك,رانندگي
ہانك,طرد
ہانك,عرعر
ہانك,غلغلستان
ہانك,فرياد كردن
ہانك,پيشه
ہانك,گواهينامه رانندگي
ہانڈي,ابغوره
ہانڈي,اشپزي
ہانڈي,بارگنج
ہانڈي,تفور
ہانڈي,جعبه
ہانڈي,حلب
ہانڈي,خنور
ہانڈي,دان
ہانڈي,ديگدان
ہانڈي,رنديدن
ہانڈي,سفال
ہانڈي,سفالين
ہانڈي,شبستان
ہانڈي,ظرف
ہانڈي,فسنجان
ہانڈي,قابلمه
ہانڈي,كانتينر
ہانڈي,ميدان
ہانڈي,هيل
ہانڈي,پلو
ہانڈي,چايبر
ہانڈي,چاينك
ہانڈي,گلپر
ہانگ كانگ,اداره
ہانگ كانگ,استوني
ہانگ كانگ,اكسيتانيا
ہانگ كانگ,انطاكيه
ہانگ كانگ,ايالت
ہانگ كانگ,بخش
ہانگ كانگ,بدخشان
ہانگ كانگ,بلوچستان
ہانگ كانگ,تاكيد
ہانگ كانگ,تركيه
ہانگ كانگ,خاص
ہانگ كانگ,خاصه
ہانگ كانگ,خوره
ہانگ كانگ,سند
ہانگ كانگ,شهرستان
ہانگ كانگ,كالينينگراد
ہانگ كانگ,لاهه
ہانگ كانگ,مختص
ہانگ كانگ,مقدونيه
ہانگ كانگ,ويژه
ہانگ كانگ,ويژگي
ہانگ كانگ,گلگت-بلتستان
ہاٹ,بازار
ہاٹ,خريدار
ہاٹ,رواني
ہاٹ,كك
ہاٹ,كيك
ہاٹ,ماركيت
ہاٹ,معرض
ہاٹ,نرخ
ہاڑ,پنجابي
ہاں جي,اغا
ہاں جي,خانم
ہتيارا,ادمكش
ہتيارا,اعدام
ہتيارا,جاني
ہتيارا,فدائي
ہتيارا,قاتل
ہتيارا,قتل
ہتھيار,اسلحه
ہتھيار,جنگافزار
ہتھيار,جنگافزار هستهاي
ہتھيار,سلاح
ہتھيار,سلاح هستهاي
ہتھيار,سليح
ہتھيار,سنان
ہتھيار,فلاخن
ہتھيار,قوس
ہتھيار,يراق
ہتھيلي,قصب
ہتھيلي,كف
ہتھيلي,ليف
ہتھيلي,مخ
ہتھيلي,نخل
ہتھيلي,نخلستان
ہتھيلي,نخله
ہتھيلياں,قصب
ہتھيلياں,كف
ہتھيلياں,ليف
ہتھيلياں,مخ
ہتھيلياں,نخل
ہتھيلياں,نخلستان
ہتھيلياں,نخله
ہتھيليو,قصب
ہتھيليو,كف
ہتھيليو,ليف
ہتھيليو,مخ
ہتھيليو,نخل
ہتھيليو,نخلستان
ہتھيليو,نخله
ہتھيليوں,قصب
ہتھيليوں,كف
ہتھيليوں,ليف
ہتھيليوں,مخ
ہتھيليوں,نخل
ہتھيليوں,نخلستان
ہتھيليوں,نخله
ہجري,ثور
ہجري,جدي
ہجري,شمسي
ہجري,گاهشماري هجري خورشيدي
ہجوم,اردو
ہجوم,ازدحام
ہجوم,انبوه
ہجوم,بلوك
ہجوم,جماعت
ہجوم,جمع
ہجوم,جمعيت
ہجوم,جنجال
ہجوم,دنگل
ہجوم,شلوغي
ہجے,املا
ہخامنش,هخامنش
ہخامنشي,تخت جمشيد
ہخامنشي,شاهنشاهي هخامنشي
ہخامنشي,هخامنشي
ہخامنشي,پاسارگاد
ہدايت,ارشاد
ہدايت,تعليم
ہدايت,تلقين
ہدايت,حق
ہدايت,حقيقت
ہدايت,دروغ مصلحت اميز به از راست فتنه انگيز
ہدايت,راست
ہدايت,راست گفتن
ہدايت,راستي
ہدايت,راه
ہدايت,راهنمايي
ہدايت,رهبري
ہدايت,سالك
ہدايت,سبيل
ہدايت,سوي
ہدايت,صدق
ہدايت,مسلك
ہدايت,معرفت
ہدايت,معلمي
ہدايت,ميدان
ہدايت,هدايت
ہدايت,پند
ہدايت,چمن
ہدايت كار,اداره
ہدايت كار,باليوود
ہدايت كار,تاليوود
ہدايت كار,تهيه كردن
ہدايت كار,تهيهكننده
ہدايت كار,فيلم
ہدايت كار,فيلم سوپر
ہدايت كار,فيلمي
ہدايت كار,كارگردان
ہدايت كار,كليپ
ہدايت كار,مدير
ہدف,اماج
ہدف,بلوك
ہدف,درقه
ہدف,رگبار
ہدف,نشان
ہدف,هدف
ہرا,غوره
ہرا,چغاله
ہرانا,شكست
ہرانا,شكست دادن
ہرانا,مالوندن
ہرانا,مغلوب كردن
ہرجا,هرجا
ہرجائي,ابدال
ہرجائي,اواره
ہرجائي,تيره
ہرجائي,جنده
ہرجائي,حزب باد
ہرجائي,خان
ہرجائي,در به دري
ہرجائي,دله
ہرجائي,ساير
ہرجائي,سكاستان
ہرجائي,سلندر
ہرجائي,سيار
ہرجائي,عيار
ہرجائي,غيور
ہرجائي,كرد
ہرجائي,كوچ
ہرجائي,لكاته
ہرجائي,هرجا
ہرجائي,هرجايي
ہرجائي,ول
ہرجائي,ويلان
ہرجائي,پرسه
ہرجائي,پرسهزني
ہرجائي,پرچم
ہرن,اهو
ہرن,ايل
ہرن,بره
ہرن,شوكا
ہرن,غزال
ہرن,كل
ہرن,نافه
ہرن,نر
ہرن,نيليگاو
ہرن,گوزن
ہريالي,سبزي
ہريالي,سرسبز
ہريالي,نبات
ہرگز,تا به حال
ہرگز,كندوري
ہرگز,هرگز
ہرگز,هيچ
ہرگز,هيچوقت
ہرگز نہيں,بي خيال
ہرگز نہيں,تا به حال
ہرگز نہيں,كندوري
ہرگز نہيں,ماهي را هر وقت از اب بگيري تازه است
ہرگز نہيں,هرگز
ہرگز نہيں,هيچ
ہرگز نہيں,هيچوقت
ہرگز نہيں,هيچگاه
ہرگز نہيں,ولش كن
ہزار,بيور
ہزار,تومان
ہزار,شهرزاد
ہزار,شهريار
ہزار,لك
ہزار,هزار
ہستي,اقايي
ہستي,جنس
ہستي,خلق
ہستي,خنك
ہستي,روحيه
ہستي,رژيم صهيونيستي
ہستي,شخصيت
ہستي,عدد
ہستي,نهاد
ہسپاني,اسپانيايي
ہسپاني,اسپانيولي
ہسپاني,بدشگان
ہسپاني,صحراي غربي
ہسپانيہ,اذربايجان
ہسپانيہ,اسيا
ہسپانيہ,اسپانيا
ہسپانيہ,افريقا
ہسپانيہ,اكسيتانيا
ہسپانيہ,اندلس
ہسپانيہ,اندورا
ہسپانيہ,ايليريا
ہسپانيہ,بابل
ہسپانيہ,بينالنهرين
ہسپانيہ,تهران
ہسپانيہ,خراسان
ہسپانيہ,خمس
ہسپانيہ,خمسه
ہسپانيہ,خوره
ہسپانيہ,رم
ہسپانيہ,روم
ہسپانيہ,رومي
ہسپانيہ,زكات
ہسپانيہ,سيستان و بلوچستان
ہسپانيہ,صحراي غربي
ہسپانيہ,قيصر
ہسپانيہ,كاتالونيا
ہسپانيہ,ليسبون
ہسپانيہ,نسك
ہسپانيہ,نپتون
ہسپانيہ,هرمز
ہسپانيہ,هلند
ہسپانيہ,هندي
ہسپانيہ,واتيكان
ہسپانيہ,وند
ہسپانيہ,پانصد
ہسپانيہ,پرتغال
ہسپانيہ,پرتقال
ہسپانيہ,پرتگال
ہسپانيہ,پرتگالي
ہسپانيہ,پنج
ہسپانيہ,گاليا
ہسپانيہ,گاه
ہضم,گوارش
ہفتو,شنبه
ہفتو,هفته
ہفتوں,شنبه
ہفتوں,هفته
ہفتہ,ارايه
ہفتہ,ارزه
ہفتہ,ارم
ہفتہ,اسلحه
ہفتہ,اغوش
ہفتہ,افطار
ہفتہ,ايام
ہفتہ,باژ
ہفتہ,برگزار كردن
ہفتہ,ترخان
ہفتہ,جاز
ہفتہ,جانه
ہفتہ,جزگ
ہفتہ,جيد
ہفتہ,حبس كردن
ہفتہ,داشتن
ہفتہ,دريافتن
ہفتہ,رشوه
ہفتہ,روزكي
ہفتہ,روزي از روزها
ہفتہ,ساو
ہفتہ,سبعه
ہفتہ,سي
ہفتہ,شنبه
ہفتہ,شور
ہفتہ,صدق كردن
ہفتہ,صهيون
ہفتہ,طنز
ہفتہ,علاقه داشتن
ہفتہ,في
ہفتہ,كلنجار رفتن
ہفتہ,كوزه
ہفتہ,كيزه
ہفتہ,ماهور
ہفتہ,مرداد
ہفتہ,مل
ہفتہ,مناظره
ہفتہ,مهر
ہفتہ,موشعلي
ہفتہ,ميزان
ہفتہ,نشان
ہفتہ,نول
ہفتہ,نگه داشتن
ہفتہ,هجو
ہفتہ,هفت
ہفتہ,هفت اورنگ
ہفتہ,هفتسين
ہفتہ,هفتصد
ہفتہ,هفتم
ہفتہ,هفته
ہفتہ,يال
ہفتہ,يراق
ہفتہ,پس پريروز
ہفتہ,پسينفردا
ہفتہ,چله
ہفتہ,گاوصندوق
ہفتہ,گردن
ہفتہ,گرفتن
ہفتہ,گونه
ہفتے,شنبه
ہفتے,هفته
ہفوۃ,ازمون و خطا
ہفوۃ,اشتباه
ہفوۃ,اشتباه لپي
ہفوۃ,بارز
ہفوۃ,خطا
ہفوۃ,سر خوردن
ہفوۃ,سريدن
ہفوۃ,شخشيدن
ہفوۃ,غلط
ہفوۃ,لغزيدن
ہفوۃ,ليز خوردن
ہفوۃ,ياساق
ہكا بكا,اسيمه
ہكا بكا,اندروا
ہكا بكا,حيران
ہكا بكا,خيره
ہكا بكا,سراسيمه
ہكا بكا,كف كردن
ہكا بكا,مات
ہكا بكا,مبهوت
ہكا بكا,مدهوش
ہل,ال
ہل,برفروب
ہل,خيش
ہل,سپار
ہل چلانا,ال
ہل چلانا,برفروب
ہل چلانا,خيش
ہل چلانا,سپار
ہلاك,اتلاف
ہلاك,استكمال
ہلاك,اهريمن
ہلاك,اواره
ہلاك,برباد دادن
ہلاك,بربادي
ہلاك,تباه
ہلاك,تخريب
ہلاك,تلف
ہلاك,خراب
ہلاك,خراب كردن
ہلاك,خرابي
ہلاك,خراو
ہلاك,رفتني
ہلاك,سوختن
ہلاك,قاتل
ہلاك,مراد
ہلاك,مردني
ہلاك,مطلب
ہلاك,مطلوب
ہلاك,مقتول
ہلاك,ميرنده
ہلاك,هلاك
ہلاك,هلاك شدن
ہلاك,ويران
ہلاك,ويرانه
ہلاكت,اهريمن
ہلاكت,بربادي
ہلاكت,به ستوه اوردن
ہلاكت,تخريب
ہلاكت,تلف
ہلاكت,خرابي
ہلاكت,خستگي
ہلاكت,هلاك
ہلال,ماهچه
ہلال,هلال
ہلانا,تاب
ہلانا,هيلو
ہلكا,اسان
ہلكا,اي بابا
ہلكا,باريك
ہلكا,ترد
ہلكا,خوار
ہلكا,دقيق
ہلكا,راحت
ہلكا,ساده
ہلكا,سهل
ہلكا,سهل ممتنع
ہلكا,ظريف
ہلكا,معتدل
ہلكا,ملايم
ہلكا,ميسر
ہلكا,نازك
ہلكا,ناو
ہلكا,نرم
ہلكان,افگار
ہلكان,انديشيدن
ہلكان,به ستوه امدن
ہلكان,به ستوه اوردن
ہلكان,بي خيال
ہلكان,خستگي
ہلكان,خيره
ہلكان,دغدغه
ہلكان,دلواپسي
ہلكان,ستوه
ہلكان,سرشار
ہلكان,غريق
ہلكان,مستغرق
ہلكان,نگراني
ہلكان,گرفتار
ہلو,الفته
ہلو,اهسته
ہلو,سست
ہلو,كند
ہلو,يواش
ہم,استفهام انكاري
ہم,اعم از
ہم,اقلا
ہم,ال
ہم,اهل قلم
ہم,بدحجاب
ہم,برابر
ہم,به سلامت
ہم,تماشا
ہم,خاطب
ہم,خطيب
ہم,سكاستان
ہم,شنبليله
ہم,عيني
ہم,قصد
ہم,كمترين
ہم,كمين
ہم,كمينه
ہم,لوترا
ہم,مكه
ہم,منظور
ہم,هدف
ہم,همزبان
ہم,هميدون
ہم,همچنان
ہم,همچنين
ہم,وا
ہم,پارسي بان
ہم,گوينده
ہم,◌ؖ
ہم جنس پرست,فاعل
ہم جنس پرست,لزبين
ہم جنس پرست,لواط
ہم جنس پرست,لوطي
ہم جنس پرست,مفعول
ہم جنس پرست,همجنسباز
ہم جنس پرست,همجنسگرا
ہم جنس پرست,گي
ہم زلف,باجناق
ہم زلف,برادر شوهر
ہم زلف,تمكين
ہم زلف,داماد
ہم زلف,دنگل
ہم زلف,شاه
ہم زلف,مادرزن
ہم زلف,هيور
ہم زلف,پدرزن
ہم زلفو,باجناق
ہم زلفو,برادر شوهر
ہم زلفو,تمكين
ہم زلفو,داماد
ہم زلفو,دنگل
ہم زلفو,شاه
ہم زلفو,مادرزن
ہم زلفو,هيور
ہم زلفو,پدرزن
ہم زلفوں,باجناق
ہم زلفوں,برادر شوهر
ہم زلفوں,تمكين
ہم زلفوں,داماد
ہم زلفوں,دنگل
ہم زلفوں,شاه
ہم زلفوں,مادرزن
ہم زلفوں,هيور
ہم زلفوں,پدرزن
ہم عصر,قرين
ہم عصر,معاصر
ہمارا,ايورم
ہمارا,تان
ہمارا,تولدت
ہمارا,خود
ہمارا,شان
ہمارا,عزيزم
ہمارا,كان
ہمارا,مال
ہمارا,مان
ہمارا,معدن
ہمارا,مين
ہمارا,نغم
ہمارا,پا
ہماليہ,برخوردن
ہماليہ,بوتان
ہماليہ,جهانگير
ہماليہ,در طول
ہماليہ,درست
ہماليہ,كليات
ہماليہ,مواجه شدن
ہماليہ,هندوستان
ہماليہ,چادر شب
ہمايوں,اب
ہمايوں,اقدس
ہمايوں,امپراتوري
ہمايوں,اوت
ہمايوں,اگست
ہمايوں,اگوست
ہمايوں,خجسته
ہمايوں,خدايي
ہمايوں,خوباني
ہمايوں,خوشا
ہمايوں,خوشبخت
ہمايوں,روزبه
ہمايوں,شادروان
ہمايوں,شاهنشاهي
ہمايوں,فرخ
ہمايوں,فرخنده
ہمايوں,كامران
ہمايوں,مبارك
ہمايوں,متبرك
ہمايوں,همايون
ہماہمي,استكبار
ہماہمي,برتني
ہماہمي,خودپسندي
ہماہمي,دماغ
ہماہمي,عجب
ہمت,جنم
ہمت,خايه
ہمت,دل
ہمت,زهره
ہمت,شجاعت
ہمت,شهامت
ہمت,كنداوري
ہمجنسيت,همجنسگرايي
ہمسفر,بابا
ہمسفر,خيانت
ہمسفر,خيانت كردن
ہمسفر,رفيق
ہمسفر,زوج
ہمسفر,سياح
ہمسفر,قرين
ہمسفر,لوطي
ہمسفر,مسافر
ہمسفر,نفر
ہمسفر,همبازي
ہمسفر,همراه
ہمسفر,همسر
ہمسفر,هيوادوال
ہمنوائي,توافق
ہمنوائي,سازگاري
ہميشگي,ابد
ہميشگي,ازل
ہميشہ,ابدي
ہميشہ,تا به حال
ہميشہ,جاود
ہميشہ,جاودان
ہميشہ,جاويد
ہميشہ,حيوان
ہميشہ,شاهد
ہميشہ,شبانهروز
ہميشہ,كندوري
ہميشہ,ماندگار
ہميشہ,هرگز
ہميشہ,همش
ہميشہ,همواره
ہميشہ,هميشه
ہميشہ,هي
ہميشہ,هيچ
ہميشہ,هيچوقت
ہميشہ,پيوسته
ہند كي,افت
ہند كي,افت كردن
ہند كي,تبار
ہند كي,ترنج
ہند كي,خفيف
ہند كي,فسنجان
ہند كي,قدسي
ہند كي,قرمز
ہند كي,يافت شدن
ہند كي,يان
ہند كي,پشت
ہند كي,پيشاور
ہندسوں,انگشت
ہندسوں,رقم
ہندسوں,شمار
ہندسوں,شماره
ہندسوں,عدد
ہندسہ,انگشت
ہندسہ,رقم
ہندسہ,شمار
ہندسہ,شماره
ہندسہ,عدد
ہندسہ,نمبر
ہندسہ,هندسه
ہندسے,انگشت
ہندسے,رقم
ہندسے,شمار
ہندسے,شماره
ہندسے,عدد
ہندو,برق انداز
ہندو,بنارس
ہندو,بهافريدي
ہندو,تاج محل
ہندو,تاجمحل
ہندو,جهانگير
ہندو,خان
ہندو,درباره
ہندو,درمورد
ہندو,راجع
ہندو,راجع به
ہندو,سر
ہندو,سياهپوش
ہندو,شاگرد
ہندو,عائد به
ہندو,قزلباش
ہندو,مريد
ہندو,هندو
ہندو,پرست
ہندو,گوركاني
ہندوستان,فوجدار
ہندوستاني,اراكي
ہندوستاني,اهل
ہندوستاني,باشنده
ہندوستاني,بنگالي
ہندوستاني,رازي
ہندوستاني,ساكن
ہندوستاني,مشهدي
ہندوستاني,مقيم
ہندوستاني,هندو
ہندوستاني,هندوستاني
ہندوستاني,گجراتي
ہندوكش,باختر
ہندوكش,كابل
ہندوكش,هندوكش
ہندومت,بنارس
ہندومت,هندو
ہندوي,بيفرهنگ
ہندوي,عرب پرست
ہندوي,فرهنگ
ہندوي,كولتور
ہندوي,هندوستاني
ہندي,ارمن
ہندي,ارمنستان
ہندي,از قضا
ہندي,استعاره
ہندي,اسياي غربي
ہندي,اشتباه لپي
ہندي,ال
ہندي,انا لله و انا اليه راجعون
ہندي,بابل
ہندي,تيخ
ہندي,تيغ
ہندي,جمهوري ارمنستان
ہندي,حمايل
ہندي,دارا
ہندي,دشنه
ہندي,ذوالفقار
ہندي,روم
ہندي,زبان
ہندي,زبان مادري
ہندي,زبانه
ہندي,زنار
ہندي,زوان
ہندي,زوو
ہندي,زڤان
ہندي,سواد
ہندي,شمشير
ہندي,طبق
ہندي,عربستان
ہندي,عملي
ہندي,غيبه
ہندي,فانوسقه
ہندي,فولاد
ہندي,كمر
ہندي,كمربند
ہندي,كوبا
ہندي,لسان
ہندي,لوكزامبورگ
ہندي,مبتني
ہندي,متعلق بودن
ہندي,مدل
ہندي,مستند
ہندي,منطقه
ہندي,ناحيه
ہندي,نسخه
ہندي,هاماوران
ہندي,هرچه بادا باد
ہندي,هميان
ہندي,هندواريايي
ہندي,هندوستاني
ہندي,هندي
ہندي,پلارك
ہندي,پولاد
ہندي,پولادي
ہندي,چكاچاك
ہنديہ,برق انداز
ہنديہ,تاج محل
ہنديہ,تاجمحل
ہنديہ,جهانگير
ہنديہ,خان
ہنديہ,گوركاني
ہنزلو,كاخ باكينگهام
ہنزلو,لندن
ہنسا,اذيت
ہنسا,اسيب
ہنسا,اشتلم
ہنسا,بطش
ہنسا,حروم
ہنسا,خسران
ہنسا,خشونت
ہنسا,خشونت خانگي
ہنسا,ذبح
ہنسا,زور
ہنسا,زيان
ہنسا,سلاخي
ہنسا,شرارت
ہنسا,صدمه
ہنسا,ضرر
ہنسا,عداوت
ہنسا,عنف
ہنسا,كشتار
ہنسا,كشتگي
ہنسا,كين
ہنسا,مضرت
ہنسا,گزاييدن
ہنسا,گزند
ہنساتمك,جلاد
ہنساتمك,دژاگاه
ہنساتمك,روش
ہنساتمك,زوش
ہنساتمك,شديد
ہنساتمك,شيرفش
ہنساتمك,هوس
ہنساتمك,چيره
ہنسنا,خنداندن
ہنسنا,خندسن
ہنسنا,خنده
ہنسنا,خنديدن
ہنڈار,گرگ
ہنڈي,انتقال
ہنڈي,حواله
ہنڈي,سياهه
ہنڈي,قبض
ہنڈي,لايحه
ہنڈي,نوك
ہنڈي,نول
ہنڈي,چك
ہنگامي,اضطراري
ہنگامي,امبولانس
ہنگامي,اورژانس
ہنگامي,خروج اضطراري
ہنگامي,دستي
ہنگامي,زماني
ہنگامي,سرابستان
ہنگامي,صيغه
ہنگامي,فاني
ہنگامي,قرص اورژانسي
ہنگامي,مبرم
ہنگامي,منزل
ہنگامي,موقت
ہنگامي,هوس
ہنہنانا,شنه
ہنہنانا,شيهه
ہنہناہٹ,شنه
ہنہناہٹ,شيهه
ہوا,دمه
ہوا,سوز
ہوا,صبا
ہوا,نسيم
ہوا چھوڑنا,ايلا كو
ہوا چھوڑنا,رها كردن
ہوا چھوڑنا,منتشر كردن
ہوا چھوڑنا,هشتن
ہوا چھوڑنا,ول كردن
ہوا چھوڑنا,يله كن
ہوا چھوڑنا,چس
ہوا چھوڑنا,گوز
ہوا چھوڑنا,گوز دادن
ہوا چھوڑنا,گوزيدن
ہوائي,هوايي
ہوائي اڈا,فرودگاه
ہوائي اڈا,ميدان هوايي
ہوائي اڈا,گيت
ہوائي اڈہ,فرودگاه
ہوائي اڈہ,ميدان هوايي
ہوائي اڈہ,گيت
ہوائي جہاز,طياره
ہوائي جہاز,فروند
ہوائي جہاز,هواپيما
ہوائي جہاز,پهپاد
ہوتا,جقي
ہوس,از
ہوس,حرص
ہوس,شهوت
ہوس,شوق
ہوس,طمع
ہوس,كنجكاوي
ہوس,هوس
ہوسيع,ادريس
ہوسيع,زليخا
ہوسيع,صهيون
ہوسيع,قارون
ہوش,اگاهي
ہوش,حال
ہوش,سنكوپ
ہوش,هشياري
ہوش,وقوف
ہوشنگ,هوشنگ
ہوشوں,اگاهي
ہوشوں,حال
ہوشوں,سنكوپ
ہوشوں,هشياري
ہوشوں,وقوف
ہوشيار,باهوش
ہوشيار,تيز
ہوشيار,ذكيه
ہوشيار,زبل
ہوشيار,زرنگ
ہوشيار,زيرك
ہوشيار,ظريف
ہوشيار,موبايل
ہوشيار,هوشيار
ہوشيار,چالاك
ہوشيع,ادريس
ہوشيع,زليخا
ہوشيع,صهيون
ہوشيع,قارون
ہون,ابتدائي
ہون,الت
ہون,دبستان
ہون,درون
ہون,دستنماز
ہون,زنجيرزني
ہون,سينه زني
ہون,عادت
ہون,غسل
ہون,متوضا
ہون,هاون
ہون,وضو
ہون,گاه
ہونا,اتفاق افتادن
ہونا,افتادن
ہونا,ال
ہونا,اندروا
ہونا,باده
ہونا,بايد
ہونا,بايست
ہونا,بايستن
ہونا,به وقوع پيوستن
ہونا,بودن
ہونا,بيدن
ہونا,تمنا
ہونا,جام زهر
ہونا,حاجت
ہونا,خطور كردن
ہونا,خواستن
ہونا,خوش به حال
ہونا,در كار بودن
ہونا,رخ دادن
ہونا,روي دادن
ہونا,فرض
ہونا,كار داشتن
ہونا,له
ہونا,محتاج
ہونا,ميخوام بدونم
ہونا,ميل داشتن
ہونا,نياز
ہونا,وجود داشتن
ہونا,پيش امدن
ہونا,◌ؖ
ہوٹل,رستوران
ہوٹل,رستورانت
ہوٹل,سفرهخانه
ہوٹل,فست فود
ہوٹل,مهمان
ہوٹل,مهمانخانه
ہوٹل,هتل
ہوٹل,هوتل
ہوٹل,پذيرش
ہوٹل,پرس
ہوڑ,گرو
ہي,تاكيد
ہي,حسابي
ہيجڑا,ابي
ہيجڑا,اغا
ہيجڑا,بددل
ہيجڑا,بچه كوني
ہيجڑا,بچهكوني
ہيجڑا,خواجه
ہيجڑا,فاعل
ہيجڑا,كوني
ہيجڑا,لزبين
ہيجڑا,لواط
ہيجڑا,لوطي
ہيجڑا,مفعول
ہيجڑا,نامرد
ہيجڑا,هجرت
ہيجڑا,همجنسباز
ہيجڑا,همجنسگرا
ہيجڑا,گي
ہير,افسانه
ہير,الماس
ہير,اگست
ہير,تماشا
ہير,جانه
ہير,دلبر
ہير,دوستي
ہير,دوستيابي
ہير,رل
ہير,سمر
ہير,سينگل
ہير,صميم
ہير,عاشقانه
ہير,عشق
ہير,قرار
ہير,كات
ہير,مخلص
ہير,پارتنر
ہير,پنجابي
ہيرا,ارجمند
ہيرا,افضل
ہيرا,الماس
ہيرا,باريك
ہيرا,ترد
ہيرا,تك
ہيرا,دقيق
ہيرا,دهنه
ہيرا,ظريف
ہيرا,عزيز
ہيرا,قلاده
ہيرا,قيمتي
ہيرا,كندوري
ہيرا,نازك
ہيرا,نفيس
ہيرا,واحد
ہيرا,يشم
ہيرا,يكتا
ہيرا,يگانه
ہيرا,پارسا
ہيرا,چينود
ہيرا,گرامي
ہيرا,گرانبها
ہيرا,گردن بند
ہيرا,گردنبند
ہيضہ,وبا
ہينسنا,شنه
ہينسنا,شيهه
ہٹ دھرم,سرسخت
ہٹ دھرم,سمج
ہٹ دھرم,مريد
ہٹا كٹا,ستنبه
ہچكنا,استخاره كردن
ہچكنا,ترديد داشتن
ہچكنا,ترديد كردن
ہچكنا,زوركي
ہچكنا,ماندن
ہچكنا,مندن
ہچكي,اذيت
ہچكي,سيكتير
ہڈي,است
ہڈي,استخوان
ہڈي,زند
ہڈي,عظم
ہڑبڑاہٹ,اشتو
ہڑبڑاہٹ,بجنب
ہڑبڑاہٹ,ديده
ہڑبڑاہٹ,عجله
ہڑبڑاہٹ,مبادرت
ہڑتال,اصابت
ہڑتال,اعتصاب
ہڑتال,اعتصاب غذا
ہڑتال,بطش
ہڑتال,خطور كردن
ہڑتال,زدن
ہڑتال,كوفتن
