hebrew,greek,count
יהוה,κυριοσ,2881
מלכ,βασιλευσ,1150
בנ,υιοσ,1097
ישראל,ισραηλ,973
עמ,λαοσ,803
בני,υιοσ,783
אלהימ,θεοσ,704
דוד,δαυιδ,691
אלה,θεοσ,647
אמר,λεγω,534
יומ,ημερα,526
שמ,ονομα,504
שמ,εκει,363
שאול,σαυλοσ,358
יד,χειρ,349
משה,μωυσησ,341
הנה,ιδου,334
יהי,γιγνομαι,332
מצרימ,αιγυπτοσ,324
בית,οικοσ,322
נפש,ψυχη,316
יכ,θεοσ,308
אבי,πατηρ,302
יכמ,υμω,295
דרכ,οδοσ,289
יעקב,ιακωβ,280
איש,ανηρ,272
עשה,ποιεω,271
עיר,πολισ,268
יד,χει,267
ינו,ημω,262
אדנ,κυριοσ,255
שמימ,ουρανοσ,252
פנ,προσωπον,241
פרעה,φαραω,229
מימ,υδωρ,224
עולמ,αιω,216
אח,αδελφοσ,214
כמ,υμω,213
הר,οροσ,212
קול,φωνη,210
עינ,οφθαλμοσ,207
איש,ανθρωποσ,204
לב,καρδια,204
דבר,λαλεω,201
אלהי,θεοσ,199
דבר,λογοσ,197
נו,ημω,195
פני,προσωπον,191
יומ,σημερον,191
אשה,γυνη,185
בינ,μεσοσ,184
אחי,αδελφοσ,183
שלמה,σολομων,182
עבד,παισ,179
דויד,δαυιδ,178
יוספ,ιωσηφ,172
נתנ,διδωμι,170
ירושלמ,ιεροσολυμα,169
מאד,σφοδρα,166
אברהמ,αβρααμ,164
כנ,ουτω(σ),163
קדש,αγιοσ,162
יהוה,θεοσ,159
יהודה,ιουδασ,159
ימימ,ημερα,156
אדמ,ανθρωποσ,156
מקומ,τοποσ,155
חסד,ελεοσ,154
כמ,υμι,153
ברית,διαθηκη,150
לבב,καρδια,149
יקח,λαμβανω,147
אהרנ,ααρων,147
נו,ημι,146
ימ,θαλασσα,142
יואב,ιωαβ,141
זרע,σπερμα,140
לחמ,αρτοσ,140
נו,ημα,140
יו,υιοσ,139
אשת,γυνη,138
מזבח,θυσιαστηριον,137
ראש,κεφαλη,132
בת,θυγατηρ,130
שמואל,σαμουηλ,130
אב,πατηρ,129
עשית,ποιεω,127
יתנ,διδωμι,127
מלחמה,πολεμοσ,125
כמ,υμα,122
מדבר,ερημοσ,122
כספ,αργυριον,121
יקרא,καλεω,120
צאנ,προβατον,117
יו,αδελφοσ,115
עשות,ποιεω,114
זהב,χρυσιον,113
אבת,πατηρ,113
לילה,νυξ,111
אדני,κυριοσ,111
בקר,πρωι,110
יעש,ποιεω,110
גדול,μεγασ,110
פלשתימ,αλλοφυλοσ,109
אלה,ημω,108
אלה,ταυ,107
גוימ,εθνοσ,107
יצחק,ισαακ,104
ינו,θεοσ,103
עבד,δου,103
מלכות,βασιλεια,102
טוב,αγαθοσ,101
ישלח,αποστελλω,100
פי,στομα,99
שנה,ετοσ,98
מצרימ,αιγυπτιοσ,98
רוח,πνευ,97
שני,δυο,96
ילכ,πορευομαι,95
שלומ,ειρηνη,94
רבימ,πολυσ,94
כבוד,δοξα,94
יאמר,λεγω,92
תעשה,ποιεω,92
ציונ,σιων,92
יכ,προσωπον,91
עשרימ,εικοσι,91
פני,ενωπιον,91
עבד,δουλοσ,91
שדה,αγροσ,90
הנ,ιδου,90
שמע,ακουω,90
אהל,σκηνη,89
איש,εκαστοσ,89
ארונ,κιβωτοσ,89
רגל,πουσ,87
ימינ,δεξιοσ,87
אבשלומ,αβεσσαλωμ,87
פנ,ενωπιον,86
פני,εναντιον,85
עשו,ησαυ,84
אחרי,οπισω,84
תוכ,μεσοσ,83
אמ,μητηρ,83
ידבר,λαλεω,83
אתמ,υμει,82
משפט,κρισισ,82
אלפ,χιλιασ,82
יו,προσωπον,80
ימת,αποθνησκω,79
הוליד,γενναω,79
ימי,ημερα,78
יצא,εξεστι,78
בנות,θυγατηρ,78
בנימ,υιοσ,77
אש,πυρ,77
יהונתנ,ιωναθαν,73
נתתי,διδωμι,72
יכמ,θεοσ,71
היה,γιγνομαι,70
מות,θανατοσ,69
שנימ,δυο,69
אנשימ,ανηρ,69
ירדנ,ιορδανησ,69
עת,καιροσ,69
מעשה,εργον,68
צדק,δικαιοσυνη,68
רע,πονηροσ,66
שמר,φυλασσω,66
כסא,θρονοσ,66
סלה,διαψαλμα,66
רע,πλησιον,65
עשר,δεκα,65
נער,παιδαριον,65
דברי,λογοσ,65
בשר,σαρξ,64
חיל,δυναμισ,64
ידע,γιγνωσκω,63
יעשה,ποιεω,63
מצות,εντολη,63
אלה,υμω,63
אנשי,ανηρ,62
מחנה,παρεμβολη,62
יברכ,ευλογεω,61
אברמ,αβραμ,61
יכ,πατασσω,61
כח,ισχυσ,60
הרימ,οροσ,60
נביא,προφητησ,60
עשו,ποιεω,59
בית,οικια,59
אמת,αληθεια,59
איב,εχθροσ,59
אבנ,λιθοσ,58
תלד,τικτω,58
יו,παισ,58
יענ,αποκρινω,58
תורת,νομοσ,58
פלשתימ,αλλοφυλοι,58
יקמ,ανιστημι,57
שתי,δυο,57
יד,χειρω,57
ימימ,ημερω,57
קל,φωνη,56
חרב,ρομφαια,56
שלשימ,τριακοντα,56
רב,πολυσ,56
ישמע,ακουω,56
אבנר,αβεννηρ,56
מנצח,τελοσ,56
ארבעימ,τεσσαρακοντα,55
יבא,ισοσ,55
גוי,εθνοσ,55
יכ,οφθαλμοσ,55
ינו,ημα,55
עצ,ξυλον,54
גוימ,εθνω,54
לכת,πορευομαι,54
מלאכ,αγγελοσ,54
צדיק,δικαιοσ,53
כנענ,χανααν,53
ירד,καταβαινω,53
כהנ,ιερευσ,53
כה,ουτω(σ),53
שנה,ενιαυτοσ,53
ימלכ,βασιλευω,53
מלכ,βασιλευω,53
קדוש,αγιοσ,53
עיני,εναντιον,52
תהי,γιγνομαι,52
שבע,επτα,52
אעשה,ποιεω,51
תת,δου,51
ני,ιδου,51
שמש,ηλιοσ,51
בנ,τεκνον,51
שער,πυλη,51
לבנ,λαβαν,51
צבאות,σαβαωθ,51
צוה,εντελλω,50
שלח,αποστελλω,50
בנימנ,βενιαμιν,50
מלכי,βασιλευσ,49
מואב,μωαβ,49
סביב,κυκλω,49
אפרימ,εφραιμ,49
משפט,κριμα,49
שלשה,τρει,48
חברונ,χεβρωμ,48
בא,ερχομαι,48
שמנ,ελαιον,48
רכב,αρμα,48
משכנ,σκηνη,48
מזמור,ψαλμοσ,48
בד,μονοσ,47
מאה,εκατον,47
חדש,μεισ,47
ארמ,συρια,47
שמי,ουρανοσ,47
יכ,πατηρ,46
ערימ,πολισ,46
ארבעה,τεσσαρεσ,45
יעשו,ποιεω,45
דור,γενεα,45
עלה,αναβαινω,45
שמעו,ακουω,45
חרב,μαχαιρα,45
רחל,ραχηλ,45
מספר,αριθμοσ,45
אלופ,ηγεμων,45
נהר,ποταμοσ,44
עשרה,δεκα,44
ארבע,τεσσαρεσ,44
עמד,ιστημι,44
עבדי,παισ,44
יכ,ενωπιον,44
אפ,οργη,44
כהנימ,ιερευσ,44
מגרש,περισπορια,44
ערב,εσπερα,43
שני,δευτεροσ,43
נח,νωε,43
יכ,υιοσ,43
הו,πλησιον,43
יו,οφθαλμοσ,43
מלכימ,βασιλευσ,43
גלעד,γαλααδ,43
יכ,υμω,43
תמיד,πασ,43
אחאב,αχααβ,43
יה,περισπορια,43
יולד,γενναω,42
דמ,αιμα,42
יעל,αναβαινω,42
בנת,θυγατηρ,42
דברימ,λογοσ,42
אפ,θυμοσ,42
ירבעמ,ιεροβοαμ,42
שדה,πεδιον,41
חמש,πεντε,41
שנימ,ετοσ,41
חמשימ,πεντηκοντα,41
שרי,αρχων,41
ראה,οραω,41
חטאת,αμαρτια,41
לוי,λευι,41
ספר,βιβλιον,41
שלחנ,τραπεζα,41
עמונ,αμμων,41
אליהו,ηλιοσ,41
יאכל,εσθιω,40
עולמ,αιωνιοσ,40
אתנ,διδωμι,40
יאמרו,λεγω,40
מת,θνησκω,40
דר,γενεα,40
אויב,εχθροσ,40
גדולה,μεγασ,40
טוב,καλοσ,39
קרא,καλεω,39
נחשת,χαλκοσ,39
עשיתי,ποιεω,39
כלי,σκευοσ,39
צדקת,δικαιοσυνη,39
רשעימ,αμαρτωλοσ,39
נבוכדנצר,ναβουχοδονοσορ,39
תאכל,εσθιω,38
חנ,χαρισ,38
פנ,εναντιον,38
רעב,λιμοσ,38
אלהימ,κυριοσ,38
ירא,φοβεω,38
מנשה,μανασσησ,38
הלכ,πορευομαι,37
אכל,εσθιω,37
לקח,λαμβανω,37
מעש,εργον,37
ערי,πολισ,37
דברימ,ρημα,37
באר,φρεαρ,37
פנ,εμπροσθεν,37
יו,κυριοσ,37
זהב,χρυσοσ,37
ראו,οραω,37
אהב,αγαπαω,37
יאר,ποταμοσ,37
יו,πατηρ,37
טובה,αγαθοσ,37
מלאכה,εργον,37
נתנ,ναθαν,37
צדוק,σαδωκ,37
צלמ,εικων,36
יבנ,οικοδομεω,36
חי,ζωη,36
יצא,εξερχομαι,36
ברוכ,ευλογητοσ,36
שרה,σαρρα,36
רעה,κακοσ,36
קרנ,κερασ,36
זהב,χρυσεοσ,36
אבנימ,λιθοσ,36
חלמ,ενυπνιον,36
שר,αρχων,36
נחלת,κληρονομια,36
יו,σκευοσ,36
מועד,μαρτυριον,36
תחת,υποκατω,35
פנ,μηποτε,35
עצי,ξυλον,35
שבעת,επτα,35
מענ,οπωσ,35
צדקה,δικαιοσυνη,35
תקח,λαμβανω,35
אמרת,λεγω,35
הכה,πατασσω,35
עמימ,λαοσ,35
נשימ,γυνη,34
קח,λαμβανω,34
גבול,οριον,34
אנחנו,ημει,34
ילדה,τικτω,34
ישתחו,προσκυνεω,34
לכ,πορευομαι,34
ישב,καθιζω,34
שמעי,σεμει,34
צפונ,βορρασ,34
אנש,ανηρ,34
חשכ,σκοτοσ,33
עיני,οφθαλμοσ,33
בא,εισερχομαι,33
יכמ,υμα,33
עננ,νεφελη,33
לוט,λωτ,33
עינ,εναντιον,33
מענ,ενεκα,33
אלפ,χιλιοι,33
בכור,πρωτοτοκοσ,33
איב,εχθρω,33
פני,εναντι,33
אלפימ,χιλιασ,33
חצי,ημισυσ,33
חצר,αυλη,33
יו,ενωπιον,33
ישי,ιεσσαι,33
יונתנ,ιωναθαν,33
אשור,ασσυριοσ,32
שמות,ονομα,32
ידעו,γιγνωσκω,32
שבעה,επτα,32
יבאו,ερχομαι,32
מלאכימ,αγγελοσ,32
שער,πολισ,32
רב,πλη,32
עמימ,εθνοσ,32
ארונ,κιβωτος,32
עלי,ηλι,32
ימ,ημερα,31
פתח,θυρα,31
אחרימ,ετεροσ,31
חוצ,εξω,31
אנשימ,ανθρωποσ,31
חמשה,πεντε,31
נשבע,ομνυμι,31
אבות,πατηρ,31
יהמ,αδελφοσ,31
יהמ,θεοσ,31
אשרי,μακαριοσ,31
משיח,χριστοσ,31
יו,ανηρ,31
אבות,πατριω,31
לשונ,γλω,31
פשר,συγκρισισ,31
שנית,δευτεροσ,30
כרמ,αμπελοσ,30
בקר,βουσ,30
קומ,ανιστημι,30
יגד,απαγγελλω,30
רק,πλην,30
היתה,γιγνομαι,30
ילכ,απειμι,30
לקחת,λαμβανω,30
עמלק,αμαληκ,30
מת,αποθνησκω,30
תורה,νομοσ,30
קהל,εκκλησια,30
יכ,εντολη,30
שלישי,τριτοσ,29
ישמ,τιθημι,29
יצו,εντελλω,29
תתנ,διδωμι,29
ידעתי,γιγνωσκω,29
יהיו,γιγνομαι,29
דנ,δαν,29
קראת,συναντησις,29
יכ,εχθροσ,29
יפל,πιπτω,29
ישב,καθημαι,29
אבימלכ,αβιμελεχ,29
בגד,ιματιον,29
ידעת,γιγνωσκω,29
רעה,κακια,29
ינו,πατηρ,29
זרוע,βραχιων,29
מטה,φυλη,29
עינ,ενωπιον,29
אביתר,αβιαθαρ,29
יהושפט,ιωσαφατ,29
ראש,αρχων,29
אספ,ασαφ,29
יקחו,λαμβανω,28
בשר,κρεασ,28
ארצ,χωρα,28
גד,γαδ,28
יכ,παισ,28
עבר,περαν,28
רוח,πνευμα,28
חק,δικαιωμα,28
מצו,εντελλω,28
נגב,νοτοσ,28
בבל,βαβυλω,28
יהיה,γιγνομαι,27
אדמ,αδαμ,27
ישמעו,ακουω,27
שבעימ,εβδομηκοντα,27
אות,σημειον,27
מאתימ,διακοσιοι,27
זבח,θυσια,27
סוס,ιπποσ,27
חג,εορτη,27
צוה,συντασσω,27
בשנ,βασαν,27
ראשי,αρχων,27
שבע,βηρσαβεε,27
יהודה,ιουδαια,27
עצת,βουλη,27
חיות,θηριον,27
מנ,μεροσ,27
אנש,ανθρωποσ,27
רביעי,τεταρτοσ,26
דעת,γιγνωσκω,26
אכל,φαγει,26
אמה,πηχυσ,26
שלשת,τρει,26
ילכו,πορευομαι,26
יהמ,προσωπον,26
סדמ,σοδομα,26
אחת,αδελφη,26
עמימ,εθνω,26
עשר,δωδεκα,26
ברכ,ευλογεω,26
פנימ,προσωπον,26
זקני,πρεσβυσ,26
צבאות,δυναμισ,26
עשר,δυο,26
קרב,μεσοσ,26
יכ,πολισ,26
היכל,ναοσ,26
גת,γεθ,26
אמנונ,αμνος,26
צבא,δυναμισ,26
תפלת,προσευχη,26
שביעי,εβδομοσ,25
עלמ,αιω,25
חלב,στεαρ,25
בא,ηκω,25
יינ,οινοσ,25
ישבו,κατοικεω,25
יכ,εναντιον,25
רשת,κληρονομη,25
כנ,ταυ,25
דבר,ρημα,25
ישכב,κοιμαομαι,25
ראובנ,ρουβην,25
כפ,χει,25
שאול,αιδησ,25
דבש,μελι,25
ימצא,ευρισκω,25
ישב,επιστρεφω,25
נגד,ενωπιον,25
יכ,δικαιωμα,25
שנימ,δεκα,25
אונ,ανομια,25
שדרכ,σεδραχ,25
מישכ,μισαχ,25
עבד,αβδεναγω,25
תלכ,πορευομαι,24
ברזל,σιδηροσ,24
אחות,αδελφη,24
ששימ,εξηκοντα,24
צו,εντελλω,24
בית,βαιθηλ,24
יחדו,αμα,24
חיק,κολποσ,24
יאכלו,εσθιω,24
הוציא,εξαγω,24
קטנ,μικροσ,24
ישבי,κατοικου,24
חמור,ονοσ,24
רבקה,ρεβεκκα,24
עבד,θεραπων,24
רע,κακοσ,24
בקר,βοω,24
עמ,ημω,24
פנ,υμω,24
ידברו,λαλεω,24
שבת,σαββατον,24
שש,βυσσου,24
אמרת,λογιον,24
בנות,οικοδομη,24
הללו,αινεω,24
פרזל,σιδηροσ,24
נור,πυρ,24
ראות,ιδει,23
תאכלו,εσθιω,23
שמעתי,ακουω,23
ארור,επικαταρατοσ,23
ישלח,εξαποστελλω,23
יראו,οραω,23
אכ,πλην,23
קשת,τοξον,23
גדלה,μεγασ,23
ישב,κατοικεω,23
שעיר,σηιρ,23
יספ,προστιθημι,23
ילד,παιδιον,23
נאמ,λεγω,23
ישתחוו,προσκυνεω,23
מחר,αυριον,23
נגד,εναντιον,23
יו,θεοσ,23
זכר,μιμνησκω,23
אבת,ημω,23
יעמד,ιστημι,23
אחרית,εσχατοσ,23
מטר,υετοσ,23
יוממ,ημερα,23
יו,εντολη,23
יו,οδοσ,23
אנוש,ανθρωποσ,23
נגו,αβδεναγω,23
עשב,χορτοσ,22
פרי,καρποσ,22
חיימ,ζωη,22
שמעת,ακουω,22
נש,γυνη,22
ירא,ειδον,22
עליונ,υψιστοσ,22
חלק,μερισ,22
תקרא,καλεω,22
שנימ,δωδεκα,22
שה,προβατον,22
יראה,οραω,22
דברי,ρημα,22
אדומ,εδωμ,22
צאנ,ποιμνιον,22
קרח,κορε,22
רעה,πονηροσ,22
חלומ,ενυπνιον,22
שלל,σκυ,22
משכב,κοιτη,22
צדיקימ,δικαιοσ,22
ארגמנ,πορφυρα,22
טהור,καθαροσ,22
עדת,μαρτυρια,22
יבחר,εκλεξηται,22
בעז,βουσ,22
עיני,ενωπιον,22
הדד,αδερ,22
אסא,ασα,22
חזקיהו,εζεκιασ,22
היו,γιγνομαι,21
בא,ισοσ,21
יו,οπισω,21
יוכל,δυναμαι,21
תירא,φοβοσ,21
איל,κριοσ,21
רב,πληθοσ,21
ישמעאל,ισμαηλ,21
מערה,σπηλαιον,21
יו,πουσ,21
יו,εναντιον,21
קחת,λαβει,21
יכ,κυριοσ,21
רב,μεγασ,21
יו,χει,21
אבני,λιθοσ,21
שמחה,ευφροσυνη,21
אלמנה,χηρα,21
לוא,ουχι,21
יעמדו,ιστημι,21
אריה,λεων,21
אלעזר,ελεαζαρ,21
יה,κυριοσ,21
קדשימ,αγιοσ,21
שבט,φυλη,21
עונ,ανομια,21
כמ,καρδια,21
בקש,ζητεω,21
המית,θανατοσ,21
אמנ,γιγνομαι,21
צור,θεοσ,21
נעמי,νωεμιν,21
איש,ανδρω,21
תבל,οικουμενη,21
עז,δυναμισ,21
מלאכת,εργον,20
בנימ,τεκνον,20
מאת,εκατον,20
מאות,τριακοσιοι,20
שנה,ετω,20
שפחת,παιδισκη,20
גמלימ,καμηλοσ,20
עונ,αμαρτια,20
חלב,γαλα,20
איה,που,20
שכב,κοιμαομαι,20
עמ,υμω,20
שמע,ακεομαι,20
ברכה,ευλογια,20
נפתלי,νεφθαλι,20
אתנה,διδωμι,20
מררי,μεραρει,20
ברד,χαλαζα,20
עדת,συναγωγη,20
עצמות,οστεον,20
צור,πετρα,20
תולעת,κοκκινοσ,20
אדנ,βασισ,20
יהמ,βασισ,20
עני,πτωχοσ,20
חנית,δορυ,20
בשת,αισχυνη,20
אכיש,αγχουσ,20
נבל,ναβαλ,20
הדדעזר,αδρααζαρ,20
יהוידע,ιωδαε,20
אחיתפל,αχιτοφελ,20
שרימ,αρχων,20
חנ,ελεεω,20
נפלאות,θαυμασιοσ,20
דרת,γενεα,19
ראשונ,πρωτοσ,19
בכר,πρωτοτοκοσ,19
שכמ,συχεμ,19
אכל,βρωμα,19
מאות,τετρακοσιοι,19
מועד,καιροσ,19
מעט,μικροσ,19
ברכת,ευλογια,19
שמעונ,συμεων,19
ראש,αρχη,19
נמצא,ευρισκω,19
יכמ,πατηρ,19
עשיתמ,ποιεω,19
יהמ,υιοσ,19
עמ,εθνοσ,19
גר,προσηλυτοσ,19
שנ,οδουσ,19
טבעת,δακτυλιουσ,19
נחשת,χαλκεοσ,19
קיש,κισ,19
צרה,θλιψισ,19
אבישי,αβεσσα,19
ענה,αποκρινω,19
חירמ,χιραμ,19
לבנונ,λιβανοσ,19
אריות,λεων,19
בעשא,βαασα,19
דהב,χρυσεοσ,19
אתונ,καμινοσ,19
חזה,θεωρεω,19
גדלימ,μεγασ,18
גדל,μεγασ,18
יעלה,αναβαινω,18
עינ,υμω,18
נתתה,διδωμι,18
שנת,ετοσ,18
יגד,αναγγελλω,18
יצאו,εξεστι,18
ירא,οραω,18
נו,πατηρ,18
עצימ,ξυλον,18
יכ,αδελφοσ,18
נדר,ευχη,18
לאה,λεια,18
שמ,τιθημι,18
יבא,εισερχομαι,18
פחד,φοβοσ,18
יד,υμω,18
דברו,λαλεω,18
באו,ηκω,18
קצה,ακρον,18
כפ,χειρ,18
יו,δικαιωμα,18
שנא,μισου,18
נשא,αειρω,18
משזר,κεκλωσμενησ,18
קטרת,θυμιαμα,18
חכמה,σοφια,18
לבב,υμω,18
אמר,ερομαι,18
גבעונ,γαβαων,18
אבשלמ,αβεσσαλωμ,18
רחבעמ,ροβοαμ,18
אוד,εξομολογεω,18
הדר,αδερ,18
הוי,ουαι,18
יכ,μαρτυρια,18
ני,ελεεω,18
שיר,ωιδη,18
הוית,θεωρεω,18
קדמ,ενωπιον,18
מינ,γενοσ,17
בהמה,κτηνω,17
עפר,χου,17
עזר,βοηθοσ,17
המ,εαυτοι,17
הוליד,γεννη,17
לב,διανοια,17
בינ,δανα,17
המ,πατηρ,17
שפת,χειλοσ,17
נחור,ναχωρ,17
נראה,οραω,17
ארבע,τετρακοσιοι,17
נער,παιδιον,17
אדנ,ημω,17
בטנ,κοιλια,17
בגדי,στολη,17
יששכר,ισσαχαρ,17
שתות,πιει,17
פני,εμπροσθεν,17
בנ,υμω,17
שנא,μισεω,17
בור,λακκοσ,17
אמרו,λεγω,17
חכמ,σοφοσ,17
כהנ,ιερεωσ,17
כספ,αργυροσ,17
יעלו,αναβαινω,17
אבת,υμω,17
אחור,οπισω,17
רגל,ποδω,17
לוימ,λευιτω,17
שמע,εισακουω,17
רוח,ανεμοσ,17
חכמת,σοφια,17
נתנ,παραδιδωμι,17
זרע,βραχιων,17
נערימ,παιδαριον,17
יכ,δουλοσ,17
אוריה,ουριασ,17
עשרימ,τεσσαρεσ,17
מעלות,αναβαθμω,17
שמרונ,σαμαρεια,17
בנ,αδερ,17
נצח,τελοσ,17
ישועת,σωτηριον,17
נהרות,ποταμοσ,17
יה,αλληλουια,17
עופ,πετεινον,16
ידע,οιδα,16
קינ,καιν,16
ילד,γενναω,16
שמ,σημα,16
חמ,χαμ,16
תבה,κιβωτοσ,16
יבאו,ισοσ,16
יצאו,εξερχομαι,16
קטנ,νεοσ,16
משפחת,φυλη,16
בא,ελθει,16
תוכל,δυναμαι,16
זקנ,πρεσβυσ,16
יכמ,υμι,16
חתנ,γαμβροσ,16
תאמר,λεγω,16
אהבת,αγαπαω,16
נשבעתי,ομνυμι,16
אלכ,πορευομαι,16
מדינ,μαδιαμ,16
יבאו,παραγιγνομαι,16
לאה,λειοσ,16
פרות,βουσ,16
אשלח,αποστελλω,16
בא,παραγιγνομαι,16
גפנ,αμπελοσ,16
קהת,κααθ,16
לקחתי,λαμβανω,16
שבטי,φυλη,16
ישועת,σωτηρια,16
יו,χειρω,16
שלח,εξαποστει,16
שור,μοσχοσ,16
ישלמ,αποτεισει,16
ככר,ταλαντον,16
תכלת,υακινθου,16
שרת,λειτουργει,16
למד,διδασκω,16
הקימ,ιστημι,16
יקבר,θαπτω,16
בחר,εκλεγω,16
לוימ,λευι,16
דמימ,αιμα,16
אלה,κυριοσ,16
אהל,σκηνωμα,16
יואל,ιωηλ,16
סביב,κυκλοθεν,16
מלוכה,βασιλεια,16
מיכל,μελχολ,16
נר,νηρ,16
נגיד,ηγεομαι,16
תפלה,προσευχη,16
שיר,ωδη,16
הדד,υιοσ,16
נבות,ναβουθαι,16
אזמרה,ψαλλω,16
זמרו,ψαλατε,16
רשע,αμαρτωλοσ,16
הללו,αλληλουια,16
די,οστισ,16
ששי,εκτοσ,15
נחש,οφισ,15
אכלת,εσθιω,15
מנחה,θυσια,15
בנה,οικοδομεω,15
שלש,τριακοσιοι,15
רחב,πλατοσ,15
מעל,επανω,15
ממלכת,βασιλεια,15
עמק,κοιλας,15
צר,εχθροσ,15
שכר,μισθοσ,15
אמרי,αμορραιος,15
זקנימ,πρεσβυσ,15
עשת,ποιεω,15
יו,θυγατηρ,15
דברת,ελαλησασ,15
אבי,ημω,15
איש,ουδεισ,15
אמת,παιδισκη,15
ישבע,ομνυμι,15
דברתי,λαλεω,15
יבכ,κλαιω,15
עת,ωρα,15
תבוא,εισερχομαι,15
כנור,κιθαρα,15
תאמרו,λεγω,15
כמ,αδελφοσ,15
יבקש,ζητεω,15
עלו,αναβαινω,15
בית,βαιθλεεμ,15
לחמ,βαιθλεεμ,15
זקני,γερουσια,15
שלח,εξαποστειλον,15
מצות,αζυμοσ,15
מצוה,εντολη,15
סיני,σινα,15
משפט,δικαιωμα,15
שבט,ραβδοσ,15
יתר,λοιποσ,15
אבה,εθελω,15
כנפ,πτερυξ,15
יו,δουλοσ,15
יו,εχθροσ,15
גבור,δυνατοσ,15
אחימעצ,αχιμαασ,15
צרויה,σαρουιασ,15
בניהו,βαναιασ,15
ציבא,σιβα,15
תמר,θημαρ,15
מרומ,υψοσ,15
מחלקת,διαιρεσεωσ,15
פעלי,εργαζομαι,15
אמונת,αληθεια,15
הו,αινεω,15
שלטנ,εξουσια,15
קצ,συντελεια,15
בהמה,κτηνοσ,14
עופ,πετεινω,14
רמש,ερπω,14
עינימ,οφθαλμοσ,14
צויתי,εντελλω,14
כרבימ,χερουβιμ,14
חנוכ,ενωχ,14
יו,εαυτου,14
יו,γυνη,14
מאות,επτακοσιοι,14
נתנו,διδωμι,14
ראיתי,οραω,14
שתימ,δυο,14
כשדימ,χαλδαιοσ,14
אמרו,ερομαι,14
עבדימ,παισ,14
שבת,κατοικεω,14
יכלו,δυναμαι,14
יבחר,εκλεγω,14
יבא,παραγιγνομαι,14
ברוכ,ευλογεω,14
אכלו,εσθιω,14
אחרי,ταυ,14
שמיני,ογδοοσ,14
מקמ,τοποσ,14
יהמ,αμφοτεροι,14
קבר,ταφοσ,14
שתה,πινω,14
דבר,προσταγμα,14
ני,αποστελλω,14
ראה,ιδου,14
חמת,θυμοσ,14
יביא,εισαγω,14
חנמ,δωρεαν,14
מקנ,κτηνοσ,14
מאומה,ουδεισ,14
תמול,εχθεσ,14
אמרתמ,λεγω,14
נכר,αλλοτριοσ,14
בכור,πρωτοτοκος,14
ירח,σεληνη,14
ילד,παιδαριον,14
מטה,ραβδοσ,14
כוס,ποτηριον,14
חטא,αμαρτια,14
לכו,πορευομαι,14
אחי,υμω,14
הביאו,φερω,14
חיל,δυνατοσ,14
כמ,εαυτοι,14
חרב,χωρηβ,14
יו,θεραπων,14
נדב,ναδαβ,14
אלקנה,ελκανα,14
הלכו,πορευομαι,14
ישועה,σωτηρια,14
תמצא,ευρισκω,14
יהושע,ιησουσ,14
כלימ,σκευοσ,14
תפארת,δοξα,14
כלב,χαλεβ,14
ער,πολισ,14
מזרח,ανατολω,14
חקימ,δικαιωμα,14
ראו,ειδοσαν,14
השיב,επιστρεφω,14
פעל,εργον,14
סלע,πετρα,14
יכ,λογοσ,14
חיל,ισχυσ,14
יו,λογοσ,14
קראת,απαντησισ,14
קראת,απαντην,14
חושי,χουσι,14
חפצ,θελημα,14
כרובימ,χερουβιμ,14
חנניה,ανανιασ,14
הודו,εξομολογει,14
ארבעה,εικοσι,14
חסיד,οσιοσ,14
ישעיהו,ησαιασ,14
מלכו,βασιλεια,14
רברבנ,μεγασ,14
עשה,ποιοσ,13
יכל,συντελεω,13
קומת,υψοσ,13
מאות,εξακοσιοι,13
שרי,σαρα,13
אברכ,ευλογεω,13
יבא,ερχομαι,13
ישב,κατοικου,13
ילכו,απειμι,13
יהמ,οπισω,13
ישב,αποστρεφω,13
אנשימ,ανδρω,13
כרת,διατιθημι,13
שפט,κρινω,13
אדברה,λαλεω,13
דלת,θυρα,13
נגע,απτω,13
רחמ,μητρα,13
תנו,διδωμι,13
חתי,χετται,13
יקמ,ιστημι,13
פני,απεναντι,13
תבנ,αχυρον,13
טרמ,πριν,13
מדבר,λαλου,13
נורא,φοβεροσ,13
יחר,θυμοω,13
אבי,υμω,13
יו,εμπροσθεν,13
יכל,δυναμαι,13
בת,υμω,13
נו,ημει,13
לקחו,λαμβανω,13
בוא,ελθει,13
כתנת,χιτω,13
אמרימ,λεγω,13
יהמ,πατηρ,13
שק,σακκος,13
שלה,σηλωμ,13
עונ,αδικια,13
שור,ταυ,13
פרשימ,ιππευσ,13
הלכימ,πορευομαι,13
כלב,κυων,13
עמוד,στυ,13
עז,ισχυσ,13
עש,ποιεω,13
עשנ,καπνοσ,13
בעל,κυριοσ,13
פרכת,καταπετασμα,13
שמת,τιθημι,13
שפט,κριτησ,13
חטאנו,αμαρτανω,13
נחל,χειμαρροσ,13
יכמ,ημω,13
שמענו,ακουω,13
המ,στομα,13
ענו,αποκρινω,13
שפת,χειλος,13
מכה,πληγη,13
כתובימ,γραφω,13
יו,εχθρω,13
רות,ρουθ,13
באר,βηρσαβεε,13
הו,πατασσω,13
מפיבשת,μεμφιβοσθε,13
צר,τυροσ,13
הדר,υιοσ,13
עמרי,αμβρι,13
איזבל,ιεζαβελ,13
עזריה,αζαρια,13
מיכאל,μιχαηλ,13
יו,θαυμασιοσ,13
זעמ,οργη,13
ני,διδασκω,13
טוב,χρηστοσ,13
משכיל,συνεσισ,13
פשע,ανομια,13
בלטשאצר,βαλτασαρ,13
חכימי,σοφοσ,13
אור,φωσ,12
אתת,σημειον,12
יתנ,τιθημι,12
חמישי,πεμπτοσ,12
נעשה,ποιεω,12
זכר,αρσην,12
יכמ,οφθαλμοσ,12
יקרא,επονομαζω,12
בהמה,κτηνουσ,12
חיה,θηριον,12
שלח,εξαποστελλω,12
קציר,θερισμοσ,12
אמרי,αμορραι,12
כנעני,χαναναιος,12
כלת,νυμφη,12
אקח,λαμβανω,12
עינ,πηγη,12
הרבה,πολυσ,12
אדע,γιγνωσκω,12
הגר,αγαρ,12
נער,παισ,12
יראה,φοβεω,12
רשע,ασεβησ,12
עבור,ενεκα,12
תעשו,ποιεω,12
אינ,ουδεισ,12
שנ,αμφοτεροι,12
חול,αμμοσ,12
קבר,θαπτω,12
השמר,προσεχω,12
צאת,εκπορευομαι,12
כד,υδρια,12
כספ,αργυρεοσ,12
תקמ,ανιστημι,12
נחל,φαραγξ,12
מצוה,εντελλω,12
קללה,καταρα,12
עשתה,ποιεω,12
יו,ιματιον,12
יעבר,διαβαινω,12
הייתי,γιγνομαι,12
שמתי,τιθημι,12
ישאל,ερωταω,12
ראשנה,πρωτοσ,12
מצאתי,ευρισκω,12
יתנו,διδωμι,12
אלופי,ηγεμων,12
לכו,δευ,12
עזימ,αιγω,12
שמלת,ιματιον,12
מתנ,οσφυσ,12
ינו,ημι,12
ראות,βλεπω,12
מכיר,μαχιρ,12
סוסימ,ιπποσ,12
חק,προσταγμα,12
מופת,τερασ,12
סופ,ερυθροσ,12
ראשונ,πρω,12
ראש,κορυφη,12
הו,ποιεω,12
יכ,εργον,12
קרב,υμω,12
יכתב,γραφω,12
ארנ,κιβωτοσ,12
מנרה,λυχνια,12
שפת,χειλουσ,12
אפד,επωμισ,12
טור,στιξ,12
לחת,πλακασ,12
מזרח,ανατολη,12
חשבונ,εσεβων,12
צדק,δικαιοσ,12
משפטימ,κριμα,12
אשמע,ακουω,12
עבר,διαβαινω,12
טמא,ακαθαρτοσ,12
אזנ,ωτιον,12
שקר,αδικοσ,12
חדש,καινοσ,12
גדלות,μεγασ,12
אלוה,θεοσ,12
חצ,βελοσ,12
קדמ,αρχη,12
חזונ,ορασισ,12
דגונ,δαγων,12
עגלה,αμαξα,12
אחיה,αχια,12
ממלכה,βασιλεια,12
נס,φευγω,12
גברימ,δυνατοσ,12
צבא,στρατια,12
בת,βηρσαβεε,12
עמשא,αμεσσαι,12
ישע,σωτηρια,12
לשונ,γλωσσα,12
אדניהו,αδωνιασ,12
הימנ,αιμαν,12
אצרות,θησαυροσ,12
יער,δρυμου,12
גבורת,δυναστεια,12
בעל,βααλ,12
ני,επακουσον,12
טוב,χρηστοτησ,12
ארח,οδοσ,12
יושיע,σωζω,12
עלמינ,αιω,12
הונ,μεροσ,12
הינ,μεροσ,12
עלי,υψιστοσ,12
עלא,υψιστοσ,12
פרס,περσω,12
רבו,πληθυνω,11
חית,θηριον,11
יצר,πλασσω,11
מצא,ευρισκω,11
כנ,ενεκα,11
ישלח,εκτεινω,11
יפלו,πιπτω,11
יהרג,αποκτεινω,11
למכ,λαμεχ,11
יד,ημω,11
יפת,ιαφεθ,11
מאה,εικοσι,11
תבה,κιβωτος,11
שש,εξακοσιοι,11
חיי,ζωη,11
אמה,πηχεισ,11
הלוכ,πορευομαι,11
צא,εξερχομαι,11
תרשיש,θαρσισ,11
ארמ,αραμ,11
עמ,γενοσ,11
שלשימ,εκατον,11
יקרא,επικαλεω,11
קדש,καδησ,11
נעל,υποδημα,11
תדע,γιγνωσκω,11
תהר,συλλαμβανω,11
שלש,τρεισ,11
היות,γιγνομαι,11
שמרו,φυλασσω,11
יכ,οπισω,11
אוכל,δυναμαι,11
דבר,πρα,11
לכה,δευ,11
שבע,φρεαρ,11
צבא,αρχιστρατηγοσ,11
מת,νεκροσ,11
חת,χετ,11
ירכ,μηροσ,11
נקי,αθωσ,11
כמ,υμει,11
זקנ,πρεσβυτησ,11
יקברו,θαπτω,11
מות,αποθανει,11
שני,ετοσ,11
יו,κεφαλη,11
מצבה,στηλη,11
שלשה,τρεισ,11
עשרת,δεκα,11
כמ,πατηρ,11
נחלה,κληρονομια,11
ריקמ,κενοσ,11
יבוא,ερχομαι,11
חמור,εμμωρ,11
יכמ,υιοσ,11
סביבת,κυκλω,11
בנימינ,βενιαμιν,11
תלדות,γενεσισ,11
אדומ,ιδουμαια,11
ישבו,καθιζω,11
מט,ραβδοσ,11
פרצ,φαρεσ,11
מצרי,αιγυπτιοσ,11
תדבר,λαλεω,11
נתת,διδωμι,11
שבלימ,σταχυσ,11
באו,ερχομαι,11
בא,εισπορευομαι,11
עבד,οικετησ,11
ראיתמ,οραω,11
שלש,τρει,11
יכ,εχθρω,11
קשה,σκληροσ,11
חזקה,κραταια,11
אתות,σημειον,11
דבר,θανατοσ,11
עזיאל,οζιηλ,11
עמינדב,αμιναδαβ,11
איתמר,ιθαμαρ,11
פינחס,φινεεσ,11
שתי,αμφοτεροσ,11
עבד,δουλευω,11
מו,ωσει,11
צאת,εξοδοσ,11
שמרי,φυλασσω,11
יראת,φοβοσ,11
ריב,κρισισ,11
שתי,αμφοτεροι,11
נשא,λαμβανω,11
פנ,ημω,11
חומה,τειχοσ,11
נחל,χειμαρρουσ,11
ממלכות,βασιλεια,11
חקת,δικαιωμα,11
נאמנ,πιστοσ,11
גבר,ανηρ,11
נקרא,επικαλεω,11
בטח,πειθω,11
יראו,φοβεω,11
משנא,μισου,11
שמע,εισακουσον,11
מלכ,ημω,11
יבוא,ηκω,11
יכו,πατασσω,11
יביש,ιαβισ,11
תשועה,σωτηρια,11
חפצ,εθελω,11
רמה,ραμα,11
קעילה,κειλα,11
אביגיל,αβιγαια,11
ינו,κυριοσ,11
עשהאל,ασαηλ,11
בחיר,εκλεκτοσ,11
מגנ,υπερασπιστησ,11
יציל,ερυω,11
מלת,λογοσ,11
אמה,πηχει,11
כלבימ,κυων,11
שב,επιστρεφω,11
זמרי,ζαμβρι,11
ענ,επακουσον,11
ארננ,ορνα,11
עבד,αβδεδομ,11
אדמ,αβδεδομ,11
כתב,γραφη,11
אהבתי,αγαπαω,11
רצונ,θελημα,11
יודו,εξομολογησασθωσαν,11
פח,παγισ,11
בבל,βαβυλωνιοσ,11
די,οπωσ,11
גב,λακκοσ,11
שגיא,πολυσ,11
גנ,παραδεισοσ,10
יכ,ζωη,10
נפלו,πιπτω,10
קיננ,καιναν,10
שמנימ,ογδοηκοντα,10
שבע,επτακοσιοι,10
יו,ημερα,10
חוצ,εξωθεν,10
בנ,ετω,10
יזכר,μιμνησκω,10
יעל,αναφερω,10
ריח,οσμη,10
עמרה,γομορρασ,10
תרח,θαρα,10
שמאל,αριστεροσ,10
נה,διδωμι,10
ממרא,μαμβρη,10
יה,προσωπον,10
שדי,θεοσ,10
יכמ,γενεα,10
אראה,οραω,10
שב,αποστρεφω,10
יכ,θυγατηρ,10
מות,αποθνησκω,10
פקד,επισκεπτομαι,10
באר,ορκοσ,10
שבע,ορκοσ,10
חמר,ονοσ,10
ישמ,επιτιθημι,10
בתואל,βαθουηλ,10
קרית,πολισ,10
ארמ,μεσοποταμια,10
יספר,διηγεομαι,10
יאהב,αγαπαω,10
חתי,χετταιος,10
בטנ,γαστηρ,10
ציד,θηρα,10
יגדו,απαγγελλω,10
ערת,δερμα,10
נאספו,συναγω,10
שלשמ,τριτοσ,10
הלכת,πορευομαι,10
ני,εκαιρεω,10
חרפה,ονειδοσ,10
זבולנ,ζαβουλων,10
מבקש,ζητεω,10
נלכה,πορευομαι,10
הציל,εξαιρεω,10
ישלחו,αποστελλω,10
נחמ,παρακαλεω,10
ינס,φευγω,10
זכרת,μιμνησκω,10
ירדו,καταβαινω,10
קחו,λαμβανω,10
תנה,διδωμι,10
תיראו,φοβεω,10
קרוב,εγγυσ,10
זבחימ,θυσια,10
תועבת,βδελυγμα,10
זבת,ρεουσαν,10
לכ,βαδιζε,10
יו,εργον,10
ישמע,εισακουσεται,10
מחלי,μοολι,10
סופ,θαλασσα,10
פסח,πασχα,10
שמרתמ,φυλαξεσθε,10
שירה,ωδη,10
שופר,σαλπιγξ,10
שוא,ματαιοσ,10
עבדימ,δου,10
שטימ,ασηπτων,10
שאת,αιρω,10
יו,ποδω,10
נרת,λυχνουσ,10
יהמ,στυ,10
חשנ,λογει,10
משחת,χρισεισ,10
יהמ,χει,10
שכנ,επικληθη,10
אבנימ,λιθινασ,10
כמ,πασ,10
ישבימ,κατοικου,10
נטויה,υψηλοσ,10
אהבה,αγαπαω,10
המ,ταυ,10
מעט,βραχυσ,10
שרש,ριζα,10
חמת,οργη,10
שנת,ενιαυτοσ,10
קרני,κερασ,10
חמות,πενθερα,10
לוא,ιδου,10
גרנ,αλισκομαι,10
תבא,ισοσ,10
חפצ,βουλομαι,10
יוסיפ,προστιθημι,10
חדשה,καινοσ,10
אבינדב,αμιναδαβ,10
נחש,ναασ,10
יוספ,προστιθημι,10
עלות,ολοκαυτωμα,10
אחיטוב,αχιτωβ,10
צומ,νηστεια,10
עצה,βουλη,10
משגב,αντιλημπτωρ,10
גזר,γαζερ,10
דביר,δαβιρ,10
חטאות,αμαρτια,10
נפש,ημω,10
משפחות,πατρια,10
אחז,αχαζ,10
ישמח,ευφρανθησεται,10
עשרימ,εικοστοσ,10
קומה,ανιστημι,10
יבשו,αισχυνθητωσαν,10
תחנונ,δεησισ,10
אביונ,πενησ,10
חציר,χορτοσ,10
גבר,ανθρωποσ,10
פקוד,εντολη,10
הדר,δοξα,10
יעמד,στησεται,10
מישאל,μισαηλ,10
אמרינ,λεγω,10
עדנ,καιροσ,10
מלכינ,βασιλευσ,10
יהב,διδωμι,10
אלו,ιδου,10
דהב,χρυσοσ,10
אלהינ,θεοσ,10
עבד,ποιεω,10
פמ,στομα,10
נגב,αιγυπτοσ,10
רקיע,στερεωμα,9
יבשה,ξηροσ,9
רמש,ερπετον,9
אפ,προσωπον,9
קדמ,ανατολη,9
יצא,εκπορευομαι,9
תהר,συλλαβου,9
מנחת,θυσια,9
הו,αποκτεινω,9
הרג,αποκτεινω,9
נשי,γυνη,9
ילד,γιγνομαι,9
עשרה,δωδεκα,9
עשרימ,εκατον,9
רעת,κακια,9
חמס,αδικια,9
תעש,ποιεω,9
באו,ισοσ,9
גשמ,υετοσ,9
זית,ελαια,9
אהל,οικοσ,9
שבא,σαβα,9
פלשתימ,φυλιστιιμ,9
חרנ,χαρραν,9
רעימ,πονηροσ,9
ינסו,φευγω,9
תנ,διδωμι,9
אליעזר,ελιεζερ,9
יוצא,εξαγω,9
הוצאתי,εξαγω,9
לדת,τικτω,9
אנ,που,9
קראת,καλεω,9
בנ,παιδιον,9
דרת,υμω,9
אמצא,ευρισκω,9
אפר,σποδοσ,9
פעמ,απαξ,9
מחרת,επαυριον,9
דע,γιγνωσκω,9
בקר,μοσχουσ,9
ילדו,τικτω,9
נגד,απεναντι,9
שר,αρχιστρατηγοσ,9
יו,κερασ,9
יקמו,ανιστημι,9
ארמ,συροσ,9
גבל,οριον,9
גמל,καμηλοσ,9
ישאל,επερωταω,9
מע,κοιλια,9
טל,δροσος,9
מרמה,δολοσ,9
שלחתי,αποστελλω,9
שכב,καθευδω,9
ראש,ακρον,9
השיב,αποστρεφω,9
יאספ,συναγω,9
יפתח,ανοιγνυμι,9
עני,ταπεινωσισ,9
פעמ,καιροσ,9
ברכ,γονυ,9
שלשומ,τριτοσ,9
ישא,λαμβανω,9
יגע,απτω,9
יבכו,κλαιω,9
ילדימ,παιδαριον,9
מצבת,στηλη,9
אליפז,ελιφασ,9
רעואל,ραγουηλος,9
ישב,ανατρεπω,9
משמר,φυλακη,9
ענבימ,σταφυλη,9
עברימ,εβραιος,9
עלות,αναβαινω,9
תשמע,ακουω,9
נמות,αποθνησκω,9
באימ,ερχομαι,9
נו,πασ,9
ידעו,οιδα,9
משקל,σταθμοσ,9
יהמ,πουσ,9
תועבה,βδελυγμα,9
מת,αποθανει,9
רדת,καταβαινω,9
אעלה,αναβαινω,9
אדונ,κυριοσ,9
גשנ,γεσεμ,9
גרא,γηρασ,9
אבות,ημω,9
ידינ,κρινω,9
עבדה,εργον,9
קראתי,καλεω,9
יתרו,ιοθορ,9
זכר,μνημοσυνον,9
יאמרו,ερομαι,9
פה,στομα,9
יאספו,συναγω,9
נטויה,υψηλω,9
עמרמ,αμβραμ,9
יכ,θεραπων,9
חטאתי,ημαρτηκα,9
ימ,ερυθροσ,9
עבדימ,δουλεια,9
מקדש,αγιασμα,9
שמרת,φυλασσω,9
תשמעו,ακουω,9
נפל,πιπτω,9
ראשית,απαρχη,9
יהמ,εργον,9
אמות,πηχυσ,9
איל,κριου,9
עגל,μοσχοσ,9
לחת,πλαξ,9
נכונ,ετοιμοσ,9
סיחנ,σηων,9
יכמ,ενωπιον,9
שבט,υμω,9
יכמ,αδελφοσ,9
ראובני,ρουβην,9
תשכח,επιλαθη,9
צר,θλιψισ,9
עינ,ημω,9
יכ,μισου,9
יתומ,ορφανω,9
נו,εσθιω,9
נעשתה,γιγνομαι,9
דינ,κρισισ,9
מתימ,νεκροσ,9
יבנה,οικοδομησει,9
ברכ,ευλογη,9
אבד,απολλυμι,9
תאכל,κατεσθιω,9
כלות,συντελεω,9
יחד,αμα,9
מו,ομοιοσ,9
אמת,δουλη,9
יודע,γιγνωσκω,9
ישב,καθησεται,9
כהני,ιερευσ,9
בית,βαιθσαμυσ,9
עלה,ολοκαυτωσιν,9
שלמימ,ειρηνικασ,9
קראת,εναντιοσ,9
דעו,γιγνωσκω,9
שלל,σκυλων,9
חרב,ρομφαιασ,9
מראשת,κεφαλη,9
אחימלכ,αβιμελεχ,9
צקלג,σεκελακ,9
שלשי,τριτοσ,9
בשת,μεμφιβοσθε,9
יעצ,βουλευω,9
עמודימ,στυλων,9
נבט,ναβατ,9
תרצה,θερσα,9
עבדיהו,αβδιου,9
הליד,γενναω,9
בטחו,ελπιζω,9
גבורי,ισχυροσ,9
בינה,συνεσισ,9
עתימ,καιροσ,9
לבב,ψυχη,9
צל,σκια,9
עדות,μαρτυρια,9
מלכות,βασιλευσ,9
האזינה,ενωτισαι,9
מעשי,εργον,9
יאבדו,απολου,9
עמל,κοποσ,9
בטחתי,ηλπισα,9
נו,ψυχη,9
יקר,τιμη,9
רומ,υψοσ,9
ארצ,οικουμενη,9
המ,εχω,9
מדי,μηδοσ,9
חזונ,οραμα,9
נבכדנצר,ναβουχοδονοσορ,9
גברינ,ανηρ,9
פשר,συγκριμα,9
תהומ,αβυσσοσ,8
תראה,οραω,8
הו,γενοσ,8
מראה,ορασις,8
עצמ,οστεον,8
שנ,δυο,8
נתנה,διδωμι,8
הבל,αβελ,8
שת,σηθ,8
תולדת,γενεσισ,8
מאות,εννακοσιοι,8
מאות,τριακοντα,8
תשעימ,ενενηκοντα,8
הו,εντελλω,8
ראת,ιδει,8
יונה,περιστερα,8
יבא,εισαγω,8
שוב,επιστρεφω,8
הכות,πατασσω,8
יבוסי,ιεβουσαι,8
עבר,εβερ,8
בוא,εισελθει,8
אריוכ,αριωχ,8
הו,ευλογεω,8
תאמר,ειπον,8
דמשק,δαμασκοσ,8
גר,παροικοσ,8
דבר,λαλου,8
זכר,αρσενικος,8
אחרת,ετεροσ,8
ישא,αναβλεπω,8
עשי,ποιεω,8
אפימ,προσωπον,8
צל,σκεπη,8
תעמד,ιστημι,8
קמ,ανιστημι,8
יתפלל,προσευχομαι,8
חטאה,αμαρτια,8
ישמע,εισακουω,8
רחק,μακροθεν,8
נפש,υμω,8
כמ,ψυχη,8
עפרונ,εφρων,8
אמ,εωσ,8
ירצ,τρεχω,8
ידי,χει,8
רגלי,πουσ,8
תרד,καταβαινω,8
ישתו,πινω,8
תימנ,θαιμαν,8
שמת,ονομα,8
לאמימ,λαοσ,8
עבור,οπωσ,8
יבא,εισφερω,8
דגנ,σιτοσ,8
ברח,αποδιδρασκω,8
פדנ,συρια,8
ידעתמ,γιγνωσκω,8
אבוא,εισερχομαι,8
עבדתי,δουλευω,8
אודה,εξομολογεω,8
רבות,πολυσ,8
כבד,δοξα,8
הגיד,αναγγει,8
צואר,τραχηλοσ,8
צבעונ,σεβεγων,8
זרח,ζαρα,8
נער,ναυσ,8
נו,αδελφοσ,8
יקרע,δια(ρ)ρηγνυμι,8
יו,οσφυσ,8
ימות,αποθνησκω,8
עלת,αναβαινω,8
תחלה,αρχη,8
מרכבת,αρμα,8
יעבר,διοσ,8
מרגלימ,κατασκοποσ,8
אמתחת,μαρσιππος,8
בת,οικοσ,8
גביע,κονδυ,8
מת,τελευταω,8
הבו,φερω,8
יו,ζωη,8
מלכ,αρχων,8
יפקד,επισκεπτομαι,8
הביא,εισαγαγει,8
עלמ,αιωνιοσ,8
לוי,λευιτησ,8
מפתימ,τερασ,8
תת,διδωμι,8
נטה,εκτεινω,8
יעל,αναγω,8
עבר,παρερχομαι,8
נו,εξαγω,8
יעבר,παρερχομαι,8
יכ,χει,8
יה,οπισω,8
תשמע,ακουσησ,8
עדת,μαρτυριον,8
גבעה,βουνος,8
עלה,ολοκαυτωμα,8
כנפי,πτερυξ,8
רד,καταβαινω,8
תבנה,οικοδομησεισ,8
נכרי,αλλοτριοσ,8
יהמ,αμφοτεροσ,8
נתת,επιτιθημι,8
כרוב,χερουβ,8
עדות,μαρτυριον,8
אמה,πηχω,8
עמד,στυ,8
נחשת,χαλκαι,8
קדש,αγιασμα,8
קדשת,αγιασεισ,8
ימנית,δεξιοσ,8
מחצית,ημισυσ,8
קרב,εγγιζω,8
השתחוו,προσκυνεω,8
בא,εισπορευη,8
כתב,γραφω,8
יבאו,φερω,8
ריב,αντιλογια,8
אח,υμω,8
אדבר,λαλεω,8
אכלתי,εσθιω,8
יתנ,παραδιδωμι,8
קריה,πολισ,8
נחלה,κληροσ,8
הכעיס,παροργισαι,8
שמור,φυλασσω,8
יו,κριμα,8
אליאב,ελιαβ,8
בערת,εξαιρω,8
שאלת,ητησω,8
קראו,καλεω,8
שכחתי,επελαθομην,8
תצא,εξελευση,8
יכ,οδοσ,8
מעט,ολιγοσ,8
שבי,αιχμαλωσια,8
כתוב,γραφω,8
חזק,ανδριζου,8
אויב,εχθρω,8
ישכנ,κατασκηνοω,8
זבחי,θυσια,8
ישאו,λαμβανω,8
אחרי,οπισθεν,8
הגד,απαγγελλω,8
עובד,ωβηδ,8
התפלל,προσευχομαι,8
רמת,αρμαθαιμ,8
דלתות,θυρα,8
יד,εχω,8
שמש,βαιθσαμυσ,8
גלגל,γαλγαλα,8
שומ,τιθημι,8
נכבד,ενδοξοσ,8
ראה,βλεπω,8
נביאימ,προφητω,8
מושיע,σωζω,8
פלשתימ,αλλοφυλοισ,8
הכינ,ετοιμαζω,8
צובה,σουβα,8
לכ,δευ,8
שלמ,ειρηνη,8
שערימ,πυλοσ,8
יבוא,εισερχομαι,8
יקרא,βοαω,8
נערי,παιδαριον,8
נגד,εναντιοσ,8
גלבע,γελβουε,8
קמח,αλευρον,8
אכלימ,εσθιω,8
שאל,αιτεω,8
כנרות,κινυραισ,8
נבלימ,ναβλαισ,8
אוריה,ουριαν,8
עטרת,στεφανοσ,8
אתי,εθθι,8
ברזלי,βερζελλι,8
שבע,σαβεε,8
בכרי,βοχορι,8
מס,φοροσ,8
ני,κυκλοω,8
תמימ,αμωμοσ,8
ארונה,ορνα,8
אולמ,αιλαμ,8
בחרתי,εκλεγω,8
צרויה,σαρουια,8
זכריהו,ζαχαριασ,8
גורל,κλη,8
ידותונ,ιδιθων,8
שירו,ασατε,8
מבקשי,ζητου,8
משפטי,κριμα,8
ירננו,αγαλλιασονται,8
יכ,κριμα,8
פשע,αμαρτια,8
עזר,βοηθεια,8
יו,φοβεω,8
נעור,νεοτησ,8
שנאתי,μισεω,8
רנה,αγαλλιασισ,8
כלו,εκλειπω,8
תשועת,σωτηρια,8
אשמרה,φυλασσω,8
קצ,περασ,8
חרפת,ονειδισμοσ,8
כורש,κυροσ,8
שר,αρχιευνου,8
סריסימ,αρχιευνου,8
די,βασιλευσ,8
לילי,νυξ,8
נחש,χαλκοσ,8
רביעא,τεταρτοσ,8
מדינת,χωρα,8
זמר,μουσικω,8
יקדת,καιομενην,8
גברי,ανηρ,8
אילנ,δενδρον,8
ארו,ιδου,8
קדישי,αγιοσ,8
עליונינ,υψιστοσ,8
קדישינ,αγιοσ,8
מראה,ορασισ,8
ברא,ποιεω,7
כוכבימ,αστηρ,7
מלאו,πληροω,7
חית,θηριοισ,7
יעזב,καταλειπω,7
יהמ,δυο,7
תקח,λαβου,7
מנ,ημω,7
יבא,φερω,7
ישב,οικεω,7
אנוש,ενωσ,7
תשע,εννακοσιοι,7
מאות,πεντε,7
ירד,ιαρεδ,7
מאות,εξηκοντα,7
מאות,πεντηκοντα,7
החל,αρχω,7
מבול,κατακλυσμος,7
יבאו,εισερχομαι,7
יכ,σεαυτου,7
שמלה,ιματιον,7
אשור,ασσουρ,7
יובב,ιωβαβ,7
קדמ,ανατολω,7
מגדל,πυργοσ,7
עקרה,στει,7
מקנה,κτηνω,7
אחימ,αδελφοσ,7
נגב,λιψ,7
שתימ,δωδεκα,7
ישבו,αναστρεφω,7
שמנה,οκτω,7
ירדפ,καταδιωκω,7
יירש,κληρονομεω,7
גדול,πολυσ,7
שפחה,παιδισκη,7
ישפט,κρινω,7
באת,ερχομαι,7
שנימ,ετω,7
ערלת,ακροβυστια,7
יגש,εγγιζω,7
משתה,ποτοσ,7
קומו,ανιστημι,7
חסד,δικαιοσυνη,7
בא,εισελθει,7
תמות,αποθνησκω,7
ייראו,φοβεω,7
ילדתי,τικτω,7
תשב,καθιζω,7
קומי,ανιστημι,7
יצב,ιστημι,7
אמר,ειπον,7
שפת,χει,7
פילגש,παλλακη,7
מערת,σπηλαιον,7
יכ,εμπροσθεν,7
אמרה,λεγω,7
בתולה,παρθενοσ,7
תבוא,ερχομαι,7
יקראו,καλεω,7
יושב,κατοικεω,7
קדר,κηδαρ,7
אשור,ασσυριοι,7
ארמי,συρος,7
תהר,γαστηρ,7
יעבד,δουλευω,7
הולכ,πορευομαι,7
ישמר,φυλασσω,7
מקנה,κτηνοσ,7
בשמת,βασεμμαθ,7
ישק,φιλεω,7
אבל,πενθοσ,7
פדנ,μεσοποταμια,7
עלימ,αναβαινω,7
שנת,υπνοσ,7
יירא,φοβεω,7
שלומ,υγιαινω,7
חרפת,ονειδοσ,7
שלשמ,ημερα,7
בית,τοποσ,7
יאכל,κατεσθιω,7
עשר,πλοοσ,7
נשימ,γυναικω,7
הציל,εκαιρεω,7
נחל,χειμαρρους,7
ילדימ,παιδιον,7
טפ,αποσκευη,7
אפרתה,εφραθα,7
ירע,πονηροσ,7
קנז,κενεζ,7
שובל,σωβαλ,7
יהמ,οφθαλμοσ,7
אחי,ημω,7
תמר,θαμαρ,7
יכמ,προσωπον,7
ני,ποιεω,7
עמל,πονοσ,7
חלמות,ενυπνιον,7
אינ,υπαρχω,7
מלא,πιμπλημι,7
ידעתמ,οιδα,7
יפל,πεσει,7
גרנ,αλων,7
תשלח,αποστελλω,7
לכי,πορευομαι,7
הוציא,εξαγαγει,7
יאמינו,πιστευω,7
מימי,υδωρ,7
עור,τυφλοσ,7
תעשונ,ποιεω,7
יצהר,ισσααρ,7
זכרי,ζεχρι,7
אביהוא,αβιουδ,7
צפרדעימ,βατραχουσ,7
יכמ,χει,7
קדש,αγιαζω,7
ירדפו,καταδιωκω,7
ישר,αρεστοσ,7
נגד,κατεναντι,7
עלות,αναβη,7
מעל,ανω,7
עמ,υμα,7
עלת,ολοκαυτωμα,7
חפשי,ελευθεροσ,7
שמע,ακοη,7
חנונ,ελεημων,7
ימ,ημερω,7
כפרת,ιλαστηριοσ,7
שני,αμφοτεροσ,7
מעל,επανωθεν,7
קרשימ,στυλουσ,7
קרש,στυλω,7
אדנימ,βασισ,7
יו,μεροσ,7
כספ,αργυραι,7
כהנ,ιερατευω,7
אחת,απαξ,7
בצלאל,βεσελεηλ,7
הוצאת,εξηγαγεσ,7
תדבר,ελαλησασ,7
רחומ,οικτιρμοσ,7
כלי,σκευ,7
יכמ,κριτησ,7
נו,υμι,7
השמיד,εξολεθρευ,7
תבא,εισερχομαι,7
יירשו,κληρονομεω,7
ייראו,φοβηθησονται,7
חצי,ημισει,7
תבנית,ομοιωμα,7
גדי,γαδδι,7
שער,υμω,7
כרמימ,αμπελοσ,7
פרי,εκγονοσ,7
תשמע,εισακουση,7
אחרנה,εσχατοσ,7
שכר,σικερα,7
יכ,χειρω,7
עדימ,μαρτυσ,7
לוימ,λευιτασ,7
תצא,εξερχομαι,7
ישב,αποστραφητω,7
נערה,παισ,7
יכ,ημερα,7
מצות,εντολω,7
ני,εγκαταλειπω,7
משל,παραβολη,7
יו,τεκνον,7
כתובה,γραφω,7
רעות,κακοσ,7
צרות,θλιψισ,7
שנות,ετοσ,7
שדי,αγροσ,7
יחי,ζητεω,7
יסיפ,προστιθημι,7
שערימ,κριθω,7
תפל,πιπτω,7
אמת,δουλοσ,7
כנפ,πτερυγιον,7
חנה,αννα,7
שפחת,δουλοσ,7
עשר,πλουτοσ,7
אפוד,εφουδ,7
חלילה,μηδαμω,7
יחנו,παρεμβαλλουσιν,7
ארבעת,τεσσαρεσ,7
ילחמו,πολεμεω,7
יהמ,τεκνον,7
עזר,βοηθεω,7
אביה,αβια,7
הגיד,απαγγελλω,7
במה,βαμα,7
שבט,σκη,7
אקרא,επικαλεσομαι,7
ינו,αμαρτια,7
מכמש,μαχεμασ,7
חרש,τεκτων,7
עשיתה,ποιεω,7
אגג,αγαγ,7
מרכבה,αρμα,7
עמדימ,ιστημι,7
פלשתי,αλλοφυλοσ,7
עבדימ,δουλοσ,7
איבי,εχθροσ,7
חומה,τει,7
יזרעאל,ιεζραελ,7
יו,κυκλω,7
אדנ,υμω,7
חומת,τειχοσ,7
מעכה,μααχα,7
איש,μεμφιβοσθε,7
עורימ,τυφλοσ,7
עזא,οζα,7
עשרימ,δυο,7
יקרה,τιμιοσ,7
צפה,σκοποσ,7
גשור,γεδσουρ,7
רדפ,διωκω,7
כושי,χουσι,7
ישר,ευθεσ,7
אהל,σκηνωματα,7
צר,θλιβω,7
רחמ,οικτιρμοσ,7
יתר,ιεθερ,7
מלוא,ακρα,7
ממלכות,βασιλευσ,7
רביעית,τεταρτοσ,7
יכ,τεκνον,7
אלה,ειδωλον,7
המליכ,βασιλευσ,7
חילימ,δυναμισ,7
המונ,οχλοσ,7
רמת,ρεμμαθ,7
רמת,γαλααδ,7
גלעד,ρεμμαθ,7
איתנ,αιθαν,7
ראשימ,αρχων,7
עזי,οζι,7
מערב,δυσμω,7
לב,ψυχη,7
מצלתימ,κυμβαλοισ,7
הוד,δοξα,7
אירא,φοβεομαι,7
הקשיבה,προσχεσ,7
ישמחו,ευφρανθητωσαν,7
אהבי,αγαπαω,7
שפט,κρι,7
רע,πονηρια,7
יכ,θαυμασιοσ,7
ישועת,σωτηριω,7
תאות,επιθυμια,7
רשע,αμαρτωλου,7
מחס,ελπισ,7
קראתי,εκκραζω,7
חסד,ελεη,7
נותנ,διδωμι,7
רעת,κακοσ,7
לאמימ,εθνοσ,7
תהלת,αινεσιν,7
שקר,αδικια,7
גבעות,βουνοι,7
ברכו,ευλογει,7
רנה,ευφροσυνη,7
עמד,ανιστημι,7
שנת,ετουσ,7
ישבי,ενοικου,7
קו,ελπισ,7
להוא,δει,7
להוא,γιγνομαι,7
יומי,ημερω,7
זמנ,καιροσ,7
אמי,φυλη,7
אלכ,εκει,7
גוא,μεσοσ,7
תורינ,βου,7
די,εωσ,7
בלשאצר,βαλτασαρ,7
יהיבת,διδωμι,7
קרנימ,κερασ,7
צפיר,τραγοσ,7
עממי,λαοσ,7
ראשית,αρχη,6
פרו,αυξανω,6
עופ,πετεινοι,6
דעת,οιδα,6
עצמ,οστου,6
אי,που,6
ילבש,ενδυω,6
רעה,ποιμην,6
תעבד,εργον,6
מאת,τριακοντα,6
מהללאל,μαλελεηλ,6
מאות,οκτακοσιοι,6
ששימ,δυο,6
מתושלח,μαθουσαλα,6
תשע,εννεα,6
חמש,πεντακοσιοι,6
טבת,καλοσ,6
בית,εσωθεν,6
הקמתי,ιστημι,6
מבול,κατακλυσμοσ,6
ירבו,πληθυνω,6
מתו,αποθνησκω,6
ראשי,κεφαλη,6
נער,νεοτησ,6
יכמ,ψυχω,6
זרע,υμω,6
בינ,υμω,6
ישת,πινω,6
גו,εθνοσ,6
כוש,χουσ,6
גרגשי,γεργεσαι,6
חוי,ευαι,6
גרר,γεραρα,6
ארפכשד,αρφαξαδ,6
שלח,σαλα,6
פלג,φαλεκ,6
מאות,πεντακοσιοι,6
שלשימ,δυο,6
הרנ,αρραν,6
יוציא,εξαγω,6
שבעימ,πεντε,6
רכוש,υπαρχω,6
כנעני,χαναναι,6
נגב,ερημοσ,6
חמרימ,ονοσ,6
רעי,ποιμην,6
פרזי,φερεζαι,6
חטאימ,αμαρτωλοσ,6
בלע,βαλακ,6
שכנ,κατοικεω,6
יעבדו,δουλευω,6
אנשי,ανδρω,6
אדעה,γιγνωσκω,6
צדיקמ,δικαιοσ,6
המית,αποκτει,6
באו,εισερχομαι,6
צאו,εξερχομαι,6
שחר,ορθροσ,6
הנ,πατηρ,6
השב,αποδιδωμι,6
חטאתי,αμαρτανω,6
ירע,φαινω,6
אשימ,ποιεω,6
נו,ποιεω,6
יכרתו,διατιθημι,6
שכמ,ωμοσ,6
תמהר,σπευδω,6
יד,βραχιων,6
עזב,εγκαταλειπω,6
תגד,απαγγελλω,6
רבקה,ρεβεκκασ,6
יקומו,ανιστημι,6
ערב,δειλη,6
יאספ,προστιθημι,6
ארמ,μεσοποταμιασ,6
תהר,λαμβανω,6
שבעה,ορκοσ,6
רבה,πολυσ,6
ראינו,οραω,6
ראת,οραω,6
מטעמימ,εδεσμα,6
אכלה,εσθιω,6
יחרד,εξιστημι,6
קהל,συναγωγη,6
מלאכי,αγγελοσ,6
ראשנה,προτεροσ,6
אינ,ποθεν,6
ישק,ποτιζω,6
תאר,ειδοσ,6
חטימ,πυρω,6
תצא,εξεστι,6
זבלונ,ζαβουλων,6
דינה,δινα,6
שלשת,τριω,6
רעה,ποιμαινω,6
ישימ,τιθημι,6
צאנ,κτηνοσ,6
יברח,αποδιδρασκω,6
אשלח,εξαποστελλω,6
חטאת,αμαρτημα,6
לבד,μονοσ,6
יהמ,εμπροσθεν,6
חלקת,μερισ,6
יכמ,θυγατηρ,6
זונה,πορνη,6
צרת,θλιψισ,6
נסכ,σπονδη,6
לוטנ,λωτα,6
הדד,αδαδ,6
בוא,ερχομαι,6
ימאנ,εθελω,6
אוננ,αυναν,6
שלחה,αποστελλω,6
מצרי,αιγυπτιος,6
עשימ,ποιοσ,6
סל,κανουν,6
שני,ετω,6
ייטב,αρεσκω,6
צרה,θλι,6
יסב,αποστρεφω,6
יגידו,απαγγελλω,6
שק,σακκοσ,6
צהרימ,μεσημβριασ,6
דבר,λεγω,6
יפל,επιπιπτω,6
טפ,υμω,6
שאת,ωστε,6
אלכה,πορευομαι,6
שלש,τριακοντα,6
תבואת,γενημα,6
מטה,κλινη,6
שכמ,σικιμα,6
קדקד,κορυφη,6
פקד,επισκοπη,6
ימת,τελευταω,6
עבדת,εργον,6
הציל,ερυω,6
סנה,βατοσ,6
ישלח,εξαποστελει,6
יט,εκτεινω,6
ברד,χαλαζαν,6
שבר,συνετριψεν,6
אבה,βουλομαι,6
סתר,κρυφη,6
ככה,ουτω(σ),6
שבעי,εβδομοσ,6
רגלי,πεζοσ,6
יאכל,βρωθησεται,6
בשר,κρεω,6
פטר,διανοι,6
אביב,ναυσ,6
תהיה,γιγνομαι,6
הו,δεικνυμι,6
עמר,γομορ,6
מנ,μην,6
הכית,επαταξασ,6
מלחמה,πολεμεω,6
יה,υιοσ,6
בקר,πρωιθεν,6
שרי,χιλιαρχουσ,6
שרי,εκατονταρχουσ,6
מצות,προσταγμα,6
חמור,υποζυγιον,6
יהמ,ενωπιον,6
יכה,πατασσω,6
שור,μοσχου,6
שד,αγροσ,6
שנ,αμφοτεροσ,6
בתולת,παρθενοσ,6
יזבחו,θυω,6
שלמימ,σωτηριοσ,6
תכלת,υακινθοσ,6
שש,βυσσοσ,6
אפד,επωμιδα,6
תבנית,παραδειγμα,6
צפית,καταχρυσωσεισ,6
כפרת,ιλαστηριου,6
יריעה,αυλαιασ,6
אשה,ετεροσ,6
אדני,βασισ,6
תחת,στυλω,6
בריחמ,μοχλουσ,6
יהמ,κεφαλιδεσ,6
נתתה,τιθημι,6
קרנת,κερασ,6
נר,λυχνοσ,6
זרת,σπιθαμη,6
פר,μοσχοσ,6
מהר,ταχυσ,6
צוית,ενετειλω,6
כוכבי,αστρον,6
אחד,αλλοσ,6
אמת,αληθινοσ,6
קרב,υμι,6
יו,στυλουσ,6
שני,νενησμενου,6
יתנו,επιτιθημι,6
רב,ικανουσθω,6
אמרי,αμορραιου,6
גדלת,μεγασ,6
איב,υμω,6
ארננ,αρνοσ,6
שמאול,αριστεροσ,6
עברימ,διαβαινετε,6
נו,υμα,6
שער,πυλοσ,6
תשמעונ,ακουω,6
יצהר,ελαιον,6
יהמ,βασιλευσ,6
נחלה,κλη,6
עבד,λατρευω,6
איל,ελαφοσ,6
שמחת,ευφρανθηση,6
תעזב,εγκαταλιπησ,6
יקומ,ανιστημι,6
ראשונה,πρωτοσ,6
פתח,ανοιγνυμι,6
שפטימ,κριτησ,6
יהמ,πολισ,6
חלל,τραυματιασ,6
ירח,μεισ,6
תאבד,απολλυμι,6
קטנה,μικροσ,6
גלה,αποκαλυπτω,6
פרי,γενημα,6
מחנ,παρεμβολη,6
חמה,οργη,6
טל,δροσοσ,6
דור,γενεω,6
זרימ,αλλοτριοσ,6
ברק,αστραπη,6
ירחו,ιεριχω,6
רבבת,μυριασ,6
הררי,οροσ,6
אלימלכ,αβιμελεχ,6
מלאה,πληρησ,6
תחלת,αρχη,6
נערימ,παιδαριοισ,6
תשתחו,προσκυνεω,6
ני,παρακαλεω,6
עשיר,πλουσιοσ,6
פנימ,εμπροσθεν,6
גברימ,δυνατω,6
אביונ,πτωχοσ,6
יבא,ηκω,6
שוב,αναστρεφε,6
ישע,σωζω,6
נו,σωζω,6
אתמול,εχθεσ,6
יענ,επακουω,6
בקר,βουκολιον,6
גבה,υψηλοσ,6
הושיע,σωζω,6
נשא,αιροντα,6
גבעת,βουνος,6
גלעד,ιαβισ,6
שמרת,εφυλαξασ,6
בית,βαιθωρων,6
יושב,καθημαι,6
יכ,δου,6
חנית,δορατοσ,6
יקרא,αναβοαω,6
פלשתי,αλλοφυλου,6
פלשתי,αλλοφυλον,6
הלחמ,πολεμεω,6
ארי,λεων,6
הו,θανατοω,6
ילחמ,πολεμεω,6
ימלט,σωζω,6
ניות,ναυαθ,6
אחימלכ,αχιμελεχ,6
אשימ,τιθημι,6
הודיע,γνωριζω,6
ני,γνωριζω,6
ישר,ευθησ,6
שתימ,πινω,6
חללימ,τραυματιαι,6
נפל,πεσει,6
גבורימ,δυνατοσ,6
בענה,βαανα,6
צבאות,παντοκρατωρ,6
עבד,αβεδδαρα,6
רחוק,μακραν,6
יו,σκηνωματα,6
ילכד,προκατελαβετο,6
שנימ,εικοσι,6
אבשי,αβεσσα,6
עבדי,δου,6
פרד,ημιονοσ,6
בד,μονωτατοσ,6
שער,θριξ,6
שבטי,φυλω,6
כרתי,χερεθθι,6
פלתי,φελεθθι,6
יראה,ειδον,6
מגפה,θραυ,6
באר,λακκοσ,6
המונ,πλη,6
אצבעת,δακτυλοι,6
ערפל,γνοφοσ,6
חזה,οραω,6
קרנות,κερασ,6
ני,τιθημι,6
בניהו,βαναιου,6
מלא,πληροω,6
יסד,εθεμελιωσεν,6
מכנות,μεχωνωθ,6
מכונה,μεχωνωθ,6
תחנת,δεησισ,6
מלכ,βασιλεια,6
במות,υψηλω,6
החטיא,εξημαρτεν,6
יהוא,ιου,6
אחת,πρωτοσ,6
נביאי,προφητησ,6
עב,νεφελη,6
שמרונ,σαμαρειασ,6
ספרימ,βιβλιον,6
חצרונ,εσερων,6
שלוש,τρεισ,6
יהויקימ,ιωακιμ,6
סביבות,κυκλω,6
יהמ,πατριω,6
מיכה,μιχα,6
צבא,παραταξισ,6
שלומ,σαλωμ,6
אצל,εσηλ,6
שערימ,πυλη,6
יעיאל,ιιηλ,6
שמונה,οκτω,6
חצצרות,σαλπιγξ,6
יחיאל,ιιηλ,6
ברכו,ευλογησατε,6
רשעימ,ασεβω,6
פסי,περασ,6
אקרא,εκκραζω,6
ני,οδηγησον,6
רצונ,ευδοκια,6
חסיתי,ηλπισα,6
עורה,εξεγερθητι,6
ישרי,ευθει,6
ימימ,θαλασσω,6
ירומ,υψοω,6
ענ,εισακουσον,6
ני,εισακουσον,6
שמעה,εισακουσον,6
רנת,δεησισ,6
יראי,φοβεω,6
צלמות,σκια,6
צלמות,θανατοσ,6
ישע,σωτηρ,6
ענוימ,πραει,6
אשירה,ασομαι,6
אדני,θεοσ,6
הטה,κλι,6
שכנ,γειτοσιν,6
עזרת,βοηθεια,6
מציל,ερυω,6
המונ,πλοοσ,6
עונת,ανομια,6
גל,κυμα,6
שמחת,ευφροσυνη,6
הריעו,αλαλαξατε,6
אניות,πλοι,6
משפט,κριματων,6
יכ,κριματων,6
פלשת,αλλοφυλοι,6
מקדש,αγιοσ,6
פלא,θαυμασιοσ,6
היינו,γιγνομαι,6
להבה,φλοξ,6
יו,αγγελοσ,6
יכ,εντολω,6
הבינ,συνετισον,6
ני,συνετισον,6
אמוצ,αμωσ,6
יבשו,αισχυνθησονται,6
מואב,μωαβιτιδοσ,6
צו,θλι,6
ספר,γραμμα,6
גאל,ρυσαμενοσ,6
חלמ,οραμα,6
רזה,μυστηριον,6
חזוי,οραμα,6
די,σιδηροσ,6
טור,οροσ,6
בר,αγριοσ,6
לשני,γλω,6
קרנ,σαλπιγξ,6
הונ,θεοσ,6
ארגונ,πορφυρα,6
די,χρυσοσ,6
בלאשצר,βαλτασαρ,6
יומינ,ημερω,6
אסר,ορισμον,6
דריוש,δαρει,6
יהיב,διδωμι,6
תלת,τρεισ,6
עתיק,παλαιοσ,6
קדמ,προσωπον,6
עדנינ,καιροσ,6
תמיד,θυσια,6
יונ,ελλην,6
מראה,οπτασια,6
פני,επανω,5
מאד,λιαν,5
צבא,κοσμοσ,5
עבד,εργαζομαι,5
מאכל,βρω,5
יבא,αγω,5
גנ,παραδεισος,5
עלה,φυλλον,5
הגיד,αναγγελλω,5
הרבה,πληθυνω,5
שוב,αποστρεφω,5
קניתי,κταομαι,5
ני,αποκτεινω,5
עדה,αδα,5
אמרת,λογοσ,5
ספר,βιβλοσ,5
שמנה,επτακοσιοι,5
שמנימ,εκατον,5
שמ,ονομαστοσ,5
תמלא,πιμπλημι,5
מעל,ανωθεν,5
צד,πλαγιος,5
מאכל,βρωμα,5
כמ,χει,5
נפשת,ψυχω,5
נפשת,υμω,5
שפכ,εκχεω,5
יכמ,δανα,5
יכמ,μεσοσ,5
עבדימ,οικετησ,5
יהמ,εθνοσ,5
בבל,βαβυλων,5
שנער,σεννααρ,5
כה,ελθει,5
אדמה,αδαμα,5
עילמ,αιλαμ,5
חמר,πηλοσ,5
נו,εαυτοι,5
שלשימ,πεντε,5
ארבע,τριακοντα,5
רעו,ραγαυ,5
שרוג,σερουχ,5
מלכה,μελχας,5
יסע,απειμι,5
בוא,ισοσ,5
יפה,καλοσ,5
עמרה,γομορρα,5
יהוה,εναντιον,5
צער,σηγωρ,5
פארנ,φαραν,5
נסו,φευγω,5
ישב,κατοικω,5
עשר,οκτω,5
דמשק,δαμασκος,5
נערימ,νεανισκοσ,5
אדני,δεσποτησ,5
טובה,καλοσ,5
רפאימ,ραφαιν,5
תרא,ιδου,5
שור,σουρ,5
אי,ποθεν,5
הרה,γαστηρ,5
הרה,εχω,5
ערל,απεριτμητοσ,5
ברכתי,ευλογεω,5
רגל,υμω,5
יכמ,πουσ,5
עצ,δενδρον,5
ימהר,σπευδω,5
צעקת,κραυγη,5
באה,ερχομαι,5
נער,νεανισκοσ,5
טוב,αρεσκω,5
יהמ,εαυτου,5
ישכמ,ορθριζω,5
בכירה,πρεσβυσ,5
בוא,εισερχομαι,5
אב,ημω,5
חלומ,υπνοσ,5
בעל,ανηρ,5
כפ,χειρω,5
דבר,ενεκα,5
תיראי,φοβοσ,5
השבעה,ομνυμι,5
עלה,ολοκαρπωσις,5
תמת,αποθνησκω,5
יענו,αποκρινω,5
קבר,μνημειον,5
ני,ακουω,5
צחר,σααρ,5
קצה,μεροσ,5
שימ,τιθημι,5
השב,αποστρεφω,5
ני,λαμβανω,5
תשב,αποστρεψησ,5
נער,παρθενοσ,5
מראה,οψοσ,5
תעל,αναβαινω,5
משקל,ολκη,5
אמת,δικαιοσυνη,5
נוכל,δυναμαι,5
אלכה,απερχομαι,5
אלפי,χιλιασ,5
תלכנה,πορευομαι,5
בא,πορευομαι,5
ינחמ,παρακαλεω,5
עיפה,γαιφα,5
יו,λαοσ,5
קנה,κταομαι,5
פדנ,μεσοποταμιασ,5
ראשונ,προτεροσ,5
שמע,υπακουω,5
אכ,αρα,5
נאמר,ειπον,5
אלה,αρα,5
חוי,ευαιος,5
מות,τελευτη,5
תברכ,ευλογεω,5
הנה,οραω,5
הבאת,εισοισεισ,5
צואר,τραχηλος,5
ני,ευλογεω,5
תירש,οινοσ,5
לאמימ,αρχων,5
הרג,αποκτει,5
לכו,απερχομαι,5
רעימ,ποιμην,5
הגידה,απαγγελλω,5
יפת,καλοσ,5
בלהה,βαλλα,5
הבה,διδωμι,5
אשמר,φυλασσω,5
שפחות,παιδισκη,5
כנ,υμω,5
עמ,εαυτου,5
תפ,τυμπανον,5
ינו,αδελφοσ,5
כלי,σκευω,5
צאנ,προβατοισ,5
איש,ουθεισ,5
אינ,ουθεισ,5
יזבח,θυω,5
תאמרונ,λεγω,5
יאמר,καλεω,5
עבר,παρειμι,5
יקנ,κταομαι,5
תקחו,λαμβανω,5
תהיו,γιγνομαι,5
נקח,λαμβανω,5
הרגו,αποκτεινω,5
שמלת,στολη,5
הלכתי,πορευομαι,5
מילדת,μαι,5
בית,βηθλεεμ,5
גר,παροικεω,5
ישראל,ιακωβ,5
איפה,που,5
יצל,εξαιρεω,5
הו,λαμβανω,5
נו,χει,5
ארד,καταβαινω,5
ימת,θανατοω,5
בגדי,ιματιον,5
יכר,επιγιγνωσκω,5
פרצ,φραγμοσ,5
עברי,εβραι,5
שכב,κοιμαω,5
יהמ,κυριοσ,5
פתר,συγκρινω,5
שנתימ,ετοσ,5
מראה,ειδοσ,5
קדימ,ανεμοφθορος,5
שבע,πλησμονη,5
יקבצ,συναγω,5
כנימ,ειρηνικος,5
דבר,υμω,5
אביא,αγω,5
תראו,οραω,5
צהרימ,μεσημβρια,5
פתח,πυλοσ,5
צעיר,νεοσ,5
בכי,κλαυθμος,5
בית,υιοσ,5
בכה,κλαιω,5
יגדו,αναγγελλω,5
כרמי,χαρμει,5
נשאר,υπολειπω,5
יכ,ποιεω,5
יספדו,κοπτω,5
פני,κατεναντι,5
עצמת,οστεον,5
בתימ,οικια,5
הציל,ημα,5
נו,ερυω,5
בער,καιω,5
מראה,οραμα,5
יכ,ποδω,5
ראה,ειδον,5
שלחתי,εξαποστελλω,5
אמרתי,λεγω,5
שמעו,εισακουω,5
הכיתי,πατασσω,5
אחרונ,εσχατοσ,5
ידעתי,επισταμαι,5
הו,στομα,5
חמר,υποζυγιον,5
שמתי,διδωμι,5
אבת,πατριω,5
משפחת,συγγενεια,5
מרימ,μαρια,5
נחשונ,ναασσων,5
כמ,ημι,5
כנ,ωσαυτωσ,5
יעבד,λατρευσωσιν,5
ני,λατρευσωσιν,5
תכס,καλυπτω,5
בהמה,τετραποσιν,5
תועבת,βδελυγματα,5
יחזק,εσκληρυνεν,5
כבד,πολυσ,5
עשב,βοτανη,5
קלת,φωνη,5
רשעימ,ασεβει,5
ארבה,ακρισ,5
יכס,καλυπτω,5
נהיתה,γιγνομαι,5
אצא,εξελευσομαι,5
אכלתמ,εσθιω,5
זכרונ,μνημοσυνον,5
חמצ,ζυμη,5
בתי,οικοσ,5
זבח,θυω,5
יצאימ,εκπορευομαι,5
עולמ,χρονοσ,5
שמאל,ευωνυμοσ,5
יו,αρμα,5
נלחמ,πολεμεω,5
רכב,αναβατην,5
נורא,θαυμαστοσ,5
מכונ,ετοιμοσ,5
ירא,δεικνυμι,5
שמוע,ακοη,5
חמשה,πεντεκαιδεκατοσ,5
עשר,πεντεκαιδεκατοσ,5
גלגלת,κεφαλη,5
עדה,συναγωγη,5
יהמ,παρεμβολη,5
כבד,βαρυσ,5
אלפימ,χιλιαρχουσ,5
נשמע,ακουω,5
יסקל,λιθοβολεω,5
תחת,κατω,5
קנא,ζηλωτησ,5
תשא,λαμβανω,5
זכור,μιμνησκω,5
יכ,ολοκαυτωμα,5
מכה,πατασσω,5
יתומ,ορφανοσ,5
נשכ,τοκοσ,5
חמס,αδικοσ,5
שחד,δωρον,5
נה,ποιεω,5
שור,βου,5
תזבח,θυσεισ,5
פנ,προτεροσ,5
תרומת,απαρχη,5
צלע,κλιτοσ,5
יה,λυχνουσ,5
שני,κεκλωσμενου,5
מדה,μετρον,5
יריעת,δερρεισ,5
יריעה,δερρεωσ,5
חשב,υφαντοσ,5
זהב,χρυσαι,5
נחשת,χαλκοι,5
קצות,μεροσ,5
חשנ,λογειου,5
מעיל,υποδυτου,5
שמת,επιτιθημι,5
מצח,μετωπον,5
משחה,χρισεωσ,5
חטאת,αμαρτιω,5
בנ,εικοσαετου,5
עשרימ,εικοσαετου,5
שנה,εικοσαετου,5
קנה,καλαμοσ,5
אהליאב,ελιαβ,5
יומת,θανατωθησεται,5
חרונ,οργη,5
נשבעת,ωμοσασ,5
נונ,ναυη,5
חסד,πολυελεοσ,5
עונ,ημω,5
יתנ,επιτιθημι,5
בריח,μοχλουσ,5
מסכ,καταπετασμα,5
חכמימ,σοφοσ,5
מלאכת,εργασια,5
ערבה,αραβα,5
הבו,διδωμι,5
ינו,υμω,5
נו,καρδια,5
אח,ημω,5
סיחונ,σηων,5
יו,πολισ,5
ערער,αροηρ,5
גבהה,υψηλοσ,5
לבד,πλην,5
חרמונ,αερμων,5
ברזל,σιδηρεοσ,5
יתר,καταλοιπον,5
נלחמ,πολεμησει,5
מלמד,διδασκω,5
פסל,γλυπτον,5
תאבדונ,απολλυμι,5
ידי,χειρω,5
שמעת,εισακουση,5
הרא,δεικνυμι,5
לבב,διανοια,5
יצא,εξαγω,5
תירא,φοβηθηση,5
יו,μαρτυρια,5
צדקה,ελεημοσυνη,5
מהר,ταχοσ,5
יו,μισου,5
ברכ,ευλογησει,5
מוציא,εξαγαγοντοσ,5
פדית,ελυτρωσω,5
אדנימ,κυριοσ,5
יו,τερασ,5
רדפ,καταδιωκοντων,5
עולת,ολοκαυτωμα,5
ימ,χρονοσ,5
באת,ηκω,5
יומת,αποθανει,5
חרונ,θυμοσ,5
יברכ,ευλογησει,5
קרא,επικαλεω,5
פסח,χωλοσ,5
תזכר,μνησθη,5
שמח,ευφραινω,5
ירבה,πληθυνω,5
ישיב,αποστρεφω,5
יער,δρυμον,5
גאל,αγχιστευω,5
ינו,οφθαλμοσ,5
דרש,ζητεω,5
גג,δωματι,5
נערה,ναυσ,5
דרש,εκζητω,5
גר,προσηλυτω,5
הקימ,ανιστημι,5
חפצתי,βουλομαι,5
כה,πατασσω,5
רחוק,μακροθεν,5
קצה,εσχατοσ,5
נשר,αετοσ,5
יכ,τειχοσ,5
אחרונ,ετεροσ,5
ישוב,επιστρεφω,5
אילימ,κριοσ,5
מוסדי,θεμελιον,5
בחור,νεανισκοσ,5
איב,ημω,5
צר,εχθρω,5
גמ,καιγε,5
שמעה,ακουω,5
תשב,επιστρεφω,5
תבוא,ισοσ,5
כלת,συντελεω,5
מרגלת,ποδω,5
גאל,αγχιστευσ,5
נער,παιδαριου,5
ירמ,υψοω,5
הגיד,απαγγει,5
אוי,ουαι,5
עקרונ,ασκαλω,5
יושבי,κατοικου,5
קרית,καριαθιαριμ,5
יערימ,καριαθιαριμ,5
הכינו,ετοιμαζω,5
תחרש,παρασιωπησησ,5
טובימ,αγαθοσ,5
כמ,βασιλευσ,5
אתנות,ονοσ,5
נגיד,αρχων,5
הו,αποκρινω,5
אי,ποι,5
אגיד,απαγγελλω,5
לכת,απελθει,5
הו,ζητεω,5
יכ,υμα,5
גבע,γαβεε,5
יסב,επιστρεφω,5
יהמ,μεσοσ,5
חרפ,ονειδιζω,5
יגש,προση,5
חנית,δορατι,5
שערי,πυλη,5
יבא,εισπορευομαι,5
ני,εξαποστειλον,5
ברח,φευγω,5
נוית,ναυαθ,5
אכול,φαγει,5
צאת,εξελθει,5
אלה,ηλα,5
נודע,γιγνωσκω,5
קראו,επικαλεω,5
שב,ανατρεπω,5
כרמל,καρμηλω,5
מדבר,λαλεω,5
מלחמות,πολεμοσ,5
חרפת,ονειδισμου,5
יכמ,κυριοσ,5
ישיב,επιστρεφω,5
ענ,επακουω,5
אכול,εσθιω,5
עברימ,παραπορευομαι,5
גדוד,γεδδουρ,5
גדור,γεδδουρ,5
עולה,αδικια,5
מוציא,εξαγων,5
ארזימ,κεδρινα,5
אלישמע,ελισαμα,5
פרצ,διεκοψεν,5
כלי,οργανοισ,5
גתי,γεθθαιου,5
אדמ,αβεδδαρα,5
עזר,βοηθη,5
ארמ,συρος,5
חמת,ημαθ,5
סופר,γραμματευσ,5
עמיאל,αμιηλ,5
יכ,γυνη,5
בכי,κλαυθμοσ,5
מציל,εξαιρεω,5
מבקש,ζητου,5
שלושה,τρει,5
בליעל,παρανομοσ,5
חבלימ,σχοινιον,5
יער,δρυμω,5
הלכת,επορευθησ,5
אכלי,εσθιω,5
אשתה,πιομαι,5
הפיל,καταβαλει,5
ני,σωζω,5
ני,περιεσχον,5
ני,ερυω,5
בר,καθαριοτητα,5
שמרתי,φυλασσω,5
תושיע,σωζω,5
יפלו,πεσου,5
טיט,πηλοσ,5
בקר,πρωια,5
נפשות,ψυχη,5
סבבו,κυκλοω,5
אבישג,αβισακ,5
הודעת,γνωριζω,5
מלכ,σολομων,5
חכמת,φρονισ,5
חומת,τει,5
בית,οικονομοσ,5
יקהל,εξεκκλησιασεν,5
סלחת,ιλαοσ,5
עת,ημερα,5
מלכת,βασιλισσα,5
תשוב,επιστρεφω,5
דשנ,πιοτησ,5
אוצרות,θησαυροσ,5
אבימ,αβιου,5
עשרימ,τεταρτοσ,5
שכור,μεθυω,5
נו,επακουσον,5
הבט,επιβλεψον,5
שנימ,τριακοντα,5
תשימ,τιθημι,5
נשברה,συντριβω,5
ירחמאל,ιερεμεηλ,5
ששנ,σωσαν,5
עזריה,αζαριασ,5
יוחננ,ιωαναν,5
עבדיה,αβδια,5
שמעיה,σαμαια,5
חננ,αναν,5
עשיה,ασαια,5
משלמ,μοσολλαμ,5
אליאל,ελιηλ,5
אמריה,αμαρια,5
עבודת,λειτουργια,5
מושי,μουσι,5
שערימ,πυλωροι,5
רוחות,ανεμοσ,5
שלושימ,τριακοντα,5
גבורי,δυνατοσ,5
שרי,χιλιαρχοσ,5
אלפימ,χιλιαρχοσ,5
העלות,αναφερω,5
השמיע,ποιεω,5
דרשו,ζητησατε,5
תגל,αγαλλιασθω,5
ישע,ημω,5
חזונ,ορασις,5
אדומ,ιδουμαιαν,5
מחלקות,διαιρεσισ,5
גורלות,κληροσ,5
מבינ,συνιημι,5
מצ,χνου,5
דמעת,δακρυον,5
יבשו,αισχυνθειησαν,5
ני,κρι,5
שחת,διαφθορα,5
טמנו,κρυπτω,5
אמוט,σαλευω,5
יגונ,οδυνη,5
חרפה,ονειδισμοσ,5
יכ,πτερυξ,5
מצודת,καταφυγη,5
ישרימ,ευθει,5
יבינ,συνησει,5
חושה,προσχεσ,5
ינח,ωδηγησεν,5
שאו,αειρω,5
תודה,αινεσεωσ,5
ני,εγκαταλιπησ,5
ני,παραδιδωμι,5
פעלת,εργον,5
ישבר,συντριβω,5
חסיד,οσιοι,5
עשי,ποιοσ,5
יהיו,γινομαι,5
אינ,εχω,5
תהלה,υμνοσ,5
שוא,ματην,5
הגדיל,μεγαλυνω,5
צר,ημω,5
לב,υμω,5
ישע,σωτηριον,5
נגינת,υμνοσ,5
מכתמ,στηλογραφιαν,5
יבינו,συνιημι,5
פשע,ημω,5
יהללו,αινεσατωσαν,5
מרעית,νομη,5
זכרו,μιμνησκω,5
האר,επιφανον,5
ינו,ανομια,5
תקומ,ανιστημι,5
ברכי,ευλογει,5
ארצות,χωρα,5
נדיבימ,αρχων,5
יהמ,ποιοσ,5
אחיה,ζησομαι,5
שעשע,μελετη,5
אמונה,αληθεια,5
יחלתי,επηλπισα,5
חרבות,ερημοσ,5
אליקימ,ελιακιμ,5
משוש,ευφροσυνη,5
כרמל,χερμελ,5
היכל,οικοσ,5
חיל,οχλοσ,5
עונת,αμαρτια,5
עורי,εξεγειρου,5
יקדת,καιω,5
עבדו,παισ,5
הי,παισ,5
רז,μυστηριον,5
חספ,οστρακινον,5
הי,προσωπον,5
מרא,κυριοσ,5
רב,αρχων,5
סגני,στρατηγοσ,5
כונ,υμι,5
זני,γενοσ,5
יסגד,προσκυνηση,5
סגדינ,προσκυνεω,5
יתרמא,εμβληθησεται,5
שיזבות,εξαιρεω,5
הונ,σωμα,5
אחרנ,ετεροσ,5
מאני,σκευοσ,5
אבו,πατηρ,5
השתכחת,ευρισκω,5
דריוש,δαρειοσ,5
חיוה,θηριον,5
דנה,ταυ,5
משל,κυριευω,5
אחרי,ετεροσ,5
דשא,βοτανη,4
מועדימ,καιροσ,4
שנימ,ενιαυτοσ,4
דמות,ομοιωσισ,4
דגת,ιχθυσ,4
יקדש,αγιαζω,4
יטע,φυτευω,4
חוילה,ευιλατ,4
הו,τιθημι,4
בהמה,κτηνος,4
תגעו,απτω,4
ידעי,γιγνωσκω,4
אשית,τιθημι,4
ארבה,πληθυνω,4
יגרש,εκβαλλω,4
הביא,φερω,4
דמי,αιμα,4
עשרה,πεντε,4
ששימ,πεντε,4
מאת,επτα,4
אנשי,ανθρωποσ,4
עופ,ορνεον,4
יומ,εβδομοσ,4
אכ,μονοσ,4
מנוח,αναπαυσισ,4
הוצא,εξαγω,4
קלל,καταραομαι,4
ישפכ,εκχεω,4
כמ,σπερμα,4
נתתי,τιθημι,4
זכרתי,μιμνησκω,4
גמר,γαμερ,4
יונ,ιωυαν,4
לשנ,γλω,4
גבור,γιγασ,4
עזה,γαζα,4
מושב,κατοικησισ,4
בקעה,πεδιον,4
הבה,δευ,4
כשדימ,χωρα,4
אעש,ποιεω,4
כבד,ενισχυω,4
אמרי,λεγω,4
שרי,σαρασ,4
ככר,περιχωροσ,4
צפנ,βορρασ,4
שמתי,ποιεω,4
כדרלעמר,χοδολλογομορ,4
עמק,φαραγξ,4
רפאימ,γιγασ,4
עשתרת,ασταρωθ,4
יערכו,παρατασσω,4
בארת,φρεαρ,4
שוב,αναστρεφω,4
הוציא,εκφερω,4
עליונ,υψιστος,4
יחשב,λογιζομαι,4
תת,ωστε,4
נפלה,επιπιπτω,4
שיבה,γηρασ,4
עבר,διοσ,4
פרת,ευφρατης,4
נא,ιδου,4
תלכי,πορευομαι,4
יה,χει,4
ילדת,τικτω,4
רא,οραω,4
אחזת,κατασχεσισ,4
נכרתה,εξολεθρευω,4
הרביתי,πληθυνω,4
שלש,τριω,4
דרכ,υμω,4
עבד,υμω,4
סלת,σεμιδαλεωσ,4
רצ,τρεχω,4
רכ,απαλοσ,4
חמאה,βουτυρον,4
יו,οπισθεν,4
אמנמ,αληθω,4
זקנתי,γηρασκω,4
רשע,ασεβου,4
ימצאונ,ευρισκω,4
עינ,αρεσκω,4
מצער,μικροσ,4
גפרית,θει,4
שכבתי,κοιμαω,4
חלמ,υπνοσ,4
בנימ,παιδιον,4
ישכמ,ανιστημι,4
שמ,επιτιθημι,4
תשב,καθημαι,4
אראה,ειδον,4
הו,αναφερω,4
שבו,καθιζω,4
ברכ,ευλογω,4
מעכה,μωχα,4
שבע,εκατον,4
נו,κυριοσ,4
עפרנ,εφρων,4
משל,αρχων,4
אולי,μηποτε,4
שבעת,ορκοσ,4
עת,ηνικα,4
יצאת,εκπορευομαι,4
ני,ποτιζω,4
נזמ,ενωτιον,4
מספוא,χορτασμα,4
עמ,ημι,4
אשתחוה,προσκυνεω,4
קראת,ημι,4
נו,συναντησις,4
יקשנ,ιεξαν,4
יגוע,εκλειπω,4
שבע,πληρησ,4
יכ,κοιλια,4
בכרה,πρωτοτοκια,4
ימי,χρονοσ,4
חלונ,θυρισ,4
אמות,αποθνησκω,4
יצו,συντασσω,4
מצאנו,ευρισκω,4
הכיר,επιγιγνωσκω,4
יגש,προσαγω,4
ברכ,ευλογει,4
נביות,ναβαιωθ,4
ראשת,κεφαλη,4
עדרימ,ποιμνιον,4
שמע,ονομα,4
משכרת,μισθοσ,4
זלפה,ζελφα,4
ישמע,επακουω,4
עבדת,δουλεια,4
לבנ,λευκοσ,4
מקלות,ραβδουσ,4
נקדימ,ποικιλοσ,4
בד,εαυτου,4
בנ,ημω,4
יו,παιδιον,4
השמר,φυλασσω,4
יחפש,ερευναω,4
יחר,οργιζω,4
לקטו,συλλεγω,4
שור,βουσ,4
עדר,ποιμνιον,4
הגידה,αναγγελλω,4
ישמ,ποιεω,4
יה,παιδιον,4
אחרנימ,εσχατοσ,4
נלכה,πορευω,4
סכות,σκηνη,4
יחנ,παρεμβαλλω,4
נשיא,αρχων,4
בנת,υμω,4
ינו,θυγατηρ,4
ידימ,πλατει,4
יכמ,εναντιον,4
יהמ,εναντιον,4
יהמ,γυνη,4
רדפו,καταδιωκω,4
יעקב,ισραηλ,4
לחמ,βηθλεεμ,4
בלהה,βαλλασ,4
יעלמ,ιεγλομ,4
תמנע,θαμνα,4
זרח,ζαρε,4
אהליבמה,ελιβεμασ,4
חרי,χορρι,4
בלהנ,βαλααν,4
בעל,βαλαεννων,4
חננ,βαλαεννων,4
אלמת,δραγμα,4
חלמת,ενυπνιον,4
יו,ενυπνιον,4
בור,λακκος,4
יביאו,εισφερω,4
כתנת,χιτων,4
יכיר,επιγιγνωσκω,4
שאל,αιδησ,4
יט,εκκλινω,4
גדי,ριπτω,4
שלח,αποστει,4
קדשה,πορνη,4
הו,καθιστημι,4
יד,ιωσηφ,4
הביא,εισαγω,4
חטאו,αμαρτανω,4
שר,αρχισιτοποιος,4
ספרו,διηγεομαι,4
ני,μιμνησκω,4
שנתימ,δυο,4
רעות,αισχρος,4
הו,εξαγω,4
קרב,κοιλια,4
מרא,οψισ,4
פעמימ,δισ,4
יקבצו,συναγω,4
משנה,δευτεροσ,4
נתנ,τιθημι,4
שבר,αγοραζω,4
שליט,αρχων,4
באתמ,ηκω,4
שלחו,αποστελλω,4
שמענו,εισακουω,4
שמעתמ,εισακουω,4
יכמ,οικοσ,4
לאמר,λεγω,4
נשאר,καταλειπω,4
תלכו,πορευομαι,4
הורדתמ,καταγω,4
כמ,χειρ,4
אמתחת,μαρσιπποισ,4
אמתחת,ημω,4
יכמ,γυνη,4
ימינ,ιαμειν,4
יכינ,ιαχειν,4
תולע,θωλα,4
ילד,τικτω,4
שש,εξηκοντα,4
ראות,οραω,4
יכמ,εργον,4
יהמ,κτηνοσ,4
כהנימ,ιερευ,4
אכל,βρω,4
יהמ,ταυ,4
מלא,πλη,4
תשבר,συντριβω,4
קברו,θαπτω,4
הו,θαπτω,4
עבדי,θεραπων,4
טבה,αγαθοσ,4
שלשימ,τριτοσ,4
בא,παραγινομαι,4
ינהג,αγω,4
אבות,υμω,4
נזבחה,θυσωμεν,4
שמלת,ιματισμοσ,4
שלח,εκτεινω,4
האמינו,πιστευω,4
דבר,ουδεισ,4
קש,καλαμη,4
קשה,σκληρω,4
ראשי,αρχηγοι,4
בכר,πρωτοτοκος,4
גרשונ,γεδσων,4
לבני,λοβενι,4
אסיר,ασιρ,4
צבאת,δυναμισ,4
תדבר,λαλησεισ,4
תנינ,δρακων,4
הו,ραβδοσ,4
יהמ,φαρμακειαισ,4
שמעת,εισηκουσασ,4
תדע,οιδα,4
אצבע,δακτυλοσ,4
ערב,κυνομυια,4
נלכ,πορευω,4
אחד,ουδεισ,4
ישמ,διδωμι,4
אבק,κονιορτοσ,4
שחינ,ελκοσ,4
בתימ,οικοσ,4
פשתה,λινον,4
עבדו,λατρευσατε,4
גברימ,ανηρ,4
מבקשימ,ζητεω,4
קדימ,νοτοσ,4
עצ,ξυλοισ,4
כמ,προβατον,4
עשינו,ποιεω,4
פרסה,οπλην,4
כלה,πασ,4
חדש,μην,4
חקת,νομιμοσ,4
שאר,ζυμη,4
בקר,υμω,4
עבדת,ποιεω,4
תפדה,λυτρωση,4
חזק,κραταια,4
עמוד,στυλω,4
חיל,στρατια,4
רכב,ιπποσ,4
פרש,ιππευσ,4
יו,ιππευσ,4
יו,ιπποσ,4
הלכ,προπορευομενοσ,4
חמה,τει,4
ימ,υδωρ,4
קנית,εκτησω,4
שמע,εισακου,4
תלנת,υμω,4
הו,εσθιω,4
לקט,συλλεγω,4
יו,υμω,4
פי,ρημα,4
צמא,διψοσ,4
הכית,παταξεισ,4
מסה,πειρασμοσ,4
עמ,ισραηλ,4
ני,εξαιρεω,4
יו,νομοσ,4
חקימ,προσταγμα,4
יעשונ,ποιεω,4
שנאי,μισου,4
מאות,εκατονταρχουσ,4
סגלה,περιουσιοσ,4
יומת,τελευταω,4
עלית,αναβαινω,4
תמונה,ομοιωμα,4
תשתחוה,προσκυνεω,4
תחמד,επιθυμεω,4
גנב,κλεπτω,4
מכר,αποδιδωμι,4
נו,εξαποστελει,4
נו,αφανιση,4
שלמה,ιματιον,4
אלמנה,χηροσ,4
נש,υμω,4
תראה,ιδη,4
גר,προσηλυτου,4
צוית,εντελλω,4
פעמימ,καιροσ,4
זכור,αρσενικος,4
שממה,ερημοσ,4
אילמ,κριοσ,4
מאדמימ,ηρυθροδανωμενα,4
שטימ,ασηπτα,4
אמתימ,δυο,4
אמתימ,πηχυσ,4
קמת,υψοσ,4
נתתה,επιτιθημι,4
יו,κλιτη,4
ארנ,κιβωτος,4
כנפימ,πτερυξ,4
אחת,ετεροσ,4
ללאת,αγκυλασ,4
מול,προσωπον,4
תיכנה,μεσοσ,4
מט,κατωθεν,4
וו,κεφαλιδεσ,4
רקמ,ποικιλτου,4
רבוע,τετραγωνοσ,4
פאת,κλιτοσ,4
קלעימ,ιστιον,4
אמות,πηχω,4
כבוד,τιμη,4
שני,διανενησμενου,4
שהמ,σμαραγδου,4
חתמ,σφραγι,4
כתפת,ωμοσ,4
כתפ,ωμοσ,4
משבצת,ασπιδισκασ,4
בא,οταν,4
רצונ,δεκτοσ,4
הלבשת,ενδυσεισ,4
משחה,χρισματοσ,4
תשפכ,εκχεει,4
מלאימ,τελειωσεωσ,4
כנ,βασισ,4
בשמימ,ηδυσματα,4
תבונה,συνεσισ,4
סמימ,συνθεσεωσ,4
שבת,παυω,4
נש,γυναικω,4
יביאו,φερω,4
כוכבי,ωσει,4
שלשת,τρισχιλιοι,4
קשה,σκληροτραχηλοσ,4
ערפ,σκληροτραχηλοσ,4
רע,φιλοσ,4
ראית,οραω,4
ראשנימ,πρω,4
שברת,συνετριψασ,4
מול,πλησιον,4
יעבר,παρειμι,4
ארכ,μακροθυμοσ,4
אפימ,μακροθυμοσ,4
רב,πολυελεοσ,4
תשמר,φυλασσω,4
יביא,φερω,4
עמד,στυλουσ,4
קלעי,ιστιον,4
מלא,εμπιπλημι,4
יצק,εχωνευσεν,4
בדימ,διωστη,4
עבדת,λειτουργιαν,4
יתדת,πασσαλουσ,4
יומ,ημερω,4
קדש,βαρνη,4
ברנע,καδησ,4
ברנע,βαρνη,4
ראש,υμω,4
תירא,φοβεω,4
שנאת,μισεω,4
תת,παραδου,4
ירשה,κληροσ,4
יכ,ημω,4
גבר,γασιωνγαβερ,4
ישבו,κατωκισθησαν,4
מלחמה,πολεμισται,4
תחשב,λογιζομαι,4
ינו,χει,4
ערש,κλινη,4
יאיר,ιαιρ,4
רשת,κληροσ,4
חזקה,κραταιος,4
משפטימ,κρισισ,4
ני,εντελλω,4
השתחוית,προσκυνεω,4
אבד,απωλεια,4
ראשנימ,προτεροσ,4
נהיה,γιγνομαι,4
צאת,εξερχομαι,4
גיא,φαραγξ,4
מו,ωσπερ,4
שבט,φυλω,4
זקנ,υμω,4
נו,δεικνυμι,4
מלאימ,πληρησ,4
אותת,σημειον,4
יו,αγαπαω,4
שגר,βουκολιον,4
אלפ,βοω,4
יכ,βοω,4
חלי,μαλακια,4
השמד,εξολεθρευση,4
נחלי,χειμαρροι,4
רמ,υψοω,4
לוחת,πλακασ,4
היטב,σφοδρα,4
נחלת,κλη,4
ראשנימ,πρωτοσ,4
יו,κρισισ,4
מוסר,παιδεια,4
תשתה,πινω,4
יבול,καρποσ,4
מעשר,επιδεκατον,4
משלח,επιβαλησ,4
תאוה,επιθυμεω,4
זבח,θυσιω,4
יהמ,θυγατηρ,4
ידעת,οιδα,4
תחוס,φαινω,4
נו,αναγγελλω,4
אמת,αληθησ,4
גרה,μηρυκισμον,4
מינ,ομοιοσ,4
די,οσοσ,4
תשלח,εξαποστελει,4
שלוש,τρει,4
נגע,αφιημι,4
יהוה,ονομα,4
יקימ,ανιστημι,4
נקי,αναιτιοσ,4
יחטא,αμαρτανω,4
שטרימ,γραμματει,4
ילכ,πορευεσθω,4
שפכו,εκχεω,4
עיני,εναντι,4
יו,χρονοσ,4
היית,γιγνομαι,4
דבר,πραγμα,4
שלמ,αποδιδωμι,4
יו,ηλιοσ,4
קציר,αμητος,4
איפה,μετρον,4
סתר,αποκρυφω,4
פרי,εκγονοισ,4
ממלכות,βασιλειαισ,4
יגיע,πονοσ,4
ברכימ,γονυ,4
מטה,κατω,4
מכת,πληγη,4
מכות,πληγη,4
נאמנימ,πιστοσ,4
אניות,πλοιοισ,4
תדעו,γιγνωσκω,4
יהמ,ειδωλον,4
תצמח,ανατελλω,4
יעלה,αναβη,4
ירשו,κληρονομεω,4
שמע,εισακουειν,4
יעזב,εγκαταλιπη,4
אחרימ,αλλοτριοσ,4
אחרי,εσχατοσ,4
אמרי,ρημα,4
חבל,σχοινισμα,4
ינו,εχθροσ,4
נבו,ναβαυ,4
אהל,σκηνωμασιν,4
ימימ,θαλασσα,4
מחלונ,μααλων,4
תקראנה,καλεω,4
אחרי,κατοπισθεν,4
שפחת,δουλη,4
קרוב,εγγιζω,4
דל,πτωχοσ,4
שיבת,πολια,4
תשת,τιθημι,4
חפני,οφνι,4
סגר,απεκλεισεν,4
רעבימ,πεινω,4
גבורת,δυναμισ,4
ירעמ,εβροντησεν,4
משרת,λειτουργω,4
יגדל,μεγαλυνω,4
בריה,βρω,4
מערכה,παραταξισ,4
ישע,ημα,4
ינו,εχθρω,4
אשדוד,αζωτοσ,4
תכבד,εβαρυνθη,4
שועת,κραυγη,4
אשמ,βασανοσ,4
יכמ,αρχων,4
צד,μεροσ,4
סרני,σατραπαι,4
עלות,ολοκαυτωσεισ,4
חמשת,πεντε,4
גבעה,βουνω,4
מצפה,μασσηφαθ,4
הו,επακουω,4
ישמ,καθιστημι,4
מלכ,υμω,4
נו,βασιλευσ,4
הלא,επεκεινα,4
כנור,κινυρα,4
נביאימ,προφητησ,4
גבעת,γαβαα,4
נעבד,δουλευσομεν,4
הרפ,ανιημι,4
גלגל,γαλγαλοισ,4
סלעימ,πετρα,4
מצב,μεσσαβ,4
הלכ,πεπορευται,4
ימות,αποθανει,4
יפילו,βαλλω,4
אחינעמ,αχινοομ,4
כרמל,καρμηλον,4
אונ,πονοσ,4
מעיל,διπλοιδοσ,4
מר,πικροσ,4
בוא,εισοδοσ,4
מלחמה,πολεμιστησ,4
גלית,γολιαθ,4
ארגימ,υφαινοντων,4
דב,αρκοσ,4
יכרת,αφει,4
משכיל,συνιημι,4
ימלט,διεσωθη,4
חדש,νεομηνια,4
יצאו,εκπορευομαι,4
נב,νομβα,4
אדמי,συροσ,4
ארמי,συροσ,4
פה,ενταυ,4
זקנ,πωγων,4
שר,ηγεομαι,4
מצודה,περιοχη,4
שלח,επενεγκει,4
דואג,δωηκ,4
שחת,διαφθει,4
זיפ,ζιφ,4
חרשה,καινοσ,4
מעונ,μααν,4
ראי,οραω,4
יהיו,γενοιντο,4
בקשו,ζητησατε,4
עינ,αενδωρ,4
בגדימ,ιματιον,4
ני,επακουω,4
לילות,νυξ,4
ישבו,κατοικου,4
גלעד,γαλααδιτιδοσ,4
גבורימ,δυνατω,4
אעלה,αναβω,4
איש,ιεβοσθε,4
בשת,ιεβοσθε,4
יתקע,σαλπιζω,4
יקבצ,συνηθροισεν,4
רצפה,ρεσφα,4
מלכ,δαυιδ,4
שקימ,σακκοσ,4
רמונ,ρεμμων,4
גרימ,παροικοσ,4
מטת,κλινη,4
מבשר,ευαγγελιζω,4
שלשימ,τρεισ,4
ילכד,καταλαμβανω,4
עלה,αναβαινε,4
פרצימ,επανω,4
פרצימ,διακοπω,4
עזה,οζα,4
יכ,παιω,4
מריא,αρνοσ,4
יושב,κατοικω,4
זולת,πλην,4
אזנ,ημω,4
נשאי,φερω,4
הקדיש,αγιαζω,4
חנונ,αννων,4
יערכ,παρατασσω,4
עבדי,δουλοσ,4
הלחמ,πολεμη,4
ילד,παιδαριου,4
יונדב,ιωναδαβ,4
חדר,ταμιειον,4
לבשי,ενδυω,4
דברי,λαλεω,4
הציל,ρυομαι,4
חלקה,μερισ,4
תשוב,επιστρεψησ,4
צלע,πλευρον,4
כלה,νυμφη,4
מהרה,ταχυσ,4
הגידו,αναγγειλατε,4
יבקשו,ζητεω,4
צמא,διψαω,4
אלה,δρυσ,4
הגד,αναγγελλω,4
קמו,επανεστησαν,4
ימיני,ιεμενι,4
ידות,χει,4
משמרת,φυλακη,4
אבל,αβελ,4
חלילה,ιλαοσ,4
בניה,βαναιασ,4
איה,γαια,4
רפה,ραφα,4
ארבע,εικοσι,4
צור,φυλαξ,4
חבלי,ωδι,4
ני,προεφθασαν,4
ני,εξαγω,4
ני,ρυση,4
אזמר,ψαλλω,4
ישועות,σωτηρια,4
עשה,ασαηλ,4
אביעזר,αβιεζερ,4
דברת,λαλεω,4
חגית,αγγιθ,4
יזבח,εθυσιασεν,4
אצל,εχω,4
בניהו,βαναιαν,4
שמו,τιθημι,4
נצבימ,καθεσταμενοι,4
בד,εκτοσ,4
במות,υψηλοι,4
בחרת,εκλεγω,4
הבינ,συνεσισ,4
קדמ,αρχαιοσ,4
לבנונ,λιβανω,4
ארזימ,κεδρουσ,4
שלישית,τριτοσ,4
יצפ,περιεχω,4
יקרא,επεκαλεσεν,4
פנימ,επιβλεποντεσ,4
חשק,πραγματεια,4
אבחר,εκλεγω,4
תפלת,δεησισ,4
התפללו,προσευξονται,4
שבת,κατοικητηριου,4
עמי,λαοσ,4
בנות,οικοδομεω,4
עזבו,εγκαταλειπω,4
גליל,γαλιλαια,4
יבוסי,ιεβουσαιου,4
האמנתי,πιστευω,4
העמיד,ιστημι,4
שפלה,πεδινη,4
שלמ,τελειος,4
יבנה,οικοδομεω,4
יכ,σκηνωματα,4
בקבק,σταμνον,4
במות,υψηλοσ,4
ימלא,πληροω,4
יאכלו,καταφαγονται,4
יהמ,ημερα,4
גבתונ,γαβαθων,4
נשמה,πνοη,4
חנני,ανανι,4
ככרימ,ταλαντον,4
עצימ,σχιδακασ,4
ידעו,γνωτωσαν,4
ישימו,τιθημι,4
מדינות,χωροσ,4
מישור,ευθυσ,4
מיכיהו,μιχαιασ,4
מיכיהו,μιχαιαν,4
יואש,ιωασ,4
שמעא,σαμαα,4
נתנאל,ναθαναηλ,4
יה,κωμη,4
עזריה,αζαριαν,4
חלצ,χελλησ,4
יותמ,ιωαθαμ,4
בית,βαιθλαεμ,4
לחמ,βαιθλαεμ,4
אליפלט,ελιφαλετ,4
רפיה,ραφαια,4
יחת,ιεθ,4
שריה,σαραια,4
זכור,ζακχουρ,4
גרשומ,γεδσων,4
יואח,ιωαχ,4
עולה,ολοκαυτωμα,4
נותרימ,καταλοιποισ,4
גורל,κληροσ,4
שמונימ,ογδοηκοντα,4
התיחש,αριθμοσ,4
בלע,βαλλω,4
מעכה,μοωχα,4
מערב,δυσμαι,4
ירחמ,ιρααμ,4
זכריה,ζαχαριασ,4
חצר,αυλαι,4
שר,στρατηγοσ,4
שמעיה,σαμαιασ,4
עשירי,δεκατοσ,4
עשתי,ενδεκατοσ,4
עשר,ενδεκατοσ,4
מעל,υψοσ,4
הכינותי,ητοιμασα,4
שיר,ωδω,4
הדות,αινεω,4
נפלאת,θαυμασιοσ,4
יו,εκλεκτοσ,4
יעמיד,ιστημι,4
מהלל,αινετοσ,4
פרשימ,ιπποσ,4
חנונ,αναν,4
שפכת,εξεχεασ,4
ארבעה,τεταρτοσ,4
שלמות,σαλωμωθ,4
שנימ,εξηκοντα,4
חזק,ισχυε,4
משקל,σταθμον,4
שמרה,φυλασσω,4
ני,εισακουω,4
שובה,επιστρεψον,4
שאול,ανδανω,4
כעס,θυμοσ,4
צורר,εχθρω,4
אספרה,διηγεομαι,4
ענוימ,πενητων,4
צפור,στρουθιον,4
שפתי,χειλοσ,4
עניימ,πτωχοσ,4
נבל,αφρων,4
עני,πτωχου,4
שבות,αιχμαλωσια,4
ישמח,ευφρανθητω,4
ני,φυλασσω,4
פעמ,διαβηματα,4
ני,επηκουσασ,4
סבבו,περικυκλοω,4
מפלט,ρυστησ,4
גערת,επιτιμησεωσ,4
קצות,ακρον,4
תשית,τιθημι,4
ארכ,μακροτητα,4
בטח,ελπιζω,4
רומה,υψωθητι,4
אקרא,κεκραξομαι,4
יבש,ξηραινω,4
אשלמ,αποδιδωμι,4
יהללו,αινεσουσιν,4
אבושה,καταισχυνθειην,4
קויתי,υπομενω,4
רחמ,οικτιρμω,4
יכ,οικτιρμω,4
רשת,παγισ,4
פנה,επιβλεψον,4
תמ,ακακια,4
ני,λυτρωσαι,4
מעוז,υπερασπιστησ,4
תסתר,αποστρεψησ,4
נו,εξομολογεω,4
יגיד,αναγγελλω,4
יכ,φοβεω,4
נבל,ψαλτηριω,4
הו,εργον,4
ירא,φοβουμενουσ,4
יו,φοβουμενουσ,4
תהלת,αινεσισ,4
דרשתי,εξεζητησα,4
שועת,δεησισ,4
קדר,σκυθρωπαζων,4
אהלל,αινεσω,4
כלמה,εντροπη,4
עולה,ανομια,4
יו,οσιοσ,4
קצפ,θυμοσ,4
יכ,βελοσ,4
קרב,εντοσ,4
אספ,συναγω,4
כזב,ψευδοσ,4
תשועת,σωτηριον,4
תאחר,χρονισησ,4
אזכרה,μιμνησκω,4
חרפו,ωνειδισαν,4
זנחת,απωσω,4
משכנות,σκηνωματα,4
אבטח,ελπιω,4
מו,εαυτοι,4
נו,διδωμι,4
שכנ,ημω,4
ינו,γειτοσιν,4
דבקה,κολλαω,4
בטחימ,πειθω,4
נצח,αιω,4
מלא,πληρωμα,4
ישובו,επιστρεψουσιν,4
תשחת,διαφθειρησ,4
עז,κρατοσ,4
היית,εγενηθησ,4
ני,οδηγεω,4
יבאו,ηκω,4
מזמור,ψαλμου,4
ישועת,ημω,4
שחקימ,νεφελη,4
חרפות,ονειδισμοσ,4
אזכיר,μιμνησκω,4
חפצתי,εθελω,4
לויתנ,δρακων,4
צענ,τανεωσ,4
ישחית,διαφθειρω,4
ימרו,επικραινω,4
נו,επιστρεψον,4
דמעה,δακρυον,4
שפטו,κρινω,4
הצילו,ερυω,4
עברת,οργη,4
כוש,αιθιοψ,4
זכרת,εμνησθησ,4
יסדת,θεμελιοω,4
עונת,ημω,4
חצרות,αυλαι,4
מרומ,υψηλοι,4
ני,βοηθεω,4
שירו,αισατε,4
רמ,υψηλοσ,4
עדי,εωσ,4
יהמ,αναγκω,4
עמדת,μενω,4
פקד,εντολη,4
יכ,στομα,4
זדימ,υπερηφανοσ,4
יכ,δικαιωματων,4
שוא,ματαιοτητα,4
נו,ελεεω,4
גגות,δωμα,4
כוכבימ,αστρον,4
נשגב,υψοω,4
יכמ,αμαρτια,4
יושב,ενοικου,4
מרמס,καταπατημα,4
סופה,καταιγισ,4
שמוע,ακουω,4
רמליהו,ρομελιου,4
יהמ,υμα,4
גוי,λαοσ,4
אשור,ασσυριοισ,4
בז,προνομην,4
ששונ,ευφροσυνη,4
גאות,υβρισ,4
שדד,απολλυμι,4
שבר,συντριμμα,4
תרשיש,καρχηδων,4
ישב,ενοικου,4
יו,πινω,4
זעיר,μικροσ,4
חרשימ,κωφοσ,4
טבח,σφαγη,4
רב,ραψακησ,4
שקה,ραψακησ,4
חזקיהו,εζεκια,4
מעלות,αναβαθμοσ,4
בורא,ποιεω,4
תהלת,αρετη,4
בלעד,πλην,4
בני,ανθρωποσ,4
ילדימ,νεανισκοσ,4
כונ,υμω,4
קבל,καθαπερ,4
די,καθαπερ,4
פשר,κρισισ,4
כשדי,χαλδαι,4
שאל,επερωτα,4
קדמ,βασιλευσ,4
חכימי,σοφιστησ,4
חכימינ,σοφοσ,4
התבהלה,σπουδη,4
גלות,αιχμαλωσιασ,4
די,ιουδαια,4
יהוד,ιουδαια,4
רזינ,μυστηριον,4
די,χαλκοι,4
נחש,χαλκοι,4
רגלו,πουσ,4
הי,πουσ,4
די,ανευ,4
ידינ,χειρω,4
די,χρυσεοσ,4
תקיפה,ισχυροσ,4
מערב,αναμεμειγμενον,4
לשני,γλωσσα,4
אחשדרפני,σατραπασ,4
קבל,κατεναντι,4
עממי,εθνοσ,4
משרוקית,συριγξ,4
פסנתרינ,ψαλτηριου,4
תפלונ,πιπτω,4
גברי,ανθρωποσ,4
הקימת,εστησασ,4
הקימת,ιστημι,4
ישיזבנ,εξελει,4
נא,λατρευομεν,4
חמא,θυμοσ,4
הי,φιλοσ,4
גשמ,σωμα,4
די,σεδραχ,4
דארינ,οικοσ,4
דירינ,οικοσ,4
חזות,κυτοσ,4
ער,εχθροσ,4
סופ,περασ,4
המונכ,μανιακην,4
המניכ,μανιακην,4
תלת,τριτοσ,4
תלתינ,τριακοντα,4
מנ,εμπροσθεν,4
פלח,λατρευεισ,4
תדיר,ενδελεχω,4
קבל,καθοτι,4
די,καθοτι,4
קדמ,εναντιον,4
גפינ,πτερον,4
עינינ,οφθαλμοσ,4
ממלל,λαλου,4
די,πυρ,4
מנ,προσωπον,4
מלי,λογοσ,4
רברבת,μεγασ,4
בר,υιοσ,4
תלתה,τρει,4
זמנינ,καιροσ,4
הובדה,απολλυμι,4
שלוש,τριτοσ,4
שממ,ερημωσισ,4
מרדנו,απεστημεν,4
ינו,βασιλευσ,4
שבעימ,εβδομαδεσ,4
נחרצה,συντελεια,4
שבעימ,εβδομαδασ,4
חמדות,επιθυμιω,4
החזיק,κατισχυσει,4
המונ,συναγωγη,4
שקוצ,βδελυγμα,4
דת,δογμα,4
הודע,γνωριζω,4
חזוי,ορασισ,4
תנדע,γιγνωσκω,4
טעמ,δογμα,4
הי,μεγασ,4
אחשדרפני,σατραπαι,4
ענפו,κλαδοσ,4
הי,κλαδοσ,4
זיו,μορφη,4
הוה,βουλομαι,4
צבא,βουλομαι,4
רקיע,στερεωματοσ,3
שרצ,ερπετον,3
נפש,ψυχω,3
ירב,πληθυνω,3
אכלה,βρω,3
יצמח,ανατει,3
המטיר,βρεχω,3
נשמת,πνοη,3
עדנ,εδεμ,3
ראשימ,αρχη,3
כוש,αιθιοπιασ,3
פרת,ευφρατησ,3
ינח,τιθημι,3
כמ,εσθιω,3
תאכל,εφαγεσ,3
קוצ,ακανθα,3
הו,εξαποστελλω,3
עדנ,τρυφη,3
ישמ,τασσω,3
תספ,προστιθημι,3
לדת,τεκει,3
יולד,γιγνομαι,3
צלה,σελλα,3
מקנה,κτηνοτροφος,3
פצע,τραυ,3
תקרא,επονομαζω,3
מאת,πεντε,3
מאות,δεκα,3
ששימ,εκατον,3
שמנה,οκτακοσιοι,3
מאת,εξηκοντα,3
חמש,εκατον,3
חמש,εξηκοντα,3
שלש,πεντε,3
בחרו,εκλεγω,3
רבה,πληθυνω,3
תמימ,τελειοσ,3
מלאה,πιμπλημι,3
מביא,επαγω,3
באת,εισερχομαι,3
מנ,πασ,3
אספת,συναξεισ,3
אכלה,φαγει,3
טהורה,καθαροσ,3
טהרה,καθαροσ,3
שבעה,εβδομοσ,3
שבעה,εικασ,3
יומ,εικασ,3
רמש,κινεω,3
באימ,εισπορευομαι,3
גבהימ,υψηλοσ,3
חמש,δεκα,3
חמשימ,εκατον,3
קלו,κοπαζω,3
כפ,πουσ,3
כמ,φοβοσ,3
ירק,λαχανον,3
אדרש,εκζητεω,3
חיה,ζωσησ,3
ערות,γυμνωσις,3
ישימו,επιτιθημι,3
אלישה,ελισα,3
תבל,θοβελ,3
משכ,μοσοχ,3
כתימ,κιτιεις,3
סבא,σαβα,3
נינוה,νινευη,3
צידנ,σιδω,3
ארצת,χωρα,3
יקטנ,ιεκταν,3
משא,μασση,3
שמימ,εωσ,3
חמש,τριακοντα,3
ארבע,τριακοσιοι,3
מולדת,γιγνομαι,3
אור,χωρα,3
אור,χαλδαιοσ,3
ארא,δεικνυμι,3
אברכה,ευλογεω,3
נברכו,ενευλογεω,3
צאת,εξεστι,3
גור,παροικη,3
הגדת,απηγγειλασ,3
לכ,αποτρεχω,3
רע,ποιμην,3
כה,εωσ,3
שא,αναβλεπω,3
עפר,αμμοσ,3
אלני,μαμβρη,3
צביימ,σεβωειμ,3
צבוימ,σεβωειμ,3
שדימ,αλυκος,3
מלח,αλισκομαι,3
עמלקי,αμαληκ,3
אמרי,αμορραιουσ,3
רכש,ιπποσ,3
רכש,αποσκευη,3
בית,οικογενει,3
ירדפ,διωκω,3
יהוה,δεσποτησ,3
הנה,ευθυσ,3
עגלה,δαμαλις,3
אימה,φοβοσ,3
עצר,συγκλειω,3
גברת,κυρια,3
חמס,αδικου,3
שמע,επακουω,3
עני,ταπεινοω,3
חי,φρεαρ,3
המול,περιτεμνω,3
ימול,περιτεμνω,3
נכר,αλλοτριος,3
אקימ,ιστημι,3
דברת,ερω,3
עמד,παριστημι,3
קרב,εαυτου,3
אשוב,αναστρεφω,3
גויי,εθνοσ,3
ידעתי,οιδα,3
הביא,επαγω,3
אשחית,απολλυμι,3
סורו,εκκλινω,3
מצות,αζυμουσ,3
גור,παροικεω,3
נו,αποστελλω,3
עונ,ανομιαισ,3
יחזקו,κρατεω,3
המלט,σωζω,3
הפכ,καταστρεφω,3
צוער,σηγωρ,3
שבת,κατοικη,3
צעירה,νεωτερος,3
תשכב,κοιμαομαι,3
אמש,εχθεσ,3
שכבי,κοιμαω,3
יגר,παροικεω,3
אמר,ειπει,3
הבאת,επηγαγεσ,3
תעשי,ποιεω,3
ישב,αποδιδωμι,3
ירפא,ιαομαι,3
אמה,παιδισκη,3
חמת,ασκοσ,3
תלכ,απελθου,3
שמ,τοποσ,3
יה,οφθαλμοσ,3
אחזת,οχοζαθ,3
הו,νυμφαγωγοσ,3
פיכל,φικολ,3
קרא,επονομαζω,3
נשבעו,ομνυμι,3
ישבו,επιστρεφω,3
אשל,αρουρα,3
יחיד,αγαπητοσ,3
יחבש,επισαττω,3
כוכבי,αστηρ,3
ירש,κληρονομεω,3
אחזת,κτη,3
אקברה,θαπτω,3
מבחר,εκλεκτοσ,3
קבר,μνημει,3
מכפלה,διπλου,3
תוכ,υμι,3
מכפלה,διπλους,3
יצאת,εξεστι,3
נצב,ιστημι,3
שתת,πινω,3
כלה,συντελεω,3
גמל,καμηλοισ,3
הצליח,ευοδοω,3
גמלימ,καμηλοισ,3
רחצ,νιπτω,3
יגדל,υψοω,3
ישבע,ορκιζω,3
מצליח,ευοδοω,3
יה,εαυτου,3
שלח,εκπεμπω,3
נקרא,καλεω,3
יברכו,ευλογεω,3
נו,αδελφη,3
רבבה,μυριασ,3
יקח,αναλαμβανω,3
ראי,ορασισ,3
צעיפ,θεριστρον,3
דדנ,δαιδαν,3
קטורה,χεττουρασ,3
משמע,μασμα,3
תימא,θαιμαν,3
יהמ,σκηνη,3
שלשימ,επτα,3
שבע,τριακοντα,3
קחת,λαμβανω,3
יעתר,επακουω,3
ימלאו,πληροω,3
יקראו,επονομαζω,3
בכרת,πρωτοτοκια,3
ימכר,αποδιδωμι,3
גדל,γιγνομαι,3
חפרו,ορυσσω,3
יחפרו,ορυσσω,3
עשק,αδικια,3
יפר,αυξανω,3
באתמ,ερχομαι,3
ינו,μεσοσ,3
שלומ,σωτηρια,3
גדל,πρεσβυσ,3
הביאה,φερω,3
עזימ,εριφοσ,3
ידימ,χει,3
תבוא,ελθει,3
גמ,καμνω,3
יקרבו,εγγιζω,3
מחלת,μαελεθ,3
ירדימ,καταβαινω,3
יצק,επιχεω,3
עשר,δεκατοσ,3
יחבק,περιλαμβανω,3
הו,εισαγω,3
רמית,παραλογιζομαι,3
ני,παραλογιζομαι,3
אחרות,ετεροσ,3
קראה,καλεω,3
תני,διδωμι,3
דודאי,μανδραγορω,3
שכר,μισθοω,3
חומ,φαιος,3
כשבימ,αρην,3
שלשומ,ημερα,3
כנ,πατηρ,3
תמל,εχθεσ,3
מולדת,γενεσισ,3
כספ,ημω,3
נו,αργυριον,3
מקנ,υπαρχω,3
תגנב,κλεπτω,3
תרפימ,ειδωλον,3
הכר,επιγινωσκω,3
יוכח,ελεγχω,3
ילקטו,συλλεγω,3
גל,βουνος,3
גל,βουνοσ,3
איש,ετεροσ,3
רע,ετεροσ,3
הו,ετεροσ,3
הלכ,απειμι,3
עינ,αναβλεπω,3
יו,αναβλεπω,3
מחנימ,παρεμβολη,3
ירא,φοβοσ,3
הכ,πατασσω,3
אילימ,κριουσ,3
יפגש,συνανταω,3
פנ,προπορευομαι,3
אחד,ενδεκα,3
עשר,ενδεκα,3
יבק,ιαβοκ,3
כפ,πλατουσ,3
חננ,ελεεω,3
ילד,τεκνον,3
יפצר,βιαζω,3
סכת,σκηνη,3
שכמ,σικιμων,3
יענ,ταπεινοω,3
בנת,ημω,3
תשבו,κατοικεω,3
ישבו,οικεω,3
היות,ωστε,3
יצאי,εκπορευομαι,3
חללימ,τραυματιασ,3
יהמ,ονοσ,3
כמ,μεσοσ,3
נעלה,αναβω,3
לוז,λουζα,3
אלונ,βαλανοσ,3
כברת,χαβραθα,3
זלפה,ζελφασ,3
אהליבמה,ελιβεμα,3
בת,υιοσ,3
יעוש,ιεουσ,3
שבת,οικεω,3
שאת,φερω,3
עדה,αδασ,3
אומר,ωμαρ,3
שמה,σομε,3
מזה,μοζε,3
אצר,ασαρ,3
דישנ,ρισων,3
יתרנ,ιεθραν,3
בעור,βεωρ,3
תימני,θαιμαν,3
עכבור,αχοβωρ,3
שבע,δεκα,3
עשרה,επτα,3
פסימ,ποικιλοσ,3
הנה,οιομαι,3
הנה,ωσπερ,3
השתחות,προσκυνη,3
הו,ριπτω,3
אכלת,κατεσθιω,3
השיב,αποδιδωμι,3
נו,αποδιδωμι,3
כספ,χρυσοσ,3
טרפ,αρπαζω,3
יתאבל,πενθεω,3
מכרו,αποδιδωμι,3
שר,αρχιμαγειρος,3
טבחימ,αρχιμαγειρος,3
אמ,οταν,3
שבי,καθημαι,3
יגדל,μεγασ,3
תמנת,θαμνα,3
ערבונ,αρραβω,3
מצאת,ευρηκασ,3
שני,κοκκινοσ,3
הורד,καταγω,3
סריס,ευνου,3
יפקד,καθιστημι,3
יהי,ηνικα,3
אקרא,βοαω,3
הרימתי,υψοω,3
אלה,ουτω(σ),3
בית,δεσμωτηριον,3
סהר,δεσμωτηριον,3
ראה,γιγνωσκω,3
שר,αρχιοινοχοος,3
משקימ,αρχιοινοχοος,3
שר,αρχιοινοχοοσ,3
משקימ,αρχιοινοχοοσ,3
אפימ,αρχισιτοποιος,3
טבות,καλοσ,3
דקות,λεπτος,3
מזכיר,αναμιμνησκω,3
יו,στολη,3
רקות,λεπτοσ,3
יהמ,εχω,3
מגיד,απαγγελλω,3
שבע,ευθηνια,3
שבע,ευθηνιασ,3
ירכב,αναβιβαζω,3
אסנת,ασεννεθ,3
פוטי,πετεφρη,3
פרע,πετεφρη,3
שבר,πριαμαι,3
אחד,ετεροσ,3
נו,υπαρχω,3
צרת,θλι,3
צדה,επισιτισμοσ,3
צרור,δεσμοσ,3
יגונ,λυπη,3
כלו,συντελεω,3
שאל,επερωταω,3
אמתחת,μαρσιππουσ,3
ידענו,οιδα,3
ישתה,πινω,3
תספונ,προστιθημι,3
טרפ,γιγνομαι,3
לקחתמ,λαμβανω,3
איש,πασ,3
ענות,αποκρινω,3
נבהלו,ταρασσω,3
קציר,αμητοσ,3
ישימ,ποιεω,3
טפ,παιδιον,3
עגלות,αμαξασ,3
פלוא,φαλλουσ,3
חצרונ,ασρων,3
ימואל,ιεμουηλ,3
ישוב,ιασουβ,3
שלשימ,τρει,3
מרעה,νομη,3
צאנ,κτηνος,3
רעמסס,ραμεσση,3
אפס,εκλειπω,3
מקנ,υμω,3
יביאו,αγω,3
אדמת,ημω,3
קנה,κτη,3
ידת,μεροσ,3
כמ,βρω,3
יו,γονυ,3
גאל,ερυω,3
עלית,ανεβησ,3
יצוע,στρωμνη,3
יעזר,βοηθεω,3
עולמ,αεναος,3
זאב,λυκοσ,3
שבטי,υιοσ,3
שדה,σπηλαιον,3
יצו,προστασσω,3
יעברו,παρειμι,3
השביע,ορκιζω,3
בית,πανοικια,3
כבד,μεγασ,3
מספד,κοπετοσ,3
סבלת,εργον,3
בנ,αρσην,3
דבר,συντασσω,3
תשמ,τιθημι,3
שמ,καθιστημι,3
הרג,αναιρεω,3
ילכ,ερχομαι,3
גרשמ,γηρσαμ,3
חתי,χετταιων,3
פרזי,φερεζαιων,3
גרגשי,γεργεσαιων,3
חוי,ευαιων,3
יבוסי,ιεβουσαιων,3
דר,γενεω,3
יחזק,επιλαμβανομαι,3
שלג,χιοσ,3
יו,μωυσησ,3
חרש,κωφοσ,3
לב,εαυτου,3
מתו,θνησκω,3
אינ,ουκετι,3
שטרי,γραμματει,3
יהוה,ημω,3
ינתנ,διδωμι,3
שלחת,απεσταλκασ,3
הצלת,ερρυσω,3
חזקה,υψηλω,3
אזכר,μιμνησκω,3
משפחת,πατριω,3
נפג,ναφεκ,3
המ,θεοσ,3
מכשפימ,φαρμακουσ,3
חרטמי,επαοιδοι,3
לכ,βαδισον,3
נצבת,ιστημι,3
דגה,ιχθυσ,3
נהרת,ποταμοσ,3
אגמ,αιρεω,3
יהמ,υδωρ,3
לט,φαρμακειαισ,3
יחזק,σκληρυνω,3
שתת,πιει,3
צפרדעימ,βατραχοσ,3
חרטמימ,επαοιδοι,3
העתירו,ευξασθε,3
בת,οικιω,3
יצעק,βοαω,3
כנימ,σκνι,3
השכמ,ορθρισον,3
התיצב,ιστημι,3
ערב,κυνομυιαν,3
מלאו,πλησθησονται,3
בתי,οικιαι,3
זבחו,θυω,3
מלא,πληρησ,3
אכ,πατασσω,3
ימטר,βρεχω,3
שערה,κρινω,3
חטא,αμαρτανω,3
ארבה,ακριδα,3
אכל,κατεδεται,3
בת,οικιαι,3
נו,δσυν,3
פנ,υμι,3
הו,τοιουτοσ,3
ישא,ανελαβεν,3
אביא,επαγω,3
גרש,εκβαλει,3
רחימ,μυλοσ,3
צעקה,κραυγη,3
מזוזת,σταθμοσ,3
ראשנ,πρωτοσ,3
ארבעה,τεσσαρεσκαιδεκατοσ,3
עשר,τεσσαρεσκαιδεκατοσ,3
אזוב,υσσωποσ,3
תצאו,εξελευσεσθε,3
נגפ,πατασσω,3
חק,νομιμοσ,3
עבדה,λατρεια,3
דבר,καθα,3
בצק,σται,3
ליל,νυξ,3
כמ,κυριοσ,3
זכרימ,αρσενικα,3
פני,εναντιοσ,3
ברח,πεφευγεν,3
שש,εξακοσια,3
רמה,υψηλοσ,3
נו,εξηγαγεσ,3
דברנו,λαλεω,3
טוב,κρει,3
יסע,εξεστι,3
יכסו,καλυπτω,3
גאה,ενδοξοσ,3
עז,βοηθοσ,3
הו,δοξαζω,3
מו,καλυπτω,3
גאונ,δοξα,3
יכ,υπεναντιοσ,3
תבלע,καταπινω,3
גאלת,ελυτρωσω,3
מצאו,ευρισκω,3
רפא,ιαομαι,3
אילמ,αιλιμ,3
יחנו,παρενεβαλον,3
שבת,οταν,3
תלנת,γογγυσμον,3
יכמ,γογγυσμον,3
דק,λεπτοσ,3
אהל,υμω,3
מרבה,πολυσ,3
איש,μηδεισ,3
יגידו,αναγγελλω,3
הו,ευρισκω,3
פי,φονοσ,3
יהושע,ιησοι,3
יעמד,παριστημι,3
שרי,πεντηκονταρχουσ,3
חמשימ,πεντηκονταρχουσ,3
שרי,δεκαδαρχουσ,3
עשרת,δεκαδαρχουσ,3
תגיד,αναγγελλω,3
שמרתמ,φυλαξητε,3
צו,συντασσω,3
השמרו,προσεχω,3
בהמה,κτη,3
תעבד,λατρευσησ,3
רבעימ,τεταρτοσ,3
רבעימ,γενεα,3
ינקה,καθαριζω,3
קדש,αγιαζειν,3
ימ,γενοσ,3
יכ,γενοσ,3
תעלה,αναβαινω,3
משפטימ,δικαιωμα,3
נו,λαμβανω,3
ינצו,μαχομαι,3
יגח,κερατιση,3
שור,ταυροσ,3
שלמ,αποτεισει,3
הו,αγροσ,3
ישאל,αιτεω,3
ימאנ,βουλομαι,3
גרימ,προσηλυτοσ,3
שלמת,ιματιον,3
תשיב,αποδιδωμι,3
כסות,περιβολαιον,3
דל,πενησ,3
שנא,εχθροσ,3
גדי,αρνοσ,3
יכ,ημερω,3
יכ,προτεροσ,3
אש,ωσει,3
עזימ,θριξ,3
עזימ,αιγειασ,3
תחשימ,υακινθινα,3
הבאת,εισαξεισ,3
בדימ,αναφορει,3
קצה,κλιτουσ,3
מסגרת,στεφανη,3
כפתר,σφαιρωτη,3
פרח,κρινον,3
צד,κλιτουσ,3
כפתר,σφαιρωτηρ,3
יריעת,αυλαιασ,3
עשרימ,οκτω,3
מחברת,συμβολη,3
חברת,συναψεισ,3
קרש,στυλουσ,3
צלע,μεροσ,3
תימנ,λιψ,3
עמדימ,στυλων,3
חמש,πεντεκαιδεκα,3
עשרה,πεντεκαιδεκα,3
אמה,εκατον,3
יתדת,πασσαλοι,3
עדת,διαθηκη,3
אפוד,επωμιδα,3
אבנט,ζωνη,3
מעש,ποιησιν,3
יו,ωμοσ,3
כפול,διπλου,3
שתימ,δεκα,3
לב,στηθουσ,3
נשא,φερω,3
תכלת,υακινθινον,3
פי,περιστομιον,3
פי,κυκλω,3
שולי,λωματοσ,3
בא,εισπορευωνται,3
דבר,ταυ,3
פר,μοσχαριον,3
תקריב,προσαξεισ,3
מצנפת,μιτρα,3
סמכ,επιτιθημι,3
פר,μοσχου,3
שחטת,σφαξεισ,3
כלית,νεφροσ,3
תנופה,αφορισμα,3
תרומה,αφαιρεμα,3
תרומת,αφαιρεμα,3
כבש,αμνον,3
תמיד,ενδελεχισμου,3
אועד,γνωσθησομαι,3
עדת,μαρτυριων,3
פקדימ,επισκεψιν,3
שקל,διδραχμου,3
כפר,εξιλασκομαι,3
כיור,λουτη,3
חמשימ,διακοσιοι,3
מאתימ,πεντηκοντα,3
משחת,χρι,3
יה,σκευοσ,3
תמשח,χρισεισ,3
אורי,ουριασ,3
דעת,επιστημη,3
כתבימ,γραφω,3
נזמי,ενωτιον,3
מסכה,χωνευτον,3
יו,κατεναντι,3
מכתב,γραφη,3
ענות,εξαρχοντων,3
גבורה,ισχυσ,3
ישבר,συνετριψεν,3
אשלכ,ερριψα,3
חטאת,υμω,3
חטא,ημαρτηκεν,3
עתה,νυνι,3
יכ,αγγελοσ,3
עדי,κοσμοσ,3
נטה,πηγνυμι,3
הסרתי,αφελω,3
בני,τεκνον,3
חטאת,ημω,3
נו,ανομια,3
מזבחת,βωμοσ,3
פסילי,γλυπτα,3
ראות,οφθη,3
מסוה,καλυμμα,3
פנ,εαυτου,3
יו,μοχλουσ,3
סמימ,θυμιαμα,3
חכמת,συνεσισ,3
קודש,αγιοσ,3
תולעת,κοκκινω,3
שש,βυσσω,3
עמוד,στυλουσ,3
יצפ,κατεχρυσωσεν,3
טבעות,δυο,3
תחת,κατωθεν,3
חצ,ημισυσ,3
יו,ημισυσ,3
קצות,μερω,3
שקל,σικλοι,3
אלפימ,τρισχιλιοι,3
עמודימ,στυλοισ,3
יו,μερω,3
חדש,νουμηνια,3
עלה,καρπωματων,3
הכת,πατασσω,3
אדרעי,εδραιν,3
פנו,επιστρεφω,3
סעו,απαρατε,3
נתתי,παραδεδωκα,3
יכמ,φυλη,3
ראש,ηγεομαι,3
שפט,υμω,3
רש,κληρονομεω,3
כמ,ερχομαι,3
יכמ,λογοσ,3
יפנה,ιεφοννη,3
התאנפ,θυμοω,3
נו,εντελλω,3
יכמ,εχθρω,3
כמ,φωνη,3
נעבר,παρηλθομεν,3
פנימ,προτεροσ,3
ענקימ,ωσπερ,3
ענקימ,ενακιμ,3
ירשת,κληρονομια,3
זרד,ζαρετ,3
מול,εγγυσ,3
עמונ,αμμαν,3
ישמעונ,ακουω,3
נכ,επαταξαμεν,3
פנ,χει,3
ארגב,αργοβ,3
גדי,γαδ,3
מעש,ποιεω,3
גבורת,ισχυσ,3
בית,φογωρ,3
פעור,οικοσ,3
פעור,φογωρ,3
רביתמ,πολυπλασιασθη,3
באתמ,εισερχομαι,3
ירשתמ,κληρονομεω,3
בעל,βεελφεγωρ,3
פעור,βεελφεγωρ,3
שמעימ,ακουω,3
תמונת,ομοιωμα,3
צפור,ορνεον,3
עבדת,λατρευσησ,3
ירשתמ,κληρονομησετε,3
הפיצ,διασπερει,3
מצאת,ευρισκω,3
מופתימ,τερασ,3
עצמימ,ισχυροτερα,3
מנשי,μανασσησ,3
אזנ,υμω,3
יכמ,γερουσια,3
דברת,λαλησεισ,3
שבת,καθημαι,3
בית,οικιω,3
יכ,πυλοσ,3
זיתימ,ελαιον,3
שבעת,εμπλησθεισ,3
תעבד,λατρευω,3
ינו,ενωπιον,3
יהמ,γλυπτα,3
יפד,ελυτρωσατο,3
בהמת,κτηνος,3
זכר,μνεια,3
האבדת,απολλυμι,3
יתיצב,αντιστησεται,3
תתעב,βδελυξη,3
מנ,μαννα,3
מוצא,εκπορευομαι,3
חטה,πυρου,3
היטב,ποιεω,3
ישמיד,εξολεθρευσει,3
צדקת,δικαιοσυνασ,3
ני,εισαγω,3
רשעת,ασεβεια,3
מוריש,εξολεθρευσει,3
תחת,υποκατωθεν,3
עצומ,ισχυροσ,3
חמה,θυμοσ,3
השחית,εξολεθρευ,3
ערפ,τραχηλοσ,3
יו,σημειον,3
אבירמ,αβιρων,3
יהמ,οικοσ,3
חרה,θυμοω,3
מהרה,ταχοσ,3
מורא,φοβοσ,3
עיבל,γαιβαλ,3
המה,ταυ,3
ישבתמ,κατοικησετε,3
מקמות,τοποσ,3
זבח,υμω,3
נדבת,υμω,3
בכרת,πρωτοτοκοσ,3
אות,επιθυμια,3
צבי,δορκαδα,3
נו,εκχεει,3
יכ,ευχη,3
שומ,επικληθη,3
זבחת,θυσεισ,3
יכ,αγιοσ,3
סביבת,περικυκλω,3
קרבימ,εγγιζω,3
רחקימ,μακραν,3
ישוב,αποστραφη,3
רחמימ,ελεοσ,3
קרחה,φαλακρωμα,3
תבואת,γενηματων,3
יד,εργον,3
שמטה,αφεσεωσ,3
אביונ,ενδεησ,3
רשת,κατακληρονομη,3
תפתח,ανοιξεισ,3
נו,δανιει,3
שכיר,μισθωτου,3
צאת,υμω,3
חרמש,δρεπανον,3
תטע,φυτευσεισ,3
הגידו,αναγγελου,3
תשימ,καθιστημι,3
שבת,καθιζω,3
ממלכת,αρχη,3
כתב,γραψει,3
לוימ,λευιταισ,3
עמדימ,παρεστηκοτεσ,3
שלשה,τριω,3
עמדו,ιστημι,3
יראו,φοβηθησονται,3
נטע,φυτευω,3
נה,λαμβανω,3
שלל,προνομην,3
בנית,οικοδομησεισ,3
נפל,πεπτωκωσ,3
עגלת,δαμαλις,3
ענית,εταπεινωσασ,3
זקני,ανηρ,3
נו,φωνη,3
נפלימ,πεπτωκοτασ,3
בתולימ,παρθενια,3
זקנימ,γερουσια,3
נמצאו,ευρισκω,3
נער,νεανιδι,3
נערה,νεανιδι,3
ענה,ταπεινοω,3
עמוני,αμμανιτησ,3
כמ,εκπορευομαι,3
יהפכ,μετεστρεψεν,3
אדמי,ιδουμαι,3
ישב,κατοικησις,3
תשיכ,εκτοκιει,3
נדר,ευχομαι,3
יכ,χειλος,3
שלח,εξαποστελει,3
יוציא,εξοισει,3
עני,πενησ,3
יבמ,αδελφοσ,3
יבמ,ανηρ,3
יבמת,γυνη,3
עלתה,αναβαινω,3
אבנ,σταθμιον,3
הגדתי,αναγγελλω,3
מתי,αριθμοσ,3
מכה,τυπτων,3
דרכימ,οδοσ,3
ינוסו,φευγω,3
אוצר,θησαυροσ,3
זנב,ουρα,3
תשמע,εισακουσησ,3
עזבת,εγκαταλειπω,3
שמ,ουρανοσ,3
יכ,υποκατω,3
מעלה,ανω,3
עז,αναιδησ,3
נער,νεοσ,3
מצור,στενοχωρια,3
מצוק,θλιψισ,3
המ,εκει,3
הביא,επαγαγει,3
קבצ,συναγω,3
יכ,χειρ,3
בוא,εισπορευεσθαι,3
אמצ,ισχυε,3
מצאו,ευροσαν,3
ני,ευροσαν,3
ילמד,διδασκω,3
עול,αδικια,3
נבל,μωροσ,3
בינו,συνιημι,3
ישראל,θεοσ,3
קנ,νοσσια,3
יו,πτερυξ,3
בדד,μονοσ,3
עתודימ,τραγοσ,3
שדימ,δαιμονιον,3
חדשימ,καινοσ,3
יהמ,ειδωλοισ,3
צר,υπεναντιοσ,3
עצות,βουλη,3
נקמ,εκδικησισ,3
מו,υμι,3
אשא,αειρω,3
חלל,τραυματιω,3
מריבה,αντιλογια,3
כליל,πασ,3
גבעות,βουνω,3
הדר,καλλοσ,3
אפסי,ακρον,3
רבבות,μυριασ,3
לביא,λεων,3
תירוש,οινοσ,3
טל,δροσω,3
כליונ,χελαιων,3
יה,θεοσ,3
אמות,αποθανου,3
שת,αμφοτεροσ,3
תהמ,ηχεω,3
מואביה,μωαβι,3
שבה,επιστρεφω,3
תלקט,συλλεγω,3
קוצרימ,θεριζω,3
נחמת,παρακαλεω,3
פת,ψωμος,3
נער,παιδαριοισ,3
לקטה,συλλεγω,3
יגיד,απαγγελλω,3
גאל,αγχιστευ,3
גאל,αγχιστευς,3
ישבימ,καθημαι,3
זולת,παρεξ,3
עבד,ωβηδ,3
נציב,νασιβ,3
פננה,φεννανα,3
השתחות,προσκυνεω,3
שלה,σηλω,3
חנה,αννασ,3
תבכה,κλαιω,3
כסא,διφροσ,3
יהוה,ενωπιον,3
מדברת,λαλεω,3
ילכו,πορευονται,3
שאלתי,ητησαμην,3
שלו,σηλωμ,3
יקרב,προσαγω,3
סיר,λεβησ,3
מעיל,διπλοιδα,3
הלכו,απειμι,3
שמעה,ακοη,3
שמעות,ακοη,3
עבדימ,δουλευω,3
בניתי,οικοδομεω,3
קראת,κεκληκασ,3
שכב,καθευδε,3
שלשית,τριτοσ,3
היה,κυριοσ,3
נגלה,αποκαλυπτω,3
יערכו,παρατασσονται,3
ישאו,αιρουσιν,3
שני,αμφοτεροι,3
תרועה,κραυγη,3
נו,εκαιρεω,3
יו,σκηνωμα,3
כפות,ιχνος,3
יזעקו,εβοησαν,3
ני,θανατοσ,3
ארצ,υμω,3
אשקלונ,ασκαλω,3
פרזי,φερεζαιου,3
בעלימ,βααλιμ,3
יעבדו,εδουλευσαν,3
מצפת,μασσηφαθ,3
ישפכו,εκχεω,3
עולה,ολοκαυτωσιν,3
יזעק,βοαω,3
נו,βοηθεω,3
יספו,προστιθημι,3
שפט,ημα,3
יעזב,εγκαταλειπω,3
שדות,αγροσ,3
בחרתמ,εκλεγω,3
מלחמת,πολεμοσ,3
אביאל,αβιηλ,3
גבור,ανηρ,3
נערות,κορασια,3
ענ,αποκρινω,3
אתנות,ονος,3
נמצאו,ευρηνται,3
שבטי,σκηπτρον,3
שלשימ,εβδομηκοντα,3
משח,χριω,3
חליל,αυλοσ,3
עלות,ολοκαυτωσιν,3
נבאימ,προφητω,3
יתנבא,προφητευω,3
דוד,οικεω,3
מושיע,σωτηρ,3
התיצבו,καταστητε,3
ילכד,κατακληρου,3
ירצו,τρεχω,3
יבש,ιαβισ,3
צדקות,δικαιοσυνη,3
אלפימ,δισχιλιοι,3
מערות,σπηλαιον,3
עברו,διαβαινω,3
תקומ,στησεται,3
שאר,καταλειμμα,3
יפנה,επιβλεπουσα,3
אחטוב,αχιτωβ,3
שנ,οδοσ,3
הגישה,προσαγω,3
יער,δρυμοσ,3
הלמ,ενταυ,3
עבד,δουλεια,3
משח,χρι,3
קיני,κιναι,3
עמלקי,αμαληκιτου,3
בקר,βουκολιων,3
יחר,ηθυμησεν,3
ימשח,χριω,3
כנפ,πτερυγιου,3
באתי,ηκω,3
נאד,ασκοσ,3
מערכות,παραταξισ,3
לבוש,ενδυω,3
שקלימ,σικλων,3
אוכל,δυνωμαι,3
חללי,τραυματιαι,3
תפימ,τυμπανοισ,3
יו,χιλιασ,3
יו,μυριασ,3
מוקש,σκανδαλον,3
יברח,φευγω,3
שמה,τιθημι,3
המת,θανατοσ,3
אמית,θανατωσω,3
יתנבאו,προφητευω,3
תמות,αποθανησ,3
כלתה,συντετελεσται,3
ני,θανατωσον,3
מושב,καθεδρα,3
מושב,καθεδραν,3
כלי,πασ,3
דוד,εκει,3
שמ,δαυιδ,3
עדלמ,οδολλαμ,3
ירדו,καταβαινουσιν,3
ימיני,υιοσ,3
דויג,δωηκ,3
חמשה,τριακοσιοι,3
קעלה,κειλα,3
שאל,ερωτη,3
יתהלכו,πορευομαι,3
מצדות,στενοι,3
גבעת,βουνω,3
חכילה,εχελα,3
נתנ,παραδου,3
יבט,επιβλεπω,3
רעה,χειρ,3
פשע,ασεβεια,3
הרגת,απεκτεινασ,3
יקבצו,συναθροιζονται,3
סתר,σκεπη,3
משתינ,ουρου,3
אחינעמ,αχινααμ,3
המ,εαυτου,3
יתנו,δοτωσαν,3
קנזי,κενεζι,3
מחנה,πολεμοσ,3
ראית,εορακασ,3
צר,θλιβομαι,3
שנימ,δευτεροσ,3
בא,εισοδοσ,3
רע,κακια,3
בשור,βοσορ,3
תורד,καταξεισ,3
בית,βαιθσουρ,3
עצב,ειδωλοισ,3
בית,βαιθσαν,3
שנ,βαιθσαν,3
יביש,γαλααδιτιδοσ,3
מגיד,απαγγελλοντι,3
ני,κατεχω,3
במות,υψη,3
יכ,υψη,3
מגנ,θυρεοσ,3
ברכת,κρηνη,3
ברכה,κρηνη,3
נטה,εκκλινω,3
חמש,ψοαν,3
פלגש,παλλακη,3
השיב,αποκρινω,3
מוצא,εξοδοσ,3
יכ,πουσ,3
בארתי,βηρωθαιου,3
יברחו,απεδρασαν,3
רגלימ,πουσ,3
רכב,ρεκχα,3
חטימ,πυρουσ,3
חדר,κοιτω,3
בשר,σαρκεσ,3
יכרת,διατιθημι,3
פסחימ,χωλοσ,3
חרשי,τεκτονασ,3
שובב,σωβαβ,3
יפשטו,συνεπεσαν,3
הסב,αποστρεφω,3
העלות,αναγαγει,3
בקר,μοσχοσ,3
פרצ,διακοπην,3
פרצ,διακοπη,3
רעות,ποιμαινω,3
שכנ,κατασκηνοω,3
נכונ,ανωρθωμενοσ,3
גדולה,μεγαλωσυνην,3
הציב,εφιστημι,3
שבעת,χιλιασ,3
עמודימ,στυλουσ,3
דוד,βασιλευσ,3
כמו,ομοιοσ,3
מנחמימ,παρακαλου,3
זקנ,πωγωνασ,3
ינסו,εφυγαν,3
רבת,ραββαθ,3
לבבות,κολλυριδασ,3
משרת,λειτουργοσ,3
ירכבו,επεκαθισαν,3
צריה,σαρουιασ,3
אבל,μαλα,3
השב,επιστρεψον,3
שקל,ιστημι,3
ישק,καταφιλεω,3
קצ,τελοσ,3
קראימ,κλητοσ,3
גתי,γεθθαι,3
קדרונ,κεδρων,3
נשאימ,αιροντεσ,3
יחפ,ανυποδετοσ,3
רעה,ετησ,3
בחורימ,βαουριμ,3
ארכי,αραχι,3
יעצ,συμβουλευω,3
יוכלו,δυναμαι,3
יעברו,διαβαινω,3
מחנימ,μαναιμ,3
רעב,πεινω,3
אכלה,κατεσθιω,3
פחת,βοθυνοσ,3
ישא,εποσ,3
יכ,νεοτησ,3
הגידו,αναγγελλω,3
יט,εκλινεν,3
משא,φορτιον,3
הניח,αφιημι,3
חגור,περιεζωσμενοσ,3
מסלה,τριβος,3
תמו,εκλειπω,3
שופר,κερατινη,3
אדנירמ,αδωνιραμ,3
עירא,ιροσ,3
גבענימ,γαβαωνιτασ,3
ימית,θανατοω,3
אלחננ,ελεαναν,3
מנור,αντιοσ,3
יחרפ,ονειδιζω,3
מוסדות,θεμελιον,3
גחלימ,ανθρακεσ,3
חצימ,βελοσ,3
מרחב,πλατυσμον,3
דרכי,οδοσ,3
נגד,κατεναντιον,3
חסיד,οσιου,3
צרופה,πυροω,3
בלעדי,πλην,3
ני,οιδα,3
נחושה,χαλκοσ,3
תרב,πληθυνω,3
ני,υποκατω,3
יקומונ,ανιστημι,3
קמ,επανιστανομενουσ,3
יעבד,εδουλευσαν,3
דשא,χλοη,3
המ,πασ,3
דד,πατραδελφου,3
יו,οικτιρμοσ,3
יבסי,ιεβουσαιου,3
שונמית,σωμανι,3
אדניהו,αδωνιου,3
באי,εισερχομαι,3
גחונ,γιων,3
שמחימ,ευφραινομενοι,3
ימשחו,εχρισαν,3
ימית,θανατωσει,3
ישמרו,φυλαξωσιν,3
שלמה,βασιλευσ,3
שר,αρχιστρατηγον,3
צבא,αρχιστρατηγον,3
עמשא,αμεσσα,3
שבו,επιστρεφω,3
עמדימ,στυλουσ,3
רדימ,επισταμαι,3
חרנ,βαιθωρων,3
בניהו,βαναια,3
שמחימ,χαιρω,3
מרכב,αρμα,3
תתנ,δου,3
ארז,κεδροσ,3
קיר,τοιχοσ,3
בית,εαυτου,3
ישרפ,ενεπυρισεν,3
צור,τυροσ,3
חירומ,χιραμ,3
נשא,αιροντεσ,3
עצי,ξυλοισ,3
קירות,τοιχουσ,3
צפה,περιεχω,3
תמרות,φοινιξ,3
גזית,απελεκητων,3
שלש,τρεισκαιδεκα,3
עשרה,τρεισκαιδεκα,3
טורימ,στιχοι,3
שבכה,δικτυον,3
כתרת,επιθεματι,3
שלבימ,εξεχομενων,3
מכנה,μεχωνωθ,3
מסגרת,συγκλεισματα,3
יה,συγκλεισματα,3
כתפ,ωμιασ,3
גלת,στρεπτα,3
שמאול,αριστερω,3
ישמרו,φυλαξωνται,3
בניתי,ωκοδομησα,3
מתפלל,προσευχομαι,3
יחטאו,αμαρτησονται,3
יראה,φοβοσ,3
יו,προσταγμα,3
שלמימ,ειρηνικω,3
ישר,ευθυτητι,3
עציונ,γασιωνγαβερ,3
ידעי,οιδα,3
תראינה,οραω,3
אופיר,σουφιρ,3
אלמגימ,απελεκητα,3
פרדימ,ημιονοσ,3
הקל,κουφισον,3
כמ,κλοιος,3
יסר,επαιδευσεν,3
שוטימ,μαστιγξιν,3
עקרבימ,σκορπιοσ,3
נקדימ,κολλυρια,3
ילדימ,συντροφοσ,3
כה,ταυ,3
יועצ,βουλευω,3
נולד,τικτω,3
אבא,εισερχομαι,3
משלכת,ερριμμενον,3
סר,εκκλινω,3
שתימ,δευτεροσ,3
חטאות,αμαρτιω,3
הבל,ματαιοισ,3
יהמ,ματαιοισ,3
תבני,θαμνι,3
אניות,ναυσ,3
שגוב,σεγουβ,3
יה,θυρα,3
תשבי,θεσβιτησ,3
קחי,λαμβανω,3
צפחת,καψακησ,3
הו,διδωμι,3
קראו,επικαλει,3
תעלה,θααλα,3
תפשו,συλλαβετε,3
עבימ,νεφελη,3
נפש,εαυτου,3
טוב,κρεισσων,3
יכ,θυσιαστηριον,3
אלישע,ελισαιε,3
הסר,αποστησον,3
מלאו,πιμπλημι,3
חוצות,εξοδοσ,3
יזרעאלי,ιεζραηλιτου,3
ברכת,ευλογεω,3
כנענה,χανανα,3
הו,αποστρεφω,3
לחצ,θλιψισ,3
לבש,ενδυω,3
חצרונ,αρσων,3
רמ,ραμ,3
בנת,κωμη,3
שמי,σαμαι,3
עתי,εθθι,3
זבד,ζαβεδ,3
אלעשה,ελεασα,3
שלומ,σαλουμ,3
יערימ,πολισ,3
ברכיה,βαραχια,3
נעריה,νωαδια,3
אליועיני,ελιθεναν,3
יעבצ,ιγαβησ,3
עתניאל,γοθονιηλ,3
שמע,σαμα,3
רבו,πολυσ,3
עבר,ωβηδ,3
אבישוע,αβισου,3
בקי,βωκαι,3
זרחיה,ζαραια,3
מריות,μαριηλ,3
אביספ,αβιασαφ,3
תחת,θααθ,3
אוריאל,ουριηλ,3
משרתימ,λειτουργου,3
בכר,βαχιρ,3
ידיעאל,ιαδιηλ,3
ירימות,ιεριμωθ,3
יפלט,ιαφαλητ,3
אחיו,αδελφοσ,3
זבדיה,ζαβαδια,3
עבדונ,αβαδων,3
מלכי,μελχισουε,3
שוע,μελχισουε,3
עזמות,ασμωθ,3
יעואל,ιιηλ,3
אלקנה,ηλκανα,3
אמונה,πιστισ,3
מערכת,προθεσισ,3
משררימ,ψαλτωδοι,3
קשת,τοξοισ,3
חנית,ρομφαια,3
שלושה,τρεισ,3
שלושה,τριω,3
אריאל,αριηλ,3
סבכי,σοβοχαι,3
תשיעי,ενατοσ,3
יודעי,γιγνωσκω,3
ימי,ημερω,3
גרשומ,γηρσαμ,3
שמירמות,σεμιραμωθ,3
מתתיהו,ματταθιασ,3
פרימ,μοσχουσ,3
הלל,αινεω,3
הושיע,ημα,3
הכינותי,ετοιμαζω,3
מזכיר,υπομνηματογραφοσ,3
יו,δακτυλοι,3
לעדנ,εδαν,3
שלמית,σαλωμωθ,3
ישיה,ισια,3
חצרות,αυλασ,3
שנימ,δωδεκατοσ,3
עשר,δωδεκατοσ,3
שובאל,σουβαηλ,3
עמת,καθωσ,3
ידי,εχω,3
משלמיהו,μοσολλαμια,3
חסה,ωσα,3
לעדנ,λαδαν,3
גרשני,γηρσωνι,3
מאות,εκατονταρχοι,3
חברוני,χεβρωνι,3
קצפ,οργη,3
עזיהו,οζιου,3
רגלי,ποδω,3
שמ,επονομασαι,3
בחר,ηρετικεν,3
שמח,ευφρανθη,3
גבורה,δυναστεια,3
ימ,ημω,3
ינו,ημερα,3
יהגה,μελετησει,3
ריק,κενοσ,3
רעדה,τρομοσ,3
צר,θλιβοντεσ,3
מזמור,ωδη,3
כזב,ψευ,3
בטח,ελπισ,3
נח,οδηγησον,3
קרב,καρδια,3
תברכ,ευλογησεισ,3
תיסר,παιδευσησ,3
יגעתי,κοπιαω,3
סורו,αφιστημι,3
תמ,ακακιαν,3
יו,βελοσ,3
אונ,αδικια,3
גתית,ληνω,3
אדיר,θαυμαστοσ,3
אלהימ,αγγελοσ,3
שדי,πεδιον,3
יכשלו,ασθενησουσιν,3
מישרימ,ευθυτητι,3
משגב,καταφυγη,3
עניימ,πενητων,3
תקות,υπομονη,3
מסתרימ,αποκρυφοισ,3
עוזר,βοηθω,3
אביונימ,πενητων,3
שבר,ταλαιπωρια,3
ימוט,σαλευθησεται,3
נפלו,επιπιπτω,3
מישרימ,ευθυτητασ,3
ארחות,οδοσ,3
הט,κλι,3
יכ,ελεη,3
מו,στομα,3
ני,περικυκλοω,3
אריה,ωσει,3
צור,βοηθοσ,3
אפפו,περιεσχον,3
קדמו,προεφθασαν,3
עברו,διοσ,3
עני,ταπεινοσ,3
ני,αντιλαμβανω,3
קצה,περασ,3
חתנ,νυμφιοσ,3
נאמנה,πιστοσ,3
יו,χειλος,3
ברכות,ευλογια,3
תרחק,αφιστημι,3
דונג,κηροσ,3
מרעימ,πονηρευομενων,3
בזה,εξουδενωσεν,3
יורדי,καταβαινοντεσ,3
יגידו,αναγγελου,3
ישע,σωτη,3
עולמ,αιωνιοι,3
הודיע,γνωρισον,3
ני,γνωρισον,3
נס,πειρασον,3
פד,λυτρωσαι,3
אור,φωτισμοσ,3
כשלו,ησθενησαν,3
בקשו,ζητεω,3
תתנ,παραδιδωμι,3
קוה,υπομεινον,3
אלימ,θεοσ,3
עז,τιμη,3
ישב,καθιεται,3
ארוממ,υψωσω,3
זכר,μνημη,3
מחול,χοροσ,3
גאוה,υπερηφανια,3
אדמ,ανηρ,3
שמחו,ευφραινω,3
תהלה,αινεσισ,3
עשור,δεκαχορδω,3
לב,ημω,3
יכ,χειλοσ,3
ריבה,δικασον,3
כפירימ,λεων,3
ריב,δικη,3
יחפרו,εντραπειησαν,3
יגדל,μεγαλυνθητω,3
שחקימ,νεφελω,3
תתחר,παραζηλου,3
חציר,ωσει,3
יעזר,βοηθησει,3
אהי,γιγνομαι,3
אגיד,αναγγελω,3
ידותונ,ιδιθουν,3
תבער,εκκαυθησεται,3
הבל,ματαιοτησ,3
אפתח,ηνοιξα,3
מבטח,ελπισ,3
מחשבת,διαλογισμοσ,3
ספר,αριθμοσ,3
רחמ,οικτιρμουσ,3
יכ,ζητου,3
ימלט,ερυω,3
תשתוחחי,περιλυποσ,3
תהמי,συνταρασσεισ,3
הוחילי,ελπισον,3
ינו,δυναμισ,3
תשימ,ημα,3
נו,τιθημι,3
אמימ,λαοσ,3
נו,εταπεινωσασ,3
שפתות,χειλοσ,3
ששונ,αγαλλιασισ,3
שמעי,ακουω,3
בתולות,παρθενοσ,3
יו,υδωρ,3
תמוט,σαλευθησεται,3
יפדה,λυτρωσεται,3
שתו,τιθημι,3
חיתו,θηριον,3
שלג,χιονα,3
אכלי,εσθω,3
ישוב,αποστρεφω,3
מוט,σαλον,3
מישרימ,ευθει,3
תעו,πλαναω,3
חצ,τοξον,3
כלה,συντελεια,3
ארננ,αγαλλιασομαι,3
זנחת,ημα,3
פרצת,καθει,3
ידיד,αγαπητοσ,3
צר,θλιβοντασ,3
עולמימ,αιω,3
ישועת,σωτηρ,3
הבל,ματαιοσ,3
עונת,ανομιω,3
יכ,αυλαι,3
טובת,χρηστοτησ,3
יזמרו,ψαλατωσαν,3
יברכ,ημα,3
נו,ευλογεω,3
עז,δοξα,3
מעמקי,βαθοσ,3
ישבי,καθημαι,3
צמא,διψα,3
יהמ,σκηνωμασιν,3
אהללה,αινεσω,3
ענוימ,πτωχοσ,3
זקנה,γηρουσ,3
דורימ,γενεω,3
עשב,ωσει,3
יה,κατοικου,3
ישתו,πιονται,3
רשעי,αμαρτωλοσ,3
עולמימ,αιωνιοσ,3
אשיחה,αδολεσχησω,3
רעמ,βροντη,3
קרב,πολεμοσ,3
נפלאות,θαυμασιοισ,3
ישימונ,ανυδροσ,3
ינסו,πειραζω,3
עברה,θυμοσ,3
יהמ,εχθροσ,3
יו,νεανισκοσ,3
יכ,οικτιρμοσ,3
השיב,επιστρεψον,3
השיב,ημα,3
נושעה,σωζω,3
יה,ριζα,3
שוב,επιστρεψον,3
יהמ,επιτηδευμασιν,3
עדי,αιω,3
אשמעה,ακουω,3
שת,τιθημι,3
יודו,εξομολογησονται,3
יו,κυμα,3
בראת,κτιζω,3
תרומ,υψοω,3
חסיד,οσιοισ,3
עברת,θυμοσ,3
יוכיח,ελεγχω,3
מחשבות,διαλογισμοσ,3
תודה,εξομολογησει,3
מנוחת,καταπαυσισ,3
הוד,εξομολογησισ,3
נפלאות,θαυμαστοσ,3
תבוא,ηκω,3
צל,ωσει,3
ציצ,ανθοσ,3
לבוש,ιματιον,3
רשעימ,ανομοι,3
יו,αρχων,3
ימלל,λαλεω,3
יכ,ελεοσ,3
שכחו,επιλανθανομαι,3
גאל,ελυτρωσατο,3
בריחי,μοχλουσ,3
ישמחו,ευφρανθησονται,3
ני,πολεμεω,3
עש,ποιοσ,3
מברכ,ευλογημενον,3
אמיל,ημυναμην,3
אהלי,σκηνη,3
יכ,μαρτυριων,3
נצרתי,εξεζητησα,3
אתבוננ,συνη,3
דרשו,εκζητεω,3
שומר,φυλασσω,3
כסאות,θρονοσ,3
שלוה,ευθηνια,3
חנ,ημα,3
אזי,αρα,3
רוממתי,υψοω,3
אביר,θεοσ,3
אלביש,ενδυσω,3
שכנ,κατοικω,3
לחמ,τροφη,3
הנ,παρειμι,3
ערב,εσπερινη,3
מתי,νεκροσ,3
בחורימ,νεανισκοσ,3
עונ,αμαρτιω,3
מרעימ,πονηροσ,3
יכ,αρχων,3
אדונ,δεσποτησ,3
צר,υπεναντιοισ,3
עזבי,εγκαταλειπω,3
גנות,κηποσ,3
חסנ,ισχυσ,3
תמלא,εμπιπλημι,3
קומ,οταν,3
ערצ,θραυ,3
סלעימ,πετροσ,3
קרנ,κερατι,3
משת,πινω,3
נס,συσσημον,3
נחשבו,ελογισθησαν,3
יו,δοξα,3
נפלו,πεσου,3
צוקה,στενοχωρια,3
מרחק,προσωθεν,3
יתגדל,υψοω,3
בערה,καιω,3
כרמל,οροσ,3
שאר,καταλειφθεν,3
חרדה,φοβοσ,3
יו,λαλια,3
מלאה,εμπιπλημι,3
נס,σημειον,3
משא,ορασισ,3
עמ,εθνω,3
הילילו,ολολυζετε,3
רשעימ,ασεβεσιν,3
מקבצ,συναγω,3
נצח,χρονοσ,3
ליל,πασ,3
ינו,υμα,3
נהרימ,ποταμοσ,3
אלילי,χειροποιητοσ,3
יאור,ποταμοσ,3
יגידו,αναγγειλατωσαν,3
ערומ,γυμνοσ,3
אי,νησοσ,3
משא,οραμα,3
בוגד,αθετεω,3
שד,συντριμμα,3
ברכה,κολυμβηθρασ,3
שמה,εκει,3
חלקיהו,χελκιου,3
מעוז,ισχυσ,3
סחר,εμπορια,3
צבי,ελπισ,3
מרומ,ουρανοσ,3
קצח,μελανθιοσ,3
כמנ,κυμινον,3
סערה,καταιγισ,3
חזימ,οραω,3
יועילו,ωφελεω,3
שמוע,ακεομαι,3
שפט,ημω,3
קרבו,προσαγαγετε,3
חזקיהו,εζεκιου,3
שבנא,σομνασ,3
בטחת,πειθω,3
ארמית,συριστι,3
יבשו,εξηρανθησαν,3
קש,φρυγανα,3
עזרתי,βοηθεω,3
גאל,λυτρουμενοσ,3
תדק,λεπτυνει,3
יכמ,βουλη,3
ראשנות,προτερα,3
אתיות,επερχομενα,3
נאמר,ερομαι,3
איימ,νησοσ,3
נקבצו,συναγω,3
כשדימ,χαλδαι,3
יכ,αμαρτια,3
תהו,ματαιοσ,3
שבי,καθιζω,3
גלי,αποκαλυπτω,3
הביטו,εμβλεπω,3
תיראי,εφοβηθησ,3
יכ,πυλη,3
הביא,αγαγει,3
בנו,οικοδομησουσιν,3
מטע,φυτευμα,3
צדקת,ημω,3
יתגאל,αλισγηθη,3
שר,αρχιευνουχου,3
סריסימ,αρχιευνουχου,3
חרטמימ,επαοιδουσ,3
אשפימ,μαγοσ,3
מתננ,δομα,3
מנ,αληθεια,3
יציב,αληθεια,3
אזדא,αφιστημι,3
חזו,οραμα,3
ענה,εκφωνησασ,3
גלא,ανακαλυπτων,3
משבח,αινεω,3
האית,δυναμαι,3
כהל,δυναμαι,3
חרטמינ,επαοιδω,3
גזרינ,γαζαρηνω,3
די,πασ,3
דהב,χρυσιον,3
מחת,πατασσω,3
הונ,πασ,3
אחרי,αλλοσ,3
חספ,οστρακω,3
מהימנ,πιστοσ,3
השלט,καθιστημι,3
שתינ,εξηκοντα,3
סומפניה,συμφωνια,3
שמעינ,ακουω,3
זני,ηχου,3
פלחינ,λατρευομεν,3
והי,προσωπον,3
שבעה,επταπλασιωσ,3
רו,ορασισ,3
די,θεοσ,3
מתכנשינ,συναγω,3
אחשדרפני,υπατοσ,3
דנה,ουτω(σ),3
שלמ,υμι,3
כונ,ειρηνη,3
ישגא,πληθυνω,3
מלכות,βασιλειοσ,3
תחתו,υποκατω,3
הי,υποκατω,3
היתיו,φερω,3
די,ωσει,3
שנו,ηλλοιωθη,3
עללינ,εισπορευομαι,3
עלינ,εισπορευομαι,3
כהלינ,δυναμαι,3
די,οικοσ,3
הקימ,καθιστημι,3
תלתא,τρει,3
קימ,στασισ,3
עזקת,δακτυλιω,3
די,λεων,3
דחילה,φοβεροσ,3
אכלה,εσθιον,3
דינ,κριτηριον,3
די,σιδηροι,3
פרזל,σιδηροι,3
דכנ,εκει,3
סופ,τελοσ,3
מדינה,χωρα,3
גבהה,υψηλοτερον,3
גבריאל,γαβριηλ,3
עמד,στασισ,3
יעמד,ανιστημι,3
הצליח,ευοδωθησεται,3
שר,ημω,3
בדימ,βυσσινα,3
דברימ,προσταγμα,3
עמד,στησεται,3
יחזק,ενισχυσει,3
רכוש,χρημα,3
זרעות,βραχιονεσ,3
כנ,τοποσ,3
חתמ,σφραγισαι,3
פתבג,τραπεζα,3
מדר,κατοικια,3
חברו,φιλοσ,3
החויה,αναγγει,3
רעיונ,διαλογισμοσ,3
קבל,τροποσ,3
די,τροποσ,3
תתחבל,διαφθαρησεται,3
שעת,ωρα,3
קיתרס,κιθαρα,3
קתרס,κιθαρα,3
שבכ,σαμβυκησ,3
אשפי,μαγοσ,3
עפי,φυλλον,3
אנב,καρποσ,3
צפרי,ορνεον,3
עקר,φυη,3
שרשו,ριζω,3
הי,ριζω,3
יחלפונ,αλλασσω,3
יצבא,δοξα,3
יתננ,διδωμι,3
רבות,μεγαλωσυνη,3
שליט,κυριευω,3
רברבנו,μεγασ,3
שגלת,παλλακαι,3
לחנת,παρακοιτοι,3
שכלתנו,συνεσισ,3
שלטנ,αρχη,3
הבנ,συνεσ,3
הצליח,κατευθυνει,3
בדימ,βαδδιν,3
צבי,σαβι,3
יבדל,διαχωριζω,2
יקוו,συναγω,2
מזריע,σπει,2
מינ,ομοιοτησ,2
תוצא,εκφερω,2
יהי,γινομαι,2
מארת,φωστη,2
הבדיל,διαχωριζω,2
האיר,ωστε,2
האיר,φαινω,2
מאור,φωστη,2
ממשלת,αρχη,2
קטנ,ελασσων,2
משל,αρχω,2
יברא,ποιεω,2
ימימ,θαλασσαισ,2
בהמה,τετραπουσ,2
כבש,κατακυριευω,2
שבת,καταπαυω,2
תולדות,γενεσισ,2
יפח,εμφυσαω,2
עדמ,εδεμ,2
נחמד,ωρα,2
קדמת,κατεναντι,2
אכל,βρωσισ,2
יישנ,υπνοω,2
צלעת,πλευρω,2
לקחה,λαμβανω,2
נחש,οφις,2
נאכל,εσθιω,2
תמתונ,αποθνησκω,2
תאנה,συκη,2
עירמ,γυμνοσ,2
אחבא,κρυπτω,2
עקב,πτερνα,2
תשוקת,αποστροφη,2
עבור,εργον,2
חוה,ευα,2
תיטיב,ορθοσ,2
חטאת,αμαρτανω,2
נע,στενω,2
נד,τρεμω,2
נשא,αφιημι,2
גרשת,εκβαλλω,2
אסתר,κρυπτω,2
שבעתימ,επτα,2
יקמ,εκδικεω,2
עירד,γαιδαδ,2
עידד,γαιδαδ,2
מחייאל,μαιηλ,2
מתושאל,μαθουσαλα,2
כנור,ψαλτηριον,2
תובל,θοβελ,2
קינ,θοβελ,2
חרש,χαλκευσ,2
נש,εαυτου,2
הרגתי,αποκτεινω,2
חברת,μωλωψ,2
שבעימ,επτα,2
קרא,επικαλει,2
שלשימ,διακοσιοι,2
מאת,διακοσιοι,2
מאות,επτα,2
שמנה,δεκα,2
שמנה,πεντε,2
שבעימ,εκατον,2
שמנה,τεσσαρακοντα,2
שמנה,τριακοντα,2
תשעימ,πεντε,2
שמנה,ενενηκοντα,2
מאת,δυο,2
ששימ,εννακοσιοι,2
תשע,εξηκοντα,2
יתהלכ,ευαρεστεω,2
ששימ,τριακοσιοι,2
שלש,εξηκοντα,2
אינ,ευρισκω,2
נו,ευρισκω,2
שבע,δυο,2
מאת,ογδοηκοντα,2
ינו,χειρω,2
שבעימ,επτακοσιοι,2
שבע,τρεισ,2
ילדו,γιγνομαι,2
כנ,εκει,2
יבאו,εισπορευομαι,2
המה,εκει,2
התהלכ,ευαρεστεω,2
תשחת,φθειρω,2
קצ,καιροσ,2
שלשימ,τριωροφος,2
שחת,καταφθει,2
תביא,εισαξεισ,2
תקח,εισαγω,2
איש,αρσην,2
טהר,καθαροσ,2
חיות,διατρεφω,2
שש,εξακοσιοστος,2
מאות,εξακοσιοστος,2
עשר,εβδομοσ,2
עשר,εικασ,2
מעינת,πηγη,2
ארבת,καταρρακτης,2
נפתחו,ανοιγνυμι,2
ישאו,εποσ,2
תרמ,υψοω,2
יכסו,επικαλυπτω,2
רוח,πνοη,2
יו,εχω,2
חרבה,ξηροσ,2
מאת,πεντηκοντα,2
הרי,οροσ,2
ערב,κοραξ,2
עת,εσπερα,2
חרבו,εκλειπω,2
עשרימ,εικασ,2
בהמה,εωσ,2
בנ,γυνη,2
ירח,οσφραινομαι,2
ניחח,ευωδια,2
אספ,προστιθημι,2
יו,νεοτησ,2
קיצ,θεροσ,2
חרפ,εαρ,2
ישבתו,καταπαυω,2
מורא,υμω,2
דגי,ιχθυσ,2
יצאי,εξερχομαι,2
זכר,μνησθη,2
יצאימ,εξερχομαι,2
חמשימ,εννακοσιοι,2
יולדו,γιγνομαι,2
מגוג,μαγωγ,2
מדי,μαδαι,2
תירס,θιρασ,2
אשכנז,ασχαναζ,2
ריפת,ριφαθ,2
מצרימ,μεσραιμ,2
פוט,φουδ,2
חוילה,ευιλα,2
רעמה,ρεγμα,2
נמרד,νεβρωδ,2
גבר,γιγασ,2
ציד,κυνηγοσ,2
יאמר,ερομαι,2
כלח,χαλαχ,2
נפצו,διασπειρω,2
לשנת,γλωσσα,2
לוד,λουδ,2
שפה,χει,2
לבנה,πλινθοσ,2
חמר,ασφαλτοσ,2
בנו,οικοδομεω,2
נרדה,καταβαινω,2
שפת,γλω,2
שנתימ,δευτεροσ,2
ארבע,εκατον,2
שלשימ,τεσσαρεσ,2
מאות,εβδομηκοντα,2
עשרימ,εννεα,2
יצאו,εξαγω,2
ברכ,ευλογου,2
ילכ,οιχομαι,2
רכשו,κτεομαι,2
עי,αγγαι,2
הרגו,αποκτενου,2
גלל,ενεκα,2
בוא,ηνικα,2
בקר,μοσχοι,2
אתנת,ημιονοσ,2
יו,οθεν,2
הלכ,συμπορευομαι,2
יכ,δανα,2
יכ,μεσοσ,2
משקה,ποτιζω,2
בא,εωσ,2
אלהימ,εναντιον,2
ימי,βασιλεια,2
אמרפל,αμαρφαλ,2
אלסר,ελλασαρ,2
תדעל,θαργαλ,2
תרעל,θαργαλ,2
עבדו,δουλευω,2
יכו,κατακοπτω,2
עשתרת,καρναιν,2
שוה,σαυη,2
הרר,οροσ,2
הר,ορεινοσ,2
ילכו,αποιχομαι,2
אלני,δρυσ,2
ממרא,δρυσ,2
ילידי,οικογενει,2
שלש,δεκα,2
עמק,πεδιον,2
מלכי,μελχισεδεκ,2
צדק,μελχισεδεκ,2
שלמ,σαλημ,2
יברכ,αβραμ,2
קנה,κτιζω,2
יורש,κληρονομεω,2
ספר,εξαριθμη,2
משלשת,τριετιζω,2
רע,αλληλων,2
הו,αλληλων,2
פגרימ,σωμα,2
ישב,συγκαθιζω,2
דנ,κρινω,2
ישובו,αποστρεφω,2
תנור,κλιβανοσ,2
לפיד,λαμπασ,2
חתי,χετταιουσ,2
כנעני,χαναναιουσ,2
חוי,ευαιουσ,2
מצרית,αιγυπτιοσ,2
ישמע,υπακουω,2
הרתה,γαστηρ,2
הרתה,εχω,2
יה,εναντιον,2
טוב,αρεστοσ,2
גברת,κυριασ,2
יספר,αριθμεω,2
ישכנ,κατοικησις,2
ברד,βαραδ,2
לדת,ηνικα,2
תשע,ενενηκοντα,2
המונ,πολυσ,2
יכ,παροικεω,2
ערלת,υμω,2
יליד,οικογενησ,2
מקנת,αργυρωνητοσ,2
כספ,αργυρωνητοσ,2
אבל,ναι,2
ימל,περιτεμνω,2
עצמ,καιροσ,2
המל,ηνικα,2
המל,περιτεμνω,2
נצבימ,ιστημι,2
יו,επανω,2
ירצ,προστρεχω,2
רחצו,νιπτω,2
פת,αρτοσ,2
כמ,οδοσ,2
כמ,παισ,2
קמח,σεμιδαλεωσ,2
בנ,μοσχαριον,2
בקר,μοσχαριον,2
ימהר,ταχυνω,2
חיה,καιροσ,2
יקמו,εξανιστημι,2
חללה,μηδαμω,2
ארבעימ,πεντε,2
חמשה,τεσσαρακοντα,2
אעשה,απολλυμι,2
הנה,επειδη,2
נא,επειδη,2
כלה,παυω,2
יקמ,εξανιστημι,2
ישכבו,κοιμαομαι,2
עינ,υμι,2
רק,μονοσ,2
יגשו,εγγιζω,2
הכו,πατασσω,2
שחת,εκτρι,2
חמלת,φειδομαι,2
נפש,σεαυτου,2
ני,καταλαμβανω,2
ככר,περιοικος,2
מלח,αλσ,2
ישקפ,επιβλεπω,2
כבשנ,καμινοσ,2
נחיה,εξανιστημι,2
תשקינ,ποτιζω,2
צעירה,νεοσ,2
עמ,πατηρ,2
מואב,μωαβιτω,2
גרר,γεραροισ,2
מת,αποθνησκεισ,2
תמ,καθαροσ,2
ני,αποκτενου,2
נבוא,εισερχομαι,2
הנה,ταυ,2
עינימ,προσωπον,2
אמהת,παιδισκη,2
יו,παιδισκη,2
זקנ,γηρασ,2
יגדל,αυξανω,2
משתה,δοχη,2
מצחק,παιζω,2
גרש,εκβαλλω,2
ירע,σκληροσ,2
תשק,ποτιζω,2
קשת,τοξοτησ,2
נינ,σπερμα,2
כבשת,αμναδασ,2
נסה,πειραζω,2
יקח,παραλαμβανω,2
נשובה,αναστρεφω,2
מאכלת,μαχαιρα,2
חשכת,φειδομαι,2
יענ,ενεκα,2
יו,υπεναντιος,2
התברכו,ενευλογεω,2
קמואל,καμουηλ,2
מאה,επτα,2
עשרימ,επτα,2
שבע,εικοσι,2
תושב,παρεπιδημοσ,2
נו,ακουω,2
יש,εχω,2
באי,εισπορευομαι,2
שקל,διδραχμον,2
בא,προβεβηκωσ,2
יושב,οικοσ,2
אשיב,αποστρεφω,2
תשיב,αποστρεψησ,2
יד,εαυτου,2
נהרימ,μεσοποταμια,2
שאב,αντλη,2
אשתה,πινω,2
יכ,καμηλοσ,2
אשקה,ποτιζω,2
עמ,κυριοσ,2
מלכה,μελχασ,2
כד,εχω,2
הו,ποτιζω,2
יכ,καμηλοισ,2
אשאב,υδρευω,2
תשאב,υδρευω,2
בקע,δραχμη,2
צמידימ,ψελιον,2
ני,ευοδοω,2
תרצ,δραμου,2
עמד,εστηκοτοσ,2
זקנת,γηρασ,2
ני,ορκιζω,2
התהלכתי,ευαρεστεω,2
שאב,υδρευω,2
עלמה,παρθενοσ,2
אמרתי,ειπον,2
השקי,ποτιζω,2
עבד,εαυτου,2
אכלה,συντελεω,2
אשת,πινω,2
אשאל,ερωταω,2
תאמר,φημι,2
אפ,ενωτιον,2
כמ,ποιεω,2
הגידו,απαγγελλω,2
יהמ,ρημα,2
בגדימ,ιματισμοσ,2
ילינו,κοιμαομαι,2
ני,εκπεμπω,2
תשב,μενω,2
אחת,ημω,2
נערת,αβρα,2
יה,αβρα,2
באר,ορασισ,2
חי,ορασισ,2
ראי,φρεαρ,2
תשא,αναβλεπω,2
מדנ,μαδαν,2
מדימ,μαδιαμ,2
עפר,αφερ,2
פילגשימ,παλλακω,2
מתנת,δομα,2
תלדת,γενεσισ,2
אדבאל,ναβδεηλ,2
נבדאל,ναβδεηλ,2
דומה,ιδουμα,2
חדד,χοδδαδ,2
נפיש,ναφεσ,2
קדמה,κεδμα,2
יו,γενοσ,2
גיימ,εθνοσ,2
לאמ,λαοσ,2
אדמוני,πυρρακησ,2
שער,δασυσ,2
עקב,πτερνη,2
ישב,οικοσ,2
נזיד,εψεμα,2
עיפ,εκλειπω,2
עדשימ,φακος,2
לבד,χωρισ,2
ישאלו,επερωταω,2
יזרע,σπειρω,2
שערימ,εκατοστευω,2
שערימ,κριθη,2
יקנאו,ζηλοω,2
לכ,απερχομαι,2
ישב,παλιν,2
יחפר,ορυσσω,2
יעתק,απαιρω,2
יט,πηγνυμι,2
בינ,ημω,2
נכרתה,διατιθημι,2
אמות,αποθανει,2
גדיי,εριφοσ,2
אהב,φιλεω,2
ימש,ψηλαφαω,2
קללת,καταρα,2
תלבש,ενδυω,2
יו,τραχηλος,2
שבה,καθιζω,2
גשה,εγγιζω,2
שמני,πιοτησ,2
גביר,κυριοσ,2
נתתי,ποιεω,2
יקרא,προσκαλεω,2
יפגע,απανταω,2
ילנ,κοιμαομαι,2
בא,δυω,2
יחלמ,ενυπνιαζω,2
ישמ,ιστημι,2
יהיה,κυριοσ,2
שמר,διαφυλασσω,2
ני,αποστρεφω,2
ישקו,ποτιζω,2
גללו,αποκυλιω,2
עדרימ,ποιμην,2
עבדת,δουλευσεισ,2
קטנה,νεοσ,2
אעבד,δουλευω,2
נו,τοποσ,2
שבע,εβδομος,2
עבדה,εργασια,2
ני,αγαπαω,2
מתה,τελευταω,2
אפ,θυμοω,2
יכלתי,δυναμαι,2
עמדה,ιστημι,2
תנה,αποδιδωμι,2
טלוא,διαλευκος,2
נקד,ραντος,2
עזימ,αιξ,2
תישימ,τραγουσ,2
מקל,ραβδοσ,2
רהטימ,ληνοι,2
נכח,ενωπιον,2
עקדימ,διαλευκος,2
יחמ,εγκισσαω,2
מולדת,γενεα,2
הרע,κακοποιη,2
עקדימ,λευκοσ,2
יצל,αφαιρεω,2
ברדימ,σποδοειδει,2
משחת,αλειφω,2
נכריות,αλλοτριος,2
נחשבנו,λογιζομαι,2
ינו,τεκνον,2
ינהג,απαγω,2
רכש,περιποιεω,2
תדבר,λαλησησ,2
תגנב,εκλοποφορησασ,2
הגדת,ανηγγειλασ,2
נשק,καταφιλη,2
תשמ,εμβαλλω,2
פשע,αδικημα,2
שנ,ημω,2
טרפה,θηριαλωτος,2
גנבתי,κλεμμα,2
הייתי,γινομαι,2
חרב,καυμα,2
עשרה,τεσσαρεσ,2
יהנ,τεκνον,2
גלעד,βουνοσ,2
ישפטו,κρινω,2
יפגעו,συνανταω,2
אשלחה,αποστελλω,2
באנו,ερχομαι,2
מחנות,παρεμβολη,2
פליטה,σωζω,2
ני,πατασσω,2
היטב,καλοσ,2
פרימ,ταυροσ,2
אתנת,ονοσ,2
עברו,προπορευομαι,2
עדר,ποιμνη,2
שאל,ερωσ,2
תדברונ,λαλεω,2
מצא,ευρυσ,2
מנחה,δωρον,2
שחר,πρωι,2
ני,ευλογησησ,2
יזרח,ανατελλω,2
גיד,νευ,2
נשה,ναρκαω,2
שבע,επτακισ,2
גשת,εγγιζω,2
הו,φιλεω,2
יו,τραχηλοσ,2
תשתחוינ,προσκυνεω,2
יה,τεκνον,2
מתו,αποθανου,2
יבנ,ποιεω,2
מקנ,κτηνος,2
נטה,ιστημι,2
דינה,δινη,2
טמא,μιαινω,2
שכב,κοιμηθεισ,2
תשמעו,εισακουω,2
לקחנו,λαμβανω,2
בת,ημω,2
נו,θυγατηρ,2
רחבת,πλατει,2
ישמעו,εισακουω,2
יהרגו,αποκτεινω,2
יבזו,διαρπαζω,2
טמאו,μιαινω,2
מתי,ολιγοστοσ,2
שב,οικεω,2
נקומה,ανιστημι,2
יסעו,εξεστι,2
חלצ,οσφυσ,2
יכ,οσφυσ,2
יסכ,σπενδω,2
תיראי,θαρσεω,2
מתה,αποθνησκω,2
תקבר,θαπτω,2
קברת,μνημειον,2
הלאה,επεκεινα,2
כנענ,χαναναιος,2
אילונ,αιλων,2
יעיש,ιεουσ,2
בהמת,κτηνοσ,2
יכלה,δυναμαι,2
יהמ,υπαρχω,2
צפו,σωφαρ,2
געתמ,γοθομ,2
נחת,ναχοθ,2
חרי,χορραιος,2
מנחת,μαναχαθ,2
עיבל,γαιβηλ,2
דשנ,δησων,2
דישנ,δησων,2
כרנ,χαρραν,2
דנהבה,δενναβα,2
בצרה,βοσορρασ,2
חשמ,ασομ,2
בדד,βαραδ,2
עוית,γεθθαιμ,2
שמלה,σαμαλα,2
משרקה,μασεκκασ,2
רחבות,ροωβωθ,2
עלוה,γωλα,2
אלה,ελαυνω,2
פיננ,φινων,2
מגדיאל,μεγεδιηλ,2
נשי,γυναικω,2
דבת,ψογος,2
אח,υιοσ,2
שלמ,ειρηνικοσ,2
חלמתי,ενυπνιαζω,2
תמלכ,βασιλευσεισ,2
יוספו,προστιθημι,2
יו,ρημα,2
יגער,επιτιμεω,2
ני,αναγγελλω,2
הו,αποστελλω,2
עמק,κοιλαδοσ,2
תעה,πλαναω,2
תבקש,ζητεω,2
יקרב,εγγιζω,2
נהרג,αποκτεινω,2
הו,κατεσθιω,2
נו,πατασσω,2
יפשיטו,εκδυω,2
בר,λακκοσ,2
רק,κενοσ,2
ישאו,αναβλεψαντεσ,2
ישמעאלימ,ισμαηλι,2
יהמ,καμηλοσ,2
נכאת,θυμιαμα,2
צרי,ρητινησ,2
לט,στακτη,2
ישמעאלימ,ισμαηλιταισ,2
מדינימ,μαδιηναι,2
יעלו,αναβιβαζω,2
טרפ,θηριον,2
אבל,πενθω,2
עדלמי,οδολλαμιτης,2
חירה,ιροσ,2
שוע,σαυα,2
תספ,προσθει,2
ימת,αποκτεινω,2
הקמ,ανιστημι,2
יגדל,γιγνομαι,2
חמי,πενθεροσ,2
תסר,περιαιρεω,2
אלמנות,χηρευσεωσ,2
פתח,πυλη,2
עינימ,αιναν,2
תלכ,απειμι,2
הוציאו,εξαγω,2
הו,καταγω,2
אדנ,εναντιον,2
יוספ,χειρ,2
אמ,πλην,2
שכבה,κοιμαω,2
עזב,καταλειπω,2
הבאת,εισηγαγεσ,2
יהי,ακουω,2
יתנ,εμβαλλω,2
הו,εμβαλλω,2
בית,οχυρωμα,2
סהר,οχυρωμα,2
שר,αρχιδεσμοφυλαξ,2
בית,αρχιδεσμοφυλαξ,2
סהר,αρχιδεσμοφυλαξ,2
משקה,αρχιοινοχοοσ,2
אפה,αρχισιτοποιοσ,2
סריס,ευνουχοισ,2
יו,ευνουχοισ,2
חלמנו,οραω,2
פתרנ,συγκρισισ,2
ישא,μιμνησκω,2
הוצאת,εξαξεισ,2
ני,εξαξεισ,2
טוב,ορθοσ,2
אכל,κατεσθιω,2
שלשת,τρεισ,2
תלה,κρεμαννυμι,2
אחו,αχοσ,2
תאכלנה,κατεσθιω,2
בריאת,εκλεκτασ,2
ייקצ,εγειρω,2
קנה,πυθμην,2
בריאות,εκλεκτοσ,2
שדופת,ανεμοφθορος,2
צמחות,αναφυω,2
רוח,ψυχη,2
יחלפ,αλλασσω,2
חלמתי,οραω,2
בלעד,ανευ,2
יענה,αποκρινω,2
יהנ,οπισω,2
ראשנות,πρωτοσ,2
נה,κοιλια,2
נודע,γιγνομαι,2
מלאת,πληρησ,2
שדפות,ανεμοφθορος,2
דברתי,λεγω,2
הראה,δεικνυμι,2
באות,ερχομαι,2
כבד,ισχυροσ,2
יצברו,συναγω,2
שש,βυσσινος,2
פענח,ψονθομφανηχ,2
אנ,ηλιοσ,2
אנ,πολισ,2
יה,κυκλω,2
חול,ωσει,2
ספר,αριθμη,2
ני,επιλανθανομαι,2
חזק,επικρατεω,2
רדו,καταβαινω,2
שברו,πριαμαι,2
אסונ,μαλακια,2
קשות,σκληροσ,2
ראות,κατανοη,2
ערות,ιχνος,2
חי,υγιεια,2
יכמ,ρημα,2
בית,φυλακη,2
רעבונ,σιτοδοσιασ,2
באה,εποσ,2
בינת,μεσοσ,2
יהמ,αργυριον,2
יעש,γιγνομαι,2
חמר,ονοισ,2
אחי,αλληλων,2
הניחו,αφιημι,2
הביאו,αγω,2
נו,αγω,2
הו,συμβαινω,2
אכל,καταφαγει,2
שבו,παλιν,2
משלח,αποστελλεισ,2
נגד,απαγγελλω,2
הביאתי,αγω,2
הצגתי,ιστημι,2
חטאתי,ημαρτηκωσ,2
הורידו,καταγω,2
אמתחת,υμω,2
יכמ,μαρσιπποισ,2
רחמימ,χαρισ,2
שכלתי,ατεκνοω,2
אמ,ομομητριος,2
ינו,μαρσιπποισ,2
ירדנו,καταβαινω,2
ינו,μαρσιππουσ,2
נו,εαυτου,2
כספ,υμω,2
יכינו,ετοιμαζω,2
יחנ,ελεεω,2
בכות,κλαυ,2
ישימו,παρατιθημι,2
יוכלונ,δυναμαι,2
משאת,μεριδασ,2
קטנ,νεωτεροσ,2
שבר,σιτοσ,2
נחש,οιωνισμος,2
אדנ,παισ,2
יכמ,λεγω,2
ימהרו,σπευδω,2
נו,ιδου,2
אפ,θυμωθη,2
עזב,καταλιπει,2
שברו,αγοραζω,2
טרפ,θηριοβρωτοσ,2
עמ,προσωπον,2
יגונ,οδυνησ,2
נצבימ,παριστημι,2
יתנ,αφιημι,2
מכרתמ,αποδιδωμι,2
יכמ,εμπροσθεν,2
שארית,καταλειμμα,2
שלחתמ,αποστελλω,2
שמ,ποιεω,2
רדה,καταβαινω,2
כמ,παιδιον,2
תחס,φειδομαι,2
האמינ,πιστευω,2
ארא,οραω,2
נו,οραω,2
ישית,επιβαλλω,2
ישאו,αναλαμβανω,2
אהד,αωδ,2
חמול,ιεμουηλ,2
אלונ,αλλοσ,2
ימנה,ιεμνα,2
בריעה,βαρια,2
מלכיאל,μελχιηλ,2
ארמיה,συρα,2
בלע,βαλα,2
אשבל,ασβηλ,2
ארבעה,δεκα,2
באה,εισελθου,2
גשנ,ηρωσ,2
גשנ,πολισ,2
יאסר,ζευγνυμι,2
אגידה,απαγγελλω,2
מעש,υμω,2
באנו,ηκω,2
מיטב,βελτιστος,2
ידעת,εφιστημι,2
שמת,καθιστημι,2
מגור,παροικεω,2
יושב,κατοικιζω,2
אחזה,κατασχεσισ,2
יכלכל,σιτομετρεω,2
מקנ,κτηνω,2
חמרימ,ονος,2
ינהל,εκτρεφω,2
מקנה,υπαρχω,2
רק,χωρισ,2
אדמת,υμω,2
כמ,σημερον,2
נתתמ,διδωμι,2
חמישית,πεμπτοσ,2
שני,ενιαυτοσ,2
נשאת,αειρω,2
קברת,θαψεισ,2
ני,θαψεισ,2
קברת,ταφοσ,2
חלה,ενοχλει,2
בא,ηνικα,2
כברת,ιπποδρομος,2
שני,υιοσ,2
שמאל,αριστερω,2
הסיר,αφαιρεω,2
יתר,σκληροσ,2
עז,αυθαδησ,2
יהמ,αιρεσισ,2
תבא,ερχομαι,2
גור,σκυμνοσ,2
רגל,μηροσ,2
סות,περιβολη,2
חופ,παραλιοσ,2
אחד,ωσει,2
פרת,ηυξημενοσ,2
שדימ,μαστω,2
אחזת,κταομαι,2
יכל,καταπαυω,2
רפאימ,ενταφιαστης,2
אבי,πατρικος,2
אטד,αταδ,2
כנעני,χανααν,2
שא,αφιημι,2
יכ,αδικια,2
פשע,αδικια,2
מאה,δεκα,2
עשר,εκατον,2
אלהימ,υμα,2
כמ,θεοσ,2
באו,εισηλθοσαν,2
ירבה,πληθυνθη,2
ינו,υπεναντιοσ,2
ירבה,γιγνομαι,2
פרכ,βια,2
יהמ,ζωη,2
מילדת,μαιαισ,2
עברית,εβραιος,2
כנ,οταν,2
ילדימ,αρσην,2
מילדת,μαια,2
עברימ,εβραιοισ,2
תרא,οραω,2
הו,οραω,2
תבא,εισαγω,2
מכה,τυπτοντα,2
רשע,αδικου,2
שפט,δικαστησ,2
אכנ,ουτω(σ),2
השקות,ποτισαι,2
יושע,ερυω,2
דלה,ηντλησεν,2
קראנ,καλεω,2
צפרה,σεπφωραν,2
נכריה,αλλοτριοσ,2
נאקת,στεναγμος,2
יכ,υποδημα,2
עומד,ιστημι,2
רחבה,πολυσ,2
לחצ,θλιμμον,2
עני,κακωσεωσ,2
שאלה,αιτεω,2
ישמעו,εισακουσωσιν,2
ישליכ,ριπτω,2
יוצא,εκφερω,2
הנה,γιγνομαι,2
אהיה,ανοιγνυμι,2
עמ,ανοιγνυμι,2
דברת,λεγω,2
יתר,ιοθορ,2
שלומ,υγιαινων,2
מבקשימ,ζητου,2
ישלח,εξαποστειλη,2
יעבד,λατρευση,2
ני,λατρευση,2
הו,συνανταω,2
חתנ,ιστημι,2
יאמנ,πιστευω,2
אשמע,εισακουσομαι,2
שלח,ωστε,2
חרב,φονοσ,2
תמול,καθαπερ,2
לבנימ,πλινθειασ,2
תגרעו,αφαιρεω,2
ישעו,μεριμνατωσαν,2
שטר,γραμματει,2
יפצ,διεσπαρη,2
לבנ,πλινθειασ,2
יכ,οικετησ,2
לבנימ,πλινθον,2
הרע,κακοω,2
תראה,οψοσ,2
יגרש,εκβαλει,2
ברית,υμω,2
גאלתי,λυτρωσομαι,2
מוציא,εξαγω,2
הבאתי,εισαξω,2
רוח,ολιγοψυχιασ,2
הוציא,ωστε,2
משפחת,πατρια,2
תלדת,συγγενεια,2
תלד,γενναω,2
משפחת,γενεσισ,2
קרחי,κορε,2
אצו,εντελλω,2
ישלכ,ριπτω,2
ישליכו,ριπτω,2
יבאש,επωζεσεν,2
לב,νοοσ,2
שתות,ωστε,2
מאנ,βουλομαι,2
חדר,ταμιεια,2
יכ,φυραμα,2
יכ,κλιβανοισ,2
יעלו,αναβησονται,2
אגמימ,αιρεω,2
העל,αναγαγε,2
יסר,περιελετω,2
אשלחה,εξαποστελλω,2
יכ,οικιω,2
תשארנה,υπολειφθησονται,2
דבר,ερω,2
דבר,καθαπερ,2
בתימ,οικιω,2
חמרמ,θιμωνιασ,2
כנ,σκνι,2
עפר,χωμα,2
יכ,οικοσ,2
ערב,κυνομυιησ,2
יעתר,ευχομαι,2
יכבד,εβαρυνεν,2
דבר,ρητοσ,2
כבשנ,καμιναιασ,2
הו,κτηνοσ,2
יעזב,αφιημι,2
קלות,φωνη,2
פני,κυριοσ,2
נתכ,εσταξεν,2
חדל,παυω,2
כסה,καλυπτω,2
עינ,οψισ,2
מוקש,σκω,2
ינו,υιοσ,2
כמ,αποσκευη,2
רעה,πονηρια,2
השאיר,υπελιπετο,2
ינח,καταπαυω,2
יו,ταυ,2
נותר,υπολειπω,2
לכו,βαδιζετε,2
כמ,βοω,2
נעבד,λατρευσωμεν,2
רעות,πλησιον,2
יהוה,διδωμι,2
שפחה,θεραπαινα,2
כמ,τοιουτοσ,2
לשנ,γλωσσα,2
ירדו,καταβησονται,2
חרי,θυμοσ,2
ארצ,αιγυπτοσ,2
חדשימ,μηνω,2
יקחו,λαβετωσαν,2
הית,ωστε,2
בינ,εσπερα,2
ערבימ,εσπερα,2
צלי,οπτα,2
כרע,πουσ,2
חפזונ,σπουδη,2
נגפ,πληγη,2
יעשה,ποιηθησεται,2
מצת,αζυμοσ,2
מחמצת,ζυμωτον,2
משפחת,υμω,2
ספ,θυρα,2
משקופ,φλια,2
בת,οικια,2
יקד,κυπτω,2
ילכו,απερχομαι,2
מתימ,αποθνησκω,2
מאות,εξακοσιασ,2
בד,πλην,2
הוציאו,εκφερω,2
עגת,εγκρυφιασ,2
גרשו,εκβαλλω,2
בנ,αλλογενησ,2
נכר,αλλογενησ,2
שכיר,μισθωτοσ,2
תשברו,συντριψετε,2
שמרת,φυλαξεσθε,2
שה,προβατω,2
הוציא,ημα,2
הקשה,εσκληρυνεν,2
שלח,ημα,2
טוטפת,ασαλευτοσ,2
יפקד,επισκοπη,2
ימיש,εκλειπω,2
חירת,επαυλεωσ,2
חצרות,επαυλεωσ,2
בעל,βεελσεπφων,2
צפנ,βεελσεπφων,2
אכבדה,ενδοξασθησομαι,2
נו,δουλευω,2
מאות,εξακοσια,2
יצעקו,ανεβοησαν,2
קברימ,μνημα,2
תיראו,θαρσεω,2
התיצבו,ιστημι,2
פרש,ιπποσ,2
יהמ,οπισθεν,2
אשמרת,φυλακη,2
יהמ,συνεταραξεν,2
הו,αγω,2
יו,αναβατησ,2
בקר,ημερα,2
רמה,ριπτω,2
אשיג,καταλημψομαι,2
כה,ομοιοσ,2
נחית,ωδηγησασ,2
חיל,ωδι,2
רעד,τρομοσ,2
פחד,τρομοσ,2
פעלת,κατεργαζομαι,2
כוננו,ετοιμαζω,2
נביאה,προφη,2
תפימ,τυμπανον,2
מחלת,χοροσ,2
נשתה,πιομεθα,2
עינת,πηγη,2
תמרימ,φοινιξ,2
יסעו,απειμι,2
סינ,σιν,2
נחנו,ημει,2
שלו,ορτυγομητρα,2
פי,καθηκοντασ,2
אכל,καθηκοντασ,2
ממעיט,ελασσων,2
לחמ,δεω,2
שבת,αναπαυσισ,2
עדפ,πλεοναζον,2
משמרת,αποθηκη,2
יומימ,δυο,2
יו,οικοσ,2
האכלתי,εσθιω,2
משמרת,διατηρησιν,2
רפידימ,ραφιδιν,2
ישראל,λαοσ,2
ילחמ,επολεμει,2
גבר,κατισχυεν,2
יד,μωυσησ,2
בא,δυσμω,2
מחה,εξαλειφω,2
אמחה,εξαλειφω,2
נס,καταφυγη,2
איש,αλληλων,2
בינ,εκαστοσ,2
איעצ,συμβουλευσω,2
שפטו,κρινου,2
יכלת,δυναμαι,2
יבחר,επελεξεν,2
נשרימ,αετοσ,2
ישמ,παρατιθημι,2
נכנימ,ετοιμοσ,2
סקול,λιθοσ,2
ברקימ,αστραπη,2
שפר,σαλπιγξ,2
יתיצבו,παριστημι,2
נו,αποκρινω,2
עלת,αναβη,2
הוצאת,εξαγω,2
פסל,ειδωλον,2
פקד,αποδιδωμι,2
בהמת,κτη,2
שבת,εβδομοσ,2
כבד,τιμαω,2
ימ,μακροχρονιοσ,2
יכ,μακροχρονιοσ,2
תענה,ψευδομαρτυρεω,2
שקר,ψευδησ,2
ראימ,οραω,2
אבוא,ηκω,2
ערות,ασχημοσυνη,2
גפ,μονοσ,2
יצאה,εξερχομαι,2
אמר,αποκρινω,2
הגיש,προσαξει,2
יומת,θανατουσθω,2
התעמר,καταδυναστευσασ,2
משענת,ραβδοσ,2
נקמ,δικη,2
אסונ,εξεικονισμενον,2
חבורה,μωλωψ,2
עבד,οικετου,2
אמת,θεραπαινα,2
נגח,κερατιστησ,2
ישמר,αφανιση,2
המית,αναιρεω,2
כפר,λυτρα,2
גנב,κλεπτησ,2
דמימ,φονοσ,2
דמימ,ενοχοσ,2
שנימ,διπλοοσ,2
בעיר,κτη,2
מיטב,βελτιστα,2
גנב,κλαπη,2
שנימ,διπλου,2
אמ,μην,2
שלח,πεπονηρευ,2
יד,πεπονηρευ,2
מלאכת,ολοσ,2
מלאכת,παρακαταθηκη,2
דבר,κρισισ,2
נשבר,συντριβη,2
מהר,φερνη,2
בלתי,πλην,2
חרה,οργισθησομαι,2
יכמ,παιδιον,2
תתנ,αποδιδωμι,2
תהרג,αποκτεινω,2
יעור,εκτυφλοι,2
שביעת,εβδομοσ,2
תשמט,αφεσισ,2
תשמט,ποιεω,2
אכלו,εδω,2
שדה,αγριοσ,2
זית,ελαιον,2
ינוח,αναπαυσηται,2
תשמרו,φυλαξασθε,2
פי,υμω,2
יראו,οφθηση,2
בכורי,πρωτογενηματων,2
תזרע,σπειρα,2
ילינ,κοιμαομαι,2
תביא,εισοισεισ,2
תבשל,εψησεισ,2
פנ,ηγεομαι,2
יכ,ηγεομαι,2
הביא,εισαξει,2
תשבר,συντριψεισ,2
צרעה,σφηκιασ,2
אגרש,εκβαλλω,2
נו,εκβαλλω,2
שתי,τιθημι,2
אתנ,παραδιδωμι,2
מוקש,προσκομμα,2
נגש,εγγιζω,2
ישכמ,ορθρισασ,2
כתבתי,γραφω,2
תרומה,απαρχη,2
נו,δοξα,2
שני,διπλου,2
שהמ,σαρδιου,2
מלאימ,γλυφην,2
חשנ,ποδηρησ,2
יו,σκευω,2
זר,κυματια,2
זר,στρεπτα,2
קצות,κλιτη,2
כנפ,πτερυξιν,2
יהמ,πτερυξιν,2
תתנ,εμβαλει,2
קערת,τρυβλια,2
יו,τρυβλια,2
כפת,θυισκασ,2
יו,θυισκασ,2
קשות,σπονδει,2
מנקית,κυαθουσ,2
יו,κυαθουσ,2
מנרת,λυχνια,2
ירכ,καυλοσ,2
יה,σφαιρωτη,2
יה,κρινον,2
קני,καλαμισκοι,2
גבעימ,κρατοσ,2
משקדימ,εκτετυπωμενοι,2
משקדימ,καρυισκουσ,2
קנימ,καλαμισκοισ,2
קנימ,καλαμισκουσ,2
חשב,υφαντου,2
שמנה,εικοσι,2
יריעה,αυλαια,2
יריעת,αυλαι,2
חברת,συμβολη,2
אשה,αλληλων,2
קרסי,κρικουσ,2
עשתי,ενδεκα,2
עשרה,ενδεκα,2
יריעה,δερριν,2
יריעת,δερρεων,2
מכסה,κατακαλυμμα,2
תימנ,νοτοσ,2
ששה,δεκα,2
קרשי,στυλω,2
צלע,κλιτει,2
עמודי,στυλων,2
פרכת,καταπετασματι,2
נכח,απεναντι,2
עמודי,στυλουσ,2
מזרקת,φιαλη,2
מזלגת,κρεαγρασ,2
מחתת,πυρει,2
רשת,εσχαρα,2
בדימ,φορεω,2
יו,στυ,2
ווי,κρικοι,2
חשק,ψαλιδεσ,2
יהמ,ψαλιδεσ,2
קלעימ,ιστιων,2
מסכ,καλυμμα,2
עבדת,εργαλει,2
חכמי,σοφοσ,2
כהנ,ιερατευσει,2
מעיל,ποδηρησ,2
מצנפת,κιδαριν,2
חשב,ποικιλτου,2
חשב,υφασμα,2
הו,ποιησιν,2
שמות,υιοσ,2
שמות,ισραηλ,2
זכרנ,μνημοσυνον,2
שרשרת,κροσσωτα,2
אבנ,καταλιθον,2
אדמ,σαρδιον,2
פטדה,τοπαζιον,2
ברקת,σμαραγδοσ,2
נפכ,ανθραξ,2
ספיר,σαπφιροσ,2
יהלמ,ιασπισ,2
לשמ,λιγυριον,2
שבו,αχατησ,2
אחלמה,αμεθυστοσ,2
תרשיש,χρυσολιθοσ,2
שהמ,βηρυλλιον,2
ישפה,ονυχιον,2
עשרה,δυο,2
גבלת,συμπεπλεγμενουσ,2
בא,εισειμι,2
נתת,τιθημι,2
מעיל,υποδυτην,2
כליל,ολοσ,2
שפה,ωαν,2
שול,υποδυτου,2
יו,υποδυτου,2
פעמני,κωδωνασ,2
סביב,περικυκλω,2
ציצ,πεταλον,2
מצנפת,μιτρασ,2
מכנסי,περισκελησ,2
כסות,καλυπτω,2
מתנימ,οσφυσ,2
גשת,οταν,2
גשת,προσπορευωνται,2
אילמ,κριουσ,2
רקיקי,λαγανα,2
סלת,σεμιδαλισ,2
רחצת,λουσεισ,2
בגדימ,στολη,2
הקרבת,προσαξεισ,2
יתרת,λοβον,2
כבד,ηπατοσ,2
זרקת,προσχεει,2
הקטרת,ανοισεισ,2
ניחוח,ευωδια,2
אזנ,ουσ,2
בהנ,ακρον,2
בגד,στολη,2
שוק,βραχιων,2
כפי,χει,2
הנפת,αφοριει,2
עלה,ολοκαυτωσεωσ,2
אשה,καρπωμα,2
חזה,στηθυνιον,2
יהמ,ισραηλ,2
מלא,τελειω,2
ילבש,ενδυσεται,2
בשלת,εψησεισ,2
יקדש,αγιασθησεται,2
בינ,δειλινος,2
ערבימ,δειλινος,2
רבע,τεταρτοσ,2
זר,στρεπτην,2
זר,στεφανη,2
יקטיר,θυμιασει,2
נה,θυμιασει,2
יו,θυμιασει,2
שקל,διδραχμοσ,2
תרומה,εισφορα,2
עבר,παραπορευομενοσ,2
תרומת,εισφοραν,2
ירחצו,νιψονται,2
ימתו,αποθανωσιν,2
זרע,γενεα,2
מר,σμυρνα,2
שקל,σικλουσ,2
בשמ,ευωδουσ,2
רקח,μυρεψου,2
כיר,λουτη,2
מתכנת,συνθεσισ,2
הו,ωσαυτωσ,2
נכרת,εξολεθρευω,2
לבנה,λιβανοσ,2
בד,ισοσ,2
בד,ισω,2
אלהימ,θει,2
עשות,εργαζομαι,2
חכמה,συνεσισ,2
מזבחות,θυσιαστηριον,2
טהרה,καθαραν,2
שרד,λειτουργικασ,2
תשמרו,φυλαξεσθε,2
מקדש,αγιαζω,2
יה,λαοσ,2
שבתונ,αναπαυσισ,2
כלת,ηνικα,2
ילכו,προπορευομαι,2
ילכו,ημω,2
ינו,προπορευομαι,2
העל,εξαγω,2
העל,ημα,2
יקח,δεχομαι,2
חרט,γραφιδι,2
העלו,αναβιβαζω,2
פנ,κατεναντι,2
שחת,ηνομησεν,2
העלית,εξηγαγεσ,2
סרו,παρεβησαν,2
יחל,δεω,2
כלת,εξαναλω,2
עבר,μερω,2
שימו,τιθημι,2
קרב,εγγιστα,2
מחרת,αυριον,2
כמ,αμαρτια,2
יגפ,πατασσω,2
יו,πενθικοι,2
היה,ηνικα,2
ני,δηλοω,2
שמ,πασ,2
תעל,αναγαγησ,2
הרא,δει,2
פסל,λαξευσον,2
לחת,πλακω,2
ראשנימ,πρωταισ,2
יתיצב,παριστημι,2
קרב,ημω,2
נו,αμαρτια,2
חטאת,ανομια,2
נבראו,γιγνομαι,2
יושב,εγκαθημενοισ,2
זנו,εκπορνευσωσιν,2
יהנ,θεοσ,2
צוית,εντεταλμαι,2
זכר,αρσενικα,2
פטר,πρωτοτοκοσ,2
תשבת,καταπαυσεισ,2
קציר,αμητω,2
זבח,θυμιαμα,2
ילינ,κοιμηθησεται,2
זבח,θυμα,2
עמ,εναντιον,2
קרנ,δοξαζω,2
עור,οψισ,2
עור,χρωματοσ,2
נגשו,προση,2
יצוה,εντελλω,2
יקהל,συνηθροισεν,2
יו,διατονια,2
מאור,φωσ,2
כהנ,ιερατεια,2
עבדת,κατεργα,2
קטרת,συνθεσισ,2
אחיסמכ,αχισαμακ,2
תבונת,συνεσισ,2
דעת,συνιημι,2
תבונה,επιστημη,2
איש,εχω,2
די,ικανοσ,2
יעש,επιτιθημι,2
ראש,κεφαλιδασ,2
יהמ,κεφαλιδασ,2
טבעת,ευρυσ,2
פנימ,προκειμαι,2
בתימ,ευρυσ,2
מכבר,παραθεμα,2
עמודימ,στυ,2
קלעימ,αυλαι,2
כתפ,νωτον,2
ווי,αγκυλαι,2
ראש,κεφαλιδεσ,2
מאות,εικοσι,2
שלשימ,εικοσι,2
שקל,σικλον,2
חמשה,εβδομηκοντα,2
שקל,σικλου,2
תנופה,αφαιρεματοσ,2
עשות,ωστε,2
עבתת,εμπλοκια,2
מול,εναντιοσ,2
ארג,υφαντοσ,2
רמנ,ροισκοσ,2
יה,στυλουσ,2
אחד,νουμηνια,2
תקימ,στησεισ,2
ערכ,προθεσισ,2
שמת,περιθησεισ,2
יו,κεφαλιδασ,2
ירכ,κλιτοσ,2
יסעו,ανεζευγνυσαν,2
ארבעימ,τεσσαρακοστω,2
עשתי,ενδεκατος,2
עשר,ενδεκατος,2
יושב,κατοικησαντα,2
באו,εισπορευεσθε,2
ימ,παραλιοσ,2
לבנונ,αντιλιβανον,2
רשו,κληρονομεω,2
ריב,υμω,2
נבנימ,επιστημων,2
ידעימ,συνετουσ,2
תענו,απεκριθητε,2
שטרימ,γραμματοεισαγωγει,2
שבט,κριτησ,2
אצוה,εντελλω,2
יקשה,σκληροσ,2
נורא,φοβεραν,2
נתנ,παραδεδωκεν,2
נשלחה,αποστειλωμεν,2
נעלה,αναβησομεθα,2
נחל,φαραγγοσ,2
תמרו,απειθεω,2
נו,εξολεθρευ,2
אנה,που,2
נו,υμω,2
רמ,δυνατωτερον,2
הלכתמ,επορευθητε,2
יכמ,προτεροσ,2
זולתי,πλην,2
חזק,κατισχυσον,2
כמ,εστρατοπεδευσατε,2
סעו,εστρατοπεδευσατε,2
נעלה,αναβαινω,2
מלחמת,πολεμικα,2
תעלו,αναβησεσθε,2
חרמה,ερμα,2
קל,υμω,2
האזינ,προσεχω,2
נפנ,επιστραφεντεσ,2
משורה,μετρον,2
תצר,εχθραινετε,2
תתגר,συναψητε,2
ער,σηιρ,2
אמימ,ομμιν,2
יקראו,επονομαζουσιν,2
קמו,ανιστημι,2
עברנו,παρηλθομεν,2
שלשימ,οκτω,2
ישמיד,απολλυμι,2
יירש,κατεκληρονομησαν,2
השמיד,εξετριψαν,2
פחד,τρομον,2
אעברה,παρελευσομαι,2
ערוער,αροηρ,2
יהצ,ιασσα,2
ינו,προσωπον,2
נלכד,κρατεω,2
נחרמ,εξωλεθρευσαμεν,2
מתמ,εξεστι,2
טפ,τεκνον,2
שריד,σπερμα,2
בצרות,οχυραι,2
בריח,μοχλοι,2
שניר,σανιρ,2
סלכה,σελχα,2
חבל,περιχωροσ,2
אשדת,ασηδωθ,2
פסגה,φασγα,2
ער,υμω,2
יכמ,πολισ,2
עבר,διαβαινεισ,2
תיראו,φοβηθησεσθε,2
אתחננ,δεω,2
גדל,ισχυσ,2
כח,δυναμισ,2
יתעבר,υπερει,2
מענ,υμω,2
כמ,ενεκα,2
תוספ,προστιθημι,2
תעבר,διαβηση,2
הו,παρακαλεω,2
רשת,κληρονομεω,2
בינת,συνεσισ,2
עמדת,ιστημι,2
תקרבונ,προσηλθετε,2
עננ,γνοφοσ,2
ערפל,θυελλα,2
לחות,πλακασ,2
עברימ,εισπορευεσθε,2
נדחת,πλαναω,2
כור,καμινοσ,2
אכלה,καταναλισκω,2
העידתי,διαμαρτυρομαι,2
נשארתמ,καταλειφθησεσθε,2
יאכלונ,εσθιω,2
שבת,επιστραφηση,2
ברא,κτιζω,2
מקצה,ακρον,2
שמע,ακηκοεν,2
הוריש,εξολεθρευ,2
נחלה,κληρονομεω,2
ימימ,γιγνομαι,2
בצר,βοσορ,2
עשות,φυλασσω,2
יכמ,φυλω,2
זקנ,γερουσια,2
הרא,ημι,2
מתנו,αποθανουμεθα,2
קרב,προσερχομαι,2
היטיבו,ορθοσ,2
ימימ,μακροημερευσητε,2
כתבת,γραψετε,2
בית,υμω,2
אכלת,φαγειν,2
תשבע,ομοσ,2
תלכונ,πορευσεσθε,2
סביבות,περικυκλω,2
יכמ,περικυκλω,2
השמיד,εξολεθρευση,2
ירשת,κληρονομησησ,2
פסיל,γλυπτα,2
תשרפונ,κατακαυσετε,2
חשק,προαιρεω,2
הרב,πληθυνω,2
עשתרת,ποιμνιον,2
נתנ,επιτιθημι,2
תזכר,μιμνησκω,2
גדולימ,μεγασ,2
תרבה,πληθυνθη,2
חרמ,αναθημα,2
ענת,κακωση,2
נסת,εκπειραση,2
יאכל,εψωμισεν,2
ידעונ,ειδησαν,2
בלתה,κατετριβη,2
עמ,καρδια,2
גפנ,αμπελοι,2
יה,λιθοσ,2
שבעת,εμπλησθηση,2
טובימ,καλοσ,2
ישבת,κατοικεω,2
שכחת,επιλαθη,2
צמאונ,διψαω,2
אחרית,ημερω,2
ימ,εσχατοσ,2
אמרת,ειπον,2
יצאת,εξηλθετε,2
ממרימ,απειθου,2
שתיתי,πινω,2
אפנ,επιστρεφω,2
חטאתמ,ημαρτετε,2
אתנפל,δεω,2
עפר,ωσει,2
עפר,κονιορτοσ,2
תאוה,επιθυμια,2
שמת,εμβαλει,2
נסעו,απειμι,2
הבדיל,διαστελλω,2
עמד,παρεσταναι,2
ברכ,επευχεσθαι,2
תקשו,σκληρυνω,2
יכמ,οπισω,2
דתנ,δαθαν,2
זרע,σποροσ,2
השתחויתמ,προσκυνησητε,2
אבדתמ,απολλυμι,2
יכמ,τεκνον,2
מזוזות,φλιασ,2
כפ,ιχνοσ,2
גרזימ,γαριζιν,2
מבוא,δυσμω,2
רמימ,υψηλω,2
יכמ,ολοκαυτωμα,2
זבח,θυσιασματα,2
יכמ,θυσιασματα,2
נדר,υμω,2
צאנ,υμω,2
שמחתמ,ευφρανθησεσθε,2
מנוחה,καταπαυσισ,2
כמ,χειρω,2
יהוה,υμω,2
יכ,φυλω,2
יכ,χρονοσ,2
ירחיב,εμπλατυνη,2
אכל,ωστε,2
יחדו,ωσαυτωσ,2
חזק,ισχυροσ,2
תאכל,βρωθησεται,2
יכ,θυσιω,2
ירשת,κατακληρονομησησ,2
ישבת,κατοικησησ,2
השמד,εξολεθρευθη,2
ישרפו,κατακαιουσιν,2
כמ,εντελλω,2
סתר,λαθρη,2
נעבדה,λατρευσωμεν,2
החרמ,αναθεμα,2
רחמ,ελεησει,2
סנפיר,πτερυγια,2
קשקשת,λεπισ,2
נבלה,θνησιμαι,2
תוציא,εξοισεισ,2
שבעו,εμπλησθησονται,2
שמטה,αφεσισ,2
תשמע,εισακουω,2
משלת,αρχω,2
העבט,δαν(ε)ιον,2
יקב,ληνοσ,2
צאת,εξοδιασ,2
חי,υμω,2
הלכת,απερχομαι,2
שבעות,εβδομαδων,2
גרנ,αλωνοσ,2
סכות,σκηνοπηγιασ,2
אשרה,αλσοσ,2
עבר,παρελθει,2
יגידו,αναγγειλωσιν,2
קסמימ,μαντεια,2
אוב,εγγαστριμυθοσ,2
דרש,επερωταω,2
קרב,αδελφοσ,2
אצו,εντειλωμαι,2
תבדיל,διαστελλω,2
גרזנ,αξινη,2
נס,φυγη,2
שקר,αδικα,2
נשארימ,επιλοιποι,2
יספו,προσθησουσιν,2
ראית,ιδη,2
מעל,αναβιβαζω,2
כמ,οταν,2
יכמ,εχθροσ,2
הלחמ,εκπολεμη,2
שלומ,ειρηνικα,2
נמצא,ευρεθεντεσ,2
רבימ,πλειων,2
תשחית,εξολεθρευσεισ,2
יכ,κριτησ,2
חלל,τραυματιησ,2
עגלה,δαμαλισ,2
שפכה,εκχεω,2
כפר,γιγνομαι,2
נכפר,εξιλασθησεται,2
תוכ,ενδον,2
שבי,αιχμαλωσιασ,2
חפצת,εθελω,2
שלחת,εξαποστελει,2
חפש,ελευθεροσ,2
אהובה,ηγαπημενη,2
שנואה,μισουμενη,2
שנואה,μισουμενησ,2
יכיר,επιγνωσεται,2
הוציאו,εξαξουσιν,2
קל,ημω,2
תלוי,κρεμαννυμι,2
שי,προβατον,2
התעלמת,υπεριδησ,2
קרוב,εγγιζη,2
תלבש,ενδυση,2
צמר,ερια,2
פשתימ,λινον,2
שנא,μισηση,2
עלילת,προφασιστικουσ,2
בתולי,παρθενια,2
ישנא,μισεω,2
נערה,νεανιδοσ,2
נבלה,αφροσυνην,2
מארשה,μεμνηστευμενη,2
צעקה,βοαω,2
ענ,ταπεινοω,2
יגלה,αποκαλυψισ,2
כנפ,συγκαλυμμα,2
מואבי,μωαβιτησ,2
בלעמ,βαλααμ,2
נהרימ,μεσοποταμιασ,2
יד,τοποσ,2
נו,θλιψισ,2
תדר,ευχομαι,2
ידרש,εκζητησει,2
כלי,αγγοσ,2
קמת,αμητος,2
כריתת,αποστασιον,2
עבוט,ενεχυρον,2
שכב,κοιμηθησεται,2
יומתו,αποθανου,2
יתומ,ορφανου,2
יחפצ,βουλομαι,2
יבמת,αδελφοσ,2
שלמה,αληθινοσ,2
הניח,καταπαυω,2
טנא,καρταλλον,2
לחצ,ημω,2
לוי,λευιτη,2
ני,ενετειλω,2
מת,τεθνηκοτι,2
עליונ,υπερανω,2
שדת,κονιασεισ,2
שיד,κονια,2
כתבת,γραψεισ,2
כמ,διαβαινω,2
עשתרות,ποιμνιον,2
טנא,αποθη,2
משארת,εγκαταλειμματα,2
בא,εισπορευεσθαι,2
פרי,γενημασιν,2
אדמת,κτηνω,2
קללות,καταραι,2
השיגו,καταλημψονται,2
צאת,εισπορευεσθαι,2
ישלח,εξαποστειλαι,2
מעלל,επιτηδευμα,2
רדפו,καταδιωξονται,2
יכ,ουρανοσ,2
בהמת,θηριοισ,2
שחינ,ελκω,2
הרפא,ιαομαι,2
אפלה,σκοτοσ,2
תצליח,ευοδοω,2
עשוק,αδικουμενοσ,2
מושיע,βοηθω,2
נה,εχω,2
ידעת,επισταμαι,2
כפ,ιχνουσ,2
עבדת,λατρευω,2
נו,κατεσθιω,2
תוליד,γεννησεισ,2
זנב,ουρον,2
יחנ,ελεησει,2
חמת,τειχοσ,2
גבהות,υψηλοσ,2
יציק,θλιψισ,2
ענג,τρυφεροσ,2
תרע,βασκανει,2
בשר,σαρκω,2
רכה,απαλη,2
ענגה,τρυφεροσ,2
נכבד,εντιμοσ,2
שמעת,εισακουω,2
הרבות,πληθυ,2
ישיש,ευφρανθησεται,2
ידעת,ηπιστω,2
לילה,ημερα,2
יתנ,γιγνομαι,2
עבד,θεραπουσιν,2
יו,θεραπουσιν,2
בלו,επαλαιωθη,2
יכמ,ιματιον,2
יכמ,αρχιφυλοι,2
שטר,γραμματοεισαγωγει,2
שטר,υμω,2
יכמ,γραμματοεισαγωγει,2
כמ,μονοσ,2
אלה,αρη,2
שקוצ,βδελυγματα,2
יהמ,βδελυγματα,2
משפחה,πατριοσ,2
ראש,χολη,2
אלות,αειρω,2
תחלא,νοσοσ,2
שב,παλιν,2
רחקה,μακραν,2
נעש,ποιεω,2
עבר,προπορευομενοσ,2
עמ,υμι,2
ירפ,ανιημι,2
ילמדו,μαθωσιν,2
יתיצבו,ιστημι,2
הפר,διασκεδασουσιν,2
כרתי,διατιθημι,2
עזבתי,καταλειπω,2
תמ,τελοσ,2
האזינו,προσεχω,2
אמרת,ρημα,2
רביבימ,ωσει,2
אקרא,καλεω,2
גדל,μεγαλωσυνην,2
יכ,πρεσβυσ,2
גבלת,οριον,2
הו,αυταρκησεν,2
אישונ,κορη,2
הו,ανελαβεν,2
הו,αναβιβαζω,2
כרימ,αρνω,2
ענב,σταφυλη,2
ישבע,εμπιπλημι,2
תשכח,επελαθου,2
יקנא,ζηλοω,2
כעס,οργη,2
אמנ,πιστισ,2
פעל,ποιεω,2
ירדפ,διωξεται,2
נו,θεοσ,2
אוצרת,θησαυροσ,2
חש,παρειμι,2
יתנחמ,παρακληθησεται,2
יקומו,αναστητωσαν,2
אשיב,ανταποδιδωμι,2
ישיב,ανταποδωσει,2
יכ,λαοσ,2
מו,ημι,2
ימת,αποθανετω,2
יכ,δηλουσ,2
יכ,αληθεια,2
מגד,ωρα,2
רצונ,δεκτα,2
מחקק,αρχων,2
זרעת,βραχιων,2
יכחשו,ψευσονται,2
תדרכ,επιβηση,2
ערבת,αραβωθ,2
ערבת,μωαβ,2
מואב,αραβωθ,2
גי,γαια,2
תשאר,καταλειπω,2
ערפה,ορφα,2
ימותו,αποθνησκω,2
יה,νυμφη,2
תשב,αποστρεφω,2
אשה,εκαστοσ,2
מתימ,θνησκω,2
מנוחה,αναπαυσισ,2
תשק,καταφιλεω,2
תבכינה,κλαιω,2
שבנה,επιστρεφω,2
יצאה,εξεστι,2
קצרימ,θεριζω,2
קוצרימ,θεριζοντασ,2
עמרימ,δραγμα,2
פעל,εργασια,2
חסות,πειθω,2
קלי,αλφιτον,2
יו,παιδαριοισ,2
איפה,οιφι,2
גאל,ημα,2
נערות,κορασιον,2
יו,κορασιον,2
תדבק,προσκολλαω,2
אבקש,ζητεω,2
יכ,ιματισμοσ,2
ישכב,κοιμα,2
שכבת,κοιμαω,2
תאמרי,ειπον,2
לילה,μεσονυκτιον,2
ברוכה,ευλογεω,2
אמ,ειτοι,2
שער,φυλη,2
יגאל,αγχιστευω,2
עבר,παραπορευομαι,2
יסר,εκκλινω,2
גאול,αγχιστευ,2
קנות,κταομαι,2
גאלת,αγχιστεια,2
חצרונ,εσρων,2
רמ,αρραν,2
רמתימ,αρμαθαιμ,2
מנה,μερισ,2
סגר,συγκλειω,2
יו,θανατοσ,2
שכר,μεθυσμα,2
תענ,αποκρινω,2
אשפכ,εκχεω,2
ישתחוו,προσκυνου,2
נבל,νεβελ,2
ישחט,εσφαξεν,2
ישחטו,εσφαξεν,2
עמ,ενωπιον,2
שאלת,αιτημα,2
שמחתי,ευφρανθην,2
תדברו,λαλεω,2
רבת,πολυσ,2
אשפת,κοπριασ,2
הושיב,καθιζω,2
מריב,ποιεω,2
מריב,αντιδικον,2
יו,ποιεω,2
חכמת,φρονησισ,2
בליעל,λοιμος,2
זבח,θυοντοσ,2
מזלג,κρεαγρα,2
חזקה,κραταιοσ,2
גדל,μεγαλυνω,2
הקטיר,θυμια,2
נאמ,φημι,2
אכבד,δοξαζω,2
הקימתי,ανιστημι,2
יקר,τιμιοσ,2
קראתי,κεκληκα,2
ילכ,ανατρεπω,2
יתיצב,καθιστημι,2
תכחד,κρυψησ,2
אבנ,αβενεζερ,2
עזר,αβενεζερ,2
אפק,αφεκ,2
ינגפ,επταισεν,2
נגפ,επταισεν,2
קול,κραυγη,2
יציל,εξελει,2
רגלי,ταγματων,2
מד,ιματιον,2
תזעק,αναβοαω,2
מהר,σπευδω,2
יבא,προση,2
מגפה,πληγη,2
הזכיר,μιμνησκω,2
הלקח,λαμβανω,2
יה,ωδι,2
ישכמו,ωρθρισαν,2
עפל,εδρα,2
יהמ,εδρα,2
ישמ,επαγω,2
אשדוד,αζωτου,2
סרני,σατραπασ,2
עפלימ,εδρα,2
טחרימ,εδρα,2
ישלחו,εξαποστελλουσιν,2
ני,ημα,2
שלחו,εξαποστελλω,2
ישב,καθισατω,2
יקראו,καλοσ,2
סרני,σατραπω,2
טחרי,εδρα,2
אלהי,κυριοσ,2
אולי,οπωσ,2
עלות,πρωτοτοκουσασ,2
מקרה,συμπτωμα,2
ישמו,τιθημι,2
ארגז,θεμα,2
ארגז,εργαβ,2
יהושע,ωσηε,2
העלו,ανηνεγκαν,2
עקרונ,ακκαρων,2
סרנימ,σατραπω,2
עבר,διελθει,2
אתפלל,προσευχομαι,2
יצומו,ενηστευσαν,2
ישפט,εδικαζεν,2
יעלה,αναφερω,2
מעלה,αναφερων,2
עזר,ημι,2
יכנעו,ταπεινοω,2
שפט,εδικαζεν,2
יהי,ταυ,2
משנ,δευτεροσ,2
הו,δευτεροσ,2
יתקבצו,συναθροιζονται,2
שפט,δικαζω,2
נו,δικαζω,2
כרמ,υμω,2
יכמ,αμπελοσ,2
זרע,σπερματα,2
יעשר,αποδεκατωσει,2
שפחות,δουλη,2
ינו,εμπροσθεν,2
ימיני,ιεμιναιου,2
שכמ,ωμιαν,2
יבוא,παρειμι,2
דרכ,ημω,2
נו,οδοσ,2
יומ,λαοσ,2
תמצאונ,ευρισκω,2
יעבר,διελθετω,2
גבול,οριω,2
תבור,θαβωρ,2
חבל,χοροσ,2
מתנבאימ,προφητευω,2
תבאנה,ηκω,2
העלות,ανενεγκει,2
נבאימ,προφητησ,2
מצפה,μασσηφα,2
העליתי,αναγω,2
יו,φυλη,2
מטרי,ματταρι,2
נחבא,κρυπτω,2
יגבה,υψοω,2
יבז,ατιμαζω,2
הו,ατιμαζω,2
עמוני,αμμανιτην,2
אכרת,διατιθημι,2
ידברו,λαλου,2
יספרו,διηγεομαι,2
תצלח,εφηλατο,2
ינתח,εμελισεν,2
יפקד,επισκεπτεται,2
בני,ανηρ,2
חמ,διαθερμαναντοσ,2
ישמחו,ευφρανθησαν,2
יפצו,διασπειρω,2
כפר,εξιλασμα,2
נעלימ,υποδημα,2
אשיב,αποδιδωμι,2
יהמ,λαοσ,2
הגדתי,απαγγελλω,2
יוציאו,εξαγω,2
ישכחו,επιλανθανομαι,2
סיסרא,σισαρα,2
כמ,ημω,2
עבדתמ,δουλευσητε,2
שמעתמ,ακουω,2
רבה,μεγασ,2
עבדתמ,δουλευσατε,2
תהו,ουδεισ,2
יטש,απωσεται,2
ישרה,ευθει,2
יבחר,εκλεγεται,2
גבעת,γαβεε,2
פלשתימ,αλλοφυλον,2
עברימ,δου,2
בית,βαιθων,2
אונ,βαιθων,2
צר,στενοσ,2
חרדו,εξιστημι,2
מועד,μαρτυριω,2
העלות,αναφερων,2
נאספימ,συναγω,2
חליתי,δεω,2
גלגל,γαλγαλων,2
נמצאימ,ευρισκω,2
עפרה,γοφερα,2
עברימ,εβραι,2
נשא,αιροντι,2
נעברה,διαβαινω,2
שנ,ακρωτηριον,2
עבר,ενθεν,2
מול,ερχομαι,2
מכמש,μαχμασ,2
ערלימ,απεριτμητων,2
חרדה,εκστασισ,2
ילכ,ενθεν,2
הלמ,ενθεν,2
פקדו,επισκεπτομαι,2
ארונ,εφουδ,2
אלהימ,εφουδ,2
רב,πληθυνω,2
אספ,συναγαγε,2
ידבקו,συναπτουσιν,2
יושע,σωζω,2
עברה,διοσ,2
טעמ,γευομαι,2
מטה,σκηπτρον,2
יעפ,εκλυω,2
טעמתי,γευω,2
תחטאו,αμαρτανω,2
תתנ,παραδωσεισ,2
גשו,προσαγαγετε,2
עבר,δουλεια,2
העמ,λαοσ,2
הפילו,βαλλω,2
יונתנ,σημερον,2
שערת,τριχοσ,2
אדומ,υιοσ,2
מלכי,μελχισα,2
שוע,μελχισα,2
אבינר,αβεννηρ,2
עלל,νηπιοσ,2
יונק,θηλαζοντοσ,2
ישמע,παραγγελλω,2
איש,ιουδασ,2
אבו,βουλομαι,2
החרימ,εξολεθρευ,2
שאול,ισραηλ,2
חטאימ,αμαρτανω,2
יהוה,λαοσ,2
ימאס,εξουδενωσει,2
פי,λογοσ,2
יראתי,φοβεω,2
יחזק,κρατεω,2
קרע,δια(ρ)ρηγνυμι,2
כבד,δοξαζω,2
ני,δοξαζω,2
השתחויתי,προσκυνεω,2
המליכ,βασιλευω,2
מתי,εωσ,2
מאסתי,εξουδενωκα,2
שמע,ακουσεται,2
יחרדו,εξιστημι,2
קראת,απανταω,2
קומת,μεγεθοσ,2
יעבר,παρηγαγεν,2
יפה,καλλοσ,2
סרה,αφιστημι,2
יבקשו,ζητησατωσαν,2
נבונ,σοφοσ,2
הו,αγαπαω,2
גבה,υψοσ,2
כובע,περικεφαλαια,2
כידונ,ασπισ,2
מערכת,παραταξισ,2
הכתי,επαταξα,2
החזקתי,εκρατησα,2
הצל,εξαιρεω,2
מד,μανδυαν,2
יהושיע,σωζω,2
יקמו,ανιστανται,2
יו,σαυλοσ,2
הו,αφιστημι,2
יוצא,εκπορευομαι,2
לט,λαθρη,2
אהבו,αγαπαω,2
התחתנ,επιγαμβρευ,2
ערלות,ακροβυστιαισ,2
סתר,κρυβη,2
מעש,ποιημα,2
תרפימ,κενοταφια,2
נצב,καθεστηκωσ,2
בור,φρεαρ,2
ערמ,γυμνοσ,2
נביאמ,προφητησ,2
אשב,καθησομαι,2
ני,εξαποστελει,2
רוצ,δραμει,2
משפחה,φυλη,2
חצימ,σχιζα,2
לחמ,τραπεζα,2
יפקד,επεσκεπη,2
נשאל,παρητηται,2
יפחז,αναπηδαω,2
חרי,οργη,2
חצימ,σχιζασ,2
חצי,σχιζα,2
שלש,τρισ,2
פעמימ,τρισ,2
דאג,δωηκ,2
יענו,εξεστι,2
טעמ,προσωπον,2
ית,ετυμπανιζεν,2
מצוק,αναγκη,2
יער,πολισ,2
בני,βενιαμιν,2
ארב,εχθροσ,2
צידה,επισιτισμοσ,2
שאול,ερωσ,2
שמנימ,πεντε,2
נשא,αιρω,2
עולל,νηπιοσ,2
נלחמימ,πολεμοσ,2
הושעת,σωζω,2
נלכ,πορευομαι,2
יברחו,φευγω,2
שש,τετρακοσιοι,2
יחזק,εκραταιωσεν,2
זפימ,ζιφαι,2
מסתתר,κρυπτω,2
ישימונ,ιεσσαιμουν,2
ברוכימ,ευλογεω,2
פשטו,επιτιθημι,2
עינ,εγγαδδι,2
גדי,εγγαδδι,2
בחור,εκλεκτοσ,2
ישבימ,εκαθηντο,2
יקד,εκυψεν,2
ישפט,δικασαι,2
גמלת,ανταπεδωκασ,2
גמלתי,ανταπεδωκα,2
רמה,αρμαθαιμ,2
טובת,αγαθοσ,2
שכל,συνεσισ,2
עתה,ιδου,2
גזזימ,κειρουσιν,2
נפקד,ενετειλαμεθα,2
יכ,παιδαριον,2
יגידו,απαγγελου,2
טבימ,αγαθοσ,2
בליעל,λοιμοσ,2
דבלימ,παλαθασ,2
פשע,ανομημα,2
רדפ,καταδιωκων,2
מכשול,σκανδαλον,2
עלי,αναβαινω,2
ראי,βλεπω,2
תבא,παραγιγνομαι,2
רב,κρινω,2
אביגיל,αβιγαιασ,2
ישימנ,ιεσσαιμουν,2
שלשת,χιλιασ,2
אלפימ,τρει,2
בחורי,εκλεκτοσ,2
מעגל,λαμπηνη,2
ישנ,υπνοσ,2
צפחת,φακον,2
השחית,διαφθει,2
ארורימ,επικαταρατοι,2
עבד,δουλευε,2
שוב,επιστρεφε,2
תוכל,δυνησει,2
אמלט,σωζω,2
ני,ζητεω,2
קיני,κενεζι,2
תדע,γνωσισ,2
אבות,εγγαστριμυθουσ,2
דור,αενδωρ,2
יתחפש,συνεκαλυψατο,2
ילבש,περιβαλλω,2
אוב,εγγαστριμυθω,2
העלי,αναγαγε,2
הכרית,εξωλεθρευσεν,2
סר,αφεστηκεν,2
הו,θυω,2
תלש,εφυρασεν,2
תגש,προσαγω,2
מאות,εκατοντασ,2
שרי,σατραπαι,2
שרי,στρατηγοσ,2
שטנ,επιβουλοσ,2
הלכתמ,πορευομαι,2
ישבו,αιχμαλωτευω,2
יזרעלית,ιεζραηλι,2
כרמלי,καρμηλιου,2
תשיג,καταλαμβανω,2
ימצאו,ευρισκουσιν,2
פלח,κλασμα,2
ני,καταλειπω,2
ני,παραδου,2
שלל,σκυλον,2
נמלט,σωζω,2
בא,επερχομαι,2
צור,βαιθσουρ,2
שלפ,σπασαι,2
ערלימ,απεριτμητοσ,2
התעללו,εμπαιξωσιν,2
פשט,εκδιδυσκειν,2
יהמ,οστεον,2
ימתו,αποθνησκω,2
יפנ,επιβλεπω,2
אחז,κατεχω,2
יקננ,εθρηνησεν,2
יכ,θνησκω,2
יאבדו,απολλυμι,2
ימשחו,χριουσιν,2
מחנימ,μαναεμ,2
סור,αφιστημι,2
יו,υποκατω,2
אחרונה,εσχατοσ,2
ערבה,δυσμη,2
יולדו,τικτω,2
אביטל,αβιταλ,2
יראת,φοβεω,2
תחת,παραχρη,2
אמר,λαλεω,2
עבד,δαυιδ,2
יהמ,εχθρω,2
אקומה,αναστησομαι,2
מלכת,βασιλευσεισ,2
מבוא,εισοδοσ,2
הו,εκκλινω,2
מחזיק,κρατεω,2
חגרו,περιζωσασθε,2
נחשתימ,πεδη,2
שרי,ηγεομαι,2
רכב,ρηχαβ,2
נכה,πεπληγωσ,2
פדה,ελυτρωσατο,2
נפשי,ψυχη,2
רשעימ,πονηροσ,2
אבקש,εκζητεω,2
מביא,εισαγων,2
תרעה,ποιμαινω,2
יבסי,ιεβουσαι,2
מצדת,περιοχην,2
גדול,μεγαλυνω,2
יבנו,οικοδομεω,2
פלגשימ,παλλακη,2
ינטשו,συνεπεσαν,2
רפאימ,τιτανων,2
בעל,επανω,2
בעל,διακοπω,2
בכאימ,κλαυθμοσ,2
משחקימ,παιζω,2
יאחז,κρατεω,2
הו,παιω,2
נשאי,αιροντεσ,2
אפוד,στολη,2
מעלימ,αναγω,2
תבז,εξουδενωσεν,2
יחלק,διεμερισεν,2
המונ,δυναμισ,2
אמהות,παιδισκω,2
הגלות,αποκαλυπτω,2
אכבדה,δοξαζω,2
ארזימ,κεδρινω,2
משכנ,καταλυμα,2
התהלכתי,διοσ,2
בניתמ,ωκοδομηκατε,2
ארזימ,κεδρινοσ,2
נוה,μανδρασ,2
נטעתי,καταφυτευσω,2
תחת,εαυτου,2
ירגז,μεριμναω,2
יסיפו,προστιθημι,2
ראשונה,αρχη,2
צויתי,εταξα,2
כננתי,ανορθοω,2
הסרתי,απεστησα,2
פדות,λυτρωσασθαι,2
אבנה,οικοδομεω,2
יכניע,ετροπωσατο,2
מנחה,ξενιοσ,2
רחב,ρααβ,2
יעקר,παρελυσεν,2
יותר,υπελιπετο,2
הדרעזר,αδρααζαρ,2
נצבימ,φρουρα,2
כירות,λουτη,2
תעי,θοου,2
אדומ,ιδουμαι,2
לו,λαδαβαρ,2
דבר,λαδαβαρ,2
מיכא,μιχα,2
מכבד,δοξαζω,2
יגלח,εξυρησεν,2
כמ,πωγωνασ,2
דוד,λαοσ,2
ישכרו,μισθοω,2
איש,ιστωβ,2
טוב,ιστωβ,2
נו,λαοσ,2
שובכ,σωβακ,2
תשובת,επιστρεψαντοσ,2
רבה,ραββαθ,2
גג,δωμα,2
אליעמ,ελιαβ,2
תבצ,θαμασι,2
יחמל,φειδομαι,2
משחתי,χριω,2
הנ,ταυ,2
יכ,γυναικω,2
אפס,πλην,2
ברזל,σιδηροι,2
שמעה,σαμαα,2
אברה,εσθιω,2
תענ,ταπεινωσησ,2
אהבה,αγαπη,2
תשמ,επιτιθημι,2
ילכ,πορευθητω,2
יפרצ,βιαζω,2
חזקו,ανδριζομαι,2
מורד,καταβασισ,2
תלמי,θολμαι,2
אצוה,εντελου,2
נדח,εξωσμενον,2
ני,οραω,2
רצימ,παρατρεχειν,2
אי,ποιοσ,2
ני,καθιστημι,2
ני,επιστρεφω,2
יועצ,συμβουλον,2
פליטה,σωτηρια,2
נו,καταλαμβανω,2
עמ,παισ,2
נכרי,ξενοσ,2
ני,δεικνυμι,2
ערבות,αραβωθ,2
ראש,ροωσ,2
ישתחוה,προσκυνεω,2
ארכי,αρχι,2
מפי,μεμφιβοσθε,2
קיצ,φοινιξ,2
יסקל,λιθαζων,2
שמאל,βασιλευσ,2
קלל,καταρα,2
יקלל,καταρα,2
אסירה,αφελω,2
ימיני,ιεμινι,2
רע,εταιροσ,2
פלגשי,παλλακη,2
ידימ,χειρ,2
בד,μονωτατον,2
אשיבה,επιστρεφω,2
מקומת,τοποσ,2
יעצתי,συνεβουλευσα,2
עינ,ρωγηλ,2
רגל,πηγη,2
רגל,ρωγηλ,2
הראות,οφθη,2
מהרה,ταχεωσ,2
נעדר,λανθανω,2
גלעדי,γαλααδιτησ,2
רגלימ,ρωγελλιμ,2
שערימ,κριθασ,2
ישימו,θησουσιν,2
יסבו,κυκλοω,2
שפר,κερατινη,2
לכ,βαδισασ,2
בשורה,ευαγγελια,2
ארוצ,δραμου,2
יכ,αγαπαω,2
ילינ,αυλισθησεται,2
יהודה,ανηρ,2
עשר,πεντε,2
מפבשת,μεμφιβοσθε,2
כמהמ,χαμααμ,2
גנבו,κλεπτω,2
מת,θανατοσ,2
בצרות,οχυρασ,2
רדפ,διοσ,2
בית,βαιθμαχα,2
מעכה,βαιθμαχα,2
חל,προτειχισματι,2
אדרמ,αδωνιραμ,2
ספר,γραμματευσ,2
גבענימ,γαβαωνι,2
רפה,γιγασ,2
יביש,γαλααδ,2
אצבעות,δακτυλοι,2
מנוס,καταφυγη,2
אושע,σωζω,2
בליעל,ανομια,2
תאכל,κατεδεται,2
בערו,εκκαιω,2
כרוב,χερουβιμ,2
יעפ,επετασθη,2
ישת,τιθημι,2
עבי,νεφελη,2
נגה,φεγγουσ,2
גחלי,ανθρακεσ,2
יפיצ,σκορπιζω,2
יהמ,εξεστησεν,2
אמצו,εκραταιωθησαν,2
רשעתי,ησεβησα,2
תתחסד,οσιωθηση,2
נבר,εκλεκτου,2
עקש,στρεβλου,2
תשפיל,ταπεινωσεισ,2
אדלג,υπερβησομαι,2
שור,τει,2
מגנ,υπερασπισμον,2
צעד,διαβηματα,2
תפלט,ρυση,2
תשמר,φυλαξεισ,2
תרוממ,υψωσεισ,2
ני,υψωσεισ,2
תציל,ρυση,2
מגדיל,μεγαλυνων,2
נאמ,πιστοσ,2
זמרות,ψαλμοι,2
יציל,εξαιρεω,2
ישק,ποτιει,2
ני,ποτιει,2
יבקעו,διαρρηγνυμι,2
ישאבו,υδρευσαντο,2
פעלימ,εργον,2
שלג,χιονοσ,2
תקועי,θεκωιτησ,2
צלמונ,σελμων,2
נטפתי,νετωφαθιτησ,2
אבי,υιοσ,2
עזמות,αζμωθ,2
יתרי,ιεθιραι,2
גרב,γαρηβ,2
יסת,επεσεισεν,2
המ,ωσπερ,2
צידונ,σιδω,2
תשעה,εννεα,2
מפקד,επισκεψεωσ,2
בחר,εκλεξαι,2
אשיב,αποκριθω,2
שלח,αποστειλαντι,2
צר,στενα,2
הקמ,ιστημι,2
מחיר,αλλαγματι,2
אעלה,ανοισω,2
סכנת,θαλπουσα,2
גבול,οριου,2
הו,ελειτουργει,2
אדניה,αδωνιασ,2
אדניה,αδωνιου,2
לכי,δευ,2
תקד,εκυψεν,2
שור,μοσχουσ,2
יגדל,μεγαλυναι,2
פרדת,ημιονοσ,2
שופר,κερατινησ,2
יקימ,ιστημι,2
יכרת,εξολεθρευω,2
קרבו,εγγιζω,2
ני,καταραομαι,2
אשבע,ομνυμι,2
הו,αθωωσησ,2
הורדת,καταξεισ,2
שאלה,αιτησισ,2
שאלת,αιτεω,2
שאלי,αιτεω,2
אדניהו,αδωνια,2
יפגע,ανει,2
פגע,ανελε,2
ראש,πρω,2
תבונה,σοφια,2
פקעימ,υποστηριγματα,2
העלה,σολομων,2
שלמה,ανεφερεν,2
פעמימ,τρει,2
הקטיר,εθυμια,2
שלמ,συντελεω,2
עשימ,ποιουντων,2
מגדו,μαγδω,2
בעלת,βααλαθ,2
בנה,οικοδομησον,2
אנה,ουδαμου,2
דבר,ελαλησασ,2
בקש,εκζητη,2
איל,ελαφων,2
צבי,δορκαδων,2
יחמור,ορνισ,2
ברברימ,εκλεκτω,2
נבנה,ωκοδομηθη,2
במה,υψηλοσ,2
יבוא,παραγιγνομαι,2
זנות,πορνη,2
תעמדנה,ιστημι,2
זולתי,παρεξ,2
הו,κοιμιζω,2
אקמ,ανεστην,2
גזרו,διελετε,2
ילוד,παιδιον,2
תמית,θανατωσητε,2
הו,θανατωσητε,2
אחילוד,αχιλιδ,2
נצבימ,καθεσταμενων,2
תענכ,θααναχ,2
גבר,γαβερ,2
מושל,αρχων,2
כר,κοροι,2
יחכמ,εσοφισατο,2
אש,ενεπυρισεν,2
כנעני,χανανιτην,2
עיר,μεργαβ,2
הרג,μεργαβ,2
צדנימ,σιδωνιοσ,2
ישמח,χαιρω,2
ברושימ,πευκινα,2
חטימ,πυρου,2
בד,χωρισ,2
יסעו,αιρουσιν,2
יסד,θεμελιοσ,2
יפסלו,επελεκησαν,2
גבלימ,βαλλω,2
הגבלו,βαλλω,2
קירות,τοιχων,2
הבנת,οικοδομεω,2
הו,συντελεω,2
אמות,πηχει,2
ארזימ,κεδρινοισ,2
ארזימ,κεδρινων,2
קרקע,εδαφουσ,2
קירות,δοκεω,2
הו,περιεχω,2
יו,πτερυγιου,2
פנימי,εσωτατου,2
יהמ,πτερυξ,2
נגעת,απτω,2
תמרת,φοινιξ,2
שמנ,αρκευθινων,2
ארזימ,κεδροσ,2
משפט,διαταξισ,2
כתפת,ωμιαι,2
מחזה,χωρα,2
שלש,τρισσω,2
פעמימ,τρισσω,2
אלמ,αιλαμ,2
חכמה,τεχνη,2
עמוד,στυλου,2
עבי,παχοσ,2
אמות,πηχεισ,2
כתרת,επιθεματοσ,2
כתרת,επιθεμα,2
שבעה,δικτυον,2
ראש,κεφαλοσ,2
שושנ,κρινου,2
כתרת,μελαθρον,2
עגל,στρογγυλον,2
מזרח,ανατολην,2
מסגרת,συγκλειστον,2
יהמ,πραγματεια,2
ידת,χειρω,2
יה,χειρω,2
סירות,λεβησ,2
יעימ,θερμαστρεισ,2
מזרקות,φιαλη,2
סכות,σοκχωθ,2
דלתי,θυρα,2
כנפימ,πτερυξιν,2
יו,αγιοσ,2
הלכימ,πορευω,2
יכרת,εξαρθησεται,2
יאמנ,πιστωθητω,2
אלה,ισραηλ,2
הודו,εξομολογησονται,2
ישובונ,αποστρεφω,2
חסיל,ερυσιβη,2
תחנה,δεησισ,2
ידעונ,γιγνωσκω,2
עמ,καθωσ,2
תחנת,προσευχη,2
קרובה,εγγυσ,2
העוינו,ηνομησαμεν,2
חטאת,αδικια,2
פשעו,αθετεω,2
רחמימ,οικτιρμουσ,2
לבב,ημω,2
חקת,προσταγμα,2
עליונ,υψηλοσ,2
שרק,συριει,2
מס,προνομη,2
סגור,περιφραξαι,2
חצר,ασσουρ,2
תמר,ιεθερμαθ,2
תדמר,ιεθερμαθ,2
משלת,καταρχω,2
נותר,υπολελειμμενον,2
גרגשי,γεργεσαιου,2
מאות,εκατον,2
מעמד,στασισ,2
חכמת,φρονησεωσ,2
שמועה,ακοη,2
משפט,κριμασιν,2
צנה,δορυ,2
שחוט,ελατα,2
מגנ,οπλον,2
שנ,ελεφαντινοσ,2
כסה,θρονοσ,2
שקמימ,συκαμινουσ,2
קוה,θεκουε,2
מאה,πεντηκοντα,2
נכריות,αλλοτριοσ,2
שרות,αρχουσαι,2
עשתרת,ασταρτη,2
אלהי,βδελυγματι,2
מלכמ,βασιλευσ,2
שקצ,ειδωλον,2
כמוש,χαμωσ,2
אקרע,λαμβανω,2
יקמ,εγειρω,2
שטנ,σαταν,2
תחפניס,θεκεμινασ,2
גנבת,γανηβαθ,2
הו,εκτρεφω,2
צרדה,σαριρα,2
גבור,ισχυροσ,2
אחיה,αχιασ,2
קרעימ,ρηγματα,2
שבטימ,σκη,2
שישק,σουσακιμ,2
נו,κλοιος,2
הו,συμβουλευω,2
הכביד,εβαρυνεν,2
מתני,οσφυσ,2
איסר,παιδευσω,2
שילני,σηλωνιτου,2
ימליכו,βασιλευω,2
שמעיה,σαμαιαν,2
צרירה,σαριρα,2
אלכ,απερχομαι,2
דרש,επερωτη,2
מת,τεθνηκοτεσ,2
זעקה,κραυγη,2
פנואל,φανουηλ,2
המ,λαοσ,2
הקטיר,επιθυ,2
תשתה,πιησ,2
ירכב,επιβαινω,2
אלה,δρυ,2
הו,επιστρεφω,2
יו,οστεον,2
קרא,λαλεω,2
הכרתי,εξολεθρευσω,2
אחת,τεσσαρακοντα,2
מגני,οπλον,2
רצימ,παρατρεχοντων,2
אבישלומ,αβεσσαλωμ,2
ארבע,τεταρτοσ,2
סרו,εξεστι,2
קדשי,κιονασ,2
בנימנ,βουνος,2
מצפה,σκοπιαν,2
שלש,τριτοσ,2
תלכ,επορευθησ,2
תחטא,εξημαρτεσ,2
גבורת,δυναστει,2
חנימ,παρεμβολη,2
גינת,γωναθ,2
יורמ,ιωραμ,2
שמרונ,σεμερων,2
שמר,σεμηρ,2
עשרימ,πεντε,2
חמש,εικοσι,2
קשר,συμπλοκω,2
צידנימ,σιδωνιοσ,2
עמדתי,παρεστην,2
כרית,χορραθ,2
כלכל,διατρεφειν,2
מביאימ,φερω,2
צרפת,σαρεπτα,2
מקששת,συλλεγω,2
באתי,εισερχομαι,2
כלתה,εκλειπω,2
חלי,αρρωστια,2
נשמה,πνευ,2
השביע,εμπρηθω,2
כרמל,καρμηλιον,2
בעל,αισχυνη,2
ארבע,πεντηκοντα,2
חמשימ,τετρακοσιοι,2
נביאי,προφη,2
פר,βου,2
ישימו,επιθετωσαν,2
יקראו,επεκαλου,2
ענ,ημω,2
שיח,αδολεσχια,2
יערכ,εστοιβασεν,2
לב,λαοσ,2
קישונ,κισων,2
ברכ,εαυτου,2
פעמימ,επτακι,2
קנא,ζηλοσ,2
קנאתי,εζηλωκα,2
אלהי,παντοκρατορι,2
צבאות,παντοκρατορι,2
מזבחת,θυσιαστηριον,2
יכ,προφητησ,2
אותר,υπολελειμμαι,2
יבקשו,ζητου,2
חזאל,αζαηλ,2
שפט,σαφατ,2
נמלט,σωζομενον,2
אלפימ,επτα,2
ישרת,ελειτουργει,2
שנימ,διακοσιοι,2
נחזק,κραταιωσομεν,2
נפל,πεσου,2
אפק,αφεκα,2
מתנ,ημω,2
ראש,ημω,2
נו,κεφαλη,2
הכי,παταξον,2
ני,παταξον,2
הכ,παταξει,2
אפר,τελαμω,2
רצחת,φονευω,2
יענ,διοτι,2
יזרעאלי,ιεζραηλιτην,2
מלוכה,βασιλευσ,2
חרימ,ελευθεροσ,2
בני,παρανομοσ,2
בליעל,υιοσ,2
ימת,θνησκω,2
ימלה,ιεμλα,2
נביאימ,προφη,2
צדקיה,σεδεκιασ,2
הצלח,ευοδοω,2
דברי,λαλου,2
כנל,ουτω(σ),2
שקר,ψευδεσ,2
נביא,προφητω,2
כלא,φυλακη,2
מעמד,ιστημι,2
ארצ,εαυτου,2
אחזיהו,οχοζιασ,2
אניות,ναυ,2
רעמא,ρεγμα,2
עפר,οφερ,2
אצר,ωσαρ,2
דישונ,δαισων,2
חושמ,ασομ,2
שמלה,σαμαα,2
נולד,γενναω,2
ימית,αποκτεινω,2
רמ,αραμ,2
שלמא,σαλμων,2
אצמ,ασομ,2
יהמ,αδελφη,2
ילדה,γενναω,2
עזובה,γαζουβα,2
אורי,ουρι,2
תקוע,θεκωε,2
אחיה,αδελφοσ,2
אונמ,οζομ,2
ידע,ιαδαε,2
אבישור,αβισουρ,2
סלד,σαλαδ,2
אפימ,αφφαιμ,2
ישעי,ισεμιηλ,2
ירחע,ιωχηλ,2
אפלל,αφαληλ,2
יהוא,ιηου,2
ססמי,σοσομαι,2
שמע,σεμαα,2
ירקעמ,ιερκααν,2
מעונ,μαων,2
חרנ,αρραν,2
גזז,γεζουε,2
שעפ,σαγαφ,2
שלמא,σολομων,2
נטופתי,νετωφαθι,2
שפטיה,σαφατια,2
שלוש,τριακοντα,2
יבחר,ιβααρ,2
נגה,ναγε,2
נפג,ναφαγ,2
יאשיהו,ιωσια,2
זרבבל,ζοροβαβελ,2
שכניה,σεχενια,2
נעדיה,νωαδια,2
עזריקמ,εζρικαμ,2
אלישיב,ελιασιβ,2
שובל,σουβαλ,2
משפחות,γενεσισ,2
עיטמ,αιταμ,2
רעה,γιγνωσκω,2
אשתונ,ασσαθων,2
אלה,αλσ,2
גדור,γεδωρ,2
ישעי,ισει,2
זוחת,ζωαθ,2
בלהה,βαλαα,2
חצר,επαυλεισ,2
יהמ,επαυλεισ,2
התיחש,καταλοχισμοσ,2
בניה,βαναια,2
יחזקיהו,εζεκιου,2
תלגת,θαγλαθφαλνασαρ,2
פלנאסר,θαγλαθφαλνασαρ,2
משפחת,πατριοσ,2
שפט,γραμματευσ,2
חורי,ουρι,2
שרונ,σαρων,2
דרכי,τεινω,2
ירמיה,ιερμια,2
הודויה,ωδουια,2
שמות,ονομαστοσ,2
יזנו,πορνευω,2
פלנסר,θαγλαθφαλνασαρ,2
גוזנ,γωζαν,2
יהוצדק,ιωσαδακ,2
גרשמ,γεδσων,2
אבות,πατρια,2
יהמ,πατρια,2
שיר,οργανοισ,2
ברכיהו,βαραχια,2
מלכיה,μελχια,2
שמר,σεμμηρ,2
מקלט,φυγαδευτηριων,2
עלמת,γαλεμεθ,2
חורונ,βαιθωρων,2
קדש,κεδεσ,2
יעזיר,ιαζηρ,2
יזרחיה,ιεζρια,2
הרבו,επληθυναν,2
יועש,ιωασ,2
ירמות,ιεριμωθ,2
ענתות,αναθωθ,2
צלפחד,σαλπααδ,2
אולמ,ουλαμ,2
בריעה,βεριγα,2
חבר,χαβερ,2
צופח,σωφα,2
ברורימ,εκλεκτοσ,2
נעמנ,νοομα,2
אלפעל,αλφααλ,2
ששק,σωσηκ,2
ירמות,ιαριμωθ,2
יקימ,ιακιμ,2
עדיה,αδαια,2
גדור,γεδουρ,2
מקלות,μακαλωθ,2
מריב,μεριβααλ,2
בעל,μεριβααλ,2
מיכה,μιχια,2
יהועדה,ιωιαδα,2
יהוידע,ιωιαδα,2
מוצא,μαισα,2
מיצא,μαισα,2
בנעא,βαανα,2
בכרו,πρωτοτοκοσ,2
מעל,ανομιαισ,2
אמר,εμμηρ,2
חשביה,ασαβια,2
גלל,γαλαλ,2
נטופתי,νετωφατι,2
קרחימ,κορι,2
עבודה,λειτουργια,2
יהמ,αυλαι,2
גברי,δυνατοσ,2
לשכות,παστοφοριων,2
בשמימ,αρωμα,2
מתתיה,ματταθιασ,2
מקלות,μακελλωθ,2
בעל,μαριβααλ,2
יערה,ιασ,2
יעדה,ιασ,2
מוצא,μασα,2
יעזבו,καταλειπω,2
בשר,ευαγγελιζω,2
גלעד,κατοικου,2
שאול,επερωταω,2
דרוש,ζητεω,2
דויד,βασιλευσ,2
יבוס,ιεβουσ,2
חכמוני,αχαμανι,2
שלישימ,τριακοντα,2
עורר,σπαω,2
אחת,καιροσ,2
צר,πετρα,2
יתאו,επιθυμεω,2
עקש,εκκησ,2
השמ,βενναιασ,2
השמ,οσομ,2
הררי,αραρι,2
יתרי,ιεθηρι,2
יושפט,ιωσαφατ,2
ציקלג,σωκλαγ,2
ישבעמ,ιεσβοαμ,2
מנ,υιοσ,2
אלפ,χιλιοσ,2
יו,κρηπι,2
עמקימ,αυλοσ,2
פנ,απαντησισ,2
יהמ,απαντησισ,2
עמשי,αμασαι,2
נפלו,προσχωρεω,2
מחנה,δυναμισ,2
שמונה,οκτακοσιοι,2
שמונה,δεκα,2
יהמ,αρχη,2
יוצאי,εκπορευομαι,2
מלחמה,πολεμικοσ,2
לב,ετεροκλινω,2
נגיד,ηγουμενω,2
דרשנ,ζητεω,2
הביא,εισενεγκαι,2
יולד,τικτω,2
פרצימ,διακοπη,2
פרצימ,φαρασιν,2
בכאימ,απειμι,2
יכנ,ετοιμαζω,2
כתוב,γραφη,2
עני,ωνι,2
עזיהו,οζιασ,2
השמיע,ακουω,2
כנניהו,χωνενια,2
משא,ωδω,2
מבינ,συνετοσ,2
הודות,εξομολογει,2
יחזיאל,οζιηλ,2
יו,επιτηδευμα,2
זמרו,υμνησατε,2
שיחו,διηγεομαι,2
זכרו,μνημονευω,2
מפת,τερασ,2
שבועת,ορκοσ,2
נחלת,υμω,2
כמ,κληρονομια,2
תרעו,πονηρευεσθε,2
שאו,λαμβανω,2
מלוא,πληρωμα,2
נו,σωτηρια,2
שאר,λοιποσ,2
יוסיפו,προστιθημι,2
ראית,επει,2
יושע,εσωζεν,2
תעו,θωα,2
גיא,κοιλας,2
נהרימ,συρια,2
צובה,σωβα,2
מלחמה,πολεμη,2
שופכ,σωφαχ,2
שר,δυναμισ,2
רבה,ραββα,2
תעמד,γιγνομαι,2
שטנ,διαβολοσ,2
מנות,αριθμη,2
שלפ,εσπασμενων,2
העבר,περιελε,2
מלא,αξιοω,2
אשא,λαμβανω,2
גרימ,προσηλυτουσ,2
מנוחה,αναπαυσεωσ,2
תחת,πτοηθη,2
עני,πτωχεια,2
הניח,αναπαυω,2
מהללימ,αινοσ,2
יחלק,διει,2
עדנ,εδαν,2
זתמ,ζεθομ,2
יעוש,ιωασ,2
בריעה,βερια,2
אב,πατριοσ,2
שבואל,σουβαηλ,2
רחביה,ρααβια,2
עדר,εδερ,2
עבדת,λειτουργια,2
עבדת,λειτουργει,2
משמרת,φυλαξ,2
יחלקו,διει,2
רבעי,τεταρτοσ,2
שלשה,τρισκαιδεκατοσ,2
עשר,τρισκαιδεκατοσ,2
ששה,εκκαιδεκατοσ,2
עשר,εκκαιδεκατοσ,2
שבעה,επτακαιδεκατοσ,2
עשר,επτακαιδεκατοσ,2
שמונה,οκτωκαιδεκατοσ,2
עשר,οκτωκαιδεκατοσ,2
תשעה,εννεακαιδεκατοσ,2
עשר,εννεακαιδεκατοσ,2
אחד,εικοστοσ,2
שנימ,εικοστοσ,2
עשרימ,δευτεροσ,2
שלשה,τριτοσ,2
שלשה,εικοστοσ,2
עשרימ,τριτοσ,2
ארבעה,εικοστοσ,2
יצהרי,ισσαρι,2
יעזיהו,οζια,2
גדליהו,γοδολια,2
הימנ,αιμανι,2
בקיהו,βουκιασ,2
מתניהו,μανθανιασ,2
גדלתי,γοδολλαθι,2
ישבקשה,ιεσβακασα,2
מחזיאות,μεαζωθ,2
קרחימ,υιοσ,2
קרחימ,κορειμ,2
אספימ,εσεφιν,2
פרבר,διαδεχομενουσ,2
יחיאלי,ιιηλ,2
מלאכה,εργασια,2
עבדת,εργασια,2
זרחי,ζαραι,2
כרמימ,χωριον,2
שרי,προσταται,2
יועצ,συμβουλοσ,2
מחלקות,εφημεριω,2
יו,υπερωων,2
אצרות,αποθηκω,2
שלחנ,εκαστοσ,2
כפור,εκαστοσ,2
מזקק,δοκιμοσ,2
רצות,ευδοκη,2
התנדב,προθυμηθη,2
תפארת,καυχημα,2
כח,ισχυω,2
בחנ,εταζων,2
מחשבות,διανοια,2
הכנ,κατευθυνον,2
יכ,προσταγμα,2
שמחה,χαρα,2
פלגי,διεξοδοσ,2
יהגו,μελεταω,2
רוזנימ,αρχων,2
מוסרות,δεσμοσ,2
ישחק,εκγελασεται,2
יבהל,ταραξει,2
יוצר,κεραμευσ,2
עבדו,δουλευσατε,2
גילו,αγαλλια,2
מגנ,αντιλημπτωρ,2
שני,οδουσ,2
ענ,εισακουω,2
קרא,κεκραγεναι,2
אשכבה,κοιμαω,2
אישנ,υπνωσω,2
אמר,ρημα,2
רשע,ανομια,2
שורר,εχθρω,2
גרונ,λαρυγξ,2
מרו,επικραινω,2
צנה,οπλω,2
תעטר,στεφανοω,2
שמינית,ογδοησ,2
תוכיח,ελεγξησ,2
ני,ελεγξησ,2
ני,παιδευσησ,2
עששה,ταρασσω,2
יבשו,καταισχυνθειησαν,2
הנשא,υψωθητι,2
לבות,καρδια,2
כליות,νεφροσ,2
מושיע,σωζοντοσ,2
יכוננ,ετοιμαζω,2
שקר,ανομια,2
יפל,εμπεσει,2
יפעל,ειργασατο,2
אצבעת,δακτυλοσ,2
נו,μιμνησκω,2
הדר,τιμη,2
בהמות,κτηνοσ,2
צפור,πετεινον,2
ארחות,τριβοσ,2
עלמות,κρυφιοσ,2
אשמחה,ευφρανθησομαι,2
עליונ,υψιστε,2
גערת,επετιμησασ,2
עתות,ευκαιριαισ,2
דרש,εκζητου,2
עלילות,επιτηδευμα,2
שכח,επιλανθανομαι,2
שערי,πυλοσ,2
תהלת,αινεσεισ,2
יכ,αινεσεισ,2
אגילה,αγαλλιασομαι,2
רשת,παγιδι,2
הגיונ,ωδη,2
נאצ,παρωξυνεν,2
נגד,προσωπον,2
חלכה,πενησ,2
יארב,ενεδρευει,2
הסתיר,αποστρεφω,2
רשע,αμαρτια,2
מלכ,κυριοσ,2
ירות,κατατοξευ,2
שנאה,μισεω,2
מנת,μερισ,2
ישר,ευθυτητα,2
חלקות,δολια,2
נו,γλω,2
אדונ,ημω,2
אנקת,στεναγμοσ,2
אקומ,αναστησομαι,2
אמרות,λογιον,2
יגל,αγαλλιασεται,2
אשירה,ασω,2
השחיתו,διαφθειρω,2
התעיבו,εβδελυχθησαν,2
השקיפ,διεκυψεν,2
נאלחו,αχρειοω,2
גמ,εωσ,2
אכלי,κατεσθιω,2
אכלו,βρωσισ,2
פחדו,εδειλιασαν,2
פעל,εργαζομαι,2
יראי,φοβουμενουσ,2
נשבע,ομνυων,2
מהרו,εταχυναν,2
גורל,κληρονομια,2
כליות,νεφροι,2
יצא,εξελθοι,2
בחנת,εδοκιμασασ,2
פקדת,επεσκεψω,2
צרפת,επυρωσασ,2
בל,οπωσ,2
תענ,επηκουσασ,2
גאות,υπερηφανιαν,2
ישיתו,τιθημι,2
נטות,εκκλι,2
כפיר,σκυμνοσ,2
ישבעו,χορταζω,2
חזק,ισχυσ,2
סלע,στερεωμα,2
אחסה,ελπιω,2
מהלל,αινεω,2
ני,εξεταραξαν,2
אקרא,επεκαλεσαμην,2
תרעש,εντρομοσ,2
תרעש,γιγνομαι,2
ירגזו,ταρασσω,2
ברקימ,αστραπασ,2
אפיקי,πηγη,2
ני,προσλαμβανω,2
יחלצ,ερυω,2
אילות,ελαφοσ,2
תרחיב,επλατυνασ,2
קומ,ιστημι,2
תאזר,περιεζωσασ,2
ני,περιεζωσασ,2
יכחשו,ψευδω,2
פז,λιθοσ,2
פז,τιμιοσ,2
ני,καθαριζω,2
אמרי,λογιον,2
הדר,μεγαλοπρεπειαν,2
מו,τιθημι,2
תענה,εισακουση,2
תולעת,σκωληξ,2
רא,θεωρου,2
יפלט,ερυω,2
הו,ερυω,2
דונג,ωσει,2
חרש,οστρακον,2
הקיפו,περιεσχον,2
תרחק,μακρυνησ,2
יחידת,μονογενησ,2
רמימ,μονοκερωτων,2
שוע,κεκραγεναι,2
תהלת,επαινοσ,2
יזכרו,μνησθησονται,2
משל,δεσποζει,2
יכרעו,προπεσου,2
דוד,ψαλμοσ,2
מזמור,δαυιδ,2
יקומ,στησεται,2
בר,καθαροσ,2
מבקשי,ζητεω,2
פתחי,πυλη,2
אשא,ψυχη,2
קו,υπομενω,2
יכ,υπομενω,2
הדריכ,οδηγησον,2
מצוקות,αναγκω,2
שנאו,μισεω,2
ישר,ευθει,2
יו,θλιψισ,2
ני,δοκιμασον,2
נקיונ,αθωοισ,2
יהמ,χειρ,2
זמה,ανομια,2
מישור,ευθυτητι,2
יירא,φοβηθησεται,2
ני,κρυπτω,2
סכ,σκηνη,2
ני,εσκεπασεν,2
ירוממ,υψοω,2
ני,υψοω,2
תרועה,αλαλαγμου,2
תט,εκκλινησ,2
עזרת,βοηθοσ,2
הור,νομοθετησον,2
ני,νομοθετησον,2
צר,θλιβοντων,2
עדי,μαρτυσ,2
יאמצ,κραταιουσθω,2
נמשלתי,ομοιωθησομαι,2
עמ,καταβαινουσιν,2
גמול,ανταποδομα,2
יבינו,συνη,2
הדרת,αυλη,2
הדר,μεγαλοπρεπεια,2
ארזי,κεδρουσ,2
שועתי,εκκραζω,2
יו,οσιοι,2
קדש,αγιωσυνη,2
הסתרת,απεστρεψασ,2
יוד,εξομολογεω,2
הפכת,εστρεψασ,2
פתחת,διερρηξασ,2
תוציא,εξαξεισ,2
שוא,κενοσ,2
נדדו,φευγω,2
קראתי,επεκαλεσαμην,2
שקר,δολια,2
סכה,σκηνη,2
מצור,περιοχη,2
חפז,εκστασισ,2
יתר,περισσω,2
רמיה,δολοσ,2
החרשתי,εσιγησα,2
נשאת,αφιημι,2
שטפ,κατακλυσμω,2
בוטח,ελπιζοντα,2
יסובב,κυκλωσει,2
רננו,αγαλλια,2
ישרימ,ευθεσι,2
נאוה,πρεπω,2
תרועה,αλαλαγμω,2
נד,ασκοσ,2
מחשבות,λογισμοσ,2
הביט,επιβλεπω,2
יחד,μονοσ,2
מגנ,ημω,2
נו,υπερασπιστησ,2
אלמד,διδασκω,2
סור,εκκλινον,2
הכרית,εξολεθρευ,2
לחמ,πολεμοσ,2
יסגו,αποστραφητωσαν,2
חזק,χειρ,2
חזק,στερεωτερων,2
ני,ερωταω,2
ימו,οδουσ,2
ישמחו,επιχαρειησαν,2
הקיצה,προσχεσ,2
יאמרו,ειπαισαν,2
ילבשו,ενδυσασθωσαν,2
ישמחו,ευφρανθειησαν,2
חפצי,εθελω,2
תהגה,μελετησει,2
השכיל,συνιημι,2
תשק,ποτιει,2
ישרי,ευθεσι,2
ני,ερχομαι,2
מרעימ,πονηρευομενοισ,2
בטח,ελπισον,2
שכנ,κατασκηνου,2
מרעימ,πονηρευομενοι,2
קוי,υπομενω,2
יו,οδουσ,2
דרכו,ενετειναν,2
תבוא,εισελθοι,2
סומכ,υποστηριζει,2
יבשו,καταισχυνθησονται,2
עשנ,ωσει,2
יירשו,κληρονομησουσι,2
יחפצ,θελησει,2
יעזב,εγκαταλειψει,2
ישכנו,κατασκηνωσουσιν,2
יו,διαβηματα,2
הזכיר,αναμνησισ,2
מתמ,ιασισ,2
אנחת,στεναγμοσ,2
אהב,φιλοσ,2
ישטנו,ενδιεβαλλον,2
ני,ενδιεβαλλον,2
ידיתונ,ιδιθουν,2
נאלמתי,εκωφωθην,2
חלד,υποστασισ,2
הבל,ματην,2
פשע,ανομιω,2
נגע,μαστιξ,2
יכ,διαλογισμοσ,2
עצמו,πληθυνω,2
יכ,οικτιρμουσ,2
שערות,θριξ,2
רצה,ευδοκησον,2
יסגו,αποστραφειησαν,2
יכלמו,εντραπειησαν,2
יסעד,βοηθεω,2
בליעל,παρανομον,2
אוכל,εσθιω,2
צמאה,εδιψησεν,2
סכ,τοποσ,2
יצוה,εντελει,2
לחצ,εκθλιβειν,2
צורר,θλιβοντεσ,2
מרמה,δολιου,2
תטע,κατεφυτευσασ,2
הושיעה,σωζω,2
רצית,ευδοκησασ,2
צר,ημα,2
משנא,ημα,2
ינו,μισου,2
צבאות,ημω,2
תשיב,απεστρεψασ,2
סביבות,ημω,2
ינו,κυκλω,2
כלמת,εντροπη,2
ני,καλυπτω,2
שכחנו,επελαθομεθα,2
זר,αλλοτριοσ,2
יכ,ενεκα,2
תסתיר,αποστρεφεισ,2
עזרתה,βοηθεω,2
ששנימ,αλλοιωθησομενων,2
שנונימ,ηκονημενα,2
חבר,μετοχοσ,2
שיר,ψαλμοσ,2
מחסה,καταφυγη,2
מפעלות,εργον,2
חנית,οπλον,2
ארומ,υψωθησομαι,2
רגל,ημω,2
ינו,πουσ,2
אלהימ,ημω,2
נדיבי,αρχων,2
יולדה,τικτουσησ,2
יכוננ,εθεμελιωσεν,2
קצוי,περασ,2
האזינו,ενωτιζομαι,2
תבונות,συνεσισ,2
אפתח,ανοιγνυμι,2
כנור,ψαλτηριω,2
חיל,πλοοσ,2
נמשל,παρασυνεβληθη,2
בהמות,κτηνος,2
נדמו,ανοητοσ,2
נדמו,ομοιοω,2
צור,βοηθεια,2
אספו,συναγω,2
אעידה,διαμαρτυρομαι,2
יכ,θυσια,2
אוכיח,ελεγξω,2
מכלאת,ποιμνιον,2
אבירימ,ταυροσ,2
אחלצ,εκαιρεω,2
מחה,εξαλειψον,2
תצדק,δικαιωθη,2
ששונ,αγαλλιασιν,2
חטא,αμαρτιω,2
תשליכ,απορριψησ,2
ני,απορριψησ,2
ישע,σωτηριοσ,2
פשעימ,ανομοσ,2
היטיבה,αγαθυνον,2
הוות,αδικια,2
מעוז,βοηθοσ,2
אקוה,υπομενω,2
יכ,οσιοσ,2
שמו,προεθεντο,2
שרר,εχθροσ,2
חמס,ανομια,2
ני,ονειδιζω,2
שורר,εχθροσ,2
יגורו,παροικησουσιν,2
ישמרו,φυλασσω,2
קוו,υπομενω,2
אקרא,επικαλεσωμαι,2
דחי,ολισθηματοσ,2
הוות,ανομια,2
חדה,οξυσ,2
נבל,ψαλτηριον,2
אעירה,εξεγερθησομαι,2
אמימ,εθνοσ,2
תשפטו,κρινω,2
עולת,ανομια,2
כזב,ψευδησ,2
פתנ,ασπισ,2
יו,τοξον,2
מו,εωσ,2
נפל,επιπιπτω,2
פעמ,χει,2
יהמו,λιμωξουσιν,2
יסובבו,κυκλωσουσιν,2
ישכחו,επιλαθωνται,2
ימו,χειλος,2
אנפת,ωργισθησ,2
יחלצונ,ερυω,2
יכ,αγαπητοσ,2
אחלקה,διαμεριζω,2
סכות,σκηνω,2
אמדד,διαμετρησω,2
מחקק,βασιλευσ,2
רחצ,ελπισ,2
אשליכ,εκτεινω,2
יבל,απαγω,2
ני,απαγω,2
נח,οδηγεω,2
זנחת,απωσαμενοσ,2
נו,απωσαμενοσ,2
יבוס,εξουδενωσει,2
תנח,ωδηγησασ,2
ני,ωδηγησασ,2
זו,ταυ,2
יהלל,αινεσει,2
שננו,ηκονησαν,2
פתאמ,εξαπινα,2
השכילו,συνη,2
תענ,επακουσον,2
נו,σωτηρ,2
יהמ,κυμα,2
תכינ,ετοιμαζω,2
תהלת,αινεσει,2
נשמחה,ευφρανθησομεθα,2
תהלת,αινεσεωσ,2
יחנ,οικτιρησαι,2
יחנ,ημα,2
נו,οικτιρησαι,2
רכב,επιβεβηκοτι,2
ידדונ,αγαπητοσ,2
סוררימ,απειθου,2
שכנ,κατασκηνω,2
נו,σωτηριων,2
אשיב,επιστρεφω,2
הליכות,πορει,2
יובילו,φερω,2
שבלת,καταιγισ,2
עצמו,εκραταιωθησαν,2
לבוש,ενδυμα,2
מצולה,βυθοσ,2
גאל,λυτρωσαι,2
אינ,υπη,2
שפכ,εκχεον,2
הו,αινεσατωσαν,2
ישבו,κατοικησουσιν,2
מעי,κοιλια,2
נועצו,βουλευω,2
יעטו,περιβαλεσθωσαν,2
הראית,εδειξασ,2
תחיי,εζωοποιησασ,2
תשוב,παλιν,2
צדיק,δικαιοσυνη,2
ילחכו,λειξουσιν,2
אביונ,πενητοσ,2
דעה,γιγνωσκω,2
חיל,πλουτοσ,2
בקרימ,πρωια,2
תמו,απολλυμι,2
שאר,σαρξ,2
מועד,εορτη,2
פעל,ειργασατο,2
מעינ,πηγη,2
יצרת,επλασασ,2
הודינו,εξομολογησομεθα,2
עתק,αδικια,2
אגדע,συγκλασω,2
נודע,γνωστοσ,2
שלמו,αποδιδωμι,2
חשבתי,διελογισαμην,2
הגיתי,εμελετησα,2
אשיחה,ηδολεσχουν,2
מעללי,εργον,2
תהמות,αβυσσοι,2
יתהלכו,διαπορευονται,2
האירו,εφαναν,2
שביל,τριβοι,2
חידות,προβλημα,2
נכחד,κρυπτω,2
צרימ,πετρα,2
תהמות,αβυσσω,2
ציה,ανυδροσ,2
ערכ,ετοιμαζω,2
יזובו,ερρυησαν,2
כנפ,πτερωτα,2
נאמנו,επιστωθησαν,2
הו,παρωργισαν,2
חשכ,φειδομαι,2
יהמ,γλυπτοι,2
נתנו,τιθημι,2
נבלת,θνησιμαι,2
תאנפ,οργισθηση,2
אסיר,πεπεδημενων,2
תמותה,τεθανατωμενων,2
האזינה,προσχεσ,2
מו,ημα,2
יה,εμπροσθεν,2
שדי,αγριοσ,2
תחי,ζωωσεισ,2
תחי,ημα,2
נו,ζωωσεισ,2
זמרה,ψαλμοσ,2
נעימ,τερπνοσ,2
יהמ,θλιβοντασ,2
חשכה,σκοτοσ,2
ישבי,κατοικεω,2
שית,θου,2
מו,θου,2
מו,αρχων,2
קלונ,ατιμια,2
כלתה,εκλειπει,2
שבית,αιχμαλωσια,2
שוב,ημα,2
ארצ,ημω,2
אהלכ,πορευομαι,2
זדימ,παρανομοι,2
ישראלי,ισραηλιτη,2
שבעה,πιμπλημι,2
יורדי,καταβαινω,2
מחשכימ,σκοτεινοι,2
הרחקת,εμακρυνασ,2
מידע,γνωστουσ,2
עני,πτωχειασ,2
רפאימ,ιατροι,2
סבו,κυκλοω,2
חסדי,ελεη,2
סוד,βουλη,2
יקרא,επικαλεσεται,2
ני,επικαλεσεται,2
אתנ,τιθημι,2
נזר,αγιασμα,2
מבצר,οχυρωματα,2
מעונ,καταφυγη,2
שובו,επιστρεφω,2
כלינו,εξελιπομεν,2
שנות,ετω,2
גבורת,δυναστειαισ,2
אפל,σκοτοσ,2
כפימ,χειρω,2
כפיר,λεων,2
מרומ,υψιστοσ,2
נשאו,εποσ,2
נקמות,εκδικησεων,2
גמול,ανταποδοσισ,2
גאימ,υπερηφανοσ,2
יעלזו,καυχησονται,2
יתומימ,ορφανοσ,2
יסר,παιδευων,2
תלמד,διδασκω,2
שכנה,παροικεω,2
רעת,πονηρια,2
יצמית,αφανιει,2
יבשת,ξηροσ,2
עש,ημα,2
יו,αυλασ,2
ירעמ,σαλευθητω,2
פסל,γλυπτοι,2
רוממו,υψου,2
תודה,εξομολογησιν,2
תמימ,αμωμω,2
שיח,δεησισ,2
חננ,οικτιρη,2
אמר,αναγγελλω,2
יכ,ετοσ,2
תעמד,διαμενω,2
יכונ,κατευθυνθησεται,2
רחמימ,οικτιρμοσ,2
עשוקימ,αδικεω,2
חטא,ημω,2
רחק,απεχω,2
יציצ,εξανθησει,2
יו,δυναμισ,2
יו,λειτουργοσ,2
מהלכ,περιπατω,2
ישובונ,επιστρεψουσιν,2
נחלימ,φαραγξιν,2
קנינ,κτησεωσ,2
אכל,τροφη,2
יו,πρεσβυσ,2
הפכ,μετεστρεψεν,2
תאנת,συκον,2
זכר,ημω,2
ני,ημω,2
שונא,μισεω,2
מעלל,επιτηδευμασιν,2
המרו,επικραινω,2
יו,χειλοσ,2
רבות,πλεονακισ,2
יו,ελεοσ,2
הדות,εξομολογησασθαι,2
מושב,κατοικητηριου,2
יצעקו,εκεκραξαν,2
יזעקו,εκεκραξαν,2
מצקות,αναγκω,2
יהמ,ανομια,2
סערה,καταιγιδοσ,2
מצאי,διεξοδοσ,2
אגמ,λιμνη,2
בוז,εξουδενωσισ,2
הדמ,υποποδιον,2
ישרימ,ευθειων,2
פדות,λυτρωσισ,2
בטח,ελπιζειν,2
ממשלות,εξουσια,2
אילימ,ωσει,2
אילימ,κριος,2
בני,αρνιον,2
בני,προβατον,2
צאנ,αρνιον,2
עצב,ειδωλον,2
רגל,εχω,2
גרונ,λαρυγγι,2
המ,ομοιοσ,2
דלותי,εταπεινωθην,2
פתחו,ανοιξατε,2
ברכנו,ευλογηκαμεν,2
ספרתי,εξηγγειλα,2
אביטה,κατανοησω,2
ארחת,οδοσ,2
אשכח,επιληθω,2
פקוד,δικαιωματων,2
בחרתי,ηρετισαμην,2
יכ,μαρτυριοισ,2
תביש,καταισχυνησ,2
ני,καταισχυνησ,2
חק,δικαιωματων,2
עקב,πασ,2
אצרה,εξερευνησω,2
נטיתי,εξεκλινα,2
פקד,δικαιωμα,2
יכ,νομοσ,2
ני,εταπεινωσασ,2
אבוש,αισχυνθω,2
ני,καταδιωκω,2
אשכח,επιλαθωμαι,2
חכ,λαρυγγι,2
פקוד,εντολω,2
תעיתי,επλανηθην,2
ששונ,αγαλλιαμα,2
עשק,αδικου,2
יאיר,φωτιζω,2
חלצ,εκαιρεω,2
דבר,λογιον,2
גבור,δυνατου,2
שאלו,ερωταω,2
טרפ,θηρα,2
יהמ,οδοσ,2
נשבר,συντριβω,2
ימלא,πιμπλημι,2
נו,αιχμαλωσια,2
אויבימ,εχθροσ,2
רבת,πλεονακισ,2
צררו,πολεμεω,2
חצנ,κολποσ,2
יעמד,υποστησεται,2
שמרימ,φυλακη,2
יחל,ελπισατω,2
שמנ,μυρον,2
טוב,μυρον,2
ירד,καταβαι,2
ממשלת,εξουσια,2
מכה,παταξαντι,2
שאלו,επερωταω,2
ערו,εκκενου,2
תחי,ζησεισ,2
ני,ζησεισ,2
ארח,τριβον,2
מלה,λογοσ,2
אחור,εσχατοσ,2
ני,επλασασ,2
תנח,οδηγεω,2
אחד,ουθεισ,2
חשבו,ελογισαντο,2
אישימ,ανθρωποσ,2
השמיע,ακουστος,2
הו,λογιζομαι,2
גדולת,μεγαλωσυνην,2
הללי,αινεω,2
רוצה,ευδοκεω,2
שלח,αποστελλων,2
צמר,εριον,2
יעבור,παρερχομαι,2
יו,οσιοισ,2
תפ,τυμπανω,2
צלצלי,κυμβαλοισ,2
חטא,αμαρτωλοσ,2
אש,πυρικαυστοι,2
אדמת,χωρα,2
מהפכת,καταστρεφω,2
מלונה,οπωροφυλακιον,2
חדש,υμω,2
למדו,μανθανω,2
אלה,τερεβινθοσ,2
הוכיח,ελεγχω,2
מלאו,εμπιπλημι,2
ילדי,τεκνον,2
קצה,αριθμοσ,2
אצרת,θησαυροσ,2
יו,θησαυροσ,2
שח,ταπεινοω,2
גאונ,ισχυσ,2
אלילי,βδελυγματα,2
אלילי,δτα,2
יהודה,ιεροσολυμα,2
משענ,ισχυσ,2
גבור,γιγαντα,2
גבור,ισχυω,2
נגש,συμπεσει,2
קצינ,αρχηγοσ,2
ענתה,ανθιστημι,2
מתעימ,πλανω,2
גבורת,υμω,2
יה,κοσμοσ,2
מכונ,τοποσ,2
נגה,φωσ,2
מחסה,σκεπη,2
ידיד,αγαπαω,2
יקו,εμεινα,2
באשימ,ακανθα,2
שמיר,χερσον,2
שית,ακανθα,2
שמה,ερημοσ,2
זרע,σπειρω,2
רעו,βοσκηθησονται,2
נדעה,γιγνωσκω,2
שמימ,τιθημι,2
מתוק,γλυκυσ,2
מצדיקי,δικαιοσ,2
פרח,ανθοσ,2
ינהמ,βοησει,2
שרפימ,σεραφιν,2
יכסה,κατεκαλυπτον,2
שפתימ,χειλοσ,2
סר,αφαιρεω,2
תבינו,συνη,2
ראו,βλεπω,2
שבה,παλιν,2
רצינ,ραασσων,2
הלחמ,πολιορκη,2
עליונה,ανω,2
מסלת,οδοσ,2
כובס,κναφευσ,2
בנ,ρομελιου,2
תקומ,εμμεινη,2
שמרונ,σομορων,2
תאמינו,πιστευω,2
יה,βασιλευσ,2
יארי,ποταμοσ,2
שמיר,χερσοσ,2
עצומימ,ισχυροσ,2
חתו,ηττα,2
קשר,σκληροσ,2
נגפ,προσκομματι,2
נגפ,συναντησεσθε,2
יושב,εγκαθημενοι,2
נשברו,συντριβησονται,2
נלכדו,αλωσονται,2
אבות,φωνου,2
ידענימ,εγγαστριμυθουσ,2
דרכ,θαλασσα,2
ימ,οδοσ,2
משרה,αρχη,2
מרבה,μεγασ,2
קדמ,ηλιοσ,2
ירחמ,ελεησει,2
רעב,πεινασει,2
כמ,δοξα,2
שלל,ποιεω,2
שומ,θει,2
לבב,νοοσ,2
יה,χειροποιητοσ,2
יהמ,ισχυσ,2
יתפאר,δοξασθησεται,2
יער,βουνοι,2
יכ,παταξει,2
מזער,μικροσ,2
יסור,αφαιρεω,2
גזע,ριζα,2
יו,ριζα,2
יראת,ευσεβεια,2
דלימ,ταπεινω,2
יו,στομα,2
נמר,παρδαλισ,2
בקר,βου,2
צפעוני,ασπισ,2
שאר,καταλειφθεντι,2
ני,ηλεησασ,2
זמרת,αινεσισ,2
ישועה,σωτηριοσ,2
רני,ευφραινω,2
חבל,καταφθει,2
גאונ,υβρισ,2
צבי,ενδοξοσ,2
דור,πολυσ,2
ירבצו,αναπαυω,2
רגז,θυμοσ,2
משלימ,αρχων,2
כמו,ωσπερ,2
אשב,καθιω,2
פגר,νεκροσ,2
חרב,μαχαιραισ,2
בור,αιδησ,2
שחת,απολλυμι,2
יה,τιθημι,2
נה,αποστρεφω,2
פרי,εξερχομαι,2
גוי,εθνω,2
מואב,μωαβι,2
קיר,τει,2
בכי,κλαιω,2
ייליל,ολολυζετε,2
אלעלה,ελεαλη,2
כלה,εκλειψις,2
דשא,χορτοσ,2
דימונ,ρεμμων,2
שארית,καταλοιπον,2
עופ,πετεινου,2
שבמה,σεβαμα,2
יעזר,ιαζηρ,2
יהוה,λεγω,2
נשבת,ουκετι,2
ישעה,πειθω,2
אשרימ,δενδρον,2
קו,ανελπιστον,2
מבוסה,καταπεπατημενον,2
עיט,πετεινον,2
עמ,δεκ,2
קו,ελπιζον,2
ממלכה,νομοσ,2
יארי,υδωρ,2
עבדי,εργαζομαι,2
פרעה,βασιλευσ,2
מסלה,οδοσ,2
כוש,αιθιοψιν,2
גלות,αιχμαλωσια,2
ערות,αισχυνη,2
מבט,πειθω,2
נו,πειθω,2
עזרה,βοηθεια,2
עילמ,αιλαμι,2
יולדה,τικτω,2
רכב,αναβατησ,2
עמד,εστην,2
נפלה,πιπτω,2
חרבות,πλη,2
קשת,τοξευμα,2
חזיונ,σιων,2
חלל,τραυματιαι,2
קצינ,αρχων,2
ישנה,αρχαιοσ,2
שמחה,αγαλλιαμα,2
שתו,πινω,2
שבנא,σομναν,2
כבוד,ενδοξοσ,2
כלי,μικροσ,2
נפלה,πεσει,2
סחר,μεταβολοι,2
ימי,αρχη,2
יה,εμποροσ,2
נכבדי,ενδοξοσ,2
יה,ισχυσ,2
יה,ενοικου,2
עברו,παρεβησαν,2
נשאר,καταλειφθησονται,2
אבל,πενθεω,2
אמללה,πενθεω,2
בציר,τρυγητοσ,2
ירנו,ευφρανθησονται,2
בגדו,αθετου,2
יפקד,επαξει,2
אספו,συναξουσιν,2
אמונה,αληθινοσ,2
זרימ,ασεβω,2
עריצימ,αδικεω,2
זרמ,ανθρωποσ,2
משתה,πιονται,2
לוט,παραδοσ,2
לוט,ταυ,2
קוינו,ελπιζω,2
השפיל,ταπεινοω,2
ארצ,εδαφουσ,2
ישועה,σωτηριον,2
צדיק,ευσεβω,2
נו,κτη,2
יספת,προστιθημι,2
רגע,οσοσ,2
פרח,εξανθησει,2
הרג,ανει,2
נבל,εκπιπτω,2
גיא,οροσ,2
שמועה,αγγελια,2
צו,δεπι,2
קו,δεπ,2
שוט,καταιγισ,2
שוטפ,φερομενη,2
יקרת,εντιμοσ,2
מוסד,θεμελιον,2
די,οταν,2
הקשיבו,προσεχω,2
פתאמ,παραχρη,2
להב,φλοξ,2
חזונ,υπνοσ,2
צבאימ,οσοσ,2
צבאימ,επιστρατευω,2
יה,στρατευω,2
הנה,πινω,2
קרא,αναγνωθι,2
נא,αναγνωθι,2
תהו,ματην,2
נו,γιγνωσκω,2
יצר,κεραμευσ,2
ישאו,φερω,2
אחרונ,ταυ,2
שבר,πτω,2
גערת,φωνη,2
תרנ,ιστοσ,2
רחמ,ελεη,2
מור,πλανω,2
יכ,πλανω,2
תזר,λικμησεισ,2
חמה,ηλιοσ,2
חבש,ιαομαι,2
יו,βουλη,2
יקומ,μενω,2
בטחות,ελπισ,2
נוה,πολισ,2
מסלות,οδοσ,2
גברת,ισχυσ,2
יגור,αναγγελλω,2
חבל,σχοινιον,2
נו,παρερχομαι,2
החרימ,απολλυμι,2
צבא,αστρον,2
בצרה,βοσορ,2
נקמ,κρισισ,2
זפת,πισσα,2
תכבה,σβεσθησεται,2
יה,αρχων,2
יענה,στρουθω,2
רעות,ετεροσ,2
ציה,διψαω,2
חזקו,ισχυω,2
ששונ,αινεσισ,2
נסו,αποδιδρασκω,2
אנחה,στεναγμοσ,2
סנחריב,σενναχηριμ,2
עליתי,αναβαινω,2
יהודית,ιουδαιστι,2
עמ,ανθρωποσ,2
עמ,αμα,2
ישא,απαταω,2
יציל,υμα,2
תנתנ,παραδοθη,2
חמת,αιμαθ,2
ספרוימ,σεπφαριμ,2
רב,ραψακου,2
שקה,ραψακου,2
ימצא,καταλαμβανω,2
חרפת,ωνειδ,2
קצ,μεροσ,2
שדה,χορτοσ,2
חלה,εμαλακισθη,2
ירדה,καταβαινω,2
ני,ζωη,2
תשלימ,παραδιδωμι,2
נחמו,παρακαλεω,2
מישור,ευθει,2
קרא,βοαω,2
מבשרת,ευαγγελιζω,2
מאזנימ,ζυγον,2
ילמד,δεικνυμι,2
בער,καυ,2
פסל,εικων,2
תדמיו,ωμοιωσατε,2
ני,ωμοιωσατε,2
ברא,κατεδειξεν,2
מוציא,εκφερων,2
יחליפו,αλλαξουσιν,2
ייגעו,κοπιασουσιν,2
איימ,εθνοσ,2
יכ,καλεω,2
עצמות,υμω,2
נדעה,γινωσκω,2
ראשנות,αρχη,2
חדשות,καινοσ,2
תהלת,αρχη,2
תהלת,δοξαζετε,2
אוביש,ξηρανω,2
נתיבות,τριβοσ,2
אקבצ,συναγω,2
הגדתי,ανηγγειλα,2
ני,προεστην,2
יכ,ανομια,2
יעקב,παισ,2
עבד,ιακωβ,2
בינ,ωσει,2
אז,αρχη,2
פסל,γλυφοντεσ,2
יעמדו,στητωσαν,2
אפה,επεψαν,2
הו,πλανω,2
רנו,ευφραινω,2
יה,ερημοσ,2
ני,γιγνωσκω,2
מגיד,αναγγελλω,2
הקבצו,συναγω,2
עצת,βουλευω,2
כשפ,φαρμακεια,2
יכ,φαρμακεια,2
תדעי,γιγνωσκω,2
תוכלי,δυναμαι,2
יגעת,εκοπιασασ,2
מושיע,σωτηρια,2
השמעת,ποιεω,2
שלומ,χαιρω,2
ירעו,βοσκηθησονται,2
חרבת,ερημοσ,2
נשארתי,κατελειφθην,2
הביאו,αξουσιν,2
מלקוח,σκυ,2
שבי,αιχμαλωτευση,2
גאל,αντιλαμβανομενοσ,2
גאל,ισχυσ,2
אביר,αντιλαμβανομενοσ,2
אביר,ισχυσ,2
אמ,υμω,2
כמ,μητηρ,2
עונת,υμω,2
נמכרתמ,επραθητε,2
קצרה,ισχυω,2
למודימ,παιδεια,2
הסתרתי,απεστρεψα,2
יריב,κρινω,2
זיקות,φλοξ,2
מציק,θλιβοντοσ,2
התעוררי,εξεγειρου,2
קבעת,κονδυ,2
כוס,κονδυ,2
תרעלה,πτωσεωσ,2
משל,θαυμαζω,2
ני,παρειμι,2
שבעה,πλησμονη,2
פאר,δοξαζω,2
מחשבות,βουλη,2
יכמ,οδοσ,2
גבהו,απεχω,2
יכרת,εκλειψις,2
חלל,βεβηλου,2
לשונ,υμω,2
המ,κακεινοισ,2
צר,πρεσβυσ,2
החיות,διδωμι,2
יחפצונ,επιθυμου,2
תצומו,νηστευετε,2
הו,εκλεγω,2
זרח,ανατελλω,2
יכמ,οστεον,2
נגששה,ψηλαφησουσιν,2
יונימ,περιστερα,2
צדקת,ελεημοσυνη,2
זרח,λαμπροτητι,2
צד,ωμοσ,2
אביא,οισω,2
התפאר,δοξα,2
נקמ,ανταποδοσεωσ,2
שממות,εξηρημωμενασ,2
צאצא,εκγονοσ,2
יהמ,εκγονοσ,2
יו,συναγω,2
רחמ,ελεοσ,2
מוליכ,αγω,2
עולמ,αρχη,2
ירדת,τρομοσ,2
ירדת,λαμβανω,2
המ,σκευοσ,2
שמ,υμω,2
כמ,ονομα,2
אמנ,αληθινοσ,2
חזיר,υειον,2
נבוכדנאצר,ναβουχοδονοσορ,2
יצר,πολιορκεω,2
מקצת,μεροσ,2
רב,αρχιευνουχω,2
סריס,αρχιευνουχω,2
יו,αρχιευνουχω,2
יבקש,αξιοω,2
מנה,εκταξαντα,2
מאכל,υμω,2
משת,πουσ,2
משת,υμω,2
מלצר,αβιεσδρι,2
מרא,ημω,2
ינס,πειραζω,2
נשא,αναιρουμενοσ,2
פתבג,δει,2
השכל,φρονισ,2
ספר,γραμματικη,2
דניאל,ομοιοσ,2
כשדי,χαλδαιοισ,2
כשדאי,χαλδαιοισ,2
ני,απαγγειλητε,2
בתי,υμω,2
תנינות,δευτεροσ,2
אנתונ,υμει,2
זבנינ,εξαγοραζετε,2
חזיתונ,οραω,2
אנדע,γιγνωσκω,2
כשדאי,χαλδαι,2
אשפ,μαγοσ,2
יקירה,βαρυσ,2
אמר,προστασσω,2
עטא,βουλη,2
טעמ,γνωμη,2
רב,αρχιμαγειρος,2
טבחי,αρχιμαγειρος,2
מלת,προσταγμα,2
בעה,ηξιωσεν,2
מבעא,ζητεω,2
שמי,υψιστοσ,2
גלי,εξεφανθη,2
מהשנא,αλλοιοι,2
עדני,καιροσ,2
זמני,χρονοσ,2
בינה,επιστημη,2
עמיקת,βαθοσ,2
חשוכ,σκοτοσ,2
אבהת,πατηρ,2
מהודא,εξομολογου,2
אנה,αινεω,2
יהבת,διδωμι,2
תהובד,απολεσησ,2
העל,εισαγω,2
הנעל,εισαγω,2
השכחת,ευρισκω,2
הודעת,δηλω,2
ני,δηλω,2
הודע,εδηλωσε,2
אחרי,ημερω,2
דנה,εσχατοσ,2
דנה,ημερω,2
רזי,μυστηριον,2
דברת,ενεκα,2
הוית,οραω,2
זיו,προσοψισ,2
יתיר,υπερφερησ,2
דחיל,φοβεροσ,2
טב,χρηστοσ,2
חדו,ιστημι,2
הי,ιστημι,2
דרעו,βραχιονεσ,2
הי,βραχιονεσ,2
די,αργυροι,2
כספ,αργυροι,2
מעו,κοιλια,2
הי,κοιλια,2
ירכת,μηροσ,2
די,σιδηρεοσ,2
פרזל,σιδηρεοσ,2
די,οστρακινον,2
התגזרת,ετμηθη,2
חספ,οστρακινουσ,2
הוו,γιγνομαι,2
עור,ωσει,2
הות,γιγνομαι,2
תליתי,τριτοσ,2
תליתא,τριτοσ,2
תשלט,κυριευω,2
חספ,οστρακου,2
חספ,αμα,2
טינ,πηλινω,2
קצת,μεροσ,2
מתערבינ,συμμειγει,2
דנה,αλληλων,2
יומי,χρονοσ,2
עלמי,αιω,2
אנפו,προσωπον,2
קשט,αληθεια,2
די,αληθεια,2
כונ,θεοσ,2
שגיאנ,πολυσ,2
מלכ,βασιλικη,2
אמינ,πηχω,2
בקעת,πεδιον,2
פחות,τοπαρχασ,2
מתא,ελθει,2
חנכת,εγκαινισμον,2
קאמינ,ιστημι,2
קימינ,ιστημι,2
קיתרוס,κιθαρα,2
קתרוס,κιθαρα,2
סבכ,σαμβυκησ,2
תסגדונ,προσκυνεω,2
נפלינ,πιπτω,2
כשדאינ,χαλδαι,2
אכלו,διαβαλλω,2
יהודי,ιουδαιοσ,2
טעמ,κρινω,2
קרנא,σαλπιγξ,2
יהודאינ,ιουδαι,2
מנית,κατεστησασ,2
יכ,ειδωλον,2
פלחינ,λατρευω,2
היתיה,αγαγει,2
היתיו,ηχθησαν,2
איתי,λατρευετε,2
כונ,λατρευετε,2
פלחינ,λατρευετε,2
איתי,εχω,2
כונ,εχω,2
עתידינ,ετοιμοσ,2
תתרמונ,εμβληθησεσθε,2
ישיזבנ,υμα,2
כונ,εξελει,2
כונ,υμα,2
חשחינ,χρεια,2
חשחינ,εχω,2
אנחנה,ημει,2
התבות,αποκρινω,2
יכל,δυνατοσ,2
שיזבות,ημα,2
נא,εξαιρεω,2
נא,ημα,2
איתי,λατρευομεν,2
אית,λατρευομεν,2
נסגד,προσκυνου,2
התמלי,πιμπλημι,2
אנפ,προσωπον,2
אשתנו,ηλλοιωθη,2
אשתני,ηλλοιωθη,2
אמר,πεταζω,2
חד,επταπλασιωσ,2
מרמא,εμβαλει,2
הונ,τιαρα,2
רמיו,βαλλω,2
אזה,εξεκαυθη,2
אלכ,ανηρ,2
תוה,θαυμαζω,2
הא,ιδου,2
שרינ,λελυμενουσ,2
מהלכינ,περιπατοσ,2
די,τεταρτοσ,2
נבוכדנצר,βασιλευσ,2
תרע,θυρα,2
פקו,εξελθετε,2
אדינ,ουτω(σ),2
נפקינ,εξεστι,2
מנ,μεσοσ,2
חזינ,θεωρεω,2
סרבלי,σαραβαρα,2
הונ,σαραβαρα,2
בריכ,ευλογητοσ,2
יהבו,παραδιδωμι,2
גשמי,σωμα,2
אמה,φυλη,2
נגוא,αβδεναγω,2
עממי,εθνεσι,2
אמי,χωρα,2
רברבינ,μεγασ,2
שמי,εωσ,2
סופ,εωσ,2
צפרי,πετεινον,2
עיר,αγγελοσ,2
קדיש,αγγελοσ,2
גדו,εκκοψατε,2
שרשו,ριζα,2
הי,ριζα,2
עדנינ,ετοσ,2
ינדעונ,γιγνωσκω,2
די,εξουσια,2
עלא,ουρανοσ,2
רעינ,υπονοια,2
הי,υπονοια,2
די,δενδρου,2
אילנ,δενδρου,2
עוית,αδικια,2
רבת,μεγασ,2
בנית,ωκοδομησα,2
תקפ,ισχυσ,2
טפרו,ονυξ,2
הי,ονυξ,2
רברבנו,εταιροισ,2
הי,εταιροισ,2
הי,πατηρ,2
אלהי,ειδωλον,2
שעתה,ωρα,2
נפקו,εξεστι,2
נפקה,εξεστι,2
אצבענ,δακτυλοι,2
די,τοιχοσ,2
כתל,τοιχοσ,2
הי,ηλλοιωθη,2
כשדי,χαλδαιουσ,2
גזרי,γαζαρηνουσ,2
תלתי,τριτοσ,2
העל,εισηχθη,2
תכול,δυναμαι,2
תלת,μεροσ,2
יכ,μεγασ,2
קבל,παραλαμβανω,2
עשרינ,εκατον,2
עשרינ,εικοσι,2
קבל,επει,2
די,επει,2
יבעה,αξιοω,2
יתרמא,ριφησεται,2
תקימ,ιστημι,2
קבל,καθωσ,2
די,καθωσ,2
קדמת,εμπροσθεν,2
דנה,εμπροσθεν,2
בעא,ευχομενον,2
גוב,λακκοσ,2
שגיא,σφοδρα,2
באש,λυπεω,2
היתית,φερω,2
חתמ,εσφραγισατο,2
רברבנו,μεγιστανων,2
הי,μεγιστανων,2
שפרפר,πρωι,2
גרמי,οστεον,2
הונ,οστεον,2
קדמ,θεοσ,2
חדה,πρωτοσ,2
מלינ,λογοσ,2
עמ,νυξ,2
רוחי,ανεμοσ,2
חיונ,θηριον,2
סלקנ,αναβαινω,2
שנינ,διαφερω,2
קדמית,πρω,2
אריה,λεαινα,2
רגלינ,ποδω,2
אנש,ανθρωπινοσ,2
הקמת,ιστημι,2
עלעינ,πλευρον,2
באתר,ταυ,2
נמר,ωσει,2
ראשינ,κεφαλη,2
שנינ,οδουσ,2
שאר,κυκλω,2
קרנינ,κερασ,2
כרסונ,θρονοσ,2
רמיו,τιθημι,2
יתב,καθημαι,2
תלג,ωσει,2
עמר,ωσει,2
עמר,εριον,2
נקא,καθαροσ,2
שביבינ,φλοξ,2
אלפינ,χιλιασ,2
רבו,μυριοσ,2
רבונ,μυριασ,2
רבבנ,μυριασ,2
ספרינ,βιβλοι,2
פתיחו,ανοιγνυμι,2
הובד,απολλυμι,2
יקדת,καυ,2
חיינ,ζωη,2
זמנ,χρονοσ,2
ענני,νεφελω,2
הוה,ερχομαι,2
ראש,νυξ,2
קרבת,προση,2
מנ,ιστημι,2
קאמי,ιστημι,2
יציבא,ακριβεια,2
אבעא,ζητεω,2
אלינ,ταυ,2
עלמי,αιων,2
החסנו,κατεχω,2
יהשפל,ταπεινοω,2
השניה,αλλοιοσ,2
דת,νομοσ,2
די,λογοσ,2
שושנ,σουσα,2
אבל,πυλη,2
מנ,ετεροσ,2
שנית,ετεροσ,2
מנגח,κερατιζοντα,2
נגב,μεσημβρια,2
נוגע,απτω,2
צעירה,ισχυροσ,2
צבא,αστηρ,2
תשלכ,ερριφη,2
פלמוני,φελμουνι,2
תת,δοθει,2
אלפימ,δισχιλιαι,2
נצדק,καθαρισθησεται,2
אבקשה,ζητεω,2
הבנ,συνετισον,2
הלז,εκει,2
אפלה,πιπτω,2
הבנ,διανοηθητι,2
ני,αγειρω,2
עמד,τοποσ,2
מועד,ωρα,2
בעל,εχω,2
שעיר,αιγω,2
מלכיות,βασιλευσ,2
יעמדנה,ανιστημι,2
התמ,πληροω,2
פשעימ,αμαρτιω,2
מבינ,διανοουμενοσ,2
מרמה,ψευ,2
שלוה,δολοσ,2
שר,απωλεια,2
המלכ,βασιλευω,2
ירמיה,ιερεμιασ,2
אתפללה,προσηυξαμην,2
אתודה,εξωμολογησαμην,2
עוינו,αδικεω,2
הרשענו,ησεβησαμεν,2
שר,δυναστησ,2
ינו,δυναστησ,2
תתכ,εποσ,2
אלה,καταρα,2
משה,μωση,2
ינו,κριτησ,2
יביא,επαγω,2
סביבת,ημω,2
ינו,περικυκλω,2
שמע,επακουσον,2
אלה,δεσποτησ,2
שממ,ερημοσ,2
פקחה,ανοιγνυμι,2
פקח,ανοιγνυμι,2
שממת,ημω,2
צדקת,δικαιοσυναισ,2
ינו,δικαιοσυναισ,2
תחנונ,ημω,2
עתה,αρτι,2
יצאתי,εξεστι,2
יכ,δεησισ,2
כלא,συντελεσθη,2
הבינ,διανοηθη,2
עלמימ,αιωνιοσ,2
משיח,χρι,2
שבוע,εβδομασ,2
ישבית,αειρω,2
מנחה,σπονδη,2
כנפ,ιερον,2
שקוצימ,βδελυγμα,2
משממ,ερημωσεων,2
תתכ,διδωμι,2
שממ,ερημωσιν,2
גדול,ισχυροσ,2
מתאבל,πενθω,2
סכתי,ηλειψαμην,2
תרשיש,ωσει,2
מראה,ωσει,2
לפידי,ωσει,2
לפידי,λαμπασ,2
זרעת,βραχιονεσ,2
יו,βραχιονεσ,2
דבר,λαλια,2
גדלה,ισχυροσ,2
אחד,εικοσι,2
ני,βοηθη,2
התחזקתי,ισχυσα,2
אשוב,επιστρεφω,2
יוצא,εξεπορευομην,2
שר,αγγελοσ,2
דריוש,κυροσ,2
פרס,περσιδι,2
יעשיר,πλουτησει,2
יעיר,επαναστησεται,2
ממשל,κυριειασ,2
משל,κυριειαν,2
יו,δυναστω,2
מישרימ,συνθηκη,2
נסכ,χωνευτω,2
יהמ,χωνευτω,2
מעז,πολυσ,2
יעמדו,ανιστημι,2
נכשלו,προσκοψουσι,2
לכד,ληψεται,2
שלוה,εξαπινα,2
חלקלקות,κληροδοσια,2
בזה,προνομην,2
משכילימ,συνιεντων,2
כלה,συντελεσθη,2
יבינ,προνοηθη,2
חמדת,επιθυμια,2
הו,γιγνωσκω,2
יתנגח,συγκερατισθησεται,2
מכמני,τοποσ,2
לבימ,λιβυσ,2
כשימ,αιθιοψ,2
השמיד,αφανισαι,2
ישני,καθευδοντων,2
דראונ,αισχυνη,2
משכלימ,συνιεντεσ,2
הנ,ενθεν,2
מאתימ,ενενηκοντα,2
תשעימ,διακοσιοι,2
שלשימ,τριακοσιοι,2
חמשה,τριακοντα,2
משת,ποτοσ,2
יו,ποτοσ,2
מלצר,αμελσαδ,2
מרא,ιδεα,2
מקצת,τελοσ,2
הדמינ,απωλεια,2
מני,καθιστημι,2
אשפינ,μαγοσ,2
גלא,αποκαλυπτω,2
חזה,εθεωρεισ,2
הוית,εθεωρεισ,2
הדקת,ελεπτυνεν,2
פרזל,οστρακον,2
השתכח,ευρισκω,2
יומי,ημερα,2
עבידת,εργον,2
אמינ,πηχυσ,2
אדרגזרי,ηγεομαι,2
גדברי,τυραννοσ,2
תפתי,εξουσιω,2
שלטני,αρχων,2
מדינת,χωροσ,2
יכ,δογματι,2
טעמ,δογματι,2
תסגדונ,προσκυνησητε,2
הונ,τιαραισ,2
חבל,διαφθορα,2
פחות,τοπαρχαι,2
הצלח,κατευθυνεν,2
שפר,αρεσκω,2
ני,γνωρισωσιν,2
קדמו,ενωπιον,2
הי,ενωπιον,2
ימטא,φθανω,2
מזונ,τροφη,2
קדיש,αγιοσ,2
נחת,καταβαινω,2
ברמ,πλην,2
אסור,δεσμοσ,2
דתא,χλοη,2
די,εξω,2
בר,εξω,2
רעינ,διαλογισμοσ,2
הי,διαλογισμοσ,2
יבהלנ,συνεταρασσον,2
מר,κυριοσ,2
מטת,φθανω,2
שלטנ,κυριεια,2
טרדינ,εκδιωκω,2
טריד,εξεδιωχθη,2
יצטבע,εβαφη,2
מנדע,φρην,2
יתוב,επεστραφησαν,2
יתירה,περισσοσ,2
אשתיו,πινω,2
אע,ξυλινουσ,2
אבנ,λιθινουσ,2
די,χειρ,2
הי,μορφη,2
דא,συνεκροτου,2
המונכ,μανιακησ,2
המניכ,μανιακησ,2
מקרא,αναγνω,2
נהירו,γρηγορησισ,2
קדמו,προσωπον,2
מנא,μανη,2
תקל,θεκελ,2
פרס,περσησ,2
סרכי,τακτικοι,2
עלה,προφασισ,2
יבעה,αιτεω,2
רשמת,εταξασ,2
דא,αλληλων,2
יה,οδουσ,2
באתר,οπισω,2
מדקה,λεπτυ,2
שאר,επιλοιπα,2
יה,πουσ,2
רפסה,συνεπατει,2
ביני,μεσοσ,2
יתב,καθιζω,2
מטה,φθανω,2
יפלחונ,δουλευω,2
קדמ,προτεροσ,2
דינ,κριμα,2
אבל,ουβαλ,2
יה,υποκατω,2
תגדל,μεγαλυνω,2
הרשענו,ηνομησαμεν,2
ינו,αρχων,2
מעז,ισχυσ,2
נכשלו,ασθενησουσιν,2
לכד,συλλημψεται,2
כנ,ετοιμασιαν,2
חלקלקות,ολισθρημασιν,2
יתגדל,μεγαλυνω,2
יכבד,δοξαζω,2
הנ,εντευ,2
