hebrew,greek,score,hebrew_gloss,greek_gloss
אדם,ἄνθρωπος,1.333,"human, mankind",people
על,ἐπί,1.000,upon,upon
מים,ὕδωρ,1.000,water,water
בדל,χωρίς,1.000,separate,except
בין,διάστημα,1.000,interval,interval
תוך,μέσος,1.000,midst,centre
מקוה,εἴσπραξις,1.000,collection,collection
זרע,σπείρω,1.000,sow,sown
רביעי,τέταρτος,1.000,fourth,fourth day
נפש,ψυχή,1.000,soul,mind
ברך,εὐλογέω,1.000,bless,bless
חמישי,πέμπτος,1.000,fifth,fifteenth
נקבה,θῆλυς,1.000,female,female
ששי,ἕκτος,1.000,sixth,sixteenth
שביעי,ἕβδομος,1.000,seventh,seventeenth
אף,ῥίς,1.000,nose,nostril
ארבע,τέσσαρες,1.000,four,forty
חדקל,τίγρις,1.000,Tigris,tigris
עזר,ἐπίκουρος,1.000,"help, helper",mercenary
נגד,ἀντίστροφος,1.000,counterpart,counterpart
סגר,ἐγγύς,1.000,close,kin
אשה,γυνή,1.000,woman,lady
אם,μήτηρ,1.000,mother,mother
פן,μή,1.000,lest,unless
נשא,θέλγω,1.000,lift,beguile
איבה,ἔχθρη,1.000,enmity,quarrel
תשוקה,ὁρμή,1.000,impulse,impulse
כתנת,χιτών,1.000,tunic,coat
יד,χείρ,1.000,hand,arm
עולם,αἰών,1.000,eternity,life
נשא,αἴρω,1.000,lift,raise
מקנה,ὠνέομαι,1.000,purchase,purchase
חלל,μιαίνω,1.000,defile,defile
שמנה,ὀκτώ,1.000,eight,eight
תשע,ἐννέα,1.000,nine,nine
חמש,πέντε,1.000,five,fifty
שש,ἕξ,1.000,six,six
נחם,παραμυθέομαι,1.000,"repent, console",console
חן,χάρις,1.000,grace,favour
מבול,ἐπομβρία,1.000,deluge,deluge
ברית,συνθήκη,1.000,covenant,contract
יקום,οὐσία,1.000,substance,wealth
חדש,μείς,1.000,month,course
הר,ὄρος,1.000,mountain,hill
כף,φοῖνιξ,1.000,palm,scarlet
חרף,μετόπωρον,1.000,autumn,autumn
כרם,ἀμπελών,1.000,vineyard,vineyard
יקץ,ἐγείρω,1.000,awake,arouse
יון,ἑλλάς,1.000,Greece,greece
לשון,γλῶσσα,1.000,tongue,language
צידון,σιδών,1.000,Sidon,sidonians
פוץ,διαλύω,1.000,disperse,settlement
עזה,γάζα,1.000,Gaza,gaza
חמר,ἄσφαλτος,1.000,bitumen,asphalt
מגדל,πύργος,1.000,tower,wall
בלל,συγχέω,1.000,"moisten, confound",confound
ברכה,ἀγαθός,1.000,blessing,benefit
נטה,μέχρι,1.000,extend,far
כבד,βαρύς,1.000,heavy,grievous
גמל,κάμηλος,1.000,camel,camel
משקה,οἰνοχόος,1.000,"butler, irrigated, drink",butler
מנה,ἀριθμέω,1.000,count,count
רדף,διώκω,1.000,pursue,prosecute
שכר,μισθόω,1.000,hire,lease
עגלה,βοῦς,1.000,cow,bull
איל,τύραννος,1.000,"ram, despot",despot
שמש,ἥλιος,1.000,sun,helios
קבר,θάπτω,1.000,bury,funeral
ברח,ἀποδιδράσκω,1.000,run away,run away from
מלאך,ἄγγελος,1.000,messenger,tidings
המון,θόρυβος,1.000,commotion,clamor
לו,εἴθε,1.000,if only,if only
מהר,ἐπείγω,1.000,hasten,made haste
יאל,ἄρχω,1.000,begin,office
לין,κατάγω,1.000,lodge,brought back
אפה,ὀπτάω,1.000,bake,bake
צל,σκιά,1.000,shadow,shade
חסד,εὔνοια,1.000,loyalty,favor
נאם,λόγος,1.000,speech,reason
סחר,περιέρχομαι,1.000,go about,circumvent
כד,πρόχοος,1.000,pitcher,pitcher
בתולה,παρθένος,1.000,virgin,maid
תבן,καλάμη,1.000,straw,straw
מספוא,χόρτος,1.000,fodder,grass
נקי,ἀναίτιος,1.000,innocent,innocent
טירה,στρατοπεδεία,1.000,encampment,encampment
אדמני,ἐρυθρός,1.000,red,ruddy
בזה,καταφρονέω,1.000,despise,scorn
מצוה,ἐντολή,1.000,commandment,commandment
חנה,στρατοπεδεύω,1.000,encamp,pitch
טל,δρόσος,1.000,dew,dew
דגן,σῖτος,1.000,corn,meat
הוה,γίγνομαι,1.000,become,become
נדר,εὔχομαι,1.000,vow,prayer
חבק,ἀσπάζομαι,1.000,embrace,embrace
זבל,ἀνέχω,1.000,tolerate,bear
גנב,κλέπτω,1.000,steal,steal
עטוף,ἀσθενής,1.000,feeble,weaken
נשג,καταλαμβάνω,1.000,overtake,occupy
טריפה,λεῖος,1.000,prey,prey
בקש,ζητέω,1.000,seek,investigate
לולא,μή,1.000,unless,unless
מחנה,στρατόπεδον,1.000,camp,army
נבלה,ἀμαθία,1.000,stupidity,stupidity
כברה,τείνω,1.000,stretch,stretch
קבורה,τάφος,1.000,grave,funeral
בור,φρέαρ,1.000,cistern,cistern
טבל,βάπτω,1.000,dip,dip
אלמנה,χήρα,1.000,widow,widow
דק,λεπτός,1.000,thin,thin
חרטם,μάγος,1.000,magician,mago
גלח,ξυρέω,1.000,shave,shave
דבש,μέλι,1.000,honey,honey
צהרים,μεσημβρία,1.000,noon,mesambria
שן,ὀδών,1.000,tooth,tusk
נשך,δάκνω,1.000,bite,sting
זאב,λύκος,1.000,wolf,lycus
חנט,ταριχεύω,1.000,embalm,embalm
זנב,οὐρά,1.000,tail,tail
מולה,περιτομή,1.000,circumcision,circumcision
תכן,ποσός,1.000,quantity,quantitative
צפרדע,βάτραχος,1.000,frog,frog
פאר,δοξάζω,1.000,glorify,opinion
רוחה,βοήθεια,1.000,relief,relief
אצבע,δάκτυλος,1.000,finger,dactyli
פדות,λύτρον,1.000,redemption,ransom for
זרק,ῥίπτω,1.000,toss,threw down
עוז,καταφεύγω,1.000,take refuge,refuge
שערה,κριθή,1.000,barley,barley
מוקש,δέλεαρ,1.000,bait,bait
פרסה,ὁπλή,1.000,hoof,hoof
כלב,κύων,1.000,dog,hound
כרעים,κνήμη,1.000,shank,shank
פסח,πάσχα,1.000,Passover,passover
זכרון,μνήμη,1.000,remembrance,remember
שבי,αἰχμάλωτος,1.000,captive,prisoner
רגלי,πεζός,1.000,on foot,land
אופן,τροχός,1.000,wheel,wheel
מצולה,βάθος,1.000,depth,solid
הרס,καθαιρέω,1.000,tear down,tear down
נד,ἕρκος,1.000,barrier,fence
מקדש,ἱερά,1.000,sanctuary,sacred rites
סיר,χύτρα,1.000,pot,- pot
שלו,ὄρτυξ,1.000,quail,quail
גלגלת,κρανίον,1.000,skull,skull
מדד,μέτρον,1.000,measure,metre
טעם,γεύω,1.000,taste,way taste
צנצנת,ἀγγεῖον,1.000,receptacle,receptacle
עדות,ὑπόμνημα,1.000,reminder,commentary
תלאה,κάματος,1.000,weariness,weariness
נשר,ἀετός,1.000,eagle,gable
נאף,μοιχεύω,1.000,commit adultery,committed adultery
מעלה,ἀνάβασις,1.000,ascent,ascent
יתום,ὀρφανός,1.000,orphan,orphan
חנון,ἴλαος,1.000,gracious,propitious
שמיני,ὄγδοος,1.000,eighth,eighteenth
בכורים,ἀκροθίνιον,1.000,first fruits,first fruits
תולעת,σκώληξ,1.000,worm,worm
סם,μύρον,1.000,perfume,myrrh
תבנית,παράδειγμα,1.000,model,model
זר,ὅμορος,1.000,border,border
קערה,πίναξ,1.000,platter,tablet
עשתי,ἕνδεκα,1.000,eleven,eleven
אדן,βάθρον,1.000,pedestal,pedestal
בריח,κλεῖθρον,1.000,bar,bolt
מזרח,ἀνατολή,1.000,sunrise,sunrise
יתד,πάσσαλος,1.000,peg,peg
מצח,μέτωπον,1.000,forehead,front
כהנה,ἀρχιερωσύνη,1.000,priesthood,priesthood
רקח,ἄρωμα,1.000,spice,sweet spices
רגע,αὐτίκα,1.000,moment,moment
נדיב,ἑκών,1.000,willing,consent
כומז,θώραξ,1.000,breastplate,thorax
כסל,ὀσφύς,1.000,loin,loin
חל,ἀνόσιος,1.000,profane,profane
ארנבת,λαγῶς,1.000,hare,hare
חזיר,ὗς,1.000,swine,hog
דוכיפת,ἔποψ,1.000,hoopoe,epops
גבח,φαλακρός,1.000,bald,bald
צמר,ἔριον,1.000,wool,wool
ארז,κέδρος,1.000,cedar,cedar - wood
רקק,ὀβελός,1.000,spit,spit
ידעני,μάντις,1.000,soothsayer,prophet
משחת,δωροδοκία,1.000,corruption,venality
ערבה,αἴγειρος,1.000,poplar,poplar
ספיח,αὐξάνω,1.000,growth,enlarge
תשיעי,ἔνατος,1.000,ninth,ninth
ממכרת,πρᾶσις,1.000,sale,sale
משכית,σχῆμα,1.000,figure,attitude
בציר,τρυγάω,1.000,vintage,vintage
געל,μισέω,1.000,abhor,dislike
יסר,νουθετέω,1.000,admonish,admonish
משרה,ὑγρός,1.000,dominion,supple
רוע,βοάω,1.000,shout,cry out
אספסף,βότρυς,1.000,cluster,cluster
בצל,κρόμμυον,1.000,onion,crommyus
שומים,σκόροδον,1.000,garlic,garlic
כשי,αἰθίοψ,1.000,Ethiopian,aethiopians
נאץ,καταφρονέω,1.000,contemn,scorn
גדף,βλασφημέω,1.000,blaspheme,blaspheme
שפי,ἴχνος,1.000,track,footstep
רמח,λόγχη,1.000,lance,spear
בדיל,κασσίτερος,1.000,tin,tin
תרבות,αὐξάνω,1.000,increase,enlarge
חוש,σπεύδω,1.000,make haste,haste
לבנון,λίβανος,1.000,Lebanon,mount libanus
זולה,χωρίς,1.000,except,except
מדרך,ἴχνος,1.000,footstep,footstep
נדח,πάλλω,1.000,wield,wield
עשתרת,ὄις,1.000,ewe,sheep -
צבי,δορκάς,1.000,gazelle,gazelle
עבט,δανείζω,1.000,borrow,lent money
מעקה,ἔπαλξις,1.000,parapet,parapet
ממזר,νόθος,1.000,bastard,base - born
מחיר,τιμή,1.000,price,honour
חבט,ἀποκρούω,1.000,beat off,beaten off
שנינה,ὀνειδίζω,1.000,taunt,taunt
שרש,ῥίζα,1.000,root,root
בעט,λακτίζω,1.000,kick,kick
איד,συμφορά,1.000,calamity,disaster
נסיך,σπονδή,1.000,libation,armistice
חסיד,εὔνους,1.000,loyal,goodwill
ידיד,φίλτατος,1.000,beloved,beloved
גאוה,θόρυβος,1.000,uproar,clamor
מורד,κατάβασις,1.000,descent,descent
כידון,βέλος,1.000,dart,bolt
גלילה,τόπος,1.000,region,district
נכסים,πλοῦτος,1.000,riches,plutus
מפתח,κλείς,1.000,key,bench
תנה,διέρχομαι,1.000,recount,discuss
מעוז,φρούριον,1.000,fort,fort
גזה,κῶας,1.000,fleece,fleece
טבור,ὀμφαλός,1.000,navel,navel
שועל,ἀλώπηξ,1.000,fox,fox
צום,νηστεύω,1.000,fast,fast
פך,λήκυθος,1.000,flask,phial
חוח,μυχός,1.000,recess,nook
קלשון,τρίαινα,1.000,trident,trident
אלמני,ξένος,1.000,stranger,guest
נעים,ἡδύς,1.000,pleasant,should like
בתרון,χαράδρα,1.000,gully,gorge
מתג,χαλινός,1.000,bridle,bridle
סחב,ἕλκω,1.000,drag,draw
חנק,ἀποπνίγω,1.000,strangle,strangle
אמון,πιστός,1.000,faithful,faith
ברר,καθαίρω,1.000,purge,purify himself
קרסל,σφυρόν,1.000,ankle,ankle
ארוה,φάτνη,1.000,stall,stall
פנימי,ἐντός,1.000,inner,inner
שושן,κρίνον,1.000,lily,lily
עבי,πάχος,1.000,thickness,thickness
קוף,πίθηκος,1.000,ape,monkey
בקבק,ἀσκός,1.000,bottle,bottle
תעלה,ῥεῖθρον,1.000,channel,channel
רצף,ἄνθραξ,1.000,coal,coal
דממה,γαλήνη,1.000,calm,calm
שפק,ἀρκέω,1.000,suffice,sufficient
חריט,βαλλάντιον,1.000,purse,purse
שפעה,ὄγκος,1.000,mass,mass
חפשית,ἀτελής,1.000,exempt,incomplete
שאנן,εὔκηλος,1.000,at ease,at ease
אבוס,φάτνη,1.000,manger,stall
דוי,κακός,1.000,ill,wrong
שביס,μίτρα,1.000,headband,taslet
יפי,κάλλος,1.000,beauty,beauty
נמר,πάρδαλις,1.000,leopard,leopard
צפעני,ἔχιδνα,1.000,viper,viper
יתרה,λοιπός,1.000,remainder,remainder
אמיר,κλάδος,1.000,branch,its branches
בקק,δηιόω,1.000,lay waste,lay waste
צפיעה,φύλλον,1.000,leaf,leaf
שבעה,κόρος,1.000,satiety,satiate
בטוח,θαρσέω,1.000,confident,confident
ציצה,ἄνθος,1.000,flower,bloom
יקרה,σύνοδος,1.000,meeting,meeting
שוקק,στενός,1.000,narrow,narrow passes
גבא,τάφρος,1.000,ditch,ditch
תרן,ἱστός,1.000,mast,at loom
מרח,τρίβω,1.000,rub,rub
הדס,μυρσίνη,1.000,myrtle,myrtle -
תאשור,κυπάρισσος,1.000,cypress,cypress trees
מערב,δυσμή,1.000,sunset,sunset
כורש,κῦρος,1.000,Cyrus,asked cyrus
חד,ὀξύς,1.000,sharp,acute
שכלים,ἀπαιδία,1.000,childlessness,childlessness
חצן,κόλπος,1.000,bosom,bay
יריב,ἀντίδικος,1.000,opponent,litigant
כפף,κάμπτω,1.000,bend,bend
עכביש,ἀράχνης,1.000,spider,spider
אכר,γεωργός,1.000,farmer,husbandman
בצרת,αὐχμός,1.000,drought,drought
דהם,θαυμάζω,1.000,surprise,admiration
אכזב,ἀπάτη,1.000,deceitful,deception
שתל,μετοικίζω,1.000,transplant,transplant
יקיר,τίμιος,1.000,precious,precious
בץ,χόω,1.000,silt,barrow
חגו,διατρίβω,1.000,abode,delay
רטט,φόβος,1.000,panic,afraid
דחן,μέλινος,1.000,millet,millet
מקטרת,θυμιατήριον,1.000,censer,censer
טעה,πλανάω,1.000,wander,wander
כאה,ἀθυμέω,1.000,dishearten,discourage
תלול,ὑψηλός,1.000,lofty,lofty
צחיח,ἐπιφάνεια,1.000,surface,surface
השמעות,μηνύω,1.000,information,inform
מחי,πληγή,1.000,stroke,stroke
כלל,τέλειος,1.000,perfect,most perfect
הבנים,ἔβενος,1.000,ebony,ebony
תכנית,παράδειγμα,1.000,example,model
כוב,λιβύη,1.000,Libya,libya
חתול,τελαμών,1.000,bandage,bandage
רפש,αἰσχρός,1.000,foul,disgraceful
פרזה,κώμη,1.000,village,village
מבנה,σύστασις,1.000,structure,structure
בנין,οἰκοδόμημα,1.000,building,edifice
מהלך,πάροδος,1.000,passage,narrow pass
צורה,τεύχω,1.000,fashion,fashion
קדמון,ἑῷος,1.000,eastern,eastern
משטמה,ἔχθρη,1.000,animosity,quarrel
תלם,αὖλαξ,1.000,furrow,furrow
פרדות,ἰσχάς,1.000,dried figs,fig
ערג,ποθέω,1.000,long for,yearned for
רבוא,μυρίος,1.000,ten thousand,000
דונג,κηρός,1.000,wax,wax
תפף,τύπτω,1.000,beat,strike
מליצה,ῥῆμα,1.000,saying,saying
שגיון,θρῆνος,1.000,dirge,lamentation
עליצת,τεκμήριον,1.000,presumption,presumption
מזמור,ψαλμός,1.000,psalm,psalm
חרג,ἐξέρχομαι,1.000,come out,came forth
נאוה,ἐρατεινός,1.000,lovely,lovely
אולת,ἀφροσύνη,1.000,foolishness,foolishness
סעה,διαβάλλω,1.000,calumniate,discredit
שמרה,βλέφαρον,1.000,eyelid,eye
נשיה,λήθη,1.000,oblivion,oblivion
דברה,αἴτιος,1.000,cause,charge
שיחה,μέλω,1.000,concern,care for
סליחה,συγγνώμη,1.000,forgiveness,forgive
כמריר,ζόφος,1.000,gloom,gloom
גבנה,τυρός,1.000,cheese,cheese
זעך,σβέννυμι,1.000,extinguish,extinguish
מלכדת,δόλος,1.000,snare,deceit
רגב,βῶλος,1.000,clod,clod
חף,καθαρός,1.000,clean,purity
בהיר,λαμπρός,1.000,brilliant,splendor
צאלים,λωτός,1.000,lotus,lotus
נמלה,μύρμηξ,1.000,ant,ant
מערך,τάξις,1.000,arrangement,company
טרד,ἀπελαύνω,1.000,drive away,marched away
אכזריות,ὠμότης,1.000,cruelty,barbarous
עלוקה,ἰατήρ,1.000,leech,leech
צבט,ἀντέχω,1.000,hold out,resistance
סתו,χειμών,1.000,winter,tempest
פרדס,παράδεισος,1.000,park,paradise
ענין,ἐργασία,1.000,occupation,occupation
זמן,ὥρα,1.000,season,time
כפש,πτήσσω,1.000,cower,cower
צפיה,σκοπιά,1.000,outlook,outlook
אחשדרפן,σατράπης,1.000,satrap,satrap
פרשה,λέγος,1.000,statement,statement
הצלה,σωτηρία,1.000,deliverance,save
נזק,βλάπτω,1.000,damage,injury
תכריך,πέπλος,1.000,robe,robe
רחמין,ἔλεος,1.000,mercy,commiseration
שתין,ἑξήκοντα,1.000,sixty,sixty -
כרוז,κῆρυξ,1.000,herald,herald
משרוקי,σῦριγξ,1.000,pipe,pipe
גוא,μεσόγεως,1.000,interior,inland
אחרין,τελευταῖος,1.000,at last,at last
ארכבה,γόνυ,1.000,knee,knee
כרסא,θρόνος,1.000,throne,seat
מנא,μνᾶ,1.000,mina,mina
מאזנא,ζυγός,1.000,balance,balance
תלתין,τριάκοντα,1.000,thirty,thirty -
צבו,πρᾶγμα,1.000,thing,case
פרסי,πέρσης,1.000,Persian,persian
שרשי,φυγή,1.000,banishment,exile
עבדת,δουλεύω,1.000,servitude,servitude
תהלכת,πομπή,1.000,procession,escort
גאלים,μίασμα,1.000,defilement,defilement
קורא,κόρις,1.000,Kore,kore
מפשעה,ὕστερος,1.000,posterior,late
פנה,ὄμμα,0.500,face,face
פנה,πρόσωπον,0.500,face,countenance
ניב,καρπός,0.500,fruit,crop
פרי,καρπός,0.500,fruit,crop
תליתי,τρίτος,0.500,third,third time
שלישי,τρίτος,0.500,third,third time
שנה,ἐνιαυτός,0.500,year,annual
שנה,ἔτος,0.500,year,year
כוכב,ἄστρον,0.500,star,star
כוכב,ἀστήρ,0.500,star,star
גבי,σμῆνος,0.500,swarm,swarm
שרץ,σμῆνος,0.500,swarm,swarm
חי,ζωός,0.500,alive,alive
חי,ζάω,0.500,alive,alive
דג,ἰχθύς,0.500,fish,fish
דגה,ἰχθύς,0.500,fish,fish
זכור,ἄρσην,0.500,male,male
זכר,ἄρσην,0.500,male,male
יצר,μορφή,0.500,shape,shape
יצר,σχῆμα,0.500,shape,attitude
אפר,κόνις,0.500,dust,dust
עפר,κόνις,0.500,dust,dust
נשמה,πνεῦμα,0.500,breath,breath
נשמה,πνοή,0.500,breath,blast
נטע,φυτεύω,0.500,plant,plant
נטע,φυτός,0.500,plant,plant
גנה,κῆπος,0.500,garden,garden
גן,κῆπος,0.500,garden,garden
מראה,ὄψις,0.500,sight,presence
מראה,θέαμα,0.500,sight,sight
רע,κακός,0.500,evil,wrong
רע,πονηρός,0.500,evil,evil
בד,μοῖρα,0.500,"linen, part, stave",part
בד,μέρος,0.500,"linen, part, stave",turn
נפל,ἐμπίπτω,0.500,fall,fall upon
נפל,πίπτω,0.500,fall,fall
גרם,ὀστέον,0.500,bone,bone
עצם,ὀστέον,0.500,bone,bone
אב,πατήρ,0.500,father,father
אב,πατρῷος,0.500,father,father
ערום,γυμνός,0.500,naked,nude
עירם,γυμνός,0.500,naked,nude
זעה,ἱδρώς,0.500,sweat,sweat
יזע,ἱδρώς,0.500,sweat,sweat
לחם,ἄρτος,0.500,bread,bread
לחם,σῖτος,0.500,bread,meat
לבש,ἐσθής,0.500,clothe,raiment
לבש,ἱμάτιον,0.500,clothe,coat
אח,ἀδελφός,0.500,brother,brethren
אח,κασίγνητος,0.500,brother,own brother
קום,ἀνίστημι,0.500,arise,rose up
קום,ὄρνυμι,0.500,arise,arise
דם,αἷμα,0.500,blood,blood
דם,φόνος,0.500,blood,death
פה,στόμα,0.500,mouth,lip
פם,στόμα,0.500,mouth,lip
תזז,τύπτω,0.500,strike,strike
נכה,τύπτω,0.500,strike,strike
אהל,κλισία,0.500,tent,tent
אהל,σκηνή,0.500,tent,tabernacle
חרש,ἀρόω,0.500,clay,plough
חרש,ἄροτρον,0.500,clay,plough
אחות,κασιγνήτη,0.500,sister,sister
אחות,ἀδελφή,0.500,sister,sister
אזן,ἀκούω,0.500,listen,listen
אזן,ἀκροάομαι,0.500,listen,listen
תלת,τρεῖς,0.500,three,three
שלש,τρεῖς,0.500,three,three
עשר,δέκα,0.500,become rich,ten
עשור,δέκα,0.500,a ten,ten
עשרין,εἴκοσι,0.500,twenty,twenty -
עשרים,εἴκοσι,0.500,twenty,twenty -
רב,τοσοῦτος,0.500,much,much
רב,πολύς,0.500,much,great
תמים,τέλειος,0.500,complete,most perfect
תמים,τελειόω,0.500,complete,complete
דור,γένεσις,0.500,generation,birth
דור,γενεά,0.500,generation,lineage
ארון,κιβωτός,0.500,ark,ark
תבה,κιβωτός,0.500,ark,ark
אמה,πῆχυς,0.500,cubit,cubits long
גמד,πῆχυς,0.500,cubit,cubits long
ארך,μῆκος,0.500,length,its length
ארכה,μῆκος,0.500,length,its length
רחב,πλάτος,0.500,breadth,breadth
רחב,εὖρος,0.500,breadth,wide
מעל,ἄκρος,0.500,top,height
מעל,κορυφή,0.500,top,top
בקע,σχίζω,0.500,split,split
פצם,σχίζω,0.500,split,split
גבה,ὑψηλός,0.500,high,lofty
גבה,μέγας,0.500,high,high
עבר,παρέρχομαι,0.500,pass,passed by
עבר,τελέω,0.500,pass,pay
שכך,καταβαίνω,0.500,weave,down
גלש,καταβαίνω,0.500,go down,down
עשירי,δέκατος,0.500,tenth,tenth
מעשר,δέκατος,0.500,tenth,tenth
חלון,θυρίς,0.500,window,window
אשנב,θυρίς,0.500,window,window
זית,ἐλαία,0.500,olive,olive trees
גרגר,ἐλαία,0.500,olive,olive trees
משפחת,φράτηρ,0.500,clan,clan
משפחה,φράτηρ,0.500,clan,clan
מדבח,βωμός,0.500,altar,altar
מזבח,βωμός,0.500,altar,altar
קר,ψυχρός,0.500,cold,frigid
קר,ψῦχος,0.500,cold,cold
קיט,θέρος,0.500,summer,in summer
קיץ,θέρος,0.500,summer,in summer
קשט,τόξον,0.500,bow,arrow
קשת,τόξον,0.500,bow,arrow
תירוש,οἶνος,0.500,wine,wine
יין,οἶνος,0.500,wine,wine
שכם,ὦμος,0.500,shoulder,shoulder
כתף,ὦμος,0.500,shoulder,shoulder
מצרים,αἰγύπτιος,0.500,Egypt,egypt
מצרים,αἴγυπτος,0.500,Egypt,egyptian
גבול,ὅρος,0.500,boundary,frontier
גבולה,ὅρος,0.500,boundary,frontier
שפה,στόμα,0.500,sweep bare,lip
שפה,χεῖλος,0.500,sweep bare,rim
לבנה,πλίνθος,0.500,brick,burnt brick
מלבן,πλίνθος,0.500,brick,burnt brick
זמם,μερμηρίζω,0.500,ponder,ponder
זמם,ὁρμαίνω,0.500,ponder,ponder
יפה,δῖος,0.500,beautiful,beautiful
יפה,καλός,0.500,beautiful,proper
מצרי,αἰγύπτιος,0.500,Egyptian,egypt
מצרי,αἴγυπτος,0.500,Egyptian,egyptian
גלל,ὕλη,0.500,matter,hyle
גלל,πρᾶγμα,0.500,matter,case
מלח,ἁλμυρός,0.500,salt,salty
מלח,ἅλς,0.500,salt,sea
שוה,δῆλος,0.500,plain,plain
שוה,πεδίον,0.500,plain,plain
נוס,φεύγω,0.500,flee,fly
נדד,φεύγω,0.500,flee,fly
כהן,ἀρχιερεύς,0.500,priest,priest
כהן,ἱερεύς,0.500,priest,priest
עליון,ἄνω,0.500,upper,inland
עלי,ἄνω,0.500,upper,inland
חוט,λίνον,0.500,thread,thread
חוט,κρόκη,0.500,thread,thread
נעל,ὑπόδημα,0.500,sandal,sandal
נעל,πέδιλον,0.500,sandal,bound fair sandals
ערירי,ἄπαις,0.500,childless,died without issue
ערירי,ἄτεκνος,0.500,childless,childless
שלום,ἡσυχία,0.500,peace,peace
שלום,εἰρήνη,0.500,peace,peace
לפיד,δαίς,0.500,torch,lighted torches
לפיד,λαμπάς,0.500,torch,lamp
אולי,ἴσος,0.500,perhaps,equality
אולי,τάχα,0.500,perhaps,soon
אן,ποι,0.500,whither,whither
אן,ὅποι,0.500,whither,whithersoever
הלם,δεῦρο,0.500,hither,come here
הלם,ἐνθάδε,0.500,hither,hither
מול,περιτέμνω,0.500,circumcise,circumcise
מלל,περιτέμνω,0.500,circumcise,circumcise
קמח,ἄλφιτον,0.500,flour,flour
קמח,ἄλευρον,0.500,flour,flour
רך,ἁπαλός,0.500,tender,tender
רך,τέρην,0.500,tender,tender
וזר,ἀδικέω,0.500,guilty,harm
רשע,ἀδικέω,0.500,guilty,harm
איתי,οὐσία,0.500,existence,wealth
יש,οὐσία,0.500,existence,wealth
שער,θύρα,0.500,hair,gate
שער,πύλη,0.500,hair,door
נביא,μάντις,0.500,prophet,prophet
נביא,προφήτης,0.500,prophet,prophet
תעה,ἁμαρτάνω,0.500,err,fault
שגה,ἁμαρτάνω,0.500,be great,fault
רחם,κοιλία,0.500,womb,stomach
רחם,νηδύς,0.500,womb,womb
פקד,διαμαρτάνω,0.500,miss,miss
פקד,ἁμαρτάνω,0.500,miss,fault
זקנה,γῆρας,0.500,old age,age
זקנים,γῆρας,0.500,old age,age
סבך,θάμνος,0.500,thicket,thicket
סבך,λόχμη,0.500,thicket,thicket
קרן,κέρας,0.500,horn,column
שופר,κέρας,0.500,horn,column
פלגש,παλλακίς,0.500,concubine,concubine
פלגש,παλλακή,0.500,concubine,concubine
ספד,γόος,0.500,lament,lamentation
יבב,γόος,0.500,lament,lamentation
שקל,σίγλος,0.500,shekel,shekel
תקל,σίγλος,0.500,shekel,shekel
שבועה,ὄμνυμι,0.500,oath,oath
שבועה,ὅρκος,0.500,oath,oath
שגח,θεάομαι,0.500,gaze,contemplate
שאה,θεάομαι,0.500,gaze,contemplate
כלי,ὄργανος,0.500,tool,tool
כלי,ὀργαίνω,0.500,tool,tool
רבבה,πλῆθος,0.500,multitude,people
רבבה,ὄχλος,0.500,multitude,throng
רכב,ἐλαύνω,0.500,ride,march
רכב,ἱππεύω,0.500,ride,ride
מרע,φίλος,0.500,friend,dear
מרע,ἑταῖρος,0.500,friend,friend
צוד,θηρεύω,0.500,hunt,hunt
צוד,θηράω,0.500,hunt,hunt after
חלקה,λειότης,0.500,smoothness,smoothness
חלקלקות,λειότης,0.500,smoothness,smoothness
מרירי,πικρός,0.500,bitter,bitter
מר,πικρός,0.500,bitter,bitter
שכח,ἐπιλήθω,0.500,forget,forget
שכח,λανθάνω,0.500,forget,fail
משכרת,μισθός,0.500,wage,reward
משכרת,πολεμέω,0.500,wage,wage
לוה,ἀκολουθέω,0.500,accompany,accompany
לוה,ἕπομαι,0.500,accompany,attend
חרפה,ὀνειδίζω,0.500,reproach,taunt
חרפה,ὄνειδος,0.500,reproach,scandal
פורה,πυρός,0.500,trough,trough
רהט,πυρός,0.500,trough,trough
אתמול,χθιζός,0.500,yesterday,yesterday
תמול,χθιζός,0.500,yesterday,yesterday
חפש,ζητέω,0.500,be free,investigate
חפש,ζήτησις,0.500,be free,investigation
גל,κλύδων,0.500,"wave, heap",wave
גל,κῦμα,0.500,"wave, heap",billow
שהדו,μαρτυρέω,0.500,testimony,witness
שהדו,μαρτυρία,0.500,testimony,evidence
אבק,παλαίω,0.500,wrestle,wrestle
אבק,παλέω,0.500,wrestle,wrestle
חנן,χαρίζομαι,0.500,favour,oblige
חנן,χάρις,0.500,favour,favour
בטח,πιστεύω,0.500,trust,credit
מבטח,πιστεύω,0.500,trust,credit
באש,ὄζω,0.500,stink,stink
זנח,ὄζω,0.500,stink,stink
יבם,γάμος,0.500,marry,marry
יבם,γαμέω,0.500,marry,wed
אסיר,δεσμώτης,0.500,prisoner,prisoner
אסיר,αἰχμάλωτος,0.500,prisoner,prisoner
פתרון,ἑρμηνεία,0.500,interpretation,interpretation
פשר,ἑρμηνεία,0.500,interpretation,interpretation
תרגם,ἐξηγέομαι,0.500,interpret,interpret
פתר,ἐξηγέομαι,0.500,interpret,interpret
שרקה,ἄμπελος,0.500,whistling,vine
גפן,ἄμπελος,0.500,vine,vine
תלה,κρεμάννυμι,0.500,hang,hang
תלא,κρεμάννυμι,0.500,hang,hang
אחו,κάλαμος,0.500,reed,reed
אחו,δόναξ,0.500,reed,reed
קדים,ἠώς,0.500,east,daybreak
קדים,ἀνατολή,0.500,east,sunrise
פקיד,ἡγεμών,0.500,officer,ruler
פקיד,ὑπηρέτης,0.500,officer,officer
תשומת,παρακαταθήκη,0.500,deposit,deposit
פקדון,παρακαταθήκη,0.500,deposit,deposit
שליט,τύραννος,0.500,tyrant,despot
שליט,τυραννεύω,0.500,tyrant,tyrant
ליץ,κομπάζω,0.500,boast,boast
ליץ,κόμπος,0.500,boast,boast
צידה,ἐπιτήδειος,0.500,provision,fit
צידה,σῖτος,0.500,provision,meat
בהל,ταράσσω,0.500,disturb,into confusion
בהל,κινέω,0.500,disturb,disturb
רגז,ἐλελίζω,0.500,quake,quake
רעש,ἐλελίζω,0.500,quake,quake
סוס,ἵππος,0.500,horse,chariot
סוס,ἱππεύς,0.500,horse,horse
ישועה,σωτηρία,0.500,salvation,save
תשועה,σωτηρία,0.500,salvation,save
גוד,ἐπιτίθημι,0.500,attack,attack
גוד,ἐπιχειρέω,0.500,attack,attack
פרש,ἱππότης,0.500,spread out,horseman
פרש,ἱππεύς,0.500,spread out,horse
זפת,πίσσα,0.500,pitch,pitch
זפת,στρατοπεδεύω,0.500,pitch,pitch
תלג,χιών,0.500,snow,deep snow
שלג,χιών,0.500,snow,deep snow
מתכנת,ἀνάλογος,0.500,proportion,disproportionate
מתכנת,ἀναλογία,0.500,proportion,proportionate
חפן,κοῖλος,0.500,hollow,le
חפן,γλαφυρός,0.500,hollow,hollow cave
יסד,οἰκίζω,0.500,found,found
יסד,κτίζω,0.500,found,found
פשתה,λίνον,0.500,flax,thread
פשת,λίνον,0.500,flax,thread
אפיל,ὀψέ,0.500,late,too late
אפיל,ὕστερος,0.500,late,late
חג,ἑορτή,0.500,festival,feast
חג,πανήγυρις,0.500,festival,festival
תיכון,μέσος,0.500,middle,centre
חצות,μέσος,0.500,middle,centre
חגר,ζώννυμι,0.500,gird,gird
שנס,ζώννυμι,0.500,gird,gird
אזרח,ἐπιχώριος,0.500,native,local
אזרח,πατρίς,0.500,native,country
שגר,φορεῖον,0.500,litter,sedan
אפריון,φορεῖον,0.500,litter,sedan
נביאה,προφῆτις,0.500,prophetess,prophetess
נביאה,πρόμαντις,0.500,prophetess,prophetess
צרף,τήκω,0.500,melt,melt
מסס,τήκω,0.500,melt,melt
צור,πέτρα,0.500,rock,stone
סלע,πέτρα,0.500,rock,stone
נס,σημαίνω,0.500,signal,seal
נס,σημεῖον,0.500,signal,evidence
יעץ,συμβουλεύω,0.500,advise,give advice
יעץ,παραινέω,0.500,advise,advice
ערמה,φρόνησις,0.500,prudence,intelligence
ערמה,σωφρόσυνος,0.500,prudence,prudence
שלחן,τράπεζα,0.500,table,bank
פתבג,τράπεζα,0.500,table,bank
דיק,ἕρκος,0.500,bulwark,fence
מסגרת,ἕρκος,0.500,bulwark,fence
זוית,γωνία,0.500,corner,angle
פאה,γωνία,0.500,corner,angle
מעיל,ἱμάτιον,0.500,coat,coat
מעיל,χιτών,0.500,coat,coat
שרשרה,δεσμός,0.500,chain,chain
שרשרה,ἅλυσις,0.500,chain,chain
מצלה,κώδων,0.500,bell,bell
פעמון,κώδων,0.500,bell,bell
קרבן,ἀνάθημα,0.500,offering,dedication
תנופה,ἀνάθημα,0.500,offering,dedication
עגל,βοῦς,0.500,bull,bull
עגל,ταῦρος,0.500,bull,tauri
עדי,κόσμος,0.500,ornament,universe
חליה,κόσμος,0.500,ornament,universe
חח,ἄκανθα,0.500,thorn,backbone
שך,ἄκανθα,0.500,thorn,backbone
מחשבת,βουλεύω,0.500,plan,plot
מחשבת,βούλευμα,0.500,plan,plan
פנימה,ἐντός,0.500,within,inner
פנימה,ἔνδον,0.500,within,inside
רחמה,γύψ,0.500,vulture,vulture
עזניה,γύψ,0.500,vulture,vulture
טהרה,καθαρμός,0.500,purification,purification
טהרה,κάθαρσις,0.500,purification,purgation
שפל,ταπεινός,0.500,low,low
געה,ταπεινός,0.500,low,low
מכוה,οὐλή,0.500,scar,scar
צרבת,οὐλή,0.500,scar,scar
גב,ἀμφιέλισσα,0.500,curve,curve
גב,καμπύλος,0.500,curve,curve
לג,ξύλον,0.500,log,stick
אוד,ξύλον,0.500,log,stick
תבלל,χωρίον,0.500,spot,land
תבלל,παραχρῆμα,0.500,spot,spot
תרבית,τόκος,0.500,interest,usury
תרבית,συμφέρω,0.500,interest,advantageous
יבול,παρέχω,0.500,produce,supply
תנובה,παρέχω,0.500,produce,supply
מאס,ἀπωθέω,0.500,reject,reject
מאס,ἀποδοκιμάζω,0.500,reject,disqualify
כשל,σφάλλω,0.500,stumble,stumble
כשל,σκανδαλίζω,0.500,stumble,stumble
מור,ἀντίδοσις,0.500,exchange,exchange
תמורה,ἀντίδοσις,0.500,exchange,exchange
קרקע,οὖδας,0.500,floor,floor
קרקע,ἔδαφος,0.500,floor,floor
חנכה,ἀνάθεσις,0.500,dedication,dedication
חנכה,ἀνάθημα,0.500,dedication,dedication
אנן,μέμφομαι,0.500,complain,fault
אנן,ἐγκαλέω,0.500,complain,charge against
אוה,βούλομαι,0.500,wish,like
אוה,ἐθέλω,0.500,wish,ready
מסלול,λεωφόρος,0.500,highway,high road
מסלה,λεωφόρος,0.500,highway,high road
שבית,αἰχμαλωσία,0.500,captivity,captivity
שבות,αἰχμαλωσία,0.500,captivity,captivity
קסם,μαντικός,0.500,divination,seer art
מקסם,μαντικός,0.500,divination,seer art
מלוכה,βασιλεία,0.500,kingship,royalty
מלכות,βασιλεία,0.500,kingship,royalty
מכס,εἰσφορά,0.500,tax,- tax
מכס,φόρος,0.500,tax,tax
עגיל,κόσμος,0.500,adornment,universe
הדרה,κόσμος,0.500,adornment,universe
דחה,ὠθέω,0.500,push,push
הדף,ὠθέω,0.500,push,push
טרח,ἄχθος,0.500,burden,burden
טרח,ὑποζύγιον,0.500,burden,pack - animals
למד,πυνθάνομαι,0.500,learn,inform
למד,μανθάνω,0.500,learn,learnt
מדוה,νόσος,0.500,sickness,plague
חלי,νόσος,0.500,sickness,plague
הום,ὀρίνω,0.500,stir,stir
הום,κινέω,0.500,stir,disturb
תל,χῶμα,0.500,mound,mole
מלוא,χῶμα,0.500,mound,mole
חרמש,δρέπανον,0.500,sickle,hook
מגל,δρέπανον,0.500,sickle,hook
ריבה,δίκη,0.500,case,case
ריבה,πρᾶγμα,0.500,case,case
לחי,γνάθος,0.500,jaw,onugnathus
לחי,γένυς,0.500,jaw,jaw
חפז,σπεύδω,0.500,hurry,haste
דחף,σπεύδω,0.500,hurry,haste
מצור,πολιορκία,0.500,siege,besiege
מצור,πολιορκέω,0.500,siege,blockade
יעף,κάμνω,0.500,weary,weary
יגע,κάμνω,0.500,weary,weary
מדור,οἴκησις,0.500,dwelling,dwelling
מעון,οἴκησις,0.500,dwelling,dwelling
אוצר,ἐπιτήδειος,0.500,supply,fit
אוצר,παρέχω,0.500,supply,supply
סוך,ἀλείφω,0.500,anoint,anointed himself oil
סוך,χρίω,0.500,anoint,anoint
ישימון,ἐρῆμος,0.500,wilderness,empty
ישימון,ἐρημία,0.500,wilderness,isolation
קטב,κέντρον,0.500,sting,sting
קטב,δάκνω,0.500,sting,sting
אכזרי,σχέτλιος,0.500,cruel,rash man
אכזר,σχέτλιος,0.500,cruel,rash man
אזל,ἀπέρχομαι,0.500,go away,depart
אזל,ἄπειμι,0.500,go away,went away
יפע,φαεινός,0.500,shine,shine
יפע,λάμπω,0.500,shine,shine
דוץ,πηδάω,0.500,leap,leap
זנק,πηδάω,0.500,leap,leap
מארב,λόχος,0.500,ambush,battalion
מארב,ἐνέδρα,0.500,ambush,ambuscade
קנוא,φθόνος,0.500,jealous,jealous
קנוא,φθονέω,0.500,jealous,jealous
רקה,ναός,0.500,temple,shrine
רקה,ἱερός,0.500,temple,holy
מתוק,ἡδύς,0.500,sweet,should like
מתוק,γλυκύς,0.500,sweet,sweet
אזר,ἐνδύω,0.500,put on,put on
אזר,περιτίθημι,0.500,put on,put on
קלחת,λέβης,0.500,cauldron,kettle
קלחת,τρίπους,0.500,cauldron,cauldron
אדב,παρακαλέω,0.500,invite,urge
אדב,καλέω,0.500,invite,name
יקר,ὀλιγάκις,0.500,rare,seldom
יקר,σπάνιος,0.500,rare,scarce
מעצור,ἐμπόδιος,0.500,hindrance,hindrance
מעצור,ἐμποδίζω,0.500,hindrance,hindrance
מטרה,σκοπός,0.500,target,scout
מפגע,σκοπός,0.500,target,scout
משמעת,ὑπόθεσις,0.500,subject,subject
משמעת,ὑπήκους,0.500,subject,subject
תפלה,εὔχομαι,0.500,prayer,prayer
תפלה,εὐχή,0.500,prayer,prayer
אוריהו,οὐρία,0.500,Uriah,uriah
אוריה,οὐρία,0.500,Uriah,uriah
יוצר,κεραμεύς,0.500,potter,potter
פחר,κεραμεύς,0.500,potter,potter
תרשתא,ἡγεμών,0.500,governor,ruler
פחה,ἡγεμών,0.500,governor,ruler
שנהבים,ἐλεφάντινος,0.500,ivory,ivory
שנהבים,ἐλέφας,0.500,ivory,elephant
גבירה,δέσποινα,0.500,mistress,queen
גבירה,ἑταίρα,0.500,mistress,mistress
בדא,μήδομαι,0.500,devise,devise
בדא,μηχανάομαι,0.500,devise,devise
תא,θάλαμος,0.500,chamber,- chamber
תא,οἴκημα,0.500,chamber,room
מדינה,τόπος,0.500,district,district
מדינה,χωρίον,0.500,district,land
חלט,βουλεύω,0.500,decide,plot
חלט,κρίνω,0.500,decide,decision
זבוב,πέτομαι,0.500,fly,sped
זבוב,φεύγω,0.500,fly,fly
סערה,χειμών,0.500,storm,tempest
סערה,κράτος,0.500,storm,storm
צפיע,κόπρος,0.500,dung,manure
דמן,κόπρος,0.500,dung,manure
מכורה,γένεσις,0.500,origin,birth
מוצאה,γένεσις,0.500,origin,birth
תרתן,στρατηγός,0.500,commander,commander
תרתן,ἡγεμών,0.500,commander,ruler
גאות,ἀνίστημι,0.500,rise,rose up
גאות,ἄνειμι,0.500,rise,rise
זד,ὑβρίζω,0.500,insolent,insolence
זד,ὕβρις,0.500,insolent,insolent
יהיר,ὑπερφίαλος,0.500,haughty,haughty
גא,ὑπερφίαλος,0.500,haughty,haughty
נשת,αὖος,0.500,dry,dry
נשת,ξηρός,0.500,dry,dry
שחה,νέω,0.500,bow down,swim
שחה,νήχω,0.500,bow down,swim
מבוע,κρήνη,0.500,spring,spring
מבוע,ἔαρ,0.500,spring,spring
נגינה,μοῦσα,0.500,music,music
נגינה,μουσικός,0.500,music,cultured
חוג,κύκλος,0.500,circle,surround
מסבה,κύκλος,0.500,circle,surround
מצת,νεῖκος,0.500,strife,quarrel
מצת,ἔρις,0.500,strife,rivalry
מני,πότμος,0.500,destiny,destiny
מני,μοῖρα,0.500,destiny,part
צמאה,δίψος,0.500,thirst,thirst
צמאה,διψάω,0.500,thirst,thirst
בגוד,δόλιος,0.500,treacherous,treacherous
בגוד,ἐπίβουλος,0.500,treacherous,treacherous
מגלה,κατάλογος,0.500,roll,list
פלש,κατάλογος,0.500,roll,list
שמין,θεός,0.500,heaven,heaven
שמין,οὐρανός,0.500,heaven,sky
תעתעים,γέλως,0.500,mockery,laughter
התלים,γέλως,0.500,mockery,laughter
מזמה,ἕνεκα,0.500,purpose,because
מזמה,προαίρεσις,0.500,purpose,purpose
דלית,φυλλάς,0.500,foliage,foliage
עפי,φυλλάς,0.500,foliage,foliage
גוה,φρονέω,0.500,pride,thought
גוה,φρόνημα,0.500,pride,spirit
נאפופים,μοιχεία,0.500,adultery,adultery
נאפים,μοιχεία,0.500,adultery,adultery
משתא,δεῖπνον,0.500,banquet,dine
מרזח,δεῖπνον,0.500,banquet,dine
שחוק,γέλως,0.500,laughter,laughter
משחק,γέλως,0.500,laughter,laughter
אגף,στρατιώτης,0.500,troop,troop
אגף,στράτευμα,0.500,troop,troop
מגר,ῥίπτω,0.500,hurl,threw down
מגר,ἀκοντίζω,0.500,hurl,hurl
שפוט,κρίσις,0.500,judgment,verdict
שפוט,γνώμη,0.500,judgment,judgement
שאט,καταφρονέω,0.500,scorn,scorn
שאט,ἀτιμάζω,0.500,scorn,scorn
אשכר,φόρος,0.500,tribute,tax
בלו,φόρος,0.500,tribute,tax
עשות,ῥέζω,0.500,wrought,wrought
עשות,τεύχω,0.500,wrought,fashion
ארוז,στερεός,0.500,solid,solid
ארוז,βάθος,0.500,solid,solid
עמם,σύμμαχος,0.500,ally,alliance
עמם,ἐπίκουρος,0.500,ally,mercenary
עפף,διπλάσιος,0.500,double,twice
עפף,διπλόος,0.500,double,twofold
קריאה,κήρυγμα,0.500,proclamation,proclamation
קריאה,κηρύσσω,0.500,proclamation,make proclamation
עיש,λέαινα,0.500,lioness,lioness
לבאה,λέαινα,0.500,lioness,lioness
מכלא,περίβολος,0.500,enclosure,circuit
רפת,περίβολος,0.500,enclosure,circuit
בגדות,προδοσία,0.500,treachery,for treason
בגדות,δόλος,0.500,treachery,deceit
שורר,ἐχθρός,0.500,foe,hateful
שורר,πολέμιος,0.500,foe,foe
דומיה,σιγάω,0.500,silence,keep silent
דומיה,σιγή,0.500,silence,silence
לשן,διαβάλλω,0.500,slander,discredit
לשן,διαβολή,0.500,slander,slander
פלץ,ῥιγέω,0.500,shudder,shudder
פלץ,φρίσσω,0.500,shudder,shudder
שהד,μαρτυρέω,0.500,witness,witness
שהד,μάρτυς,0.500,witness,as witnesses
עלס,ἀπολαύω,0.500,enjoy,enjoy
עלס,χαίρω,0.500,enjoy,pleasure
שכוי,ἀλεκτρυών,0.500,cock,alektryon
שכוי,ἀλέκτωρ,0.500,cock,cock
מדעת,συγγενής,0.500,kinsman,relation
מדע,συγγενής,0.500,kinsman,relation
מהלל,φήμη,0.500,fame,tradition
מהלל,κλέος,0.500,fame,renown
רמכה,ἵππος,0.500,mare,chariot
סוסה,ἵππος,0.500,mare,chariot
חתנה,ἐκδίδωμι,0.500,marriage,surrender
חתנה,γάμος,0.500,marriage,marry
אנס,ἀναγκάζω,0.500,compel,oblige
אנס,ἀνάγκη,0.500,compel,force
אחשתרן,βασιλικός,0.500,royal,kingly
אחשתרן,βασίλειος,0.500,royal,royal palace
מלצר,ἐπίτροπος,0.500,guardian,vicegerent
מלצר,φύλαξ,0.500,guardian,sentinel
יתיר,λίαν,0.500,excessive,excessive
יתיר,ἄγη,0.500,excessive,overmuch
רו,φαντασία,0.500,appearance,appearances presented
רו,ὄψις,0.500,appearance,presence
שק,κνήμη,0.500,leg,shank
שק,σκέλος,0.500,leg,leg
חיוה,ζῷον,0.500,animal,living creature
חיוה,θηρίον,0.500,animal,creature
גדבר,ταμίας,0.500,treasurer,dispenser
גזבר,ταμίας,0.500,treasurer,dispenser
כנת,ἑταῖρος,0.500,companion,friend
הדבר,ἑταῖρος,0.500,companion,friend
עויה,ἀδίκημα,0.500,iniquity,iniquity
עויה,ἀδικία,0.500,iniquity,iniquity
ארגון,πορφύρεος,0.500,purple,purple
ארגון,πορφύρα,0.500,purple,purple garment
כרז,ἀναγορεύω,0.500,proclaim,proclaim
כרז,κηρύσσω,0.500,proclaim,make proclamation
אימתני,σμερδαλέος,0.500,terrible,terrible
אימתני,δεινός,0.500,terrible,danger
סבר,μέλλω,0.500,intend,about
סבר,διανοέομαι,0.500,intend,conceive
מחלף,νόσημα,0.500,disease,pest
מחלף,νόσος,0.500,disease,plague
דכרן,γραμματεῖον,0.500,memorandum,tablet
דכרון,γραμματεῖον,0.500,memorandum,tablet
אשתדור,ἀφίστημι,0.500,revolt,revolted from
אשתדור,ἀπόστασις,0.500,revolt,defection
זהיר,εὐλαβέομαι,0.500,cautious,cautious
זהיר,εὐλαβής,0.500,cautious,cautious
חדת,καινός,0.500,new,new
חדת,νέος,0.500,new,young man
נבואה,θέσφατος,0.500,prophecy,prophecy
נבואה,προφητεία,0.500,prophecy,prophecy
גוף,κλείω,0.500,shut,close up
גוף,ἀποκλείω,0.500,shut,shut
רוח,πνεῦμα,0.333,wind,breath
רוח,ἄνεμος,0.333,wind,wind
רוח,ὅρος,0.333,wind,frontier
רפף,σείω,0.333,shake,shaken by
מעד,σείω,0.333,shake,shaken by
רחף,σείω,0.333,shake,shaken by
יום,ἡμέρα,0.333,day,day
יום,ἦμαρ,0.333,day,day
יום,ἥμερος,0.333,day,tame
בקר,ἠώς,0.333,morning,daybreak
בקר,πρωί,0.333,morning,morning
בקר,ἕωθεν,0.333,morning,at dawn
יבשת,χέρσος,0.333,dry land,dry land
גזרה,χέρσος,0.333,dry land,dry land
יבשה,χέρσος,0.333,dry land,dry land
אילן,δένδρον,0.333,tree,tree
עץ,δένδρον,0.333,tree,tree
תרזה,δένδρον,0.333,tree,tree
אדם,ἀνθρώπειος,0.333,"human, mankind",mutability
אדם,ἀνθρώπινος,0.333,"human, mankind",human
שרת,στρατεύω,0.333,serve,serve
עבד,στρατεύω,0.333,"work, serve",serve
סכן,στρατεύω,0.333,serve,serve
סלק,ἀναβαίνω,0.333,ascend,come forward
עלה,ἀναβαίνω,0.333,ascend,come forward
דלג,ἀναβαίνω,0.333,ascend,come forward
ראש,κράς,0.333,head,head
ראש,κεφαλή,0.333,head,head
ראש,κάρα,0.333,head,head
שמר,φυλάσσω,0.333,keep,preserve
שמר,σώζω,0.333,keep,escape
שמר,τηρέω,0.333,keep,maintain
בשר,κρέας,0.333,flesh,flesh
בשר,σάρξ,0.333,flesh,flesh
בשר,χρώς,0.333,flesh,flesh
תאנה,συκῆ,0.333,fig,fig
תאנה,ἰσχάς,0.333,fig,fig
תאנה,σῦκον,0.333,fig,fig
שמע,ἀκούω,0.333,hear,listen
שמע,πυνθάνομαι,0.333,hear,inform
שמע,κλύω,0.333,hear,hearken
יסף,προσγράφω,0.333,add,add
יסף,προσλαμβάνω,0.333,add,add
יסף,προστίθημι,0.333,add,add
בת,παῖς,0.333,daughter,daughter
בת,θυγάτηρ,0.333,daughter,daughter
בת,κόρη,0.333,daughter,maid
נחם,μετανοέω,0.333,"repent, console",they repented
נחם,μεταμέλει,0.333,"repent, console",regret
נחם,μετάνοια,0.333,"repent, console",repent
חוץ,ἔξωθεν,0.333,outside,external
חוץ,ἔξω,0.333,outside,external
חוץ,ἐκτός,0.333,outside,outside
צפור,οἰωνός,0.333,bird,augury
צפור,ὄρνεον,0.333,bird,bird
צפור,ὄρνις,0.333,bird,bird
כסף,ἀργύριον,0.333,silver,sum
כסף,ἀργύρεος,0.333,silver,pure silver
כסף,ἄργυρος,0.333,silver,silver
צפון,βορέας,0.333,north,boreas
צפון,βόρειος,0.333,north,north
צפון,ἄρκτος,0.333,north,north
מלך,ἄναξ,0.333,king,master
מלך,βασιλεύω,0.333,king,king
מלך,βασιλεύς,0.333,king,king
מדבר,ἐρῆμος,0.333,desert,empty
מדבר,ἐρημία,0.333,desert,isolation
מדבר,αὐτομολέω,0.333,desert,desert
חשב,ἕνεκα,0.333,account,because
חשב,λόγος,0.333,account,reason
חשב,διά,0.333,account,account
שיבה,τηλικοῦτος,0.333,<uncertain>,age
שיבה,ἡλικία,0.333,<uncertain>,youth
שיבה,γῆρας,0.333,<uncertain>,age
קיטור,καπνός,0.333,smoke,smoke
עשן,καπνός,0.333,smoke,smoke
קטר,καπνός,0.333,smoke,smoke
נור,πῦρ,0.333,fire,fire
אשא,πῦρ,0.333,fire,fire
אש,πῦρ,0.333,fire,fire
נכר,ξένος,0.333,foreigner,guest
נכר,βάρβαρος,0.333,foreigner,foreign
נכר,ἀλλόφυλος,0.333,foreigner,foreigner
תקיף,κρατερός,0.333,mighty,strong
עצום,κρατερός,0.333,mighty,strong
אדיר,κρατερός,0.333,mighty,strong
עורת,ἄτη,0.333,blindness,ruin
סנורים,ἄτη,0.333,blindness,ruin
עורון,ἄτη,0.333,blindness,ruin
קרוב,σχεδόν,0.333,near,near
קרוב,ἐγγύς,0.333,near,kin
קרוב,πλησίος,0.333,near,neighbors
מדחה,καταλύω,0.333,overthrow,dissolve
הפכה,καταλύω,0.333,overthrow,dissolve
מהפכה,καταλύω,0.333,overthrow,dissolve
מערה,ἄντρον,0.333,cave,grotto
מערה,σπήλαιον,0.333,cave,grotto
מערה,σπέος,0.333,cave,cave
אמנה,μέντοι,0.333,indeed,indeed
אמנה,δῆτα,0.333,indeed,indeed
אמנה,μάλα,0.333,indeed,indeed
בכה,κλαίω,0.333,weep,bewail
בכה,δακρύω,0.333,weep,shed tears
בכה,δάκρυον,0.333,weep,weep
נסה,ἐπιχειρέω,0.333,try,attack
נסה,πειράζω,0.333,try,endeavor
נסה,πειράω,0.333,try,experience
תער,μάχαιρα,0.333,knife,sabre
שכין,μάχαιρα,0.333,knife,sabre
מאכלת,μάχαιρα,0.333,knife,sabre
שר,ψέλιον,0.333,bracelet,bracelet
צמיד,ψέλιον,0.333,bracelet,bracelet
אצעדה,ψέλιον,0.333,bracelet,bracelet
שער,θρίξ,0.333,hair,hair
שער,κόμη,0.333,hair,lock
שער,χαίτη,0.333,hair,hair
מכר,ἀποδίδωμι,0.333,sell,return
מכר,πιπράσκω,0.333,sell,had sold
מכר,πωλέω,0.333,sell,for sale
עדר,μῆλον,0.333,flock,melos
עדר,πρόβατον,0.333,flock,cattle
עדר,ποίμνη,0.333,flock,flock
גד,οὐσία,0.333,fortune,wealth
גד,τύχη,0.333,fortune,misfortune
גד,δαίμων,0.333,fortune,fortune
יגיע,πονέω,0.333,toil,labour
יגיע,μόχθος,0.333,toil,toil
יגיע,πόνος,0.333,toil,exercise
עול,τροφός,0.333,nurse,nurse
עול,τρέφω,0.333,nurse,nurse
עול,μαῖον,0.333,nurse,nurse
אט,πρᾶος,0.333,gentle,gent
אט,ἀγανός,0.333,gentle,gentle
אט,μειλίχιος,0.333,gentle,gentle
מצבת,σηκός,0.333,stump,pen
קצפה,σηκός,0.333,stump,pen
גזע,σηκός,0.333,stump,pen
מפל,ἐθέλω,0.333,refuse,ready
מאן,ἐθέλω,0.333,refuse,ready
סחי,ἐθέλω,0.333,refuse,ready
מעה,σῖτος,0.333,grain,meat
בר,σῖτος,0.333,grain,meat
שבלת,σῖτος,0.333,grain,meat
צורנים,ὅρμος,0.333,necklace,anchorage
רביד,ὅρμος,0.333,necklace,anchorage
המניך,ὅρμος,0.333,necklace,anchorage
צרור,θύλακος,0.333,bag,bag
ילקוט,θύλακος,0.333,bag,bag
כיס,θύλακος,0.333,bag,bag
תבואה,εἴκω,0.333,yield,yield
תבואה,ἐνδίδωμι,0.333,yield,yield
תבואה,παραχωρέω,0.333,yield,yield
רצון,ἡδονή,0.333,pleasure,joy
רצון,ἡδύς,0.333,pleasure,should like
רצון,χαίρω,0.333,pleasure,pleasure
חוף,θίς,0.333,shore,shore
חוף,ἀκτή,0.333,shore,headland
חוף,αἰγιαλός,0.333,shore,shore
שקק,ὁρμάω,0.333,rush,start
סוף,ὁρμάω,0.333,rush,start
אגמון,ὁρμάω,0.333,rush,start
מרץ,βλάπτω,0.333,hurt,injury
נגף,βλάπτω,0.333,hurt,injury
מאר,βλάπτω,0.333,hurt,injury
אבד,διαφθείρω,0.333,perish,ruin
אבד,ἀπόλλυμι,0.333,perish,die
אבד,ὄλλυμι,0.333,perish,ruin
מחצה,ἥμισυς,0.333,half,one - half
חצי,ἥμισυς,0.333,half,one - half
מחצית,ἥμισυς,0.333,half,one - half
חפשי,ἐλευθερόω,0.333,free,free
חפשי,ἐλεύθερος,0.333,free,liberty
חפשי,λύω,0.333,free,free
יעד,τάσσω,0.333,appoint,assign
יעד,καθίστημι,0.333,appoint,appoint
יעד,ἀποδείκνυμι,0.333,appoint,show
ענש,ζημιόω,0.333,fine,fine
ענש,ζημία,0.333,fine,punishment
ענש,καλός,0.333,fine,proper
טפח,σπιθαμή,0.333,span,span
טפחה,σπιθαμή,0.333,span,span
זרת,σπιθαμή,0.333,span,span
כרכב,ἄντυξ,0.333,rim,rim
כרכב,χεῖλος,0.333,rim,rim
כרכב,ἴτυς,0.333,rim,rim
מערכת,ἐλαύνω,0.333,row,march
טור,ἐλαύνω,0.333,row,march
מערכה,ἐλαύνω,0.333,row,march
כליל,ὅλος,0.333,entire,general
כליל,παντελής,0.333,entire,entire
כליל,παντάπασι,0.333,entire,entire
עשיר,πλουτέω,0.333,rich,being wealthy
עשיר,πλούσιος,0.333,rich,rich men
עשיר,εὔπορος,0.333,rich,rich
סלח,ἀφίημι,0.333,forgive,leave
סלח,συγγνώμη,0.333,forgive,forgive
סלח,συγγιγνώσκω,0.333,forgive,pardon
מרק,εὔξοος,0.333,polish,polish
מרק,ξεστός,0.333,polish,drew up polished
מרק,εὔξεστος,0.333,polish,polish
תחמס,γλαύξ,0.333,owl,owl
ינשוף,γλαύξ,0.333,owl,owl
תנשמת,γλαύξ,0.333,owl,owl
חפשה,παρρησία,0.333,freedom,freedom
חפשה,ἐλευθερία,0.333,freedom,liberty
חפשה,ἐλεύθερος,0.333,freedom,liberty
מנוסה,φεύγω,0.333,flight,fly
מנוסה,φυγή,0.333,flight,exile
מנוסה,τρέπω,0.333,flight,flight
קנאה,ζηλοτυπία,0.333,jealousy,jealousy
קנאה,φθόνος,0.333,jealousy,jealous
קנאה,ζῆλος,0.333,jealousy,jealousy
נוא,ἀπαγορεύω,0.333,forbid,forbade
נוא,ἀπεῖπον,0.333,forbid,forbid
נוא,κωλύω,0.333,forbid,stop
נקמה,τιμωρία,0.333,vengeance,punish
נקמה,τίνω,0.333,vengeance,pay
נקמה,ἀμύνω,0.333,vengeance,vengeance
מסר,τάσσω,0.333,assign,assign
מסר,ἀποδίδωμι,0.333,assign,return
מסר,προστάσσω,0.333,assign,direct
חנך,ἀνάκειμαι,0.333,dedicate,dedicate
חנך,ἀνατίθημι,0.333,dedicate,dedicated by
חנך,ἀνάθημα,0.333,dedicate,dedication
משאה,δανείζω,0.333,lifting up,lent money
משאה,δάνεισμα,0.333,lifting up,loan
משאה,δάνειον,0.333,lifting up,loan
חפף,στέγη,0.333,shelter,shelter
מסתור,στέγη,0.333,shelter,shelter
טלל,στέγη,0.333,shelter,shelter
גדיה,χῶμα,0.333,bank,mole
גדיה,ὄχθη,0.333,bank,bluff
גדיה,τράπεζα,0.333,bank,bank
נפה,ζυγός,0.333,yoke,balance
נפה,ζεύγνυμι,0.333,yoke,yoke
נפה,ζεῦγος,0.333,yoke,yoke
פטיש,σφῦρα,0.333,hammer,hammer
הלמות,σφῦρα,0.333,hammer,hammer
מקבת,σφῦρα,0.333,hammer,hammer
חנית,δόρυ,0.333,spear,spear
חנית,λόγχη,0.333,spear,spear
חנית,ἔγχος,0.333,spear,spear
נצח,κῦδος,0.333,glory,win glory
נצח,δόξα,0.333,glory,renown
נצח,κλέος,0.333,glory,renown
כרר,ὀρχέομαι,0.333,dance,dance
כרר,χορός,0.333,dance,dance
כרר,χορεύω,0.333,dance,dance
חיצון,ἔξω,0.333,external,external
חיצון,ἔξωθεν,0.333,external,external
חיצון,ἐκτός,0.333,external,outside
קו,τάξις,0.333,line,company
קו,φάλαγξ,0.333,line,line
קו,γραμμή,0.333,line,line
רמס,πατέω,0.333,trample,trample
לבט,πατέω,0.333,trample,trample
מדשה,πατέω,0.333,trample,trample
לדה,γένεσις,0.333,birth,birth
לדה,τίκτω,0.333,birth,birth
לדה,γένος,0.333,birth,nation
צמה,καταπέτασμα,0.333,veil,veil
חביון,καταπέτασμα,0.333,veil,veil
רעלה,καταπέτασμα,0.333,veil,veil
שואה,κακός,0.333,trouble,wrong
שואה,πόνος,0.333,trouble,exercise
שואה,πρᾶγμα,0.333,trouble,case
מהיר,τάχος,0.333,quick,speedy
מהיר,ὦκα,0.333,quick,quick
מהיר,ταχύς,0.333,quick,rapid
כנה,τίω,0.333,honour,honour
כנה,τιμάω,0.333,honour,value
כנה,τιμή,0.333,honour,honour
שבל,παιδεύω,0.333,train,teach
שבל,ἀσκέω,0.333,train,train
שבל,γυμνάζω,0.333,train,train
מועצה,συμβουλεύω,0.333,counsel,give advice
מועצה,βουλή,0.333,counsel,gentleman
מועצה,βουλεύω,0.333,counsel,plot
נהי,οἰμωγή,0.333,lamentation,groanings
נהי,γόος,0.333,lamentation,lamentation
נהי,θρῆνος,0.333,lamentation,lamentation
חנינה,εὔνοια,0.333,kindness,favor
חנינה,φιλανθρωπία,0.333,kindness,generosity
חנינה,εὐεργεσία,0.333,kindness,service
תימרה,κέρας,0.333,column,column
תימרה,ὄρθιος,0.333,column,column
תימרה,κίων,0.333,column,column
בוקר,νομεύς,0.333,herdsman,apportioner
בוקר,βουκόλος,0.333,herdsman,stockman
בוקר,βοτήρ,0.333,herdsman,herdsman
ספינה,ναῦς,0.333,vessel,vessel
ספינה,σκεῦος,0.333,vessel,implement
ספינה,πλοῖον,0.333,vessel,ship
קיקלון,αἰσχρός,0.333,disgrace,disgraceful
קיקלון,καταισχύνω,0.333,disgrace,disgrace
קיקלון,ὄνειδος,0.333,disgrace,scandal
כושרה,ὄλβος,0.333,prosperity,[ olbos ]
כושרה,εὐτυχία,0.333,prosperity,success
כושרה,εὐδαιμονία,0.333,prosperity,prosperity
יאב,μακρός,0.333,long,by far
יאב,χρόνος,0.333,long,long
יאב,πολύς,0.333,long,great
עגן,ἀποχωρέω,0.333,withdraw,withdraw
עגן,ἀναχωρέω,0.333,withdraw,return
עגן,ἀπάγω,0.333,withdraw,withdraw
כשר,διάδοχος,0.333,succeed,succeed
כשר,διαδέχομαι,0.333,succeed,succeed
כשר,κατορθόω,0.333,succeed,succeed
נוץ,ἀπαλλάσσω,0.333,depart,depart
נוץ,ἀπέρχομαι,0.333,depart,depart
נוץ,ἄπειμι,0.333,depart,went away
בירה,πτολίεθρον,0.333,citadel,citadel
בירה,ἄκρος,0.333,citadel,height
בירה,ἀκρόπολις,0.333,citadel,citadel
הנחה,ἀφίημι,0.333,release,leave
הנחה,ἀπολύω,0.333,release,acquit
הנחה,λύω,0.333,release,free
זבן,ἀγοράζω,0.333,buy,buy
זבן,ὠνέομαι,0.333,buy,purchase
זבן,πρίαμαι,0.333,buy,buy
אחרן,ἄλλος,0.333,another,another
אחרן,ἕτερος,0.333,another,one
אחרן,ἀλλήλων,0.333,another,another
כנש,συνέρχομαι,0.333,assemble,assemble
כנש,ἀθροίζω,0.333,assemble,assemble
כנש,συλλέγω,0.333,assemble,muster
יזב,διασῴζω,0.333,save,save
יזב,σωτηρία,0.333,save,save
יזב,σώζω,0.333,save,escape
חבולה,ἀδικέω,0.333,harm,harm
חבולה,κακός,0.333,harm,wrong
חבולה,βλάπτω,0.333,harm,injury
באיש,πονηρός,0.333,bad,evil
באיש,κακός,0.333,bad,wrong
באיש,φαῦλος,0.333,bad,inferior
שב,πρέσβυς,0.333,elder,old man
שב,γεραιός,0.333,elder,elder
שב,γέρων,0.333,elder,elder
דבח,θῦμα,0.333,sacrifice,sacrifice
דבח,θυσία,0.333,sacrifice,sacrifice
דבח,θύω,0.333,sacrifice,sacrifice
רחיק,μέχρι,0.333,far,far
רחיק,πρόσω,0.333,far,distance
רחיק,πολύς,0.333,far,great
קרא,λέγω,0.250,call,call
קרא,προσαγορεύω,0.250,call,call
קרא,καλέω,0.250,call,name
קרא,ὀνομάζω,0.250,call,call
אחד,εἷς,0.250,one,single
אחד,τις,0.250,one,man
אחד,ἕτερος,0.250,one,one
אחד,ἕκαστος,0.250,one,one
שני,ἔπειτα,0.250,second,next
שני,δεύτερος,0.250,second,next
משנה,ἔπειτα,0.250,second,next
משנה,δεύτερος,0.250,second,next
ים,θάλασσα,0.250,sea,coast
ים,πόντος,0.250,sea,deep
ים,πέλαγος,0.250,sea,sea
ים,ἅλς,0.250,sea,sea
מופת,σημεῖον,0.250,sign,evidence
מופת,σῆμα,0.250,sign,sign
אות,σημεῖον,0.250,sign,evidence
אות,σῆμα,0.250,sign,sign
שנים,δύο,0.250,two,two
שנים,ἀμφότερος,0.250,two,two
תרין,δύο,0.250,two,two
תרין,ἀμφότερος,0.250,two,two
כל,ὅλος,0.250,whole,general
כל,ἅπας,0.250,whole,everything
כל,πᾶς,0.250,whole,whole
כל,σύμπας,0.250,whole,total
הנה,εἶδον,0.250,behold,behold
הא,εἶδον,0.250,behold,behold
הן,εἶδον,0.250,behold,behold
ארו,εἶδον,0.250,behold,behold
צבא,εὐεργεσία,0.250,service,service
צבא,χρήσιμος,0.250,service,service
פלחן,εὐεργεσία,0.250,service,service
פלחן,χρήσιμος,0.250,service,service
צוה,κελεύω,0.250,command,urge
צוה,ἡγεμονία,0.250,command,command
צוה,ἄρχω,0.250,command,office
צוה,προστάσσω,0.250,command,direct
לחך,ἐσθίω,0.250,eat,eat
לחך,φαγεῖν,0.250,eat,eat
אכל,ἐσθίω,0.250,eat,eat
אכל,φαγεῖν,0.250,eat,eat
מות,ἀπόλλυμι,0.250,die,die
מות,τελευτάω,0.250,die,death
מות,ἀποθνήσκω,0.250,die,dead
מות,θνήσκω,0.250,die,slay
צלע,πλευρά,0.250,side,flank
שטר,πλευρά,0.250,side,flank
עמה,πλευρά,0.250,side,flank
צד,πλευρά,0.250,side,flank
סלל,οἰκοδομέω,0.250,build,build
סלל,κατασκευάζω,0.250,build,construct
בנה,οἰκοδομέω,0.250,build,build
בנה,κατασκευάζω,0.250,build,construct
רגל,πεζός,0.250,foot,land
רגל,πούς,0.250,foot,foot
פעם,πεζός,0.250,foot,land
פעם,πούς,0.250,foot,foot
נחש,ὄφις,0.250,serpent,serpent
נחש,δράκων,0.250,serpent,snake
צפע,ὄφις,0.250,serpent,serpent
צפע,δράκων,0.250,serpent,snake
עין,βλέφαρον,0.250,eye,eye
עין,ὄσσα,0.250,eye,eye
עין,ὄμμα,0.250,eye,face
עין,ὀφθαλμός,0.250,eye,mine eyes
עמד,τάξις,0.250,company,company
עמד,λόχος,0.250,company,battalion
חברה,τάξις,0.250,company,company
חברה,λόχος,0.250,company,battalion
חרב,ξιφίδιον,0.250,dagger,dagger
חרב,ἐγχειρίδιος,0.250,dagger,armed daggers
פתיחה,ξιφίδιον,0.250,dagger,dagger
פתיחה,ἐγχειρίδιος,0.250,dagger,armed daggers
אשפה,φαρέτρα,0.250,quiver,quiver
רעל,φαρέτρα,0.250,quiver,quiver
נוע,φαρέτρα,0.250,quiver,quiver
ירע,φαρέτρα,0.250,quiver,quiver
חליל,αὐλός,0.250,flute,flute
חליל,αὐλέω,0.250,flute,flute
עוגב,αὐλός,0.250,flute,flute
עוגב,αὐλέω,0.250,flute,flute
חמס,βία,0.250,violence,strength
חמס,βίαιος,0.250,violence,by violence
חמס,βιάζω,0.250,violence,by force
חמס,ὕβρις,0.250,violence,insolent
בית,δῶμα,0.250,house,home
בית,δόμος,0.250,house,hall
בית,οἶκος,0.250,house,household
בית,οἰκία,0.250,house,home
תור,πελειάς,0.250,dove,dove
תור,πέλεια,0.250,dove,dove
יונה,πελειάς,0.250,dove,dove
יונה,πέλεια,0.250,dove,dove
דבר,λέγω,0.250,speak,call
דבר,εἶπον,0.250,speak,reply
דבר,λαλέω,0.250,speak,speak
דבר,ἐρῶ,0.250,speak,speak
בעה,πυνθάνομαι,0.250,inquire,inform
בעה,ζητέω,0.250,inquire,investigate
דרש,πυνθάνομαι,0.250,inquire,inform
דרש,ζητέω,0.250,inquire,investigate
שפך,χέω,0.250,pour,pour
נתך,χέω,0.250,pour,pour
יצק,χέω,0.250,pour,pour
נסך,χέω,0.250,pour,pour
ענן,νεφέλη,0.250,cloud,cloud
ענן,νέφος,0.250,cloud,thick cloud
עב,νεφέλη,0.250,cloud,cloud
עב,νέφος,0.250,cloud,thick cloud
גורל,κλῆρος,0.250,lot,by lot
גורל,λαγχάνω,0.250,lot,allot
לוט,κλῆρος,0.250,Lot,by lot
לוט,λαγχάνω,0.250,Lot,allot
רעב,λιμός,0.250,hunger,starve
רעב,πεινάω,0.250,hunger,hunger
רעבון,λιμός,0.250,hunger,starve
רעבון,πεινάω,0.250,hunger,hunger
יחדו,συνάγω,0.250,together,collect
יחדו,ἅμα,0.250,together,together
יחדו,σύν,0.250,together,together
יחדו,ἀθρόος,0.250,together,together
מריבה,ἔχθρη,0.250,quarrel,quarrel
מריבה,διαφορά,0.250,quarrel,disagreement
מריבה,διαφέρω,0.250,quarrel,quarrel
מריבה,νεῖκος,0.250,quarrel,quarrel
מלחמה,πόλεμος,0.250,war,battle
מלחמה,πολεμέω,0.250,war,wage
מלחמת,πόλεμος,0.250,war,battle
מלחמת,πολεμέω,0.250,war,wage
בלעדי,δίχα,0.250,without,without
בלעדי,χωρίς,0.250,without,except
בלעדי,ἄνευ,0.250,without,apart from
בלעדי,μηδείς,0.250,without,without
עויל,παῖς,0.250,boy,daughter
עויל,μειράκιον,0.250,boy,young men
נער,παῖς,0.250,boy,daughter
נער,μειράκιον,0.250,boy,young men
חזון,ὄψις,0.250,vision,presence
חזיון,ὄψις,0.250,vision,presence
מחזה,ὄψις,0.250,vision,presence
חזות,ὄψις,0.250,vision,presence
שעירה,αἴξ,0.250,goat,at aegospotami
גדי,αἴξ,0.250,goat,at aegospotami
יעלה,αἴξ,0.250,goat,at aegospotami
עז,αἴξ,0.250,goat,at aegospotami
פגר,νεκρός,0.250,corpse,dead body
פגר,νέκυς,0.250,corpse,dead
גופה,νεκρός,0.250,corpse,dead body
גופה,νέκυς,0.250,corpse,dead
נצב,ἵστημι,0.250,stand,set up
נצב,ἐφίστημι,0.250,stand,aware
יצב,ἵστημι,0.250,stand,set up
יצב,ἐφίστημι,0.250,stand,aware
כבס,νίζω,0.250,wash,wash hands
כבס,λούω,0.250,wash,wash
רחץ,νίζω,0.250,wash,wash hands
רחץ,λούω,0.250,wash,wash
מאפה,μᾶζα,0.250,cake,cake
מאפה,πλακοῦς,0.250,cake,cake
עגה,μᾶζα,0.250,cake,cake
עגה,πλακοῦς,0.250,cake,cake
זקן,πρέσβυς,0.250,old,old man
זקן,ἀρχαῖος,0.250,old,original
זקן,παλαιός,0.250,old,early times
זקן,γέρων,0.250,old,elder
עתר,ἱκετεύω,0.250,entreat,supplicate
עתר,παρακαλέω,0.250,entreat,urge
פצר,ἱκετεύω,0.250,entreat,supplicate
פצר,παρακαλέω,0.250,entreat,urge
דלת,θύρα,0.250,door,gate
דלת,πύλη,0.250,door,door
תרע,θύρα,0.250,door,gate
תרע,πύλη,0.250,door,door
שפרפר,ἠώς,0.250,dawn,daybreak
שפרפר,ἠριγένεια,0.250,dawn,dawn
שחר,ἠώς,0.250,dawn,daybreak
שחר,ἠριγένεια,0.250,dawn,dawn
מחרת,ὑστεραῖος,0.250,next day,morrow
מחרת,ἐπαυρέω,0.250,next day,next day
מחר,ὑστεραῖος,0.250,next day,morrow
מחר,ἐπαυρέω,0.250,next day,next day
חלם,ὄνειρος,0.250,dream,dream
חלם,ὄναρ,0.250,dream,dream
חלום,ὄνειρος,0.250,dream,dream
חלום,ὄναρ,0.250,dream,dream
גהה,ἰάομαι,0.250,heal,would heal
גהה,θεραπεύω,0.250,heal,cure
רפא,ἰάομαι,0.250,heal,would heal
רפא,θεραπεύω,0.250,heal,cure
ילדה,παρθένος,0.250,girl,maid
ילדה,κόρη,0.250,girl,maid
נערה,παρθένος,0.250,girl,maid
נערה,κόρη,0.250,girl,maid
שנא,ἐχθαίρω,0.250,sleep,hate
שנא,στυγέω,0.250,sleep,loathe
שנא,μῖσος,0.250,sleep,hate
שנא,μισέω,0.250,sleep,dislike
חצר,δικαστήριον,0.250,court,tribunal
חצר,αὐλή,0.250,court,courtyard
פרבר,δικαστήριον,0.250,court,tribunal
פרבר,αὐλή,0.250,court,courtyard
לעג,ἐμπαίζω,0.250,mock,mock
התל,ἐμπαίζω,0.250,mock,mock
תלל,ἐμπαίζω,0.250,mock,mock
תעע,ἐμπαίζω,0.250,mock,mock
מרמה,ἀπάτη,0.250,deceit,deception
מרמה,δόλος,0.250,deceit,deceit
מהתלות,ἀπάτη,0.250,deceit,deception
מהתלות,δόλος,0.250,deceit,deceit
חטה,πυρός,0.250,wheat,trough
חטה,σῖτος,0.250,wheat,meat
חנטה,πυρός,0.250,wheat,trough
חנטה,σῖτος,0.250,wheat,meat
נכרי,ξένος,0.250,foreign,guest
נכרי,βάρβαρος,0.250,foreign,foreign
נכרי,ἀλλότριος,0.250,foreign,belong
נכרי,ξενικός,0.250,foreign,mercenary force
פשע,ἀπόστασις,0.250,step,defection
מרדות,ἀπόστασις,0.250,rebellion,defection
מרי,ἀπόστασις,0.250,rebellion,defection
סרה,ἀπόστασις,0.250,rebellion,defection
שריר,νεῦρον,0.250,sinew,nerve
שריר,τένων,0.250,sinew,sinew
גיד,νεῦρον,0.250,sinew,nerve
גיד,τένων,0.250,sinew,sinew
שסה,λάφυρα,0.250,spoil,spoils taken
שסה,σκῦλον,0.250,spoil,spoil
בזז,λάφυρα,0.250,spoil,spoils taken
בזז,σκῦλον,0.250,spoil,spoil
מנין,πλῆθος,0.250,number,people
מנין,ἀριθμός,0.250,number,in number
מספר,πλῆθος,0.250,number,people
מספר,ἀριθμός,0.250,number,in number
דמעה,δάκρυον,0.250,tear,weep
נסח,δάκρυον,0.250,tear,weep
נתס,δάκρυον,0.250,tear,weep
קרע,δάκρυον,0.250,tear,weep
שק,πορθέω,0.250,leg,laid waste
שק,πέρθω,0.250,leg,sack
אמתחת,πορθέω,0.250,sack,laid waste
אמתחת,πέρθω,0.250,sack,sack
שרביט,βακτηρία,0.250,staff,staff
שרביט,σκῆπτρον,0.250,staff,staff
מטה,βακτηρία,0.250,staff,staff
מטה,σκῆπτρον,0.250,staff,staff
סהר,δεσμωτήριον,0.250,prison,jail
סהר,φυλακή,0.250,prison,watch
כלוא,δεσμωτήριον,0.250,prison,jail
כלוא,φυλακή,0.250,prison,watch
טנא,κάνεον,0.250,basket,basket
סל,κάνεον,0.250,basket,basket
כלוב,κάνεον,0.250,basket,basket
אגרטל,κάνεον,0.250,basket,basket
עמל,πονέω,0.250,labour,labour
עמל,πόνος,0.250,labour,exercise
יגב,πονέω,0.250,labour,labour
יגב,πόνος,0.250,labour,exercise
משגה,ἐξαμαρτάνω,0.250,mistake,offence
משגה,ἁμαρτία,0.250,mistake,mistake
משגה,ἁμάρτημα,0.250,mistake,blunder
משגה,ἁμαρτάνω,0.250,mistake,fault
נכת,κτῆμα,0.250,treasure,treasure
נכת,θησαυρός,0.250,treasure,treasure
מטמן,κτῆμα,0.250,treasure,treasure
מטמן,θησαυρός,0.250,treasure,treasure
חדר,μέγαρον,0.250,room,room
חדר,οἴκημα,0.250,room,room
חנות,μέγαρον,0.250,room,room
חנות,οἴκημα,0.250,room,room
חוס,οἰκτείρω,0.250,pity,sorry for
חוס,οἶκτος,0.250,pity,compassion
חוס,ἐλεέω,0.250,pity,compassion
חוס,ἔλεος,0.250,pity,commiseration
גויה,σωμάτιον,0.250,body,body
גויה,σῶμα,0.250,body,person
גף,σωμάτιον,0.250,body,body
גף,σῶμα,0.250,body,person
חק,μοῖρα,0.250,portion,part
חק,μέρος,0.250,portion,turn
מנת,μοῖρα,0.250,portion,part
מנת,μέρος,0.250,portion,turn
לבא,λέων,0.250,lion,like lion
ארי,λέων,0.250,lion,like lion
אריה,λέων,0.250,lion,like lion
לביא,λέων,0.250,lion,like lion
שפיפן,ὄφις,0.250,snake,serpent
שפיפן,δράκων,0.250,snake,snake
אפעה,ὄφις,0.250,snake,serpent
אפעה,δράκων,0.250,snake,snake
גבעה,λόφος,0.250,hill,plume
גבעה,ὄρος,0.250,hill,hill
נפת,λόφος,0.250,hill,plume
נפת,ὄρος,0.250,hill,hill
צוף,ῥέω,0.250,flow,which flows
נזל,ῥέω,0.250,flow,which flows
זוב,ῥέω,0.250,flow,which flows
דבב,ῥέω,0.250,flow,which flows
שטר,ἐγγράφω,0.250,side,inscribed on
שטר,ἀπογράφω,0.250,side,register
יחש,ἐγγράφω,0.250,register,inscribed on
יחש,ἀπογράφω,0.250,register,register
צלי,ὀπτάω,0.250,roast,bake
צלי,ὀπτός,0.250,roast,roast
קלה,ὀπτάω,0.250,roast,bake
קלה,ὀπτός,0.250,roast,roast
מפלצת,εἴδωλον,0.250,idol,ghost
שקוץ,εἴδωλον,0.250,idol,ghost
פסל,εἴδωλον,0.250,idol,ghost
פסיל,εἴδωλον,0.250,idol,ghost
שאת,ἐρημία,0.250,desolation,isolation
שאיה,ἐρημία,0.250,desolation,isolation
שממה,ἐρημία,0.250,desolation,isolation
משואה,ἐρημία,0.250,desolation,isolation
תרומה,εἰσφέρω,0.250,contribution,contribution
תרומה,ἔρανος,0.250,contribution,contribution
תרומיה,εἰσφέρω,0.250,contribution,contribution
תרומיה,ἔρανος,0.250,contribution,contribution
ניחוח,ὀργίζω,0.250,incense,incense
ניחוח,θυμίαμα,0.250,incense,incense
שחלת,ὀργίζω,0.250,incense,incense
שחלת,θυμίαμα,0.250,incense,incense
משטר,σύγγραμμα,0.250,writing,composition
משטר,γράμμα,0.250,writing,book
מכתב,σύγγραμμα,0.250,writing,composition
מכתב,γράμμα,0.250,writing,book
נצר,φυλακή,0.250,watch,watch
נצר,φυλάσσω,0.250,watch,preserve
רצד,φυλακή,0.250,watch,watch
רצד,φυλάσσω,0.250,watch,preserve
מיתר,χορδή,0.250,string,string
מיתר,ἐντανύω,0.250,string,string
מיתר,νευρή,0.250,string,neuri
מיתר,τανύω,0.250,string,string
חרש,πηλός,0.250,clay,clay
טיט,πηλός,0.250,clay,clay
טין,πηλός,0.250,clay,clay
חסף,πηλός,0.250,clay,clay
תנואה,ἐναντιόομαι,0.250,opposition,opposition
תנואה,ἀντιλέγω,0.250,opposition,oppose
קרי,ἐναντιόομαι,0.250,opposition,opposition
קרי,ἀντιλέγω,0.250,opposition,oppose
צנוע,ταπεινός,0.250,humble,low
צנוע,ταπεινόω,0.250,humble,humble
ענו,ταπεινός,0.250,humble,low
ענו,ταπεινόω,0.250,humble,humble
חידה,αἰνίσσομαι,0.250,riddle,riddle
חידה,αἴνιγμα,0.250,riddle,riddle
אחידה,αἰνίσσομαι,0.250,riddle,riddle
אחידה,αἴνιγμα,0.250,riddle,riddle
מבטא,ὑπόσχεσις,0.250,promise,promise
מבטא,ὑπισχνέομαι,0.250,promise,promise
מבטא,ἐπαγγέλλω,0.250,promise,promise
מבטא,ἐπαγγελία,0.250,promise,promise
שדד,ἕλκω,0.250,draw,draw
שדד,ἐρύω,0.250,draw,drew forth
תאה,ἕλκω,0.250,draw,draw
תאה,ἐρύω,0.250,draw,drew forth
מחסה,καταφεύγω,0.250,refuge,refuge
חסות,καταφεύγω,0.250,refuge,refuge
מנוס,καταφεύγω,0.250,refuge,refuge
מקלט,καταφεύγω,0.250,refuge,refuge
שנאה,ἔχθρη,0.250,hatred,quarrel
שנאה,μῖσος,0.250,hatred,hate
שנאה,ἔχθος,0.250,hatred,hatred
שנאה,μισέω,0.250,hatred,dislike
גז,χόρτος,0.250,grass,grass
גז,πόα,0.250,grass,grass
עמיר,χόρτος,0.250,grass,grass
עמיר,πόα,0.250,grass,grass
קרדם,πέλεκυς,0.250,axe,double axes
כשיל,πέλεκυς,0.250,axe,double axes
גרזן,πέλεκυς,0.250,axe,double axes
מגזרה,πέλεκυς,0.250,axe,double axes
משמרה,ὄνυξ,0.250,nail,its talons
טפר,ὄνυξ,0.250,nail,its talons
צפרן,ὄνυξ,0.250,nail,its talons
מסמר,ὄνυξ,0.250,nail,its talons
תחנה,ἱκέσιος,0.250,supplication,supplication
תחנה,ἱκετεία,0.250,supplication,supplication
תחנון,ἱκέσιος,0.250,supplication,supplication
תחנון,ἱκετεία,0.250,supplication,supplication
בקשה,δέω,0.250,request,ask
בעו,δέω,0.250,request,ask
שאלה,δέω,0.250,request,ask
משאלה,δέω,0.250,request,ask
אסור,πέδη,0.250,fetter,fetter
כבל,πέδη,0.250,fetter,fetter
חרצב,πέδη,0.250,fetter,fetter
עכס,πέδη,0.250,fetter,fetter
כתר,κυκλόω,0.250,surround,surround
כתר,κύκλος,0.250,surround,surround
עטר,κυκλόω,0.250,surround,surround
עטר,κύκλος,0.250,surround,surround
קובע,κυνέα,0.250,helmet,helmet
קובע,κράνος,0.250,helmet,helmet
כובע,κυνέα,0.250,helmet,helmet
כובע,κράνος,0.250,helmet,helmet
צנה,ἀσπίς,0.250,shield,buckler
צנה,σάκος,0.250,shield,shield
שלט,ἀσπίς,0.250,shield,buckler
שלט,σάκος,0.250,shield,shield
תו,σκοπός,0.250,mark,scout
תו,σημεῖον,0.250,mark,evidence
תוה,σκοπός,0.250,mark,scout
תוה,σημεῖον,0.250,mark,evidence
מצודה,τείχισμα,0.250,fortification,fortification
מצודה,ἔρυμα,0.250,fortification,stronghold
מצורה,τείχισμα,0.250,fortification,fortification
מצורה,ἔρυμα,0.250,fortification,stronghold
עטרה,στέφανος,0.250,wreath,wreath
לויה,στέφανος,0.250,wreath,wreath
ליה,στέφανος,0.250,wreath,wreath
עטרת,στέφανος,0.250,wreath,wreath
מדחפה,ὠθέω,0.250,thrust,push
מדחפה,οὐτάζω,0.250,thrust,thrust
דחח,ὠθέω,0.250,thrust,push
דחח,οὐτάζω,0.250,thrust,thrust
מטפחת,φᾶρος,0.250,cloak,cloak
מטפחת,χλαῖνα,0.250,cloak,cloak
מטפחת,ἱμάτιον,0.250,cloak,coat
מטפחת,τρίβων,0.250,cloak,cloak
תנומה,εὕδω,0.250,slumber,slumber
תנומה,ὕπνον,0.250,slumber,slumber
נום,εὕδω,0.250,slumber,slumber
נום,ὕπνον,0.250,slumber,slumber
צח,δῆλος,0.250,clear,plain
צח,φανερός,0.250,clear,obvious
צח,σαφής,0.250,clear,clear
צח,φαίνω,0.250,clear,prove
אויל,ἠλίθιος,0.250,foolish,foolish
אויל,ἄφρων,0.250,foolish,fool
אויל,μωρός,0.250,foolish,foolish
אויל,ἀνόητος,0.250,foolish,thoughtless
מבוכה,ταραχή,0.250,confusion,disorder
מבוכה,σύγχυσις,0.250,confusion,confusion
תועה,ταραχή,0.250,confusion,disorder
תועה,σύγχυσις,0.250,confusion,confusion
כלמה,ὑβρίζω,0.250,insult,insolence
כלמה,ὕβρις,0.250,insult,insolent
כלמות,ὑβρίζω,0.250,insult,insolence
כלמות,ὕβρις,0.250,insult,insolent
משוט,κώπη,0.250,oar,hilt
משוט,ἐρετμόν,0.250,oar,oar
שיט,κώπη,0.250,oar,hilt
שיט,ἐρετμόν,0.250,oar,oar
מפץ,ξύλον,0.250,club,stick
מפץ,ῥόπαλον,0.250,club,club
תותח,ξύλον,0.250,club,stick
תותח,ῥόπαλον,0.250,club,club
גנזך,δημόσιος,0.250,treasury,treasury
גנזך,θησαυρός,0.250,treasury,treasure
גנז,δημόσιος,0.250,treasury,treasury
גנז,θησαυρός,0.250,treasury,treasure
שגל,ἄνασσα,0.250,queen,queen
שגל,δέσποινα,0.250,queen,queen
שגל,βασιλεία,0.250,queen,royalty
שגל,βασίλεια,0.250,queen,royal palace
בטחות,σωτηρία,0.250,safety,save
בטחות,ἀσφαλής,0.250,safety,security
בטחות,σώζω,0.250,safety,escape
בטחות,ἀσφάλεια,0.250,safety,safety
רבד,ἑτοῖμος,0.250,prepare,prepare
רבד,παρασκευάζω,0.250,prepare,prepared for
עתד,ἑτοῖμος,0.250,prepare,prepare
עתד,παρασκευάζω,0.250,prepare,prepared for
בוזה,καταφρόνησις,0.250,contempt,contempt
בוזה,καταφρονέω,0.250,contempt,scorn
בזיון,καταφρόνησις,0.250,contempt,contempt
בזיון,καταφρονέω,0.250,contempt,scorn
פרשגן,ἀντίγραφος,0.250,copy,copy
פרשגן,μιμέομαι,0.250,copy,represent
פתשגן,ἀντίγραφος,0.250,copy,copy
פתשגן,μιμέομαι,0.250,copy,represent
לחנה,ἀμφίπολος,0.250,maid,handmaidens
לחנה,παρθένος,0.250,maid,maid
לחנה,δμωή,0.250,maid,maid
לחנה,κόρη,0.250,maid,maid
ממשל,ἡγεμονία,0.200,dominion,command
ממשלת,ἡγεμονία,0.200,dominion,command
משרה,ἡγεμονία,0.200,dominion,command
שלטן,ἡγεμονία,0.200,dominion,command
ממשלה,ἡγεμονία,0.200,dominion,command
קטן,ἐλάχιστος,0.200,small,small
קטן,βραχύς,0.200,small,small
קטן,ὀλίγος,0.200,small,almost
קטן,ἐλάσσων,0.200,small,inferior
קטן,μικρός,0.200,small,short
נהר,ῥοή,0.200,stream,stream
נהר,ῥόος,0.200,stream,stream
נהר,νᾶμα,0.200,stream,stream
נהר,ῥεῖθρον,0.200,stream,channel
נהר,ῥεῦμα,0.200,stream,current
שלח,ἀποπέμπω,0.200,send,sent off
שלח,ἐκπέμπω,0.200,send,dispatch
שלח,διαπέμπω,0.200,send,send
שלח,πέμπω,0.200,send,send
שלח,ἀποστέλλω,0.200,send,dispatch
מאה,τριακόσιοι,0.200,hundred,hundred
מאה,διακόσιοι,0.200,hundred,hundred
מאה,χίλιος,0.200,hundred,hundred
מאה,ἑκατόν,0.200,hundred,100
מאה,ἑκατοστός,0.200,hundred,hundred
מעשה,ἔργον,0.200,deed,fact
גמול,ἔργον,0.200,deed,fact
עלילה,ἔργον,0.200,deed,fact
מעלל,ἔργον,0.200,deed,fact
עליליה,ἔργον,0.200,deed,fact
נקא,καθαρός,0.200,pure,purity
ברור,καθαρός,0.200,pure,purity
זך,καθαρός,0.200,pure,purity
טהר,καθαρός,0.200,pure,purity
כתית,καθαρός,0.200,"beaten, pure",purity
מכסה,σκέπασμα,0.200,covering,covering
כסות,σκέπασμα,0.200,covering,covering
מסך,σκέπασμα,0.200,covering,covering
אפדה,σκέπασμα,0.200,covering,covering
כסוי,σκέπασμα,0.200,covering,covering
נגיד,μάλιστα,0.200,chief,great
שר,μάλιστα,0.200,bracelet,great
נשיא,μάλιστα,0.200,chief,great
אלוף,μάλιστα,0.200,chief,great
קצין,μάλιστα,0.200,chief,great
אלף,χίλιος,0.200,thousand,hundred
אלף,χιλιάς,0.200,thousand,thousand
אלף,χίλιοι,0.200,thousand,thousand drachmae
אלף,μυρίος,0.200,thousand,000
אלף,μυριάς,0.200,thousand,myriad
חץ,ἰός,0.200,arrow,arrow
חץ,τόξον,0.200,arrow,arrow
חץ,βέλος,0.200,arrow,bolt
חץ,τόξευμα,0.200,arrow,arrow
חץ,ὀιστός,0.200,arrow,arrow
אציל,ἐσθλός,0.200,noble,good
אציל,γενναῖος,0.200,noble,generous
אציל,καλός,0.200,noble,proper
אציל,εὐγενής,0.200,noble,noble
אציל,ἄριστος,0.200,noble,noble
בקרת,κολάζω,0.200,punishment,punishment
בקרת,ζημία,0.200,punishment,punishment
בקרת,δίκη,0.200,punishment,case
בקרת,κόλασις,0.200,punishment,punishment
בקרת,τιμωρία,0.200,punishment,punish
מפרש,ἀποπλέω,0.200,sail,sail
מפרש,πλέω,0.200,sail,voyage
מפרש,ἱστίον,0.200,sail,sail
מפרש,καταπλέω,0.200,sail,sail
מפרש,ἐκπλέω,0.200,sail,sail
תגמול,εὐεργεσία,0.200,benefit,service
תגמול,ὠφελέω,0.200,benefit,advantage
תגמול,εὖ,0.200,benefit,right
תגמול,ἀγαθός,0.200,benefit,benefit
תגמול,ὠφέλεια,0.200,benefit,advantage
ליל,νύκτωρ,0.167,night,night
ליל,νύξ,0.167,night,by night
לילה,νύκτωρ,0.167,night,night
לילה,νύξ,0.167,night,by night
לילי,νύκτωρ,0.167,night,night
לילי,νύξ,0.167,night,by night
קוה,συνάγω,0.167,collect,collect
קוה,συλλέγω,0.167,collect,muster
קשש,συνάγω,0.167,collect,collect
קשש,συλλέγω,0.167,collect,muster
קבץ,συνάγω,0.167,collect,collect
קבץ,συλλέγω,0.167,collect,muster
זן,τοιοῦτος,0.167,kind,like
זן,γένος,0.167,kind,nation
זן,εἶδος,0.167,kind,idea
מין,τοιοῦτος,0.167,kind,like
מין,γένος,0.167,kind,nation
מין,εἶδος,0.167,kind,idea
כבה,ἔξειμι,0.167,go out,came out
כבה,ἐξέρχομαι,0.167,go out,came forth
יצא,ἔξειμι,0.167,go out,came out
יצא,ἐξέρχομαι,0.167,go out,came forth
נפק,ἔξειμι,0.167,go out,came out
נפק,ἐξέρχομαι,0.167,go out,came forth
גדול,μέγας,0.167,great,high
גדול,μᾶλλον,0.167,great,great
גדול,πλεῖστος,0.167,great,possible
גדול,πλείων,0.167,great,large
גדול,μάλιστα,0.167,great,great
גדול,πολύς,0.167,great,great
רדה,κανών,0.167,"tread, to rule",rod
רדה,ἄρχω,0.167,"tread, to rule",office
משל,κανών,0.167,rule,rod
משל,ἄρχω,0.167,rule,office
שרר,κανών,0.167,Sharar,rod
שרר,ἄρχω,0.167,Sharar,office
סמל,ἄγαλμα,0.167,image,statue
סמל,εἴδωλον,0.167,image,ghost
סמל,εἰκών,0.167,image,simile
צלם,ἄγαλμα,0.167,image,statue
צלם,εἴδωλον,0.167,image,ghost
צלם,εἰκών,0.167,image,simile
דמי,ὁμοιότης,0.167,likeness,similitude
דמי,εἰκών,0.167,likeness,simile
דמין,ὁμοιότης,0.167,likeness,similitude
דמין,εἰκών,0.167,likeness,simile
דמות,ὁμοιότης,0.167,likeness,similitude
דמות,εἰκών,0.167,likeness,simile
כבש,δαμάζω,0.167,young ram,subdue
כבש,καταστρέφω,0.167,young ram,subjugate
כבש,χειρόω,0.167,young ram,subdue
רדד,δαμάζω,0.167,subdue,subdue
רדד,καταστρέφω,0.167,subdue,subjugate
רדד,χειρόω,0.167,subdue,subdue
שבת,λήγω,0.167,cease,cease from
שבת,παύω,0.167,cease,end
שבת,οὐκέτι,0.167,cease,cease
חדל,λήγω,0.167,cease,cease from
חדל,παύω,0.167,cease,end
חדל,οὐκέτι,0.167,cease,cease
נשב,πληγή,0.167,blow,stroke
מכה,πληγή,0.167,blow,stroke
מגפה,πληγή,0.167,blow,stroke
נשף,πληγή,0.167,blow,stroke
נפח,πληγή,0.167,blow,stroke
תקע,πληγή,0.167,blow,stroke
בד,λίνεος,0.167,"linen, part, stave",linen
בד,λίνον,0.167,"linen, part, stave",thread
אטון,λίνεος,0.167,linen,linen
אטון,λίνον,0.167,linen,thread
כרפס,λίνεος,0.167,linen,linen
כרפס,λίνον,0.167,linen,thread
מת,ἀνήρ,0.167,man,husband
מת,τις,0.167,man,man
מת,ἄνθρωπος,0.167,man,people
איש,ἀνήρ,0.167,man,husband
איש,τις,0.167,man,man
איש,ἄνθρωπος,0.167,man,people
נגע,ἅπτω,0.167,touch,touch
נגע,θιγγάνω,0.167,touch,touch
נגע,ψαύω,0.167,touch,touch
מוש,ἅπτω,0.167,touch,touch
מוש,θιγγάνω,0.167,touch,touch
מוש,ψαύω,0.167,touch,touch
חגור,ζώνη,0.167,girdle,girdle
חגור,ζωστήρ,0.167,girdle,girdle
מזיח,ζώνη,0.167,girdle,girdle
מזיח,ζωστήρ,0.167,girdle,girdle
חגורה,ζώνη,0.167,girdle,girdle
חגורה,ζωστήρ,0.167,girdle,girdle
המיה,ὑγιής,0.167,sound,sound
המיה,φωνή,0.167,sound,language
קול,ὑγιής,0.167,sound,sound
קול,φωνή,0.167,sound,language
המלה,ὑγιής,0.167,sound,sound
המלה,φωνή,0.167,sound,language
מארה,ἀρά,0.167,curse,curse
קבב,ἀρά,0.167,curse,curse
זעם,ἀρά,0.167,curse,curse
תאלה,ἀρά,0.167,curse,curse
קללה,ἀρά,0.167,curse,curse
ארר,ἀρά,0.167,curse,curse
בן,παῖς,0.167,son,daughter
בן,τέκνον,0.167,son,son
בן,υἱός,0.167,son,son
יליד,παῖς,0.167,son,daughter
יליד,τέκνον,0.167,son,son
יליד,υἱός,0.167,son,son
גלד,δέρμα,0.167,skin,hide
גלד,ἀσκός,0.167,skin,bottle
מחק,δέρμα,0.167,skin,hide
מחק,ἀσκός,0.167,skin,bottle
עור,δέρμα,0.167,skin,hide
עור,ἀσκός,0.167,skin,bottle
שכן,οἰκέω,0.167,dwell,live
שכן,ναίω,0.167,dwell,dwell
שכן,κατοικέω,0.167,dwell,inhabit
גור,οἰκέω,0.167,dwell,live
גור,ναίω,0.167,dwell,dwell
גור,κατοικέω,0.167,dwell,inhabit
להב,φλόξ,0.167,flame,flame
רשף,φλόξ,0.167,flame,flame
להבת,φλόξ,0.167,flame,flame
להט,φλόξ,0.167,flame,flame
להבה,φλόξ,0.167,flame,flame
שלהבת,φλόξ,0.167,flame,flame
גאולים,τίνω,0.167,avenge,pay
גאולים,τιμωρέω,0.167,avenge,revenge
גאולים,ἀμύνω,0.167,avenge,vengeance
נקם,τίνω,0.167,avenge,pay
נקם,τιμωρέω,0.167,avenge,revenge
נקם,ἀμύνω,0.167,avenge,vengeance
פרזל,σιδήρεος,0.167,iron,iron
פרזל,σίδηρος,0.167,iron,sword
יראון,σιδήρεος,0.167,Iron,iron
יראון,σίδηρος,0.167,Iron,sword
ברזל,σιδήρεος,0.167,iron,iron
ברזל,σίδηρος,0.167,iron,sword
מרחק,διάστημα,0.167,distance,interval
מרחק,στάδιος,0.167,distance,distance
מרחק,πρόσω,0.167,distance,distance
בעד,διάστημα,0.167,distance,interval
בעד,στάδιος,0.167,distance,distance
בעד,πρόσω,0.167,distance,distance
תוחלת,ἐλπίζω,0.167,hope,expect
תוחלת,ἐλπίς,0.167,hope,expectation
מבט,ἐλπίζω,0.167,hope,expect
מבט,ἐλπίς,0.167,hope,expectation
יחל,ἐλπίζω,0.167,"wait, to hope",expect
יחל,ἐλπίς,0.167,"wait, to hope",expectation
קדמי,ἀρχή,0.167,first,first
קדמי,πρότερος,0.167,first,previous
ראשוני,ἀρχή,0.167,first,first
ראשוני,πρότερος,0.167,first,previous
ראשון,ἀρχή,0.167,first,first
ראשון,πρότερος,0.167,first,previous
חרוץ,τέμνω,0.167,cut,cut
כרת,τέμνω,0.167,cut,cut
קצב,τέμνω,0.167,cut,cut
בתר,τέμνω,0.167,cut,cut
קצץ,τέμνω,0.167,cut,cut
נתח,τέμνω,0.167,cut,cut
גיא,αὐλών,0.167,valley,valley
גיא,φάραγξ,0.167,valley,ravine
עמק,αὐλών,0.167,valley,valley
עמק,φάραγξ,0.167,valley,ravine
בקעה,αὐλών,0.167,valley,valley
בקעה,φάραγξ,0.167,valley,ravine
מולדת,γόνος,0.167,offspring,offspring
מולדת,ἔκγονος,0.167,offspring,posterity
נין,γόνος,0.167,offspring,offspring
נין,ἔκγονος,0.167,offspring,posterity
צאצאים,γόνος,0.167,offspring,offspring
צאצאים,ἔκγονος,0.167,offspring,posterity
ולד,παῖς,0.167,child,daughter
ולד,παιδίον,0.167,child,little children
ולד,τέκνον,0.167,child,son
עולל,παῖς,0.167,child,daughter
עולל,παιδίον,0.167,child,little children
עולל,τέκνον,0.167,child,son
נגב,νότος,0.167,south,south wind
נגב,νότιος,0.167,south,south
נגב,μεσημβρία,0.167,south,mesambria
דרום,νότος,0.167,south,south wind
דרום,νότιος,0.167,south,south
דרום,μεσημβρία,0.167,south,mesambria
מגן,παραδίδωμι,0.167,deliver,give up
מגן,ἀποδίδωμι,0.167,deliver,return
מגן,ἀπαλλάσσω,0.167,deliver,depart
נצל,παραδίδωμι,0.167,deliver,give up
נצל,ἀποδίδωμι,0.167,deliver,return
נצל,ἀπαλλάσσω,0.167,deliver,depart
קים,ἀντίπαλος,0.167,adversary,adversary
קים,ἀντίδικος,0.167,adversary,litigant
צר,ἀντίπαλος,0.167,adversary,adversary
צר,ἀντίδικος,0.167,adversary,litigant
שטן,ἀντίπαλος,0.167,adversary,adversary
שטן,ἀντίδικος,0.167,adversary,litigant
משפט,δίκη,0.167,justice,case
משפט,δίκαιος,0.167,justice,fair
משפט,δικαιοσύνη,0.167,justice,righteousness
צדקה,δίκη,0.167,justice,case
צדקה,δίκαιος,0.167,justice,fair
צדקה,δικαιοσύνη,0.167,justice,righteousness
שדה,πότνια,0.167,lady,lady
שדה,δέσποινα,0.167,lady,queen
שדה,γυνή,0.167,lady,lady
גברת,πότνια,0.167,lady,lady
גברת,δέσποινα,0.167,lady,queen
גברת,γυνή,0.167,lady,lady
שחק,γέλως,0.167,laugh,laughter
שחק,καταγελάω,0.167,laugh,laughs at
שחק,γελάω,0.167,laugh,gela
צחק,γέλως,0.167,laugh,laughter
צחק,καταγελάω,0.167,laugh,laughs at
צחק,γελάω,0.167,laugh,gela
חמלה,οἶκτος,0.167,compassion,compassion
חמלה,ἐλεέω,0.167,compassion,compassion
חמלה,ἔλεος,0.167,compassion,commiseration
רחמים,οἶκτος,0.167,compassion,compassion
רחמים,ἐλεέω,0.167,compassion,compassion
רחמים,ἔλεος,0.167,compassion,commiseration
עמוד,στήλη,0.167,pillar,pillar
עמוד,κίων,0.167,pillar,column
נציב,στήλη,0.167,pillar,pillar
נציב,κίων,0.167,pillar,column
אשיה,στήλη,0.167,pillar,pillar
אשיה,κίων,0.167,pillar,column
אנא,εὔχομαι,0.167,pray,prayer
אנא,ἀράομαι,0.167,pray,pray
אנא,προσεύχομαι,0.167,pray,pray
פלל,εὔχομαι,0.167,pray,prayer
פלל,ἀράομαι,0.167,pray,pray
פלל,προσεύχομαι,0.167,pray,pray
חתר,ὀρύσσω,0.167,dig,dig
עזק,ὀρύσσω,0.167,dig,dig
כרה,ὀρύσσω,0.167,dig,dig
יחט,ὀρύσσω,0.167,dig,dig
חפר,ὀρύσσω,0.167,dig,dig
קור,ὀρύσσω,0.167,dig,dig
שה,ἀρνός,0.167,lamb,lamb
שה,ἀρνίον,0.167,lamb,lamb
טלי,ἀρνός,0.167,lamb,lamb
טלי,ἀρνίον,0.167,lamb,lamb
טלה,ἀρνός,0.167,lamb,lamb
טלה,ἀρνίον,0.167,lamb,lamb
עתיק,αἵρεσις,0.167,choice,selection
עתיק,προαίρεσις,0.167,choice,purpose
מבחר,αἵρεσις,0.167,choice,selection
מבחר,προαίρεσις,0.167,choice,purpose
מבחור,αἵρεσις,0.167,choice,selection
מבחור,προαίρεσις,0.167,choice,purpose
פגע,ἀπαντάω,0.167,meet,meet
פגע,ἐντυγχάνω,0.167,meet,meet
פגש,ἀπαντάω,0.167,meet,meet
פגש,ἐντυγχάνω,0.167,meet,meet
קרה,ἀπαντάω,0.167,meet,meet
קרה,ἐντυγχάνω,0.167,meet,meet
להם,χελιδών,0.167,swallow,swallow
להם,καταπίνω,0.167,swallow,swallow
לעט,χελιδών,0.167,swallow,swallow
לעט,καταπίνω,0.167,swallow,swallow
גמא,χελιδών,0.167,swallow,swallow
גמא,καταπίνω,0.167,swallow,swallow
משקל,σταθμός,0.167,weight,weight
משקל,βάρος,0.167,weight,weight
כבוד,σταθμός,0.167,weight,weight
כבוד,βάρος,0.167,weight,weight
משקול,σταθμός,0.167,weight,weight
משקול,βάρος,0.167,weight,weight
נהל,ἄγω,0.167,lead,carry
נהל,ἡγέομαι,0.167,lead,hold
עפרת,ἄγω,0.167,lead,carry
עפרת,ἡγέομαι,0.167,lead,hold
נחה,ἄγω,0.167,lead,carry
נחה,ἡγέομαι,0.167,lead,hold
נשיקה,κυνέω,0.167,kiss,kiss
נשיקה,φίλημα,0.167,kiss,kiss
נשיקה,φιλέω,0.167,kiss,usual
נשק,κυνέω,0.167,kindle,kiss
נשק,φίλημα,0.167,kindle,kiss
נשק,φιλέω,0.167,kindle,usual
ערץ,τρόμος,0.167,tremble,tremble
ערץ,τρέμω,0.167,tremble,tremble
חרד,τρόμος,0.167,tremble,tremble
חרד,τρέμω,0.167,tremble,tremble
זוע,τρόμος,0.167,tremble,tremble
זוע,τρέμω,0.167,tremble,tremble
תאר,ἰδέα,0.167,form,form
תאר,εἶδος,0.167,form,idea
תאר,σχῆμα,0.167,form,attitude
תמונה,ἰδέα,0.167,form,form
תמונה,εἶδος,0.167,form,idea
תמונה,σχῆμα,0.167,form,attitude
רמה,ἐξαπατάω,0.167,deceive,mislead
רמה,ψεύδω,0.167,deceive,falsehood
רמה,ἀπατάω,0.167,deceive,deceive
קבע,ἐξαπατάω,0.167,deceive,mislead
קבע,ψεύδω,0.167,deceive,falsehood
קבע,ἀπατάω,0.167,deceive,deceive
מקל,ῥάβδος,0.167,rod,lictors
מקל,κανών,0.167,rod,rod
שבט,ῥάβδος,0.167,rod,lictors
שבט,κανών,0.167,rod,rod
מטיל,ῥάβδος,0.167,rod,lictors
מטיל,κανών,0.167,rod,rod
נגש,ἐξελαύνω,0.167,drive,driven out
נגש,ἐλαύνω,0.167,drive,march
נהג,ἐξελαύνω,0.167,drive,driven out
נהג,ἐλαύνω,0.167,drive,march
דפק,ἐξελαύνω,0.167,drive,driven out
דפק,ἐλαύνω,0.167,drive,march
נטש,ἀπολείπω,0.167,abandon,abandon
נטש,ἐκλείπω,0.167,abandon,abandon
נטש,προίημι,0.167,abandon,forth
נאר,ἀπολείπω,0.167,abandon,abandon
נאר,ἐκλείπω,0.167,abandon,abandon
נאר,προίημι,0.167,abandon,forth
טול,ῥίπτω,0.167,cast,threw down
טול,ἐκβάλλω,0.167,cast,banish
טול,βάλλω,0.167,cast,fling
ירה,ῥίπτω,0.167,cast,threw down
ירה,ἐκβάλλω,0.167,cast,banish
ירה,βάλλω,0.167,cast,fling
צוקה,λυπέω,0.167,distress,distress
צוקה,ἀπορία,0.167,distress,lack
צרה,λυπέω,0.167,distress,distress
צרה,ἀπορία,0.167,distress,lack
מצר,λυπέω,0.167,distress,distress
מצר,ἀπορία,0.167,distress,lack
עבוט,πίστις,0.167,pledge,belief
עבוט,πιστός,0.167,pledge,faith
ערבון,πίστις,0.167,pledge,belief
ערבון,πιστός,0.167,pledge,faith
חבלה,πίστις,0.167,pledge,belief
חבלה,πιστός,0.167,pledge,faith
חתם,σφραγίς,0.167,seal,signet ring
חתם,σημαίνω,0.167,seal,seal
חתם,φώκη,0.167,seal,seal
חותם,σφραγίς,0.167,seal,signet ring
חותם,σημαίνω,0.167,seal,seal
חותם,φώκη,0.167,seal,seal
משמר,φρουρέω,0.167,guard,guard
משמר,φυλακή,0.167,guard,watch
משמר,δορυφόρος,0.167,guard,spearmen
משמר,φύλαξ,0.167,guard,sentinel
משמר,φυλάσσω,0.167,guard,preserve
משמר,σωματοφύλαξ,0.167,guard,guard
רתח,ζέω,0.167,boil,seethe
רתח,ἕψω,0.167,boil,boil
בשל,ζέω,0.167,boil,seethe
בשל,ἕψω,0.167,boil,boil
שחין,ζέω,0.167,boil,seethe
שחין,ἕψω,0.167,boil,boil
חכם,σωφρονέω,0.167,wise,wise
חכם,φρόνιμος,0.167,wise,prudent
חכם,σοφός,0.167,wise,wisdom
חכים,σωφρονέω,0.167,wise,wise
חכים,φρόνιμος,0.167,wise,prudent
חכים,σοφός,0.167,wise,wisdom
שכיה,ναῦς,0.167,ship,vessel
שכיה,πλοῖον,0.167,ship,ship
אניה,ναῦς,0.167,ship,vessel
אניה,πλοῖον,0.167,ship,ship
צי,ναῦς,0.167,ship,vessel
צי,πλοῖον,0.167,ship,ship
צעד,ἐλαύνω,0.167,march,march
צעד,ὁδός,0.167,march,march
צעד,στρατεύω,0.167,march,serve
צעד,χωρέω,0.167,march,march
צעד,πορεία,0.167,march,march
צעד,πορεύω,0.167,march,journey
שד,στῆθος,0.167,breast,chest
שד,στέρνον,0.167,breast,chest
שד,μαστός,0.167,breast,breast
דד,στῆθος,0.167,breast,chest
דד,στέρνον,0.167,breast,chest
דד,μαστός,0.167,breast,breast
מכך,δύω,0.167,sink,sink
מכך,καταδύω,0.167,sink,sink into
צלל,δύω,0.167,sink,sink
צלל,καταδύω,0.167,sink,sink into
טבע,δύω,0.167,sink,sink
טבע,καταδύω,0.167,sink,sink into
כתב,γράφω,0.167,write,propose
כתב,συγγράφω,0.167,write,write
כתב,ἐπιστέλλω,0.167,write,sent word
רשם,γράφω,0.167,write,propose
רשם,συγγράφω,0.167,write,write
רשם,ἐπιστέλλω,0.167,write,sent word
פדיון,λύτρον,0.167,ransom,ransom for
פדיון,λύω,0.167,ransom,free
פדיום,λύτρον,0.167,ransom,ransom for
פדיום,λύω,0.167,ransom,free
פדוים,λύτρον,0.167,ransom,ransom for
פדוים,λύω,0.167,ransom,free
שפע,ἄφθονος,0.167,abundance,abundant
שפע,ἀφθονία,0.167,abundance,great plenty
מרבה,ἄφθονος,0.167,abundance,abundant
מרבה,ἀφθονία,0.167,abundance,great plenty
דמע,ἄφθονος,0.167,abundance,abundant
דמע,ἀφθονία,0.167,abundance,great plenty
לוח,πίναξ,0.167,tablet,tablet
לוח,δέλτος,0.167,tablet,tablet
לוח,γραμματεῖον,0.167,tablet,tablet
גליון,πίναξ,0.167,tablet,tablet
גליון,δέλτος,0.167,tablet,tablet
גליון,γραμματεῖον,0.167,tablet,tablet
צפחת,κεράμιον,0.167,jar,jar
צפחת,ἀμφιφορεύς,0.167,jar,jar
אסוך,κεράμιον,0.167,jar,jar
אסוך,ἀμφιφορεύς,0.167,jar,jar
קשוה,κεράμιον,0.167,jar,jar
קשוה,ἀμφιφορεύς,0.167,jar,jar
סירה,δρέπανον,0.167,hook,hook
סירה,ἄγκιστρον,0.167,hook,hook
קרס,δρέπανον,0.167,hook,hook
קרס,ἄγκιστρον,0.167,hook,hook
וו,δρέπανον,0.167,hook,hook
וו,ἄγκιστρον,0.167,hook,hook
נקפה,σχοινίον,0.167,rope,rope
נקפה,κάλως,0.167,rope,rope
נקפה,καλῴδιον,0.167,rope,rope
עבת,σχοινίον,0.167,rope,rope
עבת,κάλως,0.167,rope,rope
עבת,καλῴδιον,0.167,rope,rope
מסד,θεμέλιος,0.167,foundation,foundation
מוסדה,θεμέλιος,0.167,foundation,foundation
יסדות,θεμέλιος,0.167,foundation,foundation
יסוד,θεμέλιος,0.167,foundation,foundation
מוסד,θεμέλιος,0.167,foundation,foundation
יסודה,θεμέλιος,0.167,foundation,foundation
שגגה,ἁμαρτία,0.167,error,mistake
שגגה,ἁμάρτημα,0.167,error,blunder
שגגה,ἁμαρτάνω,0.167,error,fault
משוגה,ἁμαρτία,0.167,error,mistake
משוגה,ἁμάρτημα,0.167,error,blunder
משוגה,ἁμαρτάνω,0.167,error,fault
כיר,ἐσχάρα,0.167,hearth,hearth
כיר,ἑστία,0.167,hearth,hearth
כיר,ἐφέστιος,0.167,hearth,hearth
מוקד,ἐσχάρα,0.167,hearth,hearth
מוקד,ἑστία,0.167,hearth,hearth
מוקד,ἐφέστιος,0.167,hearth,hearth
עתי,ῥᾴδιος,0.167,ready,would easily
עתי,ἑτοῖμος,0.167,ready,prepare
עתי,ἐθέλω,0.167,ready,ready
עתיד,ῥᾴδιος,0.167,ready,would easily
עתיד,ἑτοῖμος,0.167,ready,prepare
עתיד,ἐθέλω,0.167,ready,ready
אויה,πῆμα,0.167,woe,bane
אויה,κῆδος,0.167,woe,woe
אויה,ἄλγος,0.167,woe,woe
אוי,πῆμα,0.167,woe,bane
אוי,κῆδος,0.167,woe,woe
אוי,ἄλγος,0.167,woe,woe
באה,εἴσπλοος,0.167,entrance,entrance
באה,εἴσοδος,0.167,entrance,entrance
מבוא,εἴσπλοος,0.167,entrance,entrance
מבוא,εἴσοδος,0.167,entrance,entrance
עליל,εἴσπλοος,0.167,entrance,entrance
עליל,εἴσοδος,0.167,entrance,entrance
מרשעת,κακία,0.167,wickedness,villainy
מרשעת,πονηρία,0.167,wickedness,baseness
בליעל,κακία,0.167,wickedness,villainy
בליעל,πονηρία,0.167,wickedness,baseness
עולה,κακία,0.167,wickedness,villainy
עולה,πονηρία,0.167,wickedness,baseness
כסילות,ὑβρίζω,0.167,insolence,insolence
כסילות,ὕβρις,0.167,insolence,insolent
מגנה,ὑβρίζω,0.167,insolence,insolence
מגנה,ὕβρις,0.167,insolence,insolent
זדון,ὑβρίζω,0.167,insolence,insolence
זדון,ὕβρις,0.167,insolence,insolent
מנעל,κόμη,0.167,lock,lock
מנעל,βόστρυχος,0.167,lock,lock
מנעל,πλόκαμος,0.167,lock,lock
מנעול,κόμη,0.167,lock,lock
מנעול,βόστρυχος,0.167,lock,lock
מנעול,πλόκαμος,0.167,lock,lock
נשכה,μέγαρον,0.167,hall,room
נשכה,δῶμα,0.167,hall,home
נשכה,δόμος,0.167,hall,hall
לשכה,μέγαρον,0.167,hall,room
לשכה,δῶμα,0.167,hall,home
לשכה,δόμος,0.167,hall,hall
שליו,ἡσυχάζω,0.167,quiet,keep quiet
שליו,ἡσυχία,0.167,quiet,peace
שליו,ἠρεμέω,0.167,quiet,quiet
שלי,ἡσυχάζω,0.167,quiet,keep quiet
שלי,ἡσυχία,0.167,quiet,peace
שלי,ἠρεμέω,0.167,quiet,quiet
שחץ,μέγεθος,0.167,greatness,large
שחץ,μεγαλοψυχία,0.167,greatness,greatness
גדולה,μέγεθος,0.167,greatness,large
גדולה,μεγαλοψυχία,0.167,greatness,greatness
רבו,μέγεθος,0.167,greatness,large
רבו,μεγαλοψυχία,0.167,greatness,greatness
גרון,λαιμός,0.167,throat,throat
גרון,σφάζω,0.167,throat,throat
גרגרת,λαιμός,0.167,throat,throat
גרגרת,σφάζω,0.167,throat,throat
לע,λαιμός,0.167,throat,throat
לע,σφάζω,0.167,throat,throat
נאק,στενάζω,0.167,groan,groan
נאק,στένω,0.167,groan,mourn
פעה,στενάζω,0.167,groan,groan
פעה,στένω,0.167,groan,mourn
נהם,στενάζω,0.167,groan,groan
נהם,στένω,0.167,groan,mourn
פארה,ἱκετήριος,0.167,bough,bough
פארה,κλάδος,0.167,bough,its branches
סרעפה,ἱκετήριος,0.167,bough,bough
סרעפה,κλάδος,0.167,bough,its branches
סעפה,ἱκετήριος,0.167,bough,bough
סעפה,κλάδος,0.167,bough,its branches
פתגם,κρίσις,0.167,decision,verdict
פתגם,κρίνω,0.167,decision,decision
פלילה,κρίσις,0.167,decision,verdict
פלילה,κρίνω,0.167,decision,decision
פליליה,κρίσις,0.167,decision,verdict
פליליה,κρίνω,0.167,decision,decision
צולה,βαθύς,0.167,deep,deep
צולה,πόντος,0.167,deep,deep
צולה,βάθος,0.167,deep,solid
עמיק,βαθύς,0.167,deep,deep
עמיק,πόντος,0.167,deep,deep
עמיק,βάθος,0.167,deep,solid
רז,λάθρῃ,0.167,secret,stealth
רז,κρύφα,0.167,secret,secret
רז,ἀπόρρητος,0.167,secret,secret
תעלמה,λάθρῃ,0.167,secret,stealth
תעלמה,κρύφα,0.167,secret,secret
תעלמה,ἀπόρρητος,0.167,secret,secret
שכלות,ἀφροσύνη,0.167,folly,foolishness
שכלות,ἄνοια,0.167,folly,folly
שכלות,μωρία,0.167,folly,folly
סכלות,ἀφροσύνη,0.167,folly,foolishness
סכלות,ἄνοια,0.167,folly,folly
סכלות,μωρία,0.167,folly,folly
טב,ἐσθλός,0.167,good,good
טב,εὖ,0.167,good,right
טב,ἀγαθός,0.167,good,benefit
טב,καλός,0.167,good,proper
טב,χρηστός,0.167,good,good
טב,σπουδαῖος,0.167,good,good
עת,ὥρα,0.143,time,time
עת,τότε,0.143,time,time
עת,ποτέ,0.143,time,time
עת,ἀεί,0.143,time,time
עת,ἤδη,0.143,time,time
עת,χρόνος,0.143,time,long
עת,καιρός,0.143,time,time
שאל,δέω,0.143,ask,ask
שאל,πυνθάνομαι,0.143,ask,inform
שאל,αἰτέω,0.143,ask,demand
שאל,ἀξιόω,0.143,ask,ask
שאל,ἐπερωτάω,0.143,ask,ask
שאל,ἐρωτάω,0.143,ask,question
שאל,ἔρομαι,0.143,ask,question
ישר,εὖ,0.143,right,right
ישר,δίκαιος,0.143,right,fair
ישר,δεξιός,0.143,right,right
ישר,χρή,0.143,right,right
ישר,δεῖ,0.143,right,right
ישר,καλός,0.143,right,proper
ישר,ὀρθός,0.143,right,correct
ככה,οὕτως,0.125,thus,way
ככה,ὧδε,0.125,thus,way
כנמא,οὕτως,0.125,thus,way
כנמא,ὧδε,0.125,thus,way
כן,οὕτως,0.125,thus,way
כן,ὧδε,0.125,thus,way
כה,οὕτως,0.125,thus,way
כה,ὧδε,0.125,thus,way
מאור,λαμπάς,0.125,lamp,lamp
מאור,λύχνος,0.125,lamp,lamp
ניר,λαμπάς,0.125,lamp,lamp
ניר,λύχνος,0.125,lamp,lamp
נר,λαμπάς,0.125,lamp,lamp
נר,λύχνος,0.125,lamp,lamp
נברשה,λαμπάς,0.125,lamp,lamp
נברשה,λύχνος,0.125,lamp,lamp
זרם,ὕω,0.125,rain,send rain
זרם,ὄμβρος,0.125,rain,rain
גשם,ὕω,0.125,rain,send rain
גשם,ὄμβρος,0.125,rain,rain
מטר,ὕω,0.125,rain,send rain
מטר,ὄμβρος,0.125,rain,rain
רביבים,ὕω,0.125,rain,send rain
רביבים,ὄμβρος,0.125,rain,rain
קדם,πρόσθεν,0.125,front,former
קדם,ἔμπροσθεν,0.125,front,front
קדם,πρό,0.125,front,front
קדם,μέτωπον,0.125,front,front
קדמה,πρόσθεν,0.125,front,former
קדמה,ἔμπροσθεν,0.125,front,front
קדמה,πρό,0.125,front,front
קדמה,μέτωπον,0.125,front,front
פקח,φανερός,0.125,open,obvious
פקח,ἀνοίγνυμι,0.125,open,open
פצה,φανερός,0.125,open,obvious
פצה,ἀνοίγνυμι,0.125,open,open
פשק,φανερός,0.125,open,obvious
פשק,ἀνοίγνυμι,0.125,open,open
פער,φανερός,0.125,open,obvious
פער,ἀνοίγνυμι,0.125,open,open
פימה,δημός,0.125,fat,assembly sends
פימה,πίων,0.125,fat,rich land
שמן,δημός,0.125,fat,assembly sends
שמן,πίων,0.125,fat,rich land
חלב,δημός,0.125,fat,assembly sends
חלב,πίων,0.125,fat,rich land
בריא,δημός,0.125,fat,assembly sends
בריא,πίων,0.125,fat,rich land
ישב,ἵζω,0.125,sit,sit down
ישב,ἧμαι,0.125,sit,sit
ישב,καθίζω,0.125,sit,sit down
ישב,κάθημαι,0.125,sit,sit down
יתב,ἵζω,0.125,sit,sit down
יתב,ἧμαι,0.125,sit,sit
יתב,καθίζω,0.125,sit,sit down
יתב,κάθημαι,0.125,sit,sit down
עשתות,φρονέω,0.125,thought,thought
עשתות,διάνοια,0.125,thought,thought
שח,φρονέω,0.125,downcast,thought
שח,διάνοια,0.125,downcast,thought
מחשבה,φρονέω,0.125,thought,thought
מחשבה,διάνοια,0.125,thought,thought
עשתנת,φρονέω,0.125,thought,thought
עשתנת,διάνοια,0.125,thought,thought
גג,τέγος,0.125,roof,roof
גג,στέγη,0.125,roof,shelter
גג,ὄροφος,0.125,roof,its roof
גג,ὀροφή,0.125,roof,roof
צהר,τέγος,0.125,roof,roof
צהר,στέγη,0.125,roof,shelter
צהר,ὄροφος,0.125,roof,its roof
צהר,ὀροφή,0.125,roof,roof
ממלכת,ἀρχή,0.125,kingdom,first
ממלכת,βασιλεία,0.125,kingdom,royalty
ממלכה,ἀρχή,0.125,kingdom,first
ממלכה,βασιλεία,0.125,kingdom,royalty
ממלכות,ἀρχή,0.125,kingdom,first
ממלכות,βασιλεία,0.125,kingdom,royalty
מלכו,ἀρχή,0.125,kingdom,first
מלכו,βασιλεία,0.125,kingdom,royalty
נגש,πρόσειμι,0.125,drive,approach
נגש,προσέρχομαι,0.125,drive,approach
קרבה,πρόσειμι,0.125,approach,approach
קרבה,προσέρχομαι,0.125,approach,approach
קרב,πρόσειμι,0.125,approach,approach
קרב,προσέρχομαι,0.125,approach,approach
אשון,πρόσειμι,0.125,approach,approach
אשון,προσέρχομαι,0.125,approach,approach
איל,ἀρνειός,0.125,"ram, despot",ram
איל,κριός,0.125,"ram, despot",battering ram
רם,ἀρνειός,0.125,Ram,ram
רם,κριός,0.125,Ram,battering ram
דכר,ἀρνειός,0.125,ram,ram
דכר,κριός,0.125,ram,battering ram
עתוד,ἀρνειός,0.125,ram,ram
עתוד,κριός,0.125,ram,battering ram
צעיר,μικρός,0.125,little,short
צעיר,ὀλίγος,0.125,little,almost
מצער,μικρός,0.125,little,short
מצער,ὀλίγος,0.125,little,almost
מעט,μικρός,0.125,little,short
מעט,ὀλίγος,0.125,little,almost
זעיר,μικρός,0.125,little,short
זעיר,ὀλίγος,0.125,little,almost
ארח,κέλευθος,0.125,path,path
ארח,ὁδός,0.125,path,march
נתיבה,κέλευθος,0.125,path,path
נתיבה,ὁδός,0.125,path,march
נתיב,κέλευθος,0.125,path,path
נתיב,ὁδός,0.125,path,march
שביל,κέλευθος,0.125,path,path
שביל,ὁδός,0.125,path,march
טחה,τοξεύω,0.125,shoot,shooting arrows
זמורה,τοξεύω,0.125,shoot,shooting arrows
יונקת,τοξεύω,0.125,shoot,shooting arrows
סחיש,τοξεύω,0.125,shoot,shooting arrows
יניקה,τοξεύω,0.125,shoot,shooting arrows
כפה,τοξεύω,0.125,shoot,shooting arrows
חטר,τοξεύω,0.125,shoot,shooting arrows
סלסלה,τοξεύω,0.125,shoot,shooting arrows
בצע,κέρδος,0.125,profit,profit
בצע,ὠφελέω,0.125,profit,advantage
בצע,κερδαίνω,0.125,profit,profit
בצע,ὀνίνημι,0.125,profit,profit by
יתרון,κέρδος,0.125,profit,profit
יתרון,ὠφελέω,0.125,profit,advantage
יתרון,κερδαίνω,0.125,profit,profit
יתרון,ὀνίνημι,0.125,profit,profit by
נץ,ἀνθέω,0.125,blossom,flourish
נץ,ἄνθος,0.125,blossom,bloom
ציץ,ἀνθέω,0.125,blossom,flourish
ציץ,ἄνθος,0.125,blossom,bloom
נצן,ἀνθέω,0.125,blossom,flourish
נצן,ἄνθος,0.125,blossom,bloom
צוץ,ἀνθέω,0.125,blossom,flourish
צוץ,ἄνθος,0.125,blossom,bloom
ענב,σταφυλή,0.125,grape,grape
ענב,βότρυς,0.125,grape,cluster
אשכול,σταφυλή,0.125,grape,grape
אשכול,βότρυς,0.125,grape,cluster
חרצן,σταφυλή,0.125,grape,grape
חרצן,βότρυς,0.125,grape,cluster
בסר,σταφυλή,0.125,grape,grape
בסר,βότρυς,0.125,grape,cluster
תוגה,ἄχος,0.125,grief,grief [ akhos ]
תוגה,πένθος,0.125,grief,sorrow
תוגה,ἄλγος,0.125,grief,woe
תוגה,λύπη,0.125,grief,sorrow
יגון,ἄχος,0.125,grief,grief [ akhos ]
יגון,πένθος,0.125,grief,sorrow
יגון,ἄλγος,0.125,grief,woe
יגון,λύπη,0.125,grief,sorrow
חרון,χόλος,0.125,anger,anger
חרון,ὀργίζω,0.125,anger,incense
חרון,θυμός,0.125,anger,mind
חרון,ὀργή,0.125,anger,passion
עברה,χόλος,0.125,anger,anger
עברה,ὀργίζω,0.125,anger,incense
עברה,θυμός,0.125,anger,mind
עברה,ὀργή,0.125,anger,passion
חלושה,ἡσσάομαι,0.125,defeat,defeat
חלושה,ἧσσα,0.125,defeat,defeat
חלושה,νικάω,0.125,defeat,victor
חלושה,κρατέω,0.125,defeat,victory
חלש,ἡσσάομαι,0.125,defeat,defeat
חלש,ἧσσα,0.125,defeat,defeat
חלש,νικάω,0.125,defeat,victor
חלש,κρατέω,0.125,defeat,victory
קדוש,ἁγνός,0.125,holy,holy
קדוש,ἅγιος,0.125,holy,saint
קדוש,ὅσιος,0.125,holy,unholy
קדוש,ἱερός,0.125,holy,holy
קדיש,ἁγνός,0.125,holy,holy
קדיש,ἅγιος,0.125,holy,saint
קדיש,ὅσιος,0.125,holy,unholy
קדיש,ἱερός,0.125,holy,holy
מנקית,κρατήρ,0.125,bowl,mixing bowls
מנקית,φιάλη,0.125,bowl,cup
אגן,κρατήρ,0.125,bowl,mixing bowls
אגן,φιάλη,0.125,bowl,cup
ספל,κρατήρ,0.125,bowl,mixing bowls
ספל,φιάλη,0.125,bowl,cup
מזרק,κρατήρ,0.125,bowl,mixing bowls
מזרק,φιάλη,0.125,bowl,cup
ארג,ὑφαίνω,0.125,weave,weave
ארג,ὑφαντικός,0.125,weave,weave
שכך,ὑφαίνω,0.125,weave,weave
שכך,ὑφαντικός,0.125,weave,weave
שבץ,ὑφαίνω,0.125,weave,weave
שבץ,ὑφαντικός,0.125,weave,weave
רקם,ὑφαίνω,0.125,weave,weave
רקם,ὑφαντικός,0.125,weave,weave
חכמות,σοφία,0.125,wisdom,skill
חכמות,φρονέω,0.125,wisdom,thought
חכמות,σοφός,0.125,wisdom,wisdom
חכמות,φρόνησις,0.125,wisdom,intelligence
חכמה,σοφία,0.125,wisdom,skill
חכמה,φρονέω,0.125,wisdom,thought
חכמה,σοφός,0.125,wisdom,wisdom
חכמה,φρόνησις,0.125,wisdom,intelligence
כדבה,ψεῦδος,0.125,lie,lie
כדבה,κεῖμαι,0.125,lie,situated
כדבה,ψευδής,0.125,lie,lie
כדבה,ψεύδω,0.125,lie,falsehood
כזב,ψεῦδος,0.125,lie,lie
כזב,κεῖμαι,0.125,lie,situated
כזב,ψευδής,0.125,lie,lie
כזב,ψεύδω,0.125,lie,falsehood
יער,ξύλον,0.125,wood,stick
יער,ὕλη,0.125,wood,hyle
יער,ξύλινος,0.125,wood,wood
יער,ὗλις,0.125,wood,forest
אע,ξύλον,0.125,wood,stick
אע,ὕλη,0.125,wood,hyle
אע,ξύλινος,0.125,wood,wood
אע,ὗλις,0.125,wood,forest
דאבון,ἀπογιγνώσκω,0.125,despair,despair
דאבון,ἀπόγνωσις,0.125,despair,despair
דאבה,ἀπογιγνώσκω,0.125,despair,despair
דאבה,ἀπόγνωσις,0.125,despair,despair
יאש,ἀπογιγνώσκω,0.125,despair,despair
יאש,ἀπόγνωσις,0.125,despair,despair
רפיון,ἀπογιγνώσκω,0.125,despair,despair
רפיון,ἀπόγνωσις,0.125,despair,despair
בחור,μειράκιον,0.125,young man,young men
בחור,νέος,0.125,young man,young man
בחור,νεανίης,0.125,young man,young
בחור,νεανίσκος,0.125,young man,youth
פתי,μειράκιον,0.125,young man,young men
פתי,νέος,0.125,young man,young man
פתי,νεανίης,0.125,young man,young
פתי,νεανίσκος,0.125,young man,youth
מחלקה,διαιρέω,0.125,division,distinguish
מחלקה,διαίρεσις,0.125,division,division
פלגה,διαιρέω,0.125,division,distinguish
פלגה,διαίρεσις,0.125,division,division
מפלגה,διαιρέω,0.125,division,distinguish
מפלגה,διαίρεσις,0.125,division,division
מחלקת,διαιρέω,0.125,division,distinguish
מחלקת,διαίρεσις,0.125,division,division
בקרה,πρόνοια,0.125,care,care
בקרה,μέλω,0.125,care,care for
בקרה,ἐπιμέλεια,0.125,care,attention
בקרה,ἐπιμελέομαι,0.125,care,attend
דאגה,πρόνοια,0.125,care,care
דאגה,μέλω,0.125,care,care for
דאגה,ἐπιμέλεια,0.125,care,attention
דאגה,ἐπιμελέομαι,0.125,care,attend
היכל,δῶμα,0.125,palace,home
היכל,δόμος,0.125,palace,hall
היכל,βασίλεια,0.125,palace,royal palace
היכל,βασίλειος,0.125,palace,royal palace
ביתן,δῶμα,0.125,palace,home
ביתן,δόμος,0.125,palace,hall
ביתן,βασίλεια,0.125,palace,royal palace
ביתן,βασίλειος,0.125,palace,royal palace
שמועה,ἀγγέλλω,0.125,report,report
שמועה,ἀπαγγέλλω,0.125,report,report
שמועה,ἐξαγγέλλω,0.125,report,report
שמועה,φήμη,0.125,report,tradition
בשרה,ἀγγέλλω,0.125,report,report
בשרה,ἀπαγγέλλω,0.125,report,report
בשרה,ἐξαγγέλλω,0.125,report,report
בשרה,φήμη,0.125,report,tradition
נהה,ἔχω,0.125,hold,possess
נהה,κατέχω,0.125,hold,possession
נהה,νομίζω,0.125,hold,hold
נהה,ἡγέομαι,0.125,hold,hold
ישט,ἔχω,0.125,hold,possess
ישט,κατέχω,0.125,hold,possession
ישט,νομίζω,0.125,hold,hold
ישט,ἡγέομαι,0.125,hold,hold
עבטיט,χρέα,0.125,debt,debt
עבטיט,ὀφείλω,0.125,debt,indebted
עבטיט,χρεώ,0.125,debt,debt
עבטיט,χρέος,0.125,debt,debt
נשי,χρέα,0.125,debt,debt
נשי,ὀφείλω,0.125,debt,indebted
נשי,χρεώ,0.125,debt,debt
נשי,χρέος,0.125,debt,debt
אילות,ἀρχή,0.125,power,first
אילות,δύναμαι,0.125,power,possible
אילות,δύναμις,0.125,power,strength
אילות,ἐξουσία,0.125,power,power over
עזוז,ἀρχή,0.125,power,first
עזוז,δύναμαι,0.125,power,possible
עזוז,δύναμις,0.125,power,strength
עזוז,ἐξουσία,0.125,power,power over
אליל,δαίμων,0.111,god,fortune
אליל,θεός,0.111,god,heaven
אליל,θεῖος,0.111,god,god
אלוה,δαίμων,0.111,god,fortune
אלוה,θεός,0.111,god,heaven
אלוה,θεῖος,0.111,god,god
אלהים,δαίμων,0.111,god(s),fortune
אלהים,θεός,0.111,god(s),heaven
אלהים,θεῖος,0.111,god(s),god
ארק,γῆ,0.111,earth,country
ארק,γαῖα,0.111,earth,land
ארק,χθών,0.111,earth,earth
ארץ,γῆ,0.111,earth,country
ארץ,γαῖα,0.111,earth,land
ארץ,χθών,0.111,earth,earth
ארע,γῆ,0.111,earth,country
ארע,γαῖα,0.111,earth,land
ארע,χθών,0.111,earth,earth
כנף,κέρας,0.111,wing,column
כנף,πτερόν,0.111,wing,wing
כנף,πτέρυξ,0.111,wing,flap
אברה,κέρας,0.111,wing,column
אברה,πτερόν,0.111,wing,wing
אברה,πτέρυξ,0.111,wing,flap
אבר,κέρας,0.111,wing,column
אבר,πτερόν,0.111,wing,wing
אבר,πτέρυξ,0.111,wing,flap
כתם,χρύσεος,0.111,gold,gold
כתם,χρυσίον,0.111,gold,gold
כתם,χρυσός,0.111,gold,gold
זהב,χρύσεος,0.111,gold,gold
זהב,χρυσίον,0.111,gold,gold
זהב,χρυσός,0.111,gold,gold
דהב,χρύσεος,0.111,gold,gold
דהב,χρυσίον,0.111,gold,gold
דהב,χρυσός,0.111,gold,gold
גחון,κοιλία,0.111,belly,stomach
גחון,νηδύς,0.111,belly,womb
גחון,γαστήρ,0.111,belly,stomach
כרש,κοιλία,0.111,belly,stomach
כרש,νηδύς,0.111,belly,womb
כרש,γαστήρ,0.111,belly,stomach
בטן,κοιλία,0.111,belly,stomach
בטן,νηδύς,0.111,belly,womb
בטן,γαστήρ,0.111,belly,stomach
סבל,ἀνέχω,0.111,bear,bear
סבל,τίκτω,0.111,bear,birth
סבל,φέρω,0.111,bear,carry
ילד,ἀνέχω,0.111,bear,bear
ילד,τίκτω,0.111,bear,birth
ילד,φέρω,0.111,bear,carry
דב,ἀνέχω,0.111,bear,bear
דב,τίκτω,0.111,bear,birth
דב,φέρω,0.111,bear,carry
קרת,πόλις,0.111,town,athens
קרת,πόλισμα,0.111,town,town
קרת,ἄστυ,0.111,town,town
עיר,πόλις,0.111,town,athens
עיר,πόλισμα,0.111,town,town
עיר,ἄστυ,0.111,town,town
קריה,πόλις,0.111,town,athens
קריה,πόλισμα,0.111,town,town
קריה,ἄστυ,0.111,town,town
נחשת,χάλκειος,0.111,bronze,bronze
נחשת,χαλκός,0.111,bronze,brass
נחשת,χάλκεος,0.111,bronze,brass
נחושה,χάλκειος,0.111,bronze,bronze
נחושה,χαλκός,0.111,bronze,brass
נחושה,χάλκεος,0.111,bronze,brass
נחוש,χάλκειος,0.111,bronze,bronze
נחוש,χαλκός,0.111,bronze,brass
נחוש,χάλκεος,0.111,bronze,brass
בחן,ἐξετάζω,0.111,examine,review
בחן,σκοπέω,0.111,examine,examine
בחן,σκέπτομαι,0.111,examine,examine
בחר,ἐξετάζω,0.111,examine,review
בחר,σκοπέω,0.111,examine,examine
בחר,σκέπτομαι,0.111,examine,examine
שבר,ἐξετάζω,0.111,examine,review
שבר,σκοπέω,0.111,examine,examine
שבר,σκέπτομαι,0.111,examine,examine
כסה,καλύπτω,0.111,cover,shroud
עלף,καλύπτω,0.111,cover,shroud
שפן,καλύπτω,0.111,cover,shroud
ספן,καλύπτω,0.111,cover,shroud
חפה,καλύπτω,0.111,cover,shroud
כפר,καλύπτω,0.111,cover,shroud
כפרת,καλύπτω,0.111,cover,shroud
עטה,καλύπτω,0.111,cover,shroud
סך,καλύπτω,0.111,cover,shroud
קומה,ὕψος,0.111,height,altitude
קומה,μέγεθος,0.111,height,large
קומה,ἄκρος,0.111,height,height
רמות,ὕψος,0.111,height,altitude
רמות,μέγεθος,0.111,height,large
רמות,ἄκρος,0.111,height,height
גאון,ὕψος,0.111,height,altitude
גאון,μέγεθος,0.111,height,large
גאון,ἄκρος,0.111,height,height
מעין,καλός,0.111,well,proper
מעין,τοίνυν,0.111,well,well
מעין,εὖ,0.111,well,right
באר,καλός,0.111,well,proper
באר,τοίνυν,0.111,well,well
באר,εὖ,0.111,well,right
מקור,καλός,0.111,well,proper
מקור,τοίνυν,0.111,well,well
מקור,εὖ,0.111,well,right
שאר,λείπω,0.111,leaven,behind
שאר,λοιπός,0.111,leaven,remainder
שאר,μένω,0.111,leaven,continue
יתר,λείπω,0.111,remain,behind
יתר,λοιπός,0.111,remain,remainder
יתר,μένω,0.111,remain,continue
עדף,λείπω,0.111,remain,behind
עדף,λοιπός,0.111,remain,remainder
עדף,μένω,0.111,remain,continue
סכר,ἐπέχω,0.111,stop,stop
סכר,παύω,0.111,stop,end
סכר,κωλύω,0.111,stop,stop
שתם,ἐπέχω,0.111,stop,stop
שתם,παύω,0.111,stop,end
שתם,κωλύω,0.111,stop,stop
הפגה,ἐπέχω,0.111,stop,stop
הפגה,παύω,0.111,stop,end
הפגה,κωλύω,0.111,stop,stop
חטם,ἐπέχω,0.111,restrain,stop
חטם,κατέχω,0.111,restrain,possession
חטם,κωλύω,0.111,restrain,stop
עצר,ἐπέχω,0.111,restrain,stop
עצר,κατέχω,0.111,restrain,possession
עצר,κωλύω,0.111,restrain,stop
כלא,ἐπέχω,0.111,restrain,stop
כלא,κατέχω,0.111,restrain,possession
כלא,κωλύω,0.111,restrain,stop
חכה,ἀναμένω,0.111,wait,wait
חכה,περιμένω,0.111,wait,waiting for
חכה,μένω,0.111,wait,continue
יחל,ἀναμένω,0.111,"wait, to hope",wait
יחל,περιμένω,0.111,"wait, to hope",waiting for
יחל,μένω,0.111,"wait, to hope",continue
חיל,ἀναμένω,0.111,wait,wait
חיל,περιμένω,0.111,wait,waiting for
חיל,μένω,0.111,wait,continue
פליל,δικαστής,0.111,judge,juror
פליל,κρίνω,0.111,judge,decision
פליל,δικάζω,0.111,judge,suit
שפט,δικαστής,0.111,judge,juror
שפט,κρίνω,0.111,judge,decision
שפט,δικάζω,0.111,judge,suit
דין,δικαστής,0.111,judge,juror
דין,κρίνω,0.111,judge,decision
דין,δικάζω,0.111,judge,suit
עני,πένης,0.111,poverty,poverty
עני,πενία,0.111,poverty,penury
עני,ἀπορία,0.111,poverty,lack
מסכנת,πένης,0.111,poverty,poverty
מסכנת,πενία,0.111,poverty,penury
מסכנת,ἀπορία,0.111,poverty,lack
ריש,πένης,0.111,poverty,poverty
ריש,πενία,0.111,poverty,penury
ריש,ἀπορία,0.111,poverty,lack
רוץ,δρόμος,0.111,run,run
רוץ,θέω,0.111,run,run
רוץ,τρέχω,0.111,run,run
נגר,δρόμος,0.111,run,run
נגר,θέω,0.111,run,run
נגר,τρέχω,0.111,run,run
נתר,δρόμος,0.111,run,run
נתר,θέω,0.111,run,run
נתר,τρέχω,0.111,run,run
דחק,κελεύω,0.111,urge,urge
דחק,παραινέω,0.111,urge,advice
דחק,παρακαλέω,0.111,urge,urge
אוץ,κελεύω,0.111,urge,urge
אוץ,παραινέω,0.111,urge,advice
אוץ,παρακαλέω,0.111,urge,urge
נחץ,κελεύω,0.111,urge,urge
נחץ,παραινέω,0.111,urge,advice
נחץ,παρακαλέω,0.111,urge,urge
שדר,ῥίπτω,0.111,throw,threw down
שדר,ἐμβάλλω,0.111,throw,empty
שדר,βάλλω,0.111,throw,fling
שלך,ῥίπτω,0.111,throw,threw down
שלך,ἐμβάλλω,0.111,throw,empty
שלך,βάλλω,0.111,throw,fling
ירט,ῥίπτω,0.111,throw,threw down
ירט,ἐμβάλλω,0.111,throw,empty
ירט,βάλλω,0.111,throw,fling
זמיר,ἀοιδή,0.111,song,ode
זמיר,μέλος,0.111,song,song
זמיר,ὕμνος,0.111,song,song
שיר,ἀοιδή,0.111,song,ode
שיר,μέλος,0.111,song,song
שיר,ὕμνος,0.111,song,song
שירה,ἀοιδή,0.111,song,ode
שירה,μέλος,0.111,song,song
שירה,ὕμνος,0.111,song,song
דל,ἄπορος,0.111,poor,impracticable
דל,πένης,0.111,poor,poverty
דל,τάλας,0.111,poor,misery
אביון,ἄπορος,0.111,poor,impracticable
אביון,πένης,0.111,poor,poverty
אביון,τάλας,0.111,poor,misery
מסכן,ἄπορος,0.111,poor,impracticable
מסכן,πένης,0.111,poor,poverty
מסכן,τάλας,0.111,poor,misery
משסה,ἁρπαγή,0.111,plunder,rapine
משסה,διαρπάζω,0.111,plunder,plunder
משסה,ἁρπάζω,0.111,plunder,plunder
שלל,ἁρπαγή,0.111,plunder,rapine
שלל,διαρπάζω,0.111,plunder,plunder
שלל,ἁρπάζω,0.111,plunder,plunder
שסס,ἁρπαγή,0.111,plunder,rapine
שסס,διαρπάζω,0.111,plunder,plunder
שסס,ἁρπάζω,0.111,plunder,plunder
הוללה,μανία,0.111,madness,insanity
הוללה,ἀπόνοια,0.111,madness,madness
הוללה,μαίνομαι,0.111,madness,madness
הוללות,μανία,0.111,madness,insanity
הוללות,ἀπόνοια,0.111,madness,madness
הוללות,μαίνομαι,0.111,madness,madness
שגעון,μανία,0.111,madness,insanity
שגעון,ἀπόνοια,0.111,madness,madness
שגעון,μαίνομαι,0.111,madness,madness
בטחה,πίστις,0.111,confidence,belief
בטחה,πιστεύω,0.111,confidence,credit
בטחה,θαρσέω,0.111,confidence,confident
כסלה,πίστις,0.111,confidence,belief
כסלה,πιστεύω,0.111,confidence,credit
כסלה,θαρσέω,0.111,confidence,confident
בטחון,πίστις,0.111,confidence,belief
בטחון,πιστεύω,0.111,confidence,credit
בטחון,θαρσέω,0.111,confidence,confident
גלות,φυγάς,0.111,exile,fugitive
גלות,φυγή,0.111,exile,exile
גלות,φεύγω,0.111,exile,fly
גלו,φυγάς,0.111,exile,fugitive
גלו,φυγή,0.111,exile,exile
גלו,φεύγω,0.111,exile,fly
גולה,φυγάς,0.111,exile,fugitive
גולה,φυγή,0.111,exile,exile
גולה,φεύγω,0.111,exile,fly
חיין,βίος,0.100,life,life
חיין,βίοτος,0.100,life,life
חיין,ζωή,0.100,life,life
חיין,αἰών,0.100,life,life
חיין,ψυχή,0.100,life,mind
חיים,βίος,0.100,life,life
חיים,βίοτος,0.100,life,life
חיים,ζωή,0.100,life,life
חיים,αἰών,0.100,life,life
חיים,ψυχή,0.100,life,mind
חצץ,διαιρέω,0.100,divide,distinguish
חצץ,διανέμω,0.100,divide,divide
חצה,διαιρέω,0.100,divide,distinguish
חצה,διανέμω,0.100,divide,divide
פרד,διαιρέω,0.100,divide,distinguish
פרד,διανέμω,0.100,divide,divide
חלק,διαιρέω,0.100,divide,distinguish
חלק,διανέμω,0.100,divide,divide
הבר,διαιρέω,0.100,divide,distinguish
הבר,διανέμω,0.100,divide,divide
עזב,λείπω,0.100,leave,behind
עזב,καταλείπω,0.100,leave,leave behind
עזב,ἀφίημι,0.100,leave,leave
עזב,ἀπολείπω,0.100,leave,abandon
עזב,ἐάω,0.100,leave,leave
שבק,λείπω,0.100,leave,behind
שבק,καταλείπω,0.100,leave,leave behind
שבק,ἀφίημι,0.100,leave,leave
שבק,ἀπολείπω,0.100,leave,abandon
שבק,ἐάω,0.100,leave,leave
דרך,ὧδε,0.100,way,way
דרך,ὁδός,0.100,way,march
דרך,οὕτως,0.100,way,way
דרך,πως,0.100,way,way
דרך,τρόπος,0.100,way,mean
עבור,ὧδε,0.100,way,way
עבור,ὁδός,0.100,way,march
עבור,οὕτως,0.100,way,way
עבור,πως,0.100,way,way
עבור,τρόπος,0.100,way,mean
רצח,διαφθείρω,0.100,kill,ruin
רצח,ἀναιρέω,0.100,kill,destroy
רצח,κτείνω,0.100,kill,slay
רצח,ἀποθνήσκω,0.100,kill,dead
רצח,ἀποκτείνω,0.100,kill,murder
הרג,διαφθείρω,0.100,kill,ruin
הרג,ἀναιρέω,0.100,kill,destroy
הרג,κτείνω,0.100,kill,slay
הרג,ἀποθνήσκω,0.100,kill,dead
הרג,ἀποκτείνω,0.100,kill,murder
להן,ἄρα,0.100,therefore,therefore
להן,τοίνυν,0.100,therefore,well
להן,οὖν,0.100,therefore,according
להן,τοιγάρ,0.100,therefore,therefore
להן,ὥστε,0.100,therefore,hence
לכן,ἄρα,0.100,therefore,therefore
לכן,τοίνυν,0.100,therefore,well
לכן,οὖν,0.100,therefore,according
לכן,τοιγάρ,0.100,therefore,therefore
לכן,ὥστε,0.100,therefore,hence
לב,ἦτορ,0.100,heart,heart
לב,κῆρ,0.100,heart,at heart
לב,θυμός,0.100,heart,mind
לב,φρήν,0.100,heart,wit
לב,καρδία,0.100,heart,cardia
לבב,ἦτορ,0.100,heart,heart
לבב,κῆρ,0.100,heart,at heart
לבב,θυμός,0.100,heart,mind
לבב,φρήν,0.100,heart,wit
לבב,καρδία,0.100,heart,cardia
לאם,ἄνθρωπος,0.100,people,people
לאם,λαός,0.100,people,folk
לאם,πλῆθος,0.100,people,people
לאם,ἔθνος,0.100,people,people
לאם,δῆμος,0.100,people,land
גוי,ἄνθρωπος,0.100,people,people
גוי,λαός,0.100,people,folk
גוי,πλῆθος,0.100,people,people
גוי,ἔθνος,0.100,people,people
גוי,δῆμος,0.100,people,land
כסא,καθίζω,0.100,seat,sit down
כסא,κάθημαι,0.100,seat,sit down
כסא,θρόνος,0.100,seat,seat
כסא,θᾶκος,0.100,seat,seat
כסא,ἕδρα,0.100,seat,seat
מושב,καθίζω,0.100,seat,sit down
מושב,κάθημαι,0.100,seat,sit down
מושב,θρόνος,0.100,seat,seat
מושב,θᾶκος,0.100,seat,seat
מושב,ἕδρα,0.100,seat,seat
משענה,τρέφω,0.100,support,nurse
משענה,βοηθέω,0.100,support,defend
משענת,τρέφω,0.100,support,nurse
משענת,βοηθέω,0.100,support,defend
סמך,τρέφω,0.100,support,nurse
סמך,βοηθέω,0.100,support,defend
משען,τρέφω,0.100,support,nurse
משען,βοηθέω,0.100,support,defend
סעד,τρέφω,0.100,support,nurse
סעד,βοηθέω,0.100,support,defend
קטל,σφαγή,0.100,slaughter,slaughter
קטל,φόνος,0.100,slaughter,death
בתק,σφαγή,0.100,slaughter,slaughter
בתק,φόνος,0.100,slaughter,death
שחט,σφαγή,0.100,squeeze out,slaughter
שחט,φόνος,0.100,squeeze out,death
הרגה,σφαγή,0.100,slaughter,slaughter
הרגה,φόνος,0.100,slaughter,death
זבח,σφαγή,0.100,slaughter,slaughter
זבח,φόνος,0.100,slaughter,death
חסרון,βούλομαι,0.100,want,like
חסרון,δέω,0.100,want,ask
חסרון,ἀπορία,0.100,want,lack
חסרון,ἔνδεια,0.100,want,want
חסרון,ἐθέλω,0.100,want,ready
אבה,βούλομαι,0.100,want,like
אבה,δέω,0.100,want,ask
אבה,ἀπορία,0.100,want,lack
אבה,ἔνδεια,0.100,want,want
אבה,ἐθέλω,0.100,want,ready
גדע,ἀποτέμνω,0.100,cut off,cut off
גדע,ἀποκόπτω,0.100,cut off,cut away
קצע,ἀποτέμνω,0.100,cut off,cut off
קצע,ἀποκόπτω,0.100,cut off,cut away
חרץ,ἀποτέμνω,0.100,cut off,cut off
חרץ,ἀποκόπτω,0.100,cut off,cut away
סעף,ἀποτέμνω,0.100,cut off,cut off
סעף,ἀποκόπτω,0.100,cut off,cut away
כסח,ἀποτέμνω,0.100,cut off,cut off
כסח,ἀποκόπτω,0.100,cut off,cut away
רשת,δίκτυον,0.100,net,hayes
רשת,ἄρκυς,0.100,net,purse - nets
שבכה,δίκτυον,0.100,net,hayes
שבכה,ἄρκυς,0.100,net,purse - nets
מכמרת,δίκτυον,0.100,net,hayes
מכמרת,ἄρκυς,0.100,net,purse - nets
מצוד,δίκτυον,0.100,net,hayes
מצוד,ἄρκυς,0.100,net,purse - nets
מכמר,δίκτυον,0.100,net,hayes
מכמר,ἄρκυς,0.100,net,purse - nets
פלני,τις,0.100,a certain,man
פלני,πάντως,0.100,a certain,certain
פלני,γοῦν,0.100,a certain,least
פלני,μής,0.100,a certain,certain
פלני,πάνυ,0.100,a certain,sure
פלמני,τις,0.100,a certain,man
פלמני,πάντως,0.100,a certain,certain
פלמני,γοῦν,0.100,a certain,least
פלמני,μής,0.100,a certain,certain
פלמני,πάνυ,0.100,a certain,sure
מפקד,τάξις,0.100,order,company
מפקד,κελεύω,0.100,order,urge
מפקד,ἵνα,0.100,order,we may
מפקד,προστάσσω,0.100,order,direct
מפקד,ὅπως,0.100,order,order
סדר,τάξις,0.100,order,company
סדר,κελεύω,0.100,order,urge
סדר,ἵνα,0.100,order,we may
סדר,προστάσσω,0.100,order,direct
סדר,ὅπως,0.100,order,order
מותר,ὠφέλεια,0.100,advantage,advantage
מותר,πλεονεκτέω,0.100,advantage,advantage
מותר,πλέως,0.100,advantage,advantage
מותר,συμφέρω,0.100,advantage,advantageous
מותר,ὠφελέω,0.100,advantage,advantage
כשרון,ὠφέλεια,0.100,advantage,advantage
כשרון,πλεονεκτέω,0.100,advantage,advantage
כשרון,πλέως,0.100,advantage,advantage
כשרון,συμφέρω,0.100,advantage,advantageous
כשרון,ὠφελέω,0.100,advantage,advantage
