nt_book,nt_chap,nt_verse,lxx_chap,lxx_verse,votes,nt_v6_ref,lxx_v6_ref
Heb,13,6,117,6,308,novum_testamentum.ad_hebraeos.13.6,septuaginta.psalmi urn:cts:greekLit:tlg0527.tlg027.1st1K-grc1.117.6
Heb,13,6,117,7,308,novum_testamentum.ad_hebraeos.13.6,septuaginta.psalmi urn:cts:greekLit:tlg0527.tlg027.1st1K-grc1.117.7
Heb,13,6,117,8,308,novum_testamentum.ad_hebraeos.13.6,septuaginta.psalmi urn:cts:greekLit:tlg0527.tlg027.1st1K-grc1.117.8
Heb,13,6,117,9,308,novum_testamentum.ad_hebraeos.13.6,septuaginta.psalmi urn:cts:greekLit:tlg0527.tlg027.1st1K-grc1.117.9
Heb,13,6,26,1,221,novum_testamentum.ad_hebraeos.13.6,septuaginta.psalmi urn:cts:greekLit:tlg0527.tlg027.1st1K-grc1.26.1
Heb,13,6,26,2,221,novum_testamentum.ad_hebraeos.13.6,septuaginta.psalmi urn:cts:greekLit:tlg0527.tlg027.1st1K-grc1.26.2
Heb,13,6,26,3,221,novum_testamentum.ad_hebraeos.13.6,septuaginta.psalmi urn:cts:greekLit:tlg0527.tlg027.1st1K-grc1.26.3
Heb,13,6,123,8,172,novum_testamentum.ad_hebraeos.13.6,septuaginta.psalmi urn:cts:greekLit:tlg0527.tlg027.1st1K-grc1.123.8
Heb,13,6,55,4,159,novum_testamentum.ad_hebraeos.13.6,septuaginta.psalmi urn:cts:greekLit:tlg0527.tlg027.1st1K-grc1.55.4
Heb,3,7,94,7,136,novum_testamentum.ad_hebraeos.3.7,septuaginta.psalmi urn:cts:greekLit:tlg0527.tlg027.1st1K-grc1.94.7
Heb,3,7,94,8,136,novum_testamentum.ad_hebraeos.3.7,septuaginta.psalmi urn:cts:greekLit:tlg0527.tlg027.1st1K-grc1.94.8
Heb,3,7,94,9,136,novum_testamentum.ad_hebraeos.3.7,septuaginta.psalmi urn:cts:greekLit:tlg0527.tlg027.1st1K-grc1.94.9
Heb,3,7,94,10,136,novum_testamentum.ad_hebraeos.3.7,septuaginta.psalmi urn:cts:greekLit:tlg0527.tlg027.1st1K-grc1.94.10
Heb,3,7,94,11,136,novum_testamentum.ad_hebraeos.3.7,septuaginta.psalmi urn:cts:greekLit:tlg0527.tlg027.1st1K-grc1.94.11
Heb,13,6,55,11,134,novum_testamentum.ad_hebraeos.13.6,septuaginta.psalmi urn:cts:greekLit:tlg0527.tlg027.1st1K-grc1.55.11
Heb,13,6,55,12,134,novum_testamentum.ad_hebraeos.13.6,septuaginta.psalmi urn:cts:greekLit:tlg0527.tlg027.1st1K-grc1.55.12
Heb,13,6,53,4,130,novum_testamentum.ad_hebraeos.13.6,septuaginta.psalmi urn:cts:greekLit:tlg0527.tlg027.1st1K-grc1.53.4
Heb,13,6,32,20,123,novum_testamentum.ad_hebraeos.13.6,septuaginta.psalmi urn:cts:greekLit:tlg0527.tlg027.1st1K-grc1.32.20
Heb,13,6,62,7,118,novum_testamentum.ad_hebraeos.13.6,septuaginta.psalmi urn:cts:greekLit:tlg0527.tlg027.1st1K-grc1.62.7
Heb,4,12,118,130,111,novum_testamentum.ad_hebraeos.4.12,septuaginta.psalmi urn:cts:greekLit:tlg0527.tlg027.1st1K-grc1.118.130
Heb,13,6,93,17,106,novum_testamentum.ad_hebraeos.13.6,septuaginta.psalmi urn:cts:greekLit:tlg0527.tlg027.1st1K-grc1.93.17
Heb,13,6,39,17,105,novum_testamentum.ad_hebraeos.13.6,septuaginta.psalmi urn:cts:greekLit:tlg0527.tlg027.1st1K-grc1.39.17
Heb,1,8,44,6,92,novum_testamentum.ad_hebraeos.1.8,septuaginta.psalmi urn:cts:greekLit:tlg0527.tlg027.1st1K-grc1.44.6
Heb,1,8,44,7,92,novum_testamentum.ad_hebraeos.1.8,septuaginta.psalmi urn:cts:greekLit:tlg0527.tlg027.1st1K-grc1.44.7
Heb,13,6,26,9,87,novum_testamentum.ad_hebraeos.13.6,septuaginta.psalmi urn:cts:greekLit:tlg0527.tlg027.1st1K-grc1.26.9
Heb,11,6,104,3,85,novum_testamentum.ad_hebraeos.11.6,septuaginta.psalmi urn:cts:greekLit:tlg0527.tlg027.1st1K-grc1.104.3
Heb,11,6,104,4,85,novum_testamentum.ad_hebraeos.11.6,septuaginta.psalmi urn:cts:greekLit:tlg0527.tlg027.1st1K-grc1.104.4
Heb,13,6,113,1,85,novum_testamentum.ad_hebraeos.13.6,septuaginta.psalmi urn:cts:greekLit:tlg0527.tlg027.1st1K-grc1.113.1
Heb,13,6,113,2,85,novum_testamentum.ad_hebraeos.13.6,septuaginta.psalmi urn:cts:greekLit:tlg0527.tlg027.1st1K-grc1.113.2
Heb,13,6,113,3,85,novum_testamentum.ad_hebraeos.13.6,septuaginta.psalmi urn:cts:greekLit:tlg0527.tlg027.1st1K-grc1.113.3
Heb,13,6,113,4,85,novum_testamentum.ad_hebraeos.13.6,septuaginta.psalmi urn:cts:greekLit:tlg0527.tlg027.1st1K-grc1.113.4
Heb,13,6,113,5,85,novum_testamentum.ad_hebraeos.13.6,septuaginta.psalmi urn:cts:greekLit:tlg0527.tlg027.1st1K-grc1.113.5
Heb,13,6,113,6,85,novum_testamentum.ad_hebraeos.13.6,septuaginta.psalmi urn:cts:greekLit:tlg0527.tlg027.1st1K-grc1.113.6
Heb,13,6,113,7,85,novum_testamentum.ad_hebraeos.13.6,septuaginta.psalmi urn:cts:greekLit:tlg0527.tlg027.1st1K-grc1.113.7
Heb,13,6,113,8,85,novum_testamentum.ad_hebraeos.13.6,septuaginta.psalmi urn:cts:greekLit:tlg0527.tlg027.1st1K-grc1.113.8
Heb,13,6,113,9,85,novum_testamentum.ad_hebraeos.13.6,septuaginta.psalmi urn:cts:greekLit:tlg0527.tlg027.1st1K-grc1.113.9
Heb,13,6,113,10,85,novum_testamentum.ad_hebraeos.13.6,septuaginta.psalmi urn:cts:greekLit:tlg0527.tlg027.1st1K-grc1.113.10
Heb,13,6,113,11,85,novum_testamentum.ad_hebraeos.13.6,septuaginta.psalmi urn:cts:greekLit:tlg0527.tlg027.1st1K-grc1.113.11
Heb,13,6,113,12,85,novum_testamentum.ad_hebraeos.13.6,septuaginta.psalmi urn:cts:greekLit:tlg0527.tlg027.1st1K-grc1.113.12
Heb,13,6,113,13,85,novum_testamentum.ad_hebraeos.13.6,septuaginta.psalmi urn:cts:greekLit:tlg0527.tlg027.1st1K-grc1.113.13
Heb,13,6,113,14,85,novum_testamentum.ad_hebraeos.13.6,septuaginta.psalmi urn:cts:greekLit:tlg0527.tlg027.1st1K-grc1.113.14
Heb,13,6,113,15,85,novum_testamentum.ad_hebraeos.13.6,septuaginta.psalmi urn:cts:greekLit:tlg0527.tlg027.1st1K-grc1.113.15
Heb,13,6,113,16,85,novum_testamentum.ad_hebraeos.13.6,septuaginta.psalmi urn:cts:greekLit:tlg0527.tlg027.1st1K-grc1.113.16
Heb,13,6,113,17,85,novum_testamentum.ad_hebraeos.13.6,septuaginta.psalmi urn:cts:greekLit:tlg0527.tlg027.1st1K-grc1.113.17
Heb,13,6,113,18,85,novum_testamentum.ad_hebraeos.13.6,septuaginta.psalmi urn:cts:greekLit:tlg0527.tlg027.1st1K-grc1.113.18
Heb,13,6,113,19,85,novum_testamentum.ad_hebraeos.13.6,septuaginta.psalmi urn:cts:greekLit:tlg0527.tlg027.1st1K-grc1.113.19
Heb,13,6,113,20,85,novum_testamentum.ad_hebraeos.13.6,septuaginta.psalmi urn:cts:greekLit:tlg0527.tlg027.1st1K-grc1.113.20
Heb,13,6,113,21,85,novum_testamentum.ad_hebraeos.13.6,septuaginta.psalmi urn:cts:greekLit:tlg0527.tlg027.1st1K-grc1.113.21
Heb,13,6,113,22,85,novum_testamentum.ad_hebraeos.13.6,septuaginta.psalmi urn:cts:greekLit:tlg0527.tlg027.1st1K-grc1.113.22
Heb,13,6,113,23,85,novum_testamentum.ad_hebraeos.13.6,septuaginta.psalmi urn:cts:greekLit:tlg0527.tlg027.1st1K-grc1.113.23
Heb,13,6,113,24,85,novum_testamentum.ad_hebraeos.13.6,septuaginta.psalmi urn:cts:greekLit:tlg0527.tlg027.1st1K-grc1.113.24
Heb,13,6,113,25,85,novum_testamentum.ad_hebraeos.13.6,septuaginta.psalmi urn:cts:greekLit:tlg0527.tlg027.1st1K-grc1.113.25
Heb,13,6,113,26,85,novum_testamentum.ad_hebraeos.13.6,septuaginta.psalmi urn:cts:greekLit:tlg0527.tlg027.1st1K-grc1.113.26
Heb,11,1,26,13,80,novum_testamentum.ad_hebraeos.11.1,septuaginta.psalmi urn:cts:greekLit:tlg0527.tlg027.1st1K-grc1.26.13
Heb,13,6,145,3,79,novum_testamentum.ad_hebraeos.13.6,septuaginta.psalmi urn:cts:greekLit:tlg0527.tlg027.1st1K-grc1.145.3
Heb,13,5,36,25,76,novum_testamentum.ad_hebraeos.13.5,septuaginta.psalmi urn:cts:greekLit:tlg0527.tlg027.1st1K-grc1.36.25
Heb,1,5,2,7,70,novum_testamentum.ad_hebraeos.1.5,septuaginta.psalmi urn:cts:greekLit:tlg0527.tlg027.1st1K-grc1.2.7
Heb,13,6,17,1,68,novum_testamentum.ad_hebraeos.13.6,septuaginta.psalmi urn:cts:greekLit:tlg0527.tlg027.1st1K-grc1.17.1
Heb,13,6,17,2,68,novum_testamentum.ad_hebraeos.13.6,septuaginta.psalmi urn:cts:greekLit:tlg0527.tlg027.1st1K-grc1.17.2
Heb,11,6,118,10,66,novum_testamentum.ad_hebraeos.11.6,septuaginta.psalmi urn:cts:greekLit:tlg0527.tlg027.1st1K-grc1.118.10
Heb,13,8,89,2,61,novum_testamentum.ad_hebraeos.13.8,septuaginta.psalmi urn:cts:greekLit:tlg0527.tlg027.1st1K-grc1.89.2
Heb,13,8,101,27,61,novum_testamentum.ad_hebraeos.13.8,septuaginta.psalmi urn:cts:greekLit:tlg0527.tlg027.1st1K-grc1.101.27
Heb,13,8,101,28,61,novum_testamentum.ad_hebraeos.13.8,septuaginta.psalmi urn:cts:greekLit:tlg0527.tlg027.1st1K-grc1.101.28
Heb,10,36,36,7,56,novum_testamentum.ad_hebraeos.10.36,septuaginta.psalmi urn:cts:greekLit:tlg0527.tlg027.1st1K-grc1.36.7
Heb,10,7,39,7,55,novum_testamentum.ad_hebraeos.10.7,septuaginta.psalmi urn:cts:greekLit:tlg0527.tlg027.1st1K-grc1.39.7
Heb,10,7,39,8,55,novum_testamentum.ad_hebraeos.10.7,septuaginta.psalmi urn:cts:greekLit:tlg0527.tlg027.1st1K-grc1.39.8
Heb,11,1,41,11,55,novum_testamentum.ad_hebraeos.11.1,septuaginta.psalmi urn:cts:greekLit:tlg0527.tlg027.1st1K-grc1.41.11
Heb,3,7,80,13,54,novum_testamentum.ad_hebraeos.3.7,septuaginta.psalmi urn:cts:greekLit:tlg0527.tlg027.1st1K-grc1.80.13
Heb,4,12,149,6,51,novum_testamentum.ad_hebraeos.4.12,septuaginta.psalmi urn:cts:greekLit:tlg0527.tlg027.1st1K-grc1.149.6
Heb,1,7,103,4,46,novum_testamentum.ad_hebraeos.1.7,septuaginta.psalmi urn:cts:greekLit:tlg0527.tlg027.1st1K-grc1.103.4
Heb,1,10,101,25,45,novum_testamentum.ad_hebraeos.1.10,septuaginta.psalmi urn:cts:greekLit:tlg0527.tlg027.1st1K-grc1.101.25
Heb,1,10,101,26,45,novum_testamentum.ad_hebraeos.1.10,septuaginta.psalmi urn:cts:greekLit:tlg0527.tlg027.1st1K-grc1.101.26
Heb,1,10,101,27,45,novum_testamentum.ad_hebraeos.1.10,septuaginta.psalmi urn:cts:greekLit:tlg0527.tlg027.1st1K-grc1.101.27
Heb,10,5,39,6,45,novum_testamentum.ad_hebraeos.10.5,septuaginta.psalmi urn:cts:greekLit:tlg0527.tlg027.1st1K-grc1.39.6
Heb,10,5,39,7,45,novum_testamentum.ad_hebraeos.10.5,septuaginta.psalmi urn:cts:greekLit:tlg0527.tlg027.1st1K-grc1.39.7
Heb,10,5,39,8,45,novum_testamentum.ad_hebraeos.10.5,septuaginta.psalmi urn:cts:greekLit:tlg0527.tlg027.1st1K-grc1.39.8
Heb,13,5,36,28,45,novum_testamentum.ad_hebraeos.13.5,septuaginta.psalmi urn:cts:greekLit:tlg0527.tlg027.1st1K-grc1.36.28
Heb,13,8,102,17,44,novum_testamentum.ad_hebraeos.13.8,septuaginta.psalmi urn:cts:greekLit:tlg0527.tlg027.1st1K-grc1.102.17
Heb,11,6,72,28,42,novum_testamentum.ad_hebraeos.11.6,septuaginta.psalmi urn:cts:greekLit:tlg0527.tlg027.1st1K-grc1.72.28
Heb,2,6,8,4,41,novum_testamentum.ad_hebraeos.2.6,septuaginta.psalmi urn:cts:greekLit:tlg0527.tlg027.1st1K-grc1.8.4
Heb,2,6,8,5,41,novum_testamentum.ad_hebraeos.2.6,septuaginta.psalmi urn:cts:greekLit:tlg0527.tlg027.1st1K-grc1.8.5
Heb,2,6,8,6,41,novum_testamentum.ad_hebraeos.2.6,septuaginta.psalmi urn:cts:greekLit:tlg0527.tlg027.1st1K-grc1.8.6
Heb,2,6,8,7,41,novum_testamentum.ad_hebraeos.2.6,septuaginta.psalmi urn:cts:greekLit:tlg0527.tlg027.1st1K-grc1.8.7
Heb,2,6,8,8,41,novum_testamentum.ad_hebraeos.2.6,septuaginta.psalmi urn:cts:greekLit:tlg0527.tlg027.1st1K-grc1.8.8
Heb,4,13,32,13,41,novum_testamentum.ad_hebraeos.4.13,septuaginta.psalmi urn:cts:greekLit:tlg0527.tlg027.1st1K-grc1.32.13
Heb,4,13,32,14,41,novum_testamentum.ad_hebraeos.4.13,septuaginta.psalmi urn:cts:greekLit:tlg0527.tlg027.1st1K-grc1.32.14
Heb,4,13,32,15,41,novum_testamentum.ad_hebraeos.4.13,septuaginta.psalmi urn:cts:greekLit:tlg0527.tlg027.1st1K-grc1.32.15
Heb,1,9,44,7,40,novum_testamentum.ad_hebraeos.1.9,septuaginta.psalmi urn:cts:greekLit:tlg0527.tlg027.1st1K-grc1.44.7
Heb,4,12,138,2,40,novum_testamentum.ad_hebraeos.4.12,septuaginta.psalmi urn:cts:greekLit:tlg0527.tlg027.1st1K-grc1.138.2
Heb,11,3,32,6,39,novum_testamentum.ad_hebraeos.11.3,septuaginta.psalmi urn:cts:greekLit:tlg0527.tlg027.1st1K-grc1.32.6
Heb,2,12,21,22,38,novum_testamentum.ad_hebraeos.2.12,septuaginta.psalmi urn:cts:greekLit:tlg0527.tlg027.1st1K-grc1.21.22
Heb,3,7,80,11,38,novum_testamentum.ad_hebraeos.3.7,septuaginta.psalmi urn:cts:greekLit:tlg0527.tlg027.1st1K-grc1.80.11
Heb,13,8,89,4,37,novum_testamentum.ad_hebraeos.13.8,septuaginta.psalmi urn:cts:greekLit:tlg0527.tlg027.1st1K-grc1.89.4
Heb,1,14,33,7,36,novum_testamentum.ad_hebraeos.1.14,septuaginta.psalmi urn:cts:greekLit:tlg0527.tlg027.1st1K-grc1.33.7
Heb,13,15,106,21,34,novum_testamentum.ad_hebraeos.13.15,septuaginta.psalmi urn:cts:greekLit:tlg0527.tlg027.1st1K-grc1.106.21
Heb,13,15,106,22,34,novum_testamentum.ad_hebraeos.13.15,septuaginta.psalmi urn:cts:greekLit:tlg0527.tlg027.1st1K-grc1.106.22
Heb,1,13,109,1,33,novum_testamentum.ad_hebraeos.1.13,septuaginta.psalmi urn:cts:greekLit:tlg0527.tlg027.1st1K-grc1.109.1
Heb,1,14,102,20,31,novum_testamentum.ad_hebraeos.1.14,septuaginta.psalmi urn:cts:greekLit:tlg0527.tlg027.1st1K-grc1.102.20
Heb,1,14,102,21,31,novum_testamentum.ad_hebraeos.1.14,septuaginta.psalmi urn:cts:greekLit:tlg0527.tlg027.1st1K-grc1.102.21
Heb,4,12,44,3,31,novum_testamentum.ad_hebraeos.4.12,septuaginta.psalmi urn:cts:greekLit:tlg0527.tlg027.1st1K-grc1.44.3
Heb,1,14,90,11,30,novum_testamentum.ad_hebraeos.1.14,septuaginta.psalmi urn:cts:greekLit:tlg0527.tlg027.1st1K-grc1.90.11
Heb,1,14,90,12,30,novum_testamentum.ad_hebraeos.1.14,septuaginta.psalmi urn:cts:greekLit:tlg0527.tlg027.1st1K-grc1.90.12
Heb,2,6,143,3,30,novum_testamentum.ad_hebraeos.2.6,septuaginta.psalmi urn:cts:greekLit:tlg0527.tlg027.1st1K-grc1.143.3
Heb,1,12,101,26,28,novum_testamentum.ad_hebraeos.1.12,septuaginta.psalmi urn:cts:greekLit:tlg0527.tlg027.1st1K-grc1.101.26
Heb,1,12,101,27,28,novum_testamentum.ad_hebraeos.1.12,septuaginta.psalmi urn:cts:greekLit:tlg0527.tlg027.1st1K-grc1.101.27
Heb,13,15,49,14,27,novum_testamentum.ad_hebraeos.13.15,septuaginta.psalmi urn:cts:greekLit:tlg0527.tlg027.1st1K-grc1.49.14
Heb,11,6,105,21,25,novum_testamentum.ad_hebraeos.11.6,septuaginta.psalmi urn:cts:greekLit:tlg0527.tlg027.1st1K-grc1.105.21
Heb,11,6,105,22,25,novum_testamentum.ad_hebraeos.11.6,septuaginta.psalmi urn:cts:greekLit:tlg0527.tlg027.1st1K-grc1.105.22
Heb,11,6,77,32,25,novum_testamentum.ad_hebraeos.11.6,septuaginta.psalmi urn:cts:greekLit:tlg0527.tlg027.1st1K-grc1.77.32
Heb,2,7,8,5,23,novum_testamentum.ad_hebraeos.2.7,septuaginta.psalmi urn:cts:greekLit:tlg0527.tlg027.1st1K-grc1.8.5
Heb,12,6,118,75,23,novum_testamentum.ad_hebraeos.12.6,septuaginta.psalmi urn:cts:greekLit:tlg0527.tlg027.1st1K-grc1.118.75
Heb,12,11,117,18,23,novum_testamentum.ad_hebraeos.12.11,septuaginta.psalmi urn:cts:greekLit:tlg0527.tlg027.1st1K-grc1.117.18
Heb,4,3,94,11,22,novum_testamentum.ad_hebraeos.4.3,septuaginta.psalmi urn:cts:greekLit:tlg0527.tlg027.1st1K-grc1.94.11
Heb,5,6,109,4,22,novum_testamentum.ad_hebraeos.5.6,septuaginta.psalmi urn:cts:greekLit:tlg0527.tlg027.1st1K-grc1.109.4
Heb,11,6,57,11,22,novum_testamentum.ad_hebraeos.11.6,septuaginta.psalmi urn:cts:greekLit:tlg0527.tlg027.1st1K-grc1.57.11
Heb,4,13,43,21,21,novum_testamentum.ad_hebraeos.4.13,septuaginta.psalmi urn:cts:greekLit:tlg0527.tlg027.1st1K-grc1.43.21
Heb,5,5,2,7,21,novum_testamentum.ad_hebraeos.5.5,septuaginta.psalmi urn:cts:greekLit:tlg0527.tlg027.1st1K-grc1.2.7
Heb,7,21,109,4,21,novum_testamentum.ad_hebraeos.7.21,septuaginta.psalmi urn:cts:greekLit:tlg0527.tlg027.1st1K-grc1.109.4
Heb,11,6,105,24,21,novum_testamentum.ad_hebraeos.11.6,septuaginta.psalmi urn:cts:greekLit:tlg0527.tlg027.1st1K-grc1.105.24
Heb,11,6,77,22,21,novum_testamentum.ad_hebraeos.11.6,septuaginta.psalmi urn:cts:greekLit:tlg0527.tlg027.1st1K-grc1.77.22
Heb,12,5,93,12,21,novum_testamentum.ad_hebraeos.12.5,septuaginta.psalmi urn:cts:greekLit:tlg0527.tlg027.1st1K-grc1.93.12
Heb,12,14,33,14,21,novum_testamentum.ad_hebraeos.12.14,septuaginta.psalmi urn:cts:greekLit:tlg0527.tlg027.1st1K-grc1.33.14
Heb,1,6,96,7,20,novum_testamentum.ad_hebraeos.1.6,septuaginta.psalmi urn:cts:greekLit:tlg0527.tlg027.1st1K-grc1.96.7
Heb,4,7,94,7,20,novum_testamentum.ad_hebraeos.4.7,septuaginta.psalmi urn:cts:greekLit:tlg0527.tlg027.1st1K-grc1.94.7
Heb,12,11,118,165,19,novum_testamentum.ad_hebraeos.12.11,septuaginta.psalmi urn:cts:greekLit:tlg0527.tlg027.1st1K-grc1.118.165
Heb,4,12,109,2,18,novum_testamentum.ad_hebraeos.4.12,septuaginta.psalmi urn:cts:greekLit:tlg0527.tlg027.1st1K-grc1.109.2
Heb,12,28,2,11,18,novum_testamentum.ad_hebraeos.12.28,septuaginta.psalmi urn:cts:greekLit:tlg0527.tlg027.1st1K-grc1.2.11
Heb,13,16,36,3,18,novum_testamentum.ad_hebraeos.13.16,septuaginta.psalmi urn:cts:greekLit:tlg0527.tlg027.1st1K-grc1.36.3
Heb,1,5,88,26,17,novum_testamentum.ad_hebraeos.1.5,septuaginta.psalmi urn:cts:greekLit:tlg0527.tlg027.1st1K-grc1.88.26
Heb,1,5,88,27,17,novum_testamentum.ad_hebraeos.1.5,septuaginta.psalmi urn:cts:greekLit:tlg0527.tlg027.1st1K-grc1.88.27
Heb,1,9,22,5,17,novum_testamentum.ad_hebraeos.1.9,septuaginta.psalmi urn:cts:greekLit:tlg0527.tlg027.1st1K-grc1.22.5
Heb,6,19,42,5,17,novum_testamentum.ad_hebraeos.6.19,septuaginta.psalmi urn:cts:greekLit:tlg0527.tlg027.1st1K-grc1.42.5
Heb,13,5,118,36,17,novum_testamentum.ad_hebraeos.13.5,septuaginta.psalmi urn:cts:greekLit:tlg0527.tlg027.1st1K-grc1.118.36
Heb,13,15,144,1,17,novum_testamentum.ad_hebraeos.13.15,septuaginta.psalmi urn:cts:greekLit:tlg0527.tlg027.1st1K-grc1.144.1
Heb,13,15,144,2,17,novum_testamentum.ad_hebraeos.13.15,septuaginta.psalmi urn:cts:greekLit:tlg0527.tlg027.1st1K-grc1.144.2
Heb,13,15,144,3,17,novum_testamentum.ad_hebraeos.13.15,septuaginta.psalmi urn:cts:greekLit:tlg0527.tlg027.1st1K-grc1.144.3
Heb,13,15,144,4,17,novum_testamentum.ad_hebraeos.13.15,septuaginta.psalmi urn:cts:greekLit:tlg0527.tlg027.1st1K-grc1.144.4
Heb,13,15,144,5,17,novum_testamentum.ad_hebraeos.13.15,septuaginta.psalmi urn:cts:greekLit:tlg0527.tlg027.1st1K-grc1.144.5
Heb,13,15,144,6,17,novum_testamentum.ad_hebraeos.13.15,septuaginta.psalmi urn:cts:greekLit:tlg0527.tlg027.1st1K-grc1.144.6
Heb,13,15,144,7,17,novum_testamentum.ad_hebraeos.13.15,septuaginta.psalmi urn:cts:greekLit:tlg0527.tlg027.1st1K-grc1.144.7
Heb,13,15,144,8,17,novum_testamentum.ad_hebraeos.13.15,septuaginta.psalmi urn:cts:greekLit:tlg0527.tlg027.1st1K-grc1.144.8
Heb,13,15,144,9,17,novum_testamentum.ad_hebraeos.13.15,septuaginta.psalmi urn:cts:greekLit:tlg0527.tlg027.1st1K-grc1.144.9
Heb,13,15,144,10,17,novum_testamentum.ad_hebraeos.13.15,septuaginta.psalmi urn:cts:greekLit:tlg0527.tlg027.1st1K-grc1.144.10
Heb,13,15,144,11,17,novum_testamentum.ad_hebraeos.13.15,septuaginta.psalmi urn:cts:greekLit:tlg0527.tlg027.1st1K-grc1.144.11
Heb,13,15,144,12,17,novum_testamentum.ad_hebraeos.13.15,septuaginta.psalmi urn:cts:greekLit:tlg0527.tlg027.1st1K-grc1.144.12
Heb,13,15,144,13,17,novum_testamentum.ad_hebraeos.13.15,septuaginta.psalmi urn:cts:greekLit:tlg0527.tlg027.1st1K-grc1.144.13
Heb,13,15,144,14,17,novum_testamentum.ad_hebraeos.13.15,septuaginta.psalmi urn:cts:greekLit:tlg0527.tlg027.1st1K-grc1.144.14
Heb,13,15,144,15,17,novum_testamentum.ad_hebraeos.13.15,septuaginta.psalmi urn:cts:greekLit:tlg0527.tlg027.1st1K-grc1.144.15
Heb,13,15,144,16,17,novum_testamentum.ad_hebraeos.13.15,septuaginta.psalmi urn:cts:greekLit:tlg0527.tlg027.1st1K-grc1.144.16
Heb,13,15,144,17,17,novum_testamentum.ad_hebraeos.13.15,septuaginta.psalmi urn:cts:greekLit:tlg0527.tlg027.1st1K-grc1.144.17
Heb,13,15,144,18,17,novum_testamentum.ad_hebraeos.13.15,septuaginta.psalmi urn:cts:greekLit:tlg0527.tlg027.1st1K-grc1.144.18
Heb,13,15,144,19,17,novum_testamentum.ad_hebraeos.13.15,septuaginta.psalmi urn:cts:greekLit:tlg0527.tlg027.1st1K-grc1.144.19
Heb,13,15,144,20,17,novum_testamentum.ad_hebraeos.13.15,septuaginta.psalmi urn:cts:greekLit:tlg0527.tlg027.1st1K-grc1.144.20
Heb,13,15,144,21,17,novum_testamentum.ad_hebraeos.13.15,septuaginta.psalmi urn:cts:greekLit:tlg0527.tlg027.1st1K-grc1.144.21
Heb,4,13,89,8,16,novum_testamentum.ad_hebraeos.4.13,septuaginta.psalmi urn:cts:greekLit:tlg0527.tlg027.1st1K-grc1.89.8
Heb,4,13,7,9,16,novum_testamentum.ad_hebraeos.4.13,septuaginta.psalmi urn:cts:greekLit:tlg0527.tlg027.1st1K-grc1.7.9
Heb,10,38,84,8,16,novum_testamentum.ad_hebraeos.10.38,septuaginta.psalmi urn:cts:greekLit:tlg0527.tlg027.1st1K-grc1.84.8
Heb,11,25,83,10,16,novum_testamentum.ad_hebraeos.11.25,septuaginta.psalmi urn:cts:greekLit:tlg0527.tlg027.1st1K-grc1.83.10
Heb,12,6,93,12,16,novum_testamentum.ad_hebraeos.12.6,septuaginta.psalmi urn:cts:greekLit:tlg0527.tlg027.1st1K-grc1.93.12
Heb,7,17,109,4,15,novum_testamentum.ad_hebraeos.7.17,septuaginta.psalmi urn:cts:greekLit:tlg0527.tlg027.1st1K-grc1.109.4
Heb,10,31,75,7,15,novum_testamentum.ad_hebraeos.10.31,septuaginta.psalmi urn:cts:greekLit:tlg0527.tlg027.1st1K-grc1.75.7
Heb,12,2,137,8,15,novum_testamentum.ad_hebraeos.12.2,septuaginta.psalmi urn:cts:greekLit:tlg0527.tlg027.1st1K-grc1.137.8
Heb,13,20,22,1,15,novum_testamentum.ad_hebraeos.13.20,septuaginta.psalmi urn:cts:greekLit:tlg0527.tlg027.1st1K-grc1.22.1
Heb,1,10,8,3,14,novum_testamentum.ad_hebraeos.1.10,septuaginta.psalmi urn:cts:greekLit:tlg0527.tlg027.1st1K-grc1.8.3
Heb,1,10,8,4,14,novum_testamentum.ad_hebraeos.1.10,septuaginta.psalmi urn:cts:greekLit:tlg0527.tlg027.1st1K-grc1.8.4
Heb,2,1,118,9,14,novum_testamentum.ad_hebraeos.2.1,septuaginta.psalmi urn:cts:greekLit:tlg0527.tlg027.1st1K-grc1.118.9
Heb,3,10,94,10,13,novum_testamentum.ad_hebraeos.3.10,septuaginta.psalmi urn:cts:greekLit:tlg0527.tlg027.1st1K-grc1.94.10
Heb,10,22,72,28,13,novum_testamentum.ad_hebraeos.10.22,septuaginta.psalmi urn:cts:greekLit:tlg0527.tlg027.1st1K-grc1.72.28
Heb,10,30,49,4,13,novum_testamentum.ad_hebraeos.10.30,septuaginta.psalmi urn:cts:greekLit:tlg0527.tlg027.1st1K-grc1.49.4
Heb,10,35,18,11,13,novum_testamentum.ad_hebraeos.10.35,septuaginta.psalmi urn:cts:greekLit:tlg0527.tlg027.1st1K-grc1.18.11
Heb,11,13,38,12,13,novum_testamentum.ad_hebraeos.11.13,septuaginta.psalmi urn:cts:greekLit:tlg0527.tlg027.1st1K-grc1.38.12
Heb,3,15,94,7,12,novum_testamentum.ad_hebraeos.3.15,septuaginta.psalmi urn:cts:greekLit:tlg0527.tlg027.1st1K-grc1.94.7
Heb,10,31,89,11,12,novum_testamentum.ad_hebraeos.10.31,septuaginta.psalmi urn:cts:greekLit:tlg0527.tlg027.1st1K-grc1.89.11
Heb,12,1,17,23,12,novum_testamentum.ad_hebraeos.12.1,septuaginta.psalmi urn:cts:greekLit:tlg0527.tlg027.1st1K-grc1.17.23
Heb,12,29,96,3,12,novum_testamentum.ad_hebraeos.12.29,septuaginta.psalmi urn:cts:greekLit:tlg0527.tlg027.1st1K-grc1.96.3
Heb,5,7,21,1,11,novum_testamentum.ad_hebraeos.5.7,septuaginta.psalmi urn:cts:greekLit:tlg0527.tlg027.1st1K-grc1.21.1
Heb,5,7,21,2,11,novum_testamentum.ad_hebraeos.5.7,septuaginta.psalmi urn:cts:greekLit:tlg0527.tlg027.1st1K-grc1.21.2
Heb,5,7,21,3,11,novum_testamentum.ad_hebraeos.5.7,septuaginta.psalmi urn:cts:greekLit:tlg0527.tlg027.1st1K-grc1.21.3
Heb,5,7,21,4,11,novum_testamentum.ad_hebraeos.5.7,septuaginta.psalmi urn:cts:greekLit:tlg0527.tlg027.1st1K-grc1.21.4
Heb,5,7,21,5,11,novum_testamentum.ad_hebraeos.5.7,septuaginta.psalmi urn:cts:greekLit:tlg0527.tlg027.1st1K-grc1.21.5
Heb,5,7,21,6,11,novum_testamentum.ad_hebraeos.5.7,septuaginta.psalmi urn:cts:greekLit:tlg0527.tlg027.1st1K-grc1.21.6
Heb,5,7,21,7,11,novum_testamentum.ad_hebraeos.5.7,septuaginta.psalmi urn:cts:greekLit:tlg0527.tlg027.1st1K-grc1.21.7
Heb,5,7,21,8,11,novum_testamentum.ad_hebraeos.5.7,septuaginta.psalmi urn:cts:greekLit:tlg0527.tlg027.1st1K-grc1.21.8
Heb,5,7,21,9,11,novum_testamentum.ad_hebraeos.5.7,septuaginta.psalmi urn:cts:greekLit:tlg0527.tlg027.1st1K-grc1.21.9
Heb,5,7,21,10,11,novum_testamentum.ad_hebraeos.5.7,septuaginta.psalmi urn:cts:greekLit:tlg0527.tlg027.1st1K-grc1.21.10
Heb,5,7,21,11,11,novum_testamentum.ad_hebraeos.5.7,septuaginta.psalmi urn:cts:greekLit:tlg0527.tlg027.1st1K-grc1.21.11
Heb,5,7,21,12,11,novum_testamentum.ad_hebraeos.5.7,septuaginta.psalmi urn:cts:greekLit:tlg0527.tlg027.1st1K-grc1.21.12
Heb,5,7,21,13,11,novum_testamentum.ad_hebraeos.5.7,septuaginta.psalmi urn:cts:greekLit:tlg0527.tlg027.1st1K-grc1.21.13
Heb,5,7,21,14,11,novum_testamentum.ad_hebraeos.5.7,septuaginta.psalmi urn:cts:greekLit:tlg0527.tlg027.1st1K-grc1.21.14
Heb,5,7,21,15,11,novum_testamentum.ad_hebraeos.5.7,septuaginta.psalmi urn:cts:greekLit:tlg0527.tlg027.1st1K-grc1.21.15
Heb,5,7,21,16,11,novum_testamentum.ad_hebraeos.5.7,septuaginta.psalmi urn:cts:greekLit:tlg0527.tlg027.1st1K-grc1.21.16
Heb,5,7,21,17,11,novum_testamentum.ad_hebraeos.5.7,septuaginta.psalmi urn:cts:greekLit:tlg0527.tlg027.1st1K-grc1.21.17
Heb,5,7,21,18,11,novum_testamentum.ad_hebraeos.5.7,septuaginta.psalmi urn:cts:greekLit:tlg0527.tlg027.1st1K-grc1.21.18
Heb,5,7,21,19,11,novum_testamentum.ad_hebraeos.5.7,septuaginta.psalmi urn:cts:greekLit:tlg0527.tlg027.1st1K-grc1.21.19
Heb,5,7,21,20,11,novum_testamentum.ad_hebraeos.5.7,septuaginta.psalmi urn:cts:greekLit:tlg0527.tlg027.1st1K-grc1.21.20
Heb,5,7,21,21,11,novum_testamentum.ad_hebraeos.5.7,septuaginta.psalmi urn:cts:greekLit:tlg0527.tlg027.1st1K-grc1.21.21
Heb,5,7,21,24,11,novum_testamentum.ad_hebraeos.5.7,septuaginta.psalmi urn:cts:greekLit:tlg0527.tlg027.1st1K-grc1.21.24
Heb,6,18,45,1,11,novum_testamentum.ad_hebraeos.6.18,septuaginta.psalmi urn:cts:greekLit:tlg0527.tlg027.1st1K-grc1.45.1
Heb,6,19,61,5,11,novum_testamentum.ad_hebraeos.6.19,septuaginta.psalmi urn:cts:greekLit:tlg0527.tlg027.1st1K-grc1.61.5
Heb,6,19,61,6,11,novum_testamentum.ad_hebraeos.6.19,septuaginta.psalmi urn:cts:greekLit:tlg0527.tlg027.1st1K-grc1.61.6
Heb,10,13,109,1,11,novum_testamentum.ad_hebraeos.10.13,septuaginta.psalmi urn:cts:greekLit:tlg0527.tlg027.1st1K-grc1.109.1
Heb,10,38,146,1,11,novum_testamentum.ad_hebraeos.10.38,septuaginta.psalmi urn:cts:greekLit:tlg0527.tlg027.1st1K-grc1.146.1
Heb,10,38,146,2,11,novum_testamentum.ad_hebraeos.10.38,septuaginta.psalmi urn:cts:greekLit:tlg0527.tlg027.1st1K-grc1.146.2
Heb,10,38,146,3,11,novum_testamentum.ad_hebraeos.10.38,septuaginta.psalmi urn:cts:greekLit:tlg0527.tlg027.1st1K-grc1.146.3
Heb,10,38,146,4,11,novum_testamentum.ad_hebraeos.10.38,septuaginta.psalmi urn:cts:greekLit:tlg0527.tlg027.1st1K-grc1.146.4
Heb,10,38,146,5,11,novum_testamentum.ad_hebraeos.10.38,septuaginta.psalmi urn:cts:greekLit:tlg0527.tlg027.1st1K-grc1.146.5
Heb,10,38,146,6,11,novum_testamentum.ad_hebraeos.10.38,septuaginta.psalmi urn:cts:greekLit:tlg0527.tlg027.1st1K-grc1.146.6
Heb,10,38,146,7,11,novum_testamentum.ad_hebraeos.10.38,septuaginta.psalmi urn:cts:greekLit:tlg0527.tlg027.1st1K-grc1.146.7
Heb,10,38,146,8,11,novum_testamentum.ad_hebraeos.10.38,septuaginta.psalmi urn:cts:greekLit:tlg0527.tlg027.1st1K-grc1.146.8
Heb,10,38,146,9,11,novum_testamentum.ad_hebraeos.10.38,septuaginta.psalmi urn:cts:greekLit:tlg0527.tlg027.1st1K-grc1.146.9
Heb,10,38,146,10,11,novum_testamentum.ad_hebraeos.10.38,septuaginta.psalmi urn:cts:greekLit:tlg0527.tlg027.1st1K-grc1.146.10
Heb,10,38,146,11,11,novum_testamentum.ad_hebraeos.10.38,septuaginta.psalmi urn:cts:greekLit:tlg0527.tlg027.1st1K-grc1.146.11
Heb,10,38,147,1,11,novum_testamentum.ad_hebraeos.10.38,septuaginta.psalmi urn:cts:greekLit:tlg0527.tlg027.1st1K-grc1.147.1
Heb,10,38,147,2,11,novum_testamentum.ad_hebraeos.10.38,septuaginta.psalmi urn:cts:greekLit:tlg0527.tlg027.1st1K-grc1.147.2
Heb,10,38,147,3,11,novum_testamentum.ad_hebraeos.10.38,septuaginta.psalmi urn:cts:greekLit:tlg0527.tlg027.1st1K-grc1.147.3
Heb,10,38,147,4,11,novum_testamentum.ad_hebraeos.10.38,septuaginta.psalmi urn:cts:greekLit:tlg0527.tlg027.1st1K-grc1.147.4
Heb,10,38,147,5,11,novum_testamentum.ad_hebraeos.10.38,septuaginta.psalmi urn:cts:greekLit:tlg0527.tlg027.1st1K-grc1.147.5
Heb,10,38,147,6,11,novum_testamentum.ad_hebraeos.10.38,septuaginta.psalmi urn:cts:greekLit:tlg0527.tlg027.1st1K-grc1.147.6
Heb,10,38,147,7,11,novum_testamentum.ad_hebraeos.10.38,septuaginta.psalmi urn:cts:greekLit:tlg0527.tlg027.1st1K-grc1.147.7
Heb,10,38,147,8,11,novum_testamentum.ad_hebraeos.10.38,septuaginta.psalmi urn:cts:greekLit:tlg0527.tlg027.1st1K-grc1.147.8
Heb,10,38,147,9,11,novum_testamentum.ad_hebraeos.10.38,septuaginta.psalmi urn:cts:greekLit:tlg0527.tlg027.1st1K-grc1.147.9
Heb,12,2,21,6,11,novum_testamentum.ad_hebraeos.12.2,septuaginta.psalmi urn:cts:greekLit:tlg0527.tlg027.1st1K-grc1.21.6
Heb,12,2,21,7,11,novum_testamentum.ad_hebraeos.12.2,septuaginta.psalmi urn:cts:greekLit:tlg0527.tlg027.1st1K-grc1.21.7
Heb,12,2,21,8,11,novum_testamentum.ad_hebraeos.12.2,septuaginta.psalmi urn:cts:greekLit:tlg0527.tlg027.1st1K-grc1.21.8
Heb,12,11,88,32,11,novum_testamentum.ad_hebraeos.12.11,septuaginta.psalmi urn:cts:greekLit:tlg0527.tlg027.1st1K-grc1.88.32
Heb,12,14,119,6,11,novum_testamentum.ad_hebraeos.12.14,septuaginta.psalmi urn:cts:greekLit:tlg0527.tlg027.1st1K-grc1.119.6
Heb,13,5,9,1,11,novum_testamentum.ad_hebraeos.13.5,septuaginta.psalmi urn:cts:greekLit:tlg0527.tlg027.1st1K-grc1.9.1
Heb,13,5,9,2,11,novum_testamentum.ad_hebraeos.13.5,septuaginta.psalmi urn:cts:greekLit:tlg0527.tlg027.1st1K-grc1.9.2
Heb,13,5,9,3,11,novum_testamentum.ad_hebraeos.13.5,septuaginta.psalmi urn:cts:greekLit:tlg0527.tlg027.1st1K-grc1.9.3
Heb,13,5,9,4,11,novum_testamentum.ad_hebraeos.13.5,septuaginta.psalmi urn:cts:greekLit:tlg0527.tlg027.1st1K-grc1.9.4
Heb,13,5,9,5,11,novum_testamentum.ad_hebraeos.13.5,septuaginta.psalmi urn:cts:greekLit:tlg0527.tlg027.1st1K-grc1.9.5
Heb,13,5,9,6,11,novum_testamentum.ad_hebraeos.13.5,septuaginta.psalmi urn:cts:greekLit:tlg0527.tlg027.1st1K-grc1.9.6
Heb,13,5,9,7,11,novum_testamentum.ad_hebraeos.13.5,septuaginta.psalmi urn:cts:greekLit:tlg0527.tlg027.1st1K-grc1.9.7
Heb,13,5,9,8,11,novum_testamentum.ad_hebraeos.13.5,septuaginta.psalmi urn:cts:greekLit:tlg0527.tlg027.1st1K-grc1.9.8
Heb,13,5,9,9,11,novum_testamentum.ad_hebraeos.13.5,septuaginta.psalmi urn:cts:greekLit:tlg0527.tlg027.1st1K-grc1.9.9
Heb,13,5,9,10,11,novum_testamentum.ad_hebraeos.13.5,septuaginta.psalmi urn:cts:greekLit:tlg0527.tlg027.1st1K-grc1.9.10
Heb,13,5,9,11,11,novum_testamentum.ad_hebraeos.13.5,septuaginta.psalmi urn:cts:greekLit:tlg0527.tlg027.1st1K-grc1.9.11
Heb,13,5,9,12,11,novum_testamentum.ad_hebraeos.13.5,septuaginta.psalmi urn:cts:greekLit:tlg0527.tlg027.1st1K-grc1.9.12
Heb,13,5,9,13,11,novum_testamentum.ad_hebraeos.13.5,septuaginta.psalmi urn:cts:greekLit:tlg0527.tlg027.1st1K-grc1.9.13
Heb,13,5,9,14,11,novum_testamentum.ad_hebraeos.13.5,septuaginta.psalmi urn:cts:greekLit:tlg0527.tlg027.1st1K-grc1.9.14
Heb,13,5,9,15,11,novum_testamentum.ad_hebraeos.13.5,septuaginta.psalmi urn:cts:greekLit:tlg0527.tlg027.1st1K-grc1.9.15
Heb,13,5,9,16,11,novum_testamentum.ad_hebraeos.13.5,septuaginta.psalmi urn:cts:greekLit:tlg0527.tlg027.1st1K-grc1.9.16
Heb,13,5,9,17,11,novum_testamentum.ad_hebraeos.13.5,septuaginta.psalmi urn:cts:greekLit:tlg0527.tlg027.1st1K-grc1.9.17
Heb,13,5,9,18,11,novum_testamentum.ad_hebraeos.13.5,septuaginta.psalmi urn:cts:greekLit:tlg0527.tlg027.1st1K-grc1.9.18
Heb,13,5,9,19,11,novum_testamentum.ad_hebraeos.13.5,septuaginta.psalmi urn:cts:greekLit:tlg0527.tlg027.1st1K-grc1.9.19
Heb,13,5,9,20,11,novum_testamentum.ad_hebraeos.13.5,septuaginta.psalmi urn:cts:greekLit:tlg0527.tlg027.1st1K-grc1.9.20
Heb,13,5,9,21,11,novum_testamentum.ad_hebraeos.13.5,septuaginta.psalmi urn:cts:greekLit:tlg0527.tlg027.1st1K-grc1.9.21
Heb,13,5,9,22,11,novum_testamentum.ad_hebraeos.13.5,septuaginta.psalmi urn:cts:greekLit:tlg0527.tlg027.1st1K-grc1.9.22
Heb,13,5,9,23,11,novum_testamentum.ad_hebraeos.13.5,septuaginta.psalmi urn:cts:greekLit:tlg0527.tlg027.1st1K-grc1.9.23
Heb,13,5,9,24,11,novum_testamentum.ad_hebraeos.13.5,septuaginta.psalmi urn:cts:greekLit:tlg0527.tlg027.1st1K-grc1.9.24
Heb,13,5,9,25,11,novum_testamentum.ad_hebraeos.13.5,septuaginta.psalmi urn:cts:greekLit:tlg0527.tlg027.1st1K-grc1.9.25
Heb,13,5,9,26,11,novum_testamentum.ad_hebraeos.13.5,septuaginta.psalmi urn:cts:greekLit:tlg0527.tlg027.1st1K-grc1.9.26
Heb,13,5,9,27,11,novum_testamentum.ad_hebraeos.13.5,septuaginta.psalmi urn:cts:greekLit:tlg0527.tlg027.1st1K-grc1.9.27
Heb,13,5,9,28,11,novum_testamentum.ad_hebraeos.13.5,septuaginta.psalmi urn:cts:greekLit:tlg0527.tlg027.1st1K-grc1.9.28
Heb,13,5,9,29,11,novum_testamentum.ad_hebraeos.13.5,septuaginta.psalmi urn:cts:greekLit:tlg0527.tlg027.1st1K-grc1.9.29
Heb,13,5,9,30,11,novum_testamentum.ad_hebraeos.13.5,septuaginta.psalmi urn:cts:greekLit:tlg0527.tlg027.1st1K-grc1.9.30
Heb,13,5,9,31,11,novum_testamentum.ad_hebraeos.13.5,septuaginta.psalmi urn:cts:greekLit:tlg0527.tlg027.1st1K-grc1.9.31
Heb,13,5,9,32,11,novum_testamentum.ad_hebraeos.13.5,septuaginta.psalmi urn:cts:greekLit:tlg0527.tlg027.1st1K-grc1.9.32
Heb,13,5,9,33,11,novum_testamentum.ad_hebraeos.13.5,septuaginta.psalmi urn:cts:greekLit:tlg0527.tlg027.1st1K-grc1.9.33
Heb,13,5,9,34,11,novum_testamentum.ad_hebraeos.13.5,septuaginta.psalmi urn:cts:greekLit:tlg0527.tlg027.1st1K-grc1.9.34
Heb,13,5,9,35,11,novum_testamentum.ad_hebraeos.13.5,septuaginta.psalmi urn:cts:greekLit:tlg0527.tlg027.1st1K-grc1.9.35
Heb,13,5,9,36,11,novum_testamentum.ad_hebraeos.13.5,septuaginta.psalmi urn:cts:greekLit:tlg0527.tlg027.1st1K-grc1.9.36
Heb,13,5,9,37,11,novum_testamentum.ad_hebraeos.13.5,septuaginta.psalmi urn:cts:greekLit:tlg0527.tlg027.1st1K-grc1.9.37
Heb,13,5,9,38,11,novum_testamentum.ad_hebraeos.13.5,septuaginta.psalmi urn:cts:greekLit:tlg0527.tlg027.1st1K-grc1.9.38
Heb,5,7,68,1,10,novum_testamentum.ad_hebraeos.5.7,septuaginta.psalmi urn:cts:greekLit:tlg0527.tlg027.1st1K-grc1.68.1
Heb,12,2,68,19,10,novum_testamentum.ad_hebraeos.12.2,septuaginta.psalmi urn:cts:greekLit:tlg0527.tlg027.1st1K-grc1.68.19
Heb,12,2,68,20,10,novum_testamentum.ad_hebraeos.12.2,septuaginta.psalmi urn:cts:greekLit:tlg0527.tlg027.1st1K-grc1.68.20
Heb,12,2,109,1,10,novum_testamentum.ad_hebraeos.12.2,septuaginta.psalmi urn:cts:greekLit:tlg0527.tlg027.1st1K-grc1.109.1
Heb,12,2,15,9,10,novum_testamentum.ad_hebraeos.12.2,septuaginta.psalmi urn:cts:greekLit:tlg0527.tlg027.1st1K-grc1.15.9
Heb,12,2,15,10,10,novum_testamentum.ad_hebraeos.12.2,septuaginta.psalmi urn:cts:greekLit:tlg0527.tlg027.1st1K-grc1.15.10
Heb,12,2,15,11,10,novum_testamentum.ad_hebraeos.12.2,septuaginta.psalmi urn:cts:greekLit:tlg0527.tlg027.1st1K-grc1.15.11
Heb,12,28,18,14,10,novum_testamentum.ad_hebraeos.12.28,septuaginta.psalmi urn:cts:greekLit:tlg0527.tlg027.1st1K-grc1.18.14
Heb,12,29,49,3,10,novum_testamentum.ad_hebraeos.12.29,septuaginta.psalmi urn:cts:greekLit:tlg0527.tlg027.1st1K-grc1.49.3
Heb,13,15,49,23,10,novum_testamentum.ad_hebraeos.13.15,septuaginta.psalmi urn:cts:greekLit:tlg0527.tlg027.1st1K-grc1.49.23
Heb,13,16,50,19,10,novum_testamentum.ad_hebraeos.13.16,septuaginta.psalmi urn:cts:greekLit:tlg0527.tlg027.1st1K-grc1.50.19
Heb,1,14,103,4,9,novum_testamentum.ad_hebraeos.1.14,septuaginta.psalmi urn:cts:greekLit:tlg0527.tlg027.1st1K-grc1.103.4
Heb,2,8,8,6,9,novum_testamentum.ad_hebraeos.2.8,septuaginta.psalmi urn:cts:greekLit:tlg0527.tlg027.1st1K-grc1.8.6
Heb,2,15,54,4,9,novum_testamentum.ad_hebraeos.2.15,septuaginta.psalmi urn:cts:greekLit:tlg0527.tlg027.1st1K-grc1.54.4
Heb,5,7,68,13,9,novum_testamentum.ad_hebraeos.5.7,septuaginta.psalmi urn:cts:greekLit:tlg0527.tlg027.1st1K-grc1.68.13
Heb,5,7,68,14,9,novum_testamentum.ad_hebraeos.5.7,septuaginta.psalmi urn:cts:greekLit:tlg0527.tlg027.1st1K-grc1.68.14
Heb,5,7,68,15,9,novum_testamentum.ad_hebraeos.5.7,septuaginta.psalmi urn:cts:greekLit:tlg0527.tlg027.1st1K-grc1.68.15
Heb,5,7,68,16,9,novum_testamentum.ad_hebraeos.5.7,septuaginta.psalmi urn:cts:greekLit:tlg0527.tlg027.1st1K-grc1.68.16
Heb,6,13,104,9,9,novum_testamentum.ad_hebraeos.6.13,septuaginta.psalmi urn:cts:greekLit:tlg0527.tlg027.1st1K-grc1.104.9
Heb,6,13,104,10,9,novum_testamentum.ad_hebraeos.6.13,septuaginta.psalmi urn:cts:greekLit:tlg0527.tlg027.1st1K-grc1.104.10
Heb,9,27,88,48,9,novum_testamentum.ad_hebraeos.9.27,septuaginta.psalmi urn:cts:greekLit:tlg0527.tlg027.1st1K-grc1.88.48
Heb,10,26,18,12,9,novum_testamentum.ad_hebraeos.10.26,septuaginta.psalmi urn:cts:greekLit:tlg0527.tlg027.1st1K-grc1.18.12
Heb,10,26,18,13,9,novum_testamentum.ad_hebraeos.10.26,septuaginta.psalmi urn:cts:greekLit:tlg0527.tlg027.1st1K-grc1.18.13
Heb,10,30,95,13,9,novum_testamentum.ad_hebraeos.10.30,septuaginta.psalmi urn:cts:greekLit:tlg0527.tlg027.1st1K-grc1.95.13
Heb,10,30,134,14,9,novum_testamentum.ad_hebraeos.10.30,septuaginta.psalmi urn:cts:greekLit:tlg0527.tlg027.1st1K-grc1.134.14
Heb,11,8,104,9,9,novum_testamentum.ad_hebraeos.11.8,septuaginta.psalmi urn:cts:greekLit:tlg0527.tlg027.1st1K-grc1.104.9
Heb,11,8,104,10,9,novum_testamentum.ad_hebraeos.11.8,septuaginta.psalmi urn:cts:greekLit:tlg0527.tlg027.1st1K-grc1.104.10
Heb,11,8,104,11,9,novum_testamentum.ad_hebraeos.11.8,septuaginta.psalmi urn:cts:greekLit:tlg0527.tlg027.1st1K-grc1.104.11
Heb,12,5,117,18,9,novum_testamentum.ad_hebraeos.12.5,septuaginta.psalmi urn:cts:greekLit:tlg0527.tlg027.1st1K-grc1.117.18
Heb,12,5,118,109,9,novum_testamentum.ad_hebraeos.12.5,septuaginta.psalmi urn:cts:greekLit:tlg0527.tlg027.1st1K-grc1.118.109
Heb,12,6,31,1,9,novum_testamentum.ad_hebraeos.12.6,septuaginta.psalmi urn:cts:greekLit:tlg0527.tlg027.1st1K-grc1.31.1
Heb,12,6,31,2,9,novum_testamentum.ad_hebraeos.12.6,septuaginta.psalmi urn:cts:greekLit:tlg0527.tlg027.1st1K-grc1.31.2
Heb,12,6,31,3,9,novum_testamentum.ad_hebraeos.12.6,septuaginta.psalmi urn:cts:greekLit:tlg0527.tlg027.1st1K-grc1.31.3
Heb,12,6,31,4,9,novum_testamentum.ad_hebraeos.12.6,septuaginta.psalmi urn:cts:greekLit:tlg0527.tlg027.1st1K-grc1.31.4
Heb,12,6,31,5,9,novum_testamentum.ad_hebraeos.12.6,septuaginta.psalmi urn:cts:greekLit:tlg0527.tlg027.1st1K-grc1.31.5
Heb,12,22,47,2,9,novum_testamentum.ad_hebraeos.12.22,septuaginta.psalmi urn:cts:greekLit:tlg0527.tlg027.1st1K-grc1.47.2
Heb,1,8,144,13,8,novum_testamentum.ad_hebraeos.1.8,septuaginta.psalmi urn:cts:greekLit:tlg0527.tlg027.1st1K-grc1.144.13
Heb,2,12,39,10,8,novum_testamentum.ad_hebraeos.2.12,septuaginta.psalmi urn:cts:greekLit:tlg0527.tlg027.1st1K-grc1.39.10
Heb,5,7,39,1,8,novum_testamentum.ad_hebraeos.5.7,septuaginta.psalmi urn:cts:greekLit:tlg0527.tlg027.1st1K-grc1.39.1
Heb,5,7,39,2,8,novum_testamentum.ad_hebraeos.5.7,septuaginta.psalmi urn:cts:greekLit:tlg0527.tlg027.1st1K-grc1.39.2
Heb,5,7,39,3,8,novum_testamentum.ad_hebraeos.5.7,septuaginta.psalmi urn:cts:greekLit:tlg0527.tlg027.1st1K-grc1.39.3
Heb,5,12,33,11,8,novum_testamentum.ad_hebraeos.5.12,septuaginta.psalmi urn:cts:greekLit:tlg0527.tlg027.1st1K-grc1.33.11
Heb,6,7,64,9,8,novum_testamentum.ad_hebraeos.6.7,septuaginta.psalmi urn:cts:greekLit:tlg0527.tlg027.1st1K-grc1.64.9
Heb,6,7,64,10,8,novum_testamentum.ad_hebraeos.6.7,septuaginta.psalmi urn:cts:greekLit:tlg0527.tlg027.1st1K-grc1.64.10
Heb,6,7,64,11,8,novum_testamentum.ad_hebraeos.6.7,septuaginta.psalmi urn:cts:greekLit:tlg0527.tlg027.1st1K-grc1.64.11
Heb,6,7,64,12,8,novum_testamentum.ad_hebraeos.6.7,septuaginta.psalmi urn:cts:greekLit:tlg0527.tlg027.1st1K-grc1.64.12
Heb,6,7,64,13,8,novum_testamentum.ad_hebraeos.6.7,septuaginta.psalmi urn:cts:greekLit:tlg0527.tlg027.1st1K-grc1.64.13
Heb,6,19,41,11,8,novum_testamentum.ad_hebraeos.6.19,septuaginta.psalmi urn:cts:greekLit:tlg0527.tlg027.1st1K-grc1.41.11
Heb,10,2,102,12,8,novum_testamentum.ad_hebraeos.10.2,septuaginta.psalmi urn:cts:greekLit:tlg0527.tlg027.1st1K-grc1.102.12
Heb,10,5,49,8,8,novum_testamentum.ad_hebraeos.10.5,septuaginta.psalmi urn:cts:greekLit:tlg0527.tlg027.1st1K-grc1.49.8
Heb,10,5,49,9,8,novum_testamentum.ad_hebraeos.10.5,septuaginta.psalmi urn:cts:greekLit:tlg0527.tlg027.1st1K-grc1.49.9
Heb,10,5,49,10,8,novum_testamentum.ad_hebraeos.10.5,septuaginta.psalmi urn:cts:greekLit:tlg0527.tlg027.1st1K-grc1.49.10
Heb,10,5,49,11,8,novum_testamentum.ad_hebraeos.10.5,septuaginta.psalmi urn:cts:greekLit:tlg0527.tlg027.1st1K-grc1.49.11
Heb,10,5,49,12,8,novum_testamentum.ad_hebraeos.10.5,septuaginta.psalmi urn:cts:greekLit:tlg0527.tlg027.1st1K-grc1.49.12
Heb,10,5,49,13,8,novum_testamentum.ad_hebraeos.10.5,septuaginta.psalmi urn:cts:greekLit:tlg0527.tlg027.1st1K-grc1.49.13
Heb,10,5,49,14,8,novum_testamentum.ad_hebraeos.10.5,septuaginta.psalmi urn:cts:greekLit:tlg0527.tlg027.1st1K-grc1.49.14
Heb,10,5,49,15,8,novum_testamentum.ad_hebraeos.10.5,septuaginta.psalmi urn:cts:greekLit:tlg0527.tlg027.1st1K-grc1.49.15
Heb,10,5,49,16,8,novum_testamentum.ad_hebraeos.10.5,septuaginta.psalmi urn:cts:greekLit:tlg0527.tlg027.1st1K-grc1.49.16
Heb,10,5,49,17,8,novum_testamentum.ad_hebraeos.10.5,septuaginta.psalmi urn:cts:greekLit:tlg0527.tlg027.1st1K-grc1.49.17
Heb,10,5,49,18,8,novum_testamentum.ad_hebraeos.10.5,septuaginta.psalmi urn:cts:greekLit:tlg0527.tlg027.1st1K-grc1.49.18
Heb,10,5,49,19,8,novum_testamentum.ad_hebraeos.10.5,septuaginta.psalmi urn:cts:greekLit:tlg0527.tlg027.1st1K-grc1.49.19
Heb,10,5,49,20,8,novum_testamentum.ad_hebraeos.10.5,septuaginta.psalmi urn:cts:greekLit:tlg0527.tlg027.1st1K-grc1.49.20
Heb,10,5,49,21,8,novum_testamentum.ad_hebraeos.10.5,septuaginta.psalmi urn:cts:greekLit:tlg0527.tlg027.1st1K-grc1.49.21
Heb,10,5,49,22,8,novum_testamentum.ad_hebraeos.10.5,septuaginta.psalmi urn:cts:greekLit:tlg0527.tlg027.1st1K-grc1.49.22
Heb,10,5,49,23,8,novum_testamentum.ad_hebraeos.10.5,septuaginta.psalmi urn:cts:greekLit:tlg0527.tlg027.1st1K-grc1.49.23
Heb,12,5,118,75,8,novum_testamentum.ad_hebraeos.12.5,septuaginta.psalmi urn:cts:greekLit:tlg0527.tlg027.1st1K-grc1.118.75
Heb,1,3,74,3,7,novum_testamentum.ad_hebraeos.1.3,septuaginta.psalmi urn:cts:greekLit:tlg0527.tlg027.1st1K-grc1.74.3
Heb,1,3,109,1,7,novum_testamentum.ad_hebraeos.1.3,septuaginta.psalmi urn:cts:greekLit:tlg0527.tlg027.1st1K-grc1.109.1
Heb,1,13,131,18,7,novum_testamentum.ad_hebraeos.1.13,septuaginta.psalmi urn:cts:greekLit:tlg0527.tlg027.1st1K-grc1.131.18
Heb,2,13,90,2,7,novum_testamentum.ad_hebraeos.2.13,septuaginta.psalmi urn:cts:greekLit:tlg0527.tlg027.1st1K-grc1.90.2
Heb,2,15,88,48,7,novum_testamentum.ad_hebraeos.2.15,septuaginta.psalmi urn:cts:greekLit:tlg0527.tlg027.1st1K-grc1.88.48
Heb,3,1,109,4,7,novum_testamentum.ad_hebraeos.3.1,septuaginta.psalmi urn:cts:greekLit:tlg0527.tlg027.1st1K-grc1.109.4
Heb,6,7,125,6,7,novum_testamentum.ad_hebraeos.6.7,septuaginta.psalmi urn:cts:greekLit:tlg0527.tlg027.1st1K-grc1.125.6
Heb,7,1,56,2,7,novum_testamentum.ad_hebraeos.7.1,septuaginta.psalmi urn:cts:greekLit:tlg0527.tlg027.1st1K-grc1.56.2
Heb,10,22,50,10,7,novum_testamentum.ad_hebraeos.10.22,septuaginta.psalmi urn:cts:greekLit:tlg0527.tlg027.1st1K-grc1.50.10
Heb,10,22,118,7,7,novum_testamentum.ad_hebraeos.10.22,septuaginta.psalmi urn:cts:greekLit:tlg0527.tlg027.1st1K-grc1.118.7
Heb,10,24,40,1,7,novum_testamentum.ad_hebraeos.10.24,septuaginta.psalmi urn:cts:greekLit:tlg0527.tlg027.1st1K-grc1.40.1
Heb,10,30,97,9,7,novum_testamentum.ad_hebraeos.10.30,septuaginta.psalmi urn:cts:greekLit:tlg0527.tlg027.1st1K-grc1.97.9
Heb,10,31,49,22,7,novum_testamentum.ad_hebraeos.10.31,septuaginta.psalmi urn:cts:greekLit:tlg0527.tlg027.1st1K-grc1.49.22
Heb,10,38,5,4,7,novum_testamentum.ad_hebraeos.10.38,septuaginta.psalmi urn:cts:greekLit:tlg0527.tlg027.1st1K-grc1.5.4
Heb,10,38,149,4,7,novum_testamentum.ad_hebraeos.10.38,septuaginta.psalmi urn:cts:greekLit:tlg0527.tlg027.1st1K-grc1.149.4
Heb,11,5,88,48,7,novum_testamentum.ad_hebraeos.11.5,septuaginta.psalmi urn:cts:greekLit:tlg0527.tlg027.1st1K-grc1.88.48
Heb,12,8,72,1,7,novum_testamentum.ad_hebraeos.12.8,septuaginta.psalmi urn:cts:greekLit:tlg0527.tlg027.1st1K-grc1.72.1
Heb,13,15,114,1,7,novum_testamentum.ad_hebraeos.13.15,septuaginta.psalmi urn:cts:greekLit:tlg0527.tlg027.1st1K-grc1.114.1
Heb,13,15,114,2,7,novum_testamentum.ad_hebraeos.13.15,septuaginta.psalmi urn:cts:greekLit:tlg0527.tlg027.1st1K-grc1.114.2
Heb,13,15,114,3,7,novum_testamentum.ad_hebraeos.13.15,septuaginta.psalmi urn:cts:greekLit:tlg0527.tlg027.1st1K-grc1.114.3
Heb,13,15,114,4,7,novum_testamentum.ad_hebraeos.13.15,septuaginta.psalmi urn:cts:greekLit:tlg0527.tlg027.1st1K-grc1.114.4
Heb,13,15,114,5,7,novum_testamentum.ad_hebraeos.13.15,septuaginta.psalmi urn:cts:greekLit:tlg0527.tlg027.1st1K-grc1.114.5
Heb,13,15,114,6,7,novum_testamentum.ad_hebraeos.13.15,septuaginta.psalmi urn:cts:greekLit:tlg0527.tlg027.1st1K-grc1.114.6
Heb,13,15,114,7,7,novum_testamentum.ad_hebraeos.13.15,septuaginta.psalmi urn:cts:greekLit:tlg0527.tlg027.1st1K-grc1.114.7
Heb,13,15,114,8,7,novum_testamentum.ad_hebraeos.13.15,septuaginta.psalmi urn:cts:greekLit:tlg0527.tlg027.1st1K-grc1.114.8
Heb,13,15,114,9,7,novum_testamentum.ad_hebraeos.13.15,septuaginta.psalmi urn:cts:greekLit:tlg0527.tlg027.1st1K-grc1.114.9
Heb,13,15,115,1,7,novum_testamentum.ad_hebraeos.13.15,septuaginta.psalmi urn:cts:greekLit:tlg0527.tlg027.1st1K-grc1.115.1
Heb,13,15,115,2,7,novum_testamentum.ad_hebraeos.13.15,septuaginta.psalmi urn:cts:greekLit:tlg0527.tlg027.1st1K-grc1.115.2
Heb,13,15,115,3,7,novum_testamentum.ad_hebraeos.13.15,septuaginta.psalmi urn:cts:greekLit:tlg0527.tlg027.1st1K-grc1.115.3
Heb,13,15,115,4,7,novum_testamentum.ad_hebraeos.13.15,septuaginta.psalmi urn:cts:greekLit:tlg0527.tlg027.1st1K-grc1.115.4
Heb,13,15,115,5,7,novum_testamentum.ad_hebraeos.13.15,septuaginta.psalmi urn:cts:greekLit:tlg0527.tlg027.1st1K-grc1.115.5
Heb,13,15,115,6,7,novum_testamentum.ad_hebraeos.13.15,septuaginta.psalmi urn:cts:greekLit:tlg0527.tlg027.1st1K-grc1.115.6
Heb,13,15,115,7,7,novum_testamentum.ad_hebraeos.13.15,septuaginta.psalmi urn:cts:greekLit:tlg0527.tlg027.1st1K-grc1.115.7
Heb,13,15,115,8,7,novum_testamentum.ad_hebraeos.13.15,septuaginta.psalmi urn:cts:greekLit:tlg0527.tlg027.1st1K-grc1.115.8
Heb,13,15,115,9,7,novum_testamentum.ad_hebraeos.13.15,septuaginta.psalmi urn:cts:greekLit:tlg0527.tlg027.1st1K-grc1.115.9
Heb,13,15,115,10,7,novum_testamentum.ad_hebraeos.13.15,septuaginta.psalmi urn:cts:greekLit:tlg0527.tlg027.1st1K-grc1.115.10
Heb,1,4,2,7,6,novum_testamentum.ad_hebraeos.1.4,septuaginta.psalmi urn:cts:greekLit:tlg0527.tlg027.1st1K-grc1.2.7
Heb,1,4,2,8,6,novum_testamentum.ad_hebraeos.1.4,septuaginta.psalmi urn:cts:greekLit:tlg0527.tlg027.1st1K-grc1.2.8
Heb,3,5,104,26,6,novum_testamentum.ad_hebraeos.3.5,septuaginta.psalmi urn:cts:greekLit:tlg0527.tlg027.1st1K-grc1.104.26
Heb,3,8,77,18,6,novum_testamentum.ad_hebraeos.3.8,septuaginta.psalmi urn:cts:greekLit:tlg0527.tlg027.1st1K-grc1.77.18
Heb,3,8,77,56,6,novum_testamentum.ad_hebraeos.3.8,septuaginta.psalmi urn:cts:greekLit:tlg0527.tlg027.1st1K-grc1.77.56
Heb,3,12,17,21,6,novum_testamentum.ad_hebraeos.3.12,septuaginta.psalmi urn:cts:greekLit:tlg0527.tlg027.1st1K-grc1.17.21
Heb,3,18,105,24,6,novum_testamentum.ad_hebraeos.3.18,septuaginta.psalmi urn:cts:greekLit:tlg0527.tlg027.1st1K-grc1.105.24
Heb,3,18,105,25,6,novum_testamentum.ad_hebraeos.3.18,septuaginta.psalmi urn:cts:greekLit:tlg0527.tlg027.1st1K-grc1.105.25
Heb,3,18,105,26,6,novum_testamentum.ad_hebraeos.3.18,septuaginta.psalmi urn:cts:greekLit:tlg0527.tlg027.1st1K-grc1.105.26
Heb,4,5,94,11,6,novum_testamentum.ad_hebraeos.4.5,septuaginta.psalmi urn:cts:greekLit:tlg0527.tlg027.1st1K-grc1.94.11
Heb,4,13,138,11,6,novum_testamentum.ad_hebraeos.4.13,septuaginta.psalmi urn:cts:greekLit:tlg0527.tlg027.1st1K-grc1.138.11
Heb,4,13,138,12,6,novum_testamentum.ad_hebraeos.4.13,septuaginta.psalmi urn:cts:greekLit:tlg0527.tlg027.1st1K-grc1.138.12
Heb,5,7,17,19,6,novum_testamentum.ad_hebraeos.5.7,septuaginta.psalmi urn:cts:greekLit:tlg0527.tlg027.1st1K-grc1.17.19
Heb,5,7,17,20,6,novum_testamentum.ad_hebraeos.5.7,septuaginta.psalmi urn:cts:greekLit:tlg0527.tlg027.1st1K-grc1.17.20
Heb,5,7,87,1,6,novum_testamentum.ad_hebraeos.5.7,septuaginta.psalmi urn:cts:greekLit:tlg0527.tlg027.1st1K-grc1.87.1
Heb,5,13,118,123,6,novum_testamentum.ad_hebraeos.5.13,septuaginta.psalmi urn:cts:greekLit:tlg0527.tlg027.1st1K-grc1.118.123
Heb,6,7,23,5,6,novum_testamentum.ad_hebraeos.6.7,septuaginta.psalmi urn:cts:greekLit:tlg0527.tlg027.1st1K-grc1.23.5
Heb,6,7,103,11,6,novum_testamentum.ad_hebraeos.6.7,septuaginta.psalmi urn:cts:greekLit:tlg0527.tlg027.1st1K-grc1.103.11
Heb,6,7,103,12,6,novum_testamentum.ad_hebraeos.6.7,septuaginta.psalmi urn:cts:greekLit:tlg0527.tlg027.1st1K-grc1.103.12
Heb,6,7,103,13,6,novum_testamentum.ad_hebraeos.6.7,septuaginta.psalmi urn:cts:greekLit:tlg0527.tlg027.1st1K-grc1.103.13
Heb,6,17,109,4,6,novum_testamentum.ad_hebraeos.6.17,septuaginta.psalmi urn:cts:greekLit:tlg0527.tlg027.1st1K-grc1.109.4
Heb,6,18,109,4,6,novum_testamentum.ad_hebraeos.6.18,septuaginta.psalmi urn:cts:greekLit:tlg0527.tlg027.1st1K-grc1.109.4
Heb,10,11,49,8,6,novum_testamentum.ad_hebraeos.10.11,septuaginta.psalmi urn:cts:greekLit:tlg0527.tlg027.1st1K-grc1.49.8
Heb,10,11,49,9,6,novum_testamentum.ad_hebraeos.10.11,septuaginta.psalmi urn:cts:greekLit:tlg0527.tlg027.1st1K-grc1.49.9
Heb,10,11,49,10,6,novum_testamentum.ad_hebraeos.10.11,septuaginta.psalmi urn:cts:greekLit:tlg0527.tlg027.1st1K-grc1.49.10
Heb,10,11,49,11,6,novum_testamentum.ad_hebraeos.10.11,septuaginta.psalmi urn:cts:greekLit:tlg0527.tlg027.1st1K-grc1.49.11
Heb,10,11,49,12,6,novum_testamentum.ad_hebraeos.10.11,septuaginta.psalmi urn:cts:greekLit:tlg0527.tlg027.1st1K-grc1.49.12
Heb,10,11,49,13,6,novum_testamentum.ad_hebraeos.10.11,septuaginta.psalmi urn:cts:greekLit:tlg0527.tlg027.1st1K-grc1.49.13
Heb,10,30,93,1,6,novum_testamentum.ad_hebraeos.10.30,septuaginta.psalmi urn:cts:greekLit:tlg0527.tlg027.1st1K-grc1.93.1
Heb,10,36,39,1,6,novum_testamentum.ad_hebraeos.10.36,septuaginta.psalmi urn:cts:greekLit:tlg0527.tlg027.1st1K-grc1.39.1
Heb,11,33,143,1,6,novum_testamentum.ad_hebraeos.11.33,septuaginta.psalmi urn:cts:greekLit:tlg0527.tlg027.1st1K-grc1.143.1
Heb,11,33,143,2,6,novum_testamentum.ad_hebraeos.11.33,septuaginta.psalmi urn:cts:greekLit:tlg0527.tlg027.1st1K-grc1.143.2
Heb,12,6,88,30,6,novum_testamentum.ad_hebraeos.12.6,septuaginta.psalmi urn:cts:greekLit:tlg0527.tlg027.1st1K-grc1.88.30
Heb,12,6,88,31,6,novum_testamentum.ad_hebraeos.12.6,septuaginta.psalmi urn:cts:greekLit:tlg0527.tlg027.1st1K-grc1.88.31
Heb,12,6,88,32,6,novum_testamentum.ad_hebraeos.12.6,septuaginta.psalmi urn:cts:greekLit:tlg0527.tlg027.1st1K-grc1.88.32
Heb,12,6,88,33,6,novum_testamentum.ad_hebraeos.12.6,septuaginta.psalmi urn:cts:greekLit:tlg0527.tlg027.1st1K-grc1.88.33
Heb,12,6,88,34,6,novum_testamentum.ad_hebraeos.12.6,septuaginta.psalmi urn:cts:greekLit:tlg0527.tlg027.1st1K-grc1.88.34
Heb,12,6,118,71,6,novum_testamentum.ad_hebraeos.12.6,septuaginta.psalmi urn:cts:greekLit:tlg0527.tlg027.1st1K-grc1.118.71
Heb,12,8,72,14,6,novum_testamentum.ad_hebraeos.12.8,septuaginta.psalmi urn:cts:greekLit:tlg0527.tlg027.1st1K-grc1.72.14
Heb,12,8,72,15,6,novum_testamentum.ad_hebraeos.12.8,septuaginta.psalmi urn:cts:greekLit:tlg0527.tlg027.1st1K-grc1.72.15
Heb,12,14,132,1,6,novum_testamentum.ad_hebraeos.12.14,septuaginta.psalmi urn:cts:greekLit:tlg0527.tlg027.1st1K-grc1.132.1
Heb,12,14,37,20,6,novum_testamentum.ad_hebraeos.12.14,septuaginta.psalmi urn:cts:greekLit:tlg0527.tlg027.1st1K-grc1.37.20
Heb,12,14,93,15,6,novum_testamentum.ad_hebraeos.12.14,septuaginta.psalmi urn:cts:greekLit:tlg0527.tlg027.1st1K-grc1.93.15
Heb,12,21,118,120,6,novum_testamentum.ad_hebraeos.12.21,septuaginta.psalmi urn:cts:greekLit:tlg0527.tlg027.1st1K-grc1.118.120
Heb,12,26,113,1,6,novum_testamentum.ad_hebraeos.12.26,septuaginta.psalmi urn:cts:greekLit:tlg0527.tlg027.1st1K-grc1.113.1
Heb,12,26,113,2,6,novum_testamentum.ad_hebraeos.12.26,septuaginta.psalmi urn:cts:greekLit:tlg0527.tlg027.1st1K-grc1.113.2
Heb,12,26,113,3,6,novum_testamentum.ad_hebraeos.12.26,septuaginta.psalmi urn:cts:greekLit:tlg0527.tlg027.1st1K-grc1.113.3
Heb,12,26,113,4,6,novum_testamentum.ad_hebraeos.12.26,septuaginta.psalmi urn:cts:greekLit:tlg0527.tlg027.1st1K-grc1.113.4
Heb,12,26,113,5,6,novum_testamentum.ad_hebraeos.12.26,septuaginta.psalmi urn:cts:greekLit:tlg0527.tlg027.1st1K-grc1.113.5
Heb,12,26,113,6,6,novum_testamentum.ad_hebraeos.12.26,septuaginta.psalmi urn:cts:greekLit:tlg0527.tlg027.1st1K-grc1.113.6
Heb,12,26,113,7,6,novum_testamentum.ad_hebraeos.12.26,septuaginta.psalmi urn:cts:greekLit:tlg0527.tlg027.1st1K-grc1.113.7
Heb,12,26,113,8,6,novum_testamentum.ad_hebraeos.12.26,septuaginta.psalmi urn:cts:greekLit:tlg0527.tlg027.1st1K-grc1.113.8
Heb,12,26,113,9,6,novum_testamentum.ad_hebraeos.12.26,septuaginta.psalmi urn:cts:greekLit:tlg0527.tlg027.1st1K-grc1.113.9
Heb,12,26,113,10,6,novum_testamentum.ad_hebraeos.12.26,septuaginta.psalmi urn:cts:greekLit:tlg0527.tlg027.1st1K-grc1.113.10
Heb,12,26,113,11,6,novum_testamentum.ad_hebraeos.12.26,septuaginta.psalmi urn:cts:greekLit:tlg0527.tlg027.1st1K-grc1.113.11
Heb,12,26,113,12,6,novum_testamentum.ad_hebraeos.12.26,septuaginta.psalmi urn:cts:greekLit:tlg0527.tlg027.1st1K-grc1.113.12
Heb,12,26,113,13,6,novum_testamentum.ad_hebraeos.12.26,septuaginta.psalmi urn:cts:greekLit:tlg0527.tlg027.1st1K-grc1.113.13
Heb,12,26,113,14,6,novum_testamentum.ad_hebraeos.12.26,septuaginta.psalmi urn:cts:greekLit:tlg0527.tlg027.1st1K-grc1.113.14
Heb,12,26,113,15,6,novum_testamentum.ad_hebraeos.12.26,septuaginta.psalmi urn:cts:greekLit:tlg0527.tlg027.1st1K-grc1.113.15
Heb,12,26,113,16,6,novum_testamentum.ad_hebraeos.12.26,septuaginta.psalmi urn:cts:greekLit:tlg0527.tlg027.1st1K-grc1.113.16
Heb,12,26,113,17,6,novum_testamentum.ad_hebraeos.12.26,septuaginta.psalmi urn:cts:greekLit:tlg0527.tlg027.1st1K-grc1.113.17
Heb,12,26,113,18,6,novum_testamentum.ad_hebraeos.12.26,septuaginta.psalmi urn:cts:greekLit:tlg0527.tlg027.1st1K-grc1.113.18
Heb,12,26,113,19,6,novum_testamentum.ad_hebraeos.12.26,septuaginta.psalmi urn:cts:greekLit:tlg0527.tlg027.1st1K-grc1.113.19
Heb,12,26,113,20,6,novum_testamentum.ad_hebraeos.12.26,septuaginta.psalmi urn:cts:greekLit:tlg0527.tlg027.1st1K-grc1.113.20
Heb,12,26,113,21,6,novum_testamentum.ad_hebraeos.12.26,septuaginta.psalmi urn:cts:greekLit:tlg0527.tlg027.1st1K-grc1.113.21
Heb,12,26,113,22,6,novum_testamentum.ad_hebraeos.12.26,septuaginta.psalmi urn:cts:greekLit:tlg0527.tlg027.1st1K-grc1.113.22
Heb,12,26,113,23,6,novum_testamentum.ad_hebraeos.12.26,septuaginta.psalmi urn:cts:greekLit:tlg0527.tlg027.1st1K-grc1.113.23
Heb,12,26,113,24,6,novum_testamentum.ad_hebraeos.12.26,septuaginta.psalmi urn:cts:greekLit:tlg0527.tlg027.1st1K-grc1.113.24
Heb,12,26,113,25,6,novum_testamentum.ad_hebraeos.12.26,septuaginta.psalmi urn:cts:greekLit:tlg0527.tlg027.1st1K-grc1.113.25
Heb,12,26,113,26,6,novum_testamentum.ad_hebraeos.12.26,septuaginta.psalmi urn:cts:greekLit:tlg0527.tlg027.1st1K-grc1.113.26
Heb,1,10,18,1,5,novum_testamentum.ad_hebraeos.1.10,septuaginta.psalmi urn:cts:greekLit:tlg0527.tlg027.1st1K-grc1.18.1
Heb,2,15,55,13,5,novum_testamentum.ad_hebraeos.2.15,septuaginta.psalmi urn:cts:greekLit:tlg0527.tlg027.1st1K-grc1.55.13
Heb,5,14,118,103,5,novum_testamentum.ad_hebraeos.5.14,septuaginta.psalmi urn:cts:greekLit:tlg0527.tlg027.1st1K-grc1.118.103
Heb,6,10,19,3,5,novum_testamentum.ad_hebraeos.6.10,septuaginta.psalmi urn:cts:greekLit:tlg0527.tlg027.1st1K-grc1.19.3
Heb,6,17,32,11,5,novum_testamentum.ad_hebraeos.6.17,septuaginta.psalmi urn:cts:greekLit:tlg0527.tlg027.1st1K-grc1.32.11
Heb,6,19,145,5,5,novum_testamentum.ad_hebraeos.6.19,septuaginta.psalmi urn:cts:greekLit:tlg0527.tlg027.1st1K-grc1.145.5
Heb,6,19,145,6,5,novum_testamentum.ad_hebraeos.6.19,septuaginta.psalmi urn:cts:greekLit:tlg0527.tlg027.1st1K-grc1.145.6
Heb,7,1,77,35,5,novum_testamentum.ad_hebraeos.7.1,septuaginta.psalmi urn:cts:greekLit:tlg0527.tlg027.1st1K-grc1.77.35
Heb,7,1,75,2,5,novum_testamentum.ad_hebraeos.7.1,septuaginta.psalmi urn:cts:greekLit:tlg0527.tlg027.1st1K-grc1.75.2
Heb,7,15,109,4,5,novum_testamentum.ad_hebraeos.7.15,septuaginta.psalmi urn:cts:greekLit:tlg0527.tlg027.1st1K-grc1.109.4
Heb,7,26,67,18,5,novum_testamentum.ad_hebraeos.7.26,septuaginta.psalmi urn:cts:greekLit:tlg0527.tlg027.1st1K-grc1.67.18
Heb,8,12,24,7,5,novum_testamentum.ad_hebraeos.8.12,septuaginta.psalmi urn:cts:greekLit:tlg0527.tlg027.1st1K-grc1.24.7
Heb,9,11,39,7,5,novum_testamentum.ad_hebraeos.9.11,septuaginta.psalmi urn:cts:greekLit:tlg0527.tlg027.1st1K-grc1.39.7
Heb,10,4,50,16,5,novum_testamentum.ad_hebraeos.10.4,septuaginta.psalmi urn:cts:greekLit:tlg0527.tlg027.1st1K-grc1.50.16
Heb,10,22,118,34,5,novum_testamentum.ad_hebraeos.10.22,septuaginta.psalmi urn:cts:greekLit:tlg0527.tlg027.1st1K-grc1.118.34
Heb,10,22,93,15,5,novum_testamentum.ad_hebraeos.10.22,septuaginta.psalmi urn:cts:greekLit:tlg0527.tlg027.1st1K-grc1.93.15
Heb,10,22,110,1,5,novum_testamentum.ad_hebraeos.10.22,septuaginta.psalmi urn:cts:greekLit:tlg0527.tlg027.1st1K-grc1.110.1
Heb,10,22,31,11,5,novum_testamentum.ad_hebraeos.10.22,septuaginta.psalmi urn:cts:greekLit:tlg0527.tlg027.1st1K-grc1.31.11
Heb,10,22,118,145,5,novum_testamentum.ad_hebraeos.10.22,septuaginta.psalmi urn:cts:greekLit:tlg0527.tlg027.1st1K-grc1.118.145
Heb,10,22,118,58,5,novum_testamentum.ad_hebraeos.10.22,septuaginta.psalmi urn:cts:greekLit:tlg0527.tlg027.1st1K-grc1.118.58
Heb,10,22,83,11,5,novum_testamentum.ad_hebraeos.10.22,septuaginta.psalmi urn:cts:greekLit:tlg0527.tlg027.1st1K-grc1.83.11
Heb,10,22,118,69,5,novum_testamentum.ad_hebraeos.10.22,septuaginta.psalmi urn:cts:greekLit:tlg0527.tlg027.1st1K-grc1.118.69
Heb,10,22,118,80,5,novum_testamentum.ad_hebraeos.10.22,septuaginta.psalmi urn:cts:greekLit:tlg0527.tlg027.1st1K-grc1.118.80
Heb,10,22,9,1,5,novum_testamentum.ad_hebraeos.10.22,septuaginta.psalmi urn:cts:greekLit:tlg0527.tlg027.1st1K-grc1.9.1
Heb,10,22,9,2,5,novum_testamentum.ad_hebraeos.10.22,septuaginta.psalmi urn:cts:greekLit:tlg0527.tlg027.1st1K-grc1.9.2
Heb,10,22,9,3,5,novum_testamentum.ad_hebraeos.10.22,septuaginta.psalmi urn:cts:greekLit:tlg0527.tlg027.1st1K-grc1.9.3
Heb,10,22,9,4,5,novum_testamentum.ad_hebraeos.10.22,septuaginta.psalmi urn:cts:greekLit:tlg0527.tlg027.1st1K-grc1.9.4
Heb,10,22,9,5,5,novum_testamentum.ad_hebraeos.10.22,septuaginta.psalmi urn:cts:greekLit:tlg0527.tlg027.1st1K-grc1.9.5
Heb,10,22,9,6,5,novum_testamentum.ad_hebraeos.10.22,septuaginta.psalmi urn:cts:greekLit:tlg0527.tlg027.1st1K-grc1.9.6
Heb,10,22,9,7,5,novum_testamentum.ad_hebraeos.10.22,septuaginta.psalmi urn:cts:greekLit:tlg0527.tlg027.1st1K-grc1.9.7
Heb,10,22,9,8,5,novum_testamentum.ad_hebraeos.10.22,septuaginta.psalmi urn:cts:greekLit:tlg0527.tlg027.1st1K-grc1.9.8
Heb,10,22,9,9,5,novum_testamentum.ad_hebraeos.10.22,septuaginta.psalmi urn:cts:greekLit:tlg0527.tlg027.1st1K-grc1.9.9
Heb,10,22,9,10,5,novum_testamentum.ad_hebraeos.10.22,septuaginta.psalmi urn:cts:greekLit:tlg0527.tlg027.1st1K-grc1.9.10
Heb,10,22,9,11,5,novum_testamentum.ad_hebraeos.10.22,septuaginta.psalmi urn:cts:greekLit:tlg0527.tlg027.1st1K-grc1.9.11
Heb,10,22,9,12,5,novum_testamentum.ad_hebraeos.10.22,septuaginta.psalmi urn:cts:greekLit:tlg0527.tlg027.1st1K-grc1.9.12
Heb,10,22,9,13,5,novum_testamentum.ad_hebraeos.10.22,septuaginta.psalmi urn:cts:greekLit:tlg0527.tlg027.1st1K-grc1.9.13
Heb,10,22,9,14,5,novum_testamentum.ad_hebraeos.10.22,septuaginta.psalmi urn:cts:greekLit:tlg0527.tlg027.1st1K-grc1.9.14
Heb,10,22,9,15,5,novum_testamentum.ad_hebraeos.10.22,septuaginta.psalmi urn:cts:greekLit:tlg0527.tlg027.1st1K-grc1.9.15
Heb,10,22,9,16,5,novum_testamentum.ad_hebraeos.10.22,septuaginta.psalmi urn:cts:greekLit:tlg0527.tlg027.1st1K-grc1.9.16
Heb,10,22,9,17,5,novum_testamentum.ad_hebraeos.10.22,septuaginta.psalmi urn:cts:greekLit:tlg0527.tlg027.1st1K-grc1.9.17
Heb,10,22,9,18,5,novum_testamentum.ad_hebraeos.10.22,septuaginta.psalmi urn:cts:greekLit:tlg0527.tlg027.1st1K-grc1.9.18
Heb,10,22,9,19,5,novum_testamentum.ad_hebraeos.10.22,septuaginta.psalmi urn:cts:greekLit:tlg0527.tlg027.1st1K-grc1.9.19
Heb,10,22,9,20,5,novum_testamentum.ad_hebraeos.10.22,septuaginta.psalmi urn:cts:greekLit:tlg0527.tlg027.1st1K-grc1.9.20
Heb,10,22,9,21,5,novum_testamentum.ad_hebraeos.10.22,septuaginta.psalmi urn:cts:greekLit:tlg0527.tlg027.1st1K-grc1.9.21
Heb,10,22,9,22,5,novum_testamentum.ad_hebraeos.10.22,septuaginta.psalmi urn:cts:greekLit:tlg0527.tlg027.1st1K-grc1.9.22
Heb,10,22,9,23,5,novum_testamentum.ad_hebraeos.10.22,septuaginta.psalmi urn:cts:greekLit:tlg0527.tlg027.1st1K-grc1.9.23
Heb,10,22,9,24,5,novum_testamentum.ad_hebraeos.10.22,septuaginta.psalmi urn:cts:greekLit:tlg0527.tlg027.1st1K-grc1.9.24
Heb,10,22,9,25,5,novum_testamentum.ad_hebraeos.10.22,septuaginta.psalmi urn:cts:greekLit:tlg0527.tlg027.1st1K-grc1.9.25
Heb,10,22,9,26,5,novum_testamentum.ad_hebraeos.10.22,septuaginta.psalmi urn:cts:greekLit:tlg0527.tlg027.1st1K-grc1.9.26
Heb,10,22,9,27,5,novum_testamentum.ad_hebraeos.10.22,septuaginta.psalmi urn:cts:greekLit:tlg0527.tlg027.1st1K-grc1.9.27
Heb,10,22,9,28,5,novum_testamentum.ad_hebraeos.10.22,septuaginta.psalmi urn:cts:greekLit:tlg0527.tlg027.1st1K-grc1.9.28
Heb,10,22,9,29,5,novum_testamentum.ad_hebraeos.10.22,septuaginta.psalmi urn:cts:greekLit:tlg0527.tlg027.1st1K-grc1.9.29
Heb,10,22,9,30,5,novum_testamentum.ad_hebraeos.10.22,septuaginta.psalmi urn:cts:greekLit:tlg0527.tlg027.1st1K-grc1.9.30
Heb,10,22,9,31,5,novum_testamentum.ad_hebraeos.10.22,septuaginta.psalmi urn:cts:greekLit:tlg0527.tlg027.1st1K-grc1.9.31
Heb,10,22,9,32,5,novum_testamentum.ad_hebraeos.10.22,septuaginta.psalmi urn:cts:greekLit:tlg0527.tlg027.1st1K-grc1.9.32
Heb,10,22,9,33,5,novum_testamentum.ad_hebraeos.10.22,septuaginta.psalmi urn:cts:greekLit:tlg0527.tlg027.1st1K-grc1.9.33
Heb,10,22,9,34,5,novum_testamentum.ad_hebraeos.10.22,septuaginta.psalmi urn:cts:greekLit:tlg0527.tlg027.1st1K-grc1.9.34
Heb,10,22,9,35,5,novum_testamentum.ad_hebraeos.10.22,septuaginta.psalmi urn:cts:greekLit:tlg0527.tlg027.1st1K-grc1.9.35
Heb,10,22,9,36,5,novum_testamentum.ad_hebraeos.10.22,septuaginta.psalmi urn:cts:greekLit:tlg0527.tlg027.1st1K-grc1.9.36
Heb,10,22,9,37,5,novum_testamentum.ad_hebraeos.10.22,septuaginta.psalmi urn:cts:greekLit:tlg0527.tlg027.1st1K-grc1.9.37
Heb,10,22,9,38,5,novum_testamentum.ad_hebraeos.10.22,septuaginta.psalmi urn:cts:greekLit:tlg0527.tlg027.1st1K-grc1.9.38
Heb,10,22,118,10,5,novum_testamentum.ad_hebraeos.10.22,septuaginta.psalmi urn:cts:greekLit:tlg0527.tlg027.1st1K-grc1.118.10
Heb,10,22,118,2,5,novum_testamentum.ad_hebraeos.10.22,septuaginta.psalmi urn:cts:greekLit:tlg0527.tlg027.1st1K-grc1.118.2
Heb,11,13,118,19,5,novum_testamentum.ad_hebraeos.11.13,septuaginta.psalmi urn:cts:greekLit:tlg0527.tlg027.1st1K-grc1.118.19
Heb,11,23,117,6,5,novum_testamentum.ad_hebraeos.11.23,septuaginta.psalmi urn:cts:greekLit:tlg0527.tlg027.1st1K-grc1.117.6
Heb,11,29,77,13,5,novum_testamentum.ad_hebraeos.11.29,septuaginta.psalmi urn:cts:greekLit:tlg0527.tlg027.1st1K-grc1.77.13
Heb,11,29,105,9,5,novum_testamentum.ad_hebraeos.11.29,septuaginta.psalmi urn:cts:greekLit:tlg0527.tlg027.1st1K-grc1.105.9
Heb,11,29,105,10,5,novum_testamentum.ad_hebraeos.11.29,septuaginta.psalmi urn:cts:greekLit:tlg0527.tlg027.1st1K-grc1.105.10
Heb,11,29,105,11,5,novum_testamentum.ad_hebraeos.11.29,septuaginta.psalmi urn:cts:greekLit:tlg0527.tlg027.1st1K-grc1.105.11
Heb,11,34,143,10,5,novum_testamentum.ad_hebraeos.11.34,septuaginta.psalmi urn:cts:greekLit:tlg0527.tlg027.1st1K-grc1.143.10
Heb,12,23,93,2,5,novum_testamentum.ad_hebraeos.12.23,septuaginta.psalmi urn:cts:greekLit:tlg0527.tlg027.1st1K-grc1.93.2
Heb,13,15,68,30,5,novum_testamentum.ad_hebraeos.13.15,septuaginta.psalmi urn:cts:greekLit:tlg0527.tlg027.1st1K-grc1.68.30
Heb,13,15,68,31,5,novum_testamentum.ad_hebraeos.13.15,septuaginta.psalmi urn:cts:greekLit:tlg0527.tlg027.1st1K-grc1.68.31
Heb,13,21,71,18,5,novum_testamentum.ad_hebraeos.13.21,septuaginta.psalmi urn:cts:greekLit:tlg0527.tlg027.1st1K-grc1.71.18
Heb,13,21,71,19,5,novum_testamentum.ad_hebraeos.13.21,septuaginta.psalmi urn:cts:greekLit:tlg0527.tlg027.1st1K-grc1.71.19
Heb,1,8,98,4,4,novum_testamentum.ad_hebraeos.1.8,septuaginta.psalmi urn:cts:greekLit:tlg0527.tlg027.1st1K-grc1.98.4
Heb,1,9,118,128,4,novum_testamentum.ad_hebraeos.1.9,septuaginta.psalmi urn:cts:greekLit:tlg0527.tlg027.1st1K-grc1.118.128
Heb,1,9,118,104,4,novum_testamentum.ad_hebraeos.1.9,septuaginta.psalmi urn:cts:greekLit:tlg0527.tlg027.1st1K-grc1.118.104
Heb,1,11,9,1,4,novum_testamentum.ad_hebraeos.1.11,septuaginta.psalmi urn:cts:greekLit:tlg0527.tlg027.1st1K-grc1.9.1
Heb,1,11,9,2,4,novum_testamentum.ad_hebraeos.1.11,septuaginta.psalmi urn:cts:greekLit:tlg0527.tlg027.1st1K-grc1.9.2
Heb,1,11,9,3,4,novum_testamentum.ad_hebraeos.1.11,septuaginta.psalmi urn:cts:greekLit:tlg0527.tlg027.1st1K-grc1.9.3
Heb,1,11,9,4,4,novum_testamentum.ad_hebraeos.1.11,septuaginta.psalmi urn:cts:greekLit:tlg0527.tlg027.1st1K-grc1.9.4
Heb,1,11,9,5,4,novum_testamentum.ad_hebraeos.1.11,septuaginta.psalmi urn:cts:greekLit:tlg0527.tlg027.1st1K-grc1.9.5
Heb,1,11,9,6,4,novum_testamentum.ad_hebraeos.1.11,septuaginta.psalmi urn:cts:greekLit:tlg0527.tlg027.1st1K-grc1.9.6
Heb,1,11,9,7,4,novum_testamentum.ad_hebraeos.1.11,septuaginta.psalmi urn:cts:greekLit:tlg0527.tlg027.1st1K-grc1.9.7
Heb,1,11,9,8,4,novum_testamentum.ad_hebraeos.1.11,septuaginta.psalmi urn:cts:greekLit:tlg0527.tlg027.1st1K-grc1.9.8
Heb,1,11,9,9,4,novum_testamentum.ad_hebraeos.1.11,septuaginta.psalmi urn:cts:greekLit:tlg0527.tlg027.1st1K-grc1.9.9
Heb,1,11,9,10,4,novum_testamentum.ad_hebraeos.1.11,septuaginta.psalmi urn:cts:greekLit:tlg0527.tlg027.1st1K-grc1.9.10
Heb,1,11,9,11,4,novum_testamentum.ad_hebraeos.1.11,septuaginta.psalmi urn:cts:greekLit:tlg0527.tlg027.1st1K-grc1.9.11
Heb,1,11,9,12,4,novum_testamentum.ad_hebraeos.1.11,septuaginta.psalmi urn:cts:greekLit:tlg0527.tlg027.1st1K-grc1.9.12
Heb,1,11,9,13,4,novum_testamentum.ad_hebraeos.1.11,septuaginta.psalmi urn:cts:greekLit:tlg0527.tlg027.1st1K-grc1.9.13
Heb,1,11,9,14,4,novum_testamentum.ad_hebraeos.1.11,septuaginta.psalmi urn:cts:greekLit:tlg0527.tlg027.1st1K-grc1.9.14
Heb,1,11,9,15,4,novum_testamentum.ad_hebraeos.1.11,septuaginta.psalmi urn:cts:greekLit:tlg0527.tlg027.1st1K-grc1.9.15
Heb,1,11,9,16,4,novum_testamentum.ad_hebraeos.1.11,septuaginta.psalmi urn:cts:greekLit:tlg0527.tlg027.1st1K-grc1.9.16
Heb,1,11,9,17,4,novum_testamentum.ad_hebraeos.1.11,septuaginta.psalmi urn:cts:greekLit:tlg0527.tlg027.1st1K-grc1.9.17
Heb,1,11,9,18,4,novum_testamentum.ad_hebraeos.1.11,septuaginta.psalmi urn:cts:greekLit:tlg0527.tlg027.1st1K-grc1.9.18
Heb,1,11,9,19,4,novum_testamentum.ad_hebraeos.1.11,septuaginta.psalmi urn:cts:greekLit:tlg0527.tlg027.1st1K-grc1.9.19
Heb,1,11,9,20,4,novum_testamentum.ad_hebraeos.1.11,septuaginta.psalmi urn:cts:greekLit:tlg0527.tlg027.1st1K-grc1.9.20
Heb,1,11,9,21,4,novum_testamentum.ad_hebraeos.1.11,septuaginta.psalmi urn:cts:greekLit:tlg0527.tlg027.1st1K-grc1.9.21
Heb,1,11,9,22,4,novum_testamentum.ad_hebraeos.1.11,septuaginta.psalmi urn:cts:greekLit:tlg0527.tlg027.1st1K-grc1.9.22
Heb,1,11,9,23,4,novum_testamentum.ad_hebraeos.1.11,septuaginta.psalmi urn:cts:greekLit:tlg0527.tlg027.1st1K-grc1.9.23
Heb,1,11,9,24,4,novum_testamentum.ad_hebraeos.1.11,septuaginta.psalmi urn:cts:greekLit:tlg0527.tlg027.1st1K-grc1.9.24
Heb,1,11,9,25,4,novum_testamentum.ad_hebraeos.1.11,septuaginta.psalmi urn:cts:greekLit:tlg0527.tlg027.1st1K-grc1.9.25
Heb,1,11,9,26,4,novum_testamentum.ad_hebraeos.1.11,septuaginta.psalmi urn:cts:greekLit:tlg0527.tlg027.1st1K-grc1.9.26
Heb,1,11,9,27,4,novum_testamentum.ad_hebraeos.1.11,septuaginta.psalmi urn:cts:greekLit:tlg0527.tlg027.1st1K-grc1.9.27
Heb,1,11,9,28,4,novum_testamentum.ad_hebraeos.1.11,septuaginta.psalmi urn:cts:greekLit:tlg0527.tlg027.1st1K-grc1.9.28
Heb,1,11,9,29,4,novum_testamentum.ad_hebraeos.1.11,septuaginta.psalmi urn:cts:greekLit:tlg0527.tlg027.1st1K-grc1.9.29
Heb,1,11,9,30,4,novum_testamentum.ad_hebraeos.1.11,septuaginta.psalmi urn:cts:greekLit:tlg0527.tlg027.1st1K-grc1.9.30
Heb,1,11,9,31,4,novum_testamentum.ad_hebraeos.1.11,septuaginta.psalmi urn:cts:greekLit:tlg0527.tlg027.1st1K-grc1.9.31
Heb,1,11,9,32,4,novum_testamentum.ad_hebraeos.1.11,septuaginta.psalmi urn:cts:greekLit:tlg0527.tlg027.1st1K-grc1.9.32
Heb,1,11,9,33,4,novum_testamentum.ad_hebraeos.1.11,septuaginta.psalmi urn:cts:greekLit:tlg0527.tlg027.1st1K-grc1.9.33
Heb,1,11,9,34,4,novum_testamentum.ad_hebraeos.1.11,septuaginta.psalmi urn:cts:greekLit:tlg0527.tlg027.1st1K-grc1.9.34
Heb,1,11,9,35,4,novum_testamentum.ad_hebraeos.1.11,septuaginta.psalmi urn:cts:greekLit:tlg0527.tlg027.1st1K-grc1.9.35
Heb,1,11,9,36,4,novum_testamentum.ad_hebraeos.1.11,septuaginta.psalmi urn:cts:greekLit:tlg0527.tlg027.1st1K-grc1.9.36
Heb,1,11,9,37,4,novum_testamentum.ad_hebraeos.1.11,septuaginta.psalmi urn:cts:greekLit:tlg0527.tlg027.1st1K-grc1.9.37
Heb,1,11,9,38,4,novum_testamentum.ad_hebraeos.1.11,septuaginta.psalmi urn:cts:greekLit:tlg0527.tlg027.1st1K-grc1.9.38
Heb,1,13,20,8,4,novum_testamentum.ad_hebraeos.1.13,septuaginta.psalmi urn:cts:greekLit:tlg0527.tlg027.1st1K-grc1.20.8
Heb,1,13,20,9,4,novum_testamentum.ad_hebraeos.1.13,septuaginta.psalmi urn:cts:greekLit:tlg0527.tlg027.1st1K-grc1.20.9
Heb,2,9,20,3,4,novum_testamentum.ad_hebraeos.2.9,septuaginta.psalmi urn:cts:greekLit:tlg0527.tlg027.1st1K-grc1.20.3
Heb,2,9,20,4,4,novum_testamentum.ad_hebraeos.2.9,septuaginta.psalmi urn:cts:greekLit:tlg0527.tlg027.1st1K-grc1.20.4
Heb,2,9,20,5,4,novum_testamentum.ad_hebraeos.2.9,septuaginta.psalmi urn:cts:greekLit:tlg0527.tlg027.1st1K-grc1.20.5
Heb,2,12,110,1,4,novum_testamentum.ad_hebraeos.2.12,septuaginta.psalmi urn:cts:greekLit:tlg0527.tlg027.1st1K-grc1.110.1
Heb,2,15,32,19,4,novum_testamentum.ad_hebraeos.2.15,septuaginta.psalmi urn:cts:greekLit:tlg0527.tlg027.1st1K-grc1.32.19
Heb,3,8,105,14,4,novum_testamentum.ad_hebraeos.3.8,septuaginta.psalmi urn:cts:greekLit:tlg0527.tlg027.1st1K-grc1.105.14
Heb,3,10,77,8,4,novum_testamentum.ad_hebraeos.3.10,septuaginta.psalmi urn:cts:greekLit:tlg0527.tlg027.1st1K-grc1.77.8
Heb,3,10,66,2,4,novum_testamentum.ad_hebraeos.3.10,septuaginta.psalmi urn:cts:greekLit:tlg0527.tlg027.1st1K-grc1.66.2
Heb,3,16,77,17,4,novum_testamentum.ad_hebraeos.3.16,septuaginta.psalmi urn:cts:greekLit:tlg0527.tlg027.1st1K-grc1.77.17
Heb,6,6,50,10,4,novum_testamentum.ad_hebraeos.6.6,septuaginta.psalmi urn:cts:greekLit:tlg0527.tlg027.1st1K-grc1.50.10
Heb,6,18,61,8,4,novum_testamentum.ad_hebraeos.6.18,septuaginta.psalmi urn:cts:greekLit:tlg0527.tlg027.1st1K-grc1.61.8
Heb,6,19,41,5,4,novum_testamentum.ad_hebraeos.6.19,septuaginta.psalmi urn:cts:greekLit:tlg0527.tlg027.1st1K-grc1.41.5
Heb,8,1,109,1,4,novum_testamentum.ad_hebraeos.8.1,septuaginta.psalmi urn:cts:greekLit:tlg0527.tlg027.1st1K-grc1.109.1
Heb,8,12,64,3,4,novum_testamentum.ad_hebraeos.8.12,septuaginta.psalmi urn:cts:greekLit:tlg0527.tlg027.1st1K-grc1.64.3
Heb,9,5,98,1,4,novum_testamentum.ad_hebraeos.9.5,septuaginta.psalmi urn:cts:greekLit:tlg0527.tlg027.1st1K-grc1.98.1
Heb,9,5,79,1,4,novum_testamentum.ad_hebraeos.9.5,septuaginta.psalmi urn:cts:greekLit:tlg0527.tlg027.1st1K-grc1.79.1
Heb,10,39,43,18,4,novum_testamentum.ad_hebraeos.10.39,septuaginta.psalmi urn:cts:greekLit:tlg0527.tlg027.1st1K-grc1.43.18
Heb,11,25,72,18,4,novum_testamentum.ad_hebraeos.11.25,septuaginta.psalmi urn:cts:greekLit:tlg0527.tlg027.1st1K-grc1.72.18
Heb,11,25,72,19,4,novum_testamentum.ad_hebraeos.11.25,septuaginta.psalmi urn:cts:greekLit:tlg0527.tlg027.1st1K-grc1.72.19
Heb,11,25,72,20,4,novum_testamentum.ad_hebraeos.11.25,septuaginta.psalmi urn:cts:greekLit:tlg0527.tlg027.1st1K-grc1.72.20
Heb,11,26,88,50,4,novum_testamentum.ad_hebraeos.11.26,septuaginta.psalmi urn:cts:greekLit:tlg0527.tlg027.1st1K-grc1.88.50
Heb,11,26,88,51,4,novum_testamentum.ad_hebraeos.11.26,septuaginta.psalmi urn:cts:greekLit:tlg0527.tlg027.1st1K-grc1.88.51
Heb,11,33,143,10,4,novum_testamentum.ad_hebraeos.11.33,septuaginta.psalmi urn:cts:greekLit:tlg0527.tlg027.1st1K-grc1.143.10
Heb,12,10,16,15,4,novum_testamentum.ad_hebraeos.12.10,septuaginta.psalmi urn:cts:greekLit:tlg0527.tlg027.1st1K-grc1.16.15
Heb,12,23,95,13,4,novum_testamentum.ad_hebraeos.12.23,septuaginta.psalmi urn:cts:greekLit:tlg0527.tlg027.1st1K-grc1.95.13
Heb,13,4,49,16,4,novum_testamentum.ad_hebraeos.13.4,septuaginta.psalmi urn:cts:greekLit:tlg0527.tlg027.1st1K-grc1.49.16
Heb,13,4,49,17,4,novum_testamentum.ad_hebraeos.13.4,septuaginta.psalmi urn:cts:greekLit:tlg0527.tlg027.1st1K-grc1.49.17
Heb,13,4,49,18,4,novum_testamentum.ad_hebraeos.13.4,septuaginta.psalmi urn:cts:greekLit:tlg0527.tlg027.1st1K-grc1.49.18
Heb,13,4,49,19,4,novum_testamentum.ad_hebraeos.13.4,septuaginta.psalmi urn:cts:greekLit:tlg0527.tlg027.1st1K-grc1.49.19
Heb,13,4,49,20,4,novum_testamentum.ad_hebraeos.13.4,septuaginta.psalmi urn:cts:greekLit:tlg0527.tlg027.1st1K-grc1.49.20
Heb,13,4,49,21,4,novum_testamentum.ad_hebraeos.13.4,septuaginta.psalmi urn:cts:greekLit:tlg0527.tlg027.1st1K-grc1.49.21
Heb,13,4,49,22,4,novum_testamentum.ad_hebraeos.13.4,septuaginta.psalmi urn:cts:greekLit:tlg0527.tlg027.1st1K-grc1.49.22
Heb,13,15,17,49,4,novum_testamentum.ad_hebraeos.13.15,septuaginta.psalmi urn:cts:greekLit:tlg0527.tlg027.1st1K-grc1.17.49
Heb,13,15,117,19,4,novum_testamentum.ad_hebraeos.13.15,septuaginta.psalmi urn:cts:greekLit:tlg0527.tlg027.1st1K-grc1.117.19
Heb,13,21,137,8,4,novum_testamentum.ad_hebraeos.13.21,septuaginta.psalmi urn:cts:greekLit:tlg0527.tlg027.1st1K-grc1.137.8
Heb,1,2,2,6,3,novum_testamentum.ad_hebraeos.1.2,septuaginta.psalmi urn:cts:greekLit:tlg0527.tlg027.1st1K-grc1.2.6
Heb,1,2,2,7,3,novum_testamentum.ad_hebraeos.1.2,septuaginta.psalmi urn:cts:greekLit:tlg0527.tlg027.1st1K-grc1.2.7
Heb,1,2,2,8,3,novum_testamentum.ad_hebraeos.1.2,septuaginta.psalmi urn:cts:greekLit:tlg0527.tlg027.1st1K-grc1.2.8
Heb,1,2,2,9,3,novum_testamentum.ad_hebraeos.1.2,septuaginta.psalmi urn:cts:greekLit:tlg0527.tlg027.1st1K-grc1.2.9
Heb,1,9,10,5,3,novum_testamentum.ad_hebraeos.1.9,septuaginta.psalmi urn:cts:greekLit:tlg0527.tlg027.1st1K-grc1.10.5
Heb,1,9,32,5,3,novum_testamentum.ad_hebraeos.1.9,septuaginta.psalmi urn:cts:greekLit:tlg0527.tlg027.1st1K-grc1.32.5
Heb,1,9,88,20,3,novum_testamentum.ad_hebraeos.1.9,septuaginta.psalmi urn:cts:greekLit:tlg0527.tlg027.1st1K-grc1.88.20
Heb,1,11,89,2,3,novum_testamentum.ad_hebraeos.1.11,septuaginta.psalmi urn:cts:greekLit:tlg0527.tlg027.1st1K-grc1.89.2
Heb,2,2,67,17,3,novum_testamentum.ad_hebraeos.2.2,septuaginta.psalmi urn:cts:greekLit:tlg0527.tlg027.1st1K-grc1.67.17
Heb,2,8,2,6,3,novum_testamentum.ad_hebraeos.2.8,septuaginta.psalmi urn:cts:greekLit:tlg0527.tlg027.1st1K-grc1.2.6
Heb,2,13,17,2,3,novum_testamentum.ad_hebraeos.2.13,septuaginta.psalmi urn:cts:greekLit:tlg0527.tlg027.1st1K-grc1.17.2
Heb,2,13,35,7,3,novum_testamentum.ad_hebraeos.2.13,septuaginta.psalmi urn:cts:greekLit:tlg0527.tlg027.1st1K-grc1.35.7
Heb,2,13,35,8,3,novum_testamentum.ad_hebraeos.2.13,septuaginta.psalmi urn:cts:greekLit:tlg0527.tlg027.1st1K-grc1.35.8
Heb,2,15,72,19,3,novum_testamentum.ad_hebraeos.2.15,septuaginta.psalmi urn:cts:greekLit:tlg0527.tlg027.1st1K-grc1.72.19
Heb,3,6,2,12,3,novum_testamentum.ad_hebraeos.3.6,septuaginta.psalmi urn:cts:greekLit:tlg0527.tlg027.1st1K-grc1.2.12
Heb,3,11,94,11,3,novum_testamentum.ad_hebraeos.3.11,septuaginta.psalmi urn:cts:greekLit:tlg0527.tlg027.1st1K-grc1.94.11
Heb,4,8,77,55,3,novum_testamentum.ad_hebraeos.4.8,septuaginta.psalmi urn:cts:greekLit:tlg0527.tlg027.1st1K-grc1.77.55
Heb,4,9,46,9,3,novum_testamentum.ad_hebraeos.4.9,septuaginta.psalmi urn:cts:greekLit:tlg0527.tlg027.1st1K-grc1.46.9
Heb,7,2,44,4,3,novum_testamentum.ad_hebraeos.7.2,septuaginta.psalmi urn:cts:greekLit:tlg0527.tlg027.1st1K-grc1.44.4
Heb,7,2,44,5,3,novum_testamentum.ad_hebraeos.7.2,septuaginta.psalmi urn:cts:greekLit:tlg0527.tlg027.1st1K-grc1.44.5
Heb,7,2,44,6,3,novum_testamentum.ad_hebraeos.7.2,septuaginta.psalmi urn:cts:greekLit:tlg0527.tlg027.1st1K-grc1.44.6
Heb,7,2,44,7,3,novum_testamentum.ad_hebraeos.7.2,septuaginta.psalmi urn:cts:greekLit:tlg0527.tlg027.1st1K-grc1.44.7
Heb,7,2,84,10,3,novum_testamentum.ad_hebraeos.7.2,septuaginta.psalmi urn:cts:greekLit:tlg0527.tlg027.1st1K-grc1.84.10
Heb,7,2,84,11,3,novum_testamentum.ad_hebraeos.7.2,septuaginta.psalmi urn:cts:greekLit:tlg0527.tlg027.1st1K-grc1.84.11
Heb,7,25,67,31,3,novum_testamentum.ad_hebraeos.7.25,septuaginta.psalmi urn:cts:greekLit:tlg0527.tlg027.1st1K-grc1.67.31
Heb,7,25,67,32,3,novum_testamentum.ad_hebraeos.7.25,septuaginta.psalmi urn:cts:greekLit:tlg0527.tlg027.1st1K-grc1.67.32
Heb,7,28,109,4,3,novum_testamentum.ad_hebraeos.7.28,septuaginta.psalmi urn:cts:greekLit:tlg0527.tlg027.1st1K-grc1.109.4
Heb,8,1,103,1,3,novum_testamentum.ad_hebraeos.8.1,septuaginta.psalmi urn:cts:greekLit:tlg0527.tlg027.1st1K-grc1.103.1
Heb,8,1,44,3,3,novum_testamentum.ad_hebraeos.8.1,septuaginta.psalmi urn:cts:greekLit:tlg0527.tlg027.1st1K-grc1.44.3
Heb,8,1,44,4,3,novum_testamentum.ad_hebraeos.8.1,septuaginta.psalmi urn:cts:greekLit:tlg0527.tlg027.1st1K-grc1.44.4
Heb,8,1,20,5,3,novum_testamentum.ad_hebraeos.8.1,septuaginta.psalmi urn:cts:greekLit:tlg0527.tlg027.1st1K-grc1.20.5
Heb,8,9,76,20,3,novum_testamentum.ad_hebraeos.8.9,septuaginta.psalmi urn:cts:greekLit:tlg0527.tlg027.1st1K-grc1.76.20
Heb,8,9,104,43,3,novum_testamentum.ad_hebraeos.8.9,septuaginta.psalmi urn:cts:greekLit:tlg0527.tlg027.1st1K-grc1.104.43
Heb,8,9,77,57,3,novum_testamentum.ad_hebraeos.8.9,septuaginta.psalmi urn:cts:greekLit:tlg0527.tlg027.1st1K-grc1.77.57
Heb,8,9,77,10,3,novum_testamentum.ad_hebraeos.8.9,septuaginta.psalmi urn:cts:greekLit:tlg0527.tlg027.1st1K-grc1.77.10
Heb,8,9,77,11,3,novum_testamentum.ad_hebraeos.8.9,septuaginta.psalmi urn:cts:greekLit:tlg0527.tlg027.1st1K-grc1.77.11
Heb,9,9,50,16,3,novum_testamentum.ad_hebraeos.9.9,septuaginta.psalmi urn:cts:greekLit:tlg0527.tlg027.1st1K-grc1.50.16
Heb,9,9,50,17,3,novum_testamentum.ad_hebraeos.9.9,septuaginta.psalmi urn:cts:greekLit:tlg0527.tlg027.1st1K-grc1.50.17
Heb,9,9,50,18,3,novum_testamentum.ad_hebraeos.9.9,septuaginta.psalmi urn:cts:greekLit:tlg0527.tlg027.1st1K-grc1.50.18
Heb,9,9,50,19,3,novum_testamentum.ad_hebraeos.9.9,septuaginta.psalmi urn:cts:greekLit:tlg0527.tlg027.1st1K-grc1.50.19
Heb,9,13,50,7,3,novum_testamentum.ad_hebraeos.9.13,septuaginta.psalmi urn:cts:greekLit:tlg0527.tlg027.1st1K-grc1.50.7
Heb,9,15,36,18,3,novum_testamentum.ad_hebraeos.9.15,septuaginta.psalmi urn:cts:greekLit:tlg0527.tlg027.1st1K-grc1.36.18
Heb,9,24,67,18,3,novum_testamentum.ad_hebraeos.9.24,septuaginta.psalmi urn:cts:greekLit:tlg0527.tlg027.1st1K-grc1.67.18
Heb,10,33,73,22,3,novum_testamentum.ad_hebraeos.10.33,septuaginta.psalmi urn:cts:greekLit:tlg0527.tlg027.1st1K-grc1.73.22
Heb,11,23,55,4,3,novum_testamentum.ad_hebraeos.11.23,septuaginta.psalmi urn:cts:greekLit:tlg0527.tlg027.1st1K-grc1.55.4
Heb,11,26,36,16,3,novum_testamentum.ad_hebraeos.11.26,septuaginta.psalmi urn:cts:greekLit:tlg0527.tlg027.1st1K-grc1.36.16
Heb,11,29,65,6,3,novum_testamentum.ad_hebraeos.11.29,septuaginta.psalmi urn:cts:greekLit:tlg0527.tlg027.1st1K-grc1.65.6
Heb,11,33,17,32,3,novum_testamentum.ad_hebraeos.11.33,septuaginta.psalmi urn:cts:greekLit:tlg0527.tlg027.1st1K-grc1.17.32
Heb,11,33,17,33,3,novum_testamentum.ad_hebraeos.11.33,septuaginta.psalmi urn:cts:greekLit:tlg0527.tlg027.1st1K-grc1.17.33
Heb,11,33,17,34,3,novum_testamentum.ad_hebraeos.11.33,septuaginta.psalmi urn:cts:greekLit:tlg0527.tlg027.1st1K-grc1.17.34
Heb,11,33,90,13,3,novum_testamentum.ad_hebraeos.11.33,septuaginta.psalmi urn:cts:greekLit:tlg0527.tlg027.1st1K-grc1.90.13
Heb,11,38,141,1,3,novum_testamentum.ad_hebraeos.11.38,septuaginta.psalmi urn:cts:greekLit:tlg0527.tlg027.1st1K-grc1.141.1
Heb,11,38,141,2,3,novum_testamentum.ad_hebraeos.11.38,septuaginta.psalmi urn:cts:greekLit:tlg0527.tlg027.1st1K-grc1.141.2
Heb,11,38,141,3,3,novum_testamentum.ad_hebraeos.11.38,septuaginta.psalmi urn:cts:greekLit:tlg0527.tlg027.1st1K-grc1.141.3
Heb,11,38,141,4,3,novum_testamentum.ad_hebraeos.11.38,septuaginta.psalmi urn:cts:greekLit:tlg0527.tlg027.1st1K-grc1.141.4
Heb,11,38,141,5,3,novum_testamentum.ad_hebraeos.11.38,septuaginta.psalmi urn:cts:greekLit:tlg0527.tlg027.1st1K-grc1.141.5
Heb,11,38,141,6,3,novum_testamentum.ad_hebraeos.11.38,septuaginta.psalmi urn:cts:greekLit:tlg0527.tlg027.1st1K-grc1.141.6
Heb,11,38,141,7,3,novum_testamentum.ad_hebraeos.11.38,septuaginta.psalmi urn:cts:greekLit:tlg0527.tlg027.1st1K-grc1.141.7
Heb,12,6,72,14,3,novum_testamentum.ad_hebraeos.12.6,septuaginta.psalmi urn:cts:greekLit:tlg0527.tlg027.1st1K-grc1.72.14
Heb,12,6,72,15,3,novum_testamentum.ad_hebraeos.12.6,septuaginta.psalmi urn:cts:greekLit:tlg0527.tlg027.1st1K-grc1.72.15
Heb,12,22,86,3,3,novum_testamentum.ad_hebraeos.12.22,septuaginta.psalmi urn:cts:greekLit:tlg0527.tlg027.1st1K-grc1.86.3
Heb,12,22,131,13,3,novum_testamentum.ad_hebraeos.12.22,septuaginta.psalmi urn:cts:greekLit:tlg0527.tlg027.1st1K-grc1.131.13
Heb,12,22,131,14,3,novum_testamentum.ad_hebraeos.12.22,septuaginta.psalmi urn:cts:greekLit:tlg0527.tlg027.1st1K-grc1.131.14
Heb,12,22,2,6,3,novum_testamentum.ad_hebraeos.12.22,septuaginta.psalmi urn:cts:greekLit:tlg0527.tlg027.1st1K-grc1.2.6
Heb,12,22,83,2,3,novum_testamentum.ad_hebraeos.12.22,septuaginta.psalmi urn:cts:greekLit:tlg0527.tlg027.1st1K-grc1.83.2
Heb,12,23,97,9,3,novum_testamentum.ad_hebraeos.12.23,septuaginta.psalmi urn:cts:greekLit:tlg0527.tlg027.1st1K-grc1.97.9
Heb,13,15,135,1,3,novum_testamentum.ad_hebraeos.13.15,septuaginta.psalmi urn:cts:greekLit:tlg0527.tlg027.1st1K-grc1.135.1
Heb,13,15,135,2,3,novum_testamentum.ad_hebraeos.13.15,septuaginta.psalmi urn:cts:greekLit:tlg0527.tlg027.1st1K-grc1.135.2
Heb,13,15,135,3,3,novum_testamentum.ad_hebraeos.13.15,septuaginta.psalmi urn:cts:greekLit:tlg0527.tlg027.1st1K-grc1.135.3
Heb,13,15,135,4,3,novum_testamentum.ad_hebraeos.13.15,septuaginta.psalmi urn:cts:greekLit:tlg0527.tlg027.1st1K-grc1.135.4
Heb,13,15,135,5,3,novum_testamentum.ad_hebraeos.13.15,septuaginta.psalmi urn:cts:greekLit:tlg0527.tlg027.1st1K-grc1.135.5
Heb,13,15,135,6,3,novum_testamentum.ad_hebraeos.13.15,septuaginta.psalmi urn:cts:greekLit:tlg0527.tlg027.1st1K-grc1.135.6
Heb,13,15,135,7,3,novum_testamentum.ad_hebraeos.13.15,septuaginta.psalmi urn:cts:greekLit:tlg0527.tlg027.1st1K-grc1.135.7
Heb,13,15,135,8,3,novum_testamentum.ad_hebraeos.13.15,septuaginta.psalmi urn:cts:greekLit:tlg0527.tlg027.1st1K-grc1.135.8
Heb,13,15,135,9,3,novum_testamentum.ad_hebraeos.13.15,septuaginta.psalmi urn:cts:greekLit:tlg0527.tlg027.1st1K-grc1.135.9
Heb,13,15,135,10,3,novum_testamentum.ad_hebraeos.13.15,septuaginta.psalmi urn:cts:greekLit:tlg0527.tlg027.1st1K-grc1.135.10
Heb,13,15,135,11,3,novum_testamentum.ad_hebraeos.13.15,septuaginta.psalmi urn:cts:greekLit:tlg0527.tlg027.1st1K-grc1.135.11
Heb,13,15,135,12,3,novum_testamentum.ad_hebraeos.13.15,septuaginta.psalmi urn:cts:greekLit:tlg0527.tlg027.1st1K-grc1.135.12
Heb,13,15,135,13,3,novum_testamentum.ad_hebraeos.13.15,septuaginta.psalmi urn:cts:greekLit:tlg0527.tlg027.1st1K-grc1.135.13
Heb,13,15,135,14,3,novum_testamentum.ad_hebraeos.13.15,septuaginta.psalmi urn:cts:greekLit:tlg0527.tlg027.1st1K-grc1.135.14
Heb,13,15,135,15,3,novum_testamentum.ad_hebraeos.13.15,septuaginta.psalmi urn:cts:greekLit:tlg0527.tlg027.1st1K-grc1.135.15
Heb,13,15,135,16,3,novum_testamentum.ad_hebraeos.13.15,septuaginta.psalmi urn:cts:greekLit:tlg0527.tlg027.1st1K-grc1.135.16
Heb,13,15,135,17,3,novum_testamentum.ad_hebraeos.13.15,septuaginta.psalmi urn:cts:greekLit:tlg0527.tlg027.1st1K-grc1.135.17
Heb,13,15,135,18,3,novum_testamentum.ad_hebraeos.13.15,septuaginta.psalmi urn:cts:greekLit:tlg0527.tlg027.1st1K-grc1.135.18
Heb,13,15,135,19,3,novum_testamentum.ad_hebraeos.13.15,septuaginta.psalmi urn:cts:greekLit:tlg0527.tlg027.1st1K-grc1.135.19
Heb,13,15,135,20,3,novum_testamentum.ad_hebraeos.13.15,septuaginta.psalmi urn:cts:greekLit:tlg0527.tlg027.1st1K-grc1.135.20
Heb,13,15,135,21,3,novum_testamentum.ad_hebraeos.13.15,septuaginta.psalmi urn:cts:greekLit:tlg0527.tlg027.1st1K-grc1.135.21
Heb,13,15,135,22,3,novum_testamentum.ad_hebraeos.13.15,septuaginta.psalmi urn:cts:greekLit:tlg0527.tlg027.1st1K-grc1.135.22
Heb,13,15,135,23,3,novum_testamentum.ad_hebraeos.13.15,septuaginta.psalmi urn:cts:greekLit:tlg0527.tlg027.1st1K-grc1.135.23
Heb,13,15,135,24,3,novum_testamentum.ad_hebraeos.13.15,septuaginta.psalmi urn:cts:greekLit:tlg0527.tlg027.1st1K-grc1.135.24
Heb,13,15,135,25,3,novum_testamentum.ad_hebraeos.13.15,septuaginta.psalmi urn:cts:greekLit:tlg0527.tlg027.1st1K-grc1.135.25
Heb,13,15,135,26,3,novum_testamentum.ad_hebraeos.13.15,septuaginta.psalmi urn:cts:greekLit:tlg0527.tlg027.1st1K-grc1.135.26
Heb,1,8,71,1,2,novum_testamentum.ad_hebraeos.1.8,septuaginta.psalmi urn:cts:greekLit:tlg0527.tlg027.1st1K-grc1.71.1
Heb,1,8,71,2,2,novum_testamentum.ad_hebraeos.1.8,septuaginta.psalmi urn:cts:greekLit:tlg0527.tlg027.1st1K-grc1.71.2
Heb,1,8,71,3,2,novum_testamentum.ad_hebraeos.1.8,septuaginta.psalmi urn:cts:greekLit:tlg0527.tlg027.1st1K-grc1.71.3
Heb,1,8,71,4,2,novum_testamentum.ad_hebraeos.1.8,septuaginta.psalmi urn:cts:greekLit:tlg0527.tlg027.1st1K-grc1.71.4
Heb,1,9,88,26,2,novum_testamentum.ad_hebraeos.1.9,septuaginta.psalmi urn:cts:greekLit:tlg0527.tlg027.1st1K-grc1.88.26
Heb,1,9,2,6,2,novum_testamentum.ad_hebraeos.1.9,septuaginta.psalmi urn:cts:greekLit:tlg0527.tlg027.1st1K-grc1.2.6
Heb,1,9,2,2,2,novum_testamentum.ad_hebraeos.1.9,septuaginta.psalmi urn:cts:greekLit:tlg0527.tlg027.1st1K-grc1.2.2
Heb,1,9,39,8,2,novum_testamentum.ad_hebraeos.1.9,septuaginta.psalmi urn:cts:greekLit:tlg0527.tlg027.1st1K-grc1.39.8
Heb,1,9,36,28,2,novum_testamentum.ad_hebraeos.1.9,septuaginta.psalmi urn:cts:greekLit:tlg0527.tlg027.1st1K-grc1.36.28
Heb,1,11,28,10,2,novum_testamentum.ad_hebraeos.1.11,septuaginta.psalmi urn:cts:greekLit:tlg0527.tlg027.1st1K-grc1.28.10
Heb,2,12,21,25,2,novum_testamentum.ad_hebraeos.2.12,septuaginta.psalmi urn:cts:greekLit:tlg0527.tlg027.1st1K-grc1.21.25
Heb,2,13,126,3,2,novum_testamentum.ad_hebraeos.2.13,septuaginta.psalmi urn:cts:greekLit:tlg0527.tlg027.1st1K-grc1.126.3
Heb,2,13,15,1,2,novum_testamentum.ad_hebraeos.2.13,septuaginta.psalmi urn:cts:greekLit:tlg0527.tlg027.1st1K-grc1.15.1
Heb,3,10,146,1,2,novum_testamentum.ad_hebraeos.3.10,septuaginta.psalmi urn:cts:greekLit:tlg0527.tlg027.1st1K-grc1.146.1
Heb,3,10,146,2,2,novum_testamentum.ad_hebraeos.3.10,septuaginta.psalmi urn:cts:greekLit:tlg0527.tlg027.1st1K-grc1.146.2
Heb,3,10,146,3,2,novum_testamentum.ad_hebraeos.3.10,septuaginta.psalmi urn:cts:greekLit:tlg0527.tlg027.1st1K-grc1.146.3
Heb,3,10,146,4,2,novum_testamentum.ad_hebraeos.3.10,septuaginta.psalmi urn:cts:greekLit:tlg0527.tlg027.1st1K-grc1.146.4
Heb,3,10,146,5,2,novum_testamentum.ad_hebraeos.3.10,septuaginta.psalmi urn:cts:greekLit:tlg0527.tlg027.1st1K-grc1.146.5
Heb,3,10,146,6,2,novum_testamentum.ad_hebraeos.3.10,septuaginta.psalmi urn:cts:greekLit:tlg0527.tlg027.1st1K-grc1.146.6
Heb,3,10,146,7,2,novum_testamentum.ad_hebraeos.3.10,septuaginta.psalmi urn:cts:greekLit:tlg0527.tlg027.1st1K-grc1.146.7
Heb,3,10,146,8,2,novum_testamentum.ad_hebraeos.3.10,septuaginta.psalmi urn:cts:greekLit:tlg0527.tlg027.1st1K-grc1.146.8
Heb,3,10,146,9,2,novum_testamentum.ad_hebraeos.3.10,septuaginta.psalmi urn:cts:greekLit:tlg0527.tlg027.1st1K-grc1.146.9
Heb,3,10,146,10,2,novum_testamentum.ad_hebraeos.3.10,septuaginta.psalmi urn:cts:greekLit:tlg0527.tlg027.1st1K-grc1.146.10
Heb,3,10,146,11,2,novum_testamentum.ad_hebraeos.3.10,septuaginta.psalmi urn:cts:greekLit:tlg0527.tlg027.1st1K-grc1.146.11
Heb,3,10,147,1,2,novum_testamentum.ad_hebraeos.3.10,septuaginta.psalmi urn:cts:greekLit:tlg0527.tlg027.1st1K-grc1.147.1
Heb,3,10,147,2,2,novum_testamentum.ad_hebraeos.3.10,septuaginta.psalmi urn:cts:greekLit:tlg0527.tlg027.1st1K-grc1.147.2
Heb,3,10,147,3,2,novum_testamentum.ad_hebraeos.3.10,septuaginta.psalmi urn:cts:greekLit:tlg0527.tlg027.1st1K-grc1.147.3
Heb,3,10,147,4,2,novum_testamentum.ad_hebraeos.3.10,septuaginta.psalmi urn:cts:greekLit:tlg0527.tlg027.1st1K-grc1.147.4
Heb,3,10,147,5,2,novum_testamentum.ad_hebraeos.3.10,septuaginta.psalmi urn:cts:greekLit:tlg0527.tlg027.1st1K-grc1.147.5
Heb,3,10,147,6,2,novum_testamentum.ad_hebraeos.3.10,septuaginta.psalmi urn:cts:greekLit:tlg0527.tlg027.1st1K-grc1.147.6
Heb,3,10,147,7,2,novum_testamentum.ad_hebraeos.3.10,septuaginta.psalmi urn:cts:greekLit:tlg0527.tlg027.1st1K-grc1.147.7
Heb,3,10,147,8,2,novum_testamentum.ad_hebraeos.3.10,septuaginta.psalmi urn:cts:greekLit:tlg0527.tlg027.1st1K-grc1.147.8
Heb,3,10,147,9,2,novum_testamentum.ad_hebraeos.3.10,septuaginta.psalmi urn:cts:greekLit:tlg0527.tlg027.1st1K-grc1.147.9
Heb,4,8,104,44,2,novum_testamentum.ad_hebraeos.4.8,septuaginta.psalmi urn:cts:greekLit:tlg0527.tlg027.1st1K-grc1.104.44
Heb,5,9,67,18,2,novum_testamentum.ad_hebraeos.5.9,septuaginta.psalmi urn:cts:greekLit:tlg0527.tlg027.1st1K-grc1.67.18
Heb,5,9,67,19,2,novum_testamentum.ad_hebraeos.5.9,septuaginta.psalmi urn:cts:greekLit:tlg0527.tlg027.1st1K-grc1.67.19
Heb,5,9,67,20,2,novum_testamentum.ad_hebraeos.5.9,septuaginta.psalmi urn:cts:greekLit:tlg0527.tlg027.1st1K-grc1.67.20
Heb,5,9,50,6,2,novum_testamentum.ad_hebraeos.5.9,septuaginta.psalmi urn:cts:greekLit:tlg0527.tlg027.1st1K-grc1.50.6
Heb,6,8,106,34,2,novum_testamentum.ad_hebraeos.6.8,septuaginta.psalmi urn:cts:greekLit:tlg0527.tlg027.1st1K-grc1.106.34
Heb,6,17,35,8,2,novum_testamentum.ad_hebraeos.6.17,septuaginta.psalmi urn:cts:greekLit:tlg0527.tlg027.1st1K-grc1.35.8
Heb,7,1,77,56,2,novum_testamentum.ad_hebraeos.7.1,septuaginta.psalmi urn:cts:greekLit:tlg0527.tlg027.1st1K-grc1.77.56
Heb,7,2,71,1,2,novum_testamentum.ad_hebraeos.7.2,septuaginta.psalmi urn:cts:greekLit:tlg0527.tlg027.1st1K-grc1.71.1
Heb,7,2,71,2,2,novum_testamentum.ad_hebraeos.7.2,septuaginta.psalmi urn:cts:greekLit:tlg0527.tlg027.1st1K-grc1.71.2
Heb,7,2,71,3,2,novum_testamentum.ad_hebraeos.7.2,septuaginta.psalmi urn:cts:greekLit:tlg0527.tlg027.1st1K-grc1.71.3
Heb,7,2,71,7,2,novum_testamentum.ad_hebraeos.7.2,septuaginta.psalmi urn:cts:greekLit:tlg0527.tlg027.1st1K-grc1.71.7
Heb,7,19,72,28,2,novum_testamentum.ad_hebraeos.7.19,septuaginta.psalmi urn:cts:greekLit:tlg0527.tlg027.1st1K-grc1.72.28
Heb,8,1,144,12,2,novum_testamentum.ad_hebraeos.8.1,septuaginta.psalmi urn:cts:greekLit:tlg0527.tlg027.1st1K-grc1.144.12
Heb,9,4,109,2,2,novum_testamentum.ad_hebraeos.9.4,septuaginta.psalmi urn:cts:greekLit:tlg0527.tlg027.1st1K-grc1.109.2
Heb,9,4,109,3,2,novum_testamentum.ad_hebraeos.9.4,septuaginta.psalmi urn:cts:greekLit:tlg0527.tlg027.1st1K-grc1.109.3
Heb,9,7,18,12,2,novum_testamentum.ad_hebraeos.9.7,septuaginta.psalmi urn:cts:greekLit:tlg0527.tlg027.1st1K-grc1.18.12
Heb,9,7,94,10,2,novum_testamentum.ad_hebraeos.9.7,septuaginta.psalmi urn:cts:greekLit:tlg0527.tlg027.1st1K-grc1.94.10
Heb,10,4,49,8,2,novum_testamentum.ad_hebraeos.10.4,septuaginta.psalmi urn:cts:greekLit:tlg0527.tlg027.1st1K-grc1.49.8
Heb,10,4,49,9,2,novum_testamentum.ad_hebraeos.10.4,septuaginta.psalmi urn:cts:greekLit:tlg0527.tlg027.1st1K-grc1.49.9
Heb,10,4,49,10,2,novum_testamentum.ad_hebraeos.10.4,septuaginta.psalmi urn:cts:greekLit:tlg0527.tlg027.1st1K-grc1.49.10
Heb,10,4,49,11,2,novum_testamentum.ad_hebraeos.10.4,septuaginta.psalmi urn:cts:greekLit:tlg0527.tlg027.1st1K-grc1.49.11
Heb,10,4,49,12,2,novum_testamentum.ad_hebraeos.10.4,septuaginta.psalmi urn:cts:greekLit:tlg0527.tlg027.1st1K-grc1.49.12
Heb,10,6,146,1,2,novum_testamentum.ad_hebraeos.10.6,septuaginta.psalmi urn:cts:greekLit:tlg0527.tlg027.1st1K-grc1.146.1
Heb,10,6,146,2,2,novum_testamentum.ad_hebraeos.10.6,septuaginta.psalmi urn:cts:greekLit:tlg0527.tlg027.1st1K-grc1.146.2
Heb,10,6,146,3,2,novum_testamentum.ad_hebraeos.10.6,septuaginta.psalmi urn:cts:greekLit:tlg0527.tlg027.1st1K-grc1.146.3
Heb,10,6,146,4,2,novum_testamentum.ad_hebraeos.10.6,septuaginta.psalmi urn:cts:greekLit:tlg0527.tlg027.1st1K-grc1.146.4
Heb,10,6,146,5,2,novum_testamentum.ad_hebraeos.10.6,septuaginta.psalmi urn:cts:greekLit:tlg0527.tlg027.1st1K-grc1.146.5
Heb,10,6,146,6,2,novum_testamentum.ad_hebraeos.10.6,septuaginta.psalmi urn:cts:greekLit:tlg0527.tlg027.1st1K-grc1.146.6
Heb,10,6,146,7,2,novum_testamentum.ad_hebraeos.10.6,septuaginta.psalmi urn:cts:greekLit:tlg0527.tlg027.1st1K-grc1.146.7
Heb,10,6,146,8,2,novum_testamentum.ad_hebraeos.10.6,septuaginta.psalmi urn:cts:greekLit:tlg0527.tlg027.1st1K-grc1.146.8
Heb,10,6,146,9,2,novum_testamentum.ad_hebraeos.10.6,septuaginta.psalmi urn:cts:greekLit:tlg0527.tlg027.1st1K-grc1.146.9
Heb,10,6,146,10,2,novum_testamentum.ad_hebraeos.10.6,septuaginta.psalmi urn:cts:greekLit:tlg0527.tlg027.1st1K-grc1.146.10
Heb,10,6,146,11,2,novum_testamentum.ad_hebraeos.10.6,septuaginta.psalmi urn:cts:greekLit:tlg0527.tlg027.1st1K-grc1.146.11
Heb,10,6,147,1,2,novum_testamentum.ad_hebraeos.10.6,septuaginta.psalmi urn:cts:greekLit:tlg0527.tlg027.1st1K-grc1.147.1
Heb,10,6,147,2,2,novum_testamentum.ad_hebraeos.10.6,septuaginta.psalmi urn:cts:greekLit:tlg0527.tlg027.1st1K-grc1.147.2
Heb,10,6,147,3,2,novum_testamentum.ad_hebraeos.10.6,septuaginta.psalmi urn:cts:greekLit:tlg0527.tlg027.1st1K-grc1.147.3
Heb,10,6,147,4,2,novum_testamentum.ad_hebraeos.10.6,septuaginta.psalmi urn:cts:greekLit:tlg0527.tlg027.1st1K-grc1.147.4
Heb,10,6,147,5,2,novum_testamentum.ad_hebraeos.10.6,septuaginta.psalmi urn:cts:greekLit:tlg0527.tlg027.1st1K-grc1.147.5
Heb,10,6,147,6,2,novum_testamentum.ad_hebraeos.10.6,septuaginta.psalmi urn:cts:greekLit:tlg0527.tlg027.1st1K-grc1.147.6
Heb,10,6,147,7,2,novum_testamentum.ad_hebraeos.10.6,septuaginta.psalmi urn:cts:greekLit:tlg0527.tlg027.1st1K-grc1.147.7
Heb,10,6,147,8,2,novum_testamentum.ad_hebraeos.10.6,septuaginta.psalmi urn:cts:greekLit:tlg0527.tlg027.1st1K-grc1.147.8
Heb,10,6,147,9,2,novum_testamentum.ad_hebraeos.10.6,septuaginta.psalmi urn:cts:greekLit:tlg0527.tlg027.1st1K-grc1.147.9
Heb,10,27,67,1,2,novum_testamentum.ad_hebraeos.10.27,septuaginta.psalmi urn:cts:greekLit:tlg0527.tlg027.1st1K-grc1.67.1
Heb,10,27,67,2,2,novum_testamentum.ad_hebraeos.10.27,septuaginta.psalmi urn:cts:greekLit:tlg0527.tlg027.1st1K-grc1.67.2
Heb,10,27,20,9,2,novum_testamentum.ad_hebraeos.10.27,septuaginta.psalmi urn:cts:greekLit:tlg0527.tlg027.1st1K-grc1.20.9
Heb,10,33,68,9,2,novum_testamentum.ad_hebraeos.10.33,septuaginta.psalmi urn:cts:greekLit:tlg0527.tlg027.1st1K-grc1.68.9
Heb,10,33,78,12,2,novum_testamentum.ad_hebraeos.10.33,septuaginta.psalmi urn:cts:greekLit:tlg0527.tlg027.1st1K-grc1.78.12
Heb,10,33,88,51,2,novum_testamentum.ad_hebraeos.10.33,septuaginta.psalmi urn:cts:greekLit:tlg0527.tlg027.1st1K-grc1.88.51
Heb,10,33,70,7,2,novum_testamentum.ad_hebraeos.10.33,septuaginta.psalmi urn:cts:greekLit:tlg0527.tlg027.1st1K-grc1.70.7
Heb,11,25,46,9,2,novum_testamentum.ad_hebraeos.11.25,septuaginta.psalmi urn:cts:greekLit:tlg0527.tlg027.1st1K-grc1.46.9
Heb,11,26,68,20,2,novum_testamentum.ad_hebraeos.11.26,septuaginta.psalmi urn:cts:greekLit:tlg0527.tlg027.1st1K-grc1.68.20
Heb,11,26,68,7,2,novum_testamentum.ad_hebraeos.11.26,septuaginta.psalmi urn:cts:greekLit:tlg0527.tlg027.1st1K-grc1.68.7
Heb,11,27,15,8,2,novum_testamentum.ad_hebraeos.11.27,septuaginta.psalmi urn:cts:greekLit:tlg0527.tlg027.1st1K-grc1.15.8
Heb,11,29,113,1,2,novum_testamentum.ad_hebraeos.11.29,septuaginta.psalmi urn:cts:greekLit:tlg0527.tlg027.1st1K-grc1.113.1
Heb,11,29,113,2,2,novum_testamentum.ad_hebraeos.11.29,septuaginta.psalmi urn:cts:greekLit:tlg0527.tlg027.1st1K-grc1.113.2
Heb,11,29,113,3,2,novum_testamentum.ad_hebraeos.11.29,septuaginta.psalmi urn:cts:greekLit:tlg0527.tlg027.1st1K-grc1.113.3
Heb,11,29,113,4,2,novum_testamentum.ad_hebraeos.11.29,septuaginta.psalmi urn:cts:greekLit:tlg0527.tlg027.1st1K-grc1.113.4
Heb,11,29,113,5,2,novum_testamentum.ad_hebraeos.11.29,septuaginta.psalmi urn:cts:greekLit:tlg0527.tlg027.1st1K-grc1.113.5
Heb,11,29,113,6,2,novum_testamentum.ad_hebraeos.11.29,septuaginta.psalmi urn:cts:greekLit:tlg0527.tlg027.1st1K-grc1.113.6
Heb,11,29,113,7,2,novum_testamentum.ad_hebraeos.11.29,septuaginta.psalmi urn:cts:greekLit:tlg0527.tlg027.1st1K-grc1.113.7
Heb,11,29,113,8,2,novum_testamentum.ad_hebraeos.11.29,septuaginta.psalmi urn:cts:greekLit:tlg0527.tlg027.1st1K-grc1.113.8
Heb,11,29,113,9,2,novum_testamentum.ad_hebraeos.11.29,septuaginta.psalmi urn:cts:greekLit:tlg0527.tlg027.1st1K-grc1.113.9
Heb,11,29,113,10,2,novum_testamentum.ad_hebraeos.11.29,septuaginta.psalmi urn:cts:greekLit:tlg0527.tlg027.1st1K-grc1.113.10
Heb,11,29,113,11,2,novum_testamentum.ad_hebraeos.11.29,septuaginta.psalmi urn:cts:greekLit:tlg0527.tlg027.1st1K-grc1.113.11
Heb,11,29,113,12,2,novum_testamentum.ad_hebraeos.11.29,septuaginta.psalmi urn:cts:greekLit:tlg0527.tlg027.1st1K-grc1.113.12
Heb,11,29,113,13,2,novum_testamentum.ad_hebraeos.11.29,septuaginta.psalmi urn:cts:greekLit:tlg0527.tlg027.1st1K-grc1.113.13
Heb,11,29,113,14,2,novum_testamentum.ad_hebraeos.11.29,septuaginta.psalmi urn:cts:greekLit:tlg0527.tlg027.1st1K-grc1.113.14
Heb,11,29,113,15,2,novum_testamentum.ad_hebraeos.11.29,septuaginta.psalmi urn:cts:greekLit:tlg0527.tlg027.1st1K-grc1.113.15
Heb,11,29,113,16,2,novum_testamentum.ad_hebraeos.11.29,septuaginta.psalmi urn:cts:greekLit:tlg0527.tlg027.1st1K-grc1.113.16
Heb,11,29,113,17,2,novum_testamentum.ad_hebraeos.11.29,septuaginta.psalmi urn:cts:greekLit:tlg0527.tlg027.1st1K-grc1.113.17
Heb,11,29,113,18,2,novum_testamentum.ad_hebraeos.11.29,septuaginta.psalmi urn:cts:greekLit:tlg0527.tlg027.1st1K-grc1.113.18
Heb,11,29,113,19,2,novum_testamentum.ad_hebraeos.11.29,septuaginta.psalmi urn:cts:greekLit:tlg0527.tlg027.1st1K-grc1.113.19
Heb,11,29,113,20,2,novum_testamentum.ad_hebraeos.11.29,septuaginta.psalmi urn:cts:greekLit:tlg0527.tlg027.1st1K-grc1.113.20
Heb,11,29,113,21,2,novum_testamentum.ad_hebraeos.11.29,septuaginta.psalmi urn:cts:greekLit:tlg0527.tlg027.1st1K-grc1.113.21
Heb,11,29,113,22,2,novum_testamentum.ad_hebraeos.11.29,septuaginta.psalmi urn:cts:greekLit:tlg0527.tlg027.1st1K-grc1.113.22
Heb,11,29,113,23,2,novum_testamentum.ad_hebraeos.11.29,septuaginta.psalmi urn:cts:greekLit:tlg0527.tlg027.1st1K-grc1.113.23
Heb,11,29,113,24,2,novum_testamentum.ad_hebraeos.11.29,septuaginta.psalmi urn:cts:greekLit:tlg0527.tlg027.1st1K-grc1.113.24
Heb,11,29,113,25,2,novum_testamentum.ad_hebraeos.11.29,septuaginta.psalmi urn:cts:greekLit:tlg0527.tlg027.1st1K-grc1.113.25
Heb,11,29,113,26,2,novum_testamentum.ad_hebraeos.11.29,septuaginta.psalmi urn:cts:greekLit:tlg0527.tlg027.1st1K-grc1.113.26
Heb,11,29,135,13,2,novum_testamentum.ad_hebraeos.11.29,septuaginta.psalmi urn:cts:greekLit:tlg0527.tlg027.1st1K-grc1.135.13
Heb,11,29,135,14,2,novum_testamentum.ad_hebraeos.11.29,septuaginta.psalmi urn:cts:greekLit:tlg0527.tlg027.1st1K-grc1.135.14
Heb,11,29,135,15,2,novum_testamentum.ad_hebraeos.11.29,septuaginta.psalmi urn:cts:greekLit:tlg0527.tlg027.1st1K-grc1.135.15
Heb,11,32,98,6,2,novum_testamentum.ad_hebraeos.11.32,septuaginta.psalmi urn:cts:greekLit:tlg0527.tlg027.1st1K-grc1.98.6
Heb,11,33,43,2,2,novum_testamentum.ad_hebraeos.11.33,septuaginta.psalmi urn:cts:greekLit:tlg0527.tlg027.1st1K-grc1.43.2
Heb,11,33,43,3,2,novum_testamentum.ad_hebraeos.11.33,septuaginta.psalmi urn:cts:greekLit:tlg0527.tlg027.1st1K-grc1.43.3
Heb,11,33,43,4,2,novum_testamentum.ad_hebraeos.11.33,septuaginta.psalmi urn:cts:greekLit:tlg0527.tlg027.1st1K-grc1.43.4
Heb,11,33,43,5,2,novum_testamentum.ad_hebraeos.11.33,septuaginta.psalmi urn:cts:greekLit:tlg0527.tlg027.1st1K-grc1.43.5
Heb,11,33,43,6,2,novum_testamentum.ad_hebraeos.11.33,septuaginta.psalmi urn:cts:greekLit:tlg0527.tlg027.1st1K-grc1.43.6
Heb,11,34,65,12,2,novum_testamentum.ad_hebraeos.11.34,septuaginta.psalmi urn:cts:greekLit:tlg0527.tlg027.1st1K-grc1.65.12
Heb,11,34,6,8,2,novum_testamentum.ad_hebraeos.11.34,septuaginta.psalmi urn:cts:greekLit:tlg0527.tlg027.1st1K-grc1.6.8
Heb,11,36,104,17,2,novum_testamentum.ad_hebraeos.11.36,septuaginta.psalmi urn:cts:greekLit:tlg0527.tlg027.1st1K-grc1.104.17
Heb,11,36,104,18,2,novum_testamentum.ad_hebraeos.11.36,septuaginta.psalmi urn:cts:greekLit:tlg0527.tlg027.1st1K-grc1.104.18
Heb,12,5,6,1,2,novum_testamentum.ad_hebraeos.12.5,septuaginta.psalmi urn:cts:greekLit:tlg0527.tlg027.1st1K-grc1.6.1
Heb,12,5,6,2,2,novum_testamentum.ad_hebraeos.12.5,septuaginta.psalmi urn:cts:greekLit:tlg0527.tlg027.1st1K-grc1.6.2
Heb,12,22,67,17,2,novum_testamentum.ad_hebraeos.12.22,septuaginta.psalmi urn:cts:greekLit:tlg0527.tlg027.1st1K-grc1.67.17
Heb,12,23,68,28,2,novum_testamentum.ad_hebraeos.12.23,septuaginta.psalmi urn:cts:greekLit:tlg0527.tlg027.1st1K-grc1.68.28
Heb,12,23,88,27,2,novum_testamentum.ad_hebraeos.12.23,septuaginta.psalmi urn:cts:greekLit:tlg0527.tlg027.1st1K-grc1.88.27
Heb,12,23,110,1,2,novum_testamentum.ad_hebraeos.12.23,septuaginta.psalmi urn:cts:greekLit:tlg0527.tlg027.1st1K-grc1.110.1
Heb,12,23,88,7,2,novum_testamentum.ad_hebraeos.12.23,septuaginta.psalmi urn:cts:greekLit:tlg0527.tlg027.1st1K-grc1.88.7
Heb,12,23,49,5,2,novum_testamentum.ad_hebraeos.12.23,septuaginta.psalmi urn:cts:greekLit:tlg0527.tlg027.1st1K-grc1.49.5
Heb,12,23,49,6,2,novum_testamentum.ad_hebraeos.12.23,septuaginta.psalmi urn:cts:greekLit:tlg0527.tlg027.1st1K-grc1.49.6
Heb,12,27,101,26,2,novum_testamentum.ad_hebraeos.12.27,septuaginta.psalmi urn:cts:greekLit:tlg0527.tlg027.1st1K-grc1.101.26
Heb,12,27,101,27,2,novum_testamentum.ad_hebraeos.12.27,septuaginta.psalmi urn:cts:greekLit:tlg0527.tlg027.1st1K-grc1.101.27
Heb,12,28,88,7,2,novum_testamentum.ad_hebraeos.12.28,septuaginta.psalmi urn:cts:greekLit:tlg0527.tlg027.1st1K-grc1.88.7
Heb,13,20,79,1,2,novum_testamentum.ad_hebraeos.13.20,septuaginta.psalmi urn:cts:greekLit:tlg0527.tlg027.1st1K-grc1.79.1
Heb,1,8,71,11,1,novum_testamentum.ad_hebraeos.1.8,septuaginta.psalmi urn:cts:greekLit:tlg0527.tlg027.1st1K-grc1.71.11
Heb,1,8,71,12,1,novum_testamentum.ad_hebraeos.1.8,septuaginta.psalmi urn:cts:greekLit:tlg0527.tlg027.1st1K-grc1.71.12
Heb,1,8,71,13,1,novum_testamentum.ad_hebraeos.1.8,septuaginta.psalmi urn:cts:greekLit:tlg0527.tlg027.1st1K-grc1.71.13
Heb,1,8,71,14,1,novum_testamentum.ad_hebraeos.1.8,septuaginta.psalmi urn:cts:greekLit:tlg0527.tlg027.1st1K-grc1.71.14
Heb,1,8,71,7,1,novum_testamentum.ad_hebraeos.1.8,septuaginta.psalmi urn:cts:greekLit:tlg0527.tlg027.1st1K-grc1.71.7
Heb,1,12,89,4,1,novum_testamentum.ad_hebraeos.1.12,septuaginta.psalmi urn:cts:greekLit:tlg0527.tlg027.1st1K-grc1.89.4
Heb,3,6,2,6,1,novum_testamentum.ad_hebraeos.3.6,septuaginta.psalmi urn:cts:greekLit:tlg0527.tlg027.1st1K-grc1.2.6
Heb,3,6,2,7,1,novum_testamentum.ad_hebraeos.3.6,septuaginta.psalmi urn:cts:greekLit:tlg0527.tlg027.1st1K-grc1.2.7
Heb,3,10,77,40,1,novum_testamentum.ad_hebraeos.3.10,septuaginta.psalmi urn:cts:greekLit:tlg0527.tlg027.1st1K-grc1.77.40
Heb,5,9,50,8,1,novum_testamentum.ad_hebraeos.5.9,septuaginta.psalmi urn:cts:greekLit:tlg0527.tlg027.1st1K-grc1.50.8
Heb,5,9,44,17,1,novum_testamentum.ad_hebraeos.5.9,septuaginta.psalmi urn:cts:greekLit:tlg0527.tlg027.1st1K-grc1.44.17
Heb,7,20,109,4,1,novum_testamentum.ad_hebraeos.7.20,septuaginta.psalmi urn:cts:greekLit:tlg0527.tlg027.1st1K-grc1.109.4
Heb,8,9,77,52,1,novum_testamentum.ad_hebraeos.8.9,septuaginta.psalmi urn:cts:greekLit:tlg0527.tlg027.1st1K-grc1.77.52
Heb,8,9,77,53,1,novum_testamentum.ad_hebraeos.8.9,septuaginta.psalmi urn:cts:greekLit:tlg0527.tlg027.1st1K-grc1.77.53
Heb,8,9,77,54,1,novum_testamentum.ad_hebraeos.8.9,septuaginta.psalmi urn:cts:greekLit:tlg0527.tlg027.1st1K-grc1.77.54
Heb,8,9,135,11,1,novum_testamentum.ad_hebraeos.8.9,septuaginta.psalmi urn:cts:greekLit:tlg0527.tlg027.1st1K-grc1.135.11
Heb,8,9,135,12,1,novum_testamentum.ad_hebraeos.8.9,septuaginta.psalmi urn:cts:greekLit:tlg0527.tlg027.1st1K-grc1.135.12
Heb,8,9,135,13,1,novum_testamentum.ad_hebraeos.8.9,septuaginta.psalmi urn:cts:greekLit:tlg0527.tlg027.1st1K-grc1.135.13
Heb,8,9,135,14,1,novum_testamentum.ad_hebraeos.8.9,septuaginta.psalmi urn:cts:greekLit:tlg0527.tlg027.1st1K-grc1.135.14
Heb,9,19,50,7,1,novum_testamentum.ad_hebraeos.9.19,septuaginta.psalmi urn:cts:greekLit:tlg0527.tlg027.1st1K-grc1.50.7
Heb,10,29,142,10,1,novum_testamentum.ad_hebraeos.10.29,septuaginta.psalmi urn:cts:greekLit:tlg0527.tlg027.1st1K-grc1.142.10
Heb,12,5,118,16,1,novum_testamentum.ad_hebraeos.12.5,septuaginta.psalmi urn:cts:greekLit:tlg0527.tlg027.1st1K-grc1.118.16
Heb,12,22,41,2,1,novum_testamentum.ad_hebraeos.12.22,septuaginta.psalmi urn:cts:greekLit:tlg0527.tlg027.1st1K-grc1.41.2
Heb,9,9,39,6,0,novum_testamentum.ad_hebraeos.9.9,septuaginta.psalmi urn:cts:greekLit:tlg0527.tlg027.1st1K-grc1.39.6
Heb,9,9,39,7,0,novum_testamentum.ad_hebraeos.9.9,septuaginta.psalmi urn:cts:greekLit:tlg0527.tlg027.1st1K-grc1.39.7
Heb,10,29,90,13,0,novum_testamentum.ad_hebraeos.10.29,septuaginta.psalmi urn:cts:greekLit:tlg0527.tlg027.1st1K-grc1.90.13
Heb,12,5,118,83,0,novum_testamentum.ad_hebraeos.12.5,septuaginta.psalmi urn:cts:greekLit:tlg0527.tlg027.1st1K-grc1.118.83
Heb,2,6,145,3,-1,novum_testamentum.ad_hebraeos.2.6,septuaginta.psalmi urn:cts:greekLit:tlg0527.tlg027.1st1K-grc1.145.3
Heb,2,6,145,4,-1,novum_testamentum.ad_hebraeos.2.6,septuaginta.psalmi urn:cts:greekLit:tlg0527.tlg027.1st1K-grc1.145.4
