nt_book,nt_chap,nt_verse,lxx_chap,lxx_verse,votes,nt_v6_ref,lxx_v6_ref
Matt,6,33,33,9,360,sahidica.matthew.6.33,sahidic.psalms.33.9
Matt,6,33,33,10,360,sahidica.matthew.6.33,sahidic.psalms.33.10
Heb,13,6,117,6,308,sahidica.hebrews.13.6,sahidic.psalms.117.6
Heb,13,6,117,7,308,sahidica.hebrews.13.6,sahidic.psalms.117.7
Heb,13,6,117,8,308,sahidica.hebrews.13.6,sahidic.psalms.117.8
Heb,13,6,117,9,308,sahidica.hebrews.13.6,sahidic.psalms.117.9
Matt,6,33,83,11,263,sahidica.matthew.6.33,sahidic.psalms.83.11
Matt,6,33,83,12,263,sahidica.matthew.6.33,sahidic.psalms.83.12
Heb,13,6,26,1,221,sahidica.hebrews.13.6,sahidic.psalms.26.1
Heb,13,6,26,2,221,sahidica.hebrews.13.6,sahidic.psalms.26.2
Heb,13,6,26,3,221,sahidica.hebrews.13.6,sahidic.psalms.26.3
Matt,6,33,36,25,186,sahidica.matthew.6.33,sahidic.psalms.36.25
Heb,13,6,123,8,172,sahidica.hebrews.13.6,sahidic.psalms.123.8
Matt,6,33,36,3,168,sahidica.matthew.6.33,sahidic.psalms.36.3
Matt,13,35,77,2,159,sahidica.matthew.13.35,sahidic.psalms.77.2
Heb,13,6,55,4,159,sahidica.hebrews.13.6,sahidic.psalms.55.4
Matt,7,7,144,18,151,sahidica.matthew.7.7,sahidic.psalms.144.18
Matt,7,7,144,19,151,sahidica.matthew.7.7,sahidic.psalms.144.19
Matt,24,35,88,34,144,sahidica.matthew.24.35,sahidic.psalms.88.34
Matt,5,6,106,9,138,sahidica.matthew.5.6,sahidic.psalms.106.9
Heb,3,7,94,7,136,sahidica.hebrews.3.7,sahidic.psalms.94.7
Heb,3,7,94,8,136,sahidica.hebrews.3.7,sahidic.psalms.94.8
Heb,3,7,94,9,136,sahidica.hebrews.3.7,sahidic.psalms.94.9
Heb,3,7,94,10,136,sahidica.hebrews.3.7,sahidic.psalms.94.10
Heb,3,7,94,11,136,sahidica.hebrews.3.7,sahidic.psalms.94.11
Heb,13,6,55,11,134,sahidica.hebrews.13.6,sahidic.psalms.55.11
Heb,13,6,55,12,134,sahidica.hebrews.13.6,sahidic.psalms.55.12
Heb,13,6,53,4,130,sahidica.hebrews.13.6,sahidic.psalms.53.4
Matt,6,33,36,18,124,sahidica.matthew.6.33,sahidic.psalms.36.18
Matt,6,33,36,19,124,sahidica.matthew.6.33,sahidic.psalms.36.19
Heb,13,6,32,20,123,sahidica.hebrews.13.6,sahidic.psalms.32.20
Matt,5,3,33,18,122,sahidica.matthew.5.3,sahidic.psalms.33.18
Heb,13,6,62,7,118,sahidica.hebrews.13.6,sahidic.psalms.62.7
Matt,4,6,90,11,112,sahidica.matthew.4.6,sahidic.psalms.90.11
Matt,4,6,90,12,112,sahidica.matthew.4.6,sahidic.psalms.90.12
Heb,4,12,118,130,111,sahidica.hebrews.4.12,sahidic.psalms.118.130
Matt,24,35,101,26,107,sahidica.matthew.24.35,sahidic.psalms.101.26
Heb,13,6,93,17,106,sahidica.hebrews.13.6,sahidic.psalms.93.17
Heb,13,6,39,17,105,sahidica.hebrews.13.6,sahidic.psalms.39.17
Matt,5,5,36,11,99,sahidica.matthew.5.5,sahidic.psalms.36.11
Matt,5,8,23,4,97,sahidica.matthew.5.8,sahidic.psalms.23.4
Matt,5,8,50,10,93,sahidica.matthew.5.8,sahidic.psalms.50.10
Heb,1,8,44,6,92,sahidica.hebrews.1.8,sahidic.psalms.44.6
Heb,1,8,44,7,92,sahidica.hebrews.1.8,sahidic.psalms.44.7
Matt,24,35,18,7,90,sahidica.matthew.24.35,sahidic.psalms.18.7
Heb,13,6,26,9,87,sahidica.hebrews.13.6,sahidic.psalms.26.9
Heb,11,6,104,3,85,sahidica.hebrews.11.6,sahidic.psalms.104.3
Heb,11,6,104,4,85,sahidica.hebrews.11.6,sahidic.psalms.104.4
Heb,13,6,113,1,85,sahidica.hebrews.13.6,sahidic.psalms.113.1
Heb,13,6,113,2,85,sahidica.hebrews.13.6,sahidic.psalms.113.2
Heb,13,6,113,3,85,sahidica.hebrews.13.6,sahidic.psalms.113.3
Heb,13,6,113,4,85,sahidica.hebrews.13.6,sahidic.psalms.113.4
Heb,13,6,113,5,85,sahidica.hebrews.13.6,sahidic.psalms.113.5
Heb,13,6,113,6,85,sahidica.hebrews.13.6,sahidic.psalms.113.6
Heb,13,6,113,7,85,sahidica.hebrews.13.6,sahidic.psalms.113.7
Heb,13,6,113,8,85,sahidica.hebrews.13.6,sahidic.psalms.113.8
Heb,13,6,113,9,85,sahidica.hebrews.13.6,sahidic.psalms.113.9
Heb,13,6,113,10,85,sahidica.hebrews.13.6,sahidic.psalms.113.10
Heb,13,6,113,11,85,sahidica.hebrews.13.6,sahidic.psalms.113.11
Heb,13,6,113,12,85,sahidica.hebrews.13.6,sahidic.psalms.113.12
Heb,13,6,113,13,85,sahidica.hebrews.13.6,sahidic.psalms.113.13
Heb,13,6,113,14,85,sahidica.hebrews.13.6,sahidic.psalms.113.14
Heb,13,6,113,15,85,sahidica.hebrews.13.6,sahidic.psalms.113.15
Heb,13,6,113,16,85,sahidica.hebrews.13.6,sahidic.psalms.113.16
Heb,13,6,113,17,85,sahidica.hebrews.13.6,sahidic.psalms.113.17
Heb,13,6,113,18,85,sahidica.hebrews.13.6,sahidic.psalms.113.18
Heb,13,6,113,19,85,sahidica.hebrews.13.6,sahidic.psalms.113.19
Heb,13,6,113,20,85,sahidica.hebrews.13.6,sahidic.psalms.113.20
Heb,13,6,113,21,85,sahidica.hebrews.13.6,sahidic.psalms.113.21
Heb,13,6,113,22,85,sahidica.hebrews.13.6,sahidic.psalms.113.22
Heb,13,6,113,23,85,sahidica.hebrews.13.6,sahidic.psalms.113.23
Heb,13,6,113,24,85,sahidica.hebrews.13.6,sahidic.psalms.113.24
Heb,13,6,113,25,85,sahidica.hebrews.13.6,sahidic.psalms.113.25
Heb,13,6,113,26,85,sahidica.hebrews.13.6,sahidic.psalms.113.26
Matt,27,46,21,1,83,sahidica.matthew.27.46,sahidic.psalms.21.1
Heb,11,1,26,13,80,sahidica.hebrews.11.1,sahidic.psalms.26.13
Heb,13,6,145,3,79,sahidica.hebrews.13.6,sahidic.psalms.145.3
Heb,13,5,36,25,76,sahidica.hebrews.13.5,sahidic.psalms.36.25
Matt,11,28,114,1,73,sahidica.matthew.11.28,sahidic.psalms.114.1
Matt,11,28,114,2,73,sahidica.matthew.11.28,sahidic.psalms.114.2
Matt,11,28,114,3,73,sahidica.matthew.11.28,sahidic.psalms.114.3
Matt,11,28,114,4,73,sahidica.matthew.11.28,sahidic.psalms.114.4
Matt,11,28,114,5,73,sahidica.matthew.11.28,sahidic.psalms.114.5
Matt,11,28,114,6,73,sahidica.matthew.11.28,sahidic.psalms.114.6
Matt,11,28,114,7,73,sahidica.matthew.11.28,sahidic.psalms.114.7
Matt,11,28,114,8,73,sahidica.matthew.11.28,sahidic.psalms.114.8
Matt,11,28,114,9,73,sahidica.matthew.11.28,sahidic.psalms.114.9
Matt,11,28,115,1,73,sahidica.matthew.11.28,sahidic.psalms.115.1
Matt,11,28,115,2,73,sahidica.matthew.11.28,sahidic.psalms.115.2
Matt,11,28,115,3,73,sahidica.matthew.11.28,sahidic.psalms.115.3
Matt,11,28,115,4,73,sahidica.matthew.11.28,sahidic.psalms.115.4
Matt,11,28,115,5,73,sahidica.matthew.11.28,sahidic.psalms.115.5
Matt,11,28,115,6,73,sahidica.matthew.11.28,sahidic.psalms.115.6
Matt,11,28,115,7,73,sahidica.matthew.11.28,sahidic.psalms.115.7
Matt,11,28,115,8,73,sahidica.matthew.11.28,sahidic.psalms.115.8
Matt,11,28,115,9,73,sahidica.matthew.11.28,sahidic.psalms.115.9
Matt,11,28,115,10,73,sahidica.matthew.11.28,sahidic.psalms.115.10
Matt,21,42,117,22,73,sahidica.matthew.21.42,sahidic.psalms.117.22
Matt,21,42,117,23,73,sahidica.matthew.21.42,sahidic.psalms.117.23
Heb,1,5,2,7,70,sahidica.hebrews.1.5,sahidic.psalms.2.7
Matt,5,3,50,17,68,sahidica.matthew.5.3,sahidic.psalms.50.17
Heb,13,6,17,1,68,sahidica.hebrews.13.6,sahidic.psalms.17.1
Heb,13,6,17,2,68,sahidica.hebrews.13.6,sahidic.psalms.17.2
Matt,5,45,144,9,67,sahidica.matthew.5.45,sahidic.psalms.144.9
Heb,11,6,118,10,66,sahidica.hebrews.11.6,sahidic.psalms.118.10
Matt,6,25,54,22,63,sahidica.matthew.6.25,sahidic.psalms.54.22
Matt,21,16,8,2,61,sahidica.matthew.21.16,sahidic.psalms.8.2
Heb,13,8,89,2,61,sahidica.hebrews.13.8,sahidic.psalms.89.2
Heb,13,8,101,27,61,sahidica.hebrews.13.8,sahidic.psalms.101.27
Heb,13,8,101,28,61,sahidica.hebrews.13.8,sahidic.psalms.101.28
Matt,7,7,9,1,56,sahidica.matthew.7.7,sahidic.psalms.9.1
Matt,7,7,9,2,56,sahidica.matthew.7.7,sahidic.psalms.9.2
Matt,7,7,9,3,56,sahidica.matthew.7.7,sahidic.psalms.9.3
Matt,7,7,9,4,56,sahidica.matthew.7.7,sahidic.psalms.9.4
Matt,7,7,9,5,56,sahidica.matthew.7.7,sahidic.psalms.9.5
Matt,7,7,9,6,56,sahidica.matthew.7.7,sahidic.psalms.9.6
Matt,7,7,9,7,56,sahidica.matthew.7.7,sahidic.psalms.9.7
Matt,7,7,9,8,56,sahidica.matthew.7.7,sahidic.psalms.9.8
Matt,7,7,9,9,56,sahidica.matthew.7.7,sahidic.psalms.9.9
Matt,7,7,9,10,56,sahidica.matthew.7.7,sahidic.psalms.9.10
Matt,7,7,9,11,56,sahidica.matthew.7.7,sahidic.psalms.9.11
Matt,7,7,9,12,56,sahidica.matthew.7.7,sahidic.psalms.9.12
Matt,7,7,9,13,56,sahidica.matthew.7.7,sahidic.psalms.9.13
Matt,7,7,9,14,56,sahidica.matthew.7.7,sahidic.psalms.9.14
Matt,7,7,9,15,56,sahidica.matthew.7.7,sahidic.psalms.9.15
Matt,7,7,9,16,56,sahidica.matthew.7.7,sahidic.psalms.9.16
Matt,7,7,9,17,56,sahidica.matthew.7.7,sahidic.psalms.9.17
Matt,7,7,9,18,56,sahidica.matthew.7.7,sahidic.psalms.9.18
Matt,7,7,9,19,56,sahidica.matthew.7.7,sahidic.psalms.9.19
Matt,7,7,9,20,56,sahidica.matthew.7.7,sahidic.psalms.9.20
Matt,7,7,9,21,56,sahidica.matthew.7.7,sahidic.psalms.9.21
Matt,7,7,9,22,56,sahidica.matthew.7.7,sahidic.psalms.9.22
Matt,7,7,9,23,56,sahidica.matthew.7.7,sahidic.psalms.9.23
Matt,7,7,9,24,56,sahidica.matthew.7.7,sahidic.psalms.9.24
Matt,7,7,9,25,56,sahidica.matthew.7.7,sahidic.psalms.9.25
Matt,7,7,9,26,56,sahidica.matthew.7.7,sahidic.psalms.9.26
Matt,7,7,9,27,56,sahidica.matthew.7.7,sahidic.psalms.9.27
Matt,7,7,9,28,56,sahidica.matthew.7.7,sahidic.psalms.9.28
Matt,7,7,9,29,56,sahidica.matthew.7.7,sahidic.psalms.9.29
Matt,7,7,9,30,56,sahidica.matthew.7.7,sahidic.psalms.9.30
Matt,7,7,9,31,56,sahidica.matthew.7.7,sahidic.psalms.9.31
Matt,7,7,9,32,56,sahidica.matthew.7.7,sahidic.psalms.9.32
Matt,7,7,9,33,56,sahidica.matthew.7.7,sahidic.psalms.9.33
Matt,7,7,9,34,56,sahidica.matthew.7.7,sahidic.psalms.9.34
Matt,7,7,9,35,56,sahidica.matthew.7.7,sahidic.psalms.9.35
Matt,7,7,9,36,56,sahidica.matthew.7.7,sahidic.psalms.9.36
Matt,7,7,9,37,56,sahidica.matthew.7.7,sahidic.psalms.9.37
Matt,7,7,9,38,56,sahidica.matthew.7.7,sahidic.psalms.9.38
Heb,10,36,36,7,56,sahidica.hebrews.10.36,sahidic.psalms.36.7
Heb,10,7,39,7,55,sahidica.hebrews.10.7,sahidic.psalms.39.7
Heb,10,7,39,8,55,sahidica.hebrews.10.7,sahidic.psalms.39.8
Heb,11,1,41,11,55,sahidica.hebrews.11.1,sahidic.psalms.41.11
Heb,3,7,80,13,54,sahidica.hebrews.3.7,sahidic.psalms.80.13
Matt,5,6,144,19,52,sahidica.matthew.5.6,sahidic.psalms.144.19
Matt,5,9,119,6,52,sahidica.matthew.5.9,sahidic.psalms.119.6
Matt,7,7,104,3,51,sahidica.matthew.7.7,sahidic.psalms.104.3
Matt,7,7,104,4,51,sahidica.matthew.7.7,sahidic.psalms.104.4
Heb,4,12,149,6,51,sahidica.hebrews.4.12,sahidic.psalms.149.6
Matt,5,5,149,4,49,sahidica.matthew.5.5,sahidic.psalms.149.4
Matt,19,26,61,11,47,sahidica.matthew.19.26,sahidic.psalms.61.11
Heb,1,7,103,4,46,sahidica.hebrews.1.7,sahidic.psalms.103.4
Heb,1,10,101,25,45,sahidica.hebrews.1.10,sahidic.psalms.101.25
Heb,1,10,101,26,45,sahidica.hebrews.1.10,sahidic.psalms.101.26
Heb,1,10,101,27,45,sahidica.hebrews.1.10,sahidic.psalms.101.27
Heb,10,5,39,6,45,sahidica.hebrews.10.5,sahidic.psalms.39.6
Heb,10,5,39,7,45,sahidica.hebrews.10.5,sahidic.psalms.39.7
Heb,10,5,39,8,45,sahidica.hebrews.10.5,sahidic.psalms.39.8
Heb,13,5,36,28,45,sahidica.hebrews.13.5,sahidic.psalms.36.28
Heb,13,8,102,17,44,sahidica.hebrews.13.8,sahidic.psalms.102.17
Matt,5,4,125,5,43,sahidica.matthew.5.4,sahidic.psalms.125.5
Matt,5,4,125,6,43,sahidica.matthew.5.4,sahidic.psalms.125.6
Matt,7,24,110,10,42,sahidica.matthew.7.24,sahidic.psalms.110.10
Heb,11,6,72,28,42,sahidica.hebrews.11.6,sahidic.psalms.72.28
Matt,7,7,26,8,41,sahidica.matthew.7.7,sahidic.psalms.26.8
Heb,2,6,8,4,41,sahidica.hebrews.2.6,sahidic.psalms.8.4
Heb,2,6,8,5,41,sahidica.hebrews.2.6,sahidic.psalms.8.5
Heb,2,6,8,6,41,sahidica.hebrews.2.6,sahidic.psalms.8.6
Heb,2,6,8,7,41,sahidica.hebrews.2.6,sahidic.psalms.8.7
Heb,2,6,8,8,41,sahidica.hebrews.2.6,sahidic.psalms.8.8
Heb,4,13,32,13,41,sahidica.hebrews.4.13,sahidic.psalms.32.13
Heb,4,13,32,14,41,sahidica.hebrews.4.13,sahidic.psalms.32.14
Heb,4,13,32,15,41,sahidica.hebrews.4.13,sahidic.psalms.32.15
Matt,5,6,41,1,40,sahidica.matthew.5.6,sahidic.psalms.41.1
Matt,5,6,41,2,40,sahidica.matthew.5.6,sahidic.psalms.41.2
Heb,1,9,44,7,40,sahidica.hebrews.1.9,sahidic.psalms.44.7
Heb,4,12,138,2,40,sahidica.hebrews.4.12,sahidic.psalms.138.2
Matt,6,26,146,1,39,sahidica.matthew.6.26,sahidic.psalms.146.1
Matt,6,26,146,2,39,sahidica.matthew.6.26,sahidic.psalms.146.2
Matt,6,26,146,3,39,sahidica.matthew.6.26,sahidic.psalms.146.3
Matt,6,26,146,4,39,sahidica.matthew.6.26,sahidic.psalms.146.4
Matt,6,26,146,5,39,sahidica.matthew.6.26,sahidic.psalms.146.5
Matt,6,26,146,6,39,sahidica.matthew.6.26,sahidic.psalms.146.6
Matt,6,26,146,7,39,sahidica.matthew.6.26,sahidic.psalms.146.7
Matt,6,26,146,8,39,sahidica.matthew.6.26,sahidic.psalms.146.8
Matt,6,26,146,9,39,sahidica.matthew.6.26,sahidic.psalms.146.9
Matt,6,26,146,10,39,sahidica.matthew.6.26,sahidic.psalms.146.10
Matt,6,26,146,11,39,sahidica.matthew.6.26,sahidic.psalms.146.11
Matt,6,26,147,1,39,sahidica.matthew.6.26,sahidic.psalms.147.1
Matt,6,26,147,2,39,sahidica.matthew.6.26,sahidic.psalms.147.2
Matt,6,26,147,3,39,sahidica.matthew.6.26,sahidic.psalms.147.3
Matt,6,26,147,4,39,sahidica.matthew.6.26,sahidic.psalms.147.4
Matt,6,26,147,5,39,sahidica.matthew.6.26,sahidic.psalms.147.5
Matt,6,26,147,6,39,sahidica.matthew.6.26,sahidic.psalms.147.6
Matt,6,26,147,7,39,sahidica.matthew.6.26,sahidic.psalms.147.7
Matt,6,26,147,8,39,sahidica.matthew.6.26,sahidic.psalms.147.8
Matt,6,26,147,9,39,sahidica.matthew.6.26,sahidic.psalms.147.9
Heb,11,3,32,6,39,sahidica.hebrews.11.3,sahidic.psalms.32.6
Matt,5,7,17,25,38,sahidica.matthew.5.7,sahidic.psalms.17.25
Heb,2,12,21,22,38,sahidica.hebrews.2.12,sahidic.psalms.21.22
Heb,3,7,80,11,38,sahidica.hebrews.3.7,sahidic.psalms.80.11
Matt,22,44,109,1,37,sahidica.matthew.22.44,sahidic.psalms.109.1
Heb,13,8,89,4,37,sahidica.hebrews.13.8,sahidic.psalms.89.4
Matt,16,27,61,12,36,sahidica.matthew.16.27,sahidic.psalms.61.12
Heb,1,14,33,7,36,sahidica.hebrews.1.14,sahidic.psalms.33.7
Matt,5,5,24,9,35,sahidica.matthew.5.5,sahidic.psalms.24.9
Matt,5,6,62,1,35,sahidica.matthew.5.6,sahidic.psalms.62.1
Matt,5,6,62,2,35,sahidica.matthew.5.6,sahidic.psalms.62.2
Matt,7,7,49,15,35,sahidica.matthew.7.7,sahidic.psalms.49.15
Matt,11,28,37,4,35,sahidica.matthew.11.28,sahidic.psalms.37.4
Matt,5,8,14,2,34,sahidica.matthew.5.8,sahidic.psalms.14.2
Matt,7,11,83,11,34,sahidica.matthew.7.11,sahidic.psalms.83.11
Matt,16,18,124,1,34,sahidica.matthew.16.18,sahidic.psalms.124.1
Matt,16,18,124,2,34,sahidica.matthew.16.18,sahidic.psalms.124.2
Heb,13,15,106,21,34,sahidica.hebrews.13.15,sahidic.psalms.106.21
Heb,13,15,106,22,34,sahidica.hebrews.13.15,sahidic.psalms.106.22
Matt,1,23,45,11,33,sahidica.matthew.1.23,sahidic.psalms.45.11
Matt,7,7,118,12,33,sahidica.matthew.7.7,sahidic.psalms.118.12
Matt,19,26,3,8,33,sahidica.matthew.19.26,sahidic.psalms.3.8
Heb,1,13,109,1,33,sahidica.hebrews.1.13,sahidic.psalms.109.1
Matt,5,8,72,1,32,sahidica.matthew.5.8,sahidic.psalms.72.1
Matt,7,7,85,5,31,sahidica.matthew.7.7,sahidic.psalms.85.5
Heb,1,14,102,20,31,sahidica.hebrews.1.14,sahidic.psalms.102.20
Heb,1,14,102,21,31,sahidica.hebrews.1.14,sahidic.psalms.102.21
Heb,4,12,44,3,31,sahidica.hebrews.4.12,sahidic.psalms.44.3
Matt,6,6,33,15,30,sahidica.matthew.6.6,sahidic.psalms.33.15
Matt,6,9,110,9,30,sahidica.matthew.6.9,sahidic.psalms.110.9
Matt,6,10,39,8,30,sahidica.matthew.6.10,sahidic.psalms.39.8
Matt,6,11,33,10,30,sahidica.matthew.6.11,sahidic.psalms.33.10
Matt,7,7,69,4,30,sahidica.matthew.7.7,sahidic.psalms.69.4
Matt,7,7,68,32,30,sahidica.matthew.7.7,sahidic.psalms.68.32
Heb,1,14,90,11,30,sahidica.hebrews.1.14,sahidic.psalms.90.11
Heb,1,14,90,12,30,sahidica.hebrews.1.14,sahidic.psalms.90.12
Heb,2,6,143,3,30,sahidica.hebrews.2.6,sahidic.psalms.143.3
Matt,6,26,144,15,29,sahidica.matthew.6.26,sahidic.psalms.144.15
Matt,6,26,144,16,29,sahidica.matthew.6.26,sahidic.psalms.144.16
Matt,8,8,106,20,29,sahidica.matthew.8.8,sahidic.psalms.106.20
Matt,28,20,45,7,29,sahidica.matthew.28.20,sahidic.psalms.45.7
Matt,7,23,6,8,28,sahidica.matthew.7.23,sahidic.psalms.6.8
Heb,1,12,101,26,28,sahidica.hebrews.1.12,sahidic.psalms.101.26
Heb,1,12,101,27,28,sahidica.hebrews.1.12,sahidic.psalms.101.27
Matt,4,7,77,18,27,sahidica.matthew.4.7,sahidic.psalms.77.18
Matt,11,28,93,13,27,sahidica.matthew.11.28,sahidic.psalms.93.13
Matt,16,26,48,7,27,sahidica.matthew.16.26,sahidic.psalms.48.7
Matt,16,26,48,8,27,sahidica.matthew.16.26,sahidic.psalms.48.8
Matt,27,35,21,18,27,sahidica.matthew.27.35,sahidic.psalms.21.18
Heb,13,15,49,14,27,sahidica.hebrews.13.15,sahidic.psalms.49.14
Matt,2,11,71,10,26,sahidica.matthew.2.11,sahidic.psalms.71.10
Matt,3,17,2,7,26,sahidica.matthew.3.17,sahidic.psalms.2.7
Matt,4,7,77,41,26,sahidica.matthew.4.7,sahidic.psalms.77.41
Matt,18,10,90,11,26,sahidica.matthew.18.10,sahidic.psalms.90.11
Matt,21,9,117,24,26,sahidica.matthew.21.9,sahidic.psalms.117.24
Matt,21,9,117,25,26,sahidica.matthew.21.9,sahidic.psalms.117.25
Matt,21,9,117,26,26,sahidica.matthew.21.9,sahidic.psalms.117.26
Matt,6,10,102,19,25,sahidica.matthew.6.10,sahidic.psalms.102.19
Matt,6,10,102,20,25,sahidica.matthew.6.10,sahidic.psalms.102.20
Matt,6,10,102,21,25,sahidica.matthew.6.10,sahidic.psalms.102.21
Matt,6,26,103,27,25,sahidica.matthew.6.26,sahidic.psalms.103.27
Matt,6,26,103,28,25,sahidica.matthew.6.26,sahidic.psalms.103.28
Matt,27,46,70,11,25,sahidica.matthew.27.46,sahidic.psalms.70.11
Heb,11,6,105,21,25,sahidica.hebrews.11.6,sahidic.psalms.105.21
Heb,11,6,105,22,25,sahidica.hebrews.11.6,sahidic.psalms.105.22
Heb,11,6,77,32,25,sahidica.hebrews.11.6,sahidic.psalms.77.32
Matt,5,43,138,21,23,sahidica.matthew.5.43,sahidic.psalms.138.21
Matt,5,43,138,22,23,sahidica.matthew.5.43,sahidic.psalms.138.22
Matt,6,11,32,18,23,sahidica.matthew.6.11,sahidic.psalms.32.18
Matt,6,11,32,19,23,sahidica.matthew.6.11,sahidic.psalms.32.19
Matt,7,8,80,10,23,sahidica.matthew.7.8,sahidic.psalms.80.10
Matt,16,16,2,7,23,sahidica.matthew.16.16,sahidic.psalms.2.7
Matt,28,19,97,2,23,sahidica.matthew.28.19,sahidic.psalms.97.2
Matt,28,19,97,3,23,sahidica.matthew.28.19,sahidic.psalms.97.3
Heb,2,7,8,5,23,sahidica.hebrews.2.7,sahidic.psalms.8.5
Heb,12,6,118,75,23,sahidica.hebrews.12.6,sahidic.psalms.118.75
Heb,12,11,117,18,23,sahidica.hebrews.12.11,sahidic.psalms.117.18
Matt,1,23,45,7,22,sahidica.matthew.1.23,sahidic.psalms.45.7
Matt,5,18,118,89,22,sahidica.matthew.5.18,sahidic.psalms.118.89
Matt,5,18,118,90,22,sahidica.matthew.5.18,sahidic.psalms.118.90
Matt,8,8,32,9,22,sahidica.matthew.8.8,sahidic.psalms.32.9
Matt,18,3,130,2,22,sahidica.matthew.18.3,sahidic.psalms.130.2
Matt,28,19,21,27,22,sahidica.matthew.28.19,sahidic.psalms.21.27
Matt,28,19,21,28,22,sahidica.matthew.28.19,sahidic.psalms.21.28
Matt,28,20,45,11,22,sahidica.matthew.28.20,sahidic.psalms.45.11
Heb,4,3,94,11,22,sahidica.hebrews.4.3,sahidic.psalms.94.11
Heb,5,6,109,4,22,sahidica.hebrews.5.6,sahidic.psalms.109.4
Heb,11,6,57,11,22,sahidica.hebrews.11.6,sahidic.psalms.57.11
Matt,6,8,37,9,21,sahidica.matthew.6.8,sahidic.psalms.37.9
Matt,7,25,124,1,21,sahidica.matthew.7.25,sahidic.psalms.124.1
Matt,7,25,124,2,21,sahidica.matthew.7.25,sahidic.psalms.124.2
Heb,4,13,43,21,21,sahidica.hebrews.4.13,sahidic.psalms.43.21
Heb,5,5,2,7,21,sahidica.hebrews.5.5,sahidic.psalms.2.7
Heb,7,21,109,4,21,sahidica.hebrews.7.21,sahidic.psalms.109.4
Heb,11,6,105,24,21,sahidica.hebrews.11.6,sahidic.psalms.105.24
Heb,11,6,77,22,21,sahidica.hebrews.11.6,sahidic.psalms.77.22
Heb,12,5,93,12,21,sahidica.hebrews.12.5,sahidic.psalms.93.12
Heb,12,14,33,14,21,sahidica.hebrews.12.14,sahidic.psalms.33.14
Matt,1,1,131,11,20,sahidica.matthew.1.1,sahidic.psalms.131.11
Matt,2,10,104,3,20,sahidica.matthew.2.10,sahidic.psalms.104.3
Matt,5,3,1,1,20,sahidica.matthew.5.3,sahidic.psalms.1.1
Matt,5,3,111,1,20,sahidica.matthew.5.3,sahidic.psalms.111.1
Matt,5,6,4,6,20,sahidica.matthew.5.6,sahidic.psalms.4.6
Matt,5,6,4,7,20,sahidica.matthew.5.6,sahidic.psalms.4.7
Matt,6,8,68,17,20,sahidica.matthew.6.8,sahidic.psalms.68.17
Matt,6,8,68,18,20,sahidica.matthew.6.8,sahidic.psalms.68.18
Matt,6,8,68,19,20,sahidica.matthew.6.8,sahidic.psalms.68.19
Matt,6,9,113,1,20,sahidica.matthew.6.9,sahidic.psalms.113.1
Matt,6,9,113,2,20,sahidica.matthew.6.9,sahidic.psalms.113.2
Matt,6,9,113,3,20,sahidica.matthew.6.9,sahidic.psalms.113.3
Matt,6,9,113,4,20,sahidica.matthew.6.9,sahidic.psalms.113.4
Matt,6,9,113,5,20,sahidica.matthew.6.9,sahidic.psalms.113.5
Matt,6,9,113,6,20,sahidica.matthew.6.9,sahidic.psalms.113.6
Matt,6,9,113,7,20,sahidica.matthew.6.9,sahidic.psalms.113.7
Matt,6,9,113,8,20,sahidica.matthew.6.9,sahidic.psalms.113.8
Matt,6,9,113,9,20,sahidica.matthew.6.9,sahidic.psalms.113.9
Matt,6,9,113,10,20,sahidica.matthew.6.9,sahidic.psalms.113.10
Matt,6,9,113,11,20,sahidica.matthew.6.9,sahidic.psalms.113.11
Matt,6,9,113,12,20,sahidica.matthew.6.9,sahidic.psalms.113.12
Matt,6,9,113,13,20,sahidica.matthew.6.9,sahidic.psalms.113.13
Matt,6,9,113,14,20,sahidica.matthew.6.9,sahidic.psalms.113.14
Matt,6,9,113,15,20,sahidica.matthew.6.9,sahidic.psalms.113.15
Matt,6,9,113,16,20,sahidica.matthew.6.9,sahidic.psalms.113.16
Matt,6,9,113,17,20,sahidica.matthew.6.9,sahidic.psalms.113.17
Matt,6,9,113,18,20,sahidica.matthew.6.9,sahidic.psalms.113.18
Matt,6,9,113,19,20,sahidica.matthew.6.9,sahidic.psalms.113.19
Matt,6,9,113,20,20,sahidica.matthew.6.9,sahidic.psalms.113.20
Matt,6,9,113,21,20,sahidica.matthew.6.9,sahidic.psalms.113.21
Matt,6,9,113,22,20,sahidica.matthew.6.9,sahidic.psalms.113.22
Matt,6,9,113,23,20,sahidica.matthew.6.9,sahidic.psalms.113.23
Matt,6,9,113,24,20,sahidica.matthew.6.9,sahidic.psalms.113.24
Matt,6,9,113,25,20,sahidica.matthew.6.9,sahidic.psalms.113.25
Matt,6,9,113,26,20,sahidica.matthew.6.9,sahidic.psalms.113.26
Matt,6,9,71,18,20,sahidica.matthew.6.9,sahidic.psalms.71.18
Matt,11,25,8,2,20,sahidica.matthew.11.25,sahidic.psalms.8.2
Heb,1,6,96,7,20,sahidica.hebrews.1.6,sahidic.psalms.96.7
Heb,4,7,94,7,20,sahidica.hebrews.4.7,sahidic.psalms.94.7
Matt,5,3,118,1,19,sahidica.matthew.5.3,sahidic.psalms.118.1
Matt,5,3,118,2,19,sahidica.matthew.5.3,sahidic.psalms.118.2
Matt,5,4,29,7,19,sahidica.matthew.5.4,sahidic.psalms.29.7
Matt,5,4,29,8,19,sahidica.matthew.5.4,sahidic.psalms.29.8
Matt,5,4,29,9,19,sahidica.matthew.5.4,sahidic.psalms.29.9
Matt,5,4,29,10,19,sahidica.matthew.5.4,sahidic.psalms.29.10
Matt,5,4,29,11,19,sahidica.matthew.5.4,sahidic.psalms.29.11
Matt,5,5,24,13,19,sahidica.matthew.5.5,sahidic.psalms.24.13
Matt,5,6,83,2,19,sahidica.matthew.5.6,sahidic.psalms.83.2
Matt,5,6,64,4,19,sahidica.matthew.5.6,sahidic.psalms.64.4
Matt,5,9,121,6,19,sahidica.matthew.5.9,sahidic.psalms.121.6
Matt,5,9,121,7,19,sahidica.matthew.5.9,sahidic.psalms.121.7
Matt,5,9,121,8,19,sahidica.matthew.5.9,sahidic.psalms.121.8
Matt,6,12,31,1,19,sahidica.matthew.6.12,sahidic.psalms.31.1
Matt,6,19,61,10,19,sahidica.matthew.6.19,sahidic.psalms.61.10
Matt,6,19,38,6,19,sahidica.matthew.6.19,sahidic.psalms.38.6
Matt,11,28,89,7,19,sahidica.matthew.11.28,sahidic.psalms.89.7
Matt,11,28,89,8,19,sahidica.matthew.11.28,sahidic.psalms.89.8
Matt,11,28,89,9,19,sahidica.matthew.11.28,sahidic.psalms.89.9
Matt,11,28,89,10,19,sahidica.matthew.11.28,sahidic.psalms.89.10
Heb,12,11,118,165,19,sahidica.hebrews.12.11,sahidic.psalms.118.165
Matt,5,5,36,22,18,sahidica.matthew.5.5,sahidic.psalms.36.22
Matt,5,5,36,9,18,sahidica.matthew.5.5,sahidic.psalms.36.9
Matt,5,5,36,29,18,sahidica.matthew.5.5,sahidic.psalms.36.29
Matt,5,5,68,32,18,sahidica.matthew.5.5,sahidic.psalms.68.32
Matt,5,6,16,15,18,sahidica.matthew.5.6,sahidic.psalms.16.15
Matt,5,8,17,26,18,sahidica.matthew.5.8,sahidic.psalms.17.26
Matt,5,11,43,22,18,sahidica.matthew.5.11,sahidic.psalms.43.22
Matt,7,5,50,9,18,sahidica.matthew.7.5,sahidic.psalms.50.9
Matt,7,5,50,10,18,sahidica.matthew.7.5,sahidic.psalms.50.10
Matt,7,5,50,11,18,sahidica.matthew.7.5,sahidic.psalms.50.11
Matt,7,5,50,12,18,sahidica.matthew.7.5,sahidic.psalms.50.12
Matt,7,5,50,13,18,sahidica.matthew.7.5,sahidic.psalms.50.13
Matt,7,24,118,99,18,sahidica.matthew.7.24,sahidic.psalms.118.99
Matt,8,26,64,7,18,sahidica.matthew.8.26,sahidic.psalms.64.7
Matt,18,10,33,7,18,sahidica.matthew.18.10,sahidic.psalms.33.7
Matt,23,37,90,4,18,sahidica.matthew.23.37,sahidic.psalms.90.4
Heb,4,12,109,2,18,sahidica.hebrews.4.12,sahidic.psalms.109.2
Heb,12,28,2,11,18,sahidica.hebrews.12.28,sahidic.psalms.2.11
Heb,13,16,36,3,18,sahidica.hebrews.13.16,sahidic.psalms.36.3
Matt,2,1,71,9,17,sahidica.matthew.2.1,sahidic.psalms.71.9
Matt,2,1,71,10,17,sahidica.matthew.2.1,sahidic.psalms.71.10
Matt,2,1,71,11,17,sahidica.matthew.2.1,sahidic.psalms.71.11
Matt,2,1,71,12,17,sahidica.matthew.2.1,sahidic.psalms.71.12
Matt,4,6,33,7,17,sahidica.matthew.4.6,sahidic.psalms.33.7
Matt,5,17,39,6,17,sahidica.matthew.5.17,sahidic.psalms.39.6
Matt,5,17,39,7,17,sahidica.matthew.5.17,sahidic.psalms.39.7
Matt,5,17,39,8,17,sahidica.matthew.5.17,sahidic.psalms.39.8
Matt,5,44,7,4,17,sahidica.matthew.5.44,sahidic.psalms.7.4
Matt,5,44,34,13,17,sahidica.matthew.5.44,sahidic.psalms.34.13
Matt,5,44,34,14,17,sahidica.matthew.5.44,sahidic.psalms.34.14
Matt,6,12,129,4,17,sahidica.matthew.6.12,sahidic.psalms.129.4
Matt,7,24,118,130,17,sahidica.matthew.7.24,sahidic.psalms.118.130
Matt,10,29,103,27,17,sahidica.matthew.10.29,sahidic.psalms.103.27
Matt,10,29,103,28,17,sahidica.matthew.10.29,sahidic.psalms.103.28
Matt,10,29,103,29,17,sahidica.matthew.10.29,sahidic.psalms.103.29
Matt,10,29,103,30,17,sahidica.matthew.10.29,sahidic.psalms.103.30
Matt,11,28,31,4,17,sahidica.matthew.11.28,sahidic.psalms.31.4
Matt,15,13,91,13,17,sahidica.matthew.15.13,sahidic.psalms.91.13
Matt,26,64,109,1,17,sahidica.matthew.26.64,sahidic.psalms.109.1
Matt,28,18,88,27,17,sahidica.matthew.28.18,sahidic.psalms.88.27
Heb,1,5,88,26,17,sahidica.hebrews.1.5,sahidic.psalms.88.26
Heb,1,5,88,27,17,sahidica.hebrews.1.5,sahidic.psalms.88.27
Heb,1,9,22,5,17,sahidica.hebrews.1.9,sahidic.psalms.22.5
Heb,6,19,42,5,17,sahidica.hebrews.6.19,sahidic.psalms.42.5
Heb,13,5,118,36,17,sahidica.hebrews.13.5,sahidic.psalms.118.36
Heb,13,15,144,1,17,sahidica.hebrews.13.15,sahidic.psalms.144.1
Heb,13,15,144,2,17,sahidica.hebrews.13.15,sahidic.psalms.144.2
Heb,13,15,144,3,17,sahidica.hebrews.13.15,sahidic.psalms.144.3
Heb,13,15,144,4,17,sahidica.hebrews.13.15,sahidic.psalms.144.4
Heb,13,15,144,5,17,sahidica.hebrews.13.15,sahidic.psalms.144.5
Heb,13,15,144,6,17,sahidica.hebrews.13.15,sahidic.psalms.144.6
Heb,13,15,144,7,17,sahidica.hebrews.13.15,sahidic.psalms.144.7
Heb,13,15,144,8,17,sahidica.hebrews.13.15,sahidic.psalms.144.8
Heb,13,15,144,9,17,sahidica.hebrews.13.15,sahidic.psalms.144.9
Heb,13,15,144,10,17,sahidica.hebrews.13.15,sahidic.psalms.144.10
Heb,13,15,144,11,17,sahidica.hebrews.13.15,sahidic.psalms.144.11
Heb,13,15,144,12,17,sahidica.hebrews.13.15,sahidic.psalms.144.12
Heb,13,15,144,13,17,sahidica.hebrews.13.15,sahidic.psalms.144.13
Heb,13,15,144,14,17,sahidica.hebrews.13.15,sahidic.psalms.144.14
Heb,13,15,144,15,17,sahidica.hebrews.13.15,sahidic.psalms.144.15
Heb,13,15,144,16,17,sahidica.hebrews.13.15,sahidic.psalms.144.16
Heb,13,15,144,17,17,sahidica.hebrews.13.15,sahidic.psalms.144.17
Heb,13,15,144,18,17,sahidica.hebrews.13.15,sahidic.psalms.144.18
Heb,13,15,144,19,17,sahidica.hebrews.13.15,sahidic.psalms.144.19
Heb,13,15,144,20,17,sahidica.hebrews.13.15,sahidic.psalms.144.20
Heb,13,15,144,21,17,sahidica.hebrews.13.15,sahidic.psalms.144.21
Matt,2,11,94,6,16,sahidica.matthew.2.11,sahidic.psalms.94.6
Matt,5,3,31,1,16,sahidica.matthew.5.3,sahidic.psalms.31.1
Matt,5,3,31,2,16,sahidica.matthew.5.3,sahidic.psalms.31.2
Matt,5,3,145,5,16,sahidica.matthew.5.3,sahidic.psalms.145.5
Matt,5,9,81,6,16,sahidica.matthew.5.9,sahidic.psalms.81.6
Matt,5,9,81,7,16,sahidica.matthew.5.9,sahidic.psalms.81.7
Matt,6,31,54,22,16,sahidica.matthew.6.31,sahidic.psalms.54.22
Matt,7,8,80,16,16,sahidica.matthew.7.8,sahidic.psalms.80.16
Matt,8,26,106,28,16,sahidica.matthew.8.26,sahidic.psalms.106.28
Matt,8,26,106,29,16,sahidica.matthew.8.26,sahidic.psalms.106.29
Matt,8,26,106,30,16,sahidica.matthew.8.26,sahidic.psalms.106.30
Matt,9,37,67,11,16,sahidica.matthew.9.37,sahidic.psalms.67.11
Matt,10,28,118,120,16,sahidica.matthew.10.28,sahidic.psalms.118.120
Matt,18,3,50,10,16,sahidica.matthew.18.3,sahidic.psalms.50.10
Matt,18,3,50,11,16,sahidica.matthew.18.3,sahidic.psalms.50.11
Matt,18,3,50,12,16,sahidica.matthew.18.3,sahidic.psalms.50.12
Matt,18,3,50,13,16,sahidica.matthew.18.3,sahidic.psalms.50.13
Heb,4,13,89,8,16,sahidica.hebrews.4.13,sahidic.psalms.89.8
Heb,4,13,7,9,16,sahidica.hebrews.4.13,sahidic.psalms.7.9
Heb,10,38,84,8,16,sahidica.hebrews.10.38,sahidic.psalms.84.8
Heb,11,25,83,10,16,sahidica.hebrews.11.25,sahidic.psalms.83.10
Heb,12,6,93,12,16,sahidica.hebrews.12.6,sahidic.psalms.93.12
Matt,5,3,2,12,15,sahidica.matthew.5.3,sahidic.psalms.2.12
Matt,5,3,40,1,15,sahidica.matthew.5.3,sahidic.psalms.40.1
Matt,5,4,68,29,15,sahidica.matthew.5.4,sahidic.psalms.68.29
Matt,5,4,68,30,15,sahidica.matthew.5.4,sahidic.psalms.68.30
Matt,5,6,62,5,15,sahidica.matthew.5.6,sahidic.psalms.62.5
Matt,5,7,40,1,15,sahidica.matthew.5.7,sahidic.psalms.40.1
Matt,5,7,40,2,15,sahidica.matthew.5.7,sahidic.psalms.40.2
Matt,5,7,40,3,15,sahidica.matthew.5.7,sahidic.psalms.40.3
Matt,5,7,40,4,15,sahidica.matthew.5.7,sahidic.psalms.40.4
Matt,5,12,57,11,15,sahidica.matthew.5.12,sahidic.psalms.57.11
Matt,14,31,137,7,15,sahidica.matthew.14.31,sahidic.psalms.137.7
Matt,21,13,92,5,15,sahidica.matthew.21.13,sahidic.psalms.92.5
Matt,27,43,21,8,15,sahidica.matthew.27.43,sahidic.psalms.21.8
Heb,7,17,109,4,15,sahidica.hebrews.7.17,sahidic.psalms.109.4
Heb,10,31,75,7,15,sahidica.hebrews.10.31,sahidic.psalms.75.7
Heb,12,2,137,8,15,sahidica.hebrews.12.2,sahidic.psalms.137.8
Heb,13,20,22,1,15,sahidica.hebrews.13.20,sahidic.psalms.22.1
Matt,4,7,105,14,14,sahidica.matthew.4.7,sahidic.psalms.105.14
Matt,4,7,77,56,14,sahidica.matthew.4.7,sahidic.psalms.77.56
Matt,4,16,106,10,14,sahidica.matthew.4.16,sahidic.psalms.106.10
Matt,4,16,106,11,14,sahidica.matthew.4.16,sahidic.psalms.106.11
Matt,4,16,106,12,14,sahidica.matthew.4.16,sahidic.psalms.106.12
Matt,4,16,106,13,14,sahidica.matthew.4.16,sahidic.psalms.106.13
Matt,4,16,106,14,14,sahidica.matthew.4.16,sahidic.psalms.106.14
Matt,5,4,39,1,14,sahidica.matthew.5.4,sahidic.psalms.39.1
Matt,5,4,39,2,14,sahidica.matthew.5.4,sahidic.psalms.39.2
Matt,5,4,39,3,14,sahidica.matthew.5.4,sahidic.psalms.39.3
Matt,5,4,114,1,14,sahidica.matthew.5.4,sahidic.psalms.114.1
Matt,5,4,114,2,14,sahidica.matthew.5.4,sahidic.psalms.114.2
Matt,5,4,114,3,14,sahidica.matthew.5.4,sahidic.psalms.114.3
Matt,5,4,114,4,14,sahidica.matthew.5.4,sahidic.psalms.114.4
Matt,5,4,114,5,14,sahidica.matthew.5.4,sahidic.psalms.114.5
Matt,5,4,114,6,14,sahidica.matthew.5.4,sahidic.psalms.114.6
Matt,5,4,114,7,14,sahidica.matthew.5.4,sahidic.psalms.114.7
Matt,5,4,114,8,14,sahidica.matthew.5.4,sahidic.psalms.114.8
Matt,5,4,114,9,14,sahidica.matthew.5.4,sahidic.psalms.114.9
Matt,5,4,115,1,14,sahidica.matthew.5.4,sahidic.psalms.115.1
Matt,5,4,115,2,14,sahidica.matthew.5.4,sahidic.psalms.115.2
Matt,5,4,115,3,14,sahidica.matthew.5.4,sahidic.psalms.115.3
Matt,5,4,115,4,14,sahidica.matthew.5.4,sahidic.psalms.115.4
Matt,5,4,115,5,14,sahidica.matthew.5.4,sahidic.psalms.115.5
Matt,5,4,115,6,14,sahidica.matthew.5.4,sahidic.psalms.115.6
Matt,5,4,115,7,14,sahidica.matthew.5.4,sahidic.psalms.115.7
Matt,5,4,115,8,14,sahidica.matthew.5.4,sahidic.psalms.115.8
Matt,5,4,115,9,14,sahidica.matthew.5.4,sahidic.psalms.115.9
Matt,5,4,115,10,14,sahidica.matthew.5.4,sahidic.psalms.115.10
Matt,5,9,33,12,14,sahidica.matthew.5.9,sahidic.psalms.33.12
Matt,5,10,36,12,14,sahidica.matthew.5.10,sahidic.psalms.36.12
Matt,5,11,34,11,14,sahidica.matthew.5.11,sahidic.psalms.34.11
Matt,7,11,85,15,14,sahidica.matthew.7.11,sahidic.psalms.85.15
Matt,8,3,32,9,14,sahidica.matthew.8.3,sahidic.psalms.32.9
Matt,25,32,97,9,14,sahidica.matthew.25.32,sahidic.psalms.97.9
Matt,28,18,109,1,14,sahidica.matthew.28.18,sahidic.psalms.109.1
Matt,28,18,109,2,14,sahidica.matthew.28.18,sahidic.psalms.109.2
Matt,28,18,109,3,14,sahidica.matthew.28.18,sahidic.psalms.109.3
Heb,1,10,8,3,14,sahidica.hebrews.1.10,sahidic.psalms.8.3
Heb,1,10,8,4,14,sahidica.hebrews.1.10,sahidic.psalms.8.4
Heb,2,1,118,9,14,sahidica.hebrews.2.1,sahidic.psalms.118.9
Matt,4,7,94,9,13,sahidica.matthew.4.7,sahidic.psalms.94.9
Matt,5,4,12,1,13,sahidica.matthew.5.4,sahidic.psalms.12.1
Matt,5,4,12,2,13,sahidica.matthew.5.4,sahidic.psalms.12.2
Matt,5,4,12,3,13,sahidica.matthew.5.4,sahidic.psalms.12.3
Matt,5,4,12,4,13,sahidica.matthew.5.4,sahidic.psalms.12.4
Matt,5,4,12,5,13,sahidica.matthew.5.4,sahidic.psalms.12.5
Matt,5,5,146,1,13,sahidica.matthew.5.5,sahidic.psalms.146.1
Matt,5,5,146,2,13,sahidica.matthew.5.5,sahidic.psalms.146.2
Matt,5,5,146,3,13,sahidica.matthew.5.5,sahidic.psalms.146.3
Matt,5,5,146,4,13,sahidica.matthew.5.5,sahidic.psalms.146.4
Matt,5,5,146,5,13,sahidica.matthew.5.5,sahidic.psalms.146.5
Matt,5,5,146,6,13,sahidica.matthew.5.5,sahidic.psalms.146.6
Matt,5,5,146,7,13,sahidica.matthew.5.5,sahidic.psalms.146.7
Matt,5,5,146,8,13,sahidica.matthew.5.5,sahidic.psalms.146.8
Matt,5,5,146,9,13,sahidica.matthew.5.5,sahidic.psalms.146.9
Matt,5,5,146,10,13,sahidica.matthew.5.5,sahidic.psalms.146.10
Matt,5,5,146,11,13,sahidica.matthew.5.5,sahidic.psalms.146.11
Matt,5,5,147,1,13,sahidica.matthew.5.5,sahidic.psalms.147.1
Matt,5,5,147,2,13,sahidica.matthew.5.5,sahidic.psalms.147.2
Matt,5,5,147,3,13,sahidica.matthew.5.5,sahidic.psalms.147.3
Matt,5,5,147,4,13,sahidica.matthew.5.5,sahidic.psalms.147.4
Matt,5,5,147,5,13,sahidica.matthew.5.5,sahidic.psalms.147.5
Matt,5,5,147,6,13,sahidica.matthew.5.5,sahidic.psalms.147.6
Matt,5,5,147,7,13,sahidica.matthew.5.5,sahidic.psalms.147.7
Matt,5,5,147,8,13,sahidica.matthew.5.5,sahidic.psalms.147.8
Matt,5,5,147,9,13,sahidica.matthew.5.5,sahidic.psalms.147.9
Matt,6,31,36,3,13,sahidica.matthew.6.31,sahidic.psalms.36.3
Matt,7,17,1,3,13,sahidica.matthew.7.17,sahidic.psalms.1.3
Matt,8,26,88,9,13,sahidica.matthew.8.26,sahidic.psalms.88.9
Matt,13,23,91,13,13,sahidica.matthew.13.23,sahidic.psalms.91.13
Matt,13,23,91,14,13,sahidica.matthew.13.23,sahidic.psalms.91.14
Matt,13,23,91,15,13,sahidica.matthew.13.23,sahidic.psalms.91.15
Matt,15,11,11,2,13,sahidica.matthew.15.11,sahidic.psalms.11.2
Matt,16,16,41,2,13,sahidica.matthew.16.16,sahidic.psalms.41.2
Matt,16,18,9,1,13,sahidica.matthew.16.18,sahidic.psalms.9.1
Matt,16,18,9,2,13,sahidica.matthew.16.18,sahidic.psalms.9.2
Matt,16,18,9,3,13,sahidica.matthew.16.18,sahidic.psalms.9.3
Matt,16,18,9,4,13,sahidica.matthew.16.18,sahidic.psalms.9.4
Matt,16,18,9,5,13,sahidica.matthew.16.18,sahidic.psalms.9.5
Matt,16,18,9,6,13,sahidica.matthew.16.18,sahidic.psalms.9.6
Matt,16,18,9,7,13,sahidica.matthew.16.18,sahidic.psalms.9.7
Matt,16,18,9,8,13,sahidica.matthew.16.18,sahidic.psalms.9.8
Matt,16,18,9,9,13,sahidica.matthew.16.18,sahidic.psalms.9.9
Matt,16,18,9,10,13,sahidica.matthew.16.18,sahidic.psalms.9.10
Matt,16,18,9,11,13,sahidica.matthew.16.18,sahidic.psalms.9.11
Matt,16,18,9,12,13,sahidica.matthew.16.18,sahidic.psalms.9.12
Matt,16,18,9,13,13,sahidica.matthew.16.18,sahidic.psalms.9.13
Matt,16,18,9,14,13,sahidica.matthew.16.18,sahidic.psalms.9.14
Matt,16,18,9,15,13,sahidica.matthew.16.18,sahidic.psalms.9.15
Matt,16,18,9,16,13,sahidica.matthew.16.18,sahidic.psalms.9.16
Matt,16,18,9,17,13,sahidica.matthew.16.18,sahidic.psalms.9.17
Matt,16,18,9,18,13,sahidica.matthew.16.18,sahidic.psalms.9.18
Matt,16,18,9,19,13,sahidica.matthew.16.18,sahidic.psalms.9.19
Matt,16,18,9,20,13,sahidica.matthew.16.18,sahidic.psalms.9.20
Matt,16,18,9,21,13,sahidica.matthew.16.18,sahidic.psalms.9.21
Matt,16,18,9,22,13,sahidica.matthew.16.18,sahidic.psalms.9.22
Matt,16,18,9,23,13,sahidica.matthew.16.18,sahidic.psalms.9.23
Matt,16,18,9,24,13,sahidica.matthew.16.18,sahidic.psalms.9.24
Matt,16,18,9,25,13,sahidica.matthew.16.18,sahidic.psalms.9.25
Matt,16,18,9,26,13,sahidica.matthew.16.18,sahidic.psalms.9.26
Matt,16,18,9,27,13,sahidica.matthew.16.18,sahidic.psalms.9.27
Matt,16,18,9,28,13,sahidica.matthew.16.18,sahidic.psalms.9.28
Matt,16,18,9,29,13,sahidica.matthew.16.18,sahidic.psalms.9.29
Matt,16,18,9,30,13,sahidica.matthew.16.18,sahidic.psalms.9.30
Matt,16,18,9,31,13,sahidica.matthew.16.18,sahidic.psalms.9.31
Matt,16,18,9,32,13,sahidica.matthew.16.18,sahidic.psalms.9.32
Matt,16,18,9,33,13,sahidica.matthew.16.18,sahidic.psalms.9.33
Matt,16,18,9,34,13,sahidica.matthew.16.18,sahidic.psalms.9.34
Matt,16,18,9,35,13,sahidica.matthew.16.18,sahidic.psalms.9.35
Matt,16,18,9,36,13,sahidica.matthew.16.18,sahidic.psalms.9.36
Matt,16,18,9,37,13,sahidica.matthew.16.18,sahidic.psalms.9.37
Matt,16,18,9,38,13,sahidica.matthew.16.18,sahidic.psalms.9.38
Matt,23,37,16,8,13,sahidica.matthew.23.37,sahidic.psalms.16.8
Matt,23,39,117,26,13,sahidica.matthew.23.39,sahidic.psalms.117.26
Matt,25,1,44,9,13,sahidica.matthew.25.1,sahidic.psalms.44.9
Matt,25,1,44,10,13,sahidica.matthew.25.1,sahidic.psalms.44.10
Matt,25,1,44,11,13,sahidica.matthew.25.1,sahidic.psalms.44.11
Matt,25,31,9,1,13,sahidica.matthew.25.31,sahidic.psalms.9.1
Matt,25,31,9,2,13,sahidica.matthew.25.31,sahidic.psalms.9.2
Matt,25,31,9,3,13,sahidica.matthew.25.31,sahidic.psalms.9.3
Matt,25,31,9,4,13,sahidica.matthew.25.31,sahidic.psalms.9.4
Matt,25,31,9,5,13,sahidica.matthew.25.31,sahidic.psalms.9.5
Matt,25,31,9,6,13,sahidica.matthew.25.31,sahidic.psalms.9.6
Matt,25,31,9,7,13,sahidica.matthew.25.31,sahidic.psalms.9.7
Matt,25,31,9,8,13,sahidica.matthew.25.31,sahidic.psalms.9.8
Matt,25,31,9,9,13,sahidica.matthew.25.31,sahidic.psalms.9.9
Matt,25,31,9,10,13,sahidica.matthew.25.31,sahidic.psalms.9.10
Matt,25,31,9,11,13,sahidica.matthew.25.31,sahidic.psalms.9.11
Matt,25,31,9,12,13,sahidica.matthew.25.31,sahidic.psalms.9.12
Matt,25,31,9,13,13,sahidica.matthew.25.31,sahidic.psalms.9.13
Matt,25,31,9,14,13,sahidica.matthew.25.31,sahidic.psalms.9.14
Matt,25,31,9,15,13,sahidica.matthew.25.31,sahidic.psalms.9.15
Matt,25,31,9,16,13,sahidica.matthew.25.31,sahidic.psalms.9.16
Matt,25,31,9,17,13,sahidica.matthew.25.31,sahidic.psalms.9.17
Matt,25,31,9,18,13,sahidica.matthew.25.31,sahidic.psalms.9.18
Matt,25,31,9,19,13,sahidica.matthew.25.31,sahidic.psalms.9.19
Matt,25,31,9,20,13,sahidica.matthew.25.31,sahidic.psalms.9.20
Matt,25,31,9,21,13,sahidica.matthew.25.31,sahidic.psalms.9.21
Matt,25,31,9,22,13,sahidica.matthew.25.31,sahidic.psalms.9.22
Matt,25,31,9,23,13,sahidica.matthew.25.31,sahidic.psalms.9.23
Matt,25,31,9,24,13,sahidica.matthew.25.31,sahidic.psalms.9.24
Matt,25,31,9,25,13,sahidica.matthew.25.31,sahidic.psalms.9.25
Matt,25,31,9,26,13,sahidica.matthew.25.31,sahidic.psalms.9.26
Matt,25,31,9,27,13,sahidica.matthew.25.31,sahidic.psalms.9.27
Matt,25,31,9,28,13,sahidica.matthew.25.31,sahidic.psalms.9.28
Matt,25,31,9,29,13,sahidica.matthew.25.31,sahidic.psalms.9.29
Matt,25,31,9,30,13,sahidica.matthew.25.31,sahidic.psalms.9.30
Matt,25,31,9,31,13,sahidica.matthew.25.31,sahidic.psalms.9.31
Matt,25,31,9,32,13,sahidica.matthew.25.31,sahidic.psalms.9.32
Matt,25,31,9,33,13,sahidica.matthew.25.31,sahidic.psalms.9.33
Matt,25,31,9,34,13,sahidica.matthew.25.31,sahidic.psalms.9.34
Matt,25,31,9,35,13,sahidica.matthew.25.31,sahidic.psalms.9.35
Matt,25,31,9,36,13,sahidica.matthew.25.31,sahidic.psalms.9.36
Matt,25,31,9,37,13,sahidica.matthew.25.31,sahidic.psalms.9.37
Matt,25,31,9,38,13,sahidica.matthew.25.31,sahidic.psalms.9.38
Matt,28,18,2,6,13,sahidica.matthew.28.18,sahidic.psalms.2.6
Matt,28,18,2,7,13,sahidica.matthew.28.18,sahidic.psalms.2.7
Matt,28,18,2,8,13,sahidica.matthew.28.18,sahidic.psalms.2.8
Matt,28,18,2,9,13,sahidica.matthew.28.18,sahidic.psalms.2.9
Heb,3,10,94,10,13,sahidica.hebrews.3.10,sahidic.psalms.94.10
Heb,10,22,72,28,13,sahidica.hebrews.10.22,sahidic.psalms.72.28
Heb,10,30,49,4,13,sahidica.hebrews.10.30,sahidic.psalms.49.4
Heb,10,35,18,11,13,sahidica.hebrews.10.35,sahidic.psalms.18.11
Heb,11,13,38,12,13,sahidica.hebrews.11.13,sahidic.psalms.38.12
Matt,1,21,129,7,12,sahidica.matthew.1.21,sahidic.psalms.129.7
Matt,1,21,129,8,12,sahidica.matthew.1.21,sahidic.psalms.129.8
Matt,6,4,43,21,12,sahidica.matthew.6.4,sahidic.psalms.43.21
Matt,7,3,49,16,12,sahidica.matthew.7.3,sahidic.psalms.49.16
Matt,7,3,49,17,12,sahidica.matthew.7.3,sahidic.psalms.49.17
Matt,7,3,49,18,12,sahidica.matthew.7.3,sahidic.psalms.49.18
Matt,7,3,49,19,12,sahidica.matthew.7.3,sahidic.psalms.49.19
Matt,7,3,49,20,12,sahidica.matthew.7.3,sahidic.psalms.49.20
Matt,7,3,49,21,12,sahidica.matthew.7.3,sahidic.psalms.49.21
Matt,7,11,85,5,12,sahidica.matthew.7.11,sahidic.psalms.85.5
Matt,12,34,139,2,12,sahidica.matthew.12.34,sahidic.psalms.139.2
Matt,12,34,139,3,12,sahidica.matthew.12.34,sahidic.psalms.139.3
Matt,18,6,104,15,12,sahidica.matthew.18.6,sahidic.psalms.104.15
Matt,27,34,68,21,12,sahidica.matthew.27.34,sahidic.psalms.68.21
Heb,3,15,94,7,12,sahidica.hebrews.3.15,sahidic.psalms.94.7
Heb,10,31,89,11,12,sahidica.hebrews.10.31,sahidic.psalms.89.11
Heb,12,1,17,23,12,sahidica.hebrews.12.1,sahidic.psalms.17.23
Heb,12,29,96,3,12,sahidica.hebrews.12.29,sahidic.psalms.96.3
Matt,4,6,33,20,11,sahidica.matthew.4.6,sahidic.psalms.33.20
Matt,5,3,83,12,11,sahidica.matthew.5.3,sahidic.psalms.83.12
Matt,5,3,127,1,11,sahidica.matthew.5.3,sahidic.psalms.127.1
Matt,5,4,6,1,11,sahidica.matthew.5.4,sahidic.psalms.6.1
Matt,5,4,6,2,11,sahidica.matthew.5.4,sahidic.psalms.6.2
Matt,5,4,6,3,11,sahidica.matthew.5.4,sahidic.psalms.6.3
Matt,5,4,6,4,11,sahidica.matthew.5.4,sahidic.psalms.6.4
Matt,5,4,6,5,11,sahidica.matthew.5.4,sahidic.psalms.6.5
Matt,5,4,6,6,11,sahidica.matthew.5.4,sahidic.psalms.6.6
Matt,5,4,6,7,11,sahidica.matthew.5.4,sahidic.psalms.6.7
Matt,5,4,6,8,11,sahidica.matthew.5.4,sahidic.psalms.6.8
Matt,5,4,6,9,11,sahidica.matthew.5.4,sahidic.psalms.6.9
Matt,5,4,31,3,11,sahidica.matthew.5.4,sahidic.psalms.31.3
Matt,5,4,31,4,11,sahidica.matthew.5.4,sahidic.psalms.31.4
Matt,5,4,31,5,11,sahidica.matthew.5.4,sahidic.psalms.31.5
Matt,5,4,31,6,11,sahidica.matthew.5.4,sahidic.psalms.31.6
Matt,5,4,31,7,11,sahidica.matthew.5.4,sahidic.psalms.31.7
Matt,5,5,36,34,11,sahidica.matthew.5.5,sahidic.psalms.36.34
Matt,5,7,36,26,11,sahidica.matthew.5.7,sahidic.psalms.36.26
Matt,5,8,50,6,11,sahidica.matthew.5.8,sahidic.psalms.50.6
Matt,5,35,47,2,11,sahidica.matthew.5.35,sahidic.psalms.47.2
Matt,6,16,68,10,11,sahidica.matthew.6.16,sahidic.psalms.68.10
Matt,7,17,91,13,11,sahidica.matthew.7.17,sahidic.psalms.91.13
Matt,7,17,91,14,11,sahidica.matthew.7.17,sahidic.psalms.91.14
Matt,7,23,5,5,11,sahidica.matthew.7.23,sahidic.psalms.5.5
Matt,8,20,83,3,11,sahidica.matthew.8.20,sahidic.psalms.83.3
Matt,10,36,40,9,11,sahidica.matthew.10.36,sahidic.psalms.40.9
Matt,14,33,2,7,11,sahidica.matthew.14.33,sahidic.psalms.2.7
Matt,15,11,51,2,11,sahidica.matthew.15.11,sahidic.psalms.51.2
Matt,15,11,51,3,11,sahidica.matthew.15.11,sahidic.psalms.51.3
Matt,15,11,51,4,11,sahidica.matthew.15.11,sahidic.psalms.51.4
Matt,15,11,9,1,11,sahidica.matthew.15.11,sahidic.psalms.9.1
Matt,15,11,9,2,11,sahidica.matthew.15.11,sahidic.psalms.9.2
Matt,15,11,9,3,11,sahidica.matthew.15.11,sahidic.psalms.9.3
Matt,15,11,9,4,11,sahidica.matthew.15.11,sahidic.psalms.9.4
Matt,15,11,9,5,11,sahidica.matthew.15.11,sahidic.psalms.9.5
Matt,15,11,9,6,11,sahidica.matthew.15.11,sahidic.psalms.9.6
Matt,15,11,9,7,11,sahidica.matthew.15.11,sahidic.psalms.9.7
Matt,15,11,9,8,11,sahidica.matthew.15.11,sahidic.psalms.9.8
Matt,15,11,9,9,11,sahidica.matthew.15.11,sahidic.psalms.9.9
Matt,15,11,9,10,11,sahidica.matthew.15.11,sahidic.psalms.9.10
Matt,15,11,9,11,11,sahidica.matthew.15.11,sahidic.psalms.9.11
Matt,15,11,9,12,11,sahidica.matthew.15.11,sahidic.psalms.9.12
Matt,15,11,9,13,11,sahidica.matthew.15.11,sahidic.psalms.9.13
Matt,15,11,9,14,11,sahidica.matthew.15.11,sahidic.psalms.9.14
Matt,15,11,9,15,11,sahidica.matthew.15.11,sahidic.psalms.9.15
Matt,15,11,9,16,11,sahidica.matthew.15.11,sahidic.psalms.9.16
Matt,15,11,9,17,11,sahidica.matthew.15.11,sahidic.psalms.9.17
Matt,15,11,9,18,11,sahidica.matthew.15.11,sahidic.psalms.9.18
Matt,15,11,9,19,11,sahidica.matthew.15.11,sahidic.psalms.9.19
Matt,15,11,9,20,11,sahidica.matthew.15.11,sahidic.psalms.9.20
Matt,15,11,9,21,11,sahidica.matthew.15.11,sahidic.psalms.9.21
Matt,15,11,9,22,11,sahidica.matthew.15.11,sahidic.psalms.9.22
Matt,15,11,9,23,11,sahidica.matthew.15.11,sahidic.psalms.9.23
Matt,15,11,9,24,11,sahidica.matthew.15.11,sahidic.psalms.9.24
Matt,15,11,9,25,11,sahidica.matthew.15.11,sahidic.psalms.9.25
Matt,15,11,9,26,11,sahidica.matthew.15.11,sahidic.psalms.9.26
Matt,15,11,9,27,11,sahidica.matthew.15.11,sahidic.psalms.9.27
Matt,15,11,9,28,11,sahidica.matthew.15.11,sahidic.psalms.9.28
Matt,15,11,9,29,11,sahidica.matthew.15.11,sahidic.psalms.9.29
Matt,15,11,9,30,11,sahidica.matthew.15.11,sahidic.psalms.9.30
Matt,15,11,9,31,11,sahidica.matthew.15.11,sahidic.psalms.9.31
Matt,15,11,9,32,11,sahidica.matthew.15.11,sahidic.psalms.9.32
Matt,15,11,9,33,11,sahidica.matthew.15.11,sahidic.psalms.9.33
Matt,15,11,9,34,11,sahidica.matthew.15.11,sahidic.psalms.9.34
Matt,15,11,9,35,11,sahidica.matthew.15.11,sahidic.psalms.9.35
Matt,15,11,9,36,11,sahidica.matthew.15.11,sahidic.psalms.9.36
Matt,15,11,9,37,11,sahidica.matthew.15.11,sahidic.psalms.9.37
Matt,15,11,9,38,11,sahidica.matthew.15.11,sahidic.psalms.9.38
Matt,17,2,103,2,11,sahidica.matthew.17.2,sahidic.psalms.103.2
Matt,18,12,118,176,11,sahidica.matthew.18.12,sahidic.psalms.118.176
Matt,18,15,140,5,11,sahidica.matthew.18.15,sahidic.psalms.140.5
Heb,5,7,21,1,11,sahidica.hebrews.5.7,sahidic.psalms.21.1
Heb,5,7,21,2,11,sahidica.hebrews.5.7,sahidic.psalms.21.2
Heb,5,7,21,3,11,sahidica.hebrews.5.7,sahidic.psalms.21.3
Heb,5,7,21,4,11,sahidica.hebrews.5.7,sahidic.psalms.21.4
Heb,5,7,21,5,11,sahidica.hebrews.5.7,sahidic.psalms.21.5
Heb,5,7,21,6,11,sahidica.hebrews.5.7,sahidic.psalms.21.6
Heb,5,7,21,7,11,sahidica.hebrews.5.7,sahidic.psalms.21.7
Heb,5,7,21,8,11,sahidica.hebrews.5.7,sahidic.psalms.21.8
Heb,5,7,21,9,11,sahidica.hebrews.5.7,sahidic.psalms.21.9
Heb,5,7,21,10,11,sahidica.hebrews.5.7,sahidic.psalms.21.10
Heb,5,7,21,11,11,sahidica.hebrews.5.7,sahidic.psalms.21.11
Heb,5,7,21,12,11,sahidica.hebrews.5.7,sahidic.psalms.21.12
Heb,5,7,21,13,11,sahidica.hebrews.5.7,sahidic.psalms.21.13
Heb,5,7,21,14,11,sahidica.hebrews.5.7,sahidic.psalms.21.14
Heb,5,7,21,15,11,sahidica.hebrews.5.7,sahidic.psalms.21.15
Heb,5,7,21,16,11,sahidica.hebrews.5.7,sahidic.psalms.21.16
Heb,5,7,21,17,11,sahidica.hebrews.5.7,sahidic.psalms.21.17
Heb,5,7,21,18,11,sahidica.hebrews.5.7,sahidic.psalms.21.18
Heb,5,7,21,19,11,sahidica.hebrews.5.7,sahidic.psalms.21.19
Heb,5,7,21,20,11,sahidica.hebrews.5.7,sahidic.psalms.21.20
Heb,5,7,21,21,11,sahidica.hebrews.5.7,sahidic.psalms.21.21
Heb,5,7,21,24,11,sahidica.hebrews.5.7,sahidic.psalms.21.24
Heb,6,18,45,1,11,sahidica.hebrews.6.18,sahidic.psalms.45.1
Heb,6,19,61,5,11,sahidica.hebrews.6.19,sahidic.psalms.61.5
Heb,6,19,61,6,11,sahidica.hebrews.6.19,sahidic.psalms.61.6
Heb,10,13,109,1,11,sahidica.hebrews.10.13,sahidic.psalms.109.1
Heb,10,38,146,1,11,sahidica.hebrews.10.38,sahidic.psalms.146.1
Heb,10,38,146,2,11,sahidica.hebrews.10.38,sahidic.psalms.146.2
Heb,10,38,146,3,11,sahidica.hebrews.10.38,sahidic.psalms.146.3
Heb,10,38,146,4,11,sahidica.hebrews.10.38,sahidic.psalms.146.4
Heb,10,38,146,5,11,sahidica.hebrews.10.38,sahidic.psalms.146.5
Heb,10,38,146,6,11,sahidica.hebrews.10.38,sahidic.psalms.146.6
Heb,10,38,146,7,11,sahidica.hebrews.10.38,sahidic.psalms.146.7
Heb,10,38,146,8,11,sahidica.hebrews.10.38,sahidic.psalms.146.8
Heb,10,38,146,9,11,sahidica.hebrews.10.38,sahidic.psalms.146.9
Heb,10,38,146,10,11,sahidica.hebrews.10.38,sahidic.psalms.146.10
Heb,10,38,146,11,11,sahidica.hebrews.10.38,sahidic.psalms.146.11
Heb,10,38,147,1,11,sahidica.hebrews.10.38,sahidic.psalms.147.1
Heb,10,38,147,2,11,sahidica.hebrews.10.38,sahidic.psalms.147.2
Heb,10,38,147,3,11,sahidica.hebrews.10.38,sahidic.psalms.147.3
Heb,10,38,147,4,11,sahidica.hebrews.10.38,sahidic.psalms.147.4
Heb,10,38,147,5,11,sahidica.hebrews.10.38,sahidic.psalms.147.5
Heb,10,38,147,6,11,sahidica.hebrews.10.38,sahidic.psalms.147.6
Heb,10,38,147,7,11,sahidica.hebrews.10.38,sahidic.psalms.147.7
Heb,10,38,147,8,11,sahidica.hebrews.10.38,sahidic.psalms.147.8
Heb,10,38,147,9,11,sahidica.hebrews.10.38,sahidic.psalms.147.9
Heb,12,2,21,6,11,sahidica.hebrews.12.2,sahidic.psalms.21.6
Heb,12,2,21,7,11,sahidica.hebrews.12.2,sahidic.psalms.21.7
Heb,12,2,21,8,11,sahidica.hebrews.12.2,sahidic.psalms.21.8
Heb,12,11,88,32,11,sahidica.hebrews.12.11,sahidic.psalms.88.32
Heb,12,14,119,6,11,sahidica.hebrews.12.14,sahidic.psalms.119.6
Heb,13,5,9,1,11,sahidica.hebrews.13.5,sahidic.psalms.9.1
Heb,13,5,9,2,11,sahidica.hebrews.13.5,sahidic.psalms.9.2
Heb,13,5,9,3,11,sahidica.hebrews.13.5,sahidic.psalms.9.3
Heb,13,5,9,4,11,sahidica.hebrews.13.5,sahidic.psalms.9.4
Heb,13,5,9,5,11,sahidica.hebrews.13.5,sahidic.psalms.9.5
Heb,13,5,9,6,11,sahidica.hebrews.13.5,sahidic.psalms.9.6
Heb,13,5,9,7,11,sahidica.hebrews.13.5,sahidic.psalms.9.7
Heb,13,5,9,8,11,sahidica.hebrews.13.5,sahidic.psalms.9.8
Heb,13,5,9,9,11,sahidica.hebrews.13.5,sahidic.psalms.9.9
Heb,13,5,9,10,11,sahidica.hebrews.13.5,sahidic.psalms.9.10
Heb,13,5,9,11,11,sahidica.hebrews.13.5,sahidic.psalms.9.11
Heb,13,5,9,12,11,sahidica.hebrews.13.5,sahidic.psalms.9.12
Heb,13,5,9,13,11,sahidica.hebrews.13.5,sahidic.psalms.9.13
Heb,13,5,9,14,11,sahidica.hebrews.13.5,sahidic.psalms.9.14
Heb,13,5,9,15,11,sahidica.hebrews.13.5,sahidic.psalms.9.15
Heb,13,5,9,16,11,sahidica.hebrews.13.5,sahidic.psalms.9.16
Heb,13,5,9,17,11,sahidica.hebrews.13.5,sahidic.psalms.9.17
Heb,13,5,9,18,11,sahidica.hebrews.13.5,sahidic.psalms.9.18
Heb,13,5,9,19,11,sahidica.hebrews.13.5,sahidic.psalms.9.19
Heb,13,5,9,20,11,sahidica.hebrews.13.5,sahidic.psalms.9.20
Heb,13,5,9,21,11,sahidica.hebrews.13.5,sahidic.psalms.9.21
Heb,13,5,9,22,11,sahidica.hebrews.13.5,sahidic.psalms.9.22
Heb,13,5,9,23,11,sahidica.hebrews.13.5,sahidic.psalms.9.23
Heb,13,5,9,24,11,sahidica.hebrews.13.5,sahidic.psalms.9.24
Heb,13,5,9,25,11,sahidica.hebrews.13.5,sahidic.psalms.9.25
Heb,13,5,9,26,11,sahidica.hebrews.13.5,sahidic.psalms.9.26
Heb,13,5,9,27,11,sahidica.hebrews.13.5,sahidic.psalms.9.27
Heb,13,5,9,28,11,sahidica.hebrews.13.5,sahidic.psalms.9.28
Heb,13,5,9,29,11,sahidica.hebrews.13.5,sahidic.psalms.9.29
Heb,13,5,9,30,11,sahidica.hebrews.13.5,sahidic.psalms.9.30
Heb,13,5,9,31,11,sahidica.hebrews.13.5,sahidic.psalms.9.31
Heb,13,5,9,32,11,sahidica.hebrews.13.5,sahidic.psalms.9.32
Heb,13,5,9,33,11,sahidica.hebrews.13.5,sahidic.psalms.9.33
Heb,13,5,9,34,11,sahidica.hebrews.13.5,sahidic.psalms.9.34
Heb,13,5,9,35,11,sahidica.hebrews.13.5,sahidic.psalms.9.35
Heb,13,5,9,36,11,sahidica.hebrews.13.5,sahidic.psalms.9.36
Heb,13,5,9,37,11,sahidica.hebrews.13.5,sahidic.psalms.9.37
Heb,13,5,9,38,11,sahidica.hebrews.13.5,sahidic.psalms.9.38
Matt,2,11,71,15,10,sahidica.matthew.2.11,sahidic.psalms.71.15
Matt,5,7,111,4,10,sahidica.matthew.5.7,sahidic.psalms.111.4
Matt,5,7,111,9,10,sahidica.matthew.5.7,sahidic.psalms.111.9
Matt,5,33,75,11,10,sahidica.matthew.5.33,sahidic.psalms.75.11
Matt,5,42,36,21,10,sahidica.matthew.5.42,sahidic.psalms.36.21
Matt,5,42,111,5,10,sahidica.matthew.5.42,sahidic.psalms.111.5
Matt,5,42,111,6,10,sahidica.matthew.5.42,sahidic.psalms.111.6
Matt,5,42,111,7,10,sahidica.matthew.5.42,sahidic.psalms.111.7
Matt,5,42,111,8,10,sahidica.matthew.5.42,sahidic.psalms.111.8
Matt,5,42,111,9,10,sahidica.matthew.5.42,sahidic.psalms.111.9
Matt,5,48,36,37,10,sahidica.matthew.5.48,sahidic.psalms.36.37
Matt,6,13,46,7,10,sahidica.matthew.6.13,sahidic.psalms.46.7
Matt,6,26,103,11,10,sahidica.matthew.6.26,sahidic.psalms.103.11
Matt,6,26,103,12,10,sahidica.matthew.6.26,sahidic.psalms.103.12
Matt,8,8,9,1,10,sahidica.matthew.8.8,sahidic.psalms.9.1
Matt,8,8,9,2,10,sahidica.matthew.8.8,sahidic.psalms.9.2
Matt,8,8,9,3,10,sahidica.matthew.8.8,sahidic.psalms.9.3
Matt,8,8,9,4,10,sahidica.matthew.8.8,sahidic.psalms.9.4
Matt,8,8,9,5,10,sahidica.matthew.8.8,sahidic.psalms.9.5
Matt,8,8,9,6,10,sahidica.matthew.8.8,sahidic.psalms.9.6
Matt,8,8,9,7,10,sahidica.matthew.8.8,sahidic.psalms.9.7
Matt,8,8,9,8,10,sahidica.matthew.8.8,sahidic.psalms.9.8
Matt,8,8,9,9,10,sahidica.matthew.8.8,sahidic.psalms.9.9
Matt,8,8,9,10,10,sahidica.matthew.8.8,sahidic.psalms.9.10
Matt,8,8,9,11,10,sahidica.matthew.8.8,sahidic.psalms.9.11
Matt,8,8,9,12,10,sahidica.matthew.8.8,sahidic.psalms.9.12
Matt,8,8,9,13,10,sahidica.matthew.8.8,sahidic.psalms.9.13
Matt,8,8,9,14,10,sahidica.matthew.8.8,sahidic.psalms.9.14
Matt,8,8,9,15,10,sahidica.matthew.8.8,sahidic.psalms.9.15
Matt,8,8,9,16,10,sahidica.matthew.8.8,sahidic.psalms.9.16
Matt,8,8,9,17,10,sahidica.matthew.8.8,sahidic.psalms.9.17
Matt,8,8,9,18,10,sahidica.matthew.8.8,sahidic.psalms.9.18
Matt,8,8,9,19,10,sahidica.matthew.8.8,sahidic.psalms.9.19
Matt,8,8,9,20,10,sahidica.matthew.8.8,sahidic.psalms.9.20
Matt,8,8,9,21,10,sahidica.matthew.8.8,sahidic.psalms.9.21
Matt,8,8,9,22,10,sahidica.matthew.8.8,sahidic.psalms.9.22
Matt,8,8,9,23,10,sahidica.matthew.8.8,sahidic.psalms.9.23
Matt,8,8,9,24,10,sahidica.matthew.8.8,sahidic.psalms.9.24
Matt,8,8,9,25,10,sahidica.matthew.8.8,sahidic.psalms.9.25
Matt,8,8,9,26,10,sahidica.matthew.8.8,sahidic.psalms.9.26
Matt,8,8,9,27,10,sahidica.matthew.8.8,sahidic.psalms.9.27
Matt,8,8,9,28,10,sahidica.matthew.8.8,sahidic.psalms.9.28
Matt,8,8,9,29,10,sahidica.matthew.8.8,sahidic.psalms.9.29
Matt,8,8,9,30,10,sahidica.matthew.8.8,sahidic.psalms.9.30
Matt,8,8,9,31,10,sahidica.matthew.8.8,sahidic.psalms.9.31
Matt,8,8,9,32,10,sahidica.matthew.8.8,sahidic.psalms.9.32
Matt,8,8,9,33,10,sahidica.matthew.8.8,sahidic.psalms.9.33
Matt,8,8,9,34,10,sahidica.matthew.8.8,sahidic.psalms.9.34
Matt,8,8,9,35,10,sahidica.matthew.8.8,sahidic.psalms.9.35
Matt,8,8,9,36,10,sahidica.matthew.8.8,sahidic.psalms.9.36
Matt,8,8,9,37,10,sahidica.matthew.8.8,sahidic.psalms.9.37
Matt,8,8,9,38,10,sahidica.matthew.8.8,sahidic.psalms.9.38
Matt,9,38,67,11,10,sahidica.matthew.9.38,sahidic.psalms.67.11
Matt,12,20,146,1,10,sahidica.matthew.12.20,sahidic.psalms.146.1
Matt,12,20,146,2,10,sahidica.matthew.12.20,sahidic.psalms.146.2
Matt,12,20,146,3,10,sahidica.matthew.12.20,sahidic.psalms.146.3
Matt,12,20,146,4,10,sahidica.matthew.12.20,sahidic.psalms.146.4
Matt,12,20,146,5,10,sahidica.matthew.12.20,sahidic.psalms.146.5
Matt,12,20,146,6,10,sahidica.matthew.12.20,sahidic.psalms.146.6
Matt,12,20,146,7,10,sahidica.matthew.12.20,sahidic.psalms.146.7
Matt,12,20,146,8,10,sahidica.matthew.12.20,sahidic.psalms.146.8
Matt,12,20,146,9,10,sahidica.matthew.12.20,sahidic.psalms.146.9
Matt,12,20,146,10,10,sahidica.matthew.12.20,sahidic.psalms.146.10
Matt,12,20,146,11,10,sahidica.matthew.12.20,sahidic.psalms.146.11
Matt,12,20,147,1,10,sahidica.matthew.12.20,sahidic.psalms.147.1
Matt,12,20,147,2,10,sahidica.matthew.12.20,sahidic.psalms.147.2
Matt,12,20,147,3,10,sahidica.matthew.12.20,sahidic.psalms.147.3
Matt,12,20,147,4,10,sahidica.matthew.12.20,sahidic.psalms.147.4
Matt,12,20,147,5,10,sahidica.matthew.12.20,sahidic.psalms.147.5
Matt,12,20,147,6,10,sahidica.matthew.12.20,sahidic.psalms.147.6
Matt,12,20,147,7,10,sahidica.matthew.12.20,sahidic.psalms.147.7
Matt,12,20,147,8,10,sahidica.matthew.12.20,sahidic.psalms.147.8
Matt,12,20,147,9,10,sahidica.matthew.12.20,sahidic.psalms.147.9
Matt,13,22,51,7,10,sahidica.matthew.13.22,sahidic.psalms.51.7
Matt,16,18,68,12,10,sahidica.matthew.16.18,sahidic.psalms.68.12
Matt,25,1,44,14,10,sahidica.matthew.25.1,sahidic.psalms.44.14
Matt,25,32,95,13,10,sahidica.matthew.25.32,sahidic.psalms.95.13
Matt,28,18,88,19,10,sahidica.matthew.28.18,sahidic.psalms.88.19
Heb,5,7,68,1,10,sahidica.hebrews.5.7,sahidic.psalms.68.1
Heb,12,2,68,19,10,sahidica.hebrews.12.2,sahidic.psalms.68.19
Heb,12,2,68,20,10,sahidica.hebrews.12.2,sahidic.psalms.68.20
Heb,12,2,109,1,10,sahidica.hebrews.12.2,sahidic.psalms.109.1
Heb,12,2,15,9,10,sahidica.hebrews.12.2,sahidic.psalms.15.9
Heb,12,2,15,10,10,sahidica.hebrews.12.2,sahidic.psalms.15.10
Heb,12,2,15,11,10,sahidica.hebrews.12.2,sahidic.psalms.15.11
Heb,12,28,18,14,10,sahidica.hebrews.12.28,sahidic.psalms.18.14
Heb,12,29,49,3,10,sahidica.hebrews.12.29,sahidic.psalms.49.3
Heb,13,15,49,23,10,sahidica.hebrews.13.15,sahidic.psalms.49.23
Heb,13,16,50,19,10,sahidica.hebrews.13.16,sahidic.psalms.50.19
Matt,3,12,1,4,9,sahidica.matthew.3.12,sahidic.psalms.1.4
Matt,4,8,48,16,9,sahidica.matthew.4.8,sahidic.psalms.48.16
Matt,4,8,48,17,9,sahidica.matthew.4.8,sahidic.psalms.48.17
Matt,6,13,9,1,9,sahidica.matthew.6.13,sahidic.psalms.9.1
Matt,6,13,9,2,9,sahidica.matthew.6.13,sahidic.psalms.9.2
Matt,6,13,9,3,9,sahidica.matthew.6.13,sahidic.psalms.9.3
Matt,6,13,9,4,9,sahidica.matthew.6.13,sahidic.psalms.9.4
Matt,6,13,9,5,9,sahidica.matthew.6.13,sahidic.psalms.9.5
Matt,6,13,9,6,9,sahidica.matthew.6.13,sahidic.psalms.9.6
Matt,6,13,9,7,9,sahidica.matthew.6.13,sahidic.psalms.9.7
Matt,6,13,9,8,9,sahidica.matthew.6.13,sahidic.psalms.9.8
Matt,6,13,9,9,9,sahidica.matthew.6.13,sahidic.psalms.9.9
Matt,6,13,9,10,9,sahidica.matthew.6.13,sahidic.psalms.9.10
Matt,6,13,9,11,9,sahidica.matthew.6.13,sahidic.psalms.9.11
Matt,6,13,9,12,9,sahidica.matthew.6.13,sahidic.psalms.9.12
Matt,6,13,9,13,9,sahidica.matthew.6.13,sahidic.psalms.9.13
Matt,6,13,9,14,9,sahidica.matthew.6.13,sahidic.psalms.9.14
Matt,6,13,9,15,9,sahidica.matthew.6.13,sahidic.psalms.9.15
Matt,6,13,9,16,9,sahidica.matthew.6.13,sahidic.psalms.9.16
Matt,6,13,9,17,9,sahidica.matthew.6.13,sahidic.psalms.9.17
Matt,6,13,9,18,9,sahidica.matthew.6.13,sahidic.psalms.9.18
Matt,6,13,9,19,9,sahidica.matthew.6.13,sahidic.psalms.9.19
Matt,6,13,9,20,9,sahidica.matthew.6.13,sahidic.psalms.9.20
Matt,6,13,9,21,9,sahidica.matthew.6.13,sahidic.psalms.9.21
Matt,6,13,9,22,9,sahidica.matthew.6.13,sahidic.psalms.9.22
Matt,6,13,9,23,9,sahidica.matthew.6.13,sahidic.psalms.9.23
Matt,6,13,9,24,9,sahidica.matthew.6.13,sahidic.psalms.9.24
Matt,6,13,9,25,9,sahidica.matthew.6.13,sahidic.psalms.9.25
Matt,6,13,9,26,9,sahidica.matthew.6.13,sahidic.psalms.9.26
Matt,6,13,9,27,9,sahidica.matthew.6.13,sahidic.psalms.9.27
Matt,6,13,9,28,9,sahidica.matthew.6.13,sahidic.psalms.9.28
Matt,6,13,9,29,9,sahidica.matthew.6.13,sahidic.psalms.9.29
Matt,6,13,9,30,9,sahidica.matthew.6.13,sahidic.psalms.9.30
Matt,6,13,9,31,9,sahidica.matthew.6.13,sahidic.psalms.9.31
Matt,6,13,9,32,9,sahidica.matthew.6.13,sahidic.psalms.9.32
Matt,6,13,9,33,9,sahidica.matthew.6.13,sahidic.psalms.9.33
Matt,6,13,9,34,9,sahidica.matthew.6.13,sahidic.psalms.9.34
Matt,6,13,9,35,9,sahidica.matthew.6.13,sahidic.psalms.9.35
Matt,6,13,9,36,9,sahidica.matthew.6.13,sahidic.psalms.9.36
Matt,6,13,9,37,9,sahidica.matthew.6.13,sahidic.psalms.9.37
Matt,6,13,9,38,9,sahidica.matthew.6.13,sahidic.psalms.9.38
Matt,6,16,34,13,9,sahidica.matthew.6.16,sahidic.psalms.34.13
Matt,6,27,38,5,9,sahidica.matthew.6.27,sahidic.psalms.38.5
Matt,6,27,38,6,9,sahidica.matthew.6.27,sahidic.psalms.38.6
Matt,6,31,77,18,9,sahidica.matthew.6.31,sahidic.psalms.77.18
Matt,6,31,77,19,9,sahidica.matthew.6.31,sahidic.psalms.77.19
Matt,6,31,77,20,9,sahidica.matthew.6.31,sahidic.psalms.77.20
Matt,6,31,77,21,9,sahidica.matthew.6.31,sahidic.psalms.77.21
Matt,6,31,77,22,9,sahidica.matthew.6.31,sahidic.psalms.77.22
Matt,6,31,77,23,9,sahidica.matthew.6.31,sahidic.psalms.77.23
Matt,6,31,77,24,9,sahidica.matthew.6.31,sahidic.psalms.77.24
Matt,6,31,77,25,9,sahidica.matthew.6.31,sahidic.psalms.77.25
Matt,6,31,77,26,9,sahidica.matthew.6.31,sahidic.psalms.77.26
Matt,6,31,77,27,9,sahidica.matthew.6.31,sahidic.psalms.77.27
Matt,6,31,77,28,9,sahidica.matthew.6.31,sahidic.psalms.77.28
Matt,6,31,77,29,9,sahidica.matthew.6.31,sahidic.psalms.77.29
Matt,6,31,77,30,9,sahidica.matthew.6.31,sahidic.psalms.77.30
Matt,6,31,77,31,9,sahidica.matthew.6.31,sahidic.psalms.77.31
Matt,7,2,17,25,9,sahidica.matthew.7.2,sahidic.psalms.17.25
Matt,7,2,17,26,9,sahidica.matthew.7.2,sahidic.psalms.17.26
Matt,7,13,13,2,9,sahidica.matthew.7.13,sahidic.psalms.13.2
Matt,7,13,13,3,9,sahidica.matthew.7.13,sahidic.psalms.13.3
Matt,9,12,146,1,9,sahidica.matthew.9.12,sahidic.psalms.146.1
Matt,9,12,146,2,9,sahidica.matthew.9.12,sahidic.psalms.146.2
Matt,9,12,146,3,9,sahidica.matthew.9.12,sahidic.psalms.146.3
Matt,9,12,146,4,9,sahidica.matthew.9.12,sahidic.psalms.146.4
Matt,9,12,146,5,9,sahidica.matthew.9.12,sahidic.psalms.146.5
Matt,9,12,146,6,9,sahidica.matthew.9.12,sahidic.psalms.146.6
Matt,9,12,146,7,9,sahidica.matthew.9.12,sahidic.psalms.146.7
Matt,9,12,146,8,9,sahidica.matthew.9.12,sahidic.psalms.146.8
Matt,9,12,146,9,9,sahidica.matthew.9.12,sahidic.psalms.146.9
Matt,9,12,146,10,9,sahidica.matthew.9.12,sahidic.psalms.146.10
Matt,9,12,146,11,9,sahidica.matthew.9.12,sahidic.psalms.146.11
Matt,9,12,147,1,9,sahidica.matthew.9.12,sahidic.psalms.147.1
Matt,9,12,147,2,9,sahidica.matthew.9.12,sahidic.psalms.147.2
Matt,9,12,147,3,9,sahidica.matthew.9.12,sahidic.psalms.147.3
Matt,9,12,147,4,9,sahidica.matthew.9.12,sahidic.psalms.147.4
Matt,9,12,147,5,9,sahidica.matthew.9.12,sahidic.psalms.147.5
Matt,9,12,147,6,9,sahidica.matthew.9.12,sahidic.psalms.147.6
Matt,9,12,147,7,9,sahidica.matthew.9.12,sahidic.psalms.147.7
Matt,9,12,147,8,9,sahidica.matthew.9.12,sahidic.psalms.147.8
Matt,9,12,147,9,9,sahidica.matthew.9.12,sahidic.psalms.147.9
Matt,13,20,105,12,9,sahidica.matthew.13.20,sahidic.psalms.105.12
Matt,13,20,105,13,9,sahidica.matthew.13.20,sahidic.psalms.105.13
Matt,15,11,57,3,9,sahidica.matthew.15.11,sahidic.psalms.57.3
Matt,15,11,57,4,9,sahidica.matthew.15.11,sahidic.psalms.57.4
Matt,15,28,144,19,9,sahidica.matthew.15.28,sahidic.psalms.144.19
Matt,18,4,130,1,9,sahidica.matthew.18.4,sahidic.psalms.130.1
Matt,18,4,130,2,9,sahidica.matthew.18.4,sahidic.psalms.130.2
Matt,23,12,137,6,9,sahidica.matthew.23.12,sahidic.psalms.137.6
Matt,23,37,35,7,9,sahidica.matthew.23.37,sahidic.psalms.35.7
Matt,23,37,62,7,9,sahidica.matthew.23.37,sahidic.psalms.62.7
Matt,24,6,111,7,9,sahidica.matthew.24.6,sahidic.psalms.111.7
Matt,24,6,45,1,9,sahidica.matthew.24.6,sahidic.psalms.45.1
Matt,24,6,45,2,9,sahidica.matthew.24.6,sahidic.psalms.45.2
Matt,24,6,45,3,9,sahidica.matthew.24.6,sahidic.psalms.45.3
Matt,25,32,1,5,9,sahidica.matthew.25.32,sahidic.psalms.1.5
Matt,25,32,49,3,9,sahidica.matthew.25.32,sahidic.psalms.49.3
Matt,25,32,49,4,9,sahidica.matthew.25.32,sahidic.psalms.49.4
Matt,25,32,49,5,9,sahidica.matthew.25.32,sahidic.psalms.49.5
Matt,26,31,68,20,9,sahidica.matthew.26.31,sahidic.psalms.68.20
Matt,26,41,118,32,9,sahidica.matthew.26.41,sahidic.psalms.118.32
Heb,1,14,103,4,9,sahidica.hebrews.1.14,sahidic.psalms.103.4
Heb,2,8,8,6,9,sahidica.hebrews.2.8,sahidic.psalms.8.6
Heb,2,15,54,4,9,sahidica.hebrews.2.15,sahidic.psalms.54.4
Heb,5,7,68,13,9,sahidica.hebrews.5.7,sahidic.psalms.68.13
Heb,5,7,68,14,9,sahidica.hebrews.5.7,sahidic.psalms.68.14
Heb,5,7,68,15,9,sahidica.hebrews.5.7,sahidic.psalms.68.15
Heb,5,7,68,16,9,sahidica.hebrews.5.7,sahidic.psalms.68.16
Heb,6,13,104,9,9,sahidica.hebrews.6.13,sahidic.psalms.104.9
Heb,6,13,104,10,9,sahidica.hebrews.6.13,sahidic.psalms.104.10
Heb,9,27,88,48,9,sahidica.hebrews.9.27,sahidic.psalms.88.48
Heb,10,26,18,12,9,sahidica.hebrews.10.26,sahidic.psalms.18.12
Heb,10,26,18,13,9,sahidica.hebrews.10.26,sahidic.psalms.18.13
Heb,10,30,95,13,9,sahidica.hebrews.10.30,sahidic.psalms.95.13
Heb,10,30,134,14,9,sahidica.hebrews.10.30,sahidic.psalms.134.14
Heb,11,8,104,9,9,sahidica.hebrews.11.8,sahidic.psalms.104.9
Heb,11,8,104,10,9,sahidica.hebrews.11.8,sahidic.psalms.104.10
Heb,11,8,104,11,9,sahidica.hebrews.11.8,sahidic.psalms.104.11
Heb,12,5,117,18,9,sahidica.hebrews.12.5,sahidic.psalms.117.18
Heb,12,5,118,109,9,sahidica.hebrews.12.5,sahidic.psalms.118.109
Heb,12,6,31,1,9,sahidica.hebrews.12.6,sahidic.psalms.31.1
Heb,12,6,31,2,9,sahidica.hebrews.12.6,sahidic.psalms.31.2
Heb,12,6,31,3,9,sahidica.hebrews.12.6,sahidic.psalms.31.3
Heb,12,6,31,4,9,sahidica.hebrews.12.6,sahidic.psalms.31.4
Heb,12,6,31,5,9,sahidica.hebrews.12.6,sahidic.psalms.31.5
Heb,12,22,47,2,9,sahidica.hebrews.12.22,sahidic.psalms.47.2
Matt,2,10,66,4,8,sahidica.matthew.2.10,sahidic.psalms.66.4
Matt,3,10,91,13,8,sahidica.matthew.3.10,sahidic.psalms.91.13
Matt,3,10,91,14,8,sahidica.matthew.3.10,sahidic.psalms.91.14
Matt,3,15,39,7,8,sahidica.matthew.3.15,sahidic.psalms.39.7
Matt,3,15,39,8,8,sahidica.matthew.3.15,sahidic.psalms.39.8
Matt,4,23,102,3,8,sahidica.matthew.4.23,sahidic.psalms.102.3
Matt,7,25,91,13,8,sahidica.matthew.7.25,sahidic.psalms.91.13
Matt,7,25,91,14,8,sahidica.matthew.7.25,sahidic.psalms.91.14
Matt,7,25,91,15,8,sahidica.matthew.7.25,sahidic.psalms.91.15
Matt,9,2,31,1,8,sahidica.matthew.9.2,sahidic.psalms.31.1
Matt,9,2,31,2,8,sahidica.matthew.9.2,sahidic.psalms.31.2
Matt,10,36,54,13,8,sahidica.matthew.10.36,sahidic.psalms.54.13
Matt,12,34,63,3,8,sahidica.matthew.12.34,sahidic.psalms.63.3
Matt,12,34,9,1,8,sahidica.matthew.12.34,sahidic.psalms.9.1
Matt,12,34,9,2,8,sahidica.matthew.12.34,sahidic.psalms.9.2
Matt,12,34,9,3,8,sahidica.matthew.12.34,sahidic.psalms.9.3
Matt,12,34,9,4,8,sahidica.matthew.12.34,sahidic.psalms.9.4
Matt,12,34,9,5,8,sahidica.matthew.12.34,sahidic.psalms.9.5
Matt,12,34,9,6,8,sahidica.matthew.12.34,sahidic.psalms.9.6
Matt,12,34,9,7,8,sahidica.matthew.12.34,sahidic.psalms.9.7
Matt,12,34,9,8,8,sahidica.matthew.12.34,sahidic.psalms.9.8
Matt,12,34,9,9,8,sahidica.matthew.12.34,sahidic.psalms.9.9
Matt,12,34,9,10,8,sahidica.matthew.12.34,sahidic.psalms.9.10
Matt,12,34,9,11,8,sahidica.matthew.12.34,sahidic.psalms.9.11
Matt,12,34,9,12,8,sahidica.matthew.12.34,sahidic.psalms.9.12
Matt,12,34,9,13,8,sahidica.matthew.12.34,sahidic.psalms.9.13
Matt,12,34,9,14,8,sahidica.matthew.12.34,sahidic.psalms.9.14
Matt,12,34,9,15,8,sahidica.matthew.12.34,sahidic.psalms.9.15
Matt,12,34,9,16,8,sahidica.matthew.12.34,sahidic.psalms.9.16
Matt,12,34,9,17,8,sahidica.matthew.12.34,sahidic.psalms.9.17
Matt,12,34,9,18,8,sahidica.matthew.12.34,sahidic.psalms.9.18
Matt,12,34,9,19,8,sahidica.matthew.12.34,sahidic.psalms.9.19
Matt,12,34,9,20,8,sahidica.matthew.12.34,sahidic.psalms.9.20
Matt,12,34,9,21,8,sahidica.matthew.12.34,sahidic.psalms.9.21
Matt,12,34,9,22,8,sahidica.matthew.12.34,sahidic.psalms.9.22
Matt,12,34,9,23,8,sahidica.matthew.12.34,sahidic.psalms.9.23
Matt,12,34,9,24,8,sahidica.matthew.12.34,sahidic.psalms.9.24
Matt,12,34,9,25,8,sahidica.matthew.12.34,sahidic.psalms.9.25
Matt,12,34,9,26,8,sahidica.matthew.12.34,sahidic.psalms.9.26
Matt,12,34,9,27,8,sahidica.matthew.12.34,sahidic.psalms.9.27
Matt,12,34,9,28,8,sahidica.matthew.12.34,sahidic.psalms.9.28
Matt,12,34,9,29,8,sahidica.matthew.12.34,sahidic.psalms.9.29
Matt,12,34,9,30,8,sahidica.matthew.12.34,sahidic.psalms.9.30
Matt,12,34,9,31,8,sahidica.matthew.12.34,sahidic.psalms.9.31
Matt,12,34,9,32,8,sahidica.matthew.12.34,sahidic.psalms.9.32
Matt,12,34,9,33,8,sahidica.matthew.12.34,sahidic.psalms.9.33
Matt,12,34,9,34,8,sahidica.matthew.12.34,sahidic.psalms.9.34
Matt,12,34,9,35,8,sahidica.matthew.12.34,sahidic.psalms.9.35
Matt,12,34,9,36,8,sahidica.matthew.12.34,sahidic.psalms.9.36
Matt,12,34,9,37,8,sahidica.matthew.12.34,sahidic.psalms.9.37
Matt,12,34,9,38,8,sahidica.matthew.12.34,sahidic.psalms.9.38
Matt,14,32,106,29,8,sahidica.matthew.14.32,sahidic.psalms.106.29
Matt,14,32,106,30,8,sahidica.matthew.14.32,sahidic.psalms.106.30
Matt,16,18,106,18,8,sahidica.matthew.16.18,sahidic.psalms.106.18
Matt,20,28,48,7,8,sahidica.matthew.20.28,sahidic.psalms.48.7
Matt,23,37,56,1,8,sahidica.matthew.23.37,sahidic.psalms.56.1
Matt,25,9,48,7,8,sahidica.matthew.25.9,sahidic.psalms.48.7
Matt,25,9,48,8,8,sahidica.matthew.25.9,sahidic.psalms.48.8
Matt,25,9,48,9,8,sahidica.matthew.25.9,sahidic.psalms.48.9
Matt,25,21,15,10,8,sahidica.matthew.25.21,sahidic.psalms.15.10
Matt,25,21,15,11,8,sahidica.matthew.25.21,sahidic.psalms.15.11
Matt,26,31,37,11,8,sahidica.matthew.26.31,sahidic.psalms.37.11
Matt,28,8,2,11,8,sahidica.matthew.28.8,sahidic.psalms.2.11
Matt,28,20,71,19,8,sahidica.matthew.28.20,sahidic.psalms.71.19
Heb,1,8,144,13,8,sahidica.hebrews.1.8,sahidic.psalms.144.13
Heb,2,12,39,10,8,sahidica.hebrews.2.12,sahidic.psalms.39.10
Heb,5,7,39,1,8,sahidica.hebrews.5.7,sahidic.psalms.39.1
Heb,5,7,39,2,8,sahidica.hebrews.5.7,sahidic.psalms.39.2
Heb,5,7,39,3,8,sahidica.hebrews.5.7,sahidic.psalms.39.3
Heb,5,12,33,11,8,sahidica.hebrews.5.12,sahidic.psalms.33.11
Heb,6,7,64,9,8,sahidica.hebrews.6.7,sahidic.psalms.64.9
Heb,6,7,64,10,8,sahidica.hebrews.6.7,sahidic.psalms.64.10
Heb,6,7,64,11,8,sahidica.hebrews.6.7,sahidic.psalms.64.11
Heb,6,7,64,12,8,sahidica.hebrews.6.7,sahidic.psalms.64.12
Heb,6,7,64,13,8,sahidica.hebrews.6.7,sahidic.psalms.64.13
Heb,6,19,41,11,8,sahidica.hebrews.6.19,sahidic.psalms.41.11
Heb,10,2,102,12,8,sahidica.hebrews.10.2,sahidic.psalms.102.12
Heb,10,5,49,8,8,sahidica.hebrews.10.5,sahidic.psalms.49.8
Heb,10,5,49,9,8,sahidica.hebrews.10.5,sahidic.psalms.49.9
Heb,10,5,49,10,8,sahidica.hebrews.10.5,sahidic.psalms.49.10
Heb,10,5,49,11,8,sahidica.hebrews.10.5,sahidic.psalms.49.11
Heb,10,5,49,12,8,sahidica.hebrews.10.5,sahidic.psalms.49.12
Heb,10,5,49,13,8,sahidica.hebrews.10.5,sahidic.psalms.49.13
Heb,10,5,49,14,8,sahidica.hebrews.10.5,sahidic.psalms.49.14
Heb,10,5,49,15,8,sahidica.hebrews.10.5,sahidic.psalms.49.15
Heb,10,5,49,16,8,sahidica.hebrews.10.5,sahidic.psalms.49.16
Heb,10,5,49,17,8,sahidica.hebrews.10.5,sahidic.psalms.49.17
Heb,10,5,49,18,8,sahidica.hebrews.10.5,sahidic.psalms.49.18
Heb,10,5,49,19,8,sahidica.hebrews.10.5,sahidic.psalms.49.19
Heb,10,5,49,20,8,sahidica.hebrews.10.5,sahidic.psalms.49.20
Heb,10,5,49,21,8,sahidica.hebrews.10.5,sahidic.psalms.49.21
Heb,10,5,49,22,8,sahidica.hebrews.10.5,sahidic.psalms.49.22
Heb,10,5,49,23,8,sahidica.hebrews.10.5,sahidic.psalms.49.23
Heb,12,5,118,75,8,sahidica.hebrews.12.5,sahidic.psalms.118.75
Matt,4,16,43,19,7,sahidica.matthew.4.16,sahidic.psalms.43.19
Matt,5,22,108,3,7,sahidica.matthew.5.22,sahidic.psalms.108.3
Matt,6,1,111,9,7,sahidica.matthew.6.1,sahidic.psalms.111.9
Matt,6,10,2,6,7,sahidica.matthew.6.10,sahidic.psalms.2.6
Matt,6,13,46,2,7,sahidica.matthew.6.13,sahidic.psalms.46.2
Matt,6,13,40,13,7,sahidica.matthew.6.13,sahidic.psalms.40.13
Matt,6,16,108,24,7,sahidica.matthew.6.16,sahidic.psalms.108.24
Matt,6,32,16,14,7,sahidica.matthew.6.32,sahidic.psalms.16.14
Matt,8,9,106,25,7,sahidica.matthew.8.9,sahidic.psalms.106.25
Matt,8,9,106,26,7,sahidica.matthew.8.9,sahidic.psalms.106.26
Matt,8,9,106,27,7,sahidica.matthew.8.9,sahidic.psalms.106.27
Matt,8,9,106,28,7,sahidica.matthew.8.9,sahidic.psalms.106.28
Matt,8,9,106,29,7,sahidica.matthew.8.9,sahidic.psalms.106.29
Matt,9,4,43,21,7,sahidica.matthew.9.4,sahidic.psalms.43.21
Matt,9,4,138,2,7,sahidica.matthew.9.4,sahidic.psalms.138.2
Matt,10,6,118,176,7,sahidica.matthew.10.6,sahidic.psalms.118.176
Matt,10,31,8,5,7,sahidica.matthew.10.31,sahidic.psalms.8.5
Matt,12,25,138,2,7,sahidica.matthew.12.25,sahidic.psalms.138.2
Matt,13,11,24,8,7,sahidica.matthew.13.11,sahidic.psalms.24.8
Matt,13,11,24,9,7,sahidica.matthew.13.11,sahidic.psalms.24.9
Matt,13,22,61,10,7,sahidica.matthew.13.22,sahidic.psalms.61.10
Matt,13,35,48,4,7,sahidica.matthew.13.35,sahidic.psalms.48.4
Matt,14,30,68,1,7,sahidica.matthew.14.30,sahidic.psalms.68.1
Matt,14,30,68,2,7,sahidica.matthew.14.30,sahidic.psalms.68.2
Matt,15,19,118,113,7,sahidica.matthew.15.19,sahidic.psalms.118.113
Matt,16,18,126,5,7,sahidica.matthew.16.18,sahidic.psalms.126.5
Matt,20,21,109,1,7,sahidica.matthew.20.21,sahidic.psalms.109.1
Matt,21,5,109,1,7,sahidica.matthew.21.5,sahidic.psalms.109.1
Matt,21,5,109,2,7,sahidica.matthew.21.5,sahidic.psalms.109.2
Matt,21,5,109,3,7,sahidica.matthew.21.5,sahidic.psalms.109.3
Matt,21,5,109,4,7,sahidica.matthew.21.5,sahidic.psalms.109.4
Matt,22,12,106,42,7,sahidica.matthew.22.12,sahidic.psalms.106.42
Matt,22,29,16,15,7,sahidica.matthew.22.29,sahidic.psalms.16.15
Matt,22,29,72,25,7,sahidica.matthew.22.29,sahidic.psalms.72.25
Matt,22,29,72,26,7,sahidica.matthew.22.29,sahidic.psalms.72.26
Matt,24,31,21,27,7,sahidica.matthew.24.31,sahidic.psalms.21.27
Matt,25,33,99,3,7,sahidica.matthew.25.33,sahidic.psalms.99.3
Matt,26,29,39,3,7,sahidica.matthew.26.29,sahidic.psalms.39.3
Matt,26,41,118,1,7,sahidica.matthew.26.41,sahidic.psalms.118.1
Matt,26,41,118,35,7,sahidica.matthew.26.41,sahidic.psalms.118.35
Matt,26,41,118,36,7,sahidica.matthew.26.41,sahidic.psalms.118.36
Matt,26,41,118,37,7,sahidica.matthew.26.41,sahidic.psalms.118.37
Matt,26,41,118,115,7,sahidica.matthew.26.41,sahidic.psalms.118.115
Matt,27,39,108,25,7,sahidica.matthew.27.39,sahidic.psalms.108.25
Heb,1,3,74,3,7,sahidica.hebrews.1.3,sahidic.psalms.74.3
Heb,1,3,109,1,7,sahidica.hebrews.1.3,sahidic.psalms.109.1
Heb,1,13,131,18,7,sahidica.hebrews.1.13,sahidic.psalms.131.18
Heb,2,13,90,2,7,sahidica.hebrews.2.13,sahidic.psalms.90.2
Heb,2,15,88,48,7,sahidica.hebrews.2.15,sahidic.psalms.88.48
Heb,3,1,109,4,7,sahidica.hebrews.3.1,sahidic.psalms.109.4
Heb,6,7,125,6,7,sahidica.hebrews.6.7,sahidic.psalms.125.6
Heb,7,1,56,2,7,sahidica.hebrews.7.1,sahidic.psalms.56.2
Heb,10,22,50,10,7,sahidica.hebrews.10.22,sahidic.psalms.50.10
Heb,10,22,118,7,7,sahidica.hebrews.10.22,sahidic.psalms.118.7
Heb,10,24,40,1,7,sahidica.hebrews.10.24,sahidic.psalms.40.1
Heb,10,30,97,9,7,sahidica.hebrews.10.30,sahidic.psalms.97.9
Heb,10,31,49,22,7,sahidica.hebrews.10.31,sahidic.psalms.49.22
Heb,10,38,5,4,7,sahidica.hebrews.10.38,sahidic.psalms.5.4
Heb,10,38,149,4,7,sahidica.hebrews.10.38,sahidic.psalms.149.4
Heb,11,5,88,48,7,sahidica.hebrews.11.5,sahidic.psalms.88.48
Heb,12,8,72,1,7,sahidica.hebrews.12.8,sahidic.psalms.72.1
Heb,13,15,114,1,7,sahidica.hebrews.13.15,sahidic.psalms.114.1
Heb,13,15,114,2,7,sahidica.hebrews.13.15,sahidic.psalms.114.2
Heb,13,15,114,3,7,sahidica.hebrews.13.15,sahidic.psalms.114.3
Heb,13,15,114,4,7,sahidica.hebrews.13.15,sahidic.psalms.114.4
Heb,13,15,114,5,7,sahidica.hebrews.13.15,sahidic.psalms.114.5
Heb,13,15,114,6,7,sahidica.hebrews.13.15,sahidic.psalms.114.6
Heb,13,15,114,7,7,sahidica.hebrews.13.15,sahidic.psalms.114.7
Heb,13,15,114,8,7,sahidica.hebrews.13.15,sahidic.psalms.114.8
Heb,13,15,114,9,7,sahidica.hebrews.13.15,sahidic.psalms.114.9
Heb,13,15,115,1,7,sahidica.hebrews.13.15,sahidic.psalms.115.1
Heb,13,15,115,2,7,sahidica.hebrews.13.15,sahidic.psalms.115.2
Heb,13,15,115,3,7,sahidica.hebrews.13.15,sahidic.psalms.115.3
Heb,13,15,115,4,7,sahidica.hebrews.13.15,sahidic.psalms.115.4
Heb,13,15,115,5,7,sahidica.hebrews.13.15,sahidic.psalms.115.5
Heb,13,15,115,6,7,sahidica.hebrews.13.15,sahidic.psalms.115.6
Heb,13,15,115,7,7,sahidica.hebrews.13.15,sahidic.psalms.115.7
Heb,13,15,115,8,7,sahidica.hebrews.13.15,sahidic.psalms.115.8
Heb,13,15,115,9,7,sahidica.hebrews.13.15,sahidic.psalms.115.9
Heb,13,15,115,10,7,sahidica.hebrews.13.15,sahidic.psalms.115.10
Matt,2,9,24,12,6,sahidica.matthew.2.9,sahidic.psalms.24.12
Matt,3,10,1,3,6,sahidica.matthew.3.10,sahidic.psalms.1.3
Matt,5,5,21,26,6,sahidica.matthew.5.5,sahidic.psalms.21.26
Matt,5,19,118,128,6,sahidica.matthew.5.19,sahidic.psalms.118.128
Matt,5,19,118,6,6,sahidica.matthew.5.19,sahidic.psalms.118.6
Matt,5,22,36,8,6,sahidica.matthew.5.22,sahidic.psalms.36.8
Matt,5,25,31,6,6,sahidica.matthew.5.25,sahidic.psalms.31.6
Matt,6,5,54,17,6,sahidica.matthew.6.5,sahidic.psalms.54.17
Matt,6,5,5,2,6,sahidica.matthew.6.5,sahidic.psalms.5.2
Matt,6,13,120,7,6,sahidica.matthew.6.13,sahidic.psalms.120.7
Matt,6,13,120,8,6,sahidica.matthew.6.13,sahidic.psalms.120.8
Matt,8,9,148,8,6,sahidica.matthew.8.9,sahidic.psalms.148.8
Matt,8,9,118,91,6,sahidica.matthew.8.9,sahidic.psalms.118.91
Matt,9,12,40,4,6,sahidica.matthew.9.12,sahidic.psalms.40.4
Matt,9,12,6,2,6,sahidica.matthew.9.12,sahidic.psalms.6.2
Matt,9,15,44,14,6,sahidica.matthew.9.15,sahidic.psalms.44.14
Matt,9,15,44,15,6,sahidica.matthew.9.15,sahidic.psalms.44.15
Matt,12,34,51,2,6,sahidica.matthew.12.34,sahidic.psalms.51.2
Matt,12,34,51,3,6,sahidica.matthew.12.34,sahidic.psalms.51.3
Matt,12,34,51,4,6,sahidica.matthew.12.34,sahidic.psalms.51.4
Matt,12,34,51,5,6,sahidica.matthew.12.34,sahidic.psalms.51.5
Matt,13,3,77,2,6,sahidica.matthew.13.3,sahidic.psalms.77.2
Matt,13,15,118,70,6,sahidica.matthew.13.15,sahidic.psalms.118.70
Matt,13,20,77,34,6,sahidica.matthew.13.20,sahidic.psalms.77.34
Matt,13,20,77,35,6,sahidica.matthew.13.20,sahidic.psalms.77.35
Matt,13,20,77,36,6,sahidica.matthew.13.20,sahidic.psalms.77.36
Matt,13,20,77,37,6,sahidica.matthew.13.20,sahidic.psalms.77.37
Matt,14,30,114,1,6,sahidica.matthew.14.30,sahidic.psalms.114.1
Matt,14,30,114,2,6,sahidica.matthew.14.30,sahidic.psalms.114.2
Matt,14,30,114,3,6,sahidica.matthew.14.30,sahidic.psalms.114.3
Matt,14,30,114,4,6,sahidica.matthew.14.30,sahidic.psalms.114.4
Matt,14,30,114,5,6,sahidica.matthew.14.30,sahidic.psalms.114.5
Matt,14,30,114,6,6,sahidica.matthew.14.30,sahidic.psalms.114.6
Matt,14,30,114,7,6,sahidica.matthew.14.30,sahidic.psalms.114.7
Matt,14,30,114,8,6,sahidica.matthew.14.30,sahidic.psalms.114.8
Matt,14,30,114,9,6,sahidica.matthew.14.30,sahidic.psalms.114.9
Matt,14,30,115,1,6,sahidica.matthew.14.30,sahidic.psalms.115.1
Matt,14,30,115,2,6,sahidica.matthew.14.30,sahidic.psalms.115.2
Matt,14,30,115,3,6,sahidica.matthew.14.30,sahidic.psalms.115.3
Matt,14,30,115,4,6,sahidica.matthew.14.30,sahidic.psalms.115.4
Matt,14,30,115,5,6,sahidica.matthew.14.30,sahidic.psalms.115.5
Matt,14,30,115,6,6,sahidica.matthew.14.30,sahidic.psalms.115.6
Matt,14,30,115,7,6,sahidica.matthew.14.30,sahidic.psalms.115.7
Matt,14,30,115,8,6,sahidica.matthew.14.30,sahidic.psalms.115.8
Matt,14,30,115,9,6,sahidica.matthew.14.30,sahidic.psalms.115.9
Matt,14,30,115,10,6,sahidica.matthew.14.30,sahidic.psalms.115.10
Matt,14,30,106,27,6,sahidica.matthew.14.30,sahidic.psalms.106.27
Matt,14,30,106,28,6,sahidica.matthew.14.30,sahidic.psalms.106.28
Matt,14,30,106,29,6,sahidica.matthew.14.30,sahidic.psalms.106.29
Matt,14,30,106,30,6,sahidica.matthew.14.30,sahidic.psalms.106.30
Matt,14,30,3,7,6,sahidica.matthew.14.30,sahidic.psalms.3.7
Matt,20,34,144,8,6,sahidica.matthew.20.34,sahidic.psalms.144.8
Matt,22,29,48,14,6,sahidica.matthew.22.29,sahidic.psalms.48.14
Matt,22,29,48,15,6,sahidica.matthew.22.29,sahidic.psalms.48.15
Matt,23,33,57,3,6,sahidica.matthew.23.33,sahidic.psalms.57.3
Matt,23,33,57,4,6,sahidica.matthew.23.33,sahidic.psalms.57.4
Matt,23,33,57,5,6,sahidica.matthew.23.33,sahidic.psalms.57.5
Matt,25,32,77,52,6,sahidica.matthew.25.32,sahidic.psalms.77.52
Matt,25,33,44,9,6,sahidica.matthew.25.33,sahidic.psalms.44.9
Matt,26,23,40,9,6,sahidica.matthew.26.23,sahidic.psalms.40.9
Matt,26,31,87,18,6,sahidica.matthew.26.31,sahidic.psalms.87.18
Matt,26,41,118,4,6,sahidica.matthew.26.41,sahidic.psalms.118.4
Matt,26,41,118,5,6,sahidica.matthew.26.41,sahidic.psalms.118.5
Matt,27,24,25,6,6,sahidica.matthew.27.24,sahidic.psalms.25.6
Matt,27,48,68,21,6,sahidica.matthew.27.48,sahidic.psalms.68.21
Matt,27,50,21,14,6,sahidica.matthew.27.50,sahidic.psalms.21.14
Matt,27,50,21,15,6,sahidica.matthew.27.50,sahidic.psalms.21.15
Heb,1,4,2,7,6,sahidica.hebrews.1.4,sahidic.psalms.2.7
Heb,1,4,2,8,6,sahidica.hebrews.1.4,sahidic.psalms.2.8
Heb,3,5,104,26,6,sahidica.hebrews.3.5,sahidic.psalms.104.26
Heb,3,8,77,18,6,sahidica.hebrews.3.8,sahidic.psalms.77.18
Heb,3,8,77,56,6,sahidica.hebrews.3.8,sahidic.psalms.77.56
Heb,3,12,17,21,6,sahidica.hebrews.3.12,sahidic.psalms.17.21
Heb,3,18,105,24,6,sahidica.hebrews.3.18,sahidic.psalms.105.24
Heb,3,18,105,25,6,sahidica.hebrews.3.18,sahidic.psalms.105.25
Heb,3,18,105,26,6,sahidica.hebrews.3.18,sahidic.psalms.105.26
Heb,4,5,94,11,6,sahidica.hebrews.4.5,sahidic.psalms.94.11
Heb,4,13,138,11,6,sahidica.hebrews.4.13,sahidic.psalms.138.11
Heb,4,13,138,12,6,sahidica.hebrews.4.13,sahidic.psalms.138.12
Heb,5,7,17,19,6,sahidica.hebrews.5.7,sahidic.psalms.17.19
Heb,5,7,17,20,6,sahidica.hebrews.5.7,sahidic.psalms.17.20
Heb,5,7,87,1,6,sahidica.hebrews.5.7,sahidic.psalms.87.1
Heb,5,13,118,123,6,sahidica.hebrews.5.13,sahidic.psalms.118.123
Heb,6,7,23,5,6,sahidica.hebrews.6.7,sahidic.psalms.23.5
Heb,6,7,103,11,6,sahidica.hebrews.6.7,sahidic.psalms.103.11
Heb,6,7,103,12,6,sahidica.hebrews.6.7,sahidic.psalms.103.12
Heb,6,7,103,13,6,sahidica.hebrews.6.7,sahidic.psalms.103.13
Heb,6,17,109,4,6,sahidica.hebrews.6.17,sahidic.psalms.109.4
Heb,6,18,109,4,6,sahidica.hebrews.6.18,sahidic.psalms.109.4
Heb,10,11,49,8,6,sahidica.hebrews.10.11,sahidic.psalms.49.8
Heb,10,11,49,9,6,sahidica.hebrews.10.11,sahidic.psalms.49.9
Heb,10,11,49,10,6,sahidica.hebrews.10.11,sahidic.psalms.49.10
Heb,10,11,49,11,6,sahidica.hebrews.10.11,sahidic.psalms.49.11
Heb,10,11,49,12,6,sahidica.hebrews.10.11,sahidic.psalms.49.12
Heb,10,11,49,13,6,sahidica.hebrews.10.11,sahidic.psalms.49.13
Heb,10,30,93,1,6,sahidica.hebrews.10.30,sahidic.psalms.93.1
Heb,10,36,39,1,6,sahidica.hebrews.10.36,sahidic.psalms.39.1
Heb,11,33,143,1,6,sahidica.hebrews.11.33,sahidic.psalms.143.1
Heb,11,33,143,2,6,sahidica.hebrews.11.33,sahidic.psalms.143.2
Heb,12,6,88,30,6,sahidica.hebrews.12.6,sahidic.psalms.88.30
Heb,12,6,88,31,6,sahidica.hebrews.12.6,sahidic.psalms.88.31
Heb,12,6,88,32,6,sahidica.hebrews.12.6,sahidic.psalms.88.32
Heb,12,6,88,33,6,sahidica.hebrews.12.6,sahidic.psalms.88.33
Heb,12,6,88,34,6,sahidica.hebrews.12.6,sahidic.psalms.88.34
Heb,12,6,118,71,6,sahidica.hebrews.12.6,sahidic.psalms.118.71
Heb,12,8,72,14,6,sahidica.hebrews.12.8,sahidic.psalms.72.14
Heb,12,8,72,15,6,sahidica.hebrews.12.8,sahidic.psalms.72.15
Heb,12,14,132,1,6,sahidica.hebrews.12.14,sahidic.psalms.132.1
Heb,12,14,37,20,6,sahidica.hebrews.12.14,sahidic.psalms.37.20
Heb,12,14,93,15,6,sahidica.hebrews.12.14,sahidic.psalms.93.15
Heb,12,21,118,120,6,sahidica.hebrews.12.21,sahidic.psalms.118.120
Heb,12,26,113,1,6,sahidica.hebrews.12.26,sahidic.psalms.113.1
Heb,12,26,113,2,6,sahidica.hebrews.12.26,sahidic.psalms.113.2
Heb,12,26,113,3,6,sahidica.hebrews.12.26,sahidic.psalms.113.3
Heb,12,26,113,4,6,sahidica.hebrews.12.26,sahidic.psalms.113.4
Heb,12,26,113,5,6,sahidica.hebrews.12.26,sahidic.psalms.113.5
Heb,12,26,113,6,6,sahidica.hebrews.12.26,sahidic.psalms.113.6
Heb,12,26,113,7,6,sahidica.hebrews.12.26,sahidic.psalms.113.7
Heb,12,26,113,8,6,sahidica.hebrews.12.26,sahidic.psalms.113.8
Heb,12,26,113,9,6,sahidica.hebrews.12.26,sahidic.psalms.113.9
Heb,12,26,113,10,6,sahidica.hebrews.12.26,sahidic.psalms.113.10
Heb,12,26,113,11,6,sahidica.hebrews.12.26,sahidic.psalms.113.11
Heb,12,26,113,12,6,sahidica.hebrews.12.26,sahidic.psalms.113.12
Heb,12,26,113,13,6,sahidica.hebrews.12.26,sahidic.psalms.113.13
Heb,12,26,113,14,6,sahidica.hebrews.12.26,sahidic.psalms.113.14
Heb,12,26,113,15,6,sahidica.hebrews.12.26,sahidic.psalms.113.15
Heb,12,26,113,16,6,sahidica.hebrews.12.26,sahidic.psalms.113.16
Heb,12,26,113,17,6,sahidica.hebrews.12.26,sahidic.psalms.113.17
Heb,12,26,113,18,6,sahidica.hebrews.12.26,sahidic.psalms.113.18
Heb,12,26,113,19,6,sahidica.hebrews.12.26,sahidic.psalms.113.19
Heb,12,26,113,20,6,sahidica.hebrews.12.26,sahidic.psalms.113.20
Heb,12,26,113,21,6,sahidica.hebrews.12.26,sahidic.psalms.113.21
Heb,12,26,113,22,6,sahidica.hebrews.12.26,sahidic.psalms.113.22
Heb,12,26,113,23,6,sahidica.hebrews.12.26,sahidic.psalms.113.23
Heb,12,26,113,24,6,sahidica.hebrews.12.26,sahidic.psalms.113.24
Heb,12,26,113,25,6,sahidica.hebrews.12.26,sahidic.psalms.113.25
Heb,12,26,113,26,6,sahidica.hebrews.12.26,sahidic.psalms.113.26
Matt,2,6,2,1,5,sahidica.matthew.2.6,sahidic.psalms.2.1
Matt,2,6,2,2,5,sahidica.matthew.2.6,sahidic.psalms.2.2
Matt,2,6,2,3,5,sahidica.matthew.2.6,sahidic.psalms.2.3
Matt,2,6,2,4,5,sahidica.matthew.2.6,sahidic.psalms.2.4
Matt,2,6,2,5,5,sahidica.matthew.2.6,sahidic.psalms.2.5
Matt,2,6,2,6,5,sahidica.matthew.2.6,sahidic.psalms.2.6
Matt,2,11,2,12,5,sahidica.matthew.2.11,sahidic.psalms.2.12
Matt,2,11,44,8,5,sahidica.matthew.2.11,sahidic.psalms.44.8
Matt,3,10,79,15,5,sahidica.matthew.3.10,sahidic.psalms.79.15
Matt,3,10,79,16,5,sahidica.matthew.3.10,sahidic.psalms.79.16
Matt,3,12,34,5,5,sahidica.matthew.3.12,sahidic.psalms.34.5
Matt,5,18,101,26,5,sahidica.matthew.5.18,sahidic.psalms.101.26
Matt,5,42,36,25,5,sahidica.matthew.5.42,sahidic.psalms.36.25
Matt,5,42,36,26,5,sahidica.matthew.5.42,sahidic.psalms.36.26
Matt,5,43,40,10,5,sahidica.matthew.5.43,sahidic.psalms.40.10
Matt,6,2,36,21,5,sahidica.matthew.6.2,sahidic.psalms.36.21
Matt,6,13,71,19,5,sahidica.matthew.6.13,sahidic.psalms.71.19
Matt,7,11,84,12,5,sahidica.matthew.7.11,sahidic.psalms.84.12
Matt,7,11,102,11,5,sahidica.matthew.7.11,sahidic.psalms.102.11
Matt,7,11,102,12,5,sahidica.matthew.7.11,sahidic.psalms.102.12
Matt,7,11,102,13,5,sahidica.matthew.7.11,sahidic.psalms.102.13
Matt,8,24,106,23,5,sahidica.matthew.8.24,sahidic.psalms.106.23
Matt,8,24,106,24,5,sahidica.matthew.8.24,sahidic.psalms.106.24
Matt,8,24,106,25,5,sahidica.matthew.8.24,sahidic.psalms.106.25
Matt,8,24,106,26,5,sahidica.matthew.8.24,sahidic.psalms.106.26
Matt,8,24,106,27,5,sahidica.matthew.8.24,sahidic.psalms.106.27
Matt,10,32,118,46,5,sahidica.matthew.10.32,sahidic.psalms.118.46
Matt,11,11,50,5,5,sahidica.matthew.11.11,sahidic.psalms.50.5
Matt,12,20,50,17,5,sahidica.matthew.12.20,sahidic.psalms.50.17
Matt,12,34,63,5,5,sahidica.matthew.12.34,sahidic.psalms.63.5
Matt,12,34,119,2,5,sahidica.matthew.12.34,sahidic.psalms.119.2
Matt,12,34,119,3,5,sahidica.matthew.12.34,sahidic.psalms.119.3
Matt,12,34,119,4,5,sahidica.matthew.12.34,sahidic.psalms.119.4
Matt,12,34,52,1,5,sahidica.matthew.12.34,sahidic.psalms.52.1
Matt,12,35,36,30,5,sahidica.matthew.12.35,sahidic.psalms.36.30
Matt,12,35,36,31,5,sahidica.matthew.12.35,sahidic.psalms.36.31
Matt,12,40,62,9,5,sahidica.matthew.12.40,sahidic.psalms.62.9
Matt,12,50,21,22,5,sahidica.matthew.12.50,sahidic.psalms.21.22
Matt,13,11,24,14,5,sahidica.matthew.13.11,sahidic.psalms.24.14
Matt,13,21,35,3,5,sahidica.matthew.13.21,sahidic.psalms.35.3
Matt,13,23,1,1,5,sahidica.matthew.13.23,sahidic.psalms.1.1
Matt,13,23,1,2,5,sahidica.matthew.13.23,sahidic.psalms.1.2
Matt,13,23,1,3,5,sahidica.matthew.13.23,sahidic.psalms.1.3
Matt,14,25,92,3,5,sahidica.matthew.14.25,sahidic.psalms.92.3
Matt,14,25,92,4,5,sahidica.matthew.14.25,sahidic.psalms.92.4
Matt,17,17,94,10,5,sahidica.matthew.17.17,sahidic.psalms.94.10
Matt,18,24,129,3,5,sahidica.matthew.18.24,sahidic.psalms.129.3
Matt,18,24,129,4,5,sahidica.matthew.18.24,sahidic.psalms.129.4
Matt,18,24,37,4,5,sahidica.matthew.18.24,sahidic.psalms.37.4
Matt,18,27,144,8,5,sahidica.matthew.18.27,sahidic.psalms.144.8
Matt,19,5,62,8,5,sahidica.matthew.19.5,sahidic.psalms.62.8
Matt,20,34,118,67,5,sahidica.matthew.20.34,sahidic.psalms.118.67
Matt,20,34,118,71,5,sahidica.matthew.20.34,sahidic.psalms.118.71
Matt,21,5,9,1,5,sahidica.matthew.21.5,sahidic.psalms.9.1
Matt,21,5,9,2,5,sahidica.matthew.21.5,sahidic.psalms.9.2
Matt,21,5,9,3,5,sahidica.matthew.21.5,sahidic.psalms.9.3
Matt,21,5,9,4,5,sahidica.matthew.21.5,sahidic.psalms.9.4
Matt,21,5,9,5,5,sahidica.matthew.21.5,sahidic.psalms.9.5
Matt,21,5,9,6,5,sahidica.matthew.21.5,sahidic.psalms.9.6
Matt,21,5,9,7,5,sahidica.matthew.21.5,sahidic.psalms.9.7
Matt,21,5,9,8,5,sahidica.matthew.21.5,sahidic.psalms.9.8
Matt,21,5,9,9,5,sahidica.matthew.21.5,sahidic.psalms.9.9
Matt,21,5,9,10,5,sahidica.matthew.21.5,sahidic.psalms.9.10
Matt,21,5,9,11,5,sahidica.matthew.21.5,sahidic.psalms.9.11
Matt,21,5,9,12,5,sahidica.matthew.21.5,sahidic.psalms.9.12
Matt,21,5,9,13,5,sahidica.matthew.21.5,sahidic.psalms.9.13
Matt,21,5,9,14,5,sahidica.matthew.21.5,sahidic.psalms.9.14
Matt,21,5,9,15,5,sahidica.matthew.21.5,sahidic.psalms.9.15
Matt,21,5,9,16,5,sahidica.matthew.21.5,sahidic.psalms.9.16
Matt,21,5,9,17,5,sahidica.matthew.21.5,sahidic.psalms.9.17
Matt,21,5,9,18,5,sahidica.matthew.21.5,sahidic.psalms.9.18
Matt,21,5,9,19,5,sahidica.matthew.21.5,sahidic.psalms.9.19
Matt,21,5,9,20,5,sahidica.matthew.21.5,sahidic.psalms.9.20
Matt,21,5,9,21,5,sahidica.matthew.21.5,sahidic.psalms.9.21
Matt,21,5,9,22,5,sahidica.matthew.21.5,sahidic.psalms.9.22
Matt,21,5,9,23,5,sahidica.matthew.21.5,sahidic.psalms.9.23
Matt,21,5,9,24,5,sahidica.matthew.21.5,sahidic.psalms.9.24
Matt,21,5,9,25,5,sahidica.matthew.21.5,sahidic.psalms.9.25
Matt,21,5,9,26,5,sahidica.matthew.21.5,sahidic.psalms.9.26
Matt,21,5,9,27,5,sahidica.matthew.21.5,sahidic.psalms.9.27
Matt,21,5,9,28,5,sahidica.matthew.21.5,sahidic.psalms.9.28
Matt,21,5,9,29,5,sahidica.matthew.21.5,sahidic.psalms.9.29
Matt,21,5,9,30,5,sahidica.matthew.21.5,sahidic.psalms.9.30
Matt,21,5,9,31,5,sahidica.matthew.21.5,sahidic.psalms.9.31
Matt,21,5,9,32,5,sahidica.matthew.21.5,sahidic.psalms.9.32
Matt,21,5,9,33,5,sahidica.matthew.21.5,sahidic.psalms.9.33
Matt,21,5,9,34,5,sahidica.matthew.21.5,sahidic.psalms.9.34
Matt,21,5,9,35,5,sahidica.matthew.21.5,sahidic.psalms.9.35
Matt,21,5,9,36,5,sahidica.matthew.21.5,sahidic.psalms.9.36
Matt,21,5,9,37,5,sahidica.matthew.21.5,sahidic.psalms.9.37
Matt,21,5,9,38,5,sahidica.matthew.21.5,sahidic.psalms.9.38
Matt,23,21,25,8,5,sahidica.matthew.23.21,sahidic.psalms.25.8
Matt,24,6,26,1,5,sahidica.matthew.24.6,sahidic.psalms.26.1
Matt,24,6,26,2,5,sahidica.matthew.24.6,sahidic.psalms.26.2
Matt,24,6,26,3,5,sahidica.matthew.24.6,sahidic.psalms.26.3
Matt,25,33,109,1,5,sahidica.matthew.25.33,sahidic.psalms.109.1
Matt,25,35,111,5,5,sahidica.matthew.25.35,sahidic.psalms.111.5
Matt,25,35,111,6,5,sahidica.matthew.25.35,sahidic.psalms.111.6
Matt,25,35,111,7,5,sahidica.matthew.25.35,sahidic.psalms.111.7
Matt,25,35,111,8,5,sahidica.matthew.25.35,sahidic.psalms.111.8
Matt,25,35,111,9,5,sahidica.matthew.25.35,sahidic.psalms.111.9
Matt,25,35,111,10,5,sahidica.matthew.25.35,sahidic.psalms.111.10
Matt,26,41,118,24,5,sahidica.matthew.26.41,sahidic.psalms.118.24
Matt,26,41,118,25,5,sahidica.matthew.26.41,sahidic.psalms.118.25
Matt,26,41,118,117,5,sahidica.matthew.26.41,sahidic.psalms.118.117
Matt,26,42,87,1,5,sahidica.matthew.26.42,sahidic.psalms.87.1
Matt,26,42,87,2,5,sahidica.matthew.26.42,sahidic.psalms.87.2
Matt,26,54,21,1,5,sahidica.matthew.26.54,sahidic.psalms.21.1
Matt,26,54,21,2,5,sahidica.matthew.26.54,sahidic.psalms.21.2
Matt,26,54,21,3,5,sahidica.matthew.26.54,sahidic.psalms.21.3
Matt,26,54,21,4,5,sahidica.matthew.26.54,sahidic.psalms.21.4
Matt,26,54,21,5,5,sahidica.matthew.26.54,sahidic.psalms.21.5
Matt,26,54,21,6,5,sahidica.matthew.26.54,sahidic.psalms.21.6
Matt,26,54,21,7,5,sahidica.matthew.26.54,sahidic.psalms.21.7
Matt,26,54,21,8,5,sahidica.matthew.26.54,sahidic.psalms.21.8
Matt,26,54,21,9,5,sahidica.matthew.26.54,sahidic.psalms.21.9
Matt,26,54,21,10,5,sahidica.matthew.26.54,sahidic.psalms.21.10
Matt,26,54,21,11,5,sahidica.matthew.26.54,sahidic.psalms.21.11
Matt,26,54,21,12,5,sahidica.matthew.26.54,sahidic.psalms.21.12
Matt,26,54,21,13,5,sahidica.matthew.26.54,sahidic.psalms.21.13
Matt,26,54,21,14,5,sahidica.matthew.26.54,sahidic.psalms.21.14
Matt,26,54,21,15,5,sahidica.matthew.26.54,sahidic.psalms.21.15
Matt,26,54,21,16,5,sahidica.matthew.26.54,sahidic.psalms.21.16
Matt,26,54,21,17,5,sahidica.matthew.26.54,sahidic.psalms.21.17
Matt,26,54,21,18,5,sahidica.matthew.26.54,sahidic.psalms.21.18
Matt,26,54,21,19,5,sahidica.matthew.26.54,sahidic.psalms.21.19
Matt,26,54,21,20,5,sahidica.matthew.26.54,sahidic.psalms.21.20
Matt,26,54,21,21,5,sahidica.matthew.26.54,sahidic.psalms.21.21
Matt,26,54,21,22,5,sahidica.matthew.26.54,sahidic.psalms.21.22
Matt,26,54,21,23,5,sahidica.matthew.26.54,sahidic.psalms.21.23
Matt,26,54,21,24,5,sahidica.matthew.26.54,sahidic.psalms.21.24
Matt,26,54,21,25,5,sahidica.matthew.26.54,sahidic.psalms.21.25
Matt,26,54,21,26,5,sahidica.matthew.26.54,sahidic.psalms.21.26
Matt,26,54,21,27,5,sahidica.matthew.26.54,sahidic.psalms.21.27
Matt,26,54,21,28,5,sahidica.matthew.26.54,sahidic.psalms.21.28
Matt,26,54,21,29,5,sahidica.matthew.26.54,sahidic.psalms.21.29
Matt,26,54,21,30,5,sahidica.matthew.26.54,sahidic.psalms.21.30
Matt,26,54,21,31,5,sahidica.matthew.26.54,sahidic.psalms.21.31
Heb,1,10,18,1,5,sahidica.hebrews.1.10,sahidic.psalms.18.1
Heb,2,15,55,13,5,sahidica.hebrews.2.15,sahidic.psalms.55.13
Heb,5,14,118,103,5,sahidica.hebrews.5.14,sahidic.psalms.118.103
Heb,6,10,19,3,5,sahidica.hebrews.6.10,sahidic.psalms.19.3
Heb,6,17,32,11,5,sahidica.hebrews.6.17,sahidic.psalms.32.11
Heb,6,19,145,5,5,sahidica.hebrews.6.19,sahidic.psalms.145.5
Heb,6,19,145,6,5,sahidica.hebrews.6.19,sahidic.psalms.145.6
Heb,7,1,77,35,5,sahidica.hebrews.7.1,sahidic.psalms.77.35
Heb,7,1,75,2,5,sahidica.hebrews.7.1,sahidic.psalms.75.2
Heb,7,15,109,4,5,sahidica.hebrews.7.15,sahidic.psalms.109.4
Heb,7,26,67,18,5,sahidica.hebrews.7.26,sahidic.psalms.67.18
Heb,8,12,24,7,5,sahidica.hebrews.8.12,sahidic.psalms.24.7
Heb,9,11,39,7,5,sahidica.hebrews.9.11,sahidic.psalms.39.7
Heb,10,4,50,16,5,sahidica.hebrews.10.4,sahidic.psalms.50.16
Heb,10,22,118,34,5,sahidica.hebrews.10.22,sahidic.psalms.118.34
Heb,10,22,93,15,5,sahidica.hebrews.10.22,sahidic.psalms.93.15
Heb,10,22,110,1,5,sahidica.hebrews.10.22,sahidic.psalms.110.1
Heb,10,22,31,11,5,sahidica.hebrews.10.22,sahidic.psalms.31.11
Heb,10,22,118,145,5,sahidica.hebrews.10.22,sahidic.psalms.118.145
Heb,10,22,118,58,5,sahidica.hebrews.10.22,sahidic.psalms.118.58
Heb,10,22,83,11,5,sahidica.hebrews.10.22,sahidic.psalms.83.11
Heb,10,22,118,69,5,sahidica.hebrews.10.22,sahidic.psalms.118.69
Heb,10,22,118,80,5,sahidica.hebrews.10.22,sahidic.psalms.118.80
Heb,10,22,9,1,5,sahidica.hebrews.10.22,sahidic.psalms.9.1
Heb,10,22,9,2,5,sahidica.hebrews.10.22,sahidic.psalms.9.2
Heb,10,22,9,3,5,sahidica.hebrews.10.22,sahidic.psalms.9.3
Heb,10,22,9,4,5,sahidica.hebrews.10.22,sahidic.psalms.9.4
Heb,10,22,9,5,5,sahidica.hebrews.10.22,sahidic.psalms.9.5
Heb,10,22,9,6,5,sahidica.hebrews.10.22,sahidic.psalms.9.6
Heb,10,22,9,7,5,sahidica.hebrews.10.22,sahidic.psalms.9.7
Heb,10,22,9,8,5,sahidica.hebrews.10.22,sahidic.psalms.9.8
Heb,10,22,9,9,5,sahidica.hebrews.10.22,sahidic.psalms.9.9
Heb,10,22,9,10,5,sahidica.hebrews.10.22,sahidic.psalms.9.10
Heb,10,22,9,11,5,sahidica.hebrews.10.22,sahidic.psalms.9.11
Heb,10,22,9,12,5,sahidica.hebrews.10.22,sahidic.psalms.9.12
Heb,10,22,9,13,5,sahidica.hebrews.10.22,sahidic.psalms.9.13
Heb,10,22,9,14,5,sahidica.hebrews.10.22,sahidic.psalms.9.14
Heb,10,22,9,15,5,sahidica.hebrews.10.22,sahidic.psalms.9.15
Heb,10,22,9,16,5,sahidica.hebrews.10.22,sahidic.psalms.9.16
Heb,10,22,9,17,5,sahidica.hebrews.10.22,sahidic.psalms.9.17
Heb,10,22,9,18,5,sahidica.hebrews.10.22,sahidic.psalms.9.18
Heb,10,22,9,19,5,sahidica.hebrews.10.22,sahidic.psalms.9.19
Heb,10,22,9,20,5,sahidica.hebrews.10.22,sahidic.psalms.9.20
Heb,10,22,9,21,5,sahidica.hebrews.10.22,sahidic.psalms.9.21
Heb,10,22,9,22,5,sahidica.hebrews.10.22,sahidic.psalms.9.22
Heb,10,22,9,23,5,sahidica.hebrews.10.22,sahidic.psalms.9.23
Heb,10,22,9,24,5,sahidica.hebrews.10.22,sahidic.psalms.9.24
Heb,10,22,9,25,5,sahidica.hebrews.10.22,sahidic.psalms.9.25
Heb,10,22,9,26,5,sahidica.hebrews.10.22,sahidic.psalms.9.26
Heb,10,22,9,27,5,sahidica.hebrews.10.22,sahidic.psalms.9.27
Heb,10,22,9,28,5,sahidica.hebrews.10.22,sahidic.psalms.9.28
Heb,10,22,9,29,5,sahidica.hebrews.10.22,sahidic.psalms.9.29
Heb,10,22,9,30,5,sahidica.hebrews.10.22,sahidic.psalms.9.30
Heb,10,22,9,31,5,sahidica.hebrews.10.22,sahidic.psalms.9.31
Heb,10,22,9,32,5,sahidica.hebrews.10.22,sahidic.psalms.9.32
Heb,10,22,9,33,5,sahidica.hebrews.10.22,sahidic.psalms.9.33
Heb,10,22,9,34,5,sahidica.hebrews.10.22,sahidic.psalms.9.34
Heb,10,22,9,35,5,sahidica.hebrews.10.22,sahidic.psalms.9.35
Heb,10,22,9,36,5,sahidica.hebrews.10.22,sahidic.psalms.9.36
Heb,10,22,9,37,5,sahidica.hebrews.10.22,sahidic.psalms.9.37
Heb,10,22,9,38,5,sahidica.hebrews.10.22,sahidic.psalms.9.38
Heb,10,22,118,10,5,sahidica.hebrews.10.22,sahidic.psalms.118.10
Heb,10,22,118,2,5,sahidica.hebrews.10.22,sahidic.psalms.118.2
Heb,11,13,118,19,5,sahidica.hebrews.11.13,sahidic.psalms.118.19
Heb,11,23,117,6,5,sahidica.hebrews.11.23,sahidic.psalms.117.6
Heb,11,29,77,13,5,sahidica.hebrews.11.29,sahidic.psalms.77.13
Heb,11,29,105,9,5,sahidica.hebrews.11.29,sahidic.psalms.105.9
Heb,11,29,105,10,5,sahidica.hebrews.11.29,sahidic.psalms.105.10
Heb,11,29,105,11,5,sahidica.hebrews.11.29,sahidic.psalms.105.11
Heb,11,34,143,10,5,sahidica.hebrews.11.34,sahidic.psalms.143.10
Heb,12,23,93,2,5,sahidica.hebrews.12.23,sahidic.psalms.93.2
Heb,13,15,68,30,5,sahidica.hebrews.13.15,sahidic.psalms.68.30
Heb,13,15,68,31,5,sahidica.hebrews.13.15,sahidic.psalms.68.31
Heb,13,21,71,18,5,sahidica.hebrews.13.21,sahidic.psalms.71.18
Heb,13,21,71,19,5,sahidica.hebrews.13.21,sahidic.psalms.71.19
Matt,1,20,93,19,4,sahidica.matthew.1.20,sahidic.psalms.93.19
Matt,1,20,142,8,4,sahidica.matthew.1.20,sahidic.psalms.142.8
Matt,1,20,118,125,4,sahidica.matthew.1.20,sahidic.psalms.118.125
Matt,2,2,2,6,4,sahidica.matthew.2.2,sahidic.psalms.2.6
Matt,2,6,77,71,4,sahidica.matthew.2.6,sahidic.psalms.77.71
Matt,2,6,77,72,4,sahidica.matthew.2.6,sahidic.psalms.77.72
Matt,4,3,77,17,4,sahidica.matthew.4.3,sahidic.psalms.77.17
Matt,4,3,77,18,4,sahidica.matthew.4.3,sahidic.psalms.77.18
Matt,4,3,77,19,4,sahidica.matthew.4.3,sahidic.psalms.77.19
Matt,4,3,77,20,4,sahidica.matthew.4.3,sahidic.psalms.77.20
Matt,4,20,118,60,4,sahidica.matthew.4.20,sahidic.psalms.118.60
Matt,4,23,73,8,4,sahidica.matthew.4.23,sahidic.psalms.73.8
Matt,5,28,118,96,4,sahidica.matthew.5.28,sahidic.psalms.118.96
Matt,6,4,138,1,4,sahidica.matthew.6.4,sahidic.psalms.138.1
Matt,6,4,138,2,4,sahidica.matthew.6.4,sahidic.psalms.138.2
Matt,6,4,138,3,4,sahidica.matthew.6.4,sahidic.psalms.138.3
Matt,6,13,88,52,4,sahidica.matthew.6.13,sahidic.psalms.88.52
Matt,6,13,144,10,4,sahidica.matthew.6.13,sahidic.psalms.144.10
Matt,6,13,144,11,4,sahidica.matthew.6.13,sahidic.psalms.144.11
Matt,6,13,144,12,4,sahidica.matthew.6.13,sahidic.psalms.144.12
Matt,6,13,144,13,4,sahidica.matthew.6.13,sahidic.psalms.144.13
Matt,6,13,105,48,4,sahidica.matthew.6.13,sahidic.psalms.105.48
Matt,6,32,102,13,4,sahidica.matthew.6.32,sahidic.psalms.102.13
Matt,7,2,136,7,4,sahidica.matthew.7.2,sahidic.psalms.136.7
Matt,7,2,136,8,4,sahidica.matthew.7.2,sahidic.psalms.136.8
Matt,11,29,130,1,4,sahidica.matthew.11.29,sahidic.psalms.130.1
Matt,13,3,48,4,4,sahidica.matthew.13.3,sahidic.psalms.48.4
Matt,13,42,20,9,4,sahidica.matthew.13.42,sahidic.psalms.20.9
Matt,13,54,21,22,4,sahidica.matthew.13.54,sahidic.psalms.21.22
Matt,14,25,103,3,4,sahidica.matthew.14.25,sahidic.psalms.103.3
Matt,15,9,72,13,4,sahidica.matthew.15.9,sahidic.psalms.72.13
Matt,15,18,35,3,4,sahidica.matthew.15.18,sahidic.psalms.35.3
Matt,15,22,44,12,4,sahidica.matthew.15.22,sahidic.psalms.44.12
Matt,15,31,49,15,4,sahidica.matthew.15.31,sahidic.psalms.49.15
Matt,15,31,49,23,4,sahidica.matthew.15.31,sahidic.psalms.49.23
Matt,17,27,8,8,4,sahidica.matthew.17.27,sahidic.psalms.8.8
Matt,18,13,146,1,4,sahidica.matthew.18.13,sahidic.psalms.146.1
Matt,18,13,146,2,4,sahidica.matthew.18.13,sahidic.psalms.146.2
Matt,18,13,146,3,4,sahidica.matthew.18.13,sahidic.psalms.146.3
Matt,18,13,146,4,4,sahidica.matthew.18.13,sahidic.psalms.146.4
Matt,18,13,146,5,4,sahidica.matthew.18.13,sahidic.psalms.146.5
Matt,18,13,146,6,4,sahidica.matthew.18.13,sahidic.psalms.146.6
Matt,18,13,146,7,4,sahidica.matthew.18.13,sahidic.psalms.146.7
Matt,18,13,146,8,4,sahidica.matthew.18.13,sahidic.psalms.146.8
Matt,18,13,146,9,4,sahidica.matthew.18.13,sahidic.psalms.146.9
Matt,18,13,146,10,4,sahidica.matthew.18.13,sahidic.psalms.146.10
Matt,18,13,146,11,4,sahidica.matthew.18.13,sahidic.psalms.146.11
Matt,18,13,147,1,4,sahidica.matthew.18.13,sahidic.psalms.147.1
Matt,18,13,147,2,4,sahidica.matthew.18.13,sahidic.psalms.147.2
Matt,18,13,147,3,4,sahidica.matthew.18.13,sahidic.psalms.147.3
Matt,18,13,147,4,4,sahidica.matthew.18.13,sahidic.psalms.147.4
Matt,18,13,147,5,4,sahidica.matthew.18.13,sahidic.psalms.147.5
Matt,18,13,147,6,4,sahidica.matthew.18.13,sahidic.psalms.147.6
Matt,18,13,147,7,4,sahidica.matthew.18.13,sahidic.psalms.147.7
Matt,18,13,147,8,4,sahidica.matthew.18.13,sahidic.psalms.147.8
Matt,18,13,147,9,4,sahidica.matthew.18.13,sahidic.psalms.147.9
Matt,18,27,85,15,4,sahidica.matthew.18.27,sahidic.psalms.85.15
Matt,19,5,44,10,4,sahidica.matthew.19.5,sahidic.psalms.44.10
Matt,20,22,74,3,4,sahidica.matthew.20.22,sahidic.psalms.74.3
Matt,20,33,118,18,4,sahidica.matthew.20.33,sahidic.psalms.118.18
Matt,21,3,49,10,4,sahidica.matthew.21.3,sahidic.psalms.49.10
Matt,21,3,49,11,4,sahidica.matthew.21.3,sahidic.psalms.49.11
Matt,21,5,71,1,4,sahidica.matthew.21.5,sahidic.psalms.71.1
Matt,21,5,71,2,4,sahidica.matthew.21.5,sahidic.psalms.71.2
Matt,21,5,71,3,4,sahidica.matthew.21.5,sahidic.psalms.71.3
Matt,21,5,71,4,4,sahidica.matthew.21.5,sahidic.psalms.71.4
Matt,21,5,71,5,4,sahidica.matthew.21.5,sahidic.psalms.71.5
Matt,21,5,71,6,4,sahidica.matthew.21.5,sahidic.psalms.71.6
Matt,21,5,71,7,4,sahidica.matthew.21.5,sahidic.psalms.71.7
Matt,21,5,71,8,4,sahidica.matthew.21.5,sahidic.psalms.71.8
Matt,21,5,71,9,4,sahidica.matthew.21.5,sahidic.psalms.71.9
Matt,21,5,71,10,4,sahidica.matthew.21.5,sahidic.psalms.71.10
Matt,21,5,71,11,4,sahidica.matthew.21.5,sahidic.psalms.71.11
Matt,21,5,71,12,4,sahidica.matthew.21.5,sahidic.psalms.71.12
Matt,21,5,71,13,4,sahidica.matthew.21.5,sahidic.psalms.71.13
Matt,21,5,71,14,4,sahidica.matthew.21.5,sahidic.psalms.71.14
Matt,21,5,71,15,4,sahidica.matthew.21.5,sahidic.psalms.71.15
Matt,21,5,71,16,4,sahidica.matthew.21.5,sahidic.psalms.71.16
Matt,21,5,71,17,4,sahidica.matthew.21.5,sahidic.psalms.71.17
Matt,21,5,71,18,4,sahidica.matthew.21.5,sahidic.psalms.71.18
Matt,21,5,71,19,4,sahidica.matthew.21.5,sahidic.psalms.71.19
Matt,21,5,71,20,4,sahidica.matthew.21.5,sahidic.psalms.71.20
Matt,21,33,79,8,4,sahidica.matthew.21.33,sahidic.psalms.79.8
Matt,21,33,79,9,4,sahidica.matthew.21.33,sahidic.psalms.79.9
Matt,21,33,79,10,4,sahidica.matthew.21.33,sahidic.psalms.79.10
Matt,21,33,79,11,4,sahidica.matthew.21.33,sahidic.psalms.79.11
Matt,21,33,79,12,4,sahidica.matthew.21.33,sahidic.psalms.79.12
Matt,21,33,79,13,4,sahidica.matthew.21.33,sahidic.psalms.79.13
Matt,21,33,79,14,4,sahidica.matthew.21.33,sahidic.psalms.79.14
Matt,21,33,79,15,4,sahidica.matthew.21.33,sahidic.psalms.79.15
Matt,21,33,79,16,4,sahidica.matthew.21.33,sahidic.psalms.79.16
Matt,21,44,20,8,4,sahidica.matthew.21.44,sahidic.psalms.20.8
Matt,21,44,20,9,4,sahidica.matthew.21.44,sahidic.psalms.20.9
Matt,21,44,109,5,4,sahidica.matthew.21.44,sahidic.psalms.109.5
Matt,21,44,109,6,4,sahidica.matthew.21.44,sahidic.psalms.109.6
Matt,22,11,44,13,4,sahidica.matthew.22.11,sahidic.psalms.44.13
Matt,22,11,44,14,4,sahidica.matthew.22.11,sahidic.psalms.44.14
Matt,22,44,20,9,4,sahidica.matthew.22.44,sahidic.psalms.20.9
Matt,23,28,50,6,4,sahidica.matthew.23.28,sahidic.psalms.50.6
Matt,23,37,80,8,4,sahidica.matthew.23.37,sahidic.psalms.80.8
Matt,23,37,80,9,4,sahidica.matthew.23.37,sahidic.psalms.80.9
Matt,23,37,80,10,4,sahidica.matthew.23.37,sahidic.psalms.80.10
Matt,23,37,80,11,4,sahidica.matthew.23.37,sahidic.psalms.80.11
Matt,25,6,97,9,4,sahidica.matthew.25.6,sahidic.psalms.97.9
Matt,25,10,94,11,4,sahidica.matthew.25.10,sahidic.psalms.94.11
Matt,25,33,94,7,4,sahidica.matthew.25.33,sahidic.psalms.94.7
Matt,25,33,78,13,4,sahidica.matthew.25.33,sahidic.psalms.78.13
Matt,25,34,2,6,4,sahidica.matthew.25.34,sahidic.psalms.2.6
Matt,25,34,23,7,4,sahidica.matthew.25.34,sahidic.psalms.23.7
Matt,25,34,23,8,4,sahidica.matthew.25.34,sahidic.psalms.23.8
Matt,25,34,23,9,4,sahidica.matthew.25.34,sahidic.psalms.23.9
Matt,25,34,23,10,4,sahidica.matthew.25.34,sahidic.psalms.23.10
Matt,25,34,113,1,4,sahidica.matthew.25.34,sahidic.psalms.113.1
Matt,25,34,113,2,4,sahidica.matthew.25.34,sahidic.psalms.113.2
Matt,25,34,113,3,4,sahidica.matthew.25.34,sahidic.psalms.113.3
Matt,25,34,113,4,4,sahidica.matthew.25.34,sahidic.psalms.113.4
Matt,25,34,113,5,4,sahidica.matthew.25.34,sahidic.psalms.113.5
Matt,25,34,113,6,4,sahidica.matthew.25.34,sahidic.psalms.113.6
Matt,25,34,113,7,4,sahidica.matthew.25.34,sahidic.psalms.113.7
Matt,25,34,113,8,4,sahidica.matthew.25.34,sahidic.psalms.113.8
Matt,25,34,113,9,4,sahidica.matthew.25.34,sahidic.psalms.113.9
Matt,25,34,113,10,4,sahidica.matthew.25.34,sahidic.psalms.113.10
Matt,25,34,113,11,4,sahidica.matthew.25.34,sahidic.psalms.113.11
Matt,25,34,113,12,4,sahidica.matthew.25.34,sahidic.psalms.113.12
Matt,25,34,113,13,4,sahidica.matthew.25.34,sahidic.psalms.113.13
Matt,25,34,113,14,4,sahidica.matthew.25.34,sahidic.psalms.113.14
Matt,25,34,113,15,4,sahidica.matthew.25.34,sahidic.psalms.113.15
Matt,25,34,113,16,4,sahidica.matthew.25.34,sahidic.psalms.113.16
Matt,25,34,113,17,4,sahidica.matthew.25.34,sahidic.psalms.113.17
Matt,25,34,113,18,4,sahidica.matthew.25.34,sahidic.psalms.113.18
Matt,25,34,113,19,4,sahidica.matthew.25.34,sahidic.psalms.113.19
Matt,25,34,113,20,4,sahidica.matthew.25.34,sahidic.psalms.113.20
Matt,25,34,113,21,4,sahidica.matthew.25.34,sahidic.psalms.113.21
Matt,25,34,113,22,4,sahidica.matthew.25.34,sahidic.psalms.113.22
Matt,25,34,113,23,4,sahidica.matthew.25.34,sahidic.psalms.113.23
Matt,25,34,113,24,4,sahidica.matthew.25.34,sahidic.psalms.113.24
Matt,25,34,113,25,4,sahidica.matthew.25.34,sahidic.psalms.113.25
Matt,25,34,113,26,4,sahidica.matthew.25.34,sahidic.psalms.113.26
Matt,25,45,104,15,4,sahidica.matthew.25.45,sahidic.psalms.104.15
Matt,26,7,132,2,4,sahidica.matthew.26.7,sahidic.psalms.132.2
Matt,26,24,54,15,4,sahidica.matthew.26.24,sahidic.psalms.54.15
Matt,26,24,54,23,4,sahidica.matthew.26.24,sahidic.psalms.54.23
Matt,26,27,114,1,4,sahidica.matthew.26.27,sahidic.psalms.114.1
Matt,26,27,114,2,4,sahidica.matthew.26.27,sahidic.psalms.114.2
Matt,26,27,114,3,4,sahidica.matthew.26.27,sahidic.psalms.114.3
Matt,26,27,114,4,4,sahidica.matthew.26.27,sahidic.psalms.114.4
Matt,26,27,114,5,4,sahidica.matthew.26.27,sahidic.psalms.114.5
Matt,26,27,114,6,4,sahidica.matthew.26.27,sahidic.psalms.114.6
Matt,26,27,114,7,4,sahidica.matthew.26.27,sahidic.psalms.114.7
Matt,26,27,114,8,4,sahidica.matthew.26.27,sahidic.psalms.114.8
Matt,26,27,114,9,4,sahidica.matthew.26.27,sahidic.psalms.114.9
Matt,26,27,115,1,4,sahidica.matthew.26.27,sahidic.psalms.115.1
Matt,26,27,115,2,4,sahidica.matthew.26.27,sahidic.psalms.115.2
Matt,26,27,115,3,4,sahidica.matthew.26.27,sahidic.psalms.115.3
Matt,26,27,115,4,4,sahidica.matthew.26.27,sahidic.psalms.115.4
Matt,26,27,115,5,4,sahidica.matthew.26.27,sahidic.psalms.115.5
Matt,26,27,115,6,4,sahidica.matthew.26.27,sahidic.psalms.115.6
Matt,26,27,115,7,4,sahidica.matthew.26.27,sahidic.psalms.115.7
Matt,26,27,115,8,4,sahidica.matthew.26.27,sahidic.psalms.115.8
Matt,26,27,115,9,4,sahidica.matthew.26.27,sahidic.psalms.115.9
Matt,26,27,115,10,4,sahidica.matthew.26.27,sahidic.psalms.115.10
Matt,26,50,40,9,4,sahidica.matthew.26.50,sahidic.psalms.40.9
Matt,26,50,54,13,4,sahidica.matthew.26.50,sahidic.psalms.54.13
Matt,26,50,54,14,4,sahidica.matthew.26.50,sahidic.psalms.54.14
Matt,26,52,54,23,4,sahidica.matthew.26.52,sahidic.psalms.54.23
Matt,26,54,68,1,4,sahidica.matthew.26.54,sahidic.psalms.68.1
Matt,26,54,68,2,4,sahidica.matthew.26.54,sahidic.psalms.68.2
Matt,26,54,68,3,4,sahidica.matthew.26.54,sahidic.psalms.68.3
Matt,26,54,68,4,4,sahidica.matthew.26.54,sahidic.psalms.68.4
Matt,26,54,68,5,4,sahidica.matthew.26.54,sahidic.psalms.68.5
Matt,26,54,68,6,4,sahidica.matthew.26.54,sahidic.psalms.68.6
Matt,26,54,68,7,4,sahidica.matthew.26.54,sahidic.psalms.68.7
Matt,26,54,68,8,4,sahidica.matthew.26.54,sahidic.psalms.68.8
Matt,26,54,68,9,4,sahidica.matthew.26.54,sahidic.psalms.68.9
Matt,26,54,68,10,4,sahidica.matthew.26.54,sahidic.psalms.68.10
Matt,26,54,68,11,4,sahidica.matthew.26.54,sahidic.psalms.68.11
Matt,26,54,68,12,4,sahidica.matthew.26.54,sahidic.psalms.68.12
Matt,26,54,68,13,4,sahidica.matthew.26.54,sahidic.psalms.68.13
Matt,26,54,68,14,4,sahidica.matthew.26.54,sahidic.psalms.68.14
Matt,26,54,68,15,4,sahidica.matthew.26.54,sahidic.psalms.68.15
Matt,26,54,68,16,4,sahidica.matthew.26.54,sahidic.psalms.68.16
Matt,26,54,68,17,4,sahidica.matthew.26.54,sahidic.psalms.68.17
Matt,26,54,68,18,4,sahidica.matthew.26.54,sahidic.psalms.68.18
Matt,26,54,68,19,4,sahidica.matthew.26.54,sahidic.psalms.68.19
Matt,26,54,68,20,4,sahidica.matthew.26.54,sahidic.psalms.68.20
Matt,26,54,68,21,4,sahidica.matthew.26.54,sahidic.psalms.68.21
Matt,26,54,68,22,4,sahidica.matthew.26.54,sahidic.psalms.68.22
Matt,26,54,68,23,4,sahidica.matthew.26.54,sahidic.psalms.68.23
Matt,26,54,68,24,4,sahidica.matthew.26.54,sahidic.psalms.68.24
Matt,26,54,68,25,4,sahidica.matthew.26.54,sahidic.psalms.68.25
Matt,26,54,68,26,4,sahidica.matthew.26.54,sahidic.psalms.68.26
Matt,26,54,68,27,4,sahidica.matthew.26.54,sahidic.psalms.68.27
Matt,26,54,68,28,4,sahidica.matthew.26.54,sahidic.psalms.68.28
Matt,26,54,68,29,4,sahidica.matthew.26.54,sahidic.psalms.68.29
Matt,26,54,68,30,4,sahidica.matthew.26.54,sahidic.psalms.68.30
Matt,26,54,68,31,4,sahidica.matthew.26.54,sahidic.psalms.68.31
Matt,26,54,68,32,4,sahidica.matthew.26.54,sahidic.psalms.68.32
Matt,26,54,68,33,4,sahidica.matthew.26.54,sahidic.psalms.68.33
Matt,26,54,68,34,4,sahidica.matthew.26.54,sahidic.psalms.68.34
Matt,26,54,68,35,4,sahidica.matthew.26.54,sahidic.psalms.68.35
Matt,26,54,68,36,4,sahidica.matthew.26.54,sahidic.psalms.68.36
Matt,26,60,34,11,4,sahidica.matthew.26.60,sahidic.psalms.34.11
Matt,26,60,26,12,4,sahidica.matthew.26.60,sahidic.psalms.26.12
Matt,27,1,2,2,4,sahidica.matthew.27.1,sahidic.psalms.2.2
Matt,27,25,108,12,4,sahidica.matthew.27.25,sahidic.psalms.108.12
Matt,27,25,108,13,4,sahidica.matthew.27.25,sahidic.psalms.108.13
Matt,27,25,108,14,4,sahidica.matthew.27.25,sahidic.psalms.108.14
Matt,27,25,108,15,4,sahidica.matthew.27.25,sahidic.psalms.108.15
Matt,27,25,108,16,4,sahidica.matthew.27.25,sahidic.psalms.108.16
Matt,27,25,108,17,4,sahidica.matthew.27.25,sahidic.psalms.108.17
Matt,27,25,108,18,4,sahidica.matthew.27.25,sahidic.psalms.108.18
Matt,27,25,108,19,4,sahidica.matthew.27.25,sahidic.psalms.108.19
Matt,27,29,68,19,4,sahidica.matthew.27.29,sahidic.psalms.68.19
Matt,27,29,68,20,4,sahidica.matthew.27.29,sahidic.psalms.68.20
Matt,27,35,21,16,4,sahidica.matthew.27.35,sahidic.psalms.21.16
Matt,28,17,2,12,4,sahidica.matthew.28.17,sahidic.psalms.2.12
Matt,28,17,44,11,4,sahidica.matthew.28.17,sahidic.psalms.44.11
Heb,1,8,98,4,4,sahidica.hebrews.1.8,sahidic.psalms.98.4
Heb,1,9,118,128,4,sahidica.hebrews.1.9,sahidic.psalms.118.128
Heb,1,9,118,104,4,sahidica.hebrews.1.9,sahidic.psalms.118.104
Heb,1,11,9,1,4,sahidica.hebrews.1.11,sahidic.psalms.9.1
Heb,1,11,9,2,4,sahidica.hebrews.1.11,sahidic.psalms.9.2
Heb,1,11,9,3,4,sahidica.hebrews.1.11,sahidic.psalms.9.3
Heb,1,11,9,4,4,sahidica.hebrews.1.11,sahidic.psalms.9.4
Heb,1,11,9,5,4,sahidica.hebrews.1.11,sahidic.psalms.9.5
Heb,1,11,9,6,4,sahidica.hebrews.1.11,sahidic.psalms.9.6
Heb,1,11,9,7,4,sahidica.hebrews.1.11,sahidic.psalms.9.7
Heb,1,11,9,8,4,sahidica.hebrews.1.11,sahidic.psalms.9.8
Heb,1,11,9,9,4,sahidica.hebrews.1.11,sahidic.psalms.9.9
Heb,1,11,9,10,4,sahidica.hebrews.1.11,sahidic.psalms.9.10
Heb,1,11,9,11,4,sahidica.hebrews.1.11,sahidic.psalms.9.11
Heb,1,11,9,12,4,sahidica.hebrews.1.11,sahidic.psalms.9.12
Heb,1,11,9,13,4,sahidica.hebrews.1.11,sahidic.psalms.9.13
Heb,1,11,9,14,4,sahidica.hebrews.1.11,sahidic.psalms.9.14
Heb,1,11,9,15,4,sahidica.hebrews.1.11,sahidic.psalms.9.15
Heb,1,11,9,16,4,sahidica.hebrews.1.11,sahidic.psalms.9.16
Heb,1,11,9,17,4,sahidica.hebrews.1.11,sahidic.psalms.9.17
Heb,1,11,9,18,4,sahidica.hebrews.1.11,sahidic.psalms.9.18
Heb,1,11,9,19,4,sahidica.hebrews.1.11,sahidic.psalms.9.19
Heb,1,11,9,20,4,sahidica.hebrews.1.11,sahidic.psalms.9.20
Heb,1,11,9,21,4,sahidica.hebrews.1.11,sahidic.psalms.9.21
Heb,1,11,9,22,4,sahidica.hebrews.1.11,sahidic.psalms.9.22
Heb,1,11,9,23,4,sahidica.hebrews.1.11,sahidic.psalms.9.23
Heb,1,11,9,24,4,sahidica.hebrews.1.11,sahidic.psalms.9.24
Heb,1,11,9,25,4,sahidica.hebrews.1.11,sahidic.psalms.9.25
Heb,1,11,9,26,4,sahidica.hebrews.1.11,sahidic.psalms.9.26
Heb,1,11,9,27,4,sahidica.hebrews.1.11,sahidic.psalms.9.27
Heb,1,11,9,28,4,sahidica.hebrews.1.11,sahidic.psalms.9.28
Heb,1,11,9,29,4,sahidica.hebrews.1.11,sahidic.psalms.9.29
Heb,1,11,9,30,4,sahidica.hebrews.1.11,sahidic.psalms.9.30
Heb,1,11,9,31,4,sahidica.hebrews.1.11,sahidic.psalms.9.31
Heb,1,11,9,32,4,sahidica.hebrews.1.11,sahidic.psalms.9.32
Heb,1,11,9,33,4,sahidica.hebrews.1.11,sahidic.psalms.9.33
Heb,1,11,9,34,4,sahidica.hebrews.1.11,sahidic.psalms.9.34
Heb,1,11,9,35,4,sahidica.hebrews.1.11,sahidic.psalms.9.35
Heb,1,11,9,36,4,sahidica.hebrews.1.11,sahidic.psalms.9.36
Heb,1,11,9,37,4,sahidica.hebrews.1.11,sahidic.psalms.9.37
Heb,1,11,9,38,4,sahidica.hebrews.1.11,sahidic.psalms.9.38
Heb,1,13,20,8,4,sahidica.hebrews.1.13,sahidic.psalms.20.8
Heb,1,13,20,9,4,sahidica.hebrews.1.13,sahidic.psalms.20.9
Heb,2,9,20,3,4,sahidica.hebrews.2.9,sahidic.psalms.20.3
Heb,2,9,20,4,4,sahidica.hebrews.2.9,sahidic.psalms.20.4
Heb,2,9,20,5,4,sahidica.hebrews.2.9,sahidic.psalms.20.5
Heb,2,12,110,1,4,sahidica.hebrews.2.12,sahidic.psalms.110.1
Heb,2,15,32,19,4,sahidica.hebrews.2.15,sahidic.psalms.32.19
Heb,3,8,105,14,4,sahidica.hebrews.3.8,sahidic.psalms.105.14
Heb,3,10,77,8,4,sahidica.hebrews.3.10,sahidic.psalms.77.8
Heb,3,10,66,2,4,sahidica.hebrews.3.10,sahidic.psalms.66.2
Heb,3,16,77,17,4,sahidica.hebrews.3.16,sahidic.psalms.77.17
Heb,6,6,50,10,4,sahidica.hebrews.6.6,sahidic.psalms.50.10
Heb,6,18,61,8,4,sahidica.hebrews.6.18,sahidic.psalms.61.8
Heb,6,19,41,5,4,sahidica.hebrews.6.19,sahidic.psalms.41.5
Heb,8,1,109,1,4,sahidica.hebrews.8.1,sahidic.psalms.109.1
Heb,8,12,64,3,4,sahidica.hebrews.8.12,sahidic.psalms.64.3
Heb,9,5,98,1,4,sahidica.hebrews.9.5,sahidic.psalms.98.1
Heb,9,5,79,1,4,sahidica.hebrews.9.5,sahidic.psalms.79.1
Heb,10,39,43,18,4,sahidica.hebrews.10.39,sahidic.psalms.43.18
Heb,11,25,72,18,4,sahidica.hebrews.11.25,sahidic.psalms.72.18
Heb,11,25,72,19,4,sahidica.hebrews.11.25,sahidic.psalms.72.19
Heb,11,25,72,20,4,sahidica.hebrews.11.25,sahidic.psalms.72.20
Heb,11,26,88,50,4,sahidica.hebrews.11.26,sahidic.psalms.88.50
Heb,11,26,88,51,4,sahidica.hebrews.11.26,sahidic.psalms.88.51
Heb,11,33,143,10,4,sahidica.hebrews.11.33,sahidic.psalms.143.10
Heb,12,10,16,15,4,sahidica.hebrews.12.10,sahidic.psalms.16.15
Heb,12,23,95,13,4,sahidica.hebrews.12.23,sahidic.psalms.95.13
Heb,13,4,49,16,4,sahidica.hebrews.13.4,sahidic.psalms.49.16
Heb,13,4,49,17,4,sahidica.hebrews.13.4,sahidic.psalms.49.17
Heb,13,4,49,18,4,sahidica.hebrews.13.4,sahidic.psalms.49.18
Heb,13,4,49,19,4,sahidica.hebrews.13.4,sahidic.psalms.49.19
Heb,13,4,49,20,4,sahidica.hebrews.13.4,sahidic.psalms.49.20
Heb,13,4,49,21,4,sahidica.hebrews.13.4,sahidic.psalms.49.21
Heb,13,4,49,22,4,sahidica.hebrews.13.4,sahidic.psalms.49.22
Heb,13,15,17,49,4,sahidica.hebrews.13.15,sahidic.psalms.17.49
Heb,13,15,117,19,4,sahidica.hebrews.13.15,sahidic.psalms.117.19
Heb,13,21,137,8,4,sahidica.hebrews.13.21,sahidic.psalms.137.8
Matt,1,19,111,4,3,sahidica.matthew.1.19,sahidic.psalms.111.4
Matt,1,19,111,5,3,sahidica.matthew.1.19,sahidic.psalms.111.5
Matt,2,2,44,11,3,sahidica.matthew.2.2,sahidic.psalms.44.11
Matt,2,7,54,21,3,sahidica.matthew.2.7,sahidic.psalms.54.21
Matt,2,7,63,4,3,sahidica.matthew.2.7,sahidic.psalms.63.4
Matt,2,7,63,5,3,sahidica.matthew.2.7,sahidic.psalms.63.5
Matt,2,7,63,6,3,sahidica.matthew.2.7,sahidic.psalms.63.6
Matt,2,19,75,10,3,sahidica.matthew.2.19,sahidic.psalms.75.10
Matt,2,19,138,7,3,sahidica.matthew.2.19,sahidic.psalms.138.7
Matt,2,22,120,8,3,sahidica.matthew.2.22,sahidic.psalms.120.8
Matt,2,22,72,24,3,sahidica.matthew.2.22,sahidic.psalms.72.24
Matt,2,22,106,6,3,sahidica.matthew.2.22,sahidic.psalms.106.6
Matt,2,22,106,7,3,sahidica.matthew.2.22,sahidic.psalms.106.7
Matt,2,22,47,14,3,sahidica.matthew.2.22,sahidic.psalms.47.14
Matt,4,9,71,11,3,sahidica.matthew.4.9,sahidic.psalms.71.11
Matt,5,12,18,11,3,sahidica.matthew.5.12,sahidic.psalms.18.11
Matt,5,18,118,152,3,sahidica.matthew.5.18,sahidic.psalms.118.152
Matt,5,33,49,14,3,sahidica.matthew.5.33,sahidic.psalms.49.14
Matt,5,35,98,5,3,sahidica.matthew.5.35,sahidic.psalms.98.5
Matt,6,2,111,9,3,sahidica.matthew.6.2,sahidic.psalms.111.9
Matt,6,4,138,12,3,sahidica.matthew.6.4,sahidic.psalms.138.12
Matt,7,28,44,2,3,sahidica.matthew.7.28,sahidic.psalms.44.2
Matt,8,25,43,22,3,sahidica.matthew.8.25,sahidic.psalms.43.22
Matt,8,25,43,23,3,sahidica.matthew.8.25,sahidic.psalms.43.23
Matt,9,16,124,3,3,sahidica.matthew.9.16,sahidic.psalms.124.3
Matt,9,30,145,8,3,sahidica.matthew.9.30,sahidic.psalms.145.8
Matt,11,5,145,8,3,sahidica.matthew.11.5,sahidic.psalms.145.8
Matt,11,6,31,1,3,sahidica.matthew.11.6,sahidic.psalms.31.1
Matt,11,6,31,2,3,sahidica.matthew.11.6,sahidic.psalms.31.2
Matt,11,6,1,1,3,sahidica.matthew.11.6,sahidic.psalms.1.1
Matt,11,6,1,2,3,sahidica.matthew.11.6,sahidic.psalms.1.2
Matt,11,6,118,1,3,sahidica.matthew.11.6,sahidic.psalms.118.1
Matt,11,20,80,11,3,sahidica.matthew.11.20,sahidic.psalms.80.11
Matt,11,20,80,12,3,sahidica.matthew.11.20,sahidic.psalms.80.12
Matt,11,20,80,13,3,sahidica.matthew.11.20,sahidic.psalms.80.13
Matt,12,7,93,21,3,sahidica.matthew.12.7,sahidic.psalms.93.21
Matt,12,7,108,31,3,sahidica.matthew.12.7,sahidic.psalms.108.31
Matt,12,43,62,1,3,sahidica.matthew.12.43,sahidic.psalms.62.1
Matt,12,44,80,11,3,sahidica.matthew.12.44,sahidic.psalms.80.11
Matt,12,44,80,12,3,sahidica.matthew.12.44,sahidic.psalms.80.12
Matt,13,32,103,12,3,sahidica.matthew.13.32,sahidic.psalms.103.12
Matt,13,45,4,6,3,sahidica.matthew.13.45,sahidic.psalms.4.6
Matt,13,45,4,7,3,sahidica.matthew.13.45,sahidic.psalms.4.7
Matt,13,45,38,6,3,sahidica.matthew.13.45,sahidic.psalms.38.6
Matt,13,45,38,7,3,sahidica.matthew.13.45,sahidic.psalms.38.7
Matt,13,54,39,9,3,sahidica.matthew.13.54,sahidic.psalms.39.9
Matt,13,54,39,10,3,sahidica.matthew.13.54,sahidic.psalms.39.10
Matt,15,6,118,126,3,sahidica.matthew.15.6,sahidic.psalms.118.126
Matt,15,9,38,6,3,sahidica.matthew.15.9,sahidic.psalms.38.6
Matt,15,22,4,1,3,sahidica.matthew.15.22,sahidic.psalms.4.1
Matt,15,27,50,4,3,sahidica.matthew.15.27,sahidic.psalms.50.4
Matt,15,27,50,5,3,sahidica.matthew.15.27,sahidic.psalms.50.5
Matt,15,30,102,3,3,sahidica.matthew.15.30,sahidic.psalms.102.3
Matt,17,23,21,22,3,sahidica.matthew.17.23,sahidic.psalms.21.22
Matt,17,23,21,23,3,sahidica.matthew.17.23,sahidic.psalms.21.23
Matt,17,23,21,24,3,sahidica.matthew.17.23,sahidic.psalms.21.24
Matt,17,23,21,25,3,sahidica.matthew.17.23,sahidic.psalms.21.25
Matt,17,23,21,26,3,sahidica.matthew.17.23,sahidic.psalms.21.26
Matt,17,23,21,27,3,sahidica.matthew.17.23,sahidic.psalms.21.27
Matt,17,23,21,28,3,sahidica.matthew.17.23,sahidic.psalms.21.28
Matt,17,23,21,29,3,sahidica.matthew.17.23,sahidic.psalms.21.29
Matt,17,23,21,30,3,sahidica.matthew.17.23,sahidic.psalms.21.30
Matt,17,23,21,31,3,sahidica.matthew.17.23,sahidic.psalms.21.31
Matt,17,23,21,15,3,sahidica.matthew.17.23,sahidic.psalms.21.15
Matt,18,10,16,15,3,sahidica.matthew.18.10,sahidic.psalms.16.15
Matt,20,19,34,16,3,sahidica.matthew.20.19,sahidic.psalms.34.16
Matt,20,19,21,7,3,sahidica.matthew.20.19,sahidic.psalms.21.7
Matt,20,19,21,8,3,sahidica.matthew.20.19,sahidic.psalms.21.8
Matt,20,21,44,9,3,sahidica.matthew.20.21,sahidic.psalms.44.9
Matt,21,3,23,1,3,sahidica.matthew.21.3,sahidic.psalms.23.1
Matt,21,5,2,6,3,sahidica.matthew.21.5,sahidic.psalms.2.6
Matt,21,5,2,7,3,sahidica.matthew.21.5,sahidic.psalms.2.7
Matt,21,5,2,8,3,sahidica.matthew.21.5,sahidic.psalms.2.8
Matt,21,5,2,9,3,sahidica.matthew.21.5,sahidic.psalms.2.9
Matt,21,5,2,10,3,sahidica.matthew.21.5,sahidic.psalms.2.10
Matt,21,5,2,11,3,sahidica.matthew.21.5,sahidic.psalms.2.11
Matt,21,5,2,12,3,sahidica.matthew.21.5,sahidic.psalms.2.12
Matt,21,5,44,1,3,sahidica.matthew.21.5,sahidic.psalms.44.1
Matt,21,5,44,2,3,sahidica.matthew.21.5,sahidic.psalms.44.2
Matt,21,5,44,3,3,sahidica.matthew.21.5,sahidic.psalms.44.3
Matt,21,5,44,4,3,sahidica.matthew.21.5,sahidic.psalms.44.4
Matt,21,5,44,5,3,sahidica.matthew.21.5,sahidic.psalms.44.5
Matt,21,5,44,6,3,sahidica.matthew.21.5,sahidic.psalms.44.6
Matt,21,5,44,7,3,sahidica.matthew.21.5,sahidic.psalms.44.7
Matt,21,5,44,8,3,sahidica.matthew.21.5,sahidic.psalms.44.8
Matt,21,5,44,9,3,sahidica.matthew.21.5,sahidic.psalms.44.9
Matt,21,5,44,10,3,sahidica.matthew.21.5,sahidic.psalms.44.10
Matt,21,5,44,11,3,sahidica.matthew.21.5,sahidic.psalms.44.11
Matt,21,5,44,12,3,sahidica.matthew.21.5,sahidic.psalms.44.12
Matt,21,5,44,13,3,sahidica.matthew.21.5,sahidic.psalms.44.13
Matt,21,5,44,14,3,sahidica.matthew.21.5,sahidic.psalms.44.14
Matt,21,5,44,15,3,sahidica.matthew.21.5,sahidic.psalms.44.15
Matt,21,5,44,16,3,sahidica.matthew.21.5,sahidic.psalms.44.16
Matt,21,5,44,17,3,sahidica.matthew.21.5,sahidic.psalms.44.17
Matt,22,3,80,10,3,sahidica.matthew.22.3,sahidic.psalms.80.10
Matt,22,3,80,11,3,sahidica.matthew.22.3,sahidic.psalms.80.11
Matt,22,3,80,12,3,sahidica.matthew.22.3,sahidic.psalms.80.12
Matt,22,15,55,5,3,sahidica.matthew.22.15,sahidic.psalms.55.5
Matt,22,15,55,6,3,sahidica.matthew.22.15,sahidic.psalms.55.6
Matt,22,15,55,7,3,sahidica.matthew.22.15,sahidic.psalms.55.7
Matt,22,15,2,2,3,sahidica.matthew.22.15,sahidic.psalms.2.2
Matt,22,29,15,9,3,sahidica.matthew.22.29,sahidic.psalms.15.9
Matt,22,29,15,10,3,sahidica.matthew.22.29,sahidic.psalms.15.10
Matt,22,29,15,11,3,sahidica.matthew.22.29,sahidic.psalms.15.11
Matt,22,44,2,8,3,sahidica.matthew.22.44,sahidic.psalms.2.8
Matt,22,44,2,9,3,sahidica.matthew.22.44,sahidic.psalms.2.9
Matt,23,3,49,16,3,sahidica.matthew.23.3,sahidic.psalms.49.16
Matt,23,3,49,17,3,sahidica.matthew.23.3,sahidic.psalms.49.17
Matt,23,3,49,18,3,sahidica.matthew.23.3,sahidic.psalms.49.18
Matt,23,3,49,19,3,sahidica.matthew.23.3,sahidic.psalms.49.19
Matt,23,3,49,20,3,sahidica.matthew.23.3,sahidic.psalms.49.20
Matt,23,22,10,4,3,sahidica.matthew.23.22,sahidic.psalms.10.4
Matt,24,31,66,7,3,sahidica.matthew.24.31,sahidic.psalms.66.7
Matt,24,31,80,3,3,sahidica.matthew.24.31,sahidic.psalms.80.3
Matt,25,4,44,7,3,sahidica.matthew.25.4,sahidic.psalms.44.7
Matt,25,6,95,13,3,sahidica.matthew.25.6,sahidic.psalms.95.13
Matt,25,6,49,3,3,sahidica.matthew.25.6,sahidic.psalms.49.3
Matt,25,6,49,4,3,sahidica.matthew.25.6,sahidic.psalms.49.4
Matt,25,6,49,5,3,sahidica.matthew.25.6,sahidic.psalms.49.5
Matt,25,6,49,6,3,sahidica.matthew.25.6,sahidic.psalms.49.6
Matt,25,41,118,115,3,sahidica.matthew.25.41,sahidic.psalms.118.115
Matt,25,41,118,21,3,sahidica.matthew.25.41,sahidic.psalms.118.21
Matt,25,41,138,19,3,sahidica.matthew.25.41,sahidic.psalms.138.19
Matt,25,46,15,10,3,sahidica.matthew.25.46,sahidic.psalms.15.10
Matt,25,46,15,11,3,sahidica.matthew.25.46,sahidic.psalms.15.11
Matt,26,3,2,1,3,sahidica.matthew.26.3,sahidic.psalms.2.1
Matt,26,3,2,2,3,sahidica.matthew.26.3,sahidic.psalms.2.2
Matt,26,4,2,2,3,sahidica.matthew.26.4,sahidic.psalms.2.2
Matt,26,13,111,6,3,sahidica.matthew.26.13,sahidic.psalms.111.6
Matt,26,21,54,12,3,sahidica.matthew.26.21,sahidic.psalms.54.12
Matt,26,21,54,13,3,sahidica.matthew.26.21,sahidic.psalms.54.13
Matt,26,21,54,14,3,sahidica.matthew.26.21,sahidic.psalms.54.14
Matt,26,24,21,1,3,sahidica.matthew.26.24,sahidic.psalms.21.1
Matt,26,24,21,2,3,sahidica.matthew.26.24,sahidic.psalms.21.2
Matt,26,24,21,3,3,sahidica.matthew.26.24,sahidic.psalms.21.3
Matt,26,24,21,4,3,sahidica.matthew.26.24,sahidic.psalms.21.4
Matt,26,24,21,5,3,sahidica.matthew.26.24,sahidic.psalms.21.5
Matt,26,24,21,6,3,sahidica.matthew.26.24,sahidic.psalms.21.6
Matt,26,24,21,7,3,sahidica.matthew.26.24,sahidic.psalms.21.7
Matt,26,24,21,8,3,sahidica.matthew.26.24,sahidic.psalms.21.8
Matt,26,24,21,9,3,sahidica.matthew.26.24,sahidic.psalms.21.9
Matt,26,24,21,10,3,sahidica.matthew.26.24,sahidic.psalms.21.10
Matt,26,24,21,11,3,sahidica.matthew.26.24,sahidic.psalms.21.11
Matt,26,24,21,12,3,sahidica.matthew.26.24,sahidic.psalms.21.12
Matt,26,24,21,13,3,sahidica.matthew.26.24,sahidic.psalms.21.13
Matt,26,24,21,14,3,sahidica.matthew.26.24,sahidic.psalms.21.14
Matt,26,24,21,15,3,sahidica.matthew.26.24,sahidic.psalms.21.15
Matt,26,24,21,16,3,sahidica.matthew.26.24,sahidic.psalms.21.16
Matt,26,24,21,17,3,sahidica.matthew.26.24,sahidic.psalms.21.17
Matt,26,24,21,18,3,sahidica.matthew.26.24,sahidic.psalms.21.18
Matt,26,24,21,19,3,sahidica.matthew.26.24,sahidic.psalms.21.19
Matt,26,24,21,20,3,sahidica.matthew.26.24,sahidic.psalms.21.20
Matt,26,24,21,21,3,sahidica.matthew.26.24,sahidic.psalms.21.21
Matt,26,24,21,22,3,sahidica.matthew.26.24,sahidic.psalms.21.22
Matt,26,24,21,23,3,sahidica.matthew.26.24,sahidic.psalms.21.23
Matt,26,24,21,24,3,sahidica.matthew.26.24,sahidic.psalms.21.24
Matt,26,24,21,25,3,sahidica.matthew.26.24,sahidic.psalms.21.25
Matt,26,24,21,26,3,sahidica.matthew.26.24,sahidic.psalms.21.26
Matt,26,24,21,27,3,sahidica.matthew.26.24,sahidic.psalms.21.27
Matt,26,24,21,28,3,sahidica.matthew.26.24,sahidic.psalms.21.28
Matt,26,24,21,29,3,sahidica.matthew.26.24,sahidic.psalms.21.29
Matt,26,24,21,30,3,sahidica.matthew.26.24,sahidic.psalms.21.30
Matt,26,24,21,31,3,sahidica.matthew.26.24,sahidic.psalms.21.31
Matt,26,36,68,13,3,sahidica.matthew.26.36,sahidic.psalms.68.13
Matt,26,36,68,14,3,sahidica.matthew.26.36,sahidic.psalms.68.14
Matt,26,36,68,15,3,sahidica.matthew.26.36,sahidic.psalms.68.15
Matt,26,36,21,1,3,sahidica.matthew.26.36,sahidic.psalms.21.1
Matt,26,36,21,2,3,sahidica.matthew.26.36,sahidic.psalms.21.2
Matt,26,38,87,14,3,sahidica.matthew.26.38,sahidic.psalms.87.14
Matt,26,38,87,15,3,sahidica.matthew.26.38,sahidic.psalms.87.15
Matt,26,38,87,16,3,sahidica.matthew.26.38,sahidic.psalms.87.16
Matt,26,42,21,1,3,sahidica.matthew.26.42,sahidic.psalms.21.1
Matt,26,42,21,2,3,sahidica.matthew.26.42,sahidic.psalms.21.2
Matt,26,42,68,17,3,sahidica.matthew.26.42,sahidic.psalms.68.17
Matt,26,42,68,18,3,sahidica.matthew.26.42,sahidic.psalms.68.18
Matt,26,42,68,1,3,sahidica.matthew.26.42,sahidic.psalms.68.1
Matt,26,42,68,2,3,sahidica.matthew.26.42,sahidic.psalms.68.2
Matt,26,42,68,3,3,sahidica.matthew.26.42,sahidic.psalms.68.3
Matt,26,61,21,6,3,sahidica.matthew.26.61,sahidic.psalms.21.6
Matt,26,61,21,7,3,sahidica.matthew.26.61,sahidic.psalms.21.7
Matt,27,41,34,26,3,sahidica.matthew.27.41,sahidic.psalms.34.26
Matt,28,4,47,6,3,sahidica.matthew.28.4,sahidic.psalms.47.6
Matt,28,5,104,3,3,sahidica.matthew.28.5,sahidic.psalms.104.3
Matt,28,5,104,4,3,sahidica.matthew.28.5,sahidic.psalms.104.4
Heb,1,2,2,6,3,sahidica.hebrews.1.2,sahidic.psalms.2.6
Heb,1,2,2,7,3,sahidica.hebrews.1.2,sahidic.psalms.2.7
Heb,1,2,2,8,3,sahidica.hebrews.1.2,sahidic.psalms.2.8
Heb,1,2,2,9,3,sahidica.hebrews.1.2,sahidic.psalms.2.9
Heb,1,9,10,5,3,sahidica.hebrews.1.9,sahidic.psalms.10.5
Heb,1,9,32,5,3,sahidica.hebrews.1.9,sahidic.psalms.32.5
Heb,1,9,88,20,3,sahidica.hebrews.1.9,sahidic.psalms.88.20
Heb,1,11,89,2,3,sahidica.hebrews.1.11,sahidic.psalms.89.2
Heb,2,2,67,17,3,sahidica.hebrews.2.2,sahidic.psalms.67.17
Heb,2,8,2,6,3,sahidica.hebrews.2.8,sahidic.psalms.2.6
Heb,2,13,17,2,3,sahidica.hebrews.2.13,sahidic.psalms.17.2
Heb,2,13,35,7,3,sahidica.hebrews.2.13,sahidic.psalms.35.7
Heb,2,13,35,8,3,sahidica.hebrews.2.13,sahidic.psalms.35.8
Heb,2,15,72,19,3,sahidica.hebrews.2.15,sahidic.psalms.72.19
Heb,3,6,2,12,3,sahidica.hebrews.3.6,sahidic.psalms.2.12
Heb,3,11,94,11,3,sahidica.hebrews.3.11,sahidic.psalms.94.11
Heb,4,8,77,55,3,sahidica.hebrews.4.8,sahidic.psalms.77.55
Heb,4,9,46,9,3,sahidica.hebrews.4.9,sahidic.psalms.46.9
Heb,7,2,44,4,3,sahidica.hebrews.7.2,sahidic.psalms.44.4
Heb,7,2,44,5,3,sahidica.hebrews.7.2,sahidic.psalms.44.5
Heb,7,2,44,6,3,sahidica.hebrews.7.2,sahidic.psalms.44.6
Heb,7,2,44,7,3,sahidica.hebrews.7.2,sahidic.psalms.44.7
Heb,7,2,84,10,3,sahidica.hebrews.7.2,sahidic.psalms.84.10
Heb,7,2,84,11,3,sahidica.hebrews.7.2,sahidic.psalms.84.11
Heb,7,25,67,31,3,sahidica.hebrews.7.25,sahidic.psalms.67.31
Heb,7,25,67,32,3,sahidica.hebrews.7.25,sahidic.psalms.67.32
Heb,7,28,109,4,3,sahidica.hebrews.7.28,sahidic.psalms.109.4
Heb,8,1,103,1,3,sahidica.hebrews.8.1,sahidic.psalms.103.1
Heb,8,1,44,3,3,sahidica.hebrews.8.1,sahidic.psalms.44.3
Heb,8,1,44,4,3,sahidica.hebrews.8.1,sahidic.psalms.44.4
Heb,8,1,20,5,3,sahidica.hebrews.8.1,sahidic.psalms.20.5
Heb,8,9,76,20,3,sahidica.hebrews.8.9,sahidic.psalms.76.20
Heb,8,9,104,43,3,sahidica.hebrews.8.9,sahidic.psalms.104.43
Heb,8,9,77,57,3,sahidica.hebrews.8.9,sahidic.psalms.77.57
Heb,8,9,77,10,3,sahidica.hebrews.8.9,sahidic.psalms.77.10
Heb,8,9,77,11,3,sahidica.hebrews.8.9,sahidic.psalms.77.11
Heb,9,9,50,16,3,sahidica.hebrews.9.9,sahidic.psalms.50.16
Heb,9,9,50,17,3,sahidica.hebrews.9.9,sahidic.psalms.50.17
Heb,9,9,50,18,3,sahidica.hebrews.9.9,sahidic.psalms.50.18
Heb,9,9,50,19,3,sahidica.hebrews.9.9,sahidic.psalms.50.19
Heb,9,13,50,7,3,sahidica.hebrews.9.13,sahidic.psalms.50.7
Heb,9,15,36,18,3,sahidica.hebrews.9.15,sahidic.psalms.36.18
Heb,9,24,67,18,3,sahidica.hebrews.9.24,sahidic.psalms.67.18
Heb,10,33,73,22,3,sahidica.hebrews.10.33,sahidic.psalms.73.22
Heb,11,23,55,4,3,sahidica.hebrews.11.23,sahidic.psalms.55.4
Heb,11,26,36,16,3,sahidica.hebrews.11.26,sahidic.psalms.36.16
Heb,11,29,65,6,3,sahidica.hebrews.11.29,sahidic.psalms.65.6
Heb,11,33,17,32,3,sahidica.hebrews.11.33,sahidic.psalms.17.32
Heb,11,33,17,33,3,sahidica.hebrews.11.33,sahidic.psalms.17.33
Heb,11,33,17,34,3,sahidica.hebrews.11.33,sahidic.psalms.17.34
Heb,11,33,90,13,3,sahidica.hebrews.11.33,sahidic.psalms.90.13
Heb,11,38,141,1,3,sahidica.hebrews.11.38,sahidic.psalms.141.1
Heb,11,38,141,2,3,sahidica.hebrews.11.38,sahidic.psalms.141.2
Heb,11,38,141,3,3,sahidica.hebrews.11.38,sahidic.psalms.141.3
Heb,11,38,141,4,3,sahidica.hebrews.11.38,sahidic.psalms.141.4
Heb,11,38,141,5,3,sahidica.hebrews.11.38,sahidic.psalms.141.5
Heb,11,38,141,6,3,sahidica.hebrews.11.38,sahidic.psalms.141.6
Heb,11,38,141,7,3,sahidica.hebrews.11.38,sahidic.psalms.141.7
Heb,12,6,72,14,3,sahidica.hebrews.12.6,sahidic.psalms.72.14
Heb,12,6,72,15,3,sahidica.hebrews.12.6,sahidic.psalms.72.15
Heb,12,22,86,3,3,sahidica.hebrews.12.22,sahidic.psalms.86.3
Heb,12,22,131,13,3,sahidica.hebrews.12.22,sahidic.psalms.131.13
Heb,12,22,131,14,3,sahidica.hebrews.12.22,sahidic.psalms.131.14
Heb,12,22,2,6,3,sahidica.hebrews.12.22,sahidic.psalms.2.6
Heb,12,22,83,2,3,sahidica.hebrews.12.22,sahidic.psalms.83.2
Heb,12,23,97,9,3,sahidica.hebrews.12.23,sahidic.psalms.97.9
Heb,13,15,135,1,3,sahidica.hebrews.13.15,sahidic.psalms.135.1
Heb,13,15,135,2,3,sahidica.hebrews.13.15,sahidic.psalms.135.2
Heb,13,15,135,3,3,sahidica.hebrews.13.15,sahidic.psalms.135.3
Heb,13,15,135,4,3,sahidica.hebrews.13.15,sahidic.psalms.135.4
Heb,13,15,135,5,3,sahidica.hebrews.13.15,sahidic.psalms.135.5
Heb,13,15,135,6,3,sahidica.hebrews.13.15,sahidic.psalms.135.6
Heb,13,15,135,7,3,sahidica.hebrews.13.15,sahidic.psalms.135.7
Heb,13,15,135,8,3,sahidica.hebrews.13.15,sahidic.psalms.135.8
Heb,13,15,135,9,3,sahidica.hebrews.13.15,sahidic.psalms.135.9
Heb,13,15,135,10,3,sahidica.hebrews.13.15,sahidic.psalms.135.10
Heb,13,15,135,11,3,sahidica.hebrews.13.15,sahidic.psalms.135.11
Heb,13,15,135,12,3,sahidica.hebrews.13.15,sahidic.psalms.135.12
Heb,13,15,135,13,3,sahidica.hebrews.13.15,sahidic.psalms.135.13
Heb,13,15,135,14,3,sahidica.hebrews.13.15,sahidic.psalms.135.14
Heb,13,15,135,15,3,sahidica.hebrews.13.15,sahidic.psalms.135.15
Heb,13,15,135,16,3,sahidica.hebrews.13.15,sahidic.psalms.135.16
Heb,13,15,135,17,3,sahidica.hebrews.13.15,sahidic.psalms.135.17
Heb,13,15,135,18,3,sahidica.hebrews.13.15,sahidic.psalms.135.18
Heb,13,15,135,19,3,sahidica.hebrews.13.15,sahidic.psalms.135.19
Heb,13,15,135,20,3,sahidica.hebrews.13.15,sahidic.psalms.135.20
Heb,13,15,135,21,3,sahidica.hebrews.13.15,sahidic.psalms.135.21
Heb,13,15,135,22,3,sahidica.hebrews.13.15,sahidic.psalms.135.22
Heb,13,15,135,23,3,sahidica.hebrews.13.15,sahidic.psalms.135.23
Heb,13,15,135,24,3,sahidica.hebrews.13.15,sahidic.psalms.135.24
Heb,13,15,135,25,3,sahidica.hebrews.13.15,sahidic.psalms.135.25
Heb,13,15,135,26,3,sahidica.hebrews.13.15,sahidic.psalms.135.26
Matt,1,20,24,8,2,sahidica.matthew.1.20,sahidic.psalms.24.8
Matt,1,20,24,9,2,sahidica.matthew.1.20,sahidic.psalms.24.9
Matt,2,7,9,1,2,sahidica.matthew.2.7,sahidic.psalms.9.1
Matt,2,7,9,2,2,sahidica.matthew.2.7,sahidic.psalms.9.2
Matt,2,7,9,3,2,sahidica.matthew.2.7,sahidic.psalms.9.3
Matt,2,7,9,4,2,sahidica.matthew.2.7,sahidic.psalms.9.4
Matt,2,7,9,5,2,sahidica.matthew.2.7,sahidic.psalms.9.5
Matt,2,7,9,6,2,sahidica.matthew.2.7,sahidic.psalms.9.6
Matt,2,7,9,7,2,sahidica.matthew.2.7,sahidic.psalms.9.7
Matt,2,7,9,8,2,sahidica.matthew.2.7,sahidic.psalms.9.8
Matt,2,7,9,9,2,sahidica.matthew.2.7,sahidic.psalms.9.9
Matt,2,7,9,10,2,sahidica.matthew.2.7,sahidic.psalms.9.10
Matt,2,7,9,11,2,sahidica.matthew.2.7,sahidic.psalms.9.11
Matt,2,7,9,12,2,sahidica.matthew.2.7,sahidic.psalms.9.12
Matt,2,7,9,13,2,sahidica.matthew.2.7,sahidic.psalms.9.13
Matt,2,7,9,14,2,sahidica.matthew.2.7,sahidic.psalms.9.14
Matt,2,7,9,15,2,sahidica.matthew.2.7,sahidic.psalms.9.15
Matt,2,7,9,16,2,sahidica.matthew.2.7,sahidic.psalms.9.16
Matt,2,7,9,17,2,sahidica.matthew.2.7,sahidic.psalms.9.17
Matt,2,7,9,18,2,sahidica.matthew.2.7,sahidic.psalms.9.18
Matt,2,7,9,19,2,sahidica.matthew.2.7,sahidic.psalms.9.19
Matt,2,7,9,20,2,sahidica.matthew.2.7,sahidic.psalms.9.20
Matt,2,7,9,21,2,sahidica.matthew.2.7,sahidic.psalms.9.21
Matt,2,7,9,22,2,sahidica.matthew.2.7,sahidic.psalms.9.22
Matt,2,7,9,23,2,sahidica.matthew.2.7,sahidic.psalms.9.23
Matt,2,7,9,24,2,sahidica.matthew.2.7,sahidic.psalms.9.24
Matt,2,7,9,25,2,sahidica.matthew.2.7,sahidic.psalms.9.25
Matt,2,7,9,26,2,sahidica.matthew.2.7,sahidic.psalms.9.26
Matt,2,7,9,27,2,sahidica.matthew.2.7,sahidic.psalms.9.27
Matt,2,7,9,28,2,sahidica.matthew.2.7,sahidic.psalms.9.28
Matt,2,7,9,29,2,sahidica.matthew.2.7,sahidic.psalms.9.29
Matt,2,7,9,30,2,sahidica.matthew.2.7,sahidic.psalms.9.30
Matt,2,7,9,31,2,sahidica.matthew.2.7,sahidic.psalms.9.31
Matt,2,7,9,32,2,sahidica.matthew.2.7,sahidic.psalms.9.32
Matt,2,7,9,33,2,sahidica.matthew.2.7,sahidic.psalms.9.33
Matt,2,7,9,34,2,sahidica.matthew.2.7,sahidic.psalms.9.34
Matt,2,7,9,35,2,sahidica.matthew.2.7,sahidic.psalms.9.35
Matt,2,7,9,36,2,sahidica.matthew.2.7,sahidic.psalms.9.36
Matt,2,7,9,37,2,sahidica.matthew.2.7,sahidic.psalms.9.37
Matt,2,7,9,38,2,sahidica.matthew.2.7,sahidic.psalms.9.38
Matt,2,7,82,3,2,sahidica.matthew.2.7,sahidic.psalms.82.3
Matt,2,7,82,4,2,sahidica.matthew.2.7,sahidic.psalms.82.4
Matt,2,8,11,2,2,sahidica.matthew.2.8,sahidic.psalms.11.2
Matt,2,8,11,3,2,sahidica.matthew.2.8,sahidic.psalms.11.3
Matt,2,8,54,11,2,sahidica.matthew.2.8,sahidic.psalms.54.11
Matt,2,8,54,12,2,sahidica.matthew.2.8,sahidic.psalms.54.12
Matt,2,8,54,13,2,sahidica.matthew.2.8,sahidic.psalms.54.13
Matt,2,8,54,14,2,sahidica.matthew.2.8,sahidic.psalms.54.14
Matt,2,8,54,15,2,sahidica.matthew.2.8,sahidic.psalms.54.15
Matt,2,8,32,10,2,sahidica.matthew.2.8,sahidic.psalms.32.10
Matt,2,8,32,11,2,sahidica.matthew.2.8,sahidic.psalms.32.11
Matt,3,6,31,5,2,sahidica.matthew.3.6,sahidic.psalms.31.5
Matt,3,7,57,3,2,sahidica.matthew.3.7,sahidic.psalms.57.3
Matt,3,7,57,4,2,sahidica.matthew.3.7,sahidic.psalms.57.4
Matt,3,7,57,5,2,sahidica.matthew.3.7,sahidic.psalms.57.5
Matt,3,7,57,6,2,sahidica.matthew.3.7,sahidic.psalms.57.6
Matt,4,9,112,7,2,sahidica.matthew.4.9,sahidic.psalms.112.7
Matt,4,9,112,8,2,sahidica.matthew.4.9,sahidic.psalms.112.8
Matt,4,18,77,70,2,sahidica.matthew.4.18,sahidic.psalms.77.70
Matt,4,18,77,71,2,sahidica.matthew.4.18,sahidic.psalms.77.71
Matt,4,18,77,72,2,sahidica.matthew.4.18,sahidic.psalms.77.72
Matt,5,22,7,4,2,sahidica.matthew.5.22,sahidic.psalms.7.4
Matt,5,35,86,2,2,sahidica.matthew.5.35,sahidic.psalms.86.2
Matt,6,4,16,3,2,sahidica.matthew.6.4,sahidic.psalms.16.3
Matt,6,30,89,5,2,sahidica.matthew.6.30,sahidic.psalms.89.5
Matt,6,30,89,6,2,sahidica.matthew.6.30,sahidic.psalms.89.6
Matt,8,11,97,3,2,sahidica.matthew.8.11,sahidic.psalms.97.3
Matt,8,11,21,27,2,sahidica.matthew.8.11,sahidic.psalms.21.27
Matt,8,20,103,17,2,sahidica.matthew.8.20,sahidic.psalms.103.17
Matt,8,26,92,3,2,sahidica.matthew.8.26,sahidic.psalms.92.3
Matt,8,26,92,4,2,sahidica.matthew.8.26,sahidic.psalms.92.4
Matt,8,26,113,1,2,sahidica.matthew.8.26,sahidic.psalms.113.1
Matt,8,26,113,2,2,sahidica.matthew.8.26,sahidic.psalms.113.2
Matt,8,26,113,3,2,sahidica.matthew.8.26,sahidic.psalms.113.3
Matt,8,26,113,4,2,sahidica.matthew.8.26,sahidic.psalms.113.4
Matt,8,26,113,5,2,sahidica.matthew.8.26,sahidic.psalms.113.5
Matt,8,26,113,6,2,sahidica.matthew.8.26,sahidic.psalms.113.6
Matt,8,26,113,7,2,sahidica.matthew.8.26,sahidic.psalms.113.7
Matt,8,26,113,8,2,sahidica.matthew.8.26,sahidic.psalms.113.8
Matt,8,26,113,9,2,sahidica.matthew.8.26,sahidic.psalms.113.9
Matt,8,26,113,10,2,sahidica.matthew.8.26,sahidic.psalms.113.10
Matt,8,26,113,11,2,sahidica.matthew.8.26,sahidic.psalms.113.11
Matt,8,26,113,12,2,sahidica.matthew.8.26,sahidic.psalms.113.12
Matt,8,26,113,13,2,sahidica.matthew.8.26,sahidic.psalms.113.13
Matt,8,26,113,14,2,sahidica.matthew.8.26,sahidic.psalms.113.14
Matt,8,26,113,15,2,sahidica.matthew.8.26,sahidic.psalms.113.15
Matt,8,26,113,16,2,sahidica.matthew.8.26,sahidic.psalms.113.16
Matt,8,26,113,17,2,sahidica.matthew.8.26,sahidic.psalms.113.17
Matt,8,26,113,18,2,sahidica.matthew.8.26,sahidic.psalms.113.18
Matt,8,26,113,19,2,sahidica.matthew.8.26,sahidic.psalms.113.19
Matt,8,26,113,20,2,sahidica.matthew.8.26,sahidic.psalms.113.20
Matt,8,26,113,21,2,sahidica.matthew.8.26,sahidic.psalms.113.21
Matt,8,26,113,22,2,sahidica.matthew.8.26,sahidic.psalms.113.22
Matt,8,26,113,23,2,sahidica.matthew.8.26,sahidic.psalms.113.23
Matt,8,26,113,24,2,sahidica.matthew.8.26,sahidic.psalms.113.24
Matt,8,26,113,25,2,sahidica.matthew.8.26,sahidic.psalms.113.25
Matt,8,26,113,26,2,sahidica.matthew.8.26,sahidic.psalms.113.26
Matt,8,26,103,6,2,sahidica.matthew.8.26,sahidic.psalms.103.6
Matt,8,26,103,7,2,sahidica.matthew.8.26,sahidic.psalms.103.7
Matt,8,26,103,8,2,sahidica.matthew.8.26,sahidic.psalms.103.8
Matt,8,26,103,9,2,sahidica.matthew.8.26,sahidic.psalms.103.9
Matt,9,24,21,6,2,sahidica.matthew.9.24,sahidic.psalms.21.6
Matt,9,24,21,7,2,sahidica.matthew.9.24,sahidic.psalms.21.7
Matt,9,33,75,1,2,sahidica.matthew.9.33,sahidic.psalms.75.1
Matt,9,38,67,18,2,sahidica.matthew.9.38,sahidic.psalms.67.18
Matt,10,13,34,13,2,sahidica.matthew.10.13,sahidic.psalms.34.13
Matt,10,18,2,1,2,sahidica.matthew.10.18,sahidic.psalms.2.1
Matt,10,18,2,2,2,sahidica.matthew.10.18,sahidic.psalms.2.2
Matt,10,18,2,3,2,sahidica.matthew.10.18,sahidic.psalms.2.3
Matt,10,18,2,4,2,sahidica.matthew.10.18,sahidic.psalms.2.4
Matt,10,18,2,5,2,sahidica.matthew.10.18,sahidic.psalms.2.5
Matt,10,18,2,6,2,sahidica.matthew.10.18,sahidic.psalms.2.6
Matt,11,5,71,12,2,sahidica.matthew.11.5,sahidic.psalms.71.12
Matt,11,5,71,13,2,sahidica.matthew.11.5,sahidic.psalms.71.13
Matt,11,5,21,26,2,sahidica.matthew.11.5,sahidic.psalms.21.26
Matt,11,19,91,5,2,sahidica.matthew.11.19,sahidic.psalms.91.5
Matt,11,19,91,6,2,sahidica.matthew.11.19,sahidic.psalms.91.6
Matt,12,18,88,19,2,sahidica.matthew.12.18,sahidic.psalms.88.19
Matt,13,32,71,16,2,sahidica.matthew.13.32,sahidic.psalms.71.16
Matt,13,32,71,17,2,sahidica.matthew.13.32,sahidic.psalms.71.17
Matt,13,32,71,18,2,sahidica.matthew.13.32,sahidic.psalms.71.18
Matt,13,32,71,19,2,sahidica.matthew.13.32,sahidic.psalms.71.19
Matt,13,38,21,30,2,sahidica.matthew.13.38,sahidic.psalms.21.30
Matt,14,17,77,19,2,sahidica.matthew.14.17,sahidic.psalms.77.19
Matt,14,17,77,20,2,sahidica.matthew.14.17,sahidic.psalms.77.20
Matt,15,6,118,139,2,sahidica.matthew.15.6,sahidic.psalms.118.139
Matt,15,22,6,2,2,sahidica.matthew.15.22,sahidic.psalms.6.2
Matt,15,23,27,1,2,sahidica.matthew.15.23,sahidic.psalms.27.1
Matt,15,37,106,9,2,sahidica.matthew.15.37,sahidic.psalms.106.9
Matt,17,4,62,1,2,sahidica.matthew.17.4,sahidic.psalms.62.1
Matt,17,4,62,2,2,sahidica.matthew.17.4,sahidic.psalms.62.2
Matt,17,4,62,3,2,sahidica.matthew.17.4,sahidic.psalms.62.3
Matt,17,4,62,4,2,sahidica.matthew.17.4,sahidic.psalms.62.4
Matt,17,4,62,5,2,sahidica.matthew.17.4,sahidic.psalms.62.5
Matt,17,5,17,10,2,sahidica.matthew.17.5,sahidic.psalms.17.10
Matt,17,5,17,11,2,sahidica.matthew.17.5,sahidic.psalms.17.11
Matt,18,24,39,12,2,sahidica.matthew.18.24,sahidic.psalms.39.12
Matt,18,27,85,5,2,sahidica.matthew.18.27,sahidic.psalms.85.5
Matt,18,27,77,38,2,sahidica.matthew.18.27,sahidic.psalms.77.38
Matt,18,31,118,136,2,sahidica.matthew.18.31,sahidic.psalms.118.136
Matt,19,21,36,37,2,sahidica.matthew.19.21,sahidic.psalms.36.37
Matt,19,22,16,14,2,sahidica.matthew.19.22,sahidic.psalms.16.14
Matt,19,23,48,6,2,sahidica.matthew.19.23,sahidic.psalms.48.6
Matt,19,23,48,7,2,sahidica.matthew.19.23,sahidic.psalms.48.7
Matt,19,23,48,16,2,sahidica.matthew.19.23,sahidic.psalms.48.16
Matt,19,23,48,17,2,sahidica.matthew.19.23,sahidic.psalms.48.17
Matt,19,23,48,18,2,sahidica.matthew.19.23,sahidic.psalms.48.18
Matt,19,23,48,19,2,sahidica.matthew.19.23,sahidic.psalms.48.19
Matt,20,18,21,1,2,sahidica.matthew.20.18,sahidic.psalms.21.1
Matt,20,18,21,2,2,sahidica.matthew.20.18,sahidic.psalms.21.2
Matt,20,18,21,3,2,sahidica.matthew.20.18,sahidic.psalms.21.3
Matt,20,18,21,4,2,sahidica.matthew.20.18,sahidic.psalms.21.4
Matt,20,18,21,5,2,sahidica.matthew.20.18,sahidic.psalms.21.5
Matt,20,18,21,6,2,sahidica.matthew.20.18,sahidic.psalms.21.6
Matt,20,18,21,7,2,sahidica.matthew.20.18,sahidic.psalms.21.7
Matt,20,18,21,8,2,sahidica.matthew.20.18,sahidic.psalms.21.8
Matt,20,18,21,9,2,sahidica.matthew.20.18,sahidic.psalms.21.9
Matt,20,18,21,10,2,sahidica.matthew.20.18,sahidic.psalms.21.10
Matt,20,18,21,11,2,sahidica.matthew.20.18,sahidic.psalms.21.11
Matt,20,18,21,12,2,sahidica.matthew.20.18,sahidic.psalms.21.12
Matt,20,18,21,13,2,sahidica.matthew.20.18,sahidic.psalms.21.13
Matt,20,18,21,14,2,sahidica.matthew.20.18,sahidic.psalms.21.14
Matt,20,18,21,15,2,sahidica.matthew.20.18,sahidic.psalms.21.15
Matt,20,18,21,16,2,sahidica.matthew.20.18,sahidic.psalms.21.16
Matt,20,18,21,17,2,sahidica.matthew.20.18,sahidic.psalms.21.17
Matt,20,18,21,18,2,sahidica.matthew.20.18,sahidic.psalms.21.18
Matt,20,18,21,19,2,sahidica.matthew.20.18,sahidic.psalms.21.19
Matt,20,18,21,20,2,sahidica.matthew.20.18,sahidic.psalms.21.20
Matt,20,18,21,21,2,sahidica.matthew.20.18,sahidic.psalms.21.21
Matt,20,18,21,22,2,sahidica.matthew.20.18,sahidic.psalms.21.22
Matt,20,18,21,23,2,sahidica.matthew.20.18,sahidic.psalms.21.23
Matt,20,18,21,24,2,sahidica.matthew.20.18,sahidic.psalms.21.24
Matt,20,18,21,25,2,sahidica.matthew.20.18,sahidic.psalms.21.25
Matt,20,18,21,26,2,sahidica.matthew.20.18,sahidic.psalms.21.26
Matt,20,18,21,27,2,sahidica.matthew.20.18,sahidic.psalms.21.27
Matt,20,18,21,28,2,sahidica.matthew.20.18,sahidic.psalms.21.28
Matt,20,18,21,29,2,sahidica.matthew.20.18,sahidic.psalms.21.29
Matt,20,18,21,30,2,sahidica.matthew.20.18,sahidic.psalms.21.30
Matt,20,18,21,31,2,sahidica.matthew.20.18,sahidic.psalms.21.31
Matt,20,18,2,1,2,sahidica.matthew.20.18,sahidic.psalms.2.1
Matt,20,18,2,2,2,sahidica.matthew.20.18,sahidic.psalms.2.2
Matt,20,18,2,3,2,sahidica.matthew.20.18,sahidic.psalms.2.3
Matt,20,18,68,1,2,sahidica.matthew.20.18,sahidic.psalms.68.1
Matt,20,18,68,2,2,sahidica.matthew.20.18,sahidic.psalms.68.2
Matt,20,18,68,3,2,sahidica.matthew.20.18,sahidic.psalms.68.3
Matt,20,18,68,4,2,sahidica.matthew.20.18,sahidic.psalms.68.4
Matt,20,18,68,5,2,sahidica.matthew.20.18,sahidic.psalms.68.5
Matt,20,18,68,6,2,sahidica.matthew.20.18,sahidic.psalms.68.6
Matt,20,18,68,7,2,sahidica.matthew.20.18,sahidic.psalms.68.7
Matt,20,18,68,8,2,sahidica.matthew.20.18,sahidic.psalms.68.8
Matt,20,18,68,9,2,sahidica.matthew.20.18,sahidic.psalms.68.9
Matt,20,18,68,10,2,sahidica.matthew.20.18,sahidic.psalms.68.10
Matt,20,18,68,11,2,sahidica.matthew.20.18,sahidic.psalms.68.11
Matt,20,18,68,12,2,sahidica.matthew.20.18,sahidic.psalms.68.12
Matt,20,18,68,13,2,sahidica.matthew.20.18,sahidic.psalms.68.13
Matt,20,18,68,14,2,sahidica.matthew.20.18,sahidic.psalms.68.14
Matt,20,18,68,15,2,sahidica.matthew.20.18,sahidic.psalms.68.15
Matt,20,18,68,16,2,sahidica.matthew.20.18,sahidic.psalms.68.16
Matt,20,18,68,17,2,sahidica.matthew.20.18,sahidic.psalms.68.17
Matt,20,18,68,18,2,sahidica.matthew.20.18,sahidic.psalms.68.18
Matt,20,18,68,19,2,sahidica.matthew.20.18,sahidic.psalms.68.19
Matt,20,18,68,20,2,sahidica.matthew.20.18,sahidic.psalms.68.20
Matt,20,18,68,21,2,sahidica.matthew.20.18,sahidic.psalms.68.21
Matt,20,18,68,22,2,sahidica.matthew.20.18,sahidic.psalms.68.22
Matt,20,18,68,23,2,sahidica.matthew.20.18,sahidic.psalms.68.23
Matt,20,18,68,24,2,sahidica.matthew.20.18,sahidic.psalms.68.24
Matt,20,18,68,25,2,sahidica.matthew.20.18,sahidic.psalms.68.25
Matt,20,18,68,26,2,sahidica.matthew.20.18,sahidic.psalms.68.26
Matt,20,18,68,27,2,sahidica.matthew.20.18,sahidic.psalms.68.27
Matt,20,18,68,28,2,sahidica.matthew.20.18,sahidic.psalms.68.28
Matt,20,18,68,29,2,sahidica.matthew.20.18,sahidic.psalms.68.29
Matt,20,18,68,30,2,sahidica.matthew.20.18,sahidic.psalms.68.30
Matt,20,18,68,31,2,sahidica.matthew.20.18,sahidic.psalms.68.31
Matt,20,18,68,32,2,sahidica.matthew.20.18,sahidic.psalms.68.32
Matt,20,18,68,33,2,sahidica.matthew.20.18,sahidic.psalms.68.33
Matt,20,18,68,34,2,sahidica.matthew.20.18,sahidic.psalms.68.34
Matt,20,18,68,35,2,sahidica.matthew.20.18,sahidic.psalms.68.35
Matt,20,18,68,36,2,sahidica.matthew.20.18,sahidic.psalms.68.36
Matt,20,30,145,8,2,sahidica.matthew.20.30,sahidic.psalms.145.8
Matt,21,32,80,11,2,sahidica.matthew.21.32,sahidic.psalms.80.11
Matt,21,32,80,12,2,sahidica.matthew.21.32,sahidic.psalms.80.12
Matt,21,38,2,2,2,sahidica.matthew.21.38,sahidic.psalms.2.2
Matt,21,38,2,3,2,sahidica.matthew.21.38,sahidic.psalms.2.3
Matt,21,38,2,4,2,sahidica.matthew.21.38,sahidic.psalms.2.4
Matt,21,38,2,5,2,sahidica.matthew.21.38,sahidic.psalms.2.5
Matt,21,38,2,6,2,sahidica.matthew.21.38,sahidic.psalms.2.6
Matt,21,38,2,7,2,sahidica.matthew.21.38,sahidic.psalms.2.7
Matt,21,38,2,8,2,sahidica.matthew.21.38,sahidic.psalms.2.8
Matt,21,41,2,4,2,sahidica.matthew.21.41,sahidic.psalms.2.4
Matt,21,41,2,5,2,sahidica.matthew.21.41,sahidic.psalms.2.5
Matt,21,41,2,9,2,sahidica.matthew.21.41,sahidic.psalms.2.9
Matt,21,44,2,12,2,sahidica.matthew.21.44,sahidic.psalms.2.12
Matt,21,44,2,9,2,sahidica.matthew.21.44,sahidic.psalms.2.9
Matt,22,2,44,10,2,sahidica.matthew.22.2,sahidic.psalms.44.10
Matt,22,2,44,11,2,sahidica.matthew.22.2,sahidic.psalms.44.11
Matt,22,2,44,12,2,sahidica.matthew.22.2,sahidic.psalms.44.12
Matt,22,2,44,13,2,sahidica.matthew.22.2,sahidic.psalms.44.13
Matt,22,2,44,14,2,sahidica.matthew.22.2,sahidic.psalms.44.14
Matt,22,2,44,15,2,sahidica.matthew.22.2,sahidic.psalms.44.15
Matt,22,2,44,16,2,sahidica.matthew.22.2,sahidic.psalms.44.16
Matt,22,3,67,11,2,sahidica.matthew.22.3,sahidic.psalms.67.11
Matt,22,4,85,5,2,sahidica.matthew.22.4,sahidic.psalms.85.5
Matt,22,5,105,24,2,sahidica.matthew.22.5,sahidic.psalms.105.24
Matt,22,5,105,25,2,sahidica.matthew.22.5,sahidic.psalms.105.25
Matt,22,13,36,12,2,sahidica.matthew.22.13,sahidic.psalms.36.12
Matt,22,13,111,10,2,sahidica.matthew.22.13,sahidic.psalms.111.10
Matt,22,15,58,3,2,sahidica.matthew.22.15,sahidic.psalms.58.3
Matt,22,16,11,2,2,sahidica.matthew.22.16,sahidic.psalms.11.2
Matt,22,16,5,9,2,sahidica.matthew.22.16,sahidic.psalms.5.9
Matt,22,16,54,21,2,sahidica.matthew.22.16,sahidic.psalms.54.21
Matt,23,17,93,8,2,sahidica.matthew.23.17,sahidic.psalms.93.8
Matt,23,21,131,13,2,sahidica.matthew.23.21,sahidic.psalms.131.13
Matt,23,21,131,14,2,sahidica.matthew.23.21,sahidic.psalms.131.14
Matt,24,21,68,22,2,sahidica.matthew.24.21,sahidic.psalms.68.22
Matt,24,21,68,23,2,sahidica.matthew.24.21,sahidic.psalms.68.23
Matt,24,21,68,24,2,sahidica.matthew.24.21,sahidic.psalms.68.24
Matt,24,21,68,25,2,sahidica.matthew.24.21,sahidic.psalms.68.25
Matt,24,21,68,26,2,sahidica.matthew.24.21,sahidic.psalms.68.26
Matt,24,21,68,27,2,sahidica.matthew.24.21,sahidic.psalms.68.27
Matt,24,21,68,28,2,sahidica.matthew.24.21,sahidic.psalms.68.28
Matt,25,12,1,6,2,sahidica.matthew.25.12,sahidic.psalms.1.6
Matt,25,12,5,5,2,sahidica.matthew.25.12,sahidic.psalms.5.5
Matt,26,3,93,20,2,sahidica.matthew.26.3,sahidic.psalms.93.20
Matt,26,3,93,21,2,sahidica.matthew.26.3,sahidic.psalms.93.21
Matt,26,3,55,6,2,sahidica.matthew.26.3,sahidic.psalms.55.6
Matt,26,3,63,4,2,sahidica.matthew.26.3,sahidic.psalms.63.4
Matt,26,3,63,5,2,sahidica.matthew.26.3,sahidic.psalms.63.5
Matt,26,3,63,6,2,sahidica.matthew.26.3,sahidic.psalms.63.6
Matt,26,13,97,2,2,sahidica.matthew.26.13,sahidic.psalms.97.2
Matt,26,13,97,3,2,sahidica.matthew.26.13,sahidic.psalms.97.3
Matt,26,24,68,1,2,sahidica.matthew.26.24,sahidic.psalms.68.1
Matt,26,24,68,2,2,sahidica.matthew.26.24,sahidic.psalms.68.2
Matt,26,24,68,3,2,sahidica.matthew.26.24,sahidic.psalms.68.3
Matt,26,24,68,4,2,sahidica.matthew.26.24,sahidic.psalms.68.4
Matt,26,24,68,5,2,sahidica.matthew.26.24,sahidic.psalms.68.5
Matt,26,24,68,6,2,sahidica.matthew.26.24,sahidic.psalms.68.6
Matt,26,24,68,7,2,sahidica.matthew.26.24,sahidic.psalms.68.7
Matt,26,24,68,8,2,sahidica.matthew.26.24,sahidic.psalms.68.8
Matt,26,24,68,9,2,sahidica.matthew.26.24,sahidic.psalms.68.9
Matt,26,24,68,10,2,sahidica.matthew.26.24,sahidic.psalms.68.10
Matt,26,24,68,11,2,sahidica.matthew.26.24,sahidic.psalms.68.11
Matt,26,24,68,12,2,sahidica.matthew.26.24,sahidic.psalms.68.12
Matt,26,24,68,13,2,sahidica.matthew.26.24,sahidic.psalms.68.13
Matt,26,24,68,14,2,sahidica.matthew.26.24,sahidic.psalms.68.14
Matt,26,24,68,15,2,sahidica.matthew.26.24,sahidic.psalms.68.15
Matt,26,24,68,16,2,sahidica.matthew.26.24,sahidic.psalms.68.16
Matt,26,24,68,17,2,sahidica.matthew.26.24,sahidic.psalms.68.17
Matt,26,24,68,18,2,sahidica.matthew.26.24,sahidic.psalms.68.18
Matt,26,24,68,19,2,sahidica.matthew.26.24,sahidic.psalms.68.19
Matt,26,24,68,20,2,sahidica.matthew.26.24,sahidic.psalms.68.20
Matt,26,24,68,21,2,sahidica.matthew.26.24,sahidic.psalms.68.21
Matt,26,24,108,6,2,sahidica.matthew.26.24,sahidic.psalms.108.6
Matt,26,24,108,7,2,sahidica.matthew.26.24,sahidic.psalms.108.7
Matt,26,24,108,8,2,sahidica.matthew.26.24,sahidic.psalms.108.8
Matt,26,24,108,9,2,sahidica.matthew.26.24,sahidic.psalms.108.9
Matt,26,24,108,10,2,sahidica.matthew.26.24,sahidic.psalms.108.10
Matt,26,24,108,11,2,sahidica.matthew.26.24,sahidic.psalms.108.11
Matt,26,24,108,12,2,sahidica.matthew.26.24,sahidic.psalms.108.12
Matt,26,24,108,13,2,sahidica.matthew.26.24,sahidic.psalms.108.13
Matt,26,24,108,14,2,sahidica.matthew.26.24,sahidic.psalms.108.14
Matt,26,24,108,15,2,sahidica.matthew.26.24,sahidic.psalms.108.15
Matt,26,24,108,16,2,sahidica.matthew.26.24,sahidic.psalms.108.16
Matt,26,24,108,17,2,sahidica.matthew.26.24,sahidic.psalms.108.17
Matt,26,24,108,18,2,sahidica.matthew.26.24,sahidic.psalms.108.18
Matt,26,24,108,19,2,sahidica.matthew.26.24,sahidic.psalms.108.19
Matt,26,29,4,7,2,sahidica.matthew.26.29,sahidic.psalms.4.7
Matt,26,29,103,15,2,sahidica.matthew.26.29,sahidic.psalms.103.15
Matt,26,33,16,5,2,sahidica.matthew.26.33,sahidic.psalms.16.5
Matt,26,33,118,116,2,sahidica.matthew.26.33,sahidic.psalms.118.116
Matt,26,33,118,117,2,sahidica.matthew.26.33,sahidic.psalms.118.117
Matt,26,38,87,1,2,sahidica.matthew.26.38,sahidic.psalms.87.1
Matt,26,38,87,2,2,sahidica.matthew.26.38,sahidic.psalms.87.2
Matt,26,38,87,3,2,sahidica.matthew.26.38,sahidic.psalms.87.3
Matt,26,38,87,4,2,sahidica.matthew.26.38,sahidic.psalms.87.4
Matt,26,38,87,5,2,sahidica.matthew.26.38,sahidic.psalms.87.5
Matt,26,38,87,6,2,sahidica.matthew.26.38,sahidic.psalms.87.6
Matt,26,38,87,7,2,sahidica.matthew.26.38,sahidic.psalms.87.7
Matt,26,57,55,5,2,sahidica.matthew.26.57,sahidic.psalms.55.5
Matt,26,57,55,6,2,sahidica.matthew.26.57,sahidic.psalms.55.6
Matt,26,59,93,20,2,sahidica.matthew.26.59,sahidic.psalms.93.20
Matt,26,59,93,21,2,sahidica.matthew.26.59,sahidic.psalms.93.21
Matt,26,59,26,12,2,sahidica.matthew.26.59,sahidic.psalms.26.12
Matt,26,59,34,11,2,sahidica.matthew.26.59,sahidic.psalms.34.11
Matt,26,59,34,12,2,sahidica.matthew.26.59,sahidic.psalms.34.12
Matt,26,63,37,12,2,sahidica.matthew.26.63,sahidic.psalms.37.12
Matt,26,63,37,13,2,sahidica.matthew.26.63,sahidic.psalms.37.13
Matt,26,63,37,14,2,sahidica.matthew.26.63,sahidic.psalms.37.14
Matt,26,63,2,6,2,sahidica.matthew.26.63,sahidic.psalms.2.6
Matt,26,63,2,7,2,sahidica.matthew.26.63,sahidic.psalms.2.7
Matt,26,69,1,1,2,sahidica.matthew.26.69,sahidic.psalms.1.1
Matt,26,70,118,115,2,sahidica.matthew.26.70,sahidic.psalms.118.115
Matt,26,70,118,116,2,sahidica.matthew.26.70,sahidic.psalms.118.116
Matt,26,70,118,117,2,sahidica.matthew.26.70,sahidic.psalms.118.117
Matt,27,5,54,23,2,sahidica.matthew.27.5,sahidic.psalms.54.23
Matt,27,18,105,16,2,sahidica.matthew.27.18,sahidic.psalms.105.16
Matt,27,22,21,8,2,sahidica.matthew.27.22,sahidic.psalms.21.8
Matt,27,22,21,9,2,sahidica.matthew.27.22,sahidic.psalms.21.9
Matt,27,29,34,15,2,sahidica.matthew.27.29,sahidic.psalms.34.15
Matt,27,29,34,16,2,sahidica.matthew.27.29,sahidic.psalms.34.16
Matt,27,29,68,7,2,sahidica.matthew.27.29,sahidic.psalms.68.7
Matt,27,39,68,20,2,sahidica.matthew.27.39,sahidic.psalms.68.20
Matt,27,39,21,17,2,sahidica.matthew.27.39,sahidic.psalms.21.17
Matt,27,39,30,11,2,sahidica.matthew.27.39,sahidic.psalms.30.11
Matt,27,39,30,12,2,sahidica.matthew.27.39,sahidic.psalms.30.12
Matt,27,39,30,13,2,sahidica.matthew.27.39,sahidic.psalms.30.13
Matt,27,39,108,2,2,sahidica.matthew.27.39,sahidic.psalms.108.2
Matt,27,39,68,7,2,sahidica.matthew.27.39,sahidic.psalms.68.7
Matt,27,39,68,8,2,sahidica.matthew.27.39,sahidic.psalms.68.8
Matt,27,39,68,9,2,sahidica.matthew.27.39,sahidic.psalms.68.9
Matt,27,39,68,10,2,sahidica.matthew.27.39,sahidic.psalms.68.10
Matt,27,39,68,11,2,sahidica.matthew.27.39,sahidic.psalms.68.11
Matt,27,39,68,12,2,sahidica.matthew.27.39,sahidic.psalms.68.12
Matt,27,39,21,6,2,sahidica.matthew.27.39,sahidic.psalms.21.6
Matt,27,39,21,7,2,sahidica.matthew.27.39,sahidic.psalms.21.7
Matt,27,39,34,15,2,sahidica.matthew.27.39,sahidic.psalms.34.15
Matt,27,39,34,16,2,sahidica.matthew.27.39,sahidic.psalms.34.16
Matt,27,39,34,17,2,sahidica.matthew.27.39,sahidic.psalms.34.17
Matt,27,39,34,18,2,sahidica.matthew.27.39,sahidic.psalms.34.18
Matt,27,39,34,19,2,sahidica.matthew.27.39,sahidic.psalms.34.19
Matt,27,39,34,20,2,sahidica.matthew.27.39,sahidic.psalms.34.20
Matt,27,39,34,21,2,sahidica.matthew.27.39,sahidic.psalms.34.21
Matt,27,41,21,12,2,sahidica.matthew.27.41,sahidic.psalms.21.12
Matt,27,41,21,13,2,sahidica.matthew.27.41,sahidic.psalms.21.13
Matt,27,43,70,11,2,sahidica.matthew.27.43,sahidic.psalms.70.11
Matt,27,43,41,10,2,sahidica.matthew.27.43,sahidic.psalms.41.10
Matt,27,43,13,6,2,sahidica.matthew.27.43,sahidic.psalms.13.6
Matt,27,43,3,2,2,sahidica.matthew.27.43,sahidic.psalms.3.2
Matt,27,51,17,7,2,sahidica.matthew.27.51,sahidic.psalms.17.7
Matt,27,51,17,15,2,sahidica.matthew.27.51,sahidic.psalms.17.15
Matt,27,62,2,1,2,sahidica.matthew.27.62,sahidic.psalms.2.1
Matt,27,62,2,2,2,sahidica.matthew.27.62,sahidic.psalms.2.2
Matt,27,62,2,3,2,sahidica.matthew.27.62,sahidic.psalms.2.3
Matt,27,62,2,4,2,sahidica.matthew.27.62,sahidic.psalms.2.4
Matt,27,62,2,5,2,sahidica.matthew.27.62,sahidic.psalms.2.5
Matt,27,62,2,6,2,sahidica.matthew.27.62,sahidic.psalms.2.6
Matt,28,10,102,8,2,sahidica.matthew.28.10,sahidic.psalms.102.8
Matt,28,10,102,9,2,sahidica.matthew.28.10,sahidic.psalms.102.9
Matt,28,10,102,10,2,sahidica.matthew.28.10,sahidic.psalms.102.10
Matt,28,10,102,11,2,sahidica.matthew.28.10,sahidic.psalms.102.11
Matt,28,10,102,12,2,sahidica.matthew.28.10,sahidic.psalms.102.12
Matt,28,10,102,13,2,sahidica.matthew.28.10,sahidic.psalms.102.13
Matt,28,12,2,1,2,sahidica.matthew.28.12,sahidic.psalms.2.1
Matt,28,12,2,2,2,sahidica.matthew.28.12,sahidic.psalms.2.2
Matt,28,12,2,3,2,sahidica.matthew.28.12,sahidic.psalms.2.3
Matt,28,12,2,4,2,sahidica.matthew.28.12,sahidic.psalms.2.4
Matt,28,12,2,5,2,sahidica.matthew.28.12,sahidic.psalms.2.5
Matt,28,12,2,6,2,sahidica.matthew.28.12,sahidic.psalms.2.6
Matt,28,12,2,7,2,sahidica.matthew.28.12,sahidic.psalms.2.7
Heb,1,8,71,1,2,sahidica.hebrews.1.8,sahidic.psalms.71.1
Heb,1,8,71,2,2,sahidica.hebrews.1.8,sahidic.psalms.71.2
Heb,1,8,71,3,2,sahidica.hebrews.1.8,sahidic.psalms.71.3
Heb,1,8,71,4,2,sahidica.hebrews.1.8,sahidic.psalms.71.4
Heb,1,9,88,26,2,sahidica.hebrews.1.9,sahidic.psalms.88.26
Heb,1,9,2,6,2,sahidica.hebrews.1.9,sahidic.psalms.2.6
Heb,1,9,2,2,2,sahidica.hebrews.1.9,sahidic.psalms.2.2
Heb,1,9,39,8,2,sahidica.hebrews.1.9,sahidic.psalms.39.8
Heb,1,9,36,28,2,sahidica.hebrews.1.9,sahidic.psalms.36.28
Heb,1,11,28,10,2,sahidica.hebrews.1.11,sahidic.psalms.28.10
Heb,2,12,21,25,2,sahidica.hebrews.2.12,sahidic.psalms.21.25
Heb,2,13,126,3,2,sahidica.hebrews.2.13,sahidic.psalms.126.3
Heb,2,13,15,1,2,sahidica.hebrews.2.13,sahidic.psalms.15.1
Heb,3,10,146,1,2,sahidica.hebrews.3.10,sahidic.psalms.146.1
Heb,3,10,146,2,2,sahidica.hebrews.3.10,sahidic.psalms.146.2
Heb,3,10,146,3,2,sahidica.hebrews.3.10,sahidic.psalms.146.3
Heb,3,10,146,4,2,sahidica.hebrews.3.10,sahidic.psalms.146.4
Heb,3,10,146,5,2,sahidica.hebrews.3.10,sahidic.psalms.146.5
Heb,3,10,146,6,2,sahidica.hebrews.3.10,sahidic.psalms.146.6
Heb,3,10,146,7,2,sahidica.hebrews.3.10,sahidic.psalms.146.7
Heb,3,10,146,8,2,sahidica.hebrews.3.10,sahidic.psalms.146.8
Heb,3,10,146,9,2,sahidica.hebrews.3.10,sahidic.psalms.146.9
Heb,3,10,146,10,2,sahidica.hebrews.3.10,sahidic.psalms.146.10
Heb,3,10,146,11,2,sahidica.hebrews.3.10,sahidic.psalms.146.11
Heb,3,10,147,1,2,sahidica.hebrews.3.10,sahidic.psalms.147.1
Heb,3,10,147,2,2,sahidica.hebrews.3.10,sahidic.psalms.147.2
Heb,3,10,147,3,2,sahidica.hebrews.3.10,sahidic.psalms.147.3
Heb,3,10,147,4,2,sahidica.hebrews.3.10,sahidic.psalms.147.4
Heb,3,10,147,5,2,sahidica.hebrews.3.10,sahidic.psalms.147.5
Heb,3,10,147,6,2,sahidica.hebrews.3.10,sahidic.psalms.147.6
Heb,3,10,147,7,2,sahidica.hebrews.3.10,sahidic.psalms.147.7
Heb,3,10,147,8,2,sahidica.hebrews.3.10,sahidic.psalms.147.8
Heb,3,10,147,9,2,sahidica.hebrews.3.10,sahidic.psalms.147.9
Heb,4,8,104,44,2,sahidica.hebrews.4.8,sahidic.psalms.104.44
Heb,5,9,67,18,2,sahidica.hebrews.5.9,sahidic.psalms.67.18
Heb,5,9,67,19,2,sahidica.hebrews.5.9,sahidic.psalms.67.19
Heb,5,9,67,20,2,sahidica.hebrews.5.9,sahidic.psalms.67.20
Heb,5,9,50,6,2,sahidica.hebrews.5.9,sahidic.psalms.50.6
Heb,6,8,106,34,2,sahidica.hebrews.6.8,sahidic.psalms.106.34
Heb,6,17,35,8,2,sahidica.hebrews.6.17,sahidic.psalms.35.8
Heb,7,1,77,56,2,sahidica.hebrews.7.1,sahidic.psalms.77.56
Heb,7,2,71,1,2,sahidica.hebrews.7.2,sahidic.psalms.71.1
Heb,7,2,71,2,2,sahidica.hebrews.7.2,sahidic.psalms.71.2
Heb,7,2,71,3,2,sahidica.hebrews.7.2,sahidic.psalms.71.3
Heb,7,2,71,7,2,sahidica.hebrews.7.2,sahidic.psalms.71.7
Heb,7,19,72,28,2,sahidica.hebrews.7.19,sahidic.psalms.72.28
Heb,8,1,144,12,2,sahidica.hebrews.8.1,sahidic.psalms.144.12
Heb,9,4,109,2,2,sahidica.hebrews.9.4,sahidic.psalms.109.2
Heb,9,4,109,3,2,sahidica.hebrews.9.4,sahidic.psalms.109.3
Heb,9,7,18,12,2,sahidica.hebrews.9.7,sahidic.psalms.18.12
Heb,9,7,94,10,2,sahidica.hebrews.9.7,sahidic.psalms.94.10
Heb,10,4,49,8,2,sahidica.hebrews.10.4,sahidic.psalms.49.8
Heb,10,4,49,9,2,sahidica.hebrews.10.4,sahidic.psalms.49.9
Heb,10,4,49,10,2,sahidica.hebrews.10.4,sahidic.psalms.49.10
Heb,10,4,49,11,2,sahidica.hebrews.10.4,sahidic.psalms.49.11
Heb,10,4,49,12,2,sahidica.hebrews.10.4,sahidic.psalms.49.12
Heb,10,6,146,1,2,sahidica.hebrews.10.6,sahidic.psalms.146.1
Heb,10,6,146,2,2,sahidica.hebrews.10.6,sahidic.psalms.146.2
Heb,10,6,146,3,2,sahidica.hebrews.10.6,sahidic.psalms.146.3
Heb,10,6,146,4,2,sahidica.hebrews.10.6,sahidic.psalms.146.4
Heb,10,6,146,5,2,sahidica.hebrews.10.6,sahidic.psalms.146.5
Heb,10,6,146,6,2,sahidica.hebrews.10.6,sahidic.psalms.146.6
Heb,10,6,146,7,2,sahidica.hebrews.10.6,sahidic.psalms.146.7
Heb,10,6,146,8,2,sahidica.hebrews.10.6,sahidic.psalms.146.8
Heb,10,6,146,9,2,sahidica.hebrews.10.6,sahidic.psalms.146.9
Heb,10,6,146,10,2,sahidica.hebrews.10.6,sahidic.psalms.146.10
Heb,10,6,146,11,2,sahidica.hebrews.10.6,sahidic.psalms.146.11
Heb,10,6,147,1,2,sahidica.hebrews.10.6,sahidic.psalms.147.1
Heb,10,6,147,2,2,sahidica.hebrews.10.6,sahidic.psalms.147.2
Heb,10,6,147,3,2,sahidica.hebrews.10.6,sahidic.psalms.147.3
Heb,10,6,147,4,2,sahidica.hebrews.10.6,sahidic.psalms.147.4
Heb,10,6,147,5,2,sahidica.hebrews.10.6,sahidic.psalms.147.5
Heb,10,6,147,6,2,sahidica.hebrews.10.6,sahidic.psalms.147.6
Heb,10,6,147,7,2,sahidica.hebrews.10.6,sahidic.psalms.147.7
Heb,10,6,147,8,2,sahidica.hebrews.10.6,sahidic.psalms.147.8
Heb,10,6,147,9,2,sahidica.hebrews.10.6,sahidic.psalms.147.9
Heb,10,27,67,1,2,sahidica.hebrews.10.27,sahidic.psalms.67.1
Heb,10,27,67,2,2,sahidica.hebrews.10.27,sahidic.psalms.67.2
Heb,10,27,20,9,2,sahidica.hebrews.10.27,sahidic.psalms.20.9
Heb,10,33,68,9,2,sahidica.hebrews.10.33,sahidic.psalms.68.9
Heb,10,33,78,12,2,sahidica.hebrews.10.33,sahidic.psalms.78.12
Heb,10,33,88,51,2,sahidica.hebrews.10.33,sahidic.psalms.88.51
Heb,10,33,70,7,2,sahidica.hebrews.10.33,sahidic.psalms.70.7
Heb,11,25,46,9,2,sahidica.hebrews.11.25,sahidic.psalms.46.9
Heb,11,26,68,20,2,sahidica.hebrews.11.26,sahidic.psalms.68.20
Heb,11,26,68,7,2,sahidica.hebrews.11.26,sahidic.psalms.68.7
Heb,11,27,15,8,2,sahidica.hebrews.11.27,sahidic.psalms.15.8
Heb,11,29,113,1,2,sahidica.hebrews.11.29,sahidic.psalms.113.1
Heb,11,29,113,2,2,sahidica.hebrews.11.29,sahidic.psalms.113.2
Heb,11,29,113,3,2,sahidica.hebrews.11.29,sahidic.psalms.113.3
Heb,11,29,113,4,2,sahidica.hebrews.11.29,sahidic.psalms.113.4
Heb,11,29,113,5,2,sahidica.hebrews.11.29,sahidic.psalms.113.5
Heb,11,29,113,6,2,sahidica.hebrews.11.29,sahidic.psalms.113.6
Heb,11,29,113,7,2,sahidica.hebrews.11.29,sahidic.psalms.113.7
Heb,11,29,113,8,2,sahidica.hebrews.11.29,sahidic.psalms.113.8
Heb,11,29,113,9,2,sahidica.hebrews.11.29,sahidic.psalms.113.9
Heb,11,29,113,10,2,sahidica.hebrews.11.29,sahidic.psalms.113.10
Heb,11,29,113,11,2,sahidica.hebrews.11.29,sahidic.psalms.113.11
Heb,11,29,113,12,2,sahidica.hebrews.11.29,sahidic.psalms.113.12
Heb,11,29,113,13,2,sahidica.hebrews.11.29,sahidic.psalms.113.13
Heb,11,29,113,14,2,sahidica.hebrews.11.29,sahidic.psalms.113.14
Heb,11,29,113,15,2,sahidica.hebrews.11.29,sahidic.psalms.113.15
Heb,11,29,113,16,2,sahidica.hebrews.11.29,sahidic.psalms.113.16
Heb,11,29,113,17,2,sahidica.hebrews.11.29,sahidic.psalms.113.17
Heb,11,29,113,18,2,sahidica.hebrews.11.29,sahidic.psalms.113.18
Heb,11,29,113,19,2,sahidica.hebrews.11.29,sahidic.psalms.113.19
Heb,11,29,113,20,2,sahidica.hebrews.11.29,sahidic.psalms.113.20
Heb,11,29,113,21,2,sahidica.hebrews.11.29,sahidic.psalms.113.21
Heb,11,29,113,22,2,sahidica.hebrews.11.29,sahidic.psalms.113.22
Heb,11,29,113,23,2,sahidica.hebrews.11.29,sahidic.psalms.113.23
Heb,11,29,113,24,2,sahidica.hebrews.11.29,sahidic.psalms.113.24
Heb,11,29,113,25,2,sahidica.hebrews.11.29,sahidic.psalms.113.25
Heb,11,29,113,26,2,sahidica.hebrews.11.29,sahidic.psalms.113.26
Heb,11,29,135,13,2,sahidica.hebrews.11.29,sahidic.psalms.135.13
Heb,11,29,135,14,2,sahidica.hebrews.11.29,sahidic.psalms.135.14
Heb,11,29,135,15,2,sahidica.hebrews.11.29,sahidic.psalms.135.15
Heb,11,32,98,6,2,sahidica.hebrews.11.32,sahidic.psalms.98.6
Heb,11,33,43,2,2,sahidica.hebrews.11.33,sahidic.psalms.43.2
Heb,11,33,43,3,2,sahidica.hebrews.11.33,sahidic.psalms.43.3
Heb,11,33,43,4,2,sahidica.hebrews.11.33,sahidic.psalms.43.4
Heb,11,33,43,5,2,sahidica.hebrews.11.33,sahidic.psalms.43.5
Heb,11,33,43,6,2,sahidica.hebrews.11.33,sahidic.psalms.43.6
Heb,11,34,65,12,2,sahidica.hebrews.11.34,sahidic.psalms.65.12
Heb,11,34,6,8,2,sahidica.hebrews.11.34,sahidic.psalms.6.8
Heb,11,36,104,17,2,sahidica.hebrews.11.36,sahidic.psalms.104.17
Heb,11,36,104,18,2,sahidica.hebrews.11.36,sahidic.psalms.104.18
Heb,12,5,6,1,2,sahidica.hebrews.12.5,sahidic.psalms.6.1
Heb,12,5,6,2,2,sahidica.hebrews.12.5,sahidic.psalms.6.2
Heb,12,22,67,17,2,sahidica.hebrews.12.22,sahidic.psalms.67.17
Heb,12,23,68,28,2,sahidica.hebrews.12.23,sahidic.psalms.68.28
Heb,12,23,88,27,2,sahidica.hebrews.12.23,sahidic.psalms.88.27
Heb,12,23,110,1,2,sahidica.hebrews.12.23,sahidic.psalms.110.1
Heb,12,23,88,7,2,sahidica.hebrews.12.23,sahidic.psalms.88.7
Heb,12,23,49,5,2,sahidica.hebrews.12.23,sahidic.psalms.49.5
Heb,12,23,49,6,2,sahidica.hebrews.12.23,sahidic.psalms.49.6
Heb,12,27,101,26,2,sahidica.hebrews.12.27,sahidic.psalms.101.26
Heb,12,27,101,27,2,sahidica.hebrews.12.27,sahidic.psalms.101.27
Heb,12,28,88,7,2,sahidica.hebrews.12.28,sahidic.psalms.88.7
Heb,13,20,79,1,2,sahidica.hebrews.13.20,sahidic.psalms.79.1
Matt,1,6,71,20,1,sahidica.matthew.1.6,sahidic.psalms.71.20
Matt,2,4,2,2,1,sahidica.matthew.2.4,sahidic.psalms.2.2
Matt,5,2,77,1,1,sahidica.matthew.5.2,sahidic.psalms.77.1
Matt,5,2,77,2,1,sahidica.matthew.5.2,sahidic.psalms.77.2
Matt,5,22,91,6,1,sahidica.matthew.5.22,sahidic.psalms.91.6
Matt,5,22,13,1,1,sahidica.matthew.5.22,sahidic.psalms.13.1
Matt,5,22,48,10,1,sahidica.matthew.5.22,sahidic.psalms.48.10
Matt,5,22,68,4,1,sahidica.matthew.5.22,sahidic.psalms.68.4
Matt,5,22,24,3,1,sahidica.matthew.5.22,sahidic.psalms.24.3
Matt,5,22,34,19,1,sahidica.matthew.5.22,sahidic.psalms.34.19
Matt,6,30,91,7,1,sahidica.matthew.6.30,sahidic.psalms.91.7
Matt,8,25,9,1,1,sahidica.matthew.8.25,sahidic.psalms.9.1
Matt,8,25,9,2,1,sahidica.matthew.8.25,sahidic.psalms.9.2
Matt,8,25,9,3,1,sahidica.matthew.8.25,sahidic.psalms.9.3
Matt,8,25,9,4,1,sahidica.matthew.8.25,sahidic.psalms.9.4
Matt,8,25,9,5,1,sahidica.matthew.8.25,sahidic.psalms.9.5
Matt,8,25,9,6,1,sahidica.matthew.8.25,sahidic.psalms.9.6
Matt,8,25,9,7,1,sahidica.matthew.8.25,sahidic.psalms.9.7
Matt,8,25,9,8,1,sahidica.matthew.8.25,sahidic.psalms.9.8
Matt,8,25,9,9,1,sahidica.matthew.8.25,sahidic.psalms.9.9
Matt,8,25,9,10,1,sahidica.matthew.8.25,sahidic.psalms.9.10
Matt,8,25,9,11,1,sahidica.matthew.8.25,sahidic.psalms.9.11
Matt,8,25,9,12,1,sahidica.matthew.8.25,sahidic.psalms.9.12
Matt,8,25,9,13,1,sahidica.matthew.8.25,sahidic.psalms.9.13
Matt,8,25,9,14,1,sahidica.matthew.8.25,sahidic.psalms.9.14
Matt,8,25,9,15,1,sahidica.matthew.8.25,sahidic.psalms.9.15
Matt,8,25,9,16,1,sahidica.matthew.8.25,sahidic.psalms.9.16
Matt,8,25,9,17,1,sahidica.matthew.8.25,sahidic.psalms.9.17
Matt,8,25,9,18,1,sahidica.matthew.8.25,sahidic.psalms.9.18
Matt,8,25,9,19,1,sahidica.matthew.8.25,sahidic.psalms.9.19
Matt,8,25,9,20,1,sahidica.matthew.8.25,sahidic.psalms.9.20
Matt,8,25,9,21,1,sahidica.matthew.8.25,sahidic.psalms.9.21
Matt,8,25,9,22,1,sahidica.matthew.8.25,sahidic.psalms.9.22
Matt,8,25,9,23,1,sahidica.matthew.8.25,sahidic.psalms.9.23
Matt,8,25,9,24,1,sahidica.matthew.8.25,sahidic.psalms.9.24
Matt,8,25,9,25,1,sahidica.matthew.8.25,sahidic.psalms.9.25
Matt,8,25,9,26,1,sahidica.matthew.8.25,sahidic.psalms.9.26
Matt,8,25,9,27,1,sahidica.matthew.8.25,sahidic.psalms.9.27
Matt,8,25,9,28,1,sahidica.matthew.8.25,sahidic.psalms.9.28
Matt,8,25,9,29,1,sahidica.matthew.8.25,sahidic.psalms.9.29
Matt,8,25,9,30,1,sahidica.matthew.8.25,sahidic.psalms.9.30
Matt,8,25,9,31,1,sahidica.matthew.8.25,sahidic.psalms.9.31
Matt,8,25,9,32,1,sahidica.matthew.8.25,sahidic.psalms.9.32
Matt,8,25,9,33,1,sahidica.matthew.8.25,sahidic.psalms.9.33
Matt,8,25,9,34,1,sahidica.matthew.8.25,sahidic.psalms.9.34
Matt,8,25,9,35,1,sahidica.matthew.8.25,sahidic.psalms.9.35
Matt,8,25,9,36,1,sahidica.matthew.8.25,sahidic.psalms.9.36
Matt,8,25,9,37,1,sahidica.matthew.8.25,sahidic.psalms.9.37
Matt,8,25,9,38,1,sahidica.matthew.8.25,sahidic.psalms.9.38
Matt,11,3,109,1,1,sahidica.matthew.11.3,sahidic.psalms.109.1
Matt,11,3,109,2,1,sahidica.matthew.11.3,sahidic.psalms.109.2
Matt,11,3,109,3,1,sahidica.matthew.11.3,sahidic.psalms.109.3
Matt,11,3,109,4,1,sahidica.matthew.11.3,sahidic.psalms.109.4
Matt,11,3,109,5,1,sahidica.matthew.11.3,sahidic.psalms.109.5
Matt,11,3,2,6,1,sahidica.matthew.11.3,sahidic.psalms.2.6
Matt,11,3,2,7,1,sahidica.matthew.11.3,sahidic.psalms.2.7
Matt,11,3,2,8,1,sahidica.matthew.11.3,sahidic.psalms.2.8
Matt,11,3,2,9,1,sahidica.matthew.11.3,sahidic.psalms.2.9
Matt,11,3,2,10,1,sahidica.matthew.11.3,sahidic.psalms.2.10
Matt,11,3,2,11,1,sahidica.matthew.11.3,sahidic.psalms.2.11
Matt,11,3,2,12,1,sahidica.matthew.11.3,sahidic.psalms.2.12
Matt,11,3,117,26,1,sahidica.matthew.11.3,sahidic.psalms.117.26
Matt,12,20,97,1,1,sahidica.matthew.12.20,sahidic.psalms.97.1
Matt,12,20,97,2,1,sahidica.matthew.12.20,sahidic.psalms.97.2
Matt,12,20,97,3,1,sahidica.matthew.12.20,sahidic.psalms.97.3
Matt,13,55,21,6,1,sahidica.matthew.13.55,sahidic.psalms.21.6
Matt,17,4,4,6,1,sahidica.matthew.17.4,sahidic.psalms.4.6
Matt,17,4,15,11,1,sahidica.matthew.17.4,sahidic.psalms.15.11
Matt,17,5,80,7,1,sahidica.matthew.17.5,sahidic.psalms.80.7
Matt,17,23,15,10,1,sahidica.matthew.17.23,sahidic.psalms.15.10
Matt,18,10,14,4,1,sahidica.matthew.18.10,sahidic.psalms.14.4
Matt,18,31,118,158,1,sahidica.matthew.18.31,sahidic.psalms.118.158
Matt,19,13,113,1,1,sahidica.matthew.19.13,sahidic.psalms.113.1
Matt,19,13,113,2,1,sahidica.matthew.19.13,sahidic.psalms.113.2
Matt,19,13,113,3,1,sahidica.matthew.19.13,sahidic.psalms.113.3
Matt,19,13,113,4,1,sahidica.matthew.19.13,sahidic.psalms.113.4
Matt,19,13,113,5,1,sahidica.matthew.19.13,sahidic.psalms.113.5
Matt,19,13,113,6,1,sahidica.matthew.19.13,sahidic.psalms.113.6
Matt,19,13,113,7,1,sahidica.matthew.19.13,sahidic.psalms.113.7
Matt,19,13,113,8,1,sahidica.matthew.19.13,sahidic.psalms.113.8
Matt,19,13,113,9,1,sahidica.matthew.19.13,sahidic.psalms.113.9
Matt,19,13,113,10,1,sahidica.matthew.19.13,sahidic.psalms.113.10
Matt,19,13,113,11,1,sahidica.matthew.19.13,sahidic.psalms.113.11
Matt,19,13,113,12,1,sahidica.matthew.19.13,sahidic.psalms.113.12
Matt,19,13,113,13,1,sahidica.matthew.19.13,sahidic.psalms.113.13
Matt,19,13,113,14,1,sahidica.matthew.19.13,sahidic.psalms.113.14
Matt,19,13,113,15,1,sahidica.matthew.19.13,sahidic.psalms.113.15
Matt,19,13,113,16,1,sahidica.matthew.19.13,sahidic.psalms.113.16
Matt,19,13,113,17,1,sahidica.matthew.19.13,sahidic.psalms.113.17
Matt,19,13,113,18,1,sahidica.matthew.19.13,sahidic.psalms.113.18
Matt,19,13,113,19,1,sahidica.matthew.19.13,sahidic.psalms.113.19
Matt,19,13,113,20,1,sahidica.matthew.19.13,sahidic.psalms.113.20
Matt,19,13,113,21,1,sahidica.matthew.19.13,sahidic.psalms.113.21
Matt,19,13,113,22,1,sahidica.matthew.19.13,sahidic.psalms.113.22
Matt,19,13,113,23,1,sahidica.matthew.19.13,sahidic.psalms.113.23
Matt,19,13,113,24,1,sahidica.matthew.19.13,sahidic.psalms.113.24
Matt,19,13,113,25,1,sahidica.matthew.19.13,sahidic.psalms.113.25
Matt,19,13,113,26,1,sahidica.matthew.19.13,sahidic.psalms.113.26
Matt,19,17,144,7,1,sahidica.matthew.19.17,sahidic.psalms.144.7
Matt,19,17,144,8,1,sahidica.matthew.19.17,sahidic.psalms.144.8
Matt,19,17,144,9,1,sahidica.matthew.19.17,sahidic.psalms.144.9
Matt,22,15,40,6,1,sahidica.matthew.22.15,sahidic.psalms.40.6
Matt,22,15,56,6,1,sahidica.matthew.22.15,sahidic.psalms.56.6
Matt,23,31,63,8,1,sahidica.matthew.23.31,sahidic.psalms.63.8
Matt,23,38,68,24,1,sahidica.matthew.23.38,sahidic.psalms.68.24
Matt,25,41,6,8,1,sahidica.matthew.25.41,sahidic.psalms.6.8
Matt,26,5,75,10,1,sahidica.matthew.26.5,sahidic.psalms.75.10
Matt,26,36,68,1,1,sahidica.matthew.26.36,sahidic.psalms.68.1
Matt,26,36,68,2,1,sahidica.matthew.26.36,sahidic.psalms.68.2
Matt,26,36,68,3,1,sahidica.matthew.26.36,sahidic.psalms.68.3
Matt,26,38,114,1,1,sahidica.matthew.26.38,sahidic.psalms.114.1
Matt,26,38,114,2,1,sahidica.matthew.26.38,sahidic.psalms.114.2
Matt,26,38,114,3,1,sahidica.matthew.26.38,sahidic.psalms.114.3
Matt,26,38,114,4,1,sahidica.matthew.26.38,sahidic.psalms.114.4
Matt,26,38,114,5,1,sahidica.matthew.26.38,sahidic.psalms.114.5
Matt,26,38,114,6,1,sahidica.matthew.26.38,sahidic.psalms.114.6
Matt,26,38,114,7,1,sahidica.matthew.26.38,sahidic.psalms.114.7
Matt,26,38,114,8,1,sahidica.matthew.26.38,sahidic.psalms.114.8
Matt,26,38,114,9,1,sahidica.matthew.26.38,sahidic.psalms.114.9
Matt,26,38,115,1,1,sahidica.matthew.26.38,sahidic.psalms.115.1
Matt,26,38,115,2,1,sahidica.matthew.26.38,sahidic.psalms.115.2
Matt,26,38,115,3,1,sahidica.matthew.26.38,sahidic.psalms.115.3
Matt,26,38,115,4,1,sahidica.matthew.26.38,sahidic.psalms.115.4
Matt,26,38,115,5,1,sahidica.matthew.26.38,sahidic.psalms.115.5
Matt,26,38,115,6,1,sahidica.matthew.26.38,sahidic.psalms.115.6
Matt,26,38,115,7,1,sahidica.matthew.26.38,sahidic.psalms.115.7
Matt,26,38,115,8,1,sahidica.matthew.26.38,sahidic.psalms.115.8
Matt,26,38,115,9,1,sahidica.matthew.26.38,sahidic.psalms.115.9
Matt,26,38,115,10,1,sahidica.matthew.26.38,sahidic.psalms.115.10
Matt,26,48,27,3,1,sahidica.matthew.26.48,sahidic.psalms.27.3
Matt,26,48,54,20,1,sahidica.matthew.26.48,sahidic.psalms.54.20
Matt,26,48,54,21,1,sahidica.matthew.26.48,sahidic.psalms.54.21
Matt,27,12,37,13,1,sahidica.matthew.27.12,sahidic.psalms.37.13
Matt,27,12,37,14,1,sahidica.matthew.27.12,sahidic.psalms.37.14
Matt,27,14,70,7,1,sahidica.matthew.27.14,sahidic.psalms.70.7
Matt,27,44,34,15,1,sahidica.matthew.27.44,sahidic.psalms.34.15
Matt,27,65,75,10,1,sahidica.matthew.27.65,sahidic.psalms.75.10
Matt,28,3,103,4,1,sahidica.matthew.28.3,sahidic.psalms.103.4
Heb,1,8,71,11,1,sahidica.hebrews.1.8,sahidic.psalms.71.11
Heb,1,8,71,12,1,sahidica.hebrews.1.8,sahidic.psalms.71.12
Heb,1,8,71,13,1,sahidica.hebrews.1.8,sahidic.psalms.71.13
Heb,1,8,71,14,1,sahidica.hebrews.1.8,sahidic.psalms.71.14
Heb,1,8,71,7,1,sahidica.hebrews.1.8,sahidic.psalms.71.7
Heb,1,12,89,4,1,sahidica.hebrews.1.12,sahidic.psalms.89.4
Heb,3,6,2,6,1,sahidica.hebrews.3.6,sahidic.psalms.2.6
Heb,3,6,2,7,1,sahidica.hebrews.3.6,sahidic.psalms.2.7
Heb,3,10,77,40,1,sahidica.hebrews.3.10,sahidic.psalms.77.40
Heb,5,9,50,8,1,sahidica.hebrews.5.9,sahidic.psalms.50.8
Heb,5,9,44,17,1,sahidica.hebrews.5.9,sahidic.psalms.44.17
Heb,7,20,109,4,1,sahidica.hebrews.7.20,sahidic.psalms.109.4
Heb,8,9,77,52,1,sahidica.hebrews.8.9,sahidic.psalms.77.52
Heb,8,9,77,53,1,sahidica.hebrews.8.9,sahidic.psalms.77.53
Heb,8,9,77,54,1,sahidica.hebrews.8.9,sahidic.psalms.77.54
Heb,8,9,135,11,1,sahidica.hebrews.8.9,sahidic.psalms.135.11
Heb,8,9,135,12,1,sahidica.hebrews.8.9,sahidic.psalms.135.12
Heb,8,9,135,13,1,sahidica.hebrews.8.9,sahidic.psalms.135.13
Heb,8,9,135,14,1,sahidica.hebrews.8.9,sahidic.psalms.135.14
Heb,9,19,50,7,1,sahidica.hebrews.9.19,sahidic.psalms.50.7
Heb,10,29,142,10,1,sahidica.hebrews.10.29,sahidic.psalms.142.10
Heb,12,5,118,16,1,sahidica.hebrews.12.5,sahidic.psalms.118.16
Heb,12,22,41,2,1,sahidica.hebrews.12.22,sahidic.psalms.41.2
Matt,8,20,108,22,0,sahidica.matthew.8.20,sahidic.psalms.108.22
Matt,8,20,68,29,0,sahidica.matthew.8.20,sahidic.psalms.68.29
Matt,8,20,39,17,0,sahidica.matthew.8.20,sahidic.psalms.39.17
Matt,12,22,50,15,0,sahidica.matthew.12.22,sahidic.psalms.50.15
Matt,19,17,51,1,0,sahidica.matthew.19.17,sahidic.psalms.51.1
Heb,9,9,39,6,0,sahidica.hebrews.9.9,sahidic.psalms.39.6
Heb,9,9,39,7,0,sahidica.hebrews.9.9,sahidic.psalms.39.7
Heb,10,29,90,13,0,sahidica.hebrews.10.29,sahidic.psalms.90.13
Heb,12,5,118,83,0,sahidica.hebrews.12.5,sahidic.psalms.118.83
Matt,9,17,118,83,-1,sahidica.matthew.9.17,sahidic.psalms.118.83
Matt,19,8,94,8,-1,sahidica.matthew.19.8,sahidic.psalms.94.8
Matt,26,30,80,1,-1,sahidica.matthew.26.30,sahidic.psalms.80.1
Matt,26,30,80,2,-1,sahidica.matthew.26.30,sahidic.psalms.80.2
Matt,26,30,80,3,-1,sahidica.matthew.26.30,sahidic.psalms.80.3
Matt,26,30,80,4,-1,sahidica.matthew.26.30,sahidic.psalms.80.4
Heb,2,6,145,3,-1,sahidica.hebrews.2.6,sahidic.psalms.145.3
Heb,2,6,145,4,-1,sahidica.hebrews.2.6,sahidic.psalms.145.4
Matt,1,1,88,36,-2,sahidica.matthew.1.1,sahidic.psalms.88.36
Matt,22,30,102,20,-2,sahidica.matthew.22.30,sahidic.psalms.102.20
Matt,4,10,108,6,-3,sahidica.matthew.4.10,sahidic.psalms.108.6
Matt,2,23,68,9,-7,sahidica.matthew.2.23,sahidic.psalms.68.9
Matt,2,23,68,10,-7,sahidica.matthew.2.23,sahidic.psalms.68.10
