filename,author,work,era,meter,genre,confidence
adamnan.de_locis_santis.tess,adamnan,de_locis_santis,Early Medieval,prose,technical,auto
aethelwulf.carmen_de_abbatibus.tess,aethelwulf,carmen_de_abbatibus,Carolingian,unknown,medieval,auto
agius_of_corvey.epicedium_hathumodae.tess,agius_of_corvey,epicedium_hathumodae,Carolingian,unknown,medieval,auto
agius_of_corvey.versus_computistici.tess,agius_of_corvey,versus_computistici,Carolingian,unknown,medieval,auto
agnellus_ravennatis.liber_pontificalis.tess,agnellus_ravennatis,liber_pontificalis,Carolingian,prose,historiography,auto
aimoin_of_saint_germain.carmen_de_translatione_vincentii.tess,aimoin_of_saint_germain,carmen_de_translatione_vincentii,Carolingian,unknown,medieval,auto
alcuin.carmina.part.1.tess,alcuin,carmina,Carolingian,unknown,medieval,auto
alcuin.carmina.part.10.tess,alcuin,carmina,Carolingian,unknown,medieval,auto
alcuin.carmina.part.102.tess,alcuin,carmina,Carolingian,unknown,medieval,auto
alcuin.carmina.part.11.tess,alcuin,carmina,Carolingian,unknown,medieval,auto
alcuin.carmina.part.111.tess,alcuin,carmina,Carolingian,unknown,medieval,auto
alcuin.carmina.part.112.tess,alcuin,carmina,Carolingian,unknown,medieval,auto
alcuin.carmina.part.113.tess,alcuin,carmina,Carolingian,unknown,medieval,auto
alcuin.carmina.part.115.tess,alcuin,carmina,Carolingian,unknown,medieval,auto
alcuin.carmina.part.116.tess,alcuin,carmina,Carolingian,unknown,medieval,auto
alcuin.carmina.part.118.tess,alcuin,carmina,Carolingian,unknown,medieval,auto
alcuin.carmina.part.119.tess,alcuin,carmina,Carolingian,unknown,medieval,auto
alcuin.carmina.part.12.tess,alcuin,carmina,Carolingian,unknown,medieval,auto
alcuin.carmina.part.120.tess,alcuin,carmina,Carolingian,unknown,medieval,auto
alcuin.carmina.part.121.tess,alcuin,carmina,Carolingian,unknown,medieval,auto
alcuin.carmina.part.122.tess,alcuin,carmina,Carolingian,unknown,medieval,auto
alcuin.carmina.part.123.tess,alcuin,carmina,Carolingian,unknown,medieval,auto
alcuin.carmina.part.124.tess,alcuin,carmina,Carolingian,unknown,medieval,auto
alcuin.carmina.part.13.tess,alcuin,carmina,Carolingian,unknown,medieval,auto
alcuin.carmina.part.14.tess,alcuin,carmina,Carolingian,unknown,medieval,auto
alcuin.carmina.part.15.tess,alcuin,carmina,Carolingian,unknown,medieval,auto
alcuin.carmina.part.16.tess,alcuin,carmina,Carolingian,unknown,medieval,auto
alcuin.carmina.part.17.tess,alcuin,carmina,Carolingian,unknown,medieval,auto
alcuin.carmina.part.18.tess,alcuin,carmina,Carolingian,unknown,medieval,auto
alcuin.carmina.part.19.tess,alcuin,carmina,Carolingian,unknown,medieval,auto
alcuin.carmina.part.2.tess,alcuin,carmina,Carolingian,unknown,medieval,auto
alcuin.carmina.part.20.tess,alcuin,carmina,Carolingian,unknown,medieval,auto
alcuin.carmina.part.21.tess,alcuin,carmina,Carolingian,unknown,medieval,auto
alcuin.carmina.part.22.tess,alcuin,carmina,Carolingian,unknown,medieval,auto
alcuin.carmina.part.23.tess,alcuin,carmina,Carolingian,unknown,medieval,auto
alcuin.carmina.part.24.tess,alcuin,carmina,Carolingian,unknown,medieval,auto
alcuin.carmina.part.25.tess,alcuin,carmina,Carolingian,unknown,medieval,auto
alcuin.carmina.part.26.tess,alcuin,carmina,Carolingian,unknown,medieval,auto
alcuin.carmina.part.27.tess,alcuin,carmina,Carolingian,unknown,medieval,auto
alcuin.carmina.part.28.tess,alcuin,carmina,Carolingian,unknown,medieval,auto
alcuin.carmina.part.3.tess,alcuin,carmina,Carolingian,unknown,medieval,auto
alcuin.carmina.part.31.tess,alcuin,carmina,Carolingian,unknown,medieval,auto
alcuin.carmina.part.32.tess,alcuin,carmina,Carolingian,unknown,medieval,auto
alcuin.carmina.part.34.tess,alcuin,carmina,Carolingian,unknown,medieval,auto
alcuin.carmina.part.35.tess,alcuin,carmina,Carolingian,unknown,medieval,auto
alcuin.carmina.part.36.tess,alcuin,carmina,Carolingian,unknown,medieval,auto
alcuin.carmina.part.37.tess,alcuin,carmina,Carolingian,unknown,medieval,auto
alcuin.carmina.part.38.tess,alcuin,carmina,Carolingian,unknown,medieval,auto
alcuin.carmina.part.39.tess,alcuin,carmina,Carolingian,unknown,medieval,auto
alcuin.carmina.part.4.tess,alcuin,carmina,Carolingian,unknown,medieval,auto
alcuin.carmina.part.40.tess,alcuin,carmina,Carolingian,unknown,medieval,auto
alcuin.carmina.part.41.tess,alcuin,carmina,Carolingian,unknown,medieval,auto
alcuin.carmina.part.42.tess,alcuin,carmina,Carolingian,unknown,medieval,auto
alcuin.carmina.part.43.tess,alcuin,carmina,Carolingian,unknown,medieval,auto
alcuin.carmina.part.44.tess,alcuin,carmina,Carolingian,unknown,medieval,auto
alcuin.carmina.part.45.tess,alcuin,carmina,Carolingian,unknown,medieval,auto
alcuin.carmina.part.46.tess,alcuin,carmina,Carolingian,unknown,medieval,auto
alcuin.carmina.part.47.tess,alcuin,carmina,Carolingian,unknown,medieval,auto
alcuin.carmina.part.48.tess,alcuin,carmina,Carolingian,unknown,medieval,auto
alcuin.carmina.part.49.tess,alcuin,carmina,Carolingian,unknown,medieval,auto
alcuin.carmina.part.5.tess,alcuin,carmina,Carolingian,unknown,medieval,auto
alcuin.carmina.part.50.tess,alcuin,carmina,Carolingian,unknown,medieval,auto
alcuin.carmina.part.52.tess,alcuin,carmina,Carolingian,unknown,medieval,auto
alcuin.carmina.part.53.tess,alcuin,carmina,Carolingian,unknown,medieval,auto
alcuin.carmina.part.54.tess,alcuin,carmina,Carolingian,unknown,medieval,auto
alcuin.carmina.part.57.tess,alcuin,carmina,Carolingian,unknown,medieval,auto
alcuin.carmina.part.58.tess,alcuin,carmina,Carolingian,unknown,medieval,auto
alcuin.carmina.part.59.tess,alcuin,carmina,Carolingian,unknown,medieval,auto
alcuin.carmina.part.6.tess,alcuin,carmina,Carolingian,unknown,medieval,auto
alcuin.carmina.part.60.tess,alcuin,carmina,Carolingian,unknown,medieval,auto
alcuin.carmina.part.61.tess,alcuin,carmina,Carolingian,unknown,medieval,auto
alcuin.carmina.part.62.tess,alcuin,carmina,Carolingian,unknown,medieval,auto
alcuin.carmina.part.67.tess,alcuin,carmina,Carolingian,unknown,medieval,auto
alcuin.carmina.part.68.tess,alcuin,carmina,Carolingian,unknown,medieval,auto
alcuin.carmina.part.69.tess,alcuin,carmina,Carolingian,unknown,medieval,auto
alcuin.carmina.part.7.tess,alcuin,carmina,Carolingian,unknown,medieval,auto
alcuin.carmina.part.72.tess,alcuin,carmina,Carolingian,unknown,medieval,auto
alcuin.carmina.part.73.tess,alcuin,carmina,Carolingian,unknown,medieval,auto
alcuin.carmina.part.74.tess,alcuin,carmina,Carolingian,unknown,medieval,auto
alcuin.carmina.part.77.tess,alcuin,carmina,Carolingian,unknown,medieval,auto
alcuin.carmina.part.78.tess,alcuin,carmina,Carolingian,unknown,medieval,auto
alcuin.carmina.part.79.tess,alcuin,carmina,Carolingian,unknown,medieval,auto
alcuin.carmina.part.8.tess,alcuin,carmina,Carolingian,unknown,medieval,auto
alcuin.carmina.part.81.tess,alcuin,carmina,Carolingian,unknown,medieval,auto
alcuin.carmina.part.82.tess,alcuin,carmina,Carolingian,unknown,medieval,auto
alcuin.carmina.part.84.tess,alcuin,carmina,Carolingian,unknown,medieval,auto
alcuin.carmina.part.86.tess,alcuin,carmina,Carolingian,unknown,medieval,auto
alcuin.carmina.part.87.tess,alcuin,carmina,Carolingian,unknown,medieval,auto
alcuin.carmina.part.9.tess,alcuin,carmina,Carolingian,unknown,medieval,auto
alcuin.carmina.part.93.tess,alcuin,carmina,Carolingian,unknown,medieval,auto
alcuin.carmina.part.94.tess,alcuin,carmina,Carolingian,unknown,medieval,auto
alcuin.carmina.part.95.tess,alcuin,carmina,Carolingian,unknown,medieval,auto
alcuin.carmina.part.97.tess,alcuin,carmina,Carolingian,unknown,medieval,auto
alcuin.carmina.tess,alcuin,carmina,Carolingian,unknown,medieval,auto
alcuin.carmina_rhytmica.tess,alcuin,carmina_rhytmica,Carolingian,unknown,medieval,auto
amalarius.versus_marini.tess,amalarius,versus_marini,Carolingian,unknown,medieval,auto
ambrose.apologia_altera_prophetae_david.tess,ambrose,apologia_altera_prophetae_david,Late Antique,prose,theology,auto
ambrose.apologia_david_altera.tess,ambrose,apologia_david_altera,Late Antique,prose,theology,auto
ambrose.apologia_prophetae_david_ad_theodosium_a.tess,ambrose,apologia_prophetae_david_ad_theodosium_a,Late Antique,prose,theology,auto
ambrose.de_apologia_david.tess,ambrose,de_apologia_david,Late Antique,prose,theology,auto
ambrose.de_benedictionibus_patriarcharum_liber_u.tess,ambrose,de_benedictionibus_patriarcharum_liber_u,Late Antique,prose,theology,auto
ambrose.de_cain.tess,ambrose,de_cain,Late Antique,prose,theology,auto
ambrose.de_cain_et_abel.tess,ambrose,de_cain_et_abel,Late Antique,prose,theology,auto
ambrose.de_fuga_saeculi.tess,ambrose,de_fuga_saeculi,Late Antique,prose,theology,auto
ambrose.de_helia_et_ieiunio.tess,ambrose,de_helia_et_ieiunio,Late Antique,prose,theology,auto
ambrose.de_iacob.tess,ambrose,de_iacob,Late Antique,prose,theology,auto
ambrose.de_interpellatione_iob_et_david.tess,ambrose,de_interpellatione_iob_et_david,Late Antique,prose,theology,auto
ambrose.de_ioseph.tess,ambrose,de_ioseph,Late Antique,prose,theology,auto
ambrose.de_joseph.tess,ambrose,de_joseph,Late Antique,prose,theology,auto
ambrose.de_mysteriis.tess,ambrose,de_mysteriis,Late Antique,prose,theology,auto
ambrose.de_nabuthae.tess,ambrose,de_nabuthae,Late Antique,prose,theology,auto
ambrose.de_noe.tess,ambrose,de_noe,Late Antique,prose,theology,auto
ambrose.de_paradiso.tess,ambrose,de_paradiso,Late Antique,prose,theology,auto
ambrose.de_patriarchis.tess,ambrose,de_patriarchis,Late Antique,prose,theology,auto
ambrose.de_tobia.tess,ambrose,de_tobia,Late Antique,prose,theology,auto
ambrose.epistula_ad_sororem.tess,ambrose,epistula_ad_sororem,Late Antique,prose,epistolary,auto
ambrose.epistulae_variae.tess,ambrose,epistulae_variae,Late Antique,prose,epistolary,auto
ambrose.exameron.tess,ambrose,exameron,Late Antique,prose,theology,auto
ambrose.exlanatio_super_psalmos_xii.tess,ambrose,exlanatio_super_psalmos_xii,Late Antique,prose,theology,auto
ambrose.explanatio_psalmorum_xii.tess,ambrose,explanatio_psalmorum_xii,Late Antique,prose,theology,auto
ambrose.expositio_de_psalmo_cxviii.tess,ambrose,expositio_de_psalmo_cxviii,Late Antique,prose,theology,auto
ambrose.expositio_evangelii_secundum_lucan.tess,ambrose,expositio_evangelii_secundum_lucan,Late Antique,prose,theology,auto
ambrose.expositio_psalmi_cxviii.tess,ambrose,expositio_psalmi_cxviii,Late Antique,prose,theology,auto
ambrose.hexameron.tess,ambrose,hexameron,Late Antique,prose,theology,auto
ambrosiaster.pseudo_augustini_quaestiones_veteris_et.tess,ambrosiaster,pseudo_augustini_quaestiones_veteris_et,Late Antique,prose,theology,auto
ammianus.rerum_gestarum.part.14.tess,ammianus,rerum_gestarum,Late Antique,prose,historiography,auto
ammianus.rerum_gestarum.part.15.tess,ammianus,rerum_gestarum,Late Antique,prose,historiography,auto
ammianus.rerum_gestarum.part.16.tess,ammianus,rerum_gestarum,Late Antique,prose,historiography,auto
ammianus.rerum_gestarum.part.17.tess,ammianus,rerum_gestarum,Late Antique,prose,historiography,auto
ammianus.rerum_gestarum.part.18.tess,ammianus,rerum_gestarum,Late Antique,prose,historiography,auto
ammianus.rerum_gestarum.part.19.tess,ammianus,rerum_gestarum,Late Antique,prose,historiography,auto
ammianus.rerum_gestarum.part.20.tess,ammianus,rerum_gestarum,Late Antique,prose,historiography,auto
ammianus.rerum_gestarum.part.21.tess,ammianus,rerum_gestarum,Late Antique,prose,historiography,auto
ammianus.rerum_gestarum.part.22.tess,ammianus,rerum_gestarum,Late Antique,prose,historiography,auto
ammianus.rerum_gestarum.part.23.tess,ammianus,rerum_gestarum,Late Antique,prose,historiography,auto
ammianus.rerum_gestarum.part.24.tess,ammianus,rerum_gestarum,Late Antique,prose,historiography,auto
ammianus.rerum_gestarum.part.25.tess,ammianus,rerum_gestarum,Late Antique,prose,historiography,auto
ammianus.rerum_gestarum.part.26.tess,ammianus,rerum_gestarum,Late Antique,prose,historiography,auto
ammianus.rerum_gestarum.part.27.tess,ammianus,rerum_gestarum,Late Antique,prose,historiography,auto
ammianus.rerum_gestarum.part.28.tess,ammianus,rerum_gestarum,Late Antique,prose,historiography,auto
ammianus.rerum_gestarum.part.29.tess,ammianus,rerum_gestarum,Late Antique,prose,historiography,auto
ammianus.rerum_gestarum.part.30.tess,ammianus,rerum_gestarum,Late Antique,prose,historiography,auto
ammianus.rerum_gestarum.part.31.tess,ammianus,rerum_gestarum,Late Antique,prose,historiography,auto
ammianus.rerum_gestarum.tess,ammianus,rerum_gestarum,Late Antique,prose,historiography,auto
angilbert_carmina.tess,angilbert_carmina,,Carolingian,unknown,medieval,auto
angilbert_versus.tess,angilbert_versus,,Carolingian,unknown,medieval,auto
angilbertus_miles.versus_de_fontaneto.tess,angilbertus_miles,versus_de_fontaneto,Carolingian,unknown,medieval,auto
anonymi.planctus_de_obitu_Karoli.tess,anonymi,planctus_de_obitu_Karoli,Unknown,unknown,medieval,auto
anonymous.breviarius_de_hierosolyma.tess,anonymous,breviarius_de_hierosolyma,Unknown,prose,technical,auto
anonymous.itinerarium_hierosolymitanum.tess,anonymous,itinerarium_hierosolymitanum,Unknown,prose,technical,auto
anonymous.laudes_domini.tess,anonymous,laudes_domini,Unknown,unknown,medieval,auto
anonymous.s_silviae_peregrinatio.tess,anonymous,s_silviae_peregrinatio,Unknown,prose,technical,auto
anonymous_pilgrim_of_piacenza.itinerarium.tess,anonymous_pilgrim_of_piacenza,itinerarium,Late Antique,prose,technical,auto
anonymus.carmen_ad_agobardum.tess,anonymus,carmen_ad_agobardum,Unknown,unknown,medieval,auto
anonymus.carmen_ad_ludovicum_pium.tess,anonymus,carmen_ad_ludovicum_pium,Unknown,unknown,medieval,auto
anonymus.carmen_de_aquilegia.tess,anonymus,carmen_de_aquilegia,Unknown,unknown,medieval,auto
anonymus.carmen_de_compoti_ratione.tess,anonymus,carmen_de_compoti_ratione,Unknown,unknown,medieval,auto
anonymus.carmen_de_conversione_saxonum.tess,anonymus,carmen_de_conversione_saxonum,Unknown,unknown,medieval,auto
anonymus.carmen_de_exordio_francorum.tess,anonymus,carmen_de_exordio_francorum,Unknown,unknown,medieval,auto
anonymus.carmen_de_nynia_episcopo.tess,anonymus,carmen_de_nynia_episcopo,Unknown,unknown,medieval,auto
anonymus.carmen_de_pippino.tess,anonymus,carmen_de_pippino,Unknown,unknown,medieval,auto
anonymus.carmen_de_temporum_ratione.tess,anonymus,carmen_de_temporum_ratione,Unknown,unknown,medieval,auto
anonymus.carmen_de_timone_comite.tess,anonymus,carmen_de_timone_comite,Unknown,unknown,medieval,auto
anonymus.carmina_augiensia.tess,anonymus,carmina_augiensia,Unknown,unknown,medieval,auto
anonymus.carmina_bibliothecarum_et_psalteriorum.tess,anonymus,carmina_bibliothecarum_et_psalteriorum,Unknown,unknown,medieval,auto
anonymus.carmina_cenomanensia.tess,anonymus,carmina_cenomanensia,Unknown,unknown,medieval,auto
anonymus.carmina_de_ludovico_ii.tess,anonymus,carmina_de_ludovico_ii,Unknown,unknown,medieval,auto
anonymus.carmina_libris_saec_viii_adiecta.tess,anonymus,carmina_libris_saec_viii_adiecta,Unknown,unknown,medieval,auto
anonymus.corneli_translationes.tess,anonymus,corneli_translationes,Unknown,unknown,medieval,auto
anonymus.hymnus_nynie_episcopi.tess,anonymus,hymnus_nynie_episcopi,Unknown,unknown,medieval,auto
anonymus.karolus_magnus_et_leo_papa.tess,anonymus,karolus_magnus_et_leo_papa,Unknown,unknown,medieval,auto
anonymus.laudes_mediolanensis_civitatis.tess,anonymus,laudes_mediolanensis_civitatis,Unknown,unknown,medieval,auto
anonymus.laudes_veronensis_civitatis.tess,anonymus,laudes_veronensis_civitatis,Unknown,unknown,medieval,auto
anonymus.tituli_metrici_saeculi_viii.tess,anonymus,tituli_metrici_saeculi_viii,Unknown,unknown,medieval,auto
anonymus.translatio_sancti_mercurii.tess,anonymus,translatio_sancti_mercurii,Unknown,unknown,medieval,auto
anonymus.translatio_xii_martyrum.tess,anonymus,translatio_xii_martyrum,Unknown,unknown,medieval,auto
anonymus.versus_ad_ebonem_remensem.tess,anonymus,versus_ad_ebonem_remensem,Unknown,unknown,medieval,auto
anonymus.versus_de_eversione_monasterii_glonnensis.tess,anonymus,versus_de_eversione_monasterii_glonnensis,Unknown,unknown,medieval,auto
apuleius.apologia.tess,apuleius,apologia,Later Imperial,prose,philosophy,auto
apuleius.de_deo_socratis.tess,apuleius,de_deo_socratis,Later Imperial,prose,philosophy,auto
apuleius.florida.tess,apuleius,florida,Later Imperial,prose,satire,auto
apuleius.metamorphoses.part.1.tess,apuleius,metamorphoses,Later Imperial,prose,satire,auto
apuleius.metamorphoses.part.10.tess,apuleius,metamorphoses,Later Imperial,prose,satire,auto
apuleius.metamorphoses.part.11.tess,apuleius,metamorphoses,Later Imperial,prose,satire,auto
apuleius.metamorphoses.part.2.tess,apuleius,metamorphoses,Later Imperial,prose,satire,auto
apuleius.metamorphoses.part.3.tess,apuleius,metamorphoses,Later Imperial,prose,satire,auto
apuleius.metamorphoses.part.4.tess,apuleius,metamorphoses,Later Imperial,prose,satire,auto
apuleius.metamorphoses.part.5.tess,apuleius,metamorphoses,Later Imperial,prose,satire,auto
apuleius.metamorphoses.part.6.tess,apuleius,metamorphoses,Later Imperial,prose,satire,auto
apuleius.metamorphoses.part.7.tess,apuleius,metamorphoses,Later Imperial,prose,satire,auto
apuleius.metamorphoses.part.8.tess,apuleius,metamorphoses,Later Imperial,prose,satire,auto
apuleius.metamorphoses.part.9.tess,apuleius,metamorphoses,Later Imperial,prose,satire,auto
apuleius.metamorphoses.tess,apuleius,metamorphoses,Later Imperial,prose,satire,auto
aristotle.economics_book_3.tess,aristotle,economics_book_3,Classical,prose,philosophy,auto
arnobius.adversus_nationes.part.2.tess,arnobius,adversus_nationes,Late Antique,prose,theology,auto
arnobius.adversus_nationes.part.3.tess,arnobius,adversus_nationes,Late Antique,prose,theology,auto
arnobius.adversus_nationes.part.4.tess,arnobius,adversus_nationes,Late Antique,prose,theology,auto
arnobius.adversus_nationes.part.5.tess,arnobius,adversus_nationes,Late Antique,prose,theology,auto
arnobius.adversus_nationes.part.7.tess,arnobius,adversus_nationes,Late Antique,prose,theology,auto
arnobius.adversus_nationes.tess,arnobius,adversus_nationes,Late Antique,prose,theology,auto
arnobius_advesus_nationes.part.1.tess,arnobius_advesus_nationes,,Later Imperial,prose,theology,auto
arnobius_of_sicca.adversus_nationes_libri_vii.tess,arnobius_of_sicca,adversus_nationes_libri_vii,Later Imperial,prose,theology,auto
audradus_modicus.carmina.tess,audradus_modicus,carmina,Carolingian,unknown,medieval,auto
audradus_modicus.de_sancta_trinitate.tess,audradus_modicus,de_sancta_trinitate,Carolingian,unknown,medieval,auto
augustine.adnotationes_in_iob.tess,augustine,adnotationes_in_iob,Late Antique,prose,theology,auto
augustine.breviculus_collationis_cum_donatistis.tess,augustine,breviculus_collationis_cum_donatistis,Late Antique,prose,theology,auto
augustine.commonitorium.tess,augustine,commonitorium,Late Antique,prose,theology,auto
augustine.confessiones.tess,augustine,confessiones,Late Antique,prose,theology,auto
augustine.confessions.tess,augustine,confessions,Late Antique,prose,theology,auto
augustine.contra_academicos.tess,augustine,contra_academicos,Late Antique,prose,theology,auto
augustine.contra_adimantum.tess,augustine,contra_adimantum,Late Antique,prose,theology,auto
augustine.contra_cresconium.tess,augustine,contra_cresconium,Late Antique,prose,theology,auto
augustine.contra_cresconium_grammaticum_et_donatistam.tess,augustine,contra_cresconium_grammaticum_et_donatistam,Late Antique,prose,theology,auto
augustine.contra_duas_epistulas_pelagianorum.tess,augustine,contra_duas_epistulas_pelagianorum,Late Antique,prose,epistolary,auto
augustine.contra_duas_epistulas_pelegianorum.tess,augustine,contra_duas_epistulas_pelegianorum,Late Antique,prose,epistolary,auto
augustine.contra_epistulam_fundamenti.tess,augustine,contra_epistulam_fundamenti,Late Antique,prose,epistolary,auto
augustine.contra_epistulam_parmeniani.tess,augustine,contra_epistulam_parmeniani,Late Antique,prose,epistolary,auto
augustine.contra_faustum.tess,augustine,contra_faustum,Late Antique,prose,theology,auto
augustine.contra_felicem.tess,augustine,contra_felicem,Late Antique,prose,theology,auto
augustine.contra_fortunatum.tess,augustine,contra_fortunatum,Late Antique,prose,theology,auto
augustine.contra_gaudentium_donatistarum_episcopum.tess,augustine,contra_gaudentium_donatistarum_episcopum,Late Antique,prose,theology,auto
augustine.contra_litteras_petiliani.tess,augustine,contra_litteras_petiliani,Late Antique,prose,theology,auto
augustine.contra_mendacium.tess,augustine,contra_mendacium,Late Antique,prose,theology,auto
augustine.contra_partem_donati_post_gesta.tess,augustine,contra_partem_donati_post_gesta,Late Antique,prose,theology,auto
augustine.contra_secundinem.tess,augustine,contra_secundinem,Late Antique,prose,theology,auto
augustine.contra_secundinum.tess,augustine,contra_secundinum,Late Antique,prose,theology,auto
augustine.de_adulterinis_coniugiis.tess,augustine,de_adulterinis_coniugiis,Late Antique,prose,theology,auto
augustine.de_agone_christiano.tess,augustine,de_agone_christiano,Late Antique,prose,theology,auto
augustine.de_baptismo.tess,augustine,de_baptismo,Late Antique,prose,theology,auto
augustine.de_beata_vita.tess,augustine,de_beata_vita,Late Antique,prose,theology,auto
augustine.de_bono_coniugali.tess,augustine,de_bono_coniugali,Late Antique,prose,theology,auto
augustine.de_bono_viduitatis.tess,augustine,de_bono_viduitatis,Late Antique,prose,theology,auto
augustine.de_civitate_dei.tess,augustine,de_civitate_dei,Late Antique,prose,theology,auto
augustine.de_conjugiis_adulterinis.tess,augustine,de_conjugiis_adulterinis,Late Antique,prose,theology,auto
augustine.de_consensu_evangelistarum.tess,augustine,de_consensu_evangelistarum,Late Antique,prose,theology,auto
augustine.de_continentia.tess,augustine,de_continentia,Late Antique,prose,theology,auto
augustine.de_cura_pro_mortuis_gerenda.tess,augustine,de_cura_pro_mortuis_gerenda,Late Antique,prose,theology,auto
augustine.de_cura_pro_mortuis_gerenda_ad_paulinum.tess,augustine,de_cura_pro_mortuis_gerenda_ad_paulinum,Late Antique,prose,theology,auto
augustine.de_dialectica.tess,augustine,de_dialectica,Late Antique,prose,theology,auto
augustine.de_diuinatione_daemonum.tess,augustine,de_diuinatione_daemonum,Late Antique,prose,theology,auto
augustine.de_divinatione_daemonum.tess,augustine,de_divinatione_daemonum,Late Antique,prose,theology,auto
augustine.de_doctrina_christiana.part.1.tess,augustine,de_doctrina_christiana,Late Antique,prose,theology,auto
augustine.de_doctrina_christiana.part.2.tess,augustine,de_doctrina_christiana,Late Antique,prose,theology,auto
augustine.de_doctrina_christiana.part.3.tess,augustine,de_doctrina_christiana,Late Antique,prose,theology,auto
augustine.de_doctrina_christiana.part.4.tess,augustine,de_doctrina_christiana,Late Antique,prose,theology,auto
augustine.de_doctrina_christiana.part.praef.tess,augustine,de_doctrina_christiana.part.praef,Late Antique,prose,theology,auto
augustine.de_doctrina_christiana.tess,augustine,de_doctrina_christiana,Late Antique,prose,theology,auto
augustine.de_duabus_animabus.tess,augustine,de_duabus_animabus,Late Antique,prose,theology,auto
augustine.de_fide_et_operibus.tess,augustine,de_fide_et_operibus,Late Antique,prose,theology,auto
augustine.de_fide_et_symbolo.tess,augustine,de_fide_et_symbolo,Late Antique,prose,theology,auto
augustine.de_genesi_ad_litteram.tess,augustine,de_genesi_ad_litteram,Late Antique,prose,theology,auto
augustine.de_genesi_ad_litteram_imperfectus_liber.tess,augustine,de_genesi_ad_litteram_imperfectus_liber,Late Antique,prose,theology,auto
augustine.de_genesi_ad_litteram_liber_imperfectus.tess,augustine,de_genesi_ad_litteram_liber_imperfectus,Late Antique,prose,theology,auto
augustine.de_gestis_pelagii.tess,augustine,de_gestis_pelagii,Late Antique,prose,theology,auto
augustine.de_gratia_christ.tess,augustine,de_gratia_christ,Late Antique,prose,theology,auto
augustine.de_gratia_christi.tess,augustine,de_gratia_christi,Late Antique,prose,theology,auto
augustine.de_mendacio.tess,augustine,de_mendacio,Late Antique,prose,theology,auto
augustine.de_natura_boni.tess,augustine,de_natura_boni,Late Antique,prose,theology,auto
augustine.de_natura_et_gratia.tess,augustine,de_natura_et_gratia,Late Antique,prose,theology,auto
augustine.de_natura_et_origine_animae.tess,augustine,de_natura_et_origine_animae,Late Antique,prose,theology,auto
augustine.de_nuptiis_et_concupiscentia.tess,augustine,de_nuptiis_et_concupiscentia,Late Antique,prose,theology,auto
augustine.de_opere_monachorum.tess,augustine,de_opere_monachorum,Late Antique,prose,theology,auto
augustine.de_ordine.tess,augustine,de_ordine,Late Antique,prose,theology,auto
augustine.de_patientia.tess,augustine,de_patientia,Late Antique,prose,theology,auto
augustine.de_peccato_originali.tess,augustine,de_peccato_originali,Late Antique,prose,theology,auto
augustine.de_peccatorum_meritis_et_remissione_et_d.tess,augustine,de_peccatorum_meritis_et_remissione_et_d,Late Antique,prose,theology,auto
augustine.de_peccatorum_meritis_et_remissione_et_de_baptismo_parvulorum.tess,augustine,de_peccatorum_meritis_et_remissione_et_de_baptismo_parvulorum,Late Antique,prose,theology,auto
augustine.de_perfectione_iustitiae_hominis.tess,augustine,de_perfectione_iustitiae_hominis,Late Antique,prose,theology,auto
augustine.de_sancta_virginitate.tess,augustine,de_sancta_virginitate,Late Antique,prose,theology,auto
augustine.de_spiritu_et_littera.tess,augustine,de_spiritu_et_littera,Late Antique,prose,theology,auto
augustine.de_trinitate.part.1.tess,augustine,de_trinitate,Late Antique,prose,theology,auto
augustine.de_trinitate.part.10.tess,augustine,de_trinitate,Late Antique,prose,theology,auto
augustine.de_trinitate.part.11.tess,augustine,de_trinitate,Late Antique,prose,theology,auto
augustine.de_trinitate.part.12.tess,augustine,de_trinitate,Late Antique,prose,theology,auto
augustine.de_trinitate.part.13.tess,augustine,de_trinitate,Late Antique,prose,theology,auto
augustine.de_trinitate.part.14.tess,augustine,de_trinitate,Late Antique,prose,theology,auto
augustine.de_trinitate.part.15.tess,augustine,de_trinitate,Late Antique,prose,theology,auto
augustine.de_trinitate.part.2.tess,augustine,de_trinitate,Late Antique,prose,theology,auto
augustine.de_trinitate.part.3.tess,augustine,de_trinitate,Late Antique,prose,theology,auto
augustine.de_trinitate.part.4.tess,augustine,de_trinitate,Late Antique,prose,theology,auto
augustine.de_trinitate.part.5.tess,augustine,de_trinitate,Late Antique,prose,theology,auto
augustine.de_trinitate.part.6.tess,augustine,de_trinitate,Late Antique,prose,theology,auto
augustine.de_trinitate.part.7.tess,augustine,de_trinitate,Late Antique,prose,theology,auto
augustine.de_trinitate.part.8.tess,augustine,de_trinitate,Late Antique,prose,theology,auto
augustine.de_trinitate.part.9.tess,augustine,de_trinitate,Late Antique,prose,theology,auto
augustine.de_trinitate.part.praef.tess,augustine,de_trinitate.part.praef,Late Antique,prose,theology,auto
augustine.de_trinitate.tess,augustine,de_trinitate,Late Antique,prose,theology,auto
augustine.de_utilitae_credendi.tess,augustine,de_utilitae_credendi,Late Antique,prose,theology,auto
augustine.de_utilitate_credendi.tess,augustine,de_utilitate_credendi,Late Antique,prose,theology,auto
augustine.du_duabus_animabus.tess,augustine,du_duabus_animabus,Late Antique,prose,theology,auto
augustine.epistula_ad_catholicos_de_secta_donatist.tess,augustine,epistula_ad_catholicos_de_secta_donatist,Late Antique,prose,epistolary,auto
augustine.epistula_ad_catholicos_de_secta_donatistarum.tess,augustine,epistula_ad_catholicos_de_secta_donatistarum,Late Antique,prose,epistolary,auto
augustine.epistulae.tess,augustine,epistulae,Late Antique,prose,epistolary,auto
augustine.epistulae_1-30.part.1.tess,augustine,epistulae_1-30,Late Antique,prose,epistolary,auto
augustine.epistulae_121-150.part.5.tess,augustine,epistulae_121-150,Late Antique,prose,epistolary,auto
augustine.epistulae_151-180.part.6.tess,augustine,epistulae_151-180,Late Antique,prose,epistolary,auto
augustine.epistulae_181-210.part.7.tess,augustine,epistulae_181-210,Late Antique,prose,epistolary,auto
augustine.epistulae_211-240.part.8.tess,augustine,epistulae_211-240,Late Antique,prose,epistolary,auto
augustine.epistulae_241-270.part.9.tess,augustine,epistulae_241-270,Late Antique,prose,epistolary,auto
augustine.epistulae_31-60.part.2.tess,augustine,epistulae_31-60,Late Antique,prose,epistolary,auto
augustine.epistulae_61-90.part.3.tess,augustine,epistulae_61-90,Late Antique,prose,epistolary,auto
augustine.epistulae_91-120.part.4.tess,augustine,epistulae_91-120,Late Antique,prose,epistolary,auto
augustine.gesta_cum_emerito_donatistarum_episcopo.tess,augustine,gesta_cum_emerito_donatistarum_episcopo,Late Antique,prose,theology,auto
augustine.gesta_cum_emerito_donatistarum_episcopum.tess,augustine,gesta_cum_emerito_donatistarum_episcopum,Late Antique,prose,theology,auto
augustine.libellus_adversus_fulgentium_donatistam.tess,augustine,libellus_adversus_fulgentium_donatistam,Late Antique,prose,theology,auto
augustine.liber_de_divinis_scripturis_sive_speculu.tess,augustine,liber_de_divinis_scripturis_sive_speculu,Late Antique,prose,theology,auto
augustine.liber_de_unico_baptismo.tess,augustine,liber_de_unico_baptismo,Late Antique,prose,theology,auto
augustine.liber_qui_appellatur_speculum.tess,augustine,liber_qui_appellatur_speculum,Late Antique,prose,theology,auto
augustine.locutiones_in_heptateuchum.tess,augustine,locutiones_in_heptateuchum,Late Antique,prose,theology,auto
augustine.psalmus_contra_partem_donati.tess,augustine,psalmus_contra_partem_donati,Late Antique,prose,theology,auto
augustine.quaestiones_in_heptateuchum.tess,augustine,quaestiones_in_heptateuchum,Late Antique,prose,theology,auto
augustine.retractationes.tess,augustine,retractationes,Late Antique,prose,theology,auto
augustine.retractationum.tess,augustine,retractationum,Late Antique,prose,theology,auto
augustine.sermo_ad_caesariensis_ecclesiae_plebem.tess,augustine,sermo_ad_caesariensis_ecclesiae_plebem,Late Antique,prose,theology,auto
augustine.sermo_de_rusticiano_subdiacono.tess,augustine,sermo_de_rusticiano_subdiacono,Late Antique,prose,theology,auto
augustine.speculum.tess,augustine,speculum,Late Antique,prose,theology,auto
augustine_pseudo.quaestiones_veteris_et_novi_testamenti.tess,augustine_pseudo,quaestiones_veteris_et_novi_testamenti,Late Antique,prose,theology,auto
aurelius_victor.de_caesaribus.tess,aurelius_victor,de_caesaribus,Late Antique,prose,historiography,auto
aurelius_victor.epitome_de_caesaribus.tess,aurelius_victor,epitome_de_caesaribus,Late Antique,prose,historiography,auto
ausonius.cento_nuptialis.tess,ausonius,cento_nuptialis,Late Antique,hexameter,epic,auto
ausonius.commemoratio_professorum_burdigalensium.tess,ausonius,commemoratio_professorum_burdigalensium,Late Antique,prose,oratory,auto
ausonius.cupido_cruciatus.tess,ausonius,cupido_cruciatus,Late Antique,lyric,lyric,auto
ausonius.de_bissula.tess,ausonius,de_bissula,Late Antique,prose,lyric,auto
ausonius.de_herediolo.tess,ausonius,de_herediolo,Late Antique,lyric,lyric,auto
ausonius.de_xii_caesaribus.tess,ausonius,de_xii_caesaribus,Late Antique,prose,lyric,auto
ausonius.eclogarum_liber.tess,ausonius,eclogarum_liber,Late Antique,lyric,lyric,auto
ausonius.ephemeris_id_est_totius_diei_negotium.tess,ausonius,ephemeris_id_est_totius_diei_negotium,Late Antique,lyric,lyric,auto
ausonius.epicedion_in_patrem.tess,ausonius,epicedion_in_patrem,Late Antique,lyric,lyric,auto
ausonius.epigrammata_ausonii_de_diversis_rebus.tess,ausonius,epigrammata_ausonii_de_diversis_rebus,Late Antique,lyric,lyric,auto
ausonius.epistularum.tess,ausonius,epistularum,Late Antique,prose,epistolary,auto
ausonius.epitaphia_heroum_qui_bello_troico_interfuerunt.tess,ausonius,epitaphia_heroum_qui_bello_troico_interfuerunt,Late Antique,lyric,lyric,auto
ausonius.gratiarum_actio.tess,ausonius,gratiarum_actio,Late Antique,prose,oratory,auto
ausonius.griphus_ternarii_numeri.tess,ausonius,griphus_ternarii_numeri,Late Antique,lyric,lyric,auto
ausonius.libri_de_fastis_conclusio.tess,ausonius,libri_de_fastis_conclusio,Late Antique,lyric,lyric,auto
ausonius.ludus_septem_sapientum.tess,ausonius,ludus_septem_sapientum,Late Antique,lyric,lyric,auto
ausonius.mosella.tess,ausonius,mosella,Late Antique,hexameter,epic,auto
ausonius.oratio_consulis_ausonii_versibus_rhopalicis.tess,ausonius,oratio_consulis_ausonii_versibus_rhopalicis,Late Antique,prose,oratory,auto
ausonius.ordo_urbium_nobilium.tess,ausonius,ordo_urbium_nobilium,Late Antique,lyric,lyric,auto
ausonius.parentalia.tess,ausonius,parentalia,Late Antique,lyric,lyric,auto
ausonius.praefatiunculae.tess,ausonius,praefatiunculae,Late Antique,lyric,lyric,auto
ausonius.precationes.tess,ausonius,precationes,Late Antique,lyric,lyric,auto
ausonius.technopaegnion.tess,ausonius,technopaegnion,Late Antique,lyric,lyric,auto
ausonius.versus_paschales_pro_augusto_dicti.tess,ausonius,versus_paschales_pro_augusto_dicti,Late Antique,lyric,lyric,auto
avitus_of_vienne.de_consolatoria_laude_castitatis.tess,avitus_of_vienne,de_consolatoria_laude_castitatis,Late Antique,unknown,christian_poetry,auto
avitus_of_vienne.de_spiritalis_historiae_gestis.part.1.tess,avitus_of_vienne,de_spiritalis_historiae_gestis,Late Antique,hexameter,epic,auto
avitus_of_vienne.de_spiritalis_historiae_gestis.part.2.tess,avitus_of_vienne,de_spiritalis_historiae_gestis,Late Antique,hexameter,epic,auto
avitus_of_vienne.de_spiritalis_historiae_gestis.part.3.tess,avitus_of_vienne,de_spiritalis_historiae_gestis,Late Antique,hexameter,epic,auto
avitus_of_vienne.de_spiritalis_historiae_gestis.part.4.tess,avitus_of_vienne,de_spiritalis_historiae_gestis,Late Antique,hexameter,epic,auto
avitus_of_vienne.de_spiritalis_historiae_gestis.part.5.tess,avitus_of_vienne,de_spiritalis_historiae_gestis,Late Antique,hexameter,epic,auto
avitus_of_vienne.de_spiritalis_historiae_gestis.tess,avitus_of_vienne,de_spiritalis_historiae_gestis,Late Antique,hexameter,epic,auto
bede.historiam_ecclesiasticam_gentis_anglorum.part.1.tess,bede,historiam_ecclesiasticam_gentis_anglorum,Early Medieval,prose,medieval,auto
bede.historiam_ecclesiasticam_gentis_anglorum.part.2.tess,bede,historiam_ecclesiasticam_gentis_anglorum,Early Medieval,prose,medieval,auto
bede.historiam_ecclesiasticam_gentis_anglorum.part.3.tess,bede,historiam_ecclesiasticam_gentis_anglorum,Early Medieval,prose,medieval,auto
bede.historiam_ecclesiasticam_gentis_anglorum.part.4.tess,bede,historiam_ecclesiasticam_gentis_anglorum,Early Medieval,prose,medieval,auto
bede.historiam_ecclesiasticam_gentis_anglorum.part.5.tess,bede,historiam_ecclesiasticam_gentis_anglorum,Early Medieval,prose,medieval,auto
bede.historiam_ecclesiasticam_gentis_anglorum.tess,bede,historiam_ecclesiasticam_gentis_anglorum,Early Medieval,prose,medieval,auto
bede_the_venerable.de_locis_santis.tess,bede_the_venerable,de_locis_santis,Early Medieval,prose,medieval,auto
bernowinus.carmina.tess,bernowinus,carmina,Carolingian,unknown,medieval,auto
bertharius_of_monte_cassino.carmen_de_sancto_benedicto.tess,bertharius_of_monte_cassino,carmen_de_sancto_benedicto,Carolingian,unknown,medieval,auto
bertharius_of_monte_cassino.carmen_de_sancto_benedicto_interpolatum.tess,bertharius_of_monte_cassino,carmen_de_sancto_benedicto_interpolatum,Carolingian,unknown,medieval,auto
boethius.commentaria_in_porphyrium_a_se_translatu.tess,boethius,commentaria_in_porphyrium_a_se_translatu,Late Antique,prose,philosophy,auto
boethius.consolatio_philosophiae.part.1.tess,boethius,consolatio_philosophiae,Late Antique,prose,philosophy,auto
boethius.consolatio_philosophiae.part.2.tess,boethius,consolatio_philosophiae,Late Antique,prose,philosophy,auto
boethius.consolatio_philosophiae.part.3.tess,boethius,consolatio_philosophiae,Late Antique,prose,philosophy,auto
boethius.consolatio_philosophiae.part.4.tess,boethius,consolatio_philosophiae,Late Antique,prose,philosophy,auto
boethius.consolatio_philosophiae.part.5.tess,boethius,consolatio_philosophiae,Late Antique,prose,philosophy,auto
boethius.consolatio_philosophiae.tess,boethius,consolatio_philosophiae,Late Antique,prose,philosophy,auto
boethius.de_consolatione_philosophiae.tess,boethius,de_consolatione_philosophiae,Late Antique,prose,philosophy,auto
boethius.de_fide_catholica.tess,boethius,de_fide_catholica,Late Antique,prose,philosophy,auto
boethius.liber_de_persona_et_duabus_naturis_contra_eutychen_et_nestorium.tess,boethius,liber_de_persona_et_duabus_naturis_contra_eutychen_et_nestorium,Late Antique,prose,philosophy,auto
boethius.quomodo_substantiae_in_eo_quod_sint_bonae_sint_cum_non_sint_substantialia_bona.tess,boethius,quomodo_substantiae_in_eo_quod_sint_bonae_sint_cum_non_sint_substantialia_bona,Late Antique,prose,philosophy,auto
boethius.quomodo_trinitas.tess,boethius,quomodo_trinitas,Late Antique,prose,philosophy,auto
boethius.utrum_pater.tess,boethius,utrum_pater,Late Antique,prose,philosophy,auto
caesar.de_bello_civili.part.1.tess,caesar,de_bello_civili,Republic,prose,historiography,auto
caesar.de_bello_civili.part.2.tess,caesar,de_bello_civili,Republic,prose,historiography,auto
caesar.de_bello_civili.part.3.tess,caesar,de_bello_civili,Republic,prose,historiography,auto
caesar.de_bello_civili.tess,caesar,de_bello_civili,Republic,prose,historiography,auto
caesar.de_bello_gallico.part.1.tess,caesar,de_bello_gallico,Republic,prose,historiography,auto
caesar.de_bello_gallico.part.2.tess,caesar,de_bello_gallico,Republic,prose,historiography,auto
caesar.de_bello_gallico.part.3.tess,caesar,de_bello_gallico,Republic,prose,historiography,auto
caesar.de_bello_gallico.part.4.tess,caesar,de_bello_gallico,Republic,prose,historiography,auto
caesar.de_bello_gallico.part.5.tess,caesar,de_bello_gallico,Republic,prose,historiography,auto
caesar.de_bello_gallico.part.6.tess,caesar,de_bello_gallico,Republic,prose,historiography,auto
caesar.de_bello_gallico.part.7.tess,caesar,de_bello_gallico,Republic,prose,historiography,auto
caesar.de_bello_gallico.part.8.tess,caesar,de_bello_gallico,Republic,prose,historiography,auto
caesar.de_bello_gallico.tess,caesar,de_bello_gallico,Republic,prose,historiography,auto
caesar_augustus.res_gestae_divi_augusti.tess,caesar_augustus,res_gestae_divi_augusti,Augustan,prose,historiography,auto
calpurnius_siculus.eclogae.tess,calpurnius_siculus,eclogae,Early Imperial,hexameter,pastoral,auto
candidus_of_fulda.epitaphia_aegili.tess,candidus_of_fulda,epitaphia_aegili,Carolingian,unknown,medieval,auto
candidus_of_fulda.vita_aegili.tess,candidus_of_fulda,vita_aegili,Carolingian,unknown,medieval,auto
catholic_church_pope.epistulae_imperatorum_pontificum_aliorum.tess,catholic_church_pope,epistulae_imperatorum_pontificum_aliorum,Late Antique,prose,theology,auto
cato_the_elder.de_agricultura.tess,cato_the_elder,de_agricultura,Republic,prose,technical,auto
catullus.carmina.tess,catullus,carmina,Republic,mixed,lyric,auto
celsus.de_medicina.part.1.tess,celsus,de_medicina,Early Imperial,prose,technical,auto
celsus.de_medicina.part.2.tess,celsus,de_medicina,Early Imperial,prose,technical,auto
celsus.de_medicina.part.3.tess,celsus,de_medicina,Early Imperial,prose,technical,auto
celsus.de_medicina.part.4.tess,celsus,de_medicina,Early Imperial,prose,technical,auto
celsus.de_medicina.part.5.tess,celsus,de_medicina,Early Imperial,prose,technical,auto
celsus.de_medicina.part.6.tess,celsus,de_medicina,Early Imperial,prose,technical,auto
celsus.de_medicina.part.7.tess,celsus,de_medicina,Early Imperial,prose,technical,auto
celsus.de_medicina.part.8.tess,celsus,de_medicina,Early Imperial,prose,technical,auto
celsus.de_medicina.tess,celsus,de_medicina,Early Imperial,prose,technical,auto
cicero.academica.tess,cicero,academica,Republic,prose,philosophy,auto
cicero.brutus.tess,cicero,brutus,Republic,prose,rhetoric,auto
cicero.cum_populo_gratias_egit.tess,cicero,cum_populo_gratias_egit,Republic,prose,oratory,auto
cicero.de_amicitia.tess,cicero,de_amicitia,Republic,prose,philosophy,auto
cicero.de_divinatione.tess,cicero,de_divinatione,Republic,prose,philosophy,auto
cicero.de_domo_sua.tess,cicero,de_domo_sua,Republic,prose,oratory,auto
cicero.de_fato.tess,cicero,de_fato,Republic,prose,philosophy,auto
cicero.de_finibus_bonorum_et_malorum.part.1.tess,cicero,de_finibus_bonorum_et_malorum,Republic,prose,philosophy,auto
cicero.de_finibus_bonorum_et_malorum.part.2.tess,cicero,de_finibus_bonorum_et_malorum,Republic,prose,philosophy,auto
cicero.de_finibus_bonorum_et_malorum.part.3.tess,cicero,de_finibus_bonorum_et_malorum,Republic,prose,philosophy,auto
cicero.de_finibus_bonorum_et_malorum.part.4.tess,cicero,de_finibus_bonorum_et_malorum,Republic,prose,philosophy,auto
cicero.de_finibus_bonorum_et_malorum.part.5.tess,cicero,de_finibus_bonorum_et_malorum,Republic,prose,philosophy,auto
cicero.de_finibus_bonorum_et_malorum.tess,cicero,de_finibus_bonorum_et_malorum,Republic,prose,philosophy,auto
cicero.de_haruspicum_responso.tess,cicero,de_haruspicum_responso,Republic,prose,oratory,auto
cicero.de_imperio_cn_pompei.tess,cicero,de_imperio_cn_pompei,Republic,prose,oratory,auto
cicero.de_inventione.part.1.tess,cicero,de_inventione,Republic,prose,rhetoric,auto
cicero.de_inventione.part.2.tess,cicero,de_inventione,Republic,prose,rhetoric,auto
cicero.de_inventione.tess,cicero,de_inventione,Republic,prose,rhetoric,auto
cicero.de_lege_agraria_contra_rullum.tess,cicero,de_lege_agraria_contra_rullum,Republic,prose,oratory,auto
cicero.de_natura_deorum.part.1.tess,cicero,de_natura_deorum,Republic,prose,philosophy,auto
cicero.de_natura_deorum.part.2.tess,cicero,de_natura_deorum,Republic,prose,philosophy,auto
cicero.de_natura_deorum.part.3.tess,cicero,de_natura_deorum,Republic,prose,philosophy,auto
cicero.de_natura_deorum.tess,cicero,de_natura_deorum,Republic,prose,philosophy,auto
cicero.de_officiis.part.1.tess,cicero,de_officiis,Republic,prose,philosophy,auto
cicero.de_officiis.part.2.tess,cicero,de_officiis,Republic,prose,philosophy,auto
cicero.de_officiis.part.3.tess,cicero,de_officiis,Republic,prose,philosophy,auto
cicero.de_officiis.tess,cicero,de_officiis,Republic,prose,philosophy,auto
cicero.de_optimo_genere_oratorum.tess,cicero,de_optimo_genere_oratorum,Republic,prose,oratory,auto
cicero.de_oratore.part.1.tess,cicero,de_oratore,Republic,prose,rhetoric,auto
cicero.de_oratore.part.2.tess,cicero,de_oratore,Republic,prose,rhetoric,auto
cicero.de_oratore.part.3.tess,cicero,de_oratore,Republic,prose,rhetoric,auto
cicero.de_oratore.tess,cicero,de_oratore,Republic,prose,rhetoric,auto
cicero.de_partitione_oratoria.tess,cicero,de_partitione_oratoria,Republic,prose,rhetoric,auto
cicero.de_provinciis_consularibus.tess,cicero,de_provinciis_consularibus,Republic,prose,oratory,auto
cicero.de_republica.tess,cicero,de_republica,Republic,prose,philosophy,auto
cicero.de_senectute.tess,cicero,de_senectute,Republic,prose,philosophy,auto
cicero.divinatio_in_c_verrem.part.1.tess,cicero,divinatio_in_c_verrem,Republic,prose,oratory,auto
cicero.divinatio_in_c_verrem.part.2.tess,cicero,divinatio_in_c_verrem,Republic,prose,oratory,auto
cicero.divinatio_in_c_verrem.part.3.tess,cicero,divinatio_in_c_verrem,Republic,prose,oratory,auto
cicero.divinatio_in_c_verrem.part.4.tess,cicero,divinatio_in_c_verrem,Republic,prose,oratory,auto
cicero.divinatio_in_c_verrem.part.5.tess,cicero,divinatio_in_c_verrem,Republic,prose,oratory,auto
cicero.divinatio_in_c_verrem.part.6.tess,cicero,divinatio_in_c_verrem,Republic,prose,oratory,auto
cicero.divinatio_in_c_verrem.tess,cicero,divinatio_in_c_verrem,Republic,prose,oratory,auto
cicero.divinatio_in_q_caecilium.tess,cicero,divinatio_in_q_caecilium,Republic,prose,oratory,auto
cicero.epistulae_ad_familiares.part.1.ad_lentulum.tess,cicero,epistulae_ad_familiares,Republic,prose,epistolary,auto
cicero.epistulae_ad_familiares.part.10.ad_plancum_et_ceteros.tess,cicero,epistulae_ad_familiares,Republic,prose,epistolary,auto
cicero.epistulae_ad_familiares.part.11.at_brutum_et_ceteros.tess,cicero,epistulae_ad_familiares,Republic,prose,epistolary,auto
cicero.epistulae_ad_familiares.part.12.ad_cassium_et_ceteros.tess,cicero,epistulae_ad_familiares,Republic,prose,epistolary,auto
cicero.epistulae_ad_familiares.part.13.ad_memmium_et_ceteros.tess,cicero,epistulae_ad_familiares,Republic,prose,epistolary,auto
cicero.epistulae_ad_familiares.part.14.ad_terentiam_uxorem.tess,cicero,epistulae_ad_familiares,Republic,prose,epistolary,auto
cicero.epistulae_ad_familiares.part.15.ad_senatum_et_ceteros.tess,cicero,epistulae_ad_familiares,Republic,prose,epistolary,auto
cicero.epistulae_ad_familiares.part.16.ad_tironem.tess,cicero,epistulae_ad_familiares,Republic,prose,epistolary,auto
cicero.epistulae_ad_familiares.part.2.ad_curionem_et_ceteros.tess,cicero,epistulae_ad_familiares,Republic,prose,epistolary,auto
cicero.epistulae_ad_familiares.part.3.ad_claudium_pulchrum.tess,cicero,epistulae_ad_familiares,Republic,prose,epistolary,auto
cicero.epistulae_ad_familiares.part.4.ad_sulpicium_et_ceteros.tess,cicero,epistulae_ad_familiares,Republic,prose,epistolary,auto
cicero.epistulae_ad_familiares.part.5.ad_metellum_et_ceteros.tess,cicero,epistulae_ad_familiares,Republic,prose,epistolary,auto
cicero.epistulae_ad_familiares.part.6.ad_torquatum_et_ceteros.tess,cicero,epistulae_ad_familiares,Republic,prose,epistolary,auto
cicero.epistulae_ad_familiares.part.7.ad_marium_et_ceteros.tess,cicero,epistulae_ad_familiares,Republic,prose,epistolary,auto
cicero.epistulae_ad_familiares.part.8.caeli_epistulae_ad_ciceronem.tess,cicero,epistulae_ad_familiares,Republic,prose,epistolary,auto
cicero.epistulae_ad_familiares.part.9.ad_varronem_et_ceteros.tess,cicero,epistulae_ad_familiares,Republic,prose,epistolary,auto
cicero.epistulae_ad_familiares.tess,cicero,epistulae_ad_familiares,Republic,prose,epistolary,auto
cicero.in_catilinam.tess,cicero,in_catilinam,Republic,prose,oratory,auto
cicero.in_l_pisonem.tess,cicero,in_l_pisonem,Republic,prose,oratory,auto
cicero.in_vatinium.tess,cicero,in_vatinium,Republic,prose,oratory,auto
cicero.letters_to_atticus.part.1.tess,cicero,letters_to_atticus,Republic,prose,epistolary,auto
cicero.letters_to_atticus.part.10.tess,cicero,letters_to_atticus,Republic,prose,epistolary,auto
cicero.letters_to_atticus.part.11.tess,cicero,letters_to_atticus,Republic,prose,epistolary,auto
cicero.letters_to_atticus.part.12.tess,cicero,letters_to_atticus,Republic,prose,epistolary,auto
cicero.letters_to_atticus.part.13.tess,cicero,letters_to_atticus,Republic,prose,epistolary,auto
cicero.letters_to_atticus.part.14.tess,cicero,letters_to_atticus,Republic,prose,epistolary,auto
cicero.letters_to_atticus.part.15.tess,cicero,letters_to_atticus,Republic,prose,epistolary,auto
cicero.letters_to_atticus.part.16.tess,cicero,letters_to_atticus,Republic,prose,epistolary,auto
cicero.letters_to_atticus.part.2.tess,cicero,letters_to_atticus,Republic,prose,epistolary,auto
cicero.letters_to_atticus.part.3.tess,cicero,letters_to_atticus,Republic,prose,epistolary,auto
cicero.letters_to_atticus.part.4.tess,cicero,letters_to_atticus,Republic,prose,epistolary,auto
cicero.letters_to_atticus.part.5.tess,cicero,letters_to_atticus,Republic,prose,epistolary,auto
cicero.letters_to_atticus.part.6.tess,cicero,letters_to_atticus,Republic,prose,epistolary,auto
cicero.letters_to_atticus.part.7.tess,cicero,letters_to_atticus,Republic,prose,epistolary,auto
cicero.letters_to_atticus.part.8.tess,cicero,letters_to_atticus,Republic,prose,epistolary,auto
cicero.letters_to_atticus.part.9.tess,cicero,letters_to_atticus,Republic,prose,epistolary,auto
cicero.letters_to_atticus.tess,cicero,letters_to_atticus,Republic,prose,epistolary,auto
cicero.letters_to_brutus.tess,cicero,letters_to_brutus,Republic,prose,rhetoric,auto
cicero.letters_to_quintus.tess,cicero,letters_to_quintus,Republic,prose,epistolary,auto
cicero.lucullus.tess,cicero,lucullus,Republic,prose,philosophy,auto
cicero.orator.tess,cicero,orator,Republic,prose,rhetoric,auto
cicero.paradoxa_stoicorum_ad_m_brutum.tess,cicero,paradoxa_stoicorum_ad_m_brutum,Republic,prose,philosophy,auto
cicero.philippicae.part.1.tess,cicero,philippicae,Republic,prose,oratory,auto
cicero.philippicae.part.10.tess,cicero,philippicae,Republic,prose,oratory,auto
cicero.philippicae.part.11.tess,cicero,philippicae,Republic,prose,oratory,auto
cicero.philippicae.part.12.tess,cicero,philippicae,Republic,prose,oratory,auto
cicero.philippicae.part.13.tess,cicero,philippicae,Republic,prose,oratory,auto
cicero.philippicae.part.14.tess,cicero,philippicae,Republic,prose,oratory,auto
cicero.philippicae.part.2.tess,cicero,philippicae,Republic,prose,oratory,auto
cicero.philippicae.part.3.tess,cicero,philippicae,Republic,prose,oratory,auto
cicero.philippicae.part.4.tess,cicero,philippicae,Republic,prose,oratory,auto
cicero.philippicae.part.5.tess,cicero,philippicae,Republic,prose,oratory,auto
cicero.philippicae.part.6.tess,cicero,philippicae,Republic,prose,oratory,auto
cicero.philippicae.part.7.tess,cicero,philippicae,Republic,prose,oratory,auto
cicero.philippicae.part.8.tess,cicero,philippicae,Republic,prose,oratory,auto
cicero.philippicae.part.9.tess,cicero,philippicae,Republic,prose,oratory,auto
cicero.philippicae.tess,cicero,philippicae,Republic,prose,oratory,auto
cicero.post_reditum_in_senatu.tess,cicero,post_reditum_in_senatu,Republic,prose,oratory,auto
cicero.pro_a_caecina.tess,cicero,pro_a_caecina,Republic,prose,oratory,auto
cicero.pro_a_cluentio.tess,cicero,pro_a_cluentio,Republic,prose,oratory,auto
cicero.pro_archia.tess,cicero,pro_archia,Republic,prose,oratory,auto
cicero.pro_balbo.tess,cicero,pro_balbo,Republic,prose,oratory,auto
cicero.pro_c_rabirio_perduellionis_reo.tess,cicero,pro_c_rabirio_perduellionis_reo,Republic,prose,oratory,auto
cicero.pro_c_rabirio_postumo.tess,cicero,pro_c_rabirio_postumo,Republic,prose,oratory,auto
cicero.pro_fonteio.tess,cicero,pro_fonteio,Republic,prose,oratory,auto
cicero.pro_l_flacco.tess,cicero,pro_l_flacco,Republic,prose,oratory,auto
cicero.pro_ligario.tess,cicero,pro_ligario,Republic,prose,oratory,auto
cicero.pro_m_caelio.tess,cicero,pro_m_caelio,Republic,prose,oratory,auto
cicero.pro_marcello.tess,cicero,pro_marcello,Republic,prose,oratory,auto
cicero.pro_milone.tess,cicero,pro_milone,Republic,prose,oratory,auto
cicero.pro_murena.tess,cicero,pro_murena,Republic,prose,oratory,auto
cicero.pro_plancio.tess,cicero,pro_plancio,Republic,prose,oratory,auto
cicero.pro_publio_quinctio.tess,cicero,pro_publio_quinctio,Republic,prose,oratory,auto
cicero.pro_q_roscio_comoedo.tess,cicero,pro_q_roscio_comoedo,Republic,prose,oratory,auto
cicero.pro_rege_deiotaro.tess,cicero,pro_rege_deiotaro,Republic,prose,oratory,auto
cicero.pro_s_roscio.tess,cicero,pro_s_roscio,Republic,prose,oratory,auto
cicero.pro_scauro.tess,cicero,pro_scauro,Republic,prose,oratory,auto
cicero.pro_sestio.tess,cicero,pro_sestio,Republic,prose,oratory,auto
cicero.pro_sulla.tess,cicero,pro_sulla,Republic,prose,oratory,auto
cicero.pro_tullio.tess,cicero,pro_tullio,Republic,prose,oratory,auto
cicero.timaeus.tess,cicero,timaeus,Republic,prose,philosophy,auto
cicero.topica.tess,cicero,topica,Republic,prose,rhetoric,auto
cicero.tusculanae_disputationes.part.1.tess,cicero,tusculanae_disputationes,Republic,prose,philosophy,auto
cicero.tusculanae_disputationes.part.2.tess,cicero,tusculanae_disputationes,Republic,prose,philosophy,auto
cicero.tusculanae_disputationes.part.3.tess,cicero,tusculanae_disputationes,Republic,prose,philosophy,auto
cicero.tusculanae_disputationes.part.4.tess,cicero,tusculanae_disputationes,Republic,prose,philosophy,auto
cicero.tusculanae_disputationes.part.5.tess,cicero,tusculanae_disputationes,Republic,prose,philosophy,auto
cicero.tusculanae_disputationes.tess,cicero,tusculanae_disputationes,Republic,prose,philosophy,auto
cicero_pseudo.in_sallustium.tess,cicero_pseudo,in_sallustium,Republic,prose,oratory,auto
cicero_pseudo.pridie_quam_in_exilium_iret_oratio.tess,cicero_pseudo,pridie_quam_in_exilium_iret_oratio,Republic,prose,oratory,auto
claudian.carmina_minora.tess,claudian,carmina_minora,Late Antique,hexameter,panegyric,auto
claudian.de_bello_gildonico.tess,claudian,de_bello_gildonico,Late Antique,hexameter,panegyric,auto
claudian.de_bello_gothico.tess,claudian,de_bello_gothico,Late Antique,hexameter,panegyric,auto
claudian.de_consulatu_stilichonis.part.1.tess,claudian,de_consulatu_stilichonis,Late Antique,hexameter,panegyric,auto
claudian.de_consulatu_stilichonis.part.2.tess,claudian,de_consulatu_stilichonis,Late Antique,hexameter,panegyric,auto
claudian.de_consulatu_stilichonis.part.3.tess,claudian,de_consulatu_stilichonis,Late Antique,hexameter,panegyric,auto
claudian.de_consulatu_stilichonis.tess,claudian,de_consulatu_stilichonis,Late Antique,hexameter,panegyric,auto
claudian.de_raptu_proserpinae.part.1.tess,claudian,de_raptu_proserpinae,Late Antique,hexameter,epic,auto
claudian.de_raptu_proserpinae.part.2.tess,claudian,de_raptu_proserpinae,Late Antique,hexameter,epic,auto
claudian.de_raptu_proserpinae.part.3.tess,claudian,de_raptu_proserpinae,Late Antique,hexameter,epic,auto
claudian.de_raptu_proserpinae.tess,claudian,de_raptu_proserpinae,Late Antique,hexameter,epic,auto
claudian.epithalamium_de_nuptiis_honorii_augusti.tess,claudian,epithalamium_de_nuptiis_honorii_augusti,Late Antique,hexameter,panegyric,auto
claudian.in_consulatum_olybrii_et_probini.tess,claudian,in_consulatum_olybrii_et_probini,Late Antique,hexameter,panegyric,auto
claudian.in_eutropium.part.1.tess,claudian,in_eutropium,Late Antique,hexameter,panegyric,auto
claudian.in_eutropium.part.2.tess,claudian,in_eutropium,Late Antique,hexameter,panegyric,auto
claudian.in_eutropium.tess,claudian,in_eutropium,Late Antique,hexameter,panegyric,auto
claudian.in_rufinum.part.1.tess,claudian,in_rufinum,Late Antique,hexameter,panegyric,auto
claudian.in_rufinum.part.2.tess,claudian,in_rufinum,Late Antique,hexameter,panegyric,auto
claudian.in_rufinum.tess,claudian,in_rufinum,Late Antique,hexameter,panegyric,auto
claudian.panegyricus_de_quarto_consulatu_honorii_augusti.tess,claudian,panegyricus_de_quarto_consulatu_honorii_augusti,Late Antique,hexameter,panegyric,auto
claudian.panegyricus_de_sexto_consulatu_honorii_augusti.tess,claudian,panegyricus_de_sexto_consulatu_honorii_augusti,Late Antique,hexameter,panegyric,auto
claudian.panegyricus_de_tertio_consulatu_honorii_augusti.tess,claudian,panegyricus_de_tertio_consulatu_honorii_augusti,Late Antique,hexameter,panegyric,auto
claudian.panegyricus_dictus_manlio_theodoro_consuli.tess,claudian,panegyricus_dictus_manlio_theodoro_consuli,Late Antique,hexameter,panegyric,auto
claudianus_mamertus.de_statu_animae.tess,claudianus_mamertus,de_statu_animae,Late Antique,prose,philosophy,auto
claudianus_mamertus.epistolae.tess,claudianus_mamertus,epistolae,Late Antique,prose,epistolary,auto
claudius_mamertinus.panegyricus.tess,claudius_mamertinus,panegyricus,Later Imperial,prose,oratory,auto
columella.de_re_rustica.part.1.tess,columella,de_re_rustica,Early Imperial,prose,technical,auto
columella.de_re_rustica.part.2.tess,columella,de_re_rustica,Early Imperial,prose,technical,auto
columella.de_re_rustica.part.3.tess,columella,de_re_rustica,Early Imperial,prose,technical,auto
columella.de_re_rustica.part.4.tess,columella,de_re_rustica,Early Imperial,prose,technical,auto
columella.de_re_rustica.part.5.tess,columella,de_re_rustica,Early Imperial,prose,technical,auto
columella.de_re_rustica.part.6.tess,columella,de_re_rustica,Early Imperial,prose,technical,auto
columella.de_re_rustica.part.7.tess,columella,de_re_rustica,Early Imperial,prose,technical,auto
columella.de_re_rustica.part.8.tess,columella,de_re_rustica,Early Imperial,prose,technical,auto
columella.de_re_rustica.part.9.tess,columella,de_re_rustica,Early Imperial,prose,technical,auto
columella.de_re_rustica.tess,columella,de_re_rustica,Early Imperial,prose,technical,auto
commodian.carmen_apologeticum.tess,commodian,carmen_apologeticum,Later Imperial,prose,theology,auto
commodian.instructiones.part.1.tess,commodian,instructiones,Later Imperial,prose,theology,auto
commodian.instructiones.part.2.tess,commodian,instructiones,Later Imperial,prose,theology,auto
commodian.instructiones.tess,commodian,instructiones,Later Imperial,prose,theology,auto
commodianus.instructiones.tess,commodianus,instructiones,Later Imperial,prose,theology,auto
corippus.johannis.part.1.tess,corippus,johannis,Late Antique,hexameter,epic,auto
corippus.johannis.part.2.tess,corippus,johannis,Late Antique,hexameter,epic,auto
corippus.johannis.part.3.tess,corippus,johannis,Late Antique,hexameter,epic,auto
corippus.johannis.part.4.tess,corippus,johannis,Late Antique,hexameter,epic,auto
corippus.johannis.part.5.tess,corippus,johannis,Late Antique,hexameter,epic,auto
corippus.johannis.part.6.tess,corippus,johannis,Late Antique,hexameter,epic,auto
corippus.johannis.part.7.tess,corippus,johannis,Late Antique,hexameter,epic,auto
corippus.johannis.part.8.tess,corippus,johannis,Late Antique,hexameter,epic,auto
corippus.johannis.tess,corippus,johannis,Late Antique,hexameter,epic,auto
couplet_et_alii.confucius_sinarum_philosophus.part.1.tess,couplet_et_alii,confucius_sinarum_philosophus,Unknown,prose,unclassified,auto
couplet_et_alii.confucius_sinarum_philosophus.part.2.tess,couplet_et_alii,confucius_sinarum_philosophus,Unknown,prose,unclassified,auto
couplet_et_alii.confucius_sinarum_philosophus.part.3.tess,couplet_et_alii,confucius_sinarum_philosophus,Unknown,prose,unclassified,auto
couplet_et_alii.confucius_sinarum_philosophus.tess,couplet_et_alii,confucius_sinarum_philosophus,Unknown,prose,unclassified,auto
curtius_rufus.historiae_alexandri_magni.part.10.tess,curtius_rufus,historiae_alexandri_magni,Early Imperial,prose,historiography,auto
curtius_rufus.historiae_alexandri_magni.part.3.tess,curtius_rufus,historiae_alexandri_magni,Early Imperial,prose,historiography,auto
curtius_rufus.historiae_alexandri_magni.part.4.tess,curtius_rufus,historiae_alexandri_magni,Early Imperial,prose,historiography,auto
curtius_rufus.historiae_alexandri_magni.part.5.tess,curtius_rufus,historiae_alexandri_magni,Early Imperial,prose,historiography,auto
curtius_rufus.historiae_alexandri_magni.part.6.tess,curtius_rufus,historiae_alexandri_magni,Early Imperial,prose,historiography,auto
curtius_rufus.historiae_alexandri_magni.part.7.tess,curtius_rufus,historiae_alexandri_magni,Early Imperial,prose,historiography,auto
curtius_rufus.historiae_alexandri_magni.part.8.tess,curtius_rufus,historiae_alexandri_magni,Early Imperial,prose,historiography,auto
curtius_rufus.historiae_alexandri_magni.part.9.tess,curtius_rufus,historiae_alexandri_magni,Early Imperial,prose,historiography,auto
curtius_rufus.historiae_alexandri_magni.tess,curtius_rufus,historiae_alexandri_magni,Early Imperial,prose,historiography,auto
cyprian.ad_demetrianum.tess,cyprian,ad_demetrianum,Late Antique,prose,theology,auto
cyprian.ad_donatum.tess,cyprian,ad_donatum,Late Antique,prose,theology,auto
cyprian.ad_quirinum_aut_testimoniorum_libri_tres_adversus_judaeos.tess,cyprian,ad_quirinum_aut_testimoniorum_libri_tres_adversus_judaeos,Late Antique,prose,theology,auto
cyprian.de_bono_patientiae.tess,cyprian,de_bono_patientiae,Late Antique,prose,theology,auto
cyprian.de_catholicae_ecclesiae_unitate.tess,cyprian,de_catholicae_ecclesiae_unitate,Late Antique,prose,theology,auto
cyprian.de_dominica_oratione.tess,cyprian,de_dominica_oratione,Late Antique,prose,theology,auto
cyprian.de_habitu_uirginum.tess,cyprian,de_habitu_uirginum,Late Antique,prose,theology,auto
cyprian.de_lapsis.tess,cyprian,de_lapsis,Late Antique,prose,theology,auto
cyprian.de_mortalitate.tess,cyprian,de_mortalitate,Late Antique,prose,theology,auto
cyprian.de_opere_et_eleemosynis.tess,cyprian,de_opere_et_eleemosynis,Late Antique,prose,theology,auto
cyprian.de_zelo_et_livore.tess,cyprian,de_zelo_et_livore,Late Antique,prose,theology,auto
cyprian.epistulae.tess,cyprian,epistulae,Late Antique,prose,epistolary,auto
cyprian.fortunatum_aut_de_exhortatione_martyrii.tess,cyprian,fortunatum_aut_de_exhortatione_martyrii,Late Antique,prose,theology,auto
cyprian.quod_idola_dii_non_sint.tess,cyprian,quod_idola_dii_non_sint,Late Antique,prose,theology,auto
cyprian.sententiae_episcoporum_numero_LXXXVII_de_haereticis_baptizandis.tess,cyprian,sententiae_episcoporum_numero_LXXXVII_de_haereticis_baptizandis,Late Antique,prose,theology,auto
cyprian_pseudo.ad_flavium_felicem_de_resurrectione_mortuorum.tess,cyprian_pseudo,ad_flavium_felicem_de_resurrectione_mortuorum,Later Imperial,prose,theology,auto
cyprian_pseudo.ad_novatianum.tess,cyprian_pseudo,ad_novatianum,Later Imperial,prose,theology,auto
cyprian_pseudo.ad_senatorem_ex_christiana_religione_ad_idolorum_servitutem_conversum.tess,cyprian_pseudo,ad_senatorem_ex_christiana_religione_ad_idolorum_servitutem_conversum,Later Imperial,prose,theology,auto
cyprian_pseudo.ad_vigilium_de_iudaica_incredulitate.tess,cyprian_pseudo,ad_vigilium_de_iudaica_incredulitate,Later Imperial,prose,theology,auto
cyprian_pseudo.adversus_iudaeos.tess,cyprian_pseudo,adversus_iudaeos,Later Imperial,prose,theology,auto
cyprian_pseudo.de_bono_pudicitiae.tess,cyprian_pseudo,de_bono_pudicitiae,Later Imperial,prose,theology,auto
cyprian_pseudo.de_duodecim_abusivis_saeculi.tess,cyprian_pseudo,de_duodecim_abusivis_saeculi,Later Imperial,prose,theology,auto
cyprian_pseudo.de_duplici_martyrio.tess,cyprian_pseudo,de_duplici_martyrio,Later Imperial,prose,theology,auto
cyprian_pseudo.de_iona.tess,cyprian_pseudo,de_iona,Later Imperial,prose,theology,auto
cyprian_pseudo.de_laude_martyrii.tess,cyprian_pseudo,de_laude_martyrii,Later Imperial,prose,theology,auto
cyprian_pseudo.de_montibus_sina_et_sion.tess,cyprian_pseudo,de_montibus_sina_et_sion,Later Imperial,prose,theology,auto
cyprian_pseudo.de_pascha.tess,cyprian_pseudo,de_pascha,Later Imperial,prose,theology,auto
cyprian_pseudo.de_pascha_computus.tess,cyprian_pseudo,de_pascha_computus,Later Imperial,prose,theology,auto
cyprian_pseudo.de_rebaptismate.tess,cyprian_pseudo,de_rebaptismate,Later Imperial,prose,theology,auto
cyprian_pseudo.de_singularitate_clericorum.tess,cyprian_pseudo,de_singularitate_clericorum,Later Imperial,prose,theology,auto
cyprian_pseudo.de_spectaculis.tess,cyprian_pseudo,de_spectaculis,Later Imperial,prose,theology,auto
cyprian_pseudo.epistulae.tess,cyprian_pseudo,epistulae,Later Imperial,prose,epistolary,auto
cyprian_pseudo.genesis.tess,cyprian_pseudo,genesis,Later Imperial,prose,theology,auto
cyprian_pseudo.liber_de_aleatoribus.tess,cyprian_pseudo,liber_de_aleatoribus,Later Imperial,prose,theology,auto
cyprian_pseudo.orationes.tess,cyprian_pseudo,orationes,Later Imperial,prose,theology,auto
cyprian_pseudo.sodoma.tess,cyprian_pseudo,sodoma,Later Imperial,prose,theology,auto
cyprian_saint.ad_demetrianum.tess,cyprian_saint,ad_demetrianum,Later Imperial,prose,theology,auto
cyprian_saint.ad_donatum.tess,cyprian_saint,ad_donatum,Later Imperial,prose,theology,auto
cyprian_saint.de_bono_patientiae.tess,cyprian_saint,de_bono_patientiae,Later Imperial,prose,theology,auto
cyprian_saint.de_disciplina_et_habitu_virginum_liber.tess,cyprian_saint,de_disciplina_et_habitu_virginum_liber,Later Imperial,prose,theology,auto
cyprian_saint.de_dominica_oratione.tess,cyprian_saint,de_dominica_oratione,Later Imperial,prose,theology,auto
cyprian_saint.de_exhortatione_martyrii.tess,cyprian_saint,de_exhortatione_martyrii,Later Imperial,prose,theology,auto
cyprian_saint.de_lapsis.tess,cyprian_saint,de_lapsis,Later Imperial,prose,theology,auto
cyprian_saint.de_mortalite.tess,cyprian_saint,de_mortalite,Later Imperial,prose,theology,auto
cyprian_saint.de_opere_et_eleemosynis.tess,cyprian_saint,de_opere_et_eleemosynis,Later Imperial,prose,theology,auto
cyprian_saint.de_unitate_ecclesiae_catholicae_liber.tess,cyprian_saint,de_unitate_ecclesiae_catholicae_liber,Later Imperial,prose,theology,auto
cyprian_saint.de_zelo_et_livore.tess,cyprian_saint,de_zelo_et_livore,Later Imperial,prose,theology,auto
cyprian_saint.epistulae.tess,cyprian_saint,epistulae,Later Imperial,prose,epistolary,auto
cyprian_saint.quod_idola_dii_non_sint.tess,cyprian_saint,quod_idola_dii_non_sint,Later Imperial,prose,theology,auto
cyprian_saint.sententiae_episcoporum.tess,cyprian_saint,sententiae_episcoporum,Later Imperial,prose,theology,auto
cyprian_saint.testimoniorum_libri_tres_adversus_judaeo.tess,cyprian_saint,testimoniorum_libri_tres_adversus_judaeo,Later Imperial,prose,theology,auto
cyprianus_cordubensis.cypriani_et_samsonis_carmina.tess,cyprianus_cordubensis,cypriani_et_samsonis_carmina,Later Imperial,unknown,medieval,auto
cyprianus_cordubensis.cypriani_et_samsonis_carminum_appendix.tess,cyprianus_cordubensis,cypriani_et_samsonis_carminum_appendix,Later Imperial,unknown,medieval,auto
cyprianus_gallus.heptateuchos.part.1.tess,cyprianus_gallus,heptateuchos,Late Antique,hexameter,epic,auto
cyprianus_gallus.heptateuchos.part.2.tess,cyprianus_gallus,heptateuchos,Late Antique,hexameter,epic,auto
cyprianus_gallus.heptateuchos.part.3.tess,cyprianus_gallus,heptateuchos,Late Antique,hexameter,epic,auto
cyprianus_gallus.heptateuchos.part.4.tess,cyprianus_gallus,heptateuchos,Late Antique,hexameter,epic,auto
cyprianus_gallus.heptateuchos.part.5.tess,cyprianus_gallus,heptateuchos,Late Antique,hexameter,epic,auto
cyprianus_gallus.heptateuchos.part.6.tess,cyprianus_gallus,heptateuchos,Late Antique,hexameter,epic,auto
cyprianus_gallus.heptateuchos.part.7.tess,cyprianus_gallus,heptateuchos,Late Antique,hexameter,epic,auto
cyprianus_gallus.heptateuchos.tess,cyprianus_gallus,heptateuchos,Late Antique,hexameter,epic,auto
dante.divina_comedia.part.1.tess,dante,divina_comedia,Medieval,hexameter,epic,auto
dante.divina_comedia.part.2.tess,dante,divina_comedia,Medieval,hexameter,epic,auto
dante.divina_comedia.part.3.tess,dante,divina_comedia,Medieval,hexameter,epic,auto
dante.divina_comedia.tess,dante,divina_comedia,Medieval,hexameter,epic,auto
descartes.meditations.tess,descartes,meditations,Modern,prose,philosophy,auto
dhuoda.rhythmy_ex_manuali_dhuodanae.tess,dhuoda,rhythmy_ex_manuali_dhuodanae,Carolingian,unknown,medieval,auto
dicuil.versus.tess,dicuil,versus,Carolingian,unknown,medieval,auto
dracontius.de_laudibus_dei.part.1.tess,dracontius,de_laudibus_dei,Late Antique,hexameter,epic,auto
dracontius.de_laudibus_dei.part.2.tess,dracontius,de_laudibus_dei,Late Antique,hexameter,epic,auto
dracontius.de_laudibus_dei.part.3.tess,dracontius,de_laudibus_dei,Late Antique,hexameter,epic,auto
dracontius.de_laudibus_dei.tess,dracontius,de_laudibus_dei,Late Antique,hexameter,epic,auto
dracontius.orestes.tess,dracontius,orestes,Late Antique,dramatic,drama,auto
dracontius.romulea.part.1.tess,dracontius,romulea,Late Antique,lyric,lyric,auto
dracontius.romulea.part.10.tess,dracontius,romulea,Late Antique,lyric,lyric,auto
dracontius.romulea.part.2.tess,dracontius,romulea,Late Antique,lyric,lyric,auto
dracontius.romulea.part.3.tess,dracontius,romulea,Late Antique,lyric,lyric,auto
dracontius.romulea.part.4.tess,dracontius,romulea,Late Antique,lyric,lyric,auto
dracontius.romulea.part.5.tess,dracontius,romulea,Late Antique,lyric,lyric,auto
dracontius.romulea.part.6.tess,dracontius,romulea,Late Antique,lyric,lyric,auto
dracontius.romulea.part.7.tess,dracontius,romulea,Late Antique,lyric,lyric,auto
dracontius.romulea.part.8.tess,dracontius,romulea,Late Antique,lyric,lyric,auto
dracontius.romulea.part.9.tess,dracontius,romulea,Late Antique,lyric,lyric,auto
dracontius.romulea.part.fragments.tess,dracontius,romulea.part.fragments,Late Antique,lyric,lyric,auto
dracontius.romulea.tess,dracontius,romulea,Late Antique,lyric,lyric,auto
dracontius.satisfactio.tess,dracontius,satisfactio,Late Antique,lyric,lyric,auto
einhardus.rythmus_de_passione_marcellini_et_petri.tess,einhardus,rythmus_de_passione_marcellini_et_petri,Carolingian,prose,historiography,auto
engelmodus.carmina.tess,engelmodus,carmina,Carolingian,unknown,medieval,auto
ennius.annales.tess,ennius,annales,Republic,hexameter,epic,auto
ennodius.carmina.tess,ennodius,carmina,Late Antique,unknown,medieval,auto
ennodius.epigrammata.tess,ennodius,epigrammata,Late Antique,unknown,medieval,auto
ennodius.epistulae.tess,ennodius,epistulae,Late Antique,prose,medieval,auto
eobanus.iliad.part.1.tess,eobanus,iliad,Renaissance,unknown,medieval,auto
eobanus.iliad.part.10.tess,eobanus,iliad,Renaissance,unknown,medieval,auto
eobanus.iliad.part.11.tess,eobanus,iliad,Renaissance,unknown,medieval,auto
eobanus.iliad.part.12.tess,eobanus,iliad,Renaissance,unknown,medieval,auto
eobanus.iliad.part.13.tess,eobanus,iliad,Renaissance,unknown,medieval,auto
eobanus.iliad.part.14.tess,eobanus,iliad,Renaissance,unknown,medieval,auto
eobanus.iliad.part.15.tess,eobanus,iliad,Renaissance,unknown,medieval,auto
eobanus.iliad.part.16.tess,eobanus,iliad,Renaissance,unknown,medieval,auto
eobanus.iliad.part.17.tess,eobanus,iliad,Renaissance,unknown,medieval,auto
eobanus.iliad.part.18.tess,eobanus,iliad,Renaissance,unknown,medieval,auto
eobanus.iliad.part.19.tess,eobanus,iliad,Renaissance,unknown,medieval,auto
eobanus.iliad.part.2.tess,eobanus,iliad,Renaissance,unknown,medieval,auto
eobanus.iliad.part.20.tess,eobanus,iliad,Renaissance,unknown,medieval,auto
eobanus.iliad.part.21.tess,eobanus,iliad,Renaissance,unknown,medieval,auto
eobanus.iliad.part.22.tess,eobanus,iliad,Renaissance,unknown,medieval,auto
eobanus.iliad.part.23.tess,eobanus,iliad,Renaissance,unknown,medieval,auto
eobanus.iliad.part.24.tess,eobanus,iliad,Renaissance,unknown,medieval,auto
eobanus.iliad.part.3.tess,eobanus,iliad,Renaissance,unknown,medieval,auto
eobanus.iliad.part.4.tess,eobanus,iliad,Renaissance,unknown,medieval,auto
eobanus.iliad.part.5.tess,eobanus,iliad,Renaissance,unknown,medieval,auto
eobanus.iliad.part.6.tess,eobanus,iliad,Renaissance,unknown,medieval,auto
eobanus.iliad.part.7.tess,eobanus,iliad,Renaissance,unknown,medieval,auto
eobanus.iliad.part.8.tess,eobanus,iliad,Renaissance,unknown,medieval,auto
eobanus.iliad.part.9.tess,eobanus,iliad,Renaissance,unknown,medieval,auto
eobanus.iliad.tess,eobanus,iliad,Renaissance,unknown,medieval,auto
erchempert.martyrologium.tess,erchempert,martyrologium,Carolingian,prose,historiography,auto
ermenricus_elwagensis.epistola_ad_grimaldum.tess,ermenricus_elwagensis,epistola_ad_grimaldum,Carolingian,unknown,medieval,auto
ermoldus_nigellus.carmen_in_honorem_Ludowici_Pii.tess,ermoldus_nigellus,carmen_in_honorem_Ludowici_Pii,Carolingian,hexameter,epic,auto
ermoldus_nigellus.carmen_in_laudem_pippini_regis.tess,ermoldus_nigellus,carmen_in_laudem_pippini_regis,Carolingian,hexameter,epic,auto
ermoldus_nigellus.carminum_appendix.tess,ermoldus_nigellus,carminum_appendix,Carolingian,hexameter,epic,auto
eucherius_of_lyon.de_laude_heremi.tess,eucherius_of_lyon,de_laude_heremi,Late Antique,prose,theology,auto
eucherius_of_lyon.formulae_spiritalis_intellegentiae.tess,eucherius_of_lyon,formulae_spiritalis_intellegentiae,Late Antique,prose,theology,auto
eucherius_of_lyon.instructiones.tess,eucherius_of_lyon,instructiones,Late Antique,prose,theology,auto
eucherius_of_lyon.unknown.tess,eucherius_of_lyon,unknown,Late Antique,prose,theology,auto
eugippius.epistula_ad_probam_virginem.tess,eugippius,epistula_ad_probam_virginem,Late Antique,prose,theology,auto
eugippius.excerpta_ex_operibus_augustini.tess,eugippius,excerpta_ex_operibus_augustini,Late Antique,prose,theology,auto
eugippius.exerpta_ex_operibus_augustini.tess,eugippius,exerpta_ex_operibus_augustini,Late Antique,prose,theology,auto
eugippius.vita_sancti_severini.tess,eugippius,vita_sancti_severini,Late Antique,prose,theology,auto
eutropius.breviarium.tess,eutropius,breviarium,Late Imperial,prose,historiography,auto
evagrius_monachus.altercatio_legis_inter_simonem_iudaeum_e.tess,evagrius_monachus,altercatio_legis_inter_simonem_iudaeum_e,Late Antique,prose,theology,auto
evodius.de_fide_contra_manicheos.tess,evodius,de_fide_contra_manicheos,Late Antique,prose,theology,auto
evodius_bishop_of_uzalis.de_fide_contra_manicheos.tess,evodius_bishop_of_uzalis,de_fide_contra_manicheos,Late Antique,prose,theology,auto
fardulfus.carmina.tess,fardulfus,carmina,Carolingian,unknown,medieval,auto
faustus_of_riez.de_gratia_libri_duo.tess,faustus_of_riez,de_gratia_libri_duo,Late Antique,prose,theology,auto
faustus_of_riez.de_ratione_fidei.tess,faustus_of_riez,de_ratione_fidei,Late Antique,prose,theology,auto
faustus_of_riez.de_spiritu_sancto_libri_duo.tess,faustus_of_riez,de_spiritu_sancto_libri_duo,Late Antique,prose,theology,auto
faustus_of_riez.epistulae.tess,faustus_of_riez,epistulae,Late Antique,prose,epistolary,auto
faustus_of_riez.sermones.tess,faustus_of_riez,sermones,Late Antique,prose,theology,auto
favonius.disputatio_de_somnio_scipionis.tess,favonius,disputatio_de_somnio_scipionis,Later Imperial,prose,philosophy,auto
flavius_josephus.de_iudaeorum_vetustate_sive_contra_apion.tess,flavius_josephus,de_iudaeorum_vetustate_sive_contra_apion,Early Imperial,prose,historiography,auto
florus.epitome_bellorum_omnium_annorum.tess,florus,epitome_bellorum_omnium_annorum,Early Imperial,prose,historiography,auto
florus.vergilius_orator_an_poeta.tess,florus,vergilius_orator_an_poeta,Early Imperial,prose,historiography,auto
florus_of_lyon.carmina.tess,florus_of_lyon,carmina,Carolingian,prose,historiography,auto
florus_of_lyon.carminum_appendix.tess,florus_of_lyon,carminum_appendix,Carolingian,prose,historiography,auto
fulcher_of_chartres.historia_hierosolymitana.part.0.tess,fulcher_of_chartres,historia_hierosolymitana,Medieval,prose,historiography,auto
fulcher_of_chartres.historia_hierosolymitana.part.1.tess,fulcher_of_chartres,historia_hierosolymitana,Medieval,prose,historiography,auto
fulcher_of_chartres.historia_hierosolymitana.part.2.tess,fulcher_of_chartres,historia_hierosolymitana,Medieval,prose,historiography,auto
fulcher_of_chartres.historia_hierosolymitana.part.3.tess,fulcher_of_chartres,historia_hierosolymitana,Medieval,prose,historiography,auto
fulcher_of_chartres.historia_hierosolymitana.tess,fulcher_of_chartres,historia_hierosolymitana,Medieval,prose,historiography,auto
gellius.attic_nights.part.1.tess,gellius,attic_nights,Later Imperial,prose,philosophy,auto
gellius.attic_nights.part.10.tess,gellius,attic_nights,Later Imperial,prose,philosophy,auto
gellius.attic_nights.part.11.tess,gellius,attic_nights,Later Imperial,prose,philosophy,auto
gellius.attic_nights.part.12.tess,gellius,attic_nights,Later Imperial,prose,philosophy,auto
gellius.attic_nights.part.13.tess,gellius,attic_nights,Later Imperial,prose,philosophy,auto
gellius.attic_nights.part.14.tess,gellius,attic_nights,Later Imperial,prose,philosophy,auto
gellius.attic_nights.part.15.tess,gellius,attic_nights,Later Imperial,prose,philosophy,auto
gellius.attic_nights.part.16.tess,gellius,attic_nights,Later Imperial,prose,philosophy,auto
gellius.attic_nights.part.17.tess,gellius,attic_nights,Later Imperial,prose,philosophy,auto
gellius.attic_nights.part.18.tess,gellius,attic_nights,Later Imperial,prose,philosophy,auto
gellius.attic_nights.part.19.tess,gellius,attic_nights,Later Imperial,prose,philosophy,auto
gellius.attic_nights.part.2.tess,gellius,attic_nights,Later Imperial,prose,philosophy,auto
gellius.attic_nights.part.20.tess,gellius,attic_nights,Later Imperial,prose,philosophy,auto
gellius.attic_nights.part.3.tess,gellius,attic_nights,Later Imperial,prose,philosophy,auto
gellius.attic_nights.part.4.tess,gellius,attic_nights,Later Imperial,prose,philosophy,auto
gellius.attic_nights.part.5.tess,gellius,attic_nights,Later Imperial,prose,philosophy,auto
gellius.attic_nights.part.6.tess,gellius,attic_nights,Later Imperial,prose,philosophy,auto
gellius.attic_nights.part.7.tess,gellius,attic_nights,Later Imperial,prose,philosophy,auto
gellius.attic_nights.part.8.tess,gellius,attic_nights,Later Imperial,prose,philosophy,auto
gellius.attic_nights.part.9.tess,gellius,attic_nights,Later Imperial,prose,philosophy,auto
gellius.attic_nights.part.pr.tess,gellius,attic_nights.part.pr,Later Imperial,prose,philosophy,auto
gellius.attic_nights.tess,gellius,attic_nights,Later Imperial,prose,philosophy,auto
gerwardus.versus.tess,gerwardus,versus,Carolingian,unknown,medieval,auto
giovanni_aurelio_augurelli.chrysopoeia.part.0.tess,giovanni_aurelio_augurelli,chrysopoeia,Renaissance,unknown,medieval,auto
giovanni_aurelio_augurelli.chrysopoeia.part.1.tess,giovanni_aurelio_augurelli,chrysopoeia,Renaissance,unknown,medieval,auto
giovanni_aurelio_augurelli.chrysopoeia.part.2.tess,giovanni_aurelio_augurelli,chrysopoeia,Renaissance,unknown,medieval,auto
giovanni_aurelio_augurelli.chrysopoeia.part.3.tess,giovanni_aurelio_augurelli,chrysopoeia,Renaissance,unknown,medieval,auto
giovanni_aurelio_augurelli.chrysopoeia.tess,giovanni_aurelio_augurelli,chrysopoeia,Renaissance,unknown,medieval,auto
giraldus_floriacensis.carmina.tess,giraldus_floriacensis,carmina,Medieval,unknown,medieval,auto
glass.washingtonii_vita.tess,glass,washingtonii_vita,Unknown,prose,unclassified,auto
godescalcus_saxus.carmina.part.1.tess,godescalcus_saxus,carmina,Carolingian,unknown,medieval,auto
godescalcus_saxus.carmina.part.2.tess,godescalcus_saxus,carmina,Carolingian,unknown,medieval,auto
godescalcus_saxus.carminum_appendix.tess,godescalcus_saxus,carminum_appendix,Carolingian,unknown,medieval,auto
hegesippus_pseudo.de_excidio_hierosolymitano.part.0.tess,hegesippus_pseudo,de_excidio_hierosolymitano,Late Antique,prose,historiography,auto
hegesippus_pseudo.de_excidio_hierosolymitano.part.1.tess,hegesippus_pseudo,de_excidio_hierosolymitano,Late Antique,prose,historiography,auto
hegesippus_pseudo.de_excidio_hierosolymitano.part.2.tess,hegesippus_pseudo,de_excidio_hierosolymitano,Late Antique,prose,historiography,auto
hegesippus_pseudo.de_excidio_hierosolymitano.part.3.tess,hegesippus_pseudo,de_excidio_hierosolymitano,Late Antique,prose,historiography,auto
hegesippus_pseudo.de_excidio_hierosolymitano.part.4.tess,hegesippus_pseudo,de_excidio_hierosolymitano,Late Antique,prose,historiography,auto
hegesippus_pseudo.de_excidio_hierosolymitano.part.5.tess,hegesippus_pseudo,de_excidio_hierosolymitano,Late Antique,prose,historiography,auto
hegesippus_pseudo.de_excidio_hierosolymitano.tess,hegesippus_pseudo,de_excidio_hierosolymitano,Late Antique,prose,historiography,auto
hibernicus_exul.carmina.tess,hibernicus_exul,carmina,Carolingian,unknown,medieval,auto
hilary_of_poitiers.fragmenta_historica.tess,hilary_of_poitiers,fragmenta_historica,Late Antique,prose,theology,auto
hilary_of_poitiers.fragmenta_minora.tess,hilary_of_poitiers,fragmenta_minora,Late Antique,prose,theology,auto
hilary_of_poitiers.hymni.tess,hilary_of_poitiers,hymni,Late Antique,prose,theology,auto
hilary_of_poitiers.liber_ad_constantium_imperatorem.tess,hilary_of_poitiers,liber_ad_constantium_imperatorem,Late Antique,prose,theology,auto
hilary_of_poitiers.oratio_synodi_sardicensis_ad_constantium_imperatorem.tess,hilary_of_poitiers,oratio_synodi_sardicensis_ad_constantium_imperatorem,Late Antique,prose,theology,auto
hilary_of_poitiers.tractatus_mysteriorum.tess,hilary_of_poitiers,tractatus_mysteriorum,Late Antique,prose,theology,auto
hilary_of_poitiers.tractatus_super_psalmos.tess,hilary_of_poitiers,tractatus_super_psalmos,Late Antique,prose,theology,auto
hilary_of_poitiers_pseudo.ad_leonem_papam.tess,hilary_of_poitiers_pseudo,ad_leonem_papam,Later Imperial,prose,theology,auto
hilary_of_poitiers_pseudo.de_evangelico.tess,hilary_of_poitiers_pseudo,de_evangelico,Later Imperial,prose,theology,auto
hilary_of_poitiers_pseudo.de_martyrio_maccabeorum.tess,hilary_of_poitiers_pseudo,de_martyrio_maccabeorum,Later Imperial,prose,theology,auto
hilary_of_poitiers_pseudo.epistula_ad_abram_filiam.tess,hilary_of_poitiers_pseudo,epistula_ad_abram_filiam,Later Imperial,prose,theology,auto
hilary_of_poitiers_pseudo.hymni.tess,hilary_of_poitiers_pseudo,hymni,Later Imperial,prose,theology,auto
hilary_saint_archbishop_of_arles.epistulae_ad_eucherium.tess,hilary_saint_archbishop_of_arles,epistulae_ad_eucherium,Late Antique,prose,theology,auto
hilary_saint_bishop_of_poitiers.collectanea_antiariana_parisina.tess,hilary_saint_bishop_of_poitiers,collectanea_antiariana_parisina,Late Antique,prose,theology,auto
hilary_saint_bishop_of_poitiers.fragmenta_minora.tess,hilary_saint_bishop_of_poitiers,fragmenta_minora,Late Antique,prose,theology,auto
hilary_saint_bishop_of_poitiers.hymni.tess,hilary_saint_bishop_of_poitiers,hymni,Late Antique,prose,theology,auto
hilary_saint_bishop_of_poitiers.liber_ad_constantium_imperatorem.tess,hilary_saint_bishop_of_poitiers,liber_ad_constantium_imperatorem,Late Antique,prose,theology,auto
hilary_saint_bishop_of_poitiers.libri_tres_adversum_valentem_et_ursacium.tess,hilary_saint_bishop_of_poitiers,libri_tres_adversum_valentem_et_ursacium,Late Antique,prose,theology,auto
hilary_saint_bishop_of_poitiers.oratio_synodi_sardicensis_ad_constantium.tess,hilary_saint_bishop_of_poitiers,oratio_synodi_sardicensis_ad_constantium,Late Antique,prose,theology,auto
hilary_saint_bishop_of_poitiers.spuria.tess,hilary_saint_bishop_of_poitiers,spuria,Late Antique,prose,theology,auto
hilary_saint_bishop_of_poitiers.tractatus_mysteriorum.tess,hilary_saint_bishop_of_poitiers,tractatus_mysteriorum,Late Antique,prose,theology,auto
hilary_saint_bishop_of_poitiers.tractatus_super_psalmos.tess,hilary_saint_bishop_of_poitiers,tractatus_super_psalmos,Late Antique,prose,theology,auto
hildebert_of_lavardin.carmen_in_libros_regum.part.1.tess,hildebert_of_lavardin,carmen_in_libros_regum,Medieval,unknown,medieval,auto
hildebert_of_lavardin.carmen_in_libros_regum.part.2.tess,hildebert_of_lavardin,carmen_in_libros_regum,Medieval,unknown,medieval,auto
hildebert_of_lavardin.carmen_in_libros_regum.part.3.tess,hildebert_of_lavardin,carmen_in_libros_regum,Medieval,unknown,medieval,auto
hildebert_of_lavardin.carmen_in_libros_regum.part.4.tess,hildebert_of_lavardin,carmen_in_libros_regum,Medieval,unknown,medieval,auto
hildebert_of_lavardin.carmina_minora.tess,hildebert_of_lavardin,carmina_minora,Medieval,unknown,medieval,auto
hildebert_of_lavardin.carminum_supplementum.tess,hildebert_of_lavardin,carminum_supplementum,Medieval,unknown,medieval,auto
hildebert_of_lavardin.de_machabaeis.tess,hildebert_of_lavardin,de_machabaeis,Medieval,unknown,medieval,auto
hildebert_of_lavardin.de_mysterio_missae.tess,hildebert_of_lavardin,de_mysterio_missae,Medieval,unknown,medieval,auto
hildebert_of_lavardin.de_operibus_sex_dierum.tess,hildebert_of_lavardin,de_operibus_sex_dierum,Medieval,unknown,medieval,auto
hildebert_of_lavardin.de_ordine_mundi.tess,hildebert_of_lavardin,de_ordine_mundi,Medieval,unknown,medieval,auto
hildebert_of_lavardin.de_querimonia_et_conflictu_carnis_et_spiritus.tess,hildebert_of_lavardin,de_querimonia_et_conflictu_carnis_et_spiritus,Medieval,unknown,medieval,auto
hildebert_of_lavardin.in_primum_caput_ecclesiastes.tess,hildebert_of_lavardin,in_primum_caput_ecclesiastes,Medieval,unknown,medieval,auto
hildebert_of_lavardin.vita_mariae_aegyptiacae.tess,hildebert_of_lavardin,vita_mariae_aegyptiacae,Medieval,unknown,medieval,auto
hincmar.carmina.tess,hincmar,carmina,Carolingian,unknown,medieval,auto
horace.ars_poetica.tess,horace,ars_poetica,Augustan,hexameter,satire,auto
horace.carmen_saeculare.tess,horace,carmen_saeculare,Augustan,lyric,lyric,auto
horace.epistles.tess,horace,epistles,Augustan,hexameter,satire,auto
horace.epodes.tess,horace,epodes,Augustan,lyric,lyric,auto
horace.odes.part.1.tess,horace,odes,Augustan,lyric,lyric,auto
horace.odes.part.2.tess,horace,odes,Augustan,lyric,lyric,auto
horace.odes.part.3.tess,horace,odes,Augustan,lyric,lyric,auto
horace.odes.part.4.tess,horace,odes,Augustan,lyric,lyric,auto
horace.odes.tess,horace,odes,Augustan,lyric,lyric,auto
horace.satires.part.1.tess,horace,satires,Augustan,hexameter,satire,auto
horace.satires.part.2.tess,horace,satires,Augustan,hexameter,satire,auto
horace.satires.tess,horace,satires,Augustan,hexameter,satire,auto
hrabanus.carmen_evangeliorum.tess,hrabanus,carmen_evangeliorum,Carolingian,unknown,medieval,auto
hrabanus.carmina.tess,hrabanus,carmina,Carolingian,unknown,medieval,auto
hrabanus.carminum_appendix.tess,hrabanus,carminum_appendix,Carolingian,unknown,medieval,auto
hrabanus.de_imagine_caesaris.tess,hrabanus,de_imagine_caesaris,Carolingian,unknown,medieval,auto
hrabanus.laudes_crucis.tess,hrabanus,laudes_crucis,Carolingian,unknown,medieval,auto
italicus.ilias_latina.tess,italicus,ilias_latina,Early Imperial,hexameter,epic,auto
iulius_firmicus_maternus.liber_de_errore_profanorum_religionum.tess,iulius_firmicus_maternus,liber_de_errore_profanorum_religionum,Later Imperial,prose,theology,auto
iuuencus.euangeliorum_libri.tess,iuuencus,euangeliorum_libri,Later Imperial,hexameter,epic,auto
jerome.epistulae.tess,jerome,epistulae,Late Antique,prose,epistolary,auto
jerome.in_hieremiam_prophetam.part.1.tess,jerome,in_hieremiam_prophetam,Late Antique,prose,theology,auto
jerome.in_hieremiam_prophetam.part.2.tess,jerome,in_hieremiam_prophetam,Late Antique,prose,theology,auto
jerome.in_hieremiam_prophetam.part.3.tess,jerome,in_hieremiam_prophetam,Late Antique,prose,theology,auto
jerome.in_hieremiam_prophetam.part.4.tess,jerome,in_hieremiam_prophetam,Late Antique,prose,theology,auto
jerome.in_hieremiam_prophetam.part.5.tess,jerome,in_hieremiam_prophetam,Late Antique,prose,theology,auto
jerome.in_hieremiam_prophetam.part.6.tess,jerome,in_hieremiam_prophetam,Late Antique,prose,theology,auto
jerome.in_hieremiam_prophetam.tess,jerome,in_hieremiam_prophetam,Late Antique,prose,theology,auto
jerome.vulgate.part.1.genesis.tess,jerome,vulgate,Late Antique,prose,scripture,auto
jerome.vulgate.part.10.2_samuel.tess,jerome,vulgate,Late Antique,prose,scripture,auto
jerome.vulgate.part.11.1_kings.tess,jerome,vulgate,Late Antique,prose,scripture,auto
jerome.vulgate.part.12.1_chronicles.tess,jerome,vulgate,Late Antique,prose,scripture,auto
jerome.vulgate.part.13.2_kings.tess,jerome,vulgate,Late Antique,prose,scripture,auto
jerome.vulgate.part.14.2_chronicles.tess,jerome,vulgate,Late Antique,prose,scripture,auto
jerome.vulgate.part.15.ezra.tess,jerome,vulgate,Late Antique,prose,scripture,auto
jerome.vulgate.part.16.nehemiah.tess,jerome,vulgate,Late Antique,prose,scripture,auto
jerome.vulgate.part.17.tobias.tess,jerome,vulgate,Late Antique,prose,scripture,auto
jerome.vulgate.part.18.judith.tess,jerome,vulgate,Late Antique,prose,scripture,auto
jerome.vulgate.part.19.esther.tess,jerome,vulgate,Late Antique,prose,scripture,auto
jerome.vulgate.part.2.exodus.tess,jerome,vulgate,Late Antique,prose,scripture,auto
jerome.vulgate.part.20.job.tess,jerome,vulgate,Late Antique,prose,scripture,auto
jerome.vulgate.part.21.psalms.tess,jerome,vulgate,Late Antique,prose,scripture,auto
jerome.vulgate.part.21a.old_latin_psalms.tess,jerome,vulgate.part.21a.old_latin_psalms,Late Antique,prose,scripture,auto
jerome.vulgate.part.21b.psalm.tess,jerome,vulgate.part.21b.psalm,Late Antique,prose,scripture,auto
jerome.vulgate.part.22.proverbs.tess,jerome,vulgate,Late Antique,prose,scripture,auto
jerome.vulgate.part.23.ecclesiastes.tess,jerome,vulgate,Late Antique,prose,scripture,auto
jerome.vulgate.part.24.song_of_songs.tess,jerome,vulgate,Late Antique,prose,scripture,auto
jerome.vulgate.part.25.wisdom.tess,jerome,vulgate,Late Antique,prose,scripture,auto
jerome.vulgate.part.26.sirach.tess,jerome,vulgate,Late Antique,prose,scripture,auto
jerome.vulgate.part.27.isaiah.tess,jerome,vulgate,Late Antique,prose,scripture,auto
jerome.vulgate.part.28.jeremiah.tess,jerome,vulgate,Late Antique,prose,scripture,auto
jerome.vulgate.part.29.lamentations.tess,jerome,vulgate,Late Antique,prose,scripture,auto
jerome.vulgate.part.3.leviticus.tess,jerome,vulgate,Late Antique,prose,scripture,auto
jerome.vulgate.part.30.baruch.tess,jerome,vulgate,Late Antique,prose,scripture,auto
jerome.vulgate.part.31.ezekiel.tess,jerome,vulgate,Late Antique,prose,scripture,auto
jerome.vulgate.part.32.daniel.tess,jerome,vulgate,Late Antique,prose,scripture,auto
jerome.vulgate.part.33.hosea.tess,jerome,vulgate,Late Antique,prose,scripture,auto
jerome.vulgate.part.34.joel.tess,jerome,vulgate,Late Antique,prose,scripture,auto
jerome.vulgate.part.35.amos.tess,jerome,vulgate,Late Antique,prose,scripture,auto
jerome.vulgate.part.36.obadiah.tess,jerome,vulgate,Late Antique,prose,scripture,auto
jerome.vulgate.part.37.jonah.tess,jerome,vulgate,Late Antique,prose,scripture,auto
jerome.vulgate.part.38.micah.tess,jerome,vulgate,Late Antique,prose,scripture,auto
jerome.vulgate.part.39.nahum.tess,jerome,vulgate,Late Antique,prose,scripture,auto
jerome.vulgate.part.4.numbers.tess,jerome,vulgate,Late Antique,prose,scripture,auto
jerome.vulgate.part.40.habbakuk.tess,jerome,vulgate,Late Antique,prose,scripture,auto
jerome.vulgate.part.41.zephoniah.tess,jerome,vulgate,Late Antique,prose,scripture,auto
jerome.vulgate.part.42.haggaiah.tess,jerome,vulgate,Late Antique,prose,scripture,auto
jerome.vulgate.part.43.zechariah.tess,jerome,vulgate,Late Antique,prose,scripture,auto
jerome.vulgate.part.44.malachi.tess,jerome,vulgate,Late Antique,prose,scripture,auto
jerome.vulgate.part.45.1_maccabees.tess,jerome,vulgate,Late Antique,prose,scripture,auto
jerome.vulgate.part.46.2_maccabees.tess,jerome,vulgate,Late Antique,prose,scripture,auto
jerome.vulgate.part.47.matthew.tess,jerome,vulgate,Late Antique,prose,scripture,auto
jerome.vulgate.part.48.mark.tess,jerome,vulgate,Late Antique,prose,scripture,auto
jerome.vulgate.part.49.luke.tess,jerome,vulgate,Late Antique,prose,scripture,auto
jerome.vulgate.part.5.deuteronomy.tess,jerome,vulgate,Late Antique,prose,scripture,auto
jerome.vulgate.part.50.john.tess,jerome,vulgate,Late Antique,prose,scripture,auto
jerome.vulgate.part.51.acts.tess,jerome,vulgate,Late Antique,prose,scripture,auto
jerome.vulgate.part.52.romans.tess,jerome,vulgate,Late Antique,prose,scripture,auto
jerome.vulgate.part.53.1_corinthians.tess,jerome,vulgate,Late Antique,prose,scripture,auto
jerome.vulgate.part.54.2_corinthians.tess,jerome,vulgate,Late Antique,prose,scripture,auto
jerome.vulgate.part.55.galatians.tess,jerome,vulgate,Late Antique,prose,scripture,auto
jerome.vulgate.part.56.ephesians.tess,jerome,vulgate,Late Antique,prose,scripture,auto
jerome.vulgate.part.57.philippians.tess,jerome,vulgate,Late Antique,prose,scripture,auto
jerome.vulgate.part.58.colossians.tess,jerome,vulgate,Late Antique,prose,scripture,auto
jerome.vulgate.part.59.1_thessalonians.tess,jerome,vulgate,Late Antique,prose,scripture,auto
jerome.vulgate.part.6.joshua.tess,jerome,vulgate,Late Antique,prose,scripture,auto
jerome.vulgate.part.60.2_thessalonians.tess,jerome,vulgate,Late Antique,prose,scripture,auto
jerome.vulgate.part.61.1_timothy.tess,jerome,vulgate,Late Antique,prose,scripture,auto
jerome.vulgate.part.62.2_timothy.tess,jerome,vulgate,Late Antique,prose,scripture,auto
jerome.vulgate.part.63.titus.tess,jerome,vulgate,Late Antique,prose,scripture,auto
jerome.vulgate.part.64.philemon.tess,jerome,vulgate,Late Antique,prose,scripture,auto
jerome.vulgate.part.65.hebrews.tess,jerome,vulgate,Late Antique,prose,scripture,auto
jerome.vulgate.part.66.james.tess,jerome,vulgate,Late Antique,prose,scripture,auto
jerome.vulgate.part.67.1_peter.tess,jerome,vulgate,Late Antique,prose,scripture,auto
jerome.vulgate.part.68.2_peter.tess,jerome,vulgate,Late Antique,prose,scripture,auto
jerome.vulgate.part.69.1_john.tess,jerome,vulgate,Late Antique,prose,scripture,auto
jerome.vulgate.part.7.judges.tess,jerome,vulgate,Late Antique,prose,scripture,auto
jerome.vulgate.part.70.2_john.tess,jerome,vulgate,Late Antique,prose,scripture,auto
jerome.vulgate.part.71.3_john.tess,jerome,vulgate,Late Antique,prose,scripture,auto
jerome.vulgate.part.72.jude.tess,jerome,vulgate,Late Antique,prose,scripture,auto
jerome.vulgate.part.73.apocalypse.tess,jerome,vulgate,Late Antique,prose,scripture,auto
jerome.vulgate.part.73a.epistle_of_paul_to_the_laodicians.tess,jerome,vulgate.part.73a.epistle_of_paul_to_the_laodicians,Late Antique,prose,scripture,auto
jerome.vulgate.part.74.1_esdras.tess,jerome,vulgate,Late Antique,prose,scripture,auto
jerome.vulgate.part.75.2_esdras.tess,jerome,vulgate,Late Antique,prose,scripture,auto
jerome.vulgate.part.76.prayer_of_manasseh.tess,jerome,vulgate,Late Antique,prose,scripture,auto
jerome.vulgate.part.8.ruth.tess,jerome,vulgate,Late Antique,prose,scripture,auto
jerome.vulgate.part.9.1_samuel.tess,jerome,vulgate,Late Antique,prose,scripture,auto
jerome.vulgate.tess,jerome,vulgate,Late Antique,prose,scripture,auto
jerome_saint.epistulae.tess,jerome_saint,epistulae,Late Antique,prose,epistolary,auto
jerome_saint.in_hieremiam_prophetam_libri_sex.tess,jerome_saint,in_hieremiam_prophetam_libri_sex,Late Antique,prose,theology,auto
johannes_hymonides.versiculi_de_cena_cypriani.tess,johannes_hymonides,versiculi_de_cena_cypriani,Carolingian,unknown,medieval,auto
john_cassian.conlationes.tess,john_cassian,conlationes,Late Antique,prose,theology,auto
john_cassian.conlationes_patrum_collationibus_selecti.tess,john_cassian,conlationes_patrum_collationibus_selecti,Late Antique,prose,theology,auto
john_cassian.de_incarnatione.tess,john_cassian,de_incarnatione,Late Antique,prose,theology,auto
john_cassian.de_incarnatione_domini_contra_nestorum.tess,john_cassian,de_incarnatione_domini_contra_nestorum,Late Antique,prose,theology,auto
john_cassian.institutiones.tess,john_cassian,institutiones,Late Antique,prose,theology,auto
john_scotus_eriugena.carmina.tess,john_scotus_eriugena,carmina,Carolingian,unknown,medieval,auto
john_scotus_eriugena.carminum_appendix.tess,john_scotus_eriugena,carminum_appendix,Carolingian,unknown,medieval,auto
julius_firmicus_maternus.de_errore_profanarum_religionum.tess,julius_firmicus_maternus,de_errore_profanarum_religionum,Later Imperial,prose,theology,auto
juvenal.satires.tess,juvenal,satires,Early Imperial,hexameter,satire,auto
juvencus.historia_evangelica.part.1.tess,juvencus,historia_evangelica,Later Imperial,hexameter,epic,auto
juvencus.historia_evangelica.part.2.tess,juvencus,historia_evangelica,Later Imperial,hexameter,epic,auto
juvencus.historia_evangelica.part.3.tess,juvencus,historia_evangelica,Later Imperial,hexameter,epic,auto
juvencus.historia_evangelica.part.4.tess,juvencus,historia_evangelica,Later Imperial,hexameter,epic,auto
juvencus.historia_evangelica.tess,juvencus,historia_evangelica,Later Imperial,hexameter,epic,auto
juvencus_caius_vettius_aquilinus.evangeliorum_libri_quattuor.tess,juvencus_caius_vettius_aquilinus,evangeliorum_libri_quattuor,Later Imperial,prose,epic,auto
lactantius.carmen_de_passione_domini.tess,lactantius,carmen_de_passione_domini,Late Antique,prose,theology,auto
lactantius.de_ave_phoenice.tess,lactantius,de_ave_phoenice,Late Antique,prose,theology,auto
lactantius.de_ira_dei.tess,lactantius,de_ira_dei,Late Antique,prose,theology,auto
lactantius.de_mortibus_persecutorum.tess,lactantius,de_mortibus_persecutorum,Late Antique,prose,theology,auto
lactantius.de_opificio_dei.tess,lactantius,de_opificio_dei,Late Antique,prose,theology,auto
lactantius.divinarum_institutionum.tess,lactantius,divinarum_institutionum,Late Antique,prose,theology,auto
lactantius.epitome_divinarum_institutionum.tess,lactantius,epitome_divinarum_institutionum,Late Antique,prose,theology,auto
lactantius.fragmenta.tess,lactantius,fragmenta,Late Antique,prose,theology,auto
lactantius_placidus.in_statii_thebaida_commentum.tess,lactantius_placidus,in_statii_thebaida_commentum,Late Antique,prose,technical,auto
lios_monocus.libellus_sacerdotalis.tess,lios_monocus,libellus_sacerdotalis,Carolingian,unknown,medieval,auto
livy.ab_urbe_condita.part.1.books_1-10.tess,livy,ab_urbe_condita,Augustan,prose,historiography,auto
livy.ab_urbe_condita.part.2.books_21-30.tess,livy,ab_urbe_condita,Augustan,prose,historiography,auto
livy.ab_urbe_condita.part.3.books_31-40.tess,livy,ab_urbe_condita,Augustan,prose,historiography,auto
livy.ab_urbe_condita.part.4.books_41-45.tess,livy,ab_urbe_condita,Augustan,prose,historiography,auto
livy.ab_urbe_condita.tess,livy,ab_urbe_condita,Augustan,prose,historiography,auto
lucan.bellum_civile.part.1.tess,lucan,bellum_civile,Early Imperial,hexameter,epic,auto
lucan.bellum_civile.part.10.tess,lucan,bellum_civile,Early Imperial,hexameter,epic,auto
lucan.bellum_civile.part.2.tess,lucan,bellum_civile,Early Imperial,hexameter,epic,auto
lucan.bellum_civile.part.3.tess,lucan,bellum_civile,Early Imperial,hexameter,epic,auto
lucan.bellum_civile.part.4.tess,lucan,bellum_civile,Early Imperial,hexameter,epic,auto
lucan.bellum_civile.part.5.tess,lucan,bellum_civile,Early Imperial,hexameter,epic,auto
lucan.bellum_civile.part.6.tess,lucan,bellum_civile,Early Imperial,hexameter,epic,auto
lucan.bellum_civile.part.7.tess,lucan,bellum_civile,Early Imperial,hexameter,epic,auto
lucan.bellum_civile.part.8.tess,lucan,bellum_civile,Early Imperial,hexameter,epic,auto
lucan.bellum_civile.part.9.tess,lucan,bellum_civile,Early Imperial,hexameter,epic,auto
lucan.bellum_civile.tess,lucan,bellum_civile,Early Imperial,hexameter,epic,auto
lucifer_bishop_of_cagliari.de_non_conveniendo_cum_haereticis.tess,lucifer_bishop_of_cagliari,de_non_conveniendo_cum_haereticis,Late Antique,prose,theology,auto
lucifer_bishop_of_cagliari.de_non_parcendo_in_deum_delinquentibus.tess,lucifer_bishop_of_cagliari,de_non_parcendo_in_deum_delinquentibus,Late Antique,prose,theology,auto
lucifer_bishop_of_cagliari.de_regibus_apostaticis.tess,lucifer_bishop_of_cagliari,de_regibus_apostaticis,Late Antique,prose,theology,auto
lucifer_bishop_of_cagliari.epistulae.tess,lucifer_bishop_of_cagliari,epistulae,Late Antique,prose,theology,auto
lucifer_bishop_of_cagliari.moriendum_esse_pro_dei_filio.tess,lucifer_bishop_of_cagliari,moriendum_esse_pro_dei_filio,Late Antique,prose,theology,auto
lucretius.de_rerum_natura.part.1.tess,lucretius,de_rerum_natura,Republic,hexameter,didactic,auto
lucretius.de_rerum_natura.part.2.tess,lucretius,de_rerum_natura,Republic,hexameter,didactic,auto
lucretius.de_rerum_natura.part.3.tess,lucretius,de_rerum_natura,Republic,hexameter,didactic,auto
lucretius.de_rerum_natura.part.4.tess,lucretius,de_rerum_natura,Republic,hexameter,didactic,auto
lucretius.de_rerum_natura.part.5.tess,lucretius,de_rerum_natura,Republic,hexameter,didactic,auto
lucretius.de_rerum_natura.part.6.tess,lucretius,de_rerum_natura,Republic,hexameter,didactic,auto
lucretius.de_rerum_natura.tess,lucretius,de_rerum_natura,Republic,hexameter,didactic,auto
lupus_servatus.versus.tess,lupus_servatus,versus,Carolingian,prose,epistolary,auto
macrobius.fragment.tess,macrobius,fragment,Late Antique,prose,philosophy,auto
macrobius.in_somnium_Scipionis_commentarii.tess,macrobius,in_somnium_Scipionis_commentarii,Late Antique,prose,philosophy,auto
macrobius.saturnalia.part.1.tess,macrobius,saturnalia,Late Antique,prose,philosophy,auto
macrobius.saturnalia.part.2.tess,macrobius,saturnalia,Late Antique,prose,philosophy,auto
macrobius.saturnalia.part.3.tess,macrobius,saturnalia,Late Antique,prose,philosophy,auto
macrobius.saturnalia.part.4.tess,macrobius,saturnalia,Late Antique,prose,philosophy,auto
macrobius.saturnalia.part.5.tess,macrobius,saturnalia,Late Antique,prose,philosophy,auto
macrobius.saturnalia.part.6.tess,macrobius,saturnalia,Late Antique,prose,philosophy,auto
macrobius.saturnalia.part.7.tess,macrobius,saturnalia,Late Antique,prose,philosophy,auto
macrobius.saturnalia.tess,macrobius,saturnalia,Late Antique,prose,philosophy,auto
maffeo_veggio.aeneid.tess,maffeo_veggio,aeneid,Renaissance,hexameter,epic,auto
magnus_felix_ennodius.benedictio_cerei_i.tess,magnus_felix_ennodius,benedictio_cerei_i,Late Antique,prose,medieval,auto
magnus_felix_ennodius.benedictio_cerei_ii.tess,magnus_felix_ennodius,benedictio_cerei_ii,Late Antique,prose,medieval,auto
magnus_felix_ennodius.carmina.tess,magnus_felix_ennodius,carmina,Late Antique,prose,medieval,auto
magnus_felix_ennodius.de_vita_beati_antoni_monachi.tess,magnus_felix_ennodius,de_vita_beati_antoni_monachi,Late Antique,prose,medieval,auto
magnus_felix_ennodius.dictiones.tess,magnus_felix_ennodius,dictiones,Late Antique,prose,medieval,auto
magnus_felix_ennodius.ennodius_ambrosio_et_beato.tess,magnus_felix_ennodius,ennodius_ambrosio_et_beato,Late Antique,prose,medieval,auto
magnus_felix_ennodius.epistulae.tess,magnus_felix_ennodius,epistulae,Late Antique,prose,medieval,auto
magnus_felix_ennodius.eucharisticum_de_vita_sua.tess,magnus_felix_ennodius,eucharisticum_de_vita_sua,Late Antique,prose,medieval,auto
magnus_felix_ennodius.libellus_adversus_eos_qui_contra_synodum.tess,magnus_felix_ennodius,libellus_adversus_eos_qui_contra_synodum,Late Antique,prose,medieval,auto
magnus_felix_ennodius.panegyricus_theodorico_regi_dictus.tess,magnus_felix_ennodius,panegyricus_theodorico_regi_dictus,Late Antique,prose,medieval,auto
magnus_felix_ennodius.petitorium_quo_absolutus_est_gerontius_p.tess,magnus_felix_ennodius,petitorium_quo_absolutus_est_gerontius_p,Late Antique,prose,medieval,auto
magnus_felix_ennodius.praeceptum_quando_iussi_sunt_omnes_episc.tess,magnus_felix_ennodius,praeceptum_quando_iussi_sunt_omnes_episc,Late Antique,prose,medieval,auto
magnus_felix_ennodius.vita_epiphanii.tess,magnus_felix_ennodius,vita_epiphanii,Late Antique,prose,medieval,auto
manilius.astronomica.tess,manilius,astronomica,Augustan,hexameter,didactic,auto
manilius.astronomicon.part.1.tess,manilius,astronomicon,Augustan,hexameter,didactic,auto
manilius.astronomicon.part.2.tess,manilius,astronomicon,Augustan,hexameter,didactic,auto
manilius.astronomicon.part.3.tess,manilius,astronomicon,Augustan,hexameter,didactic,auto
manilius.astronomicon.part.4.tess,manilius,astronomicon,Augustan,hexameter,didactic,auto
manilius.astronomicon.part.5.tess,manilius,astronomicon,Augustan,hexameter,didactic,auto
manilius.astronomicon.tess,manilius,astronomicon,Augustan,hexameter,didactic,auto
marbodus_redonensis.certamina_septem_fratrum_machabaeorum.tess,marbodus_redonensis,certamina_septem_fratrum_machabaeorum,Medieval,unknown,medieval,auto
marcus_mincuius_felix.octavius.tess,marcus_mincuius_felix,octavius,Later Imperial,prose,theology,auto
martial.epigrams.part.1.tess,martial,epigrams,Early Imperial,lyric,satire,auto
martial.epigrams.part.10.tess,martial,epigrams,Early Imperial,lyric,satire,auto
martial.epigrams.part.11.tess,martial,epigrams,Early Imperial,lyric,satire,auto
martial.epigrams.part.12.tess,martial,epigrams,Early Imperial,lyric,satire,auto
martial.epigrams.part.13.tess,martial,epigrams,Early Imperial,lyric,satire,auto
martial.epigrams.part.14.tess,martial,epigrams,Early Imperial,lyric,satire,auto
martial.epigrams.part.2.tess,martial,epigrams,Early Imperial,lyric,satire,auto
martial.epigrams.part.3.tess,martial,epigrams,Early Imperial,lyric,satire,auto
martial.epigrams.part.4.tess,martial,epigrams,Early Imperial,lyric,satire,auto
martial.epigrams.part.5.tess,martial,epigrams,Early Imperial,lyric,satire,auto
martial.epigrams.part.6.tess,martial,epigrams,Early Imperial,lyric,satire,auto
martial.epigrams.part.7.tess,martial,epigrams,Early Imperial,lyric,satire,auto
martial.epigrams.part.8.tess,martial,epigrams,Early Imperial,lyric,satire,auto
martial.epigrams.part.9.tess,martial,epigrams,Early Imperial,lyric,satire,auto
martial.epigrams.tess,martial,epigrams,Early Imperial,lyric,satire,auto
martialis.de_spectaculis.tess,martialis,de_spectaculis,Early Imperial,hexameter,satire,auto
martialis.epigrammata_1.tess,martialis,epigrammata_1,Early Imperial,hexameter,satire,auto
martialis.epigrammata_10.tess,martialis,epigrammata_10,Early Imperial,hexameter,satire,auto
martialis.epigrammata_11.tess,martialis,epigrammata_11,Early Imperial,hexameter,satire,auto
martialis.epigrammata_12.tess,martialis,epigrammata_12,Early Imperial,hexameter,satire,auto
martialis.epigrammata_13.tess,martialis,epigrammata_13,Early Imperial,hexameter,satire,auto
martialis.epigrammata_14.tess,martialis,epigrammata_14,Early Imperial,hexameter,satire,auto
martialis.epigrammata_2.tess,martialis,epigrammata_2,Early Imperial,hexameter,satire,auto
martialis.epigrammata_3.tess,martialis,epigrammata_3,Early Imperial,hexameter,satire,auto
martialis.epigrammata_4.tess,martialis,epigrammata_4,Early Imperial,hexameter,satire,auto
martialis.epigrammata_5.tess,martialis,epigrammata_5,Early Imperial,hexameter,satire,auto
martialis.epigrammata_6.tess,martialis,epigrammata_6,Early Imperial,hexameter,satire,auto
martialis.epigrammata_7.tess,martialis,epigrammata_7,Early Imperial,hexameter,satire,auto
martialis.epigrammata_8.tess,martialis,epigrammata_8,Early Imperial,hexameter,satire,auto
martialis.epigrammata_9.tess,martialis,epigrammata_9,Early Imperial,hexameter,satire,auto
maximianus.elegiae.tess,maximianus,elegiae,Late Antique,elegiac,elegy,auto
micon_of_saint_riquier.opus_prosodiacum.tess,micon_of_saint_riquier,opus_prosodiacum,Carolingian,unknown,medieval,auto
micon_of_saint_riquier.prologus_in_tractatum_de_primis_syllabis.tess,micon_of_saint_riquier,prologus_in_tractatum_de_primis_syllabis,Carolingian,unknown,medieval,auto
milo_of_saint_amand.carmina_figurata.tess,milo_of_saint_amand,carmina_figurata,Carolingian,unknown,medieval,auto
milo_of_saint_amand.carminum_appendix.tess,milo_of_saint_amand,carminum_appendix,Carolingian,unknown,medieval,auto
milo_of_saint_amand.de_sobrietate.tess,milo_of_saint_amand,de_sobrietate,Carolingian,unknown,medieval,auto
minucius_felix.octavius.tess,minucius_felix,octavius,Late Antique,prose,theology,auto
moduin.carminum_appendix.tess,moduin,carminum_appendix,Carolingian,unknown,medieval,auto
moduin.eclogae.tess,moduin,eclogae,Carolingian,unknown,medieval,auto
nepos.vitae.tess,nepos,vitae,Republic,prose,historiography,auto
nithardus.historiae.tess,nithardus,historiae,Carolingian,prose,historiography,auto
optatian.epistula.tess,optatian,epistula,Later Imperial,prose,panegyric,auto
optatus_saint_bishop_of_mileve.appendix_decem_monumentorum_veterum.tess,optatus_saint_bishop_of_mileve,appendix_decem_monumentorum_veterum,Late Antique,prose,theology,auto
optatus_saint_bishop_of_mileve.s_optati_milevitani_libri_vii.tess,optatus_saint_bishop_of_mileve,s_optati_milevitani_libri_vii,Late Antique,prose,theology,auto
orientius_saint.carmina.tess,orientius_saint,carmina,Late Antique,prose,christian_poetry,auto
orientius_saint.commonitorium.tess,orientius_saint,commonitorium,Late Antique,prose,christian_poetry,auto
orosius_paulus.commenitorium_orosii_ad_augustinum_de_er.tess,orosius_paulus,commenitorium_orosii_ad_augustinum_de_er,Late Antique,prose,theology,auto
orosius_paulus.historiae_adversum_paganos.tess,orosius_paulus,historiae_adversum_paganos,Late Antique,prose,historiography,auto
orosius_paulus.liber_apologeticus.tess,orosius_paulus,liber_apologeticus,Late Antique,prose,theology,auto
ovid.amores.part.1.tess,ovid,amores,Augustan,elegiac,elegy,auto
ovid.amores.part.2.tess,ovid,amores,Augustan,elegiac,elegy,auto
ovid.amores.part.3.tess,ovid,amores,Augustan,elegiac,elegy,auto
ovid.amores.tess,ovid,amores,Augustan,elegiac,elegy,auto
ovid.ars_amatoria.part.1.tess,ovid,ars_amatoria,Augustan,elegiac,elegy,auto
ovid.ars_amatoria.part.2.tess,ovid,ars_amatoria,Augustan,elegiac,elegy,auto
ovid.ars_amatoria.part.3.tess,ovid,ars_amatoria,Augustan,elegiac,elegy,auto
ovid.ars_amatoria.tess,ovid,ars_amatoria,Augustan,elegiac,elegy,auto
ovid.ex_ponto.part.1.tess,ovid,ex_ponto,Augustan,hexameter,elegy,auto
ovid.ex_ponto.part.2.tess,ovid,ex_ponto,Augustan,hexameter,elegy,auto
ovid.ex_ponto.part.3.tess,ovid,ex_ponto,Augustan,hexameter,elegy,auto
ovid.ex_ponto.part.4.tess,ovid,ex_ponto,Augustan,hexameter,elegy,auto
ovid.ex_ponto.tess,ovid,ex_ponto,Augustan,hexameter,elegy,auto
ovid.fasti.part.1.tess,ovid,fasti,Augustan,elegiac,elegy,auto
ovid.fasti.part.2.tess,ovid,fasti,Augustan,elegiac,elegy,auto
ovid.fasti.part.3.tess,ovid,fasti,Augustan,elegiac,elegy,auto
ovid.fasti.part.4.tess,ovid,fasti,Augustan,elegiac,elegy,auto
ovid.fasti.part.5.tess,ovid,fasti,Augustan,elegiac,elegy,auto
ovid.fasti.part.6.tess,ovid,fasti,Augustan,elegiac,elegy,auto
ovid.fasti.tess,ovid,fasti,Augustan,elegiac,elegy,auto
ovid.heroides.part.1.1-15.tess,ovid,heroides,Augustan,elegiac,elegy,auto
ovid.heroides.part.2.16-21.tess,ovid,heroides,Augustan,elegiac,elegy,auto
ovid.heroides.tess,ovid,heroides,Augustan,elegiac,elegy,auto
ovid.ibis.tess,ovid,ibis,Augustan,elegiac,elegy,auto
ovid.medicamina_faciei_femineae.tess,ovid,medicamina_faciei_femineae,Augustan,elegiac,elegy,auto
ovid.metamorphoses.part.1.tess,ovid,metamorphoses,Augustan,hexameter,epic,auto
ovid.metamorphoses.part.10.tess,ovid,metamorphoses,Augustan,hexameter,epic,auto
ovid.metamorphoses.part.11.tess,ovid,metamorphoses,Augustan,hexameter,epic,auto
ovid.metamorphoses.part.12.tess,ovid,metamorphoses,Augustan,hexameter,epic,auto
ovid.metamorphoses.part.13.tess,ovid,metamorphoses,Augustan,hexameter,epic,auto
ovid.metamorphoses.part.14.tess,ovid,metamorphoses,Augustan,hexameter,epic,auto
ovid.metamorphoses.part.15.tess,ovid,metamorphoses,Augustan,hexameter,epic,auto
ovid.metamorphoses.part.2.tess,ovid,metamorphoses,Augustan,hexameter,epic,auto
ovid.metamorphoses.part.3.tess,ovid,metamorphoses,Augustan,hexameter,epic,auto
ovid.metamorphoses.part.4.tess,ovid,metamorphoses,Augustan,hexameter,epic,auto
ovid.metamorphoses.part.5.tess,ovid,metamorphoses,Augustan,hexameter,epic,auto
ovid.metamorphoses.part.6.tess,ovid,metamorphoses,Augustan,hexameter,epic,auto
ovid.metamorphoses.part.7.tess,ovid,metamorphoses,Augustan,hexameter,epic,auto
ovid.metamorphoses.part.8.tess,ovid,metamorphoses,Augustan,hexameter,epic,auto
ovid.metamorphoses.part.9.tess,ovid,metamorphoses,Augustan,hexameter,epic,auto
ovid.metamorphoses.tess,ovid,metamorphoses,Augustan,hexameter,epic,auto
ovid.remedia_amoris.tess,ovid,remedia_amoris,Augustan,elegiac,elegy,auto
ovid.tristia.part.1.tess,ovid,tristia,Augustan,elegiac,elegy,auto
ovid.tristia.part.2.tess,ovid,tristia,Augustan,elegiac,elegy,auto
ovid.tristia.part.3.tess,ovid,tristia,Augustan,elegiac,elegy,auto
ovid.tristia.part.4.tess,ovid,tristia,Augustan,elegiac,elegy,auto
ovid.tristia.part.5.tess,ovid,tristia,Augustan,elegiac,elegy,auto
ovid.tristia.tess,ovid,tristia,Augustan,elegiac,elegy,auto
paschasius_radbertus.carmina.tess,paschasius_radbertus,carmina,Carolingian,unknown,medieval,auto
paschasius_radbertus.epitaphium_arsenii.part.2.tess,paschasius_radbertus,epitaphium_arsenii,Carolingian,prose,medieval,auto
paul_the_apostle_saint.epigramma.tess,paul_the_apostle_saint,epigramma,Early Imperial,prose,theology,auto
paulinus_of_aquileia.carmina.part.1.tess,paulinus_of_aquileia,carmina,Carolingian,unknown,medieval,auto
paulinus_of_aquileia.carmina.part.10.tess,paulinus_of_aquileia,carmina,Carolingian,unknown,medieval,auto
paulinus_of_aquileia.carmina.part.11.tess,paulinus_of_aquileia,carmina,Carolingian,unknown,medieval,auto
paulinus_of_aquileia.carmina.part.12.tess,paulinus_of_aquileia,carmina,Carolingian,unknown,medieval,auto
paulinus_of_aquileia.carmina.part.13.tess,paulinus_of_aquileia,carmina,Carolingian,unknown,medieval,auto
paulinus_of_aquileia.carmina.part.14.tess,paulinus_of_aquileia,carmina,Carolingian,unknown,medieval,auto
paulinus_of_aquileia.carmina.part.15.tess,paulinus_of_aquileia,carmina,Carolingian,unknown,medieval,auto
paulinus_of_aquileia.carmina.part.16.tess,paulinus_of_aquileia,carmina,Carolingian,unknown,medieval,auto
paulinus_of_aquileia.carmina.part.2a.tess,paulinus_of_aquileia,carmina,Carolingian,unknown,medieval,auto
paulinus_of_aquileia.carmina.part.2b.tess,paulinus_of_aquileia,carmina,Carolingian,unknown,medieval,auto
paulinus_of_aquileia.carmina.part.3.tess,paulinus_of_aquileia,carmina,Carolingian,unknown,medieval,auto
paulinus_of_aquileia.carmina.part.4.tess,paulinus_of_aquileia,carmina,Carolingian,unknown,medieval,auto
paulinus_of_aquileia.carmina.part.5.tess,paulinus_of_aquileia,carmina,Carolingian,unknown,medieval,auto
paulinus_of_aquileia.carmina.part.6.tess,paulinus_of_aquileia,carmina,Carolingian,unknown,medieval,auto
paulinus_of_aquileia.carmina.part.7.tess,paulinus_of_aquileia,carmina,Carolingian,unknown,medieval,auto
paulinus_of_aquileia.carmina.part.8.tess,paulinus_of_aquileia,carmina,Carolingian,unknown,medieval,auto
paulinus_of_aquileia.carmina.part.9.tess,paulinus_of_aquileia,carmina,Carolingian,unknown,medieval,auto
paulinus_of_aquileia.carmina.tess,paulinus_of_aquileia,carmina,Carolingian,unknown,medieval,auto
paulinus_of_aquileia.versus_de_destructione_Aquilegiae.tess,paulinus_of_aquileia,versus_de_destructione_Aquilegiae,Carolingian,unknown,medieval,auto
paulinus_of_nola.carmina.tess,paulinus_of_nola,carmina,Late Antique,unknown,christian_poetry,auto
paulinus_of_nola.epistulae.tess,paulinus_of_nola,epistulae,Late Antique,prose,epistolary,auto
paulinus_of_pella.eucharisticus.tess,paulinus_of_pella,eucharisticus,Late Antique,prose,christian_poetry,auto
paulinus_petricordiae.de_vita_sancti_martini.tess,paulinus_petricordiae,de_vita_sancti_martini,Late Antique,prose,epic,auto
paulus_albarus.carmina.tess,paulus_albarus,carmina,Carolingian,unknown,medieval,auto
paulus_diaconus.carmina.tess,paulus_diaconus,carmina,Carolingian,unknown,medieval,auto
paulus_orosius.commonitorium_de_errore_priscillianistarum_et_origenistarum.tess,paulus_orosius,commonitorium_de_errore_priscillianistarum_et_origenistarum,Late Antique,prose,theology,auto
paulus_orosius.historiae_adversum_paganos.part.1.tess,paulus_orosius,historiae_adversum_paganos,Late Antique,prose,historiography,auto
paulus_orosius.historiae_adversum_paganos.part.2.tess,paulus_orosius,historiae_adversum_paganos,Late Antique,prose,historiography,auto
paulus_orosius.historiae_adversum_paganos.part.3.tess,paulus_orosius,historiae_adversum_paganos,Late Antique,prose,historiography,auto
paulus_orosius.historiae_adversum_paganos.part.4.tess,paulus_orosius,historiae_adversum_paganos,Late Antique,prose,historiography,auto
paulus_orosius.historiae_adversum_paganos.part.5.tess,paulus_orosius,historiae_adversum_paganos,Late Antique,prose,historiography,auto
paulus_orosius.historiae_adversum_paganos.part.6.tess,paulus_orosius,historiae_adversum_paganos,Late Antique,prose,historiography,auto
paulus_orosius.historiae_adversum_paganos.part.7.tess,paulus_orosius,historiae_adversum_paganos,Late Antique,prose,historiography,auto
paulus_orosius.historiae_adversum_paganos.tess,paulus_orosius,historiae_adversum_paganos,Late Antique,prose,historiography,auto
paulus_orosius.liber_apologeticus.tess,paulus_orosius,liber_apologeticus,Late Antique,prose,theology,auto
persius.satires.tess,persius,satires,Early Imperial,hexameter,satire,auto
persius.saturae.tess,persius,saturae,Early Imperial,hexameter,satire,auto
petronius.fragmenta.tess,petronius,fragmenta,Early Imperial,mixed,satire,auto
petronius.satyricon.tess,petronius,satyricon,Early Imperial,mixed,satire,auto
petrus_diaconus.de_locis_santis.tess,petrus_diaconus,de_locis_santis,Medieval,prose,medieval,auto
petrus_of_pisa.carmina.tess,petrus_of_pisa,carmina,Carolingian,unknown,medieval,auto
petrus_riga.aurora.part.1.tess,petrus_riga,aurora,Medieval,unknown,medieval,auto
petrus_riga.aurora.part.10.tess,petrus_riga,aurora,Medieval,unknown,medieval,auto
petrus_riga.aurora.part.11.tess,petrus_riga,aurora,Medieval,unknown,medieval,auto
petrus_riga.aurora.part.12.tess,petrus_riga,aurora,Medieval,unknown,medieval,auto
petrus_riga.aurora.part.13.tess,petrus_riga,aurora,Medieval,unknown,medieval,auto
petrus_riga.aurora.part.14.tess,petrus_riga,aurora,Medieval,unknown,medieval,auto
petrus_riga.aurora.part.15.tess,petrus_riga,aurora,Medieval,unknown,medieval,auto
petrus_riga.aurora.part.16.tess,petrus_riga,aurora,Medieval,unknown,medieval,auto
petrus_riga.aurora.part.17.tess,petrus_riga,aurora,Medieval,unknown,medieval,auto
petrus_riga.aurora.part.18.tess,petrus_riga,aurora,Medieval,unknown,medieval,auto
petrus_riga.aurora.part.19.tess,petrus_riga,aurora,Medieval,unknown,medieval,auto
petrus_riga.aurora.part.2.tess,petrus_riga,aurora,Medieval,unknown,medieval,auto
petrus_riga.aurora.part.20.tess,petrus_riga,aurora,Medieval,unknown,medieval,auto
petrus_riga.aurora.part.21.tess,petrus_riga,aurora,Medieval,unknown,medieval,auto
petrus_riga.aurora.part.22.tess,petrus_riga,aurora,Medieval,unknown,medieval,auto
petrus_riga.aurora.part.23.tess,petrus_riga,aurora,Medieval,unknown,medieval,auto
petrus_riga.aurora.part.3.tess,petrus_riga,aurora,Medieval,unknown,medieval,auto
petrus_riga.aurora.part.4.tess,petrus_riga,aurora,Medieval,unknown,medieval,auto
petrus_riga.aurora.part.5.tess,petrus_riga,aurora,Medieval,unknown,medieval,auto
petrus_riga.aurora.part.6.tess,petrus_riga,aurora,Medieval,unknown,medieval,auto
petrus_riga.aurora.part.7.tess,petrus_riga,aurora,Medieval,unknown,medieval,auto
petrus_riga.aurora.part.8.tess,petrus_riga,aurora,Medieval,unknown,medieval,auto
petrus_riga.aurora.part.9.tess,petrus_riga,aurora,Medieval,unknown,medieval,auto
phaedrus.fabulae_aesopiae.tess,phaedrus,fabulae_aesopiae,Early Imperial,hexameter,satire,auto
philastrius.diversarum_hereseon_liber.tess,philastrius,diversarum_hereseon_liber,Late Antique,prose,theology,auto
plautus.amphitruo.tess,plautus,amphitruo,Republic,dramatic,drama,auto
plautus.asinaria.tess,plautus,asinaria,Republic,dramatic,drama,auto
plautus.aulularia.tess,plautus,aulularia,Republic,dramatic,drama,auto
plautus.bacchides.tess,plautus,bacchides,Republic,dramatic,drama,auto
plautus.captivi.tess,plautus,captivi,Republic,dramatic,drama,auto
plautus.casina.tess,plautus,casina,Republic,dramatic,drama,auto
plautus.cistellaria.tess,plautus,cistellaria,Republic,dramatic,drama,auto
plautus.curculio.tess,plautus,curculio,Republic,dramatic,drama,auto
plautus.epidicus.tess,plautus,epidicus,Republic,dramatic,drama,auto
plautus.menaechmi.tess,plautus,menaechmi,Republic,dramatic,drama,auto
plautus.mercator.tess,plautus,mercator,Republic,dramatic,drama,auto
plautus.miles_gloriosus.tess,plautus,miles_gloriosus,Republic,dramatic,drama,auto
plautus.mostellaria.tess,plautus,mostellaria,Republic,dramatic,drama,auto
plautus.persa.tess,plautus,persa,Republic,dramatic,drama,auto
plautus.poenulus.tess,plautus,poenulus,Republic,dramatic,drama,auto
plautus.pseudolus.tess,plautus,pseudolus,Republic,dramatic,drama,auto
plautus.rudens.tess,plautus,rudens,Republic,dramatic,drama,auto
plautus.stichus.tess,plautus,stichus,Republic,dramatic,drama,auto
plautus.trinummus.tess,plautus,trinummus,Republic,dramatic,drama,auto
plautus.truculentus.tess,plautus,truculentus,Republic,dramatic,drama,auto
pliny_the_elder.naturalis_historia.part.1.books_1-5.tess,pliny_the_elder,naturalis_historia,Early Imperial,prose,technical,auto
pliny_the_elder.naturalis_historia.part.2.books_6-10.tess,pliny_the_elder,naturalis_historia,Early Imperial,prose,technical,auto
pliny_the_elder.naturalis_historia.part.3.books_11-15.tess,pliny_the_elder,naturalis_historia,Early Imperial,prose,technical,auto
pliny_the_elder.naturalis_historia.part.4.books_16-20.tess,pliny_the_elder,naturalis_historia,Early Imperial,prose,technical,auto
pliny_the_elder.naturalis_historia.part.5.books_21-25.tess,pliny_the_elder,naturalis_historia,Early Imperial,prose,technical,auto
pliny_the_elder.naturalis_historia.part.6.books_26-30.tess,pliny_the_elder,naturalis_historia,Early Imperial,prose,technical,auto
pliny_the_elder.naturalis_historia.part.7.books_31-37.tess,pliny_the_elder,naturalis_historia,Early Imperial,prose,technical,auto
pliny_the_elder.naturalis_historia.tess,pliny_the_elder,naturalis_historia,Early Imperial,prose,technical,auto
pliny_the_younger.letters.part.1.tess,pliny_the_younger,letters,Early Imperial,prose,epistolary,auto
pliny_the_younger.letters.part.10.tess,pliny_the_younger,letters,Early Imperial,prose,epistolary,auto
pliny_the_younger.letters.part.2.tess,pliny_the_younger,letters,Early Imperial,prose,epistolary,auto
pliny_the_younger.letters.part.3.tess,pliny_the_younger,letters,Early Imperial,prose,epistolary,auto
pliny_the_younger.letters.part.4.tess,pliny_the_younger,letters,Early Imperial,prose,epistolary,auto
pliny_the_younger.letters.part.5.tess,pliny_the_younger,letters,Early Imperial,prose,epistolary,auto
pliny_the_younger.letters.part.6.tess,pliny_the_younger,letters,Early Imperial,prose,epistolary,auto
pliny_the_younger.letters.part.7.tess,pliny_the_younger,letters,Early Imperial,prose,epistolary,auto
pliny_the_younger.letters.part.8.tess,pliny_the_younger,letters,Early Imperial,prose,epistolary,auto
pliny_the_younger.letters.part.9.tess,pliny_the_younger,letters,Early Imperial,prose,epistolary,auto
pliny_the_younger.letters.tess,pliny_the_younger,letters,Early Imperial,prose,epistolary,auto
poeta_saxo.annales_de_gestis_karoli_magni.part.1.tess,poeta_saxo,annales_de_gestis_karoli_magni,Carolingian,hexameter,epic,auto
poeta_saxo.annales_de_gestis_karoli_magni.part.2.tess,poeta_saxo,annales_de_gestis_karoli_magni,Carolingian,hexameter,epic,auto
poeta_saxo.annales_de_gestis_karoli_magni.part.3.tess,poeta_saxo,annales_de_gestis_karoli_magni,Carolingian,hexameter,epic,auto
poeta_saxo.annales_de_gestis_karoli_magni.part.4.tess,poeta_saxo,annales_de_gestis_karoli_magni,Carolingian,hexameter,epic,auto
poeta_saxo.annales_de_gestis_karoli_magni.part.5.tess,poeta_saxo,annales_de_gestis_karoli_magni,Carolingian,hexameter,epic,auto
polignac.antilucretius.tess,polignac,antilucretius,Modern,prose,philosophy,auto
polignac.imitatio.tess,polignac,imitatio,Modern,prose,philosophy,auto
pontius_diaconus.acta_proconsularia.tess,pontius_diaconus,acta_proconsularia,Later Imperial,prose,theology,auto
pontius_diaconus.vita_caecilii_cypriani.tess,pontius_diaconus,vita_caecilii_cypriani,Later Imperial,prose,theology,auto
priscian.carmen_in_laudem_Anastasii_imperatoris.part.1.tess,priscian,carmen_in_laudem_Anastasii_imperatoris,Late Antique,prose,technical,auto
priscian.carmen_in_laudem_Anastasii_imperatoris.part.preface.tess,priscian,carmen_in_laudem_Anastasii_imperatoris.part.preface,Late Antique,prose,technical,auto
priscian.carmen_in_laudem_Anastasii_imperatoris.tess,priscian,carmen_in_laudem_Anastasii_imperatoris,Late Antique,prose,technical,auto
priscian.perihegesis.tess,priscian,perihegesis,Late Antique,prose,technical,auto
priscillian.canones.tess,priscillian,canones,Late Antique,prose,theology,auto
priscillian.tractatus_undecim.tess,priscillian,tractatus_undecim,Late Antique,prose,theology,auto
priscillian_bishop_of_avila.canones_in_pauli_apostoli_epistula_canon.tess,priscillian_bishop_of_avila,canones_in_pauli_apostoli_epistula_canon,Late Antique,prose,theology,auto
priscillian_bishop_of_avila.tractatus_undecim.tess,priscillian_bishop_of_avila,tractatus_undecim,Late Antique,prose,theology,auto
proba_active_4th_century.cento.tess,proba_active_4th_century,cento,Late Antique,prose,epic,auto
propertius.elegiae_1.tess,propertius,elegiae_1,Augustan,hexameter,elegy,auto
propertius.elegiae_2.tess,propertius,elegiae_2,Augustan,hexameter,elegy,auto
propertius.elegiae_3.tess,propertius,elegiae_3,Augustan,hexameter,elegy,auto
propertius.elegiae_4.tess,propertius,elegiae_4,Augustan,hexameter,elegy,auto
propertius.elegies.tess,propertius,elegies,Augustan,elegiac,elegy,auto
prudentius.apotheosis.tess,prudentius,apotheosis,Late Antique,unknown,christian_poetry,auto
prudentius.contra_symmachum.part.1.tess,prudentius,contra_symmachum,Late Antique,unknown,christian_poetry,auto
prudentius.contra_symmachum.part.2.tess,prudentius,contra_symmachum,Late Antique,unknown,christian_poetry,auto
prudentius.contra_symmachum.tess,prudentius,contra_symmachum,Late Antique,unknown,christian_poetry,auto
prudentius.dittochaeon.tess,prudentius,dittochaeon,Late Antique,unknown,christian_poetry,auto
prudentius.epilogus.tess,prudentius,epilogus,Late Antique,unknown,christian_poetry,auto
prudentius.hamartigenia.tess,prudentius,hamartigenia,Late Antique,unknown,christian_poetry,auto
prudentius.peristephanon.part.1.tess,prudentius,peristephanon,Late Antique,unknown,christian_poetry,auto
prudentius.peristephanon.part.10.tess,prudentius,peristephanon,Late Antique,unknown,christian_poetry,auto
prudentius.peristephanon.part.11.tess,prudentius,peristephanon,Late Antique,unknown,christian_poetry,auto
prudentius.peristephanon.part.12.tess,prudentius,peristephanon,Late Antique,unknown,christian_poetry,auto
prudentius.peristephanon.part.13.tess,prudentius,peristephanon,Late Antique,unknown,christian_poetry,auto
prudentius.peristephanon.part.14.tess,prudentius,peristephanon,Late Antique,unknown,christian_poetry,auto
prudentius.peristephanon.part.2.tess,prudentius,peristephanon,Late Antique,unknown,christian_poetry,auto
prudentius.peristephanon.part.3.tess,prudentius,peristephanon,Late Antique,unknown,christian_poetry,auto
prudentius.peristephanon.part.4.tess,prudentius,peristephanon,Late Antique,unknown,christian_poetry,auto
prudentius.peristephanon.part.5.tess,prudentius,peristephanon,Late Antique,unknown,christian_poetry,auto
prudentius.peristephanon.part.6.tess,prudentius,peristephanon,Late Antique,unknown,christian_poetry,auto
prudentius.peristephanon.part.7.tess,prudentius,peristephanon,Late Antique,unknown,christian_poetry,auto
prudentius.peristephanon.part.8.tess,prudentius,peristephanon,Late Antique,unknown,christian_poetry,auto
prudentius.peristephanon.part.9.tess,prudentius,peristephanon,Late Antique,unknown,christian_poetry,auto
prudentius.peristephanon.tess,prudentius,peristephanon,Late Antique,unknown,christian_poetry,auto
prudentius.psychomachia.tess,prudentius,psychomachia,Late Antique,unknown,christian_poetry,auto
pseudo_cyprian.ad_novatianum.tess,pseudo_cyprian,ad_novatianum,Later Imperial,prose,theology,auto
pseudo_cyprian.ad_vigilium_de_iudaica_incredulitate.tess,pseudo_cyprian,ad_vigilium_de_iudaica_incredulitate,Later Imperial,prose,theology,auto
pseudo_cyprian.adversus_judaeos.tess,pseudo_cyprian,adversus_judaeos,Later Imperial,prose,theology,auto
pseudo_cyprian.carmina.tess,pseudo_cyprian,carmina,Later Imperial,prose,theology,auto
pseudo_cyprian.de_disciplina_et_bono_pudicitiae.tess,pseudo_cyprian,de_disciplina_et_bono_pudicitiae,Later Imperial,prose,theology,auto
pseudo_cyprian.de_duplici_martyrio.tess,pseudo_cyprian,de_duplici_martyrio,Later Imperial,prose,theology,auto
pseudo_cyprian.de_laude_martyrii.tess,pseudo_cyprian,de_laude_martyrii,Later Imperial,prose,theology,auto
pseudo_cyprian.de_montibus_sina_et_sion_adversus_judaeo.tess,pseudo_cyprian,de_montibus_sina_et_sion_adversus_judaeo,Later Imperial,prose,theology,auto
pseudo_cyprian.de_pascha_computus.tess,pseudo_cyprian,de_pascha_computus,Later Imperial,prose,theology,auto
pseudo_cyprian.de_rebaptismate.tess,pseudo_cyprian,de_rebaptismate,Later Imperial,prose,theology,auto
pseudo_cyprian.de_singularitate_clericorum.tess,pseudo_cyprian,de_singularitate_clericorum,Later Imperial,prose,theology,auto
pseudo_cyprian.de_spectaculis_liber.tess,pseudo_cyprian,de_spectaculis_liber,Later Imperial,prose,theology,auto
pseudo_cyprian.de_xii_abusionibus_saeculi.tess,pseudo_cyprian,de_xii_abusionibus_saeculi,Later Imperial,prose,theology,auto
pseudo_cyprian.epistulae.tess,pseudo_cyprian,epistulae,Later Imperial,prose,theology,auto
pseudo_cyprian.liber_de_aleatoribus.tess,pseudo_cyprian,liber_de_aleatoribus,Later Imperial,prose,theology,auto
pseudo_cyprian.oratio_i.tess,pseudo_cyprian,oratio_i,Later Imperial,prose,theology,auto
pseudo_cyprian.oratio_ii.tess,pseudo_cyprian,oratio_ii,Later Imperial,prose,theology,auto
pseudo_eucherius.de_situ_hierusolimitanae_urbis_atque_ips.tess,pseudo_eucherius,de_situ_hierusolimitanae_urbis_atque_ips,Late Antique,prose,theology,auto
pseudo_severus_sulpicius.epistolae_septem.tess,pseudo_severus_sulpicius,epistolae_septem,Late Antique,prose,theology,auto
pseudo_tertullian.adversus_omnes_haereses.tess,pseudo_tertullian,adversus_omnes_haereses,Later Imperial,prose,theology,auto
pseudo_victor_vitensis.notitia_provinciarum_et_civitatum_africa.tess,pseudo_victor_vitensis,notitia_provinciarum_et_civitatum_africa,Late Antique,prose,theology,auto
pseudo_victor_vitensis.passio_septem_monachorum.tess,pseudo_victor_vitensis,passio_septem_monachorum,Late Antique,prose,theology,auto
q_cicero.on_running_for_consul.tess,q_cicero,on_running_for_consul,Republic,prose,epistolary,auto
quintilian.institutio_oratoria.part.1.tess,quintilian,institutio_oratoria,Early Imperial,prose,oratory,auto
quintilian.institutio_oratoria.part.10.tess,quintilian,institutio_oratoria,Early Imperial,prose,oratory,auto
quintilian.institutio_oratoria.part.11.tess,quintilian,institutio_oratoria,Early Imperial,prose,oratory,auto
quintilian.institutio_oratoria.part.12.tess,quintilian,institutio_oratoria,Early Imperial,prose,oratory,auto
quintilian.institutio_oratoria.part.2.tess,quintilian,institutio_oratoria,Early Imperial,prose,oratory,auto
quintilian.institutio_oratoria.part.3.tess,quintilian,institutio_oratoria,Early Imperial,prose,oratory,auto
quintilian.institutio_oratoria.part.4.tess,quintilian,institutio_oratoria,Early Imperial,prose,oratory,auto
quintilian.institutio_oratoria.part.5.tess,quintilian,institutio_oratoria,Early Imperial,prose,oratory,auto
quintilian.institutio_oratoria.part.6.tess,quintilian,institutio_oratoria,Early Imperial,prose,oratory,auto
quintilian.institutio_oratoria.part.7.tess,quintilian,institutio_oratoria,Early Imperial,prose,oratory,auto
quintilian.institutio_oratoria.part.8.tess,quintilian,institutio_oratoria,Early Imperial,prose,oratory,auto
quintilian.institutio_oratoria.part.9.tess,quintilian,institutio_oratoria,Early Imperial,prose,oratory,auto
quintilian.institutio_oratoria.tess,quintilian,institutio_oratoria,Early Imperial,prose,oratory,auto
quintilian_pseudo.major_declamations.tess,quintilian_pseudo,major_declamations,Early Imperial,prose,oratory,auto
remigius_of_auxerre.expositione_in_paschale_carmen.tess,remigius_of_auxerre,expositione_in_paschale_carmen,Early Medieval,prose,medieval,auto
rufinus.interpretatio_orationem_gregorii_nazianzeni.tess,rufinus,interpretatio_orationem_gregorii_nazianzeni,Late Antique,prose,theology,auto
rufinus_of_aquileia.interpretatio_orationum_gregorii_nazianz.tess,rufinus_of_aquileia,interpretatio_orationum_gregorii_nazianz,Late Antique,prose,theology,auto
rufius_festus.breviarium.tess,rufius_festus,breviarium,Late Antique,prose,historiography,auto
ruricius_i_bishop_of_limoges.epistulae.tess,ruricius_i_bishop_of_limoges,epistulae,Late Antique,prose,epistolary,auto
rusticus_presbyter.epistula_ad_eucherium_lugdunensem.tess,rusticus_presbyter,epistula_ad_eucherium_lugdunensem,Late Antique,prose,theology,auto
rutilius.de_reditu.tess,rutilius,de_reditu,Late Antique,elegiac,elegy,auto
sallust.catilina.tess,sallust,catilina,Republic,prose,historiography,auto
sallust.histories.tess,sallust,histories,Republic,prose,historiography,auto
sallust.jugurtha.tess,sallust,jugurtha,Republic,prose,historiography,auto
salutati.de_laboribus_herculis.tess,salutati,de_laboribus_herculis,Renaissance,prose,epistolary,auto
salutati.de_tyranno.tess,salutati,de_tyranno,Renaissance,prose,epistolary,auto
salvian_of_marseilles.ad_ecclesiam_libri_iiii.tess,salvian_of_marseilles,ad_ecclesiam_libri_iiii,Late Antique,prose,theology,auto
salvian_of_marseilles.de_gubernatione_dei.tess,salvian_of_marseilles,de_gubernatione_dei,Late Antique,prose,theology,auto
salvian_of_marseilles.epistulae.tess,salvian_of_marseilles,epistulae,Late Antique,prose,epistolary,auto
salvian_of_marseilles.epistulae_selections.tess,salvian_of_marseilles,epistulae_selections,Late Antique,prose,epistolary,auto
salvianus.ad_ecclesiam.tess,salvianus,ad_ecclesiam,Late Antique,prose,theology,auto
salvianus.de_gubernatione_dei.tess,salvianus,de_gubernatione_dei,Late Antique,prose,theology,auto
scriptores_historiae_augustae.historia_augusta.part.1.books_1-5.tess,scriptores_historiae_augustae,historia_augusta,Late Antique,prose,historiography,auto
scriptores_historiae_augustae.historia_augusta.part.2.books_6-10.tess,scriptores_historiae_augustae,historia_augusta,Late Antique,prose,historiography,auto
scriptores_historiae_augustae.historia_augusta.part.3.books_11-15.tess,scriptores_historiae_augustae,historia_augusta,Late Antique,prose,historiography,auto
scriptores_historiae_augustae.historia_augusta.part.4.books_16-21.tess,scriptores_historiae_augustae,historia_augusta,Late Antique,prose,historiography,auto
scriptores_historiae_augustae.historia_augusta.tess,scriptores_historiae_augustae,historia_augusta,Late Antique,prose,historiography,auto
secundinus.epistula_secundini_ad_augustinum.tess,secundinus,epistula_secundini_ad_augustinum,Late Antique,prose,theology,auto
secundinus_manichaeus.epistula_secundini_ad_augustinum.tess,secundinus_manichaeus,epistula_secundini_ad_augustinum,Late Antique,prose,theology,auto
sedulius.a_solis_ortus_cardine.tess,sedulius,a_solis_ortus_cardine,Late Antique,unknown,christian_poetry,auto
sedulius.carmen_paschale.tess,sedulius,carmen_paschale,Late Antique,hexameter,epic,auto
sedulius.carmina_ad_sedulium_spectantia.tess,sedulius,carmina_ad_sedulium_spectantia,Late Antique,prose,christian_poetry,auto
sedulius.epistola_ad_macedonium.tess,sedulius,epistola_ad_macedonium,Late Antique,prose,christian_poetry,auto
sedulius.epistola_ad_macedonium_altera.tess,sedulius,epistola_ad_macedonium_altera,Late Antique,prose,christian_poetry,auto
sedulius.hymnus_i.tess,sedulius,hymnus_i,Late Antique,prose,christian_poetry,auto
sedulius.hymnus_ii_a_solis_ortus_cardine.tess,sedulius,hymnus_ii_a_solis_ortus_cardine,Late Antique,prose,christian_poetry,auto
sedulius.opus_paschale.tess,sedulius,opus_paschale,Late Antique,prose,christian_poetry,auto
sedulius_scotus.carmen_pastorale.tess,sedulius_scotus,carmen_pastorale,Carolingian,unknown,medieval,auto
sedulius_scotus.carminum_appendix.tess,sedulius_scotus,carminum_appendix,Carolingian,unknown,medieval,auto
seneca.ad_lucilium_epistulae_morales.tess,seneca,ad_lucilium_epistulae_morales,Early Imperial,prose,philosophy,auto
seneca.agamemnon.tess,seneca,agamemnon,Early Imperial,dramatic,drama,auto
seneca.apocolocyntosis.tess,seneca,apocolocyntosis,Early Imperial,hexameter,satire,auto
seneca.carminum_fragmenta.tess,seneca,carminum_fragmenta,Early Imperial,mixed,lyric,auto
seneca.de_beneficiis.tess,seneca,de_beneficiis,Early Imperial,prose,philosophy,auto
seneca.de_brevitate_vitae.tess,seneca,de_brevitate_vitae,Early Imperial,prose,philosophy,auto
seneca.de_clementia.tess,seneca,de_clementia,Early Imperial,prose,philosophy,auto
seneca.de_consolatione_ad_helviam.tess,seneca,de_consolatione_ad_helviam,Early Imperial,prose,philosophy,auto
seneca.de_consolatione_ad_marciam.tess,seneca,de_consolatione_ad_marciam,Early Imperial,prose,philosophy,auto
seneca.de_consolatione_ad_polybium.tess,seneca,de_consolatione_ad_polybium,Early Imperial,prose,philosophy,auto
seneca.de_constantia.tess,seneca,de_constantia,Early Imperial,prose,philosophy,auto
seneca.de_ira.tess,seneca,de_ira,Early Imperial,prose,philosophy,auto
seneca.de_otio.tess,seneca,de_otio,Early Imperial,prose,philosophy,auto
seneca.de_providentia.tess,seneca,de_providentia,Early Imperial,prose,philosophy,auto
seneca.de_tranquillitate_animi.tess,seneca,de_tranquillitate_animi,Early Imperial,prose,philosophy,auto
seneca.de_vita_beata.tess,seneca,de_vita_beata,Early Imperial,prose,philosophy,auto
seneca.hercules_furens.tess,seneca,hercules_furens,Early Imperial,dramatic,drama,auto
seneca.hercules_oetaeus.tess,seneca,hercules_oetaeus,Early Imperial,dramatic,drama,auto
seneca.medea.tess,seneca,medea,Early Imperial,dramatic,drama,auto
seneca.octavia.tess,seneca,octavia,Early Imperial,dramatic,drama,auto
seneca.oedipus.tess,seneca,oedipus,Early Imperial,dramatic,drama,auto
seneca.phaedra.tess,seneca,phaedra,Early Imperial,dramatic,drama,auto
seneca.phoenissae.tess,seneca,phoenissae,Early Imperial,dramatic,drama,auto
seneca.quaestiones_naturales.tess,seneca,quaestiones_naturales,Early Imperial,prose,philosophy,auto
seneca.thyestes.tess,seneca,thyestes,Early Imperial,dramatic,drama,auto
seneca.troades.tess,seneca,troades,Early Imperial,dramatic,drama,auto
seneca_the_elder.controversiae.tess,seneca_the_elder,controversiae,Early Imperial,prose,oratory,auto
seneca_the_elder.excerpta_controversiae.tess,seneca_the_elder,excerpta_controversiae,Early Imperial,prose,oratory,auto
seneca_the_elder.fragmenta.tess,seneca_the_elder,fragmenta,Early Imperial,prose,oratory,auto
seneca_the_elder.suasoriae.tess,seneca_the_elder,suasoriae,Early Imperial,prose,oratory,auto
servius_honoratus.in_virgilii_georgicon_libros_commentarius.tess,servius_honoratus,in_virgilii_georgicon_libros_commentarius,Late Antique,prose,technical,auto
severus_sulpicius.chronica.tess,severus_sulpicius,chronica,Late Antique,prose,theology,auto
severus_sulpicius.dialogi.tess,severus_sulpicius,dialogi,Late Antique,prose,theology,auto
severus_sulpicius.epistulae_tres.tess,severus_sulpicius,epistulae_tres,Late Antique,prose,epistolary,auto
severus_sulpicius.vita_sancti_martini.tess,severus_sulpicius,vita_sancti_martini,Late Antique,prose,theology,auto
sigloardus_remensis.rhytmi.tess,sigloardus_remensis,rhytmi,Carolingian,unknown,medieval,auto
silius_italicus.punica.part.1.tess,silius_italicus,punica,Early Imperial,hexameter,epic,auto
silius_italicus.punica.part.10.tess,silius_italicus,punica,Early Imperial,hexameter,epic,auto
silius_italicus.punica.part.11.tess,silius_italicus,punica,Early Imperial,hexameter,epic,auto
silius_italicus.punica.part.12.tess,silius_italicus,punica,Early Imperial,hexameter,epic,auto
silius_italicus.punica.part.13.tess,silius_italicus,punica,Early Imperial,hexameter,epic,auto
silius_italicus.punica.part.14.tess,silius_italicus,punica,Early Imperial,hexameter,epic,auto
silius_italicus.punica.part.15.tess,silius_italicus,punica,Early Imperial,hexameter,epic,auto
silius_italicus.punica.part.16.tess,silius_italicus,punica,Early Imperial,hexameter,epic,auto
silius_italicus.punica.part.17.tess,silius_italicus,punica,Early Imperial,hexameter,epic,auto
silius_italicus.punica.part.2.tess,silius_italicus,punica,Early Imperial,hexameter,epic,auto
silius_italicus.punica.part.3.tess,silius_italicus,punica,Early Imperial,hexameter,epic,auto
silius_italicus.punica.part.4.tess,silius_italicus,punica,Early Imperial,hexameter,epic,auto
silius_italicus.punica.part.5.tess,silius_italicus,punica,Early Imperial,hexameter,epic,auto
silius_italicus.punica.part.6.tess,silius_italicus,punica,Early Imperial,hexameter,epic,auto
silius_italicus.punica.part.7.tess,silius_italicus,punica,Early Imperial,hexameter,epic,auto
silius_italicus.punica.part.8.tess,silius_italicus,punica,Early Imperial,hexameter,epic,auto
silius_italicus.punica.part.9.tess,silius_italicus,punica,Early Imperial,hexameter,epic,auto
silius_italicus.punica.tess,silius_italicus,punica,Early Imperial,hexameter,epic,auto
smaragdus.carmen_in_psalterio.tess,smaragdus,carmen_in_psalterio,Carolingian,unknown,medieval,auto
smaragdus.carmina.tess,smaragdus,carmina,Carolingian,unknown,medieval,auto
smaragdus.epitaphium.tess,smaragdus,epitaphium,Carolingian,unknown,medieval,auto
smaragdus.versus_ad_filium_ludovici_pii.tess,smaragdus,versus_ad_filium_ludovici_pii,Carolingian,unknown,medieval,auto
statius.achilleid.tess,statius,achilleid,Early Imperial,hexameter,epic,auto
statius.silvae.tess,statius,silvae,Early Imperial,hexameter,lyric,auto
statius.thebaid.part.1.tess,statius,thebaid,Early Imperial,hexameter,epic,auto
statius.thebaid.part.10.tess,statius,thebaid,Early Imperial,hexameter,epic,auto
statius.thebaid.part.11.tess,statius,thebaid,Early Imperial,hexameter,epic,auto
statius.thebaid.part.12.tess,statius,thebaid,Early Imperial,hexameter,epic,auto
statius.thebaid.part.2.tess,statius,thebaid,Early Imperial,hexameter,epic,auto
statius.thebaid.part.3.tess,statius,thebaid,Early Imperial,hexameter,epic,auto
statius.thebaid.part.4.tess,statius,thebaid,Early Imperial,hexameter,epic,auto
statius.thebaid.part.5.tess,statius,thebaid,Early Imperial,hexameter,epic,auto
statius.thebaid.part.6.tess,statius,thebaid,Early Imperial,hexameter,epic,auto
statius.thebaid.part.7.tess,statius,thebaid,Early Imperial,hexameter,epic,auto
statius.thebaid.part.8.tess,statius,thebaid,Early Imperial,hexameter,epic,auto
statius.thebaid.part.9.tess,statius,thebaid,Early Imperial,hexameter,epic,auto
statius.thebaid.tess,statius,thebaid,Early Imperial,hexameter,epic,auto
suetonius.de_vita_caesarum.tess,suetonius,de_vita_caesarum,Early Imperial,prose,historiography,auto
sulpicius_severus.chronica.tess,sulpicius_severus,chronica,Late Antique,prose,theology,auto
sulpicius_severus.dialogi.tess,sulpicius_severus,dialogi,Late Antique,prose,theology,auto
sulpicius_severus.epistula_ad_Bassulae_parenti.tess,sulpicius_severus,epistula_ad_Bassulae_parenti,Late Antique,prose,epistolary,auto
sulpicius_severus.epistula_ad_aurelium.tess,sulpicius_severus,epistula_ad_aurelium,Late Antique,prose,epistolary,auto
sulpicius_severus.epistula_prima_ad_eusebium.tess,sulpicius_severus,epistula_prima_ad_eusebium,Late Antique,prose,epistolary,auto
sulpicius_severus.vita_martini.tess,sulpicius_severus,vita_martini,Late Antique,prose,theology,auto
sulpicius_severus_pseudo.alia_epistula.tess,sulpicius_severus_pseudo,alia_epistula,Late Antique,prose,epistolary,auto
tacitus.agricola.tess,tacitus,agricola,Early Imperial,prose,historiography,auto
tacitus.annales.tess,tacitus,annales,Early Imperial,prose,historiography,auto
tacitus.de_origine_et_situ_germanorum_liber.tess,tacitus,de_origine_et_situ_germanorum_liber,Early Imperial,prose,historiography,auto
tacitus.dialogus_de_oratoribus.tess,tacitus,dialogus_de_oratoribus,Early Imperial,prose,rhetoric,auto
tacitus.historiae.tess,tacitus,historiae,Early Imperial,prose,historiography,auto
terence.adelphi.tess,terence,adelphi,Republic,dramatic,drama,auto
terence.andria.tess,terence,andria,Republic,dramatic,drama,auto
terence.eunuchus.tess,terence,eunuchus,Republic,dramatic,drama,auto
terence.heautontimorumenos.tess,terence,heautontimorumenos,Republic,dramatic,drama,auto
terence.hecyra.tess,terence,hecyra,Republic,dramatic,drama,auto
terence.phormio.tess,terence,phormio,Republic,dramatic,drama,auto
tertullian.ad_martyres.tess,tertullian,ad_martyres,Late Antique,prose,theology,auto
tertullian.ad_nationes.tess,tertullian,ad_nationes,Late Antique,prose,theology,auto
tertullian.ad_nationes_libri_duo.tess,tertullian,ad_nationes_libri_duo,Late Antique,prose,theology,auto
tertullian.adversus_hermogenem.tess,tertullian,adversus_hermogenem,Late Antique,prose,theology,auto
tertullian.adversus_marcionem.tess,tertullian,adversus_marcionem,Late Antique,prose,theology,auto
tertullian.adversus_praxeam.tess,tertullian,adversus_praxeam,Late Antique,prose,theology,auto
tertullian.adversus_praxean.tess,tertullian,adversus_praxean,Late Antique,prose,theology,auto
tertullian.adversus_valentinianos.tess,tertullian,adversus_valentinianos,Late Antique,prose,theology,auto
tertullian.apologeticum.tess,tertullian,apologeticum,Late Antique,prose,theology,auto
tertullian.de_anima.tess,tertullian,de_anima,Late Antique,prose,theology,auto
tertullian.de_baptismo.tess,tertullian,de_baptismo,Late Antique,prose,theology,auto
tertullian.de_carnis_resurrectione.tess,tertullian,de_carnis_resurrectione,Late Antique,prose,theology,auto
tertullian.de_idololatria.tess,tertullian,de_idololatria,Late Antique,prose,theology,auto
tertullian.de_ieiunio.tess,tertullian,de_ieiunio,Late Antique,prose,theology,auto
tertullian.de_ieiunio_adversus_psychicos.tess,tertullian,de_ieiunio_adversus_psychicos,Late Antique,prose,theology,auto
tertullian.de_oratione.tess,tertullian,de_oratione,Late Antique,prose,theology,auto
tertullian.de_patientia.tess,tertullian,de_patientia,Late Antique,prose,theology,auto
tertullian.de_pudicitia.tess,tertullian,de_pudicitia,Late Antique,prose,theology,auto
tertullian.de_scorpiace.tess,tertullian,de_scorpiace,Late Antique,prose,theology,auto
tertullian.de_spectaculis.tess,tertullian,de_spectaculis,Late Antique,prose,theology,auto
tertullian.de_testimonio_animae.tess,tertullian,de_testimonio_animae,Late Antique,prose,theology,auto
tertullian.scorpiace.tess,tertullian,scorpiace,Late Antique,prose,theology,auto
tertullian_pseudo.adversus_omnes_haereses.tess,tertullian_pseudo,adversus_omnes_haereses,Later Imperial,prose,theology,auto
tertullian_pseudo.de_iona_propheta.tess,tertullian_pseudo,de_iona_propheta,Later Imperial,prose,theology,auto
tertullian_pseudo.de_sodoma.tess,tertullian_pseudo,de_sodoma,Later Imperial,prose,theology,auto
thedulf_of_orleans.carmina_appendix.tess,thedulf_of_orleans,carmina_appendix,Carolingian,unknown,medieval,auto
theodosius.de_situ_terrae_sanctae.tess,theodosius,de_situ_terrae_sanctae,Late Antique,prose,technical,auto
theodulf_of_orleans.carmina.part.1.tess,theodulf_of_orleans,carmina,Carolingian,unknown,medieval,auto
theodulf_of_orleans.carmina.part.10.tess,theodulf_of_orleans,carmina,Carolingian,unknown,medieval,auto
theodulf_of_orleans.carmina.part.11.tess,theodulf_of_orleans,carmina,Carolingian,unknown,medieval,auto
theodulf_of_orleans.carmina.part.12.tess,theodulf_of_orleans,carmina,Carolingian,unknown,medieval,auto
theodulf_of_orleans.carmina.part.13.tess,theodulf_of_orleans,carmina,Carolingian,unknown,medieval,auto
theodulf_of_orleans.carmina.part.14.tess,theodulf_of_orleans,carmina,Carolingian,unknown,medieval,auto
theodulf_of_orleans.carmina.part.15.tess,theodulf_of_orleans,carmina,Carolingian,unknown,medieval,auto
theodulf_of_orleans.carmina.part.17.tess,theodulf_of_orleans,carmina,Carolingian,unknown,medieval,auto
theodulf_of_orleans.carmina.part.18.tess,theodulf_of_orleans,carmina,Carolingian,unknown,medieval,auto
theodulf_of_orleans.carmina.part.19.tess,theodulf_of_orleans,carmina,Carolingian,unknown,medieval,auto
theodulf_of_orleans.carmina.part.2.tess,theodulf_of_orleans,carmina,Carolingian,unknown,medieval,auto
theodulf_of_orleans.carmina.part.20.tess,theodulf_of_orleans,carmina,Carolingian,unknown,medieval,auto
theodulf_of_orleans.carmina.part.21.tess,theodulf_of_orleans,carmina,Carolingian,unknown,medieval,auto
theodulf_of_orleans.carmina.part.22.tess,theodulf_of_orleans,carmina,Carolingian,unknown,medieval,auto
theodulf_of_orleans.carmina.part.23.tess,theodulf_of_orleans,carmina,Carolingian,unknown,medieval,auto
theodulf_of_orleans.carmina.part.24.tess,theodulf_of_orleans,carmina,Carolingian,unknown,medieval,auto
theodulf_of_orleans.carmina.part.25.tess,theodulf_of_orleans,carmina,Carolingian,unknown,medieval,auto
theodulf_of_orleans.carmina.part.26.tess,theodulf_of_orleans,carmina,Carolingian,unknown,medieval,auto
theodulf_of_orleans.carmina.part.27.tess,theodulf_of_orleans,carmina,Carolingian,unknown,medieval,auto
theodulf_of_orleans.carmina.part.28.tess,theodulf_of_orleans,carmina,Carolingian,unknown,medieval,auto
theodulf_of_orleans.carmina.part.29.tess,theodulf_of_orleans,carmina,Carolingian,unknown,medieval,auto
theodulf_of_orleans.carmina.part.3.tess,theodulf_of_orleans,carmina,Carolingian,unknown,medieval,auto
theodulf_of_orleans.carmina.part.30.tess,theodulf_of_orleans,carmina,Carolingian,unknown,medieval,auto
theodulf_of_orleans.carmina.part.31.tess,theodulf_of_orleans,carmina,Carolingian,unknown,medieval,auto
theodulf_of_orleans.carmina.part.32.tess,theodulf_of_orleans,carmina,Carolingian,unknown,medieval,auto
theodulf_of_orleans.carmina.part.34.tess,theodulf_of_orleans,carmina,Carolingian,unknown,medieval,auto
theodulf_of_orleans.carmina.part.35.tess,theodulf_of_orleans,carmina,Carolingian,unknown,medieval,auto
theodulf_of_orleans.carmina.part.36.tess,theodulf_of_orleans,carmina,Carolingian,unknown,medieval,auto
theodulf_of_orleans.carmina.part.37.tess,theodulf_of_orleans,carmina,Carolingian,unknown,medieval,auto
theodulf_of_orleans.carmina.part.39.tess,theodulf_of_orleans,carmina,Carolingian,unknown,medieval,auto
theodulf_of_orleans.carmina.part.4.tess,theodulf_of_orleans,carmina,Carolingian,unknown,medieval,auto
theodulf_of_orleans.carmina.part.40.tess,theodulf_of_orleans,carmina,Carolingian,unknown,medieval,auto
theodulf_of_orleans.carmina.part.43.tess,theodulf_of_orleans,carmina,Carolingian,unknown,medieval,auto
theodulf_of_orleans.carmina.part.44.tess,theodulf_of_orleans,carmina,Carolingian,unknown,medieval,auto
theodulf_of_orleans.carmina.part.45.tess,theodulf_of_orleans,carmina,Carolingian,unknown,medieval,auto
theodulf_of_orleans.carmina.part.46.tess,theodulf_of_orleans,carmina,Carolingian,unknown,medieval,auto
theodulf_of_orleans.carmina.part.47.tess,theodulf_of_orleans,carmina,Carolingian,unknown,medieval,auto
theodulf_of_orleans.carmina.part.48.tess,theodulf_of_orleans,carmina,Carolingian,unknown,medieval,auto
theodulf_of_orleans.carmina.part.49.tess,theodulf_of_orleans,carmina,Carolingian,unknown,medieval,auto
theodulf_of_orleans.carmina.part.5.tess,theodulf_of_orleans,carmina,Carolingian,unknown,medieval,auto
theodulf_of_orleans.carmina.part.50.tess,theodulf_of_orleans,carmina,Carolingian,unknown,medieval,auto
theodulf_of_orleans.carmina.part.51.tess,theodulf_of_orleans,carmina,Carolingian,unknown,medieval,auto
theodulf_of_orleans.carmina.part.52.tess,theodulf_of_orleans,carmina,Carolingian,unknown,medieval,auto
theodulf_of_orleans.carmina.part.53.tess,theodulf_of_orleans,carmina,Carolingian,unknown,medieval,auto
theodulf_of_orleans.carmina.part.54.tess,theodulf_of_orleans,carmina,Carolingian,unknown,medieval,auto
theodulf_of_orleans.carmina.part.55.tess,theodulf_of_orleans,carmina,Carolingian,unknown,medieval,auto
theodulf_of_orleans.carmina.part.56.tess,theodulf_of_orleans,carmina,Carolingian,unknown,medieval,auto
theodulf_of_orleans.carmina.part.57.tess,theodulf_of_orleans,carmina,Carolingian,unknown,medieval,auto
theodulf_of_orleans.carmina.part.58.tess,theodulf_of_orleans,carmina,Carolingian,unknown,medieval,auto
theodulf_of_orleans.carmina.part.59.tess,theodulf_of_orleans,carmina,Carolingian,unknown,medieval,auto
theodulf_of_orleans.carmina.part.6.tess,theodulf_of_orleans,carmina,Carolingian,unknown,medieval,auto
theodulf_of_orleans.carmina.part.60.tess,theodulf_of_orleans,carmina,Carolingian,unknown,medieval,auto
theodulf_of_orleans.carmina.part.61.tess,theodulf_of_orleans,carmina,Carolingian,unknown,medieval,auto
theodulf_of_orleans.carmina.part.62.tess,theodulf_of_orleans,carmina,Carolingian,unknown,medieval,auto
theodulf_of_orleans.carmina.part.63.tess,theodulf_of_orleans,carmina,Carolingian,unknown,medieval,auto
theodulf_of_orleans.carmina.part.64.tess,theodulf_of_orleans,carmina,Carolingian,unknown,medieval,auto
theodulf_of_orleans.carmina.part.65.tess,theodulf_of_orleans,carmina,Carolingian,unknown,medieval,auto
theodulf_of_orleans.carmina.part.67.tess,theodulf_of_orleans,carmina,Carolingian,unknown,medieval,auto
theodulf_of_orleans.carmina.part.68.tess,theodulf_of_orleans,carmina,Carolingian,unknown,medieval,auto
theodulf_of_orleans.carmina.part.69.tess,theodulf_of_orleans,carmina,Carolingian,unknown,medieval,auto
theodulf_of_orleans.carmina.part.7.tess,theodulf_of_orleans,carmina,Carolingian,unknown,medieval,auto
theodulf_of_orleans.carmina.part.70.tess,theodulf_of_orleans,carmina,Carolingian,unknown,medieval,auto
theodulf_of_orleans.carmina.part.71.tess,theodulf_of_orleans,carmina,Carolingian,unknown,medieval,auto
theodulf_of_orleans.carmina.part.72.tess,theodulf_of_orleans,carmina,Carolingian,unknown,medieval,auto
theodulf_of_orleans.carmina.part.73.tess,theodulf_of_orleans,carmina,Carolingian,unknown,medieval,auto
theodulf_of_orleans.carmina.part.74.tess,theodulf_of_orleans,carmina,Carolingian,unknown,medieval,auto
theodulf_of_orleans.carmina.part.75.tess,theodulf_of_orleans,carmina,Carolingian,unknown,medieval,auto
theodulf_of_orleans.carmina.part.76.tess,theodulf_of_orleans,carmina,Carolingian,unknown,medieval,auto
theodulf_of_orleans.carmina.part.77.tess,theodulf_of_orleans,carmina,Carolingian,unknown,medieval,auto
theodulf_of_orleans.carmina.part.78.tess,theodulf_of_orleans,carmina,Carolingian,unknown,medieval,auto
theodulf_of_orleans.carmina.part.79.tess,theodulf_of_orleans,carmina,Carolingian,unknown,medieval,auto
theodulf_of_orleans.carmina.part.9.tess,theodulf_of_orleans,carmina,Carolingian,unknown,medieval,auto
theodulf_of_orleans.carmina.tess,theodulf_of_orleans,carmina,Carolingian,unknown,medieval,auto
theodulf_of_orleans.epitaphia.tess,theodulf_of_orleans,epitaphia,Carolingian,unknown,medieval,auto
tibullus.elegiae_1.tess,tibullus,elegiae_1,Augustan,hexameter,elegy,auto
tibullus.elegiae_2.tess,tibullus,elegiae_2,Augustan,hexameter,elegy,auto
tibullus.elegies.tess,tibullus,elegies,Augustan,elegiac,elegy,auto
unknown.corpus_scriptorum_ecclesiasticorum_latin.tess,unknown,corpus_scriptorum_ecclesiasticorum_latin,unknown,prose,unclassified,auto
valerius_flaccus.argonautica.part.1.tess,valerius_flaccus,argonautica,Early Imperial,hexameter,epic,auto
valerius_flaccus.argonautica.part.2.tess,valerius_flaccus,argonautica,Early Imperial,hexameter,epic,auto
valerius_flaccus.argonautica.part.3.tess,valerius_flaccus,argonautica,Early Imperial,hexameter,epic,auto
valerius_flaccus.argonautica.part.4.tess,valerius_flaccus,argonautica,Early Imperial,hexameter,epic,auto
valerius_flaccus.argonautica.part.5.tess,valerius_flaccus,argonautica,Early Imperial,hexameter,epic,auto
valerius_flaccus.argonautica.part.6.tess,valerius_flaccus,argonautica,Early Imperial,hexameter,epic,auto
valerius_flaccus.argonautica.part.7.tess,valerius_flaccus,argonautica,Early Imperial,hexameter,epic,auto
valerius_flaccus.argonautica.part.8.tess,valerius_flaccus,argonautica,Early Imperial,hexameter,epic,auto
valerius_flaccus.argonautica.tess,valerius_flaccus,argonautica,Early Imperial,hexameter,epic,auto
valerius_maximus.facta_et_dicta_memorabilia.tess,valerius_maximus,facta_et_dicta_memorabilia,Early Imperial,prose,historiography,auto
vergil.aeneid.part.1.tess,vergil,aeneid,Augustan,hexameter,epic,auto
vergil.aeneid.part.10.tess,vergil,aeneid,Augustan,hexameter,epic,auto
vergil.aeneid.part.11.tess,vergil,aeneid,Augustan,hexameter,epic,auto
vergil.aeneid.part.12.tess,vergil,aeneid,Augustan,hexameter,epic,auto
vergil.aeneid.part.2.tess,vergil,aeneid,Augustan,hexameter,epic,auto
vergil.aeneid.part.3.tess,vergil,aeneid,Augustan,hexameter,epic,auto
vergil.aeneid.part.4.tess,vergil,aeneid,Augustan,hexameter,epic,auto
vergil.aeneid.part.5.tess,vergil,aeneid,Augustan,hexameter,epic,auto
vergil.aeneid.part.6.tess,vergil,aeneid,Augustan,hexameter,epic,auto
vergil.aeneid.part.7.tess,vergil,aeneid,Augustan,hexameter,epic,auto
vergil.aeneid.part.8.tess,vergil,aeneid,Augustan,hexameter,epic,auto
vergil.aeneid.part.9.tess,vergil,aeneid,Augustan,hexameter,epic,auto
vergil.aeneid.tess,vergil,aeneid,Augustan,hexameter,epic,auto
vergil.eclogues.tess,vergil,eclogues,Augustan,hexameter,pastoral,auto
vergil.georgics.part.1.tess,vergil,georgics,Augustan,hexameter,didactic,auto
vergil.georgics.part.2.tess,vergil,georgics,Augustan,hexameter,didactic,auto
vergil.georgics.part.3.tess,vergil,georgics,Augustan,hexameter,didactic,auto
vergil.georgics.part.4.tess,vergil,georgics,Augustan,hexameter,didactic,auto
vergil.georgics.tess,vergil,georgics,Augustan,hexameter,didactic,auto
vergil_pseudo.aetna.tess,vergil_pseudo,aetna,Augustan,hexameter,epic,auto
vergil_pseudo.appendix_vergiliana_combined.tess,vergil_pseudo,appendix_vergiliana_combined,Augustan,elegiac,elegy,auto
vergil_pseudo.catalepton.tess,vergil_pseudo,catalepton,Augustan,lyric,lyric,auto
vergil_pseudo.ciris.tess,vergil_pseudo,ciris,Augustan,hexameter,epic,auto
vergil_pseudo.copa.tess,vergil_pseudo,copa,Augustan,lyric,lyric,auto
vergil_pseudo.culex.tess,vergil_pseudo,culex,Augustan,hexameter,epic,auto
vergil_pseudo.dirae.tess,vergil_pseudo,dirae,Augustan,hexameter,epic,auto
vergil_pseudo.elegiae_in_maecenatem.tess,vergil_pseudo,elegiae_in_maecenatem,Augustan,elegiac,elegy,auto
vergil_pseudo.lydia.tess,vergil_pseudo,lydia,Augustan,lyric,lyric,auto
vergil_pseudo.moretum.tess,vergil_pseudo,moretum,Augustan,lyric,lyric,auto
vergil_pseudo.priapea.tess,vergil_pseudo,priapea,Augustan,lyric,lyric,auto
victor_claudius_marius.alethia.tess,victor_claudius_marius,alethia,Late Antique,prose,epic,auto
victor_claudius_marius.commentariorum_in_genesim_libri_tres.tess,victor_claudius_marius,commentariorum_in_genesim_libri_tres,Late Antique,prose,epic,auto
victor_vitensis.historia_persecutionis_africanae_provinc.tess,victor_vitensis,historia_persecutionis_africanae_provinc,Late Antique,prose,theology,auto
victorinus.de_machabeis.tess,victorinus,de_machabeis,Later Imperial,prose,theology,auto
victorinus_saint_bishop_of_poetovio.commentarii_in_apocalypsin.tess,victorinus_saint_bishop_of_poetovio,commentarii_in_apocalypsin,Later Imperial,prose,theology,auto
vitensis.historia_persecutionic_africanae_proviniae.tess,vitensis,historia_persecutionic_africanae_proviniae,Late Antique,prose,theology,auto
vitensis_pseudo.notitia_provinciarum_et_civitatum_africae.tess,vitensis_pseudo,notitia_provinciarum_et_civitatum_africae,Late Antique,prose,theology,auto
vitruvius.de_architectura.tess,vitruvius,de_architectura,Augustan,prose,technical,auto
vulfinus_diensis.vita_marcelli_metrica.tess,vulfinus_diensis,vita_marcelli_metrica,Carolingian,unknown,medieval,auto
walafrid_strabo.de_cultu_hortorum_carmen.tess,walafrid_strabo,de_cultu_hortorum_carmen,Carolingian,unknown,medieval,auto
walafrid_strabo.de_vita_et_fine_mammae.tess,walafrid_strabo,de_vita_et_fine_mammae,Carolingian,unknown,medieval,auto
walafrid_strabo.in_natalem_s_mammetis_hymnus.tess,walafrid_strabo,in_natalem_s_mammetis_hymnus,Carolingian,unknown,medieval,auto
walafrid_strabo.visio_wettini.tess,walafrid_strabo,visio_wettini,Carolingian,hexameter,epic,auto
walafrid_strabo.vita_sancti_galli_confessoris.tess,walafrid_strabo,vita_sancti_galli_confessoris,Carolingian,unknown,medieval,auto
walahfrid_strabo.carmina.tess,walahfrid_strabo,carmina,Carolingian,unknown,medieval,auto
walahfrid_strabo.carminum_appendix.tess,walahfrid_strabo,carminum_appendix,Carolingian,unknown,medieval,auto
walahfrid_strabo.versus_de_Blaithmaic.tess,walahfrid_strabo,versus_de_Blaithmaic,Carolingian,unknown,medieval,auto
wandalbert.de_creatione_mundi.tess,wandalbert,de_creatione_mundi,Carolingian,unknown,medieval,auto
wandalbert.de_mensium_nominibus.tess,wandalbert,de_mensium_nominibus,Carolingian,unknown,medieval,auto
wandalbert.horarium.tess,wandalbert,horarium,Carolingian,unknown,medieval,auto
wandalbert.horologium.tess,wandalbert,horologium,Carolingian,unknown,medieval,auto
wandalbertus.martyrologium.tess,wandalbertus,martyrologium,Carolingian,unknown,medieval,auto
william_of_tyre.historia_rerum_in_partibus_transmarinis_gestarum.tess,william_of_tyre,historia_rerum_in_partibus_transmarinis_gestarum,Medieval,prose,historiography,auto
novum_testamentum.actus_apostolorum.tess,novum_testamentum,actus_apostolorum,Imperial,prose,biblical,rule_based
novum_testamentum.ad_colossenses.tess,novum_testamentum,ad_colossenses,Imperial,prose,biblical,rule_based
novum_testamentum.ad_corinthios_i.tess,novum_testamentum,ad_corinthios_i,Imperial,prose,biblical,rule_based
novum_testamentum.ad_corinthios_ii.tess,novum_testamentum,ad_corinthios_ii,Imperial,prose,biblical,rule_based
novum_testamentum.ad_ephesios.tess,novum_testamentum,ad_ephesios,Imperial,prose,biblical,rule_based
novum_testamentum.ad_galatas.tess,novum_testamentum,ad_galatas,Imperial,prose,biblical,rule_based
novum_testamentum.ad_hebraeos.tess,novum_testamentum,ad_hebraeos,Imperial,prose,biblical,rule_based
novum_testamentum.ad_philemonem.tess,novum_testamentum,ad_philemonem,Imperial,prose,biblical,rule_based
novum_testamentum.ad_philippenses.tess,novum_testamentum,ad_philippenses,Imperial,prose,biblical,rule_based
novum_testamentum.ad_romanos.tess,novum_testamentum,ad_romanos,Imperial,prose,biblical,rule_based
novum_testamentum.ad_thessalonicenses_i.tess,novum_testamentum,ad_thessalonicenses_i,Imperial,prose,biblical,rule_based
novum_testamentum.ad_thessalonicenses_ii.tess,novum_testamentum,ad_thessalonicenses_ii,Imperial,prose,biblical,rule_based
novum_testamentum.ad_timotheum_i.tess,novum_testamentum,ad_timotheum_i,Imperial,prose,biblical,rule_based
novum_testamentum.ad_timotheum_ii.tess,novum_testamentum,ad_timotheum_ii,Imperial,prose,biblical,rule_based
novum_testamentum.ad_titum.tess,novum_testamentum,ad_titum,Imperial,prose,biblical,rule_based
novum_testamentum.apocalypsis.tess,novum_testamentum,apocalypsis,Imperial,prose,biblical,rule_based
novum_testamentum.iacobi.tess,novum_testamentum,iacobi,Imperial,prose,biblical,rule_based
novum_testamentum.ioannes.tess,novum_testamentum,ioannes,Imperial,prose,biblical,rule_based
novum_testamentum.ioannis_i.tess,novum_testamentum,ioannis_i,Imperial,prose,biblical,rule_based
novum_testamentum.ioannis_ii.tess,novum_testamentum,ioannis_ii,Imperial,prose,biblical,rule_based
novum_testamentum.ioannis_iii.tess,novum_testamentum,ioannis_iii,Imperial,prose,biblical,rule_based
novum_testamentum.iudae.tess,novum_testamentum,iudae,Imperial,prose,biblical,rule_based
novum_testamentum.lucas.tess,novum_testamentum,lucas,Imperial,prose,biblical,rule_based
novum_testamentum.marcus.tess,novum_testamentum,marcus,Imperial,prose,biblical,rule_based
novum_testamentum.matthaeus.tess,novum_testamentum,matthaeus,Imperial,prose,biblical,rule_based
novum_testamentum.petri_i.tess,novum_testamentum,petri_i,Imperial,prose,biblical,rule_based
novum_testamentum.petri_ii.tess,novum_testamentum,petri_ii,Imperial,prose,biblical,rule_based
septuaginta.abdias.tess,septuaginta,abdias,Hellenistic,prose,biblical,rule_based
septuaginta.aggaeus.tess,septuaginta,aggaeus,Hellenistic,prose,biblical,rule_based
septuaginta.amos.tess,septuaginta,amos,Hellenistic,prose,biblical,rule_based
septuaginta.arithmoi.tess,septuaginta,arithmoi,Hellenistic,prose,biblical,rule_based
septuaginta.baruch.tess,septuaginta,baruch,Hellenistic,prose,biblical,rule_based
septuaginta.basileion_a.tess,septuaginta,basileion_a,Hellenistic,prose,biblical,rule_based
septuaginta.basileion_b.tess,septuaginta,basileion_b,Hellenistic,prose,biblical,rule_based
septuaginta.basileion_d.tess,septuaginta,basileion_d,Hellenistic,prose,biblical,rule_based
septuaginta.basileion_g.tess,septuaginta,basileion_g,Hellenistic,prose,biblical,rule_based
septuaginta.bel_et_draco_theodotionis.tess,septuaginta,bel_et_draco_theodotionis,Hellenistic,prose,biblical,rule_based
septuaginta.bel_et_draco_translatio_graeca.tess,septuaginta,bel_et_draco_translatio_graeca,Hellenistic,prose,biblical,rule_based
septuaginta.canticum.tess,septuaginta,canticum,Hellenistic,prose,biblical,rule_based
septuaginta.daniel_theodotionis.tess,septuaginta,daniel_theodotionis,Hellenistic,prose,biblical,rule_based
septuaginta.daniel_translatio_graeca.tess,septuaginta,daniel_translatio_graeca,Hellenistic,prose,biblical,rule_based
septuaginta.deuteronomion.tess,septuaginta,deuteronomion,Hellenistic,prose,biblical,rule_based
septuaginta.ecclesiasticus.tess,septuaginta,ecclesiasticus,Hellenistic,prose,biblical,rule_based
septuaginta.epistula_jeremiae.tess,septuaginta,epistula_jeremiae,Hellenistic,prose,biblical,rule_based
septuaginta.esdras_a.tess,septuaginta,esdras_a,Hellenistic,prose,biblical,rule_based
septuaginta.esdras_b.tess,septuaginta,esdras_b,Hellenistic,prose,biblical,rule_based
septuaginta.esther.tess,septuaginta,esther,Hellenistic,prose,biblical,rule_based
septuaginta.exodus.tess,septuaginta,exodus,Hellenistic,prose,biblical,rule_based
septuaginta.ezechiel.tess,septuaginta,ezechiel,Hellenistic,prose,biblical,rule_based
septuaginta.genesis.tess,septuaginta,genesis,Hellenistic,prose,biblical,rule_based
septuaginta.habacuc.tess,septuaginta,habacuc,Hellenistic,prose,biblical,rule_based
septuaginta.isaias.tess,septuaginta,isaias,Hellenistic,prose,biblical,rule_based
septuaginta.jeremias.tess,septuaginta,jeremias,Hellenistic,prose,biblical,rule_based
septuaginta.job.tess,septuaginta,job,Hellenistic,prose,biblical,rule_based
septuaginta.joel.tess,septuaginta,joel,Hellenistic,prose,biblical,rule_based
septuaginta.jonas.tess,septuaginta,jonas,Hellenistic,prose,biblical,rule_based
septuaginta.josue.tess,septuaginta,josue,Hellenistic,prose,biblical,rule_based
septuaginta.judith.tess,septuaginta,judith,Hellenistic,prose,biblical,rule_based
septuaginta.kritai.tess,septuaginta,kritai,Hellenistic,prose,biblical,rule_based
septuaginta.levitikon.tess,septuaginta,levitikon,Hellenistic,prose,biblical,rule_based
septuaginta.machabaeorum_b.tess,septuaginta,machabaeorum_b,Hellenistic,prose,biblical,rule_based
septuaginta.machabaeorum_d.tess,septuaginta,machabaeorum_d,Hellenistic,prose,biblical,rule_based
septuaginta.machabaeorum_g.tess,septuaginta,machabaeorum_g,Hellenistic,prose,biblical,rule_based
septuaginta.machabaeorum_i.tess,septuaginta,machabaeorum_i,Hellenistic,prose,biblical,rule_based
septuaginta.malachias.tess,septuaginta,malachias,Hellenistic,prose,biblical,rule_based
septuaginta.michaeas.tess,septuaginta,michaeas,Hellenistic,prose,biblical,rule_based
septuaginta.nahum.tess,septuaginta,nahum,Hellenistic,prose,biblical,rule_based
septuaginta.odae.tess,septuaginta,odae,Hellenistic,prose,biblical,rule_based
septuaginta.osee.tess,septuaginta,osee,Hellenistic,prose,biblical,rule_based
septuaginta.paralipomenon_b.tess,septuaginta,paralipomenon_b,Hellenistic,prose,biblical,rule_based
septuaginta.paralipomenon_i_sive_chronicon_i.tess,septuaginta,paralipomenon_i_sive_chronicon_i,Hellenistic,prose,biblical,rule_based
septuaginta.proverbia.tess,septuaginta,proverbia,Hellenistic,prose,biblical,rule_based
septuaginta.psalmi_salomonis.tess,septuaginta,psalmi_salomonis,Hellenistic,prose,biblical,rule_based
septuaginta.psalmi.tess,septuaginta,psalmi,Hellenistic,prose,biblical,rule_based
septuaginta.ruth.tess,septuaginta,ruth,Hellenistic,prose,biblical,rule_based
septuaginta.sapientia_salomonis.tess,septuaginta,sapientia_salomonis,Hellenistic,prose,biblical,rule_based
septuaginta.sophonias.tess,septuaginta,sophonias,Hellenistic,prose,biblical,rule_based
septuaginta.susanna_theodotionis.tess,septuaginta,susanna_theodotionis,Hellenistic,prose,biblical,rule_based
septuaginta.susanna_translatio_graeca.tess,septuaginta,susanna_translatio_graeca,Hellenistic,prose,biblical,rule_based
septuaginta.threni_seu_lamentationes.tess,septuaginta,threni_seu_lamentationes,Hellenistic,prose,biblical,rule_based
septuaginta.tobias.tess,septuaginta,tobias,Hellenistic,prose,biblical,rule_based
septuaginta.zacharias.tess,septuaginta,zacharias,Hellenistic,prose,biblical,rule_based
varro.de_lingua_latina.tess,varro,de_lingua_latina,Republic,prose,technical,editorial
varro.res_rusticae.tess,varro,res_rusticae,Republic,prose,technical,editorial
hyginus.astronomica.tess,hyginus,astronomica,Early Imperial,prose,technical,editorial
hyginus.fabulae.tess,hyginus,fabulae,Early Imperial,prose,technical,editorial
justin.epitome.tess,justin,epitome,Later Imperial,prose,historiography,editorial
velleius_paterculus.historiae_romanae.tess,velleius_paterculus,historiae_romanae,Early Imperial,prose,historiography,editorial
frontinus.strategemata.tess,frontinus,strategemata,Early Imperial,prose,technical,editorial
frontinus.de_aquis.tess,frontinus,de_aquis,Early Imperial,prose,technical,editorial
pomponius_mela.de_chorographia.tess,pomponius_mela,de_chorographia,Early Imperial,prose,technical,editorial
sidonius.epistulae.tess,sidonius,epistulae,Late Antique,prose,epistolary,editorial
sidonius.carmina.tess,sidonius,carmina,Late Antique,mixed,panegyric,editorial
isidore.etymologiae.tess,isidore,etymologiae,Early Medieval,prose,technical,editorial
petrarch.africa.tess,petrarch,africa,Renaissance,hexameter,epic,editorial
fronto.epistulae.tess,fronto,epistulae,Later Imperial,prose,epistolary,editorial
nemesianus.eclogae.tess,nemesianus,eclogae,Later Imperial,hexameter,pastoral,editorial
nemesianus.cynegetica.tess,nemesianus,cynegetica,Later Imperial,hexameter,didactic,editorial
nemesianus_pseudo.de_aucupio.tess,nemesianus_pseudo,de_aucupio,Later Imperial,hexameter,didactic,editorial
symmachus.epistulae.tess,symmachus,epistulae,Late Antique,prose,epistolary,editorial
abelard.historia_calamitatum.tess,abelard,historia_calamitatum,Medieval,prose,epistolary,editorial
abelard.epistolae.tess,abelard,epistolae,Medieval,prose,epistolary,editorial
gregorius_magnus.dialogi.tess,gregorius_magnus,dialogi,Early Medieval,prose,theology,editorial
gregorius_magnus.regula_pastoralis.tess,gregorius_magnus,regula_pastoralis,Early Medieval,prose,theology,editorial
