hebrew_csv,hebrew,latin,co,he_verses,la_verses,total_verses
אב,אב,pater,868,1058,926,22548
אב,אב,genitor,1,1058,1,22548
אב,אב,parens,8,1058,9,22548
אב,אב,paternus,1,1058,1,22548
אב,אב,patri,0,1058,0,22548
אב,אב,patrem,0,1058,0,22548
אב,אב,patris,0,1058,0,22548
אב,אב,mos,6,1058,28,22548
אב,אב,consuetudo,2,1058,12,22548
אב,אב,patrimonium,0,1058,0,22548
אב,אב,patrius,0,1058,0,22548
אבא,אבא,intro,0,0,94,22548
אבא,אבא,introeo,0,0,36,22548
אבא,אבא,ingredior,0,0,482,22548
אבא,אבא,subeo,0,0,2,22548
אבד,אבד,pereo,90,173,156,22548
אבד,אבד,perdo,36,173,60,22548
אבד,אבד,amitto,0,173,4,22548
אבד,אבד,mors,2,173,197,22548
אבד,אבד,deleo,11,173,128,22548
אבד,אבד,intereo,2,173,35,22548
אבד,אבד,ruina,1,173,51,22548
אבד,אבד,disperdo,18,173,76,22548
אבד,אבד,interfacio,4,173,149,22548
אבד,אבד,morior,6,173,469,22548
אבד,אבד,exitium,0,173,0,22548
אבד,אבד,occido,1,173,196,22548
אבד,אבד,perditio,4,173,22,22548
אבד,אבד,occaedes,1,173,26,22548
אבד,אבד,corrumpo,1,173,13,22548
אבד,אבד,perimo,0,173,0,22548
אבדתמ,אבדתם,pereo,0,0,156,22548
אבדתמ,אבדתם,perdo,0,0,60,22548
אבדתמ,אבדתם,amitto,0,0,4,22548
אבדתמ,אבדתם,mors,0,0,197,22548
אבדתמ,אבדתם,deleo,0,0,128,22548
אבדתמ,אבדתם,intereo,0,0,35,22548
אבדתמ,אבדתם,ruina,0,0,51,22548
אבדתמ,אבדתם,disperdo,0,0,76,22548
אבדתמ,אבדתם,interfacio,0,0,149,22548
אבדתמ,אבדתם,morior,0,0,469,22548
אבדתמ,אבדתם,exitium,0,0,0,22548
אבדתמ,אבדתם,occido,0,0,196,22548
אבה,אבה,uolo,6,53,226,22548
אבה,אבה,difficultas,0,53,2,22548
אבה,אבה,egestas,0,53,23,22548
אבה,אבה,uix,0,53,5,22548
אבה,אבה,paupertas,0,53,8,22548
אבה,אבה,difficilis,0,53,13,22548
אבה,אבה,cupio,0,53,15,22548
אבה,אבה,opto,0,53,2,22548
אבה,אבה,utinam,0,53,24,22548
אבה,אבה,uoluntas,0,53,66,22548
אבה,אבה,placeo,0,53,142,22548
אבה,אבה,quasi,1,53,708,22548
אבה,אבה,sicut,4,53,851,22548
אבה,אבה,cupiditas,0,53,1,22548
אבה,אבה,similis,0,53,91,22548
אבה,אבה,eligo,0,53,209,22548
אבה,אבה,deligo,0,53,0,22548
אבה,אבה,lubet,0,53,0,22548
אבה,אבה,obsecro,0,53,73,22548
אבה,אבה,ligo,0,53,42,22548
אבה,אבה,uincio,0,53,35,22548
אבה,אבה,necto,0,53,2,22548
אבה,אבה,opus,0,53,417,22548
אבה,אבה,postulo,0,53,39,22548
אבה,אבה,rogo,1,53,51,22548
אבה,אבה,peto,0,53,48,22548
אבה,אבה,oro,0,53,95,22548
אבה,אבה,necesse,0,53,10,22548
אבה,אבה,quaero,1,53,249,22548
אבה,אבה,quaeso,0,53,25,22548
אבה,אבה,necessarius,0,53,24,22548
אבה,אבה,interrogo,0,53,79,22548
אבה,אבה,desidero,0,53,42,22548
אבה,אבה,recuso,0,53,1,22548
אבה,אבה,nolo,39,53,343,22548
אבה,אבה,inopia,0,53,11,22548
אבהת,אבהת,pater,0,0,926,22548
אבהת,אבהת,genitor,0,0,1,22548
אבהת,אבהת,parens,0,0,9,22548
אבהת,אבהת,paternus,0,0,1,22548
אבהת,אבהת,patri,0,0,0,22548
אבהת,אבהת,patrem,0,0,0,22548
אבהת,אבהת,patris,0,0,0,22548
אבו,אבו,uolo,0,0,226,22548
אבו,אבו,cupio,0,0,15,22548
אבו,אבו,opto,0,0,2,22548
אבו,אבו,utinam,0,0,24,22548
אבו,אבו,uoluntas,0,0,66,22548
אבו,אבו,placeo,0,0,142,22548
אבו,אבו,quasi,0,0,708,22548
אבו,אבו,sicut,0,0,851,22548
אבו,אבו,cupiditas,0,0,1,22548
אבו,אבו,similis,0,0,91,22548
אבו,אבו,eligo,0,0,209,22548
אבו,אבו,deligo,0,0,0,22548
אבו,אבו,lubet,0,0,0,22548
אבו,אבו,obsecro,0,0,73,22548
אבו,אבו,pater,0,0,926,22548
אבו,אבו,genitor,0,0,1,22548
אבו,אבו,parens,0,0,9,22548
אבו,אבו,paternus,0,0,1,22548
אבו,אבו,patri,0,0,0,22548
אבו,אבו,patrem,0,0,0,22548
אבו,אבו,patris,0,0,0,22548
אבוא,אבוא,intro,0,0,94,22548
אבוא,אבוא,introeo,0,0,36,22548
אבוא,אבוא,ingredior,0,0,482,22548
אבוא,אבוא,subeo,0,0,2,22548
אבוא,אבוא,redeo,0,0,30,22548
אבוא,אבוא,reuorto,0,0,75,22548
אבוא,אבוא,uenio,0,0,1274,22548
אבוס,אבוס,patina,0,3,0,22548
אבות,אבות,pater,0,0,926,22548
אבות,אבות,genitor,0,0,1,22548
אבות,אבות,parens,0,0,9,22548
אבות,אבות,paternus,0,0,1,22548
אבות,אבות,patri,0,0,0,22548
אבות,אבות,patrem,0,0,0,22548
אבות,אבות,patris,0,0,0,22548
אבות,אבות,descensus,0,0,0,22548
אבחר,אבחר,excerpo,0,0,0,22548
אבי,אבי,pater,0,0,926,22548
אבי,אבי,genitor,0,0,1,22548
אבי,אבי,parens,0,0,9,22548
אבי,אבי,paternus,0,0,1,22548
אבי,אבי,patri,0,0,0,22548
אבי,אבי,patrem,0,0,0,22548
אבי,אבי,patris,0,0,0,22548
אבי,אבי,patricus,0,0,0,22548
אבי,אבי,filius,0,0,3345,22548
אבי,אבי,natus,0,0,2,22548
אבי,אבי,gnatus,0,0,0,22548
אבי,אבי,progenies,0,0,12,22548
אבי,אבי,proles,0,0,0,22548
אבי,אבי,nascor,0,0,103,22548
אבי,אבי,filium,0,0,0,22548
אבי,אבי,filii,0,0,0,22548
אבי,אבי,filio,0,0,0,22548
אביא,אביא,duco,0,0,179,22548
אביא,אביא,ago,0,0,146,22548
אביא,אביא,affero,0,0,107,22548
אביא,אביא,adduco,0,0,215,22548
אביא,אביא,educo,0,0,242,22548
אביא,אביא,fero,0,0,342,22548
אביא,אביא,deduco,0,0,50,22548
אביא,אביא,induco,0,0,68,22548
אביא,אביא,defero,0,0,42,22548
אביא,אביא,introduco,0,0,83,22548
אביא,אביא,infero,0,0,73,22548
אביא,אביא,offertor,0,0,153,22548
אביא,אביא,plumbum,0,0,7,22548
אביא,אביא,attulo,0,0,0,22548
אביב,אביב,nauis,0,7,27,22548
אביב,אביב,puppis,0,7,0,22548
אביב,אביב,carina,0,7,0,22548
אביב,אביב,ratis,0,7,2,22548
אביב,אביב,classis,0,7,8,22548
אביב,אביב,uasum,0,7,0,22548
אביב,אביב,naui,0,7,0,22548
אביב,אביב,nauem,0,7,0,22548
אביב,אביב,mensis,4,7,208,22548
אביון,אביון,pauper,54,57,150,22548
אביון,אביון,miser,0,57,7,22548
אביון,אביון,inops,9,57,13,22548
אביון,אביון,paupertinus,0,57,0,22548
אביון,אביון,mendicus,2,57,2,22548
אביונ,אביון,inopia,1,57,11,22548
אביונ,אביון,miser,0,57,7,22548
אביונ,אביון,pauper,54,57,150,22548
אביונ,אביון,mendicus,2,57,2,22548
אבים,אבים,regno,3,4,216,22548
אבים,אבים,rex,1,4,1935,22548
אבינדב,אבינדב,arca,4,12,194,22548
אביר,אביר,dea,0,22,2,22548
אביר,אביר,caelum,0,22,393,22548
אביר,אביר,caelus,0,22,0,22548
אביר,אביר,hercules,0,22,0,22548
אביר,אביר,deus,2,22,2682,22548
אביר,אביר,deum,0,22,0,22548
אביר,אביר,dei,0,22,0,22548
אביר,אביר,deo,0,22,0,22548
אביר,אביר,numen,0,22,0,22548
אביר,אביר,diuus,0,22,0,22548
אביר,אביר,uis,0,22,73,22548
אביר,אביר,robur,0,22,46,22548
אביר,אביר,fortitudo,1,22,232,22548
אביר,אביר,potentia,0,22,17,22548
אבירימ,אבירים,taurus,0,0,20,22548
אבירימ,אבירים,bos,0,0,182,22548
אבירימ,אבירים,uitulus,0,0,128,22548
אבירימ,אבירים,taurinus,0,0,0,22548
אבל,אבל,plenus,0,86,117,22548
אבל,אבל,quidem,0,86,63,22548
אבל,אבל,quamuis,0,86,1,22548
אבל,אבל,lugeo,27,86,31,22548
אבל,אבל,maereo,4,86,19,22548
אבל,אבל,luctus,15,86,20,22548
אבל,אבל,maeror,2,86,12,22548
אבל,אבל,dolor,2,86,77,22548
אבל,אבל,porta,3,86,286,22548
אבל,אבל,ianua,1,86,13,22548
אבל,אבל,fores,0,86,12,22548
אבל,אבל,limen,0,86,18,22548
אבל,אבל,ostium,0,86,132,22548
אבל,אבל,portae,0,86,0,22548
אבן,אבן,lapis,172,240,216,22548
אבן,אבן,saxum,8,240,12,22548
אבן,אבן,marmor,3,240,4,22548
אבן,אבן,marmoreus,0,240,2,22548
אבן,אבן,gemma,12,240,19,22548
אבן,אבן,petrinus,0,240,0,22548
אבנ,אבן,lapis,172,240,216,22548
אבנ,אבן,saxum,8,240,12,22548
אבנ,אבן,marmor,3,240,4,22548
אבנ,אבן,marmoreus,0,240,2,22548
אבנ,אבן,gemma,12,240,19,22548
אבנ,אבן,petrinus,0,240,0,22548
אבנה,אבנה,materio,0,0,1,22548
אבנה,אבנה,aedifico,0,0,312,22548
אבנט,אבנט,cingulum,1,9,2,22548
אבנט,אבנט,balteus,5,9,16,22548
אבנט,אבנט,zona,1,9,3,22548
אבנט,אבנט,tunica,7,9,38,22548
אבנט,אבנט,tunico,0,9,0,22548
אבני,אבני,lapis,0,0,216,22548
אבני,אבני,saxum,0,0,12,22548
אבני,אבני,marmor,0,0,4,22548
אבני,אבני,marmoreus,0,0,2,22548
אבני,אבני,gemma,0,0,19,22548
אבני,אבני,petrinus,0,0,0,22548
אבנימ,אבנים,lapis,0,0,216,22548
אבנימ,אבנים,saxum,0,0,12,22548
אבנימ,אבנים,marmor,0,0,4,22548
אבנימ,אבנים,marmoreus,0,0,2,22548
אבנימ,אבנים,gemma,0,0,19,22548
אבנימ,אבנים,petrinus,0,0,0,22548
אבעא,אבעא,peto,0,0,48,22548
אבעא,אבעא,quaero,0,0,249,22548
אבק,אבק,puluereus,0,8,0,22548
אבק,אבק,luctor,0,8,1,22548
אבק,אבק,debilis,0,8,6,22548
אבקש,אבקש,reflagito,0,0,0,22548
אבקש,אבקש,peto,0,0,48,22548
אבקש,אבקש,quaero,0,0,249,22548
אבקשה,אבקשה,peto,0,0,48,22548
אבקשה,אבקשה,quaero,0,0,249,22548
אבר,אבר,ala,2,4,45,22548
אבר,אבר,columna,0,4,73,22548
אבר,אבר,penna,0,4,2,22548
אבר,אבר,cornu,0,4,61,22548
אברה,אברה,edo,0,4,26,22548
אברה,אברה,comedo,0,4,313,22548
אברה,אברה,uescor,0,4,9,22548
אברה,אברה,manduco,0,4,6,22548
אברה,אברה,ala,2,4,45,22548
אברה,אברה,columna,0,4,73,22548
אברה,אברה,penna,1,4,2,22548
אברה,אברה,cornu,0,4,61,22548
אברכ,אברך,benedico,0,1,198,22548
אברכה,אברכה,benedico,0,0,198,22548
אבת,אבת,pater,0,6,926,22548
אבת,אבת,genitor,0,6,1,22548
אבת,אבת,parens,0,6,9,22548
אבת,אבת,paternus,0,6,1,22548
אבת,אבת,patri,0,6,0,22548
אבת,אבת,patrem,0,6,0,22548
אבת,אבת,patris,0,6,0,22548
אבת,אבת,abito,0,6,9,22548
אגיד,אגיד,fama,0,0,14,22548
אגיד,אגיד,rumor,0,0,1,22548
אגיד,אגיד,defero,0,0,42,22548
אגיד,אגיד,nuntio,0,0,122,22548
אגידה,אגידה,fama,0,0,14,22548
אגידה,אגידה,rumor,0,0,1,22548
אגידה,אגידה,defero,0,0,42,22548
אגידה,אגידה,nuntio,0,0,122,22548
אגם,אגם,capio,1,9,207,22548
אגם,אגם,sumo,0,9,94,22548
אגם,אגם,rapio,0,9,41,22548
אגם,אגם,tollo,1,9,238,22548
אגם,אגם,uolo,0,9,226,22548
אגם,אגם,eligo,0,9,209,22548
אגם,אגם,malo,0,9,0,22548
אגם,אגם,deligo,0,9,0,22548
אגם,אגם,antepono,0,9,0,22548
אגם,אגם,flumen,2,9,101,22548
אגם,אגם,fluuius,1,9,63,22548
אגם,אגם,amnis,0,9,4,22548
אגמ,אגם,capio,1,9,207,22548
אגמ,אגם,sumo,0,9,94,22548
אגמ,אגם,rapio,0,9,41,22548
אגמ,אגם,tollo,1,9,238,22548
אגמ,אגם,uolo,0,9,226,22548
אגמ,אגם,eligo,0,9,209,22548
אגמ,אגם,malo,0,9,0,22548
אגמ,אגם,deligo,0,9,0,22548
אגמ,אגם,antepono,0,9,0,22548
אגמ,אגם,lacus,1,9,32,22548
אגמ,אגם,palus,4,9,6,22548
אגמ,אגם,stagnum,3,9,9,22548
אגמון,אגמון,ruo,0,5,18,22548
אגמון,אגמון,irruo,0,5,29,22548
אגמון,אגמון,impetum facio,0,5,0,22548
אגמון,אגמון,feror,0,5,0,22548
אגמון,אגמון,proficiscor,0,5,79,22548
אגמימ,אגמים,capio,0,0,207,22548
אגמימ,אגמים,sumo,0,0,94,22548
אגמימ,אגמים,rapio,0,0,41,22548
אגמימ,אגמים,tollo,0,0,238,22548
אגמימ,אגמים,uolo,0,0,226,22548
אגמימ,אגמים,eligo,0,0,209,22548
אגמימ,אגמים,malo,0,0,0,22548
אגמימ,אגמים,deligo,0,0,0,22548
אגמימ,אגמים,antepono,0,0,0,22548
אגן,אגן,crater,0,3,1,22548
אגן,אגן,poculum,0,3,6,22548
אגן,אגן,uillum,0,3,0,22548
אגן,אגן,patera,0,3,0,22548
אגן,אגן,phiala,0,3,0,22548
אגן,אגן,calix,0,3,23,22548
אגף,אגף,exercitus,1,6,467,22548
אגף,אגף,copia,0,6,6,22548
אגף,אגף,miles,0,6,23,22548
אגף,אגף,merito,0,6,0,22548
אגרטל,אגרטל,panarium,0,1,0,22548
אגרטל,אגרטל,cophinus,0,1,0,22548
אגרש,אגרש,eicio,0,0,79,22548
אגרש,אגרש,expello,0,0,16,22548
אגרש,אגרש,eiecto,0,0,0,22548
אדב,אדב,appello,0,1,48,22548
אדב,אדב,nomino,0,1,16,22548
אדב,אדב,nomen,0,1,730,22548
אדב,אדב,inuito,0,1,5,22548
אדב,אדב,uoco,0,1,413,22548
אדב,אדב,hortor,0,1,1,22548
אדב,אדב,uolo,0,1,226,22548
אדב,אדב,oro,0,1,95,22548
אדב,אדב,obsecro,0,1,73,22548
אדב,אדב,rogo,0,1,51,22548
אדב,אדב,peto,0,1,48,22548
אדבר,אדבר,loquor,0,0,1092,22548
אדבר,אדבר,fabulor,0,0,0,22548
אדברה,אדברה,loquor,0,0,1092,22548
אדברה,אדברה,fabulor,0,0,0,22548
אדומ,אדום,filius,20,93,3345,22548
אדומ,אדום,natus,0,93,2,22548
אדומ,אדום,gnatus,0,93,0,22548
אדומ,אדום,progenies,0,93,12,22548
אדומ,אדום,proles,0,93,0,22548
אדומ,אדום,nascor,0,93,103,22548
אדומ,אדום,filium,0,93,0,22548
אדומ,אדום,filii,0,93,0,22548
אדומ,אדום,filio,0,93,0,22548
אדונ,אדון,dominus,255,285,5912,22548
אדונ,אדון,erus,0,285,0,22548
אדונ,אדון,erilis,0,285,0,22548
אדונ,אדון,magister,0,285,30,22548
אדונ,אדון,auctoritas,0,285,1,22548
אדונ,אדון,potestas,1,285,42,22548
אדיר,אדיר,mirabilis,0,25,60,22548
אדיר,אדיר,durus,0,25,46,22548
אדיר,אדיר,fortis,2,25,262,22548
אדיר,אדיר,ualidus,0,25,15,22548
אדיר,אדיר,trux,0,25,0,22548
אדם,אדם,humanus,5,555,7,22548
אדם,אדם,humano,0,555,0,22548
אדם,אדם,populus,17,555,1560,22548
אדם,אדם,qui,162,555,6495,22548
אדם,אדם,iste,25,555,633,22548
אדם,אדם,orbis,1,555,39,22548
אדם,אדם,plebs,1,555,19,22548
אדם,אדם,mundum,0,555,0,22548
אדם,אדם,uir,54,555,1154,22548
אדם,אדם,homo,438,555,780,22548
אדמ,אדם,heros,0,555,0,22548
אדמ,אדם,qui,162,555,6495,22548
אדמ,אדם,iste,25,555,633,22548
אדמ,אדם,maritus,0,555,29,22548
אדמ,אדם,uir,54,555,1154,22548
אדמ,אדם,homo,438,555,780,22548
אדמ,אדם,uiri,0,555,0,22548
אדמ,אדם,uirum,0,555,0,22548
אדמ,אדם,uiro,0,555,0,22548
אדמ,אדם,populus,17,555,1560,22548
אדמ,אדם,humanus,5,555,7,22548
אדמ,אדם,orbis,1,555,39,22548
אדמ,אדם,plebs,1,555,19,22548
אדמ,אדם,mundum,0,555,0,22548
אדמ,אדם,sardius,3,555,3,22548
אדמדם,אדמדם,cutis,1,6,22,22548
אדמדם,אדמדם,pellis,0,6,45,22548
אדמדם,אדמדם,corium,0,6,1,22548
אדמדם,אדמדם,tergus,0,6,0,22548
אדמדם,אדמדם,abscondo,0,6,141,22548
אדמדם,אדמדם,membrana,0,6,0,22548
אדמדם,אדמדם,lepra,2,6,52,22548
אדמדם,אדמדם,albus,4,6,15,22548
אדמדם,אדמדם,candidus,0,6,5,22548
אדמדם,אדמדם,lelepris,0,6,0,22548
אדמדם,אדמדם,ophthalmias,0,6,0,22548
אדמי,אדמי,scopulae,0,12,0,22548
אדמי,אדמי,othonna,0,12,0,22548
אדמי,אדמי,yria,0,12,0,22548
אדמני,אדמני,ruber,0,3,16,22548
אדמני,אדמני,rufus,3,3,10,22548
אדמני,אדמני,rubeus,0,3,0,22548
אדמני,אדמני,burrus,0,3,0,22548
אדמני,אדמני,russus,0,3,0,22548
אדמת,אדמת,regio,0,0,158,22548
אדמת,אדמת,terra,0,0,2254,22548
אדמת,אדמת,locus,0,0,513,22548
אדמת,אדמת,finis,0,0,137,22548
אדמת,אדמת,ager,0,0,214,22548
אדמת,אדמת,rus,0,0,1,22548
אדן,אדן,basium,0,40,1,22548
אדן,אדן,scala,0,40,2,22548
אדן,אדן,iudicium,0,40,361,22548
אדן,אדן,atrium,9,40,100,22548
אדן,אדן,aula,0,40,3,22548
אדן,אדן,cubitus,0,40,4,22548
אדן,אדן,cubitum,6,40,106,22548
אדן,אדן,phalangae,0,40,0,22548
אדן,אדן,aureus,3,40,142,22548
אדן,אדן,aurum,1,40,229,22548
אדנ,אדן,dominus,1,40,5912,22548
אדנ,אדן,auctoritas,0,40,1,22548
אדנ,אדן,erus,0,40,0,22548
אדנ,אדן,potestas,0,40,42,22548
אדנ,אדן,filia,0,40,448,22548
אדנ,אדן,nascor,0,40,103,22548
אדנ,אדן,puer,0,40,220,22548
אדנ,אדן,pueri,0,40,0,22548
אדנ,אדן,puerum,0,40,0,22548
אדנ,אדן,natus,0,40,2,22548
אדנ,אדן,filius,0,40,3345,22548
אדני,אדני,dominus,405,414,5912,22548
אדני,אדני,erus,0,414,0,22548
אדני,אדני,erilis,0,414,0,22548
אדני,אדני,magister,1,414,30,22548
אדני,אדני,dea,0,414,2,22548
אדני,אדני,caelum,5,414,393,22548
אדני,אדני,caelus,0,414,0,22548
אדני,אדני,hercules,0,414,0,22548
אדני,אדני,deus,301,414,2682,22548
אדני,אדני,deum,0,414,0,22548
אדני,אדני,dei,0,414,0,22548
אדני,אדני,deo,0,414,0,22548
אדני,אדני,numen,0,414,0,22548
אדני,אדני,diuus,0,414,0,22548
אדני,אדני,auctoritas,0,414,1,22548
אדני,אדני,potestas,0,414,42,22548
אדנימ,אדנים,dominus,0,0,5912,22548
אדנימ,אדנים,auctoritas,0,0,1,22548
אדנימ,אדנים,erus,0,0,0,22548
אדנימ,אדנים,potestas,0,0,42,22548
אדע,אדע,nosco,0,0,122,22548
אדע,אדע,cognosco,0,0,131,22548
אדע,אדע,scio,0,0,334,22548
אדע,אדע,intellego,0,0,136,22548
אדע,אדע,scientia,0,0,76,22548
אדע,אדע,statuo,0,0,62,22548
אדעה,אדעה,nosco,0,0,122,22548
אדעה,אדעה,cognosco,0,0,131,22548
אדעה,אדעה,scio,0,0,334,22548
אדעה,אדעה,intellego,0,0,136,22548
אדעה,אדעה,scientia,0,0,76,22548
אדעה,אדעה,statuo,0,0,62,22548
אדר,אדר,lacrimosus,0,20,0,22548
אדר,אדר,termino,0,20,2,22548
אדרגזרי,אדרגזרי,duco,0,0,179,22548
אדרגזרי,אדרגזרי,praecedo,0,0,44,22548
אדרגזרי,אדרגזרי,credo,0,0,59,22548
אדרגזרי,אדרגזרי,considero,0,0,76,22548
אדרגזרי,אדרגזרי,existimo,0,0,1,22548
אדרגזרי,אדרגזרי,iudico,0,0,181,22548
אדרגזרי,אדרגזרי,teneo,0,0,116,22548
אדרש,אדרש,reflagito,0,0,0,22548
אהב,אהב,amo,17,186,68,22548
אהב,אהב,diligo,118,186,173,22548
אהב,אהב,amor,4,186,13,22548
אהב,אהב,contentus,0,186,2,22548
אהב,אהב,soleo,0,186,51,22548
אהב,אהב,caritas,1,186,9,22548
אהב,אהב,osculum,1,186,4,22548
אהב,אהב,amicus,18,186,104,22548
אהב,אהב,carus,2,186,4,22548
אהב,אהב,dilectus,1,186,21,22548
אהב,אהב,familiaris,0,186,0,22548
אהבה,אהבה,amo,1,47,68,22548
אהבה,אהבה,diligo,23,47,173,22548
אהבה,אהבה,amor,9,47,13,22548
אהבה,אהבה,contentus,0,47,2,22548
אהבה,אהבה,dilectio,5,47,6,22548
אהבו,אהבו,amo,0,0,68,22548
אהבו,אהבו,diligo,0,0,173,22548
אהבו,אהבו,amor,0,0,13,22548
אהבו,אהבו,contentus,0,0,2,22548
אהבי,אהבי,amo,0,0,68,22548
אהבי,אהבי,diligo,0,0,173,22548
אהבי,אהבי,amor,0,0,13,22548
אהבי,אהבי,contentus,0,0,2,22548
אהבת,אהבת,amo,0,0,68,22548
אהבת,אהבת,diligo,0,0,173,22548
אהבת,אהבת,amor,0,0,13,22548
אהבת,אהבת,contentus,0,0,2,22548
אהבתי,אהבתי,amo,0,0,68,22548
אהבתי,אהבתי,diligo,0,0,173,22548
אהבתי,אהבתי,amor,0,0,13,22548
אהבתי,אהבתי,contentus,0,0,2,22548
אהה,אהה,hei,0,15,0,22548
אהוד,אהוד,dexter,3,8,104,22548
אהוד,אהוד,ius,0,8,37,22548
אהי,אהי,fio,0,0,188,22548
אהי,אהי,nascor,0,0,103,22548
אהי,אהי,orior,0,0,52,22548
אהי,אהי,gigno,0,0,190,22548
אהי,אהי,sum,0,0,9821,22548
אהיה,אהיה,pateo,0,0,11,22548
אהיה,אהיה,aperio,0,0,166,22548
אהיה,אהיה,patefacio,0,0,0,22548
אהל,אהל,tabernaculum,267,318,398,22548
אהל,אהל,cubitus,1,318,4,22548
אהל,אהל,domus,23,318,1485,22548
אהל,אהל,aedes,0,318,27,22548
אהל,אהל,tecta,0,318,0,22548
אהל,אהל,familia,6,318,182,22548
אהל,אהל,templum,2,318,192,22548
אהל,אהל,apud,1,318,144,22548
אהל,אהל,cognatio,1,318,146,22548
אהל,אהל,tectum,13,318,43,22548
אהל,אהל,gener,0,318,12,22548
אהל,אהל,sedes,1,318,32,22548
אהל,אהל,praedium,0,318,0,22548
אהל,אהל,domum,0,318,0,22548
אהל,אהל,domo,0,318,4,22548
אהל,אהל,scaena,0,318,0,22548
אהל,אהל,papilio,2,318,3,22548
אהל,אהל,porta,2,318,286,22548
אהל,אהל,ianua,0,318,13,22548
אהל,אהל,fores,0,318,12,22548
אהל,אהל,foras,0,318,27,22548
אהל,אהל,ostium,40,318,132,22548
אהל,אהל,foris,7,318,62,22548
אהל,אהל,limen,0,318,18,22548
אהל,אהל,proba,0,318,0,22548
אהלי,אהלי,tabernaculum,0,0,398,22548
אהלי,אהלי,scaena,0,0,0,22548
אוב,אוב,perfamiliaris,0,14,0,22548
אוד,אוד,silua,0,3,29,22548
אוד,אוד,tignum,0,3,1,22548
אוד,אוד,materia,0,3,1,22548
אוד,אוד,lignum,0,3,254,22548
אוה,אוה,uolo,5,32,226,22548
אוה,אוה,cupio,0,32,15,22548
אוה,אוה,opto,0,32,2,22548
אוה,אוה,utinam,0,32,24,22548
אוה,אוה,uoluntas,0,32,66,22548
אוה,אוה,placeo,2,32,142,22548
אוה,אוה,quasi,0,32,708,22548
אוה,אוה,sicut,6,32,851,22548
אוה,אוה,cupiditas,0,32,1,22548
אוה,אוה,similis,0,32,91,22548
אוה,אוה,eligo,3,32,209,22548
אוה,אוה,deligo,0,32,0,22548
אוה,אוה,lubet,0,32,0,22548
אוה,אוה,obsecro,0,32,73,22548
אוה,אוה,recuso,0,32,1,22548
אוה,אוה,nolo,0,32,343,22548
אוה,אוה,desidero,22,32,42,22548
אוה,אוה,cupido,0,32,2,22548
אוה,אוה,libido,0,32,5,22548
אוה,אוה,desiderium,4,32,22,22548
אוה,אוה,monumentum,0,32,15,22548
אוה,אוה,memoria,0,32,28,22548
אוה,אוה,sepulcrum,1,32,69,22548
אוה,אוה,tumulus,0,32,22,22548
אוה,אוה,bustum,0,32,0,22548
אוה,אוה,termino,0,32,2,22548
אוי,אוי,dolor,1,25,77,22548
אוי,אוי,aerumna,0,25,3,22548
אוי,אוי,uae,21,25,61,22548
אוי,אוי,dolentia,0,25,0,22548
אוי,אוי,luctus,0,25,20,22548
אוי,אוי,hei,0,25,0,22548
אוי,אוי,clades,0,25,0,22548
אוי,אוי,damnum,0,25,14,22548
אוי,אוי,malum,1,25,375,22548
אוי,אוי,pernicies,0,25,0,22548
אויב,אויב,hostis,0,0,123,22548
אויב,אויב,inimicus,0,0,247,22548
אויב,אויב,infestus,0,0,0,22548
אויבימ,אויבים,hostis,0,0,123,22548
אויבימ,אויבים,inimicus,0,0,247,22548
אויבימ,אויבים,infestus,0,0,0,22548
אויה,אויה,dolor,0,1,77,22548
אויה,אויה,aerumna,0,1,3,22548
אויה,אויה,uae,0,1,61,22548
אויה,אויה,dolentia,0,1,0,22548
אויה,אויה,luctus,0,1,20,22548
אויה,אויה,clades,0,1,0,22548
אויה,אויה,damnum,0,1,14,22548
אויה,אויה,malum,0,1,375,22548
אויה,אויה,pernicies,0,1,0,22548
אויל,אויל,stultus,24,28,131,22548
אויל,אויל,cogitatio,0,28,90,22548
אויל,אויל,amens,0,28,0,22548
אויל,אויל,desipio,0,28,0,22548
אויל,אויל,hebeo,0,28,0,22548
אוכל,אוכל,possum,0,0,547,22548
אוכל,אוכל,ualeo,0,0,38,22548
אוכל,אוכל,potestas,0,0,42,22548
אוכל,אוכל,uis,0,0,73,22548
אוכל,אוכל,uirtus,0,0,28,22548
אוכל,אוכל,imperium,0,0,59,22548
אוכל,אוכל,queo,0,0,13,22548
אוכל,אוכל,edo,0,0,26,22548
אוכל,אוכל,comedo,0,0,313,22548
אוכל,אוכל,uescor,0,0,9,22548
אוכל,אוכל,manduco,0,0,6,22548
אולי,אולי,par,0,44,7,22548
אולי,אולי,fortasse,0,44,0,22548
אולי,אולי,aequo,0,44,1,22548
אולי,אולי,fors,0,44,0,22548
אולי,אולי,forsitan,3,44,24,22548
אולי,אולי,aequus,0,44,22,22548
אולי,אולי,numquam,0,44,22,22548
אולי,אולי,umquam,0,44,9,22548
אולי,אולי,inocciduus,0,44,0,22548
אולי,אולי,iubeo,0,44,75,22548
אולי,אולי,ordo,0,44,56,22548
אולי,אולי,impero,1,44,49,22548
אולי,אולי,quantus,0,44,18,22548
אולי,אולי,mox,0,44,0,22548
אולי,אולי,cieo,0,44,0,22548
אולי,אולי,forsit,0,44,0,22548
אולי,אולי,pereo,2,44,156,22548
אולי,אולי,perdo,0,44,60,22548
אולי,אולי,amitto,0,44,4,22548
אולי,אולי,mors,0,44,197,22548
אולי,אולי,deleo,3,44,128,22548
אולי,אולי,intereo,1,44,35,22548
אולי,אולי,ruina,0,44,51,22548
אולי,אולי,disperdo,0,44,76,22548
אולי,אולי,interfacio,0,44,149,22548
אולי,אולי,morior,0,44,469,22548
אולי,אולי,exitium,0,44,0,22548
אולי,אולי,occido,1,44,196,22548
אולת,אולת,stultitia,16,24,34,22548
און,און,cassus,0,90,7,22548
אונ,און,iniquitas,41,90,339,22548
אונ,און,iniustus,1,90,4,22548
אונ,און,perducto,0,90,0,22548
אונ,און,labor,2,90,78,22548
אונ,און,aerumna,0,90,3,22548
אונ,און,dolor,8,90,77,22548
אונ,און,laboro,0,90,43,22548
אונ,און,opera,0,90,4,22548
אונ,און,laboris,0,90,0,22548
אופן,אופן,rota,20,21,32,22548
אופן,אופן,habeo,2,21,694,22548
אופן,אופן,teneo,0,21,116,22548
אופן,אופן,possideo,0,21,160,22548
אופן,אופן,ala,4,21,45,22548
אופן,אופן,penna,0,21,2,22548
אופן,אופן,quadraginta,0,21,116,22548
אופן,אופן,quattuor,7,21,161,22548
אוץ,אוץ,iubeo,0,10,75,22548
אוץ,אוץ,impero,0,10,49,22548
אוץ,אוץ,mando,0,10,81,22548
אוץ,אוץ,ordo,0,10,56,22548
אוץ,אוץ,praecipio,0,10,448,22548
אוץ,אוץ,imperium,0,10,59,22548
אוץ,אוץ,praesum,0,10,33,22548
אוץ,אוץ,consilium,0,10,139,22548
אוץ,אוץ,commendo,0,10,9,22548
אוץ,אוץ,hortor,0,10,1,22548
אוץ,אוץ,monstro,0,10,12,22548
אוץ,אוץ,uolo,0,10,226,22548
אוץ,אוץ,oro,0,10,95,22548
אוץ,אוץ,obsecro,0,10,73,22548
אוץ,אוץ,rogo,0,10,51,22548
אוץ,אוץ,peto,0,10,48,22548
אוץ,אוץ,uoco,0,10,413,22548
אוצר,אוצר,commeatus,0,70,0,22548
אוצר,אוצר,opportunus,0,70,1,22548
אוצר,אוצר,aerarius,0,70,2,22548
אוצר,אוצר,thesaurus,56,70,72,22548
אוצר,אוצר,profero,3,70,45,22548
אוצר,אוצר,gigno,0,70,190,22548
אוצר,אוצר,produco,1,70,20,22548
אוצר,אוצר,copia,0,70,6,22548
אוצר,אוצר,praebeo,0,70,49,22548
אוצר,אוצר,pecunia,0,70,72,22548
אוצר,אוצר,argenteus,0,70,78,22548
אוצר,אוצר,nummus,0,70,1,22548
אוצר,אוצר,argentum,16,70,189,22548
אוצר,אוצר,aurum,16,70,229,22548
אוצר,אוצר,aureus,3,70,142,22548
אוצרות,אוצרות,aerarius,0,0,2,22548
אוצרות,אוצרות,thesaurus,0,0,72,22548
אוצרת,אוצרת,aerarius,0,0,2,22548
אוצרת,אוצרת,thesaurus,0,0,72,22548
אור,אור,uir,4,158,1154,22548
אור,אור,homo,1,158,780,22548
אור,אור,mortalis,0,158,3,22548
אור,אור,inalbeo,0,158,0,22548
אור,אור,regio,0,158,158,22548
אור,אור,terra,19,158,2254,22548
אור,אור,locus,4,158,513,22548
אור,אור,finis,1,158,137,22548
אור,אור,ager,0,158,214,22548
אור,אור,rus,0,158,1,22548
אור,אור,tenebrae,28,158,97,22548
אור,אור,caligo,4,158,36,22548
אור,אור,obscuritas,0,158,0,22548
אוריה,אוריה,trygona,0,30,0,22548
אוריה,אוריה,gauia,0,30,0,22548
אוריהו,אוריהו,trygona,0,3,0,22548
אוריהו,אוריהו,gauia,0,3,0,22548
אושע,אושע,seruo,0,0,66,22548
אושע,אושע,conseruo,0,0,5,22548
אושע,אושע,tueor,0,0,6,22548
אושע,אושע,saluus,0,0,64,22548
אושע,אושע,salus,0,0,95,22548
אושע,אושע,libero,0,0,139,22548
אושע,אושע,retineo,0,0,11,22548
אושע,אושע,saluo,0,0,105,22548
אות,אות,cupido,0,80,2,22548
אות,אות,libido,0,80,5,22548
אות,אות,desiderium,0,80,22,22548
אות,אות,uolo,2,80,226,22548
אות,אות,cupio,0,80,15,22548
אות,אות,cupiditas,0,80,1,22548
אות,אות,signum,69,80,116,22548
אות,אות,symbolus,0,80,0,22548
אות,אות,testimonium,1,80,151,22548
אות,אות,argumentum,0,80,1,22548
אות,אות,insigne,0,80,0,22548
אותת,אותת,signum,0,0,116,22548
אותת,אותת,testimonium,0,0,151,22548
אותת,אותת,argumentum,0,0,1,22548
אותת,אותת,insigne,0,0,0,22548
אז,אז,imperium,0,130,59,22548
אז,אז,principium,1,130,57,22548
אז,אז,initium,2,130,24,22548
אז,אז,magistratus,0,130,19,22548
אז,אז,regnum,0,130,213,22548
אז,אז,honor,0,130,17,22548
אז,אז,ratio,0,130,11,22548
אז,אז,officium,0,130,30,22548
אז,אז,potestas,0,130,42,22548
אז,אז,uis,0,130,73,22548
אז,אז,primus,0,130,161,22548
אזדא,אזדא,defectio,0,2,1,22548
אזדא,אזדא,deficio,0,2,100,22548
אזוב,אזוב,hysopites,0,10,0,22548
אזוב,אזוב,hysopum,9,10,9,22548
אזוב,אזוב,cedrinus,6,10,30,22548
אזוב,אזוב,coccum,3,10,19,22548
אזוב,אזוב,coccineus,0,10,6,22548
אזוב,אזוב,silua,0,10,29,22548
אזוב,אזוב,tignum,0,10,1,22548
אזוב,אזוב,materia,0,10,1,22548
אזוב,אזוב,lignum,6,10,254,22548
אזור,אזור,lumbus,5,12,33,22548
אזי,אזי,ergo,0,3,727,22548
אזי,אזי,igitur,0,3,327,22548
אזי,אזי,maledictio,0,3,38,22548
אזי,אזי,prex,0,3,27,22548
אזי,אזי,tum,0,3,2,22548
אזכיר,אזכיר,moneo,0,0,4,22548
אזכיר,אזכיר,memoro,0,0,6,22548
אזכיר,אזכיר,memini,0,0,41,22548
אזכיר,אזכיר,recordor,0,0,126,22548
אזכיר,אזכיר,memor,0,0,12,22548
אזכיר,אזכיר,memoria,0,0,28,22548
אזכיר,אזכיר,mentio,0,0,0,22548
אזכיר,אזכיר,commemoro,0,0,1,22548
אזכיר,אזכיר,reuoco,0,0,7,22548
אזכר,אזכר,moneo,0,0,4,22548
אזכר,אזכר,memoro,0,0,6,22548
אזכר,אזכר,memini,0,0,41,22548
אזכר,אזכר,recordor,0,0,126,22548
אזכר,אזכר,memor,0,0,12,22548
אזכר,אזכר,memoria,0,0,28,22548
אזכר,אזכר,mentio,0,0,0,22548
אזכר,אזכר,commemoro,0,0,1,22548
אזכר,אזכר,reuoco,0,0,7,22548
אזכרה,אזכרה,moneo,0,7,4,22548
אזכרה,אזכרה,memoro,0,7,6,22548
אזכרה,אזכרה,memini,0,7,41,22548
אזכרה,אזכרה,recordor,0,7,126,22548
אזכרה,אזכרה,memor,0,7,12,22548
אזכרה,אזכרה,memoria,1,7,28,22548
אזכרה,אזכרה,mentio,0,7,0,22548
אזכרה,אזכרה,commemoro,0,7,1,22548
אזכרה,אזכרה,reuoco,0,7,7,22548
אזכרה,אזכרה,impono,0,7,51,22548
אזכרה,אזכרה,impetus,0,7,22,22548
אזכרה,אזכרה,oppugno,0,7,0,22548
אזכרה,אזכרה,mnemosynon,0,7,0,22548
אזל,אזל,discedo,0,10,4,22548
אזל,אזל,recedo,2,10,191,22548
אזל,אזל,abeo,1,10,219,22548
אזל,אזל,abito,0,10,9,22548
אזמר,אזמר,uellico,0,0,0,22548
אזמרה,אזמרה,uellico,0,0,0,22548
אזן,אזן,audio,113,218,927,22548
אזן,אזן,exaudio,18,218,135,22548
אזן,אזן,ausculto,13,218,17,22548
אזן,אזן,auris,135,218,145,22548
אזנ,אזן,auris,135,218,145,22548
אזנ,אזן,manubriolum,0,218,0,22548
אזנ,אזן,manubriatus,0,218,0,22548
אזר,אזר,induo,1,15,76,22548
אזר,אזר,inito,0,15,0,22548
אזר,אזר,quaestiono,0,15,0,22548
אזרח,אזרח,uilla,0,17,38,22548
אזרח,אזרח,patrius,0,17,0,22548
אזרח,אזרח,compressor,0,17,0,22548
אח,אח,frater,505,577,548,22548
אח,אח,germanus,1,577,1,22548
אח,אח,auunculus,2,577,3,22548
אח,אח,fratris,0,577,0,22548
אח,אח,filius,197,577,3345,22548
אח,אח,natus,0,577,2,22548
אח,אח,gnatus,0,577,0,22548
אח,אח,progenies,1,577,12,22548
אח,אח,proles,0,577,0,22548
אח,אח,nascor,8,577,103,22548
אח,אח,filium,0,577,0,22548
אח,אח,filii,0,577,0,22548
אח,אח,filio,0,577,0,22548
אחבא,אחבא,celo,0,0,45,22548
אחבא,אחבא,abscondo,0,0,141,22548
אחבא,אחבא,occulo,0,0,1,22548
אחבא,אחבא,operio,0,0,159,22548
אחד,אחד,reliquus,5,719,186,22548
אחד,אחד,ceterus,2,719,56,22548
אחד,אחד,alter,72,719,212,22548
אחד,אחד,alienus,3,719,158,22548
אחד,אחד,alius,15,719,217,22548
אחד,אחד,uicesimus,6,719,53,22548
אחד,אחד,uiginti,16,719,223,22548
אחד,אחד,uiceni,0,719,0,22548
אחד,אחד,unus,454,719,586,22548
אחד,אחד,quisquam,4,719,119,22548
אחד,אחד,in,348,719,9908,22548
אחד,אחד,complures,0,719,0,22548
אחד,אחד,quisque,0,719,15,22548
אחד,אחד,undecim,9,719,13,22548
אחד,אחד,aliter,0,719,6,22548
אחד,אחד,interlunis,0,719,0,22548
אחד,אחד,interlunium,0,719,0,22548
אחד,אחד,ullus,1,719,35,22548
אחד,אחד,nullus,2,719,135,22548
אחד,אחד,aliquis,0,719,43,22548
אחד,אחד,nihil,4,719,96,22548
אחד,אחד,homo,30,719,780,22548
אחד,אחד,quidam,5,719,41,22548
אחד,אחד,uir,57,719,1154,22548
אחד,אחד,certus,0,719,10,22548
אחד,אחד,qui,206,719,6495,22548
אחד,אחד,iste,8,719,633,22548
אחד,אחד,quis,15,719,675,22548
אחד,אחד,ceu,0,719,0,22548
אחד,אחד,uelut,0,719,42,22548
אחו,אחו,dolentia,0,3,0,22548
אחו,אחו,dolor,0,3,77,22548
אחו,אחו,doloris,0,3,0,22548
אחו,אחו,luctus,0,3,20,22548
אחו,אחו,maeror,0,3,12,22548
אחו,אחו,canna,0,3,0,22548
אחו,אחו,harundo,0,3,0,22548
אחו,אחו,calamus,0,3,30,22548
אחור,אחור,extremus,0,37,62,22548
אחור,אחור,ultimus,0,37,7,22548
אחור,אחור,nouissimus,0,37,94,22548
אחור,אחור,denique,0,37,4,22548
אחור,אחור,posterus,5,37,25,22548
אחור,אחור,tergum,5,37,46,22548
אחור,אחור,rursus,0,37,113,22548
אחות,אחות,soror,90,103,94,22548
אחות,אחות,germana,1,103,1,22548
אחות,אחות,sororius,0,103,0,22548
אחות,אחות,glos,0,103,0,22548
אחות,אחות,sororis,0,103,0,22548
אחז,אחז,retineo,0,103,11,22548
אחז,אחז,possessio,3,103,165,22548
אחז,אחז,teneo,18,103,116,22548
אחזת,אחזת,paro,0,0,78,22548
אחזת,אחזת,acquiro,0,0,4,22548
אחזת,אחזת,possideo,0,0,160,22548
אחזת,אחזת,possessio,0,0,165,22548
אחי,אחי,frater,0,1,548,22548
אחי,אחי,germanus,0,1,1,22548
אחי,אחי,alius,0,1,217,22548
אחי,אחי,alter,0,1,212,22548
אחי,אחי,mutuus,0,1,10,22548
אחי,אחי,inuicem,0,1,27,22548
אחידה,אחידה,tenebrosus,0,0,12,22548
אחיה,אחיה,frater,1,19,548,22548
אחיה,אחיה,germanus,0,19,1,22548
אחיו,אחיו,frater,1,6,548,22548
אחיו,אחיו,germanus,0,6,1,22548
אחימ,אחים,frater,0,0,548,22548
אחימ,אחים,germanus,0,0,1,22548
אחימלך,אחימלך,rescribo,0,16,1,22548
אחימלך,אחימלך,exaudio,0,16,135,22548
אחימלך,אחימלך,respondeo,2,16,541,22548
אחינעם,אחינעם,duo,3,7,461,22548
אחינעם,אחינעם,uterque,1,7,109,22548
אחלמה,אחלמה,ebrietas,0,2,12,22548
אחלקה,אחלקה,dispesco,0,0,0,22548
אחלקה,אחלקה,seiugo,0,0,0,22548
אחרון,אחרון,extremus,2,44,62,22548
אחרון,אחרון,ultimus,0,44,7,22548
אחרון,אחרון,nouissimus,26,44,94,22548
אחרון,אחרון,denique,0,44,4,22548
אחרון,אחרון,posterus,1,44,25,22548
אחרון,אחרון,primus,11,44,161,22548
אחרון,אחרון,capularis,0,44,0,22548
אחרונ,אחרון,extremus,2,44,62,22548
אחרונ,אחרון,ultimus,0,44,7,22548
אחרונ,אחרון,nouissimus,26,44,94,22548
אחרונ,אחרון,denique,0,44,4,22548
אחרונ,אחרון,posterus,1,44,25,22548
אחרונ,אחרון,unus,0,44,586,22548
אחרונ,אחרון,alienus,0,44,158,22548
אחרונ,אחרון,aliter,0,44,6,22548
אחרונ,אחרון,quisquam,0,44,119,22548
אחרונ,אחרון,alius,0,44,217,22548
אחרונ,אחרון,alter,0,44,212,22548
אחרונה,אחרונה,extremus,0,0,62,22548
אחרונה,אחרונה,ultimus,0,0,7,22548
אחרונה,אחרונה,nouissimus,0,0,94,22548
אחרונה,אחרונה,denique,0,0,4,22548
אחרונה,אחרונה,posterus,0,0,25,22548
אחרות,אחרות,unus,0,0,586,22548
אחרות,אחרות,alienus,0,0,158,22548
אחרות,אחרות,aliter,0,0,6,22548
אחרות,אחרות,quisquam,0,0,119,22548
אחרות,אחרות,alius,0,0,217,22548
אחרות,אחרות,alter,0,0,212,22548
אחרי,אחרי,reliquus,0,1,186,22548
אחרי,אחרי,ceterus,0,1,56,22548
אחרי,אחרי,alter,0,1,212,22548
אחרי,אחרי,alienus,0,1,158,22548
אחרי,אחרי,alius,1,1,217,22548
אחרי,אחרי,extremus,0,1,62,22548
אחרי,אחרי,ultimus,0,1,7,22548
אחרי,אחרי,nouissimus,0,1,94,22548
אחרי,אחרי,denique,0,1,4,22548
אחרי,אחרי,posterus,0,1,25,22548
אחרי,אחרי,unus,0,1,586,22548
אחרי,אחרי,aliter,0,1,6,22548
אחרי,אחרי,quisquam,0,1,119,22548
אחרי,אחרי,posthac,0,1,0,22548
אחרי,אחרי,postilla,0,1,0,22548
אחרי,אחרי,tergum,0,1,46,22548
אחרי,אחרי,pone,0,1,0,22548
אחרי,אחרי,rursus,0,1,113,22548
אחרימ,אחרים,exter,0,0,10,22548
אחרימ,אחרים,externus,0,0,5,22548
אחרימ,אחרים,alienus,0,0,158,22548
אחרימ,אחרים,unus,0,0,586,22548
אחרימ,אחרים,aliter,0,0,6,22548
אחרימ,אחרים,quisquam,0,0,119,22548
אחרימ,אחרים,alius,0,0,217,22548
אחרימ,אחרים,alter,0,0,212,22548
אחרין,אחרין,nouissimus,0,0,94,22548
אחרין,אחרין,denique,0,0,4,22548
אחרין,אחרין,extremus,0,0,62,22548
אחרין,אחרין,proximus,0,0,101,22548
אחרין,אחרין,tandem,0,0,4,22548
אחרין,אחרין,posterus,0,0,25,22548
אחרית,אחרית,extremus,4,56,62,22548
אחרית,אחרית,ultimus,0,56,7,22548
אחרית,אחרית,nouissimus,42,56,94,22548
אחרית,אחרית,denique,0,56,4,22548
אחרית,אחרית,posterus,0,56,25,22548
אחרן,אחרן,alius,0,2,217,22548
אחרן,אחרן,alter,1,2,212,22548
אחרן,אחרן,mutuus,0,2,10,22548
אחרן,אחרן,inuicem,0,2,27,22548
אחרן,אחרן,reliquus,0,2,186,22548
אחרן,אחרן,ceterus,0,2,56,22548
אחרן,אחרן,alienus,0,2,158,22548
אחרן,אחרן,unus,0,2,586,22548
אחרן,אחרן,aliter,0,2,6,22548
אחרן,אחרן,quisquam,1,2,119,22548
אחרנ,אחרן,unus,0,2,586,22548
אחרנ,אחרן,alienus,0,2,158,22548
אחרנ,אחרן,aliter,0,2,6,22548
אחרנ,אחרן,quisquam,1,2,119,22548
אחרנ,אחרן,alius,0,2,217,22548
אחרנ,אחרן,alter,1,2,212,22548
אחרנה,אחרנה,extremus,0,0,62,22548
אחרנה,אחרנה,ultimus,0,0,7,22548
אחרנה,אחרנה,nouissimus,0,0,94,22548
אחרנה,אחרנה,denique,0,0,4,22548
אחרנה,אחרנה,posterus,0,0,25,22548
אחרנימ,אחרנים,extremus,0,0,62,22548
אחרנימ,אחרנים,ultimus,0,0,7,22548
אחרנימ,אחרנים,nouissimus,0,0,94,22548
אחרנימ,אחרנים,denique,0,0,4,22548
אחרנימ,אחרנים,posterus,0,0,25,22548
אחרנית,אחרנית,scalaris,0,6,0,22548
אחרנית,אחרנית,decem,3,6,184,22548
אחרנית,אחרנית,deni,0,6,2,22548
אחרנית,אחרנית,umbra,3,6,55,22548
אחרת,אחרת,unus,0,0,586,22548
אחרת,אחרת,alienus,0,0,158,22548
אחרת,אחרת,aliter,0,0,6,22548
אחרת,אחרת,quisquam,0,0,119,22548
אחרת,אחרת,alius,0,0,217,22548
אחרת,אחרת,alter,0,0,212,22548
אחשדרפן,אחשדרפן,satrapes,0,6,0,22548
אחשדרפני,אחשדרפני,consul,0,0,3,22548
אחשדרפני,אחשדרפני,super,0,0,2116,22548
אחשתרן,אחשתרן,palatium,0,2,27,22548
אחשתרן,אחשתרן,regius,0,2,14,22548
אחת,אחת,soror,0,0,94,22548
אחת,אחת,germana,0,0,1,22548
אחת,אחת,sororius,0,0,0,22548
אחת,אחת,semel,0,0,27,22548
אחת,אחת,insemel,0,0,0,22548
אחת,אחת,unus,0,0,586,22548
אחת,אחת,alienus,0,0,158,22548
אחת,אחת,aliter,0,0,6,22548
אחת,אחת,quisquam,0,0,119,22548
אחת,אחת,alius,0,0,217,22548
אחת,אחת,alter,0,0,212,22548
אחת,אחת,tempus,0,0,407,22548
אחת,אחת,occasio,0,0,6,22548
אחת,אחת,facultas,0,0,2,22548
אחת,אחת,potestas,0,0,42,22548
אחת,אחת,primus,0,0,161,22548
אחת,אחת,capularis,0,0,0,22548
אחת,אחת,quadraginta,0,0,116,22548
אחת,אחת,quadrageni,0,0,0,22548
אט,אט,inabruptus,0,6,0,22548
אט,אט,mitificus,0,6,0,22548
אט,אט,mitesco,0,6,0,22548
אט,אט,lenis,0,6,3,22548
אט,אט,clemens,0,6,16,22548
אטון,אטון,lineus,0,1,7,22548
אטון,אטון,linum,0,1,9,22548
אטם,אטם,fenestra,4,8,29,22548
אטם,אטם,specularis,0,8,0,22548
אי,אי,insula,33,76,33,22548
אי,אי,unde,8,76,79,22548
אי,אי,quare,1,76,180,22548
אי,אי,quorsum,0,76,0,22548
אי,אי,natura,0,76,3,22548
אי,אי,qualis,0,76,17,22548
אי,אי,credo,0,76,59,22548
אי,אי,certus,0,76,10,22548
אי,אי,puto,0,76,54,22548
אי,אי,aliquis,0,76,43,22548
אי,אי,quatenus,0,76,0,22548
אי,אי,quotus,0,76,0,22548
איב,איב,hostis,39,271,123,22548
איב,איב,inimicus,225,271,247,22548
איב,איב,infestus,0,271,0,22548
איבה,איבה,inimicitia,2,5,4,22548
איבה,איבה,odium,1,5,35,22548
איבי,איבי,hostis,0,0,123,22548
איבי,איבי,inimicus,0,0,247,22548
איבי,איבי,infestus,0,0,0,22548
איד,איד,calamitas,2,22,11,22548
איד,איד,clades,0,22,0,22548
איד,איד,casus,0,22,5,22548
איה,איה,terra,2,46,2254,22548
איה,איה,tellus,0,46,0,22548
איה,איה,ager,0,46,214,22548
איה,איה,credo,0,46,59,22548
איה,איה,certus,0,46,10,22548
איה,איה,puto,0,46,54,22548
איה,איה,aliquis,0,46,43,22548
איה,איה,quatenus,0,46,0,22548
איה,איה,quotus,0,46,0,22548
איימ,איים,gens,0,0,462,22548
איימ,איים,natio,0,0,51,22548
איימ,איים,populus,0,0,1560,22548
איימ,איים,prouincia,0,0,50,22548
איימ,איים,tribus,0,0,174,22548
איימ,איים,insula,0,0,33,22548
איכה,איכה,credo,0,17,59,22548
איכה,איכה,certus,0,17,10,22548
איכה,איכה,puto,0,17,54,22548
איכה,איכה,aliquis,0,17,43,22548
איכה,איכה,quatenus,0,17,0,22548
איכה,איכה,quotus,0,17,0,22548
איל,איל,aries,131,181,164,22548
איל,איל,petro,0,181,0,22548
איל,איל,agninus,0,181,0,22548
איל,איל,ouinus,0,181,0,22548
איל,איל,ueruex,0,181,0,22548
איל,איל,ceruus,8,181,16,22548
איל,איל,cerua,0,181,3,22548
איל,איל,ceruinus,0,181,0,22548
איל,איל,tyrannus,0,181,7,22548
איל,איל,regius,0,181,14,22548
איל,איל,bos,31,181,182,22548
איל,איל,iuuencus,0,181,0,22548
איל,איל,taurus,9,181,20,22548
איל,איל,iumentum,0,181,117,22548
איל,איל,uitulus,48,181,128,22548
איל,איל,pecus,5,181,85,22548
איל,איל,armentum,26,181,70,22548
איל,איל,uacca,1,181,10,22548
איל,איל,bubulus,0,181,2,22548
איל,איל,annotinus,0,181,0,22548
איל,איל,anniculus,27,181,37,22548
איל,איל,iunix,0,181,0,22548
אילות,אילות,imperium,0,1,59,22548
אילות,אילות,principium,0,1,57,22548
אילות,אילות,initium,0,1,24,22548
אילות,אילות,magistratus,0,1,19,22548
אילות,אילות,regnum,0,1,213,22548
אילות,אילות,honor,0,1,17,22548
אילות,אילות,ratio,0,1,11,22548
אילות,אילות,officium,0,1,30,22548
אילות,אילות,potestas,0,1,42,22548
אילות,אילות,uis,0,1,73,22548
אילות,אילות,primus,0,1,161,22548
אילות,אילות,possum,0,1,547,22548
אילות,אילות,ualeo,0,1,38,22548
אילות,אילות,uirtus,0,1,28,22548
אילות,אילות,queo,0,1,13,22548
אילות,אילות,exercitus,0,1,467,22548
אילות,אילות,copia,0,1,6,22548
אילות,אילות,potentia,0,1,17,22548
אילות,אילות,cogo,0,1,17,22548
אילות,אילות,opis,0,1,0,22548
אילות,אילות,robur,0,1,46,22548
אילות,אילות,fortitudo,1,1,232,22548
אילות,אילות,ceruus,0,1,16,22548
אילות,אילות,cerua,0,1,3,22548
אילות,אילות,ceruinus,0,1,0,22548
אילות,אילות,auctoritas,0,1,1,22548
אילות,אילות,licentia,0,1,3,22548
אילימ,אילים,aries,0,0,164,22548
אילימ,אילים,ceu,0,0,0,22548
אילימ,אילים,uelut,0,0,42,22548
אילם,אילם,curro,0,68,61,22548
אילם,אילם,percurro,0,68,0,22548
אילם,אילם,longitudo,10,68,80,22548
אילם,אילם,quinquaginta,8,68,118,22548
אילם,אילם,quindecim,0,68,16,22548
אילם,אילם,quinque,9,68,183,22548
אילם,אילם,cubitus,0,68,4,22548
אילם,אילם,cubitum,13,68,106,22548
אילם,אילם,porta,13,68,286,22548
אילם,אילם,ianua,0,68,13,22548
אילם,אילם,fores,0,68,12,22548
אילם,אילם,limen,2,68,18,22548
אילם,אילם,ostium,4,68,132,22548
אילם,אילם,portae,0,68,0,22548
אילמ,אילם,aries,0,68,164,22548
אילן,אילן,arbor,0,0,25,22548
אילן,אילן,lignum,0,0,254,22548
אילנ,אילן,arbor,0,0,25,22548
אילנ,אילן,lignum,0,0,254,22548
אימה,אימה,metus,0,15,2,22548
אימה,אימה,pauor,3,15,31,22548
אימה,אימה,terror,5,15,46,22548
אימה,אימה,timor,1,15,74,22548
אימה,אימה,formido,2,15,47,22548
אימה,אימה,timeo,0,15,306,22548
אימה,אימה,metuo,0,15,23,22548
אימה,אימה,uereor,0,15,7,22548
אימתני,אימתני,terribilis,0,0,37,22548
אימתני,אימתני,dirus,0,0,0,22548
אימתני,אימתני,atrox,0,0,0,22548
אימתני,אימתני,formidabilis,0,0,0,22548
אימתני,אימתני,saeuus,0,0,1,22548
אימתני,אימתני,periculum,0,0,8,22548
אימתני,אימתני,mirus,0,0,4,22548
אימתני,אימתני,metuo,0,0,23,22548
אימתני,אימתני,immanis,0,0,0,22548
אימתני,אימתני,lepidus,0,0,0,22548
אימתני,אימתני,horribilis,0,0,11,22548
אינ,אין,inuenio,22,663,379,22548
אינ,אין,reperio,2,663,33,22548
אינ,אין,habeo,72,663,694,22548
אינ,אין,teneo,4,663,116,22548
אינ,אין,possideo,5,663,160,22548
אינ,אין,ullus,6,663,35,22548
אינ,אין,nullus,37,663,135,22548
אינ,אין,quisquam,16,663,119,22548
אינ,אין,aliquis,6,663,43,22548
אינ,אין,nihil,24,663,96,22548
אינ,אין,ulter,0,663,0,22548
אינ,אין,decoctum,0,663,0,22548
אינ,אין,decima,0,663,24,22548
אינ,אין,unde,21,663,79,22548
אינ,אין,quare,9,663,180,22548
איפה,איפה,metior,0,39,48,22548
איפה,איפה,credo,0,39,59,22548
איפה,איפה,certus,0,39,10,22548
איפה,איפה,puto,0,39,54,22548
איפה,איפה,aliquis,1,39,43,22548
איפה,איפה,quatenus,0,39,0,22548
איפה,איפה,quotus,0,39,0,22548
איפה,איפה,oleum,8,39,174,22548
איפה,איפה,olearius,0,39,0,22548
איפה,איפה,olearis,0,39,0,22548
אירא,אירא,timeo,0,0,306,22548
אירא,אירא,metuo,0,0,23,22548
איש,איש,alius,28,1832,217,22548
איש,איש,alter,39,1832,212,22548
איש,איש,mutuus,4,1832,10,22548
איש,איש,inuicem,9,1832,27,22548
איש,איש,heros,0,1832,0,22548
איש,איש,qui,735,1832,6495,22548
איש,איש,iste,81,1832,633,22548
איש,איש,maritus,18,1832,29,22548
איש,איש,uir,959,1832,1154,22548
איש,איש,homo,296,1832,780,22548
איש,איש,uiri,0,1832,0,22548
איש,איש,uirum,0,1832,0,22548
איש,איש,uiro,0,1832,0,22548
איש,איש,populus,151,1832,1560,22548
איש,איש,humanus,0,1832,7,22548
איש,איש,orbis,0,1832,39,22548
איש,איש,plebs,5,1832,19,22548
איש,איש,mundum,0,1832,0,22548
איש,איש,masculus,4,1832,31,22548
איש,איש,masculinus,3,1832,30,22548
איש,איש,mas,1,1832,12,22548
איש,איש,unus,86,1832,586,22548
איש,איש,complures,0,1832,0,22548
איש,איש,quisque,1,1832,15,22548
איש,איש,alienus,10,1832,158,22548
איש,איש,aliter,1,1832,6,22548
איש,איש,quisquam,21,1832,119,22548
איש,איש,habeo,93,1832,694,22548
איש,איש,teneo,15,1832,116,22548
איש,איש,possideo,8,1832,160,22548
איש,איש,nemo,11,1832,37,22548
איש,איש,ullus,3,1832,35,22548
איש,איש,nullus,43,1832,135,22548
איש,איש,aliquis,11,1832,43,22548
איש,איש,nihil,7,1832,96,22548
איש,איש,totus,7,1832,177,22548
איש,איש,uniuersus,68,1832,766,22548
איש,איש,cunctus,47,1832,551,22548
איש,איש,omnis,323,1832,3087,22548
איש,איש,quidam,20,1832,41,22548
איש,איש,certus,2,1832,10,22548
איש,איש,quis,91,1832,675,22548
אישונ,אישון,mulier,0,4,292,22548
אישונ,אישון,filia,0,4,448,22548
אישונ,אישון,uirgo,0,4,59,22548
אישונ,אישון,nata,0,4,0,22548
אישונ,אישון,puella,0,4,44,22548
אישימ,אישים,populus,0,0,1560,22548
אישימ,אישים,qui,0,0,6495,22548
אישימ,אישים,humanus,0,0,7,22548
אישימ,אישים,iste,0,0,633,22548
אישימ,אישים,orbis,0,0,39,22548
אישימ,אישים,plebs,0,0,19,22548
אישימ,אישים,mundum,0,0,0,22548
אישימ,אישים,uir,0,0,1154,22548
אישימ,אישים,homo,0,0,780,22548
איתי,איתי,habeo,1,13,694,22548
איתי,איתי,teneo,0,13,116,22548
איתי,איתי,possideo,0,13,160,22548
איתי,איתי,bonus,0,13,316,22548
איתי,איתי,fortuna,0,13,1,22548
איתי,איתי,praedium,0,13,0,22548
איתי,איתי,substantia,0,13,59,22548
אכ,אך,ergo,11,156,727,22548
אכ,אך,igitur,4,156,327,22548
אכ,אך,maledictio,1,156,38,22548
אכ,אך,prex,0,156,27,22548
אכ,אך,tum,0,156,2,22548
אכ,אך,solus,2,156,94,22548
אכ,אך,unus,8,156,586,22548
אכ,אך,modo,0,156,0,22548
אכ,אך,pulto,0,156,1,22548
אכ,אך,saluo,1,156,105,22548
אכ,אך,nisi,1,156,96,22548
אכבד,אכבד,sententia,0,0,30,22548
אכבד,אכבד,glorifico,0,0,39,22548
אכבד,אכבד,opinor,0,0,0,22548
אכבדה,אכבדה,sententia,0,0,30,22548
אכבדה,אכבדה,glorifico,0,0,39,22548
אכבדה,אכבדה,opinor,0,0,0,22548
אכול,אכול,edo,0,0,26,22548
אכול,אכול,comedo,0,0,313,22548
אכול,אכול,uescor,0,0,9,22548
אכול,אכול,manduco,0,0,6,22548
אכזב,אכזב,dolus,0,2,19,22548
אכזר,אכזר,crudelis,2,4,15,22548
אכזר,אכזר,durus,0,4,46,22548
אכזר,אכזר,infelix,0,4,2,22548
אכזרי,אכזרי,crudelis,8,8,15,22548
אכזרי,אכזרי,durus,1,8,46,22548
אכזרי,אכזרי,infelix,0,8,2,22548
אכזריות,אכזריות,crudelitas,0,1,2,22548
אכזריות,אכזריות,saeuitia,0,1,0,22548
אכל,אכל,stercus,5,741,16,22548
אכל,אכל,pascuus,0,741,0,22548
אכל,אכל,edo,17,741,26,22548
אכל,אכל,comedo,298,741,313,22548
אכל,אכל,uescor,5,741,9,22548
אכל,אכל,manduco,6,741,6,22548
אכל,אכל,deuoro,83,741,103,22548
אכל,אכל,esco,0,741,0,22548
אכל,אכל,cibus,49,741,99,22548
אכל,אכל,uictus,1,741,5,22548
אכל,אכל,uesco,32,741,36,22548
אכל,אכל,compes,32,741,38,22548
אכל,אכל,pappo,0,741,0,22548
אכל,אכל,ergo,26,741,727,22548
אכל,אכל,hinc,0,741,24,22548
אכל,אכל,igitur,11,741,327,22548
אכל,אכל,propterea,5,741,119,22548
אכל,אכל,ideo,1,741,55,22548
אכל,אכל,pro,21,741,689,22548
אכלה,אכלה,edo,0,0,26,22548
אכלה,אכלה,comedo,0,0,313,22548
אכלה,אכלה,uescor,0,0,9,22548
אכלה,אכלה,manduco,0,0,6,22548
אכלה,אכלה,peredo,0,0,0,22548
אכלה,אכלה,deuoro,0,0,103,22548
אכלה,אכלה,esco,0,0,0,22548
אכלה,אכלה,conficio,0,0,10,22548
אכלו,אכלו,pascuus,0,0,0,22548
אכלו,אכלו,impono,0,0,51,22548
אכלו,אכלו,esito,0,0,0,22548
אכלו,אכלו,esco,0,0,0,22548
אכלו,אכלו,edo,0,0,26,22548
אכלו,אכלו,comedo,0,0,313,22548
אכלו,אכלו,uescor,0,0,9,22548
אכלו,אכלו,manduco,0,0,6,22548
אכלי,אכלי,edo,0,0,26,22548
אכלי,אכלי,comedo,0,0,313,22548
אכלי,אכלי,uescor,0,0,9,22548
אכלי,אכלי,manduco,0,0,6,22548
אכלי,אכלי,deuoro,0,0,103,22548
אכלי,אכלי,esco,0,0,0,22548
אכלימ,אכלים,edo,0,0,26,22548
אכלימ,אכלים,comedo,0,0,313,22548
אכלימ,אכלים,uescor,0,0,9,22548
אכלימ,אכלים,manduco,0,0,6,22548
אכלת,אכלת,edo,0,0,26,22548
אכלת,אכלת,comedo,0,0,313,22548
אכלת,אכלת,uescor,0,0,9,22548
אכלת,אכלת,manduco,0,0,6,22548
אכלת,אכלת,deuoro,0,0,103,22548
אכלת,אכלת,esco,0,0,0,22548
אכלת,אכלת,uesco,0,0,36,22548
אכלת,אכלת,compes,0,0,38,22548
אכלת,אכלת,pappo,0,0,0,22548
אכלתי,אכלתי,edo,0,0,26,22548
אכלתי,אכלתי,comedo,0,0,313,22548
אכלתי,אכלתי,uescor,0,0,9,22548
אכלתי,אכלתי,manduco,0,0,6,22548
אכלתמ,אכלתם,edo,0,0,26,22548
אכלתמ,אכלתם,comedo,0,0,313,22548
אכלתמ,אכלתם,uescor,0,0,9,22548
אכלתמ,אכלתם,manduco,0,0,6,22548
אכר,אכר,publicanus,0,7,0,22548
אכר,אכר,humus,0,7,42,22548
אכרת,אכרת,dispono,0,0,16,22548
אלגביש,אלגביש,lapis,3,3,216,22548
אלגביש,אלגביש,saxum,0,3,12,22548
אלגביש,אלגביש,marmor,0,3,4,22548
אלגביש,אלגביש,marmoreus,0,3,2,22548
אלגביש,אלגביש,gemma,0,3,19,22548
אלגביש,אלגביש,petrinus,0,3,0,22548
אלגביש,אלגביש,pluuia,0,3,43,22548
אלה,אלה,mare,10,793,295,22548
אלה,אלה,sal,3,793,24,22548
אלה,אלה,pontus,0,793,3,22548
אלה,אלה,sale,0,793,0,22548
אלה,אלה,salinator,0,793,0,22548
אלה,אלה,ergo,31,793,727,22548
אלה,אלה,igitur,12,793,327,22548
אלה,אלה,maledictio,13,793,38,22548
אלה,אלה,prex,0,793,27,22548
אלה,אלה,tum,0,793,2,22548
אלה,אלה,pernicies,0,793,0,22548
אלה,אלה,dominus,193,793,5912,22548
אלה,אלה,erus,0,793,0,22548
אלה,אלה,erilis,0,793,0,22548
אלה,אלה,magister,0,793,30,22548
אלה,אלה,quercus,11,793,20,22548
אלה,אלה,robur,2,793,46,22548
אלה,אלה,ilex,0,793,1,22548
אלה,אלה,idolum,3,793,61,22548
אלה,אלה,simulacrum,0,793,27,22548
אלה,אלה,imaginis,0,793,0,22548
אלה,אלה,umbra,1,793,55,22548
אלה,אלה,imago,0,793,16,22548
אלה,אלה,pello,0,793,2,22548
אלה,אלה,ago,4,793,146,22548
אלה,אלה,fugo,1,793,14,22548
אלה,אלה,impello,0,793,0,22548
אלה,אלה,iter,1,793,78,22548
אלה,אלה,dea,0,793,2,22548
אלה,אלה,caelum,22,793,393,22548
אלה,אלה,caelus,0,793,0,22548
אלה,אלה,hercules,0,793,0,22548
אלה,אלה,deus,134,793,2682,22548
אלה,אלה,deum,0,793,0,22548
אלה,אלה,dei,0,793,0,22548
אלה,אלה,deo,0,793,0,22548
אלה,אלה,numen,0,793,0,22548
אלה,אלה,diuus,0,793,0,22548
אלה,אלה,auctoritas,0,793,1,22548
אלה,אלה,potestas,2,793,42,22548
אלהי,אלהי,idolum,0,0,61,22548
אלהי,אלהי,simulacrum,0,0,27,22548
אלהי,אלהי,imaginis,0,0,0,22548
אלהי,אלהי,umbra,0,0,55,22548
אלהי,אלהי,imago,0,0,16,22548
אלהי,אלהי,dea,0,0,2,22548
אלהי,אלהי,caelum,0,0,393,22548
אלהי,אלהי,caelus,0,0,0,22548
אלהי,אלהי,hercules,0,0,0,22548
אלהי,אלהי,deus,0,0,2682,22548
אלהי,אלהי,deum,0,0,0,22548
אלהי,אלהי,dei,0,0,0,22548
אלהי,אלהי,deo,0,0,0,22548
אלהי,אלהי,numen,0,0,0,22548
אלהי,אלהי,diuus,0,0,0,22548
אלהי,אלהי,dominus,0,0,5912,22548
אלהי,אלהי,auctoritas,0,0,1,22548
אלהי,אלהי,erus,0,0,0,22548
אלהי,אלהי,potestas,0,0,42,22548
אלהים,אלהים,deus,1994,2208,2682,22548
אלהים,אלהים,genius,0,2208,0,22548
אלהים,אלהים,ingenium,0,2208,0,22548
אלהים,אלהים,fortuna,0,2208,1,22548
אלהים,אלהים,spiritus,38,2208,241,22548
אלהים,אלהים,animus,6,2208,39,22548
אלהים,אלהים,numen,0,2208,0,22548
אלהים,אלהים,diuinus,4,2208,12,22548
אלהים,אלהים,diuus,0,2208,0,22548
אלהים,אלהים,dea,2,2208,2,22548
אלהים,אלהים,caelum,71,2208,393,22548
אלהים,אלהים,caelus,0,2208,0,22548
אלהים,אלהים,hercules,0,2208,0,22548
אלהים,אלהים,deum,0,2208,0,22548
אלהים,אלהים,dei,0,2208,0,22548
אלהים,אלהים,deo,0,2208,0,22548
אלהימ,אלהים,nuntius,10,2208,112,22548
אלהימ,אלהים,legatus,0,2208,8,22548
אלהימ,אלהים,angelus,18,2208,101,22548
אלהימ,אלהים,dea,2,2208,2,22548
אלהימ,אלהים,caelum,71,2208,393,22548
אלהימ,אלהים,caelus,0,2208,0,22548
אלהימ,אלהים,hercules,0,2208,0,22548
אלהימ,אלהים,deus,1994,2208,2682,22548
אלהימ,אלהים,deum,0,2208,0,22548
אלהימ,אלהים,dei,0,2208,0,22548
אלהימ,אלהים,deo,0,2208,0,22548
אלהימ,אלהים,numen,0,2208,0,22548
אלהימ,אלהים,diuus,0,2208,0,22548
אלהימ,אלהים,dominus,1185,2208,5912,22548
אלהימ,אלהים,auctoritas,0,2208,1,22548
אלהימ,אלהים,erus,0,2208,0,22548
אלהימ,אלהים,potestas,3,2208,42,22548
אלהינ,אלהין,dea,0,0,2,22548
אלהינ,אלהין,caelum,0,0,393,22548
אלהינ,אלהין,caelus,0,0,0,22548
אלהינ,אלהין,hercules,0,0,0,22548
אלהינ,אלהין,deus,0,0,2682,22548
אלהינ,אלהין,deum,0,0,0,22548
אלהינ,אלהין,dei,0,0,0,22548
אלהינ,אלהין,deo,0,0,0,22548
אלהינ,אלהין,numen,0,0,0,22548
אלהינ,אלהין,diuus,0,0,0,22548
אלוה,אלוה,deus,44,50,2682,22548
אלוה,אלוה,genius,0,50,0,22548
אלוה,אלוה,ingenium,0,50,0,22548
אלוה,אלוה,fortuna,0,50,1,22548
אלוה,אלוה,spiritus,3,50,241,22548
אלוה,אלוה,animus,0,50,39,22548
אלוה,אלוה,numen,0,50,0,22548
אלוה,אלוה,diuinus,0,50,12,22548
אלוה,אלוה,diuus,0,50,0,22548
אלוה,אלוה,dea,0,50,2,22548
אלוה,אלוה,caelum,2,50,393,22548
אלוה,אלוה,caelus,0,50,0,22548
אלוה,אלוה,hercules,0,50,0,22548
אלוה,אלוה,deum,0,50,0,22548
אלוה,אלוה,dei,0,50,0,22548
אלוה,אלוה,deo,0,50,0,22548
אלון,אלון,glans,0,20,0,22548
אלון,אלון,quercus,11,20,20,22548
אלון,אלון,robur,0,20,46,22548
אלון,אלון,ilex,1,20,1,22548
אלון,אלון,cedrinus,0,20,30,22548
אלון,אלון,cedrus,4,20,40,22548
אלונ,אלון,reliquus,0,20,186,22548
אלונ,אלון,ceterus,0,20,56,22548
אלונ,אלון,alter,0,20,212,22548
אלונ,אלון,alienus,0,20,158,22548
אלונ,אלון,alius,1,20,217,22548
אלונ,אלון,glans,0,20,0,22548
אלוף,אלוף,praesertim,0,29,7,22548
אלוף,אלוף,princeps,2,29,610,22548
אלוף,אלוף,magnus,0,29,493,22548
אלוף,אלוף,dux,23,29,155,22548
אלוף,אלוף,praecipuus,0,29,3,22548
אלוף,אלוף,maximus,0,29,0,22548
אלוף,אלוף,imperator,0,29,1,22548
אלוף,אלוף,rector,0,29,2,22548
אלוף,אלוף,miles,0,29,23,22548
אלופ,אלוף,dux,23,29,155,22548
אלופ,אלוף,imperator,0,29,1,22548
אלופ,אלוף,rector,0,29,2,22548
אלופ,אלוף,miles,0,29,23,22548
אלופ,אלוף,princeps,2,29,610,22548
אלופי,אלופי,dux,0,0,155,22548
אלופי,אלופי,imperator,0,0,1,22548
אלופי,אלופי,rector,0,0,2,22548
אלופי,אלופי,miles,0,0,23,22548
אלופי,אלופי,princeps,0,0,610,22548
אלות,אלות,sustollo,0,0,1,22548
אליהו,אליהו,sol,0,57,131,22548
אליהו,אליהו,phoebus,0,57,0,22548
אליהו,אליהו,solis,0,57,0,22548
אליל,אליל,deus,6,17,2682,22548
אליל,אליל,genius,0,17,0,22548
אליל,אליל,ingenium,0,17,0,22548
אליל,אליל,fortuna,0,17,1,22548
אליל,אליל,spiritus,1,17,241,22548
אליל,אליל,animus,0,17,39,22548
אליל,אליל,numen,0,17,0,22548
אליל,אליל,diuinus,1,17,12,22548
אליל,אליל,diuus,0,17,0,22548
אליל,אליל,dea,0,17,2,22548
אליל,אליל,caelum,2,17,393,22548
אליל,אליל,caelus,0,17,0,22548
אליל,אליל,hercules,0,17,0,22548
אליל,אליל,deum,0,17,0,22548
אליל,אליל,dei,0,17,0,22548
אליל,אליל,deo,0,17,0,22548
אליל,אליל,adoro,4,17,178,22548
אליל,אליל,colo,0,17,46,22548
אליל,אליל,basio,0,17,0,22548
אליל,אליל,artificiosus,0,17,0,22548
אלילי,אלילי,artificiosus,0,0,0,22548
אלימ,אלים,dea,0,0,2,22548
אלימ,אלים,caelum,0,0,393,22548
אלימ,אלים,caelus,0,0,0,22548
אלימ,אלים,hercules,0,0,0,22548
אלימ,אלים,deus,0,0,2682,22548
אלימ,אלים,deum,0,0,0,22548
אלימ,אלים,dei,0,0,0,22548
אלימ,אלים,deo,0,0,0,22548
אלימ,אלים,numen,0,0,0,22548
אלימ,אלים,diuus,0,0,0,22548
אלימלך,אלימלך,ager,2,6,214,22548
אלימלך,אלימלך,fundus,0,6,3,22548
אלימלך,אלימלך,campus,0,6,26,22548
אלימלך,אלימלך,praedium,0,6,0,22548
אלימלך,אלימלך,uilla,0,6,38,22548
אלימלך,אלימלך,bos,0,6,182,22548
אלימלך,אלימלך,iuuencus,0,6,0,22548
אלימלך,אלימלך,taurus,0,6,20,22548
אלימלך,אלימלך,iumentum,0,6,117,22548
אלימלך,אלימלך,uitulus,0,6,128,22548
אלימלך,אלימלך,pecus,0,6,85,22548
אלימלך,אלימלך,armentum,0,6,70,22548
אלימלך,אלימלך,uacca,0,6,10,22548
אלימלך,אלימלך,bubulus,0,6,2,22548
אליקים,אליקים,scriba,4,12,41,22548
אליקים,אליקים,amanuensis,0,12,0,22548
אליקים,אליקים,dispensator,0,12,5,22548
אלכ,אלך,heros,0,8,0,22548
אלכ,אלך,qui,4,8,6495,22548
אלכ,אלך,iste,1,8,633,22548
אלכ,אלך,maritus,0,8,29,22548
אלכ,אלך,uir,6,8,1154,22548
אלכ,אלך,homo,0,8,780,22548
אלכ,אלך,uiri,0,8,0,22548
אלכ,אלך,uirum,0,8,0,22548
אלכ,אלך,uiro,0,8,0,22548
אלכ,אלך,abeo,0,8,219,22548
אלכ,אלך,discedo,0,8,4,22548
אלכ,אלך,abito,0,8,9,22548
אלכ,אלך,ibi,0,8,386,22548
אלכה,אלכה,abeo,0,0,219,22548
אלכה,אלכה,discedo,0,0,4,22548
אלכה,אלכה,abito,0,0,9,22548
אלם,אלם,aurum,0,15,229,22548
אלם,אלם,os,7,15,459,22548
אלם,אלם,labium,1,15,123,22548
אלם,אלם,labrum,0,15,8,22548
אלם,אלם,osculum,0,15,4,22548
אלמד,אלמד,doceo,0,0,122,22548
אלמד,אלמד,ostendo,0,0,147,22548
אלמד,אלמד,certus,0,0,10,22548
אלמד,אלמד,disco,0,0,40,22548
אלמנה,אלמנה,uiduus,4,52,4,22548
אלמנה,אלמנה,iudicium,7,52,361,22548
אלמנה,אלמנה,pupillus,26,52,40,22548
אלמנה,אלמנה,compressor,0,52,0,22548
אלמני,אלמני,hospes,0,3,0,22548
אלמני,אלמני,peregrinus,0,3,38,22548
אלמני,אלמני,aduena,0,3,59,22548
אלמני,אלמני,exter,0,3,10,22548
אלמני,אלמני,externus,0,3,5,22548
אלמת,אלמת,farratus,0,0,0,22548
אלני,אלני,quercus,0,1,20,22548
אלני,אלני,robur,0,1,46,22548
אלני,אלני,ilex,0,1,1,22548
אלף,אלף,mille,338,395,363,22548
אלף,אלף,innumerabilitas,0,395,0,22548
אלף,אלף,innumerabilis,2,395,16,22548
אלף,אלף,immensus,0,395,5,22548
אלף,אלף,miliarius,0,395,0,22548
אלף,אלף,milleni,1,395,1,22548
אלף,אלף,centum,36,395,156,22548
אלפ,אלף,mille,338,395,363,22548
אלפ,אלף,miliarius,0,395,0,22548
אלפ,אלף,milleni,1,395,1,22548
אלפ,אלף,centum,36,395,156,22548
אלפי,אלפי,mille,0,0,363,22548
אלפי,אלפי,miliarius,0,0,0,22548
אלפימ,אלפים,bini,0,0,12,22548
אלפימ,אלפים,septeni,0,0,3,22548
אלפימ,אלפים,hebdomada,0,0,3,22548
אלפימ,אלפים,terni,0,0,1,22548
אלפימ,אלפים,tribunus,0,0,19,22548
אלפימ,אלפים,mille,0,0,363,22548
אלפימ,אלפים,miliarius,0,0,0,22548
אלפינ,אלפין,mille,0,0,363,22548
אלפינ,אלפין,miliarius,0,0,0,22548
אם,אם,mater,182,1119,196,22548
אם,אם,genetrix,2,1119,3,22548
אם,אם,parens,5,1119,9,22548
אם,אם,matrem,0,1119,0,22548
אם,אם,matri,0,1119,0,22548
אם,אם,matris,0,1119,0,22548
אמ,אם,aurora,1,1119,6,22548
אמ,אם,mane,7,1119,173,22548
אמ,אם,usque,31,1119,812,22548
אמ,אם,dum,1,1119,30,22548
אמ,אם,quoad,0,1119,0,22548
אמ,אם,donec,20,1119,221,22548
אמ,אם,mensis,7,1119,208,22548
אמ,אם,mater,182,1119,196,22548
אמ,אם,genetrix,2,1119,3,22548
אמ,אם,parens,5,1119,9,22548
אמ,אם,matrem,0,1119,0,22548
אמ,אם,matri,0,1119,0,22548
אמ,אם,matris,0,1119,0,22548
אמ,אם,dimidius,0,1119,44,22548
אמ,אם,uterinus,2,1119,2,22548
אמ,אם,quotiens,0,1119,3,22548
אמ,אם,quoniam,22,1119,418,22548
אמ,אם,saluo,4,1119,105,22548
אמ,אם,nisi,54,1119,96,22548
אמה,אמה,centum,14,189,156,22548
אמה,אמה,adulescentula,0,189,4,22548
אמה,אמה,cubitus,4,189,4,22548
אמה,אמה,cubitum,100,189,106,22548
אמה,אמה,tribus,2,189,174,22548
אמה,אמה,gens,3,189,462,22548
אמה,אמה,tributim,0,189,0,22548
אמה,אמה,latitudo,63,189,93,22548
אמה,אמה,eurus,0,189,1,22548
אמה,אמה,longitudo,51,189,80,22548
אמהת,אמהת,adulescentula,0,0,4,22548
אמוט,אמוט,conuoluo,0,0,1,22548
אמון,אמון,fidelis,5,28,38,22548
אמון,אמון,fides,0,28,28,22548
אמון,אמון,hercules,0,28,0,22548
אמון,אמון,fidus,0,28,0,22548
אמון,אמון,regno,4,28,216,22548
אמון,אמון,rex,10,28,1935,22548
אמונה,אמונה,etenim,0,48,7,22548
אמונה,אמונה,uerus,1,48,36,22548
אמונה,אמונה,hercules,0,48,0,22548
אמונה,אמונה,ueritas,12,48,113,22548
אמונה,אמונה,germanus,0,48,1,22548
אמונה,אמונה,edepol,0,48,0,22548
אמונה,אמונה,pol,0,48,0,22548
אמונה,אמונה,pignus,0,48,14,22548
אמונה,אמונה,fidelitas,0,48,0,22548
אמונה,אמונה,fides,18,48,28,22548
אמונה,אמונה,iudicium,4,48,361,22548
אמונה,אמונה,iustus,3,48,260,22548
אמונה,אמונה,ius,0,48,37,22548
אמונה,אמונה,iustitia,7,48,220,22548
אמונה,אמונה,dexter,0,48,104,22548
אמונה,אמונה,aequitas,0,48,20,22548
אמונה,אמונה,aequus,0,48,22,22548
אמונה,אמונה,iustifico,0,48,22,22548
אמונה,אמונה,oportet,0,48,3,22548
אמונה,אמונה,pulcher,0,48,69,22548
אמונה,אמונה,mereo,0,48,6,22548
אמונה,אמונה,dignus,0,48,19,22548
אמונה,אמונה,rego,0,48,37,22548
אמונת,אמונת,etenim,0,0,7,22548
אמונת,אמונת,uerus,0,0,36,22548
אמונת,אמונת,hercules,0,0,0,22548
אמונת,אמונת,ueritas,0,0,113,22548
אמוץ,אמוץ,propheta,5,13,281,22548
אמוץ,אמוץ,expositor,0,13,0,22548
אמות,אמות,morior,0,0,469,22548
אמות,אמות,pereo,0,0,156,22548
אמות,אמות,occido,0,0,196,22548
אמות,אמות,cado,0,0,252,22548
אמות,אמות,mors,0,0,197,22548
אמות,אמות,interfacio,0,0,149,22548
אמות,אמות,occaedes,0,0,26,22548
אמות,אמות,obeo,0,0,6,22548
אמות,אמות,percutio,0,0,489,22548
אמות,אמות,cubitus,0,0,4,22548
אמות,אמות,cubitum,0,0,106,22548
אמחה,אמחה,detergeo,0,0,0,22548
אמי,אמי,tribus,0,1,174,22548
אמי,אמי,gens,0,1,462,22548
אמי,אמי,tributim,0,1,0,22548
אמי,אמי,regio,0,1,158,22548
אמי,אמי,terra,0,1,2254,22548
אמי,אמי,locus,0,1,513,22548
אמי,אמי,finis,0,1,137,22548
אמי,אמי,ager,0,1,214,22548
אמי,אמי,rus,0,1,1,22548
אמימ,אמים,gens,0,0,462,22548
אמימ,אמים,natio,0,0,51,22548
אמימ,אמים,populus,0,0,1560,22548
אמימ,אמים,prouincia,0,0,50,22548
אמימ,אמים,tribus,0,0,174,22548
אמימ,אמים,plebs,0,0,19,22548
אמימ,אמים,uulgus,0,0,39,22548
אמימ,אמים,turba,0,0,30,22548
אמימ,אמים,exercitus,0,0,467,22548
אמימ,אמים,militia,0,0,54,22548
אמימ,אמים,hospes,0,0,0,22548
אמימ,אמים,tecolithos,0,0,0,22548
אמימ,אמים,petrinus,0,0,0,22548
אמימ,אמים,popularis,0,0,0,22548
אמינ,אמין,cubitus,0,0,4,22548
אמינ,אמין,cubitum,0,0,106,22548
אמיר,אמיר,ramus,1,3,22,22548
אמל,אמל,uitis,1,14,11,22548
אמל,אמל,mados,0,14,0,22548
אמל,אמל,inaresco,0,14,0,22548
אמל,אמל,exsicco,1,14,10,22548
אמל,אמל,lugeo,2,14,31,22548
אמל,אמל,maereo,1,14,19,22548
אמלט,אמלט,seruo,0,0,66,22548
אמלט,אמלט,conseruo,0,0,5,22548
אמלט,אמלט,tueor,0,0,6,22548
אמלט,אמלט,saluus,0,0,64,22548
אמלט,אמלט,salus,0,0,95,22548
אמלט,אמלט,libero,0,0,139,22548
אמלט,אמלט,retineo,0,0,11,22548
אמלט,אמלט,saluo,0,0,105,22548
אמללה,אמללה,lugeo,0,0,31,22548
אמללה,אמללה,maereo,0,0,19,22548
אמן,אמן,spero,0,125,69,22548
אמן,אמן,confido,1,125,57,22548
אמן,אמן,existimo,0,125,1,22548
אמן,אמן,fiducia,1,125,47,22548
אמן,אמן,credo,44,125,59,22548
אמן,אמן,fidelis,27,125,38,22548
אמן,אמן,fides,2,125,28,22548
אמן,אמן,hercules,0,125,0,22548
אמן,אמן,fidus,0,125,0,22548
אמנ,אמן,germanus,0,125,1,22548
אמנ,אמן,fio,1,125,188,22548
אמנ,אמן,nascor,0,125,103,22548
אמנ,אמן,orior,0,125,52,22548
אמנ,אמן,gigno,1,125,190,22548
אמנ,אמן,sum,54,125,9821,22548
אמנ,אמן,hercules,0,125,0,22548
אמנ,אמן,edepol,0,125,0,22548
אמנ,אמן,pol,0,125,0,22548
אמנ,אמן,pignus,0,125,14,22548
אמנ,אמן,fidelitas,0,125,0,22548
אמנ,אמן,fides,2,125,28,22548
אמנה,אמנה,quidem,0,8,63,22548
אמנה,אמנה,immo,0,8,1,22548
אמנה,אמנה,plenus,0,8,117,22548
אמנה,אמנה,quamuis,0,8,1,22548
אמנה,אמנה,tamen,0,8,49,22548
אמנון,אמנון,soror,6,22,94,22548
אמנון,אמנון,germana,0,22,1,22548
אמנון,אמנון,sororius,0,22,0,22548
אמנון,אמנון,agninus,0,22,0,22548
אמנונ,אמנון,agninus,0,22,0,22548
אמץ,אמץ,uis,0,44,73,22548
אמץ,אמץ,robur,0,44,46,22548
אמץ,אמץ,fortitudo,2,44,232,22548
אמץ,אמץ,potentia,0,44,17,22548
אמצא,אמצא,inuenio,0,0,379,22548
אמצא,אמצא,reperio,0,0,33,22548
אמציהו,אמציהו,clango,0,30,28,22548
אמר,אמר,reporto,1,4363,7,22548
אמר,אמר,rescribo,1,4363,1,22548
אמר,אמר,exaudio,16,4363,135,22548
אמר,אמר,respondeo,457,4363,541,22548
אמר,אמר,aio,715,4363,898,22548
אמר,אמר,dico,3129,4363,3485,22548
אמר,אמר,inquam,81,4363,103,22548
אמר,אמר,loquor,553,4363,1092,22548
אמר,אמר,profor,0,4363,0,22548
אמר,אמר,quaero,67,4363,249,22548
אמר,אמר,peto,24,4363,48,22548
אמר,אמר,interrogo,48,4363,79,22548
אמר,אמר,postulo,18,4363,39,22548
אמר,אמר,rogo,10,4363,51,22548
אמר,אמר,fabulor,0,4363,0,22548
אמר,אמר,uoco,165,4363,413,22548
אמר,אמר,appello,13,4363,48,22548
אמר,אמר,iubeo,34,4363,75,22548
אמר,אמר,praecipio,172,4363,448,22548
אמר,אמר,ordo,6,4363,56,22548
אמר,אמר,imperium,12,4363,59,22548
אמר,אמר,impero,16,4363,49,22548
אמר,אמר,sermo,191,4363,429,22548
אמר,אמר,uerbum,276,4363,712,22548
אמרה,אמרה,dico,3,34,3485,22548
אמרה,אמרה,loquor,3,34,1092,22548
אמרה,אמרה,aio,1,34,898,22548
אמרה,אמרה,uoco,0,34,413,22548
אמרה,אמרה,appello,0,34,48,22548
אמרו,אמרו,quaero,0,0,249,22548
אמרו,אמרו,peto,0,0,48,22548
אמרו,אמרו,interrogo,0,0,79,22548
אמרו,אמרו,postulo,0,0,39,22548
אמרו,אמרו,rogo,0,0,51,22548
אמרו,אמרו,dico,0,0,3485,22548
אמרו,אמרו,loquor,0,0,1092,22548
אמרו,אמרו,aio,0,0,898,22548
אמרו,אמרו,uoco,0,0,413,22548
אמרו,אמרו,appello,0,0,48,22548
אמרות,אמרות,oraculum,0,0,27,22548
אמרי,אמרי,dico,14,86,3485,22548
אמרי,אמרי,loquor,2,86,1092,22548
אמרי,אמרי,aio,0,86,898,22548
אמרי,אמרי,uoco,2,86,413,22548
אמרי,אמרי,appello,0,86,48,22548
אמרי,אמרי,oraculum,0,86,27,22548
אמרי,אמרי,sermo,0,86,429,22548
אמרי,אמרי,uerbum,1,86,712,22548
אמרימ,אמרים,dico,0,0,3485,22548
אמרימ,אמרים,loquor,0,0,1092,22548
אמרימ,אמרים,aio,0,0,898,22548
אמרימ,אמרים,uoco,0,0,413,22548
אמרימ,אמרים,appello,0,0,48,22548
אמרינ,אמרין,dico,0,0,3485,22548
אמרינ,אמרין,loquor,0,0,1092,22548
אמרינ,אמרין,aio,0,0,898,22548
אמרינ,אמרין,uoco,0,0,413,22548
אמרינ,אמרין,appello,0,0,48,22548
אמרת,אמרת,aio,0,0,898,22548
אמרת,אמרת,dico,0,0,3485,22548
אמרת,אמרת,inquam,0,0,103,22548
אמרת,אמרת,loquor,0,0,1092,22548
אמרת,אמרת,respondeo,0,0,541,22548
אמרת,אמרת,profor,0,0,0,22548
אמרת,אמרת,uoco,0,0,413,22548
אמרת,אמרת,appello,0,0,48,22548
אמרת,אמרת,oraculum,0,0,27,22548
אמרת,אמרת,causa,0,0,85,22548
אמרת,אמרת,argumentum,0,0,1,22548
אמרת,אמרת,contio,0,0,3,22548
אמרת,אמרת,tabula,0,0,57,22548
אמרת,אמרת,fabula,0,0,2,22548
אמרת,אמרת,ob,0,0,67,22548
אמרת,אמרת,ratio,0,0,11,22548
אמרת,אמרת,uerbi,0,0,0,22548
אמרת,אמרת,oratio,0,0,64,22548
אמרת,אמרת,uerbum,0,0,712,22548
אמרת,אמרת,sermo,0,0,429,22548
אמרת,אמרת,uox,0,0,345,22548
אמרתי,אמרתי,aio,0,0,898,22548
אמרתי,אמרתי,dico,0,0,3485,22548
אמרתי,אמרתי,inquam,0,0,103,22548
אמרתי,אמרתי,loquor,0,0,1092,22548
אמרתי,אמרתי,respondeo,0,0,541,22548
אמרתי,אמרתי,profor,0,0,0,22548
אמרתי,אמרתי,uoco,0,0,413,22548
אמרתי,אמרתי,appello,0,0,48,22548
אמרתמ,אמרתם,dico,0,0,3485,22548
אמרתמ,אמרתם,loquor,0,0,1092,22548
אמרתמ,אמרתם,aio,0,0,898,22548
אמרתמ,אמרתם,uoco,0,0,413,22548
אמרתמ,אמרתם,appello,0,0,48,22548
אמש,אמש,hesternus,0,5,2,22548
אמת,אמת,etenim,0,118,7,22548
אמת,אמת,uerus,20,118,36,22548
אמת,אמת,hercules,0,118,0,22548
אמת,אמת,ueritas,81,118,113,22548
אמת,אמת,certus,0,118,10,22548
אמת,אמת,germanus,0,118,1,22548
אמת,אמת,iudicium,17,118,361,22548
אמת,אמת,iustitia,14,118,220,22548
אמת,אמת,aequitas,3,118,20,22548
אמת,אמת,seruus,2,118,607,22548
אמת,אמת,famulus,0,118,31,22548
אמת,אמת,mancipium,0,118,1,22548
אמת,אמת,seruio,2,118,160,22548
אמת,אמת,seruitium,0,118,0,22548
אמת,אמת,puer,0,118,220,22548
אמת,אמת,famula,0,118,13,22548
אמת,אמת,ancilla,0,118,91,22548
אמת,אמת,ministra,0,118,0,22548
אמת,אמת,adulescentula,0,118,4,22548
אמת,אמת,misericordia,29,118,243,22548
אמת,אמת,clementia,1,118,8,22548
אמת,אמת,misero,0,118,2,22548
אמת,אמת,noctua,0,118,2,22548
אמת,אמת,misereo,0,118,10,22548
אמתחת,אמתחת,euerto,0,12,5,22548
אמתחת,אמתחת,diruo,0,12,3,22548
אמתחת,אמתחת,subuerto,0,12,36,22548
אמתחת,אמתחת,destruo,0,12,73,22548
אמתחת,אמתחת,depopulor,0,12,7,22548
אמתחת,אמתחת,uasto,0,12,45,22548
אמתחת,אמתחת,diripio,0,12,38,22548
אמתחת,אמתחת,populor,0,12,0,22548
אמתחת,אמתחת,pecunia,8,12,72,22548
אמתחת,אמתחת,argenteus,1,12,78,22548
אמתחת,אמתחת,nummus,0,12,1,22548
אמתחת,אמתחת,argentum,2,12,189,22548
אמתחת,אמתחת,unus,1,12,586,22548
אמתחת,אמתחת,complures,0,12,0,22548
אמתחת,אמתחת,alter,0,12,212,22548
אמתחת,אמתחת,quisque,0,12,15,22548
אמתחת,אמתחת,impono,0,12,51,22548
אמתימ,אמתים,duo,0,0,461,22548
אמתימ,אמתים,uter,0,0,5,22548
אמתימ,אמתים,bini,0,0,12,22548
אמתימ,אמתים,cubitus,0,0,4,22548
אמתימ,אמתים,cubitum,0,0,106,22548
אן,אן,quorsum,0,46,0,22548
אן,אן,quocumque,0,46,0,22548
אן,אן,credo,1,46,59,22548
אן,אן,certus,0,46,10,22548
אן,אן,puto,0,46,54,22548
אן,אן,aliquis,0,46,43,22548
אן,אן,quatenus,0,46,0,22548
אן,אן,quotus,0,46,0,22548
אנ,אן,sol,0,46,131,22548
אנ,אן,phoebus,0,46,0,22548
אנ,אן,solis,0,46,0,22548
אנ,אן,urbs,2,46,346,22548
אנ,אן,ciuitas,2,46,683,22548
אנ,אן,oppidum,1,46,46,22548
אנ,אן,moenia,0,46,5,22548
אנ,אן,publicus,0,46,7,22548
אנ,אן,athenae,0,46,0,22548
אנ,אן,municipium,0,46,0,22548
אנ,אן,urbem,0,46,0,22548
אנ,אן,urbis,0,46,0,22548
אנ,אן,credo,1,46,59,22548
אנ,אן,certus,0,46,10,22548
אנ,אן,puto,0,46,54,22548
אנ,אן,aliquis,0,46,43,22548
אנ,אן,quatenus,0,46,0,22548
אנ,אן,quotus,0,46,0,22548
אנא,אנא,quonam,0,5,0,22548
אנא,אנא,precor,0,5,10,22548
אנא,אנא,oro,1,5,95,22548
אנא,אנא,uoueo,0,5,40,22548
אנא,אנא,opto,0,5,2,22548
אנא,אנא,quaeso,1,5,25,22548
אנא,אנא,obsecro,4,5,73,22548
אנא,אנא,oratio,1,5,64,22548
אנא,אנא,prex,0,5,27,22548
אנא,אנא,tandem,0,5,4,22548
אנב,אנב,fructus,0,0,110,22548
אנב,אנב,pomum,0,0,19,22548
אנב,אנב,messis,0,0,32,22548
אנדע,אנדע,nosco,0,0,122,22548
אנדע,אנדע,cognosco,0,0,131,22548
אנדע,אנדע,scio,0,0,334,22548
אנדע,אנדע,intellego,0,0,136,22548
אנדע,אנדע,scientia,0,0,76,22548
אנדע,אנדע,statuo,0,0,62,22548
אנה,אנה,laudo,1,12,132,22548
אנה,אנה,laus,0,12,73,22548
אנה,אנה,nusquam,0,12,0,22548
אנה,אנה,credo,0,12,59,22548
אנה,אנה,certus,1,12,10,22548
אנה,אנה,puto,0,12,54,22548
אנה,אנה,aliquis,0,12,43,22548
אנה,אנה,quatenus,0,12,0,22548
אנה,אנה,quotus,0,12,0,22548
אנוש,אנוש,populus,3,53,1560,22548
אנוש,אנוש,qui,11,53,6495,22548
אנוש,אנוש,humanus,1,53,7,22548
אנוש,אנוש,iste,2,53,633,22548
אנוש,אנוש,orbis,0,53,39,22548
אנוש,אנוש,plebs,0,53,19,22548
אנוש,אנוש,mundum,0,53,0,22548
אנוש,אנוש,uir,4,53,1154,22548
אנוש,אנוש,homo,37,53,780,22548
אנוש,אנוש,genero,0,53,14,22548
אנוש,אנוש,quinquaginta,0,53,118,22548
אנוש,אנוש,quindecim,1,53,16,22548
אנוש,אנוש,quinque,2,53,183,22548
אנחה,אנחה,gemebundus,0,11,0,22548
אנחת,אנחת,gemebundus,0,0,0,22548
אניה,אניה,nauis,23,28,27,22548
אניה,אניה,puppis,0,28,0,22548
אניה,אניה,carina,0,28,0,22548
אניה,אניה,ratis,0,28,2,22548
אניה,אניה,classis,4,28,8,22548
אניה,אניה,uasum,0,28,0,22548
אניה,אניה,naui,0,28,0,22548
אניה,אניה,nauem,0,28,0,22548
אניה,אניה,nauicula,0,28,0,22548
אניה,אניה,scapha,0,28,0,22548
אניות,אניות,nauis,0,0,27,22548
אניות,אניות,puppis,0,0,0,22548
אניות,אניות,carina,0,0,0,22548
אניות,אניות,ratis,0,0,2,22548
אניות,אניות,classis,0,0,8,22548
אניות,אניות,uasum,0,0,0,22548
אניות,אניות,naui,0,0,0,22548
אניות,אניות,nauem,0,0,0,22548
אנן,אנן,queror,0,2,1,22548
אנן,אנן,accuso,0,2,5,22548
אנן,אנן,insimulo,0,2,0,22548
אנן,אנן,incuso,0,2,0,22548
אנן,אנן,uitupero,0,2,0,22548
אנן,אנן,reprehendo,0,2,0,22548
אנן,אנן,culpa,0,2,7,22548
אנן,אנן,culpo,0,2,0,22548
אנס,אנס,cogo,1,1,17,22548
אנס,אנס,copia,0,1,6,22548
אנס,אנס,uis,0,1,73,22548
אנס,אנס,coacto,0,1,0,22548
אנס,אנס,necessitas,0,1,5,22548
אנס,אנס,fatum,0,1,0,22548
אנס,אנס,necesse,0,1,10,22548
אנס,אנס,necessarius,0,1,24,22548
אנף,אנף,obirascor,0,16,0,22548
אנפ,אנף,uultus,0,16,82,22548
אנפ,אנף,facies,2,16,497,22548
אנפ,אנף,os,0,16,459,22548
אנפ,אנף,ora,0,16,8,22548
אנפ,אנף,persona,0,16,13,22548
אנפו,אנפו,uultus,0,0,82,22548
אנפו,אנפו,facies,0,0,497,22548
אנפו,אנפו,os,0,0,459,22548
אנפו,אנפו,ora,0,0,8,22548
אנפו,אנפו,persona,0,0,13,22548
אנקת,אנקת,gemebundus,0,0,0,22548
אנש,אנש,heros,0,7,0,22548
אנש,אנש,qui,6,7,6495,22548
אנש,אנש,iste,0,7,633,22548
אנש,אנש,maritus,0,7,29,22548
אנש,אנש,uir,1,7,1154,22548
אנש,אנש,homo,4,7,780,22548
אנש,אנש,uiri,0,7,0,22548
אנש,אנש,uirum,0,7,0,22548
אנש,אנש,uiro,0,7,0,22548
אנש,אנש,humanus,1,7,7,22548
אנש,אנש,humano,0,7,0,22548
אנש,אנש,populus,0,7,1560,22548
אנש,אנש,orbis,0,7,39,22548
אנש,אנש,plebs,0,7,19,22548
אנש,אנש,mundum,0,7,0,22548
אנשי,אנשי,heros,0,0,0,22548
אנשי,אנשי,qui,0,0,6495,22548
אנשי,אנשי,iste,0,0,633,22548
אנשי,אנשי,maritus,0,0,29,22548
אנשי,אנשי,uir,0,0,1154,22548
אנשי,אנשי,homo,0,0,780,22548
אנשי,אנשי,uiri,0,0,0,22548
אנשי,אנשי,uirum,0,0,0,22548
אנשי,אנשי,uiro,0,0,0,22548
אנשי,אנשי,populus,0,0,1560,22548
אנשי,אנשי,humanus,0,0,7,22548
אנשי,אנשי,orbis,0,0,39,22548
אנשי,אנשי,plebs,0,0,19,22548
אנשי,אנשי,mundum,0,0,0,22548
אנשימ,אנשים,heros,0,0,0,22548
אנשימ,אנשים,qui,0,0,6495,22548
אנשימ,אנשים,iste,0,0,633,22548
אנשימ,אנשים,maritus,0,0,29,22548
אנשימ,אנשים,uir,0,0,1154,22548
אנשימ,אנשים,homo,0,0,780,22548
אנשימ,אנשים,uiri,0,0,0,22548
אנשימ,אנשים,uirum,0,0,0,22548
אנשימ,אנשים,uiro,0,0,0,22548
אנשימ,אנשים,populus,0,0,1560,22548
אנשימ,אנשים,humanus,0,0,7,22548
אנשימ,אנשים,orbis,0,0,39,22548
אנשימ,אנשים,plebs,0,0,19,22548
אנשימ,אנשים,mundum,0,0,0,22548
אסא,אסא,regno,13,51,216,22548
אסא,אסא,rex,25,51,1935,22548
אסוך,אסוך,urnula,0,1,0,22548
אסוך,אסוך,seria,0,1,0,22548
אסון,אסון,accido,1,5,46,22548
אסון,אסון,euenio,0,5,16,22548
אסון,אסון,fors,0,5,0,22548
אסון,אסון,sequor,0,5,164,22548
אסונ,אסון,lenitudo,0,5,0,22548
אסונ,אסון,praemollis,0,5,0,22548
אסור,אסור,uinculum,1,3,27,22548
אסור,אסור,catena,0,3,21,22548
אסור,אסור,nodus,0,3,0,22548
אסור,אסור,syron,0,3,2,22548
אסיר,אסיר,captiuus,0,17,36,22548
אסיר,אסיר,captiuo,0,17,0,22548
אסיר,אסיר,phylaca,0,17,0,22548
אסף,אסף,congrego,87,221,255,22548
אסף,אסף,simul,4,221,145,22548
אסף,אסף,colligo,28,221,77,22548
אספ,אסף,accedo,0,221,108,22548
אספ,אסף,adicio,0,221,15,22548
אספ,אסף,adiungo,0,221,4,22548
אספ,אסף,addo,1,221,103,22548
אספ,אסף,congrego,87,221,255,22548
אספ,אסף,simul,4,221,145,22548
אספ,אסף,colligo,28,221,77,22548
אספו,אספו,congrego,0,0,255,22548
אספו,אספו,simul,0,0,145,22548
אספו,אספו,colligo,0,0,77,22548
אספסף,אספסף,labrusca,0,1,3,22548
אספסף,אספסף,uua,0,1,26,22548
אספרה,אספרה,elogio,0,0,0,22548
אסר,אסר,ligo,12,73,42,22548
אסר,אסר,uincio,20,73,35,22548
אסר,אסר,necto,0,73,2,22548
אסר,אסר,opus,2,73,417,22548
אסר,אסר,uolo,0,73,226,22548
אסר,אסר,postulo,0,73,39,22548
אסר,אסר,rogo,0,73,51,22548
אסר,אסר,peto,0,73,48,22548
אסר,אסר,oro,0,73,95,22548
אסר,אסר,necesse,0,73,10,22548
אסר,אסר,quaero,2,73,249,22548
אסר,אסר,quaeso,0,73,25,22548
אסר,אסר,necessarius,0,73,24,22548
אסר,אסר,interrogo,0,73,79,22548
אסר,אסר,obsecro,1,73,73,22548
אסר,אסר,desidero,0,73,42,22548
אסר,אסר,oratio,0,73,64,22548
אסר,אסר,prex,0,73,27,22548
אסר,אסר,uotum,3,73,41,22548
אסר,אסר,uotiuus,0,73,0,22548
אסתר,אסתר,celo,0,45,45,22548
אסתר,אסתר,abscondo,0,45,141,22548
אסתר,אסתר,occulo,0,45,1,22548
אסתר,אסתר,operio,1,45,159,22548
אע,אע,ligneus,0,3,9,22548
אע,אע,silua,0,3,29,22548
אע,אע,lignum,3,3,254,22548
אע,אע,caudeus,0,3,0,22548
אע,אע,tignum,0,3,1,22548
אע,אע,materia,0,3,1,22548
אע,אע,nemus,0,3,11,22548
אע,אע,lucus,0,3,31,22548
אע,אע,res,0,3,159,22548
אע,אע,lutarius,0,3,0,22548
אעבד,אעבד,seruus,0,0,607,22548
אעבד,אעבד,seruitus,0,0,30,22548
אעבד,אעבד,seruio,0,0,160,22548
אעידה,אעידה,obtestor,0,0,1,22548
אעלה,אעלה,ascendo,0,0,474,22548
אעלה,אעלה,mons,0,0,470,22548
אעלה,אעלה,escendo,0,0,0,22548
אעשה,אעשה,pereo,0,0,156,22548
אעשה,אעשה,perdo,0,0,60,22548
אעשה,אעשה,amitto,0,0,4,22548
אעשה,אעשה,mors,0,0,197,22548
אעשה,אעשה,deleo,0,0,128,22548
אעשה,אעשה,intereo,0,0,35,22548
אעשה,אעשה,ruina,0,0,51,22548
אעשה,אעשה,disperdo,0,0,76,22548
אעשה,אעשה,interfacio,0,0,149,22548
אעשה,אעשה,morior,0,0,469,22548
אעשה,אעשה,exitium,0,0,0,22548
אעשה,אעשה,occido,0,0,196,22548
אף,אף,naris,9,386,12,22548
אף,אף,nasus,1,386,3,22548
אפ,אף,spicifer,0,386,0,22548
אפ,אף,animus,1,386,39,22548
אפ,אף,spiritus,12,386,241,22548
אפ,אף,furor,138,386,217,22548
אפ,אף,ira,61,386,119,22548
אפ,אף,cor,12,386,642,22548
אפ,אף,pectus,0,386,8,22548
אפ,אף,amor,0,386,13,22548
אפ,אף,mens,2,386,38,22548
אפ,אף,libido,0,386,5,22548
אפ,אף,pectoralis,0,386,0,22548
אפ,אף,animi,0,386,0,22548
אפ,אף,obirascor,0,386,0,22548
אפ,אף,iracundia,0,386,33,22548
אפ,אף,uultus,4,386,82,22548
אפ,אף,facies,21,386,497,22548
אפ,אף,os,6,386,459,22548
אפ,אף,ora,0,386,8,22548
אפ,אף,persona,0,386,13,22548
אפד,אפד,succollo,0,40,0,22548
אפדה,אפדה,protectus,0,3,0,22548
אפדה,אפדה,opertus,0,3,7,22548
אפה,אפה,asso,0,23,2,22548
אפה,אפה,panis,6,23,255,22548
אפה,אפה,maturo,0,23,0,22548
אפו,אפו,credo,1,15,59,22548
אפו,אפו,certus,0,15,10,22548
אפו,אפו,puto,0,15,54,22548
אפו,אפו,aliquis,0,15,43,22548
אפו,אפו,quatenus,0,15,0,22548
אפו,אפו,quotus,0,15,0,22548
אפיל,אפיל,nuper,0,1,1,22548
אפיל,אפיל,serotinus,1,1,12,22548
אפיל,אפיל,serus,0,1,9,22548
אפיל,אפיל,nouissimus,0,1,94,22548
אפיל,אפיל,denique,0,1,4,22548
אפיל,אפיל,extremus,0,1,62,22548
אפיל,אפיל,posterus,0,1,25,22548
אפימ,אפים,longanimis,0,0,1,22548
אפימ,אפים,uultus,0,0,82,22548
אפימ,אפים,facies,0,0,497,22548
אפימ,אפים,os,0,0,459,22548
אפימ,אפים,ora,0,0,8,22548
אפימ,אפים,persona,0,0,13,22548
אפיק,אפיק,contumulo,0,19,0,22548
אפיקי,אפיקי,fons,0,0,70,22548
אפיקי,אפיקי,scatebra,0,0,0,22548
אפל,אפל,tenebrae,7,9,97,22548
אפל,אפל,caligo,4,9,36,22548
אפל,אפל,obscuritas,0,9,0,22548
אפל,אפל,cernentia,0,9,0,22548
אפל,אפל,tuor,0,9,0,22548
אפלה,אפלה,cado,0,9,252,22548
אפלה,אפלה,concido,0,9,21,22548
אפלה,אפלה,ruo,0,9,18,22548
אפלה,אפלה,incido,0,9,17,22548
אפלה,אפלה,ruina,0,9,51,22548
אפלה,אפלה,tenebrae,8,9,97,22548
אפלה,אפלה,caligo,3,9,36,22548
אפלה,אפלה,obscuritas,0,9,0,22548
אפלה,אפלה,nubiuagus,0,9,0,22548
אפנ,אפן,conuerto,0,1,187,22548
אפס,אפס,linquo,0,46,0,22548
אפס,אפס,saluo,0,46,105,22548
אפס,אפס,nisi,0,46,96,22548
אפסי,אפסי,uertex,0,0,44,22548
אפעה,אפעה,draco,0,4,25,22548
אפעה,אפעה,serpens,0,4,19,22548
אפעה,אפעה,anguis,0,4,0,22548
אפעה,אפעה,coluber,0,4,10,22548
אפק,אפק,syron,0,16,2,22548
אפר,אפר,puluis,4,21,81,22548
אפר,אפר,puluero,0,21,0,22548
אפר,אפר,puluereus,0,21,0,22548
אפר,אפר,cinis,18,21,38,22548
אפר,אפר,fauilla,2,21,10,22548
אפריון,אפריון,lectica,0,1,1,22548
אפתח,אפתח,pateo,0,0,11,22548
אפתח,אפתח,aperio,0,0,166,22548
אפתח,אפתח,patefacio,0,0,0,22548
אצבע,אצבע,digitus,29,30,39,22548
אצבע,אצבע,septingenties,0,30,0,22548
אצבע,אצבע,septies,0,30,0,22548
אצבע,אצבע,ala,0,30,45,22548
אצבע,אצבע,columna,1,30,73,22548
אצבע,אצבע,penna,0,30,2,22548
אצבע,אצבע,cornu,6,30,61,22548
אצבעת,אצבעת,digitus,0,0,39,22548
אצו,אצו,imperatus,0,0,0,22548
אצוה,אצוה,imperatus,0,0,0,22548
אציל,אציל,optimus,0,5,0,22548
אציל,אציל,praestans,0,5,0,22548
אציל,אציל,fortissimus,0,5,0,22548
אציל,אציל,fortis,0,5,262,22548
אציל,אציל,nobilis,0,5,17,22548
אציל,אציל,optimas,0,5,24,22548
אציל,אציל,generosus,0,5,0,22548
אציל,אציל,bonus,0,5,316,22548
אציל,אציל,perbonus,0,5,0,22548
אציל,אציל,pulcher,0,5,69,22548
אציל,אציל,formosus,0,5,0,22548
אציל,אציל,bene,0,5,65,22548
אציל,אציל,ius,0,5,37,22548
אציל,אציל,aequus,0,5,22,22548
אציל,אציל,speciosus,0,5,24,22548
אציל,אציל,ualeo,0,5,38,22548
אציל,אציל,posterus,0,5,25,22548
אציל,אציל,dexter,0,5,104,22548
אציל,אציל,puteus,0,5,37,22548
אציל,אציל,bellus,0,5,0,22548
אצל,אצל,habeo,4,64,694,22548
אצל,אצל,teneo,2,64,116,22548
אצל,אצל,possideo,0,64,160,22548
אצעדה,אצעדה,periscelis,1,2,1,22548
אצר,אצר,dux,2,11,155,22548
אצר,אצר,imperator,0,11,1,22548
אצר,אצר,rector,0,11,2,22548
אצר,אצר,miles,0,11,23,22548
אצר,אצר,princeps,0,11,610,22548
אצרות,אצרות,aerarius,0,0,2,22548
אצרות,אצרות,thesaurus,0,0,72,22548
אצרת,אצרת,aerarius,0,0,2,22548
אצרת,אצרת,thesaurus,0,0,72,22548
אקבצ,אקבץ,congrego,0,0,255,22548
אקבצ,אקבץ,simul,0,0,145,22548
אקבצ,אקבץ,colligo,0,0,77,22548
אקברה,אקברה,sepelio,0,0,114,22548
אקברה,אקברה,condo,0,0,15,22548
אקברה,אקברה,funus,0,0,2,22548
אקברה,אקברה,insepultus,0,0,0,22548
אקוה,אקוה,fero,0,0,342,22548
אקוה,אקוה,patior,0,0,36,22548
אקוה,אקוה,maneo,0,0,122,22548
אקח,אקח,capio,0,0,207,22548
אקח,אקח,sumo,0,0,94,22548
אקח,אקח,accipio,0,0,247,22548
אקח,אקח,recipio,0,0,37,22548
אקח,אקח,impetro,0,0,1,22548
אקח,אקח,excipio,0,0,19,22548
אקימ,אקים,sisto,0,0,0,22548
אקימ,אקים,sto,0,0,425,22548
אקימ,אקים,constituo,0,0,186,22548
אקימ,אקים,erigo,0,0,60,22548
אקרא,אקרא,clamo,0,0,180,22548
אקרא,אקרא,uociferor,0,0,3,22548
אקרא,אקרא,exclamo,0,0,12,22548
אקרא,אקרא,clamor,0,0,62,22548
אקרא,אקרא,appello,0,0,48,22548
אקרא,אקרא,nomino,0,0,16,22548
אקרא,אקרא,nomen,0,0,730,22548
אקרא,אקרא,inuito,0,0,5,22548
אקרא,אקרא,uoco,0,0,413,22548
אקרע,אקרע,capio,0,0,207,22548
אקרע,אקרע,sumo,0,0,94,22548
אקרע,אקרע,accipio,0,0,247,22548
אקרע,אקרע,recipio,0,0,37,22548
אקרע,אקרע,impetro,0,0,1,22548
אקרע,אקרע,excipio,0,0,19,22548
ארא,ארא,indico,0,1,110,22548
ארא,ארא,probo,0,1,58,22548
ארא,ארא,ostendo,0,1,147,22548
ארא,ארא,uideo,0,1,1044,22548
ארא,ארא,cerno,0,1,61,22548
ארא,ארא,conspicio,0,1,7,22548
ארא,ארא,aspicio,0,1,36,22548
ארא,ארא,animaduerto,0,1,5,22548
ארא,ארא,obseruo,0,1,56,22548
אראה,אראה,ecce,0,0,704,22548
אראה,אראה,uideo,0,0,1044,22548
אראה,אראה,cerno,0,0,61,22548
אראה,אראה,conspicio,0,0,7,22548
אראה,אראה,aspicio,0,0,36,22548
אראה,אראה,animaduerto,0,0,5,22548
אראה,אראה,obseruo,0,0,56,22548
ארב,ארב,hostis,0,42,123,22548
ארב,ארב,inimicus,1,42,247,22548
ארב,ארב,infestus,0,42,0,22548
ארב,ארב,inquilino,0,42,0,22548
ארבה,ארבה,gryllus,0,41,0,22548
ארבה,ארבה,cliuulus,0,41,0,22548
ארבה,ארבה,pluratiuus,0,41,0,22548
ארבה,ארבה,semen,5,41,186,22548
ארבה,ארבה,stirps,0,41,51,22548
ארבה,ארבה,proles,0,41,0,22548
ארבה,ארבה,semento,0,41,0,22548
ארבע,ארבע,uicesimus,7,394,53,22548
ארבע,ארבע,uiginti,30,394,223,22548
ארבע,ארבע,uiceni,0,394,0,22548
ארבע,ארבע,centum,9,394,156,22548
ארבע,ארבע,quinquagenarius,0,394,8,22548
ארבע,ארבע,quinquaginta,20,394,118,22548
ארבע,ארבע,quadraginta,110,394,116,22548
ארבע,ארבע,quattuor,154,394,161,22548
ארבע,ארבע,quartus,17,394,70,22548
ארבע,ארבע,quadringenti,48,394,50,22548
ארבע,ארבע,triceni,0,394,0,22548
ארבע,ארבע,triginta,19,394,146,22548
ארבע,ארבע,treceni,0,394,0,22548
ארבע,ארבע,trecenti,8,394,53,22548
ארבעה,ארבעה,decem,0,0,184,22548
ארבעה,ארבעה,deni,0,0,2,22548
ארבעה,ארבעה,uicesimus,0,0,53,22548
ארבעה,ארבעה,uiginti,0,0,223,22548
ארבעה,ארבעה,uiceni,0,0,0,22548
ארבעה,ארבעה,quadraginta,0,0,116,22548
ארבעה,ארבעה,quattuor,0,0,161,22548
ארבעה,ארבעה,quarta,0,0,0,22548
ארבעה,ארבעה,quartus,0,0,70,22548
ארבעימ,ארבעים,quinquaginta,0,0,118,22548
ארבעימ,ארבעים,quindecim,0,0,16,22548
ארבעימ,ארבעים,quinque,0,0,183,22548
ארבעימ,ארבעים,quadraginta,0,0,116,22548
ארבעימ,ארבעים,quadrageni,0,0,0,22548
ארבעת,ארבעת,quadraginta,0,0,116,22548
ארבעת,ארבעת,quattuor,0,0,161,22548
ארבת,ארבת,cataracta,0,0,6,22548
ארג,ארג,detexo,0,15,0,22548
ארג,ארג,lanificium,0,15,0,22548
ארג,ארג,trilix,0,15,0,22548
ארגון,ארגון,purpureus,0,1,5,22548
ארגון,ארגון,purpura,0,1,33,22548
ארגון,ארגון,ostrum,0,1,0,22548
ארגונ,ארגון,purpureus,0,1,5,22548
ארגונ,ארגון,purpura,0,1,33,22548
ארגונ,ארגון,ostrum,0,1,0,22548
ארגז,ארגז,uictima,1,3,109,22548
ארגז,ארגז,arca,3,3,194,22548
ארגז,ארגז,aureus,3,3,142,22548
ארגז,ארגז,aurum,0,3,229,22548
ארגמן,ארגמן,profunditas,0,38,1,22548
ארגמן,ארגמן,byssus,6,38,10,22548
ארגמן,ארגמן,coccum,15,38,19,22548
ארגמן,ארגמן,coccineus,0,38,6,22548
ארגמן,ארגמן,purpureus,5,38,5,22548
ארגמן,ארגמן,purpura,25,38,33,22548
ארגמן,ארגמן,ostrum,0,38,0,22548
ארגמן,ארגמן,hyacinthus,23,38,32,22548
ארגמנ,ארגמן,purpureus,5,38,5,22548
ארגמנ,ארגמן,purpura,25,38,33,22548
ארגמנ,ארגמן,ostrum,0,38,0,22548
ארד,ארד,descendo,0,2,256,22548
ארד,ארד,deicio,0,2,19,22548
ארו,ארו,ecce,0,0,704,22548
ארוה,ארוה,patina,0,3,0,22548
ארוז,ארוז,profundum,0,1,21,22548
ארוז,ארוז,alo,0,1,13,22548
ארוז,ארוז,altitudo,0,1,59,22548
ארוז,ארוז,solidus,0,1,10,22548
ארון,ארון,arca,161,173,194,22548
ארונ,ארון,arca,161,173,194,22548
ארונה,ארונה,salictum,0,7,0,22548
ארור,ארור,exsecrabilis,0,0,2,22548
ארז,ארז,cedrinus,25,65,30,22548
ארז,ארז,cedrus,36,65,40,22548
ארז,ארז,libanus,18,65,61,22548
ארז,ארז,tusculum,0,65,0,22548
ארז,ארז,tureus,0,65,0,22548
ארז,ארז,silua,1,65,29,22548
ארז,ארז,tignum,0,65,1,22548
ארז,ארז,materia,0,65,1,22548
ארז,ארז,lignum,21,65,254,22548
ארזימ,ארזים,cedrinus,0,0,30,22548
ארזימ,ארזים,cedrus,0,0,40,22548
ארח,ארח,iter,5,65,78,22548
ארח,ארח,semita,39,65,81,22548
ארח,ארח,uia,26,65,601,22548
ארח,ארח,modus,0,65,46,22548
ארח,ארח,orbita,0,65,0,22548
ארח,ארח,frictio,0,65,0,22548
ארחות,ארחות,uia,0,0,601,22548
ארחות,ארחות,iter,0,0,78,22548
ארחות,ארחות,semita,0,0,81,22548
ארחות,ארחות,modus,0,0,46,22548
ארחות,ארחות,orbita,0,0,0,22548
ארחות,ארחות,frictio,0,0,0,22548
ארחת,ארחת,uia,0,0,601,22548
ארחת,ארחת,iter,0,0,78,22548
ארחת,ארחת,semita,0,0,81,22548
ארחת,ארחת,modus,0,0,46,22548
ארי,ארי,leo,29,33,94,22548
ארי,ארי,ursus,6,33,9,22548
ארי,ארי,ingesto,0,33,0,22548
ארי,ארי,scymnus,0,33,0,22548
אריה,אריה,leaena,3,40,13,22548
אריה,אריה,leo,36,40,94,22548
אריה,אריה,ceu,0,40,0,22548
אריה,אריה,uelut,0,40,42,22548
אריה,אריה,scymnus,0,40,0,22548
אריות,אריות,leo,0,0,94,22548
ארך,ארך,longitudo,77,145,80,22548
ארך,ארך,uicesimus,0,145,53,22548
ארך,ארך,uiginti,30,145,223,22548
ארך,ארך,uiceni,0,145,0,22548
ארך,ארך,latitudo,58,145,93,22548
ארך,ארך,eurus,0,145,1,22548
ארך,ארך,quinquaginta,12,145,118,22548
ארך,ארך,quindecim,0,145,16,22548
ארך,ארך,quinque,24,145,183,22548
ארך,ארך,cubitus,2,145,4,22548
ארך,ארך,cubitum,46,145,106,22548
ארכ,ארך,longanimis,1,145,1,22548
ארכבה,ארכבה,genu,0,0,27,22548
ארכבה,ארכבה,poples,0,0,1,22548
ארכבה,ארכבה,genus,0,0,65,22548
ארכה,ארכה,longitudo,0,0,80,22548
ארם,ארם,amicimen,0,132,0,22548
ארמ,ארם,amicimen,0,132,0,22548
ארמ,ארם,scopulae,0,132,0,22548
ארמ,ארם,othonna,0,132,0,22548
ארמ,ארם,yria,0,132,0,22548
ארמון,ארמון,amando,0,31,0,22548
ארמון,ארמון,deuoro,10,31,103,22548
ארמון,ארמון,esco,0,31,0,22548
ארמון,ארמון,murus,7,31,158,22548
ארמון,ארמון,moenia,3,31,5,22548
ארמון,ארמון,paries,0,31,67,22548
ארמון,ארמון,moene,0,31,0,22548
ארמון,ארמון,regio,0,31,158,22548
ארמון,ארמון,terra,4,31,2254,22548
ארמון,ארמון,locus,0,31,513,22548
ארמון,ארמון,finis,0,31,137,22548
ארמון,ארמון,ager,0,31,214,22548
ארמון,ארמון,rus,0,31,1,22548
ארמי,ארמי,scopulae,0,15,0,22548
ארמי,ארמי,othonna,0,15,0,22548
ארמי,ארמי,yria,0,15,0,22548
ארמי,ארמי,amicimen,0,15,0,22548
ארמית,ארמית,othonna,0,0,0,22548
ארמית,ארמית,yria,0,0,0,22548
ארנ,ארן,arca,0,4,194,22548
ארנבת,ארנבת,lepor,1,2,1,22548
ארנון,ארנון,agnos,0,23,0,22548
ארנון,ארנון,agnus,0,23,120,22548
ארנן,ארנן,agnos,0,11,0,22548
ארנן,ארנן,agnus,0,11,120,22548
ארננ,ארנן,agnos,0,11,0,22548
ארננ,ארנן,agnus,0,11,120,22548
ארע,ארע,terra,4,4,2254,22548
ארע,ארע,tellus,0,4,0,22548
ארע,ארע,ager,0,4,214,22548
ארע,ארע,humus,0,4,42,22548
ארע,ארע,finis,0,4,137,22548
ארע,ארע,regio,0,4,158,22548
ארע,ארע,terrae,0,4,0,22548
ארפכשד,ארפכשד,signum,0,9,116,22548
ארפכשד,ארפכשד,symbolus,0,9,0,22548
ארץ,ארץ,terra,1947,2131,2254,22548
ארץ,ארץ,tellus,0,2131,0,22548
ארץ,ארץ,ager,31,2131,214,22548
ארץ,ארץ,humus,16,2131,42,22548
ארץ,ארץ,finis,37,2131,137,22548
ארץ,ארץ,regio,52,2131,158,22548
ארץ,ארץ,terrae,0,2131,0,22548
ארצ,ארץ,aegyptus,225,2131,519,22548
ארצ,ארץ,aegyptius,11,2131,62,22548
ארצ,ארץ,iris,0,2131,0,22548
ארצ,ארץ,ipse,96,2131,933,22548
ארצ,ארץ,sui,41,2131,606,22548
ארצ,ארץ,catonium,0,2131,0,22548
ארצ,ארץ,regio,52,2131,158,22548
ארצ,ארץ,terra,1947,2131,2254,22548
ארצ,ארץ,locus,56,2131,513,22548
ארצ,ארץ,finis,37,2131,137,22548
ארצ,ארץ,ager,31,2131,214,22548
ארצ,ארץ,rus,1,2131,1,22548
ארצות,ארצות,regio,0,0,158,22548
ארצות,ארצות,terra,0,0,2254,22548
ארצות,ארצות,locus,0,0,513,22548
ארצות,ארצות,finis,0,0,137,22548
ארצות,ארצות,ager,0,0,214,22548
ארצות,ארצות,rus,0,0,1,22548
ארצת,ארצת,regio,0,0,158,22548
ארצת,ארצת,terra,0,0,2254,22548
ארצת,ארצת,locus,0,0,513,22548
ארצת,ארצת,finis,0,0,137,22548
ארצת,ארצת,ager,0,0,214,22548
ארצת,ארצת,rus,0,0,1,22548
ארק,ארק,terra,1,1,2254,22548
ארק,ארק,tellus,0,1,0,22548
ארק,ארק,ager,0,1,214,22548
ארק,ארק,humus,0,1,42,22548
ארק,ארק,finis,0,1,137,22548
ארק,ארק,regio,0,1,158,22548
ארק,ארק,terrae,0,1,0,22548
ארר,ארר,ergo,1,53,727,22548
ארר,ארר,igitur,2,53,327,22548
ארר,ארר,maledictio,4,53,38,22548
ארר,ארר,prex,0,53,27,22548
ארר,ארר,tum,0,53,2,22548
ארר,ארר,exsecrabilis,0,53,2,22548
אש,אש,ignis,276,339,336,22548
אש,אש,flamma,27,339,35,22548
אש,אש,incendium,5,339,8,22548
אש,אש,ceu,0,339,0,22548
אש,אש,uelut,2,339,42,22548
אש,אש,deuoro,47,339,103,22548
אש,אש,esco,0,339,0,22548
אשא,אשא,sustollo,0,0,1,22548
אשא,אשא,capio,0,0,207,22548
אשא,אשא,sumo,0,0,94,22548
אשא,אשא,accipio,0,0,247,22548
אשא,אשא,recipio,0,0,37,22548
אשא,אשא,impetro,0,0,1,22548
אשא,אשא,excipio,0,0,19,22548
אשא,אשא,ignis,0,0,336,22548
אשא,אשא,flamma,0,0,35,22548
אשא,אשא,incendium,0,0,8,22548
אשא,אשא,anima,0,0,602,22548
אשא,אשא,spiritus,0,0,241,22548
אשא,אשא,aetas,0,0,23,22548
אשא,אשא,uita,0,0,169,22548
אשא,אשא,animus,0,0,39,22548
אשא,אשא,mens,0,0,38,22548
אשא,אשא,animae,0,0,0,22548
אשאב,אשאב,aquor,0,0,0,22548
אשאב,אשאב,fluento,0,0,0,22548
אשאל,אשאל,rogo,0,0,51,22548
אשאל,אשאל,interrogo,0,0,79,22548
אשאל,אשאל,quaero,0,0,249,22548
אשאל,אשאל,peto,0,0,48,22548
אשאל,אשאל,postulo,0,0,39,22548
אשבע,אשבע,iuro,0,1,132,22548
אשבע,אשבע,adiuro,0,1,22,22548
אשבע,אשבע,iniuro,0,1,0,22548
אשבע,אשבע,iureiuro,0,1,2,22548
אשד,אשד,ortus,0,7,42,22548
אשד,אשד,exortiuus,0,7,0,22548
אשדוד,אשדוד,syron,0,14,2,22548
אשדוד,אשדוד,gaza,4,14,18,22548
אשדוד,אשדוד,thesaurus,0,14,72,22548
אשדוד,אשדוד,arca,2,14,194,22548
אשה,אשה,alius,17,749,217,22548
אשה,אשה,alter,29,749,212,22548
אשה,אשה,mutuus,0,749,10,22548
אשה,אשה,inuicem,0,749,27,22548
אשה,אשה,coniunx,4,749,5,22548
אשה,אשה,muliebris,5,749,7,22548
אשה,אשה,uira,0,749,0,22548
אשה,אשה,femina,10,749,31,22548
אשה,אשה,uxor,338,749,367,22548
אשה,אשה,mulier,262,749,292,22548
אשה,אשה,unus,34,749,586,22548
אשה,אשה,complures,0,749,0,22548
אשה,אשה,quisque,0,749,15,22548
אשה,אשה,alienus,8,749,158,22548
אשה,אשה,aliter,0,749,6,22548
אשה,אשה,quisquam,8,749,119,22548
אשה,אשה,frugilegus,0,749,0,22548
אשוב,אשוב,reuerto,0,0,0,22548
אשוב,אשוב,conuerto,0,0,187,22548
אשון,אשון,accedo,0,0,108,22548
אשון,אשון,appropinquo,0,0,41,22548
אשחית,אשחית,pereo,0,0,156,22548
אשחית,אשחית,perdo,0,0,60,22548
אשחית,אשחית,amitto,0,0,4,22548
אשחית,אשחית,mors,0,0,197,22548
אשחית,אשחית,deleo,0,0,128,22548
אשחית,אשחית,intereo,0,0,35,22548
אשחית,אשחית,ruina,0,0,51,22548
אשחית,אשחית,disperdo,0,0,76,22548
אשחית,אשחית,interfacio,0,0,149,22548
אשחית,אשחית,morior,0,0,469,22548
אשחית,אשחית,exitium,0,0,0,22548
אשחית,אשחית,occido,0,0,196,22548
אשיב,אשיב,reflecto,0,0,1,22548
אשיב,אשיב,uendo,0,0,61,22548
אשיב,אשיב,restituo,0,0,39,22548
אשיב,אשיב,soluo,0,0,36,22548
אשיב,אשיב,trado,0,0,321,22548
אשיב,אשיב,redeo,0,0,30,22548
אשיב,אשיב,reuorto,0,0,75,22548
אשיב,אשיב,stipendium,0,0,0,22548
אשיב,אשיב,libero,0,0,139,22548
אשיב,אשיב,reddo,0,0,173,22548
אשיב,אשיב,auerto,0,0,85,22548
אשיב,אשיב,conuerto,0,0,187,22548
אשיבה,אשיבה,conuerto,0,0,187,22548
אשיה,אשיה,columna,0,0,73,22548
אשיה,אשיה,prostylos,0,0,0,22548
אשיה,אשיה,crusta,0,0,0,22548
אשיה,אשיה,statio,0,0,12,22548
אשימ,אשים,pono,0,0,697,22548
אשימ,אשים,loco,0,0,2,22548
אשימ,אשים,statuo,0,0,62,22548
אשימ,אשים,colloco,0,0,17,22548
אשימ,אשים,locus,0,0,513,22548
אשית,אשית,pono,0,0,697,22548
אשית,אשית,loco,0,0,2,22548
אשית,אשית,statuo,0,0,62,22548
אשית,אשית,colloco,0,0,17,22548
אשית,אשית,locus,0,0,513,22548
אשכבה,אשכבה,sopio,0,0,2,22548
אשכבה,אשכבה,quiesco,0,0,79,22548
אשכבה,אשכבה,somnus,0,0,25,22548
אשכבה,אשכבה,dormio,0,0,169,22548
אשכבה,אשכבה,cubo,0,0,62,22548
אשכול,אשכול,labrusca,0,9,3,22548
אשכול,אשכול,uua,3,9,26,22548
אשכח,אשכח,obliuiscor,0,0,64,22548
אשכח,אשכח,oblitterus,0,0,0,22548
אשכר,אשכר,tributum,1,2,16,22548
אשכר,אשכר,uectigal,0,2,5,22548
אשכר,אשכר,ferax,0,2,0,22548
אשכר,אשכר,tributarius,0,2,9,22548
אשל,אשל,aruum,0,3,3,22548
אשל,אשל,ager,0,3,214,22548
אשל,אשל,campus,0,3,26,22548
אשל,אשל,seges,0,3,18,22548
אשל,אשל,terrestris,0,3,0,22548
אשלח,אשלח,mitto,0,0,653,22548
אשלח,אשלח,littera,0,0,29,22548
אשלח,אשלח,dimitto,0,0,271,22548
אשלח,אשלח,aufero,0,0,256,22548
אשלח,אשלח,amando,0,0,0,22548
אשלחה,אשלחה,mitto,0,0,653,22548
אשלחה,אשלחה,littera,0,0,29,22548
אשלחה,אשלחה,dimitto,0,0,271,22548
אשלחה,אשלחה,aufero,0,0,256,22548
אשלחה,אשלחה,amando,0,0,0,22548
אשליכ,אשליך,porrigo,0,0,6,22548
אשלמ,אשלם,uendo,0,0,61,22548
אשלמ,אשלם,restituo,0,0,39,22548
אשלמ,אשלם,soluo,0,0,36,22548
אשלמ,אשלם,trado,0,0,321,22548
אשלמ,אשלם,redeo,0,0,30,22548
אשלמ,אשלם,reuorto,0,0,75,22548
אשלמ,אשלם,stipendium,0,0,0,22548
אשלמ,אשלם,libero,0,0,139,22548
אשלמ,אשלם,reddo,0,0,173,22548
אשם,אשם,desidero,0,71,42,22548
אשם,אשם,erro,0,71,37,22548
אשם,אשם,culpa,0,71,7,22548
אשם,אשם,desum,0,71,22,22548
אשמ,אשם,tormentum,0,71,0,22548
אשמ,אשם,experimentum,0,71,3,22548
אשמע,אשמע,audio,0,0,927,22548
אשמע,אשמע,exaudio,0,0,135,22548
אשמע,אשמע,ausculto,0,0,17,22548
אשמעה,אשמעה,audio,0,0,927,22548
אשמעה,אשמעה,exaudio,0,0,135,22548
אשמעה,אשמעה,ausculto,0,0,17,22548
אשמר,אשמר,seruo,0,0,66,22548
אשמר,אשמר,custodio,0,0,267,22548
אשמר,אשמר,praesidium,0,0,26,22548
אשמר,אשמר,caueo,0,0,38,22548
אשמר,אשמר,custos,0,0,73,22548
אשמרה,אשמרה,seruo,0,0,66,22548
אשמרה,אשמרה,custodio,0,0,267,22548
אשמרה,אשמרה,praesidium,0,0,26,22548
אשמרה,אשמרה,caueo,0,0,38,22548
אשמרה,אשמרה,custos,0,0,73,22548
אשמרת,אשמרת,custodia,0,3,60,22548
אשמרת,אשמרת,uigilia,3,3,8,22548
אשמרת,אשמרת,praesidium,0,3,26,22548
אשמרת,אשמרת,carcer,0,3,47,22548
אשמרת,אשמרת,uinculum,0,3,27,22548
אשמרת,אשמרת,custos,1,3,73,22548
אשמרת,אשמרת,insitium,0,3,0,22548
אשנב,אשנב,fenestra,2,2,29,22548
אשנב,אשנב,specularis,0,2,0,22548
אשפ,אשף,magus,3,4,8,22548
אשפ,אשף,persea,0,4,0,22548
אשפה,אשפה,corytos,0,6,0,22548
אשפה,אשפה,pharetra,0,6,0,22548
אשפי,אשפי,magus,0,0,8,22548
אשפי,אשפי,persea,0,0,0,22548
אשפימ,אשפים,magus,0,0,8,22548
אשפימ,אשפים,persea,0,0,0,22548
אשפינ,אשפין,magus,0,0,8,22548
אשפינ,אשפין,persea,0,0,0,22548
אשפכ,אשפך,effundo,0,0,112,22548
אשפכ,אשפך,offundo,0,0,0,22548
אשפכ,אשפך,defundo,0,0,0,22548
אשפת,אשפת,uernaculus,0,6,4,22548
אשקה,אשקה,madefacto,0,0,0,22548
אשקלון,אשקלון,syron,0,9,2,22548
אשקלון,אשקלון,gaza,5,9,18,22548
אשקלון,אשקלון,thesaurus,0,9,72,22548
אשרה,אשרה,lucus,30,40,31,22548
אשרה,אשרה,silua,0,40,29,22548
אשרה,אשרה,nemus,3,40,11,22548
אשרה,אשרה,columna,0,40,73,22548
אשרה,אשרה,crusta,0,40,0,22548
אשרה,אשרה,statio,0,40,12,22548
אשרי,אשרי,beo,0,1,11,22548
אשרי,אשרי,felicito,0,1,0,22548
אשרימ,אשרים,arbor,0,0,25,22548
אשרימ,אשרים,lignum,0,0,254,22548
אשת,אשת,coniunx,0,0,5,22548
אשת,אשת,muliebris,0,0,7,22548
אשת,אשת,uira,0,0,0,22548
אשת,אשת,femina,0,0,31,22548
אשת,אשת,uxor,0,0,367,22548
אשת,אשת,mulier,0,0,292,22548
אשת,אשת,bibo,0,0,194,22548
אשת,אשת,poto,0,0,9,22548
אשת,אשת,potus,0,0,27,22548
אשתאל,אשתאל,populus,0,7,1560,22548
אשתאל,אשתאל,plebs,0,7,19,22548
אשתאל,אשתאל,uulgus,0,7,39,22548
אשתאל,אשתאל,terra,1,7,2254,22548
אשתאל,אשתאל,contio,0,7,3,22548
אשתאל,אשתאל,communis,0,7,9,22548
אשתאל,אשתאל,ecclesia,0,7,30,22548
אשתאל,אשתאל,ager,0,7,214,22548
אשתאל,אשתאל,praepinguis,0,7,0,22548
אשתאל,אשתאל,unguinosus,0,7,0,22548
אשתדור,אשתדור,defectio,0,2,1,22548
אשתדור,אשתדור,deficio,0,2,100,22548
אשתה,אשתה,bibo,0,0,194,22548
אשתה,אשתה,poto,0,0,9,22548
אשתה,אשתה,potus,0,0,27,22548
אשתחוה,אשתחוה,adoro,0,0,178,22548
אשתחוה,אשתחוה,colo,0,0,46,22548
אשתחוה,אשתחוה,basio,0,0,0,22548
אשתיו,אשתיו,bibo,0,0,194,22548
אשתיו,אשתיו,poto,0,0,9,22548
אשתיו,אשתיו,potus,0,0,27,22548
אתון,אתון,asininus,0,37,0,22548
אתון,אתון,asina,23,37,24,22548
אתון,אתון,asinus,7,37,96,22548
אתון,אתון,puellus,0,37,0,22548
אתון,אתון,puerulus,0,37,0,22548
אתונ,אתון,furnus,0,37,3,22548
אתונ,אתון,camino,0,37,0,22548
אתות,אתות,signum,0,0,116,22548
אתות,אתות,testimonium,0,0,151,22548
אתות,אתות,argumentum,0,0,1,22548
אתות,אתות,insigne,0,0,0,22548
אתחננ,אתחנן,ligo,0,0,42,22548
אתחננ,אתחנן,uincio,0,0,35,22548
אתחננ,אתחנן,necto,0,0,2,22548
אתחננ,אתחנן,opus,0,0,417,22548
אתחננ,אתחנן,uolo,0,0,226,22548
אתחננ,אתחנן,postulo,0,0,39,22548
אתחננ,אתחנן,rogo,0,0,51,22548
אתחננ,אתחנן,peto,0,0,48,22548
אתחננ,אתחנן,oro,0,0,95,22548
אתחננ,אתחנן,necesse,0,0,10,22548
אתחננ,אתחנן,quaero,0,0,249,22548
אתחננ,אתחנן,quaeso,0,0,25,22548
אתחננ,אתחנן,necessarius,0,0,24,22548
אתחננ,אתחנן,interrogo,0,0,79,22548
אתחננ,אתחנן,obsecro,0,0,73,22548
אתחננ,אתחנן,desidero,0,0,42,22548
אתמול,אתמול,hesternus,1,8,2,22548
אתמול,אתמול,tertius,4,8,136,22548
אתמול,אתמול,tertio,0,8,0,22548
אתנ,אתן,do,0,1,1314,22548
אתנ,אתן,trado,0,1,321,22548
אתנ,אתן,dono,0,1,11,22548
אתנ,אתן,tribuo,0,1,66,22548
אתנ,אתן,concedo,0,1,15,22548
אתנ,אתן,soluo,0,1,36,22548
אתנ,אתן,reddo,0,1,173,22548
אתנ,אתן,stipendium,0,1,0,22548
אתנ,אתן,libero,0,1,139,22548
אתנ,אתן,deditio,0,1,0,22548
אתנ,אתן,eruo,0,1,89,22548
אתנ,אתן,eripio,0,1,7,22548
אתנ,אתן,pono,0,1,697,22548
אתנ,אתן,loco,0,1,2,22548
אתנ,אתן,statuo,0,1,62,22548
אתנ,אתן,colloco,0,1,17,22548
אתנ,אתן,locus,0,1,513,22548
אתנה,אתנה,do,1,4,1314,22548
אתנה,אתנה,trado,0,4,321,22548
אתנה,אתנה,dono,0,4,11,22548
אתנה,אתנה,tribuo,0,4,66,22548
אתנה,אתנה,concedo,0,4,15,22548
אתנה,אתנה,soluo,0,4,36,22548
אתנה,אתנה,reddo,0,4,173,22548
אתנה,אתנה,stipendium,0,4,0,22548
אתנות,אתנות,asininus,0,0,0,22548
אתנות,אתנות,asina,0,0,24,22548
אתנות,אתנות,asinus,0,0,96,22548
אתנן,אתנן,distractus,0,9,0,22548
אתנן,אתנן,fornicatio,1,9,35,22548
אתנן,אתנן,idololatria,0,9,0,22548
אתנפל,אתנפל,ligo,0,0,42,22548
אתנפל,אתנפל,uincio,0,0,35,22548
אתנפל,אתנפל,necto,0,0,2,22548
אתנפל,אתנפל,opus,0,0,417,22548
אתנפל,אתנפל,uolo,0,0,226,22548
אתנפל,אתנפל,postulo,0,0,39,22548
אתנפל,אתנפל,rogo,0,0,51,22548
אתנפל,אתנפל,peto,0,0,48,22548
אתנפל,אתנפל,oro,0,0,95,22548
אתנפל,אתנפל,necesse,0,0,10,22548
אתנפל,אתנפל,quaero,0,0,249,22548
אתנפל,אתנפל,quaeso,0,0,25,22548
אתנפל,אתנפל,necessarius,0,0,24,22548
אתנפל,אתנפל,interrogo,0,0,79,22548
אתנפל,אתנפל,obsecro,0,0,73,22548
אתנפל,אתנפל,desidero,0,0,42,22548
אתנת,אתנת,mulus,0,0,8,22548
אתנת,אתנת,mula,0,0,4,22548
אתנת,אתנת,asininus,0,0,0,22548
אתנת,אתנת,asina,0,0,24,22548
אתנת,אתנת,asinus,0,0,96,22548
אתפלל,אתפלל,oro,0,0,95,22548
אתפלל,אתפלל,quaeso,0,0,25,22548
אתפלל,אתפלל,quonam,0,0,0,22548
אתת,אתת,signum,0,0,116,22548
אתת,אתת,testimonium,0,0,151,22548
אתת,אתת,argumentum,0,0,1,22548
אתת,אתת,insigne,0,0,0,22548
בא,בא,intro,0,0,94,22548
בא,בא,introcedo,0,0,0,22548
בא,בא,introeo,0,0,36,22548
בא,בא,ingredior,0,0,482,22548
בא,בא,subeo,0,0,2,22548
בא,בא,introitus,0,0,73,22548
בא,בא,uestibulum,0,0,39,22548
בא,בא,uento,0,0,0,22548
בא,בא,uenio,0,0,1274,22548
בא,בא,eo,0,0,245,22548
בא,בא,pergo,0,0,157,22548
בא,בא,meo,0,0,0,22548
בא,בא,aurora,0,0,6,22548
בא,בא,mane,0,0,173,22548
בא,בא,usque,0,0,812,22548
בא,בא,dum,0,0,30,22548
בא,בא,quoad,0,0,0,22548
בא,בא,donec,0,0,221,22548
בא,בא,redeo,0,0,30,22548
בא,בא,reuorto,0,0,75,22548
בא,בא,quando,0,0,230,22548
בא,בא,par,0,0,7,22548
בא,בא,fortasse,0,0,0,22548
בא,בא,aequo,0,0,1,22548
בא,בא,fors,0,0,0,22548
בא,בא,forsitan,0,0,24,22548
בא,בא,aequus,0,0,22,22548
בא,בא,quotiens,0,0,3,22548
בא,בא,quoniam,0,0,418,22548
בא,בא,aduenio,0,0,27,22548
באה,באה,introitus,1,1,73,22548
באה,באה,uestibulum,0,1,39,22548
באה,באה,dictum,0,1,0,22548
באה,באה,uerbum,0,1,712,22548
באה,באה,uox,0,1,345,22548
באה,באה,uersus,0,1,18,22548
באה,באה,sermo,0,1,429,22548
באה,באה,carmen,0,1,23,22548
באה,באה,poema,0,1,0,22548
באה,באה,uenio,0,1,1274,22548
באה,באה,eo,0,1,245,22548
באה,באה,pergo,0,1,157,22548
באה,באה,meo,0,1,0,22548
באו,באו,intro,0,0,94,22548
באו,באו,introeo,0,0,36,22548
באו,באו,ingredior,0,0,482,22548
באו,באו,subeo,0,0,2,22548
באו,באו,uenio,0,0,1274,22548
באו,באו,eo,0,0,245,22548
באו,באו,pergo,0,0,157,22548
באו,באו,meo,0,0,0,22548
באו,באו,redeo,0,0,30,22548
באו,באו,reuorto,0,0,75,22548
באו,באו,par,0,0,7,22548
באו,באו,fortasse,0,0,0,22548
באו,באו,aequo,0,0,1,22548
באו,באו,fors,0,0,0,22548
באו,באו,forsitan,0,0,24,22548
באו,באו,aequus,0,0,22,22548
באות,באות,uenio,0,0,1274,22548
באות,באות,eo,0,0,245,22548
באות,באות,pergo,0,0,157,22548
באות,באות,meo,0,0,0,22548
באי,באי,intro,0,0,94,22548
באי,באי,introeo,0,0,36,22548
באי,באי,ingredior,0,0,482,22548
באי,באי,subeo,0,0,2,22548
באימ,באים,uenio,0,0,1274,22548
באימ,באים,eo,0,0,245,22548
באימ,באים,pergo,0,0,157,22548
באימ,באים,meo,0,0,0,22548
באיש,באיש,improbus,0,1,1,22548
באיש,באיש,malus,1,1,201,22548
באיש,באיש,miseria,0,1,12,22548
באיש,באיש,calamitas,0,1,11,22548
באיש,באיש,negotium,0,1,12,22548
באיש,באיש,noceo,0,1,12,22548
באיש,באיש,molestia,0,1,1,22548
באיש,באיש,opera,0,1,4,22548
באיש,באיש,mala,0,1,0,22548
באיש,באיש,tribulatio,0,1,68,22548
באיש,באיש,impius,0,1,235,22548
באיש,באיש,turpis,0,1,1,22548
באנו,באנו,uenio,0,0,1274,22548
באנו,באנו,eo,0,0,245,22548
באנו,באנו,pergo,0,0,157,22548
באנו,באנו,meo,0,0,0,22548
באנו,באנו,redeo,0,0,30,22548
באנו,באנו,reuorto,0,0,75,22548
באר,באר,bonus,0,75,316,22548
באר,באר,ualeo,0,75,38,22548
באר,באר,ius,0,75,37,22548
באר,באר,puteus,37,75,37,22548
באר,באר,bene,0,75,65,22548
באר,באר,pulcher,0,75,69,22548
באר,באר,formosus,0,75,0,22548
באר,באר,nobilis,0,75,17,22548
באר,באר,aequus,0,75,22,22548
באר,באר,speciosus,0,75,24,22548
באר,באר,posterus,0,75,25,22548
באר,באר,dexter,1,75,104,22548
באר,באר,bellus,0,75,0,22548
באר,באר,fouea,1,75,19,22548
באר,באר,cernentia,0,75,0,22548
באר,באר,tuor,0,75,0,22548
באר,באר,iusiurandum,0,75,6,22548
באר,באר,sacramentum,0,75,3,22548
באר,באר,iuro,2,75,132,22548
באר,באר,iuramentum,3,75,40,22548
באר,באר,iurandum,0,75,0,22548
באר,באר,propterea,1,75,119,22548
באר,באר,ideo,0,75,55,22548
באר,באר,idcirco,1,75,146,22548
באר,באר,propter,2,75,292,22548
באר,באר,igitur,1,75,327,22548
באר,באר,ergo,2,75,727,22548
בארת,בארת,puteus,0,0,37,22548
באש,באש,dolor,0,28,77,22548
באש,באש,doleo,0,28,26,22548
באש,באש,odoratus,0,28,1,22548
באש,באש,olfactus,0,28,0,22548
באשימ,באשים,spina,0,0,30,22548
באת,באת,intro,0,0,94,22548
באת,באת,introeo,0,0,36,22548
באת,באת,ingredior,0,0,482,22548
באת,באת,subeo,0,0,2,22548
באת,באת,uenio,0,0,1274,22548
באת,באת,eo,0,0,245,22548
באת,באת,pergo,0,0,157,22548
באת,באת,meo,0,0,0,22548
באת,באת,redeo,0,0,30,22548
באת,באת,reuorto,0,0,75,22548
באתי,באתי,intro,0,0,94,22548
באתי,באתי,introeo,0,0,36,22548
באתי,באתי,ingredior,0,0,482,22548
באתי,באתי,subeo,0,0,2,22548
באתי,באתי,redeo,0,0,30,22548
באתי,באתי,reuorto,0,0,75,22548
באתי,באתי,uenio,0,0,1274,22548
באתמ,באתם,intro,0,0,94,22548
באתמ,באתם,introeo,0,0,36,22548
באתמ,באתם,ingredior,0,0,482,22548
באתמ,באתם,subeo,0,0,2,22548
באתמ,באתם,uenio,0,0,1274,22548
באתמ,באתם,eo,0,0,245,22548
באתמ,באתם,pergo,0,0,157,22548
באתמ,באתם,meo,0,0,0,22548
באתמ,באתם,redeo,0,0,30,22548
באתמ,באתם,reuorto,0,0,75,22548
באתר,באתר,tergum,0,1,46,22548
באתר,באתר,rursus,0,1,113,22548
בגד,בגד,uestis,61,225,101,22548
בגד,בגד,uestimentum,94,225,138,22548
בגד,בגד,pallium,19,225,50,22548
בגד,בגד,toga,0,225,0,22548
בגדות,בגדות,dolus,0,0,19,22548
בגדות,בגדות,astus,0,0,1,22548
בגדות,בגדות,maiestas,0,0,14,22548
בגדות,בגדות,insidiae,0,0,52,22548
בגדות,בגדות,perfidia,0,0,0,22548
בגדות,בגדות,proditio,0,0,0,22548
בגדי,בגדי,uestis,0,0,101,22548
בגדי,בגדי,uestimentum,0,0,138,22548
בגדי,בגדי,pallium,0,0,50,22548
בגדי,בגדי,toga,0,0,0,22548
בגדימ,בגדים,uestis,0,0,101,22548
בגדימ,בגדים,uestimentum,0,0,138,22548
בגדימ,בגדים,pallium,0,0,50,22548
בגדימ,בגדים,toga,0,0,0,22548
בגדימ,בגדים,uestitus,0,0,3,22548
בגוד,בגוד,prodicius,0,2,0,22548
בד,בד,ipse,18,203,933,22548
בד,בד,sui,6,203,606,22548
בד,בד,sextus,1,203,31,22548
בד,בד,praeter,8,203,29,22548
בד,בד,sextarius,0,203,6,22548
בד,בד,par,0,203,7,22548
בד,בד,fortasse,0,203,0,22548
בד,בד,aequo,0,203,1,22548
בד,בד,fors,0,203,0,22548
בד,בד,forsitan,0,203,24,22548
בד,בד,aequus,0,203,22,22548
בד,בד,lineus,4,203,7,22548
בד,בד,linum,0,203,9,22548
בד,בד,equidem,0,203,3,22548
בד,בד,conuerto,2,203,187,22548
בד,בד,uerto,1,203,88,22548
בד,בד,dos,0,203,4,22548
בד,בד,pars,3,203,332,22548
בד,בד,fatum,0,203,0,22548
בד,בד,sors,0,203,82,22548
בד,בד,parca,0,203,0,22548
בד,בד,fati,0,203,0,22548
בד,בד,solus,55,203,94,22548
בד,בד,unus,6,203,586,22548
בד,בד,modo,0,203,0,22548
בד,בד,saluo,0,203,105,22548
בד,בד,nisi,4,203,96,22548
בד,בד,praeterea,0,203,6,22548
בד,בד,separatim,2,203,3,22548
בדא,בדא,machinor,0,2,3,22548
בדא,בדא,struo,0,2,0,22548
בדד,בדד,solus,8,16,94,22548
בדד,בדד,unus,0,16,586,22548
בדד,בדד,modo,0,16,0,22548
בדיל,בדיל,stannum,0,4,0,22548
בדיל,בדיל,plumbum album,0,4,0,22548
בדיל,בדיל,cassiterum,0,4,0,22548
בדיל,בדיל,ferrum,2,4,41,22548
בדיל,בדיל,ferreus,0,4,30,22548
בדיל,בדיל,gladius,0,4,353,22548
בדימ,בדים,porto,0,0,176,22548
בדל,בדל,praeterea,0,43,6,22548
בדל,בדל,separatim,0,43,3,22548
בדל,בדל,discludo,0,43,0,22548
בדל,בדל,dispesco,0,43,0,22548
בדק,בדק,pecunia,4,9,72,22548
בדק,בדק,argenteus,1,9,78,22548
בדק,בדק,nummus,0,9,1,22548
בדק,בדק,argentum,0,9,189,22548
בהיר,בהיר,praeclarus,0,1,5,22548
בהיר,בהיר,clarus,0,1,5,22548
בהל,בהל,moueo,0,37,69,22548
בהל,בהל,motus,0,37,7,22548
בהל,בהל,commoueo,0,37,49,22548
בהל,בהל,obturbo,0,37,0,22548
בהל,בהל,propero,0,37,17,22548
בהל,בהל,festino,4,37,64,22548
בהל,בהל,urgeo,0,37,7,22548
בהמה,בהמה,aurora,0,169,6,22548
בהמה,בהמה,mane,0,169,173,22548
בהמה,בהמה,usque,16,169,812,22548
בהמה,בהמה,dum,0,169,30,22548
בהמה,בהמה,quoad,0,169,0,22548
בהמה,בהמה,donec,1,169,221,22548
בהמה,בהמה,probata,0,169,0,22548
בהמה,בהמה,quadrupes,0,169,2,22548
בהמות,בהמות,probata,0,0,0,22548
בהמת,בהמת,probata,0,0,0,22548
בהנ,בהן,uertex,0,9,44,22548
בהרת,בהרת,dimitto,0,11,271,22548
בהרת,בהרת,relinquo,0,11,119,22548
בהרת,בהרת,absoluo,0,11,0,22548
בהרת,בהרת,libero,0,11,139,22548
בהרת,בהרת,ignosco,0,11,7,22548
בהרת,בהרת,permitto,0,11,6,22548
בהרת,בהרת,cutis,6,11,22,22548
בהרת,בהרת,pellis,0,11,45,22548
בהרת,בהרת,corium,0,11,1,22548
בהרת,בהרת,tergus,0,11,0,22548
בהרת,בהרת,abscondo,0,11,141,22548
בהרת,בהרת,membrana,0,11,0,22548
בהרת,בהרת,lepra,4,11,52,22548
בהרת,בהרת,albus,2,11,15,22548
בהרת,בהרת,candidus,1,11,5,22548
בהרת,בהרת,lelepris,0,11,0,22548
בהרת,בהרת,ophthalmias,0,11,0,22548
בהרת,בהרת,spissus,0,11,0,22548
בהרת,בהרת,illatenus,0,11,0,22548
בוא,בוא,intro,78,2234,94,22548
בוא,בוא,introeo,34,2234,36,22548
בוא,בוא,ingredior,422,2234,482,22548
בוא,בוא,subeo,0,2234,2,22548
בוא,בוא,introitus,29,2234,73,22548
בוא,בוא,uestibulum,6,2234,39,22548
בוא,בוא,uenio,918,2234,1274,22548
בוא,בוא,eo,40,2234,245,22548
בוא,בוא,pergo,38,2234,157,22548
בוא,בוא,meo,0,2234,0,22548
בוא,בוא,quando,50,2234,230,22548
בוא,בוא,par,0,2234,7,22548
בוא,בוא,fortasse,0,2234,0,22548
בוא,בוא,aequo,0,2234,1,22548
בוא,בוא,fors,0,2234,0,22548
בוא,בוא,forsitan,3,2234,24,22548
בוא,בוא,aequus,1,2234,22,22548
בוגד,בוגד,denego,0,0,1,22548
בוז,בוז,consputo,0,23,0,22548
בוז,בוז,despicatio,0,23,0,22548
בוזה,בוזה,contemno,0,0,43,22548
בוזה,בוזה,despicio,0,0,46,22548
בוזה,בוזה,sperno,0,0,8,22548
בוזה,בוזה,respicio,0,0,138,22548
בוזה,בוזה,contemptio,0,0,0,22548
בוקר,בוקר,bubsequa,0,1,0,22548
בוקר,בוקר,pastorius,0,1,0,22548
בוקר,בוקר,bubulcus,0,1,0,22548
בוקר,בוקר,armentarius,1,1,1,22548
בוקר,בוקר,taurinus,0,1,0,22548
בור,בור,celatum,0,64,0,22548
בור,בור,inaspectus,0,64,0,22548
בור,בור,pluto,0,64,0,22548
בור,בור,plutonis,0,64,0,22548
בור,בור,dis,0,64,0,22548
בור,בור,orcus,0,64,0,22548
בור,בור,fouea,0,64,19,22548
בור,בור,puteus,1,64,37,22548
בזה,בזה,contemno,6,52,43,22548
בזה,בזה,despicio,12,52,46,22548
בזה,בזה,sperno,2,52,8,22548
בזה,בזה,respicio,1,52,138,22548
בזה,בזה,hinc,0,52,24,22548
בזז,בזז,praeda,15,40,75,22548
בזז,בזז,spolium,10,40,33,22548
בזז,בזז,exuuiae,0,40,1,22548
בזז,בזז,exercitus,5,40,467,22548
בזז,בזז,copia,0,40,6,22548
בזז,בזז,uis,1,40,73,22548
בזז,בזז,uirtus,0,40,28,22548
בזז,בזז,imperium,0,40,59,22548
בזז,בזז,potentia,0,40,17,22548
בזז,בזז,cogo,0,40,17,22548
בזז,בזז,opis,0,40,0,22548
בזז,בזז,robur,0,40,46,22548
בזז,בזז,fortitudo,1,40,232,22548
בזז,בזז,potestas,0,40,42,22548
בזיון,בזיון,contemno,0,1,43,22548
בזיון,בזיון,despicio,0,1,46,22548
בזיון,בזיון,sperno,0,1,8,22548
בזיון,בזיון,respicio,0,1,138,22548
בזיון,בזיון,contemptio,0,1,0,22548
בחור,בחור,eligo,4,39,209,22548
בחור,בחור,adulescens,4,39,28,22548
בחור,בחור,puer,6,39,220,22548
בחור,בחור,adulescentia,0,39,42,22548
בחור,בחור,uiginti,1,39,223,22548
בחור,בחור,iuuenis,27,39,59,22548
בחור,בחור,adulescentulus,0,39,2,22548
בחור,בחור,peradulescentulus,0,39,0,22548
בחור,בחור,nouus,0,39,83,22548
בחור,בחור,iuuentus,0,39,7,22548
בחור,בחור,iuuenta,0,39,0,22548
בחור,בחור,aetas,0,39,23,22548
בחור,בחור,equus,4,39,115,22548
בחור,בחור,sonipes,0,39,0,22548
בחור,בחור,currus,0,39,107,22548
בחור,בחור,eques,2,39,48,22548
בחור,בחור,equitatus,0,39,10,22548
בחור,בחור,equa,0,39,0,22548
בחור,בחור,equi,0,39,0,22548
בחור,בחור,equum,0,39,0,22548
בחור,בחור,equo,0,39,0,22548
בחורי,בחורי,eligo,0,0,209,22548
בחורימ,בחורים,adulescens,0,0,28,22548
בחורימ,בחורים,iuuenis,0,0,59,22548
בחורימ,בחורים,adulescentulus,0,0,2,22548
בחורימ,בחורים,peradulescentulus,0,0,0,22548
בחיר,בחיר,eligo,12,13,209,22548
בחן,בחן,lustro,0,30,12,22548
בחן,בחן,considero,0,30,76,22548
בחן,בחן,existimo,0,30,1,22548
בחן,בחן,conuiso,0,30,0,22548
בחן,בחן,specto,0,30,2,22548
בחן,בחן,contemplor,0,30,1,22548
בחן,בחן,iudico,1,30,181,22548
בחן,בחן,cogito,0,30,92,22548
בחן,בחן,specio,0,30,0,22548
בחר,בחר,excerpo,0,176,0,22548
בחר,בחר,lustro,0,176,12,22548
בחר,בחר,considero,0,176,76,22548
בחר,בחר,existimo,0,176,1,22548
בחר,בחר,conuiso,0,176,0,22548
בחר,בחר,specto,0,176,2,22548
בחר,בחר,contemplor,0,176,1,22548
בחר,בחר,iudico,1,176,181,22548
בחר,בחר,cogito,0,176,92,22548
בחר,בחר,specio,0,176,0,22548
בחרו,בחרו,excerpo,0,0,0,22548
בחרת,בחרת,excerpo,0,0,0,22548
בחרתי,בחרתי,excerpo,0,0,0,22548
בחרתמ,בחרתם,excerpo,0,0,0,22548
בטוח,בטוח,animus,0,2,39,22548
בטוח,בטוח,fiducia,0,2,47,22548
בטוח,בטוח,conforto,0,2,83,22548
בטוח,בטוח,metuo,0,2,23,22548
בטח,בטח,spes,3,147,45,22548
בטח,בטח,exspecto,0,147,36,22548
בטח,בטח,spero,21,147,69,22548
בטח,בטח,exspectatio,0,147,8,22548
בטח,בטח,suadeo,0,147,2,22548
בטח,בטח,persuadeo,0,147,3,22548
בטח,בטח,pareo,0,147,14,22548
בטח,בטח,oboedio,0,147,38,22548
בטח,בטח,adduco,0,147,215,22548
בטח,בטח,persuasio,0,147,1,22548
בטח,בטח,inductus,0,147,0,22548
בטח,בטח,credo,3,147,59,22548
בטח,בטח,confido,51,147,57,22548
בטח,בטח,existimo,0,147,1,22548
בטח,בטח,fiducia,28,147,47,22548
בטח,בטח,pax,4,147,173,22548
בטח,בטח,otium,0,147,6,22548
בטחה,בטחה,animus,0,1,39,22548
בטחה,בטחה,fiducia,0,1,47,22548
בטחה,בטחה,conforto,0,1,83,22548
בטחה,בטחה,metuo,0,1,23,22548
בטחה,בטחה,spero,0,1,69,22548
בטחה,בטחה,confido,0,1,57,22548
בטחה,בטחה,existimo,0,1,1,22548
בטחה,בטחה,credo,0,1,59,22548
בטחה,בטחה,hercules,0,1,0,22548
בטחה,בטחה,edepol,0,1,0,22548
בטחה,בטחה,pol,0,1,0,22548
בטחה,בטחה,pignus,0,1,14,22548
בטחה,בטחה,fidelitas,0,1,0,22548
בטחה,בטחה,fides,0,1,28,22548
בטחו,בטחו,spes,0,0,45,22548
בטחו,בטחו,exspecto,0,0,36,22548
בטחו,בטחו,spero,0,0,69,22548
בטחון,בטחון,animus,0,3,39,22548
בטחון,בטחון,fiducia,3,3,47,22548
בטחון,בטחון,conforto,0,3,83,22548
בטחון,בטחון,metuo,0,3,23,22548
בטחון,בטחון,spero,0,3,69,22548
בטחון,בטחון,confido,1,3,57,22548
בטחון,בטחון,existimo,0,3,1,22548
בטחון,בטחון,credo,0,3,59,22548
בטחון,בטחון,hercules,0,3,0,22548
בטחון,בטחון,edepol,0,3,0,22548
בטחון,בטחון,pol,0,3,0,22548
בטחון,בטחון,pignus,0,3,14,22548
בטחון,בטחון,fidelitas,0,3,0,22548
בטחון,בטחון,fides,0,3,28,22548
בטחות,בטחות,salus,0,3,95,22548
בטחות,בטחות,pignus,0,3,14,22548
בטחות,בטחות,saluus,0,3,64,22548
בטחות,בטחות,incolumis,0,3,0,22548
בטחות,בטחות,tueor,0,3,6,22548
בטחות,בטחות,spes,0,3,45,22548
בטחות,בטחות,spero,0,3,69,22548
בטחות,בטחות,exspectatio,0,3,8,22548
בטחות,בטחות,seruo,0,3,66,22548
בטחות,בטחות,conseruo,0,3,5,22548
בטחות,בטחות,libero,0,3,139,22548
בטחות,בטחות,retineo,0,3,11,22548
בטחות,בטחות,saluo,0,3,105,22548
בטחות,בטחות,salutaris,0,3,4,22548
בטחות,בטחות,saluator,0,3,36,22548
בטחימ,בטחים,suadeo,0,0,2,22548
בטחימ,בטחים,persuadeo,0,0,3,22548
בטחימ,בטחים,pareo,0,0,14,22548
בטחימ,בטחים,oboedio,0,0,38,22548
בטחימ,בטחים,adduco,0,0,215,22548
בטחימ,בטחים,persuasio,0,0,1,22548
בטחימ,בטחים,inductus,0,0,0,22548
בטחימ,בטחים,credo,0,0,59,22548
בטחת,בטחת,suadeo,0,0,2,22548
בטחת,בטחת,persuadeo,0,0,3,22548
בטחת,בטחת,pareo,0,0,14,22548
בטחת,בטחת,oboedio,0,0,38,22548
בטחת,בטחת,adduco,0,0,215,22548
בטחת,בטחת,persuasio,0,0,1,22548
בטחת,בטחת,inductus,0,0,0,22548
בטחת,בטחת,credo,0,0,59,22548
בטן,בטן,aluus,0,72,2,22548
בטן,בטן,uenter,32,72,49,22548
בטן,בטן,uterus,36,72,49,22548
בטן,בטן,praecordia,0,72,1,22548
בטנ,בטן,aluus,0,72,2,22548
בטנ,בטן,uenter,32,72,49,22548
בטנ,בטן,uterus,36,72,49,22548
בטנ,בטן,praecordia,0,72,1,22548
בינ,בין,uespertinus,0,387,4,22548
בינ,בין,unus,11,387,586,22548
בינ,בין,complures,0,387,0,22548
בינ,בין,alter,10,387,212,22548
בינ,בין,quisque,0,387,15,22548
בינ,בין,uesper,4,387,81,22548
בינ,בין,crepusculum,0,387,1,22548
בינ,בין,occidens,1,387,41,22548
בינ,בין,occasus,0,387,16,22548
בינ,בין,uesperus,7,387,39,22548
בינ,בין,medius,25,387,489,22548
בינ,בין,medion,0,387,0,22548
בינ,בין,centrum,0,387,0,22548
בינ,בין,medio,0,387,0,22548
בינ,בין,ceu,0,387,0,22548
בינ,בין,uelut,0,387,42,22548
בינה,בינה,scientia,3,37,76,22548
בינה,בינה,scius,0,37,0,22548
בינה,בינה,prudentia,12,37,43,22548
בינה,בינה,consilium,3,37,139,22548
בינה,בינה,sapientia,21,37,151,22548
בינו,בינו,intellego,0,0,136,22548
ביני,ביני,medius,0,0,489,22548
ביני,ביני,medion,0,0,0,22548
ביני,ביני,centrum,0,0,0,22548
ביני,ביני,medio,0,0,0,22548
בינת,בינת,medius,0,0,489,22548
בינת,בינת,medion,0,0,0,22548
בינת,בינת,centrum,0,0,0,22548
בינת,בינת,medio,0,0,0,22548
בינת,בינת,prudentia,0,0,43,22548
בירה,בירה,arx,0,16,6,22548
בירה,בירה,castellum,0,16,3,22548
בירה,בירה,altus,0,16,30,22548
בירה,בירה,summus,0,16,30,22548
בירה,בירה,supremus,0,16,0,22548
בירה,בירה,altitudo,0,16,59,22548
בירה,בירה,urbs,2,16,346,22548
בית,בית,carcer,26,1895,47,22548
בית,בית,uinculum,0,1895,27,22548
בית,בית,phylaca,0,1895,0,22548
בית,בית,domus,1403,1895,1485,22548
בית,בית,tecta,0,1895,0,22548
בית,בית,templum,133,1895,192,22548
בית,בית,apud,18,1895,144,22548
בית,בית,palatium,10,1895,27,22548
בית,בית,tectum,11,1895,43,22548
בית,בית,aedes,12,1895,27,22548
בית,בית,regia,3,1895,9,22548
בית,בית,familia,56,1895,182,22548
בית,בית,ipse,85,1895,933,22548
בית,בית,sui,72,1895,606,22548
בית,בית,intus,1,1895,8,22548
בית,בית,introrsum,0,1895,0,22548
בית,בית,penates,0,1895,0,22548
בית,בית,cognatio,50,1895,146,22548
בית,בית,dispensator,5,1895,5,22548
בית,בית,gener,2,1895,12,22548
בית,בית,sedes,5,1895,32,22548
בית,בית,praedium,0,1895,0,22548
בית,בית,domum,0,1895,0,22548
בית,בית,domo,3,1895,4,22548
בית,בית,uniuersim,0,1895,0,22548
בית,בית,locus,64,1895,513,22548
בית,בית,regio,13,1895,158,22548
בית,בית,ager,22,1895,214,22548
בית,בית,filius,324,1895,3345,22548
בית,בית,natus,0,1895,2,22548
בית,בית,gnatus,0,1895,0,22548
בית,בית,progenies,1,1895,12,22548
בית,בית,proles,0,1895,0,22548
בית,בית,nascor,5,1895,103,22548
בית,בית,filium,0,1895,0,22548
בית,בית,filii,0,1895,0,22548
בית,בית,filio,0,1895,0,22548
בית,בית,custodia,9,1895,60,22548
בית,בית,uigilia,0,1895,8,22548
בית,בית,praesidium,3,1895,26,22548
בית,בית,custos,9,1895,73,22548
ביתן,ביתן,regnum,0,3,213,22548
ביתן,ביתן,palatium,0,3,27,22548
ביתן,ביתן,regina,2,3,40,22548
ביתן,ביתן,regius,0,3,14,22548
ביתן,ביתן,domus,1,3,1485,22548
ביתן,ביתן,tecta,0,3,0,22548
ביתן,ביתן,templum,0,3,192,22548
ביתן,ביתן,apud,0,3,144,22548
ביתן,ביתן,tectum,0,3,43,22548
ביתן,ביתן,aedes,0,3,27,22548
ביתן,ביתן,regia,0,3,9,22548
ביתן,ביתן,familia,0,3,182,22548
בכאימ,בכאים,discedo,0,0,4,22548
בכאימ,בכאים,recedo,0,0,191,22548
בכאימ,בכאים,abeo,0,0,219,22548
בכה,בכה,lacrima,8,101,25,22548
בכה,בכה,fletus,7,101,25,22548
בכה,בכה,fleo,64,101,68,22548
בכה,בכה,lacrimae,0,101,0,22548
בכה,בכה,lacrimo,1,101,1,22548
בכה,בכה,ploro,19,101,22,22548
בכה,בכה,fleui,3,101,3,22548
בכור,בכור,primogenitus,0,0,102,22548
בכורים,בכורים,manubiae,0,14,6,22548
בכי,בכי,fleo,7,29,68,22548
בכי,בכי,lacrimo,1,29,1,22548
בכי,בכי,ploro,6,29,22,22548
בכי,בכי,fleui,0,29,3,22548
בכירה,בכירה,legatus,0,6,8,22548
בכירה,בכירה,orator,0,6,0,22548
בכירה,בכירה,senex,1,6,145,22548
בכירה,בכירה,uetus,0,6,24,22548
בכירה,בכירה,natus,0,6,2,22548
בכירה,בכירה,antiquus,0,6,40,22548
בכירה,בכירה,presbyter,0,6,0,22548
בכירה,בכירה,nuperus,0,6,0,22548
בכר,בכר,primogenitus,92,107,102,22548
בכרו,בכרו,primogenitus,0,2,102,22548
בכרת,בכרת,primogenitus,0,0,102,22548
בל,בל,iubeo,0,55,75,22548
בל,בל,ordo,0,55,56,22548
בל,בל,impero,0,55,49,22548
בל,בל,quantus,0,55,18,22548
בלה,בלה,uestis,1,18,101,22548
בלה,בלה,uestimentum,7,18,138,22548
בלה,בלה,pallium,1,18,50,22548
בלה,בלה,toga,0,18,0,22548
בלו,בלו,tributum,3,4,16,22548
בלו,בלו,uectigal,3,4,5,22548
בלו,בלו,ferax,0,4,0,22548
בלו,בלו,tributarius,0,4,9,22548
בליעל,בליעל,perducto,0,26,0,22548
בליעל,בליעל,uitium,0,26,4,22548
בליעל,בליעל,scelus,0,26,87,22548
בליעל,בליעל,turpitudo,0,26,21,22548
בליעל,בליעל,pestis,0,26,24,22548
בליעל,בליעל,pestilentia,0,26,20,22548
בליעל,בליעל,lues,0,26,0,22548
בליעל,בליעל,pestilitas,0,26,0,22548
בליעל,בליעל,hemina,0,26,0,22548
בליעל,בליעל,malitia,2,26,66,22548
בליעל,בליעל,filius,10,26,3345,22548
בליעל,בליעל,natus,0,26,2,22548
בליעל,בליעל,gnatus,0,26,0,22548
בליעל,בליעל,progenies,0,26,12,22548
בליעל,בליעל,proles,0,26,0,22548
בליעל,בליעל,nascor,0,26,103,22548
בליעל,בליעל,filium,0,26,0,22548
בליעל,בליעל,filii,0,26,0,22548
בליעל,בליעל,filio,0,26,0,22548
בלל,בלל,perdo,0,39,60,22548
בלל,בלל,permisceo,0,39,0,22548
בלל,בלל,donum,0,39,25,22548
בלל,בלל,munus,0,39,91,22548
בלל,בלל,praemium,0,39,3,22548
בלל,בלל,praesens,0,39,76,22548
בלל,בלל,datus,0,39,0,22548
בלל,בלל,septuaginta,12,39,84,22548
בלל,בלל,septuageni,0,39,0,22548
בלל,בלל,oleum,37,39,174,22548
בלל,בלל,olearius,0,39,0,22548
בלל,בלל,olearis,0,39,0,22548
בלל,בלל,haustus,0,39,0,22548
בלל,בלל,attractus,0,39,0,22548
בלע,בלע,iacio,0,62,25,22548
בלע,בלע,mitto,1,62,653,22548
בלע,בלע,peto,0,62,48,22548
בלע,בלע,ferio,0,62,19,22548
בלע,בלע,icio,0,62,0,22548
בלע,בלע,proicio,1,62,121,22548
בלע,בלע,eicio,1,62,79,22548
בלע,בלע,hirundo,0,62,2,22548
בלע,בלע,deuoro,11,62,103,22548
בלעד,בלעד,aconiti,0,0,0,22548
בלעד,בלעד,saluo,0,0,105,22548
בלעד,בלעד,nisi,0,0,96,22548
בלעדי,בלעדי,aconiti,0,16,0,22548
בלעדי,בלעדי,bini,0,16,12,22548
בלעדי,בלעדי,nemo,0,16,37,22548
בלעדי,בלעדי,ullus,0,16,35,22548
בלעדי,בלעדי,quisquam,1,16,119,22548
בלעדי,בלעדי,nullus,0,16,135,22548
בלעדי,בלעדי,aliquis,0,16,43,22548
בלעדי,בלעדי,nihil,0,16,96,22548
בלעדי,בלעדי,saluo,1,16,105,22548
בלעדי,בלעדי,nisi,0,16,96,22548
בלעדי,בלעדי,praeterea,0,16,6,22548
בלעדי,בלעדי,separatim,0,16,3,22548
בלתי,בלתי,saluo,0,0,105,22548
בלתי,בלתי,nisi,0,0,96,22548
במה,במה,altus,1,95,30,22548
במה,במה,celsus,0,95,0,22548
במה,במה,excelsus,50,95,126,22548
במה,במה,sublimis,2,95,48,22548
במה,במה,superus,0,95,1,22548
במה,במה,alo,0,95,13,22548
במה,במה,summus,0,95,30,22548
במות,במות,altus,0,0,30,22548
במות,במות,celsus,0,0,0,22548
במות,במות,excelsus,0,0,126,22548
במות,במות,sublimis,0,0,48,22548
במות,במות,superus,0,0,1,22548
במות,במות,alo,0,0,13,22548
במות,במות,summus,0,0,30,22548
בן,בן,filia,199,3610,448,22548
בן,בן,nascor,45,3610,103,22548
בן,בן,puer,32,3610,220,22548
בן,בן,pueri,0,3610,0,22548
בן,בן,puerum,0,3610,0,22548
בן,בן,natus,1,3610,2,22548
בן,בן,filius,3146,3610,3345,22548
בן,בן,proles,0,3610,0,22548
בן,בן,liberi,27,3610,51,22548
בן,בן,meus,326,3610,2759,22548
בן,בן,gnatus,0,3610,0,22548
בן,בן,progenies,6,3610,12,22548
בן,בן,filium,0,3610,0,22548
בן,בן,filii,0,3610,0,22548
בן,בן,filio,0,3610,0,22548
בנ,בן,stadiatus,0,3610,0,22548
בנ,בן,masculus,10,3610,31,22548
בנ,בן,masculinus,13,3610,30,22548
בנ,בן,mas,6,3610,12,22548
בנ,בן,coniunx,0,3610,5,22548
בנ,בן,muliebris,0,3610,7,22548
בנ,בן,uira,0,3610,0,22548
בנ,בן,femina,5,3610,31,22548
בנ,בן,uxor,112,3610,367,22548
בנ,בן,mulier,46,3610,292,22548
בנ,בן,damalio,0,3610,0,22548
בנ,בן,uitellus,0,3610,0,22548
בנ,בן,filius,3146,3610,3345,22548
בנ,בן,puer,32,3610,220,22548
בנ,בן,iuuencus,0,3610,0,22548
בנ,בן,natus,1,3610,2,22548
בנ,בן,proles,0,3610,0,22548
בנ,בן,liberi,27,3610,51,22548
בנ,בן,meus,326,3610,2759,22548
בנ,בן,gnatus,0,3610,0,22548
בנ,בן,progenies,6,3610,12,22548
בנ,בן,nascor,45,3610,103,22548
בנ,בן,filium,0,3610,0,22548
בנ,בן,filii,0,3610,0,22548
בנ,בן,filio,0,3610,0,22548
בנה,בנה,aedifico,226,280,312,22548
בנה,בנה,instruo,1,280,18,22548
בנה,בנה,materio,0,280,1,22548
בנו,בנו,materio,0,0,1,22548
בנו,בנו,aedifico,0,0,312,22548
בנות,בנות,filia,0,0,448,22548
בנות,בנות,nata,0,0,0,22548
בנות,בנות,uirgo,0,0,59,22548
בנות,בנות,gener,0,0,12,22548
בנות,בנות,materio,0,0,1,22548
בנות,בנות,aedifico,0,0,312,22548
בני,בני,heros,0,14,0,22548
בני,בני,qui,1,14,6495,22548
בני,בני,iste,1,14,633,22548
בני,בני,maritus,0,14,29,22548
בני,בני,uir,0,14,1154,22548
בני,בני,homo,0,14,780,22548
בני,בני,uiri,0,14,0,22548
בני,בני,uirum,0,14,0,22548
בני,בני,uiro,0,14,0,22548
בני,בני,populus,2,14,1560,22548
בני,בני,humanus,0,14,7,22548
בני,בני,orbis,0,14,39,22548
בני,בני,plebs,0,14,19,22548
בני,בני,mundum,0,14,0,22548
בני,בני,agnos,0,14,0,22548
בני,בני,agnus,0,14,120,22548
בני,בני,agninus,0,14,0,22548
בני,בני,hemina,0,14,0,22548
בני,בני,ouis,0,14,158,22548
בני,בני,pecus,0,14,85,22548
בני,בני,grex,0,14,160,22548
בני,בני,pecuarius,0,14,0,22548
בני,בני,natus,0,14,2,22548
בני,בני,proles,0,14,0,22548
בני,בני,filius,6,14,3345,22548
בני,בני,liberi,0,14,51,22548
בני,בני,puer,0,14,220,22548
בני,בני,meus,0,14,2759,22548
בני,בני,gnatus,0,14,0,22548
בני,בני,progenies,0,14,12,22548
בני,בני,nascor,0,14,103,22548
בני,בני,filium,0,14,0,22548
בני,בני,filii,0,14,0,22548
בני,בני,filio,0,14,0,22548
בנימ,בנים,filius,0,2,3345,22548
בנימ,בנים,puer,0,2,220,22548
בנימ,בנים,iuuencus,0,2,0,22548
בנימ,בנים,natus,0,2,2,22548
בנימ,בנים,proles,0,2,0,22548
בנימ,בנים,liberi,0,2,51,22548
בנימ,בנים,meus,0,2,2759,22548
בנימ,בנים,gnatus,0,2,0,22548
בנימ,בנים,progenies,0,2,12,22548
בנימ,בנים,nascor,0,2,103,22548
בנימ,בנים,filium,0,2,0,22548
בנימ,בנים,filii,0,2,0,22548
בנימ,בנים,filio,0,2,0,22548
בנימנ,בנימן,contumulo,0,158,0,22548
בנין,בנין,structura,0,7,0,22548
בנין,בנין,aedificium,6,7,11,22548
בנין,בנין,cubitus,0,7,4,22548
בנין,בנין,cubitum,3,7,106,22548
בניתי,בניתי,materio,0,0,1,22548
בניתי,בניתי,aedifico,0,0,312,22548
בנת,בנת,filia,0,0,448,22548
בנת,בנת,nata,0,0,0,22548
בנת,בנת,uirgo,0,0,59,22548
בנת,בנת,gener,0,0,12,22548
בנת,בנת,castellum,0,0,3,22548
בנת,בנת,uilla,0,0,38,22548
בנת,בנת,uicus,0,0,11,22548
בסר,בסר,labrusca,0,5,3,22548
בסר,בסר,uua,3,5,26,22548
בעד,בעד,minimus,0,83,0,22548
בעד,בעד,longus,0,83,36,22548
בעד,בעד,procul,0,83,55,22548
בעד,בעד,stadium,0,83,0,22548
בעה,בעה,peto,0,9,48,22548
בעה,בעה,quaero,3,9,249,22548
בעה,בעה,audio,0,9,927,22548
בעה,בעה,percipio,0,9,13,22548
בעה,בעה,rogo,2,9,51,22548
בעה,בעה,cognosco,0,9,131,22548
בעה,בעה,certus,0,9,10,22548
בעה,בעה,interrogo,0,9,79,22548
בעה,בעה,disco,0,9,40,22548
בעו,בעו,ligo,0,0,42,22548
בעו,בעו,uincio,0,0,35,22548
בעו,בעו,necto,0,0,2,22548
בעו,בעו,opus,0,0,417,22548
בעו,בעו,uolo,0,0,226,22548
בעו,בעו,postulo,0,0,39,22548
בעו,בעו,rogo,0,0,51,22548
בעו,בעו,peto,0,0,48,22548
בעו,בעו,oro,0,0,95,22548
בעו,בעו,necesse,0,0,10,22548
בעו,בעו,quaero,0,0,249,22548
בעו,בעו,quaeso,0,0,25,22548
בעו,בעו,necessarius,0,0,24,22548
בעו,בעו,interrogo,0,0,79,22548
בעו,בעו,obsecro,0,0,73,22548
בעו,בעו,desidero,0,0,42,22548
בעור,בעור,lepra,4,18,52,22548
בעז,בעז,bos,0,22,182,22548
בעז,בעז,iuuencus,0,22,0,22548
בעז,בעז,taurus,0,22,20,22548
בעז,בעז,iumentum,0,22,117,22548
בעז,בעז,uitulus,0,22,128,22548
בעז,בעז,pecus,0,22,85,22548
בעז,בעז,armentum,0,22,70,22548
בעז,בעז,uacca,0,22,10,22548
בעז,בעז,bubulus,0,22,2,22548
בעז,בעז,ager,4,22,214,22548
בעז,בעז,fundus,0,22,3,22548
בעז,בעז,campus,0,22,26,22548
בעז,בעז,praedium,0,22,0,22548
בעז,בעז,uilla,0,22,38,22548
בעז,בעז,congrego,0,22,255,22548
בעז,בעז,colligo,4,22,77,22548
בעט,בעט,calcitrosus,0,2,0,22548
בעיר,בעיר,probata,0,6,0,22548
בעיר,בעיר,synagoga,0,6,8,22548
בעיר,בעיר,educatus,0,6,0,22548
בעל,בעל,pudor,0,200,1,22548
בעל,בעל,dedecus,0,200,0,22548
בעל,בעל,ignominia,0,200,49,22548
בעל,בעל,heros,0,200,0,22548
בעל,בעל,qui,78,200,6495,22548
בעל,בעל,iste,3,200,633,22548
בעל,בעל,maritus,3,200,29,22548
בעל,בעל,uir,39,200,1154,22548
בעל,בעל,homo,5,200,780,22548
בעל,בעל,uiri,0,200,0,22548
בעל,בעל,uirum,0,200,0,22548
בעל,בעל,uiro,0,200,0,22548
בעל,בעל,insuper,2,200,50,22548
בעל,בעל,supernus,0,200,0,22548
בעל,בעל,habeo,16,200,694,22548
בעל,בעל,teneo,1,200,116,22548
בעל,בעל,possideo,3,200,160,22548
בעל,בעל,dominus,51,200,5912,22548
בעל,בעל,auctoritas,0,200,1,22548
בעל,בעל,erus,0,200,0,22548
בעל,בעל,potestas,2,200,42,22548
בער,בער,uro,0,92,26,22548
בער,בער,incendo,1,92,36,22548
בער,בער,cremo,0,92,11,22548
בער,בער,ardeo,8,92,34,22548
בער,בער,succendo,23,92,79,22548
בער,בער,impius,3,92,235,22548
בער,בער,malus,1,92,201,22548
בער,בער,improbus,0,92,1,22548
בערה,בערה,uro,0,1,26,22548
בערה,בערה,incendo,0,1,36,22548
בערה,בערה,cremo,0,1,11,22548
בערה,בערה,ardeo,0,1,34,22548
בערה,בערה,succendo,0,1,79,22548
בערו,בערו,torrido,0,0,0,22548
בערת,בערת,assurgo,0,0,3,22548
בעשא,בעשא,regno,5,26,216,22548
בעשא,בעשא,rex,13,26,1935,22548
בצור,בצור,ualentulus,0,24,0,22548
בציר,בציר,uindemio,0,7,5,22548
בציר,בציר,uindemiola,0,7,0,22548
בצל,בצל,caepa,1,1,1,22548
בצע,בצע,lucrum,1,31,2,22548
בצע,בצע,commodum,0,31,0,22548
בצע,בצע,praeda,1,31,75,22548
בצע,בצע,quaestus,0,31,0,22548
בצע,בצע,emolumentum,1,31,2,22548
בצע,בצע,auxilium,0,31,57,22548
בצע,בצע,seruio,1,31,160,22548
בצע,בצע,donum,0,31,25,22548
בצע,בצע,munus,4,31,91,22548
בצע,בצע,praemium,0,31,3,22548
בצע,בצע,praesens,0,31,76,22548
בצע,בצע,datus,0,31,0,22548
בצק,בצק,cinnus,0,7,0,22548
בצרת,בצרת,sitis,0,2,20,22548
בקבק,בקבק,membrana,0,3,0,22548
בקע,בקע,quoad,0,51,0,22548
בקע,בקע,scindo,10,51,55,22548
בקעה,בקעה,uallis,0,21,8,22548
בקעה,בקעה,conuallis,0,21,16,22548
בקעה,בקעה,uallum,0,21,0,22548
בקעה,בקעה,canalis,0,21,0,22548
בקעה,בקעה,campus,18,21,26,22548
בקעה,בקעה,planities,1,21,9,22548
בקעה,בקעה,campe,0,21,0,22548
בקעה,בקעה,planus,1,21,9,22548
בקעה,בקעה,fauces,0,21,3,22548
בקעה,בקעה,scissus,0,21,3,22548
בקעת,בקעת,campus,0,0,26,22548
בקעת,בקעת,planities,0,0,9,22548
בקעת,בקעת,campe,0,0,0,22548
בקעת,בקעת,planus,0,0,9,22548
בקר,בקר,monstrificus,0,364,0,22548
בקר,בקר,armentarius,0,364,1,22548
בקר,בקר,bos,103,364,182,22548
בקר,בקר,iuuencus,0,364,0,22548
בקר,בקר,taurus,4,364,20,22548
בקר,בקר,iumentum,1,364,117,22548
בקר,בקר,uitulus,28,364,128,22548
בקר,בקר,pecus,12,364,85,22548
בקר,בקר,armentum,64,364,70,22548
בקר,בקר,uacca,1,364,10,22548
בקר,בקר,bubulus,0,364,2,22548
בקר,בקר,matutinus,20,364,24,22548
בקר,בקר,dies,41,364,1613,22548
בקר,בקר,hodie,1,364,182,22548
בקר,בקר,itis,0,364,0,22548
בקר,בקר,diei,0,364,0,22548
בקר,בקר,lux,7,364,82,22548
בקר,בקר,aurora,3,364,6,22548
בקר,בקר,eos,0,364,0,22548
בקר,בקר,orientalis,1,364,57,22548
בקר,בקר,mane,133,364,173,22548
בקר,בקר,damalio,0,364,0,22548
בקר,בקר,uitellus,0,364,0,22548
בקר,בקר,iunix,0,364,0,22548
בקר,בקר,propediem,0,364,0,22548
בקר,בקר,praematurus,0,364,0,22548
בקרה,בקרה,cura,0,1,12,22548
בקרה,בקרה,curo,0,1,19,22548
בקרה,בקרה,caueo,0,1,38,22548
בקרה,בקרה,prouidentia,0,1,1,22548
בקרת,בקרת,ius,0,1,37,22548
בקרת,בקרת,iustitia,0,1,220,22548
בקרת,בקרת,fas,0,1,3,22548
בקרת,בקרת,iudicium,0,1,361,22548
בקרת,בקרת,supplicium,0,1,1,22548
בקרת,בקרת,aptus,0,1,9,22548
בקרת,בקרת,uisito,0,1,58,22548
בקרת,בקרת,causa,0,1,85,22548
בקרת,בקרת,aequitas,0,1,20,22548
בקרת,בקרת,poena,0,1,5,22548
בקרת,בקרת,damnum,0,1,14,22548
בקרת,בקרת,amissus,0,1,0,22548
בקרת,בקרת,tentus,0,1,0,22548
בקרת,בקרת,ultio,0,1,42,22548
בקש,בקש,peto,4,211,48,22548
בקש,בקש,quaero,152,211,249,22548
בקשה,בקשה,ligo,0,8,42,22548
בקשה,בקשה,uincio,0,8,35,22548
בקשה,בקשה,necto,0,8,2,22548
בקשה,בקשה,opus,0,8,417,22548
בקשה,בקשה,uolo,0,8,226,22548
בקשה,בקשה,postulo,3,8,39,22548
בקשה,בקשה,rogo,1,8,51,22548
בקשה,בקשה,peto,3,8,48,22548
בקשה,בקשה,oro,0,8,95,22548
בקשה,בקשה,necesse,0,8,10,22548
בקשה,בקשה,quaero,0,8,249,22548
בקשה,בקשה,quaeso,0,8,25,22548
בקשה,בקשה,necessarius,0,8,24,22548
בקשה,בקשה,interrogo,0,8,79,22548
בקשה,בקשה,obsecro,1,8,73,22548
בקשה,בקשה,desidero,0,8,42,22548
בקשה,בקשה,arcus,0,8,60,22548
בקשה,בקשה,sagitta,0,8,54,22548
בקשו,בקשו,peto,0,0,48,22548
בקשו,בקשו,quaero,0,0,249,22548
בר,בר,ferus,0,39,3,22548
בר,בר,saeuus,0,39,1,22548
בר,בר,immanis,0,39,0,22548
בר,בר,agrius,0,39,0,22548
בר,בר,extra,0,39,62,22548
בר,בר,mundus,4,39,97,22548
בר,בר,purus,2,39,43,22548
בר,בר,fouea,0,39,19,22548
בר,בר,cibus,0,39,99,22548
בר,בר,frumentum,8,39,54,22548
בר,בר,seges,1,39,18,22548
בר,בר,panis,1,39,255,22548
בר,בר,frumentarius,0,39,0,22548
בר,בר,triticum,5,39,33,22548
בר,בר,granum,0,39,2,22548
בר,בר,esca,0,39,27,22548
בר,בר,filius,6,39,3345,22548
בר,בר,natus,0,39,2,22548
בר,בר,gnatus,0,39,0,22548
בר,בר,progenies,0,39,12,22548
בר,בר,proles,0,39,0,22548
בר,בר,nascor,0,39,103,22548
בר,בר,filium,0,39,0,22548
בר,בר,filii,0,39,0,22548
בר,בר,filio,0,39,0,22548
ברא,ברא,condo,1,47,15,22548
ברא,ברא,fundo,0,47,136,22548
ברא,ברא,aedifico,0,47,312,22548
בראת,בראת,condo,0,0,15,22548
בראת,בראת,fundo,0,0,136,22548
בראת,בראת,aedifico,0,0,312,22548
ברד,ברד,grando,26,32,26,22548
ברד,ברד,chalazius,0,32,0,22548
ברוכ,ברוך,benedico,0,0,198,22548
ברוכ,ברוך,beatitas,0,0,0,22548
ברוכה,ברוכה,benedico,0,0,198,22548
ברוכימ,ברוכים,benedico,0,0,198,22548
ברור,ברור,mundus,0,0,97,22548
ברור,ברור,purus,0,0,43,22548
ברורימ,ברורים,eligo,0,0,209,22548
ברוש,ברוש,currus,1,18,107,22548
ברוש,ברוש,iugum,1,18,44,22548
ברוש,ברוש,quadrigae,1,18,14,22548
ברוש,ברוש,onusto,0,18,0,22548
ברוש,ברוש,silua,0,18,29,22548
ברוש,ברוש,uirgultum,0,18,0,22548
ברוש,ברוש,cedrinus,2,18,30,22548
ברוש,ברוש,cedrus,7,18,40,22548
ברוש,ברוש,cupresseus,0,18,0,22548
ברוש,ברוש,cupressinus,0,18,0,22548
ברוש,ברוש,libanus,5,18,61,22548
ברוש,ברוש,tusculum,0,18,0,22548
ברוש,ברוש,tureus,0,18,0,22548
ברוש,ברוש,altitudo,1,18,59,22548
ברוש,ברוש,arx,0,18,6,22548
ברזל,ברזל,ferreus,25,70,30,22548
ברזל,ברזל,ferrum,29,70,41,22548
ברזל,ברזל,ferrarius,1,70,2,22548
ברזל,ברזל,gladius,0,70,353,22548
ברזל,ברזל,pecunia,0,70,72,22548
ברזל,ברזל,argenteus,1,70,78,22548
ברזל,ברזל,nummus,0,70,1,22548
ברזל,ברזל,argentum,12,70,189,22548
ברזל,ברזל,aes,8,70,19,22548
ברזל,ברזל,aeris,0,70,0,22548
ברזל,ברזל,aereus,6,70,32,22548
ברזל,ברזל,aer,10,70,45,22548
ברזל,ברזל,aeneus,4,70,29,22548
ברזל,ברזל,asum,0,70,2,22548
ברזל,ברזל,aeratus,0,70,0,22548
ברזל,ברזל,aurum,9,70,229,22548
ברזל,ברזל,aureus,1,70,142,22548
ברח,ברח,profugio,0,63,7,22548
ברח,ברח,effugio,0,63,23,22548
ברח,ברח,fugio,46,63,238,22548
ברח,ברח,fuga,1,63,14,22548
ברח,ברח,exsilium,0,63,0,22548
ברח,ברח,uito,0,63,2,22548
ברח,ברח,exsul,0,63,0,22548
בריא,בריא,populus,0,13,1560,22548
בריא,בריא,plebs,0,13,19,22548
בריא,בריא,uulgus,0,13,39,22548
בריא,בריא,terra,2,13,2254,22548
בריא,בריא,contio,0,13,3,22548
בריא,בריא,communis,0,13,9,22548
בריא,בריא,ecclesia,0,13,30,22548
בריא,בריא,ager,0,13,214,22548
בריא,בריא,praepinguis,0,13,0,22548
בריא,בריא,unguinosus,0,13,0,22548
בריא,בריא,opimus,0,13,0,22548
בריא,בריא,bos,2,13,182,22548
בריא,בריא,iuuencus,0,13,0,22548
בריא,בריא,taurus,0,13,20,22548
בריא,בריא,iumentum,0,13,117,22548
בריא,בריא,uitulus,0,13,128,22548
בריא,בריא,pecus,0,13,85,22548
בריא,בריא,armentum,0,13,70,22548
בריא,בריא,uacca,0,13,10,22548
בריא,בריא,bubulus,0,13,2,22548
בריא,בריא,genus,0,13,65,22548
בריא,בריא,species,1,13,26,22548
בריא,בריא,gener,0,13,12,22548
בריא,בריא,figura,0,13,7,22548
בריא,בריא,eligo,0,13,209,22548
בריא,בריא,pulcher,2,13,69,22548
בריא,בריא,formosus,0,13,0,22548
בריא,בריא,bonus,1,13,316,22548
בריא,בריא,nobilis,0,13,17,22548
בריא,בריא,bene,0,13,65,22548
בריא,בריא,ius,0,13,37,22548
בריא,בריא,aequus,0,13,22,22548
בריא,בריא,speciosus,0,13,24,22548
בריא,בריא,ualeo,0,13,38,22548
בריא,בריא,posterus,0,13,25,22548
בריא,בריא,dexter,0,13,104,22548
בריא,בריא,puteus,0,13,37,22548
בריא,בריא,bellus,0,13,0,22548
בריא,בריא,caro,2,13,229,22548
בריאות,בריאות,eligo,0,0,209,22548
בריח,בריח,respiramen,0,40,0,22548
בריח,בריח,porta,14,40,286,22548
בריח,בריח,ianua,0,40,13,22548
בריח,בריח,fores,0,40,12,22548
בריח,בריח,foras,0,40,27,22548
בריח,בריח,ostium,2,40,132,22548
בריח,בריח,foris,1,40,62,22548
בריח,בריח,limen,0,40,18,22548
בריח,בריח,sera,1,40,1,22548
בריח,בריח,uectis,2,40,7,22548
בריח,בריח,phalangae,0,40,0,22548
בריכ,בריך,beatitas,0,0,0,22548
ברית,ברית,dispositus,0,261,0,22548
ברית,ברית,pactum,4,261,4,22548
ברית,ברית,testamentum,4,261,7,22548
ברית,ברית,foedus,71,261,88,22548
ברית,ברית,dispono,0,261,16,22548
ברך,ברך,benedico,190,330,198,22548
ברכ,ברך,genu,20,330,27,22548
ברכ,ברך,poples,1,330,1,22548
ברכ,ברך,genus,1,330,65,22548
ברכ,ברך,ipse,13,330,933,22548
ברכ,ברך,sui,8,330,606,22548
ברכ,ברך,benedico,190,330,198,22548
ברכה,ברכה,bonus,1,81,316,22548
ברכה,ברכה,probus,0,81,2,22548
ברכה,ברכה,fortis,1,81,262,22548
ברכה,ברכה,bene,0,81,65,22548
ברכה,ברכה,benedictio,56,81,70,22548
ברכה,ברכה,fons,3,81,70,22548
ברכה,ברכה,fonticulus,0,81,0,22548
ברכה,ברכה,fontanus,0,81,0,22548
ברכה,ברכה,benedico,13,81,198,22548
ברכות,ברכות,benedictio,0,0,70,22548
ברכימ,ברכים,genu,0,0,27,22548
ברכימ,ברכים,poples,0,0,1,22548
ברכימ,ברכים,genus,0,0,65,22548
ברכת,ברכת,benedico,0,0,198,22548
ברכת,ברכת,benedictio,0,0,70,22548
ברכת,ברכת,fons,0,0,70,22548
ברכת,ברכת,fonticulus,0,0,0,22548
ברכת,ברכת,fontanus,0,0,0,22548
ברכתי,ברכתי,benedico,0,0,198,22548
ברמ,ברם,saluo,0,2,105,22548
ברמ,ברם,nisi,0,2,96,22548
ברע,ברע,improbus,0,1,1,22548
ברע,ברע,malus,0,1,201,22548
ברע,ברע,miseria,0,1,12,22548
ברע,ברע,calamitas,0,1,11,22548
ברע,ברע,negotium,0,1,12,22548
ברע,ברע,noceo,0,1,12,22548
ברע,ברע,molestia,0,1,1,22548
ברע,ברע,opera,0,1,4,22548
ברע,ברע,mala,0,1,0,22548
ברע,ברע,tribulatio,0,1,68,22548
ברק,ברק,fulgur,11,31,14,22548
ברק,ברק,fulmen,1,31,2,22548
ברקימ,ברקים,fulgur,0,0,14,22548
ברקימ,ברקים,fulmen,0,0,2,22548
ברקת,ברקת,smaragdinus,0,3,1,22548
ברקת,ברקת,pseudosmaragdus,0,3,0,22548
ברר,ברר,purgo,1,13,10,22548
בשורה,בשורה,protagion,0,0,0,22548
בשל,בשל,incoquo,0,26,0,22548
בשמימ,בשמים,aroma,0,0,35,22548
בשמימ,בשמים,cardamomum,0,0,0,22548
בשנה,בשנה,alter,0,1,212,22548
בשנה,בשנה,deinde,0,1,3,22548
בשנה,בשנה,iterum,0,1,18,22548
בשנה,בשנה,secundo,0,1,0,22548
בשנה,בשנה,proximus,0,1,101,22548
בשנה,בשנה,secundus,0,1,130,22548
בשנה,בשנה,annus,0,1,571,22548
בשנה,בשנה,anni,0,1,0,22548
בשנה,בשנה,tempus,0,1,407,22548
בשנה,בשנה,occasio,0,1,6,22548
בשנה,בשנה,facultas,0,1,2,22548
בשנה,בשנה,potestas,0,1,42,22548
בשנה,בשנה,mensis,0,1,208,22548
בשר,בשר,caro,198,261,229,22548
בשר,בשר,uiscera,1,261,18,22548
בשר,בשר,uiscus,0,261,1,22548
בשר,בשר,cadauer,4,261,51,22548
בשר,בשר,membrana,0,261,0,22548
בשרה,בשרה,nuntius,5,6,112,22548
בשרה,בשרה,renuntio,0,6,8,22548
בשרה,בשרה,fama,0,6,14,22548
בשרה,בשרה,rumor,0,6,1,22548
בשרה,בשרה,defero,0,6,42,22548
בשרה,בשרה,nuntio,3,6,122,22548
בשת,בשת,pudor,0,37,1,22548
בשת,בשת,dedecus,0,37,0,22548
בשת,בשת,ignominia,6,37,49,22548
בת,בת,filia,422,560,448,22548
בת,בת,nata,0,560,0,22548
בת,בת,uirgo,14,560,59,22548
בת,בת,gener,2,560,12,22548
בת,בת,mulier,22,560,292,22548
בת,בת,puella,6,560,44,22548
בת,בת,aedes,1,560,27,22548
בת,בת,familia,3,560,182,22548
בת,בת,templum,3,560,192,22548
בת,בת,apud,3,560,144,22548
בת,בת,tectum,0,560,43,22548
בת,בת,penates,0,560,0,22548
בת,בת,cognatio,2,560,146,22548
בת,בת,domus,57,560,1485,22548
בת,בת,tecta,0,560,0,22548
בת,בת,sedes,4,560,32,22548
בת,בת,praedium,0,560,0,22548
בת,בת,domum,0,560,0,22548
בת,בת,domo,0,560,4,22548
בת,בת,nascor,13,560,103,22548
בת,בת,puer,5,560,220,22548
בת,בת,pueri,0,560,0,22548
בת,בת,puerum,0,560,0,22548
בת,בת,natus,0,560,2,22548
בת,בת,filius,204,560,3345,22548
בת,בת,gnatus,0,560,0,22548
בת,בת,progenies,1,560,12,22548
בת,בת,proles,0,560,0,22548
בת,בת,filium,0,560,0,22548
בת,בת,filii,0,560,0,22548
בת,בת,filio,0,560,0,22548
בתולה,בתולה,uirgineus,0,50,0,22548
בתולה,בתולה,uirgo,47,50,59,22548
בתולה,בתולה,uirginis,0,50,0,22548
בתולה,בתולה,puella,7,50,44,22548
בתולה,בתולה,adulescens,2,50,28,22548
בתולה,בתולה,iuuenis,10,50,59,22548
בתולה,בתולה,adulescentulus,1,50,2,22548
בתולה,בתולה,peradulescentulus,0,50,0,22548
בתולות,בתולות,uirgineus,0,0,0,22548
בתולות,בתולות,uirgo,0,0,59,22548
בתולות,בתולות,uirginis,0,0,0,22548
בתולות,בתולות,puella,0,0,44,22548
בתולי,בתולי,uirginitas,0,0,6,22548
בתולים,בתולים,puellula,0,9,0,22548
בתולימ,בתולים,uirginitas,5,9,6,22548
בתולת,בתולת,uirgineus,0,0,0,22548
בתולת,בתולת,uirgo,0,0,59,22548
בתולת,בתולת,uirginis,0,0,0,22548
בתולת,בתולת,puella,0,0,44,22548
בתי,בתי,domus,0,0,1485,22548
בתי,בתי,aedes,0,0,27,22548
בתי,בתי,tecta,0,0,0,22548
בתי,בתי,familia,0,0,182,22548
בתי,בתי,templum,0,0,192,22548
בתי,בתי,apud,0,0,144,22548
בתי,בתי,cognatio,0,0,146,22548
בתי,בתי,tectum,0,0,43,22548
בתי,בתי,gener,0,0,12,22548
בתי,בתי,sedes,0,0,32,22548
בתי,בתי,praedium,0,0,0,22548
בתי,בתי,domum,0,0,0,22548
בתי,בתי,domo,0,0,4,22548
בתימ,בתים,latus,0,0,111,22548
בתימ,בתים,amplus,0,0,0,22548
בתימ,בתים,spatiosus,0,0,8,22548
בתימ,בתים,latitudo,0,0,93,22548
בתימ,בתים,fero,0,0,342,22548
בתימ,בתים,procul,0,0,55,22548
בתימ,בתים,aedes,0,0,27,22548
בתימ,בתים,familia,0,0,182,22548
בתימ,בתים,templum,0,0,192,22548
בתימ,בתים,apud,0,0,144,22548
בתימ,בתים,tectum,0,0,43,22548
בתימ,בתים,penates,0,0,0,22548
בתימ,בתים,cognatio,0,0,146,22548
בתימ,בתים,domus,0,0,1485,22548
בתימ,בתים,tecta,0,0,0,22548
בתימ,בתים,gener,0,0,12,22548
בתימ,בתים,sedes,0,0,32,22548
בתימ,בתים,praedium,0,0,0,22548
בתימ,בתים,domum,0,0,0,22548
בתימ,בתים,domo,0,0,4,22548
בתק,בתק,caedes,0,1,14,22548
בתק,בתק,plago,0,1,1,22548
בתק,בתק,sanguis,0,1,275,22548
בתק,בתק,mors,0,1,197,22548
בתק,בתק,occaedes,0,1,26,22548
בתק,בתק,interfacio,0,1,149,22548
בתק,בתק,interfectrix,0,1,0,22548
בתר,בתר,seco,0,4,7,22548
בתר,בתר,caedo,0,4,68,22548
בתר,בתר,scindo,0,4,55,22548
בתר,בתר,caesa,0,4,0,22548
בתרון,בתרון,torrens,0,1,47,22548
בתרון,בתרון,uallis,0,1,8,22548
בתרון,בתרון,fluentum,0,1,7,22548
גא,גא,arrogo,0,2,6,22548
גאוה,גאוה,tumultus,0,17,20,22548
גאוה,גאוה,despicatio,0,17,0,22548
גאוה,גאוה,superbia,8,17,63,22548
גאוה,גאוה,insolentia,0,17,0,22548
גאוה,גאוה,contumelia,0,17,11,22548
גאוה,גאוה,uis,0,17,73,22548
גאוה,גאוה,arrogantia,3,17,7,22548
גאוה,גאוה,uiolo,0,17,17,22548
גאולים,גאולים,defendo,0,1,7,22548
גאולים,גאולים,arceo,0,1,5,22548
גאולים,גאולים,propulso,0,1,0,22548
גאולים,גאולים,defensio,0,1,0,22548
גאולים,גאולים,tutor,0,1,0,22548
גאולים,גאולים,uisito,0,1,58,22548
גאולים,גאולים,ulciscor,0,1,27,22548
גאולים,גאולים,ultio,1,1,42,22548
גאולים,גאולים,stipendior,0,1,0,22548
גאון,גאון,altus,0,44,30,22548
גאון,גאון,summus,0,44,30,22548
גאון,גאון,supremus,0,44,0,22548
גאון,גאון,arx,0,44,6,22548
גאון,גאון,altitudo,1,44,59,22548
גאון,גאון,magnitudo,1,44,31,22548
גאון,גאון,gloria,7,44,214,22548
גאון,גאון,fama,0,44,14,22548
גאון,גאון,sententia,0,44,30,22548
גאון,גאון,existimatio,0,44,0,22548
גאון,גאון,laus,0,44,73,22548
גאון,גאון,opinio,0,44,0,22548
גאון,גאון,uis,0,44,73,22548
גאון,גאון,robur,0,44,46,22548
גאון,גאון,fortitudo,2,44,232,22548
גאון,גאון,potentia,1,44,17,22548
גאון,גאון,superbia,30,44,63,22548
גאון,גאון,insolentia,0,44,0,22548
גאון,גאון,contumelia,0,44,11,22548
גאון,גאון,arrogantia,5,44,7,22548
גאון,גאון,uiolo,0,44,17,22548
גאונ,גאון,gloria,7,44,214,22548
גאונ,גאון,fama,0,44,14,22548
גאונ,גאון,sententia,0,44,30,22548
גאונ,גאון,existimatio,0,44,0,22548
גאונ,גאון,laus,0,44,73,22548
גאונ,גאון,opinio,0,44,0,22548
גאונ,גאון,uis,0,44,73,22548
גאונ,גאון,robur,0,44,46,22548
גאונ,גאון,fortitudo,2,44,232,22548
גאונ,גאון,potentia,1,44,17,22548
גאונ,גאון,superbia,30,44,63,22548
גאונ,גאון,insolentia,0,44,0,22548
גאונ,גאון,contumelia,0,44,11,22548
גאונ,גאון,arrogantia,5,44,7,22548
גאונ,גאון,uiolo,0,44,17,22548
גאות,גאות,surgo,0,8,287,22548
גאות,גאות,exsurgo,0,8,1,22548
גאות,גאות,superbia,3,8,63,22548
גאות,גאות,insolentia,0,8,0,22548
גאות,גאות,contumelia,0,8,11,22548
גאות,גאות,uis,0,8,73,22548
גאות,גאות,arrogantia,0,8,7,22548
גאות,גאות,uiolo,0,8,17,22548
גאל,גאל,captatorius,0,91,0,22548
גאל,גאל,enubo,0,91,0,22548
גאל,גאל,traho,0,91,20,22548
גאל,גאל,uerutum,0,91,0,22548
גאל,גאל,uis,1,91,73,22548
גאל,גאל,robur,0,91,46,22548
גאל,גאל,fortitudo,3,91,232,22548
גאל,גאל,potentia,0,91,17,22548
גאלים,גאלים,immaculo,0,1,0,22548
גאלת,גאלת,hereditarius,0,0,3,22548
גב,גב,reduncus,0,16,0,22548
גב,גב,fouea,0,16,19,22548
גב,גב,altitudo,1,16,59,22548
גב,גב,arx,0,16,6,22548
גבא,גבא,fossa,0,2,6,22548
גבא,גבא,scrobiculus,0,2,0,22548
גבה,גבה,magnus,1,75,493,22548
גבה,גבה,ingens,0,75,13,22548
גבה,גבה,immanis,0,75,0,22548
גבה,גבה,uastus,0,75,2,22548
גבה,גבה,grandis,0,75,104,22548
גבה,גבה,multus,2,75,411,22548
גבה,גבה,superus,0,75,1,22548
גבה,גבה,summus,0,75,30,22548
גבה,גבה,alo,0,75,13,22548
גבה,גבה,altus,4,75,30,22548
גבה,גבה,celsus,0,75,0,22548
גבה,גבה,excelsus,16,75,126,22548
גבה,גבה,sublimis,10,75,48,22548
גבה,גבה,altitudo,17,75,59,22548
גבה,גבה,arx,0,75,6,22548
גבה,גבה,sublimo,2,75,4,22548
גבהה,גבהה,altus,0,0,30,22548
גבהה,גבהה,celsus,0,0,0,22548
גבהה,גבהה,excelsus,0,0,126,22548
גבהה,גבהה,sublimis,0,0,48,22548
גבהה,גבהה,superus,0,0,1,22548
גבהה,גבהה,alo,0,0,13,22548
גבהה,גבהה,summus,0,0,30,22548
גבהו,גבהו,abstineo,0,0,2,22548
גבהו,גבהו,tempero,0,0,5,22548
גבהו,גבהו,procul,0,0,55,22548
גבהות,גבהות,altus,0,2,30,22548
גבהות,גבהות,celsus,0,2,0,22548
גבהות,גבהות,excelsus,0,2,126,22548
גבהות,גבהות,sublimis,1,2,48,22548
גבהות,גבהות,superus,0,2,1,22548
גבהות,גבהות,alo,0,2,13,22548
גבהות,גבהות,summus,0,2,30,22548
גבהימ,גבהים,altus,0,0,30,22548
גבהימ,גבהים,celsus,0,0,0,22548
גבהימ,גבהים,excelsus,0,0,126,22548
גבהימ,גבהים,sublimis,0,0,48,22548
גבהימ,גבהים,superus,0,0,1,22548
גבהימ,גבהים,alo,0,0,13,22548
גבהימ,גבהים,summus,0,0,30,22548
גבול,גבול,termino,0,192,2,22548
גבול,גבול,mons,15,192,470,22548
גבול,גבול,iugum,0,192,44,22548
גבול,גבול,collis,0,192,66,22548
גבול,גבול,serum,0,192,0,22548
גבול,גבול,terminus,124,192,162,22548
גבול,גבול,ortus,1,192,42,22548
גבול,גבול,exortiuus,0,192,0,22548
גבולה,גבולה,mons,0,10,470,22548
גבולה,גבולה,iugum,0,10,44,22548
גבולה,גבולה,collis,0,10,66,22548
גבולה,גבולה,serum,0,10,0,22548
גבולה,גבולה,terminus,5,10,162,22548
גבולה,גבולה,termino,1,10,2,22548
גבור,גבור,heros,0,146,0,22548
גבור,גבור,qui,33,146,6495,22548
גבור,גבור,iste,9,146,633,22548
גבור,גבור,maritus,0,146,29,22548
גבור,גבור,uir,41,146,1154,22548
גבור,גבור,homo,4,146,780,22548
גבור,גבור,uiri,0,146,0,22548
גבור,גבור,uirum,0,146,0,22548
גבור,גבור,uiro,0,146,0,22548
גבור,גבור,sapientipotens,0,146,0,22548
גבור,גבור,potens,4,146,17,22548
גבור,גבור,fortis,89,146,262,22548
גבור,גבור,ualidus,0,146,15,22548
גבור,גבור,robustus,24,146,77,22548
גבור,גבור,firmus,0,146,25,22548
גבור,גבור,uehemens,0,146,16,22548
גבור,גבור,praeualeo,0,146,9,22548
גבורה,גבורה,uis,0,62,73,22548
גבורה,גבורה,robur,2,62,46,22548
גבורה,גבורה,fortitudo,44,62,232,22548
גבורה,גבורה,potentia,3,62,17,22548
גבורה,גבורה,littera,0,62,29,22548
גבורה,גבורה,censeo,0,62,0,22548
גבורה,גבורה,scribo,11,62,200,22548
גבורה,גבורה,reliquus,10,62,186,22548
גבורה,גבורה,ceterus,0,62,56,22548
גבורה,גבורה,maneo,0,62,122,22548
גבורה,גבורה,ergo,1,62,727,22548
גבורי,גבורי,potens,0,0,17,22548
גבורי,גבורי,fortis,0,0,262,22548
גבורי,גבורי,ualidus,0,0,15,22548
גבורי,גבורי,robustus,0,0,77,22548
גבורי,גבורי,firmus,0,0,25,22548
גבורי,גבורי,uehemens,0,0,16,22548
גבורימ,גבורים,potens,0,0,17,22548
גבורימ,גבורים,fortis,0,0,262,22548
גבורת,גבורת,exercitus,0,0,467,22548
גבורת,גבורת,copia,0,0,6,22548
גבורת,גבורת,uis,0,0,73,22548
גבורת,גבורת,uirtus,0,0,28,22548
גבורת,גבורת,imperium,0,0,59,22548
גבורת,גבורת,potentia,0,0,17,22548
גבורת,גבורת,cogo,0,0,17,22548
גבורת,גבורת,opis,0,0,0,22548
גבורת,גבורת,robur,0,0,46,22548
גבורת,גבורת,fortitudo,0,0,232,22548
גבורת,גבורת,potestas,0,0,42,22548
גבח,גבח,calueo,0,1,0,22548
גבי,גבי,examen,0,3,0,22548
גביע,גביע,potorius,0,11,0,22548
גביע,גביע,rhytium,0,11,0,22548
גביע,גביע,lychnuchus,0,11,0,22548
גביע,גביע,quadraginta,0,11,116,22548
גביע,גביע,quattuor,2,11,161,22548
גביר,גביר,dominus,2,2,5912,22548
גביר,גביר,auctoritas,0,2,1,22548
גביר,גביר,erus,0,2,0,22548
גביר,גביר,potestas,0,2,42,22548
גבירה,גבירה,amicus,0,6,104,22548
גבירה,גבירה,domina,1,6,12,22548
גבירה,גבירה,scortum,0,6,8,22548
גבירה,גבירה,era,0,6,1,22548
גבירה,גבירה,regina,2,6,40,22548
גבירה,גבירה,meretrix,0,6,27,22548
גבל,גבל,termino,0,7,2,22548
גבלימ,גבלים,iacio,0,0,25,22548
גבלימ,גבלים,mitto,0,0,653,22548
גבלימ,גבלים,peto,0,0,48,22548
גבלימ,גבלים,ferio,0,0,19,22548
גבלימ,גבלים,icio,0,0,0,22548
גבלימ,גבלים,proicio,0,0,121,22548
גבלימ,גבלים,eicio,0,0,79,22548
גבלת,גבלת,termino,0,2,2,22548
גבנה,גבנה,caseus,1,1,2,22548
גבע,גבע,syron,0,19,2,22548
גבעה,גבעה,contumulo,0,103,0,22548
גבעה,גבעה,collis,55,103,66,22548
גבעה,גבעה,mons,37,103,470,22548
גבעה,גבעה,iuba,0,103,0,22548
גבעה,גבעה,iugum,2,103,44,22548
גבעה,גבעה,serum,0,103,0,22548
גבעה,גבעה,terminus,0,103,162,22548
גבעימ,גבעים,uis,0,0,73,22548
גבעימ,גבעים,potestas,0,0,42,22548
גבעימ,גבעים,imperium,0,0,59,22548
גבעימ,גבעים,robur,0,0,46,22548
גבעימ,גבעים,tempestas,0,0,27,22548
גבעימ,גבעים,pollentia,0,0,0,22548
גבעת,גבעת,contumulo,0,0,0,22548
גבר,גבר,heros,0,108,0,22548
גבר,גבר,qui,44,108,6495,22548
גבר,גבר,iste,3,108,633,22548
גבר,גבר,maritus,0,108,29,22548
גבר,גבר,uir,56,108,1154,22548
גבר,גבר,homo,17,108,780,22548
גבר,גבר,uiri,0,108,0,22548
גבר,גבר,uirum,0,108,0,22548
גבר,גבר,uiro,0,108,0,22548
גבר,גבר,populus,2,108,1560,22548
גבר,גבר,humanus,1,108,7,22548
גבר,גבר,orbis,0,108,39,22548
גבר,גבר,plebs,1,108,19,22548
גבר,גבר,mundum,0,108,0,22548
גבר,גבר,sapientipotens,0,108,0,22548
גברי,גברי,heros,0,0,0,22548
גברי,גברי,qui,0,0,6495,22548
גברי,גברי,iste,0,0,633,22548
גברי,גברי,maritus,0,0,29,22548
גברי,גברי,uir,0,0,1154,22548
גברי,גברי,homo,0,0,780,22548
גברי,גברי,uiri,0,0,0,22548
גברי,גברי,uirum,0,0,0,22548
גברי,גברי,uiro,0,0,0,22548
גברי,גברי,populus,0,0,1560,22548
גברי,גברי,humanus,0,0,7,22548
גברי,גברי,orbis,0,0,39,22548
גברי,גברי,plebs,0,0,19,22548
גברי,גברי,mundum,0,0,0,22548
גברי,גברי,potens,0,0,17,22548
גברי,גברי,fortis,0,0,262,22548
גברימ,גברים,heros,0,0,0,22548
גברימ,גברים,qui,0,0,6495,22548
גברימ,גברים,iste,0,0,633,22548
גברימ,גברים,maritus,0,0,29,22548
גברימ,גברים,uir,0,0,1154,22548
גברימ,גברים,homo,0,0,780,22548
גברימ,גברים,uiri,0,0,0,22548
גברימ,גברים,uirum,0,0,0,22548
גברימ,גברים,uiro,0,0,0,22548
גברימ,גברים,potens,0,0,17,22548
גברימ,גברים,fortis,0,0,262,22548
גברינ,גברין,heros,0,0,0,22548
גברינ,גברין,qui,0,0,6495,22548
גברינ,גברין,iste,0,0,633,22548
גברינ,גברין,maritus,0,0,29,22548
גברינ,גברין,uir,0,0,1154,22548
גברינ,גברין,homo,0,0,780,22548
גברינ,גברין,uiri,0,0,0,22548
גברינ,גברין,uirum,0,0,0,22548
גברינ,גברין,uiro,0,0,0,22548
גברת,גברת,coniunx,0,9,5,22548
גברת,גברת,muliebris,0,9,7,22548
גברת,גברת,uira,0,9,0,22548
גברת,גברת,femina,0,9,31,22548
גברת,גברת,uxor,0,9,367,22548
גברת,גברת,mulier,1,9,292,22548
גברת,גברת,amicus,0,9,104,22548
גברת,גברת,domina,9,9,12,22548
גברת,גברת,scortum,0,9,8,22548
גברת,גברת,era,0,9,1,22548
גברת,גברת,regina,0,9,40,22548
גברת,גברת,uis,0,9,73,22548
גברת,גברת,robur,0,9,46,22548
גברת,גברת,fortitudo,0,9,232,22548
גברת,גברת,potentia,0,9,17,22548
גברת,גברת,penes,0,9,1,22548
גג,גג,domus,9,26,1485,22548
גג,גג,tecta,0,26,0,22548
גג,גג,regia,0,26,9,22548
גג,גג,tectum,12,26,43,22548
גג,גג,palatium,0,26,27,22548
גג,גג,templum,1,26,192,22548
גג,גג,apud,0,26,144,22548
גג,גג,familia,0,26,182,22548
גג,גג,aedes,0,26,27,22548
גג,גג,doma,2,26,3,22548
גג,גג,canna,0,26,0,22548
גג,גג,tegulum,0,26,0,22548
גגות,גגות,domus,0,0,1485,22548
גגות,גגות,tecta,0,0,0,22548
גגות,גגות,regia,0,0,9,22548
גגות,גגות,tectum,0,0,43,22548
גגות,גגות,palatium,0,0,27,22548
גגות,גגות,templum,0,0,192,22548
גגות,גגות,apud,0,0,144,22548
גגות,גגות,familia,0,0,182,22548
גגות,גגות,aedes,0,0,27,22548
גד,גד,deus,3,76,2682,22548
גד,גד,genius,0,76,0,22548
גד,גד,ingenium,0,76,0,22548
גד,גד,fortuna,1,76,1,22548
גד,גד,spiritus,0,76,241,22548
גד,גד,animus,0,76,39,22548
גד,גד,numen,0,76,0,22548
גד,גד,bonus,3,76,316,22548
גד,גד,praedium,0,76,0,22548
גד,גד,substantia,1,76,59,22548
גד,גד,fors,0,76,0,22548
גד,גד,casus,0,76,5,22548
גד,גד,dimidius,8,76,44,22548
גד,גד,dimidio,0,76,2,22548
גד,גד,semifer,0,76,0,22548
גד,גד,dimidium,0,76,17,22548
גדבר,גדבר,quaestor,0,2,0,22548
גדברי,גדברי,tyrannus,0,0,7,22548
גדברי,גדברי,regius,0,0,14,22548
גדול,גדול,ualidus,2,473,15,22548
גדול,גדול,fortis,17,473,262,22548
גדול,גדול,robustus,9,473,77,22548
גדול,גדול,firmus,1,473,25,22548
גדול,גדול,uehemens,4,473,16,22548
גדול,גדול,praesertim,0,473,7,22548
גדול,גדול,princeps,21,473,610,22548
גדול,גדול,magnus,329,473,493,22548
גדול,גדול,dux,3,473,155,22548
גדול,גדול,praecipuus,0,473,3,22548
גדול,גדול,maximus,0,473,0,22548
גדול,גדול,potis,0,473,0,22548
גדול,גדול,magus,0,473,8,22548
גדול,גדול,malo,0,473,0,22548
גדול,גדול,mirifico,0,473,0,22548
גדול,גדול,ingens,8,473,13,22548
גדול,גדול,immanis,0,473,0,22548
גדול,גדול,uastus,0,473,2,22548
גדול,גדול,grandis,68,473,104,22548
גדול,גדול,multus,26,473,411,22548
גדול,גדול,superus,0,473,1,22548
גדול,גדול,summus,1,473,30,22548
גדול,גדול,alo,0,473,13,22548
גדול,גדול,plerusque,0,473,0,22548
גדול,גדול,amplus,0,473,0,22548
גדול,גדול,complures,0,473,0,22548
גדול,גדול,annualis,0,473,0,22548
גדול,גדול,longus,3,473,36,22548
גדול,גדול,diu,0,473,1,22548
גדול,גדול,procul,3,473,55,22548
גדול,גדול,absum,2,473,16,22548
גדולה,גדולה,magnitudo,3,10,31,22548
גדולה,גדולה,magnanimitas,0,10,0,22548
גדולה,גדולה,magnus,1,10,493,22548
גדולה,גדולה,ingens,0,10,13,22548
גדולה,גדולה,immanis,0,10,0,22548
גדולה,גדולה,uastus,0,10,2,22548
גדולה,גדולה,grandis,0,10,104,22548
גדולה,גדולה,multus,0,10,411,22548
גדולה,גדולה,superus,0,10,1,22548
גדולה,גדולה,summus,0,10,30,22548
גדולה,גדולה,alo,0,10,13,22548
גדולה,גדולה,altitudo,0,10,59,22548
גדולימ,גדולים,magnus,0,0,493,22548
גדולימ,גדולים,ingens,0,0,13,22548
גדולימ,גדולים,immanis,0,0,0,22548
גדולימ,גדולים,uastus,0,0,2,22548
גדולימ,גדולים,grandis,0,0,104,22548
גדולימ,גדולים,multus,0,0,411,22548
גדולימ,גדולים,superus,0,0,1,22548
גדולימ,גדולים,summus,0,0,30,22548
גדולימ,גדולים,alo,0,0,13,22548
גדי,גדי,capra,3,40,24,22548
גדי,גדי,caper,0,40,3,22548
גדי,גדי,hircus,0,40,29,22548
גדי,גדי,caprinus,0,40,0,22548
גדי,גדי,hircinus,0,40,0,22548
גדי,גדי,agnos,0,40,0,22548
גדי,גדי,agnus,1,40,120,22548
גדי,גדי,iacio,0,40,25,22548
גדי,גדי,proicio,0,40,121,22548
גדי,גדי,reiecto,0,40,0,22548
גדיה,גדיה,ripa,2,5,17,22548
גדיה,גדיה,triremis,0,5,0,22548
גדיה,גדיה,mensa,0,5,63,22548
גדיה,גדיה,tabula,0,5,57,22548
גדיה,גדיה,agger,0,5,9,22548
גדיה,גדיה,tumulus,0,5,22,22548
גדיי,גדיי,haedus,0,0,77,22548
גדיי,גדיי,haedinus,0,0,0,22548
גדיי,גדיי,haedulus,0,0,0,22548
גדל,גדל,fio,0,124,188,22548
גדל,גדל,nascor,1,124,103,22548
גדל,גדל,orior,1,124,52,22548
גדל,גדל,gigno,2,124,190,22548
גדל,גדל,sum,69,124,9821,22548
גדל,גדל,uis,0,124,73,22548
גדל,גדל,robur,0,124,46,22548
גדל,גדל,fortitudo,5,124,232,22548
גדל,גדל,potentia,1,124,17,22548
גדל,גדל,mirifico,0,124,0,22548
גדל,גדל,magnus,7,124,493,22548
גדל,גדל,ingens,0,124,13,22548
גדל,גדל,immanis,0,124,0,22548
גדל,גדל,uastus,0,124,2,22548
גדל,גדל,grandis,3,124,104,22548
גדל,גדל,multus,3,124,411,22548
גדל,גדל,superus,0,124,1,22548
גדל,גדל,summus,0,124,30,22548
גדל,גדל,alo,0,124,13,22548
גדל,גדל,legatus,0,124,8,22548
גדל,גדל,orator,0,124,0,22548
גדל,גדל,senex,2,124,145,22548
גדל,גדל,uetus,0,124,24,22548
גדל,גדל,natus,0,124,2,22548
גדל,גדל,antiquus,0,124,40,22548
גדל,גדל,presbyter,0,124,0,22548
גדלה,גדלה,ualidus,0,0,15,22548
גדלה,גדלה,fortis,0,0,262,22548
גדלה,גדלה,robustus,0,0,77,22548
גדלה,גדלה,firmus,0,0,25,22548
גדלה,גדלה,uehemens,0,0,16,22548
גדלה,גדלה,magnus,0,0,493,22548
גדלה,גדלה,ingens,0,0,13,22548
גדלה,גדלה,immanis,0,0,0,22548
גדלה,גדלה,uastus,0,0,2,22548
גדלה,גדלה,grandis,0,0,104,22548
גדלה,גדלה,multus,0,0,411,22548
גדלה,גדלה,superus,0,0,1,22548
גדלה,גדלה,summus,0,0,30,22548
גדלה,גדלה,alo,0,0,13,22548
גדלות,גדלות,magnus,0,0,493,22548
גדלות,גדלות,ingens,0,0,13,22548
גדלות,גדלות,immanis,0,0,0,22548
גדלות,גדלות,uastus,0,0,2,22548
גדלות,גדלות,grandis,0,0,104,22548
גדלות,גדלות,multus,0,0,411,22548
גדלות,גדלות,superus,0,0,1,22548
גדלות,גדלות,summus,0,0,30,22548
גדלות,גדלות,alo,0,0,13,22548
גדלימ,גדלים,magnus,0,0,493,22548
גדלימ,גדלים,ingens,0,0,13,22548
גדלימ,גדלים,immanis,0,0,0,22548
גדלימ,גדלים,uastus,0,0,2,22548
גדלימ,גדלים,grandis,0,0,104,22548
גדלימ,גדלים,multus,0,0,411,22548
גדלימ,גדלים,superus,0,0,1,22548
גדלימ,גדלים,summus,0,0,30,22548
גדלימ,גדלים,alo,0,0,13,22548
גדלת,גדלת,magnus,0,0,493,22548
גדלת,גדלת,ingens,0,0,13,22548
גדלת,גדלת,immanis,0,0,0,22548
גדלת,גדלת,uastus,0,0,2,22548
גדלת,גדלת,grandis,0,0,104,22548
גדלת,גדלת,multus,0,0,411,22548
גדלת,גדלת,superus,0,0,1,22548
גדלת,גדלת,summus,0,0,30,22548
גדלת,גדלת,alo,0,0,13,22548
גדע,גדע,praecido,2,22,22,22548
גדע,גדע,abscido,2,22,14,22548
גדע,גדע,caesa,0,22,0,22548
גדע,גדע,altus,0,22,30,22548
גדע,גדע,celsus,0,22,0,22548
גדע,גדע,excelsus,4,22,126,22548
גדע,גדע,sublimis,1,22,48,22548
גדע,גדע,superus,0,22,1,22548
גדע,גדע,alo,0,22,13,22548
גדע,גדע,summus,0,22,30,22548
גדף,גדף,blasphemo,6,7,23,22548
גדף,גדף,fabulor,0,7,0,22548
גדר,גדר,consaepto,0,24,0,22548
גדרה,גדרה,ouis,3,8,158,22548
גדרה,גדרה,pecus,1,8,85,22548
גדרה,גדרה,grex,0,8,160,22548
גדרה,גדרה,pecuarius,0,8,0,22548
גהה,גהה,sano,1,2,42,22548
גהה,גהה,curo,0,2,19,22548
גהה,גהה,seruio,0,2,160,22548
גהה,גהה,medeor,0,2,4,22548
גהה,גהה,remedio,0,2,0,22548
גו,גו,gens,0,10,462,22548
גו,גו,natio,0,10,51,22548
גו,גו,populus,0,10,1560,22548
גו,גו,prouincia,0,10,50,22548
גו,גו,tribus,0,10,174,22548
גוא,גוא,medius,2,8,489,22548
גוא,גוא,medion,0,8,0,22548
גוא,גוא,centrum,0,8,0,22548
גוא,גוא,medio,0,8,0,22548
גוב,גוב,fouea,0,3,19,22548
גוד,גוד,impono,0,1,51,22548
גוד,גוד,impetus,0,1,22,22548
גוד,גוד,oppugno,0,1,0,22548
גוד,גוד,conor,0,1,0,22548
גוד,גוד,suscipio,0,1,91,22548
גוד,גוד,recipio,0,1,37,22548
גוד,גוד,tento,0,1,8,22548
גוה,גוה,cogito,0,4,92,22548
גוה,גוה,sentio,0,4,12,22548
גוה,גוה,sapientia,0,4,151,22548
גוה,גוה,superbia,2,4,63,22548
גוה,גוה,superbus,0,4,33,22548
גוה,גוה,cogitatio,0,4,90,22548
גוה,גוה,adsum,0,4,27,22548
גוה,גוה,animus,0,4,39,22548
גוה,גוה,spiritus,0,4,241,22548
גוי,גוי,populus,83,474,1560,22548
גוי,גוי,qui,175,474,6495,22548
גוי,גוי,humanus,0,474,7,22548
גוי,גוי,iste,29,474,633,22548
גוי,גוי,orbis,2,474,39,22548
גוי,גוי,plebs,0,474,19,22548
גוי,גוי,mundum,0,474,0,22548
גוי,גוי,uir,7,474,1154,22548
גוי,גוי,homo,12,474,780,22548
גוי,גוי,uulgus,0,474,39,22548
גוי,גוי,terra,133,474,2254,22548
גוי,גוי,contio,0,474,3,22548
גוי,גוי,communis,0,474,9,22548
גוי,גוי,ecclesia,1,474,30,22548
גוי,גוי,ager,1,474,214,22548
גוי,גוי,praepinguis,0,474,0,22548
גוי,גוי,unguinosus,0,474,0,22548
גוי,גוי,gens,414,474,462,22548
גוי,גוי,natio,43,474,51,22548
גוי,גוי,prouincia,4,474,50,22548
גוי,גוי,tribus,2,474,174,22548
גוי,גוי,turba,0,474,30,22548
גוי,גוי,exercitus,19,474,467,22548
גוי,גוי,militia,2,474,54,22548
גוי,גוי,hospes,0,474,0,22548
גוי,גוי,tecolithos,0,474,0,22548
גוי,גוי,petrinus,0,474,0,22548
גוי,גוי,popularis,0,474,0,22548
גוי,גוי,multitudo,13,474,267,22548
גוי,גוי,numero,1,474,73,22548
גוי,גוי,numerus,3,474,149,22548
גויה,גויה,ordo,0,10,56,22548
גויה,גויה,homo,0,10,780,22548
גויה,גויה,corpus,7,10,33,22548
גויה,גויה,corpusculum,0,10,0,22548
גויי,גויי,gens,0,0,462,22548
גויי,גויי,natio,0,0,51,22548
גויי,גויי,populus,0,0,1560,22548
גויי,גויי,prouincia,0,0,50,22548
גויי,גויי,tribus,0,0,174,22548
גוימ,גוים,gens,0,0,462,22548
גוימ,גוים,natio,0,0,51,22548
גוימ,גוים,populus,0,0,1560,22548
גוימ,גוים,prouincia,0,0,50,22548
גוימ,גוים,tribus,0,0,174,22548
גולה,גולה,fugio,0,42,238,22548
גולה,גולה,effugio,0,42,23,22548
גולה,גולה,fuga,0,42,14,22548
גולה,גולה,exsilium,0,42,0,22548
גולה,גולה,profugio,0,42,7,22548
גולה,גולה,uito,0,42,2,22548
גולה,גולה,exsul,0,42,0,22548
גולה,גולה,fugitiuus,0,42,5,22548
גולה,גולה,transmigratio,27,42,41,22548
גולה,גולה,captiuitas,12,42,64,22548
גולן,גולן,gaulus,2,4,2,22548
גוע,גוע,linquo,0,20,0,22548
גוע,גוע,accedo,0,20,108,22548
גוע,גוע,adicio,0,20,15,22548
גוע,גוע,adiungo,0,20,4,22548
גוע,גוע,addo,0,20,103,22548
גוף,גוף,secludo,0,1,0,22548
גוף,גוף,excludo,0,1,2,22548
גוף,גוף,claudo,1,1,62,22548
גוף,גוף,praecludo,0,1,0,22548
גוף,גוף,clio,0,1,0,22548
גופה,גופה,morior,0,1,469,22548
גופה,גופה,emortuus,0,1,0,22548
גופה,גופה,corporis,0,1,0,22548
גופה,גופה,cadauer,1,1,51,22548
גופה,גופה,corpus,0,1,33,22548
גופה,גופה,mortuus,0,1,52,22548
גור,גור,habito,32,108,514,22548
גור,גור,incolo,3,108,3,22548
גור,גור,uiuo,2,108,365,22548
גור,גור,cohabito,0,108,0,22548
גור,גור,scymnus,0,108,0,22548
גורל,גורל,hereditas,4,65,125,22548
גורל,גורל,possessio,8,65,165,22548
גורל,גורל,hereditarius,0,65,3,22548
גורל,גורל,sors,53,65,82,22548
גורל,גורל,praedium,0,65,0,22548
גורל,גורל,aratio,0,65,0,22548
גורל,גורל,sortio,0,65,1,22548
גורלות,גורלות,hereditas,0,0,125,22548
גורלות,גורלות,sors,0,0,82,22548
גורלות,גורלות,praedium,0,0,0,22548
גורלות,גורלות,possessio,0,0,165,22548
גורלות,גורלות,aratio,0,0,0,22548
גורלות,גורלות,sortio,0,0,1,22548
גז,גז,herba,0,4,44,22548
גז,גז,gramen,0,4,3,22548
גז,גז,pastus,0,4,6,22548
גזבר,גזבר,quaestor,0,2,0,22548
גזה,גזה,uellus,2,5,6,22548
גזה,גזה,pellicula,0,5,0,22548
גזה,גזה,ros,4,5,28,22548
גזה,גזה,roscidus,0,5,0,22548
גזה,גזה,lanugino,0,5,0,22548
גזה,גזה,mallus,0,5,0,22548
גזז,גזז,caesa,0,14,0,22548
גזז,גזז,ouis,8,14,158,22548
גזז,גזז,pecus,1,14,85,22548
גזז,גזז,grex,4,14,160,22548
גזז,גזז,pecuarius,0,14,0,22548
גזל,גזל,iniquitas,1,32,339,22548
גזל,גזל,iniustus,0,32,4,22548
גזל,גזל,rapulum,0,32,0,22548
גזל,גזל,rapio,11,32,41,22548
גזל,גזל,corripio,0,32,24,22548
גזלה,גזלה,uendo,0,5,61,22548
גזלה,גזלה,restituo,1,5,39,22548
גזלה,גזלה,soluo,0,5,36,22548
גזלה,גזלה,trado,0,5,321,22548
גזלה,גזלה,redeo,0,5,30,22548
גזלה,גזלה,reuorto,0,5,75,22548
גזלה,גזלה,stipendium,0,5,0,22548
גזלה,גזלה,libero,0,5,139,22548
גזלה,גזלה,reddo,3,5,173,22548
גזלה,גזלה,rapulum,0,5,0,22548
גזם,גזם,deuoro,0,5,103,22548
גזם,גזם,esco,0,5,0,22548
גזע,גזע,radix,2,3,44,22548
גזע,גזע,radico,1,3,1,22548
גזע,גזע,oliua,0,3,26,22548
גזר,גזר,perago,0,30,0,22548
גזרה,גזרה,siccus,0,9,18,22548
גזרה,גזרה,centum,3,9,156,22548
גזרה,גזרה,longitudo,3,9,80,22548
גזרה,גזרה,cubitus,0,9,4,22548
גזרה,גזרה,cubitum,4,9,106,22548
גחון,גחון,aluus,0,2,2,22548
גחון,גחון,uenter,0,2,49,22548
גחון,גחון,uterus,0,2,49,22548
גחון,גחון,praecordia,0,2,1,22548
גחל,גחל,carbo,10,16,11,22548
גחל,גחל,anthracitis,0,16,0,22548
גי,גי,terra,0,0,2254,22548
גי,גי,tellus,0,0,0,22548
גי,גי,ager,0,0,214,22548
גיא,גיא,uallis,2,51,8,22548
גיא,גיא,conuallis,4,51,16,22548
גיא,גיא,uallum,0,51,0,22548
גיא,גיא,canalis,0,51,0,22548
גיא,גיא,ualles,42,51,114,22548
גיא,גיא,mons,12,51,470,22548
גיא,גיא,iugum,1,51,44,22548
גיא,גיא,collis,4,51,66,22548
גיא,גיא,serum,0,51,0,22548
גיא,גיא,terminus,1,51,162,22548
גיא,גיא,fauces,0,51,3,22548
גיא,גיא,scissus,0,51,3,22548
גיד,גיד,neruus,4,5,14,22548
גיד,גיד,tortum,0,5,0,22548
גיד,גיד,choreus,0,5,0,22548
גיימ,גיים,gens,0,0,462,22548
גיימ,גיים,natio,0,0,51,22548
גיימ,גיים,populus,0,0,1560,22548
גיימ,גיים,prouincia,0,0,50,22548
גיימ,גיים,tribus,0,0,174,22548
גיל,גיל,hilaro,0,47,1,22548
גיל,גיל,festiuitas,0,47,13,22548
גיל,גיל,gaudeo,7,47,34,22548
גיל,גיל,laetor,8,47,49,22548
גיל,גיל,ualeo,0,47,38,22548
גיל,גיל,laeto,14,47,85,22548
גיל,גיל,grando,0,47,26,22548
גיל,גיל,gaudium,4,47,59,22548
גיל,גיל,fruor,0,47,8,22548
גיל,גיל,delecto,0,47,21,22548
גיל,גיל,uoluptas,0,47,16,22548
גיל,גיל,laetitia,7,47,61,22548
גל,גל,contumulo,0,38,0,22548
גל,גל,fluctus,11,38,19,22548
גל,גל,aestus,0,38,12,22548
גל,גל,unda,0,38,1,22548
גל,גל,gurgito,0,38,0,22548
גל,גל,lapis,7,38,216,22548
גל,גל,saxum,0,38,12,22548
גל,גל,marmor,0,38,4,22548
גל,גל,marmoreus,0,38,2,22548
גל,גל,gemma,0,38,19,22548
גל,גל,petrinus,0,38,0,22548
גלא,גלא,reuelo,0,0,56,22548
גלבע,גלבע,syron,0,8,2,22548
גלגל,גלגל,rota,11,51,32,22548
גלגלת,גלגלת,caput,8,12,345,22548
גלגלת,גלגלת,cephalaea,0,12,0,22548
גלגלת,גלגלת,multitudo,0,12,267,22548
גלגלת,גלגלת,numero,1,12,73,22548
גלגלת,גלגלת,numerus,2,12,149,22548
גלגלת,גלגלת,insuper,0,12,50,22548
גלגלת,גלגלת,supernus,0,12,0,22548
גלד,גלד,membrana,0,1,0,22548
גלד,גלד,cutis,0,1,22,22548
גלד,גלד,pellis,0,1,45,22548
גלד,גלד,corium,0,1,1,22548
גלד,גלד,tergus,0,1,0,22548
גלד,גלד,abscondo,0,1,141,22548
גלה,גלה,reuelo,52,182,56,22548
גלו,גלו,fugio,0,2,238,22548
גלו,גלו,effugio,0,2,23,22548
גלו,גלו,fuga,0,2,14,22548
גלו,גלו,exsilium,0,2,0,22548
גלו,גלו,profugio,0,2,7,22548
גלו,גלו,uito,0,2,2,22548
גלו,גלו,exsul,0,2,0,22548
גלו,גלו,fugitiuus,0,2,5,22548
גלולים,גלולים,idolum,19,45,61,22548
גלולים,גלולים,simulacrum,4,45,27,22548
גלולים,גלולים,imaginis,0,45,0,22548
גלולים,גלולים,umbra,0,45,55,22548
גלולים,גלולים,imago,0,45,16,22548
גלות,גלות,transmigratio,10,14,41,22548
גלות,גלות,captiuitas,4,14,64,22548
גלות,גלות,fugio,1,14,238,22548
גלות,גלות,effugio,0,14,23,22548
גלות,גלות,fuga,0,14,14,22548
גלות,גלות,exsilium,0,14,0,22548
גלות,גלות,profugio,0,14,7,22548
גלות,גלות,uito,0,14,2,22548
גלות,גלות,exsul,0,14,0,22548
גלות,גלות,fugitiuus,0,14,5,22548
גלות,גלות,reuelo,0,14,56,22548
גלות,גלות,humilito,0,14,0,22548
גלות,גלות,mensis,5,14,208,22548
גלח,גלח,rasito,0,18,0,22548
גלח,גלח,oratio,0,18,64,22548
גלח,גלח,prex,0,18,27,22548
גלח,גלח,uotum,0,18,41,22548
גלח,גלח,crinis,1,18,7,22548
גלח,גלח,come,0,18,0,22548
גלח,גלח,capillus,4,18,21,22548
גלח,גלח,caesaries,3,18,4,22548
גלי,גלי,reuelo,0,0,56,22548
גליון,גליון,tabula,0,2,57,22548
גליון,גליון,tabella,0,2,0,22548
גליון,גליון,pugillaris,0,2,0,22548
גלילה,גלילה,locus,0,5,513,22548
גלילה,גלילה,regio,0,5,158,22548
גלילה,גלילה,ager,0,5,214,22548
גלילה,גלילה,dimidius,1,5,44,22548
גלילה,גלילה,dimidio,0,5,2,22548
גלילה,גלילה,semifer,0,5,0,22548
גלילה,גלילה,dimidium,0,5,17,22548
גלל,גלל,causa,1,35,85,22548
גלל,גלל,propter,10,35,292,22548
גלל,גלל,quia,0,35,1439,22548
גלל,גלל,ratio,0,35,11,22548
גלל,גלל,ob,1,35,67,22548
גלל,גלל,sicut,3,35,851,22548
גלל,גלל,res,0,35,159,22548
גלל,גלל,negotium,0,35,12,22548
גלל,גלל,silua,1,35,29,22548
גלל,גלל,nemus,0,35,11,22548
גלל,גלל,lucus,0,35,31,22548
גלל,גלל,lignum,2,35,254,22548
גלל,גלל,materia,0,35,1,22548
גלל,גלל,ager,3,35,214,22548
גלל,גלל,fundus,0,35,3,22548
גלל,גלל,campus,0,35,26,22548
גלל,גלל,praedium,0,35,0,22548
גלל,גלל,uilla,0,35,38,22548
גלעד,גלעד,contumulo,0,125,0,22548
גלש,גלש,descendo,0,2,256,22548
גלש,גלש,deicio,0,2,19,22548
גמ,גם,aurora,0,650,6,22548
גמ,גם,mane,2,650,173,22548
גמ,גם,usque,21,650,812,22548
גמ,גם,dum,1,650,30,22548
גמ,גם,quoad,0,650,0,22548
גמ,גם,donec,12,650,221,22548
גמא,גמא,hirundo,0,6,2,22548
גמא,גמא,deuoro,0,6,103,22548
גמד,גמד,cubitus,0,1,4,22548
גמד,גמד,cubitum,0,1,106,22548
גמול,גמול,hostimentum,0,15,0,22548
גמול,גמול,retributio,7,15,13,22548
גמול,גמול,opus,3,15,417,22548
גמול,גמול,facinus,0,15,2,22548
גמול,גמול,res,0,15,159,22548
גמול,גמול,negotium,0,15,12,22548
גמול,גמול,opero,0,15,7,22548
גמל,גמל,camelus,38,81,41,22548
גמל,גמל,camelinus,0,81,0,22548
גמלימ,גמלים,camelus,0,0,41,22548
גמלימ,גמלים,camelinus,0,0,0,22548
גן,גן,hortus,20,40,40,22548
גן,גן,paradisus,16,40,17,22548
גן,גן,hortensius,0,40,0,22548
גן,גן,hortensis,0,40,0,22548
גן,גן,silua,0,40,29,22548
גן,גן,tignum,0,40,1,22548
גן,גן,materia,0,40,1,22548
גן,גן,lignum,9,40,254,22548
גנ,גן,paradisus,16,40,17,22548
גנב,גנב,fur,12,48,13,22548
גנב,גנב,occulo,0,48,1,22548
גנבו,גנבו,occulo,0,0,1,22548
גנבתי,גנבתי,surrepticius,0,0,0,22548
גנה,גנה,hortus,15,16,40,22548
גנה,גנה,paradisus,0,16,17,22548
גנה,גנה,hortensius,0,16,0,22548
גנה,גנה,hortensis,0,16,0,22548
גנות,גנות,hortus,0,0,40,22548
גנות,גנות,paradisus,0,0,17,22548
גנות,גנות,hortensius,0,0,0,22548
גנות,גנות,hortensis,0,0,0,22548
גנז,גנז,aerarius,0,6,2,22548
גנז,גנז,publicus,0,6,7,22548
גנז,גנז,thesaurus,2,6,72,22548
גנזך,גנזך,aerarius,0,1,2,22548
גנזך,גנזך,publicus,0,1,7,22548
גנזך,גנזך,thesaurus,0,1,72,22548
גנן,גנן,seruo,0,7,66,22548
גנן,גנן,conseruo,0,7,5,22548
גנן,גנן,tueor,0,7,6,22548
גנן,גנן,saluus,0,7,64,22548
גנן,גנן,salus,0,7,95,22548
גנן,גנן,libero,2,7,139,22548
גנן,גנן,retineo,0,7,11,22548
גנן,גנן,saluo,2,7,105,22548
געה,געה,humilis,0,3,34,22548
געל,געל,odi,0,19,82,22548
געל,געל,odium,0,19,35,22548
גערה,גערה,animus,0,14,39,22548
גערה,גערה,spiritus,2,14,241,22548
גערה,גערה,furor,3,14,217,22548
גערה,גערה,ira,0,14,119,22548
גערה,גערה,cor,1,14,642,22548
גערה,גערה,pectus,0,14,8,22548
גערה,גערה,amor,0,14,13,22548
גערה,גערה,mens,0,14,38,22548
גערה,גערה,libido,0,14,5,22548
גערה,גערה,pectoralis,0,14,0,22548
גערה,גערה,animi,0,14,0,22548
גערת,גערת,uerbum,0,0,712,22548
גערת,גערת,uox,0,0,345,22548
גף,גף,ordo,0,3,56,22548
גף,גף,homo,0,3,780,22548
גף,גף,corpus,0,3,33,22548
גף,גף,corpusculum,0,3,0,22548
גפ,גף,solus,0,3,94,22548
גפ,גף,unus,0,3,586,22548
גפ,גף,modo,0,3,0,22548
גפינ,גפין,ala,0,0,45,22548
גפינ,גפין,penna,0,0,2,22548
גפן,גפן,uitis,11,51,11,22548
גפן,גפן,mados,0,51,0,22548
גפן,גפן,fructus,6,51,110,22548
גפן,גפן,pomum,1,51,19,22548
גפן,גפן,messis,2,51,32,22548
גפן,גפן,silua,2,51,29,22548
גפן,גפן,tignum,0,51,1,22548
גפן,גפן,materia,0,51,1,22548
גפן,גפן,lignum,7,51,254,22548
גפן,גפן,uinum,5,51,157,22548
גפן,גפן,bacchus,0,51,0,22548
גפן,גפן,uini,0,51,0,22548
גפנ,גפן,uitis,11,51,11,22548
גפנ,גפן,mados,0,51,0,22548
גפרית,גפרית,diuinus,0,7,12,22548
גפרית,גפרית,diuus,0,7,0,22548
גפרית,גפרית,deus,0,7,2682,22548
גפרית,גפרית,numen,0,7,0,22548
גר,גר,cohabito,0,84,0,22548
גר,גר,aduena,42,84,59,22548
גר,גר,compressor,0,84,0,22548
גר,גר,pupillus,18,84,40,22548
גרא,גרא,senectus,0,9,17,22548
גרא,גרא,senium,0,9,0,22548
גרא,גרא,aetas,0,9,23,22548
גרגר,גרגר,olea,1,1,2,22548
גרגר,גרגר,oliua,1,1,26,22548
גרגרת,גרגרת,guttur,2,4,21,22548
גרגרת,גרגרת,rumen,0,4,0,22548
גרגרת,גרגרת,macto,0,4,14,22548
גרגרת,גרגרת,iugulo,0,4,8,22548
גרגרת,גרגרת,immolo,0,4,149,22548
גרה,גרה,immundus,5,25,95,22548
גרה,גרה,ungulatus,0,25,0,22548
גרון,גרון,guttur,3,6,21,22548
גרון,גרון,rumen,0,6,0,22548
גרון,גרון,macto,0,6,14,22548
גרון,גרון,iugulo,0,6,8,22548
גרון,גרון,immolo,0,6,149,22548
גרונ,גרון,respiramen,0,6,0,22548
גרזן,גרזן,securis,4,4,9,22548
גרזן,גרזן,silua,1,4,29,22548
גרזן,גרזן,tignum,0,4,1,22548
גרזן,גרזן,materia,0,4,1,22548
גרזן,גרזן,lignum,3,4,254,22548
גרזנ,גרזן,securifer,0,4,0,22548
גרימ,גרים,aduena,0,0,59,22548
גרימ,גרים,compressor,0,0,0,22548
גרם,גרם,ossum,0,7,0,22548
גרם,גרם,redo,0,7,0,22548
גרמי,גרמי,ossum,0,1,0,22548
גרמי,גרמי,redo,0,1,0,22548
גרן,גרן,iaceo,0,36,38,22548
גרן,גרן,capio,1,36,207,22548
גרן,גרן,corripio,0,36,24,22548
גרן,גרן,salictum,0,36,0,22548
גרן,גרן,aluearium,0,36,0,22548
גרן,גרן,galbeum,0,36,0,22548
גרן,גרן,cibus,1,36,99,22548
גרן,גרן,frumentum,1,36,54,22548
גרן,גרן,seges,0,36,18,22548
גרן,גרן,panis,0,36,255,22548
גרן,גרן,frumentarius,0,36,0,22548
גרן,גרן,triticum,1,36,33,22548
גרן,גרן,granum,0,36,2,22548
גרן,גרן,esca,0,36,27,22548
גרנ,גרן,iaceo,0,36,38,22548
גרנ,גרן,capio,1,36,207,22548
גרנ,גרן,corripio,0,36,24,22548
גרנ,גרן,salictum,0,36,0,22548
גרע,גרע,aufero,5,21,256,22548
גרע,גרע,tollo,0,21,238,22548
גרע,גרע,priuo,0,21,3,22548
גרע,גרע,accedo,0,21,108,22548
גרע,גרע,adicio,0,21,15,22548
גרע,גרע,adiungo,0,21,4,22548
גרע,גרע,addo,2,21,103,22548
גרש,גרש,eicio,28,47,79,22548
גרש,גרש,expello,2,47,16,22548
גרש,גרש,eiecto,0,47,0,22548
גרשו,גרשו,eicio,0,0,79,22548
גרשו,גרשו,expello,0,0,16,22548
גרשו,גרשו,eiecto,0,0,0,22548
גרשון,גרשון,populus,1,16,1560,22548
גרשון,גרשון,plebs,0,16,19,22548
גרשון,גרשון,uulgus,0,16,39,22548
גרשון,גרשון,terra,0,16,2254,22548
גרשון,גרשון,contio,0,16,3,22548
גרשון,גרשון,communis,0,16,9,22548
גרשון,גרשון,ecclesia,0,16,30,22548
גרשון,גרשון,ager,0,16,214,22548
גרשון,גרשון,praepinguis,0,16,0,22548
גרשון,גרשון,unguinosus,0,16,0,22548
גרשני,גרשני,populus,0,12,1560,22548
גרשני,גרשני,plebs,0,12,19,22548
גרשני,גרשני,uulgus,0,12,39,22548
גרשני,גרשני,terra,0,12,2254,22548
גרשני,גרשני,contio,0,12,3,22548
גרשני,גרשני,communis,0,12,9,22548
גרשני,גרשני,ecclesia,0,12,30,22548
גרשני,גרשני,ager,0,12,214,22548
גרשני,גרשני,praepinguis,0,12,0,22548
גרשני,גרשני,unguinosus,0,12,0,22548
גרשני,גרשני,ministerium,0,12,64,22548
גרשת,גרשת,eicio,0,0,79,22548
גרשת,גרשת,expello,0,0,16,22548
גרשת,גרשת,eiecto,0,0,0,22548
גשה,גשה,attulo,0,0,0,22548
גשורי,גשורי,termino,0,6,2,22548
גשם,גשם,imber,14,38,26,22548
גשם,גשם,pluuia,15,38,43,22548
גשמ,גשם,ordo,0,38,56,22548
גשמ,גשם,homo,2,38,780,22548
גשמ,גשם,corpus,0,38,33,22548
גשמ,גשם,pluuia,15,38,43,22548
גשמי,גשמי,ordo,0,0,56,22548
גשמי,גשמי,homo,0,0,780,22548
גשמי,גשמי,corpus,0,0,33,22548
גשנ,גשן,bellator,0,14,51,22548
גשנ,גשן,heros,0,14,0,22548
גשנ,גשן,heroum,0,14,0,22548
גשנ,גשן,herois,0,14,0,22548
גשנ,גשן,urbs,0,14,346,22548
גשנ,גשן,ciuitas,1,14,683,22548
גשנ,גשן,oppidum,0,14,46,22548
גשנ,גשן,moenia,0,14,5,22548
גשנ,גשן,publicus,0,14,7,22548
גשנ,גשן,athenae,0,14,0,22548
גשנ,גשן,municipium,0,14,0,22548
גשנ,גשן,urbem,0,14,0,22548
גשנ,גשן,urbis,0,14,0,22548
גשת,גשת,attulo,0,0,0,22548
גשת,גשת,quotiens,0,0,3,22548
גשת,גשת,quoniam,0,0,418,22548
גת,גת,syron,0,41,2,22548
דא,דא,alius,0,0,217,22548
דא,דא,alter,0,0,212,22548
דא,דא,mutuus,0,0,10,22548
דא,דא,inuicem,0,0,27,22548
דאבה,דאבה,despero,0,1,9,22548
דאבה,דאבה,repudiatio,0,1,0,22548
דאבון,דאבון,despero,0,1,9,22548
דאבון,דאבון,repudiatio,0,1,0,22548
דאגה,דאגה,cura,0,6,12,22548
דאגה,דאגה,curo,0,6,19,22548
דאגה,דאגה,caueo,0,6,38,22548
דאגה,דאגה,prouidentia,0,6,1,22548
דאגה,דאגה,panis,3,6,255,22548
דארינ,דארין,domus,0,0,1485,22548
דארינ,דארין,aedes,0,0,27,22548
דארינ,דארין,tecta,0,0,0,22548
דארינ,דארין,familia,0,0,182,22548
דארינ,דארין,templum,0,0,192,22548
דארינ,דארין,apud,0,0,144,22548
דארינ,דארין,cognatio,0,0,146,22548
דארינ,דארין,tectum,0,0,43,22548
דארינ,דארין,gener,0,0,12,22548
דארינ,דארין,sedes,0,0,32,22548
דארינ,דארין,praedium,0,0,0,22548
דארינ,דארין,domum,0,0,0,22548
דארינ,דארין,domo,0,0,4,22548
דב,דב,attollo,0,13,0,22548
דב,דב,tollo,1,13,238,22548
דב,דב,fero,0,13,342,22548
דב,דב,sustineo,0,13,60,22548
דב,דב,ursus,9,13,9,22548
דב,דב,ingesto,0,13,0,22548
דב,דב,gigno,0,13,190,22548
דב,דב,pario,0,13,116,22548
דב,דב,genero,0,13,14,22548
דב,דב,porto,0,13,176,22548
דב,דב,gero,0,13,27,22548
דב,דב,affero,0,13,107,22548
דב,דב,adduco,0,13,215,22548
דב,דב,educo,0,13,242,22548
דב,דב,duco,0,13,179,22548
דב,דב,induco,0,13,68,22548
דב,דב,defero,0,13,42,22548
דב,דב,introduco,0,13,83,22548
דב,דב,infero,1,13,73,22548
דב,דב,offertor,0,13,153,22548
דב,דב,leo,8,13,94,22548
דבב,דבב,fluo,0,1,46,22548
דבב,דבב,decurro,0,1,4,22548
דבה,דבה,impius,0,9,235,22548
דבה,דבה,malus,2,9,201,22548
דבה,דבה,improbus,0,9,1,22548
דבח,דבח,uictima,0,1,109,22548
דבח,דבח,sacrificium,0,1,152,22548
דבח,דבח,immolo,1,1,149,22548
דבח,דבח,sacrifico,0,1,52,22548
דבח,דבח,macto,0,1,14,22548
דבח,דבח,uictimo,0,1,0,22548
דביר,דביר,amplector,0,19,0,22548
דבק,דבק,glutino,1,59,1,22548
דבקה,דבקה,glutino,0,0,1,22548
דבר,דבר,aio,158,2114,898,22548
דבר,דבר,dico,739,2114,3485,22548
דבר,דבר,inquam,17,2114,103,22548
דבר,דבר,loquor,852,2114,1092,22548
דבר,דבר,respondeo,125,2114,541,22548
דבר,דבר,profor,0,2114,0,22548
דבר,דבר,causa,12,2114,85,22548
דבר,דבר,propter,38,2114,292,22548
דבר,דבר,quia,167,2114,1439,22548
דבר,דבר,ratio,0,2114,11,22548
דבר,דבר,ob,6,2114,67,22548
דבר,דבר,sicut,119,2114,851,22548
דבר,דבר,renarro,0,2114,0,22548
דבר,דבר,mors,23,2114,197,22548
דבר,דבר,letum,0,2114,0,22548
דבר,דבר,nex,0,2114,4,22548
דבר,דבר,defunctus,0,2114,0,22548
דבר,דבר,fatum,0,2114,0,22548
דבר,דבר,mortis,0,2114,0,22548
דבר,דבר,morte,0,2114,0,22548
דבר,דבר,mortem,0,2114,0,22548
דבר,דבר,quasi,44,2114,708,22548
דבר,דבר,similis,8,2114,91,22548
דבר,דבר,tamquam,0,2114,3,22548
דבר,דבר,uelut,1,2114,42,22548
דבר,דבר,iudicium,38,2114,361,22548
דבר,דבר,fabulor,0,2114,0,22548
דבר,דבר,garrio,1,2114,1,22548
דבר,דבר,uoco,50,2114,413,22548
דבר,דבר,appello,1,2114,48,22548
דבר,דבר,oraculum,3,2114,27,22548
דבר,דבר,argumentum,0,2114,1,22548
דבר,דבר,contio,1,2114,3,22548
דבר,דבר,tabula,8,2114,57,22548
דבר,דבר,fabula,0,2114,2,22548
דבר,דבר,uerbi,0,2114,0,22548
דבר,דבר,oratio,4,2114,64,22548
דבר,דבר,uerbum,634,2114,712,22548
דבר,דבר,sermo,346,2114,429,22548
דבר,דבר,uox,44,2114,345,22548
דבר,דבר,ullus,2,2114,35,22548
דבר,דבר,nullus,18,2114,135,22548
דבר,דבר,quisquam,31,2114,119,22548
דבר,דבר,aliquis,6,2114,43,22548
דבר,דבר,nihil,15,2114,96,22548
דבר,דבר,res,53,2114,159,22548
דבר,דבר,negotium,4,2114,12,22548
דבר,דבר,imperatus,0,2114,0,22548
דבר,דבר,dispono,1,2114,16,22548
דברה,דברה,causa,0,6,85,22548
דברה,דברה,auctor,0,6,2,22548
דברה,דברה,crimen,0,6,2,22548
דברה,דברה,ratio,0,6,11,22548
דברה,דברה,reprehendo,0,6,0,22548
דברה,דברה,culpa,0,6,7,22548
דברה,דברה,ob,1,6,67,22548
דברה,דברה,reus,0,6,23,22548
דברו,דברו,loquor,0,0,1092,22548
דברו,דברו,fabulor,0,0,0,22548
דברי,דברי,loquor,0,1,1092,22548
דברי,דברי,fabulor,0,1,0,22548
דברי,דברי,causa,0,1,85,22548
דברי,דברי,argumentum,0,1,1,22548
דברי,דברי,contio,0,1,3,22548
דברי,דברי,tabula,0,1,57,22548
דברי,דברי,fabula,0,1,2,22548
דברי,דברי,ob,0,1,67,22548
דברי,דברי,ratio,0,1,11,22548
דברי,דברי,uerbi,0,1,0,22548
דברי,דברי,oratio,0,1,64,22548
דברי,דברי,uerbum,0,1,712,22548
דברי,דברי,sermo,0,1,429,22548
דברי,דברי,uox,0,1,345,22548
דברימ,דברים,causa,0,0,85,22548
דברימ,דברים,argumentum,0,0,1,22548
דברימ,דברים,contio,0,0,3,22548
דברימ,דברים,tabula,0,0,57,22548
דברימ,דברים,fabula,0,0,2,22548
דברימ,דברים,ob,0,0,67,22548
דברימ,דברים,ratio,0,0,11,22548
דברימ,דברים,uerbi,0,0,0,22548
דברימ,דברים,oratio,0,0,64,22548
דברימ,דברים,uerbum,0,0,712,22548
דברימ,דברים,sermo,0,0,429,22548
דברימ,דברים,uox,0,0,345,22548
דברימ,דברים,imperatus,0,0,0,22548
דברנו,דברנו,loquor,0,0,1092,22548
דברנו,דברנו,fabulor,0,0,0,22548
דברת,דברת,causa,0,4,85,22548
דברת,דברת,propter,0,4,292,22548
דברת,דברת,quia,0,4,1439,22548
דברת,דברת,ratio,0,4,11,22548
דברת,דברת,ob,0,4,67,22548
דברת,דברת,sicut,0,4,851,22548
דברת,דברת,loquor,0,4,1092,22548
דברת,דברת,renarro,0,4,0,22548
דברת,דברת,fabulor,0,4,0,22548
דברת,דברת,dico,0,4,3485,22548
דברת,דברת,aio,0,4,898,22548
דברת,דברת,uoco,0,4,413,22548
דברת,דברת,appello,0,4,48,22548
דברתי,דברתי,loquor,0,0,1092,22548
דברתי,דברתי,fabulor,0,0,0,22548
דברתי,דברתי,dico,0,0,3485,22548
דברתי,דברתי,aio,0,0,898,22548
דברתי,דברתי,uoco,0,0,413,22548
דברתי,דברתי,appello,0,0,48,22548
דבש,דבש,mel,53,54,54,22548
דבש,דבש,mulceo,0,54,0,22548
דבש,דבש,lac,22,54,44,22548
דבש,דבש,lacteus,0,54,0,22548
דבת,דבת,reprehensio,0,0,0,22548
דג,דג,piscis,12,14,28,22548
דג,דג,fera,0,14,3,22548
דג,דג,bestia,2,14,81,22548
דג,דג,belua,0,14,0,22548
דג,דג,ferus,0,14,3,22548
דג,דג,iumentum,0,14,117,22548
דג,דג,animal,1,14,43,22548
דגה,דגה,piscis,13,14,28,22548
דגה,דגה,uento,0,14,0,22548
דגה,דגה,flumen,5,14,101,22548
דגה,דגה,fluuius,2,14,63,22548
דגה,דגה,amnis,0,14,4,22548
דגי,דגי,piscis,0,0,28,22548
דגל,דגל,exercitus,4,18,467,22548
דגל,דגל,copia,0,18,6,22548
דגל,דגל,uis,0,18,73,22548
דגל,דגל,uirtus,0,18,28,22548
דגל,דגל,imperium,0,18,59,22548
דגל,דגל,potentia,0,18,17,22548
דגל,דגל,cogo,0,18,17,22548
דגל,דגל,opis,0,18,0,22548
דגל,דגל,robur,0,18,46,22548
דגל,דגל,fortitudo,0,18,232,22548
דגל,דגל,potestas,0,18,42,22548
דגל,דגל,obicio,0,18,2,22548
דגל,דגל,insitium,0,18,0,22548
דגל,דגל,legio,0,18,3,22548
דגל,דגל,quarta,0,18,0,22548
דגן,דגן,cibus,1,39,99,22548
דגן,דגן,frumentum,24,39,54,22548
דגן,דגן,seges,0,39,18,22548
דגן,דגן,panis,2,39,255,22548
דגן,דגן,frumentarius,0,39,0,22548
דגן,דגן,triticum,9,39,33,22548
דגן,דגן,granum,0,39,2,22548
דגן,דגן,esca,0,39,27,22548
דגן,דגן,oleum,16,39,174,22548
דגן,דגן,olearius,0,39,0,22548
דגן,דגן,olearis,0,39,0,22548
דגן,דגן,uinum,25,39,157,22548
דגן,דגן,bacchus,0,39,0,22548
דגן,דגן,uini,0,39,0,22548
דגנ,דגן,cibus,1,39,99,22548
דגנ,דגן,frumentum,24,39,54,22548
דגנ,דגן,seges,0,39,18,22548
דגנ,דגן,panis,2,39,255,22548
דגנ,דגן,frumentarius,0,39,0,22548
דגנ,דגן,triticum,9,39,33,22548
דגנ,דגן,granum,0,39,2,22548
דגנ,דגן,esca,0,39,27,22548
דגת,דגת,piscis,0,0,28,22548
דד,דד,pectus,0,4,8,22548
דד,דד,pectoralis,0,4,0,22548
דד,דד,cor,0,4,642,22548
דד,דד,pectoris,0,4,0,22548
דדן,דדן,negotiator,2,10,21,22548
דדן,דדן,mercator,0,10,1,22548
דהב,דהב,aureus,10,16,142,22548
דהב,דהב,aurum,6,16,229,22548
דהם,דהם,miror,0,1,4,22548
דהם,דהם,admiror,0,1,5,22548
דהם,דהם,stupeo,0,1,15,22548
דהם,דהם,miro,0,1,0,22548
דהם,דהם,mirus,0,1,4,22548
דהם,דהם,prodigium,0,1,2,22548
דהם,דהם,admiratio,0,1,1,22548
דוד,דוד,rex,171,961,1935,22548
דוד,דוד,tyrannus,0,961,7,22548
דוד,דוד,dominus,281,961,5912,22548
דוד,דוד,princeps,56,961,610,22548
דוד,דוד,regis,0,961,0,22548
דוד,דוד,regem,0,961,0,22548
דוד,דוד,regi,0,961,0,22548
דוד,דוד,ibi,24,961,386,22548
דוד,דוד,populus,64,961,1560,22548
דוד,דוד,plebs,1,961,19,22548
דוד,דוד,uulgus,1,961,39,22548
דוד,דוד,turba,1,961,30,22548
דוד,דוד,exercitus,25,961,467,22548
דוד,דוד,militia,8,961,54,22548
דוד,דוד,hospes,0,961,0,22548
דוד,דוד,tecolithos,0,961,0,22548
דוד,דוד,petrinus,0,961,0,22548
דוד,דוד,popularis,0,961,0,22548
דוד,דוד,uiuo,13,961,365,22548
דוד,דוד,habito,23,961,514,22548
דוד,דוד,incolo,0,961,3,22548
דוד,דוד,psalmus,8,961,20,22548
דוד,דוד,chelys,0,961,0,22548
דודי,דודי,praeda,0,5,75,22548
דודי,דודי,colleuo,0,5,0,22548
דודי,דודי,deleuo,0,5,0,22548
דודי,דודי,mandragoras,3,5,4,22548
דוי,דוי,improbus,0,4,1,22548
דוי,דוי,malus,0,4,201,22548
דוי,דוי,miseria,0,4,12,22548
דוי,דוי,calamitas,0,4,11,22548
דוי,דוי,negotium,0,4,12,22548
דוי,דוי,noceo,0,4,12,22548
דוי,דוי,molestia,0,4,1,22548
דוי,דוי,opera,0,4,4,22548
דוי,דוי,mala,0,4,0,22548
דוי,דוי,tribulatio,0,4,68,22548
דויד,דויד,rex,0,0,1935,22548
דויד,דויד,tyrannus,0,0,7,22548
דויד,דויד,dominus,0,0,5912,22548
דויד,דויד,princeps,0,0,610,22548
דויד,דויד,regis,0,0,0,22548
דויד,דויד,regem,0,0,0,22548
דויד,דויד,regi,0,0,0,22548
דוכיפת,דוכיפת,epops,0,2,0,22548
דוכיפת,דוכיפת,upupa,1,2,1,22548
דומיה,דומיה,taceo,1,4,58,22548
דומיה,דומיה,silentium,2,4,18,22548
דומיה,דומיה,sileo,2,4,23,22548
דומיה,דומיה,reticeo,0,4,2,22548
דונג,דונג,cera,4,4,4,22548
דונג,דונג,ceratum,0,4,0,22548
דונג,דונג,ceu,0,4,0,22548
דונג,דונג,uelut,0,4,42,22548
דוץ,דוץ,subsilio,0,1,1,22548
דור,דור,gens,2,136,462,22548
דור,דור,genus,0,136,65,22548
דור,דור,progenies,2,136,12,22548
דור,דור,generatio,100,136,142,22548
דור,דור,saeculum,8,136,46,22548
דור,דור,natio,0,136,51,22548
דור,דור,multus,1,136,411,22548
דור,דור,magnus,1,136,493,22548
דור,דור,longus,0,136,36,22548
דור,דור,diu,0,136,1,22548
דור,דור,procul,1,136,55,22548
דור,דור,superus,0,136,1,22548
דור,דור,absum,0,136,16,22548
דור,דור,summus,0,136,30,22548
דור,דור,grandis,0,136,104,22548
דור,דור,aeternus,16,136,162,22548
דור,דור,perpes,0,136,0,22548
דור,דור,lex,1,136,252,22548
דור,דור,liceor,0,136,0,22548
דור,דור,mos,0,136,28,22548
דור,דור,ius,2,136,37,22548
דור,דור,consuetudo,1,136,12,22548
דור,דור,legitimus,8,136,28,22548
דוש,דוש,plaustrum,5,13,25,22548
דוש,דוש,carrus,0,13,0,22548
דוש,דוש,uehes,0,13,0,22548
דחה,דחה,pello,1,6,2,22548
דחה,דחה,trudo,0,6,0,22548
דחה,דחה,depello,0,6,0,22548
דחה,דחה,protrudo,0,6,0,22548
דחח,דחח,pello,0,2,2,22548
דחח,דחח,trudo,0,2,0,22548
דחח,דחח,depello,0,2,0,22548
דחח,דחח,protrudo,0,2,0,22548
דחיל,דחיל,terribilis,0,0,37,22548
דחיל,דחיל,formidabilis,0,0,0,22548
דחיל,דחיל,horrendus,0,0,0,22548
דחיל,דחיל,formidolosus,0,0,0,22548
דחיל,דחיל,pauidus,0,0,6,22548
דחילה,דחילה,terribilis,0,0,37,22548
דחילה,דחילה,formidabilis,0,0,0,22548
דחילה,דחילה,horrendus,0,0,0,22548
דחילה,דחילה,formidolosus,0,0,0,22548
דחילה,דחילה,pauidus,0,0,6,22548
דחן,דחן,fraxinus,0,1,0,22548
דחן,דחן,fraxineus,0,1,0,22548
דחף,דחף,propero,0,4,17,22548
דחף,דחף,festino,3,4,64,22548
דחף,דחף,urgeo,0,4,7,22548
דחק,דחק,iubeo,0,2,75,22548
דחק,דחק,impero,0,2,49,22548
דחק,דחק,mando,0,2,81,22548
דחק,דחק,ordo,0,2,56,22548
דחק,דחק,praecipio,0,2,448,22548
דחק,דחק,imperium,0,2,59,22548
דחק,דחק,praesum,0,2,33,22548
דחק,דחק,consilium,0,2,139,22548
דחק,דחק,commendo,0,2,9,22548
דחק,דחק,hortor,0,2,1,22548
דחק,דחק,monstro,0,2,12,22548
דחק,דחק,uolo,0,2,226,22548
דחק,דחק,oro,0,2,95,22548
דחק,דחק,obsecro,0,2,73,22548
דחק,דחק,rogo,0,2,51,22548
דחק,דחק,peto,0,2,48,22548
דחק,דחק,uoco,0,2,413,22548
די,די,etenim,0,139,7,22548
די,די,uerus,2,139,36,22548
די,די,hercules,0,139,0,22548
די,די,ueritas,0,139,113,22548
די,די,aconiti,0,139,0,22548
די,די,rex,64,139,1935,22548
די,די,tyrannus,2,139,7,22548
די,די,dominus,14,139,5912,22548
די,די,princeps,7,139,610,22548
די,די,regis,0,139,0,22548
די,די,regem,0,139,0,22548
די,די,regi,0,139,0,22548
די,די,auctoritas,0,139,1,22548
די,די,licentia,0,139,3,22548
די,די,uis,0,139,73,22548
די,די,imperium,2,139,59,22548
די,די,potestas,3,139,42,22548
די,די,extra,0,139,62,22548
די,די,quando,0,139,230,22548
די,די,post,4,139,392,22548
די,די,quoniam,5,139,418,22548
די,די,aurora,0,139,6,22548
די,די,mane,1,139,173,22548
די,די,usque,9,139,812,22548
די,די,dum,0,139,30,22548
די,די,quoad,0,139,0,22548
די,די,donec,2,139,221,22548
די,די,dea,0,139,2,22548
די,די,caelum,15,139,393,22548
די,די,caelus,0,139,0,22548
די,די,deus,48,139,2682,22548
די,די,deum,0,139,0,22548
די,די,dei,0,139,0,22548
די,די,deo,0,139,0,22548
די,די,numen,0,139,0,22548
די,די,diuus,0,139,0,22548
די,די,satis,0,139,13,22548
די,די,quantulus,0,139,0,22548
די,די,leo,0,139,94,22548
די,די,causa,1,139,85,22548
די,די,argumentum,0,139,1,22548
די,די,contio,0,139,3,22548
די,די,tabula,0,139,57,22548
די,די,fabula,0,139,2,22548
די,די,ob,2,139,67,22548
די,די,ratio,0,139,11,22548
די,די,uerbi,0,139,0,22548
די,די,oratio,0,139,64,22548
די,די,uerbum,4,139,712,22548
די,די,sermo,6,139,429,22548
די,די,uox,1,139,345,22548
די,די,domus,21,139,1485,22548
די,די,aedes,0,139,27,22548
די,די,tecta,0,139,0,22548
די,די,familia,0,139,182,22548
די,די,templum,9,139,192,22548
די,די,apud,0,139,144,22548
די,די,cognatio,0,139,146,22548
די,די,tectum,1,139,43,22548
די,די,gener,0,139,12,22548
די,די,sedes,0,139,32,22548
די,די,praedium,0,139,0,22548
די,די,domum,0,139,0,22548
די,די,domo,1,139,4,22548
די,די,iubeo,2,139,75,22548
די,די,ordo,2,139,56,22548
די,די,impero,1,139,49,22548
די,די,quantus,0,139,18,22548
די,די,tam,1,139,103,22548
די,די,quicumque,4,139,157,22548
די,די,ullus,0,139,35,22548
די,די,quisquam,2,139,119,22548
די,די,quisquis,1,139,99,22548
די,די,quotiens,0,139,3,22548
די,די,totus,1,139,177,22548
די,די,uniuersus,12,139,766,22548
די,די,cunctus,1,139,551,22548
די,די,omnis,21,139,3087,22548
די,די,ignis,7,139,336,22548
די,די,flamma,1,139,35,22548
די,די,incendium,0,139,8,22548
די,די,ferreus,3,139,30,22548
די,די,ferrum,5,139,41,22548
די,די,ferrarius,0,139,2,22548
די,די,gladius,1,139,353,22548
די,די,quartus,1,139,70,22548
די,די,murus,4,139,158,22548
די,די,paries,2,139,67,22548
די,די,moenia,0,139,5,22548
די,די,costa,0,139,3,22548
די,די,mos,0,139,28,22548
די,די,iter,0,139,78,22548
די,די,modus,1,139,46,22548
די,די,existimatio,0,139,0,22548
די,די,fama,0,139,14,22548
די,די,lura,0,139,0,22548
די,די,uia,0,139,601,22548
די,די,manus,12,139,1333,22548
די,די,arma,0,139,33,22548
די,די,bracchium,1,139,69,22548
די,די,aureus,10,139,142,22548
די,די,aurum,7,139,229,22548
די,די,ceu,0,139,0,22548
די,די,uelut,1,139,42,22548
דין,דין,iudex,3,35,63,22548
דין,דין,iudico,22,35,181,22548
דין,דין,decerno,1,35,23,22548
דין,דין,iudicium,11,35,361,22548
דין,דין,reciperator,0,35,0,22548
דין,דין,statuo,0,35,62,22548
דינ,דין,decretorius,0,35,0,22548
דינ,דין,iudicium,11,35,361,22548
דינ,דין,hemina,0,35,0,22548
דינה,דינה,orbitus,0,9,0,22548
דינה,דינה,terribilis,0,9,37,22548
דינה,דינה,dirus,0,9,0,22548
דינה,דינה,atrox,0,9,0,22548
דינה,דינה,formidabilis,0,9,0,22548
דינה,דינה,saeuus,0,9,1,22548
דינה,דינה,periculum,0,9,8,22548
דינה,דינה,mirus,0,9,4,22548
דינה,דינה,metuo,0,9,23,22548
דינה,דינה,immanis,0,9,0,22548
דינה,דינה,lepidus,0,9,0,22548
דיק,דיק,defensa,0,6,0,22548
דירינ,דירין,domus,0,0,1485,22548
דירינ,דירין,aedes,0,0,27,22548
דירינ,דירין,tecta,0,0,0,22548
דירינ,דירין,familia,0,0,182,22548
דירינ,דירין,templum,0,0,192,22548
דירינ,דירין,apud,0,0,144,22548
דירינ,דירין,cognatio,0,0,146,22548
דירינ,דירין,tectum,0,0,43,22548
דירינ,דירין,gener,0,0,12,22548
דירינ,דירין,sedes,0,0,32,22548
דירינ,דירין,praedium,0,0,0,22548
דירינ,דירין,domum,0,0,0,22548
דירינ,דירין,domo,0,0,4,22548
דכנ,דכן,ibi,0,1,386,22548
דכר,דכר,aries,2,3,164,22548
דכר,דכר,petro,0,3,0,22548
דכר,דכר,agninus,0,3,0,22548
דכר,דכר,ouinus,0,3,0,22548
דכר,דכר,ueruex,0,3,0,22548
דכרון,דכרון,tabula,0,1,57,22548
דכרון,דכרון,tabella,0,1,0,22548
דכרן,דכרן,tabula,0,1,57,22548
דכרן,דכרן,tabella,0,1,0,22548
דל,דל,pauper,40,46,150,22548
דל,דל,miser,0,46,7,22548
דל,דל,inops,4,46,13,22548
דל,דל,mendicus,0,46,2,22548
דל,דל,paupertinus,0,46,0,22548
דל,דל,iudicium,2,46,361,22548
דל,דל,humilis,2,46,34,22548
דלג,דלג,ascendo,0,4,474,22548
דלג,דלג,mons,1,4,470,22548
דלג,דלג,escendo,0,4,0,22548
דלית,דלית,frondosus,0,8,12,22548
דלית,דלית,foliosus,0,8,0,22548
דלית,דלית,ramus,2,8,22,22548
דלית,דלית,rumpus,0,8,0,22548
דלית,דלית,multitudo,1,8,267,22548
דלית,דלית,turba,0,8,30,22548
דלית,דלית,populus,1,8,1560,22548
דלית,דלית,plebs,0,8,19,22548
דלית,דלית,numero,0,8,73,22548
דלית,דלית,numerus,0,8,149,22548
דלית,דלית,radix,3,8,44,22548
דלית,דלית,radico,0,8,1,22548
דלת,דלת,porta,23,76,286,22548
דלת,דלת,ianua,4,76,13,22548
דלת,דלת,fores,1,76,12,22548
דלת,דלת,foras,2,76,27,22548
דלת,דלת,ostium,35,76,132,22548
דלת,דלת,foris,7,76,62,22548
דלת,דלת,limen,1,76,18,22548
דלת,דלת,portae,0,76,0,22548
דלתות,דלתות,porta,0,0,286,22548
דלתות,דלתות,ianua,0,0,13,22548
דלתות,דלתות,fores,0,0,12,22548
דלתות,דלתות,foras,0,0,27,22548
דלתות,דלתות,ostium,0,0,132,22548
דלתות,דלתות,foris,0,0,62,22548
דלתות,דלתות,limen,0,0,18,22548
דלתי,דלתי,porta,0,0,286,22548
דלתי,דלתי,ianua,0,0,13,22548
דלתי,דלתי,fores,0,0,12,22548
דלתי,דלתי,foras,0,0,27,22548
דלתי,דלתי,ostium,0,0,132,22548
דלתי,דלתי,foris,0,0,62,22548
דלתי,דלתי,limen,0,0,18,22548
דם,דם,sanguis,254,286,275,22548
דם,דם,cruor,6,286,6,22548
דם,דם,sanguineus,0,286,0,22548
דם,דם,mors,9,286,197,22548
דם,דם,occaedes,1,286,26,22548
דם,דם,interfacio,9,286,149,22548
דם,דם,caedes,0,286,14,22548
דם,דם,interfectrix,0,286,0,22548
דמ,דם,sanguis,254,286,275,22548
דמ,דם,cruor,6,286,6,22548
דמ,דם,sanguineus,0,286,0,22548
דמה,דמה,hostio,0,40,0,22548
דמות,דמות,statua,0,21,40,22548
דמות,דמות,signum,0,21,116,22548
דמות,דמות,similitudo,17,21,54,22548
דמות,דמות,simulacrum,0,21,27,22548
דמות,דמות,imago,3,21,16,22548
דמות,דמות,instar,0,21,12,22548
דמות,דמות,similitas,0,21,0,22548
דמות,דמות,proportio,0,21,0,22548
דמות,דמות,quadraginta,0,21,116,22548
דמות,דמות,quattuor,5,21,161,22548
דמי,דמי,sanguis,0,4,275,22548
דמי,דמי,cruor,0,4,6,22548
דמי,דמי,sanguineus,0,4,0,22548
דמי,דמי,statua,0,4,40,22548
דמי,דמי,signum,0,4,116,22548
דמי,דמי,similitudo,0,4,54,22548
דמי,דמי,simulacrum,0,4,27,22548
דמי,דמי,imago,0,4,16,22548
דמי,דמי,instar,0,4,12,22548
דמימ,דמים,sanguis,0,0,275,22548
דמימ,דמים,cruor,0,0,6,22548
דמימ,דמים,sanguineus,0,0,0,22548
דמימ,דמים,obnoxius,0,0,2,22548
דמימ,דמים,mors,0,0,197,22548
דמימ,דמים,occaedes,0,0,26,22548
דמימ,דמים,interfacio,0,0,149,22548
דמימ,דמים,caedes,0,0,14,22548
דמימ,דמים,interfectrix,0,0,0,22548
דמין,דמין,statua,0,1,40,22548
דמין,דמין,signum,0,1,116,22548
דמין,דמין,similitudo,1,1,54,22548
דמין,דמין,simulacrum,0,1,27,22548
דמין,דמין,imago,0,1,16,22548
דמין,דמין,instar,0,1,12,22548
דממה,דממה,tranquillitas,0,3,0,22548
דמן,דמן,merda,0,6,0,22548
דמע,דמע,auctus,0,2,0,22548
דמע,דמע,inuidentia,0,2,0,22548
דמעה,דמעה,lacrima,18,20,25,22548
דמעה,דמעה,fletus,2,20,25,22548
דמעה,דמעה,fleo,0,20,68,22548
דמעה,דמעה,lacrimae,0,20,0,22548
דמעת,דמעת,lacrima,0,0,25,22548
דמעת,דמעת,fletus,0,0,25,22548
דמעת,דמעת,fleo,0,0,68,22548
דמעת,דמעת,lacrimae,0,0,0,22548
דנ,דן,iudico,5,65,181,22548
דנ,דן,decerno,1,65,23,22548
דנ,דן,iudex,0,65,63,22548
דנ,דן,iudicium,1,65,361,22548
דנ,דן,reciperator,0,65,0,22548
דנ,דן,statuo,0,65,62,22548
דנה,דנה,alius,0,37,217,22548
דנה,דנה,alter,0,37,212,22548
דנה,דנה,mutuus,0,37,10,22548
דנה,דנה,inuicem,0,37,27,22548
דנה,דנה,frons,0,37,45,22548
דנה,דנה,praeduco,0,37,0,22548
דנה,דנה,extremus,0,37,62,22548
דנה,דנה,ultimus,0,37,7,22548
דנה,דנה,nouissimus,1,37,94,22548
דנה,דנה,denique,0,37,4,22548
דנה,דנה,posterus,0,37,25,22548
דניאל,דניאל,quasi,0,31,708,22548
דניאל,דניאל,sicut,0,31,851,22548
דניאל,דניאל,similis,0,31,91,22548
דניאל,דניאל,tamquam,0,31,3,22548
דניאל,דניאל,par,0,31,7,22548
דע,דע,nosco,1,6,122,22548
דע,דע,cognosco,0,6,131,22548
דע,דע,scio,0,6,334,22548
דע,דע,intellego,0,6,136,22548
דע,דע,scientia,4,6,76,22548
דע,דע,statuo,0,6,62,22548
דעה,דעה,nosco,1,7,122,22548
דעה,דעה,cognosco,0,7,131,22548
דעה,דעה,scio,0,7,334,22548
דעה,דעה,intellego,1,7,136,22548
דעה,דעה,scientia,6,7,76,22548
דעה,דעה,statuo,0,7,62,22548
דעו,דעו,nosco,0,0,122,22548
דעו,דעו,cognosco,0,0,131,22548
דעו,דעו,scio,0,0,334,22548
דעו,דעו,intellego,0,0,136,22548
דעו,דעו,scientia,0,0,76,22548
דעו,דעו,statuo,0,0,62,22548
דעת,דעת,nosco,5,130,122,22548
דעת,דעת,cognosco,5,130,131,22548
דעת,דעת,scio,23,130,334,22548
דעת,דעת,intellego,10,130,136,22548
דעת,דעת,scientia,55,130,76,22548
דעת,דעת,statuo,0,130,62,22548
דעת,דעת,scius,0,130,0,22548
דעת,דעת,noui,0,130,0,22548
דפק,דפק,pello,0,3,2,22548
דפק,דפק,ago,0,3,146,22548
דפק,דפק,fugo,0,3,14,22548
דפק,דפק,impello,0,3,0,22548
דפק,דפק,iter,1,3,78,22548
דפק,דפק,extrudo,0,3,0,22548
דפק,דפק,expello,0,3,16,22548
דק,דק,tenuis,4,14,9,22548
דק,דק,reliquus,0,14,186,22548
דק,דק,ceterus,0,14,56,22548
דק,דק,alter,0,14,212,22548
דק,דק,alienus,0,14,158,22548
דק,דק,alius,3,14,217,22548
דקות,דקות,tenuis,0,0,9,22548
דקק,דקק,tenuis,1,16,9,22548
דר,דר,gens,0,1,462,22548
דר,דר,genus,0,1,65,22548
דר,דר,progenies,0,1,12,22548
דר,דר,generatio,0,1,142,22548
דר,דר,saeculum,0,1,46,22548
דר,דר,natio,0,1,51,22548
דראונ,דראון,pudor,0,1,1,22548
דראונ,דראון,dedecus,0,1,0,22548
דראונ,דראון,ignominia,0,1,49,22548
דרום,דרום,meridies,2,14,68,22548
דרום,דרום,auster,4,14,34,22548
דרום,דרום,meridianus,1,14,18,22548
דרום,דרום,australis,0,14,0,22548
דרום,דרום,libonotus,0,14,0,22548
דרום,דרום,iudicium,0,14,361,22548
דרום,דרום,atrium,3,14,100,22548
דרום,דרום,aula,0,14,3,22548
דרום,דרום,metior,4,14,48,22548
דרום,דרום,porta,4,14,286,22548
דרום,דרום,ianua,0,14,13,22548
דרום,דרום,fores,0,14,12,22548
דרום,דרום,limen,0,14,18,22548
דרום,דרום,ostium,2,14,132,22548
דרום,דרום,portae,0,14,0,22548
דרור,דרור,postis,0,9,14,22548
דרוש,דרוש,peto,0,0,48,22548
דרוש,דרוש,quaero,0,0,249,22548
דריוש,דריוש,perbonus,0,14,0,22548
דריוש,דריוש,cyrus,2,14,17,22548
דריוש,דריוש,regnum,5,14,213,22548
דריוש,דריוש,alter,0,14,212,22548
דריוש,דריוש,deinde,0,14,3,22548
דריוש,דריוש,iterum,0,14,18,22548
דריוש,דריוש,secundo,0,14,0,22548
דריוש,דריוש,proximus,0,14,101,22548
דריוש,דריוש,secundus,2,14,130,22548
דריוש,דריוש,mensis,4,14,208,22548
דריוש,דריוש,propheta,3,14,281,22548
דריוש,דריוש,expositor,0,14,0,22548
דרך,דרך,uia,540,671,601,22548
דרך,דרך,iter,54,671,78,22548
דרך,דרך,semita,36,671,81,22548
דרך,דרך,modus,1,671,46,22548
דרך,דרך,sic,9,671,330,22548
דרך,דרך,talis,1,671,46,22548
דרך,דרך,ita,8,671,220,22548
דרך,דרך,tantus,0,671,17,22548
דרך,דרך,fors,0,671,0,22548
דרך,דרך,aliquis,1,671,43,22548
דרך,דרך,quantus,0,671,18,22548
דרך,דרך,mos,1,671,28,22548
דרך,דרך,existimatio,0,671,0,22548
דרך,דרך,fama,1,671,14,22548
דרך,דרך,lura,0,671,0,22548
דרך,דרך,sicut,33,671,851,22548
דרכ,דרך,mare,20,671,295,22548
דרכ,דרך,pontus,0,671,3,22548
דרכ,דרך,pelagus,0,671,1,22548
דרכ,דרך,aequor,0,671,0,22548
דרכ,דרך,litus,0,671,12,22548
דרכ,דרך,ora,0,671,8,22548
דרכ,דרך,maris,0,671,0,22548
דרכ,דרך,uia,540,671,601,22548
דרכ,דרך,iter,54,671,78,22548
דרכ,דרך,semita,36,671,81,22548
דרכ,דרך,modus,1,671,46,22548
דרכי,דרכי,uia,0,0,601,22548
דרכי,דרכי,iter,0,0,78,22548
דרכי,דרכי,semita,0,0,81,22548
דרכי,דרכי,modus,0,0,46,22548
דרכי,דרכי,porrigo,0,0,6,22548
דרכימ,דרכים,uia,0,0,601,22548
דרכימ,דרכים,iter,0,0,78,22548
דרכימ,דרכים,semita,0,0,81,22548
דרכימ,דרכים,modus,0,0,46,22548
דרש,דרש,quaero,62,146,249,22548
דרש,דרש,rogo,3,146,51,22548
דרש,דרש,peto,0,146,48,22548
דרש,דרש,rogito,0,146,0,22548
דרש,דרש,audio,9,146,927,22548
דרש,דרש,percipio,0,146,13,22548
דרש,דרש,cognosco,1,146,131,22548
דרש,דרש,certus,0,146,10,22548
דרש,דרש,interrogo,13,146,79,22548
דרש,דרש,disco,1,146,40,22548
דרשו,דרשו,reflagito,0,0,0,22548
דרשנ,דרשן,peto,0,0,48,22548
דרשנ,דרשן,quaero,0,0,249,22548
דרת,דרת,gens,0,0,462,22548
דרת,דרת,genus,0,0,65,22548
דרת,דרת,progenies,0,0,12,22548
דרת,דרת,generatio,0,0,142,22548
דרת,דרת,saeculum,0,0,46,22548
דרת,דרת,natio,0,0,51,22548
דשא,דשא,pascuus,0,15,0,22548
דשא,דשא,uirido,0,15,0,22548
דשא,דשא,pastus,0,15,6,22548
דשא,דשא,fructus,3,15,110,22548
דשא,דשא,pomum,0,15,19,22548
דשא,דשא,messis,0,15,32,22548
דשא,דשא,silua,0,15,29,22548
דשא,דשא,tignum,0,15,1,22548
דשא,דשא,materia,0,15,1,22548
דשא,דשא,lignum,3,15,254,22548
דשנ,דשן,ditiae,0,28,0,22548
דת,דת,ratio,0,29,11,22548
דת,דת,sententia,4,29,30,22548
דת,דת,decerno,1,29,23,22548
דת,דת,opinio,0,29,0,22548
דת,דת,iudicium,1,29,361,22548
דת,דת,decretum,0,29,8,22548
דת,דת,lex,10,29,252,22548
דת,דת,ius,1,29,37,22548
דת,דת,mos,1,29,28,22548
דת,דת,consuetudo,0,29,12,22548
דת,דת,caerimonia,2,29,61,22548
דת,דת,legitimus,0,29,28,22548
דת,דת,pascuus,0,29,0,22548
דתא,דתא,uirido,0,0,0,22548
הא,הא,ecce,0,3,704,22548
האבדת,האבדת,pereo,0,0,156,22548
האבדת,האבדת,perdo,0,0,60,22548
האבדת,האבדת,amitto,0,0,4,22548
האבדת,האבדת,mors,0,0,197,22548
האבדת,האבדת,deleo,0,0,128,22548
האבדת,האבדת,intereo,0,0,35,22548
האבדת,האבדת,ruina,0,0,51,22548
האבדת,האבדת,disperdo,0,0,76,22548
האבדת,האבדת,interfacio,0,0,149,22548
האבדת,האבדת,morior,0,0,469,22548
האבדת,האבדת,exitium,0,0,0,22548
האבדת,האבדת,occido,0,0,196,22548
האזינ,האזין,opera,0,0,4,22548
האזינ,האזין,adhibeo,0,0,6,22548
האזינו,האזינו,opera,0,0,4,22548
האזינו,האזינו,adhibeo,0,0,6,22548
האיר,האיר,ostendo,0,0,147,22548
האיר,האיר,monstro,0,0,12,22548
האיר,האיר,exhibeo,0,0,1,22548
האיר,האיר,uideo,0,0,1044,22548
האיר,האיר,appareo,0,0,131,22548
האיר,האיר,probo,0,0,58,22548
האיר,האיר,pareo,0,0,14,22548
האיר,האיר,ergo,0,0,727,22548
האיר,האיר,hinc,0,0,24,22548
האיר,האיר,igitur,0,0,327,22548
האיר,האיר,propterea,0,0,119,22548
האיר,האיר,ideo,0,0,55,22548
האיר,האיר,pro,0,0,689,22548
האית,האית,possum,0,0,547,22548
האית,האית,ualeo,0,0,38,22548
האית,האית,potestas,0,0,42,22548
האית,האית,uis,0,0,73,22548
האית,האית,uirtus,0,0,28,22548
האית,האית,imperium,0,0,59,22548
האית,האית,queo,0,0,13,22548
האכלתי,האכלתי,edo,0,0,26,22548
האכלתי,האכלתי,comedo,0,0,313,22548
האכלתי,האכלתי,uescor,0,0,9,22548
האכלתי,האכלתי,manduco,0,0,6,22548
האמינ,האמין,spero,0,0,69,22548
האמינ,האמין,confido,0,0,57,22548
האמינ,האמין,existimo,0,0,1,22548
האמינ,האמין,fiducia,0,0,47,22548
האמינ,האמין,credo,0,0,59,22548
האמינו,האמינו,spero,0,0,69,22548
האמינו,האמינו,confido,0,0,57,22548
האמינו,האמינו,existimo,0,0,1,22548
האמינו,האמינו,fiducia,0,0,47,22548
האמינו,האמינו,credo,0,0,59,22548
האמנתי,האמנתי,spero,0,0,69,22548
האמנתי,האמנתי,confido,0,0,57,22548
האמנתי,האמנתי,existimo,0,0,1,22548
האמנתי,האמנתי,fiducia,0,0,47,22548
האמנתי,האמנתי,credo,0,0,59,22548
הבדיל,הבדיל,segrego,0,0,0,22548
הבדיל,הבדיל,discludo,0,0,0,22548
הבדיל,הבדיל,dispesco,0,0,0,22548
הבה,הבה,do,0,0,1314,22548
הבה,הבה,trado,0,0,321,22548
הבה,הבה,dono,0,0,11,22548
הבה,הבה,tribuo,0,0,66,22548
הבה,הבה,concedo,0,0,15,22548
הבה,הבה,soluo,0,0,36,22548
הבה,הבה,reddo,0,0,173,22548
הבה,הבה,stipendium,0,0,0,22548
הבו,הבו,do,0,0,1314,22548
הבו,הבו,trado,0,0,321,22548
הבו,הבו,dono,0,0,11,22548
הבו,הבו,tribuo,0,0,66,22548
הבו,הבו,concedo,0,0,15,22548
הבו,הבו,soluo,0,0,36,22548
הבו,הבו,reddo,0,0,173,22548
הבו,הבו,stipendium,0,0,0,22548
הבו,הבו,fero,0,0,342,22548
הבו,הבו,porto,0,0,176,22548
הבו,הבו,gero,0,0,27,22548
הבו,הבו,affero,0,0,107,22548
הבו,הבו,adduco,0,0,215,22548
הבו,הבו,educo,0,0,242,22548
הבו,הבו,duco,0,0,179,22548
הבו,הבו,induco,0,0,68,22548
הבו,הבו,defero,0,0,42,22548
הבו,הבו,introduco,0,0,83,22548
הבו,הבו,infero,0,0,73,22548
הבו,הבו,offertor,0,0,153,22548
הביא,הביא,affero,0,0,107,22548
הביא,הביא,adduco,0,0,215,22548
הביא,הביא,induco,0,0,68,22548
הביא,הביא,attulo,0,0,0,22548
הביא,הביא,fero,0,0,342,22548
הביא,הביא,porto,0,0,176,22548
הביא,הביא,gero,0,0,27,22548
הביא,הביא,educo,0,0,242,22548
הביא,הביא,duco,0,0,179,22548
הביא,הביא,defero,0,0,42,22548
הביא,הביא,introduco,0,0,83,22548
הביא,הביא,infero,0,0,73,22548
הביא,הביא,offertor,0,0,153,22548
הביאה,הביאה,fero,0,0,342,22548
הביאה,הביאה,porto,0,0,176,22548
הביאה,הביאה,gero,0,0,27,22548
הביאה,הביאה,affero,0,0,107,22548
הביאה,הביאה,adduco,0,0,215,22548
הביאה,הביאה,educo,0,0,242,22548
הביאה,הביאה,duco,0,0,179,22548
הביאה,הביאה,induco,0,0,68,22548
הביאה,הביאה,defero,0,0,42,22548
הביאה,הביאה,introduco,0,0,83,22548
הביאה,הביאה,infero,0,0,73,22548
הביאה,הביאה,offertor,0,0,153,22548
הביאו,הביאו,duco,0,0,179,22548
הביאו,הביאו,ago,0,0,146,22548
הביאו,הביאו,affero,0,0,107,22548
הביאו,הביאו,adduco,0,0,215,22548
הביאו,הביאו,educo,0,0,242,22548
הביאו,הביאו,fero,0,0,342,22548
הביאו,הביאו,deduco,0,0,50,22548
הביאו,הביאו,induco,0,0,68,22548
הביאו,הביאו,defero,0,0,42,22548
הביאו,הביאו,introduco,0,0,83,22548
הביאו,הביאו,infero,0,0,73,22548
הביאו,הביאו,offertor,0,0,153,22548
הביאו,הביאו,plumbum,0,0,7,22548
הביאו,הביאו,porto,0,0,176,22548
הביאו,הביאו,gero,0,0,27,22548
הביאתי,הביאתי,duco,0,0,179,22548
הביאתי,הביאתי,ago,0,0,146,22548
הביאתי,הביאתי,affero,0,0,107,22548
הביאתי,הביאתי,adduco,0,0,215,22548
הביאתי,הביאתי,educo,0,0,242,22548
הביאתי,הביאתי,fero,0,0,342,22548
הביאתי,הביאתי,deduco,0,0,50,22548
הביאתי,הביאתי,induco,0,0,68,22548
הביאתי,הביאתי,defero,0,0,42,22548
הביאתי,הביאתי,introduco,0,0,83,22548
הביאתי,הביאתי,infero,0,0,73,22548
הביאתי,הביאתי,offertor,0,0,153,22548
הביאתי,הביאתי,plumbum,0,0,7,22548
הביט,הביט,perspecto,0,0,0,22548
הביט,הביט,introspicio,0,0,0,22548
הביטו,הביטו,perspecto,0,0,0,22548
הביטו,הביטו,introspicio,0,0,0,22548
הבינ,הבין,prudentia,0,0,43,22548
הבל,הבל,cassus,1,70,7,22548
הבל,הבל,uanities,0,70,0,22548
הבל,הבל,frustra,10,70,55,22548
הבנים,הבנים,hebenus,0,0,0,22548
הבנת,הבנת,materio,0,0,1,22548
הבנת,הבנת,aedifico,0,0,312,22548
הבר,הבר,diuido,0,0,140,22548
הבר,הבר,discribo,0,0,0,22548
הגבלו,הגבלו,iacio,0,0,25,22548
הגבלו,הגבלו,mitto,0,0,653,22548
הגבלו,הגבלו,peto,0,0,48,22548
הגבלו,הגבלו,ferio,0,0,19,22548
הגבלו,הגבלו,icio,0,0,0,22548
הגבלו,הגבלו,proicio,0,0,121,22548
הגבלו,הגבלו,eicio,0,0,79,22548
הגד,הגד,reporto,0,0,7,22548
הגד,הגד,fama,0,0,14,22548
הגד,הגד,rumor,0,0,1,22548
הגד,הגד,defero,0,0,42,22548
הגד,הגד,nuntio,0,0,122,22548
הגדיל,הגדיל,mirifico,0,0,0,22548
הגדתי,הגדתי,reporto,0,0,7,22548
הגדתי,הגדתי,fama,0,0,14,22548
הגדתי,הגדתי,rumor,0,0,1,22548
הגדתי,הגדתי,defero,0,0,42,22548
הגדתי,הגדתי,nuntio,0,0,122,22548
הגיד,הגיד,reporto,0,0,7,22548
הגיד,הגיד,fama,0,0,14,22548
הגיד,הגיד,rumor,0,0,1,22548
הגיד,הגיד,defero,0,0,42,22548
הגיד,הגיד,nuntio,0,0,122,22548
הגידה,הגידה,reporto,0,0,7,22548
הגידה,הגידה,fama,0,0,14,22548
הגידה,הגידה,rumor,0,0,1,22548
הגידה,הגידה,defero,0,0,42,22548
הגידה,הגידה,nuntio,0,0,122,22548
הגידו,הגידו,reporto,0,0,7,22548
הגידו,הגידו,fama,0,0,14,22548
הגידו,הגידו,rumor,0,0,1,22548
הגידו,הגידו,defero,0,0,42,22548
הגידו,הגידו,nuntio,0,0,122,22548
הגיונ,הגיון,cantus,0,3,0,22548
הגישה,הגישה,induco,0,0,68,22548
הגישה,הגישה,attulo,0,0,0,22548
הגלות,הגלות,reuelo,0,0,56,22548
הגר,הגר,compressor,0,10,0,22548
הדבר,הדבר,socius,0,0,31,22548
הדבר,הדבר,comes,0,0,6,22548
הדבר,הדבר,amicus,0,0,104,22548
הדבר,הדבר,sodalis,0,0,2,22548
הדבר,הדבר,commilito,0,0,0,22548
הדד,הדד,filius,9,36,3345,22548
הדד,הדד,natus,0,36,2,22548
הדד,הדד,gnatus,0,36,0,22548
הדד,הדד,progenies,0,36,12,22548
הדד,הדד,proles,0,36,0,22548
הדד,הדד,nascor,0,36,103,22548
הדד,הדד,filium,0,36,0,22548
הדד,הדד,filii,0,36,0,22548
הדד,הדד,filio,0,36,0,22548
הדד,הדד,amicimen,0,36,0,22548
הדות,הדות,laudo,0,0,132,22548
הדות,הדות,laus,0,0,73,22548
הדמ,הדם,scabellum,0,7,0,22548
הדמינ,הדמין,exitium,0,0,0,22548
הדמינ,הדמין,perditio,0,0,22,22548
הדס,הדס,myrtus,1,6,1,22548
הדס,הדס,myrtum,2,6,2,22548
הדף,הדף,pello,0,11,2,22548
הדף,הדף,trudo,0,11,0,22548
הדף,הדף,depello,0,11,0,22548
הדף,הדף,protrudo,0,11,0,22548
הדר,הדר,gloria,13,36,214,22548
הדר,הדר,fama,0,36,14,22548
הדר,הדר,sententia,0,36,30,22548
הדר,הדר,existimatio,0,36,0,22548
הדר,הדר,laus,1,36,73,22548
הדר,הדר,opinio,0,36,0,22548
הדר,הדר,formositas,0,36,0,22548
הדר,הדר,pulchritudo,1,36,24,22548
הדר,הדר,magnificentia,1,36,12,22548
הדר,הדר,lautitia,0,36,0,22548
הדר,הדר,honor,1,36,17,22548
הדר,הדר,dignitas,1,36,7,22548
הדר,הדר,pretium,0,36,62,22548
הדר,הדר,decus,0,36,3,22548
הדר,הדר,honorem,0,36,0,22548
הדר,הדר,honoris,0,36,0,22548
הדר,הדר,filius,2,36,3345,22548
הדר,הדר,natus,0,36,2,22548
הדר,הדר,gnatus,0,36,0,22548
הדר,הדר,progenies,0,36,12,22548
הדר,הדר,proles,0,36,0,22548
הדר,הדר,nascor,0,36,103,22548
הדר,הדר,filium,0,36,0,22548
הדר,הדר,filii,0,36,0,22548
הדר,הדר,filio,0,36,0,22548
הדרה,הדרה,ornamentum,0,5,8,22548
הדרה,הדרה,orbis,0,5,39,22548
הדרה,הדרה,mundum,0,5,0,22548
הדרה,הדרה,ordo,0,5,56,22548
הדרת,הדרת,iudicium,0,0,361,22548
הדרת,הדרת,atrium,0,0,100,22548
הדרת,הדרת,aula,0,0,3,22548
הובד,הובד,pereo,0,0,156,22548
הובד,הובד,perdo,0,0,60,22548
הובד,הובד,amitto,0,0,4,22548
הובד,הובד,mors,0,0,197,22548
הובד,הובד,deleo,0,0,128,22548
הובד,הובד,intereo,0,0,35,22548
הובד,הובד,ruina,0,0,51,22548
הובד,הובד,disperdo,0,0,76,22548
הובד,הובד,interfacio,0,0,149,22548
הובד,הובד,morior,0,0,469,22548
הובד,הובד,exitium,0,0,0,22548
הובד,הובד,occido,0,0,196,22548
הובדה,הובדה,pereo,0,0,156,22548
הובדה,הובדה,perdo,0,0,60,22548
הובדה,הובדה,amitto,0,0,4,22548
הובדה,הובדה,mors,0,0,197,22548
הובדה,הובדה,deleo,0,0,128,22548
הובדה,הובדה,intereo,0,0,35,22548
הובדה,הובדה,ruina,0,0,51,22548
הובדה,הובדה,disperdo,0,0,76,22548
הובדה,הובדה,interfacio,0,0,149,22548
הובדה,הובדה,morior,0,0,469,22548
הובדה,הובדה,exitium,0,0,0,22548
הובדה,הובדה,occido,0,0,196,22548
הוד,הוד,gloria,14,21,214,22548
הוד,הוד,fama,0,21,14,22548
הוד,הוד,sententia,0,21,30,22548
הוד,הוד,existimatio,0,21,0,22548
הוד,הוד,laus,1,21,73,22548
הוד,הוד,opinio,0,21,0,22548
הוד,הוד,immissus,0,21,0,22548
הודיע,הודיע,percognosco,0,0,0,22548
הודע,הודע,percognosco,0,0,0,22548
הודעת,הודעת,percognosco,0,0,0,22548
הוה,הוה,uolo,1,51,226,22548
הוה,הוה,cupio,0,51,15,22548
הוה,הוה,opto,0,51,2,22548
הוה,הוה,utinam,1,51,24,22548
הוה,הוה,uoluntas,0,51,66,22548
הוה,הוה,placeo,1,51,142,22548
הוה,הוה,quasi,3,51,708,22548
הוה,הוה,sicut,1,51,851,22548
הוה,הוה,cupiditas,0,51,1,22548
הוה,הוה,similis,0,51,91,22548
הוה,הוה,eligo,0,51,209,22548
הוה,הוה,deligo,0,51,0,22548
הוה,הוה,lubet,0,51,0,22548
הוה,הוה,obsecro,0,51,73,22548
הוה,הוה,fio,2,51,188,22548
הוה,הוה,nascor,0,51,103,22548
הוה,הוה,orior,1,51,52,22548
הוה,הוה,gigno,0,51,190,22548
הוה,הוה,sum,33,51,9821,22548
הוה,הוה,uenio,5,51,1274,22548
הוה,הוה,eo,1,51,245,22548
הוה,הוה,pergo,0,51,157,22548
הוה,הוה,meo,0,51,0,22548
הוו,הוו,fio,0,0,188,22548
הוו,הוו,nascor,0,0,103,22548
הוו,הוו,orior,0,0,52,22548
הוו,הוו,gigno,0,0,190,22548
הוו,הוו,sum,0,0,9821,22548
הוות,הוות,iniquitas,0,0,339,22548
הוות,הוות,iniustus,0,0,4,22548
הוות,הוות,perducto,0,0,0,22548
הוי,הוי,uae,33,40,61,22548
הוי,הוי,hei,0,40,0,22548
הוית,הוית,studium,0,0,19,22548
הוית,הוית,aspicio,0,0,36,22548
הוית,הוית,uideo,0,0,1044,22548
הוית,הוית,cerno,0,0,61,22548
הוית,הוית,conspicio,0,0,7,22548
הוית,הוית,animaduerto,0,0,5,22548
הוית,הוית,obseruo,0,0,56,22548
הוכיח,הוכיח,arguo,0,0,43,22548
הוכיח,הוכיח,coarguo,0,0,0,22548
הוכיח,הוכיח,pudor,0,0,1,22548
הוליד,הוליד,genero,0,0,14,22548
הוללה,הוללה,amissus,0,3,0,22548
הוללה,הוללה,furo,0,3,4,22548
הוללה,הוללה,insanio,0,3,5,22548
הוללה,הוללה,saeuio,0,3,2,22548
הוללה,הוללה,furor,0,3,217,22548
הוללה,הוללה,amentia,0,3,3,22548
הוללה,הוללה,insania,0,3,2,22548
הוללות,הוללות,amissus,0,1,0,22548
הוללות,הוללות,furo,0,1,4,22548
הוללות,הוללות,insanio,0,1,5,22548
הוללות,הוללות,saeuio,0,1,2,22548
הוללות,הוללות,furor,0,1,217,22548
הוללות,הוללות,amentia,0,1,3,22548
הוללות,הוללות,insania,0,1,2,22548
הום,הום,moueo,0,6,69,22548
הום,הום,motus,0,6,7,22548
הום,הום,commoueo,0,6,49,22548
הום,הום,permoueo,0,6,0,22548
הום,הום,persono,1,6,9,22548
הון,הון,multitudo,4,27,267,22548
הון,הון,turba,0,27,30,22548
הון,הון,populus,3,27,1560,22548
הון,הון,plebs,0,27,19,22548
הון,הון,numero,0,27,73,22548
הון,הון,numerus,0,27,149,22548
הונ,הון,dea,0,27,2,22548
הונ,הון,caelum,0,27,393,22548
הונ,הון,caelus,0,27,0,22548
הונ,הון,hercules,0,27,0,22548
הונ,הון,deus,1,27,2682,22548
הונ,הון,deum,0,27,0,22548
הונ,הון,dei,0,27,0,22548
הונ,הון,deo,0,27,0,22548
הונ,הון,numen,0,27,0,22548
הונ,הון,diuus,0,27,0,22548
הונ,הון,equidem,0,27,3,22548
הונ,הון,conuerto,0,27,187,22548
הונ,הון,uerto,0,27,88,22548
הונ,הון,dos,0,27,4,22548
הונ,הון,pars,0,27,332,22548
הונ,הון,ossum,0,27,0,22548
הונ,הון,redo,0,27,0,22548
הונ,הון,totus,0,27,177,22548
הונ,הון,uniuersus,2,27,766,22548
הונ,הון,cunctus,0,27,551,22548
הונ,הון,omnis,5,27,3087,22548
הונ,הון,ordo,0,27,56,22548
הונ,הון,homo,2,27,780,22548
הונ,הון,corpus,0,27,33,22548
הונ,הון,tiara,0,27,0,22548
הוצא,הוצא,deduco,0,0,50,22548
הוצאת,הוצאת,deduco,0,0,50,22548
הוצאתי,הוצאתי,deduco,0,0,50,22548
הוציא,הוציא,effero,0,0,25,22548
הוציא,הוציא,deduco,0,0,50,22548
הוציא,הוציא,uerutum,0,0,0,22548
הוציא,הוציא,ergo,0,0,727,22548
הוציא,הוציא,hinc,0,0,24,22548
הוציא,הוציא,igitur,0,0,327,22548
הוציא,הוציא,propterea,0,0,119,22548
הוציא,הוציא,ideo,0,0,55,22548
הוציא,הוציא,pro,0,0,689,22548
הוציאו,הוציאו,effero,0,0,25,22548
הוציאו,הוציאו,deduco,0,0,50,22548
הורד,הורד,reddo,0,0,173,22548
הורד,הורד,restituo,0,0,39,22548
הורד,הורד,deduco,0,0,50,22548
הורדתמ,הורדתם,reddo,0,0,173,22548
הורדתמ,הורדתם,restituo,0,0,39,22548
הורדתמ,הורדתם,deduco,0,0,50,22548
הורידו,הורידו,reddo,0,0,173,22548
הורידו,הורידו,restituo,0,0,39,22548
הורידו,הורידו,deduco,0,0,50,22548
הושיב,הושיב,sedeo,0,0,226,22548
הושיב,הושיב,consido,0,0,2,22548
הושיע,הושיע,uerutum,0,0,0,22548
הושיע,הושיע,seruo,0,0,66,22548
הושיע,הושיע,conseruo,0,0,5,22548
הושיע,הושיע,tueor,0,0,6,22548
הושיע,הושיע,saluus,0,0,64,22548
הושיע,הושיע,salus,0,0,95,22548
הושיע,הושיע,libero,0,0,139,22548
הושיע,הושיע,retineo,0,0,11,22548
הושיע,הושיע,saluo,0,0,105,22548
הושיעה,הושיעה,seruo,0,0,66,22548
הושיעה,הושיעה,conseruo,0,0,5,22548
הושיעה,הושיעה,tueor,0,0,6,22548
הושיעה,הושיעה,saluus,0,0,64,22548
הושיעה,הושיעה,salus,0,0,95,22548
הושיעה,הושיעה,libero,0,0,139,22548
הושיעה,הושיעה,retineo,0,0,11,22548
הושיעה,הושיעה,saluo,0,0,105,22548
הושעת,הושעת,seruo,0,0,66,22548
הושעת,הושעת,conseruo,0,0,5,22548
הושעת,הושעת,tueor,0,0,6,22548
הושעת,הושעת,saluus,0,0,64,22548
הושעת,הושעת,salus,0,0,95,22548
הושעת,הושעת,libero,0,0,139,22548
הושעת,הושעת,retineo,0,0,11,22548
הושעת,הושעת,saluo,0,0,105,22548
הות,הות,fio,0,0,188,22548
הות,הות,nascor,0,0,103,22548
הות,הות,orior,0,0,52,22548
הות,הות,gigno,0,0,190,22548
הות,הות,sum,0,0,9821,22548
הזכיר,הזכיר,memoria,0,0,28,22548
הזכיר,הזכיר,mnemosynon,0,0,0,22548
הזכיר,הזכיר,moneo,0,0,4,22548
הזכיר,הזכיר,memoro,0,0,6,22548
הזכיר,הזכיר,memini,0,0,41,22548
הזכיר,הזכיר,recordor,0,0,126,22548
הזכיר,הזכיר,memor,0,0,12,22548
הזכיר,הזכיר,mentio,0,0,0,22548
הזכיר,הזכיר,commemoro,0,0,1,22548
הזכיר,הזכיר,reuoco,0,0,7,22548
החיות,החיות,do,0,0,1314,22548
החיות,החיות,trado,0,0,321,22548
החיות,החיות,dono,0,0,11,22548
החיות,החיות,tribuo,0,0,66,22548
החיות,החיות,concedo,0,0,15,22548
החיות,החיות,soluo,0,0,36,22548
החיות,החיות,reddo,0,0,173,22548
החיות,החיות,stipendium,0,0,0,22548
החירות,החירות,incoram,0,4,0,22548
החל,החל,impero,0,0,49,22548
החל,החל,rego,0,0,37,22548
החל,החל,dominor,0,0,50,22548
החל,החל,incipio,0,0,19,22548
החל,החל,coepio,0,0,28,22548
החל,החל,duco,0,0,179,22548
החל,החל,magistratus,0,0,19,22548
החל,החל,princeps,0,0,610,22548
החל,החל,praecipio,0,0,448,22548
החל,החל,imperium,0,0,59,22548
החל,החל,occipio,0,0,0,22548
החל,החל,iubeo,0,0,75,22548
החל,החל,honor,0,0,17,22548
החל,החל,praesum,0,0,33,22548
החל,החל,guberno,0,0,6,22548
החל,החל,ordior,0,0,3,22548
החסנו,החסנו,retineo,0,0,11,22548
החסנו,החסנו,possessio,0,0,165,22548
החסנו,החסנו,teneo,0,0,116,22548
החרימ,החרים,pereo,0,0,156,22548
החרימ,החרים,perdo,0,0,60,22548
החרימ,החרים,amitto,0,0,4,22548
החרימ,החרים,mors,0,0,197,22548
החרימ,החרים,deleo,0,0,128,22548
החרימ,החרים,intereo,0,0,35,22548
החרימ,החרים,ruina,0,0,51,22548
החרימ,החרים,disperdo,0,0,76,22548
החרימ,החרים,interfacio,0,0,149,22548
החרימ,החרים,morior,0,0,469,22548
החרימ,החרים,exitium,0,0,0,22548
החרימ,החרים,occido,0,0,196,22548
החרמ,החרם,anathema,0,0,11,22548
הי,הי,consideratio,0,0,0,22548
הי,הי,sisto,0,0,0,22548
הי,הי,sto,0,0,425,22548
הי,הי,constituo,0,0,186,22548
הי,הי,erigo,0,0,60,22548
הי,הי,ramus,0,0,22,22548
הי,הי,uterus,0,0,49,22548
הי,הי,praecordia,0,0,1,22548
הי,הי,magnus,0,0,493,22548
הי,הי,ingens,0,0,13,22548
הי,הי,immanis,0,0,0,22548
הי,הי,uastus,0,0,2,22548
הי,הי,grandis,0,0,104,22548
הי,הי,multus,0,0,411,22548
הי,הי,superus,0,0,1,22548
הי,הי,summus,0,0,30,22548
הי,הי,alo,0,0,13,22548
הי,הי,idos,0,0,0,22548
הי,הי,ungula,0,0,21,22548
הי,הי,filia,0,0,448,22548
הי,הי,nascor,0,0,103,22548
הי,הי,puer,0,0,220,22548
הי,הי,pueri,0,0,0,22548
הי,הי,puerum,0,0,0,22548
הי,הי,natus,0,0,2,22548
הי,הי,filius,0,0,3345,22548
הי,הי,pater,0,0,926,22548
הי,הי,genitor,0,0,1,22548
הי,הי,parens,0,0,9,22548
הי,הי,paternus,0,0,1,22548
הי,הי,patri,0,0,0,22548
הי,הי,patrem,0,0,0,22548
הי,הי,patris,0,0,0,22548
הי,הי,pedum,0,0,0,22548
הי,הי,pedes,0,0,12,22548
הי,הי,pes,0,0,224,22548
הי,הי,uultus,0,0,82,22548
הי,הי,facies,0,0,497,22548
הי,הי,os,0,0,459,22548
הי,הי,ora,0,0,8,22548
הי,הי,persona,0,0,13,22548
הי,הי,radix,0,0,44,22548
הי,הי,radico,0,0,1,22548
הי,הי,subiecto,0,0,0,22548
הי,הי,suspicio,0,0,9,22548
הי,הי,amicus,0,0,104,22548
הי,הי,carus,0,0,4,22548
הי,הי,dilectus,0,0,21,22548
הי,הי,familiaris,0,0,0,22548
היה,היה,fio,74,3068,188,22548
היה,היה,nascor,24,3068,103,22548
היה,היה,orior,11,3068,52,22548
היה,היה,gigno,24,3068,190,22548
היה,היה,sum,2423,3068,9821,22548
היה,היה,quando,50,3068,230,22548
היה,היה,dominus,974,3068,5912,22548
היה,היה,auctoritas,0,3068,1,22548
היה,היה,erus,0,3068,0,22548
היה,היה,potestas,11,3068,42,22548
היו,היו,fio,0,0,188,22548
היו,היו,nascor,0,0,103,22548
היו,היו,orior,0,0,52,22548
היו,היו,gigno,0,0,190,22548
היו,היו,sum,0,0,9821,22548
היות,היות,fio,0,0,188,22548
היות,היות,nascor,0,0,103,22548
היות,היות,orior,0,0,52,22548
היות,היות,gigno,0,0,190,22548
היות,היות,sum,0,0,9821,22548
היות,היות,ergo,0,0,727,22548
היות,היות,hinc,0,0,24,22548
היות,היות,igitur,0,0,327,22548
היות,היות,propterea,0,0,119,22548
היות,היות,ideo,0,0,55,22548
היות,היות,pro,0,0,689,22548
היטב,היטב,pulcher,0,0,69,22548
היטב,היטב,formosus,0,0,0,22548
היטב,היטב,bonus,0,0,316,22548
היטב,היטב,nobilis,0,0,17,22548
היטב,היטב,bene,0,0,65,22548
היטב,היטב,ius,0,0,37,22548
היטב,היטב,aequus,0,0,22,22548
היטב,היטב,speciosus,0,0,24,22548
היטב,היטב,ualeo,0,0,38,22548
היטב,היטב,posterus,0,0,25,22548
היטב,היטב,dexter,0,0,104,22548
היטב,היטב,puteus,0,0,37,22548
היטב,היטב,bellus,0,0,0,22548
היטב,היטב,uehemens,0,0,16,22548
היטב,היטב,oppido,0,0,0,22548
היטב,היטב,nimius,0,0,19,22548
היטיבו,היטיבו,ius,0,0,37,22548
היטיבו,היטיבו,dexter,0,0,104,22548
היטיבו,היטיבו,integer,0,0,11,22548
היטיבו,היטיבו,rego,0,0,37,22548
היינו,היינו,fio,0,0,188,22548
היינו,היינו,nascor,0,0,103,22548
היינו,היינו,orior,0,0,52,22548
היינו,היינו,gigno,0,0,190,22548
היינו,היינו,sum,0,0,9821,22548
היית,היית,fio,0,0,188,22548
היית,היית,nascor,0,0,103,22548
היית,היית,orior,0,0,52,22548
היית,היית,gigno,0,0,190,22548
היית,היית,sum,0,0,9821,22548
הייתי,הייתי,fio,0,0,188,22548
הייתי,הייתי,nascor,0,0,103,22548
הייתי,הייתי,orior,0,0,52,22548
הייתי,הייתי,gigno,0,0,190,22548
הייתי,הייתי,sum,0,0,9821,22548
היכל,היכל,regnum,0,76,213,22548
היכל,היכל,palatium,5,76,27,22548
היכל,היכל,regina,0,76,40,22548
היכל,היכל,regius,1,76,14,22548
היכל,היכל,domus,13,76,1485,22548
היכל,היכל,tecta,0,76,0,22548
היכל,היכל,templum,63,76,192,22548
היכל,היכל,apud,0,76,144,22548
היכל,היכל,tectum,0,76,43,22548
היכל,היכל,aedes,4,76,27,22548
היכל,היכל,regia,0,76,9,22548
היכל,היכל,familia,0,76,182,22548
היכל,היכל,delubrum,2,76,10,22548
היכל,היכל,templi,0,76,0,22548
היכל,היכל,fanum,0,76,15,22548
היכל,היכל,cognatio,0,76,146,22548
היכל,היכל,gener,0,76,12,22548
היכל,היכל,sedes,0,76,32,22548
היכל,היכל,praedium,0,76,0,22548
היכל,היכל,domum,0,76,0,22548
היכל,היכל,domo,0,76,4,22548
הין,הין,agninus,0,19,0,22548
הין,הין,oleum,12,19,174,22548
הין,הין,olearius,0,19,0,22548
הין,הין,olearis,0,19,0,22548
הין,הין,aries,6,19,164,22548
הין,הין,foedus,0,19,88,22548
הין,הין,pax,0,19,173,22548
הין,הין,libatio,0,19,6,22548
הין,הין,indutiae,0,19,0,22548
הין,הין,quartus,6,19,70,22548
הינ,הין,equidem,0,19,3,22548
הינ,הין,conuerto,0,19,187,22548
הינ,הין,uerto,1,19,88,22548
הינ,הין,dos,0,19,4,22548
הינ,הין,pars,10,19,332,22548
הית,הית,ergo,0,0,727,22548
הית,הית,hinc,0,0,24,22548
הית,הית,igitur,0,0,327,22548
הית,הית,propterea,0,0,119,22548
הית,הית,ideo,0,0,55,22548
הית,הית,pro,0,0,689,22548
היתה,היתה,fio,0,0,188,22548
היתה,היתה,nascor,0,0,103,22548
היתה,היתה,orior,0,0,52,22548
היתה,היתה,gigno,0,0,190,22548
היתה,היתה,sum,0,0,9821,22548
היתיו,היתיו,fero,0,0,342,22548
היתיו,היתיו,porto,0,0,176,22548
היתיו,היתיו,gero,0,0,27,22548
היתיו,היתיו,affero,0,0,107,22548
היתיו,היתיו,adduco,0,0,215,22548
היתיו,היתיו,educo,0,0,242,22548
היתיו,היתיו,duco,0,0,179,22548
היתיו,היתיו,induco,0,0,68,22548
היתיו,היתיו,defero,0,0,42,22548
היתיו,היתיו,introduco,0,0,83,22548
היתיו,היתיו,infero,0,0,73,22548
היתיו,היתיו,offertor,0,0,153,22548
היתית,היתית,fero,0,0,342,22548
היתית,היתית,porto,0,0,176,22548
היתית,היתית,gero,0,0,27,22548
היתית,היתית,affero,0,0,107,22548
היתית,היתית,adduco,0,0,215,22548
היתית,היתית,educo,0,0,242,22548
היתית,היתית,duco,0,0,179,22548
היתית,היתית,induco,0,0,68,22548
היתית,היתית,defero,0,0,42,22548
היתית,היתית,introduco,0,0,83,22548
היתית,היתית,infero,0,0,73,22548
היתית,היתית,offertor,0,0,153,22548
הכ,הך,pulto,0,0,1,22548
הכה,הכה,pulto,0,0,1,22548
הכו,הכו,pulto,0,0,1,22548
הכות,הכות,pulto,0,0,1,22548
הכינ,הכין,praeparo,0,0,93,22548
הכינו,הכינו,praeparo,0,0,93,22548
הכינותי,הכינותי,praeparo,0,0,93,22548
הכיר,הכיר,noscito,0,0,0,22548
הכיתי,הכיתי,pulto,0,0,1,22548
הכת,הכת,pulto,0,0,1,22548
הלא,הלא,uls,0,1,0,22548
הלאה,הלאה,uls,0,16,0,22548
הלז,הלז,ibi,0,0,386,22548
הלחמ,הלחם,bellor,0,0,17,22548
הלחמ,הלחם,pugno,0,0,133,22548
הלחמ,הלחם,gero,0,0,27,22548
הלחמ,הלחם,bellum,0,0,134,22548
הליד,הליד,genero,0,0,14,22548
הלכ,הלך,discedo,1,1345,4,22548
הלכ,הלך,recedo,29,1345,191,22548
הלכ,הלך,abeo,191,1345,219,22548
הלכ,הלך,peruio,0,1345,0,22548
הלכו,הלכו,discedo,0,0,4,22548
הלכו,הלכו,recedo,0,0,191,22548
הלכו,הלכו,abeo,0,0,219,22548
הלכימ,הלכים,iter,0,0,78,22548
הלכימ,הלכים,martius,0,0,0,22548
הלכימ,הלכים,agmen,0,0,15,22548
הלכימ,הלכים,pergo,0,0,157,22548
הלכת,הלכת,abeo,0,0,219,22548
הלכת,הלכת,discedo,0,0,4,22548
הלכת,הלכת,abito,0,0,9,22548
הלל,הלל,laudo,65,135,132,22548
הלל,הלל,laus,2,135,73,22548
הללו,הללו,laudo,0,0,132,22548
הללו,הללו,laus,0,0,73,22548
הללי,הללי,laudo,0,0,132,22548
הללי,הללי,laus,0,0,73,22548
הלם,הלם,huc,6,21,42,22548
הלם,הלם,aliubi,0,21,0,22548
הלם,הלם,hinc,0,21,24,22548
הלמ,הלם,indus,0,21,0,22548
הלמ,הלם,illinc,0,21,0,22548
הלמות,הלמות,malleus,1,1,10,22548
הלמות,הלמות,porca,0,1,0,22548
הלקח,הלקח,capio,0,0,207,22548
הלקח,הלקח,sumo,0,0,94,22548
הלקח,הלקח,accipio,0,0,247,22548
הלקח,הלקח,recipio,0,0,37,22548
הלקח,הלקח,impetro,0,0,1,22548
הלקח,הלקח,excipio,0,0,19,22548
המ,הם,ipse,48,256,933,22548
המ,הם,sui,12,256,606,22548
המ,הם,ibi,3,256,386,22548
המ,הם,habeo,7,256,694,22548
המ,הם,teneo,1,256,116,22548
המ,הם,possideo,4,256,160,22548
המ,הם,dea,0,256,2,22548
המ,הם,caelum,2,256,393,22548
המ,הם,caelus,0,256,0,22548
המ,הם,hercules,0,256,0,22548
המ,הם,deus,27,256,2682,22548
המ,הם,deum,0,256,0,22548
המ,הם,dei,0,256,0,22548
המ,הם,deo,0,256,0,22548
המ,הם,numen,0,256,0,22548
המ,הם,diuus,0,256,0,22548
המ,הם,populus,25,256,1560,22548
המ,הם,plebs,1,256,19,22548
המ,הם,uulgus,0,256,39,22548
המ,הם,turba,0,256,30,22548
המ,הם,exercitus,4,256,467,22548
המ,הם,militia,0,256,54,22548
המ,הם,hospes,0,256,0,22548
המ,הם,tecolithos,0,256,0,22548
המ,הם,petrinus,0,256,0,22548
המ,הם,popularis,0,256,0,22548
המ,הם,quasi,7,256,708,22548
המ,הם,sicut,10,256,851,22548
המ,הם,similis,2,256,91,22548
המ,הם,tamquam,0,256,3,22548
המ,הם,par,0,256,7,22548
המ,הם,totus,2,256,177,22548
המ,הם,uniuersus,21,256,766,22548
המ,הם,cunctus,10,256,551,22548
המ,הם,omnis,33,256,3087,22548
המ,הם,pater,10,256,926,22548
המ,הם,genitor,0,256,1,22548
המ,הם,parens,1,256,9,22548
המ,הם,paternus,0,256,1,22548
המ,הם,patri,0,256,0,22548
המ,הם,patrem,0,256,0,22548
המ,הם,patris,0,256,0,22548
המ,הם,uasum,0,256,0,22548
המ,הם,nauis,0,256,27,22548
המ,הם,impedimentum,0,256,1,22548
המ,הם,uas,5,256,188,22548
המ,הם,aurum,4,256,229,22548
המ,הם,os,2,256,459,22548
המ,הם,labium,0,256,123,22548
המ,הם,labrum,0,256,8,22548
המ,הם,osculum,0,256,4,22548
המ,הם,uelut,0,256,42,22548
המה,המה,ibi,7,294,386,22548
המול,המול,circumcido,0,0,27,22548
המול,המול,deseco,0,0,0,22548
המול,המול,proseco,0,0,0,22548
המון,המון,tumultus,5,77,20,22548
המון,המון,uis,0,77,73,22548
המון,המון,robur,1,77,46,22548
המון,המון,fortitudo,3,77,232,22548
המון,המון,potentia,0,77,17,22548
המון,המון,multitudo,47,77,267,22548
המון,המון,turba,1,77,30,22548
המון,המון,populus,17,77,1560,22548
המון,המון,plebs,0,77,19,22548
המון,המון,numero,0,77,73,22548
המון,המון,numerus,0,77,149,22548
המונ,המון,exercitus,5,77,467,22548
המונ,המון,copia,2,77,6,22548
המונ,המון,uis,0,77,73,22548
המונ,המון,uirtus,0,77,28,22548
המונ,המון,imperium,0,77,59,22548
המונ,המון,potentia,0,77,17,22548
המונ,המון,cogo,0,77,17,22548
המונ,המון,opis,0,77,0,22548
המונ,המון,robur,1,77,46,22548
המונ,המון,fortitudo,3,77,232,22548
המונ,המון,potestas,0,77,42,22548
המונ,המון,multitudo,47,77,267,22548
המונ,המון,turba,1,77,30,22548
המונ,המון,uulgus,1,77,39,22548
המונ,המון,nauigatio,0,77,0,22548
המונ,המון,nauigo,0,77,1,22548
המונ,המון,cursus,0,77,8,22548
המונ,המון,multus,9,77,411,22548
המונ,המון,magnus,4,77,493,22548
המונ,המון,longus,0,77,36,22548
המונ,המון,diu,0,77,1,22548
המונ,המון,procul,1,77,55,22548
המונ,המון,superus,0,77,1,22548
המונ,המון,absum,0,77,16,22548
המונ,המון,summus,0,77,30,22548
המונ,המון,grandis,2,77,104,22548
המונ,המון,synagoga,0,77,8,22548
המונ,המון,educatus,0,77,0,22548
המונכ,המונך,monolinum,0,0,0,22548
המטיר,המטיר,pluuia,0,0,43,22548
המיה,המיה,persono,0,1,9,22548
המיה,המיה,uerbum,0,1,712,22548
המיה,המיה,uox,0,1,345,22548
המית,המית,tollo,0,0,238,22548
המית,המית,interficio,0,0,185,22548
המית,המית,interfacio,0,0,149,22548
המית,המית,occaedes,0,0,26,22548
המית,המית,suscipio,0,0,91,22548
המית,המית,mors,0,0,197,22548
המית,המית,letum,0,0,0,22548
המית,המית,nex,0,0,4,22548
המית,המית,defunctus,0,0,0,22548
המית,המית,fatum,0,0,0,22548
המית,המית,mortis,0,0,0,22548
המית,המית,morte,0,0,0,22548
המית,המית,mortem,0,0,0,22548
המל,המל,quando,0,0,230,22548
המל,המל,circumcido,0,0,27,22548
המל,המל,deseco,0,0,0,22548
המל,המל,proseco,0,0,0,22548
המלה,המלה,persono,0,2,9,22548
המלה,המלה,uerbum,0,2,712,22548
המלה,המלה,uox,1,2,345,22548
המלט,המלט,seruo,0,0,66,22548
המלט,המלט,conseruo,0,0,5,22548
המלט,המלט,tueor,0,0,6,22548
המלט,המלט,saluus,0,0,64,22548
המלט,המלט,salus,0,0,95,22548
המלט,המלט,libero,0,0,139,22548
המלט,המלט,retineo,0,0,11,22548
המלט,המלט,saluo,0,0,105,22548
המליכ,המליך,rex,0,0,1935,22548
המליכ,המליך,tyrannus,0,0,7,22548
המליכ,המליך,dominus,0,0,5912,22548
המליכ,המליך,princeps,0,0,610,22548
המליכ,המליך,regis,0,0,0,22548
המליכ,המליך,regem,0,0,0,22548
המליכ,המליך,regi,0,0,0,22548
המליכ,המליך,regno,0,0,216,22548
המלכ,המלך,regno,0,0,216,22548
המלכ,המלך,rex,0,0,1935,22548
המם,המם,insitium,0,12,0,22548
המן,המן,gingiua,0,46,0,22548
המניך,המניך,monile,0,0,4,22548
המניכ,המניך,monolinum,0,0,0,22548
המרו,המרו,perfruor,0,0,5,22548
המת,המת,mors,0,0,197,22548
המת,המת,letum,0,0,0,22548
המת,המת,nex,0,0,4,22548
המת,המת,defunctus,0,0,0,22548
המת,המת,fatum,0,0,0,22548
המת,המת,mortis,0,0,0,22548
המת,המת,morte,0,0,0,22548
המת,המת,mortem,0,0,0,22548
הן,הן,ecce,48,104,704,22548
הנ,הן,indus,0,104,0,22548
הנ,הן,illinc,0,104,0,22548
הנ,הן,praesens,0,104,76,22548
הנ,הן,munus,0,104,91,22548
הנ,הן,dono,0,104,11,22548
הנ,הן,donum,1,104,25,22548
הנ,הן,adsum,0,104,27,22548
הנ,הן,pater,3,104,926,22548
הנ,הן,genitor,0,104,1,22548
הנ,הן,parens,0,104,9,22548
הנ,הן,paternus,0,104,1,22548
הנ,הן,patri,0,104,0,22548
הנ,הן,patrem,0,104,0,22548
הנ,הן,patris,0,104,0,22548
הנה,הנה,fio,5,1054,188,22548
הנה,הנה,nascor,4,1054,103,22548
הנה,הנה,orior,10,1054,52,22548
הנה,הנה,gigno,4,1054,190,22548
הנה,הנה,sum,537,1054,9821,22548
הנה,הנה,ecce,560,1054,704,22548
הנה,הנה,rego,0,1054,37,22548
הנה,הנה,dirigo,1,1054,67,22548
הנה,הנה,credo,4,1054,59,22548
הנה,הנה,censeo,0,1054,0,22548
הנה,הנה,opinor,0,1054,0,22548
הנה,הנה,arbitror,0,1054,4,22548
הנה,הנה,puto,7,1054,54,22548
הנה,הנה,uideo,152,1054,1044,22548
הנה,הנה,cerno,14,1054,61,22548
הנה,הנה,conspicio,1,1054,7,22548
הנה,הנה,aspicio,8,1054,36,22548
הנה,הנה,animaduerto,2,1054,5,22548
הנה,הנה,obseruo,2,1054,56,22548
הנה,הנה,bibo,16,1054,194,22548
הנה,הנה,poto,1,1054,9,22548
הנה,הנה,potus,1,1054,27,22548
הנה,הנה,quasi,49,1054,708,22548
הנה,הנה,similis,8,1054,91,22548
הנה,הנה,tamquam,0,1054,3,22548
הנה,הנה,sicut,37,1054,851,22548
הנה,הנה,uelut,0,1054,42,22548
הנחה,הנחה,dimitto,0,1,271,22548
הנחה,הנחה,absoluo,0,1,0,22548
הנחה,הנחה,relinquo,0,1,119,22548
הנחה,הנחה,libero,0,1,139,22548
הנחה,הנחה,ignosco,0,1,7,22548
הנחה,הנחה,permitto,0,1,6,22548
הנחה,הנחה,soluo,0,1,36,22548
הניח,הניח,reliquus,0,0,186,22548
הניח,הניח,ceterus,0,0,56,22548
הניח,הניח,conquiesco,0,0,4,22548
הניח,הניח,dimitto,0,0,271,22548
הניח,הניח,relinquo,0,0,119,22548
הניח,הניח,absoluo,0,0,0,22548
הניח,הניח,libero,0,0,139,22548
הניח,הניח,ignosco,0,0,7,22548
הניח,הניח,permitto,0,0,6,22548
הניח,הניח,supprimo,0,0,0,22548
הניחו,הניחו,dimitto,0,0,271,22548
הניחו,הניחו,relinquo,0,0,119,22548
הניחו,הניחו,absoluo,0,0,0,22548
הניחו,הניחו,libero,0,0,139,22548
הניחו,הניחו,ignosco,0,0,7,22548
הניחו,הניחו,permitto,0,0,6,22548
הנע,הנע,credo,0,3,59,22548
הנע,הנע,certus,0,3,10,22548
הנע,הנע,puto,0,3,54,22548
הנע,הנע,aliquis,0,3,43,22548
הנע,הנע,quatenus,0,3,0,22548
הנע,הנע,quotus,0,3,0,22548
הנעל,הנעל,affero,0,0,107,22548
הנעל,הנעל,adduco,0,0,215,22548
הנעל,הנעל,induco,0,0,68,22548
הסב,הסב,auerto,0,0,85,22548
הסב,הסב,reflecto,0,0,1,22548
הסיר,הסיר,aufero,0,0,256,22548
הסיר,הסיר,tollo,0,0,238,22548
הסיר,הסיר,priuo,0,0,3,22548
הסתיר,הסתיר,auerto,0,0,85,22548
הסתיר,הסתיר,reflecto,0,0,1,22548
העידתי,העידתי,obtestor,0,0,1,22548
העל,העל,affero,0,0,107,22548
העל,העל,adduco,0,0,215,22548
העל,העל,induco,0,0,68,22548
העל,העל,deduco,0,0,50,22548
העל,העל,uerutum,0,0,0,22548
העלו,העלו,escendo,0,0,0,22548
העלות,העלות,reporto,0,0,7,22548
העליתי,העליתי,educo,0,0,242,22548
העמ,העם,populus,0,0,1560,22548
העמ,העם,plebs,0,0,19,22548
העמ,העם,uulgus,0,0,39,22548
העמ,העם,turba,0,0,30,22548
העמ,העם,exercitus,0,0,467,22548
העמ,העם,militia,0,0,54,22548
העמ,העם,hospes,0,0,0,22548
העמ,העם,tecolithos,0,0,0,22548
העמ,העם,petrinus,0,0,0,22548
העמ,העם,popularis,0,0,0,22548
העמיד,העמיד,sisto,0,0,0,22548
העמיד,העמיד,sto,0,0,425,22548
העמיד,העמיד,constituo,0,0,186,22548
העמיד,העמיד,erigo,0,0,60,22548
הפגה,הפגה,sustineo,0,1,60,22548
הפגה,הפגה,prohibeo,0,1,39,22548
הפגה,הפגה,impedio,0,1,0,22548
הפגה,הפגה,ueto,0,1,0,22548
הפגה,הפגה,cesso,0,1,77,22548
הפגה,הפגה,desino,0,1,13,22548
הפגה,הפגה,desisto,0,1,2,22548
הפגה,הפגה,maneo,0,1,122,22548
הפגה,הפגה,finis,0,1,137,22548
הפילו,הפילו,iacio,0,0,25,22548
הפילו,הפילו,mitto,0,0,653,22548
הפילו,הפילו,peto,0,0,48,22548
הפילו,הפילו,ferio,0,0,19,22548
הפילו,הפילו,icio,0,0,0,22548
הפילו,הפילו,proicio,0,0,121,22548
הפילו,הפילו,eicio,0,0,79,22548
הפך,הפך,albus,2,89,15,22548
הפך,הפך,candidus,0,89,5,22548
הפך,הפך,lelepris,0,89,0,22548
הפך,הפך,ophthalmias,0,89,0,22548
הפכ,הפך,ultimo,0,89,0,22548
הפכה,הפכה,ruo,0,1,18,22548
הצגתי,הצגתי,sisto,0,0,0,22548
הצגתי,הצגתי,sto,0,0,425,22548
הצגתי,הצגתי,constituo,0,0,186,22548
הצגתי,הצגתי,erigo,0,0,60,22548
הציב,הציב,scientia,0,0,76,22548
הציב,הציב,sto,0,0,425,22548
הציל,הציל,detraho,0,0,55,22548
הציל,הציל,traho,0,0,20,22548
הציל,הציל,uerutum,0,0,0,22548
הצילו,הצילו,traho,0,0,20,22548
הצל,הצל,detraho,0,0,55,22548
הצלה,הצלה,saluus,0,1,64,22548
הצלה,הצלה,tueor,0,1,6,22548
הצלה,הצלה,salutaris,0,1,4,22548
הצלה,הצלה,saluator,0,1,36,22548
הצלה,הצלה,salus,0,1,95,22548
הצלח,הצלח,uiaticulum,0,0,0,22548
הצליח,הצליח,uiaticulum,0,0,0,22548
הקבצו,הקבצו,congrego,0,0,255,22548
הקבצו,הקבצו,simul,0,0,145,22548
הקבצו,הקבצו,colligo,0,0,77,22548
הקימ,הקים,surgo,0,0,287,22548
הקימ,הקים,exsurgo,0,0,1,22548
הקימ,הקים,sisto,0,0,0,22548
הקימ,הקים,sto,0,0,425,22548
הקימ,הקים,constituo,0,0,186,22548
הקימ,הקים,erigo,0,0,60,22548
הקימ,הקים,pono,0,0,697,22548
הקימת,הקימת,sisto,0,0,0,22548
הקימת,הקימת,sto,0,0,425,22548
הקימת,הקימת,constituo,0,0,186,22548
הקימת,הקימת,erigo,0,0,60,22548
הקימתי,הקימתי,surgo,0,0,287,22548
הקימתי,הקימתי,exsurgo,0,0,1,22548
הקמ,הקם,surgo,0,0,287,22548
הקמ,הקם,exsurgo,0,0,1,22548
הקמ,הקם,sisto,0,0,0,22548
הקמ,הקם,sto,0,0,425,22548
הקמ,הקם,constituo,0,0,186,22548
הקמ,הקם,erigo,0,0,60,22548
הקמת,הקמת,sisto,0,0,0,22548
הקמת,הקמת,sto,0,0,425,22548
הקמת,הקמת,constituo,0,0,186,22548
הקמת,הקמת,erigo,0,0,60,22548
הקמתי,הקמתי,sisto,0,0,0,22548
הקמתי,הקמתי,sto,0,0,425,22548
הקמתי,הקמתי,constituo,0,0,186,22548
הקמתי,הקמתי,erigo,0,0,60,22548
הקשיבו,הקשיבו,opera,0,0,4,22548
הקשיבו,הקשיבו,adhibeo,0,0,6,22548
הר,הר,montanus,19,501,21,22548
הר,הר,mons,437,501,470,22548
הר,הר,iugum,4,501,44,22548
הר,הר,collis,37,501,66,22548
הר,הר,serum,0,501,0,22548
הר,הר,terminus,9,501,162,22548
הרא,הרא,officium,0,1,30,22548
הרא,הרא,ius,0,1,37,22548
הרא,הרא,dexter,0,1,104,22548
הרא,הרא,opus,0,1,417,22548
הרא,הרא,indico,0,1,110,22548
הרא,הרא,probo,0,1,58,22548
הרא,הרא,ostendo,0,1,147,22548
הרא,הרא,inquam,0,1,103,22548
הראה,הראה,indico,2,12,110,22548
הראה,הראה,probo,0,12,58,22548
הראה,הראה,ostendo,0,12,147,22548
הרב,הרב,pluratiuus,0,0,0,22548
הרבה,הרבה,pluratiuus,0,0,0,22548
הרבה,הרבה,multus,0,0,411,22548
הרבה,הרבה,magnus,0,0,493,22548
הרבה,הרבה,longus,0,0,36,22548
הרבה,הרבה,diu,0,0,1,22548
הרבה,הרבה,procul,0,0,55,22548
הרבה,הרבה,superus,0,0,1,22548
הרבה,הרבה,absum,0,0,16,22548
הרבה,הרבה,summus,0,0,30,22548
הרבה,הרבה,grandis,0,0,104,22548
הרביתי,הרביתי,pluratiuus,0,0,0,22548
הרג,הרג,tollo,2,159,238,22548
הרג,הרג,interficio,41,159,185,22548
הרג,הרג,interfacio,34,159,149,22548
הרג,הרג,occaedes,9,159,26,22548
הרג,הרג,suscipio,0,159,91,22548
הרג,הרג,morior,8,159,469,22548
הרג,הרג,pereo,1,159,156,22548
הרג,הרג,occido,72,159,196,22548
הרג,הרג,cado,3,159,252,22548
הרג,הרג,mors,4,159,197,22548
הרג,הרג,obeo,0,159,6,22548
הרג,הרג,percutio,16,159,489,22548
הרג,הרג,neco,2,159,6,22548
הרג,הרג,deleo,5,159,128,22548
הרג,הרג,perdo,1,159,60,22548
הרג,הרג,disperdo,1,159,76,22548
הרג,הרג,corrumpo,0,159,13,22548
הרג,הרג,caedo,1,159,68,22548
הרגה,הרגה,caedes,0,5,14,22548
הרגה,הרגה,plago,0,5,1,22548
הרגה,הרגה,sanguis,0,5,275,22548
הרגה,הרגה,mors,0,5,197,22548
הרגה,הרגה,occaedes,0,5,26,22548
הרגה,הרגה,interfacio,0,5,149,22548
הרגה,הרגה,interfectrix,0,5,0,22548
הרגו,הרגו,mors,0,0,197,22548
הרגו,הרגו,interfacio,0,0,149,22548
הרגו,הרגו,occaedes,0,0,26,22548
הרגו,הרגו,percutio,0,0,489,22548
הרגו,הרגו,occido,0,0,196,22548
הרגו,הרגו,neco,0,0,6,22548
הרגתי,הרגתי,mors,0,0,197,22548
הרגתי,הרגתי,interfacio,0,0,149,22548
הרגתי,הרגתי,occaedes,0,0,26,22548
הרגתי,הרגתי,percutio,0,0,489,22548
הרגתי,הרגתי,occido,0,0,196,22548
הרגתי,הרגתי,neco,0,0,6,22548
הרה,הרה,aluus,0,46,2,22548
הרה,הרה,uenter,0,46,49,22548
הרה,הרה,habeo,2,46,694,22548
הרה,הרה,teneo,1,46,116,22548
הרה,הרה,possideo,0,46,160,22548
הרה,הרה,comprehendo,0,46,23,22548
הרה,הרה,gigno,4,46,190,22548
הרה,הרה,pario,24,46,116,22548
הרה,הרה,fero,0,46,342,22548
הרה,הרה,genero,0,46,14,22548
הרי,הרי,mons,0,0,470,22548
הרי,הרי,iugum,0,0,44,22548
הרי,הרי,collis,0,0,66,22548
הרי,הרי,serum,0,0,0,22548
הרי,הרי,terminus,0,0,162,22548
הרימ,הרים,mons,0,0,470,22548
הרימ,הרים,iugum,0,0,44,22548
הרימ,הרים,collis,0,0,66,22548
הרימ,הרים,serum,0,0,0,22548
הרימ,הרים,terminus,0,0,162,22548
הרימתי,הרימתי,sublimo,0,0,4,22548
הרס,הרס,deicio,1,43,19,22548
הרפ,הרף,omitto,0,0,5,22548
הרפ,הרף,permitto,0,0,6,22548
הרפא,הרפא,sano,0,0,42,22548
הרפא,הרפא,medeor,0,0,4,22548
הרפא,הרפא,curo,0,0,19,22548
הרפא,הרפא,remedio,0,0,0,22548
הרר,הרר,mons,0,0,470,22548
הרר,הרר,iugum,0,0,44,22548
הרר,הרר,collis,0,0,66,22548
הרר,הרר,serum,0,0,0,22548
הרר,הרר,terminus,0,0,162,22548
הררי,הררי,mons,0,5,470,22548
הררי,הררי,iugum,0,5,44,22548
הררי,הררי,collis,0,5,66,22548
הררי,הררי,serum,0,5,0,22548
הררי,הררי,terminus,0,5,162,22548
הרתה,הרתה,aluus,0,0,2,22548
הרתה,הרתה,uenter,0,0,49,22548
הרתה,הרתה,habeo,0,0,694,22548
הרתה,הרתה,teneo,0,0,116,22548
הרתה,הרתה,possideo,0,0,160,22548
השב,השב,uendo,0,0,61,22548
השב,השב,restituo,0,0,39,22548
השב,השב,soluo,0,0,36,22548
השב,השב,trado,0,0,321,22548
השב,השב,redeo,0,0,30,22548
השב,השב,reuorto,0,0,75,22548
השב,השב,stipendium,0,0,0,22548
השב,השב,libero,0,0,139,22548
השב,השב,reddo,0,0,173,22548
השב,השב,auerto,0,0,85,22548
השב,השב,reflecto,0,0,1,22548
השביע,השביע,sufflo,0,0,2,22548
השביע,השביע,adiuro,0,0,22,22548
השביע,השביע,deiero,0,0,1,22548
השבעה,השבעה,iuro,0,0,132,22548
השבעה,השבעה,adiuro,0,0,22,22548
השבעה,השבעה,iniuro,0,0,0,22548
השבעה,השבעה,iureiuro,0,0,2,22548
השחיתו,השחיתו,pereo,0,0,156,22548
השחיתו,השחיתו,deleo,0,0,128,22548
השחיתו,השחיתו,perdo,0,0,60,22548
השחיתו,השחיתו,disperdo,0,0,76,22548
השחיתו,השחיתו,interfacio,0,0,149,22548
השחיתו,השחיתו,occaedes,0,0,26,22548
השחיתו,השחיתו,corrumpo,0,0,13,22548
השיב,השיב,uendo,0,0,61,22548
השיב,השיב,restituo,0,0,39,22548
השיב,השיב,soluo,0,0,36,22548
השיב,השיב,trado,0,0,321,22548
השיב,השיב,redeo,0,0,30,22548
השיב,השיב,reuorto,0,0,75,22548
השיב,השיב,stipendium,0,0,0,22548
השיב,השיב,libero,0,0,139,22548
השיב,השיב,reddo,0,0,173,22548
השיב,השיב,rescribo,0,0,1,22548
השיב,השיב,exaudio,0,0,135,22548
השיב,השיב,respondeo,0,0,541,22548
השיב,השיב,auerto,0,0,85,22548
השיב,השיב,reflecto,0,0,1,22548
השיב,השיב,conuerto,0,0,187,22548
השיב,השיב,uerutum,0,0,0,22548
השכחת,השכחת,inuenio,0,0,379,22548
השכחת,השכחת,reperio,0,0,33,22548
השכיל,השכיל,intellego,0,0,136,22548
השכל,השכל,sapientia,0,0,151,22548
השכל,השכל,sophia,0,0,0,22548
השלט,השלט,constituo,0,0,186,22548
השלט,השלט,pono,0,0,697,22548
השמיע,השמיע,auritus,0,0,0,22548
השמיע,השמיע,audio,0,0,927,22548
השמיע,השמיע,exaudio,0,0,135,22548
השמיע,השמיע,ausculto,0,0,17,22548
השמעות,השמעות,indico,0,1,110,22548
השמעות,השמעות,nuntio,0,1,122,22548
השמעות,השמעות,certioro,0,1,0,22548
השמר,השמר,opera,0,0,4,22548
השמר,השמר,adhibeo,0,0,6,22548
השמר,השמר,seruo,0,0,66,22548
השמר,השמר,custodio,0,0,267,22548
השמר,השמר,praesidium,0,0,26,22548
השמר,השמר,caueo,0,0,38,22548
השמר,השמר,custos,0,0,73,22548
השמרו,השמרו,opera,0,0,4,22548
השמרו,השמרו,adhibeo,0,0,6,22548
השניה,השניה,peioro,0,0,0,22548
השפיל,השפיל,humilio,0,0,64,22548
השקי,השקי,madefacto,0,0,0,22548
השתחוו,השתחוו,adoro,0,0,178,22548
השתחוו,השתחוו,colo,0,0,46,22548
השתחוו,השתחוו,basio,0,0,0,22548
השתחוית,השתחוית,adoro,0,0,178,22548
השתחוית,השתחוית,colo,0,0,46,22548
השתחוית,השתחוית,basio,0,0,0,22548
השתחויתי,השתחויתי,adoro,0,0,178,22548
השתחויתי,השתחויתי,colo,0,0,46,22548
השתחויתי,השתחויתי,basio,0,0,0,22548
השתחות,השתחות,adoro,0,0,178,22548
השתחות,השתחות,colo,0,0,46,22548
השתחות,השתחות,basio,0,0,0,22548
השתכח,השתכח,inuenio,0,0,379,22548
השתכח,השתכח,reperio,0,0,33,22548
השתכחת,השתכחת,inuenio,0,0,379,22548
השתכחת,השתכחת,reperio,0,0,33,22548
התאנפ,התאנף,obirascor,0,0,0,22548
התבהלה,התבהלה,studium,0,0,19,22548
התבהלה,התבהלה,nauo,0,0,0,22548
התבות,התבות,rescribo,0,0,1,22548
התבות,התבות,exaudio,0,0,135,22548
התבות,התבות,respondeo,0,0,541,22548
התהלכ,התהלך,putealis,0,0,0,22548
התהלכתי,התהלכתי,diuinus,0,0,12,22548
התהלכתי,התהלכתי,diuus,0,0,0,22548
התהלכתי,התהלכתי,inclitus,0,0,6,22548
התהלכתי,התהלכתי,putealis,0,0,0,22548
התיחש,התיחש,multitudo,0,0,267,22548
התיחש,התיחש,numero,0,0,73,22548
התיחש,התיחש,numerus,0,0,149,22548
התיצב,התיצב,sisto,0,0,0,22548
התיצב,התיצב,sto,0,0,425,22548
התיצב,התיצב,constituo,0,0,186,22548
התיצב,התיצב,erigo,0,0,60,22548
התיצבו,התיצבו,sisto,0,0,0,22548
התיצבו,התיצבו,sto,0,0,425,22548
התיצבו,התיצבו,constituo,0,0,186,22548
התיצבו,התיצבו,erigo,0,0,60,22548
התל,התל,deludifico,0,1,0,22548
התלים,התלים,risus,0,1,9,22548
התלים,התלים,rideo,0,1,18,22548
התמ,התם,impleo,0,0,171,22548
התמ,התם,compleo,0,0,35,22548
התמ,התם,repleo,0,0,77,22548
התמלי,התמלי,impleo,0,0,171,22548
התמלי,התמלי,compleo,0,0,35,22548
התמלי,התמלי,repleo,0,0,77,22548
התפאר,התפאר,gloria,0,0,214,22548
התפאר,התפאר,fama,0,0,14,22548
התפאר,התפאר,sententia,0,0,30,22548
התפאר,התפאר,existimatio,0,0,0,22548
התפאר,התפאר,laus,0,0,73,22548
התפאר,התפאר,opinio,0,0,0,22548
התפלל,התפלל,oro,0,0,95,22548
התפלל,התפלל,quaeso,0,0,25,22548
התפלל,התפלל,quonam,0,0,0,22548
והי,והי,uultus,0,0,82,22548
והי,והי,facies,0,0,497,22548
והי,והי,os,0,0,459,22548
והי,והי,ora,0,0,8,22548
והי,והי,persona,0,0,13,22548
וו,וו,hamus,0,13,4,22548
וו,וו,harpaga,0,13,0,22548
וו,וו,falx,0,13,5,22548
וו,וו,scalprum,0,13,0,22548
וו,וו,argentum,3,13,189,22548
וו,וו,argenteus,9,13,78,22548
וו,וו,cucullio,0,13,0,22548
וו,וו,phalangae,0,13,0,22548
וו,וו,aes,0,13,19,22548
וו,וו,aeris,0,13,0,22548
וו,וו,ferrum,0,13,41,22548
וו,וו,aereus,0,13,32,22548
וו,וו,aer,0,13,45,22548
וו,וו,aeneus,3,13,29,22548
וו,וו,asum,0,13,2,22548
וו,וו,aeratus,0,13,0,22548
וו,וו,aureus,2,13,142,22548
וו,וו,aurum,1,13,229,22548
וזר,וזר,iniurius,0,1,0,22548
ולד,ולד,filius,0,1,3345,22548
ולד,ולד,puer,0,1,220,22548
ולד,ולד,iuuencus,0,1,0,22548
ולד,ולד,filia,0,1,448,22548
ולד,ולד,nascor,0,1,103,22548
ולד,ולד,pueri,0,1,0,22548
ולד,ולד,puerum,0,1,0,22548
ולד,ולד,natus,0,1,2,22548
ולד,ולד,proles,0,1,0,22548
ולד,ולד,liberi,1,1,51,22548
ולד,ולד,meus,0,1,2759,22548
ושתי,ושתי,mundus,0,10,97,22548
ושתי,ושתי,purus,0,10,43,22548
זאב,זאב,lupus,5,8,5,22548
זאב,זאב,leo,3,8,94,22548
זבוב,זבוב,uolo,0,6,226,22548
זבוב,זבוב,uolito,0,6,2,22548
זבוב,זבוב,fugio,0,6,238,22548
זבוב,זבוב,effugio,0,6,23,22548
זבוב,זבוב,fuga,0,6,14,22548
זבוב,זבוב,exsilium,0,6,0,22548
זבוב,זבוב,profugio,0,6,7,22548
זבוב,זבוב,uito,0,6,2,22548
זבוב,זבוב,exsul,0,6,0,22548
זבולן,זבולן,populus,2,41,1560,22548
זבולן,זבולן,plebs,0,41,19,22548
זבולן,זבולן,uulgus,0,41,39,22548
זבולן,זבולן,terra,1,41,2254,22548
זבולן,זבולן,contio,0,41,3,22548
זבולן,זבולן,communis,0,41,9,22548
זבולן,זבולן,ecclesia,0,41,30,22548
זבולן,זבולן,ager,0,41,214,22548
זבולן,זבולן,praepinguis,0,41,0,22548
זבולן,זבולן,unguinosus,0,41,0,22548
זבח,זבח,uictima,77,245,109,22548
זבח,זבח,acerra,0,245,0,22548
זבח,זבח,sacrificium,32,245,152,22548
זבח,זבח,immolo,89,245,149,22548
זבח,זבח,sacrifico,14,245,52,22548
זבח,זבח,macto,7,245,14,22548
זבח,זבח,uictimo,0,245,0,22548
זבח,זבח,caedes,0,245,14,22548
זבח,זבח,plago,0,245,1,22548
זבח,זבח,sanguis,12,245,275,22548
זבח,זבח,mors,1,245,197,22548
זבח,זבח,occaedes,1,245,26,22548
זבח,זבח,interfacio,2,245,149,22548
זבח,זבח,interfectrix,0,245,0,22548
זבחו,זבחו,immolo,0,0,149,22548
זבחו,זבחו,macto,0,0,14,22548
זבחו,זבחו,sacrifico,0,0,52,22548
זבחו,זבחו,sacrificium,0,0,152,22548
זבחו,זבחו,uictima,0,0,109,22548
זבחו,זבחו,uictimo,0,0,0,22548
זבחי,זבחי,sacrificium,0,0,152,22548
זבחי,זבחי,immolo,0,0,149,22548
זבחי,זבחי,sacrifico,0,0,52,22548
זבחי,זבחי,uictima,0,0,109,22548
זבחימ,זבחים,sacrificium,0,0,152,22548
זבחימ,זבחים,immolo,0,0,149,22548
זבחימ,זבחים,sacrifico,0,0,52,22548
זבחימ,זבחים,uictima,0,0,109,22548
זבל,זבל,attollo,0,10,0,22548
זבל,זבל,tollo,0,10,238,22548
זבל,זבל,fero,0,10,342,22548
זבל,זבל,sustineo,0,10,60,22548
זבן,זבן,emo,0,1,59,22548
זבן,זבן,redimo,1,1,72,22548
זבן,זבן,praestino,0,1,0,22548
זד,זד,contumelia,0,12,11,22548
זד,זד,uiolo,0,12,17,22548
זד,זד,superbia,2,12,63,22548
זד,זד,insolentia,0,12,0,22548
זד,זד,uis,0,12,73,22548
זד,זד,arrogantia,1,12,7,22548
זדון,זדון,contumelia,1,11,11,22548
זדון,זדון,uiolo,0,11,17,22548
זדון,זדון,superbia,6,11,63,22548
זדון,זדון,insolentia,0,11,0,22548
זדון,זדון,uis,0,11,73,22548
זדון,זדון,arrogantia,1,11,7,22548
זהב,זהב,aureus,120,331,142,22548
זהב,זהב,aurum,197,331,229,22548
זהב,זהב,pecunia,2,331,72,22548
זהב,זהב,argenteus,28,331,78,22548
זהב,זהב,nummus,0,331,1,22548
זהב,זהב,argentum,98,331,189,22548
זהיר,זהיר,praecaueo,0,1,1,22548
זהיר,זהיר,retentus,0,1,0,22548
זהר,זהר,auerto,1,19,85,22548
זהר,זהר,reflecto,0,19,1,22548
זהר,זהר,reflagito,0,19,0,22548
זוב,זוב,fluo,17,46,46,22548
זוב,זוב,decurro,0,46,4,22548
זוב,זוב,immundus,9,46,95,22548
זוב,זוב,lac,19,46,44,22548
זוב,זוב,lacteus,0,46,0,22548
זוב,זוב,mel,19,46,54,22548
זוב,זוב,mulceo,0,46,0,22548
זוית,זוית,angulus,1,2,49,22548
זולה,זולה,praeterea,0,16,6,22548
זולה,זולה,separatim,0,16,3,22548
זולה,זולה,saluo,1,16,105,22548
זולה,זולה,nisi,0,16,96,22548
זולת,זולת,saluo,0,0,105,22548
זולת,זולת,nisi,0,0,96,22548
זולתי,זולתי,saluo,0,0,105,22548
זולתי,זולתי,nisi,0,0,96,22548
זונה,זונה,prostibilis,0,0,0,22548
זוע,זוע,tremesco,0,2,0,22548
זוע,זוע,intremo,0,2,2,22548
זוע,זוע,tremulus,0,2,0,22548
זוע,זוע,praetrepidus,0,2,0,22548
זוע,זוע,tremor,0,2,8,22548
זיו,זיו,idos,0,1,0,22548
זיו,זיו,spectus,0,1,0,22548
זיקות,זיקות,flamma,0,0,35,22548
זיקות,זיקות,ignis,0,0,336,22548
זית,זית,olea,2,34,2,22548
זית,זית,oliua,21,34,26,22548
זית,זית,oleum,9,34,174,22548
זית,זית,olearius,0,34,0,22548
זית,זית,olearis,0,34,0,22548
זית,זית,oxycomina,0,34,0,22548
זיתימ,זיתים,oleum,0,0,174,22548
זיתימ,זיתים,olearius,0,0,0,22548
זיתימ,זיתים,olearis,0,0,0,22548
זך,זך,mundus,5,11,97,22548
זך,זך,purus,3,11,43,22548
זכור,זכור,masculus,0,15,31,22548
זכור,זכור,masculinus,4,15,30,22548
זכור,זכור,mas,0,15,12,22548
זכור,זכור,moneo,0,15,4,22548
זכור,זכור,memoro,0,15,6,22548
זכור,זכור,memini,0,15,41,22548
זכור,זכור,recordor,1,15,126,22548
זכור,זכור,memor,0,15,12,22548
זכור,זכור,memoria,0,15,28,22548
זכור,זכור,mentio,0,15,0,22548
זכור,זכור,commemoro,0,15,1,22548
זכור,זכור,reuoco,0,15,7,22548
זכר,זכר,masculus,28,317,31,22548
זכר,זכר,masculinus,25,317,30,22548
זכר,זכר,mas,7,317,12,22548
זכר,זכר,moneo,0,317,4,22548
זכר,זכר,memoro,4,317,6,22548
זכר,זכר,memini,36,317,41,22548
זכר,זכר,recordor,117,317,126,22548
זכר,זכר,memor,7,317,12,22548
זכר,זכר,memoria,20,317,28,22548
זכר,זכר,mentio,0,317,0,22548
זכר,זכר,commemoro,1,317,1,22548
זכר,זכר,reuoco,0,317,7,22548
זכר,זכר,recordatus,0,317,0,22548
זכר,זכר,monumentum,2,317,15,22548
זכר,זכר,mnemosynon,0,317,0,22548
זכרו,זכרו,moneo,0,0,4,22548
זכרו,זכרו,memoro,0,0,6,22548
זכרו,זכרו,memini,0,0,41,22548
זכרו,זכרו,recordor,0,0,126,22548
זכרו,זכרו,memor,0,0,12,22548
זכרו,זכרו,memoria,0,0,28,22548
זכרו,זכרו,mentio,0,0,0,22548
זכרו,זכרו,commemoro,0,0,1,22548
זכרו,זכרו,reuoco,0,0,7,22548
זכרון,זכרון,memini,0,22,41,22548
זכרון,זכרון,monumentum,8,22,15,22548
זכרון,זכרון,mentio,0,22,0,22548
זכרון,זכרון,memoria,5,22,28,22548
זכרון,זכרון,mnemosynon,0,22,0,22548
זכרונ,זכרון,mnemosynon,0,22,0,22548
זכריה,זכריה,perbonus,0,27,0,22548
זכריה,זכריה,mensis,3,27,208,22548
זכרנ,זכרן,mnemosynon,0,0,0,22548
זכרת,זכרת,moneo,0,0,4,22548
זכרת,זכרת,memoro,0,0,6,22548
זכרת,זכרת,memini,0,0,41,22548
זכרת,זכרת,recordor,0,0,126,22548
זכרת,זכרת,memor,0,0,12,22548
זכרת,זכרת,memoria,0,0,28,22548
זכרת,זכרת,mentio,0,0,0,22548
זכרת,זכרת,commemoro,0,0,1,22548
זכרת,זכרת,reuoco,0,0,7,22548
זכרתי,זכרתי,moneo,0,0,4,22548
זכרתי,זכרתי,memoro,0,0,6,22548
זכרתי,זכרתי,memini,0,0,41,22548
זכרתי,זכרתי,recordor,0,0,126,22548
זכרתי,זכרתי,memor,0,0,12,22548
זכרתי,זכרתי,memoria,0,0,28,22548
זכרתי,זכרתי,mentio,0,0,0,22548
זכרתי,זכרתי,commemoro,0,0,1,22548
זכרתי,זכרתי,reuoco,0,0,7,22548
זמה,זמה,perducto,0,30,0,22548
זמה,זמה,impietas,0,30,34,22548
זמורה,זמורה,sagitto,0,5,4,22548
זמיר,זמיר,cantus,0,7,0,22548
זמיר,זמיר,carmen,2,7,23,22548
זמיר,זמיר,carminis,0,7,0,22548
זמיר,זמיר,membrum,0,7,7,22548
זמיר,זמיר,artus,0,7,5,22548
זמיר,זמיר,hymnus,0,7,7,22548
זמם,זמם,cogito,9,14,92,22548
זמם,זמם,meditor,0,14,25,22548
זמם,זמם,uoluto,0,14,0,22548
זמם,זמם,indubito,0,14,0,22548
זמם,זמם,altercatio,0,14,0,22548
זמם,זמם,uoluo,0,14,3,22548
זמם,זמם,agito,0,14,3,22548
זמן,זמן,hora,0,13,14,22548
זמן,זמן,tempus,11,13,407,22548
זמן,זמן,prospicus,0,13,0,22548
זמנ,זמן,tempus,11,13,407,22548
זמנ,זמן,occasio,0,13,6,22548
זמנ,זמן,facultas,0,13,2,22548
זמנ,זמן,potestas,0,13,42,22548
זמנ,זמן,tum,0,13,2,22548
זמנ,זמן,longus,0,13,36,22548
זמנ,זמן,diu,0,13,1,22548
זמנ,זמן,aetas,1,13,23,22548
זמנ,זמן,temporis,0,13,0,22548
זמני,זמני,tempus,0,0,407,22548
זמני,זמני,tum,0,0,2,22548
זמני,זמני,longus,0,0,36,22548
זמני,זמני,diu,0,0,1,22548
זמני,זמני,aetas,0,0,23,22548
זמני,זמני,temporis,0,0,0,22548
זמנינ,זמנין,tempus,0,0,407,22548
זמנינ,זמנין,occasio,0,0,6,22548
זמנינ,זמנין,facultas,0,0,2,22548
זמנינ,זמנין,potestas,0,0,42,22548
זמרה,זמרה,psalmus,0,8,20,22548
זמרה,זמרה,chelys,0,8,0,22548
זמרת,זמרת,dilaudo,0,0,0,22548
זמרת,זמרת,collaudatio,0,0,0,22548
זן,זן,progenies,0,10,12,22548
זן,זן,familia,0,10,182,22548
זן,זן,gener,0,10,12,22548
זן,זן,genu,0,10,27,22548
זן,זן,cognatio,0,10,146,22548
זן,זן,natio,0,10,51,22548
זן,זן,genus,4,10,65,22548
זן,זן,gentis,0,10,0,22548
זן,זן,stirps,0,10,51,22548
זן,זן,gens,0,10,462,22548
זן,זן,generis,0,10,0,22548
זן,זן,species,0,10,26,22548
זן,זן,figura,0,10,7,22548
זן,זן,modus,0,10,46,22548
זן,זן,quasi,0,10,708,22548
זן,זן,sicut,0,10,851,22548
זן,זן,similis,0,10,91,22548
זן,זן,talis,0,10,46,22548
זן,זן,tantus,0,10,17,22548
זנב,זנב,cauda,7,11,15,22548
זנב,זנב,exstruo,0,11,17,22548
זנב,זנב,percurso,0,11,0,22548
זנה,זנה,fornicatio,10,81,35,22548
זנה,זנה,idololatria,0,81,0,22548
זנה,זנה,prostibilis,0,81,0,22548
זנונים,זנונים,fornicatio,8,10,35,22548
זנונים,זנונים,idololatria,0,10,0,22548
זנות,זנות,prostibilis,0,9,0,22548
זנות,זנות,fornicatio,9,9,35,22548
זנות,זנות,idololatria,0,9,0,22548
זנח,זנח,odoratus,0,20,1,22548
זנח,זנח,olfactus,0,20,0,22548
זנחת,זנחת,uerutum,0,0,0,22548
זני,זני,progenies,0,0,12,22548
זני,זני,familia,0,0,182,22548
זני,זני,gener,0,0,12,22548
זני,זני,genu,0,0,27,22548
זני,זני,cognatio,0,0,146,22548
זני,זני,natio,0,0,51,22548
זני,זני,genus,0,0,65,22548
זני,זני,gentis,0,0,0,22548
זני,זני,stirps,0,0,51,22548
זני,זני,gens,0,0,462,22548
זני,זני,generis,0,0,0,22548
זנק,זנק,subsilio,0,1,1,22548
זעה,זעה,sudor,1,1,2,22548
זעה,זעה,sudo,0,1,1,22548
זעה,זעה,insudo,0,1,0,22548
זעיר,זעיר,paruus,0,3,104,22548
זעיר,זעיר,exiguus,0,3,1,22548
זעיר,זעיר,paulum,0,3,0,22548
זעיר,זעיר,breuis,0,3,8,22548
זעיר,זעיר,modicus,2,3,23,22548
זעיר,זעיר,paulus,0,3,3,22548
זעיר,זעיר,paucus,0,3,30,22548
זעיר,זעיר,paene,0,3,5,22548
זעיר,זעיר,prope,0,3,30,22548
זעיר,זעיר,fere,0,3,0,22548
זעך,זעך,exstinguo,0,1,2,22548
זעך,זעך,restinguo,0,1,0,22548
זעך,זעך,inaresco,0,1,0,22548
זעם,זעם,ergo,0,27,727,22548
זעם,זעם,igitur,0,27,327,22548
זעם,זעם,maledictio,0,27,38,22548
זעם,זעם,prex,0,27,27,22548
זעם,זעם,tum,0,27,2,22548
זעם,זעם,animus,0,27,39,22548
זעם,זעם,spiritus,0,27,241,22548
זעם,זעם,furor,10,27,217,22548
זעם,זעם,ira,7,27,119,22548
זעם,זעם,cor,1,27,642,22548
זעם,זעם,pectus,0,27,8,22548
זעם,זעם,amor,0,27,13,22548
זעם,זעם,mens,0,27,38,22548
זעם,זעם,libido,0,27,5,22548
זעם,זעם,pectoralis,0,27,0,22548
זעם,זעם,animi,0,27,0,22548
זעם,זעם,iracundia,0,27,33,22548
זעמ,זעם,ira,7,27,119,22548
זעמ,זעם,furor,10,27,217,22548
זעמ,זעם,iracundia,0,27,33,22548
זעק,זעק,clamo,42,71,180,22548
זעק,זעק,uociferor,1,71,3,22548
זעק,זעק,exclamo,3,71,12,22548
זעק,זעק,clamor,3,71,62,22548
זעקה,זעקה,clamor,16,18,62,22548
זעקה,זעקה,clamatus,0,18,0,22548
זפת,זפת,pissinus,0,2,0,22548
זפת,זפת,pix,2,2,2,22548
זקן,זקן,uetus,0,214,24,22548
זקן,זקן,senex,129,214,145,22548
זקן,זקן,antiquus,1,214,40,22548
זקן,זקן,grandaeuus,0,214,0,22548
זקן,זקן,natus,0,214,2,22548
זקן,זקן,uetero,0,214,0,22548
זקן,זקן,legatus,0,214,8,22548
זקן,זקן,orator,0,214,0,22548
זקן,זקן,presbyter,0,214,0,22548
זקנ,זקן,bule,0,214,0,22548
זקנ,זקן,senectus,3,214,17,22548
זקנ,זקן,senium,0,214,0,22548
זקנ,זקן,aetas,7,214,23,22548
זקנ,זקן,legatus,0,214,8,22548
זקנ,זקן,orator,0,214,0,22548
זקנ,זקן,senex,129,214,145,22548
זקנ,זקן,uetus,0,214,24,22548
זקנ,זקן,natus,0,214,2,22548
זקנ,זקן,antiquus,1,214,40,22548
זקנ,זקן,presbyter,0,214,0,22548
זקנ,זקן,uetustas,0,214,5,22548
זקנ,זקן,barba,15,214,17,22548
זקנ,זקן,barbio,0,214,0,22548
זקנ,זקן,barbitium,0,214,0,22548
זקנה,זקנה,senectus,4,6,17,22548
זקנה,זקנה,senium,0,6,0,22548
זקנה,זקנה,aetas,0,6,23,22548
זקני,זקני,heros,0,0,0,22548
זקני,זקני,qui,0,0,6495,22548
זקני,זקני,iste,0,0,633,22548
זקני,זקני,maritus,0,0,29,22548
זקני,זקני,uir,0,0,1154,22548
זקני,זקני,homo,0,0,780,22548
זקני,זקני,uiri,0,0,0,22548
זקני,זקני,uirum,0,0,0,22548
זקני,זקני,uiro,0,0,0,22548
זקני,זקני,bule,0,0,0,22548
זקני,זקני,legatus,0,0,8,22548
זקני,זקני,orator,0,0,0,22548
זקני,זקני,senex,0,0,145,22548
זקני,זקני,uetus,0,0,24,22548
זקני,זקני,natus,0,0,2,22548
זקני,זקני,antiquus,0,0,40,22548
זקני,זקני,presbyter,0,0,0,22548
זקנים,זקנים,senectus,2,4,17,22548
זקנים,זקנים,senium,0,4,0,22548
זקנים,זקנים,aetas,0,4,23,22548
זקנימ,זקנים,bule,0,4,0,22548
זקנימ,זקנים,legatus,0,4,8,22548
זקנימ,זקנים,orator,0,4,0,22548
זקנימ,זקנים,senex,2,4,145,22548
זקנימ,זקנים,uetus,0,4,24,22548
זקנימ,זקנים,natus,0,4,2,22548
זקנימ,זקנים,antiquus,0,4,40,22548
זקנימ,זקנים,presbyter,0,4,0,22548
זקנת,זקנת,senectus,0,0,17,22548
זקנת,זקנת,senium,0,0,0,22548
זקנת,זקנת,aetas,0,0,23,22548
זקנתי,זקנתי,uetero,0,0,0,22548
זקנתי,זקנתי,senectus,0,0,17,22548
זר,זר,exter,0,80,10,22548
זר,זר,externus,3,80,5,22548
זר,זר,alienus,46,80,158,22548
זר,זר,terminus,0,80,162,22548
זר,זר,balteus,0,80,16,22548
זר,זר,stadiatus,0,80,0,22548
זרה,זרה,uentus,3,39,52,22548
זרה,זרה,aura,0,39,3,22548
זרה,זרה,flatus,0,39,5,22548
זרה,זרה,spiritus,0,39,241,22548
זרה,זרה,eurus,0,39,1,22548
זרה,זרה,uenti,0,39,0,22548
זרה,זרה,diffundo,0,39,7,22548
זרה,זרה,regio,0,39,158,22548
זרה,זרה,terra,13,39,2254,22548
זרה,זרה,locus,0,39,513,22548
זרה,זרה,finis,0,39,137,22548
זרה,זרה,ager,1,39,214,22548
זרה,זרה,rus,0,39,1,22548
זרוע,זרוע,lacertus,1,80,1,22548
זרוע,זרוע,uis,1,80,73,22548
זרוע,זרוע,robur,1,80,46,22548
זרוע,זרוע,fortitudo,11,80,232,22548
זרוע,זרוע,potentia,0,80,17,22548
זרח,זרח,exsurgo,0,39,1,22548
זרח,זרח,assurgo,0,39,3,22548
זרח,זרח,sol,7,39,131,22548
זרח,זרח,phoebus,0,39,0,22548
זרח,זרח,solis,0,39,0,22548
זרח,זרח,uir,2,39,1154,22548
זרח,זרח,homo,1,39,780,22548
זרח,זרח,mortalis,0,39,3,22548
זרימ,זרים,exter,0,0,10,22548
זרימ,זרים,externus,0,0,5,22548
זרימ,זרים,alienus,0,0,158,22548
זרם,זרם,imber,1,8,26,22548
זרם,זרם,pluuia,1,8,43,22548
זרם,זרם,munimentum,0,8,4,22548
זרמ,זרם,populus,0,8,1560,22548
זרמ,זרם,qui,2,8,6495,22548
זרמ,זרם,humanus,0,8,7,22548
זרמ,זרם,iste,0,8,633,22548
זרמ,זרם,orbis,0,8,39,22548
זרמ,זרם,plebs,0,8,19,22548
זרמ,זרם,mundum,0,8,0,22548
זרמ,זרם,uir,1,8,1154,22548
זרמ,זרם,homo,0,8,780,22548
זרע,זרע,lacertus,0,241,1,22548
זרע,זרע,gens,12,241,462,22548
זרע,זרע,genus,6,241,65,22548
זרע,זרע,progenies,4,241,12,22548
זרע,זרע,generatio,7,241,142,22548
זרע,זרע,saeculum,0,241,46,22548
זרע,זרע,natio,1,241,51,22548
זרע,זרע,sero,17,241,38,22548
זרע,זרע,semino,18,241,21,22548
זרע,זרע,cohors,0,241,0,22548
זרע,זרע,semen,171,241,186,22548
זרע,זרע,stirps,7,241,51,22548
זרע,זרע,proles,0,241,0,22548
זרע,זרע,semento,0,241,0,22548
זרע,זרע,sementis,20,241,21,22548
זרעת,זרעת,lacertus,0,0,1,22548
זרק,זרק,iacio,0,33,25,22548
זרק,זרק,proicio,0,33,121,22548
זרק,זרק,reiecto,0,33,0,22548
זרת,זרת,pollicaris,0,5,0,22548
חבא,חבא,celo,0,33,45,22548
חבא,חבא,abscondo,22,33,141,22548
חבא,חבא,occulo,0,33,1,22548
חבא,חבא,operio,0,33,159,22548
חבא,חבא,spelunca,6,33,36,22548
חבא,חבא,antrum,1,33,5,22548
חבא,חבא,specus,0,33,3,22548
חבולה,חבולה,iniurius,0,0,0,22548
חבולה,חבולה,noceo,0,0,12,22548
חבולה,חבולה,improbus,0,0,1,22548
חבולה,חבולה,malus,0,0,201,22548
חבולה,חבולה,miseria,0,0,12,22548
חבולה,חבולה,calamitas,0,0,11,22548
חבולה,חבולה,negotium,0,0,12,22548
חבולה,חבולה,molestia,0,0,1,22548
חבולה,חבולה,opera,0,0,4,22548
חבולה,חבולה,mala,0,0,0,22548
חבולה,חבולה,tribulatio,0,0,68,22548
חבורה,חבורה,sanguinarius,0,6,0,22548
חבורה,חבורה,uulnus,4,6,25,22548
חבורה,חבורה,plaga,2,6,187,22548
חבורה,חבורה,saucius,0,6,0,22548
חבורה,חבורה,uulnero,1,6,29,22548
חבט,חבט,decutio,0,5,0,22548
חביון,חביון,uelaris,0,0,0,22548
חביון,חביון,obnubo,0,0,0,22548
חבל,חבל,occidium,0,87,0,22548
חבל,חבל,circumcurro,0,87,0,22548
חבל,חבל,circumsecus,0,87,0,22548
חבל,חבל,funis,16,87,27,22548
חבל,חבל,restis,0,87,0,22548
חבל,חבל,resticula,0,87,1,22548
חבל,חבל,tortum,0,87,0,22548
חבל,חבל,chorus,0,87,33,22548
חבלה,חבלה,hercules,0,1,0,22548
חבלה,חבלה,edepol,0,1,0,22548
חבלה,חבלה,pol,0,1,0,22548
חבלה,חבלה,pignus,1,1,14,22548
חבלה,חבלה,fidelitas,0,1,0,22548
חבלה,חבלה,fides,0,1,28,22548
חבלה,חבלה,fidelis,0,1,38,22548
חבלה,חבלה,fidus,0,1,0,22548
חבלימ,חבלים,funis,0,2,27,22548
חבלימ,חבלים,restis,0,2,0,22548
חבלימ,חבלים,resticula,0,2,1,22548
חבלימ,חבלים,tortum,0,2,0,22548
חבק,חבק,saluto,0,14,23,22548
חבק,חבק,consaluto,0,14,0,22548
חבק,חבק,comprehendo,0,14,23,22548
חבק,חבק,amo,0,14,68,22548
חבק,חבק,diligo,0,14,173,22548
חבק,חבק,soleo,0,14,51,22548
חבק,חבק,caritas,0,14,9,22548
חבק,חבק,osculum,1,14,4,22548
חבק,חבק,amor,0,14,13,22548
חבר,חבר,consors,0,51,0,22548
חברה,חברה,insidiae,0,1,52,22548
חברה,חברה,agmen,0,1,15,22548
חברה,חברה,societas,0,1,3,22548
חברה,חברה,ordo,0,1,56,22548
חברה,חברה,acies,0,1,27,22548
חברה,חברה,iubeo,0,1,75,22548
חברה,חברה,frons,0,1,45,22548
חברה,חברה,dignitas,0,1,7,22548
חברה,חברה,postis,0,1,14,22548
חברו,חברו,amicus,0,0,104,22548
חברו,חברו,carus,0,0,4,22548
חברו,חברו,dilectus,0,0,21,22548
חברו,חברו,familiaris,0,0,0,22548
חברת,חברת,sanguinarius,0,4,0,22548
חברת,חברת,collecta,0,4,2,22548
חבש,חבש,sano,4,29,42,22548
חבש,חבש,medeor,2,29,4,22548
חבש,חבש,curo,1,29,19,22548
חבש,חבש,remedio,0,29,0,22548
חבש,חבש,panis,2,29,255,22548
חבש,חבש,asininus,0,29,0,22548
חבש,חבש,asina,2,29,24,22548
חבש,חבש,asinus,8,29,96,22548
חג,חג,ferior,0,55,0,22548
חג,חג,ecclesia,1,55,30,22548
חג,חג,mensis,16,55,208,22548
חגג,חגג,septimus,3,14,112,22548
חגג,חגג,mensis,3,14,208,22548
חגו,חגו,olim,0,3,6,22548
חגור,חגור,cingulum,0,5,2,22548
חגור,חגור,balteus,2,5,16,22548
חגור,חגור,zona,0,5,3,22548
חגורה,חגורה,cingulum,0,6,2,22548
חגורה,חגורה,balteus,3,6,16,22548
חגורה,חגורה,zona,1,6,3,22548
חגי,חגי,mensis,0,5,208,22548
חגלה,חגלה,populus,0,7,1560,22548
חגלה,חגלה,plebs,0,7,19,22548
חגלה,חגלה,uulgus,0,7,39,22548
חגלה,חגלה,terra,0,7,2254,22548
חגלה,חגלה,contio,0,7,3,22548
חגלה,חגלה,communis,0,7,9,22548
חגלה,חגלה,ecclesia,0,7,30,22548
חגלה,חגלה,ager,0,7,214,22548
חגלה,חגלה,praepinguis,0,7,0,22548
חגלה,חגלה,unguinosus,0,7,0,22548
חגלה,חגלה,morbus,0,7,0,22548
חגלה,חגלה,pestis,0,7,24,22548
חגלה,חגלה,lues,0,7,0,22548
חגלה,חגלה,ualetudo,0,7,0,22548
חגלה,חגלה,infirmitas,0,7,25,22548
חגר,חגר,praecingo,0,38,1,22548
חגר,חגר,cilicium,6,38,14,22548
חגר,חגר,saccus,6,38,40,22548
חד,חד,acuo,0,14,8,22548
חד,חד,acer,0,14,0,22548
חדה,חדה,acuo,0,4,8,22548
חדה,חדה,acer,0,4,0,22548
חדה,חדה,primus,0,4,161,22548
חדה,חדה,capularis,0,4,0,22548
חדו,חדו,sisto,0,0,0,22548
חדו,חדו,sto,0,0,425,22548
חדו,חדו,constituo,0,0,186,22548
חדו,חדו,erigo,0,0,60,22548
חדל,חדל,concesso,0,59,0,22548
חדל,חדל,ulter,0,59,0,22548
חדל,חדל,decoctum,0,59,0,22548
חדל,חדל,decima,0,59,24,22548
חדל,חדל,cesso,14,59,77,22548
חדל,חדל,desino,2,59,13,22548
חדל,חדל,desisto,0,59,2,22548
חדל,חדל,maneo,0,59,122,22548
חדל,חדל,finis,1,59,137,22548
חדקל,חדקל,tigris,1,1,2,22548
חדר,חדר,domus,5,33,1485,22548
חדר,חדר,regia,0,33,9,22548
חדר,חדר,aula,0,33,3,22548
חדר,חדר,atrium,0,33,100,22548
חדר,חדר,thalamus,1,33,13,22548
חדר,חדר,cubiculum,17,33,23,22548
חדר,חדר,dispensatio,0,33,0,22548
חדר,חדר,apotheca,0,33,4,22548
חדר,חדר,uitiarium,0,33,0,22548
חדש,חדש,nouus,47,278,83,22548
חדש,חדש,mustus,1,278,3,22548
חדש,חדש,mensis,190,278,208,22548
חדש,חדש,interlunis,0,278,0,22548
חדש,חדש,interlunium,0,278,0,22548
חדשה,חדשה,nouus,0,0,83,22548
חדשה,חדשה,mustus,0,0,3,22548
חדשות,חדשות,nouus,0,0,83,22548
חדשות,חדשות,mustus,0,0,3,22548
חדשימ,חדשים,nouus,0,0,83,22548
חדשימ,חדשים,mustus,0,0,3,22548
חדת,חדת,nouus,1,1,83,22548
חדת,חדת,mustus,0,1,3,22548
חדת,חדת,iuuenis,0,1,59,22548
חדת,חדת,adulescens,0,1,28,22548
חדת,חדת,puer,0,1,220,22548
חדת,חדת,adulescentia,0,1,42,22548
חדת,חדת,iuuentus,0,1,7,22548
חדת,חדת,iuuenta,0,1,0,22548
חדת,חדת,aetas,0,1,23,22548
חוג,חוג,circulus,0,3,28,22548
חוג,חוג,orbis,0,3,39,22548
חוה,חוה,adoro,155,185,178,22548
חוה,חוה,colo,11,185,46,22548
חוה,חוה,basio,0,185,0,22548
חוח,חוח,angulus,0,10,49,22548
חוט,חוט,lanugino,0,7,0,22548
חוט,חוט,lineus,0,7,7,22548
חוט,חוט,linum,0,7,9,22548
חוט,חוט,resticula,0,7,1,22548
חוי,חוי,felicito,0,25,0,22548
חוי,חוי,cybaeus,0,25,0,22548
חול,חול,arena,0,33,0,22548
חול,חול,harena,4,33,5,22548
חול,חול,harenosus,0,33,0,22548
חול,חול,ceu,0,33,0,22548
חול,חול,uelut,1,33,42,22548
חול,חול,multitudo,4,33,267,22548
חול,חול,turba,0,33,30,22548
חול,חול,populus,5,33,1560,22548
חול,חול,plebs,0,33,19,22548
חול,חול,numero,1,33,73,22548
חול,חול,numerus,2,33,149,22548
חום,חום,probata,0,4,0,22548
חום,חום,protentus,0,4,0,22548
חומ,חום,protentus,0,4,0,22548
חומה,חומה,murus,111,120,158,22548
חומה,חומה,moenia,1,120,5,22548
חומה,חומה,paries,0,120,67,22548
חומה,חומה,moene,0,120,0,22548
חומת,חומת,murus,0,0,158,22548
חומת,חומת,moenia,0,0,5,22548
חומת,חומת,paries,0,0,67,22548
חומת,חומת,moene,0,0,0,22548
חוס,חוס,misericordia,1,25,243,22548
חוס,חוס,misero,0,25,2,22548
חוס,חוס,misereor,8,25,82,22548
חוס,חוס,misereo,3,25,10,22548
חוס,חוס,clementia,0,25,8,22548
חוס,חוס,noctua,0,25,2,22548
חוס,חוס,miseratio,1,25,23,22548
חוס,חוס,luctus,0,25,20,22548
חוס,חוס,ostendo,0,25,147,22548
חוס,חוס,monstro,0,25,12,22548
חוס,חוס,exhibeo,0,25,1,22548
חוס,חוס,uideo,1,25,1044,22548
חוס,חוס,appareo,0,25,131,22548
חוס,חוס,probo,0,25,58,22548
חוס,חוס,pareo,0,25,14,22548
חוס,חוס,parco,18,25,65,22548
חוס,חוס,imperco,0,25,0,22548
חוף,חוף,litus,4,6,12,22548
חוף,חוף,ora,0,6,8,22548
חוף,חוף,litoreus,0,6,0,22548
חוף,חוף,ripa,0,6,17,22548
חוף,חוף,frumentarius,0,6,0,22548
חוף,חוף,saburra,0,6,0,22548
חוף,חוף,salum,0,6,1,22548
חופ,חוף,litus,4,6,12,22548
חופ,חוף,ora,0,6,8,22548
חופ,חוף,salum,0,6,1,22548
חוץ,חוץ,sextus,0,157,31,22548
חוץ,חוץ,praeter,0,157,29,22548
חוץ,חוץ,sextarius,0,157,6,22548
חוץ,חוץ,extra,35,157,62,22548
חוץ,חוץ,extrinsecus,5,157,7,22548
חוץ,חוץ,insitium,0,157,0,22548
חוצ,חוץ,extra,35,157,62,22548
חוצ,חוץ,extrinsecus,5,157,7,22548
חוצות,חוצות,exitus,0,0,17,22548
חורן,חורן,termino,0,7,2,22548
חוש,חוש,propero,0,20,17,22548
חוש,חוש,festino,13,20,64,22548
חוש,חוש,urgeo,0,20,7,22548
חושי,חושי,socius,0,13,31,22548
חושי,חושי,comes,0,13,6,22548
חושי,חושי,amicus,4,13,104,22548
חושי,חושי,sodalis,0,13,2,22548
חושי,חושי,commilito,0,13,0,22548
חותם,חותם,signum,0,14,116,22548
חותם,חותם,insigne,0,14,0,22548
חותם,חותם,obsigno,0,14,1,22548
חזה,חזה,studium,0,87,19,22548
חזה,חזה,aspicio,2,87,36,22548
חזה,חזה,uideo,54,87,1044,22548
חזה,חזה,cerno,1,87,61,22548
חזה,חזה,conspicio,1,87,7,22548
חזה,חזה,animaduerto,0,87,5,22548
חזה,חזה,obseruo,1,87,56,22548
חזה,חזה,propheta,12,87,281,22548
חזה,חזה,expositor,0,87,0,22548
חזה,חזה,fallo,0,87,2,22548
חזו,חזו,tuor,0,3,0,22548
חזוי,חזוי,tuor,0,0,0,22548
חזוי,חזוי,cernentia,0,0,0,22548
חזון,חזון,uisio,20,22,63,22548
חזון,חזון,oculus,0,22,475,22548
חזון,חזון,species,0,22,26,22548
חזון,חזון,uisus,0,22,3,22548
חזון,חזון,cernentia,0,22,0,22548
חזון,חזון,tuor,0,22,0,22548
חזונ,חזון,tuor,0,22,0,22548
חזונ,חזון,cernentia,0,22,0,22548
חזונ,חזון,somnus,0,22,25,22548
חזונ,חזון,sopor,0,22,13,22548
חזונ,חזון,dormio,0,22,169,22548
חזונ,חזון,soporus,0,22,0,22548
חזות,חזות,calathus,0,3,2,22548
חזות,חזות,uisio,2,3,63,22548
חזות,חזות,oculus,0,3,475,22548
חזות,חזות,species,0,3,26,22548
חזות,חזות,uisus,0,3,3,22548
חזיון,חזיון,uisio,8,10,63,22548
חזיון,חזיון,oculus,0,10,475,22548
חזיון,חזיון,species,0,10,26,22548
חזיון,חזיון,uisus,0,10,3,22548
חזימ,חזים,uideo,0,0,1044,22548
חזימ,חזים,cerno,0,0,61,22548
חזימ,חזים,conspicio,0,0,7,22548
חזימ,חזים,aspicio,0,0,36,22548
חזימ,חזים,animaduerto,0,0,5,22548
חזימ,חזים,obseruo,0,0,56,22548
חזינ,חזין,studium,0,0,19,22548
חזינ,חזין,aspicio,0,0,36,22548
חזיר,חזיר,aper,1,9,1,22548
חזיר,חזיר,suillus,1,9,1,22548
חזיר,חזיר,porcus,0,9,0,22548
חזיר,חזיר,caro,3,9,229,22548
חזיר,חזיר,uiscera,0,9,18,22548
חזיר,חזיר,uiscus,0,9,1,22548
חזיר,חזיר,cadauer,1,9,51,22548
חזיר,חזיר,orthagoriscus,0,9,0,22548
חזיר,חזיר,porcellus,0,9,0,22548
חזיתונ,חזיתון,uideo,0,0,1044,22548
חזיתונ,חזיתון,cerno,0,0,61,22548
חזיתונ,חזיתון,conspicio,0,0,7,22548
חזיתונ,חזיתון,aspicio,0,0,36,22548
חזיתונ,חזיתון,animaduerto,0,0,5,22548
חזיתונ,חזיתון,obseruo,0,0,56,22548
חזק,חזק,obtineo,8,310,28,22548
חזק,חזק,ualidus,6,310,15,22548
חזק,חזק,fortis,32,310,262,22548
חזק,חזק,robustus,16,310,77,22548
חזק,חזק,firmus,1,310,25,22548
חזק,חזק,uehemens,2,310,16,22548
חזק,חזק,uis,1,310,73,22548
חזק,חזק,robur,2,310,46,22548
חזק,חזק,fortitudo,12,310,232,22548
חזק,חזק,potentia,2,310,17,22548
חזק,חזק,manus,71,310,1333,22548
חזק,חזק,arma,0,310,33,22548
חזק,חזק,bracchium,13,310,69,22548
חזקה,חזקה,altipotens,0,12,0,22548
חזקו,חזקו,praeualeo,0,0,9,22548
חח,חח,spina,0,7,30,22548
חטא,חטא,desidero,1,257,42,22548
חטא,חטא,erro,0,257,37,22548
חטא,חטא,culpa,1,257,7,22548
חטא,חטא,desum,0,257,22,22548
חטא,חטא,pecco,147,257,182,22548
חטא,חטא,error,2,257,23,22548
חטא,חטא,peccatum,91,257,341,22548
חטא,חטא,peccator,22,257,26,22548
חטא,חטא,peccatrix,1,257,1,22548
חטאה,חטאה,pecco,6,13,182,22548
חטאה,חטאה,error,0,13,23,22548
חטאה,חטאה,peccatum,11,13,341,22548
חטאה,חטאה,desidero,0,13,42,22548
חטאה,חטאה,erro,0,13,37,22548
חטאה,חטאה,culpa,0,13,7,22548
חטאה,חטאה,desum,0,13,22,22548
חטאו,חטאו,desidero,0,0,42,22548
חטאו,חטאו,erro,0,0,37,22548
חטאו,חטאו,culpa,0,0,7,22548
חטאו,חטאו,desum,0,0,22,22548
חטאות,חטאות,pecco,0,0,182,22548
חטאות,חטאות,error,0,0,23,22548
חטאות,חטאות,peccatum,0,0,341,22548
חטאימ,חטאים,desidero,0,0,42,22548
חטאימ,חטאים,erro,0,0,37,22548
חטאימ,חטאים,culpa,0,0,7,22548
חטאימ,חטאים,desum,0,0,22,22548
חטאימ,חטאים,peccator,0,0,26,22548
חטאימ,חטאים,peccatrix,0,0,1,22548
חטאנו,חטאנו,desidero,0,0,42,22548
חטאנו,חטאנו,erro,0,0,37,22548
חטאנו,חטאנו,culpa,0,0,7,22548
חטאנו,חטאנו,desum,0,0,22,22548
חטאת,חטאת,iniquitas,45,266,339,22548
חטאת,חטאת,iniustus,0,266,4,22548
חטאת,חטאת,desidero,0,266,42,22548
חטאת,חטאת,erro,0,266,37,22548
חטאת,חטאת,culpa,1,266,7,22548
חטאת,חטאת,desum,0,266,22,22548
חטאת,חטאת,pecco,37,266,182,22548
חטאת,חטאת,error,1,266,23,22548
חטאת,חטאת,peccatum,244,266,341,22548
חטאת,חטאת,perducto,0,266,0,22548
חטאת,חטאת,capra,4,266,24,22548
חטאת,חטאת,caper,0,266,3,22548
חטאת,חטאת,hircus,6,266,29,22548
חטאת,חטאת,caprinus,0,266,0,22548
חטאת,חטאת,hircinus,0,266,0,22548
חטאתי,חטאתי,desidero,0,0,42,22548
חטאתי,חטאתי,erro,0,0,37,22548
חטאתי,חטאתי,culpa,0,0,7,22548
חטאתי,חטאתי,desum,0,0,22,22548
חטה,חטה,triticum,11,28,33,22548
חטה,חטה,cibus,0,28,99,22548
חטה,חטה,frumentum,10,28,54,22548
חטה,חטה,seges,0,28,18,22548
חטה,חטה,panis,2,28,255,22548
חטה,חטה,frumentarius,0,28,0,22548
חטה,חטה,granum,0,28,2,22548
חטה,חטה,esca,0,28,27,22548
חטה,חטה,oleum,4,28,174,22548
חטה,חטה,olearius,0,28,0,22548
חטה,חטה,olearis,0,28,0,22548
חטה,חטה,messio,0,28,1,22548
חטה,חטה,hordeum,10,28,28,22548
חטה,חטה,hordeius,0,28,0,22548
חטם,חטם,sustineo,0,1,60,22548
חטם,חטם,retineo,0,1,11,22548
חטם,חטם,possessio,0,1,165,22548
חטם,חטם,teneo,0,1,116,22548
חטם,חטם,prohibeo,0,1,39,22548
חטם,חטם,impedio,0,1,0,22548
חטם,חטם,ueto,0,1,0,22548
חטר,חטר,sagitto,0,2,4,22548
חי,חי,uiuo,132,164,365,22548
חי,חי,habito,6,164,514,22548
חי,חי,uiuus,8,164,29,22548
חי,חי,uita,4,164,169,22548
חי,חי,anima,21,164,602,22548
חי,חי,uictus,0,164,5,22548
חי,חי,cernentia,0,164,0,22548
חי,חי,tuor,0,164,0,22548
חי,חי,ualeo,0,164,38,22548
חי,חי,saluus,1,164,64,22548
חי,חי,ualetudo,0,164,0,22548
חי,חי,puteus,3,164,37,22548
חידה,חידה,tenebrosus,0,15,12,22548
חידה,חידה,fama,2,15,14,22548
חידה,חידה,rumor,0,15,1,22548
חידה,חידה,defero,0,15,42,22548
חידה,חידה,nuntio,0,15,122,22548
חידה,חידה,defensa,0,15,0,22548
חידה,חידה,triceni,0,15,0,22548
חידה,חידה,triginta,3,15,146,22548
חידות,חידות,defensa,0,0,0,22548
חיה,חיה,fera,1,355,3,22548
חיה,חיה,bestia,52,355,81,22548
חיה,חיה,belua,0,355,0,22548
חיה,חיה,ferus,2,355,3,22548
חיה,חיה,iumentum,13,355,117,22548
חיה,חיה,animal,17,355,43,22548
חיה,חיה,tempus,10,355,407,22548
חיה,חיה,occasio,1,355,6,22548
חיה,חיה,facultas,0,355,2,22548
חיה,חיה,potestas,0,355,42,22548
חיוה,חיוה,bestia,1,1,81,22548
חיוה,חיוה,iumentum,0,1,117,22548
חיוה,חיוה,animal,0,1,43,22548
חיוה,חיוה,fera,0,1,3,22548
חיוה,חיוה,belua,0,1,0,22548
חיוה,חיוה,ferus,0,1,3,22548
חיונ,חיון,fera,0,0,3,22548
חיונ,חיון,bestia,0,0,81,22548
חיונ,חיון,belua,0,0,0,22548
חיונ,חיון,ferus,0,0,3,22548
חיונ,חיון,iumentum,0,0,117,22548
חיונ,חיון,animal,0,0,43,22548
חיות,חיות,furcillo,0,1,0,22548
חיות,חיות,fera,0,1,3,22548
חיות,חיות,bestia,0,1,81,22548
חיות,חיות,belua,0,1,0,22548
חיות,חיות,ferus,0,1,3,22548
חיות,חיות,iumentum,0,1,117,22548
חיות,חיות,animal,0,1,43,22548
חיי,חיי,uita,0,0,169,22548
חיי,חיי,anima,0,0,602,22548
חיי,חיי,uictus,0,0,5,22548
חיים,חיים,aeuum,0,197,1,22548
חיים,חיים,saeculum,1,197,46,22548
חיים,חיים,aetas,0,197,23,22548
חיים,חיים,uita,125,197,169,22548
חיים,חיים,aeternus,4,197,162,22548
חיים,חיים,sempiternus,3,197,188,22548
חיים,חיים,anima,22,197,602,22548
חיים,חיים,arcuo,0,197,0,22548
חיים,חיים,catonium,0,197,0,22548
חיים,חיים,uictus,1,197,5,22548
חיים,חיים,spiritus,6,197,241,22548
חיים,חיים,animus,1,197,39,22548
חיים,חיים,mens,0,197,38,22548
חיים,חיים,animae,0,197,0,22548
חיימ,חיים,uita,125,197,169,22548
חיימ,חיים,anima,22,197,602,22548
חיימ,חיים,uictus,1,197,5,22548
חיין,חיין,aeuum,0,0,1,22548
חיין,חיין,saeculum,0,0,46,22548
חיין,חיין,aetas,0,0,23,22548
חיין,חיין,uita,0,0,169,22548
חיין,חיין,aeternus,0,0,162,22548
חיין,חיין,sempiternus,0,0,188,22548
חיין,חיין,anima,0,0,602,22548
חיין,חיין,arcuo,0,0,0,22548
חיין,חיין,catonium,0,0,0,22548
חיין,חיין,uictus,0,0,5,22548
חיין,חיין,spiritus,0,0,241,22548
חיין,חיין,animus,0,0,39,22548
חיין,חיין,mens,0,0,38,22548
חיין,חיין,animae,0,0,0,22548
חיינ,חיין,uita,0,0,169,22548
חיינ,חיין,anima,0,0,602,22548
חיינ,חיין,uictus,0,0,5,22548
חיל,חיל,exspecto,1,277,36,22548
חיל,חיל,manto,0,277,0,22548
חיל,חיל,exercitus,76,277,467,22548
חיל,חיל,copia,0,277,6,22548
חיל,חיל,uis,1,277,73,22548
חיל,חיל,uirtus,5,277,28,22548
חיל,חיל,imperium,2,277,59,22548
חיל,חיל,potentia,0,277,17,22548
חיל,חיל,cogo,0,277,17,22548
חיל,חיל,opis,0,277,0,22548
חיל,חיל,robur,13,277,46,22548
חיל,חיל,fortitudo,26,277,232,22548
חיל,חיל,potestas,1,277,42,22548
חיל,חיל,potens,1,277,17,22548
חיל,חיל,fortis,52,277,262,22548
חיל,חיל,maneo,4,277,122,22548
חיל,חיל,persisto,0,277,0,22548
חיל,חיל,moror,1,277,66,22548
חיל,חיל,sto,4,277,425,22548
חיל,חיל,reliquus,3,277,186,22548
חיל,חיל,remaneo,1,277,92,22548
חיל,חיל,resto,0,277,7,22548
חיל,חיל,multitudo,11,277,267,22548
חיל,חיל,turba,1,277,30,22548
חיל,חיל,uulgus,2,277,39,22548
חיל,חיל,opperior,0,277,0,22548
חיל,חיל,nauigatio,0,277,0,22548
חיל,חיל,nauigo,0,277,1,22548
חיל,חיל,cursus,0,277,8,22548
חיל,חיל,ops,2,277,13,22548
חיל,חיל,diuitiae,14,277,64,22548
חיל,חיל,lutus,0,277,0,22548
חיל,חיל,acies,1,277,27,22548
חיל,חיל,agmen,1,277,15,22548
חילימ,חילים,exercitus,0,0,467,22548
חילימ,חילים,copia,0,0,6,22548
חילימ,חילים,uis,0,0,73,22548
חילימ,חילים,uirtus,0,0,28,22548
חילימ,חילים,imperium,0,0,59,22548
חילימ,חילים,potentia,0,0,17,22548
חילימ,חילים,cogo,0,0,17,22548
חילימ,חילים,opis,0,0,0,22548
חילימ,חילים,robur,0,0,46,22548
חילימ,חילים,fortitudo,0,0,232,22548
חילימ,חילים,potestas,0,0,42,22548
חיצון,חיצון,sextus,0,24,31,22548
חיצון,חיצון,praeter,0,24,29,22548
חיצון,חיצון,sextarius,0,24,6,22548
חיצון,חיצון,extra,10,24,62,22548
חיצון,חיצון,extrinsecus,1,24,7,22548
חיצון,חיצון,iudicium,0,24,361,22548
חיצון,חיצון,atrium,16,24,100,22548
חיצון,חיצון,aula,0,24,3,22548
חיצון,חיצון,decubo,0,24,0,22548
חיצון,חיצון,longitudo,3,24,80,22548
חיצון,חיצון,porta,3,24,286,22548
חיצון,חיצון,ianua,0,24,13,22548
חיצון,חיצון,fores,0,24,12,22548
חיצון,חיצון,limen,0,24,18,22548
חיצון,חיצון,ostium,0,24,132,22548
חיצון,חיצון,portae,0,24,0,22548
חיק,חיק,sinus,32,34,39,22548
חיק,חיק,gremium,0,34,1,22548
חיק,חיק,gurges,0,34,9,22548
חיק,חיק,pectus,0,34,8,22548
חירה,חירה,sacer,0,2,4,22548
חירה,חירה,sanctus,0,2,317,22548
חירם,חירם,lapis,2,24,216,22548
חירם,חירם,saxum,0,24,12,22548
חירם,חירם,marmor,0,24,4,22548
חירם,חירם,marmoreus,0,24,2,22548
חירם,חירם,gemma,2,24,19,22548
חירם,חירם,petrinus,0,24,0,22548
חירם,חירם,caseus,0,24,2,22548
חירם,חירם,aurum,7,24,229,22548
חירם,חירם,aureus,0,24,142,22548
חית,חית,fera,0,0,3,22548
חית,חית,bestia,0,0,81,22548
חית,חית,belua,0,0,0,22548
חית,חית,ferus,0,0,3,22548
חית,חית,iumentum,0,0,117,22548
חית,חית,animal,0,0,43,22548
חיתו,חיתו,fera,0,0,3,22548
חיתו,חיתו,bestia,0,0,81,22548
חיתו,חיתו,belua,0,0,0,22548
חיתו,חיתו,ferus,0,0,3,22548
חיתו,חיתו,iumentum,0,0,117,22548
חיתו,חיתו,animal,0,0,43,22548
חכה,חכה,exspecto,4,13,36,22548
חכה,חכה,manto,0,13,0,22548
חכה,חכה,maneo,0,13,122,22548
חכה,חכה,persisto,0,13,0,22548
חכה,חכה,moror,0,13,66,22548
חכה,חכה,sto,0,13,425,22548
חכה,חכה,reliquus,0,13,186,22548
חכה,חכה,remaneo,0,13,92,22548
חכה,חכה,resto,0,13,7,22548
חכה,חכה,opperior,0,13,0,22548
חכילה,חכילה,contumulo,0,3,0,22548
חכים,חכים,sapientia,1,8,151,22548
חכים,חכים,sapienter,0,8,6,22548
חכים,חכים,prudens,0,8,30,22548
חכים,חכים,sapio,0,8,6,22548
חכים,חכים,tempero,0,8,5,22548
חכים,חכים,consipio,0,8,0,22548
חכימי,חכימי,sapientia,0,0,151,22548
חכימי,חכימי,sapienter,0,0,6,22548
חכימי,חכימי,prudens,0,0,30,22548
חכימי,חכימי,sapio,0,0,6,22548
חכימינ,חכימין,sapientia,0,0,151,22548
חכימינ,חכימין,sapienter,0,0,6,22548
חכימינ,חכימין,prudens,0,0,30,22548
חכימינ,חכימין,sapio,0,0,6,22548
חכם,חכם,sapientia,15,153,151,22548
חכם,חכם,sapienter,1,153,6,22548
חכם,חכם,prudens,11,153,30,22548
חכם,חכם,sapio,3,153,6,22548
חכם,חכם,tempero,0,153,5,22548
חכם,חכם,consipio,0,153,0,22548
חכמ,חכם,sapientia,15,153,151,22548
חכמ,חכם,sapienter,1,153,6,22548
חכמ,חכם,prudens,11,153,30,22548
חכמ,חכם,sapio,3,153,6,22548
חכמה,חכמה,consilium,8,146,139,22548
חכמה,חכמה,prudentia,21,146,43,22548
חכמה,חכמה,sapientia,124,146,151,22548
חכמה,חכמה,sapienter,4,146,6,22548
חכמה,חכמה,prudens,4,146,30,22548
חכמה,חכמה,sapio,0,146,6,22548
חכמה,חכמה,ars,0,146,9,22548
חכמה,חכמה,cogito,1,146,92,22548
חכמה,חכמה,sentio,0,146,12,22548
חכמה,חכמה,superbia,1,146,63,22548
חכמה,חכמה,superbus,1,146,33,22548
חכמה,חכמה,cogitatio,2,146,90,22548
חכמה,חכמה,adsum,0,146,27,22548
חכמה,חכמה,scientia,17,146,76,22548
חכמה,חכמה,scius,0,146,0,22548
חכמה,חכמה,animus,2,146,39,22548
חכמה,חכמה,spiritus,5,146,241,22548
חכמות,חכמות,consilium,0,4,139,22548
חכמות,חכמות,prudentia,1,4,43,22548
חכמות,חכמות,sapientia,4,4,151,22548
חכמות,חכמות,sapienter,0,4,6,22548
חכמות,חכמות,prudens,0,4,30,22548
חכמות,חכמות,sapio,0,4,6,22548
חכמות,חכמות,cogito,0,4,92,22548
חכמות,חכמות,sentio,0,4,12,22548
חכמות,חכמות,superbia,0,4,63,22548
חכמות,חכמות,superbus,0,4,33,22548
חכמות,חכמות,cogitatio,0,4,90,22548
חכמות,חכמות,adsum,0,4,27,22548
חכמי,חכמי,sapientia,0,0,151,22548
חכמי,חכמי,sapienter,0,0,6,22548
חכמי,חכמי,prudens,0,0,30,22548
חכמי,חכמי,sapio,0,0,6,22548
חכמימ,חכמים,sapientia,0,0,151,22548
חכמימ,חכמים,sapienter,0,0,6,22548
חכמימ,חכמים,prudens,0,0,30,22548
חכמימ,חכמים,sapio,0,0,6,22548
חכמת,חכמת,consilium,0,0,139,22548
חכמת,חכמת,prudentia,0,0,43,22548
חכמת,חכמת,sapientia,0,0,151,22548
חכמת,חכמת,sophia,0,0,0,22548
חל,חל,impius,0,7,235,22548
חל,חל,funero,0,7,0,22548
חלאה,חלאה,sagitta,0,5,54,22548
חלאה,חלאה,telum,0,5,3,22548
חלאה,חלאה,uellicatio,0,5,0,22548
חלב,חלב,lac,40,112,44,22548
חלב,חלב,lacteus,0,112,0,22548
חלב,חלב,populus,5,112,1560,22548
חלב,חלב,plebs,0,112,19,22548
חלב,חלב,uulgus,0,112,39,22548
חלב,חלב,terra,24,112,2254,22548
חלב,חלב,contio,0,112,3,22548
חלב,חלב,communis,0,112,9,22548
חלב,חלב,ecclesia,0,112,30,22548
חלב,חלב,ager,1,112,214,22548
חלב,חלב,praepinguis,0,112,0,22548
חלב,חלב,unguinosus,0,112,0,22548
חלב,חלב,opimus,0,112,0,22548
חלב,חלב,aruina,1,112,1,22548
חלב,חלב,mel,23,112,54,22548
חלב,חלב,mulceo,0,112,0,22548
חלד,חלד,substantia,0,7,59,22548
חלה,חלה,panis,9,89,255,22548
חלום,חלום,somnium,41,55,62,22548
חלום,חלום,somnio,2,55,5,22548
חלום,חלום,insomnium,0,55,0,22548
חלום,חלום,somnus,3,55,25,22548
חלום,חלום,sopor,1,55,13,22548
חלום,חלום,dormio,1,55,169,22548
חלום,חלום,soporus,0,55,0,22548
חלומ,חלום,somnio,2,55,5,22548
חלומ,חלום,insomnium,0,55,0,22548
חלומ,חלום,somnus,3,55,25,22548
חלומ,חלום,sopor,1,55,13,22548
חלומ,חלום,dormio,1,55,169,22548
חלומ,חלום,soporus,0,55,0,22548
חלון,חלון,fenestra,25,26,29,22548
חלון,חלון,specularis,0,26,0,22548
חלון,חלון,latitudo,5,26,93,22548
חלון,חלון,eurus,0,26,1,22548
חלון,חלון,quinquaginta,4,26,118,22548
חלון,חלון,quindecim,0,26,16,22548
חלון,חלון,quinque,4,26,183,22548
חלון,חלון,quinquagenarius,0,26,8,22548
חלונ,חלון,fenestra,25,26,29,22548
חלונ,חלון,specularis,0,26,0,22548
חלושה,חלושה,uinco,0,1,23,22548
חלושה,חלושה,detrimentum,0,1,0,22548
חלושה,חלושה,supersum,0,1,18,22548
חלושה,חלושה,teneo,0,1,116,22548
חלושה,חלושה,obtineo,0,1,28,22548
חלושה,חלושה,potior,0,1,1,22548
חלושה,חלושה,uictoria,0,1,20,22548
חלושה,חלושה,dominus,0,1,5912,22548
חלושה,חלושה,erus,0,1,0,22548
חלושה,חלושה,uictor,0,1,48,22548
חלושה,חלושה,supero,0,1,19,22548
חלושה,חלושה,ualeo,0,1,38,22548
חלט,חלט,consilium,0,1,139,22548
חלט,חלט,consulo,0,1,39,22548
חלט,חלט,iudico,0,1,181,22548
חלט,חלט,concilium,0,1,11,22548
חלט,חלט,insidiae,0,1,52,22548
חלט,חלט,consilior,0,1,1,22548
חלט,חלט,decerno,0,1,23,22548
חלט,חלט,iudex,0,1,63,22548
חלט,חלט,iudicium,0,1,361,22548
חלט,חלט,reciperator,0,1,0,22548
חלט,חלט,statuo,0,1,62,22548
חלי,חלי,debilitas,0,26,0,22548
חלי,חלי,lenitudo,0,26,0,22548
חלי,חלי,praemollis,0,26,0,22548
חלי,חלי,morbus,0,26,0,22548
חלי,חלי,pestis,0,26,24,22548
חלי,חלי,lues,0,26,0,22548
חלי,חלי,ualetudo,0,26,0,22548
חלי,חלי,infirmitas,13,26,25,22548
חלי,חלי,plaga,4,26,187,22548
חלי,חלי,uulnus,0,26,25,22548
חלי,חלי,ictus,0,26,2,22548
חליה,חליה,ornamentum,0,1,8,22548
חליה,חליה,orbis,0,1,39,22548
חליה,חליה,mundum,0,1,0,22548
חליה,חליה,ordo,0,1,56,22548
חליל,חליל,ludo,0,5,20,22548
חליל,חליל,tibia,5,5,7,22548
חליל,חליל,fistula,0,5,7,22548
חלילה,חלילה,propitius,4,20,22,22548
חליפה,חליפה,triceni,0,10,0,22548
חליפה,חליפה,triginta,3,10,146,22548
חליתי,חליתי,ligo,0,0,42,22548
חליתי,חליתי,uincio,0,0,35,22548
חליתי,חליתי,necto,0,0,2,22548
חליתי,חליתי,opus,0,0,417,22548
חליתי,חליתי,uolo,0,0,226,22548
חליתי,חליתי,postulo,0,0,39,22548
חליתי,חליתי,rogo,0,0,51,22548
חליתי,חליתי,peto,0,0,48,22548
חליתי,חליתי,oro,0,0,95,22548
חליתי,חליתי,necesse,0,0,10,22548
חליתי,חליתי,quaero,0,0,249,22548
חליתי,חליתי,quaeso,0,0,25,22548
חליתי,חליתי,necessarius,0,0,24,22548
חליתי,חליתי,interrogo,0,0,79,22548
חליתי,חליתי,obsecro,0,0,73,22548
חליתי,חליתי,desidero,0,0,42,22548
חלכה,חלכה,miser,0,0,7,22548
חלכה,חלכה,pauper,0,0,150,22548
חלל,חלל,obsoleto,0,209,0,22548
חלל,חלל,uulnus,0,209,25,22548
חלל,חלל,saucius,0,209,0,22548
חללימ,חללים,uulnus,0,0,25,22548
חללימ,חללים,saucius,0,0,0,22548
חלם,חלם,somnium,24,35,62,22548
חלם,חלם,somnio,3,35,5,22548
חלם,חלם,insomnium,0,35,0,22548
חלמ,חלם,somnio,3,35,5,22548
חלמ,חלם,insomnium,0,35,0,22548
חלמ,חלם,tuor,0,35,0,22548
חלמ,חלם,somnus,1,35,25,22548
חלמ,חלם,sopor,0,35,13,22548
חלמ,חלם,dormio,1,35,169,22548
חלמ,חלם,soporus,0,35,0,22548
חלמות,חלמות,somnio,0,1,5,22548
חלמות,חלמות,insomnium,0,1,0,22548
חלמיש,חלמיש,saxum,0,4,12,22548
חלמיש,חלמיש,rupes,0,4,6,22548
חלמיש,חלמיש,lapis,0,4,216,22548
חלמיש,חלמיש,petra,3,4,80,22548
חלמיש,חלמיש,scopulus,0,4,3,22548
חלמנו,חלמנו,uideo,0,0,1044,22548
חלמנו,חלמנו,cerno,0,0,61,22548
חלמנו,חלמנו,conspicio,0,0,7,22548
חלמנו,חלמנו,aspicio,0,0,36,22548
חלמנו,חלמנו,animaduerto,0,0,5,22548
חלמנו,חלמנו,obseruo,0,0,56,22548
חלמת,חלמת,somnio,0,0,5,22548
חלמת,חלמת,insomnium,0,0,0,22548
חלמתי,חלמתי,somnio,0,0,5,22548
חלמתי,חלמתי,insomnium,0,0,0,22548
חלמתי,חלמתי,uideo,0,0,1044,22548
חלמתי,חלמתי,cerno,0,0,61,22548
חלמתי,חלמתי,conspicio,0,0,7,22548
חלמתי,חלמתי,aspicio,0,0,36,22548
חלמתי,חלמתי,animaduerto,0,0,5,22548
חלמתי,חלמתי,obseruo,0,0,56,22548
חלף,חלף,muto,8,29,44,22548
חלף,חלף,uario,0,29,2,22548
חלף,חלף,permuto,0,29,0,22548
חלף,חלף,uis,0,29,73,22548
חלף,חלף,robur,0,29,46,22548
חלף,חלף,fortitudo,2,29,232,22548
חלף,חלף,potentia,0,29,17,22548
חלף,חלף,merces,2,29,48,22548
חלף,חלף,praemium,0,29,3,22548
חלף,חלף,stipendium,0,29,0,22548
חלף,חלף,gero,0,29,27,22548
חלף,חלף,soluo,0,29,36,22548
חלף,חלף,reddo,0,29,173,22548
חלץ,חלץ,lumbus,7,57,33,22548
חלצ,חלץ,lumbus,7,57,33,22548
חלק,חלק,diuido,39,134,140,22548
חלק,חלק,discribo,0,134,0,22548
חלק,חלק,factio,0,134,1,22548
חלק,חלק,hereditas,16,134,125,22548
חלק,חלק,sors,12,134,82,22548
חלק,חלק,praedium,0,134,0,22548
חלק,חלק,possessio,14,134,165,22548
חלק,חלק,aratio,0,134,0,22548
חלק,חלק,sortio,0,134,1,22548
חלקה,חלקה,leuor,0,24,0,22548
חלקה,חלקה,factio,0,24,1,22548
חלקה,חלקה,ager,15,24,214,22548
חלקה,חלקה,fundus,0,24,3,22548
חלקה,חלקה,campus,0,24,26,22548
חלקה,חלקה,praedium,0,24,0,22548
חלקה,חלקה,uilla,0,24,38,22548
חלקיהו,חלקיהו,liber,5,18,177,22548
חלקיהו,חלקיהו,uolumen,1,18,21,22548
חלקיהו,חלקיהו,libellus,0,18,4,22548
חלקיהו,חלקיהו,tabula,0,18,57,22548
חלקיהו,חלקיהו,dispensator,0,18,5,22548
חלקלקות,חלקלקות,leuor,0,1,0,22548
חלקת,חלקת,factio,0,1,1,22548
חלש,חלש,uinco,0,3,23,22548
חלש,חלש,detrimentum,0,3,0,22548
חלש,חלש,supersum,0,3,18,22548
חלש,חלש,teneo,0,3,116,22548
חלש,חלש,obtineo,0,3,28,22548
חלש,חלש,potior,0,3,1,22548
חלש,חלש,uictoria,0,3,20,22548
חלש,חלש,dominus,0,3,5912,22548
חלש,חלש,erus,0,3,0,22548
חלש,חלש,uictor,0,3,48,22548
חלש,חלש,supero,0,3,19,22548
חלש,חלש,ualeo,0,3,38,22548
חם,חם,socer,4,22,14,22548
חם,חם,legalis,0,22,0,22548
חמא,חמא,animus,0,0,39,22548
חמא,חמא,spiritus,0,0,241,22548
חמא,חמא,furor,0,0,217,22548
חמא,חמא,ira,0,0,119,22548
חמא,חמא,cor,0,0,642,22548
חמא,חמא,pectus,0,0,8,22548
חמא,חמא,amor,0,0,13,22548
חמא,חמא,mens,0,0,38,22548
חמא,חמא,libido,0,0,5,22548
חמא,חמא,pectoralis,0,0,0,22548
חמא,חמא,animi,0,0,0,22548
חמאה,חמאה,erineos,0,8,0,22548
חמאה,חמאה,lac,5,8,44,22548
חמאה,חמאה,lacteus,0,8,0,22548
חמאה,חמאה,mel,4,8,54,22548
חמאה,חמאה,mulceo,0,8,0,22548
חמד,חמד,uolo,0,25,226,22548
חמד,חמד,cupiditas,0,25,1,22548
חמד,חמד,cupio,2,25,15,22548
חמד,חמד,desidero,1,25,42,22548
חמד,חמד,optiuus,0,25,0,22548
חמד,חמד,equus,3,25,115,22548
חמד,חמד,sonipes,0,25,0,22548
חמד,חמד,currus,0,25,107,22548
חמד,חמד,eques,2,25,48,22548
חמד,חמד,equitatus,0,25,10,22548
חמד,חמד,equa,0,25,0,22548
חמד,חמד,equi,0,25,0,22548
חמד,חמד,equum,0,25,0,22548
חמד,חמד,equo,0,25,0,22548
חמד,חמד,adulescens,1,25,28,22548
חמד,חמד,iuuenis,2,25,59,22548
חמד,חמד,adulescentulus,0,25,2,22548
חמד,חמד,peradulescentulus,0,25,0,22548
חמד,חמד,dux,2,25,155,22548
חמד,חמד,communis,0,25,9,22548
חמד,חמד,imperator,0,25,1,22548
חמדה,חמדה,exoptabilis,0,13,0,22548
חמדת,חמדת,cupido,0,0,2,22548
חמדת,חמדת,libido,0,0,5,22548
חמדת,חמדת,desiderium,0,0,22,22548
חמדת,חמדת,uolo,0,0,226,22548
חמדת,חמדת,cupio,0,0,15,22548
חמדת,חמדת,cupiditas,0,0,1,22548
חמה,חמה,sol,2,125,131,22548
חמה,חמה,phoebus,0,125,0,22548
חמה,חמה,solis,0,125,0,22548
חמה,חמה,animus,0,125,39,22548
חמה,חמה,spiritus,3,125,241,22548
חמה,חמה,furor,63,125,217,22548
חמה,חמה,ira,28,125,119,22548
חמה,חמה,cor,1,125,642,22548
חמה,חמה,pectus,0,125,8,22548
חמה,חמה,amor,0,125,13,22548
חמה,חמה,mens,0,125,38,22548
חמה,חמה,libido,0,125,5,22548
חמה,חמה,pectoralis,0,125,0,22548
חמה,חמה,animi,0,125,0,22548
חמה,חמה,iracundia,1,125,33,22548
חמור,חמור,asininus,0,104,0,22548
חמור,חמור,asina,3,104,24,22548
חמור,חמור,asinus,82,104,96,22548
חמור,חמור,onus,2,104,55,22548
חמור,חמור,belua,0,104,0,22548
חמור,חמור,iumentum,4,104,117,22548
חמות,חמות,socrus,9,10,13,22548
חמות,חמות,consocer,0,10,0,22548
חמות,חמות,bos,0,10,182,22548
חמות,חמות,iuuencus,0,10,0,22548
חמות,חמות,taurus,0,10,20,22548
חמות,חמות,iumentum,0,10,117,22548
חמות,חמות,uitulus,0,10,128,22548
חמות,חמות,pecus,0,10,85,22548
חמות,חמות,armentum,0,10,70,22548
חמות,חמות,uacca,0,10,10,22548
חמות,חמות,bubulus,0,10,2,22548
חמי,חמי,socer,0,0,14,22548
חמי,חמי,legalis,0,0,0,22548
חמישי,חמישי,quintus,32,34,65,22548
חמישי,חמישי,emissicius,0,34,0,22548
חמישי,חמישי,quintanus,0,34,0,22548
חמישי,חמישי,mensis,11,34,208,22548
חמישית,חמישית,quintus,8,9,65,22548
חמישית,חמישית,emissicius,0,9,0,22548
חמישית,חמישית,quintanus,0,9,0,22548
חמישית,חמישית,accedo,0,9,108,22548
חמישית,חמישית,adicio,0,9,15,22548
חמישית,חמישית,adiungo,0,9,4,22548
חמישית,חמישית,addo,5,9,103,22548
חמישית,חמישית,honor,0,9,17,22548
חמישית,חמישית,dignitas,0,9,7,22548
חמישית,חמישית,pretium,1,9,62,22548
חמישית,חמישית,decus,0,9,3,22548
חמישית,חמישית,honorem,0,9,0,22548
חמישית,חמישית,honoris,0,9,0,22548
חמל,חמל,ostendo,0,38,147,22548
חמל,חמל,monstro,0,38,12,22548
חמל,חמל,exhibeo,1,38,1,22548
חמל,חמל,uideo,0,38,1044,22548
חמל,חמל,appareo,0,38,131,22548
חמל,חמל,probo,0,38,58,22548
חמל,חמל,pareo,0,38,14,22548
חמל,חמל,parco,29,38,65,22548
חמל,חמל,imperco,0,38,0,22548
חמלה,חמלה,misericordia,0,3,243,22548
חמלה,חמלה,misero,0,3,2,22548
חמלה,חמלה,misereor,0,3,82,22548
חמלה,חמלה,misereo,0,3,10,22548
חמלה,חמלה,clementia,0,3,8,22548
חמלה,חמלה,noctua,0,3,2,22548
חמלה,חמלה,miseratio,0,3,23,22548
חמלה,חמלה,luctus,0,3,20,22548
חמלת,חמלת,parco,0,0,65,22548
חמלת,חמלת,imperco,0,0,0,22548
חמן,חמן,idolum,1,8,61,22548
חמן,חמן,simulacrum,3,8,27,22548
חמן,חמן,imaginis,0,8,0,22548
חמן,חמן,umbra,0,8,55,22548
חמן,חמן,imago,0,8,16,22548
חמס,חמס,iniquitas,34,59,339,22548
חמס,חמס,iniustus,1,59,4,22548
חמס,חמס,iniquus,10,59,41,22548
חמס,חמס,iniuria,0,59,10,22548
חמס,חמס,perducto,0,59,0,22548
חמס,חמס,uis,2,59,73,22548
חמס,חמס,uiolentia,0,59,4,22548
חמס,חמס,robur,0,59,46,22548
חמס,חמס,copia,0,59,6,22548
חמס,חמס,inuitus,0,59,1,22548
חמס,חמס,coacto,0,59,0,22548
חמס,חמס,uiolentus,0,59,8,22548
חמס,חמס,superbia,1,59,63,22548
חמס,חמס,insolentia,0,59,0,22548
חמס,חמס,contumelia,0,59,11,22548
חמס,חמס,arrogantia,0,59,7,22548
חמס,חמס,uiolo,0,59,17,22548
חמס,חמס,impietas,2,59,34,22548
חמץ,חמץ,azymus,4,23,34,22548
חמץ,חמץ,fermentum,7,23,17,22548
חמץ,חמץ,camum,0,23,0,22548
חמצ,חמץ,fermentum,7,23,17,22548
חמצ,חמץ,camum,0,23,0,22548
חמר,חמר,bitumen,3,37,4,22548
חמר,חמר,asininus,0,37,0,22548
חמר,חמר,asina,0,37,24,22548
חמר,חמר,asinus,1,37,96,22548
חמר,חמר,lutum,14,37,29,22548
חמר,חמר,argilla,0,37,0,22548
חמר,חמר,onus,0,37,55,22548
חמר,חמר,belua,0,37,0,22548
חמר,חמר,iumentum,0,37,117,22548
חמרימ,חמרים,asininus,0,0,0,22548
חמרימ,חמרים,asina,0,0,24,22548
חמרימ,חמרים,asinus,0,0,96,22548
חמש,חמש,decem,24,400,184,22548
חמש,חמש,deni,0,400,2,22548
חמש,חמש,uicesimus,6,400,53,22548
חמש,חמש,uiginti,51,400,223,22548
חמש,חמש,uiceni,0,400,0,22548
חמש,חמש,centum,30,400,156,22548
חמש,חמש,sexageni,0,400,0,22548
חמש,חמש,sexagenarius,1,400,2,22548
חמש,חמש,quinque,178,400,183,22548
חמש,חמש,quingenti,37,400,38,22548
חמש,חמש,quinquaginta,115,400,118,22548
חמש,חמש,quindecim,15,400,16,22548
חמש,חמש,triceni,0,400,0,22548
חמש,חמש,triginta,29,400,146,22548
חמש,חמש,quinquagenarius,8,400,8,22548
חמש,חמש,mille,93,400,363,22548
חמש,חמש,miliarius,0,400,0,22548
חמשה,חמשה,septuaginta,0,0,84,22548
חמשה,חמשה,septuageni,0,0,0,22548
חמשה,חמשה,quinquaginta,0,0,118,22548
חמשה,חמשה,quindecim,0,0,16,22548
חמשה,חמשה,quinque,0,0,183,22548
חמשה,חמשה,quintadecimani,0,0,0,22548
חמשה,חמשה,quadraginta,0,0,116,22548
חמשה,חמשה,quadrageni,0,0,0,22548
חמשה,חמשה,triceni,0,0,0,22548
חמשה,חמשה,triginta,0,0,146,22548
חמשה,חמשה,centum,0,0,156,22548
חמשה,חמשה,treceni,0,0,0,22548
חמשה,חמשה,trecenti,0,0,53,22548
חמשימ,חמשים,centum,0,0,156,22548
חמשימ,חמשים,ducenti,0,0,69,22548
חמשימ,חמשים,duceni,0,0,0,22548
חמשימ,חמשים,quinquagenarius,0,0,8,22548
חמשימ,חמשים,quinquaginta,0,0,118,22548
חמשימ,חמשים,quadringenti,0,0,50,22548
חמשימ,חמשים,quattuor,0,0,161,22548
חמשת,חמשת,quinquaginta,0,0,118,22548
חמשת,חמשת,quindecim,0,0,16,22548
חמשת,חמשת,quinque,0,0,183,22548
חמת,חמת,membrana,0,40,0,22548
חמת,חמת,animus,0,40,39,22548
חמת,חמת,spiritus,0,40,241,22548
חמת,חמת,furor,0,40,217,22548
חמת,חמת,ira,0,40,119,22548
חמת,חמת,cor,0,40,642,22548
חמת,חמת,pectus,0,40,8,22548
חמת,חמת,amor,0,40,13,22548
חמת,חמת,mens,0,40,38,22548
חמת,חמת,libido,0,40,5,22548
חמת,חמת,pectoralis,0,40,0,22548
חמת,חמת,animi,0,40,0,22548
חמת,חמת,iracundia,0,40,33,22548
חמת,חמת,murus,0,40,158,22548
חמת,חמת,moenia,0,40,5,22548
חמת,חמת,paries,0,40,67,22548
חמת,חמת,moene,0,40,0,22548
חן,חן,causa,1,68,85,22548
חן,חן,gratus,3,68,5,22548
חן,חן,propter,4,68,292,22548
חן,חן,grates,0,68,0,22548
חן,חן,gratia,59,68,85,22548
חנ,חן,misericordia,3,68,243,22548
חנ,חן,misero,0,68,2,22548
חנ,חן,misereor,1,68,82,22548
חנ,חן,misereo,0,68,10,22548
חנ,חן,uerutum,0,68,0,22548
חנ,חן,causa,1,68,85,22548
חנ,חן,gratus,3,68,5,22548
חנ,חן,propter,4,68,292,22548
חנ,חן,grates,0,68,0,22548
חנ,חן,gratia,59,68,85,22548
חנה,חנה,abito,0,146,9,22548
חנוך,חנוך,sexageni,0,16,0,22548
חנוך,חנוך,sexagenarius,0,16,2,22548
חנון,חנון,propitius,1,22,22,22548
חנון,חנון,longanimis,1,22,1,22548
חנונ,חנון,misericors,9,22,16,22548
חנות,חנות,domus,1,1,1485,22548
חנות,חנות,regia,0,1,9,22548
חנות,חנות,aula,0,1,3,22548
חנות,חנות,atrium,0,1,100,22548
חנות,חנות,thalamus,0,1,13,22548
חנות,חנות,cubiculum,0,1,23,22548
חנטה,חנטה,triticum,0,2,33,22548
חנטה,חנטה,cibus,0,2,99,22548
חנטה,חנטה,frumentum,2,2,54,22548
חנטה,חנטה,seges,0,2,18,22548
חנטה,חנטה,panis,0,2,255,22548
חנטה,חנטה,frumentarius,0,2,0,22548
חנטה,חנטה,granum,0,2,2,22548
חנטה,חנטה,esca,0,2,27,22548
חנימ,חנים,insitium,0,0,0,22548
חנינה,חנינה,beneficium,0,1,3,22548
חנינה,חנינה,praefectus,0,1,17,22548
חנינה,חנינה,fides,0,1,28,22548
חנינה,חנינה,beneuolentia,0,1,0,22548
חנינה,חנינה,amor,0,1,13,22548
חנינה,חנינה,humanitas,0,1,0,22548
חנינה,חנינה,mansuetudo,0,1,3,22548
חנית,חנית,hasta,23,39,38,22548
חנית,חנית,telum,0,39,3,22548
חנית,חנית,lancea,11,39,20,22548
חנית,חנית,quiris,0,39,0,22548
חנית,חנית,hastae,0,39,0,22548
חנית,חנית,pilum,0,39,6,22548
חנית,חנית,iaculum,0,39,1,22548
חנית,חנית,machaera,0,39,0,22548
חנית,חנית,arma,1,39,33,22548
חנית,חנית,bracchium,0,39,69,22548
חנית,חנית,armo,1,39,13,22548
חנית,חנית,ensiculus,0,39,0,22548
חנית,חנית,ensifer,0,39,0,22548
חנך,חנך,sacrificium,0,3,152,22548
חנך,חנך,oblatio,0,3,85,22548
חנך,חנך,cubo,0,3,62,22548
חנך,חנך,dedico,3,3,7,22548
חנך,חנך,impono,0,3,51,22548
חנכה,חנכה,dilatio,0,11,2,22548
חנכה,חנכה,sacrificium,0,11,152,22548
חנכה,חנכה,oblatio,1,11,85,22548
חנכה,חנכה,ungo,2,11,29,22548
חנכה,חנכה,christus,0,11,28,22548
חנכה,חנכה,perungo,0,11,0,22548
חנן,חנן,gratia,0,90,85,22548
חנן,חנן,causa,0,90,85,22548
חנן,חנן,gratus,0,90,5,22548
חנן,חנן,propter,1,90,292,22548
חנן,חנן,grates,0,90,0,22548
חנן,חנן,misericordia,1,90,243,22548
חנן,חנן,misero,2,90,2,22548
חנן,חנן,misereor,36,90,82,22548
חנן,חנן,misereo,3,90,10,22548
חננ,חנן,misericordia,1,90,243,22548
חננ,חנן,misero,2,90,2,22548
חננ,חנן,misereor,36,90,82,22548
חננ,חנן,misereo,3,90,10,22548
חנק,חנק,suffoco,0,2,3,22548
חסד,חסד,iudicium,9,242,361,22548
חסד,חסד,iustitia,10,242,220,22548
חסד,חסד,aequitas,0,242,20,22548
חסד,חסד,misericordia,209,242,243,22548
חסד,חסד,clementia,2,242,8,22548
חסד,חסד,misero,0,242,2,22548
חסד,חסד,noctua,0,242,2,22548
חסד,חסד,misereo,0,242,10,22548
חסד,חסד,beneficium,0,242,3,22548
חסד,חסד,fides,5,242,28,22548
חסד,חסד,beneuolentia,0,242,0,22548
חסד,חסד,amor,0,242,13,22548
חסות,חסות,confugio,0,1,15,22548
חסות,חסות,profugio,0,1,7,22548
חסות,חסות,suadeo,0,1,2,22548
חסות,חסות,persuadeo,0,1,3,22548
חסות,חסות,pareo,0,1,14,22548
חסות,חסות,oboedio,0,1,38,22548
חסות,חסות,adduco,0,1,215,22548
חסות,חסות,persuasio,0,1,1,22548
חסות,חסות,inductus,0,1,0,22548
חסות,חסות,credo,0,1,59,22548
חסיד,חסיד,sancio,0,31,5,22548
חסיד,חסיד,iustus,1,31,260,22548
חסיד,חסיד,pietas,0,31,1,22548
חסיד,חסיד,impius,3,31,235,22548
חסיד,חסיד,pius,0,31,1,22548
חסיד,חסיד,legitimus,0,31,28,22548
חסיל,חסיל,robigino,0,6,0,22548
חסיל,חסיל,aeruginosus,0,6,0,22548
חסיל,חסיל,gryllus,0,6,0,22548
חסיל,חסיל,cliuulus,0,6,0,22548
חסנ,חסן,uis,0,9,73,22548
חסנ,חסן,robur,0,9,46,22548
חסנ,חסן,fortitudo,3,9,232,22548
חסנ,חסן,potentia,0,9,17,22548
חסף,חסף,lutum,2,7,29,22548
חסף,חסף,argilla,0,7,0,22548
חספ,חסף,statim,0,7,88,22548
חספ,חסף,continuus,0,7,0,22548
חספ,חסף,simul,0,7,145,22548
חסר,חסר,panis,7,44,255,22548
חסרון,חסרון,uolo,0,1,226,22548
חסרון,חסרון,difficultas,0,1,2,22548
חסרון,חסרון,egestas,0,1,23,22548
חסרון,חסרון,uix,0,1,5,22548
חסרון,חסרון,paupertas,0,1,8,22548
חסרון,חסרון,difficilis,1,1,13,22548
חסרון,חסרון,cupio,0,1,15,22548
חסרון,חסרון,opto,0,1,2,22548
חסרון,חסרון,utinam,0,1,24,22548
חסרון,חסרון,uoluntas,0,1,66,22548
חסרון,חסרון,placeo,0,1,142,22548
חסרון,חסרון,quasi,0,1,708,22548
חסרון,חסרון,sicut,0,1,851,22548
חסרון,חסרון,cupiditas,0,1,1,22548
חסרון,חסרון,similis,0,1,91,22548
חסרון,חסרון,eligo,0,1,209,22548
חסרון,חסרון,deligo,0,1,0,22548
חסרון,חסרון,lubet,0,1,0,22548
חסרון,חסרון,obsecro,0,1,73,22548
חסרון,חסרון,ligo,0,1,42,22548
חסרון,חסרון,uincio,0,1,35,22548
חסרון,חסרון,necto,0,1,2,22548
חסרון,חסרון,opus,0,1,417,22548
חסרון,חסרון,postulo,0,1,39,22548
חסרון,חסרון,rogo,0,1,51,22548
חסרון,חסרון,peto,0,1,48,22548
חסרון,חסרון,oro,0,1,95,22548
חסרון,חסרון,necesse,0,1,10,22548
חסרון,חסרון,quaero,0,1,249,22548
חסרון,חסרון,quaeso,0,1,25,22548
חסרון,חסרון,necessarius,0,1,24,22548
חסרון,חסרון,interrogo,0,1,79,22548
חסרון,חסרון,desidero,0,1,42,22548
חסרון,חסרון,recuso,0,1,1,22548
חסרון,חסרון,nolo,0,1,343,22548
חסרון,חסרון,inopia,0,1,11,22548
חף,חף,mundus,1,1,97,22548
חף,חף,purus,0,1,43,22548
חפה,חפה,tego,4,14,33,22548
חפה,חפה,uelo,0,14,5,22548
חפה,חפה,operio,3,14,159,22548
חפז,חפז,propero,0,8,17,22548
חפז,חפז,festino,1,8,64,22548
חפז,חפז,urgeo,0,8,7,22548
חפזונ,חפזון,studium,0,3,19,22548
חפזונ,חפזון,nauo,0,3,0,22548
חפן,חפן,cauus,0,6,3,22548
חפן,חפן,nitidus,0,6,3,22548
חפן,חפן,ualles,0,6,114,22548
חפף,חפף,tectum,0,1,43,22548
חפץ,חפץ,uolo,48,114,226,22548
חפץ,חפץ,cupio,2,114,15,22548
חפץ,חפץ,opto,1,114,2,22548
חפץ,חפץ,utinam,0,114,24,22548
חפץ,חפץ,uoluntas,13,114,66,22548
חפץ,חפץ,placeo,8,114,142,22548
חפץ,חפץ,quasi,3,114,708,22548
חפץ,חפץ,sicut,3,114,851,22548
חפץ,חפץ,cupiditas,0,114,1,22548
חפץ,חפץ,similis,1,114,91,22548
חפץ,חפץ,eligo,4,114,209,22548
חפץ,חפץ,deligo,0,114,0,22548
חפץ,חפץ,lubet,0,114,0,22548
חפץ,חפץ,obsecro,1,114,73,22548
חפץ,חפץ,recuso,0,114,1,22548
חפץ,חפץ,nolo,10,114,343,22548
חפצ,חפץ,uolo,48,114,226,22548
חפצ,חפץ,cupio,2,114,15,22548
חפצ,חפץ,opto,1,114,2,22548
חפצ,חפץ,utinam,0,114,24,22548
חפצ,חפץ,uoluntas,13,114,66,22548
חפצ,חפץ,placeo,8,114,142,22548
חפצ,חפץ,quasi,3,114,708,22548
חפצ,חפץ,sicut,3,114,851,22548
חפצ,חפץ,cupiditas,0,114,1,22548
חפצ,חפץ,similis,1,114,91,22548
חפצ,חפץ,eligo,4,114,209,22548
חפצ,חפץ,deligo,0,114,0,22548
חפצ,חפץ,lubet,0,114,0,22548
חפצ,חפץ,obsecro,1,114,73,22548
חפצ,חפץ,recuso,0,114,1,22548
חפצ,חפץ,nolo,10,114,343,22548
חפצ,חפץ,prolubium,0,114,0,22548
חפצי,חפצי,uolo,0,0,226,22548
חפצי,חפצי,cupio,0,0,15,22548
חפצי,חפצי,recuso,0,0,1,22548
חפצי,חפצי,eligo,0,0,209,22548
חפצי,חפצי,placeo,0,0,142,22548
חפצי,חפצי,utinam,0,0,24,22548
חפצי,חפצי,uoluntas,0,0,66,22548
חפצי,חפצי,cupiditas,0,0,1,22548
חפצי,חפצי,deligo,0,0,0,22548
חפצי,חפצי,nolo,0,0,343,22548
חפצת,חפצת,uolo,0,0,226,22548
חפצת,חפצת,cupio,0,0,15,22548
חפצת,חפצת,recuso,0,0,1,22548
חפצת,חפצת,eligo,0,0,209,22548
חפצת,חפצת,placeo,0,0,142,22548
חפצת,חפצת,utinam,0,0,24,22548
חפצת,חפצת,uoluntas,0,0,66,22548
חפצת,חפצת,cupiditas,0,0,1,22548
חפצת,חפצת,deligo,0,0,0,22548
חפצת,חפצת,nolo,0,0,343,22548
חפצתי,חפצתי,uolo,0,0,226,22548
חפצתי,חפצתי,cupio,0,0,15,22548
חפצתי,חפצתי,opto,0,0,2,22548
חפצתי,חפצתי,utinam,0,0,24,22548
חפצתי,חפצתי,uoluntas,0,0,66,22548
חפצתי,חפצתי,placeo,0,0,142,22548
חפצתי,חפצתי,quasi,0,0,708,22548
חפצתי,חפצתי,sicut,0,0,851,22548
חפצתי,חפצתי,cupiditas,0,0,1,22548
חפצתי,חפצתי,similis,0,0,91,22548
חפצתי,חפצתי,eligo,0,0,209,22548
חפצתי,חפצתי,deligo,0,0,0,22548
חפצתי,חפצתי,lubet,0,0,0,22548
חפצתי,חפצתי,obsecro,0,0,73,22548
חפצתי,חפצתי,recuso,0,0,1,22548
חפצתי,חפצתי,nolo,0,0,343,22548
חפר,חפר,fodio,13,50,36,22548
חפר,חפר,perfosso,0,50,0,22548
חפר,חפר,puteus,6,50,37,22548
חפרו,חפרו,fodio,0,0,36,22548
חפרו,חפרו,perfosso,0,0,0,22548
חפש,חפש,libero,0,21,139,22548
חפש,חפש,ingenuus,0,21,0,22548
חפש,חפש,libertas,1,21,4,22548
חפש,חפש,peto,0,21,48,22548
חפש,חפש,quaero,3,21,249,22548
חפש,חפש,inquiro,0,21,0,22548
חפשה,חפשה,libertas,1,1,4,22548
חפשה,חפשה,eleutheria,0,1,0,22548
חפשה,חפשה,libero,0,1,139,22548
חפשה,חפשה,ingenuus,0,1,0,22548
חפשי,חפשי,libero,0,17,139,22548
חפשי,חפשי,ingenuus,0,17,0,22548
חפשי,חפשי,libertas,1,17,4,22548
חפשי,חפשי,soluo,2,17,36,22548
חפשי,חפשי,seruus,9,17,607,22548
חפשי,חפשי,seruitus,0,17,30,22548
חפשי,חפשי,seruio,3,17,160,22548
חפשית,חפשית,expers,0,2,0,22548
חץ,חץ,telum,0,49,3,22548
חץ,חץ,iaculum,0,49,1,22548
חץ,חץ,sagitta,39,49,54,22548
חץ,חץ,missile,0,49,0,22548
חץ,חץ,scapus,0,49,0,22548
חץ,חץ,tela,0,49,5,22548
חץ,חץ,uellicatio,0,49,0,22548
חץ,חץ,tolerabilis,0,49,1,22548
חץ,חץ,sagitto,1,49,4,22548
חץ,חץ,arcus,9,49,60,22548
חץ,חץ,fulgur,3,49,14,22548
חץ,חץ,fulmen,1,49,2,22548
חץ,חץ,arma,1,49,33,22548
חץ,חץ,bracchium,0,49,69,22548
חץ,חץ,armo,0,49,13,22548
חץ,חץ,palumbinus,0,49,0,22548
חצ,חץ,telum,0,49,3,22548
חצ,חץ,iaculum,0,49,1,22548
חצ,חץ,sagitta,39,49,54,22548
חצ,חץ,missile,0,49,0,22548
חצ,חץ,scapus,0,49,0,22548
חצ,חץ,tela,0,49,5,22548
חצ,חץ,dimidius,0,49,44,22548
חצ,חץ,dimidio,0,49,2,22548
חצ,חץ,semifer,0,49,0,22548
חצ,חץ,dimidium,0,49,17,22548
חצ,חץ,arcus,9,49,60,22548
חצה,חצה,diuido,5,12,140,22548
חצה,חצה,discribo,0,12,0,22548
חצות,חצות,medius,3,3,489,22548
חצות,חצות,medion,0,3,0,22548
חצות,חצות,centrum,0,3,0,22548
חצות,חצות,medio,0,3,0,22548
חצי,חצי,dimidius,36,104,44,22548
חצי,חצי,dimidio,0,104,2,22548
חצי,חצי,semifer,0,104,0,22548
חצי,חצי,dimidium,14,104,17,22548
חצי,חצי,palumbinus,0,104,0,22548
חצימ,חצים,telum,0,0,3,22548
חצימ,חצים,iaculum,0,0,1,22548
חצימ,חצים,sagitta,0,0,54,22548
חצימ,חצים,missile,0,0,0,22548
חצימ,חצים,scapus,0,0,0,22548
חצימ,חצים,tela,0,0,5,22548
חצימ,חצים,palumbinus,0,0,0,22548
חציר,חציר,pastus,0,20,6,22548
חציר,חציר,ceu,0,20,0,22548
חציר,חציר,uelut,0,20,42,22548
חצן,חצן,sinus,2,3,39,22548
חצן,חצן,gremium,0,3,1,22548
חצן,חצן,gurges,0,3,9,22548
חצן,חצן,pectus,0,3,8,22548
חצנ,חצן,sinus,2,3,39,22548
חצנ,חצן,gremium,0,3,1,22548
חצנ,חצן,gurges,0,3,9,22548
חצנ,חצן,pectus,0,3,8,22548
חצץ,חצץ,diuido,0,5,140,22548
חצץ,חצץ,discribo,0,5,0,22548
חצצרה,חצצרה,tuba,24,27,58,22548
חצצרה,חצצרה,lituus,0,27,0,22548
חצצרה,חצצרה,bucina,3,27,37,22548
חצצרה,חצצרה,tubula,0,27,0,22548
חצצרות,חצצרות,tuba,0,0,58,22548
חצצרות,חצצרות,lituus,0,0,0,22548
חצצרות,חצצרות,bucina,0,0,37,22548
חצצרות,חצצרות,tubula,0,0,0,22548
חצר,חצר,iudicium,0,180,361,22548
חצר,חצר,atrium,96,180,100,22548
חצר,חצר,aula,0,180,3,22548
חצר,חצר,tribunal,0,180,4,22548
חצר,חצר,castellum,1,180,3,22548
חצר,חצר,uilla,30,180,38,22548
חצר,חצר,uicus,2,180,11,22548
חק,חק,scitus,0,123,0,22548
חק,חק,equidem,0,123,3,22548
חק,חק,conuerto,2,123,187,22548
חק,חק,uerto,1,123,88,22548
חק,חק,dos,0,123,4,22548
חק,חק,pars,3,123,332,22548
חק,חק,fatum,0,123,0,22548
חק,חק,sors,0,123,82,22548
חק,חק,parca,0,123,0,22548
חק,חק,fati,0,123,0,22548
חק,חק,lex,25,123,252,22548
חק,חק,liceor,0,123,0,22548
חק,חק,mos,1,123,28,22548
חק,חק,ius,6,123,37,22548
חק,חק,consuetudo,1,123,12,22548
חק,חק,legitimus,10,123,28,22548
חק,חק,imperatus,0,123,0,22548
חקה,חקה,scitus,0,105,0,22548
חקה,חקה,imperatus,0,105,0,22548
חקה,חקה,lex,19,105,252,22548
חקה,חקה,liceor,0,105,0,22548
חקה,חקה,mos,2,105,28,22548
חקה,חקה,ius,2,105,37,22548
חקה,חקה,consuetudo,1,105,12,22548
חקה,חקה,legitimus,15,105,28,22548
חקימ,חקים,scitus,0,0,0,22548
חקימ,חקים,imperatus,0,0,0,22548
חקת,חקת,scitus,0,0,0,22548
חקת,חקת,lex,0,0,252,22548
חקת,חקת,liceor,0,0,0,22548
חקת,חקת,mos,0,0,28,22548
חקת,חקת,ius,0,0,37,22548
חקת,חקת,consuetudo,0,0,12,22548
חקת,חקת,legitimus,0,0,28,22548
חקת,חקת,imperatus,0,0,0,22548
חרב,חרב,pugio,0,436,2,22548
חרב,חרב,sica,1,436,1,22548
חרב,חרב,sicula,0,436,0,22548
חרב,חרב,calor,1,436,9,22548
חרב,חרב,aestus,6,436,12,22548
חרב,חרב,ardor,1,436,7,22548
חרב,חרב,surio,0,436,0,22548
חרב,חרב,subo,0,436,7,22548
חרב,חרב,gladius,327,436,353,22548
חרב,חרב,ferrum,2,436,41,22548
חרב,חרב,culter,2,436,5,22548
חרב,חרב,ensiculus,0,436,0,22548
חרב,חרב,ensifer,0,436,0,22548
חרב,חרב,sanguis,12,436,275,22548
חרב,חרב,mors,8,436,197,22548
חרב,חרב,occaedes,2,436,26,22548
חרב,חרב,interfacio,16,436,149,22548
חרב,חרב,caedes,4,436,14,22548
חרב,חרב,interfectrix,0,436,0,22548
חרבה,חרבה,siccus,4,46,18,22548
חרבה,חרבה,aridus,1,46,15,22548
חרבה,חרבה,gladius,5,46,353,22548
חרבה,חרבה,ferrum,0,46,41,22548
חרבה,חרבה,culter,0,46,5,22548
חרבו,חרבו,linquo,0,0,0,22548
חרבות,חרבות,solitudo,0,0,145,22548
חרבות,חרבות,desero,0,0,97,22548
חרבת,חרבת,solitudo,0,0,145,22548
חרבת,חרבת,desero,0,0,97,22548
חרג,חרג,exeo,0,1,81,22548
חרג,חרג,egredior,0,1,582,22548
חרג,חרג,prodeo,0,1,0,22548
חרד,חרד,tremesco,0,45,0,22548
חרד,חרד,intremo,0,45,2,22548
חרד,חרד,tremulus,0,45,0,22548
חרד,חרד,praetrepidus,0,45,0,22548
חרד,חרד,tremor,0,45,8,22548
חרד,חרד,excido,0,45,7,22548
חרדה,חרדה,metus,0,9,2,22548
חרדה,חרדה,pauor,0,9,31,22548
חרדה,חרדה,terror,1,9,46,22548
חרדה,חרדה,timor,0,9,74,22548
חרדה,חרדה,formido,1,9,47,22548
חרדה,חרדה,timeo,1,9,306,22548
חרדה,חרדה,metuo,0,9,23,22548
חרדה,חרדה,uereor,0,9,7,22548
חרדו,חרדו,excido,0,0,7,22548
חרה,חרה,obirascor,0,90,0,22548
חרה,חרה,animus,0,90,39,22548
חרה,חרה,spiritus,2,90,241,22548
חרה,חרה,furor,22,90,217,22548
חרה,חרה,ira,2,90,119,22548
חרה,חרה,cor,2,90,642,22548
חרה,חרה,pectus,0,90,8,22548
חרה,חרה,amor,0,90,13,22548
חרה,חרה,mens,0,90,38,22548
חרה,חרה,libido,0,90,5,22548
חרה,חרה,pectoralis,0,90,0,22548
חרה,חרה,animi,0,90,0,22548
חרה,חרה,iracundia,0,90,33,22548
חרה,חרה,irascor,52,90,98,22548
חרה,חרה,periratus,0,90,0,22548
חרון,חרון,animus,0,41,39,22548
חרון,חרון,spiritus,0,41,241,22548
חרון,חרון,furor,28,41,217,22548
חרון,חרון,ira,32,41,119,22548
חרון,חרון,cor,1,41,642,22548
חרון,חרון,pectus,0,41,8,22548
חרון,חרון,amor,0,41,13,22548
חרון,חרון,mens,0,41,38,22548
חרון,חרון,libido,0,41,5,22548
חרון,חרון,pectoralis,0,41,0,22548
חרון,חרון,animi,0,41,0,22548
חרון,חרון,iracundia,1,41,33,22548
חרון,חרון,irascor,1,41,98,22548
חרון,חרון,periratus,0,41,0,22548
חרון,חרון,bilis,0,41,0,22548
חרון,חרון,indignatio,8,41,91,22548
חרון,חרון,dolor,1,41,77,22548
חרונ,חרון,animus,0,41,39,22548
חרונ,חרון,spiritus,0,41,241,22548
חרונ,חרון,furor,28,41,217,22548
חרונ,חרון,ira,32,41,119,22548
חרונ,חרון,cor,1,41,642,22548
חרונ,חרון,pectus,0,41,8,22548
חרונ,חרון,amor,0,41,13,22548
חרונ,חרון,mens,0,41,38,22548
חרונ,חרון,libido,0,41,5,22548
חרונ,חרון,pectoralis,0,41,0,22548
חרונ,חרון,animi,0,41,0,22548
חרונ,חרון,iracundia,1,41,33,22548
חרוץ,חרוץ,seco,0,18,7,22548
חרוץ,חרוץ,caedo,0,18,68,22548
חרוץ,חרוץ,scindo,0,18,55,22548
חרוץ,חרוץ,caesa,0,18,0,22548
חרטם,חרטם,magus,3,12,8,22548
חרטם,חרטם,persea,0,12,0,22548
חרי,חרי,animus,0,11,39,22548
חרי,חרי,spiritus,0,11,241,22548
חרי,חרי,furor,1,11,217,22548
חרי,חרי,ira,1,11,119,22548
חרי,חרי,cor,0,11,642,22548
חרי,חרי,pectus,0,11,8,22548
חרי,חרי,amor,0,11,13,22548
חרי,חרי,mens,0,11,38,22548
חרי,חרי,libido,0,11,5,22548
חרי,חרי,pectoralis,0,11,0,22548
חרי,חרי,animi,0,11,0,22548
חרי,חרי,iracundia,0,11,33,22548
חרי,חרי,dux,3,11,155,22548
חרי,חרי,imperator,0,11,1,22548
חרי,חרי,rector,0,11,2,22548
חרי,חרי,miles,0,11,23,22548
חרי,חרי,princeps,0,11,610,22548
חריט,חריט,crumena,0,2,0,22548
חרימ,חרים,libero,0,0,139,22548
חרימ,חרים,ingenuus,0,0,0,22548
חרימ,חרים,libertas,0,0,4,22548
חרמ,חרם,sacrificium,0,83,152,22548
חרמ,חרם,oblatio,0,83,85,22548
חרמה,חרמה,destina,0,9,0,22548
חרמון,חרמון,agnos,0,14,0,22548
חרמון,חרמון,agnus,0,14,120,22548
חרמש,חרמש,falx,1,1,5,22548
חרמש,חרמש,scalprum,0,1,0,22548
חרף,חרף,auctumnalis,0,46,0,22548
חרף,חרף,exprobo,0,46,0,22548
חרף,חרף,obicio,0,46,2,22548
חרף,חרף,opprobrium,3,46,73,22548
חרף,חרף,obiectatio,0,46,0,22548
חרף,חרף,exprobro,27,46,32,22548
חרפ,חרף,uer,0,46,0,22548
חרפ,חרף,fons,0,46,70,22548
חרפ,חרף,exprobo,0,46,0,22548
חרפ,חרף,obicio,0,46,2,22548
חרפ,חרף,opprobrium,3,46,73,22548
חרפ,חרף,obiectatio,0,46,0,22548
חרפ,חרף,exprobro,27,46,32,22548
חרפה,חרפה,exprobo,0,64,0,22548
חרפה,חרפה,obicio,0,64,2,22548
חרפה,חרפה,opprobrium,61,64,73,22548
חרפה,חרפה,obiectatio,0,64,0,22548
חרפה,חרפה,exprobro,4,64,32,22548
חרפה,חרפה,probrum,0,64,0,22548
חרפה,חרפה,dedecus,0,64,0,22548
חרפות,חרפות,obiectatio,0,0,0,22548
חרפת,חרפת,obiectatio,0,0,0,22548
חרפת,חרפת,opprobrium,0,0,73,22548
חרפת,חרפת,probrum,0,0,0,22548
חרפת,חרפת,dedecus,0,0,0,22548
חרפת,חרפת,exprobro,0,0,32,22548
חרץ,חרץ,praecido,0,7,22,22548
חרץ,חרץ,abscido,0,7,14,22548
חרץ,חרץ,caesa,0,7,0,22548
חרצן,חרצן,labrusca,0,1,3,22548
חרצן,חרצן,uua,1,1,26,22548
חרש,חרש,aratrum,1,130,2,22548
חרש,חרש,aratro,0,130,0,22548
חרש,חרש,aro,11,130,30,22548
חרש,חרש,arater,0,130,0,22548
חרש,חרש,surdus,10,130,10,22548
חרש,חרש,concha,0,130,0,22548
חרש,חרש,lutum,1,130,29,22548
חרש,חרש,argilla,0,130,0,22548
חרש,חרש,faber,11,130,18,22548
חרש,חרש,architectus,1,130,1,22548
חרש,חרש,aurifex,1,130,2,22548
חרשה,חרשה,nouus,0,4,83,22548
חרשה,חרשה,mustus,0,4,3,22548
חרשימ,חרשים,surdus,0,0,10,22548
חרשת,חרשת,silua,0,7,29,22548
חרשת,חרשת,tignum,0,7,1,22548
חרשת,חרשת,materia,0,7,1,22548
חרשת,חרשת,lignum,2,7,254,22548
חש,חש,praesens,0,0,76,22548
חש,חש,munus,0,0,91,22548
חש,חש,dono,0,0,11,22548
חש,חש,donum,0,0,25,22548
חש,חש,adsum,0,0,27,22548
חשב,חשב,quia,5,127,1439,22548
חשב,חשב,propter,3,127,292,22548
חשב,חשב,causa,1,127,85,22548
חשב,חשב,ratio,2,127,11,22548
חשב,חשב,propterea,3,127,119,22548
חשב,חשב,tabula,0,127,57,22548
חשב,חשב,ob,0,127,67,22548
חשב,חשב,per,2,127,1097,22548
חשב,חשב,sicut,5,127,851,22548
חשב,חשב,argumentum,0,127,1,22548
חשב,חשב,contio,0,127,3,22548
חשב,חשב,fabula,0,127,2,22548
חשב,חשב,uerbi,0,127,0,22548
חשב,חשב,oratio,0,127,64,22548
חשב,חשב,uerbum,3,127,712,22548
חשב,חשב,sermo,2,127,429,22548
חשב,חשב,uox,3,127,345,22548
חשב,חשב,trilix,0,127,0,22548
חשב,חשב,trabea,0,127,0,22548
חשב,חשב,numero,0,127,73,22548
חשוכ,חשוך,tenebrae,1,1,97,22548
חשוכ,חשוך,caligo,0,1,36,22548
חשוכ,חשוך,obscuritas,0,1,0,22548
חשוק,חשוק,aureus,0,8,142,22548
חשוק,חשוק,aurum,1,8,229,22548
חשחינ,חשחין,habeo,0,0,694,22548
חשחינ,חשחין,teneo,0,0,116,22548
חשחינ,חשחין,possideo,0,0,160,22548
חשחינ,חשחין,usus,0,0,29,22548
חשחינ,חשחין,necessitas,0,0,5,22548
חשחינ,חשחין,opus,0,0,417,22548
חשחינ,חשחין,utor,0,0,22,22548
חשך,חשך,tenebrae,69,119,97,22548
חשך,חשך,caligo,12,119,36,22548
חשך,חשך,obscuritas,0,119,0,22548
חשך,חשך,uir,5,119,1154,22548
חשך,חשך,homo,2,119,780,22548
חשך,חשך,mortalis,0,119,3,22548
חשכ,חשך,tenebrae,69,119,97,22548
חשכ,חשך,caligo,12,119,36,22548
חשכ,חשך,obscuritas,0,119,0,22548
חשכ,חשך,parco,9,119,65,22548
חשכ,חשך,imperco,0,119,0,22548
חשכה,חשכה,tenebrae,5,6,97,22548
חשכה,חשכה,caligo,1,6,36,22548
חשכה,חשכה,obscuritas,0,6,0,22548
חשכת,חשכת,parco,0,0,65,22548
חשכת,חשכת,imperco,0,0,0,22548
חשן,חשן,iudicium,3,21,361,22548
חשן,חשן,seges,0,21,18,22548
חשן,חשן,aurum,4,21,229,22548
חשן,חשן,aureus,5,21,142,22548
חשנ,חשן,tripedalis,0,21,0,22548
חשק,חשק,negotior,0,14,2,22548
חשק,חשק,uolo,2,14,226,22548
חשק,חשק,malo,0,14,0,22548
חשק,חשק,eligo,2,14,209,22548
חתו,חתו,clades,0,0,0,22548
חתו,חתו,fuga,0,0,14,22548
חתול,חתול,lineus,0,1,7,22548
חתית,חתית,tonsilis,0,5,0,22548
חתית,חתית,uita,0,5,169,22548
חתית,חתית,anima,0,5,602,22548
חתית,חתית,uictus,0,5,5,22548
חתית,חתית,gladius,4,5,353,22548
חתית,חתית,ferrum,0,5,41,22548
חתית,חתית,culter,0,5,5,22548
חתית,חתית,metus,0,5,2,22548
חתית,חתית,pauor,0,5,31,22548
חתית,חתית,terror,2,5,46,22548
חתית,חתית,timor,0,5,74,22548
חתית,חתית,formido,2,5,47,22548
חתית,חתית,timeo,0,5,306,22548
חתית,חתית,metuo,0,5,23,22548
חתית,חתית,uereor,0,5,7,22548
חתם,חתם,signum,3,21,116,22548
חתם,חתם,insigne,0,21,0,22548
חתם,חתם,obsigno,1,21,1,22548
חתן,חתן,gener,11,51,12,22548
חתן,חתן,socer,4,51,14,22548
חתנ,חתן,gener,11,51,12,22548
חתנ,חתן,socer,4,51,14,22548
חתנ,חתן,sisto,0,51,0,22548
חתנ,חתן,sto,0,51,425,22548
חתנ,חתן,constituo,0,51,186,22548
חתנ,חתן,erigo,0,51,60,22548
חתנ,חתן,nymphon,0,51,0,22548
חתנה,חתנה,nuptiae,0,1,6,22548
חתנה,חתנה,matrimonium,0,1,2,22548
חתנה,חתנה,nuptus,0,1,0,22548
חתנה,חתנה,inanis,0,1,8,22548
חתנה,חתנה,dedo,0,1,4,22548
חתר,חתר,fodio,1,7,36,22548
חתר,חתר,perfosso,0,7,0,22548
חתר,חתר,murus,0,7,158,22548
חתר,חתר,paries,4,7,67,22548
חתר,חתר,moenia,0,7,5,22548
חתר,חתר,costa,0,7,3,22548
טב,טב,bonus,1,2,316,22548
טב,טב,probus,0,2,2,22548
טב,טב,fortis,0,2,262,22548
טב,טב,bene,0,2,65,22548
טב,טב,nobilis,0,2,17,22548
טב,טב,perbonus,0,2,0,22548
טב,טב,ualeo,0,2,38,22548
טב,טב,ius,0,2,37,22548
טב,טב,puteus,0,2,37,22548
טב,טב,pulcher,0,2,69,22548
טב,טב,formosus,0,2,0,22548
טב,טב,aequus,0,2,22,22548
טב,טב,speciosus,0,2,24,22548
טב,טב,posterus,0,2,25,22548
טב,טב,dexter,0,2,104,22548
טב,טב,bellus,0,2,0,22548
טב,טב,serius,0,2,0,22548
טבה,טבה,bonus,0,0,316,22548
טבה,טבה,probus,0,0,2,22548
טבה,טבה,fortis,0,0,262,22548
טבה,טבה,bene,0,0,65,22548
טבור,טבור,umbilicus,2,2,6,22548
טבור,טבור,omphalos,0,2,0,22548
טבות,טבות,pulcher,0,0,69,22548
טבות,טבות,formosus,0,0,0,22548
טבות,טבות,bonus,0,0,316,22548
טבות,טבות,nobilis,0,0,17,22548
טבות,טבות,bene,0,0,65,22548
טבות,טבות,ius,0,0,37,22548
טבות,טבות,aequus,0,0,22,22548
טבות,טבות,speciosus,0,0,24,22548
טבות,טבות,ualeo,0,0,38,22548
טבות,טבות,posterus,0,0,25,22548
טבות,טבות,dexter,0,0,104,22548
טבות,טבות,puteus,0,0,37,22548
טבות,טבות,bellus,0,0,0,22548
טבח,טבח,caedes,2,52,14,22548
טבח,טבח,plago,0,52,1,22548
טבימ,טבים,bonus,0,0,316,22548
טבימ,טבים,probus,0,0,2,22548
טבימ,טבים,fortis,0,0,262,22548
טבימ,טבים,bene,0,0,65,22548
טבל,טבל,baptisma,0,16,0,22548
טבל,טבל,digitus,4,16,39,22548
טבל,טבל,septingenties,0,16,0,22548
טבל,טבל,septies,0,16,0,22548
טבל,טבל,hysopites,0,16,0,22548
טבל,טבל,hysopum,4,16,9,22548
טבע,טבע,sido,0,9,5,22548
טבעות,טבעות,duo,0,0,461,22548
טבעות,טבעות,uter,0,0,5,22548
טבעות,טבעות,bini,0,0,12,22548
טבעת,טבעת,latus,10,40,111,22548
טבעת,טבעת,amplus,0,40,0,22548
טבעת,טבעת,spatiosus,0,40,8,22548
טבעת,טבעת,latitudo,0,40,93,22548
טבעת,טבעת,fero,4,40,342,22548
טבעת,טבעת,procul,0,40,55,22548
טבעת,טבעת,anulus,21,40,28,22548
טבעת,טבעת,aureus,16,40,142,22548
טבעת,טבעת,aurum,1,40,229,22548
טבת,טבת,pulcher,0,2,69,22548
טבת,טבת,formosus,0,2,0,22548
טבת,טבת,bonus,0,2,316,22548
טבת,טבת,nobilis,0,2,17,22548
טבת,טבת,bene,0,2,65,22548
טבת,טבת,ius,0,2,37,22548
טבת,טבת,aequus,0,2,22,22548
טבת,טבת,speciosus,0,2,24,22548
טבת,טבת,ualeo,0,2,38,22548
טבת,טבת,posterus,0,2,25,22548
טבת,טבת,dexter,0,2,104,22548
טבת,טבת,puteus,0,2,37,22548
טבת,טבת,bellus,0,2,0,22548
טהור,טהור,mundus,0,0,97,22548
טהור,טהור,purus,0,0,43,22548
טהורה,טהורה,mundus,0,0,97,22548
טהורה,טהורה,purus,0,0,43,22548
טהר,טהר,mundus,66,161,97,22548
טהר,טהר,purus,21,161,43,22548
טהרה,טהרה,purgatio,1,14,1,22548
טהרה,טהרה,mundus,1,14,97,22548
טהרה,טהרה,purus,0,14,43,22548
טהרה,טהרה,smecticus,0,14,0,22548
טוב,טוב,bonus,220,479,316,22548
טוב,טוב,probus,0,479,2,22548
טוב,טוב,fortis,3,479,262,22548
טוב,טוב,bene,22,479,65,22548
טוב,טוב,placeo,38,479,142,22548
טוב,טוב,plausibilis,0,479,0,22548
טוב,טוב,pulcher,18,479,69,22548
טוב,טוב,formosus,0,479,0,22548
טוב,טוב,nobilis,0,479,17,22548
טוב,טוב,ius,1,479,37,22548
טוב,טוב,aequus,0,479,22,22548
טוב,טוב,speciosus,4,479,24,22548
טוב,טוב,ualeo,2,479,38,22548
טוב,טוב,posterus,1,479,25,22548
טוב,טוב,dexter,0,479,104,22548
טוב,טוב,puteus,0,479,37,22548
טוב,טוב,bellus,0,479,0,22548
טוב,טוב,ualidus,0,479,15,22548
טוב,טוב,melioro,0,479,0,22548
טוב,טוב,unguentum,5,479,21,22548
טוב,טוב,integer,0,479,11,22548
טוב,טוב,rego,3,479,37,22548
טוב,טוב,probitas,0,479,0,22548
טובה,טובה,bonus,58,106,316,22548
טובה,טובה,probus,0,106,2,22548
טובה,טובה,fortis,1,106,262,22548
טובה,טובה,bene,2,106,65,22548
טובה,טובה,pulcher,2,106,69,22548
טובה,טובה,formosus,0,106,0,22548
טובה,טובה,nobilis,0,106,17,22548
טובה,טובה,ius,0,106,37,22548
טובה,טובה,aequus,0,106,22,22548
טובה,טובה,speciosus,1,106,24,22548
טובה,טובה,ualeo,0,106,38,22548
טובה,טובה,posterus,0,106,25,22548
טובה,טובה,dexter,0,106,104,22548
טובה,טובה,puteus,0,106,37,22548
טובה,טובה,bellus,0,106,0,22548
טובימ,טובים,bonus,0,0,316,22548
טובימ,טובים,probus,0,0,2,22548
טובימ,טובים,fortis,0,0,262,22548
טובימ,טובים,bene,0,0,65,22548
טובימ,טובים,pulcher,0,0,69,22548
טובימ,טובים,formosus,0,0,0,22548
טובימ,טובים,nobilis,0,0,17,22548
טובימ,טובים,ius,0,0,37,22548
טובימ,טובים,aequus,0,0,22,22548
טובימ,טובים,speciosus,0,0,24,22548
טובימ,טובים,ualeo,0,0,38,22548
טובימ,טובים,posterus,0,0,25,22548
טובימ,טובים,dexter,0,0,104,22548
טובימ,טובים,puteus,0,0,37,22548
טובימ,טובים,bellus,0,0,0,22548
טובת,טובת,bonus,0,0,316,22548
טובת,טובת,probus,0,0,2,22548
טובת,טובת,fortis,0,0,262,22548
טובת,טובת,bene,0,0,65,22548
טובת,טובת,probitas,0,0,0,22548
טוח,טוח,lapis,3,10,216,22548
טוח,טוח,saxum,0,10,12,22548
טוח,טוח,marmor,0,10,4,22548
טוח,טוח,marmoreus,0,10,2,22548
טוח,טוח,gemma,0,10,19,22548
טוח,טוח,petrinus,0,10,0,22548
טוח,טוח,aedes,0,10,27,22548
טוח,טוח,familia,0,10,182,22548
טוח,טוח,templum,1,10,192,22548
טוח,טוח,apud,0,10,144,22548
טוח,טוח,tectum,0,10,43,22548
טוח,טוח,penates,0,10,0,22548
טוח,טוח,cognatio,0,10,146,22548
טוח,טוח,domus,2,10,1485,22548
טוח,טוח,murus,0,10,158,22548
טוח,טוח,paries,5,10,67,22548
טוח,טוח,moenia,0,10,5,22548
טוח,טוח,costa,0,10,3,22548
טוטפת,טוטפת,immotus,0,3,0,22548
טוטפת,טוטפת,inagitatus,0,3,0,22548
טוטפת,טוטפת,signum,3,3,116,22548
טוטפת,טוטפת,testimonium,0,3,151,22548
טוטפת,טוטפת,argumentum,0,3,1,22548
טוטפת,טוטפת,insigne,0,3,0,22548
טול,טול,iacio,0,14,25,22548
טול,טול,mitto,7,14,653,22548
טול,טול,peto,0,14,48,22548
טול,טול,ferio,0,14,19,22548
טול,טול,icio,0,14,0,22548
טול,טול,proicio,1,14,121,22548
טול,טול,eicio,1,14,79,22548
טול,טול,expello,0,14,16,22548
טול,טול,eiecto,0,14,0,22548
טול,טול,reiecto,0,14,0,22548
טור,טור,pello,0,22,2,22548
טור,טור,ago,0,22,146,22548
טור,טור,fugo,0,22,14,22548
טור,טור,impello,0,22,0,22548
טור,טור,iter,0,22,78,22548
טור,טור,mons,2,22,470,22548
טור,טור,iugum,0,22,44,22548
טור,טור,collis,0,22,66,22548
טור,טור,serum,0,22,0,22548
טור,טור,terminus,0,22,162,22548
טור,טור,ordo,11,22,56,22548
טור,טור,antes,0,22,0,22548
טור,טור,quadraginta,1,22,116,22548
טור,טור,quattuor,4,22,161,22548
טור,טור,altitudo,1,22,59,22548
טור,טור,arx,0,22,6,22548
טחה,טחה,sagitto,0,1,4,22548
טחרי,טחרי,sessio,0,0,4,22548
טחרים,טחרים,sessio,0,7,4,22548
טחרים,טחרים,aureus,3,7,142,22548
טחרים,טחרים,aurum,0,7,229,22548
טחרימ,טחרים,sessio,0,7,4,22548
טיט,טיט,lutum,11,12,29,22548
טיט,טיט,argilla,0,12,0,22548
טין,טין,lutum,2,2,29,22548
טין,טין,argilla,0,2,0,22548
טירה,טירה,mensor,0,7,1,22548
טל,טל,ros,26,29,28,22548
טל,טל,roscidus,0,29,0,22548
טל,טל,lanugino,0,29,0,22548
טל,טל,mallus,0,29,0,22548
טלא,טלא,probata,0,6,0,22548
טלא,טלא,protentus,0,6,0,22548
טלה,טלה,agnos,0,2,0,22548
טלה,טלה,agnus,2,2,120,22548
טלה,טלה,agninus,0,2,0,22548
טלוא,טלוא,peralbus,0,0,0,22548
טלוא,טלוא,percandidus,0,0,0,22548
טלי,טלי,agnos,0,0,0,22548
טלי,טלי,agnus,0,0,120,22548
טלי,טלי,agninus,0,0,0,22548
טלל,טלל,tectum,0,1,43,22548
טמא,טמא,immundus,82,204,95,22548
טמא,טמא,obsoleto,0,204,0,22548
טמאה,טמאה,immunditia,14,31,31,22548
טמאה,טמאה,immundus,7,31,95,22548
טמאו,טמאו,obsoleto,0,0,0,22548
טמן,טמן,pecunia,0,28,72,22548
טמן,טמן,argenteus,0,28,78,22548
טמן,טמן,nummus,0,28,1,22548
טמן,טמן,argentum,3,28,189,22548
טמן,טמן,celo,1,28,45,22548
טמן,טמן,abscondo,20,28,141,22548
טמן,טמן,occulo,0,28,1,22548
טמן,טמן,operio,2,28,159,22548
טמנו,טמנו,celo,0,0,45,22548
טמנו,טמנו,abscondo,0,0,141,22548
טמנו,טמנו,occulo,0,0,1,22548
טמנו,טמנו,operio,0,0,159,22548
טנא,טנא,panarium,0,4,0,22548
טנא,טנא,cophinus,0,4,0,22548
טעה,טעה,uago,0,1,1,22548
טעם,טעם,gusto,4,43,7,22548
טעם,טעם,sapor,2,43,2,22548
טעמ,טעם,sententia,3,43,30,22548
טעמ,טעם,iudicium,0,43,361,22548
טעמ,טעם,consilium,2,43,139,22548
טעמ,טעם,animus,0,43,39,22548
טעמ,טעם,mens,0,43,38,22548
טעמ,טעם,opinio,0,43,0,22548
טעמ,טעם,existimo,0,43,1,22548
טעמ,טעם,censeo,0,43,0,22548
טעמ,טעם,sentio,0,43,12,22548
טעמ,טעם,existimatio,0,43,0,22548
טעמ,טעם,ratio,0,43,11,22548
טעמ,טעם,decerno,2,43,23,22548
טעמ,טעם,decretum,5,43,8,22548
טעמ,טעם,iudico,0,43,181,22548
טעמ,טעם,iudex,0,43,63,22548
טעמ,טעם,reciperator,0,43,0,22548
טעמ,טעם,statuo,2,43,62,22548
טעמ,טעם,uultus,0,43,82,22548
טעמ,טעם,facies,0,43,497,22548
טעמ,טעם,os,2,43,459,22548
טעמ,טעם,ora,0,43,8,22548
טעמ,טעם,persona,0,43,13,22548
טעמתי,טעמתי,gusto,0,0,7,22548
טעמתי,טעמתי,sapor,0,0,2,22548
טף,טף,stercus,0,42,16,22548
טף,טף,probata,0,42,0,22548
טף,טף,filius,9,42,3345,22548
טף,טף,puer,3,42,220,22548
טף,טף,iuuencus,0,42,0,22548
טפ,טף,stercus,0,42,16,22548
טפ,טף,filius,9,42,3345,22548
טפ,טף,puer,3,42,220,22548
טפ,טף,iuuencus,0,42,0,22548
טפ,טף,natus,0,42,2,22548
טפ,טף,proles,0,42,0,22548
טפ,טף,liberi,5,42,51,22548
טפ,טף,meus,1,42,2759,22548
טפח,טפח,pollicaris,0,9,0,22548
טפח,טפח,cubitus,1,9,4,22548
טפח,טפח,cubitum,2,9,106,22548
טפחה,טפחה,pollicaris,0,2,0,22548
טפר,טפר,ungula,0,0,21,22548
טפרו,טפרו,ungula,0,0,21,22548
טרד,טרד,depello,0,2,0,22548
טרדינ,טרדין,uenatura,0,0,0,22548
טרח,טרח,onus,0,3,55,22548
טרח,טרח,onusto,0,3,0,22548
טרח,טרח,grauido,0,3,0,22548
טרח,טרח,belua,0,3,0,22548
טרח,טרח,iumentum,0,3,117,22548
טריפה,טריפה,praeda,1,9,75,22548
טריפה,טריפה,colleuo,0,9,0,22548
טריפה,טריפה,deleuo,0,9,0,22548
טריפה,טריפה,mansuetarius,0,9,0,22548
טרם,טרם,donec,1,47,221,22548
טרם,טרם,usque,3,47,812,22548
טרם,טרם,ante,3,47,353,22548
טרמ,טרם,donec,1,47,221,22548
טרמ,טרם,usque,3,47,812,22548
טרמ,טרם,ante,3,47,353,22548
טרף,טרף,rapio,1,40,41,22548
טרף,טרף,corripio,0,40,24,22548
טרף,טרף,uenatio,0,40,9,22548
טרף,טרף,uenatus,0,40,0,22548
טרף,טרף,leo,16,40,94,22548
טרף,טרף,scymnus,0,40,0,22548
טרפ,טרף,rapio,1,40,41,22548
טרפ,טרף,corripio,0,40,24,22548
טרפ,טרף,fio,0,40,188,22548
טרפ,טרף,nascor,0,40,103,22548
טרפ,טרף,orior,0,40,52,22548
טרפ,טרף,gigno,0,40,190,22548
טרפ,טרף,sum,16,40,9821,22548
טרפ,טרף,uenatio,0,40,9,22548
טרפ,טרף,uenatus,0,40,0,22548
טרפ,טרף,fera,0,40,3,22548
טרפ,טרף,bestia,2,40,81,22548
טרפ,טרף,belua,0,40,0,22548
טרפ,טרף,ferus,1,40,3,22548
טרפ,טרף,iumentum,0,40,117,22548
טרפ,טרף,animal,0,40,43,22548
טרפה,טרפה,mansuetarius,0,0,0,22548
יאב,יאב,longus,0,1,36,22548
יאב,יאב,procerus,0,1,3,22548
יאב,יאב,longitudo,0,1,80,22548
יאב,יאב,longinquitas,0,1,0,22548
יאב,יאב,diu,0,1,1,22548
יאב,יאב,multus,0,1,411,22548
יאב,יאב,magnus,0,1,493,22548
יאב,יאב,procul,0,1,55,22548
יאב,יאב,superus,0,1,1,22548
יאב,יאב,absum,0,1,16,22548
יאב,יאב,summus,0,1,30,22548
יאב,יאב,grandis,0,1,104,22548
יאב,יאב,tempus,0,1,407,22548
יאב,יאב,tum,0,1,2,22548
יאב,יאב,aetas,0,1,23,22548
יאב,יאב,temporis,0,1,0,22548
יאבדו,יאבדו,pereo,0,0,156,22548
יאבדו,יאבדו,perdo,0,0,60,22548
יאבדו,יאבדו,amitto,0,0,4,22548
יאבדו,יאבדו,mors,0,0,197,22548
יאבדו,יאבדו,deleo,0,0,128,22548
יאבדו,יאבדו,intereo,0,0,35,22548
יאבדו,יאבדו,ruina,0,0,51,22548
יאבדו,יאבדו,disperdo,0,0,76,22548
יאבדו,יאבדו,interfacio,0,0,149,22548
יאבדו,יאבדו,morior,0,0,469,22548
יאבדו,יאבדו,exitium,0,0,0,22548
יאבדו,יאבדו,occido,0,0,196,22548
יאהב,יאהב,amo,0,0,68,22548
יאהב,יאהב,diligo,0,0,173,22548
יאהב,יאהב,amor,0,0,13,22548
יאהב,יאהב,contentus,0,0,2,22548
יאור,יאור,flumen,0,0,101,22548
יאור,יאור,fluuius,0,0,63,22548
יאור,יאור,amnis,0,0,4,22548
יאחז,יאחז,teneo,0,0,116,22548
יאחז,יאחז,obtineo,0,0,28,22548
יאחז,יאחז,potior,0,0,1,22548
יאחז,יאחז,uictoria,0,0,20,22548
יאחז,יאחז,dominus,0,0,5912,22548
יאחז,יאחז,erus,0,0,0,22548
יאחז,יאחז,uinco,0,0,23,22548
יאחז,יאחז,uictor,0,0,48,22548
יאיר,יאיר,illuceo,0,15,0,22548
יאיר,יאיר,illumino,1,15,3,22548
יאכל,יאכל,edo,0,0,26,22548
יאכל,יאכל,comedo,0,0,313,22548
יאכל,יאכל,uescor,0,0,9,22548
יאכל,יאכל,manduco,0,0,6,22548
יאכל,יאכל,deuoro,0,0,103,22548
יאכל,יאכל,esco,0,0,0,22548
יאכלו,יאכלו,edo,0,0,26,22548
יאכלו,יאכלו,comedo,0,0,313,22548
יאכלו,יאכלו,uescor,0,0,9,22548
יאכלו,יאכלו,manduco,0,0,6,22548
יאכלונ,יאכלון,edo,0,0,26,22548
יאכלונ,יאכלון,comedo,0,0,313,22548
יאכלונ,יאכלון,uescor,0,0,9,22548
יאכלונ,יאכלון,manduco,0,0,6,22548
יאל,יאל,impero,0,24,49,22548
יאל,יאל,rego,0,24,37,22548
יאל,יאל,dominor,0,24,50,22548
יאל,יאל,incipio,1,24,19,22548
יאל,יאל,coepio,4,24,28,22548
יאל,יאל,duco,0,24,179,22548
יאל,יאל,magistratus,0,24,19,22548
יאל,יאל,princeps,1,24,610,22548
יאל,יאל,praecipio,0,24,448,22548
יאל,יאל,imperium,0,24,59,22548
יאל,יאל,occipio,0,24,0,22548
יאל,יאל,iubeo,0,24,75,22548
יאל,יאל,honor,0,24,17,22548
יאל,יאל,praesum,0,24,33,22548
יאל,יאל,guberno,0,24,6,22548
יאל,יאל,ordior,0,24,3,22548
יאמינו,יאמינו,spero,0,0,69,22548
יאמינו,יאמינו,confido,0,0,57,22548
יאמינו,יאמינו,existimo,0,0,1,22548
יאמינו,יאמינו,fiducia,0,0,47,22548
יאמינו,יאמינו,credo,0,0,59,22548
יאמנ,יאמן,spero,0,0,69,22548
יאמנ,יאמן,confido,0,0,57,22548
יאמנ,יאמן,existimo,0,0,1,22548
יאמנ,יאמן,fiducia,0,0,47,22548
יאמנ,יאמן,credo,0,0,59,22548
יאמר,יאמר,quaero,0,0,249,22548
יאמר,יאמר,peto,0,0,48,22548
יאמר,יאמר,interrogo,0,0,79,22548
יאמר,יאמר,postulo,0,0,39,22548
יאמר,יאמר,rogo,0,0,51,22548
יאמר,יאמר,appello,0,0,48,22548
יאמר,יאמר,nomino,0,0,16,22548
יאמר,יאמר,nomen,0,0,730,22548
יאמר,יאמר,inuito,0,0,5,22548
יאמר,יאמר,uoco,0,0,413,22548
יאמר,יאמר,dico,0,0,3485,22548
יאמר,יאמר,loquor,0,0,1092,22548
יאמר,יאמר,aio,0,0,898,22548
יאמרו,יאמרו,quaero,0,0,249,22548
יאמרו,יאמרו,peto,0,0,48,22548
יאמרו,יאמרו,interrogo,0,0,79,22548
יאמרו,יאמרו,postulo,0,0,39,22548
יאמרו,יאמרו,rogo,0,0,51,22548
יאמרו,יאמרו,dico,0,0,3485,22548
יאמרו,יאמרו,loquor,0,0,1092,22548
יאמרו,יאמרו,aio,0,0,898,22548
יאמרו,יאמרו,uoco,0,0,413,22548
יאמרו,יאמרו,appello,0,0,48,22548
יאספ,יאסף,accedo,0,0,108,22548
יאספ,יאסף,adicio,0,0,15,22548
יאספ,יאסף,adiungo,0,0,4,22548
יאספ,יאסף,addo,0,0,103,22548
יאספ,יאסף,congrego,0,0,255,22548
יאספ,יאסף,simul,0,0,145,22548
יאספ,יאסף,colligo,0,0,77,22548
יאספו,יאספו,congrego,0,0,255,22548
יאספו,יאספו,simul,0,0,145,22548
יאספו,יאספו,colligo,0,0,77,22548
יאסר,יאסר,coniugo,0,0,0,22548
יאר,יאר,flumen,26,44,101,22548
יאר,יאר,fluuius,15,44,63,22548
יאר,יאר,amnis,2,44,4,22548
יארי,יארי,flumen,0,0,101,22548
יארי,יארי,fluuius,0,0,63,22548
יארי,יארי,amnis,0,0,4,22548
יארי,יארי,aqua,0,0,505,22548
יארי,יארי,meio,0,0,0,22548
יארי,יארי,aquae,0,0,0,22548
יארי,יארי,unda,0,0,1,22548
יארי,יארי,lympha,0,0,0,22548
יאש,יאש,despero,3,6,9,22548
יאש,יאש,repudiatio,0,6,0,22548
יאשיהו,יאשיהו,regno,5,46,216,22548
יאשיהו,יאשיהו,rex,29,46,1935,22548
יבא,יבא,duco,0,0,179,22548
יבא,יבא,ago,0,0,146,22548
יבא,יבא,affero,0,0,107,22548
יבא,יבא,adduco,0,0,215,22548
יבא,יבא,educo,0,0,242,22548
יבא,יבא,fero,0,0,342,22548
יבא,יבא,deduco,0,0,50,22548
יבא,יבא,induco,0,0,68,22548
יבא,יבא,defero,0,0,42,22548
יבא,יבא,introduco,0,0,83,22548
יבא,יבא,infero,0,0,73,22548
יבא,יבא,offertor,0,0,153,22548
יבא,יבא,plumbum,0,0,7,22548
יבא,יבא,intro,0,0,94,22548
יבא,יבא,introeo,0,0,36,22548
יבא,יבא,ingredior,0,0,482,22548
יבא,יבא,subeo,0,0,2,22548
יבא,יבא,confero,0,0,12,22548
יבא,יבא,uenio,0,0,1274,22548
יבא,יבא,eo,0,0,245,22548
יבא,יבא,pergo,0,0,157,22548
יבא,יבא,meo,0,0,0,22548
יבא,יבא,redeo,0,0,30,22548
יבא,יבא,reuorto,0,0,75,22548
יבא,יבא,par,0,0,7,22548
יבא,יבא,fortasse,0,0,0,22548
יבא,יבא,aequo,0,0,1,22548
יבא,יבא,fors,0,0,0,22548
יבא,יבא,forsitan,0,0,24,22548
יבא,יבא,aequus,0,0,22,22548
יבא,יבא,aduenio,0,0,27,22548
יבא,יבא,porto,0,0,176,22548
יבא,יבא,gero,0,0,27,22548
יבאו,יבאו,intro,0,0,94,22548
יבאו,יבאו,introeo,0,0,36,22548
יבאו,יבאו,ingredior,0,0,482,22548
יבאו,יבאו,subeo,0,0,2,22548
יבאו,יבאו,uenio,0,0,1274,22548
יבאו,יבאו,eo,0,0,245,22548
יבאו,יבאו,pergo,0,0,157,22548
יבאו,יבאו,meo,0,0,0,22548
יבאו,יבאו,redeo,0,0,30,22548
יבאו,יבאו,reuorto,0,0,75,22548
יבאו,יבאו,par,0,0,7,22548
יבאו,יבאו,fortasse,0,0,0,22548
יבאו,יבאו,aequo,0,0,1,22548
יבאו,יבאו,fors,0,0,0,22548
יבאו,יבאו,forsitan,0,0,24,22548
יבאו,יבאו,aequus,0,0,22,22548
יבאו,יבאו,aduenio,0,0,27,22548
יבאו,יבאו,fero,0,0,342,22548
יבאו,יבאו,porto,0,0,176,22548
יבאו,יבאו,gero,0,0,27,22548
יבאו,יבאו,affero,0,0,107,22548
יבאו,יבאו,adduco,0,0,215,22548
יבאו,יבאו,educo,0,0,242,22548
יבאו,יבאו,duco,0,0,179,22548
יבאו,יבאו,induco,0,0,68,22548
יבאו,יבאו,defero,0,0,42,22548
יבאו,יבאו,introduco,0,0,83,22548
יבאו,יבאו,infero,0,0,73,22548
יבאו,יבאו,offertor,0,0,153,22548
יבב,יבב,gemitus,0,1,19,22548
יבב,יבב,planctus,0,1,20,22548
יבב,יבב,luctus,0,1,20,22548
יבב,יבב,fletus,0,1,25,22548
יבדל,יבדל,discludo,0,0,0,22548
יבדל,יבדל,dispesco,0,0,0,22548
יבוא,יבוא,intro,0,0,94,22548
יבוא,יבוא,introeo,0,0,36,22548
יבוא,יבוא,ingredior,0,0,482,22548
יבוא,יבוא,subeo,0,0,2,22548
יבוא,יבוא,uenio,0,0,1274,22548
יבוא,יבוא,eo,0,0,245,22548
יבוא,יבוא,pergo,0,0,157,22548
יבוא,יבוא,meo,0,0,0,22548
יבוא,יבוא,redeo,0,0,30,22548
יבוא,יבוא,reuorto,0,0,75,22548
יבוא,יבוא,aduenio,0,0,27,22548
יבוא,יבוא,praesens,0,0,76,22548
יבוא,יבוא,munus,0,0,91,22548
יבוא,יבוא,dono,0,0,11,22548
יבוא,יבוא,donum,0,0,25,22548
יבוא,יבוא,adsum,0,0,27,22548
יבול,יבול,fructus,2,11,110,22548
יבול,יבול,pomum,2,11,19,22548
יבול,יבול,messis,0,11,32,22548
יבול,יבול,profero,1,11,45,22548
יבול,יבול,gigno,1,11,190,22548
יבול,יבול,produco,0,11,20,22548
יבול,יבול,copia,0,11,6,22548
יבול,יבול,commeatus,0,11,0,22548
יבול,יבול,praebeo,1,11,49,22548
יבול,יבול,prosero,0,11,0,22548
יבול,יבול,silua,0,11,29,22548
יבול,יבול,tignum,0,11,1,22548
יבול,יבול,materia,0,11,1,22548
יבול,יבול,lignum,1,11,254,22548
יבז,יבז,indignus,0,0,1,22548
יבזו,יבזו,praeda,0,0,75,22548
יבזו,יבזו,diripio,0,0,38,22548
יבחר,יבחר,excerpo,0,0,0,22548
יבט,יבט,perspecto,0,0,0,22548
יבט,יבט,introspicio,0,0,0,22548
יביא,יביא,affero,0,0,107,22548
יביא,יביא,adduco,0,0,215,22548
יביא,יביא,induco,0,0,68,22548
יביא,יביא,attulo,0,0,0,22548
יביא,יביא,fero,0,0,342,22548
יביא,יביא,porto,0,0,176,22548
יביא,יביא,gero,0,0,27,22548
יביא,יביא,educo,0,0,242,22548
יביא,יביא,duco,0,0,179,22548
יביא,יביא,defero,0,0,42,22548
יביא,יביא,introduco,0,0,83,22548
יביא,יביא,infero,0,0,73,22548
יביא,יביא,offertor,0,0,153,22548
יביאו,יביאו,duco,0,0,179,22548
יביאו,יביאו,ago,0,0,146,22548
יביאו,יביאו,affero,0,0,107,22548
יביאו,יביאו,adduco,0,0,215,22548
יביאו,יביאו,educo,0,0,242,22548
יביאו,יביאו,fero,0,0,342,22548
יביאו,יביאו,deduco,0,0,50,22548
יביאו,יביאו,induco,0,0,68,22548
יביאו,יביאו,defero,0,0,42,22548
יביאו,יביאו,introduco,0,0,83,22548
יביאו,יביאו,infero,0,0,73,22548
יביאו,יביאו,offertor,0,0,153,22548
יביאו,יביאו,plumbum,0,0,7,22548
יביאו,יביאו,confero,0,0,12,22548
יביאו,יביאו,porto,0,0,176,22548
יביאו,יביאו,gero,0,0,27,22548
יבינו,יבינו,intellego,0,0,136,22548
יבכ,יבך,fleo,0,0,68,22548
יבכ,יבך,lacrimo,0,0,1,22548
יבכ,יבך,ploro,0,0,22,22548
יבכ,יבך,fleui,0,0,3,22548
יבכו,יבכו,fleo,0,0,68,22548
יבכו,יבכו,lacrimo,0,0,1,22548
יבכו,יבכו,ploro,0,0,22,22548
יבכו,יבכו,fleui,0,0,3,22548
יבל,יבל,duco,6,26,179,22548
יבל,יבל,abduco,0,26,5,22548
יבל,יבל,ager,0,26,214,22548
יבל,יבל,fundus,0,26,3,22548
יבל,יבל,campus,0,26,26,22548
יבל,יבל,praedium,0,26,0,22548
יבל,יבל,uilla,0,26,38,22548
יבל,יבל,uendo,0,26,61,22548
יבל,יבל,restituo,0,26,39,22548
יבל,יבל,soluo,0,26,36,22548
יבל,יבל,trado,0,26,321,22548
יבל,יבל,redeo,0,26,30,22548
יבל,יבל,reuorto,0,26,75,22548
יבל,יבל,stipendium,0,26,0,22548
יבל,יבל,libero,0,26,139,22548
יבל,יבל,reddo,2,26,173,22548
יבל,יבל,annus,0,26,571,22548
יבל,יבל,anni,0,26,0,22548
יבם,יבם,nubo,1,3,6,22548
יבם,יבם,marito,0,3,0,22548
יבם,יבם,nuptiae,0,3,6,22548
יבם,יבם,matrimonium,0,3,2,22548
יבם,יבם,nuptus,0,3,0,22548
יבמ,יבם,frater,3,3,548,22548
יבמ,יבם,germanus,0,3,1,22548
יבמ,יבם,heros,0,3,0,22548
יבמ,יבם,qui,1,3,6495,22548
יבמ,יבם,iste,0,3,633,22548
יבמ,יבם,maritus,0,3,29,22548
יבמ,יבם,uir,1,3,1154,22548
יבמ,יבם,homo,0,3,780,22548
יבמ,יבם,uiri,0,3,0,22548
יבמ,יבם,uirum,0,3,0,22548
יבמ,יבם,uiro,0,3,0,22548
יבמת,יבמת,frater,2,3,548,22548
יבמת,יבמת,germanus,0,3,1,22548
יבמת,יבמת,coniunx,0,3,5,22548
יבמת,יבמת,muliebris,0,3,7,22548
יבמת,יבמת,uira,0,3,0,22548
יבמת,יבמת,femina,0,3,31,22548
יבמת,יבמת,uxor,1,3,367,22548
יבמת,יבמת,mulier,2,3,292,22548
יבנ,יבן,materio,0,0,1,22548
יבנ,יבן,aedifico,0,0,312,22548
יבנה,יבנה,materio,0,1,1,22548
יבנה,יבנה,aedifico,1,1,312,22548
יבנו,יבנו,materio,0,0,1,22548
יבנו,יבנו,aedifico,0,0,312,22548
יבעה,יבעה,quaero,0,0,249,22548
יבעה,יבעה,rogo,0,0,51,22548
יבעה,יבעה,postulo,0,0,39,22548
יבעה,יבעה,peto,0,0,48,22548
יבעה,יבעה,interrogo,0,0,79,22548
יבעה,יבעה,posco,0,0,0,22548
יבעה,יבעה,uolo,0,0,226,22548
יבעה,יבעה,exspecto,0,0,36,22548
יבעה,יבעה,cupiditas,0,0,1,22548
יבעה,יבעה,cupio,0,0,15,22548
יבקעו,יבקעו,perfringo,0,0,0,22548
יבקש,יבקש,postulo,0,0,39,22548
יבקש,יבקש,uolo,0,0,226,22548
יבקש,יבקש,exspecto,0,0,36,22548
יבקש,יבקש,quaero,0,0,249,22548
יבקש,יבקש,rogo,0,0,51,22548
יבקש,יבקש,posco,0,0,0,22548
יבקש,יבקש,cupiditas,0,0,1,22548
יבקש,יבקש,peto,0,0,48,22548
יבקש,יבקש,cupio,0,0,15,22548
יבקש,יבקש,interrogo,0,0,79,22548
יבקשו,יבקשו,peto,0,0,48,22548
יבקשו,יבקשו,quaero,0,0,249,22548
יברח,יברח,profugio,0,0,7,22548
יברח,יברח,effugio,0,0,23,22548
יברח,יברח,fugio,0,0,238,22548
יברח,יברח,fuga,0,0,14,22548
יברח,יברח,exsilium,0,0,0,22548
יברח,יברח,uito,0,0,2,22548
יברח,יברח,exsul,0,0,0,22548
יברחו,יברחו,fugio,0,0,238,22548
יברחו,יברחו,effugio,0,0,23,22548
יברחו,יברחו,fuga,0,0,14,22548
יברחו,יברחו,exsilium,0,0,0,22548
יברחו,יברחו,profugio,0,0,7,22548
יברחו,יברחו,uito,0,0,2,22548
יברחו,יברחו,exsul,0,0,0,22548
יברכ,יברך,benedico,0,0,198,22548
יברכ,יברך,uerutum,0,0,0,22548
יברכו,יברכו,benedico,0,0,198,22548
יבש,יבש,inaresco,0,81,0,22548
יבש,יבש,exsicco,9,81,10,22548
יבש,יבש,flumen,5,81,101,22548
יבש,יבש,fluuius,2,81,63,22548
יבש,יבש,amnis,0,81,4,22548
יבשה,יבשה,siccus,5,15,18,22548
יבשה,יבשה,aridus,8,15,15,22548
יבשת,יבשת,siccus,1,2,18,22548
יבשת,יבשת,aridus,1,2,15,22548
יגאל,יגאל,enubo,0,4,0,22548
יגב,יגב,labor,0,3,78,22548
יגב,יגב,ango,0,3,1,22548
יגב,יגב,aerumna,0,3,3,22548
יגב,יגב,dolor,0,3,77,22548
יגב,יגב,laboro,0,3,43,22548
יגב,יגב,opera,0,3,4,22548
יגב,יגב,laboris,0,3,0,22548
יגבה,יגבה,sublimo,0,0,4,22548
יגד,יגד,reporto,0,0,7,22548
יגד,יגד,fama,0,0,14,22548
יגד,יגד,rumor,0,0,1,22548
יגד,יגד,defero,0,0,42,22548
יגד,יגד,nuntio,0,0,122,22548
יגדו,יגדו,reporto,0,0,7,22548
יגדו,יגדו,fama,0,0,14,22548
יגדו,יגדו,rumor,0,0,1,22548
יגדו,יגדו,defero,0,0,42,22548
יגדו,יגדו,nuntio,0,0,122,22548
יגדל,יגדל,augeo,0,0,18,22548
יגדל,יגדל,cresco,0,0,41,22548
יגדל,יגדל,fio,0,0,188,22548
יגדל,יגדל,nascor,0,0,103,22548
יגדל,יגדל,orior,0,0,52,22548
יגדל,יגדל,gigno,0,0,190,22548
יגדל,יגדל,sum,0,0,9821,22548
יגדל,יגדל,mirifico,0,0,0,22548
יגדל,יגדל,magnus,0,0,493,22548
יגדל,יגדל,ingens,0,0,13,22548
יגדל,יגדל,immanis,0,0,0,22548
יגדל,יגדל,uastus,0,0,2,22548
יגדל,יגדל,grandis,0,0,104,22548
יגדל,יגדל,multus,0,0,411,22548
יגדל,יגדל,superus,0,0,1,22548
יגדל,יגדל,summus,0,0,30,22548
יגדל,יגדל,alo,0,0,13,22548
יגדל,יגדל,sublimo,0,0,4,22548
יגון,יגון,dolor,10,13,77,22548
יגון,יגון,aerumna,0,13,3,22548
יגון,יגון,uae,1,13,61,22548
יגון,יגון,dolentia,0,13,0,22548
יגון,יגון,doloris,0,13,0,22548
יגון,יגון,luctus,2,13,20,22548
יגון,יגון,maeror,2,13,12,22548
יגון,יגון,tristitia,2,13,5,22548
יגון,יגון,opera,0,13,4,22548
יגון,יגון,doleo,0,13,26,22548
יגונ,יגון,dolor,10,13,77,22548
יגונ,יגון,tristitia,2,13,5,22548
יגונ,יגון,maeror,2,13,12,22548
יגונ,יגון,opera,0,13,4,22548
יגונ,יגון,doleo,0,13,26,22548
יגונ,יגון,dolentia,0,13,0,22548
יגוע,יגוע,linquo,0,0,0,22548
יגור,יגור,reporto,0,2,7,22548
יגיד,יגיד,reporto,0,0,7,22548
יגיד,יגיד,fama,0,0,14,22548
יגיד,יגיד,rumor,0,0,1,22548
יגיד,יגיד,defero,0,0,42,22548
יגיד,יגיד,nuntio,0,0,122,22548
יגידו,יגידו,reporto,0,0,7,22548
יגידו,יגידו,fama,0,0,14,22548
יגידו,יגידו,rumor,0,0,1,22548
יגידו,יגידו,defero,0,0,42,22548
יגידו,יגידו,nuntio,0,0,122,22548
יגיע,יגיע,labor,12,16,78,22548
יגיע,יגיע,aerumna,0,16,3,22548
יגיע,יגיע,ango,0,16,1,22548
יגיע,יגיע,dolor,0,16,77,22548
יגיע,יגיע,laboro,1,16,43,22548
יגיע,יגיע,opera,0,16,4,22548
יגיע,יגיע,laboris,0,16,0,22548
יגלה,יגלה,apocalypsis,0,0,0,22548
יגע,יגע,accendo,0,27,9,22548
יגע,יגע,tango,0,27,100,22548
יגע,יגע,attingo,0,27,0,22548
יגע,יגע,incendo,0,27,36,22548
יגע,יגע,uis,0,27,73,22548
יגע,יגע,robur,0,27,46,22548
יגע,יגע,fortitudo,3,27,232,22548
יגע,יגע,potentia,0,27,17,22548
יגעתי,יגעתי,lassesco,0,0,1,22548
יגפ,יגף,pulto,0,0,1,22548
יגר,יגר,cohabito,0,6,0,22548
יגרש,יגרש,eicio,0,0,79,22548
יגרש,יגרש,expello,0,0,16,22548
יגרש,יגרש,eiecto,0,0,0,22548
יגש,יגש,attulo,0,0,0,22548
יגש,יגש,induco,0,0,68,22548
יגשו,יגשו,attulo,0,0,0,22548
יד,יד,lacertus,0,1420,1,22548
יד,יד,ipse,74,1420,933,22548
יד,יד,sui,44,1420,606,22548
יד,יד,opus,80,1420,417,22548
יד,יד,facinus,0,1420,2,22548
יד,יד,res,8,1420,159,22548
יד,יד,negotium,1,1420,12,22548
יד,יד,opero,1,1420,7,22548
יד,יד,habeo,71,1420,694,22548
יד,יד,teneo,30,1420,116,22548
יד,יד,possideo,13,1420,160,22548
יד,יד,locus,42,1420,513,22548
יד,יד,regio,9,1420,158,22548
יד,יד,ager,22,1420,214,22548
יד,יד,manus,1158,1420,1333,22548
יד,יד,arma,5,1420,33,22548
יד,יד,bracchium,17,1420,69,22548
ידבר,ידבר,loquor,0,0,1092,22548
ידבר,ידבר,fabulor,0,0,0,22548
ידברו,ידברו,loquor,0,0,1092,22548
ידברו,ידברו,fabulor,0,0,0,22548
ידי,ידי,habeo,0,0,694,22548
ידי,ידי,teneo,0,0,116,22548
ידי,ידי,possideo,0,0,160,22548
ידיד,ידיד,amo,0,7,68,22548
ידיד,ידיד,diligo,3,7,173,22548
ידיד,ידיד,amor,0,7,13,22548
ידיד,ידיד,contentus,0,7,2,22548
ידיד,ידיד,carissimus,0,7,0,22548
ידיד,ידיד,carus,0,7,4,22548
ידימ,ידים,manus,0,0,1333,22548
ידימ,ידים,arma,0,0,33,22548
ידימ,ידים,bracchium,0,0,69,22548
ידינ,ידין,iudico,0,0,181,22548
ידינ,ידין,decerno,0,0,23,22548
ידינ,ידין,iudex,0,0,63,22548
ידינ,ידין,iudicium,0,0,361,22548
ידינ,ידין,reciperator,0,0,0,22548
ידינ,ידין,statuo,0,0,62,22548
ידע,ידע,nosco,89,846,122,22548
ידע,ידע,cognosco,101,846,131,22548
ידע,ידע,scio,281,846,334,22548
ידע,ידע,intellego,46,846,136,22548
ידע,ידע,scientia,12,846,76,22548
ידע,ידע,statuo,1,846,62,22548
ידע,ידע,noui,0,846,0,22548
ידעו,ידעו,nosco,0,0,122,22548
ידעו,ידעו,cognosco,0,0,131,22548
ידעו,ידעו,scio,0,0,334,22548
ידעו,ידעו,intellego,0,0,136,22548
ידעו,ידעו,scientia,0,0,76,22548
ידעו,ידעו,statuo,0,0,62,22548
ידעו,ידעו,noui,0,0,0,22548
ידעונ,ידעון,nosco,0,0,122,22548
ידעונ,ידעון,cognosco,0,0,131,22548
ידעונ,ידעון,scio,0,0,334,22548
ידעונ,ידעון,intellego,0,0,136,22548
ידעונ,ידעון,scientia,0,0,76,22548
ידעונ,ידעון,statuo,0,0,62,22548
ידעי,ידעי,nosco,0,0,122,22548
ידעי,ידעי,cognosco,0,0,131,22548
ידעי,ידעי,scio,0,0,334,22548
ידעי,ידעי,intellego,0,0,136,22548
ידעי,ידעי,scientia,0,0,76,22548
ידעי,ידעי,statuo,0,0,62,22548
ידעי,ידעי,noui,0,0,0,22548
ידענו,ידענו,scio,0,0,334,22548
ידענו,ידענו,noui,0,0,0,22548
ידענו,ידענו,nosco,0,0,122,22548
ידענו,ידענו,scientia,0,0,76,22548
ידעני,ידעני,uates,0,11,0,22548
ידעני,ידעני,haruspex,1,11,3,22548
ידעני,ידעני,augur,0,11,4,22548
ידעני,ידעני,propheta,0,11,281,22548
ידעני,ידעני,hariolus,1,11,8,22548
ידעני,ידעני,uidens,0,11,0,22548
ידעת,ידעת,nosco,0,0,122,22548
ידעת,ידעת,cognosco,0,0,131,22548
ידעת,ידעת,scio,0,0,334,22548
ידעת,ידעת,intellego,0,0,136,22548
ידעת,ידעת,scientia,0,0,76,22548
ידעת,ידעת,statuo,0,0,62,22548
ידעת,ידעת,nescio,0,0,89,22548
ידעת,ידעת,sto,0,0,425,22548
ידעת,ידעת,noui,0,0,0,22548
ידעתי,ידעתי,nosco,0,0,122,22548
ידעתי,ידעתי,cognosco,0,0,131,22548
ידעתי,ידעתי,scio,0,0,334,22548
ידעתי,ידעתי,intellego,0,0,136,22548
ידעתי,ידעתי,scientia,0,0,76,22548
ידעתי,ידעתי,statuo,0,0,62,22548
ידעתי,ידעתי,nescio,0,0,89,22548
ידעתי,ידעתי,noui,0,0,0,22548
ידעתמ,ידעתם,nosco,0,0,122,22548
ידעתמ,ידעתם,cognosco,0,0,131,22548
ידעתמ,ידעתם,scio,0,0,334,22548
ידעתמ,ידעתם,intellego,0,0,136,22548
ידעתמ,ידעתם,scientia,0,0,76,22548
ידעתמ,ידעתם,statuo,0,0,62,22548
ידעתמ,ידעתם,noui,0,0,0,22548
ידת,ידת,equidem,0,0,3,22548
ידת,ידת,conuerto,0,0,187,22548
ידת,ידת,uerto,0,0,88,22548
ידת,ידת,dos,0,0,4,22548
ידת,ידת,pars,0,0,332,22548
יה,יה,ancillatus,0,42,0,22548
יה,יה,praetor,0,42,0,22548
יה,יה,rex,0,42,1935,22548
יה,יה,tyrannus,0,42,7,22548
יה,יה,dominus,34,42,5912,22548
יה,יה,princeps,0,42,610,22548
יה,יה,regis,0,42,0,22548
יה,יה,regem,0,42,0,22548
יה,יה,regi,0,42,0,22548
יה,יה,ipse,0,42,933,22548
יה,יה,sui,2,42,606,22548
יה,יה,negotiator,0,42,21,22548
יה,יה,mercator,0,42,1,22548
יה,יה,frons,0,42,45,22548
יה,יה,praeduco,0,42,0,22548
יה,יה,solitudo,0,42,145,22548
יה,יה,desero,1,42,97,22548
יה,יה,dea,0,42,2,22548
יה,יה,caelum,2,42,393,22548
יה,יה,caelus,0,42,0,22548
יה,יה,hercules,0,42,0,22548
יה,יה,deus,11,42,2682,22548
יה,יה,deum,0,42,0,22548
יה,יה,dei,0,42,0,22548
יה,יה,deo,0,42,0,22548
יה,יה,numen,0,42,0,22548
יה,יה,diuus,0,42,0,22548
יה,יה,porta,1,42,286,22548
יה,יה,ianua,0,42,13,22548
יה,יה,fores,0,42,12,22548
יה,יה,foras,0,42,27,22548
יה,יה,ostium,0,42,132,22548
יה,יה,foris,0,42,62,22548
יה,יה,limen,0,42,18,22548
יה,יה,uis,0,42,73,22548
יה,יה,robur,0,42,46,22548
יה,יה,fortitudo,4,42,232,22548
יה,יה,potentia,1,42,17,22548
יה,יה,ornamentum,0,42,8,22548
יה,יה,orbis,0,42,39,22548
יה,יה,mundum,0,42,0,22548
יה,יה,ordo,0,42,56,22548
יה,יה,lilium,0,42,25,22548
יה,יה,nymphaea,0,42,0,22548
יה,יה,auctoritas,0,42,1,22548
יה,יה,erus,0,42,0,22548
יה,יה,potestas,0,42,42,22548
יה,יה,castellum,0,42,3,22548
יה,יה,uilla,0,42,38,22548
יה,יה,uicus,0,42,11,22548
יה,יה,populus,3,42,1560,22548
יה,יה,plebs,0,42,19,22548
יה,יה,uulgus,0,42,39,22548
יה,יה,turba,0,42,30,22548
יה,יה,exercitus,1,42,467,22548
יה,יה,militia,0,42,54,22548
יה,יה,hospes,0,42,0,22548
יה,יה,tecolithos,0,42,0,22548
יה,יה,petrinus,0,42,0,22548
יה,יה,popularis,0,42,0,22548
יה,יה,lapis,0,42,216,22548
יה,יה,saxum,0,42,12,22548
יה,יה,marmor,0,42,4,22548
יה,יה,marmoreus,0,42,2,22548
יה,יה,gemma,0,42,19,22548
יה,יה,nympha,0,42,0,22548
יה,יה,sponsa,0,42,17,22548
יה,יה,noua nupta,0,42,0,22548
יה,יה,nymphe,0,42,0,22548
יה,יה,puella,0,42,44,22548
יה,יה,dens,0,42,40,22548
יה,יה,tergum,0,42,46,22548
יה,יה,rursus,0,42,113,22548
יה,יה,oculus,0,42,475,22548
יה,יה,oculi,0,42,0,22548
יה,יה,lumen,0,42,30,22548
יה,יה,filius,2,42,3345,22548
יה,יה,puer,0,42,220,22548
יה,יה,iuuencus,0,42,0,22548
יה,יה,pedum,0,42,0,22548
יה,יה,pedes,0,42,12,22548
יה,יה,pes,0,42,224,22548
יה,יה,uultus,0,42,82,22548
יה,יה,facies,0,42,497,22548
יה,יה,os,0,42,459,22548
יה,יה,ora,0,42,8,22548
יה,יה,persona,0,42,13,22548
יה,יה,radix,0,42,44,22548
יה,יה,radico,0,42,1,22548
יה,יה,uasum,0,42,0,22548
יה,יה,nauis,0,42,27,22548
יה,יה,impedimentum,0,42,1,22548
יה,יה,uas,0,42,188,22548
יה,יה,ager,0,42,214,22548
יה,יה,iter,0,42,78,22548
יה,יה,seruio,0,42,160,22548
יה,יה,martius,0,42,0,22548
יה,יה,expeditio,0,42,0,22548
יה,יה,agmen,0,42,15,22548
יה,יה,classis,0,42,8,22548
יה,יה,natus,0,42,2,22548
יה,יה,proles,0,42,0,22548
יה,יה,liberi,0,42,51,22548
יה,יה,meus,5,42,2759,22548
יה,יה,pono,0,42,697,22548
יה,יה,loco,0,42,2,22548
יה,יה,statuo,0,42,62,22548
יה,יה,colloco,1,42,17,22548
יה,יה,locus,0,42,513,22548
יה,יה,gnatus,0,42,0,22548
יה,יה,progenies,0,42,12,22548
יה,יה,nascor,0,42,103,22548
יה,יה,filium,0,42,0,22548
יה,יה,filii,0,42,0,22548
יה,יה,filio,0,42,0,22548
יה,יה,subiecto,0,42,0,22548
יה,יה,artificiosus,0,42,0,22548
יהב,יהב,do,17,44,1314,22548
יהב,יהב,trado,2,44,321,22548
יהב,יהב,dono,1,44,11,22548
יהב,יהב,tribuo,0,44,66,22548
יהב,יהב,concedo,0,44,15,22548
יהב,יהב,soluo,0,44,36,22548
יהב,יהב,reddo,0,44,173,22548
יהב,יהב,stipendium,0,44,0,22548
יהב,יהב,fero,1,44,342,22548
יהב,יהב,porto,1,44,176,22548
יהב,יהב,gero,0,44,27,22548
יהב,יהב,affero,9,44,107,22548
יהב,יהב,adduco,1,44,215,22548
יהב,יהב,educo,0,44,242,22548
יהב,יהב,duco,0,44,179,22548
יהב,יהב,induco,0,44,68,22548
יהב,יהב,defero,0,44,42,22548
יהב,יהב,introduco,0,44,83,22548
יהב,יהב,infero,0,44,73,22548
יהב,יהב,offertor,0,44,153,22548
יהבו,יהבו,libero,0,0,139,22548
יהבו,יהבו,deditio,0,0,0,22548
יהבו,יהבו,eruo,0,0,89,22548
יהבו,יהבו,eripio,0,0,7,22548
יהבו,יהבו,trado,0,0,321,22548
יהבת,יהבת,do,0,0,1314,22548
יהבת,יהבת,trado,0,0,321,22548
יהבת,יהבת,dono,0,0,11,22548
יהבת,יהבת,tribuo,0,0,66,22548
יהבת,יהבת,concedo,0,0,15,22548
יהבת,יהבת,soluo,0,0,36,22548
יהבת,יהבת,reddo,0,0,173,22548
יהבת,יהבת,stipendium,0,0,0,22548
יהגו,יהגו,studium,0,0,19,22548
יהגו,יהגו,declamo,0,0,0,22548
יהואחז,יהואחז,regno,5,19,216,22548
יהואחז,יהואחז,rex,15,19,1935,22548
יהואחז,יהואחז,clango,0,19,28,22548
יהואש,יהואש,regno,3,16,216,22548
יהואש,יהואש,rex,10,16,1935,22548
יהואש,יהואש,clango,0,16,28,22548
יהודה,יהודה,heros,0,737,0,22548
יהודה,יהודה,qui,264,737,6495,22548
יהודה,יהודה,iste,41,737,633,22548
יהודה,יהודה,maritus,0,737,29,22548
יהודה,יהודה,uir,65,737,1154,22548
יהודה,יהודה,homo,12,737,780,22548
יהודה,יהודה,uiri,0,737,0,22548
יהודה,יהודה,uirum,0,737,0,22548
יהודה,יהודה,uiro,0,737,0,22548
יהוה,יהוה,dominus,5330,5639,5912,22548
יהוה,יהוה,erus,0,5639,0,22548
יהוה,יהוה,erilis,0,5639,0,22548
יהוה,יהוה,magister,7,5639,30,22548
יהוה,יהוה,dea,0,5639,2,22548
יהוה,יהוה,caelum,123,5639,393,22548
יהוה,יהוה,caelus,0,5639,0,22548
יהוה,יהוה,hercules,0,5639,0,22548
יהוה,יהוה,deus,1421,5639,2682,22548
יהוה,יהוה,deum,0,5639,0,22548
יהוה,יהוה,dei,0,5639,0,22548
יהוה,יהוה,deo,0,5639,0,22548
יהוה,יהוה,numen,0,5639,0,22548
יהוה,יהוה,diuus,0,5639,0,22548
יהוה,יהוה,auctoritas,0,5639,1,22548
יהוה,יהוה,potestas,3,5639,42,22548
יהוידע,יהוידע,ferrugineus,0,48,0,22548
יהויכין,יהויכין,mater,3,8,196,22548
יהויכין,יהויכין,genetrix,0,8,3,22548
יהויכין,יהויכין,parens,0,8,9,22548
יהויכין,יהויכין,matrem,0,8,0,22548
יהויכין,יהויכין,matri,0,8,0,22548
יהויכין,יהויכין,matris,0,8,0,22548
יהושיע,יהושיע,seruo,0,0,66,22548
יהושיע,יהושיע,conseruo,0,0,5,22548
יהושיע,יהושיע,tueor,0,0,6,22548
יהושיע,יהושיע,saluus,0,0,64,22548
יהושיע,יהושיע,salus,0,0,95,22548
יהושיע,יהושיע,libero,0,0,139,22548
יהושיע,יהושיע,retineo,0,0,11,22548
יהושיע,יהושיע,saluo,0,0,105,22548
יהי,יהי,audio,0,0,927,22548
יהי,יהי,exaudio,0,0,135,22548
יהי,יהי,ausculto,0,0,17,22548
יהי,יהי,fio,0,0,188,22548
יהי,יהי,nascor,0,0,103,22548
יהי,יהי,orior,0,0,52,22548
יהי,יהי,gigno,0,0,190,22548
יהי,יהי,sum,0,0,9821,22548
יהי,יהי,quando,0,0,230,22548
יהיב,יהיב,do,0,0,1314,22548
יהיב,יהיב,trado,0,0,321,22548
יהיב,יהיב,dono,0,0,11,22548
יהיב,יהיב,tribuo,0,0,66,22548
יהיב,יהיב,concedo,0,0,15,22548
יהיב,יהיב,soluo,0,0,36,22548
יהיב,יהיב,reddo,0,0,173,22548
יהיב,יהיב,stipendium,0,0,0,22548
יהיבת,יהיבת,do,0,0,1314,22548
יהיבת,יהיבת,trado,0,0,321,22548
יהיבת,יהיבת,dono,0,0,11,22548
יהיבת,יהיבת,tribuo,0,0,66,22548
יהיבת,יהיבת,concedo,0,0,15,22548
יהיבת,יהיבת,soluo,0,0,36,22548
יהיבת,יהיבת,reddo,0,0,173,22548
יהיבת,יהיבת,stipendium,0,0,0,22548
יהיה,יהיה,fio,0,0,188,22548
יהיה,יהיה,nascor,0,0,103,22548
יהיה,יהיה,orior,0,0,52,22548
יהיה,יהיה,gigno,0,0,190,22548
יהיה,יהיה,sum,0,0,9821,22548
יהיה,יהיה,dominus,0,0,5912,22548
יהיה,יהיה,auctoritas,0,0,1,22548
יהיה,יהיה,erus,0,0,0,22548
יהיה,יהיה,potestas,0,0,42,22548
יהיו,יהיו,fio,0,0,188,22548
יהיו,יהיו,nascor,0,0,103,22548
יהיו,יהיו,orior,0,0,52,22548
יהיו,יהיו,gigno,0,0,190,22548
יהיו,יהיו,sum,0,0,9821,22548
יהיר,יהיר,arrogo,1,1,6,22548
יהלמ,יהלם,chrysopteros,0,3,0,22548
יהלמ,יהלם,boria,0,3,0,22548
יהנ,יהן,dea,0,0,2,22548
יהנ,יהן,caelum,0,0,393,22548
יהנ,יהן,caelus,0,0,0,22548
יהנ,יהן,hercules,0,0,0,22548
יהנ,יהן,deus,0,0,2682,22548
יהנ,יהן,deum,0,0,0,22548
יהנ,יהן,dei,0,0,0,22548
יהנ,יהן,deo,0,0,0,22548
יהנ,יהן,numen,0,0,0,22548
יהנ,יהן,diuus,0,0,0,22548
יהנ,יהן,tergum,0,0,46,22548
יהנ,יהן,rursus,0,0,113,22548
יהנ,יהן,natus,0,0,2,22548
יהנ,יהן,proles,0,0,0,22548
יהנ,יהן,filius,0,0,3345,22548
יהנ,יהן,liberi,0,0,51,22548
יהנ,יהן,puer,0,0,220,22548
יהנ,יהן,meus,0,0,2759,22548
יהרג,יהרג,mors,0,0,197,22548
יהרג,יהרג,interfacio,0,0,149,22548
יהרג,יהרג,occaedes,0,0,26,22548
יהרג,יהרג,percutio,0,0,489,22548
יהרג,יהרג,occido,0,0,196,22548
יהרג,יהרג,neco,0,0,6,22548
יהרגו,יהרגו,mors,0,0,197,22548
יהרגו,יהרגו,interfacio,0,0,149,22548
יהרגו,יהרגו,occaedes,0,0,26,22548
יהרגו,יהרגו,percutio,0,0,489,22548
יהרגו,יהרגו,occido,0,0,196,22548
יהרגו,יהרגו,neco,0,0,6,22548
יהשפל,יהשפל,humilio,0,0,64,22548
יואח,יואח,scriba,4,10,41,22548
יואח,יואח,amanuensis,0,10,0,22548
יואח,יואח,dispensator,0,10,5,22548
יואש,יואש,clango,0,41,28,22548
יובילו,יובילו,fero,0,0,342,22548
יובילו,יובילו,porto,0,0,176,22548
יובילו,יובילו,gero,0,0,27,22548
יובילו,יובילו,affero,0,0,107,22548
יובילו,יובילו,adduco,0,0,215,22548
יובילו,יובילו,educo,0,0,242,22548
יובילו,יובילו,duco,0,0,179,22548
יובילו,יובילו,induco,0,0,68,22548
יובילו,יובילו,defero,0,0,42,22548
יובילו,יובילו,introduco,0,0,83,22548
יובילו,יובילו,infero,0,0,73,22548
יובילו,יובילו,offertor,0,0,153,22548
יובל,יובל,postis,0,25,14,22548
יובל,יובל,annus,13,25,571,22548
יובל,יובל,anni,0,25,0,22548
יודע,יודע,nosco,0,0,122,22548
יודע,יודע,cognosco,0,0,131,22548
יודע,יודע,scio,0,0,334,22548
יודע,יודע,intellego,0,0,136,22548
יודע,יודע,scientia,0,0,76,22548
יודע,יודע,statuo,0,0,62,22548
יודעי,יודעי,nosco,0,0,122,22548
יודעי,יודעי,cognosco,0,0,131,22548
יודעי,יודעי,scio,0,0,334,22548
יודעי,יודעי,intellego,0,0,136,22548
יודעי,יודעי,scientia,0,0,76,22548
יודעי,יודעי,statuo,0,0,62,22548
יוכח,יוכח,arguo,0,0,43,22548
יוכח,יוכח,coarguo,0,0,0,22548
יוכח,יוכח,pudor,0,0,1,22548
יוכיח,יוכיח,arguo,0,0,43,22548
יוכיח,יוכיח,coarguo,0,0,0,22548
יוכיח,יוכיח,pudor,0,0,1,22548
יוכל,יוכל,possum,0,0,547,22548
יוכל,יוכל,ualeo,0,0,38,22548
יוכל,יוכל,potestas,0,0,42,22548
יוכל,יוכל,uis,0,0,73,22548
יוכל,יוכל,uirtus,0,0,28,22548
יוכל,יוכל,imperium,0,0,59,22548
יוכל,יוכל,queo,0,0,13,22548
יוכלו,יוכלו,possum,0,0,547,22548
יוכלו,יוכלו,ualeo,0,0,38,22548
יוכלו,יוכלו,potestas,0,0,42,22548
יוכלו,יוכלו,uis,0,0,73,22548
יוכלו,יוכלו,uirtus,0,0,28,22548
יוכלו,יוכלו,imperium,0,0,59,22548
יוכלו,יוכלו,queo,0,0,13,22548
יוכלונ,יוכלון,possum,0,0,547,22548
יוכלונ,יוכלון,ualeo,0,0,38,22548
יוכלונ,יוכלון,potestas,0,0,42,22548
יוכלונ,יוכלון,uis,0,0,73,22548
יוכלונ,יוכלון,uirtus,0,0,28,22548
יוכלונ,יוכלון,imperium,0,0,59,22548
יוכלונ,יוכלון,queo,0,0,13,22548
יולד,יולד,genero,0,0,14,22548
יולד,יולד,fio,0,0,188,22548
יולד,יולד,nascor,0,0,103,22548
יולד,יולד,orior,0,0,52,22548
יולד,יולד,gigno,0,0,190,22548
יולד,יולד,sum,0,0,9821,22548
יולד,יולד,pario,0,0,116,22548
יולד,יולד,fero,0,0,342,22548
יולדה,יולדה,gigno,0,0,190,22548
יולדה,יולדה,pario,0,0,116,22548
יולדה,יולדה,fero,0,0,342,22548
יולדה,יולדה,genero,0,0,14,22548
יולדו,יולדו,fio,0,0,188,22548
יולדו,יולדו,nascor,0,0,103,22548
יולדו,יולדו,orior,0,0,52,22548
יולדו,יולדו,gigno,0,0,190,22548
יולדו,יולדו,sum,0,0,9821,22548
יולדו,יולדו,pario,0,0,116,22548
יולדו,יולדו,fero,0,0,342,22548
יולדו,יולדו,genero,0,0,14,22548
יום,יום,hodie,170,1877,182,22548
יום,יום,postridie,0,1877,0,22548
יום,יום,itis,0,1877,0,22548
יום,יום,diei,0,1877,0,22548
יום,יום,lux,13,1877,82,22548
יום,יום,dies,1449,1877,1613,22548
יומ,יום,septimus,60,1877,112,22548
יומ,יום,uicesimus,13,1877,53,22548
יומ,יום,dies,1449,1877,1613,22548
יומ,יום,hodie,170,1877,182,22548
יומ,יום,itis,0,1877,0,22548
יומ,יום,diei,0,1877,0,22548
יומ,יום,lux,13,1877,82,22548
יומ,יום,populus,144,1877,1560,22548
יומ,יום,plebs,2,1877,19,22548
יומ,יום,uulgus,2,1877,39,22548
יומ,יום,turba,0,1877,30,22548
יומ,יום,exercitus,45,1877,467,22548
יומ,יום,militia,3,1877,54,22548
יומ,יום,hospes,0,1877,0,22548
יומ,יום,tecolithos,0,1877,0,22548
יומ,יום,petrinus,0,1877,0,22548
יומ,יום,popularis,0,1877,0,22548
יומי,יומי,dies,0,0,1613,22548
יומי,יומי,hodie,0,0,182,22548
יומי,יומי,itis,0,0,0,22548
יומי,יומי,diei,0,0,0,22548
יומי,יומי,lux,0,0,82,22548
יומי,יומי,tempus,0,0,407,22548
יומי,יומי,tum,0,0,2,22548
יומי,יומי,longus,0,0,36,22548
יומי,יומי,diu,0,0,1,22548
יומי,יומי,aetas,0,0,23,22548
יומי,יומי,temporis,0,0,0,22548
יומימ,יומים,duo,0,0,461,22548
יומימ,יומים,uter,0,0,5,22548
יומימ,יומים,bini,0,0,12,22548
יומם,יומם,nubes,10,49,99,22548
יומם,יומם,nimbus,0,49,0,22548
יומם,יומם,nebula,0,49,12,22548
יומם,יומם,nubis,0,49,3,22548
יומם,יומם,nubila,0,49,1,22548
יומם,יומם,nox,36,49,231,22548
יומם,יומם,noctis,0,49,0,22548
יומם,יומם,noctem,0,49,0,22548
יומם,יומם,nocturnus,1,49,8,22548
יוממ,יומם,dies,45,49,1613,22548
יוממ,יומם,hodie,1,49,182,22548
יוממ,יומם,itis,0,49,0,22548
יוממ,יומם,diei,0,49,0,22548
יוממ,יומם,lux,2,49,82,22548
יומת,יומת,morior,0,0,469,22548
יומת,יומת,finis,0,0,137,22548
יומת,יומת,mors,0,0,197,22548
יומת,יומת,extremus,0,0,62,22548
יומת,יומת,pereo,0,0,156,22548
יומת,יומת,ultimo,0,0,0,22548
יון,יון,graecia,4,10,4,22548
יונה,יונה,columba,31,54,35,22548
יונה,יונה,columbus,0,54,0,22548
יונה,יונה,turtur,10,54,14,22548
יונימ,יונים,columba,0,0,35,22548
יונימ,יונים,columbus,0,0,0,22548
יונקת,יונקת,sagitto,0,6,4,22548
יונתן,יונתן,syron,0,35,2,22548
יונתנ,יונתן,hodie,1,35,182,22548
יונתנ,יונתן,itis,0,35,0,22548
יוסיפ,יוסיף,accedo,0,0,108,22548
יוסיפ,יוסיף,adicio,0,0,15,22548
יוסיפ,יוסיף,adiungo,0,0,4,22548
יוסיפ,יוסיף,addo,0,0,103,22548
יוסיפו,יוסיפו,accedo,0,0,108,22548
יוסיפו,יוסיפו,adicio,0,0,15,22548
יוסיפו,יוסיפו,adiungo,0,0,4,22548
יוסיפו,יוסיפו,addo,0,0,103,22548
יוספ,יוסף,accedo,5,197,108,22548
יוספ,יוסף,adicio,0,197,15,22548
יוספ,יוסף,adiungo,0,197,4,22548
יוספ,יוסף,addo,2,197,103,22548
יוספ,יוסף,manus,11,197,1333,22548
יוספ,יוסף,arma,0,197,33,22548
יוספ,יוסף,bracchium,1,197,69,22548
יוספו,יוספו,accedo,0,0,108,22548
יוספו,יוספו,adicio,0,0,15,22548
יוספו,יוספו,adiungo,0,0,4,22548
יוספו,יוספו,addo,0,0,103,22548
יועילו,יועילו,auxilium,0,0,57,22548
יועילו,יועילו,seruio,0,0,160,22548
יועצ,יועץ,consilium,0,0,139,22548
יועצ,יועץ,consulo,0,0,39,22548
יועצ,יועץ,iudico,0,0,181,22548
יועצ,יועץ,concilium,0,0,11,22548
יועצ,יועץ,insidiae,0,0,52,22548
יועצ,יועץ,consilior,0,0,1,22548
יוצא,יוצא,effero,0,0,25,22548
יוצא,יוצא,deduco,0,0,50,22548
יוציא,יוציא,deduco,0,0,50,22548
יוציאו,יוציאו,deduco,0,0,50,22548
יוצר,יוצר,figulus,9,20,11,22548
יוצר,יוצר,figularis,0,20,0,22548
יורדי,יורדי,descendo,0,0,256,22548
יורדי,יורדי,deicio,0,0,19,22548
יורש,יורש,possideo,0,0,160,22548
יורש,יורש,heredito,0,0,13,22548
יושב,יושב,sedeo,0,0,226,22548
יושב,יושב,habito,0,0,514,22548
יושב,יושב,solido,0,0,1,22548
יושב,יושב,domus,0,0,1485,22548
יושב,יושב,aedes,0,0,27,22548
יושב,יושב,tecta,0,0,0,22548
יושב,יושב,familia,0,0,182,22548
יושב,יושב,templum,0,0,192,22548
יושב,יושב,apud,0,0,144,22548
יושב,יושב,cognatio,0,0,146,22548
יושב,יושב,tectum,0,0,43,22548
יושב,יושב,gener,0,0,12,22548
יושב,יושב,sedes,0,0,32,22548
יושב,יושב,praedium,0,0,0,22548
יושב,יושב,domum,0,0,0,22548
יושב,יושב,domo,0,0,4,22548
יושיע,יושיע,seruo,0,0,66,22548
יושיע,יושיע,conseruo,0,0,5,22548
יושיע,יושיע,tueor,0,0,6,22548
יושיע,יושיע,saluus,0,0,64,22548
יושיע,יושיע,salus,0,0,95,22548
יושיע,יושיע,libero,0,0,139,22548
יושיע,יושיע,retineo,0,0,11,22548
יושיע,יושיע,saluo,0,0,105,22548
יושע,יושע,traho,0,0,20,22548
יושע,יושע,seruo,0,0,66,22548
יושע,יושע,conseruo,0,0,5,22548
יושע,יושע,tueor,0,0,6,22548
יושע,יושע,saluus,0,0,64,22548
יושע,יושע,salus,0,0,95,22548
יושע,יושע,libero,0,0,139,22548
יושע,יושע,retineo,0,0,11,22548
יושע,יושע,saluo,0,0,105,22548
יזב,יזב,saluus,0,2,64,22548
יזב,יזב,seruo,0,2,66,22548
יזב,יזב,sospito,0,2,0,22548
יזב,יזב,conseruo,0,2,5,22548
יזב,יזב,tueor,0,2,6,22548
יזב,יזב,salus,0,2,95,22548
יזב,יזב,libero,1,2,139,22548
יזב,יזב,retineo,0,2,11,22548
יזב,יזב,saluo,0,2,105,22548
יזב,יזב,salutaris,0,2,4,22548
יזב,יזב,saluator,0,2,36,22548
יזבח,יזבח,immolo,0,0,149,22548
יזבח,יזבח,macto,0,0,14,22548
יזבח,יזבח,sacrifico,0,0,52,22548
יזבח,יזבח,sacrificium,0,0,152,22548
יזבח,יזבח,uictima,0,0,109,22548
יזבח,יזבח,uictimo,0,0,0,22548
יזבחו,יזבחו,immolo,0,0,149,22548
יזבחו,יזבחו,macto,0,0,14,22548
יזבחו,יזבחו,sacrifico,0,0,52,22548
יזבחו,יזבחו,sacrificium,0,0,152,22548
יזבחו,יזבחו,uictima,0,0,109,22548
יזבחו,יזבחו,uictimo,0,0,0,22548
יזכר,יזכר,moneo,0,0,4,22548
יזכר,יזכר,memoro,0,0,6,22548
יזכר,יזכר,memini,0,0,41,22548
יזכר,יזכר,recordor,0,0,126,22548
יזכר,יזכר,memor,0,0,12,22548
יזכר,יזכר,memoria,0,0,28,22548
יזכר,יזכר,mentio,0,0,0,22548
יזכר,יזכר,commemoro,0,0,1,22548
יזכר,יזכר,reuoco,0,0,7,22548
יזנו,יזנו,prostibula,0,0,0,22548
יזנו,יזנו,sphinthria,0,0,0,22548
יזע,יזע,sudor,1,1,2,22548
יזע,יזע,sudo,0,1,1,22548
יזע,יזע,insudo,0,1,0,22548
יזעק,יזעק,clamo,0,0,180,22548
יזעק,יזעק,uociferor,0,0,3,22548
יזעק,יזעק,exclamo,0,0,12,22548
יזעק,יזעק,clamor,0,0,62,22548
יזרח,יזרח,exsurgo,0,0,1,22548
יזרח,יזרח,assurgo,0,0,3,22548
יזרע,יזרע,sero,0,0,38,22548
יזרע,יזרע,semino,0,0,21,22548
יזרע,יזרע,cohors,0,0,0,22548
יזרעאלי,יזרעאלי,duo,3,13,461,22548
יזרעאלי,יזרעאלי,uterque,0,13,109,22548
יחבק,יחבק,comprehendo,0,0,23,22548
יחבש,יחבש,uehes,0,0,0,22548
יחד,יחד,statim,0,49,88,22548
יחד,יחד,continuus,0,49,0,22548
יחד,יחד,simul,21,49,145,22548
יחד,יחד,solus,1,49,94,22548
יחד,יחד,unus,2,49,586,22548
יחד,יחד,modo,0,49,0,22548
יחדו,יחדו,frequens,0,96,4,22548
יחדו,יחדו,simul,58,96,145,22548
יחדו,יחדו,semel,0,96,27,22548
יחדו,יחדו,statim,0,96,88,22548
יחדו,יחדו,continuus,0,96,0,22548
יחדו,יחדו,congrego,7,96,255,22548
יחדו,יחדו,colligo,0,96,77,22548
יחדו,יחדו,itidem,0,96,0,22548
יחזק,יחזק,teneo,0,0,116,22548
יחזק,יחזק,obtineo,0,0,28,22548
יחזק,יחזק,potior,0,0,1,22548
יחזק,יחזק,uictoria,0,0,20,22548
יחזק,יחזק,dominus,0,0,5912,22548
יחזק,יחזק,erus,0,0,0,22548
יחזק,יחזק,uinco,0,0,23,22548
יחזק,יחזק,uictor,0,0,48,22548
יחזק,יחזק,conduro,0,0,0,22548
יחזק,יחזק,induro,0,0,20,22548
יחזקו,יחזקו,teneo,0,0,116,22548
יחזקו,יחזקו,obtineo,0,0,28,22548
יחזקו,יחזקו,potior,0,0,1,22548
יחזקו,יחזקו,uictoria,0,0,20,22548
יחזקו,יחזקו,dominus,0,0,5912,22548
יחזקו,יחזקו,erus,0,0,0,22548
יחזקו,יחזקו,uinco,0,0,23,22548
יחזקו,יחזקו,uictor,0,0,48,22548
יחט,יחט,fodio,0,1,36,22548
יחט,יחט,perfosso,0,1,0,22548
יחטא,יחטא,desidero,0,0,42,22548
יחטא,יחטא,erro,0,0,37,22548
יחטא,יחטא,culpa,0,0,7,22548
יחטא,יחטא,desum,0,0,22,22548
יחי,יחי,peto,0,0,48,22548
יחי,יחי,quaero,0,0,249,22548
יחידת,יחידת,unigena,0,0,0,22548
יחל,יחל,exspecto,8,39,36,22548
יחל,יחל,manto,0,39,0,22548
יחל,יחל,ligo,0,39,42,22548
יחל,יחל,uincio,0,39,35,22548
יחל,יחל,necto,0,39,2,22548
יחל,יחל,opus,0,39,417,22548
יחל,יחל,uolo,0,39,226,22548
יחל,יחל,postulo,0,39,39,22548
יחל,יחל,rogo,0,39,51,22548
יחל,יחל,peto,0,39,48,22548
יחל,יחל,oro,0,39,95,22548
יחל,יחל,necesse,0,39,10,22548
יחל,יחל,quaero,0,39,249,22548
יחל,יחל,quaeso,0,39,25,22548
יחל,יחל,necessarius,0,39,24,22548
יחל,יחל,interrogo,0,39,79,22548
יחל,יחל,obsecro,0,39,73,22548
יחל,יחל,desidero,0,39,42,22548
יחל,יחל,spes,0,39,45,22548
יחל,יחל,spero,3,39,69,22548
יחל,יחל,exspectatio,1,39,8,22548
יחל,יחל,maneo,0,39,122,22548
יחל,יחל,persisto,0,39,0,22548
יחל,יחל,moror,0,39,66,22548
יחל,יחל,sto,1,39,425,22548
יחל,יחל,reliquus,0,39,186,22548
יחל,יחל,remaneo,0,39,92,22548
יחל,יחל,resto,0,39,7,22548
יחל,יחל,opperior,0,39,0,22548
יחלמ,יחלם,somnio,0,0,5,22548
יחלמ,יחלם,insomnium,0,0,0,22548
יחלפ,יחלף,muto,0,0,44,22548
יחלפ,יחלף,uario,0,0,2,22548
יחלפ,יחלף,permuto,0,0,0,22548
יחלפונ,יחלפון,muto,0,0,44,22548
יחלפונ,יחלפון,uario,0,0,2,22548
יחלפונ,יחלפון,permuto,0,0,0,22548
יחלצ,יחלץ,traho,0,0,20,22548
יחלצונ,יחלצון,traho,0,0,20,22548
יחם,יחם,ouis,3,5,158,22548
יחם,יחם,pecus,0,5,85,22548
יחם,יחם,grex,1,5,160,22548
יחם,יחם,pecuarius,0,5,0,22548
יחמור,יחמור,auis,0,2,46,22548
יחמור,יחמור,uolucris,0,2,27,22548
יחמור,יחמור,ales,0,2,0,22548
יחמור,יחמור,uolatilis,0,2,20,22548
יחמל,יחמל,parco,0,0,65,22548
יחמל,יחמל,imperco,0,0,0,22548
יחנ,יחן,misericordia,0,0,243,22548
יחנ,יחן,misero,0,0,2,22548
יחנ,יחן,misereor,0,0,82,22548
יחנ,יחן,misereo,0,0,10,22548
יחנ,יחן,uerutum,0,0,0,22548
יחנ,יחן,inserto,0,0,0,22548
יחף,יחף,nudus,4,5,31,22548
יחפצ,יחפץ,uolo,0,0,226,22548
יחפצ,יחפץ,cupio,0,0,15,22548
יחפצ,יחפץ,opto,0,0,2,22548
יחפצ,יחפץ,utinam,0,0,24,22548
יחפצ,יחפץ,uoluntas,0,0,66,22548
יחפצ,יחפץ,placeo,0,0,142,22548
יחפצ,יחפץ,quasi,0,0,708,22548
יחפצ,יחפץ,sicut,0,0,851,22548
יחפצ,יחפץ,cupiditas,0,0,1,22548
יחפצ,יחפץ,similis,0,0,91,22548
יחפצ,יחפץ,eligo,0,0,209,22548
יחפצ,יחפץ,deligo,0,0,0,22548
יחפצ,יחפץ,lubet,0,0,0,22548
יחפצ,יחפץ,obsecro,0,0,73,22548
יחפר,יחפר,fodio,0,0,36,22548
יחפר,יחפר,perfosso,0,0,0,22548
יחפרו,יחפרו,fodio,0,0,36,22548
יחפרו,יחפרו,perfosso,0,0,0,22548
יחפש,יחפש,inquiro,0,0,0,22548
יחפש,יחפש,scrutor,0,0,18,22548
יחר,יחר,obirascor,0,0,0,22548
יחר,יחר,irascor,0,0,98,22548
יחר,יחר,furor,0,0,217,22548
יחר,יחר,periratus,0,0,0,22548
יחרד,יחרד,excido,0,0,7,22548
יחרדו,יחרדו,excido,0,0,7,22548
יחרפ,יחרף,exprobo,0,0,0,22548
יחרפ,יחרף,obicio,0,0,2,22548
יחרפ,יחרף,opprobrium,0,0,73,22548
יחרפ,יחרף,obiectatio,0,0,0,22548
יחרפ,יחרף,exprobro,0,0,32,22548
יחש,יחש,syllabus,0,20,0,22548
יחש,יחש,inuado,0,20,13,22548
יחשב,יחשב,numero,0,0,73,22548
יט,יט,declino,0,0,79,22548
יט,יט,porrigo,0,0,6,22548
יט,יט,figo,0,0,36,22548
יטבתה,יטבתה,abito,0,3,9,22548
יטע,יטע,arbusto,0,0,0,22548
ייטב,ייטב,placeo,0,0,142,22548
יין,יין,uinum,112,128,157,22548
יין,יין,bacchus,0,128,0,22548
יין,יין,uini,0,128,0,22548
יין,יין,bibo,40,128,194,22548
יין,יין,poto,2,128,9,22548
יין,יין,potus,2,128,27,22548
יינ,יין,uinum,112,128,157,22548
יינ,יין,bacchus,0,128,0,22548
יינ,יין,uini,0,128,0,22548
ייקצ,ייקץ,excito,0,0,1,22548
ייקצ,ייקץ,suscito,0,0,100,22548
יירא,יירא,timeo,0,0,306,22548
יירא,יירא,timor,0,0,74,22548
יירא,יירא,uereor,0,0,7,22548
יירא,יירא,metuo,0,0,23,22548
יירא,יירא,metus,0,0,2,22548
ייראו,ייראו,timeo,0,0,306,22548
ייראו,ייראו,timor,0,0,74,22548
ייראו,ייראו,uereor,0,0,7,22548
ייראו,ייראו,metuo,0,0,23,22548
ייראו,ייראו,metus,0,0,2,22548
יירש,יירש,possideo,0,0,160,22548
יירש,יירש,heredito,0,0,13,22548
יירשו,יירשו,possideo,0,0,160,22548
יירשו,יירשו,heredito,0,0,13,22548
יישנ,יישן,soporus,0,0,0,22548
יכבד,יכבד,sententia,0,0,30,22548
יכבד,יכבד,glorifico,0,0,39,22548
יכבד,יכבד,opinor,0,0,0,22548
יכה,יכה,pulto,0,0,1,22548
יכו,יכו,discido,0,0,0,22548
יכו,יכו,caesa,0,0,0,22548
יכו,יכו,pulto,0,0,1,22548
יכוננ,יכונן,praeparo,0,0,93,22548
יכח,יכח,arguo,29,54,43,22548
יכח,יכח,coarguo,0,54,0,22548
יכח,יכח,pudor,0,54,1,22548
יכח,יכח,iudico,6,54,181,22548
יכח,יכח,decerno,0,54,23,22548
יכח,יכח,iudex,0,54,63,22548
יכח,יכח,iudicium,3,54,361,22548
יכח,יכח,reciperator,0,54,0,22548
יכח,יכח,statuo,0,54,62,22548
יכחשו,יכחשו,fallo,0,0,2,22548
יכחשו,יכחשו,mentior,0,0,24,22548
יכחשו,יכחשו,mendacium,0,0,96,22548
יכחשו,יכחשו,iaceo,0,0,38,22548
יכחשו,יכחשו,dormio,0,0,169,22548
יכינו,יכינו,praeparo,0,0,93,22548
יכיר,יכיר,noscito,0,0,0,22548
יכל,יכל,possum,137,184,547,22548
יכל,יכל,ualeo,10,184,38,22548
יכל,יכל,potestas,0,184,42,22548
יכל,יכל,uis,1,184,73,22548
יכל,יכל,uirtus,1,184,28,22548
יכל,יכל,imperium,1,184,59,22548
יכל,יכל,queo,3,184,13,22548
יכל,יכל,potens,0,184,17,22548
יכל,יכל,fortis,8,184,262,22548
יכל,יכל,supprimo,0,184,0,22548
יכל,יכל,conficio,0,184,10,22548
יכלה,יכלה,possum,0,0,547,22548
יכלה,יכלה,ualeo,0,0,38,22548
יכלה,יכלה,potestas,0,0,42,22548
יכלה,יכלה,uis,0,0,73,22548
יכלה,יכלה,uirtus,0,0,28,22548
יכלה,יכלה,imperium,0,0,59,22548
יכלה,יכלה,queo,0,0,13,22548
יכלו,יכלו,possum,0,0,547,22548
יכלו,יכלו,ualeo,0,0,38,22548
יכלו,יכלו,potestas,0,0,42,22548
יכלו,יכלו,uis,0,0,73,22548
יכלו,יכלו,uirtus,0,0,28,22548
יכלו,יכלו,imperium,0,0,59,22548
יכלו,יכלו,queo,0,0,13,22548
יכלכל,יכלכל,penuarius,0,0,0,22548
יכלת,יכלת,possum,0,0,547,22548
יכלת,יכלת,ualeo,0,0,38,22548
יכלת,יכלת,potestas,0,0,42,22548
יכלת,יכלת,uis,0,0,73,22548
יכלת,יכלת,uirtus,0,0,28,22548
יכלת,יכלת,imperium,0,0,59,22548
יכלת,יכלת,queo,0,0,13,22548
יכלתי,יכלתי,possum,0,0,547,22548
יכלתי,יכלתי,ualeo,0,0,38,22548
יכלתי,יכלתי,potestas,0,0,42,22548
יכלתי,יכלתי,uis,0,0,73,22548
יכלתי,יכלתי,uirtus,0,0,28,22548
יכלתי,יכלתי,imperium,0,0,59,22548
יכלתי,יכלתי,queo,0,0,13,22548
יכנ,יכן,praeparo,0,0,93,22548
יכנעו,יכנעו,humilio,0,0,64,22548
יכס,יכס,tego,0,0,33,22548
יכס,יכס,uelo,0,0,5,22548
יכס,יכס,operio,0,0,159,22548
יכסו,יכסו,tegumentum,0,0,0,22548
יכסו,יכסו,tego,0,0,33,22548
יכסו,יכסו,uelo,0,0,5,22548
יכסו,יכסו,operio,0,0,159,22548
יכר,יכר,noscito,0,0,0,22548
יכרת,יכרת,dispono,0,0,16,22548
יכרת,יכרת,peccatus,0,0,0,22548
יכרת,יכרת,interneco,0,0,0,22548
יכרתו,יכרתו,dispono,0,0,16,22548
יכתב,יכתב,littera,0,0,29,22548
יכתב,יכתב,censeo,0,0,0,22548
יכתב,יכתב,scribo,0,0,200,22548
ילבש,ילבש,induo,0,0,76,22548
ילבש,ילבש,inito,0,0,0,22548
ילבש,ילבש,inicio,0,0,0,22548
ילד,ילד,attollo,0,456,0,22548
ילד,ילד,tollo,4,456,238,22548
ילד,ילד,fero,6,456,342,22548
ילד,ילד,sustineo,0,456,60,22548
ילד,ילד,genero,13,456,14,22548
ילד,ילד,fio,2,456,188,22548
ילד,ילד,nascor,62,456,103,22548
ילד,ילד,orior,1,456,52,22548
ילד,ילד,gigno,156,456,190,22548
ילד,ילד,sum,220,456,9821,22548
ילד,ילד,puellus,0,456,0,22548
ילד,ילד,puerulus,0,456,0,22548
ילד,ילד,filius,176,456,3345,22548
ילד,ילד,puer,36,456,220,22548
ילד,ילד,iuuencus,0,456,0,22548
ילד,ילד,natus,2,456,2,22548
ילד,ילד,proles,0,456,0,22548
ילד,ילד,liberi,9,456,51,22548
ילד,ילד,meus,41,456,2759,22548
ילד,ילד,pario,108,456,116,22548
ילד,ילד,porto,1,456,176,22548
ילד,ילד,gero,1,456,27,22548
ילד,ילד,affero,0,456,107,22548
ילד,ילד,adduco,1,456,215,22548
ילד,ילד,educo,0,456,242,22548
ילד,ילד,duco,3,456,179,22548
ילד,ילד,induco,0,456,68,22548
ילד,ילד,defero,1,456,42,22548
ילד,ילד,introduco,1,456,83,22548
ילד,ילד,infero,0,456,73,22548
ילד,ילד,offertor,1,456,153,22548
ילדה,ילדה,genero,0,2,14,22548
ילדה,ילדה,mulier,0,2,292,22548
ילדה,ילדה,filia,0,2,448,22548
ילדה,ילדה,uirgo,0,2,59,22548
ילדה,ילדה,nata,0,2,0,22548
ילדה,ילדה,puella,2,2,44,22548
ילדה,ילדה,uirgineus,0,2,0,22548
ילדה,ילדה,uirginis,0,2,0,22548
ילדה,ילדה,gigno,0,2,190,22548
ילדה,ילדה,pario,0,2,116,22548
ילדה,ילדה,fero,0,2,342,22548
ילדו,ילדו,fio,0,0,188,22548
ילדו,ילדו,nascor,0,0,103,22548
ילדו,ילדו,orior,0,0,52,22548
ילדו,ילדו,gigno,0,0,190,22548
ילדו,ילדו,sum,0,0,9821,22548
ילדו,ילדו,pario,0,0,116,22548
ילדו,ילדו,fero,0,0,342,22548
ילדו,ילדו,genero,0,0,14,22548
ילדי,ילדי,natus,0,0,2,22548
ילדי,ילדי,proles,0,0,0,22548
ילדי,ילדי,filius,0,0,3345,22548
ילדי,ילדי,liberi,0,0,51,22548
ילדי,ילדי,puer,0,0,220,22548
ילדי,ילדי,meus,0,0,2759,22548
ילדימ,ילדים,masculus,0,0,31,22548
ילדימ,ילדים,masculinus,0,0,30,22548
ילדימ,ילדים,mas,0,0,12,22548
ילדימ,ילדים,adulescens,0,0,28,22548
ילדימ,ילדים,iuuenis,0,0,59,22548
ילדימ,ילדים,adulescentulus,0,0,2,22548
ילדימ,ילדים,peradulescentulus,0,0,0,22548
ילדימ,ילדים,puellus,0,0,0,22548
ילדימ,ילדים,puerulus,0,0,0,22548
ילדימ,ילדים,filius,0,0,3345,22548
ילדימ,ילדים,puer,0,0,220,22548
ילדימ,ילדים,iuuencus,0,0,0,22548
ילדימ,ילדים,alumnus,0,0,1,22548
ילדת,ילדת,gigno,0,0,190,22548
ילדת,ילדת,pario,0,0,116,22548
ילדת,ילדת,fero,0,0,342,22548
ילדת,ילדת,genero,0,0,14,22548
ילדתי,ילדתי,gigno,0,0,190,22548
ילדתי,ילדתי,pario,0,0,116,22548
ילדתי,ילדתי,fero,0,0,342,22548
ילדתי,ילדתי,genero,0,0,14,22548
ילוד,ילוד,filius,2,5,3345,22548
ילוד,ילוד,puer,0,5,220,22548
ילוד,ילוד,iuuencus,0,5,0,22548
ילחמ,ילחם,bellor,0,0,17,22548
ילחמ,ילחם,pugno,0,0,133,22548
ילחמ,ילחם,gero,0,0,27,22548
ילחמ,ילחם,bellum,0,0,134,22548
ילחמו,ילחמו,bellor,0,0,17,22548
ילחמו,ילחמו,pugno,0,0,133,22548
ילחמו,ילחמו,gero,0,0,27,22548
ילחמו,ילחמו,bellum,0,0,134,22548
יליד,יליד,domuncula,0,13,2,22548
יליד,יליד,filia,0,13,448,22548
יליד,יליד,nascor,0,13,103,22548
יליד,יליד,puer,0,13,220,22548
יליד,יליד,pueri,0,13,0,22548
יליד,יליד,puerum,0,13,0,22548
יליד,יליד,natus,0,13,2,22548
יליד,יליד,filius,2,13,3345,22548
יליד,יליד,proles,0,13,0,22548
יליד,יליד,liberi,0,13,51,22548
יליד,יליד,meus,1,13,2759,22548
יליד,יליד,gnatus,0,13,0,22548
יליד,יליד,progenies,0,13,12,22548
יליד,יליד,filium,0,13,0,22548
יליד,יליד,filii,0,13,0,22548
יליד,יליד,filio,0,13,0,22548
יליד,יליד,empticius,2,13,3,22548
יליד,יליד,circumcido,3,13,27,22548
יליד,יליד,deseco,0,13,0,22548
יליד,יליד,proseco,0,13,0,22548
ילכ,ילך,euerto,0,0,5,22548
ילכ,ילך,subuerto,0,0,36,22548
ילכ,ילך,discedo,0,0,4,22548
ילכ,ילך,recedo,0,0,191,22548
ילכ,ילך,abeo,0,0,219,22548
ילכ,ילך,indus,0,0,0,22548
ילכ,ילך,illinc,0,0,0,22548
ילכ,ילך,uenio,0,0,1274,22548
ילכ,ילך,eo,0,0,245,22548
ילכ,ילך,pergo,0,0,157,22548
ילכ,ילך,meo,0,0,0,22548
ילכ,ילך,praetereo,0,0,29,22548
ילכד,ילכד,comprehendo,0,0,23,22548
ילכו,ילכו,discedo,0,0,4,22548
ילכו,ילכו,recedo,0,0,191,22548
ילכו,ילכו,abeo,0,0,219,22548
ילכו,ילכו,abito,0,0,9,22548
ילכו,ילכו,demorior,0,0,0,22548
ילמד,ילמד,indico,0,0,110,22548
ילמד,ילמד,probo,0,0,58,22548
ילמד,ילמד,ostendo,0,0,147,22548
ילמד,ילמד,doceo,0,0,122,22548
ילמד,ילמד,certus,0,0,10,22548
ילמד,ילמד,disco,0,0,40,22548
ילק,ילק,gryllus,0,7,0,22548
ילק,ילק,cliuulus,0,7,0,22548
ילק,ילק,deuoro,1,7,103,22548
ילק,ילק,esco,0,7,0,22548
ילקוט,ילקוט,sacculus,0,1,5,22548
ילקטו,ילקטו,congrego,0,0,255,22548
ילקטו,ילקטו,colligo,0,0,77,22548
ים,ים,mare,277,325,295,22548
ים,ים,sal,1,325,24,22548
ים,ים,pontus,1,325,3,22548
ים,ים,sale,0,325,0,22548
ים,ים,salinator,0,325,0,22548
ים,ים,pelagus,0,325,1,22548
ים,ים,aequor,0,325,0,22548
ים,ים,litus,10,325,12,22548
ים,ים,ora,1,325,8,22548
ים,ים,maris,0,325,0,22548
ים,ים,salum,0,325,1,22548
ים,ים,alo,0,325,13,22548
ים,ים,ortus,1,325,42,22548
ים,ים,exortiuus,0,325,0,22548
ים,ים,termino,0,325,2,22548
ימ,ים,progenies,0,325,12,22548
ימ,ים,familia,1,325,182,22548
ימ,ים,gener,0,325,12,22548
ימ,ים,genu,0,325,27,22548
ימ,ים,cognatio,1,325,146,22548
ימ,ים,natio,1,325,51,22548
ימ,ים,genus,0,325,65,22548
ימ,ים,gentis,0,325,0,22548
ימ,ים,stirps,1,325,51,22548
ימ,ים,gens,8,325,462,22548
ימ,ים,generis,0,325,0,22548
ימ,ים,ruber,14,325,16,22548
ימ,ים,rufus,0,325,10,22548
ימ,ים,rubeus,0,325,0,22548
ימ,ים,burrus,0,325,0,22548
ימ,ים,russus,0,325,0,22548
ימ,ים,extremus,4,325,62,22548
ימ,ים,ultimus,1,325,7,22548
ימ,ים,nouissimus,6,325,94,22548
ימ,ים,denique,0,325,4,22548
ימ,ים,posterus,2,325,25,22548
ימ,ים,dies,18,325,1613,22548
ימ,ים,hodie,0,325,182,22548
ימ,ים,itis,0,325,0,22548
ימ,ים,diei,0,325,0,22548
ימ,ים,lux,1,325,82,22548
ימ,ים,mare,277,325,295,22548
ימ,ים,pontus,1,325,3,22548
ימ,ים,pelagus,0,325,1,22548
ימ,ים,aequor,0,325,0,22548
ימ,ים,litus,10,325,12,22548
ימ,ים,ora,1,325,8,22548
ימ,ים,maris,0,325,0,22548
ימ,ים,iampridem,0,325,0,22548
ימ,ים,diutinus,0,325,0,22548
ימ,ים,uia,13,325,601,22548
ימ,ים,iter,2,325,78,22548
ימ,ים,semita,4,325,81,22548
ימ,ים,modus,0,325,46,22548
ימ,ים,salum,0,325,1,22548
ימ,ים,aqua,45,325,505,22548
ימ,ים,meio,0,325,0,22548
ימ,ים,aquae,0,325,0,22548
ימ,ים,unda,1,325,1,22548
ימ,ים,lympha,0,325,0,22548
ימ,ים,tempus,2,325,407,22548
ימ,ים,tum,0,325,2,22548
ימ,ים,longus,2,325,36,22548
ימ,ים,diu,0,325,1,22548
ימ,ים,aetas,0,325,23,22548
ימ,ים,temporis,0,325,0,22548
ימאנ,ימאן,uolo,0,0,226,22548
ימאנ,ימאן,cupio,0,0,15,22548
ימאנ,ימאן,opto,0,0,2,22548
ימאנ,ימאן,utinam,0,0,24,22548
ימאנ,ימאן,uoluntas,0,0,66,22548
ימאנ,ימאן,placeo,0,0,142,22548
ימאנ,ימאן,quasi,0,0,708,22548
ימאנ,ימאן,sicut,0,0,851,22548
ימאנ,ימאן,cupiditas,0,0,1,22548
ימאנ,ימאן,similis,0,0,91,22548
ימאנ,ימאן,eligo,0,0,209,22548
ימאנ,ימאן,deligo,0,0,0,22548
ימאנ,ימאן,lubet,0,0,0,22548
ימאנ,ימאן,obsecro,0,0,73,22548
ימאנ,ימאן,recuso,0,0,1,22548
ימאנ,ימאן,nolo,0,0,343,22548
ימהר,ימהר,propero,0,0,17,22548
ימהר,ימהר,festino,0,0,64,22548
ימהר,ימהר,urgeo,0,0,7,22548
ימהר,ימהר,mobilito,0,0,0,22548
ימהרו,ימהרו,propero,0,0,17,22548
ימהרו,ימהרו,festino,0,0,64,22548
ימהרו,ימהרו,urgeo,0,0,7,22548
ימו,ימו,dens,0,0,40,22548
ימו,ימו,labium,0,0,123,22548
ימו,ימו,labrum,0,0,8,22548
ימול,ימול,circumcido,0,0,27,22548
ימול,ימול,deseco,0,0,0,22548
ימול,ימול,proseco,0,0,0,22548
ימות,ימות,morior,0,0,469,22548
ימות,ימות,pereo,0,0,156,22548
ימות,ימות,occido,0,0,196,22548
ימות,ימות,cado,0,0,252,22548
ימות,ימות,mors,0,0,197,22548
ימות,ימות,interfacio,0,0,149,22548
ימות,ימות,occaedes,0,0,26,22548
ימות,ימות,obeo,0,0,6,22548
ימות,ימות,percutio,0,0,489,22548
ימותו,ימותו,morior,0,0,469,22548
ימותו,ימותו,pereo,0,0,156,22548
ימותו,ימותו,occido,0,0,196,22548
ימותו,ימותו,cado,0,0,252,22548
ימותו,ימותו,mors,0,0,197,22548
ימותו,ימותו,interfacio,0,0,149,22548
ימותו,ימותו,occaedes,0,0,26,22548
ימותו,ימותו,obeo,0,0,6,22548
ימותו,ימותו,percutio,0,0,489,22548
ימטא,ימטא,praeuenio,0,0,9,22548
ימטא,ימטא,antecedo,0,0,6,22548
ימטא,ימטא,primus,0,0,161,22548
ימטר,ימטר,pluuia,0,0,43,22548
ימי,ימי,imperium,0,0,59,22548
ימי,ימי,principium,0,0,57,22548
ימי,ימי,initium,0,0,24,22548
ימי,ימי,magistratus,0,0,19,22548
ימי,ימי,regnum,0,0,213,22548
ימי,ימי,honor,0,0,17,22548
ימי,ימי,ratio,0,0,11,22548
ימי,ימי,officium,0,0,30,22548
ימי,ימי,potestas,0,0,42,22548
ימי,ימי,uis,0,0,73,22548
ימי,ימי,primus,0,0,161,22548
ימי,ימי,palatium,0,0,27,22548
ימי,ימי,regina,0,0,40,22548
ימי,ימי,dies,0,0,1613,22548
ימי,ימי,hodie,0,0,182,22548
ימי,ימי,itis,0,0,0,22548
ימי,ימי,diei,0,0,0,22548
ימי,ימי,lux,0,0,82,22548
ימי,ימי,tempus,0,0,407,22548
ימי,ימי,tum,0,0,2,22548
ימי,ימי,longus,0,0,36,22548
ימי,ימי,diu,0,0,1,22548
ימי,ימי,aetas,0,0,23,22548
ימי,ימי,temporis,0,0,0,22548
ימימ,ימים,fio,0,0,188,22548
ימימ,ימים,nascor,0,0,103,22548
ימימ,ימים,orior,0,0,52,22548
ימימ,ימים,gigno,0,0,190,22548
ימימ,ימים,sum,0,0,9821,22548
ימימ,ימים,dies,0,0,1613,22548
ימימ,ימים,hodie,0,0,182,22548
ימימ,ימים,itis,0,0,0,22548
ימימ,ימים,diei,0,0,0,22548
ימימ,ימים,lux,0,0,82,22548
ימימ,ימים,mare,0,0,295,22548
ימימ,ימים,pontus,0,0,3,22548
ימימ,ימים,pelagus,0,0,1,22548
ימימ,ימים,aequor,0,0,0,22548
ימימ,ימים,litus,0,0,12,22548
ימימ,ימים,ora,0,0,8,22548
ימימ,ימים,maris,0,0,0,22548
ימין,ימין,sinister,12,127,18,22548
ימין,ימין,laeuus,1,127,4,22548
ימין,ימין,laeua,0,127,0,22548
ימין,ימין,dexter,78,127,104,22548
ימין,ימין,ius,0,127,37,22548
ימינ,ימין,dexter,78,127,104,22548
ימינ,ימין,ius,0,127,37,22548
ימיני,ימיני,filius,14,17,3345,22548
ימיני,ימיני,natus,0,17,2,22548
ימיני,ימיני,gnatus,0,17,0,22548
ימיני,ימיני,progenies,0,17,12,22548
ימיני,ימיני,proles,0,17,0,22548
ימיני,ימיני,nascor,0,17,103,22548
ימיני,ימיני,filium,0,17,0,22548
ימיני,ימיני,filii,0,17,0,22548
ימיני,ימיני,filio,0,17,0,22548
ימיש,ימיש,linquo,0,0,0,22548
ימית,ימית,mors,0,0,197,22548
ימית,ימית,interfacio,0,0,149,22548
ימית,ימית,occaedes,0,0,26,22548
ימית,ימית,percutio,0,0,489,22548
ימית,ימית,occido,0,0,196,22548
ימית,ימית,neco,0,0,6,22548
ימית,ימית,defunctus,0,0,0,22548
ימכר,ימכר,uendo,0,0,61,22548
ימכר,ימכר,restituo,0,0,39,22548
ימכר,ימכר,soluo,0,0,36,22548
ימכר,ימכר,trado,0,0,321,22548
ימכר,ימכר,redeo,0,0,30,22548
ימכר,ימכר,reuorto,0,0,75,22548
ימכר,ימכר,stipendium,0,0,0,22548
ימכר,ימכר,libero,0,0,139,22548
ימכר,ימכר,reddo,0,0,173,22548
ימל,ימל,circumcido,0,0,27,22548
ימל,ימל,deseco,0,0,0,22548
ימל,ימל,proseco,0,0,0,22548
ימלא,ימלא,impleo,0,4,171,22548
ימלא,ימלא,compleo,0,4,35,22548
ימלא,ימלא,repleo,0,4,77,22548
ימלאו,ימלאו,impleo,0,0,171,22548
ימלאו,ימלאו,compleo,0,0,35,22548
ימלאו,ימלאו,repleo,0,0,77,22548
ימלט,ימלט,traho,0,0,20,22548
ימלט,ימלט,seruo,0,0,66,22548
ימלט,ימלט,conseruo,0,0,5,22548
ימלט,ימלט,tueor,0,0,6,22548
ימלט,ימלט,saluus,0,0,64,22548
ימלט,ימלט,salus,0,0,95,22548
ימלט,ימלט,libero,0,0,139,22548
ימלט,ימלט,retineo,0,0,11,22548
ימלט,ימלט,saluo,0,0,105,22548
ימליכו,ימליכו,regno,0,0,216,22548
ימליכו,ימליכו,rex,0,0,1935,22548
ימלכ,ימלך,regno,0,0,216,22548
ימלכ,ימלך,rex,0,0,1935,22548
ימלל,ימלל,loquor,0,0,1092,22548
ימלל,ימלל,fabulor,0,0,0,22548
ימני,ימני,uertex,0,19,44,22548
ימני,ימני,dexter,14,19,104,22548
ימני,ימני,ius,0,19,37,22548
ימני,ימני,impono,0,19,51,22548
ימני,ימני,impetus,0,19,22,22548
ימני,ימני,oppugno,0,19,0,22548
ימני,ימני,hepatia,0,19,0,22548
ימני,ימני,auris,0,19,145,22548
ימני,ימני,pedum,0,19,0,22548
ימני,ימני,pedes,0,19,12,22548
ימני,ימני,pes,7,19,224,22548
ימנית,ימנית,dexter,0,0,104,22548
ימנית,ימנית,ius,0,0,37,22548
ימצא,ימצא,inuenio,0,0,379,22548
ימצא,ימצא,reperio,0,0,33,22548
ימצא,ימצא,comprehendo,0,0,23,22548
ימצאונ,ימצאון,inuenio,0,0,379,22548
ימצאונ,ימצאון,reperio,0,0,33,22548
ימרו,ימרו,perfruor,0,0,5,22548
ימש,ימש,attrecto,0,0,0,22548
ימשח,ימשח,ungo,0,0,29,22548
ימשח,ימשח,christus,0,0,28,22548
ימשח,ימשח,perungo,0,0,0,22548
ימת,ימת,morior,0,0,469,22548
ימת,ימת,pereo,0,0,156,22548
ימת,ימת,occido,0,0,196,22548
ימת,ימת,cado,0,0,252,22548
ימת,ימת,mors,0,0,197,22548
ימת,ימת,interfacio,0,0,149,22548
ימת,ימת,occaedes,0,0,26,22548
ימת,ימת,obeo,0,0,6,22548
ימת,ימת,percutio,0,0,489,22548
ימת,ימת,neco,0,0,6,22548
ימת,ימת,defunctus,0,0,0,22548
ימת,ימת,efflicto,0,0,0,22548
ימת,ימת,emortuus,0,0,0,22548
ימת,ימת,finis,0,0,137,22548
ימת,ימת,extremus,0,0,62,22548
ימת,ימת,ultimo,0,0,0,22548
ימתו,ימתו,morior,0,0,469,22548
ימתו,ימתו,pereo,0,0,156,22548
ימתו,ימתו,occido,0,0,196,22548
ימתו,ימתו,cado,0,0,252,22548
ימתו,ימתו,mors,0,0,197,22548
ימתו,ימתו,interfacio,0,0,149,22548
ימתו,ימתו,occaedes,0,0,26,22548
ימתו,ימתו,obeo,0,0,6,22548
ימתו,ימתו,percutio,0,0,489,22548
ינדעונ,ינדעון,nosco,0,0,122,22548
ינדעונ,ינדעון,cognosco,0,0,131,22548
ינדעונ,ינדעון,scio,0,0,334,22548
ינדעונ,ינדעון,intellego,0,0,136,22548
ינדעונ,ינדעון,scientia,0,0,76,22548
ינדעונ,ינדעון,statuo,0,0,62,22548
ינה,ינה,compressor,0,14,0,22548
ינהג,ינהג,duco,0,0,179,22548
ינהג,ינהג,ago,0,0,146,22548
ינהג,ינהג,affero,0,0,107,22548
ינהג,ינהג,adduco,0,0,215,22548
ינהג,ינהג,educo,0,0,242,22548
ינהג,ינהג,fero,0,0,342,22548
ינהג,ינהג,deduco,0,0,50,22548
ינהג,ינהג,induco,0,0,68,22548
ינהג,ינהג,defero,0,0,42,22548
ינהג,ינהג,introduco,0,0,83,22548
ינהג,ינהג,infero,0,0,73,22548
ינהג,ינהג,offertor,0,0,153,22548
ינהג,ינהג,plumbum,0,0,7,22548
ינהג,ינהג,abduco,0,0,5,22548
ינהל,ינהל,nutrico,0,0,0,22548
ינו,ינו,frater,0,0,548,22548
ינו,ינו,germanus,0,0,1,22548
ינו,ינו,pecco,0,0,182,22548
ינו,ינו,error,0,0,23,22548
ינו,ינו,peccatum,0,0,341,22548
ינו,ינו,perducto,0,0,0,22548
ינו,ינו,praetor,0,0,0,22548
ינו,ינו,rex,0,0,1935,22548
ינו,ינו,tyrannus,0,0,7,22548
ינו,ינו,dominus,0,0,5912,22548
ינו,ינו,princeps,0,0,610,22548
ינו,ינו,regis,0,0,0,22548
ינו,ינו,regem,0,0,0,22548
ינו,ינו,regi,0,0,0,22548
ינו,ינו,exercitus,0,0,467,22548
ינו,ינו,copia,0,0,6,22548
ינו,ינו,uis,0,0,73,22548
ינו,ינו,uirtus,0,0,28,22548
ינו,ינו,imperium,0,0,59,22548
ינו,ינו,potentia,0,0,17,22548
ינו,ינו,cogo,0,0,17,22548
ינו,ינו,opis,0,0,0,22548
ינו,ינו,robur,0,0,46,22548
ינו,ינו,fortitudo,0,0,232,22548
ינו,ינו,potestas,0,0,42,22548
ינו,ינו,dominator,0,0,17,22548
ינו,ינו,frons,0,0,45,22548
ינו,ינו,praeduco,0,0,0,22548
ינו,ינו,hostis,0,0,123,22548
ינו,ינו,inimicus,0,0,247,22548
ינו,ינו,infestus,0,0,0,22548
ינו,ינו,uerutum,0,0,0,22548
ינו,ינו,dies,0,0,1613,22548
ינו,ינו,hodie,0,0,182,22548
ינו,ינו,itis,0,0,0,22548
ינו,ינו,diei,0,0,0,22548
ינו,ינו,lux,0,0,82,22548
ינו,ינו,inquam,0,0,103,22548
ינו,ינו,dea,0,0,2,22548
ינו,ינו,caelum,0,0,393,22548
ינו,ינו,caelus,0,0,0,22548
ינו,ינו,hercules,0,0,0,22548
ינו,ינו,deus,0,0,2682,22548
ינו,ינו,deum,0,0,0,22548
ינו,ינו,dei,0,0,0,22548
ינו,ינו,deo,0,0,0,22548
ינו,ינו,numen,0,0,0,22548
ינו,ינו,diuus,0,0,0,22548
ינו,ינו,filia,0,0,448,22548
ינו,ינו,nata,0,0,0,22548
ינו,ינו,uirgo,0,0,59,22548
ינו,ינו,gener,0,0,12,22548
ינו,ינו,arbiter,0,0,3,22548
ינו,ינו,auctoritas,0,0,1,22548
ינו,ינו,erus,0,0,0,22548
ינו,ינו,medius,0,0,489,22548
ינו,ינו,medion,0,0,0,22548
ינו,ינו,centrum,0,0,0,22548
ינו,ינו,medio,0,0,0,22548
ינו,ינו,oculus,0,0,475,22548
ינו,ינו,oculi,0,0,0,22548
ינו,ינו,lumen,0,0,30,22548
ינו,ינו,pater,0,0,926,22548
ינו,ינו,genitor,0,0,1,22548
ינו,ינו,parens,0,0,9,22548
ינו,ינו,paternus,0,0,1,22548
ינו,ינו,patri,0,0,0,22548
ינו,ינו,patrem,0,0,0,22548
ינו,ינו,patris,0,0,0,22548
ינו,ינו,pedum,0,0,0,22548
ינו,ינו,pedes,0,0,12,22548
ינו,ינו,pes,0,0,224,22548
ינו,ינו,uultus,0,0,82,22548
ינו,ינו,facies,0,0,497,22548
ינו,ינו,os,0,0,459,22548
ינו,ינו,ora,0,0,8,22548
ינו,ינו,persona,0,0,13,22548
ינו,ינו,natus,0,0,2,22548
ינו,ינו,proles,0,0,0,22548
ינו,ינו,filius,0,0,3345,22548
ינו,ינו,liberi,0,0,51,22548
ינו,ינו,puer,0,0,220,22548
ינו,ינו,meus,0,0,2759,22548
ינו,ינו,gnatus,0,0,0,22548
ינו,ינו,progenies,0,0,12,22548
ינו,ינו,nascor,0,0,103,22548
ינו,ינו,filium,0,0,0,22548
ינו,ינו,filii,0,0,0,22548
ינו,ינו,filio,0,0,0,22548
ינו,ינו,contrarius,0,0,17,22548
ינוסו,ינוסו,fugio,0,0,238,22548
ינוסו,ינוסו,effugio,0,0,23,22548
ינוסו,ינוסו,fuga,0,0,14,22548
ינוסו,ינוסו,exsilium,0,0,0,22548
ינוסו,ינוסו,profugio,0,0,7,22548
ינוסו,ינוסו,uito,0,0,2,22548
ינוסו,ינוסו,exsul,0,0,0,22548
ינח,ינח,supprimo,0,0,0,22548
ינח,ינח,pono,0,0,697,22548
ינח,ינח,loco,0,0,2,22548
ינח,ינח,statuo,0,0,62,22548
ינח,ינח,colloco,0,0,17,22548
ינח,ינח,locus,0,0,513,22548
ינחמ,ינחם,hortor,0,0,1,22548
ינחמ,ינחם,uolo,0,0,226,22548
ינחמ,ינחם,oro,0,0,95,22548
ינחמ,ינחם,obsecro,0,0,73,22548
ינחמ,ינחם,rogo,0,0,51,22548
ינחמ,ינחם,peto,0,0,48,22548
ינחמ,ינחם,uoco,0,0,413,22548
יניקה,יניקה,sagitto,0,1,4,22548
ינס,ינס,conor,0,0,0,22548
ינס,ינס,attento,0,0,0,22548
ינס,ינס,fugio,0,0,238,22548
ינס,ינס,effugio,0,0,23,22548
ינס,ינס,fuga,0,0,14,22548
ינס,ינס,exsilium,0,0,0,22548
ינס,ינס,profugio,0,0,7,22548
ינס,ינס,uito,0,0,2,22548
ינס,ינס,exsul,0,0,0,22548
ינסו,ינסו,conor,0,0,0,22548
ינסו,ינסו,attento,0,0,0,22548
ינסו,ינסו,fugio,0,0,238,22548
ינסו,ינסו,effugio,0,0,23,22548
ינסו,ינסו,fuga,0,0,14,22548
ינסו,ינסו,exsilium,0,0,0,22548
ינסו,ינסו,profugio,0,0,7,22548
ינסו,ינסו,uito,0,0,2,22548
ינסו,ינסו,exsul,0,0,0,22548
ינצו,ינצו,pugno,0,0,133,22548
ינצו,ינצו,dimico,0,0,22,22548
ינצו,ינצו,certo,0,0,3,22548
ינצו,ינצו,proelium,0,0,104,22548
ינצו,ינצו,pugna,0,0,33,22548
ינצו,ינצו,acies,0,0,27,22548
ינצו,ינצו,proelior,0,0,4,22548
ינק,ינק,infans,2,26,18,22548
ינק,ינק,filius,3,26,3345,22548
ינק,ינק,puer,3,26,220,22548
ינק,ינק,iuuencus,0,26,0,22548
ינק,ינק,gigno,2,26,190,22548
ינק,ינק,pario,1,26,116,22548
ינק,ינק,fero,0,26,342,22548
ינק,ינק,genero,0,26,14,22548
ינקה,ינקה,depurgo,0,0,0,22548
ינקה,ינקה,limpido,0,0,0,22548
ינשוף,ינשוף,noctua,0,3,2,22548
ינתנ,ינתן,do,0,0,1314,22548
ינתנ,ינתן,trado,0,0,321,22548
ינתנ,ינתן,dono,0,0,11,22548
ינתנ,ינתן,tribuo,0,0,66,22548
ינתנ,ינתן,concedo,0,0,15,22548
ינתנ,ינתן,soluo,0,0,36,22548
ינתנ,ינתן,reddo,0,0,173,22548
ינתנ,ינתן,stipendium,0,0,0,22548
יסב,יסב,auerto,0,0,85,22548
יסב,יסב,reflecto,0,0,1,22548
יסב,יסב,conuerto,0,0,187,22548
יסבו,יסבו,orbiculor,0,0,0,22548
יסד,יסד,fundamentum,6,40,39,22548
יסד,יסד,fundamen,0,40,0,22548
יסד,יסד,condo,0,40,15,22548
יסד,יסד,fundo,27,40,136,22548
יסד,יסד,aedifico,7,40,312,22548
יסד,יסד,colonus,0,40,8,22548
יסדות,יסדות,fundamentum,0,0,39,22548
יסדות,יסדות,fundamen,0,0,0,22548
יסדת,יסדת,substruo,0,0,0,22548
יסוד,יסוד,fundamentum,9,16,39,22548
יסוד,יסוד,fundamen,0,16,0,22548
יסוד,יסוד,digitus,6,16,39,22548
יסוד,יסוד,impono,0,16,51,22548
יסוד,יסוד,impetus,0,16,22,22548
יסוד,יסוד,oppugno,0,16,0,22548
יסוד,יסוד,ala,0,16,45,22548
יסוד,יסוד,columna,0,16,73,22548
יסוד,יסוד,penna,0,16,2,22548
יסוד,יסוד,cornu,8,16,61,22548
יסודה,יסודה,fundamentum,1,1,39,22548
יסודה,יסודה,fundamen,0,1,0,22548
יסור,יסור,aufero,0,1,256,22548
יסור,יסור,tollo,0,1,238,22548
יסור,יסור,priuo,0,1,3,22548
יסיפ,יסיף,accedo,0,0,108,22548
יסיפ,יסיף,adicio,0,0,15,22548
יסיפ,יסיף,adiungo,0,0,4,22548
יסיפ,יסיף,addo,0,0,103,22548
יסיפו,יסיפו,accedo,0,0,108,22548
יסיפו,יסיפו,adicio,0,0,15,22548
יסיפו,יסיפו,adiungo,0,0,4,22548
יסיפו,יסיפו,addo,0,0,103,22548
יסכ,יסך,libo,0,1,28,22548
יסכ,יסך,fundo,0,1,136,22548
יסכ,יסך,lito,0,1,5,22548
יסע,יסע,discedo,0,0,4,22548
יסע,יסע,recedo,0,0,191,22548
יסע,יסע,abeo,0,0,219,22548
יסע,יסע,liceor,0,0,0,22548
יסע,יסע,patior,0,0,36,22548
יסע,יסע,sino,0,0,24,22548
יסע,יסע,luceo,0,0,35,22548
יסעד,יסעד,auxilium,0,0,57,22548
יסעד,יסעד,defendo,0,0,7,22548
יסעד,יסעד,adiuuo,0,0,26,22548
יסעד,יסעד,opera,0,0,4,22548
יסעד,יסעד,opis,0,0,0,22548
יסעד,יסעד,iuuo,0,0,1,22548
יסעד,יסעד,sustineo,0,0,60,22548
יסעו,יסעו,discedo,0,0,4,22548
יסעו,יסעו,recedo,0,0,191,22548
יסעו,יסעו,abeo,0,0,219,22548
יסעו,יסעו,liceor,0,0,0,22548
יסעו,יסעו,patior,0,0,36,22548
יסעו,יסעו,sino,0,0,24,22548
יסעו,יסעו,luceo,0,0,35,22548
יסף,יסף,addo,73,200,103,22548
יסף,יסף,ascribo,0,200,0,22548
יסף,יסף,concipio,1,200,60,22548
יסף,יסף,accedo,0,200,108,22548
יסף,יסף,adicio,14,200,15,22548
יסף,יסף,adiungo,0,200,4,22548
יספ,יסף,accedo,0,200,108,22548
יספ,יסף,adicio,14,200,15,22548
יספ,יסף,adiungo,0,200,4,22548
יספ,יסף,addo,73,200,103,22548
יספדו,יספדו,caedo,0,0,68,22548
יספדו,יספדו,ferio,0,0,19,22548
יספדו,יספדו,pulto,0,0,1,22548
יספו,יספו,accedo,0,0,108,22548
יספו,יספו,adicio,0,0,15,22548
יספו,יספו,adiungo,0,0,4,22548
יספו,יספו,addo,0,0,103,22548
יספר,יספר,pernumero,0,0,0,22548
יספר,יספר,elogio,0,0,0,22548
יספרו,יספרו,elogio,0,0,0,22548
יספת,יספת,accedo,0,0,108,22548
יספת,יספת,adicio,0,0,15,22548
יספת,יספת,adiungo,0,0,4,22548
יספת,יספת,addo,0,0,103,22548
יסקל,יסקל,aconae,0,0,0,22548
יסר,יסר,declino,0,37,79,22548
יסר,יסר,promoneo,0,37,0,22548
יסר,יסר,accedo,0,37,108,22548
יסר,יסר,adicio,0,37,15,22548
יסר,יסר,adiungo,0,37,4,22548
יסר,יסר,addo,3,37,103,22548
יעבד,יעבד,seruus,0,0,607,22548
יעבד,יעבד,seruitus,0,0,30,22548
יעבד,יעבד,seruio,0,0,160,22548
יעבדו,יעבדו,seruus,0,0,607,22548
יעבדו,יעבדו,seruitus,0,0,30,22548
יעבדו,יעבדו,seruio,0,0,160,22548
יעבור,יעבור,transeo,0,0,293,22548
יעבור,יעבור,praetereo,0,0,29,22548
יעבר,יעבר,crux,0,0,6,22548
יעבר,יעבר,transeo,0,0,293,22548
יעבר,יעבר,transgredior,0,0,20,22548
יעבר,יעבר,diuinus,0,0,12,22548
יעבר,יעבר,diuus,0,0,0,22548
יעבר,יעבר,inclitus,0,0,6,22548
יעבר,יעבר,praesens,0,0,76,22548
יעבר,יעבר,munus,0,0,91,22548
יעבר,יעבר,dono,0,0,11,22548
יעבר,יעבר,donum,0,0,25,22548
יעבר,יעבר,adsum,0,0,27,22548
יעבר,יעבר,praetereo,0,0,29,22548
יעברו,יעברו,crux,0,0,6,22548
יעברו,יעברו,transeo,0,0,293,22548
יעברו,יעברו,transgredior,0,0,20,22548
יעברו,יעברו,praesens,0,0,76,22548
יעברו,יעברו,munus,0,0,91,22548
יעברו,יעברו,dono,0,0,11,22548
יעברו,יעברו,donum,0,0,25,22548
יעברו,יעברו,adsum,0,0,27,22548
יעד,יעד,probo,0,29,58,22548
יעד,יעד,constituo,2,29,186,22548
יעד,יעד,ostendo,1,29,147,22548
יעד,יעד,pono,3,29,697,22548
יעד,יעד,ordo,0,29,56,22548
יעד,יעד,synagoga,0,29,8,22548
יעד,יעד,educatus,0,29,0,22548
יעה,יעה,uasum,0,10,0,22548
יעה,יעה,nauis,0,10,27,22548
יעה,יעה,impedimentum,0,10,1,22548
יעה,יעה,uas,7,10,188,22548
יעה,יעה,patera,0,10,0,22548
יעה,יעה,phiala,0,10,0,22548
יעה,יעה,calix,0,10,23,22548
יעזב,יעזב,dimitto,0,0,271,22548
יעזב,יעזב,relinquo,0,0,119,22548
יעזב,יעזב,absoluo,0,0,0,22548
יעזב,יעזב,libero,0,0,139,22548
יעזב,יעזב,ignosco,0,0,7,22548
יעזב,יעזב,permitto,0,0,6,22548
יעזב,יעזב,linquo,0,0,0,22548
יעזבו,יעזבו,relinquo,0,0,119,22548
יעזר,יעזר,auxilium,0,12,57,22548
יעזר,יעזר,defendo,0,12,7,22548
יעזר,יעזר,adiuuo,0,12,26,22548
יעזר,יעזר,opera,0,12,4,22548
יעזר,יעזר,opis,0,12,0,22548
יעזר,יעזר,iuuo,0,12,1,22548
יעזר,יעזר,sustineo,0,12,60,22548
יעל,יעל,ascendo,0,29,474,22548
יעל,יעל,mons,1,29,470,22548
יעל,יעל,escendo,0,29,0,22548
יעל,יעל,educo,0,29,242,22548
יעל,יעל,reporto,0,29,7,22548
יעל,יעל,formaceus,0,29,0,22548
יעל,יעל,auxilium,2,29,57,22548
יעל,יעל,seruio,1,29,160,22548
יעלה,יעלה,capra,0,3,24,22548
יעלה,יעלה,caper,0,3,3,22548
יעלה,יעלה,hircus,0,3,29,22548
יעלה,יעלה,caprinus,0,3,0,22548
יעלה,יעלה,hircinus,0,3,0,22548
יעלה,יעלה,ascendo,0,3,474,22548
יעלה,יעלה,mons,0,3,470,22548
יעלה,יעלה,escendo,0,3,0,22548
יעלה,יעלה,reporto,0,3,7,22548
יעלו,יעלו,ascendo,0,0,474,22548
יעלו,יעלו,mons,0,0,470,22548
יעלו,יעלו,escendo,0,0,0,22548
יעמד,יעמד,surgo,0,0,287,22548
יעמד,יעמד,exsurgo,0,0,1,22548
יעמד,יעמד,sisto,0,0,0,22548
יעמד,יעמד,sto,0,0,425,22548
יעמד,יעמד,constituo,0,0,186,22548
יעמד,יעמד,erigo,0,0,60,22548
יעמד,יעמד,aduenio,0,0,27,22548
יעמדו,יעמדו,surgo,0,0,287,22548
יעמדו,יעמדו,exsurgo,0,0,1,22548
יעמדו,יעמדו,sisto,0,0,0,22548
יעמדו,יעמדו,sto,0,0,425,22548
יעמדו,יעמדו,constituo,0,0,186,22548
יעמדו,יעמדו,erigo,0,0,60,22548
יעמדנה,יעמדנה,surgo,0,0,287,22548
יעמדנה,יעמדנה,exsurgo,0,0,1,22548
יעמיד,יעמיד,sisto,0,0,0,22548
יעמיד,יעמיד,sto,0,0,425,22548
יעמיד,יעמיד,constituo,0,0,186,22548
יעמיד,יעמיד,erigo,0,0,60,22548
יענ,יען,rescribo,0,0,1,22548
יענ,יען,exaudio,0,0,135,22548
יענ,יען,respondeo,0,0,541,22548
יענ,יען,quia,0,0,1439,22548
יענ,יען,quare,0,0,180,22548
יענ,יען,causa,0,0,85,22548
יענ,יען,propter,0,0,292,22548
יענ,יען,ratio,0,0,11,22548
יענ,יען,ob,0,0,67,22548
יענ,יען,sicut,0,0,851,22548
יענ,יען,ausculto,0,0,17,22548
יענ,יען,humilio,0,0,64,22548
יענה,יענה,rescribo,0,8,1,22548
יענה,יענה,exaudio,0,8,135,22548
יענה,יענה,respondeo,0,8,541,22548
יענו,יענו,rescribo,0,0,1,22548
יענו,יענו,exaudio,0,0,135,22548
יענו,יענו,respondeo,0,0,541,22548
יענו,יענו,liceor,0,0,0,22548
יענו,יענו,patior,0,0,36,22548
יענו,יענו,sino,0,0,24,22548
יענו,יענו,luceo,0,0,35,22548
יעפ,יעף,resoluo,0,11,0,22548
יעץ,יעץ,consilium,44,73,139,22548
יעץ,יעץ,commendo,0,73,9,22548
יעץ,יעץ,hortor,0,73,1,22548
יעץ,יעץ,monstro,1,73,12,22548
יעץ,יעץ,moneo,0,73,4,22548
יעץ,יעץ,suadeo,0,73,2,22548
יעץ,יעץ,consilior,1,73,1,22548
יעץ,יעץ,consulo,1,73,39,22548
יעץ,יעץ,iudico,0,73,181,22548
יעץ,יעץ,concilium,0,73,11,22548
יעץ,יעץ,insidiae,1,73,52,22548
יעץ,יעץ,sententia,1,73,30,22548
יעץ,יעץ,senatus,0,73,0,22548
יעץ,יעץ,senator,0,73,1,22548
יעצ,יעץ,consilium,44,73,139,22548
יעצ,יעץ,consulo,1,73,39,22548
יעצ,יעץ,iudico,0,73,181,22548
יעצ,יעץ,concilium,0,73,11,22548
יעצ,יעץ,insidiae,1,73,52,22548
יעצ,יעץ,consilior,1,73,1,22548
יעצ,יעץ,moneo,0,73,4,22548
יעצ,יעץ,suadeo,0,73,2,22548
יעקב,יעקב,filia,12,314,448,22548
יעקב,יעקב,nascor,3,314,103,22548
יעקב,יעקב,puer,2,314,220,22548
יעקב,יעקב,pueri,0,314,0,22548
יעקב,יעקב,puerum,0,314,0,22548
יעקב,יעקב,natus,1,314,2,22548
יעקב,יעקב,filius,56,314,3345,22548
יעקן,יעקן,abito,0,4,9,22548
יער,יער,silua,18,80,29,22548
יער,יער,uirgultum,0,80,0,22548
יער,יער,ligneus,0,80,9,22548
יער,יער,lignum,14,80,254,22548
יער,יער,caudeus,0,80,0,22548
יער,יער,tignum,0,80,1,22548
יער,יער,materia,0,80,1,22548
יער,יער,urbs,4,80,346,22548
יער,יער,ciuitas,5,80,683,22548
יער,יער,oppidum,0,80,46,22548
יער,יער,moenia,0,80,5,22548
יער,יער,publicus,0,80,7,22548
יער,יער,athenae,0,80,0,22548
יער,יער,municipium,0,80,0,22548
יער,יער,urbem,0,80,0,22548
יער,יער,urbis,0,80,0,22548
יער,יער,nemus,2,80,11,22548
יער,יער,lucus,0,80,31,22548
יער,יער,res,0,80,159,22548
יער,יער,lutarius,0,80,0,22548
יערימ,יערים,urbs,0,0,346,22548
יערימ,יערים,ciuitas,0,0,683,22548
יערימ,יערים,oppidum,0,0,46,22548
יערימ,יערים,moenia,0,0,5,22548
יערימ,יערים,publicus,0,0,7,22548
יערימ,יערים,athenae,0,0,0,22548
יערימ,יערים,municipium,0,0,0,22548
יערימ,יערים,urbem,0,0,0,22548
יערימ,יערים,urbis,0,0,0,22548
יערכ,יערך,latusculum,0,0,0,22548
יערכו,יערכו,latusculum,0,0,0,22548
יעש,יעש,fio,0,0,188,22548
יעש,יעש,nascor,0,0,103,22548
יעש,יעש,orior,0,0,52,22548
יעש,יעש,gigno,0,0,190,22548
יעש,יעש,sum,0,0,9821,22548
יעש,יעש,impono,0,0,51,22548
יעש,יעש,impetus,0,0,22,22548
יעש,יעש,oppugno,0,0,0,22548
יעתק,יעתק,abito,0,0,9,22548
יעתר,יעתר,ausculto,0,0,17,22548
יעתר,יעתר,precor,0,0,10,22548
יעתר,יעתר,oro,0,0,95,22548
יעתר,יעתר,uoueo,0,0,40,22548
יעתר,יעתר,opto,0,0,2,22548
יעתר,יעתר,quaeso,0,0,25,22548
יעתר,יעתר,obsecro,0,0,73,22548
יעתר,יעתר,oratio,0,0,64,22548
יעתר,יעתר,prex,0,0,27,22548
יעתר,יעתר,tandem,0,0,4,22548
יעתר,יעתר,quonam,0,0,0,22548
יפגע,יפגע,occurro,0,0,60,22548
יפגעו,יפגעו,obuenio,0,0,0,22548
יפגש,יפגש,obuenio,0,0,0,22548
יפה,יפה,diuinus,0,47,12,22548
יפה,יפה,diuus,0,47,0,22548
יפה,יפה,inclitus,0,47,6,22548
יפה,יפה,formositas,0,47,0,22548
יפה,יפה,pulchritudo,0,47,24,22548
יפה,יפה,pulcher,22,47,69,22548
יפה,יפה,formosus,0,47,0,22548
יפה,יפה,bonus,1,47,316,22548
יפה,יפה,nobilis,0,47,17,22548
יפה,יפה,bene,0,47,65,22548
יפה,יפה,ius,0,47,37,22548
יפה,יפה,aequus,0,47,22,22548
יפה,יפה,speciosus,8,47,24,22548
יפה,יפה,ualeo,0,47,38,22548
יפה,יפה,posterus,0,47,25,22548
יפה,יפה,dexter,0,47,104,22548
יפה,יפה,puteus,0,47,37,22548
יפה,יפה,bellus,0,47,0,22548
יפה,יפה,genus,1,47,65,22548
יפה,יפה,species,1,47,26,22548
יפה,יפה,gener,0,47,12,22548
יפה,יפה,figura,0,47,7,22548
יפה,יפה,uehemens,0,47,16,22548
יפה,יפה,oppido,0,47,0,22548
יפה,יפה,nimius,0,47,19,22548
יפח,יפח,insufflo,0,2,0,22548
יפח,יפח,exsufflo,0,2,0,22548
יפחז,יפחז,prosilio,0,0,0,22548
יפי,יפי,formositas,0,19,0,22548
יפי,יפי,pulchritudo,7,19,24,22548
יפילו,יפילו,iacio,0,0,25,22548
יפילו,יפילו,mitto,0,0,653,22548
יפילו,יפילו,peto,0,0,48,22548
יפילו,יפילו,ferio,0,0,19,22548
יפילו,יפילו,icio,0,0,0,22548
יפילו,יפילו,proicio,0,0,121,22548
יפילו,יפילו,eicio,0,0,79,22548
יפיצ,יפיץ,dissipo,0,0,33,22548
יפל,יפל,ingruo,0,0,1,22548
יפל,יפל,cado,0,0,252,22548
יפל,יפל,concido,0,0,21,22548
יפל,יפל,ruo,0,0,18,22548
יפל,יפל,incido,0,0,17,22548
יפל,יפל,ruina,0,0,51,22548
יפלו,יפלו,cado,0,0,252,22548
יפלו,יפלו,concido,0,0,21,22548
יפלו,יפלו,ruo,0,0,18,22548
יפלו,יפלו,incido,0,0,17,22548
יפלו,יפלו,ruina,0,0,51,22548
יפלחונ,יפלחון,seruus,0,0,607,22548
יפלחונ,יפלחון,seruitus,0,0,30,22548
יפלחונ,יפלחון,seruio,0,0,160,22548
יפלט,יפלט,traho,0,2,20,22548
יפנ,יפן,perspecto,0,0,0,22548
יפנ,יפן,introspicio,0,0,0,22548
יפנה,יפנה,saluo,0,16,105,22548
יפנה,יפנה,nisi,1,16,96,22548
יפע,יפע,praeclareo,0,7,0,22548
יפע,יפע,lampo,0,7,0,22548
יפע,יפע,florus,0,7,1,22548
יפצו,יפצו,diffundo,0,0,7,22548
יפצר,יפצר,uis,0,0,73,22548
יפצר,יפצר,copia,0,0,6,22548
יפצר,יפצר,coacto,0,0,0,22548
יפקד,יפקד,recensus,0,0,0,22548
יפקד,יפקד,ducena,0,0,0,22548
יפקד,יפקד,constituo,0,0,186,22548
יפקד,יפקד,pono,0,0,697,22548
יפר,יפר,augeo,0,0,18,22548
יפר,יפר,cresco,0,0,41,22548
יפרצ,יפרץ,uis,0,0,73,22548
יפרצ,יפרץ,copia,0,0,6,22548
יפרצ,יפרץ,coacto,0,0,0,22548
יפשיטו,יפשיטו,exuo,0,0,2,22548
יפת,יפת,pulcher,0,11,69,22548
יפת,יפת,formosus,0,11,0,22548
יפת,יפת,bonus,0,11,316,22548
יפת,יפת,nobilis,0,11,17,22548
יפת,יפת,bene,0,11,65,22548
יפת,יפת,ius,0,11,37,22548
יפת,יפת,aequus,0,11,22,22548
יפת,יפת,speciosus,0,11,24,22548
יפת,יפת,ualeo,0,11,38,22548
יפת,יפת,posterus,0,11,25,22548
יפת,יפת,dexter,0,11,104,22548
יפת,יפת,puteus,0,11,37,22548
יפת,יפת,bellus,0,11,0,22548
יפת,יפת,genus,0,11,65,22548
יפת,יפת,species,0,11,26,22548
יפת,יפת,gener,0,11,12,22548
יפת,יפת,figura,0,11,7,22548
יפת,יפת,signum,0,11,116,22548
יפת,יפת,symbolus,0,11,0,22548
יפתח,יפתח,pateo,0,27,11,22548
יפתח,יפתח,aperio,1,27,166,22548
יפתח,יפתח,patefacio,0,27,0,22548
יצא,יצא,deduco,1,974,50,22548
יצא,יצא,extro,0,974,0,22548
יצא,יצא,exeo,65,974,81,22548
יצא,יצא,egredior,477,974,582,22548
יצא,יצא,prodeo,0,974,0,22548
יצא,יצא,liceor,0,974,0,22548
יצא,יצא,patior,1,974,36,22548
יצא,יצא,sino,1,974,24,22548
יצא,יצא,luceo,0,974,35,22548
יצאה,יצאה,exeo,0,0,81,22548
יצאה,יצאה,egredior,0,0,582,22548
יצאה,יצאה,prodeo,0,0,0,22548
יצאה,יצאה,liceor,0,0,0,22548
יצאה,יצאה,patior,0,0,36,22548
יצאה,יצאה,sino,0,0,24,22548
יצאה,יצאה,luceo,0,0,35,22548
יצאו,יצאו,deduco,0,0,50,22548
יצאו,יצאו,exeo,0,0,81,22548
יצאו,יצאו,egredior,0,0,582,22548
יצאו,יצאו,prodeo,0,0,0,22548
יצאו,יצאו,liceor,0,0,0,22548
יצאו,יצאו,patior,0,0,36,22548
יצאו,יצאו,sino,0,0,24,22548
יצאו,יצאו,luceo,0,0,35,22548
יצאי,יצאי,exeo,0,0,81,22548
יצאי,יצאי,egredior,0,0,582,22548
יצאי,יצאי,prodeo,0,0,0,22548
יצאימ,יצאים,exeo,0,0,81,22548
יצאימ,יצאים,egredior,0,0,582,22548
יצאימ,יצאים,prodeo,0,0,0,22548
יצאת,יצאת,liceor,0,0,0,22548
יצאת,יצאת,patior,0,0,36,22548
יצאת,יצאת,sino,0,0,24,22548
יצאת,יצאת,luceo,0,0,35,22548
יצאתי,יצאתי,liceor,0,0,0,22548
יצאתי,יצאתי,patior,0,0,36,22548
יצאתי,יצאתי,sino,0,0,24,22548
יצאתי,יצאתי,luceo,0,0,35,22548
יצב,יצב,scientia,0,44,76,22548
יצב,יצב,sto,31,44,425,22548
יצב,יצב,sisto,0,44,0,22548
יצב,יצב,constituo,1,44,186,22548
יצב,יצב,erigo,0,44,60,22548
יצבא,יצבא,gloria,0,0,214,22548
יצבא,יצבא,fama,0,0,14,22548
יצבא,יצבא,sententia,0,0,30,22548
יצבא,יצבא,existimatio,0,0,0,22548
יצבא,יצבא,laus,0,0,73,22548
יצבא,יצבא,opinio,0,0,0,22548
יצברו,יצברו,congrego,0,0,255,22548
יצברו,יצברו,simul,0,0,145,22548
יצברו,יצברו,colligo,0,0,77,22548
יצהר,יצהר,oleum,18,29,174,22548
יצהר,יצהר,olearius,0,29,0,22548
יצהר,יצהר,olearis,0,29,0,22548
יצהר,יצהר,uinum,16,29,157,22548
יצהר,יצהר,bacchus,0,29,0,22548
יצהר,יצהר,uini,0,29,0,22548
יצהר,יצהר,cibus,0,29,99,22548
יצהר,יצהר,frumentum,14,29,54,22548
יצהר,יצהר,seges,0,29,18,22548
יצהר,יצהר,panis,1,29,255,22548
יצהר,יצהר,frumentarius,0,29,0,22548
יצהר,יצהר,triticum,2,29,33,22548
יצהר,יצהר,granum,0,29,2,22548
יצהר,יצהר,esca,0,29,27,22548
יצו,יצו,imperatus,0,0,0,22548
יצו,יצו,iubeo,0,0,75,22548
יצו,יצו,praecipio,0,0,448,22548
יצו,יצו,ordo,0,0,56,22548
יצו,יצו,imperium,0,0,59,22548
יצו,יצו,impero,0,0,49,22548
יצו,יצו,dispono,0,0,16,22548
יצוה,יצוה,imperatus,0,0,0,22548
יצוע,יצוע,lectulus,0,5,15,22548
יציב,יציב,etenim,0,3,7,22548
יציב,יציב,uerus,1,3,36,22548
יציב,יציב,hercules,0,3,0,22548
יציב,יציב,ueritas,0,3,113,22548
יציבא,יציבא,seueritas,0,0,0,22548
יציל,יציל,detraho,0,0,55,22548
יציל,יציל,traho,0,0,20,22548
יציק,יציק,pressura,0,0,2,22548
יצל,יצל,aufero,0,0,256,22548
יצל,יצל,tollo,0,0,238,22548
יצל,יצל,priuo,0,0,3,22548
יצל,יצל,detraho,0,0,55,22548
יצעק,יצעק,clamo,0,0,180,22548
יצעק,יצעק,uociferor,0,0,3,22548
יצעק,יצעק,exclamo,0,0,12,22548
יצעק,יצעק,clamor,0,0,62,22548
יצפ,יצף,amplector,0,0,0,22548
יצק,יצק,offundo,0,56,0,22548
יצק,יצק,defundo,0,56,0,22548
יצק,יצק,oleum,13,56,174,22548
יצק,יצק,olearius,0,56,0,22548
יצק,יצק,olearis,0,56,0,22548
יצר,יצר,figulus,1,45,11,22548
יצר,יצר,figularis,0,45,0,22548
יצר,יצר,idos,0,45,0,22548
יצר,יצר,formaceus,0,45,0,22548
יצר,יצר,obsido,0,45,22,22548
יצר,יצר,circumsedeo,0,45,0,22548
יצר,יצר,supersum,0,45,18,22548
יצר,יצר,figura,0,45,7,22548
יקב,יקב,aluearium,0,14,0,22548
יקב,יקב,galbeum,0,14,0,22548
יקב,יקב,uinum,5,14,157,22548
יקב,יקב,bacchus,0,14,0,22548
יקב,יקב,uini,0,14,0,22548
יקב,יקב,cibus,0,14,99,22548
יקב,יקב,frumentum,1,14,54,22548
יקב,יקב,seges,0,14,18,22548
יקב,יקב,panis,0,14,255,22548
יקב,יקב,frumentarius,0,14,0,22548
יקב,יקב,triticum,0,14,33,22548
יקב,יקב,granum,0,14,2,22548
יקב,יקב,esca,0,14,27,22548
יקבצ,יקבץ,congrego,0,0,255,22548
יקבצ,יקבץ,simul,0,0,145,22548
יקבצ,יקבץ,colligo,0,0,77,22548
יקבצו,יקבצו,congrego,0,0,255,22548
יקבצו,יקבצו,simul,0,0,145,22548
יקבצו,יקבצו,colligo,0,0,77,22548
יקבר,יקבר,sepelio,0,0,114,22548
יקבר,יקבר,condo,0,0,15,22548
יקבר,יקבר,funus,0,0,2,22548
יקבר,יקבר,insepultus,0,0,0,22548
יקברו,יקברו,sepelio,0,0,114,22548
יקברו,יקברו,condo,0,0,15,22548
יקברו,יקברו,funus,0,0,2,22548
יקברו,יקברו,insepultus,0,0,0,22548
יקד,יקד,prono,0,15,0,22548
יקדת,יקדת,uro,0,0,26,22548
יקדת,יקדת,incendo,0,0,36,22548
יקדת,יקדת,cremo,0,0,11,22548
יקדת,יקדת,ardeo,0,0,34,22548
יקדת,יקדת,succendo,0,0,79,22548
יקוו,יקוו,congrego,0,0,255,22548
יקוו,יקוו,simul,0,0,145,22548
יקוו,יקוו,colligo,0,0,77,22548
יקום,יקום,bonus,0,3,316,22548
יקום,יקום,fortuna,0,3,1,22548
יקום,יקום,praedium,0,3,0,22548
יקום,יקום,substantia,3,3,59,22548
יקומ,יקום,surgo,0,3,287,22548
יקומ,יקום,exsurgo,0,3,1,22548
יקומ,יקום,maneo,0,3,122,22548
יקומ,יקום,persisto,0,3,0,22548
יקומ,יקום,moror,0,3,66,22548
יקומ,יקום,sto,0,3,425,22548
יקומ,יקום,reliquus,0,3,186,22548
יקומ,יקום,remaneo,1,3,92,22548
יקומ,יקום,exspecto,0,3,36,22548
יקומ,יקום,resto,0,3,7,22548
יקומו,יקומו,surgo,0,0,287,22548
יקומו,יקומו,exsurgo,0,0,1,22548
יקומונ,יקומון,surgo,0,0,287,22548
יקומונ,יקומון,exsurgo,0,0,1,22548
יקח,יקח,suscipio,0,0,91,22548
יקח,יקח,accipio,0,0,247,22548
יקח,יקח,excipio,0,0,19,22548
יקח,יקח,recipio,0,0,37,22548
יקח,יקח,fateor,0,0,1,22548
יקח,יקח,accepto,0,0,0,22548
יקח,יקח,capio,0,0,207,22548
יקח,יקח,sumo,0,0,94,22548
יקח,יקח,impetro,0,0,1,22548
יקחו,יקחו,capio,0,0,207,22548
יקחו,יקחו,sumo,0,0,94,22548
יקחו,יקחו,accipio,0,0,247,22548
יקחו,יקחו,recipio,0,0,37,22548
יקחו,יקחו,impetro,0,0,1,22548
יקחו,יקחו,excipio,0,0,19,22548
יקימ,יקים,surgo,0,0,287,22548
יקימ,יקים,exsurgo,0,0,1,22548
יקימ,יקים,sisto,0,0,0,22548
יקימ,יקים,sto,0,0,425,22548
יקימ,יקים,constituo,0,0,186,22548
יקימ,יקים,erigo,0,0,60,22548
יקירה,יקירה,grauis,0,0,28,22548
יקירה,יקירה,ponderosus,0,0,0,22548
יקלל,יקלל,maledictio,0,0,38,22548
יקמ,יקם,surgo,0,0,287,22548
יקמ,יקם,exsurgo,0,0,1,22548
יקמ,יקם,excito,0,0,1,22548
יקמ,יקם,suscito,0,0,100,22548
יקמ,יקם,ulciscor,0,0,27,22548
יקמ,יקם,assurgo,0,0,3,22548
יקמ,יקם,consurgo,0,0,144,22548
יקמ,יקם,sisto,0,0,0,22548
יקמ,יקם,sto,0,0,425,22548
יקמ,יקם,constituo,0,0,186,22548
יקמ,יקם,erigo,0,0,60,22548
יקמו,יקמו,surgo,0,0,287,22548
יקמו,יקמו,exsurgo,0,0,1,22548
יקמו,יקמו,assurgo,0,0,3,22548
יקמו,יקמו,consurgo,0,0,144,22548
יקנ,יקן,paro,0,0,78,22548
יקנ,יקן,acquiro,0,0,4,22548
יקנ,יקן,possideo,0,0,160,22548
יקנ,יקן,possessio,0,0,165,22548
יקנא,יקנא,inuidia,0,0,5,22548
יקנא,יקנא,inuideo,0,0,4,22548
יקנא,יקנא,aemulor,0,0,1,22548
יקנאו,יקנאו,inuidia,0,0,5,22548
יקנאו,יקנאו,inuideo,0,0,4,22548
יקנאו,יקנאו,aemulor,0,0,1,22548
יקץ,יקץ,excito,1,10,1,22548
יקץ,יקץ,suscito,0,10,100,22548
יקץ,יקץ,somnus,3,10,25,22548
יקץ,יקץ,sopor,1,10,13,22548
יקץ,יקץ,dormio,2,10,169,22548
יקץ,יקץ,soporus,0,10,0,22548
יקר,יקר,rarus,0,59,0,22548
יקר,יקר,millies,0,59,0,22548
יקר,יקר,uix,1,59,5,22548
יקר,יקר,honor,7,59,17,22548
יקר,יקר,dignitas,0,59,7,22548
יקר,יקר,pretium,7,59,62,22548
יקר,יקר,decus,0,59,3,22548
יקר,יקר,honorem,0,59,0,22548
יקר,יקר,honoris,0,59,0,22548
יקר,יקר,lapis,8,59,216,22548
יקר,יקר,saxum,0,59,12,22548
יקר,יקר,marmor,2,59,4,22548
יקר,יקר,marmoreus,0,59,2,22548
יקר,יקר,gemma,9,59,19,22548
יקר,יקר,petrinus,0,59,0,22548
יקר,יקר,uehemens,0,59,16,22548
יקר,יקר,oppido,0,59,0,22548
יקר,יקר,nimius,0,59,19,22548
יקר,יקר,aurum,16,59,229,22548
יקר,יקר,aureus,2,59,142,22548
יקרא,יקרא,exclamo,0,0,12,22548
יקרא,יקרא,clamo,0,0,180,22548
יקרא,יקרא,uociferor,0,0,3,22548
יקרא,יקרא,clamor,0,0,62,22548
יקרא,יקרא,inuoco,0,0,72,22548
יקרא,יקרא,cognominis,0,0,0,22548
יקרא,יקרא,appello,0,0,48,22548
יקרא,יקרא,nomino,0,0,16,22548
יקרא,יקרא,nomen,0,0,730,22548
יקרא,יקרא,inuito,0,0,5,22548
יקרא,יקרא,uoco,0,0,413,22548
יקרא,יקרא,accio,0,0,3,22548
יקראו,יקראו,cognominis,0,0,0,22548
יקראו,יקראו,appello,0,0,48,22548
יקראו,יקראו,nomino,0,0,16,22548
יקראו,יקראו,nomen,0,0,730,22548
יקראו,יקראו,inuito,0,0,5,22548
יקראו,יקראו,uoco,0,0,413,22548
יקראו,יקראו,pulcher,0,0,69,22548
יקראו,יקראו,formosus,0,0,0,22548
יקראו,יקראו,bonus,0,0,316,22548
יקראו,יקראו,nobilis,0,0,17,22548
יקראו,יקראו,bene,0,0,65,22548
יקראו,יקראו,ius,0,0,37,22548
יקראו,יקראו,aequus,0,0,22,22548
יקראו,יקראו,speciosus,0,0,24,22548
יקראו,יקראו,ualeo,0,0,38,22548
יקראו,יקראו,posterus,0,0,25,22548
יקראו,יקראו,dexter,0,0,104,22548
יקראו,יקראו,puteus,0,0,37,22548
יקראו,יקראו,bellus,0,0,0,22548
יקרב,יקרב,attulo,0,0,0,22548
יקרב,יקרב,induco,0,0,68,22548
יקרבו,יקרבו,attulo,0,0,0,22548
יקרה,יקרה,coitus,0,1,21,22548
יקשה,יקשה,durus,0,0,46,22548
יקשה,יקשה,rigidus,0,0,1,22548
יקשה,יקשה,edurus,0,0,0,22548
ירא,ירא,indico,3,342,110,22548
ירא,ירא,probo,2,342,58,22548
ירא,ירא,ostendo,1,342,147,22548
ירא,ירא,ecce,10,342,704,22548
ירא,ירא,uideo,30,342,1044,22548
ירא,ירא,cerno,1,342,61,22548
ירא,ירא,conspicio,0,342,7,22548
ירא,ירא,aspicio,2,342,36,22548
ירא,ירא,animaduerto,1,342,5,22548
ירא,ירא,obseruo,2,342,56,22548
ירא,ירא,timeo,241,342,306,22548
ירא,ירא,timor,16,342,74,22548
ירא,ירא,uereor,2,342,7,22548
ירא,ירא,metuo,18,342,23,22548
ירא,ירא,metus,0,342,2,22548
ירא,ירא,pauor,1,342,31,22548
ירא,ירא,terror,4,342,46,22548
ירא,ירא,formido,13,342,47,22548
יראה,יראה,ecce,1,40,704,22548
יראה,יראה,uideo,0,40,1044,22548
יראה,יראה,cerno,0,40,61,22548
יראה,יראה,conspicio,0,40,7,22548
יראה,יראה,aspicio,0,40,36,22548
יראה,יראה,animaduerto,0,40,5,22548
יראה,יראה,obseruo,0,40,56,22548
יראה,יראה,timeo,4,40,306,22548
יראה,יראה,timor,31,40,74,22548
יראה,יראה,uereor,0,40,7,22548
יראה,יראה,metuo,1,40,23,22548
יראה,יראה,metus,0,40,2,22548
יראה,יראה,pauor,0,40,31,22548
יראה,יראה,terror,2,40,46,22548
יראה,יראה,formido,1,40,47,22548
יראו,יראו,uideo,0,0,1044,22548
יראו,יראו,cerno,0,0,61,22548
יראו,יראו,conspicio,0,0,7,22548
יראו,יראו,aspicio,0,0,36,22548
יראו,יראו,animaduerto,0,0,5,22548
יראו,יראו,obseruo,0,0,56,22548
יראו,יראו,timeo,0,0,306,22548
יראו,יראו,timor,0,0,74,22548
יראו,יראו,uereor,0,0,7,22548
יראו,יראו,metuo,0,0,23,22548
יראו,יראו,metus,0,0,2,22548
יראון,יראון,ferreus,0,1,30,22548
יראון,יראון,ferrum,0,1,41,22548
יראון,יראון,ferrarius,0,1,2,22548
יראון,יראון,gladius,0,1,353,22548
יראי,יראי,timeo,0,0,306,22548
יראי,יראי,timor,0,0,74,22548
יראי,יראי,uereor,0,0,7,22548
יראי,יראי,metuo,0,0,23,22548
יראי,יראי,metus,0,0,2,22548
יראת,יראת,religio,0,0,8,22548
יראת,יראת,pietas,0,0,1,22548
יראת,יראת,timeo,0,0,306,22548
יראת,יראת,timor,0,0,74,22548
יראת,יראת,uereor,0,0,7,22548
יראת,יראת,metuo,0,0,23,22548
יראת,יראת,metus,0,0,2,22548
יראת,יראת,pauor,0,0,31,22548
יראת,יראת,terror,0,0,46,22548
יראת,יראת,formido,0,0,47,22548
יראתי,יראתי,timeo,0,0,306,22548
יראתי,יראתי,timor,0,0,74,22548
יראתי,יראתי,uereor,0,0,7,22548
יראתי,יראתי,metuo,0,0,23,22548
יראתי,יראתי,metus,0,0,2,22548
ירב,ירב,pluratiuus,0,0,0,22548
ירבה,ירבה,fio,0,0,188,22548
ירבה,ירבה,nascor,0,0,103,22548
ירבה,ירבה,orior,0,0,52,22548
ירבה,ירבה,gigno,0,0,190,22548
ירבה,ירבה,sum,0,0,9821,22548
ירבה,ירבה,pluratiuus,0,0,0,22548
ירבו,ירבו,pluratiuus,0,0,0,22548
ירבצו,ירבצו,reliquus,0,0,186,22548
ירבצו,ירבצו,ceterus,0,0,56,22548
ירבצו,ירבצו,conquiesco,0,0,4,22548
ירגז,ירגז,anxio,0,0,0,22548
ירגזו,ירגזו,obturbo,0,0,0,22548
ירד,ירד,descendo,235,348,256,22548
ירד,ירד,deicio,1,348,19,22548
ירדה,ירדה,descendo,0,0,256,22548
ירדה,ירדה,deicio,0,0,19,22548
ירדו,ירדו,descendo,0,0,256,22548
ירדו,ירדו,deicio,0,0,19,22548
ירדימ,ירדים,descendo,0,0,256,22548
ירדימ,ירדים,deicio,0,0,19,22548
ירדן,ירדן,altrouorsum,0,161,0,22548
ירדנו,ירדנו,descendo,0,0,256,22548
ירדנו,ירדנו,deicio,0,0,19,22548
ירדפ,ירדף,persequor,0,0,118,22548
ירדפ,ירדף,sequor,0,0,164,22548
ירדפ,ירדף,fugo,0,0,14,22548
ירדפ,ירדף,insequor,0,0,1,22548
ירדפ,ירדף,studium,0,0,19,22548
ירדפ,ירדף,prosequor,0,0,3,22548
ירדפו,ירדפו,prosequor,0,0,3,22548
ירדת,ירדת,capio,0,0,207,22548
ירדת,ירדת,sumo,0,0,94,22548
ירדת,ירדת,accipio,0,0,247,22548
ירדת,ירדת,recipio,0,0,37,22548
ירדת,ירדת,impetro,0,0,1,22548
ירדת,ירדת,excipio,0,0,19,22548
ירדת,ירדת,tremulus,0,0,0,22548
ירדת,ירדת,praetrepidus,0,0,0,22548
ירדת,ירדת,tremor,0,0,8,22548
ירה,ירה,iacio,4,76,25,22548
ירה,ירה,mitto,11,76,653,22548
ירה,ירה,peto,0,76,48,22548
ירה,ירה,ferio,0,76,19,22548
ירה,ירה,icio,0,76,0,22548
ירה,ירה,proicio,1,76,121,22548
ירה,ירה,eicio,0,76,79,22548
ירה,ירה,expello,0,76,16,22548
ירה,ירה,eiecto,0,76,0,22548
ירה,ירה,reiecto,0,76,0,22548
ירה,ירה,lex,6,76,252,22548
ירה,ירה,ius,0,76,37,22548
ירה,ירה,mos,0,76,28,22548
ירה,ירה,consuetudo,0,76,12,22548
ירה,ירה,caerimonia,0,76,61,22548
ירה,ירה,legitimus,2,76,28,22548
ירה,ירה,pascuus,0,76,0,22548
ירומ,ירום,sublimo,0,0,4,22548
ירוממ,ירומם,sublimo,0,0,4,22548
ירח,ירח,mensis,12,38,208,22548
ירח,ירח,inodoro,0,38,0,22548
ירח,ירח,olentia,0,38,0,22548
ירח,ירח,luna,25,38,29,22548
ירח,ירח,plenilunium,0,38,0,22548
ירח,ירח,lunae,0,38,0,22548
ירח,ירח,phoebe,0,38,0,22548
ירח,ירח,sol,20,38,131,22548
ירח,ירח,phoebus,0,38,0,22548
ירח,ירח,solis,0,38,0,22548
ירט,ירט,iacio,0,2,25,22548
ירט,ירט,mitto,0,2,653,22548
ירט,ירט,peto,0,2,48,22548
ירט,ירט,ferio,0,2,19,22548
ירט,ירט,icio,0,2,0,22548
ירט,ירט,proicio,0,2,121,22548
ירט,ירט,eicio,0,2,79,22548
ירט,ירט,impono,0,2,51,22548
ירט,ירט,reiecto,0,2,0,22548
יריב,יריב,aduersarius,2,3,41,22548
יריב,יריב,iudico,2,3,181,22548
יריב,יריב,decerno,0,3,23,22548
יריב,יריב,iudex,0,3,63,22548
יריב,יריב,iudicium,0,3,361,22548
יריב,יריב,reciperator,0,3,0,22548
יריב,יריב,statuo,0,3,62,22548
יריעה,יריעה,uenaticus,0,32,0,22548
יריעה,יריעה,alius,4,32,217,22548
יריעה,יריעה,alter,6,32,212,22548
יריעה,יריעה,mutuus,0,32,10,22548
יריעה,יריעה,inuicem,4,32,27,22548
יריעה,יריעה,profunditas,0,32,1,22548
יריעה,יריעה,byssus,0,32,10,22548
יריעה,יריעה,coccum,2,32,19,22548
יריעה,יריעה,coccineus,0,32,6,22548
יריעה,יריעה,purpureus,0,32,5,22548
יריעה,יריעה,purpura,2,32,33,22548
יריעה,יריעה,ostrum,0,32,0,22548
ירך,ירך,for,0,31,1,22548
ירך,ירך,armus,1,31,15,22548
ירך,ירך,femur,17,31,19,22548
ירכ,ירך,brassica,0,31,0,22548
ירכ,ירך,altrouorsum,0,31,0,22548
ירכ,ירך,for,0,31,1,22548
ירכ,ירך,armus,1,31,15,22548
ירכ,ירך,femur,17,31,19,22548
ירכב,ירכב,escendo,0,0,0,22548
ירכב,ירכב,inuado,0,0,13,22548
ירכה,ירכה,extremus,1,29,62,22548
ירכה,ירכה,ultimus,0,29,7,22548
ירכה,ירכה,nouissimus,1,29,94,22548
ירכה,ירכה,denique,0,29,4,22548
ירכה,ירכה,posterus,1,29,25,22548
ירכת,ירכת,for,0,0,1,22548
ירכת,ירכת,armus,0,0,15,22548
ירכת,ירכת,femur,0,0,19,22548
ירמ,ירם,sublimo,0,0,4,22548
ירע,ירע,impius,0,1,235,22548
ירע,ירע,malus,0,1,201,22548
ירע,ירע,improbus,0,1,1,22548
ירע,ירע,durus,0,1,46,22548
ירע,ירע,rigidus,0,1,1,22548
ירע,ירע,edurus,0,1,0,22548
ירע,ירע,ostendo,0,1,147,22548
ירע,ירע,monstro,0,1,12,22548
ירע,ירע,exhibeo,0,1,1,22548
ירע,ירע,uideo,0,1,1044,22548
ירע,ירע,appareo,0,1,131,22548
ירע,ירע,probo,0,1,58,22548
ירע,ירע,pareo,0,1,14,22548
ירע,ירע,corytos,0,1,0,22548
ירע,ירע,pharetra,0,1,0,22548
ירפ,ירף,omitto,0,0,5,22548
ירפ,ירף,permitto,0,0,6,22548
ירפא,ירפא,sano,0,0,42,22548
ירפא,ירפא,medeor,0,0,4,22548
ירפא,ירפא,curo,0,0,19,22548
ירפא,ירפא,remedio,0,0,0,22548
ירצ,ירץ,percurro,0,0,0,22548
ירצ,ירץ,curro,0,0,61,22548
ירצ,ירץ,decurro,0,0,4,22548
ירצ,ירץ,discurro,0,0,12,22548
ירצו,ירצו,curro,0,0,61,22548
ירצו,ירצו,decurro,0,0,4,22548
ירצו,ירצו,percurro,0,0,0,22548
ירצו,ירצו,discurro,0,0,12,22548
ירק,ירק,hortensius,0,13,0,22548
ירק,ירק,uiridis,1,13,4,22548
ירק,ירק,pastus,0,13,6,22548
ירש,ירש,possideo,82,214,160,22548
ירש,ירש,heredito,12,214,13,22548
ירשה,ירשה,hereditas,3,13,125,22548
ירשה,ירשה,sors,0,13,82,22548
ירשה,ירשה,praedium,0,13,0,22548
ירשה,ירשה,possessio,10,13,165,22548
ירשה,ירשה,aratio,0,13,0,22548
ירשה,ירשה,sortio,0,13,1,22548
ירשה,ירשה,hereditarius,0,13,3,22548
ירשה,ירשה,bellum,0,13,134,22548
ירשה,ירשה,mars,0,13,0,22548
ירשה,ירשה,arma,0,13,33,22548
ירשה,ירשה,acies,0,13,27,22548
ירשה,ירשה,bello,0,13,6,22548
ירשה,ירשה,pugna,0,13,33,22548
ירשה,ירשה,belli,0,13,0,22548
ירשה,ירשה,proelium,2,13,104,22548
ירשו,ירשו,possideo,0,0,160,22548
ירשו,ירשו,heredito,0,0,13,22548
ירשת,ירשת,hereditas,0,0,125,22548
ירשת,ירשת,possessio,0,0,165,22548
ירשת,ירשת,hereditarius,0,0,3,22548
ירשתמ,ירשתם,possideo,0,0,160,22548
ירשתמ,ירשתם,heredito,0,0,13,22548
יש,יש,habeo,29,129,694,22548
יש,יש,teneo,1,129,116,22548
יש,יש,possideo,1,129,160,22548
יש,יש,bonus,7,129,316,22548
יש,יש,fortuna,0,129,1,22548
יש,יש,praedium,0,129,0,22548
יש,יש,substantia,1,129,59,22548
ישא,ישא,perspecto,0,0,0,22548
ישא,ישא,ducto,0,0,0,22548
ישא,ישא,dictum,0,0,0,22548
ישא,ישא,uerbum,0,0,712,22548
ישא,ישא,uox,0,0,345,22548
ישא,ישא,uersus,0,0,18,22548
ישא,ישא,sermo,0,0,429,22548
ישא,ישא,carmen,0,0,23,22548
ישא,ישא,poema,0,0,0,22548
ישא,ישא,capio,0,0,207,22548
ישא,ישא,sumo,0,0,94,22548
ישא,ישא,accipio,0,0,247,22548
ישא,ישא,recipio,0,0,37,22548
ישא,ישא,impetro,0,0,1,22548
ישא,ישא,excipio,0,0,19,22548
ישא,ישא,moneo,0,0,4,22548
ישא,ישא,memoro,0,0,6,22548
ישא,ישא,memini,0,0,41,22548
ישא,ישא,recordor,0,0,126,22548
ישא,ישא,memor,0,0,12,22548
ישא,ישא,memoria,0,0,28,22548
ישא,ישא,mentio,0,0,0,22548
ישא,ישא,commemoro,0,0,1,22548
ישא,ישא,reuoco,0,0,7,22548
ישאו,ישאו,suscipio,0,0,91,22548
ישאו,ישאו,dictum,0,0,0,22548
ישאו,ישאו,uerbum,0,0,712,22548
ישאו,ישאו,uox,0,0,345,22548
ישאו,ישאו,uersus,0,0,18,22548
ישאו,ישאו,sermo,0,0,429,22548
ישאו,ישאו,carmen,0,0,23,22548
ישאו,ישאו,poema,0,0,0,22548
ישאו,ישאו,capio,0,0,207,22548
ישאו,ישאו,sumo,0,0,94,22548
ישאו,ישאו,accipio,0,0,247,22548
ישאו,ישאו,recipio,0,0,37,22548
ישאו,ישאו,impetro,0,0,1,22548
ישאו,ישאו,excipio,0,0,19,22548
ישאו,ישאו,fero,0,0,342,22548
ישאו,ישאו,porto,0,0,176,22548
ישאו,ישאו,gero,0,0,27,22548
ישאו,ישאו,affero,0,0,107,22548
ישאו,ישאו,adduco,0,0,215,22548
ישאו,ישאו,educo,0,0,242,22548
ישאו,ישאו,duco,0,0,179,22548
ישאו,ישאו,induco,0,0,68,22548
ישאו,ישאו,defero,0,0,42,22548
ישאו,ישאו,introduco,0,0,83,22548
ישאו,ישאו,infero,0,0,73,22548
ישאו,ישאו,offertor,0,0,153,22548
ישאל,ישאל,quaero,0,0,249,22548
ישאל,ישאל,rogo,0,0,51,22548
ישאל,ישאל,postulo,0,0,39,22548
ישאל,ישאל,peto,0,0,48,22548
ישאל,ישאל,interrogo,0,0,79,22548
ישאל,ישאל,posco,0,0,0,22548
ישאל,ישאל,rogito,0,0,0,22548
ישאלו,ישאלו,quaero,0,0,249,22548
ישאלו,ישאלו,rogo,0,0,51,22548
ישאלו,ישאלו,peto,0,0,48,22548
ישאלו,ישאלו,rogito,0,0,0,22548
ישב,ישב,euerto,0,960,5,22548
ישב,ישב,subuerto,4,960,36,22548
ישב,ישב,uendo,1,960,61,22548
ישב,ישב,restituo,3,960,39,22548
ישב,ישב,soluo,0,960,36,22548
ישב,ישב,trado,24,960,321,22548
ישב,ישב,redeo,2,960,30,22548
ישב,ישב,reuorto,5,960,75,22548
ישב,ישב,stipendium,0,960,0,22548
ישב,ישב,libero,6,960,139,22548
ישב,ישב,reddo,4,960,173,22548
ישב,ישב,auerto,3,960,85,22548
ישב,ישב,reflecto,0,960,1,22548
ישב,ישב,conuerto,8,960,187,22548
ישב,ישב,sedeo,196,960,226,22548
ישב,ישב,consido,1,960,2,22548
ישב,ישב,habito,363,960,514,22548
ישב,ישב,habitabilis,2,960,3,22548
ישב,ישב,uiuo,17,960,365,22548
ישב,ישב,incolo,3,960,3,22548
ישב,ישב,domus,129,960,1485,22548
ישב,ישב,aedes,1,960,27,22548
ישב,ישב,tecta,0,960,0,22548
ישב,ישב,familia,5,960,182,22548
ישב,ישב,templum,7,960,192,22548
ישב,ישב,apud,13,960,144,22548
ישב,ישב,cognatio,5,960,146,22548
ישב,ישב,tectum,3,960,43,22548
ישב,ישב,gener,1,960,12,22548
ישב,ישב,sedes,18,960,32,22548
ישב,ישב,praedium,0,960,0,22548
ישב,ישב,domum,0,960,0,22548
ישב,ישב,domo,2,960,4,22548
ישב,ישב,tergum,1,960,46,22548
ישב,ישב,reuoco,1,960,7,22548
ישב,ישב,rursus,6,960,113,22548
ישבו,ישבו,reuerto,0,0,0,22548
ישבו,ישבו,conuerto,0,0,187,22548
ישבו,ישבו,sedeo,0,0,226,22548
ישבו,ישבו,consido,0,0,2,22548
ישבו,ישבו,habito,0,0,514,22548
ישבו,ישבו,uiuo,0,0,365,22548
ישבו,ישבו,incolo,0,0,3,22548
ישבי,ישבי,sedeo,0,2,226,22548
ישבי,ישבי,habito,1,2,514,22548
ישבימ,ישבים,sedeo,0,0,226,22548
ישבית,ישבית,sustollo,0,0,1,22548
ישבע,ישבע,impleo,0,0,171,22548
ישבע,ישבע,compleo,0,0,35,22548
ישבע,ישבע,repleo,0,0,77,22548
ישבע,ישבע,iuro,0,0,132,22548
ישבע,ישבע,adiuro,0,0,22,22548
ישבע,ישבע,iniuro,0,0,0,22548
ישבע,ישבע,iureiuro,0,0,2,22548
ישבע,ישבע,deiero,0,0,1,22548
ישבעו,ישבעו,cyathisso,0,0,0,22548
ישבר,ישבר,praetero,0,0,0,22548
ישבת,ישבת,habito,0,0,514,22548
ישבתו,ישבתו,supprimo,0,0,0,22548
ישגא,ישגא,pluratiuus,0,0,0,22548
ישוב,ישוב,auerto,0,0,85,22548
ישוב,ישוב,reflecto,0,0,1,22548
ישוב,ישוב,conuerto,0,0,187,22548
ישובו,ישובו,auerto,0,0,85,22548
ישובו,ישובו,reflecto,0,0,1,22548
ישובונ,ישובון,auerto,0,0,85,22548
ישובונ,ישובון,reflecto,0,0,1,22548
ישועה,ישועה,saluus,1,74,64,22548
ישועה,ישועה,tueor,0,74,6,22548
ישועה,ישועה,salutaris,2,74,4,22548
ישועה,ישועה,saluator,5,74,36,22548
ישועה,ישועה,salus,38,74,95,22548
ישועה,ישועה,incolumitas,0,74,0,22548
ישועה,ישועה,iudicium,2,74,361,22548
ישועה,ישועה,iustitia,6,74,220,22548
ישועה,ישועה,aequitas,0,74,20,22548
ישועות,ישועות,saluus,0,0,64,22548
ישועות,ישועות,tueor,0,0,6,22548
ישועות,ישועות,salutaris,0,0,4,22548
ישועות,ישועות,saluator,0,0,36,22548
ישועות,ישועות,salus,0,0,95,22548
ישועת,ישועת,saluator,0,0,36,22548
ישועת,ישועת,saluus,0,0,64,22548
ישועת,ישועת,tueor,0,0,6,22548
ישועת,ישועת,salutaris,0,0,4,22548
ישועת,ישועת,salus,0,0,95,22548
ישחית,ישחית,pereo,0,0,156,22548
ישחית,ישחית,deleo,0,0,128,22548
ישחית,ישחית,perdo,0,0,60,22548
ישחית,ישחית,disperdo,0,0,76,22548
ישחית,ישחית,interfacio,0,0,149,22548
ישחית,ישחית,occaedes,0,0,26,22548
ישחית,ישחית,corrumpo,0,0,13,22548
ישט,ישט,habeo,0,3,694,22548
ישט,ישט,teneo,1,3,116,22548
ישט,ישט,possideo,0,3,160,22548
ישט,ישט,duco,0,3,179,22548
ישט,ישט,praecedo,0,3,44,22548
ישט,ישט,credo,0,3,59,22548
ישט,ישט,considero,0,3,76,22548
ישט,ישט,existimo,0,3,1,22548
ישט,ישט,iudico,0,3,181,22548
ישט,ישט,retineo,0,3,11,22548
ישט,ישט,possessio,0,3,165,22548
ישיב,ישיב,auerto,0,0,85,22548
ישיב,ישיב,reflecto,0,0,1,22548
ישיב,ישיב,conuerto,0,0,187,22548
ישימ,ישים,pono,0,0,697,22548
ישימ,ישים,loco,0,0,2,22548
ישימ,ישים,statuo,0,0,62,22548
ישימ,ישים,colloco,0,0,17,22548
ישימ,ישים,locus,0,0,513,22548
ישימו,ישימו,impono,0,0,51,22548
ישימו,ישימו,impetus,0,0,22,22548
ישימו,ישימו,oppugno,0,0,0,22548
ישימו,ישימו,antepono,0,0,0,22548
ישימו,ישימו,pono,0,0,697,22548
ישימו,ישימו,loco,0,0,2,22548
ישימו,ישימו,statuo,0,0,62,22548
ישימו,ישימו,colloco,0,0,17,22548
ישימו,ישימו,locus,0,0,513,22548
ישימון,ישימון,solitudo,4,7,145,22548
ישימון,ישימון,desero,2,7,97,22548
ישימונ,ישימון,fluento,0,7,0,22548
ישית,ישית,inicio,0,0,0,22548
ישיתו,ישיתו,pono,0,0,697,22548
ישיתו,ישיתו,loco,0,0,2,22548
ישיתו,ישיתו,statuo,0,0,62,22548
ישיתו,ישיתו,colloco,0,0,17,22548
ישיתו,ישיתו,locus,0,0,513,22548
ישכמ,ישכם,surgo,0,0,287,22548
ישכמ,ישכם,exsurgo,0,0,1,22548
ישכנ,ישכן,interquiesco,0,0,0,22548
ישכנ,ישכן,habitabilis,0,0,3,22548
ישכרו,ישכרו,conduco,0,0,20,22548
ישכרו,ישכרו,merces,0,0,48,22548
ישכרו,ישכרו,eloco,0,0,0,22548
ישלח,ישלח,mitto,0,0,653,22548
ישלח,ישלח,littera,0,0,29,22548
ישלח,ישלח,dimitto,0,0,271,22548
ישלח,ישלח,aufero,0,0,256,22548
ישלח,ישלח,porrigo,0,0,6,22548
ישלח,ישלח,amando,0,0,0,22548
ישלחו,ישלחו,mitto,0,0,653,22548
ישלחו,ישלחו,littera,0,0,29,22548
ישלחו,ישלחו,dimitto,0,0,271,22548
ישלחו,ישלחו,aufero,0,0,256,22548
ישליכ,ישליך,iacio,0,0,25,22548
ישליכ,ישליך,proicio,0,0,121,22548
ישליכ,ישליך,reiecto,0,0,0,22548
ישליכו,ישליכו,iacio,0,0,25,22548
ישליכו,ישליכו,proicio,0,0,121,22548
ישליכו,ישליכו,reiecto,0,0,0,22548
ישלכ,ישלך,iacio,0,0,25,22548
ישלכ,ישלך,proicio,0,0,121,22548
ישלכ,ישלך,reiecto,0,0,0,22548
ישמ,ישם,do,0,4,1314,22548
ישמ,ישם,trado,0,4,321,22548
ישמ,ישם,dono,0,4,11,22548
ישמ,ישם,tribuo,0,4,66,22548
ישמ,ישם,concedo,0,4,15,22548
ישמ,ישם,soluo,0,4,36,22548
ישמ,ישם,reddo,0,4,173,22548
ישמ,ישם,stipendium,0,4,0,22548
ישמ,ישם,affero,0,4,107,22548
ישמ,ישם,adduco,1,4,215,22548
ישמ,ישם,attulo,0,4,0,22548
ישמ,ישם,impono,0,4,51,22548
ישמ,ישם,impetus,0,4,22,22548
ישמ,ישם,oppugno,0,4,0,22548
ישמ,ישם,sisto,0,4,0,22548
ישמ,ישם,sto,0,4,425,22548
ישמ,ישם,constituo,0,4,186,22548
ישמ,ישם,erigo,0,4,60,22548
ישמ,ישם,pono,0,4,697,22548
ישמ,ישם,antepono,0,4,0,22548
ישמ,ישם,ordo,0,4,56,22548
ישמ,ישם,loco,0,4,2,22548
ישמ,ישם,statuo,0,4,62,22548
ישמ,ישם,colloco,0,4,17,22548
ישמ,ישם,locus,0,4,513,22548
ישמו,ישמו,pono,0,0,697,22548
ישמו,ישמו,loco,0,0,2,22548
ישמו,ישמו,statuo,0,0,62,22548
ישמו,ישמו,colloco,0,0,17,22548
ישמו,ישמו,locus,0,0,513,22548
ישמח,ישמח,gaudeo,0,0,34,22548
ישמח,ישמח,laetor,0,0,49,22548
ישמח,ישמח,ualeo,0,0,38,22548
ישמח,ישמח,laeto,0,0,85,22548
ישמח,ישמח,grando,0,0,26,22548
ישמח,ישמח,gaudium,0,0,59,22548
ישמח,ישמח,fruor,0,0,8,22548
ישמח,ישמח,delecto,0,0,21,22548
ישמח,ישמח,uoluptas,0,0,16,22548
ישמח,ישמח,laetitia,0,0,61,22548
ישמיד,ישמיד,pereo,0,0,156,22548
ישמיד,ישמיד,perdo,0,0,60,22548
ישמיד,ישמיד,amitto,0,0,4,22548
ישמיד,ישמיד,mors,0,0,197,22548
ישמיד,ישמיד,deleo,0,0,128,22548
ישמיד,ישמיד,intereo,0,0,35,22548
ישמיד,ישמיד,ruina,0,0,51,22548
ישמיד,ישמיד,disperdo,0,0,76,22548
ישמיד,ישמיד,interfacio,0,0,149,22548
ישמיד,ישמיד,morior,0,0,469,22548
ישמיד,ישמיד,exitium,0,0,0,22548
ישמיד,ישמיד,occido,0,0,196,22548
ישמע,ישמע,audio,0,0,927,22548
ישמע,ישמע,exaudio,0,0,135,22548
ישמע,ישמע,ausculto,0,0,17,22548
ישמע,ישמע,impero,0,0,49,22548
ישמע,ישמע,pareo,0,0,14,22548
ישמעאלי,ישמעאלי,reddo,0,8,173,22548
ישמעאלי,ישמעאלי,restituo,0,8,39,22548
ישמעאלי,ישמעאלי,deduco,0,8,50,22548
ישמעו,ישמעו,audio,0,0,927,22548
ישמעו,ישמעו,exaudio,0,0,135,22548
ישמעו,ישמעו,ausculto,0,0,17,22548
ישמעונ,ישמעון,audio,0,0,927,22548
ישמעונ,ישמעון,exaudio,0,0,135,22548
ישמעונ,ישמעון,ausculto,0,0,17,22548
ישמר,ישמר,seruo,0,0,66,22548
ישמר,ישמר,custodio,0,0,267,22548
ישמר,ישמר,praesidium,0,0,26,22548
ישמר,ישמר,caueo,0,0,38,22548
ישמר,ישמר,custos,0,0,73,22548
ישמרו,ישמרו,seruo,0,0,66,22548
ישמרו,ישמרו,custodio,0,0,267,22548
ישמרו,ישמרו,praesidium,0,0,26,22548
ישמרו,ישמרו,caueo,0,0,38,22548
ישמרו,ישמרו,custos,0,0,73,22548
ישנ,ישן,somnus,4,33,25,22548
ישנ,ישן,sopor,2,33,13,22548
ישנ,ישן,dormio,17,33,169,22548
ישנ,ישן,soporus,0,33,0,22548
ישנא,ישנא,odi,0,0,82,22548
ישנא,ישנא,odium,0,0,35,22548
ישנה,ישנה,uetus,0,0,24,22548
ישנה,ישנה,senex,0,0,145,22548
ישנה,ישנה,antiquus,0,0,40,22548
ישע,ישע,uerutum,0,226,0,22548
ישע,ישע,seruo,3,226,66,22548
ישע,ישע,conseruo,0,226,5,22548
ישע,ישע,tueor,0,226,6,22548
ישע,ישע,saluus,48,226,64,22548
ישע,ישע,salus,13,226,95,22548
ישע,ישע,libero,22,226,139,22548
ישע,ישע,retineo,0,226,11,22548
ישע,ישע,saluo,64,226,105,22548
ישע,ישע,saluator,27,226,36,22548
ישע,ישע,salutaris,1,226,4,22548
ישע,ישע,incolumitas,0,226,0,22548
ישעה,ישעה,suadeo,0,0,2,22548
ישעה,ישעה,persuadeo,0,0,3,22548
ישעה,ישעה,pareo,0,0,14,22548
ישעה,ישעה,oboedio,0,0,38,22548
ישעה,ישעה,adduco,0,0,215,22548
ישעה,ישעה,persuasio,0,0,1,22548
ישעה,ישעה,inductus,0,0,0,22548
ישעה,ישעה,credo,0,0,59,22548
ישפט,ישפט,iudico,0,0,181,22548
ישפט,ישפט,decerno,0,0,23,22548
ישפט,ישפט,iudex,0,0,63,22548
ישפט,ישפט,iudicium,0,0,361,22548
ישפט,ישפט,reciperator,0,0,0,22548
ישפט,ישפט,statuo,0,0,62,22548
ישפטו,ישפטו,iudico,0,0,181,22548
ישפטו,ישפטו,decerno,0,0,23,22548
ישפטו,ישפטו,iudex,0,0,63,22548
ישפטו,ישפטו,iudicium,0,0,361,22548
ישפטו,ישפטו,reciperator,0,0,0,22548
ישפטו,ישפטו,statuo,0,0,62,22548
ישפכ,ישפך,effundo,0,0,112,22548
ישפכ,ישפך,offundo,0,0,0,22548
ישפכ,ישפך,defundo,0,0,0,22548
ישפכו,ישפכו,effundo,0,0,112,22548
ישפכו,ישפכו,offundo,0,0,0,22548
ישפכו,ישפכו,defundo,0,0,0,22548
ישק,ישק,suauium,0,0,0,22548
ישק,ישק,basio,0,0,0,22548
ישק,ישק,madefacto,0,0,0,22548
ישק,ישק,amo,0,0,68,22548
ישק,ישק,diligo,0,0,173,22548
ישק,ישק,soleo,0,0,51,22548
ישק,ישק,caritas,0,0,9,22548
ישק,ישק,osculum,0,0,4,22548
ישק,ישק,amor,0,0,13,22548
ישקו,ישקו,madefacto,0,0,0,22548
ישקפ,ישקף,perspecto,0,0,0,22548
ישקפ,ישקף,introspicio,0,0,0,22548
ישר,ישר,plausibilis,0,155,0,22548
ישר,ישר,officium,0,155,30,22548
ישר,ישר,ius,0,155,37,22548
ישר,ישר,dexter,2,155,104,22548
ישר,ישר,opus,7,155,417,22548
ישר,ישר,iudicium,9,155,361,22548
ישר,ישר,iustus,31,155,260,22548
ישר,ישר,iustitia,10,155,220,22548
ישר,ישר,aequitas,7,155,20,22548
ישר,ישר,aequus,1,155,22,22548
ישר,ישר,iustifico,0,155,22,22548
ישר,ישר,oportet,0,155,3,22548
ישר,ישר,pulcher,0,155,69,22548
ישר,ישר,mereo,0,155,6,22548
ישר,ישר,dignus,1,155,19,22548
ישר,ישר,rego,17,155,37,22548
ישר,ישר,bonus,10,155,316,22548
ישר,ישר,ualeo,0,155,38,22548
ישר,ישר,puteus,0,155,37,22548
ישר,ישר,bene,3,155,65,22548
ישר,ישר,formosus,0,155,0,22548
ישר,ישר,nobilis,0,155,17,22548
ישר,ישר,speciosus,0,155,24,22548
ישר,ישר,posterus,0,155,25,22548
ישר,ישר,bellus,0,155,0,22548
ישר,ישר,integer,0,155,11,22548
ישר,ישר,debeo,0,155,95,22548
ישר,ישר,cupitor,0,155,0,22548
ישר,ישר,dirigo,8,155,67,22548
ישראל,ישראל,dea,0,2205,2,22548
ישראל,ישראל,caelum,35,2205,393,22548
ישראל,ישראל,caelus,0,2205,0,22548
ישראל,ישראל,hercules,0,2205,0,22548
ישראל,ישראל,deus,446,2205,2682,22548
ישראל,ישראל,deum,0,2205,0,22548
ישראל,ישראל,dei,0,2205,0,22548
ישראל,ישראל,deo,0,2205,0,22548
ישראל,ישראל,numen,0,2205,0,22548
ישראל,ישראל,diuus,0,2205,0,22548
ישראל,ישראל,populus,237,2205,1560,22548
ישראל,ישראל,plebs,1,2205,19,22548
ישראל,ישראל,uulgus,5,2205,39,22548
ישראל,ישראל,turba,6,2205,30,22548
ישראל,ישראל,exercitus,106,2205,467,22548
ישראל,ישראל,militia,5,2205,54,22548
ישראל,ישראל,hospes,0,2205,0,22548
ישראל,ישראל,tecolithos,0,2205,0,22548
ישראל,ישראל,petrinus,0,2205,0,22548
ישראל,ישראל,popularis,0,2205,0,22548
ישת,ישת,bibo,0,0,194,22548
ישת,ישת,poto,0,0,9,22548
ישת,ישת,potus,0,0,27,22548
ישת,ישת,pono,0,0,697,22548
ישת,ישת,loco,0,0,2,22548
ישת,ישת,statuo,0,0,62,22548
ישת,ישת,colloco,0,0,17,22548
ישת,ישת,locus,0,0,513,22548
ישתה,ישתה,bibo,0,0,194,22548
ישתה,ישתה,poto,0,0,9,22548
ישתה,ישתה,potus,0,0,27,22548
ישתו,ישתו,bibo,0,0,194,22548
ישתו,ישתו,poto,0,0,9,22548
ישתו,ישתו,potus,0,0,27,22548
ישתחו,ישתחו,adoro,0,0,178,22548
ישתחו,ישתחו,colo,0,0,46,22548
ישתחו,ישתחו,basio,0,0,0,22548
ישתחוה,ישתחוה,adoro,0,0,178,22548
ישתחוה,ישתחוה,colo,0,0,46,22548
ישתחוה,ישתחוה,basio,0,0,0,22548
ישתחוו,ישתחוו,adoro,0,0,178,22548
ישתחוו,ישתחוו,colo,0,0,46,22548
ישתחוו,ישתחוו,basio,0,0,0,22548
יתאבל,יתאבל,lugeo,0,0,31,22548
יתאבל,יתאבל,maereo,0,0,19,22548
יתאו,יתאו,uolo,0,0,226,22548
יתאו,יתאו,cupiditas,0,0,1,22548
יתאו,יתאו,cupio,0,0,15,22548
יתאו,יתאו,desidero,0,0,42,22548
יתב,יתב,sedeo,0,2,226,22548
יתב,יתב,consido,0,2,2,22548
יתגדל,יתגדל,mirifico,0,0,0,22548
יתגדל,יתגדל,sublimo,0,0,4,22548
יתד,יתד,gomphus,0,19,0,22548
יתד,יתד,iudicium,0,19,361,22548
יתד,יתד,atrium,7,19,100,22548
יתד,יתד,aula,0,19,3,22548
יתד,יתד,phalangae,0,19,0,22548
יתהלכ,יתהלך,putealis,0,0,0,22548
יתום,יתום,pupillus,37,40,40,22548
יתום,יתום,iudicium,8,40,361,22548
יתום,יתום,compressor,0,40,0,22548
יתום,יתום,uiduus,2,40,4,22548
יתומ,יתום,pupillus,37,40,40,22548
יתומימ,יתומים,pupillus,0,0,40,22548
יתיצב,יתיצב,constituo,0,0,186,22548
יתיצב,יתיצב,pono,0,0,697,22548
יתיצב,יתיצב,aduenio,0,0,27,22548
יתיצבו,יתיצבו,sisto,0,0,0,22548
יתיצבו,יתיצבו,sto,0,0,425,22548
יתיצבו,יתיצבו,constituo,0,0,186,22548
יתיצבו,יתיצבו,erigo,0,0,60,22548
יתיצבו,יתיצבו,aduenio,0,0,27,22548
יתיר,יתיר,inuidia,0,1,5,22548
יתיר,יתיר,uulnifico,0,1,0,22548
יתיר,יתיר,nimius,0,1,19,22548
יתירה,יתירה,impar,0,0,0,22548
יתירה,יתירה,supra,0,0,75,22548
יתנ,יתן,dimitto,0,0,271,22548
יתנ,יתן,relinquo,0,0,119,22548
יתנ,יתן,absoluo,0,0,0,22548
יתנ,יתן,libero,0,0,139,22548
יתנ,יתן,ignosco,0,0,7,22548
יתנ,יתן,permitto,0,0,6,22548
יתנ,יתן,fio,0,0,188,22548
יתנ,יתן,nascor,0,0,103,22548
יתנ,יתן,orior,0,0,52,22548
יתנ,יתן,gigno,0,0,190,22548
יתנ,יתן,sum,0,0,9821,22548
יתנ,יתן,do,0,0,1314,22548
יתנ,יתן,trado,0,0,321,22548
יתנ,יתן,dono,0,0,11,22548
יתנ,יתן,tribuo,0,0,66,22548
יתנ,יתן,concedo,0,0,15,22548
יתנ,יתן,soluo,0,0,36,22548
יתנ,יתן,reddo,0,0,173,22548
יתנ,יתן,stipendium,0,0,0,22548
יתנ,יתן,impono,0,0,51,22548
יתנ,יתן,impetus,0,0,22,22548
יתנ,יתן,oppugno,0,0,0,22548
יתנ,יתן,deditio,0,0,0,22548
יתנ,יתן,eruo,0,0,89,22548
יתנ,יתן,eripio,0,0,7,22548
יתנ,יתן,pono,0,0,697,22548
יתנ,יתן,loco,0,0,2,22548
יתנ,יתן,statuo,0,0,62,22548
יתנ,יתן,colloco,0,0,17,22548
יתנ,יתן,locus,0,0,513,22548
יתנבא,יתנבא,coniector,0,0,4,22548
יתנבאו,יתנבאו,coniector,0,0,4,22548
יתנו,יתנו,do,0,0,1314,22548
יתנו,יתנו,trado,0,0,321,22548
יתנו,יתנו,dono,0,0,11,22548
יתנו,יתנו,tribuo,0,0,66,22548
יתנו,יתנו,concedo,0,0,15,22548
יתנו,יתנו,soluo,0,0,36,22548
יתנו,יתנו,reddo,0,0,173,22548
יתנו,יתנו,stipendium,0,0,0,22548
יתנו,יתנו,impono,0,0,51,22548
יתנו,יתנו,impetus,0,0,22,22548
יתנו,יתנו,oppugno,0,0,0,22548
יתננ,יתנן,do,0,1,1314,22548
יתננ,יתנן,trado,0,1,321,22548
יתננ,יתנן,dono,0,1,11,22548
יתננ,יתנן,tribuo,0,1,66,22548
יתננ,יתנן,concedo,0,1,15,22548
יתננ,יתנן,soluo,0,1,36,22548
יתננ,יתנן,reddo,0,1,173,22548
יתננ,יתנן,stipendium,0,1,0,22548
יתפלל,יתפלל,oro,0,0,95,22548
יתפלל,יתפלל,quaeso,0,0,25,22548
יתפלל,יתפלל,quonam,0,0,0,22548
יתקע,יתקע,tubula,0,0,0,22548
יתר,יתר,linquo,0,197,0,22548
יתר,יתר,relinquo,14,197,119,22548
יתר,יתר,desero,0,197,97,22548
יתר,יתר,maneo,0,197,122,22548
יתר,יתר,reliquus,79,197,186,22548
יתר,יתר,ceterus,4,197,56,22548
יתר,יתר,ergo,2,197,727,22548
יתר,יתר,persisto,0,197,0,22548
יתר,יתר,moror,1,197,66,22548
יתר,יתר,sto,1,197,425,22548
יתר,יתר,remaneo,29,197,92,22548
יתר,יתר,exspecto,1,197,36,22548
יתר,יתר,resto,1,197,7,22548
יתר,יתר,durus,0,197,46,22548
יתר,יתר,rigidus,0,197,1,22548
יתר,יתר,edurus,0,197,0,22548
יתרה,יתרה,reliquus,0,2,186,22548
יתרה,יתרה,ceterus,0,2,56,22548
יתרה,יתרה,maneo,0,2,122,22548
יתרה,יתרה,ergo,0,2,727,22548
יתרו,יתרו,gener,0,10,12,22548
יתרו,יתרו,socer,0,10,14,22548
יתרון,יתרון,lucrum,0,9,2,22548
יתרון,יתרון,commodum,0,9,0,22548
יתרון,יתרון,praeda,0,9,75,22548
יתרון,יתרון,quaestus,0,9,0,22548
יתרון,יתרון,emolumentum,0,9,2,22548
יתרון,יתרון,auxilium,0,9,57,22548
יתרון,יתרון,seruio,1,9,160,22548
יתרת,יתרת,uterus,0,11,49,22548
יתרת,יתרת,praecordia,0,11,1,22548
יתרת,יתרת,hepatia,0,11,0,22548
יתרת,יתרת,renes,4,11,17,22548
יתרת,יתרת,aruina,0,11,1,22548
כאה,כאה,afformido,0,2,0,22548
כבד,כבד,grauis,17,158,28,22548
כבד,כבד,ponderosus,0,158,0,22548
כבד,כבד,gloria,3,158,214,22548
כבד,כבד,fama,1,158,14,22548
כבד,כבד,sententia,0,158,30,22548
כבד,כבד,existimatio,0,158,0,22548
כבד,כבד,laus,1,158,73,22548
כבד,כבד,opinio,0,158,0,22548
כבד,כבד,glorifico,27,158,39,22548
כבד,כבד,opinor,0,158,0,22548
כבד,כבד,conforto,0,158,83,22548
כבד,כבד,ualidus,1,158,15,22548
כבד,כבד,fortis,2,158,262,22548
כבד,כבד,robustus,1,158,77,22548
כבד,כבד,firmus,0,158,25,22548
כבד,כבד,uehemens,1,158,16,22548
כבד,כבד,magnus,4,158,493,22548
כבד,כבד,ingens,0,158,13,22548
כבד,כבד,immanis,0,158,0,22548
כבד,כבד,uastus,0,158,2,22548
כבד,כבד,grandis,0,158,104,22548
כבד,כבד,multus,7,158,411,22548
כבד,כבד,superus,0,158,1,22548
כבד,כבד,summus,0,158,30,22548
כבד,כבד,alo,0,158,13,22548
כבד,כבד,longus,1,158,36,22548
כבד,כבד,diu,0,158,1,22548
כבד,כבד,procul,0,158,55,22548
כבד,כבד,absum,1,158,16,22548
כבד,כבד,honor,4,158,17,22548
כבד,כבד,aestimo,0,158,14,22548
כבה,כבה,extro,0,24,0,22548
כבה,כבה,exeo,0,24,81,22548
כבה,כבה,egredior,5,24,582,22548
כבה,כבה,prodeo,0,24,0,22548
כבה,כבה,iniquus,0,24,41,22548
כבה,כבה,iniustus,0,24,4,22548
כבה,כבה,iniuria,0,24,10,22548
כבוד,כבוד,ualeo,0,182,38,22548
כבוד,כבוד,garyophyllon,0,182,0,22548
כבוד,כבוד,cardamomum,0,182,0,22548
כבוד,כבוד,pondus,0,182,70,22548
כבוד,כבוד,gloria,151,182,214,22548
כבוד,כבוד,fama,0,182,14,22548
כבוד,כבוד,sententia,0,182,30,22548
כבוד,כבוד,existimatio,0,182,0,22548
כבוד,כבוד,laus,4,182,73,22548
כבוד,כבוד,opinio,0,182,0,22548
כבוד,כבוד,stabulum,0,182,3,22548
כבוד,כבוד,caula,0,182,0,22548
כבוד,כבוד,scaena,0,182,0,22548
כבוד,כבוד,pondo,0,182,0,22548
כבוד,כבוד,honor,5,182,17,22548
כבוד,כבוד,dignitas,0,182,7,22548
כבוד,כבוד,pretium,1,182,62,22548
כבוד,כבוד,decus,0,182,3,22548
כבוד,כבוד,honorem,0,182,0,22548
כבוד,כבוד,honoris,0,182,0,22548
כבס,כבס,lauo,38,48,75,22548
כבס,כבס,abluo,0,48,1,22548
כבס,כבס,perluo,0,48,0,22548
כבס,כבס,immundus,17,48,95,22548
כבס,כבס,uesper,14,48,81,22548
כבס,כבס,crepusculum,0,48,1,22548
כבס,כבס,occidens,0,48,41,22548
כבס,כבס,occasus,1,48,16,22548
כבס,כבס,uesperus,4,48,39,22548
כבס,כבס,uespertinus,0,48,4,22548
כבס,כבס,uestis,9,48,101,22548
כבס,כבס,uestimentum,25,48,138,22548
כבס,כבס,pallium,1,48,50,22548
כבס,כבס,toga,0,48,0,22548
כבס,כבס,ordo,1,48,56,22548
כבס,כבס,homo,4,48,780,22548
כבס,כבס,corpus,7,48,33,22548
כבר,כבר,cernentia,0,18,0,22548
כבר,כבר,tuor,0,18,0,22548
כבר,כבר,flumen,3,18,101,22548
כבר,כבר,fluuius,5,18,63,22548
כבר,כבר,amnis,0,18,4,22548
כברה,כברה,porrigo,0,4,6,22548
כברת,כברת,quadrigarius,0,0,0,22548
כבש,כבש,domo,0,113,4,22548
כבש,כבש,subigo,1,113,4,22548
כבש,כבש,uinco,0,113,23,22548
כבש,כבש,expugno,0,113,14,22548
כבש,כבש,lucrifuga,0,113,0,22548
כבש,כבש,ultimo,0,113,0,22548
כבש,כבש,agninus,0,113,0,22548
כבש,כבש,irreprehensus,0,113,0,22548
כבש,כבש,annotinus,0,113,0,22548
כבש,כבש,anniculus,35,113,37,22548
כבש,כבש,aries,60,113,164,22548
כבש,כבש,uitulus,29,113,128,22548
כבש,כבש,iuuencus,0,113,0,22548
כבש,כבש,iunix,0,113,0,22548
כבשה,כבשה,ouis,5,8,158,22548
כבשה,כבשה,pecus,0,8,85,22548
כבשה,כבשה,grex,1,8,160,22548
כבשה,כבשה,pecuarius,0,8,0,22548
כבשנ,כבשן,furnus,0,4,3,22548
כבשנ,כבשן,camino,0,4,0,22548
כד,כד,habeo,2,17,694,22548
כד,כד,teneo,1,17,116,22548
כד,כד,possideo,0,17,160,22548
כד,כד,hirnea,0,17,0,22548
כד,כד,urna,0,17,2,22548
כד,כד,madefacto,0,17,0,22548
כדבה,כדבה,iaceo,0,1,38,22548
כדבה,כדבה,cubo,0,1,62,22548
כדבה,כדבה,mendacium,0,1,96,22548
כדבה,כדבה,dormio,0,1,169,22548
כדבה,כדבה,mentior,0,1,24,22548
כדבה,כדבה,fallo,0,1,2,22548
כדבה,כדבה,falsum,0,1,0,22548
כדבה,כדבה,sophisma,0,1,0,22548
כה,כה,aurora,0,536,6,22548
כה,כה,mane,3,536,173,22548
כה,כה,usque,14,536,812,22548
כה,כה,dum,0,536,30,22548
כה,כה,quoad,0,536,0,22548
כה,כה,donec,9,536,221,22548
כה,כה,quasi,18,536,708,22548
כה,כה,sicut,19,536,851,22548
כה,כה,similis,1,536,91,22548
כה,כה,tamquam,0,536,3,22548
כה,כה,par,0,536,7,22548
כה,כה,uia,14,536,601,22548
כה,כה,sic,40,536,330,22548
כה,כה,talis,1,536,46,22548
כה,כה,iter,2,536,78,22548
כה,כה,modus,1,536,46,22548
כה,כה,ita,8,536,220,22548
כה,כה,tantus,1,536,17,22548
כה,כה,pulto,0,536,1,22548
כהה,כהה,hebesco,0,17,0,22548
כהה,כהה,cutis,2,17,22,22548
כהה,כהה,pellis,0,17,45,22548
כהה,כהה,corium,0,17,1,22548
כהה,כהה,tergus,0,17,0,22548
כהה,כהה,abscondo,0,17,141,22548
כהה,כהה,membrana,0,17,0,22548
כהל,כהל,possum,1,1,547,22548
כהל,כהל,ualeo,0,1,38,22548
כהל,כהל,potestas,0,1,42,22548
כהל,כהל,uis,0,1,73,22548
כהל,כהל,uirtus,0,1,28,22548
כהל,כהל,imperium,0,1,59,22548
כהל,כהל,queo,0,1,13,22548
כהלינ,כהלין,possum,0,0,547,22548
כהלינ,כהלין,ualeo,0,0,38,22548
כהלינ,כהלין,potestas,0,0,42,22548
כהלינ,כהלין,uis,0,0,73,22548
כהלינ,כהלין,uirtus,0,0,28,22548
כהלינ,כהלין,imperium,0,0,59,22548
כהלינ,כהלין,queo,0,0,13,22548
כהן,כהן,sacerdos,519,665,546,22548
כהן,כהן,pontifex,15,665,23,22548
כהנ,כהן,presbyteratus,0,665,0,22548
כהנ,כהן,sacricola,0,665,0,22548
כהנ,כהן,sacerdos,519,665,546,22548
כהנ,כהן,pontifex,15,665,23,22548
כהנה,כהנה,sacerdotium,9,12,28,22548
כהני,כהני,sacerdos,0,0,546,22548
כהני,כהני,pontifex,0,0,23,22548
כהנימ,כהנים,sacerdos,0,0,546,22548
כהנימ,כהנים,pontifex,0,0,23,22548
כוב,כוב,libya,1,1,1,22548
כוב,כוב,africanus,0,1,0,22548
כוב,כוב,ripa,0,1,17,22548
כובס,כובס,uinitor,0,0,6,22548
כובע,כובע,galea,4,6,6,22548
כובע,כובע,arietinus,0,6,0,22548
כובע,כובע,cucullio,0,6,0,22548
כוכב,כוכב,astrum,5,33,5,22548
כוכב,כוכב,sidus,3,33,3,22548
כוכב,כוכב,stella,24,33,26,22548
כוכב,כוכב,stello,0,33,0,22548
כוכב,כוכב,sol,8,33,131,22548
כוכב,כוכב,phoebus,0,33,0,22548
כוכב,כוכב,solis,0,33,0,22548
כוכב,כוכב,luna,11,33,29,22548
כוכב,כוכב,plenilunium,0,33,0,22548
כוכב,כוכב,lunae,0,33,0,22548
כוכב,כוכב,phoebe,0,33,0,22548
כוכבי,כוכבי,astrum,0,0,5,22548
כוכבי,כוכבי,sidus,0,0,3,22548
כוכבי,כוכבי,stella,0,0,26,22548
כוכבי,כוכבי,stello,0,0,0,22548
כוכבי,כוכבי,ceu,0,0,0,22548
כוכבי,כוכבי,uelut,0,0,42,22548
כוכבימ,כוכבים,astrum,0,0,5,22548
כוכבימ,כוכבים,sidus,0,0,3,22548
כוכבימ,כוכבים,stella,0,0,26,22548
כוכבימ,כוכבים,stello,0,0,0,22548
כומז,כומז,lorica,0,2,8,22548
כומז,כומז,thorax,0,2,0,22548
כומז,כומז,rationalis,0,2,18,22548
כון,כון,praeparo,43,201,93,22548
כון,כון,promptus,0,201,1,22548
כון,כון,parito,0,201,0,22548
כונ,כון,pax,1,201,173,22548
כונ,כון,otium,0,201,6,22548
כונ,כון,habeo,2,201,694,22548
כונ,כון,teneo,2,201,116,22548
כונ,כון,possideo,2,201,160,22548
כונ,כון,dea,0,201,2,22548
כונ,כון,caelum,13,201,393,22548
כונ,כון,caelus,0,201,0,22548
כונ,כון,hercules,0,201,0,22548
כונ,כון,deus,35,201,2682,22548
כונ,כון,deum,0,201,0,22548
כונ,כון,dei,0,201,0,22548
כונ,כון,deo,0,201,0,22548
כונ,כון,numen,0,201,0,22548
כונ,כון,diuus,0,201,0,22548
כוננו,כוננו,praeparo,0,0,93,22548
כוס,כוס,potorius,0,27,0,22548
כוס,כוס,rhytium,0,27,0,22548
כוס,כוס,calix,21,27,23,22548
כוס,כוס,camella,0,27,0,22548
כוס,כוס,soror,3,27,94,22548
כוס,כוס,germana,0,27,1,22548
כוס,כוס,sororius,0,27,0,22548
כוס,כוס,bibo,9,27,194,22548
כוס,כוס,poto,0,27,9,22548
כוס,כוס,potus,1,27,27,22548
כור,כור,furnus,0,9,3,22548
כור,כור,camino,0,9,0,22548
כור,כור,ferrum,1,9,41,22548
כור,כור,ferreus,3,9,30,22548
כור,כור,gladius,0,9,353,22548
כורש,כורש,cyrus,17,17,17,22548
כורש,כורש,regnum,5,17,213,22548
כוש,כוש,aethiops,1,29,10,22548
כוש,כוש,aethiopia,13,29,13,22548
כוש,כוש,aethiopis,1,29,1,22548
כוש,כוש,puluero,0,29,0,22548
כוש,כוש,flumen,2,29,101,22548
כוש,כוש,fluuius,1,29,63,22548
כוש,כוש,amnis,0,29,4,22548
כושרה,כושרה,felicitas,0,1,0,22548
כושרה,כושרה,fortuna,0,1,1,22548
כושרה,כושרה,beatitudo,0,1,1,22548
כזב,כזב,iaceo,0,40,38,22548
כזב,כזב,cubo,0,40,62,22548
כזב,כזב,mendacium,23,40,96,22548
כזב,כזב,dormio,0,40,169,22548
כזב,כזב,mentior,9,40,24,22548
כזב,כזב,fallo,0,40,2,22548
כזב,כזב,falsum,0,40,0,22548
כזב,כזב,sophisma,0,40,0,22548
כזב,כזב,cassus,1,40,7,22548
כח,כח,exercitus,4,109,467,22548
כח,כח,copia,0,109,6,22548
כח,כח,uis,6,109,73,22548
כח,כח,uirtus,12,109,28,22548
כח,כח,imperium,2,109,59,22548
כח,כח,potentia,2,109,17,22548
כח,כח,cogo,0,109,17,22548
כח,כח,opis,0,109,0,22548
כח,כח,robur,10,109,46,22548
כח,כח,fortitudo,59,109,232,22548
כח,כח,potestas,0,109,42,22548
כח,כח,praeualeo,0,109,9,22548
כחש,כחש,fallo,1,26,2,22548
כחש,כחש,mentior,7,26,24,22548
כחש,כחש,mendacium,7,26,96,22548
כחש,כחש,iaceo,0,26,38,22548
כחש,כחש,dormio,0,26,169,22548
כידון,כידון,telum,0,9,3,22548
כידון,כידון,iaculum,0,9,1,22548
כידון,כידון,sagitta,1,9,54,22548
כידון,כידון,missile,0,9,0,22548
כידון,כידון,scapus,0,9,0,22548
כידון,כידון,tela,0,9,5,22548
כידונ,כידון,clipeus,5,9,36,22548
כידונ,כידון,scutum,2,9,28,22548
כידונ,כידון,parma,0,9,0,22548
כיס,כיס,sacculus,2,5,5,22548
כיר,כיר,focus,0,1,3,22548
כיר,כיר,domesticus,0,1,5,22548
ככה,ככה,uia,1,35,601,22548
ככה,ככה,sic,22,35,330,22548
ככה,ככה,talis,1,35,46,22548
ככה,ככה,iter,0,35,78,22548
ככה,ככה,modus,1,35,46,22548
ככה,ככה,ita,1,35,220,22548
ככה,ככה,tantus,1,35,17,22548
ככה,ככה,sicut,2,35,851,22548
ככר,ככר,dependeo,0,55,3,22548
ככר,ככר,circumcurro,0,55,0,22548
ככר,ככר,circumsecus,0,55,0,22548
ככר,ככר,talentum,31,55,32,22548
ככר,ככר,trutina,0,55,0,22548
ככר,ככר,pecunia,0,55,72,22548
ככר,ככר,argenteus,2,55,78,22548
ככר,ככר,nummus,1,55,1,22548
ככר,ככר,argentum,17,55,189,22548
ככר,ככר,aurum,19,55,229,22548
ככר,ככר,aureus,2,55,142,22548
ככרימ,ככרים,talentum,0,0,32,22548
ככרימ,ככרים,trutina,0,0,0,22548
כל,כל,totus,150,4182,177,22548
כל,כל,uniuersus,722,4182,766,22548
כל,כל,cunctus,468,4182,551,22548
כל,כל,omnis,2764,4182,3087,22548
כל,כל,dux,36,4182,155,22548
כל,כל,imperator,1,4182,1,22548
כל,כל,sepiola,0,4182,0,22548
כל,כל,sepia,0,4182,1,22548
כלא,כלא,sustineo,0,26,60,22548
כלא,כלא,retineo,0,26,11,22548
כלא,כלא,possessio,0,26,165,22548
כלא,כלא,teneo,0,26,116,22548
כלא,כלא,prohibeo,10,26,39,22548
כלא,כלא,impedio,0,26,0,22548
כלא,כלא,ueto,0,26,0,22548
כלא,כלא,custodia,0,26,60,22548
כלא,כלא,uigilia,0,26,8,22548
כלא,כלא,praesidium,0,26,26,22548
כלא,כלא,carcer,9,26,47,22548
כלא,כלא,uinculum,0,26,27,22548
כלא,כלא,custos,0,26,73,22548
כלב,כלב,canis,28,67,32,22548
כלב,כלב,caninus,0,67,0,22548
כלבימ,כלבים,canis,0,0,32,22548
כלבימ,כלבים,caninus,0,0,0,22548
כלה,כלה,peccatus,0,248,0,22548
כלה,כלה,nympha,0,248,0,22548
כלה,כלה,sponsa,17,248,17,22548
כלה,כלה,noua nupta,0,248,0,22548
כלה,כלה,nymphe,0,248,0,22548
כלה,כלה,puella,2,248,44,22548
כלה,כלה,totus,1,248,177,22548
כלה,כלה,uniuersus,11,248,766,22548
כלה,כלה,cunctus,8,248,551,22548
כלה,כלה,omnis,41,248,3087,22548
כלה,כלה,cesso,6,248,77,22548
כלה,כלה,desino,0,248,13,22548
כלה,כלה,desisto,0,248,2,22548
כלה,כלה,maneo,0,248,122,22548
כלה,כלה,finis,4,248,137,22548
כלה,כלה,conficio,1,248,10,22548
כלו,כלו,linquo,0,0,0,22548
כלו,כלו,conficio,0,0,10,22548
כלוא,כלוא,carcer,0,0,47,22548
כלוא,כלוא,uinculum,0,0,27,22548
כלוא,כלוא,phylaca,0,0,0,22548
כלוא,כלוא,custodia,0,0,60,22548
כלוא,כלוא,uigilia,0,0,8,22548
כלוא,כלוא,praesidium,0,0,26,22548
כלוא,כלוא,custos,0,0,73,22548
כלוב,כלוב,panarium,0,5,0,22548
כלוב,כלוב,cophinus,0,5,0,22548
כלות,כלות,conficio,0,0,10,22548
כלי,כלי,cratera,1,274,3,22548
כלי,כלי,paruus,2,274,104,22548
כלי,כלי,exiguus,0,274,1,22548
כלי,כלי,paulum,0,274,0,22548
כלי,כלי,breuis,0,274,8,22548
כלי,כלי,modicus,1,274,23,22548
כלי,כלי,paulus,0,274,3,22548
כלי,כלי,periratus,0,274,0,22548
כלי,כלי,temperaculum,0,274,0,22548
כלי,כלי,totus,0,274,177,22548
כלי,כלי,uniuersus,20,274,766,22548
כלי,כלי,cunctus,16,274,551,22548
כלי,כלי,omnis,83,274,3087,22548
כלי,כלי,uasum,0,274,0,22548
כלי,כלי,nauis,1,274,27,22548
כלי,כלי,impedimentum,0,274,1,22548
כלי,כלי,uas,161,274,188,22548
כליה,כליה,uterus,1,26,49,22548
כליה,כליה,praecordia,0,26,1,22548
כליה,כליה,hepatia,0,26,0,22548
כליה,כליה,renes,11,26,17,22548
כליה,כליה,aruina,0,26,1,22548
כליות,כליות,renes,0,0,17,22548
כליל,כליל,uniuersus,1,15,766,22548
כליל,כליל,dux,0,15,155,22548
כליל,כליל,imperator,0,15,1,22548
כליל,כליל,sepiola,0,15,0,22548
כליל,כליל,totus,3,15,177,22548
כליל,כליל,sepia,0,15,1,22548
כליל,כליל,omnino,0,15,20,22548
כליל,כליל,artius,0,15,0,22548
כליל,כליל,cunctus,0,15,551,22548
כליל,כליל,omnis,1,15,3087,22548
כליל,כליל,formositas,0,15,0,22548
כליל,כליל,pulchritudo,0,15,24,22548
כלימ,כלים,uasum,0,0,0,22548
כלימ,כלים,nauis,0,0,27,22548
כלימ,כלים,impedimentum,0,0,1,22548
כלימ,כלים,uas,0,0,188,22548
כלית,כלית,renes,0,0,17,22548
כלל,כלל,perficio,0,9,16,22548
כלם,כלם,uasum,0,38,0,22548
כלם,כלם,nauis,0,38,27,22548
כלם,כלם,impedimentum,0,38,1,22548
כלם,כלם,uas,1,38,188,22548
כלמה,כלמה,declinis,0,29,0,22548
כלמה,כלמה,contumelia,0,29,11,22548
כלמה,כלמה,uiolo,0,29,17,22548
כלמה,כלמה,superbia,0,29,63,22548
כלמה,כלמה,insolentia,0,29,0,22548
כלמה,כלמה,uis,0,29,73,22548
כלמה,כלמה,arrogantia,0,29,7,22548
כלמה,כלמה,pudor,0,29,1,22548
כלמה,כלמה,dedecus,0,29,0,22548
כלמה,כלמה,ignominia,9,29,49,22548
כלמה,כלמה,humilito,0,29,0,22548
כלמה,כלמה,tormentum,0,29,0,22548
כלמה,כלמה,experimentum,0,29,3,22548
כלמות,כלמות,contumelia,0,1,11,22548
כלמות,כלמות,uiolo,0,1,17,22548
כלמות,כלמות,superbia,0,1,63,22548
כלמות,כלמות,insolentia,0,1,0,22548
כלמות,כלמות,uis,0,1,73,22548
כלמות,כלמות,arrogantia,0,1,7,22548
כלמת,כלמת,declinis,0,0,0,22548
כלת,כלת,quando,0,0,230,22548
כלת,כלת,nympha,0,0,0,22548
כלת,כלת,sponsa,0,0,17,22548
כלת,כלת,noua nupta,0,0,0,22548
כלת,כלת,nymphe,0,0,0,22548
כלת,כלת,puella,0,0,44,22548
כלת,כלת,conficio,0,0,10,22548
כלתה,כלתה,linquo,0,0,0,22548
כמ,כם,frater,0,0,548,22548
כמ,כם,germanus,0,0,1,22548
כמ,כם,pecco,0,0,182,22548
כמ,כם,error,0,0,23,22548
כמ,כם,peccatum,0,0,341,22548
כמ,כם,stercus,0,0,16,22548
כמ,כם,rex,0,0,1935,22548
כמ,כם,tyrannus,0,0,7,22548
כמ,כם,dominus,0,0,5912,22548
כמ,כם,princeps,0,0,610,22548
כמ,כם,regis,0,0,0,22548
כמ,כם,regem,0,0,0,22548
כמ,כם,regi,0,0,0,22548
כמ,כם,crux,0,0,6,22548
כמ,כם,transeo,0,0,293,22548
כמ,כם,transgredior,0,0,20,22548
כמ,כם,gloria,0,0,214,22548
כמ,כם,fama,0,0,14,22548
כמ,כם,sententia,0,0,30,22548
כמ,כם,existimatio,0,0,0,22548
כמ,כם,laus,0,0,73,22548
כמ,כם,opinio,0,0,0,22548
כמ,כם,causa,0,0,85,22548
כמ,כם,propter,0,0,292,22548
כמ,כם,quia,0,0,1439,22548
כמ,כם,ratio,0,0,11,22548
כמ,כם,ob,0,0,67,22548
כמ,כם,sicut,0,0,851,22548
כמ,כם,imperatus,0,0,0,22548
כמ,כם,uenio,0,0,1274,22548
כמ,כם,eo,0,0,245,22548
כמ,כם,pergo,0,0,157,22548
כמ,כם,meo,0,0,0,22548
כמ,כם,edo,0,0,26,22548
כמ,כם,comedo,0,0,313,22548
כמ,כם,uescor,0,0,9,22548
כמ,כם,manduco,0,0,6,22548
כמ,כם,inquam,0,0,103,22548
כמ,כם,dea,0,0,2,22548
כמ,כם,caelum,0,0,393,22548
כמ,כם,caelus,0,0,0,22548
כמ,כם,hercules,0,0,0,22548
כמ,כם,deus,0,0,2682,22548
כמ,כם,deum,0,0,0,22548
כמ,כם,dei,0,0,0,22548
כמ,כם,deo,0,0,0,22548
כמ,כם,numen,0,0,0,22548
כמ,כם,diuus,0,0,0,22548
כמ,כם,animus,0,0,39,22548
כמ,כם,mens,0,0,38,22548
כמ,כם,cor,0,0,642,22548
כמ,כם,cordis,0,0,0,22548
כמ,כם,pectus,0,0,8,22548
כמ,כם,hereditas,0,0,125,22548
כמ,כם,possessio,0,0,165,22548
כמ,כם,hereditarius,0,0,3,22548
כמ,כם,columbar,0,0,0,22548
כמ,כם,melium,0,0,0,22548
כמ,כם,auctoritas,0,0,1,22548
כמ,כם,erus,0,0,0,22548
כמ,כם,potestas,0,0,42,22548
כמ,כם,medius,0,0,489,22548
כמ,כם,medion,0,0,0,22548
כמ,כם,centrum,0,0,0,22548
כמ,כם,medio,0,0,0,22548
כמ,כם,mater,0,0,196,22548
כמ,כם,genetrix,0,0,3,22548
כמ,כם,parens,0,0,9,22548
כמ,כם,matrem,0,0,0,22548
כמ,כם,matri,0,0,0,22548
כמ,כם,matris,0,0,0,22548
כמ,כם,solus,0,0,94,22548
כמ,כם,unus,0,0,586,22548
כמ,כם,modo,0,0,0,22548
כמ,כם,uia,0,0,601,22548
כמ,כם,iter,0,0,78,22548
כמ,כם,semita,0,0,81,22548
כמ,כם,modus,0,0,46,22548
כמ,כם,nomen,0,0,730,22548
כמ,כם,uerbum,0,0,712,22548
כמ,כם,sermo,0,0,429,22548
כמ,כם,nomino,0,0,16,22548
כמ,כם,quotiens,0,0,3,22548
כמ,כם,quoniam,0,0,418,22548
כמ,כם,filius,0,0,3345,22548
כמ,כם,puer,0,0,220,22548
כמ,כם,iuuencus,0,0,0,22548
כמ,כם,filia,0,0,448,22548
כמ,כם,nascor,0,0,103,22548
כמ,כם,pueri,0,0,0,22548
כמ,כם,puerum,0,0,0,22548
כמ,כם,natus,0,0,2,22548
כמ,כם,totus,0,0,177,22548
כמ,כם,uniuersus,0,0,766,22548
כמ,כם,cunctus,0,0,551,22548
כמ,כם,omnis,0,0,3087,22548
כמ,כם,pater,0,0,926,22548
כמ,כם,genitor,0,0,1,22548
כמ,כם,paternus,0,0,1,22548
כמ,כם,patri,0,0,0,22548
כמ,כם,patrem,0,0,0,22548
כמ,כם,patris,0,0,0,22548
כמ,כם,ouis,0,0,158,22548
כמ,כם,pecus,0,0,85,22548
כמ,כם,grex,0,0,160,22548
כמ,כם,pecuarius,0,0,0,22548
כמ,כם,hodie,0,0,182,22548
כמ,כם,itis,0,0,0,22548
כמ,כם,semen,0,0,186,22548
כמ,כם,stirps,0,0,51,22548
כמ,כם,proles,0,0,0,22548
כמ,כם,semento,0,0,0,22548
כמ,כם,genus,0,0,65,22548
כמ,כם,quasi,0,0,708,22548
כמ,כם,similis,0,0,91,22548
כמ,כם,talis,0,0,46,22548
כמ,כם,tantus,0,0,17,22548
כמ,כם,metus,0,0,2,22548
כמ,כם,pauor,0,0,31,22548
כמ,כם,terror,0,0,46,22548
כמ,כם,timor,0,0,74,22548
כמ,כם,formido,0,0,47,22548
כמ,כם,timeo,0,0,306,22548
כמ,כם,metuo,0,0,23,22548
כמ,כם,uereor,0,0,7,22548
כמ,כם,uox,0,0,345,22548
כמ,כם,manus,0,0,1333,22548
כמ,כם,arma,0,0,33,22548
כמ,כם,bracchium,0,0,69,22548
כמ,כם,anima,0,0,602,22548
כמ,כם,spiritus,0,0,241,22548
כמ,כם,aetas,0,0,23,22548
כמ,כם,uita,0,0,169,22548
כמ,כם,animae,0,0,0,22548
כמו,כמו,quasi,31,122,708,22548
כמו,כמו,sicut,23,122,851,22548
כמו,כמו,similis,48,122,91,22548
כמו,כמו,tamquam,0,122,3,22548
כמו,כמו,par,0,122,7,22548
כמו,כמו,uelut,3,122,42,22548
כמריר,כמריר,tenebrae,1,1,97,22548
כמריר,כמריר,caligo,1,1,36,22548
כמריר,כמריר,tenebricosus,0,1,0,22548
כן,כן,uia,13,552,601,22548
כן,כן,sic,154,552,330,22548
כן,כן,talis,7,552,46,22548
כן,כן,iter,1,552,78,22548
כן,כן,modus,10,552,46,22548
כן,כן,ita,62,552,220,22548
כן,כן,tantus,1,552,17,22548
כן,כן,sicut,101,552,851,22548
כנ,כן,ibi,12,552,386,22548
כנ,כן,causa,4,552,85,22548
כנ,כן,propter,17,552,292,22548
כנ,כן,quia,53,552,1439,22548
כנ,כן,ratio,0,552,11,22548
כנ,כן,ob,5,552,67,22548
כנ,כן,sicut,101,552,851,22548
כנ,כן,quotiens,0,552,3,22548
כנ,כן,quoniam,11,552,418,22548
כנ,כן,pater,18,552,926,22548
כנ,כן,genitor,0,552,1,22548
כנ,כן,parens,0,552,9,22548
כנ,כן,paternus,0,552,1,22548
כנ,כן,patri,0,552,0,22548
כנ,כן,patrem,0,552,0,22548
כנ,כן,patris,0,552,0,22548
כנ,כן,locus,29,552,513,22548
כנ,כן,regio,3,552,158,22548
כנ,כן,ager,6,552,214,22548
כנ,כן,itidem,0,552,0,22548
כנה,כנה,honor,0,6,17,22548
כנה,כנה,aestimo,0,6,14,22548
כנה,כנה,dignitas,0,6,7,22548
כנה,כנה,pretium,0,6,62,22548
כנה,כנה,decus,0,6,3,22548
כנה,כנה,honorem,0,6,0,22548
כנה,כנה,honoris,0,6,0,22548
כנור,כנור,cithara,37,40,41,22548
כנור,כנור,lyra,5,40,6,22548
כנור,כנור,psalterium,17,40,24,22548
כנור,כנור,tibia,2,40,7,22548
כנור,כנור,fistula,0,40,7,22548
כנור,כנור,tympanum,10,40,15,22548
כנימ,כנים,pacalis,0,0,0,22548
כנימ,כנים,pacifero,0,0,0,22548
כנמא,כנמא,uia,0,5,601,22548
כנמא,כנמא,sic,1,5,330,22548
כנמא,כנמא,talis,0,5,46,22548
כנמא,כנמא,iter,0,5,78,22548
כנמא,כנמא,modus,0,5,46,22548
כנמא,כנמא,ita,1,5,220,22548
כנמא,כנמא,tantus,0,5,17,22548
כנמא,כנמא,sicut,0,5,851,22548
כננתי,כננתי,restibilio,0,0,0,22548
כנענ,כנען,cybaeus,0,88,0,22548
כנעני,כנעני,cybaeus,0,71,0,22548
כנף,כנף,ala,40,83,45,22548
כנף,כנף,columna,0,83,73,22548
כנף,כנף,penna,2,83,2,22548
כנף,כנף,cornu,0,83,61,22548
כנפ,כנף,templum,3,83,192,22548
כנפ,כנף,fanum,0,83,15,22548
כנפ,כנף,delubrum,0,83,10,22548
כנפ,כנף,flabellum,0,83,0,22548
כנפ,כנף,ala,40,83,45,22548
כנפ,כנף,penna,2,83,2,22548
כנפ,כנף,obtectus,0,83,0,22548
כנפ,כנף,instratum,0,83,0,22548
כנפי,כנפי,ala,0,0,45,22548
כנפי,כנפי,penna,0,0,2,22548
כנפימ,כנפים,ala,0,0,45,22548
כנפימ,כנפים,penna,0,0,2,22548
כנרת,כנרת,ortus,0,7,42,22548
כנרת,כנרת,exortiuus,0,7,0,22548
כנש,כנש,grego,0,2,0,22548
כנש,כנש,congrego,2,2,255,22548
כנש,כנש,colligo,0,2,77,22548
כנש,כנש,coeo,0,2,13,22548
כנת,כנת,socius,0,8,31,22548
כנת,כנת,comes,0,8,6,22548
כנת,כנת,amicus,0,8,104,22548
כנת,כנת,sodalis,0,8,2,22548
כנת,כנת,commilito,0,8,0,22548
כסא,כסא,currus,2,123,107,22548
כסא,כסא,sella,5,123,10,22548
כסא,כסא,sessio,0,123,4,22548
כסא,כסא,consentium,0,123,0,22548
כסא,כסא,solium,62,123,71,22548
כסא,כסא,thronus,48,123,50,22548
כסא,כסא,sedes,6,123,32,22548
כסא,כסא,sedeo,54,123,226,22548
כסא,כסא,consido,0,123,2,22548
כסאות,כסאות,solium,0,0,71,22548
כסאות,כסאות,thronus,0,0,50,22548
כסאות,כסאות,sella,0,0,10,22548
כסאות,כסאות,sedes,0,0,32,22548
כסה,כסה,solium,1,145,71,22548
כסה,כסה,thronus,0,145,50,22548
כסה,כסה,sella,0,145,10,22548
כסה,כסה,sedes,0,145,32,22548
כסה,כסה,tego,7,145,33,22548
כסה,כסה,uelo,3,145,5,22548
כסה,כסה,operio,89,145,159,22548
כסוי,כסוי,protectus,0,3,0,22548
כסוי,כסוי,opertus,0,3,7,22548
כסות,כסות,tego,0,8,33,22548
כסות,כסות,uelo,0,8,5,22548
כסות,כסות,operio,1,8,159,22548
כסות,כסות,tegile,0,8,0,22548
כסות,כסות,protectus,0,8,0,22548
כסות,כסות,opertus,0,8,7,22548
כסח,כסח,praecido,0,2,22,22548
כסח,כסח,abscido,0,2,14,22548
כסח,כסח,caesa,0,2,0,22548
כסילות,כסילות,contumelia,0,1,11,22548
כסילות,כסילות,uiolo,0,1,17,22548
כסילות,כסילות,superbia,0,1,63,22548
כסילות,כסילות,insolentia,0,1,0,22548
כסילות,כסילות,uis,0,1,73,22548
כסילות,כסילות,arrogantia,0,1,7,22548
כסל,כסל,lumbus,1,14,33,22548
כסל,כסל,hepatia,0,14,0,22548
כסל,כסל,femur,0,14,19,22548
כסל,כסל,renes,1,14,17,22548
כסל,כסל,abstulo,0,14,0,22548
כסל,כסל,aruina,1,14,1,22548
כסלה,כסלה,animus,0,2,39,22548
כסלה,כסלה,fiducia,0,2,47,22548
כסלה,כסלה,conforto,0,2,83,22548
כסלה,כסלה,metuo,0,2,23,22548
כסלה,כסלה,spero,0,2,69,22548
כסלה,כסלה,confido,0,2,57,22548
כסלה,כסלה,existimo,0,2,1,22548
כסלה,כסלה,credo,0,2,59,22548
כסלה,כסלה,hercules,0,2,0,22548
כסלה,כסלה,edepol,0,2,0,22548
כסלה,כסלה,pol,0,2,0,22548
כסלה,כסלה,pignus,0,2,14,22548
כסלה,כסלה,fidelitas,0,2,0,22548
כסלה,כסלה,fides,0,2,28,22548
כסף,כסף,argenteus,76,348,78,22548
כסף,כסף,argentum,176,348,189,22548
כסף,כסף,pecunia,60,348,72,22548
כסף,כסף,nummus,1,348,1,22548
כסף,כסף,aurum,110,348,229,22548
כסף,כסף,aureus,30,348,142,22548
כספ,כסף,argenteus,76,348,78,22548
כספ,כסף,argentum,176,348,189,22548
כספ,כסף,pecunia,60,348,72,22548
כספ,כסף,nummus,1,348,1,22548
כספ,כסף,empticius,3,348,3,22548
כספ,כסף,aurum,110,348,229,22548
כספ,כסף,aureus,30,348,142,22548
כעס,כעס,animus,0,69,39,22548
כעס,כעס,spiritus,0,69,241,22548
כעס,כעס,furor,3,69,217,22548
כעס,כעס,ira,9,69,119,22548
כעס,כעס,cor,2,69,642,22548
כעס,כעס,pectus,0,69,8,22548
כעס,כעס,amor,0,69,13,22548
כעס,כעס,mens,1,69,38,22548
כעס,כעס,libido,0,69,5,22548
כעס,כעס,pectoralis,0,69,0,22548
כעס,כעס,animi,0,69,0,22548
כעס,כעס,iracundia,18,69,33,22548
כעס,כעס,impius,1,69,235,22548
כעס,כעס,malus,3,69,201,22548
כעס,כעס,improbus,0,69,1,22548
כעת,כעת,creo,0,1,32,22548
כעת,כעת,crastinus,0,1,10,22548
כעת,כעת,perendinus,0,1,0,22548
כעת,כעת,tempus,0,1,407,22548
כעת,כעת,occasio,0,1,6,22548
כעת,כעת,facultas,0,1,2,22548
כעת,כעת,potestas,0,1,42,22548
כעת,כעת,hora,0,1,14,22548
כעת,כעת,prospicus,0,1,0,22548
כף,כף,palma,6,173,40,22548
כף,כף,pedum,0,173,0,22548
כף,כף,pedes,0,173,12,22548
כף,כף,pes,21,173,224,22548
כפ,כף,uestigium,11,173,30,22548
כפ,כף,pedum,0,173,0,22548
כפ,כף,pedes,0,173,12,22548
כפ,כף,pes,21,173,224,22548
כפ,כף,manus,112,173,1333,22548
כפ,כף,arma,0,173,33,22548
כפ,כף,bracchium,0,173,69,22548
כפה,כפה,sagitto,0,6,4,22548
כפור,כפור,unus,0,5,586,22548
כפור,כפור,complures,0,5,0,22548
כפור,כפור,alter,0,5,212,22548
כפור,כפור,quisque,0,5,15,22548
כפות,כפות,uestigium,0,0,30,22548
כפיר,כפיר,leo,27,30,94,22548
כפיר,כפיר,scymnus,0,30,0,22548
כפיר,כפיר,uenatio,0,30,9,22548
כפיר,כפיר,uenatus,0,30,0,22548
כפירימ,כפירים,leo,0,0,94,22548
כפף,כפף,flexo,0,5,0,22548
כפר,כפר,fio,4,111,188,22548
כפר,כפר,nascor,0,111,103,22548
כפר,כפר,orior,0,111,52,22548
כפר,כפר,gigno,0,111,190,22548
כפר,כפר,sum,45,111,9821,22548
כפר,כפר,propitio,7,111,11,22548
כפר,כפר,tego,0,111,33,22548
כפר,כפר,uelo,0,111,5,22548
כפר,כפר,operio,0,111,159,22548
כפרים,כפרים,propitio,2,8,11,22548
כפרת,כפרת,monasteriolum,0,22,0,22548
כפרת,כפרת,tego,4,22,33,22548
כפרת,כפרת,uelo,0,22,5,22548
כפרת,כפרת,operio,2,22,159,22548
כפרת,כפרת,uelaris,0,22,0,22548
כפרת,כפרת,obnubo,0,22,0,22548
כפרת,כפרת,arca,7,22,194,22548
כפרת,כפרת,proba,0,22,0,22548
כפש,כפש,paueo,0,1,11,22548
כפש,כפש,tremo,0,1,6,22548
כפתור,כפתור,lychnuchus,0,14,0,22548
כפתור,כפתור,quadraginta,0,14,116,22548
כפתור,כפתור,quattuor,2,14,161,22548
כר,כר,hircinus,0,22,0,22548
כרה,כרה,fodio,14,18,36,22548
כרה,כרה,perfosso,0,18,0,22548
כרוב,כרוב,ala,16,68,45,22548
כרוב,כרוב,penna,0,68,2,22548
כרוז,כרוז,nuntius,0,1,112,22548
כרוז,כרוז,praeco,1,1,6,22548
כרז,כרז,nuncupo,0,0,0,22548
כרז,כרז,nuntio,0,0,122,22548
כרז,כרז,pronuntio,0,0,6,22548
כרז,כרז,declaro,0,0,0,22548
כרז,כרז,praedico,0,0,52,22548
כרז,כרז,praeco,0,0,6,22548
כריתות,כריתות,liber,1,4,177,22548
כריתות,כריתות,uolumen,0,4,21,22548
כריתות,כריתות,libellus,3,4,4,22548
כריתות,כריתות,tabula,0,4,57,22548
כרכב,כרכב,scutarius,0,2,7,22548
כרכב,כרכב,labium,0,2,123,22548
כרכב,כרכב,labrum,0,2,8,22548
כרם,כרם,uineus,0,83,0,22548
כרם,כרם,hortulus,0,83,0,22548
כרם,כרם,ager,21,83,214,22548
כרם,כרם,fundus,0,83,3,22548
כרם,כרם,campus,0,83,26,22548
כרם,כרם,praedium,0,83,0,22548
כרם,כרם,uilla,0,83,38,22548
כרמ,כרם,uitis,0,83,11,22548
כרמ,כרם,mados,0,83,0,22548
כרמימ,כרמים,uitis,0,0,11,22548
כרמימ,כרמים,mados,0,0,0,22548
כרמימ,כרמים,locus,0,0,513,22548
כרמימ,כרמים,terra,0,0,2254,22548
כרמימ,כרמים,ager,0,0,214,22548
כרמימ,כרמים,castellum,0,0,3,22548
כרמל,כרמל,mons,9,36,470,22548
כרמל,כרמל,iugum,1,36,44,22548
כרמל,כרמל,collis,0,36,66,22548
כרמל,כרמל,serum,0,36,0,22548
כרמל,כרמל,terminus,1,36,162,22548
כרמל,כרמל,silua,0,36,29,22548
כרמל,כרמל,uirgultum,0,36,0,22548
כרמל,כרמל,libanus,6,36,61,22548
כרמל,כרמל,tusculum,0,36,0,22548
כרמל,כרמל,tureus,0,36,0,22548
כרמלי,כרמלי,duo,3,7,461,22548
כרמלי,כרמלי,uterque,0,7,109,22548
כרסא,כרסא,solium,0,0,71,22548
כרסא,כרסא,thronus,0,0,50,22548
כרסא,כרסא,sella,0,0,10,22548
כרסא,כרסא,sedes,0,0,32,22548
כרסונ,כרסון,solium,0,0,71,22548
כרסונ,כרסון,thronus,0,0,50,22548
כרסונ,כרסון,sella,0,0,10,22548
כרסונ,כרסון,sedes,0,0,32,22548
כרע,כרע,pedum,0,33,0,22548
כרע,כרע,pedes,0,33,12,22548
כרע,כרע,pes,1,33,224,22548
כרע,כרע,genu,11,33,27,22548
כרע,כרע,poples,1,33,1,22548
כרע,כרע,genus,0,33,65,22548
כרע,כרע,aurum,0,33,229,22548
כרע,כרע,os,4,33,459,22548
כרע,כרע,labium,0,33,123,22548
כרע,כרע,labrum,0,33,8,22548
כרע,כרע,osculum,0,33,4,22548
כרעים,כרעים,crus,2,9,5,22548
כרעים,כרעים,internodium,0,9,0,22548
כרעים,כרעים,impono,0,9,51,22548
כרעים,כרעים,impetus,0,9,22,22548
כרעים,כרעים,oppugno,0,9,0,22548
כרעים,כרעים,olfactus,0,9,0,22548
כרעים,כרעים,pedum,0,9,0,22548
כרעים,כרעים,pedes,0,9,12,22548
כרעים,כרעים,pes,8,9,224,22548
כרפס,כרפס,lineus,0,1,7,22548
כרפס,כרפס,linum,0,1,9,22548
כרר,כרר,praesulto,0,2,0,22548
כרר,כרר,saltatio,0,2,0,22548
כרר,כרר,chorus,0,2,33,22548
כרש,כרש,aluus,0,1,2,22548
כרש,כרש,uenter,1,1,49,22548
כרש,כרש,uterus,0,1,49,22548
כרש,כרש,praecordia,0,1,1,22548
כרת,כרת,dispono,0,270,16,22548
כרת,כרת,seco,1,270,7,22548
כרת,כרת,caedo,4,270,68,22548
כרת,כרת,scindo,0,270,55,22548
כרת,כרת,caesa,0,270,0,22548
כרתי,כרתי,dispono,0,8,16,22548
כשב,כשב,capra,10,13,24,22548
כשב,כשב,caper,0,13,3,22548
כשב,כשב,hircus,1,13,29,22548
כשב,כשב,caprinus,0,13,0,22548
כשב,כשב,hircinus,0,13,0,22548
כשב,כשב,probata,0,13,0,22548
כשב,כשב,uitulus,0,13,128,22548
כשב,כשב,iuuencus,0,13,0,22548
כשב,כשב,iunix,0,13,0,22548
כשב,כשב,ouis,10,13,158,22548
כשב,כשב,pecus,1,13,85,22548
כשב,כשב,grex,3,13,160,22548
כשב,כשב,pecuarius,0,13,0,22548
כשב,כשב,protentus,0,13,0,22548
כשבימ,כשבים,probata,0,0,0,22548
כשדימ,כשדים,regio,0,3,158,22548
כשדימ,כשדים,terra,1,3,2254,22548
כשדימ,כשדים,locus,0,3,513,22548
כשדימ,כשדים,finis,0,3,137,22548
כשדימ,כשדים,ager,0,3,214,22548
כשדימ,כשדים,rus,0,3,1,22548
כשי,כשי,aethiops,6,19,10,22548
כשי,כשי,aethiopia,0,19,13,22548
כשי,כשי,aethiopis,0,19,1,22548
כשיל,כשיל,securis,0,1,9,22548
כשימ,כשים,aethiops,0,0,10,22548
כשימ,כשים,aethiopia,0,0,13,22548
כשימ,כשים,aethiopis,0,0,1,22548
כשל,כשל,suboffendo,0,50,0,22548
כשל,כשל,concido,2,50,21,22548
כשף,כשף,pharmacus,0,12,0,22548
כשף,כשף,lustramen,0,12,0,22548
כשפ,כשף,ueneficium,1,12,1,22548
כשר,כשר,succedo,0,3,13,22548
כשר,כשר,successor,0,3,2,22548
כשר,כשר,subsequus,0,3,0,22548
כשר,כשר,dirigo,0,3,67,22548
כשרון,כשרון,lucrum,0,3,2,22548
כשרון,כשרון,plenus,0,3,117,22548
כשרון,כשרון,utilitas,0,3,3,22548
כשרון,כשרון,confero,0,3,12,22548
כשרון,כשרון,auxilior,0,3,0,22548
כשרון,כשרון,auxilium,0,3,57,22548
כשרון,כשרון,seruio,0,3,160,22548
כתב,כתב,pictura,0,221,3,22548
כתב,כתב,littera,13,221,29,22548
כתב,כתב,censeo,0,221,0,22548
כתב,כתב,scribo,176,221,200,22548
כתב,כתב,contraho,0,221,12,22548
כתב,כתב,liber,84,221,177,22548
כתב,כתב,uolumen,8,221,21,22548
כתב,כתב,libellus,3,221,4,22548
כתב,כתב,tabula,11,221,57,22548
כתבימ,כתבים,littera,0,0,29,22548
כתבימ,כתבים,censeo,0,0,0,22548
כתבימ,כתבים,scribo,0,0,200,22548
כתבתי,כתבתי,littera,0,0,29,22548
כתבתי,כתבתי,censeo,0,0,0,22548
כתבתי,כתבתי,scribo,0,0,200,22548
כתוב,כתוב,pictura,0,0,3,22548
כתוב,כתוב,littera,0,0,29,22548
כתוב,כתוב,censeo,0,0,0,22548
כתוב,כתוב,scribo,0,0,200,22548
כתובה,כתובה,littera,0,0,29,22548
כתובה,כתובה,censeo,0,0,0,22548
כתובה,כתובה,scribo,0,0,200,22548
כתובימ,כתובים,littera,0,0,29,22548
כתובימ,כתובים,censeo,0,0,0,22548
כתובימ,כתובים,scribo,0,0,200,22548
כתית,כתית,mundus,0,4,97,22548
כתית,כתית,purus,3,4,43,22548
כתית,כתית,oleum,4,4,174,22548
כתית,כתית,olearius,0,4,0,22548
כתית,כתית,olearis,0,4,0,22548
כתל,כתל,murus,0,2,158,22548
כתל,כתל,paries,2,2,67,22548
כתל,כתל,moenia,0,2,5,22548
כתל,כתל,costa,0,2,3,22548
כתם,כתם,aureus,2,9,142,22548
כתם,כתם,aurum,4,9,229,22548
כתנת,כתנת,tunica,20,26,38,22548
כתנת,כתנת,tunico,0,26,0,22548
כתנת,כתנת,induo,8,26,76,22548
כתנת,כתנת,inito,0,26,0,22548
כתנת,כתנת,uarius,0,26,30,22548
כתף,כתף,humerus,8,58,12,22548
כתף,כתף,umerus,11,58,27,22548
כתף,כתף,crudus,0,58,2,22548
כתף,כתף,dorsum,0,58,17,22548
כתף,כתף,tergum,0,58,46,22548
כתף,כתף,retro,1,58,11,22548
כתף,כתף,porta,8,58,286,22548
כתף,כתף,ianua,0,58,13,22548
כתף,כתף,fores,0,58,12,22548
כתף,כתף,limen,1,58,18,22548
כתף,כתף,ostium,2,58,132,22548
כתף,כתף,portae,0,58,0,22548
כתפ,כתף,dorsum,0,58,17,22548
כתפ,כתף,tergum,0,58,46,22548
כתפ,כתף,retro,1,58,11,22548
כתפ,כתף,platys,0,58,0,22548
כתפ,כתף,humerus,8,58,12,22548
כתפ,כתף,umerus,11,58,27,22548
כתפ,כתף,crudus,0,58,2,22548
כתפת,כתפת,humerus,0,0,12,22548
כתפת,כתפת,umerus,0,0,27,22548
כתפת,כתפת,crudus,0,0,2,22548
כתר,כתר,circulus,0,8,28,22548
כתר,כתר,orbis,0,8,39,22548
כתר,כתר,orbiculor,0,8,0,22548
כתרת,כתרת,colice,0,12,0,22548
כתרת,כתרת,doma,0,12,3,22548
כתרת,כתרת,cubitus,0,12,4,22548
כתרת,כתרת,cubitum,5,12,106,22548
כתרת,כתרת,quadraginta,0,12,116,22548
כתרת,כתרת,quattuor,1,12,161,22548
כתרת,כתרת,rota,0,12,32,22548
כתרת,כתרת,altitudo,3,12,59,22548
כתרת,כתרת,arx,0,12,6,22548
כתרת,כתרת,regio,0,12,158,22548
כתרת,כתרת,terra,0,12,2254,22548
כתרת,כתרת,locus,0,12,513,22548
כתרת,כתרת,finis,0,12,137,22548
כתרת,כתרת,ager,0,12,214,22548
כתרת,כתרת,rus,0,12,1,22548
לאה,לאה,praeda,0,50,75,22548
לאה,לאה,spolium,0,50,33,22548
לאה,לאה,praedor,0,50,8,22548
לאה,לאה,colleuo,0,50,0,22548
לאה,לאה,deleuo,0,50,0,22548
לאם,לאם,populus,22,30,1560,22548
לאם,לאם,qui,7,30,6495,22548
לאם,לאם,humanus,0,30,7,22548
לאם,לאם,iste,1,30,633,22548
לאם,לאם,orbis,1,30,39,22548
לאם,לאם,plebs,1,30,19,22548
לאם,לאם,mundum,0,30,0,22548
לאם,לאם,uir,0,30,1154,22548
לאם,לאם,homo,1,30,780,22548
לאם,לאם,uulgus,0,30,39,22548
לאם,לאם,terra,5,30,2254,22548
לאם,לאם,contio,0,30,3,22548
לאם,לאם,communis,0,30,9,22548
לאם,לאם,ecclesia,0,30,30,22548
לאם,לאם,ager,0,30,214,22548
לאם,לאם,praepinguis,0,30,0,22548
לאם,לאם,unguinosus,0,30,0,22548
לאם,לאם,gens,15,30,462,22548
לאם,לאם,natio,1,30,51,22548
לאם,לאם,prouincia,0,30,50,22548
לאם,לאם,tribus,3,30,174,22548
לאם,לאם,turba,1,30,30,22548
לאם,לאם,exercitus,1,30,467,22548
לאם,לאם,militia,0,30,54,22548
לאם,לאם,hospes,0,30,0,22548
לאם,לאם,tecolithos,0,30,0,22548
לאם,לאם,petrinus,0,30,0,22548
לאם,לאם,popularis,0,30,0,22548
לאם,לאם,multitudo,3,30,267,22548
לאם,לאם,numero,0,30,73,22548
לאם,לאם,numerus,0,30,149,22548
לאמ,לאם,populus,22,30,1560,22548
לאמ,לאם,plebs,1,30,19,22548
לאמ,לאם,uulgus,0,30,39,22548
לאמ,לאם,turba,1,30,30,22548
לאמ,לאם,exercitus,1,30,467,22548
לאמ,לאם,militia,0,30,54,22548
לאמ,לאם,hospes,0,30,0,22548
לאמ,לאם,tecolithos,0,30,0,22548
לאמ,לאם,petrinus,0,30,0,22548
לאמ,לאם,popularis,0,30,0,22548
לאמימ,לאמים,praetor,0,0,0,22548
לאמימ,לאמים,gens,0,0,462,22548
לאמימ,לאמים,natio,0,0,51,22548
לאמימ,לאמים,populus,0,0,1560,22548
לאמימ,לאמים,prouincia,0,0,50,22548
לאמימ,לאמים,tribus,0,0,174,22548
לאמימ,לאמים,plebs,0,0,19,22548
לאמימ,לאמים,uulgus,0,0,39,22548
לאמימ,לאמים,turba,0,0,30,22548
לאמימ,לאמים,exercitus,0,0,467,22548
לאמימ,לאמים,militia,0,0,54,22548
לאמימ,לאמים,hospes,0,0,0,22548
לאמימ,לאמים,tecolithos,0,0,0,22548
לאמימ,לאמים,petrinus,0,0,0,22548
לאמימ,לאמים,popularis,0,0,0,22548
לאמר,לאמר,dico,0,0,3485,22548
לאמר,לאמר,loquor,0,0,1092,22548
לאמר,לאמר,aio,0,0,898,22548
לאמר,לאמר,uoco,0,0,413,22548
לאמר,לאמר,appello,0,0,48,22548
לב,לב,animus,15,549,39,22548
לב,לב,mens,15,549,38,22548
לב,לב,cogitatio,14,549,90,22548
לב,לב,ipse,19,549,933,22548
לב,לב,sui,14,549,606,22548
לב,לב,cor,427,549,642,22548
לב,לב,pectus,2,549,8,22548
לב,לב,praecordia,0,549,1,22548
לב,לב,spiritus,19,549,241,22548
לב,לב,furor,3,549,217,22548
לב,לב,ira,6,549,119,22548
לב,לב,amor,1,549,13,22548
לב,לב,libido,0,549,5,22548
לב,לב,pectoralis,0,549,0,22548
לב,לב,animi,0,549,0,22548
לב,לב,cordis,0,549,0,22548
לב,לב,fatum,0,549,0,22548
לב,לב,mors,5,549,197,22548
לב,לב,letum,0,549,0,22548
לב,לב,defunctus,0,549,0,22548
לב,לב,populus,34,549,1560,22548
לב,לב,plebs,0,549,19,22548
לב,לב,uulgus,1,549,39,22548
לב,לב,turba,0,549,30,22548
לב,לב,exercitus,10,549,467,22548
לב,לב,militia,0,549,54,22548
לב,לב,hospes,0,549,0,22548
לב,לב,tecolithos,0,549,0,22548
לב,לב,petrinus,0,549,0,22548
לב,לב,popularis,0,549,0,22548
לב,לב,ingenium,0,549,0,22548
לב,לב,consilium,7,549,139,22548
לב,לב,sensus,2,549,5,22548
לב,לב,mentis,0,549,0,22548
לב,לב,anima,22,549,602,22548
לב,לב,aetas,1,549,23,22548
לב,לב,uita,6,549,169,22548
לב,לב,animae,0,549,0,22548
לבא,לבא,leo,1,1,94,22548
לבאה,לבאה,leaena,0,1,13,22548
לבב,לבב,animus,7,224,39,22548
לבב,לבב,mens,7,224,38,22548
לבב,לבב,cogitatio,10,224,90,22548
לבב,לבב,cor,183,224,642,22548
לבב,לבב,pectus,0,224,8,22548
לבב,לבב,praecordia,0,224,1,22548
לבב,לבב,spiritus,5,224,241,22548
לבב,לבב,furor,3,224,217,22548
לבב,לבב,ira,2,224,119,22548
לבב,לבב,amor,1,224,13,22548
לבב,לבב,libido,0,224,5,22548
לבב,לבב,pectoralis,0,224,0,22548
לבב,לבב,animi,0,224,0,22548
לבב,לבב,cordis,0,224,0,22548
לבב,לבב,fatum,0,224,0,22548
לבב,לבב,mors,1,224,197,22548
לבב,לבב,letum,0,224,0,22548
לבב,לבב,defunctus,0,224,0,22548
לבב,לבב,ingenium,0,224,0,22548
לבב,לבב,consilium,1,224,139,22548
לבב,לבב,sensus,0,224,5,22548
לבב,לבב,mentis,0,224,0,22548
לבב,לבב,anima,22,224,602,22548
לבב,לבב,aetas,0,224,23,22548
לבב,לבב,uita,4,224,169,22548
לבב,לבב,animae,0,224,0,22548
לבבה,לבבה,agninus,0,3,0,22548
לבד,לבד,solus,0,0,94,22548
לבד,לבד,unus,0,0,586,22548
לבד,לבד,modo,0,0,0,22548
לבד,לבד,saluo,0,0,105,22548
לבד,לבד,nisi,0,0,96,22548
לבד,לבד,praeterea,0,0,6,22548
לבד,לבד,separatim,0,0,3,22548
לבה,לבה,quatio,0,2,1,22548
לבה,לבה,concutio,0,2,19,22548
לבה,לבה,quasso,0,2,1,22548
לבוש,לבוש,theristrum,0,42,2,22548
לבוש,לבוש,protectus,0,42,0,22548
לבוש,לבוש,induo,11,42,76,22548
לבוש,לבוש,inito,0,42,0,22548
לבוש,לבוש,uestis,8,42,101,22548
לבוש,לבוש,uestimentum,10,42,138,22548
לבוש,לבוש,pallium,2,42,50,22548
לבוש,לבוש,toga,0,42,0,22548
לבות,לבות,animus,0,0,39,22548
לבות,לבות,mens,0,0,38,22548
לבות,לבות,cor,0,0,642,22548
לבות,לבות,cordis,0,0,0,22548
לבות,לבות,pectus,0,0,8,22548
לבט,לבט,calco,0,3,11,22548
לביא,לביא,leo,11,14,94,22548
לביא,לביא,scymnus,0,14,0,22548
לבימ,לבים,anguis,0,0,0,22548
לבן,לבן,albus,12,106,15,22548
לבן,לבן,candidus,3,106,5,22548
לבן,לבן,lelepris,0,106,0,22548
לבן,לבן,ophthalmias,0,106,0,22548
לבנ,לבן,albus,12,106,15,22548
לבנ,לבן,candidus,3,106,5,22548
לבנ,לבן,lelepris,0,106,0,22548
לבנ,לבן,ophthalmias,0,106,0,22548
לבנה,לבנה,libanus,1,58,61,22548
לבנה,לבנה,tusculum,0,58,0,22548
לבנה,לבנה,tureus,0,58,0,22548
לבנה,לבנה,later,2,58,5,22548
לבנה,לבנה,testaceus,0,58,1,22548
לבנה,לבנה,albus,0,58,15,22548
לבנה,לבנה,candidus,0,58,5,22548
לבנה,לבנה,lelepris,0,58,0,22548
לבנה,לבנה,ophthalmias,0,58,0,22548
לבנון,לבנון,libanus,53,59,61,22548
לבנון,לבנון,tusculum,0,59,0,22548
לבנון,לבנון,tureus,0,59,0,22548
לבנון,לבנון,cedrinus,2,59,30,22548
לבנון,לבנון,cedrus,16,59,40,22548
לבנונ,לבנון,libanus,53,59,61,22548
לבנונ,לבנון,tusculum,0,59,0,22548
לבנונ,לבנון,tureus,0,59,0,22548
לבש,לבש,induo,55,89,76,22548
לבש,לבש,inito,0,89,0,22548
לבש,לבש,amictus,0,89,5,22548
לבש,לבש,uestis,19,89,101,22548
לבש,לבש,uestimentum,20,89,138,22548
לבש,לבש,uestitus,0,89,3,22548
לבש,לבש,pallium,3,89,50,22548
לבש,לבש,toga,0,89,0,22548
לבשי,לבשי,induo,0,0,76,22548
לבשי,לבשי,inito,0,0,0,22548
לג,לג,silua,0,5,29,22548
לג,לג,tignum,0,5,1,22548
לג,לג,materia,0,5,1,22548
לג,לג,lignum,0,5,254,22548
לג,לג,agninus,0,5,0,22548
לג,לג,oleum,5,5,174,22548
לג,לג,olearius,0,5,0,22548
לג,לג,olearis,0,5,0,22548
לג,לג,acetabulum,0,5,3,22548
לדה,לדה,generatio,0,5,142,22548
לדה,לדה,saeculum,0,5,46,22548
לדה,לדה,progenies,0,5,12,22548
לדה,לדה,familia,0,5,182,22548
לדה,לדה,gener,0,5,12,22548
לדה,לדה,genu,0,5,27,22548
לדה,לדה,cognatio,0,5,146,22548
לדה,לדה,natio,0,5,51,22548
לדה,לדה,genus,0,5,65,22548
לדה,לדה,gentis,0,5,0,22548
לדה,לדה,stirps,0,5,51,22548
לדה,לדה,gens,0,5,462,22548
לדה,לדה,generis,0,5,0,22548
לדה,לדה,gigno,0,5,190,22548
לדה,לדה,pario,1,5,116,22548
לדה,לדה,fero,0,5,342,22548
לדה,לדה,genero,0,5,14,22548
לדת,לדת,quando,0,0,230,22548
לדת,לדת,gigno,0,0,190,22548
לדת,לדת,pario,0,0,116,22548
לדת,לדת,fero,0,0,342,22548
לדת,לדת,genero,0,0,14,22548
להב,להב,flamma,5,9,35,22548
להב,להב,ignis,4,9,336,22548
להבה,להבה,flamma,14,16,35,22548
להבה,להבה,ignis,16,16,336,22548
להבה,להבה,uro,0,16,26,22548
להבה,להבה,incendo,0,16,36,22548
להבה,להבה,cremo,0,16,11,22548
להבה,להבה,ardeo,1,16,34,22548
להבה,להבה,succendo,6,16,79,22548
להבת,להבת,flamma,0,2,35,22548
להבת,להבת,ignis,0,2,336,22548
להוא,להוא,fio,0,0,188,22548
להוא,להוא,nascor,0,0,103,22548
להוא,להוא,orior,0,0,52,22548
להוא,להוא,gigno,0,0,190,22548
להוא,להוא,sum,0,0,9821,22548
להוא,להוא,officium,0,0,30,22548
להוא,להוא,ius,0,0,37,22548
להוא,להוא,dexter,0,0,104,22548
להוא,להוא,opus,0,0,417,22548
להט,להט,flamma,4,11,35,22548
להט,להט,ignis,7,11,336,22548
להם,להם,hirundo,0,2,2,22548
להם,להם,deuoro,0,2,103,22548
להן,להן,ergo,1,6,727,22548
להן,להן,igitur,1,6,327,22548
להן,להן,maledictio,0,6,38,22548
להן,להן,prex,0,6,27,22548
להן,להן,tum,0,6,2,22548
להן,להן,propterea,0,6,119,22548
להן,להן,ideo,0,6,55,22548
להן,להן,idcirco,0,6,146,22548
להן,להן,propter,0,6,292,22548
להן,להן,bene,0,6,65,22548
להן,להן,hinc,0,6,24,22548
להן,להן,pro,0,6,689,22548
לוה,לוה,sequor,0,20,164,22548
לוה,לוה,insequor,0,20,1,22548
לוה,לוה,persequor,0,20,118,22548
לוה,לוה,comitor,0,20,0,22548
לוה,לוה,stadiatus,0,20,0,22548
לוח,לוח,tabula,26,32,57,22548
לוח,לוח,tabella,0,32,0,22548
לוח,לוח,pugillaris,0,32,0,22548
לוח,לוח,littera,0,32,29,22548
לוח,לוח,censeo,0,32,0,22548
לוח,לוח,scribo,12,32,200,22548
לוח,לוח,plautus,0,32,0,22548
לוט,לוט,hereditas,0,35,125,22548
לוט,לוט,sors,0,35,82,22548
לוט,לוט,praedium,0,35,0,22548
לוט,לוט,possessio,2,35,165,22548
לוט,לוט,aratio,0,35,0,22548
לוט,לוט,sortio,0,35,1,22548
לויה,לויה,corona,1,2,39,22548
לויה,לויה,sertum,0,2,0,22548
לויה,לויה,uertex,0,2,44,22548
לויתנ,לויתן,draco,0,5,25,22548
לויתנ,לויתן,serpens,1,5,19,22548
לויתנ,לויתן,anguis,0,5,0,22548
לולא,לולא,nolo,0,14,343,22548
לולא,לולא,ne,2,14,600,22548
לון,לון,propediem,0,8,0,22548
לון,לון,praematurus,0,8,0,22548
לון,לון,synagoga,0,8,8,22548
לון,לון,educatus,0,8,0,22548
לחי,לחי,securis,0,21,9,22548
לחי,לחי,fauces,0,21,3,22548
לחי,לחי,mala,0,21,0,22548
לחי,לחי,animus,0,21,39,22548
לחי,לחי,spiritus,5,21,241,22548
לחך,לחך,edo,0,5,26,22548
לחך,לחך,comedo,0,5,313,22548
לחך,לחך,uescor,0,5,9,22548
לחך,לחך,manduco,0,5,6,22548
לחך,לחך,uesco,0,5,36,22548
לחך,לחך,compes,0,5,38,22548
לחך,לחך,pappo,0,5,0,22548
לחך,לחך,puluero,0,5,0,22548
לחם,לחם,panis,223,484,255,22548
לחם,לחם,cibus,25,484,99,22548
לחם,לחם,frumentum,3,484,54,22548
לחם,לחם,seges,2,484,18,22548
לחם,לחם,frumentarius,0,484,0,22548
לחם,לחם,triticum,2,484,33,22548
לחם,לחם,granum,0,484,2,22548
לחם,לחם,esca,1,484,27,22548
לחמ,לחם,panis,223,484,255,22548
לחמ,לחם,ligo,2,484,42,22548
לחמ,לחם,uincio,1,484,35,22548
לחמ,לחם,necto,0,484,2,22548
לחמ,לחם,opus,4,484,417,22548
לחמ,לחם,uolo,8,484,226,22548
לחמ,לחם,postulo,3,484,39,22548
לחמ,לחם,rogo,2,484,51,22548
לחמ,לחם,peto,4,484,48,22548
לחמ,לחם,oro,2,484,95,22548
לחמ,לחם,necesse,0,484,10,22548
לחמ,לחם,quaero,5,484,249,22548
לחמ,לחם,quaeso,0,484,25,22548
לחמ,לחם,necessarius,2,484,24,22548
לחמ,לחם,interrogo,2,484,79,22548
לחמ,לחם,obsecro,3,484,73,22548
לחמ,לחם,desidero,4,484,42,22548
לחמ,לחם,bellum,15,484,134,22548
לחמ,לחם,mars,0,484,0,22548
לחמ,לחם,arma,1,484,33,22548
לחמ,לחם,acies,2,484,27,22548
לחמ,לחם,bello,5,484,6,22548
לחמ,לחם,pugna,7,484,33,22548
לחמ,לחם,belli,0,484,0,22548
לחמ,לחם,proelium,6,484,104,22548
לחמ,לחם,mensa,9,484,63,22548
לחמ,לחם,ripa,0,484,17,22548
לחמ,לחם,tabula,2,484,57,22548
לחמ,לחם,cibus,25,484,99,22548
לחמ,לחם,uictus,3,484,5,22548
לחנה,לחנה,ancilla,0,0,91,22548
לחנה,לחנה,mulier,0,0,292,22548
לחנה,לחנה,filia,0,0,448,22548
לחנה,לחנה,uirgo,0,0,59,22548
לחנה,לחנה,nata,0,0,0,22548
לחנה,לחנה,puella,0,0,44,22548
לחנה,לחנה,uirgineus,0,0,0,22548
לחנה,לחנה,uirginis,0,0,0,22548
לחצ,לחץ,pressura,0,26,2,22548
לחת,לחת,plautus,0,0,0,22548
לט,לט,clam,1,9,11,22548
לט,לט,furtim,0,9,0,22548
לט,לט,stacta,0,9,0,22548
לט,לט,smyrna,0,9,1,22548
ליה,ליה,corona,0,3,39,22548
ליה,ליה,sertum,0,3,0,22548
ליה,ליה,uertex,0,3,44,22548
ליל,ליל,nox,5,5,231,22548
ליל,ליל,nocturnus,0,5,8,22548
ליל,ליל,euphrone,0,5,0,22548
ליל,ליל,noctis,0,5,0,22548
ליל,ליל,noctem,0,5,0,22548
ליל,ליל,totus,0,5,177,22548
ליל,ליל,uniuersus,0,5,766,22548
ליל,ליל,cunctus,0,5,551,22548
ליל,ליל,omnis,1,5,3087,22548
לילה,לילה,dies,83,218,1613,22548
לילה,לילה,hodie,2,218,182,22548
לילה,לילה,itis,0,218,0,22548
לילה,לילה,diei,0,218,0,22548
לילה,לילה,lux,6,218,82,22548
לילה,לילה,nox,197,218,231,22548
לילה,לילה,nocturnus,7,218,8,22548
לילה,לילה,euphrone,0,218,0,22548
לילה,לילה,noctis,0,218,0,22548
לילה,לילה,noctem,0,218,0,22548
לילות,לילות,nox,0,0,231,22548
לילות,לילות,noctis,0,0,0,22548
לילות,לילות,noctem,0,0,0,22548
לילות,לילות,nocturnus,0,0,8,22548
לילי,לילי,nox,1,1,231,22548
לילי,לילי,nocturnus,0,1,8,22548
לילי,לילי,euphrone,0,1,0,22548
לילי,לילי,noctis,0,1,0,22548
לילי,לילי,noctem,0,1,0,22548
לין,לין,reddo,0,69,173,22548
לין,לין,restituo,0,69,39,22548
לין,לין,deduco,0,69,50,22548
לין,לין,ruo,0,69,18,22548
ליץ,ליץ,glorior,0,12,22,22548
ליץ,ליץ,supplosio,0,12,0,22548
לכ,לך,abeo,0,0,219,22548
לכ,לך,discedo,0,0,4,22548
לכ,לך,abito,0,0,9,22548
לכ,לך,cursito,0,0,0,22548
לכד,לכד,comprehendo,3,109,23,22548
לכו,לכו,abeo,0,0,219,22548
לכו,לכו,discedo,0,0,4,22548
לכו,לכו,abito,0,0,9,22548
לכן,לכן,ergo,1,193,727,22548
לכן,לכן,igitur,1,193,327,22548
לכן,לכן,maledictio,0,193,38,22548
לכן,לכן,prex,0,193,27,22548
לכן,לכן,tum,0,193,2,22548
לכן,לכן,propterea,81,193,119,22548
לכן,לכן,ideo,27,193,55,22548
לכן,לכן,idcirco,37,193,146,22548
לכן,לכן,propter,24,193,292,22548
לכן,לכן,bene,0,193,65,22548
לכן,לכן,hinc,0,193,24,22548
לכן,לכן,pro,11,193,689,22548
ללאת,ללאת,alius,0,7,217,22548
ללאת,ללאת,alter,4,7,212,22548
ללאת,ללאת,mutuus,0,7,10,22548
ללאת,ללאת,inuicem,3,7,27,22548
ללאת,ללאת,deinde,0,7,3,22548
ללאת,ללאת,iterum,0,7,18,22548
ללאת,ללאת,secundo,0,7,0,22548
ללאת,ללאת,proximus,0,7,101,22548
ללאת,ללאת,secundus,0,7,130,22548
ללאת,ללאת,quinquagenarius,0,7,8,22548
ללאת,ללאת,quinquaginta,3,7,118,22548
למד,למד,doceo,51,86,122,22548
למד,למד,ostendo,4,86,147,22548
למד,למד,certus,0,86,10,22548
למד,למד,disco,21,86,40,22548
למד,למד,cognosco,1,86,131,22548
למד,למד,intellego,0,86,136,22548
למד,למד,quaero,3,86,249,22548
למד,למד,audio,13,86,927,22548
למד,למד,percipio,0,86,13,22548
למד,למד,rogo,0,86,51,22548
למד,למד,peto,0,86,48,22548
למד,למד,interrogo,0,86,79,22548
למדו,למדו,disco,0,0,40,22548
למדו,למדו,cognosco,0,0,131,22548
למדו,למדו,intellego,0,0,136,22548
למודימ,למודים,cultus,0,0,30,22548
למך,למך,octoginta,3,10,33,22548
למך,למך,octogeni,0,10,0,22548
למך,למך,octogenarius,0,10,2,22548
למען,למען,iubeo,0,244,75,22548
למען,למען,ordo,0,244,56,22548
למען,למען,impero,0,244,49,22548
למען,למען,quantus,0,244,18,22548
לע,לע,guttur,1,1,21,22548
לע,לע,rumen,0,1,0,22548
לע,לע,macto,0,1,14,22548
לע,לע,iugulo,0,1,8,22548
לע,לע,immolo,0,1,149,22548
לעג,לעג,deludifico,0,26,0,22548
לעט,לעט,hirundo,0,1,2,22548
לעט,לעט,deuoro,0,1,103,22548
לפיד,לפיד,daps,0,12,0,22548
לפיד,לפיד,epulae,0,12,6,22548
לפיד,לפיד,conuiuium,0,12,47,22548
לפיד,לפיד,fax,2,12,2,22548
לפיד,לפיד,baritus,0,12,0,22548
לפיד,לפיד,dapis,0,12,0,22548
לפיד,לפיד,taeda,0,12,1,22548
לפיד,לפיד,lampas,3,12,8,22548
לפיד,לפיד,lucerna,0,12,41,22548
לפידי,לפידי,fax,0,0,2,22548
לפידי,לפידי,taeda,0,0,1,22548
לפידי,לפידי,lampas,0,0,8,22548
לפידי,לפידי,lucerna,0,0,41,22548
לפידי,לפידי,ceu,0,0,0,22548
לפידי,לפידי,uelut,0,0,42,22548
לקום,לקום,possum,0,1,547,22548
לקום,לקום,ualeo,0,1,38,22548
לקום,לקום,potestas,0,1,42,22548
לקום,לקום,uis,0,1,73,22548
לקום,לקום,uirtus,0,1,28,22548
לקום,לקום,imperium,0,1,59,22548
לקום,לקום,queo,0,1,13,22548
לקח,לקח,capio,26,913,207,22548
לקח,לקח,sumo,71,913,94,22548
לקח,לקח,accipio,135,913,247,22548
לקח,לקח,recipio,6,913,37,22548
לקח,לקח,impetro,0,913,1,22548
לקח,לקח,excipio,1,913,19,22548
לקחה,לקחה,capio,0,0,207,22548
לקחה,לקחה,sumo,0,0,94,22548
לקחה,לקחה,accipio,0,0,247,22548
לקחה,לקחה,recipio,0,0,37,22548
לקחה,לקחה,impetro,0,0,1,22548
לקחה,לקחה,excipio,0,0,19,22548
לקחו,לקחו,capio,0,0,207,22548
לקחו,לקחו,sumo,0,0,94,22548
לקחו,לקחו,accipio,0,0,247,22548
לקחו,לקחו,recipio,0,0,37,22548
לקחו,לקחו,impetro,0,0,1,22548
לקחו,לקחו,excipio,0,0,19,22548
לקחנו,לקחנו,capio,0,0,207,22548
לקחנו,לקחנו,sumo,0,0,94,22548
לקחנו,לקחנו,accipio,0,0,247,22548
לקחנו,לקחנו,recipio,0,0,37,22548
לקחנו,לקחנו,impetro,0,0,1,22548
לקחנו,לקחנו,excipio,0,0,19,22548
לקחת,לקחת,capio,0,0,207,22548
לקחת,לקחת,sumo,0,0,94,22548
לקחת,לקחת,accipio,0,0,247,22548
לקחת,לקחת,recipio,0,0,37,22548
לקחת,לקחת,impetro,0,0,1,22548
לקחת,לקחת,excipio,0,0,19,22548
לקחתי,לקחתי,capio,0,0,207,22548
לקחתי,לקחתי,sumo,0,0,94,22548
לקחתי,לקחתי,accipio,0,0,247,22548
לקחתי,לקחתי,recipio,0,0,37,22548
לקחתי,לקחתי,impetro,0,0,1,22548
לקחתי,לקחתי,excipio,0,0,19,22548
לקחתמ,לקחתם,capio,0,0,207,22548
לקחתמ,לקחתם,sumo,0,0,94,22548
לקחתמ,לקחתם,accipio,0,0,247,22548
לקחתמ,לקחתם,recipio,0,0,37,22548
לקחתמ,לקחתם,impetro,0,0,1,22548
לקחתמ,לקחתם,excipio,0,0,19,22548
לקט,לקט,congrego,7,34,255,22548
לקט,לקט,colligo,25,34,77,22548
לקט,לקט,ager,6,34,214,22548
לקט,לקט,fundus,0,34,3,22548
לקט,לקט,campus,0,34,26,22548
לקט,לקט,praedium,0,34,0,22548
לקט,לקט,uilla,0,34,38,22548
לקט,לקט,simul,0,34,145,22548
לקטה,לקטה,congrego,0,0,255,22548
לקטה,לקטה,colligo,0,0,77,22548
לקטו,לקטו,congrego,0,0,255,22548
לקטו,לקטו,colligo,0,0,77,22548
לשון,לשון,uerbum,5,113,712,22548
לשון,לשון,taceo,1,113,58,22548
לשון,לשון,oratio,0,113,64,22548
לשון,לשון,lingua,100,113,117,22548
לשונ,לשון,uerbum,5,113,712,22548
לשונ,לשון,taceo,1,113,58,22548
לשונ,לשון,oratio,0,113,64,22548
לשונ,לשון,lingua,100,113,117,22548
לשכה,לשכה,domus,17,40,1485,22548
לשכה,לשכה,tecta,0,40,0,22548
לשכה,לשכה,templum,4,40,192,22548
לשכה,לשכה,apud,0,40,144,22548
לשכה,לשכה,palatium,0,40,27,22548
לשכה,לשכה,tectum,0,40,43,22548
לשכה,לשכה,aedes,1,40,27,22548
לשכה,לשכה,regia,0,40,9,22548
לשכה,לשכה,familia,2,40,182,22548
לשכה,לשכה,aula,0,40,3,22548
לשכה,לשכה,atrium,9,40,100,22548
לשכה,לשכה,thalamus,0,40,13,22548
לשכה,לשכה,iudicium,0,40,361,22548
לשכה,לשכה,affero,0,40,107,22548
לשכה,לשכה,adduco,0,40,215,22548
לשכה,לשכה,induco,0,40,68,22548
לשכה,לשכה,oecus,0,40,0,22548
לשכה,לשכה,decubo,0,40,0,22548
לשכה,לשכה,meridies,0,40,68,22548
לשכה,לשכה,meridianus,1,40,18,22548
לשכה,לשכה,australis,0,40,0,22548
לשכה,לשכה,libonotus,0,40,0,22548
לשכה,לשכה,auster,1,40,34,22548
לשם,לשם,cognominis,0,3,0,22548
לשן,לשן,impono,0,3,51,22548
לשנ,לשן,uerbum,0,3,712,22548
לשנ,לשן,taceo,0,3,58,22548
לשנ,לשן,oratio,0,3,64,22548
לשנ,לשן,lingua,2,3,117,22548
לשני,לשני,uerbum,0,0,712,22548
לשני,לשני,taceo,0,0,58,22548
לשני,לשני,oratio,0,0,64,22548
לשני,לשני,lingua,0,0,117,22548
לשנת,לשנת,uerbum,0,0,712,22548
לשנת,לשנת,taceo,0,0,58,22548
לשנת,לשנת,oratio,0,0,64,22548
לשנת,לשנת,lingua,0,0,117,22548
מ,ם,quatio,0,0,1,22548
מ,ם,concutio,0,0,19,22548
מ,ם,quasso,0,0,1,22548
מאד,מאד,nimius,6,273,19,22548
מאד,מאד,uehemens,6,273,16,22548
מאד,מאד,oppido,0,273,0,22548
מאה,מאה,decem,23,509,184,22548
מאה,מאה,deni,1,509,2,22548
מאה,מאה,centum,150,509,156,22548
מאה,מאה,ducenti,66,509,69,22548
מאה,מאה,duceni,0,509,0,22548
מאה,מאה,uicesimus,2,509,53,22548
מאה,מאה,uiginti,66,509,223,22548
מאה,מאה,uiceni,0,509,0,22548
מאה,מאה,centesimus,0,509,0,22548
מאה,מאה,ducentesima,0,509,0,22548
מאה,מאה,septeni,0,509,3,22548
מאה,מאה,hebdomada,0,509,3,22548
מאה,מאה,quinquagenarius,3,509,8,22548
מאה,מאה,quinquaginta,61,509,118,22548
מאה,מאה,treceni,0,509,0,22548
מאה,מאה,trecenti,52,509,53,22548
מאה,מאה,mille,166,509,363,22548
מאה,מאה,miliarius,0,509,0,22548
מאום,מאום,donum,0,19,25,22548
מאום,מאום,munus,0,19,91,22548
מאום,מאום,praemium,0,19,3,22548
מאום,מאום,praesens,0,19,76,22548
מאום,מאום,datus,0,19,0,22548
מאום,מאום,uituperium,0,19,0,22548
מאום,מאום,opprobrium,0,19,73,22548
מאום,מאום,culpatio,0,19,0,22548
מאומה,מאומה,ullus,0,32,35,22548
מאומה,מאומה,nullus,0,32,135,22548
מאומה,מאומה,quisquam,11,32,119,22548
מאומה,מאומה,aliquis,2,32,43,22548
מאומה,מאומה,nihil,7,32,96,22548
מאור,מאור,fax,0,16,2,22548
מאור,מאור,taeda,0,16,1,22548
מאור,מאור,lampas,0,16,8,22548
מאור,מאור,lucerna,4,16,41,22548
מאור,מאור,lychnus,0,16,0,22548
מאור,מאור,uir,0,16,1154,22548
מאור,מאור,homo,0,16,780,22548
מאור,מאור,mortalis,0,16,3,22548
מאור,מאור,oleum,5,16,174,22548
מאור,מאור,olearius,0,16,0,22548
מאור,מאור,olearis,0,16,0,22548
מאור,מאור,ergo,0,16,727,22548
מאור,מאור,hinc,0,16,24,22548
מאור,מאור,igitur,0,16,327,22548
מאור,מאור,propterea,0,16,119,22548
מאור,מאור,ideo,0,16,55,22548
מאור,מאור,pro,0,16,689,22548
מאות,מאות,decem,0,0,184,22548
מאות,מאות,deni,0,0,2,22548
מאות,מאות,septuaginta,0,0,84,22548
מאות,מאות,septuageni,0,0,0,22548
מאות,מאות,uicesimus,0,0,53,22548
מאות,מאות,uiginti,0,0,223,22548
מאות,מאות,uiceni,0,0,0,22548
מאות,מאות,centum,0,0,156,22548
מאות,מאות,centiens,0,0,1,22548
מאות,מאות,centenarius,0,0,1,22548
מאות,מאות,sescenti,0,0,56,22548
מאות,מאות,sex,0,0,107,22548
מאות,מאות,sexcenarius,0,0,0,22548
מאות,מאות,sescentesimus,0,0,2,22548
מאות,מאות,sexageni,0,0,0,22548
מאות,מאות,sexagenarius,0,0,2,22548
מאות,מאות,septeni,0,0,3,22548
מאות,מאות,hebdomada,0,0,3,22548
מאות,מאות,septingenti,0,0,33,22548
מאות,מאות,septingenties,0,0,0,22548
מאות,מאות,octingenti,0,0,18,22548
מאות,מאות,octo,0,0,74,22548
מאות,מאות,quinque,0,0,183,22548
מאות,מאות,quingenti,0,0,38,22548
מאות,מאות,quinquaginta,0,0,118,22548
מאות,מאות,quindecim,0,0,16,22548
מאות,מאות,quinquagenarius,0,0,8,22548
מאות,מאות,quadringenti,0,0,50,22548
מאות,מאות,quattuor,0,0,161,22548
מאות,מאות,triceni,0,0,0,22548
מאות,מאות,triginta,0,0,146,22548
מאות,מאות,treceni,0,0,0,22548
מאות,מאות,trecenti,0,0,53,22548
מאזנא,מאזנא,iugum,0,0,44,22548
מאזנים,מאזנים,iugum,0,15,44,22548
מאזנים,מאזנים,linea,0,15,28,22548
מאזנימ,מאזנים,iugum,0,15,44,22548
מאזנימ,מאזנים,linea,0,15,28,22548
מאכל,מאכל,stercus,0,26,16,22548
מאכל,מאכל,fructus,2,26,110,22548
מאכל,מאכל,pomum,1,26,19,22548
מאכל,מאכל,messis,0,26,32,22548
מאכל,מאכל,silua,0,26,29,22548
מאכל,מאכל,tignum,0,26,1,22548
מאכל,מאכל,materia,0,26,1,22548
מאכל,מאכל,lignum,7,26,254,22548
מאכלת,מאכלת,gladius,4,6,353,22548
מאכלת,מאכלת,ferrum,0,6,41,22548
מאכלת,מאכלת,culter,0,6,5,22548
מאן,מאן,uolo,4,69,226,22548
מאן,מאן,cupio,0,69,15,22548
מאן,מאן,recuso,0,69,1,22548
מאן,מאן,eligo,0,69,209,22548
מאן,מאן,placeo,0,69,142,22548
מאן,מאן,utinam,0,69,24,22548
מאן,מאן,uoluntas,0,69,66,22548
מאן,מאן,cupiditas,0,69,1,22548
מאן,מאן,deligo,0,69,0,22548
מאן,מאן,nolo,27,69,343,22548
מאן,מאן,opto,0,69,2,22548
מאן,מאן,quasi,2,69,708,22548
מאן,מאן,sicut,4,69,851,22548
מאן,מאן,similis,2,69,91,22548
מאן,מאן,lubet,0,69,0,22548
מאן,מאן,obsecro,0,69,73,22548
מאן,מאן,unde,1,69,79,22548
מאן,מאן,quare,3,69,180,22548
מאנ,מאן,uolo,4,69,226,22548
מאנ,מאן,cupio,0,69,15,22548
מאנ,מאן,opto,0,69,2,22548
מאנ,מאן,utinam,0,69,24,22548
מאנ,מאן,uoluntas,0,69,66,22548
מאנ,מאן,placeo,0,69,142,22548
מאנ,מאן,quasi,2,69,708,22548
מאנ,מאן,sicut,4,69,851,22548
מאנ,מאן,cupiditas,0,69,1,22548
מאנ,מאן,similis,2,69,91,22548
מאנ,מאן,eligo,0,69,209,22548
מאנ,מאן,deligo,0,69,0,22548
מאנ,מאן,lubet,0,69,0,22548
מאנ,מאן,obsecro,0,69,73,22548
מאני,מאני,uasum,0,0,0,22548
מאני,מאני,nauis,0,0,27,22548
מאני,מאני,impedimentum,0,0,1,22548
מאני,מאני,uas,0,0,188,22548
מאס,מאס,dedignor,0,70,0,22548
מאס,מאס,exturbo,0,70,1,22548
מאפה,מאפה,placenta,0,1,2,22548
מאפה,מאפה,hibiscum,0,1,0,22548
מאר,מאר,noceo,0,4,12,22548
מאר,מאר,lepra,2,4,52,22548
מארב,מארב,insidiae,3,3,52,22548
מארב,מארב,insidiator,0,3,8,22548
מארב,מארב,agmen,0,3,15,22548
מארב,מארב,societas,0,3,3,22548
מארה,מארה,ergo,0,5,727,22548
מארה,מארה,igitur,0,5,327,22548
מארה,מארה,maledictio,0,5,38,22548
מארה,מארה,prex,0,5,27,22548
מארה,מארה,tum,0,5,2,22548
מאת,מאת,centum,0,0,156,22548
מאת,מאת,ducenti,0,0,69,22548
מאת,מאת,duceni,0,0,0,22548
מאת,מאת,duo,0,0,461,22548
מאת,מאת,uter,0,0,5,22548
מאת,מאת,bini,0,0,12,22548
מאת,מאת,sexageni,0,0,0,22548
מאת,מאת,sexagenarius,0,0,2,22548
מאת,מאת,septeni,0,0,3,22548
מאת,מאת,hebdomada,0,0,3,22548
מאת,מאת,octoginta,0,0,33,22548
מאת,מאת,octogeni,0,0,0,22548
מאת,מאת,octogenarius,0,0,2,22548
מאת,מאת,quinquaginta,0,0,118,22548
מאת,מאת,quindecim,0,0,16,22548
מאת,מאת,quinque,0,0,183,22548
מאת,מאת,quinquagenarius,0,0,8,22548
מאת,מאת,triceni,0,0,0,22548
מאת,מאת,triginta,0,0,146,22548
מאתימ,מאתים,centum,0,0,156,22548
מאתימ,מאתים,ducenti,0,0,69,22548
מאתימ,מאתים,duceni,0,0,0,22548
מאתימ,מאתים,nonagenarius,0,0,1,22548
מאתימ,מאתים,nonaginta,0,0,18,22548
מאתימ,מאתים,quinquagenarius,0,0,8,22548
מאתימ,מאתים,quinquaginta,0,0,118,22548
מבוא,מבוא,introitus,6,23,73,22548
מבוא,מבוא,uestibulum,0,23,39,22548
מבוא,מבוא,profectio,0,23,2,22548
מבוא,מבוא,sol,7,23,131,22548
מבוא,מבוא,phoebus,0,23,0,22548
מבוא,מבוא,solis,0,23,0,22548
מבוכה,מבוכה,tumultuosus,0,2,2,22548
מבוכה,מבוכה,perturbatio,0,2,0,22548
מבול,מבול,pluuiatilis,0,12,0,22548
מבול,מבול,diluuies,0,12,0,22548
מבול,מבול,generatio,2,12,142,22548
מבול,מבול,saeculum,0,12,46,22548
מבול,מבול,caro,3,12,229,22548
מבוע,מבוע,uer,0,3,0,22548
מבוע,מבוע,fons,3,3,70,22548
מבוע,מבוע,fonticulus,0,3,0,22548
מבוע,מבוע,fontanus,0,3,0,22548
מבחור,מבחור,comitium,0,2,0,22548
מבחור,מבחור,electus,0,2,0,22548
מבחר,מבחר,comitium,0,12,0,22548
מבחר,מבחר,electus,0,12,0,22548
מבחר,מבחר,eligo,9,12,209,22548
מבחר,מבחר,currus,1,12,107,22548
מבחר,מבחר,iugum,1,12,44,22548
מבחר,מבחר,quadrigae,0,12,14,22548
מבחר,מבחר,onusto,0,12,0,22548
מבחר,מבחר,optiuus,0,12,0,22548
מבט,מבט,spes,3,3,45,22548
מבט,מבט,exspecto,0,3,36,22548
מבט,מבט,spero,0,3,69,22548
מבט,מבט,exspectatio,0,3,8,22548
מבט,מבט,suadeo,0,3,2,22548
מבט,מבט,persuadeo,0,3,3,22548
מבט,מבט,pareo,0,3,14,22548
מבט,מבט,oboedio,0,3,38,22548
מבט,מבט,adduco,0,3,215,22548
מבט,מבט,persuasio,0,3,1,22548
מבט,מבט,inductus,0,3,0,22548
מבט,מבט,credo,0,3,59,22548
מבטא,מבטא,promissus,0,2,0,22548
מבטא,מבטא,nuntio,0,2,122,22548
מבטא,מבטא,promitto,0,2,26,22548
מבטא,מבטא,polliceor,0,2,35,22548
מבטא,מבטא,profiteor,0,2,2,22548
מבטא,מבטא,pollicitor,0,2,0,22548
מבטח,מבטח,spes,1,15,45,22548
מבטח,מבטח,spero,1,15,69,22548
מבטח,מבטח,exspectatio,1,15,8,22548
מבטח,מבטח,confido,1,15,57,22548
מבטח,מבטח,existimo,0,15,1,22548
מבטח,מבטח,fiducia,10,15,47,22548
מבטח,מבטח,credo,0,15,59,22548
מביא,מביא,affero,0,0,107,22548
מביא,מביא,adduco,0,0,215,22548
מביא,מביא,attulo,0,0,0,22548
מביאימ,מביאים,fero,0,0,342,22548
מביאימ,מביאים,porto,0,0,176,22548
מביאימ,מביאים,gero,0,0,27,22548
מביאימ,מביאים,affero,0,0,107,22548
מביאימ,מביאים,adduco,0,0,215,22548
מביאימ,מביאים,educo,0,0,242,22548
מביאימ,מביאים,duco,0,0,179,22548
מביאימ,מביאים,induco,0,0,68,22548
מביאימ,מביאים,defero,0,0,42,22548
מביאימ,מביאים,introduco,0,0,83,22548
מביאימ,מביאים,infero,0,0,73,22548
מביאימ,מביאים,offertor,0,0,153,22548
מבינ,מבין,intellego,0,0,136,22548
מבעא,מבעא,peto,0,0,48,22548
מבעא,מבעא,quaero,0,0,249,22548
מבצר,מבצר,ualentulus,0,35,0,22548
מבצר,מבצר,phylaca,0,35,0,22548
מבקש,מבקש,peto,0,0,48,22548
מבקש,מבקש,quaero,0,0,249,22548
מבקשי,מבקשי,peto,0,0,48,22548
מבקשי,מבקשי,quaero,0,0,249,22548
מבקשימ,מבקשים,peto,0,0,48,22548
מבקשימ,מבקשים,quaero,0,0,249,22548
מגבעה,מגבעה,contumulo,0,8,0,22548
מגד,מגד,hora,0,6,14,22548
מגד,מגד,tempus,0,6,407,22548
מגד,מגד,prospicus,0,6,0,22548
מגדו,מגדו,donum,0,12,25,22548
מגדו,מגדו,munus,0,12,91,22548
מגדו,מגדו,praemium,0,12,3,22548
מגדו,מגדו,praesens,0,12,76,22548
מגדו,מגדו,datus,0,12,0,22548
מגדל,מגדל,turris,41,54,49,22548
מגדל,מגדל,arx,0,54,6,22548
מגדל,מגדל,murus,9,54,158,22548
מגדל,מגדל,paries,0,54,67,22548
מגדל,מגדל,turrium,0,54,0,22548
מגור,מגור,cohabito,0,8,0,22548
מגורים,מגורים,cohabito,0,11,0,22548
מגזרה,מגזרה,securis,0,1,9,22548
מגיד,מגיד,reporto,0,0,7,22548
מגיד,מגיד,fama,0,0,14,22548
מגיד,מגיד,rumor,0,0,1,22548
מגיד,מגיד,defero,0,0,42,22548
מגיד,מגיד,nuntio,0,0,122,22548
מגל,מגל,falx,1,1,5,22548
מגל,מגל,scalprum,0,1,0,22548
מגלה,מגלה,syllabus,0,20,0,22548
מגלה,מגלה,cucullio,0,20,0,22548
מגן,מגן,trado,2,60,321,22548
מגן,מגן,abeo,0,60,219,22548
מגן,מגן,uendo,0,60,61,22548
מגן,מגן,restituo,0,60,39,22548
מגן,מגן,soluo,0,60,36,22548
מגן,מגן,redeo,0,60,30,22548
מגן,מגן,reuorto,0,60,75,22548
מגן,מגן,stipendium,0,60,0,22548
מגן,מגן,libero,1,60,139,22548
מגן,מגן,reddo,0,60,173,22548
מגן,מגן,deditio,0,60,0,22548
מגן,מגן,eruo,0,60,89,22548
מגן,מגן,eripio,0,60,7,22548
מגן,מגן,ostium,1,60,132,22548
מגן,מגן,arma,2,60,33,22548
מגן,מגן,bracchium,0,60,69,22548
מגן,מגן,telum,0,60,3,22548
מגן,מגן,armo,4,60,13,22548
מגנ,מגן,ostium,1,60,132,22548
מגנ,מגן,arma,2,60,33,22548
מגנ,מגן,bracchium,0,60,69,22548
מגנ,מגן,telum,0,60,3,22548
מגנ,מגן,armo,4,60,13,22548
מגנ,מגן,tutator,0,60,0,22548
מגנה,מגנה,contumelia,0,1,11,22548
מגנה,מגנה,uiolo,0,1,17,22548
מגנה,מגנה,superbia,0,1,63,22548
מגנה,מגנה,insolentia,0,1,0,22548
מגנה,מגנה,uis,0,1,73,22548
מגנה,מגנה,arrogantia,0,1,7,22548
מגני,מגני,arma,0,0,33,22548
מגני,מגני,bracchium,0,0,69,22548
מגני,מגני,telum,0,0,3,22548
מגני,מגני,armo,0,0,13,22548
מגפה,מגפה,plaga,11,23,187,22548
מגפה,מגפה,uulnus,0,23,25,22548
מגפה,מגפה,ictus,0,23,2,22548
מגר,מגר,iaculor,0,2,0,22548
מגר,מגר,iacio,0,2,25,22548
מגר,מגר,proicio,0,2,121,22548
מגר,מגר,reiecto,0,2,0,22548
מד,מד,uestis,2,10,101,22548
מד,מד,uestimentum,3,10,138,22548
מד,מד,pallium,0,10,50,22548
מד,מד,toga,0,10,0,22548
מדבח,מדבח,ara,0,1,43,22548
מדבח,מדבח,altare,1,1,284,22548
מדבח,מדבח,altar,0,1,0,22548
מדבח,מדבח,altarium,0,1,24,22548
מדבח,מדבח,altaria,0,1,0,22548
מדבח,מדבח,arae,0,1,0,22548
מדבר,מדבר,ultroneus,0,255,1,22548
מדבר,מדבר,solitudo,91,255,145,22548
מדבר,מדבר,desero,29,255,97,22548
מדבר,מדבר,loquor,12,255,1092,22548
מדבר,מדבר,fabulor,0,255,0,22548
מדברת,מדברת,loquor,0,0,1092,22548
מדברת,מדברת,fabulor,0,0,0,22548
מדד,מדד,metior,40,49,48,22548
מדד,מדד,ortus,0,49,42,22548
מדד,מדד,exortiuus,0,49,0,22548
מדד,מדד,latitudo,15,49,93,22548
מדד,מדד,eurus,0,49,1,22548
מדד,מדד,harundo,0,49,0,22548
מדד,מדד,calamus,7,49,30,22548
מדד,מדד,cubitus,0,49,4,22548
מדד,מדד,cubitum,14,49,106,22548
מדד,מדד,porta,17,49,286,22548
מדד,מדד,ianua,0,49,13,22548
מדד,מדד,fores,0,49,12,22548
מדד,מדד,limen,3,49,18,22548
מדד,מדד,ostium,1,49,132,22548
מדד,מדד,portae,0,49,0,22548
מדה,מדה,metior,12,57,48,22548
מדה,מדה,latitudo,11,57,93,22548
מדה,מדה,eurus,0,57,1,22548
מדה,מדה,harundo,0,57,0,22548
מדה,מדה,calamus,6,57,30,22548
מדה,מדה,longitudo,9,57,80,22548
מדה,מדה,quinque,5,57,183,22548
מדה,מדה,quingenti,7,57,38,22548
מדה,מדה,cubitus,1,57,4,22548
מדה,מדה,cubitum,9,57,106,22548
מדה,מדה,porta,13,57,286,22548
מדה,מדה,ianua,0,57,13,22548
מדה,מדה,fores,0,57,12,22548
מדה,מדה,limen,0,57,18,22548
מדה,מדה,ostium,0,57,132,22548
מדה,מדה,portae,0,57,0,22548
מדוה,מדוה,morbus,0,2,0,22548
מדוה,מדוה,pestis,0,2,24,22548
מדוה,מדוה,lues,0,2,0,22548
מדוה,מדוה,ualetudo,0,2,0,22548
מדוה,מדוה,infirmitas,1,2,25,22548
מדחה,מדחה,ruo,0,1,18,22548
מדחפה,מדחפה,pello,0,1,2,22548
מדחפה,מדחפה,trudo,0,1,0,22548
מדחפה,מדחפה,depello,0,1,0,22548
מדחפה,מדחפה,protrudo,0,1,0,22548
מדינה,מדינה,locus,3,48,513,22548
מדינה,מדינה,regio,3,48,158,22548
מדינה,מדינה,ager,0,48,214,22548
מדינה,מדינה,terra,1,48,2254,22548
מדינה,מדינה,finis,0,48,137,22548
מדינה,מדינה,rus,0,48,1,22548
מדינה,מדינה,castellum,0,48,3,22548
מדינות,מדינות,locus,0,0,513,22548
מדינות,מדינות,spatium,0,0,16,22548
מדינות,מדינות,humus,0,0,42,22548
מדינת,מדינת,regio,0,0,158,22548
מדינת,מדינת,terra,0,0,2254,22548
מדינת,מדינת,locus,0,0,513,22548
מדינת,מדינת,finis,0,0,137,22548
מדינת,מדינת,ager,0,0,214,22548
מדינת,מדינת,rus,0,0,1,22548
מדינת,מדינת,spatium,0,0,16,22548
מדינת,מדינת,humus,0,0,42,22548
מדע,מדע,naturalis,0,8,0,22548
מדעת,מדעת,naturalis,0,1,0,22548
מדר,מדר,domicilium,0,0,0,22548
מדרך,מדרך,uestigium,1,1,30,22548
מדשה,מדשה,calco,0,1,11,22548
מהימנ,מהימן,fidelis,0,0,38,22548
מהימנ,מהימן,fides,0,0,28,22548
מהימנ,מהימן,hercules,0,0,0,22548
מהימנ,מהימן,fidus,0,0,0,22548
מהיר,מהיר,celeriter,0,4,2,22548
מהיר,מהיר,cieo,0,4,0,22548
מהיר,מהיר,celeritas,0,4,0,22548
מהיר,מהיר,celer,0,4,1,22548
מהיר,מהיר,uelox,3,4,20,22548
מהיר,מהיר,rapidus,0,4,0,22548
מהיר,מהיר,simul,0,4,145,22548
מהיר,מהיר,sicut,0,4,851,22548
מהלך,מהלך,introitus,0,5,73,22548
מהלכינ,מהלכין,ambulo,0,0,249,22548
מהלכינ,מהלכין,ambulatio,0,0,0,22548
מהלל,מהלל,praedicabilis,0,1,0,22548
מהלל,מהלל,laudabilis,0,1,10,22548
מהלל,מהלל,laudo,1,1,132,22548
מהלל,מהלל,laus,0,1,73,22548
מהלל,מהלל,gloria,0,1,214,22548
מהלל,מהלל,fama,0,1,14,22548
מהלל,מהלל,decus,0,1,3,22548
מהלל,מהלל,gloriola,0,1,0,22548
מהלל,מהלל,gloriae,0,1,0,22548
מהלל,מהלל,honor,0,1,17,22548
מהלל,מהלל,rumor,0,1,1,22548
מהללימ,מהללים,terror,0,0,46,22548
מהללימ,מהללים,fabella,0,0,0,22548
מהפכה,מהפכה,ruo,0,6,18,22548
מהפכה,מהפכה,ultimo,0,6,0,22548
מהפכת,מהפכת,ultimo,0,4,0,22548
מהר,מהר,urgueo,0,81,0,22548
מהר,מהר,propero,1,81,17,22548
מהר,מהר,urgeo,1,81,7,22548
מהר,מהר,festino,30,81,64,22548
מהר,מהר,celeriter,1,81,2,22548
מהר,מהר,cieo,0,81,0,22548
מהר,מהר,celeritas,0,81,0,22548
מהר,מהר,celer,0,81,1,22548
מהר,מהר,uelox,3,81,20,22548
מהר,מהר,rapidus,0,81,0,22548
מהר,מהר,simul,0,81,145,22548
מהר,מהר,sicut,1,81,851,22548
מהר,מהר,dotalis,0,81,0,22548
מהרה,מהרה,celeriter,0,18,2,22548
מהרה,מהרה,cieo,0,18,0,22548
מהרה,מהרה,celeritas,0,18,0,22548
מהרה,מהרה,celer,0,18,1,22548
מהרה,מהרה,uelox,0,18,20,22548
מהרה,מהרה,rapidus,0,18,0,22548
מהרה,מהרה,simul,0,18,145,22548
מהרה,מהרה,sicut,2,18,851,22548
מהתלות,מהתלות,dolus,0,1,19,22548
מהתלות,מהתלות,astus,0,1,1,22548
מו,מו,praetor,0,0,0,22548
מו,מו,aurora,0,0,6,22548
מו,מו,mane,0,0,173,22548
מו,מו,usque,0,0,812,22548
מו,מו,dum,0,0,30,22548
מו,מו,quoad,0,0,0,22548
מו,מו,donec,0,0,221,22548
מו,מו,uerutum,0,0,0,22548
מו,מו,inquam,0,0,103,22548
מו,מו,tego,0,0,33,22548
מו,מו,uelo,0,0,5,22548
מו,מו,operio,0,0,159,22548
מו,מו,quasi,0,0,708,22548
מו,מו,sicut,0,0,851,22548
מו,מו,similis,0,0,91,22548
מו,מו,tamquam,0,0,3,22548
מו,מו,par,0,0,7,22548
מו,מו,aurum,0,0,229,22548
מו,מו,os,0,0,459,22548
מו,מו,labium,0,0,123,22548
מו,מו,labrum,0,0,8,22548
מו,מו,osculum,0,0,4,22548
מו,מו,pono,0,0,697,22548
מו,מו,loco,0,0,2,22548
מו,מו,statuo,0,0,62,22548
מו,מו,colloco,0,0,17,22548
מו,מו,locus,0,0,513,22548
מו,מו,ceu,0,0,0,22548
מו,מו,uelut,0,0,42,22548
מואבי,מואבי,ager,2,16,214,22548
מואבי,מואבי,fundus,0,16,3,22548
מואבי,מואבי,campus,0,16,26,22548
מואבי,מואבי,praedium,0,16,0,22548
מואבי,מואבי,uilla,0,16,38,22548
מול,מול,iuxta,4,82,553,22548
מול,מול,fere,0,82,0,22548
מול,מול,prope,0,82,30,22548
מול,מול,hostis,0,82,123,22548
מול,מול,contrarius,1,82,17,22548
מול,מול,inimicus,0,82,247,22548
מול,מול,facies,4,82,497,22548
מול,מול,oppono,0,82,4,22548
מול,מול,praesens,1,82,76,22548
מול,מול,contra,17,82,685,22548
מול,מול,uenio,3,82,1274,22548
מול,מול,eo,0,82,245,22548
מול,מול,pergo,0,82,157,22548
מול,מול,meo,0,82,0,22548
מול,מול,circumcido,22,82,27,22548
מול,מול,deseco,0,82,0,22548
מול,מול,proseco,0,82,0,22548
מול,מול,uultus,0,82,82,22548
מול,מול,os,0,82,459,22548
מול,מול,ora,0,82,8,22548
מול,מול,persona,0,82,13,22548
מולדת,מולדת,gens,0,21,462,22548
מולדת,מולדת,genus,0,21,65,22548
מולדת,מולדת,progenies,1,21,12,22548
מולדת,מולדת,generatio,2,21,142,22548
מולדת,מולדת,saeculum,0,21,46,22548
מולדת,מולדת,natio,0,21,51,22548
מולדת,מולדת,fio,0,21,188,22548
מולדת,מולדת,nascor,3,21,103,22548
מולדת,מולדת,orior,1,21,52,22548
מולדת,מולדת,gigno,2,21,190,22548
מולדת,מולדת,sum,14,21,9821,22548
מולדת,מולדת,proles,0,21,0,22548
מולדת,מולדת,stirps,0,21,51,22548
מולדת,מולדת,seminium,0,21,0,22548
מולדת,מולדת,nepos,0,21,14,22548
מולדת,מולדת,mater,2,21,196,22548
מולדת,מולדת,genetrix,0,21,3,22548
מולדת,מולדת,parens,1,21,9,22548
מולדת,מולדת,matrem,0,21,0,22548
מולדת,מולדת,matri,0,21,0,22548
מולדת,מולדת,matris,0,21,0,22548
מולה,מולה,circumcisio,1,1,3,22548
מולה,מולה,incisus,0,1,0,22548
מוליכ,מוליך,duco,0,0,179,22548
מוליכ,מוליך,ago,0,0,146,22548
מוליכ,מוליך,affero,0,0,107,22548
מוליכ,מוליך,adduco,0,0,215,22548
מוליכ,מוליך,educo,0,0,242,22548
מוליכ,מוליך,fero,0,0,342,22548
מוליכ,מוליך,deduco,0,0,50,22548
מוליכ,מוליך,induco,0,0,68,22548
מוליכ,מוליך,defero,0,0,42,22548
מוליכ,מוליך,introduco,0,0,83,22548
מוליכ,מוליך,infero,0,0,73,22548
מוליכ,מוליך,offertor,0,0,153,22548
מוליכ,מוליך,plumbum,0,0,7,22548
מוסד,מוסד,fundamentum,9,10,39,22548
מוסד,מוסד,fundamen,0,10,0,22548
מוסדה,מוסדה,fundamentum,5,7,39,22548
מוסדה,מוסדה,fundamen,0,7,0,22548
מוסר,מוסר,cultus,0,52,30,22548
מוסר,מוסר,filius,8,52,3345,22548
מוסר,מוסר,puer,2,52,220,22548
מוסר,מוסר,iuuencus,0,52,0,22548
מוסרות,מוסרות,uinculum,0,0,27,22548
מוסרות,מוסרות,catena,0,0,21,22548
מוסרות,מוסרות,nodus,0,0,0,22548
מועד,מועד,ferior,0,206,0,22548
מועד,מועד,tempus,27,206,407,22548
מועד,מועד,occasio,0,206,6,22548
מועד,מועד,facultas,0,206,2,22548
מועד,מועד,potestas,0,206,42,22548
מועד,מועד,proba,0,206,0,22548
מועד,מועד,hora,2,206,14,22548
מועד,מועד,prospicus,0,206,0,22548
מועד,מועד,porta,4,206,286,22548
מועד,מועד,ianua,0,206,13,22548
מועד,מועד,fores,0,206,12,22548
מועד,מועד,foras,0,206,27,22548
מועד,מועד,ostium,32,206,132,22548
מועד,מועד,foris,6,206,62,22548
מועד,מועד,limen,0,206,18,22548
מועדימ,מועדים,tempus,0,0,407,22548
מועדימ,מועדים,occasio,0,0,6,22548
מועדימ,מועדים,facultas,0,0,2,22548
מועדימ,מועדים,potestas,0,0,42,22548
מועצה,מועצה,consilium,3,7,139,22548
מועצה,מועצה,consulo,0,7,39,22548
מועצה,מועצה,iudico,0,7,181,22548
מועצה,מועצה,concilium,0,7,11,22548
מועצה,מועצה,insidiae,0,7,52,22548
מועצה,מועצה,consilior,0,7,1,22548
מועצה,מועצה,sententia,0,7,30,22548
מועצה,מועצה,senatus,0,7,0,22548
מועצה,מועצה,senator,0,7,1,22548
מועצה,מועצה,moneo,0,7,4,22548
מועצה,מועצה,suadeo,0,7,2,22548
מופת,מופת,signum,22,35,116,22548
מופת,מופת,symbolus,0,35,0,22548
מופת,מופת,testimonium,0,35,151,22548
מופת,מופת,argumentum,0,35,1,22548
מופת,מופת,insigne,0,35,0,22548
מופת,מופת,portendo,9,35,10,22548
מופתימ,מופתים,portendo,0,0,10,22548
מוצא,מוצא,exitus,3,29,17,22548
מוצאה,מוצאה,generatio,0,1,142,22548
מוצאה,מוצאה,saeculum,0,1,46,22548
מוציא,מוציא,deduco,0,0,50,22548
מוקד,מוקד,focus,0,1,3,22548
מוקד,מוקד,domesticus,0,1,5,22548
מוקש,מוקש,esca,0,27,27,22548
מוקש,מוקש,offendiculum,2,27,13,22548
מוקש,מוקש,mucronatus,0,27,0,22548
מור,מור,permuto,0,10,0,22548
מורא,מורא,metus,0,12,2,22548
מורא,מורא,pauor,2,12,31,22548
מורא,מורא,terror,4,12,46,22548
מורא,מורא,timor,3,12,74,22548
מורא,מורא,formido,1,12,47,22548
מורא,מורא,timeo,2,12,306,22548
מורא,מורא,metuo,0,12,23,22548
מורא,מורא,uereor,0,12,7,22548
מורד,מורד,descensus,0,5,0,22548
מורשה,מורשה,hereditas,7,9,125,22548
מורשה,מורשה,possessio,2,9,165,22548
מורשה,מורשה,hereditarius,0,9,3,22548
מוש,מוש,accendo,0,20,9,22548
מוש,מוש,tango,1,20,100,22548
מוש,מוש,attingo,0,20,0,22548
מוש,מוש,incendo,0,20,36,22548
מושב,מושב,sessio,0,43,4,22548
מושב,מושב,consentium,0,43,0,22548
מושב,מושב,solium,0,43,71,22548
מושב,מושב,thronus,0,43,50,22548
מושב,מושב,sella,0,43,10,22548
מושב,מושב,sedes,3,43,32,22548
מושב,מושב,sessibulum,0,43,0,22548
מושב,מושב,sedeo,3,43,226,22548
מושב,מושב,consido,0,43,2,22548
מושב,מושב,habitabilis,1,43,3,22548
מושב,מושב,gens,0,43,462,22548
מושב,מושב,genus,0,43,65,22548
מושב,מושב,progenies,0,43,12,22548
מושב,מושב,generatio,4,43,142,22548
מושב,מושב,saeculum,0,43,46,22548
מושב,מושב,natio,0,43,51,22548
מושב,מושב,lex,0,43,252,22548
מושב,מושב,liceor,0,43,0,22548
מושב,מושב,mos,0,43,28,22548
מושב,מושב,ius,1,43,37,22548
מושב,מושב,consuetudo,1,43,12,22548
מושב,מושב,legitimus,3,43,28,22548
מושי,מושי,populus,1,10,1560,22548
מושי,מושי,plebs,0,10,19,22548
מושי,מושי,uulgus,0,10,39,22548
מושי,מושי,terra,0,10,2254,22548
מושי,מושי,contio,0,10,3,22548
מושי,מושי,communis,0,10,9,22548
מושי,מושי,ecclesia,0,10,30,22548
מושי,מושי,ager,0,10,214,22548
מושי,מושי,praepinguis,0,10,0,22548
מושי,מושי,unguinosus,0,10,0,22548
מושיע,מושיע,seruo,0,0,66,22548
מושיע,מושיע,conseruo,0,0,5,22548
מושיע,מושיע,tueor,0,0,6,22548
מושיע,מושיע,saluus,0,0,64,22548
מושיע,מושיע,salus,0,0,95,22548
מושיע,מושיע,libero,0,0,139,22548
מושיע,מושיע,retineo,0,0,11,22548
מושיע,מושיע,saluo,0,0,105,22548
מושיע,מושיע,saluator,0,0,36,22548
מושיע,מושיע,salutaris,0,0,4,22548
מושל,מושל,praetor,0,0,0,22548
מות,מות,morior,441,822,469,22548
מות,מות,pereo,13,822,156,22548
מות,מות,occido,74,822,196,22548
מות,מות,cado,19,822,252,22548
מות,מות,mors,161,822,197,22548
מות,מות,interfacio,59,822,149,22548
מות,מות,occaedes,10,822,26,22548
מות,מות,obeo,4,822,6,22548
מות,מות,percutio,72,822,489,22548
מות,מות,perdo,3,822,60,22548
מות,מות,amitto,1,822,4,22548
מות,מות,deleo,7,822,128,22548
מות,מות,intereo,9,822,35,22548
מות,מות,ruina,5,822,51,22548
מות,מות,disperdo,1,822,76,22548
מות,מות,exitium,0,822,0,22548
מות,מות,letum,0,822,0,22548
מות,מות,nex,0,822,4,22548
מות,מות,defunctus,0,822,0,22548
מות,מות,fatum,0,822,0,22548
מות,מות,mortis,0,822,0,22548
מות,מות,morte,0,822,0,22548
מות,מות,mortem,0,822,0,22548
מות,מות,efflicto,0,822,0,22548
מות,מות,emortuus,0,822,0,22548
מות,מות,finis,1,822,137,22548
מות,מות,extremus,1,822,62,22548
מות,מות,ultimo,0,822,0,22548
מותר,מותר,lucrum,0,3,2,22548
מותר,מותר,plenus,0,3,117,22548
מותר,מותר,utilitas,0,3,3,22548
מותר,מותר,confero,0,3,12,22548
מותר,מותר,auxilior,0,3,0,22548
מותר,מותר,auxilium,0,3,57,22548
מותר,מותר,seruio,0,3,160,22548
מזבח,מזבח,ara,29,338,43,22548
מזבח,מזבח,altare,258,338,284,22548
מזבח,מזבח,altar,0,338,0,22548
מזבח,מזבח,altarium,23,338,24,22548
מזבח,מזבח,altaria,0,338,0,22548
מזבח,מזבח,arae,0,338,0,22548
מזבח,מזבח,arula,2,338,4,22548
מזבחות,מזבחות,arula,0,0,4,22548
מזבחות,מזבחות,altaria,0,0,0,22548
מזבחת,מזבחת,ara,0,0,43,22548
מזבחת,מזבחת,altare,0,0,284,22548
מזבחת,מזבחת,altar,0,0,0,22548
מזבחת,מזבחת,altarium,0,0,24,22548
מזבחת,מזבחת,altaria,0,0,0,22548
מזבחת,מזבחת,arae,0,0,0,22548
מזבחת,מזבחת,arula,0,0,4,22548
מזה,מזה,indus,0,4,0,22548
מזה,מזה,hinc,0,4,24,22548
מזה,מזה,istinc,0,4,0,22548
מזוזה,מזוזה,porta,2,15,286,22548
מזוזה,מזוזה,ianua,1,15,13,22548
מזוזה,מזוזה,fores,0,15,12,22548
מזוזה,מזוזה,foras,0,15,27,22548
מזוזה,מזוזה,ostium,5,15,132,22548
מזוזה,מזוזה,foris,2,15,62,22548
מזוזה,מזוזה,limen,4,15,18,22548
מזוזה,מזוזה,portae,0,15,0,22548
מזוזת,מזוזת,stabulum,0,0,3,22548
מזוזת,מזוזת,caula,0,0,0,22548
מזוזת,מזוזת,scaena,0,0,0,22548
מזוזת,מזוזת,pondus,0,0,70,22548
מזוזת,מזוזת,pondo,0,0,0,22548
מזונ,מזון,cibus,0,2,99,22548
מזונ,מזון,uictus,0,2,5,22548
מזיח,מזיח,cingulum,0,1,2,22548
מזיח,מזיח,balteus,0,1,16,22548
מזיח,מזיח,zona,0,1,3,22548
מזכיר,מזכיר,memini,0,0,41,22548
מזכיר,מזכיר,admoneo,0,0,1,22548
מזכיר,מזכיר,reuoco,0,0,7,22548
מזכיר,מזכיר,commemoro,0,0,1,22548
מזלג,מזלג,hamulus,0,7,0,22548
מזלג,מזלג,harpaga,0,7,0,22548
מזמה,מזמה,causa,0,17,85,22548
מזמה,מזמה,propter,0,17,292,22548
מזמה,מזמה,quia,1,17,1439,22548
מזמה,מזמה,ratio,0,17,11,22548
מזמה,מזמה,ob,0,17,67,22548
מזמה,מזמה,sicut,0,17,851,22548
מזמור,מזמור,psalmus,14,56,20,22548
מזמור,מזמור,chelys,0,56,0,22548
מזמור,מזמור,cantus,0,56,0,22548
מזער,מזער,paruus,1,4,104,22548
מזער,מזער,exiguus,0,4,1,22548
מזער,מזער,paulum,0,4,0,22548
מזער,מזער,breuis,1,4,8,22548
מזער,מזער,modicus,3,4,23,22548
מזער,מזער,paulus,0,4,3,22548
מזרח,מזרח,ortus,10,69,42,22548
מזרח,מזרח,exortiuus,0,69,0,22548
מזרח,מזרח,sol,11,69,131,22548
מזרח,מזרח,phoebus,0,69,0,22548
מזרח,מזרח,solis,0,69,0,22548
מזרח,מזרח,altrouorsum,0,69,0,22548
מזרע,מזרע,semen,0,1,186,22548
מזרע,מזרע,stirps,0,1,51,22548
מזרע,מזרע,proles,0,1,0,22548
מזרע,מזרע,semento,0,1,0,22548
מזרק,מזרק,crater,0,32,1,22548
מזרק,מזרק,poculum,0,32,6,22548
מזרק,מזרק,uillum,0,32,0,22548
מזרק,מזרק,patera,0,32,0,22548
מזרק,מזרק,phiala,0,32,0,22548
מזרק,מזרק,calix,0,32,23,22548
מזרק,מזרק,argenteus,16,32,78,22548
מזרק,מזרק,argentum,2,32,189,22548
מזרק,מזרק,septuaginta,13,32,84,22548
מזרק,מזרק,septuageni,0,32,0,22548
מזרק,מזרק,centum,14,32,156,22548
מזרק,מזרק,triceni,0,32,0,22548
מזרק,מזרק,triginta,14,32,146,22548
מזרק,מזרק,cymbium,0,32,0,22548
מזרקות,מזרקות,patera,0,0,0,22548
מזרקות,מזרקות,phiala,0,0,0,22548
מזרקות,מזרקות,calix,0,0,23,22548
מזרקת,מזרקת,patera,0,0,0,22548
מזרקת,מזרקת,phiala,0,0,0,22548
מזרקת,מזרקת,calix,0,0,23,22548
מחברת,מחברת,collecta,0,7,2,22548
מחברת,מחברת,alius,1,7,217,22548
מחברת,מחברת,alter,3,7,212,22548
מחברת,מחברת,mutuus,0,7,10,22548
מחברת,מחברת,inuicem,3,7,27,22548
מחה,מחה,detergeo,0,30,0,22548
מחול,מחול,chorus,7,7,33,22548
מחזה,מחזה,uisio,4,6,63,22548
מחזה,מחזה,oculus,2,6,475,22548
מחזה,מחזה,species,0,6,26,22548
מחזה,מחזה,uisus,0,6,3,22548
מחזה,מחזה,regio,1,6,158,22548
מחזה,מחזה,terra,0,6,2254,22548
מחזה,מחזה,locus,0,6,513,22548
מחזה,מחזה,finis,0,6,137,22548
מחזה,מחזה,ager,0,6,214,22548
מחזה,מחזה,rus,0,6,1,22548
מחזה,מחזה,cernentia,0,6,0,22548
מחזה,מחזה,tuor,0,6,0,22548
מחזיק,מחזיק,teneo,0,0,116,22548
מחזיק,מחזיק,obtineo,0,0,28,22548
מחזיק,מחזיק,potior,0,0,1,22548
מחזיק,מחזיק,uictoria,0,0,20,22548
מחזיק,מחזיק,dominus,0,0,5912,22548
מחזיק,מחזיק,erus,0,0,0,22548
מחזיק,מחזיק,uinco,0,0,23,22548
מחזיק,מחזיק,uictor,0,0,48,22548
מחי,מחי,plaga,0,1,187,22548
מחי,מחי,uulnus,0,1,25,22548
מחי,מחי,ictus,0,1,2,22548
מחיר,מחיר,honor,0,15,17,22548
מחיר,מחיר,dignitas,0,15,7,22548
מחיר,מחיר,pretium,8,15,62,22548
מחיר,מחיר,decus,0,15,3,22548
מחיר,מחיר,honorem,0,15,0,22548
מחיר,מחיר,honoris,0,15,0,22548
מחיר,מחיר,pecunia,3,15,72,22548
מחיר,מחיר,argenteus,0,15,78,22548
מחיר,מחיר,nummus,0,15,1,22548
מחיר,מחיר,argentum,4,15,189,22548
מחיר,מחיר,donum,0,15,25,22548
מחיר,מחיר,munus,2,15,91,22548
מחיר,מחיר,praemium,0,15,3,22548
מחיר,מחיר,praesens,0,15,76,22548
מחיר,מחיר,datus,0,15,0,22548
מחלה,מחלה,morbus,0,21,0,22548
מחלה,מחלה,pestis,0,21,24,22548
מחלה,מחלה,lues,0,21,0,22548
מחלה,מחלה,ualetudo,0,21,0,22548
מחלה,מחלה,infirmitas,3,21,25,22548
מחלי,מחלי,populus,1,13,1560,22548
מחלי,מחלי,plebs,0,13,19,22548
מחלי,מחלי,uulgus,0,13,39,22548
מחלי,מחלי,terra,0,13,2254,22548
מחלי,מחלי,contio,0,13,3,22548
מחלי,מחלי,communis,0,13,9,22548
מחלי,מחלי,ecclesia,0,13,30,22548
מחלי,מחלי,ager,0,13,214,22548
מחלי,מחלי,praepinguis,0,13,0,22548
מחלי,מחלי,unguinosus,0,13,0,22548
מחלף,מחלף,morbus,0,1,0,22548
מחלף,מחלף,curius,0,1,0,22548
מחלף,מחלף,pestis,0,1,24,22548
מחלף,מחלף,lues,0,1,0,22548
מחלף,מחלף,ualetudo,0,1,0,22548
מחלף,מחלף,infirmitas,0,1,25,22548
מחלקה,מחלקה,distributio,0,1,2,22548
מחלקה,מחלקה,diuido,0,1,140,22548
מחלקות,מחלקות,distributio,0,0,2,22548
מחלקת,מחלקת,distributio,0,37,2,22548
מחלקת,מחלקת,diuido,4,37,140,22548
מחלקת,מחלקת,hereditas,0,37,125,22548
מחלקת,מחלקת,sors,2,37,82,22548
מחלקת,מחלקת,praedium,0,37,0,22548
מחלקת,מחלקת,possessio,3,37,165,22548
מחלקת,מחלקת,aratio,0,37,0,22548
מחלקת,מחלקת,sortio,0,37,1,22548
מחלת,מחלת,chorus,2,4,33,22548
מחנ,מחן,insitium,0,0,0,22548
מחנה,מחנה,exercitus,21,190,467,22548
מחנה,מחנה,copia,0,190,6,22548
מחנה,מחנה,uis,0,190,73,22548
מחנה,מחנה,uirtus,0,190,28,22548
מחנה,מחנה,imperium,0,190,59,22548
מחנה,מחנה,potentia,0,190,17,22548
מחנה,מחנה,cogo,0,190,17,22548
מחנה,מחנה,opis,0,190,0,22548
מחנה,מחנה,robur,0,190,46,22548
מחנה,מחנה,fortitudo,0,190,232,22548
מחנה,מחנה,potestas,0,190,42,22548
מחנה,מחנה,insitium,0,190,0,22548
מחנה,מחנה,bellum,3,190,134,22548
מחנה,מחנה,mars,0,190,0,22548
מחנה,מחנה,arma,0,190,33,22548
מחנה,מחנה,acies,2,190,27,22548
מחנה,מחנה,bello,0,190,6,22548
מחנה,מחנה,pugna,1,190,33,22548
מחנה,מחנה,belli,0,190,0,22548
מחנה,מחנה,proelium,2,190,104,22548
מחנה,מחנה,castrum,0,190,2,22548
מחנה,מחנה,classis,0,190,8,22548
מחנות,מחנות,insitium,0,0,0,22548
מחנים,מחנים,insitium,0,14,0,22548
מחנימ,מחנים,insitium,0,14,0,22548
מחס,מחס,spes,0,0,45,22548
מחס,מחס,spero,0,0,69,22548
מחס,מחס,exspectatio,0,0,8,22548
מחסה,מחסה,confugio,0,19,15,22548
מחסה,מחסה,profugio,0,19,7,22548
מחסה,מחסה,confugium,0,19,6,22548
מחסה,מחסה,refugium,2,19,5,22548
מחסה,מחסה,munimentum,0,19,4,22548
מחצה,מחצה,dimidius,0,2,44,22548
מחצה,מחצה,dimidio,0,2,2,22548
מחצה,מחצה,semifer,0,2,0,22548
מחצה,מחצה,dimidium,0,2,17,22548
מחצית,מחצית,dimidius,1,14,44,22548
מחצית,מחצית,dimidio,0,14,2,22548
מחצית,מחצית,semifer,0,14,0,22548
מחצית,מחצית,dimidium,1,14,17,22548
מחצית,מחצית,quinquagenarius,0,14,8,22548
מחצית,מחצית,quinquaginta,1,14,118,22548
מחק,מחק,membrana,0,1,0,22548
מחק,מחק,cutis,0,1,22,22548
מחק,מחק,pellis,0,1,45,22548
מחק,מחק,corium,0,1,1,22548
מחק,מחק,tergus,0,1,0,22548
מחק,מחק,abscondo,0,1,141,22548
מחקק,מחקק,praetor,0,0,0,22548
מחקק,מחקק,rex,0,0,1935,22548
מחקק,מחקק,tyrannus,0,0,7,22548
מחקק,מחקק,dominus,0,0,5912,22548
מחקק,מחקק,princeps,0,0,610,22548
מחקק,מחקק,regis,0,0,0,22548
מחקק,מחקק,regem,0,0,0,22548
מחקק,מחקק,regi,0,0,0,22548
מחר,מחר,creo,0,52,32,22548
מחר,מחר,crastinus,5,52,10,22548
מחר,מחר,perendinus,0,52,0,22548
מחר,מחר,postridie,0,52,0,22548
מחר,מחר,contrecto,0,52,0,22548
מחר,מחר,hora,6,52,14,22548
מחר,מחר,tempus,5,52,407,22548
מחר,מחר,prospicus,0,52,0,22548
מחרת,מחרת,creo,0,31,32,22548
מחרת,מחרת,crastinus,4,31,10,22548
מחרת,מחרת,perendinus,0,31,0,22548
מחרת,מחרת,postridie,0,31,0,22548
מחרת,מחרת,contrecto,0,31,0,22548
מחשבה,מחשבה,animus,1,43,39,22548
מחשבה,מחשבה,mens,3,43,38,22548
מחשבה,מחשבה,cogitatio,37,43,90,22548
מחשבה,מחשבה,cogito,8,43,92,22548
מחשבה,מחשבה,sentio,0,43,12,22548
מחשבה,מחשבה,sapientia,2,43,151,22548
מחשבה,מחשבה,superbia,0,43,63,22548
מחשבה,מחשבה,superbus,0,43,33,22548
מחשבה,מחשבה,adsum,0,43,27,22548
מחשבה,מחשבה,pecunia,0,43,72,22548
מחשבה,מחשבה,argenteus,0,43,78,22548
מחשבה,מחשבה,nummus,0,43,1,22548
מחשבה,מחשבה,argentum,1,43,189,22548
מחשבה,מחשבה,consilium,11,43,139,22548
מחשבה,מחשבה,sententia,1,43,30,22548
מחשבה,מחשבה,senatus,0,43,0,22548
מחשבה,מחשבה,concilium,0,43,11,22548
מחשבה,מחשבה,senator,0,43,1,22548
מחשבה,מחשבה,aes,0,43,19,22548
מחשבה,מחשבה,aeris,0,43,0,22548
מחשבה,מחשבה,ferrum,0,43,41,22548
מחשבה,מחשבה,aereus,0,43,32,22548
מחשבה,מחשבה,aer,1,43,45,22548
מחשבה,מחשבה,aeneus,0,43,29,22548
מחשבה,מחשבה,asum,0,43,2,22548
מחשבה,מחשבה,aeratus,0,43,0,22548
מחשבות,מחשבות,consilium,0,0,139,22548
מחשבות,מחשבות,sententia,0,0,30,22548
מחשבות,מחשבות,senatus,0,0,0,22548
מחשבות,מחשבות,concilium,0,0,11,22548
מחשבות,מחשבות,senator,0,0,1,22548
מחשבות,מחשבות,consideratio,0,0,0,22548
מחשבות,מחשבות,animus,0,0,39,22548
מחשבות,מחשבות,mens,0,0,38,22548
מחשבות,מחשבות,cogitatio,0,0,90,22548
מחשבת,מחשבת,consilium,0,7,139,22548
מחשבת,מחשבת,sessus,0,7,0,22548
מחשבת,מחשבת,consulo,0,7,39,22548
מחשבת,מחשבת,iudico,0,7,181,22548
מחשבת,מחשבת,concilium,0,7,11,22548
מחשבת,מחשבת,insidiae,0,7,52,22548
מחשבת,מחשבת,consilior,0,7,1,22548
מחשבת,מחשבת,consideratio,0,7,0,22548
מחשך,מחשך,tenebrae,5,7,97,22548
מחשך,מחשך,caligo,0,7,36,22548
מחשך,מחשך,obscuritas,0,7,0,22548
מחת,מחת,pulto,0,3,1,22548
מחתה,מחתה,inicio,0,30,0,22548
מחתה,מחתה,patera,0,30,0,22548
מחתה,מחתה,phiala,0,30,0,22548
מחתה,מחתה,calix,0,30,23,22548
מט,מט,infra,0,0,5,22548
מט,מט,fascis,0,0,1,22548
מט,מט,uirga,0,0,91,22548
מטה,מטה,bacillum,0,246,0,22548
מטה,מטה,infra,1,246,5,22548
מטה,מטה,deorsum,9,246,24,22548
מטה,מטה,lectus,6,246,15,22548
מטה,מטה,torus,0,246,3,22548
מטה,מטה,fascis,0,246,1,22548
מטה,מטה,uirga,37,246,91,22548
מטה,מטה,sceptrum,4,246,16,22548
מטה,מטה,baculum,0,246,0,22548
מטה,מטה,praeuenio,0,246,9,22548
מטה,מטה,antecedo,1,246,6,22548
מטה,מטה,primus,2,246,161,22548
מטה,מטה,tribus,86,246,174,22548
מטה,מטה,gens,1,246,462,22548
מטה,מטה,tributim,0,246,0,22548
מטיל,מטיל,uirga,0,1,91,22548
מטיל,מטיל,calamus,0,1,30,22548
מטיל,מטיל,fascis,0,1,1,22548
מטמן,מטמן,aerarius,0,5,2,22548
מטמן,מטמן,thesaurus,5,5,72,22548
מטמן,מטמן,possessio,0,5,165,22548
מטמן,מטמן,bonus,0,5,316,22548
מטמן,מטמן,possideo,0,5,160,22548
מטמן,מטמן,census,0,5,2,22548
מטע,מטע,malundrum,0,6,0,22548
מטעמים,מטעמים,edulis,0,8,0,22548
מטעמימ,מטעמים,edulis,0,8,0,22548
מטפחת,מטפחת,uestis,0,2,101,22548
מטפחת,מטפחת,uestimentum,0,2,138,22548
מטפחת,מטפחת,pallium,1,2,50,22548
מטפחת,מטפחת,toga,0,2,0,22548
מטפחת,מטפחת,tribon,0,2,0,22548
מטפחת,מטפחת,aratro,0,2,0,22548
מטפחת,מטפחת,mantelum,0,2,0,22548
מטפחת,מטפחת,lacerna,0,2,0,22548
מטפחת,מטפחת,chlamys,0,2,0,22548
מטר,מטר,imber,10,48,26,22548
מטר,מטר,pluuia,27,48,43,22548
מטרה,מטרה,destino,0,14,0,22548
מטת,מטת,lectus,0,0,15,22548
מטת,מטת,torus,0,0,3,22548
מטת,מטת,praeuenio,0,0,9,22548
מטת,מטת,antecedo,0,0,6,22548
מטת,מטת,primus,0,0,161,22548
מילדת,מילדת,mamma,0,0,4,22548
מים,מים,aqua,473,522,505,22548
מים,מים,meio,0,522,0,22548
מים,מים,aquae,0,522,0,22548
מים,מים,unda,1,522,1,22548
מים,מים,lympha,0,522,0,22548
מימ,מים,aqua,473,522,505,22548
מימ,מים,meio,0,522,0,22548
מימ,מים,aquae,0,522,0,22548
מימ,מים,unda,1,522,1,22548
מימ,מים,lympha,0,522,0,22548
מימי,מימי,aqua,0,0,505,22548
מימי,מימי,meio,0,0,0,22548
מימי,מימי,aquae,0,0,0,22548
מימי,מימי,unda,0,0,1,22548
מימי,מימי,lympha,0,0,0,22548
מימן,מימן,dexter,4,11,104,22548
מימן,מימן,ius,0,11,37,22548
מין,מין,progenies,0,18,12,22548
מין,מין,familia,0,18,182,22548
מין,מין,gener,0,18,12,22548
מין,מין,genu,0,18,27,22548
מין,מין,cognatio,0,18,146,22548
מין,מין,natio,0,18,51,22548
מין,מין,genus,17,18,65,22548
מין,מין,gentis,0,18,0,22548
מין,מין,stirps,0,18,51,22548
מין,מין,gens,0,18,462,22548
מין,מין,generis,0,18,0,22548
מין,מין,species,5,18,26,22548
מין,מין,figura,0,18,7,22548
מין,מין,modus,0,18,46,22548
מין,מין,quasi,0,18,708,22548
מין,מין,sicut,1,18,851,22548
מין,מין,similis,0,18,91,22548
מין,מין,talis,0,18,46,22548
מין,מין,tantus,0,18,17,22548
מין,מין,pareas,0,18,0,22548
מין,מין,pulcher,0,18,69,22548
מין,מין,formosus,0,18,0,22548
מין,מין,bonus,0,18,316,22548
מין,מין,nobilis,0,18,17,22548
מין,מין,bene,0,18,65,22548
מין,מין,ius,0,18,37,22548
מין,מין,aequus,0,18,22,22548
מין,מין,speciosus,0,18,24,22548
מין,מין,ualeo,0,18,38,22548
מין,מין,posterus,0,18,25,22548
מין,מין,dexter,0,18,104,22548
מין,מין,puteus,0,18,37,22548
מין,מין,bellus,0,18,0,22548
מין,מין,tamquam,0,18,3,22548
מין,מין,par,0,18,7,22548
מינ,מין,progenies,0,18,12,22548
מינ,מין,familia,0,18,182,22548
מינ,מין,gener,0,18,12,22548
מינ,מין,genu,0,18,27,22548
מינ,מין,cognatio,0,18,146,22548
מינ,מין,natio,0,18,51,22548
מינ,מין,genus,17,18,65,22548
מינ,מין,gentis,0,18,0,22548
מינ,מין,stirps,0,18,51,22548
מינ,מין,gens,0,18,462,22548
מינ,מין,generis,0,18,0,22548
מינ,מין,quasi,0,18,708,22548
מינ,מין,sicut,1,18,851,22548
מינ,מין,similis,0,18,91,22548
מינ,מין,tamquam,0,18,3,22548
מינ,מין,par,0,18,7,22548
מינ,מין,similitudo,1,18,54,22548
מינ,מין,instar,0,18,12,22548
מינקת,מינקת,soror,3,6,94,22548
מינקת,מינקת,germana,0,6,1,22548
מינקת,מינקת,sororius,0,6,0,22548
מישור,מישור,rego,3,23,37,22548
מישור,מישור,dirigo,1,23,67,22548
מישור,מישור,campus,0,23,26,22548
מישור,מישור,planities,2,23,9,22548
מישור,מישור,campe,0,23,0,22548
מישור,מישור,planus,2,23,9,22548
מישרימ,מישרים,pactum,0,16,4,22548
מישרימ,מישרים,testamentum,0,16,7,22548
מישרימ,מישרים,foedus,0,16,88,22548
מיתר,מיתר,extento,0,9,0,22548
מיתר,מיתר,porrigo,0,9,6,22548
מיתר,מיתר,trite,0,9,0,22548
מיתר,מיתר,iudicium,0,9,361,22548
מיתר,מיתר,atrium,6,9,100,22548
מיתר,מיתר,aula,0,9,3,22548
מכבד,מכבד,sententia,0,0,30,22548
מכבד,מכבד,glorifico,0,0,39,22548
מכבד,מכבד,opinor,0,0,0,22548
מכה,מכה,pulto,0,43,1,22548
מכה,מכה,plaga,39,43,187,22548
מכה,מכה,uulnus,4,43,25,22548
מכה,מכה,ictus,0,43,2,22548
מכוה,מכוה,cicatrix,3,3,14,22548
מכוה,מכוה,cicatricula,0,3,0,22548
מכון,מכון,promptus,0,16,1,22548
מכון,מכון,parito,0,16,0,22548
מכונ,מכון,promptus,0,16,1,22548
מכונ,מכון,parito,0,16,0,22548
מכונ,מכון,locus,4,16,513,22548
מכונ,מכון,regio,0,16,158,22548
מכונ,מכון,ager,0,16,214,22548
מכונה,מכונה,phalangae,0,19,0,22548
מכורה,מכורה,generatio,1,2,142,22548
מכורה,מכורה,saeculum,0,2,46,22548
מכות,מכות,plaga,0,0,187,22548
מכות,מכות,uulnus,0,0,25,22548
מכות,מכות,ictus,0,0,2,22548
מכיר,מכיר,populus,1,20,1560,22548
מכיר,מכיר,plebs,0,20,19,22548
מכיר,מכיר,uulgus,0,20,39,22548
מכיר,מכיר,terra,2,20,2254,22548
מכיר,מכיר,contio,0,20,3,22548
מכיר,מכיר,communis,0,20,9,22548
מכיר,מכיר,ecclesia,0,20,30,22548
מכיר,מכיר,ager,0,20,214,22548
מכיר,מכיר,praepinguis,0,20,0,22548
מכיר,מכיר,unguinosus,0,20,0,22548
מכך,מכך,sido,0,3,5,22548
מכלא,מכלא,maceria,0,2,9,22548
מכלאת,מכלאת,ouilis,0,0,0,22548
מכלאת,מכלאת,probata,0,0,0,22548
מכמני,מכמני,locus,0,0,513,22548
מכמני,מכמני,regio,0,0,158,22548
מכמני,מכמני,ager,0,0,214,22548
מכמר,מכמר,rete,1,2,17,22548
מכמר,מכמר,retiolum,0,2,0,22548
מכמר,מכמר,reticulum,0,2,0,22548
מכמר,מכמר,laqueus,0,2,36,22548
מכמרת,מכמרת,rete,1,1,17,22548
מכמרת,מכמרת,retiolum,0,1,0,22548
מכמרת,מכמרת,reticulum,0,1,0,22548
מכמרת,מכמרת,laqueus,0,1,36,22548
מכנסי,מכנסי,edurus,0,0,0,22548
מכס,מכס,uectigal,0,6,5,22548
מכס,מכס,tributum,0,6,16,22548
מכס,מכס,ferax,0,6,0,22548
מכס,מכס,tributarius,0,6,9,22548
מכס,מכס,finis,0,6,137,22548
מכס,מכס,exitus,0,6,17,22548
מכס,מכס,euentus,0,6,2,22548
מכס,מכס,legio,0,6,3,22548
מכס,מכס,extremus,0,6,62,22548
מכס,מכס,posterus,0,6,25,22548
מכס,מכס,denique,0,6,4,22548
מכס,מכס,nouissimus,0,6,94,22548
מכס,מכס,triceni,0,6,0,22548
מכס,מכס,triginta,3,6,146,22548
מכס,מכס,mille,3,6,363,22548
מכס,מכס,miliarius,0,6,0,22548
מכסה,מכסה,protectus,0,16,0,22548
מכסה,מכסה,opertus,0,16,7,22548
מכסה,מכסה,obnubo,0,16,0,22548
מכסה,מכסה,arca,3,16,194,22548
מכסה,מכסה,uterus,0,16,49,22548
מכסה,מכסה,praecordia,0,16,1,22548
מכסה,מכסה,aruina,0,16,1,22548
מכפלה,מכפלה,ager,6,6,214,22548
מכפלה,מכפלה,fundus,0,6,3,22548
מכפלה,מכפלה,campus,0,6,26,22548
מכפלה,מכפלה,praedium,0,6,0,22548
מכפלה,מכפלה,uilla,0,6,38,22548
מכפלה,מכפלה,incoram,0,6,0,22548
מכפלה,מכפלה,duplus,0,6,4,22548
מכפלה,מכפלה,duplex,5,6,25,22548
מכפלה,מכפלה,monumentum,0,6,15,22548
מכפלה,מכפלה,sepulcrum,3,6,69,22548
מכפלה,מכפלה,tropaeum,0,6,0,22548
מכפלה,מכפלה,spelunca,5,6,36,22548
מכפלה,מכפלה,antrum,0,6,5,22548
מכפלה,מכפלה,specus,0,6,3,22548
מכר,מכר,uendo,49,74,61,22548
מכר,מכר,restituo,0,74,39,22548
מכר,מכר,soluo,0,74,36,22548
מכר,מכר,trado,12,74,321,22548
מכר,מכר,redeo,0,74,30,22548
מכר,מכר,reuorto,0,74,75,22548
מכר,מכר,stipendium,0,74,0,22548
מכר,מכר,libero,0,74,139,22548
מכר,מכר,reddo,2,74,173,22548
מכר,מכר,uenumdo,0,74,0,22548
מכרו,מכרו,uendo,0,0,61,22548
מכרו,מכרו,restituo,0,0,39,22548
מכרו,מכרו,soluo,0,0,36,22548
מכרו,מכרו,trado,0,0,321,22548
מכרו,מכרו,redeo,0,0,30,22548
מכרו,מכרו,reuorto,0,0,75,22548
מכרו,מכרו,stipendium,0,0,0,22548
מכרו,מכרו,libero,0,0,139,22548
מכרו,מכרו,reddo,0,0,173,22548
מכרתמ,מכרתם,uendo,0,0,61,22548
מכרתמ,מכרתם,restituo,0,0,39,22548
מכרתמ,מכרתם,soluo,0,0,36,22548
מכרתמ,מכרתם,trado,0,0,321,22548
מכרתמ,מכרתם,redeo,0,0,30,22548
מכרתמ,מכרתם,reuorto,0,0,75,22548
מכרתמ,מכרתם,stipendium,0,0,0,22548
מכרתמ,מכרתם,libero,0,0,139,22548
מכרתמ,מכרתם,reddo,0,0,173,22548
מכשול,מכשול,iniquitas,7,14,339,22548
מכשול,מכשול,iniustus,0,14,4,22548
מכשול,מכשול,poena,0,14,5,22548
מכשול,מכשול,supplicium,0,14,1,22548
מכשול,מכשול,tentus,0,14,0,22548
מכת,מכת,plaga,0,0,187,22548
מכת,מכת,uulnus,0,0,25,22548
מכת,מכת,ictus,0,0,2,22548
מכתב,מכתב,epistula,0,8,26,22548
מכתב,מכתב,scribo,2,8,200,22548
מכתב,מכתב,liber,0,8,177,22548
מכתב,מכתב,littera,1,8,29,22548
מכתב,מכתב,pictura,0,8,3,22548
מכתב,מכתב,scriptura,4,8,8,22548
מלא,מלא,postulo,0,332,39,22548
מלא,מלא,uolo,3,332,226,22548
מלא,מלא,exspecto,0,332,36,22548
מלא,מלא,quaero,1,332,249,22548
מלא,מלא,rogo,0,332,51,22548
מלא,מלא,posco,0,332,0,22548
מלא,מלא,cupiditas,0,332,1,22548
מלא,מלא,peto,0,332,48,22548
מלא,מלא,cupio,1,332,15,22548
מלא,מלא,interrogo,0,332,79,22548
מלא,מלא,impleo,97,332,171,22548
מלא,מלא,compleo,6,332,35,22548
מלא,מלא,repleo,49,332,77,22548
מלא,מלא,plenus,78,332,117,22548
מלא,מלא,suppleo,0,332,0,22548
מלאה,מלאה,impleo,0,4,171,22548
מלאה,מלאה,compleo,0,4,35,22548
מלאה,מלאה,repleo,0,4,77,22548
מלאה,מלאה,plenus,0,4,117,22548
מלאו,מלאו,impleo,0,0,171,22548
מלאו,מלאו,compleo,0,0,35,22548
מלאו,מלאו,repleo,0,0,77,22548
מלאימ,מלאים,plenus,0,15,117,22548
מלאך,מלאך,nuntius,77,195,112,22548
מלאך,מלאך,legatus,2,195,8,22548
מלאך,מלאך,angelus,94,195,101,22548
מלאכ,מלאך,nuntius,77,195,112,22548
מלאכ,מלאך,legatus,2,195,8,22548
מלאכ,מלאך,angelus,94,195,101,22548
מלאכה,מלאכה,negotior,0,91,2,22548
מלאכה,מלאכה,opus,60,91,417,22548
מלאכה,מלאכה,facinus,0,91,2,22548
מלאכה,מלאכה,res,0,91,159,22548
מלאכה,מלאכה,negotium,0,91,12,22548
מלאכה,מלאכה,opero,0,91,7,22548
מלאכה,מלאכה,septimus,10,91,112,22548
מלאכי,מלאכי,nuntius,0,0,112,22548
מלאכי,מלאכי,legatus,0,0,8,22548
מלאכי,מלאכי,angelus,0,0,101,22548
מלאכימ,מלאכים,nuntius,0,0,112,22548
מלאכימ,מלאכים,legatus,0,0,8,22548
מלאכימ,מלאכים,angelus,0,0,101,22548
מלאכת,מלאכת,negotior,0,59,2,22548
מלאכת,מלאכת,opus,43,59,417,22548
מלאכת,מלאכת,facinus,0,59,2,22548
מלאכת,מלאכת,res,0,59,159,22548
מלאכת,מלאכת,negotium,0,59,12,22548
מלאכת,מלאכת,opero,2,59,7,22548
מלאכת,מלאכת,uniuersus,3,59,766,22548
מלאכת,מלאכת,dux,1,59,155,22548
מלאכת,מלאכת,imperator,0,59,1,22548
מלאכת,מלאכת,sepiola,0,59,0,22548
מלאכת,מלאכת,totus,0,59,177,22548
מלאכת,מלאכת,sepia,0,59,1,22548
מלאכת,מלאכת,septimus,6,59,112,22548
מלאת,מלאת,plenus,1,1,117,22548
מלבן,מלבן,later,1,3,5,22548
מלבן,מלבן,testaceus,0,3,1,22548
מלה,מלה,causa,1,47,85,22548
מלה,מלה,argumentum,0,47,1,22548
מלה,מלה,contio,0,47,3,22548
מלה,מלה,tabula,0,47,57,22548
מלה,מלה,fabula,0,47,2,22548
מלה,מלה,ob,1,47,67,22548
מלה,מלה,ratio,0,47,11,22548
מלה,מלה,uerbi,0,47,0,22548
מלה,מלה,oratio,0,47,64,22548
מלה,מלה,uerbum,13,47,712,22548
מלה,מלה,sermo,20,47,429,22548
מלה,מלה,uox,2,47,345,22548
מלוא,מלוא,uertex,0,10,44,22548
מלוא,מלוא,suppleo,0,10,0,22548
מלוא,מלוא,ripa,0,10,17,22548
מלוא,מלוא,agger,0,10,9,22548
מלוא,מלוא,tumulus,0,10,22,22548
מלוכה,מלוכה,regnum,18,23,213,22548
מלוכה,מלוכה,palatium,0,23,27,22548
מלוכה,מלוכה,regina,0,23,40,22548
מלוכה,מלוכה,rex,7,23,1935,22548
מלוכה,מלוכה,tyrannus,1,23,7,22548
מלוכה,מלוכה,dominus,7,23,5912,22548
מלוכה,מלוכה,princeps,1,23,610,22548
מלוכה,מלוכה,regis,0,23,0,22548
מלוכה,מלוכה,regem,0,23,0,22548
מלוכה,מלוכה,regi,0,23,0,22548
מלח,מלח,iaceo,0,40,38,22548
מלח,מלח,capio,2,40,207,22548
מלח,מלח,corripio,0,40,24,22548
מלח,מלח,salinator,0,40,0,22548
מלח,מלח,mare,13,40,295,22548
מלח,מלח,sal,15,40,24,22548
מלח,מלח,pontus,0,40,3,22548
מלח,מלח,sale,0,40,0,22548
מלח,מלח,equidem,0,40,3,22548
מלח,מלח,conuerto,0,40,187,22548
מלח,מלח,uerto,1,40,88,22548
מלח,מלח,dos,0,40,4,22548
מלח,מלח,pars,2,40,332,22548
מלח,מלח,termino,0,40,2,22548
מלחמה,מלחמה,bellor,11,292,17,22548
מלחמה,מלחמה,pugno,21,292,133,22548
מלחמה,מלחמה,gero,1,292,27,22548
מלחמה,מלחמה,bellum,95,292,134,22548
מלחמה,מלחמה,militaris,0,292,0,22548
מלחמה,מלחמה,bellicus,3,292,6,22548
מלחמה,מלחמה,duellis,0,292,0,22548
מלחמה,מלחמה,mars,0,292,0,22548
מלחמה,מלחמה,arma,4,292,33,22548
מלחמה,מלחמה,acies,13,292,27,22548
מלחמה,מלחמה,bello,1,292,6,22548
מלחמה,מלחמה,pugna,19,292,33,22548
מלחמה,מלחמה,belli,0,292,0,22548
מלחמה,מלחמה,proelium,81,292,104,22548
מלחמות,מלחמות,bellum,0,0,134,22548
מלחמות,מלחמות,mars,0,0,0,22548
מלחמות,מלחמות,arma,0,0,33,22548
מלחמות,מלחמות,acies,0,0,27,22548
מלחמות,מלחמות,bello,0,0,6,22548
מלחמות,מלחמות,pugna,0,0,33,22548
מלחמות,מלחמות,belli,0,0,0,22548
מלחמות,מלחמות,proelium,0,0,104,22548
מלחמת,מלחמת,bellor,1,11,17,22548
מלחמת,מלחמת,pugno,2,11,133,22548
מלחמת,מלחמת,gero,0,11,27,22548
מלחמת,מלחמת,bellum,0,11,134,22548
מלחמת,מלחמת,mars,0,11,0,22548
מלחמת,מלחמת,arma,3,11,33,22548
מלחמת,מלחמת,acies,0,11,27,22548
מלחמת,מלחמת,bello,0,11,6,22548
מלחמת,מלחמת,pugna,0,11,33,22548
מלחמת,מלחמת,belli,0,11,0,22548
מלחמת,מלחמת,proelium,2,11,104,22548
מלחמת,מלחמת,uasum,0,11,0,22548
מלחמת,מלחמת,nauis,0,11,27,22548
מלחמת,מלחמת,impedimentum,0,11,1,22548
מלחמת,מלחמת,uas,0,11,188,22548
מלט,מלט,seruo,0,83,66,22548
מלט,מלט,conseruo,0,83,5,22548
מלט,מלט,tueor,0,83,6,22548
מלט,מלט,saluus,4,83,64,22548
מלט,מלט,salus,3,83,95,22548
מלט,מלט,libero,8,83,139,22548
מלט,מלט,retineo,0,83,11,22548
מלט,מלט,saluo,21,83,105,22548
מלי,מלי,causa,0,0,85,22548
מלי,מלי,argumentum,0,0,1,22548
מלי,מלי,contio,0,0,3,22548
מלי,מלי,tabula,0,0,57,22548
מלי,מלי,fabula,0,0,2,22548
מלי,מלי,ob,0,0,67,22548
מלי,מלי,ratio,0,0,11,22548
מלי,מלי,uerbi,0,0,0,22548
מלי,מלי,oratio,0,0,64,22548
מלי,מלי,uerbum,0,0,712,22548
מלי,מלי,sermo,0,0,429,22548
מלי,מלי,uox,0,0,345,22548
מלינ,מלין,causa,0,0,85,22548
מלינ,מלין,argumentum,0,0,1,22548
מלינ,מלין,contio,0,0,3,22548
מלינ,מלין,tabula,0,0,57,22548
מלינ,מלין,fabula,0,0,2,22548
מלינ,מלין,ob,0,0,67,22548
מלינ,מלין,ratio,0,0,11,22548
מלינ,מלין,uerbi,0,0,0,22548
מלינ,מלין,oratio,0,0,64,22548
מלינ,מלין,uerbum,0,0,712,22548
מלינ,מלין,sermo,0,0,429,22548
מלינ,מלין,uox,0,0,345,22548
מליצה,מליצה,sermo,0,1,429,22548
מליצה,מליצה,uerbum,1,1,712,22548
מלך,מלך,rex,1855,2160,1935,22548
מלך,מלך,dominus,551,2160,5912,22548
מלך,מלך,princeps,157,2160,610,22548
מלך,מלך,erus,0,2160,0,22548
מלך,מלך,dux,35,2160,155,22548
מלך,מלך,regis,0,2160,0,22548
מלך,מלך,tyrannus,4,2160,7,22548
מלך,מלך,regem,0,2160,0,22548
מלך,מלך,regi,0,2160,0,22548
מלך,מלך,regno,208,2160,216,22548
מלכ,מלך,praetor,0,2160,0,22548
מלכ,מלך,regnum,78,2160,213,22548
מלכ,מלך,palatium,24,2160,27,22548
מלכ,מלך,regina,28,2160,40,22548
מלכ,מלך,rex,1855,2160,1935,22548
מלכ,מלך,tyrannus,4,2160,7,22548
מלכ,מלך,dominus,551,2160,5912,22548
מלכ,מלך,princeps,157,2160,610,22548
מלכ,מלך,regis,0,2160,0,22548
מלכ,מלך,regem,0,2160,0,22548
מלכ,מלך,regi,0,2160,0,22548
מלכ,מלך,regno,208,2160,216,22548
מלכ,מלך,auctoritas,0,2160,1,22548
מלכ,מלך,erus,0,2160,0,22548
מלכ,מלך,potestas,8,2160,42,22548
מלכדת,מלכדת,dolus,0,1,19,22548
מלכדת,מלכדת,astus,0,1,1,22548
מלכו,מלכו,imperium,1,9,59,22548
מלכו,מלכו,principium,0,9,57,22548
מלכו,מלכו,initium,0,9,24,22548
מלכו,מלכו,magistratus,0,9,19,22548
מלכו,מלכו,regnum,9,9,213,22548
מלכו,מלכו,honor,0,9,17,22548
מלכו,מלכו,ratio,0,9,11,22548
מלכו,מלכו,officium,0,9,30,22548
מלכו,מלכו,potestas,0,9,42,22548
מלכו,מלכו,uis,0,9,73,22548
מלכו,מלכו,primus,0,9,161,22548
מלכו,מלכו,palatium,0,9,27,22548
מלכו,מלכו,regina,0,9,40,22548
מלכות,מלכות,regnum,58,72,213,22548
מלכות,מלכות,palatium,3,72,27,22548
מלכות,מלכות,regina,3,72,40,22548
מלכות,מלכות,regius,2,72,14,22548
מלכות,מלכות,rex,35,72,1935,22548
מלכות,מלכות,tyrannus,0,72,7,22548
מלכות,מלכות,dominus,14,72,5912,22548
מלכות,מלכות,princeps,6,72,610,22548
מלכות,מלכות,regis,0,72,0,22548
מלכות,מלכות,regem,0,72,0,22548
מלכות,מלכות,regi,0,72,0,22548
מלכי,מלכי,rex,0,0,1935,22548
מלכי,מלכי,tyrannus,0,0,7,22548
מלכי,מלכי,dominus,0,0,5912,22548
מלכי,מלכי,princeps,0,0,610,22548
מלכי,מלכי,regis,0,0,0,22548
מלכי,מלכי,regem,0,0,0,22548
מלכי,מלכי,regi,0,0,0,22548
מלכיות,מלכיות,rex,0,0,1935,22548
מלכיות,מלכיות,tyrannus,0,0,7,22548
מלכיות,מלכיות,dominus,0,0,5912,22548
מלכיות,מלכיות,princeps,0,0,610,22548
מלכיות,מלכיות,regis,0,0,0,22548
מלכיות,מלכיות,regem,0,0,0,22548
מלכיות,מלכיות,regi,0,0,0,22548
מלכימ,מלכים,rex,0,0,1935,22548
מלכימ,מלכים,tyrannus,0,0,7,22548
מלכימ,מלכים,dominus,0,0,5912,22548
מלכימ,מלכים,princeps,0,0,610,22548
מלכימ,מלכים,regis,0,0,0,22548
מלכימ,מלכים,regem,0,0,0,22548
מלכימ,מלכים,regi,0,0,0,22548
מלכינ,מלכין,rex,0,0,1935,22548
מלכינ,מלכין,tyrannus,0,0,7,22548
מלכינ,מלכין,dominus,0,0,5912,22548
מלכינ,מלכין,princeps,0,0,610,22548
מלכינ,מלכין,regis,0,0,0,22548
מלכינ,מלכין,regem,0,0,0,22548
מלכינ,מלכין,regi,0,0,0,22548
מלכמ,מלכם,rex,1,3,1935,22548
מלכמ,מלכם,tyrannus,0,3,7,22548
מלכמ,מלכם,dominus,0,3,5912,22548
מלכמ,מלכם,princeps,0,3,610,22548
מלכמ,מלכם,regis,0,3,0,22548
מלכמ,מלכם,regem,0,3,0,22548
מלכמ,מלכם,regi,0,3,0,22548
מלכת,מלכת,flamina,0,5,0,22548
מלל,מלל,circumcido,2,13,27,22548
מלל,מלל,deseco,0,13,0,22548
מלל,מלל,proseco,0,13,0,22548
מלמד,מלמד,doceo,0,1,122,22548
מלמד,מלמד,ostendo,0,1,147,22548
מלמד,מלמד,certus,0,1,10,22548
מלמד,מלמד,disco,0,1,40,22548
מלצר,מלצר,procurator,0,2,3,22548
מלצר,מלצר,tutor,0,2,0,22548
מלצר,מלצר,custos,0,2,73,22548
מלצר,מלצר,uilicus,0,2,0,22548
מלצר,מלצר,curator,0,2,0,22548
מלצר,מלצר,praesidium,0,2,26,22548
מלקוח,מלקוח,spolium,0,7,33,22548
מלקוח,מלקוח,exuuiae,0,7,1,22548
מלקוח,מלקוח,praeda,4,7,75,22548
מלקוש,מלקוש,serotinus,8,8,12,22548
מלקוש,מלקוש,nuperus,0,8,0,22548
מלקוש,מלקוש,pluuia,4,8,43,22548
מלת,מלת,causa,0,0,85,22548
מלת,מלת,argumentum,0,0,1,22548
מלת,מלת,contio,0,0,3,22548
מלת,מלת,tabula,0,0,57,22548
מלת,מלת,fabula,0,0,2,22548
מלת,מלת,ob,0,0,67,22548
מלת,מלת,ratio,0,0,11,22548
מלת,מלת,uerbi,0,0,0,22548
מלת,מלת,oratio,0,0,64,22548
מלת,מלת,uerbum,0,0,712,22548
מלת,מלת,sermo,0,0,429,22548
מלת,מלת,uox,0,0,345,22548
מלת,מלת,imperatus,0,0,0,22548
ממזר,ממזר,spurius,0,2,2,22548
ממכר,ממכר,uendo,7,10,61,22548
ממכר,ממכר,restituo,0,10,39,22548
ממכר,ממכר,soluo,0,10,36,22548
ממכר,ממכר,trado,0,10,321,22548
ממכר,ממכר,redeo,1,10,30,22548
ממכר,ממכר,reuorto,1,10,75,22548
ממכר,ממכר,stipendium,0,10,0,22548
ממכר,ממכר,libero,0,10,139,22548
ממכר,ממכר,reddo,2,10,173,22548
ממכר,ממכר,uenalis,1,10,3,22548
ממכרת,ממכרת,uenalis,0,1,3,22548
ממלכה,ממלכה,imperium,1,87,59,22548
ממלכה,ממלכה,principium,0,87,57,22548
ממלכה,ממלכה,initium,1,87,24,22548
ממלכה,ממלכה,magistratus,0,87,19,22548
ממלכה,ממלכה,regnum,73,87,213,22548
ממלכה,ממלכה,honor,0,87,17,22548
ממלכה,ממלכה,ratio,0,87,11,22548
ממלכה,ממלכה,officium,0,87,30,22548
ממלכה,ממלכה,potestas,1,87,42,22548
ממלכה,ממלכה,uis,0,87,73,22548
ממלכה,ממלכה,primus,0,87,161,22548
ממלכה,ממלכה,palatium,0,87,27,22548
ממלכה,ממלכה,regina,0,87,40,22548
ממלכה,ממלכה,lex,1,87,252,22548
ממלכה,ממלכה,ius,0,87,37,22548
ממלכה,ממלכה,mos,0,87,28,22548
ממלכה,ממלכה,consuetudo,0,87,12,22548
ממלכה,ממלכה,caerimonia,0,87,61,22548
ממלכה,ממלכה,legitimus,0,87,28,22548
ממלכה,ממלכה,pascuus,0,87,0,22548
ממלכות,ממלכות,imperium,0,9,59,22548
ממלכות,ממלכות,principium,2,9,57,22548
ממלכות,ממלכות,initium,0,9,24,22548
ממלכות,ממלכות,magistratus,0,9,19,22548
ממלכות,ממלכות,regnum,8,9,213,22548
ממלכות,ממלכות,honor,0,9,17,22548
ממלכות,ממלכות,ratio,0,9,11,22548
ממלכות,ממלכות,officium,0,9,30,22548
ממלכות,ממלכות,potestas,0,9,42,22548
ממלכות,ממלכות,uis,0,9,73,22548
ממלכות,ממלכות,primus,0,9,161,22548
ממלכות,ממלכות,palatium,0,9,27,22548
ממלכות,ממלכות,regina,0,9,40,22548
ממלכות,ממלכות,rex,5,9,1935,22548
ממלכות,ממלכות,tyrannus,0,9,7,22548
ממלכות,ממלכות,dominus,4,9,5912,22548
ממלכות,ממלכות,princeps,1,9,610,22548
ממלכות,ממלכות,regis,0,9,0,22548
ממלכות,ממלכות,regem,0,9,0,22548
ממלכות,ממלכות,regi,0,9,0,22548
ממלכת,ממלכת,imperium,0,24,59,22548
ממלכת,ממלכת,principium,3,24,57,22548
ממלכת,ממלכת,initium,0,24,24,22548
ממלכת,ממלכת,magistratus,0,24,19,22548
ממלכת,ממלכת,regnum,22,24,213,22548
ממלכת,ממלכת,honor,0,24,17,22548
ממלכת,ממלכת,ratio,0,24,11,22548
ממלכת,ממלכת,officium,0,24,30,22548
ממלכת,ממלכת,potestas,1,24,42,22548
ממלכת,ממלכת,uis,0,24,73,22548
ממלכת,ממלכת,primus,1,24,161,22548
ממלכת,ממלכת,palatium,0,24,27,22548
ממלכת,ממלכת,regina,0,24,40,22548
ממעיט,ממעיט,paruus,0,0,104,22548
ממעיט,ממעיט,minoro,0,0,0,22548
ממרא,ממרא,quercus,0,10,20,22548
ממרא,ממרא,robur,0,10,46,22548
ממרא,ממרא,ilex,0,10,1,22548
ממרא,ממרא,ager,5,10,214,22548
ממרא,ממרא,fundus,0,10,3,22548
ממרא,ממרא,campus,0,10,26,22548
ממרא,ממרא,praedium,0,10,0,22548
ממרא,ממרא,uilla,0,10,38,22548
ממרא,ממרא,spelunca,4,10,36,22548
ממרא,ממרא,antrum,0,10,5,22548
ממרא,ממרא,specus,0,10,3,22548
ממשל,ממשל,imperium,0,1,59,22548
ממשל,ממשל,praecipio,0,1,448,22548
ממשל,ממשל,magistratus,0,1,19,22548
ממשלה,ממשלה,imperium,0,2,59,22548
ממשלה,ממשלה,praecipio,0,2,448,22548
ממשלה,ממשלה,magistratus,0,2,19,22548
ממשלות,ממשלות,auctoritas,0,0,1,22548
ממשלות,ממשלות,licentia,0,0,3,22548
ממשלות,ממשלות,uis,0,0,73,22548
ממשלות,ממשלות,imperium,0,0,59,22548
ממשלות,ממשלות,potestas,0,0,42,22548
ממשלת,ממשלת,imperium,0,12,59,22548
ממשלת,ממשלת,principium,0,12,57,22548
ממשלת,ממשלת,initium,0,12,24,22548
ממשלת,ממשלת,magistratus,1,12,19,22548
ממשלת,ממשלת,regnum,2,12,213,22548
ממשלת,ממשלת,honor,0,12,17,22548
ממשלת,ממשלת,ratio,0,12,11,22548
ממשלת,ממשלת,officium,0,12,30,22548
ממשלת,ממשלת,potestas,10,12,42,22548
ממשלת,ממשלת,uis,0,12,73,22548
ממשלת,ממשלת,primus,0,12,161,22548
ממשלת,ממשלת,auctoritas,0,12,1,22548
ממשלת,ממשלת,licentia,0,12,3,22548
ממשלת,ממשלת,praecipio,0,12,448,22548
מנ,מן,etenim,0,1215,7,22548
מנ,מן,uerus,3,1215,36,22548
מנ,מן,hercules,0,1215,0,22548
מנ,מן,ueritas,5,1215,113,22548
מנ,מן,frons,1,1215,45,22548
מנ,מן,praeduco,0,1215,0,22548
מנ,מן,unus,60,1215,586,22548
מנ,מן,alienus,8,1215,158,22548
מנ,מן,aliter,0,1215,6,22548
מנ,מן,quisquam,22,1215,119,22548
מנ,מן,alius,17,1215,217,22548
מנ,מן,alter,17,1215,212,22548
מנ,מן,sisto,0,1215,0,22548
מנ,מן,sto,17,1215,425,22548
מנ,מן,constituo,17,1215,186,22548
מנ,מן,erigo,3,1215,60,22548
מנ,מן,gingiua,0,1215,0,22548
מנ,מן,equidem,0,1215,3,22548
מנ,מן,conuerto,8,1215,187,22548
מנ,מן,uerto,6,1215,88,22548
מנ,מן,dos,0,1215,4,22548
מנ,מן,pars,38,1215,332,22548
מנ,מן,medius,27,1215,489,22548
מנ,מן,medion,0,1215,0,22548
מנ,מן,centrum,0,1215,0,22548
מנ,מן,medio,0,1215,0,22548
מנ,מן,mensis,7,1215,208,22548
מנ,מן,totus,7,1215,177,22548
מנ,מן,uniuersus,44,1215,766,22548
מנ,מן,cunctus,27,1215,551,22548
מנ,מן,omnis,176,1215,3087,22548
מנ,מן,uultus,6,1215,82,22548
מנ,מן,facies,41,1215,497,22548
מנ,מן,os,30,1215,459,22548
מנ,מן,ora,0,1215,8,22548
מנ,מן,persona,1,1215,13,22548
מנ,מן,filius,183,1215,3345,22548
מנ,מן,natus,0,1215,2,22548
מנ,מן,gnatus,0,1215,0,22548
מנ,מן,progenies,0,1215,12,22548
מנ,מן,proles,0,1215,0,22548
מנ,מן,nascor,3,1215,103,22548
מנ,מן,filium,0,1215,0,22548
מנ,מן,filii,0,1215,0,22548
מנ,מן,filio,0,1215,0,22548
מנא,מנא,mina,0,0,1,22548
מנדע,מנדע,mens,0,1,38,22548
מנדע,מנדע,animus,0,1,39,22548
מנדע,מנדע,pectus,0,1,8,22548
מנדע,מנדע,cor,0,1,642,22548
מנדע,מנדע,mentis,0,1,0,22548
מנה,מנה,pernumero,0,48,0,22548
מנה,מנה,factio,0,48,1,22548
מנה,מנה,iubeo,1,48,75,22548
מנה,מנה,praecipio,3,48,448,22548
מנה,מנה,ordo,0,48,56,22548
מנה,מנה,imperium,0,48,59,22548
מנה,מנה,impero,0,48,49,22548
מנוח,מנוח,requies,4,20,49,22548
מנוח,מנוח,conquiesco,0,20,4,22548
מנוח,מנוח,nuntius,0,20,112,22548
מנוח,מנוח,legatus,0,20,8,22548
מנוח,מנוח,angelus,6,20,101,22548
מנוח,מנוח,perrarus,0,20,0,22548
מנוחה,מנוחה,requies,11,22,49,22548
מנוחה,מנוחה,conquiesco,0,22,4,22548
מנוחה,מנוחה,interquiesco,0,22,0,22548
מנוחת,מנוחת,interquiesco,0,0,0,22548
מנוס,מנוס,confugio,0,8,15,22548
מנוס,מנוס,profugio,0,8,7,22548
מנוס,מנוס,confugium,0,8,6,22548
מנוס,מנוס,refugium,3,8,5,22548
מנוסה,מנוסה,uerto,0,2,88,22548
מנוסה,מנוסה,flecto,0,2,11,22548
מנוסה,מנוסה,auerto,0,2,85,22548
מנוסה,מנוסה,torqueo,0,2,16,22548
מנוסה,מנוסה,fuga,1,2,14,22548
מנוסה,מנוסה,conuerto,0,2,187,22548
מנוסה,מנוסה,fugio,1,2,238,22548
מנוסה,מנוסה,effugio,0,2,23,22548
מנוסה,מנוסה,exsilium,0,2,0,22548
מנוסה,מנוסה,profugio,0,2,7,22548
מנוסה,מנוסה,uito,0,2,2,22548
מנוסה,מנוסה,exsul,0,2,0,22548
מנור,מנור,respondeo,0,4,541,22548
מנור,מנור,contra,1,4,685,22548
מנורה,מנורה,lychnuchus,0,31,0,22548
מנורה,מנורה,quadraginta,0,31,116,22548
מנורה,מנורה,quattuor,2,31,161,22548
מנורה,מנורה,mensa,8,31,63,22548
מנורה,מנורה,ripa,0,31,17,22548
מנורה,מנורה,tabula,0,31,57,22548
מנחה,מנחה,donum,1,193,25,22548
מנחה,מנחה,munus,40,193,91,22548
מנחה,מנחה,praemium,0,193,3,22548
מנחה,מנחה,praesens,0,193,76,22548
מנחה,מנחה,datus,0,193,0,22548
מנחה,מנחה,sacrificium,106,193,152,22548
מנחה,מנחה,immolo,4,193,149,22548
מנחה,מנחה,sacrifico,2,193,52,22548
מנחה,מנחה,uictima,14,193,109,22548
מנחה,מנחה,hospes,0,193,0,22548
מנחה,מנחה,hospitium,0,193,4,22548
מנחה,מנחה,foedus,0,193,88,22548
מנחה,מנחה,pax,0,193,173,22548
מנחה,מנחה,libatio,4,193,6,22548
מנחה,מנחה,indutiae,0,193,0,22548
מנחה,מנחה,oleum,47,193,174,22548
מנחה,מנחה,olearius,0,193,0,22548
מנחה,מנחה,olearis,0,193,0,22548
מנחת,מנחת,sacrificium,0,3,152,22548
מנחת,מנחת,immolo,0,3,149,22548
מנחת,מנחת,sacrifico,0,3,52,22548
מנחת,מנחת,uictima,0,3,109,22548
מני,מני,constituo,0,1,186,22548
מני,מני,pono,1,1,697,22548
מני,מני,fatum,0,1,0,22548
מני,מני,sors,0,1,82,22548
מני,מני,parca,0,1,0,22548
מני,מני,pars,0,1,332,22548
מני,מני,dos,0,1,4,22548
מני,מני,fati,0,1,0,22548
מני,מני,mors,0,1,197,22548
מני,מני,sortitus,0,1,0,22548
מנין,מנין,multitudo,0,1,267,22548
מנין,מנין,numero,0,1,73,22548
מנין,מנין,numerus,1,1,149,22548
מנין,מנין,turba,0,1,30,22548
מנין,מנין,populus,0,1,1560,22548
מנין,מנין,plebs,0,1,19,22548
מנעול,מנעול,cincinnus,0,6,2,22548
מנעול,מנעול,coma,0,6,9,22548
מנעול,מנעול,crinis,0,6,7,22548
מנעול,מנעול,capillus,0,6,21,22548
מנעול,מנעול,caesaries,0,6,4,22548
מנעול,מנעול,come,0,6,0,22548
מנעול,מנעול,comae,0,6,0,22548
מנעול,מנעול,cincinnatus,0,6,0,22548
מנעל,מנעל,cincinnus,0,0,2,22548
מנעל,מנעל,coma,0,0,9,22548
מנעל,מנעל,crinis,0,0,7,22548
מנעל,מנעל,capillus,0,0,21,22548
מנעל,מנעל,caesaries,0,0,4,22548
מנעל,מנעל,come,0,0,0,22548
מנעל,מנעל,comae,0,0,0,22548
מנעל,מנעל,cincinnatus,0,0,0,22548
מנצח,מנצח,finis,0,0,137,22548
מנצח,מנצח,exitus,0,0,17,22548
מנצח,מנצח,euentus,0,0,2,22548
מנצח,מנצח,legio,0,0,3,22548
מנצח,מנצח,extremus,0,0,62,22548
מנצח,מנצח,posterus,0,0,25,22548
מנצח,מנצח,denique,0,0,4,22548
מנצח,מנצח,nouissimus,0,0,94,22548
מנקית,מנקית,crater,0,4,1,22548
מנקית,מנקית,poculum,0,4,6,22548
מנקית,מנקית,uillum,0,4,0,22548
מנקית,מנקית,patera,0,4,0,22548
מנקית,מנקית,phiala,0,4,0,22548
מנקית,מנקית,calix,0,4,23,22548
מנשה,מנשה,dimidius,20,133,44,22548
מנשה,מנשה,dimidio,0,133,2,22548
מנשה,מנשה,semifer,0,133,0,22548
מנשה,מנשה,dimidium,3,133,17,22548
מנת,מנת,factio,0,8,1,22548
מנת,מנת,equidem,0,8,3,22548
מנת,מנת,conuerto,0,8,187,22548
מנת,מנת,uerto,0,8,88,22548
מנת,מנת,dos,0,8,4,22548
מנת,מנת,pars,6,8,332,22548
מנת,מנת,fatum,0,8,0,22548
מנת,מנת,sors,2,8,82,22548
מנת,מנת,parca,0,8,0,22548
מנת,מנת,fati,0,8,0,22548
מס,מס,pabulatio,0,21,0,22548
מס,מס,tributum,6,21,16,22548
מס,מס,uectigal,0,21,5,22548
מס,מס,ferax,0,21,0,22548
מס,מס,tributarius,9,21,9,22548
מס,מס,cybaeus,0,21,0,22548
מסבה,מסבה,circulus,0,1,28,22548
מסבה,מסבה,orbis,1,1,39,22548
מסגרת,מסגרת,defensa,0,14,0,22548
מסגרת,מסגרת,balteus,0,14,16,22548
מסגרת,מסגרת,phalangae,0,14,0,22548
מסד,מסד,fundamentum,1,1,39,22548
מסד,מסד,fundamen,0,1,0,22548
מסה,מסה,tentatio,0,14,0,22548
מסוה,מסוה,obnubo,0,3,0,22548
מסך,מסך,protectus,0,31,0,22548
מסך,מסך,opertus,0,31,7,22548
מסך,מסך,iudicium,0,31,361,22548
מסך,מסך,atrium,6,31,100,22548
מסך,מסך,aula,0,31,3,22548
מסך,מסך,obnubo,0,31,0,22548
מסך,מסך,uasum,0,31,0,22548
מסך,מסך,nauis,0,31,27,22548
מסך,מסך,impedimentum,0,31,1,22548
מסך,מסך,uas,5,31,188,22548
מסכ,מסך,obnubo,0,31,0,22548
מסכ,מסך,uelaris,0,31,0,22548
מסכה,מסכה,fusilis,0,28,10,22548
מסכן,מסכן,pauper,3,3,150,22548
מסכן,מסכן,miser,0,3,7,22548
מסכן,מסכן,inops,0,3,13,22548
מסכן,מסכן,paupertinus,0,3,0,22548
מסכנת,מסכנת,uolo,0,1,226,22548
מסכנת,מסכנת,difficultas,0,1,2,22548
מסכנת,מסכנת,egestas,0,1,23,22548
מסכנת,מסכנת,uix,0,1,5,22548
מסכנת,מסכנת,paupertas,0,1,8,22548
מסכנת,מסכנת,difficilis,0,1,13,22548
מסכנת,מסכנת,miser,0,1,7,22548
מסכנת,מסכנת,pauper,0,1,150,22548
מסכנת,מסכנת,inopia,0,1,11,22548
מסלה,מסלה,uia,19,26,601,22548
מסלה,מסלה,iter,2,26,78,22548
מסלה,מסלה,semita,7,26,81,22548
מסלה,מסלה,modus,0,26,46,22548
מסלה,מסלה,orbita,0,26,0,22548
מסלה,מסלה,frictio,0,26,0,22548
מסלה,מסלה,ager,4,26,214,22548
מסלה,מסלה,fundus,0,26,3,22548
מסלה,מסלה,campus,0,26,26,22548
מסלה,מסלה,praedium,0,26,0,22548
מסלה,מסלה,uilla,0,26,38,22548
מסלות,מסלות,uia,0,0,601,22548
מסלות,מסלות,iter,0,0,78,22548
מסלות,מסלות,semita,0,0,81,22548
מסלות,מסלות,modus,0,0,46,22548
מסלת,מסלת,uia,0,0,601,22548
מסלת,מסלת,iter,0,0,78,22548
מסלת,מסלת,semita,0,0,81,22548
מסלת,מסלת,modus,0,0,46,22548
מסמר,מסמר,ungula,0,3,21,22548
מסס,מסס,tabeo,0,20,0,22548
מסע,מסע,insitium,0,12,0,22548
מספד,מספד,circumfremo,0,14,0,22548
מספד,מספד,perstrepo,0,14,1,22548
מספד,מספד,caedo,0,14,68,22548
מספד,מספד,ferio,0,14,19,22548
מספד,מספד,pulto,0,14,1,22548
מספד,מספד,luctus,3,14,20,22548
מספד,מספד,maeror,0,14,12,22548
מספד,מספד,dolor,0,14,77,22548
מספוא,מספוא,pabulatorius,0,5,0,22548
מספוא,מספוא,pastus,0,5,6,22548
מספוא,מספוא,apluda,0,5,0,22548
מספוא,מספוא,asininus,0,5,0,22548
מספוא,מספוא,asina,0,5,24,22548
מספוא,מספוא,asinus,2,5,96,22548
מספחת,מספחת,cutis,1,3,22,22548
מספחת,מספחת,pellis,0,3,45,22548
מספחת,מספחת,corium,0,3,1,22548
מספחת,מספחת,tergus,0,3,0,22548
מספחת,מספחת,abscondo,0,3,141,22548
מספחת,מספחת,membrana,0,3,0,22548
מספר,מספר,multitudo,6,125,267,22548
מספר,מספר,numero,11,125,73,22548
מספר,מספר,numerus,62,125,149,22548
מספר,מספר,turba,0,125,30,22548
מספר,מספר,populus,11,125,1560,22548
מספר,מספר,plebs,0,125,19,22548
מספר,מספר,insuper,0,125,50,22548
מספר,מספר,supernus,0,125,0,22548
מסר,מסר,uendo,0,2,61,22548
מסר,מסר,restituo,0,2,39,22548
מסר,מסר,soluo,0,2,36,22548
מסר,מסר,trado,0,2,321,22548
מסר,מסר,redeo,0,2,30,22548
מסר,מסר,reuorto,0,2,75,22548
מסר,מסר,stipendium,0,2,0,22548
מסר,מסר,libero,0,2,139,22548
מסר,מסר,reddo,0,2,173,22548
מסר,מסר,iubeo,0,2,75,22548
מסר,מסר,praecipio,0,2,448,22548
מסר,מסר,ordo,0,2,56,22548
מסר,מסר,imperium,0,2,59,22548
מסר,מסר,impero,0,2,49,22548
מסתור,מסתור,tectum,0,1,43,22548
מסתתר,מסתתר,celo,0,0,45,22548
מסתתר,מסתתר,abscondo,0,0,141,22548
מסתתר,מסתתר,occulo,0,0,1,22548
מסתתר,מסתתר,operio,0,0,159,22548
מע,מע,uterus,0,0,49,22548
מע,מע,praecordia,0,0,1,22548
מעבר,מעבר,altrouorsum,0,3,0,22548
מעבר,מעבר,flumen,0,3,101,22548
מעבר,מעבר,fluuius,0,3,63,22548
מעבר,מעבר,amnis,0,3,4,22548
מעברה,מעברה,traiectus,0,8,0,22548
מעד,מעד,quatio,0,6,1,22548
מעד,מעד,concutio,0,6,19,22548
מעד,מעד,quasso,0,6,1,22548
מעה,מעה,cibus,0,2,99,22548
מעה,מעה,frumentum,0,2,54,22548
מעה,מעה,seges,0,2,18,22548
מעה,מעה,panis,0,2,255,22548
מעה,מעה,frumentarius,0,2,0,22548
מעה,מעה,triticum,0,2,33,22548
מעה,מעה,granum,0,2,2,22548
מעה,מעה,esca,0,2,27,22548
מעו,מעו,uterus,0,0,49,22548
מעו,מעו,praecordia,0,0,1,22548
מעוז,מעוז,uis,0,26,73,22548
מעוז,מעוז,robur,3,26,46,22548
מעוז,מעוז,fortitudo,19,26,232,22548
מעוז,מעוז,potentia,0,26,17,22548
מעוז,מעוז,tutator,0,26,0,22548
מעוז,מעוז,castellum,0,26,3,22548
מעונ,מעון,confugium,0,28,6,22548
מעונ,מעון,refugium,0,28,5,22548
מעז,מעז,uis,0,0,73,22548
מעז,מעז,robur,0,0,46,22548
מעז,מעז,fortitudo,0,0,232,22548
מעז,מעז,potentia,0,0,17,22548
מעז,מעז,multus,0,0,411,22548
מעז,מעז,magnus,0,0,493,22548
מעז,מעז,longus,0,0,36,22548
מעז,מעז,diu,0,0,1,22548
מעז,מעז,procul,0,0,55,22548
מעז,מעז,superus,0,0,1,22548
מעז,מעז,absum,0,0,16,22548
מעז,מעז,summus,0,0,30,22548
מעז,מעז,grandis,0,0,104,22548
מעט,מעט,paruus,13,105,104,22548
מעט,מעט,breuis,2,105,8,22548
מעט,מעט,exiguus,0,105,1,22548
מעט,מעט,paulum,0,105,0,22548
מעט,מעט,modicus,16,105,23,22548
מעט,מעט,paulus,3,105,3,22548
מעט,מעט,paucus,19,105,30,22548
מעט,מעט,paene,3,105,5,22548
מעט,מעט,prope,0,105,30,22548
מעט,מעט,fere,0,105,0,22548
מעי,מעי,uterus,0,2,49,22548
מעי,מעי,praecordia,0,2,1,22548
מעיל,מעיל,uestis,2,27,101,22548
מעיל,מעיל,uestimentum,7,27,138,22548
מעיל,מעיל,pallium,5,27,50,22548
מעיל,מעיל,toga,0,27,0,22548
מעיל,מעיל,tripedalis,0,27,0,22548
מעיל,מעיל,tunica,12,27,38,22548
מעיל,מעיל,tunico,0,27,0,22548
מעיל,מעיל,induo,9,27,76,22548
מעיל,מעיל,inito,0,27,0,22548
מעים,מעים,uterus,13,30,49,22548
מעים,מעים,praecordia,0,30,1,22548
מעין,מעין,bonus,1,21,316,22548
מעין,מעין,ualeo,0,21,38,22548
מעין,מעין,ius,0,21,37,22548
מעין,מעין,puteus,1,21,37,22548
מעין,מעין,bene,0,21,65,22548
מעין,מעין,pulcher,0,21,69,22548
מעין,מעין,formosus,0,21,0,22548
מעין,מעין,nobilis,0,21,17,22548
מעין,מעין,aequus,0,21,22,22548
מעין,מעין,speciosus,0,21,24,22548
מעין,מעין,posterus,0,21,25,22548
מעין,מעין,dexter,0,21,104,22548
מעין,מעין,bellus,0,21,0,22548
מעין,מעין,propterea,0,21,119,22548
מעין,מעין,ideo,0,21,55,22548
מעין,מעין,idcirco,0,21,146,22548
מעין,מעין,propter,0,21,292,22548
מעין,מעין,igitur,0,21,327,22548
מעין,מעין,ergo,1,21,727,22548
מעין,מעין,fons,21,21,70,22548
מעין,מעין,scatebra,0,21,0,22548
מעין,מעין,synagoga,0,21,8,22548
מעין,מעין,educatus,0,21,0,22548
מעינ,מעין,fons,21,21,70,22548
מעינ,מעין,scatebra,0,21,0,22548
מעינת,מעינת,fons,0,0,70,22548
מעינת,מעינת,scatebra,0,0,0,22548
מעכתי,מעכתי,termino,0,8,2,22548
מעל,מעל,altus,3,177,30,22548
מעל,מעל,summus,3,177,30,22548
מעל,מעל,supremus,0,177,0,22548
מעל,מעל,arx,0,177,6,22548
מעל,מעל,altitudo,1,177,59,22548
מעל,מעל,escendo,0,177,0,22548
מעל,מעל,sursum,15,177,20,22548
מעל,מעל,superne,0,177,0,22548
מעל,מעל,superus,0,177,1,22548
מעל,מעל,supernus,0,177,0,22548
מעל,מעל,insuper,2,177,50,22548
מעל,מעל,desursum,0,177,1,22548
מעל,מעל,uertex,0,177,44,22548
מעל,מעל,cacumen,0,177,9,22548
מעל,מעל,culmen,0,177,2,22548
מעל,מעל,iugum,0,177,44,22548
מעל,מעל,uerticis,0,177,0,22548
מעלה,מעלה,ascensio,2,59,4,22548
מעלה,מעלה,sursum,0,59,20,22548
מעלה,מעלה,superne,0,59,0,22548
מעלה,מעלה,superus,0,59,1,22548
מעלה,מעלה,scalaris,0,59,0,22548
מעלה,מעלה,decem,4,59,184,22548
מעלה,מעלה,deni,0,59,2,22548
מעלה,מעלה,indus,0,59,0,22548
מעלה,מעלה,illinc,0,59,0,22548
מעלה,מעלה,cuspidatim,0,59,0,22548
מעלה,מעלה,umbra,4,59,55,22548
מעלה,מעלה,palma,4,59,40,22548
מעלות,מעלות,scalaris,0,0,0,22548
מעלימ,מעלים,educo,0,0,242,22548
מעלל,מעלל,studium,16,41,19,22548
מעלל,מעלל,suetudo,0,41,0,22548
מעלל,מעלל,opus,4,41,417,22548
מעלל,מעלל,facinus,0,41,2,22548
מעלל,מעלל,res,0,41,159,22548
מעלל,מעלל,negotium,0,41,12,22548
מעלל,מעלל,opero,0,41,7,22548
מעלל,מעלל,impius,0,41,235,22548
מעלל,מעלל,malus,9,41,201,22548
מעלל,מעלל,improbus,0,41,1,22548
מעללי,מעללי,opus,0,0,417,22548
מעללי,מעללי,facinus,0,0,2,22548
מעללי,מעללי,res,0,0,159,22548
מעללי,מעללי,negotium,0,0,12,22548
מעללי,מעללי,opero,0,0,7,22548
מעמד,מעמד,sisto,0,5,0,22548
מעמד,מעמד,sto,1,5,425,22548
מעמד,מעמד,constituo,0,5,186,22548
מעמד,מעמד,erigo,0,5,60,22548
מעמד,מעמד,seditio,0,5,5,22548
מעמד,מעמד,discordia,0,5,4,22548
מעמד,מעמד,ciuilis,0,5,0,22548
מעמד,מעמד,factio,0,5,1,22548
מעמד,מעמד,tumultus,0,5,20,22548
מעמד,מעמד,status,0,5,3,22548
מעמקי,מעמקי,profundum,0,0,21,22548
מעמקי,מעמקי,alo,0,0,13,22548
מעמקי,מעמקי,altitudo,0,0,59,22548
מענ,מען,causa,0,0,85,22548
מענ,מען,propter,0,0,292,22548
מענ,מען,quia,0,0,1439,22548
מענ,מען,ratio,0,0,11,22548
מענ,מען,ob,0,0,67,22548
מענ,מען,sicut,0,0,851,22548
מענ,מען,iubeo,0,0,75,22548
מענ,מען,ordo,0,0,56,22548
מענ,מען,impero,0,0,49,22548
מענ,מען,quantus,0,0,18,22548
מעץ,מעץ,silua,0,1,29,22548
מעץ,מעץ,tignum,0,1,1,22548
מעץ,מעץ,materia,0,1,1,22548
מעץ,מעץ,lignum,0,1,254,22548
מעצור,מעצור,interuenio,0,2,0,22548
מעצור,מעצור,ingestus,0,2,0,22548
מעקה,מעקה,defensa,0,1,0,22548
מערב,מערב,profectio,0,20,2,22548
מערב,מערב,uesper,0,20,81,22548
מערב,מערב,crepusculum,0,20,1,22548
מערב,מערב,occidens,10,20,41,22548
מערב,מערב,occasus,0,20,16,22548
מערב,מערב,uesperus,0,20,39,22548
מערב,מערב,uespertinus,0,20,4,22548
מערה,מערה,antrum,3,39,5,22548
מערה,מערה,spelunca,33,39,36,22548
מערה,מערה,cauerna,0,39,9,22548
מערה,מערה,specus,0,39,3,22548
מערה,מערה,cella,0,39,3,22548
מערה,מערה,ager,10,39,214,22548
מערה,מערה,fundus,0,39,3,22548
מערה,מערה,campus,0,39,26,22548
מערה,מערה,praedium,0,39,0,22548
מערה,מערה,uilla,0,39,38,22548
מערות,מערות,spelunca,0,0,36,22548
מערות,מערות,antrum,0,0,5,22548
מערות,מערות,specus,0,0,3,22548
מערך,מערך,ordo,0,1,56,22548
מערך,מערך,acies,0,1,27,22548
מערך,מערך,iubeo,0,1,75,22548
מערך,מערך,frons,0,1,45,22548
מערך,מערך,dignitas,0,1,7,22548
מערך,מערך,postis,0,1,14,22548
מערכה,מערכה,pello,0,16,2,22548
מערכה,מערכה,ago,2,16,146,22548
מערכה,מערכה,fugo,0,16,14,22548
מערכה,מערכה,impello,0,16,0,22548
מערכה,מערכה,iter,0,16,78,22548
מערכה,מערכה,syron,0,16,2,22548
מערכת,מערכת,pello,0,9,2,22548
מערכת,מערכת,ago,1,9,146,22548
מערכת,מערכת,fugo,0,9,14,22548
מערכת,מערכת,impello,0,9,0,22548
מערכת,מערכת,iter,0,9,78,22548
מערכת,מערכת,oppositus,0,9,0,22548
מערת,מערת,spelunca,0,1,36,22548
מערת,מערת,antrum,0,1,5,22548
מערת,מערת,specus,0,1,3,22548
מעש,מעש,opus,0,0,417,22548
מעש,מעש,facinus,0,0,2,22548
מעש,מעש,res,0,0,159,22548
מעש,מעש,negotium,0,0,12,22548
מעש,מעש,opero,0,0,7,22548
מעש,מעש,carmen,0,0,23,22548
מעש,מעש,poema,0,0,0,22548
מעש,מעש,inuentus,0,0,0,22548
מעשה,מעשה,opus,167,216,417,22548
מעשה,מעשה,facinus,0,216,2,22548
מעשה,מעשה,res,2,216,159,22548
מעשה,מעשה,negotium,0,216,12,22548
מעשה,מעשה,opero,1,216,7,22548
מעשי,מעשי,opus,0,1,417,22548
מעשי,מעשי,facinus,0,1,2,22548
מעשי,מעשי,res,0,1,159,22548
מעשי,מעשי,negotium,0,1,12,22548
מעשי,מעשי,opero,0,1,7,22548
מעשר,מעשר,decimus,14,27,60,22548
מפגע,מפגע,destino,0,1,0,22548
מפל,מפל,uolo,0,2,226,22548
מפל,מפל,cupio,0,2,15,22548
מפל,מפל,recuso,0,2,1,22548
מפל,מפל,eligo,0,2,209,22548
מפל,מפל,placeo,0,2,142,22548
מפל,מפל,utinam,0,2,24,22548
מפל,מפל,uoluntas,0,2,66,22548
מפל,מפל,cupiditas,0,2,1,22548
מפל,מפל,deligo,0,2,0,22548
מפל,מפל,nolo,0,2,343,22548
מפלגה,מפלגה,distributio,0,1,2,22548
מפלגה,מפלגה,diuido,0,1,140,22548
מפלצת,מפלצת,idolum,0,2,61,22548
מפלצת,מפלצת,simulacrum,2,2,27,22548
מפלצת,מפלצת,imaginis,0,2,0,22548
מפלצת,מפלצת,umbra,0,2,55,22548
מפלצת,מפלצת,imago,0,2,16,22548
מפלת,מפלת,prolapsus,0,8,0,22548
מפעלות,מפעלות,opus,0,0,417,22548
מפעלות,מפעלות,facinus,0,0,2,22548
מפעלות,מפעלות,res,0,0,159,22548
מפעלות,מפעלות,negotium,0,0,12,22548
מפעלות,מפעלות,opero,0,0,7,22548
מפץ,מפץ,silua,0,2,29,22548
מפץ,מפץ,tignum,0,2,1,22548
מפץ,מפץ,materia,0,2,1,22548
מפץ,מפץ,lignum,0,2,254,22548
מפץ,מפץ,fustis,0,2,1,22548
מפקד,מפקד,iubeo,0,5,75,22548
מפקד,מפקד,ordo,0,5,56,22548
מפקד,מפקד,impero,0,5,49,22548
מפקד,מפקד,quo,0,5,0,22548
מפקד,מפקד,mando,0,5,81,22548
מפקד,מפקד,praecipio,0,5,448,22548
מפקד,מפקד,imperium,1,5,59,22548
מפקד,מפקד,praesum,0,5,33,22548
מפקד,מפקד,quantus,0,5,18,22548
מפקד,מפקד,acies,0,5,27,22548
מפקד,מפקד,frons,0,5,45,22548
מפקד,מפקד,dignitas,0,5,7,22548
מפקד,מפקד,postis,0,5,14,22548
מפרש,מפרש,nauigo,0,2,1,22548
מפרש,מפרש,uelifico,0,2,0,22548
מפרש,מפרש,uelum,1,2,27,22548
מפרש,מפרש,carbasus,0,2,0,22548
מפרש,מפרש,ueli,0,2,0,22548
מפרש,מפרש,uehor,0,2,0,22548
מפרש,מפרש,ueho,0,2,4,22548
מפרש,מפרש,nauigatio,0,2,0,22548
מפרש,מפרש,mare,0,2,295,22548
מפשעה,מפשעה,nouissimus,0,1,94,22548
מפשעה,מפשעה,nuper,0,1,1,22548
מפשעה,מפשעה,denique,0,1,4,22548
מפשעה,מפשעה,extremus,0,1,62,22548
מפשעה,מפשעה,posterus,0,1,25,22548
מפת,מפת,portendo,0,0,10,22548
מפתח,מפתח,clauis,2,4,2,22548
מפתח,מפתח,porta,0,4,286,22548
מפתח,מפתח,ianua,0,4,13,22548
מפתח,מפתח,fores,0,4,12,22548
מפתח,מפתח,foras,0,4,27,22548
מפתח,מפתח,ostium,0,4,132,22548
מפתח,מפתח,foris,1,4,62,22548
מפתח,מפתח,limen,0,4,18,22548
מפתימ,מפתים,portendo,0,0,10,22548
מפתן,מפתן,gloria,3,7,214,22548
מפתן,מפתן,fama,0,7,14,22548
מפתן,מפתן,sententia,0,7,30,22548
מפתן,מפתן,existimatio,0,7,0,22548
מפתן,מפתן,laus,0,7,73,22548
מפתן,מפתן,opinio,0,7,0,22548
מפתן,מפתן,porticus,0,7,16,22548
מפתן,מפתן,uestibulum,0,7,39,22548
מפתן,מפתן,pronaus,0,7,0,22548
מצא,מצא,inuenio,300,418,379,22548
מצא,מצא,reperio,18,418,33,22548
מצא,מצא,latus,0,418,111,22548
מצא,מצא,amplus,0,418,0,22548
מצא,מצא,spatiosus,0,418,8,22548
מצא,מצא,latitudo,0,418,93,22548
מצא,מצא,fero,8,418,342,22548
מצא,מצא,procul,2,418,55,22548
מצאו,מצאו,inuenio,0,0,379,22548
מצאו,מצאו,reperio,0,0,33,22548
מצאי,מצאי,meatus,0,0,0,22548
מצאנו,מצאנו,inuenio,0,0,379,22548
מצאנו,מצאנו,reperio,0,0,33,22548
מצאת,מצאת,inuenio,0,0,379,22548
מצאת,מצאת,reperio,0,0,33,22548
מצאתי,מצאתי,inuenio,0,0,379,22548
מצאתי,מצאתי,reperio,0,0,33,22548
מצב,מצב,syron,0,13,2,22548
מצבה,מצבה,columna,0,32,73,22548
מצבה,מצבה,crusta,0,32,0,22548
מצבה,מצבה,statio,1,32,12,22548
מצבה,מצבה,lucus,8,32,31,22548
מצבה,מצבה,silua,0,32,29,22548
מצבה,מצבה,nemus,0,32,11,22548
מצבה,מצבה,lapis,7,32,216,22548
מצבה,מצבה,saxum,0,32,12,22548
מצבה,מצבה,marmor,0,32,4,22548
מצבה,מצבה,marmoreus,0,32,2,22548
מצבה,מצבה,gemma,0,32,19,22548
מצבה,מצבה,petrinus,0,32,0,22548
מצבת,מצבת,oliua,0,4,26,22548
מצבת,מצבת,columna,0,4,73,22548
מצבת,מצבת,crusta,0,4,0,22548
מצבת,מצבת,statio,0,4,12,22548
מצד,מצד,spelunca,2,11,36,22548
מצד,מצד,antrum,1,11,5,22548
מצד,מצד,specus,0,11,3,22548
מצד,מצד,angustus,0,11,8,22548
מצד,מצד,artus,0,11,5,22548
מצדיקי,מצדיקי,iudicium,0,0,361,22548
מצדיקי,מצדיקי,iustus,0,0,260,22548
מצדיקי,מצדיקי,ius,0,0,37,22548
מצדיקי,מצדיקי,iustitia,0,0,220,22548
מצדיקי,מצדיקי,dexter,0,0,104,22548
מצדיקי,מצדיקי,aequitas,0,0,20,22548
מצדיקי,מצדיקי,aequus,0,0,22,22548
מצדיקי,מצדיקי,iustifico,0,0,22,22548
מצדיקי,מצדיקי,oportet,0,0,3,22548
מצדיקי,מצדיקי,pulcher,0,0,69,22548
מצדיקי,מצדיקי,mereo,0,0,6,22548
מצדיקי,מצדיקי,dignus,0,0,19,22548
מצדיקי,מצדיקי,rego,0,0,37,22548
מצה,מצה,azymus,34,53,34,22548
מצה,מצה,panis,14,53,255,22548
מצה,מצה,oleum,8,53,174,22548
מצה,מצה,olearius,0,53,0,22548
מצה,מצה,olearis,0,53,0,22548
מצה,מצה,impono,0,53,51,22548
מצה,מצה,impetus,0,53,22,22548
מצה,מצה,oppugno,0,53,0,22548
מצו,מצו,imperatus,0,0,0,22548
מצוד,מצוד,rete,0,4,17,22548
מצוד,מצוד,retiolum,0,4,0,22548
מצוד,מצוד,reticulum,0,4,0,22548
מצוד,מצוד,laqueus,0,4,36,22548
מצודה,מצודה,munitio,1,24,26,22548
מצודה,מצודה,castellum,0,24,3,22548
מצודה,מצודה,defensa,0,24,0,22548
מצודה,מצודה,maceria,0,24,9,22548
מצודת,מצודת,confugium,0,0,6,22548
מצודת,מצודת,refugium,0,0,5,22548
מצוה,מצוה,imperatus,0,174,0,22548
מצוה,מצוה,azymus,1,174,34,22548
מצוה,מצוה,seruo,3,174,66,22548
מצוה,מצוה,custodio,50,174,267,22548
מצוה,מצוה,praesidium,0,174,26,22548
מצוה,מצוה,caueo,2,174,38,22548
מצוה,מצוה,custos,6,174,73,22548
מצולה,מצולה,profundum,8,12,21,22548
מצולה,מצולה,alo,0,12,13,22548
מצולה,מצולה,altitudo,0,12,59,22548
מצולה,מצולה,profundus,2,12,18,22548
מצוק,מצוק,necessitas,0,8,5,22548
מצוק,מצוק,fatum,0,8,0,22548
מצוק,מצוק,uis,0,8,73,22548
מצוק,מצוק,necesse,0,8,10,22548
מצוק,מצוק,cogo,0,8,17,22548
מצוק,מצוק,necessarius,0,8,24,22548
מצוק,מצוק,copia,0,8,6,22548
מצוק,מצוק,pressura,0,8,2,22548
מצוק,מצוק,hostis,1,8,123,22548
מצוק,מצוק,inimicus,3,8,247,22548
מצוק,מצוק,infestus,0,8,0,22548
מצוק,מצוק,quadriennium,0,8,0,22548
מצור,מצור,obsido,0,27,22,22548
מצור,מצור,circumsedeo,0,27,0,22548
מצור,מצור,supersum,0,27,18,22548
מצור,מצור,obsidium,0,27,0,22548
מצור,מצור,obsidio,6,27,10,22548
מצור,מצור,oppugnatio,0,27,0,22548
מצור,מצור,obsidialis,0,27,0,22548
מצור,מצור,quadriennium,0,27,0,22548
מצורה,מצורה,munitio,0,7,26,22548
מצורה,מצורה,castellum,0,7,3,22548
מצורה,מצורה,defensa,0,7,0,22548
מצורה,מצורה,maceria,0,7,9,22548
מצות,מצות,azymus,0,0,34,22548
מצות,מצות,imperatus,0,0,0,22548
מצח,מצח,frons,9,10,45,22548
מצח,מצח,linea,0,10,28,22548
מצחק,מצחק,ludus,0,0,0,22548
מצחק,מצחק,ludo,0,0,20,22548
מציל,מציל,detraho,0,0,55,22548
מציל,מציל,traho,0,0,20,22548
מצלה,מצלה,campana,0,1,0,22548
מצלה,מצלה,tintinnabulum,0,1,2,22548
מצליח,מצליח,uiaticulum,0,0,0,22548
מצנפת,מצנפת,diadema,0,9,13,22548
מצער,מצער,paruus,3,5,104,22548
מצער,מצער,exiguus,0,5,1,22548
מצער,מצער,paulum,0,5,0,22548
מצער,מצער,breuis,0,5,8,22548
מצער,מצער,modicus,1,5,23,22548
מצער,מצער,paulus,0,5,3,22548
מצער,מצער,paucus,0,5,30,22548
מצער,מצער,paene,0,5,5,22548
מצער,מצער,prope,0,5,30,22548
מצער,מצער,fere,0,5,0,22548
מצר,מצר,uolo,0,2,226,22548
מצר,מצר,difficultas,0,2,2,22548
מצר,מצר,egestas,0,2,23,22548
מצר,מצר,uix,0,2,5,22548
מצר,מצר,paupertas,0,2,8,22548
מצר,מצר,difficilis,0,2,13,22548
מצר,מצר,dolor,0,2,77,22548
מצר,מצר,doleo,0,2,26,22548
מצרי,מצרי,aegyptius,16,25,62,22548
מצרי,מצרי,aegyptus,3,25,519,22548
מצרי,מצרי,iris,0,25,0,22548
מצרים,מצרים,aegyptius,45,594,62,22548
מצרים,מצרים,aegyptus,494,594,519,22548
מצרים,מצרים,iris,0,594,0,22548
מצרימ,מצרים,aegyptius,45,594,62,22548
מצרימ,מצרים,aegyptus,494,594,519,22548
מצרימ,מצרים,iris,0,594,0,22548
מצרית,מצרית,aegyptius,0,0,62,22548
מצרית,מצרית,aegyptus,0,0,519,22548
מצת,מצת,azymus,0,1,34,22548
מצת,מצת,discordia,0,1,4,22548
מצת,מצת,rixa,0,1,5,22548
מצת,מצת,certamen,0,1,16,22548
מצת,מצת,lis,0,1,3,22548
מצת,מצת,iurgium,0,1,16,22548
מקבצ,מקבץ,congrego,0,0,255,22548
מקבצ,מקבץ,simul,0,0,145,22548
מקבצ,מקבץ,colligo,0,0,77,22548
מקבת,מקבת,malleus,4,5,10,22548
מקבת,מקבת,porca,0,5,0,22548
מקדש,מקדש,sacer,0,69,4,22548
מקדש,מקדש,sanctus,7,69,317,22548
מקדש,מקדש,sancio,0,69,5,22548
מקדש,מקדש,sanctuarium,51,69,148,22548
מקדש,מקדש,draconteus,0,69,0,22548
מקדש,מקדש,anguis,0,69,0,22548
מקוה,מקוה,collectus,0,10,0,22548
מקומ,מקום,locus,325,373,513,22548
מקומ,מקום,regio,6,373,158,22548
מקומ,מקום,ager,3,373,214,22548
מקומת,מקומת,locus,0,0,513,22548
מקומת,מקומת,regio,0,0,158,22548
מקומת,מקומת,ager,0,0,214,22548
מקור,מקור,bonus,0,16,316,22548
מקור,מקור,ualeo,1,16,38,22548
מקור,מקור,ius,0,16,37,22548
מקור,מקור,puteus,0,16,37,22548
מקור,מקור,bene,0,16,65,22548
מקור,מקור,pulcher,0,16,69,22548
מקור,מקור,formosus,0,16,0,22548
מקור,מקור,nobilis,0,16,17,22548
מקור,מקור,aequus,0,16,22,22548
מקור,מקור,speciosus,0,16,24,22548
מקור,מקור,posterus,0,16,25,22548
מקור,מקור,dexter,0,16,104,22548
מקור,מקור,bellus,0,16,0,22548
מקור,מקור,propterea,1,16,119,22548
מקור,מקור,ideo,0,16,55,22548
מקור,מקור,idcirco,0,16,146,22548
מקור,מקור,propter,0,16,292,22548
מקור,מקור,igitur,0,16,327,22548
מקור,מקור,ergo,0,16,727,22548
מקור,מקור,fons,11,16,70,22548
מקור,מקור,scatebra,0,16,0,22548
מקטרת,מקטרת,turibulum,2,2,13,22548
מקטרת,מקטרת,suffitus,0,2,0,22548
מקל,מקל,uirga,9,16,91,22548
מקל,מקל,calamus,0,16,30,22548
מקל,מקל,fascis,0,16,1,22548
מקל,מקל,ouis,2,16,158,22548
מקל,מקל,pecus,1,16,85,22548
מקל,מקל,grex,2,16,160,22548
מקל,מקל,pecuarius,0,16,0,22548
מקלט,מקלט,confugio,3,20,15,22548
מקלט,מקלט,profugio,1,20,7,22548
מקלט,מקלט,fugio,1,20,238,22548
מקלט,מקלט,effugio,0,20,23,22548
מקלט,מקלט,fuga,0,20,14,22548
מקלט,מקלט,exsilium,0,20,0,22548
מקלט,מקלט,uito,0,20,2,22548
מקלט,מקלט,exsul,0,20,0,22548
מקמ,מקם,locus,0,0,513,22548
מקמ,מקם,regio,0,0,158,22548
מקמ,מקם,ager,0,0,214,22548
מקמות,מקמות,locus,0,0,513,22548
מקמות,מקמות,regio,0,0,158,22548
מקמות,מקמות,ager,0,0,214,22548
מקנ,מקן,probata,0,0,0,22548
מקנה,מקנה,probata,0,77,0,22548
מקנה,מקנה,emo,2,77,59,22548
מקנה,מקנה,praestino,0,77,0,22548
מקנה,מקנה,redimo,0,77,72,22548
מקנת,מקנת,empticius,0,0,3,22548
מקסם,מקסם,diuinatio,2,2,13,22548
מקסם,מקסם,oraculum,0,2,27,22548
מקסם,מקסם,cernentia,0,2,0,22548
מקסם,מקסם,tuor,0,2,0,22548
מקצה,מקצה,uertex,0,0,44,22548
מקצת,מקצת,equidem,0,0,3,22548
מקצת,מקצת,conuerto,0,0,187,22548
מקצת,מקצת,uerto,0,0,88,22548
מקצת,מקצת,dos,0,0,4,22548
מקצת,מקצת,pars,0,0,332,22548
מקצת,מקצת,finis,0,0,137,22548
מקצת,מקצת,exitus,0,0,17,22548
מקצת,מקצת,euentus,0,0,2,22548
מקצת,מקצת,legio,0,0,3,22548
מקצת,מקצת,extremus,0,0,62,22548
מקצת,מקצת,posterus,0,0,25,22548
מקצת,מקצת,denique,0,0,4,22548
מקצת,מקצת,nouissimus,0,0,94,22548
מקרא,מקרא,septimus,9,22,112,22548
מקרא,מקרא,arcessitus,0,22,0,22548
מקרא,מקרא,uocatus,0,22,0,22548
מקרה,מקרה,peculio,0,11,1,22548
מקששת,מקששת,congrego,0,0,255,22548
מקששת,מקששת,colligo,0,0,77,22548
מר,מר,dominus,8,54,5912,22548
מר,מר,auctoritas,0,54,1,22548
מר,מר,erus,0,54,0,22548
מר,מר,potestas,0,54,42,22548
מר,מר,acerbus,0,54,3,22548
מר,מר,amarus,20,54,27,22548
מר,מר,pennus,0,54,0,22548
מר,מר,murra,7,54,8,22548
מרא,מרא,cogitatio,0,2,90,22548
מרא,מרא,figura,0,2,7,22548
מרא,מרא,dominus,1,2,5912,22548
מרא,מרא,auctoritas,0,2,1,22548
מרא,מרא,erus,0,2,0,22548
מרא,מרא,potestas,0,2,42,22548
מרא,מרא,uisio,0,2,63,22548
מרא,מרא,oculus,0,2,475,22548
מרא,מרא,species,0,2,26,22548
מרא,מרא,uisus,0,2,3,22548
מראה,מראה,genus,0,84,65,22548
מראה,מראה,species,12,84,26,22548
מראה,מראה,gener,0,84,12,22548
מראה,מראה,figura,1,84,7,22548
מראה,מראה,spectaculum,1,84,1,22548
מראה,מראה,apparentia,0,84,0,22548
מראה,מראה,spectus,0,84,0,22548
מראה,מראה,tuor,0,84,0,22548
מראה,מראה,cernentia,0,84,0,22548
מראה,מראה,uisio,15,84,63,22548
מראה,מראה,oculus,9,84,475,22548
מראה,מראה,uisus,0,84,3,22548
מראה,מראה,ceu,0,84,0,22548
מראה,מראה,uelut,2,84,42,22548
מראשות,מראשות,hasta,4,10,38,22548
מראשות,מראשות,telum,0,10,3,22548
מראשות,מראשות,lancea,0,10,20,22548
מראשות,מראשות,quiris,0,10,0,22548
מראשות,מראשות,hastae,0,10,0,22548
מראשת,מראשת,caput,0,0,345,22548
מרב,מרב,forum,0,3,1,22548
מרב,מרב,contio,0,3,3,22548
מרב,מרב,forus,0,3,0,22548
מרב,מרב,multitudo,0,3,267,22548
מרב,מרב,turba,0,3,30,22548
מרב,מרב,populus,0,3,1560,22548
מרב,מרב,plebs,0,3,19,22548
מרב,מרב,numero,0,3,73,22548
מרב,מרב,numerus,0,3,149,22548
מרבה,מרבה,auctus,0,1,0,22548
מרבה,מרבה,inuidentia,0,1,0,22548
מרבה,מרבה,magnus,0,1,493,22548
מרבה,מרבה,ingens,0,1,13,22548
מרבה,מרבה,immanis,0,1,0,22548
מרבה,מרבה,uastus,0,1,2,22548
מרבה,מרבה,grandis,0,1,104,22548
מרבה,מרבה,multus,0,1,411,22548
מרבה,מרבה,superus,0,1,1,22548
מרבה,מרבה,summus,0,1,30,22548
מרבה,מרבה,alo,0,1,13,22548
מרבה,מרבה,longus,0,1,36,22548
מרבה,מרבה,diu,0,1,1,22548
מרבה,מרבה,procul,0,1,55,22548
מרבה,מרבה,absum,0,1,16,22548
מרגלימ,מרגלים,speculator,0,0,17,22548
מרגלימ,מרגלים,explorator,0,0,13,22548
מרגלת,מרגלת,bos,0,4,182,22548
מרגלת,מרגלת,iuuencus,0,4,0,22548
מרגלת,מרגלת,taurus,0,4,20,22548
מרגלת,מרגלת,iumentum,0,4,117,22548
מרגלת,מרגלת,uitulus,0,4,128,22548
מרגלת,מרגלת,pecus,0,4,85,22548
מרגלת,מרגלת,armentum,0,4,70,22548
מרגלת,מרגלת,uacca,0,4,10,22548
מרגלת,מרגלת,bubulus,0,4,2,22548
מרגלת,מרגלת,sopio,0,4,2,22548
מרגלת,מרגלת,quiesco,0,4,79,22548
מרגלת,מרגלת,somnus,0,4,25,22548
מרגלת,מרגלת,dormio,3,4,169,22548
מרגלת,מרגלת,cubo,0,4,62,22548
מרגלת,מרגלת,pedum,0,4,0,22548
מרגלת,מרגלת,pedes,0,4,12,22548
מרגלת,מרגלת,pes,4,4,224,22548
מרד,מרד,defectio,0,27,1,22548
מרד,מרד,deficio,0,27,100,22548
מרדות,מרדות,defectio,0,1,1,22548
מרה,מרה,abnuo,0,45,2,22548
מרו,מרו,perfruor,0,0,5,22548
מרום,מרום,exprobo,0,52,0,22548
מרום,מרום,obicio,0,52,2,22548
מרום,מרום,opprobrium,0,52,73,22548
מרום,מרום,obiectatio,0,52,0,22548
מרום,מרום,exprobro,4,52,32,22548
מרום,מרום,altus,3,52,30,22548
מרום,מרום,celsus,0,52,0,22548
מרום,מרום,excelsus,10,52,126,22548
מרום,מרום,sublimis,7,52,48,22548
מרום,מרום,superus,0,52,1,22548
מרום,מרום,alo,0,52,13,22548
מרום,מרום,summus,1,52,30,22548
מרום,מרום,altitudo,5,52,59,22548
מרום,מרום,arx,1,52,6,22548
מרומ,מרום,caelum,4,52,393,22548
מרומ,מרום,caelus,0,52,0,22548
מרומ,מרום,hercules,0,52,0,22548
מרומ,מרום,polus,0,52,0,22548
מרומ,מרום,caeli,0,52,0,22548
מרומ,מרום,aether,0,52,5,22548
מרומ,מרום,supremitas,0,52,0,22548
מרומ,מרום,altitudo,5,52,59,22548
מרומ,מרום,arx,1,52,6,22548
מרזח,מרזח,cena,0,2,0,22548
מרזח,מרזח,epulae,0,2,6,22548
מרזח,מרזח,conuiuium,1,2,47,22548
מרזח,מרזח,prandium,0,2,0,22548
מרזח,מרזח,farinarius,0,2,0,22548
מרח,מרח,contero,0,1,136,22548
מרחק,מרחק,minimus,0,18,0,22548
מרחק,מרחק,longus,0,18,36,22548
מרחק,מרחק,procul,5,18,55,22548
מרחק,מרחק,pridem,0,18,0,22548
מרחק,מרחק,stadium,0,18,0,22548
מרי,מרי,defectio,0,20,1,22548
מריא,מריא,agnos,0,8,0,22548
מריא,מריא,agnus,3,8,120,22548
מריא,מריא,uitulus,2,8,128,22548
מריא,מריא,iuuencus,0,8,0,22548
מריא,מריא,iunix,0,8,0,22548
מריא,מריא,multitudo,1,8,267,22548
מריא,מריא,turba,0,8,30,22548
מריא,מריא,populus,0,8,1560,22548
מריא,מריא,plebs,0,8,19,22548
מריא,מריא,numero,0,8,73,22548
מריא,מריא,numerus,0,8,149,22548
מריא,מריא,ouis,1,8,158,22548
מריא,מריא,pecus,0,8,85,22548
מריא,מריא,grex,0,8,160,22548
מריא,מריא,pecuarius,0,8,0,22548
מריבה,מריבה,obloquium,0,12,0,22548
מריבה,מריבה,differo,0,12,14,22548
מריבה,מריבה,dissentio,0,12,1,22548
מריבה,מריבה,disto,0,12,0,22548
מריבה,מריבה,supero,0,12,19,22548
מריבה,מריבה,uinco,0,12,23,22548
מריבה,מריבה,intersum,0,12,2,22548
מריבה,מריבה,inimicitia,0,12,4,22548
מריבה,מריבה,odium,0,12,35,22548
מריבה,מריבה,lis,0,12,3,22548
מריבה,מריבה,rixa,0,12,5,22548
מריבה,מריבה,certamen,0,12,16,22548
מריבה,מריבה,iurgium,2,12,16,22548
מרירי,מרירי,acerbus,0,1,3,22548
מרירי,מרירי,amarus,1,1,27,22548
מרירי,מרירי,pennus,0,1,0,22548
מרכב,מרכב,currus,0,3,107,22548
מרכב,מרכב,iugum,0,3,44,22548
מרכב,מרכב,quadrigae,0,3,14,22548
מרכב,מרכב,onusto,0,3,0,22548
מרכבה,מרכבה,currus,21,37,107,22548
מרכבה,מרכבה,iugum,0,37,44,22548
מרכבה,מרכבה,quadrigae,5,37,14,22548
מרכבה,מרכבה,onusto,0,37,0,22548
מרכבה,מרכבה,equus,10,37,115,22548
מרכבה,מרכבה,sonipes,0,37,0,22548
מרכבה,מרכבה,eques,2,37,48,22548
מרכבה,מרכבה,equitatus,0,37,10,22548
מרכבה,מרכבה,equa,0,37,0,22548
מרכבה,מרכבה,equi,0,37,0,22548
מרכבה,מרכבה,equum,0,37,0,22548
מרכבה,מרכבה,equo,0,37,0,22548
מרכבת,מרכבת,currus,4,4,107,22548
מרכבת,מרכבת,iugum,0,4,44,22548
מרכבת,מרכבת,quadrigae,0,4,14,22548
מרכבת,מרכבת,onusto,0,4,0,22548
מרמה,מרמה,dolus,11,35,19,22548
מרמה,מרמה,astus,0,35,1,22548
מרע,מרע,socius,0,27,31,22548
מרע,מרע,comes,0,27,6,22548
מרע,מרע,amicus,7,27,104,22548
מרע,מרע,sodalis,0,27,2,22548
מרע,מרע,commilito,0,27,0,22548
מרע,מרע,carus,0,27,4,22548
מרע,מרע,dilectus,0,27,21,22548
מרע,מרע,familiaris,0,27,0,22548
מרעה,מרעה,pascuum,4,11,15,22548
מרעה,מרעה,pastus,0,11,6,22548
מרעה,מרעה,distributio,0,11,2,22548
מרעימ,מרעים,impius,0,0,235,22548
מרעימ,מרעים,malus,0,0,201,22548
מרעימ,מרעים,improbus,0,0,1,22548
מרעית,מרעית,pascuum,2,10,15,22548
מרעית,מרעית,pastus,0,10,6,22548
מרעית,מרעית,distributio,0,10,2,22548
מרץ,מרץ,noceo,0,4,12,22548
מרק,מרק,putealis,0,5,0,22548
מרק,מרק,manubriolum,0,5,0,22548
מרק,מרק,rasilis,0,5,0,22548
מרק,מרק,incruentus,0,5,0,22548
מרק,מרק,caro,2,5,229,22548
מרק,מרק,uiscera,0,5,18,22548
מרק,מרק,uiscus,0,5,1,22548
מרק,מרק,cadauer,0,5,51,22548
מרר,מרר,acerbus,0,11,3,22548
מרר,מרר,amarus,2,11,27,22548
מרר,מרר,pennus,0,11,0,22548
מררי,מררי,populus,1,37,1560,22548
מררי,מררי,plebs,0,37,19,22548
מררי,מררי,uulgus,0,37,39,22548
מררי,מררי,terra,0,37,2254,22548
מררי,מררי,contio,0,37,3,22548
מררי,מררי,communis,0,37,9,22548
מררי,מררי,ecclesia,0,37,30,22548
מררי,מררי,ager,0,37,214,22548
מררי,מררי,praepinguis,0,37,0,22548
מררי,מררי,unguinosus,0,37,0,22548
מרשעת,מרשעת,uitium,0,1,4,22548
מרשעת,מרשעת,scelus,0,1,87,22548
מרשעת,מרשעת,turpitudo,0,1,21,22548
מרשעת,מרשעת,malitia,0,1,66,22548
משא,משא,tuor,0,65,0,22548
משא,משא,cernentia,0,65,0,22548
משא,משא,onus,39,65,55,22548
משאה,משאה,faenus,0,3,0,22548
משאה,משאה,promutuus,0,3,0,22548
משאלה,משאלה,ligo,0,2,42,22548
משאלה,משאלה,uincio,0,2,35,22548
משאלה,משאלה,necto,0,2,2,22548
משאלה,משאלה,opus,0,2,417,22548
משאלה,משאלה,uolo,0,2,226,22548
משאלה,משאלה,postulo,0,2,39,22548
משאלה,משאלה,rogo,0,2,51,22548
משאלה,משאלה,peto,0,2,48,22548
משאלה,משאלה,oro,0,2,95,22548
משאלה,משאלה,necesse,0,2,10,22548
משאלה,משאלה,quaero,0,2,249,22548
משאלה,משאלה,quaeso,0,2,25,22548
משאלה,משאלה,necessarius,0,2,24,22548
משאלה,משאלה,interrogo,0,2,79,22548
משאלה,משאלה,obsecro,0,2,73,22548
משאלה,משאלה,desidero,0,2,42,22548
משבח,משבח,laudo,0,0,132,22548
משבח,משבח,laus,0,0,73,22548
משבצות,משבצות,mundus,0,9,97,22548
משבצות,משבצות,purus,1,9,43,22548
משגב,משגב,confugium,0,15,6,22548
משגב,משגב,refugium,3,15,5,22548
משגה,משגה,desidero,0,1,42,22548
משגה,משגה,erro,0,1,37,22548
משגה,משגה,culpa,0,1,7,22548
משגה,משגה,desum,0,1,22,22548
משגה,משגה,pecco,0,1,182,22548
משגה,משגה,error,1,1,23,22548
משגה,משגה,peccatum,0,1,341,22548
משגה,משגה,delinquo,0,1,16,22548
משואה,משואה,solitudo,1,2,145,22548
משוגה,משוגה,desidero,0,1,42,22548
משוגה,משוגה,erro,0,1,37,22548
משוגה,משוגה,culpa,0,1,7,22548
משוגה,משוגה,desum,0,1,22,22548
משוגה,משוגה,pecco,0,1,182,22548
משוגה,משוגה,error,0,1,23,22548
משוגה,משוגה,peccatum,0,1,341,22548
משוט,משוט,remus,2,2,2,22548
משוט,משוט,tonsa,0,2,0,22548
משוט,משוט,remulus,0,2,0,22548
משוט,משוט,capulus,0,2,2,22548
משוט,משוט,manubriolum,0,2,0,22548
משורה,משורה,metior,0,4,48,22548
משוש,משוש,festiuitas,0,16,13,22548
משח,משח,ungo,21,67,29,22548
משח,משח,christus,0,67,28,22548
משח,משח,perungo,0,67,0,22548
משח,משח,oleum,19,67,174,22548
משח,משח,olearius,0,67,0,22548
משח,משח,olearis,0,67,0,22548
משח,משח,utor,0,67,22,22548
משח,משח,usus,0,67,29,22548
משחה,משחה,oleum,15,26,174,22548
משחה,משחה,olearius,0,26,0,22548
משחה,משחה,olearis,0,26,0,22548
משחה,משחה,utor,1,26,22,22548
משחה,משחה,usus,0,26,29,22548
משחק,משחק,risus,0,0,9,22548
משחק,משחק,rideo,0,0,18,22548
משחקימ,משחקים,ludus,0,0,0,22548
משחקימ,משחקים,ludo,0,0,20,22548
משחת,משחת,unctus,0,1,2,22548
משחת,משחת,ambitus,0,1,1,22548
משחת,משחת,interceptus,0,1,0,22548
משחתי,משחתי,ungo,0,0,29,22548
משחתי,משחתי,christus,0,0,28,22548
משחתי,משחתי,perungo,0,0,0,22548
משטמה,משטמה,inimicitia,0,2,4,22548
משטמה,משטמה,odium,0,2,35,22548
משטר,משטר,epistula,0,1,26,22548
משטר,משטר,scribo,0,1,200,22548
משטר,משטר,liber,0,1,177,22548
משטר,משטר,littera,0,1,29,22548
משטר,משטר,scriptura,0,1,8,22548
משיח,משיח,christus,27,35,28,22548
משיח,משיח,unctus,0,35,2,22548
משיח,משיח,infero,2,35,73,22548
משכב,משכב,lectulus,6,45,15,22548
משכב,משכב,immundus,3,45,95,22548
משכב,משכב,masculus,2,45,31,22548
משכב,משכב,masculinus,2,45,30,22548
משכב,משכב,mas,0,45,12,22548
משכיל,משכיל,prudentia,0,0,43,22548
משכיל,משכיל,intellego,0,0,136,22548
משכית,משכית,figura,0,5,7,22548
משכן,משכן,proba,0,127,0,22548
משכנ,משכן,cala,0,127,0,22548
משכנ,משכן,tabernaculum,102,127,398,22548
משכנ,משכן,scaena,0,127,0,22548
משכרת,משכרת,merces,4,4,48,22548
משכרת,משכרת,praemium,0,4,3,22548
משכרת,משכרת,stipendium,0,4,0,22548
משכרת,משכרת,gero,0,4,27,22548
משכרת,משכרת,soluo,0,4,36,22548
משכרת,משכרת,reddo,1,4,173,22548
משכרת,משכרת,bellor,0,4,17,22548
משכרת,משכרת,pugno,0,4,133,22548
משכרת,משכרת,bellum,0,4,134,22548
משל,משל,impero,2,119,49,22548
משל,משל,rego,0,119,37,22548
משל,משל,dominor,32,119,50,22548
משל,משל,incipio,0,119,19,22548
משל,משל,coepio,0,119,28,22548
משל,משל,duco,0,119,179,22548
משל,משל,magistratus,0,119,19,22548
משל,משל,princeps,16,119,610,22548
משל,משל,praecipio,0,119,448,22548
משל,משל,imperium,1,119,59,22548
משל,משל,occipio,0,119,0,22548
משל,משל,iubeo,0,119,75,22548
משל,משל,honor,2,119,17,22548
משל,משל,praesum,2,119,33,22548
משל,משל,guberno,0,119,6,22548
משל,משל,ordior,0,119,3,22548
משל,משל,praetor,0,119,0,22548
משל,משל,miror,0,119,4,22548
משל,משל,admiror,0,119,5,22548
משל,משל,stupeo,0,119,15,22548
משל,משל,miro,0,119,0,22548
משל,משל,mirus,0,119,4,22548
משל,משל,prodigium,0,119,2,22548
משל,משל,admiratio,0,119,1,22548
משל,משל,uirga,4,119,91,22548
משל,משל,calamus,0,119,30,22548
משל,משל,dominicus,0,119,2,22548
משל,משל,parabola,24,119,24,22548
משלימ,משלים,praetor,0,0,0,22548
משלשת,משלשת,trimulus,0,0,0,22548
משלשת,משלשת,triennis,0,0,1,22548
משלת,משלת,impero,0,0,49,22548
משלת,משלת,rego,0,0,37,22548
משלת,משלת,dominor,0,0,50,22548
משלת,משלת,incipio,0,0,19,22548
משלת,משלת,coepio,0,0,28,22548
משלת,משלת,duco,0,0,179,22548
משלת,משלת,magistratus,0,0,19,22548
משלת,משלת,princeps,0,0,610,22548
משלת,משלת,praecipio,0,0,448,22548
משלת,משלת,imperium,0,0,59,22548
משלת,משלת,occipio,0,0,0,22548
משלת,משלת,iubeo,0,0,75,22548
משלת,משלת,honor,0,0,17,22548
משלת,משלת,praesum,0,0,33,22548
משלת,משלת,guberno,0,0,6,22548
משלת,משלת,ordior,0,0,3,22548
משלת,משלת,coepto,0,0,0,22548
משמן,משמן,oleum,0,5,174,22548
משמן,משמן,olearius,0,5,0,22548
משמן,משמן,olearis,0,5,0,22548
משמן,משמן,utor,0,5,22,22548
משמן,משמן,usus,0,5,29,22548
משמע,משמע,scrutinium,0,5,1,22548
משמעת,משמעת,argumentum,0,4,1,22548
משמר,משמר,praesidium,0,20,26,22548
משמר,משמר,stipator,0,20,0,22548
משמר,משמר,custodio,0,20,267,22548
משמר,משמר,custodia,5,20,60,22548
משמר,משמר,uigilia,0,20,8,22548
משמר,משמר,carcer,7,20,47,22548
משמר,משמר,uinculum,0,20,27,22548
משמר,משמר,custos,4,20,73,22548
משמר,משמר,tutor,0,20,0,22548
משמר,משמר,seruo,1,20,66,22548
משמר,משמר,caueo,0,20,38,22548
משמרה,משמרה,ungula,0,2,21,22548
משמרת,משמרת,apotheca,0,67,4,22548
משמרת,משמרת,custodia,18,67,60,22548
משמרת,משמרת,uigilia,0,67,8,22548
משמרת,משמרת,praesidium,0,67,26,22548
משמרת,משמרת,carcer,0,67,47,22548
משמרת,משמרת,uinculum,0,67,27,22548
משמרת,משמרת,custos,2,67,73,22548
משמרת,משמרת,tutor,0,67,0,22548
משמרת,משמרת,seruo,4,67,66,22548
משמרת,משמרת,custodio,18,67,267,22548
משמרת,משמרת,caueo,0,67,38,22548
משנ,משן,alter,0,0,212,22548
משנ,משן,deinde,0,0,3,22548
משנ,משן,iterum,0,0,18,22548
משנ,משן,secundo,0,0,0,22548
משנ,משן,proximus,0,0,101,22548
משנ,משן,secundus,0,0,130,22548
משנא,משנא,uerutum,0,0,0,22548
משנה,משנה,alter,1,33,212,22548
משנה,משנה,deinde,0,33,3,22548
משנה,משנה,iterum,0,33,18,22548
משנה,משנה,secundo,0,33,0,22548
משנה,משנה,proximus,0,33,101,22548
משנה,משנה,secundus,13,33,130,22548
משנה,משנה,igitur,1,33,327,22548
משנה,משנה,ergo,1,33,727,22548
משנה,משנה,duplus,1,33,4,22548
משנה,משנה,duplex,6,33,25,22548
משסה,משסה,rapina,2,4,23,22548
משסה,משסה,harpago,0,4,0,22548
משסה,משסה,rapio,0,4,41,22548
משסה,משסה,corripio,0,4,24,22548
משסה,משסה,praeda,1,4,75,22548
משסה,משסה,diripio,0,4,38,22548
משסה,משסה,expilatio,0,4,0,22548
משסה,משסה,depeculatus,0,4,0,22548
משען,משען,auxilium,0,3,57,22548
משען,משען,defendo,0,3,7,22548
משען,משען,adiuuo,0,3,26,22548
משען,משען,opera,0,3,4,22548
משען,משען,opis,0,3,0,22548
משען,משען,iuuo,0,3,1,22548
משען,משען,sustineo,0,3,60,22548
משען,משען,alo,0,3,13,22548
משען,משען,nutrio,0,3,21,22548
משען,משען,pasco,0,3,83,22548
משען,משען,educo,0,3,242,22548
משען,משען,tergum,0,3,46,22548
משענ,משען,uis,0,3,73,22548
משענ,משען,robur,1,3,46,22548
משענ,משען,fortitudo,0,3,232,22548
משענ,משען,potentia,0,3,17,22548
משענה,משענה,auxilium,0,1,57,22548
משענה,משענה,defendo,0,1,7,22548
משענה,משענה,adiuuo,0,1,26,22548
משענה,משענה,opera,0,1,4,22548
משענה,משענה,opis,0,1,0,22548
משענה,משענה,iuuo,0,1,1,22548
משענה,משענה,sustineo,0,1,60,22548
משענה,משענה,alo,0,1,13,22548
משענה,משענה,nutrio,0,1,21,22548
משענה,משענה,pasco,0,1,83,22548
משענה,משענה,educo,0,1,242,22548
משענה,משענה,tergum,0,1,46,22548
משענת,משענת,auxilium,0,10,57,22548
משענת,משענת,defendo,0,10,7,22548
משענת,משענת,adiuuo,0,10,26,22548
משענת,משענת,opera,1,10,4,22548
משענת,משענת,opis,0,10,0,22548
משענת,משענת,iuuo,0,10,1,22548
משענת,משענת,sustineo,0,10,60,22548
משענת,משענת,fascis,0,10,1,22548
משענת,משענת,uirga,2,10,91,22548
משענת,משענת,alo,0,10,13,22548
משענת,משענת,nutrio,0,10,21,22548
משענת,משענת,pasco,0,10,83,22548
משענת,משענת,educo,0,10,242,22548
משענת,משענת,tergum,0,10,46,22548
משענת,משענת,harundineus,3,10,3,22548
משפחה,משפחה,mos,0,175,28,22548
משפחה,משפחה,consuetudo,0,175,12,22548
משפחה,משפחה,paternus,0,175,1,22548
משפחה,משפחה,pupillus,0,175,40,22548
משפחה,משפחה,tribus,11,175,174,22548
משפחה,משפחה,gens,9,175,462,22548
משפחה,משפחה,tributim,0,175,0,22548
משפחה,משפחה,populus,12,175,1560,22548
משפחה,משפחה,plebs,0,175,19,22548
משפחה,משפחה,uulgus,0,175,39,22548
משפחה,משפחה,terra,15,175,2254,22548
משפחה,משפחה,contio,0,175,3,22548
משפחה,משפחה,communis,0,175,9,22548
משפחה,משפחה,ecclesia,0,175,30,22548
משפחה,משפחה,ager,0,175,214,22548
משפחה,משפחה,praepinguis,0,175,0,22548
משפחה,משפחה,unguinosus,0,175,0,22548
משפחות,משפחות,generatio,0,0,142,22548
משפחות,משפחות,saeculum,0,0,46,22548
משפחות,משפחות,descensus,0,0,0,22548
משפחת,משפחת,generatio,0,69,142,22548
משפחת,משפחת,saeculum,0,69,46,22548
משפחת,משפחת,descensus,0,69,0,22548
משפחת,משפחת,mos,0,69,28,22548
משפחת,משפחת,consuetudo,0,69,12,22548
משפחת,משפחת,paternus,0,69,1,22548
משפחת,משפחת,pupillus,0,69,40,22548
משפחת,משפחת,tribus,4,69,174,22548
משפחת,משפחת,gens,1,69,462,22548
משפחת,משפחת,tributim,0,69,0,22548
משפחת,משפחת,populus,3,69,1560,22548
משפחת,משפחת,plebs,0,69,19,22548
משפחת,משפחת,uulgus,0,69,39,22548
משפחת,משפחת,terra,5,69,2254,22548
משפחת,משפחת,contio,0,69,3,22548
משפחת,משפחת,communis,0,69,9,22548
משפחת,משפחת,ecclesia,0,69,30,22548
משפחת,משפחת,ager,2,69,214,22548
משפחת,משפחת,praepinguis,0,69,0,22548
משפחת,משפחת,unguinosus,0,69,0,22548
משפט,משפט,dispositus,0,391,0,22548
משפט,משפט,dispositura,0,391,0,22548
משפט,משפט,iudicium,295,391,361,22548
משפט,משפט,iustus,24,391,260,22548
משפט,משפט,ius,2,391,37,22548
משפט,משפט,iustitia,66,391,220,22548
משפט,משפט,dexter,2,391,104,22548
משפט,משפט,aequitas,7,391,20,22548
משפט,משפט,aequus,3,391,22,22548
משפט,משפט,iustifico,3,391,22,22548
משפט,משפט,oportet,0,391,3,22548
משפט,משפט,pulcher,0,391,69,22548
משפט,משפט,mereo,0,391,6,22548
משפט,משפט,dignus,1,391,19,22548
משפט,משפט,rego,2,391,37,22548
משפט,משפט,scitus,0,391,0,22548
משפט,משפט,fas,0,391,3,22548
משפט,משפט,supplicium,0,391,1,22548
משפט,משפט,aptus,0,391,9,22548
משפט,משפט,uisito,0,391,58,22548
משפט,משפט,causa,13,391,85,22548
משפט,משפט,poena,0,391,5,22548
משפט,משפט,decretorius,0,391,0,22548
משפטי,משפטי,decretorius,0,0,0,22548
משפטימ,משפטים,scitus,0,0,0,22548
משפטימ,משפטים,decretorius,0,0,0,22548
משפטימ,משפטים,iudicium,0,0,361,22548
משקה,משקה,praegustator,0,14,0,22548
משקה,משקה,pocillator,0,14,0,22548
משקה,משקה,pincerna,4,14,5,22548
משקה,משקה,madefacto,0,14,0,22548
משקה,משקה,imperium,0,14,59,22548
משקה,משקה,principium,0,14,57,22548
משקה,משקה,initium,0,14,24,22548
משקה,משקה,magistratus,0,14,19,22548
משקה,משקה,regnum,0,14,213,22548
משקה,משקה,honor,0,14,17,22548
משקה,משקה,ratio,0,14,11,22548
משקה,משקה,officium,2,14,30,22548
משקה,משקה,potestas,0,14,42,22548
משקה,משקה,uis,0,14,73,22548
משקה,משקה,primus,0,14,161,22548
משקול,משקול,ualeo,0,1,38,22548
משקול,משקול,garyophyllon,0,1,0,22548
משקול,משקול,cardamomum,0,1,0,22548
משקול,משקול,pondus,1,1,70,22548
משקול,משקול,stabulum,0,1,3,22548
משקול,משקול,caula,0,1,0,22548
משקול,משקול,scaena,0,1,0,22548
משקול,משקול,pondo,0,1,0,22548
משקופ,משקוף,hyperthyrum,0,3,0,22548
משקימ,משקים,praegustator,0,0,0,22548
משקל,משקל,ualeo,0,42,38,22548
משקל,משקל,garyophyllon,0,42,0,22548
משקל,משקל,cardamomum,0,42,0,22548
משקל,משקל,pondus,37,42,70,22548
משקל,משקל,haustus,0,42,0,22548
משקל,משקל,attractus,0,42,0,22548
משקל,משקל,pondo,0,42,0,22548
משקל,משקל,stabulum,0,42,3,22548
משקל,משקל,caula,0,42,0,22548
משקל,משקל,scaena,0,42,0,22548
משקל,משקל,argenteus,15,42,78,22548
משקל,משקל,argentum,7,42,189,22548
משקל,משקל,donum,0,42,25,22548
משקל,משקל,munus,0,42,91,22548
משקל,משקל,praemium,0,42,3,22548
משקל,משקל,praesens,0,42,76,22548
משקל,משקל,datus,0,42,0,22548
משקל,משקל,septuaginta,12,42,84,22548
משקל,משקל,septuageni,0,42,0,22548
משרה,משרה,imperium,0,3,59,22548
משרה,משרה,principium,0,3,57,22548
משרה,משרה,initium,0,3,24,22548
משרה,משרה,magistratus,0,3,19,22548
משרה,משרה,regnum,0,3,213,22548
משרה,משרה,honor,0,3,17,22548
משרה,משרה,ratio,0,3,11,22548
משרה,משרה,officium,0,3,30,22548
משרה,משרה,potestas,0,3,42,22548
משרה,משרה,uis,0,3,73,22548
משרה,משרה,primus,0,3,161,22548
משרה,משרה,praecipio,0,3,448,22548
משרה,משרה,humidus,0,3,0,22548
משרה,משרה,udus,0,3,0,22548
משרה,משרה,madidus,0,3,1,22548
משרה,משרה,liquidus,0,3,0,22548
משרה,משרה,umidus,0,3,0,22548
משרוקי,משרוקי,fistula,4,4,7,22548
משרוקית,משרוקית,fistula,0,0,7,22548
משרת,משרת,cacus,0,1,0,22548
משת,משת,bibo,0,0,194,22548
משת,משת,poto,0,0,9,22548
משת,משת,potus,0,0,27,22548
משת,משת,perpotatio,0,0,0,22548
משת,משת,pedum,0,0,0,22548
משת,משת,pedes,0,0,12,22548
משת,משת,pes,0,0,224,22548
משתא,משתא,cena,0,0,0,22548
משתא,משתא,epulae,0,0,6,22548
משתא,משתא,conuiuium,0,0,47,22548
משתא,משתא,prandium,0,0,0,22548
משתא,משתא,farinarius,0,0,0,22548
משתה,משתה,exceptaculum,0,43,0,22548
משתה,משתה,bibo,4,43,194,22548
משתה,משתה,poto,0,43,9,22548
משתה,משתה,perpotatio,0,43,0,22548
משתה,משתה,fama,0,43,14,22548
משתה,משתה,rumor,0,43,1,22548
משתה,משתה,defero,1,43,42,22548
משתה,משתה,nuntio,0,43,122,22548
מת,מת,heros,0,21,0,22548
מת,מת,qui,8,21,6495,22548
מת,מת,iste,0,21,633,22548
מת,מת,maritus,0,21,29,22548
מת,מת,uir,10,21,1154,22548
מת,מת,homo,2,21,780,22548
מת,מת,uiri,0,21,0,22548
מת,מת,uirum,0,21,0,22548
מת,מת,uiro,0,21,0,22548
מת,מת,populus,1,21,1560,22548
מת,מת,humanus,0,21,7,22548
מת,מת,orbis,0,21,39,22548
מת,מת,plebs,0,21,19,22548
מת,מת,mundum,0,21,0,22548
מת,מת,morior,1,21,469,22548
מת,מת,pereo,0,21,156,22548
מת,מת,occido,0,21,196,22548
מת,מת,cado,1,21,252,22548
מת,מת,mors,0,21,197,22548
מת,מת,interfacio,0,21,149,22548
מת,מת,occaedes,0,21,26,22548
מת,מת,obeo,0,21,6,22548
מת,מת,percutio,1,21,489,22548
מת,מת,letum,0,21,0,22548
מת,מת,nex,0,21,4,22548
מת,מת,defunctus,0,21,0,22548
מת,מת,fatum,0,21,0,22548
מת,מת,mortis,0,21,0,22548
מת,מת,morte,0,21,0,22548
מת,מת,mortem,0,21,0,22548
מת,מת,efflicto,0,21,0,22548
מת,מת,emortuus,0,21,0,22548
מת,מת,corporis,0,21,0,22548
מת,מת,cadauer,0,21,51,22548
מת,מת,corpus,0,21,33,22548
מת,מת,mortuus,2,21,52,22548
מת,מת,finis,0,21,137,22548
מת,מת,extremus,0,21,62,22548
מת,מת,ultimo,0,21,0,22548
מת,מת,unus,0,21,586,22548
מת,מת,ullus,0,21,35,22548
מת,מת,quisquam,1,21,119,22548
מת,מת,quidam,0,21,41,22548
מת,מת,nullus,1,21,135,22548
מת,מת,alter,0,21,212,22548
מת,מת,certus,0,21,10,22548
מת,מת,aliquis,0,21,43,22548
מת,מת,quis,1,21,675,22548
מתג,מתג,frenum,3,5,8,22548
מתה,מתה,morior,0,0,469,22548
מתה,מתה,pereo,0,0,156,22548
מתה,מתה,occido,0,0,196,22548
מתה,מתה,cado,0,0,252,22548
מתה,מתה,mors,0,0,197,22548
מתה,מתה,interfacio,0,0,149,22548
מתה,מתה,occaedes,0,0,26,22548
מתה,מתה,obeo,0,0,6,22548
מתה,מתה,percutio,0,0,489,22548
מתה,מתה,finis,0,0,137,22548
מתה,מתה,extremus,0,0,62,22548
מתה,מתה,ultimo,0,0,0,22548
מתו,מתו,morior,0,0,469,22548
מתו,מתו,pereo,0,0,156,22548
מתו,מתו,occido,0,0,196,22548
מתו,מתו,cado,0,0,252,22548
מתו,מתו,mors,0,0,197,22548
מתו,מתו,interfacio,0,0,149,22548
מתו,מתו,occaedes,0,0,26,22548
מתו,מתו,obeo,0,0,6,22548
מתו,מתו,percutio,0,0,489,22548
מתו,מתו,efflicto,0,0,0,22548
מתו,מתו,emortuus,0,0,0,22548
מתוק,מתוק,dulcis,9,11,20,22548
מתוק,מתוק,suauis,0,11,41,22548
מתוק,מתוק,iucundus,0,11,1,22548
מתוק,מתוק,uoluptas,0,11,16,22548
מתוק,מתוק,gaudeo,0,11,34,22548
מתוק,מתוק,laeto,0,11,85,22548
מתוק,מתוק,libet,0,11,3,22548
מתושלח,מתושלח,octoginta,2,6,33,22548
מתושלח,מתושלח,octogeni,0,6,0,22548
מתושלח,מתושלח,octogenarius,0,6,2,22548
מתי,מתי,multitudo,1,37,267,22548
מתי,מתי,numero,0,37,73,22548
מתי,מתי,numerus,0,37,149,22548
מתי,מתי,aurora,0,37,6,22548
מתי,מתי,mane,0,37,173,22548
מתי,מתי,usque,3,37,812,22548
מתי,מתי,dum,0,37,30,22548
מתי,מתי,quoad,0,37,0,22548
מתי,מתי,donec,1,37,221,22548
מתי,מתי,morior,1,37,469,22548
מתי,מתי,emortuus,0,37,0,22548
מתי,מתי,corporis,0,37,0,22548
מתי,מתי,cadauer,0,37,51,22548
מתי,מתי,corpus,0,37,33,22548
מתי,מתי,mortuus,0,37,52,22548
מתי,מתי,interuenium,0,37,0,22548
מתימ,מתים,morior,0,0,469,22548
מתימ,מתים,pereo,0,0,156,22548
מתימ,מתים,occido,0,0,196,22548
מתימ,מתים,cado,0,0,252,22548
מתימ,מתים,mors,0,0,197,22548
מתימ,מתים,interfacio,0,0,149,22548
מתימ,מתים,occaedes,0,0,26,22548
מתימ,מתים,obeo,0,0,6,22548
מתימ,מתים,percutio,0,0,489,22548
מתימ,מתים,efflicto,0,0,0,22548
מתימ,מתים,emortuus,0,0,0,22548
מתימ,מתים,corporis,0,0,0,22548
מתימ,מתים,cadauer,0,0,51,22548
מתימ,מתים,corpus,0,0,33,22548
מתימ,מתים,mortuus,0,0,52,22548
מתכנשינ,מתכנשין,congrego,0,0,255,22548
מתכנשינ,מתכנשין,simul,0,0,145,22548
מתכנשינ,מתכנשין,colligo,0,0,77,22548
מתכנת,מתכנת,proportio,0,5,0,22548
מתכנת,מתכנת,comparatus,0,5,0,22548
מתכנת,מתכנת,compositio,2,5,3,22548
מתמ,מתם,liceor,0,4,0,22548
מתמ,מתם,patior,0,4,36,22548
מתמ,מתם,sino,0,4,24,22548
מתמ,מתם,luceo,0,4,35,22548
מתמ,מתם,medela,0,4,1,22548
מתנ,מתן,lumbus,0,8,33,22548
מתנבאימ,מתנבאים,coniector,0,0,4,22548
מתנה,מתנה,doron,0,21,0,22548
מתנה,מתנה,charisma,0,21,0,22548
מתני,מתני,lumbus,0,4,33,22548
מתנים,מתנים,cingulum,0,44,2,22548
מתנים,מתנים,balteus,3,44,16,22548
מתנים,מתנים,zona,1,44,3,22548
מתנים,מתנים,lumbus,21,44,33,22548
מתנימ,מתנים,lumbus,21,44,33,22548
מתננ,מתנן,doron,0,0,0,22548
מתננ,מתנן,charisma,0,0,0,22548
מתנת,מתנת,doron,0,0,0,22548
מתנת,מתנת,charisma,0,0,0,22548
מתפלל,מתפלל,oro,0,0,95,22548
מתפלל,מתפלל,quaeso,0,0,25,22548
מתפלל,מתפלל,quonam,0,0,0,22548
נא,נא,detraho,0,374,55,22548
נא,נא,uerutum,0,374,0,22548
נאד,נאד,membrana,0,6,0,22548
נאוה,נאוה,uenusto,0,8,0,22548
נאוה,נאוה,luceo,0,8,35,22548
נאכל,נאכל,edo,0,0,26,22548
נאכל,נאכל,comedo,0,0,313,22548
נאכל,נאכל,uescor,0,0,9,22548
נאכל,נאכל,manduco,0,0,6,22548
נאלחו,נאלחו,necesso,0,0,0,22548
נאם,נאם,causa,1,343,85,22548
נאם,נאם,argumentum,0,343,1,22548
נאם,נאם,contio,0,343,3,22548
נאם,נאם,tabula,0,343,57,22548
נאם,נאם,fabula,0,343,2,22548
נאם,נאם,ob,0,343,67,22548
נאם,נאם,ratio,0,343,11,22548
נאם,נאם,uerbi,0,343,0,22548
נאם,נאם,oratio,0,343,64,22548
נאם,נאם,uerbum,15,343,712,22548
נאם,נאם,sermo,10,343,429,22548
נאם,נאם,uox,2,343,345,22548
נאמ,נאם,dico,199,343,3485,22548
נאמ,נאם,loquor,27,343,1092,22548
נאמ,נאם,aio,161,343,898,22548
נאמ,נאם,uoco,6,343,413,22548
נאמ,נאם,appello,0,343,48,22548
נאמ,נאם,fidelis,1,343,38,22548
נאמ,נאם,fides,0,343,28,22548
נאמ,נאם,hercules,0,343,0,22548
נאמ,נאם,fidus,0,343,0,22548
נאמ,נאם,inquam,2,343,103,22548
נאמ,נאם,for,0,343,1,22548
נאמ,נאם,respondeo,3,343,541,22548
נאמנ,נאמן,fidelis,0,0,38,22548
נאמנ,נאמן,fides,0,0,28,22548
נאמנ,נאמן,hercules,0,0,0,22548
נאמנ,נאמן,fidus,0,0,0,22548
נאמנה,נאמנה,fidelis,0,0,38,22548
נאמנה,נאמנה,fides,0,0,28,22548
נאמנה,נאמנה,hercules,0,0,0,22548
נאמנה,נאמנה,fidus,0,0,0,22548
נאמנימ,נאמנים,fidelis,0,0,38,22548
נאמנימ,נאמנים,fides,0,0,28,22548
נאמנימ,נאמנים,hercules,0,0,0,22548
נאמנימ,נאמנים,fidus,0,0,0,22548
נאמר,נאמר,aio,0,0,898,22548
נאמר,נאמר,dico,0,0,3485,22548
נאמר,נאמר,inquam,0,0,103,22548
נאמר,נאמר,loquor,0,0,1092,22548
נאמר,נאמר,respondeo,0,0,541,22548
נאמר,נאמר,profor,0,0,0,22548
נאמר,נאמר,quaero,0,0,249,22548
נאמר,נאמר,peto,0,0,48,22548
נאמר,נאמר,interrogo,0,0,79,22548
נאמר,נאמר,postulo,0,0,39,22548
נאמר,נאמר,rogo,0,0,51,22548
נאספו,נאספו,congrego,0,0,255,22548
נאספו,נאספו,simul,0,0,145,22548
נאספו,נאספו,colligo,0,0,77,22548
נאספימ,נאספים,congrego,0,0,255,22548
נאספימ,נאספים,simul,0,0,145,22548
נאספימ,נאספים,colligo,0,0,77,22548
נאף,נאף,moechor,5,26,7,22548
נאף,נאף,malefidus,0,26,0,22548
נאפופים,נאפופים,moechor,0,1,7,22548
נאפופים,נאפופים,adulterium,0,1,9,22548
נאפים,נאפים,moechor,0,2,7,22548
נאפים,נאפים,adulterium,2,2,9,22548
נאץ,נאץ,contemno,0,21,43,22548
נאץ,נאץ,despicio,1,21,46,22548
נאץ,נאץ,sperno,0,21,8,22548
נאץ,נאץ,respicio,0,21,138,22548
נאק,נאק,gemo,2,2,14,22548
נאק,נאק,ingemo,0,2,3,22548
נאק,נאק,suspiro,0,2,2,22548
נאקה,נאקה,gemebundus,0,4,0,22548
נאקת,נאקת,gemebundus,0,0,0,22548
נאר,נאר,relinquo,0,2,119,22548
נאר,נאר,linquo,0,2,0,22548
נבא,נבא,coniector,0,101,4,22548
נבא,נבא,propheta,39,101,281,22548
נבא,נבא,expositor,0,101,0,22548
נבאימ,נבאים,propheta,0,0,281,22548
נבאימ,נבאים,expositor,0,0,0,22548
נבהלו,נבהלו,obturbo,0,0,0,22548
נבוא,נבוא,intro,0,0,94,22548
נבוא,נבוא,introeo,0,0,36,22548
נבוא,נבוא,ingredior,0,0,482,22548
נבוא,נבוא,subeo,0,0,2,22548
נבואה,נבואה,doron,0,4,0,22548
נבוכדנצר,נבוכדנצר,rex,16,18,1935,22548
נבוכדנצר,נבוכדנצר,tyrannus,2,18,7,22548
נבוכדנצר,נבוכדנצר,dominus,1,18,5912,22548
נבוכדנצר,נבוכדנצר,princeps,3,18,610,22548
נבוכדנצר,נבוכדנצר,regis,0,18,0,22548
נבוכדנצר,נבוכדנצר,regem,0,18,0,22548
נבוכדנצר,נבוכדנצר,regi,0,18,0,22548
נבונ,נבון,sapientia,0,0,151,22548
נבונ,נבון,sapienter,0,0,6,22548
נבונ,נבון,prudens,0,0,30,22548
נבונ,נבון,sapio,0,0,6,22548
נביא,נביא,uates,0,280,0,22548
נביא,נביא,haruspex,0,280,3,22548
נביא,נביא,augur,1,280,4,22548
נביא,נביא,propheta,256,280,281,22548
נביא,נביא,hariolus,1,280,8,22548
נביא,נביא,uidens,0,280,0,22548
נביא,נביא,expositor,0,280,0,22548
נביאה,נביאה,ostentarius,0,6,0,22548
נביאה,נביאה,uidens,0,6,0,22548
נביאי,נביאי,propheta,0,0,281,22548
נביאי,נביאי,expositor,0,0,0,22548
נביאימ,נביאים,propheta,0,0,281,22548
נביאימ,נביאים,expositor,0,0,0,22548
נביאמ,נביאם,propheta,0,0,281,22548
נביאמ,נביאם,expositor,0,0,0,22548
נבל,נבל,stultus,13,95,131,22548
נבל,נבל,amens,0,95,0,22548
נבל,נבל,excido,0,95,7,22548
נבל,נבל,hebeo,0,95,0,22548
נבל,נבל,psalterium,19,95,24,22548
נבלה,נבלה,caecitas,0,54,4,22548
נבלה,נבלה,immundus,11,54,95,22548
נבנימ,נבנים,cognitus,0,0,0,22548
נבראו,נבראו,fio,0,0,188,22548
נבראו,נבראו,nascor,0,0,103,22548
נבראו,נבראו,orior,0,0,52,22548
נבראו,נבראו,gigno,0,0,190,22548
נבראו,נבראו,sum,0,0,9821,22548
נברשה,נברשה,fax,0,0,2,22548
נברשה,נברשה,taeda,0,0,1,22548
נברשה,נברשה,lampas,0,0,8,22548
נברשה,נברשה,lucerna,0,0,41,22548
נברשה,נברשה,lychnus,0,0,0,22548
נגב,נגב,aegyptus,2,87,519,22548
נגב,נגב,aegyptius,0,87,62,22548
נגב,נגב,iris,0,87,0,22548
נגב,נגב,solitudo,2,87,145,22548
נגב,נגב,desero,1,87,97,22548
נגב,נגב,libonotus,0,87,0,22548
נגב,נגב,meridies,41,87,68,22548
נגב,נגב,auster,19,87,34,22548
נגב,נגב,meridianus,9,87,18,22548
נגב,נגב,australis,0,87,0,22548
נגב,נגב,termino,0,87,2,22548
נגד,נגד,fama,1,472,14,22548
נגד,נגד,rumor,1,472,1,22548
נגד,נגד,defero,1,472,42,22548
נגד,נגד,nuntio,101,472,122,22548
נגד,נגד,incoram,0,472,0,22548
נגד,נגד,hostis,1,472,123,22548
נגד,נגד,contrarius,1,472,17,22548
נגד,נגד,inimicus,3,472,247,22548
נגד,נגד,facies,9,472,497,22548
נגד,נגד,oppono,0,472,4,22548
נגד,נגד,praesens,2,472,76,22548
נגד,נגד,contra,50,472,685,22548
נגד,נגד,uultus,5,472,82,22548
נגד,נגד,os,6,472,459,22548
נגד,נגד,ora,0,472,8,22548
נגד,נגד,persona,0,472,13,22548
נגה,נגה,uir,0,24,1154,22548
נגה,נגה,homo,0,24,780,22548
נגה,נגה,mortalis,0,24,3,22548
נגה,נגה,sol,4,24,131,22548
נגה,נגה,phoebus,0,24,0,22548
נגה,נגה,solis,0,24,0,22548
נגה,נגה,nubes,6,24,99,22548
נגה,נגה,nimbus,0,24,0,22548
נגה,נגה,nebula,0,24,12,22548
נגה,נגה,nubis,0,24,3,22548
נגה,נגה,nubila,0,24,1,22548
נגה,נגה,luna,3,24,29,22548
נגה,נגה,plenilunium,0,24,0,22548
נגה,נגה,lunae,0,24,0,22548
נגה,נגה,phoebe,0,24,0,22548
נגה,נגה,lumen,4,24,30,22548
נגה,נגה,splendor,11,24,15,22548
נגה,נגה,lux,5,24,82,22548
נגח,נגח,ala,0,10,45,22548
נגח,נגח,columna,0,10,73,22548
נגח,נגח,penna,0,10,2,22548
נגח,נגח,cornu,6,10,61,22548
נגח,נגח,aconae,0,10,0,22548
נגח,נגח,taurus,1,10,20,22548
נגח,נגח,bos,4,10,182,22548
נגח,נגח,uitulus,0,10,128,22548
נגח,נגח,taurinus,0,10,0,22548
נגיד,נגיד,praetor,0,41,0,22548
נגיד,נגיד,duco,1,41,179,22548
נגיד,נגיד,praecedo,0,41,44,22548
נגיד,נגיד,credo,0,41,59,22548
נגיד,נגיד,considero,0,41,76,22548
נגיד,נגיד,existimo,0,41,1,22548
נגיד,נגיד,iudico,0,41,181,22548
נגיד,נגיד,teneo,0,41,116,22548
נגיד,נגיד,praesertim,0,41,7,22548
נגיד,נגיד,princeps,14,41,610,22548
נגיד,נגיד,magnus,1,41,493,22548
נגיד,נגיד,dux,21,41,155,22548
נגיד,נגיד,praecipuus,0,41,3,22548
נגיד,נגיד,maximus,0,41,0,22548
נגינה,נגינה,camena,0,13,0,22548
נגינה,נגינה,camenae,0,13,0,22548
נגינה,נגינה,musa,0,13,1,22548
נגינה,נגינה,musae,0,13,0,22548
נגינה,נגינה,cantus,0,13,0,22548
נגינת,נגינת,carmen,0,0,23,22548
נגינת,נגינת,cantus,0,0,0,22548
נגינת,נגינת,hymnus,0,0,7,22548
נגלה,נגלה,reuelo,0,0,56,22548
נגן,נגן,bonus,0,12,316,22548
נגן,נגן,probus,0,12,2,22548
נגן,נגן,fortis,1,12,262,22548
נגן,נגן,bene,2,12,65,22548
נגן,נגן,animus,0,12,39,22548
נגן,נגן,spiritus,4,12,241,22548
נגן,נגן,impius,0,12,235,22548
נגן,נגן,malus,4,12,201,22548
נגן,נגן,improbus,0,12,1,22548
נגע,נגע,accendo,0,193,9,22548
נגע,נגע,tango,72,193,100,22548
נגע,נגע,attingo,0,193,0,22548
נגע,נגע,incendo,0,193,36,22548
נגע,נגע,dimitto,4,193,271,22548
נגע,נגע,relinquo,1,193,119,22548
נגע,נגע,absoluo,0,193,0,22548
נגע,נגע,libero,2,193,139,22548
נגע,נגע,ignosco,0,193,7,22548
נגע,נגע,permitto,0,193,6,22548
נגע,נגע,scutica,0,193,0,22548
נגע,נגע,flagrum,0,193,0,22548
נגע,נגע,immundus,29,193,95,22548
נגע,נגע,lepra,37,193,52,22548
נגעת,נגעת,accendo,0,0,9,22548
נגעת,נגעת,tango,0,0,100,22548
נגעת,נגעת,attingo,0,0,0,22548
נגעת,נגעת,incendo,0,0,36,22548
נגף,נגף,noceo,0,52,12,22548
נגפ,נגף,pulto,0,52,1,22548
נגפ,נגף,plaga,8,52,187,22548
נגפ,נגף,uulnus,0,52,25,22548
נגפ,נגף,ictus,0,52,2,22548
נגר,נגר,curro,0,10,61,22548
נגר,נגר,gener,0,10,12,22548
נגר,נגר,genu,0,10,27,22548
נגר,נגר,curriculum,0,10,0,22548
נגר,נגר,percurro,0,10,0,22548
נגר,נגר,decurro,1,10,4,22548
נגר,נגר,discurro,0,10,12,22548
נגש,נגש,attulo,0,133,0,22548
נגש,נגש,pello,0,133,2,22548
נגש,נגש,ago,0,133,146,22548
נגש,נגש,fugo,1,133,14,22548
נגש,נגש,impello,0,133,0,22548
נגש,נגש,iter,0,133,78,22548
נגש,נגש,extrudo,0,133,0,22548
נגש,נגש,expello,0,133,16,22548
נגש,נגש,accedo,47,133,108,22548
נגש,נגש,appropinquo,11,133,41,22548
נגש,נגש,induco,0,133,68,22548
נד,נד,membrana,0,6,0,22548
נד,נד,defensa,0,6,0,22548
נד,נד,tremesco,0,6,0,22548
נד,נד,intremo,0,6,2,22548
נדבה,נדבה,oratio,0,25,64,22548
נדבה,נדבה,prex,0,25,27,22548
נדבה,נדבה,uotum,7,25,41,22548
נדבה,נדבה,pactio,0,25,0,22548
נדד,נדד,fugio,9,25,238,22548
נדד,נדד,effugio,0,25,23,22548
נדד,נדד,fuga,0,25,14,22548
נדד,נדד,exsilium,0,25,0,22548
נדד,נדד,profugio,0,25,7,22548
נדד,נדד,uito,0,25,2,22548
נדד,נדד,exsul,0,25,0,22548
נדד,נדד,excido,0,25,7,22548
נדדו,נדדו,fugio,0,0,238,22548
נדדו,נדדו,effugio,0,0,23,22548
נדדו,נדדו,fuga,0,0,14,22548
נדדו,נדדו,exsilium,0,0,0,22548
נדדו,נדדו,profugio,0,0,7,22548
נדדו,נדדו,uito,0,0,2,22548
נדדו,נדדו,exsul,0,0,0,22548
נדה,נדה,immunditia,5,28,31,22548
נדה,נדה,immundus,8,28,95,22548
נדח,נדח,uago,0,51,1,22548
נדח,נדח,congrego,9,51,255,22548
נדח,נדח,simul,0,51,145,22548
נדח,נדח,colligo,3,51,77,22548
נדחת,נדחת,uago,0,0,1,22548
נדיב,נדיב,libet,0,25,3,22548
נדיב,נדיב,sponte,0,25,0,22548
נדיב,נדיב,ultro,0,25,3,22548
נדיב,נדיב,uoluntarius,1,25,7,22548
נדיב,נדיב,quoad,0,25,0,22548
נדיבי,נדיבי,praetor,0,0,0,22548
נדיבימ,נדיבים,praetor,0,0,0,22548
נדמו,נדמו,stultus,0,0,131,22548
נדמו,נדמו,cogitatio,0,0,90,22548
נדמו,נדמו,hostio,0,0,0,22548
נדעה,נדעה,nosco,0,0,122,22548
נדעה,נדעה,cognosco,0,0,131,22548
נדעה,נדעה,scio,0,0,334,22548
נדעה,נדעה,intellego,0,0,136,22548
נדעה,נדעה,scientia,0,0,76,22548
נדעה,נדעה,statuo,0,0,62,22548
נדר,נדר,oratio,1,64,64,22548
נדר,נדר,prex,0,64,27,22548
נדר,נדר,uotum,32,64,41,22548
נדר,נדר,precor,0,64,10,22548
נדר,נדר,oro,0,64,95,22548
נדר,נדר,uoueo,23,64,40,22548
נדר,נדר,opto,0,64,2,22548
נדר,נדר,quaeso,0,64,25,22548
נדר,נדר,obsecro,0,64,73,22548
נדר,נדר,tandem,0,64,4,22548
נדר,נדר,quonam,0,64,0,22548
נה,נה,auerto,0,1,85,22548
נה,נה,reflecto,0,1,1,22548
נה,נה,do,0,1,1314,22548
נה,נה,trado,0,1,321,22548
נה,נה,dono,0,1,11,22548
נה,נה,tribuo,0,1,66,22548
נה,נה,concedo,0,1,15,22548
נה,נה,soluo,0,1,36,22548
נה,נה,reddo,0,1,173,22548
נה,נה,stipendium,0,1,0,22548
נה,נה,habeo,0,1,694,22548
נה,נה,teneo,0,1,116,22548
נה,נה,possideo,0,1,160,22548
נה,נה,uterus,0,1,49,22548
נה,נה,praecordia,0,1,1,22548
נה,נה,capio,0,1,207,22548
נה,נה,sumo,0,1,94,22548
נה,נה,accipio,0,1,247,22548
נה,נה,recipio,0,1,37,22548
נה,נה,impetro,0,1,1,22548
נה,נה,excipio,0,1,19,22548
נהג,נהג,pello,0,31,2,22548
נהג,נהג,ago,2,31,146,22548
נהג,נהג,fugo,0,31,14,22548
נהג,נהג,impello,0,31,0,22548
נהג,נהג,iter,1,31,78,22548
נהג,נהג,extrudo,0,31,0,22548
נהג,נהג,expello,0,31,16,22548
נהג,נהג,duco,3,31,179,22548
נהג,נהג,affero,1,31,107,22548
נהג,נהג,adduco,3,31,215,22548
נהג,נהג,educo,1,31,242,22548
נהג,נהג,fero,5,31,342,22548
נהג,נהג,deduco,0,31,50,22548
נהג,נהג,induco,2,31,68,22548
נהג,נהג,defero,0,31,42,22548
נהג,נהג,introduco,1,31,83,22548
נהג,נהג,infero,0,31,73,22548
נהג,נהג,offertor,0,31,153,22548
נהג,נהג,plumbum,0,31,7,22548
נהה,נהה,habeo,0,3,694,22548
נהה,נהה,teneo,0,3,116,22548
נהה,נהה,possideo,0,3,160,22548
נהה,נהה,duco,0,3,179,22548
נהה,נהה,praecedo,0,3,44,22548
נהה,נהה,credo,0,3,59,22548
נהה,נהה,considero,0,3,76,22548
נהה,נהה,existimo,0,3,1,22548
נהה,נהה,iudico,0,3,181,22548
נהה,נהה,retineo,0,3,11,22548
נהה,נהה,possessio,0,3,165,22548
נהי,נהי,gemitus,0,9,19,22548
נהי,נהי,planctus,1,9,20,22548
נהי,נהי,luctus,2,9,20,22548
נהי,נהי,fletus,1,9,25,22548
נהי,נהי,querimonia,0,9,3,22548
נהי,נהי,lamentatio,2,9,4,22548
נהי,נהי,lamentum,1,9,6,22548
נהיה,נהיה,fio,0,0,188,22548
נהיה,נהיה,nascor,0,0,103,22548
נהיה,נהיה,orior,0,0,52,22548
נהיה,נהיה,gigno,0,0,190,22548
נהיה,נהיה,sum,0,0,9821,22548
נהיתה,נהיתה,fio,0,0,188,22548
נהיתה,נהיתה,nascor,0,0,103,22548
נהיתה,נהיתה,orior,0,0,52,22548
נהיתה,נהיתה,gigno,0,0,190,22548
נהיתה,נהיתה,sum,0,0,9821,22548
נהל,נהל,duco,0,10,179,22548
נהל,נהל,ago,0,10,146,22548
נהל,נהל,affero,0,10,107,22548
נהל,נהל,adduco,2,10,215,22548
נהל,נהל,educo,0,10,242,22548
נהל,נהל,fero,0,10,342,22548
נהל,נהל,deduco,0,10,50,22548
נהל,נהל,induco,0,10,68,22548
נהל,נהל,defero,0,10,42,22548
נהל,נהל,introduco,0,10,83,22548
נהל,נהל,infero,0,10,73,22548
נהל,נהל,offertor,0,10,153,22548
נהל,נהל,plumbum,0,10,7,22548
נהל,נהל,praecedo,1,10,44,22548
נהל,נהל,credo,0,10,59,22548
נהל,נהל,considero,0,10,76,22548
נהל,נהל,existimo,0,10,1,22548
נהל,נהל,iudico,0,10,181,22548
נהל,נהל,teneo,0,10,116,22548
נהם,נהם,gemo,2,7,14,22548
נהם,נהם,ingemo,0,7,3,22548
נהם,נהם,suspiro,0,7,2,22548
נהר,נהר,fluuius,37,127,63,22548
נהר,נהר,flumen,72,127,101,22548
נהר,נהר,amnis,2,127,4,22548
נהר,נהר,fluuiatilis,0,127,0,22548
נהר,נהר,fluentum,0,127,7,22548
נהר,נהר,cursus,0,127,8,22548
נהרג,נהרג,mors,0,0,197,22548
נהרג,נהרג,interfacio,0,0,149,22548
נהרג,נהרג,occaedes,0,0,26,22548
נהרג,נהרג,percutio,0,0,489,22548
נהרג,נהרג,occido,0,0,196,22548
נהרג,נהרג,neco,0,0,6,22548
נהרות,נהרות,flumen,0,0,101,22548
נהרות,נהרות,fluuius,0,0,63,22548
נהרות,נהרות,amnis,0,0,4,22548
נהרימ,נהרים,flumen,0,0,101,22548
נהרימ,נהרים,fluuius,0,0,63,22548
נהרימ,נהרים,amnis,0,0,4,22548
נהרימ,נהרים,amicimen,0,0,0,22548
נהרת,נהרת,flumen,0,0,101,22548
נהרת,נהרת,fluuius,0,0,63,22548
נהרת,נהרת,amnis,0,0,4,22548
נוא,נוא,prohibeo,0,6,39,22548
נוא,נוא,ueto,0,6,0,22548
נוא,נוא,impedio,0,6,0,22548
נוא,נוא,attorqueo,0,6,0,22548
נוא,נוא,uotiuus,0,6,0,22548
נוגע,נוגע,accendo,0,0,9,22548
נוגע,נוגע,tango,0,0,100,22548
נוגע,נוגע,attingo,0,0,0,22548
נוגע,נוגע,incendo,0,0,36,22548
נודע,נודע,fio,0,0,188,22548
נודע,נודע,nascor,0,0,103,22548
נודע,נודע,orior,0,0,52,22548
נודע,נודע,gigno,0,0,190,22548
נודע,נודע,sum,0,0,9821,22548
נודע,נודע,nosco,0,0,122,22548
נודע,נודע,cognosco,0,0,131,22548
נודע,נודע,scio,0,0,334,22548
נודע,נודע,intellego,0,0,136,22548
נודע,נודע,scientia,0,0,76,22548
נודע,נודע,statuo,0,0,62,22548
נודע,נודע,notitia,0,0,0,22548
נוה,נוה,urbs,2,47,346,22548
נוה,נוה,ciuitas,3,47,683,22548
נוה,נוה,oppidum,0,47,46,22548
נוה,נוה,moenia,0,47,5,22548
נוה,נוה,publicus,0,47,7,22548
נוה,נוה,athenae,0,47,0,22548
נוה,נוה,municipium,0,47,0,22548
נוה,נוה,urbem,0,47,0,22548
נוה,נוה,urbis,0,47,0,22548
נוה,נוה,reliquus,0,47,186,22548
נוה,נוה,ceterus,0,47,56,22548
נוה,נוה,conquiesco,0,47,4,22548
נוה,נוה,ouis,0,47,158,22548
נוה,נוה,pecus,1,47,85,22548
נוה,נוה,grex,7,47,160,22548
נוה,נוה,pecuarius,0,47,0,22548
נוכל,נוכל,possum,0,0,547,22548
נוכל,נוכל,ualeo,0,0,38,22548
נוכל,נוכל,potestas,0,0,42,22548
נוכל,נוכל,uis,0,0,73,22548
נוכל,נוכל,uirtus,0,0,28,22548
נוכל,נוכל,imperium,0,0,59,22548
נוכל,נוכל,queo,0,0,13,22548
נולד,נולד,genero,0,0,14,22548
נולד,נולד,gigno,0,0,190,22548
נולד,נולד,pario,0,0,116,22548
נולד,נולד,fero,0,0,342,22548
נום,נום,somnus,1,7,25,22548
נום,נום,dormio,3,7,169,22548
נוס,נוס,fugio,113,140,238,22548
נוס,נוס,effugio,1,140,23,22548
נוס,נוס,fuga,5,140,14,22548
נוס,נוס,exsilium,0,140,0,22548
נוס,נוס,profugio,1,140,7,22548
נוס,נוס,uito,0,140,2,22548
נוס,נוס,exsul,0,140,0,22548
נוע,נוע,corytos,0,34,0,22548
נוע,נוע,pharetra,0,34,0,22548
נוע,נוע,silua,1,34,29,22548
נוע,נוע,tignum,0,34,1,22548
נוע,נוע,materia,0,34,1,22548
נוע,נוע,lignum,4,34,254,22548
נועצו,נועצו,consilium,0,0,139,22548
נועצו,נועצו,consulo,0,0,39,22548
נועצו,נועצו,iudico,0,0,181,22548
נועצו,נועצו,concilium,0,0,11,22548
נועצו,נועצו,insidiae,0,0,52,22548
נועצו,נועצו,consilior,0,0,1,22548
נוף,נוף,impono,0,34,51,22548
נוף,נוף,impetus,0,34,22,22548
נוף,נוף,oppugno,0,34,0,22548
נוץ,נוץ,trado,0,1,321,22548
נוץ,נוץ,abeo,0,1,219,22548
נוץ,נוץ,discedo,0,1,4,22548
נוץ,נוץ,recedo,1,1,191,22548
נוץ,נוץ,abito,1,1,9,22548
נור,נור,ignis,8,8,336,22548
נור,נור,flamma,1,8,35,22548
נור,נור,incendium,0,8,8,22548
נורא,נורא,mirabilis,0,0,60,22548
נורא,נורא,terribilis,0,0,37,22548
נורא,נורא,formidabilis,0,0,0,22548
נורא,נורא,horrendus,0,0,0,22548
נורא,נורא,formidolosus,0,0,0,22548
נורא,נורא,pauidus,0,0,6,22548
נושעה,נושעה,seruo,0,0,66,22548
נושעה,נושעה,conseruo,0,0,5,22548
נושעה,נושעה,tueor,0,0,6,22548
נושעה,נושעה,saluus,0,0,64,22548
נושעה,נושעה,salus,0,0,95,22548
נושעה,נושעה,libero,0,0,139,22548
נושעה,נושעה,retineo,0,0,11,22548
נושעה,נושעה,saluo,0,0,105,22548
נותנ,נותן,do,0,0,1314,22548
נותנ,נותן,trado,0,0,321,22548
נותנ,נותן,dono,0,0,11,22548
נותנ,נותן,tribuo,0,0,66,22548
נותנ,נותן,concedo,0,0,15,22548
נותנ,נותן,soluo,0,0,36,22548
נותנ,נותן,reddo,0,0,173,22548
נותנ,נותן,stipendium,0,0,0,22548
נותר,נותר,relinquo,0,0,119,22548
נזיד,נזיד,focus,0,5,3,22548
נזיר,נזיר,oratio,0,16,64,22548
נזיר,נזיר,prex,0,16,27,22548
נזיר,נזיר,uotum,1,16,41,22548
נזל,נזל,fluo,7,14,46,22548
נזל,נזל,decurro,0,14,4,22548
נזם,נזם,spicifer,0,16,0,22548
נזם,נזם,aureus,7,16,142,22548
נזם,נזם,aurum,1,16,229,22548
נזמ,נזם,spicifer,0,16,0,22548
נזמי,נזמי,spicifer,0,0,0,22548
נזק,נזק,noceo,0,4,12,22548
נזר,נזר,impono,1,30,51,22548
נזר,נזר,impetus,0,30,22,22548
נזר,נזר,oppugno,0,30,0,22548
נזר,נזר,oratio,0,30,64,22548
נזר,נזר,prex,0,30,27,22548
נזר,נזר,uotum,1,30,41,22548
נח,נח,molybdus,0,39,0,22548
נחבא,נחבא,celo,0,0,45,22548
נחבא,נחבא,abscondo,0,0,141,22548
נחבא,נחבא,occulo,0,0,1,22548
נחבא,נחבא,operio,0,0,159,22548
נחה,נחה,duco,7,39,179,22548
נחה,נחה,ago,0,39,146,22548
נחה,נחה,affero,0,39,107,22548
נחה,נחה,adduco,1,39,215,22548
נחה,נחה,educo,0,39,242,22548
נחה,נחה,fero,0,39,342,22548
נחה,נחה,deduco,10,39,50,22548
נחה,נחה,induco,0,39,68,22548
נחה,נחה,defero,0,39,42,22548
נחה,נחה,introduco,1,39,83,22548
נחה,נחה,infero,0,39,73,22548
נחה,נחה,offertor,0,39,153,22548
נחה,נחה,plumbum,0,39,7,22548
נחה,נחה,praecedo,2,39,44,22548
נחה,נחה,credo,0,39,59,22548
נחה,נחה,considero,0,39,76,22548
נחה,נחה,existimo,0,39,1,22548
נחה,נחה,iudico,1,39,181,22548
נחה,נחה,teneo,2,39,116,22548
נחוש,נחוש,orichalcum,0,1,1,22548
נחוש,נחוש,aeneus,0,1,29,22548
נחוש,נחוש,aereus,1,1,32,22548
נחוש,נחוש,aer,0,1,45,22548
נחוש,נחוש,chalceus,0,1,0,22548
נחוש,נחוש,aeratus,0,1,0,22548
נחוש,נחוש,aes,0,1,19,22548
נחוש,נחוש,aeris,0,1,0,22548
נחוש,נחוש,ferrum,0,1,41,22548
נחוש,נחוש,asum,0,1,2,22548
נחושה,נחושה,orichalcum,0,10,1,22548
נחושה,נחושה,aeneus,0,10,29,22548
נחושה,נחושה,aereus,6,10,32,22548
נחושה,נחושה,aer,0,10,45,22548
נחושה,נחושה,chalceus,0,10,0,22548
נחושה,נחושה,aeratus,0,10,0,22548
נחושה,נחושה,aes,1,10,19,22548
נחושה,נחושה,aeris,0,10,0,22548
נחושה,נחושה,ferrum,2,10,41,22548
נחושה,נחושה,asum,0,10,2,22548
נחושה,נחושה,ferreus,4,10,30,22548
נחושה,נחושה,ferrarius,0,10,2,22548
נחיה,נחיה,assurgo,0,0,3,22548
נחיה,נחיה,consurgo,0,0,144,22548
נחל,נחל,uallis,0,174,8,22548
נחל,נחל,fauces,0,174,3,22548
נחל,נחל,uallum,0,174,0,22548
נחל,נחל,scissus,0,174,3,22548
נחל,נחל,torrens,43,174,47,22548
נחלה,נחלה,possideo,12,193,160,22548
נחלה,נחלה,heredito,0,193,13,22548
נחלה,נחלה,hereditas,97,193,125,22548
נחלה,נחלה,possessio,73,193,165,22548
נחלה,נחלה,hereditarius,2,193,3,22548
נחלה,נחלה,sors,15,193,82,22548
נחלה,נחלה,praedium,0,193,0,22548
נחלה,נחלה,aratio,0,193,0,22548
נחלה,נחלה,sortio,0,193,1,22548
נחלת,נחלת,hereditas,0,0,125,22548
נחלת,נחלת,possessio,0,0,165,22548
נחלת,נחלת,hereditarius,0,0,3,22548
נחם,נחם,paeniteo,12,96,12,22548
נחם,נחם,paenitentia,7,96,24,22548
נחם,נחם,consolo,19,96,21,22548
נחם,נחם,cohorto,0,96,1,22548
נחם,נחם,hortor,0,96,1,22548
נחם,נחם,uolo,1,96,226,22548
נחם,נחם,oro,1,96,95,22548
נחם,נחם,obsecro,2,96,73,22548
נחם,נחם,rogo,1,96,51,22548
נחם,נחם,peto,0,96,48,22548
נחם,נחם,uoco,3,96,413,22548
נחמ,נחם,hortor,0,96,1,22548
נחמ,נחם,uolo,1,96,226,22548
נחמ,נחם,oro,1,96,95,22548
נחמ,נחם,obsecro,2,96,73,22548
נחמ,נחם,rogo,1,96,51,22548
נחמ,נחם,peto,0,96,48,22548
נחמ,נחם,uoco,3,96,413,22548
נחמד,נחמד,hora,0,0,14,22548
נחמד,נחמד,tempus,0,0,407,22548
נחמד,נחמד,prospicus,0,0,0,22548
נחמו,נחמו,hortor,0,0,1,22548
נחמו,נחמו,uolo,0,0,226,22548
נחמו,נחמו,oro,0,0,95,22548
נחמו,נחמו,obsecro,0,0,73,22548
נחמו,נחמו,rogo,0,0,51,22548
נחמו,נחמו,peto,0,0,48,22548
נחמו,נחמו,uoco,0,0,413,22548
נחמת,נחמת,hortor,0,0,1,22548
נחמת,נחמת,uolo,0,0,226,22548
נחמת,נחמת,oro,0,0,95,22548
נחמת,נחמת,obsecro,0,0,73,22548
נחמת,נחמת,rogo,0,0,51,22548
נחמת,נחמת,peto,0,0,48,22548
נחמת,נחמת,uoco,0,0,413,22548
נחץ,נחץ,iubeo,0,1,75,22548
נחץ,נחץ,impero,0,1,49,22548
נחץ,נחץ,mando,0,1,81,22548
נחץ,נחץ,ordo,0,1,56,22548
נחץ,נחץ,praecipio,0,1,448,22548
נחץ,נחץ,imperium,0,1,59,22548
נחץ,נחץ,praesum,0,1,33,22548
נחץ,נחץ,consilium,0,1,139,22548
נחץ,נחץ,commendo,0,1,9,22548
נחץ,נחץ,hortor,0,1,1,22548
נחץ,נחץ,monstro,0,1,12,22548
נחץ,נחץ,uolo,0,1,226,22548
נחץ,נחץ,oro,0,1,95,22548
נחץ,נחץ,obsecro,0,1,73,22548
נחץ,נחץ,rogo,0,1,51,22548
נחץ,נחץ,peto,0,1,48,22548
נחץ,נחץ,uoco,0,1,413,22548
נחש,נחש,draco,1,52,25,22548
נחש,נחש,serpens,17,52,19,22548
נחש,נחש,anguis,0,52,0,22548
נחש,נחש,coluber,8,52,10,22548
נחש,נחש,aes,2,52,19,22548
נחש,נחש,aeris,0,52,0,22548
נחש,נחש,ferrum,2,52,41,22548
נחש,נחש,aereus,1,52,32,22548
נחש,נחש,aer,2,52,45,22548
נחש,נחש,aeneus,2,52,29,22548
נחש,נחש,asum,0,52,2,22548
נחש,נחש,aeratus,0,52,0,22548
נחשבנו,נחשבנו,numero,0,0,73,22548
נחשת,נחשת,orichalcum,1,118,1,22548
נחשת,נחשת,aeneus,28,118,29,22548
נחשת,נחשת,aereus,24,118,32,22548
נחשת,נחשת,aer,29,118,45,22548
נחשת,נחשת,chalceus,0,118,0,22548
נחשת,נחשת,aeratus,0,118,0,22548
נחשת,נחשת,aes,14,118,19,22548
נחשת,נחשת,aeris,0,118,0,22548
נחשת,נחשת,ferrum,13,118,41,22548
נחשת,נחשת,asum,0,118,2,22548
נחשת,נחשת,pecunia,0,118,72,22548
נחשת,נחשת,argenteus,8,118,78,22548
נחשת,נחשת,nummus,0,118,1,22548
נחשת,נחשת,argentum,16,118,189,22548
נחשת,נחשת,aurum,14,118,229,22548
נחשת,נחשת,aureus,4,118,142,22548
נחת,נחת,descendo,1,22,256,22548
נחת,נחת,deicio,0,22,19,22548
נטה,נטה,declino,26,199,79,22548
נטה,נטה,porrigo,1,199,6,22548
נטה,נטה,sisto,0,199,0,22548
נטה,נטה,sto,3,199,425,22548
נטה,נטה,constituo,1,199,186,22548
נטה,נטה,erigo,1,199,60,22548
נטה,נטה,donec,5,199,221,22548
נטה,נטה,quantum,0,199,19,22548
נטה,נטה,usque,2,199,812,22548
נטה,נטה,dum,0,199,30,22548
נטה,נטה,longus,2,199,36,22548
נטה,נטה,sicut,4,199,851,22548
נטה,נטה,quoad,0,199,0,22548
נטה,נטה,figo,4,199,36,22548
נטויה,נטויה,altus,0,0,30,22548
נטויה,נטויה,celsus,0,0,0,22548
נטויה,נטויה,excelsus,0,0,126,22548
נטויה,נטויה,sublimis,0,0,48,22548
נטויה,נטויה,superus,0,0,1,22548
נטויה,נטויה,alo,0,0,13,22548
נטויה,נטויה,summus,0,0,30,22548
נטע,נטע,arbusto,0,56,0,22548
נטע,נטע,ferax,0,56,0,22548
נטע,נטע,uineus,0,56,0,22548
נטע,נטע,hortulus,0,56,0,22548
נטע,נטע,aedes,0,56,27,22548
נטע,נטע,familia,0,56,182,22548
נטע,נטע,templum,0,56,192,22548
נטע,נטע,apud,0,56,144,22548
נטע,נטע,tectum,0,56,43,22548
נטע,נטע,penates,0,56,0,22548
נטע,נטע,cognatio,0,56,146,22548
נטע,נטע,domus,12,56,1485,22548
נטש,נטש,relinquo,6,38,119,22548
נטש,נטש,linquo,0,38,0,22548
נטש,נטש,syron,0,38,2,22548
נטש,נטש,campus,0,38,26,22548
נטש,נטש,planities,0,38,9,22548
נטש,נטש,campe,0,38,0,22548
נטש,נטש,planus,0,38,9,22548
ניב,ניב,fructus,1,2,110,22548
ניב,ניב,pomum,0,2,19,22548
ניב,ניב,messis,0,2,32,22548
ניחוח,ניחוח,olfactus,0,2,0,22548
ניחוח,ניחוח,acerra,0,2,0,22548
ניחוח,ניחוח,irascor,0,2,98,22548
ניחוח,ניחוח,furor,0,2,217,22548
ניחוח,ניחוח,periratus,0,2,0,22548
ניחח,ניחח,olfactus,0,43,0,22548
ניחח,ניחח,occensus,0,43,0,22548
ניחח,ניחח,holocaustum,19,43,232,22548
ניחח,ניחח,odor,38,43,60,22548
ניחח,ניחח,odoratus,1,43,1,22548
נין,נין,proles,0,4,0,22548
נין,נין,stirps,1,4,51,22548
נין,נין,genus,0,4,65,22548
נין,נין,seminium,0,4,0,22548
נין,נין,progenies,2,4,12,22548
נין,נין,nepos,0,4,14,22548
נינ,נין,semen,1,4,186,22548
נינ,נין,stirps,1,4,51,22548
נינ,נין,proles,0,4,0,22548
נינ,נין,semento,0,4,0,22548
נינוה,נינוה,nuntio,0,15,122,22548
נינוה,נינוה,pronuntio,0,15,6,22548
נינוה,נינוה,declaro,0,15,0,22548
נינוה,נינוה,praedico,3,15,52,22548
נינוה,נינוה,praeco,0,15,6,22548
ניר,ניר,fax,0,8,2,22548
ניר,ניר,taeda,0,8,1,22548
ניר,ניר,lampas,0,8,8,22548
ניר,ניר,lucerna,5,8,41,22548
ניר,ניר,lychnus,0,8,0,22548
נכאת,נכאת,acerra,0,2,0,22548
נכה,נכה,ferio,2,463,19,22548
נכה,נכה,pulso,0,463,2,22548
נכה,נכה,percutio,359,463,489,22548
נכונ,נכון,promptus,0,0,1,22548
נכונ,נכון,parito,0,0,0,22548
נכח,נכח,incoram,0,32,0,22548
נכחד,נכחד,celo,0,0,45,22548
נכחד,נכחד,abscondo,0,0,141,22548
נכחד,נכחד,occulo,0,0,1,22548
נכחד,נכחד,operio,0,0,159,22548
נכנימ,נכנים,promptus,0,0,1,22548
נכנימ,נכנים,parito,0,0,0,22548
נכסים,נכסים,ops,0,5,13,22548
נכסים,נכסים,diuitiae,5,5,64,22548
נכסים,נכסים,opis,0,5,0,22548
נכסים,נכסים,lutus,0,5,0,22548
נכר,נכר,stadiatus,0,82,0,22548
נכר,נכר,exter,0,82,10,22548
נכר,נכר,externus,0,82,5,22548
נכר,נכר,alienus,25,82,158,22548
נכר,נכר,syron,0,82,2,22548
נכר,נכר,barbarus,0,82,0,22548
נכר,נכר,peregrinus,5,82,38,22548
נכר,נכר,hospes,0,82,0,22548
נכר,נכר,aduena,2,82,59,22548
נכר,נכר,noscito,0,82,0,22548
נכרי,נכרי,exter,0,44,10,22548
נכרי,נכרי,externus,1,44,5,22548
נכרי,נכרי,alienus,20,44,158,22548
נכרי,נכרי,barbarus,0,44,0,22548
נכרי,נכרי,peregrinus,8,44,38,22548
נכרי,נכרי,hospes,0,44,0,22548
נכרי,נכרי,aduena,3,44,59,22548
נכריה,נכריה,exter,0,0,10,22548
נכריה,נכריה,externus,0,0,5,22548
נכריה,נכריה,alienus,0,0,158,22548
נכריות,נכריות,exter,0,0,10,22548
נכריות,נכריות,externus,0,0,5,22548
נכריות,נכריות,alienus,0,0,158,22548
נכרת,נכרת,interneco,0,0,0,22548
נכרתה,נכרתה,dispono,0,0,16,22548
נכרתה,נכרתה,interneco,0,0,0,22548
נכת,נכת,aerarius,0,2,2,22548
נכת,נכת,thesaurus,2,2,72,22548
נכת,נכת,possessio,0,2,165,22548
נכת,נכת,bonus,1,2,316,22548
נכת,נכת,possideo,0,2,160,22548
נכת,נכת,census,0,2,2,22548
נלחמ,נלחם,bellor,0,0,17,22548
נלחמ,נלחם,pugno,0,0,133,22548
נלחמ,נלחם,gero,0,0,27,22548
נלחמ,נלחם,bellum,0,0,134,22548
נלחמימ,נלחמים,bellum,0,0,134,22548
נלחמימ,נלחמים,mars,0,0,0,22548
נלחמימ,נלחמים,arma,0,0,33,22548
נלחמימ,נלחמים,acies,0,0,27,22548
נלחמימ,נלחמים,bello,0,0,6,22548
נלחמימ,נלחמים,pugna,0,0,33,22548
נלחמימ,נלחמים,belli,0,0,0,22548
נלחמימ,נלחמים,proelium,0,0,104,22548
נלכ,נלך,iter,0,0,78,22548
נלכ,נלך,martius,0,0,0,22548
נלכ,נלך,agmen,0,0,15,22548
נלכ,נלך,pergo,0,0,157,22548
נלכד,נלכד,teneo,0,0,116,22548
נלכד,נלכד,obtineo,0,0,28,22548
נלכד,נלכד,potior,0,0,1,22548
נלכד,נלכד,uictoria,0,0,20,22548
נלכד,נלכד,dominus,0,0,5912,22548
נלכד,נלכד,erus,0,0,0,22548
נלכד,נלכד,uinco,0,0,23,22548
נלכד,נלכד,uictor,0,0,48,22548
נלכה,נלכה,iter,0,0,78,22548
נלכה,נלכה,martius,0,0,0,22548
נלכה,נלכה,agmen,0,0,15,22548
נלכה,נלכה,pergo,0,0,157,22548
נמות,נמות,morior,0,0,469,22548
נמות,נמות,pereo,0,0,156,22548
נמות,נמות,occido,0,0,196,22548
נמות,נמות,cado,0,0,252,22548
נמות,נמות,mors,0,0,197,22548
נמות,נמות,interfacio,0,0,149,22548
נמות,נמות,occaedes,0,0,26,22548
נמות,נמות,obeo,0,0,6,22548
נמות,נמות,percutio,0,0,489,22548
נמלה,נמלה,formica,2,2,2,22548
נמלט,נמלט,seruo,0,0,66,22548
נמלט,נמלט,conseruo,0,0,5,22548
נמלט,נמלט,tueor,0,0,6,22548
נמלט,נמלט,saluus,0,0,64,22548
נמלט,נמלט,salus,0,0,95,22548
נמלט,נמלט,libero,0,0,139,22548
נמלט,נמלט,retineo,0,0,11,22548
נמלט,נמלט,saluo,0,0,105,22548
נמצא,נמצא,inuenio,0,0,379,22548
נמצא,נמצא,reperio,0,0,33,22548
נמצאו,נמצאו,inuenio,0,0,379,22548
נמצאו,נמצאו,reperio,0,0,33,22548
נמצאימ,נמצאים,inuenio,0,0,379,22548
נמצאימ,נמצאים,reperio,0,0,33,22548
נמר,נמר,leopardus,0,5,0,22548
נמר,נמר,ceu,0,5,0,22548
נמר,נמר,uelut,0,5,42,22548
נס,נס,confugium,0,21,6,22548
נס,נס,refugium,0,21,5,22548
נס,נס,signum,16,21,116,22548
נס,נס,insigne,0,21,0,22548
נס,נס,testimonium,0,21,151,22548
נס,נס,argumentum,0,21,1,22548
נס,נס,oppignero,0,21,0,22548
נס,נס,fugio,4,21,238,22548
נס,נס,effugio,0,21,23,22548
נס,נס,fuga,0,21,14,22548
נס,נס,exsilium,0,21,0,22548
נס,נס,profugio,0,21,7,22548
נס,נס,uito,0,21,2,22548
נס,נס,exsul,0,21,0,22548
נסה,נסה,conor,0,34,0,22548
נסה,נסה,suscipio,0,34,91,22548
נסה,נסה,recipio,0,34,37,22548
נסה,נסה,impetus,0,34,22,22548
נסה,נסה,oppugno,0,34,0,22548
נסה,נסה,tento,5,34,8,22548
נסה,נסה,attento,0,34,0,22548
נסה,נסה,tempto,16,34,17,22548
נסה,נסה,experior,2,34,4,22548
נסו,נסו,profugio,0,0,7,22548
נסו,נסו,effugio,0,0,23,22548
נסו,נסו,fugio,0,0,238,22548
נסו,נסו,fuga,0,0,14,22548
נסו,נסו,exsilium,0,0,0,22548
נסו,נסו,uito,0,0,2,22548
נסו,נסו,exsul,0,0,0,22548
נסח,נסח,lacrima,0,5,25,22548
נסח,נסח,fletus,0,5,25,22548
נסח,נסח,fleo,0,5,68,22548
נסח,נסח,lacrimae,0,5,0,22548
נסיך,נסיך,foedus,0,4,88,22548
נסיך,נסיך,pax,0,4,173,22548
נסיך,נסיך,libatio,0,4,6,22548
נסיך,נסיך,indutiae,0,4,0,22548
נסך,נסך,agninus,0,76,0,22548
נסך,נסך,litamen,0,76,0,22548
נסך,נסך,foedus,0,76,88,22548
נסך,נסך,pax,0,76,173,22548
נסך,נסך,libatio,6,76,6,22548
נסך,נסך,indutiae,0,76,0,22548
נסכ,נסך,foedus,0,76,88,22548
נסכ,נסך,pax,0,76,173,22548
נסכ,נסך,libatio,6,76,6,22548
נסכ,נסך,indutiae,0,76,0,22548
נסע,נסע,abito,1,136,9,22548
נסעו,נסעו,discedo,0,0,4,22548
נסעו,נסעו,recedo,0,0,191,22548
נסעו,נסעו,abeo,0,0,219,22548
נע,נע,gemo,0,0,14,22548
נע,נע,ingemo,0,0,3,22548
נע,נע,suspiro,0,0,2,22548
נעברה,נעברה,crux,0,0,6,22548
נעברה,נעברה,transeo,0,0,293,22548
נעברה,נעברה,transgredior,0,0,20,22548
נעדר,נעדר,lateo,0,0,29,22548
נעדר,נעדר,fallo,0,0,2,22548
נעדר,נעדר,obliuiscor,0,0,64,22548
נעה,נעה,morbus,0,5,0,22548
נעה,נעה,pestis,0,5,24,22548
נעה,נעה,lues,0,5,0,22548
נעה,נעה,ualetudo,0,5,0,22548
נעה,נעה,infirmitas,0,5,25,22548
נעור,נעור,iuuentus,0,0,7,22548
נעור,נעור,adulescentia,0,0,42,22548
נעור,נעור,iuuenis,0,0,59,22548
נעור,נעור,iuuenta,0,0,0,22548
נעורים,נעורים,iuuentus,2,45,7,22548
נעורים,נעורים,adulescentia,30,45,42,22548
נעורים,נעורים,iuuenis,0,45,59,22548
נעורים,נעורים,iuuenta,0,45,0,22548
נעורים,נעורים,infans,0,45,18,22548
נעורים,נעורים,fornicatio,3,45,35,22548
נעורים,נעורים,idololatria,0,45,0,22548
נעים,נעים,iucundus,0,11,1,22548
נעים,נעים,dulcis,0,11,20,22548
נעים,נעים,uoluptas,0,11,16,22548
נעים,נעים,gaudeo,0,11,34,22548
נעים,נעים,suauis,0,11,41,22548
נעים,נעים,laeto,0,11,85,22548
נעים,נעים,libet,0,11,3,22548
נעימ,נעים,amoenus,0,11,0,22548
נעל,נעל,calceamentum,17,31,21,22548
נעל,נעל,calceus,0,31,0,22548
נעל,נעל,calceatus,1,31,1,22548
נעל,נעל,lumbus,2,31,33,22548
נעל,נעל,pedum,0,31,0,22548
נעל,נעל,pedes,0,31,12,22548
נעל,נעל,pes,9,31,224,22548
נעלה,נעלה,ascendo,0,0,474,22548
נעלה,נעלה,mons,0,0,470,22548
נעלה,נעלה,escendo,0,0,0,22548
נעלימ,נעלים,calceamentum,0,0,21,22548
נעלימ,נעלים,calceus,0,0,0,22548
נעלימ,נעלים,calceatus,0,0,1,22548
נעמה,נעמה,decem,2,5,184,22548
נעמה,נעמה,deni,0,5,2,22548
נער,נער,adulescens,20,235,28,22548
נער,נער,puer,155,235,220,22548
נער,נער,adulescentia,3,235,42,22548
נער,נער,uiginti,0,235,223,22548
נער,נער,nauis,0,235,27,22548
נער,נער,puppis,0,235,0,22548
נער,נער,carina,0,235,0,22548
נער,נער,ratis,0,235,2,22548
נער,נער,classis,0,235,8,22548
נער,נער,uasum,0,235,0,22548
נער,נער,naui,0,235,0,22548
נער,נער,nauem,0,235,0,22548
נער,נער,iuuenis,18,235,59,22548
נער,נער,adulescentulus,0,235,2,22548
נער,נער,peradulescentulus,0,235,0,22548
נער,נער,nouus,1,235,83,22548
נער,נער,iuuentus,0,235,7,22548
נער,נער,iuuenta,0,235,0,22548
נער,נער,aetas,0,235,23,22548
נער,נער,puellus,0,235,0,22548
נער,נער,puerulus,0,235,0,22548
נער,נער,filius,33,235,3345,22548
נער,נער,iuuencus,0,235,0,22548
נער,נער,filia,3,235,448,22548
נער,נער,nascor,0,235,103,22548
נער,נער,pueri,0,235,0,22548
נער,נער,puerum,0,235,0,22548
נער,נער,natus,0,235,2,22548
נער,נער,uirgineus,0,235,0,22548
נער,נער,uirgo,4,235,59,22548
נער,נער,uirginis,0,235,0,22548
נער,נער,puella,3,235,44,22548
נערה,נערה,mulier,1,60,292,22548
נערה,נערה,filia,5,60,448,22548
נערה,נערה,uirgo,9,60,59,22548
נערה,נערה,nata,0,60,0,22548
נערה,נערה,puella,34,60,44,22548
נערה,נערה,nauis,0,60,27,22548
נערה,נערה,puppis,0,60,0,22548
נערה,נערה,carina,0,60,0,22548
נערה,נערה,ratis,0,60,2,22548
נערה,נערה,classis,0,60,8,22548
נערה,נערה,uasum,0,60,0,22548
נערה,נערה,naui,0,60,0,22548
נערה,נערה,nauem,0,60,0,22548
נערה,נערה,nascor,0,60,103,22548
נערה,נערה,puer,4,60,220,22548
נערה,נערה,pueri,0,60,0,22548
נערה,נערה,puerum,0,60,0,22548
נערה,נערה,natus,0,60,2,22548
נערה,נערה,filius,2,60,3345,22548
נערה,נערה,uirgineus,0,60,0,22548
נערה,נערה,uirginis,0,60,0,22548
נערה,נערה,puera,0,60,0,22548
נערות,נערות,puella,0,1,44,22548
נערות,נערות,infantula,0,1,0,22548
נערות,נערות,puellula,0,1,0,22548
נערי,נערי,puellus,0,1,0,22548
נערי,נערי,puerulus,0,1,0,22548
נערימ,נערים,adulescens,0,0,28,22548
נערימ,נערים,iuuenis,0,0,59,22548
נערימ,נערים,adulescentulus,0,0,2,22548
נערימ,נערים,peradulescentulus,0,0,0,22548
נערימ,נערים,puellus,0,0,0,22548
נערימ,נערים,puerulus,0,0,0,22548
נערת,נערת,ancillatus,0,2,0,22548
נעשתה,נעשתה,fio,0,0,188,22548
נעשתה,נעשתה,nascor,0,0,103,22548
נעשתה,נעשתה,orior,0,0,52,22548
נעשתה,נעשתה,gigno,0,0,190,22548
נעשתה,נעשתה,sum,0,0,9821,22548
נפה,נפה,coniugo,0,4,0,22548
נפה,נפה,bigae,0,4,0,22548
נפה,נפה,iugum,0,4,44,22548
נפח,נפח,plaga,0,11,187,22548
נפח,נפח,uulnus,0,11,25,22548
נפח,נפח,ictus,0,11,2,22548
נפכ,נפך,carbo,0,4,11,22548
נפכ,נפך,anthracitis,0,4,0,22548
נפל,נפל,cado,187,403,252,22548
נפל,נפל,incido,9,403,17,22548
נפל,נפל,ingruo,0,403,1,22548
נפל,נפל,concido,7,403,21,22548
נפל,נפל,ruo,11,403,18,22548
נפל,נפל,ruina,5,403,51,22548
נפלאות,נפלאות,mirus,0,0,4,22548
נפלאות,נפלאות,mirificus,0,0,0,22548
נפלאות,נפלאות,mirabilis,0,0,60,22548
נפלאת,נפלאת,mirus,0,0,4,22548
נפלאת,נפלאת,mirificus,0,0,0,22548
נפלה,נפלה,ingruo,0,0,1,22548
נפלה,נפלה,cado,0,0,252,22548
נפלה,נפלה,concido,0,0,21,22548
נפלה,נפלה,ruo,0,0,18,22548
נפלה,נפלה,incido,0,0,17,22548
נפלה,נפלה,ruina,0,0,51,22548
נפלו,נפלו,ingruo,0,0,1,22548
נפלו,נפלו,cado,0,0,252,22548
נפלו,נפלו,concido,0,0,21,22548
נפלו,נפלו,ruo,0,0,18,22548
נפלו,נפלו,incido,0,0,17,22548
נפלו,נפלו,ruina,0,0,51,22548
נפלו,נפלו,admeo,0,0,0,22548
נפלינ,נפלין,cado,0,0,252,22548
נפלינ,נפלין,concido,0,0,21,22548
נפלינ,נפלין,ruo,0,0,18,22548
נפלינ,נפלין,incido,0,0,17,22548
נפלינ,נפלין,ruina,0,0,51,22548
נפצו,נפצו,diffundo,0,0,7,22548
נפק,נפק,extro,0,4,0,22548
נפק,נפק,exeo,0,4,81,22548
נפק,נפק,egredior,2,4,582,22548
נפק,נפק,prodeo,0,4,0,22548
נפקה,נפקה,liceor,0,2,0,22548
נפקה,נפקה,patior,0,2,36,22548
נפקה,נפקה,sino,0,2,24,22548
נפקה,נפקה,luceo,0,2,35,22548
נפקו,נפקו,liceor,0,0,0,22548
נפקו,נפקו,patior,0,0,36,22548
נפקו,נפקו,sino,0,0,24,22548
נפקו,נפקו,luceo,0,0,35,22548
נפקינ,נפקין,liceor,0,0,0,22548
נפקינ,נפקין,patior,0,0,36,22548
נפקינ,נפקין,sino,0,0,24,22548
נפקינ,נפקין,luceo,0,0,35,22548
נפש,נפש,ipse,43,676,933,22548
נפש,נפש,sui,24,676,606,22548
נפש,נפש,anima,573,676,602,22548
נפש,נפש,spiritus,5,676,241,22548
נפש,נפש,aetas,3,676,23,22548
נפש,נפש,uita,23,676,169,22548
נפש,נפש,animus,11,676,39,22548
נפש,נפש,mens,3,676,38,22548
נפש,נפש,animae,0,676,0,22548
נפש,נפש,frigido,0,676,0,22548
נפש,נפש,refrigero,2,676,2,22548
נפשות,נפשות,anima,0,0,602,22548
נפשות,נפשות,spiritus,0,0,241,22548
נפשות,נפשות,aetas,0,0,23,22548
נפשות,נפשות,uita,0,0,169,22548
נפשות,נפשות,animus,0,0,39,22548
נפשות,נפשות,mens,0,0,38,22548
נפשות,נפשות,animae,0,0,0,22548
נפשי,נפשי,anima,0,0,602,22548
נפשי,נפשי,spiritus,0,0,241,22548
נפשי,נפשי,aetas,0,0,23,22548
נפשי,נפשי,uita,0,0,169,22548
נפשי,נפשי,animus,0,0,39,22548
נפשי,נפשי,mens,0,0,38,22548
נפשי,נפשי,animae,0,0,0,22548
נפשת,נפשת,frigido,0,0,0,22548
נפשת,נפשת,refrigero,0,0,2,22548
נפת,נפת,collis,0,6,66,22548
נפת,נפת,mons,0,6,470,22548
נפת,נפת,iuba,0,6,0,22548
נפת,נפת,iugum,0,6,44,22548
נפת,נפת,serum,0,6,0,22548
נפת,נפת,terminus,0,6,162,22548
נפתחו,נפתחו,pateo,0,0,11,22548
נפתחו,נפתחו,aperio,0,0,166,22548
נפתחו,נפתחו,patefacio,0,0,0,22548
נץ,נץ,effloresco,1,5,2,22548
נץ,נץ,flos,1,5,18,22548
נצב,נצב,scientia,0,72,76,22548
נצב,נצב,sto,33,72,425,22548
נצב,נצב,sisto,0,72,0,22548
נצב,נצב,constituo,2,72,186,22548
נצב,נצב,erigo,5,72,60,22548
נצבימ,נצבים,sisto,0,0,0,22548
נצבימ,נצבים,sto,0,0,425,22548
נצבימ,נצבים,constituo,0,0,186,22548
נצבימ,נצבים,erigo,0,0,60,22548
נצבימ,נצבים,aduenio,0,0,27,22548
נצבימ,נצבים,praesidium,0,0,26,22548
נצבימ,נצבים,custodia,0,0,60,22548
נצבת,נצבת,sisto,0,0,0,22548
נצבת,נצבת,sto,0,0,425,22548
נצבת,נצבת,constituo,0,0,186,22548
נצבת,נצבת,erigo,0,0,60,22548
נצה,נצה,pugno,2,12,133,22548
נצה,נצה,dimico,0,12,22,22548
נצה,נצה,certo,0,12,3,22548
נצה,נצה,proelium,0,12,104,22548
נצה,נצה,pugna,0,12,33,22548
נצה,נצה,acies,0,12,27,22548
נצה,נצה,proelior,0,12,4,22548
נצח,נצח,praeolo,0,102,0,22548
נצח,נצח,gloria,1,102,214,22548
נצח,נצח,fama,0,102,14,22548
נצח,נצח,sententia,0,102,30,22548
נצח,נצח,existimatio,0,102,0,22548
נצח,נצח,laus,1,102,73,22548
נצח,נצח,opinio,0,102,0,22548
נצח,נצח,decus,0,102,3,22548
נצח,נצח,gloriola,0,102,0,22548
נצח,נצח,gloriae,0,102,0,22548
נצח,נצח,honor,0,102,17,22548
נצח,נצח,finis,15,102,137,22548
נצח,נצח,exitus,0,102,17,22548
נצח,נצח,euentus,0,102,2,22548
נצח,נצח,legio,0,102,3,22548
נצח,נצח,extremus,0,102,62,22548
נצח,נצח,posterus,0,102,25,22548
נצח,נצח,denique,0,102,4,22548
נצח,נצח,nouissimus,0,102,94,22548
נצח,נצח,tempus,0,102,407,22548
נצח,נצח,tum,0,102,2,22548
נצח,נצח,longus,0,102,36,22548
נצח,נצח,diu,0,102,1,22548
נצח,נצח,aetas,0,102,23,22548
נצח,נצח,temporis,0,102,0,22548
נצח,נצח,aeuum,0,102,1,22548
נצח,נצח,saeculum,1,102,46,22548
נצח,נצח,uita,1,102,169,22548
נצח,נצח,aeternus,2,102,162,22548
נצח,נצח,sempiternus,8,102,188,22548
נציב,נציב,columna,0,11,73,22548
נציב,נציב,prostylos,0,11,0,22548
נציב,נציב,crusta,0,11,0,22548
נציב,נציב,statio,2,11,12,22548
נציב,נציב,syron,0,11,2,22548
נצל,נצל,trado,7,192,321,22548
נצל,נצל,abeo,0,192,219,22548
נצל,נצל,uendo,0,192,61,22548
נצל,נצל,restituo,0,192,39,22548
נצל,נצל,soluo,0,192,36,22548
נצל,נצל,redeo,1,192,30,22548
נצל,נצל,reuorto,2,192,75,22548
נצל,נצל,stipendium,0,192,0,22548
נצל,נצל,libero,85,192,139,22548
נצל,נצל,reddo,4,192,173,22548
נצל,נצל,deditio,0,192,0,22548
נצל,נצל,eruo,61,192,89,22548
נצל,נצל,eripio,2,192,7,22548
נצל,נצל,detraho,1,192,55,22548
נצן,נצן,effloresco,0,1,2,22548
נצן,נצן,flos,1,1,18,22548
נצר,נצר,custodia,6,63,60,22548
נצר,נצר,uigilia,0,63,8,22548
נצר,נצר,praesidium,0,63,26,22548
נצר,נצר,carcer,0,63,47,22548
נצר,נצר,uinculum,0,63,27,22548
נצר,נצר,custos,14,63,73,22548
נצר,נצר,seruo,21,63,66,22548
נצר,נצר,custodio,20,63,267,22548
נצר,נצר,caueo,0,63,38,22548
נקא,נקא,mundus,0,0,97,22548
נקא,נקא,purus,0,0,43,22548
נקבה,נקבה,femina,16,22,31,22548
נקבה,נקבה,masculus,12,22,31,22548
נקבה,נקבה,masculinus,1,22,30,22548
נקבה,נקבה,mas,1,22,12,22548
נקבצו,נקבצו,congrego,0,0,255,22548
נקבצו,נקבצו,simul,0,0,145,22548
נקבצו,נקבצו,colligo,0,0,77,22548
נקד,נקד,capra,3,10,24,22548
נקד,נקד,caper,0,10,3,22548
נקד,נקד,hircus,1,10,29,22548
נקד,נקד,caprinus,0,10,0,22548
נקד,נקד,hircinus,0,10,0,22548
נקד,נקד,albus,2,10,15,22548
נקד,נקד,candidus,0,10,5,22548
נקד,נקד,lelepris,0,10,0,22548
נקד,נקד,ophthalmias,0,10,0,22548
נקד,נקד,merces,2,10,48,22548
נקד,נקד,praemium,0,10,3,22548
נקד,נקד,stipendium,0,10,0,22548
נקד,נקד,gero,0,10,27,22548
נקד,נקד,soluo,1,10,36,22548
נקד,נקד,reddo,0,10,173,22548
נקד,נקד,uarius,7,10,30,22548
נקד,נקד,ouis,6,10,158,22548
נקד,נקד,pecus,1,10,85,22548
נקד,נקד,grex,3,10,160,22548
נקד,נקד,pecuarius,0,10,0,22548
נקדימ,נקדים,uarius,0,3,30,22548
נקה,נקה,asymbolus,0,32,0,22548
נקה,נקה,depurgo,0,32,0,22548
נקה,נקה,limpido,0,32,0,22548
נקומה,נקומה,surgo,0,0,287,22548
נקומה,נקומה,exsurgo,0,0,1,22548
נקח,נקח,capio,0,0,207,22548
נקח,נקח,sumo,0,0,94,22548
נקח,נקח,accipio,0,0,247,22548
נקח,נקח,recipio,0,0,37,22548
נקח,נקח,impetro,0,0,1,22548
נקח,נקח,excipio,0,0,19,22548
נקי,נקי,innocens,24,40,46,22548
נקי,נקי,immeritus,0,40,0,22548
נקי,נקי,asymbolus,0,40,0,22548
נקי,נקי,effundo,7,40,112,22548
נקי,נקי,offundo,0,40,0,22548
נקי,נקי,defundo,0,40,0,22548
נקם,נקם,defendo,0,42,7,22548
נקם,נקם,arceo,0,42,5,22548
נקם,נקם,propulso,0,42,0,22548
נקם,נקם,defensio,0,42,0,22548
נקם,נקם,tutor,0,42,0,22548
נקם,נקם,uisito,2,42,58,22548
נקם,נקם,ulciscor,13,42,27,22548
נקם,נקם,ultio,19,42,42,22548
נקם,נקם,stipendior,0,42,0,22548
נקם,נקם,ius,0,42,37,22548
נקם,נקם,iustitia,1,42,220,22548
נקם,נקם,fas,0,42,3,22548
נקם,נקם,iudicium,2,42,361,22548
נקם,נקם,supplicium,0,42,1,22548
נקם,נקם,aptus,0,42,9,22548
נקם,נקם,causa,1,42,85,22548
נקם,נקם,aequitas,0,42,20,22548
נקם,נקם,poena,1,42,5,22548
נקם,נקם,ultorius,0,42,0,22548
נקם,נקם,hostis,7,42,123,22548
נקם,נקם,inimicus,8,42,247,22548
נקם,נקם,infestus,0,42,0,22548
נקמ,נקם,ius,0,42,37,22548
נקמ,נקם,iustitia,1,42,220,22548
נקמ,נקם,fas,0,42,3,22548
נקמ,נקם,iudicium,2,42,361,22548
נקמ,נקם,supplicium,0,42,1,22548
נקמ,נקם,aptus,0,42,9,22548
נקמ,נקם,uisito,2,42,58,22548
נקמ,נקם,causa,1,42,85,22548
נקמ,נקם,aequitas,0,42,20,22548
נקמ,נקם,poena,1,42,5,22548
נקמ,נקם,ultorius,0,42,0,22548
נקמה,נקמה,defendo,0,22,7,22548
נקמה,נקמה,arceo,0,22,5,22548
נקמה,נקמה,propulso,0,22,0,22548
נקמה,נקמה,defensio,0,22,0,22548
נקמה,נקמה,tutor,0,22,0,22548
נקמה,נקמה,poena,0,22,5,22548
נקמה,נקמה,supplicium,0,22,1,22548
נקמה,נקמה,ultio,16,22,42,22548
נקמה,נקמה,stipendior,0,22,0,22548
נקמה,נקמה,ultorius,0,22,0,22548
נקמה,נקמה,hostis,1,22,123,22548
נקמה,נקמה,inimicus,3,22,247,22548
נקמה,נקמה,infestus,0,22,0,22548
נקע,נקע,defectio,0,3,1,22548
נקע,נקע,deficio,0,3,100,22548
נקפה,נקפה,funis,0,1,27,22548
נקפה,נקפה,resticula,0,1,1,22548
נקפה,נקפה,tortum,0,1,0,22548
נקפה,נקפה,rudentes,0,1,0,22548
נקפה,נקפה,rudens,0,1,0,22548
נקפה,נקפה,restis,0,1,0,22548
נקרא,נקרא,inuoco,0,0,72,22548
נקרא,נקרא,appello,0,0,48,22548
נקרא,נקרא,nomino,0,0,16,22548
נקרא,נקרא,nomen,0,0,730,22548
נקרא,נקרא,inuito,0,0,5,22548
נקרא,נקרא,uoco,0,0,413,22548
נר,נר,fax,0,53,2,22548
נר,נר,taeda,0,53,1,22548
נר,נר,lampas,1,53,8,22548
נר,נר,lucerna,32,53,41,22548
נר,נר,lychnus,0,53,0,22548
נראה,נראה,uideo,0,0,1044,22548
נראה,נראה,cerno,0,0,61,22548
נראה,נראה,conspicio,0,0,7,22548
נראה,נראה,aspicio,0,0,36,22548
נראה,נראה,animaduerto,0,0,5,22548
נראה,נראה,obseruo,0,0,56,22548
נרדה,נרדה,descendo,0,0,256,22548
נרדה,נרדה,deicio,0,0,19,22548
נש,נש,coniunx,0,0,5,22548
נש,נש,muliebris,0,0,7,22548
נש,נש,uira,0,0,0,22548
נש,נש,femina,0,0,31,22548
נש,נש,uxor,0,0,367,22548
נש,נש,mulier,0,0,292,22548
נש,נש,ipse,0,0,933,22548
נש,נש,sui,0,0,606,22548
נשא,נשא,sustollo,0,638,1,22548
נשא,נשא,dimitto,11,638,271,22548
נשא,נשא,relinquo,3,638,119,22548
נשא,נשא,absoluo,0,638,0,22548
נשא,נשא,libero,2,638,139,22548
נשא,נשא,ignosco,1,638,7,22548
נשא,נשא,permitto,0,638,6,22548
נשא,נשא,capio,7,638,207,22548
נשא,נשא,sumo,12,638,94,22548
נשא,נשא,accipio,25,638,247,22548
נשא,נשא,recipio,3,638,37,22548
נשא,נשא,impetro,0,638,1,22548
נשא,נשא,excipio,0,638,19,22548
נשא,נשא,fero,37,638,342,22548
נשא,נשא,porto,115,638,176,22548
נשא,נשא,gero,0,638,27,22548
נשא,נשא,affero,9,638,107,22548
נשא,נשא,adduco,9,638,215,22548
נשא,נשא,educo,6,638,242,22548
נשא,נשא,duco,5,638,179,22548
נשא,נשא,induco,9,638,68,22548
נשא,נשא,defero,7,638,42,22548
נשא,נשא,introduco,2,638,83,22548
נשא,נשא,infero,3,638,73,22548
נשא,נשא,offertor,5,638,153,22548
נשאו,נשאו,dictum,0,0,0,22548
נשאו,נשאו,uerbum,0,0,712,22548
נשאו,נשאו,uox,0,0,345,22548
נשאו,נשאו,uersus,0,0,18,22548
נשאו,נשאו,sermo,0,0,429,22548
נשאו,נשאו,carmen,0,0,23,22548
נשאו,נשאו,poema,0,0,0,22548
נשאי,נשאי,fero,0,0,342,22548
נשאי,נשאי,porto,0,0,176,22548
נשאי,נשאי,gero,0,0,27,22548
נשאי,נשאי,affero,0,0,107,22548
נשאי,נשאי,adduco,0,0,215,22548
נשאי,נשאי,educo,0,0,242,22548
נשאי,נשאי,duco,0,0,179,22548
נשאי,נשאי,induco,0,0,68,22548
נשאי,נשאי,defero,0,0,42,22548
נשאי,נשאי,introduco,0,0,83,22548
נשאי,נשאי,infero,0,0,73,22548
נשאי,נשאי,offertor,0,0,153,22548
נשאר,נשאר,relinquo,0,0,119,22548
נשאת,נשאת,sustollo,0,0,1,22548
נשאת,נשאת,dimitto,0,0,271,22548
נשאת,נשאת,relinquo,0,0,119,22548
נשאת,נשאת,absoluo,0,0,0,22548
נשאת,נשאת,libero,0,0,139,22548
נשאת,נשאת,ignosco,0,0,7,22548
נשאת,נשאת,permitto,0,0,6,22548
נשב,נשב,plaga,0,2,187,22548
נשב,נשב,uulnus,0,2,25,22548
נשב,נשב,ictus,0,2,2,22548
נשבע,נשבע,iuro,0,0,132,22548
נשבע,נשבע,adiuro,0,0,22,22548
נשבע,נשבע,iniuro,0,0,0,22548
נשבע,נשבע,iureiuro,0,0,2,22548
נשבעו,נשבעו,iuro,0,0,132,22548
נשבעו,נשבעו,adiuro,0,0,22,22548
נשבעו,נשבעו,iniuro,0,0,0,22548
נשבעו,נשבעו,iureiuro,0,0,2,22548
נשבעתי,נשבעתי,iuro,0,0,132,22548
נשבעתי,נשבעתי,adiuro,0,0,22,22548
נשבעתי,נשבעתי,iniuro,0,0,0,22548
נשבעתי,נשבעתי,iureiuro,0,0,2,22548
נשבר,נשבר,praetero,0,0,0,22548
נשברה,נשברה,praetero,0,0,0,22548
נשבת,נשבת,ulter,0,0,0,22548
נשבת,נשבת,decoctum,0,0,0,22548
נשבת,נשבת,decima,0,0,24,22548
נשג,נשג,comprehendo,5,47,23,22548
נשגב,נשגב,sublimo,0,0,4,22548
נשה,נשה,rigeo,0,3,0,22548
נשובה,נשובה,reuerto,0,0,0,22548
נשי,נשי,coniunx,0,0,5,22548
נשי,נשי,muliebris,0,0,7,22548
נשי,נשי,uira,0,0,0,22548
נשי,נשי,femina,0,0,31,22548
נשי,נשי,uxor,0,0,367,22548
נשי,נשי,mulier,0,0,292,22548
נשי,נשי,debeo,0,0,95,22548
נשי,נשי,indigeo,0,0,25,22548
נשיא,נשיא,praetor,0,118,0,22548
נשיא,נשיא,praesertim,0,118,7,22548
נשיא,נשיא,princeps,87,118,610,22548
נשיא,נשיא,magnus,3,118,493,22548
נשיא,נשיא,dux,17,118,155,22548
נשיא,נשיא,praecipuus,0,118,3,22548
נשיא,נשיא,maximus,0,118,0,22548
נשיה,נשיה,obliuio,1,1,19,22548
נשימ,נשים,coniunx,0,0,5,22548
נשימ,נשים,muliebris,0,0,7,22548
נשימ,נשים,uira,0,0,0,22548
נשימ,נשים,femina,0,0,31,22548
נשימ,נשים,uxor,0,0,367,22548
נשימ,נשים,mulier,0,0,292,22548
נשיקה,נשיקה,osculum,1,2,4,22548
נשיקה,נשיקה,basio,0,2,0,22548
נשיקה,נשיקה,amo,0,2,68,22548
נשיקה,נשיקה,diligo,2,2,173,22548
נשיקה,נשיקה,soleo,0,2,51,22548
נשיקה,נשיקה,caritas,0,2,9,22548
נשיקה,נשיקה,amor,0,2,13,22548
נשך,נשך,mordeo,8,22,10,22548
נשך,נשך,morsus,0,22,3,22548
נשך,נשך,serpens,6,22,19,22548
נשך,נשך,anguis,0,22,0,22548
נשך,נשך,coluber,4,22,10,22548
נשך,נשך,productio,0,22,0,22548
נשך,נשך,partitudo,0,22,0,22548
נשכ,נשך,partitudo,0,22,0,22548
נשכה,נשכה,domus,2,3,1485,22548
נשכה,נשכה,tecta,0,3,0,22548
נשכה,נשכה,templum,0,3,192,22548
נשכה,נשכה,apud,0,3,144,22548
נשכה,נשכה,palatium,0,3,27,22548
נשכה,נשכה,tectum,0,3,43,22548
נשכה,נשכה,aedes,0,3,27,22548
נשכה,נשכה,regia,0,3,9,22548
נשכה,נשכה,familia,0,3,182,22548
נשכה,נשכה,aula,0,3,3,22548
נשכה,נשכה,atrium,0,3,100,22548
נשכה,נשכה,thalamus,0,3,13,22548
נשמה,נשמה,animus,0,23,39,22548
נשמה,נשמה,spiritus,10,23,241,22548
נשמה,נשמה,flatus,4,23,5,22548
נשמה,נשמה,aura,0,23,3,22548
נשמה,נשמה,uita,2,23,169,22548
נשמה,נשמה,anima,3,23,602,22548
נשמה,נשמה,uictus,0,23,5,22548
נשמה,נשמה,relinquo,0,23,119,22548
נשמע,נשמע,audio,0,0,927,22548
נשמע,נשמע,exaudio,0,0,135,22548
נשמע,נשמע,ausculto,0,0,17,22548
נשמת,נשמת,flatus,0,0,5,22548
נשמת,נשמת,spiritus,0,0,241,22548
נשמת,נשמת,aura,0,0,3,22548
נשף,נשף,plaga,0,14,187,22548
נשף,נשף,uulnus,0,14,25,22548
נשף,נשף,ictus,0,14,2,22548
נשק,נשק,osculum,2,47,4,22548
נשק,נשק,basio,0,47,0,22548
נשק,נשק,amo,0,47,68,22548
נשק,נשק,diligo,1,47,173,22548
נשק,נשק,soleo,0,47,51,22548
נשק,נשק,caritas,0,47,9,22548
נשק,נשק,amor,0,47,13,22548
נשק,נשק,madefacto,0,47,0,22548
נשר,נשר,aquila,21,25,21,22548
נשר,נשר,fastigium,0,25,1,22548
נשר,נשר,plancus,0,25,0,22548
נשרימ,נשרים,aquila,0,0,21,22548
נשרימ,נשרים,fastigium,0,0,1,22548
נשרימ,נשרים,plancus,0,0,0,22548
נשת,נשת,inaresco,0,3,0,22548
נשת,נשת,exsicco,0,3,10,22548
נשת,נשת,siccus,0,3,18,22548
נשת,נשת,aridus,0,3,15,22548
נתח,נתח,seco,1,13,7,22548
נתח,נתח,caedo,2,13,68,22548
נתח,נתח,scindo,0,13,55,22548
נתח,נתח,caesa,0,13,0,22548
נתח,נתח,impono,1,13,51,22548
נתח,נתח,impetus,0,13,22,22548
נתח,נתח,oppugno,0,13,0,22548
נתח,נתח,membrum,4,13,7,22548
נתח,נתח,artus,2,13,5,22548
נתח,נתח,carmen,0,13,23,22548
נתח,נתח,silua,0,13,29,22548
נתח,נתח,tignum,0,13,1,22548
נתח,נתח,materia,0,13,1,22548
נתח,נתח,lignum,3,13,254,22548
נתיב,נתיב,iter,0,5,78,22548
נתיב,נתיב,semita,4,5,81,22548
נתיב,נתיב,uia,0,5,601,22548
נתיב,נתיב,modus,0,5,46,22548
נתיבה,נתיבה,iter,3,21,78,22548
נתיבה,נתיבה,semita,18,21,81,22548
נתיבה,נתיבה,uia,12,21,601,22548
נתיבה,נתיבה,modus,0,21,46,22548
נתיבה,נתיבה,orbita,0,21,0,22548
נתיבה,נתיבה,frictio,0,21,0,22548
נתיבות,נתיבות,orbita,0,0,0,22548
נתיבות,נתיבות,frictio,0,0,0,22548
נתך,נתך,ira,2,17,119,22548
נתך,נתך,furor,9,17,217,22548
נתך,נתך,iracundia,1,17,33,22548
נתנ,נתן,do,1022,1819,1314,22548
נתנ,נתן,trado,241,1819,321,22548
נתנ,נתן,dono,4,1819,11,22548
נתנ,נתן,tribuo,38,1819,66,22548
נתנ,נתן,concedo,8,1819,15,22548
נתנ,נתן,soluo,6,1819,36,22548
נתנ,נתן,reddo,21,1819,173,22548
נתנ,נתן,stipendium,0,1819,0,22548
נתנ,נתן,impono,15,1819,51,22548
נתנ,נתן,impetus,1,1819,22,22548
נתנ,נתן,oppugno,0,1819,0,22548
נתנ,נתן,libero,10,1819,139,22548
נתנ,נתן,deditio,0,1819,0,22548
נתנ,נתן,eruo,9,1819,89,22548
נתנ,נתן,eripio,0,1819,7,22548
נתנ,נתן,pono,176,1819,697,22548
נתנ,נתן,loco,0,1819,2,22548
נתנ,נתן,statuo,6,1819,62,22548
נתנ,נתן,colloco,0,1819,17,22548
נתנ,נתן,locus,52,1819,513,22548
נתנה,נתנה,do,0,0,1314,22548
נתנה,נתנה,trado,0,0,321,22548
נתנה,נתנה,dono,0,0,11,22548
נתנה,נתנה,tribuo,0,0,66,22548
נתנה,נתנה,concedo,0,0,15,22548
נתנה,נתנה,soluo,0,0,36,22548
נתנה,נתנה,reddo,0,0,173,22548
נתנה,נתנה,stipendium,0,0,0,22548
נתנו,נתנו,do,0,0,1314,22548
נתנו,נתנו,trado,0,0,321,22548
נתנו,נתנו,dono,0,0,11,22548
נתנו,נתנו,tribuo,0,0,66,22548
נתנו,נתנו,concedo,0,0,15,22548
נתנו,נתנו,soluo,0,0,36,22548
נתנו,נתנו,reddo,0,0,173,22548
נתנו,נתנו,stipendium,0,0,0,22548
נתנו,נתנו,pono,0,0,697,22548
נתנו,נתנו,loco,0,0,2,22548
נתנו,נתנו,statuo,0,0,62,22548
נתנו,נתנו,colloco,0,0,17,22548
נתנו,נתנו,locus,0,0,513,22548
נתס,נתס,lacrima,0,1,25,22548
נתס,נתס,fletus,0,1,25,22548
נתס,נתס,fleo,0,1,68,22548
נתס,נתס,lacrimae,0,1,0,22548
נתץ,נתץ,lucus,9,41,31,22548
נתץ,נתץ,silua,0,41,29,22548
נתץ,נתץ,nemus,1,41,11,22548
נתץ,נתץ,deicio,0,41,19,22548
נתק,נתק,turbulento,0,34,0,22548
נתק,נתק,inquieto,0,34,2,22548
נתק,נתק,fragium,0,34,0,22548
נתק,נתק,ruptura,0,34,0,22548
נתר,נתר,curro,0,9,61,22548
נתר,נתר,gener,0,9,12,22548
נתר,נתר,genu,0,9,27,22548
נתר,נתר,curriculum,0,9,0,22548
נתר,נתר,percurro,0,9,0,22548
נתר,נתר,decurro,0,9,4,22548
נתר,נתר,discurro,0,9,12,22548
נתת,נתת,do,0,0,1314,22548
נתת,נתת,trado,0,0,321,22548
נתת,נתת,dono,0,0,11,22548
נתת,נתת,tribuo,0,0,66,22548
נתת,נתת,concedo,0,0,15,22548
נתת,נתת,soluo,0,0,36,22548
נתת,נתת,reddo,0,0,173,22548
נתת,נתת,stipendium,0,0,0,22548
נתת,נתת,impono,0,0,51,22548
נתת,נתת,impetus,0,0,22,22548
נתת,נתת,oppugno,0,0,0,22548
נתת,נתת,pono,0,0,697,22548
נתת,נתת,loco,0,0,2,22548
נתת,נתת,statuo,0,0,62,22548
נתת,נתת,colloco,0,0,17,22548
נתת,נתת,locus,0,0,513,22548
נתתה,נתתה,do,0,0,1314,22548
נתתה,נתתה,trado,0,0,321,22548
נתתה,נתתה,dono,0,0,11,22548
נתתה,נתתה,tribuo,0,0,66,22548
נתתה,נתתה,concedo,0,0,15,22548
נתתה,נתתה,soluo,0,0,36,22548
נתתה,נתתה,reddo,0,0,173,22548
נתתה,נתתה,stipendium,0,0,0,22548
נתתה,נתתה,impono,0,0,51,22548
נתתה,נתתה,impetus,0,0,22,22548
נתתה,נתתה,oppugno,0,0,0,22548
נתתה,נתתה,pono,0,0,697,22548
נתתה,נתתה,loco,0,0,2,22548
נתתה,נתתה,statuo,0,0,62,22548
נתתה,נתתה,colloco,0,0,17,22548
נתתה,נתתה,locus,0,0,513,22548
נתתי,נתתי,do,0,0,1314,22548
נתתי,נתתי,trado,0,0,321,22548
נתתי,נתתי,dono,0,0,11,22548
נתתי,נתתי,tribuo,0,0,66,22548
נתתי,נתתי,concedo,0,0,15,22548
נתתי,נתתי,soluo,0,0,36,22548
נתתי,נתתי,reddo,0,0,173,22548
נתתי,נתתי,stipendium,0,0,0,22548
נתתי,נתתי,pono,0,0,697,22548
נתתי,נתתי,loco,0,0,2,22548
נתתי,נתתי,statuo,0,0,62,22548
נתתי,נתתי,colloco,0,0,17,22548
נתתי,נתתי,locus,0,0,513,22548
נתתמ,נתתם,do,0,0,1314,22548
נתתמ,נתתם,trado,0,0,321,22548
נתתמ,נתתם,dono,0,0,11,22548
נתתמ,נתתם,tribuo,0,0,66,22548
נתתמ,נתתם,concedo,0,0,15,22548
נתתמ,נתתם,soluo,0,0,36,22548
נתתמ,נתתם,reddo,0,0,173,22548
נתתמ,נתתם,stipendium,0,0,0,22548
סאה,סאה,metior,0,6,48,22548
סבבו,סבבו,orbiculor,0,0,0,22548
סבבו,סבבו,conuallo,0,0,0,22548
סבו,סבו,orbiculor,0,0,0,22548
סבך,סבך,dumus,0,7,0,22548
סבך,סבך,frutex,0,7,0,22548
סבך,סבך,uepres,1,7,6,22548
סבך,סבך,uirgultum,0,7,0,22548
סבל,סבל,attollo,0,19,0,22548
סבל,סבל,tollo,1,19,238,22548
סבל,סבל,fero,2,19,342,22548
סבל,סבל,sustineo,0,19,60,22548
סבל,סבל,gigno,0,19,190,22548
סבל,סבל,pario,0,19,116,22548
סבל,סבל,genero,0,19,14,22548
סבל,סבל,porto,7,19,176,22548
סבל,סבל,gero,0,19,27,22548
סבל,סבל,affero,0,19,107,22548
סבל,סבל,adduco,0,19,215,22548
סבל,סבל,educo,0,19,242,22548
סבל,סבל,duco,0,19,179,22548
סבל,סבל,induco,0,19,68,22548
סבל,סבל,defero,0,19,42,22548
סבל,סבל,introduco,0,19,83,22548
סבל,סבל,infero,0,19,73,22548
סבל,סבל,offertor,0,19,153,22548
סבל,סבל,humerus,1,19,12,22548
סבל,סבל,umerus,4,19,27,22548
סבל,סבל,crudus,0,19,2,22548
סבלת,סבלת,opus,0,1,417,22548
סבלת,סבלת,facinus,0,1,2,22548
סבלת,סבלת,res,0,1,159,22548
סבלת,סבלת,negotium,0,1,12,22548
סבלת,סבלת,opero,0,1,7,22548
סבר,סבר,moror,0,0,66,22548
סבר,סבר,cunctor,0,0,10,22548
סבר,סבר,de,0,0,3011,22548
סבר,סבר,mora,0,0,5,22548
סבר,סבר,posterus,0,0,25,22548
סבר,סבר,posthac,0,0,0,22548
סבר,סבר,debeo,0,0,95,22548
סגד,סגד,reliquus,3,14,186,22548
סגד,סגד,ceterus,0,14,56,22548
סגד,סגד,maneo,0,14,122,22548
סגד,סגד,ergo,2,14,727,22548
סגדינ,סגדין,adoro,0,0,178,22548
סגדינ,סגדין,colo,0,0,46,22548
סגדינ,סגדין,basio,0,0,0,22548
סגור,סגור,porta,4,15,286,22548
סגור,סגור,ianua,0,15,13,22548
סגור,סגור,fores,0,15,12,22548
סגור,סגור,limen,0,15,18,22548
סגור,סגור,ostium,2,15,132,22548
סגור,סגור,portae,0,15,0,22548
סגור,סגור,aurum,9,15,229,22548
סגור,סגור,aureus,5,15,142,22548
סגלה,סגלה,peculiosus,0,8,0,22548
סגן,סגן,optiuus,0,19,0,22548
סגן,סגן,equus,3,19,115,22548
סגן,סגן,sonipes,0,19,0,22548
סגן,סגן,currus,0,19,107,22548
סגן,סגן,eques,2,19,48,22548
סגן,סגן,equitatus,0,19,10,22548
סגן,סגן,equa,0,19,0,22548
סגן,סגן,equi,0,19,0,22548
סגן,סגן,equum,0,19,0,22548
סגן,סגן,equo,0,19,0,22548
סגן,סגן,adulescens,1,19,28,22548
סגן,סגן,iuuenis,2,19,59,22548
סגן,סגן,adulescentulus,0,19,2,22548
סגן,סגן,peradulescentulus,0,19,0,22548
סגן,סגן,dux,7,19,155,22548
סגן,סגן,communis,0,19,9,22548
סגן,סגן,imperator,0,19,1,22548
סגני,סגני,dux,0,0,155,22548
סגני,סגני,communis,0,0,9,22548
סגני,סגני,imperator,0,0,1,22548
סגר,סגר,iuxta,0,74,553,22548
סגר,סגר,fere,0,74,0,22548
סגר,סגר,prope,0,74,30,22548
סגר,סגר,praecludo,0,74,0,22548
סגר,סגר,porta,8,74,286,22548
סגר,סגר,ianua,4,74,13,22548
סגר,סגר,fores,0,74,12,22548
סגר,סגר,foras,0,74,27,22548
סגר,סגר,ostium,14,74,132,22548
סגר,סגר,foris,2,74,62,22548
סגר,סגר,limen,1,74,18,22548
סדר,סדר,iubeo,0,1,75,22548
סדר,סדר,ordo,1,1,56,22548
סדר,סדר,impero,0,1,49,22548
סדר,סדר,quo,0,1,0,22548
סדר,סדר,mando,0,1,81,22548
סדר,סדר,praecipio,0,1,448,22548
סדר,סדר,imperium,0,1,59,22548
סדר,סדר,praesum,0,1,33,22548
סדר,סדר,quantus,0,1,18,22548
סדר,סדר,acies,0,1,27,22548
סדר,סדר,frons,0,1,45,22548
סדר,סדר,dignitas,0,1,7,22548
סדר,סדר,postis,0,1,14,22548
סהר,סהר,carcer,3,7,47,22548
סהר,סהר,uinculum,0,7,27,22548
סהר,סהר,phylaca,0,7,0,22548
סהר,סהר,custodia,1,7,60,22548
סהר,סהר,uigilia,0,7,8,22548
סהר,סהר,praesidium,0,7,26,22548
סהר,סהר,custos,0,7,73,22548
סוג,סוג,termino,0,23,2,22548
סוד,סוד,consilium,8,22,139,22548
סוד,סוד,sententia,0,22,30,22548
סוד,סוד,senatus,0,22,0,22548
סוד,סוד,concilium,3,22,11,22548
סוד,סוד,senator,0,22,1,22548
סוך,סוך,unctus,0,8,2,22548
סוך,סוך,ungo,2,8,29,22548
סוך,סוך,christus,0,8,28,22548
סוך,סוך,perungo,0,8,0,22548
סוך,סוך,oleum,4,8,174,22548
סוך,סוך,olearius,0,8,0,22548
סוך,סוך,olearis,0,8,0,22548
סומפניה,סומפניה,concordia,0,3,2,22548
סומפניה,סומפניה,harmonia,0,3,0,22548
סוס,סוס,equus,110,125,115,22548
סוס,סוס,equitatus,4,125,10,22548
סוס,סוס,equester,0,125,0,22548
סוס,סוס,ala,1,125,45,22548
סוס,סוס,eques,18,125,48,22548
סוס,סוס,sonipes,0,125,0,22548
סוס,סוס,currus,33,125,107,22548
סוס,סוס,equa,0,125,0,22548
סוס,סוס,equi,0,125,0,22548
סוס,סוס,equum,0,125,0,22548
סוס,סוס,equo,0,125,0,22548
סוס,סוס,iugum,0,125,44,22548
סוס,סוס,quadrigae,3,125,14,22548
סוס,סוס,onusto,0,125,0,22548
סוסה,סוסה,equus,0,2,115,22548
סוסה,סוסה,sonipes,0,2,0,22548
סוסה,סוסה,currus,0,2,107,22548
סוסה,סוסה,eques,0,2,48,22548
סוסה,סוסה,equitatus,0,2,10,22548
סוסה,סוסה,equa,0,2,0,22548
סוסה,סוסה,equi,0,2,0,22548
סוסה,סוסה,equum,0,2,0,22548
סוסה,סוסה,equo,0,2,0,22548
סוסימ,סוסים,equus,0,0,115,22548
סוסימ,סוסים,sonipes,0,0,0,22548
סוסימ,סוסים,currus,0,0,107,22548
סוסימ,סוסים,eques,0,0,48,22548
סוסימ,סוסים,equitatus,0,0,10,22548
סוסימ,סוסים,equa,0,0,0,22548
סוסימ,סוסים,equi,0,0,0,22548
סוסימ,סוסים,equum,0,0,0,22548
סוסימ,סוסים,equo,0,0,0,22548
סוף,סוף,ruo,0,39,18,22548
סוף,סוף,irruo,0,39,29,22548
סוף,סוף,impetum facio,0,39,0,22548
סוף,סוף,feror,0,39,0,22548
סוף,סוף,proficiscor,3,39,79,22548
סוף,סוף,ruber,13,39,16,22548
סוף,סוף,rufus,0,39,10,22548
סוף,סוף,rubeus,0,39,0,22548
סוף,סוף,burrus,0,39,0,22548
סוף,סוף,russus,0,39,0,22548
סופ,סוף,ruber,13,39,16,22548
סופ,סוף,rufus,0,39,10,22548
סופ,סוף,rubeus,0,39,0,22548
סופ,סוף,burrus,0,39,0,22548
סופ,סוף,russus,0,39,0,22548
סופ,סוף,aurora,0,39,6,22548
סופ,סוף,mane,0,39,173,22548
סופ,סוף,usque,6,39,812,22548
סופ,סוף,dum,0,39,30,22548
סופ,סוף,quoad,0,39,0,22548
סופ,סוף,donec,1,39,221,22548
סופ,סוף,mare,24,39,295,22548
סופ,סוף,pontus,0,39,3,22548
סופ,סוף,pelagus,1,39,1,22548
סופ,סוף,aequor,0,39,0,22548
סופ,סוף,litus,1,39,12,22548
סופ,סוף,ora,0,39,8,22548
סופ,סוף,maris,0,39,0,22548
סופ,סוף,finis,3,39,137,22548
סופ,סוף,terminus,1,39,162,22548
סופ,סוף,ultimo,0,39,0,22548
סופ,סוף,exitus,0,39,17,22548
סופ,סוף,euentus,0,39,2,22548
סופ,סוף,legio,0,39,3,22548
סופ,סוף,extremus,1,39,62,22548
סופ,סוף,posterus,0,39,25,22548
סופ,סוף,denique,0,39,4,22548
סופ,סוף,nouissimus,1,39,94,22548
סופר,סופר,scriba,0,0,41,22548
סופר,סופר,amanuensis,0,0,0,22548
סור,סור,defectio,0,272,1,22548
סור,סור,deficio,2,272,100,22548
סורו,סורו,defectio,0,0,1,22548
סורו,סורו,deficio,0,0,100,22548
סורו,סורו,declino,0,0,79,22548
סחב,סחב,traho,1,5,20,22548
סחב,סחב,rapio,0,5,41,22548
סחי,סחי,uolo,0,1,226,22548
סחי,סחי,cupio,0,1,15,22548
סחי,סחי,recuso,0,1,1,22548
סחי,סחי,eligo,0,1,209,22548
סחי,סחי,placeo,0,1,142,22548
סחי,סחי,utinam,0,1,24,22548
סחי,סחי,uoluntas,0,1,66,22548
סחי,סחי,cupiditas,0,1,1,22548
סחי,סחי,deligo,0,1,0,22548
סחי,סחי,nolo,0,1,343,22548
סחיש,סחיש,sagitto,0,1,4,22548
סחר,סחר,commercium,0,25,0,22548
סחר,סחר,circumcirco,0,25,0,22548
סחר,סחר,pecunia,1,25,72,22548
סחר,סחר,argenteus,1,25,78,22548
סחר,סחר,nummus,0,25,1,22548
סחר,סחר,argentum,5,25,189,22548
סחר,סחר,cauponor,0,25,0,22548
סחר,סחר,negotiator,12,25,21,22548
סחר,סחר,mercator,0,25,1,22548
סחר,סחר,multitudo,4,25,267,22548
סחר,סחר,turba,0,25,30,22548
סחר,סחר,populus,1,25,1560,22548
סחר,סחר,plebs,0,25,19,22548
סחר,סחר,numero,0,25,73,22548
סחר,סחר,numerus,0,25,149,22548
סין,סין,abito,0,6,9,22548
סיר,סיר,focus,0,28,3,22548
סיר,סיר,aula,0,28,3,22548
סיר,סיר,fictilis,0,28,16,22548
סירה,סירה,hamus,0,4,4,22548
סירה,סירה,harpaga,0,4,0,22548
סירה,סירה,falx,0,4,5,22548
סירה,סירה,scalprum,0,4,0,22548
סירות,סירות,focus,0,0,3,22548
סך,סך,tego,0,4,33,22548
סך,סך,uelo,0,4,5,22548
סך,סך,operio,0,4,159,22548
סכ,סך,tabernaculum,1,4,398,22548
סכ,סך,scaena,0,4,0,22548
סכ,סך,locus,0,4,513,22548
סכ,סך,regio,0,4,158,22548
סכ,סך,ager,0,4,214,22548
סכה,סכה,tabernaculum,19,44,398,22548
סכה,סכה,scaena,0,44,0,22548
סכה,סכה,ferior,0,44,0,22548
סכות,סכות,tabernaculum,2,3,398,22548
סכות,סכות,scaena,0,3,0,22548
סכלות,סכלות,stultitia,5,6,34,22548
סכלות,סכלות,dementia,0,6,0,22548
סכן,סכן,ager,0,12,214,22548
סכן,סכן,iter,0,12,78,22548
סכן,סכן,seruio,0,12,160,22548
סכן,סכן,martius,0,12,0,22548
סכן,סכן,expeditio,0,12,0,22548
סכן,סכן,agmen,0,12,15,22548
סכן,סכן,classis,0,12,8,22548
סכר,סכר,sustineo,0,4,60,22548
סכר,סכר,prohibeo,1,4,39,22548
סכר,סכר,impedio,0,4,0,22548
סכר,סכר,ueto,0,4,0,22548
סכר,סכר,cesso,0,4,77,22548
סכר,סכר,desino,0,4,13,22548
סכר,סכר,desisto,0,4,2,22548
סכר,סכר,maneo,0,4,122,22548
סכר,סכר,finis,0,4,137,22548
סכת,סכת,tabernaculum,0,1,398,22548
סכת,סכת,scaena,0,1,0,22548
סל,סל,panarium,0,13,0,22548
סל,סל,cophinus,0,13,0,22548
סל,סל,azymus,6,13,34,22548
סל,סל,panis,6,13,255,22548
סל,סל,oleum,4,13,174,22548
סל,סל,olearius,0,13,0,22548
סל,סל,olearis,0,13,0,22548
סל,סל,impono,0,13,51,22548
סל,סל,impetus,0,13,22,22548
סל,סל,oppugno,0,13,0,22548
סל,סל,aries,4,13,164,22548
סלח,סלח,dimitto,16,44,271,22548
סלח,סלח,relinquo,1,44,119,22548
סלח,סלח,absoluo,0,44,0,22548
סלח,סלח,libero,0,44,139,22548
סלח,סלח,ignosco,2,44,7,22548
סלח,סלח,permitto,0,44,6,22548
סלח,סלח,excuso,0,44,1,22548
סלח,סלח,uenia,0,44,0,22548
סלח,סלח,propitius,12,44,22,22548
סלחת,סלחת,propitius,0,0,22,22548
סליחה,סליחה,ignosco,0,2,7,22548
סליחה,סליחה,uenia,0,2,0,22548
סליחה,סליחה,dimitto,0,2,271,22548
סליחה,סליחה,excuso,0,2,1,22548
סלל,סלל,aedifico,0,10,312,22548
סלל,סלל,instruo,0,10,18,22548
סלל,סלל,materio,0,10,1,22548
סללה,סללה,uallum,0,10,0,22548
סללה,סללה,uallus,1,10,1,22548
סלסלה,סלסלה,sagitto,0,1,4,22548
סלע,סלע,saxum,2,57,12,22548
סלע,סלע,rupes,1,57,6,22548
סלע,סלע,lapis,0,57,216,22548
סלע,סלע,petra,49,57,80,22548
סלע,סלע,scopulus,1,57,3,22548
סלע,סלע,materinus,0,57,0,22548
סלעימ,סלעים,saxum,0,0,12,22548
סלעימ,סלעים,rupes,0,0,6,22548
סלעימ,סלעים,lapis,0,0,216,22548
סלעימ,סלעים,petra,0,0,80,22548
סלעימ,סלעים,scopulus,0,0,3,22548
סלעימ,סלעים,petro,0,0,0,22548
סלעימ,סלעים,canna,0,0,0,22548
סלק,סלק,ascendo,2,4,474,22548
סלק,סלק,mons,0,4,470,22548
סלק,סלק,escendo,0,4,0,22548
סלקנ,סלקן,ascendo,0,0,474,22548
סלקנ,סלקן,mons,0,0,470,22548
סלקנ,סלקן,escendo,0,0,0,22548
סלת,סלת,autopyrus,0,53,0,22548
סלת,סלת,donum,0,53,25,22548
סלת,סלת,munus,0,53,91,22548
סלת,סלת,praemium,0,53,3,22548
סלת,סלת,praesens,0,53,76,22548
סלת,סלת,datus,0,53,0,22548
סלת,סלת,oleum,42,53,174,22548
סלת,סלת,olearius,0,53,0,22548
סלת,סלת,olearis,0,53,0,22548
סלת,סלת,plenus,13,53,117,22548
סם,סם,unguentum,2,15,21,22548
סם,סם,oleum,5,15,174,22548
סם,סם,olearius,0,15,0,22548
סם,סם,olearis,0,15,0,22548
סם,סם,acerra,0,15,0,22548
סם,סם,utor,0,15,22,22548
סם,סם,usus,0,15,29,22548
סמימ,סמים,acerra,0,0,0,22548
סמך,סמך,auxilium,0,47,57,22548
סמך,סמך,defendo,0,47,7,22548
סמך,סמך,adiuuo,1,47,26,22548
סמך,סמך,opera,0,47,4,22548
סמך,סמך,opis,0,47,0,22548
סמך,סמך,iuuo,0,47,1,22548
סמך,סמך,sustineo,0,47,60,22548
סמך,סמך,alo,0,47,13,22548
סמך,סמך,nutrio,0,47,21,22548
סמך,סמך,pasco,0,47,83,22548
סמך,סמך,educo,1,47,242,22548
סמך,סמך,tergum,0,47,46,22548
סמך,סמך,impono,4,47,51,22548
סמך,סמך,impetus,0,47,22,22548
סמך,סמך,oppugno,0,47,0,22548
סמך,סמך,occensus,0,47,0,22548
סמך,סמך,holocaustum,4,47,232,22548
סמכ,סמך,impono,4,47,51,22548
סמכ,סמך,impetus,0,47,22,22548
סמכ,סמך,oppugno,0,47,0,22548
סמל,סמל,imago,1,5,16,22548
סמל,סמל,simulacrum,1,5,27,22548
סמל,סמל,signum,1,5,116,22548
סמל,סמל,effigies,0,5,0,22548
סמל,סמל,statua,0,5,40,22548
סמל,סמל,idolum,2,5,61,22548
סמל,סמל,imaginis,0,5,0,22548
סמל,סמל,umbra,0,5,55,22548
סמל,סמל,similitudo,2,5,54,22548
סנה,סנה,inula,0,6,0,22548
סנה,סנה,peruiam,0,6,0,22548
סנורים,סנורים,furor,0,2,217,22548
סנורים,סנורים,error,0,2,23,22548
סנורים,סנורים,calamitas,0,2,11,22548
סנורים,סנורים,dementia,0,2,0,22548
סנורים,סנורים,culpa,0,2,7,22548
סנורים,סנורים,fraus,0,2,5,22548
סנורים,סנורים,noxa,0,2,4,22548
סנורים,סנורים,pernicies,0,2,0,22548
סנפיר,סנפיר,cataphractes,0,5,0,22548
סנפיר,סנפיר,flabellum,0,5,0,22548
סעד,סעד,auxilium,1,13,57,22548
סעד,סעד,defendo,0,13,7,22548
סעד,סעד,adiuuo,1,13,26,22548
סעד,סעד,opera,0,13,4,22548
סעד,סעד,opis,0,13,0,22548
סעד,סעד,iuuo,0,13,1,22548
סעד,סעד,sustineo,0,13,60,22548
סעד,סעד,alo,0,13,13,22548
סעד,סעד,nutrio,0,13,21,22548
סעד,סעד,pasco,0,13,83,22548
סעד,סעד,educo,0,13,242,22548
סעד,סעד,tergum,0,13,46,22548
סעה,סעה,impono,0,1,51,22548
סעיף,סעיף,saxum,1,6,12,22548
סעיף,סעיף,rupes,0,6,6,22548
סעיף,סעיף,lapis,0,6,216,22548
סעיף,סעיף,petra,2,6,80,22548
סעיף,סעיף,scopulus,0,6,3,22548
סעף,סעף,praecido,0,2,22,22548
סעף,סעף,abscido,0,2,14,22548
סעף,סעף,caesa,0,2,0,22548
סעפה,סעפה,oliua,0,2,26,22548
סעפה,סעפה,ramus,1,2,22,22548
סערה,סערה,uis,0,16,73,22548
סערה,סערה,potestas,0,16,42,22548
סערה,סערה,imperium,0,16,59,22548
סערה,סערה,robur,0,16,46,22548
סערה,סערה,tempestas,4,16,27,22548
סערה,סערה,pollentia,0,16,0,22548
סערה,סערה,hiems,0,16,1,22548
סערה,סערה,procella,2,16,3,22548
סערה,סערה,hiemo,0,16,1,22548
סערה,סערה,hibernus,0,16,0,22548
סערה,סערה,lapis,2,16,216,22548
סערה,סערה,saxum,0,16,12,22548
סערה,סערה,marmor,0,16,4,22548
סערה,סערה,marmoreus,0,16,2,22548
סערה,סערה,gemma,0,16,19,22548
סערה,סערה,petrinus,0,16,0,22548
סף,סף,porticus,0,28,16,22548
סף,סף,uestibulum,0,28,39,22548
סף,סף,pronaus,0,28,0,22548
ספ,סף,porta,2,28,286,22548
ספ,סף,ianua,1,28,13,22548
ספ,סף,fores,0,28,12,22548
ספ,סף,foras,0,28,27,22548
ספ,סף,ostium,5,28,132,22548
ספ,סף,foris,1,28,62,22548
ספ,סף,limen,7,28,18,22548
ספד,ספד,gemitus,0,28,19,22548
ספד,ספד,planctus,3,28,20,22548
ספד,ספד,luctus,1,28,20,22548
ספד,ספד,fletus,0,28,25,22548
ספד,ספד,circumfremo,0,28,0,22548
ספד,ספד,perstrepo,0,28,1,22548
ספד,ספד,caedo,0,28,68,22548
ספד,ספד,ferio,0,28,19,22548
ספד,ספד,pulto,0,28,1,22548
ספה,ספה,accedo,0,18,108,22548
ספה,ספה,adicio,0,18,15,22548
ספה,ספה,adiungo,0,18,4,22548
ספה,ספה,addo,1,18,103,22548
ספיח,ספיח,augeo,0,5,18,22548
ספיח,ספיח,cresco,0,5,41,22548
ספיח,ספיח,annus,4,5,571,22548
ספיח,ספיח,anni,0,5,0,22548
ספינה,ספינה,nauis,1,1,27,22548
ספינה,ספינה,puppis,0,1,0,22548
ספינה,ספינה,carina,0,1,0,22548
ספינה,ספינה,ratis,0,1,2,22548
ספינה,ספינה,classis,0,1,8,22548
ספינה,ספינה,uasum,0,1,0,22548
ספינה,ספינה,naui,0,1,0,22548
ספינה,ספינה,nauem,0,1,0,22548
ספינה,ספינה,nauicula,0,1,0,22548
ספינה,ספינה,scapha,0,1,0,22548
ספינה,ספינה,impedimentum,0,1,1,22548
ספינה,ספינה,uas,1,1,188,22548
ספיר,ספיר,lapis,7,11,216,22548
ספיר,ספיר,saxum,0,11,12,22548
ספיר,ספיר,marmor,0,11,4,22548
ספיר,ספיר,marmoreus,0,11,2,22548
ספיר,ספיר,gemma,0,11,19,22548
ספיר,ספיר,petrinus,0,11,0,22548
ספל,ספל,crater,0,2,1,22548
ספל,ספל,poculum,0,2,6,22548
ספל,ספל,uillum,0,2,0,22548
ספל,ספל,patera,0,2,0,22548
ספל,ספל,phiala,0,2,0,22548
ספל,ספל,calix,0,2,23,22548
ספן,ספן,tego,3,6,33,22548
ספן,ספן,uelo,0,6,5,22548
ספן,ספן,operio,1,6,159,22548
ספר,ספר,multitudo,6,328,267,22548
ספר,ספר,numero,19,328,73,22548
ספר,ספר,numerus,4,328,149,22548
ספר,ספר,liber,118,328,177,22548
ספר,ספר,uolumen,11,328,21,22548
ספר,ספר,libellus,4,328,4,22548
ספר,ספר,tabula,0,328,57,22548
ספר,ספר,epistula,10,328,26,22548
ספר,ספר,scribo,115,328,200,22548
ספר,ספר,littera,24,328,29,22548
ספר,ספר,scriba,37,328,41,22548
ספר,ספר,amanuensis,0,328,0,22548
ספר,ספר,censeo,0,328,0,22548
ספרו,ספרו,elogio,0,0,0,22548
ספרוים,ספרוים,credo,0,6,59,22548
ספרוים,ספרוים,certus,0,6,10,22548
ספרוים,ספרוים,puto,0,6,54,22548
ספרוים,ספרוים,aliquis,0,6,43,22548
ספרוים,ספרוים,quatenus,0,6,0,22548
ספרוים,ספרוים,quotus,0,6,0,22548
ספרימ,ספרים,liber,0,0,177,22548
ספרימ,ספרים,uolumen,0,0,21,22548
ספרימ,ספרים,libellus,0,0,4,22548
ספרימ,ספרים,tabula,0,0,57,22548
סקול,סקול,lapis,0,0,216,22548
סקול,סקול,saxum,0,0,12,22548
סקול,סקול,marmor,0,0,4,22548
סקול,סקול,marmoreus,0,0,2,22548
סקול,סקול,gemma,0,0,19,22548
סקול,סקול,petrinus,0,0,0,22548
סקל,סקל,aconae,0,20,0,22548
סקל,סקל,lapis,12,20,216,22548
סקל,סקל,saxum,0,20,12,22548
סקל,סקל,marmor,0,20,4,22548
סקל,סקל,marmoreus,0,20,2,22548
סקל,סקל,gemma,0,20,19,22548
סקל,סקל,petrinus,0,20,0,22548
סר,סר,aufero,0,3,256,22548
סר,סר,tollo,0,3,238,22548
סר,סר,priuo,0,3,3,22548
סר,סר,declino,0,3,79,22548
סרה,סרה,defectio,0,14,1,22548
סרה,סרה,deficio,0,14,100,22548
סרו,סרו,liceor,0,0,0,22548
סרו,סרו,patior,0,0,36,22548
סרו,סרו,sino,0,0,24,22548
סרו,סרו,luceo,0,0,35,22548
סריס,סריס,eunuchus,40,45,43,22548
סריס,סריס,spado,0,45,0,22548
סריס,סריס,insomnis,0,45,1,22548
סרן,סרן,syron,0,20,2,22548
סרן,סרן,quinquaginta,0,20,118,22548
סרן,סרן,quindecim,0,20,16,22548
סרן,סרן,quinque,4,20,183,22548
סרעפה,סרעפה,oliua,0,1,26,22548
סרעפה,סרעפה,ramus,1,1,22,22548
סרר,סרר,abnuo,0,17,2,22548
סתו,סתו,tempestas,0,1,27,22548
סתו,סתו,hiems,0,1,1,22548
סתו,סתו,procella,0,1,3,22548
סתו,סתו,hiemo,0,1,1,22548
סתו,סתו,hibernus,0,1,0,22548
סתם,סתם,traductus,0,10,0,22548
סתר,סתר,celate,0,112,0,22548
סתר,סתר,occulo,1,112,1,22548
סתר,סתר,clam,4,112,11,22548
סתר,סתר,furtim,0,112,0,22548
סתר,סתר,munimentum,0,112,4,22548
סתר,סתר,celo,5,112,45,22548
סתר,סתר,abscondo,60,112,141,22548
סתר,סתר,operio,2,112,159,22548
עב,עב,nubes,24,33,99,22548
עב,עב,nimbus,0,33,0,22548
עב,עב,nebula,2,33,12,22548
עב,עב,nubis,2,33,3,22548
עב,עב,nubila,1,33,1,22548
עב,עב,nubifer,0,33,0,22548
עב,עב,pluuia,4,33,43,22548
עבד,עבד,seruitus,23,1003,30,22548
עבד,עבד,seruitium,0,1003,0,22548
עבד,עבד,seruus,565,1003,607,22548
עבד,עבד,seruio,146,1003,160,22548
עבד,עבד,famulus,29,1003,31,22548
עבד,עבד,mancipium,0,1003,1,22548
עבד,עבד,puer,30,1003,220,22548
עבד,עבד,ipse,54,1003,933,22548
עבד,עבד,sui,37,1003,606,22548
עבד,עבד,facio,163,1003,2893,22548
עבד,עבד,operor,16,1003,130,22548
עבד,עבד,laboro,3,1003,43,22548
עבד,עבד,opus,35,1003,417,22548
עבד,עבד,minister,8,1003,36,22548
עבד,עבד,armiger,0,1003,19,22548
עבד,עבד,comes,2,1003,6,22548
עבד,עבד,praeseruio,0,1003,0,22548
עבד,עבד,domesticus,0,1003,5,22548
עבד,עבד,filia,18,1003,448,22548
עבד,עבד,nascor,2,1003,103,22548
עבד,עבד,pueri,0,1003,0,22548
עבד,עבד,puerum,0,1003,0,22548
עבד,עבד,natus,0,1003,2,22548
עבד,עבד,filius,162,1003,3345,22548
עבד,עבד,ager,11,1003,214,22548
עבד,עבד,iter,0,1003,78,22548
עבד,עבד,martius,0,1003,0,22548
עבד,עבד,expeditio,0,1003,0,22548
עבד,עבד,agmen,0,1003,15,22548
עבד,עבד,classis,2,1003,8,22548
עבדה,עבדה,negotior,0,127,2,22548
עבדה,עבדה,opus,36,127,417,22548
עבדה,עבדה,facinus,0,127,2,22548
עבדה,עבדה,res,1,127,159,22548
עבדה,עבדה,negotium,0,127,12,22548
עבדה,עבדה,opero,0,127,7,22548
עבדה,עבדה,ministratio,0,127,0,22548
עבדה,עבדה,proba,0,127,0,22548
עבדו,עבדו,seruus,0,0,607,22548
עבדו,עבדו,seruitus,0,0,30,22548
עבדו,עבדו,seruio,0,0,160,22548
עבדו,עבדו,filia,0,0,448,22548
עבדו,עבדו,nascor,0,0,103,22548
עבדו,עבדו,puer,0,0,220,22548
עבדו,עבדו,pueri,0,0,0,22548
עבדו,עבדו,puerum,0,0,0,22548
עבדו,עבדו,natus,0,0,2,22548
עבדו,עבדו,filius,0,0,3345,22548
עבדי,עבדי,seruus,0,0,607,22548
עבדי,עבדי,famulus,0,0,31,22548
עבדי,עבדי,mancipium,0,0,1,22548
עבדי,עבדי,seruio,0,0,160,22548
עבדי,עבדי,seruitium,0,0,0,22548
עבדי,עבדי,puer,0,0,220,22548
עבדי,עבדי,facio,0,0,2893,22548
עבדי,עבדי,operor,0,0,130,22548
עבדי,עבדי,laboro,0,0,43,22548
עבדי,עבדי,opus,0,0,417,22548
עבדי,עבדי,minister,0,0,36,22548
עבדי,עבדי,armiger,0,0,19,22548
עבדי,עבדי,comes,0,0,6,22548
עבדי,עבדי,filia,0,0,448,22548
עבדי,עבדי,nascor,0,0,103,22548
עבדי,עבדי,pueri,0,0,0,22548
עבדי,עבדי,puerum,0,0,0,22548
עבדי,עבדי,natus,0,0,2,22548
עבדי,עבדי,filius,0,0,3345,22548
עבדימ,עבדים,seruitus,0,0,30,22548
עבדימ,עבדים,seruitium,0,0,0,22548
עבדימ,עבדים,seruus,0,0,607,22548
עבדימ,עבדים,seruio,0,0,160,22548
עבדימ,עבדים,famulus,0,0,31,22548
עבדימ,עבדים,mancipium,0,0,1,22548
עבדימ,עבדים,puer,0,0,220,22548
עבדימ,עבדים,domesticus,0,0,5,22548
עבדימ,עבדים,filia,0,0,448,22548
עבדימ,עבדים,nascor,0,0,103,22548
עבדימ,עבדים,pueri,0,0,0,22548
עבדימ,עבדים,puerum,0,0,0,22548
עבדימ,עבדים,natus,0,0,2,22548
עבדימ,עבדים,filius,0,0,3345,22548
עבדת,עבדת,seruitus,3,3,30,22548
עבדת,עבדת,seruitium,0,3,0,22548
עבדת,עבדת,seruus,1,3,607,22548
עבדת,עבדת,seruio,0,3,160,22548
עבדת,עבדת,negotior,0,3,2,22548
עבדת,עבדת,opus,0,3,417,22548
עבדת,עבדת,facinus,0,3,2,22548
עבדת,עבדת,res,0,3,159,22548
עבדת,עבדת,negotium,0,3,12,22548
עבדת,עבדת,opero,0,3,7,22548
עבדת,עבדת,praeseruio,0,3,0,22548
עבדת,עבדת,ministerium,0,3,64,22548
עבדתי,עבדתי,seruus,0,0,607,22548
עבדתי,עבדתי,seruitus,0,0,30,22548
עבדתי,עבדתי,seruio,0,0,160,22548
עבודה,עבודה,ministerium,0,0,64,22548
עבודת,עבודת,ministerium,0,0,64,22548
עבוט,עבוט,oppignero,0,4,0,22548
עבוט,עבוט,pignero,0,4,1,22548
עבוט,עבוט,hercules,0,4,0,22548
עבוט,עבוט,edepol,0,4,0,22548
עבוט,עבוט,pol,0,4,0,22548
עבוט,עבוט,pignus,2,4,14,22548
עבוט,עבוט,fidelitas,0,4,0,22548
עבוט,עבוט,fides,0,4,28,22548
עבוט,עבוט,fidelis,0,4,38,22548
עבוט,עבוט,fidus,0,4,0,22548
עבור,עבור,causa,1,49,85,22548
עבור,עבור,propter,23,49,292,22548
עבור,עבור,quia,10,49,1439,22548
עבור,עבור,ratio,0,49,11,22548
עבור,עבור,ob,1,49,67,22548
עבור,עבור,sicut,4,49,851,22548
עבור,עבור,opus,1,49,417,22548
עבור,עבור,facinus,0,49,2,22548
עבור,עבור,res,0,49,159,22548
עבור,עבור,negotium,0,49,12,22548
עבור,עבור,opero,0,49,7,22548
עבור,עבור,uia,0,49,601,22548
עבור,עבור,iter,0,49,78,22548
עבור,עבור,semita,0,49,81,22548
עבור,עבור,modus,0,49,46,22548
עבור,עבור,iubeo,0,49,75,22548
עבור,עבור,ordo,0,49,56,22548
עבור,עבור,impero,0,49,49,22548
עבור,עבור,quantus,0,49,18,22548
עבור,עבור,sic,0,49,330,22548
עבור,עבור,talis,0,49,46,22548
עבור,עבור,ita,2,49,220,22548
עבור,עבור,tantus,0,49,17,22548
עבור,עבור,fors,0,49,0,22548
עבור,עבור,aliquis,1,49,43,22548
עבור,עבור,mos,0,49,28,22548
עבור,עבור,existimatio,0,49,0,22548
עבור,עבור,fama,1,49,14,22548
עבור,עבור,lura,0,49,0,22548
עבט,עבט,faenus,0,4,0,22548
עבטיט,עבטיט,debeo,0,0,95,22548
עבטיט,עבטיט,indigeo,0,0,25,22548
עבי,עבי,nubes,0,5,99,22548
עבי,עבי,nimbus,0,5,0,22548
עבי,עבי,nebula,0,5,12,22548
עבי,עבי,nubis,0,5,3,22548
עבי,עבי,nubila,0,5,1,22548
עבי,עבי,crassitudo,0,5,2,22548
עבי,עבי,densitas,0,5,1,22548
עבידת,עבידת,opus,0,0,417,22548
עבידת,עבידת,facinus,0,0,2,22548
עבידת,עבידת,res,0,0,159,22548
עבידת,עבידת,negotium,0,0,12,22548
עבידת,עבידת,opero,0,0,7,22548
עבימ,עבים,nubes,0,0,99,22548
עבימ,עבים,nimbus,0,0,0,22548
עבימ,עבים,nebula,0,0,12,22548
עבימ,עבים,nubis,0,0,3,22548
עבימ,עבים,nubila,0,0,1,22548
עבר,עבר,crux,0,577,6,22548
עבר,עבר,transeo,224,577,293,22548
עבר,עבר,transgredior,14,577,20,22548
עבר,עבר,diuinus,0,577,12,22548
עבר,עבר,diuus,0,577,0,22548
עבר,עבר,inclitus,0,577,6,22548
עבר,עבר,seruitus,1,577,30,22548
עבר,עבר,seruitium,0,577,0,22548
עבר,עבר,indus,0,577,0,22548
עבר,עבר,illinc,0,577,0,22548
עבר,עבר,praetermeo,0,577,0,22548
עבר,עבר,pertranseo,20,577,34,22548
עבר,עבר,praesens,2,577,76,22548
עבר,עבר,munus,3,577,91,22548
עבר,עבר,dono,0,577,11,22548
עבר,עבר,donum,1,577,25,22548
עבר,עבר,adsum,1,577,27,22548
עבר,עבר,praetereo,19,577,29,22548
עבר,עבר,altrouorsum,0,577,0,22548
עבר,עבר,conficio,0,577,10,22548
עבר,עבר,perficio,0,577,16,22548
עבר,עבר,confero,0,577,12,22548
עברה,עברה,diuinus,0,32,12,22548
עברה,עברה,diuus,0,32,0,22548
עברה,עברה,inclitus,0,32,6,22548
עברה,עברה,animus,0,32,39,22548
עברה,עברה,spiritus,0,32,241,22548
עברה,עברה,furor,17,32,217,22548
עברה,עברה,ira,10,32,119,22548
עברה,עברה,cor,1,32,642,22548
עברה,עברה,pectus,0,32,8,22548
עברה,עברה,amor,0,32,13,22548
עברה,עברה,mens,0,32,38,22548
עברה,עברה,libido,0,32,5,22548
עברה,עברה,pectoralis,0,32,0,22548
עברה,עברה,animi,0,32,0,22548
עברה,עברה,iracundia,1,32,33,22548
עברה,עברה,irascor,0,32,98,22548
עברה,עברה,periratus,0,32,0,22548
עברה,עברה,bilis,0,32,0,22548
עברה,עברה,indignatio,12,32,91,22548
עברה,עברה,dolor,0,32,77,22548
עברו,עברו,crux,0,0,6,22548
עברו,עברו,transeo,0,0,293,22548
עברו,עברו,transgredior,0,0,20,22548
עברו,עברו,diuinus,0,0,12,22548
עברו,עברו,diuus,0,0,0,22548
עברו,עברו,inclitus,0,0,6,22548
עברימ,עברים,praetermeo,0,7,0,22548
עברימ,עברים,pertranseo,0,7,34,22548
עברת,עברת,animus,0,0,39,22548
עברת,עברת,spiritus,0,0,241,22548
עברת,עברת,furor,0,0,217,22548
עברת,עברת,ira,0,0,119,22548
עברת,עברת,cor,0,0,642,22548
עברת,עברת,pectus,0,0,8,22548
עברת,עברת,amor,0,0,13,22548
עברת,עברת,mens,0,0,38,22548
עברת,עברת,libido,0,0,5,22548
עברת,עברת,pectoralis,0,0,0,22548
עברת,עברת,animi,0,0,0,22548
עברת,עברת,iracundia,0,0,33,22548
עבת,עבת,funis,2,24,27,22548
עבת,עבת,resticula,0,24,1,22548
עבת,עבת,tortum,0,24,0,22548
עבת,עבת,rudentes,0,24,0,22548
עבת,עבת,rudens,0,24,0,22548
עבת,עבת,restis,0,24,0,22548
עבת,עבת,uinculum,7,24,27,22548
עבת,עבת,catena,3,24,21,22548
עבת,עבת,nodus,0,24,0,22548
עבת,עבת,impono,0,24,51,22548
עבת,עבת,impetus,0,24,22,22548
עבת,עבת,oppugno,0,24,0,22548
עגב,עגב,impono,0,7,51,22548
עגב,עגב,impetus,0,7,22,22548
עגב,עגב,oppugno,0,7,0,22548
עגה,עגה,placenta,0,7,2,22548
עגה,עגה,hibiscum,0,7,0,22548
עגיל,עגיל,ornamentum,0,2,8,22548
עגיל,עגיל,orbis,0,2,39,22548
עגיל,עגיל,mundum,0,2,0,22548
עגיל,עגיל,ordo,0,2,56,22548
עגל,עגל,bos,0,40,182,22548
עגל,עגל,iuuencus,0,40,0,22548
עגל,עגל,taurus,0,40,20,22548
עגל,עגל,iumentum,0,40,117,22548
עגל,עגל,uitulus,31,40,128,22548
עגל,עגל,pecus,0,40,85,22548
עגל,עגל,armentum,2,40,70,22548
עגל,עגל,uacca,0,40,10,22548
עגל,עגל,bubulus,0,40,2,22548
עגל,עגל,iunix,0,40,0,22548
עגל,עגל,taurinus,0,40,0,22548
עגל,עגל,damalio,0,40,0,22548
עגל,עגל,uitellus,0,40,0,22548
עגלה,עגלה,plaustrum,20,35,25,22548
עגלה,עגלה,carrus,0,35,0,22548
עגלה,עגלה,uehes,0,35,0,22548
עגלה,עגלה,bos,5,35,182,22548
עגלה,עגלה,iuuencus,0,35,0,22548
עגלה,עגלה,taurus,1,35,20,22548
עגלה,עגלה,iumentum,0,35,117,22548
עגלה,עגלה,uitulus,4,35,128,22548
עגלה,עגלה,pecus,0,35,85,22548
עגלה,עגלה,armentum,2,35,70,22548
עגלה,עגלה,uacca,2,35,10,22548
עגלה,עגלה,bubulus,0,35,2,22548
עגלה,עגלה,iunix,0,35,0,22548
עגלה,עגלה,uaccula,0,35,0,22548
עגלת,עגלת,iunix,0,0,0,22548
עגלת,עגלת,uaccula,0,0,0,22548
עגן,עגן,redeo,0,1,30,22548
עגן,עגן,reuorto,0,1,75,22548
עגן,עגן,recedo,0,1,191,22548
עגן,עגן,duco,0,1,179,22548
עגן,עגן,abduco,0,1,5,22548
עגן,עגן,secedo,0,1,0,22548
עגת,עגת,cinerosus,0,0,0,22548
עגת,עגת,artopticius,0,0,0,22548
עדה,עדה,synagoga,8,163,8,22548
עדה,עדה,educatus,0,163,0,22548
עדה,עדה,proba,0,163,0,22548
עדות,עדות,testimonium,64,77,151,22548
עדות,עדות,proba,0,77,0,22548
עדות,עדות,monumentum,0,77,15,22548
עדות,עדות,commentarius,0,77,11,22548
עדות,עדות,scitus,0,77,0,22548
עדות,עדות,imperatus,0,77,0,22548
עדות,עדות,arca,12,77,194,22548
עדות,עדות,seruo,0,77,66,22548
עדות,עדות,custodio,12,77,267,22548
עדות,עדות,praesidium,0,77,26,22548
עדות,עדות,caueo,0,77,38,22548
עדות,עדות,custos,1,77,73,22548
עדי,עדי,praeolo,0,13,0,22548
עדי,עדי,aurora,0,13,6,22548
עדי,עדי,mane,0,13,173,22548
עדי,עדי,usque,0,13,812,22548
עדי,עדי,dum,0,13,30,22548
עדי,עדי,quoad,0,13,0,22548
עדי,עדי,donec,0,13,221,22548
עדי,עדי,ornamentum,6,13,8,22548
עדי,עדי,orbis,0,13,39,22548
עדי,עדי,mundum,0,13,0,22548
עדי,עדי,ordo,0,13,56,22548
עדי,עדי,testimonium,0,13,151,22548
עדי,עדי,testis,0,13,51,22548
עדימ,עדים,testimonium,0,0,151,22548
עדימ,עדים,testis,0,0,51,22548
עדן,עדן,silua,0,29,29,22548
עדן,עדן,tignum,0,29,1,22548
עדן,עדן,materia,0,29,1,22548
עדן,עדן,lignum,5,29,254,22548
עדן,עדן,paradisus,7,29,17,22548
עדן,עדן,luxuria,0,29,2,22548
עדן,עדן,fastidium,0,29,1,22548
עדנ,עדן,tempus,3,29,407,22548
עדנ,עדן,occasio,0,29,6,22548
עדנ,עדן,facultas,0,29,2,22548
עדנ,עדן,potestas,0,29,42,22548
עדנ,עדן,luxuria,0,29,2,22548
עדנ,עדן,fastidium,0,29,1,22548
עדני,עדני,tempus,0,0,407,22548
עדני,עדני,occasio,0,0,6,22548
עדני,עדני,facultas,0,0,2,22548
עדני,עדני,potestas,0,0,42,22548
עדנינ,עדנין,annus,0,0,571,22548
עדנינ,עדנין,incassus,0,0,0,22548
עדנינ,עדנין,emissicius,0,0,0,22548
עדנינ,עדנין,tempus,0,0,407,22548
עדנינ,עדנין,occasio,0,0,6,22548
עדנינ,עדנין,facultas,0,0,2,22548
עדנינ,עדנין,potestas,0,0,42,22548
עדף,עדף,linquo,0,8,0,22548
עדף,עדף,relinquo,0,8,119,22548
עדף,עדף,desero,0,8,97,22548
עדף,עדף,maneo,0,8,122,22548
עדף,עדף,reliquus,2,8,186,22548
עדף,עדף,ceterus,0,8,56,22548
עדף,עדף,ergo,0,8,727,22548
עדף,עדף,persisto,0,8,0,22548
עדף,עדף,moror,0,8,66,22548
עדף,עדף,sto,0,8,425,22548
עדף,עדף,remaneo,0,8,92,22548
עדף,עדף,exspecto,0,8,36,22548
עדף,עדף,resto,0,8,7,22548
עדף,עדף,unus,2,8,586,22548
עדף,עדף,complures,0,8,0,22548
עדף,עדף,alter,1,8,212,22548
עדף,עדף,quisque,0,8,15,22548
עדר,עדר,malum,2,48,375,22548
עדר,עדר,pomum,0,48,19,22548
עדר,עדר,ouis,5,48,158,22548
עדר,עדר,grex,29,48,160,22548
עדר,עדר,probata,0,48,0,22548
עדר,עדר,ouilis,0,48,0,22548
עדר,עדר,pecus,8,48,85,22548
עדר,עדר,pecuarius,0,48,0,22548
עדר,עדר,pastor,7,48,71,22548
עדר,עדר,opilio,0,48,1,22548
עדרימ,עדרים,pastor,0,0,71,22548
עדרימ,עדרים,opilio,0,0,1,22548
עדרימ,עדרים,ouilis,0,0,0,22548
עדרימ,עדרים,probata,0,0,0,22548
עדשה,עדשה,lenticula,0,4,3,22548
עדשימ,עדשים,lenticula,0,0,3,22548
עדת,עדת,dispositus,0,0,0,22548
עדת,עדת,testimonium,0,0,151,22548
עדת,עדת,proba,0,0,0,22548
עדת,עדת,synagoga,0,0,8,22548
עדת,עדת,educatus,0,0,0,22548
עוג,עוג,regnum,9,23,213,22548
עוג,עוג,palatium,0,23,27,22548
עוג,עוג,regina,0,23,40,22548
עוגב,עוגב,ludo,0,3,20,22548
עוגב,עוגב,tibia,0,3,7,22548
עוגב,עוגב,fistula,0,3,7,22548
עוה,עוה,iniurius,0,20,0,22548
עוה,עוה,credo,0,20,59,22548
עוה,עוה,certus,0,20,10,22548
עוה,עוה,puto,0,20,54,22548
עוה,עוה,aliquis,1,20,43,22548
עוה,עוה,quatenus,0,20,0,22548
עוה,עוה,quotus,0,20,0,22548
עוז,עוז,confugio,0,4,15,22548
עוז,עוז,profugio,0,4,7,22548
עויה,עויה,scelus,0,0,87,22548
עויה,עויה,crimen,0,0,2,22548
עויה,עויה,iniquitas,0,0,339,22548
עויה,עויה,facinus,0,0,2,22548
עויה,עויה,flagitium,0,0,2,22548
עויה,עויה,maleficium,0,0,8,22548
עויה,עויה,admissum,0,0,0,22548
עויה,עויה,iniustus,0,0,4,22548
עויל,עויל,adulescens,0,3,28,22548
עויל,עויל,puer,0,3,220,22548
עויל,עויל,adulescentia,0,3,42,22548
עויל,עויל,uiginti,0,3,223,22548
עויל,עויל,filia,0,3,448,22548
עויל,עויל,nascor,0,3,103,22548
עויל,עויל,pueri,0,3,0,22548
עויל,עויל,puerum,0,3,0,22548
עויל,עויל,natus,0,3,2,22548
עויל,עויל,filius,0,3,3345,22548
עוינו,עוינו,iniurius,0,0,0,22548
עוית,עוית,iniquitas,0,2,339,22548
עוית,עוית,iniustus,0,2,4,22548
עול,עול,iniquitas,14,32,339,22548
עול,עול,iniustus,1,32,4,22548
עול,עול,alo,0,32,13,22548
עול,עול,nutrio,0,32,21,22548
עול,עול,pasco,2,32,83,22548
עול,עול,educo,0,32,242,22548
עול,עול,tergum,0,32,46,22548
עול,עול,sustineo,0,32,60,22548
עול,עול,nutrix,0,32,8,22548
עול,עול,iniquus,7,32,41,22548
עול,עול,iniuria,0,32,10,22548
עול,עול,auerto,3,32,85,22548
עול,עול,reflecto,0,32,1,22548
עול,עול,iudicium,3,32,361,22548
עול,עול,iustus,7,32,260,22548
עול,עול,ius,0,32,37,22548
עול,עול,iustitia,6,32,220,22548
עול,עול,dexter,0,32,104,22548
עול,עול,aequitas,0,32,20,22548
עול,עול,aequus,0,32,22,22548
עול,עול,iustifico,0,32,22,22548
עול,עול,oportet,0,32,3,22548
עול,עול,pulcher,0,32,69,22548
עול,עול,mereo,0,32,6,22548
עול,עול,dignus,0,32,19,22548
עול,עול,rego,1,32,37,22548
עולה,עולה,iniquitas,25,30,339,22548
עולה,עולה,iniustus,0,30,4,22548
עולה,עולה,perducto,0,30,0,22548
עולה,עולה,uitium,0,30,4,22548
עולה,עולה,scelus,0,30,87,22548
עולה,עולה,turpitudo,0,30,21,22548
עולה,עולה,occensus,0,30,0,22548
עולה,עולה,holocaustum,1,30,232,22548
עולה,עולה,malitia,0,30,66,22548
עולל,עולל,infans,2,22,18,22548
עולל,עולל,filius,2,22,3345,22548
עולל,עולל,puer,0,22,220,22548
עולל,עולל,iuuencus,0,22,0,22548
עולל,עולל,filia,2,22,448,22548
עולל,עולל,nascor,0,22,103,22548
עולל,עולל,pueri,0,22,0,22548
עולל,עולל,puerum,0,22,0,22548
עולל,עולל,natus,0,22,2,22548
עולל,עולל,proles,0,22,0,22548
עולל,עולל,liberi,0,22,51,22548
עולל,עולל,meus,5,22,2759,22548
עולל,עולל,habeo,0,22,694,22548
עולל,עולל,teneo,1,22,116,22548
עולל,עולל,possideo,0,22,160,22548
עולם,עולם,aeuum,0,402,1,22548
עולם,עולם,saeculum,42,402,46,22548
עולם,עולם,aetas,0,402,23,22548
עולם,עולם,uita,5,402,169,22548
עולם,עולם,aeternus,152,402,162,22548
עולם,עולם,sempiternus,141,402,188,22548
עולם,עולם,perpes,0,402,0,22548
עולמ,עולם,siquando,0,402,0,22548
עולמ,עולם,praeolo,0,402,0,22548
עולמ,עולם,aeternus,152,402,162,22548
עולמ,עולם,perpes,0,402,0,22548
עולמ,עולם,imperium,0,402,59,22548
עולמ,עולם,principium,4,402,57,22548
עולמ,עולם,initium,4,402,24,22548
עולמ,עולם,magistratus,1,402,19,22548
עולמ,עולם,regnum,12,402,213,22548
עולמ,עולם,honor,0,402,17,22548
עולמ,עולם,ratio,0,402,11,22548
עולמ,עולם,officium,2,402,30,22548
עולמ,עולם,potestas,4,402,42,22548
עולמ,עולם,uis,0,402,73,22548
עולמ,עולם,primus,1,402,161,22548
עולמ,עולם,tempus,4,402,407,22548
עולמ,עולם,tum,0,402,2,22548
עולמ,עולם,longus,0,402,36,22548
עולמ,עולם,diu,0,402,1,22548
עולמ,עולם,aetas,0,402,23,22548
עולמ,עולם,temporis,0,402,0,22548
עולמימ,עולמים,praeolo,0,0,0,22548
עולמימ,עולמים,aeternus,0,0,162,22548
עולמימ,עולמים,perpes,0,0,0,22548
עולת,עולת,perducto,0,0,0,22548
עולת,עולת,occensus,0,0,0,22548
עולת,עולת,holocaustum,0,0,232,22548
עומד,עומד,sisto,0,0,0,22548
עומד,עומד,sto,0,0,425,22548
עומד,עומד,constituo,0,0,186,22548
עומד,עומד,erigo,0,0,60,22548
עון,עון,iniquitas,187,210,339,22548
עון,עון,iniustus,0,210,4,22548
עון,עון,perducto,0,210,0,22548
עונ,עון,iniquitas,187,210,339,22548
עונ,עון,iniustus,0,210,4,22548
עונ,עון,pecco,15,210,182,22548
עונ,עון,error,1,210,23,22548
עונ,עון,peccatum,53,210,341,22548
עונ,עון,perducto,0,210,0,22548
עונת,עונת,pecco,0,0,182,22548
עונת,עונת,error,0,0,23,22548
עונת,עונת,peccatum,0,0,341,22548
עונת,עונת,perducto,0,0,0,22548
עוף,עוף,pareas,0,90,0,22548
עוף,עוף,fera,0,90,3,22548
עוף,עוף,bestia,23,90,81,22548
עוף,עוף,belua,0,90,0,22548
עוף,עוף,ferus,0,90,3,22548
עוף,עוף,iumentum,9,90,117,22548
עוף,עוף,animal,4,90,43,22548
עוף,עוף,probata,0,90,0,22548
עופ,עוף,trygona,0,90,0,22548
עופ,עוף,gauia,0,90,0,22548
עור,עור,membrana,0,186,0,22548
עור,עור,cutis,18,186,22,22548
עור,עור,pellis,28,186,45,22548
עור,עור,corium,1,186,1,22548
עור,עור,tergus,0,186,0,22548
עור,עור,abscondo,1,186,141,22548
עור,עור,uisio,0,186,63,22548
עור,עור,oculus,11,186,475,22548
עור,עור,species,2,186,26,22548
עור,עור,uisus,1,186,3,22548
עור,עור,caecus,22,186,23,22548
עור,עור,caeco,0,186,0,22548
עור,עור,ceu,0,186,0,22548
עור,עור,uelut,1,186,42,22548
עורון,עורון,furor,1,2,217,22548
עורון,עורון,error,0,2,23,22548
עורון,עורון,calamitas,0,2,11,22548
עורון,עורון,dementia,0,2,0,22548
עורון,עורון,culpa,0,2,7,22548
עורון,עורון,fraus,0,2,5,22548
עורון,עורון,noxa,0,2,4,22548
עורון,עורון,pernicies,0,2,0,22548
עורימ,עורים,caecus,0,0,23,22548
עורימ,עורים,caeco,0,0,0,22548
עורר,עורר,subduco,0,0,0,22548
עורת,עורת,furor,0,1,217,22548
עורת,עורת,error,0,1,23,22548
עורת,עורת,calamitas,0,1,11,22548
עורת,עורת,dementia,0,1,0,22548
עורת,עורת,culpa,0,1,7,22548
עורת,עורת,fraus,0,1,5,22548
עורת,עורת,noxa,0,1,4,22548
עורת,עורת,pernicies,0,1,0,22548
עז,עז,capra,22,182,24,22548
עז,עז,caper,0,182,3,22548
עז,עז,hircus,6,182,29,22548
עז,עז,caprinus,0,182,0,22548
עז,עז,hircinus,0,182,0,22548
עז,עז,impudens,1,182,2,22548
עז,עז,gloria,9,182,214,22548
עז,עז,fama,0,182,14,22548
עז,עז,sententia,0,182,30,22548
עז,עז,existimatio,0,182,0,22548
עז,עז,laus,4,182,73,22548
עז,עז,opinio,0,182,0,22548
עז,עז,exercitus,2,182,467,22548
עז,עז,copia,0,182,6,22548
עז,עז,uis,2,182,73,22548
עז,עז,uirtus,3,182,28,22548
עז,עז,imperium,10,182,59,22548
עז,עז,potentia,3,182,17,22548
עז,עז,cogo,0,182,17,22548
עז,עז,opis,0,182,0,22548
עז,עז,robur,6,182,46,22548
עז,עז,fortitudo,50,182,232,22548
עז,עז,potestas,0,182,42,22548
עז,עז,tempestas,0,182,27,22548
עז,עז,pollentia,0,182,0,22548
עז,עז,honor,0,182,17,22548
עז,עז,dignitas,0,182,7,22548
עז,עז,pretium,0,182,62,22548
עז,עז,decus,0,182,3,22548
עז,עז,honorem,0,182,0,22548
עז,עז,honoris,0,182,0,22548
עז,עז,attagus,0,182,0,22548
עזב,עזב,relinquo,42,204,119,22548
עזב,עזב,dimitto,30,204,271,22548
עזב,עזב,absoluo,0,204,0,22548
עזב,עזב,libero,2,204,139,22548
עזב,עזב,ignosco,1,204,7,22548
עזב,עזב,permitto,1,204,6,22548
עזב,עזב,liceor,0,204,0,22548
עזב,עזב,patior,0,204,36,22548
עזב,עזב,sino,0,204,24,22548
עזב,עזב,concedo,1,204,15,22548
עזב,עזב,linquo,0,204,0,22548
עזב,עזב,desero,5,204,97,22548
עזב,עזב,maneo,0,204,122,22548
עזב,עזב,reliquus,3,204,186,22548
עזבו,עזבו,linquo,0,0,0,22548
עזבו,עזבו,relinquo,0,0,119,22548
עזבונים,עזבונים,forum,1,7,1,22548
עזבונים,עזבונים,contio,0,7,3,22548
עזבונים,עזבונים,forus,0,7,0,22548
עזבונים,עזבונים,multitudo,4,7,267,22548
עזבונים,עזבונים,turba,0,7,30,22548
עזבונים,עזבונים,populus,2,7,1560,22548
עזבונים,עזבונים,plebs,0,7,19,22548
עזבונים,עזבונים,numero,0,7,73,22548
עזבונים,עזבונים,numerus,0,7,149,22548
עזבי,עזבי,linquo,0,0,0,22548
עזבי,עזבי,relinquo,0,0,119,22548
עזבת,עזבת,linquo,0,0,0,22548
עזבת,עזבת,relinquo,0,0,119,22548
עזבתי,עזבתי,relinquo,0,0,119,22548
עזה,עזה,gaza,16,21,18,22548
עזה,עזה,thesaurus,0,21,72,22548
עזוז,עזוז,imperium,0,5,59,22548
עזוז,עזוז,principium,0,5,57,22548
עזוז,עזוז,initium,0,5,24,22548
עזוז,עזוז,magistratus,0,5,19,22548
עזוז,עזוז,regnum,0,5,213,22548
עזוז,עזוז,honor,0,5,17,22548
עזוז,עזוז,ratio,0,5,11,22548
עזוז,עזוז,officium,0,5,30,22548
עזוז,עזוז,potestas,0,5,42,22548
עזוז,עזוז,uis,0,5,73,22548
עזוז,עזוז,primus,0,5,161,22548
עזוז,עזוז,possum,1,5,547,22548
עזוז,עזוז,ualeo,0,5,38,22548
עזוז,עזוז,uirtus,0,5,28,22548
עזוז,עזוז,queo,0,5,13,22548
עזוז,עזוז,exercitus,0,5,467,22548
עזוז,עזוז,copia,0,5,6,22548
עזוז,עזוז,potentia,1,5,17,22548
עזוז,עזוז,cogo,0,5,17,22548
עזוז,עזוז,opis,0,5,0,22548
עזוז,עזוז,robur,0,5,46,22548
עזוז,עזוז,fortitudo,1,5,232,22548
עזוז,עזוז,auctoritas,0,5,1,22548
עזוז,עזוז,licentia,0,5,3,22548
עזימ,עזים,capra,0,0,24,22548
עזימ,עזים,caper,0,0,3,22548
עזימ,עזים,hircus,0,0,29,22548
עזימ,עזים,caprinus,0,0,0,22548
עזימ,עזים,hircinus,0,0,0,22548
עזימ,עזים,haedus,0,0,77,22548
עזימ,עזים,haedinus,0,0,0,22548
עזימ,עזים,haedulus,0,0,0,22548
עזימ,עזים,crinis,0,0,7,22548
עזימ,עזים,come,0,0,0,22548
עזימ,עזים,capillus,0,0,21,22548
עזימ,עזים,caesaries,0,0,4,22548
עזניה,עזניה,uulturinus,0,2,0,22548
עזניה,עזניה,uultur,0,2,1,22548
עזק,עזק,fodio,0,1,36,22548
עזק,עזק,perfosso,0,1,0,22548
עזר,עזר,auxilium,19,102,57,22548
עזר,עזר,adiutus,0,102,1,22548
עזר,עזר,auxilior,0,102,0,22548
עזר,עזר,defendo,1,102,7,22548
עזר,עזר,adiuuo,11,102,26,22548
עזר,עזר,opera,0,102,4,22548
עזר,עזר,opis,0,102,0,22548
עזר,עזר,iuuo,0,102,1,22548
עזר,עזר,sustineo,1,102,60,22548
עזר,עזר,socius,0,102,31,22548
עזר,עזר,patronus,0,102,0,22548
עזר,עזר,inquam,0,102,103,22548
עזרה,עזרה,auxilium,17,32,57,22548
עזרה,עזרה,adiutus,0,32,1,22548
עזרה,עזרה,auxilior,0,32,0,22548
עזרה,עזרה,quadraginta,0,32,116,22548
עזרה,עזרה,quattuor,4,32,161,22548
עזרת,עזרת,auxilium,0,0,57,22548
עזרת,עזרת,adiutus,0,0,1,22548
עזרת,עזרת,auxilior,0,0,0,22548
עזרתה,עזרתה,auxilium,0,0,57,22548
עזרתה,עזרתה,defendo,0,0,7,22548
עזרתה,עזרתה,adiuuo,0,0,26,22548
עזרתה,עזרתה,opera,0,0,4,22548
עזרתה,עזרתה,opis,0,0,0,22548
עזרתה,עזרתה,iuuo,0,0,1,22548
עזרתה,עזרתה,sustineo,0,0,60,22548
עזרתי,עזרתי,auxilium,0,0,57,22548
עזרתי,עזרתי,defendo,0,0,7,22548
עזרתי,עזרתי,adiuuo,0,0,26,22548
עזרתי,עזרתי,opera,0,0,4,22548
עזרתי,עזרתי,opis,0,0,0,22548
עזרתי,עזרתי,iuuo,0,0,1,22548
עזרתי,עזרתי,sustineo,0,0,60,22548
עטא,עטא,consilium,0,0,139,22548
עטא,עטא,sententia,0,0,30,22548
עטא,עטא,senatus,0,0,0,22548
עטא,עטא,concilium,0,0,11,22548
עטא,עטא,senator,0,0,1,22548
עטה,עטה,tego,0,16,33,22548
עטה,עטה,uelo,2,16,5,22548
עטה,עטה,operio,4,16,159,22548
עטוף,עטוף,infirmus,0,2,15,22548
עטוף,עטוף,debilis,0,2,6,22548
עטוף,עטוף,imbecillus,0,2,1,22548
עטוף,עטוף,seneo,0,2,0,22548
עטר,עטר,circulus,0,7,28,22548
עטר,עטר,orbis,0,7,39,22548
עטר,עטר,orbiculor,0,7,0,22548
עטרה,עטרה,corona,0,3,39,22548
עטרה,עטרה,sertum,0,3,0,22548
עטרה,עטרה,uertex,0,3,44,22548
עטרות,עטרות,termino,0,10,2,22548
עטרת,עטרת,corona,17,19,39,22548
עטרת,עטרת,sertum,0,19,0,22548
עטרת,עטרת,uertex,1,19,44,22548
עי,עי,terra,2,35,2254,22548
עי,עי,tellus,0,35,0,22548
עי,עי,ager,2,35,214,22548
עין,עין,oculus,453,840,475,22548
עין,עין,palpebra,4,840,8,22548
עין,עין,gena,0,840,5,22548
עין,עין,facies,21,840,497,22548
עין,עין,lumen,2,840,30,22548
עין,עין,sonor,0,840,0,22548
עין,עין,oculi,0,840,0,22548
עינ,עין,perspecto,0,840,0,22548
עינ,עין,placeo,58,840,142,22548
עינ,עין,oculus,453,840,475,22548
עינ,עין,oculi,0,840,0,22548
עינ,עין,lumen,2,840,30,22548
עינ,עין,uisio,8,840,63,22548
עינ,עין,species,5,840,26,22548
עינ,עין,uisus,2,840,3,22548
עינ,עין,fons,27,840,70,22548
עינ,עין,scatebra,0,840,0,22548
עיני,עיני,oculus,0,0,475,22548
עיני,עיני,oculi,0,0,0,22548
עיני,עיני,lumen,0,0,30,22548
עינימ,עינים,oculus,0,0,475,22548
עינימ,עינים,oculi,0,0,0,22548
עינימ,עינים,lumen,0,0,30,22548
עינימ,עינים,uultus,0,0,82,22548
עינימ,עינים,facies,0,0,497,22548
עינימ,עינים,os,0,0,459,22548
עינימ,עינים,ora,0,0,8,22548
עינימ,עינים,persona,0,0,13,22548
עינינ,עינין,oculus,0,0,475,22548
עינינ,עינין,oculi,0,0,0,22548
עינינ,עינין,lumen,0,0,30,22548
עינת,עינת,fons,0,0,70,22548
עינת,עינת,scatebra,0,0,0,22548
עיפ,עיף,linquo,0,22,0,22548
עיר,עיר,nuntius,7,914,112,22548
עיר,עיר,legatus,0,914,8,22548
עיר,עיר,angelus,3,914,101,22548
עיר,עיר,urbs,280,914,346,22548
עיר,עיר,oppidum,28,914,46,22548
עיר,עיר,ciuitas,590,914,683,22548
עיר,עיר,moenia,1,914,5,22548
עיר,עיר,publicus,0,914,7,22548
עיר,עיר,athenae,0,914,0,22548
עיר,עיר,municipium,0,914,0,22548
עיר,עיר,urbem,0,914,0,22548
עיר,עיר,urbis,0,914,0,22548
עיר,עיר,urbanus,0,914,0,22548
עירא,עירא,sacer,0,6,4,22548
עירא,עירא,sanctus,0,6,317,22548
עירם,עירם,nudus,9,10,31,22548
עירמ,עירם,nudus,9,10,31,22548
עיש,עיש,leaena,0,1,13,22548
עכביש,עכביש,legumentum,0,2,0,22548
עכביש,עכביש,lycos,0,2,0,22548
עכבר,עכבר,mus,5,6,5,22548
עכבר,עכבר,musculus,0,6,0,22548
עכבר,עכבר,aureus,3,6,142,22548
עכבר,עכבר,aurum,0,6,229,22548
עכור,עכור,uallis,0,5,8,22548
עכור,עכור,fauces,0,5,3,22548
עכור,עכור,uallum,0,5,0,22548
עכור,עכור,scissus,0,5,3,22548
על,על,contra,314,4420,685,22548
על,על,super,1658,4420,2116,22548
על,על,inuitus,0,4420,1,22548
על,על,ad,997,4420,4654,22548
עלא,עלא,caelum,0,1,393,22548
עלא,עלא,caelus,0,1,0,22548
עלא,עלא,hercules,0,1,0,22548
עלא,עלא,polus,0,1,0,22548
עלא,עלא,caeli,0,1,0,22548
עלא,עלא,aether,0,1,5,22548
עלא,עלא,supremitas,0,1,0,22548
עלה,עלה,ascendo,420,1017,474,22548
עלה,עלה,mons,59,1017,470,22548
עלה,עלה,escendo,0,1017,0,22548
עלה,עלה,occensus,0,1017,0,22548
עלה,עלה,holocaustum,220,1017,232,22548
עלה,עלה,causa,1,1017,85,22548
עלה,עלה,praetextus,0,1017,0,22548
עלה,עלה,excusatio,0,1017,0,22548
עלה,עלה,excuso,0,1017,1,22548
עלה,עלה,folium,11,1017,14,22548
עלה,עלה,frons,4,1017,45,22548
עלה,עלה,frondeo,0,1017,3,22548
עלו,עלו,ascendo,0,0,474,22548
עלו,עלו,mons,0,0,470,22548
עלו,עלו,escendo,0,0,0,22548
עלות,עלות,ascendo,0,0,474,22548
עלות,עלות,mons,0,0,470,22548
עלות,עלות,escendo,0,0,0,22548
עלות,עלות,occensus,0,0,0,22548
עלות,עלות,holocaustum,0,0,232,22548
עלטה,עלטה,celo,0,4,45,22548
עלטה,עלטה,abscondo,0,4,141,22548
עלטה,עלטה,occulo,0,4,1,22548
עלטה,עלטה,operio,1,4,159,22548
עלטה,עלטה,humerus,3,4,12,22548
עלטה,עלטה,umerus,0,4,27,22548
עלטה,עלטה,crudus,0,4,2,22548
עלי,עלי,ascendo,1,33,474,22548
עלי,עלי,mons,0,33,470,22548
עלי,עלי,escendo,0,33,0,22548
עלי,עלי,sursum,0,33,20,22548
עלי,עלי,superne,0,33,0,22548
עלי,עלי,superus,0,33,1,22548
עלי,עלי,supremitas,0,33,0,22548
עליון,עליון,sursum,1,52,20,22548
עליון,עליון,superne,0,52,0,22548
עליון,עליון,superus,0,52,1,22548
עליון,עליון,supremitas,0,52,0,22548
עליונ,עליון,desursum,0,52,1,22548
עליונ,עליון,altus,12,52,30,22548
עליונ,עליון,celsus,0,52,0,22548
עליונ,עליון,excelsus,19,52,126,22548
עליונ,עליון,sublimis,1,52,48,22548
עליונ,עליון,superus,0,52,1,22548
עליונ,עליון,alo,0,52,13,22548
עליונ,עליון,summus,0,52,30,22548
עליונ,עליון,supremitas,0,52,0,22548
עליונה,עליונה,sursum,0,0,20,22548
עליונה,עליונה,superne,0,0,0,22548
עליונה,עליונה,superus,0,0,1,22548
עליונינ,עליונין,supremitas,0,0,0,22548
עליל,עליל,introitus,0,1,73,22548
עליל,עליל,uestibulum,0,1,39,22548
עלילה,עלילה,opus,2,21,417,22548
עלילה,עלילה,facinus,0,21,2,22548
עלילה,עלילה,res,0,21,159,22548
עלילה,עלילה,negotium,0,21,12,22548
עלילה,עלילה,opero,0,21,7,22548
עלילה,עלילה,studium,1,21,19,22548
עלילה,עלילה,suetudo,0,21,0,22548
עלילות,עלילות,studium,0,0,19,22548
עלילות,עלילות,suetudo,0,0,0,22548
עליליה,עליליה,opus,0,1,417,22548
עליליה,עליליה,facinus,0,1,2,22548
עליליה,עליליה,res,0,1,159,22548
עליליה,עליליה,negotium,0,1,12,22548
עליליה,עליליה,opero,0,1,7,22548
עלימ,עלים,ascendo,0,0,474,22548
עלימ,עלים,mons,0,0,470,22548
עלימ,עלים,escendo,0,0,0,22548
עליצת,עליצת,testimonium,0,0,151,22548
עליצת,עליצת,argumentum,0,0,1,22548
עליצת,עליצת,indicium,0,0,3,22548
עליצת,עליצת,proba,0,0,0,22548
עלית,עלית,ascendo,0,0,474,22548
עלית,עלית,mons,0,0,470,22548
עלית,עלית,escendo,0,0,0,22548
עליתי,עליתי,ascendo,0,0,474,22548
עליתי,עליתי,mons,0,0,470,22548
עליתי,עליתי,escendo,0,0,0,22548
עלל,עלל,infans,0,20,18,22548
עללות,עללות,uenucula,0,6,0,22548
עללות,עללות,uindemiola,0,6,0,22548
עלם,עלם,ouis,1,34,158,22548
עלם,עלם,pecus,0,34,85,22548
עלם,עלם,grex,0,34,160,22548
עלם,עלם,pecuarius,0,34,0,22548
עלמ,עלם,praeolo,0,34,0,22548
עלמ,עלם,aeternus,2,34,162,22548
עלמ,עלם,perpes,0,34,0,22548
עלמה,עלמה,uirgineus,0,9,0,22548
עלמה,עלמה,uirgo,2,9,59,22548
עלמה,עלמה,uirginis,0,9,0,22548
עלמה,עלמה,puella,1,9,44,22548
עלמות,עלמות,clandestinus,0,0,0,22548
עלמי,עלמי,praeolo,0,1,0,22548
עלמי,עלמי,aeuum,0,1,1,22548
עלמי,עלמי,saeculum,0,1,46,22548
עלמי,עלמי,aetas,0,1,23,22548
עלמי,עלמי,uita,0,1,169,22548
עלמי,עלמי,aeternus,0,1,162,22548
עלמי,עלמי,sempiternus,0,1,188,22548
עלמימ,עלמים,aeternus,0,0,162,22548
עלמימ,עלמים,perpes,0,0,0,22548
עלמינ,עלמין,praeolo,0,0,0,22548
עלס,עלס,fruor,1,3,8,22548
עלס,עלס,gaudeo,0,3,34,22548
עלס,עלס,laetor,0,3,49,22548
עלס,עלס,ualeo,0,3,38,22548
עלס,עלס,laeto,0,3,85,22548
עלס,עלס,grando,0,3,26,22548
עלס,עלס,gaudium,0,3,59,22548
עלס,עלס,delecto,0,3,21,22548
עלס,עלס,uoluptas,0,3,16,22548
עלס,עלס,laetitia,0,3,61,22548
עלעינ,עלעין,costa,0,0,3,22548
עלף,עלף,tego,0,5,33,22548
עלף,עלף,uelo,0,5,5,22548
עלף,עלף,operio,0,5,159,22548
עלת,עלת,ascendo,0,0,474,22548
עלת,עלת,mons,0,0,470,22548
עלת,עלת,escendo,0,0,0,22548
עלת,עלת,occensus,0,0,0,22548
עלת,עלת,holocaustum,0,0,232,22548
עלתה,עלתה,ascendo,0,0,474,22548
עלתה,עלתה,mons,0,0,470,22548
עלתה,עלתה,escendo,0,0,0,22548
עמ,עם,statim,17,2426,88,22548
עמ,עם,continuus,0,2426,0,22548
עמ,עם,simul,14,2426,145,22548
עמ,עם,populus,1415,2426,1560,22548
עמ,עם,qui,855,2426,6495,22548
עמ,עם,humanus,1,2426,7,22548
עמ,עם,iste,109,2426,633,22548
עמ,עם,orbis,5,2426,39,22548
עמ,עם,plebs,19,2426,19,22548
עמ,עם,mundum,0,2426,0,22548
עמ,עם,uir,200,2426,1154,22548
עמ,עם,homo,63,2426,780,22548
עמ,עם,pateo,0,2426,11,22548
עמ,עם,aperio,11,2426,166,22548
עמ,עם,patefacio,0,2426,0,22548
עמ,עם,progenies,1,2426,12,22548
עמ,עם,familia,13,2426,182,22548
עמ,עם,gener,1,2426,12,22548
עמ,עם,genu,1,2426,27,22548
עמ,עם,cognatio,4,2426,146,22548
עמ,עם,natio,10,2426,51,22548
עמ,עם,genus,8,2426,65,22548
עמ,עם,gentis,0,2426,0,22548
עמ,עם,stirps,8,2426,51,22548
עמ,עם,gens,93,2426,462,22548
עמ,עם,generis,0,2426,0,22548
עמ,עם,ipse,111,2426,933,22548
עמ,עם,sui,85,2426,606,22548
עמ,עם,prouincia,11,2426,50,22548
עמ,עם,tribus,12,2426,174,22548
עמ,עם,inquam,17,2426,103,22548
עמ,עם,quantulus,0,2426,0,22548
עמ,עם,quoad,0,2426,0,22548
עמ,עם,animus,5,2426,39,22548
עמ,עם,mens,6,2426,38,22548
עמ,עם,cor,79,2426,642,22548
עמ,עם,cordis,0,2426,0,22548
עמ,עם,pectus,0,2426,8,22548
עמ,עם,dominus,790,2426,5912,22548
עמ,עם,auctoritas,0,2426,1,22548
עמ,עם,erus,0,2426,0,22548
עמ,עם,potestas,3,2426,42,22548
עמ,עם,uulgus,23,2426,39,22548
עמ,עם,turba,13,2426,30,22548
עמ,עם,exercitus,88,2426,467,22548
עמ,עם,militia,9,2426,54,22548
עמ,עם,hospes,0,2426,0,22548
עמ,עם,tecolithos,0,2426,0,22548
עמ,עם,petrinus,0,2426,0,22548
עמ,עם,popularis,0,2426,0,22548
עמ,עם,nox,41,2426,231,22548
עמ,עם,noctis,0,2426,0,22548
עמ,עם,noctem,0,2426,0,22548
עמ,עם,nocturnus,0,2426,8,22548
עמ,עם,filia,49,2426,448,22548
עמ,עם,nascor,10,2426,103,22548
עמ,עם,puer,34,2426,220,22548
עמ,עם,pueri,0,2426,0,22548
עמ,עם,puerum,0,2426,0,22548
עמ,עם,natus,0,2426,2,22548
עמ,עם,filius,327,2426,3345,22548
עמ,עם,pater,161,2426,926,22548
עמ,עם,genitor,0,2426,1,22548
עמ,עם,parens,1,2426,9,22548
עמ,עם,paternus,0,2426,1,22548
עמ,עם,patri,0,2426,0,22548
עמ,עם,patrem,0,2426,0,22548
עמ,עם,patris,0,2426,0,22548
עמ,עם,uultus,4,2426,82,22548
עמ,עם,facies,49,2426,497,22548
עמ,עם,os,40,2426,459,22548
עמ,עם,ora,0,2426,8,22548
עמ,עם,persona,1,2426,13,22548
עמד,עמד,surgo,8,505,287,22548
עמד,עמד,exsurgo,0,505,1,22548
עמד,עמד,sisto,0,505,0,22548
עמד,עמד,sto,294,505,425,22548
עמד,עמד,constituo,23,505,186,22548
עמד,עמד,erigo,2,505,60,22548
עמד,עמד,insidiae,2,505,52,22548
עמד,עמד,agmen,0,505,15,22548
עמד,עמד,societas,0,505,3,22548
עמד,עמד,aduenio,2,505,27,22548
עמד,עמד,seditio,0,505,5,22548
עמד,עמד,discordia,0,505,4,22548
עמד,עמד,ciuilis,0,505,0,22548
עמד,עמד,factio,0,505,1,22548
עמד,עמד,tumultus,1,505,20,22548
עמד,עמד,status,2,505,3,22548
עמד,עמד,ordo,3,505,56,22548
עמד,עמד,acies,1,505,27,22548
עמד,עמד,iubeo,1,505,75,22548
עמד,עמד,frons,0,505,45,22548
עמד,עמד,dignitas,0,505,7,22548
עמד,עמד,postis,0,505,14,22548
עמד,עמד,locus,22,505,513,22548
עמד,עמד,regio,3,505,158,22548
עמד,עמד,ager,8,505,214,22548
עמדה,עמדה,sisto,0,1,0,22548
עמדה,עמדה,sto,1,1,425,22548
עמדה,עמדה,constituo,0,1,186,22548
עמדה,עמדה,erigo,0,1,60,22548
עמדו,עמדו,sisto,0,0,0,22548
עמדו,עמדו,sto,0,0,425,22548
עמדו,עמדו,constituo,0,0,186,22548
עמדו,עמדו,erigo,0,0,60,22548
עמדימ,עמדים,sisto,0,0,0,22548
עמדימ,עמדים,sto,0,0,425,22548
עמדימ,עמדים,constituo,0,0,186,22548
עמדימ,עמדים,erigo,0,0,60,22548
עמדת,עמדת,sisto,0,0,0,22548
עמדת,עמדת,sto,0,0,425,22548
עמדת,עמדת,constituo,0,0,186,22548
עמדת,עמדת,erigo,0,0,60,22548
עמדת,עמדת,maneo,0,0,122,22548
עמדת,עמדת,persisto,0,0,0,22548
עמדת,עמדת,moror,0,0,66,22548
עמדת,עמדת,reliquus,0,0,186,22548
עמדת,עמדת,remaneo,0,0,92,22548
עמדת,עמדת,exspecto,0,0,36,22548
עמדת,עמדת,resto,0,0,7,22548
עמה,עמה,pars,2,29,332,22548
עמה,עמה,latus,3,29,111,22548
עמה,עמה,costa,0,29,3,22548
עמה,עמה,primitiae,2,29,56,22548
עמה,עמה,habeo,1,29,694,22548
עמה,עמה,teneo,0,29,116,22548
עמה,עמה,possideo,0,29,160,22548
עמה,עמה,longitudo,7,29,80,22548
עמה,עמה,rota,5,29,32,22548
עמה,עמה,mille,4,29,363,22548
עמה,עמה,miliarius,0,29,0,22548
עמוד,עמוד,columna,66,84,73,22548
עמוד,עמוד,prostylos,0,84,0,22548
עמוד,עמוד,crusta,0,84,0,22548
עמוד,עמוד,statio,0,84,12,22548
עמוד,עמוד,nubes,12,84,99,22548
עמוד,עמוד,nimbus,0,84,0,22548
עמוד,עמוד,nebula,0,84,12,22548
עמוד,עמוד,nubis,0,84,3,22548
עמוד,עמוד,nubila,0,84,1,22548
עמוד,עמוד,phalangae,0,84,0,22548
עמוד,עמוד,quadraginta,1,84,116,22548
עמוד,עמוד,quattuor,7,84,161,22548
עמוד,עמוד,aes,2,84,19,22548
עמוד,עמוד,aeris,0,84,0,22548
עמוד,עמוד,ferrum,0,84,41,22548
עמוד,עמוד,aereus,7,84,32,22548
עמוד,עמוד,aer,4,84,45,22548
עמוד,עמוד,aeneus,4,84,29,22548
עמוד,עמוד,asum,0,84,2,22548
עמוד,עמוד,aeratus,0,84,0,22548
עמוני,עמוני,decem,2,20,184,22548
עמוני,עמוני,deni,0,20,2,22548
עמי,עמי,populus,0,0,1560,22548
עמי,עמי,plebs,0,0,19,22548
עמי,עמי,uulgus,0,0,39,22548
עמי,עמי,turba,0,0,30,22548
עמי,עמי,exercitus,0,0,467,22548
עמי,עמי,militia,0,0,54,22548
עמי,עמי,hospes,0,0,0,22548
עמי,עמי,tecolithos,0,0,0,22548
עמי,עמי,petrinus,0,0,0,22548
עמי,עמי,popularis,0,0,0,22548
עמימ,עמים,gens,0,0,462,22548
עמימ,עמים,natio,0,0,51,22548
עמימ,עמים,populus,0,0,1560,22548
עמימ,עמים,prouincia,0,0,50,22548
עמימ,עמים,tribus,0,0,174,22548
עמימ,עמים,plebs,0,0,19,22548
עמימ,עמים,uulgus,0,0,39,22548
עמימ,עמים,turba,0,0,30,22548
עמימ,עמים,exercitus,0,0,467,22548
עמימ,עמים,militia,0,0,54,22548
עמימ,עמים,hospes,0,0,0,22548
עמימ,עמים,tecolithos,0,0,0,22548
עמימ,עמים,petrinus,0,0,0,22548
עמימ,עמים,popularis,0,0,0,22548
עמיק,עמיק,profundum,0,1,21,22548
עמיק,עמיק,alo,0,1,13,22548
עמיק,עמיק,altitudo,0,1,59,22548
עמיק,עמיק,altus,0,1,30,22548
עמיק,עמיק,profundus,1,1,18,22548
עמיק,עמיק,penitus,0,1,22,22548
עמיק,עמיק,mare,0,1,295,22548
עמיק,עמיק,pontus,0,1,3,22548
עמיק,עמיק,pelagus,0,1,1,22548
עמיק,עמיק,salum,0,1,1,22548
עמיקת,עמיקת,profundum,0,0,21,22548
עמיקת,עמיקת,alo,0,0,13,22548
עמיקת,עמיקת,altitudo,0,0,59,22548
עמיר,עמיר,herba,0,4,44,22548
עמיר,עמיר,gramen,0,4,3,22548
עמיר,עמיר,pastus,0,4,6,22548
עמל,עמל,percussus,0,60,0,22548
עמל,עמל,labor,30,60,78,22548
עמל,עמל,ango,0,60,1,22548
עמל,עמל,aerumna,0,60,3,22548
עמל,עמל,dolor,10,60,77,22548
עמל,עמל,laboro,13,60,43,22548
עמל,עמל,opera,0,60,4,22548
עמל,עמל,laboris,0,60,0,22548
עמל,עמל,iudicium,0,60,361,22548
עמל,עמל,iustus,1,60,260,22548
עמל,עמל,ius,0,60,37,22548
עמל,עמל,iustitia,1,60,220,22548
עמל,עמל,dexter,0,60,104,22548
עמל,עמל,aequitas,0,60,20,22548
עמל,עמל,aequus,0,60,22,22548
עמל,עמל,iustifico,1,60,22,22548
עמל,עמל,oportet,0,60,3,22548
עמל,עמל,pulcher,0,60,69,22548
עמל,עמל,mereo,0,60,6,22548
עמל,עמל,dignus,0,60,19,22548
עמל,עמל,rego,0,60,37,22548
עמם,עמם,socius,0,3,31,22548
עמם,עמם,auxilium,0,3,57,22548
עמם,עמם,patronus,0,3,0,22548
עמם,עמם,comes,0,3,6,22548
עמם,עמם,societas,0,3,3,22548
עממי,עממי,gens,0,0,462,22548
עממי,עממי,natio,0,0,51,22548
עממי,עממי,populus,0,0,1560,22548
עממי,עממי,prouincia,0,0,50,22548
עממי,עממי,tribus,0,0,174,22548
עממי,עממי,plebs,0,0,19,22548
עממי,עממי,uulgus,0,0,39,22548
עממי,עממי,turba,0,0,30,22548
עממי,עממי,exercitus,0,0,467,22548
עממי,עממי,militia,0,0,54,22548
עממי,עממי,hospes,0,0,0,22548
עממי,עממי,tecolithos,0,0,0,22548
עממי,עממי,petrinus,0,0,0,22548
עממי,עממי,popularis,0,0,0,22548
עמק,עמק,uallis,3,92,8,22548
עמק,עמק,conuallis,2,92,16,22548
עמק,עמק,uallum,0,92,0,22548
עמק,עמק,canalis,0,92,0,22548
עמק,עמק,ualles,50,92,114,22548
עמק,עמק,campus,1,92,26,22548
עמק,עמק,planities,0,92,9,22548
עמק,עמק,campe,0,92,0,22548
עמק,עמק,planus,1,92,9,22548
עמק,עמק,fauces,0,92,3,22548
עמק,עמק,scissus,0,92,3,22548
עמקימ,עמקים,tibia,0,0,7,22548
עמקימ,עמקים,fistula,0,0,7,22548
עמר,עמר,lana,0,17,9,22548
עמר,עמר,lanugino,0,17,0,22548
עמר,עמר,ceu,0,17,0,22548
עמר,עמר,uelut,0,17,42,22548
עמר,עמר,farratus,0,17,0,22548
עמר,עמר,congrego,1,17,255,22548
עמר,עמר,colligo,5,17,77,22548
עמרימ,עמרים,farratus,0,0,0,22548
עמת,עמת,quantulus,0,0,0,22548
עמת,עמת,quoad,0,0,0,22548
ענ,ען,rescribo,0,0,1,22548
ענ,ען,exaudio,0,0,135,22548
ענ,ען,respondeo,0,0,541,22548
ענ,ען,ausculto,0,0,17,22548
ענ,ען,humilio,0,0,64,22548
ענב,ענב,labrusca,2,19,3,22548
ענב,ענב,uua,13,19,26,22548
ענב,ענב,uitis,2,19,11,22548
ענב,ענב,mados,0,19,0,22548
ענב,ענב,uinum,3,19,157,22548
ענב,ענב,bacchus,0,19,0,22548
ענב,ענב,uini,0,19,0,22548
ענבימ,ענבים,uua,0,0,26,22548
ענג,ענג,molliculus,0,14,0,22548
ענג,ענג,bonus,0,14,316,22548
ענג,ענג,probus,0,14,2,22548
ענג,ענג,fortis,0,14,262,22548
ענג,ענג,bene,0,14,65,22548
ענג,ענג,aurum,0,14,229,22548
ענג,ענג,os,2,14,459,22548
ענג,ענג,labium,0,14,123,22548
ענג,ענג,labrum,0,14,8,22548
ענג,ענג,osculum,0,14,4,22548
ענג,ענג,natus,0,14,2,22548
ענג,ענג,proles,0,14,0,22548
ענג,ענג,filius,2,14,3345,22548
ענג,ענג,liberi,0,14,51,22548
ענג,ענג,puer,0,14,220,22548
ענג,ענג,meus,1,14,2759,22548
ענגה,ענגה,molliculus,0,0,0,22548
ענה,ענה,rescribo,0,500,1,22548
ענה,ענה,exaudio,63,500,135,22548
ענה,ענה,respondeo,192,500,541,22548
ענה,ענה,humilio,15,500,64,22548
ענו,ענו,rescribo,0,14,1,22548
ענו,ענו,exaudio,0,14,135,22548
ענו,ענו,respondeo,0,14,541,22548
ענו,ענו,humilis,1,14,34,22548
ענו,ענו,humilio,1,14,64,22548
ענו,ענו,mendicus,0,14,2,22548
ענוימ,ענוים,mendicus,0,0,2,22548
ענות,ענות,rescribo,0,1,1,22548
ענות,ענות,exaudio,0,1,135,22548
ענות,ענות,respondeo,0,1,541,22548
עני,עני,uolo,0,105,226,22548
עני,עני,difficultas,0,105,2,22548
עני,עני,egestas,0,105,23,22548
עני,עני,uix,0,105,5,22548
עני,עני,paupertas,5,105,8,22548
עני,עני,difficilis,0,105,13,22548
עני,עני,miser,0,105,7,22548
עני,עני,pauper,62,105,150,22548
עני,עני,inopia,2,105,11,22548
עני,עני,mendicitas,0,105,2,22548
עני,עני,mendicus,1,105,2,22548
עני,עני,humilis,1,105,34,22548
עני,עני,humilio,2,105,64,22548
עני,עני,humilitas,2,105,8,22548
עניימ,עניים,mendicus,0,0,2,22548
ענין,ענין,negotior,0,8,2,22548
ענן,ענן,nubes,62,87,99,22548
ענן,ענן,nimbus,0,87,0,22548
ענן,ענן,nebula,8,87,12,22548
ענן,ענן,nubis,1,87,3,22548
ענן,ענן,nubila,0,87,1,22548
ענן,ענן,nubifer,0,87,0,22548
עננ,ענן,nubiuagus,0,87,0,22548
עננ,ענן,nubes,62,87,99,22548
עננ,ענן,nimbus,0,87,0,22548
עננ,ענן,nebula,8,87,12,22548
עננ,ענן,nubis,1,87,3,22548
עננ,ענן,nubila,0,87,1,22548
ענף,ענף,fructus,5,7,110,22548
ענף,ענף,pomum,0,7,19,22548
ענף,ענף,messis,0,7,32,22548
ענפו,ענפו,ramus,0,0,22,22548
ענקימ,ענקים,quasi,0,0,708,22548
ענקימ,ענקים,similis,0,0,91,22548
ענקימ,ענקים,tamquam,0,0,3,22548
ענקימ,ענקים,sicut,0,0,851,22548
ענקימ,ענקים,uelut,0,0,42,22548
ענש,ענש,damnum,4,10,14,22548
ענש,ענש,poena,0,10,5,22548
ענש,ענש,supplicium,0,10,1,22548
ענש,ענש,amissus,0,10,0,22548
ענש,ענש,pulcher,0,10,69,22548
ענש,ענש,formosus,0,10,0,22548
ענש,ענש,bonus,0,10,316,22548
ענש,ענש,nobilis,0,10,17,22548
ענש,ענש,bene,0,10,65,22548
ענש,ענש,ius,0,10,37,22548
ענש,ענש,aequus,0,10,22,22548
ענש,ענש,speciosus,0,10,24,22548
ענש,ענש,ualeo,0,10,38,22548
ענש,ענש,posterus,0,10,25,22548
ענש,ענש,dexter,0,10,104,22548
ענש,ענש,puteus,0,10,37,22548
ענש,ענש,bellus,0,10,0,22548
ענתה,ענתה,subsisto,0,0,19,22548
עפי,עפי,frondosus,0,1,12,22548
עפי,עפי,foliosus,0,1,0,22548
עפי,עפי,folium,0,1,14,22548
עפי,עפי,frons,0,1,45,22548
עפי,עפי,frondeo,0,1,3,22548
עפל,עפל,sessio,0,9,4,22548
עפלימ,עפלים,sessio,0,0,4,22548
עפף,עפף,bis,0,1,22,22548
עפף,עפף,duplex,0,1,25,22548
עפף,עפף,duplico,0,1,2,22548
עפף,עפף,duplus,0,1,4,22548
עפר,עפר,arena,0,108,0,22548
עפר,עפר,harena,1,108,5,22548
עפר,עפר,harenosus,0,108,0,22548
עפר,עפר,puluereus,0,108,0,22548
עפר,עפר,puluis,56,108,81,22548
עפר,עפר,puluero,0,108,0,22548
עפר,עפר,ripa,0,108,17,22548
עפר,עפר,agger,0,108,9,22548
עפר,עפר,tumulus,0,108,22,22548
עפר,עפר,ceu,0,108,0,22548
עפר,עפר,uelut,4,108,42,22548
עפרון,עפרון,spelunca,4,11,36,22548
עפרון,עפרון,antrum,0,11,5,22548
עפרון,עפרון,specus,0,11,3,22548
עפרת,עפרת,duco,0,9,179,22548
עפרת,עפרת,ago,0,9,146,22548
עפרת,עפרת,affero,0,9,107,22548
עפרת,עפרת,adduco,0,9,215,22548
עפרת,עפרת,educo,0,9,242,22548
עפרת,עפרת,fero,1,9,342,22548
עפרת,עפרת,deduco,0,9,50,22548
עפרת,עפרת,induco,0,9,68,22548
עפרת,עפרת,defero,0,9,42,22548
עפרת,עפרת,introduco,0,9,83,22548
עפרת,עפרת,infero,0,9,73,22548
עפרת,עפרת,offertor,0,9,153,22548
עפרת,עפרת,plumbum,7,9,7,22548
עפרת,עפרת,praecedo,0,9,44,22548
עפרת,עפרת,credo,0,9,59,22548
עפרת,עפרת,considero,0,9,76,22548
עפרת,עפרת,existimo,0,9,1,22548
עפרת,עפרת,iudico,0,9,181,22548
עפרת,עפרת,teneo,0,9,116,22548
עפרת,עפרת,pecunia,0,9,72,22548
עפרת,עפרת,argenteus,0,9,78,22548
עפרת,עפרת,nummus,0,9,1,22548
עפרת,עפרת,argentum,4,9,189,22548
עפרת,עפרת,stannum,0,9,0,22548
עפרת,עפרת,plumbum album,0,9,0,22548
עפרת,עפרת,cassiterum,0,9,0,22548
עפרת,עפרת,molybdus,0,9,0,22548
עפרת,עפרת,riuo,0,9,0,22548
עפרת,עפרת,ferrum,3,9,41,22548
עפרת,עפרת,ferreus,1,9,30,22548
עפרת,עפרת,gladius,0,9,353,22548
עפרת,עפרת,aes,2,9,19,22548
עפרת,עפרת,aeris,0,9,0,22548
עפרת,עפרת,aereus,0,9,32,22548
עפרת,עפרת,aer,1,9,45,22548
עפרת,עפרת,aeneus,0,9,29,22548
עפרת,עפרת,asum,0,9,2,22548
עפרת,עפרת,aeratus,0,9,0,22548
עץ,עץ,arbor,17,280,25,22548
עץ,עץ,lignum,223,280,254,22548
עץ,עץ,silua,6,280,29,22548
עץ,עץ,tignum,0,280,1,22548
עץ,עץ,materia,0,280,1,22548
עצ,עץ,arbor,17,280,25,22548
עצ,עץ,lignum,223,280,254,22548
עצ,עץ,silua,6,280,29,22548
עצ,עץ,tignum,0,280,1,22548
עצ,עץ,materia,0,280,1,22548
עצב,עצב,idolum,8,45,61,22548
עצב,עצב,simulacrum,2,45,27,22548
עצב,עצב,imaginis,0,45,0,22548
עצב,עצב,umbra,0,45,55,22548
עצב,עצב,imago,0,45,16,22548
עצה,עצה,consilium,69,89,139,22548
עצה,עצה,sententia,3,89,30,22548
עצה,עצה,senatus,0,89,0,22548
עצה,עצה,concilium,1,89,11,22548
עצה,עצה,senator,0,89,1,22548
עצה,עצה,consulo,1,89,39,22548
עצה,עצה,iudico,0,89,181,22548
עצה,עצה,insidiae,0,89,52,22548
עצה,עצה,consilior,0,89,1,22548
עצום,עצום,durus,0,28,46,22548
עצום,עצום,fortis,19,28,262,22548
עצום,עצום,ualidus,0,28,15,22548
עצום,עצום,trux,0,28,0,22548
עצום,עצום,robustus,6,28,77,22548
עצום,עצום,firmus,0,28,25,22548
עצום,עצום,uehemens,0,28,16,22548
עצומ,עצום,ualidus,0,28,15,22548
עצומ,עצום,fortis,19,28,262,22548
עצומ,עצום,robustus,6,28,77,22548
עצומ,עצום,firmus,0,28,25,22548
עצומ,עצום,uehemens,0,28,16,22548
עצומימ,עצומים,ualidus,0,0,15,22548
עצומימ,עצומים,fortis,0,0,262,22548
עצומימ,עצומים,robustus,0,0,77,22548
עצומימ,עצומים,firmus,0,0,25,22548
עצומימ,עצומים,uehemens,0,0,16,22548
עצות,עצות,consilium,0,0,139,22548
עצות,עצות,sententia,0,0,30,22548
עצות,עצות,senatus,0,0,0,22548
עצות,עצות,concilium,0,0,11,22548
עצות,עצות,senator,0,0,1,22548
עצי,עצי,silua,0,0,29,22548
עצי,עצי,tignum,0,0,1,22548
עצי,עצי,materia,0,0,1,22548
עצי,עצי,lignum,0,0,254,22548
עצימ,עצים,silua,0,0,29,22548
עצימ,עצים,tignum,0,0,1,22548
עצימ,עצים,materia,0,0,1,22548
עצימ,עצים,lignum,0,0,254,22548
עצם,עצם,ossum,0,130,0,22548
עצם,עצם,redo,0,130,0,22548
עצמ,עצם,tempus,3,130,407,22548
עצמ,עצם,occasio,0,130,6,22548
עצמ,עצם,facultas,0,130,2,22548
עצמ,עצם,potestas,0,130,42,22548
עצמ,עצם,ossum,0,130,0,22548
עצמ,עצם,redo,0,130,0,22548
עצמו,עצמו,pluratiuus,0,0,0,22548
עצמון,עצמון,meatus,0,3,0,22548
עצמון,עצמון,termino,0,3,2,22548
עצמות,עצמות,ossum,0,1,0,22548
עצמות,עצמות,redo,0,1,0,22548
עצמת,עצמת,ossum,0,0,0,22548
עצמת,עצמת,redo,0,0,0,22548
עצר,עצר,sustineo,1,45,60,22548
עצר,עצר,retineo,1,45,11,22548
עצר,עצר,possessio,0,45,165,22548
עצר,עצר,teneo,1,45,116,22548
עצר,עצר,prohibeo,0,45,39,22548
עצר,עצר,impedio,0,45,0,22548
עצר,עצר,ueto,0,45,0,22548
עצר,עצר,praecludo,0,45,0,22548
עצרה,עצרה,nuntio,0,4,122,22548
עצרה,עצרה,pronuntio,0,4,6,22548
עצרה,עצרה,declaro,0,4,0,22548
עצרה,עצרה,praedico,0,4,52,22548
עצרה,עצרה,praeco,0,4,6,22548
עצת,עצת,consilium,0,0,139,22548
עצת,עצת,consulo,0,0,39,22548
עצת,עצת,iudico,0,0,181,22548
עצת,עצת,concilium,0,0,11,22548
עצת,עצת,insidiae,0,0,52,22548
עצת,עצת,consilior,0,0,1,22548
עצת,עצת,sententia,0,0,30,22548
עצת,עצת,senatus,0,0,0,22548
עצת,עצת,senator,0,0,1,22548
עקב,עקב,totus,0,36,177,22548
עקב,עקב,uniuersus,0,36,766,22548
עקב,עקב,cunctus,0,36,551,22548
עקב,עקב,omnis,4,36,3087,22548
עקב,עקב,calcaneum,2,36,2,22548
עקב,עקב,fulmenta,0,36,0,22548
עקב,עקב,semen,3,36,186,22548
עקב,עקב,stirps,0,36,51,22548
עקב,עקב,proles,0,36,0,22548
עקב,עקב,semento,0,36,0,22548
עקד,עקד,capra,1,9,24,22548
עקד,עקד,caper,0,9,3,22548
עקד,עקד,hircus,1,9,29,22548
עקד,עקד,caprinus,0,9,0,22548
עקד,עקד,hircinus,0,9,0,22548
עקד,עקד,peralbus,0,9,0,22548
עקד,עקד,percandidus,0,9,0,22548
עקד,עקד,aries,2,9,164,22548
עקד,עקד,uarius,5,9,30,22548
עקד,עקד,ouis,4,9,158,22548
עקד,עקד,pecus,0,9,85,22548
עקד,עקד,grex,3,9,160,22548
עקד,עקד,pecuarius,0,9,0,22548
עקדימ,עקדים,peralbus,0,0,0,22548
עקדימ,עקדים,percandidus,0,0,0,22548
עקדימ,עקדים,albus,0,0,15,22548
עקדימ,עקדים,candidus,0,0,5,22548
עקדימ,עקדים,lelepris,0,0,0,22548
עקדימ,עקדים,ophthalmias,0,0,0,22548
עקר,עקר,statura,0,19,10,22548
עקר,עקר,currus,4,19,107,22548
עקר,עקר,iugum,0,19,44,22548
עקר,עקר,quadrigae,1,19,14,22548
עקר,עקר,onusto,0,19,0,22548
עקר,עקר,gigno,0,19,190,22548
עקר,עקר,pario,3,19,116,22548
עקר,עקר,fero,0,19,342,22548
עקר,עקר,genero,0,19,14,22548
עקרב,עקרב,scorpionius,0,9,0,22548
עקרב,עקרב,scorpio,9,9,9,22548
עקרבימ,עקרבים,scorpionius,0,0,0,22548
עקרבימ,עקרבים,scorpio,0,0,9,22548
עקרון,עקרון,syron,0,19,2,22548
ער,ער,hostis,0,17,123,22548
ער,ער,inimicus,0,17,247,22548
ער,ער,infestus,0,17,0,22548
ער,ער,urbs,1,17,346,22548
ער,ער,ciuitas,0,17,683,22548
ער,ער,oppidum,1,17,46,22548
ער,ער,moenia,0,17,5,22548
ער,ער,publicus,0,17,7,22548
ער,ער,athenae,0,17,0,22548
ער,ער,municipium,0,17,0,22548
ער,ער,urbem,0,17,0,22548
ער,ער,urbis,0,17,0,22548
ערב,ערב,uesper,74,193,81,22548
ערב,ערב,merendo,0,193,0,22548
ערב,ערב,crepusculum,0,193,1,22548
ערב,ערב,occidens,2,193,41,22548
ערב,ערב,occasus,3,193,16,22548
ערב,ערב,uesperus,33,193,39,22548
ערב,ערב,uespertinus,4,193,4,22548
ערב,ערב,coruus,6,193,7,22548
ערב,ערב,immundus,25,193,95,22548
ערב,ערב,uestis,6,193,101,22548
ערב,ערב,uestimentum,20,193,138,22548
ערב,ערב,pallium,1,193,50,22548
ערב,ערב,toga,0,193,0,22548
ערבה,ערבה,populifer,0,66,0,22548
ערבה,ערבה,profectio,0,66,2,22548
ערבון,ערבון,hercules,0,3,0,22548
ערבון,ערבון,edepol,0,3,0,22548
ערבון,ערבון,pol,0,3,0,22548
ערבון,ערבון,pignus,1,3,14,22548
ערבון,ערבון,fidelitas,0,3,0,22548
ערבון,ערבון,fides,0,3,28,22548
ערבון,ערבון,fidelis,0,3,38,22548
ערבון,ערבון,fidus,0,3,0,22548
ערבון,ערבון,nummulus,0,3,0,22548
ערבימ,ערבים,uespertinus,0,0,4,22548
ערבימ,ערבים,uesper,0,0,81,22548
ערבימ,ערבים,crepusculum,0,0,1,22548
ערבימ,ערבים,occidens,0,0,41,22548
ערבימ,ערבים,occasus,0,0,16,22548
ערבימ,ערבים,uesperus,0,0,39,22548
ערג,ערג,desidero,0,2,42,22548
ערג,ערג,cupio,0,2,15,22548
ערג,ערג,desiderium,0,2,22,22548
ערוה,ערוה,pudor,0,41,1,22548
ערוה,ערוה,dedecus,0,41,0,22548
ערוה,ערוה,ignominia,15,41,49,22548
ערוה,ערוה,reuelo,16,41,56,22548
ערוה,ערוה,apocalypsis,0,41,0,22548
ערוה,ערוה,humilito,0,41,0,22548
ערום,ערום,nudus,14,27,31,22548
ערומ,ערום,nudus,14,27,31,22548
ערות,ערות,pudor,0,0,1,22548
ערות,ערות,dedecus,0,0,0,22548
ערות,ערות,ignominia,0,0,49,22548
ערות,ערות,humilito,0,0,0,22548
ערות,ערות,frondatio,0,0,0,22548
ערות,ערות,uestigium,0,0,30,22548
ערי,ערי,urbs,0,2,346,22548
ערי,ערי,ciuitas,0,2,683,22548
ערי,ערי,oppidum,0,2,46,22548
ערי,ערי,moenia,0,2,5,22548
ערי,ערי,publicus,0,2,7,22548
ערי,ערי,athenae,0,2,0,22548
ערי,ערי,municipium,0,2,0,22548
ערי,ערי,urbem,0,2,0,22548
ערי,ערי,urbis,0,2,0,22548
ערימ,ערים,urbs,0,0,346,22548
ערימ,ערים,ciuitas,0,0,683,22548
ערימ,ערים,oppidum,0,0,46,22548
ערימ,ערים,moenia,0,0,5,22548
ערימ,ערים,publicus,0,0,7,22548
ערימ,ערים,athenae,0,0,0,22548
ערימ,ערים,municipium,0,0,0,22548
ערימ,ערים,urbem,0,0,0,22548
ערימ,ערים,urbis,0,0,0,22548
עריסה,עריסה,primitiae,1,4,56,22548
עריסה,עריסה,aphaerema,0,4,0,22548
עריץ,עריץ,pereo,0,20,156,22548
עריץ,עריץ,perdo,0,20,60,22548
עריץ,עריץ,amitto,0,20,4,22548
עריץ,עריץ,mors,0,20,197,22548
עריץ,עריץ,deleo,1,20,128,22548
עריץ,עריץ,intereo,0,20,35,22548
עריץ,עריץ,ruina,0,20,51,22548
עריץ,עריץ,disperdo,1,20,76,22548
עריץ,עריץ,interfacio,0,20,149,22548
עריץ,עריץ,morior,0,20,469,22548
עריץ,עריץ,exitium,0,20,0,22548
עריץ,עריץ,occido,0,20,196,22548
עריץ,עריץ,impius,4,20,235,22548
עריץ,עריץ,sacrilegus,0,20,1,22548
עריץ,עריץ,pestis,0,20,24,22548
עריץ,עריץ,pestilentia,0,20,20,22548
עריץ,עריץ,lues,0,20,0,22548
עריץ,עריץ,pestilitas,0,20,0,22548
עריץ,עריץ,gladius,3,20,353,22548
עריץ,עריץ,ferrum,0,20,41,22548
עריץ,עריץ,culter,0,20,5,22548
עריצימ,עריצים,iniurius,0,0,0,22548
ערירי,ערירי,orbus,0,4,0,22548
ערירי,ערירי,illiberis,0,4,0,22548
ערך,ערך,pecunia,2,94,72,22548
ערך,ערך,argenteus,1,94,78,22548
ערך,ערך,nummus,0,94,1,22548
ערך,ערך,argentum,4,94,189,22548
ערך,ערך,honor,0,94,17,22548
ערך,ערך,dignitas,0,94,7,22548
ערך,ערך,pretium,8,94,62,22548
ערך,ערך,decus,0,94,3,22548
ערך,ערך,honorem,0,94,0,22548
ערך,ערך,honoris,0,94,0,22548
ערכ,ערך,praeparo,8,94,93,22548
ערכ,ערך,oppositus,0,94,0,22548
ערל,ערל,tonsilis,0,32,0,22548
ערל,ערל,gladius,12,32,353,22548
ערל,ערל,ferrum,0,32,41,22548
ערל,ערל,culter,0,32,5,22548
ערלה,ערלה,praeputio,0,16,0,22548
ערלה,ערלה,circumcido,9,16,27,22548
ערלה,ערלה,deseco,0,16,0,22548
ערלה,ערלה,proseco,0,16,0,22548
ערלה,ערלה,caro,4,16,229,22548
ערלימ,ערלים,tonsilis,0,0,0,22548
ערלת,ערלת,praeputio,0,0,0,22548
ערמ,ערם,nudus,0,5,31,22548
ערמה,ערמה,temperantia,0,13,0,22548
ערמה,ערמה,continentia,0,13,0,22548
ערמה,ערמה,consilium,1,13,139,22548
ערמה,ערמה,prudentia,0,13,43,22548
ערמה,ערמה,sapientia,1,13,151,22548
ערף,ערף,hostis,2,40,123,22548
ערף,ערף,inimicus,5,40,247,22548
ערף,ערף,infestus,0,40,0,22548
ערפ,ערף,rigoratus,0,40,0,22548
ערפ,ערף,ceruix,22,40,36,22548
ערפ,ערף,collum,1,40,39,22548
ערפל,ערפל,nubiuagus,0,14,0,22548
ערפל,ערפל,turbo,1,14,66,22548
ערפל,ערפל,uagio,0,14,0,22548
ערפל,ערפל,nubes,5,14,99,22548
ערפל,ערפל,nimbus,0,14,0,22548
ערפל,ערפל,nebula,1,14,12,22548
ערפל,ערפל,nubis,0,14,3,22548
ערפל,ערפל,nubila,0,14,1,22548
ערפל,ערפל,tenebrae,3,14,97,22548
ערפל,ערפל,caligo,11,14,36,22548
ערפל,ערפל,obscuritas,0,14,0,22548
ערץ,ערץ,tremesco,0,14,0,22548
ערץ,ערץ,intremo,0,14,2,22548
ערץ,ערץ,tremulus,0,14,0,22548
ערץ,ערץ,praetrepidus,0,14,0,22548
ערץ,ערץ,tremor,0,14,8,22548
ערץ,ערץ,uis,0,14,73,22548
ערץ,ערץ,robur,0,14,46,22548
ערץ,ערץ,fortitudo,0,14,232,22548
ערץ,ערץ,potentia,1,14,17,22548
ערץ,ערץ,quotiens,0,14,3,22548
ערץ,ערץ,quoniam,1,14,418,22548
ערץ,ערץ,timeo,5,14,306,22548
ערץ,ערץ,timor,1,14,74,22548
ערץ,ערץ,uereor,0,14,7,22548
ערץ,ערץ,metuo,3,14,23,22548
ערץ,ערץ,metus,0,14,2,22548
ערץ,ערץ,pauor,1,14,31,22548
ערץ,ערץ,terror,1,14,46,22548
ערץ,ערץ,formido,3,14,47,22548
ערש,ערש,lectus,5,9,15,22548
ערש,ערש,torus,0,9,3,22548
ערת,ערת,cutis,0,0,22,22548
ערת,ערת,pellis,0,0,45,22548
ערת,ערת,corium,0,0,1,22548
ערת,ערת,tergus,0,0,0,22548
ערת,ערת,abscondo,0,0,141,22548
ערת,ערת,membrana,0,0,0,22548
עש,עש,uerutum,0,8,0,22548
עש,עש,natura,0,8,3,22548
עש,עש,qualis,0,8,17,22548
עשב,עשב,pascuus,0,32,0,22548
עשב,עשב,pastus,0,32,6,22548
עשב,עשב,ceu,0,32,0,22548
עשב,עשב,uelut,0,32,42,22548
עשב,עשב,fructus,4,32,110,22548
עשב,עשב,pomum,1,32,19,22548
עשב,עשב,messis,0,32,32,22548
עשב,עשב,silua,0,32,29,22548
עשב,עשב,tignum,0,32,1,22548
עשב,עשב,materia,0,32,1,22548
עשב,עשב,lignum,5,32,254,22548
עשה,עשה,natura,1,2242,3,22548
עשה,עשה,qualis,3,2242,17,22548
עשוקימ,עשוקים,iniurius,0,1,0,22548
עשור,עשור,decem,1,16,184,22548
עשור,עשור,deni,0,16,2,22548
עשור,עשור,decimus,12,16,60,22548
עשור,עשור,septimus,5,16,112,22548
עשור,עשור,mensis,12,16,208,22548
עשות,עשות,facio,0,1,2893,22548
עשות,עשות,operor,0,1,130,22548
עשות,עשות,laboro,0,1,43,22548
עשות,עשות,opus,0,1,417,22548
עשות,עשות,administro,0,1,2,22548
עשות,עשות,fabrico,0,1,22,22548
עשות,עשות,parito,0,1,0,22548
עשות,עשות,seruo,0,1,66,22548
עשות,עשות,custodio,0,1,267,22548
עשות,עשות,praesidium,0,1,26,22548
עשות,עשות,caueo,0,1,38,22548
עשות,עשות,custos,0,1,73,22548
עשות,עשות,ergo,0,1,727,22548
עשות,עשות,hinc,0,1,24,22548
עשות,עשות,igitur,0,1,327,22548
עשות,עשות,propterea,0,1,119,22548
עשות,עשות,ideo,0,1,55,22548
עשות,עשות,pro,0,1,689,22548
עשי,עשי,natura,0,0,3,22548
עשי,עשי,qualis,0,0,17,22548
עשימ,עשים,natura,0,0,3,22548
עשימ,עשים,qualis,0,0,17,22548
עשיר,עשיר,diues,22,23,39,22548
עשיר,עשיר,putealis,0,23,0,22548
עשיר,עשיר,opulentus,0,23,7,22548
עשירי,עשירי,decimus,21,26,60,22548
עשירי,עשירי,oleum,3,26,174,22548
עשירי,עשירי,olearius,0,26,0,22548
עשירי,עשירי,olearis,0,26,0,22548
עשירי,עשירי,mensis,10,26,208,22548
עשן,עשן,fumus,19,35,24,22548
עשן,עשן,fumo,5,35,7,22548
עשנ,עשן,fumus,19,35,24,22548
עשנ,עשן,fumo,5,35,7,22548
עשנ,עשן,ceu,0,35,0,22548
עשנ,עשן,uelut,0,35,42,22548
עשק,עשק,iniquitas,2,50,339,22548
עשק,עשק,iniustus,0,50,4,22548
עשק,עשק,pupillus,5,50,40,22548
עשק,עשק,compressor,0,50,0,22548
עשר,עשר,decem,61,276,184,22548
עשר,עשר,deni,1,276,2,22548
עשר,עשר,decimus,6,276,60,22548
עשר,עשר,duo,18,276,461,22548
עשר,עשר,uter,0,276,5,22548
עשר,עשר,bini,1,276,12,22548
עשר,עשר,duodecim,71,276,98,22548
עשר,עשר,duodecimus,14,276,18,22548
עשר,עשר,uncia,0,276,1,22548
עשר,עשר,septimus,9,276,112,22548
עשר,עשר,uicesimus,11,276,53,22548
עשר,עשר,centum,10,276,156,22548
עשר,עשר,sextadecimani,0,276,0,22548
עשר,עשר,undecim,3,276,13,22548
עשר,עשר,undecimus,7,276,17,22548
עשר,עשר,octo,15,276,74,22548
עשר,עשר,duodeuicesimus,0,276,0,22548
עשר,עשר,quinquaginta,1,276,118,22548
עשר,עשר,quindecim,5,276,16,22548
עשר,עשר,quinque,6,276,183,22548
עשר,עשר,quintadecimani,0,276,0,22548
עשר,עשר,nauigatio,0,276,0,22548
עשר,עשר,nauigo,0,276,1,22548
עשר,עשר,cursus,1,276,8,22548
עשר,עשר,ops,2,276,13,22548
עשר,עשר,diuitiae,34,276,64,22548
עשר,עשר,opis,0,276,0,22548
עשר,עשר,lutus,0,276,0,22548
עשר,עשר,quarta,0,276,0,22548
עשר,עשר,mensis,46,276,208,22548
עשרה,עשרה,decem,111,230,184,22548
עשרה,עשרה,deni,1,230,2,22548
עשרה,עשרה,duo,12,230,461,22548
עשרה,עשרה,uter,0,230,5,22548
עשרה,עשרה,bini,0,230,12,22548
עשרה,עשרה,duodecim,27,230,98,22548
עשרה,עשרה,undecim,9,230,13,22548
עשרה,עשרה,septeni,0,230,3,22548
עשרה,עשרה,hebdomada,0,230,3,22548
עשרה,עשרה,quinquaginta,7,230,118,22548
עשרה,עשרה,quindecim,11,230,16,22548
עשרה,עשרה,quinque,19,230,183,22548
עשרה,עשרה,quadraginta,6,230,116,22548
עשרה,עשרה,quattuor,5,230,161,22548
עשרה,עשרה,terdecies,0,230,0,22548
עשרה,עשרה,tredecim,8,230,13,22548
עשרון,עשרון,agninus,0,22,0,22548
עשרון,עשרון,decimus,11,22,60,22548
עשרון,עשרון,oleum,15,22,174,22548
עשרון,עשרון,olearius,0,22,0,22548
עשרון,עשרון,olearis,0,22,0,22548
עשרים,עשרים,uicesimus,51,272,53,22548
עשרים,עשרים,uiginti,209,272,223,22548
עשרים,עשרים,uiceni,0,272,0,22548
עשרים,עשרים,quinquaginta,7,272,118,22548
עשרים,עשרים,quindecim,3,272,16,22548
עשרים,עשרים,quinque,46,272,183,22548
עשרים,עשרים,mille,60,272,363,22548
עשרים,עשרים,miliarius,0,272,0,22548
עשרימ,עשרים,alter,3,272,212,22548
עשרימ,עשרים,deinde,0,272,3,22548
עשרימ,עשרים,iterum,0,272,18,22548
עשרימ,עשרים,secundo,0,272,0,22548
עשרימ,עשרים,proximus,0,272,101,22548
עשרימ,עשרים,secundus,10,272,130,22548
עשרימ,עשרים,duo,31,272,461,22548
עשרימ,עשרים,uter,0,272,5,22548
עשרימ,עשרים,bini,1,272,12,22548
עשרימ,עשרים,uicesimus,51,272,53,22548
עשרימ,עשרים,uiginti,209,272,223,22548
עשרימ,עשרים,uiceni,0,272,0,22548
עשרימ,עשרים,centum,32,272,156,22548
עשרימ,עשרים,nouo,0,272,1,22548
עשרימ,עשרים,nouendialis,0,272,0,22548
עשרימ,עשרים,septeni,0,272,3,22548
עשרימ,עשרים,hebdomada,0,272,3,22548
עשרימ,עשרים,octo,14,272,74,22548
עשרימ,עשרים,quinquaginta,7,272,118,22548
עשרימ,עשרים,quindecim,3,272,16,22548
עשרימ,עשרים,quinque,46,272,183,22548
עשרימ,עשרים,quadraginta,6,272,116,22548
עשרימ,עשרים,quattuor,25,272,161,22548
עשרימ,עשרים,quartus,6,272,70,22548
עשרימ,עשרים,tertius,9,272,136,22548
עשרימ,עשרים,tertio,0,272,0,22548
עשרין,עשרין,uicesimus,0,0,53,22548
עשרין,עשרין,uiginti,0,0,223,22548
עשרין,עשרין,uiceni,0,0,0,22548
עשרינ,עשרין,uicesimus,0,0,53,22548
עשרינ,עשרין,uiginti,0,0,223,22548
עשרינ,עשרין,uiceni,0,0,0,22548
עשרינ,עשרין,centum,0,0,156,22548
עשרת,עשרת,decem,0,0,184,22548
עשרת,עשרת,deni,0,0,2,22548
עששה,עששה,obturbo,0,0,0,22548
עשתות,עשתות,animus,0,1,39,22548
עשתות,עשתות,mens,0,1,38,22548
עשתות,עשתות,cogitatio,1,1,90,22548
עשתות,עשתות,cogito,0,1,92,22548
עשתות,עשתות,sentio,0,1,12,22548
עשתות,עשתות,sapientia,0,1,151,22548
עשתות,עשתות,superbia,0,1,63,22548
עשתות,עשתות,superbus,0,1,33,22548
עשתות,עשתות,adsum,0,1,27,22548
עשתי,עשתי,undecim,4,18,13,22548
עשתי,עשתי,undecimus,11,18,17,22548
עשתי,עשתי,mensis,6,18,208,22548
עשתנת,עשתנת,animus,0,1,39,22548
עשתנת,עשתנת,mens,0,1,38,22548
עשתנת,עשתנת,cogitatio,1,1,90,22548
עשתנת,עשתנת,cogito,0,1,92,22548
עשתנת,עשתנת,sentio,0,1,12,22548
עשתנת,עשתנת,sapientia,0,1,151,22548
עשתנת,עשתנת,superbia,0,1,63,22548
עשתנת,עשתנת,superbus,0,1,33,22548
עשתנת,עשתנת,adsum,0,1,27,22548
עשתרות,עשתרות,ouilis,0,12,0,22548
עשתרות,עשתרות,probata,0,12,0,22548
עשתרת,עשתרת,ouis,4,8,158,22548
עשתרת,עשתרת,pecus,0,8,85,22548
עשתרת,עשתרת,grex,4,8,160,22548
עשתרת,עשתרת,agna,0,8,4,22548
עשתרת,עשתרת,ouilis,0,8,0,22548
עשתרת,עשתרת,probata,0,8,0,22548
עשתרת,עשתרת,pecuarius,0,8,0,22548
עת,עת,umquam,0,235,9,22548
עת,עת,tempus,189,235,407,22548
עת,עת,assiduus,0,235,0,22548
עת,עת,semper,3,235,143,22548
עת,עת,uesper,4,235,81,22548
עת,עת,crepusculum,0,235,1,22548
עת,עת,occidens,1,235,41,22548
עת,עת,occasus,1,235,16,22548
עת,עת,uesperus,2,235,39,22548
עת,עת,uespertinus,0,235,4,22548
עת,עת,nunc,6,235,321,22548
עת,עת,iam,1,235,78,22548
עת,עת,dies,40,235,1613,22548
עת,עת,hodie,0,235,182,22548
עת,עת,itis,0,235,0,22548
עת,עת,diei,0,235,0,22548
עת,עת,lux,1,235,82,22548
עת,עת,quando,5,235,230,22548
עת,עת,occasio,2,235,6,22548
עת,עת,facultas,0,235,2,22548
עת,עת,potestas,0,235,42,22548
עת,עת,numquam,0,235,22,22548
עת,עת,quondam,0,235,11,22548
עת,עת,olim,0,235,6,22548
עת,עת,interdum,1,235,2,22548
עת,עת,tum,0,235,2,22548
עת,עת,tunc,3,235,148,22548
עת,עת,aliquando,0,235,10,22548
עת,עת,longus,2,235,36,22548
עת,עת,diu,0,235,1,22548
עת,עת,aetas,0,235,23,22548
עת,עת,temporis,0,235,0,22548
עת,עת,hora,9,235,14,22548
עת,עת,prospicus,0,235,0,22548
עתד,עתד,promptus,0,2,1,22548
עתד,עתד,parito,0,2,0,22548
עתד,עתד,paro,0,2,78,22548
עתד,עתד,praeparo,1,2,93,22548
עתה,עתה,dudum,0,408,3,22548
עתה,עתה,hodie,10,408,182,22548
עתוד,עתוד,aries,21,29,164,22548
עתוד,עתוד,petro,0,29,0,22548
עתוד,עתוד,agninus,0,29,0,22548
עתוד,עתוד,ouinus,0,29,0,22548
עתוד,עתוד,ueruex,0,29,0,22548
עתוד,עתוד,donum,0,29,25,22548
עתוד,עתוד,munus,0,29,91,22548
עתוד,עתוד,praemium,0,29,3,22548
עתוד,עתוד,praesens,0,29,76,22548
עתוד,עתוד,datus,0,29,0,22548
עתוד,עתוד,annotinus,0,29,0,22548
עתוד,עתוד,anniculus,12,29,37,22548
עתוד,עתוד,quinquaginta,0,29,118,22548
עתוד,עתוד,quindecim,0,29,16,22548
עתוד,עתוד,quinque,12,29,183,22548
עתוד,עתוד,incolumitas,0,29,0,22548
עתודימ,עתודים,hircinus,0,0,0,22548
עתי,עתי,uolo,0,5,226,22548
עתי,עתי,cupio,0,5,15,22548
עתי,עתי,recuso,0,5,1,22548
עתי,עתי,eligo,0,5,209,22548
עתי,עתי,placeo,0,5,142,22548
עתי,עתי,utinam,0,5,24,22548
עתי,עתי,uoluntas,0,5,66,22548
עתי,עתי,cupiditas,0,5,1,22548
עתי,עתי,deligo,0,5,0,22548
עתי,עתי,nolo,0,5,343,22548
עתי,עתי,promptus,0,5,1,22548
עתי,עתי,parito,0,5,0,22548
עתי,עתי,facilis,0,5,6,22548
עתיד,עתיד,uolo,0,6,226,22548
עתיד,עתיד,cupio,0,6,15,22548
עתיד,עתיד,recuso,0,6,1,22548
עתיד,עתיד,eligo,0,6,209,22548
עתיד,עתיד,placeo,0,6,142,22548
עתיד,עתיד,utinam,0,6,24,22548
עתיד,עתיד,uoluntas,0,6,66,22548
עתיד,עתיד,cupiditas,0,6,1,22548
עתיד,עתיד,deligo,0,6,0,22548
עתיד,עתיד,nolo,0,6,343,22548
עתיד,עתיד,promptus,0,6,1,22548
עתיד,עתיד,parito,0,6,0,22548
עתיד,עתיד,facilis,0,6,6,22548
עתידינ,עתידין,promptus,0,0,1,22548
עתידינ,עתידין,parito,0,0,0,22548
עתימ,עתים,tempus,0,0,407,22548
עתימ,עתים,occasio,0,0,6,22548
עתימ,עתים,facultas,0,0,2,22548
עתימ,עתים,potestas,0,0,42,22548
עתיק,עתיק,comitium,0,3,0,22548
עתיק,עתיק,electus,0,3,0,22548
עתיק,עתיק,uetus,1,3,24,22548
עתיק,עתיק,antiquus,0,3,40,22548
עתק,עתק,iniquitas,1,14,339,22548
עתק,עתק,iniustus,0,14,4,22548
עתר,עתר,quaeso,0,24,25,22548
עתר,עתר,hortor,0,24,1,22548
עתר,עתר,uolo,0,24,226,22548
עתר,עתר,oro,3,24,95,22548
עתר,עתר,obsecro,2,24,73,22548
עתר,עתר,rogo,4,24,51,22548
עתר,עתר,peto,0,24,48,22548
עתר,עתר,uoco,1,24,413,22548
עתר,עתר,ausculto,0,24,17,22548
פאה,פאה,angulus,2,60,49,22548
פאה,פאה,ortus,0,60,42,22548
פאה,פאה,exortiuus,0,60,0,22548
פאה,פאה,termino,0,60,2,22548
פאר,פאר,sententia,0,20,30,22548
פאר,פאר,glorifico,7,20,39,22548
פאר,פאר,opinor,0,20,0,22548
פאר,פאר,gloria,1,20,214,22548
פאר,פאר,fama,0,20,14,22548
פאר,פאר,existimatio,0,20,0,22548
פאר,פאר,laus,1,20,73,22548
פאר,פאר,opinio,0,20,0,22548
פארה,פארה,oliua,0,3,26,22548
פארה,פארה,ramus,2,3,22,22548
פאת,פאת,altrouorsum,0,0,0,22548
פגע,פגע,occurro,7,45,60,22548
פגר,פגר,morior,2,23,469,22548
פגר,פגר,emortuus,0,23,0,22548
פגר,פגר,corporis,0,23,0,22548
פגר,פגר,cadauer,16,23,51,22548
פגר,פגר,corpus,2,23,33,22548
פגר,פגר,mortuus,3,23,52,22548
פגר,פגר,membrum,0,23,7,22548
פגר,פגר,fornicatio,3,23,35,22548
פגר,פגר,idololatria,0,23,0,22548
פגר,פגר,ordo,0,23,56,22548
פגר,פגר,homo,2,23,780,22548
פגרימ,פגרים,ordo,0,0,56,22548
פגרימ,פגרים,homo,0,0,780,22548
פגרימ,פגרים,corpus,0,0,33,22548
פגש,פגש,occurro,8,14,60,22548
פדה,פדה,primogenitus,5,45,102,22548
פדוים,פדוים,pretium,2,7,62,22548
פדוים,פדוים,redemptio,1,7,8,22548
פדוים,פדוים,redempto,0,7,0,22548
פדוים,פדוים,soluo,0,7,36,22548
פדוים,פדוים,libero,0,7,139,22548
פדות,פדות,pretium,0,4,62,22548
פדות,פדות,redemptio,2,4,8,22548
פדות,פדות,redempto,0,4,0,22548
פדות,פדות,exsolutio,0,4,0,22548
פדיום,פדיום,pretium,0,1,62,22548
פדיום,פדיום,redemptio,0,1,8,22548
פדיום,פדיום,redempto,0,1,0,22548
פדיום,פדיום,soluo,0,1,36,22548
פדיום,פדיום,libero,0,1,139,22548
פדיון,פדיון,pretium,2,2,62,22548
פדיון,פדיון,redemptio,1,2,8,22548
פדיון,פדיון,redempto,0,2,0,22548
פדיון,פדיון,soluo,0,2,36,22548
פדיון,פדיון,libero,0,2,139,22548
פדן,פדן,mater,2,11,196,22548
פדן,פדן,genetrix,0,11,3,22548
פדן,פדן,parens,1,11,9,22548
פדן,פדן,matrem,0,11,0,22548
פדן,פדן,matri,0,11,0,22548
פדן,פדן,matris,0,11,0,22548
פדן,פדן,amicimen,0,11,0,22548
פדנ,פדן,amicimen,0,11,0,22548
פה,פה,aurum,7,519,229,22548
פה,פה,os,325,519,459,22548
פה,פה,labium,25,519,123,22548
פה,פה,labrum,0,519,8,22548
פה,פה,osculum,0,519,4,22548
פוט,פוט,anguis,0,7,0,22548
פוטי,פוטי,sol,0,3,131,22548
פוטי,פוטי,phoebus,0,3,0,22548
פוטי,פוטי,solis,0,3,0,22548
פוטיפרע,פוטיפרע,sol,0,0,131,22548
פוטיפרע,פוטיפרע,phoebus,0,0,0,22548
פוטיפרע,פוטיפרע,solis,0,0,0,22548
פוץ,פוץ,dissoluo,0,64,22,22548
פוץ,פוץ,frango,0,64,21,22548
פוץ,פוץ,diffundo,0,64,7,22548
פוץ,פוץ,regio,1,64,158,22548
פוץ,פוץ,terra,23,64,2254,22548
פוץ,פוץ,locus,2,64,513,22548
פוץ,פוץ,finis,2,64,137,22548
פוץ,פוץ,ager,1,64,214,22548
פוץ,פוץ,rus,0,64,1,22548
פורה,פורה,triticum,0,1,33,22548
פז,פז,lapis,3,9,216,22548
פז,פז,saxum,0,9,12,22548
פז,פז,marmor,0,9,4,22548
פז,פז,marmoreus,1,9,2,22548
פז,פז,gemma,0,9,19,22548
פז,פז,petrinus,0,9,0,22548
פח,פח,decipula,0,25,0,22548
פחד,פחד,tremulus,0,69,0,22548
פחד,פחד,praetrepidus,0,69,0,22548
פחד,פחד,tremor,2,69,8,22548
פחד,פחד,metus,0,69,2,22548
פחד,פחד,pauor,8,69,31,22548
פחד,פחד,terror,11,69,46,22548
פחד,פחד,timor,18,69,74,22548
פחד,פחד,formido,15,69,47,22548
פחד,פחד,timeo,16,69,306,22548
פחד,פחד,metuo,0,69,23,22548
פחד,פחד,uereor,1,69,7,22548
פחד,פחד,gloria,3,69,214,22548
פחד,פחד,fama,0,69,14,22548
פחד,פחד,sententia,0,69,30,22548
פחד,פחד,existimatio,0,69,0,22548
פחד,פחד,laus,2,69,73,22548
פחד,פחד,opinio,0,69,0,22548
פחה,פחה,dux,21,44,155,22548
פחה,פחה,imperator,0,44,1,22548
פחה,פחה,rector,0,44,2,22548
פחה,פחה,miles,1,44,23,22548
פחה,פחה,princeps,9,44,610,22548
פחה,פחה,equus,3,44,115,22548
פחה,פחה,sonipes,0,44,0,22548
פחה,פחה,currus,1,44,107,22548
פחה,פחה,eques,5,44,48,22548
פחה,פחה,equitatus,0,44,10,22548
פחה,פחה,equa,0,44,0,22548
פחה,פחה,equi,0,44,0,22548
פחה,פחה,equum,0,44,0,22548
פחה,פחה,equo,0,44,0,22548
פחר,פחר,figulus,1,1,11,22548
פחר,פחר,figularis,0,1,0,22548
פטיש,פטיש,malleus,3,3,10,22548
פטיש,פטיש,porca,0,3,0,22548
פטר,פטר,primogenitus,6,18,102,22548
פטר,פטר,resutus,0,18,0,22548
פטר,פטר,uterus,0,18,49,22548
פי,פי,causa,0,0,85,22548
פי,פי,argumentum,0,0,1,22548
פי,פי,contio,0,0,3,22548
פי,פי,tabula,0,0,57,22548
פי,פי,fabula,0,0,2,22548
פי,פי,ob,0,0,67,22548
פי,פי,ratio,0,0,11,22548
פי,פי,uerbi,0,0,0,22548
פי,פי,oratio,0,0,64,22548
פי,פי,uerbum,0,0,712,22548
פי,פי,sermo,0,0,429,22548
פי,פי,uox,0,0,345,22548
פי,פי,aurum,0,0,229,22548
פי,פי,os,0,0,459,22548
פי,פי,labium,0,0,123,22548
פי,פי,labrum,0,0,8,22548
פי,פי,osculum,0,0,4,22548
פי,פי,sanguis,0,0,275,22548
פי,פי,mors,0,0,197,22548
פי,פי,occaedes,0,0,26,22548
פי,פי,interfacio,0,0,149,22548
פי,פי,caedes,0,0,14,22548
פי,פי,interfectrix,0,0,0,22548
פיכל,פיכל,archiereus,0,3,0,22548
פיכל,פיכל,circumductor,0,3,0,22548
פילגש,פילגש,concubina,0,0,25,22548
פילגש,פילגש,femella,0,0,0,22548
פילגש,פילגש,uirguncula,0,0,0,22548
פימה,פימה,populus,0,1,1560,22548
פימה,פימה,plebs,0,1,19,22548
פימה,פימה,uulgus,0,1,39,22548
פימה,פימה,terra,0,1,2254,22548
פימה,פימה,contio,0,1,3,22548
פימה,פימה,communis,0,1,9,22548
פימה,פימה,ecclesia,0,1,30,22548
פימה,פימה,ager,0,1,214,22548
פימה,פימה,praepinguis,0,1,0,22548
פימה,פימה,unguinosus,0,1,0,22548
פימה,פימה,opimus,0,1,0,22548
פך,פך,dam,0,3,0,22548
פלא,פלא,mirus,0,78,4,22548
פלא,פלא,mirificus,0,78,0,22548
פלא,פלא,mirabilis,53,78,60,22548
פלגה,פלגה,distributio,0,4,2,22548
פלגה,פלגה,diuido,2,4,140,22548
פלגי,פלגי,meatus,0,0,0,22548
פלגש,פלגש,concubina,23,35,25,22548
פלגש,פלגש,femella,0,35,0,22548
פלגש,פלגש,uirguncula,0,35,0,22548
פלגש,פלגש,pallaca,0,35,0,22548
פלגשי,פלגשי,concubina,0,0,25,22548
פלגשי,פלגשי,femella,0,0,0,22548
פלגשי,פלגשי,uirguncula,0,0,0,22548
פלגשימ,פלגשים,concubina,0,0,25,22548
פלגשימ,פלגשים,femella,0,0,0,22548
פלגשימ,פלגשים,uirguncula,0,0,0,22548
פלוא,פלוא,corniculum,0,5,0,22548
פלוא,פלוא,haesitantia,0,5,0,22548
פלח,פלח,reduuia,0,16,0,22548
פלחינ,פלחין,praeseruio,0,0,0,22548
פלחן,פלחן,beneficium,0,1,3,22548
פלחן,פלחן,praefectus,0,1,17,22548
פלחן,פלחן,utilis,0,1,9,22548
פליטה,פליטה,seruo,0,27,66,22548
פליטה,פליטה,conseruo,0,27,5,22548
פליטה,פליטה,tueor,0,27,6,22548
פליטה,פליטה,saluus,0,27,64,22548
פליטה,פליטה,salus,2,27,95,22548
פליטה,פליטה,libero,1,27,139,22548
פליטה,פליטה,retineo,0,27,11,22548
פליטה,פליטה,saluo,2,27,105,22548
פליטה,פליטה,salutaris,0,27,4,22548
פליטה,פליטה,saluator,0,27,36,22548
פליל,פליל,iudex,1,3,63,22548
פליל,פליל,iudico,1,3,181,22548
פליל,פליל,decerno,0,3,23,22548
פליל,פליל,iudicium,0,3,361,22548
פליל,פליל,reciperator,0,3,0,22548
פליל,פליל,statuo,0,3,62,22548
פלילה,פלילה,iudico,0,1,181,22548
פלילה,פלילה,decerno,0,1,23,22548
פלילה,פלילה,iudex,0,1,63,22548
פלילה,פלילה,iudicium,0,1,361,22548
פלילה,פלילה,reciperator,0,1,0,22548
פלילה,פלילה,statuo,0,1,62,22548
פליליה,פליליה,iudico,0,1,181,22548
פליליה,פליליה,decerno,0,1,23,22548
פליליה,פליליה,iudex,0,1,63,22548
פליליה,פליליה,iudicium,1,1,361,22548
פליליה,פליליה,reciperator,0,1,0,22548
פליליה,פליליה,statuo,0,1,62,22548
פלל,פלל,quonam,0,81,0,22548
פלל,פלל,precor,0,81,10,22548
פלל,פלל,oro,49,81,95,22548
פלל,פלל,uoueo,0,81,40,22548
פלל,פלל,opto,0,81,2,22548
פלל,פלל,quaeso,0,81,25,22548
פלל,פלל,obsecro,6,81,73,22548
פלל,פלל,oratio,11,81,64,22548
פלל,פלל,prex,5,81,27,22548
פלל,פלל,tandem,0,81,4,22548
פלמני,פלמני,certus,0,0,10,22548
פלמני,פלמני,quidam,0,0,41,22548
פלמני,פלמני,saltem,0,0,15,22548
פלמני,פלמני,tunc,0,0,148,22548
פלמני,פלמני,satis,0,0,13,22548
פלמני,פלמני,permultus,0,0,0,22548
פלמני,פלמני,unus,0,0,586,22548
פלמני,פלמני,ullus,0,0,35,22548
פלמני,פלמני,homo,0,0,780,22548
פלמני,פלמני,quisquam,0,0,119,22548
פלמני,פלמני,uir,0,0,1154,22548
פלמני,פלמני,nullus,0,0,135,22548
פלמני,פלמני,alter,0,0,212,22548
פלמני,פלמני,aliquis,0,0,43,22548
פלמני,פלמני,qui,0,0,6495,22548
פלמני,פלמני,iste,0,0,633,22548
פלמני,פלמני,quis,0,0,675,22548
פלני,פלני,certus,0,6,10,22548
פלני,פלני,quidam,0,6,41,22548
פלני,פלני,saltem,0,6,15,22548
פלני,פלני,tunc,0,6,148,22548
פלני,פלני,satis,0,6,13,22548
פלני,פלני,permultus,0,6,0,22548
פלני,פלני,unus,0,6,586,22548
פלני,פלני,ullus,0,6,35,22548
פלני,פלני,homo,0,6,780,22548
פלני,פלני,quisquam,0,6,119,22548
פלני,פלני,uir,0,6,1154,22548
פלני,פלני,nullus,0,6,135,22548
פלני,פלני,alter,0,6,212,22548
פלני,פלני,aliquis,0,6,43,22548
פלני,פלני,qui,1,6,6495,22548
פלני,פלני,iste,0,6,633,22548
פלני,פלני,quis,1,6,675,22548
פלץ,פלץ,inhorreo,0,1,1,22548
פלץ,פלץ,horreo,0,1,0,22548
פלץ,פלץ,horresco,0,1,0,22548
פלץ,פלץ,inhorresco,0,1,0,22548
פלש,פלש,syllabus,0,4,0,22548
פלשתי,פלשתי,syron,0,243,2,22548
פלשתימ,פלשתים,syron,0,0,2,22548
פם,פם,aurum,0,0,229,22548
פם,פם,os,0,0,459,22548
פם,פם,labium,0,0,123,22548
פם,פם,labrum,0,0,8,22548
פם,פם,osculum,0,0,4,22548
פמ,פם,aurum,0,0,229,22548
פמ,פם,os,0,0,459,22548
פמ,פם,labium,0,0,123,22548
פמ,פם,labrum,0,0,8,22548
פמ,פם,osculum,0,0,4,22548
פן,פן,nolo,11,125,343,22548
פן,פן,ne,104,125,600,22548
פנ,פן,contradictio,0,125,15,22548
פנ,פן,ipse,4,125,933,22548
פנ,פן,sui,5,125,606,22548
פנ,פן,frons,0,125,45,22548
פנ,פן,praeduco,0,125,0,22548
פנ,פן,duco,1,125,179,22548
פנ,פן,praecedo,0,125,44,22548
פנ,פן,credo,0,125,59,22548
פנ,פן,considero,0,125,76,22548
פנ,פן,existimo,0,125,1,22548
פנ,פן,iudico,1,125,181,22548
פנ,פן,teneo,0,125,116,22548
פנ,פן,numquam,0,125,22,22548
פנ,פן,umquam,2,125,9,22548
פנ,פן,inocciduus,0,125,0,22548
פנ,פן,uultus,1,125,82,22548
פנ,פן,facies,3,125,497,22548
פנ,פן,os,1,125,459,22548
פנ,פן,ora,0,125,8,22548
פנ,פן,persona,0,125,13,22548
פנ,פן,prior,0,125,55,22548
פנ,פן,olim,0,125,6,22548
פנ,פן,superus,0,125,1,22548
פנ,פן,quondam,0,125,11,22548
פנ,פן,antea,0,125,1,22548
פנ,פן,pristinus,0,125,16,22548
פנ,פן,primus,0,125,161,22548
פנה,פנה,oculus,38,1975,475,22548
פנה,פנה,facies,459,1975,497,22548
פנה,פנה,lumen,2,1975,30,22548
פנה,פנה,uultus,71,1975,82,22548
פנה,פנה,os,31,1975,459,22548
פנה,פנה,ora,0,1975,8,22548
פנה,פנה,persona,11,1975,13,22548
פנו,פנו,conuerto,0,0,187,22548
פני,פני,incoram,0,0,0,22548
פני,פני,frons,0,0,45,22548
פני,פני,praeduco,0,0,0,22548
פני,פני,hostis,0,0,123,22548
פני,פני,contrarius,0,0,17,22548
פני,פני,inimicus,0,0,247,22548
פני,פני,facies,0,0,497,22548
פני,פני,oppono,0,0,4,22548
פני,פני,praesens,0,0,76,22548
פני,פני,contra,0,0,685,22548
פני,פני,insuper,0,0,50,22548
פני,פני,supernus,0,0,0,22548
פני,פני,dominus,0,0,5912,22548
פני,פני,auctoritas,0,0,1,22548
פני,פני,erus,0,0,0,22548
פני,פני,potestas,0,0,42,22548
פני,פני,uultus,0,0,82,22548
פני,פני,os,0,0,459,22548
פני,פני,ora,0,0,8,22548
פני,פני,persona,0,0,13,22548
פנימ,פנים,frons,0,0,45,22548
פנימ,פנים,praeduco,0,0,0,22548
פנימ,פנים,iaceo,0,0,38,22548
פנימ,פנים,uultus,0,0,82,22548
פנימ,פנים,facies,0,0,497,22548
פנימ,פנים,os,0,0,459,22548
פנימ,פנים,ora,0,0,8,22548
פנימ,פנים,persona,0,0,13,22548
פנימ,פנים,prior,0,0,55,22548
פנימ,פנים,olim,0,0,6,22548
פנימ,פנים,superus,0,0,1,22548
פנימ,פנים,quondam,0,0,11,22548
פנימ,פנים,antea,0,0,1,22548
פנימ,פנים,pristinus,0,0,16,22548
פנימ,פנים,primus,0,0,161,22548
פנימה,פנימה,intus,0,12,8,22548
פנימה,פנימה,familia,0,12,182,22548
פנימה,פנימה,interior,1,12,30,22548
פנימה,פנימה,intra,2,12,52,22548
פנימי,פנימי,interior,16,29,30,22548
פנימי,פנימי,intus,0,29,8,22548
פנימי,פנימי,intra,12,29,52,22548
פנימי,פנימי,iudicium,0,29,361,22548
פנימי,פנימי,atrium,20,29,100,22548
פנימי,פנימי,aula,0,29,3,22548
פנימי,פנימי,affero,0,29,107,22548
פנימי,פנימי,adduco,1,29,215,22548
פנימי,פנימי,induco,0,29,68,22548
פנימי,פנימי,porta,11,29,286,22548
פנימי,פנימי,ianua,0,29,13,22548
פנימי,פנימי,fores,0,29,12,22548
פנימי,פנימי,limen,0,29,18,22548
פנימי,פנימי,ostium,6,29,132,22548
פנימי,פנימי,portae,0,29,0,22548
פס,פס,uarius,0,6,30,22548
פס,פס,tunica,5,6,38,22548
פס,פס,tunico,0,6,0,22548
פסח,פסח,pascha,4,69,4,22548
פסח,פסח,claudus,12,69,14,22548
פסחימ,פסחים,claudus,0,0,14,22548
פסי,פסי,finis,0,0,137,22548
פסי,פסי,terminus,0,0,162,22548
פסי,פסי,ultimo,0,0,0,22548
פסיל,פסיל,idolum,4,23,61,22548
פסיל,פסיל,simulacrum,4,23,27,22548
פסיל,פסיל,imaginis,0,23,0,22548
פסיל,פסיל,umbra,0,23,55,22548
פסיל,פסיל,imago,0,23,16,22548
פסימ,פסים,uarius,0,0,30,22548
פסל,פסל,idolum,5,34,61,22548
פסל,פסל,simulacrum,1,34,27,22548
פסל,פסל,imaginis,0,34,0,22548
פסל,פסל,umbra,0,34,55,22548
פסל,פסל,imago,1,34,16,22548
פסל,פסל,statua,0,34,40,22548
פסל,פסל,signum,1,34,116,22548
פסל,פסל,similitudo,5,34,54,22548
פסל,פסל,fusilis,0,34,10,22548
פעה,פעה,gemo,0,0,14,22548
פעה,פעה,ingemo,0,0,3,22548
פעה,פעה,suspiro,0,0,2,22548
פעור,פעור,domus,0,13,1485,22548
פעור,פעור,aedes,0,13,27,22548
פעור,פעור,tecta,0,13,0,22548
פעור,פעור,familia,0,13,182,22548
פעור,פעור,templum,0,13,192,22548
פעור,פעור,apud,0,13,144,22548
פעור,פעור,cognatio,0,13,146,22548
פעור,פעור,tectum,0,13,43,22548
פעור,פעור,gener,0,13,12,22548
פעור,פעור,sedes,0,13,32,22548
פעור,פעור,praedium,0,13,0,22548
פעור,פעור,domum,0,13,0,22548
פעור,פעור,domo,0,13,4,22548
פעור,פעור,plaga,1,13,187,22548
פעור,פעור,uulnus,0,13,25,22548
פעור,פעור,ictus,0,13,2,22548
פעל,פעל,facio,15,87,2893,22548
פעל,פעל,operor,41,87,130,22548
פעל,פעל,laboro,0,87,43,22548
פעל,פעל,opus,33,87,417,22548
פעל,פעל,negotior,0,87,2,22548
פעל,פעל,facinus,0,87,2,22548
פעל,פעל,res,0,87,159,22548
פעל,פעל,negotium,0,87,12,22548
פעל,פעל,opero,1,87,7,22548
פעלי,פעלי,facio,0,0,2893,22548
פעלי,פעלי,operor,0,0,130,22548
פעלי,פעלי,laboro,0,0,43,22548
פעלי,פעלי,opus,0,0,417,22548
פעלימ,פעלים,opus,0,0,417,22548
פעלימ,פעלים,facinus,0,0,2,22548
פעלימ,פעלים,res,0,0,159,22548
פעלימ,פעלים,negotium,0,0,12,22548
פעלימ,פעלים,opero,0,0,7,22548
פעלת,פעלת,opus,0,0,417,22548
פעלת,פעלת,facinus,0,0,2,22548
פעלת,פעלת,res,0,0,159,22548
פעלת,פעלת,negotium,0,0,12,22548
פעלת,פעלת,opero,0,0,7,22548
פעלת,פעלת,subigo,0,0,4,22548
פעם,פעם,pes,6,113,224,22548
פעם,פעם,pedes,0,113,12,22548
פעם,פעם,terra,10,113,2254,22548
פעם,פעם,cohors,0,113,0,22548
פעם,פעם,pedis,0,113,0,22548
פעם,פעם,pedum,0,113,0,22548
פעם,פעם,ager,1,113,214,22548
פעם,פעם,pedester,0,113,0,22548
פעם,פעם,semel,10,113,27,22548
פעם,פעם,insemel,0,113,0,22548
פעם,פעם,septingenties,0,113,0,22548
פעם,פעם,septies,0,113,0,22548
פעמ,פעם,semel,10,113,27,22548
פעמ,פעם,insemel,0,113,0,22548
פעמ,פעם,tempus,2,113,407,22548
פעמ,פעם,occasio,0,113,6,22548
פעמ,פעם,facultas,0,113,2,22548
פעמ,פעם,potestas,1,113,42,22548
פעמון,פעמון,campana,0,4,0,22548
פעמון,פעמון,tintinnabulum,1,4,2,22548
פעמימ,פעמים,bis,0,0,22,22548
פעמימ,פעמים,tempus,0,0,407,22548
פעמימ,פעמים,occasio,0,0,6,22548
פעמימ,פעמים,facultas,0,0,2,22548
פעמימ,פעמים,potestas,0,0,42,22548
פעמימ,פעמים,ter,0,0,3,22548
פער,פער,pateo,0,4,11,22548
פער,פער,aperio,3,4,166,22548
פער,פער,patefacio,0,4,0,22548
פצה,פצה,pateo,0,15,11,22548
פצה,פצה,aperio,10,15,166,22548
פצה,פצה,patefacio,0,15,0,22548
פצה,פצה,aurum,0,15,229,22548
פצה,פצה,os,13,15,459,22548
פצה,פצה,labium,1,15,123,22548
פצה,פצה,labrum,0,15,8,22548
פצה,פצה,osculum,0,15,4,22548
פצח,פצח,festiuitas,0,8,13,22548
פצם,פצם,scindo,0,1,55,22548
פצע,פצע,sanguinarius,0,10,0,22548
פצע,פצע,uulnus,7,10,25,22548
פצע,פצע,plaga,2,10,187,22548
פצע,פצע,saucius,0,10,0,22548
פצע,פצע,uulnero,2,10,29,22548
פצר,פצר,quaeso,0,7,25,22548
פצר,פצר,hortor,0,7,1,22548
פצר,פצר,uolo,1,7,226,22548
פצר,פצר,oro,0,7,95,22548
פצר,פצר,obsecro,0,7,73,22548
פצר,פצר,rogo,0,7,51,22548
פצר,פצר,peto,0,7,48,22548
פצר,פצר,uoco,0,7,413,22548
פצר,פצר,coacto,0,7,0,22548
פקד,פקד,desidero,0,262,42,22548
פקד,פקד,erro,0,262,37,22548
פקד,פקד,culpa,0,262,7,22548
פקד,פקד,desum,5,262,22,22548
פקד,פקד,uendo,0,262,61,22548
פקד,פקד,restituo,1,262,39,22548
פקד,פקד,soluo,0,262,36,22548
פקד,פקד,trado,9,262,321,22548
פקד,פקד,redeo,0,262,30,22548
פקד,פקד,reuorto,1,262,75,22548
פקד,פקד,stipendium,0,262,0,22548
פקד,פקד,libero,0,262,139,22548
פקד,פקד,reddo,4,262,173,22548
פקד,פקד,delinquo,0,262,16,22548
פקד,פקד,scitus,0,262,0,22548
פקד,פקד,imperatus,0,262,0,22548
פקד,פקד,recensus,0,262,0,22548
פקד,פקד,ducena,0,262,0,22548
פקד,פקד,mille,60,262,363,22548
פקד,פקד,miliarius,0,262,0,22548
פקדה,פקדה,disquisitio,0,31,0,22548
פקדו,פקדו,recensus,0,0,0,22548
פקוד,פקוד,imperatus,0,2,0,22548
פקח,פקח,pateo,1,31,11,22548
פקח,פקח,aperio,16,31,166,22548
פקח,פקח,patefacio,0,31,0,22548
פקחה,פקחה,pateo,0,0,11,22548
פקחה,פקחה,aperio,0,0,166,22548
פקחה,פקחה,patefacio,0,0,0,22548
פקיד,פקיד,dux,1,13,155,22548
פקיד,פקיד,imperator,0,13,1,22548
פקיד,פקיד,rector,0,13,2,22548
פקיד,פקיד,miles,1,13,23,22548
פקיד,פקיד,princeps,4,13,610,22548
פקיד,פקיד,seruus,1,13,607,22548
פקיד,פקיד,minister,0,13,36,22548
פר,פר,monstrificus,0,153,0,22548
פר,פר,damalio,0,153,0,22548
פר,פר,uitellus,0,153,0,22548
פר,פר,uitulus,79,153,128,22548
פר,פר,iuuencus,0,153,0,22548
פר,פר,iunix,0,153,0,22548
פר,פר,agninus,0,153,0,22548
פר,פר,irreprehensus,0,153,0,22548
פר,פר,bos,21,153,182,22548
פר,פר,taurus,12,153,20,22548
פר,פר,iumentum,0,153,117,22548
פר,פר,pecus,1,153,85,22548
פר,פר,armentum,28,153,70,22548
פר,פר,uacca,0,153,10,22548
פר,פר,bubulus,0,153,2,22548
פר,פר,aries,67,153,164,22548
פרבר,פרבר,iudicium,0,2,361,22548
פרבר,פרבר,atrium,0,2,100,22548
פרבר,פרבר,aula,0,2,3,22548
פרבר,פרבר,tribunal,0,2,4,22548
פרד,פרד,diuido,8,38,140,22548
פרד,פרד,discribo,0,38,0,22548
פרד,פרד,mulus,8,38,8,22548
פרד,פרד,mula,1,38,4,22548
פרד,פרד,discludo,0,38,0,22548
פרד,פרד,dispesco,0,38,0,22548
פרד,פרד,equus,9,38,115,22548
פרד,פרד,sonipes,0,38,0,22548
פרד,פרד,currus,1,38,107,22548
פרד,פרד,eques,1,38,48,22548
פרד,פרד,equitatus,0,38,10,22548
פרד,פרד,equa,0,38,0,22548
פרד,פרד,equi,0,38,0,22548
פרד,פרד,equum,0,38,0,22548
פרד,פרד,equo,0,38,0,22548
פרדה,פרדה,mulus,0,3,8,22548
פרדה,פרדה,mula,3,3,4,22548
פרדות,פרדות,tithymalus,0,0,0,22548
פרדימ,פרדים,mulus,0,0,8,22548
פרדימ,פרדים,mula,0,0,4,22548
פרדס,פרדס,paradisus,1,3,17,22548
פרדת,פרדת,mulus,0,0,8,22548
פרדת,פרדת,mula,0,0,4,22548
פרה,פרה,augeo,3,62,18,22548
פרה,פרה,cresco,14,62,41,22548
פרה,פרה,bos,7,62,182,22548
פרה,פרה,iuuencus,0,62,0,22548
פרה,פרה,taurus,0,62,20,22548
פרה,פרה,iumentum,1,62,117,22548
פרה,פרה,uitulus,3,62,128,22548
פרה,פרה,pecus,0,62,85,22548
פרה,פרה,armentum,0,62,70,22548
פרה,פרה,uacca,8,62,10,22548
פרה,פרה,bubulus,0,62,2,22548
פרה,פרה,pluratiuus,0,62,0,22548
פרה,פרה,caro,3,62,229,22548
פרו,פרו,augeo,0,0,18,22548
פרו,פרו,cresco,0,0,41,22548
פרות,פרות,bos,0,1,182,22548
פרות,פרות,iuuencus,0,1,0,22548
פרות,פרות,taurus,0,1,20,22548
פרות,פרות,iumentum,0,1,117,22548
פרות,פרות,uitulus,0,1,128,22548
פרות,פרות,pecus,0,1,85,22548
פרות,פרות,armentum,0,1,70,22548
פרות,פרות,uacca,0,1,10,22548
פרות,פרות,bubulus,0,1,2,22548
פרזה,פרזה,castellum,0,3,3,22548
פרזה,פרזה,uilla,1,3,38,22548
פרזה,פרזה,uicus,0,3,11,22548
פרזי,פרזי,cybaeus,0,25,0,22548
פרזל,פרזל,concha,0,8,0,22548
פרזל,פרזל,ferreus,4,8,30,22548
פרזל,פרזל,ferrum,5,8,41,22548
פרזל,פרזל,ferrarius,0,8,2,22548
פרזל,פרזל,gladius,0,8,353,22548
פרח,פרח,flos,3,44,18,22548
פרח,פרח,lilium,11,44,25,22548
פרח,פרח,nymphaea,0,44,0,22548
פרי,פרי,prosero,0,107,0,22548
פרי,פרי,progenies,0,107,12,22548
פרי,פרי,nepos,0,107,14,22548
פרי,פרי,exeo,0,107,81,22548
פרי,פרי,egredior,3,107,582,22548
פרי,פרי,prodeo,0,107,0,22548
פרי,פרי,fructus,81,107,110,22548
פרי,פרי,pomum,8,107,19,22548
פרי,פרי,messis,0,107,32,22548
פרי,פרי,silua,1,107,29,22548
פרי,פרי,tignum,0,107,1,22548
פרי,פרי,materia,0,107,1,22548
פרי,פרי,lignum,19,107,254,22548
פרימ,פרים,taurus,0,0,20,22548
פרימ,פרים,bos,0,0,182,22548
פרימ,פרים,uitulus,0,0,128,22548
פרימ,פרים,taurinus,0,0,0,22548
פרך,פרך,labor,0,6,78,22548
פרך,פרך,aerumna,0,6,3,22548
פרכ,פרך,uis,0,6,73,22548
פרכ,פרך,uiolentia,0,6,4,22548
פרכ,פרך,robur,0,6,46,22548
פרכ,פרך,copia,0,6,6,22548
פרכ,פרך,inuitus,0,6,1,22548
פרכת,פרכת,uelaris,0,23,0,22548
פרכת,פרכת,obnubo,0,23,0,22548
פרכת,פרכת,arca,6,23,194,22548
פרכת,פרכת,proba,0,23,0,22548
פרם,פרם,uestis,2,3,101,22548
פרם,פרם,uestimentum,3,3,138,22548
פרם,פרם,pallium,0,3,50,22548
פרם,פרם,toga,0,3,0,22548
פרס,פרס,supo,0,35,0,22548
פרס,פרס,immundus,6,35,95,22548
פרס,פרס,ungulatus,0,35,0,22548
פרסה,פרסה,ungula,15,16,21,22548
פרסה,פרסה,ramula,0,16,0,22548
פרסה,פרסה,immundus,5,16,95,22548
פרסה,פרסה,ungulatus,0,16,0,22548
פרסה,פרסה,probata,0,16,0,22548
פרסי,פרסי,supo,0,2,0,22548
פרע,פרע,sol,0,21,131,22548
פרע,פרע,phoebus,0,21,0,22548
פרע,פרע,solis,0,21,0,22548
פרעה,פרעה,rex,49,234,1935,22548
פרעה,פרעה,tyrannus,0,234,7,22548
פרעה,פרעה,dominus,79,234,5912,22548
פרעה,פרעה,princeps,9,234,610,22548
פרעה,פרעה,regis,0,234,0,22548
פרעה,פרעה,regem,0,234,0,22548
פרעה,פרעה,regi,0,234,0,22548
פרעה,פרעה,arater,0,234,0,22548
פרעה,פרעה,aratro,0,234,0,22548
פרצ,פרץ,refutatus,0,72,0,22548
פרצ,פרץ,consaepto,0,72,0,22548
פרצימ,פרצים,refutatus,0,4,0,22548
פרצימ,פרצים,insuper,0,4,50,22548
פרצימ,פרצים,supernus,0,4,0,22548
פרר,פרר,uitulus,0,46,128,22548
פרר,פרר,iuuencus,0,46,0,22548
פרר,פרר,iunix,0,46,0,22548
פרש,פרש,equus,15,130,115,22548
פרש,פרש,equitatus,3,130,10,22548
פרש,פרש,equester,0,130,0,22548
פרש,פרש,ala,11,130,45,22548
פרש,פרש,eques,42,130,48,22548
פרש,פרש,sonipes,0,130,0,22548
פרש,פרש,currus,31,130,107,22548
פרש,פרש,equa,0,130,0,22548
פרש,פרש,equi,0,130,0,22548
פרש,פרש,equum,0,130,0,22548
פרש,פרש,equo,0,130,0,22548
פרש,פרש,caballinus,0,130,0,22548
פרש,פרש,iugum,0,130,44,22548
פרש,פרש,quadrigae,4,130,14,22548
פרש,פרש,onusto,0,130,0,22548
פרשגן,פרשגן,exemplum,1,4,17,22548
פרשגן,פרשגן,apographon,0,4,0,22548
פרשגן,פרשגן,imitor,0,4,4,22548
פרשה,פרשה,spatalocinaedus,0,2,0,22548
פרשימ,פרשים,equus,0,0,115,22548
פרשימ,פרשים,equitatus,0,0,10,22548
פרשימ,פרשים,equester,0,0,0,22548
פרשימ,פרשים,ala,0,0,45,22548
פרשימ,פרשים,eques,0,0,48,22548
פרשימ,פרשים,sonipes,0,0,0,22548
פרשימ,פרשים,currus,0,0,107,22548
פרשימ,פרשים,equa,0,0,0,22548
פרשימ,פרשים,equi,0,0,0,22548
פרשימ,פרשים,equum,0,0,0,22548
פרשימ,פרשים,equo,0,0,0,22548
פרת,פרת,flumen,10,19,101,22548
פרת,פרת,fluuius,4,19,63,22548
פרת,פרת,amnis,0,19,4,22548
פשה,פשה,dimitto,0,18,271,22548
פשה,פשה,relinquo,0,18,119,22548
פשה,פשה,absoluo,0,18,0,22548
פשה,פשה,libero,0,18,139,22548
פשה,פשה,ignosco,0,18,7,22548
פשה,פשה,permitto,0,18,6,22548
פשה,פשה,cutis,4,18,22,22548
פשה,פשה,pellis,0,18,45,22548
פשה,פשה,corium,0,18,1,22548
פשה,פשה,tergus,0,18,0,22548
פשה,פשה,abscondo,0,18,141,22548
פשה,פשה,membrana,0,18,0,22548
פשה,פשה,septimus,7,18,112,22548
פשה,פשה,uestis,1,18,101,22548
פשה,פשה,uestimentum,3,18,138,22548
פשה,פשה,pallium,0,18,50,22548
פשה,פשה,toga,0,18,0,22548
פשטו,פשטו,impono,0,0,51,22548
פשטו,פשטו,impetus,0,0,22,22548
פשטו,פשטו,oppugno,0,0,0,22548
פשע,פשע,scelus,35,122,87,22548
פשע,פשע,crimen,0,122,2,22548
פשע,פשע,iniquitas,41,122,339,22548
פשע,פשע,facinus,0,122,2,22548
פשע,פשע,flagitium,0,122,2,22548
פשע,פשע,maleficium,0,122,8,22548
פשע,פשע,admissum,0,122,0,22548
פשע,פשע,iniustus,0,122,4,22548
פשע,פשע,pecco,11,122,182,22548
פשע,פשע,error,0,122,23,22548
פשע,פשע,peccatum,33,122,341,22548
פשע,פשע,nocentia,0,122,0,22548
פשע,פשע,perducto,0,122,0,22548
פשע,פשע,defectio,0,122,1,22548
פשע,פשע,impietas,1,122,34,22548
פשעו,פשעו,denego,0,0,1,22548
פשק,פשק,pateo,0,2,11,22548
פשק,פשק,aperio,0,2,166,22548
פשק,פשק,patefacio,0,2,0,22548
פשר,פשר,interpretatio,8,13,14,22548
פשר,פשר,iudicium,0,13,361,22548
פשר,פשר,coagmentatio,0,13,0,22548
פשר,פשר,collatio,0,13,0,22548
פשת,פשת,lineus,3,15,7,22548
פשת,פשת,linum,4,15,9,22548
פשת,פשת,uestis,2,15,101,22548
פשת,פשת,uestimentum,2,15,138,22548
פשת,פשת,pallium,0,15,50,22548
פשת,פשת,toga,0,15,0,22548
פשת,פשת,lanugino,0,15,0,22548
פשת,פשת,lepra,2,15,52,22548
פשת,פשת,iniecto,0,15,0,22548
פשתה,פשתה,lineus,0,3,7,22548
פשתה,פשתה,linum,3,3,9,22548
פשתימ,פשתים,lineus,0,0,7,22548
פשתימ,פשתים,linum,0,0,9,22548
פת,פת,panis,8,16,255,22548
פת,פת,mica,0,16,1,22548
פת,פת,ofella,0,16,0,22548
פתבג,פתבג,officium,0,4,30,22548
פתבג,פתבג,ius,0,4,37,22548
פתבג,פתבג,dexter,0,4,104,22548
פתבג,פתבג,opus,0,4,417,22548
פתבג,פתבג,mensa,1,4,63,22548
פתבג,פתבג,ripa,0,4,17,22548
פתבג,פתבג,tabula,0,4,57,22548
פתגם,פתגם,iudico,0,7,181,22548
פתגם,פתגם,decerno,0,7,23,22548
פתגם,פתגם,iudex,0,7,63,22548
פתגם,פתגם,iudicium,0,7,361,22548
פתגם,פתגם,reciperator,0,7,0,22548
פתגם,פתגם,statuo,0,7,62,22548
פתח,פתח,pateo,4,283,11,22548
פתח,פתח,aperio,92,283,166,22548
פתח,פתח,patefacio,0,283,0,22548
פתח,פתח,porta,51,283,286,22548
פתח,פתח,ianua,4,283,13,22548
פתח,פתח,fores,6,283,12,22548
פתח,פתח,foras,0,283,27,22548
פתח,פתח,ostium,83,283,132,22548
פתח,פתח,foris,11,283,62,22548
פתח,פתח,limen,4,283,18,22548
פתח,פתח,portae,0,283,0,22548
פתח,פתח,proba,0,283,0,22548
פתחי,פתחי,porta,0,0,286,22548
פתחי,פתחי,ianua,0,0,13,22548
פתחי,פתחי,fores,0,0,12,22548
פתחי,פתחי,limen,0,0,18,22548
פתחי,פתחי,ostium,0,0,132,22548
פתחי,פתחי,portae,0,0,0,22548
פתי,פתי,adulescens,1,19,28,22548
פתי,פתי,puer,0,19,220,22548
פתי,פתי,adulescentia,0,19,42,22548
פתי,פתי,uiginti,0,19,223,22548
פתי,פתי,iuuenis,1,19,59,22548
פתי,פתי,adulescentulus,0,19,2,22548
פתי,פתי,peradulescentulus,0,19,0,22548
פתי,פתי,nouus,0,19,83,22548
פתי,פתי,iuuentus,0,19,7,22548
פתי,פתי,iuuenta,0,19,0,22548
פתי,פתי,aetas,0,19,23,22548
פתיחה,פתיחה,pugio,0,1,2,22548
פתיחה,פתיחה,sica,0,1,1,22548
פתיחה,פתיחה,sicula,0,1,0,22548
פתיחו,פתיחו,pateo,0,0,11,22548
פתיחו,פתיחו,aperio,0,0,166,22548
פתיחו,פתיחו,patefacio,0,0,0,22548
פתנ,פתן,clipeus,0,6,36,22548
פתנ,פתן,scutum,0,6,28,22548
פתנ,פתן,parma,0,6,0,22548
פתר,פתר,traduco,0,7,22,22548
פתר,פתר,consimilo,0,7,0,22548
פתר,פתר,elogio,0,7,0,22548
פתר,פתר,somnio,0,7,5,22548
פתר,פתר,insomnium,0,7,0,22548
פתרון,פתרון,interpretatio,4,5,14,22548
פתרון,פתרון,somnio,0,5,5,22548
פתרון,פתרון,insomnium,0,5,0,22548
פתרנ,פתרן,collatio,0,0,0,22548
פתשגן,פתשגן,exemplum,0,3,17,22548
פתשגן,פתשגן,apographon,0,3,0,22548
פתשגן,פתשגן,imitor,0,3,4,22548
צא,צא,exeo,0,0,81,22548
צא,צא,egredior,0,0,582,22548
צא,צא,prodeo,0,0,0,22548
צאו,צאו,exeo,0,0,81,22548
צאו,צאו,egredior,0,0,582,22548
צאו,צאו,prodeo,0,0,0,22548
צאלים,צאלים,lotus,0,2,0,22548
צאלים,צאלים,lotos,0,2,1,22548
צאן,צאן,bos,45,239,182,22548
צאן,צאן,iuuencus,0,239,0,22548
צאן,צאן,taurus,1,239,20,22548
צאן,צאן,iumentum,5,239,117,22548
צאן,צאן,uitulus,6,239,128,22548
צאן,צאן,pecus,29,239,85,22548
צאן,צאן,armentum,37,239,70,22548
צאן,צאן,uacca,1,239,10,22548
צאן,צאן,bubulus,0,239,2,22548
צאן,צאן,ouilis,0,239,0,22548
צאן,צאן,probata,0,239,0,22548
צאן,צאן,ouis,108,239,158,22548
צאן,צאן,grex,115,239,160,22548
צאן,צאן,pecuarius,0,239,0,22548
צאנ,צאן,agnos,0,239,0,22548
צאנ,צאן,agnus,4,239,120,22548
צאנ,צאן,agninus,0,239,0,22548
צאנ,צאן,probata,0,239,0,22548
צאנ,צאן,ouilis,0,239,0,22548
צאנ,צאן,ouis,108,239,158,22548
צאנ,צאן,pecus,29,239,85,22548
צאנ,צאן,grex,115,239,160,22548
צאנ,צאן,pecuarius,0,239,0,22548
צאצא,צאצא,progenies,0,0,12,22548
צאצא,צאצא,nepos,0,0,14,22548
צאצאים,צאצאים,proles,0,11,0,22548
צאצאים,צאצאים,stirps,2,11,51,22548
צאצאים,צאצאים,genus,1,11,65,22548
צאצאים,צאצאים,seminium,0,11,0,22548
צאצאים,צאצאים,progenies,2,11,12,22548
צאצאים,צאצאים,nepos,3,11,14,22548
צאצאים,צאצאים,semen,6,11,186,22548
צאצאים,צאצאים,semento,0,11,0,22548
צאת,צאת,exeo,0,0,81,22548
צאת,צאת,egredior,0,0,582,22548
צאת,צאת,prodeo,0,0,0,22548
צאת,צאת,liceor,0,0,0,22548
צאת,צאת,patior,0,0,36,22548
צאת,צאת,sino,0,0,24,22548
צאת,צאת,luceo,0,0,35,22548
צאת,צאת,exitus,0,0,17,22548
צבא,צבא,archiereus,0,447,0,22548
צבא,צבא,astrum,1,447,5,22548
צבא,צבא,sidus,0,447,3,22548
צבא,צבא,stella,2,447,26,22548
צבא,צבא,stello,0,447,0,22548
צבא,צבא,uolo,4,447,226,22548
צבא,צבא,cupio,0,447,15,22548
צבא,צבא,opto,0,447,2,22548
צבא,צבא,utinam,1,447,24,22548
צבא,צבא,uoluntas,1,447,66,22548
צבא,צבא,placeo,3,447,142,22548
צבא,צבא,quasi,16,447,708,22548
צבא,צבא,sicut,26,447,851,22548
צבא,צבא,cupiditas,0,447,1,22548
צבא,צבא,similis,3,447,91,22548
צבא,צבא,eligo,6,447,209,22548
צבא,צבא,deligo,0,447,0,22548
צבא,צבא,lubet,0,447,0,22548
צבא,צבא,obsecro,1,447,73,22548
צבא,צבא,exercitus,310,447,467,22548
צבא,צבא,copia,0,447,6,22548
צבא,צבא,uis,1,447,73,22548
צבא,צבא,uirtus,1,447,28,22548
צבא,צבא,imperium,0,447,59,22548
צבא,צבא,potentia,0,447,17,22548
צבא,צבא,cogo,0,447,17,22548
צבא,צבא,opis,0,447,0,22548
צבא,צבא,robur,4,447,46,22548
צבא,צבא,fortitudo,5,447,232,22548
צבא,צבא,potestas,0,447,42,22548
צבא,צבא,beneficium,0,447,3,22548
צבא,צבא,praefectus,1,447,17,22548
צבא,צבא,ornamentum,0,447,8,22548
צבא,צבא,orbis,0,447,39,22548
צבא,צבא,mundum,0,447,0,22548
צבא,צבא,ordo,3,447,56,22548
צבא,צבא,acies,0,447,27,22548
צבא,צבא,agmen,2,447,15,22548
צבא,צבא,utilis,0,447,9,22548
צבא,צבא,omnipotens,0,447,39,22548
צבא,צבא,omnipotentia,0,447,0,22548
צבאות,צבאות,exercitus,0,0,467,22548
צבאות,צבאות,copia,0,0,6,22548
צבאות,צבאות,uis,0,0,73,22548
צבאות,צבאות,uirtus,0,0,28,22548
צבאות,צבאות,imperium,0,0,59,22548
צבאות,צבאות,potentia,0,0,17,22548
צבאות,צבאות,cogo,0,0,17,22548
צבאות,צבאות,opis,0,0,0,22548
צבאות,צבאות,robur,0,0,46,22548
צבאות,צבאות,fortitudo,0,0,232,22548
צבאות,צבאות,potestas,0,0,42,22548
צבאות,צבאות,omnipotens,0,0,39,22548
צבאות,צבאות,omnipotentia,0,0,0,22548
צבאימ,צבאים,bellor,0,4,17,22548
צבאימ,צבאים,tam,0,4,103,22548
צבאימ,צבאים,quantus,0,4,18,22548
צבאת,צבאת,exercitus,0,0,467,22548
צבאת,צבאת,copia,0,0,6,22548
צבאת,צבאת,uis,0,0,73,22548
צבאת,צבאת,uirtus,0,0,28,22548
צבאת,צבאת,imperium,0,0,59,22548
צבאת,צבאת,potentia,0,0,17,22548
צבאת,צבאת,cogo,0,0,17,22548
צבאת,צבאת,opis,0,0,0,22548
צבאת,צבאת,robur,0,0,46,22548
צבאת,צבאת,fortitudo,0,0,232,22548
צבאת,צבאת,potestas,0,0,42,22548
צבה,צבה,uterus,2,5,49,22548
צבה,צבה,praecordia,0,5,1,22548
צבה,צבה,for,0,5,1,22548
צבה,צבה,armus,0,5,15,22548
צבה,צבה,femur,3,5,19,22548
צבו,צבו,res,0,0,159,22548
צבו,צבו,causa,0,0,85,22548
צבו,צבו,negotium,0,0,12,22548
צבט,צבט,attineo,0,1,0,22548
צבי,צבי,caprea,8,25,13,22548
צבי,צבי,spes,0,25,45,22548
צבי,צבי,spero,0,25,69,22548
צבי,צבי,exspectatio,0,25,8,22548
צבי,צבי,ceruus,7,25,16,22548
צבי,צבי,cerua,0,25,3,22548
צבי,צבי,ceruinus,0,25,0,22548
צבי,צבי,mundus,3,25,97,22548
צבי,צבי,purus,0,25,43,22548
צד,צד,equidem,0,26,3,22548
צד,צד,conuerto,0,26,187,22548
צד,צד,uerto,0,26,88,22548
צד,צד,dos,0,26,4,22548
צד,צד,pars,3,26,332,22548
צד,צד,latus,23,26,111,22548
צד,צד,obliquus,0,26,4,22548
צד,צד,costa,0,26,3,22548
צד,צד,humerus,1,26,12,22548
צד,צד,umerus,0,26,27,22548
צד,צד,crudus,0,26,2,22548
צדה,צדה,penuarius,0,2,0,22548
צדיק,צדיק,iudicium,15,191,361,22548
צדיק,צדיק,iustus,179,191,260,22548
צדיק,צדיק,ius,0,191,37,22548
צדיק,צדיק,iustitia,16,191,220,22548
צדיק,צדיק,dexter,0,191,104,22548
צדיק,צדיק,aequitas,0,191,20,22548
צדיק,צדיק,aequus,0,191,22,22548
צדיק,צדיק,iustifico,4,191,22,22548
צדיק,צדיק,oportet,0,191,3,22548
צדיק,צדיק,pulcher,0,191,69,22548
צדיק,צדיק,mereo,0,191,6,22548
צדיק,צדיק,dignus,1,191,19,22548
צדיק,צדיק,rego,5,191,37,22548
צדיקימ,צדיקים,iudicium,0,0,361,22548
צדיקימ,צדיקים,iustus,0,0,260,22548
צדיקימ,צדיקים,ius,0,0,37,22548
צדיקימ,צדיקים,iustitia,0,0,220,22548
צדיקימ,צדיקים,dexter,0,0,104,22548
צדיקימ,צדיקים,aequitas,0,0,20,22548
צדיקימ,צדיקים,aequus,0,0,22,22548
צדיקימ,צדיקים,iustifico,0,0,22,22548
צדיקימ,צדיקים,oportet,0,0,3,22548
צדיקימ,צדיקים,pulcher,0,0,69,22548
צדיקימ,צדיקים,mereo,0,0,6,22548
צדיקימ,צדיקים,dignus,0,0,19,22548
צדיקימ,צדיקים,rego,0,0,37,22548
צדיקמ,צדיקם,iudicium,0,0,361,22548
צדיקמ,צדיקם,iustus,0,0,260,22548
צדיקמ,צדיקם,ius,0,0,37,22548
צדיקמ,צדיקם,iustitia,0,0,220,22548
צדיקמ,צדיקם,dexter,0,0,104,22548
צדיקמ,צדיקם,aequitas,0,0,20,22548
צדיקמ,צדיקם,aequus,0,0,22,22548
צדיקמ,צדיקם,iustifico,0,0,22,22548
צדיקמ,צדיקם,oportet,0,0,3,22548
צדיקמ,צדיקם,pulcher,0,0,69,22548
צדיקמ,צדיקם,mereo,0,0,6,22548
צדיקמ,צדיקם,dignus,0,0,19,22548
צדיקמ,צדיקם,rego,0,0,37,22548
צדק,צדק,iudicium,28,150,361,22548
צדק,צדק,iustus,53,150,260,22548
צדק,צדק,ius,0,150,37,22548
צדק,צדק,iustitia,72,150,220,22548
צדק,צדק,dexter,3,150,104,22548
צדק,צדק,aequitas,4,150,20,22548
צדק,צדק,aequus,2,150,22,22548
צדק,צדק,iustifico,20,150,22,22548
צדק,צדק,oportet,0,150,3,22548
צדק,צדק,pulcher,0,150,69,22548
צדק,צדק,mereo,0,150,6,22548
צדק,צדק,dignus,0,150,19,22548
צדק,צדק,rego,3,150,37,22548
צדקה,צדקה,iudicium,43,146,361,22548
צדקה,צדקה,iustus,13,146,260,22548
צדקה,צדקה,ius,0,146,37,22548
צדקה,צדקה,iustitia,135,146,220,22548
צדקה,צדקה,dexter,0,146,104,22548
צדקה,צדקה,aequitas,3,146,20,22548
צדקה,צדקה,aequus,0,146,22,22548
צדקה,צדקה,iustifico,2,146,22,22548
צדקה,צדקה,oportet,0,146,3,22548
צדקה,צדקה,pulcher,0,146,69,22548
צדקה,צדקה,mereo,0,146,6,22548
צדקה,צדקה,dignus,0,146,19,22548
צדקה,צדקה,rego,1,146,37,22548
צדקה,צדקה,fas,0,146,3,22548
צדקה,צדקה,supplicium,0,146,1,22548
צדקה,צדקה,aptus,0,146,9,22548
צדקה,צדקה,uisito,0,146,58,22548
צדקה,צדקה,causa,1,146,85,22548
צדקה,צדקה,poena,0,146,5,22548
צדקה,צדקה,stips,0,146,0,22548
צדקה,צדקה,decretorius,0,146,0,22548
צדקות,צדקות,iudicium,0,0,361,22548
צדקות,צדקות,iustitia,0,0,220,22548
צדקות,צדקות,aequitas,0,0,20,22548
צדקת,צדקת,iudicium,0,0,361,22548
צדקת,צדקת,iustitia,0,0,220,22548
צדקת,צדקת,aequitas,0,0,20,22548
צדקת,צדקת,stips,0,0,0,22548
צהר,צהר,doma,0,2,3,22548
צהר,צהר,tectum,0,2,43,22548
צהר,צהר,canna,0,2,0,22548
צהר,צהר,tegulum,0,2,0,22548
צהרים,צהרים,meridies,16,22,68,22548
צהרים,צהרים,auster,0,22,34,22548
צהרימ,צהרים,meridies,16,22,68,22548
צהרימ,צהרים,auster,0,22,34,22548
צו,צו,imperatus,0,3,0,22548
צו,צו,dispono,0,3,16,22548
צואר,צואר,ceruix,6,36,36,22548
צואר,צואר,collum,27,36,39,22548
צואר,צואר,fleo,3,36,68,22548
צואר,צואר,lacrimo,0,36,1,22548
צואר,צואר,ploro,0,36,22,22548
צואר,צואר,fleui,0,36,3,22548
צוד,צוד,uenor,2,14,5,22548
צוה,צוה,impero,10,469,49,22548
צוה,צוה,rego,1,469,37,22548
צוה,צוה,dominor,1,469,50,22548
צוה,צוה,incipio,0,469,19,22548
צוה,צוה,coepio,0,469,28,22548
צוה,צוה,duco,4,469,179,22548
צוה,צוה,magistratus,0,469,19,22548
צוה,צוה,princeps,12,469,610,22548
צוה,צוה,praecipio,319,469,448,22548
צוה,צוה,imperium,4,469,59,22548
צוה,צוה,occipio,0,469,0,22548
צוה,צוה,iubeo,24,469,75,22548
צוה,צוה,honor,0,469,17,22548
צוה,צוה,praesum,0,469,33,22548
צוה,צוה,guberno,1,469,6,22548
צוה,צוה,ordior,0,469,3,22548
צוה,צוה,imperatus,0,469,0,22548
צוה,צוה,mando,62,469,81,22548
צוה,צוה,ordo,3,469,56,22548
צוה,צוה,dispono,2,469,16,22548
צוית,צוית,imperatus,0,0,0,22548
צויתי,צויתי,imperatus,0,0,0,22548
צולה,צולה,profundum,1,1,21,22548
צולה,צולה,alo,0,1,13,22548
צולה,צולה,altitudo,0,1,59,22548
צולה,צולה,altus,0,1,30,22548
צולה,צולה,profundus,0,1,18,22548
צולה,צולה,penitus,0,1,22,22548
צולה,צולה,mare,0,1,295,22548
צולה,צולה,pontus,0,1,3,22548
צולה,צולה,pelagus,0,1,1,22548
צולה,צולה,salum,0,1,1,22548
צום,צום,ieiuno,6,35,6,22548
צום,צום,tenacitas,0,35,0,22548
צומ,צום,tenacitas,0,35,0,22548
צוף,צוף,fluo,0,8,46,22548
צוף,צוף,decurro,0,8,4,22548
צוץ,צוץ,effloresco,0,8,2,22548
צוץ,צוץ,flos,1,8,18,22548
צוק,צוק,hostis,1,11,123,22548
צוק,צוק,inimicus,3,11,247,22548
צוק,צוק,infestus,0,11,0,22548
צוק,צוק,pressura,0,11,2,22548
צוק,צוק,quadriennium,0,11,0,22548
צוקה,צוקה,uolo,1,3,226,22548
צוקה,צוקה,difficultas,0,3,2,22548
צוקה,צוקה,egestas,0,3,23,22548
צוקה,צוקה,uix,0,3,5,22548
צוקה,צוקה,paupertas,0,3,8,22548
צוקה,צוקה,difficilis,0,3,13,22548
צוקה,צוקה,dolor,0,3,77,22548
צוקה,צוקה,doleo,0,3,26,22548
צוקה,צוקה,quadriennium,0,3,0,22548
צור,צור,auxilium,0,122,57,22548
צור,צור,adiutus,0,122,1,22548
צור,צור,auxilior,0,122,0,22548
צור,צור,dea,0,122,2,22548
צור,צור,caelum,2,122,393,22548
צור,צור,caelus,0,122,0,22548
צור,צור,hercules,0,122,0,22548
צור,צור,deus,26,122,2682,22548
צור,צור,deum,0,122,0,22548
צור,צור,dei,0,122,0,22548
צור,צור,deo,0,122,0,22548
צור,צור,numen,0,122,0,22548
צור,צור,diuus,0,122,0,22548
צור,צור,saxum,2,122,12,22548
צור,צור,rupes,1,122,6,22548
צור,צור,lapis,3,122,216,22548
צור,צור,petra,29,122,80,22548
צור,צור,scopulus,0,122,3,22548
צור,צור,caseus,0,122,2,22548
צור,צור,tutor,0,122,0,22548
צור,צור,praesidium,0,122,26,22548
צור,צור,custos,0,122,73,22548
צורה,צורה,fabrico,0,1,22,22548
צורה,צורה,facio,1,1,2893,22548
צורה,צורה,parito,0,1,0,22548
צורנים,צורנים,monile,0,1,4,22548
צח,צח,planus,0,4,9,22548
צח,צח,campus,0,4,26,22548
צח,צח,perspicuus,0,4,3,22548
צח,צח,delos,0,4,0,22548
צח,צח,manifestus,0,4,7,22548
צח,צח,clarus,1,4,5,22548
צח,צח,ostendo,0,4,147,22548
צח,צח,monstro,0,4,12,22548
צח,צח,exhibeo,0,4,1,22548
צח,צח,uideo,0,4,1044,22548
צח,צח,appareo,0,4,131,22548
צח,צח,probo,0,4,58,22548
צח,צח,pareo,0,4,14,22548
צח,צח,aperio,0,4,166,22548
צחיח,צחיח,aspectus,0,4,28,22548
צחק,צחק,rideo,3,12,18,22548
צחק,צחק,ridere,0,12,0,22548
צחק,צחק,risus,1,12,9,22548
צחק,צחק,derideo,1,12,17,22548
צחק,צחק,irrideo,0,12,5,22548
צחק,צחק,ludus,0,12,0,22548
צחק,צחק,ludo,4,12,20,22548
צי,צי,nauis,1,9,27,22548
צי,צי,puppis,0,9,0,22548
צי,צי,carina,0,9,0,22548
צי,צי,ratis,0,9,2,22548
צי,צי,classis,0,9,8,22548
צי,צי,uasum,0,9,0,22548
צי,צי,naui,0,9,0,22548
צי,צי,nauem,0,9,0,22548
צי,צי,nauicula,0,9,0,22548
צי,צי,scapha,0,9,0,22548
ציד,ציד,uenatio,7,19,9,22548
ציד,ציד,uenatus,0,19,0,22548
ציד,ציד,uenator,2,19,5,22548
ציד,ציד,benedico,5,19,198,22548
צידה,צידה,penuarius,0,10,0,22548
צידה,צידה,commeatus,0,10,0,22548
צידה,צידה,opportunus,0,10,1,22548
צידה,צידה,cibus,0,10,99,22548
צידה,צידה,frumentum,0,10,54,22548
צידה,צידה,seges,0,10,18,22548
צידה,צידה,panis,3,10,255,22548
צידה,צידה,frumentarius,0,10,0,22548
צידה,צידה,triticum,1,10,33,22548
צידה,צידה,granum,0,10,2,22548
צידה,צידה,esca,0,10,27,22548
צידון,צידון,sido,4,21,5,22548
ציה,ציה,fluento,0,15,0,22548
ציה,ציה,sitio,2,15,23,22548
ציה,ציה,areo,1,15,13,22548
ציון,ציון,quatio,0,150,1,22548
ציון,ציון,concutio,0,150,19,22548
ציון,ציון,quasso,0,150,1,22548
ציץ,ציץ,effloresco,0,15,2,22548
ציץ,ציץ,flos,6,15,18,22548
ציץ,ציץ,gloria,2,15,214,22548
ציץ,ציץ,fama,0,15,14,22548
ציץ,ציץ,sententia,0,15,30,22548
ציץ,ציץ,existimatio,0,15,0,22548
ציץ,ציץ,laus,0,15,73,22548
ציץ,ציץ,opinio,0,15,0,22548
ציצ,ציץ,flos,6,15,18,22548
ציצ,ציץ,maspetum,0,15,0,22548
ציצה,ציצה,flos,1,1,18,22548
צל,צל,munimentum,0,44,4,22548
צל,צל,umbra,33,44,55,22548
צל,צל,ceu,0,44,0,22548
צל,צל,uelut,1,44,42,22548
צלח,צלח,uiaticulum,0,61,0,22548
צלח,צלח,animus,0,61,39,22548
צלח,צלח,spiritus,9,61,241,22548
צלי,צלי,asso,1,3,2,22548
צלי,צלי,artopticius,0,3,0,22548
צלל,צלל,sido,0,7,5,22548
צלם,צלם,imago,11,30,16,22548
צלם,צלם,simulacrum,2,30,27,22548
צלם,צלם,signum,0,30,116,22548
צלם,צלם,effigies,0,30,0,22548
צלם,צלם,statua,15,30,40,22548
צלם,צלם,idolum,1,30,61,22548
צלם,צלם,imaginis,0,30,0,22548
צלם,צלם,umbra,0,30,55,22548
צלם,צלם,similitudo,4,30,54,22548
צלמ,צלם,statua,15,30,40,22548
צלמ,צלם,signum,0,30,116,22548
צלמ,צלם,similitudo,4,30,54,22548
צלמ,צלם,simulacrum,2,30,27,22548
צלמ,צלם,imago,11,30,16,22548
צלמות,צלמות,mors,14,17,197,22548
צלמות,צלמות,letum,0,17,0,22548
צלמות,צלמות,nex,0,17,4,22548
צלמות,צלמות,defunctus,0,17,0,22548
צלמות,צלמות,fatum,0,17,0,22548
צלמות,צלמות,mortis,0,17,0,22548
צלמות,צלמות,morte,0,17,0,22548
צלמות,צלמות,mortem,0,17,0,22548
צלמות,צלמות,umbra,10,17,55,22548
צלע,צלע,altrouorsum,0,40,0,22548
צלע,צלע,equidem,0,40,3,22548
צלע,צלע,conuerto,0,40,187,22548
צלע,צלע,uerto,0,40,88,22548
צלע,צלע,dos,0,40,4,22548
צלע,צלע,pars,3,40,332,22548
צלע,צלע,latus,24,40,111,22548
צלע,צלע,costa,3,40,3,22548
צלע,צלע,quinquaginta,0,40,118,22548
צלע,צלע,quindecim,1,40,16,22548
צלע,צלע,quinque,7,40,183,22548
צלפחד,צלפחד,populus,0,9,1560,22548
צלפחד,צלפחד,plebs,0,9,19,22548
צלפחד,צלפחד,uulgus,0,9,39,22548
צלפחד,צלפחד,terra,1,9,2254,22548
צלפחד,צלפחד,contio,0,9,3,22548
צלפחד,צלפחד,communis,0,9,9,22548
צלפחד,צלפחד,ecclesia,0,9,30,22548
צלפחד,צלפחד,ager,0,9,214,22548
צלפחד,צלפחד,praepinguis,0,9,0,22548
צלפחד,צלפחד,unguinosus,0,9,0,22548
צלפחד,צלפחד,morbus,0,9,0,22548
צלפחד,צלפחד,pestis,0,9,24,22548
צלפחד,צלפחד,lues,0,9,0,22548
צלפחד,צלפחד,ualetudo,0,9,0,22548
צלפחד,צלפחד,infirmitas,0,9,25,22548
צמא,צמא,sitis,15,34,20,22548
צמא,צמא,areo,1,34,13,22548
צמא,צמא,sitio,16,34,23,22548
צמאה,צמאה,sitio,0,1,23,22548
צמאה,צמאה,areo,0,1,13,22548
צמאונ,צמאון,sitio,1,3,23,22548
צמאונ,צמאון,areo,0,3,13,22548
צמד,צמד,bigae,0,20,0,22548
צמה,צמה,uelaris,0,4,0,22548
צמה,צמה,obnubo,0,4,0,22548
צמוקים,צמוקים,panis,3,3,255,22548
צמח,צמח,exsurgo,0,39,1,22548
צמח,צמח,assurgo,0,39,3,22548
צמחות,צמחות,recresco,0,0,0,22548
צמיד,צמיד,periscelis,1,7,1,22548
צמידימ,צמידים,periscelis,0,0,1,22548
צמר,צמר,lana,7,15,9,22548
צמר,צמר,lanugino,0,15,0,22548
צמר,צמר,uestis,2,15,101,22548
צמר,צמר,uestimentum,3,15,138,22548
צמר,צמר,pallium,0,15,50,22548
צמר,צמר,toga,0,15,0,22548
צמר,צמר,lepra,2,15,52,22548
צמרת,צמרת,imperium,0,5,59,22548
צמרת,צמרת,principium,0,5,57,22548
צמרת,צמרת,initium,0,5,24,22548
צמרת,צמרת,magistratus,0,5,19,22548
צמרת,צמרת,regnum,0,5,213,22548
צמרת,צמרת,honor,0,5,17,22548
צמרת,צמרת,ratio,0,5,11,22548
צמרת,צמרת,officium,0,5,30,22548
צמרת,צמרת,potestas,0,5,42,22548
צמרת,צמרת,uis,0,5,73,22548
צמרת,צמרת,primus,0,5,161,22548
צמרת,צמרת,altitudo,3,5,59,22548
צמרת,צמרת,magnitudo,0,5,31,22548
צמרת,צמרת,nubes,0,5,99,22548
צמרת,צמרת,nimbus,0,5,0,22548
צמרת,צמרת,nebula,0,5,12,22548
צמרת,צמרת,nubis,0,5,3,22548
צמרת,צמרת,nubila,0,5,1,22548
צנה,צנה,clipeus,6,21,36,22548
צנה,צנה,scutum,4,21,28,22548
צנה,צנה,parma,0,21,0,22548
צנה,צנה,hasta,6,21,38,22548
צנה,צנה,telum,0,21,3,22548
צנה,צנה,lancea,0,21,20,22548
צנה,צנה,quiris,0,21,0,22548
צנה,צנה,hastae,0,21,0,22548
צנה,צנה,aegis,0,21,0,22548
צנה,צנה,arma,1,21,33,22548
צנה,צנה,bracchium,0,21,69,22548
צנה,צנה,armo,1,21,13,22548
צנוע,צנוע,humilis,0,1,34,22548
צנוע,צנוע,humilio,0,1,64,22548
צנצנת,צנצנת,piso,0,1,0,22548
צעד,צעד,pello,0,20,2,22548
צעד,צעד,ago,0,20,146,22548
צעד,צעד,fugo,0,20,14,22548
צעד,צעד,impello,0,20,0,22548
צעד,צעד,iter,1,20,78,22548
צעד,צעד,uia,5,20,601,22548
צעד,צעד,semita,0,20,81,22548
צעד,צעד,modus,0,20,46,22548
צעד,צעד,martius,0,20,0,22548
צעד,צעד,agmen,0,20,15,22548
צעד,צעד,pergo,0,20,157,22548
צעד,צעד,ager,0,20,214,22548
צעד,צעד,seruio,0,20,160,22548
צעד,צעד,expeditio,0,20,0,22548
צעד,צעד,classis,0,20,8,22548
צעד,צעד,procedo,0,20,58,22548
צעיר,צעיר,paruus,10,21,104,22548
צעיר,צעיר,exiguus,0,21,1,22548
צעיר,צעיר,paulum,0,21,0,22548
צעיר,צעיר,breuis,0,21,8,22548
צעיר,צעיר,modicus,0,21,23,22548
צעיר,צעיר,paulus,0,21,3,22548
צעיר,צעיר,iuuenis,1,21,59,22548
צעיר,צעיר,adulescens,0,21,28,22548
צעיר,צעיר,nouus,0,21,83,22548
צעיר,צעיר,puer,0,21,220,22548
צעיר,צעיר,adulescentia,0,21,42,22548
צעיר,צעיר,iuuentus,0,21,7,22548
צעיר,צעיר,iuuenta,0,21,0,22548
צעיר,צעיר,aetas,1,21,23,22548
צעיר,צעיר,paucus,0,21,30,22548
צעיר,צעיר,paene,0,21,5,22548
צעיר,צעיר,prope,0,21,30,22548
צעיר,צעיר,fere,0,21,0,22548
צעיר,צעיר,nuperus,0,21,0,22548
צעיר,צעיר,primogenitus,2,21,102,22548
צעירה,צעירה,ualidus,0,1,15,22548
צעירה,צעירה,fortis,0,1,262,22548
צעירה,צעירה,robustus,0,1,77,22548
צעירה,צעירה,firmus,0,1,25,22548
צעירה,צעירה,uehemens,0,1,16,22548
צעירה,צעירה,iuuenis,0,1,59,22548
צעירה,צעירה,adulescens,0,1,28,22548
צעירה,צעירה,nouus,0,1,83,22548
צעירה,צעירה,puer,0,1,220,22548
צעירה,צעירה,adulescentia,0,1,42,22548
צעירה,צעירה,iuuentus,0,1,7,22548
צעירה,צעירה,iuuenta,0,1,0,22548
צעירה,צעירה,aetas,1,1,23,22548
צעירה,צעירה,nuperus,0,1,0,22548
צעק,צעק,clamo,36,53,180,22548
צעק,צעק,uociferor,0,53,3,22548
צעק,צעק,exclamo,3,53,12,22548
צעק,צעק,clamor,1,53,62,22548
צעקה,צעקה,clamo,0,18,180,22548
צעקה,צעקה,uociferor,0,18,3,22548
צעקה,צעקה,exclamo,0,18,12,22548
צעקה,צעקה,clamor,16,18,62,22548
צעקה,צעקה,clamatus,0,18,0,22548
צעקת,צעקת,clamor,0,0,62,22548
צעקת,צעקת,clamatus,0,0,0,22548
צפה,צפה,amplector,0,73,0,22548
צפה,צפה,destino,0,73,0,22548
צפון,צפון,arctus,0,136,0,22548
צפון,צפון,ursa,0,136,3,22548
צפון,צפון,ursus,0,136,9,22548
צפון,צפון,aquilo,111,136,114,22548
צפון,צפון,arctos,0,136,0,22548
צפון,צפון,boreas,0,136,0,22548
צפון,צפון,aquilonius,0,136,0,22548
צפון,צפון,ortus,1,136,42,22548
צפון,צפון,exortiuus,0,136,0,22548
צפון,צפון,meridies,15,136,68,22548
צפון,צפון,meridianus,3,136,18,22548
צפון,צפון,australis,0,136,0,22548
צפון,צפון,libonotus,0,136,0,22548
צפון,צפון,auster,9,136,34,22548
צפון,צפון,termino,0,136,2,22548
צפון,צפון,porta,15,136,286,22548
צפון,צפון,ianua,0,136,13,22548
צפון,צפון,fores,0,136,12,22548
צפון,צפון,limen,0,136,18,22548
צפון,צפון,ostium,7,136,132,22548
צפון,צפון,portae,0,136,0,22548
צפור,צפור,auis,22,42,46,22548
צפור,צפור,omen,0,42,0,22548
צפור,צפור,uolucris,3,42,27,22548
צפור,צפור,spinturnicium,0,42,0,22548
צפור,צפור,trygona,0,42,0,22548
צפור,צפור,gauia,0,42,0,22548
צפור,צפור,ales,0,42,0,22548
צפור,צפור,uolatilis,4,42,20,22548
צפור,צפור,auicula,0,42,0,22548
צפור,צפור,pullicenus,0,42,0,22548
צפחת,צפחת,urnula,0,7,0,22548
צפחת,צפחת,seria,0,7,0,22548
צפחת,צפחת,farinarius,0,7,0,22548
צפחת,צפחת,hasta,3,7,38,22548
צפחת,צפחת,telum,0,7,3,22548
צפחת,צפחת,lancea,0,7,20,22548
צפחת,צפחת,quiris,0,7,0,22548
צפחת,צפחת,hastae,0,7,0,22548
צפחת,צפחת,oleum,3,7,174,22548
צפחת,צפחת,olearius,0,7,0,22548
צפחת,צפחת,olearis,0,7,0,22548
צפיה,צפיה,specula,0,1,5,22548
צפיה,צפיה,uertex,0,1,44,22548
צפיע,צפיע,merda,0,0,0,22548
צפיעה,צפיעה,folium,0,1,14,22548
צפיעה,צפיעה,frons,0,1,45,22548
צפיעה,צפיעה,frondeo,0,1,3,22548
צפיר,צפיר,hircinus,0,3,0,22548
צפע,צפע,draco,0,1,25,22548
צפע,צפע,serpens,0,1,19,22548
צפע,צפע,anguis,0,1,0,22548
צפע,צפע,coluber,1,1,10,22548
צפעוני,צפעוני,clipeus,0,0,36,22548
צפעוני,צפעוני,scutum,0,0,28,22548
צפעוני,צפעוני,parma,0,0,0,22548
צפעני,צפעני,uipera,0,4,2,22548
צפרדע,צפרדע,rana,9,10,13,22548
צפרדע,צפרדע,calamites,0,10,0,22548
צפרדע,צפרדע,famulus,0,10,31,22548
צפרדע,צפרדע,minister,0,10,36,22548
צפרדע,צפרדע,armiger,0,10,19,22548
צפרדע,צפרדע,comes,0,10,6,22548
צפרדע,צפרדע,seruus,3,10,607,22548
צפרדע,צפרדע,puer,0,10,220,22548
צפרדע,צפרדע,flumen,1,10,101,22548
צפרדע,צפרדע,fluuius,2,10,63,22548
צפרדע,צפרדע,amnis,0,10,4,22548
צפרדעימ,צפרדעים,rana,0,0,13,22548
צפרדעימ,צפרדעים,calamites,0,0,0,22548
צפרי,צפרי,trygona,0,0,0,22548
צפרי,צפרי,gauia,0,0,0,22548
צפרן,צפרן,ungula,0,2,21,22548
צר,צר,aduersarius,5,154,41,22548
צר,צר,hostis,50,154,123,22548
צר,צר,inimicus,16,154,247,22548
צר,צר,infestus,0,154,0,22548
צר,צר,uerutum,0,154,0,22548
צר,צר,angustio,0,154,1,22548
צר,צר,pressura,0,154,2,22548
צר,צר,saxum,0,154,12,22548
צר,צר,rupes,0,154,6,22548
צר,צר,lapis,3,154,216,22548
צר,צר,petra,3,154,80,22548
צר,צר,scopulus,0,154,3,22548
צר,צר,legatus,1,154,8,22548
צר,צר,orator,0,154,0,22548
צר,צר,senex,1,154,145,22548
צר,צר,uetus,0,154,24,22548
צר,צר,natus,0,154,2,22548
צר,צר,antiquus,2,154,40,22548
צר,צר,presbyter,0,154,0,22548
צר,צר,angustus,4,154,8,22548
צר,צר,artus,2,154,5,22548
צר,צר,caseus,0,154,2,22548
צר,צר,contrarius,0,154,17,22548
צרבת,צרבת,cicatrix,2,2,14,22548
צרבת,צרבת,cicatricula,0,2,0,22548
צרה,צרה,uolo,1,68,226,22548
צרה,צרה,difficultas,0,68,2,22548
צרה,צרה,egestas,0,68,23,22548
צרה,צרה,uix,0,68,5,22548
צרה,צרה,paupertas,0,68,8,22548
צרה,צרה,difficilis,0,68,13,22548
צרה,צרה,pressura,0,68,2,22548
צרה,צרה,dolor,3,68,77,22548
צרה,צרה,doleo,0,68,26,22548
צרופה,צרופה,cremo,0,0,11,22548
צרור,צרור,uinculum,0,9,27,22548
צרור,צרור,catena,0,9,21,22548
צרור,צרור,nodus,0,9,0,22548
צרור,צרור,sacculus,2,9,5,22548
צרות,צרות,pressura,0,0,2,22548
צרימ,צרים,saxum,0,0,12,22548
צרימ,צרים,rupes,0,0,6,22548
צרימ,צרים,lapis,0,0,216,22548
צרימ,צרים,petra,0,0,80,22548
צרימ,צרים,scopulus,0,0,3,22548
צרע,צרע,dimitto,0,18,271,22548
צרע,צרע,relinquo,0,18,119,22548
צרע,צרע,absoluo,0,18,0,22548
צרע,צרע,libero,0,18,139,22548
צרע,צרע,ignosco,0,18,7,22548
צרע,צרע,permitto,0,18,6,22548
צרע,צרע,scabiosus,0,18,0,22548
צרע,צרע,phocis,0,18,0,22548
צרעה,צרעה,populus,0,13,1560,22548
צרעה,צרעה,plebs,0,13,19,22548
צרעה,צרעה,uulgus,0,13,39,22548
צרעה,צרעה,terra,1,13,2254,22548
צרעה,צרעה,contio,0,13,3,22548
צרעה,צרעה,communis,0,13,9,22548
צרעה,צרעה,ecclesia,0,13,30,22548
צרעה,צרעה,ager,0,13,214,22548
צרעה,צרעה,praepinguis,0,13,0,22548
צרעה,צרעה,unguinosus,0,13,0,22548
צרעת,צרעת,dimitto,1,33,271,22548
צרעת,צרעת,relinquo,0,33,119,22548
צרעת,צרעת,absoluo,0,33,0,22548
צרעת,צרעת,libero,0,33,139,22548
צרעת,צרעת,ignosco,0,33,7,22548
צרעת,צרעת,permitto,0,33,6,22548
צרעת,צרעת,cutis,6,33,22,22548
צרעת,צרעת,pellis,0,33,45,22548
צרעת,צרעת,corium,0,33,1,22548
צרעת,צרעת,tergus,0,33,0,22548
צרעת,צרעת,abscondo,0,33,141,22548
צרעת,צרעת,membrana,0,33,0,22548
צרעת,צרעת,lepra,27,33,52,22548
צרעת,צרעת,albus,3,33,15,22548
צרעת,צרעת,candidus,0,33,5,22548
צרעת,צרעת,lelepris,0,33,0,22548
צרעת,צרעת,ophthalmias,0,33,0,22548
צרף,צרף,tabeo,0,25,0,22548
צרף,צרף,pecunia,0,25,72,22548
צרף,צרף,argenteus,2,25,78,22548
צרף,צרף,nummus,0,25,1,22548
צרף,צרף,argentum,8,25,189,22548
צרף,צרף,aurum,5,25,229,22548
צרף,צרף,aureus,0,25,142,22548
צרר,צרר,hostis,15,46,123,22548
צרר,צרר,inimicus,5,46,247,22548
צרר,צרר,infestus,0,46,0,22548
צרר,צרר,pressura,0,46,2,22548
צררו,צררו,bellor,0,0,17,22548
צררו,צררו,pugno,0,0,133,22548
צררו,צררו,gero,0,0,27,22548
צררו,צררו,bellum,0,0,134,22548
צרת,צרת,pressura,0,2,2,22548
קאמי,קאמי,sisto,0,0,0,22548
קאמי,קאמי,sto,0,0,425,22548
קאמי,קאמי,constituo,0,0,186,22548
קאמי,קאמי,erigo,0,0,60,22548
קאמינ,קאמין,sisto,0,0,0,22548
קאמינ,קאמין,sto,0,0,425,22548
קאמינ,קאמין,constituo,0,0,186,22548
קאמינ,קאמין,erigo,0,0,60,22548
קבב,קבב,ergo,1,12,727,22548
קבב,קבב,igitur,0,12,327,22548
קבב,קבב,maledictio,0,12,38,22548
קבב,קבב,prex,0,12,27,22548
קבב,קבב,tum,0,12,2,22548
קבב,קבב,huc,0,12,42,22548
קבב,קבב,aliubi,0,12,0,22548
קבורה,קבורה,sepulcrum,13,16,69,22548
קבורה,קבורה,monumentum,1,16,15,22548
קבורה,קבורה,tumulus,0,16,22,22548
קבורה,קבורה,bustum,0,16,0,22548
קבורה,קבורה,funus,0,16,2,22548
קבורה,קבורה,sepelio,6,16,114,22548
קבורה,קבורה,condo,1,16,15,22548
קבורה,קבורה,insepultus,0,16,0,22548
קבורה,קבורה,memoria,0,16,28,22548
קבל,קבל,quando,1,32,230,22548
קבל,קבל,post,2,32,392,22548
קבל,קבל,quoniam,1,32,418,22548
קבל,קבל,quoad,0,32,0,22548
קבל,קבל,quantulus,0,32,0,22548
קבל,קבל,suscipio,6,32,91,22548
קבל,קבל,mos,0,32,28,22548
קבל,קבל,iter,0,32,78,22548
קבל,קבל,modus,0,32,46,22548
קבל,קבל,existimatio,0,32,0,22548
קבל,קבל,fama,0,32,14,22548
קבל,קבל,lura,0,32,0,22548
קבל,קבל,uia,0,32,601,22548
קבע,קבע,ducto,0,3,0,22548
קבע,קבע,fallo,0,3,2,22548
קבע,קבע,decipio,0,3,55,22548
קבע,קבע,mentior,0,3,24,22548
קבע,קבע,mendacium,0,3,96,22548
קבע,קבע,iaceo,0,3,38,22548
קבע,קבע,dormio,0,3,169,22548
קבעת,קבעת,potorius,0,2,0,22548
קבעת,קבעת,rhytium,0,2,0,22548
קבץ,קבץ,congrego,86,115,255,22548
קבץ,קבץ,colligo,6,115,77,22548
קבץ,קבץ,simul,5,115,145,22548
קבצ,קבץ,congrego,86,115,255,22548
קבצ,קבץ,simul,5,115,145,22548
קבצ,קבץ,colligo,6,115,77,22548
קבר,קבר,sepelio,111,160,114,22548
קבר,קבר,condo,2,160,15,22548
קבר,קבר,funus,0,160,2,22548
קבר,קבר,insepultus,0,160,0,22548
קבר,קבר,monumentum,2,160,15,22548
קבר,קבר,sepulcrum,59,160,69,22548
קבר,קבר,tropaeum,0,160,0,22548
קבר,קבר,tumulus,5,160,22,22548
קבר,קבר,bustum,0,160,0,22548
קברו,קברו,sepelio,0,0,114,22548
קברו,קברו,condo,0,0,15,22548
קברו,קברו,funus,0,0,2,22548
קברו,קברו,insepultus,0,0,0,22548
קברימ,קברים,monumentum,0,0,15,22548
קברימ,קברים,memoria,0,0,28,22548
קברימ,קברים,sepulcrum,0,0,69,22548
קברימ,קברים,tumulus,0,0,22,22548
קברימ,קברים,bustum,0,0,0,22548
קברת,קברת,monumentum,0,0,15,22548
קברת,קברת,sepulcrum,0,0,69,22548
קברת,קברת,tropaeum,0,0,0,22548
קברת,קברת,tumulus,0,0,22,22548
קברת,קברת,bustum,0,0,0,22548
קברת,קברת,funus,0,0,2,22548
קדד,קדד,prono,0,15,0,22548
קדד,קדד,adoro,15,15,178,22548
קדד,קדד,colo,0,15,46,22548
קדד,קדד,basio,0,15,0,22548
קדוש,קדוש,sacer,0,101,4,22548
קדוש,קדוש,sanctus,92,101,317,22548
קדוש,קדוש,sancio,0,101,5,22548
קדוש,קדוש,lygos,0,101,0,22548
קדוש,קדוש,pudicus,0,101,0,22548
קדוש,קדוש,diuinus,0,101,12,22548
קדוש,קדוש,templum,2,101,192,22548
קדוש,קדוש,aedes,0,101,27,22548
קדוש,קדוש,fanum,0,101,15,22548
קדוש,קדוש,delubrum,0,101,10,22548
קדוש,קדוש,iustus,1,101,260,22548
קדוש,קדוש,pietas,0,101,1,22548
קדוש,קדוש,impius,1,101,235,22548
קדוש,קדוש,pius,0,101,1,22548
קדוש,קדוש,legitimus,0,101,28,22548
קדים,קדים,ortus,2,63,42,22548
קדים,קדים,exortiuus,0,63,0,22548
קדים,קדים,aurora,0,63,6,22548
קדים,קדים,eos,0,63,0,22548
קדים,קדים,lux,1,63,82,22548
קדים,קדים,orientalis,16,63,57,22548
קדים,קדים,matutinus,0,63,24,22548
קדים,קדים,mane,1,63,173,22548
קדים,קדים,meridies,3,63,68,22548
קדים,קדים,meridianus,1,63,18,22548
קדים,קדים,australis,0,63,0,22548
קדים,קדים,libonotus,0,63,0,22548
קדים,קדים,auster,1,63,34,22548
קדים,קדים,termino,0,63,2,22548
קדים,קדים,porta,17,63,286,22548
קדים,קדים,ianua,0,63,13,22548
קדים,קדים,fores,0,63,12,22548
קדים,קדים,limen,2,63,18,22548
קדים,קדים,ostium,1,63,132,22548
קדים,קדים,portae,0,63,0,22548
קדימ,קדים,meridies,3,63,68,22548
קדימ,קדים,meridianus,1,63,18,22548
קדימ,קדים,australis,0,63,0,22548
קדימ,קדים,libonotus,0,63,0,22548
קדימ,קדים,auster,1,63,34,22548
קדיש,קדיש,nuntius,0,0,112,22548
קדיש,קדיש,legatus,0,0,8,22548
קדיש,קדיש,angelus,0,0,101,22548
קדיש,קדיש,sacer,0,0,4,22548
קדיש,קדיש,sanctus,0,0,317,22548
קדיש,קדיש,sancio,0,0,5,22548
קדיש,קדיש,lygos,0,0,0,22548
קדיש,קדיש,pudicus,0,0,0,22548
קדיש,קדיש,diuinus,0,0,12,22548
קדיש,קדיש,templum,0,0,192,22548
קדיש,קדיש,aedes,0,0,27,22548
קדיש,קדיש,fanum,0,0,15,22548
קדיש,קדיש,delubrum,0,0,10,22548
קדיש,קדיש,iustus,0,0,260,22548
קדיש,קדיש,pietas,0,0,1,22548
קדיש,קדיש,impius,0,0,235,22548
קדיש,קדיש,pius,0,0,1,22548
קדיש,קדיש,legitimus,0,0,28,22548
קדישי,קדישי,sacer,0,0,4,22548
קדישי,קדישי,sanctus,0,0,317,22548
קדישי,קדישי,sancio,0,0,5,22548
קדישינ,קדישין,sacer,0,0,4,22548
קדישינ,קדישין,sanctus,0,0,317,22548
קדישינ,קדישין,sancio,0,0,5,22548
קדם,קדם,frons,0,124,45,22548
קדם,קדם,praeduco,0,124,0,22548
קדם,קדם,linea,0,124,28,22548
קדם,קדם,ante,3,124,353,22548
קדם,קדם,praefero,0,124,2,22548
קדם,קדם,ortus,1,124,42,22548
קדם,קדם,exortiuus,0,124,0,22548
קדמ,קדם,ortus,1,124,42,22548
קדמ,קדם,exortiuus,0,124,0,22548
קדמ,קדם,uetus,1,124,24,22548
קדמ,קדם,senex,0,124,145,22548
קדמ,קדם,antiquus,14,124,40,22548
קדמ,קדם,imperium,0,124,59,22548
קדמ,קדם,principium,6,124,57,22548
קדמ,קדם,initium,8,124,24,22548
קדמ,קדם,magistratus,0,124,19,22548
קדמ,קדם,regnum,1,124,213,22548
קדמ,קדם,honor,1,124,17,22548
קדמ,קדם,ratio,0,124,11,22548
קדמ,קדם,officium,0,124,30,22548
קדמ,קדם,potestas,1,124,42,22548
קדמ,קדם,uis,0,124,73,22548
קדמ,קדם,primus,1,124,161,22548
קדמ,קדם,rex,17,124,1935,22548
קדמ,קדם,tyrannus,0,124,7,22548
קדמ,קדם,dominus,25,124,5912,22548
קדמ,קדם,princeps,3,124,610,22548
קדמ,קדם,regis,0,124,0,22548
קדמ,קדם,regem,0,124,0,22548
קדמ,קדם,regi,0,124,0,22548
קדמ,קדם,sol,1,124,131,22548
קדמ,קדם,phoebus,0,124,0,22548
קדמ,קדם,solis,0,124,0,22548
קדמ,קדם,dea,0,124,2,22548
קדמ,קדם,caelum,2,124,393,22548
קדמ,קדם,caelus,0,124,0,22548
קדמ,קדם,hercules,0,124,0,22548
קדמ,קדם,deus,15,124,2682,22548
קדמ,קדם,deum,0,124,0,22548
קדמ,קדם,dei,0,124,0,22548
קדמ,קדם,deo,0,124,0,22548
קדמ,קדם,numen,0,124,0,22548
קדמ,קדם,diuus,0,124,0,22548
קדמ,קדם,uultus,1,124,82,22548
קדמ,קדם,facies,7,124,497,22548
קדמ,קדם,os,1,124,459,22548
קדמ,קדם,ora,0,124,8,22548
קדמ,קדם,persona,0,124,13,22548
קדמ,קדם,prior,0,124,55,22548
קדמ,קדם,olim,2,124,6,22548
קדמ,קדם,superus,0,124,1,22548
קדמ,קדם,quondam,0,124,11,22548
קדמ,קדם,antea,0,124,1,22548
קדמ,קדם,pristinus,4,124,16,22548
קדמה,קדמה,frons,0,9,45,22548
קדמה,קדמה,praeduco,0,9,0,22548
קדמה,קדמה,linea,0,9,28,22548
קדמה,קדמה,ante,1,9,353,22548
קדמה,קדמה,praefero,0,9,2,22548
קדמה,קדמה,imperium,0,9,59,22548
קדמה,קדמה,principium,1,9,57,22548
קדמה,קדמה,initium,1,9,24,22548
קדמה,קדמה,magistratus,0,9,19,22548
קדמה,קדמה,regnum,0,9,213,22548
קדמה,קדמה,honor,0,9,17,22548
קדמה,קדמה,ratio,0,9,11,22548
קדמה,קדמה,officium,0,9,30,22548
קדמה,קדמה,potestas,0,9,42,22548
קדמה,קדמה,uis,0,9,73,22548
קדמה,קדמה,primus,0,9,161,22548
קדמו,קדמו,uultus,0,0,82,22548
קדמו,קדמו,facies,0,0,497,22548
קדמו,קדמו,os,0,0,459,22548
קדמו,קדמו,ora,0,0,8,22548
קדמו,קדמו,persona,0,0,13,22548
קדמון,קדמון,matutinus,0,1,24,22548
קדמי,קדמי,imperium,0,0,59,22548
קדמי,קדמי,principium,0,0,57,22548
קדמי,קדמי,initium,0,0,24,22548
קדמי,קדמי,magistratus,0,0,19,22548
קדמי,קדמי,regnum,0,0,213,22548
קדמי,קדמי,honor,0,0,17,22548
קדמי,קדמי,ratio,0,0,11,22548
קדמי,קדמי,officium,0,0,30,22548
קדמי,קדמי,potestas,0,0,42,22548
קדמי,קדמי,uis,0,0,73,22548
קדמי,קדמי,primus,0,0,161,22548
קדמי,קדמי,prior,0,0,55,22548
קדמי,קדמי,olim,0,0,6,22548
קדמי,קדמי,superus,0,0,1,22548
קדמי,קדמי,quondam,0,0,11,22548
קדמי,קדמי,antea,0,0,1,22548
קדמי,קדמי,pristinus,0,0,16,22548
קדמני,קדמני,primus,1,10,161,22548
קדמני,קדמני,capularis,0,10,0,22548
קדמת,קדמת,frons,0,0,45,22548
קדמת,קדמת,praeduco,0,0,0,22548
קדקד,קדקד,uertex,11,11,44,22548
קדקד,קדקד,cacumen,0,11,9,22548
קדקד,קדקד,culmen,0,11,2,22548
קדקד,קדקד,iugum,0,11,44,22548
קדקד,קדקד,summus,0,11,30,22548
קדקד,קדקד,arx,0,11,6,22548
קדקד,קדקד,uerticis,0,11,0,22548
קדר,קדר,sol,4,27,131,22548
קדר,קדר,phoebus,0,27,0,22548
קדר,קדר,solis,0,27,0,22548
קדרון,קדרון,torrens,6,10,47,22548
קדרון,קדרון,puluero,0,10,0,22548
קדש,קדש,sacer,1,537,4,22548
קדש,קדש,sanctus,187,537,317,22548
קדש,קדש,sancio,4,537,5,22548
קדש,קדש,sanctitudo,0,537,0,22548
קדשה,קדשה,prostibilis,0,0,0,22548
קדשימ,קדשים,sacer,0,0,4,22548
קדשימ,קדשים,sanctus,0,0,317,22548
קדשימ,קדשים,sancio,0,0,5,22548
קהל,קהל,contio,2,150,3,22548
קהל,קהל,concilium,1,150,11,22548
קהל,קהל,multitudo,48,150,267,22548
קהל,קהל,coitus,3,150,21,22548
קהל,קהל,ecclesia,26,150,30,22548
קהל,קהל,synagoga,1,150,8,22548
קהל,קהל,educatus,0,150,0,22548
קהת,קהת,populus,1,27,1560,22548
קהת,קהת,plebs,0,27,19,22548
קהת,קהת,uulgus,0,27,39,22548
קהת,קהת,terra,1,27,2254,22548
קהת,קהת,contio,0,27,3,22548
קהת,קהת,communis,0,27,9,22548
קהת,קהת,ecclesia,0,27,30,22548
קהת,קהת,ager,0,27,214,22548
קהת,קהת,praepinguis,0,27,0,22548
קהת,קהת,unguinosus,0,27,0,22548
קהתי,קהתי,populus,3,15,1560,22548
קהתי,קהתי,plebs,0,15,19,22548
קהתי,קהתי,uulgus,0,15,39,22548
קהתי,קהתי,terra,0,15,2254,22548
קהתי,קהתי,contio,0,15,3,22548
קהתי,קהתי,communis,0,15,9,22548
קהתי,קהתי,ecclesia,0,15,30,22548
קהתי,קהתי,ager,0,15,214,22548
קהתי,קהתי,praepinguis,0,15,0,22548
קהתי,קהתי,unguinosus,0,15,0,22548
קו,קו,linea,1,16,28,22548
קו,קו,spes,1,16,45,22548
קו,קו,spero,0,16,69,22548
קו,קו,exspectatio,0,16,8,22548
קו,קו,ordo,0,16,56,22548
קו,קו,acies,0,16,27,22548
קו,קו,iubeo,0,16,75,22548
קו,קו,frons,0,16,45,22548
קו,קו,dignitas,0,16,7,22548
קו,קו,postis,0,16,14,22548
קו,קו,fero,0,16,342,22548
קו,קו,patior,0,16,36,22548
קו,קו,maneo,0,16,122,22548
קו,קו,phalanx,0,16,0,22548
קו,קו,metior,1,16,48,22548
קובע,קובע,galea,2,2,6,22548
קובע,קובע,arietinus,0,2,0,22548
קודש,קודש,sacer,0,0,4,22548
קודש,קודש,sanctus,0,0,317,22548
קודש,קודש,sancio,0,0,5,22548
קוה,קוה,congrego,3,45,255,22548
קוה,קוה,colligo,0,45,77,22548
קוה,קוה,simul,0,45,145,22548
קוה,קוה,iudicium,4,45,361,22548
קוה,קוה,saluus,0,45,64,22548
קוה,קוה,tueor,0,45,6,22548
קוה,קוה,salutaris,0,45,4,22548
קוה,קוה,saluator,2,45,36,22548
קוה,קוה,salus,2,45,95,22548
קוו,קוו,fero,0,0,342,22548
קוו,קוו,patior,0,0,36,22548
קוו,קוו,maneo,0,0,122,22548
קוט,קוט,studium,1,7,19,22548
קוט,קוט,suetudo,0,7,0,22548
קוי,קוי,fero,0,1,342,22548
קוי,קוי,patior,0,1,36,22548
קוי,קוי,maneo,0,1,122,22548
קוינו,קוינו,spes,0,0,45,22548
קוינו,קוינו,exspecto,0,0,36,22548
קוינו,קוינו,spero,0,0,69,22548
קויתי,קויתי,fero,0,0,342,22548
קויתי,קויתי,patior,0,0,36,22548
קויתי,קויתי,maneo,0,0,122,22548
קול,קול,clamor,23,419,62,22548
קול,קול,clamatus,0,419,0,22548
קול,קול,persono,1,419,9,22548
קול,קול,uerbum,21,419,712,22548
קול,קול,uox,317,419,345,22548
קום,קום,surgo,245,612,287,22548
קום,קום,exsurgo,1,612,1,22548
קומ,קום,surgo,245,612,287,22548
קומ,קום,exsurgo,1,612,1,22548
קומ,קום,sisto,0,612,0,22548
קומ,קום,sto,46,612,425,22548
קומ,קום,constituo,20,612,186,22548
קומ,קום,erigo,18,612,60,22548
קומ,קום,quotiens,0,612,3,22548
קומ,קום,quoniam,9,612,418,22548
קומה,קומה,altus,1,43,30,22548
קומה,קומה,summus,0,43,30,22548
קומה,קומה,supremus,0,43,0,22548
קומה,קומה,arx,0,43,6,22548
קומה,קומה,altitudo,35,43,59,22548
קומה,קומה,surgo,0,43,287,22548
קומה,קומה,exsurgo,0,43,1,22548
קומה,קומה,magnitudo,0,43,31,22548
קומה,קומה,decem,9,43,184,22548
קומה,קומה,deni,0,43,2,22548
קומה,קומה,cubitus,0,43,4,22548
קומה,קומה,cubitum,25,43,106,22548
קומו,קומו,surgo,0,0,287,22548
קומו,קומו,exsurgo,0,0,1,22548
קומי,קומי,surgo,0,0,287,22548
קומי,קומי,exsurgo,0,0,1,22548
קומת,קומת,altitudo,0,0,59,22548
קומת,קומת,magnitudo,0,0,31,22548
קומת,קומת,arx,0,0,6,22548
קוף,קוף,simia,2,2,2,22548
קוץ,קוץ,spina,10,27,30,22548
קוצ,קוץ,spina,10,27,30,22548
קוצרימ,קוצרים,meto,0,0,41,22548
קוצרימ,קוצרים,demeto,0,0,3,22548
קור,קור,fodio,1,4,36,22548
קור,קור,perfosso,0,4,0,22548
קורא,קורא,ascyron,0,0,0,22548
קח,קח,capio,0,0,207,22548
קח,קח,sumo,0,0,94,22548
קח,קח,accipio,0,0,247,22548
קח,קח,recipio,0,0,37,22548
קח,קח,impetro,0,0,1,22548
קח,קח,excipio,0,0,19,22548
קחו,קחו,capio,0,0,207,22548
קחו,קחו,sumo,0,0,94,22548
קחו,קחו,accipio,0,0,247,22548
קחו,קחו,recipio,0,0,37,22548
קחו,קחו,impetro,0,0,1,22548
קחו,קחו,excipio,0,0,19,22548
קחי,קחי,capio,0,0,207,22548
קחי,קחי,sumo,0,0,94,22548
קחי,קחי,accipio,0,0,247,22548
קחי,קחי,recipio,0,0,37,22548
קחי,קחי,impetro,0,0,1,22548
קחי,קחי,excipio,0,0,19,22548
קחת,קחת,capio,0,0,207,22548
קחת,קחת,sumo,0,0,94,22548
קחת,קחת,accipio,0,0,247,22548
קחת,קחת,recipio,0,0,37,22548
קחת,קחת,impetro,0,0,1,22548
קחת,קחת,excipio,0,0,19,22548
קטב,קטב,mordeo,0,4,10,22548
קטב,קטב,morsus,3,4,3,22548
קטב,קטב,stimulus,0,4,1,22548
קטל,קטל,caedes,0,7,14,22548
קטל,קטל,plago,0,7,1,22548
קטל,קטל,sanguis,0,7,275,22548
קטל,קטל,mors,0,7,197,22548
קטל,קטל,occaedes,1,7,26,22548
קטל,קטל,interfacio,3,7,149,22548
קטל,קטל,interfectrix,0,7,0,22548
קטן,קטן,paruus,67,106,104,22548
קטן,קטן,breuis,0,106,8,22548
קטן,קטן,minoro,0,106,0,22548
קטן,קטן,saltem,0,106,15,22548
קטן,קטן,exiguus,0,106,1,22548
קטן,קטן,paulum,0,106,0,22548
קטן,קטן,modicus,2,106,23,22548
קטן,קטן,paulus,0,106,3,22548
קטן,קטן,paucus,1,106,30,22548
קטן,קטן,paene,0,106,5,22548
קטן,קטן,prope,0,106,30,22548
קטן,קטן,fere,0,106,0,22548
קטן,קטן,iuuenis,4,106,59,22548
קטן,קטן,adulescens,0,106,28,22548
קטן,קטן,nouus,1,106,83,22548
קטן,קטן,puer,7,106,220,22548
קטן,קטן,adulescentia,0,106,42,22548
קטן,קטן,iuuentus,0,106,7,22548
קטן,קטן,iuuenta,0,106,0,22548
קטן,קטן,aetas,0,106,23,22548
קטנ,קטן,paruus,67,106,104,22548
קטנ,קטן,minoro,0,106,0,22548
קטנ,קטן,exiguus,0,106,1,22548
קטנ,קטן,paulum,0,106,0,22548
קטנ,קטן,breuis,0,106,8,22548
קטנ,קטן,modicus,2,106,23,22548
קטנ,קטן,paulus,0,106,3,22548
קטנ,קטן,iuuenis,4,106,59,22548
קטנ,קטן,adulescens,0,106,28,22548
קטנ,קטן,nouus,1,106,83,22548
קטנ,קטן,puer,7,106,220,22548
קטנ,קטן,adulescentia,0,106,42,22548
קטנ,קטן,iuuentus,0,106,7,22548
קטנ,קטן,iuuenta,0,106,0,22548
קטנ,קטן,aetas,0,106,23,22548
קטנ,קטן,nuperus,0,106,0,22548
קטנה,קטנה,paruus,0,0,104,22548
קטנה,קטנה,exiguus,0,0,1,22548
קטנה,קטנה,paulum,0,0,0,22548
קטנה,קטנה,breuis,0,0,8,22548
קטנה,קטנה,modicus,0,0,23,22548
קטנה,קטנה,paulus,0,0,3,22548
קטנה,קטנה,iuuenis,0,0,59,22548
קטנה,קטנה,adulescens,0,0,28,22548
קטנה,קטנה,nouus,0,0,83,22548
קטנה,קטנה,puer,0,0,220,22548
קטנה,קטנה,adulescentia,0,0,42,22548
קטנה,קטנה,iuuentus,0,0,7,22548
קטנה,קטנה,iuuenta,0,0,0,22548
קטנה,קטנה,aetas,0,0,23,22548
קטר,קטר,fumus,1,111,24,22548
קטר,קטר,fumo,0,111,7,22548
קטר,קטר,impono,0,111,51,22548
קטר,קטר,impetus,0,111,22,22548
קטר,קטר,oppugno,0,111,0,22548
קטר,קטר,olfactus,0,111,0,22548
קטר,קטר,odor,15,111,60,22548
קטר,קטר,odoratus,0,111,1,22548
קטרת,קטרת,acerra,0,58,0,22548
קטרת,קטרת,compositio,1,58,3,22548
קטרת,קטרת,decem,12,58,184,22548
קטרת,קטרת,deni,1,58,2,22548
קטרת,קטרת,plenus,13,58,117,22548
קטרת,קטרת,aureus,15,58,142,22548
קטרת,קטרת,aurum,2,58,229,22548
קיט,קיט,aestas,0,1,9,22548
קיט,קיט,aestiuus,1,1,4,22548
קיטור,קיטור,fumus,1,3,24,22548
קיטור,קיטור,fumo,0,3,7,22548
קים,קים,aduersarius,0,1,41,22548
קימ,קים,seditio,0,1,5,22548
קימ,קים,discordia,0,1,4,22548
קימ,קים,ciuilis,0,1,0,22548
קימ,קים,factio,0,1,1,22548
קימ,קים,tumultus,0,1,20,22548
קימ,קים,status,0,1,3,22548
קימינ,קימין,sisto,0,0,0,22548
קימינ,קימין,sto,0,0,425,22548
קימינ,קימין,constituo,0,0,186,22548
קימינ,קימין,erigo,0,0,60,22548
קין,קין,gigno,1,24,190,22548
קין,קין,pario,4,24,116,22548
קין,קין,fero,2,24,342,22548
קין,קין,genero,0,24,14,22548
קינה,קינה,querimonia,0,16,3,22548
קינן,קינן,genero,0,6,14,22548
קיץ,קיץ,aestas,7,39,9,22548
קיץ,קיץ,aestiuus,1,39,4,22548
קיץ,קיץ,uinum,5,39,157,22548
קיץ,קיץ,bacchus,0,39,0,22548
קיץ,קיץ,uini,0,39,0,22548
קיצ,קיץ,aestas,7,39,9,22548
קיצ,קיץ,aestiuus,1,39,4,22548
קיצ,קיץ,palma,0,39,40,22548
קיקלון,קיקלון,pudor,0,0,1,22548
קיקלון,קיקלון,turpis,0,0,1,22548
קיקלון,קיקלון,erubesco,0,0,30,22548
קיקלון,קיקלון,opprobrium,0,0,73,22548
קיקלון,קיקלון,probrum,0,0,0,22548
קיקלון,קיקלון,dedecus,0,0,0,22548
קיקלון,קיקלון,exprobro,0,0,32,22548
קיר,קיר,murus,14,73,158,22548
קיר,קיר,paries,50,73,67,22548
קיר,קיר,moenia,0,73,5,22548
קיר,קיר,costa,0,73,3,22548
קירות,קירות,uideor,0,0,0,22548
קירות,קירות,puto,0,0,54,22548
קירות,קירות,existimo,0,0,1,22548
קירות,קירות,uideo,0,0,1044,22548
קירות,קירות,credo,0,0,59,22548
קירות,קירות,sententia,0,0,30,22548
קירות,קירות,appareo,0,0,131,22548
קירות,קירות,opinio,0,0,0,22548
קירות,קירות,iudicium,0,0,361,22548
קירות,קירות,censeo,0,0,0,22548
קירות,קירות,sentio,0,0,12,22548
קירות,קירות,existimatio,0,0,0,22548
קיש,קיש,curculiunculus,0,17,0,22548
קיש,קיש,istuc,0,17,0,22548
קיתרוס,קיתרוס,cithara,0,0,41,22548
קיתרוס,קיתרוס,lyra,0,0,6,22548
קיתרס,קיתרס,cithara,0,0,41,22548
קיתרס,קיתרס,lyra,0,0,6,22548
קל,קל,uerbum,0,16,712,22548
קל,קל,uox,0,16,345,22548
קל,קל,leuis,3,16,73,22548
קל,קל,lux,0,16,82,22548
קל,קל,lumen,0,16,30,22548
קלה,קלה,asso,0,10,2,22548
קלה,קלה,artopticius,0,10,0,22548
קלו,קלו,praedelasso,0,0,0,22548
קלון,קלון,humilito,0,16,0,22548
קלונ,קלון,humilito,0,16,0,22548
קלות,קלות,uerbum,0,0,712,22548
קלות,קלות,uox,0,0,345,22548
קלחת,קלחת,focus,0,2,3,22548
קלחת,קלחת,tripus,0,2,0,22548
קלחת,קלחת,tripedaneus,0,2,0,22548
קלחת,קלחת,tripedalis,0,2,0,22548
קלי,קלי,hordeum,1,6,28,22548
קלי,קלי,ptisana,0,6,1,22548
קלל,קלל,maledictio,3,77,38,22548
קלל,קלל,detesto,0,77,9,22548
קללה,קללה,ergo,2,33,727,22548
קללה,קללה,igitur,0,33,327,22548
קללה,קללה,maledictio,23,33,38,22548
קללה,קללה,prex,0,33,27,22548
קללה,קללה,tum,0,33,2,22548
קללה,קללה,benedictio,9,33,70,22548
קללת,קללת,maledictio,0,0,38,22548
קלע,קלע,iudicium,0,29,361,22548
קלע,קלע,atrium,8,29,100,22548
קלע,קלע,aula,0,29,3,22548
קלע,קלע,uelum,1,29,27,22548
קלע,קלע,carbasus,0,29,0,22548
קלע,קלע,uelifico,0,29,0,22548
קלע,קלע,ueli,0,29,0,22548
קלע,קלע,altrouorsum,0,29,0,22548
קלע,קלע,cubitus,0,29,4,22548
קלע,קלע,cubitum,6,29,106,22548
קלע,קלע,phalangae,0,29,0,22548
קלע,קלע,aurum,1,29,229,22548
קלע,קלע,aureus,1,29,142,22548
קלעי,קלעי,uelum,0,0,27,22548
קלעי,קלעי,carbasus,0,0,0,22548
קלעי,קלעי,uelifico,0,0,0,22548
קלעי,קלעי,ueli,0,0,0,22548
קלעימ,קלעים,uelum,0,0,27,22548
קלעימ,קלעים,carbasus,0,0,0,22548
קלעימ,קלעים,uelifico,0,0,0,22548
קלעימ,קלעים,ueli,0,0,0,22548
קלשון,קלשון,fuscina,0,1,0,22548
קלת,קלת,uerbum,0,0,712,22548
קלת,קלת,uox,0,0,345,22548
קמ,קם,surgo,0,0,287,22548
קמ,קם,exsurgo,0,0,1,22548
קמו,קמו,surgo,0,0,287,22548
קמו,קמו,exsurgo,0,0,1,22548
קמח,קמח,farinarius,0,13,0,22548
קמח,קמח,hordeum,1,13,28,22548
קמח,קמח,ptisana,0,13,1,22548
קמח,קמח,oleum,4,13,174,22548
קמח,קמח,olearius,0,13,0,22548
קמח,קמח,olearis,0,13,0,22548
קמץ,קמץ,mnemosynon,0,5,0,22548
קמת,קמת,altitudo,0,0,59,22548
קמת,קמת,arx,0,0,6,22548
קנא,קנא,inuidia,0,34,5,22548
קנא,קנא,aemulatio,1,34,2,22548
קנא,קנא,zelus,8,34,25,22548
קנא,קנא,aemulatus,0,34,0,22548
קנא,קנא,aemulator,4,34,6,22548
קנא,קנא,inuideo,3,34,4,22548
קנא,קנא,aemulor,1,34,1,22548
קנאה,קנאה,inuidia,4,39,5,22548
קנאה,קנאה,aemulatio,2,39,2,22548
קנאה,קנאה,zelus,19,39,25,22548
קנאה,קנאה,aemulatus,0,39,0,22548
קנאה,קנאה,liuor,0,39,5,22548
קנאה,קנאה,inuideo,0,39,4,22548
קנאה,קנאה,animus,1,39,39,22548
קנאה,קנאה,spiritus,3,39,241,22548
קנאה,קנאה,furor,6,39,217,22548
קנאה,קנאה,ira,4,39,119,22548
קנאה,קנאה,cor,4,39,642,22548
קנאה,קנאה,pectus,0,39,8,22548
קנאה,קנאה,amor,1,39,13,22548
קנאה,קנאה,mens,0,39,38,22548
קנאה,קנאה,libido,0,39,5,22548
קנאה,קנאה,pectoralis,0,39,0,22548
קנאה,קנאה,animi,0,39,0,22548
קנה,קנה,harundo,0,116,0,22548
קנה,קנה,calamus,28,116,30,22548
קנה,קנה,paro,0,116,78,22548
קנה,קנה,acquiro,2,116,4,22548
קנה,קנה,possideo,17,116,160,22548
קנה,קנה,possessio,8,116,165,22548
קנה,קנה,condo,0,116,15,22548
קנה,קנה,fundo,1,116,136,22548
קנה,קנה,aedifico,3,116,312,22548
קנה,קנה,culmus,2,116,3,22548
קנוא,קנוא,inuideo,0,2,4,22548
קנוא,קנוא,inuidia,0,2,5,22548
קנוא,קנוא,liuor,0,2,5,22548
קנות,קנות,paro,0,0,78,22548
קנות,קנות,acquiro,0,0,4,22548
קנות,קנות,possideo,0,0,160,22548
קנות,קנות,possessio,0,0,165,22548
קנין,קנין,probata,0,10,0,22548
קניתי,קניתי,paro,0,0,78,22548
קניתי,קניתי,acquiro,0,0,4,22548
קניתי,קניתי,possideo,0,0,160,22548
קניתי,קניתי,possessio,0,0,165,22548
קסם,קסם,diuinatio,7,26,13,22548
קסם,קסם,oraculum,0,26,27,22548
קסם,קסם,cassus,0,26,7,22548
קסם,קסם,propheta,9,26,281,22548
קסם,קסם,expositor,0,26,0,22548
קסם,קסם,fallo,0,26,2,22548
קסמימ,קסמים,oraculum,0,0,27,22548
קסת,קסת,cingulum,0,3,2,22548
קסת,קסת,balteus,0,3,16,22548
קסת,קסת,zona,0,3,3,22548
קסת,קסת,lumbus,1,3,33,22548
קסת,קסת,tripedalis,0,3,0,22548
קעילה,קעילה,syron,0,16,2,22548
קערה,קערה,tabula,0,17,57,22548
קערה,קערה,argenteus,13,17,78,22548
קערה,קערה,argentum,1,17,189,22548
קערה,קערה,septuaginta,13,17,84,22548
קערה,קערה,septuageni,0,17,0,22548
קערה,קערה,centum,13,17,156,22548
קערה,קערה,haustus,0,17,0,22548
קערה,קערה,attractus,0,17,0,22548
קערה,קערה,cymbium,0,17,0,22548
קערה,קערה,patera,0,17,0,22548
קערה,קערה,phiala,0,17,0,22548
קערה,קערה,calix,0,17,23,22548
קפד,קפד,echinus,0,3,0,22548
קץ,קץ,nuntius,0,45,112,22548
קץ,קץ,legatus,0,45,8,22548
קץ,קץ,angelus,0,45,101,22548
קץ,קץ,redeo,0,45,30,22548
קץ,קץ,reuorto,0,45,75,22548
קץ,קץ,uenio,9,45,1274,22548
קץ,קץ,tempus,4,45,407,22548
קץ,קץ,occasio,0,45,6,22548
קץ,קץ,facultas,0,45,2,22548
קץ,קץ,potestas,0,45,42,22548
קץ,קץ,finis,15,45,137,22548
קץ,קץ,terminus,0,45,162,22548
קץ,קץ,ultimo,0,45,0,22548
קצ,קץ,tempus,4,45,407,22548
קצ,קץ,occasio,0,45,6,22548
קצ,קץ,facultas,0,45,2,22548
קצ,קץ,potestas,0,45,42,22548
קצ,קץ,equidem,0,45,3,22548
קצ,קץ,conuerto,0,45,187,22548
קצ,קץ,uerto,1,45,88,22548
קצ,קץ,dos,0,45,4,22548
קצ,קץ,pars,0,45,332,22548
קצ,קץ,finis,15,45,137,22548
קצ,קץ,terminus,0,45,162,22548
קצ,קץ,ultimo,0,45,0,22548
קצ,קץ,exitus,0,45,17,22548
קצ,קץ,euentus,0,45,2,22548
קצ,קץ,legio,0,45,3,22548
קצ,קץ,extremus,1,45,62,22548
קצ,קץ,posterus,0,45,25,22548
קצ,קץ,denique,0,45,4,22548
קצ,קץ,nouissimus,0,45,94,22548
קצב,קצב,seco,0,5,7,22548
קצב,קצב,caedo,0,5,68,22548
קצב,קצב,scindo,0,5,55,22548
קצב,קצב,caesa,0,5,0,22548
קצה,קצה,uertex,1,120,44,22548
קצה,קצה,multitudo,3,120,267,22548
קצה,קצה,numero,0,120,73,22548
קצה,קצה,numerus,0,120,149,22548
קצה,קצה,extremus,32,120,62,22548
קצה,קצה,ultimus,0,120,7,22548
קצה,קצה,nouissimus,5,120,94,22548
קצה,קצה,denique,0,120,4,22548
קצה,קצה,posterus,1,120,25,22548
קצה,קצה,equidem,0,120,3,22548
קצה,קצה,conuerto,1,120,187,22548
קצה,קצה,uerto,0,120,88,22548
קצה,קצה,dos,0,120,4,22548
קצה,קצה,pars,23,120,332,22548
קצה,קצה,finis,21,120,137,22548
קצה,קצה,terminus,10,120,162,22548
קצה,קצה,ultimo,0,120,0,22548
קצוי,קצוי,finis,0,0,137,22548
קצוי,קצוי,terminus,0,0,162,22548
קצוי,קצוי,ultimo,0,0,0,22548
קצות,קצות,uertex,0,3,44,22548
קצות,קצות,equidem,0,3,3,22548
קצות,קצות,conuerto,0,3,187,22548
קצות,קצות,uerto,0,3,88,22548
קצות,קצות,dos,0,3,4,22548
קצות,קצות,pars,0,3,332,22548
קצין,קצין,praesertim,0,12,7,22548
קצין,קצין,princeps,11,12,610,22548
קצין,קצין,magnus,0,12,493,22548
קצין,קצין,dux,2,12,155,22548
קצין,קצין,praecipuus,0,12,3,22548
קצין,קצין,maximus,0,12,0,22548
קצין,קצין,fundator,0,12,0,22548
קצינ,קצין,fundator,0,12,0,22548
קצינ,קצין,praetor,0,12,0,22548
קציר,קציר,messio,1,48,1,22548
קציר,קציר,ager,5,48,214,22548
קציר,קציר,fundus,0,48,3,22548
קציר,קציר,campus,0,48,26,22548
קציר,קציר,praedium,0,48,0,22548
קציר,קציר,uilla,0,48,38,22548
קציר,קציר,triticum,3,48,33,22548
קצע,קצע,praecido,0,4,22,22548
קצע,קצע,abscido,0,4,14,22548
קצע,קצע,caesa,0,4,0,22548
קצף,קצף,ira,18,61,119,22548
קצף,קצף,furor,8,61,217,22548
קצף,קצף,iracundia,3,61,33,22548
קצפ,קצף,animus,0,61,39,22548
קצפ,קצף,spiritus,3,61,241,22548
קצפ,קצף,furor,8,61,217,22548
קצפ,קצף,ira,18,61,119,22548
קצפ,קצף,cor,4,61,642,22548
קצפ,קצף,pectus,0,61,8,22548
קצפ,קצף,amor,0,61,13,22548
קצפ,קצף,mens,0,61,38,22548
קצפ,קצף,libido,0,61,5,22548
קצפ,קצף,pectoralis,0,61,0,22548
קצפ,קצף,animi,0,61,0,22548
קצפ,קצף,iracundia,3,61,33,22548
קצפה,קצפה,oliua,0,1,26,22548
קצץ,קצץ,seco,0,14,7,22548
קצץ,קצץ,caedo,1,14,68,22548
קצץ,קצץ,scindo,0,14,55,22548
קצץ,קצץ,caesa,0,14,0,22548
קצץ,קצץ,pedum,0,14,0,22548
קצץ,קצץ,pedes,0,14,12,22548
קצץ,קצץ,pes,3,14,224,22548
קצר,קצר,ager,7,49,214,22548
קצר,קצר,fundus,0,49,3,22548
קצר,קצר,campus,0,49,26,22548
קצר,קצר,praedium,0,49,0,22548
קצר,קצר,uilla,0,49,38,22548
קצרה,קצרה,praeualeo,0,0,9,22548
קצרימ,קצרים,meto,0,0,41,22548
קצרימ,קצרים,demeto,0,0,3,22548
קצת,קצת,equidem,0,8,3,22548
קצת,קצת,conuerto,0,8,187,22548
קצת,קצת,uerto,0,8,88,22548
קצת,קצת,dos,0,8,4,22548
קצת,קצת,pars,2,8,332,22548
קר,קר,frigidus,2,3,2,22548
קר,קר,frigus,1,3,12,22548
קר,קר,gelidus,0,3,0,22548
קר,קר,algidus,0,3,0,22548
קר,קר,frigor,0,3,0,22548
קרא,קרא,clamo,77,812,180,22548
קרא,קרא,uociferor,2,812,3,22548
קרא,קרא,exclamo,5,812,12,22548
קרא,קרא,clamor,6,812,62,22548
קרא,קרא,inuoco,63,812,72,22548
קרא,קרא,cognominis,0,812,0,22548
קרא,קרא,appello,38,812,48,22548
קרא,קרא,nomino,4,812,16,22548
קרא,קרא,nomen,173,812,730,22548
קרא,קרא,inuito,3,812,5,22548
קרא,קרא,uoco,349,812,413,22548
קרא,קרא,loquor,49,812,1092,22548
קרא,קרא,fabulor,0,812,0,22548
קרא,קרא,dico,230,812,3485,22548
קרא,קרא,aio,83,812,898,22548
קרא,קרא,saluto,2,812,23,22548
קראה,קראה,appello,0,0,48,22548
קראה,קראה,nomino,0,0,16,22548
קראה,קראה,nomen,0,0,730,22548
קראה,קראה,inuito,0,0,5,22548
קראה,קראה,uoco,0,0,413,22548
קראו,קראו,inuoco,0,0,72,22548
קראו,קראו,appello,0,0,48,22548
קראו,קראו,nomino,0,0,16,22548
קראו,קראו,nomen,0,0,730,22548
קראו,קראו,inuito,0,0,5,22548
קראו,קראו,uoco,0,0,413,22548
קראימ,קראים,arcessitus,0,0,0,22548
קראימ,קראים,uocatus,0,0,0,22548
קראנ,קראן,appello,0,0,48,22548
קראנ,קראן,nomino,0,0,16,22548
קראנ,קראן,nomen,0,0,730,22548
קראנ,קראן,inuito,0,0,5,22548
קראנ,קראן,uoco,0,0,413,22548
קראת,קראת,occurro,0,0,60,22548
קראת,קראת,contradictio,0,0,15,22548
קראת,קראת,hostis,0,0,123,22548
קראת,קראת,contrarius,0,0,17,22548
קראת,קראת,inimicus,0,0,247,22548
קראת,קראת,facies,0,0,497,22548
קראת,קראת,oppono,0,0,4,22548
קראת,קראת,praesens,0,0,76,22548
קראת,קראת,contra,0,0,685,22548
קראת,קראת,inquam,0,0,103,22548
קראת,קראת,appello,0,0,48,22548
קראת,קראת,nomino,0,0,16,22548
קראת,קראת,nomen,0,0,730,22548
קראת,קראת,inuito,0,0,5,22548
קראת,קראת,uoco,0,0,413,22548
קראת,קראת,occursorius,0,0,0,22548
קראתי,קראתי,appello,0,0,48,22548
קראתי,קראתי,nomino,0,0,16,22548
קראתי,קראתי,nomen,0,0,730,22548
קראתי,קראתי,inuito,0,0,5,22548
קראתי,קראתי,uoco,0,0,413,22548
קרב,קרב,frater,19,483,548,22548
קרב,קרב,germanus,0,483,1,22548
קרב,קרב,ipse,17,483,933,22548
קרב,קרב,sui,18,483,606,22548
קרב,קרב,attulo,0,483,0,22548
קרב,קרב,interior,2,483,30,22548
קרב,קרב,intus,0,483,8,22548
קרב,קרב,intra,5,483,52,22548
קרב,קרב,animus,0,483,39,22548
קרב,קרב,mens,1,483,38,22548
קרב,קרב,cor,28,483,642,22548
קרב,קרב,cordis,0,483,0,22548
קרב,קרב,pectus,0,483,8,22548
קרב,קרב,uterus,2,483,49,22548
קרב,קרב,praecordia,1,483,1,22548
קרב,קרב,medius,104,483,489,22548
קרב,קרב,medion,0,483,0,22548
קרב,קרב,centrum,0,483,0,22548
קרב,קרב,medio,0,483,0,22548
קרב,קרב,bellum,5,483,134,22548
קרב,קרב,mars,0,483,0,22548
קרב,קרב,arma,1,483,33,22548
קרב,קרב,acies,2,483,27,22548
קרב,קרב,bello,0,483,6,22548
קרב,קרב,pugna,4,483,33,22548
קרב,קרב,belli,0,483,0,22548
קרב,קרב,proelium,4,483,104,22548
קרב,קרב,accedo,53,483,108,22548
קרב,קרב,appropinquo,20,483,41,22548
קרבה,קרבה,accedo,0,2,108,22548
קרבה,קרבה,appropinquo,2,2,41,22548
קרבו,קרבו,attulo,0,0,0,22548
קרבימ,קרבים,attulo,0,0,0,22548
קרבן,קרבן,sacrificium,24,78,152,22548
קרבן,קרבן,oblatio,35,78,85,22548
קרבן,קרבן,donum,0,78,25,22548
קרבן,קרבן,munus,3,78,91,22548
קרבן,קרבן,praemium,0,78,3,22548
קרבן,קרבן,praesens,0,78,76,22548
קרבן,קרבן,datus,0,78,0,22548
קרבן,קרבן,oleum,19,78,174,22548
קרבן,קרבן,olearius,0,78,0,22548
קרבן,קרבן,olearis,0,78,0,22548
קרבן,קרבן,offertor,17,78,153,22548
קרבן,קרבן,porto,1,78,176,22548
קרדם,קרדם,securis,4,5,9,22548
קרדם,קרדם,securifer,0,5,0,22548
קרה,קרה,occurro,6,32,60,22548
קרוב,קרוב,attulo,0,71,0,22548
קרוב,קרוב,iuxta,16,71,553,22548
קרוב,קרוב,fere,0,71,0,22548
קרוב,קרוב,prope,17,71,30,22548
קרוב,קרוב,perpropinquus,0,71,0,22548
קרוב,קרוב,paene,0,71,5,22548
קרובה,קרובה,iuxta,0,0,553,22548
קרובה,קרובה,fere,0,0,0,22548
קרובה,קרובה,prope,0,0,30,22548
קרחה,קרחה,calueo,0,11,0,22548
קרחה,קרחה,praecaluus,0,11,0,22548
קרחה,קרחה,cilicium,4,11,14,22548
קרחה,קרחה,saccus,2,11,40,22548
קרחימ,קרחים,filius,0,0,3345,22548
קרחימ,קרחים,natus,0,0,2,22548
קרחימ,קרחים,gnatus,0,0,0,22548
קרחימ,קרחים,progenies,0,0,12,22548
קרחימ,קרחים,proles,0,0,0,22548
קרחימ,קרחים,nascor,0,0,103,22548
קרחימ,קרחים,filium,0,0,0,22548
קרחימ,קרחים,filii,0,0,0,22548
קרחימ,קרחים,filio,0,0,0,22548
קרי,קרי,responso,0,7,0,22548
קרי,קרי,oppono,0,7,4,22548
קרי,קרי,latus,0,7,111,22548
קרי,קרי,obliquus,0,7,4,22548
קריאה,קריאה,pronuntiatio,0,1,0,22548
קריאה,קריאה,nuntio,0,1,122,22548
קריאה,קריאה,pronuntio,0,1,6,22548
קריאה,קריאה,declaro,0,1,0,22548
קריאה,קריאה,praedico,1,1,52,22548
קריאה,קריאה,praeco,0,1,6,22548
קריה,קריה,urbs,14,67,346,22548
קריה,קריה,oppidum,4,67,46,22548
קריה,קריה,ciuitas,36,67,683,22548
קריה,קריה,moenia,0,67,5,22548
קריה,קריה,publicus,0,67,7,22548
קריה,קריה,athenae,0,67,0,22548
קריה,קריה,municipium,0,67,0,22548
קריה,קריה,urbem,0,67,0,22548
קריה,קריה,urbis,0,67,0,22548
קריה,קריה,urbanus,0,67,0,22548
קרית,קרית,urbs,0,0,346,22548
קרית,קרית,ciuitas,0,0,683,22548
קרית,קרית,oppidum,0,0,46,22548
קרית,קרית,moenia,0,0,5,22548
קרית,קרית,publicus,0,0,7,22548
קרית,קרית,athenae,0,0,0,22548
קרית,קרית,municipium,0,0,0,22548
קרית,קרית,urbem,0,0,0,22548
קרית,קרית,urbis,0,0,0,22548
קרן,קרן,ala,0,68,45,22548
קרן,קרן,columna,0,68,73,22548
קרן,קרן,penna,0,68,2,22548
קרן,קרן,cornu,54,68,61,22548
קרן,קרן,impono,0,68,51,22548
קרן,קרן,impetus,0,68,22,22548
קרן,קרן,oppugno,0,68,0,22548
קרנ,קרן,sententia,0,68,30,22548
קרנ,קרן,glorifico,0,68,39,22548
קרנ,קרן,opinor,0,68,0,22548
קרנ,קרן,ala,0,68,45,22548
קרנ,קרן,columna,0,68,73,22548
קרנ,קרן,penna,0,68,2,22548
קרנ,קרן,cornu,54,68,61,22548
קרנ,קרן,tuba,5,68,58,22548
קרנ,קרן,lituus,0,68,0,22548
קרנ,קרן,bucina,1,68,37,22548
קרנ,קרן,tubula,0,68,0,22548
קרנא,קרנא,tuba,0,0,58,22548
קרנא,קרנא,lituus,0,0,0,22548
קרנא,קרנא,bucina,0,0,37,22548
קרנא,קרנא,tubula,0,0,0,22548
קרנות,קרנות,ala,0,0,45,22548
קרנות,קרנות,columna,0,0,73,22548
קרנות,קרנות,penna,0,0,2,22548
קרנות,קרנות,cornu,0,0,61,22548
קרני,קרני,ala,0,0,45,22548
קרני,קרני,columna,0,0,73,22548
קרני,קרני,penna,0,0,2,22548
קרני,קרני,cornu,0,0,61,22548
קרנימ,קרנים,ala,0,1,45,22548
קרנימ,קרנים,columna,0,1,73,22548
קרנימ,קרנים,penna,0,1,2,22548
קרנימ,קרנים,cornu,0,1,61,22548
קרנינ,קרנין,ala,0,0,45,22548
קרנינ,קרנין,columna,0,0,73,22548
קרנינ,קרנין,penna,0,0,2,22548
קרנינ,קרנין,cornu,0,0,61,22548
קרנת,קרנת,ala,0,0,45,22548
קרנת,קרנת,columna,0,0,73,22548
קרנת,קרנת,penna,0,0,2,22548
קרנת,קרנת,cornu,0,0,61,22548
קרס,קרס,hamus,0,9,4,22548
קרס,קרס,harpaga,0,9,0,22548
קרס,קרס,falx,0,9,5,22548
קרס,קרס,scalprum,0,9,0,22548
קרסל,קרסל,sextarius,0,2,6,22548
קרע,קרע,lacrima,0,60,25,22548
קרע,קרע,fletus,0,60,25,22548
קרע,קרע,fleo,0,60,68,22548
קרע,קרע,lacrimae,0,60,0,22548
קרע,קרע,uestis,12,60,101,22548
קרע,קרע,uestimentum,21,60,138,22548
קרע,קרע,pallium,4,60,50,22548
קרע,קרע,toga,0,60,0,22548
קרעים,קרעים,uestis,0,4,101,22548
קרעים,קרעים,uestimentum,1,4,138,22548
קרעים,קרעים,pallium,1,4,50,22548
קרעים,קרעים,toga,0,4,0,22548
קרקע,קרקע,pauimentum,5,7,12,22548
קרקע,קרקע,humus,0,7,42,22548
קרר,קרר,murus,1,2,158,22548
קרר,קרר,paries,0,2,67,22548
קרר,קרר,moenia,0,2,5,22548
קרר,קרר,costa,0,2,3,22548
קרש,קרש,equidem,0,34,3,22548
קרש,קרש,conuerto,0,34,187,22548
קרש,קרש,uerto,0,34,88,22548
קרש,קרש,dos,0,34,4,22548
קרש,קרש,pars,2,34,332,22548
קרש,קרש,sera,0,34,1,22548
קרש,קרש,uectis,1,34,7,22548
קרש,קרש,phalangae,0,34,0,22548
קרש,קרש,aureus,2,34,142,22548
קרש,קרש,aurum,0,34,229,22548
קרת,קרת,urbs,1,5,346,22548
קרת,קרת,oppidum,0,5,46,22548
קרת,קרת,ciuitas,4,5,683,22548
קרת,קרת,moenia,1,5,5,22548
קרת,קרת,publicus,0,5,7,22548
קרת,קרת,athenae,0,5,0,22548
קרת,קרת,municipium,0,5,0,22548
קרת,קרת,urbem,0,5,0,22548
קרת,קרת,urbis,0,5,0,22548
קרת,קרת,urbanus,0,5,0,22548
קש,קש,culmus,0,15,3,22548
קש,קש,flamma,4,15,35,22548
קש,קש,ignis,5,15,336,22548
קשב,קשב,opera,0,50,4,22548
קשב,קשב,adhibeo,0,50,6,22548
קשה,קשה,durus,30,59,46,22548
קשה,קשה,rigidus,0,59,1,22548
קשה,קשה,edurus,0,59,0,22548
קשה,קשה,rigoratus,0,59,0,22548
קשוה,קשוה,urnula,0,6,0,22548
קשוה,קשוה,seria,0,6,0,22548
קשות,קשות,durus,0,0,46,22548
קשות,קשות,rigidus,0,0,1,22548
קשות,קשות,edurus,0,0,0,22548
קשט,קשט,etenim,0,3,7,22548
קשט,קשט,uerus,0,3,36,22548
קשט,קשט,hercules,0,3,0,22548
קשט,קשט,ueritas,1,3,113,22548
קשט,קשט,arcus,1,3,60,22548
קשט,קשט,sagitta,0,3,54,22548
קשקשת,קשקשת,cataphractes,0,7,0,22548
קשקשת,קשקשת,flabellum,0,7,0,22548
קשר,קשר,durus,0,49,46,22548
קשר,קשר,rigidus,0,49,1,22548
קשר,קשר,edurus,0,49,0,22548
קשש,קשש,congrego,0,6,255,22548
קשש,קשש,colligo,5,6,77,22548
קשש,קשש,simul,0,6,145,22548
קשש,קשש,silua,0,6,29,22548
קשש,קשש,tignum,0,6,1,22548
קשש,קשש,materia,0,6,1,22548
קשש,קשש,lignum,3,6,254,22548
קשת,קשת,sagitta,16,74,54,22548
קשת,קשת,sagitto,0,74,4,22548
קשת,קשת,arcus,54,74,60,22548
קשת,קשת,sagittarius,4,74,8,22548
קתרוס,קתרוס,cithara,0,0,41,22548
קתרוס,קתרוס,lyra,0,0,6,22548
קתרס,קתרס,cithara,4,4,41,22548
קתרס,קתרס,lyra,0,4,6,22548
רא,רא,uideo,0,0,1044,22548
רא,רא,cerno,0,0,61,22548
רא,רא,conspicio,0,0,7,22548
רא,רא,aspicio,0,0,36,22548
רא,רא,animaduerto,0,0,5,22548
רא,רא,obseruo,0,0,56,22548
ראה,ראה,specio,0,1186,0,22548
ראה,ראה,respicio,30,1186,138,22548
ראה,ראה,nosco,12,1186,122,22548
ראה,ראה,cognosco,15,1186,131,22548
ראה,ראה,scio,26,1186,334,22548
ראה,ראה,intellego,22,1186,136,22548
ראה,ראה,scientia,2,1186,76,22548
ראה,ראה,statuo,2,1186,62,22548
ראה,ראה,ecce,88,1186,704,22548
ראה,ראה,uideo,796,1186,1044,22548
ראה,ראה,cerno,30,1186,61,22548
ראה,ראה,conspicio,6,1186,7,22548
ראה,ראה,aspicio,22,1186,36,22548
ראה,ראה,animaduerto,2,1186,5,22548
ראה,ראה,obseruo,2,1186,56,22548
ראו,ראו,specio,0,0,0,22548
ראו,ראו,respicio,0,0,138,22548
ראו,ראו,uideo,0,0,1044,22548
ראו,ראו,cerno,0,0,61,22548
ראו,ראו,conspicio,0,0,7,22548
ראו,ראו,aspicio,0,0,36,22548
ראו,ראו,animaduerto,0,0,5,22548
ראו,ראו,obseruo,0,0,56,22548
ראובני,ראובני,agnos,0,17,0,22548
ראובני,ראובני,agnus,0,17,120,22548
ראובני,ראובני,dimidius,3,17,44,22548
ראובני,ראובני,dimidio,0,17,2,22548
ראובני,ראובני,semifer,0,17,0,22548
ראובני,ראובני,dimidium,2,17,17,22548
ראות,ראות,specio,0,0,0,22548
ראות,ראות,respicio,0,0,138,22548
ראות,ראות,uideo,0,0,1044,22548
ראות,ראות,cerno,0,0,61,22548
ראות,ראות,conspicio,0,0,7,22548
ראות,ראות,aspicio,0,0,36,22548
ראות,ראות,animaduerto,0,0,5,22548
ראות,ראות,obseruo,0,0,56,22548
ראי,ראי,specio,0,8,0,22548
ראי,ראי,respicio,0,8,138,22548
ראי,ראי,cernentia,0,8,0,22548
ראי,ראי,tuor,0,8,0,22548
ראי,ראי,uideo,4,8,1044,22548
ראי,ראי,cerno,0,8,61,22548
ראי,ראי,conspicio,0,8,7,22548
ראי,ראי,aspicio,1,8,36,22548
ראי,ראי,animaduerto,0,8,5,22548
ראי,ראי,obseruo,0,8,56,22548
ראי,ראי,puteus,3,8,37,22548
ראימ,ראים,uideo,0,0,1044,22548
ראימ,ראים,cerno,0,0,61,22548
ראימ,ראים,conspicio,0,0,7,22548
ראימ,ראים,aspicio,0,0,36,22548
ראימ,ראים,animaduerto,0,0,5,22548
ראימ,ראים,obseruo,0,0,56,22548
ראינו,ראינו,uideo,0,0,1044,22548
ראינו,ראינו,cerno,0,0,61,22548
ראינו,ראינו,conspicio,0,0,7,22548
ראינו,ראינו,aspicio,0,0,36,22548
ראינו,ראינו,animaduerto,0,0,5,22548
ראינו,ראינו,obseruo,0,0,56,22548
ראית,ראית,quando,0,0,230,22548
ראית,ראית,post,0,0,392,22548
ראית,ראית,quoniam,0,0,418,22548
ראית,ראית,idas,0,0,0,22548
ראית,ראית,lignum,0,0,254,22548
ראית,ראית,uideo,0,0,1044,22548
ראית,ראית,cerno,0,0,61,22548
ראית,ראית,conspicio,0,0,7,22548
ראית,ראית,aspicio,0,0,36,22548
ראית,ראית,animaduerto,0,0,5,22548
ראית,ראית,obseruo,0,0,56,22548
ראיתי,ראיתי,uideo,0,0,1044,22548
ראיתי,ראיתי,cerno,0,0,61,22548
ראיתי,ראיתי,conspicio,0,0,7,22548
ראיתי,ראיתי,aspicio,0,0,36,22548
ראיתי,ראיתי,animaduerto,0,0,5,22548
ראיתי,ראיתי,obseruo,0,0,56,22548
ראיתמ,ראיתם,uideo,0,0,1044,22548
ראיתמ,ראיתם,cerno,0,0,61,22548
ראיתמ,ראיתם,conspicio,0,0,7,22548
ראיתמ,ראיתם,aspicio,0,0,36,22548
ראיתמ,ראיתם,animaduerto,0,0,5,22548
ראיתמ,ראיתם,obseruo,0,0,56,22548
ראש,ראש,uertex,37,557,44,22548
ראש,ראש,imperium,0,557,59,22548
ראש,ראש,principium,5,557,57,22548
ראש,ראש,initium,3,557,24,22548
ראש,ראש,magistratus,0,557,19,22548
ראש,ראש,regnum,7,557,213,22548
ראש,ראש,honor,0,557,17,22548
ראש,ראש,ratio,0,557,11,22548
ראש,ראש,officium,2,557,30,22548
ראש,ראש,potestas,0,557,42,22548
ראש,ראש,uis,0,557,73,22548
ראש,ראש,primus,27,557,161,22548
ראש,ראש,praetor,0,557,0,22548
ראש,ראש,duco,5,557,179,22548
ראש,ראש,praecedo,0,557,44,22548
ראש,ראש,credo,1,557,59,22548
ראש,ראש,considero,2,557,76,22548
ראש,ראש,existimo,0,557,1,22548
ראש,ראש,iudico,6,557,181,22548
ראש,ראש,teneo,9,557,116,22548
ראש,ראש,caput,286,557,345,22548
ראש,ראש,erythinus,0,557,0,22548
ראש,ראש,mugil,0,557,0,22548
ראש,ראש,cacumen,7,557,9,22548
ראש,ראש,culmen,1,557,2,22548
ראש,ראש,iugum,0,557,44,22548
ראש,ראש,summus,10,557,30,22548
ראש,ראש,arx,0,557,6,22548
ראש,ראש,uerticis,0,557,0,22548
ראש,ראש,cephalicus,0,557,0,22548
ראש,ראש,nox,7,557,231,22548
ראש,ראש,noctis,0,557,0,22548
ראש,ראש,noctem,0,557,0,22548
ראש,ראש,nocturnus,0,557,8,22548
ראש,ראש,fel,4,557,6,22548
ראשון,ראשון,imperium,1,163,59,22548
ראשון,ראשון,principium,13,163,57,22548
ראשון,ראשון,initium,1,163,24,22548
ראשון,ראשון,magistratus,2,163,19,22548
ראשון,ראשון,regnum,3,163,213,22548
ראשון,ראשון,honor,0,163,17,22548
ראשון,ראשון,ratio,0,163,11,22548
ראשון,ראשון,officium,1,163,30,22548
ראשון,ראשון,potestas,1,163,42,22548
ראשון,ראשון,uis,0,163,73,22548
ראשון,ראשון,primus,75,163,161,22548
ראשון,ראשון,prior,35,163,55,22548
ראשון,ראשון,olim,0,163,6,22548
ראשון,ראשון,superus,0,163,1,22548
ראשון,ראשון,quondam,0,163,11,22548
ראשון,ראשון,antea,0,163,1,22548
ראשון,ראשון,pristinus,4,163,16,22548
ראשון,ראשון,capularis,0,163,0,22548
ראשונ,ראשון,prior,35,163,55,22548
ראשונ,ראשון,olim,0,163,6,22548
ראשונ,ראשון,superus,0,163,1,22548
ראשונ,ראשון,quondam,0,163,11,22548
ראשונ,ראשון,antea,0,163,1,22548
ראשונ,ראשון,pristinus,4,163,16,22548
ראשונ,ראשון,primus,75,163,161,22548
ראשונ,ראשון,capularis,0,163,0,22548
ראשונה,ראשונה,imperium,0,0,59,22548
ראשונה,ראשונה,principium,0,0,57,22548
ראשונה,ראשונה,initium,0,0,24,22548
ראשונה,ראשונה,magistratus,0,0,19,22548
ראשונה,ראשונה,regnum,0,0,213,22548
ראשונה,ראשונה,honor,0,0,17,22548
ראשונה,ראשונה,ratio,0,0,11,22548
ראשונה,ראשונה,officium,0,0,30,22548
ראשונה,ראשונה,potestas,0,0,42,22548
ראשונה,ראשונה,uis,0,0,73,22548
ראשונה,ראשונה,primus,0,0,161,22548
ראשונה,ראשונה,capularis,0,0,0,22548
ראשוני,ראשוני,imperium,0,1,59,22548
ראשוני,ראשוני,principium,0,1,57,22548
ראשוני,ראשוני,initium,0,1,24,22548
ראשוני,ראשוני,magistratus,0,1,19,22548
ראשוני,ראשוני,regnum,0,1,213,22548
ראשוני,ראשוני,honor,0,1,17,22548
ראשוני,ראשוני,ratio,0,1,11,22548
ראשוני,ראשוני,officium,0,1,30,22548
ראשוני,ראשוני,potestas,0,1,42,22548
ראשוני,ראשוני,uis,0,1,73,22548
ראשוני,ראשוני,primus,1,1,161,22548
ראשוני,ראשוני,prior,0,1,55,22548
ראשוני,ראשוני,olim,0,1,6,22548
ראשוני,ראשוני,superus,0,1,1,22548
ראשוני,ראשוני,quondam,0,1,11,22548
ראשוני,ראשוני,antea,0,1,1,22548
ראשוני,ראשוני,pristinus,0,1,16,22548
ראשי,ראשי,praetor,0,0,0,22548
ראשי,ראשי,caput,0,0,345,22548
ראשימ,ראשים,imperium,0,0,59,22548
ראשימ,ראשים,principium,0,0,57,22548
ראשימ,ראשים,initium,0,0,24,22548
ראשימ,ראשים,magistratus,0,0,19,22548
ראשימ,ראשים,regnum,0,0,213,22548
ראשימ,ראשים,honor,0,0,17,22548
ראשימ,ראשים,ratio,0,0,11,22548
ראשימ,ראשים,officium,0,0,30,22548
ראשימ,ראשים,potestas,0,0,42,22548
ראשימ,ראשים,uis,0,0,73,22548
ראשימ,ראשים,primus,0,0,161,22548
ראשימ,ראשים,praetor,0,0,0,22548
ראשינ,ראשין,caput,0,0,345,22548
ראשית,ראשית,primitiae,16,48,56,22548
ראשית,ראשית,imperium,1,48,59,22548
ראשית,ראשית,principium,17,48,57,22548
ראשית,ראשית,initium,3,48,24,22548
ראשית,ראשית,magistratus,0,48,19,22548
ראשית,ראשית,regnum,4,48,213,22548
ראשית,ראשית,honor,0,48,17,22548
ראשית,ראשית,ratio,0,48,11,22548
ראשית,ראשית,officium,0,48,30,22548
ראשית,ראשית,potestas,0,48,42,22548
ראשית,ראשית,uis,0,48,73,22548
ראשית,ראשית,primus,1,48,161,22548
ראשנ,ראשן,primus,0,0,161,22548
ראשנ,ראשן,capularis,0,0,0,22548
ראשנה,ראשנה,prior,0,0,55,22548
ראשנה,ראשנה,olim,0,0,6,22548
ראשנה,ראשנה,superus,0,0,1,22548
ראשנה,ראשנה,quondam,0,0,11,22548
ראשנה,ראשנה,antea,0,0,1,22548
ראשנה,ראשנה,pristinus,0,0,16,22548
ראשנה,ראשנה,primus,0,0,161,22548
ראשנה,ראשנה,capularis,0,0,0,22548
ראשנות,ראשנות,imperium,0,0,59,22548
ראשנות,ראשנות,principium,0,0,57,22548
ראשנות,ראשנות,initium,0,0,24,22548
ראשנות,ראשנות,magistratus,0,0,19,22548
ראשנות,ראשנות,regnum,0,0,213,22548
ראשנות,ראשנות,honor,0,0,17,22548
ראשנות,ראשנות,ratio,0,0,11,22548
ראשנות,ראשנות,officium,0,0,30,22548
ראשנות,ראשנות,potestas,0,0,42,22548
ראשנות,ראשנות,uis,0,0,73,22548
ראשנות,ראשנות,primus,0,0,161,22548
ראשנות,ראשנות,capularis,0,0,0,22548
ראשנימ,ראשנים,prior,0,0,55,22548
ראשנימ,ראשנים,olim,0,0,6,22548
ראשנימ,ראשנים,superus,0,0,1,22548
ראשנימ,ראשנים,quondam,0,0,11,22548
ראשנימ,ראשנים,antea,0,0,1,22548
ראשנימ,ראשנים,pristinus,0,0,16,22548
ראשנימ,ראשנים,primus,0,0,161,22548
ראשנימ,ראשנים,capularis,0,0,0,22548
ראשת,ראשת,caput,0,0,345,22548
ראת,ראת,uideo,0,0,1044,22548
ראת,ראת,cerno,0,0,61,22548
ראת,ראת,conspicio,0,0,7,22548
ראת,ראת,aspicio,0,0,36,22548
ראת,ראת,animaduerto,0,0,5,22548
ראת,ראת,obseruo,0,0,56,22548
רב,רב,praetor,0,575,0,22548
רב,רב,iudico,8,575,181,22548
רב,רב,decerno,1,575,23,22548
רב,רב,iudex,0,575,63,22548
רב,רב,iudicium,13,575,361,22548
רב,רב,reciperator,0,575,0,22548
רב,רב,statuo,2,575,62,22548
רב,רב,magnus,60,575,493,22548
רב,רב,ingens,1,575,13,22548
רב,רב,immanis,0,575,0,22548
רב,רב,uastus,0,575,2,22548
רב,רב,grandis,19,575,104,22548
רב,רב,multus,291,575,411,22548
רב,רב,superus,0,575,1,22548
רב,רב,summus,1,575,30,22548
רב,רב,alo,1,575,13,22548
רב,רב,multitudo,100,575,267,22548
רב,רב,turba,5,575,30,22548
רב,רב,populus,79,575,1560,22548
רב,רב,plebs,3,575,19,22548
רב,רב,numero,3,575,73,22548
רב,רב,numerus,13,575,149,22548
רב,רב,pluratiuus,0,575,0,22548
רב,רב,longus,5,575,36,22548
רב,רב,diu,0,575,1,22548
רב,רב,procul,2,575,55,22548
רב,רב,absum,0,575,16,22548
רב,רב,tam,5,575,103,22548
רב,רב,tot,0,575,0,22548
רב,רב,ita,8,575,220,22548
רב,רב,tantus,5,575,17,22548
רבב,רבב,augeo,0,17,18,22548
רבב,רבב,cresco,0,17,41,22548
רבב,רבב,probata,0,17,0,22548
רבב,רבב,pluratiuus,0,17,0,22548
רבב,רבב,impleo,1,17,171,22548
רבב,רבב,compleo,0,17,35,22548
רבב,רבב,repleo,0,17,77,22548
רבבה,רבבה,mille,13,16,363,22548
רבבה,רבבה,innumerabilitas,0,16,0,22548
רבבה,רבבה,multitudo,2,16,267,22548
רבבה,רבבה,turba,0,16,30,22548
רבבה,רבבה,uulgus,0,16,39,22548
רבבה,רבבה,populus,1,16,1560,22548
רבבה,רבבה,plebs,0,16,19,22548
רבבה,רבבה,numero,0,16,73,22548
רבבה,רבבה,numerus,0,16,149,22548
רבבה,רבבה,miliarius,0,16,0,22548
רבבות,רבבות,mille,0,0,363,22548
רבבות,רבבות,innumerabilitas,0,0,0,22548
רבבנ,רבבן,mille,0,0,363,22548
רבבנ,רבבן,innumerabilitas,0,0,0,22548
רבבת,רבבת,mille,0,0,363,22548
רבבת,רבבת,innumerabilitas,0,0,0,22548
רבד,רבד,promptus,0,1,1,22548
רבד,רבד,parito,0,1,0,22548
רבד,רבד,paro,0,1,78,22548
רבד,רבד,praeparo,0,1,93,22548
רבה,רבה,magnus,17,208,493,22548
רבה,רבה,ingens,1,208,13,22548
רבה,רבה,immanis,0,208,0,22548
רבה,רבה,uastus,0,208,2,22548
רבה,רבה,grandis,3,208,104,22548
רבה,רבה,multus,59,208,411,22548
רבה,רבה,superus,0,208,1,22548
רבה,רבה,summus,2,208,30,22548
רבה,רבה,alo,0,208,13,22548
רבה,רבה,pluratiuus,0,208,0,22548
רבה,רבה,longus,2,208,36,22548
רבה,רבה,diu,0,208,1,22548
רבה,רבה,procul,1,208,55,22548
רבה,רבה,absum,0,208,16,22548
רבו,רבו,magnitudo,0,0,31,22548
רבו,רבו,magnanimitas,0,0,0,22548
רבו,רבו,altitudo,0,0,59,22548
רבו,רבו,mille,0,0,363,22548
רבו,רבו,innumerabilis,0,0,16,22548
רבו,רבו,immensus,0,0,5,22548
רבו,רבו,pluratiuus,0,0,0,22548
רבו,רבו,multus,0,0,411,22548
רבו,רבו,magnus,0,0,493,22548
רבו,רבו,longus,0,0,36,22548
רבו,רבו,diu,0,0,1,22548
רבו,רבו,procul,0,0,55,22548
רבו,רבו,superus,0,0,1,22548
רבו,רבו,absum,0,0,16,22548
רבו,רבו,summus,0,0,30,22548
רבו,רבו,grandis,0,0,104,22548
רבוא,רבוא,mille,7,7,363,22548
רבוא,רבוא,innumerabilis,1,7,16,22548
רבוא,רבוא,immensus,0,7,5,22548
רבונ,רבון,mille,0,0,363,22548
רבונ,רבון,innumerabilitas,0,0,0,22548
רבוע,רבוע,quadrus,0,0,0,22548
רבוע,רבוע,quadro,0,0,1,22548
רבות,רבות,aliquoties,0,0,0,22548
רבות,רבות,multus,0,0,411,22548
רבות,רבות,magnus,0,0,493,22548
רבות,רבות,longus,0,0,36,22548
רבות,רבות,diu,0,0,1,22548
רבות,רבות,procul,0,0,55,22548
רבות,רבות,superus,0,0,1,22548
רבות,רבות,absum,0,0,16,22548
רבות,רבות,summus,0,0,30,22548
רבות,רבות,grandis,0,0,104,22548
רביבים,רביבים,imber,3,6,26,22548
רביבים,רביבים,pluuia,3,6,43,22548
רביבימ,רביבים,ceu,0,6,0,22548
רביבימ,רביבים,uelut,0,6,42,22548
רביד,רביד,monile,0,2,4,22548
רבימ,רבים,magnus,0,0,493,22548
רבימ,רבים,multus,0,0,411,22548
רבימ,רבים,amplus,0,0,0,22548
רבימ,רבים,complures,0,0,0,22548
רבימ,רבים,superus,0,0,1,22548
רבימ,רבים,annualis,0,0,0,22548
רבימ,רבים,longus,0,0,36,22548
רבימ,רבים,diu,0,0,1,22548
רבימ,רבים,procul,0,0,55,22548
רבימ,רבים,absum,0,0,16,22548
רבימ,רבים,summus,0,0,30,22548
רבימ,רבים,grandis,0,0,104,22548
רביעא,רביעא,quartus,0,0,70,22548
רביעי,רביעי,quartus,49,54,70,22548
רביעי,רביעי,agninus,0,54,0,22548
רביעי,רביעי,decimus,5,54,60,22548
רביעי,רביעי,uinum,5,54,157,22548
רביעי,רביעי,bacchus,0,54,0,22548
רביעי,רביעי,uini,0,54,0,22548
רביעי,רביעי,foedus,0,54,88,22548
רביעי,רביעי,pax,1,54,173,22548
רביעי,רביעי,libatio,0,54,6,22548
רביעי,רביעי,indutiae,0,54,0,22548
רביעית,רביעית,quartus,0,0,70,22548
רבע,רבע,quartus,7,30,70,22548
רבע,רבע,equidem,0,30,3,22548
רבע,רבע,conuerto,0,30,187,22548
רבע,רבע,uerto,1,30,88,22548
רבע,רבע,dos,0,30,4,22548
רבע,רבע,pars,7,30,332,22548
רבע,רבע,longitudo,6,30,80,22548
רבע,רבע,cubitus,1,30,4,22548
רבע,רבע,cubitum,7,30,106,22548
רבע,רבע,quadraginta,0,30,116,22548
רבע,רבע,quattuor,4,30,161,22548
רבעי,רבעי,quartus,0,0,70,22548
רבעימ,רבעים,gens,0,0,462,22548
רבעימ,רבעים,genus,0,0,65,22548
רבעימ,רבעים,progenies,0,0,12,22548
רבעימ,רבעים,generatio,0,0,142,22548
רבעימ,רבעים,saeculum,0,0,46,22548
רבעימ,רבעים,natio,0,0,51,22548
רבעימ,רבעים,quartus,0,0,70,22548
רבץ,רבץ,reliquus,0,31,186,22548
רבץ,רבץ,ceterus,0,31,56,22548
רבץ,רבץ,conquiesco,0,31,4,22548
רבץ,רבץ,leo,4,31,94,22548
רבץ,רבץ,ouilis,0,31,0,22548
רבץ,רבץ,probata,0,31,0,22548
רברבינ,רברבין,magnus,0,0,493,22548
רברבינ,רברבין,ingens,0,0,13,22548
רברבינ,רברבין,immanis,0,0,0,22548
רברבינ,רברבין,uastus,0,0,2,22548
רברבינ,רברבין,grandis,0,0,104,22548
רברבינ,רברבין,multus,0,0,411,22548
רברבינ,רברבין,superus,0,0,1,22548
רברבינ,רברבין,summus,0,0,30,22548
רברבינ,רברבין,alo,0,0,13,22548
רברבנ,רברבן,magnus,0,0,493,22548
רברבנ,רברבן,ingens,0,0,13,22548
רברבנ,רברבן,immanis,0,0,0,22548
רברבנ,רברבן,uastus,0,0,2,22548
רברבנ,רברבן,grandis,0,0,104,22548
רברבנ,רברבן,multus,0,0,411,22548
רברבנ,רברבן,superus,0,0,1,22548
רברבנ,רברבן,summus,0,0,30,22548
רברבנ,רברבן,alo,0,0,13,22548
רברבנו,רברבנו,magnus,0,0,493,22548
רברבנו,רברבנו,ingens,0,0,13,22548
רברבנו,רברבנו,immanis,0,0,0,22548
רברבנו,רברבנו,uastus,0,0,2,22548
רברבנו,רברבנו,grandis,0,0,104,22548
רברבנו,רברבנו,multus,0,0,411,22548
רברבנו,רברבנו,superus,0,0,1,22548
רברבנו,רברבנו,summus,0,0,30,22548
רברבנו,רברבנו,alo,0,0,13,22548
רברבת,רברבת,magnus,0,0,493,22548
רברבת,רברבת,ingens,0,0,13,22548
רברבת,רברבת,immanis,0,0,0,22548
רברבת,רברבת,uastus,0,0,2,22548
רברבת,רברבת,grandis,0,0,104,22548
רברבת,רברבת,multus,0,0,411,22548
רברבת,רברבת,superus,0,0,1,22548
רברבת,רברבת,summus,0,0,30,22548
רברבת,רברבת,alo,0,0,13,22548
רבת,רבת,magnus,0,0,493,22548
רבת,רבת,ingens,0,0,13,22548
רבת,רבת,immanis,0,0,0,22548
רבת,רבת,uastus,0,0,2,22548
רבת,רבת,grandis,0,0,104,22548
רבת,רבת,multus,0,0,411,22548
רבת,רבת,superus,0,0,1,22548
רבת,רבת,summus,0,0,30,22548
רבת,רבת,alo,0,0,13,22548
רבת,רבת,aliquoties,0,0,0,22548
רבת,רבת,longus,0,0,36,22548
רבת,רבת,diu,0,0,1,22548
רבת,רבת,procul,0,0,55,22548
רבת,רבת,absum,0,0,16,22548
רגב,רגב,glaebula,0,2,0,22548
רגב,רגב,glaeba,0,2,1,22548
רגז,רגז,pharetra,0,48,0,22548
רגז,רגז,animus,0,48,39,22548
רגז,רגז,spiritus,0,48,241,22548
רגז,רגז,furor,4,48,217,22548
רגז,רגז,ira,2,48,119,22548
רגז,רגז,cor,2,48,642,22548
רגז,רגז,pectus,0,48,8,22548
רגז,רגז,amor,0,48,13,22548
רגז,רגז,mens,0,48,38,22548
רגז,רגז,libido,0,48,5,22548
רגז,רגז,pectoralis,0,48,0,22548
רגז,רגז,animi,0,48,0,22548
רגל,רגל,habeo,14,250,694,22548
רגל,רגל,teneo,3,250,116,22548
רגל,רגל,possideo,1,250,160,22548
רגל,רגל,for,0,250,1,22548
רגל,רגל,armus,0,250,15,22548
רגל,רגל,femur,0,250,19,22548
רגל,רגל,pes,180,250,224,22548
רגל,רגל,pedes,0,250,12,22548
רגל,רגל,terra,30,250,2254,22548
רגל,רגל,cohors,0,250,0,22548
רגל,רגל,pedis,0,250,0,22548
רגל,רגל,pedum,0,250,0,22548
רגל,רגל,ager,1,250,214,22548
רגל,רגל,pedester,0,250,0,22548
רגל,רגל,fons,4,250,70,22548
רגל,רגל,scatebra,0,250,0,22548
רגלו,רגלו,pedum,0,0,0,22548
רגלו,רגלו,pedes,0,0,12,22548
רגלו,רגלו,pes,0,0,224,22548
רגלי,רגלי,pes,6,19,224,22548
רגלי,רגלי,pedes,12,19,12,22548
רגלי,רגלי,terra,1,19,2254,22548
רגלי,רגלי,cohors,0,19,0,22548
רגלי,רגלי,pedis,0,19,0,22548
רגלי,רגלי,pedum,0,19,0,22548
רגלי,רגלי,ager,0,19,214,22548
רגלי,רגלי,pedester,0,19,0,22548
רגלימ,רגלים,pedum,0,2,0,22548
רגלימ,רגלים,pedes,0,2,12,22548
רגלימ,רגלים,pes,0,2,224,22548
רגם,רגם,mors,4,17,197,22548
רגם,רגם,letum,0,17,0,22548
רגם,רגם,nex,0,17,4,22548
רגם,רגם,defunctus,0,17,0,22548
רגם,רגם,fatum,0,17,0,22548
רגם,רגם,mortis,0,17,0,22548
רגם,רגם,morte,0,17,0,22548
רגם,רגם,mortem,0,17,0,22548
רגם,רגם,lapis,10,17,216,22548
רגם,רגם,saxum,0,17,12,22548
רגם,רגם,marmor,0,17,4,22548
רגם,רגם,marmoreus,0,17,2,22548
רגם,רגם,gemma,0,17,19,22548
רגם,רגם,petrinus,0,17,0,22548
רגם,רגם,synagoga,0,17,8,22548
רגם,רגם,educatus,0,17,0,22548
רגע,רגע,continuus,0,36,0,22548
רגע,רגע,ilico,0,36,7,22548
רגע,רגע,extemplo,0,36,3,22548
רגע,רגע,mox,0,36,0,22548
רגע,רגע,statim,0,36,88,22548
רגע,רגע,tam,0,36,103,22548
רגע,רגע,quantus,0,36,18,22548
רגע,רגע,paruus,0,36,104,22548
רגע,רגע,exiguus,0,36,1,22548
רגע,רגע,paulum,0,36,0,22548
רגע,רגע,breuis,1,36,8,22548
רגע,רגע,modicus,3,36,23,22548
רגע,רגע,paulus,0,36,3,22548
רד,רד,descendo,0,0,256,22548
רד,רד,deicio,0,0,19,22548
רדד,רדד,domo,0,4,4,22548
רדד,רדד,subigo,0,4,4,22548
רדד,רדד,uinco,0,4,23,22548
רדד,רדד,expugno,0,4,14,22548
רדד,רדד,ultimo,0,4,0,22548
רדה,רדה,impero,3,23,49,22548
רדה,רדה,rego,0,23,37,22548
רדה,רדה,dominor,3,23,50,22548
רדה,רדה,incipio,0,23,19,22548
רדה,רדה,coepio,0,23,28,22548
רדה,רדה,duco,0,23,179,22548
רדה,רדה,magistratus,0,23,19,22548
רדה,רדה,princeps,3,23,610,22548
רדה,רדה,praecipio,0,23,448,22548
רדה,רדה,imperium,0,23,59,22548
רדה,רדה,occipio,0,23,0,22548
רדה,רדה,iubeo,0,23,75,22548
רדה,רדה,honor,0,23,17,22548
רדה,רדה,praesum,1,23,33,22548
רדה,רדה,guberno,0,23,6,22548
רדה,רדה,ordior,0,23,3,22548
רדה,רדה,uirga,1,23,91,22548
רדה,רדה,calamus,0,23,30,22548
רדה,רדה,descendo,0,23,256,22548
רדה,רדה,deicio,0,23,19,22548
רדו,רדו,descendo,0,0,256,22548
רדו,רדו,deicio,0,0,19,22548
רדימ,רדים,intellego,0,0,136,22548
רדימ,רדים,nescio,0,0,89,22548
רדף,רדף,persequor,96,135,118,22548
רדף,רדף,sequor,20,135,164,22548
רדף,רדף,fugo,1,135,14,22548
רדף,רדף,insequor,0,135,1,22548
רדף,רדף,studium,0,135,19,22548
רדף,רדף,prosequor,0,135,3,22548
רדפ,רדף,diuinus,0,135,12,22548
רדפ,רדף,diuus,0,135,0,22548
רדפ,רדף,inclitus,0,135,6,22548
רדפ,רדף,persequor,96,135,118,22548
רדפ,רדף,sequor,20,135,164,22548
רדפ,רדף,fugo,1,135,14,22548
רדפ,רדף,insequor,0,135,1,22548
רדפ,רדף,studium,0,135,19,22548
רדפו,רדפו,prosequor,0,0,3,22548
רדת,רדת,descendo,0,0,256,22548
רדת,רדת,deicio,0,0,19,22548
רהט,רהט,triticum,0,4,33,22548
רהט,רהט,ouis,1,4,158,22548
רהט,רהט,pecus,0,4,85,22548
רהט,רהט,grex,2,4,160,22548
רהט,רהט,pecuarius,0,4,0,22548
רו,רו,cernentia,0,1,0,22548
רו,רו,tuor,0,1,0,22548
רו,רו,uisio,0,1,63,22548
רו,רו,oculus,0,1,475,22548
רו,רו,species,0,1,26,22548
רו,רו,uisus,0,1,3,22548
רו,רו,facies,0,1,497,22548
רו,רו,aspectus,0,1,28,22548
רוזנימ,רוזנים,praetor,0,0,0,22548
רוח,רוח,uentus,45,358,52,22548
רוח,רוח,aura,1,358,3,22548
רוח,רוח,flatus,3,358,5,22548
רוח,רוח,spiritus,234,358,241,22548
רוח,רוח,eurus,0,358,1,22548
רוח,רוח,uenti,0,358,0,22548
רוח,רוח,mons,6,358,470,22548
רוח,רוח,iugum,0,358,44,22548
רוח,רוח,collis,1,358,66,22548
רוח,רוח,serum,0,358,0,22548
רוח,רוח,terminus,1,358,162,22548
רוח,רוח,animus,7,358,39,22548
רוח,רוח,anima,9,358,602,22548
רוח,רוח,aetas,1,358,23,22548
רוח,רוח,uita,11,358,169,22548
רוח,רוח,mens,4,358,38,22548
רוח,רוח,animae,0,358,0,22548
רוחה,רוחה,auxilium,0,2,57,22548
רוחה,רוחה,adiutus,0,2,1,22548
רוחה,רוחה,auxilior,0,2,0,22548
רוחות,רוחות,uentus,0,0,52,22548
רוחות,רוחות,aura,0,0,3,22548
רוחות,רוחות,flatus,0,0,5,22548
רוחות,רוחות,spiritus,0,0,241,22548
רוחות,רוחות,eurus,0,0,1,22548
רוחות,רוחות,uenti,0,0,0,22548
רוחי,רוחי,uentus,0,0,52,22548
רוחי,רוחי,aura,0,0,3,22548
רוחי,רוחי,flatus,0,0,5,22548
רוחי,רוחי,spiritus,0,0,241,22548
רוחי,רוחי,eurus,0,0,1,22548
רוחי,רוחי,uenti,0,0,0,22548
רום,רום,sublimo,4,172,4,22548
רומ,רום,altitudo,8,172,59,22548
רומ,רום,arx,0,172,6,22548
רוממו,רוממו,altiusculus,0,0,0,22548
רוממתי,רוממתי,sublimo,0,0,4,22548
רוע,רוע,clamo,6,37,180,22548
רוע,רוע,uociferor,0,37,3,22548
רוע,רוע,exclamo,0,37,12,22548
רוע,רוע,clamor,4,37,62,22548
רוע,רוע,tuba,6,37,58,22548
רוע,רוע,lituus,0,37,0,22548
רוע,רוע,bucina,3,37,37,22548
רוע,רוע,tubula,0,37,0,22548
רוץ,רוץ,curro,50,90,61,22548
רוץ,רוץ,gener,0,90,12,22548
רוץ,רוץ,genu,0,90,27,22548
רוץ,רוץ,curriculum,0,90,0,22548
רוץ,רוץ,percurro,0,90,0,22548
רוץ,רוץ,decurro,0,90,4,22548
רוץ,רוץ,discurro,1,90,12,22548
רוש,רוש,possideo,2,25,160,22548
רוש,רוש,heredito,0,25,13,22548
רז,רז,celatum,0,9,0,22548
רז,רז,clam,0,9,11,22548
רז,רז,celate,0,9,0,22548
רז,רז,furtim,0,9,0,22548
רז,רז,mysterium,5,9,6,22548
רזה,רזה,mysterium,0,1,6,22548
רזי,רזי,mysterium,0,1,6,22548
רזינ,רזין,mysterium,0,0,6,22548
רחב,רחב,latitudo,82,195,93,22548
רחב,רחב,eurus,0,195,1,22548
רחב,רחב,plana,0,195,0,22548
רחב,רחב,uicesimus,1,195,53,22548
רחב,רחב,uiginti,33,195,223,22548
רחב,רחב,uiceni,0,195,0,22548
רחב,רחב,longitudo,58,195,80,22548
רחב,רחב,quinquaginta,12,195,118,22548
רחב,רחב,quindecim,0,195,16,22548
רחב,רחב,quinque,28,195,183,22548
רחב,רחב,cubitus,2,195,4,22548
רחב,רחב,cubitum,52,195,106,22548
רחבה,רחבה,multus,0,0,411,22548
רחבה,רחבה,magnus,0,0,493,22548
רחבה,רחבה,longus,0,0,36,22548
רחבה,רחבה,diu,0,0,1,22548
רחבה,רחבה,procul,0,0,55,22548
רחבה,רחבה,superus,0,0,1,22548
רחבה,רחבה,absum,0,0,16,22548
רחבה,רחבה,summus,0,0,30,22548
רחבה,רחבה,grandis,0,0,104,22548
רחום,רחום,longanimis,1,21,1,22548
רחומ,רחום,miseresco,0,21,0,22548
רחוק,רחוק,procul,27,81,55,22548
רחים,רחים,molaris,0,5,4,22548
רחימ,רחים,molaris,0,5,4,22548
רחיק,רחיק,donec,0,1,221,22548
רחיק,רחיק,quantum,0,1,19,22548
רחיק,רחיק,usque,0,1,812,22548
רחיק,רחיק,dum,0,1,30,22548
רחיק,רחיק,longus,0,1,36,22548
רחיק,רחיק,sicut,0,1,851,22548
רחיק,רחיק,quoad,0,1,0,22548
רחיק,רחיק,multus,0,1,411,22548
רחיק,רחיק,magnus,0,1,493,22548
רחיק,רחיק,diu,0,1,1,22548
רחיק,רחיק,procul,1,1,55,22548
רחיק,רחיק,superus,0,1,1,22548
רחיק,רחיק,absum,0,1,16,22548
רחיק,רחיק,summus,0,1,30,22548
רחיק,רחיק,grandis,0,1,104,22548
רחיק,רחיק,minimus,0,1,0,22548
רחם,רחם,uterus,7,71,49,22548
רחם,רחם,praecordia,0,71,1,22548
רחם,רחם,misericordia,8,71,243,22548
רחם,רחם,misero,0,71,2,22548
רחם,רחם,misereor,26,71,82,22548
רחם,רחם,misereo,5,71,10,22548
רחמ,רחם,misericordia,8,71,243,22548
רחמ,רחם,clementia,0,71,8,22548
רחמ,רחם,misero,0,71,2,22548
רחמ,רחם,noctua,0,71,2,22548
רחמ,רחם,misereo,5,71,10,22548
רחמ,רחם,uterus,7,71,49,22548
רחמ,רחם,miseresco,0,71,0,22548
רחמה,רחמה,uulturinus,0,5,0,22548
רחמה,רחמה,uultur,0,5,1,22548
רחמים,רחמים,misericordia,26,37,243,22548
רחמים,רחמים,misero,0,37,2,22548
רחמים,רחמים,misereor,3,37,82,22548
רחמים,רחמים,misereo,1,37,10,22548
רחמים,רחמים,clementia,0,37,8,22548
רחמים,רחמים,noctua,0,37,2,22548
רחמים,רחמים,miseratio,13,37,23,22548
רחמים,רחמים,luctus,0,37,20,22548
רחמימ,רחמים,misericordia,26,37,243,22548
רחמימ,רחמים,clementia,0,37,8,22548
רחמימ,רחמים,misero,0,37,2,22548
רחמימ,רחמים,noctua,0,37,2,22548
רחמימ,רחמים,misereo,1,37,10,22548
רחמימ,רחמים,miseresco,0,37,0,22548
רחמימ,רחמים,causa,0,37,85,22548
רחמימ,רחמים,gratus,0,37,5,22548
רחמימ,רחמים,propter,0,37,292,22548
רחמימ,רחמים,grates,0,37,0,22548
רחמימ,רחמים,gratia,1,37,85,22548
רחמין,רחמין,misericordia,1,1,243,22548
רחמין,רחמין,clementia,0,1,8,22548
רחמין,רחמין,misero,0,1,2,22548
רחמין,רחמין,noctua,0,1,2,22548
רחמין,רחמין,misereo,0,1,10,22548
רחף,רחף,quatio,0,3,1,22548
רחף,רחף,concutio,0,3,19,22548
רחף,רחף,quasso,0,3,1,22548
רחץ,רחץ,lauo,50,73,75,22548
רחץ,רחץ,abluo,1,73,1,22548
רחץ,רחץ,perluo,0,73,0,22548
רחץ,רחץ,immundus,13,73,95,22548
רחץ,רחץ,uestis,7,73,101,22548
רחץ,רחץ,uestimentum,15,73,138,22548
רחץ,רחץ,pallium,0,73,50,22548
רחץ,רחץ,toga,0,73,0,22548
רחץ,רחץ,ordo,1,73,56,22548
רחץ,רחץ,homo,4,73,780,22548
רחץ,רחץ,corpus,8,73,33,22548
רחצ,רחץ,spes,0,73,45,22548
רחצ,רחץ,spero,0,73,69,22548
רחצ,רחץ,exspectatio,0,73,8,22548
רחק,רחק,abstineo,0,55,2,22548
רחק,רחק,tempero,0,55,5,22548
רחק,רחק,procul,14,55,55,22548
רחקה,רחקה,procul,0,0,55,22548
רחקימ,רחקים,procul,0,0,55,22548
רטט,רטט,metus,0,1,2,22548
רטט,רטט,pauor,0,1,31,22548
רטט,רטט,terror,0,1,46,22548
רטט,רטט,timor,0,1,74,22548
רטט,רטט,formido,0,1,47,22548
רטט,רטט,timeo,0,1,306,22548
רטט,רטט,metuo,0,1,23,22548
רטט,רטט,uereor,0,1,7,22548
רטש,רטש,habeo,0,6,694,22548
רטש,רטש,teneo,0,6,116,22548
רטש,רטש,possideo,0,6,160,22548
רטש,רטש,natus,0,6,2,22548
רטש,רטש,proles,0,6,0,22548
רטש,רטש,filius,3,6,3345,22548
רטש,רטש,liberi,0,6,51,22548
רטש,רטש,puer,0,6,220,22548
רטש,רטש,meus,1,6,2759,22548
ריב,ריב,obloquium,0,104,0,22548
ריב,ריב,ius,1,104,37,22548
ריב,ריב,iustitia,2,104,220,22548
ריב,ריב,fas,0,104,3,22548
ריב,ריב,iudicium,21,104,361,22548
ריב,ריב,supplicium,0,104,1,22548
ריב,ריב,aptus,0,104,9,22548
ריב,ריב,uisito,0,104,58,22548
ריב,ריב,causa,22,104,85,22548
ריב,ריב,aequitas,0,104,20,22548
ריב,ריב,poena,0,104,5,22548
ריב,ריב,iudico,28,104,181,22548
ריב,ריב,decerno,0,104,23,22548
ריב,ריב,iudex,5,104,63,22548
ריב,ריב,reciperator,0,104,0,22548
ריב,ריב,statuo,0,104,62,22548
ריבה,ריבה,ius,0,3,37,22548
ריבה,ריבה,iustitia,0,3,220,22548
ריבה,ריבה,fas,0,3,3,22548
ריבה,ריבה,iudicium,2,3,361,22548
ריבה,ריבה,supplicium,0,3,1,22548
ריבה,ריבה,aptus,0,3,9,22548
ריבה,ריבה,uisito,0,3,58,22548
ריבה,ריבה,causa,1,3,85,22548
ריבה,ריבה,aequitas,0,3,20,22548
ריבה,ריבה,poena,0,3,5,22548
ריבה,ריבה,res,0,3,159,22548
ריבה,ריבה,negotium,0,3,12,22548
ריח,ריח,odor,46,54,60,22548
ריח,ריח,odoratus,1,54,1,22548
ריח,ריח,olfactus,0,54,0,22548
ריח,ריח,occensus,0,54,0,22548
ריח,ריח,holocaustum,19,54,232,22548
ריק,ריק,inanis,2,44,8,22548
ריק,ריק,uacuus,6,44,30,22548
ריק,ריק,cassus,2,44,7,22548
ריק,ריק,gladius,8,44,353,22548
ריק,ריק,ferrum,0,44,41,22548
ריק,ריק,culter,0,44,5,22548
ריקם,ריקם,inanis,1,16,8,22548
ריקם,ריקם,uacuus,13,16,30,22548
ריקם,ריקם,cassus,0,16,7,22548
ריקמ,ריקם,inanis,1,16,8,22548
ריקמ,ריקם,uacuus,13,16,30,22548
ריקמ,ריקם,cassus,0,16,7,22548
ריש,ריש,uolo,0,7,226,22548
ריש,ריש,difficultas,0,7,2,22548
ריש,ריש,egestas,6,7,23,22548
ריש,ריש,uix,0,7,5,22548
ריש,ריש,paupertas,0,7,8,22548
ריש,ריש,difficilis,0,7,13,22548
ריש,ריש,miser,0,7,7,22548
ריש,ריש,pauper,1,7,150,22548
ריש,ריש,inopia,0,7,11,22548
רך,רך,molleo,0,18,0,22548
רך,רך,molliculus,0,18,0,22548
רכ,רך,molleo,0,18,0,22548
רכב,רכב,ascensor,16,186,16,22548
רכב,רכב,currus,84,186,107,22548
רכב,רכב,iugum,1,186,44,22548
רכב,רכב,quadrigae,5,186,14,22548
רכב,רכב,onusto,0,186,0,22548
רכב,רכב,pello,0,186,2,22548
רכב,רכב,ago,1,186,146,22548
רכב,רכב,fugo,0,186,14,22548
רכב,רכב,impello,0,186,0,22548
רכב,רכב,iter,2,186,78,22548
רכב,רכב,uector,0,186,0,22548
רכב,רכב,equus,52,186,115,22548
רכב,רכב,sonipes,0,186,0,22548
רכב,רכב,eques,37,186,48,22548
רכב,רכב,equitatus,8,186,10,22548
רכב,רכב,equa,0,186,0,22548
רכב,רכב,equi,0,186,0,22548
רכב,רכב,equum,0,186,0,22548
רכב,רכב,equo,0,186,0,22548
רכוש,רכוש,pecunia,0,24,72,22548
רכוש,רכוש,argentum,1,24,189,22548
רכוש,רכוש,nummus,0,24,1,22548
רכוש,רכוש,ops,0,24,13,22548
רכוש,רכוש,bonus,0,24,316,22548
רכוש,רכוש,diuitiae,0,24,64,22548
רכל,רכל,commercium,0,15,0,22548
רכל,רכל,negotiator,8,15,21,22548
רכל,רכל,mercator,0,15,1,22548
רכש,רכש,stercus,0,8,16,22548
רכש,רכש,equus,0,8,115,22548
רכש,רכש,sonipes,0,8,0,22548
רכש,רכש,currus,0,8,107,22548
רכש,רכש,eques,0,8,48,22548
רכש,רכש,equitatus,0,8,10,22548
רכש,רכש,equa,0,8,0,22548
רכש,רכש,equi,0,8,0,22548
רכש,רכש,equum,0,8,0,22548
רכש,רכש,equo,0,8,0,22548
רכש,רכש,saluo,0,8,105,22548
רם,רם,aries,0,0,164,22548
רם,רם,petro,0,0,0,22548
רם,רם,agninus,0,0,0,22548
רם,רם,ouinus,0,0,0,22548
רם,רם,ueruex,0,0,0,22548
רמ,רם,altus,0,0,30,22548
רמ,רם,celsus,0,0,0,22548
רמ,רם,excelsus,0,0,126,22548
רמ,רם,sublimis,0,0,48,22548
רמ,רם,superus,0,0,1,22548
רמ,רם,alo,0,0,13,22548
רמ,רם,summus,0,0,30,22548
רמ,רם,sublimo,0,0,4,22548
רמה,רמה,ducto,0,78,0,22548
רמה,רמה,fallo,0,78,2,22548
רמה,רמה,decipio,2,78,55,22548
רמה,רמה,iacio,0,78,25,22548
רמה,רמה,proicio,1,78,121,22548
רמה,רמה,reiecto,0,78,0,22548
רמה,רמה,altus,0,78,30,22548
רמה,רמה,celsus,0,78,0,22548
רמה,רמה,excelsus,7,78,126,22548
רמה,רמה,sublimis,1,78,48,22548
רמה,רמה,superus,0,78,1,22548
רמה,רמה,alo,0,78,13,22548
רמה,רמה,summus,0,78,30,22548
רמה,רמה,mentior,0,78,24,22548
רמה,רמה,mendacium,0,78,96,22548
רמה,רמה,iaceo,0,78,38,22548
רמה,רמה,dormio,1,78,169,22548
רמות,רמות,altus,0,1,30,22548
רמות,רמות,summus,0,1,30,22548
רמות,רמות,supremus,0,1,0,22548
רמות,רמות,arx,0,1,6,22548
רמות,רמות,altitudo,0,1,59,22548
רמות,רמות,magnitudo,0,1,31,22548
רמח,רמח,hasta,4,14,38,22548
רמח,רמח,quiris,0,14,0,22548
רמיה,רמיה,dolus,4,16,19,22548
רמיה,רמיה,astus,0,16,1,22548
רמיו,רמיו,iacio,0,0,25,22548
רמיו,רמיו,mitto,0,0,653,22548
רמיו,רמיו,peto,0,0,48,22548
רמיו,רמיו,ferio,0,0,19,22548
רמיו,רמיו,icio,0,0,0,22548
רמיו,רמיו,proicio,0,0,121,22548
רמיו,רמיו,eicio,0,0,79,22548
רמיו,רמיו,pono,0,0,697,22548
רמיו,רמיו,loco,0,0,2,22548
רמיו,רמיו,statuo,0,0,62,22548
רמיו,רמיו,colloco,0,0,17,22548
רמיו,רמיו,locus,0,0,513,22548
רמכה,רמכה,equus,0,1,115,22548
רמכה,רמכה,sonipes,0,1,0,22548
רמכה,רמכה,currus,0,1,107,22548
רמכה,רמכה,eques,0,1,48,22548
רמכה,רמכה,equitatus,0,1,10,22548
רמכה,רמכה,equa,0,1,0,22548
רמכה,רמכה,equi,0,1,0,22548
רמכה,רמכה,equum,0,1,0,22548
רמכה,רמכה,equo,0,1,0,22548
רמס,רמס,calco,1,17,11,22548
רמס,רמס,pedum,0,17,0,22548
רמס,רמס,pedes,0,17,12,22548
רמס,רמס,pes,3,17,224,22548
רמש,רמש,pareas,0,28,0,22548
רמש,רמש,uento,0,28,0,22548
רמש,רמש,moueo,15,28,69,22548
רמש,רמש,motus,0,28,7,22548
רמש,רמש,commoueo,1,28,49,22548
רמש,רמש,fera,0,28,3,22548
רמש,רמש,bestia,8,28,81,22548
רמש,רמש,belua,0,28,0,22548
רמש,רמש,ferus,0,28,3,22548
רמש,רמש,iumentum,7,28,117,22548
רמש,רמש,animal,4,28,43,22548
רמש,רמש,probata,0,28,0,22548
רנה,רנה,gaudimonium,0,34,0,22548
רנה,רנה,laetatio,0,34,0,22548
רנה,רנה,festiuitas,0,34,13,22548
רנו,רנו,hilaro,0,0,1,22548
רני,רני,hilaro,0,0,1,22548
רנן,רנן,statim,0,50,88,22548
רנן,רנן,continuus,0,50,0,22548
רנן,רנן,simul,4,50,145,22548
רנן,רנן,hilaro,0,50,1,22548
רנן,רנן,festiuitas,0,50,13,22548
רנן,רנן,quatio,0,50,1,22548
רנן,רנן,concutio,0,50,19,22548
רנן,רנן,quasso,0,50,1,22548
רנת,רנת,indigeo,0,0,25,22548
רע,רע,alius,6,394,217,22548
רע,רע,alter,11,394,212,22548
רע,רע,mutuus,3,394,10,22548
רע,רע,inuicem,5,394,27,22548
רע,רע,socius,3,394,31,22548
רע,רע,comes,0,394,6,22548
רע,רע,amicus,66,394,104,22548
רע,רע,sodalis,1,394,2,22548
רע,רע,commilito,0,394,0,22548
רע,רע,unus,9,394,586,22548
רע,רע,alienus,6,394,158,22548
רע,רע,aliter,0,394,6,22548
רע,רע,quisquam,9,394,119,22548
רע,רע,uitium,1,394,4,22548
רע,רע,scelus,3,394,87,22548
רע,רע,turpitudo,0,394,21,22548
רע,רע,improbus,0,394,1,22548
רע,רע,malus,79,394,201,22548
רע,רע,miseria,1,394,12,22548
רע,רע,calamitas,1,394,11,22548
רע,רע,negotium,0,394,12,22548
רע,רע,noceo,1,394,12,22548
רע,רע,molestia,0,394,1,22548
רע,רע,opera,0,394,4,22548
רע,רע,mala,0,394,0,22548
רע,רע,tribulatio,2,394,68,22548
רע,רע,pastor,2,394,71,22548
רע,רע,opilio,1,394,1,22548
רע,רע,malitia,12,394,66,22548
רע,רע,impius,15,394,235,22548
רע,רע,carus,2,394,4,22548
רע,רע,dilectus,2,394,21,22548
רע,רע,familiaris,0,394,0,22548
רעב,רעב,fames,90,120,97,22548
רעב,רעב,esuries,0,120,1,22548
רעב,רעב,panis,17,120,255,22548
רעב,רעב,mors,7,120,197,22548
רעב,רעב,letum,0,120,0,22548
רעב,רעב,nex,0,120,4,22548
רעב,רעב,defunctus,0,120,0,22548
רעב,רעב,fatum,0,120,0,22548
רעב,רעב,mortis,0,120,0,22548
רעב,רעב,morte,0,120,0,22548
רעב,רעב,mortem,0,120,0,22548
רעבון,רעבון,fames,1,3,97,22548
רעבון,רעבון,esuries,0,3,1,22548
רעד,רעד,tremulus,0,4,0,22548
רעד,רעד,praetrepidus,0,4,0,22548
רעד,רעד,tremor,2,4,8,22548
רעדה,רעדה,tremulus,0,4,0,22548
רעדה,רעדה,praetrepidus,0,4,0,22548
רעדה,רעדה,tremor,3,4,8,22548
רעה,רעה,nosco,3,485,122,22548
רעה,רעה,cognosco,2,485,131,22548
רעה,רעה,scio,13,485,334,22548
רעה,רעה,intellego,5,485,136,22548
רעה,רעה,scientia,2,485,76,22548
רעה,רעה,statuo,0,485,62,22548
רעה,רעה,annus,8,485,571,22548
רעה,רעה,ciuis,0,485,14,22548
רעה,רעה,uitium,0,485,4,22548
רעה,רעה,scelus,5,485,87,22548
רעה,רעה,turpitudo,0,485,21,22548
רעה,רעה,improbus,0,485,1,22548
רעה,רעה,malus,83,485,201,22548
רעה,רעה,miseria,1,485,12,22548
רעה,רעה,calamitas,1,485,11,22548
רעה,רעה,negotium,1,485,12,22548
רעה,רעה,noceo,1,485,12,22548
רעה,רעה,molestia,0,485,1,22548
רעה,רעה,opera,0,485,4,22548
רעה,רעה,mala,0,485,0,22548
רעה,רעה,tribulatio,5,485,68,22548
רעה,רעה,upilio,0,485,0,22548
רעה,רעה,pastor,66,485,71,22548
רעה,רעה,opilio,0,485,1,22548
רעה,רעה,malitia,56,485,66,22548
רעה,רעה,impius,9,485,235,22548
רעה,רעה,manus,33,485,1333,22548
רעה,רעה,arma,1,485,33,22548
רעה,רעה,bracchium,3,485,69,22548
רעות,רעות,pudor,0,15,1,22548
רעות,רעות,turpis,0,15,1,22548
רעות,רעות,unus,1,15,586,22548
רעות,רעות,alienus,0,15,158,22548
רעות,רעות,aliter,0,15,6,22548
רעות,רעות,quisquam,0,15,119,22548
רעות,רעות,alius,0,15,217,22548
רעות,רעות,alter,3,15,212,22548
רעות,רעות,improbus,0,15,1,22548
רעות,רעות,malus,1,15,201,22548
רעות,רעות,miseria,0,15,12,22548
רעות,רעות,calamitas,0,15,11,22548
רעות,רעות,negotium,0,15,12,22548
רעות,רעות,noceo,0,15,12,22548
רעות,רעות,molestia,0,15,1,22548
רעות,רעות,opera,0,15,4,22548
רעות,רעות,mala,0,15,0,22548
רעות,רעות,tribulatio,0,15,68,22548
רעות,רעות,upilio,0,15,0,22548
רעי,רעי,pastor,0,2,71,22548
רעי,רעי,opilio,0,2,1,22548
רעיונ,רעיון,consideratio,0,5,0,22548
רעימ,רעים,pastor,0,0,71,22548
רעימ,רעים,opilio,0,0,1,22548
רעימ,רעים,impius,0,0,235,22548
רעימ,רעים,malus,0,0,201,22548
רעימ,רעים,improbus,0,0,1,22548
רעינ,רעין,consideratio,0,0,0,22548
רעינ,רעין,suspicio,0,0,9,22548
רעל,רעל,corytos,0,2,0,22548
רעל,רעל,pharetra,0,2,0,22548
רעלה,רעלה,uelaris,0,1,0,22548
רעלה,רעלה,obnubo,0,1,0,22548
רעם,רעם,pastor,0,19,71,22548
רעם,רעם,opilio,0,19,1,22548
רעם,רעם,impius,0,19,235,22548
רעם,רעם,malus,0,19,201,22548
רעם,רעם,improbus,0,19,1,22548
רעם,רעם,ouis,0,19,158,22548
רעם,רעם,pecus,0,19,85,22548
רעם,רעם,grex,0,19,160,22548
רעם,רעם,pecuarius,0,19,0,22548
רעמ,רעם,tonitrus,1,19,1,22548
רעמ,רעם,fulmen,0,19,2,22548
רעמ,רעם,tonitruo,0,19,0,22548
רענן,רענן,contumulo,0,18,0,22548
רענן,רענן,silua,0,18,29,22548
רענן,רענן,tignum,0,18,1,22548
רענן,רענן,materia,0,18,1,22548
רענן,רענן,lignum,11,18,254,22548
רענן,רענן,subiecto,0,18,0,22548
רענן,רענן,altus,0,18,30,22548
רענן,רענן,celsus,0,18,0,22548
רענן,רענן,excelsus,3,18,126,22548
רענן,רענן,sublimis,2,18,48,22548
רענן,רענן,superus,0,18,1,22548
רענן,רענן,alo,0,18,13,22548
רענן,רענן,summus,0,18,30,22548
רעע,רעע,impius,1,161,235,22548
רעע,רעע,malus,16,161,201,22548
רעע,רעע,improbus,1,161,1,22548
רעש,רעש,pharetra,0,42,0,22548
רעש,רעש,motus,0,42,7,22548
רעש,רעש,perculsus,0,42,0,22548
רעש,רעש,quatio,0,42,1,22548
רעש,רעש,concutio,5,42,19,22548
רעש,רעש,quasso,0,42,1,22548
רעת,רעת,uitium,0,0,4,22548
רעת,רעת,scelus,0,0,87,22548
רעת,רעת,turpitudo,0,0,21,22548
רעת,רעת,improbus,0,0,1,22548
רעת,רעת,malus,0,0,201,22548
רעת,רעת,miseria,0,0,12,22548
רעת,רעת,calamitas,0,0,11,22548
רעת,רעת,negotium,0,0,12,22548
רעת,רעת,noceo,0,0,12,22548
רעת,רעת,molestia,0,0,1,22548
רעת,רעת,opera,0,0,4,22548
רעת,רעת,mala,0,0,0,22548
רעת,רעת,tribulatio,0,0,68,22548
רעת,רעת,malitia,0,0,66,22548
רפא,רפא,sano,29,62,42,22548
רפא,רפא,curo,10,62,19,22548
רפא,רפא,seruio,0,62,160,22548
רפא,רפא,medeor,1,62,4,22548
רפא,רפא,remedio,0,62,0,22548
רפאים,רפאים,syron,0,26,2,22548
רפאים,רפאים,sapientipotens,0,26,0,22548
רפאים,רפאים,ualles,8,26,114,22548
רפאימ,רפאים,sapientipotens,0,26,0,22548
רפאימ,רפאים,libitinarius,0,26,0,22548
רפה,רפה,sapientipotens,0,56,0,22548
רפידים,רפידים,abito,0,5,9,22548
רפיון,רפיון,despero,0,1,9,22548
רפיון,רפיון,repudiatio,0,1,0,22548
רפף,רפף,quatio,0,1,1,22548
רפף,רפף,concutio,0,1,19,22548
רפף,רפף,quasso,0,1,1,22548
רפש,רפש,pudor,0,3,1,22548
רפש,רפש,turpis,0,3,1,22548
רפת,רפת,maceria,0,0,9,22548
רצ,רץ,curro,0,1,61,22548
רצ,רץ,decurro,0,1,4,22548
רצ,רץ,percurro,0,1,0,22548
רצ,רץ,discurro,0,1,12,22548
רצד,רצד,custodia,0,1,60,22548
רצד,רצד,uigilia,0,1,8,22548
רצד,רצד,praesidium,0,1,26,22548
רצד,רצד,carcer,0,1,47,22548
רצד,רצד,uinculum,0,1,27,22548
רצד,רצד,custos,0,1,73,22548
רצד,רצד,seruo,0,1,66,22548
רצד,רצד,custodio,0,1,267,22548
רצד,רצד,caueo,0,1,38,22548
רצה,רצה,accepto,0,50,0,22548
רצון,רצון,uoluptas,0,52,16,22548
רצון,רצון,gaudium,0,52,59,22548
רצון,רצון,libido,0,52,5,22548
רצון,רצון,delecto,0,52,21,22548
רצון,רצון,iucundus,0,52,1,22548
רצון,רצון,dulcis,0,52,20,22548
רצון,רצון,gaudeo,0,52,34,22548
רצון,רצון,suauis,1,52,41,22548
רצון,רצון,laeto,0,52,85,22548
רצון,רצון,libet,0,52,3,22548
רצון,רצון,laetor,0,52,49,22548
רצון,רצון,ualeo,0,52,38,22548
רצון,רצון,grando,0,52,26,22548
רצון,רצון,fruor,0,52,8,22548
רצון,רצון,laetitia,0,52,61,22548
רצון,רצון,irreprehensus,0,52,0,22548
רצון,רצון,cognobilis,0,52,0,22548
רצון,רצון,ouis,2,52,158,22548
רצון,רצון,pecus,1,52,85,22548
רצון,רצון,grex,0,52,160,22548
רצון,רצון,pecuarius,0,52,0,22548
רצונ,רצון,cognobilis,0,52,0,22548
רצונ,רצון,catulitio,0,52,0,22548
רצונ,רצון,prolubium,0,52,0,22548
רצח,רצח,tollo,0,42,238,22548
רצח,רצח,interficio,5,42,185,22548
רצח,רצח,interfacio,1,42,149,22548
רצח,רצח,occaedes,0,42,26,22548
רצח,רצח,suscipio,0,42,91,22548
רצח,רצח,morior,5,42,469,22548
רצח,רצח,pereo,0,42,156,22548
רצח,רצח,occido,13,42,196,22548
רצח,רצח,cado,0,42,252,22548
רצח,רצח,mors,3,42,197,22548
רצח,רצח,obeo,1,42,6,22548
רצח,רצח,percutio,9,42,489,22548
רצח,רצח,neco,0,42,6,22548
רצח,רצח,deleo,0,42,128,22548
רצח,רצח,perdo,0,42,60,22548
רצח,רצח,disperdo,0,42,76,22548
רצח,רצח,corrumpo,0,42,13,22548
רצח,רצח,caedo,0,42,68,22548
רצח,רצח,letum,0,42,0,22548
רצח,רצח,nex,0,42,4,22548
רצח,רצח,defunctus,0,42,0,22548
רצח,רצח,fatum,0,42,0,22548
רצח,רצח,mortis,0,42,0,22548
רצח,רצח,morte,0,42,0,22548
רצח,רצח,mortem,0,42,0,22548
רצחת,רצחת,cruor,0,0,6,22548
רצף,רצף,carbo,0,4,11,22548
רצף,רצף,anthracitis,0,4,0,22548
רצפה,רצפה,terra,1,10,2254,22548
רצפה,רצפה,tellus,0,10,0,22548
רצפה,רצפה,ager,0,10,214,22548
רצפה,רצפה,peristylium,0,10,0,22548
רק,רק,inanis,0,114,8,22548
רק,רק,uacuus,0,114,30,22548
רק,רק,cassus,0,114,7,22548
רק,רק,solus,7,114,94,22548
רק,רק,unus,4,114,586,22548
רק,רק,modo,0,114,0,22548
רק,רק,saluo,0,114,105,22548
רק,רק,nisi,6,114,96,22548
רק,רק,praeterea,0,114,6,22548
רק,רק,separatim,0,114,3,22548
רקה,רקה,sacer,0,5,4,22548
רקה,רקה,sanctus,0,5,317,22548
רקה,רקה,diuinus,0,5,12,22548
רקה,רקה,templum,0,5,192,22548
רקה,רקה,aedes,0,5,27,22548
רקה,רקה,fanum,0,5,15,22548
רקה,רקה,sancio,0,5,5,22548
רקה,רקה,delubrum,0,5,10,22548
רקה,רקה,templi,0,5,0,22548
רקות,רקות,tenuis,0,0,9,22548
רקח,רקח,aroma,3,12,35,22548
רקח,רקח,cardamomum,0,12,0,22548
רקח,רקח,unguentarius,2,12,2,22548
רקיע,רקיע,materinus,0,14,0,22548
רקיק,רקיק,azymus,8,8,34,22548
רקיק,רקיק,panis,7,8,255,22548
רקיק,רקיק,oleum,6,8,174,22548
רקיק,רקיק,olearius,0,8,0,22548
רקיק,רקיק,olearis,0,8,0,22548
רקם,רקם,detexo,0,15,0,22548
רקם,רקם,lanificium,0,15,0,22548
רקם,רקם,profunditas,0,15,1,22548
רקם,רקם,byssus,0,15,10,22548
רקם,רקם,coccum,3,15,19,22548
רקם,רקם,coccineus,0,15,6,22548
רקם,רקם,panchrus,0,15,0,22548
רקם,רקם,purpureus,0,15,5,22548
רקם,רקם,purpura,6,15,33,22548
רקם,רקם,ostrum,0,15,0,22548
רקמה,רקמה,uarius,3,11,30,22548
רקמה,רקמה,hyacinthus,2,11,32,22548
רקק,רקק,spuo,1,2,2,22548
רקק,רקק,ueru,0,2,0,22548
רקק,רקק,uerubus,0,2,0,22548
רש,רש,possideo,0,0,160,22548
רש,רש,heredito,0,0,13,22548
רשו,רשו,possideo,0,0,160,22548
רשו,רשו,heredito,0,0,13,22548
רשם,רשם,littera,0,0,29,22548
רשם,רשם,censeo,0,0,0,22548
רשם,רשם,scribo,0,0,200,22548
רשם,רשם,contraho,0,0,12,22548
רשע,רשע,iniurius,0,284,0,22548
רשע,רשע,pecco,10,284,182,22548
רשע,רשע,error,0,284,23,22548
רשע,רשע,peccatum,12,284,341,22548
רשע,רשע,peccator,5,284,26,22548
רשע,רשע,peccatrix,0,284,1,22548
רשע,רשע,perducto,0,284,0,22548
רשע,רשע,impius,222,284,235,22548
רשע,רשע,sacrilegus,0,284,1,22548
רשע,רשע,auerto,3,284,85,22548
רשע,רשע,reflecto,0,284,1,22548
רשע,רשע,iudicium,20,284,361,22548
רשע,רשע,iustus,87,284,260,22548
רשע,רשע,ius,0,284,37,22548
רשע,רשע,iustitia,24,284,220,22548
רשע,רשע,dexter,1,284,104,22548
רשע,רשע,aequitas,1,284,20,22548
רשע,רשע,aequus,0,284,22,22548
רשע,רשע,iustifico,5,284,22,22548
רשע,רשע,oportet,0,284,3,22548
רשע,רשע,pulcher,0,284,69,22548
רשע,רשע,mereo,0,284,6,22548
רשע,רשע,dignus,1,284,19,22548
רשע,רשע,rego,2,284,37,22548
רשעה,רשעה,perducto,0,14,0,22548
רשעה,רשעה,auerto,2,14,85,22548
רשעה,רשעה,reflecto,0,14,1,22548
רשעה,רשעה,iudicium,3,14,361,22548
רשעה,רשעה,iustitia,8,14,220,22548
רשעה,רשעה,aequitas,1,14,20,22548
רשעי,רשעי,peccator,0,0,26,22548
רשעי,רשעי,peccatrix,0,0,1,22548
רשעימ,רשעים,peccator,0,0,26,22548
רשעימ,רשעים,peccatrix,0,0,1,22548
רשעימ,רשעים,impius,0,0,235,22548
רשעימ,רשעים,malus,0,0,201,22548
רשעימ,רשעים,improbus,0,0,1,22548
רשעת,רשעת,impietas,0,0,34,22548
רשף,רשף,flamma,0,6,35,22548
רשף,רשף,ignis,1,6,336,22548
רשת,רשת,rete,6,8,17,22548
רשת,רשת,retiolum,0,8,0,22548
רשת,רשת,reticulum,0,8,0,22548
רשת,רשת,laqueus,0,8,36,22548
רשת,רשת,focus,0,8,3,22548
רשת,רשת,possideo,1,8,160,22548
רשת,רשת,heredito,0,8,13,22548
רשת,רשת,hereditas,0,8,125,22548
רשת,רשת,sors,0,8,82,22548
רשת,רשת,praedium,0,8,0,22548
רשת,רשת,possessio,0,8,165,22548
רשת,רשת,aratio,0,8,0,22548
רשת,רשת,sortio,0,8,1,22548
רשת,רשת,decipula,0,8,0,22548
רתח,רתח,incoquo,0,3,0,22548
שא,שא,perspecto,0,0,0,22548
שא,שא,dimitto,0,0,271,22548
שא,שא,relinquo,0,0,119,22548
שא,שא,absoluo,0,0,0,22548
שא,שא,libero,0,0,139,22548
שא,שא,ignosco,0,0,7,22548
שא,שא,permitto,0,0,6,22548
שאב,שאב,aquor,0,18,0,22548
שאב,שאב,fluento,0,18,0,22548
שאב,שאב,bibo,7,18,194,22548
שאב,שאב,poto,0,18,9,22548
שאב,שאב,potus,0,18,27,22548
שאג,שאג,leo,10,15,94,22548
שאג,שאג,scymnus,0,15,0,22548
שאה,שאה,specto,0,6,2,22548
שאה,שאה,contemplor,0,6,1,22548
שאו,שאו,sustollo,0,0,1,22548
שאו,שאו,capio,0,0,207,22548
שאו,שאו,sumo,0,0,94,22548
שאו,שאו,accipio,0,0,247,22548
שאו,שאו,recipio,0,0,37,22548
שאו,שאו,impetro,0,0,1,22548
שאו,שאו,excipio,0,0,19,22548
שאול,שאול,celatum,0,399,0,22548
שאול,שאול,inaspectus,0,399,0,22548
שאול,שאול,pluto,0,399,0,22548
שאול,שאול,plutonis,0,399,0,22548
שאול,שאול,dis,0,399,0,22548
שאול,שאול,orcus,0,399,0,22548
שאול,שאול,iucundo,0,399,0,22548
שאול,שאול,quaero,15,399,249,22548
שאול,שאול,rogo,1,399,51,22548
שאול,שאול,peto,5,399,48,22548
שאול,שאול,rogito,0,399,0,22548
שאול,שאול,amo,0,399,68,22548
שאול,שאול,diligo,7,399,173,22548
שאול,שאול,caritas,0,399,9,22548
שאול,שאול,amor,0,399,13,22548
שאול,שאול,cupido,0,399,2,22548
שאול,שאול,amorem,0,399,0,22548
שאול,שאול,amoris,0,399,0,22548
שאול,שאול,glomeratio,0,399,0,22548
שאט,שאט,indignus,0,3,1,22548
שאט,שאט,contemno,0,3,43,22548
שאט,שאט,despicio,0,3,46,22548
שאט,שאט,sperno,0,3,8,22548
שאט,שאט,respicio,0,3,138,22548
שאיה,שאיה,solitudo,1,1,145,22548
שאל,שאל,celatum,0,159,0,22548
שאל,שאל,inaspectus,0,159,0,22548
שאל,שאל,pluto,0,159,0,22548
שאל,שאל,plutonis,0,159,0,22548
שאל,שאל,dis,0,159,0,22548
שאל,שאל,orcus,0,159,0,22548
שאל,שאל,quaero,10,159,249,22548
שאל,שאל,rogo,9,159,51,22548
שאל,שאל,postulo,18,159,39,22548
שאל,שאל,peto,29,159,48,22548
שאל,שאל,interrogo,48,159,79,22548
שאל,שאל,posco,0,159,0,22548
שאל,שאל,uolo,6,159,226,22548
שאל,שאל,exspecto,0,159,36,22548
שאל,שאל,cupiditas,0,159,1,22548
שאל,שאל,cupio,0,159,15,22548
שאל,שאל,ligo,0,159,42,22548
שאל,שאל,uincio,0,159,35,22548
שאל,שאל,necto,0,159,2,22548
שאל,שאל,opus,1,159,417,22548
שאל,שאל,oro,2,159,95,22548
שאל,שאל,necesse,0,159,10,22548
שאל,שאל,quaeso,0,159,25,22548
שאל,שאל,necessarius,0,159,24,22548
שאל,שאל,obsecro,1,159,73,22548
שאל,שאל,desidero,2,159,42,22548
שאל,שאל,rogito,0,159,0,22548
שאל,שאל,amo,0,159,68,22548
שאל,שאל,diligo,2,159,173,22548
שאל,שאל,caritas,0,159,9,22548
שאל,שאל,amor,0,159,13,22548
שאל,שאל,cupido,0,159,2,22548
שאל,שאל,amorem,0,159,0,22548
שאל,שאל,amoris,0,159,0,22548
שאל,שאל,audio,3,159,927,22548
שאל,שאל,percipio,0,159,13,22548
שאל,שאל,cognosco,2,159,131,22548
שאל,שאל,certus,0,159,10,22548
שאל,שאל,disco,0,159,40,22548
שאלה,שאלה,quaero,0,15,249,22548
שאלה,שאלה,rogo,2,15,51,22548
שאלה,שאלה,postulo,5,15,39,22548
שאלה,שאלה,peto,4,15,48,22548
שאלה,שאלה,interrogo,0,15,79,22548
שאלה,שאלה,posco,0,15,0,22548
שאלה,שאלה,deposco,0,15,0,22548
שאלה,שאלה,efflagitatio,0,15,0,22548
שאלה,שאלה,ligo,0,15,42,22548
שאלה,שאלה,uincio,0,15,35,22548
שאלה,שאלה,necto,0,15,2,22548
שאלה,שאלה,opus,0,15,417,22548
שאלה,שאלה,uolo,0,15,226,22548
שאלה,שאלה,oro,1,15,95,22548
שאלה,שאלה,necesse,0,15,10,22548
שאלה,שאלה,quaeso,0,15,25,22548
שאלה,שאלה,necessarius,0,15,24,22548
שאלה,שאלה,obsecro,1,15,73,22548
שאלה,שאלה,desidero,0,15,42,22548
שאלו,שאלו,quaero,0,0,249,22548
שאלו,שאלו,rogo,0,0,51,22548
שאלו,שאלו,peto,0,0,48,22548
שאלו,שאלו,rogito,0,0,0,22548
שאלו,שאלו,interrogo,0,0,79,22548
שאלו,שאלו,postulo,0,0,39,22548
שאלי,שאלי,quaero,0,0,249,22548
שאלי,שאלי,rogo,0,0,51,22548
שאלי,שאלי,postulo,0,0,39,22548
שאלי,שאלי,peto,0,0,48,22548
שאלי,שאלי,interrogo,0,0,79,22548
שאלי,שאלי,posco,0,0,0,22548
שאלת,שאלת,quaero,0,0,249,22548
שאלת,שאלת,rogo,0,0,51,22548
שאלת,שאלת,postulo,0,0,39,22548
שאלת,שאלת,peto,0,0,48,22548
שאלת,שאלת,interrogo,0,0,79,22548
שאלת,שאלת,posco,0,0,0,22548
שאלת,שאלת,efflagitatio,0,0,0,22548
שאנן,שאנן,irritabilis,0,10,0,22548
שאר,שאר,fermentum,4,170,17,22548
שאר,שאר,camum,0,170,0,22548
שאר,שאר,linquo,0,170,0,22548
שאר,שאר,relinquo,31,170,119,22548
שאר,שאר,desero,0,170,97,22548
שאר,שאר,maneo,1,170,122,22548
שאר,שאר,reliquus,30,170,186,22548
שאר,שאר,ceterus,7,170,56,22548
שאר,שאר,ergo,5,170,727,22548
שאר,שאר,persisto,0,170,0,22548
שאר,שאר,moror,0,170,66,22548
שאר,שאר,sto,2,170,425,22548
שאר,שאר,remaneo,31,170,92,22548
שאר,שאר,exspecto,0,170,36,22548
שאר,שאר,resto,1,170,7,22548
שאר,שאר,caro,13,170,229,22548
שארית,שארית,remansio,0,60,0,22548
שאת,שאת,solitudo,0,6,145,22548
שאת,שאת,fero,1,6,342,22548
שאת,שאת,porto,1,6,176,22548
שאת,שאת,gero,0,6,27,22548
שאת,שאת,affero,0,6,107,22548
שאת,שאת,adduco,0,6,215,22548
שאת,שאת,educo,0,6,242,22548
שאת,שאת,duco,0,6,179,22548
שאת,שאת,induco,0,6,68,22548
שאת,שאת,defero,0,6,42,22548
שאת,שאת,introduco,0,6,83,22548
שאת,שאת,infero,0,6,73,22548
שאת,שאת,offertor,0,6,153,22548
שאת,שאת,ergo,0,6,727,22548
שאת,שאת,hinc,0,6,24,22548
שאת,שאת,igitur,0,6,327,22548
שאת,שאת,propterea,0,6,119,22548
שאת,שאת,ideo,0,6,55,22548
שאת,שאת,pro,0,6,689,22548
שב,שב,euerto,0,5,5,22548
שב,שב,subuerto,0,5,36,22548
שב,שב,auerto,0,5,85,22548
שב,שב,reflecto,0,5,1,22548
שב,שב,senex,4,5,145,22548
שב,שב,auitus,0,5,0,22548
שב,שב,grandaeuus,0,5,0,22548
שב,שב,uetus,0,5,24,22548
שב,שב,antiquus,0,5,40,22548
שב,שב,natus,0,5,2,22548
שב,שב,uetero,0,5,0,22548
שב,שב,conuerto,0,5,187,22548
שב,שב,uiuo,0,5,365,22548
שב,שב,habito,0,5,514,22548
שב,שב,incolo,0,5,3,22548
שב,שב,tergum,0,5,46,22548
שב,שב,redeo,0,5,30,22548
שב,שב,reuorto,0,5,75,22548
שב,שב,reuoco,0,5,7,22548
שב,שב,rursus,0,5,113,22548
שב,שב,legatus,0,5,8,22548
שב,שב,orator,0,5,0,22548
שב,שב,presbyter,0,5,0,22548
שבא,שבא,flamina,0,23,0,22548
שבא,שבא,negotiator,3,23,21,22548
שבא,שבא,mercator,0,23,1,22548
שבה,שבה,conuerto,2,37,187,22548
שבה,שבה,sedeo,0,37,226,22548
שבה,שבה,consido,0,37,2,22548
שבה,שבה,tergum,0,37,46,22548
שבה,שבה,redeo,0,37,30,22548
שבה,שבה,reuorto,1,37,75,22548
שבה,שבה,reuoco,0,37,7,22548
שבה,שבה,rursus,0,37,113,22548
שבו,שבו,iaspachates,0,2,0,22548
שבו,שבו,dendrachates,0,2,0,22548
שבו,שבו,conuerto,0,2,187,22548
שבו,שבו,sedeo,0,2,226,22548
שבו,שבו,consido,0,2,2,22548
שבו,שבו,tergum,0,2,46,22548
שבו,שבו,redeo,0,2,30,22548
שבו,שבו,reuorto,0,2,75,22548
שבו,שבו,reuoco,0,2,7,22548
שבו,שבו,rursus,0,2,113,22548
שבוע,שבוע,hebdomas,0,11,0,22548
שבוע,שבוע,hebdomada,1,11,3,22548
שבוע,שבוע,ferior,0,11,0,22548
שבועה,שבועה,iuro,4,26,132,22548
שבועה,שבועה,adiuro,2,26,22,22548
שבועה,שבועה,iniuro,0,26,0,22548
שבועה,שבועה,iureiuro,0,26,2,22548
שבועה,שבועה,iusiurandum,2,26,6,22548
שבועה,שבועה,sacramentum,0,26,3,22548
שבועה,שבועה,iuramentum,18,26,40,22548
שבועה,שבועה,iurandum,0,26,0,22548
שבועת,שבועת,iusiurandum,0,0,6,22548
שבועת,שבועת,sacramentum,0,0,3,22548
שבועת,שבועת,iuro,0,0,132,22548
שבועת,שבועת,iuramentum,0,0,40,22548
שבועת,שבועת,iurandum,0,0,0,22548
שבות,שבות,transmigratio,0,20,41,22548
שבות,שבות,captiuitas,10,20,64,22548
שבות,שבות,auerto,0,20,85,22548
שבות,שבות,reflecto,0,20,1,22548
שבט,שבט,uirga,34,179,91,22548
שבט,שבט,calamus,0,179,30,22548
שבט,שבט,arbiter,0,179,3,22548
שבט,שבט,fascis,0,179,1,22548
שבט,שבט,tribus,64,179,174,22548
שבט,שבט,gens,3,179,462,22548
שבט,שבט,tributim,0,179,0,22548
שבטי,שבטי,sceptrum,0,0,16,22548
שבטי,שבטי,baculum,0,0,0,22548
שבטי,שבטי,filius,0,0,3345,22548
שבטי,שבטי,natus,0,0,2,22548
שבטי,שבטי,gnatus,0,0,0,22548
שבטי,שבטי,progenies,0,0,12,22548
שבטי,שבטי,proles,0,0,0,22548
שבטי,שבטי,nascor,0,0,103,22548
שבטי,שבטי,filium,0,0,0,22548
שבטי,שבטי,filii,0,0,0,22548
שבטי,שבטי,filio,0,0,0,22548
שבטי,שבטי,tribus,0,0,174,22548
שבטי,שבטי,gens,0,0,462,22548
שבטי,שבטי,tributim,0,0,0,22548
שבי,שבי,transmigratio,4,52,41,22548
שבי,שבי,captiuitas,30,52,64,22548
שבי,שבי,captiuus,6,52,36,22548
שבי,שבי,sedeo,1,52,226,22548
שבי,שבי,consido,0,52,2,22548
שביבינ,שביבין,flamma,0,0,35,22548
שביבינ,שביבין,ignis,0,0,336,22548
שביל,שביל,iter,1,1,78,22548
שביל,שביל,semita,1,1,81,22548
שביל,שביל,uia,1,1,601,22548
שביל,שביל,modus,0,1,46,22548
שביס,שביס,diadema,0,1,13,22548
שביעי,שביעי,septimus,90,93,112,22548
שביעי,שביעי,mensis,26,93,208,22548
שביעת,שביעת,septimus,0,0,112,22548
שבית,שבית,transmigratio,0,4,41,22548
שבית,שבית,captiuitas,2,4,64,22548
שבכה,שבכה,rete,1,12,17,22548
שבכה,שבכה,retiolum,0,12,0,22548
שבכה,שבכה,reticulum,0,12,0,22548
שבכה,שבכה,laqueus,0,12,36,22548
שבל,שבל,colo,0,1,46,22548
שבל,שבל,exerceo,0,1,17,22548
שבל,שבל,exercito,0,1,0,22548
שבל,שבל,doceo,0,1,122,22548
שבל,שבל,educo,0,1,242,22548
שבלת,שבלת,cibus,0,16,99,22548
שבלת,שבלת,frumentum,0,16,54,22548
שבלת,שבלת,seges,0,16,18,22548
שבלת,שבלת,panis,0,16,255,22548
שבלת,שבלת,frumentarius,0,16,0,22548
שבלת,שבלת,triticum,0,16,33,22548
שבלת,שבלת,granum,0,16,2,22548
שבלת,שבלת,esca,0,16,27,22548
שבלת,שבלת,pulcher,2,16,69,22548
שבלת,שבלת,formosus,0,16,0,22548
שבלת,שבלת,bonus,0,16,316,22548
שבלת,שבלת,nobilis,0,16,17,22548
שבלת,שבלת,bene,0,16,65,22548
שבלת,שבלת,ius,0,16,37,22548
שבלת,שבלת,aequus,0,16,22,22548
שבלת,שבלת,speciosus,0,16,24,22548
שבלת,שבלת,ualeo,1,16,38,22548
שבלת,שבלת,posterus,0,16,25,22548
שבלת,שבלת,dexter,0,16,104,22548
שבלת,שבלת,puteus,1,16,37,22548
שבלת,שבלת,bellus,0,16,0,22548
שבלת,שבלת,tenuis,3,16,9,22548
שבלת,שבלת,plenus,3,16,117,22548
שבנא,שבנא,scriba,3,7,41,22548
שבנא,שבנא,amanuensis,0,7,0,22548
שבנא,שבנא,dispensator,0,7,5,22548
שבנה,שבנה,conuerto,0,2,187,22548
שבע,שבע,decem,11,746,184,22548
שבע,שבע,deni,0,746,2,22548
שבע,שבע,duo,31,746,461,22548
שבע,שבע,uter,0,746,5,22548
שבע,שבע,bini,0,746,12,22548
שבע,שבע,septimus,38,746,112,22548
שבע,שבע,uicesimus,11,746,53,22548
שבע,שבע,uiginti,19,746,223,22548
שבע,שבע,uiceni,0,746,0,22548
שבע,שבע,centum,36,746,156,22548
שבע,שבע,septeni,3,746,3,22548
שבע,שבע,hebdomada,2,746,3,22548
שבע,שבע,septingenties,0,746,0,22548
שבע,שבע,septies,0,746,0,22548
שבע,שבע,septingenti,31,746,33,22548
שבע,שבע,farratus,0,746,0,22548
שבע,שבע,iusiurandum,0,746,6,22548
שבע,שבע,sacramentum,0,746,3,22548
שבע,שבע,iuro,115,746,132,22548
שבע,שבע,iuramentum,16,746,40,22548
שבע,שבע,iurandum,0,746,0,22548
שבע,שבע,plenus,25,746,117,22548
שבע,שבע,plenitas,0,746,0,22548
שבע,שבע,tres,24,746,353,22548
שבע,שבע,terni,0,746,1,22548
שבע,שבע,triceni,0,746,0,22548
שבע,שבע,triginta,37,746,146,22548
שבע,שבע,puteus,4,746,37,22548
שבעה,שבעה,rete,0,11,17,22548
שבעה,שבעה,laqueus,0,11,36,22548
שבעה,שבעה,reticulum,0,11,0,22548
שבעה,שבעה,septimus,0,11,112,22548
שבעה,שבעה,uicesimus,0,11,53,22548
שבעה,שבעה,septeni,0,11,3,22548
שבעה,שבעה,hebdomada,0,11,3,22548
שבעה,שבעה,iusiurandum,0,11,6,22548
שבעה,שבעה,sacramentum,0,11,3,22548
שבעה,שבעה,iuro,0,11,132,22548
שבעה,שבעה,iuramentum,0,11,40,22548
שבעה,שבעה,iurandum,0,11,0,22548
שבעה,שבעה,impleo,0,11,171,22548
שבעה,שבעה,compleo,0,11,35,22548
שבעה,שבעה,repleo,2,11,77,22548
שבעה,שבעה,plenitas,0,11,0,22548
שבעי,שבעי,septimus,0,0,112,22548
שבעימ,שבעים,septuaginta,0,0,84,22548
שבעימ,שבעים,septuageni,0,0,0,22548
שבעימ,שבעים,centum,0,0,156,22548
שבעימ,שבעים,septeni,0,0,3,22548
שבעימ,שבעים,hebdomada,0,0,3,22548
שבעימ,שבעים,septingenti,0,0,33,22548
שבעימ,שבעים,septingenties,0,0,0,22548
שבעימ,שבעים,quinquaginta,0,0,118,22548
שבעימ,שבעים,quindecim,0,0,16,22548
שבעימ,שבעים,quinque,0,0,183,22548
שבעת,שבעת,septeni,0,0,3,22548
שבעת,שבעת,hebdomada,0,0,3,22548
שבעת,שבעת,iusiurandum,0,0,6,22548
שבעת,שבעת,sacramentum,0,0,3,22548
שבעת,שבעת,iuro,0,0,132,22548
שבעת,שבעת,iuramentum,0,0,40,22548
שבעת,שבעת,iurandum,0,0,0,22548
שבעת,שבעת,mille,0,0,363,22548
שבעת,שבעת,miliarius,0,0,0,22548
שבעתימ,שבעתים,septeni,0,0,3,22548
שבעתימ,שבעתים,hebdomada,0,0,3,22548
שבץ,שבץ,detexo,0,3,0,22548
שבץ,שבץ,lanificium,0,3,0,22548
שבק,שבק,relinquo,0,2,119,22548
שבק,שבק,dimitto,1,2,271,22548
שבק,שבק,absoluo,0,2,0,22548
שבק,שבק,libero,0,2,139,22548
שבק,שבק,ignosco,0,2,7,22548
שבק,שבק,permitto,0,2,6,22548
שבק,שבק,liceor,0,2,0,22548
שבק,שבק,patior,0,2,36,22548
שבק,שבק,sino,0,2,24,22548
שבק,שבק,concedo,0,2,15,22548
שבק,שבק,linquo,0,2,0,22548
שבק,שבק,desero,0,2,97,22548
שבק,שבק,maneo,0,2,122,22548
שבק,שבק,reliquus,0,2,186,22548
שבר,שבר,emo,14,204,59,22548
שבר,שבר,redimo,0,204,72,22548
שבר,שבר,lustro,0,204,12,22548
שבר,שבר,praestino,0,204,0,22548
שבר,שבר,cibus,5,204,99,22548
שבר,שבר,frumentum,8,204,54,22548
שבר,שבר,seges,0,204,18,22548
שבר,שבר,panis,5,204,255,22548
שבר,שבר,frumentarius,0,204,0,22548
שבר,שבר,triticum,3,204,33,22548
שבר,שבר,granum,0,204,2,22548
שבר,שבר,esca,3,204,27,22548
שבר,שבר,considero,2,204,76,22548
שבר,שבר,existimo,0,204,1,22548
שבר,שבר,conuiso,0,204,0,22548
שבר,שבר,specto,0,204,2,22548
שבר,שבר,contemplor,0,204,1,22548
שבר,שבר,iudico,2,204,181,22548
שבר,שבר,cogito,0,204,92,22548
שבר,שבר,specio,0,204,0,22548
שבר,שבר,fragium,0,204,0,22548
שבר,שבר,gymnicus,0,204,0,22548
שברו,שברו,emo,0,0,59,22548
שברו,שברו,redimo,0,0,72,22548
שברו,שברו,praestino,0,0,0,22548
שבת,שבת,requies,6,148,49,22548
שבת,שבת,conquiesco,0,148,4,22548
שבת,שבת,septimus,17,148,112,22548
שבת,שבת,sedeo,0,148,226,22548
שבת,שבת,consido,0,148,2,22548
שבת,שבת,supprimo,0,148,0,22548
שבת,שבת,habito,4,148,514,22548
שבת,שבת,concesso,0,148,0,22548
שבת,שבת,uiuo,2,148,365,22548
שבת,שבת,incolo,0,148,3,22548
שבת,שבת,quotiens,0,148,3,22548
שבת,שבת,quoniam,1,148,418,22548
שבת,שבת,ulter,0,148,0,22548
שבת,שבת,decoctum,0,148,0,22548
שבת,שבת,decima,1,148,24,22548
שבת,שבת,cesso,18,148,77,22548
שבת,שבת,desino,1,148,13,22548
שבת,שבת,desisto,0,148,2,22548
שבת,שבת,maneo,2,148,122,22548
שבת,שבת,finis,1,148,137,22548
שבת,שבת,septimanus,0,148,0,22548
שבתון,שבתון,requies,5,10,49,22548
שבתון,שבתון,conquiesco,0,10,4,22548
שבתון,שבתון,septimus,6,10,112,22548
שבתון,שבתון,septimanus,0,10,0,22548
שבתונ,שבתון,requies,5,10,49,22548
שבתונ,שבתון,conquiesco,0,10,4,22548
שגב,שגב,altus,0,20,30,22548
שגב,שגב,celsus,0,20,0,22548
שגב,שגב,excelsus,2,20,126,22548
שגב,שגב,sublimis,4,20,48,22548
שגב,שגב,superus,0,20,1,22548
שגב,שגב,alo,0,20,13,22548
שגב,שגב,summus,0,20,30,22548
שגב,שגב,sublimo,0,20,4,22548
שגגה,שגגה,desidero,0,18,42,22548
שגגה,שגגה,erro,0,18,37,22548
שגגה,שגגה,culpa,1,18,7,22548
שגגה,שגגה,desum,0,18,22,22548
שגגה,שגגה,pecco,9,18,182,22548
שגגה,שגגה,error,3,18,23,22548
שגגה,שגגה,peccatum,4,18,341,22548
שגה,שגה,desidero,0,24,42,22548
שגה,שגה,erro,4,24,37,22548
שגה,שגה,culpa,0,24,7,22548
שגה,שגה,desum,0,24,22,22548
שגח,שגח,specto,0,3,2,22548
שגח,שגח,contemplor,0,3,1,22548
שגיא,שגיא,multus,2,7,411,22548
שגיא,שגיא,magnus,6,7,493,22548
שגיא,שגיא,longus,0,7,36,22548
שגיא,שגיא,diu,0,7,1,22548
שגיא,שגיא,procul,0,7,55,22548
שגיא,שגיא,superus,0,7,1,22548
שגיא,שגיא,absum,0,7,16,22548
שגיא,שגיא,summus,0,7,30,22548
שגיא,שגיא,grandis,1,7,104,22548
שגיא,שגיא,uehemens,0,7,16,22548
שגיא,שגיא,oppido,0,7,0,22548
שגיא,שגיא,nimius,0,7,19,22548
שגיאנ,שגיאן,multus,0,0,411,22548
שגיאנ,שגיאן,magnus,0,0,493,22548
שגיאנ,שגיאן,longus,0,0,36,22548
שגיאנ,שגיאן,diu,0,0,1,22548
שגיאנ,שגיאן,procul,0,0,55,22548
שגיאנ,שגיאן,superus,0,0,1,22548
שגיאנ,שגיאן,absum,0,0,16,22548
שגיאנ,שגיאן,summus,0,0,30,22548
שגיאנ,שגיאן,grandis,0,0,104,22548
שגיון,שגיון,querimonia,0,1,3,22548
שגל,שגל,regina,1,2,40,22548
שגל,שגל,diadema,1,2,13,22548
שגל,שגל,regnum,0,2,213,22548
שגל,שגל,palatium,0,2,27,22548
שגל,שגל,amicus,0,2,104,22548
שגל,שגל,domina,0,2,12,22548
שגל,שגל,scortum,0,2,8,22548
שגל,שגל,era,0,2,1,22548
שגעון,שגעון,amissus,0,3,0,22548
שגעון,שגעון,furo,0,3,4,22548
שגעון,שגעון,insanio,0,3,5,22548
שגעון,שגעון,saeuio,0,3,2,22548
שגעון,שגעון,furor,1,3,217,22548
שגעון,שגעון,amentia,2,3,3,22548
שגעון,שגעון,insania,0,3,2,22548
שגר,שגר,armentarius,0,5,1,22548
שגר,שגר,lectica,0,5,1,22548
שגר,שגר,bos,2,5,182,22548
שגר,שגר,iuuencus,0,5,0,22548
שגר,שגר,taurus,0,5,20,22548
שגר,שגר,iumentum,2,5,117,22548
שגר,שגר,uitulus,0,5,128,22548
שגר,שגר,pecus,1,5,85,22548
שגר,שגר,armentum,4,5,70,22548
שגר,שגר,uacca,0,5,10,22548
שגר,שגר,bubulus,0,5,2,22548
שגר,שגר,progenies,0,5,12,22548
שגר,שגר,nepos,0,5,14,22548
שגר,שגר,uterus,0,5,49,22548
שגר,שגר,praecordia,0,5,1,22548
שגר,שגר,ouilis,0,5,0,22548
שגר,שגר,probata,0,5,0,22548
שגר,שגר,ouis,4,5,158,22548
שגר,שגר,grex,4,5,160,22548
שגר,שגר,pecuarius,0,5,0,22548
שד,שד,ager,1,48,214,22548
שד,שד,fundus,0,48,3,22548
שד,שד,campus,0,48,26,22548
שד,שד,praedium,0,48,0,22548
שד,שד,uilla,0,48,38,22548
שד,שד,pectus,0,48,8,22548
שד,שד,pectoralis,0,48,0,22548
שד,שד,cor,0,48,642,22548
שד,שד,pectoris,0,48,0,22548
שד,שד,fragium,0,48,0,22548
שדד,שדד,pereo,1,50,156,22548
שדד,שדד,perdo,1,50,60,22548
שדד,שדד,amitto,0,50,4,22548
שדד,שדד,mors,0,50,197,22548
שדד,שדד,deleo,0,50,128,22548
שדד,שדד,intereo,1,50,35,22548
שדד,שדד,ruina,0,50,51,22548
שדד,שדד,disperdo,0,50,76,22548
שדד,שדד,interfacio,0,50,149,22548
שדד,שדד,morior,1,50,469,22548
שדד,שדד,exitium,0,50,0,22548
שדד,שדד,occido,0,50,196,22548
שדד,שדד,traho,0,50,20,22548
שדד,שדד,rapio,0,50,41,22548
שדה,שדה,ferus,0,297,3,22548
שדה,שדה,saeuus,0,297,1,22548
שדה,שדה,immanis,0,297,0,22548
שדה,שדה,agrius,0,297,0,22548
שדה,שדה,ager,177,297,214,22548
שדה,שדה,fundus,0,297,3,22548
שדה,שדה,campus,6,297,26,22548
שדה,שדה,praedium,0,297,0,22548
שדה,שדה,uilla,5,297,38,22548
שדה,שדה,coniunx,0,297,5,22548
שדה,שדה,muliebris,1,297,7,22548
שדה,שדה,uira,0,297,0,22548
שדה,שדה,femina,0,297,31,22548
שדה,שדה,uxor,11,297,367,22548
שדה,שדה,mulier,8,297,292,22548
שדה,שדה,amicus,0,297,104,22548
שדה,שדה,domina,0,297,12,22548
שדה,שדה,scortum,0,297,8,22548
שדה,שדה,era,0,297,1,22548
שדה,שדה,regina,0,297,40,22548
שדה,שדה,planities,0,297,9,22548
שדה,שדה,campe,0,297,0,22548
שדה,שדה,planus,0,297,9,22548
שדה,שדה,spelunca,8,297,36,22548
שדה,שדה,antrum,1,297,5,22548
שדה,שדה,specus,0,297,3,22548
שדה,שדה,pastus,1,297,6,22548
שדות,שדות,ager,0,0,214,22548
שדות,שדות,fundus,0,0,3,22548
שדות,שדות,campus,0,0,26,22548
שדות,שדות,praedium,0,0,0,22548
שדות,שדות,uilla,0,0,38,22548
שדי,שדי,ferus,0,61,3,22548
שדי,שדי,saeuus,0,61,1,22548
שדי,שדי,immanis,0,61,0,22548
שדי,שדי,agrius,0,61,0,22548
שדי,שדי,ager,9,61,214,22548
שדי,שדי,fundus,0,61,3,22548
שדי,שדי,campus,0,61,26,22548
שדי,שדי,praedium,0,61,0,22548
שדי,שדי,uilla,0,61,38,22548
שדי,שדי,dea,0,61,2,22548
שדי,שדי,caelum,1,61,393,22548
שדי,שדי,caelus,0,61,0,22548
שדי,שדי,hercules,0,61,0,22548
שדי,שדי,deus,29,61,2682,22548
שדי,שדי,deum,0,61,0,22548
שדי,שדי,dei,0,61,0,22548
שדי,שדי,deo,0,61,0,22548
שדי,שדי,numen,0,61,0,22548
שדי,שדי,diuus,0,61,0,22548
שדי,שדי,planities,0,61,9,22548
שדי,שדי,campe,0,61,0,22548
שדי,שדי,planus,0,61,9,22548
שדימ,שדים,subsalsus,0,3,0,22548
שדימ,שדים,diuinitas,0,3,0,22548
שדמה,שדמה,uitis,0,5,11,22548
שדמה,שדמה,mados,0,5,0,22548
שדף,שדף,tenuis,3,3,9,22548
שדר,שדר,iacio,0,0,25,22548
שדר,שדר,mitto,0,0,653,22548
שדר,שדר,peto,0,0,48,22548
שדר,שדר,ferio,0,0,19,22548
שדר,שדר,icio,0,0,0,22548
שדר,שדר,proicio,0,0,121,22548
שדר,שדר,eicio,0,0,79,22548
שדר,שדר,impono,0,0,51,22548
שדר,שדר,reiecto,0,0,0,22548
שה,שה,agnos,0,38,0,22548
שה,שה,agnus,5,38,120,22548
שה,שה,agninus,0,38,0,22548
שה,שה,ouis,18,38,158,22548
שה,שה,pecus,6,38,85,22548
שה,שה,grex,6,38,160,22548
שה,שה,pecuarius,0,38,0,22548
שה,שה,uitulus,0,38,128,22548
שה,שה,iuuencus,0,38,0,22548
שה,שה,iunix,0,38,0,22548
שהד,שהד,testimonium,0,1,151,22548
שהד,שהד,testis,0,1,51,22548
שהד,שהד,perhibeo,0,1,0,22548
שהד,שהד,testor,0,1,1,22548
שהדו,שהדו,testimonium,1,1,151,22548
שהדו,שהדו,testis,1,1,51,22548
שהדו,שהדו,perhibeo,0,1,0,22548
שהדו,שהדו,testor,0,1,1,22548
שהם,שהם,lapis,7,12,216,22548
שהם,שהם,saxum,0,12,12,22548
שהם,שהם,marmor,1,12,4,22548
שהם,שהם,marmoreus,0,12,2,22548
שהם,שהם,gemma,1,12,19,22548
שהם,שהם,petrinus,0,12,0,22548
שהם,שהם,aurum,6,12,229,22548
שהם,שהם,aureus,1,12,142,22548
שוא,שוא,inanis,0,51,8,22548
שוא,שוא,uacuus,1,51,30,22548
שוא,שוא,cassus,2,51,7,22548
שוא,שוא,frustra,19,51,55,22548
שוא,שוא,fallo,0,51,2,22548
שואה,שואה,improbus,0,10,1,22548
שואה,שואה,malus,0,10,201,22548
שואה,שואה,miseria,3,10,12,22548
שואה,שואה,calamitas,5,10,11,22548
שואה,שואה,negotium,0,10,12,22548
שואה,שואה,noceo,0,10,12,22548
שואה,שואה,molestia,0,10,1,22548
שואה,שואה,opera,0,10,4,22548
שואה,שואה,mala,0,10,0,22548
שואה,שואה,tribulatio,1,10,68,22548
שואה,שואה,labor,0,10,78,22548
שואה,שואה,aerumna,0,10,3,22548
שואה,שואה,dolor,0,10,77,22548
שואה,שואה,laboro,0,10,43,22548
שואה,שואה,laboris,0,10,0,22548
שואה,שואה,res,0,10,159,22548
שואה,שואה,causa,0,10,85,22548
שואה,שואה,redeo,0,10,30,22548
שואה,שואה,reuorto,0,10,75,22548
שואה,שואה,uenio,5,10,1274,22548
שוב,שוב,reuerto,0,929,0,22548
שוב,שוב,auerto,45,929,85,22548
שוב,שוב,reflecto,0,929,1,22548
שוב,שוב,conuerto,131,929,187,22548
שוב,שוב,uerutum,0,929,0,22548
שובו,שובו,conuerto,0,0,187,22548
שוה,שוה,planus,0,23,9,22548
שוה,שוה,campus,0,23,26,22548
שוה,שוה,perspicuus,0,23,3,22548
שוה,שוה,delos,0,23,0,22548
שוה,שוה,manifestus,0,23,7,22548
שוה,שוה,clarus,0,23,5,22548
שוה,שוה,planities,0,23,9,22548
שוה,שוה,campe,0,23,0,22548
שוט,שוט,spes,1,27,45,22548
שוט,שוט,spero,0,27,69,22548
שוט,שוט,exspectatio,0,27,8,22548
שומ,שום,pono,0,0,697,22548
שומ,שום,loco,0,0,2,22548
שומ,שום,statuo,0,0,62,22548
שומ,שום,colloco,0,0,17,22548
שומ,שום,locus,0,0,513,22548
שומים,שומים,alum,0,1,0,22548
שומר,שומר,seruo,0,0,66,22548
שומר,שומר,custodio,0,0,267,22548
שומר,שומר,praesidium,0,0,26,22548
שומר,שומר,caueo,0,0,38,22548
שומר,שומר,custos,0,0,73,22548
שונא,שונא,odi,0,0,82,22548
שונא,שונא,odium,0,0,35,22548
שועה,שועה,clamor,9,11,62,22548
שועה,שועה,clamatus,0,11,0,22548
שועל,שועל,uulpis,1,11,2,22548
שועל,שועל,uulpinus,0,11,0,22548
שועת,שועת,indigeo,0,0,25,22548
שועת,שועת,clamor,0,0,62,22548
שועת,שועת,clamatus,0,0,0,22548
שופר,שופר,ala,0,23,45,22548
שופר,שופר,columna,0,23,73,22548
שופר,שופר,penna,0,23,2,22548
שופר,שופר,cornu,1,23,61,22548
שופר,שופר,captiuncula,0,23,0,22548
שופר,שופר,tuba,7,23,58,22548
שופר,שופר,lituus,0,23,0,22548
שופר,שופר,bucina,15,23,37,22548
שופר,שופר,tubula,0,23,0,22548
שוק,שוק,lacertus,0,24,1,22548
שוק,שוק,aruina,0,24,1,22548
שוק,שוק,adeptio,0,24,0,22548
שוקק,שוקק,angustus,0,2,8,22548
שוקק,שוקק,artus,0,2,5,22548
שור,שור,monstrificus,0,98,0,22548
שור,שור,bos,53,98,182,22548
שור,שור,iuuencus,0,98,0,22548
שור,שור,taurus,2,98,20,22548
שור,שור,iumentum,1,98,117,22548
שור,שור,uitulus,0,98,128,22548
שור,שור,pecus,2,98,85,22548
שור,שור,armentum,1,98,70,22548
שור,שור,uacca,1,98,10,22548
שור,שור,bubulus,0,98,2,22548
שור,שור,iunix,0,98,0,22548
שור,שור,taurinus,0,98,0,22548
שור,שור,ouis,20,98,158,22548
שור,שור,grex,0,98,160,22548
שור,שור,pecuarius,0,98,0,22548
שורר,שורר,hostis,0,5,123,22548
שורר,שורר,inimicus,0,5,247,22548
שורר,שורר,infestus,0,5,0,22548
שורר,שורר,hostilis,0,5,8,22548
שוש,שוש,hilaro,0,23,1,22548
שוש,שוש,festiuitas,0,23,13,22548
שושן,שושן,lilium,15,35,25,22548
שושן,שושן,nymphaea,0,35,0,22548
שזר,שזר,profunditas,0,21,1,22548
שזר,שזר,byssus,1,21,10,22548
שזר,שזר,coccum,10,21,19,22548
שזר,שזר,coccineus,0,21,6,22548
שזר,שזר,purpureus,0,21,5,22548
שזר,שזר,purpura,14,21,33,22548
שזר,שזר,ostrum,0,21,0,22548
שח,שח,animus,0,1,39,22548
שח,שח,mens,0,1,38,22548
שח,שח,cogitatio,0,1,90,22548
שח,שח,humilio,0,1,64,22548
שח,שח,cogito,0,1,92,22548
שח,שח,sentio,0,1,12,22548
שח,שח,sapientia,0,1,151,22548
שח,שח,superbia,0,1,63,22548
שח,שח,superbus,0,1,33,22548
שח,שח,adsum,0,1,27,22548
שחד,שחד,donum,2,23,25,22548
שחד,שחד,munus,19,23,91,22548
שחד,שחד,praemium,0,23,3,22548
שחד,שחד,praesens,0,23,76,22548
שחד,שחד,datus,0,23,0,22548
שחד,שחד,iudicium,2,23,361,22548
שחד,שחד,iustus,3,23,260,22548
שחד,שחד,ius,0,23,37,22548
שחד,שחד,iustitia,3,23,220,22548
שחד,שחד,dexter,1,23,104,22548
שחד,שחד,aequitas,0,23,20,22548
שחד,שחד,aequus,0,23,22,22548
שחד,שחד,iustifico,1,23,22,22548
שחד,שחד,oportet,0,23,3,22548
שחד,שחד,pulcher,0,23,69,22548
שחד,שחד,mereo,0,23,6,22548
שחד,שחד,dignus,0,23,19,22548
שחד,שחד,rego,0,23,37,22548
שחה,שחה,structus,0,4,0,22548
שחה,שחה,praenato,0,4,0,22548
שחה,שחה,superenato,0,4,0,22548
שחוק,שחוק,risus,5,16,9,22548
שחוק,שחוק,rideo,2,16,18,22548
שחח,שחח,pauimentum,0,16,12,22548
שחח,שחח,humus,1,16,42,22548
שחח,שחח,humilio,8,16,64,22548
שחח,שחח,altitudo,2,16,59,22548
שחח,שחח,arx,0,16,6,22548
שחט,שחט,caedes,0,74,14,22548
שחט,שחט,plago,0,74,1,22548
שחט,שחט,sanguis,25,74,275,22548
שחט,שחט,mors,0,74,197,22548
שחט,שחט,occaedes,0,74,26,22548
שחט,שחט,interfacio,3,74,149,22548
שחט,שחט,interfectrix,0,74,0,22548
שחט,שחט,impono,0,74,51,22548
שחט,שחט,impetus,0,74,22,22548
שחט,שחט,oppugno,0,74,0,22548
שחט,שחט,uitulus,8,74,128,22548
שחט,שחט,iuuencus,0,74,0,22548
שחט,שחט,iunix,0,74,0,22548
שחט,שחט,macto,8,74,14,22548
שחט,שחט,iugulo,3,74,8,22548
שחט,שחט,immolo,45,74,149,22548
שחין,שחין,incoquo,0,12,0,22548
שחין,שחין,ulcus,8,12,8,22548
שחין,שחין,uulnus,4,12,25,22548
שחין,שחין,plago,0,12,1,22548
שחין,שחין,traho,0,12,20,22548
שחין,שחין,rapio,0,12,41,22548
שחינ,שחין,ulcus,8,12,8,22548
שחינ,שחין,uulnus,4,12,25,22548
שחינ,שחין,plago,0,12,1,22548
שחינ,שחין,traho,0,12,20,22548
שחינ,שחין,rapio,0,12,41,22548
שחלת,שחלת,acerra,0,1,0,22548
שחלת,שחלת,irascor,0,1,98,22548
שחלת,שחלת,furor,0,1,217,22548
שחלת,שחלת,periratus,0,1,0,22548
שחץ,שחץ,magnitudo,0,1,31,22548
שחץ,שחץ,magnanimitas,0,1,0,22548
שחץ,שחץ,altitudo,0,1,59,22548
שחק,שחק,rideo,6,56,18,22548
שחק,שחק,ridere,0,56,0,22548
שחק,שחק,risus,0,56,9,22548
שחק,שחק,derideo,5,56,17,22548
שחק,שחק,irrideo,1,56,5,22548
שחק,שחק,ludus,0,56,0,22548
שחק,שחק,ludo,13,56,20,22548
שחקימ,שחקים,nubes,0,0,99,22548
שחקימ,שחקים,nimbus,0,0,0,22548
שחקימ,שחקים,nebula,0,0,12,22548
שחקימ,שחקים,nubis,0,0,3,22548
שחקימ,שחקים,nubila,0,0,1,22548
שחר,שחר,lux,3,44,82,22548
שחר,שחר,mane,12,44,173,22548
שחר,שחר,aurora,2,44,6,22548
שחר,שחר,eos,0,44,0,22548
שחר,שחר,orientalis,0,44,57,22548
שחר,שחר,matutinus,3,44,24,22548
שחר,שחר,diluculum,7,44,25,22548
שחר,שחר,propediem,0,44,0,22548
שחר,שחר,praematurus,0,44,0,22548
שחת,שחת,pereo,1,144,156,22548
שחת,שחת,perdo,6,144,60,22548
שחת,שחת,amitto,0,144,4,22548
שחת,שחת,mors,1,144,197,22548
שחת,שחת,deleo,8,144,128,22548
שחת,שחת,intereo,0,144,35,22548
שחת,שחת,ruina,0,144,51,22548
שחת,שחת,disperdo,21,144,76,22548
שחת,שחת,interfacio,8,144,149,22548
שחת,שחת,morior,2,144,469,22548
שחת,שחת,exitium,0,144,0,22548
שחת,שחת,occido,7,144,196,22548
שחת,שחת,occidium,0,144,0,22548
שחת,שחת,occaedes,1,144,26,22548
שחת,שחת,corrumpo,4,144,13,22548
שטה,שטה,corruptibilis,0,40,0,22548
שטה,שטה,silua,0,40,29,22548
שטה,שטה,tignum,0,40,1,22548
שטה,שטה,materia,0,40,1,22548
שטה,שטה,lignum,26,40,254,22548
שטן,שטן,aduersarius,6,28,41,22548
שטן,שטן,nuntius,0,28,112,22548
שטן,שטן,legatus,0,28,8,22548
שטן,שטן,angelus,3,28,101,22548
שטנ,שטן,diabolus,0,28,1,22548
שטנ,שטן,prodicius,0,28,0,22548
שטנ,שטן,obiector,0,28,0,22548
שטף,שטף,spes,2,30,45,22548
שטף,שטף,spero,0,30,69,22548
שטף,שטף,exspectatio,0,30,8,22548
שטף,שטף,mors,2,30,197,22548
שטף,שטף,letum,0,30,0,22548
שטף,שטף,nex,0,30,4,22548
שטף,שטף,defunctus,0,30,0,22548
שטף,שטף,fatum,0,30,0,22548
שטף,שטף,mortis,0,30,0,22548
שטף,שטף,morte,0,30,0,22548
שטף,שטף,mortem,0,30,0,22548
שטר,שטר,syllabus,0,25,0,22548
שטר,שטר,inuado,0,25,13,22548
שטר,שטר,pars,1,25,332,22548
שטר,שטר,latus,1,25,111,22548
שטר,שטר,costa,0,25,3,22548
שטר,שטר,scriba,2,25,41,22548
שטר,שטר,amanuensis,0,25,0,22548
שי,שי,ouis,0,3,158,22548
שי,שי,pecus,0,3,85,22548
שי,שי,grex,0,3,160,22548
שי,שי,pecuarius,0,3,0,22548
שיבה,שיבה,senectus,8,21,17,22548
שיבה,שיבה,senium,0,21,0,22548
שיבה,שיבה,aetas,1,21,23,22548
שיבה,שיבה,saeculum,0,21,46,22548
שיבה,שיבה,adulescentia,0,21,42,22548
שיבה,שיבה,iuuentus,0,21,7,22548
שיבה,שיבה,aeuum,0,21,1,22548
שיבה,שיבה,tantus,0,21,17,22548
שיבה,שיבה,celatum,0,21,0,22548
שיבה,שיבה,inaspectus,0,21,0,22548
שיבה,שיבה,pluto,0,21,0,22548
שיבה,שיבה,plutonis,0,21,0,22548
שיבה,שיבה,dis,0,21,0,22548
שיבה,שיבה,orcus,0,21,0,22548
שיבה,שיבה,reddo,0,21,173,22548
שיבה,שיבה,restituo,0,21,39,22548
שיבה,שיבה,deduco,5,21,50,22548
שיבה,שיבה,caesaries,0,21,4,22548
שיבת,שיבת,caesaries,0,0,4,22548
שיד,שיד,puluis,0,4,81,22548
שיזבות,שיזבות,detraho,0,0,55,22548
שיזבות,שיזבות,uerutum,0,0,0,22548
שיח,שיח,garrulitas,0,44,0,22548
שיח,שיח,indigeo,0,44,25,22548
שיחה,שיחה,curo,0,5,19,22548
שיחה,שיחה,cura,0,5,12,22548
שיחו,שיחו,elogio,0,0,0,22548
שיט,שיט,remus,0,1,2,22548
שיט,שיט,tonsa,0,1,0,22548
שיט,שיט,remulus,0,1,0,22548
שיט,שיט,capulus,0,1,2,22548
שיט,שיט,manubriolum,0,1,0,22548
שימ,שים,pono,320,551,697,22548
שימ,שים,loco,0,551,2,22548
שימ,שים,statuo,11,551,62,22548
שימ,שים,colloco,1,551,17,22548
שימ,שים,locus,20,551,513,22548
שימו,שימו,pono,0,0,697,22548
שימו,שימו,loco,0,0,2,22548
שימו,שימו,statuo,0,0,62,22548
שימו,שימו,colloco,0,0,17,22548
שימו,שימו,locus,0,0,513,22548
שיר,שיר,cantus,0,135,0,22548
שיר,שיר,carmen,13,135,23,22548
שיר,שיר,carminis,0,135,0,22548
שיר,שיר,membrum,0,135,7,22548
שיר,שיר,artus,0,135,5,22548
שיר,שיר,hymnus,1,135,7,22548
שיר,שיר,psalmus,11,135,20,22548
שיר,שיר,chelys,0,135,0,22548
שירה,שירה,cantus,0,13,0,22548
שירה,שירה,carmen,5,13,23,22548
שירה,שירה,carminis,0,13,0,22548
שירה,שירה,membrum,0,13,7,22548
שירה,שירה,artus,0,13,5,22548
שירה,שירה,hymnus,0,13,7,22548
שית,שית,spina,6,83,30,22548
שית,שית,siccus,0,83,18,22548
שך,שך,spina,0,2,30,22548
שכב,שכב,somnus,4,189,25,22548
שכב,שכב,dormio,140,189,169,22548
שכב,שכב,supercubo,0,189,0,22548
שכב,שכב,sopio,1,189,2,22548
שכב,שכב,quiesco,4,189,79,22548
שכב,שכב,cubo,2,189,62,22548
שכבה,שכבה,sopio,0,10,2,22548
שכבה,שכבה,quiesco,0,10,79,22548
שכבה,שכבה,somnus,0,10,25,22548
שכבה,שכבה,dormio,2,10,169,22548
שכבה,שכבה,cubo,0,10,62,22548
שכבה,שכבה,immundus,4,10,95,22548
שכבה,שכבה,lectulus,0,10,15,22548
שכבה,שכבה,semen,4,10,186,22548
שכבה,שכבה,stirps,0,10,51,22548
שכבה,שכבה,proles,0,10,0,22548
שכבה,שכבה,semento,0,10,0,22548
שכבי,שכבי,sopio,0,0,2,22548
שכבי,שכבי,quiesco,0,0,79,22548
שכבי,שכבי,somnus,0,0,25,22548
שכבי,שכבי,dormio,0,0,169,22548
שכבי,שכבי,cubo,0,0,62,22548
שכבת,שכבת,sopio,0,4,2,22548
שכבת,שכבת,quiesco,0,4,79,22548
שכבת,שכבת,somnus,0,4,25,22548
שכבת,שכבת,dormio,0,4,169,22548
שכבת,שכבת,cubo,0,4,62,22548
שכבת,שכבת,lectulus,0,4,15,22548
שכבתי,שכבתי,sopio,0,0,2,22548
שכבתי,שכבתי,quiesco,0,0,79,22548
שכבתי,שכבתי,somnus,0,0,25,22548
שכבתי,שכבתי,dormio,0,0,169,22548
שכבתי,שכבתי,cubo,0,0,62,22548
שכוי,שכוי,gallus,1,1,3,22548
שכוי,שכוי,crepitaculum,0,1,0,22548
שכור,שכור,madeo,0,13,2,22548
שכח,שכח,obliuiscor,55,98,64,22548
שכח,שכח,oblitterus,0,98,0,22548
שכח,שכח,lateo,0,98,29,22548
שכח,שכח,fallo,0,98,2,22548
שכיה,שכיה,nauis,1,2,27,22548
שכיה,שכיה,puppis,0,2,0,22548
שכיה,שכיה,carina,0,2,0,22548
שכיה,שכיה,ratis,0,2,2,22548
שכיה,שכיה,classis,0,2,8,22548
שכיה,שכיה,uasum,0,2,0,22548
שכיה,שכיה,naui,0,2,0,22548
שכיה,שכיה,nauem,0,2,0,22548
שכיה,שכיה,nauicula,0,2,0,22548
שכיה,שכיה,scapha,0,2,0,22548
שכין,שכין,gladius,0,1,353,22548
שכין,שכין,ferrum,0,1,41,22548
שכין,שכין,culter,1,1,5,22548
שכיר,שכיר,mercenarius,1,18,1,22548
שכיר,שכיר,merces,4,18,48,22548
שכיר,שכיר,praemium,0,18,3,22548
שכיר,שכיר,stipendium,0,18,0,22548
שכיר,שכיר,gero,0,18,27,22548
שכיר,שכיר,soluo,0,18,36,22548
שכיר,שכיר,reddo,1,18,173,22548
שכיר,שכיר,aduena,3,18,59,22548
שכך,שכך,descendo,0,5,256,22548
שכך,שכך,deicio,0,5,19,22548
שכך,שכך,detexo,0,5,0,22548
שכך,שכך,lanificium,0,5,0,22548
שכל,שכל,prudentia,2,103,43,22548
שכל,שכל,impius,1,103,235,22548
שכל,שכל,malus,6,103,201,22548
שכל,שכל,improbus,0,103,1,22548
שכלות,שכלות,stultitia,1,1,34,22548
שכלות,שכלות,dementia,0,1,0,22548
שכלים,שכלים,orbitas,0,1,0,22548
שכלתי,שכלתי,illiberis,0,0,0,22548
שכלתנו,שכלתנו,prudentia,0,0,43,22548
שכם,שכם,humerus,2,140,12,22548
שכם,שכם,umerus,12,140,27,22548
שכם,שכם,crudus,0,140,2,22548
שכם,שכם,propediem,0,140,0,22548
שכם,שכם,praematurus,0,140,0,22548
שכמ,שכם,humerus,2,140,12,22548
שכמ,שכם,umerus,12,140,27,22548
שכמ,שכם,crudus,0,140,2,22548
שכן,שכן,habito,81,141,514,22548
שכן,שכן,incolo,2,141,3,22548
שכן,שכן,uiuo,1,141,365,22548
שכנ,שכן,interquiesco,0,141,0,22548
שכנ,שכן,habito,81,141,514,22548
שכנה,שכנה,cohabito,0,0,0,22548
שכר,שכר,merces,24,80,48,22548
שכר,שכר,praemium,0,80,3,22548
שכר,שכר,stipendium,0,80,0,22548
שכר,שכר,gero,0,80,27,22548
שכר,שכר,soluo,0,80,36,22548
שכר,שכר,reddo,3,80,173,22548
שכר,שכר,conduco,12,80,20,22548
שכר,שכר,eloco,0,80,0,22548
שכר,שכר,praebibo,0,80,0,22548
שכר,שכר,uinum,24,80,157,22548
שכר,שכר,bacchus,0,80,0,22548
שכר,שכר,uini,0,80,0,22548
שלג,שלג,phocis,0,20,0,22548
שלג,שלג,nix,19,20,20,22548
שלג,שלג,niuit,0,20,0,22548
שלג,שלג,niualis,0,20,0,22548
שלג,שלג,niueus,0,20,0,22548
שלהבת,שלהבת,flamma,1,2,35,22548
שלהבת,שלהבת,ignis,0,2,336,22548
שלו,שלו,cychramus,0,20,0,22548
שלו,שלו,coturnix,3,20,3,22548
שלו,שלו,ortygia,0,20,0,22548
שלוה,שלוה,dolus,0,5,19,22548
שלוה,שלוה,astus,0,5,1,22548
שלוה,שלוה,farratus,0,5,0,22548
שלום,שלום,pax,146,231,173,22548
שלום,שלום,otium,1,231,6,22548
שלום,שלום,quiesco,1,231,79,22548
שלום,שלום,quies,0,231,7,22548
שלומ,שלום,pax,146,231,173,22548
שלומ,שלום,otium,1,231,6,22548
שלומ,שלום,saluus,1,231,64,22548
שלומ,שלום,tueor,0,231,6,22548
שלומ,שלום,salutaris,0,231,4,22548
שלומ,שלום,saluator,0,231,36,22548
שלומ,שלום,salus,2,231,95,22548
שלומ,שלום,ualeo,2,231,38,22548
שלומ,שלום,ualetudo,0,231,0,22548
שלומ,שלום,gaudeo,0,231,34,22548
שלומ,שלום,laetor,0,231,49,22548
שלומ,שלום,laeto,1,231,85,22548
שלומ,שלום,grando,0,231,26,22548
שלומ,שלום,gaudium,3,231,59,22548
שלומ,שלום,fruor,0,231,8,22548
שלומ,שלום,delecto,1,231,21,22548
שלומ,שלום,uoluptas,0,231,16,22548
שלומ,שלום,laetitia,2,231,61,22548
שלוש,שלוש,tres,0,0,353,22548
שלוש,שלוש,terni,0,0,1,22548
שלוש,שלוש,triceni,0,0,0,22548
שלוש,שלוש,triginta,0,0,146,22548
שלוש,שלוש,tertius,0,0,136,22548
שלוש,שלוש,tertio,0,0,0,22548
שלושה,שלושה,tres,0,0,353,22548
שלושה,שלושה,terni,0,0,1,22548
שלושימ,שלושים,triceni,0,0,0,22548
שלושימ,שלושים,triginta,0,0,146,22548
שלח,שלח,mitto,489,806,653,22548
שלח,שלח,dimitto,118,806,271,22548
שלח,שלח,littera,11,806,29,22548
שלח,שלח,aufero,7,806,256,22548
שלח,שלח,transmitto,0,806,9,22548
שלח,שלח,emitto,35,806,36,22548
שלח,שלח,porrigo,0,806,6,22548
שלח,שלח,amando,0,806,0,22548
שלח,שלח,uerutum,0,806,0,22548
שלח,שלח,ergo,71,806,727,22548
שלח,שלח,hinc,0,806,24,22548
שלח,שלח,igitur,20,806,327,22548
שלח,שלח,propterea,2,806,119,22548
שלח,שלח,ideo,4,806,55,22548
שלח,שלח,pro,27,806,689,22548
שלחה,שלחה,mitto,0,0,653,22548
שלחה,שלחה,littera,0,0,29,22548
שלחה,שלחה,dimitto,0,0,271,22548
שלחה,שלחה,aufero,0,0,256,22548
שלחו,שלחו,mitto,0,0,653,22548
שלחו,שלחו,littera,0,0,29,22548
שלחו,שלחו,dimitto,0,0,271,22548
שלחו,שלחו,aufero,0,0,256,22548
שלחו,שלחו,amando,0,0,0,22548
שלחן,שלחן,mensa,55,61,63,22548
שלחן,שלחן,ripa,0,61,17,22548
שלחן,שלחן,tabula,0,61,57,22548
שלחנ,שלחן,unus,5,61,586,22548
שלחנ,שלחן,complures,0,61,0,22548
שלחנ,שלחן,alter,1,61,212,22548
שלחנ,שלחן,quisque,0,61,15,22548
שלחנ,שלחן,mensa,55,61,63,22548
שלחנ,שלחן,ripa,0,61,17,22548
שלחנ,שלחן,tabula,0,61,57,22548
שלחתי,שלחתי,mitto,0,0,653,22548
שלחתי,שלחתי,littera,0,0,29,22548
שלחתי,שלחתי,dimitto,0,0,271,22548
שלחתי,שלחתי,aufero,0,0,256,22548
שלחתי,שלחתי,amando,0,0,0,22548
שלחתמ,שלחתם,mitto,0,0,653,22548
שלחתמ,שלחתם,littera,0,0,29,22548
שלחתמ,שלחתם,dimitto,0,0,271,22548
שלחתמ,שלחתם,aufero,0,0,256,22548
שלט,שלט,clipeus,2,17,36,22548
שלט,שלט,scutum,0,17,28,22548
שלט,שלט,parma,0,17,0,22548
שלט,שלט,aegis,0,17,0,22548
שלטן,שלטן,imperium,0,2,59,22548
שלטן,שלטן,praecipio,0,2,448,22548
שלטן,שלטן,magistratus,2,2,19,22548
שלטנ,שלטן,imperium,0,2,59,22548
שלטנ,שלטן,principium,0,2,57,22548
שלטנ,שלטן,initium,0,2,24,22548
שלטנ,שלטן,magistratus,2,2,19,22548
שלטנ,שלטן,regnum,0,2,213,22548
שלטנ,שלטן,honor,0,2,17,22548
שלטנ,שלטן,ratio,0,2,11,22548
שלטנ,שלטן,officium,0,2,30,22548
שלטנ,שלטן,potestas,1,2,42,22548
שלטנ,שלטן,uis,0,2,73,22548
שלטנ,שלטן,primus,0,2,161,22548
שלטנ,שלטן,auctoritas,0,2,1,22548
שלטנ,שלטן,licentia,0,2,3,22548
שלטני,שלטני,praetor,0,0,0,22548
שלי,שלי,conquiesco,0,4,4,22548
שלי,שלי,quiesco,0,4,79,22548
שלי,שלי,pax,0,4,173,22548
שלי,שלי,otium,0,4,6,22548
שלי,שלי,quies,0,4,7,22548
שליו,שליו,conquiesco,0,8,4,22548
שליו,שליו,quiesco,2,8,79,22548
שליו,שליו,pax,0,8,173,22548
שליו,שליו,otium,0,8,6,22548
שליו,שליו,quies,0,8,7,22548
שליט,שליט,praetor,0,8,0,22548
שליט,שליט,dominicus,0,8,2,22548
שליט,שליט,tyrannus,0,8,7,22548
שליט,שליט,dominor,1,8,50,22548
שליט,שליט,regius,0,8,14,22548
שלישי,שלישי,tertius,65,74,136,22548
שלישי,שלישי,tertio,0,74,0,22548
שלישימ,שלישים,triceni,0,0,0,22548
שלישימ,שלישים,triginta,0,0,146,22548
שלישית,שלישית,tertius,15,19,136,22548
שלישית,שלישית,tertio,0,19,0,22548
שלישית,שלישית,quartus,2,19,70,22548
שלך,שלך,iacio,2,119,25,22548
שלך,שלך,mitto,22,119,653,22548
שלך,שלך,peto,0,119,48,22548
שלך,שלך,ferio,0,119,19,22548
שלך,שלך,icio,0,119,0,22548
שלך,שלך,proicio,67,119,121,22548
שלך,שלך,eicio,0,119,79,22548
שלך,שלך,impono,0,119,51,22548
שלך,שלך,reiecto,0,119,0,22548
שלל,שלל,rapina,1,71,23,22548
שלל,שלל,harpago,0,71,0,22548
שלל,שלל,rapio,1,71,41,22548
שלל,שלל,corripio,1,71,24,22548
שלל,שלל,praeda,34,71,75,22548
שלל,שלל,diripio,13,71,38,22548
שלל,שלל,spolium,28,71,33,22548
שלל,שלל,exuuiae,0,71,1,22548
שלל,שלל,conuelo,0,71,0,22548
שלל,שלל,obnubo,0,71,0,22548
שלם,שלם,incolumitas,0,217,0,22548
שלמ,שלם,uendo,1,217,61,22548
שלמ,שלם,restituo,9,217,39,22548
שלמ,שלם,soluo,2,217,36,22548
שלמ,שלם,trado,4,217,321,22548
שלמ,שלם,redeo,0,217,30,22548
שלמ,שלם,reuorto,1,217,75,22548
שלמ,שלם,stipendium,0,217,0,22548
שלמ,שלם,libero,2,217,139,22548
שלמ,שלם,reddo,55,217,173,22548
שלמ,שלם,pax,9,217,173,22548
שלמ,שלם,otium,0,217,6,22548
שלמ,שלם,pacalis,0,217,0,22548
שלמ,שלם,pacifero,0,217,0,22548
שלמ,שלם,conficio,0,217,10,22548
שלמ,שלם,perficio,2,217,16,22548
שלמה,שלמה,germanus,0,270,1,22548
שלמה,שלמה,rex,92,270,1935,22548
שלמה,שלמה,tyrannus,0,270,7,22548
שלמה,שלמה,dominus,87,270,5912,22548
שלמה,שלמה,princeps,13,270,610,22548
שלמה,שלמה,regis,0,270,0,22548
שלמה,שלמה,regem,0,270,0,22548
שלמה,שלמה,regi,0,270,0,22548
שלמה,שלמה,uestis,4,270,101,22548
שלמה,שלמה,uestimentum,5,270,138,22548
שלמה,שלמה,pallium,3,270,50,22548
שלמה,שלמה,toga,0,270,0,22548
שלמו,שלמו,uendo,0,0,61,22548
שלמו,שלמו,restituo,0,0,39,22548
שלמו,שלמו,soluo,0,0,36,22548
שלמו,שלמו,trado,0,0,321,22548
שלמו,שלמו,redeo,0,0,30,22548
שלמו,שלמו,reuorto,0,0,75,22548
שלמו,שלמו,stipendium,0,0,0,22548
שלמו,שלמו,libero,0,0,139,22548
שלמו,שלמו,reddo,0,0,173,22548
שלמימ,שלמים,incolumitas,0,0,0,22548
שלמת,שלמת,uestis,0,0,101,22548
שלמת,שלמת,uestimentum,0,0,138,22548
שלמת,שלמת,pallium,0,0,50,22548
שלמת,שלמת,toga,0,0,0,22548
שלף,שלף,traho,0,26,20,22548
שלף,שלף,rapio,0,26,41,22548
שלף,שלף,ensiculus,0,26,0,22548
שלף,שלף,ensifer,0,26,0,22548
שלף,שלף,mille,9,26,363,22548
שלף,שלף,miliarius,0,26,0,22548
שלש,שלש,decem,11,517,184,22548
שלש,שלש,deni,0,517,2,22548
שלש,שלש,sexageni,0,517,0,22548
שלש,שלש,sexagenarius,0,517,2,22548
שלש,שלש,quinquaginta,16,517,118,22548
שלש,שלש,quindecim,4,517,16,22548
שלש,שלש,quinque,26,517,183,22548
שלש,שלש,tres,250,517,353,22548
שלש,שלש,terni,1,517,1,22548
שלש,שלש,terdecies,0,517,0,22548
שלש,שלש,tredecim,11,517,13,22548
שלש,שלש,triceni,0,517,0,22548
שלש,שלש,triginta,138,517,146,22548
שלש,שלש,centum,30,517,156,22548
שלש,שלש,treceni,0,517,0,22548
שלש,שלש,trecenti,50,517,53,22548
שלש,שלש,ter,3,517,3,22548
שלש,שלש,tertius,29,517,136,22548
שלש,שלש,tertio,0,517,0,22548
שלשה,שלשה,uicesimus,0,3,53,22548
שלשה,שלשה,tres,0,3,353,22548
שלשה,שלשה,terni,0,3,1,22548
שלשה,שלשה,tertius,0,3,136,22548
שלשה,שלשה,tertio,0,3,0,22548
שלשום,שלשום,hesternus,0,24,2,22548
שלשום,שלשום,tertius,13,24,136,22548
שלשום,שלשום,tertio,0,24,0,22548
שלשומ,שלשום,dies,1,24,1613,22548
שלשומ,שלשום,hodie,1,24,182,22548
שלשומ,שלשום,itis,0,24,0,22548
שלשומ,שלשום,diei,0,24,0,22548
שלשומ,שלשום,lux,0,24,82,22548
שלשומ,שלשום,tertius,13,24,136,22548
שלשומ,שלשום,tertio,0,24,0,22548
שלשי,שלשי,tertius,0,0,136,22548
שלשי,שלשי,tertio,0,0,0,22548
שלשימ,שלשים,centum,0,5,156,22548
שלשימ,שלשים,ducenti,0,5,69,22548
שלשימ,שלשים,duceni,0,5,0,22548
שלשימ,שלשים,duo,0,5,461,22548
שלשימ,שלשים,uter,0,5,5,22548
שלשימ,שלשים,bini,0,5,12,22548
שלשימ,שלשים,septuaginta,0,5,84,22548
שלשימ,שלשים,septuageni,0,5,0,22548
שלשימ,שלשים,uicesimus,0,5,53,22548
שלשימ,שלשים,uiginti,0,5,223,22548
שלשימ,שלשים,uiceni,0,5,0,22548
שלשימ,שלשים,septeni,0,5,3,22548
שלשימ,שלשים,hebdomada,0,5,3,22548
שלשימ,שלשים,octo,0,5,74,22548
שלשימ,שלשים,quinquaginta,0,5,118,22548
שלשימ,שלשים,quindecim,0,5,16,22548
שלשימ,שלשים,quinque,0,5,183,22548
שלשימ,שלשים,quadraginta,0,5,116,22548
שלשימ,שלשים,quattuor,0,5,161,22548
שלשימ,שלשים,tres,0,5,353,22548
שלשימ,שלשים,terni,0,5,1,22548
שלשימ,שלשים,triceni,0,5,0,22548
שלשימ,שלשים,triginta,0,5,146,22548
שלשימ,שלשים,treceni,0,5,0,22548
שלשימ,שלשים,trecenti,0,5,53,22548
שלשימ,שלשים,tertius,4,5,136,22548
שלשימ,שלשים,tertio,0,5,0,22548
שלשימ,שלשים,tripedaneus,0,5,0,22548
שלשית,שלשית,tertius,0,0,136,22548
שלשית,שלשית,tertio,0,0,0,22548
שלשמ,שלשם,dies,0,0,1613,22548
שלשמ,שלשם,hodie,0,0,182,22548
שלשמ,שלשם,itis,0,0,0,22548
שלשמ,שלשם,diei,0,0,0,22548
שלשמ,שלשם,lux,0,0,82,22548
שלשמ,שלשם,tertius,0,0,136,22548
שלשמ,שלשם,tertio,0,0,0,22548
שלשת,שלשת,tres,0,0,353,22548
שלשת,שלשת,terni,0,0,1,22548
שלשת,שלשת,mille,0,0,363,22548
שלשת,שלשת,miliarius,0,0,0,22548
שמ,שם,ibi,325,1430,386,22548
שמ,שם,impono,9,1430,51,22548
שמ,שם,impetus,2,1430,22,22548
שמ,שם,oppugno,0,1430,0,22548
שמ,שם,constituo,17,1430,186,22548
שמ,שם,pono,62,1430,697,22548
שמ,שם,nomen,670,1430,730,22548
שמ,שם,uerbum,29,1430,712,22548
שמ,שם,sermo,20,1430,429,22548
שמ,שם,nomino,12,1430,16,22548
שמ,שם,cognominis,0,1430,0,22548
שמ,שם,caelum,34,1430,393,22548
שמ,שם,caelus,0,1430,0,22548
שמ,שם,hercules,0,1430,0,22548
שמ,שם,polus,0,1430,0,22548
שמ,שם,caeli,0,1430,0,22548
שמ,שם,aether,0,1430,5,22548
שמ,שם,totus,12,1430,177,22548
שמ,שם,uniuersus,53,1430,766,22548
שמ,שם,cunctus,53,1430,551,22548
שמ,שם,omnis,189,1430,3087,22548
שמ,שם,signum,7,1430,116,22548
שמ,שם,symbolus,0,1430,0,22548
שמ,שם,loco,0,1430,2,22548
שמ,שם,statuo,4,1430,62,22548
שמ,שם,colloco,1,1430,17,22548
שמ,שם,locus,129,1430,513,22548
שמ,שם,regio,15,1430,158,22548
שמ,שם,ager,13,1430,214,22548
שמאול,שמאול,sinister,0,0,18,22548
שמאול,שמאול,laeuus,0,0,4,22548
שמאול,שמאול,laeua,0,0,0,22548
שמאל,שמאל,sinister,14,55,18,22548
שמאל,שמאל,laeuus,4,55,4,22548
שמאל,שמאל,laeua,0,55,0,22548
שמאל,שמאל,rex,3,55,1935,22548
שמאל,שמאל,tyrannus,0,55,7,22548
שמאל,שמאל,dominus,7,55,5912,22548
שמאל,שמאל,princeps,1,55,610,22548
שמאל,שמאל,regis,0,55,0,22548
שמאל,שמאל,regem,0,55,0,22548
שמאל,שמאל,regi,0,55,0,22548
שמאל,שמאל,dexter,36,55,104,22548
שמאל,שמאל,ius,0,55,37,22548
שמאלי,שמאלי,sinister,2,9,18,22548
שמאלי,שמאלי,laeuus,1,9,4,22548
שמאלי,שמאלי,laeua,0,9,0,22548
שמאלי,שמאלי,dexter,3,9,104,22548
שמאלי,שמאלי,ius,0,9,37,22548
שמאלי,שמאלי,oleum,2,9,174,22548
שמאלי,שמאלי,olearius,0,9,0,22548
שמאלי,שמאלי,olearis,0,9,0,22548
שמד,שמד,pereo,6,85,156,22548
שמד,שמד,perdo,4,85,60,22548
שמד,שמד,amitto,0,85,4,22548
שמד,שמד,mors,0,85,197,22548
שמד,שמד,deleo,30,85,128,22548
שמד,שמד,intereo,3,85,35,22548
שמד,שמד,ruina,1,85,51,22548
שמד,שמד,disperdo,8,85,76,22548
שמד,שמד,interfacio,2,85,149,22548
שמד,שמד,morior,1,85,469,22548
שמד,שמד,exitium,0,85,0,22548
שמד,שמד,occido,2,85,196,22548
שמה,שמה,ibi,1,47,386,22548
שמה,שמה,solitudo,10,47,145,22548
שמה,שמה,desero,4,47,97,22548
שמה,שמה,pono,11,47,697,22548
שמה,שמה,loco,0,47,2,22548
שמה,שמה,statuo,0,47,62,22548
שמה,שמה,colloco,0,47,17,22548
שמה,שמה,locus,3,47,513,22548
שמו,שמו,pono,0,0,697,22548
שמו,שמו,loco,0,0,2,22548
שמו,שמו,statuo,0,0,62,22548
שמו,שמו,colloco,0,0,17,22548
שמו,שמו,locus,0,0,513,22548
שמונה,שמונה,decem,0,0,184,22548
שמונה,שמונה,deni,0,0,2,22548
שמונה,שמונה,octingenti,0,0,18,22548
שמונה,שמונה,octo,0,0,74,22548
שמונה,שמונה,duodeuicesimus,0,0,0,22548
שמונימ,שמונים,octoginta,0,0,33,22548
שמונימ,שמונים,octogeni,0,0,0,22548
שמונימ,שמונים,octogenarius,0,0,2,22548
שמוע,שמוע,sarcio,0,5,8,22548
שמוע,שמוע,auditio,0,5,6,22548
שמוע,שמוע,auditus,0,5,35,22548
שמוע,שמוע,audio,0,5,927,22548
שמוע,שמוע,exaudio,0,5,135,22548
שמוע,שמוע,ausculto,0,5,17,22548
שמועה,שמועה,nuntius,5,23,112,22548
שמועה,שמועה,renuntio,0,23,8,22548
שמועה,שמועה,auditio,2,23,6,22548
שמועה,שמועה,auditus,9,23,35,22548
שמועה,שמועה,fama,4,23,14,22548
שמועה,שמועה,rumor,1,23,1,22548
שמועה,שמועה,defero,0,23,42,22548
שמועה,שמועה,nuntio,2,23,122,22548
שמור,שמור,seruo,0,0,66,22548
שמור,שמור,custodio,0,0,267,22548
שמור,שמור,praesidium,0,0,26,22548
שמור,שמור,caueo,0,0,38,22548
שמור,שמור,custos,0,0,73,22548
שמות,שמות,nomen,0,0,730,22548
שמות,שמות,uerbum,0,0,712,22548
שמות,שמות,sermo,0,0,429,22548
שמות,שמות,nomino,0,0,16,22548
שמות,שמות,cognominis,0,0,0,22548
שמות,שמות,filius,0,0,3345,22548
שמות,שמות,natus,0,0,2,22548
שמות,שמות,gnatus,0,0,0,22548
שמות,שמות,progenies,0,0,12,22548
שמות,שמות,proles,0,0,0,22548
שמות,שמות,nascor,0,0,103,22548
שמות,שמות,filium,0,0,0,22548
שמות,שמות,filii,0,0,0,22548
שמות,שמות,filio,0,0,0,22548
שמח,שמח,hilaro,0,162,1,22548
שמח,שמח,gaudeo,19,162,34,22548
שמח,שמח,laetor,36,162,49,22548
שמח,שמח,ualeo,0,162,38,22548
שמח,שמח,laeto,69,162,85,22548
שמח,שמח,grando,0,162,26,22548
שמח,שמח,gaudium,7,162,59,22548
שמח,שמח,fruor,2,162,8,22548
שמח,שמח,delecto,2,162,21,22548
שמח,שמח,uoluptas,1,162,16,22548
שמח,שמח,laetitia,7,162,61,22548
שמחה,שמחה,hippegus,0,86,0,22548
שמחה,שמחה,gaudimonium,0,86,0,22548
שמחה,שמחה,festiuitas,0,86,13,22548
שמחה,שמחה,laetitia,51,86,61,22548
שמחה,שמחה,gaudium,34,86,59,22548
שמחו,שמחו,hilaro,0,0,1,22548
שמחימ,שמחים,gaudeo,0,0,34,22548
שמחימ,שמחים,laetor,0,0,49,22548
שמחימ,שמחים,ualeo,0,0,38,22548
שמחימ,שמחים,laeto,0,0,85,22548
שמחימ,שמחים,grando,0,0,26,22548
שמחימ,שמחים,gaudium,0,0,59,22548
שמחימ,שמחים,fruor,0,0,8,22548
שמחימ,שמחים,delecto,0,0,21,22548
שמחימ,שמחים,uoluptas,0,0,16,22548
שמחימ,שמחים,laetitia,0,0,61,22548
שמחת,שמחת,festiuitas,0,0,13,22548
שמט,שמט,postis,0,8,14,22548
שמטה,שמטה,postis,0,4,14,22548
שמי,שמי,aurora,0,5,6,22548
שמי,שמי,mane,0,5,173,22548
שמי,שמי,usque,0,5,812,22548
שמי,שמי,dum,0,5,30,22548
שמי,שמי,quoad,0,5,0,22548
שמי,שמי,donec,0,5,221,22548
שמי,שמי,caelum,0,5,393,22548
שמי,שמי,caelus,0,5,0,22548
שמי,שמי,hercules,0,5,0,22548
שמי,שמי,polus,0,5,0,22548
שמי,שמי,caeli,0,5,0,22548
שמי,שמי,aether,0,5,5,22548
שמי,שמי,supremitas,0,5,0,22548
שמימ,שמים,aurora,0,379,6,22548
שמימ,שמים,mane,2,379,173,22548
שמימ,שמים,usque,18,379,812,22548
שמימ,שמים,dum,0,379,30,22548
שמימ,שמים,quoad,0,379,0,22548
שמימ,שמים,donec,7,379,221,22548
שמימ,שמים,caelum,360,379,393,22548
שמימ,שמים,caelus,0,379,0,22548
שמימ,שמים,hercules,0,379,0,22548
שמימ,שמים,polus,0,379,0,22548
שמימ,שמים,caeli,0,379,0,22548
שמימ,שמים,aether,2,379,5,22548
שמימ,שמים,pono,11,379,697,22548
שמימ,שמים,loco,0,379,2,22548
שמימ,שמים,statuo,1,379,62,22548
שמימ,שמים,colloco,0,379,17,22548
שמימ,שמים,locus,14,379,513,22548
שמין,שמין,dea,0,14,2,22548
שמין,שמין,caelum,14,14,393,22548
שמין,שמין,caelus,0,14,0,22548
שמין,שמין,hercules,0,14,0,22548
שמין,שמין,deus,13,14,2682,22548
שמין,שמין,deum,0,14,0,22548
שמין,שמין,dei,0,14,0,22548
שמין,שמין,deo,0,14,0,22548
שמין,שמין,numen,0,14,0,22548
שמין,שמין,diuus,0,14,0,22548
שמין,שמין,polus,0,14,0,22548
שמין,שמין,caeli,0,14,0,22548
שמין,שמין,aether,0,14,5,22548
שמיני,שמיני,octauus,27,30,35,22548
שמיני,שמיני,mensis,6,30,208,22548
שמיר,שמיר,siccus,0,15,18,22548
שמלה,שמלה,uestis,8,32,101,22548
שמלה,שמלה,uestimentum,13,32,138,22548
שמלה,שמלה,pallium,3,32,50,22548
שמלה,שמלה,toga,0,32,0,22548
שמלת,שמלת,uestis,0,0,101,22548
שמלת,שמלת,uestimentum,0,0,138,22548
שמלת,שמלת,pallium,0,0,50,22548
שמלת,שמלת,toga,0,0,0,22548
שמלת,שמלת,uestitus,0,0,3,22548
שממ,שמם,solitudo,8,74,145,22548
שממ,שמם,desero,11,74,97,22548
שממ,שמם,mictus,0,74,0,22548
שממה,שממה,solitudo,15,48,145,22548
שממה,שממה,desero,17,48,97,22548
שממה,שממה,internecio,0,48,0,22548
שמן,שמן,populus,5,185,1560,22548
שמן,שמן,plebs,0,185,19,22548
שמן,שמן,uulgus,0,185,39,22548
שמן,שמן,terra,8,185,2254,22548
שמן,שמן,contio,0,185,3,22548
שמן,שמן,communis,0,185,9,22548
שמן,שמן,ecclesia,0,185,30,22548
שמן,שמן,ager,3,185,214,22548
שמן,שמן,praepinguis,0,185,0,22548
שמן,שמן,unguinosus,0,185,0,22548
שמן,שמן,opimus,0,185,0,22548
שמן,שמן,oleum,133,185,174,22548
שמן,שמן,olearius,0,185,0,22548
שמן,שמן,olearis,0,185,0,22548
שמנ,שמן,oleum,133,185,174,22548
שמנ,שמן,olearius,0,185,0,22548
שמנ,שמן,olearis,0,185,0,22548
שמנ,שמן,unguentum,13,185,21,22548
שמנה,שמנה,decem,20,138,184,22548
שמנה,שמנה,deni,0,138,2,22548
שמנה,שמנה,uicesimus,0,138,53,22548
שמנה,שמנה,uiginti,14,138,223,22548
שמנה,שמנה,uiceni,0,138,0,22548
שמנה,שמנה,nonagenarius,0,138,1,22548
שמנה,שמנה,nonaginta,4,138,18,22548
שמנה,שמנה,septingenti,1,138,33,22548
שמנה,שמנה,septingenties,0,138,0,22548
שמנה,שמנה,octingenti,15,138,18,22548
שמנה,שמנה,octo,69,138,74,22548
שמנה,שמנה,quinquaginta,1,138,118,22548
שמנה,שמנה,quindecim,1,138,16,22548
שמנה,שמנה,quinque,8,138,183,22548
שמנה,שמנה,quadraginta,8,138,116,22548
שמנה,שמנה,quadrageni,0,138,0,22548
שמנה,שמנה,triceni,0,138,0,22548
שמנה,שמנה,triginta,10,138,146,22548
שמני,שמני,ditiae,0,0,0,22548
שמנימ,שמנים,centum,0,0,156,22548
שמנימ,שמנים,octoginta,0,0,33,22548
שמנימ,שמנים,octogeni,0,0,0,22548
שמנימ,שמנים,octogenarius,0,0,2,22548
שמנימ,שמנים,quinquaginta,0,0,118,22548
שמנימ,שמנים,quindecim,0,0,16,22548
שמנימ,שמנים,quinque,0,0,183,22548
שמע,שמע,sarcio,0,1058,8,22548
שמע,שמע,auditio,5,1058,6,22548
שמע,שמע,auditus,28,1058,35,22548
שמע,שמע,audio,800,1058,927,22548
שמע,שמע,exaudio,70,1058,135,22548
שמע,שמע,ausculto,11,1058,17,22548
שמע,שמע,nomen,37,1058,730,22548
שמע,שמע,uerbum,138,1058,712,22548
שמע,שמע,sermo,68,1058,429,22548
שמע,שמע,nomino,0,1058,16,22548
שמע,שמע,quaero,10,1058,249,22548
שמע,שמע,percipio,11,1058,13,22548
שמע,שמע,rogo,3,1058,51,22548
שמע,שמע,cognosco,12,1058,131,22548
שמע,שמע,peto,2,1058,48,22548
שמע,שמע,certus,1,1058,10,22548
שמע,שמע,interrogo,5,1058,79,22548
שמע,שמע,disco,4,1058,40,22548
שמע,שמע,pareo,2,1058,14,22548
שמעה,שמעה,auditio,0,1,6,22548
שמעה,שמעה,auditus,0,1,35,22548
שמעה,שמעה,audio,0,1,927,22548
שמעה,שמעה,exaudio,0,1,135,22548
שמעה,שמעה,ausculto,0,1,17,22548
שמעו,שמעו,audio,0,0,927,22548
שמעו,שמעו,exaudio,0,0,135,22548
שמעו,שמעו,ausculto,0,0,17,22548
שמעות,שמעות,auditio,0,0,6,22548
שמעות,שמעות,auditus,0,0,35,22548
שמעי,שמעי,audio,8,48,927,22548
שמעי,שמעי,exaudio,0,48,135,22548
שמעי,שמעי,ausculto,0,48,17,22548
שמעימ,שמעים,audio,0,0,927,22548
שמעימ,שמעים,exaudio,0,0,135,22548
שמעימ,שמעים,ausculto,0,0,17,22548
שמעינ,שמעין,audio,0,0,927,22548
שמעינ,שמעין,exaudio,0,0,135,22548
שמעינ,שמעין,ausculto,0,0,17,22548
שמענו,שמענו,audio,0,0,927,22548
שמענו,שמענו,exaudio,0,0,135,22548
שמענו,שמענו,ausculto,0,0,17,22548
שמעת,שמעת,audio,0,1,927,22548
שמעת,שמעת,exaudio,0,1,135,22548
שמעת,שמעת,ausculto,0,1,17,22548
שמעתי,שמעתי,audio,0,1,927,22548
שמעתי,שמעתי,exaudio,0,1,135,22548
שמעתי,שמעתי,ausculto,0,1,17,22548
שמעתמ,שמעתם,audio,0,0,927,22548
שמעתמ,שמעתם,exaudio,0,0,135,22548
שמעתמ,שמעתם,ausculto,0,0,17,22548
שמר,שמר,asseruo,0,445,0,22548
שמר,שמר,seruo,29,445,66,22548
שמר,שמר,conseruo,3,445,5,22548
שמר,שמר,tueor,0,445,6,22548
שמר,שמר,saluus,2,445,64,22548
שמר,שמר,salus,2,445,95,22548
שמר,שמר,libero,0,445,139,22548
שמר,שמר,retineo,0,445,11,22548
שמר,שמר,saluo,1,445,105,22548
שמר,שמר,custodio,227,445,267,22548
שמר,שמר,praesidium,0,445,26,22548
שמר,שמר,caueo,18,445,38,22548
שמר,שמר,custos,52,445,73,22548
שמר,שמר,imperatus,0,445,0,22548
שמרה,שמרה,oculus,1,1,475,22548
שמרה,שמרה,palpebra,0,1,8,22548
שמרה,שמרה,gena,0,1,5,22548
שמרה,שמרה,seruo,0,1,66,22548
שמרה,שמרה,custodio,0,1,267,22548
שמרה,שמרה,praesidium,0,1,26,22548
שמרה,שמרה,caueo,0,1,38,22548
שמרה,שמרה,custos,0,1,73,22548
שמרו,שמרו,seruo,0,0,66,22548
שמרו,שמרו,custodio,0,0,267,22548
שמרו,שמרו,praesidium,0,0,26,22548
שמרו,שמרו,caueo,0,0,38,22548
שמרו,שמרו,custos,0,0,73,22548
שמרי,שמרי,seruo,0,4,66,22548
שמרי,שמרי,custodio,0,4,267,22548
שמרי,שמרי,praesidium,0,4,26,22548
שמרי,שמרי,caueo,0,4,38,22548
שמרי,שמרי,custos,0,4,73,22548
שמרימ,שמרים,custodia,0,1,60,22548
שמרימ,שמרים,uigilia,0,1,8,22548
שמרימ,שמרים,praesidium,0,1,26,22548
שמרימ,שמרים,carcer,0,1,47,22548
שמרימ,שמרים,uinculum,0,1,27,22548
שמרימ,שמרים,custos,0,1,73,22548
שמרת,שמרת,seruo,0,1,66,22548
שמרת,שמרת,custodio,0,1,267,22548
שמרת,שמרת,praesidium,0,1,26,22548
שמרת,שמרת,caueo,0,1,38,22548
שמרת,שמרת,custos,0,1,73,22548
שמרתי,שמרתי,seruo,0,0,66,22548
שמרתי,שמרתי,custodio,0,0,267,22548
שמרתי,שמרתי,praesidium,0,0,26,22548
שמרתי,שמרתי,caueo,0,0,38,22548
שמרתי,שמרתי,custos,0,0,73,22548
שמש,שמש,sol,104,145,131,22548
שמש,שמש,phoebus,0,145,0,22548
שמש,שמש,solis,0,145,0,22548
שמש,שמש,ortus,15,145,42,22548
שמש,שמש,exortiuus,0,145,0,22548
שמשון,שמשון,syron,0,37,2,22548
שמת,שמת,impono,0,0,51,22548
שמת,שמת,impetus,0,0,22,22548
שמת,שמת,oppugno,0,0,0,22548
שמת,שמת,constituo,0,0,186,22548
שמת,שמת,pono,0,0,697,22548
שמת,שמת,nomen,0,0,730,22548
שמת,שמת,uerbum,0,0,712,22548
שמת,שמת,sermo,0,0,429,22548
שמת,שמת,nomino,0,0,16,22548
שמת,שמת,loco,0,0,2,22548
שמת,שמת,statuo,0,0,62,22548
שמת,שמת,colloco,0,0,17,22548
שמת,שמת,locus,0,0,513,22548
שמתי,שמתי,do,0,1,1314,22548
שמתי,שמתי,trado,0,1,321,22548
שמתי,שמתי,dono,0,1,11,22548
שמתי,שמתי,tribuo,0,1,66,22548
שמתי,שמתי,concedo,0,1,15,22548
שמתי,שמתי,soluo,0,1,36,22548
שמתי,שמתי,reddo,0,1,173,22548
שמתי,שמתי,stipendium,0,1,0,22548
שמתי,שמתי,pono,0,1,697,22548
שמתי,שמתי,loco,0,1,2,22548
שמתי,שמתי,statuo,0,1,62,22548
שמתי,שמתי,colloco,0,1,17,22548
שמתי,שמתי,locus,0,1,513,22548
שן,שן,dens,33,52,40,22548
שן,שן,eboreus,0,52,0,22548
שן,שן,ebur,2,52,4,22548
שנ,שן,promunturium,0,52,0,22548
שנ,שן,succinctus,0,52,0,22548
שנ,שן,duo,0,52,461,22548
שנ,שן,uterque,1,52,109,22548
שנ,שן,uter,0,52,5,22548
שנ,שן,bini,0,52,12,22548
שנ,שן,eboreus,0,52,0,22548
שנ,שן,ebur,2,52,4,22548
שנ,שן,uia,0,52,601,22548
שנ,שן,iter,0,52,78,22548
שנ,שן,semita,0,52,81,22548
שנ,שן,modus,1,52,46,22548
שנ,שן,dens,33,52,40,22548
שנא,שנא,odi,75,140,82,22548
שנא,שנא,ingesto,0,140,0,22548
שנא,שנא,hostis,8,140,123,22548
שנא,שנא,inimicus,24,140,247,22548
שנא,שנא,infestus,0,140,0,22548
שנא,שנא,odium,19,140,35,22548
שנאה,שנאה,odium,14,16,35,22548
שנאה,שנאה,simultas,0,16,0,22548
שנאה,שנאה,inimicitia,0,16,4,22548
שנאה,שנאה,odi,5,16,82,22548
שנאו,שנאו,odi,0,0,82,22548
שנאו,שנאו,odium,0,0,35,22548
שנאת,שנאת,odi,0,0,82,22548
שנאת,שנאת,odium,0,0,35,22548
שנאתי,שנאתי,odi,0,0,82,22548
שנאתי,שנאתי,odium,0,0,35,22548
שנה,שנה,annus,540,677,571,22548
שנה,שנה,anni,0,677,0,22548
שנה,שנה,incassus,0,677,0,22548
שנה,שנה,emissicius,0,677,0,22548
שנהבים,שנהבים,eboreus,0,2,0,22548
שנהבים,שנהבים,ebur,1,2,4,22548
שנהבים,שנהבים,elephantus,0,2,0,22548
שנהבים,שנהבים,eburnus,0,2,0,22548
שנות,שנות,annus,0,0,571,22548
שנות,שנות,incassus,0,0,0,22548
שנות,שנות,emissicius,0,0,0,22548
שני,שני,duo,16,190,461,22548
שני,שני,uterque,8,190,109,22548
שני,שני,alter,41,190,212,22548
שני,שני,deinde,0,190,3,22548
שני,שני,iterum,1,190,18,22548
שני,שני,secundo,0,190,0,22548
שני,שני,proximus,2,190,101,22548
שני,שני,secundus,84,190,130,22548
שני,שני,uter,0,190,5,22548
שני,שני,bini,0,190,12,22548
שני,שני,annus,15,190,571,22548
שני,שני,anni,0,190,0,22548
שני,שני,igitur,2,190,327,22548
שני,שני,ergo,2,190,727,22548
שני,שני,incassus,0,190,0,22548
שני,שני,emissicius,0,190,0,22548
שני,שני,coccum,18,190,19,22548
שני,שני,coccineus,4,190,6,22548
שני,שני,dens,0,190,40,22548
שני,שני,filius,37,190,3345,22548
שני,שני,natus,0,190,2,22548
שני,שני,gnatus,0,190,0,22548
שני,שני,progenies,0,190,12,22548
שני,שני,proles,0,190,0,22548
שני,שני,nascor,4,190,103,22548
שני,שני,filium,0,190,0,22548
שני,שני,filii,0,190,0,22548
שני,שני,filio,0,190,0,22548
שנים,שנים,duo,383,658,461,22548
שנים,שנים,uterque,63,658,109,22548
שנים,שנים,uter,1,658,5,22548
שנים,שנים,bini,11,658,12,22548
שנימ,שנים,decem,15,658,184,22548
שנימ,שנים,deni,1,658,2,22548
שנימ,שנים,alter,30,658,212,22548
שנימ,שנים,deinde,0,658,3,22548
שנימ,שנים,iterum,0,658,18,22548
שנימ,שנים,secundo,0,658,0,22548
שנימ,שנים,proximus,4,658,101,22548
שנימ,שנים,secundus,19,658,130,22548
שנימ,שנים,centum,35,658,156,22548
שנימ,שנים,ducenti,11,658,69,22548
שנימ,שנים,duceni,0,658,0,22548
שנימ,שנים,duplus,0,658,4,22548
שנימ,שנים,duplex,5,658,25,22548
שנימ,שנים,duo,383,658,461,22548
שנימ,שנים,uter,1,658,5,22548
שנימ,שנים,bini,11,658,12,22548
שנימ,שנים,duodecim,91,658,98,22548
שנימ,שנים,duodecimus,18,658,18,22548
שנימ,שנים,uncia,0,658,1,22548
שנימ,שנים,uicesimus,11,658,53,22548
שנימ,שנים,uiginti,34,658,223,22548
שנימ,שנים,uiceni,0,658,0,22548
שנימ,שנים,annus,74,658,571,22548
שנימ,שנים,anni,0,658,0,22548
שנימ,שנים,sexageni,0,658,0,22548
שנימ,שנים,sexagenarius,0,658,2,22548
שנימ,שנים,incassus,0,658,0,22548
שנימ,שנים,emissicius,0,658,0,22548
שנימ,שנים,triceni,0,658,0,22548
שנימ,שנים,triginta,36,658,146,22548
שנינ,שנין,differo,0,0,14,22548
שנינ,שנין,dissentio,0,0,1,22548
שנינ,שנין,disto,0,0,0,22548
שנינ,שנין,supero,0,0,19,22548
שנינ,שנין,uinco,0,0,23,22548
שנינ,שנין,intersum,0,0,2,22548
שנינ,שנין,dens,0,0,40,22548
שנינה,שנינה,exprobo,0,4,0,22548
שנינה,שנינה,obicio,0,4,2,22548
שנינה,שנינה,opprobrium,1,4,73,22548
שנינה,שנינה,obiectatio,0,4,0,22548
שנינה,שנינה,exprobro,0,4,32,22548
שנית,שנית,alter,0,0,212,22548
שנית,שנית,deinde,0,0,3,22548
שנית,שנית,iterum,0,0,18,22548
שנית,שנית,secundo,0,0,0,22548
שנית,שנית,proximus,0,0,101,22548
שנית,שנית,secundus,0,0,130,22548
שנית,שנית,unus,0,0,586,22548
שנית,שנית,alienus,0,0,158,22548
שנית,שנית,aliter,0,0,6,22548
שנית,שנית,quisquam,0,0,119,22548
שנית,שנית,alius,0,0,217,22548
שנס,שנס,praecingo,0,1,1,22548
שנת,שנת,annus,0,0,571,22548
שנת,שנת,anni,0,0,0,22548
שנת,שנת,incassus,0,0,0,22548
שנת,שנת,emissicius,0,0,0,22548
שנת,שנת,somnus,0,0,25,22548
שנת,שנת,sopor,0,0,13,22548
שנת,שנת,dormio,0,0,169,22548
שנת,שנת,soporus,0,0,0,22548
שנתימ,שנתים,alter,0,0,212,22548
שנתימ,שנתים,deinde,0,0,3,22548
שנתימ,שנתים,iterum,0,0,18,22548
שנתימ,שנתים,secundo,0,0,0,22548
שנתימ,שנתים,proximus,0,0,101,22548
שנתימ,שנתים,secundus,0,0,130,22548
שנתימ,שנתים,duo,0,0,461,22548
שנתימ,שנתים,uter,0,0,5,22548
שנתימ,שנתים,bini,0,0,12,22548
שנתימ,שנתים,annus,0,0,571,22548
שנתימ,שנתים,incassus,0,0,0,22548
שנתימ,שנתים,emissicius,0,0,0,22548
שסה,שסה,praeda,0,10,75,22548
שסה,שסה,spolium,0,10,33,22548
שסה,שסה,exuuiae,0,10,1,22548
שסס,שסס,rapina,0,5,23,22548
שסס,שסס,harpago,0,5,0,22548
שסס,שסס,rapio,0,5,41,22548
שסס,שסס,corripio,0,5,24,22548
שסס,שסס,praeda,0,5,75,22548
שסס,שסס,diripio,3,5,38,22548
שסע,שסע,educo,0,8,242,22548
שסע,שסע,ungulatus,0,8,0,22548
שסע,שסע,probata,0,8,0,22548
שעה,שעה,suadeo,0,16,2,22548
שעה,שעה,persuadeo,0,16,3,22548
שעה,שעה,pareo,0,16,14,22548
שעה,שעה,oboedio,0,16,38,22548
שעה,שעה,adduco,0,16,215,22548
שעה,שעה,persuasio,0,16,1,22548
שעה,שעה,inductus,0,16,0,22548
שעה,שעה,credo,0,16,59,22548
שעיר,שעיר,capra,1,95,24,22548
שעיר,שעיר,caper,3,95,3,22548
שעיר,שעיר,hircus,7,95,29,22548
שעיר,שעיר,caprinus,0,95,0,22548
שעיר,שעיר,hircinus,0,95,0,22548
שעיר,שעיר,attagus,0,95,0,22548
שעירה,שעירה,capra,2,3,24,22548
שעירה,שעירה,caper,0,3,3,22548
שעירה,שעירה,hircus,0,3,29,22548
שעירה,שעירה,caprinus,0,3,0,22548
שעירה,שעירה,hircinus,0,3,0,22548
שעירה,שעירה,fero,0,3,342,22548
שעירה,שעירה,porto,0,3,176,22548
שעירה,שעירה,gero,0,3,27,22548
שעירה,שעירה,affero,0,3,107,22548
שעירה,שעירה,adduco,0,3,215,22548
שעירה,שעירה,educo,0,3,242,22548
שעירה,שעירה,duco,0,3,179,22548
שעירה,שעירה,induco,0,3,68,22548
שעירה,שעירה,defero,0,3,42,22548
שעירה,שעירה,introduco,0,3,83,22548
שעירה,שעירה,infero,0,3,73,22548
שעירה,שעירה,offertor,2,3,153,22548
שער,שער,uillus,0,338,0,22548
שער,שער,crinis,1,338,7,22548
שער,שער,come,0,338,0,22548
שער,שער,capillus,12,338,21,22548
שער,שער,caesaries,3,338,4,22548
שער,שער,porta,237,338,286,22548
שער,שער,ianua,9,338,13,22548
שער,שער,fores,4,338,12,22548
שער,שער,foras,1,338,27,22548
שער,שער,ostium,17,338,132,22548
שער,שער,foris,7,338,62,22548
שער,שער,limen,6,338,18,22548
שער,שער,coma,1,338,9,22548
שער,שער,comae,0,338,0,22548
שער,שער,urbs,19,338,346,22548
שער,שער,ciuitas,35,338,683,22548
שער,שער,oppidum,2,338,46,22548
שער,שער,moenia,0,338,5,22548
שער,שער,publicus,1,338,7,22548
שער,שער,athenae,0,338,0,22548
שער,שער,municipium,0,338,0,22548
שער,שער,urbem,0,338,0,22548
שער,שער,urbis,0,338,0,22548
שער,שער,portae,0,338,0,22548
שער,שער,tribus,3,338,174,22548
שער,שער,gens,5,338,462,22548
שער,שער,tributim,0,338,0,22548
שער,שער,iuba,0,338,0,22548
שערה,שערה,hordeum,26,40,28,22548
שערה,שערה,hordeius,0,40,0,22548
שערה,שערה,iudico,0,40,181,22548
שערה,שערה,decerno,0,40,23,22548
שערה,שערה,iudex,0,40,63,22548
שערה,שערה,iudicium,0,40,361,22548
שערה,שערה,reciperator,0,40,0,22548
שערה,שערה,statuo,0,40,62,22548
שערה,שערה,crinis,0,40,7,22548
שערה,שערה,come,0,40,0,22548
שערה,שערה,capillus,6,40,21,22548
שערה,שערה,caesaries,0,40,4,22548
שערה,שערה,porta,2,40,286,22548
שערה,שערה,ianua,0,40,13,22548
שערה,שערה,fores,0,40,12,22548
שערה,שערה,limen,0,40,18,22548
שערה,שערה,ostium,0,40,132,22548
שערה,שערה,portae,0,40,0,22548
שערות,שערות,crinis,0,0,7,22548
שערות,שערות,come,0,0,0,22548
שערות,שערות,capillus,0,0,21,22548
שערות,שערות,caesaries,0,0,4,22548
שערי,שערי,porta,0,0,286,22548
שערי,שערי,ianua,0,0,13,22548
שערי,שערי,fores,0,0,12,22548
שערי,שערי,limen,0,0,18,22548
שערי,שערי,ostium,0,0,132,22548
שערי,שערי,portae,0,0,0,22548
שערימ,שערים,hordeum,0,3,28,22548
שערימ,שערים,hordeius,0,3,0,22548
שערימ,שערים,porta,1,3,286,22548
שערימ,שערים,ianua,0,3,13,22548
שערימ,שערים,fores,0,3,12,22548
שערימ,שערים,limen,0,3,18,22548
שערימ,שערים,ostium,0,3,132,22548
שערימ,שערים,portae,0,3,0,22548
שעשע,שעשע,declamatio,0,0,0,22548
שעת,שעת,hora,0,0,14,22548
שעת,שעת,tempus,0,0,407,22548
שעת,שעת,prospicus,0,0,0,22548
שעתה,שעתה,hora,0,0,14,22548
שעתה,שעתה,tempus,0,0,407,22548
שעתה,שעתה,prospicus,0,0,0,22548
שפה,שפה,aurum,2,161,229,22548
שפה,שפה,os,33,161,459,22548
שפה,שפה,labium,112,161,123,22548
שפה,שפה,labrum,1,161,8,22548
שפה,שפה,osculum,0,161,4,22548
שפוט,שפוט,sententia,0,1,30,22548
שפוט,שפוט,iudicium,1,1,361,22548
שפוט,שפוט,consilium,0,1,139,22548
שפוט,שפוט,animus,0,1,39,22548
שפוט,שפוט,mens,0,1,38,22548
שפוט,שפוט,opinio,0,1,0,22548
שפוט,שפוט,existimo,0,1,1,22548
שפוט,שפוט,censeo,0,1,0,22548
שפוט,שפוט,sentio,0,1,12,22548
שפוט,שפוט,existimatio,0,1,0,22548
שפחה,שפחה,famula,3,58,13,22548
שפחה,שפחה,ancilla,46,58,91,22548
שפחה,שפחה,ministra,0,58,0,22548
שפחה,שפחה,adulescentula,0,58,4,22548
שפחות,שפחות,adulescentula,0,0,4,22548
שפחת,שפחת,seruus,0,0,607,22548
שפחת,שפחת,famulus,0,0,31,22548
שפחת,שפחת,mancipium,0,0,1,22548
שפחת,שפחת,seruio,0,0,160,22548
שפחת,שפחת,seruitium,0,0,0,22548
שפחת,שפחת,puer,0,0,220,22548
שפחת,שפחת,adulescentula,0,0,4,22548
שפט,שפט,scriba,0,197,41,22548
שפט,שפט,amanuensis,0,197,0,22548
שפט,שפט,iudex,48,197,63,22548
שפט,שפט,iudico,113,197,181,22548
שפט,שפט,decerno,2,197,23,22548
שפט,שפט,uerutum,0,197,0,22548
שפט,שפט,hordeum,0,197,28,22548
שפט,שפט,hordeius,0,197,0,22548
שפט,שפט,iudicium,38,197,361,22548
שפט,שפט,reciperator,0,197,0,22548
שפט,שפט,statuo,1,197,62,22548
שפט,שפט,arbiter,1,197,3,22548
שפטו,שפטו,iudico,0,0,181,22548
שפטו,שפטו,decerno,0,0,23,22548
שפטו,שפטו,iudex,0,0,63,22548
שפטו,שפטו,iudicium,0,0,361,22548
שפטו,שפטו,reciperator,0,0,0,22548
שפטו,שפטו,statuo,0,0,62,22548
שפטימ,שפטים,arbiter,0,0,3,22548
שפי,שפי,uestigium,0,10,30,22548
שפיפן,שפיפן,draco,0,1,25,22548
שפיפן,שפיפן,serpens,0,1,19,22548
שפיפן,שפיפן,anguis,0,1,0,22548
שפיפן,שפיפן,coluber,1,1,10,22548
שפך,שפך,effundo,72,106,112,22548
שפך,שפך,offundo,0,106,0,22548
שפך,שפך,defundo,0,106,0,22548
שפך,שפך,animus,0,106,39,22548
שפך,שפך,spiritus,2,106,241,22548
שפך,שפך,furor,12,106,217,22548
שפך,שפך,ira,7,106,119,22548
שפך,שפך,cor,5,106,642,22548
שפך,שפך,pectus,0,106,8,22548
שפך,שפך,amor,0,106,13,22548
שפך,שפך,mens,0,106,38,22548
שפך,שפך,libido,0,106,5,22548
שפך,שפך,pectoralis,0,106,0,22548
שפך,שפך,animi,0,106,0,22548
שפכ,שפך,effundo,72,106,112,22548
שפכ,שפך,offundo,0,106,0,22548
שפכ,שפך,defundo,0,106,0,22548
שפכה,שפכה,effundo,0,1,112,22548
שפכה,שפכה,offundo,0,1,0,22548
שפכה,שפכה,defundo,0,1,0,22548
שפכו,שפכו,effundo,0,0,112,22548
שפכו,שפכו,offundo,0,0,0,22548
שפכו,שפכו,defundo,0,0,0,22548
שפל,שפל,humilis,16,43,34,22548
שפל,שפל,humilio,22,43,64,22548
שפל,שפל,altus,0,43,30,22548
שפל,שפל,celsus,0,43,0,22548
שפל,שפל,excelsus,6,43,126,22548
שפל,שפל,sublimis,9,43,48,22548
שפל,שפל,superus,0,43,1,22548
שפל,שפל,alo,0,43,13,22548
שפל,שפל,summus,0,43,30,22548
שפלה,שפלה,montanus,7,20,21,22548
שפלה,שפלה,campus,0,20,26,22548
שפלה,שפלה,planities,2,20,9,22548
שפלה,שפלה,campe,0,20,0,22548
שפלה,שפלה,planus,1,20,9,22548
שפלה,שפלה,humilis,1,20,34,22548
שפן,שפן,tego,0,28,33,22548
שפן,שפן,uelo,0,28,5,22548
שפן,שפן,operio,0,28,159,22548
שפע,שפע,auctus,0,1,0,22548
שפע,שפע,inuidentia,0,1,0,22548
שפעה,שפעה,missa,0,5,0,22548
שפק,שפק,satis,0,5,13,22548
שפק,שפק,supersum,0,5,18,22548
שפר,שפר,placeo,0,4,142,22548
שפר,שפר,tuba,0,4,58,22548
שפר,שפר,lituus,0,4,0,22548
שפר,שפר,bucina,0,4,37,22548
שפר,שפר,tubula,0,4,0,22548
שפרפר,שפרפר,lux,0,0,82,22548
שפרפר,שפרפר,mane,0,0,173,22548
שפרפר,שפרפר,aurora,0,0,6,22548
שפרפר,שפרפר,eos,0,0,0,22548
שפרפר,שפרפר,orientalis,0,0,57,22548
שפרפר,שפרפר,matutinus,0,0,24,22548
שפרפר,שפרפר,propediem,0,0,0,22548
שפרפר,שפרפר,praematurus,0,0,0,22548
שפת,שפת,labium,0,4,123,22548
שפת,שפת,labrum,0,4,8,22548
שפתות,שפתות,labium,0,0,123,22548
שפתות,שפתות,labrum,0,0,8,22548
שפתי,שפתי,labium,0,0,123,22548
שפתי,שפתי,labrum,0,0,8,22548
שפתימ,שפתים,labium,1,2,123,22548
שפתימ,שפתים,labrum,0,2,8,22548
שק,שק,crus,0,46,5,22548
שק,שק,internodium,0,46,0,22548
שק,שק,euerto,0,46,5,22548
שק,שק,diruo,0,46,3,22548
שק,שק,subuerto,0,46,36,22548
שק,שק,destruo,0,46,73,22548
שק,שק,depopulor,0,46,7,22548
שק,שק,uasto,1,46,45,22548
שק,שק,diripio,0,46,38,22548
שק,שק,populor,0,46,0,22548
שק,שק,cilicium,14,46,14,22548
שק,שק,saccus,30,46,40,22548
שק,שק,sura,0,46,1,22548
שק,שק,uestis,3,46,101,22548
שק,שק,uestimentum,8,46,138,22548
שק,שק,pallium,0,46,50,22548
שק,שק,toga,0,46,0,22548
שק,שק,inicio,0,46,0,22548
שקה,שקה,praegustator,0,62,0,22548
שקה,שקה,madefacto,0,62,0,22548
שקוץ,שקוץ,idolum,5,23,61,22548
שקוץ,שקוץ,simulacrum,1,23,27,22548
שקוץ,שקוץ,imaginis,0,23,0,22548
שקוץ,שקוץ,umbra,0,23,55,22548
שקוץ,שקוץ,imago,1,23,16,22548
שקוץ,שקוץ,abominatio,13,23,86,22548
שקוצ,שקוץ,abominatio,13,23,86,22548
שקוצימ,שקוצים,abominatio,0,0,86,22548
שקימ,שקים,cilicium,0,0,14,22548
שקימ,שקים,saccus,0,0,40,22548
שקל,שקל,sicilicus,0,72,0,22548
שקל,שקל,sisto,0,72,0,22548
שקל,שקל,sto,0,72,425,22548
שקל,שקל,constituo,0,72,186,22548
שקל,שקל,erigo,0,72,60,22548
שקל,שקל,ungulus,0,72,0,22548
שקל,שקל,pecunia,2,72,72,22548
שקל,שקל,argenteus,16,72,78,22548
שקל,שקל,nummus,0,72,1,22548
שקל,שקל,argentum,22,72,189,22548
שקל,שקל,septuaginta,14,72,84,22548
שקל,שקל,septuageni,0,72,0,22548
שקל,שקל,centum,16,72,156,22548
שקל,שקל,oleum,13,72,174,22548
שקל,שקל,olearius,0,72,0,22548
שקל,שקל,olearis,0,72,0,22548
שקל,שקל,triceni,0,72,0,22548
שקל,שקל,triginta,18,72,146,22548
שקף,שקף,fenestra,7,23,29,22548
שקף,שקף,specularis,0,23,0,22548
שקץ,שקץ,immundus,2,15,95,22548
שקץ,שקץ,abominatio,3,15,86,22548
שקץ,שקץ,pareas,0,15,0,22548
שקצ,שקץ,idolum,0,15,61,22548
שקצ,שקץ,simulacrum,0,15,27,22548
שקצ,שקץ,imaginis,0,15,0,22548
שקצ,שקץ,umbra,0,15,55,22548
שקצ,שקץ,imago,0,15,16,22548
שקק,שקק,ruo,1,4,18,22548
שקק,שקק,irruo,0,4,29,22548
שקק,שקק,impetum facio,0,4,0,22548
שקק,שקק,feror,0,4,0,22548
שקק,שקק,proficiscor,0,4,79,22548
שקר,שקר,iniquitas,4,113,339,22548
שקר,שקר,iniustus,0,113,4,22548
שקר,שקר,iniquus,1,113,41,22548
שקר,שקר,iniuria,0,113,10,22548
שקר,שקר,perducto,0,113,0,22548
שקר,שקר,fallo,0,113,2,22548
שר,שר,nuntius,2,357,112,22548
שר,שר,legatus,0,357,8,22548
שר,שר,angelus,3,357,101,22548
שר,שר,exitium,0,357,0,22548
שר,שר,perditio,0,357,22,22548
שר,שר,praegustator,0,357,0,22548
שר,שר,archiereus,0,357,0,22548
שר,שר,praetor,0,357,0,22548
שר,שר,exercitus,45,357,467,22548
שר,שר,copia,0,357,6,22548
שר,שר,uis,1,357,73,22548
שר,שר,uirtus,0,357,28,22548
שר,שר,imperium,3,357,59,22548
שר,שר,potentia,0,357,17,22548
שר,שר,cogo,0,357,17,22548
שר,שר,opis,0,357,0,22548
שר,שר,robur,0,357,46,22548
שר,שר,fortitudo,3,357,232,22548
שר,שר,potestas,0,357,42,22548
שר,שר,princeps,285,357,610,22548
שר,שר,dominator,0,357,17,22548
שר,שר,duco,6,357,179,22548
שר,שר,praecedo,0,357,44,22548
שר,שר,credo,1,357,59,22548
שר,שר,considero,1,357,76,22548
שר,שר,existimo,0,357,1,22548
שר,שר,iudico,1,357,181,22548
שר,שר,teneo,4,357,116,22548
שר,שר,praesertim,0,357,7,22548
שר,שר,magnus,15,357,493,22548
שר,שר,dux,30,357,155,22548
שר,שר,praecipuus,0,357,3,22548
שר,שר,maximus,0,357,0,22548
שר,שר,communis,0,357,9,22548
שר,שר,imperator,0,357,1,22548
שר,שר,periscelis,0,357,1,22548
שרביט,שרביט,bacillum,0,3,0,22548
שרביט,שרביט,sceptrum,1,3,16,22548
שרביט,שרביט,baculum,0,3,0,22548
שרי,שרי,praetor,0,16,0,22548
שרי,שרי,duco,1,16,179,22548
שרי,שרי,praecedo,0,16,44,22548
שרי,שרי,credo,0,16,59,22548
שרי,שרי,considero,0,16,76,22548
שרי,שרי,existimo,0,16,1,22548
שרי,שרי,iudico,1,16,181,22548
שרי,שרי,teneo,0,16,116,22548
שרי,שרי,dux,1,16,155,22548
שרי,שרי,communis,0,16,9,22548
שרי,שרי,imperator,0,16,1,22548
שרי,שרי,tribunus,0,16,19,22548
שריד,שריד,semen,2,30,186,22548
שריד,שריד,stirps,0,30,51,22548
שריד,שריד,proles,0,30,0,22548
שריד,שריד,semento,0,30,0,22548
שריד,שריד,relinquo,5,30,119,22548
שריד,שריד,aurum,1,30,229,22548
שריד,שריד,os,4,30,459,22548
שריד,שריד,labium,0,30,123,22548
שריד,שריד,labrum,0,30,8,22548
שריד,שריד,osculum,0,30,4,22548
שריד,שריד,mos,0,30,28,22548
שריד,שריד,iter,0,30,78,22548
שריד,שריד,modus,0,30,46,22548
שריד,שריד,existimatio,0,30,0,22548
שריד,שריד,fama,0,30,14,22548
שריד,שריד,lura,0,30,0,22548
שריד,שריד,uia,0,30,601,22548
שריון,שריון,induo,3,7,76,22548
שריון,שריון,inito,0,7,0,22548
שרימ,שרים,praetor,0,0,0,22548
שריר,שריר,neruus,0,1,14,22548
שריר,שריר,tortum,0,1,0,22548
שריר,שריר,choreus,0,1,0,22548
שרף,שרף,occensus,0,115,0,22548
שרץ,שרץ,examen,0,22,0,22548
שרץ,שרץ,immundus,5,22,95,22548
שרץ,שרץ,abominatio,0,22,86,22548
שרץ,שרץ,pareas,0,22,0,22548
שרץ,שרץ,probata,0,22,0,22548
שרצ,שרץ,pareas,0,22,0,22548
שרקה,שרקה,uitis,1,9,11,22548
שרקה,שרקה,mados,0,9,0,22548
שרר,שרר,impero,1,5,49,22548
שרר,שרר,rego,0,5,37,22548
שרר,שרר,dominor,1,5,50,22548
שרר,שרר,incipio,0,5,19,22548
שרר,שרר,coepio,0,5,28,22548
שרר,שרר,duco,0,5,179,22548
שרר,שרר,magistratus,0,5,19,22548
שרר,שרר,princeps,3,5,610,22548
שרר,שרר,praecipio,0,5,448,22548
שרר,שרר,imperium,0,5,59,22548
שרר,שרר,occipio,0,5,0,22548
שרר,שרר,iubeo,0,5,75,22548
שרר,שרר,honor,0,5,17,22548
שרר,שרר,praesum,1,5,33,22548
שרר,שרר,guberno,0,5,6,22548
שרר,שרר,ordior,0,5,3,22548
שרר,שרר,hostis,0,5,123,22548
שרר,שרר,inimicus,0,5,247,22548
שרר,שרר,infestus,0,5,0,22548
שרר,שרר,uirga,0,5,91,22548
שרר,שרר,calamus,0,5,30,22548
שרש,שרש,radix,28,39,44,22548
שרש,שרש,radico,1,39,1,22548
שרש,שרש,fructus,7,39,110,22548
שרש,שרש,pomum,0,39,19,22548
שרש,שרש,messis,1,39,32,22548
שרש,שרש,semen,2,39,186,22548
שרש,שרש,stirps,0,39,51,22548
שרש,שרש,proles,0,39,0,22548
שרש,שרש,semento,0,39,0,22548
שרשו,שרשו,radix,0,0,44,22548
שרשו,שרשו,radico,0,0,1,22548
שרשי,שרשי,exsilium,0,0,0,22548
שרשי,שרשי,exsul,0,0,0,22548
שרשי,שרשי,fuga,0,0,14,22548
שרשרה,שרשרה,catena,1,6,21,22548
שרשרה,שרשרה,tores,0,6,0,22548
שרשרה,שרשרה,uinculum,0,6,27,22548
שרשרה,שרשרה,nodus,0,6,0,22548
שרת,שרת,ager,0,92,214,22548
שרת,שרת,iter,0,92,78,22548
שרת,שרת,seruio,0,92,160,22548
שרת,שרת,martius,0,92,0,22548
שרת,שרת,expeditio,0,92,0,22548
שרת,שרת,agmen,0,92,15,22548
שרת,שרת,classis,0,92,8,22548
שרת,שרת,cacus,0,92,0,22548
שש,שש,carbasus,0,287,0,22548
שש,שש,liniger,0,287,0,22548
שש,שש,profunditas,0,287,1,22548
שש,שש,byssus,6,287,10,22548
שש,שש,sex,104,287,107,22548
שש,שש,sescenti,52,287,56,22548
שש,שש,sexcenarius,0,287,0,22548
שש,שש,sescentesimus,2,287,2,22548
שש,שש,sexageni,0,287,0,22548
שש,שש,sexagenarius,2,287,2,22548
שש,שש,quadringenti,4,287,50,22548
שש,שש,quattuor,14,287,161,22548
ששה,ששה,decem,0,2,184,22548
ששה,ששה,deni,0,2,2,22548
ששה,ששה,sextadecimani,0,2,0,22548
ששון,ששון,hippegus,0,22,0,22548
ששון,ששון,gaudimonium,0,22,0,22548
ששון,ששון,dilaudo,0,22,0,22548
ששון,ששון,collaudatio,0,22,0,22548
ששון,ששון,festiuitas,0,22,13,22548
ששון,ששון,quatio,0,22,1,22548
ששון,ששון,concutio,0,22,19,22548
ששון,ששון,quasso,0,22,1,22548
ששונ,ששון,hippegus,0,22,0,22548
ששונ,ששון,gaudimonium,0,22,0,22548
ששונ,ששון,laetatio,0,22,0,22548
ששונ,ששון,dilaudo,0,22,0,22548
ששונ,ששון,collaudatio,0,22,0,22548
ששונ,ששון,festiuitas,0,22,13,22548
ששי,ששי,sextus,23,28,31,22548
ששי,ששי,praeter,0,28,29,22548
ששי,ששי,sextarius,0,28,6,22548
ששימ,ששים,duo,0,0,461,22548
ששימ,ששים,uter,0,0,5,22548
ששימ,ששים,bini,0,0,12,22548
ששימ,ששים,centum,0,0,156,22548
ששימ,ששים,sexageni,0,0,0,22548
ששימ,ששים,sexagenarius,0,0,2,22548
ששימ,ששים,quinquaginta,0,0,118,22548
ששימ,ששים,quindecim,0,0,16,22548
ששימ,ששים,quinque,0,0,183,22548
ששימ,ששים,treceni,0,0,0,22548
ששימ,ששים,trecenti,0,0,53,22548
שת,שת,duo,0,14,461,22548
שת,שת,uterque,0,14,109,22548
שת,שת,pono,2,14,697,22548
שת,שת,loco,0,14,2,22548
שת,שת,statuo,1,14,62,22548
שת,שת,colloco,0,14,17,22548
שת,שת,locus,0,14,513,22548
שת,שת,genero,0,14,14,22548
שת,שת,cognominis,0,14,0,22548
שתה,שתה,bibo,174,196,194,22548
שתה,שתה,poto,0,196,9,22548
שתה,שתה,potus,5,196,27,22548
שתה,שתה,uinum,39,196,157,22548
שתה,שתה,bacchus,0,196,0,22548
שתה,שתה,uini,0,196,0,22548
שתו,שתו,bibo,0,0,194,22548
שתו,שתו,poto,0,0,9,22548
שתו,שתו,potus,0,0,27,22548
שתו,שתו,pono,0,0,697,22548
שתו,שתו,loco,0,0,2,22548
שתו,שתו,statuo,0,0,62,22548
שתו,שתו,colloco,0,0,17,22548
שתו,שתו,locus,0,0,513,22548
שתות,שתות,ergo,0,0,727,22548
שתות,שתות,hinc,0,0,24,22548
שתות,שתות,igitur,0,0,327,22548
שתות,שתות,propterea,0,0,119,22548
שתות,שתות,ideo,0,0,55,22548
שתות,שתות,pro,0,0,689,22548
שתי,שתי,duo,0,10,461,22548
שתי,שתי,uterque,0,10,109,22548
שתי,שתי,uter,0,10,5,22548
שתי,שתי,bini,0,10,12,22548
שתי,שתי,pono,0,10,697,22548
שתי,שתי,loco,0,10,2,22548
שתי,שתי,statuo,0,10,62,22548
שתי,שתי,colloco,0,10,17,22548
שתי,שתי,locus,2,10,513,22548
שתימ,שתים,decem,0,0,184,22548
שתימ,שתים,deni,0,0,2,22548
שתימ,שתים,alter,0,0,212,22548
שתימ,שתים,deinde,0,0,3,22548
שתימ,שתים,iterum,0,0,18,22548
שתימ,שתים,secundo,0,0,0,22548
שתימ,שתים,proximus,0,0,101,22548
שתימ,שתים,secundus,0,0,130,22548
שתימ,שתים,duo,0,0,461,22548
שתימ,שתים,uter,0,0,5,22548
שתימ,שתים,bini,0,0,12,22548
שתימ,שתים,duodecim,0,0,98,22548
שתימ,שתים,bibo,0,0,194,22548
שתימ,שתים,poto,0,0,9,22548
שתימ,שתים,potus,0,0,27,22548
שתין,שתין,sexageni,0,2,0,22548
שתין,שתין,sexagenarius,0,2,2,22548
שתינ,שתין,sexageni,0,2,0,22548
שתינ,שתין,sexagenarius,0,2,2,22548
שתיתי,שתיתי,bibo,0,0,194,22548
שתיתי,שתיתי,poto,0,0,9,22548
שתיתי,שתיתי,potus,0,0,27,22548
שתל,שתל,obducto,0,10,0,22548
שתל,שתל,fructus,5,10,110,22548
שתל,שתל,pomum,0,10,19,22548
שתל,שתל,messis,0,10,32,22548
שתם,שתם,sustineo,0,3,60,22548
שתם,שתם,prohibeo,0,3,39,22548
שתם,שתם,impedio,0,3,0,22548
שתם,שתם,ueto,0,3,0,22548
שתם,שתם,cesso,0,3,77,22548
שתם,שתם,desino,0,3,13,22548
שתם,שתם,desisto,0,3,2,22548
שתם,שתם,maneo,0,3,122,22548
שתם,שתם,finis,0,3,137,22548
שתן,שתן,murus,0,6,158,22548
שתן,שתן,paries,6,6,67,22548
שתן,שתן,moenia,0,6,5,22548
שתן,שתן,costa,0,6,3,22548
שתת,שתת,bibo,0,1,194,22548
שתת,שתת,poto,0,1,9,22548
שתת,שתת,potus,0,1,27,22548
תא,תא,cubiculum,0,11,23,22548
תא,תא,thalamus,9,11,13,22548
תא,תא,uicesimus,0,11,53,22548
תא,תא,uiginti,5,11,223,22548
תא,תא,uiceni,0,11,0,22548
תא,תא,indus,0,11,0,22548
תא,תא,illinc,0,11,0,22548
תא,תא,curro,0,11,61,22548
תא,תא,percurro,0,11,0,22548
תא,תא,metior,2,11,48,22548
תא,תא,longitudo,4,11,80,22548
תא,תא,quinquaginta,4,11,118,22548
תא,תא,quindecim,0,11,16,22548
תא,תא,quinque,6,11,183,22548
תא,תא,porta,4,11,286,22548
תא,תא,ianua,0,11,13,22548
תא,תא,fores,0,11,12,22548
תא,תא,limen,0,11,18,22548
תא,תא,ostium,1,11,132,22548
תא,תא,portae,0,11,0,22548
תאבד,תאבד,pereo,0,0,156,22548
תאבד,תאבד,perdo,0,0,60,22548
תאבד,תאבד,amitto,0,0,4,22548
תאבד,תאבד,mors,0,0,197,22548
תאבד,תאבד,deleo,0,0,128,22548
תאבד,תאבד,intereo,0,0,35,22548
תאבד,תאבד,ruina,0,0,51,22548
תאבד,תאבד,disperdo,0,0,76,22548
תאבד,תאבד,interfacio,0,0,149,22548
תאבד,תאבד,morior,0,0,469,22548
תאבד,תאבד,exitium,0,0,0,22548
תאבד,תאבד,occido,0,0,196,22548
תאבדונ,תאבדון,pereo,0,0,156,22548
תאבדונ,תאבדון,perdo,0,0,60,22548
תאבדונ,תאבדון,amitto,0,0,4,22548
תאבדונ,תאבדון,mors,0,0,197,22548
תאבדונ,תאבדון,deleo,0,0,128,22548
תאבדונ,תאבדון,intereo,0,0,35,22548
תאבדונ,תאבדון,ruina,0,0,51,22548
תאבדונ,תאבדון,disperdo,0,0,76,22548
תאבדונ,תאבדון,interfacio,0,0,149,22548
תאבדונ,תאבדון,morior,0,0,469,22548
תאבדונ,תאבדון,exitium,0,0,0,22548
תאבדונ,תאבדון,occido,0,0,196,22548
תאה,תאה,traho,0,2,20,22548
תאה,תאה,rapio,0,2,41,22548
תאוה,תאוה,uolo,1,23,226,22548
תאוה,תאוה,cupiditas,1,23,1,22548
תאוה,תאוה,cupio,0,23,15,22548
תאוה,תאוה,desidero,3,23,42,22548
תאוה,תאוה,cupido,0,23,2,22548
תאוה,תאוה,libido,0,23,5,22548
תאוה,תאוה,desiderium,13,23,22,22548
תאות,תאות,cupido,0,0,2,22548
תאות,תאות,libido,0,0,5,22548
תאות,תאות,desiderium,0,0,22,22548
תאות,תאות,uolo,0,0,226,22548
תאות,תאות,cupio,0,0,15,22548
תאות,תאות,cupiditas,0,0,1,22548
תאכל,תאכל,edo,0,0,26,22548
תאכל,תאכל,comedo,0,0,313,22548
תאכל,תאכל,uescor,0,0,9,22548
תאכל,תאכל,manduco,0,0,6,22548
תאכל,תאכל,deuoro,0,0,103,22548
תאכל,תאכל,esco,0,0,0,22548
תאכלו,תאכלו,edo,0,0,26,22548
תאכלו,תאכלו,comedo,0,0,313,22548
תאכלו,תאכלו,uescor,0,0,9,22548
תאכלו,תאכלו,manduco,0,0,6,22548
תאכלנה,תאכלנה,deuoro,0,0,103,22548
תאכלנה,תאכלנה,esco,0,0,0,22548
תאלה,תאלה,ergo,0,1,727,22548
תאלה,תאלה,igitur,0,1,327,22548
תאלה,תאלה,maledictio,0,1,38,22548
תאלה,תאלה,prex,0,1,27,22548
תאלה,תאלה,tum,0,1,2,22548
תאמינו,תאמינו,spero,0,0,69,22548
תאמינו,תאמינו,confido,0,0,57,22548
תאמינו,תאמינו,existimo,0,0,1,22548
תאמינו,תאמינו,fiducia,0,0,47,22548
תאמינו,תאמינו,credo,0,0,59,22548
תאמר,תאמר,aio,0,0,898,22548
תאמר,תאמר,dico,0,0,3485,22548
תאמר,תאמר,inquam,0,0,103,22548
תאמר,תאמר,loquor,0,0,1092,22548
תאמר,תאמר,respondeo,0,0,541,22548
תאמר,תאמר,profor,0,0,0,22548
תאמר,תאמר,uoco,0,0,413,22548
תאמר,תאמר,appello,0,0,48,22548
תאמר,תאמר,for,0,0,1,22548
תאמרו,תאמרו,dico,0,0,3485,22548
תאמרו,תאמרו,loquor,0,0,1092,22548
תאמרו,תאמרו,aio,0,0,898,22548
תאמרו,תאמרו,uoco,0,0,413,22548
תאמרו,תאמרו,appello,0,0,48,22548
תאמרונ,תאמרון,dico,0,0,3485,22548
תאמרונ,תאמרון,loquor,0,0,1092,22548
תאמרונ,תאמרון,aio,0,0,898,22548
תאמרונ,תאמרון,uoco,0,0,413,22548
תאמרונ,תאמרון,appello,0,0,48,22548
תאמרי,תאמרי,aio,0,0,898,22548
תאמרי,תאמרי,dico,0,0,3485,22548
תאמרי,תאמרי,inquam,0,0,103,22548
תאמרי,תאמרי,loquor,0,0,1092,22548
תאמרי,תאמרי,respondeo,0,0,541,22548
תאמרי,תאמרי,profor,0,0,0,22548
תאנה,תאנה,tithymalus,0,35,0,22548
תאנה,תאנה,ficus,25,35,27,22548
תאנה,תאנה,pomus,0,35,0,22548
תאנה,תאנה,uitis,1,35,11,22548
תאנה,תאנה,mados,0,35,0,22548
תאנה,תאנה,silua,0,35,29,22548
תאנה,תאנה,tignum,0,35,1,22548
תאנה,תאנה,materia,0,35,1,22548
תאנה,תאנה,lignum,5,35,254,22548
תאנת,תאנת,ficus,0,1,27,22548
תאנת,תאנת,pomus,0,1,0,22548
תאר,תאר,genus,1,21,65,22548
תאר,תאר,species,1,21,26,22548
תאר,תאר,gener,0,21,12,22548
תאר,תאר,figura,0,21,7,22548
תאר,תאר,cogitatio,0,21,90,22548
תאר,תאר,pulcher,7,21,69,22548
תאר,תאר,formosus,0,21,0,22548
תאר,תאר,bonus,0,21,316,22548
תאר,תאר,nobilis,0,21,17,22548
תאר,תאר,bene,0,21,65,22548
תאר,תאר,ius,0,21,37,22548
תאר,תאר,aequus,0,21,22,22548
תאר,תאר,speciosus,3,21,24,22548
תאר,תאר,ualeo,0,21,38,22548
תאר,תאר,posterus,0,21,25,22548
תאר,תאר,dexter,0,21,104,22548
תאר,תאר,puteus,0,21,37,22548
תאר,תאר,bellus,0,21,0,22548
תאשור,תאשור,cupresseus,0,2,0,22548
תאשור,תאשור,cupressinus,0,2,0,22548
תבא,תבא,affero,0,0,107,22548
תבא,תבא,adduco,0,0,215,22548
תבא,תבא,induco,0,0,68,22548
תבא,תבא,intro,0,0,94,22548
תבא,תבא,introeo,0,0,36,22548
תבא,תבא,ingredior,0,0,482,22548
תבא,תבא,subeo,0,0,2,22548
תבא,תבא,uenio,0,0,1274,22548
תבא,תבא,eo,0,0,245,22548
תבא,תבא,pergo,0,0,157,22548
תבא,תבא,meo,0,0,0,22548
תבא,תבא,par,0,0,7,22548
תבא,תבא,fortasse,0,0,0,22548
תבא,תבא,aequo,0,0,1,22548
תבא,תבא,fors,0,0,0,22548
תבא,תבא,forsitan,0,0,24,22548
תבא,תבא,aequus,0,0,22,22548
תבא,תבא,aduenio,0,0,27,22548
תבאנה,תבאנה,redeo,0,0,30,22548
תבאנה,תבאנה,reuorto,0,0,75,22548
תבאנה,תבאנה,uenio,0,0,1274,22548
תבדיל,תבדיל,segrego,0,0,0,22548
תבה,תבה,arca,23,25,194,22548
תבוא,תבוא,intro,0,0,94,22548
תבוא,תבוא,introeo,0,0,36,22548
תבוא,תבוא,ingredior,0,0,482,22548
תבוא,תבוא,subeo,0,0,2,22548
תבוא,תבוא,uenio,0,0,1274,22548
תבוא,תבוא,eo,0,0,245,22548
תבוא,תבוא,pergo,0,0,157,22548
תבוא,תבוא,meo,0,0,0,22548
תבוא,תבוא,redeo,0,0,30,22548
תבוא,תבוא,reuorto,0,0,75,22548
תבוא,תבוא,par,0,0,7,22548
תבוא,תבוא,fortasse,0,0,0,22548
תבוא,תבוא,aequo,0,0,1,22548
תבוא,תבוא,fors,0,0,0,22548
תבוא,תבוא,forsitan,0,0,24,22548
תבוא,תבוא,aequus,0,0,22,22548
תבואה,תבואה,cedo,0,41,38,22548
תבואה,תבואה,concedo,0,41,15,22548
תבואה,תבואה,dedo,0,41,4,22548
תבואה,תבואה,indulgeo,0,41,1,22548
תבואה,תבואה,prosero,0,41,0,22548
תבואת,תבואת,prosero,0,0,0,22548
תבונה,תבונה,scientia,3,41,76,22548
תבונה,תבונה,scius,0,41,0,22548
תבונה,תבונה,consilium,6,41,139,22548
תבונה,תבונה,prudentia,27,41,43,22548
תבונה,תבונה,sapientia,21,41,151,22548
תבונות,תבונות,prudentia,0,0,43,22548
תבונת,תבונת,prudentia,0,0,43,22548
תבכה,תבכה,fleo,0,0,68,22548
תבכה,תבכה,lacrimo,0,0,1,22548
תבכה,תבכה,ploro,0,0,22,22548
תבכה,תבכה,fleui,0,0,3,22548
תבכינה,תבכינה,fleo,0,0,68,22548
תבכינה,תבכינה,lacrimo,0,0,1,22548
תבכינה,תבכינה,ploro,0,0,22,22548
תבכינה,תבכינה,fleui,0,0,3,22548
תבל,תבל,catonium,0,45,0,22548
תבלל,תבלל,praesum,0,1,33,22548
תבלל,תבלל,locus,0,1,513,22548
תבלל,תבלל,terra,0,1,2254,22548
תבלל,תבלל,ager,0,1,214,22548
תבלל,תבלל,castellum,0,1,3,22548
תבלע,תבלע,hirundo,0,0,2,22548
תבלע,תבלע,deuoro,0,0,103,22548
תבן,תבן,culmus,0,16,3,22548
תבן,תבן,apluda,0,16,0,22548
תבן,תבן,pabulatorius,0,16,0,22548
תבנ,תבן,apluda,0,16,0,22548
תבנית,תבנית,proportio,0,17,0,22548
תבנית,תבנית,exemplum,0,17,17,22548
תבנית,תבנית,hostio,0,17,0,22548
תבקש,תבקש,peto,0,0,48,22548
תבקש,תבקש,quaero,0,0,249,22548
תברכ,תברך,benedico,0,0,198,22548
תגד,תגד,fama,0,0,14,22548
תגד,תגד,rumor,0,0,1,22548
תגד,תגד,defero,0,0,42,22548
תגד,תגד,nuntio,0,0,122,22548
תגדל,תגדל,mirifico,0,0,0,22548
תגיד,תגיד,reporto,0,0,7,22548
תגמול,תגמול,bonus,0,0,316,22548
תגמול,תגמול,probus,0,0,2,22548
תגמול,תגמול,fortis,0,0,262,22548
תגמול,תגמול,bene,0,0,65,22548
תגמול,תגמול,ualeo,0,0,38,22548
תגמול,תגמול,ius,0,0,37,22548
תגמול,תגמול,puteus,0,0,37,22548
תגמול,תגמול,beneficium,0,0,3,22548
תגמול,תגמול,praefectus,0,0,17,22548
תגמול,תגמול,auxilior,0,0,0,22548
תגמול,תגמול,auxilium,0,0,57,22548
תגמול,תגמול,seruio,0,0,160,22548
תגנב,תגנב,occulo,0,0,1,22548
תגעו,תגעו,accendo,0,0,9,22548
תגעו,תגעו,tango,0,0,100,22548
תגעו,תגעו,attingo,0,0,0,22548
תגעו,תגעו,incendo,0,0,36,22548
תגרעו,תגרעו,aufero,0,0,256,22548
תגרעו,תגרעו,tollo,0,0,238,22548
תגרעו,תגרעו,priuo,0,0,3,22548
תגש,תגש,induco,0,0,68,22548
תגש,תגש,attulo,0,0,0,22548
תדבק,תדבק,obhaeresco,0,0,0,22548
תדבר,תדבר,loquor,0,0,1092,22548
תדבר,תדבר,fabulor,0,0,0,22548
תדברו,תדברו,loquor,0,0,1092,22548
תדברו,תדברו,fabulor,0,0,0,22548
תדברונ,תדברון,loquor,0,0,1092,22548
תדברונ,תדברון,fabulor,0,0,0,22548
תדע,תדע,nosco,0,0,122,22548
תדע,תדע,cognosco,0,0,131,22548
תדע,תדע,scio,0,0,334,22548
תדע,תדע,intellego,0,0,136,22548
תדע,תדע,scientia,0,0,76,22548
תדע,תדע,statuo,0,0,62,22548
תדע,תדע,scius,0,0,0,22548
תדע,תדע,noui,0,0,0,22548
תדעו,תדעו,nosco,0,0,122,22548
תדעו,תדעו,cognosco,0,0,131,22548
תדעו,תדעו,scio,0,0,334,22548
תדעו,תדעו,intellego,0,0,136,22548
תדעו,תדעו,scientia,0,0,76,22548
תדעו,תדעו,statuo,0,0,62,22548
תדעי,תדעי,nosco,0,0,122,22548
תדעי,תדעי,cognosco,0,0,131,22548
תדעי,תדעי,scio,0,0,334,22548
תדעי,תדעי,intellego,0,0,136,22548
תדעי,תדעי,scientia,0,0,76,22548
תדעי,תדעי,statuo,0,0,62,22548
תדר,תדר,precor,0,0,10,22548
תדר,תדר,oro,0,0,95,22548
תדר,תדר,uoueo,0,0,40,22548
תדר,תדר,opto,0,0,2,22548
תדר,תדר,quaeso,0,0,25,22548
תדר,תדר,obsecro,0,0,73,22548
תדר,תדר,oratio,0,0,64,22548
תדר,תדר,prex,0,0,27,22548
תדר,תדר,tandem,0,0,4,22548
תדר,תדר,quonam,0,0,0,22548
תהו,תהו,cassus,0,19,7,22548
תהו,תהו,frustra,3,19,55,22548
תהו,תהו,ullus,0,19,35,22548
תהו,תהו,nullus,1,19,135,22548
תהו,תהו,quisquam,0,19,119,22548
תהו,תהו,aliquis,0,19,43,22548
תהו,תהו,nihil,3,19,96,22548
תהו,תהו,inanis,4,19,8,22548
תהו,תהו,uacuus,5,19,30,22548
תהום,תהום,abyssus,32,34,33,22548
תהום,תהום,fons,5,34,70,22548
תהום,תהום,scatebra,0,34,0,22548
תהומ,תהום,abyssus,32,34,33,22548
תהי,תהי,fio,0,0,188,22548
תהי,תהי,nascor,0,0,103,22548
תהי,תהי,orior,0,0,52,22548
תהי,תהי,gigno,0,0,190,22548
תהי,תהי,sum,0,0,9821,22548
תהיה,תהיה,fio,0,0,188,22548
תהיה,תהיה,nascor,0,0,103,22548
תהיה,תהיה,orior,0,0,52,22548
תהיה,תהיה,gigno,0,0,190,22548
תהיה,תהיה,sum,0,0,9821,22548
תהיו,תהיו,fio,0,0,188,22548
תהיו,תהיו,nascor,0,0,103,22548
תהיו,תהיו,orior,0,0,52,22548
תהיו,תהיו,gigno,0,0,190,22548
תהיו,תהיו,sum,0,0,9821,22548
תהלה,תהלה,dilaudo,0,53,0,22548
תהלה,תהלה,collaudatio,0,53,0,22548
תהלה,תהלה,carmen,1,53,23,22548
תהלה,תהלה,cantus,0,53,0,22548
תהלה,תהלה,hymnus,2,53,7,22548
תהלה,תהלה,uirtus,0,53,28,22548
תהלה,תהלה,fortitudo,1,53,232,22548
תהלה,תהלה,bonitas,0,53,10,22548
תהלה,תהלה,animus,0,53,39,22548
תהלה,תהלה,uirtutis,0,53,0,22548
תהלכת,תהלכת,pompa,0,1,2,22548
תהלת,תהלת,dilaudo,0,0,0,22548
תהלת,תהלת,collaudatio,0,0,0,22548
תהלת,תהלת,uirtus,0,0,28,22548
תהלת,תהלת,fortitudo,0,0,232,22548
תהלת,תהלת,bonitas,0,0,10,22548
תהלת,תהלת,animus,0,0,39,22548
תהלת,תהלת,uirtutis,0,0,0,22548
תהלת,תהלת,imperium,0,0,59,22548
תהלת,תהלת,principium,0,0,57,22548
תהלת,תהלת,initium,0,0,24,22548
תהלת,תהלת,magistratus,0,0,19,22548
תהלת,תהלת,regnum,0,0,213,22548
תהלת,תהלת,honor,0,0,17,22548
תהלת,תהלת,ratio,0,0,11,22548
תהלת,תהלת,officium,0,0,30,22548
תהלת,תהלת,potestas,0,0,42,22548
תהלת,תהלת,uis,0,0,73,22548
תהלת,תהלת,primus,0,0,161,22548
תהלת,תהלת,laudo,0,0,132,22548
תהלת,תהלת,laus,0,0,73,22548
תהמ,תהם,persono,0,0,9,22548
תהר,תהר,aluus,0,0,2,22548
תהר,תהר,uenter,0,0,49,22548
תהר,תהר,capio,0,0,207,22548
תהר,תהר,sumo,0,0,94,22548
תהר,תהר,accipio,0,0,247,22548
תהר,תהר,recipio,0,0,37,22548
תהר,תהר,impetro,0,0,1,22548
תהר,תהר,excipio,0,0,19,22548
תהר,תהר,comprehendo,0,0,23,22548
תהרג,תהרג,mors,0,0,197,22548
תהרג,תהרג,interfacio,0,0,149,22548
תהרג,תהרג,occaedes,0,0,26,22548
תהרג,תהרג,percutio,0,0,489,22548
תהרג,תהרג,occido,0,0,196,22548
תהרג,תהרג,neco,0,0,6,22548
תו,תו,signum,1,3,116,22548
תו,תו,testimonium,0,3,151,22548
תו,תו,argumentum,0,3,1,22548
תו,תו,insigne,0,3,0,22548
תו,תו,destino,0,3,0,22548
תוגה,תוגה,dolor,1,4,77,22548
תוגה,תוגה,aerumna,0,4,3,22548
תוגה,תוגה,uae,0,4,61,22548
תוגה,תוגה,dolentia,0,4,0,22548
תוגה,תוגה,doloris,0,4,0,22548
תוגה,תוגה,luctus,1,4,20,22548
תוגה,תוגה,maeror,0,4,12,22548
תוגה,תוגה,tristitia,0,4,5,22548
תוגה,תוגה,opera,0,4,4,22548
תוגה,תוגה,doleo,0,4,26,22548
תוה,תוה,miror,0,3,4,22548
תוה,תוה,admiror,0,3,5,22548
תוה,תוה,stupeo,0,3,15,22548
תוה,תוה,miro,0,3,0,22548
תוה,תוה,mirus,0,3,4,22548
תוה,תוה,prodigium,0,3,2,22548
תוה,תוה,admiratio,0,3,1,22548
תוה,תוה,signum,1,3,116,22548
תוה,תוה,testimonium,0,3,151,22548
תוה,תוה,argumentum,0,3,1,22548
תוה,תוה,insigne,0,3,0,22548
תוה,תוה,destino,0,3,0,22548
תוחלת,תוחלת,spes,4,6,45,22548
תוחלת,תוחלת,exspecto,1,6,36,22548
תוחלת,תוחלת,spero,0,6,69,22548
תוחלת,תוחלת,exspectatio,2,6,8,22548
תוך,תוך,medius,275,385,489,22548
תוך,תוך,medion,0,385,0,22548
תוך,תוך,centrum,0,385,0,22548
תוך,תוך,medio,0,385,0,22548
תוכ,תוך,intus,0,385,8,22548
תוכ,תוך,familia,3,385,182,22548
תוכ,תוך,medius,275,385,489,22548
תוכ,תוך,medion,0,385,0,22548
תוכ,תוך,centrum,0,385,0,22548
תוכ,תוך,medio,0,385,0,22548
תוכל,תוכל,possum,0,0,547,22548
תוכל,תוכל,ualeo,0,0,38,22548
תוכל,תוכל,potestas,0,0,42,22548
תוכל,תוכל,uis,0,0,73,22548
תוכל,תוכל,uirtus,0,0,28,22548
תוכל,תוכל,imperium,0,0,59,22548
תוכל,תוכל,queo,0,0,13,22548
תוכלי,תוכלי,possum,0,0,547,22548
תוכלי,תוכלי,ualeo,0,0,38,22548
תוכלי,תוכלי,potestas,0,0,42,22548
תוכלי,תוכלי,uis,0,0,73,22548
תוכלי,תוכלי,uirtus,0,0,28,22548
תוכלי,תוכלי,imperium,0,0,59,22548
תוכלי,תוכלי,queo,0,0,13,22548
תולדות,תולדות,generatio,27,39,142,22548
תולדות,תולדות,saeculum,0,39,46,22548
תולדות,תולדות,populus,2,39,1560,22548
תולדות,תולדות,plebs,0,39,19,22548
תולדות,תולדות,uulgus,0,39,39,22548
תולדות,תולדות,terra,2,39,2254,22548
תולדות,תולדות,contio,0,39,3,22548
תולדות,תולדות,communis,0,39,9,22548
תולדות,תולדות,ecclesia,0,39,30,22548
תולדות,תולדות,ager,0,39,214,22548
תולדות,תולדות,praepinguis,0,39,0,22548
תולדות,תולדות,unguinosus,0,39,0,22548
תולדות,תולדות,insuper,0,39,50,22548
תולדות,תולדות,supernus,0,39,0,22548
תולדת,תולדת,generatio,0,0,142,22548
תולדת,תולדת,saeculum,0,0,46,22548
תולעת,תולעת,coccum,18,38,19,22548
תולעת,תולעת,coccineus,1,38,6,22548
תולעת,תולעת,uermis,5,38,14,22548
תולעת,תולעת,profunditas,0,38,1,22548
תולעת,תולעת,byssus,3,38,10,22548
תולעת,תולעת,purpureus,0,38,5,22548
תולעת,תולעת,purpura,20,38,33,22548
תולעת,תולעת,ostrum,0,38,0,22548
תוספ,תוסף,accedo,0,0,108,22548
תוספ,תוסף,adicio,0,0,15,22548
תוספ,תוסף,adiungo,0,0,4,22548
תוספ,תוסף,addo,0,0,103,22548
תועבה,תועבה,abominatio,70,111,86,22548
תועבה,תועבה,perducto,0,111,0,22548
תועבת,תועבת,abominatio,0,0,86,22548
תועה,תועה,tumultuosus,0,2,2,22548
תועה,תועה,perturbatio,0,2,0,22548
תוצא,תוצא,effero,0,0,25,22548
תוצאות,תוצאות,meatus,0,23,0,22548
תוצאות,תוצאות,libonotus,0,23,0,22548
תוצאות,תוצאות,dorsum,0,23,17,22548
תוצאות,תוצאות,tergum,0,23,46,22548
תוצאות,תוצאות,retro,0,23,11,22548
תוצאות,תוצאות,termino,0,23,2,22548
תור,תור,columba,11,45,35,22548
תור,תור,columbus,0,45,0,22548
תור,תור,turtur,13,45,14,22548
תורה,תורה,lex,185,206,252,22548
תורה,תורה,ius,1,206,37,22548
תורה,תורה,mos,1,206,28,22548
תורה,תורה,consuetudo,0,206,12,22548
תורה,תורה,caerimonia,17,206,61,22548
תורה,תורה,legitimus,1,206,28,22548
תורה,תורה,pascuus,0,206,0,22548
תורינ,תורין,monstrificus,0,0,0,22548
תורת,תורת,lex,0,0,252,22548
תורת,תורת,ius,0,0,37,22548
תורת,תורת,mos,0,0,28,22548
תורת,תורת,consuetudo,0,0,12,22548
תורת,תורת,caerimonia,0,0,61,22548
תורת,תורת,legitimus,0,0,28,22548
תורת,תורת,pascuus,0,0,0,22548
תושב,תושב,tat,0,13,0,22548
תושב,תושב,mercenarius,1,13,1,22548
תושב,תושב,cohabito,0,13,0,22548
תושב,תושב,aduena,8,13,59,22548
תושב,תושב,compressor,0,13,0,22548
תושיע,תושיע,seruo,0,0,66,22548
תושיע,תושיע,conseruo,0,0,5,22548
תושיע,תושיע,tueor,0,0,6,22548
תושיע,תושיע,saluus,0,0,64,22548
תושיע,תושיע,salus,0,0,95,22548
תושיע,תושיע,libero,0,0,139,22548
תושיע,תושיע,retineo,0,0,11,22548
תושיע,תושיע,saluo,0,0,105,22548
תותח,תותח,silua,0,1,29,22548
תותח,תותח,tignum,0,1,1,22548
תותח,תותח,materia,0,1,1,22548
תותח,תותח,lignum,0,1,254,22548
תותח,תותח,fustis,0,1,1,22548
תזז,תזז,ferio,0,1,19,22548
תזז,תזז,pulso,0,1,2,22548
תזז,תזז,percutio,0,1,489,22548
תזכר,תזכר,moneo,0,0,4,22548
תזכר,תזכר,memoro,0,0,6,22548
תזכר,תזכר,memini,0,0,41,22548
תזכר,תזכר,recordor,0,0,126,22548
תזכר,תזכר,memor,0,0,12,22548
תזכר,תזכר,memoria,0,0,28,22548
תזכר,תזכר,mentio,0,0,0,22548
תזכר,תזכר,commemoro,0,0,1,22548
תזכר,תזכר,reuoco,0,0,7,22548
תזנות,תזנות,pudor,0,19,1,22548
תזנות,תזנות,dedecus,0,19,0,22548
תזנות,תזנות,ignominia,3,19,49,22548
תזנות,תזנות,fornicatio,17,19,35,22548
תזנות,תזנות,idololatria,0,19,0,22548
תזעק,תזעק,exclamo,0,0,12,22548
תחוס,תחוס,ostendo,0,0,147,22548
תחוס,תחוס,monstro,0,0,12,22548
תחוס,תחוס,exhibeo,0,0,1,22548
תחוס,תחוס,uideo,0,0,1044,22548
תחוס,תחוס,appareo,0,0,131,22548
תחוס,תחוס,probo,0,0,58,22548
תחוס,תחוס,pareo,0,0,14,22548
תחטאו,תחטאו,desidero,0,0,42,22548
תחטאו,תחטאו,erro,0,0,37,22548
תחטאו,תחטאו,culpa,0,0,7,22548
תחטאו,תחטאו,desum,0,0,22,22548
תחי,תחי,uerutum,0,0,0,22548
תחלא,תחלא,morbus,0,0,0,22548
תחלא,תחלא,pestis,0,0,24,22548
תחלא,תחלא,lues,0,0,0,22548
תחלא,תחלא,ualetudo,0,0,0,22548
תחלא,תחלא,infirmitas,0,0,25,22548
תחלה,תחלה,imperium,0,18,59,22548
תחלה,תחלה,principium,5,18,57,22548
תחלה,תחלה,initium,2,18,24,22548
תחלה,תחלה,magistratus,0,18,19,22548
תחלה,תחלה,regnum,1,18,213,22548
תחלה,תחלה,honor,0,18,17,22548
תחלה,תחלה,ratio,0,18,11,22548
תחלה,תחלה,officium,0,18,30,22548
תחלה,תחלה,potestas,0,18,42,22548
תחלה,תחלה,uis,0,18,73,22548
תחלה,תחלה,primus,2,18,161,22548
תחלה,תחלה,messio,0,18,1,22548
תחלה,תחלה,hordeum,2,18,28,22548
תחלה,תחלה,hordeius,0,18,0,22548
תחלת,תחלת,imperium,0,0,59,22548
תחלת,תחלת,principium,0,0,57,22548
תחלת,תחלת,initium,0,0,24,22548
תחלת,תחלת,magistratus,0,0,19,22548
תחלת,תחלת,regnum,0,0,213,22548
תחלת,תחלת,honor,0,0,17,22548
תחלת,תחלת,ratio,0,0,11,22548
תחלת,תחלת,officium,0,0,30,22548
תחלת,תחלת,potestas,0,0,42,22548
תחלת,תחלת,uis,0,0,73,22548
תחלת,תחלת,primus,0,0,161,22548
תחמד,תחמד,uolo,0,0,226,22548
תחמד,תחמד,cupiditas,0,0,1,22548
תחמד,תחמד,cupio,0,0,15,22548
תחמד,תחמד,desidero,0,0,42,22548
תחמס,תחמס,noctua,2,2,2,22548
תחנה,תחנה,indigeo,0,24,25,22548
תחנה,תחנה,oratum,0,24,0,22548
תחנה,תחנה,precatio,0,24,0,22548
תחנון,תחנון,oratum,0,13,0,22548
תחנונ,תחנון,indigeo,0,13,25,22548
תחנת,תחנת,indigeo,0,0,25,22548
תחנת,תחנת,precatio,0,0,0,22548
תחס,תחס,parco,0,0,65,22548
תחס,תחס,imperco,0,0,0,22548
תחש,תחש,cutis,0,16,22,22548
תחש,תחש,pellis,10,16,45,22548
תחש,תחש,corium,0,16,1,22548
תחש,תחש,tergus,0,16,0,22548
תחש,תחש,abscondo,0,16,141,22548
תחש,תחש,membrana,0,16,0,22548
תחש,תחש,impono,0,16,51,22548
תחש,תחש,impetus,0,16,22,22548
תחש,תחש,oppugno,0,16,0,22548
תחש,תחש,uestis,0,16,101,22548
תחש,תחש,uestimentum,1,16,138,22548
תחש,תחש,pallium,3,16,50,22548
תחש,תחש,toga,0,16,0,22548
תחש,תחש,obnubo,0,16,0,22548
תחשב,תחשב,numero,0,0,73,22548
תחת,תחת,ipse,24,438,933,22548
תחת,תחת,sui,20,438,606,22548
תחת,תחת,infra,0,438,5,22548
תחת,תחת,deorsum,9,438,24,22548
תחת,תחת,subiecto,0,438,0,22548
תחתו,תחתו,subiecto,0,0,0,22548
תחתי,תחתי,profundum,0,20,21,22548
תחתי,תחתי,alo,0,20,13,22548
תחתי,תחתי,altitudo,1,20,59,22548
תחתי,תחתי,fouea,0,20,19,22548
תט,תט,nauseabundus,0,0,0,22548
תיטיב,תיטיב,ius,0,0,37,22548
תיטיב,תיטיב,dexter,0,0,104,22548
תיטיב,תיטיב,integer,0,0,11,22548
תיטיב,תיטיב,rego,0,0,37,22548
תיכון,תיכון,medius,8,9,489,22548
תיכון,תיכון,medion,0,9,0,22548
תיכון,תיכון,centrum,0,9,0,22548
תיכון,תיכון,medio,0,9,0,22548
תיכנה,תיכנה,medius,0,0,489,22548
תיכנה,תיכנה,medion,0,0,0,22548
תיכנה,תיכנה,centrum,0,0,0,22548
תיכנה,תיכנה,medio,0,0,0,22548
תימן,תימן,libonotus,0,32,0,22548
תימנ,תימן,libonotus,0,32,0,22548
תימנ,תימן,meridies,7,32,68,22548
תימנ,תימן,meridianus,6,32,18,22548
תימנ,תימן,australis,0,32,0,22548
תימנ,תימן,auster,11,32,34,22548
תימרה,תימרה,ala,0,2,45,22548
תימרה,תימרה,columna,0,2,73,22548
תימרה,תימרה,penna,0,2,2,22548
תימרה,תימרה,cornu,0,2,61,22548
תימרה,תימרה,prostylos,0,2,0,22548
תימרה,תימרה,arduus,0,2,2,22548
תירא,תירא,timeo,0,0,306,22548
תירא,תירא,timor,0,0,74,22548
תירא,תירא,uereor,0,0,7,22548
תירא,תירא,metuo,0,0,23,22548
תירא,תירא,metus,0,0,2,22548
תירא,תירא,pauor,0,0,31,22548
תירא,תירא,terror,0,0,46,22548
תירא,תירא,formido,0,0,47,22548
תיראו,תיראו,animus,0,0,39,22548
תיראו,תיראו,fiducia,0,0,47,22548
תיראו,תיראו,conforto,0,0,83,22548
תיראו,תיראו,metuo,0,0,23,22548
תיראו,תיראו,timeo,0,0,306,22548
תיראו,תיראו,timor,0,0,74,22548
תיראו,תיראו,uereor,0,0,7,22548
תיראו,תיראו,metus,0,0,2,22548
תיראי,תיראי,animus,0,0,39,22548
תיראי,תיראי,fiducia,0,0,47,22548
תיראי,תיראי,conforto,0,0,83,22548
תיראי,תיראי,metuo,0,0,23,22548
תיראי,תיראי,metus,0,0,2,22548
תיראי,תיראי,pauor,0,0,31,22548
תיראי,תיראי,terror,0,0,46,22548
תיראי,תיראי,timor,0,0,74,22548
תיראי,תיראי,formido,0,0,47,22548
תיראי,תיראי,timeo,0,0,306,22548
תיראי,תיראי,uereor,0,0,7,22548
תירוש,תירוש,uinum,29,36,157,22548
תירוש,תירוש,bacchus,0,36,0,22548
תירוש,תירוש,uini,0,36,0,22548
תירוש,תירוש,oleum,18,36,174,22548
תירוש,תירוש,olearius,0,36,0,22548
תירוש,תירוש,olearis,0,36,0,22548
תירוש,תירוש,cibus,1,36,99,22548
תירוש,תירוש,frumentum,20,36,54,22548
תירוש,תירוש,seges,0,36,18,22548
תירוש,תירוש,panis,2,36,255,22548
תירוש,תירוש,frumentarius,0,36,0,22548
תירוש,תירוש,triticum,4,36,33,22548
תירוש,תירוש,granum,1,36,2,22548
תירוש,תירוש,esca,0,36,27,22548
תירש,תירש,uinum,0,0,157,22548
תירש,תירש,bacchus,0,0,0,22548
תירש,תירש,uini,0,0,0,22548
תכול,תכול,possum,0,0,547,22548
תכול,תכול,ualeo,0,0,38,22548
תכול,תכול,potestas,0,0,42,22548
תכול,תכול,uis,0,0,73,22548
תכול,תכול,uirtus,0,0,28,22548
תכול,תכול,imperium,0,0,59,22548
תכול,תכול,queo,0,0,13,22548
תכינ,תכין,praeparo,0,0,93,22548
תכלת,תכלת,hyacinthus,26,49,32,22548
תכלת,תכלת,profunditas,0,49,1,22548
תכלת,תכלת,byssus,4,49,10,22548
תכלת,תכלת,coccum,15,49,19,22548
תכלת,תכלת,coccineus,0,49,6,22548
תכלת,תכלת,purpureus,2,49,5,22548
תכלת,תכלת,purpura,24,49,33,22548
תכלת,תכלת,ostrum,0,49,0,22548
תכן,תכן,quot,0,16,4,22548
תכן,תכן,quantus,0,16,18,22548
תכן,תכן,quotiens,0,16,3,22548
תכן,תכן,quantulus,0,16,0,22548
תכנית,תכנית,exemplum,0,2,17,22548
תכס,תכס,tego,0,0,33,22548
תכס,תכס,uelo,0,0,5,22548
תכס,תכס,operio,0,0,159,22548
תכריך,תכריך,uestis,1,1,101,22548
תכריך,תכריך,palla,0,1,0,22548
תכריך,תכריך,stola,0,1,8,22548
תכריך,תכריך,tunica,0,1,38,22548
תכריך,תכריך,uelamen,0,1,7,22548
תל,תל,ripa,0,8,17,22548
תל,תל,agger,0,8,9,22548
תל,תל,tumulus,3,8,22,22548
תלא,תלא,suspendo,1,3,20,22548
תלאה,תלאה,labor,5,5,78,22548
תלאה,תלאה,lassitudo,0,5,2,22548
תלאה,תלאה,fatigor,0,5,0,22548
תלאה,תלאה,sudor,0,5,2,22548
תלבש,תלבש,induo,0,0,76,22548
תלבש,תלבש,inito,0,0,0,22548
תלג,תלג,nix,0,0,20,22548
תלג,תלג,niuit,0,0,0,22548
תלג,תלג,niualis,0,0,0,22548
תלג,תלג,niueus,0,0,0,22548
תלג,תלג,ceu,0,0,0,22548
תלג,תלג,uelut,0,0,42,22548
תלד,תלד,genero,0,0,14,22548
תלד,תלד,gigno,0,0,190,22548
תלד,תלד,pario,0,0,116,22548
תלד,תלד,fero,0,0,342,22548
תלדות,תלדות,generatio,0,0,142,22548
תלדות,תלדות,saeculum,0,0,46,22548
תלדת,תלדת,generatio,0,0,142,22548
תלדת,תלדת,saeculum,0,0,46,22548
תלה,תלה,suspendo,13,25,20,22548
תלה,תלה,silua,0,25,29,22548
תלה,תלה,tignum,0,25,1,22548
תלה,תלה,materia,0,25,1,22548
תלה,תלה,lignum,3,25,254,22548
תלוי,תלוי,suspendo,0,0,20,22548
תלול,תלול,altus,0,1,30,22548
תלול,תלול,celsus,0,1,0,22548
תלול,תלול,excelsus,1,1,126,22548
תלול,תלול,sublimis,1,1,48,22548
תלול,תלול,superus,0,1,1,22548
תלול,תלול,alo,0,1,13,22548
תלול,תלול,summus,0,1,30,22548
תליתא,תליתא,tertius,0,0,136,22548
תליתא,תליתא,tertio,0,0,0,22548
תליתי,תליתי,tertius,1,1,136,22548
תליתי,תליתי,tertio,0,1,0,22548
תלכ,תלך,discedo,0,0,4,22548
תלכ,תלך,recedo,0,0,191,22548
תלכ,תלך,abeo,0,0,219,22548
תלל,תלל,deludifico,0,8,0,22548
תלל,תלל,mendacium,1,8,96,22548
תלל,תלל,falsum,0,8,0,22548
תלל,תלל,fallo,0,8,2,22548
תלל,תלל,sophisma,0,8,0,22548
תלם,תלם,sulcamen,0,5,0,22548
תלמד,תלמד,doceo,0,0,122,22548
תלמד,תלמד,ostendo,0,0,147,22548
תלמד,תלמד,certus,0,0,10,22548
תלמד,תלמד,disco,0,0,40,22548
תלנות,תלנות,susurramen,0,5,0,22548
תלנות,תלנות,mutitio,0,5,0,22548
תלנות,תלנות,propediem,0,5,0,22548
תלנות,תלנות,praematurus,0,5,0,22548
תלקט,תלקט,congrego,0,0,255,22548
תלקט,תלקט,colligo,0,0,77,22548
תלת,תלת,equidem,0,3,3,22548
תלת,תלת,conuerto,0,3,187,22548
תלת,תלת,uerto,0,3,88,22548
תלת,תלת,dos,0,3,4,22548
תלת,תלת,pars,0,3,332,22548
תלת,תלת,tres,2,3,353,22548
תלת,תלת,terni,0,3,1,22548
תלת,תלת,tertius,1,3,136,22548
תלת,תלת,tertio,0,3,0,22548
תלתי,תלתי,tertius,0,0,136,22548
תלתי,תלתי,tertio,0,0,0,22548
תלתין,תלתין,triceni,0,0,0,22548
תלתין,תלתין,triginta,0,0,146,22548
תלתינ,תלתין,triceni,0,0,0,22548
תלתינ,תלתין,triginta,0,0,146,22548
תמ,תם,acacia,0,33,0,22548
תמ,תם,mundus,0,33,97,22548
תמ,תם,purus,1,33,43,22548
תמ,תם,finis,0,33,137,22548
תמ,תם,exitus,0,33,17,22548
תמ,תם,euentus,0,33,2,22548
תמ,תם,legio,0,33,3,22548
תמ,תם,extremus,1,33,62,22548
תמ,תם,posterus,0,33,25,22548
תמ,תם,denique,0,33,4,22548
תמ,תם,nouissimus,1,33,94,22548
תמהר,תמהר,propero,0,0,17,22548
תמהר,תמהר,festino,0,0,64,22548
תמהר,תמהר,urgeo,0,0,7,22548
תמו,תמו,pereo,0,0,156,22548
תמו,תמו,perdo,0,0,60,22548
תמו,תמו,amitto,0,0,4,22548
תמו,תמו,mors,0,0,197,22548
תמו,תמו,deleo,0,0,128,22548
תמו,תמו,intereo,0,0,35,22548
תמו,תמו,ruina,0,0,51,22548
תמו,תמו,disperdo,0,0,76,22548
תמו,תמו,interfacio,0,0,149,22548
תמו,תמו,morior,0,0,469,22548
תמו,תמו,exitium,0,0,0,22548
תמו,תמו,occido,0,0,196,22548
תמו,תמו,linquo,0,0,0,22548
תמול,תמול,hesternus,1,22,2,22548
תמול,תמול,tertius,9,22,136,22548
תמול,תמול,tertio,0,22,0,22548
תמונה,תמונה,genus,0,13,65,22548
תמונה,תמונה,species,0,13,26,22548
תמונה,תמונה,gener,0,13,12,22548
תמונה,תמונה,figura,1,13,7,22548
תמונה,תמונה,cogitatio,0,13,90,22548
תמונה,תמונה,proportio,0,13,0,22548
תמונה,תמונה,hostio,0,13,0,22548
תמונת,תמונת,proportio,0,0,0,22548
תמורה,תמורה,permuto,0,6,0,22548
תמות,תמות,morior,0,0,469,22548
תמות,תמות,pereo,0,0,156,22548
תמות,תמות,occido,0,0,196,22548
תמות,תמות,cado,0,0,252,22548
תמות,תמות,mors,0,0,197,22548
תמות,תמות,interfacio,0,0,149,22548
תמות,תמות,occaedes,0,0,26,22548
תמות,תמות,obeo,0,0,6,22548
תמות,תמות,percutio,0,0,489,22548
תמיד,תמיד,sacrificium,15,97,152,22548
תמיד,תמיד,immolo,1,97,149,22548
תמיד,תמיד,sacrifico,1,97,52,22548
תמיד,תמיד,uictima,1,97,109,22548
תמיד,תמיד,totus,5,97,177,22548
תמיד,תמיד,uniuersus,2,97,766,22548
תמיד,תמיד,cunctus,5,97,551,22548
תמיד,תמיד,omnis,15,97,3087,22548
תמיד,תמיד,litamen,0,97,0,22548
תמיד,תמיד,saluo,0,97,105,22548
תמיד,תמיד,nisi,0,97,96,22548
תמיד,תמיד,foedus,1,97,88,22548
תמיד,תמיד,pax,1,97,173,22548
תמיד,תמיד,libatio,3,97,6,22548
תמיד,תמיד,indutiae,0,97,0,22548
תמים,תמים,perficio,0,89,16,22548
תמים,תמים,artius,0,89,0,22548
תמים,תמים,agninus,0,89,0,22548
תמים,תמים,irreprehensus,0,89,0,22548
תמים,תמים,bos,3,89,182,22548
תמים,תמים,iuuencus,0,89,0,22548
תמים,תמים,taurus,0,89,20,22548
תמים,תמים,iumentum,0,89,117,22548
תמים,תמים,uitulus,23,89,128,22548
תמים,תמים,pecus,3,89,85,22548
תמים,תמים,armentum,14,89,70,22548
תמים,תמים,uacca,1,89,10,22548
תמים,תמים,bubulus,0,89,2,22548
תמים,תמים,annotinus,0,89,0,22548
תמים,תמים,anniculus,20,89,37,22548
תמים,תמים,aries,23,89,164,22548
תמימ,תמים,irreprehensus,0,89,0,22548
תמימ,תמים,perficio,0,89,16,22548
תמל,תמל,hesternus,0,0,2,22548
תמלא,תמלא,impleo,0,0,171,22548
תמלא,תמלא,compleo,0,0,35,22548
תמלא,תמלא,repleo,0,0,77,22548
תמם,תמם,linquo,0,62,0,22548
תמנה,תמנה,expretus,0,10,0,22548
תמנע,תמנע,expretus,0,5,0,22548
תמנת,תמנת,expretus,0,0,0,22548
תמצא,תמצא,inuenio,0,0,379,22548
תמצא,תמצא,reperio,0,0,33,22548
תמצאונ,תמצאון,inuenio,0,0,379,22548
תמצאונ,תמצאון,reperio,0,0,33,22548
תמר,תמר,soror,8,40,94,22548
תמר,תמר,germana,0,40,1,22548
תמר,תמר,sororius,0,40,0,22548
תמר,תמר,agninus,0,40,0,22548
תמרה,תמרה,iudicium,0,15,361,22548
תמרה,תמרה,atrium,3,15,100,22548
תמרה,תמרה,aula,0,15,3,22548
תמרה,תמרה,indus,0,15,0,22548
תמרה,תמרה,illinc,0,15,0,22548
תמרה,תמרה,palma,15,15,40,22548
תמרו,תמרו,abnuo,0,0,2,22548
תמרות,תמרות,palma,0,0,40,22548
תמרימ,תמרים,palma,0,0,40,22548
תמרת,תמרת,palma,0,0,40,22548
תמת,תמת,morior,0,0,469,22548
תמת,תמת,pereo,0,0,156,22548
תמת,תמת,occido,0,0,196,22548
תמת,תמת,cado,0,0,252,22548
תמת,תמת,mors,0,0,197,22548
תמת,תמת,interfacio,0,0,149,22548
תמת,תמת,occaedes,0,0,26,22548
תמת,תמת,obeo,0,0,6,22548
תמת,תמת,percutio,0,0,489,22548
תמתונ,תמתון,morior,0,0,469,22548
תמתונ,תמתון,pereo,0,0,156,22548
תמתונ,תמתון,occido,0,0,196,22548
תמתונ,תמתון,cado,0,0,252,22548
תמתונ,תמתון,mors,0,0,197,22548
תמתונ,תמתון,interfacio,0,0,149,22548
תמתונ,תמתון,occaedes,0,0,26,22548
תמתונ,תמתון,obeo,0,0,6,22548
תמתונ,תמתון,percutio,0,0,489,22548
תן,תן,draco,12,15,25,22548
תן,תן,serpens,0,15,19,22548
תן,תן,anguis,0,15,0,22548
תן,תן,flumen,3,15,101,22548
תן,תן,fluuius,1,15,63,22548
תן,תן,amnis,0,15,4,22548
תנ,תן,do,1,15,1314,22548
תנ,תן,trado,0,15,321,22548
תנ,תן,dono,0,15,11,22548
תנ,תן,tribuo,0,15,66,22548
תנ,תן,concedo,0,15,15,22548
תנ,תן,soluo,0,15,36,22548
תנ,תן,reddo,0,15,173,22548
תנ,תן,stipendium,0,15,0,22548
תנדע,תנדע,nosco,0,0,122,22548
תנדע,תנדע,cognosco,0,0,131,22548
תנדע,תנדע,scio,0,0,334,22548
תנדע,תנדע,intellego,0,0,136,22548
תנדע,תנדע,scientia,0,0,76,22548
תנדע,תנדע,statuo,0,0,62,22548
תנה,תנה,uendo,0,4,61,22548
תנה,תנה,restituo,0,4,39,22548
תנה,תנה,soluo,0,4,36,22548
תנה,תנה,trado,0,4,321,22548
תנה,תנה,redeo,0,4,30,22548
תנה,תנה,reuorto,0,4,75,22548
תנה,תנה,stipendium,0,4,0,22548
תנה,תנה,libero,0,4,139,22548
תנה,תנה,reddo,0,4,173,22548
תנה,תנה,do,1,4,1314,22548
תנה,תנה,dono,0,4,11,22548
תנה,תנה,tribuo,0,4,66,22548
תנה,תנה,concedo,0,4,15,22548
תנה,תנה,perago,0,4,0,22548
תנו,תנו,do,0,0,1314,22548
תנו,תנו,trado,0,0,321,22548
תנו,תנו,dono,0,0,11,22548
תנו,תנו,tribuo,0,0,66,22548
תנו,תנו,concedo,0,0,15,22548
תנו,תנו,soluo,0,0,36,22548
תנו,תנו,reddo,0,0,173,22548
תנו,תנו,stipendium,0,0,0,22548
תנואה,תנואה,responso,0,2,0,22548
תנואה,תנואה,oppono,0,2,4,22548
תנובה,תנובה,profero,0,5,45,22548
תנובה,תנובה,gigno,0,5,190,22548
תנובה,תנובה,produco,0,5,20,22548
תנובה,תנובה,copia,0,5,6,22548
תנובה,תנובה,commeatus,0,5,0,22548
תנובה,תנובה,praebeo,0,5,49,22548
תנובה,תנובה,prosero,0,5,0,22548
תנוך,תנוך,uertex,0,7,44,22548
תנוך,תנוך,dexter,7,7,104,22548
תנוך,תנוך,ius,0,7,37,22548
תנוך,תנוך,impono,0,7,51,22548
תנוך,תנוך,impetus,0,7,22,22548
תנוך,תנוך,oppugno,0,7,0,22548
תנוך,תנוך,hepatia,0,7,0,22548
תנוך,תנוך,auris,0,7,145,22548
תנוך,תנוך,pedum,0,7,0,22548
תנוך,תנוך,pedes,0,7,12,22548
תנוך,תנוך,pes,7,7,224,22548
תנומה,תנומה,somnus,2,5,25,22548
תנומה,תנומה,dormio,3,5,169,22548
תנופה,תנופה,sacrificium,1,28,152,22548
תנופה,תנופה,oblatio,2,28,85,22548
תנופה,תנופה,lacertus,0,28,1,22548
תנופה,תנופה,colice,0,28,0,22548
תנופה,תנופה,impono,0,28,51,22548
תנופה,תנופה,impetus,0,28,22,22548
תנופה,תנופה,oppugno,0,28,0,22548
תנח,תנח,molybdus,0,0,0,22548
תני,תני,do,0,0,1314,22548
תני,תני,trado,0,0,321,22548
תני,תני,dono,0,0,11,22548
תני,תני,tribuo,0,0,66,22548
תני,תני,concedo,0,0,15,22548
תני,תני,soluo,0,0,36,22548
תני,תני,reddo,0,0,173,22548
תני,תני,stipendium,0,0,0,22548
תנין,תנין,draco,8,13,25,22548
תנין,תנין,serpens,1,13,19,22548
תנין,תנין,anguis,0,13,0,22548
תנין,תנין,fascis,0,13,1,22548
תנין,תנין,uirga,3,13,91,22548
תנינ,תנין,draco,8,13,25,22548
תנינ,תנין,serpens,1,13,19,22548
תנינ,תנין,anguis,0,13,0,22548
תנינות,תנינות,alter,0,1,212,22548
תנינות,תנינות,deinde,0,1,3,22548
תנינות,תנינות,iterum,0,1,18,22548
תנינות,תנינות,secundo,0,1,0,22548
תנינות,תנינות,proximus,0,1,101,22548
תנינות,תנינות,secundus,1,1,130,22548
תנשמת,תנשמת,noctua,0,3,2,22548
תסגדונ,תסגדון,adoro,0,0,178,22548
תסגדונ,תסגדון,colo,0,0,46,22548
תסגדונ,תסגדון,basio,0,0,0,22548
תספ,תסף,accedo,0,0,108,22548
תספ,תסף,adicio,0,0,15,22548
תספ,תסף,adiungo,0,0,4,22548
תספ,תסף,addo,0,0,103,22548
תספונ,תספון,accedo,0,0,108,22548
תספונ,תספון,adicio,0,0,15,22548
תספונ,תספון,adiungo,0,0,4,22548
תספונ,תספון,addo,0,0,103,22548
תסר,תסר,abstulo,0,0,0,22548
תעבד,תעבד,opus,0,0,417,22548
תעבד,תעבד,facinus,0,0,2,22548
תעבד,תעבד,res,0,0,159,22548
תעבד,תעבד,negotium,0,0,12,22548
תעבד,תעבד,opero,0,0,7,22548
תעבד,תעבד,praeseruio,0,0,0,22548
תעה,תעה,desidero,0,44,42,22548
תעה,תעה,erro,24,44,37,22548
תעה,תעה,culpa,0,44,7,22548
תעה,תעה,desum,0,44,22,22548
תעה,תעה,uago,0,44,1,22548
תעו,תעו,uago,0,4,1,22548
תעטר,תעטר,corona,0,0,39,22548
תעל,תעל,ascendo,0,0,474,22548
תעל,תעל,mons,0,0,470,22548
תעל,תעל,escendo,0,0,0,22548
תעלה,תעלה,ascendo,2,11,474,22548
תעלה,תעלה,mons,0,11,470,22548
תעלה,תעלה,escendo,0,11,0,22548
תעלה,תעלה,flumen,1,11,101,22548
תעלה,תעלה,amnis,0,11,4,22548
תעלה,תעלה,fluuiatilis,0,11,0,22548
תעלה,תעלה,ager,3,11,214,22548
תעלה,תעלה,fundus,0,11,3,22548
תעלה,תעלה,campus,0,11,26,22548
תעלה,תעלה,praedium,0,11,0,22548
תעלה,תעלה,uilla,0,11,38,22548
תעלה,תעלה,sursum,0,11,20,22548
תעלה,תעלה,superne,0,11,0,22548
תעלה,תעלה,superus,0,11,1,22548
תעלה,תעלה,uinitor,0,11,6,22548
תעלה,תעלה,baptisterium,0,11,0,22548
תעלמה,תעלמה,celatum,0,2,0,22548
תעלמה,תעלמה,clam,0,2,11,22548
תעלמה,תעלמה,celate,0,2,0,22548
תעלמה,תעלמה,furtim,0,2,0,22548
תעמד,תעמד,fio,0,0,188,22548
תעמד,תעמד,nascor,0,0,103,22548
תעמד,תעמד,orior,0,0,52,22548
תעמד,תעמד,gigno,0,0,190,22548
תעמד,תעמד,sum,0,0,9821,22548
תעמד,תעמד,permaneo,0,0,36,22548
תעמד,תעמד,sisto,0,0,0,22548
תעמד,תעמד,sto,0,0,425,22548
תעמד,תעמד,constituo,0,0,186,22548
תעמד,תעמד,erigo,0,0,60,22548
תעמדנה,תעמדנה,sisto,0,0,0,22548
תעמדנה,תעמדנה,sto,0,0,425,22548
תעמדנה,תעמדנה,constituo,0,0,186,22548
תעמדנה,תעמדנה,erigo,0,0,60,22548
תענ,תען,rescribo,0,0,1,22548
תענ,תען,exaudio,0,0,135,22548
תענ,תען,respondeo,0,0,541,22548
תענה,תענה,arbitra,0,0,0,22548
תענך,תענך,donum,0,7,25,22548
תענך,תענך,munus,0,7,91,22548
תענך,תענך,praemium,0,7,3,22548
תענך,תענך,praesens,0,7,76,22548
תענך,תענך,datus,0,7,0,22548
תעע,תעע,deludifico,0,2,0,22548
תער,תער,gladius,4,12,353,22548
תער,תער,ferrum,0,12,41,22548
תער,תער,culter,0,12,5,22548
תער,תער,nouacula,3,12,5,22548
תעתעים,תעתעים,risus,2,2,9,22548
תעתעים,תעתעים,rideo,0,2,18,22548
תף,תף,tibia,2,16,7,22548
תף,תף,fistula,0,16,7,22548
תף,תף,cithara,10,16,41,22548
תף,תף,lyra,2,16,6,22548
תף,תף,tympanum,15,16,15,22548
תף,תף,chorus,6,16,33,22548
תפ,תף,tympanum,15,16,15,22548
תפארת,תפארת,gloria,26,48,214,22548
תפארת,תפארת,fama,0,48,14,22548
תפארת,תפארת,sententia,0,48,30,22548
תפארת,תפארת,existimatio,0,48,0,22548
תפארת,תפארת,laus,5,48,73,22548
תפארת,תפארת,opinio,0,48,0,22548
תפארת,תפארת,iactantia,1,48,2,22548
תפוח,תפוח,termino,0,12,2,22548
תפימ,תפים,tympanum,0,0,15,22548
תפל,תפל,cado,2,9,252,22548
תפל,תפל,concido,0,9,21,22548
תפל,תפל,ruo,0,9,18,22548
תפל,תפל,incido,0,9,17,22548
תפל,תפל,ruina,0,9,51,22548
תפלה,תפלה,oratio,57,70,64,22548
תפלה,תפלה,prex,6,70,27,22548
תפלה,תפלה,uotum,1,70,41,22548
תפלה,תפלה,precor,0,70,10,22548
תפלה,תפלה,oro,9,70,95,22548
תפלה,תפלה,uoueo,0,70,40,22548
תפלה,תפלה,opto,0,70,2,22548
תפלה,תפלה,quaeso,1,70,25,22548
תפלה,תפלה,obsecro,1,70,73,22548
תפלה,תפלה,tandem,0,70,4,22548
תפלה,תפלה,quonam,0,70,0,22548
תפלה,תפלה,precatio,0,70,0,22548
תפלה,תפלה,indigeo,0,70,25,22548
תפלונ,תפלון,cado,0,0,252,22548
תפלונ,תפלון,concido,0,0,21,22548
תפלונ,תפלון,ruo,0,0,18,22548
תפלונ,תפלון,incido,0,0,17,22548
תפלונ,תפלון,ruina,0,0,51,22548
תפלט,תפלט,marcor,0,0,0,22548
תפלת,תפלת,indigeo,0,0,25,22548
תפלת,תפלת,precatio,0,0,0,22548
תפף,תפף,ferio,0,2,19,22548
תפף,תפף,pulso,0,2,2,22548
תפף,תפף,percutio,0,2,489,22548
תפש,תפש,comprehendo,7,58,23,22548
תצא,תצא,exeo,0,0,81,22548
תצא,תצא,egredior,0,0,582,22548
תצא,תצא,prodeo,0,0,0,22548
תצא,תצא,liceor,0,0,0,22548
תצא,תצא,patior,0,0,36,22548
תצא,תצא,sino,0,0,24,22548
תצא,תצא,luceo,0,0,35,22548
תציל,תציל,marcor,0,0,0,22548
תצליח,תצליח,uiaticulum,0,0,0,22548
תצמח,תצמח,exsurgo,0,0,1,22548
תצמח,תצמח,assurgo,0,0,3,22548
תקבר,תקבר,sepelio,0,0,114,22548
תקבר,תקבר,condo,0,0,15,22548
תקבר,תקבר,funus,0,0,2,22548
תקבר,תקבר,insepultus,0,0,0,22548
תקומ,תקום,surgo,0,0,287,22548
תקומ,תקום,exsurgo,0,0,1,22548
תקות,תקות,pollentia,0,0,0,22548
תקח,תקח,affero,0,0,107,22548
תקח,תקח,adduco,0,0,215,22548
תקח,תקח,induco,0,0,68,22548
תקח,תקח,capio,0,0,207,22548
תקח,תקח,sumo,0,0,94,22548
תקח,תקח,accipio,0,0,247,22548
תקח,תקח,recipio,0,0,37,22548
תקח,תקח,impetro,0,0,1,22548
תקח,תקח,excipio,0,0,19,22548
תקחו,תקחו,capio,0,0,207,22548
תקחו,תקחו,sumo,0,0,94,22548
תקחו,תקחו,accipio,0,0,247,22548
תקחו,תקחו,recipio,0,0,37,22548
תקחו,תקחו,impetro,0,0,1,22548
תקחו,תקחו,excipio,0,0,19,22548
תקימ,תקים,sisto,0,0,0,22548
תקימ,תקים,sto,0,0,425,22548
תקימ,תקים,constituo,0,0,186,22548
תקימ,תקים,erigo,0,0,60,22548
תקיף,תקיף,durus,0,4,46,22548
תקיף,תקיף,fortis,2,4,262,22548
תקיף,תקיף,ualidus,0,4,15,22548
תקיף,תקיף,trux,0,4,0,22548
תקיפה,תקיפה,ualidus,0,0,15,22548
תקיפה,תקיפה,fortis,0,0,262,22548
תקיפה,תקיפה,robustus,0,0,77,22548
תקיפה,תקיפה,firmus,0,0,25,22548
תקיפה,תקיפה,uehemens,0,0,16,22548
תקל,תקל,ungulus,0,0,0,22548
תקמ,תקם,surgo,0,0,287,22548
תקמ,תקם,exsurgo,0,0,1,22548
תקע,תקע,plaga,2,61,187,22548
תקע,תקע,uulnus,0,61,25,22548
תקע,תקע,ictus,0,61,2,22548
תקע,תקע,tuba,20,61,58,22548
תקע,תקע,lituus,0,61,0,22548
תקע,תקע,bucina,21,61,37,22548
תקע,תקע,tubula,0,61,0,22548
תקפ,תקף,uis,0,6,73,22548
תקפ,תקף,robur,0,6,46,22548
תקפ,תקף,fortitudo,2,6,232,22548
תקפ,תקף,potentia,0,6,17,22548
תקרא,תקרא,cognominis,0,0,0,22548
תקרא,תקרא,appello,0,0,48,22548
תקרא,תקרא,nomino,0,0,16,22548
תקרא,תקרא,nomen,0,0,730,22548
תקרא,תקרא,inuito,0,0,5,22548
תקרא,תקרא,uoco,0,0,413,22548
תקראנה,תקראנה,appello,0,0,48,22548
תקראנה,תקראנה,nomino,0,0,16,22548
תקראנה,תקראנה,nomen,0,0,730,22548
תקראנה,תקראנה,inuito,0,0,5,22548
תקראנה,תקראנה,uoco,0,0,413,22548
תקשו,תקשו,conduro,0,0,0,22548
תקשו,תקשו,induro,0,0,20,22548
תרא,תרא,uideo,0,0,1044,22548
תרא,תרא,cerno,0,0,61,22548
תרא,תרא,conspicio,0,0,7,22548
תרא,תרא,aspicio,0,0,36,22548
תרא,תרא,animaduerto,0,0,5,22548
תרא,תרא,obseruo,0,0,56,22548
תראה,תראה,idas,0,0,0,22548
תראה,תראה,lignum,0,0,254,22548
תראה,תראה,uideo,0,0,1044,22548
תראה,תראה,cerno,0,0,61,22548
תראה,תראה,conspicio,0,0,7,22548
תראה,תראה,aspicio,0,0,36,22548
תראה,תראה,animaduerto,0,0,5,22548
תראה,תראה,obseruo,0,0,56,22548
תראו,תראו,uideo,0,0,1044,22548
תראו,תראו,cerno,0,0,61,22548
תראו,תראו,conspicio,0,0,7,22548
תראו,תראו,aspicio,0,0,36,22548
תראו,תראו,animaduerto,0,0,5,22548
תראו,תראו,obseruo,0,0,56,22548
תראינה,תראינה,uideo,0,0,1044,22548
תראינה,תראינה,cerno,0,0,61,22548
תראינה,תראינה,conspicio,0,0,7,22548
תראינה,תראינה,aspicio,0,0,36,22548
תראינה,תראינה,animaduerto,0,0,5,22548
תראינה,תראינה,obseruo,0,0,56,22548
תרב,תרב,pluratiuus,0,0,0,22548
תרבות,תרבות,augeo,1,1,18,22548
תרבות,תרבות,cresco,0,1,41,22548
תרבית,תרבית,utilitas,0,6,3,22548
תרבית,תרבית,confero,0,6,12,22548
תרבית,תרבית,partitudo,0,6,0,22548
תרבית,תרבית,productio,0,6,0,22548
תרגם,תרגם,traduco,0,1,22,22548
תרד,תרד,descendo,0,0,256,22548
תרד,תרד,deicio,0,0,19,22548
תרומ,תרום,sublimo,0,0,4,22548
תרומה,תרומה,primitiae,31,62,56,22548
תרומה,תרומה,aphaerema,0,62,0,22548
תרומה,תרומה,confero,1,62,12,22548
תרומה,תרומה,induco,0,62,68,22548
תרומה,תרומה,uectigal,0,62,5,22548
תרומיה,תרומיה,confero,0,1,12,22548
תרומיה,תרומיה,induco,0,1,68,22548
תרומת,תרומת,primitiae,0,0,56,22548
תרומת,תרומת,aphaerema,0,0,0,22548
תרועה,תרועה,clamor,6,32,62,22548
תרועה,תרועה,clamatus,0,32,0,22548
תרועה,תרועה,mensis,3,32,208,22548
תרועה,תרועה,insitium,0,32,0,22548
תרועה,תרועה,tuba,9,32,58,22548
תרועה,תרועה,lituus,0,32,0,22548
תרועה,תרועה,bucina,6,32,37,22548
תרועה,תרועה,tubula,0,32,0,22548
תרזה,תרזה,arbor,0,1,25,22548
תרזה,תרזה,lignum,1,1,254,22548
תרח,תרח,nouo,0,11,1,22548
תרח,תרח,nouendialis,0,11,0,22548
תרחק,תרחק,defectio,0,0,1,22548
תרחק,תרחק,deficio,0,0,100,22548
תרין,תרין,duo,0,2,461,22548
תרין,תרין,uterque,0,2,109,22548
תרין,תרין,uter,0,2,5,22548
תרין,תרין,bini,0,2,12,22548
תרמ,תרם,sublimo,0,0,4,22548
תרן,תרן,malus,2,3,201,22548
תרן,תרן,uelum,0,3,27,22548
תרן,תרן,tela,0,3,5,22548
תרנ,תרן,malus,2,3,201,22548
תרנ,תרן,uelum,0,3,27,22548
תרנ,תרן,tela,0,3,5,22548
תרע,תרע,porta,0,2,286,22548
תרע,תרע,ianua,0,2,13,22548
תרע,תרע,fores,1,2,12,22548
תרע,תרע,foras,0,2,27,22548
תרע,תרע,ostium,0,2,132,22548
תרע,תרע,foris,0,2,62,22548
תרע,תרע,limen,0,2,18,22548
תרע,תרע,portae,0,2,0,22548
תרעה,תרעה,upilio,0,0,0,22548
תרעש,תרעש,fio,0,0,188,22548
תרעש,תרעש,nascor,0,0,103,22548
תרעש,תרעש,orior,0,0,52,22548
תרעש,תרעש,gigno,0,0,190,22548
תרעש,תרעש,sum,0,0,9821,22548
תרעש,תרעש,praetrepidus,0,0,0,22548
תרעש,תרעש,trepidulus,0,0,0,22548
תרפימ,תרפים,idolum,1,15,61,22548
תרפימ,תרפים,simulacrum,2,15,27,22548
תרפימ,תרפים,imaginis,0,15,0,22548
תרפימ,תרפים,umbra,0,15,55,22548
תרפימ,תרפים,imago,0,15,16,22548
תרשיש,תרשיש,chrysopis,0,30,0,22548
תרשיש,תרשיש,prasoides,0,30,0,22548
תרשיש,תרשיש,ceu,0,30,0,22548
תרשיש,תרשיש,uelut,0,30,42,22548
תרשיש,תרשיש,pecunia,0,30,72,22548
תרשיש,תרשיש,argenteus,0,30,78,22548
תרשיש,תרשיש,nummus,0,30,1,22548
תרשיש,תרשיש,argentum,6,30,189,22548
תרשיש,תרשיש,lapis,2,30,216,22548
תרשיש,תרשיש,saxum,0,30,12,22548
תרשיש,תרשיש,marmor,0,30,4,22548
תרשיש,תרשיש,marmoreus,0,30,2,22548
תרשיש,תרשיש,gemma,0,30,19,22548
תרשיש,תרשיש,petrinus,0,30,0,22548
תרשיש,תרשיש,nauis,10,30,27,22548
תרשיש,תרשיש,uasum,0,30,0,22548
תרשיש,תרשיש,nauicula,0,30,0,22548
תרשיש,תרשיש,scapha,0,30,0,22548
תרשיש,תרשיש,puppis,0,30,0,22548
תרשיש,תרשיש,aurum,9,30,229,22548
תרשיש,תרשיש,aureus,1,30,142,22548
תרשתא,תרשתא,dux,0,5,155,22548
תרשתא,תרשתא,imperator,0,5,1,22548
תרשתא,תרשתא,rector,0,5,2,22548
תרשתא,תרשתא,miles,0,5,23,22548
תרשתא,תרשתא,princeps,0,5,610,22548
תרתן,תרתן,dux,0,2,155,22548
תרתן,תרתן,imperator,0,2,1,22548
תרתן,תרתן,rector,0,2,2,22548
תרתן,תרתן,miles,0,2,23,22548
תרתן,תרתן,princeps,0,2,610,22548
תרתן,תרתן,communis,0,2,9,22548
תשא,תשא,perspecto,0,0,0,22548
תשא,תשא,capio,0,0,207,22548
תשא,תשא,sumo,0,0,94,22548
תשא,תשא,accipio,0,0,247,22548
תשא,תשא,recipio,0,0,37,22548
תשא,תשא,impetro,0,0,1,22548
תשא,תשא,excipio,0,0,19,22548
תשאב,תשאב,aquor,0,0,0,22548
תשאב,תשאב,fluento,0,0,0,22548
תשאר,תשאר,relinquo,0,0,119,22548
תשב,תשב,auerto,0,0,85,22548
תשב,תשב,reflecto,0,0,1,22548
תשב,תשב,conuerto,0,0,187,22548
תשב,תשב,sedeo,0,0,226,22548
תשב,תשב,consido,0,0,2,22548
תשב,תשב,maneo,0,0,122,22548
תשב,תשב,persisto,0,0,0,22548
תשב,תשב,moror,0,0,66,22548
תשב,תשב,sto,0,0,425,22548
תשב,תשב,reliquus,0,0,186,22548
תשב,תשב,remaneo,0,0,92,22548
תשב,תשב,exspecto,0,0,36,22548
תשב,תשב,resto,0,0,7,22548
תשבו,תשבו,habito,0,0,514,22548
תשבע,תשבע,eodem,0,0,0,22548
תשבר,תשבר,praetero,0,0,0,22548
תשוב,תשוב,conuerto,0,0,187,22548
תשוב,תשוב,tergum,0,0,46,22548
תשוב,תשוב,redeo,0,0,30,22548
תשוב,תשוב,reuorto,0,0,75,22548
תשוב,תשוב,reuoco,0,0,7,22548
תשוב,תשוב,rursus,0,0,113,22548
תשועה,תשועה,saluus,0,32,64,22548
תשועה,תשועה,tueor,1,32,6,22548
תשועה,תשועה,salutaris,0,32,4,22548
תשועה,תשועה,saluator,0,32,36,22548
תשועה,תשועה,salus,25,32,95,22548
תשועת,תשועת,saluus,0,0,64,22548
תשועת,תשועת,tueor,0,0,6,22548
תשועת,תשועת,salutaris,0,0,4,22548
תשועת,תשועת,saluator,0,0,36,22548
תשועת,תשועת,salus,0,0,95,22548
תשוקה,תשוקה,impetus,0,3,22,22548
תשוקת,תשוקת,refugium,0,0,5,22548
תשחת,תשחת,corrumpo,0,0,13,22548
תשחת,תשחת,perdo,0,0,60,22548
תשחת,תשחת,uasto,0,0,45,22548
תשיב,תשיב,uendo,0,0,61,22548
תשיב,תשיב,restituo,0,0,39,22548
תשיב,תשיב,soluo,0,0,36,22548
תשיב,תשיב,trado,0,0,321,22548
תשיב,תשיב,redeo,0,0,30,22548
תשיב,תשיב,reuorto,0,0,75,22548
תשיב,תשיב,stipendium,0,0,0,22548
תשיב,תשיב,libero,0,0,139,22548
תשיב,תשיב,reddo,0,0,173,22548
תשיג,תשיג,comprehendo,0,0,23,22548
תשימ,תשים,uerutum,0,0,0,22548
תשימ,תשים,constituo,0,0,186,22548
תשימ,תשים,pono,0,0,697,22548
תשימ,תשים,loco,0,0,2,22548
תשימ,תשים,statuo,0,0,62,22548
תשימ,תשים,colloco,0,0,17,22548
תשימ,תשים,locus,0,0,513,22548
תשיעי,תשיעי,nonus,14,15,22,22548
תשיעי,תשיעי,mensis,9,15,208,22548
תשית,תשית,pono,0,0,697,22548
תשית,תשית,loco,0,0,2,22548
תשית,תשית,statuo,0,0,62,22548
תשית,תשית,colloco,0,0,17,22548
תשית,תשית,locus,0,0,513,22548
תשלח,תשלח,mitto,0,0,653,22548
תשלח,תשלח,littera,0,0,29,22548
תשלח,תשלח,dimitto,0,0,271,22548
תשלח,תשלח,aufero,0,0,256,22548
תשלט,תשלט,dominicus,0,0,2,22548
תשלימ,תשלים,libero,0,0,139,22548
תשלימ,תשלים,deditio,0,0,0,22548
תשלימ,תשלים,eruo,0,0,89,22548
תשלימ,תשלים,eripio,0,0,7,22548
תשלימ,תשלים,trado,0,0,321,22548
תשמ,תשם,impono,0,0,51,22548
תשמ,תשם,impetus,0,0,22,22548
תשמ,תשם,oppugno,0,0,0,22548
תשמ,תשם,pono,0,0,697,22548
תשמ,תשם,loco,0,0,2,22548
תשמ,תשם,statuo,0,0,62,22548
תשמ,תשם,colloco,0,0,17,22548
תשמ,תשם,locus,0,0,513,22548
תשמט,תשמט,postis,0,0,14,22548
תשמע,תשמע,audio,0,0,927,22548
תשמע,תשמע,exaudio,0,0,135,22548
תשמע,תשמע,ausculto,0,0,17,22548
תשמעו,תשמעו,audio,0,0,927,22548
תשמעו,תשמעו,exaudio,0,0,135,22548
תשמעו,תשמעו,ausculto,0,0,17,22548
תשמעונ,תשמעון,audio,0,0,927,22548
תשמעונ,תשמעון,exaudio,0,0,135,22548
תשמעונ,תשמעון,ausculto,0,0,17,22548
תשמר,תשמר,seruo,0,0,66,22548
תשמר,תשמר,custodio,0,0,267,22548
תשמר,תשמר,praesidium,0,0,26,22548
תשמר,תשמר,caueo,0,0,38,22548
תשמר,תשמר,custos,0,0,73,22548
תשע,תשע,nonagenarius,1,74,1,22548
תשע,תשע,nonaginta,18,74,18,22548
תשע,תשע,nouo,0,74,1,22548
תשע,תשע,nouendialis,0,74,0,22548
תשע,תשע,sexageni,0,74,0,22548
תשע,תשע,sexagenarius,0,74,2,22548
תשעה,תשעה,nouo,0,0,1,22548
תשעה,תשעה,nouendialis,0,0,0,22548
תשעימ,תשעים,centum,0,0,156,22548
תשעימ,תשעים,ducenti,0,0,69,22548
תשעימ,תשעים,duceni,0,0,0,22548
תשעימ,תשעים,nonagenarius,0,0,1,22548
תשעימ,תשעים,nonaginta,0,0,18,22548
תשעימ,תשעים,quinquaginta,0,0,118,22548
תשעימ,תשעים,quindecim,0,0,16,22548
תשעימ,תשעים,quinque,0,0,183,22548
תשפטו,תשפטו,iudico,0,0,181,22548
תשפטו,תשפטו,decerno,0,0,23,22548
תשפטו,תשפטו,iudex,0,0,63,22548
תשפטו,תשפטו,iudicium,0,0,361,22548
תשפטו,תשפטו,reciperator,0,0,0,22548
תשפטו,תשפטו,statuo,0,0,62,22548
תשק,תשק,suauium,0,0,0,22548
תשק,תשק,basio,0,0,0,22548
תשק,תשק,madefacto,0,0,0,22548
תשקינ,תשקין,madefacto,0,0,0,22548
תשת,תשת,pono,0,0,697,22548
תשת,תשת,loco,0,0,2,22548
תשת,תשת,statuo,0,0,62,22548
תשת,תשת,colloco,0,0,17,22548
תשת,תשת,locus,0,0,513,22548
תשתה,תשתה,bibo,0,0,194,22548
תשתה,תשתה,poto,0,0,9,22548
תשתה,תשתה,potus,0,0,27,22548
תשתוחחי,תשתוחחי,tristor,0,0,1,22548
תשתחו,תשתחו,adoro,0,0,178,22548
תשתחו,תשתחו,colo,0,0,46,22548
תשתחו,תשתחו,basio,0,0,0,22548
תשתחוה,תשתחוה,adoro,0,0,178,22548
תשתחוה,תשתחוה,colo,0,0,46,22548
תשתחוה,תשתחוה,basio,0,0,0,22548
תשתחוינ,תשתחוין,adoro,0,0,178,22548
תשתחוינ,תשתחוין,colo,0,0,46,22548
תשתחוינ,תשתחוין,basio,0,0,0,22548
תת,תת,do,0,0,1314,22548
תת,תת,trado,0,0,321,22548
תת,תת,dono,0,0,11,22548
תת,תת,tribuo,0,0,66,22548
תת,תת,concedo,0,0,15,22548
תת,תת,soluo,0,0,36,22548
תת,תת,reddo,0,0,173,22548
תת,תת,stipendium,0,0,0,22548
תת,תת,ergo,0,0,727,22548
תת,תת,hinc,0,0,24,22548
תת,תת,igitur,0,0,327,22548
תת,תת,propterea,0,0,119,22548
תת,תת,ideo,0,0,55,22548
תת,תת,pro,0,0,689,22548
תתכ,תתך,do,0,0,1314,22548
תתכ,תתך,trado,0,0,321,22548
תתכ,תתך,dono,0,0,11,22548
תתכ,תתך,tribuo,0,0,66,22548
תתכ,תתך,concedo,0,0,15,22548
תתכ,תתך,soluo,0,0,36,22548
תתכ,תתך,reddo,0,0,173,22548
תתכ,תתך,stipendium,0,0,0,22548
תתכ,תתך,dictum,0,0,0,22548
תתכ,תתך,uerbum,0,0,712,22548
תתכ,תתך,uox,0,0,345,22548
תתכ,תתך,uersus,0,0,18,22548
תתכ,תתך,sermo,0,0,429,22548
תתכ,תתך,carmen,0,0,23,22548
תתכ,תתך,poema,0,0,0,22548
תתנ,תתן,uendo,0,0,61,22548
תתנ,תתן,restituo,0,0,39,22548
תתנ,תתן,soluo,0,0,36,22548
תתנ,תתן,trado,0,0,321,22548
תתנ,תתן,redeo,0,0,30,22548
תתנ,תתן,reuorto,0,0,75,22548
תתנ,תתן,stipendium,0,0,0,22548
תתנ,תתן,libero,0,0,139,22548
תתנ,תתן,reddo,0,0,173,22548
תתנ,תתן,do,0,0,1314,22548
תתנ,תתן,dono,0,0,11,22548
תתנ,תתן,tribuo,0,0,66,22548
תתנ,תתן,concedo,0,0,15,22548
תתנ,תתן,deditio,0,0,0,22548
תתנ,תתן,eruo,0,0,89,22548
תתנ,תתן,eripio,0,0,7,22548
