hebrew,latin,attested_verses,hebrew_verses
אב,pater,849,1039
אב,genitor,1,1039
אב,parens,8,1039
אב,paternus,1,1039
אב,patri,0,1039
אב,patrem,0,1039
אב,patris,0,1039
אב,mos,6,1039
אב,consuetudo,2,1039
אב,patrimonium,0,1039
אב,patrius,0,1039
אבא,intro,0,0
אבא,introeo,0,0
אבא,ingredior,0,0
אבא,subeo,0,0
אבד,pereo,76,152
אבד,perdo,29,152
אבד,amitto,0,152
אבד,mors,2,152
אבד,deleo,11,152
אבד,intereo,2,152
אבד,ruina,1,152
אבד,disperdo,18,152
אבד,interfacio,4,152
אבד,morior,3,152
אבד,exitium,0,152
אבד,occido,1,152
אבד,perditio,4,152
אבד,occaedes,1,152
אבד,corrumpo,1,152
אבד,perimo,0,152
אבדתמ,pereo,0,0
אבדתמ,perdo,0,0
אבדתמ,amitto,0,0
אבדתמ,mors,0,0
אבדתמ,deleo,0,0
אבדתמ,intereo,0,0
אבדתמ,ruina,0,0
אבדתמ,disperdo,0,0
אבדתמ,interfacio,0,0
אבדתמ,morior,0,0
אבדתמ,exitium,0,0
אבדתמ,occido,0,0
אבה,uolo,6,52
אבה,difficultas,0,52
אבה,egestas,0,52
אבה,uix,0,52
אבה,paupertas,0,52
אבה,difficilis,0,52
אבה,cupio,0,52
אבה,opto,0,52
אבה,utinam,0,52
אבה,uoluntas,0,52
אבה,placeo,0,52
אבה,quasi,1,52
אבה,sicut,4,52
אבה,cupiditas,0,52
אבה,similis,0,52
אבה,eligo,0,52
אבה,deligo,0,52
אבה,lubet,0,52
אבה,obsecro,0,52
אבה,ligo,0,52
אבה,uincio,0,52
אבה,necto,0,52
אבה,opus,0,52
אבה,postulo,0,52
אבה,rogo,1,52
אבה,peto,0,52
אבה,oro,0,52
אבה,necesse,0,52
אבה,quaero,1,52
אבה,quaeso,0,52
אבה,necessarius,0,52
אבה,interrogo,0,52
אבה,desidero,0,52
אבה,recuso,0,52
אבה,nolo,39,52
אבה,inopia,0,52
אבהת,pater,0,0
אבהת,genitor,0,0
אבהת,parens,0,0
אבהת,paternus,0,0
אבהת,patri,0,0
אבהת,patrem,0,0
אבהת,patris,0,0
אבו,uolo,0,0
אבו,cupio,0,0
אבו,opto,0,0
אבו,utinam,0,0
אבו,uoluntas,0,0
אבו,placeo,0,0
אבו,quasi,0,0
אבו,sicut,0,0
אבו,cupiditas,0,0
אבו,similis,0,0
אבו,eligo,0,0
אבו,deligo,0,0
אבו,lubet,0,0
אבו,obsecro,0,0
אבו,pater,0,0
אבו,genitor,0,0
אבו,parens,0,0
אבו,paternus,0,0
אבו,patri,0,0
אבו,patrem,0,0
אבו,patris,0,0
אבוא,intro,0,0
אבוא,introeo,0,0
אבוא,ingredior,0,0
אבוא,subeo,0,0
אבוא,redeo,0,0
אבוא,reuorto,0,0
אבוא,uenio,0,0
אבוס,patina,0,3
אבות,pater,0,0
אבות,genitor,0,0
אבות,parens,0,0
אבות,paternus,0,0
אבות,patri,0,0
אבות,patrem,0,0
אבות,patris,0,0
אבות,descensus,0,0
אבחר,excerpo,0,0
אבי,pater,0,0
אבי,genitor,0,0
אבי,parens,0,0
אבי,paternus,0,0
אבי,patri,0,0
אבי,patrem,0,0
אבי,patris,0,0
אבי,patricus,0,0
אבי,filius,0,0
אבי,natus,0,0
אבי,gnatus,0,0
אבי,progenies,0,0
אבי,proles,0,0
אבי,nascor,0,0
אבי,filium,0,0
אבי,filii,0,0
אבי,filio,0,0
אביא,duco,0,0
אביא,ago,0,0
אביא,affero,0,0
אביא,adduco,0,0
אביא,educo,0,0
אביא,fero,0,0
אביא,deduco,0,0
אביא,induco,0,0
אביא,defero,0,0
אביא,introduco,0,0
אביא,infero,0,0
אביא,offertor,0,0
אביא,plumbum,0,0
אביא,attulo,0,0
אביב,nauis,0,7
אביב,puppis,0,7
אביב,carina,0,7
אביב,ratis,0,7
אביב,classis,0,7
אביב,uasum,0,7
אביב,naui,0,7
אביב,nauem,0,7
אביב,mensis,4,7
אביון,pauper,34,36
אביון,miser,0,36
אביון,inops,3,36
אביון,paupertinus,0,36
אביון,mendicus,1,36
אביונ,inopia,0,0
אביונ,miser,0,0
אביונ,pauper,0,0
אביונ,mendicus,0,0
אבים,regno,3,4
אבים,rex,1,4
אבינדב,arca,4,12
אביר,dea,0,15
אביר,caelum,0,15
אביר,caelus,0,15
אביר,hercules,0,15
אביר,deus,0,15
אביר,deum,0,15
אביר,dei,0,15
אביר,deo,0,15
אביר,numen,0,15
אביר,diuus,0,15
אביר,uis,0,15
אביר,robur,0,15
אביר,fortitudo,1,15
אביר,potentia,0,15
אבירימ,taurus,0,0
אבירימ,bos,0,0
אבירימ,uitulus,0,0
אבירימ,taurinus,0,0
אבל,plenus,0,85
אבל,quidem,0,85
אבל,quamuis,0,85
אבל,lugeo,26,85
אבל,maereo,4,85
אבל,luctus,15,85
אבל,maeror,2,85
אבל,dolor,2,85
אבל,porta,3,85
אבל,ianua,1,85
אבל,fores,0,85
אבל,limen,0,85
אבל,ostium,0,85
אבל,portae,0,85
אבן,lapis,169,237
אבן,saxum,8,237
אבן,marmor,3,237
אבן,marmoreus,0,237
אבן,gemma,12,237
אבן,petrinus,0,237
אבנ,lapis,0,0
אבנ,saxum,0,0
אבנ,marmor,0,0
אבנ,marmoreus,0,0
אבנ,gemma,0,0
אבנ,petrinus,0,0
אבנה,materio,0,0
אבנה,aedifico,0,0
אבנט,cingulum,1,9
אבנט,balteus,5,9
אבנט,zona,1,9
אבנט,tunica,7,9
אבנט,tunico,0,9
אבני,lapis,0,0
אבני,saxum,0,0
אבני,marmor,0,0
אבני,marmoreus,0,0
אבני,gemma,0,0
אבני,petrinus,0,0
אבנימ,lapis,0,0
אבנימ,saxum,0,0
אבנימ,marmor,0,0
אבנימ,marmoreus,0,0
אבנימ,gemma,0,0
אבנימ,petrinus,0,0
אבעא,peto,0,0
אבעא,quaero,0,0
אבק,puluereus,0,8
אבק,luctor,0,8
אבק,debilis,0,8
אבקש,reflagito,0,0
אבקש,peto,0,0
אבקש,quaero,0,0
אבקשה,peto,0,0
אבקשה,quaero,0,0
אבר,ala,2,3
אבר,columna,0,3
אבר,penna,0,3
אבר,cornu,0,3
אברה,edo,0,2
אברה,comedo,0,2
אברה,uescor,0,2
אברה,manduco,0,2
אברה,ala,1,2
אברה,columna,0,2
אברה,penna,1,2
אברה,cornu,0,2
אברכ,benedico,0,0
אברכה,benedico,0,0
אבת,pater,0,6
אבת,genitor,0,6
אבת,parens,0,6
אבת,paternus,0,6
אבת,patri,0,6
אבת,patrem,0,6
אבת,patris,0,6
אבת,abito,0,6
אגיד,fama,0,0
אגיד,rumor,0,0
אגיד,defero,0,0
אגיד,nuntio,0,0
אגידה,fama,0,0
אגידה,rumor,0,0
אגידה,defero,0,0
אגידה,nuntio,0,0
אגם,capio,1,8
אגם,sumo,0,8
אגם,rapio,0,8
אגם,tollo,1,8
אגם,uolo,0,8
אגם,eligo,0,8
אגם,malo,0,8
אגם,deligo,0,8
אגם,antepono,0,8
אגם,flumen,2,8
אגם,fluuius,1,8
אגם,amnis,0,8
אגמ,capio,0,0
אגמ,sumo,0,0
אגמ,rapio,0,0
אגמ,tollo,0,0
אגמ,uolo,0,0
אגמ,eligo,0,0
אגמ,malo,0,0
אגמ,deligo,0,0
אגמ,antepono,0,0
אגמ,lacus,0,0
אגמ,palus,0,0
אגמ,stagnum,0,0
אגמון,ruo,0,5
אגמון,irruo,0,5
אגמון,impetum facio,0,5
אגמון,feror,0,5
אגמון,proficiscor,0,5
אגמימ,capio,0,0
אגמימ,sumo,0,0
אגמימ,rapio,0,0
אגמימ,tollo,0,0
אגמימ,uolo,0,0
אגמימ,eligo,0,0
אגמימ,malo,0,0
אגמימ,deligo,0,0
אגמימ,antepono,0,0
אגן,crater,0,3
אגן,poculum,0,3
אגן,uillum,0,3
אגן,patera,0,3
אגן,phiala,0,3
אגן,calix,0,3
אגף,exercitus,1,6
אגף,copia,0,6
אגף,miles,0,6
אגף,merito,0,6
אגרטל,panarium,0,1
אגרטל,cophinus,0,1
אגרש,eicio,0,0
אגרש,expello,0,0
אגרש,eiecto,0,0
אדב,appello,0,1
אדב,nomino,0,1
אדב,nomen,0,1
אדב,inuito,0,1
אדב,uoco,0,1
אדב,hortor,0,1
אדב,uolo,0,1
אדב,oro,0,1
אדב,obsecro,0,1
אדב,rogo,0,1
אדב,peto,0,1
אדבר,loquor,0,0
אדבר,fabulor,0,0
אדברה,loquor,0,0
אדברה,fabulor,0,0
אדומ,filius,0,0
אדומ,natus,0,0
אדומ,gnatus,0,0
אדומ,progenies,0,0
אדומ,proles,0,0
אדומ,nascor,0,0
אדומ,filium,0,0
אדומ,filii,0,0
אדומ,filio,0,0
אדונ,dominus,0,0
אדונ,erus,0,0
אדונ,erilis,0,0
אדונ,magister,0,0
אדונ,auctoritas,0,0
אדונ,potestas,0,0
אדיר,mirabilis,0,19
אדיר,durus,0,19
אדיר,fortis,2,19
אדיר,ualidus,0,19
אדיר,trux,0,19
אדם,humanus,5,496
אדם,humano,0,496
אדם,populus,17,496
אדם,qui,155,496
אדם,iste,25,496
אדם,orbis,1,496
אדם,plebs,0,496
אדם,mundum,0,496
אדם,uir,50,496
אדם,homo,386,496
אדמ,heros,0,0
אדמ,qui,0,0
אדמ,iste,0,0
אדמ,maritus,0,0
אדמ,uir,0,0
אדמ,homo,0,0
אדמ,uiri,0,0
אדמ,uirum,0,0
אדמ,uiro,0,0
אדמ,populus,0,0
אדמ,humanus,0,0
אדמ,orbis,0,0
אדמ,plebs,0,0
אדמ,mundum,0,0
אדמ,sardius,0,0
אדמדם,cutis,1,6
אדמדם,pellis,0,6
אדמדם,corium,0,6
אדמדם,tergus,0,6
אדמדם,abscondo,0,6
אדמדם,membrana,0,6
אדמדם,lepra,2,6
אדמדם,albus,4,6
אדמדם,candidus,0,6
אדמדם,lelepris,0,6
אדמדם,ophthalmias,0,6
אדמי,scopulae,0,11
אדמי,othonna,0,11
אדמי,yria,0,11
אדמני,ruber,0,3
אדמני,rufus,3,3
אדמני,rubeus,0,3
אדמני,burrus,0,3
אדמני,russus,0,3
אדמת,regio,0,0
אדמת,terra,0,0
אדמת,locus,0,0
אדמת,finis,0,0
אדמת,ager,0,0
אדמת,rus,0,0
אדן,basium,0,40
אדן,scala,0,40
אדן,iudicium,0,40
אדן,atrium,9,40
אדן,aula,0,40
אדן,cubitus,0,40
אדן,cubitum,6,40
אדן,phalangae,0,40
אדן,aureus,3,40
אדן,aurum,1,40
אדנ,dominus,0,0
אדנ,auctoritas,0,0
אדנ,erus,0,0
אדנ,potestas,0,0
אדנ,filia,0,0
אדנ,nascor,0,0
אדנ,puer,0,0
אדנ,pueri,0,0
אדנ,puerum,0,0
אדנ,natus,0,0
אדנ,filius,0,0
אדני,dominus,353,359
אדני,erus,0,359
אדני,erilis,0,359
אדני,magister,1,359
אדני,dea,0,359
אדני,caelum,4,359
אדני,caelus,0,359
אדני,hercules,0,359
אדני,deus,278,359
אדני,deum,0,359
אדני,dei,0,359
אדני,deo,0,359
אדני,numen,0,359
אדני,diuus,0,359
אדני,auctoritas,0,359
אדני,potestas,0,359
אדנימ,dominus,0,0
אדנימ,auctoritas,0,0
אדנימ,erus,0,0
אדנימ,potestas,0,0
אדע,nosco,0,0
אדע,cognosco,0,0
אדע,scio,0,0
אדע,intellego,0,0
אדע,scientia,0,0
אדע,statuo,0,0
אדעה,nosco,0,0
אדעה,cognosco,0,0
אדעה,scio,0,0
אדעה,intellego,0,0
אדעה,scientia,0,0
אדעה,statuo,0,0
אדר,lacrimosus,0,20
אדר,termino,0,20
אדרגזרי,duco,0,0
אדרגזרי,praecedo,0,0
אדרגזרי,credo,0,0
אדרגזרי,considero,0,0
אדרגזרי,existimo,0,0
אדרגזרי,iudico,0,0
אדרגזרי,teneo,0,0
אדרש,reflagito,0,0
אהב,amo,17,148
אהב,diligo,85,148
אהב,amor,4,148
אהב,contentus,0,148
אהב,soleo,0,148
אהב,caritas,1,148
אהב,osculum,1,148
אהב,amicus,16,148
אהב,carus,1,148
אהב,dilectus,1,148
אהב,familiaris,0,148
אהבה,amo,1,45
אהבה,diligo,22,45
אהבה,amor,9,45
אהבה,contentus,0,45
אהבה,dilectio,4,45
אהבו,amo,0,0
אהבו,diligo,0,0
אהבו,amor,0,0
אהבו,contentus,0,0
אהבי,amo,0,0
אהבי,diligo,0,0
אהבי,amor,0,0
אהבי,contentus,0,0
אהבת,amo,0,0
אהבת,diligo,0,0
אהבת,amor,0,0
אהבת,contentus,0,0
אהבתי,amo,0,0
אהבתי,diligo,0,0
אהבתי,amor,0,0
אהבתי,contentus,0,0
אהה,hei,0,15
אהוד,dexter,3,8
אהוד,ius,0,8
אהי,fio,0,0
אהי,nascor,0,0
אהי,orior,0,0
אהי,gigno,0,0
אהי,sum,0,0
אהיה,pateo,0,0
אהיה,aperio,0,0
אהיה,patefacio,0,0
אהל,tabernaculum,251,299
אהל,cubitus,1,299
אהל,domus,20,299
אהל,aedes,0,299
אהל,tecta,0,299
אהל,familia,6,299
אהל,templum,2,299
אהל,apud,1,299
אהל,cognatio,1,299
אהל,tectum,13,299
אהל,gener,0,299
אהל,sedes,1,299
אהל,praedium,0,299
אהל,domum,0,299
אהל,domo,0,299
אהל,scaena,0,299
אהל,papilio,2,299
אהל,porta,2,299
אהל,ianua,0,299
אהל,fores,0,299
אהל,foras,0,299
אהל,ostium,40,299
אהל,foris,7,299
אהל,limen,0,299
אהל,proba,0,299
אהלי,tabernaculum,0,0
אהלי,scaena,0,0
אוב,perfamiliaris,0,14
אוד,silua,0,3
אוד,tignum,0,3
אוד,materia,0,3
אוד,lignum,0,3
אוה,uolo,5,28
אוה,cupio,0,28
אוה,opto,0,28
אוה,utinam,0,28
אוה,uoluntas,0,28
אוה,placeo,2,28
אוה,quasi,0,28
אוה,sicut,6,28
אוה,cupiditas,0,28
אוה,similis,0,28
אוה,eligo,2,28
אוה,deligo,0,28
אוה,lubet,0,28
אוה,obsecro,0,28
אוה,recuso,0,28
אוה,nolo,0,28
אוה,desidero,19,28
אוה,cupido,0,28
אוה,libido,0,28
אוה,desiderium,3,28
אוה,monumentum,0,28
אוה,memoria,0,28
אוה,sepulcrum,1,28
אוה,tumulus,0,28
אוה,bustum,0,28
אוה,termino,0,28
אוי,dolor,1,25
אוי,aerumna,0,25
אוי,uae,21,25
אוי,dolentia,0,25
אוי,luctus,0,25
אוי,hei,0,25
אוי,clades,0,25
אוי,damnum,0,25
אוי,malum,1,25
אוי,pernicies,0,25
אויב,hostis,0,0
אויב,inimicus,0,0
אויב,infestus,0,0
אויבימ,hostis,0,0
אויבימ,inimicus,0,0
אויבימ,infestus,0,0
אויה,dolor,0,0
אויה,aerumna,0,0
אויה,uae,0,0
אויה,dolentia,0,0
אויה,luctus,0,0
אויה,clades,0,0
אויה,damnum,0,0
אויה,malum,0,0
אויה,pernicies,0,0
אויל,stultus,23,27
אויל,cogitatio,0,27
אויל,amens,0,27
אויל,desipio,0,27
אויל,hebeo,0,27
אוכל,possum,0,0
אוכל,ualeo,0,0
אוכל,potestas,0,0
אוכל,uis,0,0
אוכל,uirtus,0,0
אוכל,imperium,0,0
אוכל,queo,0,0
אוכל,edo,0,0
אוכל,comedo,0,0
אוכל,uescor,0,0
אוכל,manduco,0,0
אולי,par,0,44
אולי,fortasse,0,44
אולי,aequo,0,44
אולי,fors,0,44
אולי,forsitan,3,44
אולי,aequus,0,44
אולי,numquam,0,44
אולי,umquam,0,44
אולי,inocciduus,0,44
אולי,iubeo,0,44
אולי,ordo,0,44
אולי,impero,1,44
אולי,quantus,0,44
אולי,mox,0,44
אולי,cieo,0,44
אולי,forsit,0,44
אולי,pereo,2,44
אולי,perdo,0,44
אולי,amitto,0,44
אולי,mors,0,44
אולי,deleo,3,44
אולי,intereo,1,44
אולי,ruina,0,44
אולי,disperdo,0,44
אולי,interfacio,0,44
אולי,morior,0,44
אולי,exitium,0,44
אולי,occido,1,44
אולת,stultitia,15,22
און,cassus,0,62
אונ,iniquitas,0,0
אונ,iniustus,0,0
אונ,perducto,0,0
אונ,labor,0,0
אונ,aerumna,0,0
אונ,dolor,0,0
אונ,laboro,0,0
אונ,opera,0,0
אונ,laboris,0,0
אופן,rota,20,21
אופן,habeo,2,21
אופן,teneo,0,21
אופן,possideo,0,21
אופן,ala,4,21
אופן,penna,0,21
אופן,quadraginta,0,21
אופן,quattuor,7,21
אוץ,iubeo,0,10
אוץ,impero,0,10
אוץ,mando,0,10
אוץ,ordo,0,10
אוץ,praecipio,0,10
אוץ,imperium,0,10
אוץ,praesum,0,10
אוץ,consilium,0,10
אוץ,commendo,0,10
אוץ,hortor,0,10
אוץ,monstro,0,10
אוץ,uolo,0,10
אוץ,oro,0,10
אוץ,obsecro,0,10
אוץ,rogo,0,10
אוץ,peto,0,10
אוץ,uoco,0,10
אוצר,commeatus,0,68
אוצר,opportunus,0,68
אוצר,aerarius,0,68
אוצר,thesaurus,54,68
אוצר,profero,3,68
אוצר,gigno,0,68
אוצר,produco,1,68
אוצר,copia,0,68
אוצר,praebeo,0,68
אוצר,pecunia,0,68
אוצר,argenteus,0,68
אוצר,nummus,0,68
אוצר,argentum,16,68
אוצר,aurum,16,68
אוצר,aureus,3,68
אוצרות,aerarius,0,0
אוצרות,thesaurus,0,0
אוצרת,aerarius,0,0
אוצרת,thesaurus,0,0
אור,uir,4,126
אור,homo,1,126
אור,mortalis,0,126
אור,inalbeo,0,126
אור,regio,0,126
אור,terra,16,126
אור,locus,4,126
אור,finis,0,126
אור,ager,0,126
אור,rus,0,126
אור,tenebrae,25,126
אור,caligo,4,126
אור,obscuritas,0,126
אוריה,trygona,0,30
אוריה,gauia,0,30
אוריהו,trygona,0,3
אוריהו,gauia,0,3
אושע,seruo,0,0
אושע,conseruo,0,0
אושע,tueor,0,0
אושע,saluus,0,0
אושע,salus,0,0
אושע,libero,0,0
אושע,retineo,0,0
אושע,saluo,0,0
אות,cupido,0,73
אות,libido,0,73
אות,desiderium,0,73
אות,uolo,2,73
אות,cupio,0,73
אות,cupiditas,0,73
אות,signum,62,73
אות,symbolus,0,73
אות,testimonium,1,73
אות,argumentum,0,73
אות,insigne,0,73
אותת,signum,0,0
אותת,testimonium,0,0
אותת,argumentum,0,0
אותת,insigne,0,0
אז,imperium,0,117
אז,principium,1,117
אז,initium,2,117
אז,magistratus,0,117
אז,regnum,0,117
אז,honor,0,117
אז,ratio,0,117
אז,officium,0,117
אז,potestas,0,117
אז,uis,0,117
אז,primus,0,117
אזדא,defectio,0,2
אזדא,deficio,0,2
אזוב,hysopites,0,9
אזוב,hysopum,8,9
אזוב,cedrinus,6,9
אזוב,coccum,3,9
אזוב,coccineus,0,9
אזוב,silua,0,9
אזוב,tignum,0,9
אזוב,materia,0,9
אזוב,lignum,6,9
אזור,lumbus,5,12
אזי,ergo,0,0
אזי,igitur,0,0
אזי,maledictio,0,0
אזי,prex,0,0
אזי,tum,0,0
אזכיר,moneo,0,0
אזכיר,memoro,0,0
אזכיר,memini,0,0
אזכיר,recordor,0,0
אזכיר,memor,0,0
אזכיר,memoria,0,0
אזכיר,mentio,0,0
אזכיר,commemoro,0,0
אזכיר,reuoco,0,0
אזכר,moneo,0,0
אזכר,memoro,0,0
אזכר,memini,0,0
אזכר,recordor,0,0
אזכר,memor,0,0
אזכר,memoria,0,0
אזכר,mentio,0,0
אזכר,commemoro,0,0
אזכר,reuoco,0,0
אזכרה,moneo,0,7
אזכרה,memoro,0,7
אזכרה,memini,0,7
אזכרה,recordor,0,7
אזכרה,memor,0,7
אזכרה,memoria,1,7
אזכרה,mentio,0,7
אזכרה,commemoro,0,7
אזכרה,reuoco,0,7
אזכרה,impono,0,7
אזכרה,impetus,0,7
אזכרה,oppugno,0,7
אזכרה,mnemosynon,0,7
אזל,discedo,0,10
אזל,recedo,2,10
אזל,abeo,1,10
אזל,abito,0,10
אזמר,uellico,0,0
אזמרה,uellico,0,0
אזן,audio,102,186
אזן,exaudio,5,186
אזן,ausculto,8,186
אזן,auris,113,186
אזנ,auris,0,0
אזנ,manubriolum,0,0
אזנ,manubriatus,0,0
אזר,induo,0,10
אזר,inito,0,10
אזר,quaestiono,0,10
אזרח,uilla,0,16
אזרח,patrius,0,16
אזרח,compressor,0,16
אח,frater,498,570
אח,germanus,1,570
אח,auunculus,2,570
אח,fratris,0,570
אח,filius,195,570
אח,natus,0,570
אח,gnatus,0,570
אח,progenies,1,570
אח,proles,0,570
אח,nascor,8,570
אח,filium,0,570
אח,filii,0,570
אח,filio,0,570
אחבא,celo,0,0
אחבא,abscondo,0,0
אחבא,occulo,0,0
אחבא,operio,0,0
אחד,reliquus,5,710
אחד,ceterus,2,710
אחד,alter,72,710
אחד,alienus,3,710
אחד,alius,15,710
אחד,uicesimus,6,710
אחד,uiginti,16,710
אחד,uiceni,0,710
אחד,unus,446,710
אחד,quisquam,4,710
אחד,in,345,710
אחד,complures,0,710
אחד,quisque,0,710
אחד,undecim,9,710
אחד,aliter,0,710
אחד,interlunis,0,710
אחד,interlunium,0,710
אחד,ullus,1,710
אחד,nullus,2,710
אחד,aliquis,0,710
אחד,nihil,4,710
אחד,homo,30,710
אחד,quidam,5,710
אחד,uir,57,710
אחד,certus,0,710
אחד,qui,204,710
אחד,iste,8,710
אחד,quis,15,710
אחד,ceu,0,710
אחד,uelut,0,710
אחו,dolentia,0,3
אחו,dolor,0,3
אחו,doloris,0,3
אחו,luctus,0,3
אחו,maeror,0,3
אחו,canna,0,3
אחו,harundo,0,3
אחו,calamus,0,3
אחור,extremus,0,28
אחור,ultimus,0,28
אחור,nouissimus,0,28
אחור,denique,0,28
אחור,posterus,5,28
אחור,tergum,4,28
אחור,rursus,0,28
אחות,soror,90,103
אחות,germana,1,103
אחות,sororius,0,103
אחות,glos,0,103
אחות,sororis,0,103
אחז,retineo,0,96
אחז,possessio,3,96
אחז,teneo,15,96
אחזת,paro,0,0
אחזת,acquiro,0,0
אחזת,possideo,0,0
אחזת,possessio,0,0
אחי,frater,0,1
אחי,germanus,0,1
אחי,alius,0,1
אחי,alter,0,1
אחי,mutuus,0,1
אחי,inuicem,0,1
אחידה,tenebrosus,0,0
אחיה,frater,1,19
אחיה,germanus,0,19
אחיו,frater,1,6
אחיו,germanus,0,6
אחימ,frater,0,0
אחימ,germanus,0,0
אחימלך,rescribo,0,15
אחימלך,exaudio,0,15
אחימלך,respondeo,2,15
אחינעם,duo,3,7
אחינעם,uterque,1,7
אחלמה,ebrietas,0,2
אחלקה,dispesco,0,0
אחלקה,seiugo,0,0
אחרון,extremus,2,40
אחרון,ultimus,0,40
אחרון,nouissimus,24,40
אחרון,denique,0,40
אחרון,posterus,1,40
אחרון,primus,11,40
אחרון,capularis,0,40
אחרונ,extremus,0,0
אחרונ,ultimus,0,0
אחרונ,nouissimus,0,0
אחרונ,denique,0,0
אחרונ,posterus,0,0
אחרונ,unus,0,0
אחרונ,alienus,0,0
אחרונ,aliter,0,0
אחרונ,quisquam,0,0
אחרונ,alius,0,0
אחרונ,alter,0,0
אחרונה,extremus,0,0
אחרונה,ultimus,0,0
אחרונה,nouissimus,0,0
אחרונה,denique,0,0
אחרונה,posterus,0,0
אחרות,unus,0,0
אחרות,alienus,0,0
אחרות,aliter,0,0
אחרות,quisquam,0,0
אחרות,alius,0,0
אחרות,alter,0,0
אחרי,reliquus,0,1
אחרי,ceterus,0,1
אחרי,alter,0,1
אחרי,alienus,0,1
אחרי,alius,1,1
אחרי,extremus,0,1
אחרי,ultimus,0,1
אחרי,nouissimus,0,1
אחרי,denique,0,1
אחרי,posterus,0,1
אחרי,unus,0,1
אחרי,aliter,0,1
אחרי,quisquam,0,1
אחרי,posthac,0,1
אחרי,postilla,0,1
אחרי,tergum,0,1
אחרי,pone,0,1
אחרי,rursus,0,1
אחרימ,exter,0,0
אחרימ,externus,0,0
אחרימ,alienus,0,0
אחרימ,unus,0,0
אחרימ,aliter,0,0
אחרימ,quisquam,0,0
אחרימ,alius,0,0
אחרימ,alter,0,0
אחרין,nouissimus,0,0
אחרין,denique,0,0
אחרין,extremus,0,0
אחרין,proximus,0,0
אחרין,tandem,0,0
אחרין,posterus,0,0
אחרית,extremus,3,51
אחרית,ultimus,0,51
אחרית,nouissimus,38,51
אחרית,denique,0,51
אחרית,posterus,0,51
אחרן,alius,0,2
אחרן,alter,1,2
אחרן,mutuus,0,2
אחרן,inuicem,0,2
אחרן,reliquus,0,2
אחרן,ceterus,0,2
אחרן,alienus,0,2
אחרן,unus,0,2
אחרן,aliter,0,2
אחרן,quisquam,1,2
אחרנ,unus,0,0
אחרנ,alienus,0,0
אחרנ,aliter,0,0
אחרנ,quisquam,0,0
אחרנ,alius,0,0
אחרנ,alter,0,0
אחרנה,extremus,0,0
אחרנה,ultimus,0,0
אחרנה,nouissimus,0,0
אחרנה,denique,0,0
אחרנה,posterus,0,0
אחרנימ,extremus,0,0
אחרנימ,ultimus,0,0
אחרנימ,nouissimus,0,0
אחרנימ,denique,0,0
אחרנימ,posterus,0,0
אחרנית,scalaris,0,6
אחרנית,decem,3,6
אחרנית,deni,0,6
אחרנית,umbra,3,6
אחרת,unus,0,0
אחרת,alienus,0,0
אחרת,aliter,0,0
אחרת,quisquam,0,0
אחרת,alius,0,0
אחרת,alter,0,0
אחשדרפן,satrapes,0,6
אחשדרפני,consul,0,0
אחשדרפני,super,0,0
אחשתרן,palatium,0,2
אחשתרן,regius,0,2
אחת,soror,0,0
אחת,germana,0,0
אחת,sororius,0,0
אחת,semel,0,0
אחת,insemel,0,0
אחת,unus,0,0
אחת,alienus,0,0
אחת,aliter,0,0
אחת,quisquam,0,0
אחת,alius,0,0
אחת,alter,0,0
אחת,tempus,0,0
אחת,occasio,0,0
אחת,facultas,0,0
אחת,potestas,0,0
אחת,primus,0,0
אחת,capularis,0,0
אחת,quadraginta,0,0
אחת,quadrageni,0,0
אט,inabruptus,0,6
אט,mitificus,0,6
אט,mitesco,0,6
אט,lenis,0,6
אט,clemens,0,6
אטון,lineus,0,1
אטון,linum,0,1
אטם,fenestra,4,7
אטם,specularis,0,7
אי,insula,31,74
אי,unde,8,74
אי,quare,1,74
אי,quorsum,0,74
אי,natura,0,74
אי,qualis,0,74
אי,credo,0,74
אי,certus,0,74
אי,puto,0,74
אי,aliquis,0,74
אי,quatenus,0,74
אי,quotus,0,74
איב,hostis,35,200
איב,inimicus,156,200
איב,infestus,0,200
איבה,inimicitia,2,5
איבה,odium,1,5
איבי,hostis,0,0
איבי,inimicus,0,0
איבי,infestus,0,0
איד,calamitas,2,21
איד,clades,0,21
איד,casus,0,21
איה,terra,2,42
איה,tellus,0,42
איה,ager,0,42
איה,credo,0,42
איה,certus,0,42
איה,puto,0,42
איה,aliquis,0,42
איה,quatenus,0,42
איה,quotus,0,42
איימ,gens,0,0
איימ,natio,0,0
איימ,populus,0,0
איימ,prouincia,0,0
איימ,tribus,0,0
איימ,insula,0,0
איכה,credo,0,16
איכה,certus,0,16
איכה,puto,0,16
איכה,aliquis,0,16
איכה,quatenus,0,16
איכה,quotus,0,16
איל,aries,129,176
איל,petro,0,176
איל,agninus,0,176
איל,ouinus,0,176
איל,ueruex,0,176
איל,ceruus,8,176
איל,cerua,0,176
איל,ceruinus,0,176
איל,tyrannus,0,176
איל,regius,0,176
איל,bos,30,176
איל,iuuencus,0,176
איל,taurus,9,176
איל,iumentum,0,176
איל,uitulus,48,176
איל,pecus,5,176
איל,armentum,26,176
איל,uacca,1,176
איל,bubulus,0,176
איל,annotinus,0,176
איל,anniculus,27,176
איל,iunix,0,176
אילות,imperium,0,0
אילות,principium,0,0
אילות,initium,0,0
אילות,magistratus,0,0
אילות,regnum,0,0
אילות,honor,0,0
אילות,ratio,0,0
אילות,officium,0,0
אילות,potestas,0,0
אילות,uis,0,0
אילות,primus,0,0
אילות,possum,0,0
אילות,ualeo,0,0
אילות,uirtus,0,0
אילות,queo,0,0
אילות,exercitus,0,0
אילות,copia,0,0
אילות,potentia,0,0
אילות,cogo,0,0
אילות,opis,0,0
אילות,robur,0,0
אילות,fortitudo,0,0
אילות,ceruus,0,0
אילות,cerua,0,0
אילות,ceruinus,0,0
אילות,auctoritas,0,0
אילות,licentia,0,0
אילימ,aries,0,0
אילימ,ceu,0,0
אילימ,uelut,0,0
אילם,curro,0,67
אילם,percurro,0,67
אילם,longitudo,10,67
אילם,quinquaginta,8,67
אילם,quindecim,0,67
אילם,quinque,9,67
אילם,cubitus,0,67
אילם,cubitum,13,67
אילם,porta,13,67
אילם,ianua,0,67
אילם,fores,0,67
אילם,limen,2,67
אילם,ostium,4,67
אילם,portae,0,67
אילמ,aries,0,0
אילן,arbor,0,0
אילן,lignum,0,0
אילנ,arbor,0,0
אילנ,lignum,0,0
אימה,metus,0,13
אימה,pauor,3,13
אימה,terror,4,13
אימה,timor,1,13
אימה,formido,2,13
אימה,timeo,0,13
אימה,metuo,0,13
אימה,uereor,0,13
אימתני,terribilis,0,0
אימתני,dirus,0,0
אימתני,atrox,0,0
אימתני,formidabilis,0,0
אימתני,saeuus,0,0
אימתני,periculum,0,0
אימתני,mirus,0,0
אימתני,metuo,0,0
אימתני,immanis,0,0
אימתני,lepidus,0,0
אימתני,horribilis,0,0
אינ,inuenio,0,0
אינ,reperio,0,0
אינ,habeo,0,0
אינ,teneo,0,0
אינ,possideo,0,0
אינ,ullus,0,0
אינ,nullus,0,0
אינ,quisquam,0,0
אינ,aliquis,0,0
אינ,nihil,0,0
אינ,ulter,0,0
אינ,decoctum,0,0
אינ,decima,0,0
אינ,unde,0,0
אינ,quare,0,0
איפה,metior,0,39
איפה,credo,0,39
איפה,certus,0,39
איפה,puto,0,39
איפה,aliquis,1,39
איפה,quatenus,0,39
איפה,quotus,0,39
איפה,oleum,8,39
איפה,olearius,0,39
איפה,olearis,0,39
אירא,timeo,0,0
אירא,metuo,0,0
איש,alius,28,1790
איש,alter,39,1790
איש,mutuus,4,1790
איש,inuicem,9,1790
איש,heros,0,1790
איש,qui,726,1790
איש,iste,79,1790
איש,maritus,18,1790
איש,uir,926,1790
איש,homo,289,1790
איש,uiri,0,1790
איש,uirum,0,1790
איש,uiro,0,1790
איש,populus,151,1790
איש,humanus,0,1790
איש,orbis,0,1790
איש,plebs,4,1790
איש,mundum,0,1790
איש,masculus,4,1790
איש,masculinus,3,1790
איש,mas,1,1790
איש,unus,86,1790
איש,complures,0,1790
איש,quisque,1,1790
איש,alienus,10,1790
איש,aliter,1,1790
איש,quisquam,21,1790
איש,habeo,90,1790
איש,teneo,15,1790
איש,possideo,8,1790
איש,nemo,11,1790
איש,ullus,3,1790
איש,nullus,43,1790
איש,aliquis,11,1790
איש,nihil,7,1790
איש,totus,7,1790
איש,uniuersus,68,1790
איש,cunctus,47,1790
איש,omnis,319,1790
איש,quidam,20,1790
איש,certus,2,1790
איש,quis,89,1790
אישונ,mulier,0,0
אישונ,filia,0,0
אישונ,uirgo,0,0
אישונ,nata,0,0
אישונ,puella,0,0
אישימ,populus,0,0
אישימ,qui,0,0
אישימ,humanus,0,0
אישימ,iste,0,0
אישימ,orbis,0,0
אישימ,plebs,0,0
אישימ,mundum,0,0
אישימ,uir,0,0
אישימ,homo,0,0
איתי,habeo,1,13
איתי,teneo,0,13
איתי,possideo,0,13
איתי,bonus,0,13
איתי,fortuna,0,13
איתי,praedium,0,13
איתי,substantia,0,13
אכ,ergo,0,0
אכ,igitur,0,0
אכ,maledictio,0,0
אכ,prex,0,0
אכ,tum,0,0
אכ,solus,0,0
אכ,unus,0,0
אכ,modo,0,0
אכ,pulto,0,0
אכ,saluo,0,0
אכ,nisi,0,0
אכבד,sententia,0,0
אכבד,glorifico,0,0
אכבד,opinor,0,0
אכבדה,sententia,0,0
אכבדה,glorifico,0,0
אכבדה,opinor,0,0
אכול,edo,0,0
אכול,comedo,0,0
אכול,uescor,0,0
אכול,manduco,0,0
אכזב,dolus,0,2
אכזר,crudelis,2,4
אכזר,durus,0,4
אכזר,infelix,0,4
אכזרי,crudelis,8,8
אכזרי,durus,1,8
אכזרי,infelix,0,8
אכזריות,crudelitas,0,1
אכזריות,saeuitia,0,1
אכל,stercus,5,708
אכל,pascuus,0,708
אכל,edo,17,708
אכל,comedo,285,708
אכל,uescor,5,708
אכל,manduco,4,708
אכל,deuoro,78,708
אכל,esco,0,708
אכל,cibus,43,708
אכל,uictus,1,708
אכל,uesco,32,708
אכל,compes,32,708
אכל,pappo,0,708
אכל,ergo,26,708
אכל,hinc,0,708
אכל,igitur,11,708
אכל,propterea,5,708
אכל,ideo,1,708
אכל,pro,21,708
אכלה,edo,0,0
אכלה,comedo,0,0
אכלה,uescor,0,0
אכלה,manduco,0,0
אכלה,peredo,0,0
אכלה,deuoro,0,0
אכלה,esco,0,0
אכלה,conficio,0,0
אכלו,pascuus,0,0
אכלו,impono,0,0
אכלו,esito,0,0
אכלו,esco,0,0
אכלו,edo,0,0
אכלו,comedo,0,0
אכלו,uescor,0,0
אכלו,manduco,0,0
אכלי,edo,0,0
אכלי,comedo,0,0
אכלי,uescor,0,0
אכלי,manduco,0,0
אכלי,deuoro,0,0
אכלי,esco,0,0
אכלימ,edo,0,0
אכלימ,comedo,0,0
אכלימ,uescor,0,0
אכלימ,manduco,0,0
אכלת,edo,0,0
אכלת,comedo,0,0
אכלת,uescor,0,0
אכלת,manduco,0,0
אכלת,deuoro,0,0
אכלת,esco,0,0
אכלת,uesco,0,0
אכלת,compes,0,0
אכלת,pappo,0,0
אכלתי,edo,0,0
אכלתי,comedo,0,0
אכלתי,uescor,0,0
אכלתי,manduco,0,0
אכלתמ,edo,0,0
אכלתמ,comedo,0,0
אכלתמ,uescor,0,0
אכלתמ,manduco,0,0
אכר,publicanus,0,7
אכר,humus,0,7
אכרת,dispono,0,0
אלגביש,lapis,3,3
אלגביש,saxum,0,3
אלגביש,marmor,0,3
אלגביש,marmoreus,0,3
אלגביש,gemma,0,3
אלגביש,petrinus,0,3
אלגביש,pluuia,0,3
אלה,mare,10,785
אלה,sal,3,785
אלה,pontus,0,785
אלה,sale,0,785
אלה,salinator,0,785
אלה,ergo,31,785
אלה,igitur,12,785
אלה,maledictio,12,785
אלה,prex,0,785
אלה,tum,0,785
אלה,pernicies,0,785
אלה,dominus,190,785
אלה,erus,0,785
אלה,erilis,0,785
אלה,magister,0,785
אלה,quercus,11,785
אלה,robur,2,785
אלה,ilex,0,785
אלה,idolum,3,785
אלה,simulacrum,0,785
אלה,imaginis,0,785
אלה,umbra,1,785
אלה,imago,0,785
אלה,pello,0,785
אלה,ago,4,785
אלה,fugo,1,785
אלה,impello,0,785
אלה,iter,1,785
אלה,dea,0,785
אלה,caelum,22,785
אלה,caelus,0,785
אלה,hercules,0,785
אלה,deus,132,785
אלה,deum,0,785
אלה,dei,0,785
אלה,deo,0,785
אלה,numen,0,785
אלה,diuus,0,785
אלה,auctoritas,0,785
אלה,potestas,2,785
אלהי,idolum,0,0
אלהי,simulacrum,0,0
אלהי,imaginis,0,0
אלהי,umbra,0,0
אלהי,imago,0,0
אלהי,dea,0,0
אלהי,caelum,0,0
אלהי,caelus,0,0
אלהי,hercules,0,0
אלהי,deus,0,0
אלהי,deum,0,0
אלהי,dei,0,0
אלהי,deo,0,0
אלהי,numen,0,0
אלהי,diuus,0,0
אלהי,dominus,0,0
אלהי,auctoritas,0,0
אלהי,erus,0,0
אלהי,potestas,0,0
אלהים,deus,1690,1893
אלהים,genius,0,1893
אלהים,ingenium,0,1893
אלהים,fortuna,0,1893
אלהים,spiritus,34,1893
אלהים,animus,6,1893
אלהים,numen,0,1893
אלהים,diuinus,4,1893
אלהים,diuus,0,1893
אלהים,dea,2,1893
אלהים,caelum,60,1893
אלהים,caelus,0,1893
אלהים,hercules,0,1893
אלהים,deum,0,1893
אלהים,dei,0,1893
אלהים,deo,0,1893
אלהימ,nuntius,0,0
אלהימ,legatus,0,0
אלהימ,angelus,0,0
אלהימ,dea,0,0
אלהימ,caelum,0,0
אלהימ,caelus,0,0
אלהימ,hercules,0,0
אלהימ,deus,0,0
אלהימ,deum,0,0
אלהימ,dei,0,0
אלהימ,deo,0,0
אלהימ,numen,0,0
אלהימ,diuus,0,0
אלהימ,dominus,0,0
אלהימ,auctoritas,0,0
אלהימ,erus,0,0
אלהימ,potestas,0,0
אלהינ,dea,0,0
אלהינ,caelum,0,0
אלהינ,caelus,0,0
אלהינ,hercules,0,0
אלהינ,deus,0,0
אלהינ,deum,0,0
אלהינ,dei,0,0
אלהינ,deo,0,0
אלהינ,numen,0,0
אלהינ,diuus,0,0
אלוה,deus,41,47
אלוה,genius,0,47
אלוה,ingenium,0,47
אלוה,fortuna,0,47
אלוה,spiritus,3,47
אלוה,animus,0,47
אלוה,numen,0,47
אלוה,diuinus,0,47
אלוה,diuus,0,47
אלוה,dea,0,47
אלוה,caelum,2,47
אלוה,caelus,0,47
אלוה,hercules,0,47
אלוה,deum,0,47
אלוה,dei,0,47
אלוה,deo,0,47
אלון,glans,0,20
אלון,quercus,11,20
אלון,robur,0,20
אלון,ilex,1,20
אלון,cedrinus,0,20
אלון,cedrus,4,20
אלונ,reliquus,0,0
אלונ,ceterus,0,0
אלונ,alter,0,0
אלונ,alienus,0,0
אלונ,alius,0,0
אלונ,glans,0,0
אלוף,praesertim,0,27
אלוף,princeps,2,27
אלוף,magnus,0,27
אלוף,dux,22,27
אלוף,praecipuus,0,27
אלוף,maximus,0,27
אלוף,imperator,0,27
אלוף,rector,0,27
אלוף,miles,0,27
אלופ,dux,0,0
אלופ,imperator,0,0
אלופ,rector,0,0
אלופ,miles,0,0
אלופ,princeps,0,0
אלופי,dux,0,0
אלופי,imperator,0,0
אלופי,rector,0,0
אלופי,miles,0,0
אלופי,princeps,0,0
אלות,sustollo,0,0
אליהו,sol,0,57
אליהו,phoebus,0,57
אליהו,solis,0,57
אליל,deus,4,15
אליל,genius,0,15
אליל,ingenium,0,15
אליל,fortuna,0,15
אליל,spiritus,1,15
אליל,animus,0,15
אליל,numen,0,15
אליל,diuinus,1,15
אליל,diuus,0,15
אליל,dea,0,15
אליל,caelum,1,15
אליל,caelus,0,15
אליל,hercules,0,15
אליל,deum,0,15
אליל,dei,0,15
אליל,deo,0,15
אליל,adoro,3,15
אליל,colo,0,15
אליל,basio,0,15
אליל,artificiosus,0,15
אלילי,artificiosus,0,0
אלימ,dea,0,0
אלימ,caelum,0,0
אלימ,caelus,0,0
אלימ,hercules,0,0
אלימ,deus,0,0
אלימ,deum,0,0
אלימ,dei,0,0
אלימ,deo,0,0
אלימ,numen,0,0
אלימ,diuus,0,0
אלימלך,ager,2,6
אלימלך,fundus,0,6
אלימלך,campus,0,6
אלימלך,praedium,0,6
אלימלך,uilla,0,6
אלימלך,bos,0,6
אלימלך,iuuencus,0,6
אלימלך,taurus,0,6
אלימלך,iumentum,0,6
אלימלך,uitulus,0,6
אלימלך,pecus,0,6
אלימלך,armentum,0,6
אלימלך,uacca,0,6
אלימלך,bubulus,0,6
אליקים,scriba,4,12
אליקים,amanuensis,0,12
אליקים,dispensator,0,12
אלכ,heros,0,0
אלכ,qui,0,0
אלכ,iste,0,0
אלכ,maritus,0,0
אלכ,uir,0,0
אלכ,homo,0,0
אלכ,uiri,0,0
אלכ,uirum,0,0
אלכ,uiro,0,0
אלכ,abeo,0,0
אלכ,discedo,0,0
אלכ,abito,0,0
אלכ,ibi,0,0
אלכה,abeo,0,0
אלכה,discedo,0,0
אלכה,abito,0,0
אלם,aurum,0,9
אלם,os,5,9
אלם,labium,0,9
אלם,labrum,0,9
אלם,osculum,0,9
אלמד,doceo,0,0
אלמד,ostendo,0,0
אלמד,certus,0,0
אלמד,disco,0,0
אלמנה,uiduus,4,47
אלמנה,iudicium,7,47
אלמנה,pupillus,22,47
אלמנה,compressor,0,47
אלמני,hospes,0,3
אלמני,peregrinus,0,3
אלמני,aduena,0,3
אלמני,exter,0,3
אלמני,externus,0,3
אלמת,farratus,0,0
אלני,quercus,0,1
אלני,robur,0,1
אלני,ilex,0,1
אלף,mille,329,385
אלף,innumerabilitas,0,385
אלף,innumerabilis,0,385
אלף,immensus,0,385
אלף,miliarius,0,385
אלף,milleni,1,385
אלף,centum,36,385
אלפ,mille,0,0
אלפ,miliarius,0,0
אלפ,milleni,0,0
אלפ,centum,0,0
אלפי,mille,0,0
אלפי,miliarius,0,0
אלפימ,bini,0,0
אלפימ,septeni,0,0
אלפימ,hebdomada,0,0
אלפימ,terni,0,0
אלפימ,tribunus,0,0
אלפימ,mille,0,0
אלפימ,miliarius,0,0
אלפינ,mille,0,0
אלפינ,miliarius,0,0
אם,mater,170,1068
אם,genetrix,2,1068
אם,parens,5,1068
אם,matrem,0,1068
אם,matri,0,1068
אם,matris,0,1068
אמ,aurora,0,0
אמ,mane,0,0
אמ,usque,0,0
אמ,dum,0,0
אמ,quoad,0,0
אמ,donec,0,0
אמ,mensis,0,0
אמ,mater,0,0
אמ,genetrix,0,0
אמ,parens,0,0
אמ,matrem,0,0
אמ,matri,0,0
אמ,matris,0,0
אמ,dimidius,0,0
אמ,uterinus,0,0
אמ,quotiens,0,0
אמ,quoniam,0,0
אמ,saluo,0,0
אמ,nisi,0,0
אמה,centum,14,187
אמה,adulescentula,0,187
אמה,cubitus,4,187
אמה,cubitum,100,187
אמה,tribus,2,187
אמה,gens,2,187
אמה,tributim,0,187
אמה,latitudo,63,187
אמה,eurus,0,187
אמה,longitudo,51,187
אמהת,adulescentula,0,0
אמוט,conuoluo,0,0
אמון,fidelis,3,26
אמון,fides,0,26
אמון,hercules,0,26
אמון,fidus,0,26
אמון,regno,4,26
אמון,rex,10,26
אמונה,etenim,0,26
אמונה,uerus,0,26
אמונה,hercules,0,26
אמונה,ueritas,0,26
אמונה,germanus,0,26
אמונה,edepol,0,26
אמונה,pol,0,26
אמונה,pignus,0,26
אמונה,fidelitas,0,26
אמונה,fides,9,26
אמונה,iudicium,2,26
אמונה,iustus,1,26
אמונה,ius,0,26
אמונה,iustitia,4,26
אמונה,dexter,0,26
אמונה,aequitas,0,26
אמונה,aequus,0,26
אמונה,iustifico,0,26
אמונה,oportet,0,26
אמונה,pulcher,0,26
אמונה,mereo,0,26
אמונה,dignus,0,26
אמונה,rego,0,26
אמונת,etenim,0,0
אמונת,uerus,0,0
אמונת,hercules,0,0
אמונת,ueritas,0,0
אמוץ,propheta,5,13
אמוץ,expositor,0,13
אמות,morior,0,0
אמות,pereo,0,0
אמות,occido,0,0
אמות,cado,0,0
אמות,mors,0,0
אמות,interfacio,0,0
אמות,occaedes,0,0
אמות,obeo,0,0
אמות,percutio,0,0
אמות,cubitus,0,0
אמות,cubitum,0,0
אמחה,detergeo,0,0
אמי,tribus,0,1
אמי,gens,0,1
אמי,tributim,0,1
אמי,regio,0,1
אמי,terra,0,1
אמי,locus,0,1
אמי,finis,0,1
אמי,ager,0,1
אמי,rus,0,1
אמימ,gens,0,0
אמימ,natio,0,0
אמימ,populus,0,0
אמימ,prouincia,0,0
אמימ,tribus,0,0
אמימ,plebs,0,0
אמימ,uulgus,0,0
אמימ,turba,0,0
אמימ,exercitus,0,0
אמימ,militia,0,0
אמימ,hospes,0,0
אמימ,tecolithos,0,0
אמימ,petrinus,0,0
אמימ,popularis,0,0
אמינ,cubitus,0,0
אמינ,cubitum,0,0
אמיר,ramus,1,3
אמל,uitis,1,13
אמל,mados,0,13
אמל,inaresco,0,13
אמל,exsicco,1,13
אמל,lugeo,2,13
אמל,maereo,1,13
אמלט,seruo,0,0
אמלט,conseruo,0,0
אמלט,tueor,0,0
אמלט,saluus,0,0
אמלט,salus,0,0
אמלט,libero,0,0
אמלט,retineo,0,0
אמלט,saluo,0,0
אמללה,lugeo,0,0
אמללה,maereo,0,0
אמן,spero,0,107
אמן,confido,1,107
אמן,existimo,0,107
אמן,fiducia,0,107
אמן,credo,37,107
אמן,fidelis,22,107
אמן,fides,2,107
אמן,hercules,0,107
אמן,fidus,0,107
אמנ,germanus,0,0
אמנ,fio,0,0
אמנ,nascor,0,0
אמנ,orior,0,0
אמנ,gigno,0,0
אמנ,sum,0,0
אמנ,hercules,0,0
אמנ,edepol,0,0
אמנ,pol,0,0
אמנ,pignus,0,0
אמנ,fidelitas,0,0
אמנ,fides,0,0
אמנה,quidem,0,8
אמנה,immo,0,8
אמנה,plenus,0,8
אמנה,quamuis,0,8
אמנה,tamen,0,8
אמנון,soror,6,22
אמנון,germana,0,22
אמנון,sororius,0,22
אמנון,agninus,0,22
אמנונ,agninus,0,0
אמץ,uis,0,37
אמץ,robur,0,37
אמץ,fortitudo,2,37
אמץ,potentia,0,37
אמצא,inuenio,0,0
אמצא,reperio,0,0
אמציהו,clango,0,30
אמר,reporto,1,4258
אמר,rescribo,1,4258
אמר,exaudio,15,4258
אמר,respondeo,457,4258
אמר,aio,715,4258
אמר,dico,3045,4258
אמר,inquam,81,4258
אמר,loquor,545,4258
אמר,profor,0,4258
אמר,quaero,64,4258
אמר,peto,24,4258
אמר,interrogo,48,4258
אמר,postulo,18,4258
אמר,rogo,10,4258
אמר,fabulor,0,4258
אמר,uoco,165,4258
אמר,appello,13,4258
אמר,iubeo,34,4258
אמר,praecipio,171,4258
אמר,ordo,6,4258
אמר,imperium,12,4258
אמר,impero,16,4258
אמר,sermo,186,4258
אמר,uerbum,266,4258
אמרה,dico,2,10
אמרה,loquor,1,10
אמרה,aio,1,10
אמרה,uoco,0,10
אמרה,appello,0,10
אמרו,quaero,0,0
אמרו,peto,0,0
אמרו,interrogo,0,0
אמרו,postulo,0,0
אמרו,rogo,0,0
אמרו,dico,0,0
אמרו,loquor,0,0
אמרו,aio,0,0
אמרו,uoco,0,0
אמרו,appello,0,0
אמרות,oraculum,0,0
אמרי,dico,14,84
אמרי,loquor,2,84
אמרי,aio,0,84
אמרי,uoco,2,84
אמרי,appello,0,84
אמרי,oraculum,0,84
אמרי,sermo,0,84
אמרי,uerbum,1,84
אמרימ,dico,0,0
אמרימ,loquor,0,0
אמרימ,aio,0,0
אמרימ,uoco,0,0
אמרימ,appello,0,0
אמרינ,dico,0,0
אמרינ,loquor,0,0
אמרינ,aio,0,0
אמרינ,uoco,0,0
אמרינ,appello,0,0
אמרת,aio,0,0
אמרת,dico,0,0
אמרת,inquam,0,0
אמרת,loquor,0,0
אמרת,respondeo,0,0
אמרת,profor,0,0
אמרת,uoco,0,0
אמרת,appello,0,0
אמרת,oraculum,0,0
אמרת,causa,0,0
אמרת,argumentum,0,0
אמרת,contio,0,0
אמרת,tabula,0,0
אמרת,fabula,0,0
אמרת,ob,0,0
אמרת,ratio,0,0
אמרת,uerbi,0,0
אמרת,oratio,0,0
אמרת,uerbum,0,0
אמרת,sermo,0,0
אמרת,uox,0,0
אמרתי,aio,0,0
אמרתי,dico,0,0
אמרתי,inquam,0,0
אמרתי,loquor,0,0
אמרתי,respondeo,0,0
אמרתי,profor,0,0
אמרתי,uoco,0,0
אמרתי,appello,0,0
אמרתמ,dico,0,0
אמרתמ,loquor,0,0
אמרתמ,aio,0,0
אמרתמ,uoco,0,0
אמרתמ,appello,0,0
אמש,hesternus,0,5
אמת,etenim,0,82
אמת,uerus,18,82
אמת,hercules,0,82
אמת,ueritas,50,82
אמת,certus,0,82
אמת,germanus,0,82
אמת,iudicium,12,82
אמת,iustitia,6,82
אמת,aequitas,2,82
אמת,seruus,2,82
אמת,famulus,0,82
אמת,mancipium,0,82
אמת,seruio,2,82
אמת,seruitium,0,82
אמת,puer,0,82
אמת,famula,0,82
אמת,ancilla,0,82
אמת,ministra,0,82
אמת,adulescentula,0,82
אמת,misericordia,15,82
אמת,clementia,1,82
אמת,misero,0,82
אמת,noctua,0,82
אמת,misereo,0,82
אמתחת,euerto,0,12
אמתחת,diruo,0,12
אמתחת,subuerto,0,12
אמתחת,destruo,0,12
אמתחת,depopulor,0,12
אמתחת,uasto,0,12
אמתחת,diripio,0,12
אמתחת,populor,0,12
אמתחת,pecunia,8,12
אמתחת,argenteus,1,12
אמתחת,nummus,0,12
אמתחת,argentum,2,12
אמתחת,unus,1,12
אמתחת,complures,0,12
אמתחת,alter,0,12
אמתחת,quisque,0,12
אמתחת,impono,0,12
אמתימ,duo,0,0
אמתימ,uter,0,0
אמתימ,bini,0,0
אמתימ,cubitus,0,0
אמתימ,cubitum,0,0
אן,quorsum,0,42
אן,quocumque,0,42
אן,credo,1,42
אן,certus,0,42
אן,puto,0,42
אן,aliquis,0,42
אן,quatenus,0,42
אן,quotus,0,42
אנ,sol,0,0
אנ,phoebus,0,0
אנ,solis,0,0
אנ,urbs,0,0
אנ,ciuitas,0,0
אנ,oppidum,0,0
אנ,moenia,0,0
אנ,publicus,0,0
אנ,athenae,0,0
אנ,municipium,0,0
אנ,urbem,0,0
אנ,urbis,0,0
אנ,credo,0,0
אנ,certus,0,0
אנ,puto,0,0
אנ,aliquis,0,0
אנ,quatenus,0,0
אנ,quotus,0,0
אנא,quonam,0,4
אנא,precor,0,4
אנא,oro,1,4
אנא,uoueo,0,4
אנא,opto,0,4
אנא,quaeso,1,4
אנא,obsecro,3,4
אנא,oratio,1,4
אנא,prex,0,4
אנא,tandem,0,4
אנב,fructus,0,0
אנב,pomum,0,0
אנב,messis,0,0
אנדע,nosco,0,0
אנדע,cognosco,0,0
אנדע,scio,0,0
אנדע,intellego,0,0
אנדע,scientia,0,0
אנדע,statuo,0,0
אנה,laudo,1,11
אנה,laus,0,11
אנה,nusquam,0,11
אנה,credo,0,11
אנה,certus,1,11
אנה,puto,0,11
אנה,aliquis,0,11
אנה,quatenus,0,11
אנה,quotus,0,11
אנוש,populus,3,44
אנוש,qui,11,44
אנוש,humanus,1,44
אנוש,iste,2,44
אנוש,orbis,0,44
אנוש,plebs,0,44
אנוש,mundum,0,44
אנוש,uir,4,44
אנוש,homo,28,44
אנוש,genero,0,44
אנוש,quinquaginta,0,44
אנוש,quindecim,1,44
אנוש,quinque,2,44
אנחה,gemebundus,0,7
אנחת,gemebundus,0,0
אניה,nauis,20,25
אניה,puppis,0,25
אניה,carina,0,25
אניה,ratis,0,25
אניה,classis,4,25
אניה,uasum,0,25
אניה,naui,0,25
אניה,nauem,0,25
אניה,nauicula,0,25
אניה,scapha,0,25
אניות,nauis,0,0
אניות,puppis,0,0
אניות,carina,0,0
אניות,ratis,0,0
אניות,classis,0,0
אניות,uasum,0,0
אניות,naui,0,0
אניות,nauem,0,0
אנן,queror,0,2
אנן,accuso,0,2
אנן,insimulo,0,2
אנן,incuso,0,2
אנן,uitupero,0,2
אנן,reprehendo,0,2
אנן,culpa,0,2
אנן,culpo,0,2
אנס,cogo,1,1
אנס,copia,0,1
אנס,uis,0,1
אנס,coacto,0,1
אנס,necessitas,0,1
אנס,fatum,0,1
אנס,necesse,0,1
אנס,necessarius,0,1
אנף,obirascor,0,12
אנפ,uultus,0,0
אנפ,facies,0,0
אנפ,os,0,0
אנפ,ora,0,0
אנפ,persona,0,0
אנפו,uultus,0,0
אנפו,facies,0,0
אנפו,os,0,0
אנפו,ora,0,0
אנפו,persona,0,0
אנקת,gemebundus,0,0
אנש,heros,0,7
אנש,qui,6,7
אנש,iste,0,7
אנש,maritus,0,7
אנש,uir,1,7
אנש,homo,4,7
אנש,uiri,0,7
אנש,uirum,0,7
אנש,uiro,0,7
אנש,humanus,1,7
אנש,humano,0,7
אנש,populus,0,7
אנש,orbis,0,7
אנש,plebs,0,7
אנש,mundum,0,7
אנשי,heros,0,0
אנשי,qui,0,0
אנשי,iste,0,0
אנשי,maritus,0,0
אנשי,uir,0,0
אנשי,homo,0,0
אנשי,uiri,0,0
אנשי,uirum,0,0
אנשי,uiro,0,0
אנשי,populus,0,0
אנשי,humanus,0,0
אנשי,orbis,0,0
אנשי,plebs,0,0
אנשי,mundum,0,0
אנשימ,heros,0,0
אנשימ,qui,0,0
אנשימ,iste,0,0
אנשימ,maritus,0,0
אנשימ,uir,0,0
אנשימ,homo,0,0
אנשימ,uiri,0,0
אנשימ,uirum,0,0
אנשימ,uiro,0,0
אנשימ,populus,0,0
אנשימ,humanus,0,0
אנשימ,orbis,0,0
אנשימ,plebs,0,0
אנשימ,mundum,0,0
אסא,regno,13,51
אסא,rex,25,51
אסוך,urnula,0,1
אסוך,seria,0,1
אסון,accido,1,5
אסון,euenio,0,5
אסון,fors,0,5
אסון,sequor,0,5
אסונ,lenitudo,0,0
אסונ,praemollis,0,0
אסור,uinculum,1,3
אסור,catena,0,3
אסור,nodus,0,3
אסור,syron,0,3
אסיר,captiuus,0,14
אסיר,captiuo,0,14
אסיר,phylaca,0,14
אסף,congrego,83,201
אסף,simul,4,201
אסף,colligo,26,201
אספ,accedo,0,0
אספ,adicio,0,0
אספ,adiungo,0,0
אספ,addo,0,0
אספ,congrego,0,0
אספ,simul,0,0
אספ,colligo,0,0
אספו,congrego,0,0
אספו,simul,0,0
אספו,colligo,0,0
אספסף,labrusca,0,1
אספסף,uua,0,1
אספרה,elogio,0,0
אסר,ligo,12,69
אסר,uincio,19,69
אסר,necto,0,69
אסר,opus,2,69
אסר,uolo,0,69
אסר,postulo,0,69
אסר,rogo,0,69
אסר,peto,0,69
אסר,oro,0,69
אסר,necesse,0,69
אסר,quaero,2,69
אסר,quaeso,0,69
אסר,necessarius,0,69
אסר,interrogo,0,69
אסר,obsecro,1,69
אסר,desidero,0,69
אסר,oratio,0,69
אסר,prex,0,69
אסר,uotum,3,69
אסר,uotiuus,0,69
אסתר,celo,0,45
אסתר,abscondo,0,45
אסתר,occulo,0,45
אסתר,operio,1,45
אע,ligneus,0,3
אע,silua,0,3
אע,lignum,3,3
אע,caudeus,0,3
אע,tignum,0,3
אע,materia,0,3
אע,nemus,0,3
אע,lucus,0,3
אע,res,0,3
אע,lutarius,0,3
אעבד,seruus,0,0
אעבד,seruitus,0,0
אעבד,seruio,0,0
אעידה,obtestor,0,0
אעלה,ascendo,0,0
אעלה,mons,0,0
אעלה,escendo,0,0
אעשה,pereo,0,0
אעשה,perdo,0,0
אעשה,amitto,0,0
אעשה,mors,0,0
אעשה,deleo,0,0
אעשה,intereo,0,0
אעשה,ruina,0,0
אעשה,disperdo,0,0
אעשה,interfacio,0,0
אעשה,morior,0,0
אעשה,exitium,0,0
אעשה,occido,0,0
אף,naris,9,330
אף,nasus,1,330
אפ,spicifer,0,0
אפ,animus,0,0
אפ,spiritus,0,0
אפ,furor,0,0
אפ,ira,0,0
אפ,cor,0,0
אפ,pectus,0,0
אפ,amor,0,0
אפ,mens,0,0
אפ,libido,0,0
אפ,pectoralis,0,0
אפ,animi,0,0
אפ,obirascor,0,0
אפ,iracundia,0,0
אפ,uultus,0,0
אפ,facies,0,0
אפ,os,0,0
אפ,ora,0,0
אפ,persona,0,0
אפד,succollo,0,40
אפדה,protectus,0,3
אפדה,opertus,0,3
אפה,asso,0,23
אפה,panis,6,23
אפה,maturo,0,23
אפו,credo,1,15
אפו,certus,0,15
אפו,puto,0,15
אפו,aliquis,0,15
אפו,quatenus,0,15
אפו,quotus,0,15
אפיל,nuper,0,1
אפיל,serotinus,1,1
אפיל,serus,0,1
אפיל,nouissimus,0,1
אפיל,denique,0,1
אפיל,extremus,0,1
אפיל,posterus,0,1
אפימ,longanimis,0,0
אפימ,uultus,0,0
אפימ,facies,0,0
אפימ,os,0,0
אפימ,ora,0,0
אפימ,persona,0,0
אפיק,contumulo,0,16
אפיקי,fons,0,0
אפיקי,scatebra,0,0
אפל,tenebrae,6,7
אפל,caligo,4,7
אפל,obscuritas,0,7
אפל,cernentia,0,7
אפל,tuor,0,7
אפלה,cado,0,9
אפלה,concido,0,9
אפלה,ruo,0,9
אפלה,incido,0,9
אפלה,ruina,0,9
אפלה,tenebrae,8,9
אפלה,caligo,3,9
אפלה,obscuritas,0,9
אפלה,nubiuagus,0,9
אפנ,conuerto,0,0
אפס,linquo,0,39
אפס,saluo,0,39
אפס,nisi,0,39
אפסי,uertex,0,0
אפעה,draco,0,4
אפעה,serpens,0,4
אפעה,anguis,0,4
אפעה,coluber,0,4
אפק,syron,0,16
אפר,puluis,4,20
אפר,puluero,0,20
אפר,puluereus,0,20
אפר,cinis,17,20
אפר,fauilla,2,20
אפריון,lectica,0,1
אפתח,pateo,0,0
אפתח,aperio,0,0
אפתח,patefacio,0,0
אצבע,digitus,27,28
אצבע,septingenties,0,28
אצבע,septies,0,28
אצבע,ala,0,28
אצבע,columna,1,28
אצבע,penna,0,28
אצבע,cornu,6,28
אצבעת,digitus,0,0
אצו,imperatus,0,0
אצוה,imperatus,0,0
אציל,optimus,0,5
אציל,praestans,0,5
אציל,fortissimus,0,5
אציל,fortis,0,5
אציל,nobilis,0,5
אציל,optimas,0,5
אציל,generosus,0,5
אציל,bonus,0,5
אציל,perbonus,0,5
אציל,pulcher,0,5
אציל,formosus,0,5
אציל,bene,0,5
אציל,ius,0,5
אציל,aequus,0,5
אציל,speciosus,0,5
אציל,ualeo,0,5
אציל,posterus,0,5
אציל,dexter,0,5
אציל,puteus,0,5
אציל,bellus,0,5
אצל,habeo,4,64
אצל,teneo,2,64
אצל,possideo,0,64
אצעדה,periscelis,1,2
אצר,dux,2,10
אצר,imperator,0,10
אצר,rector,0,10
אצר,miles,0,10
אצר,princeps,0,10
אצרות,aerarius,0,0
אצרות,thesaurus,0,0
אצרת,aerarius,0,0
אצרת,thesaurus,0,0
אקבצ,congrego,0,0
אקבצ,simul,0,0
אקבצ,colligo,0,0
אקברה,sepelio,0,0
אקברה,condo,0,0
אקברה,funus,0,0
אקברה,insepultus,0,0
אקוה,fero,0,0
אקוה,patior,0,0
אקוה,maneo,0,0
אקח,capio,0,0
אקח,sumo,0,0
אקח,accipio,0,0
אקח,recipio,0,0
אקח,impetro,0,0
אקח,excipio,0,0
אקימ,sisto,0,0
אקימ,sto,0,0
אקימ,constituo,0,0
אקימ,erigo,0,0
אקרא,clamo,0,0
אקרא,uociferor,0,0
אקרא,exclamo,0,0
אקרא,clamor,0,0
אקרא,appello,0,0
אקרא,nomino,0,0
אקרא,nomen,0,0
אקרא,inuito,0,0
אקרא,uoco,0,0
אקרע,capio,0,0
אקרע,sumo,0,0
אקרע,accipio,0,0
אקרע,recipio,0,0
אקרע,impetro,0,0
אקרע,excipio,0,0
ארא,indico,0,1
ארא,probo,0,1
ארא,ostendo,0,1
ארא,uideo,0,1
ארא,cerno,0,1
ארא,conspicio,0,1
ארא,aspicio,0,1
ארא,animaduerto,0,1
ארא,obseruo,0,1
אראה,ecce,0,0
אראה,uideo,0,0
אראה,cerno,0,0
אראה,conspicio,0,0
אראה,aspicio,0,0
אראה,animaduerto,0,0
אראה,obseruo,0,0
ארב,hostis,0,41
ארב,inimicus,1,41
ארב,infestus,0,41
ארב,inquilino,0,41
ארבה,gryllus,0,38
ארבה,cliuulus,0,38
ארבה,pluratiuus,0,38
ארבה,semen,5,38
ארבה,stirps,0,38
ארבה,proles,0,38
ארבה,semento,0,38
ארבע,uicesimus,7,393
ארבע,uiginti,30,393
ארבע,uiceni,0,393
ארבע,centum,9,393
ארבע,quinquagenarius,0,393
ארבע,quinquaginta,20,393
ארבע,quadraginta,109,393
ארבע,quattuor,154,393
ארבע,quartus,17,393
ארבע,quadringenti,48,393
ארבע,triceni,0,393
ארבע,triginta,19,393
ארבע,treceni,0,393
ארבע,trecenti,8,393
ארבעה,decem,0,0
ארבעה,deni,0,0
ארבעה,uicesimus,0,0
ארבעה,uiginti,0,0
ארבעה,uiceni,0,0
ארבעה,quadraginta,0,0
ארבעה,quattuor,0,0
ארבעה,quarta,0,0
ארבעה,quartus,0,0
ארבעימ,quinquaginta,0,0
ארבעימ,quindecim,0,0
ארבעימ,quinque,0,0
ארבעימ,quadraginta,0,0
ארבעימ,quadrageni,0,0
ארבעת,quadraginta,0,0
ארבעת,quattuor,0,0
ארבת,cataracta,0,0
ארג,detexo,0,15
ארג,lanificium,0,15
ארג,trilix,0,15
ארגון,purpureus,0,1
ארגון,purpura,0,1
ארגון,ostrum,0,1
ארגונ,purpureus,0,0
ארגונ,purpura,0,0
ארגונ,ostrum,0,0
ארגז,uictima,1,3
ארגז,arca,3,3
ארגז,aureus,3,3
ארגז,aurum,0,3
ארגמן,profunditas,0,38
ארגמן,byssus,6,38
ארגמן,coccum,15,38
ארגמן,coccineus,0,38
ארגמן,purpureus,5,38
ארגמן,purpura,25,38
ארגמן,ostrum,0,38
ארגמן,hyacinthus,23,38
ארגמנ,purpureus,0,0
ארגמנ,purpura,0,0
ארגמנ,ostrum,0,0
ארד,descendo,0,2
ארד,deicio,0,2
ארו,ecce,0,0
ארוה,patina,0,3
ארוז,profundum,0,1
ארוז,alo,0,1
ארוז,altitudo,0,1
ארוז,solidus,0,1
ארון,arca,160,172
ארונ,arca,0,0
ארונה,salictum,0,7
ארור,exsecrabilis,0,0
ארז,cedrinus,25,60
ארז,cedrus,31,60
ארז,libanus,15,60
ארז,tusculum,0,60
ארז,tureus,0,60
ארז,silua,1,60
ארז,tignum,0,60
ארז,materia,0,60
ארז,lignum,19,60
ארזימ,cedrinus,0,0
ארזימ,cedrus,0,0
ארח,iter,5,51
ארח,semita,27,51
ארח,uia,21,51
ארח,modus,0,51
ארח,orbita,0,51
ארח,frictio,0,51
ארחות,uia,0,0
ארחות,iter,0,0
ארחות,semita,0,0
ארחות,modus,0,0
ארחות,orbita,0,0
ארחות,frictio,0,0
ארחת,uia,0,0
ארחת,iter,0,0
ארחת,semita,0,0
ארחת,modus,0,0
ארי,leo,29,32
ארי,ursus,6,32
ארי,ingesto,0,32
ארי,scymnus,0,32
אריה,leaena,3,36
אריה,leo,32,36
אריה,ceu,0,36
אריה,uelut,0,36
אריה,scymnus,0,36
אריות,leo,0,0
ארך,longitudo,73,137
ארך,uicesimus,0,137
ארך,uiginti,30,137
ארך,uiceni,0,137
ארך,latitudo,58,137
ארך,eurus,0,137
ארך,quinquaginta,12,137
ארך,quindecim,0,137
ארך,quinque,24,137
ארך,cubitus,2,137
ארך,cubitum,46,137
ארכ,longanimis,0,0
ארכבה,genu,0,0
ארכבה,poples,0,0
ארכבה,genus,0,0
ארכה,longitudo,0,0
ארם,amicimen,0,131
ארמ,amicimen,0,0
ארמ,scopulae,0,0
ארמ,othonna,0,0
ארמ,yria,0,0
ארמון,amando,0,28
ארמון,deuoro,10,28
ארמון,esco,0,28
ארמון,murus,6,28
ארמון,moenia,2,28
ארמון,paries,0,28
ארמון,moene,0,28
ארמון,regio,0,28
ארמון,terra,4,28
ארמון,locus,0,28
ארמון,finis,0,28
ארמון,ager,0,28
ארמון,rus,0,28
ארמי,scopulae,0,15
ארמי,othonna,0,15
ארמי,yria,0,15
ארמי,amicimen,0,15
ארמית,othonna,0,0
ארמית,yria,0,0
ארנ,arca,0,0
ארנבת,lepor,1,2
ארנון,agnos,0,23
ארנון,agnus,0,23
ארנן,agnos,0,11
ארנן,agnus,0,11
ארננ,agnos,0,0
ארננ,agnus,0,0
ארע,terra,4,4
ארע,tellus,0,4
ארע,ager,0,4
ארע,humus,0,4
ארע,finis,0,4
ארע,regio,0,4
ארע,terrae,0,4
ארפכשד,signum,0,9
ארפכשד,symbolus,0,9
ארץ,terra,1773,1952
ארץ,tellus,0,1952
ארץ,ager,31,1952
ארץ,humus,16,1952
ארץ,finis,31,1952
ארץ,regio,51,1952
ארץ,terrae,0,1952
ארצ,aegyptus,0,0
ארצ,aegyptius,0,0
ארצ,iris,0,0
ארצ,ipse,0,0
ארצ,sui,0,0
ארצ,catonium,0,0
ארצ,regio,0,0
ארצ,terra,0,0
ארצ,locus,0,0
ארצ,finis,0,0
ארצ,ager,0,0
ארצ,rus,0,0
ארצות,regio,0,0
ארצות,terra,0,0
ארצות,locus,0,0
ארצות,finis,0,0
ארצות,ager,0,0
ארצות,rus,0,0
ארצת,regio,0,0
ארצת,terra,0,0
ארצת,locus,0,0
ארצת,finis,0,0
ארצת,ager,0,0
ארצת,rus,0,0
ארק,terra,1,1
ארק,tellus,0,1
ארק,ager,0,1
ארק,humus,0,1
ארק,finis,0,1
ארק,regio,0,1
ארק,terrae,0,1
ארר,ergo,1,52
ארר,igitur,2,52
ארר,maledictio,4,52
ארר,prex,0,52
ארר,tum,0,52
ארר,exsecrabilis,0,52
אש,ignis,250,312
אש,flamma,24,312
אש,incendium,5,312
אש,ceu,0,312
אש,uelut,2,312
אש,deuoro,43,312
אש,esco,0,312
אשא,sustollo,0,0
אשא,capio,0,0
אשא,sumo,0,0
אשא,accipio,0,0
אשא,recipio,0,0
אשא,impetro,0,0
אשא,excipio,0,0
אשא,ignis,0,0
אשא,flamma,0,0
אשא,incendium,0,0
אשא,anima,0,0
אשא,spiritus,0,0
אשא,aetas,0,0
אשא,uita,0,0
אשא,animus,0,0
אשא,mens,0,0
אשא,animae,0,0
אשאב,aquor,0,0
אשאב,fluento,0,0
אשאל,rogo,0,0
אשאל,interrogo,0,0
אשאל,quaero,0,0
אשאל,peto,0,0
אשאל,postulo,0,0
אשבע,iuro,0,1
אשבע,adiuro,0,1
אשבע,iniuro,0,1
אשבע,iureiuro,0,1
אשד,ortus,0,7
אשד,exortiuus,0,7
אשדוד,syron,0,14
אשדוד,gaza,4,14
אשדוד,thesaurus,0,14
אשדוד,arca,2,14
אשה,alius,17,746
אשה,alter,29,746
אשה,mutuus,0,746
אשה,inuicem,0,746
אשה,coniunx,4,746
אשה,muliebris,5,746
אשה,uira,0,746
אשה,femina,10,746
אשה,uxor,336,746
אשה,mulier,261,746
אשה,unus,34,746
אשה,complures,0,746
אשה,quisque,0,746
אשה,alienus,8,746
אשה,aliter,0,746
אשה,quisquam,8,746
אשה,frugilegus,0,746
אשוב,reuerto,0,0
אשוב,conuerto,0,0
אשון,accedo,0,0
אשון,appropinquo,0,0
אשחית,pereo,0,0
אשחית,perdo,0,0
אשחית,amitto,0,0
אשחית,mors,0,0
אשחית,deleo,0,0
אשחית,intereo,0,0
אשחית,ruina,0,0
אשחית,disperdo,0,0
אשחית,interfacio,0,0
אשחית,morior,0,0
אשחית,exitium,0,0
אשחית,occido,0,0
אשיב,reflecto,0,0
אשיב,uendo,0,0
אשיב,restituo,0,0
אשיב,soluo,0,0
אשיב,trado,0,0
אשיב,redeo,0,0
אשיב,reuorto,0,0
אשיב,stipendium,0,0
אשיב,libero,0,0
אשיב,reddo,0,0
אשיב,auerto,0,0
אשיב,conuerto,0,0
אשיבה,conuerto,0,0
אשיה,columna,0,0
אשיה,prostylos,0,0
אשיה,crusta,0,0
אשיה,statio,0,0
אשימ,pono,0,0
אשימ,loco,0,0
אשימ,statuo,0,0
אשימ,colloco,0,0
אשימ,locus,0,0
אשית,pono,0,0
אשית,loco,0,0
אשית,statuo,0,0
אשית,colloco,0,0
אשית,locus,0,0
אשכבה,sopio,0,0
אשכבה,quiesco,0,0
אשכבה,somnus,0,0
אשכבה,dormio,0,0
אשכבה,cubo,0,0
אשכול,labrusca,0,9
אשכול,uua,3,9
אשכח,obliuiscor,0,0
אשכח,oblitterus,0,0
אשכר,tributum,0,1
אשכר,uectigal,0,1
אשכר,ferax,0,1
אשכר,tributarius,0,1
אשל,aruum,0,3
אשל,ager,0,3
אשל,campus,0,3
אשל,seges,0,3
אשל,terrestris,0,3
אשלח,mitto,0,0
אשלח,littera,0,0
אשלח,dimitto,0,0
אשלח,aufero,0,0
אשלח,amando,0,0
אשלחה,mitto,0,0
אשלחה,littera,0,0
אשלחה,dimitto,0,0
אשלחה,aufero,0,0
אשלחה,amando,0,0
אשליכ,porrigo,0,0
אשלמ,uendo,0,0
אשלמ,restituo,0,0
אשלמ,soluo,0,0
אשלמ,trado,0,0
אשלמ,redeo,0,0
אשלמ,reuorto,0,0
אשלמ,stipendium,0,0
אשלמ,libero,0,0
אשלמ,reddo,0,0
אשם,desidero,0,67
אשם,erro,0,67
אשם,culpa,0,67
אשם,desum,0,67
אשמ,tormentum,0,0
אשמ,experimentum,0,0
אשמע,audio,0,0
אשמע,exaudio,0,0
אשמע,ausculto,0,0
אשמעה,audio,0,0
אשמעה,exaudio,0,0
אשמעה,ausculto,0,0
אשמר,seruo,0,0
אשמר,custodio,0,0
אשמר,praesidium,0,0
אשמר,caueo,0,0
אשמר,custos,0,0
אשמרה,seruo,0,0
אשמרה,custodio,0,0
אשמרה,praesidium,0,0
אשמרה,caueo,0,0
אשמרה,custos,0,0
אשמרת,custodia,0,3
אשמרת,uigilia,3,3
אשמרת,praesidium,0,3
אשמרת,carcer,0,3
אשמרת,uinculum,0,3
אשמרת,custos,1,3
אשמרת,insitium,0,3
אשנב,fenestra,2,2
אשנב,specularis,0,2
אשפ,magus,0,0
אשפ,persea,0,0
אשפה,corytos,0,5
אשפה,pharetra,0,5
אשפי,magus,0,0
אשפי,persea,0,0
אשפימ,magus,0,0
אשפימ,persea,0,0
אשפינ,magus,0,0
אשפינ,persea,0,0
אשפכ,effundo,0,0
אשפכ,offundo,0,0
אשפכ,defundo,0,0
אשפת,uernaculus,0,5
אשקה,madefacto,0,0
אשקלון,syron,0,9
אשקלון,gaza,5,9
אשקלון,thesaurus,0,9
אשרה,lucus,30,40
אשרה,silua,0,40
אשרה,nemus,3,40
אשרה,columna,0,40
אשרה,crusta,0,40
אשרה,statio,0,40
אשרי,beo,0,1
אשרי,felicito,0,1
אשרימ,arbor,0,0
אשרימ,lignum,0,0
אשת,coniunx,0,0
אשת,muliebris,0,0
אשת,uira,0,0
אשת,femina,0,0
אשת,uxor,0,0
אשת,mulier,0,0
אשת,bibo,0,0
אשת,poto,0,0
אשת,potus,0,0
אשתאל,populus,0,7
אשתאל,plebs,0,7
אשתאל,uulgus,0,7
אשתאל,terra,1,7
אשתאל,contio,0,7
אשתאל,communis,0,7
אשתאל,ecclesia,0,7
אשתאל,ager,0,7
אשתאל,praepinguis,0,7
אשתאל,unguinosus,0,7
אשתדור,defectio,0,2
אשתדור,deficio,0,2
אשתה,bibo,0,0
אשתה,poto,0,0
אשתה,potus,0,0
אשתחוה,adoro,0,0
אשתחוה,colo,0,0
אשתחוה,basio,0,0
אשתיו,bibo,0,0
אשתיו,poto,0,0
אשתיו,potus,0,0
אתון,asininus,0,37
אתון,asina,23,37
אתון,asinus,7,37
אתון,puellus,0,37
אתון,puerulus,0,37
אתונ,furnus,0,0
אתונ,camino,0,0
אתות,signum,0,0
אתות,testimonium,0,0
אתות,argumentum,0,0
אתות,insigne,0,0
אתחננ,ligo,0,0
אתחננ,uincio,0,0
אתחננ,necto,0,0
אתחננ,opus,0,0
אתחננ,uolo,0,0
אתחננ,postulo,0,0
אתחננ,rogo,0,0
אתחננ,peto,0,0
אתחננ,oro,0,0
אתחננ,necesse,0,0
אתחננ,quaero,0,0
אתחננ,quaeso,0,0
אתחננ,necessarius,0,0
אתחננ,interrogo,0,0
אתחננ,obsecro,0,0
אתחננ,desidero,0,0
אתמול,hesternus,0,7
אתמול,tertius,4,7
אתמול,tertio,0,7
אתנ,do,0,0
אתנ,trado,0,0
אתנ,dono,0,0
אתנ,tribuo,0,0
אתנ,concedo,0,0
אתנ,soluo,0,0
אתנ,reddo,0,0
אתנ,stipendium,0,0
אתנ,libero,0,0
אתנ,deditio,0,0
אתנ,eruo,0,0
אתנ,eripio,0,0
אתנ,pono,0,0
אתנ,loco,0,0
אתנ,statuo,0,0
אתנ,colloco,0,0
אתנ,locus,0,0
אתנה,do,1,4
אתנה,trado,0,4
אתנה,dono,0,4
אתנה,tribuo,0,4
אתנה,concedo,0,4
אתנה,soluo,0,4
אתנה,reddo,0,4
אתנה,stipendium,0,4
אתנות,asininus,0,0
אתנות,asina,0,0
אתנות,asinus,0,0
אתנן,distractus,0,9
אתנן,fornicatio,1,9
אתנן,idololatria,0,9
אתנפל,ligo,0,0
אתנפל,uincio,0,0
אתנפל,necto,0,0
אתנפל,opus,0,0
אתנפל,uolo,0,0
אתנפל,postulo,0,0
אתנפל,rogo,0,0
אתנפל,peto,0,0
אתנפל,oro,0,0
אתנפל,necesse,0,0
אתנפל,quaero,0,0
אתנפל,quaeso,0,0
אתנפל,necessarius,0,0
אתנפל,interrogo,0,0
אתנפל,obsecro,0,0
אתנפל,desidero,0,0
אתנת,mulus,0,0
אתנת,mula,0,0
אתנת,asininus,0,0
אתנת,asina,0,0
אתנת,asinus,0,0
אתפלל,oro,0,0
אתפלל,quaeso,0,0
אתפלל,quonam,0,0
אתת,signum,0,0
אתת,testimonium,0,0
אתת,argumentum,0,0
אתת,insigne,0,0
בא,intro,0,0
בא,introcedo,0,0
בא,introeo,0,0
בא,ingredior,0,0
בא,subeo,0,0
בא,introitus,0,0
בא,uestibulum,0,0
בא,uento,0,0
בא,uenio,0,0
בא,eo,0,0
בא,pergo,0,0
בא,meo,0,0
בא,aurora,0,0
בא,mane,0,0
בא,usque,0,0
בא,dum,0,0
בא,quoad,0,0
בא,donec,0,0
בא,redeo,0,0
בא,reuorto,0,0
בא,quando,0,0
בא,par,0,0
בא,fortasse,0,0
בא,aequo,0,0
בא,fors,0,0
בא,forsitan,0,0
בא,aequus,0,0
בא,quotiens,0,0
בא,quoniam,0,0
בא,aduenio,0,0
באה,introitus,1,1
באה,uestibulum,0,1
באה,dictum,0,1
באה,uerbum,0,1
באה,uox,0,1
באה,uersus,0,1
באה,sermo,0,1
באה,carmen,0,1
באה,poema,0,1
באה,uenio,0,1
באה,eo,0,1
באה,pergo,0,1
באה,meo,0,1
באו,intro,0,0
באו,introeo,0,0
באו,ingredior,0,0
באו,subeo,0,0
באו,uenio,0,0
באו,eo,0,0
באו,pergo,0,0
באו,meo,0,0
באו,redeo,0,0
באו,reuorto,0,0
באו,par,0,0
באו,fortasse,0,0
באו,aequo,0,0
באו,fors,0,0
באו,forsitan,0,0
באו,aequus,0,0
באות,uenio,0,0
באות,eo,0,0
באות,pergo,0,0
באות,meo,0,0
באי,intro,0,0
באי,introeo,0,0
באי,ingredior,0,0
באי,subeo,0,0
באימ,uenio,0,0
באימ,eo,0,0
באימ,pergo,0,0
באימ,meo,0,0
באיש,improbus,0,1
באיש,malus,1,1
באיש,miseria,0,1
באיש,calamitas,0,1
באיש,negotium,0,1
באיש,noceo,0,1
באיש,molestia,0,1
באיש,opera,0,1
באיש,mala,0,1
באיש,tribulatio,0,1
באיש,impius,0,1
באיש,turpis,0,1
באנו,uenio,0,0
באנו,eo,0,0
באנו,pergo,0,0
באנו,meo,0,0
באנו,redeo,0,0
באנו,reuorto,0,0
באר,bonus,0,73
באר,ualeo,0,73
באר,ius,0,73
באר,puteus,35,73
באר,bene,0,73
באר,pulcher,0,73
באר,formosus,0,73
באר,nobilis,0,73
באר,aequus,0,73
באר,speciosus,0,73
באר,posterus,0,73
באר,dexter,1,73
באר,bellus,0,73
באר,fouea,1,73
באר,cernentia,0,73
באר,tuor,0,73
באר,iusiurandum,0,73
באר,sacramentum,0,73
באר,iuro,2,73
באר,iuramentum,3,73
באר,iurandum,0,73
באר,propterea,1,73
באר,ideo,0,73
באר,idcirco,1,73
באר,propter,2,73
באר,igitur,1,73
באר,ergo,2,73
בארת,puteus,0,0
באש,dolor,0,27
באש,doleo,0,27
באש,odoratus,0,27
באש,olfactus,0,27
באשימ,spina,0,0
באת,intro,0,0
באת,introeo,0,0
באת,ingredior,0,0
באת,subeo,0,0
באת,uenio,0,0
באת,eo,0,0
באת,pergo,0,0
באת,meo,0,0
באת,redeo,0,0
באת,reuorto,0,0
באתי,intro,0,0
באתי,introeo,0,0
באתי,ingredior,0,0
באתי,subeo,0,0
באתי,redeo,0,0
באתי,reuorto,0,0
באתי,uenio,0,0
באתמ,intro,0,0
באתמ,introeo,0,0
באתמ,ingredior,0,0
באתמ,subeo,0,0
באתמ,uenio,0,0
באתמ,eo,0,0
באתמ,pergo,0,0
באתמ,meo,0,0
באתמ,redeo,0,0
באתמ,reuorto,0,0
באתר,tergum,0,1
באתר,rursus,0,1
בגד,uestis,61,216
בגד,uestimentum,91,216
בגד,pallium,17,216
בגד,toga,0,216
בגדות,dolus,0,0
בגדות,astus,0,0
בגדות,maiestas,0,0
בגדות,insidiae,0,0
בגדות,perfidia,0,0
בגדות,proditio,0,0
בגדי,uestis,0,0
בגדי,uestimentum,0,0
בגדי,pallium,0,0
בגדי,toga,0,0
בגדימ,uestis,0,0
בגדימ,uestimentum,0,0
בגדימ,pallium,0,0
בגדימ,toga,0,0
בגדימ,uestitus,0,0
בגוד,prodicius,0,2
בד,ipse,18,196
בד,sui,6,196
בד,sextus,1,196
בד,praeter,8,196
בד,sextarius,0,196
בד,par,0,196
בד,fortasse,0,196
בד,aequo,0,196
בד,fors,0,196
בד,forsitan,0,196
בד,aequus,0,196
בד,lineus,4,196
בד,linum,0,196
בד,equidem,0,196
בד,conuerto,2,196
בד,uerto,1,196
בד,dos,0,196
בד,pars,3,196
בד,fatum,0,196
בד,sors,0,196
בד,parca,0,196
בד,fati,0,196
בד,solus,48,196
בד,unus,6,196
בד,modo,0,196
בד,saluo,0,196
בד,nisi,4,196
בד,praeterea,0,196
בד,separatim,2,196
בדא,machinor,0,2
בדא,struo,0,2
בדד,solus,8,14
בדד,unus,0,14
בדד,modo,0,14
בדיל,stannum,0,4
בדיל,plumbum album,0,4
בדיל,cassiterum,0,4
בדיל,ferrum,2,4
בדיל,ferreus,0,4
בדיל,gladius,0,4
בדימ,porto,0,0
בדל,praeterea,0,43
בדל,separatim,0,43
בדל,discludo,0,43
בדל,dispesco,0,43
בדק,pecunia,4,9
בדק,argenteus,1,9
בדק,nummus,0,9
בדק,argentum,0,9
בהיר,praeclarus,0,1
בהיר,clarus,0,1
בהל,moueo,0,27
בהל,motus,0,27
בהל,commoueo,0,27
בהל,obturbo,0,27
בהל,propero,0,27
בהל,festino,4,27
בהל,urgeo,0,27
בהמה,aurora,0,159
בהמה,mane,0,159
בהמה,usque,15,159
בהמה,dum,0,159
בהמה,quoad,0,159
בהמה,donec,1,159
בהמה,probata,0,159
בהמה,quadrupes,0,159
בהמות,probata,0,0
בהמת,probata,0,0
בהנ,uertex,0,0
בהרת,dimitto,0,11
בהרת,relinquo,0,11
בהרת,absoluo,0,11
בהרת,libero,0,11
בהרת,ignosco,0,11
בהרת,permitto,0,11
בהרת,cutis,6,11
בהרת,pellis,0,11
בהרת,corium,0,11
בהרת,tergus,0,11
בהרת,abscondo,0,11
בהרת,membrana,0,11
בהרת,lepra,4,11
בהרת,albus,2,11
בהרת,candidus,1,11
בהרת,lelepris,0,11
בהרת,ophthalmias,0,11
בהרת,spissus,0,11
בהרת,illatenus,0,11
בוא,intro,75,2159
בוא,introeo,30,2159
בוא,ingredior,405,2159
בוא,subeo,0,2159
בוא,introitus,27,2159
בוא,uestibulum,6,2159
בוא,uenio,877,2159
בוא,eo,39,2159
בוא,pergo,38,2159
בוא,meo,0,2159
בוא,quando,46,2159
בוא,par,0,2159
בוא,fortasse,0,2159
בוא,aequo,0,2159
בוא,fors,0,2159
בוא,forsitan,3,2159
בוא,aequus,1,2159
בוגד,denego,0,0
בוז,consputo,0,18
בוז,despicatio,0,18
בוזה,contemno,0,0
בוזה,despicio,0,0
בוזה,sperno,0,0
בוזה,respicio,0,0
בוזה,contemptio,0,0
בוקר,bubsequa,0,1
בוקר,pastorius,0,1
בוקר,bubulcus,0,1
בוקר,armentarius,1,1
בוקר,taurinus,0,1
בור,celatum,0,57
בור,inaspectus,0,57
בור,pluto,0,57
בור,plutonis,0,57
בור,dis,0,57
בור,orcus,0,57
בור,fouea,0,57
בור,puteus,1,57
בזה,contemno,5,44
בזה,despicio,12,44
בזה,sperno,2,44
בזה,respicio,0,44
בזה,hinc,0,44
בזז,praeda,15,39
בזז,spolium,10,39
בזז,exuuiae,0,39
בזז,exercitus,5,39
בזז,copia,0,39
בזז,uis,1,39
בזז,uirtus,0,39
בזז,imperium,0,39
בזז,potentia,0,39
בזז,cogo,0,39
בזז,opis,0,39
בזז,robur,0,39
בזז,fortitudo,1,39
בזז,potestas,0,39
בזיון,contemno,0,1
בזיון,despicio,0,1
בזיון,sperno,0,1
בזיון,respicio,0,1
בזיון,contemptio,0,1
בחור,eligo,3,36
בחור,adulescens,4,36
בחור,puer,5,36
בחור,adulescentia,0,36
בחור,uiginti,1,36
בחור,iuuenis,25,36
בחור,adulescentulus,0,36
בחור,peradulescentulus,0,36
בחור,nouus,0,36
בחור,iuuentus,0,36
בחור,iuuenta,0,36
בחור,aetas,0,36
בחור,equus,4,36
בחור,sonipes,0,36
בחור,currus,0,36
בחור,eques,2,36
בחור,equitatus,0,36
בחור,equa,0,36
בחור,equi,0,36
בחור,equum,0,36
בחור,equo,0,36
בחורי,eligo,0,0
בחורימ,adulescens,0,0
בחורימ,iuuenis,0,0
בחורימ,adulescentulus,0,0
בחורימ,peradulescentulus,0,0
בחיר,eligo,7,8
בחן,lustro,0,21
בחן,considero,0,21
בחן,existimo,0,21
בחן,conuiso,0,21
בחן,specto,0,21
בחן,contemplor,0,21
בחן,iudico,1,21
בחן,cogito,0,21
בחן,specio,0,21
בחר,excerpo,0,162
בחר,lustro,0,162
בחר,considero,0,162
בחר,existimo,0,162
בחר,conuiso,0,162
בחר,specto,0,162
בחר,contemplor,0,162
בחר,iudico,1,162
בחר,cogito,0,162
בחר,specio,0,162
בחרו,excerpo,0,0
בחרת,excerpo,0,0
בחרתי,excerpo,0,0
בחרתמ,excerpo,0,0
בטוח,animus,0,1
בטוח,fiducia,0,1
בטוח,conforto,0,1
בטוח,metuo,0,1
בטח,spes,1,105
בטח,exspecto,0,105
בטח,spero,11,105
בטח,exspectatio,0,105
בטח,suadeo,0,105
בטח,persuadeo,0,105
בטח,pareo,0,105
בטח,oboedio,0,105
בטח,adduco,0,105
בטח,persuasio,0,105
בטח,inductus,0,105
בטח,credo,2,105
בטח,confido,31,105
בטח,existimo,0,105
בטח,fiducia,22,105
בטח,pax,3,105
בטח,otium,0,105
בטחה,animus,0,1
בטחה,fiducia,0,1
בטחה,conforto,0,1
בטחה,metuo,0,1
בטחה,spero,0,1
בטחה,confido,0,1
בטחה,existimo,0,1
בטחה,credo,0,1
בטחה,hercules,0,1
בטחה,edepol,0,1
בטחה,pol,0,1
בטחה,pignus,0,1
בטחה,fidelitas,0,1
בטחה,fides,0,1
בטחו,spes,0,0
בטחו,exspecto,0,0
בטחו,spero,0,0
בטחון,animus,0,3
בטחון,fiducia,3,3
בטחון,conforto,0,3
בטחון,metuo,0,3
בטחון,spero,0,3
בטחון,confido,1,3
בטחון,existimo,0,3
בטחון,credo,0,3
בטחון,hercules,0,3
בטחון,edepol,0,3
בטחון,pol,0,3
בטחון,pignus,0,3
בטחון,fidelitas,0,3
בטחון,fides,0,3
בטחות,salus,0,2
בטחות,pignus,0,2
בטחות,saluus,0,2
בטחות,incolumis,0,2
בטחות,tueor,0,2
בטחות,spes,0,2
בטחות,spero,0,2
בטחות,exspectatio,0,2
בטחות,seruo,0,2
בטחות,conseruo,0,2
בטחות,libero,0,2
בטחות,retineo,0,2
בטחות,saluo,0,2
בטחות,salutaris,0,2
בטחות,saluator,0,2
בטחימ,suadeo,0,0
בטחימ,persuadeo,0,0
בטחימ,pareo,0,0
בטחימ,oboedio,0,0
בטחימ,adduco,0,0
בטחימ,persuasio,0,0
בטחימ,inductus,0,0
בטחימ,credo,0,0
בטחת,suadeo,0,0
בטחת,persuadeo,0,0
בטחת,pareo,0,0
בטחת,oboedio,0,0
בטחת,adduco,0,0
בטחת,persuasio,0,0
בטחת,inductus,0,0
בטחת,credo,0,0
בטן,aluus,0,62
בטן,uenter,26,62
בטן,uterus,32,62
בטן,praecordia,0,62
בטנ,aluus,0,0
בטנ,uenter,0,0
בטנ,uterus,0,0
בטנ,praecordia,0,0
בינ,uespertinus,0,0
בינ,unus,0,0
בינ,complures,0,0
בינ,alter,0,0
בינ,quisque,0,0
בינ,uesper,0,0
בינ,crepusculum,0,0
בינ,occidens,0,0
בינ,occasus,0,0
בינ,uesperus,0,0
בינ,medius,0,0
בינ,medion,0,0
בינ,centrum,0,0
בינ,medio,0,0
בינ,ceu,0,0
בינ,uelut,0,0
בינה,scientia,3,36
בינה,scius,0,36
בינה,prudentia,12,36
בינה,consilium,3,36
בינה,sapientia,21,36
בינו,intellego,0,0
ביני,medius,0,0
ביני,medion,0,0
ביני,centrum,0,0
ביני,medio,0,0
בינת,medius,0,0
בינת,medion,0,0
בינת,centrum,0,0
בינת,medio,0,0
בינת,prudentia,0,0
בירה,arx,0,16
בירה,castellum,0,16
בירה,altus,0,16
בירה,summus,0,16
בירה,supremus,0,16
בירה,altitudo,0,16
בירה,urbs,2,16
בית,carcer,26,1849
בית,uinculum,0,1849
בית,phylaca,0,1849
בית,domus,1357,1849
בית,tecta,0,1849
בית,templum,130,1849
בית,apud,18,1849
בית,palatium,10,1849
בית,tectum,11,1849
בית,aedes,12,1849
בית,regia,3,1849
בית,familia,56,1849
בית,ipse,85,1849
בית,sui,71,1849
בית,intus,1,1849
בית,introrsum,0,1849
בית,penates,0,1849
בית,cognatio,50,1849
בית,dispensator,5,1849
בית,gener,2,1849
בית,sedes,4,1849
בית,praedium,0,1849
בית,domum,0,1849
בית,domo,3,1849
בית,uniuersim,0,1849
בית,locus,63,1849
בית,regio,13,1849
בית,ager,22,1849
בית,filius,322,1849
בית,natus,0,1849
בית,gnatus,0,1849
בית,progenies,1,1849
בית,proles,0,1849
בית,nascor,5,1849
בית,filium,0,1849
בית,filii,0,1849
בית,filio,0,1849
בית,custodia,9,1849
בית,uigilia,0,1849
בית,praesidium,3,1849
בית,custos,9,1849
ביתן,regnum,0,3
ביתן,palatium,0,3
ביתן,regina,2,3
ביתן,regius,0,3
ביתן,domus,1,3
ביתן,tecta,0,3
ביתן,templum,0,3
ביתן,apud,0,3
ביתן,tectum,0,3
ביתן,aedes,0,3
ביתן,regia,0,3
ביתן,familia,0,3
בכאימ,discedo,0,0
בכאימ,recedo,0,0
בכאימ,abeo,0,0
בכה,lacrima,8,97
בכה,fletus,7,97
בכה,fleo,62,97
בכה,lacrimae,0,97
בכה,lacrimo,1,97
בכה,ploro,19,97
בכה,fleui,2,97
בכור,primogenitus,0,0
בכורים,manubiae,0,14
בכי,fleo,7,26
בכי,lacrimo,1,26
בכי,ploro,6,26
בכי,fleui,0,26
בכירה,legatus,0,6
בכירה,orator,0,6
בכירה,senex,1,6
בכירה,uetus,0,6
בכירה,natus,0,6
בכירה,antiquus,0,6
בכירה,presbyter,0,6
בכירה,nuperus,0,6
בכר,primogenitus,89,102
בכרו,primogenitus,0,2
בכרת,primogenitus,0,0
בל,iubeo,0,33
בל,ordo,0,33
בל,impero,0,33
בל,quantus,0,33
בלה,uestis,1,15
בלה,uestimentum,6,15
בלה,pallium,0,15
בלה,toga,0,15
בלו,tributum,3,4
בלו,uectigal,3,4
בלו,ferax,0,4
בלו,tributarius,0,4
בליעל,perducto,0,23
בליעל,uitium,0,23
בליעל,scelus,0,23
בליעל,turpitudo,0,23
בליעל,pestis,0,23
בליעל,pestilentia,0,23
בליעל,lues,0,23
בליעל,pestilitas,0,23
בליעל,hemina,0,23
בליעל,malitia,2,23
בליעל,filius,10,23
בליעל,natus,0,23
בליעל,gnatus,0,23
בליעל,progenies,0,23
בליעל,proles,0,23
בליעל,nascor,0,23
בליעל,filium,0,23
בליעל,filii,0,23
בליעל,filio,0,23
בלל,perdo,0,38
בלל,permisceo,0,38
בלל,donum,0,38
בלל,munus,0,38
בלל,praemium,0,38
בלל,praesens,0,38
בלל,datus,0,38
בלל,septuaginta,12,38
בלל,septuageni,0,38
בלל,oleum,36,38
בלל,olearius,0,38
בלל,olearis,0,38
בלל,haustus,0,38
בלל,attractus,0,38
בלע,iacio,0,54
בלע,mitto,1,54
בלע,peto,0,54
בלע,ferio,0,54
בלע,icio,0,54
בלע,proicio,1,54
בלע,eicio,1,54
בלע,hirundo,0,54
בלע,deuoro,8,54
בלעד,aconiti,0,0
בלעד,saluo,0,0
בלעד,nisi,0,0
בלעדי,aconiti,0,15
בלעדי,bini,0,15
בלעדי,nemo,0,15
בלעדי,ullus,0,15
בלעדי,quisquam,1,15
בלעדי,nullus,0,15
בלעדי,aliquis,0,15
בלעדי,nihil,0,15
בלעדי,saluo,1,15
בלעדי,nisi,0,15
בלעדי,praeterea,0,15
בלעדי,separatim,0,15
בלתי,saluo,0,0
בלתי,nisi,0,0
במה,altus,1,93
במה,celsus,0,93
במה,excelsus,49,93
במה,sublimis,2,93
במה,superus,0,93
במה,alo,0,93
במה,summus,0,93
במות,altus,0,0
במות,celsus,0,0
במות,excelsus,0,0
במות,sublimis,0,0
במות,superus,0,0
במות,alo,0,0
במות,summus,0,0
בן,filia,196,3521
בן,nascor,45,3521
בן,puer,32,3521
בן,pueri,0,3521
בן,puerum,0,3521
בן,natus,1,3521
בן,filius,3061,3521
בן,proles,0,3521
בן,liberi,27,3521
בן,meus,318,3521
בן,gnatus,0,3521
בן,progenies,6,3521
בן,filium,0,3521
בן,filii,0,3521
בן,filio,0,3521
בנ,stadiatus,0,0
בנ,masculus,0,0
בנ,masculinus,0,0
בנ,mas,0,0
בנ,coniunx,0,0
בנ,muliebris,0,0
בנ,uira,0,0
בנ,femina,0,0
בנ,uxor,0,0
בנ,mulier,0,0
בנ,damalio,0,0
בנ,uitellus,0,0
בנ,filius,0,0
בנ,puer,0,0
בנ,iuuencus,0,0
בנ,natus,0,0
בנ,proles,0,0
בנ,liberi,0,0
בנ,meus,0,0
בנ,gnatus,0,0
בנ,progenies,0,0
בנ,nascor,0,0
בנ,filium,0,0
בנ,filii,0,0
בנ,filio,0,0
בנה,aedifico,217,270
בנה,instruo,1,270
בנה,materio,0,270
בנו,materio,0,0
בנו,aedifico,0,0
בנות,filia,0,0
בנות,nata,0,0
בנות,uirgo,0,0
בנות,gener,0,0
בנות,materio,0,0
בנות,aedifico,0,0
בני,heros,0,14
בני,qui,1,14
בני,iste,1,14
בני,maritus,0,14
בני,uir,0,14
בני,homo,0,14
בני,uiri,0,14
בני,uirum,0,14
בני,uiro,0,14
בני,populus,2,14
בני,humanus,0,14
בני,orbis,0,14
בני,plebs,0,14
בני,mundum,0,14
בני,agnos,0,14
בני,agnus,0,14
בני,agninus,0,14
בני,hemina,0,14
בני,ouis,0,14
בני,pecus,0,14
בני,grex,0,14
בני,pecuarius,0,14
בני,natus,0,14
בני,proles,0,14
בני,filius,6,14
בני,liberi,0,14
בני,puer,0,14
בני,meus,0,14
בני,gnatus,0,14
בני,progenies,0,14
בני,nascor,0,14
בני,filium,0,14
בני,filii,0,14
בני,filio,0,14
בנימ,filius,0,0
בנימ,puer,0,0
בנימ,iuuencus,0,0
בנימ,natus,0,0
בנימ,proles,0,0
בנימ,liberi,0,0
בנימ,meus,0,0
בנימ,gnatus,0,0
בנימ,progenies,0,0
בנימ,nascor,0,0
בנימ,filium,0,0
בנימ,filii,0,0
בנימ,filio,0,0
בנימנ,contumulo,0,0
בנין,structura,0,7
בנין,aedificium,6,7
בנין,cubitus,0,7
בנין,cubitum,3,7
בניתי,materio,0,0
בניתי,aedifico,0,0
בנת,filia,0,0
בנת,nata,0,0
בנת,uirgo,0,0
בנת,gener,0,0
בנת,castellum,0,0
בנת,uilla,0,0
בנת,uicus,0,0
בסר,labrusca,0,5
בסר,uua,3,5
בעד,minimus,0,79
בעד,longus,0,79
בעד,procul,0,79
בעד,stadium,0,79
בעה,peto,0,9
בעה,quaero,3,9
בעה,audio,0,9
בעה,percipio,0,9
בעה,rogo,2,9
בעה,cognosco,0,9
בעה,certus,0,9
בעה,interrogo,0,9
בעה,disco,0,9
בעו,ligo,0,0
בעו,uincio,0,0
בעו,necto,0,0
בעו,opus,0,0
בעו,uolo,0,0
בעו,postulo,0,0
בעו,rogo,0,0
בעו,peto,0,0
בעו,oro,0,0
בעו,necesse,0,0
בעו,quaero,0,0
בעו,quaeso,0,0
בעו,necessarius,0,0
בעו,interrogo,0,0
בעו,obsecro,0,0
בעו,desidero,0,0
בעור,lepra,4,18
בעז,bos,0,22
בעז,iuuencus,0,22
בעז,taurus,0,22
בעז,iumentum,0,22
בעז,uitulus,0,22
בעז,pecus,0,22
בעז,armentum,0,22
בעז,uacca,0,22
בעז,bubulus,0,22
בעז,ager,4,22
בעז,fundus,0,22
בעז,campus,0,22
בעז,praedium,0,22
בעז,uilla,0,22
בעז,congrego,0,22
בעז,colligo,4,22
בעט,calcitrosus,0,2
בעיר,probata,0,5
בעיר,synagoga,0,5
בעיר,educatus,0,5
בעל,pudor,0,199
בעל,dedecus,0,199
בעל,ignominia,0,199
בעל,heros,0,199
בעל,qui,78,199
בעל,iste,3,199
בעל,maritus,3,199
בעל,uir,39,199
בעל,homo,5,199
בעל,uiri,0,199
בעל,uirum,0,199
בעל,uiro,0,199
בעל,insuper,2,199
בעל,supernus,0,199
בעל,habeo,16,199
בעל,teneo,1,199
בעל,possideo,3,199
בעל,dominus,51,199
בעל,auctoritas,0,199
בעל,erus,0,199
בעל,potestas,2,199
בער,uro,0,81
בער,incendo,0,81
בער,cremo,0,81
בער,ardeo,7,81
בער,succendo,21,81
בער,impius,2,81
בער,malus,1,81
בער,improbus,0,81
בערה,uro,0,1
בערה,incendo,0,1
בערה,cremo,0,1
בערה,ardeo,0,1
בערה,succendo,0,1
בערו,torrido,0,0
בערת,assurgo,0,0
בעשא,regno,5,26
בעשא,rex,13,26
בצור,ualentulus,0,24
בציר,uindemio,0,7
בציר,uindemiola,0,7
בצל,caepa,1,1
בצע,lucrum,1,29
בצע,commodum,0,29
בצע,praeda,1,29
בצע,quaestus,0,29
בצע,emolumentum,1,29
בצע,auxilium,0,29
בצע,seruio,1,29
בצע,donum,0,29
בצע,munus,4,29
בצע,praemium,0,29
בצע,praesens,0,29
בצע,datus,0,29
בצק,cinnus,0,7
בצרת,sitis,0,2
בקבק,membrana,0,3
בקע,quoad,0,47
בקע,scindo,8,47
בקעה,uallis,0,20
בקעה,conuallis,0,20
בקעה,uallum,0,20
בקעה,canalis,0,20
בקעה,campus,17,20
בקעה,planities,1,20
בקעה,campe,0,20
בקעה,planus,1,20
בקעה,fauces,0,20
בקעה,scissus,0,20
בקעת,campus,0,0
בקעת,planities,0,0
בקעת,campe,0,0
בקעת,planus,0,0
בקר,monstrificus,0,346
בקר,armentarius,0,346
בקר,bos,102,346
בקר,iuuencus,0,346
בקר,taurus,4,346
בקר,iumentum,1,346
בקר,uitulus,28,346
בקר,pecus,12,346
בקר,armentum,64,346
בקר,uacca,1,346
בקר,bubulus,0,346
בקר,matutinus,13,346
בקר,dies,37,346
בקר,hodie,1,346
בקר,itis,0,346
בקר,diei,0,346
בקר,lux,7,346
בקר,aurora,3,346
בקר,eos,0,346
בקר,orientalis,1,346
בקר,mane,125,346
בקר,damalio,0,346
בקר,uitellus,0,346
בקר,iunix,0,346
בקר,propediem,0,346
בקר,praematurus,0,346
בקרה,cura,0,1
בקרה,curo,0,1
בקרה,caueo,0,1
בקרה,prouidentia,0,1
בקרת,ius,0,1
בקרת,iustitia,0,1
בקרת,fas,0,1
בקרת,iudicium,0,1
בקרת,supplicium,0,1
בקרת,aptus,0,1
בקרת,uisito,0,1
בקרת,causa,0,1
בקרת,aequitas,0,1
בקרת,poena,0,1
בקרת,damnum,0,1
בקרת,amissus,0,1
בקרת,tentus,0,1
בקרת,ultio,0,1
בקש,peto,3,185
בקש,quaero,127,185
בקשה,ligo,0,8
בקשה,uincio,0,8
בקשה,necto,0,8
בקשה,opus,0,8
בקשה,uolo,0,8
בקשה,postulo,3,8
בקשה,rogo,1,8
בקשה,peto,3,8
בקשה,oro,0,8
בקשה,necesse,0,8
בקשה,quaero,0,8
בקשה,quaeso,0,8
בקשה,necessarius,0,8
בקשה,interrogo,0,8
בקשה,obsecro,1,8
בקשה,desidero,0,8
בקשה,arcus,0,8
בקשה,sagitta,0,8
בקשו,peto,0,0
בקשו,quaero,0,0
בר,ferus,0,31
בר,saeuus,0,31
בר,immanis,0,31
בר,agrius,0,31
בר,extra,0,31
בר,mundus,2,31
בר,purus,2,31
בר,fouea,0,31
בר,cibus,0,31
בר,frumentum,7,31
בר,seges,1,31
בר,panis,1,31
בר,frumentarius,0,31
בר,triticum,4,31
בר,granum,0,31
בר,esca,0,31
בר,filius,6,31
בר,natus,0,31
בר,gnatus,0,31
בר,progenies,0,31
בר,proles,0,31
בר,nascor,0,31
בר,filium,0,31
בר,filii,0,31
בר,filio,0,31
ברא,condo,1,41
ברא,fundo,0,41
ברא,aedifico,0,41
בראת,condo,0,0
בראת,fundo,0,0
בראת,aedifico,0,0
ברד,grando,20,26
ברד,chalazius,0,26
ברוכ,benedico,0,0
ברוכ,beatitas,0,0
ברוכה,benedico,0,0
ברוכימ,benedico,0,0
ברור,mundus,0,0
ברור,purus,0,0
ברורימ,eligo,0,0
ברוש,currus,1,17
ברוש,iugum,1,17
ברוש,quadrigae,1,17
ברוש,onusto,0,17
ברוש,silua,0,17
ברוש,uirgultum,0,17
ברוש,cedrinus,2,17
ברוש,cedrus,7,17
ברוש,cupresseus,0,17
ברוש,cupressinus,0,17
ברוש,libanus,5,17
ברוש,tusculum,0,17
ברוש,tureus,0,17
ברוש,altitudo,1,17
ברוש,arx,0,17
ברזל,ferreus,22,65
ברזל,ferrum,27,65
ברזל,ferrarius,1,65
ברזל,gladius,0,65
ברזל,pecunia,0,65
ברזל,argenteus,1,65
ברזל,nummus,0,65
ברזל,argentum,12,65
ברזל,aes,8,65
ברזל,aeris,0,65
ברזל,aereus,5,65
ברזל,aer,10,65
ברזל,aeneus,4,65
ברזל,asum,0,65
ברזל,aeratus,0,65
ברזל,aurum,9,65
ברזל,aureus,1,65
ברח,profugio,0,60
ברח,effugio,0,60
ברח,fugio,43,60
ברח,fuga,1,60
ברח,exsilium,0,60
ברח,uito,0,60
ברח,exsul,0,60
בריא,populus,0,12
בריא,plebs,0,12
בריא,uulgus,0,12
בריא,terra,2,12
בריא,contio,0,12
בריא,communis,0,12
בריא,ecclesia,0,12
בריא,ager,0,12
בריא,praepinguis,0,12
בריא,unguinosus,0,12
בריא,opimus,0,12
בריא,bos,2,12
בריא,iuuencus,0,12
בריא,taurus,0,12
בריא,iumentum,0,12
בריא,uitulus,0,12
בריא,pecus,0,12
בריא,armentum,0,12
בריא,uacca,0,12
בריא,bubulus,0,12
בריא,genus,0,12
בריא,species,1,12
בריא,gener,0,12
בריא,figura,0,12
בריא,eligo,0,12
בריא,pulcher,2,12
בריא,formosus,0,12
בריא,bonus,1,12
בריא,nobilis,0,12
בריא,bene,0,12
בריא,ius,0,12
בריא,aequus,0,12
בריא,speciosus,0,12
בריא,ualeo,0,12
בריא,posterus,0,12
בריא,dexter,0,12
בריא,puteus,0,12
בריא,bellus,0,12
בריא,caro,2,12
בריאות,eligo,0,0
בריח,respiramen,0,39
בריח,porta,13,39
בריח,ianua,0,39
בריח,fores,0,39
בריח,foras,0,39
בריח,ostium,2,39
בריח,foris,1,39
בריח,limen,0,39
בריח,sera,1,39
בריח,uectis,2,39
בריח,phalangae,0,39
בריכ,beatitas,0,0
ברית,dispositus,0,240
ברית,pactum,2,240
ברית,testamentum,4,240
ברית,foedus,69,240
ברית,dispono,0,240
ברך,benedico,152,267
ברכ,genu,0,0
ברכ,poples,0,0
ברכ,genus,0,0
ברכ,ipse,0,0
ברכ,sui,0,0
ברכ,benedico,0,0
ברכה,bonus,1,72
ברכה,probus,0,72
ברכה,fortis,1,72
ברכה,bene,0,72
ברכה,benedictio,49,72
ברכה,fons,2,72
ברכה,fonticulus,0,72
ברכה,fontanus,0,72
ברכה,benedico,12,72
ברכות,benedictio,0,0
ברכימ,genu,0,0
ברכימ,poples,0,0
ברכימ,genus,0,0
ברכת,benedico,0,0
ברכת,benedictio,0,0
ברכת,fons,0,0
ברכת,fonticulus,0,0
ברכת,fontanus,0,0
ברכתי,benedico,0,0
ברמ,saluo,0,0
ברמ,nisi,0,0
ברע,improbus,0,1
ברע,malus,0,1
ברע,miseria,0,1
ברע,calamitas,0,1
ברע,negotium,0,1
ברע,noceo,0,1
ברע,molestia,0,1
ברע,opera,0,1
ברע,mala,0,1
ברע,tribulatio,0,1
ברק,fulgur,7,26
ברק,fulmen,0,26
ברקימ,fulgur,0,0
ברקימ,fulmen,0,0
ברקת,smaragdinus,0,3
ברקת,pseudosmaragdus,0,3
ברר,purgo,1,12
בשורה,protagion,0,0
בשל,incoquo,0,26
בשמימ,aroma,0,0
בשמימ,cardamomum,0,0
בשנה,alter,0,1
בשנה,deinde,0,1
בשנה,iterum,0,1
בשנה,secundo,0,1
בשנה,proximus,0,1
בשנה,secundus,0,1
בשנה,annus,0,1
בשנה,anni,0,1
בשנה,tempus,0,1
בשנה,occasio,0,1
בשנה,facultas,0,1
בשנה,potestas,0,1
בשנה,mensis,0,1
בשר,caro,182,242
בשר,uiscera,1,242
בשר,uiscus,0,242
בשר,cadauer,3,242
בשר,membrana,0,242
בשרה,nuntius,5,6
בשרה,renuntio,0,6
בשרה,fama,0,6
בשרה,rumor,0,6
בשרה,defero,0,6
בשרה,nuntio,3,6
בשת,pudor,0,30
בשת,dedecus,0,30
בשת,ignominia,4,30
בת,filia,412,548
בת,nata,0,548
בת,uirgo,14,548
בת,gener,2,548
בת,mulier,22,548
בת,puella,6,548
בת,aedes,1,548
בת,familia,3,548
בת,templum,2,548
בת,apud,3,548
בת,tectum,0,548
בת,penates,0,548
בת,cognatio,2,548
בת,domus,56,548
בת,tecta,0,548
בת,sedes,4,548
בת,praedium,0,548
בת,domum,0,548
בת,domo,0,548
בת,nascor,13,548
בת,puer,5,548
בת,pueri,0,548
בת,puerum,0,548
בת,natus,0,548
בת,filius,201,548
בת,gnatus,0,548
בת,progenies,1,548
בת,proles,0,548
בת,filium,0,548
בת,filii,0,548
בת,filio,0,548
בתולה,uirgineus,0,47
בתולה,uirgo,44,47
בתולה,uirginis,0,47
בתולה,puella,7,47
בתולה,adulescens,2,47
בתולה,iuuenis,8,47
בתולה,adulescentulus,1,47
בתולה,peradulescentulus,0,47
בתולות,uirgineus,0,0
בתולות,uirgo,0,0
בתולות,uirginis,0,0
בתולות,puella,0,0
בתולי,uirginitas,0,0
בתולים,puellula,0,9
בתולימ,uirginitas,0,0
בתולת,uirgineus,0,0
בתולת,uirgo,0,0
בתולת,uirginis,0,0
בתולת,puella,0,0
בתי,domus,0,0
בתי,aedes,0,0
בתי,tecta,0,0
בתי,familia,0,0
בתי,templum,0,0
בתי,apud,0,0
בתי,cognatio,0,0
בתי,tectum,0,0
בתי,gener,0,0
בתי,sedes,0,0
בתי,praedium,0,0
בתי,domum,0,0
בתי,domo,0,0
בתימ,latus,0,0
בתימ,amplus,0,0
בתימ,spatiosus,0,0
בתימ,latitudo,0,0
בתימ,fero,0,0
בתימ,procul,0,0
בתימ,aedes,0,0
בתימ,familia,0,0
בתימ,templum,0,0
בתימ,apud,0,0
בתימ,tectum,0,0
בתימ,penates,0,0
בתימ,cognatio,0,0
בתימ,domus,0,0
בתימ,tecta,0,0
בתימ,gener,0,0
בתימ,sedes,0,0
בתימ,praedium,0,0
בתימ,domum,0,0
בתימ,domo,0,0
בתק,caedes,0,1
בתק,plago,0,1
בתק,sanguis,0,1
בתק,mors,0,1
בתק,occaedes,0,1
בתק,interfacio,0,1
בתק,interfectrix,0,1
בתר,seco,0,4
בתר,caedo,0,4
בתר,scindo,0,4
בתר,caesa,0,4
בתרון,torrens,0,1
בתרון,uallis,0,1
בתרון,fluentum,0,1
גא,arrogo,0,2
גאוה,tumultus,0,11
גאוה,despicatio,0,11
גאוה,superbia,4,11
גאוה,insolentia,0,11
גאוה,contumelia,0,11
גאוה,uis,0,11
גאוה,arrogantia,3,11
גאוה,uiolo,0,11
גאולים,defendo,0,1
גאולים,arceo,0,1
גאולים,propulso,0,1
גאולים,defensio,0,1
גאולים,tutor,0,1
גאולים,uisito,0,1
גאולים,ulciscor,0,1
גאולים,ultio,1,1
גאולים,stipendior,0,1
גאון,altus,0,42
גאון,summus,0,42
גאון,supremus,0,42
גאון,arx,0,42
גאון,altitudo,1,42
גאון,magnitudo,1,42
גאון,gloria,6,42
גאון,fama,0,42
גאון,sententia,0,42
גאון,existimatio,0,42
גאון,laus,0,42
גאון,opinio,0,42
גאון,uis,0,42
גאון,robur,0,42
גאון,fortitudo,2,42
גאון,potentia,1,42
גאון,superbia,29,42
גאון,insolentia,0,42
גאון,contumelia,0,42
גאון,arrogantia,5,42
גאון,uiolo,0,42
גאונ,gloria,0,0
גאונ,fama,0,0
גאונ,sententia,0,0
גאונ,existimatio,0,0
גאונ,laus,0,0
גאונ,opinio,0,0
גאונ,uis,0,0
גאונ,robur,0,0
גאונ,fortitudo,0,0
גאונ,potentia,0,0
גאונ,superbia,0,0
גאונ,insolentia,0,0
גאונ,contumelia,0,0
גאונ,arrogantia,0,0
גאונ,uiolo,0,0
גאות,surgo,0,5
גאות,exsurgo,0,5
גאות,superbia,2,5
גאות,insolentia,0,5
גאות,contumelia,0,5
גאות,uis,0,5
גאות,arrogantia,0,5
גאות,uiolo,0,5
גאל,captatorius,0,81
גאל,enubo,0,81
גאל,traho,0,81
גאל,uerutum,0,81
גאל,uis,1,81
גאל,robur,0,81
גאל,fortitudo,1,81
גאל,potentia,0,81
גאלים,immaculo,0,1
גאלת,hereditarius,0,0
גב,reduncus,0,15
גב,fouea,0,15
גב,altitudo,1,15
גב,arx,0,15
גבא,fossa,0,2
גבא,scrobiculus,0,2
גבה,magnus,0,69
גבה,ingens,0,69
גבה,immanis,0,69
גבה,uastus,0,69
גבה,grandis,0,69
גבה,multus,2,69
גבה,superus,0,69
גבה,summus,0,69
גבה,alo,0,69
גבה,altus,3,69
גבה,celsus,0,69
גבה,excelsus,13,69
גבה,sublimis,10,69
גבה,altitudo,17,69
גבה,arx,0,69
גבה,sublimo,2,69
גבהה,altus,0,0
גבהה,celsus,0,0
גבהה,excelsus,0,0
גבהה,sublimis,0,0
גבהה,superus,0,0
גבהה,alo,0,0
גבהה,summus,0,0
גבהו,abstineo,0,0
גבהו,tempero,0,0
גבהו,procul,0,0
גבהות,altus,0,2
גבהות,celsus,0,2
גבהות,excelsus,0,2
גבהות,sublimis,1,2
גבהות,superus,0,2
גבהות,alo,0,2
גבהות,summus,0,2
גבהימ,altus,0,0
גבהימ,celsus,0,0
גבהימ,excelsus,0,0
גבהימ,sublimis,0,0
גבהימ,superus,0,0
גבהימ,alo,0,0
גבהימ,summus,0,0
גבול,termino,0,188
גבול,mons,14,188
גבול,iugum,0,188
גבול,collis,0,188
גבול,serum,0,188
גבול,terminus,121,188
גבול,ortus,1,188
גבול,exortiuus,0,188
גבולה,mons,0,9
גבולה,iugum,0,9
גבולה,collis,0,9
גבולה,serum,0,9
גבולה,terminus,4,9
גבולה,termino,1,9
גבור,heros,0,135
גבור,qui,33,135
גבור,iste,8,135
גבור,maritus,0,135
גבור,uir,41,135
גבור,homo,4,135
גבור,uiri,0,135
גבור,uirum,0,135
גבור,uiro,0,135
גבור,sapientipotens,0,135
גבור,potens,2,135
גבור,fortis,84,135
גבור,ualidus,0,135
גבור,robustus,23,135
גבור,firmus,0,135
גבור,uehemens,0,135
גבור,praeualeo,0,135
גבורה,uis,0,46
גבורה,robur,2,46
גבורה,fortitudo,29,46
גבורה,potentia,3,46
גבורה,littera,0,46
גבורה,censeo,0,46
גבורה,scribo,11,46
גבורה,reliquus,10,46
גבורה,ceterus,0,46
גבורה,maneo,0,46
גבורה,ergo,1,46
גבורי,potens,0,0
גבורי,fortis,0,0
גבורי,ualidus,0,0
גבורי,robustus,0,0
גבורי,firmus,0,0
גבורי,uehemens,0,0
גבורימ,potens,0,0
גבורימ,fortis,0,0
גבורת,exercitus,0,0
גבורת,copia,0,0
גבורת,uis,0,0
גבורת,uirtus,0,0
גבורת,imperium,0,0
גבורת,potentia,0,0
גבורת,cogo,0,0
גבורת,opis,0,0
גבורת,robur,0,0
גבורת,fortitudo,0,0
גבורת,potestas,0,0
גבח,calueo,0,1
גבי,examen,0,3
גביע,potorius,0,11
גביע,rhytium,0,11
גביע,lychnuchus,0,11
גביע,quadraginta,0,11
גביע,quattuor,2,11
גביר,dominus,2,2
גביר,auctoritas,0,2
גביר,erus,0,2
גביר,potestas,0,2
גבירה,amicus,0,6
גבירה,domina,1,6
גבירה,scortum,0,6
גבירה,era,0,6
גבירה,regina,2,6
גבירה,meretrix,0,6
גבל,termino,0,6
גבלימ,iacio,0,0
גבלימ,mitto,0,0
גבלימ,peto,0,0
גבלימ,ferio,0,0
גבלימ,icio,0,0
גבלימ,proicio,0,0
גבלימ,eicio,0,0
גבלת,termino,0,2
גבנה,caseus,1,1
גבע,syron,0,19
גבעה,contumulo,0,100
גבעה,collis,52,100
גבעה,mons,35,100
גבעה,iuba,0,100
גבעה,iugum,2,100
גבעה,serum,0,100
גבעה,terminus,0,100
גבעימ,uis,0,0
גבעימ,potestas,0,0
גבעימ,imperium,0,0
גבעימ,robur,0,0
גבעימ,tempestas,0,0
גבעימ,pollentia,0,0
גבעת,contumulo,0,0
גבר,heros,0,94
גבר,qui,36,94
גבר,iste,3,94
גבר,maritus,0,94
גבר,uir,47,94
גבר,homo,16,94
גבר,uiri,0,94
גבר,uirum,0,94
גבר,uiro,0,94
גבר,populus,2,94
גבר,humanus,1,94
גבר,orbis,0,94
גבר,plebs,1,94
גבר,mundum,0,94
גבר,sapientipotens,0,94
גברי,heros,0,0
גברי,qui,0,0
גברי,iste,0,0
גברי,maritus,0,0
גברי,uir,0,0
גברי,homo,0,0
גברי,uiri,0,0
גברי,uirum,0,0
גברי,uiro,0,0
גברי,populus,0,0
גברי,humanus,0,0
גברי,orbis,0,0
גברי,plebs,0,0
גברי,mundum,0,0
גברי,potens,0,0
גברי,fortis,0,0
גברימ,heros,0,0
גברימ,qui,0,0
גברימ,iste,0,0
גברימ,maritus,0,0
גברימ,uir,0,0
גברימ,homo,0,0
גברימ,uiri,0,0
גברימ,uirum,0,0
גברימ,uiro,0,0
גברימ,potens,0,0
גברימ,fortis,0,0
גברינ,heros,0,0
גברינ,qui,0,0
גברינ,iste,0,0
גברינ,maritus,0,0
גברינ,uir,0,0
גברינ,homo,0,0
גברינ,uiri,0,0
גברינ,uirum,0,0
גברינ,uiro,0,0
גברת,coniunx,0,8
גברת,muliebris,0,8
גברת,uira,0,8
גברת,femina,0,8
גברת,uxor,0,8
גברת,mulier,1,8
גברת,amicus,0,8
גברת,domina,8,8
גברת,scortum,0,8
גברת,era,0,8
גברת,regina,0,8
גברת,uis,0,8
גברת,robur,0,8
גברת,fortitudo,0,8
גברת,potentia,0,8
גברת,penes,0,8
גג,domus,9,24
גג,tecta,0,24
גג,regia,0,24
גג,tectum,10,24
גג,palatium,0,24
גג,templum,1,24
גג,apud,0,24
גג,familia,0,24
גג,aedes,0,24
גג,doma,2,24
גג,canna,0,24
גג,tegulum,0,24
גגות,domus,0,0
גגות,tecta,0,0
גגות,regia,0,0
גגות,tectum,0,0
גגות,palatium,0,0
גגות,templum,0,0
גגות,apud,0,0
גגות,familia,0,0
גגות,aedes,0,0
גד,deus,3,76
גד,genius,0,76
גד,ingenium,0,76
גד,fortuna,1,76
גד,spiritus,0,76
גד,animus,0,76
גד,numen,0,76
גד,bonus,3,76
גד,praedium,0,76
גד,substantia,1,76
גד,fors,0,76
גד,casus,0,76
גד,dimidius,8,76
גד,dimidio,0,76
גד,semifer,0,76
גד,dimidium,0,76
גדבר,quaestor,0,2
גדברי,tyrannus,0,0
גדברי,regius,0,0
גדול,ualidus,2,447
גדול,fortis,16,447
גדול,robustus,9,447
גדול,firmus,1,447
גדול,uehemens,4,447
גדול,praesertim,0,447
גדול,princeps,21,447
גדול,magnus,307,447
גדול,dux,3,447
גדול,praecipuus,0,447
גדול,maximus,0,447
גדול,potis,0,447
גדול,magus,0,447
גדול,malo,0,447
גדול,mirifico,0,447
גדול,ingens,8,447
גדול,immanis,0,447
גדול,uastus,0,447
גדול,grandis,67,447
גדול,multus,25,447
גדול,superus,0,447
גדול,summus,1,447
גדול,alo,0,447
גדול,plerusque,0,447
גדול,amplus,0,447
גדול,complures,0,447
גדול,annualis,0,447
גדול,longus,3,447
גדול,diu,0,447
גדול,procul,3,447
גדול,absum,2,447
גדולה,magnitudo,2,8
גדולה,magnanimitas,0,8
גדולה,magnus,0,8
גדולה,ingens,0,8
גדולה,immanis,0,8
גדולה,uastus,0,8
גדולה,grandis,0,8
גדולה,multus,0,8
גדולה,superus,0,8
גדולה,summus,0,8
גדולה,alo,0,8
גדולה,altitudo,0,8
גדולימ,magnus,0,0
גדולימ,ingens,0,0
גדולימ,immanis,0,0
גדולימ,uastus,0,0
גדולימ,grandis,0,0
גדולימ,multus,0,0
גדולימ,superus,0,0
גדולימ,summus,0,0
גדולימ,alo,0,0
גדי,capra,3,40
גדי,caper,0,40
גדי,hircus,0,40
גדי,caprinus,0,40
גדי,hircinus,0,40
גדי,agnos,0,40
גדי,agnus,1,40
גדי,iacio,0,40
גדי,proicio,0,40
גדי,reiecto,0,40
גדיה,ripa,2,5
גדיה,triremis,0,5
גדיה,mensa,0,5
גדיה,tabula,0,5
גדיה,agger,0,5
גדיה,tumulus,0,5
גדיי,haedus,0,0
גדיי,haedinus,0,0
גדיי,haedulus,0,0
גדל,fio,0,107
גדל,nascor,1,107
גדל,orior,1,107
גדל,gigno,2,107
גדל,sum,64,107
גדל,uis,0,107
גדל,robur,0,107
גדל,fortitudo,4,107
גדל,potentia,1,107
גדל,mirifico,0,107
גדל,magnus,7,107
גדל,ingens,0,107
גדל,immanis,0,107
גדל,uastus,0,107
גדל,grandis,3,107
גדל,multus,3,107
גדל,superus,0,107
גדל,summus,0,107
גדל,alo,0,107
גדל,legatus,0,107
גדל,orator,0,107
גדל,senex,2,107
גדל,uetus,0,107
גדל,natus,0,107
גדל,antiquus,0,107
גדל,presbyter,0,107
גדלה,ualidus,0,0
גדלה,fortis,0,0
גדלה,robustus,0,0
גדלה,firmus,0,0
גדלה,uehemens,0,0
גדלה,magnus,0,0
גדלה,ingens,0,0
גדלה,immanis,0,0
גדלה,uastus,0,0
גדלה,grandis,0,0
גדלה,multus,0,0
גדלה,superus,0,0
גדלה,summus,0,0
גדלה,alo,0,0
גדלות,magnus,0,0
גדלות,ingens,0,0
גדלות,immanis,0,0
גדלות,uastus,0,0
גדלות,grandis,0,0
גדלות,multus,0,0
גדלות,superus,0,0
גדלות,summus,0,0
גדלות,alo,0,0
גדלימ,magnus,0,0
גדלימ,ingens,0,0
גדלימ,immanis,0,0
גדלימ,uastus,0,0
גדלימ,grandis,0,0
גדלימ,multus,0,0
גדלימ,superus,0,0
גדלימ,summus,0,0
גדלימ,alo,0,0
גדלת,magnus,0,0
גדלת,ingens,0,0
גדלת,immanis,0,0
גדלת,uastus,0,0
גדלת,grandis,0,0
גדלת,multus,0,0
גדלת,superus,0,0
גדלת,summus,0,0
גדלת,alo,0,0
גדע,praecido,2,20
גדע,abscido,2,20
גדע,caesa,0,20
גדע,altus,0,20
גדע,celsus,0,20
גדע,excelsus,4,20
גדע,sublimis,1,20
גדע,superus,0,20
גדע,alo,0,20
גדע,summus,0,20
גדף,blasphemo,5,6
גדף,fabulor,0,6
גדר,consaepto,0,22
גדרה,ouis,3,7
גדרה,pecus,1,7
גדרה,grex,0,7
גדרה,pecuarius,0,7
גהה,sano,1,2
גהה,curo,0,2
גהה,seruio,0,2
גהה,medeor,0,2
גהה,remedio,0,2
גו,gens,0,10
גו,natio,0,10
גו,populus,0,10
גו,prouincia,0,10
גו,tribus,0,10
גוא,medius,2,8
גוא,medion,0,8
גוא,centrum,0,8
גוא,medio,0,8
גוב,fouea,0,3
גוד,impono,0,1
גוד,impetus,0,1
גוד,oppugno,0,1
גוד,conor,0,1
גוד,suscipio,0,1
גוד,recipio,0,1
גוד,tento,0,1
גוה,cogito,0,4
גוה,sentio,0,4
גוה,sapientia,0,4
גוה,superbia,2,4
גוה,superbus,0,4
גוה,cogitatio,0,4
גוה,adsum,0,4
גוה,animus,0,4
גוה,spiritus,0,4
גוי,populus,73,424
גוי,qui,166,424
גוי,humanus,0,424
גוי,iste,28,424
גוי,orbis,1,424
גוי,plebs,0,424
גוי,mundum,0,424
גוי,uir,6,424
גוי,homo,10,424
גוי,uulgus,0,424
גוי,terra,123,424
גוי,contio,0,424
גוי,communis,0,424
גוי,ecclesia,1,424
גוי,ager,1,424
גוי,praepinguis,0,424
גוי,unguinosus,0,424
גוי,gens,367,424
גוי,natio,42,424
גוי,prouincia,4,424
גוי,tribus,0,424
גוי,turba,0,424
גוי,exercitus,18,424
גוי,militia,2,424
גוי,hospes,0,424
גוי,tecolithos,0,424
גוי,petrinus,0,424
גוי,popularis,0,424
גוי,multitudo,13,424
גוי,numero,1,424
גוי,numerus,3,424
גויה,ordo,0,9
גויה,homo,0,9
גויה,corpus,7,9
גויה,corpusculum,0,9
גויי,gens,0,0
גויי,natio,0,0
גויי,populus,0,0
גויי,prouincia,0,0
גויי,tribus,0,0
גוימ,gens,0,0
גוימ,natio,0,0
גוימ,populus,0,0
גוימ,prouincia,0,0
גוימ,tribus,0,0
גולה,fugio,0,42
גולה,effugio,0,42
גולה,fuga,0,42
גולה,exsilium,0,42
גולה,profugio,0,42
גולה,uito,0,42
גולה,exsul,0,42
גולה,fugitiuus,0,42
גולה,transmigratio,27,42
גולה,captiuitas,12,42
גולן,gaulus,2,4
גוע,linquo,0,18
גוע,accedo,0,18
גוע,adicio,0,18
גוע,adiungo,0,18
גוע,addo,0,18
גוף,secludo,0,1
גוף,excludo,0,1
גוף,claudo,1,1
גוף,praecludo,0,1
גוף,clio,0,1
גופה,morior,0,1
גופה,emortuus,0,1
גופה,corporis,0,1
גופה,cadauer,1,1
גופה,corpus,0,1
גופה,mortuus,0,1
גור,habito,29,97
גור,incolo,3,97
גור,uiuo,2,97
גור,cohabito,0,97
גור,scymnus,0,97
גורל,hereditas,3,62
גורל,possessio,8,62
גורל,hereditarius,0,62
גורל,sors,50,62
גורל,praedium,0,62
גורל,aratio,0,62
גורל,sortio,0,62
גורלות,hereditas,0,0
גורלות,sors,0,0
גורלות,praedium,0,0
גורלות,possessio,0,0
גורלות,aratio,0,0
גורלות,sortio,0,0
גז,herba,0,3
גז,gramen,0,3
גז,pastus,0,3
גזבר,quaestor,0,2
גזה,uellus,2,4
גזה,pellicula,0,4
גזה,ros,4,4
גזה,roscidus,0,4
גזה,lanugino,0,4
גזה,mallus,0,4
גזז,caesa,0,14
גזז,ouis,8,14
גזז,pecus,1,14
גזז,grex,4,14
גזז,pecuarius,0,14
גזל,iniquitas,1,29
גזל,iniustus,0,29
גזל,rapulum,0,29
גזל,rapio,10,29
גזל,corripio,0,29
גזלה,uendo,0,5
גזלה,restituo,1,5
גזלה,soluo,0,5
גזלה,trado,0,5
גזלה,redeo,0,5
גזלה,reuorto,0,5
גזלה,stipendium,0,5
גזלה,libero,0,5
גזלה,reddo,3,5
גזלה,rapulum,0,5
גזם,deuoro,0,5
גזם,esco,0,5
גזע,radix,2,3
גזע,radico,1,3
גזע,oliua,0,3
גזר,perago,0,28
גזרה,siccus,0,9
גזרה,centum,3,9
גזרה,longitudo,3,9
גזרה,cubitus,0,9
גזרה,cubitum,4,9
גחון,aluus,0,2
גחון,uenter,0,2
גחון,uterus,0,2
גחון,praecordia,0,2
גחל,carbo,5,11
גחל,anthracitis,0,11
גי,terra,0,0
גי,tellus,0,0
גי,ager,0,0
גיא,uallis,2,49
גיא,conuallis,4,49
גיא,uallum,0,49
גיא,canalis,0,49
גיא,ualles,40,49
גיא,mons,12,49
גיא,iugum,1,49
גיא,collis,4,49
גיא,serum,0,49
גיא,terminus,1,49
גיא,fauces,0,49
גיא,scissus,0,49
גיד,neruus,4,5
גיד,tortum,0,5
גיד,choreus,0,5
גיימ,gens,0,0
גיימ,natio,0,0
גיימ,populus,0,0
גיימ,prouincia,0,0
גיימ,tribus,0,0
גיל,hilaro,0,28
גיל,festiuitas,0,28
גיל,gaudeo,7,28
גיל,laetor,5,28
גיל,ualeo,0,28
גיל,laeto,6,28
גיל,grando,0,28
גיל,gaudium,3,28
גיל,fruor,0,28
גיל,delecto,0,28
גיל,uoluptas,0,28
גיל,laetitia,4,28
גל,contumulo,0,31
גל,fluctus,8,31
גל,aestus,0,31
גל,unda,0,31
גל,gurgito,0,31
גל,lapis,7,31
גל,saxum,0,31
גל,marmor,0,31
גל,marmoreus,0,31
גל,gemma,0,31
גל,petrinus,0,31
גלא,reuelo,0,0
גלבע,syron,0,8
גלגל,rota,9,49
גלגלת,caput,8,12
גלגלת,cephalaea,0,12
גלגלת,multitudo,0,12
גלגלת,numero,1,12
גלגלת,numerus,2,12
גלגלת,insuper,0,12
גלגלת,supernus,0,12
גלד,membrana,0,1
גלד,cutis,0,1
גלד,pellis,0,1
גלד,corium,0,1
גלד,tergus,0,1
גלד,abscondo,0,1
גלה,reuelo,50,180
גלו,fugio,0,2
גלו,effugio,0,2
גלו,fuga,0,2
גלו,exsilium,0,2
גלו,profugio,0,2
גלו,uito,0,2
גלו,exsul,0,2
גלו,fugitiuus,0,2
גלולים,idolum,19,45
גלולים,simulacrum,4,45
גלולים,imaginis,0,45
גלולים,umbra,0,45
גלולים,imago,0,45
גלות,transmigratio,10,14
גלות,captiuitas,4,14
גלות,fugio,1,14
גלות,effugio,0,14
גלות,fuga,0,14
גלות,exsilium,0,14
גלות,profugio,0,14
גלות,uito,0,14
גלות,exsul,0,14
גלות,fugitiuus,0,14
גלות,reuelo,0,14
גלות,humilito,0,14
גלות,mensis,5,14
גלח,rasito,0,18
גלח,oratio,0,18
גלח,prex,0,18
גלח,uotum,0,18
גלח,crinis,1,18
גלח,come,0,18
גלח,capillus,4,18
גלח,caesaries,3,18
גלי,reuelo,0,0
גליון,tabula,0,2
גליון,tabella,0,2
גליון,pugillaris,0,2
גלילה,locus,0,5
גלילה,regio,0,5
גלילה,ager,0,5
גלילה,dimidius,1,5
גלילה,dimidio,0,5
גלילה,semifer,0,5
גלילה,dimidium,0,5
גלל,causa,1,31
גלל,propter,10,31
גלל,quia,0,31
גלל,ratio,0,31
גלל,ob,1,31
גלל,sicut,3,31
גלל,res,0,31
גלל,negotium,0,31
גלל,silua,1,31
גלל,nemus,0,31
גלל,lucus,0,31
גלל,lignum,2,31
גלל,materia,0,31
גלל,ager,3,31
גלל,fundus,0,31
גלל,campus,0,31
גלל,praedium,0,31
גלל,uilla,0,31
גלעד,contumulo,0,123
גלש,descendo,0,2
גלש,deicio,0,2
גמ,aurora,0,0
גמ,mane,0,0
גמ,usque,0,0
גמ,dum,0,0
גמ,quoad,0,0
גמ,donec,0,0
גמא,hirundo,0,6
גמא,deuoro,0,6
גמד,cubitus,0,1
גמד,cubitum,0,1
גמול,hostimentum,0,11
גמול,retributio,5,11
גמול,opus,2,11
גמול,facinus,0,11
גמול,res,0,11
גמול,negotium,0,11
גמול,opero,0,11
גמל,camelus,38,73
גמל,camelinus,0,73
גמלימ,camelus,0,0
גמלימ,camelinus,0,0
גן,hortus,20,40
גן,paradisus,16,40
גן,hortensius,0,40
גן,hortensis,0,40
גן,silua,0,40
גן,tignum,0,40
גן,materia,0,40
גן,lignum,9,40
גנ,paradisus,0,0
גנב,fur,11,47
גנב,occulo,0,47
גנבו,occulo,0,0
גנבתי,surrepticius,0,0
גנה,hortus,15,16
גנה,paradisus,0,16
גנה,hortensius,0,16
גנה,hortensis,0,16
גנות,hortus,0,0
גנות,paradisus,0,0
גנות,hortensius,0,0
גנות,hortensis,0,0
גנז,aerarius,0,6
גנז,publicus,0,6
גנז,thesaurus,2,6
גנזך,aerarius,0,1
גנזך,publicus,0,1
גנזך,thesaurus,0,1
גנן,seruo,0,7
גנן,conseruo,0,7
גנן,tueor,0,7
גנן,saluus,0,7
גנן,salus,0,7
גנן,libero,2,7
גנן,retineo,0,7
גנן,saluo,2,7
געה,humilis,0,3
געל,odi,0,19
געל,odium,0,19
גערה,animus,0,10
גערה,spiritus,1,10
גערה,furor,2,10
גערה,ira,0,10
גערה,cor,1,10
גערה,pectus,0,10
גערה,amor,0,10
גערה,mens,0,10
גערה,libido,0,10
גערה,pectoralis,0,10
גערה,animi,0,10
גערת,uerbum,0,0
גערת,uox,0,0
גף,ordo,0,3
גף,homo,0,3
גף,corpus,0,3
גף,corpusculum,0,3
גפ,solus,0,0
גפ,unus,0,0
גפ,modo,0,0
גפינ,ala,0,0
גפינ,penna,0,0
גפן,uitis,10,46
גפן,mados,0,46
גפן,fructus,6,46
גפן,pomum,1,46
גפן,messis,2,46
גפן,silua,2,46
גפן,tignum,0,46
גפן,materia,0,46
גפן,lignum,6,46
גפן,uinum,5,46
גפן,bacchus,0,46
גפן,uini,0,46
גפנ,uitis,0,0
גפנ,mados,0,0
גפרית,diuinus,0,6
גפרית,diuus,0,6
גפרית,deus,0,6
גפרית,numen,0,6
גר,cohabito,0,80
גר,aduena,38,80
גר,compressor,0,80
גר,pupillus,16,80
גרא,senectus,0,9
גרא,senium,0,9
גרא,aetas,0,9
גרגר,olea,1,1
גרגר,oliua,1,1
גרגרת,guttur,2,4
גרגרת,rumen,0,4
גרגרת,macto,0,4
גרגרת,iugulo,0,4
גרגרת,immolo,0,4
גרה,immundus,5,25
גרה,ungulatus,0,25
גרון,guttur,1,4
גרון,rumen,0,4
גרון,macto,0,4
גרון,iugulo,0,4
גרון,immolo,0,4
גרונ,respiramen,0,0
גרזן,securis,4,4
גרזן,silua,1,4
גרזן,tignum,0,4
גרזן,materia,0,4
גרזן,lignum,3,4
גרזנ,securifer,0,0
גרימ,aduena,0,0
גרימ,compressor,0,0
גרם,ossum,0,7
גרם,redo,0,7
גרמי,ossum,0,1
גרמי,redo,0,1
גרן,iaceo,0,36
גרן,capio,1,36
גרן,corripio,0,36
גרן,salictum,0,36
גרן,aluearium,0,36
גרן,galbeum,0,36
גרן,cibus,1,36
גרן,frumentum,1,36
גרן,seges,0,36
גרן,panis,0,36
גרן,frumentarius,0,36
גרן,triticum,1,36
גרן,granum,0,36
גרן,esca,0,36
גרנ,iaceo,0,0
גרנ,capio,0,0
גרנ,corripio,0,0
גרנ,salictum,0,0
גרע,aufero,5,21
גרע,tollo,0,21
גרע,priuo,0,21
גרע,accedo,0,21
גרע,adicio,0,21
גרע,adiungo,0,21
גרע,addo,2,21
גרש,eicio,26,44
גרש,expello,2,44
גרש,eiecto,0,44
גרשו,eicio,0,0
גרשו,expello,0,0
גרשו,eiecto,0,0
גרשון,populus,1,16
גרשון,plebs,0,16
גרשון,uulgus,0,16
גרשון,terra,0,16
גרשון,contio,0,16
גרשון,communis,0,16
גרשון,ecclesia,0,16
גרשון,ager,0,16
גרשון,praepinguis,0,16
גרשון,unguinosus,0,16
גרשני,populus,0,12
גרשני,plebs,0,12
גרשני,uulgus,0,12
גרשני,terra,0,12
גרשני,contio,0,12
גרשני,communis,0,12
גרשני,ecclesia,0,12
גרשני,ager,0,12
גרשני,praepinguis,0,12
גרשני,unguinosus,0,12
גרשני,ministerium,0,12
גרשת,eicio,0,0
גרשת,expello,0,0
גרשת,eiecto,0,0
גשה,attulo,0,0
גשורי,termino,0,6
גשם,imber,14,36
גשם,pluuia,13,36
גשמ,ordo,0,0
גשמ,homo,0,0
גשמ,corpus,0,0
גשמ,pluuia,0,0
גשמי,ordo,0,0
גשמי,homo,0,0
גשמי,corpus,0,0
גשנ,bellator,0,0
גשנ,heros,0,0
גשנ,heroum,0,0
גשנ,herois,0,0
גשנ,urbs,0,0
גשנ,ciuitas,0,0
גשנ,oppidum,0,0
גשנ,moenia,0,0
גשנ,publicus,0,0
גשנ,athenae,0,0
גשנ,municipium,0,0
גשנ,urbem,0,0
גשנ,urbis,0,0
גשת,attulo,0,0
גשת,quotiens,0,0
גשת,quoniam,0,0
גת,syron,0,40
דא,alius,0,0
דא,alter,0,0
דא,mutuus,0,0
דא,inuicem,0,0
דאבה,despero,0,1
דאבה,repudiatio,0,1
דאבון,despero,0,1
דאבון,repudiatio,0,1
דאגה,cura,0,6
דאגה,curo,0,6
דאגה,caueo,0,6
דאגה,prouidentia,0,6
דאגה,panis,3,6
דארינ,domus,0,0
דארינ,aedes,0,0
דארינ,tecta,0,0
דארינ,familia,0,0
דארינ,templum,0,0
דארינ,apud,0,0
דארינ,cognatio,0,0
דארינ,tectum,0,0
דארינ,gener,0,0
דארינ,sedes,0,0
דארינ,praedium,0,0
דארינ,domum,0,0
דארינ,domo,0,0
דב,attollo,0,13
דב,tollo,1,13
דב,fero,0,13
דב,sustineo,0,13
דב,ursus,9,13
דב,ingesto,0,13
דב,gigno,0,13
דב,pario,0,13
דב,genero,0,13
דב,porto,0,13
דב,gero,0,13
דב,affero,0,13
דב,adduco,0,13
דב,educo,0,13
דב,duco,0,13
דב,induco,0,13
דב,defero,0,13
דב,introduco,0,13
דב,infero,1,13
דב,offertor,0,13
דב,leo,8,13
דבב,fluo,0,1
דבב,decurro,0,1
דבה,impius,0,8
דבה,malus,2,8
דבה,improbus,0,8
דבח,uictima,0,1
דבח,sacrificium,0,1
דבח,immolo,1,1
דבח,sacrifico,0,1
דבח,macto,0,1
דבח,uictimo,0,1
דביר,amplector,0,18
דבק,glutino,1,51
דבקה,glutino,0,0
דבר,aio,157,1998
דבר,dico,732,1998
דבר,inquam,17,1998
דבר,loquor,808,1998
דבר,respondeo,124,1998
דבר,profor,0,1998
דבר,causa,11,1998
דבר,propter,34,1998
דבר,quia,158,1998
דבר,ratio,0,1998
דבר,ob,6,1998
דבר,sicut,119,1998
דבר,renarro,0,1998
דבר,mors,21,1998
דבר,letum,0,1998
דבר,nex,0,1998
דבר,defunctus,0,1998
דבר,fatum,0,1998
דבר,mortis,0,1998
דבר,morte,0,1998
דבר,mortem,0,1998
דבר,quasi,43,1998
דבר,similis,8,1998
דבר,tamquam,0,1998
דבר,uelut,1,1998
דבר,iudicium,34,1998
דבר,fabulor,0,1998
דבר,garrio,0,1998
דבר,uoco,49,1998
דבר,appello,1,1998
דבר,oraculum,3,1998
דבר,argumentum,0,1998
דבר,contio,1,1998
דבר,tabula,8,1998
דבר,fabula,0,1998
דבר,uerbi,0,1998
דבר,oratio,4,1998
דבר,uerbum,586,1998
דבר,sermo,331,1998
דבר,uox,42,1998
דבר,ullus,2,1998
דבר,nullus,18,1998
דבר,quisquam,31,1998
דבר,aliquis,6,1998
דבר,nihil,15,1998
דבר,res,53,1998
דבר,negotium,4,1998
דבר,imperatus,0,1998
דבר,dispono,1,1998
דברה,causa,0,5
דברה,auctor,0,5
דברה,crimen,0,5
דברה,ratio,0,5
דברה,reprehendo,0,5
דברה,culpa,0,5
דברה,ob,1,5
דברה,reus,0,5
דברו,loquor,0,0
דברו,fabulor,0,0
דברי,loquor,0,1
דברי,fabulor,0,1
דברי,causa,0,1
דברי,argumentum,0,1
דברי,contio,0,1
דברי,tabula,0,1
דברי,fabula,0,1
דברי,ob,0,1
דברי,ratio,0,1
דברי,uerbi,0,1
דברי,oratio,0,1
דברי,uerbum,0,1
דברי,sermo,0,1
דברי,uox,0,1
דברימ,causa,0,0
דברימ,argumentum,0,0
דברימ,contio,0,0
דברימ,tabula,0,0
דברימ,fabula,0,0
דברימ,ob,0,0
דברימ,ratio,0,0
דברימ,uerbi,0,0
דברימ,oratio,0,0
דברימ,uerbum,0,0
דברימ,sermo,0,0
דברימ,uox,0,0
דברימ,imperatus,0,0
דברנו,loquor,0,0
דברנו,fabulor,0,0
דברת,causa,0,4
דברת,propter,0,4
דברת,quia,0,4
דברת,ratio,0,4
דברת,ob,0,4
דברת,sicut,0,4
דברת,loquor,0,4
דברת,renarro,0,4
דברת,fabulor,0,4
דברת,dico,0,4
דברת,aio,0,4
דברת,uoco,0,4
דברת,appello,0,4
דברתי,loquor,0,0
דברתי,fabulor,0,0
דברתי,dico,0,0
דברתי,aio,0,0
דברתי,uoco,0,0
דברתי,appello,0,0
דבש,mel,50,51
דבש,mulceo,0,51
דבש,lac,22,51
דבש,lacteus,0,51
דבת,reprehensio,0,0
דג,piscis,11,13
דג,fera,0,13
דג,bestia,2,13
דג,belua,0,13
דג,ferus,0,13
דג,iumentum,0,13
דג,animal,1,13
דגה,piscis,12,13
דגה,uento,0,13
דגה,flumen,5,13
דגה,fluuius,2,13
דגה,amnis,0,13
דגי,piscis,0,0
דגל,exercitus,4,17
דגל,copia,0,17
דגל,uis,0,17
דגל,uirtus,0,17
דגל,imperium,0,17
דגל,potentia,0,17
דגל,cogo,0,17
דגל,opis,0,17
דגל,robur,0,17
דגל,fortitudo,0,17
דגל,potestas,0,17
דגל,obicio,0,17
דגל,insitium,0,17
דגל,legio,0,17
דגל,quarta,0,17
דגן,cibus,1,36
דגן,frumentum,22,36
דגן,seges,0,36
דגן,panis,2,36
דגן,frumentarius,0,36
דגן,triticum,8,36
דגן,granum,0,36
דגן,esca,0,36
דגן,oleum,16,36
דגן,olearius,0,36
דגן,olearis,0,36
דגן,uinum,24,36
דגן,bacchus,0,36
דגן,uini,0,36
דגנ,cibus,0,0
דגנ,frumentum,0,0
דגנ,seges,0,0
דגנ,panis,0,0
דגנ,frumentarius,0,0
דגנ,triticum,0,0
דגנ,granum,0,0
דגנ,esca,0,0
דגת,piscis,0,0
דד,pectus,0,4
דד,pectoralis,0,4
דד,cor,0,4
דד,pectoris,0,4
דדן,negotiator,2,10
דדן,mercator,0,10
דהב,aureus,10,16
דהב,aurum,6,16
דהם,miror,0,1
דהם,admiror,0,1
דהם,stupeo,0,1
דהם,miro,0,1
דהם,mirus,0,1
דהם,prodigium,0,1
דהם,admiratio,0,1
דוד,rex,168,873
דוד,tyrannus,0,873
דוד,dominus,254,873
דוד,princeps,56,873
דוד,regis,0,873
דוד,regem,0,873
דוד,regi,0,873
דוד,ibi,22,873
דוד,populus,64,873
דוד,plebs,1,873
דוד,uulgus,1,873
דוד,turba,1,873
דוד,exercitus,25,873
דוד,militia,8,873
דוד,hospes,0,873
דוד,tecolithos,0,873
דוד,petrinus,0,873
דוד,popularis,0,873
דוד,uiuo,13,873
דוד,habito,21,873
דוד,incolo,0,873
דוד,psalmus,0,873
דוד,chelys,0,873
דודי,praeda,0,5
דודי,colleuo,0,5
דודי,deleuo,0,5
דודי,mandragoras,3,5
דוי,improbus,0,3
דוי,malus,0,3
דוי,miseria,0,3
דוי,calamitas,0,3
דוי,negotium,0,3
דוי,noceo,0,3
דוי,molestia,0,3
דוי,opera,0,3
דוי,mala,0,3
דוי,tribulatio,0,3
דויד,rex,0,0
דויד,tyrannus,0,0
דויד,dominus,0,0
דויד,princeps,0,0
דויד,regis,0,0
דויד,regem,0,0
דויד,regi,0,0
דוכיפת,epops,0,2
דוכיפת,upupa,1,2
דומיה,taceo,0,0
דומיה,silentium,0,0
דומיה,sileo,0,0
דומיה,reticeo,0,0
דונג,cera,1,1
דונג,ceratum,0,1
דונג,ceu,0,1
דונג,uelut,0,1
דוץ,subsilio,0,1
דור,gens,2,99
דור,genus,0,99
דור,progenies,2,99
דור,generatio,66,99
דור,saeculum,5,99
דור,natio,0,99
דור,multus,1,99
דור,magnus,1,99
דור,longus,0,99
דור,diu,0,99
דור,procul,1,99
דור,superus,0,99
דור,absum,0,99
דור,summus,0,99
דור,grandis,0,99
דור,aeternus,5,99
דור,perpes,0,99
דור,lex,1,99
דור,liceor,0,99
דור,mos,0,99
דור,ius,2,99
דור,consuetudo,1,99
דור,legitimus,8,99
דוש,plaustrum,5,13
דוש,carrus,0,13
דוש,uehes,0,13
דחה,pello,0,1
דחה,trudo,0,1
דחה,depello,0,1
דחה,protrudo,0,1
דחח,pello,0,2
דחח,trudo,0,2
דחח,depello,0,2
דחח,protrudo,0,2
דחיל,terribilis,0,0
דחיל,formidabilis,0,0
דחיל,horrendus,0,0
דחיל,formidolosus,0,0
דחיל,pauidus,0,0
דחילה,terribilis,0,0
דחילה,formidabilis,0,0
דחילה,horrendus,0,0
דחילה,formidolosus,0,0
דחילה,pauidus,0,0
דחן,fraxinus,0,1
דחן,fraxineus,0,1
דחף,propero,0,4
דחף,festino,3,4
דחף,urgeo,0,4
דחק,iubeo,0,2
דחק,impero,0,2
דחק,mando,0,2
דחק,ordo,0,2
דחק,praecipio,0,2
דחק,imperium,0,2
דחק,praesum,0,2
דחק,consilium,0,2
דחק,commendo,0,2
דחק,hortor,0,2
דחק,monstro,0,2
דחק,uolo,0,2
דחק,oro,0,2
דחק,obsecro,0,2
דחק,rogo,0,2
דחק,peto,0,2
דחק,uoco,0,2
די,etenim,0,139
די,uerus,2,139
די,hercules,0,139
די,ueritas,0,139
די,aconiti,0,139
די,rex,64,139
די,tyrannus,2,139
די,dominus,14,139
די,princeps,7,139
די,regis,0,139
די,regem,0,139
די,regi,0,139
די,auctoritas,0,139
די,licentia,0,139
די,uis,0,139
די,imperium,2,139
די,potestas,3,139
די,extra,0,139
די,quando,0,139
די,post,4,139
די,quoniam,5,139
די,aurora,0,139
די,mane,1,139
די,usque,9,139
די,dum,0,139
די,quoad,0,139
די,donec,2,139
די,dea,0,139
די,caelum,15,139
די,caelus,0,139
די,deus,48,139
די,deum,0,139
די,dei,0,139
די,deo,0,139
די,numen,0,139
די,diuus,0,139
די,satis,0,139
די,quantulus,0,139
די,leo,0,139
די,causa,1,139
די,argumentum,0,139
די,contio,0,139
די,tabula,0,139
די,fabula,0,139
די,ob,2,139
די,ratio,0,139
די,uerbi,0,139
די,oratio,0,139
די,uerbum,4,139
די,sermo,6,139
די,uox,1,139
די,domus,21,139
די,aedes,0,139
די,tecta,0,139
די,familia,0,139
די,templum,9,139
די,apud,0,139
די,cognatio,0,139
די,tectum,1,139
די,gener,0,139
די,sedes,0,139
די,praedium,0,139
די,domum,0,139
די,domo,1,139
די,iubeo,2,139
די,ordo,2,139
די,impero,1,139
די,quantus,0,139
די,tam,1,139
די,quicumque,4,139
די,ullus,0,139
די,quisquam,2,139
די,quisquis,1,139
די,quotiens,0,139
די,totus,1,139
די,uniuersus,12,139
די,cunctus,1,139
די,omnis,21,139
די,ignis,7,139
די,flamma,1,139
די,incendium,0,139
די,ferreus,3,139
די,ferrum,5,139
די,ferrarius,0,139
די,gladius,1,139
די,quartus,1,139
די,murus,4,139
די,paries,2,139
די,moenia,0,139
די,costa,0,139
די,mos,0,139
די,iter,0,139
די,modus,1,139
די,existimatio,0,139
די,fama,0,139
די,lura,0,139
די,uia,0,139
די,manus,12,139
די,arma,0,139
די,bracchium,1,139
די,aureus,10,139
די,aurum,7,139
די,ceu,0,139
די,uelut,1,139
דין,iudex,3,25
דין,iudico,16,25
דין,decerno,1,25
דין,iudicium,8,25
דין,reciperator,0,25
דין,statuo,0,25
דינ,decretorius,0,0
דינ,iudicium,0,0
דינ,hemina,0,0
דינה,orbitus,0,9
דינה,terribilis,0,9
דינה,dirus,0,9
דינה,atrox,0,9
דינה,formidabilis,0,9
דינה,saeuus,0,9
דינה,periculum,0,9
דינה,mirus,0,9
דינה,metuo,0,9
דינה,immanis,0,9
דינה,lepidus,0,9
דיק,defensa,0,6
דירינ,domus,0,0
דירינ,aedes,0,0
דירינ,tecta,0,0
דירינ,familia,0,0
דירינ,templum,0,0
דירינ,apud,0,0
דירינ,cognatio,0,0
דירינ,tectum,0,0
דירינ,gener,0,0
דירינ,sedes,0,0
דירינ,praedium,0,0
דירינ,domum,0,0
דירינ,domo,0,0
דכנ,ibi,0,0
דכר,aries,2,3
דכר,petro,0,3
דכר,agninus,0,3
דכר,ouinus,0,3
דכר,ueruex,0,3
דכרון,tabula,0,1
דכרון,tabella,0,1
דכרן,tabula,0,1
דכרן,tabella,0,1
דל,pauper,35,40
דל,miser,0,40
דל,inops,0,40
דל,mendicus,0,40
דל,paupertinus,0,40
דל,iudicium,2,40
דל,humilis,2,40
דלג,ascendo,0,3
דלג,mons,1,3
דלג,escendo,0,3
דלית,frondosus,0,8
דלית,foliosus,0,8
דלית,ramus,2,8
דלית,rumpus,0,8
דלית,multitudo,1,8
דלית,turba,0,8
דלית,populus,1,8
דלית,plebs,0,8
דלית,numero,0,8
דלית,numerus,0,8
דלית,radix,3,8
דלית,radico,0,8
דלת,porta,21,74
דלת,ianua,4,74
דלת,fores,1,74
דלת,foras,2,74
דלת,ostium,35,74
דלת,foris,7,74
דלת,limen,1,74
דלת,portae,0,74
דלתות,porta,0,0
דלתות,ianua,0,0
דלתות,fores,0,0
דלתות,foras,0,0
דלתות,ostium,0,0
דלתות,foris,0,0
דלתות,limen,0,0
דלתי,porta,0,0
דלתי,ianua,0,0
דלתי,fores,0,0
דלתי,foras,0,0
דלתי,ostium,0,0
דלתי,foris,0,0
דלתי,limen,0,0
דם,sanguis,241,267
דם,cruor,6,267
דם,sanguineus,0,267
דם,mors,9,267
דם,occaedes,0,267
דם,interfacio,9,267
דם,caedes,0,267
דם,interfectrix,0,267
דמ,sanguis,0,0
דמ,cruor,0,0
דמ,sanguineus,0,0
דמה,hostio,0,34
דמות,statua,0,20
דמות,signum,0,20
דמות,similitudo,17,20
דמות,simulacrum,0,20
דמות,imago,3,20
דמות,instar,0,20
דמות,similitas,0,20
דמות,proportio,0,20
דמות,quadraginta,0,20
דמות,quattuor,5,20
דמי,sanguis,0,3
דמי,cruor,0,3
דמי,sanguineus,0,3
דמי,statua,0,3
דמי,signum,0,3
דמי,similitudo,0,3
דמי,simulacrum,0,3
דמי,imago,0,3
דמי,instar,0,3
דמימ,sanguis,0,0
דמימ,cruor,0,0
דמימ,sanguineus,0,0
דמימ,obnoxius,0,0
דמימ,mors,0,0
דמימ,occaedes,0,0
דמימ,interfacio,0,0
דמימ,caedes,0,0
דמימ,interfectrix,0,0
דמין,statua,0,0
דמין,signum,0,0
דמין,similitudo,0,0
דמין,simulacrum,0,0
דמין,imago,0,0
דמין,instar,0,0
דממה,tranquillitas,0,2
דמן,merda,0,5
דמע,auctus,0,2
דמע,inuidentia,0,2
דמעה,lacrima,12,14
דמעה,fletus,2,14
דמעה,fleo,0,14
דמעה,lacrimae,0,14
דמעת,lacrima,0,0
דמעת,fletus,0,0
דמעת,fleo,0,0
דמעת,lacrimae,0,0
דנ,iudico,0,0
דנ,decerno,0,0
דנ,iudex,0,0
דנ,iudicium,0,0
דנ,reciperator,0,0
דנ,statuo,0,0
דנה,alius,0,37
דנה,alter,0,37
דנה,mutuus,0,37
דנה,inuicem,0,37
דנה,frons,0,37
דנה,praeduco,0,37
דנה,extremus,0,37
דנה,ultimus,0,37
דנה,nouissimus,1,37
דנה,denique,0,37
דנה,posterus,0,37
דניאל,quasi,0,31
דניאל,sicut,0,31
דניאל,similis,0,31
דניאל,tamquam,0,31
דניאל,par,0,31
דע,nosco,1,6
דע,cognosco,0,6
דע,scio,0,6
דע,intellego,0,6
דע,scientia,4,6
דע,statuo,0,6
דעה,nosco,0,6
דעה,cognosco,0,6
דעה,scio,0,6
דעה,intellego,1,6
דעה,scientia,5,6
דעה,statuo,0,6
דעו,nosco,0,0
דעו,cognosco,0,0
דעו,scio,0,0
דעו,intellego,0,0
דעו,scientia,0,0
דעו,statuo,0,0
דעת,nosco,5,124
דעת,cognosco,5,124
דעת,scio,23,124
דעת,intellego,9,124
דעת,scientia,51,124
דעת,statuo,0,124
דעת,scius,0,124
דעת,noui,0,124
דפק,pello,0,3
דפק,ago,0,3
דפק,fugo,0,3
דפק,impello,0,3
דפק,iter,1,3
דפק,extrudo,0,3
דפק,expello,0,3
דק,tenuis,4,14
דק,reliquus,0,14
דק,ceterus,0,14
דק,alter,0,14
דק,alienus,0,14
דק,alius,3,14
דקות,tenuis,0,0
דקק,tenuis,1,16
דר,gens,0,1
דר,genus,0,1
דר,progenies,0,1
דר,generatio,0,1
דר,saeculum,0,1
דר,natio,0,1
דראונ,pudor,0,0
דראונ,dedecus,0,0
דראונ,ignominia,0,0
דרום,meridies,2,14
דרום,auster,4,14
דרום,meridianus,1,14
דרום,australis,0,14
דרום,libonotus,0,14
דרום,iudicium,0,14
דרום,atrium,3,14
דרום,aula,0,14
דרום,metior,4,14
דרום,porta,4,14
דרום,ianua,0,14
דרום,fores,0,14
דרום,limen,0,14
דרום,ostium,2,14
דרום,portae,0,14
דרור,postis,0,8
דרוש,peto,0,0
דרוש,quaero,0,0
דריוש,perbonus,0,14
דריוש,cyrus,2,14
דריוש,regnum,5,14
דריוש,alter,0,14
דריוש,deinde,0,14
דריוש,iterum,0,14
דריוש,secundo,0,14
דריוש,proximus,0,14
דריוש,secundus,2,14
דריוש,mensis,4,14
דריוש,propheta,3,14
דריוש,expositor,0,14
דרך,uia,481,601
דרך,iter,53,601
דרך,semita,31,601
דרך,modus,1,601
דרך,sic,9,601
דרך,talis,1,601
דרך,ita,8,601
דרך,tantus,0,601
דרך,fors,0,601
דרך,aliquis,1,601
דרך,quantus,0,601
דרך,mos,1,601
דרך,existimatio,0,601
דרך,fama,1,601
דרך,lura,0,601
דרך,sicut,33,601
דרכ,mare,0,0
דרכ,pontus,0,0
דרכ,pelagus,0,0
דרכ,aequor,0,0
דרכ,litus,0,0
דרכ,ora,0,0
דרכ,maris,0,0
דרכ,uia,0,0
דרכ,iter,0,0
דרכ,semita,0,0
דרכ,modus,0,0
דרכי,uia,0,0
דרכי,iter,0,0
דרכי,semita,0,0
דרכי,modus,0,0
דרכי,porrigo,0,0
דרכימ,uia,0,0
דרכימ,iter,0,0
דרכימ,semita,0,0
דרכימ,modus,0,0
דרש,quaero,50,127
דרש,rogo,3,127
דרש,peto,0,127
דרש,rogito,0,127
דרש,audio,9,127
דרש,percipio,0,127
דרש,cognosco,0,127
דרש,certus,0,127
דרש,interrogo,13,127
דרש,disco,1,127
דרשו,reflagito,0,0
דרשנ,peto,0,0
דרשנ,quaero,0,0
דרת,gens,0,0
דרת,genus,0,0
דרת,progenies,0,0
דרת,generatio,0,0
דרת,saeculum,0,0
דרת,natio,0,0
דשא,pascuus,0,13
דשא,uirido,0,13
דשא,pastus,0,13
דשא,fructus,3,13
דשא,pomum,0,13
דשא,messis,0,13
דשא,silua,0,13
דשא,tignum,0,13
דשא,materia,0,13
דשא,lignum,3,13
דשנ,ditiae,0,0
דת,ratio,0,29
דת,sententia,4,29
דת,decerno,1,29
דת,opinio,0,29
דת,iudicium,1,29
דת,decretum,0,29
דת,lex,10,29
דת,ius,1,29
דת,mos,1,29
דת,consuetudo,0,29
דת,caerimonia,2,29
דת,legitimus,0,29
דת,pascuus,0,29
דתא,uirido,0,0
הא,ecce,0,3
האבדת,pereo,0,0
האבדת,perdo,0,0
האבדת,amitto,0,0
האבדת,mors,0,0
האבדת,deleo,0,0
האבדת,intereo,0,0
האבדת,ruina,0,0
האבדת,disperdo,0,0
האבדת,interfacio,0,0
האבדת,morior,0,0
האבדת,exitium,0,0
האבדת,occido,0,0
האזינ,opera,0,0
האזינ,adhibeo,0,0
האזינו,opera,0,0
האזינו,adhibeo,0,0
האיר,ostendo,0,0
האיר,monstro,0,0
האיר,exhibeo,0,0
האיר,uideo,0,0
האיר,appareo,0,0
האיר,probo,0,0
האיר,pareo,0,0
האיר,ergo,0,0
האיר,hinc,0,0
האיר,igitur,0,0
האיר,propterea,0,0
האיר,ideo,0,0
האיר,pro,0,0
האית,possum,0,0
האית,ualeo,0,0
האית,potestas,0,0
האית,uis,0,0
האית,uirtus,0,0
האית,imperium,0,0
האית,queo,0,0
האכלתי,edo,0,0
האכלתי,comedo,0,0
האכלתי,uescor,0,0
האכלתי,manduco,0,0
האמינ,spero,0,0
האמינ,confido,0,0
האמינ,existimo,0,0
האמינ,fiducia,0,0
האמינ,credo,0,0
האמינו,spero,0,0
האמינו,confido,0,0
האמינו,existimo,0,0
האמינו,fiducia,0,0
האמינו,credo,0,0
האמנתי,spero,0,0
האמנתי,confido,0,0
האמנתי,existimo,0,0
האמנתי,fiducia,0,0
האמנתי,credo,0,0
הבדיל,segrego,0,0
הבדיל,discludo,0,0
הבדיל,dispesco,0,0
הבה,do,0,0
הבה,trado,0,0
הבה,dono,0,0
הבה,tribuo,0,0
הבה,concedo,0,0
הבה,soluo,0,0
הבה,reddo,0,0
הבה,stipendium,0,0
הבו,do,0,0
הבו,trado,0,0
הבו,dono,0,0
הבו,tribuo,0,0
הבו,concedo,0,0
הבו,soluo,0,0
הבו,reddo,0,0
הבו,stipendium,0,0
הבו,fero,0,0
הבו,porto,0,0
הבו,gero,0,0
הבו,affero,0,0
הבו,adduco,0,0
הבו,educo,0,0
הבו,duco,0,0
הבו,induco,0,0
הבו,defero,0,0
הבו,introduco,0,0
הבו,infero,0,0
הבו,offertor,0,0
הביא,affero,0,0
הביא,adduco,0,0
הביא,induco,0,0
הביא,attulo,0,0
הביא,fero,0,0
הביא,porto,0,0
הביא,gero,0,0
הביא,educo,0,0
הביא,duco,0,0
הביא,defero,0,0
הביא,introduco,0,0
הביא,infero,0,0
הביא,offertor,0,0
הביאה,fero,0,0
הביאה,porto,0,0
הביאה,gero,0,0
הביאה,affero,0,0
הביאה,adduco,0,0
הביאה,educo,0,0
הביאה,duco,0,0
הביאה,induco,0,0
הביאה,defero,0,0
הביאה,introduco,0,0
הביאה,infero,0,0
הביאה,offertor,0,0
הביאו,duco,0,0
הביאו,ago,0,0
הביאו,affero,0,0
הביאו,adduco,0,0
הביאו,educo,0,0
הביאו,fero,0,0
הביאו,deduco,0,0
הביאו,induco,0,0
הביאו,defero,0,0
הביאו,introduco,0,0
הביאו,infero,0,0
הביאו,offertor,0,0
הביאו,plumbum,0,0
הביאו,porto,0,0
הביאו,gero,0,0
הביאתי,duco,0,0
הביאתי,ago,0,0
הביאתי,affero,0,0
הביאתי,adduco,0,0
הביאתי,educo,0,0
הביאתי,fero,0,0
הביאתי,deduco,0,0
הביאתי,induco,0,0
הביאתי,defero,0,0
הביאתי,introduco,0,0
הביאתי,infero,0,0
הביאתי,offertor,0,0
הביאתי,plumbum,0,0
הביט,perspecto,0,0
הביט,introspicio,0,0
הביטו,perspecto,0,0
הביטו,introspicio,0,0
הבינ,prudentia,0,0
הבל,cassus,1,61
הבל,uanities,0,61
הבל,frustra,8,61
הבנים,hebenus,0,0
הבנת,materio,0,0
הבנת,aedifico,0,0
הבר,diuido,0,0
הבר,discribo,0,0
הגבלו,iacio,0,0
הגבלו,mitto,0,0
הגבלו,peto,0,0
הגבלו,ferio,0,0
הגבלו,icio,0,0
הגבלו,proicio,0,0
הגבלו,eicio,0,0
הגד,reporto,0,0
הגד,fama,0,0
הגד,rumor,0,0
הגד,defero,0,0
הגד,nuntio,0,0
הגדיל,mirifico,0,0
הגדתי,reporto,0,0
הגדתי,fama,0,0
הגדתי,rumor,0,0
הגדתי,defero,0,0
הגדתי,nuntio,0,0
הגיד,reporto,0,0
הגיד,fama,0,0
הגיד,rumor,0,0
הגיד,defero,0,0
הגיד,nuntio,0,0
הגידה,reporto,0,0
הגידה,fama,0,0
הגידה,rumor,0,0
הגידה,defero,0,0
הגידה,nuntio,0,0
הגידו,reporto,0,0
הגידו,fama,0,0
הגידו,rumor,0,0
הגידו,defero,0,0
הגידו,nuntio,0,0
הגיונ,cantus,0,0
הגישה,induco,0,0
הגישה,attulo,0,0
הגלות,reuelo,0,0
הגר,compressor,0,10
הדבר,socius,0,0
הדבר,comes,0,0
הדבר,amicus,0,0
הדבר,sodalis,0,0
הדבר,commilito,0,0
הדד,filius,9,36
הדד,natus,0,36
הדד,gnatus,0,36
הדד,progenies,0,36
הדד,proles,0,36
הדד,nascor,0,36
הדד,filium,0,36
הדד,filii,0,36
הדד,filio,0,36
הדד,amicimen,0,36
הדות,laudo,0,0
הדות,laus,0,0
הדמ,scabellum,0,0
הדמינ,exitium,0,0
הדמינ,perditio,0,0
הדס,myrtus,1,6
הדס,myrtum,2,6
הדף,pello,0,11
הדף,trudo,0,11
הדף,depello,0,11
הדף,protrudo,0,11
הדר,gloria,4,23
הדר,fama,0,23
הדר,sententia,0,23
הדר,existimatio,0,23
הדר,laus,1,23
הדר,opinio,0,23
הדר,formositas,0,23
הדר,pulchritudo,1,23
הדר,magnificentia,1,23
הדר,lautitia,0,23
הדר,honor,1,23
הדר,dignitas,1,23
הדר,pretium,0,23
הדר,decus,0,23
הדר,honorem,0,23
הדר,honoris,0,23
הדר,filius,0,23
הדר,natus,0,23
הדר,gnatus,0,23
הדר,progenies,0,23
הדר,proles,0,23
הדר,nascor,0,23
הדר,filium,0,23
הדר,filii,0,23
הדר,filio,0,23
הדרה,ornamentum,0,3
הדרה,orbis,0,3
הדרה,mundum,0,3
הדרה,ordo,0,3
הדרת,iudicium,0,0
הדרת,atrium,0,0
הדרת,aula,0,0
הובד,pereo,0,0
הובד,perdo,0,0
הובד,amitto,0,0
הובד,mors,0,0
הובד,deleo,0,0
הובד,intereo,0,0
הובד,ruina,0,0
הובד,disperdo,0,0
הובד,interfacio,0,0
הובד,morior,0,0
הובד,exitium,0,0
הובד,occido,0,0
הובדה,pereo,0,0
הובדה,perdo,0,0
הובדה,amitto,0,0
הובדה,mors,0,0
הובדה,deleo,0,0
הובדה,intereo,0,0
הובדה,ruina,0,0
הובדה,disperdo,0,0
הובדה,interfacio,0,0
הובדה,morior,0,0
הובדה,exitium,0,0
הובדה,occido,0,0
הוד,gloria,8,13
הוד,fama,0,13
הוד,sententia,0,13
הוד,existimatio,0,13
הוד,laus,1,13
הוד,opinio,0,13
הוד,immissus,0,13
הודיע,percognosco,0,0
הודע,percognosco,0,0
הודעת,percognosco,0,0
הוה,uolo,1,43
הוה,cupio,0,43
הוה,opto,0,43
הוה,utinam,1,43
הוה,uoluntas,0,43
הוה,placeo,1,43
הוה,quasi,2,43
הוה,sicut,1,43
הוה,cupiditas,0,43
הוה,similis,0,43
הוה,eligo,0,43
הוה,deligo,0,43
הוה,lubet,0,43
הוה,obsecro,0,43
הוה,fio,2,43
הוה,nascor,0,43
הוה,orior,1,43
הוה,gigno,0,43
הוה,sum,30,43
הוה,uenio,5,43
הוה,eo,1,43
הוה,pergo,0,43
הוה,meo,0,43
הוו,fio,0,0
הוו,nascor,0,0
הוו,orior,0,0
הוו,gigno,0,0
הוו,sum,0,0
הוות,iniquitas,0,0
הוות,iniustus,0,0
הוות,perducto,0,0
הוי,uae,33,40
הוי,hei,0,40
הוית,studium,0,0
הוית,aspicio,0,0
הוית,uideo,0,0
הוית,cerno,0,0
הוית,conspicio,0,0
הוית,animaduerto,0,0
הוית,obseruo,0,0
הוכיח,arguo,0,0
הוכיח,coarguo,0,0
הוכיח,pudor,0,0
הוליד,genero,0,0
הוללה,amissus,0,3
הוללה,furo,0,3
הוללה,insanio,0,3
הוללה,saeuio,0,3
הוללה,furor,0,3
הוללה,amentia,0,3
הוללה,insania,0,3
הוללות,amissus,0,1
הוללות,furo,0,1
הוללות,insanio,0,1
הוללות,saeuio,0,1
הוללות,furor,0,1
הוללות,amentia,0,1
הוללות,insania,0,1
הום,moueo,0,5
הום,motus,0,5
הום,commoueo,0,5
הום,permoueo,0,5
הום,persono,1,5
הון,multitudo,4,24
הון,turba,0,24
הון,populus,2,24
הון,plebs,0,24
הון,numero,0,24
הון,numerus,0,24
הונ,dea,0,0
הונ,caelum,0,0
הונ,caelus,0,0
הונ,hercules,0,0
הונ,deus,0,0
הונ,deum,0,0
הונ,dei,0,0
הונ,deo,0,0
הונ,numen,0,0
הונ,diuus,0,0
הונ,equidem,0,0
הונ,conuerto,0,0
הונ,uerto,0,0
הונ,dos,0,0
הונ,pars,0,0
הונ,ossum,0,0
הונ,redo,0,0
הונ,totus,0,0
הונ,uniuersus,0,0
הונ,cunctus,0,0
הונ,omnis,0,0
הונ,ordo,0,0
הונ,homo,0,0
הונ,corpus,0,0
הונ,tiara,0,0
הוצא,deduco,0,0
הוצאת,deduco,0,0
הוצאתי,deduco,0,0
הוציא,effero,0,0
הוציא,deduco,0,0
הוציא,uerutum,0,0
הוציא,ergo,0,0
הוציא,hinc,0,0
הוציא,igitur,0,0
הוציא,propterea,0,0
הוציא,ideo,0,0
הוציא,pro,0,0
הוציאו,effero,0,0
הוציאו,deduco,0,0
הורד,reddo,0,0
הורד,restituo,0,0
הורד,deduco,0,0
הורדתמ,reddo,0,0
הורדתמ,restituo,0,0
הורדתמ,deduco,0,0
הורידו,reddo,0,0
הורידו,restituo,0,0
הורידו,deduco,0,0
הושיב,sedeo,0,0
הושיב,consido,0,0
הושיע,uerutum,0,0
הושיע,seruo,0,0
הושיע,conseruo,0,0
הושיע,tueor,0,0
הושיע,saluus,0,0
הושיע,salus,0,0
הושיע,libero,0,0
הושיע,retineo,0,0
הושיע,saluo,0,0
הושיעה,seruo,0,0
הושיעה,conseruo,0,0
הושיעה,tueor,0,0
הושיעה,saluus,0,0
הושיעה,salus,0,0
הושיעה,libero,0,0
הושיעה,retineo,0,0
הושיעה,saluo,0,0
הושעת,seruo,0,0
הושעת,conseruo,0,0
הושעת,tueor,0,0
הושעת,saluus,0,0
הושעת,salus,0,0
הושעת,libero,0,0
הושעת,retineo,0,0
הושעת,saluo,0,0
הות,fio,0,0
הות,nascor,0,0
הות,orior,0,0
הות,gigno,0,0
הות,sum,0,0
הזכיר,memoria,0,0
הזכיר,mnemosynon,0,0
הזכיר,moneo,0,0
הזכיר,memoro,0,0
הזכיר,memini,0,0
הזכיר,recordor,0,0
הזכיר,memor,0,0
הזכיר,mentio,0,0
הזכיר,commemoro,0,0
הזכיר,reuoco,0,0
החיות,do,0,0
החיות,trado,0,0
החיות,dono,0,0
החיות,tribuo,0,0
החיות,concedo,0,0
החיות,soluo,0,0
החיות,reddo,0,0
החיות,stipendium,0,0
החירות,incoram,0,4
החל,impero,0,0
החל,rego,0,0
החל,dominor,0,0
החל,incipio,0,0
החל,coepio,0,0
החל,duco,0,0
החל,magistratus,0,0
החל,princeps,0,0
החל,praecipio,0,0
החל,imperium,0,0
החל,occipio,0,0
החל,iubeo,0,0
החל,honor,0,0
החל,praesum,0,0
החל,guberno,0,0
החל,ordior,0,0
החסנו,retineo,0,0
החסנו,possessio,0,0
החסנו,teneo,0,0
החרימ,pereo,0,0
החרימ,perdo,0,0
החרימ,amitto,0,0
החרימ,mors,0,0
החרימ,deleo,0,0
החרימ,intereo,0,0
החרימ,ruina,0,0
החרימ,disperdo,0,0
החרימ,interfacio,0,0
החרימ,morior,0,0
החרימ,exitium,0,0
החרימ,occido,0,0
החרמ,anathema,0,0
הי,consideratio,0,0
הי,sisto,0,0
הי,sto,0,0
הי,constituo,0,0
הי,erigo,0,0
הי,ramus,0,0
הי,uterus,0,0
הי,praecordia,0,0
הי,magnus,0,0
הי,ingens,0,0
הי,immanis,0,0
הי,uastus,0,0
הי,grandis,0,0
הי,multus,0,0
הי,superus,0,0
הי,summus,0,0
הי,alo,0,0
הי,idos,0,0
הי,ungula,0,0
הי,filia,0,0
הי,nascor,0,0
הי,puer,0,0
הי,pueri,0,0
הי,puerum,0,0
הי,natus,0,0
הי,filius,0,0
הי,pater,0,0
הי,genitor,0,0
הי,parens,0,0
הי,paternus,0,0
הי,patri,0,0
הי,patrem,0,0
הי,patris,0,0
הי,pedum,0,0
הי,pedes,0,0
הי,pes,0,0
הי,uultus,0,0
הי,facies,0,0
הי,os,0,0
הי,ora,0,0
הי,persona,0,0
הי,radix,0,0
הי,radico,0,0
הי,subiecto,0,0
הי,suspicio,0,0
הי,amicus,0,0
הי,carus,0,0
הי,dilectus,0,0
הי,familiaris,0,0
היה,fio,64,2971
היה,nascor,24,2971
היה,orior,11,2971
היה,gigno,24,2971
היה,sum,2338,2971
היה,quando,50,2971
היה,dominus,951,2971
היה,auctoritas,0,2971
היה,erus,0,2971
היה,potestas,11,2971
היו,fio,0,0
היו,nascor,0,0
היו,orior,0,0
היו,gigno,0,0
היו,sum,0,0
היות,fio,0,0
היות,nascor,0,0
היות,orior,0,0
היות,gigno,0,0
היות,sum,0,0
היות,ergo,0,0
היות,hinc,0,0
היות,igitur,0,0
היות,propterea,0,0
היות,ideo,0,0
היות,pro,0,0
היטב,pulcher,0,0
היטב,formosus,0,0
היטב,bonus,0,0
היטב,nobilis,0,0
היטב,bene,0,0
היטב,ius,0,0
היטב,aequus,0,0
היטב,speciosus,0,0
היטב,ualeo,0,0
היטב,posterus,0,0
היטב,dexter,0,0
היטב,puteus,0,0
היטב,bellus,0,0
היטב,uehemens,0,0
היטב,oppido,0,0
היטב,nimius,0,0
היטיבו,ius,0,0
היטיבו,dexter,0,0
היטיבו,integer,0,0
היטיבו,rego,0,0
היינו,fio,0,0
היינו,nascor,0,0
היינו,orior,0,0
היינו,gigno,0,0
היינו,sum,0,0
היית,fio,0,0
היית,nascor,0,0
היית,orior,0,0
היית,gigno,0,0
היית,sum,0,0
הייתי,fio,0,0
הייתי,nascor,0,0
הייתי,orior,0,0
הייתי,gigno,0,0
הייתי,sum,0,0
היכל,regnum,0,63
היכל,palatium,5,63
היכל,regina,0,63
היכל,regius,1,63
היכל,domus,9,63
היכל,tecta,0,63
היכל,templum,53,63
היכל,apud,0,63
היכל,tectum,0,63
היכל,aedes,4,63
היכל,regia,0,63
היכל,familia,0,63
היכל,delubrum,2,63
היכל,templi,0,63
היכל,fanum,0,63
היכל,cognatio,0,63
היכל,gener,0,63
היכל,sedes,0,63
היכל,praedium,0,63
היכל,domum,0,63
היכל,domo,0,63
הין,agninus,0,19
הין,oleum,12,19
הין,olearius,0,19
הין,olearis,0,19
הין,aries,6,19
הין,foedus,0,19
הין,pax,0,19
הין,libatio,0,19
הין,indutiae,0,19
הין,quartus,6,19
הינ,equidem,0,0
הינ,conuerto,0,0
הינ,uerto,0,0
הינ,dos,0,0
הינ,pars,0,0
הית,ergo,0,0
הית,hinc,0,0
הית,igitur,0,0
הית,propterea,0,0
הית,ideo,0,0
הית,pro,0,0
היתה,fio,0,0
היתה,nascor,0,0
היתה,orior,0,0
היתה,gigno,0,0
היתה,sum,0,0
היתיו,fero,0,0
היתיו,porto,0,0
היתיו,gero,0,0
היתיו,affero,0,0
היתיו,adduco,0,0
היתיו,educo,0,0
היתיו,duco,0,0
היתיו,induco,0,0
היתיו,defero,0,0
היתיו,introduco,0,0
היתיו,infero,0,0
היתיו,offertor,0,0
היתית,fero,0,0
היתית,porto,0,0
היתית,gero,0,0
היתית,affero,0,0
היתית,adduco,0,0
היתית,educo,0,0
היתית,duco,0,0
היתית,induco,0,0
היתית,defero,0,0
היתית,introduco,0,0
היתית,infero,0,0
היתית,offertor,0,0
הכ,pulto,0,1
הכה,pulto,0,0
הכו,pulto,0,0
הכות,pulto,0,0
הכינ,praeparo,0,0
הכינו,praeparo,0,0
הכינותי,praeparo,0,0
הכיר,noscito,0,0
הכיתי,pulto,0,0
הכת,pulto,0,0
הלא,uls,0,1
הלאה,uls,0,16
הלז,ibi,0,0
הלחמ,bellor,0,0
הלחמ,pugno,0,0
הלחמ,gero,0,0
הלחמ,bellum,0,0
הליד,genero,0,0
הלכ,discedo,0,0
הלכ,recedo,0,0
הלכ,abeo,0,0
הלכ,peruio,0,0
הלכו,discedo,0,0
הלכו,recedo,0,0
הלכו,abeo,0,0
הלכימ,iter,0,0
הלכימ,martius,0,0
הלכימ,agmen,0,0
הלכימ,pergo,0,0
הלכת,abeo,0,0
הלכת,discedo,0,0
הלכת,abito,0,0
הלל,laudo,28,66
הלל,laus,0,66
הללו,laudo,0,0
הללו,laus,0,0
הללי,laudo,0,0
הללי,laus,0,0
הלם,huc,6,18
הלם,aliubi,0,18
הלם,hinc,0,18
הלמ,indus,0,0
הלמ,illinc,0,0
הלמות,malleus,1,1
הלמות,porca,0,1
הלקח,capio,0,0
הלקח,sumo,0,0
הלקח,accipio,0,0
הלקח,recipio,0,0
הלקח,impetro,0,0
הלקח,excipio,0,0
המ,ipse,0,0
המ,sui,0,0
המ,ibi,0,0
המ,habeo,0,0
המ,teneo,0,0
המ,possideo,0,0
המ,dea,0,0
המ,caelum,0,0
המ,caelus,0,0
המ,hercules,0,0
המ,deus,0,0
המ,deum,0,0
המ,dei,0,0
המ,deo,0,0
המ,numen,0,0
המ,diuus,0,0
המ,populus,0,0
המ,plebs,0,0
המ,uulgus,0,0
המ,turba,0,0
המ,exercitus,0,0
המ,militia,0,0
המ,hospes,0,0
המ,tecolithos,0,0
המ,petrinus,0,0
המ,popularis,0,0
המ,quasi,0,0
המ,sicut,0,0
המ,similis,0,0
המ,tamquam,0,0
המ,par,0,0
המ,totus,0,0
המ,uniuersus,0,0
המ,cunctus,0,0
המ,omnis,0,0
המ,pater,0,0
המ,genitor,0,0
המ,parens,0,0
המ,paternus,0,0
המ,patri,0,0
המ,patrem,0,0
המ,patris,0,0
המ,uasum,0,0
המ,nauis,0,0
המ,impedimentum,0,0
המ,uas,0,0
המ,aurum,0,0
המ,os,0,0
המ,labium,0,0
המ,labrum,0,0
המ,osculum,0,0
המ,uelut,0,0
המה,ibi,7,260
המול,circumcido,0,0
המול,deseco,0,0
המול,proseco,0,0
המון,tumultus,5,74
המון,uis,0,74
המון,robur,1,74
המון,fortitudo,3,74
המון,potentia,0,74
המון,multitudo,45,74
המון,turba,1,74
המון,populus,17,74
המון,plebs,0,74
המון,numero,0,74
המון,numerus,0,74
המונ,exercitus,0,0
המונ,copia,0,0
המונ,uis,0,0
המונ,uirtus,0,0
המונ,imperium,0,0
המונ,potentia,0,0
המונ,cogo,0,0
המונ,opis,0,0
המונ,robur,0,0
המונ,fortitudo,0,0
המונ,potestas,0,0
המונ,multitudo,0,0
המונ,turba,0,0
המונ,uulgus,0,0
המונ,nauigatio,0,0
המונ,nauigo,0,0
המונ,cursus,0,0
המונ,multus,0,0
המונ,magnus,0,0
המונ,longus,0,0
המונ,diu,0,0
המונ,procul,0,0
המונ,superus,0,0
המונ,absum,0,0
המונ,summus,0,0
המונ,grandis,0,0
המונ,synagoga,0,0
המונ,educatus,0,0
המונכ,monolinum,0,0
המטיר,pluuia,0,0
המיה,persono,0,1
המיה,uerbum,0,1
המיה,uox,0,1
המית,tollo,0,0
המית,interficio,0,0
המית,interfacio,0,0
המית,occaedes,0,0
המית,suscipio,0,0
המית,mors,0,0
המית,letum,0,0
המית,nex,0,0
המית,defunctus,0,0
המית,fatum,0,0
המית,mortis,0,0
המית,morte,0,0
המית,mortem,0,0
המל,quando,0,0
המל,circumcido,0,0
המל,deseco,0,0
המל,proseco,0,0
המלה,persono,0,2
המלה,uerbum,0,2
המלה,uox,1,2
המלט,seruo,0,0
המלט,conseruo,0,0
המלט,tueor,0,0
המלט,saluus,0,0
המלט,salus,0,0
המלט,libero,0,0
המלט,retineo,0,0
המלט,saluo,0,0
המליכ,rex,0,0
המליכ,tyrannus,0,0
המליכ,dominus,0,0
המליכ,princeps,0,0
המליכ,regis,0,0
המליכ,regem,0,0
המליכ,regi,0,0
המליכ,regno,0,0
המלכ,regno,0,0
המלכ,rex,0,0
המם,insitium,0,10
המן,gingiua,0,46
המניך,monile,0,0
המניכ,monolinum,0,0
המרו,perfruor,0,0
המת,mors,0,0
המת,letum,0,0
המת,nex,0,0
המת,defunctus,0,0
המת,fatum,0,0
המת,mortis,0,0
המת,morte,0,0
המת,mortem,0,0
הן,ecce,44,99
הנ,indus,0,0
הנ,illinc,0,0
הנ,praesens,0,0
הנ,munus,0,0
הנ,dono,0,0
הנ,donum,0,0
הנ,adsum,0,0
הנ,pater,0,0
הנ,genitor,0,0
הנ,parens,0,0
הנ,paternus,0,0
הנ,patri,0,0
הנ,patrem,0,0
הנ,patris,0,0
הנה,fio,5,1024
הנה,nascor,3,1024
הנה,orior,10,1024
הנה,gigno,4,1024
הנה,sum,528,1024
הנה,ecce,535,1024
הנה,rego,0,1024
הנה,dirigo,1,1024
הנה,credo,4,1024
הנה,censeo,0,1024
הנה,opinor,0,1024
הנה,arbitror,0,1024
הנה,puto,7,1024
הנה,uideo,152,1024
הנה,cerno,14,1024
הנה,conspicio,1,1024
הנה,aspicio,8,1024
הנה,animaduerto,2,1024
הנה,obseruo,2,1024
הנה,bibo,16,1024
הנה,poto,1,1024
הנה,potus,1,1024
הנה,quasi,47,1024
הנה,similis,8,1024
הנה,tamquam,0,1024
הנה,sicut,36,1024
הנה,uelut,0,1024
הנחה,dimitto,0,1
הנחה,absoluo,0,1
הנחה,relinquo,0,1
הנחה,libero,0,1
הנחה,ignosco,0,1
הנחה,permitto,0,1
הנחה,soluo,0,1
הניח,reliquus,0,0
הניח,ceterus,0,0
הניח,conquiesco,0,0
הניח,dimitto,0,0
הניח,relinquo,0,0
הניח,absoluo,0,0
הניח,libero,0,0
הניח,ignosco,0,0
הניח,permitto,0,0
הניח,supprimo,0,0
הניחו,dimitto,0,0
הניחו,relinquo,0,0
הניחו,absoluo,0,0
הניחו,libero,0,0
הניחו,ignosco,0,0
הניחו,permitto,0,0
הנע,credo,0,3
הנע,certus,0,3
הנע,puto,0,3
הנע,aliquis,0,3
הנע,quatenus,0,3
הנע,quotus,0,3
הנעל,affero,0,0
הנעל,adduco,0,0
הנעל,induco,0,0
הסב,auerto,0,0
הסב,reflecto,0,0
הסיר,aufero,0,0
הסיר,tollo,0,0
הסיר,priuo,0,0
הסתיר,auerto,0,0
הסתיר,reflecto,0,0
העידתי,obtestor,0,0
העל,affero,0,0
העל,adduco,0,0
העל,induco,0,0
העל,deduco,0,0
העל,uerutum,0,0
העלו,escendo,0,0
העלות,reporto,0,0
העליתי,educo,0,0
העמ,populus,0,0
העמ,plebs,0,0
העמ,uulgus,0,0
העמ,turba,0,0
העמ,exercitus,0,0
העמ,militia,0,0
העמ,hospes,0,0
העמ,tecolithos,0,0
העמ,petrinus,0,0
העמ,popularis,0,0
העמיד,sisto,0,0
העמיד,sto,0,0
העמיד,constituo,0,0
העמיד,erigo,0,0
הפגה,sustineo,0,1
הפגה,prohibeo,0,1
הפגה,impedio,0,1
הפגה,ueto,0,1
הפגה,cesso,0,1
הפגה,desino,0,1
הפגה,desisto,0,1
הפגה,maneo,0,1
הפגה,finis,0,1
הפילו,iacio,0,0
הפילו,mitto,0,0
הפילו,peto,0,0
הפילו,ferio,0,0
הפילו,icio,0,0
הפילו,proicio,0,0
הפילו,eicio,0,0
הפך,albus,2,80
הפך,candidus,0,80
הפך,lelepris,0,80
הפך,ophthalmias,0,80
הפכ,ultimo,0,0
הפכה,ruo,0,1
הצגתי,sisto,0,0
הצגתי,sto,0,0
הצגתי,constituo,0,0
הצגתי,erigo,0,0
הציב,scientia,0,0
הציב,sto,0,0
הציל,detraho,0,0
הציל,traho,0,0
הציל,uerutum,0,0
הצילו,traho,0,0
הצל,detraho,0,0
הצלה,saluus,0,1
הצלה,tueor,0,1
הצלה,salutaris,0,1
הצלה,saluator,0,1
הצלה,salus,0,1
הצלח,uiaticulum,0,0
הצליח,uiaticulum,0,0
הקבצו,congrego,0,0
הקבצו,simul,0,0
הקבצו,colligo,0,0
הקימ,surgo,0,0
הקימ,exsurgo,0,0
הקימ,sisto,0,0
הקימ,sto,0,0
הקימ,constituo,0,0
הקימ,erigo,0,0
הקימ,pono,0,0
הקימת,sisto,0,0
הקימת,sto,0,0
הקימת,constituo,0,0
הקימת,erigo,0,0
הקימתי,surgo,0,0
הקימתי,exsurgo,0,0
הקמ,surgo,0,0
הקמ,exsurgo,0,0
הקמ,sisto,0,0
הקמ,sto,0,0
הקמ,constituo,0,0
הקמ,erigo,0,0
הקמת,sisto,0,0
הקמת,sto,0,0
הקמת,constituo,0,0
הקמת,erigo,0,0
הקמתי,sisto,0,0
הקמתי,sto,0,0
הקמתי,constituo,0,0
הקמתי,erigo,0,0
הקשיבו,opera,0,0
הקשיבו,adhibeo,0,0
הר,montanus,18,453
הר,mons,392,453
הר,iugum,4,453
הר,collis,35,453
הר,serum,0,453
הר,terminus,8,453
הרא,officium,0,1
הרא,ius,0,1
הרא,dexter,0,1
הרא,opus,0,1
הרא,indico,0,1
הרא,probo,0,1
הרא,ostendo,0,1
הרא,inquam,0,1
הראה,indico,2,12
הראה,probo,0,12
הראה,ostendo,0,12
הרב,pluratiuus,0,0
הרבה,pluratiuus,0,0
הרבה,multus,0,0
הרבה,magnus,0,0
הרבה,longus,0,0
הרבה,diu,0,0
הרבה,procul,0,0
הרבה,superus,0,0
הרבה,absum,0,0
הרבה,summus,0,0
הרבה,grandis,0,0
הרביתי,pluratiuus,0,0
הרג,tollo,2,151
הרג,interficio,40,151
הרג,interfacio,34,151
הרג,occaedes,8,151
הרג,suscipio,0,151
הרג,morior,8,151
הרג,pereo,1,151
הרג,occido,66,151
הרג,cado,3,151
הרג,mors,4,151
הרג,obeo,0,151
הרג,percutio,15,151
הרג,neco,2,151
הרג,deleo,5,151
הרג,perdo,1,151
הרג,disperdo,1,151
הרג,corrumpo,0,151
הרג,caedo,1,151
הרגה,caedes,0,5
הרגה,plago,0,5
הרגה,sanguis,0,5
הרגה,mors,0,5
הרגה,occaedes,0,5
הרגה,interfacio,0,5
הרגה,interfectrix,0,5
הרגו,mors,0,0
הרגו,interfacio,0,0
הרגו,occaedes,0,0
הרגו,percutio,0,0
הרגו,occido,0,0
הרגו,neco,0,0
הרגתי,mors,0,0
הרגתי,interfacio,0,0
הרגתי,occaedes,0,0
הרגתי,percutio,0,0
הרגתי,occido,0,0
הרגתי,neco,0,0
הרה,aluus,0,46
הרה,uenter,0,46
הרה,habeo,2,46
הרה,teneo,1,46
הרה,possideo,0,46
הרה,comprehendo,0,46
הרה,gigno,4,46
הרה,pario,24,46
הרה,fero,0,46
הרה,genero,0,46
הרי,mons,0,0
הרי,iugum,0,0
הרי,collis,0,0
הרי,serum,0,0
הרי,terminus,0,0
הרימ,mons,0,0
הרימ,iugum,0,0
הרימ,collis,0,0
הרימ,serum,0,0
הרימ,terminus,0,0
הרימתי,sublimo,0,0
הרס,deicio,1,40
הרפ,omitto,0,0
הרפ,permitto,0,0
הרפא,sano,0,0
הרפא,medeor,0,0
הרפא,curo,0,0
הרפא,remedio,0,0
הרר,mons,0,0
הרר,iugum,0,0
הרר,collis,0,0
הרר,serum,0,0
הרר,terminus,0,0
הררי,mons,0,5
הררי,iugum,0,5
הררי,collis,0,5
הררי,serum,0,5
הררי,terminus,0,5
הרתה,aluus,0,0
הרתה,uenter,0,0
הרתה,habeo,0,0
הרתה,teneo,0,0
הרתה,possideo,0,0
השב,uendo,0,0
השב,restituo,0,0
השב,soluo,0,0
השב,trado,0,0
השב,redeo,0,0
השב,reuorto,0,0
השב,stipendium,0,0
השב,libero,0,0
השב,reddo,0,0
השב,auerto,0,0
השב,reflecto,0,0
השביע,sufflo,0,0
השביע,adiuro,0,0
השביע,deiero,0,0
השבעה,iuro,0,0
השבעה,adiuro,0,0
השבעה,iniuro,0,0
השבעה,iureiuro,0,0
השחיתו,pereo,0,0
השחיתו,deleo,0,0
השחיתו,perdo,0,0
השחיתו,disperdo,0,0
השחיתו,interfacio,0,0
השחיתו,occaedes,0,0
השחיתו,corrumpo,0,0
השיב,uendo,0,0
השיב,restituo,0,0
השיב,soluo,0,0
השיב,trado,0,0
השיב,redeo,0,0
השיב,reuorto,0,0
השיב,stipendium,0,0
השיב,libero,0,0
השיב,reddo,0,0
השיב,rescribo,0,0
השיב,exaudio,0,0
השיב,respondeo,0,0
השיב,auerto,0,0
השיב,reflecto,0,0
השיב,conuerto,0,0
השיב,uerutum,0,0
השכחת,inuenio,0,0
השכחת,reperio,0,0
השכיל,intellego,0,0
השכל,sapientia,0,0
השכל,sophia,0,0
השלט,constituo,0,0
השלט,pono,0,0
השמיע,auritus,0,0
השמיע,audio,0,0
השמיע,exaudio,0,0
השמיע,ausculto,0,0
השמעות,indico,0,1
השמעות,nuntio,0,1
השמעות,certioro,0,1
השמר,opera,0,0
השמר,adhibeo,0,0
השמר,seruo,0,0
השמר,custodio,0,0
השמר,praesidium,0,0
השמר,caueo,0,0
השמר,custos,0,0
השמרו,opera,0,0
השמרו,adhibeo,0,0
השניה,peioro,0,0
השפיל,humilio,0,0
השקי,madefacto,0,0
השתחוו,adoro,0,0
השתחוו,colo,0,0
השתחוו,basio,0,0
השתחוית,adoro,0,0
השתחוית,colo,0,0
השתחוית,basio,0,0
השתחויתי,adoro,0,0
השתחויתי,colo,0,0
השתחויתי,basio,0,0
השתחות,adoro,0,0
השתחות,colo,0,0
השתחות,basio,0,0
השתכח,inuenio,0,0
השתכח,reperio,0,0
השתכחת,inuenio,0,0
השתכחת,reperio,0,0
התאנפ,obirascor,0,0
התבהלה,studium,0,0
התבהלה,nauo,0,0
התבות,rescribo,0,0
התבות,exaudio,0,0
התבות,respondeo,0,0
התהלכ,putealis,0,0
התהלכתי,diuinus,0,0
התהלכתי,diuus,0,0
התהלכתי,inclitus,0,0
התהלכתי,putealis,0,0
התיחש,multitudo,0,0
התיחש,numero,0,0
התיחש,numerus,0,0
התיצב,sisto,0,0
התיצב,sto,0,0
התיצב,constituo,0,0
התיצב,erigo,0,0
התיצבו,sisto,0,0
התיצבו,sto,0,0
התיצבו,constituo,0,0
התיצבו,erigo,0,0
התל,deludifico,0,1
התלים,risus,0,1
התלים,rideo,0,1
התמ,impleo,0,0
התמ,compleo,0,0
התמ,repleo,0,0
התמלי,impleo,0,0
התמלי,compleo,0,0
התמלי,repleo,0,0
התפאר,gloria,0,0
התפאר,fama,0,0
התפאר,sententia,0,0
התפאר,existimatio,0,0
התפאר,laus,0,0
התפאר,opinio,0,0
התפלל,oro,0,0
התפלל,quaeso,0,0
התפלל,quonam,0,0
והי,uultus,0,0
והי,facies,0,0
והי,os,0,0
והי,ora,0,0
והי,persona,0,0
וו,hamus,0,13
וו,harpaga,0,13
וו,falx,0,13
וו,scalprum,0,13
וו,argentum,3,13
וו,argenteus,9,13
וו,cucullio,0,13
וו,phalangae,0,13
וו,aes,0,13
וו,aeris,0,13
וו,ferrum,0,13
וו,aereus,0,13
וו,aer,0,13
וו,aeneus,3,13
וו,asum,0,13
וו,aeratus,0,13
וו,aureus,2,13
וו,aurum,1,13
וזר,iniurius,0,1
ולד,filius,0,1
ולד,puer,0,1
ולד,iuuencus,0,1
ולד,filia,0,1
ולד,nascor,0,1
ולד,pueri,0,1
ולד,puerum,0,1
ולד,natus,0,1
ולד,proles,0,1
ולד,liberi,1,1
ולד,meus,0,1
ושתי,mundus,0,10
ושתי,purus,0,10
זאב,lupus,5,7
זאב,leo,3,7
זבוב,uolo,0,6
זבוב,uolito,0,6
זבוב,fugio,0,6
זבוב,effugio,0,6
זבוב,fuga,0,6
זבוב,exsilium,0,6
זבוב,profugio,0,6
זבוב,uito,0,6
זבוב,exsul,0,6
זבולן,populus,2,40
זבולן,plebs,0,40
זבולן,uulgus,0,40
זבולן,terra,1,40
זבולן,contio,0,40
זבולן,communis,0,40
זבולן,ecclesia,0,40
זבולן,ager,0,40
זבולן,praepinguis,0,40
זבולן,unguinosus,0,40
זבח,uictima,73,229
זבח,acerra,0,229
זבח,sacrificium,28,229
זבח,immolo,83,229
זבח,sacrifico,12,229
זבח,macto,7,229
זבח,uictimo,0,229
זבח,caedes,0,229
זבח,plago,0,229
זבח,sanguis,11,229
זבח,mors,1,229
זבח,occaedes,1,229
זבח,interfacio,2,229
זבח,interfectrix,0,229
זבחו,immolo,0,0
זבחו,macto,0,0
זבחו,sacrifico,0,0
זבחו,sacrificium,0,0
זבחו,uictima,0,0
זבחו,uictimo,0,0
זבחי,sacrificium,0,0
זבחי,immolo,0,0
זבחי,sacrifico,0,0
זבחי,uictima,0,0
זבחימ,sacrificium,0,0
זבחימ,immolo,0,0
זבחימ,sacrifico,0,0
זבחימ,uictima,0,0
זבל,attollo,0,9
זבל,tollo,0,9
זבל,fero,0,9
זבל,sustineo,0,9
זבן,emo,0,1
זבן,redimo,1,1
זבן,praestino,0,1
זד,contumelia,0,4
זד,uiolo,0,4
זד,superbia,2,4
זד,insolentia,0,4
זד,uis,0,4
זד,arrogantia,1,4
זדון,contumelia,1,11
זדון,uiolo,0,11
זדון,superbia,6,11
זדון,insolentia,0,11
זדון,uis,0,11
זדון,arrogantia,1,11
זהב,aureus,119,324
זהב,aurum,191,324
זהב,pecunia,2,324
זהב,argenteus,28,324
זהב,nummus,0,324
זהב,argentum,95,324
זהיר,praecaueo,0,1
זהיר,retentus,0,1
זהר,auerto,1,18
זהר,reflecto,0,18
זהר,reflagito,0,18
זוב,fluo,15,44
זוב,decurro,0,44
זוב,immundus,9,44
זוב,lac,19,44
זוב,lacteus,0,44
זוב,mel,19,44
זוב,mulceo,0,44
זוית,angulus,0,1
זולה,praeterea,0,15
זולה,separatim,0,15
זולה,saluo,1,15
זולה,nisi,0,15
זולת,saluo,0,0
זולת,nisi,0,0
זולתי,saluo,0,0
זולתי,nisi,0,0
זונה,prostibilis,0,0
זוע,tremesco,0,2
זוע,intremo,0,2
זוע,tremulus,0,2
זוע,praetrepidus,0,2
זוע,tremor,0,2
זיו,idos,0,1
זיו,spectus,0,1
זיקות,flamma,0,0
זיקות,ignis,0,0
זית,olea,2,32
זית,oliua,19,32
זית,oleum,9,32
זית,olearius,0,32
זית,olearis,0,32
זית,oxycomina,0,32
זיתימ,oleum,0,0
זיתימ,olearius,0,0
זיתימ,olearis,0,0
זך,mundus,5,11
זך,purus,3,11
זכור,masculus,0,14
זכור,masculinus,4,14
זכור,mas,0,14
זכור,moneo,0,14
זכור,memoro,0,14
זכור,memini,0,14
זכור,recordor,0,14
זכור,memor,0,14
זכור,memoria,0,14
זכור,mentio,0,14
זכור,commemoro,0,14
זכור,reuoco,0,14
זכר,masculus,28,259
זכר,masculinus,25,259
זכר,mas,7,259
זכר,moneo,0,259
זכר,memoro,4,259
זכר,memini,29,259
זכר,recordor,84,259
זכר,memor,4,259
זכר,memoria,12,259
זכר,mentio,0,259
זכר,commemoro,0,259
זכר,reuoco,0,259
זכר,recordatus,0,259
זכר,monumentum,2,259
זכר,mnemosynon,0,259
זכרו,moneo,0,0
זכרו,memoro,0,0
זכרו,memini,0,0
זכרו,recordor,0,0
זכרו,memor,0,0
זכרו,memoria,0,0
זכרו,mentio,0,0
זכרו,commemoro,0,0
זכרו,reuoco,0,0
זכרון,memini,0,22
זכרון,monumentum,8,22
זכרון,mentio,0,22
זכרון,memoria,5,22
זכרון,mnemosynon,0,22
זכרונ,mnemosynon,0,0
זכריה,perbonus,0,27
זכריה,mensis,3,27
זכרנ,mnemosynon,0,0
זכרת,moneo,0,0
זכרת,memoro,0,0
זכרת,memini,0,0
זכרת,recordor,0,0
זכרת,memor,0,0
זכרת,memoria,0,0
זכרת,mentio,0,0
זכרת,commemoro,0,0
זכרת,reuoco,0,0
זכרתי,moneo,0,0
זכרתי,memoro,0,0
זכרתי,memini,0,0
זכרתי,recordor,0,0
זכרתי,memor,0,0
זכרתי,memoria,0,0
זכרתי,mentio,0,0
זכרתי,commemoro,0,0
זכרתי,reuoco,0,0
זמה,perducto,0,28
זמה,impietas,0,28
זמורה,sagitto,0,5
זמיר,cantus,0,5
זמיר,carmen,1,5
זמיר,carminis,0,5
זמיר,membrum,0,5
זמיר,artus,0,5
זמיר,hymnus,0,5
זמם,cogito,7,10
זמם,meditor,0,10
זמם,uoluto,0,10
זמם,indubito,0,10
זמם,altercatio,0,10
זמם,uoluo,0,10
זמם,agito,0,10
זמן,hora,0,13
זמן,tempus,11,13
זמן,prospicus,0,13
זמנ,tempus,0,0
זמנ,occasio,0,0
זמנ,facultas,0,0
זמנ,potestas,0,0
זמנ,tum,0,0
זמנ,longus,0,0
זמנ,diu,0,0
זמנ,aetas,0,0
זמנ,temporis,0,0
זמני,tempus,0,0
זמני,tum,0,0
זמני,longus,0,0
זמני,diu,0,0
זמני,aetas,0,0
זמני,temporis,0,0
זמנינ,tempus,0,0
זמנינ,occasio,0,0
זמנינ,facultas,0,0
זמנינ,potestas,0,0
זמרה,psalmus,0,5
זמרה,chelys,0,5
זמרת,dilaudo,0,0
זמרת,collaudatio,0,0
זן,progenies,0,9
זן,familia,0,9
זן,gener,0,9
זן,genu,0,9
זן,cognatio,0,9
זן,natio,0,9
זן,genus,4,9
זן,gentis,0,9
זן,stirps,0,9
זן,gens,0,9
זן,generis,0,9
זן,species,0,9
זן,figura,0,9
זן,modus,0,9
זן,quasi,0,9
זן,sicut,0,9
זן,similis,0,9
זן,talis,0,9
זן,tantus,0,9
זנב,cauda,7,11
זנב,exstruo,0,11
זנב,percurso,0,11
זנה,fornicatio,10,79
זנה,idololatria,0,79
זנה,prostibilis,0,79
זנונים,fornicatio,8,10
זנונים,idololatria,0,10
זנות,prostibilis,0,9
זנות,fornicatio,9,9
זנות,idololatria,0,9
זנח,odoratus,0,10
זנח,olfactus,0,10
זנחת,uerutum,0,0
זני,progenies,0,0
זני,familia,0,0
זני,gener,0,0
זני,genu,0,0
זני,cognatio,0,0
זני,natio,0,0
זני,genus,0,0
זני,gentis,0,0
זני,stirps,0,0
זני,gens,0,0
זני,generis,0,0
זנק,subsilio,0,1
זעה,sudor,1,1
זעה,sudo,0,1
זעה,insudo,0,1
זעיר,paruus,0,3
זעיר,exiguus,0,3
זעיר,paulum,0,3
זעיר,breuis,0,3
זעיר,modicus,2,3
זעיר,paulus,0,3
זעיר,paucus,0,3
זעיר,paene,0,3
זעיר,prope,0,3
זעיר,fere,0,3
זעך,exstinguo,0,1
זעך,restinguo,0,1
זעך,inaresco,0,1
זעם,ergo,0,22
זעם,igitur,0,22
זעם,maledictio,0,22
זעם,prex,0,22
זעם,tum,0,22
זעם,animus,0,22
זעם,spiritus,0,22
זעם,furor,8,22
זעם,ira,4,22
זעם,cor,1,22
זעם,pectus,0,22
זעם,amor,0,22
זעם,mens,0,22
זעם,libido,0,22
זעם,pectoralis,0,22
זעם,animi,0,22
זעם,iracundia,0,22
זעמ,ira,0,0
זעמ,furor,0,0
זעמ,iracundia,0,0
זעק,clamo,37,66
זעק,uociferor,1,66
זעק,exclamo,3,66
זעק,clamor,3,66
זעקה,clamor,16,18
זעקה,clamatus,0,18
זפת,pissinus,0,2
זפת,pix,2,2
זקן,uetus,0,208
זקן,senex,125,208
זקן,antiquus,1,208
זקן,grandaeuus,0,208
זקן,natus,0,208
זקן,uetero,0,208
זקן,legatus,0,208
זקן,orator,0,208
זקן,presbyter,0,208
זקנ,bule,0,0
זקנ,senectus,0,0
זקנ,senium,0,0
זקנ,aetas,0,0
זקנ,legatus,0,0
זקנ,orator,0,0
זקנ,senex,0,0
זקנ,uetus,0,0
זקנ,natus,0,0
זקנ,antiquus,0,0
זקנ,presbyter,0,0
זקנ,uetustas,0,0
זקנ,barba,0,0
זקנ,barbio,0,0
זקנ,barbitium,0,0
זקנה,senectus,2,4
זקנה,senium,0,4
זקנה,aetas,0,4
זקני,heros,0,0
זקני,qui,0,0
זקני,iste,0,0
זקני,maritus,0,0
זקני,uir,0,0
זקני,homo,0,0
זקני,uiri,0,0
זקני,uirum,0,0
זקני,uiro,0,0
זקני,bule,0,0
זקני,legatus,0,0
זקני,orator,0,0
זקני,senex,0,0
זקני,uetus,0,0
זקני,natus,0,0
זקני,antiquus,0,0
זקני,presbyter,0,0
זקנים,senectus,2,4
זקנים,senium,0,4
זקנים,aetas,0,4
זקנימ,bule,0,0
זקנימ,legatus,0,0
זקנימ,orator,0,0
זקנימ,senex,0,0
זקנימ,uetus,0,0
זקנימ,natus,0,0
זקנימ,antiquus,0,0
זקנימ,presbyter,0,0
זקנת,senectus,0,0
זקנת,senium,0,0
זקנת,aetas,0,0
זקנתי,uetero,0,0
זקנתי,senectus,0,0
זר,exter,0,76
זר,externus,3,76
זר,alienus,42,76
זר,terminus,0,76
זר,balteus,0,76
זר,stadiatus,0,76
זרה,uentus,3,35
זרה,aura,0,35
זרה,flatus,0,35
זרה,spiritus,0,35
זרה,eurus,0,35
זרה,uenti,0,35
זרה,diffundo,0,35
זרה,regio,0,35
זרה,terra,12,35
זרה,locus,0,35
זרה,finis,0,35
זרה,ager,1,35
זרה,rus,0,35
זרוע,lacertus,1,68
זרוע,uis,1,68
זרוע,robur,1,68
זרוע,fortitudo,9,68
זרוע,potentia,0,68
זרח,exsurgo,0,37
זרח,assurgo,0,37
זרח,sol,6,37
זרח,phoebus,0,37
זרח,solis,0,37
זרח,uir,2,37
זרח,homo,1,37
זרח,mortalis,0,37
זרימ,exter,0,0
זרימ,externus,0,0
זרימ,alienus,0,0
זרם,imber,1,6
זרם,pluuia,1,6
זרם,munimentum,0,6
זרמ,populus,0,0
זרמ,qui,0,0
זרמ,humanus,0,0
זרמ,iste,0,0
זרמ,orbis,0,0
זרמ,plebs,0,0
זרמ,mundum,0,0
זרמ,uir,0,0
זרמ,homo,0,0
זרע,lacertus,0,221
זרע,gens,11,221
זרע,genus,6,221
זרע,progenies,4,221
זרע,generatio,5,221
זרע,saeculum,0,221
זרע,natio,1,221
זרע,sero,16,221
זרע,semino,16,221
זרע,cohors,0,221
זרע,semen,155,221
זרע,stirps,7,221
זרע,proles,0,221
זרע,semento,0,221
זרע,sementis,19,221
זרעת,lacertus,0,0
זרק,iacio,0,33
זרק,proicio,0,33
זרק,reiecto,0,33
זרת,pollicaris,0,5
חבא,celo,0,33
חבא,abscondo,22,33
חבא,occulo,0,33
חבא,operio,0,33
חבא,spelunca,6,33
חבא,antrum,1,33
חבא,specus,0,33
חבולה,iniurius,0,0
חבולה,noceo,0,0
חבולה,improbus,0,0
חבולה,malus,0,0
חבולה,miseria,0,0
חבולה,calamitas,0,0
חבולה,negotium,0,0
חבולה,molestia,0,0
חבולה,opera,0,0
חבולה,mala,0,0
חבולה,tribulatio,0,0
חבורה,sanguinarius,0,5
חבורה,uulnus,4,5
חבורה,plaga,2,5
חבורה,saucius,0,5
חבורה,uulnero,1,5
חבט,decutio,0,5
חביון,uelaris,0,0
חביון,obnubo,0,0
חבל,occidium,0,79
חבל,circumcurro,0,79
חבל,circumsecus,0,79
חבל,funis,12,79
חבל,restis,0,79
חבל,resticula,0,79
חבל,tortum,0,79
חבל,chorus,0,79
חבלה,hercules,0,1
חבלה,edepol,0,1
חבלה,pol,0,1
חבלה,pignus,1,1
חבלה,fidelitas,0,1
חבלה,fides,0,1
חבלה,fidelis,0,1
חבלה,fidus,0,1
חבלימ,funis,0,0
חבלימ,restis,0,0
חבלימ,resticula,0,0
חבלימ,tortum,0,0
חבק,saluto,0,14
חבק,consaluto,0,14
חבק,comprehendo,0,14
חבק,amo,0,14
חבק,diligo,0,14
חבק,soleo,0,14
חבק,caritas,0,14
חבק,osculum,1,14
חבק,amor,0,14
חבר,consors,0,47
חברה,insidiae,0,1
חברה,agmen,0,1
חברה,societas,0,1
חברה,ordo,0,1
חברה,acies,0,1
חברה,iubeo,0,1
חברה,frons,0,1
חברה,dignitas,0,1
חברה,postis,0,1
חברו,amicus,0,0
חברו,carus,0,0
חברו,dilectus,0,0
חברו,familiaris,0,0
חברת,sanguinarius,0,4
חברת,collecta,0,4
חבש,sano,4,29
חבש,medeor,2,29
חבש,curo,1,29
חבש,remedio,0,29
חבש,panis,2,29
חבש,asininus,0,29
חבש,asina,2,29
חבש,asinus,8,29
חג,ferior,0,53
חג,ecclesia,1,53
חג,mensis,15,53
חגג,septimus,3,12
חגג,mensis,3,12
חגו,olim,0,3
חגור,cingulum,0,4
חגור,balteus,2,4
חגור,zona,0,4
חגורה,cingulum,0,6
חגורה,balteus,3,6
חגורה,zona,1,6
חגי,mensis,0,5
חגלה,populus,0,7
חגלה,plebs,0,7
חגלה,uulgus,0,7
חגלה,terra,0,7
חגלה,contio,0,7
חגלה,communis,0,7
חגלה,ecclesia,0,7
חגלה,ager,0,7
חגלה,praepinguis,0,7
חגלה,unguinosus,0,7
חגלה,morbus,0,7
חגלה,pestis,0,7
חגלה,lues,0,7
חגלה,ualetudo,0,7
חגלה,infirmitas,0,7
חגר,praecingo,0,35
חגר,cilicium,6,35
חגר,saccus,6,35
חד,acuo,0,13
חד,acer,0,13
חדה,acuo,0,3
חדה,acer,0,3
חדה,primus,0,3
חדה,capularis,0,3
חדו,sisto,0,0
חדו,sto,0,0
חדו,constituo,0,0
חדו,erigo,0,0
חדל,concesso,0,56
חדל,ulter,0,56
חדל,decoctum,0,56
חדל,decima,0,56
חדל,cesso,13,56
חדל,desino,2,56
חדל,desisto,0,56
חדל,maneo,0,56
חדל,finis,0,56
חדקל,tigris,1,1
חדר,domus,5,32
חדר,regia,0,32
חדר,aula,0,32
חדר,atrium,0,32
חדר,thalamus,1,32
חדר,cubiculum,16,32
חדר,dispensatio,0,32
חדר,apotheca,0,32
חדר,uitiarium,0,32
חדש,nouus,41,268
חדש,mustus,1,268
חדש,mensis,189,268
חדש,interlunis,0,268
חדש,interlunium,0,268
חדשה,nouus,0,0
חדשה,mustus,0,0
חדשות,nouus,0,0
חדשות,mustus,0,0
חדשימ,nouus,0,0
חדשימ,mustus,0,0
חדת,nouus,1,1
חדת,mustus,0,1
חדת,iuuenis,0,1
חדת,adulescens,0,1
חדת,puer,0,1
חדת,adulescentia,0,1
חדת,iuuentus,0,1
חדת,iuuenta,0,1
חדת,aetas,0,1
חוג,circulus,0,3
חוג,orbis,0,3
חוה,adoro,138,167
חוה,colo,11,167
חוה,basio,0,167
חוח,angulus,0,10
חוט,lanugino,0,7
חוט,lineus,0,7
חוט,linum,0,7
חוט,resticula,0,7
חוי,felicito,0,25
חוי,cybaeus,0,25
חול,arena,0,30
חול,harena,3,30
חול,harenosus,0,30
חול,ceu,0,30
חול,uelut,1,30
חול,multitudo,4,30
חול,turba,0,30
חול,populus,5,30
חול,plebs,0,30
חול,numero,1,30
חול,numerus,2,30
חום,probata,0,4
חום,protentus,0,4
חומ,protentus,0,0
חומה,murus,109,118
חומה,moenia,1,118
חומה,paries,0,118
חומה,moene,0,118
חומת,murus,0,0
חומת,moenia,0,0
חומת,paries,0,0
חומת,moene,0,0
חוס,misericordia,1,23
חוס,misero,0,23
חוס,misereor,8,23
חוס,misereo,3,23
חוס,clementia,0,23
חוס,noctua,0,23
חוס,miseratio,1,23
חוס,luctus,0,23
חוס,ostendo,0,23
חוס,monstro,0,23
חוס,exhibeo,0,23
חוס,uideo,1,23
חוס,appareo,0,23
חוס,probo,0,23
חוס,pareo,0,23
חוס,parco,17,23
חוס,imperco,0,23
חוף,litus,4,6
חוף,ora,0,6
חוף,litoreus,0,6
חוף,ripa,0,6
חוף,frumentarius,0,6
חוף,saburra,0,6
חוף,salum,0,6
חופ,litus,0,0
חופ,ora,0,0
חופ,salum,0,0
חוץ,sextus,0,153
חוץ,praeter,0,153
חוץ,sextarius,0,153
חוץ,extra,35,153
חוץ,extrinsecus,5,153
חוץ,insitium,0,153
חוצ,extra,0,0
חוצ,extrinsecus,0,0
חוצות,exitus,0,0
חורן,termino,0,7
חוש,propero,0,11
חוש,festino,5,11
חוש,urgeo,0,11
חושי,socius,0,13
חושי,comes,0,13
חושי,amicus,4,13
חושי,sodalis,0,13
חושי,commilito,0,13
חותם,signum,0,14
חותם,insigne,0,14
חותם,obsigno,0,14
חזה,studium,0,79
חזה,aspicio,2,79
חזה,uideo,48,79
חזה,cerno,1,79
חזה,conspicio,1,79
חזה,animaduerto,0,79
חזה,obseruo,1,79
חזה,propheta,12,79
חזה,expositor,0,79
חזה,fallo,0,79
חזו,tuor,0,3
חזוי,tuor,0,0
חזוי,cernentia,0,0
חזון,uisio,19,21
חזון,oculus,0,21
חזון,species,0,21
חזון,uisus,0,21
חזון,cernentia,0,21
חזון,tuor,0,21
חזונ,tuor,0,0
חזונ,cernentia,0,0
חזונ,somnus,0,0
חזונ,sopor,0,0
חזונ,dormio,0,0
חזונ,soporus,0,0
חזות,calathus,0,3
חזות,uisio,2,3
חזות,oculus,0,3
חזות,species,0,3
חזות,uisus,0,3
חזיון,uisio,8,10
חזיון,oculus,0,10
חזיון,species,0,10
חזיון,uisus,0,10
חזימ,uideo,0,0
חזימ,cerno,0,0
חזימ,conspicio,0,0
חזימ,aspicio,0,0
חזימ,animaduerto,0,0
חזימ,obseruo,0,0
חזינ,studium,0,0
חזינ,aspicio,0,0
חזיר,aper,0,8
חזיר,suillus,1,8
חזיר,porcus,0,8
חזיר,caro,3,8
חזיר,uiscera,0,8
חזיר,uiscus,0,8
חזיר,cadauer,1,8
חזיר,orthagoriscus,0,8
חזיר,porcellus,0,8
חזיתונ,uideo,0,0
חזיתונ,cerno,0,0
חזיתונ,conspicio,0,0
חזיתונ,aspicio,0,0
חזיתונ,animaduerto,0,0
חזיתונ,obseruo,0,0
חזק,obtineo,8,303
חזק,ualidus,4,303
חזק,fortis,32,303
חזק,robustus,16,303
חזק,firmus,1,303
חזק,uehemens,2,303
חזק,uis,1,303
חזק,robur,2,303
חזק,fortitudo,11,303
חזק,potentia,2,303
חזק,manus,70,303
חזק,arma,0,303
חזק,bracchium,12,303
חזקה,altipotens,0,12
חזקו,praeualeo,0,0
חח,spina,0,7
חטא,desidero,1,239
חטא,erro,0,239
חטא,culpa,1,239
חטא,desum,0,239
חטא,pecco,139,239
חטא,error,2,239
חטא,peccatum,87,239
חטא,peccator,17,239
חטא,peccatrix,1,239
חטאה,pecco,6,10
חטאה,error,0,10
חטאה,peccatum,8,10
חטאה,desidero,0,10
חטאה,erro,0,10
חטאה,culpa,0,10
חטאה,desum,0,10
חטאו,desidero,0,0
חטאו,erro,0,0
חטאו,culpa,0,0
חטאו,desum,0,0
חטאות,pecco,0,0
חטאות,error,0,0
חטאות,peccatum,0,0
חטאימ,desidero,0,0
חטאימ,erro,0,0
חטאימ,culpa,0,0
חטאימ,desum,0,0
חטאימ,peccator,0,0
חטאימ,peccatrix,0,0
חטאנו,desidero,0,0
חטאנו,erro,0,0
חטאנו,culpa,0,0
חטאנו,desum,0,0
חטאת,iniquitas,39,254
חטאת,iniustus,0,254
חטאת,desidero,0,254
חטאת,erro,0,254
חטאת,culpa,1,254
חטאת,desum,0,254
חטאת,pecco,37,254
חטאת,error,1,254
חטאת,peccatum,235,254
חטאת,perducto,0,254
חטאת,capra,4,254
חטאת,caper,0,254
חטאת,hircus,6,254
חטאת,caprinus,0,254
חטאת,hircinus,0,254
חטאתי,desidero,0,0
חטאתי,erro,0,0
חטאתי,culpa,0,0
חטאתי,desum,0,0
חטה,triticum,11,27
חטה,cibus,0,27
חטה,frumentum,9,27
חטה,seges,0,27
חטה,panis,2,27
חטה,frumentarius,0,27
חטה,granum,0,27
חטה,esca,0,27
חטה,oleum,4,27
חטה,olearius,0,27
חטה,olearis,0,27
חטה,messio,0,27
חטה,hordeum,10,27
חטה,hordeius,0,27
חטם,sustineo,0,1
חטם,retineo,0,1
חטם,possessio,0,1
חטם,teneo,0,1
חטם,prohibeo,0,1
חטם,impedio,0,1
חטם,ueto,0,1
חטר,sagitto,0,2
חי,uiuo,127,158
חי,habito,6,158
חי,uiuus,8,158
חי,uita,4,158
חי,anima,19,158
חי,uictus,0,158
חי,cernentia,0,158
חי,tuor,0,158
חי,ualeo,0,158
חי,saluus,1,158
חי,ualetudo,0,158
חי,puteus,3,158
חידה,tenebrosus,0,13
חידה,fama,2,13
חידה,rumor,0,13
חידה,defero,0,13
חידה,nuntio,0,13
חידה,defensa,0,13
חידה,triceni,0,13
חידה,triginta,3,13
חידות,defensa,0,0
חיה,fera,1,313
חיה,bestia,47,313
חיה,belua,0,313
חיה,ferus,2,313
חיה,iumentum,12,313
חיה,animal,13,313
חיה,tempus,10,313
חיה,occasio,1,313
חיה,facultas,0,313
חיה,potestas,0,313
חיוה,bestia,1,1
חיוה,iumentum,0,1
חיוה,animal,0,1
חיוה,fera,0,1
חיוה,belua,0,1
חיוה,ferus,0,1
חיונ,fera,0,0
חיונ,bestia,0,0
חיונ,belua,0,0
חיונ,ferus,0,0
חיונ,iumentum,0,0
חיונ,animal,0,0
חיות,furcillo,0,1
חיות,fera,0,1
חיות,bestia,0,1
חיות,belua,0,1
חיות,ferus,0,1
חיות,iumentum,0,1
חיות,animal,0,1
חיי,uita,0,0
חיי,anima,0,0
חיי,uictus,0,0
חיים,aeuum,0,167
חיים,saeculum,0,167
חיים,aetas,0,167
חיים,uita,102,167
חיים,aeternus,2,167
חיים,sempiternus,2,167
חיים,anima,16,167
חיים,arcuo,0,167
חיים,catonium,0,167
חיים,uictus,1,167
חיים,spiritus,6,167
חיים,animus,1,167
חיים,mens,0,167
חיים,animae,0,167
חיימ,uita,0,0
חיימ,anima,0,0
חיימ,uictus,0,0
חיין,aeuum,0,0
חיין,saeculum,0,0
חיין,aetas,0,0
חיין,uita,0,0
חיין,aeternus,0,0
חיין,sempiternus,0,0
חיין,anima,0,0
חיין,arcuo,0,0
חיין,catonium,0,0
חיין,uictus,0,0
חיין,spiritus,0,0
חיין,animus,0,0
חיין,mens,0,0
חיין,animae,0,0
חיינ,uita,0,0
חיינ,anima,0,0
חיינ,uictus,0,0
חיל,exspecto,1,249
חיל,manto,0,249
חיל,exercitus,73,249
חיל,copia,0,249
חיל,uis,1,249
חיל,uirtus,3,249
חיל,imperium,2,249
חיל,potentia,0,249
חיל,cogo,0,249
חיל,opis,0,249
חיל,robur,12,249
חיל,fortitudo,19,249
חיל,potestas,1,249
חיל,potens,1,249
חיל,fortis,50,249
חיל,maneo,4,249
חיל,persisto,0,249
חיל,moror,1,249
חיל,sto,4,249
חיל,reliquus,3,249
חיל,remaneo,1,249
חיל,resto,0,249
חיל,multitudo,8,249
חיל,turba,1,249
חיל,uulgus,2,249
חיל,opperior,0,249
חיל,nauigatio,0,249
חיל,nauigo,0,249
חיל,cursus,0,249
חיל,ops,2,249
חיל,diuitiae,10,249
חיל,lutus,0,249
חיל,acies,1,249
חיל,agmen,1,249
חילימ,exercitus,0,0
חילימ,copia,0,0
חילימ,uis,0,0
חילימ,uirtus,0,0
חילימ,imperium,0,0
חילימ,potentia,0,0
חילימ,cogo,0,0
חילימ,opis,0,0
חילימ,robur,0,0
חילימ,fortitudo,0,0
חילימ,potestas,0,0
חיצון,sextus,0,24
חיצון,praeter,0,24
חיצון,sextarius,0,24
חיצון,extra,10,24
חיצון,extrinsecus,1,24
חיצון,iudicium,0,24
חיצון,atrium,16,24
חיצון,aula,0,24
חיצון,decubo,0,24
חיצון,longitudo,3,24
חיצון,porta,3,24
חיצון,ianua,0,24
חיצון,fores,0,24
חיצון,limen,0,24
חיצון,ostium,0,24
חיצון,portae,0,24
חיק,sinus,28,30
חיק,gremium,0,30
חיק,gurges,0,30
חיק,pectus,0,30
חירה,sacer,0,2
חירה,sanctus,0,2
חירם,lapis,2,24
חירם,saxum,0,24
חירם,marmor,0,24
חירם,marmoreus,0,24
חירם,gemma,2,24
חירם,petrinus,0,24
חירם,caseus,0,24
חירם,aurum,7,24
חירם,aureus,0,24
חית,fera,0,0
חית,bestia,0,0
חית,belua,0,0
חית,ferus,0,0
חית,iumentum,0,0
חית,animal,0,0
חיתו,fera,0,0
חיתו,bestia,0,0
חיתו,belua,0,0
חיתו,ferus,0,0
חיתו,iumentum,0,0
חיתו,animal,0,0
חכה,exspecto,3,11
חכה,manto,0,11
חכה,maneo,0,11
חכה,persisto,0,11
חכה,moror,0,11
חכה,sto,0,11
חכה,reliquus,0,11
חכה,remaneo,0,11
חכה,resto,0,11
חכה,opperior,0,11
חכילה,contumulo,0,3
חכים,sapientia,1,8
חכים,sapienter,0,8
חכים,prudens,0,8
חכים,sapio,0,8
חכים,tempero,0,8
חכים,consipio,0,8
חכימי,sapientia,0,0
חכימי,sapienter,0,0
חכימי,prudens,0,0
חכימי,sapio,0,0
חכימינ,sapientia,0,0
חכימינ,sapienter,0,0
חכימינ,prudens,0,0
חכימינ,sapio,0,0
חכם,sapientia,13,147
חכם,sapienter,1,147
חכם,prudens,11,147
חכם,sapio,3,147
חכם,tempero,0,147
חכם,consipio,0,147
חכמ,sapientia,0,0
חכמ,sapienter,0,0
חכמ,prudens,0,0
חכמ,sapio,0,0
חכמה,consilium,8,140
חכמה,prudentia,21,140
חכמה,sapientia,119,140
חכמה,sapienter,4,140
חכמה,prudens,4,140
חכמה,sapio,0,140
חכמה,ars,0,140
חכמה,cogito,1,140
חכמה,sentio,0,140
חכמה,superbia,1,140
חכמה,superbus,1,140
חכמה,cogitatio,2,140
חכמה,adsum,0,140
חכמה,scientia,17,140
חכמה,scius,0,140
חכמה,animus,2,140
חכמה,spiritus,5,140
חכמות,consilium,0,3
חכמות,prudentia,0,3
חכמות,sapientia,3,3
חכמות,sapienter,0,3
חכמות,prudens,0,3
חכמות,sapio,0,3
חכמות,cogito,0,3
חכמות,sentio,0,3
חכמות,superbia,0,3
חכמות,superbus,0,3
חכמות,cogitatio,0,3
חכמות,adsum,0,3
חכמי,sapientia,0,0
חכמי,sapienter,0,0
חכמי,prudens,0,0
חכמי,sapio,0,0
חכמימ,sapientia,0,0
חכמימ,sapienter,0,0
חכמימ,prudens,0,0
חכמימ,sapio,0,0
חכמת,consilium,0,0
חכמת,prudentia,0,0
חכמת,sapientia,0,0
חכמת,sophia,0,0
חל,impius,0,7
חל,funero,0,7
חלאה,sagitta,0,5
חלאה,telum,0,5
חלאה,uellicatio,0,5
חלב,lac,40,107
חלב,lacteus,0,107
חלב,populus,5,107
חלב,plebs,0,107
חלב,uulgus,0,107
חלב,terra,24,107
חלב,contio,0,107
חלב,communis,0,107
חלב,ecclesia,0,107
חלב,ager,1,107
חלב,praepinguis,0,107
חלב,unguinosus,0,107
חלב,opimus,0,107
חלב,aruina,1,107
חלב,mel,22,107
חלב,mulceo,0,107
חלד,substantia,0,3
חלה,panis,9,84
חלום,somnium,40,54
חלום,somnio,2,54
חלום,insomnium,0,54
חלום,somnus,3,54
חלום,sopor,1,54
חלום,dormio,1,54
חלום,soporus,0,54
חלומ,somnio,0,0
חלומ,insomnium,0,0
חלומ,somnus,0,0
חלומ,sopor,0,0
חלומ,dormio,0,0
חלומ,soporus,0,0
חלון,fenestra,25,26
חלון,specularis,0,26
חלון,latitudo,5,26
חלון,eurus,0,26
חלון,quinquaginta,4,26
חלון,quindecim,0,26
חלון,quinque,4,26
חלון,quinquagenarius,0,26
חלונ,fenestra,0,0
חלונ,specularis,0,0
חלושה,uinco,0,1
חלושה,detrimentum,0,1
חלושה,supersum,0,1
חלושה,teneo,0,1
חלושה,obtineo,0,1
חלושה,potior,0,1
חלושה,uictoria,0,1
חלושה,dominus,0,1
חלושה,erus,0,1
חלושה,uictor,0,1
חלושה,supero,0,1
חלושה,ualeo,0,1
חלט,consilium,0,1
חלט,consulo,0,1
חלט,iudico,0,1
חלט,concilium,0,1
חלט,insidiae,0,1
חלט,consilior,0,1
חלט,decerno,0,1
חלט,iudex,0,1
חלט,iudicium,0,1
חלט,reciperator,0,1
חלט,statuo,0,1
חלי,debilitas,0,24
חלי,lenitudo,0,24
חלי,praemollis,0,24
חלי,morbus,0,24
חלי,pestis,0,24
חלי,lues,0,24
חלי,ualetudo,0,24
חלי,infirmitas,12,24
חלי,plaga,4,24
חלי,uulnus,0,24
חלי,ictus,0,24
חליה,ornamentum,0,1
חליה,orbis,0,1
חליה,mundum,0,1
חליה,ordo,0,1
חליל,ludo,0,5
חליל,tibia,5,5
חליל,fistula,0,5
חלילה,propitius,4,20
חליפה,triceni,0,9
חליפה,triginta,3,9
חליתי,ligo,0,0
חליתי,uincio,0,0
חליתי,necto,0,0
חליתי,opus,0,0
חליתי,uolo,0,0
חליתי,postulo,0,0
חליתי,rogo,0,0
חליתי,peto,0,0
חליתי,oro,0,0
חליתי,necesse,0,0
חליתי,quaero,0,0
חליתי,quaeso,0,0
חליתי,necessarius,0,0
חליתי,interrogo,0,0
חליתי,obsecro,0,0
חליתי,desidero,0,0
חלכה,miser,0,0
חלכה,pauper,0,0
חלל,obsoleto,0,199
חלל,uulnus,0,199
חלל,saucius,0,199
חללימ,uulnus,0,0
חללימ,saucius,0,0
חלם,somnium,24,34
חלם,somnio,2,34
חלם,insomnium,0,34
חלמ,somnio,0,0
חלמ,insomnium,0,0
חלמ,tuor,0,0
חלמ,somnus,0,0
חלמ,sopor,0,0
חלמ,dormio,0,0
חלמ,soporus,0,0
חלמות,somnio,0,1
חלמות,insomnium,0,1
חלמיש,saxum,0,4
חלמיש,rupes,0,4
חלמיש,lapis,0,4
חלמיש,petra,3,4
חלמיש,scopulus,0,4
חלמנו,uideo,0,0
חלמנו,cerno,0,0
חלמנו,conspicio,0,0
חלמנו,aspicio,0,0
חלמנו,animaduerto,0,0
חלמנו,obseruo,0,0
חלמת,somnio,0,0
חלמת,insomnium,0,0
חלמתי,somnio,0,0
חלמתי,insomnium,0,0
חלמתי,uideo,0,0
חלמתי,cerno,0,0
חלמתי,conspicio,0,0
חלמתי,aspicio,0,0
חלמתי,animaduerto,0,0
חלמתי,obseruo,0,0
חלף,muto,7,26
חלף,uario,0,26
חלף,permuto,0,26
חלף,uis,0,26
חלף,robur,0,26
חלף,fortitudo,2,26
חלף,potentia,0,26
חלף,merces,2,26
חלף,praemium,0,26
חלף,stipendium,0,26
חלף,gero,0,26
חלף,soluo,0,26
חלף,reddo,0,26
חלץ,lumbus,7,46
חלצ,lumbus,0,0
חלק,diuido,35,118
חלק,discribo,0,118
חלק,factio,0,118
חלק,hereditas,15,118
חלק,sors,10,118
חלק,praedium,0,118
חלק,possessio,14,118
חלק,aratio,0,118
חלק,sortio,0,118
חלקה,leuor,0,24
חלקה,factio,0,24
חלקה,ager,15,24
חלקה,fundus,0,24
חלקה,campus,0,24
חלקה,praedium,0,24
חלקה,uilla,0,24
חלקיהו,liber,5,18
חלקיהו,uolumen,1,18
חלקיהו,libellus,0,18
חלקיהו,tabula,0,18
חלקיהו,dispensator,0,18
חלקלקות,leuor,0,1
חלקת,factio,0,1
חלש,uinco,0,3
חלש,detrimentum,0,3
חלש,supersum,0,3
חלש,teneo,0,3
חלש,obtineo,0,3
חלש,potior,0,3
חלש,uictoria,0,3
חלש,dominus,0,3
חלש,erus,0,3
חלש,uictor,0,3
חלש,supero,0,3
חלש,ualeo,0,3
חם,socer,4,18
חם,legalis,0,18
חמא,animus,0,0
חמא,spiritus,0,0
חמא,furor,0,0
חמא,ira,0,0
חמא,cor,0,0
חמא,pectus,0,0
חמא,amor,0,0
חמא,mens,0,0
חמא,libido,0,0
חמא,pectoralis,0,0
חמא,animi,0,0
חמאה,erineos,0,8
חמאה,lac,5,8
חמאה,lacteus,0,8
חמאה,mel,4,8
חמאה,mulceo,0,8
חמד,uolo,0,22
חמד,cupiditas,0,22
חמד,cupio,2,22
חמד,desidero,1,22
חמד,optiuus,0,22
חמד,equus,3,22
חמד,sonipes,0,22
חמד,currus,0,22
חמד,eques,2,22
חמד,equitatus,0,22
חמד,equa,0,22
חמד,equi,0,22
חמד,equum,0,22
חמד,equo,0,22
חמד,adulescens,1,22
חמד,iuuenis,2,22
חמד,adulescentulus,0,22
חמד,peradulescentulus,0,22
חמד,dux,2,22
חמד,communis,0,22
חמד,imperator,0,22
חמדה,exoptabilis,0,12
חמדת,cupido,0,0
חמדת,libido,0,0
חמדת,desiderium,0,0
חמדת,uolo,0,0
חמדת,cupio,0,0
חמדת,cupiditas,0,0
חמה,sol,2,111
חמה,phoebus,0,111
חמה,solis,0,111
חמה,animus,0,111
חמה,spiritus,3,111
חמה,furor,54,111
חמה,ira,23,111
חמה,cor,1,111
חמה,pectus,0,111
חמה,amor,0,111
חמה,mens,0,111
חמה,libido,0,111
חמה,pectoralis,0,111
חמה,animi,0,111
חמה,iracundia,1,111
חמור,asininus,0,104
חמור,asina,3,104
חמור,asinus,82,104
חמור,onus,2,104
חמור,belua,0,104
חמור,iumentum,4,104
חמות,socrus,9,10
חמות,consocer,0,10
חמות,bos,0,10
חמות,iuuencus,0,10
חמות,taurus,0,10
חמות,iumentum,0,10
חמות,uitulus,0,10
חמות,pecus,0,10
חמות,armentum,0,10
חמות,uacca,0,10
חמות,bubulus,0,10
חמי,socer,0,0
חמי,legalis,0,0
חמישי,quintus,32,34
חמישי,emissicius,0,34
חמישי,quintanus,0,34
חמישי,mensis,11,34
חמישית,quintus,8,9
חמישית,emissicius,0,9
חמישית,quintanus,0,9
חמישית,accedo,0,9
חמישית,adicio,0,9
חמישית,adiungo,0,9
חמישית,addo,5,9
חמישית,honor,0,9
חמישית,dignitas,0,9
חמישית,pretium,1,9
חמישית,decus,0,9
חמישית,honorem,0,9
חמישית,honoris,0,9
חמל,ostendo,0,38
חמל,monstro,0,38
חמל,exhibeo,1,38
חמל,uideo,0,38
חמל,appareo,0,38
חמל,probo,0,38
חמל,pareo,0,38
חמל,parco,29,38
חמל,imperco,0,38
חמלה,misericordia,0,3
חמלה,misero,0,3
חמלה,misereor,0,3
חמלה,misereo,0,3
חמלה,clementia,0,3
חמלה,noctua,0,3
חמלה,miseratio,0,3
חמלה,luctus,0,3
חמלת,parco,0,0
חמלת,imperco,0,0
חמן,idolum,1,8
חמן,simulacrum,3,8
חמן,imaginis,0,8
חמן,umbra,0,8
חמן,imago,0,8
חמס,iniquitas,28,45
חמס,iniustus,1,45
חמס,iniquus,4,45
חמס,iniuria,0,45
חמס,perducto,0,45
חמס,uis,2,45
חמס,uiolentia,0,45
חמס,robur,0,45
חמס,copia,0,45
חמס,inuitus,0,45
חמס,coacto,0,45
חמס,uiolentus,0,45
חמס,superbia,0,45
חמס,insolentia,0,45
חמס,contumelia,0,45
חמס,arrogantia,0,45
חמס,uiolo,0,45
חמס,impietas,2,45
חמץ,azymus,4,20
חמץ,fermentum,7,20
חמץ,camum,0,20
חמצ,fermentum,0,0
חמצ,camum,0,0
חמר,bitumen,3,35
חמר,asininus,0,35
חמר,asina,0,35
חמר,asinus,1,35
חמר,lutum,14,35
חמר,argilla,0,35
חמר,onus,0,35
חמר,belua,0,35
חמר,iumentum,0,35
חמרימ,asininus,0,0
חמרימ,asina,0,0
חמרימ,asinus,0,0
חמש,decem,24,400
חמש,deni,0,400
חמש,uicesimus,6,400
חמש,uiginti,51,400
חמש,uiceni,0,400
חמש,centum,30,400
חמש,sexageni,0,400
חמש,sexagenarius,1,400
חמש,quinque,178,400
חמש,quingenti,37,400
חמש,quinquaginta,115,400
חמש,quindecim,15,400
חמש,triceni,0,400
חמש,triginta,29,400
חמש,quinquagenarius,8,400
חמש,mille,93,400
חמש,miliarius,0,400
חמשה,septuaginta,0,0
חמשה,septuageni,0,0
חמשה,quinquaginta,0,0
חמשה,quindecim,0,0
חמשה,quinque,0,0
חמשה,quintadecimani,0,0
חמשה,quadraginta,0,0
חמשה,quadrageni,0,0
חמשה,triceni,0,0
חמשה,triginta,0,0
חמשה,centum,0,0
חמשה,treceni,0,0
חמשה,trecenti,0,0
חמשימ,centum,0,0
חמשימ,ducenti,0,0
חמשימ,duceni,0,0
חמשימ,quinquagenarius,0,0
חמשימ,quinquaginta,0,0
חמשימ,quadringenti,0,0
חמשימ,quattuor,0,0
חמשת,quinquaginta,0,0
חמשת,quindecim,0,0
חמשת,quinque,0,0
חמת,membrana,0,40
חמת,animus,0,40
חמת,spiritus,0,40
חמת,furor,0,40
חמת,ira,0,40
חמת,cor,0,40
חמת,pectus,0,40
חמת,amor,0,40
חמת,mens,0,40
חמת,libido,0,40
חמת,pectoralis,0,40
חמת,animi,0,40
חמת,iracundia,0,40
חמת,murus,0,40
חמת,moenia,0,40
חמת,paries,0,40
חמת,moene,0,40
חן,causa,1,66
חן,gratus,3,66
חן,propter,4,66
חן,grates,0,66
חן,gratia,57,66
חנ,misericordia,0,0
חנ,misero,0,0
חנ,misereor,0,0
חנ,misereo,0,0
חנ,uerutum,0,0
חנ,causa,0,0
חנ,gratus,0,0
חנ,propter,0,0
חנ,grates,0,0
חנ,gratia,0,0
חנה,abito,0,142
חנוך,sexageni,0,16
חנוך,sexagenarius,0,16
חנון,propitius,1,17
חנון,longanimis,1,17
חנונ,misericors,0,0
חנות,domus,1,1
חנות,regia,0,1
חנות,aula,0,1
חנות,atrium,0,1
חנות,thalamus,0,1
חנות,cubiculum,0,1
חנטה,triticum,0,2
חנטה,cibus,0,2
חנטה,frumentum,2,2
חנטה,seges,0,2
חנטה,panis,0,2
חנטה,frumentarius,0,2
חנטה,granum,0,2
חנטה,esca,0,2
חנימ,insitium,0,0
חנינה,beneficium,0,1
חנינה,praefectus,0,1
חנינה,fides,0,1
חנינה,beneuolentia,0,1
חנינה,amor,0,1
חנינה,humanitas,0,1
חנינה,mansuetudo,0,1
חנית,hasta,22,36
חנית,telum,0,36
חנית,lancea,10,36
חנית,quiris,0,36
חנית,hastae,0,36
חנית,pilum,0,36
חנית,iaculum,0,36
חנית,machaera,0,36
חנית,arma,1,36
חנית,bracchium,0,36
חנית,armo,1,36
חנית,ensiculus,0,36
חנית,ensifer,0,36
חנך,sacrificium,0,3
חנך,oblatio,0,3
חנך,cubo,0,3
חנך,dedico,3,3
חנך,impono,0,3
חנכה,dilatio,0,10
חנכה,sacrificium,0,10
חנכה,oblatio,1,10
חנכה,ungo,2,10
חנכה,christus,0,10
חנכה,perungo,0,10
חנן,gratia,0,61
חנן,causa,0,61
חנן,gratus,0,61
חנן,propter,1,61
חנן,grates,0,61
חנן,misericordia,0,61
חנן,misero,2,61
חנן,misereor,16,61
חנן,misereo,2,61
חננ,misericordia,0,0
חננ,misero,0,0
חננ,misereor,0,0
חננ,misereo,0,0
חנק,suffoco,0,2
חסד,iudicium,5,117
חסד,iustitia,4,117
חסד,aequitas,0,117
חסד,misericordia,88,117
חסד,clementia,2,117
חסד,misero,0,117
חסד,noctua,0,117
חסד,misereo,0,117
חסד,beneficium,0,117
חסד,fides,1,117
חסד,beneuolentia,0,117
חסד,amor,0,117
חסות,confugio,0,1
חסות,profugio,0,1
חסות,suadeo,0,1
חסות,persuadeo,0,1
חסות,pareo,0,1
חסות,oboedio,0,1
חסות,adduco,0,1
חסות,persuasio,0,1
חסות,inductus,0,1
חסות,credo,0,1
חסיד,sancio,0,7
חסיד,iustus,0,7
חסיד,pietas,0,7
חסיד,impius,1,7
חסיד,pius,0,7
חסיד,legitimus,0,7
חסיל,robigino,0,5
חסיל,aeruginosus,0,5
חסיל,gryllus,0,5
חסיל,cliuulus,0,5
חסנ,uis,0,0
חסנ,robur,0,0
חסנ,fortitudo,0,0
חסנ,potentia,0,0
חסף,lutum,2,7
חסף,argilla,0,7
חספ,statim,0,0
חספ,continuus,0,0
חספ,simul,0,0
חסר,panis,7,41
חסרון,uolo,0,1
חסרון,difficultas,0,1
חסרון,egestas,0,1
חסרון,uix,0,1
חסרון,paupertas,0,1
חסרון,difficilis,1,1
חסרון,cupio,0,1
חסרון,opto,0,1
חסרון,utinam,0,1
חסרון,uoluntas,0,1
חסרון,placeo,0,1
חסרון,quasi,0,1
חסרון,sicut,0,1
חסרון,cupiditas,0,1
חסרון,similis,0,1
חסרון,eligo,0,1
חסרון,deligo,0,1
חסרון,lubet,0,1
חסרון,obsecro,0,1
חסרון,ligo,0,1
חסרון,uincio,0,1
חסרון,necto,0,1
חסרון,opus,0,1
חסרון,postulo,0,1
חסרון,rogo,0,1
חסרון,peto,0,1
חסרון,oro,0,1
חסרון,necesse,0,1
חסרון,quaero,0,1
חסרון,quaeso,0,1
חסרון,necessarius,0,1
חסרון,interrogo,0,1
חסרון,desidero,0,1
חסרון,recuso,0,1
חסרון,nolo,0,1
חסרון,inopia,0,1
חף,mundus,1,1
חף,purus,0,1
חפה,tego,4,12
חפה,uelo,0,12
חפה,operio,3,12
חפז,propero,0,5
חפז,festino,1,5
חפז,urgeo,0,5
חפזונ,studium,0,0
חפזונ,nauo,0,0
חפן,cauus,0,6
חפן,nitidus,0,6
חפן,ualles,0,6
חפף,tectum,0,1
חפץ,uolo,35,90
חפץ,cupio,2,90
חפץ,opto,1,90
חפץ,utinam,0,90
חפץ,uoluntas,10,90
חפץ,placeo,5,90
חפץ,quasi,3,90
חפץ,sicut,3,90
חפץ,cupiditas,0,90
חפץ,similis,1,90
חפץ,eligo,4,90
חפץ,deligo,0,90
חפץ,lubet,0,90
חפץ,obsecro,1,90
חפץ,recuso,0,90
חפץ,nolo,9,90
חפצ,uolo,0,0
חפצ,cupio,0,0
חפצ,opto,0,0
חפצ,utinam,0,0
חפצ,uoluntas,0,0
חפצ,placeo,0,0
חפצ,quasi,0,0
חפצ,sicut,0,0
חפצ,cupiditas,0,0
חפצ,similis,0,0
חפצ,eligo,0,0
חפצ,deligo,0,0
חפצ,lubet,0,0
חפצ,obsecro,0,0
חפצ,recuso,0,0
חפצ,nolo,0,0
חפצ,prolubium,0,0
חפצי,uolo,0,0
חפצי,cupio,0,0
חפצי,recuso,0,0
חפצי,eligo,0,0
חפצי,placeo,0,0
חפצי,utinam,0,0
חפצי,uoluntas,0,0
חפצי,cupiditas,0,0
חפצי,deligo,0,0
חפצי,nolo,0,0
חפצת,uolo,0,0
חפצת,cupio,0,0
חפצת,recuso,0,0
חפצת,eligo,0,0
חפצת,placeo,0,0
חפצת,utinam,0,0
חפצת,uoluntas,0,0
חפצת,cupiditas,0,0
חפצת,deligo,0,0
חפצת,nolo,0,0
חפצתי,uolo,0,0
חפצתי,cupio,0,0
חפצתי,opto,0,0
חפצתי,utinam,0,0
חפצתי,uoluntas,0,0
חפצתי,placeo,0,0
חפצתי,quasi,0,0
חפצתי,sicut,0,0
חפצתי,cupiditas,0,0
חפצתי,similis,0,0
חפצתי,eligo,0,0
חפצתי,deligo,0,0
חפצתי,lubet,0,0
חפצתי,obsecro,0,0
חפצתי,recuso,0,0
חפצתי,nolo,0,0
חפר,fodio,12,41
חפר,perfosso,0,41
חפר,puteus,6,41
חפרו,fodio,0,0
חפרו,perfosso,0,0
חפש,libero,0,19
חפש,ingenuus,0,19
חפש,libertas,1,19
חפש,peto,0,19
חפש,quaero,3,19
חפש,inquiro,0,19
חפשה,libertas,1,1
חפשה,eleutheria,0,1
חפשה,libero,0,1
חפשה,ingenuus,0,1
חפשי,libero,0,16
חפשי,ingenuus,0,16
חפשי,libertas,1,16
חפשי,soluo,2,16
חפשי,seruus,9,16
חפשי,seruitus,0,16
חפשי,seruio,3,16
חפשית,expers,0,2
חץ,telum,0,35
חץ,iaculum,0,35
חץ,sagitta,29,35
חץ,missile,0,35
חץ,scapus,0,35
חץ,tela,0,35
חץ,uellicatio,0,35
חץ,tolerabilis,0,35
חץ,sagitto,0,35
חץ,arcus,8,35
חץ,fulgur,2,35
חץ,fulmen,0,35
חץ,arma,1,35
חץ,bracchium,0,35
חץ,armo,0,35
חץ,palumbinus,0,35
חצ,telum,0,0
חצ,iaculum,0,0
חצ,sagitta,0,0
חצ,missile,0,0
חצ,scapus,0,0
חצ,tela,0,0
חצ,dimidius,0,0
חצ,dimidio,0,0
חצ,semifer,0,0
חצ,dimidium,0,0
חצ,arcus,0,0
חצה,diuido,5,11
חצה,discribo,0,11
חצות,medius,2,2
חצות,medion,0,2
חצות,centrum,0,2
חצות,medio,0,2
חצי,dimidius,36,103
חצי,dimidio,0,103
חצי,semifer,0,103
חצי,dimidium,13,103
חצי,palumbinus,0,103
חצימ,telum,0,0
חצימ,iaculum,0,0
חצימ,sagitta,0,0
חצימ,missile,0,0
חצימ,scapus,0,0
חצימ,tela,0,0
חצימ,palumbinus,0,0
חציר,pastus,0,15
חציר,ceu,0,15
חציר,uelut,0,15
חצן,sinus,1,2
חצן,gremium,0,2
חצן,gurges,0,2
חצן,pectus,0,2
חצנ,sinus,0,0
חצנ,gremium,0,0
חצנ,gurges,0,0
חצנ,pectus,0,0
חצץ,diuido,0,5
חצץ,discribo,0,5
חצצרה,tuba,23,26
חצצרה,lituus,0,26
חצצרה,bucina,2,26
חצצרה,tubula,0,26
חצצרות,tuba,0,0
חצצרות,lituus,0,0
חצצרות,bucina,0,0
חצצרות,tubula,0,0
חצר,iudicium,0,173
חצר,atrium,89,173
חצר,aula,0,173
חצר,tribunal,0,173
חצר,castellum,1,173
חצר,uilla,30,173
חצר,uicus,2,173
חק,scitus,0,94
חק,equidem,0,94
חק,conuerto,2,94
חק,uerto,1,94
חק,dos,0,94
חק,pars,3,94
חק,fatum,0,94
חק,sors,0,94
חק,parca,0,94
חק,fati,0,94
חק,lex,23,94
חק,liceor,0,94
חק,mos,1,94
חק,ius,6,94
חק,consuetudo,1,94
חק,legitimus,9,94
חק,imperatus,0,94
חקה,scitus,0,102
חקה,imperatus,0,102
חקה,lex,19,102
חקה,liceor,0,102
חקה,mos,2,102
חקה,ius,2,102
חקה,consuetudo,1,102
חקה,legitimus,15,102
חקימ,scitus,0,0
חקימ,imperatus,0,0
חקת,scitus,0,0
חקת,lex,0,0
חקת,liceor,0,0
חקת,mos,0,0
חקת,ius,0,0
חקת,consuetudo,0,0
חקת,legitimus,0,0
חקת,imperatus,0,0
חרב,pugio,0,416
חרב,sica,1,416
חרב,sicula,0,416
חרב,calor,1,416
חרב,aestus,6,416
חרב,ardor,1,416
חרב,surio,0,416
חרב,subo,0,416
חרב,gladius,309,416
חרב,ferrum,2,416
חרב,culter,2,416
חרב,ensiculus,0,416
חרב,ensifer,0,416
חרב,sanguis,12,416
חרב,mors,8,416
חרב,occaedes,2,416
חרב,interfacio,16,416
חרב,caedes,4,416
חרב,interfectrix,0,416
חרבה,siccus,4,44
חרבה,aridus,1,44
חרבה,gladius,5,44
חרבה,ferrum,0,44
חרבה,culter,0,44
חרבו,linquo,0,0
חרבות,solitudo,0,0
חרבות,desero,0,0
חרבת,solitudo,0,0
חרבת,desero,0,0
חרג,exeo,0,0
חרג,egredior,0,0
חרג,prodeo,0,0
חרד,tremesco,0,45
חרד,intremo,0,45
חרד,tremulus,0,45
חרד,praetrepidus,0,45
חרד,tremor,0,45
חרד,excido,0,45
חרדה,metus,0,9
חרדה,pauor,0,9
חרדה,terror,1,9
חרדה,timor,0,9
חרדה,formido,1,9
חרדה,timeo,1,9
חרדה,metuo,0,9
חרדה,uereor,0,9
חרדו,excido,0,0
חרה,obirascor,0,84
חרה,animus,0,84
חרה,spiritus,2,84
חרה,furor,19,84
חרה,ira,1,84
חרה,cor,2,84
חרה,pectus,0,84
חרה,amor,0,84
חרה,mens,0,84
חרה,libido,0,84
חרה,pectoralis,0,84
חרה,animi,0,84
חרה,iracundia,0,84
חרה,irascor,50,84
חרה,periratus,0,84
חרון,animus,0,35
חרון,spiritus,0,35
חרון,furor,24,35
חרון,ira,26,35
חרון,cor,1,35
חרון,pectus,0,35
חרון,amor,0,35
חרון,mens,0,35
חרון,libido,0,35
חרון,pectoralis,0,35
חרון,animi,0,35
חרון,iracundia,1,35
חרון,irascor,1,35
חרון,periratus,0,35
חרון,bilis,0,35
חרון,indignatio,5,35
חרון,dolor,1,35
חרונ,animus,0,0
חרונ,spiritus,0,0
חרונ,furor,0,0
חרונ,ira,0,0
חרונ,cor,0,0
חרונ,pectus,0,0
חרונ,amor,0,0
חרונ,mens,0,0
חרונ,libido,0,0
חרונ,pectoralis,0,0
חרונ,animi,0,0
חרונ,iracundia,0,0
חרוץ,seco,0,17
חרוץ,caedo,0,17
חרוץ,scindo,0,17
חרוץ,caesa,0,17
חרטם,magus,3,12
חרטם,persea,0,12
חרי,animus,0,11
חרי,spiritus,0,11
חרי,furor,1,11
חרי,ira,1,11
חרי,cor,0,11
חרי,pectus,0,11
חרי,amor,0,11
חרי,mens,0,11
חרי,libido,0,11
חרי,pectoralis,0,11
חרי,animi,0,11
חרי,iracundia,0,11
חרי,dux,3,11
חרי,imperator,0,11
חרי,rector,0,11
חרי,miles,0,11
חרי,princeps,0,11
חריט,crumena,0,2
חרימ,libero,0,0
חרימ,ingenuus,0,0
חרימ,libertas,0,0
חרמ,sacrificium,0,0
חרמ,oblatio,0,0
חרמה,destina,0,9
חרמון,agnos,0,12
חרמון,agnus,0,12
חרמש,falx,1,1
חרמש,scalprum,0,1
חרף,auctumnalis,0,34
חרף,exprobo,0,34
חרף,obicio,0,34
חרף,opprobrium,1,34
חרף,obiectatio,0,34
חרף,exprobro,16,34
חרפ,uer,0,0
חרפ,fons,0,0
חרפ,exprobo,0,0
חרפ,obicio,0,0
חרפ,opprobrium,0,0
חרפ,obiectatio,0,0
חרפ,exprobro,0,0
חרפה,exprobo,0,44
חרפה,obicio,0,44
חרפה,opprobrium,41,44
חרפה,obiectatio,0,44
חרפה,exprobro,2,44
חרפה,probrum,0,44
חרפה,dedecus,0,44
חרפות,obiectatio,0,0
חרפת,obiectatio,0,0
חרפת,opprobrium,0,0
חרפת,probrum,0,0
חרפת,dedecus,0,0
חרפת,exprobro,0,0
חרץ,praecido,0,7
חרץ,abscido,0,7
חרץ,caesa,0,7
חרצן,labrusca,0,1
חרצן,uua,1,1
חרש,aratrum,1,118
חרש,aratro,0,118
חרש,aro,10,118
חרש,arater,0,118
חרש,surdus,8,118
חרש,concha,0,118
חרש,lutum,1,118
חרש,argilla,0,118
חרש,faber,11,118
חרש,architectus,1,118
חרש,aurifex,1,118
חרשה,nouus,0,4
חרשה,mustus,0,4
חרשימ,surdus,0,0
חרשת,silua,0,7
חרשת,tignum,0,7
חרשת,materia,0,7
חרשת,lignum,2,7
חש,praesens,0,0
חש,munus,0,0
חש,dono,0,0
חש,donum,0,0
חש,adsum,0,0
חשב,quia,4,110
חשב,propter,3,110
חשב,causa,1,110
חשב,ratio,2,110
חשב,propterea,3,110
חשב,tabula,0,110
חשב,ob,0,110
חשב,per,2,110
חשב,sicut,5,110
חשב,argumentum,0,110
חשב,contio,0,110
חשב,fabula,0,110
חשב,uerbi,0,110
חשב,oratio,0,110
חשב,uerbum,2,110
חשב,sermo,2,110
חשב,uox,3,110
חשב,trilix,0,110
חשב,trabea,0,110
חשב,numero,0,110
חשוכ,tenebrae,0,0
חשוכ,caligo,0,0
חשוכ,obscuritas,0,0
חשוק,aureus,0,8
חשוק,aurum,1,8
חשחינ,habeo,0,0
חשחינ,teneo,0,0
חשחינ,possideo,0,0
חשחינ,usus,0,0
חשחינ,necessitas,0,0
חשחינ,opus,0,0
חשחינ,utor,0,0
חשך,tenebrae,58,105
חשך,caligo,12,105
חשך,obscuritas,0,105
חשך,uir,5,105
חשך,homo,2,105
חשך,mortalis,0,105
חשכ,tenebrae,0,0
חשכ,caligo,0,0
חשכ,obscuritas,0,0
חשכ,parco,0,0
חשכ,imperco,0,0
חשכה,tenebrae,2,3
חשכה,caligo,1,3
חשכה,obscuritas,0,3
חשכת,parco,0,0
חשכת,imperco,0,0
חשן,iudicium,3,21
חשן,seges,0,21
חשן,aurum,4,21
חשן,aureus,5,21
חשנ,tripedalis,0,0
חשק,negotior,0,13
חשק,uolo,2,13
חשק,malo,0,13
חשק,eligo,2,13
חתו,clades,0,0
חתו,fuga,0,0
חתול,lineus,0,1
חתית,tonsilis,0,5
חתית,uita,0,5
חתית,anima,0,5
חתית,uictus,0,5
חתית,gladius,4,5
חתית,ferrum,0,5
חתית,culter,0,5
חתית,metus,0,5
חתית,pauor,0,5
חתית,terror,2,5
חתית,timor,0,5
חתית,formido,2,5
חתית,timeo,0,5
חתית,metuo,0,5
חתית,uereor,0,5
חתם,signum,3,21
חתם,insigne,0,21
חתם,obsigno,1,21
חתן,gener,11,50
חתן,socer,4,50
חתנ,gener,0,0
חתנ,socer,0,0
חתנ,sisto,0,0
חתנ,sto,0,0
חתנ,constituo,0,0
חתנ,erigo,0,0
חתנ,nymphon,0,0
חתנה,nuptiae,0,1
חתנה,matrimonium,0,1
חתנה,nuptus,0,1
חתנה,inanis,0,1
חתנה,dedo,0,1
חתר,fodio,1,7
חתר,perfosso,0,7
חתר,murus,0,7
חתר,paries,4,7
חתר,moenia,0,7
חתר,costa,0,7
טב,bonus,1,2
טב,probus,0,2
טב,fortis,0,2
טב,bene,0,2
טב,nobilis,0,2
טב,perbonus,0,2
טב,ualeo,0,2
טב,ius,0,2
טב,puteus,0,2
טב,pulcher,0,2
טב,formosus,0,2
טב,aequus,0,2
טב,speciosus,0,2
טב,posterus,0,2
טב,dexter,0,2
טב,bellus,0,2
טב,serius,0,2
טבה,bonus,0,0
טבה,probus,0,0
טבה,fortis,0,0
טבה,bene,0,0
טבור,umbilicus,2,2
טבור,omphalos,0,2
טבות,pulcher,0,0
טבות,formosus,0,0
טבות,bonus,0,0
טבות,nobilis,0,0
טבות,bene,0,0
טבות,ius,0,0
טבות,aequus,0,0
טבות,speciosus,0,0
טבות,ualeo,0,0
טבות,posterus,0,0
טבות,dexter,0,0
טבות,puteus,0,0
טבות,bellus,0,0
טבח,caedes,2,51
טבח,plago,0,51
טבימ,bonus,0,0
טבימ,probus,0,0
טבימ,fortis,0,0
טבימ,bene,0,0
טבל,baptisma,0,16
טבל,digitus,4,16
טבל,septingenties,0,16
טבל,septies,0,16
טבל,hysopites,0,16
טבל,hysopum,4,16
טבע,sido,0,7
טבעות,duo,0,0
טבעות,uter,0,0
טבעות,bini,0,0
טבעת,latus,10,40
טבעת,amplus,0,40
טבעת,spatiosus,0,40
טבעת,latitudo,0,40
טבעת,fero,4,40
טבעת,procul,0,40
טבעת,anulus,21,40
טבעת,aureus,16,40
טבעת,aurum,1,40
טבת,pulcher,0,2
טבת,formosus,0,2
טבת,bonus,0,2
טבת,nobilis,0,2
טבת,bene,0,2
טבת,ius,0,2
טבת,aequus,0,2
טבת,speciosus,0,2
טבת,ualeo,0,2
טבת,posterus,0,2
טבת,dexter,0,2
טבת,puteus,0,2
טבת,bellus,0,2
טהור,mundus,0,0
טהור,purus,0,0
טהורה,mundus,0,0
טהורה,purus,0,0
טהר,mundus,62,155
טהר,purus,21,155
טהרה,purgatio,1,14
טהרה,mundus,1,14
טהרה,purus,0,14
טהרה,smecticus,0,14
טוב,bonus,185,412
טוב,probus,0,412
טוב,fortis,3,412
טוב,bene,21,412
טוב,placeo,38,412
טוב,plausibilis,0,412
טוב,pulcher,18,412
טוב,formosus,0,412
טוב,nobilis,0,412
טוב,ius,1,412
טוב,aequus,0,412
טוב,speciosus,4,412
טוב,ualeo,2,412
טוב,posterus,1,412
טוב,dexter,0,412
טוב,puteus,0,412
טוב,bellus,0,412
טוב,ualidus,0,412
טוב,melioro,0,412
טוב,unguentum,4,412
טוב,integer,0,412
טוב,rego,2,412
טוב,probitas,0,412
טובה,bonus,57,98
טובה,probus,0,98
טובה,fortis,1,98
טובה,bene,1,98
טובה,pulcher,2,98
טובה,formosus,0,98
טובה,nobilis,0,98
טובה,ius,0,98
טובה,aequus,0,98
טובה,speciosus,1,98
טובה,ualeo,0,98
טובה,posterus,0,98
טובה,dexter,0,98
טובה,puteus,0,98
טובה,bellus,0,98
טובימ,bonus,0,0
טובימ,probus,0,0
טובימ,fortis,0,0
טובימ,bene,0,0
טובימ,pulcher,0,0
טובימ,formosus,0,0
טובימ,nobilis,0,0
טובימ,ius,0,0
טובימ,aequus,0,0
טובימ,speciosus,0,0
טובימ,ualeo,0,0
טובימ,posterus,0,0
טובימ,dexter,0,0
טובימ,puteus,0,0
טובימ,bellus,0,0
טובת,bonus,0,0
טובת,probus,0,0
טובת,fortis,0,0
טובת,bene,0,0
טובת,probitas,0,0
טוח,lapis,3,10
טוח,saxum,0,10
טוח,marmor,0,10
טוח,marmoreus,0,10
טוח,gemma,0,10
טוח,petrinus,0,10
טוח,aedes,0,10
טוח,familia,0,10
טוח,templum,1,10
טוח,apud,0,10
טוח,tectum,0,10
טוח,penates,0,10
טוח,cognatio,0,10
טוח,domus,2,10
טוח,murus,0,10
טוח,paries,5,10
טוח,moenia,0,10
טוח,costa,0,10
טוטפת,immotus,0,3
טוטפת,inagitatus,0,3
טוטפת,signum,3,3
טוטפת,testimonium,0,3
טוטפת,argumentum,0,3
טוטפת,insigne,0,3
טול,iacio,0,13
טול,mitto,7,13
טול,peto,0,13
טול,ferio,0,13
טול,icio,0,13
טול,proicio,1,13
טול,eicio,1,13
טול,expello,0,13
טול,eiecto,0,13
טול,reiecto,0,13
טור,pello,0,22
טור,ago,0,22
טור,fugo,0,22
טור,impello,0,22
טור,iter,0,22
טור,mons,2,22
טור,iugum,0,22
טור,collis,0,22
טור,serum,0,22
טור,terminus,0,22
טור,ordo,11,22
טור,antes,0,22
טור,quadraginta,1,22
טור,quattuor,4,22
טור,altitudo,1,22
טור,arx,0,22
טחה,sagitto,0,1
טחרי,sessio,0,0
טחרים,sessio,0,7
טחרים,aureus,3,7
טחרים,aurum,0,7
טחרימ,sessio,0,0
טיט,lutum,8,9
טיט,argilla,0,9
טין,lutum,2,2
טין,argilla,0,2
טירה,mensor,0,6
טל,ros,24,27
טל,roscidus,0,27
טל,lanugino,0,27
טל,mallus,0,27
טלא,probata,0,6
טלא,protentus,0,6
טלה,agnos,0,2
טלה,agnus,2,2
טלה,agninus,0,2
טלוא,peralbus,0,0
טלוא,percandidus,0,0
טלי,agnos,0,0
טלי,agnus,0,0
טלי,agninus,0,0
טלל,tectum,0,1
טמא,immundus,82,202
טמא,obsoleto,0,202
טמאה,immunditia,14,31
טמאה,immundus,7,31
טמאו,obsoleto,0,0
טמן,pecunia,0,22
טמן,argenteus,0,22
טמן,nummus,0,22
טמן,argentum,3,22
טמן,celo,1,22
טמן,abscondo,14,22
טמן,occulo,0,22
טמן,operio,2,22
טמנו,celo,0,0
טמנו,abscondo,0,0
טמנו,occulo,0,0
טמנו,operio,0,0
טנא,panarium,0,4
טנא,cophinus,0,4
טעה,uago,0,1
טעם,gusto,4,40
טעם,sapor,2,40
טעמ,sententia,0,0
טעמ,iudicium,0,0
טעמ,consilium,0,0
טעמ,animus,0,0
טעמ,mens,0,0
טעמ,opinio,0,0
טעמ,existimo,0,0
טעמ,censeo,0,0
טעמ,sentio,0,0
טעמ,existimatio,0,0
טעמ,ratio,0,0
טעמ,decerno,0,0
טעמ,decretum,0,0
טעמ,iudico,0,0
טעמ,iudex,0,0
טעמ,reciperator,0,0
טעמ,statuo,0,0
טעמ,uultus,0,0
טעמ,facies,0,0
טעמ,os,0,0
טעמ,ora,0,0
טעמ,persona,0,0
טעמתי,gusto,0,0
טעמתי,sapor,0,0
טף,stercus,0,42
טף,probata,0,42
טף,filius,9,42
טף,puer,3,42
טף,iuuencus,0,42
טפ,stercus,0,0
טפ,filius,0,0
טפ,puer,0,0
טפ,iuuencus,0,0
טפ,natus,0,0
טפ,proles,0,0
טפ,liberi,0,0
טפ,meus,0,0
טפח,pollicaris,0,9
טפח,cubitus,1,9
טפח,cubitum,2,9
טפחה,pollicaris,0,1
טפר,ungula,0,0
טפרו,ungula,0,0
טרד,depello,0,2
טרדינ,uenatura,0,0
טרח,onus,0,3
טרח,onusto,0,3
טרח,grauido,0,3
טרח,belua,0,3
טרח,iumentum,0,3
טריפה,praeda,1,9
טריפה,colleuo,0,9
טריפה,deleuo,0,9
טריפה,mansuetarius,0,9
טרם,donec,1,43
טרם,usque,2,43
טרם,ante,3,43
טרמ,donec,0,0
טרמ,usque,0,0
טרמ,ante,0,0
טרף,rapio,1,32
טרף,corripio,0,32
טרף,uenatio,0,32
טרף,uenatus,0,32
טרף,leo,12,32
טרף,scymnus,0,32
טרפ,rapio,0,0
טרפ,corripio,0,0
טרפ,fio,0,0
טרפ,nascor,0,0
טרפ,orior,0,0
טרפ,gigno,0,0
טרפ,sum,0,0
טרפ,uenatio,0,0
טרפ,uenatus,0,0
טרפ,fera,0,0
טרפ,bestia,0,0
טרפ,belua,0,0
טרפ,ferus,0,0
טרפ,iumentum,0,0
טרפ,animal,0,0
טרפה,mansuetarius,0,0
יאב,longus,0,0
יאב,procerus,0,0
יאב,longitudo,0,0
יאב,longinquitas,0,0
יאב,diu,0,0
יאב,multus,0,0
יאב,magnus,0,0
יאב,procul,0,0
יאב,superus,0,0
יאב,absum,0,0
יאב,summus,0,0
יאב,grandis,0,0
יאב,tempus,0,0
יאב,tum,0,0
יאב,aetas,0,0
יאב,temporis,0,0
יאבדו,pereo,0,0
יאבדו,perdo,0,0
יאבדו,amitto,0,0
יאבדו,mors,0,0
יאבדו,deleo,0,0
יאבדו,intereo,0,0
יאבדו,ruina,0,0
יאבדו,disperdo,0,0
יאבדו,interfacio,0,0
יאבדו,morior,0,0
יאבדו,exitium,0,0
יאבדו,occido,0,0
יאהב,amo,0,0
יאהב,diligo,0,0
יאהב,amor,0,0
יאהב,contentus,0,0
יאור,flumen,0,0
יאור,fluuius,0,0
יאור,amnis,0,0
יאחז,teneo,0,0
יאחז,obtineo,0,0
יאחז,potior,0,0
יאחז,uictoria,0,0
יאחז,dominus,0,0
יאחז,erus,0,0
יאחז,uinco,0,0
יאחז,uictor,0,0
יאיר,illuceo,0,13
יאיר,illumino,1,13
יאכל,edo,0,0
יאכל,comedo,0,0
יאכל,uescor,0,0
יאכל,manduco,0,0
יאכל,deuoro,0,0
יאכל,esco,0,0
יאכלו,edo,0,0
יאכלו,comedo,0,0
יאכלו,uescor,0,0
יאכלו,manduco,0,0
יאכלונ,edo,0,0
יאכלונ,comedo,0,0
יאכלונ,uescor,0,0
יאכלונ,manduco,0,0
יאל,impero,0,24
יאל,rego,0,24
יאל,dominor,0,24
יאל,incipio,1,24
יאל,coepio,4,24
יאל,duco,0,24
יאל,magistratus,0,24
יאל,princeps,1,24
יאל,praecipio,0,24
יאל,imperium,0,24
יאל,occipio,0,24
יאל,iubeo,0,24
יאל,honor,0,24
יאל,praesum,0,24
יאל,guberno,0,24
יאל,ordior,0,24
יאמינו,spero,0,0
יאמינו,confido,0,0
יאמינו,existimo,0,0
יאמינו,fiducia,0,0
יאמינו,credo,0,0
יאמנ,spero,0,0
יאמנ,confido,0,0
יאמנ,existimo,0,0
יאמנ,fiducia,0,0
יאמנ,credo,0,0
יאמר,quaero,0,0
יאמר,peto,0,0
יאמר,interrogo,0,0
יאמר,postulo,0,0
יאמר,rogo,0,0
יאמר,appello,0,0
יאמר,nomino,0,0
יאמר,nomen,0,0
יאמר,inuito,0,0
יאמר,uoco,0,0
יאמר,dico,0,0
יאמר,loquor,0,0
יאמר,aio,0,0
יאמרו,quaero,0,0
יאמרו,peto,0,0
יאמרו,interrogo,0,0
יאמרו,postulo,0,0
יאמרו,rogo,0,0
יאמרו,dico,0,0
יאמרו,loquor,0,0
יאמרו,aio,0,0
יאמרו,uoco,0,0
יאמרו,appello,0,0
יאספ,accedo,0,0
יאספ,adicio,0,0
יאספ,adiungo,0,0
יאספ,addo,0,0
יאספ,congrego,0,0
יאספ,simul,0,0
יאספ,colligo,0,0
יאספו,congrego,0,0
יאספו,simul,0,0
יאספו,colligo,0,0
יאסר,coniugo,0,0
יאר,flumen,26,43
יאר,fluuius,14,43
יאר,amnis,2,43
יארי,flumen,0,0
יארי,fluuius,0,0
יארי,amnis,0,0
יארי,aqua,0,0
יארי,meio,0,0
יארי,aquae,0,0
יארי,unda,0,0
יארי,lympha,0,0
יאש,despero,3,6
יאש,repudiatio,0,6
יאשיהו,regno,5,46
יאשיהו,rex,29,46
יבא,duco,0,0
יבא,ago,0,0
יבא,affero,0,0
יבא,adduco,0,0
יבא,educo,0,0
יבא,fero,0,0
יבא,deduco,0,0
יבא,induco,0,0
יבא,defero,0,0
יבא,introduco,0,0
יבא,infero,0,0
יבא,offertor,0,0
יבא,plumbum,0,0
יבא,intro,0,0
יבא,introeo,0,0
יבא,ingredior,0,0
יבא,subeo,0,0
יבא,confero,0,0
יבא,uenio,0,0
יבא,eo,0,0
יבא,pergo,0,0
יבא,meo,0,0
יבא,redeo,0,0
יבא,reuorto,0,0
יבא,par,0,0
יבא,fortasse,0,0
יבא,aequo,0,0
יבא,fors,0,0
יבא,forsitan,0,0
יבא,aequus,0,0
יבא,aduenio,0,0
יבא,porto,0,0
יבא,gero,0,0
יבאו,intro,0,0
יבאו,introeo,0,0
יבאו,ingredior,0,0
יבאו,subeo,0,0
יבאו,uenio,0,0
יבאו,eo,0,0
יבאו,pergo,0,0
יבאו,meo,0,0
יבאו,redeo,0,0
יבאו,reuorto,0,0
יבאו,par,0,0
יבאו,fortasse,0,0
יבאו,aequo,0,0
יבאו,fors,0,0
יבאו,forsitan,0,0
יבאו,aequus,0,0
יבאו,aduenio,0,0
יבאו,fero,0,0
יבאו,porto,0,0
יבאו,gero,0,0
יבאו,affero,0,0
יבאו,adduco,0,0
יבאו,educo,0,0
יבאו,duco,0,0
יבאו,induco,0,0
יבאו,defero,0,0
יבאו,introduco,0,0
יבאו,infero,0,0
יבאו,offertor,0,0
יבב,gemitus,0,1
יבב,planctus,0,1
יבב,luctus,0,1
יבב,fletus,0,1
יבדל,discludo,0,0
יבדל,dispesco,0,0
יבוא,intro,0,0
יבוא,introeo,0,0
יבוא,ingredior,0,0
יבוא,subeo,0,0
יבוא,uenio,0,0
יבוא,eo,0,0
יבוא,pergo,0,0
יבוא,meo,0,0
יבוא,redeo,0,0
יבוא,reuorto,0,0
יבוא,aduenio,0,0
יבוא,praesens,0,0
יבוא,munus,0,0
יבוא,dono,0,0
יבוא,donum,0,0
יבוא,adsum,0,0
יבול,fructus,2,8
יבול,pomum,2,8
יבול,messis,0,8
יבול,profero,1,8
יבול,gigno,1,8
יבול,produco,0,8
יבול,copia,0,8
יבול,commeatus,0,8
יבול,praebeo,1,8
יבול,prosero,0,8
יבול,silua,0,8
יבול,tignum,0,8
יבול,materia,0,8
יבול,lignum,1,8
יבז,indignus,0,0
יבזו,praeda,0,0
יבזו,diripio,0,0
יבחר,excerpo,0,0
יבט,perspecto,0,0
יבט,introspicio,0,0
יביא,affero,0,0
יביא,adduco,0,0
יביא,induco,0,0
יביא,attulo,0,0
יביא,fero,0,0
יביא,porto,0,0
יביא,gero,0,0
יביא,educo,0,0
יביא,duco,0,0
יביא,defero,0,0
יביא,introduco,0,0
יביא,infero,0,0
יביא,offertor,0,0
יביאו,duco,0,0
יביאו,ago,0,0
יביאו,affero,0,0
יביאו,adduco,0,0
יביאו,educo,0,0
יביאו,fero,0,0
יביאו,deduco,0,0
יביאו,induco,0,0
יביאו,defero,0,0
יביאו,introduco,0,0
יביאו,infero,0,0
יביאו,offertor,0,0
יביאו,plumbum,0,0
יביאו,confero,0,0
יביאו,porto,0,0
יביאו,gero,0,0
יבינו,intellego,0,0
יבכ,fleo,0,0
יבכ,lacrimo,0,0
יבכ,ploro,0,0
יבכ,fleui,0,0
יבכו,fleo,0,0
יבכו,lacrimo,0,0
יבכו,ploro,0,0
יבכו,fleui,0,0
יבל,duco,4,21
יבל,abduco,0,21
יבל,ager,0,21
יבל,fundus,0,21
יבל,campus,0,21
יבל,praedium,0,21
יבל,uilla,0,21
יבל,uendo,0,21
יבל,restituo,0,21
יבל,soluo,0,21
יבל,trado,0,21
יבל,redeo,0,21
יבל,reuorto,0,21
יבל,stipendium,0,21
יבל,libero,0,21
יבל,reddo,2,21
יבל,annus,0,21
יבל,anni,0,21
יבם,nubo,1,3
יבם,marito,0,3
יבם,nuptiae,0,3
יבם,matrimonium,0,3
יבם,nuptus,0,3
יבמ,frater,0,0
יבמ,germanus,0,0
יבמ,heros,0,0
יבמ,qui,0,0
יבמ,iste,0,0
יבמ,maritus,0,0
יבמ,uir,0,0
יבמ,homo,0,0
יבמ,uiri,0,0
יבמ,uirum,0,0
יבמ,uiro,0,0
יבמת,frater,2,3
יבמת,germanus,0,3
יבמת,coniunx,0,3
יבמת,muliebris,0,3
יבמת,uira,0,3
יבמת,femina,0,3
יבמת,uxor,1,3
יבמת,mulier,2,3
יבנ,materio,0,0
יבנ,aedifico,0,0
יבנה,materio,0,1
יבנה,aedifico,1,1
יבנו,materio,0,0
יבנו,aedifico,0,0
יבעה,quaero,0,0
יבעה,rogo,0,0
יבעה,postulo,0,0
יבעה,peto,0,0
יבעה,interrogo,0,0
יבעה,posco,0,0
יבעה,uolo,0,0
יבעה,exspecto,0,0
יבעה,cupiditas,0,0
יבעה,cupio,0,0
יבקעו,perfringo,0,0
יבקש,postulo,0,0
יבקש,uolo,0,0
יבקש,exspecto,0,0
יבקש,quaero,0,0
יבקש,rogo,0,0
יבקש,posco,0,0
יבקש,cupiditas,0,0
יבקש,peto,0,0
יבקש,cupio,0,0
יבקש,interrogo,0,0
יבקשו,peto,0,0
יבקשו,quaero,0,0
יברח,profugio,0,0
יברח,effugio,0,0
יברח,fugio,0,0
יברח,fuga,0,0
יברח,exsilium,0,0
יברח,uito,0,0
יברח,exsul,0,0
יברחו,fugio,0,0
יברחו,effugio,0,0
יברחו,fuga,0,0
יברחו,exsilium,0,0
יברחו,profugio,0,0
יברחו,uito,0,0
יברחו,exsul,0,0
יברכ,benedico,0,0
יברכ,uerutum,0,0
יברכו,benedico,0,0
יבש,inaresco,0,75
יבש,exsicco,8,75
יבש,flumen,4,75
יבש,fluuius,2,75
יבש,amnis,0,75
יבשה,siccus,5,14
יבשה,aridus,7,14
יבשת,siccus,0,1
יבשת,aridus,1,1
יגאל,enubo,0,4
יגב,labor,0,3
יגב,ango,0,3
יגב,aerumna,0,3
יגב,dolor,0,3
יגב,laboro,0,3
יגב,opera,0,3
יגב,laboris,0,3
יגבה,sublimo,0,0
יגד,reporto,0,0
יגד,fama,0,0
יגד,rumor,0,0
יגד,defero,0,0
יגד,nuntio,0,0
יגדו,reporto,0,0
יגדו,fama,0,0
יגדו,rumor,0,0
יגדו,defero,0,0
יגדו,nuntio,0,0
יגדל,augeo,0,0
יגדל,cresco,0,0
יגדל,fio,0,0
יגדל,nascor,0,0
יגדל,orior,0,0
יגדל,gigno,0,0
יגדל,sum,0,0
יגדל,mirifico,0,0
יגדל,magnus,0,0
יגדל,ingens,0,0
יגדל,immanis,0,0
יגדל,uastus,0,0
יגדל,grandis,0,0
יגדל,multus,0,0
יגדל,superus,0,0
יגדל,summus,0,0
יגדל,alo,0,0
יגדל,sublimo,0,0
יגון,dolor,9,10
יגון,aerumna,0,10
יגון,uae,1,10
יגון,dolentia,0,10
יגון,doloris,0,10
יגון,luctus,2,10
יגון,maeror,1,10
יגון,tristitia,2,10
יגון,opera,0,10
יגון,doleo,0,10
יגונ,dolor,0,0
יגונ,tristitia,0,0
יגונ,maeror,0,0
יגונ,opera,0,0
יגונ,doleo,0,0
יגונ,dolentia,0,0
יגוע,linquo,0,0
יגור,reporto,0,2
יגיד,reporto,0,0
יגיד,fama,0,0
יגיד,rumor,0,0
יגיד,defero,0,0
יגיד,nuntio,0,0
יגידו,reporto,0,0
יגידו,fama,0,0
יגידו,rumor,0,0
יגידו,defero,0,0
יגידו,nuntio,0,0
יגיע,labor,9,13
יגיע,aerumna,0,13
יגיע,ango,0,13
יגיע,dolor,0,13
יגיע,laboro,1,13
יגיע,opera,0,13
יגיע,laboris,0,13
יגלה,apocalypsis,0,0
יגע,accendo,0,25
יגע,tango,0,25
יגע,attingo,0,25
יגע,incendo,0,25
יגע,uis,0,25
יגע,robur,0,25
יגע,fortitudo,3,25
יגע,potentia,0,25
יגעתי,lassesco,0,0
יגפ,pulto,0,0
יגר,cohabito,0,5
יגרש,eicio,0,0
יגרש,expello,0,0
יגרש,eiecto,0,0
יגש,attulo,0,0
יגש,induco,0,0
יגשו,attulo,0,0
יד,lacertus,0,1335
יד,ipse,71,1335
יד,sui,44,1335
יד,opus,69,1335
יד,facinus,0,1335
יד,res,8,1335
יד,negotium,1,1335
יד,opero,1,1335
יד,habeo,71,1335
יד,teneo,29,1335
יד,possideo,13,1335
יד,locus,42,1335
יד,regio,9,1335
יד,ager,22,1335
יד,manus,1077,1335
יד,arma,5,1335
יד,bracchium,14,1335
ידבר,loquor,0,0
ידבר,fabulor,0,0
ידברו,loquor,0,0
ידברו,fabulor,0,0
ידי,habeo,0,0
ידי,teneo,0,0
ידי,possideo,0,0
ידיד,amo,0,3
ידיד,diligo,1,3
ידיד,amor,0,3
ידיד,contentus,0,3
ידיד,carissimus,0,3
ידיד,carus,0,3
ידימ,manus,0,0
ידימ,arma,0,0
ידימ,bracchium,0,0
ידינ,iudico,0,0
ידינ,decerno,0,0
ידינ,iudex,0,0
ידינ,iudicium,0,0
ידינ,reciperator,0,0
ידינ,statuo,0,0
ידע,nosco,74,762
ידע,cognosco,80,762
ידע,scio,263,762
ידע,intellego,43,762
ידע,scientia,11,762
ידע,statuo,0,762
ידע,noui,0,762
ידעו,nosco,0,0
ידעו,cognosco,0,0
ידעו,scio,0,0
ידעו,intellego,0,0
ידעו,scientia,0,0
ידעו,statuo,0,0
ידעו,noui,0,0
ידעונ,nosco,0,0
ידעונ,cognosco,0,0
ידעונ,scio,0,0
ידעונ,intellego,0,0
ידעונ,scientia,0,0
ידעונ,statuo,0,0
ידעי,nosco,0,0
ידעי,cognosco,0,0
ידעי,scio,0,0
ידעי,intellego,0,0
ידעי,scientia,0,0
ידעי,statuo,0,0
ידעי,noui,0,0
ידענו,scio,0,0
ידענו,noui,0,0
ידענו,nosco,0,0
ידענו,scientia,0,0
ידעני,uates,0,11
ידעני,haruspex,1,11
ידעני,augur,0,11
ידעני,propheta,0,11
ידעני,hariolus,1,11
ידעני,uidens,0,11
ידעת,nosco,0,0
ידעת,cognosco,0,0
ידעת,scio,0,0
ידעת,intellego,0,0
ידעת,scientia,0,0
ידעת,statuo,0,0
ידעת,nescio,0,0
ידעת,sto,0,0
ידעת,noui,0,0
ידעתי,nosco,0,0
ידעתי,cognosco,0,0
ידעתי,scio,0,0
ידעתי,intellego,0,0
ידעתי,scientia,0,0
ידעתי,statuo,0,0
ידעתי,nescio,0,0
ידעתי,noui,0,0
ידעתמ,nosco,0,0
ידעתמ,cognosco,0,0
ידעתמ,scio,0,0
ידעתמ,intellego,0,0
ידעתמ,scientia,0,0
ידעתמ,statuo,0,0
ידעתמ,noui,0,0
ידת,equidem,0,0
ידת,conuerto,0,0
ידת,uerto,0,0
ידת,dos,0,0
ידת,pars,0,0
יה,ancillatus,0,7
יה,praetor,0,7
יה,rex,0,7
יה,tyrannus,0,7
יה,dominus,5,7
יה,princeps,0,7
יה,regis,0,7
יה,regem,0,7
יה,regi,0,7
יה,ipse,0,7
יה,sui,0,7
יה,negotiator,0,7
יה,mercator,0,7
יה,frons,0,7
יה,praeduco,0,7
יה,solitudo,0,7
יה,desero,0,7
יה,dea,0,7
יה,caelum,0,7
יה,caelus,0,7
יה,hercules,0,7
יה,deus,4,7
יה,deum,0,7
יה,dei,0,7
יה,deo,0,7
יה,numen,0,7
יה,diuus,0,7
יה,porta,0,7
יה,ianua,0,7
יה,fores,0,7
יה,foras,0,7
יה,ostium,0,7
יה,foris,0,7
יה,limen,0,7
יה,uis,0,7
יה,robur,0,7
יה,fortitudo,2,7
יה,potentia,0,7
יה,ornamentum,0,7
יה,orbis,0,7
יה,mundum,0,7
יה,ordo,0,7
יה,lilium,0,7
יה,nymphaea,0,7
יה,auctoritas,0,7
יה,erus,0,7
יה,potestas,0,7
יה,castellum,0,7
יה,uilla,0,7
יה,uicus,0,7
יה,populus,0,7
יה,plebs,0,7
יה,uulgus,0,7
יה,turba,0,7
יה,exercitus,0,7
יה,militia,0,7
יה,hospes,0,7
יה,tecolithos,0,7
יה,petrinus,0,7
יה,popularis,0,7
יה,lapis,0,7
יה,saxum,0,7
יה,marmor,0,7
יה,marmoreus,0,7
יה,gemma,0,7
יה,nympha,0,7
יה,sponsa,0,7
יה,noua nupta,0,7
יה,nymphe,0,7
יה,puella,0,7
יה,dens,0,7
יה,tergum,0,7
יה,rursus,0,7
יה,oculus,0,7
יה,oculi,0,7
יה,lumen,0,7
יה,filius,0,7
יה,puer,0,7
יה,iuuencus,0,7
יה,pedum,0,7
יה,pedes,0,7
יה,pes,0,7
יה,uultus,0,7
יה,facies,0,7
יה,os,0,7
יה,ora,0,7
יה,persona,0,7
יה,radix,0,7
יה,radico,0,7
יה,uasum,0,7
יה,nauis,0,7
יה,impedimentum,0,7
יה,uas,0,7
יה,ager,0,7
יה,iter,0,7
יה,seruio,0,7
יה,martius,0,7
יה,expeditio,0,7
יה,agmen,0,7
יה,classis,0,7
יה,natus,0,7
יה,proles,0,7
יה,liberi,0,7
יה,meus,3,7
יה,pono,0,7
יה,loco,0,7
יה,statuo,0,7
יה,colloco,0,7
יה,locus,0,7
יה,gnatus,0,7
יה,progenies,0,7
יה,nascor,0,7
יה,filium,0,7
יה,filii,0,7
יה,filio,0,7
יה,subiecto,0,7
יה,artificiosus,0,7
יהב,do,16,37
יהב,trado,2,37
יהב,dono,1,37
יהב,tribuo,0,37
יהב,concedo,0,37
יהב,soluo,0,37
יהב,reddo,0,37
יהב,stipendium,0,37
יהב,fero,1,37
יהב,porto,1,37
יהב,gero,0,37
יהב,affero,5,37
יהב,adduco,1,37
יהב,educo,0,37
יהב,duco,0,37
יהב,induco,0,37
יהב,defero,0,37
יהב,introduco,0,37
יהב,infero,0,37
יהב,offertor,0,37
יהבו,libero,0,0
יהבו,deditio,0,0
יהבו,eruo,0,0
יהבו,eripio,0,0
יהבו,trado,0,0
יהבת,do,0,0
יהבת,trado,0,0
יהבת,dono,0,0
יהבת,tribuo,0,0
יהבת,concedo,0,0
יהבת,soluo,0,0
יהבת,reddo,0,0
יהבת,stipendium,0,0
יהגו,studium,0,0
יהגו,declamo,0,0
יהואחז,regno,5,19
יהואחז,rex,15,19
יהואחז,clango,0,19
יהואש,regno,3,16
יהואש,rex,10,16
יהואש,clango,0,16
יהודה,heros,0,728
יהודה,qui,263,728
יהודה,iste,41,728
יהודה,maritus,0,728
יהודה,uir,65,728
יהודה,homo,12,728
יהודה,uiri,0,728
יהודה,uirum,0,728
יהודה,uiro,0,728
יהוה,dominus,4760,5047
יהוה,erus,0,5047
יהוה,erilis,0,5047
יהוה,magister,7,5047
יהוה,dea,0,5047
יהוה,caelum,103,5047
יהוה,caelus,0,5047
יהוה,hercules,0,5047
יהוה,deus,1320,5047
יהוה,deum,0,5047
יהוה,dei,0,5047
יהוה,deo,0,5047
יהוה,numen,0,5047
יהוה,diuus,0,5047
יהוה,auctoritas,0,5047
יהוה,potestas,2,5047
יהוידע,ferrugineus,0,48
יהויכין,mater,3,8
יהויכין,genetrix,0,8
יהויכין,parens,0,8
יהויכין,matrem,0,8
יהויכין,matri,0,8
יהויכין,matris,0,8
יהושיע,seruo,0,0
יהושיע,conseruo,0,0
יהושיע,tueor,0,0
יהושיע,saluus,0,0
יהושיע,salus,0,0
יהושיע,libero,0,0
יהושיע,retineo,0,0
יהושיע,saluo,0,0
יהי,audio,0,0
יהי,exaudio,0,0
יהי,ausculto,0,0
יהי,fio,0,0
יהי,nascor,0,0
יהי,orior,0,0
יהי,gigno,0,0
יהי,sum,0,0
יהי,quando,0,0
יהיב,do,0,0
יהיב,trado,0,0
יהיב,dono,0,0
יהיב,tribuo,0,0
יהיב,concedo,0,0
יהיב,soluo,0,0
יהיב,reddo,0,0
יהיב,stipendium,0,0
יהיבת,do,0,0
יהיבת,trado,0,0
יהיבת,dono,0,0
יהיבת,tribuo,0,0
יהיבת,concedo,0,0
יהיבת,soluo,0,0
יהיבת,reddo,0,0
יהיבת,stipendium,0,0
יהיה,fio,0,0
יהיה,nascor,0,0
יהיה,orior,0,0
יהיה,gigno,0,0
יהיה,sum,0,0
יהיה,dominus,0,0
יהיה,auctoritas,0,0
יהיה,erus,0,0
יהיה,potestas,0,0
יהיו,fio,0,0
יהיו,nascor,0,0
יהיו,orior,0,0
יהיו,gigno,0,0
יהיו,sum,0,0
יהיר,arrogo,1,1
יהלמ,chrysopteros,0,0
יהלמ,boria,0,0
יהנ,dea,0,0
יהנ,caelum,0,0
יהנ,caelus,0,0
יהנ,hercules,0,0
יהנ,deus,0,0
יהנ,deum,0,0
יהנ,dei,0,0
יהנ,deo,0,0
יהנ,numen,0,0
יהנ,diuus,0,0
יהנ,tergum,0,0
יהנ,rursus,0,0
יהנ,natus,0,0
יהנ,proles,0,0
יהנ,filius,0,0
יהנ,liberi,0,0
יהנ,puer,0,0
יהנ,meus,0,0
יהרג,mors,0,0
יהרג,interfacio,0,0
יהרג,occaedes,0,0
יהרג,percutio,0,0
יהרג,occido,0,0
יהרג,neco,0,0
יהרגו,mors,0,0
יהרגו,interfacio,0,0
יהרגו,occaedes,0,0
יהרגו,percutio,0,0
יהרגו,occido,0,0
יהרגו,neco,0,0
יהשפל,humilio,0,0
יואח,scriba,4,10
יואח,amanuensis,0,10
יואח,dispensator,0,10
יואש,clango,0,41
יובילו,fero,0,0
יובילו,porto,0,0
יובילו,gero,0,0
יובילו,affero,0,0
יובילו,adduco,0,0
יובילו,educo,0,0
יובילו,duco,0,0
יובילו,induco,0,0
יובילו,defero,0,0
יובילו,introduco,0,0
יובילו,infero,0,0
יובילו,offertor,0,0
יובל,postis,0,25
יובל,annus,13,25
יובל,anni,0,25
יודע,nosco,0,0
יודע,cognosco,0,0
יודע,scio,0,0
יודע,intellego,0,0
יודע,scientia,0,0
יודע,statuo,0,0
יודעי,nosco,0,0
יודעי,cognosco,0,0
יודעי,scio,0,0
יודעי,intellego,0,0
יודעי,scientia,0,0
יודעי,statuo,0,0
יוכח,arguo,0,0
יוכח,coarguo,0,0
יוכח,pudor,0,0
יוכיח,arguo,0,0
יוכיח,coarguo,0,0
יוכיח,pudor,0,0
יוכל,possum,0,0
יוכל,ualeo,0,0
יוכל,potestas,0,0
יוכל,uis,0,0
יוכל,uirtus,0,0
יוכל,imperium,0,0
יוכל,queo,0,0
יוכלו,possum,0,0
יוכלו,ualeo,0,0
יוכלו,potestas,0,0
יוכלו,uis,0,0
יוכלו,uirtus,0,0
יוכלו,imperium,0,0
יוכלו,queo,0,0
יוכלונ,possum,0,0
יוכלונ,ualeo,0,0
יוכלונ,potestas,0,0
יוכלונ,uis,0,0
יוכלונ,uirtus,0,0
יוכלונ,imperium,0,0
יוכלונ,queo,0,0
יולד,genero,0,0
יולד,fio,0,0
יולד,nascor,0,0
יולד,orior,0,0
יולד,gigno,0,0
יולד,sum,0,0
יולד,pario,0,0
יולד,fero,0,0
יולדה,gigno,0,0
יולדה,pario,0,0
יולדה,fero,0,0
יולדה,genero,0,0
יולדו,fio,0,0
יולדו,nascor,0,0
יולדו,orior,0,0
יולדו,gigno,0,0
יולדו,sum,0,0
יולדו,pario,0,0
יולדו,fero,0,0
יולדו,genero,0,0
יום,hodie,167,1771
יום,postridie,0,1771
יום,itis,0,1771
יום,diei,0,1771
יום,lux,12,1771
יום,dies,1348,1771
יומ,septimus,0,0
יומ,uicesimus,0,0
יומ,dies,0,0
יומ,hodie,0,0
יומ,itis,0,0
יומ,diei,0,0
יומ,lux,0,0
יומ,populus,0,0
יומ,plebs,0,0
יומ,uulgus,0,0
יומ,turba,0,0
יומ,exercitus,0,0
יומ,militia,0,0
יומ,hospes,0,0
יומ,tecolithos,0,0
יומ,petrinus,0,0
יומ,popularis,0,0
יומי,dies,0,0
יומי,hodie,0,0
יומי,itis,0,0
יומי,diei,0,0
יומי,lux,0,0
יומי,tempus,0,0
יומי,tum,0,0
יומי,longus,0,0
יומי,diu,0,0
יומי,aetas,0,0
יומי,temporis,0,0
יומימ,duo,0,0
יומימ,uter,0,0
יומימ,bini,0,0
יומם,nubes,9,39
יומם,nimbus,0,39
יומם,nebula,0,39
יומם,nubis,0,39
יומם,nubila,0,39
יומם,nox,28,39
יומם,noctis,0,39
יומם,noctem,0,39
יומם,nocturnus,0,39
יוממ,dies,0,0
יוממ,hodie,0,0
יוממ,itis,0,0
יוממ,diei,0,0
יוממ,lux,0,0
יומת,morior,0,0
יומת,finis,0,0
יומת,mors,0,0
יומת,extremus,0,0
יומת,pereo,0,0
יומת,ultimo,0,0
יון,graecia,4,8
יונה,columba,28,50
יונה,columbus,0,50
יונה,turtur,10,50
יונימ,columba,0,0
יונימ,columbus,0,0
יונקת,sagitto,0,5
יונתן,syron,0,35
יונתנ,hodie,0,0
יונתנ,itis,0,0
יוסיפ,accedo,0,0
יוסיפ,adicio,0,0
יוסיפ,adiungo,0,0
יוסיפ,addo,0,0
יוסיפו,accedo,0,0
יוסיפו,adicio,0,0
יוסיפו,adiungo,0,0
יוסיפו,addo,0,0
יוספ,accedo,0,0
יוספ,adicio,0,0
יוספ,adiungo,0,0
יוספ,addo,0,0
יוספ,manus,0,0
יוספ,arma,0,0
יוספ,bracchium,0,0
יוספו,accedo,0,0
יוספו,adicio,0,0
יוספו,adiungo,0,0
יוספו,addo,0,0
יועילו,auxilium,0,0
יועילו,seruio,0,0
יועצ,consilium,0,0
יועצ,consulo,0,0
יועצ,iudico,0,0
יועצ,concilium,0,0
יועצ,insidiae,0,0
יועצ,consilior,0,0
יוצא,effero,0,0
יוצא,deduco,0,0
יוציא,deduco,0,0
יוציאו,deduco,0,0
יוצר,figulus,8,19
יוצר,figularis,0,19
יורדי,descendo,0,0
יורדי,deicio,0,0
יורש,possideo,0,0
יורש,heredito,0,0
יושב,sedeo,0,0
יושב,habito,0,0
יושב,solido,0,0
יושב,domus,0,0
יושב,aedes,0,0
יושב,tecta,0,0
יושב,familia,0,0
יושב,templum,0,0
יושב,apud,0,0
יושב,cognatio,0,0
יושב,tectum,0,0
יושב,gener,0,0
יושב,sedes,0,0
יושב,praedium,0,0
יושב,domum,0,0
יושב,domo,0,0
יושיע,seruo,0,0
יושיע,conseruo,0,0
יושיע,tueor,0,0
יושיע,saluus,0,0
יושיע,salus,0,0
יושיע,libero,0,0
יושיע,retineo,0,0
יושיע,saluo,0,0
יושע,traho,0,0
יושע,seruo,0,0
יושע,conseruo,0,0
יושע,tueor,0,0
יושע,saluus,0,0
יושע,salus,0,0
יושע,libero,0,0
יושע,retineo,0,0
יושע,saluo,0,0
יזב,saluus,0,2
יזב,seruo,0,2
יזב,sospito,0,2
יזב,conseruo,0,2
יזב,tueor,0,2
יזב,salus,0,2
יזב,libero,1,2
יזב,retineo,0,2
יזב,saluo,0,2
יזב,salutaris,0,2
יזב,saluator,0,2
יזבח,immolo,0,0
יזבח,macto,0,0
יזבח,sacrifico,0,0
יזבח,sacrificium,0,0
יזבח,uictima,0,0
יזבח,uictimo,0,0
יזבחו,immolo,0,0
יזבחו,macto,0,0
יזבחו,sacrifico,0,0
יזבחו,sacrificium,0,0
יזבחו,uictima,0,0
יזבחו,uictimo,0,0
יזכר,moneo,0,0
יזכר,memoro,0,0
יזכר,memini,0,0
יזכר,recordor,0,0
יזכר,memor,0,0
יזכר,memoria,0,0
יזכר,mentio,0,0
יזכר,commemoro,0,0
יזכר,reuoco,0,0
יזנו,prostibula,0,0
יזנו,sphinthria,0,0
יזע,sudor,1,1
יזע,sudo,0,1
יזע,insudo,0,1
יזעק,clamo,0,0
יזעק,uociferor,0,0
יזעק,exclamo,0,0
יזעק,clamor,0,0
יזרח,exsurgo,0,0
יזרח,assurgo,0,0
יזרע,sero,0,0
יזרע,semino,0,0
יזרע,cohors,0,0
יזרעאלי,duo,3,13
יזרעאלי,uterque,0,13
יחבק,comprehendo,0,0
יחבש,uehes,0,0
יחד,statim,0,34
יחד,continuus,0,34
יחד,simul,13,34
יחד,solus,1,34
יחד,unus,1,34
יחד,modo,0,34
יחדו,frequens,0,83
יחדו,simul,52,83
יחדו,semel,0,83
יחדו,statim,0,83
יחדו,continuus,0,83
יחדו,congrego,5,83
יחדו,colligo,0,83
יחדו,itidem,0,83
יחזק,teneo,0,0
יחזק,obtineo,0,0
יחזק,potior,0,0
יחזק,uictoria,0,0
יחזק,dominus,0,0
יחזק,erus,0,0
יחזק,uinco,0,0
יחזק,uictor,0,0
יחזק,conduro,0,0
יחזק,induro,0,0
יחזקו,teneo,0,0
יחזקו,obtineo,0,0
יחזקו,potior,0,0
יחזקו,uictoria,0,0
יחזקו,dominus,0,0
יחזקו,erus,0,0
יחזקו,uinco,0,0
יחזקו,uictor,0,0
יחט,fodio,0,1
יחט,perfosso,0,1
יחטא,desidero,0,0
יחטא,erro,0,0
יחטא,culpa,0,0
יחטא,desum,0,0
יחי,peto,0,0
יחי,quaero,0,0
יחידת,unigena,0,0
יחל,exspecto,5,22
יחל,manto,0,22
יחל,ligo,0,22
יחל,uincio,0,22
יחל,necto,0,22
יחל,opus,0,22
יחל,uolo,0,22
יחל,postulo,0,22
יחל,rogo,0,22
יחל,peto,0,22
יחל,oro,0,22
יחל,necesse,0,22
יחל,quaero,0,22
יחל,quaeso,0,22
יחל,necessarius,0,22
יחל,interrogo,0,22
יחל,obsecro,0,22
יחל,desidero,0,22
יחל,spes,0,22
יחל,spero,2,22
יחל,exspectatio,1,22
יחל,maneo,0,22
יחל,persisto,0,22
יחל,moror,0,22
יחל,sto,1,22
יחל,reliquus,0,22
יחל,remaneo,0,22
יחל,resto,0,22
יחל,opperior,0,22
יחלמ,somnio,0,0
יחלמ,insomnium,0,0
יחלפ,muto,0,0
יחלפ,uario,0,0
יחלפ,permuto,0,0
יחלפונ,muto,0,0
יחלפונ,uario,0,0
יחלפונ,permuto,0,0
יחלצ,traho,0,0
יחלצונ,traho,0,0
יחם,ouis,3,4
יחם,pecus,0,4
יחם,grex,1,4
יחם,pecuarius,0,4
יחמור,auis,0,2
יחמור,uolucris,0,2
יחמור,ales,0,2
יחמור,uolatilis,0,2
יחמל,parco,0,0
יחמל,imperco,0,0
יחנ,misericordia,0,0
יחנ,misero,0,0
יחנ,misereor,0,0
יחנ,misereo,0,0
יחנ,uerutum,0,0
יחנ,inserto,0,0
יחף,nudus,4,5
יחפצ,uolo,0,0
יחפצ,cupio,0,0
יחפצ,opto,0,0
יחפצ,utinam,0,0
יחפצ,uoluntas,0,0
יחפצ,placeo,0,0
יחפצ,quasi,0,0
יחפצ,sicut,0,0
יחפצ,cupiditas,0,0
יחפצ,similis,0,0
יחפצ,eligo,0,0
יחפצ,deligo,0,0
יחפצ,lubet,0,0
יחפצ,obsecro,0,0
יחפר,fodio,0,0
יחפר,perfosso,0,0
יחפרו,fodio,0,0
יחפרו,perfosso,0,0
יחפש,inquiro,0,0
יחפש,scrutor,0,0
יחר,obirascor,0,0
יחר,irascor,0,0
יחר,furor,0,0
יחר,periratus,0,0
יחרד,excido,0,0
יחרדו,excido,0,0
יחרפ,exprobo,0,0
יחרפ,obicio,0,0
יחרפ,opprobrium,0,0
יחרפ,obiectatio,0,0
יחרפ,exprobro,0,0
יחש,syllabus,0,20
יחש,inuado,0,20
יחשב,numero,0,0
יט,declino,0,0
יט,porrigo,0,0
יט,figo,0,0
יטבתה,abito,0,3
יטע,arbusto,0,0
ייטב,placeo,0,0
יין,uinum,108,124
יין,bacchus,0,124
יין,uini,0,124
יין,bibo,39,124
יין,poto,1,124
יין,potus,2,124
יינ,uinum,0,0
יינ,bacchus,0,0
יינ,uini,0,0
ייקצ,excito,0,0
ייקצ,suscito,0,0
יירא,timeo,0,0
יירא,timor,0,0
יירא,uereor,0,0
יירא,metuo,0,0
יירא,metus,0,0
ייראו,timeo,0,0
ייראו,timor,0,0
ייראו,uereor,0,0
ייראו,metuo,0,0
ייראו,metus,0,0
יירש,possideo,0,0
יירש,heredito,0,0
יירשו,possideo,0,0
יירשו,heredito,0,0
יישנ,soporus,0,0
יכבד,sententia,0,0
יכבד,glorifico,0,0
יכבד,opinor,0,0
יכה,pulto,0,0
יכו,discido,0,0
יכו,caesa,0,0
יכו,pulto,0,0
יכוננ,praeparo,0,0
יכח,arguo,23,47
יכח,coarguo,0,47
יכח,pudor,0,47
יכח,iudico,6,47
יכח,decerno,0,47
יכח,iudex,0,47
יכח,iudicium,3,47
יכח,reciperator,0,47
יכח,statuo,0,47
יכחשו,fallo,0,0
יכחשו,mentior,0,0
יכחשו,mendacium,0,0
יכחשו,iaceo,0,0
יכחשו,dormio,0,0
יכינו,praeparo,0,0
יכיר,noscito,0,0
יכל,possum,128,174
יכל,ualeo,10,174
יכל,potestas,0,174
יכל,uis,1,174
יכל,uirtus,1,174
יכל,imperium,1,174
יכל,queo,3,174
יכל,potens,0,174
יכל,fortis,8,174
יכל,supprimo,0,174
יכל,conficio,0,174
יכלה,possum,0,0
יכלה,ualeo,0,0
יכלה,potestas,0,0
יכלה,uis,0,0
יכלה,uirtus,0,0
יכלה,imperium,0,0
יכלה,queo,0,0
יכלו,possum,0,0
יכלו,ualeo,0,0
יכלו,potestas,0,0
יכלו,uis,0,0
יכלו,uirtus,0,0
יכלו,imperium,0,0
יכלו,queo,0,0
יכלכל,penuarius,0,0
יכלת,possum,0,0
יכלת,ualeo,0,0
יכלת,potestas,0,0
יכלת,uis,0,0
יכלת,uirtus,0,0
יכלת,imperium,0,0
יכלת,queo,0,0
יכלתי,possum,0,0
יכלתי,ualeo,0,0
יכלתי,potestas,0,0
יכלתי,uis,0,0
יכלתי,uirtus,0,0
יכלתי,imperium,0,0
יכלתי,queo,0,0
יכנ,praeparo,0,0
יכנעו,humilio,0,0
יכס,tego,0,0
יכס,uelo,0,0
יכס,operio,0,0
יכסו,tegumentum,0,0
יכסו,tego,0,0
יכסו,uelo,0,0
יכסו,operio,0,0
יכר,noscito,0,0
יכרת,dispono,0,0
יכרת,peccatus,0,0
יכרת,interneco,0,0
יכרתו,dispono,0,0
יכתב,littera,0,0
יכתב,censeo,0,0
יכתב,scribo,0,0
ילבש,induo,0,0
ילבש,inito,0,0
ילבש,inicio,0,0
ילד,attollo,0,447
ילד,tollo,4,447
ילד,fero,6,447
ילד,sustineo,0,447
ילד,genero,13,447
ילד,fio,2,447
ילד,nascor,58,447
ילד,orior,1,447
ילד,gigno,155,447
ילד,sum,215,447
ילד,puellus,0,447
ילד,puerulus,0,447
ילד,filius,174,447
ילד,puer,36,447
ילד,iuuencus,0,447
ילד,natus,2,447
ילד,proles,0,447
ילד,liberi,9,447
ילד,meus,40,447
ילד,pario,107,447
ילד,porto,1,447
ילד,gero,1,447
ילד,affero,0,447
ילד,adduco,1,447
ילד,educo,0,447
ילד,duco,3,447
ילד,induco,0,447
ילד,defero,1,447
ילד,introduco,1,447
ילד,infero,0,447
ילד,offertor,1,447
ילדה,genero,0,2
ילדה,mulier,0,2
ילדה,filia,0,2
ילדה,uirgo,0,2
ילדה,nata,0,2
ילדה,puella,2,2
ילדה,uirgineus,0,2
ילדה,uirginis,0,2
ילדה,gigno,0,2
ילדה,pario,0,2
ילדה,fero,0,2
ילדו,fio,0,0
ילדו,nascor,0,0
ילדו,orior,0,0
ילדו,gigno,0,0
ילדו,sum,0,0
ילדו,pario,0,0
ילדו,fero,0,0
ילדו,genero,0,0
ילדי,natus,0,0
ילדי,proles,0,0
ילדי,filius,0,0
ילדי,liberi,0,0
ילדי,puer,0,0
ילדי,meus,0,0
ילדימ,masculus,0,0
ילדימ,masculinus,0,0
ילדימ,mas,0,0
ילדימ,adulescens,0,0
ילדימ,iuuenis,0,0
ילדימ,adulescentulus,0,0
ילדימ,peradulescentulus,0,0
ילדימ,puellus,0,0
ילדימ,puerulus,0,0
ילדימ,filius,0,0
ילדימ,puer,0,0
ילדימ,iuuencus,0,0
ילדימ,alumnus,0,0
ילדת,gigno,0,0
ילדת,pario,0,0
ילדת,fero,0,0
ילדת,genero,0,0
ילדתי,gigno,0,0
ילדתי,pario,0,0
ילדתי,fero,0,0
ילדתי,genero,0,0
ילוד,filius,2,5
ילוד,puer,0,5
ילוד,iuuencus,0,5
ילחמ,bellor,0,0
ילחמ,pugno,0,0
ילחמ,gero,0,0
ילחמ,bellum,0,0
ילחמו,bellor,0,0
ילחמו,pugno,0,0
ילחמו,gero,0,0
ילחמו,bellum,0,0
יליד,domuncula,0,13
יליד,filia,0,13
יליד,nascor,0,13
יליד,puer,0,13
יליד,pueri,0,13
יליד,puerum,0,13
יליד,natus,0,13
יליד,filius,2,13
יליד,proles,0,13
יליד,liberi,0,13
יליד,meus,1,13
יליד,gnatus,0,13
יליד,progenies,0,13
יליד,filium,0,13
יליד,filii,0,13
יליד,filio,0,13
יליד,empticius,2,13
יליד,circumcido,3,13
יליד,deseco,0,13
יליד,proseco,0,13
ילכ,euerto,0,0
ילכ,subuerto,0,0
ילכ,discedo,0,0
ילכ,recedo,0,0
ילכ,abeo,0,0
ילכ,indus,0,0
ילכ,illinc,0,0
ילכ,uenio,0,0
ילכ,eo,0,0
ילכ,pergo,0,0
ילכ,meo,0,0
ילכ,praetereo,0,0
ילכד,comprehendo,0,0
ילכו,discedo,0,0
ילכו,recedo,0,0
ילכו,abeo,0,0
ילכו,abito,0,0
ילכו,demorior,0,0
ילמד,indico,0,0
ילמד,probo,0,0
ילמד,ostendo,0,0
ילמד,doceo,0,0
ילמד,certus,0,0
ילמד,disco,0,0
ילק,gryllus,0,6
ילק,cliuulus,0,6
ילק,deuoro,1,6
ילק,esco,0,6
ילקוט,sacculus,0,1
ילקטו,congrego,0,0
ילקטו,colligo,0,0
ים,mare,246,292
ים,sal,1,292
ים,pontus,0,292
ים,sale,0,292
ים,salinator,0,292
ים,pelagus,0,292
ים,aequor,0,292
ים,litus,10,292
ים,ora,1,292
ים,maris,0,292
ים,salum,0,292
ים,alo,0,292
ים,ortus,1,292
ים,exortiuus,0,292
ים,termino,0,292
ימ,progenies,0,0
ימ,familia,0,0
ימ,gener,0,0
ימ,genu,0,0
ימ,cognatio,0,0
ימ,natio,0,0
ימ,genus,0,0
ימ,gentis,0,0
ימ,stirps,0,0
ימ,gens,0,0
ימ,generis,0,0
ימ,ruber,0,0
ימ,rufus,0,0
ימ,rubeus,0,0
ימ,burrus,0,0
ימ,russus,0,0
ימ,extremus,0,0
ימ,ultimus,0,0
ימ,nouissimus,0,0
ימ,denique,0,0
ימ,posterus,0,0
ימ,dies,0,0
ימ,hodie,0,0
ימ,itis,0,0
ימ,diei,0,0
ימ,lux,0,0
ימ,mare,0,0
ימ,pontus,0,0
ימ,pelagus,0,0
ימ,aequor,0,0
ימ,litus,0,0
ימ,ora,0,0
ימ,maris,0,0
ימ,iampridem,0,0
ימ,diutinus,0,0
ימ,uia,0,0
ימ,iter,0,0
ימ,semita,0,0
ימ,modus,0,0
ימ,salum,0,0
ימ,aqua,0,0
ימ,meio,0,0
ימ,aquae,0,0
ימ,unda,0,0
ימ,lympha,0,0
ימ,tempus,0,0
ימ,tum,0,0
ימ,longus,0,0
ימ,diu,0,0
ימ,aetas,0,0
ימ,temporis,0,0
ימאנ,uolo,0,0
ימאנ,cupio,0,0
ימאנ,opto,0,0
ימאנ,utinam,0,0
ימאנ,uoluntas,0,0
ימאנ,placeo,0,0
ימאנ,quasi,0,0
ימאנ,sicut,0,0
ימאנ,cupiditas,0,0
ימאנ,similis,0,0
ימאנ,eligo,0,0
ימאנ,deligo,0,0
ימאנ,lubet,0,0
ימאנ,obsecro,0,0
ימאנ,recuso,0,0
ימאנ,nolo,0,0
ימהר,propero,0,0
ימהר,festino,0,0
ימהר,urgeo,0,0
ימהר,mobilito,0,0
ימהרו,propero,0,0
ימהרו,festino,0,0
ימהרו,urgeo,0,0
ימו,dens,0,0
ימו,labium,0,0
ימו,labrum,0,0
ימול,circumcido,0,0
ימול,deseco,0,0
ימול,proseco,0,0
ימות,morior,0,0
ימות,pereo,0,0
ימות,occido,0,0
ימות,cado,0,0
ימות,mors,0,0
ימות,interfacio,0,0
ימות,occaedes,0,0
ימות,obeo,0,0
ימות,percutio,0,0
ימותו,morior,0,0
ימותו,pereo,0,0
ימותו,occido,0,0
ימותו,cado,0,0
ימותו,mors,0,0
ימותו,interfacio,0,0
ימותו,occaedes,0,0
ימותו,obeo,0,0
ימותו,percutio,0,0
ימטא,praeuenio,0,0
ימטא,antecedo,0,0
ימטא,primus,0,0
ימטר,pluuia,0,0
ימי,imperium,0,0
ימי,principium,0,0
ימי,initium,0,0
ימי,magistratus,0,0
ימי,regnum,0,0
ימי,honor,0,0
ימי,ratio,0,0
ימי,officium,0,0
ימי,potestas,0,0
ימי,uis,0,0
ימי,primus,0,0
ימי,palatium,0,0
ימי,regina,0,0
ימי,dies,0,0
ימי,hodie,0,0
ימי,itis,0,0
ימי,diei,0,0
ימי,lux,0,0
ימי,tempus,0,0
ימי,tum,0,0
ימי,longus,0,0
ימי,diu,0,0
ימי,aetas,0,0
ימי,temporis,0,0
ימימ,fio,0,0
ימימ,nascor,0,0
ימימ,orior,0,0
ימימ,gigno,0,0
ימימ,sum,0,0
ימימ,dies,0,0
ימימ,hodie,0,0
ימימ,itis,0,0
ימימ,diei,0,0
ימימ,lux,0,0
ימימ,mare,0,0
ימימ,pontus,0,0
ימימ,pelagus,0,0
ימימ,aequor,0,0
ימימ,litus,0,0
ימימ,ora,0,0
ימימ,maris,0,0
ימין,sinister,12,91
ימין,laeuus,1,91
ימין,laeua,0,91
ימין,dexter,54,91
ימין,ius,0,91
ימינ,dexter,0,0
ימינ,ius,0,0
ימיני,filius,13,14
ימיני,natus,0,14
ימיני,gnatus,0,14
ימיני,progenies,0,14
ימיני,proles,0,14
ימיני,nascor,0,14
ימיני,filium,0,14
ימיני,filii,0,14
ימיני,filio,0,14
ימיש,linquo,0,0
ימית,mors,0,0
ימית,interfacio,0,0
ימית,occaedes,0,0
ימית,percutio,0,0
ימית,occido,0,0
ימית,neco,0,0
ימית,defunctus,0,0
ימכר,uendo,0,0
ימכר,restituo,0,0
ימכר,soluo,0,0
ימכר,trado,0,0
ימכר,redeo,0,0
ימכר,reuorto,0,0
ימכר,stipendium,0,0
ימכר,libero,0,0
ימכר,reddo,0,0
ימל,circumcido,0,0
ימל,deseco,0,0
ימל,proseco,0,0
ימלא,impleo,0,4
ימלא,compleo,0,4
ימלא,repleo,0,4
ימלאו,impleo,0,0
ימלאו,compleo,0,0
ימלאו,repleo,0,0
ימלט,traho,0,0
ימלט,seruo,0,0
ימלט,conseruo,0,0
ימלט,tueor,0,0
ימלט,saluus,0,0
ימלט,salus,0,0
ימלט,libero,0,0
ימלט,retineo,0,0
ימלט,saluo,0,0
ימליכו,regno,0,0
ימליכו,rex,0,0
ימלכ,regno,0,0
ימלכ,rex,0,0
ימלל,loquor,0,0
ימלל,fabulor,0,0
ימני,uertex,0,19
ימני,dexter,14,19
ימני,ius,0,19
ימני,impono,0,19
ימני,impetus,0,19
ימני,oppugno,0,19
ימני,hepatia,0,19
ימני,auris,0,19
ימני,pedum,0,19
ימני,pedes,0,19
ימני,pes,7,19
ימנית,dexter,0,0
ימנית,ius,0,0
ימצא,inuenio,0,0
ימצא,reperio,0,0
ימצא,comprehendo,0,0
ימצאונ,inuenio,0,0
ימצאונ,reperio,0,0
ימרו,perfruor,0,0
ימש,attrecto,0,0
ימשח,ungo,0,0
ימשח,christus,0,0
ימשח,perungo,0,0
ימת,morior,0,0
ימת,pereo,0,0
ימת,occido,0,0
ימת,cado,0,0
ימת,mors,0,0
ימת,interfacio,0,0
ימת,occaedes,0,0
ימת,obeo,0,0
ימת,percutio,0,0
ימת,neco,0,0
ימת,defunctus,0,0
ימת,efflicto,0,0
ימת,emortuus,0,0
ימת,finis,0,0
ימת,extremus,0,0
ימת,ultimo,0,0
ימתו,morior,0,0
ימתו,pereo,0,0
ימתו,occido,0,0
ימתו,cado,0,0
ימתו,mors,0,0
ימתו,interfacio,0,0
ימתו,occaedes,0,0
ימתו,obeo,0,0
ימתו,percutio,0,0
ינדעונ,nosco,0,0
ינדעונ,cognosco,0,0
ינדעונ,scio,0,0
ינדעונ,intellego,0,0
ינדעונ,scientia,0,0
ינדעונ,statuo,0,0
ינה,compressor,0,14
ינהג,duco,0,0
ינהג,ago,0,0
ינהג,affero,0,0
ינהג,adduco,0,0
ינהג,educo,0,0
ינהג,fero,0,0
ינהג,deduco,0,0
ינהג,induco,0,0
ינהג,defero,0,0
ינהג,introduco,0,0
ינהג,infero,0,0
ינהג,offertor,0,0
ינהג,plumbum,0,0
ינהג,abduco,0,0
ינהל,nutrico,0,0
ינו,frater,0,0
ינו,germanus,0,0
ינו,pecco,0,0
ינו,error,0,0
ינו,peccatum,0,0
ינו,perducto,0,0
ינו,praetor,0,0
ינו,rex,0,0
ינו,tyrannus,0,0
ינו,dominus,0,0
ינו,princeps,0,0
ינו,regis,0,0
ינו,regem,0,0
ינו,regi,0,0
ינו,exercitus,0,0
ינו,copia,0,0
ינו,uis,0,0
ינו,uirtus,0,0
ינו,imperium,0,0
ינו,potentia,0,0
ינו,cogo,0,0
ינו,opis,0,0
ינו,robur,0,0
ינו,fortitudo,0,0
ינו,potestas,0,0
ינו,dominator,0,0
ינו,frons,0,0
ינו,praeduco,0,0
ינו,hostis,0,0
ינו,inimicus,0,0
ינו,infestus,0,0
ינו,uerutum,0,0
ינו,dies,0,0
ינו,hodie,0,0
ינו,itis,0,0
ינו,diei,0,0
ינו,lux,0,0
ינו,inquam,0,0
ינו,dea,0,0
ינו,caelum,0,0
ינו,caelus,0,0
ינו,hercules,0,0
ינו,deus,0,0
ינו,deum,0,0
ינו,dei,0,0
ינו,deo,0,0
ינו,numen,0,0
ינו,diuus,0,0
ינו,filia,0,0
ינו,nata,0,0
ינו,uirgo,0,0
ינו,gener,0,0
ינו,arbiter,0,0
ינו,auctoritas,0,0
ינו,erus,0,0
ינו,medius,0,0
ינו,medion,0,0
ינו,centrum,0,0
ינו,medio,0,0
ינו,oculus,0,0
ינו,oculi,0,0
ינו,lumen,0,0
ינו,pater,0,0
ינו,genitor,0,0
ינו,parens,0,0
ינו,paternus,0,0
ינו,patri,0,0
ינו,patrem,0,0
ינו,patris,0,0
ינו,pedum,0,0
ינו,pedes,0,0
ינו,pes,0,0
ינו,uultus,0,0
ינו,facies,0,0
ינו,os,0,0
ינו,ora,0,0
ינו,persona,0,0
ינו,natus,0,0
ינו,proles,0,0
ינו,filius,0,0
ינו,liberi,0,0
ינו,puer,0,0
ינו,meus,0,0
ינו,gnatus,0,0
ינו,progenies,0,0
ינו,nascor,0,0
ינו,filium,0,0
ינו,filii,0,0
ינו,filio,0,0
ינו,contrarius,0,0
ינוסו,fugio,0,0
ינוסו,effugio,0,0
ינוסו,fuga,0,0
ינוסו,exsilium,0,0
ינוסו,profugio,0,0
ינוסו,uito,0,0
ינוסו,exsul,0,0
ינח,supprimo,0,0
ינח,pono,0,0
ינח,loco,0,0
ינח,statuo,0,0
ינח,colloco,0,0
ינח,locus,0,0
ינחמ,hortor,0,0
ינחמ,uolo,0,0
ינחמ,oro,0,0
ינחמ,obsecro,0,0
ינחמ,rogo,0,0
ינחמ,peto,0,0
ינחמ,uoco,0,0
יניקה,sagitto,0,1
ינס,conor,0,0
ינס,attento,0,0
ינס,fugio,0,0
ינס,effugio,0,0
ינס,fuga,0,0
ינס,exsilium,0,0
ינס,profugio,0,0
ינס,uito,0,0
ינס,exsul,0,0
ינסו,conor,0,0
ינסו,attento,0,0
ינסו,fugio,0,0
ינסו,effugio,0,0
ינסו,fuga,0,0
ינסו,exsilium,0,0
ינסו,profugio,0,0
ינסו,uito,0,0
ינסו,exsul,0,0
ינצו,pugno,0,0
ינצו,dimico,0,0
ינצו,certo,0,0
ינצו,proelium,0,0
ינצו,pugna,0,0
ינצו,acies,0,0
ינצו,proelior,0,0
ינק,infans,1,25
ינק,filius,3,25
ינק,puer,3,25
ינק,iuuencus,0,25
ינק,gigno,2,25
ינק,pario,1,25
ינק,fero,0,25
ינק,genero,0,25
ינקה,depurgo,0,0
ינקה,limpido,0,0
ינשוף,noctua,0,3
ינתנ,do,0,0
ינתנ,trado,0,0
ינתנ,dono,0,0
ינתנ,tribuo,0,0
ינתנ,concedo,0,0
ינתנ,soluo,0,0
ינתנ,reddo,0,0
ינתנ,stipendium,0,0
יסב,auerto,0,0
יסב,reflecto,0,0
יסב,conuerto,0,0
יסבו,orbiculor,0,0
יסד,fundamentum,6,30
יסד,fundamen,0,30
יסד,condo,0,30
יסד,fundo,21,30
יסד,aedifico,6,30
יסד,colonus,0,30
יסדות,fundamentum,0,0
יסדות,fundamen,0,0
יסדת,substruo,0,0
יסוד,fundamentum,8,15
יסוד,fundamen,0,15
יסוד,digitus,6,15
יסוד,impono,0,15
יסוד,impetus,0,15
יסוד,oppugno,0,15
יסוד,ala,0,15
יסוד,columna,0,15
יסוד,penna,0,15
יסוד,cornu,8,15
יסודה,fundamentum,0,0
יסודה,fundamen,0,0
יסור,aufero,0,1
יסור,tollo,0,1
יסור,priuo,0,1
יסיפ,accedo,0,0
יסיפ,adicio,0,0
יסיפ,adiungo,0,0
יסיפ,addo,0,0
יסיפו,accedo,0,0
יסיפו,adicio,0,0
יסיפו,adiungo,0,0
יסיפו,addo,0,0
יסכ,libo,0,0
יסכ,fundo,0,0
יסכ,lito,0,0
יסע,discedo,0,0
יסע,recedo,0,0
יסע,abeo,0,0
יסע,liceor,0,0
יסע,patior,0,0
יסע,sino,0,0
יסע,luceo,0,0
יסעד,auxilium,0,0
יסעד,defendo,0,0
יסעד,adiuuo,0,0
יסעד,opera,0,0
יסעד,opis,0,0
יסעד,iuuo,0,0
יסעד,sustineo,0,0
יסעו,discedo,0,0
יסעו,recedo,0,0
יסעו,abeo,0,0
יסעו,liceor,0,0
יסעו,patior,0,0
יסעו,sino,0,0
יסעו,luceo,0,0
יסף,addo,71,193
יסף,ascribo,0,193
יסף,concipio,1,193
יסף,accedo,0,193
יסף,adicio,12,193
יסף,adiungo,0,193
יספ,accedo,0,0
יספ,adicio,0,0
יספ,adiungo,0,0
יספ,addo,0,0
יספדו,caedo,0,0
יספדו,ferio,0,0
יספדו,pulto,0,0
יספו,accedo,0,0
יספו,adicio,0,0
יספו,adiungo,0,0
יספו,addo,0,0
יספר,pernumero,0,0
יספר,elogio,0,0
יספרו,elogio,0,0
יספת,accedo,0,0
יספת,adicio,0,0
יספת,adiungo,0,0
יספת,addo,0,0
יסקל,aconae,0,0
יסר,declino,0,29
יסר,promoneo,0,29
יסר,accedo,0,29
יסר,adicio,0,29
יסר,adiungo,0,29
יסר,addo,3,29
יעבד,seruus,0,0
יעבד,seruitus,0,0
יעבד,seruio,0,0
יעבדו,seruus,0,0
יעבדו,seruitus,0,0
יעבדו,seruio,0,0
יעבור,transeo,0,0
יעבור,praetereo,0,0
יעבר,crux,0,0
יעבר,transeo,0,0
יעבר,transgredior,0,0
יעבר,diuinus,0,0
יעבר,diuus,0,0
יעבר,inclitus,0,0
יעבר,praesens,0,0
יעבר,munus,0,0
יעבר,dono,0,0
יעבר,donum,0,0
יעבר,adsum,0,0
יעבר,praetereo,0,0
יעברו,crux,0,0
יעברו,transeo,0,0
יעברו,transgredior,0,0
יעברו,praesens,0,0
יעברו,munus,0,0
יעברו,dono,0,0
יעברו,donum,0,0
יעברו,adsum,0,0
יעד,probo,0,28
יעד,constituo,2,28
יעד,ostendo,1,28
יעד,pono,3,28
יעד,ordo,0,28
יעד,synagoga,0,28
יעד,educatus,0,28
יעה,uasum,0,10
יעה,nauis,0,10
יעה,impedimentum,0,10
יעה,uas,7,10
יעה,patera,0,10
יעה,phiala,0,10
יעה,calix,0,10
יעזב,dimitto,0,0
יעזב,relinquo,0,0
יעזב,absoluo,0,0
יעזב,libero,0,0
יעזב,ignosco,0,0
יעזב,permitto,0,0
יעזב,linquo,0,0
יעזבו,relinquo,0,0
יעזר,auxilium,0,12
יעזר,defendo,0,12
יעזר,adiuuo,0,12
יעזר,opera,0,12
יעזר,opis,0,12
יעזר,iuuo,0,12
יעזר,sustineo,0,12
יעל,ascendo,0,28
יעל,mons,0,28
יעל,escendo,0,28
יעל,educo,0,28
יעל,reporto,0,28
יעל,formaceus,0,28
יעל,auxilium,2,28
יעל,seruio,1,28
יעלה,capra,0,3
יעלה,caper,0,3
יעלה,hircus,0,3
יעלה,caprinus,0,3
יעלה,hircinus,0,3
יעלה,ascendo,0,3
יעלה,mons,0,3
יעלה,escendo,0,3
יעלה,reporto,0,3
יעלו,ascendo,0,0
יעלו,mons,0,0
יעלו,escendo,0,0
יעמד,surgo,0,0
יעמד,exsurgo,0,0
יעמד,sisto,0,0
יעמד,sto,0,0
יעמד,constituo,0,0
יעמד,erigo,0,0
יעמד,aduenio,0,0
יעמדו,surgo,0,0
יעמדו,exsurgo,0,0
יעמדו,sisto,0,0
יעמדו,sto,0,0
יעמדו,constituo,0,0
יעמדו,erigo,0,0
יעמדנה,surgo,0,0
יעמדנה,exsurgo,0,0
יעמיד,sisto,0,0
יעמיד,sto,0,0
יעמיד,constituo,0,0
יעמיד,erigo,0,0
יענ,rescribo,0,0
יענ,exaudio,0,0
יענ,respondeo,0,0
יענ,quia,0,0
יענ,quare,0,0
יענ,causa,0,0
יענ,propter,0,0
יענ,ratio,0,0
יענ,ob,0,0
יענ,sicut,0,0
יענ,ausculto,0,0
יענ,humilio,0,0
יענה,rescribo,0,8
יענה,exaudio,0,8
יענה,respondeo,0,8
יענו,rescribo,0,0
יענו,exaudio,0,0
יענו,respondeo,0,0
יענו,liceor,0,0
יענו,patior,0,0
יענו,sino,0,0
יענו,luceo,0,0
יעפ,resoluo,0,0
יעץ,consilium,41,67
יעץ,commendo,0,67
יעץ,hortor,0,67
יעץ,monstro,0,67
יעץ,moneo,0,67
יעץ,suadeo,0,67
יעץ,consilior,1,67
יעץ,consulo,1,67
יעץ,iudico,0,67
יעץ,concilium,0,67
יעץ,insidiae,1,67
יעץ,sententia,1,67
יעץ,senatus,0,67
יעץ,senator,0,67
יעצ,consilium,0,0
יעצ,consulo,0,0
יעצ,iudico,0,0
יעצ,concilium,0,0
יעצ,insidiae,0,0
יעצ,consilior,0,0
יעצ,moneo,0,0
יעצ,suadeo,0,0
יעקב,filia,12,283
יעקב,nascor,3,283
יעקב,puer,2,283
יעקב,pueri,0,283
יעקב,puerum,0,283
יעקב,natus,1,283
יעקב,filius,53,283
יעקן,abito,0,4
יער,silua,14,74
יער,uirgultum,0,74
יער,ligneus,0,74
יער,lignum,13,74
יער,caudeus,0,74
יער,tignum,0,74
יער,materia,0,74
יער,urbs,4,74
יער,ciuitas,5,74
יער,oppidum,0,74
יער,moenia,0,74
יער,publicus,0,74
יער,athenae,0,74
יער,municipium,0,74
יער,urbem,0,74
יער,urbis,0,74
יער,nemus,2,74
יער,lucus,0,74
יער,res,0,74
יער,lutarius,0,74
יערימ,urbs,0,0
יערימ,ciuitas,0,0
יערימ,oppidum,0,0
יערימ,moenia,0,0
יערימ,publicus,0,0
יערימ,athenae,0,0
יערימ,municipium,0,0
יערימ,urbem,0,0
יערימ,urbis,0,0
יערכ,latusculum,0,0
יערכו,latusculum,0,0
יעש,fio,0,0
יעש,nascor,0,0
יעש,orior,0,0
יעש,gigno,0,0
יעש,sum,0,0
יעש,impono,0,0
יעש,impetus,0,0
יעש,oppugno,0,0
יעתק,abito,0,0
יעתר,ausculto,0,0
יעתר,precor,0,0
יעתר,oro,0,0
יעתר,uoueo,0,0
יעתר,opto,0,0
יעתר,quaeso,0,0
יעתר,obsecro,0,0
יעתר,oratio,0,0
יעתר,prex,0,0
יעתר,tandem,0,0
יעתר,quonam,0,0
יפגע,occurro,0,0
יפגעו,obuenio,0,0
יפגש,obuenio,0,0
יפה,diuinus,0,45
יפה,diuus,0,45
יפה,inclitus,0,45
יפה,formositas,0,45
יפה,pulchritudo,0,45
יפה,pulcher,21,45
יפה,formosus,0,45
יפה,bonus,1,45
יפה,nobilis,0,45
יפה,bene,0,45
יפה,ius,0,45
יפה,aequus,0,45
יפה,speciosus,7,45
יפה,ualeo,0,45
יפה,posterus,0,45
יפה,dexter,0,45
יפה,puteus,0,45
יפה,bellus,0,45
יפה,genus,1,45
יפה,species,1,45
יפה,gener,0,45
יפה,figura,0,45
יפה,uehemens,0,45
יפה,oppido,0,45
יפה,nimius,0,45
יפח,insufflo,0,1
יפח,exsufflo,0,1
יפחז,prosilio,0,0
יפי,formositas,0,17
יפי,pulchritudo,7,17
יפילו,iacio,0,0
יפילו,mitto,0,0
יפילו,peto,0,0
יפילו,ferio,0,0
יפילו,icio,0,0
יפילו,proicio,0,0
יפילו,eicio,0,0
יפיצ,dissipo,0,0
יפל,ingruo,0,0
יפל,cado,0,0
יפל,concido,0,0
יפל,ruo,0,0
יפל,incido,0,0
יפל,ruina,0,0
יפלו,cado,0,0
יפלו,concido,0,0
יפלו,ruo,0,0
יפלו,incido,0,0
יפלו,ruina,0,0
יפלחונ,seruus,0,0
יפלחונ,seruitus,0,0
יפלחונ,seruio,0,0
יפלט,traho,0,2
יפנ,perspecto,0,0
יפנ,introspicio,0,0
יפנה,saluo,0,16
יפנה,nisi,1,16
יפע,praeclareo,0,4
יפע,lampo,0,4
יפע,florus,0,4
יפצו,diffundo,0,0
יפצר,uis,0,0
יפצר,copia,0,0
יפצר,coacto,0,0
יפקד,recensus,0,0
יפקד,ducena,0,0
יפקד,constituo,0,0
יפקד,pono,0,0
יפר,augeo,0,0
יפר,cresco,0,0
יפרצ,uis,0,0
יפרצ,copia,0,0
יפרצ,coacto,0,0
יפשיטו,exuo,0,0
יפת,pulcher,0,11
יפת,formosus,0,11
יפת,bonus,0,11
יפת,nobilis,0,11
יפת,bene,0,11
יפת,ius,0,11
יפת,aequus,0,11
יפת,speciosus,0,11
יפת,ualeo,0,11
יפת,posterus,0,11
יפת,dexter,0,11
יפת,puteus,0,11
יפת,bellus,0,11
יפת,genus,0,11
יפת,species,0,11
יפת,gener,0,11
יפת,figura,0,11
יפת,signum,0,11
יפת,symbolus,0,11
יפתח,pateo,0,27
יפתח,aperio,1,27
יפתח,patefacio,0,27
יצא,deduco,1,941
יצא,extro,0,941
יצא,exeo,62,941
יצא,egredior,468,941
יצא,prodeo,0,941
יצא,liceor,0,941
יצא,patior,1,941
יצא,sino,1,941
יצא,luceo,0,941
יצאה,exeo,0,0
יצאה,egredior,0,0
יצאה,prodeo,0,0
יצאה,liceor,0,0
יצאה,patior,0,0
יצאה,sino,0,0
יצאה,luceo,0,0
יצאו,deduco,0,0
יצאו,exeo,0,0
יצאו,egredior,0,0
יצאו,prodeo,0,0
יצאו,liceor,0,0
יצאו,patior,0,0
יצאו,sino,0,0
יצאו,luceo,0,0
יצאי,exeo,0,0
יצאי,egredior,0,0
יצאי,prodeo,0,0
יצאימ,exeo,0,0
יצאימ,egredior,0,0
יצאימ,prodeo,0,0
יצאת,liceor,0,0
יצאת,patior,0,0
יצאת,sino,0,0
יצאת,luceo,0,0
יצאתי,liceor,0,0
יצאתי,patior,0,0
יצאתי,sino,0,0
יצאתי,luceo,0,0
יצב,scientia,0,40
יצב,sto,28,40
יצב,sisto,0,40
יצב,constituo,1,40
יצב,erigo,0,40
יצבא,gloria,0,0
יצבא,fama,0,0
יצבא,sententia,0,0
יצבא,existimatio,0,0
יצבא,laus,0,0
יצבא,opinio,0,0
יצברו,congrego,0,0
יצברו,simul,0,0
יצברו,colligo,0,0
יצהר,oleum,18,29
יצהר,olearius,0,29
יצהר,olearis,0,29
יצהר,uinum,16,29
יצהר,bacchus,0,29
יצהר,uini,0,29
יצהר,cibus,0,29
יצהר,frumentum,14,29
יצהר,seges,0,29
יצהר,panis,1,29
יצהר,frumentarius,0,29
יצהר,triticum,2,29
יצהר,granum,0,29
יצהר,esca,0,29
יצו,imperatus,0,0
יצו,iubeo,0,0
יצו,praecipio,0,0
יצו,ordo,0,0
יצו,imperium,0,0
יצו,impero,0,0
יצו,dispono,0,0
יצוה,imperatus,0,0
יצוע,lectulus,0,3
יציב,etenim,0,3
יציב,uerus,1,3
יציב,hercules,0,3
יציב,ueritas,0,3
יציבא,seueritas,0,0
יציל,detraho,0,0
יציל,traho,0,0
יציק,pressura,0,0
יצל,aufero,0,0
יצל,tollo,0,0
יצל,priuo,0,0
יצל,detraho,0,0
יצעק,clamo,0,0
יצעק,uociferor,0,0
יצעק,exclamo,0,0
יצעק,clamor,0,0
יצפ,amplector,0,0
יצק,offundo,0,54
יצק,defundo,0,54
יצק,oleum,13,54
יצק,olearius,0,54
יצק,olearis,0,54
יצר,figulus,1,37
יצר,figularis,0,37
יצר,idos,0,37
יצר,formaceus,0,37
יצר,obsido,0,37
יצר,circumsedeo,0,37
יצר,supersum,0,37
יצר,figura,0,37
יקב,aluearium,0,14
יקב,galbeum,0,14
יקב,uinum,5,14
יקב,bacchus,0,14
יקב,uini,0,14
יקב,cibus,0,14
יקב,frumentum,1,14
יקב,seges,0,14
יקב,panis,0,14
יקב,frumentarius,0,14
יקב,triticum,0,14
יקב,granum,0,14
יקב,esca,0,14
יקבצ,congrego,0,0
יקבצ,simul,0,0
יקבצ,colligo,0,0
יקבצו,congrego,0,0
יקבצו,simul,0,0
יקבצו,colligo,0,0
יקבר,sepelio,0,0
יקבר,condo,0,0
יקבר,funus,0,0
יקבר,insepultus,0,0
יקברו,sepelio,0,0
יקברו,condo,0,0
יקברו,funus,0,0
יקברו,insepultus,0,0
יקד,prono,0,15
יקדת,uro,0,0
יקדת,incendo,0,0
יקדת,cremo,0,0
יקדת,ardeo,0,0
יקדת,succendo,0,0
יקוו,congrego,0,0
יקוו,simul,0,0
יקוו,colligo,0,0
יקום,bonus,0,3
יקום,fortuna,0,3
יקום,praedium,0,3
יקום,substantia,3,3
יקומ,surgo,0,0
יקומ,exsurgo,0,0
יקומ,maneo,0,0
יקומ,persisto,0,0
יקומ,moror,0,0
יקומ,sto,0,0
יקומ,reliquus,0,0
יקומ,remaneo,0,0
יקומ,exspecto,0,0
יקומ,resto,0,0
יקומו,surgo,0,0
יקומו,exsurgo,0,0
יקומונ,surgo,0,0
יקומונ,exsurgo,0,0
יקח,suscipio,0,0
יקח,accipio,0,0
יקח,excipio,0,0
יקח,recipio,0,0
יקח,fateor,0,0
יקח,accepto,0,0
יקח,capio,0,0
יקח,sumo,0,0
יקח,impetro,0,0
יקחו,capio,0,0
יקחו,sumo,0,0
יקחו,accipio,0,0
יקחו,recipio,0,0
יקחו,impetro,0,0
יקחו,excipio,0,0
יקימ,surgo,0,0
יקימ,exsurgo,0,0
יקימ,sisto,0,0
יקימ,sto,0,0
יקימ,constituo,0,0
יקימ,erigo,0,0
יקירה,grauis,0,0
יקירה,ponderosus,0,0
יקלל,maledictio,0,0
יקמ,surgo,0,0
יקמ,exsurgo,0,0
יקמ,excito,0,0
יקמ,suscito,0,0
יקמ,ulciscor,0,0
יקמ,assurgo,0,0
יקמ,consurgo,0,0
יקמ,sisto,0,0
יקמ,sto,0,0
יקמ,constituo,0,0
יקמ,erigo,0,0
יקמו,surgo,0,0
יקמו,exsurgo,0,0
יקמו,assurgo,0,0
יקמו,consurgo,0,0
יקנ,paro,0,0
יקנ,acquiro,0,0
יקנ,possideo,0,0
יקנ,possessio,0,0
יקנא,inuidia,0,0
יקנא,inuideo,0,0
יקנא,aemulor,0,0
יקנאו,inuidia,0,0
יקנאו,inuideo,0,0
יקנאו,aemulor,0,0
יקץ,excito,1,9
יקץ,suscito,0,9
יקץ,somnus,3,9
יקץ,sopor,1,9
יקץ,dormio,1,9
יקץ,soporus,0,9
יקר,rarus,0,51
יקר,millies,0,51
יקר,uix,1,51
יקר,honor,4,51
יקר,dignitas,0,51
יקר,pretium,6,51
יקר,decus,0,51
יקר,honorem,0,51
יקר,honoris,0,51
יקר,lapis,8,51
יקר,saxum,0,51
יקר,marmor,2,51
יקר,marmoreus,0,51
יקר,gemma,9,51
יקר,petrinus,0,51
יקר,uehemens,0,51
יקר,oppido,0,51
יקר,nimius,0,51
יקר,aurum,16,51
יקר,aureus,1,51
יקרא,exclamo,0,0
יקרא,clamo,0,0
יקרא,uociferor,0,0
יקרא,clamor,0,0
יקרא,inuoco,0,0
יקרא,cognominis,0,0
יקרא,appello,0,0
יקרא,nomino,0,0
יקרא,nomen,0,0
יקרא,inuito,0,0
יקרא,uoco,0,0
יקרא,accio,0,0
יקראו,cognominis,0,0
יקראו,appello,0,0
יקראו,nomino,0,0
יקראו,nomen,0,0
יקראו,inuito,0,0
יקראו,uoco,0,0
יקראו,pulcher,0,0
יקראו,formosus,0,0
יקראו,bonus,0,0
יקראו,nobilis,0,0
יקראו,bene,0,0
יקראו,ius,0,0
יקראו,aequus,0,0
יקראו,speciosus,0,0
יקראו,ualeo,0,0
יקראו,posterus,0,0
יקראו,dexter,0,0
יקראו,puteus,0,0
יקראו,bellus,0,0
יקרב,attulo,0,0
יקרב,induco,0,0
יקרבו,attulo,0,0
יקרה,coitus,0,1
יקשה,durus,0,0
יקשה,rigidus,0,0
יקשה,edurus,0,0
ירא,indico,3,271
ירא,probo,2,271
ירא,ostendo,0,271
ירא,ecce,8,271
ירא,uideo,26,271
ירא,cerno,1,271
ירא,conspicio,0,271
ירא,aspicio,1,271
ירא,animaduerto,1,271
ירא,obseruo,2,271
ירא,timeo,191,271
ירא,timor,12,271
ירא,uereor,2,271
ירא,metuo,18,271
ירא,metus,0,271
ירא,pauor,1,271
ירא,terror,4,271
ירא,formido,11,271
יראה,ecce,1,34
יראה,uideo,0,34
יראה,cerno,0,34
יראה,conspicio,0,34
יראה,aspicio,0,34
יראה,animaduerto,0,34
יראה,obseruo,0,34
יראה,timeo,4,34
יראה,timor,25,34
יראה,uereor,0,34
יראה,metuo,1,34
יראה,metus,0,34
יראה,pauor,0,34
יראה,terror,2,34
יראה,formido,1,34
יראו,uideo,0,0
יראו,cerno,0,0
יראו,conspicio,0,0
יראו,aspicio,0,0
יראו,animaduerto,0,0
יראו,obseruo,0,0
יראו,timeo,0,0
יראו,timor,0,0
יראו,uereor,0,0
יראו,metuo,0,0
יראו,metus,0,0
יראון,ferreus,0,1
יראון,ferrum,0,1
יראון,ferrarius,0,1
יראון,gladius,0,1
יראי,timeo,0,0
יראי,timor,0,0
יראי,uereor,0,0
יראי,metuo,0,0
יראי,metus,0,0
יראת,religio,0,0
יראת,pietas,0,0
יראת,timeo,0,0
יראת,timor,0,0
יראת,uereor,0,0
יראת,metuo,0,0
יראת,metus,0,0
יראת,pauor,0,0
יראת,terror,0,0
יראת,formido,0,0
יראתי,timeo,0,0
יראתי,timor,0,0
יראתי,uereor,0,0
יראתי,metuo,0,0
יראתי,metus,0,0
ירב,pluratiuus,0,0
ירבה,fio,0,0
ירבה,nascor,0,0
ירבה,orior,0,0
ירבה,gigno,0,0
ירבה,sum,0,0
ירבה,pluratiuus,0,0
ירבו,pluratiuus,0,0
ירבצו,reliquus,0,0
ירבצו,ceterus,0,0
ירבצו,conquiesco,0,0
ירגז,anxio,0,0
ירגזו,obturbo,0,0
ירד,descendo,218,326
ירד,deicio,1,326
ירדה,descendo,0,0
ירדה,deicio,0,0
ירדו,descendo,0,0
ירדו,deicio,0,0
ירדימ,descendo,0,0
ירדימ,deicio,0,0
ירדן,altrouorsum,0,160
ירדנו,descendo,0,0
ירדנו,deicio,0,0
ירדפ,persequor,0,0
ירדפ,sequor,0,0
ירדפ,fugo,0,0
ירדפ,insequor,0,0
ירדפ,studium,0,0
ירדפ,prosequor,0,0
ירדפו,prosequor,0,0
ירדת,capio,0,0
ירדת,sumo,0,0
ירדת,accipio,0,0
ירדת,recipio,0,0
ירדת,impetro,0,0
ירדת,excipio,0,0
ירדת,tremulus,0,0
ירדת,praetrepidus,0,0
ירדת,tremor,0,0
ירה,iacio,4,65
ירה,mitto,11,65
ירה,peto,0,65
ירה,ferio,0,65
ירה,icio,0,65
ירה,proicio,1,65
ירה,eicio,0,65
ירה,expello,0,65
ירה,eiecto,0,65
ירה,reiecto,0,65
ירה,lex,6,65
ירה,ius,0,65
ירה,mos,0,65
ירה,consuetudo,0,65
ירה,caerimonia,0,65
ירה,legitimus,2,65
ירה,pascuus,0,65
ירומ,sublimo,0,0
ירוממ,sublimo,0,0
ירח,mensis,12,30
ירח,inodoro,0,30
ירח,olentia,0,30
ירח,luna,17,30
ירח,plenilunium,0,30
ירח,lunae,0,30
ירח,phoebe,0,30
ירח,sol,15,30
ירח,phoebus,0,30
ירח,solis,0,30
ירט,iacio,0,2
ירט,mitto,0,2
ירט,peto,0,2
ירט,ferio,0,2
ירט,icio,0,2
ירט,proicio,0,2
ירט,eicio,0,2
ירט,impono,0,2
ירט,reiecto,0,2
יריב,aduersarius,1,2
יריב,iudico,1,2
יריב,decerno,0,2
יריב,iudex,0,2
יריב,iudicium,0,2
יריב,reciperator,0,2
יריב,statuo,0,2
יריעה,uenaticus,0,31
יריעה,alius,4,31
יריעה,alter,6,31
יריעה,mutuus,0,31
יריעה,inuicem,4,31
יריעה,profunditas,0,31
יריעה,byssus,0,31
יריעה,coccum,2,31
יריעה,coccineus,0,31
יריעה,purpureus,0,31
יריעה,purpura,2,31
יריעה,ostrum,0,31
ירך,for,0,30
ירך,armus,1,30
ירך,femur,16,30
ירכ,brassica,0,0
ירכ,altrouorsum,0,0
ירכ,for,0,0
ירכ,armus,0,0
ירכ,femur,0,0
ירכב,escendo,0,0
ירכב,inuado,0,0
ירכה,extremus,1,27
ירכה,ultimus,0,27
ירכה,nouissimus,1,27
ירכה,denique,0,27
ירכה,posterus,1,27
ירכת,for,0,0
ירכת,armus,0,0
ירכת,femur,0,0
ירמ,sublimo,0,0
ירע,impius,0,1
ירע,malus,0,1
ירע,improbus,0,1
ירע,durus,0,1
ירע,rigidus,0,1
ירע,edurus,0,1
ירע,ostendo,0,1
ירע,monstro,0,1
ירע,exhibeo,0,1
ירע,uideo,0,1
ירע,appareo,0,1
ירע,probo,0,1
ירע,pareo,0,1
ירע,corytos,0,1
ירע,pharetra,0,1
ירפ,omitto,0,0
ירפ,permitto,0,0
ירפא,sano,0,0
ירפא,medeor,0,0
ירפא,curo,0,0
ירפא,remedio,0,0
ירצ,percurro,0,0
ירצ,curro,0,0
ירצ,decurro,0,0
ירצ,discurro,0,0
ירצו,curro,0,0
ירצו,decurro,0,0
ירצו,percurro,0,0
ירצו,discurro,0,0
ירק,hortensius,0,12
ירק,uiridis,0,12
ירק,pastus,0,12
ירש,possideo,79,198
ירש,heredito,7,198
ירשה,hereditas,2,12
ירשה,sors,0,12
ירשה,praedium,0,12
ירשה,possessio,10,12
ירשה,aratio,0,12
ירשה,sortio,0,12
ירשה,hereditarius,0,12
ירשה,bellum,0,12
ירשה,mars,0,12
ירשה,arma,0,12
ירשה,acies,0,12
ירשה,bello,0,12
ירשה,pugna,0,12
ירשה,belli,0,12
ירשה,proelium,2,12
ירשו,possideo,0,0
ירשו,heredito,0,0
ירשת,hereditas,0,0
ירשת,possessio,0,0
ירשת,hereditarius,0,0
ירשתמ,possideo,0,0
ירשתמ,heredito,0,0
יש,habeo,28,123
יש,teneo,1,123
יש,possideo,1,123
יש,bonus,7,123
יש,fortuna,0,123
יש,praedium,0,123
יש,substantia,1,123
ישא,perspecto,0,0
ישא,ducto,0,0
ישא,dictum,0,0
ישא,uerbum,0,0
ישא,uox,0,0
ישא,uersus,0,0
ישא,sermo,0,0
ישא,carmen,0,0
ישא,poema,0,0
ישא,capio,0,0
ישא,sumo,0,0
ישא,accipio,0,0
ישא,recipio,0,0
ישא,impetro,0,0
ישא,excipio,0,0
ישא,moneo,0,0
ישא,memoro,0,0
ישא,memini,0,0
ישא,recordor,0,0
ישא,memor,0,0
ישא,memoria,0,0
ישא,mentio,0,0
ישא,commemoro,0,0
ישא,reuoco,0,0
ישאו,suscipio,0,0
ישאו,dictum,0,0
ישאו,uerbum,0,0
ישאו,uox,0,0
ישאו,uersus,0,0
ישאו,sermo,0,0
ישאו,carmen,0,0
ישאו,poema,0,0
ישאו,capio,0,0
ישאו,sumo,0,0
ישאו,accipio,0,0
ישאו,recipio,0,0
ישאו,impetro,0,0
ישאו,excipio,0,0
ישאו,fero,0,0
ישאו,porto,0,0
ישאו,gero,0,0
ישאו,affero,0,0
ישאו,adduco,0,0
ישאו,educo,0,0
ישאו,duco,0,0
ישאו,induco,0,0
ישאו,defero,0,0
ישאו,introduco,0,0
ישאו,infero,0,0
ישאו,offertor,0,0
ישאל,quaero,0,0
ישאל,rogo,0,0
ישאל,postulo,0,0
ישאל,peto,0,0
ישאל,interrogo,0,0
ישאל,posco,0,0
ישאל,rogito,0,0
ישאלו,quaero,0,0
ישאלו,rogo,0,0
ישאלו,peto,0,0
ישאלו,rogito,0,0
ישב,euerto,0,909
ישב,subuerto,4,909
ישב,uendo,1,909
ישב,restituo,3,909
ישב,soluo,0,909
ישב,trado,24,909
ישב,redeo,2,909
ישב,reuorto,5,909
ישב,stipendium,0,909
ישב,libero,6,909
ישב,reddo,4,909
ישב,auerto,3,909
ישב,reflecto,0,909
ישב,conuerto,8,909
ישב,sedeo,182,909
ישב,consido,1,909
ישב,habito,345,909
ישב,habitabilis,1,909
ישב,uiuo,17,909
ישב,incolo,3,909
ישב,domus,123,909
ישב,aedes,1,909
ישב,tecta,0,909
ישב,familia,5,909
ישב,templum,6,909
ישב,apud,13,909
ישב,cognatio,5,909
ישב,tectum,3,909
ישב,gener,1,909
ישב,sedes,15,909
ישב,praedium,0,909
ישב,domum,0,909
ישב,domo,2,909
ישב,tergum,1,909
ישב,reuoco,1,909
ישב,rursus,6,909
ישבו,reuerto,0,0
ישבו,conuerto,0,0
ישבו,sedeo,0,0
ישבו,consido,0,0
ישבו,habito,0,0
ישבו,uiuo,0,0
ישבו,incolo,0,0
ישבי,sedeo,0,2
ישבי,habito,1,2
ישבימ,sedeo,0,0
ישבית,sustollo,0,0
ישבע,impleo,0,0
ישבע,compleo,0,0
ישבע,repleo,0,0
ישבע,iuro,0,0
ישבע,adiuro,0,0
ישבע,iniuro,0,0
ישבע,iureiuro,0,0
ישבע,deiero,0,0
ישבעו,cyathisso,0,0
ישבר,praetero,0,0
ישבת,habito,0,0
ישבתו,supprimo,0,0
ישגא,pluratiuus,0,0
ישוב,auerto,0,0
ישוב,reflecto,0,0
ישוב,conuerto,0,0
ישובו,auerto,0,0
ישובו,reflecto,0,0
ישובונ,auerto,0,0
ישובונ,reflecto,0,0
ישועה,saluus,0,31
ישועה,tueor,0,31
ישועה,salutaris,0,31
ישועה,saluator,5,31
ישועה,salus,16,31
ישועה,incolumitas,0,31
ישועה,iudicium,2,31
ישועה,iustitia,4,31
ישועה,aequitas,0,31
ישועות,saluus,0,0
ישועות,tueor,0,0
ישועות,salutaris,0,0
ישועות,saluator,0,0
ישועות,salus,0,0
ישועת,saluator,0,0
ישועת,saluus,0,0
ישועת,tueor,0,0
ישועת,salutaris,0,0
ישועת,salus,0,0
ישחית,pereo,0,0
ישחית,deleo,0,0
ישחית,perdo,0,0
ישחית,disperdo,0,0
ישחית,interfacio,0,0
ישחית,occaedes,0,0
ישחית,corrumpo,0,0
ישט,habeo,0,3
ישט,teneo,1,3
ישט,possideo,0,3
ישט,duco,0,3
ישט,praecedo,0,3
ישט,credo,0,3
ישט,considero,0,3
ישט,existimo,0,3
ישט,iudico,0,3
ישט,retineo,0,3
ישט,possessio,0,3
ישיב,auerto,0,0
ישיב,reflecto,0,0
ישיב,conuerto,0,0
ישימ,pono,0,0
ישימ,loco,0,0
ישימ,statuo,0,0
ישימ,colloco,0,0
ישימ,locus,0,0
ישימו,impono,0,0
ישימו,impetus,0,0
ישימו,oppugno,0,0
ישימו,antepono,0,0
ישימו,pono,0,0
ישימו,loco,0,0
ישימו,statuo,0,0
ישימו,colloco,0,0
ישימו,locus,0,0
ישימון,solitudo,1,3
ישימון,desero,1,3
ישימונ,fluento,0,0
ישית,inicio,0,0
ישיתו,pono,0,0
ישיתו,loco,0,0
ישיתו,statuo,0,0
ישיתו,colloco,0,0
ישיתו,locus,0,0
ישכמ,surgo,0,0
ישכמ,exsurgo,0,0
ישכנ,interquiesco,0,0
ישכנ,habitabilis,0,0
ישכרו,conduco,0,0
ישכרו,merces,0,0
ישכרו,eloco,0,0
ישלח,mitto,0,0
ישלח,littera,0,0
ישלח,dimitto,0,0
ישלח,aufero,0,0
ישלח,porrigo,0,0
ישלח,amando,0,0
ישלחו,mitto,0,0
ישלחו,littera,0,0
ישלחו,dimitto,0,0
ישלחו,aufero,0,0
ישליכ,iacio,0,0
ישליכ,proicio,0,0
ישליכ,reiecto,0,0
ישליכו,iacio,0,0
ישליכו,proicio,0,0
ישליכו,reiecto,0,0
ישלכ,iacio,0,0
ישלכ,proicio,0,0
ישלכ,reiecto,0,0
ישמ,do,0,0
ישמ,trado,0,0
ישמ,dono,0,0
ישמ,tribuo,0,0
ישמ,concedo,0,0
ישמ,soluo,0,0
ישמ,reddo,0,0
ישמ,stipendium,0,0
ישמ,affero,0,0
ישמ,adduco,0,0
ישמ,attulo,0,0
ישמ,impono,0,0
ישמ,impetus,0,0
ישמ,oppugno,0,0
ישמ,sisto,0,0
ישמ,sto,0,0
ישמ,constituo,0,0
ישמ,erigo,0,0
ישמ,pono,0,0
ישמ,antepono,0,0
ישמ,ordo,0,0
ישמ,loco,0,0
ישמ,statuo,0,0
ישמ,colloco,0,0
ישמ,locus,0,0
ישמו,pono,0,0
ישמו,loco,0,0
ישמו,statuo,0,0
ישמו,colloco,0,0
ישמו,locus,0,0
ישמח,gaudeo,0,0
ישמח,laetor,0,0
ישמח,ualeo,0,0
ישמח,laeto,0,0
ישמח,grando,0,0
ישמח,gaudium,0,0
ישמח,fruor,0,0
ישמח,delecto,0,0
ישמח,uoluptas,0,0
ישמח,laetitia,0,0
ישמיד,pereo,0,0
ישמיד,perdo,0,0
ישמיד,amitto,0,0
ישמיד,mors,0,0
ישמיד,deleo,0,0
ישמיד,intereo,0,0
ישמיד,ruina,0,0
ישמיד,disperdo,0,0
ישמיד,interfacio,0,0
ישמיד,morior,0,0
ישמיד,exitium,0,0
ישמיד,occido,0,0
ישמע,audio,0,0
ישמע,exaudio,0,0
ישמע,ausculto,0,0
ישמע,impero,0,0
ישמע,pareo,0,0
ישמעאלי,reddo,0,7
ישמעאלי,restituo,0,7
ישמעאלי,deduco,0,7
ישמעו,audio,0,0
ישמעו,exaudio,0,0
ישמעו,ausculto,0,0
ישמעונ,audio,0,0
ישמעונ,exaudio,0,0
ישמעונ,ausculto,0,0
ישמר,seruo,0,0
ישמר,custodio,0,0
ישמר,praesidium,0,0
ישמר,caueo,0,0
ישמר,custos,0,0
ישמרו,seruo,0,0
ישמרו,custodio,0,0
ישמרו,praesidium,0,0
ישמרו,caueo,0,0
ישמרו,custos,0,0
ישנ,somnus,0,0
ישנ,sopor,0,0
ישנ,dormio,0,0
ישנ,soporus,0,0
ישנא,odi,0,0
ישנא,odium,0,0
ישנה,uetus,0,0
ישנה,senex,0,0
ישנה,antiquus,0,0
ישע,uerutum,0,151
ישע,seruo,3,151
ישע,conseruo,0,151
ישע,tueor,0,151
ישע,saluus,21,151
ישע,salus,8,151
ישע,libero,20,151
ישע,retineo,0,151
ישע,saluo,43,151
ישע,saluator,21,151
ישע,salutaris,0,151
ישע,incolumitas,0,151
ישעה,suadeo,0,0
ישעה,persuadeo,0,0
ישעה,pareo,0,0
ישעה,oboedio,0,0
ישעה,adduco,0,0
ישעה,persuasio,0,0
ישעה,inductus,0,0
ישעה,credo,0,0
ישפט,iudico,0,0
ישפט,decerno,0,0
ישפט,iudex,0,0
ישפט,iudicium,0,0
ישפט,reciperator,0,0
ישפט,statuo,0,0
ישפטו,iudico,0,0
ישפטו,decerno,0,0
ישפטו,iudex,0,0
ישפטו,iudicium,0,0
ישפטו,reciperator,0,0
ישפטו,statuo,0,0
ישפכ,effundo,0,0
ישפכ,offundo,0,0
ישפכ,defundo,0,0
ישפכו,effundo,0,0
ישפכו,offundo,0,0
ישפכו,defundo,0,0
ישק,suauium,0,0
ישק,basio,0,0
ישק,madefacto,0,0
ישק,amo,0,0
ישק,diligo,0,0
ישק,soleo,0,0
ישק,caritas,0,0
ישק,osculum,0,0
ישק,amor,0,0
ישקו,madefacto,0,0
ישקפ,perspecto,0,0
ישקפ,introspicio,0,0
ישר,plausibilis,0,126
ישר,officium,0,126
ישר,ius,0,126
ישר,dexter,2,126
ישר,opus,6,126
ישר,iudicium,6,126
ישר,iustus,22,126
ישר,iustitia,6,126
ישר,aequitas,5,126
ישר,aequus,1,126
ישר,iustifico,0,126
ישר,oportet,0,126
ישר,pulcher,0,126
ישר,mereo,0,126
ישר,dignus,1,126
ישר,rego,13,126
ישר,bonus,8,126
ישר,ualeo,0,126
ישר,puteus,0,126
ישר,bene,3,126
ישר,formosus,0,126
ישר,nobilis,0,126
ישר,speciosus,0,126
ישר,posterus,0,126
ישר,bellus,0,126
ישר,integer,0,126
ישר,debeo,0,126
ישר,cupitor,0,126
ישר,dirigo,6,126
ישראל,dea,0,2151
ישראל,caelum,32,2151
ישראל,caelus,0,2151
ישראל,hercules,0,2151
ישראל,deus,426,2151
ישראל,deum,0,2151
ישראל,dei,0,2151
ישראל,deo,0,2151
ישראל,numen,0,2151
ישראל,diuus,0,2151
ישראל,populus,227,2151
ישראל,plebs,1,2151
ישראל,uulgus,5,2151
ישראל,turba,6,2151
ישראל,exercitus,104,2151
ישראל,militia,5,2151
ישראל,hospes,0,2151
ישראל,tecolithos,0,2151
ישראל,petrinus,0,2151
ישראל,popularis,0,2151
ישת,bibo,0,0
ישת,poto,0,0
ישת,potus,0,0
ישת,pono,0,0
ישת,loco,0,0
ישת,statuo,0,0
ישת,colloco,0,0
ישת,locus,0,0
ישתה,bibo,0,0
ישתה,poto,0,0
ישתה,potus,0,0
ישתו,bibo,0,0
ישתו,poto,0,0
ישתו,potus,0,0
ישתחו,adoro,0,0
ישתחו,colo,0,0
ישתחו,basio,0,0
ישתחוה,adoro,0,0
ישתחוה,colo,0,0
ישתחוה,basio,0,0
ישתחוו,adoro,0,0
ישתחוו,colo,0,0
ישתחוו,basio,0,0
יתאבל,lugeo,0,0
יתאבל,maereo,0,0
יתאו,uolo,0,0
יתאו,cupiditas,0,0
יתאו,cupio,0,0
יתאו,desidero,0,0
יתב,sedeo,0,2
יתב,consido,0,2
יתגדל,mirifico,0,0
יתגדל,sublimo,0,0
יתד,gomphus,0,19
יתד,iudicium,0,19
יתד,atrium,7,19
יתד,aula,0,19
יתד,phalangae,0,19
יתהלכ,putealis,0,0
יתום,pupillus,31,34
יתום,iudicium,8,34
יתום,compressor,0,34
יתום,uiduus,2,34
יתומ,pupillus,0,0
יתומימ,pupillus,0,0
יתיצב,constituo,0,0
יתיצב,pono,0,0
יתיצב,aduenio,0,0
יתיצבו,sisto,0,0
יתיצבו,sto,0,0
יתיצבו,constituo,0,0
יתיצבו,erigo,0,0
יתיצבו,aduenio,0,0
יתיר,inuidia,0,1
יתיר,uulnifico,0,1
יתיר,nimius,0,1
יתירה,impar,0,0
יתירה,supra,0,0
יתנ,dimitto,0,0
יתנ,relinquo,0,0
יתנ,absoluo,0,0
יתנ,libero,0,0
יתנ,ignosco,0,0
יתנ,permitto,0,0
יתנ,fio,0,0
יתנ,nascor,0,0
יתנ,orior,0,0
יתנ,gigno,0,0
יתנ,sum,0,0
יתנ,do,0,0
יתנ,trado,0,0
יתנ,dono,0,0
יתנ,tribuo,0,0
יתנ,concedo,0,0
יתנ,soluo,0,0
יתנ,reddo,0,0
יתנ,stipendium,0,0
יתנ,impono,0,0
יתנ,impetus,0,0
יתנ,oppugno,0,0
יתנ,deditio,0,0
יתנ,eruo,0,0
יתנ,eripio,0,0
יתנ,pono,0,0
יתנ,loco,0,0
יתנ,statuo,0,0
יתנ,colloco,0,0
יתנ,locus,0,0
יתנבא,coniector,0,0
יתנבאו,coniector,0,0
יתנו,do,0,0
יתנו,trado,0,0
יתנו,dono,0,0
יתנו,tribuo,0,0
יתנו,concedo,0,0
יתנו,soluo,0,0
יתנו,reddo,0,0
יתנו,stipendium,0,0
יתנו,impono,0,0
יתנו,impetus,0,0
יתנו,oppugno,0,0
יתננ,do,0,0
יתננ,trado,0,0
יתננ,dono,0,0
יתננ,tribuo,0,0
יתננ,concedo,0,0
יתננ,soluo,0,0
יתננ,reddo,0,0
יתננ,stipendium,0,0
יתפלל,oro,0,0
יתפלל,quaeso,0,0
יתפלל,quonam,0,0
יתקע,tubula,0,0
יתר,linquo,0,192
יתר,relinquo,13,192
יתר,desero,0,192
יתר,maneo,0,192
יתר,reliquus,79,192
יתר,ceterus,4,192
יתר,ergo,2,192
יתר,persisto,0,192
יתר,moror,1,192
יתר,sto,1,192
יתר,remaneo,29,192
יתר,exspecto,1,192
יתר,resto,1,192
יתר,durus,0,192
יתר,rigidus,0,192
יתר,edurus,0,192
יתרה,reliquus,0,2
יתרה,ceterus,0,2
יתרה,maneo,0,2
יתרה,ergo,0,2
יתרו,gener,0,10
יתרו,socer,0,10
יתרון,lucrum,0,9
יתרון,commodum,0,9
יתרון,praeda,0,9
יתרון,quaestus,0,9
יתרון,emolumentum,0,9
יתרון,auxilium,0,9
יתרון,seruio,1,9
יתרת,uterus,0,11
יתרת,praecordia,0,11
יתרת,hepatia,0,11
יתרת,renes,4,11
יתרת,aruina,0,11
כאה,afformido,0,1
כבד,grauis,16,147
כבד,ponderosus,0,147
כבד,gloria,3,147
כבד,fama,1,147
כבד,sententia,0,147
כבד,existimatio,0,147
כבד,laus,1,147
כבד,opinio,0,147
כבד,glorifico,20,147
כבד,opinor,0,147
כבד,conforto,0,147
כבד,ualidus,1,147
כבד,fortis,2,147
כבד,robustus,1,147
כבד,firmus,0,147
כבד,uehemens,1,147
כבד,magnus,4,147
כבד,ingens,0,147
כבד,immanis,0,147
כבד,uastus,0,147
כבד,grandis,0,147
כבד,multus,7,147
כבד,superus,0,147
כבד,summus,0,147
כבד,alo,0,147
כבד,longus,1,147
כבד,diu,0,147
כבד,procul,0,147
כבד,absum,1,147
כבד,honor,4,147
כבד,aestimo,0,147
כבה,extro,0,24
כבה,exeo,0,24
כבה,egredior,5,24
כבה,prodeo,0,24
כבה,iniquus,0,24
כבה,iniustus,0,24
כבה,iniuria,0,24
כבוד,ualeo,0,135
כבוד,garyophyllon,0,135
כבוד,cardamomum,0,135
כבוד,pondus,0,135
כבוד,gloria,106,135
כבוד,fama,0,135
כבוד,sententia,0,135
כבוד,existimatio,0,135
כבוד,laus,3,135
כבוד,opinio,0,135
כבוד,stabulum,0,135
כבוד,caula,0,135
כבוד,scaena,0,135
כבוד,pondo,0,135
כבוד,honor,5,135
כבוד,dignitas,0,135
כבוד,pretium,1,135
כבוד,decus,0,135
כבוד,honorem,0,135
כבוד,honoris,0,135
כבס,lauo,36,46
כבס,abluo,0,46
כבס,perluo,0,46
כבס,immundus,17,46
כבס,uesper,14,46
כבס,crepusculum,0,46
כבס,occidens,0,46
כבס,occasus,1,46
כבס,uesperus,4,46
כבס,uespertinus,0,46
כבס,uestis,9,46
כבס,uestimentum,25,46
כבס,pallium,1,46
כבס,toga,0,46
כבס,ordo,1,46
כבס,homo,4,46
כבס,corpus,7,46
כבר,cernentia,0,18
כבר,tuor,0,18
כבר,flumen,3,18
כבר,fluuius,5,18
כבר,amnis,0,18
כברה,porrigo,0,4
כברת,quadrigarius,0,0
כבש,domo,0,113
כבש,subigo,1,113
כבש,uinco,0,113
כבש,expugno,0,113
כבש,lucrifuga,0,113
כבש,ultimo,0,113
כבש,agninus,0,113
כבש,irreprehensus,0,113
כבש,annotinus,0,113
כבש,anniculus,35,113
כבש,aries,60,113
כבש,uitulus,29,113
כבש,iuuencus,0,113
כבש,iunix,0,113
כבשה,ouis,5,8
כבשה,pecus,0,8
כבשה,grex,1,8
כבשה,pecuarius,0,8
כבשנ,furnus,0,0
כבשנ,camino,0,0
כד,habeo,2,17
כד,teneo,1,17
כד,possideo,0,17
כד,hirnea,0,17
כד,urna,0,17
כד,madefacto,0,17
כדבה,iaceo,0,1
כדבה,cubo,0,1
כדבה,mendacium,0,1
כדבה,dormio,0,1
כדבה,mentior,0,1
כדבה,fallo,0,1
כדבה,falsum,0,1
כדבה,sophisma,0,1
כה,aurora,0,536
כה,mane,3,536
כה,usque,14,536
כה,dum,0,536
כה,quoad,0,536
כה,donec,9,536
כה,quasi,18,536
כה,sicut,19,536
כה,similis,1,536
כה,tamquam,0,536
כה,par,0,536
כה,uia,14,536
כה,sic,40,536
כה,talis,1,536
כה,iter,2,536
כה,modus,1,536
כה,ita,8,536
כה,tantus,1,536
כה,pulto,0,536
כהה,hebesco,0,17
כהה,cutis,2,17
כהה,pellis,0,17
כהה,corium,0,17
כהה,tergus,0,17
כהה,abscondo,0,17
כהה,membrana,0,17
כהל,possum,1,1
כהל,ualeo,0,1
כהל,potestas,0,1
כהל,uis,0,1
כהל,uirtus,0,1
כהל,imperium,0,1
כהל,queo,0,1
כהלינ,possum,0,0
כהלינ,ualeo,0,0
כהלינ,potestas,0,0
כהלינ,uis,0,0
כהלינ,uirtus,0,0
כהלינ,imperium,0,0
כהלינ,queo,0,0
כהן,sacerdos,514,660
כהן,pontifex,15,660
כהנ,presbyteratus,0,0
כהנ,sacricola,0,0
כהנ,sacerdos,0,0
כהנ,pontifex,0,0
כהנה,sacerdotium,9,12
כהני,sacerdos,0,0
כהני,pontifex,0,0
כהנימ,sacerdos,0,0
כהנימ,pontifex,0,0
כוב,libya,1,1
כוב,africanus,0,1
כוב,ripa,0,1
כובס,uinitor,0,0
כובע,galea,4,6
כובע,arietinus,0,6
כובע,cucullio,0,6
כוכב,astrum,5,30
כוכב,sidus,3,30
כוכב,stella,21,30
כוכב,stello,0,30
כוכב,sol,7,30
כוכב,phoebus,0,30
כוכב,solis,0,30
כוכב,luna,8,30
כוכב,plenilunium,0,30
כוכב,lunae,0,30
כוכב,phoebe,0,30
כוכבי,astrum,0,0
כוכבי,sidus,0,0
כוכבי,stella,0,0
כוכבי,stello,0,0
כוכבי,ceu,0,0
כוכבי,uelut,0,0
כוכבימ,astrum,0,0
כוכבימ,sidus,0,0
כוכבימ,stella,0,0
כוכבימ,stello,0,0
כומז,lorica,0,2
כומז,thorax,0,2
כומז,rationalis,0,2
כון,praeparo,37,156
כון,promptus,0,156
כון,parito,0,156
כונ,pax,0,0
כונ,otium,0,0
כונ,habeo,0,0
כונ,teneo,0,0
כונ,possideo,0,0
כונ,dea,0,0
כונ,caelum,0,0
כונ,caelus,0,0
כונ,hercules,0,0
כונ,deus,0,0
כונ,deum,0,0
כונ,dei,0,0
כונ,deo,0,0
כונ,numen,0,0
כונ,diuus,0,0
כוננו,praeparo,0,0
כוס,potorius,0,22
כוס,rhytium,0,22
כוס,calix,18,22
כוס,camella,0,22
כוס,soror,3,22
כוס,germana,0,22
כוס,sororius,0,22
כוס,bibo,8,22
כוס,poto,0,22
כוס,potus,1,22
כור,furnus,0,9
כור,camino,0,9
כור,ferrum,1,9
כור,ferreus,3,9
כור,gladius,0,9
כורש,cyrus,17,17
כורש,regnum,5,17
כוש,aethiops,1,26
כוש,aethiopia,11,26
כוש,aethiopis,0,26
כוש,puluero,0,26
כוש,flumen,2,26
כוש,fluuius,1,26
כוש,amnis,0,26
כושרה,felicitas,0,0
כושרה,fortuna,0,0
כושרה,beatitudo,0,0
כזב,iaceo,0,32
כזב,cubo,0,32
כזב,mendacium,17,32
כזב,dormio,0,32
כזב,mentior,7,32
כזב,fallo,0,32
כזב,falsum,0,32
כזב,sophisma,0,32
כזב,cassus,1,32
כח,exercitus,3,99
כח,copia,0,99
כח,uis,6,99
כח,uirtus,10,99
כח,imperium,2,99
כח,potentia,2,99
כח,cogo,0,99
כח,opis,0,99
כח,robur,9,99
כח,fortitudo,51,99
כח,potestas,0,99
כח,praeualeo,0,99
כחש,fallo,1,21
כחש,mentior,6,21
כחש,mendacium,6,21
כחש,iaceo,0,21
כחש,dormio,0,21
כידון,telum,0,9
כידון,iaculum,0,9
כידון,sagitta,1,9
כידון,missile,0,9
כידון,scapus,0,9
כידון,tela,0,9
כידונ,clipeus,0,0
כידונ,scutum,0,0
כידונ,parma,0,0
כיס,sacculus,2,5
כיר,focus,0,1
כיר,domesticus,0,1
ככה,uia,1,34
ככה,sic,22,34
ככה,talis,0,34
ככה,iter,0,34
ככה,modus,1,34
ככה,ita,1,34
ככה,tantus,1,34
ככה,sicut,2,34
ככר,dependeo,0,55
ככר,circumcurro,0,55
ככר,circumsecus,0,55
ככר,talentum,31,55
ככר,trutina,0,55
ככר,pecunia,0,55
ככר,argenteus,2,55
ככר,nummus,1,55
ככר,argentum,17,55
ככר,aurum,19,55
ככר,aureus,2,55
ככרימ,talentum,0,0
ככרימ,trutina,0,0
כל,totus,109,3877
כל,uniuersus,684,3877
כל,cunctus,456,3877
כל,omnis,2539,3877
כל,dux,35,3877
כל,imperator,1,3877
כל,sepiola,0,3877
כל,sepia,0,3877
כלא,sustineo,0,22
כלא,retineo,0,22
כלא,possessio,0,22
כלא,teneo,0,22
כלא,prohibeo,7,22
כלא,impedio,0,22
כלא,ueto,0,22
כלא,custodia,0,22
כלא,uigilia,0,22
כלא,praesidium,0,22
כלא,carcer,9,22
כלא,uinculum,0,22
כלא,custos,0,22
כלב,canis,24,62
כלב,caninus,0,62
כלבימ,canis,0,0
כלבימ,caninus,0,0
כלה,peccatus,0,226
כלה,nympha,0,226
כלה,sponsa,17,226
כלה,noua nupta,0,226
כלה,nymphe,0,226
כלה,puella,2,226
כלה,totus,1,226
כלה,uniuersus,11,226
כלה,cunctus,8,226
כלה,omnis,39,226
כלה,cesso,6,226
כלה,desino,0,226
כלה,desisto,0,226
כלה,maneo,0,226
כלה,finis,2,226
כלה,conficio,1,226
כלו,linquo,0,0
כלו,conficio,0,0
כלוא,carcer,0,0
כלוא,uinculum,0,0
כלוא,phylaca,0,0
כלוא,custodia,0,0
כלוא,uigilia,0,0
כלוא,praesidium,0,0
כלוא,custos,0,0
כלוב,panarium,0,5
כלוב,cophinus,0,5
כלות,conficio,0,0
כלי,cratera,1,270
כלי,paruus,2,270
כלי,exiguus,0,270
כלי,paulum,0,270
כלי,breuis,0,270
כלי,modicus,1,270
כלי,paulus,0,270
כלי,periratus,0,270
כלי,temperaculum,0,270
כלי,totus,0,270
כלי,uniuersus,20,270
כלי,cunctus,16,270
כלי,omnis,83,270
כלי,uasum,0,270
כלי,nauis,1,270
כלי,impedimentum,0,270
כלי,uas,157,270
כליה,uterus,0,21
כליה,praecordia,0,21
כליה,hepatia,0,21
כליה,renes,8,21
כליה,aruina,0,21
כליות,renes,0,0
כליל,uniuersus,1,14
כליל,dux,0,14
כליל,imperator,0,14
כליל,sepiola,0,14
כליל,totus,3,14
כליל,sepia,0,14
כליל,omnino,0,14
כליל,artius,0,14
כליל,cunctus,0,14
כליל,omnis,1,14
כליל,formositas,0,14
כליל,pulchritudo,0,14
כלימ,uasum,0,0
כלימ,nauis,0,0
כלימ,impedimentum,0,0
כלימ,uas,0,0
כלית,renes,0,0
כלל,perficio,0,9
כלם,uasum,0,32
כלם,nauis,0,32
כלם,impedimentum,0,32
כלם,uas,1,32
כלמה,declinis,0,22
כלמה,contumelia,0,22
כלמה,uiolo,0,22
כלמה,superbia,0,22
כלמה,insolentia,0,22
כלמה,uis,0,22
כלמה,arrogantia,0,22
כלמה,pudor,0,22
כלמה,dedecus,0,22
כלמה,ignominia,7,22
כלמה,humilito,0,22
כלמה,tormentum,0,22
כלמה,experimentum,0,22
כלמות,contumelia,0,1
כלמות,uiolo,0,1
כלמות,superbia,0,1
כלמות,insolentia,0,1
כלמות,uis,0,1
כלמות,arrogantia,0,1
כלמת,declinis,0,0
כלת,quando,0,0
כלת,nympha,0,0
כלת,sponsa,0,0
כלת,noua nupta,0,0
כלת,nymphe,0,0
כלת,puella,0,0
כלת,conficio,0,0
כלתה,linquo,0,0
כמ,frater,0,0
כמ,germanus,0,0
כמ,pecco,0,0
כמ,error,0,0
כמ,peccatum,0,0
כמ,stercus,0,0
כמ,rex,0,0
כמ,tyrannus,0,0
כמ,dominus,0,0
כמ,princeps,0,0
כמ,regis,0,0
כמ,regem,0,0
כמ,regi,0,0
כמ,crux,0,0
כמ,transeo,0,0
כמ,transgredior,0,0
כמ,gloria,0,0
כמ,fama,0,0
כמ,sententia,0,0
כמ,existimatio,0,0
כמ,laus,0,0
כמ,opinio,0,0
כמ,causa,0,0
כמ,propter,0,0
כמ,quia,0,0
כמ,ratio,0,0
כמ,ob,0,0
כמ,sicut,0,0
כמ,imperatus,0,0
כמ,uenio,0,0
כמ,eo,0,0
כמ,pergo,0,0
כמ,meo,0,0
כמ,edo,0,0
כמ,comedo,0,0
כמ,uescor,0,0
כמ,manduco,0,0
כמ,inquam,0,0
כמ,dea,0,0
כמ,caelum,0,0
כמ,caelus,0,0
כמ,hercules,0,0
כמ,deus,0,0
כמ,deum,0,0
כמ,dei,0,0
כמ,deo,0,0
כמ,numen,0,0
כמ,diuus,0,0
כמ,animus,0,0
כמ,mens,0,0
כמ,cor,0,0
כמ,cordis,0,0
כמ,pectus,0,0
כמ,hereditas,0,0
כמ,possessio,0,0
כמ,hereditarius,0,0
כמ,columbar,0,0
כמ,melium,0,0
כמ,auctoritas,0,0
כמ,erus,0,0
כמ,potestas,0,0
כמ,medius,0,0
כמ,medion,0,0
כמ,centrum,0,0
כמ,medio,0,0
כמ,mater,0,0
כמ,genetrix,0,0
כמ,parens,0,0
כמ,matrem,0,0
כמ,matri,0,0
כמ,matris,0,0
כמ,solus,0,0
כמ,unus,0,0
כמ,modo,0,0
כמ,uia,0,0
כמ,iter,0,0
כמ,semita,0,0
כמ,modus,0,0
כמ,nomen,0,0
כמ,uerbum,0,0
כמ,sermo,0,0
כמ,nomino,0,0
כמ,quotiens,0,0
כמ,quoniam,0,0
כמ,filius,0,0
כמ,puer,0,0
כמ,iuuencus,0,0
כמ,filia,0,0
כמ,nascor,0,0
כמ,pueri,0,0
כמ,puerum,0,0
כמ,natus,0,0
כמ,totus,0,0
כמ,uniuersus,0,0
כמ,cunctus,0,0
כמ,omnis,0,0
כמ,pater,0,0
כמ,genitor,0,0
כמ,paternus,0,0
כמ,patri,0,0
כמ,patrem,0,0
כמ,patris,0,0
כמ,ouis,0,0
כמ,pecus,0,0
כמ,grex,0,0
כמ,pecuarius,0,0
כמ,hodie,0,0
כמ,itis,0,0
כמ,semen,0,0
כמ,stirps,0,0
כמ,proles,0,0
כמ,semento,0,0
כמ,genus,0,0
כמ,quasi,0,0
כמ,similis,0,0
כמ,talis,0,0
כמ,tantus,0,0
כמ,metus,0,0
כמ,pauor,0,0
כמ,terror,0,0
כמ,timor,0,0
כמ,formido,0,0
כמ,timeo,0,0
כמ,metuo,0,0
כמ,uereor,0,0
כמ,uox,0,0
כמ,manus,0,0
כמ,arma,0,0
כמ,bracchium,0,0
כמ,anima,0,0
כמ,spiritus,0,0
כמ,aetas,0,0
כמ,uita,0,0
כמ,animae,0,0
כמו,quasi,19,99
כמו,sicut,20,99
כמו,similis,42,99
כמו,tamquam,0,99
כמו,par,0,99
כמו,uelut,3,99
כמריר,tenebrae,1,1
כמריר,caligo,1,1
כמריר,tenebricosus,0,1
כן,uia,11,522
כן,sic,140,522
כן,talis,7,522
כן,iter,1,522
כן,modus,10,522
כן,ita,60,522
כן,tantus,1,522
כן,sicut,96,522
כנ,ibi,0,0
כנ,causa,0,0
כנ,propter,0,0
כנ,quia,0,0
כנ,ratio,0,0
כנ,ob,0,0
כנ,sicut,0,0
כנ,quotiens,0,0
כנ,quoniam,0,0
כנ,pater,0,0
כנ,genitor,0,0
כנ,parens,0,0
כנ,paternus,0,0
כנ,patri,0,0
כנ,patrem,0,0
כנ,patris,0,0
כנ,locus,0,0
כנ,regio,0,0
כנ,ager,0,0
כנ,itidem,0,0
כנה,honor,0,5
כנה,aestimo,0,5
כנה,dignitas,0,5
כנה,pretium,0,5
כנה,decus,0,5
כנה,honorem,0,5
כנה,honoris,0,5
כנור,cithara,25,28
כנור,lyra,5,28
כנור,psalterium,10,28
כנור,tibia,2,28
כנור,fistula,0,28
כנור,tympanum,8,28
כנימ,pacalis,0,0
כנימ,pacifero,0,0
כנמא,uia,0,5
כנמא,sic,1,5
כנמא,talis,0,5
כנמא,iter,0,5
כנמא,modus,0,5
כנמא,ita,1,5
כנמא,tantus,0,5
כנמא,sicut,0,5
כננתי,restibilio,0,0
כנענ,cybaeus,0,0
כנעני,cybaeus,0,71
כנף,ala,34,71
כנף,columna,0,71
כנף,penna,2,71
כנף,cornu,0,71
כנפ,templum,0,0
כנפ,fanum,0,0
כנפ,delubrum,0,0
כנפ,flabellum,0,0
כנפ,ala,0,0
כנפ,penna,0,0
כנפ,obtectus,0,0
כנפ,instratum,0,0
כנפי,ala,0,0
כנפי,penna,0,0
כנפימ,ala,0,0
כנפימ,penna,0,0
כנרת,ortus,0,7
כנרת,exortiuus,0,7
כנש,grego,0,2
כנש,congrego,2,2
כנש,colligo,0,2
כנש,coeo,0,2
כנת,socius,0,8
כנת,comes,0,8
כנת,amicus,0,8
כנת,sodalis,0,8
כנת,commilito,0,8
כסא,currus,2,107
כסא,sella,5,107
כסא,sessio,0,107
כסא,consentium,0,107
כסא,solium,60,107
כסא,thronus,39,107
כסא,sedes,4,107
כסא,sedeo,51,107
כסא,consido,0,107
כסאות,solium,0,0
כסאות,thronus,0,0
כסאות,sella,0,0
כסאות,sedes,0,0
כסה,solium,1,130
כסה,thronus,0,130
כסה,sella,0,130
כסה,sedes,0,130
כסה,tego,7,130
כסה,uelo,3,130
כסה,operio,78,130
כסוי,protectus,0,2
כסוי,opertus,0,2
כסות,tego,0,8
כסות,uelo,0,8
כסות,operio,1,8
כסות,tegile,0,8
כסות,protectus,0,8
כסות,opertus,0,8
כסח,praecido,0,1
כסח,abscido,0,1
כסח,caesa,0,1
כסילות,contumelia,0,1
כסילות,uiolo,0,1
כסילות,superbia,0,1
כסילות,insolentia,0,1
כסילות,uis,0,1
כסילות,arrogantia,0,1
כסל,lumbus,0,11
כסל,hepatia,0,11
כסל,femur,0,11
כסל,renes,1,11
כסל,abstulo,0,11
כסל,aruina,1,11
כסלה,animus,0,1
כסלה,fiducia,0,1
כסלה,conforto,0,1
כסלה,metuo,0,1
כסלה,spero,0,1
כסלה,confido,0,1
כסלה,existimo,0,1
כסלה,credo,0,1
כסלה,hercules,0,1
כסלה,edepol,0,1
כסלה,pol,0,1
כסלה,pignus,0,1
כסלה,fidelitas,0,1
כסלה,fides,0,1
כסף,argenteus,75,338
כסף,argentum,171,338
כסף,pecunia,59,338
כסף,nummus,1,338
כסף,aurum,106,338
כסף,aureus,30,338
כספ,argenteus,0,0
כספ,argentum,0,0
כספ,pecunia,0,0
כספ,nummus,0,0
כספ,empticius,0,0
כספ,aurum,0,0
כספ,aureus,0,0
כעס,animus,0,63
כעס,spiritus,0,63
כעס,furor,2,63
כעס,ira,8,63
כעס,cor,2,63
כעס,pectus,0,63
כעס,amor,0,63
כעס,mens,1,63
כעס,libido,0,63
כעס,pectoralis,0,63
כעס,animi,0,63
כעס,iracundia,18,63
כעס,impius,0,63
כעס,malus,3,63
כעס,improbus,0,63
כעת,creo,0,1
כעת,crastinus,0,1
כעת,perendinus,0,1
כעת,tempus,0,1
כעת,occasio,0,1
כעת,facultas,0,1
כעת,potestas,0,1
כעת,hora,0,1
כעת,prospicus,0,1
כף,palma,5,153
כף,pedum,0,153
כף,pedes,0,153
כף,pes,20,153
כפ,uestigium,0,0
כפ,pedum,0,0
כפ,pedes,0,0
כפ,pes,0,0
כפ,manus,0,0
כפ,arma,0,0
כפ,bracchium,0,0
כפה,sagitto,0,6
כפור,unus,0,5
כפור,complures,0,5
כפור,alter,0,5
כפור,quisque,0,5
כפות,uestigium,0,0
כפיר,leo,21,24
כפיר,scymnus,0,24
כפיר,uenatio,0,24
כפיר,uenatus,0,24
כפירימ,leo,0,0
כפף,flexo,0,2
כפר,fio,4,107
כפר,nascor,0,107
כפר,orior,0,107
כפר,gigno,0,107
כפר,sum,45,107
כפר,propitio,5,107
כפר,tego,0,107
כפר,uelo,0,107
כפר,operio,0,107
כפרים,propitio,2,8
כפרת,monasteriolum,0,22
כפרת,tego,4,22
כפרת,uelo,0,22
כפרת,operio,2,22
כפרת,uelaris,0,22
כפרת,obnubo,0,22
כפרת,arca,7,22
כפרת,proba,0,22
כפש,paueo,0,1
כפש,tremo,0,1
כפתור,lychnuchus,0,14
כפתור,quadraginta,0,14
כפתור,quattuor,2,14
כר,hircinus,0,20
כרה,fodio,10,13
כרה,perfosso,0,13
כרוב,ala,16,65
כרוב,penna,0,65
כרוז,nuntius,0,1
כרוז,praeco,1,1
כרז,nuncupo,0,0
כרז,nuntio,0,0
כרז,pronuntio,0,0
כרז,declaro,0,0
כרז,praedico,0,0
כרז,praeco,0,0
כריתות,liber,1,4
כריתות,uolumen,0,4
כריתות,libellus,3,4
כריתות,tabula,0,4
כרכב,scutarius,0,2
כרכב,labium,0,2
כרכב,labrum,0,2
כרם,uineus,0,82
כרם,hortulus,0,82
כרם,ager,20,82
כרם,fundus,0,82
כרם,campus,0,82
כרם,praedium,0,82
כרם,uilla,0,82
כרמ,uitis,0,0
כרמ,mados,0,0
כרמימ,uitis,0,0
כרמימ,mados,0,0
כרמימ,locus,0,0
כרמימ,terra,0,0
כרמימ,ager,0,0
כרמימ,castellum,0,0
כרמל,mons,9,36
כרמל,iugum,1,36
כרמל,collis,0,36
כרמל,serum,0,36
כרמל,terminus,1,36
כרמל,silua,0,36
כרמל,uirgultum,0,36
כרמל,libanus,6,36
כרמל,tusculum,0,36
כרמל,tureus,0,36
כרמלי,duo,3,7
כרמלי,uterque,0,7
כרסא,solium,0,0
כרסא,thronus,0,0
כרסא,sella,0,0
כרסא,sedes,0,0
כרסונ,solium,0,0
כרסונ,thronus,0,0
כרסונ,sella,0,0
כרסונ,sedes,0,0
כרע,pedum,0,25
כרע,pedes,0,25
כרע,pes,1,25
כרע,genu,9,25
כרע,poples,1,25
כרע,genus,0,25
כרע,aurum,0,25
כרע,os,4,25
כרע,labium,0,25
כרע,labrum,0,25
כרע,osculum,0,25
כרעים,crus,2,9
כרעים,internodium,0,9
כרעים,impono,0,9
כרעים,impetus,0,9
כרעים,oppugno,0,9
כרעים,olfactus,0,9
כרעים,pedum,0,9
כרעים,pedes,0,9
כרעים,pes,8,9
כרפס,lineus,0,1
כרפס,linum,0,1
כרר,praesulto,0,2
כרר,saltatio,0,2
כרר,chorus,0,2
כרש,aluus,0,1
כרש,uenter,1,1
כרש,uterus,0,1
כרש,praecordia,0,1
כרת,dispono,0,256
כרת,seco,1,256
כרת,caedo,4,256
כרת,scindo,0,256
כרת,caesa,0,256
כרתי,dispono,0,8
כשב,capra,10,13
כשב,caper,0,13
כשב,hircus,1,13
כשב,caprinus,0,13
כשב,hircinus,0,13
כשב,probata,0,13
כשב,uitulus,0,13
כשב,iuuencus,0,13
כשב,iunix,0,13
כשב,ouis,10,13
כשב,pecus,1,13
כשב,grex,3,13
כשב,pecuarius,0,13
כשב,protentus,0,13
כשבימ,probata,0,0
כשדימ,regio,0,0
כשדימ,terra,0,0
כשדימ,locus,0,0
כשדימ,finis,0,0
כשדימ,ager,0,0
כשדימ,rus,0,0
כשי,aethiops,6,19
כשי,aethiopia,0,19
כשי,aethiopis,0,19
כשיל,securis,0,0
כשימ,aethiops,0,0
כשימ,aethiopia,0,0
כשימ,aethiopis,0,0
כשל,suboffendo,0,44
כשל,concido,2,44
כשף,pharmacus,0,12
כשף,lustramen,0,12
כשפ,ueneficium,0,0
כשר,succedo,0,3
כשר,successor,0,3
כשר,subsequus,0,3
כשר,dirigo,0,3
כשרון,lucrum,0,3
כשרון,plenus,0,3
כשרון,utilitas,0,3
כשרון,confero,0,3
כשרון,auxilior,0,3
כשרון,auxilium,0,3
כשרון,seruio,0,3
כתב,pictura,0,215
כתב,littera,13,215
כתב,censeo,0,215
כתב,scribo,170,215
כתב,contraho,0,215
כתב,liber,81,215
כתב,uolumen,8,215
כתב,libellus,3,215
כתב,tabula,11,215
כתבימ,littera,0,0
כתבימ,censeo,0,0
כתבימ,scribo,0,0
כתבתי,littera,0,0
כתבתי,censeo,0,0
כתבתי,scribo,0,0
כתוב,pictura,0,0
כתוב,littera,0,0
כתוב,censeo,0,0
כתוב,scribo,0,0
כתובה,littera,0,0
כתובה,censeo,0,0
כתובה,scribo,0,0
כתובימ,littera,0,0
כתובימ,censeo,0,0
כתובימ,scribo,0,0
כתית,mundus,0,4
כתית,purus,3,4
כתית,oleum,4,4
כתית,olearius,0,4
כתית,olearis,0,4
כתל,murus,0,2
כתל,paries,2,2
כתל,moenia,0,2
כתל,costa,0,2
כתם,aureus,1,8
כתם,aurum,4,8
כתנת,tunica,20,26
כתנת,tunico,0,26
כתנת,induo,8,26
כתנת,inito,0,26
כתנת,uarius,0,26
כתף,humerus,8,58
כתף,umerus,11,58
כתף,crudus,0,58
כתף,dorsum,0,58
כתף,tergum,0,58
כתף,retro,1,58
כתף,porta,8,58
כתף,ianua,0,58
כתף,fores,0,58
כתף,limen,1,58
כתף,ostium,2,58
כתף,portae,0,58
כתפ,dorsum,0,0
כתפ,tergum,0,0
כתפ,retro,0,0
כתפ,platys,0,0
כתפ,humerus,0,0
כתפ,umerus,0,0
כתפ,crudus,0,0
כתפת,humerus,0,0
כתפת,umerus,0,0
כתפת,crudus,0,0
כתר,circulus,0,6
כתר,orbis,0,6
כתר,orbiculor,0,6
כתרת,colice,0,12
כתרת,doma,0,12
כתרת,cubitus,0,12
כתרת,cubitum,5,12
כתרת,quadraginta,0,12
כתרת,quattuor,1,12
כתרת,rota,0,12
כתרת,altitudo,3,12
כתרת,arx,0,12
כתרת,regio,0,12
כתרת,terra,0,12
כתרת,locus,0,12
כתרת,finis,0,12
כתרת,ager,0,12
כתרת,rus,0,12
לאה,praeda,0,49
לאה,spolium,0,49
לאה,praedor,0,49
לאה,colleuo,0,49
לאה,deleuo,0,49
לאם,populus,15,18
לאם,qui,6,18
לאם,humanus,0,18
לאם,iste,1,18
לאם,orbis,1,18
לאם,plebs,1,18
לאם,mundum,0,18
לאם,uir,0,18
לאם,homo,1,18
לאם,uulgus,0,18
לאם,terra,2,18
לאם,contio,0,18
לאם,communis,0,18
לאם,ecclesia,0,18
לאם,ager,0,18
לאם,praepinguis,0,18
לאם,unguinosus,0,18
לאם,gens,7,18
לאם,natio,0,18
לאם,prouincia,0,18
לאם,tribus,0,18
לאם,turba,1,18
לאם,exercitus,1,18
לאם,militia,0,18
לאם,hospes,0,18
לאם,tecolithos,0,18
לאם,petrinus,0,18
לאם,popularis,0,18
לאם,multitudo,2,18
לאם,numero,0,18
לאם,numerus,0,18
לאמ,populus,0,0
לאמ,plebs,0,0
לאמ,uulgus,0,0
לאמ,turba,0,0
לאמ,exercitus,0,0
לאמ,militia,0,0
לאמ,hospes,0,0
לאמ,tecolithos,0,0
לאמ,petrinus,0,0
לאמ,popularis,0,0
לאמימ,praetor,0,0
לאמימ,gens,0,0
לאמימ,natio,0,0
לאמימ,populus,0,0
לאמימ,prouincia,0,0
לאמימ,tribus,0,0
לאמימ,plebs,0,0
לאמימ,uulgus,0,0
לאמימ,turba,0,0
לאמימ,exercitus,0,0
לאמימ,militia,0,0
לאמימ,hospes,0,0
לאמימ,tecolithos,0,0
לאמימ,petrinus,0,0
לאמימ,popularis,0,0
לאמר,dico,0,0
לאמר,loquor,0,0
לאמר,aio,0,0
לאמר,uoco,0,0
לאמר,appello,0,0
לב,animus,15,456
לב,mens,15,456
לב,cogitatio,10,456
לב,ipse,15,456
לב,sui,13,456
לב,cor,338,456
לב,pectus,2,456
לב,praecordia,0,456
לב,spiritus,14,456
לב,furor,3,456
לב,ira,6,456
לב,amor,1,456
לב,libido,0,456
לב,pectoralis,0,456
לב,animi,0,456
לב,cordis,0,456
לב,fatum,0,456
לב,mors,4,456
לב,letum,0,456
לב,defunctus,0,456
לב,populus,32,456
לב,plebs,0,456
לב,uulgus,1,456
לב,turba,0,456
לב,exercitus,9,456
לב,militia,0,456
לב,hospes,0,456
לב,tecolithos,0,456
לב,petrinus,0,456
לב,popularis,0,456
לב,ingenium,0,456
לב,consilium,5,456
לב,sensus,2,456
לב,mentis,0,456
לב,anima,19,456
לב,aetas,1,456
לב,uita,6,456
לב,animae,0,456
לבא,leo,0,0
לבאה,leaena,0,1
לבב,animus,7,191
לבב,mens,7,191
לבב,cogitatio,8,191
לבב,cor,154,191
לבב,pectus,0,191
לבב,praecordia,0,191
לבב,spiritus,4,191
לבב,furor,3,191
לבב,ira,2,191
לבב,amor,1,191
לבב,libido,0,191
לבב,pectoralis,0,191
לבב,animi,0,191
לבב,cordis,0,191
לבב,fatum,0,191
לבב,mors,1,191
לבב,letum,0,191
לבב,defunctus,0,191
לבב,ingenium,0,191
לבב,consilium,0,191
לבב,sensus,0,191
לבב,mentis,0,191
לבב,anima,19,191
לבב,aetas,0,191
לבב,uita,4,191
לבב,animae,0,191
לבבה,agninus,0,3
לבד,solus,0,0
לבד,unus,0,0
לבד,modo,0,0
לבד,saluo,0,0
לבד,nisi,0,0
לבד,praeterea,0,0
לבד,separatim,0,0
לבה,quatio,0,2
לבה,concutio,0,2
לבה,quasso,0,2
לבוש,theristrum,0,36
לבוש,protectus,0,36
לבוש,induo,10,36
לבוש,inito,0,36
לבוש,uestis,8,36
לבוש,uestimentum,6,36
לבוש,pallium,1,36
לבוש,toga,0,36
לבות,animus,0,0
לבות,mens,0,0
לבות,cor,0,0
לבות,cordis,0,0
לבות,pectus,0,0
לבט,calco,0,3
לביא,leo,11,14
לביא,scymnus,0,14
לבימ,anguis,0,0
לבן,albus,12,103
לבן,candidus,3,103
לבן,lelepris,0,103
לבן,ophthalmias,0,103
לבנ,albus,0,0
לבנ,candidus,0,0
לבנ,lelepris,0,0
לבנ,ophthalmias,0,0
לבנה,libanus,1,58
לבנה,tusculum,0,58
לבנה,tureus,0,58
לבנה,later,2,58
לבנה,testaceus,0,58
לבנה,albus,0,58
לבנה,candidus,0,58
לבנה,lelepris,0,58
לבנה,ophthalmias,0,58
לבנון,libanus,48,54
לבנון,tusculum,0,54
לבנון,tureus,0,54
לבנון,cedrinus,2,54
לבנון,cedrus,13,54
לבנונ,libanus,0,0
לבנונ,tusculum,0,0
לבנונ,tureus,0,0
לבש,induo,47,80
לבש,inito,0,80
לבש,amictus,0,80
לבש,uestis,19,80
לבש,uestimentum,19,80
לבש,uestitus,0,80
לבש,pallium,3,80
לבש,toga,0,80
לבשי,induo,0,0
לבשי,inito,0,0
לג,silua,0,5
לג,tignum,0,5
לג,materia,0,5
לג,lignum,0,5
לג,agninus,0,5
לג,oleum,5,5
לג,olearius,0,5
לג,olearis,0,5
לג,acetabulum,0,5
לדה,generatio,0,5
לדה,saeculum,0,5
לדה,progenies,0,5
לדה,familia,0,5
לדה,gener,0,5
לדה,genu,0,5
לדה,cognatio,0,5
לדה,natio,0,5
לדה,genus,0,5
לדה,gentis,0,5
לדה,stirps,0,5
לדה,gens,0,5
לדה,generis,0,5
לדה,gigno,0,5
לדה,pario,1,5
לדה,fero,0,5
לדה,genero,0,5
לדת,quando,0,0
לדת,gigno,0,0
לדת,pario,0,0
לדת,fero,0,0
לדת,genero,0,0
להב,flamma,5,9
להב,ignis,4,9
להבה,flamma,11,12
להבה,ignis,12,12
להבה,uro,0,12
להבה,incendo,0,12
להבה,cremo,0,12
להבה,ardeo,1,12
להבה,succendo,5,12
להבת,flamma,0,2
להבת,ignis,0,2
להוא,fio,0,0
להוא,nascor,0,0
להוא,orior,0,0
להוא,gigno,0,0
להוא,sum,0,0
להוא,officium,0,0
להוא,ius,0,0
להוא,dexter,0,0
להוא,opus,0,0
להט,flamma,2,6
להט,ignis,3,6
להם,hirundo,0,2
להם,deuoro,0,2
להן,ergo,1,6
להן,igitur,1,6
להן,maledictio,0,6
להן,prex,0,6
להן,tum,0,6
להן,propterea,0,6
להן,ideo,0,6
להן,idcirco,0,6
להן,propter,0,6
להן,bene,0,6
להן,hinc,0,6
להן,pro,0,6
לוה,sequor,0,16
לוה,insequor,0,16
לוה,persequor,0,16
לוה,comitor,0,16
לוה,stadiatus,0,16
לוח,tabula,26,32
לוח,tabella,0,32
לוח,pugillaris,0,32
לוח,littera,0,32
לוח,censeo,0,32
לוח,scribo,12,32
לוח,plautus,0,32
לוט,hereditas,0,34
לוט,sors,0,34
לוט,praedium,0,34
לוט,possessio,2,34
לוט,aratio,0,34
לוט,sortio,0,34
לויה,corona,1,2
לויה,sertum,0,2
לויה,uertex,0,2
לויתנ,draco,0,0
לויתנ,serpens,0,0
לויתנ,anguis,0,0
לולא,nolo,0,8
לולא,ne,2,8
לון,propediem,0,8
לון,praematurus,0,8
לון,synagoga,0,8
לון,educatus,0,8
לחי,securis,0,20
לחי,fauces,0,20
לחי,mala,0,20
לחי,animus,0,20
לחי,spiritus,5,20
לחך,edo,0,4
לחך,comedo,0,4
לחך,uescor,0,4
לחך,manduco,0,4
לחך,uesco,0,4
לחך,compes,0,4
לחך,pappo,0,4
לחך,puluero,0,4
לחם,panis,205,461
לחם,cibus,23,461
לחם,frumentum,3,461
לחם,seges,2,461
לחם,frumentarius,0,461
לחם,triticum,2,461
לחם,granum,0,461
לחם,esca,1,461
לחמ,panis,0,0
לחמ,ligo,0,0
לחמ,uincio,0,0
לחמ,necto,0,0
לחמ,opus,0,0
לחמ,uolo,0,0
לחמ,postulo,0,0
לחמ,rogo,0,0
לחמ,peto,0,0
לחמ,oro,0,0
לחמ,necesse,0,0
לחמ,quaero,0,0
לחמ,quaeso,0,0
לחמ,necessarius,0,0
לחמ,interrogo,0,0
לחמ,obsecro,0,0
לחמ,desidero,0,0
לחמ,bellum,0,0
לחמ,mars,0,0
לחמ,arma,0,0
לחמ,acies,0,0
לחמ,bello,0,0
לחמ,pugna,0,0
לחמ,belli,0,0
לחמ,proelium,0,0
לחמ,mensa,0,0
לחמ,ripa,0,0
לחמ,tabula,0,0
לחמ,cibus,0,0
לחמ,uictus,0,0
לחנה,ancilla,0,0
לחנה,mulier,0,0
לחנה,filia,0,0
לחנה,uirgo,0,0
לחנה,nata,0,0
לחנה,puella,0,0
לחנה,uirgineus,0,0
לחנה,uirginis,0,0
לחצ,pressura,0,0
לחת,plautus,0,0
לט,clam,1,9
לט,furtim,0,9
לט,stacta,0,9
לט,smyrna,0,9
ליה,corona,0,3
ליה,sertum,0,3
ליה,uertex,0,3
ליל,nox,5,5
ליל,nocturnus,0,5
ליל,euphrone,0,5
ליל,noctis,0,5
ליל,noctem,0,5
ליל,totus,0,5
ליל,uniuersus,0,5
ליל,cunctus,0,5
ליל,omnis,1,5
לילה,dies,69,191
לילה,hodie,2,191
לילה,itis,0,191
לילה,diei,0,191
לילה,lux,4,191
לילה,nox,173,191
לילה,nocturnus,5,191
לילה,euphrone,0,191
לילה,noctis,0,191
לילה,noctem,0,191
לילות,nox,0,0
לילות,noctis,0,0
לילות,noctem,0,0
לילות,nocturnus,0,0
לילי,nox,1,1
לילי,nocturnus,0,1
לילי,euphrone,0,1
לילי,noctis,0,1
לילי,noctem,0,1
לין,reddo,0,62
לין,restituo,0,62
לין,deduco,0,62
לין,ruo,0,62
ליץ,glorior,0,11
ליץ,supplosio,0,11
לכ,abeo,0,0
לכ,discedo,0,0
לכ,abito,0,0
לכ,cursito,0,0
לכד,comprehendo,3,107
לכו,abeo,0,0
לכו,discedo,0,0
לכו,abito,0,0
לכן,ergo,1,188
לכן,igitur,1,188
לכן,maledictio,0,188
לכן,prex,0,188
לכן,tum,0,188
לכן,propterea,78,188
לכן,ideo,25,188
לכן,idcirco,37,188
לכן,propter,24,188
לכן,bene,0,188
לכן,hinc,0,188
לכן,pro,11,188
ללאת,alius,0,7
ללאת,alter,4,7
ללאת,mutuus,0,7
ללאת,inuicem,3,7
ללאת,deinde,0,7
ללאת,iterum,0,7
ללאת,secundo,0,7
ללאת,proximus,0,7
ללאת,secundus,0,7
ללאת,quinquagenarius,0,7
ללאת,quinquaginta,3,7
למד,doceo,27,59
למד,ostendo,2,59
למד,certus,0,59
למד,disco,17,59
למד,cognosco,1,59
למד,intellego,0,59
למד,quaero,3,59
למד,audio,12,59
למד,percipio,0,59
למד,rogo,0,59
למד,peto,0,59
למד,interrogo,0,59
למדו,disco,0,0
למדו,cognosco,0,0
למדו,intellego,0,0
למודימ,cultus,0,0
למך,octoginta,3,10
למך,octogeni,0,10
למך,octogenarius,0,10
למען,iubeo,0,214
למען,ordo,0,214
למען,impero,0,214
למען,quantus,0,214
לע,guttur,1,1
לע,rumen,0,1
לע,macto,0,1
לע,iugulo,0,1
לע,immolo,0,1
לעג,deludifico,0,18
לעט,hirundo,0,1
לעט,deuoro,0,1
לפיד,daps,0,12
לפיד,epulae,0,12
לפיד,conuiuium,0,12
לפיד,fax,2,12
לפיד,baritus,0,12
לפיד,dapis,0,12
לפיד,taeda,0,12
לפיד,lampas,3,12
לפיד,lucerna,0,12
לפידי,fax,0,0
לפידי,taeda,0,0
לפידי,lampas,0,0
לפידי,lucerna,0,0
לפידי,ceu,0,0
לפידי,uelut,0,0
לקום,possum,0,1
לקום,ualeo,0,1
לקום,potestas,0,1
לקום,uis,0,1
לקום,uirtus,0,1
לקום,imperium,0,1
לקום,queo,0,1
לקח,capio,26,900
לקח,sumo,71,900
לקח,accipio,129,900
לקח,recipio,6,900
לקח,impetro,0,900
לקח,excipio,1,900
לקחה,capio,0,0
לקחה,sumo,0,0
לקחה,accipio,0,0
לקחה,recipio,0,0
לקחה,impetro,0,0
לקחה,excipio,0,0
לקחו,capio,0,0
לקחו,sumo,0,0
לקחו,accipio,0,0
לקחו,recipio,0,0
לקחו,impetro,0,0
לקחו,excipio,0,0
לקחנו,capio,0,0
לקחנו,sumo,0,0
לקחנו,accipio,0,0
לקחנו,recipio,0,0
לקחנו,impetro,0,0
לקחנו,excipio,0,0
לקחת,capio,0,0
לקחת,sumo,0,0
לקחת,accipio,0,0
לקחת,recipio,0,0
לקחת,impetro,0,0
לקחת,excipio,0,0
לקחתי,capio,0,0
לקחתי,sumo,0,0
לקחתי,accipio,0,0
לקחתי,recipio,0,0
לקחתי,impetro,0,0
לקחתי,excipio,0,0
לקחתמ,capio,0,0
לקחתמ,sumo,0,0
לקחתמ,accipio,0,0
לקחתמ,recipio,0,0
לקחתמ,impetro,0,0
לקחתמ,excipio,0,0
לקט,congrego,7,33
לקט,colligo,24,33
לקט,ager,6,33
לקט,fundus,0,33
לקט,campus,0,33
לקט,praedium,0,33
לקט,uilla,0,33
לקט,simul,0,33
לקטה,congrego,0,0
לקטה,colligo,0,0
לקטו,congrego,0,0
לקטו,colligo,0,0
לשון,uerbum,2,79
לשון,taceo,0,79
לשון,oratio,0,79
לשון,lingua,70,79
לשונ,uerbum,0,0
לשונ,taceo,0,0
לשונ,oratio,0,0
לשונ,lingua,0,0
לשכה,domus,17,40
לשכה,tecta,0,40
לשכה,templum,4,40
לשכה,apud,0,40
לשכה,palatium,0,40
לשכה,tectum,0,40
לשכה,aedes,1,40
לשכה,regia,0,40
לשכה,familia,2,40
לשכה,aula,0,40
לשכה,atrium,9,40
לשכה,thalamus,0,40
לשכה,iudicium,0,40
לשכה,affero,0,40
לשכה,adduco,0,40
לשכה,induco,0,40
לשכה,oecus,0,40
לשכה,decubo,0,40
לשכה,meridies,0,40
לשכה,meridianus,1,40
לשכה,australis,0,40
לשכה,libonotus,0,40
לשכה,auster,1,40
לשם,cognominis,0,3
לשן,impono,0,3
לשנ,uerbum,0,0
לשנ,taceo,0,0
לשנ,oratio,0,0
לשנ,lingua,0,0
לשני,uerbum,0,0
לשני,taceo,0,0
לשני,oratio,0,0
לשני,lingua,0,0
לשנת,uerbum,0,0
לשנת,taceo,0,0
לשנת,oratio,0,0
לשנת,lingua,0,0
מ,quatio,0,0
מ,concutio,0,0
מ,quasso,0,0
מאד,nimius,6,239
מאד,uehemens,6,239
מאד,oppido,0,239
מאה,decem,23,509
מאה,deni,1,509
מאה,centum,150,509
מאה,ducenti,66,509
מאה,duceni,0,509
מאה,uicesimus,2,509
מאה,uiginti,66,509
מאה,uiceni,0,509
מאה,centesimus,0,509
מאה,ducentesima,0,509
מאה,septeni,0,509
מאה,hebdomada,0,509
מאה,quinquagenarius,3,509
מאה,quinquaginta,61,509
מאה,treceni,0,509
מאה,trecenti,52,509
מאה,mille,166,509
מאה,miliarius,0,509
מאום,donum,0,19
מאום,munus,0,19
מאום,praemium,0,19
מאום,praesens,0,19
מאום,datus,0,19
מאום,uituperium,0,19
מאום,opprobrium,0,19
מאום,culpatio,0,19
מאומה,ullus,0,32
מאומה,nullus,0,32
מאומה,quisquam,11,32
מאומה,aliquis,2,32
מאומה,nihil,7,32
מאור,fax,0,14
מאור,taeda,0,14
מאור,lampas,0,14
מאור,lucerna,4,14
מאור,lychnus,0,14
מאור,uir,0,14
מאור,homo,0,14
מאור,mortalis,0,14
מאור,oleum,5,14
מאור,olearius,0,14
מאור,olearis,0,14
מאור,ergo,0,14
מאור,hinc,0,14
מאור,igitur,0,14
מאור,propterea,0,14
מאור,ideo,0,14
מאור,pro,0,14
מאות,decem,0,0
מאות,deni,0,0
מאות,septuaginta,0,0
מאות,septuageni,0,0
מאות,uicesimus,0,0
מאות,uiginti,0,0
מאות,uiceni,0,0
מאות,centum,0,0
מאות,centiens,0,0
מאות,centenarius,0,0
מאות,sescenti,0,0
מאות,sex,0,0
מאות,sexcenarius,0,0
מאות,sescentesimus,0,0
מאות,sexageni,0,0
מאות,sexagenarius,0,0
מאות,septeni,0,0
מאות,hebdomada,0,0
מאות,septingenti,0,0
מאות,septingenties,0,0
מאות,octingenti,0,0
מאות,octo,0,0
מאות,quinque,0,0
מאות,quingenti,0,0
מאות,quinquaginta,0,0
מאות,quindecim,0,0
מאות,quinquagenarius,0,0
מאות,quadringenti,0,0
מאות,quattuor,0,0
מאות,triceni,0,0
מאות,triginta,0,0
מאות,treceni,0,0
מאות,trecenti,0,0
מאזנא,iugum,0,0
מאזנים,iugum,0,14
מאזנים,linea,0,14
מאזנימ,iugum,0,0
מאזנימ,linea,0,0
מאכל,stercus,0,23
מאכל,fructus,2,23
מאכל,pomum,1,23
מאכל,messis,0,23
מאכל,silua,0,23
מאכל,tignum,0,23
מאכל,materia,0,23
מאכל,lignum,7,23
מאכלת,gladius,4,6
מאכלת,ferrum,0,6
מאכלת,culter,0,6
מאן,uolo,4,67
מאן,cupio,0,67
מאן,recuso,0,67
מאן,eligo,0,67
מאן,placeo,0,67
מאן,utinam,0,67
מאן,uoluntas,0,67
מאן,cupiditas,0,67
מאן,deligo,0,67
מאן,nolo,25,67
מאן,opto,0,67
מאן,quasi,2,67
מאן,sicut,4,67
מאן,similis,2,67
מאן,lubet,0,67
מאן,obsecro,0,67
מאן,unde,1,67
מאן,quare,3,67
מאנ,uolo,0,0
מאנ,cupio,0,0
מאנ,opto,0,0
מאנ,utinam,0,0
מאנ,uoluntas,0,0
מאנ,placeo,0,0
מאנ,quasi,0,0
מאנ,sicut,0,0
מאנ,cupiditas,0,0
מאנ,similis,0,0
מאנ,eligo,0,0
מאנ,deligo,0,0
מאנ,lubet,0,0
מאנ,obsecro,0,0
מאני,uasum,0,0
מאני,nauis,0,0
מאני,impedimentum,0,0
מאני,uas,0,0
מאס,dedignor,0,61
מאס,exturbo,0,61
מאפה,placenta,0,1
מאפה,hibiscum,0,1
מאר,noceo,0,4
מאר,lepra,2,4
מארב,insidiae,3,3
מארב,insidiator,0,3
מארב,agmen,0,3
מארב,societas,0,3
מארה,ergo,0,5
מארה,igitur,0,5
מארה,maledictio,0,5
מארה,prex,0,5
מארה,tum,0,5
מאת,centum,0,0
מאת,ducenti,0,0
מאת,duceni,0,0
מאת,duo,0,0
מאת,uter,0,0
מאת,bini,0,0
מאת,sexageni,0,0
מאת,sexagenarius,0,0
מאת,septeni,0,0
מאת,hebdomada,0,0
מאת,octoginta,0,0
מאת,octogeni,0,0
מאת,octogenarius,0,0
מאת,quinquaginta,0,0
מאת,quindecim,0,0
מאת,quinque,0,0
מאת,quinquagenarius,0,0
מאת,triceni,0,0
מאת,triginta,0,0
מאתימ,centum,0,0
מאתימ,ducenti,0,0
מאתימ,duceni,0,0
מאתימ,nonagenarius,0,0
מאתימ,nonaginta,0,0
מאתימ,quinquagenarius,0,0
מאתימ,quinquaginta,0,0
מבוא,introitus,6,20
מבוא,uestibulum,0,20
מבוא,profectio,0,20
מבוא,sol,4,20
מבוא,phoebus,0,20
מבוא,solis,0,20
מבוכה,tumultuosus,0,2
מבוכה,perturbatio,0,2
מבול,pluuiatilis,0,11
מבול,diluuies,0,11
מבול,generatio,2,11
מבול,saeculum,0,11
מבול,caro,3,11
מבוע,uer,0,3
מבוע,fons,3,3
מבוע,fonticulus,0,3
מבוע,fontanus,0,3
מבחור,comitium,0,2
מבחור,electus,0,2
מבחר,comitium,0,12
מבחר,electus,0,12
מבחר,eligo,9,12
מבחר,currus,1,12
מבחר,iugum,1,12
מבחר,quadrigae,0,12
מבחר,onusto,0,12
מבחר,optiuus,0,12
מבט,spes,3,3
מבט,exspecto,0,3
מבט,spero,0,3
מבט,exspectatio,0,3
מבט,suadeo,0,3
מבט,persuadeo,0,3
מבט,pareo,0,3
מבט,oboedio,0,3
מבט,adduco,0,3
מבט,persuasio,0,3
מבט,inductus,0,3
מבט,credo,0,3
מבטא,promissus,0,2
מבטא,nuntio,0,2
מבטא,promitto,0,2
מבטא,polliceor,0,2
מבטא,profiteor,0,2
מבטא,pollicitor,0,2
מבטח,spes,1,12
מבטח,spero,1,12
מבטח,exspectatio,0,12
מבטח,confido,1,12
מבטח,existimo,0,12
מבטח,fiducia,9,12
מבטח,credo,0,12
מביא,affero,0,0
מביא,adduco,0,0
מביא,attulo,0,0
מביאימ,fero,0,0
מביאימ,porto,0,0
מביאימ,gero,0,0
מביאימ,affero,0,0
מביאימ,adduco,0,0
מביאימ,educo,0,0
מביאימ,duco,0,0
מביאימ,induco,0,0
מביאימ,defero,0,0
מביאימ,introduco,0,0
מביאימ,infero,0,0
מביאימ,offertor,0,0
מבינ,intellego,0,0
מבעא,peto,0,0
מבעא,quaero,0,0
מבצר,ualentulus,0,33
מבצר,phylaca,0,33
מבקש,peto,0,0
מבקש,quaero,0,0
מבקשי,peto,0,0
מבקשי,quaero,0,0
מבקשימ,peto,0,0
מבקשימ,quaero,0,0
מגבעה,contumulo,0,8
מגד,hora,0,6
מגד,tempus,0,6
מגד,prospicus,0,6
מגדו,donum,0,12
מגדו,munus,0,12
מגדו,praemium,0,12
מגדו,praesens,0,12
מגדו,datus,0,12
מגדל,turris,39,51
מגדל,arx,0,51
מגדל,murus,9,51
מגדל,paries,0,51
מגדל,turrium,0,51
מגור,cohabito,0,7
מגורים,cohabito,0,10
מגזרה,securis,0,1
מגיד,reporto,0,0
מגיד,fama,0,0
מגיד,rumor,0,0
מגיד,defero,0,0
מגיד,nuntio,0,0
מגל,falx,1,1
מגל,scalprum,0,1
מגלה,syllabus,0,19
מגלה,cucullio,0,19
מגן,trado,2,44
מגן,abeo,0,44
מגן,uendo,0,44
מגן,restituo,0,44
מגן,soluo,0,44
מגן,redeo,0,44
מגן,reuorto,0,44
מגן,stipendium,0,44
מגן,libero,1,44
מגן,reddo,0,44
מגן,deditio,0,44
מגן,eruo,0,44
מגן,eripio,0,44
מגן,ostium,1,44
מגן,arma,2,44
מגן,bracchium,0,44
מגן,telum,0,44
מגן,armo,4,44
מגנ,ostium,0,0
מגנ,arma,0,0
מגנ,bracchium,0,0
מגנ,telum,0,0
מגנ,armo,0,0
מגנ,tutator,0,0
מגנה,contumelia,0,1
מגנה,uiolo,0,1
מגנה,superbia,0,1
מגנה,insolentia,0,1
מגנה,uis,0,1
מגנה,arrogantia,0,1
מגני,arma,0,0
מגני,bracchium,0,0
מגני,telum,0,0
מגני,armo,0,0
מגפה,plaga,10,21
מגפה,uulnus,0,21
מגפה,ictus,0,21
מגר,iaculor,0,1
מגר,iacio,0,1
מגר,proicio,0,1
מגר,reiecto,0,1
מד,uestis,2,8
מד,uestimentum,2,8
מד,pallium,0,8
מד,toga,0,8
מדבח,ara,0,1
מדבח,altare,1,1
מדבח,altar,0,1
מדבח,altarium,0,1
מדבח,altaria,0,1
מדבח,arae,0,1
מדבר,ultroneus,0,237
מדבר,solitudo,85,237
מדבר,desero,26,237
מדבר,loquor,11,237
מדבר,fabulor,0,237
מדברת,loquor,0,0
מדברת,fabulor,0,0
מדד,metior,40,47
מדד,ortus,0,47
מדד,exortiuus,0,47
מדד,latitudo,15,47
מדד,eurus,0,47
מדד,harundo,0,47
מדד,calamus,7,47
מדד,cubitus,0,47
מדד,cubitum,14,47
מדד,porta,17,47
מדד,ianua,0,47
מדד,fores,0,47
מדד,limen,3,47
מדד,ostium,1,47
מדד,portae,0,47
מדה,metior,12,56
מדה,latitudo,11,56
מדה,eurus,0,56
מדה,harundo,0,56
מדה,calamus,6,56
מדה,longitudo,9,56
מדה,quinque,5,56
מדה,quingenti,7,56
מדה,cubitus,1,56
מדה,cubitum,9,56
מדה,porta,13,56
מדה,ianua,0,56
מדה,fores,0,56
מדה,limen,0,56
מדה,ostium,0,56
מדה,portae,0,56
מדוה,morbus,0,2
מדוה,pestis,0,2
מדוה,lues,0,2
מדוה,ualetudo,0,2
מדוה,infirmitas,1,2
מדחה,ruo,0,1
מדחפה,pello,0,0
מדחפה,trudo,0,0
מדחפה,depello,0,0
מדחפה,protrudo,0,0
מדינה,locus,3,48
מדינה,regio,3,48
מדינה,ager,0,48
מדינה,terra,1,48
מדינה,finis,0,48
מדינה,rus,0,48
מדינה,castellum,0,48
מדינות,locus,0,0
מדינות,spatium,0,0
מדינות,humus,0,0
מדינת,regio,0,0
מדינת,terra,0,0
מדינת,locus,0,0
מדינת,finis,0,0
מדינת,ager,0,0
מדינת,rus,0,0
מדינת,spatium,0,0
מדינת,humus,0,0
מדע,naturalis,0,8
מדעת,naturalis,0,1
מדר,domicilium,0,0
מדרך,uestigium,1,1
מדשה,calco,0,1
מהימנ,fidelis,0,0
מהימנ,fides,0,0
מהימנ,hercules,0,0
מהימנ,fidus,0,0
מהיר,celeriter,0,3
מהיר,cieo,0,3
מהיר,celeritas,0,3
מהיר,celer,0,3
מהיר,uelox,2,3
מהיר,rapidus,0,3
מהיר,simul,0,3
מהיר,sicut,0,3
מהלך,introitus,0,5
מהלכינ,ambulo,0,0
מהלכינ,ambulatio,0,0
מהלל,praedicabilis,0,1
מהלל,laudabilis,0,1
מהלל,laudo,1,1
מהלל,laus,0,1
מהלל,gloria,0,1
מהלל,fama,0,1
מהלל,decus,0,1
מהלל,gloriola,0,1
מהלל,gloriae,0,1
מהלל,honor,0,1
מהלל,rumor,0,1
מהללימ,terror,0,0
מהללימ,fabella,0,0
מהפכה,ruo,0,6
מהפכה,ultimo,0,6
מהפכת,ultimo,0,4
מהר,urgueo,0,75
מהר,propero,1,75
מהר,urgeo,1,75
מהר,festino,30,75
מהר,celeriter,1,75
מהר,cieo,0,75
מהר,celeritas,0,75
מהר,celer,0,75
מהר,uelox,3,75
מהר,rapidus,0,75
מהר,simul,0,75
מהר,sicut,1,75
מהר,dotalis,0,75
מהרה,celeriter,0,16
מהרה,cieo,0,16
מהרה,celeritas,0,16
מהרה,celer,0,16
מהרה,uelox,0,16
מהרה,rapidus,0,16
מהרה,simul,0,16
מהרה,sicut,1,16
מהתלות,dolus,0,1
מהתלות,astus,0,1
מו,praetor,0,0
מו,aurora,0,0
מו,mane,0,0
מו,usque,0,0
מו,dum,0,0
מו,quoad,0,0
מו,donec,0,0
מו,uerutum,0,0
מו,inquam,0,0
מו,tego,0,0
מו,uelo,0,0
מו,operio,0,0
מו,quasi,0,0
מו,sicut,0,0
מו,similis,0,0
מו,tamquam,0,0
מו,par,0,0
מו,aurum,0,0
מו,os,0,0
מו,labium,0,0
מו,labrum,0,0
מו,osculum,0,0
מו,pono,0,0
מו,loco,0,0
מו,statuo,0,0
מו,colloco,0,0
מו,locus,0,0
מו,ceu,0,0
מו,uelut,0,0
מואבי,ager,2,16
מואבי,fundus,0,16
מואבי,campus,0,16
מואבי,praedium,0,16
מואבי,uilla,0,16
מול,iuxta,4,79
מול,fere,0,79
מול,prope,0,79
מול,hostis,0,79
מול,contrarius,1,79
מול,inimicus,0,79
מול,facies,4,79
מול,oppono,0,79
מול,praesens,1,79
מול,contra,17,79
מול,uenio,3,79
מול,eo,0,79
מול,pergo,0,79
מול,meo,0,79
מול,circumcido,22,79
מול,deseco,0,79
מול,proseco,0,79
מול,uultus,0,79
מול,os,0,79
מול,ora,0,79
מול,persona,0,79
מולדת,gens,0,21
מולדת,genus,0,21
מולדת,progenies,1,21
מולדת,generatio,2,21
מולדת,saeculum,0,21
מולדת,natio,0,21
מולדת,fio,0,21
מולדת,nascor,3,21
מולדת,orior,1,21
מולדת,gigno,2,21
מולדת,sum,14,21
מולדת,proles,0,21
מולדת,stirps,0,21
מולדת,seminium,0,21
מולדת,nepos,0,21
מולדת,mater,2,21
מולדת,genetrix,0,21
מולדת,parens,1,21
מולדת,matrem,0,21
מולדת,matri,0,21
מולדת,matris,0,21
מולה,circumcisio,1,1
מולה,incisus,0,1
מוליכ,duco,0,0
מוליכ,ago,0,0
מוליכ,affero,0,0
מוליכ,adduco,0,0
מוליכ,educo,0,0
מוליכ,fero,0,0
מוליכ,deduco,0,0
מוליכ,induco,0,0
מוליכ,defero,0,0
מוליכ,introduco,0,0
מוליכ,infero,0,0
מוליכ,offertor,0,0
מוליכ,plumbum,0,0
מוסד,fundamentum,7,8
מוסד,fundamen,0,8
מוסדה,fundamentum,4,6
מוסדה,fundamen,0,6
מוסר,cultus,0,51
מוסר,filius,8,51
מוסר,puer,2,51
מוסר,iuuencus,0,51
מוסרות,uinculum,0,0
מוסרות,catena,0,0
מוסרות,nodus,0,0
מועד,ferior,0,201
מועד,tempus,24,201
מועד,occasio,0,201
מועד,facultas,0,201
מועד,potestas,0,201
מועד,proba,0,201
מועד,hora,2,201
מועד,prospicus,0,201
מועד,porta,4,201
מועד,ianua,0,201
מועד,fores,0,201
מועד,foras,0,201
מועד,ostium,32,201
מועד,foris,6,201
מועד,limen,0,201
מועדימ,tempus,0,0
מועדימ,occasio,0,0
מועדימ,facultas,0,0
מועדימ,potestas,0,0
מועצה,consilium,1,5
מועצה,consulo,0,5
מועצה,iudico,0,5
מועצה,concilium,0,5
מועצה,insidiae,0,5
מועצה,consilior,0,5
מועצה,sententia,0,5
מועצה,senatus,0,5
מועצה,senator,0,5
מועצה,moneo,0,5
מועצה,suadeo,0,5
מופת,signum,18,30
מופת,symbolus,0,30
מופת,testimonium,0,30
מופת,argumentum,0,30
מופת,insigne,0,30
מופת,portendo,8,30
מופתימ,portendo,0,0
מוצא,exitus,3,23
מוצאה,generatio,0,1
מוצאה,saeculum,0,1
מוציא,deduco,0,0
מוקד,focus,0,1
מוקד,domesticus,0,1
מוקש,esca,0,21
מוקש,offendiculum,1,21
מוקש,mucronatus,0,21
מור,permuto,0,7
מורא,metus,0,11
מורא,pauor,2,11
מורא,terror,4,11
מורא,timor,3,11
מורא,formido,1,11
מורא,timeo,2,11
מורא,metuo,0,11
מורא,uereor,0,11
מורד,descensus,0,5
מורשה,hereditas,7,9
מורשה,possessio,2,9
מורשה,hereditarius,0,9
מוש,accendo,0,19
מוש,tango,1,19
מוש,attingo,0,19
מוש,incendo,0,19
מושב,sessio,0,37
מושב,consentium,0,37
מושב,solium,0,37
מושב,thronus,0,37
מושב,sella,0,37
מושב,sedes,3,37
מושב,sessibulum,0,37
מושב,sedeo,2,37
מושב,consido,0,37
מושב,habitabilis,0,37
מושב,gens,0,37
מושב,genus,0,37
מושב,progenies,0,37
מושב,generatio,4,37
מושב,saeculum,0,37
מושב,natio,0,37
מושב,lex,0,37
מושב,liceor,0,37
מושב,mos,0,37
מושב,ius,1,37
מושב,consuetudo,1,37
מושב,legitimus,3,37
מושי,populus,1,10
מושי,plebs,0,10
מושי,uulgus,0,10
מושי,terra,0,10
מושי,contio,0,10
מושי,communis,0,10
מושי,ecclesia,0,10
מושי,ager,0,10
מושי,praepinguis,0,10
מושי,unguinosus,0,10
מושיע,seruo,0,0
מושיע,conseruo,0,0
מושיע,tueor,0,0
מושיע,saluus,0,0
מושיע,salus,0,0
מושיע,libero,0,0
מושיע,retineo,0,0
מושיע,saluo,0,0
מושיע,saluator,0,0
מושיע,salutaris,0,0
מושל,praetor,0,0
מות,morior,435,790
מות,pereo,12,790
מות,occido,71,790
מות,cado,17,790
מות,mors,144,790
מות,interfacio,59,790
מות,occaedes,10,790
מות,obeo,4,790
מות,percutio,72,790
מות,perdo,2,790
מות,amitto,1,790
מות,deleo,7,790
מות,intereo,9,790
מות,ruina,5,790
מות,disperdo,0,790
מות,exitium,0,790
מות,letum,0,790
מות,nex,0,790
מות,defunctus,0,790
מות,fatum,0,790
מות,mortis,0,790
מות,morte,0,790
מות,mortem,0,790
מות,efflicto,0,790
מות,emortuus,0,790
מות,finis,1,790
מות,extremus,1,790
מות,ultimo,0,790
מותר,lucrum,0,3
מותר,plenus,0,3
מותר,utilitas,0,3
מותר,confero,0,3
מותר,auxilior,0,3
מותר,auxilium,0,3
מותר,seruio,0,3
מזבח,ara,29,333
מזבח,altare,254,333
מזבח,altar,0,333
מזבח,altarium,22,333
מזבח,altaria,0,333
מזבח,arae,0,333
מזבח,arula,2,333
מזבחות,arula,0,0
מזבחות,altaria,0,0
מזבחת,ara,0,0
מזבחת,altare,0,0
מזבחת,altar,0,0
מזבחת,altarium,0,0
מזבחת,altaria,0,0
מזבחת,arae,0,0
מזבחת,arula,0,0
מזה,indus,0,4
מזה,hinc,0,4
מזה,istinc,0,4
מזוזה,porta,2,15
מזוזה,ianua,1,15
מזוזה,fores,0,15
מזוזה,foras,0,15
מזוזה,ostium,5,15
מזוזה,foris,2,15
מזוזה,limen,4,15
מזוזה,portae,0,15
מזוזת,stabulum,0,0
מזוזת,caula,0,0
מזוזת,scaena,0,0
מזוזת,pondus,0,0
מזוזת,pondo,0,0
מזונ,cibus,0,0
מזונ,uictus,0,0
מזיח,cingulum,0,1
מזיח,balteus,0,1
מזיח,zona,0,1
מזכיר,memini,0,0
מזכיר,admoneo,0,0
מזכיר,reuoco,0,0
מזכיר,commemoro,0,0
מזלג,hamulus,0,7
מזלג,harpaga,0,7
מזמה,causa,0,14
מזמה,propter,0,14
מזמה,quia,1,14
מזמה,ratio,0,14
מזמה,ob,0,14
מזמה,sicut,0,14
מזמור,psalmus,0,0
מזמור,chelys,0,0
מזמור,cantus,0,0
מזער,paruus,1,4
מזער,exiguus,0,4
מזער,paulum,0,4
מזער,breuis,1,4
מזער,modicus,3,4
מזער,paulus,0,4
מזרח,ortus,8,65
מזרח,exortiuus,0,65
מזרח,sol,9,65
מזרח,phoebus,0,65
מזרח,solis,0,65
מזרח,altrouorsum,0,65
מזרע,semen,0,1
מזרע,stirps,0,1
מזרע,proles,0,1
מזרע,semento,0,1
מזרק,crater,0,32
מזרק,poculum,0,32
מזרק,uillum,0,32
מזרק,patera,0,32
מזרק,phiala,0,32
מזרק,calix,0,32
מזרק,argenteus,16,32
מזרק,argentum,2,32
מזרק,septuaginta,13,32
מזרק,septuageni,0,32
מזרק,centum,14,32
מזרק,triceni,0,32
מזרק,triginta,14,32
מזרק,cymbium,0,32
מזרקות,patera,0,0
מזרקות,phiala,0,0
מזרקות,calix,0,0
מזרקת,patera,0,0
מזרקת,phiala,0,0
מזרקת,calix,0,0
מחברת,collecta,0,7
מחברת,alius,1,7
מחברת,alter,3,7
מחברת,mutuus,0,7
מחברת,inuicem,3,7
מחה,detergeo,0,25
מחול,chorus,4,4
מחזה,uisio,4,6
מחזה,oculus,2,6
מחזה,species,0,6
מחזה,uisus,0,6
מחזה,regio,1,6
מחזה,terra,0,6
מחזה,locus,0,6
מחזה,finis,0,6
מחזה,ager,0,6
מחזה,rus,0,6
מחזה,cernentia,0,6
מחזה,tuor,0,6
מחזיק,teneo,0,0
מחזיק,obtineo,0,0
מחזיק,potior,0,0
מחזיק,uictoria,0,0
מחזיק,dominus,0,0
מחזיק,erus,0,0
מחזיק,uinco,0,0
מחזיק,uictor,0,0
מחי,plaga,0,1
מחי,uulnus,0,1
מחי,ictus,0,1
מחיר,honor,0,14
מחיר,dignitas,0,14
מחיר,pretium,7,14
מחיר,decus,0,14
מחיר,honorem,0,14
מחיר,honoris,0,14
מחיר,pecunia,3,14
מחיר,argenteus,0,14
מחיר,nummus,0,14
מחיר,argentum,4,14
מחיר,donum,0,14
מחיר,munus,2,14
מחיר,praemium,0,14
מחיר,praesens,0,14
מחיר,datus,0,14
מחלה,morbus,0,21
מחלה,pestis,0,21
מחלה,lues,0,21
מחלה,ualetudo,0,21
מחלה,infirmitas,3,21
מחלי,populus,1,13
מחלי,plebs,0,13
מחלי,uulgus,0,13
מחלי,terra,0,13
מחלי,contio,0,13
מחלי,communis,0,13
מחלי,ecclesia,0,13
מחלי,ager,0,13
מחלי,praepinguis,0,13
מחלי,unguinosus,0,13
מחלף,morbus,0,1
מחלף,curius,0,1
מחלף,pestis,0,1
מחלף,lues,0,1
מחלף,ualetudo,0,1
מחלף,infirmitas,0,1
מחלקה,distributio,0,1
מחלקה,diuido,0,1
מחלקות,distributio,0,0
מחלקת,distributio,0,37
מחלקת,diuido,4,37
מחלקת,hereditas,0,37
מחלקת,sors,2,37
מחלקת,praedium,0,37
מחלקת,possessio,3,37
מחלקת,aratio,0,37
מחלקת,sortio,0,37
מחלת,chorus,0,2
מחנ,insitium,0,0
מחנה,exercitus,21,187
מחנה,copia,0,187
מחנה,uis,0,187
מחנה,uirtus,0,187
מחנה,imperium,0,187
מחנה,potentia,0,187
מחנה,cogo,0,187
מחנה,opis,0,187
מחנה,robur,0,187
מחנה,fortitudo,0,187
מחנה,potestas,0,187
מחנה,insitium,0,187
מחנה,bellum,2,187
מחנה,mars,0,187
מחנה,arma,0,187
מחנה,acies,2,187
מחנה,bello,0,187
מחנה,pugna,1,187
מחנה,belli,0,187
מחנה,proelium,2,187
מחנה,castrum,0,187
מחנה,classis,0,187
מחנות,insitium,0,0
מחנים,insitium,0,14
מחנימ,insitium,0,0
מחס,spes,0,0
מחס,spero,0,0
מחס,exspectatio,0,0
מחסה,confugio,0,7
מחסה,profugio,0,7
מחסה,confugium,0,7
מחסה,refugium,0,7
מחסה,munimentum,0,7
מחצה,dimidius,0,2
מחצה,dimidio,0,2
מחצה,semifer,0,2
מחצה,dimidium,0,2
מחצית,dimidius,1,14
מחצית,dimidio,0,14
מחצית,semifer,0,14
מחצית,dimidium,1,14
מחצית,quinquagenarius,0,14
מחצית,quinquaginta,1,14
מחק,membrana,0,1
מחק,cutis,0,1
מחק,pellis,0,1
מחק,corium,0,1
מחק,tergus,0,1
מחק,abscondo,0,1
מחקק,praetor,0,0
מחקק,rex,0,0
מחקק,tyrannus,0,0
מחקק,dominus,0,0
מחקק,princeps,0,0
מחקק,regis,0,0
מחקק,regem,0,0
מחקק,regi,0,0
מחר,creo,0,52
מחר,crastinus,5,52
מחר,perendinus,0,52
מחר,postridie,0,52
מחר,contrecto,0,52
מחר,hora,6,52
מחר,tempus,5,52
מחר,prospicus,0,52
מחרת,creo,0,31
מחרת,crastinus,4,31
מחרת,perendinus,0,31
מחרת,postridie,0,31
מחרת,contrecto,0,31
מחשבה,animus,1,37
מחשבה,mens,3,37
מחשבה,cogitatio,31,37
מחשבה,cogito,8,37
מחשבה,sentio,0,37
מחשבה,sapientia,2,37
מחשבה,superbia,0,37
מחשבה,superbus,0,37
מחשבה,adsum,0,37
מחשבה,pecunia,0,37
מחשבה,argenteus,0,37
מחשבה,nummus,0,37
מחשבה,argentum,1,37
מחשבה,consilium,9,37
מחשבה,sententia,1,37
מחשבה,senatus,0,37
מחשבה,concilium,0,37
מחשבה,senator,0,37
מחשבה,aes,0,37
מחשבה,aeris,0,37
מחשבה,ferrum,0,37
מחשבה,aereus,0,37
מחשבה,aer,1,37
מחשבה,aeneus,0,37
מחשבה,asum,0,37
מחשבה,aeratus,0,37
מחשבות,consilium,0,0
מחשבות,sententia,0,0
מחשבות,senatus,0,0
מחשבות,concilium,0,0
מחשבות,senator,0,0
מחשבות,consideratio,0,0
מחשבות,animus,0,0
מחשבות,mens,0,0
מחשבות,cogitatio,0,0
מחשבת,consilium,0,7
מחשבת,sessus,0,7
מחשבת,consulo,0,7
מחשבת,iudico,0,7
מחשבת,concilium,0,7
מחשבת,insidiae,0,7
מחשבת,consilior,0,7
מחשבת,consideratio,0,7
מחשך,tenebrae,2,3
מחשך,caligo,0,3
מחשך,obscuritas,0,3
מחת,pulto,0,3
מחתה,inicio,0,29
מחתה,patera,0,29
מחתה,phiala,0,29
מחתה,calix,0,29
מט,infra,0,0
מט,fascis,0,0
מט,uirga,0,0
מטה,bacillum,0,241
מטה,infra,1,241
מטה,deorsum,9,241
מטה,lectus,6,241
מטה,torus,0,241
מטה,fascis,0,241
מטה,uirga,35,241
מטה,sceptrum,4,241
מטה,baculum,0,241
מטה,praeuenio,0,241
מטה,antecedo,1,241
מטה,primus,2,241
מטה,tribus,86,241
מטה,gens,1,241
מטה,tributim,0,241
מטיל,uirga,0,1
מטיל,calamus,0,1
מטיל,fascis,0,1
מטמן,aerarius,0,5
מטמן,thesaurus,5,5
מטמן,possessio,0,5
מטמן,bonus,0,5
מטמן,possideo,0,5
מטמן,census,0,5
מטע,malundrum,0,6
מטעמים,edulis,0,8
מטעמימ,edulis,0,0
מטפחת,uestis,0,2
מטפחת,uestimentum,0,2
מטפחת,pallium,1,2
מטפחת,toga,0,2
מטפחת,tribon,0,2
מטפחת,aratro,0,2
מטפחת,mantelum,0,2
מטפחת,lacerna,0,2
מטפחת,chlamys,0,2
מטר,imber,10,43
מטר,pluuia,25,43
מטרה,destino,0,14
מטת,lectus,0,0
מטת,torus,0,0
מטת,praeuenio,0,0
מטת,antecedo,0,0
מטת,primus,0,0
מילדת,mamma,0,0
מים,aqua,429,475
מים,meio,0,475
מים,aquae,0,475
מים,unda,1,475
מים,lympha,0,475
מימ,aqua,0,0
מימ,meio,0,0
מימ,aquae,0,0
מימ,unda,0,0
מימ,lympha,0,0
מימי,aqua,0,0
מימי,meio,0,0
מימי,aquae,0,0
מימי,unda,0,0
מימי,lympha,0,0
מימן,dexter,4,11
מימן,ius,0,11
מין,progenies,0,18
מין,familia,0,18
מין,gener,0,18
מין,genu,0,18
מין,cognatio,0,18
מין,natio,0,18
מין,genus,17,18
מין,gentis,0,18
מין,stirps,0,18
מין,gens,0,18
מין,generis,0,18
מין,species,5,18
מין,figura,0,18
מין,modus,0,18
מין,quasi,0,18
מין,sicut,1,18
מין,similis,0,18
מין,talis,0,18
מין,tantus,0,18
מין,pareas,0,18
מין,pulcher,0,18
מין,formosus,0,18
מין,bonus,0,18
מין,nobilis,0,18
מין,bene,0,18
מין,ius,0,18
מין,aequus,0,18
מין,speciosus,0,18
מין,ualeo,0,18
מין,posterus,0,18
מין,dexter,0,18
מין,puteus,0,18
מין,bellus,0,18
מין,tamquam,0,18
מין,par,0,18
מינ,progenies,0,0
מינ,familia,0,0
מינ,gener,0,0
מינ,genu,0,0
מינ,cognatio,0,0
מינ,natio,0,0
מינ,genus,0,0
מינ,gentis,0,0
מינ,stirps,0,0
מינ,gens,0,0
מינ,generis,0,0
מינ,quasi,0,0
מינ,sicut,0,0
מינ,similis,0,0
מינ,tamquam,0,0
מינ,par,0,0
מינ,similitudo,0,0
מינ,instar,0,0
מינקת,soror,3,6
מינקת,germana,0,6
מינקת,sororius,0,6
מישור,rego,1,18
מישור,dirigo,1,18
מישור,campus,0,18
מישור,planities,2,18
מישור,campe,0,18
מישור,planus,2,18
מישרימ,pactum,0,0
מישרימ,testamentum,0,0
מישרימ,foedus,0,0
מיתר,extento,0,8
מיתר,porrigo,0,8
מיתר,trite,0,8
מיתר,iudicium,0,8
מיתר,atrium,6,8
מיתר,aula,0,8
מכבד,sententia,0,0
מכבד,glorifico,0,0
מכבד,opinor,0,0
מכה,pulto,0,42
מכה,plaga,38,42
מכה,uulnus,4,42
מכה,ictus,0,42
מכוה,cicatrix,3,3
מכוה,cicatricula,0,3
מכון,promptus,0,12
מכון,parito,0,12
מכונ,promptus,0,0
מכונ,parito,0,0
מכונ,locus,0,0
מכונ,regio,0,0
מכונ,ager,0,0
מכונה,phalangae,0,19
מכורה,generatio,1,2
מכורה,saeculum,0,2
מכות,plaga,0,0
מכות,uulnus,0,0
מכות,ictus,0,0
מכיר,populus,1,20
מכיר,plebs,0,20
מכיר,uulgus,0,20
מכיר,terra,2,20
מכיר,contio,0,20
מכיר,communis,0,20
מכיר,ecclesia,0,20
מכיר,ager,0,20
מכיר,praepinguis,0,20
מכיר,unguinosus,0,20
מכך,sido,0,2
מכלא,maceria,0,0
מכלאת,ouilis,0,0
מכלאת,probata,0,0
מכמני,locus,0,0
מכמני,regio,0,0
מכמני,ager,0,0
מכמר,rete,0,1
מכמר,retiolum,0,1
מכמר,reticulum,0,1
מכמר,laqueus,0,1
מכמרת,rete,1,1
מכמרת,retiolum,0,1
מכמרת,reticulum,0,1
מכמרת,laqueus,0,1
מכנסי,edurus,0,0
מכס,uectigal,0,6
מכס,tributum,0,6
מכס,ferax,0,6
מכס,tributarius,0,6
מכס,finis,0,6
מכס,exitus,0,6
מכס,euentus,0,6
מכס,legio,0,6
מכס,extremus,0,6
מכס,posterus,0,6
מכס,denique,0,6
מכס,nouissimus,0,6
מכס,triceni,0,6
מכס,triginta,3,6
מכס,mille,3,6
מכס,miliarius,0,6
מכסה,protectus,0,16
מכסה,opertus,0,16
מכסה,obnubo,0,16
מכסה,arca,3,16
מכסה,uterus,0,16
מכסה,praecordia,0,16
מכסה,aruina,0,16
מכפלה,ager,6,6
מכפלה,fundus,0,6
מכפלה,campus,0,6
מכפלה,praedium,0,6
מכפלה,uilla,0,6
מכפלה,incoram,0,6
מכפלה,duplus,0,6
מכפלה,duplex,5,6
מכפלה,monumentum,0,6
מכפלה,sepulcrum,3,6
מכפלה,tropaeum,0,6
מכפלה,spelunca,5,6
מכפלה,antrum,0,6
מכפלה,specus,0,6
מכר,uendo,47,72
מכר,restituo,0,72
מכר,soluo,0,72
מכר,trado,12,72
מכר,redeo,0,72
מכר,reuorto,0,72
מכר,stipendium,0,72
מכר,libero,0,72
מכר,reddo,2,72
מכר,uenumdo,0,72
מכרו,uendo,0,0
מכרו,restituo,0,0
מכרו,soluo,0,0
מכרו,trado,0,0
מכרו,redeo,0,0
מכרו,reuorto,0,0
מכרו,stipendium,0,0
מכרו,libero,0,0
מכרו,reddo,0,0
מכרתמ,uendo,0,0
מכרתמ,restituo,0,0
מכרתמ,soluo,0,0
מכרתמ,trado,0,0
מכרתמ,redeo,0,0
מכרתמ,reuorto,0,0
מכרתמ,stipendium,0,0
מכרתמ,libero,0,0
מכרתמ,reddo,0,0
מכשול,iniquitas,7,13
מכשול,iniustus,0,13
מכשול,poena,0,13
מכשול,supplicium,0,13
מכשול,tentus,0,13
מכת,plaga,0,0
מכת,uulnus,0,0
מכת,ictus,0,0
מכתב,epistula,0,8
מכתב,scribo,2,8
מכתב,liber,0,8
מכתב,littera,1,8
מכתב,pictura,0,8
מכתב,scriptura,4,8
מלא,postulo,0,303
מלא,uolo,3,303
מלא,exspecto,0,303
מלא,quaero,0,303
מלא,rogo,0,303
מלא,posco,0,303
מלא,cupiditas,0,303
מלא,peto,0,303
מלא,cupio,1,303
מלא,interrogo,0,303
מלא,impleo,85,303
מלא,compleo,5,303
מלא,repleo,45,303
מלא,plenus,73,303
מלא,suppleo,0,303
מלאה,impleo,0,4
מלאה,compleo,0,4
מלאה,repleo,0,4
מלאה,plenus,0,4
מלאו,impleo,0,0
מלאו,compleo,0,0
מלאו,repleo,0,0
מלאימ,plenus,0,0
מלאך,nuntius,77,187
מלאך,legatus,2,187
מלאך,angelus,86,187
מלאכ,nuntius,0,0
מלאכ,legatus,0,0
מלאכ,angelus,0,0
מלאכה,negotior,0,89
מלאכה,opus,59,89
מלאכה,facinus,0,89
מלאכה,res,0,89
מלאכה,negotium,0,89
מלאכה,opero,0,89
מלאכה,septimus,10,89
מלאכי,nuntius,0,0
מלאכי,legatus,0,0
מלאכי,angelus,0,0
מלאכימ,nuntius,0,0
מלאכימ,legatus,0,0
מלאכימ,angelus,0,0
מלאכת,negotior,0,59
מלאכת,opus,43,59
מלאכת,facinus,0,59
מלאכת,res,0,59
מלאכת,negotium,0,59
מלאכת,opero,2,59
מלאכת,uniuersus,3,59
מלאכת,dux,1,59
מלאכת,imperator,0,59
מלאכת,sepiola,0,59
מלאכת,totus,0,59
מלאכת,sepia,0,59
מלאכת,septimus,6,59
מלאת,plenus,1,1
מלבן,later,1,3
מלבן,testaceus,0,3
מלה,causa,1,45
מלה,argumentum,0,45
מלה,contio,0,45
מלה,tabula,0,45
מלה,fabula,0,45
מלה,ob,1,45
מלה,ratio,0,45
מלה,uerbi,0,45
מלה,oratio,0,45
מלה,uerbum,12,45
מלה,sermo,20,45
מלה,uox,2,45
מלוא,uertex,0,10
מלוא,suppleo,0,10
מלוא,ripa,0,10
מלוא,agger,0,10
מלוא,tumulus,0,10
מלוכה,regnum,17,22
מלוכה,palatium,0,22
מלוכה,regina,0,22
מלוכה,rex,7,22
מלוכה,tyrannus,1,22
מלוכה,dominus,6,22
מלוכה,princeps,1,22
מלוכה,regis,0,22
מלוכה,regem,0,22
מלוכה,regi,0,22
מלח,iaceo,0,39
מלח,capio,2,39
מלח,corripio,0,39
מלח,salinator,0,39
מלח,mare,13,39
מלח,sal,15,39
מלח,pontus,0,39
מלח,sale,0,39
מלח,equidem,0,39
מלח,conuerto,0,39
מלח,uerto,1,39
מלח,dos,0,39
מלח,pars,2,39
מלח,termino,0,39
מלחמה,bellor,10,282
מלחמה,pugno,21,282
מלחמה,gero,1,282
מלחמה,bellum,91,282
מלחמה,militaris,0,282
מלחמה,bellicus,3,282
מלחמה,duellis,0,282
מלחמה,mars,0,282
מלחמה,arma,4,282
מלחמה,acies,13,282
מלחמה,bello,1,282
מלחמה,pugna,19,282
מלחמה,belli,0,282
מלחמה,proelium,75,282
מלחמות,bellum,0,0
מלחמות,mars,0,0
מלחמות,arma,0,0
מלחמות,acies,0,0
מלחמות,bello,0,0
מלחמות,pugna,0,0
מלחמות,belli,0,0
מלחמות,proelium,0,0
מלחמת,bellor,1,11
מלחמת,pugno,2,11
מלחמת,gero,0,11
מלחמת,bellum,0,11
מלחמת,mars,0,11
מלחמת,arma,3,11
מלחמת,acies,0,11
מלחמת,bello,0,11
מלחמת,pugna,0,11
מלחמת,belli,0,11
מלחמת,proelium,2,11
מלחמת,uasum,0,11
מלחמת,nauis,0,11
מלחמת,impedimentum,0,11
מלחמת,uas,0,11
מלט,seruo,0,77
מלט,conseruo,0,77
מלט,tueor,0,77
מלט,saluus,4,77
מלט,salus,2,77
מלט,libero,7,77
מלט,retineo,0,77
מלט,saluo,16,77
מלי,causa,0,0
מלי,argumentum,0,0
מלי,contio,0,0
מלי,tabula,0,0
מלי,fabula,0,0
מלי,ob,0,0
מלי,ratio,0,0
מלי,uerbi,0,0
מלי,oratio,0,0
מלי,uerbum,0,0
מלי,sermo,0,0
מלי,uox,0,0
מלינ,causa,0,0
מלינ,argumentum,0,0
מלינ,contio,0,0
מלינ,tabula,0,0
מלינ,fabula,0,0
מלינ,ob,0,0
מלינ,ratio,0,0
מלינ,uerbi,0,0
מלינ,oratio,0,0
מלינ,uerbum,0,0
מלינ,sermo,0,0
מלינ,uox,0,0
מליצה,sermo,0,1
מליצה,uerbum,1,1
מלך,rex,1794,2091
מלך,dominus,529,2091
מלך,princeps,154,2091
מלך,erus,0,2091
מלך,dux,34,2091
מלך,regis,0,2091
מלך,tyrannus,4,2091
מלך,regem,0,2091
מלך,regi,0,2091
מלך,regno,202,2091
מלכ,praetor,0,0
מלכ,regnum,0,0
מלכ,palatium,0,0
מלכ,regina,0,0
מלכ,rex,0,0
מלכ,tyrannus,0,0
מלכ,dominus,0,0
מלכ,princeps,0,0
מלכ,regis,0,0
מלכ,regem,0,0
מלכ,regi,0,0
מלכ,regno,0,0
מלכ,auctoritas,0,0
מלכ,erus,0,0
מלכ,potestas,0,0
מלכדת,dolus,0,1
מלכדת,astus,0,1
מלכו,imperium,1,9
מלכו,principium,0,9
מלכו,initium,0,9
מלכו,magistratus,0,9
מלכו,regnum,9,9
מלכו,honor,0,9
מלכו,ratio,0,9
מלכו,officium,0,9
מלכו,potestas,0,9
מלכו,uis,0,9
מלכו,primus,0,9
מלכו,palatium,0,9
מלכו,regina,0,9
מלכות,regnum,53,67
מלכות,palatium,3,67
מלכות,regina,3,67
מלכות,regius,2,67
מלכות,rex,35,67
מלכות,tyrannus,0,67
מלכות,dominus,13,67
מלכות,princeps,6,67
מלכות,regis,0,67
מלכות,regem,0,67
מלכות,regi,0,67
מלכי,rex,0,0
מלכי,tyrannus,0,0
מלכי,dominus,0,0
מלכי,princeps,0,0
מלכי,regis,0,0
מלכי,regem,0,0
מלכי,regi,0,0
מלכיות,rex,0,0
מלכיות,tyrannus,0,0
מלכיות,dominus,0,0
מלכיות,princeps,0,0
מלכיות,regis,0,0
מלכיות,regem,0,0
מלכיות,regi,0,0
מלכימ,rex,0,0
מלכימ,tyrannus,0,0
מלכימ,dominus,0,0
מלכימ,princeps,0,0
מלכימ,regis,0,0
מלכימ,regem,0,0
מלכימ,regi,0,0
מלכינ,rex,0,0
מלכינ,tyrannus,0,0
מלכינ,dominus,0,0
מלכינ,princeps,0,0
מלכינ,regis,0,0
מלכינ,regem,0,0
מלכינ,regi,0,0
מלכמ,rex,0,0
מלכמ,tyrannus,0,0
מלכמ,dominus,0,0
מלכמ,princeps,0,0
מלכמ,regis,0,0
מלכמ,regem,0,0
מלכמ,regi,0,0
מלכת,flamina,0,5
מלל,circumcido,2,9
מלל,deseco,0,9
מלל,proseco,0,9
מלמד,doceo,0,1
מלמד,ostendo,0,1
מלמד,certus,0,1
מלמד,disco,0,1
מלצר,procurator,0,2
מלצר,tutor,0,2
מלצר,custos,0,2
מלצר,uilicus,0,2
מלצר,curator,0,2
מלצר,praesidium,0,2
מלקוח,spolium,0,7
מלקוח,exuuiae,0,7
מלקוח,praeda,4,7
מלקוש,serotinus,8,8
מלקוש,nuperus,0,8
מלקוש,pluuia,4,8
מלת,causa,0,0
מלת,argumentum,0,0
מלת,contio,0,0
מלת,tabula,0,0
מלת,fabula,0,0
מלת,ob,0,0
מלת,ratio,0,0
מלת,uerbi,0,0
מלת,oratio,0,0
מלת,uerbum,0,0
מלת,sermo,0,0
מלת,uox,0,0
מלת,imperatus,0,0
ממזר,spurius,0,2
ממכר,uendo,7,10
ממכר,restituo,0,10
ממכר,soluo,0,10
ממכר,trado,0,10
ממכר,redeo,1,10
ממכר,reuorto,1,10
ממכר,stipendium,0,10
ממכר,libero,0,10
ממכר,reddo,2,10
ממכר,uenalis,1,10
ממכרת,uenalis,0,1
ממלכה,imperium,1,81
ממלכה,principium,0,81
ממלכה,initium,1,81
ממלכה,magistratus,0,81
ממלכה,regnum,67,81
ממלכה,honor,0,81
ממלכה,ratio,0,81
ממלכה,officium,0,81
ממלכה,potestas,1,81
ממלכה,uis,0,81
ממלכה,primus,0,81
ממלכה,palatium,0,81
ממלכה,regina,0,81
ממלכה,lex,1,81
ממלכה,ius,0,81
ממלכה,mos,0,81
ממלכה,consuetudo,0,81
ממלכה,caerimonia,0,81
ממלכה,legitimus,0,81
ממלכה,pascuus,0,81
ממלכות,imperium,0,9
ממלכות,principium,2,9
ממלכות,initium,0,9
ממלכות,magistratus,0,9
ממלכות,regnum,8,9
ממלכות,honor,0,9
ממלכות,ratio,0,9
ממלכות,officium,0,9
ממלכות,potestas,0,9
ממלכות,uis,0,9
ממלכות,primus,0,9
ממלכות,palatium,0,9
ממלכות,regina,0,9
ממלכות,rex,5,9
ממלכות,tyrannus,0,9
ממלכות,dominus,4,9
ממלכות,princeps,1,9
ממלכות,regis,0,9
ממלכות,regem,0,9
ממלכות,regi,0,9
ממלכת,imperium,0,24
ממלכת,principium,3,24
ממלכת,initium,0,24
ממלכת,magistratus,0,24
ממלכת,regnum,22,24
ממלכת,honor,0,24
ממלכת,ratio,0,24
ממלכת,officium,0,24
ממלכת,potestas,1,24
ממלכת,uis,0,24
ממלכת,primus,1,24
ממלכת,palatium,0,24
ממלכת,regina,0,24
ממעיט,paruus,0,0
ממעיט,minoro,0,0
ממרא,quercus,0,10
ממרא,robur,0,10
ממרא,ilex,0,10
ממרא,ager,5,10
ממרא,fundus,0,10
ממרא,campus,0,10
ממרא,praedium,0,10
ממרא,uilla,0,10
ממרא,spelunca,4,10
ממרא,antrum,0,10
ממרא,specus,0,10
ממשל,imperium,0,1
ממשל,praecipio,0,1
ממשל,magistratus,0,1
ממשלה,imperium,0,1
ממשלה,praecipio,0,1
ממשלה,magistratus,0,1
ממשלות,auctoritas,0,0
ממשלות,licentia,0,0
ממשלות,uis,0,0
ממשלות,imperium,0,0
ממשלות,potestas,0,0
ממשלת,imperium,0,9
ממשלת,principium,0,9
ממשלת,initium,0,9
ממשלת,magistratus,1,9
ממשלת,regnum,1,9
ממשלת,honor,0,9
ממשלת,ratio,0,9
ממשלת,officium,0,9
ממשלת,potestas,7,9
ממשלת,uis,0,9
ממשלת,primus,0,9
ממשלת,auctoritas,0,9
ממשלת,licentia,0,9
ממשלת,praecipio,0,9
מנ,etenim,0,0
מנ,uerus,0,0
מנ,hercules,0,0
מנ,ueritas,0,0
מנ,frons,0,0
מנ,praeduco,0,0
מנ,unus,0,0
מנ,alienus,0,0
מנ,aliter,0,0
מנ,quisquam,0,0
מנ,alius,0,0
מנ,alter,0,0
מנ,sisto,0,0
מנ,sto,0,0
מנ,constituo,0,0
מנ,erigo,0,0
מנ,gingiua,0,0
מנ,equidem,0,0
מנ,conuerto,0,0
מנ,uerto,0,0
מנ,dos,0,0
מנ,pars,0,0
מנ,medius,0,0
מנ,medion,0,0
מנ,centrum,0,0
מנ,medio,0,0
מנ,mensis,0,0
מנ,totus,0,0
מנ,uniuersus,0,0
מנ,cunctus,0,0
מנ,omnis,0,0
מנ,uultus,0,0
מנ,facies,0,0
מנ,os,0,0
מנ,ora,0,0
מנ,persona,0,0
מנ,filius,0,0
מנ,natus,0,0
מנ,gnatus,0,0
מנ,progenies,0,0
מנ,proles,0,0
מנ,nascor,0,0
מנ,filium,0,0
מנ,filii,0,0
מנ,filio,0,0
מנא,mina,0,0
מנדע,mens,0,1
מנדע,animus,0,1
מנדע,pectus,0,1
מנדע,cor,0,1
מנדע,mentis,0,1
מנה,pernumero,0,47
מנה,factio,0,47
מנה,iubeo,1,47
מנה,praecipio,3,47
מנה,ordo,0,47
מנה,imperium,0,47
מנה,impero,0,47
מנוח,requies,4,20
מנוח,conquiesco,0,20
מנוח,nuntius,0,20
מנוח,legatus,0,20
מנוח,angelus,6,20
מנוח,perrarus,0,20
מנוחה,requies,8,18
מנוחה,conquiesco,0,18
מנוחה,interquiesco,0,18
מנוחת,interquiesco,0,0
מנוס,confugio,0,6
מנוס,profugio,0,6
מנוס,confugium,0,6
מנוס,refugium,2,6
מנוסה,uerto,0,2
מנוסה,flecto,0,2
מנוסה,auerto,0,2
מנוסה,torqueo,0,2
מנוסה,fuga,1,2
מנוסה,conuerto,0,2
מנוסה,fugio,1,2
מנוסה,effugio,0,2
מנוסה,exsilium,0,2
מנוסה,profugio,0,2
מנוסה,uito,0,2
מנוסה,exsul,0,2
מנור,respondeo,0,4
מנור,contra,1,4
מנורה,lychnuchus,0,31
מנורה,quadraginta,0,31
מנורה,quattuor,2,31
מנורה,mensa,8,31
מנורה,ripa,0,31
מנורה,tabula,0,31
מנחה,donum,1,187
מנחה,munus,37,187
מנחה,praemium,0,187
מנחה,praesens,0,187
מנחה,datus,0,187
מנחה,sacrificium,104,187
מנחה,immolo,4,187
מנחה,sacrifico,2,187
מנחה,uictima,13,187
מנחה,hospes,0,187
מנחה,hospitium,0,187
מנחה,foedus,0,187
מנחה,pax,0,187
מנחה,libatio,4,187
מנחה,indutiae,0,187
מנחה,oleum,47,187
מנחה,olearius,0,187
מנחה,olearis,0,187
מנחת,sacrificium,0,3
מנחת,immolo,0,3
מנחת,sacrifico,0,3
מנחת,uictima,0,3
מני,constituo,0,1
מני,pono,1,1
מני,fatum,0,1
מני,sors,0,1
מני,parca,0,1
מני,pars,0,1
מני,dos,0,1
מני,fati,0,1
מני,mors,0,1
מני,sortitus,0,1
מנין,multitudo,0,1
מנין,numero,0,1
מנין,numerus,1,1
מנין,turba,0,1
מנין,populus,0,1
מנין,plebs,0,1
מנעול,cincinnus,0,6
מנעול,coma,0,6
מנעול,crinis,0,6
מנעול,capillus,0,6
מנעול,caesaries,0,6
מנעול,come,0,6
מנעול,comae,0,6
מנעול,cincinnatus,0,6
מנעל,cincinnus,0,0
מנעל,coma,0,0
מנעל,crinis,0,0
מנעל,capillus,0,0
מנעל,caesaries,0,0
מנעל,come,0,0
מנעל,comae,0,0
מנעל,cincinnatus,0,0
מנצח,finis,0,0
מנצח,exitus,0,0
מנצח,euentus,0,0
מנצח,legio,0,0
מנצח,extremus,0,0
מנצח,posterus,0,0
מנצח,denique,0,0
מנצח,nouissimus,0,0
מנקית,crater,0,4
מנקית,poculum,0,4
מנקית,uillum,0,4
מנקית,patera,0,4
מנקית,phiala,0,4
מנקית,calix,0,4
מנשה,dimidius,20,130
מנשה,dimidio,0,130
מנשה,semifer,0,130
מנשה,dimidium,3,130
מנת,factio,0,5
מנת,equidem,0,5
מנת,conuerto,0,5
מנת,uerto,0,5
מנת,dos,0,5
מנת,pars,4,5
מנת,fatum,0,5
מנת,sors,1,5
מנת,parca,0,5
מנת,fati,0,5
מס,pabulatio,0,21
מס,tributum,6,21
מס,uectigal,0,21
מס,ferax,0,21
מס,tributarius,9,21
מס,cybaeus,0,21
מסבה,circulus,0,1
מסבה,orbis,1,1
מסגרת,defensa,0,13
מסגרת,balteus,0,13
מסגרת,phalangae,0,13
מסד,fundamentum,1,1
מסד,fundamen,0,1
מסה,tentatio,0,10
מסוה,obnubo,0,3
מסך,protectus,0,28
מסך,opertus,0,28
מסך,iudicium,0,28
מסך,atrium,6,28
מסך,aula,0,28
מסך,obnubo,0,28
מסך,uasum,0,28
מסך,nauis,0,28
מסך,impedimentum,0,28
מסך,uas,5,28
מסכ,obnubo,0,0
מסכ,uelaris,0,0
מסכה,fusilis,0,27
מסכן,pauper,3,3
מסכן,miser,0,3
מסכן,inops,0,3
מסכן,paupertinus,0,3
מסכנת,uolo,0,1
מסכנת,difficultas,0,1
מסכנת,egestas,0,1
מסכנת,uix,0,1
מסכנת,paupertas,0,1
מסכנת,difficilis,0,1
מסכנת,miser,0,1
מסכנת,pauper,0,1
מסכנת,inopia,0,1
מסלה,uia,19,25
מסלה,iter,2,25
מסלה,semita,6,25
מסלה,modus,0,25
מסלה,orbita,0,25
מסלה,frictio,0,25
מסלה,ager,4,25
מסלה,fundus,0,25
מסלה,campus,0,25
מסלה,praedium,0,25
מסלה,uilla,0,25
מסלות,uia,0,0
מסלות,iter,0,0
מסלות,semita,0,0
מסלות,modus,0,0
מסלת,uia,0,0
מסלת,iter,0,0
מסלת,semita,0,0
מסלת,modus,0,0
מסמר,ungula,0,3
מסס,tabeo,0,16
מסע,insitium,0,12
מספד,circumfremo,0,13
מספד,perstrepo,0,13
מספד,caedo,0,13
מספד,ferio,0,13
מספד,pulto,0,13
מספד,luctus,3,13
מספד,maeror,0,13
מספד,dolor,0,13
מספוא,pabulatorius,0,5
מספוא,pastus,0,5
מספוא,apluda,0,5
מספוא,asininus,0,5
מספוא,asina,0,5
מספוא,asinus,2,5
מספחת,cutis,1,3
מספחת,pellis,0,3
מספחת,corium,0,3
מספחת,tergus,0,3
מספחת,abscondo,0,3
מספחת,membrana,0,3
מספר,multitudo,6,121
מספר,numero,11,121
מספר,numerus,60,121
מספר,turba,0,121
מספר,populus,11,121
מספר,plebs,0,121
מספר,insuper,0,121
מספר,supernus,0,121
מסר,uendo,0,2
מסר,restituo,0,2
מסר,soluo,0,2
מסר,trado,0,2
מסר,redeo,0,2
מסר,reuorto,0,2
מסר,stipendium,0,2
מסר,libero,0,2
מסר,reddo,0,2
מסר,iubeo,0,2
מסר,praecipio,0,2
מסר,ordo,0,2
מסר,imperium,0,2
מסר,impero,0,2
מסתור,tectum,0,1
מסתתר,celo,0,0
מסתתר,abscondo,0,0
מסתתר,occulo,0,0
מסתתר,operio,0,0
מע,uterus,0,0
מע,praecordia,0,0
מעבר,altrouorsum,0,3
מעבר,flumen,0,3
מעבר,fluuius,0,3
מעבר,amnis,0,3
מעברה,traiectus,0,8
מעד,quatio,0,2
מעד,concutio,0,2
מעד,quasso,0,2
מעה,cibus,0,2
מעה,frumentum,0,2
מעה,seges,0,2
מעה,panis,0,2
מעה,frumentarius,0,2
מעה,triticum,0,2
מעה,granum,0,2
מעה,esca,0,2
מעו,uterus,0,0
מעו,praecordia,0,0
מעוז,uis,0,17
מעוז,robur,2,17
מעוז,fortitudo,12,17
מעוז,potentia,0,17
מעוז,tutator,0,17
מעוז,castellum,0,17
מעונ,confugium,0,0
מעונ,refugium,0,0
מעז,uis,0,0
מעז,robur,0,0
מעז,fortitudo,0,0
מעז,potentia,0,0
מעז,multus,0,0
מעז,magnus,0,0
מעז,longus,0,0
מעז,diu,0,0
מעז,procul,0,0
מעז,superus,0,0
מעז,absum,0,0
מעז,summus,0,0
מעז,grandis,0,0
מעט,paruus,12,93
מעט,breuis,2,93
מעט,exiguus,0,93
מעט,paulum,0,93
מעט,modicus,14,93
מעט,paulus,0,93
מעט,paucus,18,93
מעט,paene,2,93
מעט,prope,0,93
מעט,fere,0,93
מעי,uterus,0,2
מעי,praecordia,0,2
מעיל,uestis,2,26
מעיל,uestimentum,7,26
מעיל,pallium,5,26
מעיל,toga,0,26
מעיל,tripedalis,0,26
מעיל,tunica,12,26
מעיל,tunico,0,26
מעיל,induo,8,26
מעיל,inito,0,26
מעים,uterus,12,27
מעים,praecordia,0,27
מעין,bonus,1,17
מעין,ualeo,0,17
מעין,ius,0,17
מעין,puteus,1,17
מעין,bene,0,17
מעין,pulcher,0,17
מעין,formosus,0,17
מעין,nobilis,0,17
מעין,aequus,0,17
מעין,speciosus,0,17
מעין,posterus,0,17
מעין,dexter,0,17
מעין,bellus,0,17
מעין,propterea,0,17
מעין,ideo,0,17
מעין,idcirco,0,17
מעין,propter,0,17
מעין,igitur,0,17
מעין,ergo,1,17
מעין,fons,17,17
מעין,scatebra,0,17
מעין,synagoga,0,17
מעין,educatus,0,17
מעינ,fons,0,0
מעינ,scatebra,0,0
מעינת,fons,0,0
מעינת,scatebra,0,0
מעכתי,termino,0,8
מעל,altus,3,175
מעל,summus,3,175
מעל,supremus,0,175
מעל,arx,0,175
מעל,altitudo,1,175
מעל,escendo,0,175
מעל,sursum,15,175
מעל,superne,0,175
מעל,superus,0,175
מעל,supernus,0,175
מעל,insuper,2,175
מעל,desursum,0,175
מעל,uertex,0,175
מעל,cacumen,0,175
מעל,culmen,0,175
מעל,iugum,0,175
מעל,uerticis,0,175
מעלה,ascensio,2,44
מעלה,sursum,0,44
מעלה,superne,0,44
מעלה,superus,0,44
מעלה,scalaris,0,44
מעלה,decem,4,44
מעלה,deni,0,44
מעלה,indus,0,44
מעלה,illinc,0,44
מעלה,cuspidatim,0,44
מעלה,umbra,4,44
מעלה,palma,4,44
מעלות,scalaris,0,0
מעלימ,educo,0,0
מעלל,studium,14,36
מעלל,suetudo,0,36
מעלל,opus,2,36
מעלל,facinus,0,36
מעלל,res,0,36
מעלל,negotium,0,36
מעלל,opero,0,36
מעלל,impius,0,36
מעלל,malus,9,36
מעלל,improbus,0,36
מעללי,opus,0,0
מעללי,facinus,0,0
מעללי,res,0,0
מעללי,negotium,0,0
מעללי,opero,0,0
מעמד,sisto,0,5
מעמד,sto,1,5
מעמד,constituo,0,5
מעמד,erigo,0,5
מעמד,seditio,0,5
מעמד,discordia,0,5
מעמד,ciuilis,0,5
מעמד,factio,0,5
מעמד,tumultus,0,5
מעמד,status,0,5
מעמקי,profundum,0,0
מעמקי,alo,0,0
מעמקי,altitudo,0,0
מענ,causa,0,0
מענ,propter,0,0
מענ,quia,0,0
מענ,ratio,0,0
מענ,ob,0,0
מענ,sicut,0,0
מענ,iubeo,0,0
מענ,ordo,0,0
מענ,impero,0,0
מענ,quantus,0,0
מעץ,silua,0,1
מעץ,tignum,0,1
מעץ,materia,0,1
מעץ,lignum,0,1
מעצור,interuenio,0,2
מעצור,ingestus,0,2
מעקה,defensa,0,1
מערב,profectio,0,17
מערב,uesper,0,17
מערב,crepusculum,0,17
מערב,occidens,7,17
מערב,occasus,0,17
מערב,uesperus,0,17
מערב,uespertinus,0,17
מערה,antrum,3,37
מערה,spelunca,31,37
מערה,cauerna,0,37
מערה,specus,0,37
מערה,cella,0,37
מערה,ager,10,37
מערה,fundus,0,37
מערה,campus,0,37
מערה,praedium,0,37
מערה,uilla,0,37
מערות,spelunca,0,0
מערות,antrum,0,0
מערות,specus,0,0
מערך,ordo,0,1
מערך,acies,0,1
מערך,iubeo,0,1
מערך,frons,0,1
מערך,dignitas,0,1
מערך,postis,0,1
מערכה,pello,0,16
מערכה,ago,2,16
מערכה,fugo,0,16
מערכה,impello,0,16
מערכה,iter,0,16
מערכה,syron,0,16
מערכת,pello,0,9
מערכת,ago,1,9
מערכת,fugo,0,9
מערכת,impello,0,9
מערכת,iter,0,9
מערכת,oppositus,0,9
מערת,spelunca,0,1
מערת,antrum,0,1
מערת,specus,0,1
מעש,opus,0,0
מעש,facinus,0,0
מעש,res,0,0
מעש,negotium,0,0
מעש,opero,0,0
מעש,carmen,0,0
מעש,poema,0,0
מעש,inuentus,0,0
מעשה,opus,130,179
מעשה,facinus,0,179
מעשה,res,2,179
מעשה,negotium,0,179
מעשה,opero,1,179
מעשי,opus,0,1
מעשי,facinus,0,1
מעשי,res,0,1
מעשי,negotium,0,1
מעשי,opero,0,1
מעשר,decimus,14,27
מפגע,destino,0,1
מפל,uolo,0,2
מפל,cupio,0,2
מפל,recuso,0,2
מפל,eligo,0,2
מפל,placeo,0,2
מפל,utinam,0,2
מפל,uoluntas,0,2
מפל,cupiditas,0,2
מפל,deligo,0,2
מפל,nolo,0,2
מפלגה,distributio,0,1
מפלגה,diuido,0,1
מפלצת,idolum,0,2
מפלצת,simulacrum,2,2
מפלצת,imaginis,0,2
מפלצת,umbra,0,2
מפלצת,imago,0,2
מפלת,prolapsus,0,8
מפעלות,opus,0,0
מפעלות,facinus,0,0
מפעלות,res,0,0
מפעלות,negotium,0,0
מפעלות,opero,0,0
מפץ,silua,0,2
מפץ,tignum,0,2
מפץ,materia,0,2
מפץ,lignum,0,2
מפץ,fustis,0,2
מפקד,iubeo,0,5
מפקד,ordo,0,5
מפקד,impero,0,5
מפקד,quo,0,5
מפקד,mando,0,5
מפקד,praecipio,0,5
מפקד,imperium,1,5
מפקד,praesum,0,5
מפקד,quantus,0,5
מפקד,acies,0,5
מפקד,frons,0,5
מפקד,dignitas,0,5
מפקד,postis,0,5
מפרש,nauigo,0,2
מפרש,uelifico,0,2
מפרש,uelum,1,2
מפרש,carbasus,0,2
מפרש,ueli,0,2
מפרש,uehor,0,2
מפרש,ueho,0,2
מפרש,nauigatio,0,2
מפרש,mare,0,2
מפשעה,nouissimus,0,1
מפשעה,nuper,0,1
מפשעה,denique,0,1
מפשעה,extremus,0,1
מפשעה,posterus,0,1
מפת,portendo,0,0
מפתח,clauis,2,4
מפתח,porta,0,4
מפתח,ianua,0,4
מפתח,fores,0,4
מפתח,foras,0,4
מפתח,ostium,0,4
מפתח,foris,1,4
מפתח,limen,0,4
מפתימ,portendo,0,0
מפתן,gloria,3,7
מפתן,fama,0,7
מפתן,sententia,0,7
מפתן,existimatio,0,7
מפתן,laus,0,7
מפתן,opinio,0,7
מפתן,porticus,0,7
מפתן,uestibulum,0,7
מפתן,pronaus,0,7
מצא,inuenio,286,402
מצא,reperio,18,402
מצא,latus,0,402
מצא,amplus,0,402
מצא,spatiosus,0,402
מצא,latitudo,0,402
מצא,fero,8,402
מצא,procul,2,402
מצאו,inuenio,0,0
מצאו,reperio,0,0
מצאי,meatus,0,0
מצאנו,inuenio,0,0
מצאנו,reperio,0,0
מצאת,inuenio,0,0
מצאת,reperio,0,0
מצאתי,inuenio,0,0
מצאתי,reperio,0,0
מצב,syron,0,13
מצבה,columna,0,32
מצבה,crusta,0,32
מצבה,statio,1,32
מצבה,lucus,8,32
מצבה,silua,0,32
מצבה,nemus,0,32
מצבה,lapis,7,32
מצבה,saxum,0,32
מצבה,marmor,0,32
מצבה,marmoreus,0,32
מצבה,gemma,0,32
מצבה,petrinus,0,32
מצבת,oliua,0,4
מצבת,columna,0,4
מצבת,crusta,0,4
מצבת,statio,0,4
מצד,spelunca,2,11
מצד,antrum,1,11
מצד,specus,0,11
מצד,angustus,0,11
מצד,artus,0,11
מצדיקי,iudicium,0,0
מצדיקי,iustus,0,0
מצדיקי,ius,0,0
מצדיקי,iustitia,0,0
מצדיקי,dexter,0,0
מצדיקי,aequitas,0,0
מצדיקי,aequus,0,0
מצדיקי,iustifico,0,0
מצדיקי,oportet,0,0
מצדיקי,pulcher,0,0
מצדיקי,mereo,0,0
מצדיקי,dignus,0,0
מצדיקי,rego,0,0
מצה,azymus,34,51
מצה,panis,14,51
מצה,oleum,8,51
מצה,olearius,0,51
מצה,olearis,0,51
מצה,impono,0,51
מצה,impetus,0,51
מצה,oppugno,0,51
מצו,imperatus,0,0
מצוד,rete,0,4
מצוד,retiolum,0,4
מצוד,reticulum,0,4
מצוד,laqueus,0,4
מצודה,munitio,0,17
מצודה,castellum,0,17
מצודה,defensa,0,17
מצודה,maceria,0,17
מצודת,confugium,0,0
מצודת,refugium,0,0
מצוה,imperatus,0,148
מצוה,azymus,1,148
מצוה,seruo,3,148
מצוה,custodio,47,148
מצוה,praesidium,0,148
מצוה,caueo,2,148
מצוה,custos,6,148
מצולה,profundum,5,7
מצולה,alo,0,7
מצולה,altitudo,0,7
מצולה,profundus,1,7
מצוק,necessitas,0,7
מצוק,fatum,0,7
מצוק,uis,0,7
מצוק,necesse,0,7
מצוק,cogo,0,7
מצוק,necessarius,0,7
מצוק,copia,0,7
מצוק,pressura,0,7
מצוק,hostis,1,7
מצוק,inimicus,3,7
מצוק,infestus,0,7
מצוק,quadriennium,0,7
מצור,obsido,0,25
מצור,circumsedeo,0,25
מצור,supersum,0,25
מצור,obsidium,0,25
מצור,obsidio,6,25
מצור,oppugnatio,0,25
מצור,obsidialis,0,25
מצור,quadriennium,0,25
מצורה,munitio,0,7
מצורה,castellum,0,7
מצורה,defensa,0,7
מצורה,maceria,0,7
מצות,azymus,0,0
מצות,imperatus,0,0
מצח,frons,9,10
מצח,linea,0,10
מצחק,ludus,0,0
מצחק,ludo,0,0
מציל,detraho,0,0
מציל,traho,0,0
מצלה,campana,0,1
מצלה,tintinnabulum,0,1
מצליח,uiaticulum,0,0
מצנפת,diadema,0,9
מצער,paruus,2,4
מצער,exiguus,0,4
מצער,paulum,0,4
מצער,breuis,0,4
מצער,modicus,1,4
מצער,paulus,0,4
מצער,paucus,0,4
מצער,paene,0,4
מצער,prope,0,4
מצער,fere,0,4
מצר,uolo,0,1
מצר,difficultas,0,1
מצר,egestas,0,1
מצר,uix,0,1
מצר,paupertas,0,1
מצר,difficilis,0,1
מצר,dolor,0,1
מצר,doleo,0,1
מצרי,aegyptius,16,25
מצרי,aegyptus,3,25
מצרי,iris,0,25
מצרים,aegyptius,45,580
מצרים,aegyptus,480,580
מצרים,iris,0,580
מצרימ,aegyptius,0,0
מצרימ,aegyptus,0,0
מצרימ,iris,0,0
מצרית,aegyptius,0,0
מצרית,aegyptus,0,0
מצת,azymus,0,1
מצת,discordia,0,1
מצת,rixa,0,1
מצת,certamen,0,1
מצת,lis,0,1
מצת,iurgium,0,1
מקבצ,congrego,0,0
מקבצ,simul,0,0
מקבצ,colligo,0,0
מקבת,malleus,4,5
מקבת,porca,0,5
מקדש,sacer,0,64
מקדש,sanctus,7,64
מקדש,sancio,0,64
מקדש,sanctuarium,46,64
מקדש,draconteus,0,64
מקדש,anguis,0,64
מקוה,collectus,0,10
מקומ,locus,0,0
מקומ,regio,0,0
מקומ,ager,0,0
מקומת,locus,0,0
מקומת,regio,0,0
מקומת,ager,0,0
מקור,bonus,0,14
מקור,ualeo,1,14
מקור,ius,0,14
מקור,puteus,0,14
מקור,bene,0,14
מקור,pulcher,0,14
מקור,formosus,0,14
מקור,nobilis,0,14
מקור,aequus,0,14
מקור,speciosus,0,14
מקור,posterus,0,14
מקור,dexter,0,14
מקור,bellus,0,14
מקור,propterea,1,14
מקור,ideo,0,14
מקור,idcirco,0,14
מקור,propter,0,14
מקור,igitur,0,14
מקור,ergo,0,14
מקור,fons,9,14
מקור,scatebra,0,14
מקטרת,turibulum,2,2
מקטרת,suffitus,0,2
מקל,uirga,9,16
מקל,calamus,0,16
מקל,fascis,0,16
מקל,ouis,2,16
מקל,pecus,1,16
מקל,grex,2,16
מקל,pecuarius,0,16
מקלט,confugio,3,20
מקלט,profugio,1,20
מקלט,fugio,1,20
מקלט,effugio,0,20
מקלט,fuga,0,20
מקלט,exsilium,0,20
מקלט,uito,0,20
מקלט,exsul,0,20
מקמ,locus,0,0
מקמ,regio,0,0
מקמ,ager,0,0
מקמות,locus,0,0
מקמות,regio,0,0
מקמות,ager,0,0
מקנ,probata,0,0
מקנה,probata,0,76
מקנה,emo,2,76
מקנה,praestino,0,76
מקנה,redimo,0,76
מקנת,empticius,0,0
מקסם,diuinatio,2,2
מקסם,oraculum,0,2
מקסם,cernentia,0,2
מקסם,tuor,0,2
מקצה,uertex,0,0
מקצת,equidem,0,0
מקצת,conuerto,0,0
מקצת,uerto,0,0
מקצת,dos,0,0
מקצת,pars,0,0
מקצת,finis,0,0
מקצת,exitus,0,0
מקצת,euentus,0,0
מקצת,legio,0,0
מקצת,extremus,0,0
מקצת,posterus,0,0
מקצת,denique,0,0
מקצת,nouissimus,0,0
מקרא,septimus,9,22
מקרא,arcessitus,0,22
מקרא,uocatus,0,22
מקרה,peculio,0,11
מקששת,congrego,0,0
מקששת,colligo,0,0
מר,dominus,8,52
מר,auctoritas,0,52
מר,erus,0,52
מר,potestas,0,52
מר,acerbus,0,52
מר,amarus,19,52
מר,pennus,0,52
מר,murra,7,52
מרא,cogitatio,0,2
מרא,figura,0,2
מרא,dominus,1,2
מרא,auctoritas,0,2
מרא,erus,0,2
מרא,potestas,0,2
מרא,uisio,0,2
מרא,oculus,0,2
מרא,species,0,2
מרא,uisus,0,2
מראה,genus,0,84
מראה,species,12,84
מראה,gener,0,84
מראה,figura,1,84
מראה,spectaculum,1,84
מראה,apparentia,0,84
מראה,spectus,0,84
מראה,tuor,0,84
מראה,cernentia,0,84
מראה,uisio,15,84
מראה,oculus,9,84
מראה,uisus,0,84
מראה,ceu,0,84
מראה,uelut,2,84
מראשות,hasta,4,10
מראשות,telum,0,10
מראשות,lancea,0,10
מראשות,quiris,0,10
מראשות,hastae,0,10
מראשת,caput,0,0
מרב,forum,0,3
מרב,contio,0,3
מרב,forus,0,3
מרב,multitudo,0,3
מרב,turba,0,3
מרב,populus,0,3
מרב,plebs,0,3
מרב,numero,0,3
מרב,numerus,0,3
מרבה,auctus,0,1
מרבה,inuidentia,0,1
מרבה,magnus,0,1
מרבה,ingens,0,1
מרבה,immanis,0,1
מרבה,uastus,0,1
מרבה,grandis,0,1
מרבה,multus,0,1
מרבה,superus,0,1
מרבה,summus,0,1
מרבה,alo,0,1
מרבה,longus,0,1
מרבה,diu,0,1
מרבה,procul,0,1
מרבה,absum,0,1
מרגלימ,speculator,0,0
מרגלימ,explorator,0,0
מרגלת,bos,0,4
מרגלת,iuuencus,0,4
מרגלת,taurus,0,4
מרגלת,iumentum,0,4
מרגלת,uitulus,0,4
מרגלת,pecus,0,4
מרגלת,armentum,0,4
מרגלת,uacca,0,4
מרגלת,bubulus,0,4
מרגלת,sopio,0,4
מרגלת,quiesco,0,4
מרגלת,somnus,0,4
מרגלת,dormio,3,4
מרגלת,cubo,0,4
מרגלת,pedum,0,4
מרגלת,pedes,0,4
מרגלת,pes,4,4
מרד,defectio,0,27
מרד,deficio,0,27
מרדות,defectio,0,1
מרה,abnuo,0,35
מרו,perfruor,0,0
מרום,exprobo,0,40
מרום,obicio,0,40
מרום,opprobrium,0,40
מרום,obiectatio,0,40
מרום,exprobro,4,40
מרום,altus,1,40
מרום,celsus,0,40
מרום,excelsus,6,40
מרום,sublimis,7,40
מרום,superus,0,40
מרום,alo,0,40
מרום,summus,1,40
מרום,altitudo,5,40
מרום,arx,1,40
מרומ,caelum,0,0
מרומ,caelus,0,0
מרומ,hercules,0,0
מרומ,polus,0,0
מרומ,caeli,0,0
מרומ,aether,0,0
מרומ,supremitas,0,0
מרומ,altitudo,0,0
מרומ,arx,0,0
מרזח,cena,0,2
מרזח,epulae,0,2
מרזח,conuiuium,1,2
מרזח,prandium,0,2
מרזח,farinarius,0,2
מרח,contero,0,1
מרחק,minimus,0,17
מרחק,longus,0,17
מרחק,procul,5,17
מרחק,pridem,0,17
מרחק,stadium,0,17
מרי,defectio,0,20
מריא,agnos,0,8
מריא,agnus,3,8
מריא,uitulus,2,8
מריא,iuuencus,0,8
מריא,iunix,0,8
מריא,multitudo,1,8
מריא,turba,0,8
מריא,populus,0,8
מריא,plebs,0,8
מריא,numero,0,8
מריא,numerus,0,8
מריא,ouis,1,8
מריא,pecus,0,8
מריא,grex,0,8
מריא,pecuarius,0,8
מריבה,obloquium,0,9
מריבה,differo,0,9
מריבה,dissentio,0,9
מריבה,disto,0,9
מריבה,supero,0,9
מריבה,uinco,0,9
מריבה,intersum,0,9
מריבה,inimicitia,0,9
מריבה,odium,0,9
מריבה,lis,0,9
מריבה,rixa,0,9
מריבה,certamen,0,9
מריבה,iurgium,2,9
מרירי,acerbus,0,1
מרירי,amarus,1,1
מרירי,pennus,0,1
מרכב,currus,0,3
מרכב,iugum,0,3
מרכב,quadrigae,0,3
מרכב,onusto,0,3
מרכבה,currus,21,37
מרכבה,iugum,0,37
מרכבה,quadrigae,5,37
מרכבה,onusto,0,37
מרכבה,equus,10,37
מרכבה,sonipes,0,37
מרכבה,eques,2,37
מרכבה,equitatus,0,37
מרכבה,equa,0,37
מרכבה,equi,0,37
מרכבה,equum,0,37
מרכבה,equo,0,37
מרכבת,currus,4,4
מרכבת,iugum,0,4
מרכבת,quadrigae,0,4
מרכבת,onusto,0,4
מרמה,dolus,7,22
מרמה,astus,0,22
מרע,socius,0,24
מרע,comes,0,24
מרע,amicus,7,24
מרע,sodalis,0,24
מרע,commilito,0,24
מרע,carus,0,24
מרע,dilectus,0,24
מרע,familiaris,0,24
מרעה,pascuum,4,11
מרעה,pastus,0,11
מרעה,distributio,0,11
מרעימ,impius,0,0
מרעימ,malus,0,0
מרעימ,improbus,0,0
מרעית,pascuum,2,6
מרעית,pastus,0,6
מרעית,distributio,0,6
מרץ,noceo,0,4
מרק,putealis,0,5
מרק,manubriolum,0,5
מרק,rasilis,0,5
מרק,incruentus,0,5
מרק,caro,2,5
מרק,uiscera,0,5
מרק,uiscus,0,5
מרק,cadauer,0,5
מרר,acerbus,0,11
מרר,amarus,2,11
מרר,pennus,0,11
מררי,populus,1,37
מררי,plebs,0,37
מררי,uulgus,0,37
מררי,terra,0,37
מררי,contio,0,37
מררי,communis,0,37
מררי,ecclesia,0,37
מררי,ager,0,37
מררי,praepinguis,0,37
מררי,unguinosus,0,37
מרשעת,uitium,0,1
מרשעת,scelus,0,1
מרשעת,turpitudo,0,1
מרשעת,malitia,0,1
משא,tuor,0,64
משא,cernentia,0,64
משא,onus,38,64
משאה,faenus,0,3
משאה,promutuus,0,3
משאלה,ligo,0,0
משאלה,uincio,0,0
משאלה,necto,0,0
משאלה,opus,0,0
משאלה,uolo,0,0
משאלה,postulo,0,0
משאלה,rogo,0,0
משאלה,peto,0,0
משאלה,oro,0,0
משאלה,necesse,0,0
משאלה,quaero,0,0
משאלה,quaeso,0,0
משאלה,necessarius,0,0
משאלה,interrogo,0,0
משאלה,obsecro,0,0
משאלה,desidero,0,0
משבח,laudo,0,0
משבח,laus,0,0
משבצות,mundus,0,8
משבצות,purus,1,8
משגב,confugium,0,4
משגב,refugium,1,4
משגה,desidero,0,1
משגה,erro,0,1
משגה,culpa,0,1
משגה,desum,0,1
משגה,pecco,0,1
משגה,error,1,1
משגה,peccatum,0,1
משגה,delinquo,0,1
משואה,solitudo,1,2
משוגה,desidero,0,1
משוגה,erro,0,1
משוגה,culpa,0,1
משוגה,desum,0,1
משוגה,pecco,0,1
משוגה,error,0,1
משוגה,peccatum,0,1
משוט,remus,2,2
משוט,tonsa,0,2
משוט,remulus,0,2
משוט,capulus,0,2
משוט,manubriolum,0,2
משורה,metior,0,4
משוש,festiuitas,0,15
משח,ungo,20,65
משח,christus,0,65
משח,perungo,0,65
משח,oleum,17,65
משח,olearius,0,65
משח,olearis,0,65
משח,utor,0,65
משח,usus,0,65
משחה,oleum,15,26
משחה,olearius,0,26
משחה,olearis,0,26
משחה,utor,1,26
משחה,usus,0,26
משחק,risus,0,0
משחק,rideo,0,0
משחקימ,ludus,0,0
משחקימ,ludo,0,0
משחת,unctus,0,1
משחת,ambitus,0,1
משחת,interceptus,0,1
משחתי,ungo,0,0
משחתי,christus,0,0
משחתי,perungo,0,0
משטמה,inimicitia,0,2
משטמה,odium,0,2
משטר,epistula,0,1
משטר,scribo,0,1
משטר,liber,0,1
משטר,littera,0,1
משטר,scriptura,0,1
משיח,christus,18,25
משיח,unctus,0,25
משיח,infero,2,25
משכב,lectulus,6,41
משכב,immundus,3,41
משכב,masculus,2,41
משכב,masculinus,2,41
משכב,mas,0,41
משכיל,prudentia,0,0
משכיל,intellego,0,0
משכית,figura,0,4
משכן,proba,0,116
משכנ,cala,0,0
משכנ,tabernaculum,0,0
משכנ,scaena,0,0
משכרת,merces,4,4
משכרת,praemium,0,4
משכרת,stipendium,0,4
משכרת,gero,0,4
משכרת,soluo,0,4
משכרת,reddo,1,4
משכרת,bellor,0,4
משכרת,pugno,0,4
משכרת,bellum,0,4
משל,impero,2,101
משל,rego,0,101
משל,dominor,26,101
משל,incipio,0,101
משל,coepio,0,101
משל,duco,0,101
משל,magistratus,0,101
משל,princeps,14,101
משל,praecipio,0,101
משל,imperium,1,101
משל,occipio,0,101
משל,iubeo,0,101
משל,honor,0,101
משל,praesum,2,101
משל,guberno,0,101
משל,ordior,0,101
משל,praetor,0,101
משל,miror,0,101
משל,admiror,0,101
משל,stupeo,0,101
משל,miro,0,101
משל,mirus,0,101
משל,prodigium,0,101
משל,admiratio,0,101
משל,uirga,4,101
משל,calamus,0,101
משל,dominicus,0,101
משל,parabola,24,101
משלימ,praetor,0,0
משלשת,trimulus,0,0
משלשת,triennis,0,0
משלת,impero,0,0
משלת,rego,0,0
משלת,dominor,0,0
משלת,incipio,0,0
משלת,coepio,0,0
משלת,duco,0,0
משלת,magistratus,0,0
משלת,princeps,0,0
משלת,praecipio,0,0
משלת,imperium,0,0
משלת,occipio,0,0
משלת,iubeo,0,0
משלת,honor,0,0
משלת,praesum,0,0
משלת,guberno,0,0
משלת,ordior,0,0
משלת,coepto,0,0
משמן,oleum,0,4
משמן,olearius,0,4
משמן,olearis,0,4
משמן,utor,0,4
משמן,usus,0,4
משמע,scrutinium,0,5
משמעת,argumentum,0,4
משמר,praesidium,0,20
משמר,stipator,0,20
משמר,custodio,0,20
משמר,custodia,5,20
משמר,uigilia,0,20
משמר,carcer,7,20
משמר,uinculum,0,20
משמר,custos,4,20
משמר,tutor,0,20
משמר,seruo,1,20
משמר,caueo,0,20
משמרה,ungula,0,2
משמרת,apotheca,0,67
משמרת,custodia,18,67
משמרת,uigilia,0,67
משמרת,praesidium,0,67
משמרת,carcer,0,67
משמרת,uinculum,0,67
משמרת,custos,2,67
משמרת,tutor,0,67
משמרת,seruo,4,67
משמרת,custodio,18,67
משמרת,caueo,0,67
משנ,alter,0,0
משנ,deinde,0,0
משנ,iterum,0,0
משנ,secundo,0,0
משנ,proximus,0,0
משנ,secundus,0,0
משנא,uerutum,0,0
משנה,alter,1,33
משנה,deinde,0,33
משנה,iterum,0,33
משנה,secundo,0,33
משנה,proximus,0,33
משנה,secundus,13,33
משנה,igitur,1,33
משנה,ergo,1,33
משנה,duplus,1,33
משנה,duplex,6,33
משסה,rapina,2,4
משסה,harpago,0,4
משסה,rapio,0,4
משסה,corripio,0,4
משסה,praeda,1,4
משסה,diripio,0,4
משסה,expilatio,0,4
משסה,depeculatus,0,4
משען,auxilium,0,2
משען,defendo,0,2
משען,adiuuo,0,2
משען,opera,0,2
משען,opis,0,2
משען,iuuo,0,2
משען,sustineo,0,2
משען,alo,0,2
משען,nutrio,0,2
משען,pasco,0,2
משען,educo,0,2
משען,tergum,0,2
משענ,uis,0,0
משענ,robur,0,0
משענ,fortitudo,0,0
משענ,potentia,0,0
משענה,auxilium,0,1
משענה,defendo,0,1
משענה,adiuuo,0,1
משענה,opera,0,1
משענה,opis,0,1
משענה,iuuo,0,1
משענה,sustineo,0,1
משענה,alo,0,1
משענה,nutrio,0,1
משענה,pasco,0,1
משענה,educo,0,1
משענה,tergum,0,1
משענת,auxilium,0,9
משענת,defendo,0,9
משענת,adiuuo,0,9
משענת,opera,1,9
משענת,opis,0,9
משענת,iuuo,0,9
משענת,sustineo,0,9
משענת,fascis,0,9
משענת,uirga,1,9
משענת,alo,0,9
משענת,nutrio,0,9
משענת,pasco,0,9
משענת,educo,0,9
משענת,tergum,0,9
משענת,harundineus,3,9
משפחה,mos,0,172
משפחה,consuetudo,0,172
משפחה,paternus,0,172
משפחה,pupillus,0,172
משפחה,tribus,11,172
משפחה,gens,8,172
משפחה,tributim,0,172
משפחה,populus,11,172
משפחה,plebs,0,172
משפחה,uulgus,0,172
משפחה,terra,14,172
משפחה,contio,0,172
משפחה,communis,0,172
משפחה,ecclesia,0,172
משפחה,ager,0,172
משפחה,praepinguis,0,172
משפחה,unguinosus,0,172
משפחות,generatio,0,0
משפחות,saeculum,0,0
משפחות,descensus,0,0
משפחת,generatio,0,69
משפחת,saeculum,0,69
משפחת,descensus,0,69
משפחת,mos,0,69
משפחת,consuetudo,0,69
משפחת,paternus,0,69
משפחת,pupillus,0,69
משפחת,tribus,4,69
משפחת,gens,1,69
משפחת,tributim,0,69
משפחת,populus,3,69
משפחת,plebs,0,69
משפחת,uulgus,0,69
משפחת,terra,5,69
משפחת,contio,0,69
משפחת,communis,0,69
משפחת,ecclesia,0,69
משפחת,ager,2,69
משפחת,praepinguis,0,69
משפחת,unguinosus,0,69
משפט,dispositus,0,333
משפט,dispositura,0,333
משפט,iudicium,241,333
משפט,iustus,20,333
משפט,ius,2,333
משפט,iustitia,50,333
משפט,dexter,2,333
משפט,aequitas,5,333
משפט,aequus,3,333
משפט,iustifico,1,333
משפט,oportet,0,333
משפט,pulcher,0,333
משפט,mereo,0,333
משפט,dignus,1,333
משפט,rego,2,333
משפט,scitus,0,333
משפט,fas,0,333
משפט,supplicium,0,333
משפט,aptus,0,333
משפט,uisito,0,333
משפט,causa,11,333
משפט,poena,0,333
משפט,decretorius,0,333
משפטי,decretorius,0,0
משפטימ,scitus,0,0
משפטימ,decretorius,0,0
משפטימ,iudicium,0,0
משקה,praegustator,0,13
משקה,pocillator,0,13
משקה,pincerna,4,13
משקה,madefacto,0,13
משקה,imperium,0,13
משקה,principium,0,13
משקה,initium,0,13
משקה,magistratus,0,13
משקה,regnum,0,13
משקה,honor,0,13
משקה,ratio,0,13
משקה,officium,2,13
משקה,potestas,0,13
משקה,uis,0,13
משקה,primus,0,13
משקול,ualeo,0,1
משקול,garyophyllon,0,1
משקול,cardamomum,0,1
משקול,pondus,1,1
משקול,stabulum,0,1
משקול,caula,0,1
משקול,scaena,0,1
משקול,pondo,0,1
משקופ,hyperthyrum,0,0
משקימ,praegustator,0,0
משקל,ualeo,0,42
משקל,garyophyllon,0,42
משקל,cardamomum,0,42
משקל,pondus,37,42
משקל,haustus,0,42
משקל,attractus,0,42
משקל,pondo,0,42
משקל,stabulum,0,42
משקל,caula,0,42
משקל,scaena,0,42
משקל,argenteus,15,42
משקל,argentum,7,42
משקל,donum,0,42
משקל,munus,0,42
משקל,praemium,0,42
משקל,praesens,0,42
משקל,datus,0,42
משקל,septuaginta,12,42
משקל,septuageni,0,42
משרה,imperium,0,3
משרה,principium,0,3
משרה,initium,0,3
משרה,magistratus,0,3
משרה,regnum,0,3
משרה,honor,0,3
משרה,ratio,0,3
משרה,officium,0,3
משרה,potestas,0,3
משרה,uis,0,3
משרה,primus,0,3
משרה,praecipio,0,3
משרה,humidus,0,3
משרה,udus,0,3
משרה,madidus,0,3
משרה,liquidus,0,3
משרה,umidus,0,3
משרוקי,fistula,4,4
משרוקית,fistula,0,0
משרת,cacus,0,1
משת,bibo,0,0
משת,poto,0,0
משת,potus,0,0
משת,perpotatio,0,0
משת,pedum,0,0
משת,pedes,0,0
משת,pes,0,0
משתא,cena,0,0
משתא,epulae,0,0
משתא,conuiuium,0,0
משתא,prandium,0,0
משתא,farinarius,0,0
משתה,exceptaculum,0,43
משתה,bibo,4,43
משתה,poto,0,43
משתה,perpotatio,0,43
משתה,fama,0,43
משתה,rumor,0,43
משתה,defero,1,43
משתה,nuntio,0,43
מת,heros,0,18
מת,qui,7,18
מת,iste,0,18
מת,maritus,0,18
מת,uir,7,18
מת,homo,2,18
מת,uiri,0,18
מת,uirum,0,18
מת,uiro,0,18
מת,populus,1,18
מת,humanus,0,18
מת,orbis,0,18
מת,plebs,0,18
מת,mundum,0,18
מת,morior,1,18
מת,pereo,0,18
מת,occido,0,18
מת,cado,1,18
מת,mors,0,18
מת,interfacio,0,18
מת,occaedes,0,18
מת,obeo,0,18
מת,percutio,1,18
מת,letum,0,18
מת,nex,0,18
מת,defunctus,0,18
מת,fatum,0,18
מת,mortis,0,18
מת,morte,0,18
מת,mortem,0,18
מת,efflicto,0,18
מת,emortuus,0,18
מת,corporis,0,18
מת,cadauer,0,18
מת,corpus,0,18
מת,mortuus,1,18
מת,finis,0,18
מת,extremus,0,18
מת,ultimo,0,18
מת,unus,0,18
מת,ullus,0,18
מת,quisquam,1,18
מת,quidam,0,18
מת,nullus,1,18
מת,alter,0,18
מת,certus,0,18
מת,aliquis,0,18
מת,quis,1,18
מתג,frenum,2,4
מתה,morior,0,0
מתה,pereo,0,0
מתה,occido,0,0
מתה,cado,0,0
מתה,mors,0,0
מתה,interfacio,0,0
מתה,occaedes,0,0
מתה,obeo,0,0
מתה,percutio,0,0
מתה,finis,0,0
מתה,extremus,0,0
מתה,ultimo,0,0
מתו,morior,0,0
מתו,pereo,0,0
מתו,occido,0,0
מתו,cado,0,0
מתו,mors,0,0
מתו,interfacio,0,0
מתו,occaedes,0,0
מתו,obeo,0,0
מתו,percutio,0,0
מתו,efflicto,0,0
מתו,emortuus,0,0
מתוק,dulcis,8,10
מתוק,suauis,0,10
מתוק,iucundus,0,10
מתוק,uoluptas,0,10
מתוק,gaudeo,0,10
מתוק,laeto,0,10
מתוק,libet,0,10
מתושלח,octoginta,2,6
מתושלח,octogeni,0,6
מתושלח,octogenarius,0,6
מתי,multitudo,1,25
מתי,numero,0,25
מתי,numerus,0,25
מתי,aurora,0,25
מתי,mane,0,25
מתי,usque,3,25
מתי,dum,0,25
מתי,quoad,0,25
מתי,donec,1,25
מתי,morior,0,25
מתי,emortuus,0,25
מתי,corporis,0,25
מתי,cadauer,0,25
מתי,corpus,0,25
מתי,mortuus,0,25
מתי,interuenium,0,25
מתימ,morior,0,0
מתימ,pereo,0,0
מתימ,occido,0,0
מתימ,cado,0,0
מתימ,mors,0,0
מתימ,interfacio,0,0
מתימ,occaedes,0,0
מתימ,obeo,0,0
מתימ,percutio,0,0
מתימ,efflicto,0,0
מתימ,emortuus,0,0
מתימ,corporis,0,0
מתימ,cadauer,0,0
מתימ,corpus,0,0
מתימ,mortuus,0,0
מתכנשינ,congrego,0,0
מתכנשינ,simul,0,0
מתכנשינ,colligo,0,0
מתכנת,proportio,0,5
מתכנת,comparatus,0,5
מתכנת,compositio,2,5
מתמ,liceor,0,0
מתמ,patior,0,0
מתמ,sino,0,0
מתמ,luceo,0,0
מתמ,medela,0,0
מתנ,lumbus,0,0
מתנבאימ,coniector,0,0
מתנה,doron,0,20
מתנה,charisma,0,20
מתני,lumbus,0,4
מתנים,cingulum,0,42
מתנים,balteus,3,42
מתנים,zona,1,42
מתנים,lumbus,21,42
מתנימ,lumbus,0,0
מתננ,doron,0,0
מתננ,charisma,0,0
מתנת,doron,0,0
מתנת,charisma,0,0
מתפלל,oro,0,0
מתפלל,quaeso,0,0
מתפלל,quonam,0,0
נא,detraho,0,362
נא,uerutum,0,362
נאד,membrana,0,4
נאוה,uenusto,0,7
נאוה,luceo,0,7
נאכל,edo,0,0
נאכל,comedo,0,0
נאכל,uescor,0,0
נאכל,manduco,0,0
נאלחו,necesso,0,0
נאם,causa,1,341
נאם,argumentum,0,341
נאם,contio,0,341
נאם,tabula,0,341
נאם,fabula,0,341
נאם,ob,0,341
נאם,ratio,0,341
נאם,uerbi,0,341
נאם,oratio,0,341
נאם,uerbum,15,341
נאם,sermo,10,341
נאם,uox,2,341
נאמ,dico,0,0
נאמ,loquor,0,0
נאמ,aio,0,0
נאמ,uoco,0,0
נאמ,appello,0,0
נאמ,fidelis,0,0
נאמ,fides,0,0
נאמ,hercules,0,0
נאמ,fidus,0,0
נאמ,inquam,0,0
נאמ,for,0,0
נאמ,respondeo,0,0
נאמנ,fidelis,0,0
נאמנ,fides,0,0
נאמנ,hercules,0,0
נאמנ,fidus,0,0
נאמנה,fidelis,0,0
נאמנה,fides,0,0
נאמנה,hercules,0,0
נאמנה,fidus,0,0
נאמנימ,fidelis,0,0
נאמנימ,fides,0,0
נאמנימ,hercules,0,0
נאמנימ,fidus,0,0
נאמר,aio,0,0
נאמר,dico,0,0
נאמר,inquam,0,0
נאמר,loquor,0,0
נאמר,respondeo,0,0
נאמר,profor,0,0
נאמר,quaero,0,0
נאמר,peto,0,0
נאמר,interrogo,0,0
נאמר,postulo,0,0
נאמר,rogo,0,0
נאספו,congrego,0,0
נאספו,simul,0,0
נאספו,colligo,0,0
נאספימ,congrego,0,0
נאספימ,simul,0,0
נאספימ,colligo,0,0
נאף,moechor,5,25
נאף,malefidus,0,25
נאפופים,moechor,0,1
נאפופים,adulterium,0,1
נאפים,moechor,0,2
נאפים,adulterium,2,2
נאץ,contemno,0,18
נאץ,despicio,1,18
נאץ,sperno,0,18
נאץ,respicio,0,18
נאק,gemo,2,2
נאק,ingemo,0,2
נאק,suspiro,0,2
נאקה,gemebundus,0,4
נאקת,gemebundus,0,0
נאר,relinquo,0,1
נאר,linquo,0,1
נבא,coniector,0,101
נבא,propheta,39,101
נבא,expositor,0,101
נבאימ,propheta,0,0
נבאימ,expositor,0,0
נבהלו,obturbo,0,0
נבוא,intro,0,0
נבוא,introeo,0,0
נבוא,ingredior,0,0
נבוא,subeo,0,0
נבואה,doron,0,4
נבוכדנצר,rex,16,18
נבוכדנצר,tyrannus,2,18
נבוכדנצר,dominus,1,18
נבוכדנצר,princeps,3,18
נבוכדנצר,regis,0,18
נבוכדנצר,regem,0,18
נבוכדנצר,regi,0,18
נבונ,sapientia,0,0
נבונ,sapienter,0,0
נבונ,prudens,0,0
נבונ,sapio,0,0
נביא,uates,0,277
נביא,haruspex,0,277
נביא,augur,1,277
נביא,propheta,253,277
נביא,hariolus,1,277
נביא,uidens,0,277
נביא,expositor,0,277
נביאה,ostentarius,0,6
נביאה,uidens,0,6
נביאי,propheta,0,0
נביאי,expositor,0,0
נביאימ,propheta,0,0
נביאימ,expositor,0,0
נביאמ,propheta,0,0
נביאמ,expositor,0,0
נבל,stultus,11,79
נבל,amens,0,79
נבל,excido,0,79
נבל,hebeo,0,79
נבל,psalterium,11,79
נבלה,caecitas,0,53
נבלה,immundus,11,53
נבנימ,cognitus,0,0
נבראו,fio,0,0
נבראו,nascor,0,0
נבראו,orior,0,0
נבראו,gigno,0,0
נבראו,sum,0,0
נברשה,fax,0,0
נברשה,taeda,0,0
נברשה,lampas,0,0
נברשה,lucerna,0,0
נברשה,lychnus,0,0
נגב,aegyptus,2,86
נגב,aegyptius,0,86
נגב,iris,0,86
נגב,solitudo,2,86
נגב,desero,1,86
נגב,libonotus,0,86
נגב,meridies,41,86
נגב,auster,18,86
נגב,meridianus,9,86
נגב,australis,0,86
נגב,termino,0,86
נגד,fama,1,421
נגד,rumor,1,421
נגד,defero,1,421
נגד,nuntio,101,421
נגד,incoram,0,421
נגד,hostis,0,421
נגד,contrarius,1,421
נגד,inimicus,3,421
נגד,facies,8,421
נגד,oppono,0,421
נגד,praesens,2,421
נגד,contra,44,421
נגד,uultus,4,421
נגד,os,4,421
נגד,ora,0,421
נגד,persona,0,421
נגה,uir,0,22
נגה,homo,0,22
נגה,mortalis,0,22
נגה,sol,4,22
נגה,phoebus,0,22
נגה,solis,0,22
נגה,nubes,5,22
נגה,nimbus,0,22
נגה,nebula,0,22
נגה,nubis,0,22
נגה,nubila,0,22
נגה,luna,3,22
נגה,plenilunium,0,22
נגה,lunae,0,22
נגה,phoebe,0,22
נגה,lumen,4,22
נגה,splendor,11,22
נגה,lux,5,22
נגח,ala,0,9
נגח,columna,0,9
נגח,penna,0,9
נגח,cornu,6,9
נגח,aconae,0,9
נגח,taurus,1,9
נגח,bos,4,9
נגח,uitulus,0,9
נגח,taurinus,0,9
נגיד,praetor,0,40
נגיד,duco,1,40
נגיד,praecedo,0,40
נגיד,credo,0,40
נגיד,considero,0,40
נגיד,existimo,0,40
נגיד,iudico,0,40
נגיד,teneo,0,40
נגיד,praesertim,0,40
נגיד,princeps,14,40
נגיד,magnus,1,40
נגיד,dux,20,40
נגיד,praecipuus,0,40
נגיד,maximus,0,40
נגינה,camena,0,4
נגינה,camenae,0,4
נגינה,musa,0,4
נגינה,musae,0,4
נגינה,cantus,0,4
נגינת,carmen,0,0
נגינת,cantus,0,0
נגינת,hymnus,0,0
נגלה,reuelo,0,0
נגן,bonus,0,10
נגן,probus,0,10
נגן,fortis,1,10
נגן,bene,2,10
נגן,animus,0,10
נגן,spiritus,4,10
נגן,impius,0,10
נגן,malus,4,10
נגן,improbus,0,10
נגע,accendo,0,181
נגע,tango,69,181
נגע,attingo,0,181
נגע,incendo,0,181
נגע,dimitto,4,181
נגע,relinquo,1,181
נגע,absoluo,0,181
נגע,libero,2,181
נגע,ignosco,0,181
נגע,permitto,0,181
נגע,scutica,0,181
נגע,flagrum,0,181
נגע,immundus,29,181
נגע,lepra,35,181
נגעת,accendo,0,0
נגעת,tango,0,0
נגעת,attingo,0,0
נגעת,incendo,0,0
נגף,noceo,0,50
נגפ,pulto,0,0
נגפ,plaga,0,0
נגפ,uulnus,0,0
נגפ,ictus,0,0
נגר,curro,0,7
נגר,gener,0,7
נגר,genu,0,7
נגר,curriculum,0,7
נגר,percurro,0,7
נגר,decurro,1,7
נגר,discurro,0,7
נגש,attulo,0,132
נגש,pello,0,132
נגש,ago,0,132
נגש,fugo,1,132
נגש,impello,0,132
נגש,iter,0,132
נגש,extrudo,0,132
נגש,expello,0,132
נגש,accedo,47,132
נגש,appropinquo,11,132
נגש,induco,0,132
נד,membrana,0,4
נד,defensa,0,4
נד,tremesco,0,4
נד,intremo,0,4
נדבה,oratio,0,21
נדבה,prex,0,21
נדבה,uotum,7,21
נדבה,pactio,0,21
נדד,fugio,8,22
נדד,effugio,0,22
נדד,fuga,0,22
נדד,exsilium,0,22
נדד,profugio,0,22
נדד,uito,0,22
נדד,exsul,0,22
נדד,excido,0,22
נדדו,fugio,0,0
נדדו,effugio,0,0
נדדו,fuga,0,0
נדדו,exsilium,0,0
נדדו,profugio,0,0
נדדו,uito,0,0
נדדו,exsul,0,0
נדה,immunditia,5,28
נדה,immundus,8,28
נדח,uago,0,49
נדח,congrego,9,49
נדח,simul,0,49
נדח,colligo,3,49
נדחת,uago,0,0
נדיב,libet,0,19
נדיב,sponte,0,19
נדיב,ultro,0,19
נדיב,uoluntarius,1,19
נדיב,quoad,0,19
נדיבי,praetor,0,0
נדיבימ,praetor,0,0
נדמו,stultus,0,0
נדמו,cogitatio,0,0
נדמו,hostio,0,0
נדעה,nosco,0,0
נדעה,cognosco,0,0
נדעה,scio,0,0
נדעה,intellego,0,0
נדעה,scientia,0,0
נדעה,statuo,0,0
נדר,oratio,0,55
נדר,prex,0,55
נדר,uotum,26,55
נדר,precor,0,55
נדר,oro,0,55
נדר,uoueo,22,55
נדר,opto,0,55
נדר,quaeso,0,55
נדר,obsecro,0,55
נדר,tandem,0,55
נדר,quonam,0,55
נה,auerto,0,1
נה,reflecto,0,1
נה,do,0,1
נה,trado,0,1
נה,dono,0,1
נה,tribuo,0,1
נה,concedo,0,1
נה,soluo,0,1
נה,reddo,0,1
נה,stipendium,0,1
נה,habeo,0,1
נה,teneo,0,1
נה,possideo,0,1
נה,uterus,0,1
נה,praecordia,0,1
נה,capio,0,1
נה,sumo,0,1
נה,accipio,0,1
נה,recipio,0,1
נה,impetro,0,1
נה,excipio,0,1
נהג,pello,0,27
נהג,ago,2,27
נהג,fugo,0,27
נהג,impello,0,27
נהג,iter,1,27
נהג,extrudo,0,27
נהג,expello,0,27
נהג,duco,3,27
נהג,affero,1,27
נהג,adduco,3,27
נהג,educo,1,27
נהג,fero,4,27
נהג,deduco,0,27
נהג,induco,1,27
נהג,defero,0,27
נהג,introduco,1,27
נהג,infero,0,27
נהג,offertor,0,27
נהג,plumbum,0,27
נהה,habeo,0,3
נהה,teneo,0,3
נהה,possideo,0,3
נהה,duco,0,3
נהה,praecedo,0,3
נהה,credo,0,3
נהה,considero,0,3
נהה,existimo,0,3
נהה,iudico,0,3
נהה,retineo,0,3
נהה,possessio,0,3
נהי,gemitus,0,9
נהי,planctus,1,9
נהי,luctus,2,9
נהי,fletus,1,9
נהי,querimonia,0,9
נהי,lamentatio,2,9
נהי,lamentum,1,9
נהיה,fio,0,0
נהיה,nascor,0,0
נהיה,orior,0,0
נהיה,gigno,0,0
נהיה,sum,0,0
נהיתה,fio,0,0
נהיתה,nascor,0,0
נהיתה,orior,0,0
נהיתה,gigno,0,0
נהיתה,sum,0,0
נהל,duco,0,8
נהל,ago,0,8
נהל,affero,0,8
נהל,adduco,2,8
נהל,educo,0,8
נהל,fero,0,8
נהל,deduco,0,8
נהל,induco,0,8
נהל,defero,0,8
נהל,introduco,0,8
נהל,infero,0,8
נהל,offertor,0,8
נהל,plumbum,0,8
נהל,praecedo,1,8
נהל,credo,0,8
נהל,considero,0,8
נהל,existimo,0,8
נהל,iudico,0,8
נהל,teneo,0,8
נהם,gemo,2,7
נהם,ingemo,0,7
נהם,suspiro,0,7
נהר,fluuius,37,112
נהר,flumen,59,112
נהר,amnis,2,112
נהר,fluuiatilis,0,112
נהר,fluentum,0,112
נהר,cursus,0,112
נהרג,mors,0,0
נהרג,interfacio,0,0
נהרג,occaedes,0,0
נהרג,percutio,0,0
נהרג,occido,0,0
נהרג,neco,0,0
נהרות,flumen,0,0
נהרות,fluuius,0,0
נהרות,amnis,0,0
נהרימ,flumen,0,0
נהרימ,fluuius,0,0
נהרימ,amnis,0,0
נהרימ,amicimen,0,0
נהרת,flumen,0,0
נהרת,fluuius,0,0
נהרת,amnis,0,0
נוא,prohibeo,0,4
נוא,ueto,0,4
נוא,impedio,0,4
נוא,attorqueo,0,4
נוא,uotiuus,0,4
נוגע,accendo,0,0
נוגע,tango,0,0
נוגע,attingo,0,0
נוגע,incendo,0,0
נודע,fio,0,0
נודע,nascor,0,0
נודע,orior,0,0
נודע,gigno,0,0
נודע,sum,0,0
נודע,nosco,0,0
נודע,cognosco,0,0
נודע,scio,0,0
נודע,intellego,0,0
נודע,scientia,0,0
נודע,statuo,0,0
נודע,notitia,0,0
נוה,urbs,2,41
נוה,ciuitas,3,41
נוה,oppidum,0,41
נוה,moenia,0,41
נוה,publicus,0,41
נוה,athenae,0,41
נוה,municipium,0,41
נוה,urbem,0,41
נוה,urbis,0,41
נוה,reliquus,0,41
נוה,ceterus,0,41
נוה,conquiesco,0,41
נוה,ouis,0,41
נוה,pecus,1,41
נוה,grex,7,41
נוה,pecuarius,0,41
נוכל,possum,0,0
נוכל,ualeo,0,0
נוכל,potestas,0,0
נוכל,uis,0,0
נוכל,uirtus,0,0
נוכל,imperium,0,0
נוכל,queo,0,0
נולד,genero,0,0
נולד,gigno,0,0
נולד,pario,0,0
נולד,fero,0,0
נום,somnus,0,4
נום,dormio,2,4
נוס,fugio,111,138
נוס,effugio,1,138
נוס,fuga,5,138
נוס,exsilium,0,138
נוס,profugio,1,138
נוס,uito,0,138
נוס,exsul,0,138
נוע,corytos,0,28
נוע,pharetra,0,28
נוע,silua,1,28
נוע,tignum,0,28
נוע,materia,0,28
נוע,lignum,4,28
נועצו,consilium,0,0
נועצו,consulo,0,0
נועצו,iudico,0,0
נועצו,concilium,0,0
נועצו,insidiae,0,0
נועצו,consilior,0,0
נוף,impono,0,32
נוף,impetus,0,32
נוף,oppugno,0,32
נוץ,trado,0,1
נוץ,abeo,0,1
נוץ,discedo,0,1
נוץ,recedo,1,1
נוץ,abito,1,1
נור,ignis,8,8
נור,flamma,1,8
נור,incendium,0,8
נורא,mirabilis,0,0
נורא,terribilis,0,0
נורא,formidabilis,0,0
נורא,horrendus,0,0
נורא,formidolosus,0,0
נורא,pauidus,0,0
נושעה,seruo,0,0
נושעה,conseruo,0,0
נושעה,tueor,0,0
נושעה,saluus,0,0
נושעה,salus,0,0
נושעה,libero,0,0
נושעה,retineo,0,0
נושעה,saluo,0,0
נותנ,do,0,0
נותנ,trado,0,0
נותנ,dono,0,0
נותנ,tribuo,0,0
נותנ,concedo,0,0
נותנ,soluo,0,0
נותנ,reddo,0,0
נותנ,stipendium,0,0
נותר,relinquo,0,0
נזיד,focus,0,5
נזיר,oratio,0,16
נזיר,prex,0,16
נזיר,uotum,1,16
נזל,fluo,7,12
נזל,decurro,0,12
נזם,spicifer,0,16
נזם,aureus,7,16
נזם,aurum,1,16
נזמ,spicifer,0,0
נזמי,spicifer,0,0
נזק,noceo,0,4
נזר,impono,1,28
נזר,impetus,0,28
נזר,oppugno,0,28
נזר,oratio,0,28
נזר,prex,0,28
נזר,uotum,1,28
נח,molybdus,0,39
נחבא,celo,0,0
נחבא,abscondo,0,0
נחבא,occulo,0,0
נחבא,operio,0,0
נחה,duco,3,21
נחה,ago,0,21
נחה,affero,0,21
נחה,adduco,1,21
נחה,educo,0,21
נחה,fero,0,21
נחה,deduco,0,21
נחה,induco,0,21
נחה,defero,0,21
נחה,introduco,0,21
נחה,infero,0,21
נחה,offertor,0,21
נחה,plumbum,0,21
נחה,praecedo,2,21
נחה,credo,0,21
נחה,considero,0,21
נחה,existimo,0,21
נחה,iudico,0,21
נחה,teneo,0,21
נחוש,orichalcum,0,1
נחוש,aeneus,0,1
נחוש,aereus,1,1
נחוש,aer,0,1
נחוש,chalceus,0,1
נחוש,aeratus,0,1
נחוש,aes,0,1
נחוש,aeris,0,1
נחוש,ferrum,0,1
נחוש,asum,0,1
נחושה,orichalcum,0,9
נחושה,aeneus,0,9
נחושה,aereus,5,9
נחושה,aer,0,9
נחושה,chalceus,0,9
נחושה,aeratus,0,9
נחושה,aes,1,9
נחושה,aeris,0,9
נחושה,ferrum,2,9
נחושה,asum,0,9
נחושה,ferreus,4,9
נחושה,ferrarius,0,9
נחיה,assurgo,0,0
נחיה,consurgo,0,0
נחל,uallis,0,164
נחל,fauces,0,164
נחל,uallum,0,164
נחל,scissus,0,164
נחל,torrens,42,164
נחלה,possideo,12,171
נחלה,heredito,0,171
נחלה,hereditas,78,171
נחלה,possessio,72,171
נחלה,hereditarius,2,171
נחלה,sors,15,171
נחלה,praedium,0,171
נחלה,aratio,0,171
נחלה,sortio,0,171
נחלת,hereditas,0,0
נחלת,possessio,0,0
נחלת,hereditarius,0,0
נחם,paeniteo,10,84
נחם,paenitentia,7,84
נחם,consolo,16,84
נחם,cohorto,0,84
נחם,hortor,0,84
נחם,uolo,1,84
נחם,oro,1,84
נחם,obsecro,1,84
נחם,rogo,1,84
נחם,peto,0,84
נחם,uoco,3,84
נחמ,hortor,0,0
נחמ,uolo,0,0
נחמ,oro,0,0
נחמ,obsecro,0,0
נחמ,rogo,0,0
נחמ,peto,0,0
נחמ,uoco,0,0
נחמד,hora,0,0
נחמד,tempus,0,0
נחמד,prospicus,0,0
נחמו,hortor,0,0
נחמו,uolo,0,0
נחמו,oro,0,0
נחמו,obsecro,0,0
נחמו,rogo,0,0
נחמו,peto,0,0
נחמו,uoco,0,0
נחמת,hortor,0,0
נחמת,uolo,0,0
נחמת,oro,0,0
נחמת,obsecro,0,0
נחמת,rogo,0,0
נחמת,peto,0,0
נחמת,uoco,0,0
נחץ,iubeo,0,1
נחץ,impero,0,1
נחץ,mando,0,1
נחץ,ordo,0,1
נחץ,praecipio,0,1
נחץ,imperium,0,1
נחץ,praesum,0,1
נחץ,consilium,0,1
נחץ,commendo,0,1
נחץ,hortor,0,1
נחץ,monstro,0,1
נחץ,uolo,0,1
נחץ,oro,0,1
נחץ,obsecro,0,1
נחץ,rogo,0,1
נחץ,peto,0,1
נחץ,uoco,0,1
נחש,draco,1,50
נחש,serpens,15,50
נחש,anguis,0,50
נחש,coluber,8,50
נחש,aes,2,50
נחש,aeris,0,50
נחש,ferrum,2,50
נחש,aereus,1,50
נחש,aer,2,50
נחש,aeneus,2,50
נחש,asum,0,50
נחש,aeratus,0,50
נחשבנו,numero,0,0
נחשת,orichalcum,1,117
נחשת,aeneus,28,117
נחשת,aereus,23,117
נחשת,aer,29,117
נחשת,chalceus,0,117
נחשת,aeratus,0,117
נחשת,aes,14,117
נחשת,aeris,0,117
נחשת,ferrum,13,117
נחשת,asum,0,117
נחשת,pecunia,0,117
נחשת,argenteus,8,117
נחשת,nummus,0,117
נחשת,argentum,16,117
נחשת,aurum,14,117
נחשת,aureus,4,117
נחת,descendo,1,19
נחת,deicio,0,19
נטה,declino,21,171
נטה,porrigo,1,171
נטה,sisto,0,171
נטה,sto,3,171
נטה,constituo,1,171
נטה,erigo,1,171
נטה,donec,5,171
נטה,quantum,0,171
נטה,usque,2,171
נטה,dum,0,171
נטה,longus,2,171
נטה,sicut,4,171
נטה,quoad,0,171
נטה,figo,4,171
נטויה,altus,0,0
נטויה,celsus,0,0
נטויה,excelsus,0,0
נטויה,sublimis,0,0
נטויה,superus,0,0
נטויה,alo,0,0
נטויה,summus,0,0
נטע,arbusto,0,50
נטע,ferax,0,50
נטע,uineus,0,50
נטע,hortulus,0,50
נטע,aedes,0,50
נטע,familia,0,50
נטע,templum,0,50
נטע,apud,0,50
נטע,tectum,0,50
נטע,penates,0,50
נטע,cognatio,0,50
נטע,domus,12,50
נטש,relinquo,5,35
נטש,linquo,0,35
נטש,syron,0,35
נטש,campus,0,35
נטש,planities,0,35
נטש,campe,0,35
נטש,planus,0,35
ניב,fructus,1,2
ניב,pomum,0,2
ניב,messis,0,2
ניחוח,olfactus,0,2
ניחוח,acerra,0,2
ניחוח,irascor,0,2
ניחוח,furor,0,2
ניחוח,periratus,0,2
ניחח,olfactus,0,43
ניחח,occensus,0,43
ניחח,holocaustum,19,43
ניחח,odor,38,43
ניחח,odoratus,1,43
נין,proles,0,3
נין,stirps,1,3
נין,genus,0,3
נין,seminium,0,3
נין,progenies,2,3
נין,nepos,0,3
נינ,semen,0,0
נינ,stirps,0,0
נינ,proles,0,0
נינ,semento,0,0
נינוה,nuntio,0,15
נינוה,pronuntio,0,15
נינוה,declaro,0,15
נינוה,praedico,3,15
נינוה,praeco,0,15
ניר,fax,0,8
ניר,taeda,0,8
ניר,lampas,0,8
ניר,lucerna,5,8
ניר,lychnus,0,8
נכאת,acerra,0,2
נכה,ferio,2,448
נכה,pulso,0,448
נכה,percutio,344,448
נכונ,promptus,0,0
נכונ,parito,0,0
נכח,incoram,0,32
נכחד,celo,0,0
נכחד,abscondo,0,0
נכחד,occulo,0,0
נכחד,operio,0,0
נכנימ,promptus,0,0
נכנימ,parito,0,0
נכסים,ops,0,5
נכסים,diuitiae,5,5
נכסים,opis,0,5
נכסים,lutus,0,5
נכר,stadiatus,0,74
נכר,exter,0,74
נכר,externus,0,74
נכר,alienus,20,74
נכר,syron,0,74
נכר,barbarus,0,74
נכר,peregrinus,4,74
נכר,hospes,0,74
נכר,aduena,2,74
נכר,noscito,0,74
נכרי,exter,0,43
נכרי,externus,1,43
נכרי,alienus,19,43
נכרי,barbarus,0,43
נכרי,peregrinus,7,43
נכרי,hospes,0,43
נכרי,aduena,3,43
נכריה,exter,0,0
נכריה,externus,0,0
נכריה,alienus,0,0
נכריות,exter,0,0
נכריות,externus,0,0
נכריות,alienus,0,0
נכרת,interneco,0,0
נכרתה,dispono,0,0
נכרתה,interneco,0,0
נכת,aerarius,0,2
נכת,thesaurus,2,2
נכת,possessio,0,2
נכת,bonus,1,2
נכת,possideo,0,2
נכת,census,0,2
נלחמ,bellor,0,0
נלחמ,pugno,0,0
נלחמ,gero,0,0
נלחמ,bellum,0,0
נלחמימ,bellum,0,0
נלחמימ,mars,0,0
נלחמימ,arma,0,0
נלחמימ,acies,0,0
נלחמימ,bello,0,0
נלחמימ,pugna,0,0
נלחמימ,belli,0,0
נלחמימ,proelium,0,0
נלכ,iter,0,0
נלכ,martius,0,0
נלכ,agmen,0,0
נלכ,pergo,0,0
נלכד,teneo,0,0
נלכד,obtineo,0,0
נלכד,potior,0,0
נלכד,uictoria,0,0
נלכד,dominus,0,0
נלכד,erus,0,0
נלכד,uinco,0,0
נלכד,uictor,0,0
נלכה,iter,0,0
נלכה,martius,0,0
נלכה,agmen,0,0
נלכה,pergo,0,0
נמות,morior,0,0
נמות,pereo,0,0
נמות,occido,0,0
נמות,cado,0,0
נמות,mors,0,0
נמות,interfacio,0,0
נמות,occaedes,0,0
נמות,obeo,0,0
נמות,percutio,0,0
נמלה,formica,2,2
נמלט,seruo,0,0
נמלט,conseruo,0,0
נמלט,tueor,0,0
נמלט,saluus,0,0
נמלט,salus,0,0
נמלט,libero,0,0
נמלט,retineo,0,0
נמלט,saluo,0,0
נמצא,inuenio,0,0
נמצא,reperio,0,0
נמצאו,inuenio,0,0
נמצאו,reperio,0,0
נמצאימ,inuenio,0,0
נמצאימ,reperio,0,0
נמר,leopardus,0,5
נמר,ceu,0,5
נמר,uelut,0,5
נס,confugium,0,20
נס,refugium,0,20
נס,signum,15,20
נס,insigne,0,20
נס,testimonium,0,20
נס,argumentum,0,20
נס,oppignero,0,20
נס,fugio,3,20
נס,effugio,0,20
נס,fuga,0,20
נס,exsilium,0,20
נס,profugio,0,20
נס,uito,0,20
נס,exsul,0,20
נסה,conor,0,28
נסה,suscipio,0,28
נסה,recipio,0,28
נסה,impetus,0,28
נסה,oppugno,0,28
נסה,tento,4,28
נסה,attento,0,28
נסה,tempto,11,28
נסה,experior,2,28
נסו,profugio,0,0
נסו,effugio,0,0
נסו,fugio,0,0
נסו,fuga,0,0
נסו,exsilium,0,0
נסו,uito,0,0
נסו,exsul,0,0
נסח,lacrima,0,4
נסח,fletus,0,4
נסח,fleo,0,4
נסח,lacrimae,0,4
נסיך,foedus,0,4
נסיך,pax,0,4
נסיך,libatio,0,4
נסיך,indutiae,0,4
נסך,agninus,0,74
נסך,litamen,0,74
נסך,foedus,0,74
נסך,pax,0,74
נסך,libatio,6,74
נסך,indutiae,0,74
נסכ,foedus,0,0
נסכ,pax,0,0
נסכ,libatio,0,0
נסכ,indutiae,0,0
נסע,abito,1,133
נסעו,discedo,0,0
נסעו,recedo,0,0
נסעו,abeo,0,0
נע,gemo,0,0
נע,ingemo,0,0
נע,suspiro,0,0
נעברה,crux,0,0
נעברה,transeo,0,0
נעברה,transgredior,0,0
נעדר,lateo,0,0
נעדר,fallo,0,0
נעדר,obliuiscor,0,0
נעה,morbus,0,5
נעה,pestis,0,5
נעה,lues,0,5
נעה,ualetudo,0,5
נעה,infirmitas,0,5
נעור,iuuentus,0,0
נעור,adulescentia,0,0
נעור,iuuenis,0,0
נעור,iuuenta,0,0
נעורים,iuuentus,0,37
נעורים,adulescentia,24,37
נעורים,iuuenis,0,37
נעורים,iuuenta,0,37
נעורים,infans,0,37
נעורים,fornicatio,3,37
נעורים,idololatria,0,37
נעים,iucundus,0,7
נעים,dulcis,0,7
נעים,uoluptas,0,7
נעים,gaudeo,0,7
נעים,suauis,0,7
נעים,laeto,0,7
נעים,libet,0,7
נעימ,amoenus,0,0
נעל,calceamentum,15,29
נעל,calceus,0,29
נעל,calceatus,1,29
נעל,lumbus,2,29
נעל,pedum,0,29
נעל,pedes,0,29
נעל,pes,9,29
נעלה,ascendo,0,0
נעלה,mons,0,0
נעלה,escendo,0,0
נעלימ,calceamentum,0,0
נעלימ,calceus,0,0
נעלימ,calceatus,0,0
נעמה,decem,2,5
נעמה,deni,0,5
נער,adulescens,20,229
נער,puer,153,229
נער,adulescentia,2,229
נער,uiginti,0,229
נער,nauis,0,229
נער,puppis,0,229
נער,carina,0,229
נער,ratis,0,229
נער,classis,0,229
נער,uasum,0,229
נער,naui,0,229
נער,nauem,0,229
נער,iuuenis,16,229
נער,adulescentulus,0,229
נער,peradulescentulus,0,229
נער,nouus,1,229
נער,iuuentus,0,229
נער,iuuenta,0,229
נער,aetas,0,229
נער,puellus,0,229
נער,puerulus,0,229
נער,filius,33,229
נער,iuuencus,0,229
נער,filia,3,229
נער,nascor,0,229
נער,pueri,0,229
נער,puerum,0,229
נער,natus,0,229
נער,uirgineus,0,229
נער,uirgo,3,229
נער,uirginis,0,229
נער,puella,3,229
נערה,mulier,1,60
נערה,filia,5,60
נערה,uirgo,9,60
נערה,nata,0,60
נערה,puella,34,60
נערה,nauis,0,60
נערה,puppis,0,60
נערה,carina,0,60
נערה,ratis,0,60
נערה,classis,0,60
נערה,uasum,0,60
נערה,naui,0,60
נערה,nauem,0,60
נערה,nascor,0,60
נערה,puer,4,60
נערה,pueri,0,60
נערה,puerum,0,60
נערה,natus,0,60
נערה,filius,2,60
נערה,uirgineus,0,60
נערה,uirginis,0,60
נערה,puera,0,60
נערות,puella,0,1
נערות,infantula,0,1
נערות,puellula,0,1
נערי,puellus,0,1
נערי,puerulus,0,1
נערימ,adulescens,0,0
נערימ,iuuenis,0,0
נערימ,adulescentulus,0,0
נערימ,peradulescentulus,0,0
נערימ,puellus,0,0
נערימ,puerulus,0,0
נערת,ancillatus,0,2
נעשתה,fio,0,0
נעשתה,nascor,0,0
נעשתה,orior,0,0
נעשתה,gigno,0,0
נעשתה,sum,0,0
נפה,coniugo,0,4
נפה,bigae,0,4
נפה,iugum,0,4
נפח,plaga,0,11
נפח,uulnus,0,11
נפח,ictus,0,11
נפכ,carbo,0,0
נפכ,anthracitis,0,0
נפל,cado,170,374
נפל,incido,7,374
נפל,ingruo,0,374
נפל,concido,7,374
נפל,ruo,11,374
נפל,ruina,5,374
נפלאות,mirus,0,0
נפלאות,mirificus,0,0
נפלאות,mirabilis,0,0
נפלאת,mirus,0,0
נפלאת,mirificus,0,0
נפלה,ingruo,0,0
נפלה,cado,0,0
נפלה,concido,0,0
נפלה,ruo,0,0
נפלה,incido,0,0
נפלה,ruina,0,0
נפלו,ingruo,0,0
נפלו,cado,0,0
נפלו,concido,0,0
נפלו,ruo,0,0
נפלו,incido,0,0
נפלו,ruina,0,0
נפלו,admeo,0,0
נפלינ,cado,0,0
נפלינ,concido,0,0
נפלינ,ruo,0,0
נפלינ,incido,0,0
נפלינ,ruina,0,0
נפצו,diffundo,0,0
נפק,extro,0,4
נפק,exeo,0,4
נפק,egredior,2,4
נפק,prodeo,0,4
נפקה,liceor,0,2
נפקה,patior,0,2
נפקה,sino,0,2
נפקה,luceo,0,2
נפקו,liceor,0,0
נפקו,patior,0,0
נפקו,sino,0,0
נפקו,luceo,0,0
נפקינ,liceor,0,0
נפקינ,patior,0,0
נפקינ,sino,0,0
נפקינ,luceo,0,0
נפש,ipse,39,540
נפש,sui,24,540
נפש,anima,446,540
נפש,spiritus,5,540
נפש,aetas,3,540
נפש,uita,15,540
נפש,animus,11,540
נפש,mens,3,540
נפש,animae,0,540
נפש,frigido,0,540
נפש,refrigero,2,540
נפשות,anima,0,0
נפשות,spiritus,0,0
נפשות,aetas,0,0
נפשות,uita,0,0
נפשות,animus,0,0
נפשות,mens,0,0
נפשות,animae,0,0
נפשי,anima,0,0
נפשי,spiritus,0,0
נפשי,aetas,0,0
נפשי,uita,0,0
נפשי,animus,0,0
נפשי,mens,0,0
נפשי,animae,0,0
נפשת,frigido,0,0
נפשת,refrigero,0,0
נפת,collis,0,5
נפת,mons,0,5
נפת,iuba,0,5
נפת,iugum,0,5
נפת,serum,0,5
נפת,terminus,0,5
נפתחו,pateo,0,0
נפתחו,aperio,0,0
נפתחו,patefacio,0,0
נץ,effloresco,1,5
נץ,flos,1,5
נצב,scientia,0,65
נצב,sto,29,65
נצב,sisto,0,65
נצב,constituo,2,65
נצב,erigo,5,65
נצבימ,sisto,0,0
נצבימ,sto,0,0
נצבימ,constituo,0,0
נצבימ,erigo,0,0
נצבימ,aduenio,0,0
נצבימ,praesidium,0,0
נצבימ,custodia,0,0
נצבת,sisto,0,0
נצבת,sto,0,0
נצבת,constituo,0,0
נצבת,erigo,0,0
נצה,pugno,1,11
נצה,dimico,0,11
נצה,certo,0,11
נצה,proelium,0,11
נצה,pugna,0,11
נצה,acies,0,11
נצה,proelior,0,11
נצח,praeolo,0,34
נצח,gloria,1,34
נצח,fama,0,34
נצח,sententia,0,34
נצח,existimatio,0,34
נצח,laus,1,34
נצח,opinio,0,34
נצח,decus,0,34
נצח,gloriola,0,34
נצח,gloriae,0,34
נצח,honor,0,34
נצח,finis,8,34
נצח,exitus,0,34
נצח,euentus,0,34
נצח,legio,0,34
נצח,extremus,0,34
נצח,posterus,0,34
נצח,denique,0,34
נצח,nouissimus,0,34
נצח,tempus,0,34
נצח,tum,0,34
נצח,longus,0,34
נצח,diu,0,34
נצח,aetas,0,34
נצח,temporis,0,34
נצח,aeuum,0,34
נצח,saeculum,1,34
נצח,uita,0,34
נצח,aeternus,1,34
נצח,sempiternus,5,34
נציב,columna,0,11
נציב,prostylos,0,11
נציב,crusta,0,11
נציב,statio,2,11
נציב,syron,0,11
נצל,trado,7,149
נצל,abeo,0,149
נצל,uendo,0,149
נצל,restituo,0,149
נצל,soluo,0,149
נצל,redeo,1,149
נצל,reuorto,2,149
נצל,stipendium,0,149
נצל,libero,71,149
נצל,reddo,4,149
נצל,deditio,0,149
נצל,eruo,48,149
נצל,eripio,1,149
נצל,detraho,1,149
נצן,effloresco,0,1
נצן,flos,1,1
נצר,custodia,2,40
נצר,uigilia,0,40
נצר,praesidium,0,40
נצר,carcer,0,40
נצר,uinculum,0,40
נצר,custos,11,40
נצר,seruo,10,40
נצר,custodio,11,40
נצר,caueo,0,40
נקא,mundus,0,0
נקא,purus,0,0
נקבה,femina,16,22
נקבה,masculus,12,22
נקבה,masculinus,1,22
נקבה,mas,1,22
נקבצו,congrego,0,0
נקבצו,simul,0,0
נקבצו,colligo,0,0
נקד,capra,3,10
נקד,caper,0,10
נקד,hircus,1,10
נקד,caprinus,0,10
נקד,hircinus,0,10
נקד,albus,2,10
נקד,candidus,0,10
נקד,lelepris,0,10
נקד,ophthalmias,0,10
נקד,merces,2,10
נקד,praemium,0,10
נקד,stipendium,0,10
נקד,gero,0,10
נקד,soluo,1,10
נקד,reddo,0,10
נקד,uarius,7,10
נקד,ouis,6,10
נקד,pecus,1,10
נקד,grex,3,10
נקד,pecuarius,0,10
נקדימ,uarius,0,0
נקה,asymbolus,0,30
נקה,depurgo,0,30
נקה,limpido,0,30
נקומה,surgo,0,0
נקומה,exsurgo,0,0
נקח,capio,0,0
נקח,sumo,0,0
נקח,accipio,0,0
נקח,recipio,0,0
נקח,impetro,0,0
נקח,excipio,0,0
נקי,innocens,21,36
נקי,immeritus,0,36
נקי,asymbolus,0,36
נקי,effundo,6,36
נקי,offundo,0,36
נקי,defundo,0,36
נקם,defendo,0,38
נקם,arceo,0,38
נקם,propulso,0,38
נקם,defensio,0,38
נקם,tutor,0,38
נקם,uisito,2,38
נקם,ulciscor,13,38
נקם,ultio,18,38
נקם,stipendior,0,38
נקם,ius,0,38
נקם,iustitia,1,38
נקם,fas,0,38
נקם,iudicium,2,38
נקם,supplicium,0,38
נקם,aptus,0,38
נקם,causa,1,38
נקם,aequitas,0,38
נקם,poena,1,38
נקם,ultorius,0,38
נקם,hostis,7,38
נקם,inimicus,6,38
נקם,infestus,0,38
נקמ,ius,0,0
נקמ,iustitia,0,0
נקמ,fas,0,0
נקמ,iudicium,0,0
נקמ,supplicium,0,0
נקמ,aptus,0,0
נקמ,uisito,0,0
נקמ,causa,0,0
נקמ,aequitas,0,0
נקמ,poena,0,0
נקמ,ultorius,0,0
נקמה,defendo,0,18
נקמה,arceo,0,18
נקמה,propulso,0,18
נקמה,defensio,0,18
נקמה,tutor,0,18
נקמה,poena,0,18
נקמה,supplicium,0,18
נקמה,ultio,14,18
נקמה,stipendior,0,18
נקמה,ultorius,0,18
נקמה,hostis,1,18
נקמה,inimicus,2,18
נקמה,infestus,0,18
נקע,defectio,0,3
נקע,deficio,0,3
נקפה,funis,0,1
נקפה,resticula,0,1
נקפה,tortum,0,1
נקפה,rudentes,0,1
נקפה,rudens,0,1
נקפה,restis,0,1
נקרא,inuoco,0,0
נקרא,appello,0,0
נקרא,nomino,0,0
נקרא,nomen,0,0
נקרא,inuito,0,0
נקרא,uoco,0,0
נר,fax,0,50
נר,taeda,0,50
נר,lampas,1,50
נר,lucerna,29,50
נר,lychnus,0,50
נראה,uideo,0,0
נראה,cerno,0,0
נראה,conspicio,0,0
נראה,aspicio,0,0
נראה,animaduerto,0,0
נראה,obseruo,0,0
נרדה,descendo,0,0
נרדה,deicio,0,0
נש,coniunx,0,0
נש,muliebris,0,0
נש,uira,0,0
נש,femina,0,0
נש,uxor,0,0
נש,mulier,0,0
נש,ipse,0,0
נש,sui,0,0
נשא,sustollo,0,595
נשא,dimitto,8,595
נשא,relinquo,3,595
נשא,absoluo,0,595
נשא,libero,2,595
נשא,ignosco,1,595
נשא,permitto,0,595
נשא,capio,7,595
נשא,sumo,11,595
נשא,accipio,24,595
נשא,recipio,3,595
נשא,impetro,0,595
נשא,excipio,0,595
נשא,fero,37,595
נשא,porto,113,595
נשא,gero,0,595
נשא,affero,8,595
נשא,adduco,9,595
נשא,educo,6,595
נשא,duco,5,595
נשא,induco,9,595
נשא,defero,7,595
נשא,introduco,2,595
נשא,infero,3,595
נשא,offertor,5,595
נשאו,dictum,0,0
נשאו,uerbum,0,0
נשאו,uox,0,0
נשאו,uersus,0,0
נשאו,sermo,0,0
נשאו,carmen,0,0
נשאו,poema,0,0
נשאי,fero,0,0
נשאי,porto,0,0
נשאי,gero,0,0
נשאי,affero,0,0
נשאי,adduco,0,0
נשאי,educo,0,0
נשאי,duco,0,0
נשאי,induco,0,0
נשאי,defero,0,0
נשאי,introduco,0,0
נשאי,infero,0,0
נשאי,offertor,0,0
נשאר,relinquo,0,0
נשאת,sustollo,0,0
נשאת,dimitto,0,0
נשאת,relinquo,0,0
נשאת,absoluo,0,0
נשאת,libero,0,0
נשאת,ignosco,0,0
נשאת,permitto,0,0
נשב,plaga,0,2
נשב,uulnus,0,2
נשב,ictus,0,2
נשבע,iuro,0,0
נשבע,adiuro,0,0
נשבע,iniuro,0,0
נשבע,iureiuro,0,0
נשבעו,iuro,0,0
נשבעו,adiuro,0,0
נשבעו,iniuro,0,0
נשבעו,iureiuro,0,0
נשבעתי,iuro,0,0
נשבעתי,adiuro,0,0
נשבעתי,iniuro,0,0
נשבעתי,iureiuro,0,0
נשבר,praetero,0,0
נשברה,praetero,0,0
נשבת,ulter,0,0
נשבת,decoctum,0,0
נשבת,decima,0,0
נשג,comprehendo,5,43
נשגב,sublimo,0,0
נשה,rigeo,0,3
נשובה,reuerto,0,0
נשי,coniunx,0,0
נשי,muliebris,0,0
נשי,uira,0,0
נשי,femina,0,0
נשי,uxor,0,0
נשי,mulier,0,0
נשי,debeo,0,0
נשי,indigeo,0,0
נשיא,praetor,0,117
נשיא,praesertim,0,117
נשיא,princeps,87,117
נשיא,magnus,3,117
נשיא,dux,17,117
נשיא,praecipuus,0,117
נשיא,maximus,0,117
נשיה,obliuio,0,0
נשימ,coniunx,0,0
נשימ,muliebris,0,0
נשימ,uira,0,0
נשימ,femina,0,0
נשימ,uxor,0,0
נשימ,mulier,0,0
נשיקה,osculum,1,2
נשיקה,basio,0,2
נשיקה,amo,0,2
נשיקה,diligo,2,2
נשיקה,soleo,0,2
נשיקה,caritas,0,2
נשיקה,amor,0,2
נשך,mordeo,8,21
נשך,morsus,0,21
נשך,serpens,6,21
נשך,anguis,0,21
נשך,coluber,4,21
נשך,productio,0,21
נשך,partitudo,0,21
נשכ,partitudo,0,0
נשכה,domus,2,3
נשכה,tecta,0,3
נשכה,templum,0,3
נשכה,apud,0,3
נשכה,palatium,0,3
נשכה,tectum,0,3
נשכה,aedes,0,3
נשכה,regia,0,3
נשכה,familia,0,3
נשכה,aula,0,3
נשכה,atrium,0,3
נשכה,thalamus,0,3
נשמה,animus,0,21
נשמה,spiritus,9,21
נשמה,flatus,4,21
נשמה,aura,0,21
נשמה,uita,2,21
נשמה,anima,3,21
נשמה,uictus,0,21
נשמה,relinquo,0,21
נשמע,audio,0,0
נשמע,exaudio,0,0
נשמע,ausculto,0,0
נשמת,flatus,0,0
נשמת,spiritus,0,0
נשמת,aura,0,0
נשף,plaga,0,13
נשף,uulnus,0,13
נשף,ictus,0,13
נשק,osculum,2,42
נשק,basio,0,42
נשק,amo,0,42
נשק,diligo,1,42
נשק,soleo,0,42
נשק,caritas,0,42
נשק,amor,0,42
נשק,madefacto,0,42
נשר,aquila,20,24
נשר,fastigium,0,24
נשר,plancus,0,24
נשרימ,aquila,0,0
נשרימ,fastigium,0,0
נשרימ,plancus,0,0
נשת,inaresco,0,3
נשת,exsicco,0,3
נשת,siccus,0,3
נשת,aridus,0,3
נתח,seco,1,13
נתח,caedo,2,13
נתח,scindo,0,13
נתח,caesa,0,13
נתח,impono,1,13
נתח,impetus,0,13
נתח,oppugno,0,13
נתח,membrum,4,13
נתח,artus,2,13
נתח,carmen,0,13
נתח,silua,0,13
נתח,tignum,0,13
נתח,materia,0,13
נתח,lignum,3,13
נתיב,iter,0,3
נתיב,semita,2,3
נתיב,uia,0,3
נתיב,modus,0,3
נתיבה,iter,3,19
נתיבה,semita,16,19
נתיבה,uia,11,19
נתיבה,modus,0,19
נתיבה,orbita,0,19
נתיבה,frictio,0,19
נתיבות,orbita,0,0
נתיבות,frictio,0,0
נתך,ira,2,17
נתך,furor,9,17
נתך,iracundia,1,17
נתנ,do,0,0
נתנ,trado,0,0
נתנ,dono,0,0
נתנ,tribuo,0,0
נתנ,concedo,0,0
נתנ,soluo,0,0
נתנ,reddo,0,0
נתנ,stipendium,0,0
נתנ,impono,0,0
נתנ,impetus,0,0
נתנ,oppugno,0,0
נתנ,libero,0,0
נתנ,deditio,0,0
נתנ,eruo,0,0
נתנ,eripio,0,0
נתנ,pono,0,0
נתנ,loco,0,0
נתנ,statuo,0,0
נתנ,colloco,0,0
נתנ,locus,0,0
נתנה,do,0,0
נתנה,trado,0,0
נתנה,dono,0,0
נתנה,tribuo,0,0
נתנה,concedo,0,0
נתנה,soluo,0,0
נתנה,reddo,0,0
נתנה,stipendium,0,0
נתנו,do,0,0
נתנו,trado,0,0
נתנו,dono,0,0
נתנו,tribuo,0,0
נתנו,concedo,0,0
נתנו,soluo,0,0
נתנו,reddo,0,0
נתנו,stipendium,0,0
נתנו,pono,0,0
נתנו,loco,0,0
נתנו,statuo,0,0
נתנו,colloco,0,0
נתנו,locus,0,0
נתס,lacrima,0,1
נתס,fletus,0,1
נתס,fleo,0,1
נתס,lacrimae,0,1
נתץ,lucus,9,39
נתץ,silua,0,39
נתץ,nemus,1,39
נתץ,deicio,0,39
נתק,turbulento,0,32
נתק,inquieto,0,32
נתק,fragium,0,32
נתק,ruptura,0,32
נתר,curro,0,7
נתר,gener,0,7
נתר,genu,0,7
נתר,curriculum,0,7
נתר,percurro,0,7
נתר,decurro,0,7
נתר,discurro,0,7
נתת,do,0,0
נתת,trado,0,0
נתת,dono,0,0
נתת,tribuo,0,0
נתת,concedo,0,0
נתת,soluo,0,0
נתת,reddo,0,0
נתת,stipendium,0,0
נתת,impono,0,0
נתת,impetus,0,0
נתת,oppugno,0,0
נתת,pono,0,0
נתת,loco,0,0
נתת,statuo,0,0
נתת,colloco,0,0
נתת,locus,0,0
נתתה,do,0,0
נתתה,trado,0,0
נתתה,dono,0,0
נתתה,tribuo,0,0
נתתה,concedo,0,0
נתתה,soluo,0,0
נתתה,reddo,0,0
נתתה,stipendium,0,0
נתתה,impono,0,0
נתתה,impetus,0,0
נתתה,oppugno,0,0
נתתה,pono,0,0
נתתה,loco,0,0
נתתה,statuo,0,0
נתתה,colloco,0,0
נתתה,locus,0,0
נתתי,do,0,0
נתתי,trado,0,0
נתתי,dono,0,0
נתתי,tribuo,0,0
נתתי,concedo,0,0
נתתי,soluo,0,0
נתתי,reddo,0,0
נתתי,stipendium,0,0
נתתי,pono,0,0
נתתי,loco,0,0
נתתי,statuo,0,0
נתתי,colloco,0,0
נתתי,locus,0,0
נתתמ,do,0,0
נתתמ,trado,0,0
נתתמ,dono,0,0
נתתמ,tribuo,0,0
נתתמ,concedo,0,0
נתתמ,soluo,0,0
נתתמ,reddo,0,0
נתתמ,stipendium,0,0
סאה,metior,0,6
סבבו,orbiculor,0,0
סבבו,conuallo,0,0
סבו,orbiculor,0,0
סבך,dumus,0,6
סבך,frutex,0,6
סבך,uepres,1,6
סבך,uirgultum,0,6
סבל,attollo,0,17
סבל,tollo,1,17
סבל,fero,2,17
סבל,sustineo,0,17
סבל,gigno,0,17
סבל,pario,0,17
סבל,genero,0,17
סבל,porto,7,17
סבל,gero,0,17
סבל,affero,0,17
סבל,adduco,0,17
סבל,educo,0,17
סבל,duco,0,17
סבל,induco,0,17
סבל,defero,0,17
סבל,introduco,0,17
סבל,infero,0,17
סבל,offertor,0,17
סבל,humerus,1,17
סבל,umerus,3,17
סבל,crudus,0,17
סבלת,opus,0,1
סבלת,facinus,0,1
סבלת,res,0,1
סבלת,negotium,0,1
סבלת,opero,0,1
סבר,moror,0,0
סבר,cunctor,0,0
סבר,de,0,0
סבר,mora,0,0
סבר,posterus,0,0
סבר,posthac,0,0
סבר,debeo,0,0
סגד,reliquus,3,14
סגד,ceterus,0,14
סגד,maneo,0,14
סגד,ergo,2,14
סגדינ,adoro,0,0
סגדינ,colo,0,0
סגדינ,basio,0,0
סגור,porta,4,15
סגור,ianua,0,15
סגור,fores,0,15
סגור,limen,0,15
סגור,ostium,2,15
סגור,portae,0,15
סגור,aurum,9,15
סגור,aureus,5,15
סגלה,peculiosus,0,7
סגן,optiuus,0,19
סגן,equus,3,19
סגן,sonipes,0,19
סגן,currus,0,19
סגן,eques,2,19
סגן,equitatus,0,19
סגן,equa,0,19
סגן,equi,0,19
סגן,equum,0,19
סגן,equo,0,19
סגן,adulescens,1,19
סגן,iuuenis,2,19
סגן,adulescentulus,0,19
סגן,peradulescentulus,0,19
סגן,dux,7,19
סגן,communis,0,19
סגן,imperator,0,19
סגני,dux,0,0
סגני,communis,0,0
סגני,imperator,0,0
סגר,iuxta,0,68
סגר,fere,0,68
סגר,prope,0,68
סגר,praecludo,0,68
סגר,porta,8,68
סגר,ianua,4,68
סגר,fores,0,68
סגר,foras,0,68
סגר,ostium,14,68
סגר,foris,2,68
סגר,limen,1,68
סדר,iubeo,0,1
סדר,ordo,1,1
סדר,impero,0,1
סדר,quo,0,1
סדר,mando,0,1
סדר,praecipio,0,1
סדר,imperium,0,1
סדר,praesum,0,1
סדר,quantus,0,1
סדר,acies,0,1
סדר,frons,0,1
סדר,dignitas,0,1
סדר,postis,0,1
סהר,carcer,3,7
סהר,uinculum,0,7
סהר,phylaca,0,7
סהר,custodia,1,7
סהר,uigilia,0,7
סהר,praesidium,0,7
סהר,custos,0,7
סוג,termino,0,15
סוד,consilium,5,16
סוד,sententia,0,16
סוד,senatus,0,16
סוד,concilium,3,16
סוד,senator,0,16
סוך,unctus,0,8
סוך,ungo,2,8
סוך,christus,0,8
סוך,perungo,0,8
סוך,oleum,4,8
סוך,olearius,0,8
סוך,olearis,0,8
סומפניה,concordia,0,3
סומפניה,harmonia,0,3
סוס,equus,106,121
סוס,equitatus,4,121
סוס,equester,0,121
סוס,ala,1,121
סוס,eques,18,121
סוס,sonipes,0,121
סוס,currus,31,121
סוס,equa,0,121
סוס,equi,0,121
סוס,equum,0,121
סוס,equo,0,121
סוס,iugum,0,121
סוס,quadrigae,3,121
סוס,onusto,0,121
סוסה,equus,0,2
סוסה,sonipes,0,2
סוסה,currus,0,2
סוסה,eques,0,2
סוסה,equitatus,0,2
סוסה,equa,0,2
סוסה,equi,0,2
סוסה,equum,0,2
סוסה,equo,0,2
סוסימ,equus,0,0
סוסימ,sonipes,0,0
סוסימ,currus,0,0
סוסימ,eques,0,0
סוסימ,equitatus,0,0
סוסימ,equa,0,0
סוסימ,equi,0,0
סוסימ,equum,0,0
סוסימ,equo,0,0
סוף,ruo,0,33
סוף,irruo,0,33
סוף,impetum facio,0,33
סוף,feror,0,33
סוף,proficiscor,3,33
סוף,ruber,10,33
סוף,rufus,0,33
סוף,rubeus,0,33
סוף,burrus,0,33
סוף,russus,0,33
סופ,ruber,0,0
סופ,rufus,0,0
סופ,rubeus,0,0
סופ,burrus,0,0
סופ,russus,0,0
סופ,aurora,0,0
סופ,mane,0,0
סופ,usque,0,0
סופ,dum,0,0
סופ,quoad,0,0
סופ,donec,0,0
סופ,mare,0,0
סופ,pontus,0,0
סופ,pelagus,0,0
סופ,aequor,0,0
סופ,litus,0,0
סופ,ora,0,0
סופ,maris,0,0
סופ,finis,0,0
סופ,terminus,0,0
סופ,ultimo,0,0
סופ,exitus,0,0
סופ,euentus,0,0
סופ,legio,0,0
סופ,extremus,0,0
סופ,posterus,0,0
סופ,denique,0,0
סופ,nouissimus,0,0
סופר,scriba,0,0
סופר,amanuensis,0,0
סור,defectio,0,257
סור,deficio,2,257
סורו,defectio,0,0
סורו,deficio,0,0
סורו,declino,0,0
סחב,traho,1,5
סחב,rapio,0,5
סחי,uolo,0,1
סחי,cupio,0,1
סחי,recuso,0,1
סחי,eligo,0,1
סחי,placeo,0,1
סחי,utinam,0,1
סחי,uoluntas,0,1
סחי,cupiditas,0,1
סחי,deligo,0,1
סחי,nolo,0,1
סחיש,sagitto,0,1
סחר,commercium,0,24
סחר,circumcirco,0,24
סחר,pecunia,1,24
סחר,argenteus,1,24
סחר,nummus,0,24
סחר,argentum,5,24
סחר,cauponor,0,24
סחר,negotiator,12,24
סחר,mercator,0,24
סחר,multitudo,4,24
סחר,turba,0,24
סחר,populus,1,24
סחר,plebs,0,24
סחר,numero,0,24
סחר,numerus,0,24
סין,abito,0,6
סיר,focus,0,26
סיר,aula,0,26
סיר,fictilis,0,26
סירה,hamus,0,4
סירה,harpaga,0,4
סירה,falx,0,4
סירה,scalprum,0,4
סירות,focus,0,0
סך,tego,0,2
סך,uelo,0,2
סך,operio,0,2
סכ,tabernaculum,0,0
סכ,scaena,0,0
סכ,locus,0,0
סכ,regio,0,0
סכ,ager,0,0
סכה,tabernaculum,18,40
סכה,scaena,0,40
סכה,ferior,0,40
סכות,tabernaculum,2,3
סכות,scaena,0,3
סכלות,stultitia,5,6
סכלות,dementia,0,6
סכן,ager,0,11
סכן,iter,0,11
סכן,seruio,0,11
סכן,martius,0,11
סכן,expeditio,0,11
סכן,agmen,0,11
סכן,classis,0,11
סכר,sustineo,0,3
סכר,prohibeo,1,3
סכר,impedio,0,3
סכר,ueto,0,3
סכר,cesso,0,3
סכר,desino,0,3
סכר,desisto,0,3
סכר,maneo,0,3
סכר,finis,0,3
סכת,tabernaculum,0,1
סכת,scaena,0,1
סל,panarium,0,13
סל,cophinus,0,13
סל,azymus,6,13
סל,panis,6,13
סל,oleum,4,13
סל,olearius,0,13
סל,olearis,0,13
סל,impono,0,13
סל,impetus,0,13
סל,oppugno,0,13
סל,aries,4,13
סלח,dimitto,16,41
סלח,relinquo,1,41
סלח,absoluo,0,41
סלח,libero,0,41
סלח,ignosco,2,41
סלח,permitto,0,41
סלח,excuso,0,41
סלח,uenia,0,41
סלח,propitius,12,41
סלחת,propitius,0,0
סליחה,ignosco,0,1
סליחה,uenia,0,1
סליחה,dimitto,0,1
סליחה,excuso,0,1
סלל,aedifico,0,9
סלל,instruo,0,9
סלל,materio,0,9
סללה,uallum,0,10
סללה,uallus,1,10
סלסלה,sagitto,0,1
סלע,saxum,2,48
סלע,rupes,1,48
סלע,lapis,0,48
סלע,petra,40,48
סלע,scopulus,1,48
סלע,materinus,0,48
סלעימ,saxum,0,0
סלעימ,rupes,0,0
סלעימ,lapis,0,0
סלעימ,petra,0,0
סלעימ,scopulus,0,0
סלעימ,petro,0,0
סלעימ,canna,0,0
סלק,ascendo,1,3
סלק,mons,0,3
סלק,escendo,0,3
סלקנ,ascendo,0,0
סלקנ,mons,0,0
סלקנ,escendo,0,0
סלת,autopyrus,0,53
סלת,donum,0,53
סלת,munus,0,53
סלת,praemium,0,53
סלת,praesens,0,53
סלת,datus,0,53
סלת,oleum,42,53
סלת,olearius,0,53
סלת,olearis,0,53
סלת,plenus,13,53
סם,unguentum,2,15
סם,oleum,5,15
סם,olearius,0,15
סם,olearis,0,15
סם,acerra,0,15
סם,utor,0,15
סם,usus,0,15
סמימ,acerra,0,0
סמך,auxilium,0,36
סמך,defendo,0,36
סמך,adiuuo,1,36
סמך,opera,0,36
סמך,opis,0,36
סמך,iuuo,0,36
סמך,sustineo,0,36
סמך,alo,0,36
סמך,nutrio,0,36
סמך,pasco,0,36
סמך,educo,1,36
סמך,tergum,0,36
סמך,impono,4,36
סמך,impetus,0,36
סמך,oppugno,0,36
סמך,occensus,0,36
סמך,holocaustum,4,36
סמכ,impono,0,0
סמכ,impetus,0,0
סמכ,oppugno,0,0
סמל,imago,1,5
סמל,simulacrum,1,5
סמל,signum,1,5
סמל,effigies,0,5
סמל,statua,0,5
סמל,idolum,2,5
סמל,imaginis,0,5
סמל,umbra,0,5
סמל,similitudo,2,5
סנה,inula,0,6
סנה,peruiam,0,6
סנורים,furor,0,2
סנורים,error,0,2
סנורים,calamitas,0,2
סנורים,dementia,0,2
סנורים,culpa,0,2
סנורים,fraus,0,2
סנורים,noxa,0,2
סנורים,pernicies,0,2
סנפיר,cataphractes,0,5
סנפיר,flabellum,0,5
סעד,auxilium,0,7
סעד,defendo,0,7
סעד,adiuuo,1,7
סעד,opera,0,7
סעד,opis,0,7
סעד,iuuo,0,7
סעד,sustineo,0,7
סעד,alo,0,7
סעד,nutrio,0,7
סעד,pasco,0,7
סעד,educo,0,7
סעד,tergum,0,7
סעה,impono,0,0
סעיף,saxum,1,6
סעיף,rupes,0,6
סעיף,lapis,0,6
סעיף,petra,2,6
סעיף,scopulus,0,6
סעף,praecido,0,1
סעף,abscido,0,1
סעף,caesa,0,1
סעפה,oliua,0,2
סעפה,ramus,1,2
סערה,uis,0,13
סערה,potestas,0,13
סערה,imperium,0,13
סערה,robur,0,13
סערה,tempestas,3,13
סערה,pollentia,0,13
סערה,hiems,0,13
סערה,procella,2,13
סערה,hiemo,0,13
סערה,hibernus,0,13
סערה,lapis,2,13
סערה,saxum,0,13
סערה,marmor,0,13
סערה,marmoreus,0,13
סערה,gemma,0,13
סערה,petrinus,0,13
סף,porticus,0,28
סף,uestibulum,0,28
סף,pronaus,0,28
ספ,porta,0,0
ספ,ianua,0,0
ספ,fores,0,0
ספ,foras,0,0
ספ,ostium,0,0
ספ,foris,0,0
ספ,limen,0,0
ספד,gemitus,0,28
ספד,planctus,3,28
ספד,luctus,1,28
ספד,fletus,0,28
ספד,circumfremo,0,28
ספד,perstrepo,0,28
ספד,caedo,0,28
ספד,ferio,0,28
ספד,pulto,0,28
ספה,accedo,0,17
ספה,adicio,0,17
ספה,adiungo,0,17
ספה,addo,1,17
ספיח,augeo,0,5
ספיח,cresco,0,5
ספיח,annus,4,5
ספיח,anni,0,5
ספינה,nauis,1,1
ספינה,puppis,0,1
ספינה,carina,0,1
ספינה,ratis,0,1
ספינה,classis,0,1
ספינה,uasum,0,1
ספינה,naui,0,1
ספינה,nauem,0,1
ספינה,nauicula,0,1
ספינה,scapha,0,1
ספינה,impedimentum,0,1
ספינה,uas,1,1
ספיר,lapis,7,11
ספיר,saxum,0,11
ספיר,marmor,0,11
ספיר,marmoreus,0,11
ספיר,gemma,0,11
ספיר,petrinus,0,11
ספל,crater,0,2
ספל,poculum,0,2
ספל,uillum,0,2
ספל,patera,0,2
ספל,phiala,0,2
ספל,calix,0,2
ספן,tego,3,6
ספן,uelo,0,6
ספן,operio,1,6
ספר,multitudo,6,290
ספר,numero,14,290
ספר,numerus,4,290
ספר,liber,115,290
ספר,uolumen,11,290
ספר,libellus,4,290
ספר,tabula,0,290
ספר,epistula,10,290
ספר,scribo,111,290
ספר,littera,24,290
ספר,scriba,36,290
ספר,amanuensis,0,290
ספר,censeo,0,290
ספרו,elogio,0,0
ספרוים,credo,0,6
ספרוים,certus,0,6
ספרוים,puto,0,6
ספרוים,aliquis,0,6
ספרוים,quatenus,0,6
ספרוים,quotus,0,6
ספרימ,liber,0,0
ספרימ,uolumen,0,0
ספרימ,libellus,0,0
ספרימ,tabula,0,0
סקול,lapis,0,0
סקול,saxum,0,0
סקול,marmor,0,0
סקול,marmoreus,0,0
סקול,gemma,0,0
סקול,petrinus,0,0
סקל,aconae,0,20
סקל,lapis,12,20
סקל,saxum,0,20
סקל,marmor,0,20
סקל,marmoreus,0,20
סקל,gemma,0,20
סקל,petrinus,0,20
סר,aufero,0,3
סר,tollo,0,3
סר,priuo,0,3
סר,declino,0,3
סרה,defectio,0,14
סרה,deficio,0,14
סרו,liceor,0,0
סרו,patior,0,0
סרו,sino,0,0
סרו,luceo,0,0
סריס,eunuchus,40,45
סריס,spado,0,45
סריס,insomnis,0,45
סרן,syron,0,20
סרן,quinquaginta,0,20
סרן,quindecim,0,20
סרן,quinque,4,20
סרעפה,oliua,0,1
סרעפה,ramus,1,1
סרר,abnuo,0,13
סתו,tempestas,0,1
סתו,hiems,0,1
סתו,procella,0,1
סתו,hiemo,0,1
סתו,hibernus,0,1
סתם,traductus,0,9
סתר,celate,0,83
סתר,occulo,1,83
סתר,clam,4,83
סתר,furtim,0,83
סתר,munimentum,0,83
סתר,celo,5,83
סתר,abscondo,42,83
סתר,operio,1,83
עב,nubes,20,29
עב,nimbus,0,29
עב,nebula,2,29
עב,nubis,2,29
עב,nubila,0,29
עב,nubifer,0,29
עב,pluuia,4,29
עבד,seruitus,23,940
עבד,seruitium,0,940
עבד,seruus,511,940
עבד,seruio,138,940
עבד,famulus,29,940
עבד,mancipium,0,940
עבד,puer,30,940
עבד,ipse,53,940
עבד,sui,36,940
עבד,facio,158,940
עבד,operor,16,940
עבד,laboro,3,940
עבד,opus,34,940
עבד,minister,8,940
עבד,armiger,0,940
עבד,comes,2,940
עבד,praeseruio,0,940
עבד,domesticus,0,940
עבד,filia,18,940
עבד,nascor,2,940
עבד,pueri,0,940
עבד,puerum,0,940
עבד,natus,0,940
עבד,filius,158,940
עבד,ager,11,940
עבד,iter,0,940
עבד,martius,0,940
עבד,expeditio,0,940
עבד,agmen,0,940
עבד,classis,2,940
עבדה,negotior,0,125
עבדה,opus,35,125
עבדה,facinus,0,125
עבדה,res,1,125
עבדה,negotium,0,125
עבדה,opero,0,125
עבדה,ministratio,0,125
עבדה,proba,0,125
עבדו,seruus,0,0
עבדו,seruitus,0,0
עבדו,seruio,0,0
עבדו,filia,0,0
עבדו,nascor,0,0
עבדו,puer,0,0
עבדו,pueri,0,0
עבדו,puerum,0,0
עבדו,natus,0,0
עבדו,filius,0,0
עבדי,seruus,0,0
עבדי,famulus,0,0
עבדי,mancipium,0,0
עבדי,seruio,0,0
עבדי,seruitium,0,0
עבדי,puer,0,0
עבדי,facio,0,0
עבדי,operor,0,0
עבדי,laboro,0,0
עבדי,opus,0,0
עבדי,minister,0,0
עבדי,armiger,0,0
עבדי,comes,0,0
עבדי,filia,0,0
עבדי,nascor,0,0
עבדי,pueri,0,0
עבדי,puerum,0,0
עבדי,natus,0,0
עבדי,filius,0,0
עבדימ,seruitus,0,0
עבדימ,seruitium,0,0
עבדימ,seruus,0,0
עבדימ,seruio,0,0
עבדימ,famulus,0,0
עבדימ,mancipium,0,0
עבדימ,puer,0,0
עבדימ,domesticus,0,0
עבדימ,filia,0,0
עבדימ,nascor,0,0
עבדימ,pueri,0,0
עבדימ,puerum,0,0
עבדימ,natus,0,0
עבדימ,filius,0,0
עבדת,seruitus,3,3
עבדת,seruitium,0,3
עבדת,seruus,1,3
עבדת,seruio,0,3
עבדת,negotior,0,3
עבדת,opus,0,3
עבדת,facinus,0,3
עבדת,res,0,3
עבדת,negotium,0,3
עבדת,opero,0,3
עבדת,praeseruio,0,3
עבדת,ministerium,0,3
עבדתי,seruus,0,0
עבדתי,seruitus,0,0
עבדתי,seruio,0,0
עבודה,ministerium,0,0
עבודת,ministerium,0,0
עבוט,oppignero,0,4
עבוט,pignero,0,4
עבוט,hercules,0,4
עבוט,edepol,0,4
עבוט,pol,0,4
עבוט,pignus,2,4
עבוט,fidelitas,0,4
עבוט,fides,0,4
עבוט,fidelis,0,4
עבוט,fidus,0,4
עבור,causa,1,46
עבור,propter,21,46
עבור,quia,10,46
עבור,ratio,0,46
עבור,ob,1,46
עבור,sicut,4,46
עבור,opus,1,46
עבור,facinus,0,46
עבור,res,0,46
עבור,negotium,0,46
עבור,opero,0,46
עבור,uia,0,46
עבור,iter,0,46
עבור,semita,0,46
עבור,modus,0,46
עבור,iubeo,0,46
עבור,ordo,0,46
עבור,impero,0,46
עבור,quantus,0,46
עבור,sic,0,46
עבור,talis,0,46
עבור,ita,2,46
עבור,tantus,0,46
עבור,fors,0,46
עבור,aliquis,1,46
עבור,mos,0,46
עבור,existimatio,0,46
עבור,fama,1,46
עבור,lura,0,46
עבט,faenus,0,4
עבטיט,debeo,0,0
עבטיט,indigeo,0,0
עבי,nubes,0,5
עבי,nimbus,0,5
עבי,nebula,0,5
עבי,nubis,0,5
עבי,nubila,0,5
עבי,crassitudo,0,5
עבי,densitas,0,5
עבידת,opus,0,0
עבידת,facinus,0,0
עבידת,res,0,0
עבידת,negotium,0,0
עבידת,opero,0,0
עבימ,nubes,0,0
עבימ,nimbus,0,0
עבימ,nebula,0,0
עבימ,nubis,0,0
עבימ,nubila,0,0
עבר,crux,0,544
עבר,transeo,211,544
עבר,transgredior,14,544
עבר,diuinus,0,544
עבר,diuus,0,544
עבר,inclitus,0,544
עבר,seruitus,1,544
עבר,seruitium,0,544
עבר,indus,0,544
עבר,illinc,0,544
עבר,praetermeo,0,544
עבר,pertranseo,17,544
עבר,praesens,2,544
עבר,munus,3,544
עבר,dono,0,544
עבר,donum,1,544
עבר,adsum,1,544
עבר,praetereo,18,544
עבר,altrouorsum,0,544
עבר,conficio,0,544
עבר,perficio,0,544
עבר,confero,0,544
עברה,diuinus,0,27
עברה,diuus,0,27
עברה,inclitus,0,27
עברה,animus,0,27
עברה,spiritus,0,27
עברה,furor,13,27
עברה,ira,7,27
עברה,cor,1,27
עברה,pectus,0,27
עברה,amor,0,27
עברה,mens,0,27
עברה,libido,0,27
עברה,pectoralis,0,27
עברה,animi,0,27
עברה,iracundia,1,27
עברה,irascor,0,27
עברה,periratus,0,27
עברה,bilis,0,27
עברה,indignatio,9,27
עברה,dolor,0,27
עברו,crux,0,0
עברו,transeo,0,0
עברו,transgredior,0,0
עברו,diuinus,0,0
עברו,diuus,0,0
עברו,inclitus,0,0
עברימ,praetermeo,0,0
עברימ,pertranseo,0,0
עברת,animus,0,0
עברת,spiritus,0,0
עברת,furor,0,0
עברת,ira,0,0
עברת,cor,0,0
עברת,pectus,0,0
עברת,amor,0,0
עברת,mens,0,0
עברת,libido,0,0
עברת,pectoralis,0,0
עברת,animi,0,0
עברת,iracundia,0,0
עבת,funis,2,21
עבת,resticula,0,21
עבת,tortum,0,21
עבת,rudentes,0,21
עבת,rudens,0,21
עבת,restis,0,21
עבת,uinculum,6,21
עבת,catena,3,21
עבת,nodus,0,21
עבת,impono,0,21
עבת,impetus,0,21
עבת,oppugno,0,21
עגב,impono,0,7
עגב,impetus,0,7
עגב,oppugno,0,7
עגה,placenta,0,7
עגה,hibiscum,0,7
עגיל,ornamentum,0,2
עגיל,orbis,0,2
עגיל,mundum,0,2
עגיל,ordo,0,2
עגל,bos,0,37
עגל,iuuencus,0,37
עגל,taurus,0,37
עגל,iumentum,0,37
עגל,uitulus,29,37
עגל,pecus,0,37
עגל,armentum,2,37
עגל,uacca,0,37
עגל,bubulus,0,37
עגל,iunix,0,37
עגל,taurinus,0,37
עגל,damalio,0,37
עגל,uitellus,0,37
עגלה,plaustrum,19,34
עגלה,carrus,0,34
עגלה,uehes,0,34
עגלה,bos,5,34
עגלה,iuuencus,0,34
עגלה,taurus,1,34
עגלה,iumentum,0,34
עגלה,uitulus,4,34
עגלה,pecus,0,34
עגלה,armentum,2,34
עגלה,uacca,2,34
עגלה,bubulus,0,34
עגלה,iunix,0,34
עגלה,uaccula,0,34
עגלת,iunix,0,0
עגלת,uaccula,0,0
עגן,redeo,0,1
עגן,reuorto,0,1
עגן,recedo,0,1
עגן,duco,0,1
עגן,abduco,0,1
עגן,secedo,0,1
עגת,cinerosus,0,0
עגת,artopticius,0,0
עדה,synagoga,6,153
עדה,educatus,0,153
עדה,proba,0,153
עדות,testimonium,33,43
עדות,proba,0,43
עדות,monumentum,0,43
עדות,commentarius,0,43
עדות,scitus,0,43
עדות,imperatus,0,43
עדות,arca,12,43
עדות,seruo,0,43
עדות,custodio,3,43
עדות,praesidium,0,43
עדות,caueo,0,43
עדות,custos,1,43
עדי,praeolo,0,11
עדי,aurora,0,11
עדי,mane,0,11
עדי,usque,0,11
עדי,dum,0,11
עדי,quoad,0,11
עדי,donec,0,11
עדי,ornamentum,5,11
עדי,orbis,0,11
עדי,mundum,0,11
עדי,ordo,0,11
עדי,testimonium,0,11
עדי,testis,0,11
עדימ,testimonium,0,0
עדימ,testis,0,0
עדן,silua,0,28
עדן,tignum,0,28
עדן,materia,0,28
עדן,lignum,5,28
עדן,paradisus,7,28
עדן,luxuria,0,28
עדן,fastidium,0,28
עדנ,tempus,0,0
עדנ,occasio,0,0
עדנ,facultas,0,0
עדנ,potestas,0,0
עדנ,luxuria,0,0
עדנ,fastidium,0,0
עדני,tempus,0,0
עדני,occasio,0,0
עדני,facultas,0,0
עדני,potestas,0,0
עדנינ,annus,0,0
עדנינ,incassus,0,0
עדנינ,emissicius,0,0
עדנינ,tempus,0,0
עדנינ,occasio,0,0
עדנינ,facultas,0,0
עדנינ,potestas,0,0
עדף,linquo,0,8
עדף,relinquo,0,8
עדף,desero,0,8
עדף,maneo,0,8
עדף,reliquus,2,8
עדף,ceterus,0,8
עדף,ergo,0,8
עדף,persisto,0,8
עדף,moror,0,8
עדף,sto,0,8
עדף,remaneo,0,8
עדף,exspecto,0,8
עדף,resto,0,8
עדף,unus,2,8
עדף,complures,0,8
עדף,alter,1,8
עדף,quisque,0,8
עדר,malum,2,47
עדר,pomum,0,47
עדר,ouis,4,47
עדר,grex,28,47
עדר,probata,0,47
עדר,ouilis,0,47
עדר,pecus,8,47
עדר,pecuarius,0,47
עדר,pastor,7,47
עדר,opilio,0,47
עדרימ,pastor,0,0
עדרימ,opilio,0,0
עדרימ,ouilis,0,0
עדרימ,probata,0,0
עדשה,lenticula,0,4
עדשימ,lenticula,0,0
עדת,dispositus,0,0
עדת,testimonium,0,0
עדת,proba,0,0
עדת,synagoga,0,0
עדת,educatus,0,0
עוג,regnum,8,21
עוג,palatium,0,21
עוג,regina,0,21
עוגב,ludo,0,3
עוגב,tibia,0,3
עוגב,fistula,0,3
עוה,iniurius,0,18
עוה,credo,0,18
עוה,certus,0,18
עוה,puto,0,18
עוה,aliquis,1,18
עוה,quatenus,0,18
עוה,quotus,0,18
עוז,confugio,0,4
עוז,profugio,0,4
עויה,scelus,0,0
עויה,crimen,0,0
עויה,iniquitas,0,0
עויה,facinus,0,0
עויה,flagitium,0,0
עויה,maleficium,0,0
עויה,admissum,0,0
עויה,iniustus,0,0
עויל,adulescens,0,3
עויל,puer,0,3
עויל,adulescentia,0,3
עויל,uiginti,0,3
עויל,filia,0,3
עויל,nascor,0,3
עויל,pueri,0,3
עויל,puerum,0,3
עויל,natus,0,3
עויל,filius,0,3
עוינו,iniurius,0,0
עוית,iniquitas,0,2
עוית,iniustus,0,2
עול,iniquitas,11,27
עול,iniustus,1,27
עול,alo,0,27
עול,nutrio,0,27
עול,pasco,1,27
עול,educo,0,27
עול,tergum,0,27
עול,sustineo,0,27
עול,nutrix,0,27
עול,iniquus,6,27
עול,iniuria,0,27
עול,auerto,3,27
עול,reflecto,0,27
עול,iudicium,3,27
עול,iustus,7,27
עול,ius,0,27
עול,iustitia,6,27
עול,dexter,0,27
עול,aequitas,0,27
עול,aequus,0,27
עול,iustifico,0,27
עול,oportet,0,27
עול,pulcher,0,27
עול,mereo,0,27
עול,dignus,0,27
עול,rego,1,27
עולה,iniquitas,17,21
עולה,iniustus,0,21
עולה,perducto,0,21
עולה,uitium,0,21
עולה,scelus,0,21
עולה,turpitudo,0,21
עולה,occensus,0,21
עולה,holocaustum,1,21
עולה,malitia,0,21
עולל,infans,1,19
עולל,filius,1,19
עולל,puer,0,19
עולל,iuuencus,0,19
עולל,filia,2,19
עולל,nascor,0,19
עולל,pueri,0,19
עולל,puerum,0,19
עולל,natus,0,19
עולל,proles,0,19
עולל,liberi,0,19
עולל,meus,4,19
עולל,habeo,0,19
עולל,teneo,0,19
עולל,possideo,0,19
עולם,aeuum,0,268
עולם,saeculum,24,268
עולם,aetas,0,268
עולם,uita,2,268
עולם,aeternus,69,268
עולם,sempiternus,111,268
עולם,perpes,0,268
עולמ,siquando,0,0
עולמ,praeolo,0,0
עולמ,aeternus,0,0
עולמ,perpes,0,0
עולמ,imperium,0,0
עולמ,principium,0,0
עולמ,initium,0,0
עולמ,magistratus,0,0
עולמ,regnum,0,0
עולמ,honor,0,0
עולמ,ratio,0,0
עולמ,officium,0,0
עולמ,potestas,0,0
עולמ,uis,0,0
עולמ,primus,0,0
עולמ,tempus,0,0
עולמ,tum,0,0
עולמ,longus,0,0
עולמ,diu,0,0
עולמ,aetas,0,0
עולמ,temporis,0,0
עולמימ,praeolo,0,0
עולמימ,aeternus,0,0
עולמימ,perpes,0,0
עולת,perducto,0,0
עולת,occensus,0,0
עולת,holocaustum,0,0
עומד,sisto,0,0
עומד,sto,0,0
עומד,constituo,0,0
עומד,erigo,0,0
עון,iniquitas,158,181
עון,iniustus,0,181
עון,perducto,0,181
עונ,iniquitas,0,0
עונ,iniustus,0,0
עונ,pecco,0,0
עונ,error,0,0
עונ,peccatum,0,0
עונ,perducto,0,0
עונת,pecco,0,0
עונת,error,0,0
עונת,peccatum,0,0
עונת,perducto,0,0
עוף,pareas,0,82
עוף,fera,0,82
עוף,bestia,22,82
עוף,belua,0,82
עוף,ferus,0,82
עוף,iumentum,9,82
עוף,animal,4,82
עוף,probata,0,82
עופ,trygona,0,0
עופ,gauia,0,0
עור,membrana,0,175
עור,cutis,18,175
עור,pellis,28,175
עור,corium,1,175
עור,tergus,0,175
עור,abscondo,0,175
עור,uisio,0,175
עור,oculus,11,175
עור,species,2,175
עור,uisus,1,175
עור,caecus,21,175
עור,caeco,0,175
עור,ceu,0,175
עור,uelut,1,175
עורון,furor,1,2
עורון,error,0,2
עורון,calamitas,0,2
עורון,dementia,0,2
עורון,culpa,0,2
עורון,fraus,0,2
עורון,noxa,0,2
עורון,pernicies,0,2
עורימ,caecus,0,0
עורימ,caeco,0,0
עורר,subduco,0,0
עורת,furor,0,1
עורת,error,0,1
עורת,calamitas,0,1
עורת,dementia,0,1
עורת,culpa,0,1
עורת,fraus,0,1
עורת,noxa,0,1
עורת,pernicies,0,1
עז,capra,22,140
עז,caper,0,140
עז,hircus,6,140
עז,caprinus,0,140
עז,hircinus,0,140
עז,impudens,1,140
עז,gloria,2,140
עז,fama,0,140
עז,sententia,0,140
עז,existimatio,0,140
עז,laus,2,140
עז,opinio,0,140
עז,exercitus,2,140
עז,copia,0,140
עז,uis,2,140
עז,uirtus,2,140
עז,imperium,7,140
עז,potentia,1,140
עז,cogo,0,140
עז,opis,0,140
עז,robur,4,140
עז,fortitudo,20,140
עז,potestas,0,140
עז,tempestas,0,140
עז,pollentia,0,140
עז,honor,0,140
עז,dignitas,0,140
עז,pretium,0,140
עז,decus,0,140
עז,honorem,0,140
עז,honoris,0,140
עז,attagus,0,140
עזב,relinquo,41,184
עזב,dimitto,27,184
עזב,absoluo,0,184
עזב,libero,2,184
עזב,ignosco,1,184
עזב,permitto,1,184
עזב,liceor,0,184
עזב,patior,0,184
עזב,sino,0,184
עזב,concedo,1,184
עזב,linquo,0,184
עזב,desero,4,184
עזב,maneo,0,184
עזב,reliquus,3,184
עזבו,linquo,0,0
עזבו,relinquo,0,0
עזבונים,forum,1,7
עזבונים,contio,0,7
עזבונים,forus,0,7
עזבונים,multitudo,4,7
עזבונים,turba,0,7
עזבונים,populus,2,7
עזבונים,plebs,0,7
עזבונים,numero,0,7
עזבונים,numerus,0,7
עזבי,linquo,0,0
עזבי,relinquo,0,0
עזבת,linquo,0,0
עזבת,relinquo,0,0
עזבתי,relinquo,0,0
עזה,gaza,16,21
עזה,thesaurus,0,21
עזוז,imperium,0,2
עזוז,principium,0,2
עזוז,initium,0,2
עזוז,magistratus,0,2
עזוז,regnum,0,2
עזוז,honor,0,2
עזוז,ratio,0,2
עזוז,officium,0,2
עזוז,potestas,0,2
עזוז,uis,0,2
עזוז,primus,0,2
עזוז,possum,0,2
עזוז,ualeo,0,2
עזוז,uirtus,0,2
עזוז,queo,0,2
עזוז,exercitus,0,2
עזוז,copia,0,2
עזוז,potentia,0,2
עזוז,cogo,0,2
עזוז,opis,0,2
עזוז,robur,0,2
עזוז,fortitudo,0,2
עזוז,auctoritas,0,2
עזוז,licentia,0,2
עזימ,capra,0,0
עזימ,caper,0,0
עזימ,hircus,0,0
עזימ,caprinus,0,0
עזימ,hircinus,0,0
עזימ,haedus,0,0
עזימ,haedinus,0,0
עזימ,haedulus,0,0
עזימ,crinis,0,0
עזימ,come,0,0
עזימ,capillus,0,0
עזימ,caesaries,0,0
עזניה,uulturinus,0,2
עזניה,uultur,0,2
עזק,fodio,0,1
עזק,perfosso,0,1
עזר,auxilium,13,78
עזר,adiutus,0,78
עזר,auxilior,0,78
עזר,defendo,1,78
עזר,adiuuo,9,78
עזר,opera,0,78
עזר,opis,0,78
עזר,iuuo,0,78
עזר,sustineo,1,78
עזר,socius,0,78
עזר,patronus,0,78
עזר,inquam,0,78
עזרה,auxilium,8,19
עזרה,adiutus,0,19
עזרה,auxilior,0,19
עזרה,quadraginta,0,19
עזרה,quattuor,4,19
עזרת,auxilium,0,0
עזרת,adiutus,0,0
עזרת,auxilior,0,0
עזרתה,auxilium,0,0
עזרתה,defendo,0,0
עזרתה,adiuuo,0,0
עזרתה,opera,0,0
עזרתה,opis,0,0
עזרתה,iuuo,0,0
עזרתה,sustineo,0,0
עזרתי,auxilium,0,0
עזרתי,defendo,0,0
עזרתי,adiuuo,0,0
עזרתי,opera,0,0
עזרתי,opis,0,0
עזרתי,iuuo,0,0
עזרתי,sustineo,0,0
עטא,consilium,0,0
עטא,sententia,0,0
עטא,senatus,0,0
עטא,concilium,0,0
עטא,senator,0,0
עטה,tego,0,10
עטה,uelo,2,10
עטה,operio,1,10
עטוף,infirmus,0,2
עטוף,debilis,0,2
עטוף,imbecillus,0,2
עטוף,seneo,0,2
עטר,circulus,0,3
עטר,orbis,0,3
עטר,orbiculor,0,3
עטרה,corona,0,3
עטרה,sertum,0,3
עטרה,uertex,0,3
עטרות,termino,0,10
עטרת,corona,16,18
עטרת,sertum,0,18
עטרת,uertex,1,18
עי,terra,2,35
עי,tellus,0,35
עי,ager,2,35
עין,oculus,396,779
עין,palpebra,3,779
עין,gena,0,779
עין,facies,21,779
עין,lumen,2,779
עין,sonor,0,779
עין,oculi,0,779
עינ,perspecto,0,0
עינ,placeo,0,0
עינ,oculus,0,0
עינ,oculi,0,0
עינ,lumen,0,0
עינ,uisio,0,0
עינ,species,0,0
עינ,uisus,0,0
עינ,fons,0,0
עינ,scatebra,0,0
עיני,oculus,0,0
עיני,oculi,0,0
עיני,lumen,0,0
עינימ,oculus,0,0
עינימ,oculi,0,0
עינימ,lumen,0,0
עינימ,uultus,0,0
עינימ,facies,0,0
עינימ,os,0,0
עינימ,ora,0,0
עינימ,persona,0,0
עינינ,oculus,0,0
עינינ,oculi,0,0
עינינ,lumen,0,0
עינת,fons,0,0
עינת,scatebra,0,0
עיפ,linquo,0,0
עיר,nuntius,7,896
עיר,legatus,0,896
עיר,angelus,3,896
עיר,urbs,279,896
עיר,oppidum,28,896
עיר,ciuitas,574,896
עיר,moenia,1,896
עיר,publicus,0,896
עיר,athenae,0,896
עיר,municipium,0,896
עיר,urbem,0,896
עיר,urbis,0,896
עיר,urbanus,0,896
עירא,sacer,0,6
עירא,sanctus,0,6
עירם,nudus,9,10
עירמ,nudus,0,0
עיש,leaena,0,1
עכביש,legumentum,0,2
עכביש,lycos,0,2
עכבר,mus,5,6
עכבר,musculus,0,6
עכבר,aureus,3,6
עכבר,aurum,0,6
עכור,uallis,0,5
עכור,fauces,0,5
עכור,uallum,0,5
עכור,scissus,0,5
על,contra,301,4144
על,super,1543,4144
על,inuitus,0,4144
על,ad,979,4144
עלא,caelum,0,1
עלא,caelus,0,1
עלא,hercules,0,1
עלא,polus,0,1
עלא,caeli,0,1
עלא,aether,0,1
עלא,supremitas,0,1
עלה,ascendo,411,988
עלה,mons,57,988
עלה,escendo,0,988
עלה,occensus,0,988
עלה,holocaustum,214,988
עלה,causa,1,988
עלה,praetextus,0,988
עלה,excusatio,0,988
עלה,excuso,0,988
עלה,folium,10,988
עלה,frons,4,988
עלה,frondeo,0,988
עלו,ascendo,0,0
עלו,mons,0,0
עלו,escendo,0,0
עלות,ascendo,0,0
עלות,mons,0,0
עלות,escendo,0,0
עלות,occensus,0,0
עלות,holocaustum,0,0
עלטה,celo,0,4
עלטה,abscondo,0,4
עלטה,occulo,0,4
עלטה,operio,1,4
עלטה,humerus,3,4
עלטה,umerus,0,4
עלטה,crudus,0,4
עלי,ascendo,1,33
עלי,mons,0,33
עלי,escendo,0,33
עלי,sursum,0,33
עלי,superne,0,33
עלי,superus,0,33
עלי,supremitas,0,33
עליון,sursum,1,31
עליון,superne,0,31
עליון,superus,0,31
עליון,supremitas,0,31
עליונ,desursum,0,0
עליונ,altus,0,0
עליונ,celsus,0,0
עליונ,excelsus,0,0
עליונ,sublimis,0,0
עליונ,superus,0,0
עליונ,alo,0,0
עליונ,summus,0,0
עליונ,supremitas,0,0
עליונה,sursum,0,0
עליונה,superne,0,0
עליונה,superus,0,0
עליונינ,supremitas,0,0
עליל,introitus,0,0
עליל,uestibulum,0,0
עלילה,opus,0,13
עלילה,facinus,0,13
עלילה,res,0,13
עלילה,negotium,0,13
עלילה,opero,0,13
עלילה,studium,1,13
עלילה,suetudo,0,13
עלילות,studium,0,0
עלילות,suetudo,0,0
עליליה,opus,0,1
עליליה,facinus,0,1
עליליה,res,0,1
עליליה,negotium,0,1
עליליה,opero,0,1
עלימ,ascendo,0,0
עלימ,mons,0,0
עלימ,escendo,0,0
עליצת,testimonium,0,0
עליצת,argumentum,0,0
עליצת,indicium,0,0
עליצת,proba,0,0
עלית,ascendo,0,0
עלית,mons,0,0
עלית,escendo,0,0
עליתי,ascendo,0,0
עליתי,mons,0,0
עליתי,escendo,0,0
עלל,infans,0,19
עללות,uenucula,0,6
עללות,uindemiola,0,6
עלם,ouis,1,31
עלם,pecus,0,31
עלם,grex,0,31
עלם,pecuarius,0,31
עלמ,praeolo,0,0
עלמ,aeternus,0,0
עלמ,perpes,0,0
עלמה,uirgineus,0,7
עלמה,uirgo,2,7
עלמה,uirginis,0,7
עלמה,puella,1,7
עלמות,clandestinus,0,0
עלמי,praeolo,0,1
עלמי,aeuum,0,1
עלמי,saeculum,0,1
עלמי,aetas,0,1
עלמי,uita,0,1
עלמי,aeternus,0,1
עלמי,sempiternus,0,1
עלמימ,aeternus,0,0
עלמימ,perpes,0,0
עלמינ,praeolo,0,0
עלס,fruor,1,3
עלס,gaudeo,0,3
עלס,laetor,0,3
עלס,ualeo,0,3
עלס,laeto,0,3
עלס,grando,0,3
עלס,gaudium,0,3
עלס,delecto,0,3
עלס,uoluptas,0,3
עלס,laetitia,0,3
עלעינ,costa,0,0
עלף,tego,0,5
עלף,uelo,0,5
עלף,operio,0,5
עלת,ascendo,0,0
עלת,mons,0,0
עלת,escendo,0,0
עלת,occensus,0,0
עלת,holocaustum,0,0
עלתה,ascendo,0,0
עלתה,mons,0,0
עלתה,escendo,0,0
עמ,statim,0,0
עמ,continuus,0,0
עמ,simul,0,0
עמ,populus,0,0
עמ,qui,0,0
עמ,humanus,0,0
עמ,iste,0,0
עמ,orbis,0,0
עמ,plebs,0,0
עמ,mundum,0,0
עמ,uir,0,0
עמ,homo,0,0
עמ,pateo,0,0
עמ,aperio,0,0
עמ,patefacio,0,0
עמ,progenies,0,0
עמ,familia,0,0
עמ,gener,0,0
עמ,genu,0,0
עמ,cognatio,0,0
עמ,natio,0,0
עמ,genus,0,0
עמ,gentis,0,0
עמ,stirps,0,0
עמ,gens,0,0
עמ,generis,0,0
עמ,ipse,0,0
עמ,sui,0,0
עמ,prouincia,0,0
עמ,tribus,0,0
עמ,inquam,0,0
עמ,quantulus,0,0
עמ,quoad,0,0
עמ,animus,0,0
עמ,mens,0,0
עמ,cor,0,0
עמ,cordis,0,0
עמ,pectus,0,0
עמ,dominus,0,0
עמ,auctoritas,0,0
עמ,erus,0,0
עמ,potestas,0,0
עמ,uulgus,0,0
עמ,turba,0,0
עמ,exercitus,0,0
עמ,militia,0,0
עמ,hospes,0,0
עמ,tecolithos,0,0
עמ,petrinus,0,0
עמ,popularis,0,0
עמ,nox,0,0
עמ,noctis,0,0
עמ,noctem,0,0
עמ,nocturnus,0,0
עמ,filia,0,0
עמ,nascor,0,0
עמ,puer,0,0
עמ,pueri,0,0
עמ,puerum,0,0
עמ,natus,0,0
עמ,filius,0,0
עמ,pater,0,0
עמ,genitor,0,0
עמ,parens,0,0
עמ,paternus,0,0
עמ,patri,0,0
עמ,patrem,0,0
עמ,patris,0,0
עמ,uultus,0,0
עמ,facies,0,0
עמ,os,0,0
עמ,ora,0,0
עמ,persona,0,0
עמד,surgo,7,471
עמד,exsurgo,0,471
עמד,sisto,0,471
עמד,sto,278,471
עמד,constituo,22,471
עמד,erigo,2,471
עמד,insidiae,2,471
עמד,agmen,0,471
עמד,societas,0,471
עמד,aduenio,2,471
עמד,seditio,0,471
עמד,discordia,0,471
עמד,ciuilis,0,471
עמד,factio,0,471
עמד,tumultus,1,471
עמד,status,2,471
עמד,ordo,3,471
עמד,acies,1,471
עמד,iubeo,1,471
עמד,frons,0,471
עמד,dignitas,0,471
עמד,postis,0,471
עמד,locus,22,471
עמד,regio,3,471
עמד,ager,7,471
עמדה,sisto,0,1
עמדה,sto,1,1
עמדה,constituo,0,1
עמדה,erigo,0,1
עמדו,sisto,0,0
עמדו,sto,0,0
עמדו,constituo,0,0
עמדו,erigo,0,0
עמדימ,sisto,0,0
עמדימ,sto,0,0
עמדימ,constituo,0,0
עמדימ,erigo,0,0
עמדת,sisto,0,0
עמדת,sto,0,0
עמדת,constituo,0,0
עמדת,erigo,0,0
עמדת,maneo,0,0
עמדת,persisto,0,0
עמדת,moror,0,0
עמדת,reliquus,0,0
עמדת,remaneo,0,0
עמדת,exspecto,0,0
עמדת,resto,0,0
עמה,pars,2,29
עמה,latus,3,29
עמה,costa,0,29
עמה,primitiae,2,29
עמה,habeo,1,29
עמה,teneo,0,29
עמה,possideo,0,29
עמה,longitudo,7,29
עמה,rota,5,29
עמה,mille,4,29
עמה,miliarius,0,29
עמוד,columna,64,82
עמוד,prostylos,0,82
עמוד,crusta,0,82
עמוד,statio,0,82
עמוד,nubes,11,82
עמוד,nimbus,0,82
עמוד,nebula,0,82
עמוד,nubis,0,82
עמוד,nubila,0,82
עמוד,phalangae,0,82
עמוד,quadraginta,1,82
עמוד,quattuor,7,82
עמוד,aes,2,82
עמוד,aeris,0,82
עמוד,ferrum,0,82
עמוד,aereus,7,82
עמוד,aer,4,82
עמוד,aeneus,4,82
עמוד,asum,0,82
עמוד,aeratus,0,82
עמוני,decem,2,20
עמוני,deni,0,20
עמי,populus,0,0
עמי,plebs,0,0
עמי,uulgus,0,0
עמי,turba,0,0
עמי,exercitus,0,0
עמי,militia,0,0
עמי,hospes,0,0
עמי,tecolithos,0,0
עמי,petrinus,0,0
עמי,popularis,0,0
עמימ,gens,0,0
עמימ,natio,0,0
עמימ,populus,0,0
עמימ,prouincia,0,0
עמימ,tribus,0,0
עמימ,plebs,0,0
עמימ,uulgus,0,0
עמימ,turba,0,0
עמימ,exercitus,0,0
עמימ,militia,0,0
עמימ,hospes,0,0
עמימ,tecolithos,0,0
עמימ,petrinus,0,0
עמימ,popularis,0,0
עמיק,profundum,0,1
עמיק,alo,0,1
עמיק,altitudo,0,1
עמיק,altus,0,1
עמיק,profundus,1,1
עמיק,penitus,0,1
עמיק,mare,0,1
עמיק,pontus,0,1
עמיק,pelagus,0,1
עמיק,salum,0,1
עמיקת,profundum,0,0
עמיקת,alo,0,0
עמיקת,altitudo,0,0
עמיר,herba,0,4
עמיר,gramen,0,4
עמיר,pastus,0,4
עמל,percussus,0,48
עמל,labor,22,48
עמל,ango,0,48
עמל,aerumna,0,48
עמל,dolor,6,48
עמל,laboro,12,48
עמל,opera,0,48
עמל,laboris,0,48
עמל,iudicium,0,48
עמל,iustus,1,48
עמל,ius,0,48
עמל,iustitia,1,48
עמל,dexter,0,48
עמל,aequitas,0,48
עמל,aequus,0,48
עמל,iustifico,1,48
עמל,oportet,0,48
עמל,pulcher,0,48
עמל,mereo,0,48
עמל,dignus,0,48
עמל,rego,0,48
עמם,socius,0,3
עמם,auxilium,0,3
עמם,patronus,0,3
עמם,comes,0,3
עמם,societas,0,3
עממי,gens,0,0
עממי,natio,0,0
עממי,populus,0,0
עממי,prouincia,0,0
עממי,tribus,0,0
עממי,plebs,0,0
עממי,uulgus,0,0
עממי,turba,0,0
עממי,exercitus,0,0
עממי,militia,0,0
עממי,hospes,0,0
עממי,tecolithos,0,0
עממי,petrinus,0,0
עממי,popularis,0,0
עמק,uallis,3,86
עמק,conuallis,2,86
עמק,uallum,0,86
עמק,canalis,0,86
עמק,ualles,46,86
עמק,campus,1,86
עמק,planities,0,86
עמק,campe,0,86
עמק,planus,1,86
עמק,fauces,0,86
עמק,scissus,0,86
עמקימ,tibia,0,0
עמקימ,fistula,0,0
עמר,lana,0,16
עמר,lanugino,0,16
עמר,ceu,0,16
עמר,uelut,0,16
עמר,farratus,0,16
עמר,congrego,1,16
עמר,colligo,5,16
עמרימ,farratus,0,0
עמת,quantulus,0,0
עמת,quoad,0,0
ענ,rescribo,0,0
ענ,exaudio,0,0
ענ,respondeo,0,0
ענ,ausculto,0,0
ענ,humilio,0,0
ענב,labrusca,2,19
ענב,uua,13,19
ענב,uitis,2,19
ענב,mados,0,19
ענב,uinum,3,19
ענב,bacchus,0,19
ענב,uini,0,19
ענבימ,uua,0,0
ענג,molliculus,0,12
ענג,bonus,0,12
ענג,probus,0,12
ענג,fortis,0,12
ענג,bene,0,12
ענג,aurum,0,12
ענג,os,2,12
ענג,labium,0,12
ענג,labrum,0,12
ענג,osculum,0,12
ענג,natus,0,12
ענג,proles,0,12
ענג,filius,2,12
ענג,liberi,0,12
ענג,puer,0,12
ענג,meus,1,12
ענגה,molliculus,0,0
ענה,rescribo,0,446
ענה,exaudio,27,446
ענה,respondeo,191,446
ענה,humilio,12,446
ענו,rescribo,0,7
ענו,exaudio,0,7
ענו,respondeo,0,7
ענו,humilis,1,7
ענו,humilio,1,7
ענו,mendicus,0,7
ענוימ,mendicus,0,0
ענות,rescribo,0,0
ענות,exaudio,0,0
ענות,respondeo,0,0
עני,uolo,0,72
עני,difficultas,0,72
עני,egestas,0,72
עני,uix,0,72
עני,paupertas,5,72
עני,difficilis,0,72
עני,miser,0,72
עני,pauper,38,72
עני,inopia,0,72
עני,mendicitas,0,72
עני,mendicus,0,72
עני,humilis,1,72
עני,humilio,1,72
עני,humilitas,2,72
עניימ,mendicus,0,0
ענין,negotior,0,8
ענן,nubes,58,83
ענן,nimbus,0,83
ענן,nebula,8,83
ענן,nubis,1,83
ענן,nubila,0,83
ענן,nubifer,0,83
עננ,nubiuagus,0,0
עננ,nubes,0,0
עננ,nimbus,0,0
עננ,nebula,0,0
עננ,nubis,0,0
עננ,nubila,0,0
ענף,fructus,5,6
ענף,pomum,0,6
ענף,messis,0,6
ענפו,ramus,0,0
ענקימ,quasi,0,0
ענקימ,similis,0,0
ענקימ,tamquam,0,0
ענקימ,sicut,0,0
ענקימ,uelut,0,0
ענש,damnum,4,10
ענש,poena,0,10
ענש,supplicium,0,10
ענש,amissus,0,10
ענש,pulcher,0,10
ענש,formosus,0,10
ענש,bonus,0,10
ענש,nobilis,0,10
ענש,bene,0,10
ענש,ius,0,10
ענש,aequus,0,10
ענש,speciosus,0,10
ענש,ualeo,0,10
ענש,posterus,0,10
ענש,dexter,0,10
ענש,puteus,0,10
ענש,bellus,0,10
ענתה,subsisto,0,0
עפי,frondosus,0,0
עפי,foliosus,0,0
עפי,folium,0,0
עפי,frons,0,0
עפי,frondeo,0,0
עפל,sessio,0,9
עפלימ,sessio,0,0
עפף,bis,0,1
עפף,duplex,0,1
עפף,duplico,0,1
עפף,duplus,0,1
עפר,arena,0,95
עפר,harena,0,95
עפר,harenosus,0,95
עפר,puluereus,0,95
עפר,puluis,46,95
עפר,puluero,0,95
עפר,ripa,0,95
עפר,agger,0,95
עפר,tumulus,0,95
עפר,ceu,0,95
עפר,uelut,3,95
עפרון,spelunca,4,11
עפרון,antrum,0,11
עפרון,specus,0,11
עפרת,duco,0,9
עפרת,ago,0,9
עפרת,affero,0,9
עפרת,adduco,0,9
עפרת,educo,0,9
עפרת,fero,1,9
עפרת,deduco,0,9
עפרת,induco,0,9
עפרת,defero,0,9
עפרת,introduco,0,9
עפרת,infero,0,9
עפרת,offertor,0,9
עפרת,plumbum,7,9
עפרת,praecedo,0,9
עפרת,credo,0,9
עפרת,considero,0,9
עפרת,existimo,0,9
עפרת,iudico,0,9
עפרת,teneo,0,9
עפרת,pecunia,0,9
עפרת,argenteus,0,9
עפרת,nummus,0,9
עפרת,argentum,4,9
עפרת,stannum,0,9
עפרת,plumbum album,0,9
עפרת,cassiterum,0,9
עפרת,molybdus,0,9
עפרת,riuo,0,9
עפרת,ferrum,3,9
עפרת,ferreus,1,9
עפרת,gladius,0,9
עפרת,aes,2,9
עפרת,aeris,0,9
עפרת,aereus,0,9
עפרת,aer,1,9
עפרת,aeneus,0,9
עפרת,asum,0,9
עפרת,aeratus,0,9
עץ,arbor,17,274
עץ,lignum,217,274
עץ,silua,6,274
עץ,tignum,0,274
עץ,materia,0,274
עצ,arbor,0,0
עצ,lignum,0,0
עצ,silua,0,0
עצ,tignum,0,0
עצ,materia,0,0
עצב,idolum,6,38
עצב,simulacrum,2,38
עצב,imaginis,0,38
עצב,umbra,0,38
עצב,imago,0,38
עצה,consilium,62,78
עצה,sententia,3,78
עצה,senatus,0,78
עצה,concilium,1,78
עצה,senator,0,78
עצה,consulo,1,78
עצה,iudico,0,78
עצה,insidiae,0,78
עצה,consilior,0,78
עצום,durus,0,26
עצום,fortis,17,26
עצום,ualidus,0,26
עצום,trux,0,26
עצום,robustus,6,26
עצום,firmus,0,26
עצום,uehemens,0,26
עצומ,ualidus,0,0
עצומ,fortis,0,0
עצומ,robustus,0,0
עצומ,firmus,0,0
עצומ,uehemens,0,0
עצומימ,ualidus,0,0
עצומימ,fortis,0,0
עצומימ,robustus,0,0
עצומימ,firmus,0,0
עצומימ,uehemens,0,0
עצות,consilium,0,0
עצות,sententia,0,0
עצות,senatus,0,0
עצות,concilium,0,0
עצות,senator,0,0
עצי,silua,0,0
עצי,tignum,0,0
עצי,materia,0,0
עצי,lignum,0,0
עצימ,silua,0,0
עצימ,tignum,0,0
עצימ,materia,0,0
עצימ,lignum,0,0
עצם,ossum,0,108
עצם,redo,0,108
עצמ,tempus,0,0
עצמ,occasio,0,0
עצמ,facultas,0,0
עצמ,potestas,0,0
עצמ,ossum,0,0
עצמ,redo,0,0
עצמו,pluratiuus,0,0
עצמון,meatus,0,3
עצמון,termino,0,3
עצמות,ossum,0,1
עצמות,redo,0,1
עצמת,ossum,0,0
עצמת,redo,0,0
עצר,sustineo,1,43
עצר,retineo,0,43
עצר,possessio,0,43
עצר,teneo,1,43
עצר,prohibeo,0,43
עצר,impedio,0,43
עצר,ueto,0,43
עצר,praecludo,0,43
עצרה,nuntio,0,4
עצרה,pronuntio,0,4
עצרה,declaro,0,4
עצרה,praedico,0,4
עצרה,praeco,0,4
עצת,consilium,0,0
עצת,consulo,0,0
עצת,iudico,0,0
עצת,concilium,0,0
עצת,insidiae,0,0
עצת,consilior,0,0
עצת,sententia,0,0
עצת,senatus,0,0
עצת,senator,0,0
עקב,totus,0,26
עקב,uniuersus,0,26
עקב,cunctus,0,26
עקב,omnis,4,26
עקב,calcaneum,1,26
עקב,fulmenta,0,26
עקב,semen,3,26
עקב,stirps,0,26
עקב,proles,0,26
עקב,semento,0,26
עקד,capra,1,9
עקד,caper,0,9
עקד,hircus,1,9
עקד,caprinus,0,9
עקד,hircinus,0,9
עקד,peralbus,0,9
עקד,percandidus,0,9
עקד,aries,2,9
עקד,uarius,5,9
עקד,ouis,4,9
עקד,pecus,0,9
עקד,grex,3,9
עקד,pecuarius,0,9
עקדימ,peralbus,0,0
עקדימ,percandidus,0,0
עקדימ,albus,0,0
עקדימ,candidus,0,0
עקדימ,lelepris,0,0
עקדימ,ophthalmias,0,0
עקר,statura,0,18
עקר,currus,4,18
עקר,iugum,0,18
עקר,quadrigae,1,18
עקר,onusto,0,18
עקר,gigno,0,18
עקר,pario,3,18
עקר,fero,0,18
עקר,genero,0,18
עקרב,scorpionius,0,9
עקרב,scorpio,9,9
עקרבימ,scorpionius,0,0
עקרבימ,scorpio,0,0
עקרון,syron,0,19
ער,hostis,0,17
ער,inimicus,0,17
ער,infestus,0,17
ער,urbs,1,17
ער,ciuitas,0,17
ער,oppidum,1,17
ער,moenia,0,17
ער,publicus,0,17
ער,athenae,0,17
ער,municipium,0,17
ער,urbem,0,17
ער,urbis,0,17
ערב,uesper,71,179
ערב,merendo,0,179
ערב,crepusculum,0,179
ערב,occidens,2,179
ערב,occasus,3,179
ערב,uesperus,29,179
ערב,uespertinus,3,179
ערב,coruus,6,179
ערב,immundus,25,179
ערב,uestis,6,179
ערב,uestimentum,20,179
ערב,pallium,1,179
ערב,toga,0,179
ערבה,populifer,0,64
ערבה,profectio,0,64
ערבון,hercules,0,3
ערבון,edepol,0,3
ערבון,pol,0,3
ערבון,pignus,1,3
ערבון,fidelitas,0,3
ערבון,fides,0,3
ערבון,fidelis,0,3
ערבון,fidus,0,3
ערבון,nummulus,0,3
ערבימ,uespertinus,0,0
ערבימ,uesper,0,0
ערבימ,crepusculum,0,0
ערבימ,occidens,0,0
ערבימ,occasus,0,0
ערבימ,uesperus,0,0
ערג,desidero,0,1
ערג,cupio,0,1
ערג,desiderium,0,1
ערוה,pudor,0,41
ערוה,dedecus,0,41
ערוה,ignominia,15,41
ערוה,reuelo,16,41
ערוה,apocalypsis,0,41
ערוה,humilito,0,41
ערום,nudus,14,27
ערומ,nudus,0,0
ערות,pudor,0,0
ערות,dedecus,0,0
ערות,ignominia,0,0
ערות,humilito,0,0
ערות,frondatio,0,0
ערות,uestigium,0,0
ערי,urbs,0,2
ערי,ciuitas,0,2
ערי,oppidum,0,2
ערי,moenia,0,2
ערי,publicus,0,2
ערי,athenae,0,2
ערי,municipium,0,2
ערי,urbem,0,2
ערי,urbis,0,2
ערימ,urbs,0,0
ערימ,ciuitas,0,0
ערימ,oppidum,0,0
ערימ,moenia,0,0
ערימ,publicus,0,0
ערימ,athenae,0,0
ערימ,municipium,0,0
ערימ,urbem,0,0
ערימ,urbis,0,0
עריסה,primitiae,1,4
עריסה,aphaerema,0,4
עריץ,pereo,0,17
עריץ,perdo,0,17
עריץ,amitto,0,17
עריץ,mors,0,17
עריץ,deleo,1,17
עריץ,intereo,0,17
עריץ,ruina,0,17
עריץ,disperdo,1,17
עריץ,interfacio,0,17
עריץ,morior,0,17
עריץ,exitium,0,17
עריץ,occido,0,17
עריץ,impius,3,17
עריץ,sacrilegus,0,17
עריץ,pestis,0,17
עריץ,pestilentia,0,17
עריץ,lues,0,17
עריץ,pestilitas,0,17
עריץ,gladius,3,17
עריץ,ferrum,0,17
עריץ,culter,0,17
עריצימ,iniurius,0,0
ערירי,orbus,0,4
ערירי,illiberis,0,4
ערך,pecunia,2,86
ערך,argenteus,1,86
ערך,nummus,0,86
ערך,argentum,4,86
ערך,honor,0,86
ערך,dignitas,0,86
ערך,pretium,8,86
ערך,decus,0,86
ערך,honorem,0,86
ערך,honoris,0,86
ערכ,praeparo,0,0
ערכ,oppositus,0,0
ערל,tonsilis,0,32
ערל,gladius,12,32
ערל,ferrum,0,32
ערל,culter,0,32
ערלה,praeputio,0,16
ערלה,circumcido,9,16
ערלה,deseco,0,16
ערלה,proseco,0,16
ערלה,caro,4,16
ערלימ,tonsilis,0,0
ערלת,praeputio,0,0
ערמ,nudus,0,0
ערמה,temperantia,0,13
ערמה,continentia,0,13
ערמה,consilium,1,13
ערמה,prudentia,0,13
ערמה,sapientia,1,13
ערף,hostis,2,39
ערף,inimicus,4,39
ערף,infestus,0,39
ערפ,rigoratus,0,0
ערפ,ceruix,0,0
ערפ,collum,0,0
ערפל,nubiuagus,0,12
ערפל,turbo,1,12
ערפל,uagio,0,12
ערפל,nubes,4,12
ערפל,nimbus,0,12
ערפל,nebula,1,12
ערפל,nubis,0,12
ערפל,nubila,0,12
ערפל,tenebrae,3,12
ערפל,caligo,9,12
ערפל,obscuritas,0,12
ערץ,tremesco,0,13
ערץ,intremo,0,13
ערץ,tremulus,0,13
ערץ,praetrepidus,0,13
ערץ,tremor,0,13
ערץ,uis,0,13
ערץ,robur,0,13
ערץ,fortitudo,0,13
ערץ,potentia,1,13
ערץ,quotiens,0,13
ערץ,quoniam,1,13
ערץ,timeo,5,13
ערץ,timor,1,13
ערץ,uereor,0,13
ערץ,metuo,3,13
ערץ,metus,0,13
ערץ,pauor,1,13
ערץ,terror,1,13
ערץ,formido,3,13
ערש,lectus,3,6
ערש,torus,0,6
ערת,cutis,0,0
ערת,pellis,0,0
ערת,corium,0,0
ערת,tergus,0,0
ערת,abscondo,0,0
ערת,membrana,0,0
עש,uerutum,0,7
עש,natura,0,7
עש,qualis,0,7
עשב,pascuus,0,25
עשב,pastus,0,25
עשב,ceu,0,25
עשב,uelut,0,25
עשב,fructus,2,25
עשב,pomum,1,25
עשב,messis,0,25
עשב,silua,0,25
עשב,tignum,0,25
עשב,materia,0,25
עשב,lignum,5,25
עשה,natura,1,2139
עשה,qualis,3,2139
עשוקימ,iniurius,0,0
עשור,decem,1,13
עשור,deni,0,13
עשור,decimus,12,13
עשור,septimus,5,13
עשור,mensis,12,13
עשות,facio,0,1
עשות,operor,0,1
עשות,laboro,0,1
עשות,opus,0,1
עשות,administro,0,1
עשות,fabrico,0,1
עשות,parito,0,1
עשות,seruo,0,1
עשות,custodio,0,1
עשות,praesidium,0,1
עשות,caueo,0,1
עשות,custos,0,1
עשות,ergo,0,1
עשות,hinc,0,1
עשות,igitur,0,1
עשות,propterea,0,1
עשות,ideo,0,1
עשות,pro,0,1
עשי,natura,0,0
עשי,qualis,0,0
עשימ,natura,0,0
עשימ,qualis,0,0
עשיר,diues,20,21
עשיר,putealis,0,21
עשיר,opulentus,0,21
עשירי,decimus,21,26
עשירי,oleum,3,26
עשירי,olearius,0,26
עשירי,olearis,0,26
עשירי,mensis,10,26
עשן,fumus,15,27
עשן,fumo,2,27
עשנ,fumus,0,0
עשנ,fumo,0,0
עשנ,ceu,0,0
עשנ,uelut,0,0
עשק,iniquitas,2,41
עשק,iniustus,0,41
עשק,pupillus,5,41
עשק,compressor,0,41
עשר,decem,61,270
עשר,deni,1,270
עשר,decimus,6,270
עשר,duo,18,270
עשר,uter,0,270
עשר,bini,1,270
עשר,duodecim,70,270
עשר,duodecimus,14,270
עשר,uncia,0,270
עשר,septimus,9,270
עשר,uicesimus,11,270
עשר,centum,10,270
עשר,sextadecimani,0,270
עשר,undecim,3,270
עשר,undecimus,7,270
עשר,octo,15,270
עשר,duodeuicesimus,0,270
עשר,quinquaginta,1,270
עשר,quindecim,5,270
עשר,quinque,6,270
עשר,quintadecimani,0,270
עשר,nauigatio,0,270
עשר,nauigo,0,270
עשר,cursus,1,270
עשר,ops,2,270
עשר,diuitiae,31,270
עשר,opis,0,270
עשר,lutus,0,270
עשר,quarta,0,270
עשר,mensis,46,270
עשרה,decem,111,230
עשרה,deni,1,230
עשרה,duo,12,230
עשרה,uter,0,230
עשרה,bini,0,230
עשרה,duodecim,27,230
עשרה,undecim,9,230
עשרה,septeni,0,230
עשרה,hebdomada,0,230
עשרה,quinquaginta,7,230
עשרה,quindecim,11,230
עשרה,quinque,19,230
עשרה,quadraginta,6,230
עשרה,quattuor,5,230
עשרה,terdecies,0,230
עשרה,tredecim,8,230
עשרון,agninus,0,22
עשרון,decimus,11,22
עשרון,oleum,15,22
עשרון,olearius,0,22
עשרון,olearis,0,22
עשרים,uicesimus,51,272
עשרים,uiginti,209,272
עשרים,uiceni,0,272
עשרים,quinquaginta,7,272
עשרים,quindecim,3,272
עשרים,quinque,46,272
עשרים,mille,60,272
עשרים,miliarius,0,272
עשרימ,alter,0,0
עשרימ,deinde,0,0
עשרימ,iterum,0,0
עשרימ,secundo,0,0
עשרימ,proximus,0,0
עשרימ,secundus,0,0
עשרימ,duo,0,0
עשרימ,uter,0,0
עשרימ,bini,0,0
עשרימ,uicesimus,0,0
עשרימ,uiginti,0,0
עשרימ,uiceni,0,0
עשרימ,centum,0,0
עשרימ,nouo,0,0
עשרימ,nouendialis,0,0
עשרימ,septeni,0,0
עשרימ,hebdomada,0,0
עשרימ,octo,0,0
עשרימ,quinquaginta,0,0
עשרימ,quindecim,0,0
עשרימ,quinque,0,0
עשרימ,quadraginta,0,0
עשרימ,quattuor,0,0
עשרימ,quartus,0,0
עשרימ,tertius,0,0
עשרימ,tertio,0,0
עשרין,uicesimus,0,0
עשרין,uiginti,0,0
עשרין,uiceni,0,0
עשרינ,uicesimus,0,0
עשרינ,uiginti,0,0
עשרינ,uiceni,0,0
עשרינ,centum,0,0
עשרת,decem,0,0
עשרת,deni,0,0
עששה,obturbo,0,0
עשתות,animus,0,1
עשתות,mens,0,1
עשתות,cogitatio,1,1
עשתות,cogito,0,1
עשתות,sentio,0,1
עשתות,sapientia,0,1
עשתות,superbia,0,1
עשתות,superbus,0,1
עשתות,adsum,0,1
עשתי,undecim,4,18
עשתי,undecimus,11,18
עשתי,mensis,6,18
עשתנת,animus,0,0
עשתנת,mens,0,0
עשתנת,cogitatio,0,0
עשתנת,cogito,0,0
עשתנת,sentio,0,0
עשתנת,sapientia,0,0
עשתנת,superbia,0,0
עשתנת,superbus,0,0
עשתנת,adsum,0,0
עשתרות,ouilis,0,12
עשתרות,probata,0,12
עשתרת,ouis,4,8
עשתרת,pecus,0,8
עשתרת,grex,4,8
עשתרת,agna,0,8
עשתרת,ouilis,0,8
עשתרת,probata,0,8
עשתרת,pecuarius,0,8
עת,umquam,0,216
עת,tempus,170,216
עת,assiduus,0,216
עת,semper,1,216
עת,uesper,4,216
עת,crepusculum,0,216
עת,occidens,1,216
עת,occasus,1,216
עת,uesperus,2,216
עת,uespertinus,0,216
עת,nunc,6,216
עת,iam,1,216
עת,dies,39,216
עת,hodie,0,216
עת,itis,0,216
עת,diei,0,216
עת,lux,1,216
עת,quando,5,216
עת,occasio,2,216
עת,facultas,0,216
עת,potestas,0,216
עת,numquam,0,216
עת,quondam,0,216
עת,olim,0,216
עת,interdum,1,216
עת,tum,0,216
עת,tunc,3,216
עת,aliquando,0,216
עת,longus,2,216
עת,diu,0,216
עת,aetas,0,216
עת,temporis,0,216
עת,hora,9,216
עת,prospicus,0,216
עתד,promptus,0,2
עתד,parito,0,2
עתד,paro,0,2
עתד,praeparo,1,2
עתה,dudum,0,396
עתה,hodie,10,396
עתוד,aries,20,26
עתוד,petro,0,26
עתוד,agninus,0,26
עתוד,ouinus,0,26
עתוד,ueruex,0,26
עתוד,donum,0,26
עתוד,munus,0,26
עתוד,praemium,0,26
עתוד,praesens,0,26
עתוד,datus,0,26
עתוד,annotinus,0,26
עתוד,anniculus,12,26
עתוד,quinquaginta,0,26
עתוד,quindecim,0,26
עתוד,quinque,12,26
עתוד,incolumitas,0,26
עתודימ,hircinus,0,0
עתי,uolo,0,5
עתי,cupio,0,5
עתי,recuso,0,5
עתי,eligo,0,5
עתי,placeo,0,5
עתי,utinam,0,5
עתי,uoluntas,0,5
עתי,cupiditas,0,5
עתי,deligo,0,5
עתי,nolo,0,5
עתי,promptus,0,5
עתי,parito,0,5
עתי,facilis,0,5
עתיד,uolo,0,6
עתיד,cupio,0,6
עתיד,recuso,0,6
עתיד,eligo,0,6
עתיד,placeo,0,6
עתיד,utinam,0,6
עתיד,uoluntas,0,6
עתיד,cupiditas,0,6
עתיד,deligo,0,6
עתיד,nolo,0,6
עתיד,promptus,0,6
עתיד,parito,0,6
עתיד,facilis,0,6
עתידינ,promptus,0,0
עתידינ,parito,0,0
עתימ,tempus,0,0
עתימ,occasio,0,0
עתימ,facultas,0,0
עתימ,potestas,0,0
עתיק,comitium,0,3
עתיק,electus,0,3
עתיק,uetus,1,3
עתיק,antiquus,0,3
עתק,iniquitas,0,10
עתק,iniustus,0,10
עתר,quaeso,0,24
עתר,hortor,0,24
עתר,uolo,0,24
עתר,oro,3,24
עתר,obsecro,2,24
עתר,rogo,4,24
עתר,peto,0,24
עתר,uoco,1,24
עתר,ausculto,0,24
פאה,angulus,2,60
פאה,ortus,0,60
פאה,exortiuus,0,60
פאה,termino,0,60
פאר,sententia,0,19
פאר,glorifico,7,19
פאר,opinor,0,19
פאר,gloria,1,19
פאר,fama,0,19
פאר,existimatio,0,19
פאר,laus,1,19
פאר,opinio,0,19
פארה,oliua,0,3
פארה,ramus,2,3
פאת,altrouorsum,0,0
פגע,occurro,7,45
פגר,morior,2,23
פגר,emortuus,0,23
פגר,corporis,0,23
פגר,cadauer,16,23
פגר,corpus,2,23
פגר,mortuus,3,23
פגר,membrum,0,23
פגר,fornicatio,3,23
פגר,idololatria,0,23
פגר,ordo,0,23
פגר,homo,2,23
פגרימ,ordo,0,0
פגרימ,homo,0,0
פגרימ,corpus,0,0
פגש,occurro,7,13
פדה,primogenitus,5,33
פדוים,pretium,2,7
פדוים,redemptio,1,7
פדוים,redempto,0,7
פדוים,soluo,0,7
פדוים,libero,0,7
פדות,pretium,0,2
פדות,redemptio,0,2
פדות,redempto,0,2
פדות,exsolutio,0,2
פדיום,pretium,0,1
פדיום,redemptio,0,1
פדיום,redempto,0,1
פדיום,soluo,0,1
פדיום,libero,0,1
פדיון,pretium,1,1
פדיון,redemptio,0,1
פדיון,redempto,0,1
פדיון,soluo,0,1
פדיון,libero,0,1
פדן,mater,2,11
פדן,genetrix,0,11
פדן,parens,1,11
פדן,matrem,0,11
פדן,matri,0,11
פדן,matris,0,11
פדן,amicimen,0,11
פדנ,amicimen,0,0
פה,aurum,6,454
פה,os,263,454
פה,labium,18,454
פה,labrum,0,454
פה,osculum,0,454
פוט,anguis,0,7
פוטי,sol,0,3
פוטי,phoebus,0,3
פוטי,solis,0,3
פוטיפרע,sol,0,0
פוטיפרע,phoebus,0,0
פוטיפרע,solis,0,0
פוץ,dissoluo,0,61
פוץ,frango,0,61
פוץ,diffundo,0,61
פוץ,regio,1,61
פוץ,terra,23,61
פוץ,locus,2,61
פוץ,finis,2,61
פוץ,ager,1,61
פוץ,rus,0,61
פורה,triticum,0,1
פז,lapis,1,6
פז,saxum,0,6
פז,marmor,0,6
פז,marmoreus,1,6
פז,gemma,0,6
פז,petrinus,0,6
פח,decipula,0,17
פחד,tremulus,0,58
פחד,praetrepidus,0,58
פחד,tremor,2,58
פחד,metus,0,58
פחד,pauor,8,58
פחד,terror,10,58
פחד,timor,11,58
פחד,formido,13,58
פחד,timeo,10,58
פחד,metuo,0,58
פחד,uereor,1,58
פחד,gloria,3,58
פחד,fama,0,58
פחד,sententia,0,58
פחד,existimatio,0,58
פחד,laus,2,58
פחד,opinio,0,58
פחה,dux,21,44
פחה,imperator,0,44
פחה,rector,0,44
פחה,miles,1,44
פחה,princeps,9,44
פחה,equus,3,44
פחה,sonipes,0,44
פחה,currus,1,44
פחה,eques,5,44
פחה,equitatus,0,44
פחה,equa,0,44
פחה,equi,0,44
פחה,equum,0,44
פחה,equo,0,44
פחר,figulus,1,1
פחר,figularis,0,1
פטיש,malleus,3,3
פטיש,porca,0,3
פטר,primogenitus,6,17
פטר,resutus,0,17
פטר,uterus,0,17
פי,causa,0,0
פי,argumentum,0,0
פי,contio,0,0
פי,tabula,0,0
פי,fabula,0,0
פי,ob,0,0
פי,ratio,0,0
פי,uerbi,0,0
פי,oratio,0,0
פי,uerbum,0,0
פי,sermo,0,0
פי,uox,0,0
פי,aurum,0,0
פי,os,0,0
פי,labium,0,0
פי,labrum,0,0
פי,osculum,0,0
פי,sanguis,0,0
פי,mors,0,0
פי,occaedes,0,0
פי,interfacio,0,0
פי,caedes,0,0
פי,interfectrix,0,0
פיכל,archiereus,0,3
פיכל,circumductor,0,3
פילגש,concubina,0,0
פילגש,femella,0,0
פילגש,uirguncula,0,0
פימה,populus,0,1
פימה,plebs,0,1
פימה,uulgus,0,1
פימה,terra,0,1
פימה,contio,0,1
פימה,communis,0,1
פימה,ecclesia,0,1
פימה,ager,0,1
פימה,praepinguis,0,1
פימה,unguinosus,0,1
פימה,opimus,0,1
פך,dam,0,3
פלא,mirus,0,41
פלא,mirificus,0,41
פלא,mirabilis,16,41
פלגה,distributio,0,4
פלגה,diuido,2,4
פלגי,meatus,0,0
פלגש,concubina,23,35
פלגש,femella,0,35
פלגש,uirguncula,0,35
פלגש,pallaca,0,35
פלגשי,concubina,0,0
פלגשי,femella,0,0
פלגשי,uirguncula,0,0
פלגשימ,concubina,0,0
פלגשימ,femella,0,0
פלגשימ,uirguncula,0,0
פלוא,corniculum,0,5
פלוא,haesitantia,0,5
פלח,reduuia,0,15
פלחינ,praeseruio,0,0
פלחן,beneficium,0,1
פלחן,praefectus,0,1
פלחן,utilis,0,1
פליטה,seruo,0,27
פליטה,conseruo,0,27
פליטה,tueor,0,27
פליטה,saluus,0,27
פליטה,salus,2,27
פליטה,libero,1,27
פליטה,retineo,0,27
פליטה,saluo,2,27
פליטה,salutaris,0,27
פליטה,saluator,0,27
פליל,iudex,1,3
פליל,iudico,1,3
פליל,decerno,0,3
פליל,iudicium,0,3
פליל,reciperator,0,3
פליל,statuo,0,3
פלילה,iudico,0,1
פלילה,decerno,0,1
פלילה,iudex,0,1
פלילה,iudicium,0,1
פלילה,reciperator,0,1
פלילה,statuo,0,1
פליליה,iudico,0,1
פליליה,decerno,0,1
פליליה,iudex,0,1
פליליה,iudicium,1,1
פליליה,reciperator,0,1
פליליה,statuo,0,1
פלל,quonam,0,77
פלל,precor,0,77
פלל,oro,47,77
פלל,uoueo,0,77
פלל,opto,0,77
פלל,quaeso,0,77
פלל,obsecro,6,77
פלל,oratio,11,77
פלל,prex,5,77
פלל,tandem,0,77
פלמני,certus,0,0
פלמני,quidam,0,0
פלמני,saltem,0,0
פלמני,tunc,0,0
פלמני,satis,0,0
פלמני,permultus,0,0
פלמני,unus,0,0
פלמני,ullus,0,0
פלמני,homo,0,0
פלמני,quisquam,0,0
פלמני,uir,0,0
פלמני,nullus,0,0
פלמני,alter,0,0
פלמני,aliquis,0,0
פלמני,qui,0,0
פלמני,iste,0,0
פלמני,quis,0,0
פלני,certus,0,6
פלני,quidam,0,6
פלני,saltem,0,6
פלני,tunc,0,6
פלני,satis,0,6
פלני,permultus,0,6
פלני,unus,0,6
פלני,ullus,0,6
פלני,homo,0,6
פלני,quisquam,0,6
פלני,uir,0,6
פלני,nullus,0,6
פלני,alter,0,6
פלני,aliquis,0,6
פלני,qui,1,6
פלני,iste,0,6
פלני,quis,1,6
פלץ,inhorreo,0,1
פלץ,horreo,0,1
פלץ,horresco,0,1
פלץ,inhorresco,0,1
פלש,syllabus,0,4
פלשתי,syron,0,242
פלשתימ,syron,0,0
פם,aurum,0,0
פם,os,0,0
פם,labium,0,0
פם,labrum,0,0
פם,osculum,0,0
פמ,aurum,0,0
פמ,os,0,0
פמ,labium,0,0
פמ,labrum,0,0
פמ,osculum,0,0
פן,nolo,11,116
פן,ne,96,116
פנ,contradictio,0,0
פנ,ipse,0,0
פנ,sui,0,0
פנ,frons,0,0
פנ,praeduco,0,0
פנ,duco,0,0
פנ,praecedo,0,0
פנ,credo,0,0
פנ,considero,0,0
פנ,existimo,0,0
פנ,iudico,0,0
פנ,teneo,0,0
פנ,numquam,0,0
פנ,umquam,0,0
פנ,inocciduus,0,0
פנ,uultus,0,0
פנ,facies,0,0
פנ,os,0,0
פנ,ora,0,0
פנ,persona,0,0
פנ,prior,0,0
פנ,olim,0,0
פנ,superus,0,0
פנ,quondam,0,0
פנ,antea,0,0
פנ,pristinus,0,0
פנ,primus,0,0
פנה,oculus,37,1848
פנה,facies,398,1848
פנה,lumen,1,1848
פנה,uultus,50,1848
פנה,os,28,1848
פנה,ora,0,1848
פנה,persona,11,1848
פנו,conuerto,0,0
פני,incoram,0,0
פני,frons,0,0
פני,praeduco,0,0
פני,hostis,0,0
פני,contrarius,0,0
פני,inimicus,0,0
פני,facies,0,0
פני,oppono,0,0
פני,praesens,0,0
פני,contra,0,0
פני,insuper,0,0
פני,supernus,0,0
פני,dominus,0,0
פני,auctoritas,0,0
פני,erus,0,0
פני,potestas,0,0
פני,uultus,0,0
פני,os,0,0
פני,ora,0,0
פני,persona,0,0
פנימ,frons,0,0
פנימ,praeduco,0,0
פנימ,iaceo,0,0
פנימ,uultus,0,0
פנימ,facies,0,0
פנימ,os,0,0
פנימ,ora,0,0
פנימ,persona,0,0
פנימ,prior,0,0
פנימ,olim,0,0
פנימ,superus,0,0
פנימ,quondam,0,0
פנימ,antea,0,0
פנימ,pristinus,0,0
פנימ,primus,0,0
פנימה,intus,0,11
פנימה,familia,0,11
פנימה,interior,1,11
פנימה,intra,2,11
פנימי,interior,16,29
פנימי,intus,0,29
פנימי,intra,12,29
פנימי,iudicium,0,29
פנימי,atrium,20,29
פנימי,aula,0,29
פנימי,affero,0,29
פנימי,adduco,1,29
פנימי,induco,0,29
פנימי,porta,11,29
פנימי,ianua,0,29
פנימי,fores,0,29
פנימי,limen,0,29
פנימי,ostium,6,29
פנימי,portae,0,29
פס,uarius,0,6
פס,tunica,5,6
פס,tunico,0,6
פסח,pascha,4,69
פסח,claudus,12,69
פסחימ,claudus,0,0
פסי,finis,0,0
פסי,terminus,0,0
פסי,ultimo,0,0
פסיל,idolum,4,22
פסיל,simulacrum,4,22
פסיל,imaginis,0,22
פסיל,umbra,0,22
פסיל,imago,0,22
פסימ,uarius,0,0
פסל,idolum,4,33
פסל,simulacrum,1,33
פסל,imaginis,0,33
פסל,umbra,0,33
פסל,imago,1,33
פסל,statua,0,33
פסל,signum,1,33
פסל,similitudo,5,33
פסל,fusilis,0,33
פעה,gemo,0,0
פעה,ingemo,0,0
פעה,suspiro,0,0
פעור,domus,0,12
פעור,aedes,0,12
פעור,tecta,0,12
פעור,familia,0,12
פעור,templum,0,12
פעור,apud,0,12
פעור,cognatio,0,12
פעור,tectum,0,12
פעור,gener,0,12
פעור,sedes,0,12
פעור,praedium,0,12
פעור,domum,0,12
פעור,domo,0,12
פעור,plaga,1,12
פעור,uulnus,0,12
פעור,ictus,0,12
פעל,facio,13,52
פעל,operor,19,52
פעל,laboro,0,52
פעל,opus,23,52
פעל,negotior,0,52
פעל,facinus,0,52
פעל,res,0,52
פעל,negotium,0,52
פעל,opero,1,52
פעלי,facio,0,0
פעלי,operor,0,0
פעלי,laboro,0,0
פעלי,opus,0,0
פעלימ,opus,0,0
פעלימ,facinus,0,0
פעלימ,res,0,0
פעלימ,negotium,0,0
פעלימ,opero,0,0
פעלת,opus,0,0
פעלת,facinus,0,0
פעלת,res,0,0
פעלת,negotium,0,0
פעלת,opero,0,0
פעלת,subigo,0,0
פעם,pes,4,104
פעם,pedes,0,104
פעם,terra,10,104
פעם,cohors,0,104
פעם,pedis,0,104
פעם,pedum,0,104
פעם,ager,1,104
פעם,pedester,0,104
פעם,semel,10,104
פעם,insemel,0,104
פעם,septingenties,0,104
פעם,septies,0,104
פעמ,semel,0,0
פעמ,insemel,0,0
פעמ,tempus,0,0
פעמ,occasio,0,0
פעמ,facultas,0,0
פעמ,potestas,0,0
פעמון,campana,0,4
פעמון,tintinnabulum,1,4
פעמימ,bis,0,0
פעמימ,tempus,0,0
פעמימ,occasio,0,0
פעמימ,facultas,0,0
פעמימ,potestas,0,0
פעמימ,ter,0,0
פער,pateo,0,3
פער,aperio,2,3
פער,patefacio,0,3
פצה,pateo,0,10
פצה,aperio,9,10
פצה,patefacio,0,10
פצה,aurum,0,10
פצה,os,10,10
פצה,labium,0,10
פצה,labrum,0,10
פצה,osculum,0,10
פצח,festiuitas,0,7
פצם,scindo,0,0
פצע,sanguinarius,0,10
פצע,uulnus,7,10
פצע,plaga,2,10
פצע,saucius,0,10
פצע,uulnero,2,10
פצר,quaeso,0,7
פצר,hortor,0,7
פצר,uolo,1,7
פצר,oro,0,7
פצר,obsecro,0,7
פצר,rogo,0,7
פצר,peto,0,7
פצר,uoco,0,7
פצר,coacto,0,7
פקד,desidero,0,253
פקד,erro,0,253
פקד,culpa,0,253
פקד,desum,5,253
פקד,uendo,0,253
פקד,restituo,1,253
פקד,soluo,0,253
פקד,trado,9,253
פקד,redeo,0,253
פקד,reuorto,1,253
פקד,stipendium,0,253
פקד,libero,0,253
פקד,reddo,4,253
פקד,delinquo,0,253
פקד,scitus,0,253
פקד,imperatus,0,253
פקד,recensus,0,253
פקד,ducena,0,253
פקד,mille,60,253
פקד,miliarius,0,253
פקדה,disquisitio,0,30
פקדו,recensus,0,0
פקוד,imperatus,0,2
פקח,pateo,1,30
פקח,aperio,16,30
פקח,patefacio,0,30
פקחה,pateo,0,0
פקחה,aperio,0,0
פקחה,patefacio,0,0
פקיד,dux,1,13
פקיד,imperator,0,13
פקיד,rector,0,13
פקיד,miles,1,13
פקיד,princeps,4,13
פקיד,seruus,1,13
פקיד,minister,0,13
פר,monstrificus,0,145
פר,damalio,0,145
פר,uitellus,0,145
פר,uitulus,75,145
פר,iuuencus,0,145
פר,iunix,0,145
פר,agninus,0,145
פר,irreprehensus,0,145
פר,bos,21,145
פר,taurus,11,145
פר,iumentum,0,145
פר,pecus,1,145
פר,armentum,28,145
פר,uacca,0,145
פר,bubulus,0,145
פר,aries,67,145
פרבר,iudicium,0,2
פרבר,atrium,0,2
פרבר,aula,0,2
פרבר,tribunal,0,2
פרד,diuido,8,35
פרד,discribo,0,35
פרד,mulus,7,35
פרד,mula,1,35
פרד,discludo,0,35
פרד,dispesco,0,35
פרד,equus,8,35
פרד,sonipes,0,35
פרד,currus,1,35
פרד,eques,1,35
פרד,equitatus,0,35
פרד,equa,0,35
פרד,equi,0,35
פרד,equum,0,35
פרד,equo,0,35
פרדה,mulus,0,3
פרדה,mula,3,3
פרדות,tithymalus,0,0
פרדימ,mulus,0,0
פרדימ,mula,0,0
פרדס,paradisus,1,3
פרדת,mulus,0,0
פרדת,mula,0,0
פרה,augeo,3,60
פרה,cresco,13,60
פרה,bos,7,60
פרה,iuuencus,0,60
פרה,taurus,0,60
פרה,iumentum,1,60
פרה,uitulus,3,60
פרה,pecus,0,60
פרה,armentum,0,60
פרה,uacca,8,60
פרה,bubulus,0,60
פרה,pluratiuus,0,60
פרה,caro,3,60
פרו,augeo,0,0
פרו,cresco,0,0
פרות,bos,0,1
פרות,iuuencus,0,1
פרות,taurus,0,1
פרות,iumentum,0,1
פרות,uitulus,0,1
פרות,pecus,0,1
פרות,armentum,0,1
פרות,uacca,0,1
פרות,bubulus,0,1
פרזה,castellum,0,3
פרזה,uilla,1,3
פרזה,uicus,0,3
פרזי,cybaeus,0,25
פרזל,concha,0,8
פרזל,ferreus,4,8
פרזל,ferrum,5,8
פרזל,ferrarius,0,8
פרזל,gladius,0,8
פרח,flos,3,40
פרח,lilium,11,40
פרח,nymphaea,0,40
פרי,prosero,0,96
פרי,progenies,0,96
פרי,nepos,0,96
פרי,exeo,0,96
פרי,egredior,3,96
פרי,prodeo,0,96
פרי,fructus,73,96
פרי,pomum,8,96
פרי,messis,0,96
פרי,silua,1,96
פרי,tignum,0,96
פרי,materia,0,96
פרי,lignum,17,96
פרימ,taurus,0,0
פרימ,bos,0,0
פרימ,uitulus,0,0
פרימ,taurinus,0,0
פרך,labor,0,6
פרך,aerumna,0,6
פרכ,uis,0,0
פרכ,uiolentia,0,0
פרכ,robur,0,0
פרכ,copia,0,0
פרכ,inuitus,0,0
פרכת,uelaris,0,23
פרכת,obnubo,0,23
פרכת,arca,6,23
פרכת,proba,0,23
פרם,uestis,2,3
פרם,uestimentum,3,3
פרם,pallium,0,3
פרם,toga,0,3
פרס,supo,0,34
פרס,immundus,6,34
פרס,ungulatus,0,34
פרסה,ungula,15,16
פרסה,ramula,0,16
פרסה,immundus,5,16
פרסה,ungulatus,0,16
פרסה,probata,0,16
פרסי,supo,0,2
פרע,sol,0,21
פרע,phoebus,0,21
פרע,solis,0,21
פרעה,rex,49,232
פרעה,tyrannus,0,232
פרעה,dominus,79,232
פרעה,princeps,9,232
פרעה,regis,0,232
פרעה,regem,0,232
פרעה,regi,0,232
פרעה,arater,0,232
פרעה,aratro,0,232
פרצ,refutatus,0,0
פרצ,consaepto,0,0
פרצימ,refutatus,0,0
פרצימ,insuper,0,0
פרצימ,supernus,0,0
פרר,uitulus,0,43
פרר,iuuencus,0,43
פרר,iunix,0,43
פרש,equus,15,125
פרש,equitatus,3,125
פרש,equester,0,125
פרש,ala,11,125
פרש,eques,42,125
פרש,sonipes,0,125
פרש,currus,31,125
פרש,equa,0,125
פרש,equi,0,125
פרש,equum,0,125
פרש,equo,0,125
פרש,caballinus,0,125
פרש,iugum,0,125
פרש,quadrigae,4,125
פרש,onusto,0,125
פרשגן,exemplum,1,4
פרשגן,apographon,0,4
פרשגן,imitor,0,4
פרשה,spatalocinaedus,0,2
פרשימ,equus,0,0
פרשימ,equitatus,0,0
פרשימ,equester,0,0
פרשימ,ala,0,0
פרשימ,eques,0,0
פרשימ,sonipes,0,0
פרשימ,currus,0,0
פרשימ,equa,0,0
פרשימ,equi,0,0
פרשימ,equum,0,0
פרשימ,equo,0,0
פרת,flumen,10,19
פרת,fluuius,4,19
פרת,amnis,0,19
פשה,dimitto,0,18
פשה,relinquo,0,18
פשה,absoluo,0,18
פשה,libero,0,18
פשה,ignosco,0,18
פשה,permitto,0,18
פשה,cutis,4,18
פשה,pellis,0,18
פשה,corium,0,18
פשה,tergus,0,18
פשה,abscondo,0,18
פשה,membrana,0,18
פשה,septimus,7,18
פשה,uestis,1,18
פשה,uestimentum,3,18
פשה,pallium,0,18
פשה,toga,0,18
פשטו,impono,0,0
פשטו,impetus,0,0
פשטו,oppugno,0,0
פשע,scelus,27,106
פשע,crimen,0,106
פשע,iniquitas,33,106
פשע,facinus,0,106
פשע,flagitium,0,106
פשע,maleficium,0,106
פשע,admissum,0,106
פשע,iniustus,0,106
פשע,pecco,11,106
פשע,error,0,106
פשע,peccatum,29,106
פשע,nocentia,0,106
פשע,perducto,0,106
פשע,defectio,0,106
פשע,impietas,1,106
פשעו,denego,0,0
פשק,pateo,0,2
פשק,aperio,0,2
פשק,patefacio,0,2
פשר,interpretatio,8,13
פשר,iudicium,0,13
פשר,coagmentatio,0,13
פשר,collatio,0,13
פשת,lineus,3,15
פשת,linum,4,15
פשת,uestis,2,15
פשת,uestimentum,2,15
פשת,pallium,0,15
פשת,toga,0,15
פשת,lanugino,0,15
פשת,lepra,2,15
פשת,iniecto,0,15
פשתה,lineus,0,3
פשתה,linum,3,3
פשתימ,lineus,0,0
פשתימ,linum,0,0
פת,panis,8,16
פת,mica,0,16
פת,ofella,0,16
פתבג,officium,0,4
פתבג,ius,0,4
פתבג,dexter,0,4
פתבג,opus,0,4
פתבג,mensa,1,4
פתבג,ripa,0,4
פתבג,tabula,0,4
פתגם,iudico,0,7
פתגם,decerno,0,7
פתגם,iudex,0,7
פתגם,iudicium,0,7
פתגם,reciperator,0,7
פתגם,statuo,0,7
פתח,pateo,4,263
פתח,aperio,80,263
פתח,patefacio,0,263
פתח,porta,47,263
פתח,ianua,2,263
פתח,fores,6,263
פתח,foras,0,263
פתח,ostium,82,263
פתח,foris,11,263
פתח,limen,4,263
פתח,portae,0,263
פתח,proba,0,263
פתחי,porta,0,0
פתחי,ianua,0,0
פתחי,fores,0,0
פתחי,limen,0,0
פתחי,ostium,0,0
פתחי,portae,0,0
פתי,adulescens,1,17
פתי,puer,0,17
פתי,adulescentia,0,17
פתי,uiginti,0,17
פתי,iuuenis,1,17
פתי,adulescentulus,0,17
פתי,peradulescentulus,0,17
פתי,nouus,0,17
פתי,iuuentus,0,17
פתי,iuuenta,0,17
פתי,aetas,0,17
פתיחה,pugio,0,0
פתיחה,sica,0,0
פתיחה,sicula,0,0
פתיחו,pateo,0,0
פתיחו,aperio,0,0
פתיחו,patefacio,0,0
פתנ,clipeus,0,0
פתנ,scutum,0,0
פתנ,parma,0,0
פתר,traduco,0,7
פתר,consimilo,0,7
פתר,elogio,0,7
פתר,somnio,0,7
פתר,insomnium,0,7
פתרון,interpretatio,4,5
פתרון,somnio,0,5
פתרון,insomnium,0,5
פתרנ,collatio,0,0
פתשגן,exemplum,0,3
פתשגן,apographon,0,3
פתשגן,imitor,0,3
צא,exeo,0,0
צא,egredior,0,0
צא,prodeo,0,0
צאו,exeo,0,0
צאו,egredior,0,0
צאו,prodeo,0,0
צאלים,lotus,0,2
צאלים,lotos,0,2
צאן,bos,45,225
צאן,iuuencus,0,225
צאן,taurus,1,225
צאן,iumentum,5,225
צאן,uitulus,6,225
צאן,pecus,28,225
צאן,armentum,37,225
צאן,uacca,1,225
צאן,bubulus,0,225
צאן,ouilis,0,225
צאן,probata,0,225
צאן,ouis,106,225
צאן,grex,103,225
צאן,pecuarius,0,225
צאנ,agnos,0,0
צאנ,agnus,0,0
צאנ,agninus,0,0
צאנ,probata,0,0
צאנ,ouilis,0,0
צאנ,ouis,0,0
צאנ,pecus,0,0
צאנ,grex,0,0
צאנ,pecuarius,0,0
צאצא,progenies,0,0
צאצא,nepos,0,0
צאצאים,proles,0,11
צאצאים,stirps,2,11
צאצאים,genus,1,11
צאצאים,seminium,0,11
צאצאים,progenies,2,11
צאצאים,nepos,3,11
צאצאים,semen,6,11
צאצאים,semento,0,11
צאת,exeo,0,0
צאת,egredior,0,0
צאת,prodeo,0,0
צאת,liceor,0,0
צאת,patior,0,0
צאת,sino,0,0
צאת,luceo,0,0
צאת,exitus,0,0
צבא,archiereus,0,424
צבא,astrum,1,424
צבא,sidus,0,424
צבא,stella,2,424
צבא,stello,0,424
צבא,uolo,4,424
צבא,cupio,0,424
צבא,opto,0,424
צבא,utinam,1,424
צבא,uoluntas,1,424
צבא,placeo,2,424
צבא,quasi,16,424
צבא,sicut,25,424
צבא,cupiditas,0,424
צבא,similis,2,424
צבא,eligo,6,424
צבא,deligo,0,424
צבא,lubet,0,424
צבא,obsecro,0,424
צבא,exercitus,289,424
צבא,copia,0,424
צבא,uis,1,424
צבא,uirtus,1,424
צבא,imperium,0,424
צבא,potentia,0,424
צבא,cogo,0,424
צבא,opis,0,424
צבא,robur,4,424
צבא,fortitudo,3,424
צבא,potestas,0,424
צבא,beneficium,0,424
צבא,praefectus,1,424
צבא,ornamentum,0,424
צבא,orbis,0,424
צבא,mundum,0,424
צבא,ordo,3,424
צבא,acies,0,424
צבא,agmen,2,424
צבא,utilis,0,424
צבא,omnipotens,0,424
צבא,omnipotentia,0,424
צבאות,exercitus,0,0
צבאות,copia,0,0
צבאות,uis,0,0
צבאות,uirtus,0,0
צבאות,imperium,0,0
צבאות,potentia,0,0
צבאות,cogo,0,0
צבאות,opis,0,0
צבאות,robur,0,0
צבאות,fortitudo,0,0
צבאות,potestas,0,0
צבאות,omnipotens,0,0
צבאות,omnipotentia,0,0
צבאימ,bellor,0,0
צבאימ,tam,0,0
צבאימ,quantus,0,0
צבאת,exercitus,0,0
צבאת,copia,0,0
צבאת,uis,0,0
צבאת,uirtus,0,0
צבאת,imperium,0,0
צבאת,potentia,0,0
צבאת,cogo,0,0
צבאת,opis,0,0
צבאת,robur,0,0
צבאת,fortitudo,0,0
צבאת,potestas,0,0
צבה,uterus,2,5
צבה,praecordia,0,5
צבה,for,0,5
צבה,armus,0,5
צבה,femur,3,5
צבו,res,0,0
צבו,causa,0,0
צבו,negotium,0,0
צבט,attineo,0,1
צבי,caprea,8,25
צבי,spes,0,25
צבי,spero,0,25
צבי,exspectatio,0,25
צבי,ceruus,7,25
צבי,cerua,0,25
צבי,ceruinus,0,25
צבי,mundus,3,25
צבי,purus,0,25
צד,equidem,0,25
צד,conuerto,0,25
צד,uerto,0,25
צד,dos,0,25
צד,pars,3,25
צד,latus,22,25
צד,obliquus,0,25
צד,costa,0,25
צד,humerus,1,25
צד,umerus,0,25
צד,crudus,0,25
צדה,penuarius,0,2
צדיק,iudicium,12,142
צדיק,iustus,136,142
צדיק,ius,0,142
צדיק,iustitia,14,142
צדיק,dexter,0,142
צדיק,aequitas,0,142
צדיק,aequus,0,142
צדיק,iustifico,4,142
צדיק,oportet,0,142
צדיק,pulcher,0,142
צדיק,mereo,0,142
צדיק,dignus,1,142
צדיק,rego,4,142
צדיקימ,iudicium,0,0
צדיקימ,iustus,0,0
צדיקימ,ius,0,0
צדיקימ,iustitia,0,0
צדיקימ,dexter,0,0
צדיקימ,aequitas,0,0
צדיקימ,aequus,0,0
צדיקימ,iustifico,0,0
צדיקימ,oportet,0,0
צדיקימ,pulcher,0,0
צדיקימ,mereo,0,0
צדיקימ,dignus,0,0
צדיקימ,rego,0,0
צדיקמ,iudicium,0,0
צדיקמ,iustus,0,0
צדיקמ,ius,0,0
צדיקמ,iustitia,0,0
צדיקמ,dexter,0,0
צדיקמ,aequitas,0,0
צדיקמ,aequus,0,0
צדיקמ,iustifico,0,0
צדיקמ,oportet,0,0
צדיקמ,pulcher,0,0
צדיקמ,mereo,0,0
צדיקמ,dignus,0,0
צדיקמ,rego,0,0
צדק,iudicium,15,98
צדק,iustus,47,98
צדק,ius,0,98
צדק,iustitia,32,98
צדק,dexter,1,98
צדק,aequitas,3,98
צדק,aequus,2,98
צדק,iustifico,17,98
צדק,oportet,0,98
צדק,pulcher,0,98
צדק,mereo,0,98
צדק,dignus,0,98
צדק,rego,2,98
צדקה,iudicium,38,112
צדקה,iustus,13,112
צדקה,ius,0,112
צדקה,iustitia,103,112
צדקה,dexter,0,112
צדקה,aequitas,2,112
צדקה,aequus,0,112
צדקה,iustifico,2,112
צדקה,oportet,0,112
צדקה,pulcher,0,112
צדקה,mereo,0,112
צדקה,dignus,0,112
צדקה,rego,0,112
צדקה,fas,0,112
צדקה,supplicium,0,112
צדקה,aptus,0,112
צדקה,uisito,0,112
צדקה,causa,1,112
צדקה,poena,0,112
צדקה,stips,0,112
צדקה,decretorius,0,112
צדקות,iudicium,0,0
צדקות,iustitia,0,0
צדקות,aequitas,0,0
צדקת,iudicium,0,0
צדקת,iustitia,0,0
צדקת,aequitas,0,0
צדקת,stips,0,0
צהר,doma,0,2
צהר,tectum,0,2
צהר,canna,0,2
צהר,tegulum,0,2
צהרים,meridies,13,19
צהרים,auster,0,19
צהרימ,meridies,0,0
צהרימ,auster,0,0
צו,imperatus,0,3
צו,dispono,0,3
צואר,ceruix,5,35
צואר,collum,27,35
צואר,fleo,3,35
צואר,lacrimo,0,35
צואר,ploro,0,35
צואר,fleui,0,35
צוד,uenor,2,13
צוה,impero,10,454
צוה,rego,1,454
צוה,dominor,1,454
צוה,incipio,0,454
צוה,coepio,0,454
צוה,duco,4,454
צוה,magistratus,0,454
צוה,princeps,12,454
צוה,praecipio,312,454
צוה,imperium,4,454
צוה,occipio,0,454
צוה,iubeo,24,454
צוה,honor,0,454
צוה,praesum,0,454
צוה,guberno,1,454
צוה,ordior,0,454
צוה,imperatus,0,454
צוה,mando,53,454
צוה,ordo,3,454
צוה,dispono,2,454
צוית,imperatus,0,0
צויתי,imperatus,0,0
צולה,profundum,1,1
צולה,alo,0,1
צולה,altitudo,0,1
צולה,altus,0,1
צולה,profundus,0,1
צולה,penitus,0,1
צולה,mare,0,1
צולה,pontus,0,1
צולה,pelagus,0,1
צולה,salum,0,1
צום,ieiuno,6,32
צום,tenacitas,0,32
צומ,tenacitas,0,0
צוף,fluo,0,7
צוף,decurro,0,7
צוץ,effloresco,0,3
צוץ,flos,0,3
צוק,hostis,1,11
צוק,inimicus,3,11
צוק,infestus,0,11
צוק,pressura,0,11
צוק,quadriennium,0,11
צוקה,uolo,1,3
צוקה,difficultas,0,3
צוקה,egestas,0,3
צוקה,uix,0,3
צוקה,paupertas,0,3
צוקה,difficilis,0,3
צוקה,dolor,0,3
צוקה,doleo,0,3
צוקה,quadriennium,0,3
צור,auxilium,0,96
צור,adiutus,0,96
צור,auxilior,0,96
צור,dea,0,96
צור,caelum,2,96
צור,caelus,0,96
צור,hercules,0,96
צור,deus,18,96
צור,deum,0,96
צור,dei,0,96
צור,deo,0,96
צור,numen,0,96
צור,diuus,0,96
צור,saxum,2,96
צור,rupes,1,96
צור,lapis,2,96
צור,petra,21,96
צור,scopulus,0,96
צור,caseus,0,96
צור,tutor,0,96
צור,praesidium,0,96
צור,custos,0,96
צורה,fabrico,0,1
צורה,facio,1,1
צורה,parito,0,1
צורנים,monile,0,1
צח,planus,0,4
צח,campus,0,4
צח,perspicuus,0,4
צח,delos,0,4
צח,manifestus,0,4
צח,clarus,1,4
צח,ostendo,0,4
צח,monstro,0,4
צח,exhibeo,0,4
צח,uideo,0,4
צח,appareo,0,4
צח,probo,0,4
צח,pareo,0,4
צח,aperio,0,4
צחיח,aspectus,0,4
צחק,rideo,3,12
צחק,ridere,0,12
צחק,risus,1,12
צחק,derideo,1,12
צחק,irrideo,0,12
צחק,ludus,0,12
צחק,ludo,4,12
צי,nauis,1,7
צי,puppis,0,7
צי,carina,0,7
צי,ratis,0,7
צי,classis,0,7
צי,uasum,0,7
צי,naui,0,7
צי,nauem,0,7
צי,nauicula,0,7
צי,scapha,0,7
ציד,uenatio,7,19
ציד,uenatus,0,19
ציד,uenator,2,19
ציד,benedico,5,19
צידה,penuarius,0,8
צידה,commeatus,0,8
צידה,opportunus,0,8
צידה,cibus,0,8
צידה,frumentum,0,8
צידה,seges,0,8
צידה,panis,1,8
צידה,frumentarius,0,8
צידה,triticum,1,8
צידה,granum,0,8
צידה,esca,0,8
צידון,sido,4,21
ציה,fluento,0,11
ציה,sitio,2,11
ציה,areo,1,11
ציון,quatio,0,115
ציון,concutio,0,115
ציון,quasso,0,115
ציץ,effloresco,0,14
ציץ,flos,5,14
ציץ,gloria,2,14
ציץ,fama,0,14
ציץ,sententia,0,14
ציץ,existimatio,0,14
ציץ,laus,0,14
ציץ,opinio,0,14
ציצ,flos,0,0
ציצ,maspetum,0,0
ציצה,flos,1,1
צל,munimentum,0,35
צל,umbra,26,35
צל,ceu,0,35
צל,uelut,1,35
צלח,uiaticulum,0,57
צלח,animus,0,57
צלח,spiritus,9,57
צלי,asso,1,3
צלי,artopticius,0,3
צלל,sido,0,7
צלם,imago,9,28
צלם,simulacrum,2,28
צלם,signum,0,28
צלם,effigies,0,28
צלם,statua,15,28
צלם,idolum,1,28
צלם,imaginis,0,28
צלם,umbra,0,28
צלם,similitudo,4,28
צלמ,statua,0,0
צלמ,signum,0,0
צלמ,similitudo,0,0
צלמ,simulacrum,0,0
צלמ,imago,0,0
צלמות,mors,10,13
צלמות,letum,0,13
צלמות,nex,0,13
צלמות,defunctus,0,13
צלמות,fatum,0,13
צלמות,mortis,0,13
צלמות,morte,0,13
צלמות,mortem,0,13
צלמות,umbra,7,13
צלע,altrouorsum,0,38
צלע,equidem,0,38
צלע,conuerto,0,38
צלע,uerto,0,38
צלע,dos,0,38
צלע,pars,3,38
צלע,latus,24,38
צלע,costa,3,38
צלע,quinquaginta,0,38
צלע,quindecim,1,38
צלע,quinque,7,38
צלפחד,populus,0,9
צלפחד,plebs,0,9
צלפחד,uulgus,0,9
צלפחד,terra,1,9
צלפחד,contio,0,9
צלפחד,communis,0,9
צלפחד,ecclesia,0,9
צלפחד,ager,0,9
צלפחד,praepinguis,0,9
צלפחד,unguinosus,0,9
צלפחד,morbus,0,9
צלפחד,pestis,0,9
צלפחד,lues,0,9
צלפחד,ualetudo,0,9
צלפחד,infirmitas,0,9
צמא,sitis,13,29
צמא,areo,1,29
צמא,sitio,15,29
צמאה,sitio,0,1
צמאה,areo,0,1
צמאונ,sitio,0,0
צמאונ,areo,0,0
צמד,bigae,0,18
צמה,uelaris,0,4
צמה,obnubo,0,4
צמוקים,panis,3,3
צמח,exsurgo,0,35
צמח,assurgo,0,35
צמחות,recresco,0,0
צמיד,periscelis,1,7
צמידימ,periscelis,0,0
צמר,lana,7,15
צמר,lanugino,0,15
צמר,uestis,2,15
צמר,uestimentum,3,15
צמר,pallium,0,15
צמר,toga,0,15
צמר,lepra,2,15
צמרת,imperium,0,5
צמרת,principium,0,5
צמרת,initium,0,5
צמרת,magistratus,0,5
צמרת,regnum,0,5
צמרת,honor,0,5
צמרת,ratio,0,5
צמרת,officium,0,5
צמרת,potestas,0,5
צמרת,uis,0,5
צמרת,primus,0,5
צמרת,altitudo,3,5
צמרת,magnitudo,0,5
צמרת,nubes,0,5
צמרת,nimbus,0,5
צמרת,nebula,0,5
צמרת,nubis,0,5
צמרת,nubila,0,5
צנה,clipeus,6,17
צנה,scutum,2,17
צנה,parma,0,17
צנה,hasta,5,17
צנה,telum,0,17
צנה,lancea,0,17
צנה,quiris,0,17
צנה,hastae,0,17
צנה,aegis,0,17
צנה,arma,1,17
צנה,bracchium,0,17
צנה,armo,1,17
צנוע,humilis,0,1
צנוע,humilio,0,1
צנצנת,piso,0,1
צעד,pello,0,18
צעד,ago,0,18
צעד,fugo,0,18
צעד,impello,0,18
צעד,iter,1,18
צעד,uia,5,18
צעד,semita,0,18
צעד,modus,0,18
צעד,martius,0,18
צעד,agmen,0,18
צעד,pergo,0,18
צעד,ager,0,18
צעד,seruio,0,18
צעד,expeditio,0,18
צעד,classis,0,18
צעד,procedo,0,18
צעיר,paruus,10,19
צעיר,exiguus,0,19
צעיר,paulum,0,19
צעיר,breuis,0,19
צעיר,modicus,0,19
צעיר,paulus,0,19
צעיר,iuuenis,1,19
צעיר,adulescens,0,19
צעיר,nouus,0,19
צעיר,puer,0,19
צעיר,adulescentia,0,19
צעיר,iuuentus,0,19
צעיר,iuuenta,0,19
צעיר,aetas,1,19
צעיר,paucus,0,19
צעיר,paene,0,19
צעיר,prope,0,19
צעיר,fere,0,19
צעיר,nuperus,0,19
צעיר,primogenitus,2,19
צעירה,ualidus,0,1
צעירה,fortis,0,1
צעירה,robustus,0,1
צעירה,firmus,0,1
צעירה,uehemens,0,1
צעירה,iuuenis,0,1
צעירה,adulescens,0,1
צעירה,nouus,0,1
צעירה,puer,0,1
צעירה,adulescentia,0,1
צעירה,iuuentus,0,1
צעירה,iuuenta,0,1
צעירה,aetas,1,1
צעירה,nuperus,0,1
צעק,clamo,31,48
צעק,uociferor,0,48
צעק,exclamo,3,48
צעק,clamor,1,48
צעקה,clamo,0,18
צעקה,uociferor,0,18
צעקה,exclamo,0,18
צעקה,clamor,16,18
צעקה,clamatus,0,18
צעקת,clamor,0,0
צעקת,clamatus,0,0
צפה,amplector,0,70
צפה,destino,0,70
צפון,arctus,0,133
צפון,ursa,0,133
צפון,ursus,0,133
צפון,aquilo,108,133
צפון,arctos,0,133
צפון,boreas,0,133
צפון,aquilonius,0,133
צפון,ortus,1,133
צפון,exortiuus,0,133
צפון,meridies,15,133
צפון,meridianus,3,133
צפון,australis,0,133
צפון,libonotus,0,133
צפון,auster,9,133
צפון,termino,0,133
צפון,porta,15,133
צפון,ianua,0,133
צפון,fores,0,133
צפון,limen,0,133
צפון,ostium,7,133
צפון,portae,0,133
צפור,auis,16,35
צפור,omen,0,35
צפור,uolucris,3,35
צפור,spinturnicium,0,35
צפור,trygona,0,35
צפור,gauia,0,35
צפור,ales,0,35
צפור,uolatilis,4,35
צפור,auicula,0,35
צפור,pullicenus,0,35
צפחת,urnula,0,7
צפחת,seria,0,7
צפחת,farinarius,0,7
צפחת,hasta,3,7
צפחת,telum,0,7
צפחת,lancea,0,7
צפחת,quiris,0,7
צפחת,hastae,0,7
צפחת,oleum,3,7
צפחת,olearius,0,7
צפחת,olearis,0,7
צפיה,specula,0,1
צפיה,uertex,0,1
צפיע,merda,0,0
צפיעה,folium,0,1
צפיעה,frons,0,1
צפיעה,frondeo,0,1
צפיר,hircinus,0,3
צפע,draco,0,1
צפע,serpens,0,1
צפע,anguis,0,1
צפע,coluber,1,1
צפעוני,clipeus,0,0
צפעוני,scutum,0,0
צפעוני,parma,0,0
צפעני,uipera,0,4
צפרדע,rana,7,8
צפרדע,calamites,0,8
צפרדע,famulus,0,8
צפרדע,minister,0,8
צפרדע,armiger,0,8
צפרדע,comes,0,8
צפרדע,seruus,3,8
צפרדע,puer,0,8
צפרדע,flumen,1,8
צפרדע,fluuius,2,8
צפרדע,amnis,0,8
צפרדעימ,rana,0,0
צפרדעימ,calamites,0,0
צפרי,trygona,0,0
צפרי,gauia,0,0
צפרן,ungula,0,2
צר,aduersarius,3,111
צר,hostis,30,111
צר,inimicus,11,111
צר,infestus,0,111
צר,uerutum,0,111
צר,angustio,0,111
צר,pressura,0,111
צר,saxum,0,111
צר,rupes,0,111
צר,lapis,3,111
צר,petra,3,111
צר,scopulus,0,111
צר,legatus,1,111
צר,orator,0,111
צר,senex,1,111
צר,uetus,0,111
צר,natus,0,111
צר,antiquus,2,111
צר,presbyter,0,111
צר,angustus,4,111
צר,artus,2,111
צר,caseus,0,111
צר,contrarius,0,111
צרבת,cicatrix,2,2
צרבת,cicatricula,0,2
צרה,uolo,1,47
צרה,difficultas,0,47
צרה,egestas,0,47
צרה,uix,0,47
צרה,paupertas,0,47
צרה,difficilis,0,47
צרה,pressura,0,47
צרה,dolor,3,47
צרה,doleo,0,47
צרופה,cremo,0,0
צרור,uinculum,0,9
צרור,catena,0,9
צרור,nodus,0,9
צרור,sacculus,2,9
צרות,pressura,0,0
צרימ,saxum,0,0
צרימ,rupes,0,0
צרימ,lapis,0,0
צרימ,petra,0,0
צרימ,scopulus,0,0
צרע,dimitto,0,18
צרע,relinquo,0,18
צרע,absoluo,0,18
צרע,libero,0,18
צרע,ignosco,0,18
צרע,permitto,0,18
צרע,scabiosus,0,18
צרע,phocis,0,18
צרעה,populus,0,13
צרעה,plebs,0,13
צרעה,uulgus,0,13
צרעה,terra,1,13
צרעה,contio,0,13
צרעה,communis,0,13
צרעה,ecclesia,0,13
צרעה,ager,0,13
צרעה,praepinguis,0,13
צרעה,unguinosus,0,13
צרעת,dimitto,1,33
צרעת,relinquo,0,33
צרעת,absoluo,0,33
צרעת,libero,0,33
צרעת,ignosco,0,33
צרעת,permitto,0,33
צרעת,cutis,6,33
צרעת,pellis,0,33
צרעת,corium,0,33
צרעת,tergus,0,33
צרעת,abscondo,0,33
צרעת,membrana,0,33
צרעת,lepra,27,33
צרעת,albus,3,33
צרעת,candidus,0,33
צרעת,lelepris,0,33
צרעת,ophthalmias,0,33
צרף,tabeo,0,19
צרף,pecunia,0,19
צרף,argenteus,2,19
צרף,nummus,0,19
צרף,argentum,6,19
צרף,aurum,5,19
צרף,aureus,0,19
צרר,hostis,7,33
צרר,inimicus,3,33
צרר,infestus,0,33
צרר,pressura,0,33
צררו,bellor,0,0
צררו,pugno,0,0
צררו,gero,0,0
צררו,bellum,0,0
צרת,pressura,0,2
קאמי,sisto,0,0
קאמי,sto,0,0
קאמי,constituo,0,0
קאמי,erigo,0,0
קאמינ,sisto,0,0
קאמינ,sto,0,0
קאמינ,constituo,0,0
קאמינ,erigo,0,0
קבב,ergo,1,12
קבב,igitur,0,12
קבב,maledictio,0,12
קבב,prex,0,12
קבב,tum,0,12
קבב,huc,0,12
קבב,aliubi,0,12
קבורה,sepulcrum,13,16
קבורה,monumentum,1,16
קבורה,tumulus,0,16
קבורה,bustum,0,16
קבורה,funus,0,16
קבורה,sepelio,6,16
קבורה,condo,1,16
קבורה,insepultus,0,16
קבורה,memoria,0,16
קבל,quando,1,32
קבל,post,2,32
קבל,quoniam,1,32
קבל,quoad,0,32
קבל,quantulus,0,32
קבל,suscipio,6,32
קבל,mos,0,32
קבל,iter,0,32
קבל,modus,0,32
קבל,existimatio,0,32
קבל,fama,0,32
קבל,lura,0,32
קבל,uia,0,32
קבע,ducto,0,3
קבע,fallo,0,3
קבע,decipio,0,3
קבע,mentior,0,3
קבע,mendacium,0,3
קבע,iaceo,0,3
קבע,dormio,0,3
קבעת,potorius,0,2
קבעת,rhytium,0,2
קבץ,congrego,83,111
קבץ,colligo,6,111
קבץ,simul,4,111
קבצ,congrego,0,0
קבצ,simul,0,0
קבצ,colligo,0,0
קבר,sepelio,110,156
קבר,condo,2,156
קבר,funus,0,156
קבר,insepultus,0,156
קבר,monumentum,2,156
קבר,sepulcrum,57,156
קבר,tropaeum,0,156
קבר,tumulus,5,156
קבר,bustum,0,156
קברו,sepelio,0,0
קברו,condo,0,0
קברו,funus,0,0
קברו,insepultus,0,0
קברימ,monumentum,0,0
קברימ,memoria,0,0
קברימ,sepulcrum,0,0
קברימ,tumulus,0,0
קברימ,bustum,0,0
קברת,monumentum,0,0
קברת,sepulcrum,0,0
קברת,tropaeum,0,0
קברת,tumulus,0,0
קברת,bustum,0,0
קברת,funus,0,0
קדד,prono,0,15
קדד,adoro,15,15
קדד,colo,0,15
קדד,basio,0,15
קדוש,sacer,0,86
קדוש,sanctus,78,86
קדוש,sancio,0,86
קדוש,lygos,0,86
קדוש,pudicus,0,86
קדוש,diuinus,0,86
קדוש,templum,1,86
קדוש,aedes,0,86
קדוש,fanum,0,86
קדוש,delubrum,0,86
קדוש,iustus,1,86
קדוש,pietas,0,86
קדוש,impius,1,86
קדוש,pius,0,86
קדוש,legitimus,0,86
קדים,ortus,2,61
קדים,exortiuus,0,61
קדים,aurora,0,61
קדים,eos,0,61
קדים,lux,1,61
קדים,orientalis,16,61
קדים,matutinus,0,61
קדים,mane,1,61
קדים,meridies,3,61
קדים,meridianus,1,61
קדים,australis,0,61
קדים,libonotus,0,61
קדים,auster,1,61
קדים,termino,0,61
קדים,porta,17,61
קדים,ianua,0,61
קדים,fores,0,61
קדים,limen,2,61
קדים,ostium,1,61
קדים,portae,0,61
קדימ,meridies,0,0
קדימ,meridianus,0,0
קדימ,australis,0,0
קדימ,libonotus,0,0
קדימ,auster,0,0
קדיש,nuntius,0,0
קדיש,legatus,0,0
קדיש,angelus,0,0
קדיש,sacer,0,0
קדיש,sanctus,0,0
קדיש,sancio,0,0
קדיש,lygos,0,0
קדיש,pudicus,0,0
קדיש,diuinus,0,0
קדיש,templum,0,0
קדיש,aedes,0,0
קדיש,fanum,0,0
קדיש,delubrum,0,0
קדיש,iustus,0,0
קדיש,pietas,0,0
קדיש,impius,0,0
קדיש,pius,0,0
קדיש,legitimus,0,0
קדישי,sacer,0,0
קדישי,sanctus,0,0
קדישי,sancio,0,0
קדישינ,sacer,0,0
קדישינ,sanctus,0,0
קדישינ,sancio,0,0
קדם,frons,0,101
קדם,praeduco,0,101
קדם,linea,0,101
קדם,ante,2,101
קדם,praefero,0,101
קדם,ortus,1,101
קדם,exortiuus,0,101
קדמ,ortus,0,0
קדמ,exortiuus,0,0
קדמ,uetus,0,0
קדמ,senex,0,0
קדמ,antiquus,0,0
קדמ,imperium,0,0
קדמ,principium,0,0
קדמ,initium,0,0
קדמ,magistratus,0,0
קדמ,regnum,0,0
קדמ,honor,0,0
קדמ,ratio,0,0
קדמ,officium,0,0
קדמ,potestas,0,0
קדמ,uis,0,0
קדמ,primus,0,0
קדמ,rex,0,0
קדמ,tyrannus,0,0
קדמ,dominus,0,0
קדמ,princeps,0,0
קדמ,regis,0,0
קדמ,regem,0,0
קדמ,regi,0,0
קדמ,sol,0,0
קדמ,phoebus,0,0
קדמ,solis,0,0
קדמ,dea,0,0
קדמ,caelum,0,0
קדמ,caelus,0,0
קדמ,hercules,0,0
קדמ,deus,0,0
קדמ,deum,0,0
קדמ,dei,0,0
קדמ,deo,0,0
קדמ,numen,0,0
קדמ,diuus,0,0
קדמ,uultus,0,0
קדמ,facies,0,0
קדמ,os,0,0
קדמ,ora,0,0
קדמ,persona,0,0
קדמ,prior,0,0
קדמ,olim,0,0
קדמ,superus,0,0
קדמ,quondam,0,0
קדמ,antea,0,0
קדמ,pristinus,0,0
קדמה,frons,0,8
קדמה,praeduco,0,8
קדמה,linea,0,8
קדמה,ante,1,8
קדמה,praefero,0,8
קדמה,imperium,0,8
קדמה,principium,1,8
קדמה,initium,1,8
קדמה,magistratus,0,8
קדמה,regnum,0,8
קדמה,honor,0,8
קדמה,ratio,0,8
קדמה,officium,0,8
קדמה,potestas,0,8
קדמה,uis,0,8
קדמה,primus,0,8
קדמו,uultus,0,0
קדמו,facies,0,0
קדמו,os,0,0
קדמו,ora,0,0
קדמו,persona,0,0
קדמון,matutinus,0,1
קדמי,imperium,0,0
קדמי,principium,0,0
קדמי,initium,0,0
קדמי,magistratus,0,0
קדמי,regnum,0,0
קדמי,honor,0,0
קדמי,ratio,0,0
קדמי,officium,0,0
קדמי,potestas,0,0
קדמי,uis,0,0
קדמי,primus,0,0
קדמי,prior,0,0
קדמי,olim,0,0
קדמי,superus,0,0
קדמי,quondam,0,0
קדמי,antea,0,0
קדמי,pristinus,0,0
קדמני,primus,1,10
קדמני,capularis,0,10
קדמת,frons,0,0
קדמת,praeduco,0,0
קדקד,uertex,9,9
קדקד,cacumen,0,9
קדקד,culmen,0,9
קדקד,iugum,0,9
קדקד,summus,0,9
קדקד,arx,0,9
קדקד,uerticis,0,9
קדר,sol,4,22
קדר,phoebus,0,22
קדר,solis,0,22
קדרון,torrens,6,10
קדרון,puluero,0,10
קדש,sacer,1,492
קדש,sanctus,153,492
קדש,sancio,4,492
קדש,sanctitudo,0,492
קדשה,prostibilis,0,0
קדשימ,sacer,0,0
קדשימ,sanctus,0,0
קדשימ,sancio,0,0
קהל,contio,2,141
קהל,concilium,1,141
קהל,multitudo,48,141
קהל,coitus,3,141
קהל,ecclesia,18,141
קהל,synagoga,1,141
קהל,educatus,0,141
קהת,populus,1,27
קהת,plebs,0,27
קהת,uulgus,0,27
קהת,terra,1,27
קהת,contio,0,27
קהת,communis,0,27
קהת,ecclesia,0,27
קהת,ager,0,27
קהת,praepinguis,0,27
קהת,unguinosus,0,27
קהתי,populus,3,15
קהתי,plebs,0,15
קהתי,uulgus,0,15
קהתי,terra,0,15
קהתי,contio,0,15
קהתי,communis,0,15
קהתי,ecclesia,0,15
קהתי,ager,0,15
קהתי,praepinguis,0,15
קהתי,unguinosus,0,15
קו,linea,1,15
קו,spes,1,15
קו,spero,0,15
קו,exspectatio,0,15
קו,ordo,0,15
קו,acies,0,15
קו,iubeo,0,15
קו,frons,0,15
קו,dignitas,0,15
קו,postis,0,15
קו,fero,0,15
קו,patior,0,15
קו,maneo,0,15
קו,phalanx,0,15
קו,metior,1,15
קובע,galea,2,2
קובע,arietinus,0,2
קודש,sacer,0,0
קודש,sanctus,0,0
קודש,sancio,0,0
קוה,congrego,2,31
קוה,colligo,0,31
קוה,simul,0,31
קוה,iudicium,4,31
קוה,saluus,0,31
קוה,tueor,0,31
קוה,salutaris,0,31
קוה,saluator,1,31
קוה,salus,2,31
קוו,fero,0,0
קוו,patior,0,0
קוו,maneo,0,0
קוט,studium,1,4
קוט,suetudo,0,4
קוי,fero,0,1
קוי,patior,0,1
קוי,maneo,0,1
קוינו,spes,0,0
קוינו,exspecto,0,0
קוינו,spero,0,0
קויתי,fero,0,0
קויתי,patior,0,0
קויתי,maneo,0,0
קול,clamor,22,366
קול,clamatus,0,366
קול,persono,1,366
קול,uerbum,19,366
קול,uox,268,366
קום,surgo,230,563
קום,exsurgo,0,563
קומ,surgo,0,0
קומ,exsurgo,0,0
קומ,sisto,0,0
קומ,sto,0,0
קומ,constituo,0,0
קומ,erigo,0,0
קומ,quotiens,0,0
קומ,quoniam,0,0
קומה,altus,1,43
קומה,summus,0,43
קומה,supremus,0,43
קומה,arx,0,43
קומה,altitudo,35,43
קומה,surgo,0,43
קומה,exsurgo,0,43
קומה,magnitudo,0,43
קומה,decem,9,43
קומה,deni,0,43
קומה,cubitus,0,43
קומה,cubitum,25,43
קומו,surgo,0,0
קומו,exsurgo,0,0
קומי,surgo,0,0
קומי,exsurgo,0,0
קומת,altitudo,0,0
קומת,magnitudo,0,0
קומת,arx,0,0
קוף,simia,2,2
קוץ,spina,9,26
קוצ,spina,0,0
קוצרימ,meto,0,0
קוצרימ,demeto,0,0
קור,fodio,1,4
קור,perfosso,0,4
קורא,ascyron,0,0
קח,capio,0,0
קח,sumo,0,0
קח,accipio,0,0
קח,recipio,0,0
קח,impetro,0,0
קח,excipio,0,0
קחו,capio,0,0
קחו,sumo,0,0
קחו,accipio,0,0
קחו,recipio,0,0
קחו,impetro,0,0
קחו,excipio,0,0
קחי,capio,0,0
קחי,sumo,0,0
קחי,accipio,0,0
קחי,recipio,0,0
קחי,impetro,0,0
קחי,excipio,0,0
קחת,capio,0,0
קחת,sumo,0,0
קחת,accipio,0,0
קחת,recipio,0,0
קחת,impetro,0,0
קחת,excipio,0,0
קטב,mordeo,0,3
קטב,morsus,2,3
קטב,stimulus,0,3
קטל,caedes,0,6
קטל,plago,0,6
קטל,sanguis,0,6
קטל,mors,0,6
קטל,occaedes,0,6
קטל,interfacio,3,6
קטל,interfectrix,0,6
קטן,paruus,66,105
קטן,breuis,0,105
קטן,minoro,0,105
קטן,saltem,0,105
קטן,exiguus,0,105
קטן,paulum,0,105
קטן,modicus,2,105
קטן,paulus,0,105
קטן,paucus,1,105
קטן,paene,0,105
קטן,prope,0,105
קטן,fere,0,105
קטן,iuuenis,4,105
קטן,adulescens,0,105
קטן,nouus,1,105
קטן,puer,7,105
קטן,adulescentia,0,105
קטן,iuuentus,0,105
קטן,iuuenta,0,105
קטן,aetas,0,105
קטנ,paruus,0,0
קטנ,minoro,0,0
קטנ,exiguus,0,0
קטנ,paulum,0,0
קטנ,breuis,0,0
קטנ,modicus,0,0
קטנ,paulus,0,0
קטנ,iuuenis,0,0
קטנ,adulescens,0,0
קטנ,nouus,0,0
קטנ,puer,0,0
קטנ,adulescentia,0,0
קטנ,iuuentus,0,0
קטנ,iuuenta,0,0
קטנ,aetas,0,0
קטנ,nuperus,0,0
קטנה,paruus,0,0
קטנה,exiguus,0,0
קטנה,paulum,0,0
קטנה,breuis,0,0
קטנה,modicus,0,0
קטנה,paulus,0,0
קטנה,iuuenis,0,0
קטנה,adulescens,0,0
קטנה,nouus,0,0
קטנה,puer,0,0
קטנה,adulescentia,0,0
קטנה,iuuentus,0,0
קטנה,iuuenta,0,0
קטנה,aetas,0,0
קטר,fumus,1,111
קטר,fumo,0,111
קטר,impono,0,111
קטר,impetus,0,111
קטר,oppugno,0,111
קטר,olfactus,0,111
קטר,odor,15,111
קטר,odoratus,0,111
קטרת,acerra,0,56
קטרת,compositio,1,56
קטרת,decem,12,56
קטרת,deni,1,56
קטרת,plenus,13,56
קטרת,aureus,15,56
קטרת,aurum,2,56
קיט,aestas,0,1
קיט,aestiuus,1,1
קיטור,fumus,1,1
קיטור,fumo,0,1
קים,aduersarius,0,1
קימ,seditio,0,0
קימ,discordia,0,0
קימ,ciuilis,0,0
קימ,factio,0,0
קימ,tumultus,0,0
קימ,status,0,0
קימינ,sisto,0,0
קימינ,sto,0,0
קימינ,constituo,0,0
קימינ,erigo,0,0
קין,gigno,1,24
קין,pario,4,24
קין,fero,2,24
קין,genero,0,24
קינה,querimonia,0,16
קינן,genero,0,6
קיץ,aestas,6,30
קיץ,aestiuus,1,30
קיץ,uinum,5,30
קיץ,bacchus,0,30
קיץ,uini,0,30
קיצ,aestas,0,0
קיצ,aestiuus,0,0
קיצ,palma,0,0
קיקלון,pudor,0,0
קיקלון,turpis,0,0
קיקלון,erubesco,0,0
קיקלון,opprobrium,0,0
קיקלון,probrum,0,0
קיקלון,dedecus,0,0
קיקלון,exprobro,0,0
קיר,murus,13,72
קיר,paries,50,72
קיר,moenia,0,72
קיר,costa,0,72
קירות,uideor,0,0
קירות,puto,0,0
קירות,existimo,0,0
קירות,uideo,0,0
קירות,credo,0,0
קירות,sententia,0,0
קירות,appareo,0,0
קירות,opinio,0,0
קירות,iudicium,0,0
קירות,censeo,0,0
קירות,sentio,0,0
קירות,existimatio,0,0
קיש,curculiunculus,0,17
קיש,istuc,0,17
קיתרוס,cithara,0,0
קיתרוס,lyra,0,0
קיתרס,cithara,0,0
קיתרס,lyra,0,0
קל,uerbum,0,16
קל,uox,0,16
קל,leuis,3,16
קל,lux,0,16
קל,lumen,0,16
קלה,asso,0,9
קלה,artopticius,0,9
קלו,praedelasso,0,0
קלון,humilito,0,15
קלונ,humilito,0,0
קלות,uerbum,0,0
קלות,uox,0,0
קלחת,focus,0,2
קלחת,tripus,0,2
קלחת,tripedaneus,0,2
קלחת,tripedalis,0,2
קלי,hordeum,1,6
קלי,ptisana,0,6
קלל,maledictio,3,74
קלל,detesto,0,74
קללה,ergo,2,31
קללה,igitur,0,31
קללה,maledictio,22,31
קללה,prex,0,31
קללה,tum,0,31
קללה,benedictio,8,31
קללת,maledictio,0,0
קלע,iudicium,0,29
קלע,atrium,8,29
קלע,aula,0,29
קלע,uelum,1,29
קלע,carbasus,0,29
קלע,uelifico,0,29
קלע,ueli,0,29
קלע,altrouorsum,0,29
קלע,cubitus,0,29
קלע,cubitum,6,29
קלע,phalangae,0,29
קלע,aurum,1,29
קלע,aureus,1,29
קלעי,uelum,0,0
קלעי,carbasus,0,0
קלעי,uelifico,0,0
קלעי,ueli,0,0
קלעימ,uelum,0,0
קלעימ,carbasus,0,0
קלעימ,uelifico,0,0
קלעימ,ueli,0,0
קלשון,fuscina,0,1
קלת,uerbum,0,0
קלת,uox,0,0
קמ,surgo,0,0
קמ,exsurgo,0,0
קמו,surgo,0,0
קמו,exsurgo,0,0
קמח,farinarius,0,13
קמח,hordeum,1,13
קמח,ptisana,0,13
קמח,oleum,4,13
קמח,olearius,0,13
קמח,olearis,0,13
קמץ,mnemosynon,0,5
קמת,altitudo,0,0
קמת,arx,0,0
קנא,inuidia,0,30
קנא,aemulatio,1,30
קנא,zelus,8,30
קנא,aemulatus,0,30
קנא,aemulator,4,30
קנא,inuideo,3,30
קנא,aemulor,0,30
קנאה,inuidia,4,36
קנאה,aemulatio,2,36
קנאה,zelus,16,36
קנאה,aemulatus,0,36
קנאה,liuor,0,36
קנאה,inuideo,0,36
קנאה,animus,1,36
קנאה,spiritus,3,36
קנאה,furor,6,36
קנאה,ira,4,36
קנאה,cor,4,36
קנאה,pectus,0,36
קנאה,amor,1,36
קנאה,mens,0,36
קנאה,libido,0,36
קנאה,pectoralis,0,36
קנאה,animi,0,36
קנה,harundo,0,112
קנה,calamus,27,112
קנה,paro,0,112
קנה,acquiro,2,112
קנה,possideo,16,112
קנה,possessio,8,112
קנה,condo,0,112
קנה,fundo,1,112
קנה,aedifico,3,112
קנה,culmus,2,112
קנוא,inuideo,0,2
קנוא,inuidia,0,2
קנוא,liuor,0,2
קנות,paro,0,0
קנות,acquiro,0,0
קנות,possideo,0,0
קנות,possessio,0,0
קנין,probata,0,8
קניתי,paro,0,0
קניתי,acquiro,0,0
קניתי,possideo,0,0
קניתי,possessio,0,0
קסם,diuinatio,7,26
קסם,oraculum,0,26
קסם,cassus,0,26
קסם,propheta,9,26
קסם,expositor,0,26
קסם,fallo,0,26
קסמימ,oraculum,0,0
קסת,cingulum,0,3
קסת,balteus,0,3
קסת,zona,0,3
קסת,lumbus,1,3
קסת,tripedalis,0,3
קעילה,syron,0,16
קערה,tabula,0,17
קערה,argenteus,13,17
קערה,argentum,1,17
קערה,septuaginta,13,17
קערה,septuageni,0,17
קערה,centum,13,17
קערה,haustus,0,17
קערה,attractus,0,17
קערה,cymbium,0,17
קערה,patera,0,17
קערה,phiala,0,17
קערה,calix,0,17
קפד,echinus,0,3
קץ,nuntius,0,43
קץ,legatus,0,43
קץ,angelus,0,43
קץ,redeo,0,43
קץ,reuorto,0,43
קץ,uenio,9,43
קץ,tempus,4,43
קץ,occasio,0,43
קץ,facultas,0,43
קץ,potestas,0,43
קץ,finis,13,43
קץ,terminus,0,43
קץ,ultimo,0,43
קצ,tempus,0,0
קצ,occasio,0,0
קצ,facultas,0,0
קצ,potestas,0,0
קצ,equidem,0,0
קצ,conuerto,0,0
קצ,uerto,0,0
קצ,dos,0,0
קצ,pars,0,0
קצ,finis,0,0
קצ,terminus,0,0
קצ,ultimo,0,0
קצ,exitus,0,0
קצ,euentus,0,0
קצ,legio,0,0
קצ,extremus,0,0
קצ,posterus,0,0
קצ,denique,0,0
קצ,nouissimus,0,0
קצב,seco,0,5
קצב,caedo,0,5
קצב,scindo,0,5
קצב,caesa,0,5
קצה,uertex,1,115
קצה,multitudo,3,115
קצה,numero,0,115
קצה,numerus,0,115
קצה,extremus,31,115
קצה,ultimus,0,115
קצה,nouissimus,4,115
קצה,denique,0,115
קצה,posterus,1,115
קצה,equidem,0,115
קצה,conuerto,1,115
קצה,uerto,0,115
קצה,dos,0,115
קצה,pars,23,115
קצה,finis,20,115
קצה,terminus,10,115
קצה,ultimo,0,115
קצוי,finis,0,0
קצוי,terminus,0,0
קצוי,ultimo,0,0
קצות,uertex,0,2
קצות,equidem,0,2
קצות,conuerto,0,2
קצות,uerto,0,2
קצות,dos,0,2
קצות,pars,0,2
קצין,praesertim,0,12
קצין,princeps,11,12
קצין,magnus,0,12
קצין,dux,2,12
קצין,praecipuus,0,12
קצין,maximus,0,12
קצין,fundator,0,12
קצינ,fundator,0,0
קצינ,praetor,0,0
קציר,messio,1,47
קציר,ager,5,47
קציר,fundus,0,47
קציר,campus,0,47
קציר,praedium,0,47
קציר,uilla,0,47
קציר,triticum,3,47
קצע,praecido,0,4
קצע,abscido,0,4
קצע,caesa,0,4
קצף,ira,16,58
קצף,furor,7,58
קצף,iracundia,3,58
קצפ,animus,0,0
קצפ,spiritus,0,0
קצפ,furor,0,0
קצפ,ira,0,0
קצפ,cor,0,0
קצפ,pectus,0,0
קצפ,amor,0,0
קצפ,mens,0,0
קצפ,libido,0,0
קצפ,pectoralis,0,0
קצפ,animi,0,0
קצפ,iracundia,0,0
קצפה,oliua,0,1
קצץ,seco,0,12
קצץ,caedo,1,12
קצץ,scindo,0,12
קצץ,caesa,0,12
קצץ,pedum,0,12
קצץ,pedes,0,12
קצץ,pes,3,12
קצר,ager,7,45
קצר,fundus,0,45
קצר,campus,0,45
קצר,praedium,0,45
קצר,uilla,0,45
קצרה,praeualeo,0,0
קצרימ,meto,0,0
קצרימ,demeto,0,0
קצת,equidem,0,7
קצת,conuerto,0,7
קצת,uerto,0,7
קצת,dos,0,7
קצת,pars,2,7
קר,frigidus,2,3
קר,frigus,1,3
קר,gelidus,0,3
קר,algidus,0,3
קר,frigor,0,3
קרא,clamo,63,763
קרא,uociferor,2,763
קרא,exclamo,5,763
קרא,clamor,5,763
קרא,inuoco,47,763
קרא,cognominis,0,763
קרא,appello,38,763
קרא,nomino,4,763
קרא,nomen,168,763
קרא,inuito,3,763
קרא,uoco,343,763
קרא,loquor,48,763
קרא,fabulor,0,763
קרא,dico,229,763
קרא,aio,83,763
קרא,saluto,2,763
קראה,appello,0,0
קראה,nomino,0,0
קראה,nomen,0,0
קראה,inuito,0,0
קראה,uoco,0,0
קראו,inuoco,0,0
קראו,appello,0,0
קראו,nomino,0,0
קראו,nomen,0,0
קראו,inuito,0,0
קראו,uoco,0,0
קראימ,arcessitus,0,0
קראימ,uocatus,0,0
קראנ,appello,0,0
קראנ,nomino,0,0
קראנ,nomen,0,0
קראנ,inuito,0,0
קראנ,uoco,0,0
קראת,occurro,0,0
קראת,contradictio,0,0
קראת,hostis,0,0
קראת,contrarius,0,0
קראת,inimicus,0,0
קראת,facies,0,0
קראת,oppono,0,0
קראת,praesens,0,0
קראת,contra,0,0
קראת,inquam,0,0
קראת,appello,0,0
קראת,nomino,0,0
קראת,nomen,0,0
קראת,inuito,0,0
קראת,uoco,0,0
קראת,occursorius,0,0
קראתי,appello,0,0
קראתי,nomino,0,0
קראתי,nomen,0,0
קראתי,inuito,0,0
קראתי,uoco,0,0
קרב,frater,19,444
קרב,germanus,0,444
קרב,ipse,15,444
קרב,sui,17,444
קרב,attulo,0,444
קרב,interior,0,444
קרב,intus,0,444
קרב,intra,5,444
קרב,animus,0,444
קרב,mens,1,444
קרב,cor,19,444
קרב,cordis,0,444
קרב,pectus,0,444
קרב,uterus,2,444
קרב,praecordia,1,444
קרב,medius,89,444
קרב,medion,0,444
קרב,centrum,0,444
קרב,medio,0,444
קרב,bellum,2,444
קרב,mars,0,444
קרב,arma,1,444
קרב,acies,2,444
קרב,bello,0,444
קרב,pugna,4,444
קרב,belli,0,444
קרב,proelium,3,444
קרב,accedo,50,444
קרב,appropinquo,17,444
קרבה,accedo,0,1
קרבה,appropinquo,1,1
קרבו,attulo,0,0
קרבימ,attulo,0,0
קרבן,sacrificium,24,78
קרבן,oblatio,35,78
קרבן,donum,0,78
קרבן,munus,3,78
קרבן,praemium,0,78
קרבן,praesens,0,78
קרבן,datus,0,78
קרבן,oleum,19,78
קרבן,olearius,0,78
קרבן,olearis,0,78
קרבן,offertor,17,78
קרבן,porto,1,78
קרדם,securis,3,4
קרדם,securifer,0,4
קרה,occurro,6,31
קרוב,attulo,0,62
קרוב,iuxta,13,62
קרוב,fere,0,62
קרוב,prope,15,62
קרוב,perpropinquus,0,62
קרוב,paene,0,62
קרובה,iuxta,0,0
קרובה,fere,0,0
קרובה,prope,0,0
קרחה,calueo,0,11
קרחה,praecaluus,0,11
קרחה,cilicium,4,11
קרחה,saccus,2,11
קרחימ,filius,0,0
קרחימ,natus,0,0
קרחימ,gnatus,0,0
קרחימ,progenies,0,0
קרחימ,proles,0,0
קרחימ,nascor,0,0
קרחימ,filium,0,0
קרחימ,filii,0,0
קרחימ,filio,0,0
קרי,responso,0,7
קרי,oppono,0,7
קרי,latus,0,7
קרי,obliquus,0,7
קריאה,pronuntiatio,0,1
קריאה,nuntio,0,1
קריאה,pronuntio,0,1
קריאה,declaro,0,1
קריאה,praedico,1,1
קריאה,praeco,0,1
קריה,urbs,14,66
קריה,oppidum,4,66
קריה,ciuitas,36,66
קריה,moenia,0,66
קריה,publicus,0,66
קריה,athenae,0,66
קריה,municipium,0,66
קריה,urbem,0,66
קריה,urbis,0,66
קריה,urbanus,0,66
קרית,urbs,0,0
קרית,ciuitas,0,0
קרית,oppidum,0,0
קרית,moenia,0,0
קרית,publicus,0,0
קרית,athenae,0,0
קרית,municipium,0,0
קרית,urbem,0,0
קרית,urbis,0,0
קרן,ala,0,56
קרן,columna,0,56
קרן,penna,0,56
קרן,cornu,42,56
קרן,impono,0,56
קרן,impetus,0,56
קרן,oppugno,0,56
קרנ,sententia,0,0
קרנ,glorifico,0,0
קרנ,opinor,0,0
קרנ,ala,0,0
קרנ,columna,0,0
קרנ,penna,0,0
קרנ,cornu,0,0
קרנ,tuba,0,0
קרנ,lituus,0,0
קרנ,bucina,0,0
קרנ,tubula,0,0
קרנא,tuba,0,0
קרנא,lituus,0,0
קרנא,bucina,0,0
קרנא,tubula,0,0
קרנות,ala,0,0
קרנות,columna,0,0
קרנות,penna,0,0
קרנות,cornu,0,0
קרני,ala,0,0
קרני,columna,0,0
קרני,penna,0,0
קרני,cornu,0,0
קרנימ,ala,0,0
קרנימ,columna,0,0
קרנימ,penna,0,0
קרנימ,cornu,0,0
קרנינ,ala,0,0
קרנינ,columna,0,0
קרנינ,penna,0,0
קרנינ,cornu,0,0
קרנת,ala,0,0
קרנת,columna,0,0
קרנת,penna,0,0
קרנת,cornu,0,0
קרס,hamus,0,9
קרס,harpaga,0,9
קרס,falx,0,9
קרס,scalprum,0,9
קרסל,sextarius,0,1
קרע,lacrima,0,59
קרע,fletus,0,59
קרע,fleo,0,59
קרע,lacrimae,0,59
קרע,uestis,12,59
קרע,uestimentum,21,59
קרע,pallium,4,59
קרע,toga,0,59
קרעים,uestis,0,4
קרעים,uestimentum,1,4
קרעים,pallium,1,4
קרעים,toga,0,4
קרקע,pauimentum,5,7
קרקע,humus,0,7
קרר,murus,1,2
קרר,paries,0,2
קרר,moenia,0,2
קרר,costa,0,2
קרש,equidem,0,34
קרש,conuerto,0,34
קרש,uerto,0,34
קרש,dos,0,34
קרש,pars,2,34
קרש,sera,0,34
קרש,uectis,1,34
קרש,phalangae,0,34
קרש,aureus,2,34
קרש,aurum,0,34
קרת,urbs,1,5
קרת,oppidum,0,5
קרת,ciuitas,4,5
קרת,moenia,1,5
קרת,publicus,0,5
קרת,athenae,0,5
קרת,municipium,0,5
קרת,urbem,0,5
קרת,urbis,0,5
קרת,urbanus,0,5
קש,culmus,0,14
קש,flamma,4,14
קש,ignis,5,14
קשב,opera,0,42
קשב,adhibeo,0,42
קשה,durus,30,57
קשה,rigidus,0,57
קשה,edurus,0,57
קשה,rigoratus,0,57
קשוה,urnula,0,6
קשוה,seria,0,6
קשות,durus,0,0
קשות,rigidus,0,0
קשות,edurus,0,0
קשט,etenim,0,2
קשט,uerus,0,2
קשט,hercules,0,2
קשט,ueritas,1,2
קשט,arcus,0,2
קשט,sagitta,0,2
קשקשת,cataphractes,0,7
קשקשת,flabellum,0,7
קשר,durus,0,49
קשר,rigidus,0,49
קשר,edurus,0,49
קשש,congrego,0,6
קשש,colligo,5,6
קשש,simul,0,6
קשש,silua,0,6
קשש,tignum,0,6
קשש,materia,0,6
קשש,lignum,3,6
קשת,sagitta,16,64
קשת,sagitto,0,64
קשת,arcus,45,64
קשת,sagittarius,4,64
קתרוס,cithara,0,0
קתרוס,lyra,0,0
קתרס,cithara,4,4
קתרס,lyra,0,4
רא,uideo,0,0
רא,cerno,0,0
רא,conspicio,0,0
רא,aspicio,0,0
רא,animaduerto,0,0
רא,obseruo,0,0
ראה,specio,0,1092
ראה,respicio,24,1092
ראה,nosco,11,1092
ראה,cognosco,12,1092
ראה,scio,25,1092
ראה,intellego,19,1092
ראה,scientia,2,1092
ראה,statuo,2,1092
ראה,ecce,88,1092
ראה,uideo,725,1092
ראה,cerno,29,1092
ראה,conspicio,6,1092
ראה,aspicio,20,1092
ראה,animaduerto,2,1092
ראה,obseruo,2,1092
ראו,specio,0,0
ראו,respicio,0,0
ראו,uideo,0,0
ראו,cerno,0,0
ראו,conspicio,0,0
ראו,aspicio,0,0
ראו,animaduerto,0,0
ראו,obseruo,0,0
ראובני,agnos,0,17
ראובני,agnus,0,17
ראובני,dimidius,3,17
ראובני,dimidio,0,17
ראובני,semifer,0,17
ראובני,dimidium,2,17
ראות,specio,0,0
ראות,respicio,0,0
ראות,uideo,0,0
ראות,cerno,0,0
ראות,conspicio,0,0
ראות,aspicio,0,0
ראות,animaduerto,0,0
ראות,obseruo,0,0
ראי,specio,0,8
ראי,respicio,0,8
ראי,cernentia,0,8
ראי,tuor,0,8
ראי,uideo,4,8
ראי,cerno,0,8
ראי,conspicio,0,8
ראי,aspicio,1,8
ראי,animaduerto,0,8
ראי,obseruo,0,8
ראי,puteus,3,8
ראימ,uideo,0,0
ראימ,cerno,0,0
ראימ,conspicio,0,0
ראימ,aspicio,0,0
ראימ,animaduerto,0,0
ראימ,obseruo,0,0
ראינו,uideo,0,0
ראינו,cerno,0,0
ראינו,conspicio,0,0
ראינו,aspicio,0,0
ראינו,animaduerto,0,0
ראינו,obseruo,0,0
ראית,quando,0,0
ראית,post,0,0
ראית,quoniam,0,0
ראית,idas,0,0
ראית,lignum,0,0
ראית,uideo,0,0
ראית,cerno,0,0
ראית,conspicio,0,0
ראית,aspicio,0,0
ראית,animaduerto,0,0
ראית,obseruo,0,0
ראיתי,uideo,0,0
ראיתי,cerno,0,0
ראיתי,conspicio,0,0
ראיתי,aspicio,0,0
ראיתי,animaduerto,0,0
ראיתי,obseruo,0,0
ראיתמ,uideo,0,0
ראיתמ,cerno,0,0
ראיתמ,conspicio,0,0
ראיתמ,aspicio,0,0
ראיתמ,animaduerto,0,0
ראיתמ,obseruo,0,0
ראש,uertex,35,524
ראש,imperium,0,524
ראש,principium,4,524
ראש,initium,3,524
ראש,magistratus,0,524
ראש,regnum,7,524
ראש,honor,0,524
ראש,ratio,0,524
ראש,officium,2,524
ראש,potestas,0,524
ראש,uis,0,524
ראש,primus,27,524
ראש,praetor,0,524
ראש,duco,5,524
ראש,praecedo,0,524
ראש,credo,1,524
ראש,considero,2,524
ראש,existimo,0,524
ראש,iudico,5,524
ראש,teneo,9,524
ראש,caput,257,524
ראש,erythinus,0,524
ראש,mugil,0,524
ראש,cacumen,7,524
ראש,culmen,1,524
ראש,iugum,0,524
ראש,summus,10,524
ראש,arx,0,524
ראש,uerticis,0,524
ראש,cephalicus,0,524
ראש,nox,7,524
ראש,noctis,0,524
ראש,noctem,0,524
ראש,nocturnus,0,524
ראש,fel,3,524
ראשון,imperium,1,161
ראשון,principium,13,161
ראשון,initium,1,161
ראשון,magistratus,2,161
ראשון,regnum,3,161
ראשון,honor,0,161
ראשון,ratio,0,161
ראשון,officium,1,161
ראשון,potestas,1,161
ראשון,uis,0,161
ראשון,primus,75,161
ראשון,prior,35,161
ראשון,olim,0,161
ראשון,superus,0,161
ראשון,quondam,0,161
ראשון,antea,0,161
ראשון,pristinus,4,161
ראשון,capularis,0,161
ראשונ,prior,0,0
ראשונ,olim,0,0
ראשונ,superus,0,0
ראשונ,quondam,0,0
ראשונ,antea,0,0
ראשונ,pristinus,0,0
ראשונ,primus,0,0
ראשונ,capularis,0,0
ראשונה,imperium,0,0
ראשונה,principium,0,0
ראשונה,initium,0,0
ראשונה,magistratus,0,0
ראשונה,regnum,0,0
ראשונה,honor,0,0
ראשונה,ratio,0,0
ראשונה,officium,0,0
ראשונה,potestas,0,0
ראשונה,uis,0,0
ראשונה,primus,0,0
ראשונה,capularis,0,0
ראשוני,imperium,0,1
ראשוני,principium,0,1
ראשוני,initium,0,1
ראשוני,magistratus,0,1
ראשוני,regnum,0,1
ראשוני,honor,0,1
ראשוני,ratio,0,1
ראשוני,officium,0,1
ראשוני,potestas,0,1
ראשוני,uis,0,1
ראשוני,primus,1,1
ראשוני,prior,0,1
ראשוני,olim,0,1
ראשוני,superus,0,1
ראשוני,quondam,0,1
ראשוני,antea,0,1
ראשוני,pristinus,0,1
ראשי,praetor,0,0
ראשי,caput,0,0
ראשימ,imperium,0,0
ראשימ,principium,0,0
ראשימ,initium,0,0
ראשימ,magistratus,0,0
ראשימ,regnum,0,0
ראשימ,honor,0,0
ראשימ,ratio,0,0
ראשימ,officium,0,0
ראשימ,potestas,0,0
ראשימ,uis,0,0
ראשימ,primus,0,0
ראשימ,praetor,0,0
ראשינ,caput,0,0
ראשית,primitiae,15,45
ראשית,imperium,1,45
ראשית,principium,15,45
ראשית,initium,3,45
ראשית,magistratus,0,45
ראשית,regnum,4,45
ראשית,honor,0,45
ראשית,ratio,0,45
ראשית,officium,0,45
ראשית,potestas,0,45
ראשית,uis,0,45
ראשית,primus,1,45
ראשנ,primus,0,0
ראשנ,capularis,0,0
ראשנה,prior,0,0
ראשנה,olim,0,0
ראשנה,superus,0,0
ראשנה,quondam,0,0
ראשנה,antea,0,0
ראשנה,pristinus,0,0
ראשנה,primus,0,0
ראשנה,capularis,0,0
ראשנות,imperium,0,0
ראשנות,principium,0,0
ראשנות,initium,0,0
ראשנות,magistratus,0,0
ראשנות,regnum,0,0
ראשנות,honor,0,0
ראשנות,ratio,0,0
ראשנות,officium,0,0
ראשנות,potestas,0,0
ראשנות,uis,0,0
ראשנות,primus,0,0
ראשנות,capularis,0,0
ראשנימ,prior,0,0
ראשנימ,olim,0,0
ראשנימ,superus,0,0
ראשנימ,quondam,0,0
ראשנימ,antea,0,0
ראשנימ,pristinus,0,0
ראשנימ,primus,0,0
ראשנימ,capularis,0,0
ראשת,caput,0,0
ראת,uideo,0,0
ראת,cerno,0,0
ראת,conspicio,0,0
ראת,aspicio,0,0
ראת,animaduerto,0,0
ראת,obseruo,0,0
רב,praetor,0,502
רב,iudico,7,502
רב,decerno,1,502
רב,iudex,0,502
רב,iudicium,11,502
רב,reciperator,0,502
רב,statuo,2,502
רב,magnus,57,502
רב,ingens,1,502
רב,immanis,0,502
רב,uastus,0,502
רב,grandis,16,502
רב,multus,252,502
רב,superus,0,502
רב,summus,1,502
רב,alo,1,502
רב,multitudo,84,502
רב,turba,5,502
רב,populus,76,502
רב,plebs,3,502
רב,numero,2,502
רב,numerus,13,502
רב,pluratiuus,0,502
רב,longus,5,502
רב,diu,0,502
רב,procul,2,502
רב,absum,0,502
רב,tam,5,502
רב,tot,0,502
רב,ita,8,502
רב,tantus,5,502
רבב,augeo,0,12
רבב,cresco,0,12
רבב,probata,0,12
רבב,pluratiuus,0,12
רבב,impleo,0,12
רבב,compleo,0,12
רבב,repleo,0,12
רבבה,mille,11,14
רבבה,innumerabilitas,0,14
רבבה,multitudo,2,14
רבבה,turba,0,14
רבבה,uulgus,0,14
רבבה,populus,0,14
רבבה,plebs,0,14
רבבה,numero,0,14
רבבה,numerus,0,14
רבבה,miliarius,0,14
רבבות,mille,0,0
רבבות,innumerabilitas,0,0
רבבנ,mille,0,0
רבבנ,innumerabilitas,0,0
רבבת,mille,0,0
רבבת,innumerabilitas,0,0
רבד,promptus,0,1
רבד,parito,0,1
רבד,paro,0,1
רבד,praeparo,0,1
רבה,magnus,17,196
רבה,ingens,1,196
רבה,immanis,0,196
רבה,uastus,0,196
רבה,grandis,2,196
רבה,multus,57,196
רבה,superus,0,196
רבה,summus,2,196
רבה,alo,0,196
רבה,pluratiuus,0,196
רבה,longus,2,196
רבה,diu,0,196
רבה,procul,1,196
רבה,absum,0,196
רבו,magnitudo,0,0
רבו,magnanimitas,0,0
רבו,altitudo,0,0
רבו,mille,0,0
רבו,innumerabilis,0,0
רבו,immensus,0,0
רבו,pluratiuus,0,0
רבו,multus,0,0
רבו,magnus,0,0
רבו,longus,0,0
רבו,diu,0,0
רבו,procul,0,0
רבו,superus,0,0
רבו,absum,0,0
רבו,summus,0,0
רבו,grandis,0,0
רבוא,mille,6,6
רבוא,innumerabilis,0,6
רבוא,immensus,0,6
רבונ,mille,0,0
רבונ,innumerabilitas,0,0
רבוע,quadrus,0,0
רבוע,quadro,0,0
רבות,aliquoties,0,0
רבות,multus,0,0
רבות,magnus,0,0
רבות,longus,0,0
רבות,diu,0,0
רבות,procul,0,0
רבות,superus,0,0
רבות,absum,0,0
רבות,summus,0,0
רבות,grandis,0,0
רביבים,imber,3,4
רביבים,pluuia,1,4
רביבימ,ceu,0,0
רביבימ,uelut,0,0
רביד,monile,0,2
רבימ,magnus,0,0
רבימ,multus,0,0
רבימ,amplus,0,0
רבימ,complures,0,0
רבימ,superus,0,0
רבימ,annualis,0,0
רבימ,longus,0,0
רבימ,diu,0,0
רבימ,procul,0,0
רבימ,absum,0,0
רבימ,summus,0,0
רבימ,grandis,0,0
רביעא,quartus,0,0
רביעי,quartus,49,54
רביעי,agninus,0,54
רביעי,decimus,5,54
רביעי,uinum,5,54
רביעי,bacchus,0,54
רביעי,uini,0,54
רביעי,foedus,0,54
רביעי,pax,1,54
רביעי,libatio,0,54
רביעי,indutiae,0,54
רביעית,quartus,0,0
רבע,quartus,7,29
רבע,equidem,0,29
רבע,conuerto,0,29
רבע,uerto,1,29
רבע,dos,0,29
רבע,pars,7,29
רבע,longitudo,6,29
רבע,cubitus,1,29
רבע,cubitum,7,29
רבע,quadraginta,0,29
רבע,quattuor,4,29
רבעי,quartus,0,0
רבעימ,gens,0,0
רבעימ,genus,0,0
רבעימ,progenies,0,0
רבעימ,generatio,0,0
רבעימ,saeculum,0,0
רבעימ,natio,0,0
רבעימ,quartus,0,0
רבץ,reliquus,0,29
רבץ,ceterus,0,29
רבץ,conquiesco,0,29
רבץ,leo,4,29
רבץ,ouilis,0,29
רבץ,probata,0,29
רברבינ,magnus,0,0
רברבינ,ingens,0,0
רברבינ,immanis,0,0
רברבינ,uastus,0,0
רברבינ,grandis,0,0
רברבינ,multus,0,0
רברבינ,superus,0,0
רברבינ,summus,0,0
רברבינ,alo,0,0
רברבנ,magnus,0,0
רברבנ,ingens,0,0
רברבנ,immanis,0,0
רברבנ,uastus,0,0
רברבנ,grandis,0,0
רברבנ,multus,0,0
רברבנ,superus,0,0
רברבנ,summus,0,0
רברבנ,alo,0,0
רברבנו,magnus,0,0
רברבנו,ingens,0,0
רברבנו,immanis,0,0
רברבנו,uastus,0,0
רברבנו,grandis,0,0
רברבנו,multus,0,0
רברבנו,superus,0,0
רברבנו,summus,0,0
רברבנו,alo,0,0
רברבת,magnus,0,0
רברבת,ingens,0,0
רברבת,immanis,0,0
רברבת,uastus,0,0
רברבת,grandis,0,0
רברבת,multus,0,0
רברבת,superus,0,0
רברבת,summus,0,0
רברבת,alo,0,0
רבת,magnus,0,0
רבת,ingens,0,0
רבת,immanis,0,0
רבת,uastus,0,0
רבת,grandis,0,0
רבת,multus,0,0
רבת,superus,0,0
רבת,summus,0,0
רבת,alo,0,0
רבת,aliquoties,0,0
רבת,longus,0,0
רבת,diu,0,0
רבת,procul,0,0
רבת,absum,0,0
רגב,glaebula,0,2
רגב,glaeba,0,2
רגז,pharetra,0,43
רגז,animus,0,43
רגז,spiritus,0,43
רגז,furor,4,43
רגז,ira,2,43
רגז,cor,1,43
רגז,pectus,0,43
רגז,amor,0,43
רגז,mens,0,43
רגז,libido,0,43
רגז,pectoralis,0,43
רגז,animi,0,43
רגל,habeo,14,226
רגל,teneo,3,226
רגל,possideo,1,226
רגל,for,0,226
רגל,armus,0,226
רגל,femur,0,226
רגל,pes,158,226
רגל,pedes,0,226
רגל,terra,30,226
רגל,cohors,0,226
רגל,pedis,0,226
רגל,pedum,0,226
רגל,ager,1,226
רגל,pedester,0,226
רגל,fons,4,226
רגל,scatebra,0,226
רגלו,pedum,0,0
רגלו,pedes,0,0
רגלו,pes,0,0
רגלי,pes,2,15
רגלי,pedes,12,15
רגלי,terra,1,15
רגלי,cohors,0,15
רגלי,pedis,0,15
רגלי,pedum,0,15
רגלי,ager,0,15
רגלי,pedester,0,15
רגלימ,pedum,0,0
רגלימ,pedes,0,0
רגלימ,pes,0,0
רגם,mors,4,17
רגם,letum,0,17
רגם,nex,0,17
רגם,defunctus,0,17
רגם,fatum,0,17
רגם,mortis,0,17
רגם,morte,0,17
רגם,mortem,0,17
רגם,lapis,10,17
רגם,saxum,0,17
רגם,marmor,0,17
רגם,marmoreus,0,17
רגם,gemma,0,17
רגם,petrinus,0,17
רגם,synagoga,0,17
רגם,educatus,0,17
רגע,continuus,0,32
רגע,ilico,0,32
רגע,extemplo,0,32
רגע,mox,0,32
רגע,statim,0,32
רגע,tam,0,32
רגע,quantus,0,32
רגע,paruus,0,32
רגע,exiguus,0,32
רגע,paulum,0,32
רגע,breuis,1,32
רגע,modicus,3,32
רגע,paulus,0,32
רד,descendo,0,0
רד,deicio,0,0
רדד,domo,0,3
רדד,subigo,0,3
רדד,uinco,0,3
רדד,expugno,0,3
רדד,ultimo,0,3
רדה,impero,3,19
רדה,rego,0,19
רדה,dominor,1,19
רדה,incipio,0,19
רדה,coepio,0,19
רדה,duco,0,19
רדה,magistratus,0,19
רדה,princeps,2,19
רדה,praecipio,0,19
רדה,imperium,0,19
רדה,occipio,0,19
רדה,iubeo,0,19
רדה,honor,0,19
רדה,praesum,1,19
רדה,guberno,0,19
רדה,ordior,0,19
רדה,uirga,0,19
רדה,calamus,0,19
רדה,descendo,0,19
רדה,deicio,0,19
רדו,descendo,0,0
רדו,deicio,0,0
רדימ,intellego,0,0
רדימ,nescio,0,0
רדף,persequor,81,115
רדף,sequor,19,115
רדף,fugo,1,115
רדף,insequor,0,115
רדף,studium,0,115
רדף,prosequor,0,115
רדפ,diuinus,0,0
רדפ,diuus,0,0
רדפ,inclitus,0,0
רדפ,persequor,0,0
רדפ,sequor,0,0
רדפ,fugo,0,0
רדפ,insequor,0,0
רדפ,studium,0,0
רדפו,prosequor,0,0
רדת,descendo,0,0
רדת,deicio,0,0
רהט,triticum,0,4
רהט,ouis,1,4
רהט,pecus,0,4
רהט,grex,2,4
רהט,pecuarius,0,4
רו,cernentia,0,1
רו,tuor,0,1
רו,uisio,0,1
רו,oculus,0,1
רו,species,0,1
רו,uisus,0,1
רו,facies,0,1
רו,aspectus,0,1
רוזנימ,praetor,0,0
רוח,uentus,35,320
רוח,aura,1,320
רוח,flatus,3,320
רוח,spiritus,207,320
רוח,eurus,0,320
רוח,uenti,0,320
רוח,mons,6,320
רוח,iugum,0,320
רוח,collis,1,320
רוח,serum,0,320
רוח,terminus,1,320
רוח,animus,7,320
רוח,anima,8,320
רוח,aetas,1,320
רוח,uita,11,320
רוח,mens,4,320
רוח,animae,0,320
רוחה,auxilium,0,2
רוחה,adiutus,0,2
רוחה,auxilior,0,2
רוחות,uentus,0,0
רוחות,aura,0,0
רוחות,flatus,0,0
רוחות,spiritus,0,0
רוחות,eurus,0,0
רוחות,uenti,0,0
רוחי,uentus,0,0
רוחי,aura,0,0
רוחי,flatus,0,0
רוחי,spiritus,0,0
רוחי,eurus,0,0
רוחי,uenti,0,0
רום,sublimo,4,127
רומ,altitudo,0,0
רומ,arx,0,0
רוממו,altiusculus,0,0
רוממתי,sublimo,0,0
רוע,clamo,6,26
רוע,uociferor,0,26
רוע,exclamo,0,26
רוע,clamor,4,26
רוע,tuba,5,26
רוע,lituus,0,26
רוע,bucina,2,26
רוע,tubula,0,26
רוץ,curro,46,84
רוץ,gener,0,84
רוץ,genu,0,84
רוץ,curriculum,0,84
רוץ,percurro,0,84
רוץ,decurro,0,84
רוץ,discurro,1,84
רוש,possideo,2,23
רוש,heredito,0,23
רז,celatum,0,9
רז,clam,0,9
רז,celate,0,9
רז,furtim,0,9
רז,mysterium,5,9
רזה,mysterium,0,1
רזי,mysterium,0,1
רזינ,mysterium,0,0
רחב,latitudo,82,183
רחב,eurus,0,183
רחב,plana,0,183
רחב,uicesimus,1,183
רחב,uiginti,33,183
רחב,uiceni,0,183
רחב,longitudo,58,183
רחב,quinquaginta,12,183
רחב,quindecim,0,183
רחב,quinque,28,183
רחב,cubitus,2,183
רחב,cubitum,52,183
רחבה,multus,0,0
רחבה,magnus,0,0
רחבה,longus,0,0
רחבה,diu,0,0
רחבה,procul,0,0
רחבה,superus,0,0
רחבה,absum,0,0
רחבה,summus,0,0
רחבה,grandis,0,0
רחום,longanimis,1,15
רחומ,miseresco,0,0
רחוק,procul,26,75
רחים,molaris,0,5
רחימ,molaris,0,0
רחיק,donec,0,1
רחיק,quantum,0,1
רחיק,usque,0,1
רחיק,dum,0,1
רחיק,longus,0,1
רחיק,sicut,0,1
רחיק,quoad,0,1
רחיק,multus,0,1
רחיק,magnus,0,1
רחיק,diu,0,1
רחיק,procul,1,1
רחיק,superus,0,1
רחיק,absum,0,1
רחיק,summus,0,1
רחיק,grandis,0,1
רחיק,minimus,0,1
רחם,uterus,6,65
רחם,praecordia,0,65
רחם,misericordia,8,65
רחם,misero,0,65
רחם,misereor,25,65
רחם,misereo,4,65
רחמ,misericordia,0,0
רחמ,clementia,0,0
רחמ,misero,0,0
רחמ,noctua,0,0
רחמ,misereo,0,0
רחמ,uterus,0,0
רחמ,miseresco,0,0
רחמה,uulturinus,0,5
רחמה,uultur,0,5
רחמים,misericordia,16,26
רחמים,misero,0,26
רחמים,misereor,1,26
רחמים,misereo,1,26
רחמים,clementia,0,26
רחמים,noctua,0,26
רחמים,miseratio,9,26
רחמים,luctus,0,26
רחמימ,misericordia,0,0
רחמימ,clementia,0,0
רחמימ,misero,0,0
רחמימ,noctua,0,0
רחמימ,misereo,0,0
רחמימ,miseresco,0,0
רחמימ,causa,0,0
רחמימ,gratus,0,0
רחמימ,propter,0,0
רחמימ,grates,0,0
רחמימ,gratia,0,0
רחמין,misericordia,1,1
רחמין,clementia,0,1
רחמין,misero,0,1
רחמין,noctua,0,1
רחמין,misereo,0,1
רחף,quatio,0,3
רחף,concutio,0,3
רחף,quasso,0,3
רחץ,lauo,47,68
רחץ,abluo,1,68
רחץ,perluo,0,68
רחץ,immundus,13,68
רחץ,uestis,7,68
רחץ,uestimentum,15,68
רחץ,pallium,0,68
רחץ,toga,0,68
רחץ,ordo,1,68
רחץ,homo,4,68
רחץ,corpus,8,68
רחצ,spes,0,0
רחצ,spero,0,0
רחצ,exspectatio,0,0
רחק,abstineo,0,43
רחק,tempero,0,43
רחק,procul,12,43
רחקה,procul,0,0
רחקימ,procul,0,0
רטט,metus,0,1
רטט,pauor,0,1
רטט,terror,0,1
רטט,timor,0,1
רטט,formido,0,1
רטט,timeo,0,1
רטט,metuo,0,1
רטט,uereor,0,1
רטש,habeo,0,6
רטש,teneo,0,6
רטש,possideo,0,6
רטש,natus,0,6
רטש,proles,0,6
רטש,filius,3,6
רטש,liberi,0,6
רטש,puer,0,6
רטש,meus,1,6
ריב,obloquium,0,95
ריב,ius,1,95
ריב,iustitia,2,95
ריב,fas,0,95
ריב,iudicium,20,95
ריב,supplicium,0,95
ריב,aptus,0,95
ריב,uisito,0,95
ריב,causa,18,95
ריב,aequitas,0,95
ריב,poena,0,95
ריב,iudico,23,95
ריב,decerno,0,95
ריב,iudex,5,95
ריב,reciperator,0,95
ריב,statuo,0,95
ריבה,ius,0,3
ריבה,iustitia,0,3
ריבה,fas,0,3
ריבה,iudicium,2,3
ריבה,supplicium,0,3
ריבה,aptus,0,3
ריבה,uisito,0,3
ריבה,causa,1,3
ריבה,aequitas,0,3
ריבה,poena,0,3
ריבה,res,0,3
ריבה,negotium,0,3
ריח,odor,46,54
ריח,odoratus,1,54
ריח,olfactus,0,54
ריח,occensus,0,54
ריח,holocaustum,19,54
ריק,inanis,1,39
ריק,uacuus,6,39
ריק,cassus,2,39
ריק,gladius,7,39
ריק,ferrum,0,39
ריק,culter,0,39
ריקם,inanis,1,14
ריקם,uacuus,12,14
ריקם,cassus,0,14
ריקמ,inanis,0,0
ריקמ,uacuus,0,0
ריקמ,cassus,0,0
ריש,uolo,0,7
ריש,difficultas,0,7
ריש,egestas,6,7
ריש,uix,0,7
ריש,paupertas,0,7
ריש,difficilis,0,7
ריש,miser,0,7
ריש,pauper,1,7
ריש,inopia,0,7
רך,molleo,0,18
רך,molliculus,0,18
רכ,molleo,0,0
רכב,ascensor,16,178
רכב,currus,81,178
רכב,iugum,1,178
רכב,quadrigae,5,178
רכב,onusto,0,178
רכב,pello,0,178
רכב,ago,1,178
רכב,fugo,0,178
רכב,impello,0,178
רכב,iter,2,178
רכב,uector,0,178
רכב,equus,50,178
רכב,sonipes,0,178
רכב,eques,37,178
רכב,equitatus,8,178
רכב,equa,0,178
רכב,equi,0,178
רכב,equum,0,178
רכב,equo,0,178
רכוש,pecunia,0,24
רכוש,argentum,1,24
רכוש,nummus,0,24
רכוש,ops,0,24
רכוש,bonus,0,24
רכוש,diuitiae,0,24
רכל,commercium,0,15
רכל,negotiator,8,15
רכל,mercator,0,15
רכש,stercus,0,8
רכש,equus,0,8
רכש,sonipes,0,8
רכש,currus,0,8
רכש,eques,0,8
רכש,equitatus,0,8
רכש,equa,0,8
רכש,equi,0,8
רכש,equum,0,8
רכש,equo,0,8
רכש,saluo,0,8
רם,aries,0,0
רם,petro,0,0
רם,agninus,0,0
רם,ouinus,0,0
רם,ueruex,0,0
רמ,altus,0,0
רמ,celsus,0,0
רמ,excelsus,0,0
רמ,sublimis,0,0
רמ,superus,0,0
רמ,alo,0,0
רמ,summus,0,0
רמ,sublimo,0,0
רמה,ducto,0,77
רמה,fallo,0,77
רמה,decipio,2,77
רמה,iacio,0,77
רמה,proicio,1,77
רמה,reiecto,0,77
רמה,altus,0,77
רמה,celsus,0,77
רמה,excelsus,7,77
רמה,sublimis,1,77
רמה,superus,0,77
רמה,alo,0,77
רמה,summus,0,77
רמה,mentior,0,77
רמה,mendacium,0,77
רמה,iaceo,0,77
רמה,dormio,1,77
רמות,altus,0,1
רמות,summus,0,1
רמות,supremus,0,1
רמות,arx,0,1
רמות,altitudo,0,1
רמות,magnitudo,0,1
רמח,hasta,4,14
רמח,quiris,0,14
רמיה,dolus,1,10
רמיה,astus,0,10
רמיו,iacio,0,0
רמיו,mitto,0,0
רמיו,peto,0,0
רמיו,ferio,0,0
רמיו,icio,0,0
רמיו,proicio,0,0
רמיו,eicio,0,0
רמיו,pono,0,0
רמיו,loco,0,0
רמיו,statuo,0,0
רמיו,colloco,0,0
רמיו,locus,0,0
רמכה,equus,0,1
רמכה,sonipes,0,1
רמכה,currus,0,1
רמכה,eques,0,1
רמכה,equitatus,0,1
רמכה,equa,0,1
רמכה,equi,0,1
רמכה,equum,0,1
רמכה,equo,0,1
רמס,calco,0,15
רמס,pedum,0,15
רמס,pedes,0,15
רמס,pes,3,15
רמש,pareas,0,24
רמש,uento,0,24
רמש,moueo,13,24
רמש,motus,0,24
רמש,commoueo,1,24
רמש,fera,0,24
רמש,bestia,6,24
רמש,belua,0,24
רמש,ferus,0,24
רמש,iumentum,6,24
רמש,animal,3,24
רמש,probata,0,24
רנה,gaudimonium,0,19
רנה,laetatio,0,19
רנה,festiuitas,0,19
רנו,hilaro,0,0
רני,hilaro,0,0
רנן,statim,0,26
רנן,continuus,0,26
רנן,simul,3,26
רנן,hilaro,0,26
רנן,festiuitas,0,26
רנן,quatio,0,26
רנן,concutio,0,26
רנן,quasso,0,26
רנת,indigeo,0,0
רע,alius,6,362
רע,alter,11,362
רע,mutuus,3,362
רע,inuicem,5,362
רע,socius,3,362
רע,comes,0,362
רע,amicus,59,362
רע,sodalis,0,362
רע,commilito,0,362
רע,unus,9,362
רע,alienus,6,362
רע,aliter,0,362
רע,quisquam,9,362
רע,uitium,1,362
רע,scelus,3,362
רע,turpitudo,0,362
רע,improbus,0,362
רע,malus,76,362
רע,miseria,1,362
רע,calamitas,1,362
רע,negotium,0,362
רע,noceo,1,362
רע,molestia,0,362
רע,opera,0,362
רע,mala,0,362
רע,tribulatio,2,362
רע,pastor,2,362
רע,opilio,1,362
רע,malitia,11,362
רע,impius,11,362
רע,carus,1,362
רע,dilectus,2,362
רע,familiaris,0,362
רעב,fames,88,112
רעב,esuries,0,112
רעב,panis,15,112
רעב,mors,6,112
רעב,letum,0,112
רעב,nex,0,112
רעב,defunctus,0,112
רעב,fatum,0,112
רעב,mortis,0,112
רעב,morte,0,112
רעב,mortem,0,112
רעבון,fames,0,2
רעבון,esuries,0,2
רעד,tremulus,0,2
רעד,praetrepidus,0,2
רעד,tremor,1,2
רעדה,tremulus,0,2
רעדה,praetrepidus,0,2
רעדה,tremor,2,2
רעה,nosco,3,441
רעה,cognosco,2,441
רעה,scio,13,441
רעה,intellego,5,441
רעה,scientia,2,441
רעה,statuo,0,441
רעה,annus,7,441
רעה,ciuis,0,441
רעה,uitium,0,441
רעה,scelus,4,441
רעה,turpitudo,0,441
רעה,improbus,0,441
רעה,malus,75,441
רעה,miseria,1,441
רעה,calamitas,1,441
רעה,negotium,1,441
רעה,noceo,1,441
רעה,molestia,0,441
רעה,opera,0,441
רעה,mala,0,441
רעה,tribulatio,3,441
רעה,upilio,0,441
רעה,pastor,66,441
רעה,opilio,0,441
רעה,malitia,49,441
רעה,impius,7,441
רעה,manus,32,441
רעה,arma,1,441
רעה,bracchium,3,441
רעות,pudor,0,15
רעות,turpis,0,15
רעות,unus,1,15
רעות,alienus,0,15
רעות,aliter,0,15
רעות,quisquam,0,15
רעות,alius,0,15
רעות,alter,3,15
רעות,improbus,0,15
רעות,malus,1,15
רעות,miseria,0,15
רעות,calamitas,0,15
רעות,negotium,0,15
רעות,noceo,0,15
רעות,molestia,0,15
רעות,opera,0,15
רעות,mala,0,15
רעות,tribulatio,0,15
רעות,upilio,0,15
רעי,pastor,0,2
רעי,opilio,0,2
רעיונ,consideratio,0,0
רעימ,pastor,0,0
רעימ,opilio,0,0
רעימ,impius,0,0
רעימ,malus,0,0
רעימ,improbus,0,0
רעינ,consideratio,0,0
רעינ,suspicio,0,0
רעל,corytos,0,2
רעל,pharetra,0,2
רעלה,uelaris,0,1
רעלה,obnubo,0,1
רעם,pastor,0,12
רעם,opilio,0,12
רעם,impius,0,12
רעם,malus,0,12
רעם,improbus,0,12
רעם,ouis,0,12
רעם,pecus,0,12
רעם,grex,0,12
רעם,pecuarius,0,12
רעמ,tonitrus,0,0
רעמ,fulmen,0,0
רעמ,tonitruo,0,0
רענן,contumulo,0,14
רענן,silua,0,14
רענן,tignum,0,14
רענן,materia,0,14
רענן,lignum,11,14
רענן,subiecto,0,14
רענן,altus,0,14
רענן,celsus,0,14
רענן,excelsus,3,14
רענן,sublimis,2,14
רענן,superus,0,14
רענן,alo,0,14
רענן,summus,0,14
רעע,impius,1,143
רעע,malus,12,143
רעע,improbus,0,143
רעש,pharetra,0,36
רעש,motus,0,36
רעש,perculsus,0,36
רעש,quatio,0,36
רעש,concutio,3,36
רעש,quasso,0,36
רעת,uitium,0,0
רעת,scelus,0,0
רעת,turpitudo,0,0
רעת,improbus,0,0
רעת,malus,0,0
רעת,miseria,0,0
רעת,calamitas,0,0
רעת,negotium,0,0
רעת,noceo,0,0
רעת,molestia,0,0
רעת,opera,0,0
רעת,mala,0,0
רעת,tribulatio,0,0
רעת,malitia,0,0
רפא,sano,26,56
רפא,curo,10,56
רפא,seruio,0,56
רפא,medeor,1,56
רפא,remedio,0,56
רפאים,syron,0,25
רפאים,sapientipotens,0,25
רפאים,ualles,8,25
רפאימ,sapientipotens,0,0
רפאימ,libitinarius,0,0
רפה,sapientipotens,0,53
רפידים,abito,0,5
רפיון,despero,0,1
רפיון,repudiatio,0,1
רפף,quatio,0,1
רפף,concutio,0,1
רפף,quasso,0,1
רפש,pudor,0,3
רפש,turpis,0,3
רפת,maceria,0,0
רצ,curro,0,0
רצ,decurro,0,0
רצ,percurro,0,0
רצ,discurro,0,0
רצד,custodia,0,0
רצד,uigilia,0,0
רצד,praesidium,0,0
רצד,carcer,0,0
רצד,uinculum,0,0
רצד,custos,0,0
רצד,seruo,0,0
רצד,custodio,0,0
רצד,caueo,0,0
רצה,accepto,0,40
רצון,uoluptas,0,39
רצון,gaudium,0,39
רצון,libido,0,39
רצון,delecto,0,39
רצון,iucundus,0,39
רצון,dulcis,0,39
רצון,gaudeo,0,39
רצון,suauis,1,39
רצון,laeto,0,39
רצון,libet,0,39
רצון,laetor,0,39
רצון,ualeo,0,39
רצון,grando,0,39
רצון,fruor,0,39
רצון,laetitia,0,39
רצון,irreprehensus,0,39
רצון,cognobilis,0,39
רצון,ouis,2,39
רצון,pecus,1,39
רצון,grex,0,39
רצון,pecuarius,0,39
רצונ,cognobilis,0,0
רצונ,catulitio,0,0
רצונ,prolubium,0,0
רצח,tollo,0,39
רצח,interficio,3,39
רצח,interfacio,0,39
רצח,occaedes,0,39
רצח,suscipio,0,39
רצח,morior,5,39
רצח,pereo,0,39
רצח,occido,12,39
רצח,cado,0,39
רצח,mors,3,39
רצח,obeo,1,39
רצח,percutio,9,39
רצח,neco,0,39
רצח,deleo,0,39
רצח,perdo,0,39
רצח,disperdo,0,39
רצח,corrumpo,0,39
רצח,caedo,0,39
רצח,letum,0,39
רצח,nex,0,39
רצח,defunctus,0,39
רצח,fatum,0,39
רצח,mortis,0,39
רצח,morte,0,39
רצח,mortem,0,39
רצחת,cruor,0,0
רצף,carbo,0,4
רצף,anthracitis,0,4
רצפה,terra,1,10
רצפה,tellus,0,10
רצפה,ager,0,10
רצפה,peristylium,0,10
רק,inanis,0,112
רק,uacuus,0,112
רק,cassus,0,112
רק,solus,7,112
רק,unus,4,112
רק,modo,0,112
רק,saluo,0,112
רק,nisi,6,112
רק,praeterea,0,112
רק,separatim,0,112
רקה,sacer,0,5
רקה,sanctus,0,5
רקה,diuinus,0,5
רקה,templum,0,5
רקה,aedes,0,5
רקה,fanum,0,5
רקה,sancio,0,5
רקה,delubrum,0,5
רקה,templi,0,5
רקות,tenuis,0,0
רקח,aroma,3,12
רקח,cardamomum,0,12
רקח,unguentarius,2,12
רקיע,materinus,0,12
רקיק,azymus,8,8
רקיק,panis,7,8
רקיק,oleum,6,8
רקיק,olearius,0,8
רקיק,olearis,0,8
רקם,detexo,0,14
רקם,lanificium,0,14
רקם,profunditas,0,14
רקם,byssus,0,14
רקם,coccum,3,14
רקם,coccineus,0,14
רקם,panchrus,0,14
רקם,purpureus,0,14
רקם,purpura,6,14
רקם,ostrum,0,14
רקמה,uarius,3,10
רקמה,hyacinthus,2,10
רקק,spuo,1,2
רקק,ueru,0,2
רקק,uerubus,0,2
רש,possideo,0,0
רש,heredito,0,0
רשו,possideo,0,0
רשו,heredito,0,0
רשם,littera,0,0
רשם,censeo,0,0
רשם,scribo,0,0
רשם,contraho,0,0
רשע,iniurius,0,204
רשע,pecco,8,204
רשע,error,0,204
רשע,peccatum,10,204
רשע,peccator,2,204
רשע,peccatrix,0,204
רשע,perducto,0,204
רשע,impius,156,204
רשע,sacrilegus,0,204
רשע,auerto,3,204
רשע,reflecto,0,204
רשע,iudicium,18,204
רשע,iustus,72,204
רשע,ius,0,204
רשע,iustitia,22,204
רשע,dexter,0,204
רשע,aequitas,1,204
רשע,aequus,0,204
רשע,iustifico,5,204
רשע,oportet,0,204
רשע,pulcher,0,204
רשע,mereo,0,204
רשע,dignus,1,204
רשע,rego,2,204
רשעה,perducto,0,14
רשעה,auerto,2,14
רשעה,reflecto,0,14
רשעה,iudicium,3,14
רשעה,iustitia,8,14
רשעה,aequitas,1,14
רשעי,peccator,0,0
רשעי,peccatrix,0,0
רשעימ,peccator,0,0
רשעימ,peccatrix,0,0
רשעימ,impius,0,0
רשעימ,malus,0,0
רשעימ,improbus,0,0
רשעת,impietas,0,0
רשף,flamma,0,4
רשף,ignis,1,4
רשת,rete,6,7
רשת,retiolum,0,7
רשת,reticulum,0,7
רשת,laqueus,0,7
רשת,focus,0,7
רשת,possideo,1,7
רשת,heredito,0,7
רשת,hereditas,0,7
רשת,sors,0,7
רשת,praedium,0,7
רשת,possessio,0,7
רשת,aratio,0,7
רשת,sortio,0,7
רשת,decipula,0,7
רתח,incoquo,0,3
שא,perspecto,0,0
שא,dimitto,0,0
שא,relinquo,0,0
שא,absoluo,0,0
שא,libero,0,0
שא,ignosco,0,0
שא,permitto,0,0
שאב,aquor,0,18
שאב,fluento,0,18
שאב,bibo,7,18
שאב,poto,0,18
שאב,potus,0,18
שאג,leo,8,11
שאג,scymnus,0,11
שאה,specto,0,6
שאה,contemplor,0,6
שאו,sustollo,0,0
שאו,capio,0,0
שאו,sumo,0,0
שאו,accipio,0,0
שאו,recipio,0,0
שאו,impetro,0,0
שאו,excipio,0,0
שאול,celatum,0,381
שאול,inaspectus,0,381
שאול,pluto,0,381
שאול,plutonis,0,381
שאול,dis,0,381
שאול,orcus,0,381
שאול,iucundo,0,381
שאול,quaero,15,381
שאול,rogo,1,381
שאול,peto,5,381
שאול,rogito,0,381
שאול,amo,0,381
שאול,diligo,7,381
שאול,caritas,0,381
שאול,amor,0,381
שאול,cupido,0,381
שאול,amorem,0,381
שאול,amoris,0,381
שאול,glomeratio,0,381
שאט,indignus,0,3
שאט,contemno,0,3
שאט,despicio,0,3
שאט,sperno,0,3
שאט,respicio,0,3
שאיה,solitudo,1,1
שאל,celatum,0,149
שאל,inaspectus,0,149
שאל,pluto,0,149
שאל,plutonis,0,149
שאל,dis,0,149
שאל,orcus,0,149
שאל,quaero,9,149
שאל,rogo,8,149
שאל,postulo,17,149
שאל,peto,24,149
שאל,interrogo,46,149
שאל,posco,0,149
שאל,uolo,6,149
שאל,exspecto,0,149
שאל,cupiditas,0,149
שאל,cupio,0,149
שאל,ligo,0,149
שאל,uincio,0,149
שאל,necto,0,149
שאל,opus,1,149
שאל,oro,2,149
שאל,necesse,0,149
שאל,quaeso,0,149
שאל,necessarius,0,149
שאל,obsecro,1,149
שאל,desidero,2,149
שאל,rogito,0,149
שאל,amo,0,149
שאל,diligo,1,149
שאל,caritas,0,149
שאל,amor,0,149
שאל,cupido,0,149
שאל,amorem,0,149
שאל,amoris,0,149
שאל,audio,3,149
שאל,percipio,0,149
שאל,cognosco,2,149
שאל,certus,0,149
שאל,disco,0,149
שאלה,quaero,0,14
שאלה,rogo,2,14
שאלה,postulo,5,14
שאלה,peto,4,14
שאלה,interrogo,0,14
שאלה,posco,0,14
שאלה,deposco,0,14
שאלה,efflagitatio,0,14
שאלה,ligo,0,14
שאלה,uincio,0,14
שאלה,necto,0,14
שאלה,opus,0,14
שאלה,uolo,0,14
שאלה,oro,1,14
שאלה,necesse,0,14
שאלה,quaeso,0,14
שאלה,necessarius,0,14
שאלה,obsecro,1,14
שאלה,desidero,0,14
שאלו,quaero,0,0
שאלו,rogo,0,0
שאלו,peto,0,0
שאלו,rogito,0,0
שאלו,interrogo,0,0
שאלו,postulo,0,0
שאלי,quaero,0,0
שאלי,rogo,0,0
שאלי,postulo,0,0
שאלי,peto,0,0
שאלי,interrogo,0,0
שאלי,posco,0,0
שאלת,quaero,0,0
שאלת,rogo,0,0
שאלת,postulo,0,0
שאלת,peto,0,0
שאלת,interrogo,0,0
שאלת,posco,0,0
שאלת,efflagitatio,0,0
שאנן,irritabilis,0,9
שאר,fermentum,4,167
שאר,camum,0,167
שאר,linquo,0,167
שאר,relinquo,31,167
שאר,desero,0,167
שאר,maneo,1,167
שאר,reliquus,30,167
שאר,ceterus,7,167
שאר,ergo,5,167
שאר,persisto,0,167
שאר,moror,0,167
שאר,sto,2,167
שאר,remaneo,31,167
שאר,exspecto,0,167
שאר,resto,1,167
שאר,caro,10,167
שארית,remansio,0,59
שאת,solitudo,0,5
שאת,fero,1,5
שאת,porto,1,5
שאת,gero,0,5
שאת,affero,0,5
שאת,adduco,0,5
שאת,educo,0,5
שאת,duco,0,5
שאת,induco,0,5
שאת,defero,0,5
שאת,introduco,0,5
שאת,infero,0,5
שאת,offertor,0,5
שאת,ergo,0,5
שאת,hinc,0,5
שאת,igitur,0,5
שאת,propterea,0,5
שאת,ideo,0,5
שאת,pro,0,5
שב,euerto,0,5
שב,subuerto,0,5
שב,auerto,0,5
שב,reflecto,0,5
שב,senex,4,5
שב,auitus,0,5
שב,grandaeuus,0,5
שב,uetus,0,5
שב,antiquus,0,5
שב,natus,0,5
שב,uetero,0,5
שב,conuerto,0,5
שב,uiuo,0,5
שב,habito,0,5
שב,incolo,0,5
שב,tergum,0,5
שב,redeo,0,5
שב,reuorto,0,5
שב,reuoco,0,5
שב,rursus,0,5
שב,legatus,0,5
שב,orator,0,5
שב,presbyter,0,5
שבא,flamina,0,21
שבא,negotiator,3,21
שבא,mercator,0,21
שבה,conuerto,2,34
שבה,sedeo,0,34
שבה,consido,0,34
שבה,tergum,0,34
שבה,redeo,0,34
שבה,reuorto,1,34
שבה,reuoco,0,34
שבה,rursus,0,34
שבו,iaspachates,0,2
שבו,dendrachates,0,2
שבו,conuerto,0,2
שבו,sedeo,0,2
שבו,consido,0,2
שבו,tergum,0,2
שבו,redeo,0,2
שבו,reuorto,0,2
שבו,reuoco,0,2
שבו,rursus,0,2
שבוע,hebdomas,0,11
שבוע,hebdomada,1,11
שבוע,ferior,0,11
שבועה,iuro,4,25
שבועה,adiuro,2,25
שבועה,iniuro,0,25
שבועה,iureiuro,0,25
שבועה,iusiurandum,2,25
שבועה,sacramentum,0,25
שבועה,iuramentum,17,25
שבועה,iurandum,0,25
שבועת,iusiurandum,0,0
שבועת,sacramentum,0,0
שבועת,iuro,0,0
שבועת,iuramentum,0,0
שבועת,iurandum,0,0
שבות,transmigratio,0,18
שבות,captiuitas,8,18
שבות,auerto,0,18
שבות,reflecto,0,18
שבט,uirga,29,168
שבט,calamus,0,168
שבט,arbiter,0,168
שבט,fascis,0,168
שבט,tribus,61,168
שבט,gens,3,168
שבט,tributim,0,168
שבטי,sceptrum,0,0
שבטי,baculum,0,0
שבטי,filius,0,0
שבטי,natus,0,0
שבטי,gnatus,0,0
שבטי,progenies,0,0
שבטי,proles,0,0
שבטי,nascor,0,0
שבטי,filium,0,0
שבטי,filii,0,0
שבטי,filio,0,0
שבטי,tribus,0,0
שבטי,gens,0,0
שבטי,tributim,0,0
שבי,transmigratio,4,50
שבי,captiuitas,28,50
שבי,captiuus,5,50
שבי,sedeo,1,50
שבי,consido,0,50
שביבינ,flamma,0,0
שביבינ,ignis,0,0
שביל,iter,1,1
שביל,semita,1,1
שביל,uia,1,1
שביל,modus,0,1
שביס,diadema,0,1
שביעי,septimus,90,93
שביעי,mensis,26,93
שביעת,septimus,0,0
שבית,transmigratio,0,3
שבית,captiuitas,1,3
שבכה,rete,1,12
שבכה,retiolum,0,12
שבכה,reticulum,0,12
שבכה,laqueus,0,12
שבל,colo,0,1
שבל,exerceo,0,1
שבל,exercito,0,1
שבל,doceo,0,1
שבל,educo,0,1
שבלת,cibus,0,14
שבלת,frumentum,0,14
שבלת,seges,0,14
שבלת,panis,0,14
שבלת,frumentarius,0,14
שבלת,triticum,0,14
שבלת,granum,0,14
שבלת,esca,0,14
שבלת,pulcher,2,14
שבלת,formosus,0,14
שבלת,bonus,0,14
שבלת,nobilis,0,14
שבלת,bene,0,14
שבלת,ius,0,14
שבלת,aequus,0,14
שבלת,speciosus,0,14
שבלת,ualeo,1,14
שבלת,posterus,0,14
שבלת,dexter,0,14
שבלת,puteus,0,14
שבלת,bellus,0,14
שבלת,tenuis,3,14
שבלת,plenus,3,14
שבנא,scriba,3,7
שבנא,amanuensis,0,7
שבנא,dispensator,0,7
שבנה,conuerto,0,2
שבע,decem,11,708
שבע,deni,0,708
שבע,duo,31,708
שבע,uter,0,708
שבע,bini,0,708
שבע,septimus,38,708
שבע,uicesimus,11,708
שבע,uiginti,19,708
שבע,uiceni,0,708
שבע,centum,36,708
שבע,septeni,3,708
שבע,hebdomada,2,708
שבע,septingenties,0,708
שבע,septies,0,708
שבע,septingenti,31,708
שבע,farratus,0,708
שבע,iusiurandum,0,708
שבע,sacramentum,0,708
שבע,iuro,103,708
שבע,iuramentum,16,708
שבע,iurandum,0,708
שבע,plenus,25,708
שבע,plenitas,0,708
שבע,tres,24,708
שבע,terni,0,708
שבע,triceni,0,708
שבע,triginta,37,708
שבע,puteus,4,708
שבעה,rete,0,9
שבעה,laqueus,0,9
שבעה,reticulum,0,9
שבעה,septimus,0,9
שבעה,uicesimus,0,9
שבעה,septeni,0,9
שבעה,hebdomada,0,9
שבעה,iusiurandum,0,9
שבעה,sacramentum,0,9
שבעה,iuro,0,9
שבעה,iuramentum,0,9
שבעה,iurandum,0,9
שבעה,impleo,0,9
שבעה,compleo,0,9
שבעה,repleo,0,9
שבעה,plenitas,0,9
שבעי,septimus,0,0
שבעימ,septuaginta,0,0
שבעימ,septuageni,0,0
שבעימ,centum,0,0
שבעימ,septeni,0,0
שבעימ,hebdomada,0,0
שבעימ,septingenti,0,0
שבעימ,septingenties,0,0
שבעימ,quinquaginta,0,0
שבעימ,quindecim,0,0
שבעימ,quinque,0,0
שבעת,septeni,0,0
שבעת,hebdomada,0,0
שבעת,iusiurandum,0,0
שבעת,sacramentum,0,0
שבעת,iuro,0,0
שבעת,iuramentum,0,0
שבעת,iurandum,0,0
שבעת,mille,0,0
שבעת,miliarius,0,0
שבעתימ,septeni,0,0
שבעתימ,hebdomada,0,0
שבץ,detexo,0,3
שבץ,lanificium,0,3
שבק,relinquo,0,2
שבק,dimitto,1,2
שבק,absoluo,0,2
שבק,libero,0,2
שבק,ignosco,0,2
שבק,permitto,0,2
שבק,liceor,0,2
שבק,patior,0,2
שבק,sino,0,2
שבק,concedo,0,2
שבק,linquo,0,2
שבק,desero,0,2
שבק,maneo,0,2
שבק,reliquus,0,2
שבר,emo,14,181
שבר,redimo,0,181
שבר,lustro,0,181
שבר,praestino,0,181
שבר,cibus,4,181
שבר,frumentum,8,181
שבר,seges,0,181
שבר,panis,4,181
שבר,frumentarius,0,181
שבר,triticum,3,181
שבר,granum,0,181
שבר,esca,2,181
שבר,considero,2,181
שבר,existimo,0,181
שבר,conuiso,0,181
שבר,specto,0,181
שבר,contemplor,0,181
שבר,iudico,2,181
שבר,cogito,0,181
שבר,specio,0,181
שבר,fragium,0,181
שבר,gymnicus,0,181
שברו,emo,0,0
שברו,redimo,0,0
שברו,praestino,0,0
שבת,requies,6,143
שבת,conquiesco,0,143
שבת,septimus,17,143
שבת,sedeo,0,143
שבת,consido,0,143
שבת,supprimo,0,143
שבת,habito,4,143
שבת,concesso,0,143
שבת,uiuo,2,143
שבת,incolo,0,143
שבת,quotiens,0,143
שבת,quoniam,1,143
שבת,ulter,0,143
שבת,decoctum,0,143
שבת,decima,1,143
שבת,cesso,18,143
שבת,desino,1,143
שבת,desisto,0,143
שבת,maneo,2,143
שבת,finis,1,143
שבת,septimanus,0,143
שבתון,requies,5,10
שבתון,conquiesco,0,10
שבתון,septimus,6,10
שבתון,septimanus,0,10
שבתונ,requies,0,0
שבתונ,conquiesco,0,0
שגב,altus,0,13
שגב,celsus,0,13
שגב,excelsus,2,13
שגב,sublimis,3,13
שגב,superus,0,13
שגב,alo,0,13
שגב,summus,0,13
שגב,sublimo,0,13
שגגה,desidero,0,18
שגגה,erro,0,18
שגגה,culpa,1,18
שגגה,desum,0,18
שגגה,pecco,9,18
שגגה,error,3,18
שגגה,peccatum,4,18
שגה,desidero,0,19
שגה,erro,3,19
שגה,culpa,0,19
שגה,desum,0,19
שגח,specto,0,2
שגח,contemplor,0,2
שגיא,multus,2,7
שגיא,magnus,6,7
שגיא,longus,0,7
שגיא,diu,0,7
שגיא,procul,0,7
שגיא,superus,0,7
שגיא,absum,0,7
שגיא,summus,0,7
שגיא,grandis,1,7
שגיא,uehemens,0,7
שגיא,oppido,0,7
שגיא,nimius,0,7
שגיאנ,multus,0,0
שגיאנ,magnus,0,0
שגיאנ,longus,0,0
שגיאנ,diu,0,0
שגיאנ,procul,0,0
שגיאנ,superus,0,0
שגיאנ,absum,0,0
שגיאנ,summus,0,0
שגיאנ,grandis,0,0
שגיון,querimonia,0,0
שגל,regina,1,1
שגל,diadema,0,1
שגל,regnum,0,1
שגל,palatium,0,1
שגל,amicus,0,1
שגל,domina,0,1
שגל,scortum,0,1
שגל,era,0,1
שגעון,amissus,0,3
שגעון,furo,0,3
שגעון,insanio,0,3
שגעון,saeuio,0,3
שגעון,furor,1,3
שגעון,amentia,2,3
שגעון,insania,0,3
שגר,armentarius,0,5
שגר,lectica,0,5
שגר,bos,2,5
שגר,iuuencus,0,5
שגר,taurus,0,5
שגר,iumentum,2,5
שגר,uitulus,0,5
שגר,pecus,1,5
שגר,armentum,4,5
שגר,uacca,0,5
שגר,bubulus,0,5
שגר,progenies,0,5
שגר,nepos,0,5
שגר,uterus,0,5
שגר,praecordia,0,5
שגר,ouilis,0,5
שגר,probata,0,5
שגר,ouis,4,5
שגר,grex,4,5
שגר,pecuarius,0,5
שד,ager,1,45
שד,fundus,0,45
שד,campus,0,45
שד,praedium,0,45
שד,uilla,0,45
שד,pectus,0,45
שד,pectoralis,0,45
שד,cor,0,45
שד,pectoris,0,45
שד,fragium,0,45
שדד,pereo,1,47
שדד,perdo,1,47
שדד,amitto,0,47
שדד,mors,0,47
שדד,deleo,0,47
שדד,intereo,1,47
שדד,ruina,0,47
שדד,disperdo,0,47
שדד,interfacio,0,47
שדד,morior,1,47
שדד,exitium,0,47
שדד,occido,0,47
שדד,traho,0,47
שדד,rapio,0,47
שדה,ferus,0,292
שדה,saeuus,0,292
שדה,immanis,0,292
שדה,agrius,0,292
שדה,ager,175,292
שדה,fundus,0,292
שדה,campus,6,292
שדה,praedium,0,292
שדה,uilla,5,292
שדה,coniunx,0,292
שדה,muliebris,1,292
שדה,uira,0,292
שדה,femina,0,292
שדה,uxor,11,292
שדה,mulier,8,292
שדה,amicus,0,292
שדה,domina,0,292
שדה,scortum,0,292
שדה,era,0,292
שדה,regina,0,292
שדה,planities,0,292
שדה,campe,0,292
שדה,planus,0,292
שדה,spelunca,8,292
שדה,antrum,1,292
שדה,specus,0,292
שדה,pastus,1,292
שדות,ager,0,0
שדות,fundus,0,0
שדות,campus,0,0
שדות,praedium,0,0
שדות,uilla,0,0
שדי,ferus,0,54
שדי,saeuus,0,54
שדי,immanis,0,54
שדי,agrius,0,54
שדי,ager,5,54
שדי,fundus,0,54
שדי,campus,0,54
שדי,praedium,0,54
שדי,uilla,0,54
שדי,dea,0,54
שדי,caelum,1,54
שדי,caelus,0,54
שדי,hercules,0,54
שדי,deus,29,54
שדי,deum,0,54
שדי,dei,0,54
שדי,deo,0,54
שדי,numen,0,54
שדי,diuus,0,54
שדי,planities,0,54
שדי,campe,0,54
שדי,planus,0,54
שדימ,subsalsus,0,0
שדימ,diuinitas,0,0
שדמה,uitis,0,5
שדמה,mados,0,5
שדף,tenuis,3,3
שדר,iacio,0,0
שדר,mitto,0,0
שדר,peto,0,0
שדר,ferio,0,0
שדר,icio,0,0
שדר,proicio,0,0
שדר,eicio,0,0
שדר,impono,0,0
שדר,reiecto,0,0
שה,agnos,0,37
שה,agnus,5,37
שה,agninus,0,37
שה,ouis,17,37
שה,pecus,6,37
שה,grex,6,37
שה,pecuarius,0,37
שה,uitulus,0,37
שה,iuuencus,0,37
שה,iunix,0,37
שהד,testimonium,0,1
שהד,testis,0,1
שהד,perhibeo,0,1
שהד,testor,0,1
שהדו,testimonium,1,1
שהדו,testis,1,1
שהדו,perhibeo,0,1
שהדו,testor,0,1
שהם,lapis,7,12
שהם,saxum,0,12
שהם,marmor,1,12
שהם,marmoreus,0,12
שהם,gemma,1,12
שהם,petrinus,0,12
שהם,aurum,6,12
שהם,aureus,1,12
שוא,inanis,0,35
שוא,uacuus,1,35
שוא,cassus,2,35
שוא,frustra,12,35
שוא,fallo,0,35
שואה,improbus,0,8
שואה,malus,0,8
שואה,miseria,3,8
שואה,calamitas,4,8
שואה,negotium,0,8
שואה,noceo,0,8
שואה,molestia,0,8
שואה,opera,0,8
שואה,mala,0,8
שואה,tribulatio,1,8
שואה,labor,0,8
שואה,aerumna,0,8
שואה,dolor,0,8
שואה,laboro,0,8
שואה,laboris,0,8
שואה,res,0,8
שואה,causa,0,8
שואה,redeo,0,8
שואה,reuorto,0,8
שואה,uenio,4,8
שוב,reuerto,0,862
שוב,auerto,42,862
שוב,reflecto,0,862
שוב,conuerto,110,862
שוב,uerutum,0,862
שובו,conuerto,0,0
שוה,planus,0,17
שוה,campus,0,17
שוה,perspicuus,0,17
שוה,delos,0,17
שוה,manifestus,0,17
שוה,clarus,0,17
שוה,planities,0,17
שוה,campe,0,17
שוט,spes,1,26
שוט,spero,0,26
שוט,exspectatio,0,26
שומ,pono,0,0
שומ,loco,0,0
שומ,statuo,0,0
שומ,colloco,0,0
שומ,locus,0,0
שומים,alum,0,1
שומר,seruo,0,0
שומר,custodio,0,0
שומר,praesidium,0,0
שומר,caueo,0,0
שומר,custos,0,0
שונא,odi,0,0
שונא,odium,0,0
שועה,clamor,4,5
שועה,clamatus,0,5
שועל,uulpis,0,10
שועל,uulpinus,0,10
שועת,indigeo,0,0
שועת,clamor,0,0
שועת,clamatus,0,0
שופר,ala,0,23
שופר,columna,0,23
שופר,penna,0,23
שופר,cornu,1,23
שופר,captiuncula,0,23
שופר,tuba,7,23
שופר,lituus,0,23
שופר,bucina,15,23
שופר,tubula,0,23
שוק,lacertus,0,23
שוק,aruina,0,23
שוק,adeptio,0,23
שוקק,angustus,0,1
שוקק,artus,0,1
שור,monstrificus,0,95
שור,bos,52,95
שור,iuuencus,0,95
שור,taurus,2,95
שור,iumentum,1,95
שור,uitulus,0,95
שור,pecus,2,95
שור,armentum,1,95
שור,uacca,1,95
שור,bubulus,0,95
שור,iunix,0,95
שור,taurinus,0,95
שור,ouis,20,95
שור,grex,0,95
שור,pecuarius,0,95
שורר,hostis,0,0
שורר,inimicus,0,0
שורר,infestus,0,0
שורר,hostilis,0,0
שוש,hilaro,0,16
שוש,festiuitas,0,16
שושן,lilium,11,31
שושן,nymphaea,0,31
שזר,profunditas,0,21
שזר,byssus,1,21
שזר,coccum,10,21
שזר,coccineus,0,21
שזר,purpureus,0,21
שזר,purpura,14,21
שזר,ostrum,0,21
שח,animus,0,1
שח,mens,0,1
שח,cogitatio,0,1
שח,humilio,0,1
שח,cogito,0,1
שח,sentio,0,1
שח,sapientia,0,1
שח,superbia,0,1
שח,superbus,0,1
שח,adsum,0,1
שחד,donum,2,21
שחד,munus,17,21
שחד,praemium,0,21
שחד,praesens,0,21
שחד,datus,0,21
שחד,iudicium,2,21
שחד,iustus,3,21
שחד,ius,0,21
שחד,iustitia,3,21
שחד,dexter,0,21
שחד,aequitas,0,21
שחד,aequus,0,21
שחד,iustifico,1,21
שחד,oportet,0,21
שחד,pulcher,0,21
שחד,mereo,0,21
שחד,dignus,0,21
שחד,rego,0,21
שחה,structus,0,3
שחה,praenato,0,3
שחה,superenato,0,3
שחוק,risus,4,15
שחוק,rideo,2,15
שחח,pauimentum,0,13
שחח,humus,1,13
שחח,humilio,8,13
שחח,altitudo,2,13
שחח,arx,0,13
שחט,caedes,0,74
שחט,plago,0,74
שחט,sanguis,25,74
שחט,mors,0,74
שחט,occaedes,0,74
שחט,interfacio,3,74
שחט,interfectrix,0,74
שחט,impono,0,74
שחט,impetus,0,74
שחט,oppugno,0,74
שחט,uitulus,8,74
שחט,iuuencus,0,74
שחט,iunix,0,74
שחט,macto,8,74
שחט,iugulo,3,74
שחט,immolo,45,74
שחין,incoquo,0,12
שחין,ulcus,8,12
שחין,uulnus,4,12
שחין,plago,0,12
שחין,traho,0,12
שחין,rapio,0,12
שחינ,ulcus,0,0
שחינ,uulnus,0,0
שחינ,plago,0,0
שחינ,traho,0,0
שחינ,rapio,0,0
שחלת,acerra,0,1
שחלת,irascor,0,1
שחלת,furor,0,1
שחלת,periratus,0,1
שחץ,magnitudo,0,1
שחץ,magnanimitas,0,1
שחץ,altitudo,0,1
שחק,rideo,5,42
שחק,ridere,0,42
שחק,risus,0,42
שחק,derideo,3,42
שחק,irrideo,1,42
שחק,ludus,0,42
שחק,ludo,13,42
שחקימ,nubes,0,0
שחקימ,nimbus,0,0
שחקימ,nebula,0,0
שחקימ,nubis,0,0
שחקימ,nubila,0,0
שחר,lux,2,38
שחר,mane,10,38
שחר,aurora,2,38
שחר,eos,0,38
שחר,orientalis,0,38
שחר,matutinus,2,38
שחר,diluculum,5,38
שחר,propediem,0,38
שחר,praematurus,0,38
שחת,pereo,1,127
שחת,perdo,6,127
שחת,amitto,0,127
שחת,mors,1,127
שחת,deleo,8,127
שחת,intereo,0,127
שחת,ruina,0,127
שחת,disperdo,15,127
שחת,interfacio,7,127
שחת,morior,2,127
שחת,exitium,0,127
שחת,occido,6,127
שחת,occidium,0,127
שחת,occaedes,1,127
שחת,corrumpo,4,127
שטה,corruptibilis,0,40
שטה,silua,0,40
שטה,tignum,0,40
שטה,materia,0,40
שטה,lignum,26,40
שטן,aduersarius,4,22
שטן,nuntius,0,22
שטן,legatus,0,22
שטן,angelus,3,22
שטנ,diabolus,0,0
שטנ,prodicius,0,0
שטנ,obiector,0,0
שטף,spes,2,25
שטף,spero,0,25
שטף,exspectatio,0,25
שטף,mors,2,25
שטף,letum,0,25
שטף,nex,0,25
שטף,defunctus,0,25
שטף,fatum,0,25
שטף,mortis,0,25
שטף,morte,0,25
שטף,mortem,0,25
שטר,syllabus,0,25
שטר,inuado,0,25
שטר,pars,1,25
שטר,latus,1,25
שטר,costa,0,25
שטר,scriba,2,25
שטר,amanuensis,0,25
שי,ouis,0,1
שי,pecus,0,1
שי,grex,0,1
שי,pecuarius,0,1
שיבה,senectus,6,18
שיבה,senium,0,18
שיבה,aetas,1,18
שיבה,saeculum,0,18
שיבה,adulescentia,0,18
שיבה,iuuentus,0,18
שיבה,aeuum,0,18
שיבה,tantus,0,18
שיבה,celatum,0,18
שיבה,inaspectus,0,18
שיבה,pluto,0,18
שיבה,plutonis,0,18
שיבה,dis,0,18
שיבה,orcus,0,18
שיבה,reddo,0,18
שיבה,restituo,0,18
שיבה,deduco,5,18
שיבה,caesaries,0,18
שיבת,caesaries,0,0
שיד,puluis,0,4
שיזבות,detraho,0,0
שיזבות,uerutum,0,0
שיח,garrulitas,0,20
שיח,indigeo,0,20
שיחה,curo,0,1
שיחה,cura,0,1
שיחו,elogio,0,0
שיט,remus,0,1
שיט,tonsa,0,1
שיט,remulus,0,1
שיט,capulus,0,1
שיט,manubriolum,0,1
שימ,pono,0,0
שימ,loco,0,0
שימ,statuo,0,0
שימ,colloco,0,0
שימ,locus,0,0
שימו,pono,0,0
שימו,loco,0,0
שימו,statuo,0,0
שימו,colloco,0,0
שימו,locus,0,0
שיר,cantus,0,76
שיר,carmen,8,76
שיר,carminis,0,76
שיר,membrum,0,76
שיר,artus,0,76
שיר,hymnus,1,76
שיר,psalmus,0,76
שיר,chelys,0,76
שירה,cantus,0,11
שירה,carmen,5,11
שירה,carminis,0,11
שירה,membrum,0,11
שירה,artus,0,11
שירה,hymnus,0,11
שית,spina,6,55
שית,siccus,0,55
שך,spina,0,2
שכב,somnus,4,183
שכב,dormio,135,183
שכב,supercubo,0,183
שכב,sopio,1,183
שכב,quiesco,4,183
שכב,cubo,2,183
שכבה,sopio,0,10
שכבה,quiesco,0,10
שכבה,somnus,0,10
שכבה,dormio,2,10
שכבה,cubo,0,10
שכבה,immundus,4,10
שכבה,lectulus,0,10
שכבה,semen,4,10
שכבה,stirps,0,10
שכבה,proles,0,10
שכבה,semento,0,10
שכבי,sopio,0,0
שכבי,quiesco,0,0
שכבי,somnus,0,0
שכבי,dormio,0,0
שכבי,cubo,0,0
שכבת,sopio,0,4
שכבת,quiesco,0,4
שכבת,somnus,0,4
שכבת,dormio,0,4
שכבת,cubo,0,4
שכבת,lectulus,0,4
שכבתי,sopio,0,0
שכבתי,quiesco,0,0
שכבתי,somnus,0,0
שכבתי,dormio,0,0
שכבתי,cubo,0,0
שכוי,gallus,1,1
שכוי,crepitaculum,0,1
שכור,madeo,0,12
שכח,obliuiscor,35,70
שכח,oblitterus,0,70
שכח,lateo,0,70
שכח,fallo,0,70
שכיה,nauis,1,2
שכיה,puppis,0,2
שכיה,carina,0,2
שכיה,ratis,0,2
שכיה,classis,0,2
שכיה,uasum,0,2
שכיה,naui,0,2
שכיה,nauem,0,2
שכיה,nauicula,0,2
שכיה,scapha,0,2
שכין,gladius,0,1
שכין,ferrum,0,1
שכין,culter,1,1
שכיר,mercenarius,1,18
שכיר,merces,4,18
שכיר,praemium,0,18
שכיר,stipendium,0,18
שכיר,gero,0,18
שכיר,soluo,0,18
שכיר,reddo,1,18
שכיר,aduena,3,18
שכך,descendo,0,5
שכך,deicio,0,5
שכך,detexo,0,5
שכך,lanificium,0,5
שכל,prudentia,2,77
שכל,impius,1,77
שכל,malus,5,77
שכל,improbus,0,77
שכלות,stultitia,1,1
שכלות,dementia,0,1
שכלים,orbitas,0,1
שכלתי,illiberis,0,0
שכלתנו,prudentia,0,0
שכם,humerus,2,135
שכם,umerus,10,135
שכם,crudus,0,135
שכם,propediem,0,135
שכם,praematurus,0,135
שכמ,humerus,0,0
שכמ,umerus,0,0
שכמ,crudus,0,0
שכן,habito,67,112
שכן,incolo,2,112
שכן,uiuo,1,112
שכנ,interquiesco,0,0
שכנ,habito,0,0
שכנה,cohabito,0,0
שכר,merces,23,78
שכר,praemium,0,78
שכר,stipendium,0,78
שכר,gero,0,78
שכר,soluo,0,78
שכר,reddo,3,78
שכר,conduco,12,78
שכר,eloco,0,78
שכר,praebibo,0,78
שכר,uinum,23,78
שכר,bacchus,0,78
שכר,uini,0,78
שלג,phocis,0,17
שלג,nix,16,17
שלג,niuit,0,17
שלג,niualis,0,17
שלג,niueus,0,17
שלהבת,flamma,1,2
שלהבת,ignis,0,2
שלו,cychramus,0,17
שלו,coturnix,3,17
שלו,ortygia,0,17
שלוה,dolus,0,4
שלוה,astus,0,4
שלוה,farratus,0,4
שלום,pax,124,205
שלום,otium,1,205
שלום,quiesco,1,205
שלום,quies,0,205
שלומ,pax,0,0
שלומ,otium,0,0
שלומ,saluus,0,0
שלומ,tueor,0,0
שלומ,salutaris,0,0
שלומ,saluator,0,0
שלומ,salus,0,0
שלומ,ualeo,0,0
שלומ,ualetudo,0,0
שלומ,gaudeo,0,0
שלומ,laetor,0,0
שלומ,laeto,0,0
שלומ,grando,0,0
שלומ,gaudium,0,0
שלומ,fruor,0,0
שלומ,delecto,0,0
שלומ,uoluptas,0,0
שלומ,laetitia,0,0
שלוש,tres,0,0
שלוש,terni,0,0
שלוש,triceni,0,0
שלוש,triginta,0,0
שלוש,tertius,0,0
שלוש,tertio,0,0
שלושה,tres,0,0
שלושה,terni,0,0
שלושימ,triceni,0,0
שלושימ,triginta,0,0
שלח,mitto,470,776
שלח,dimitto,115,776
שלח,littera,11,776
שלח,aufero,7,776
שלח,transmitto,0,776
שלח,emitto,30,776
שלח,porrigo,0,776
שלח,amando,0,776
שלח,uerutum,0,776
שלח,ergo,70,776
שלח,hinc,0,776
שלח,igitur,20,776
שלח,propterea,2,776
שלח,ideo,4,776
שלח,pro,27,776
שלחה,mitto,0,0
שלחה,littera,0,0
שלחה,dimitto,0,0
שלחה,aufero,0,0
שלחו,mitto,0,0
שלחו,littera,0,0
שלחו,dimitto,0,0
שלחו,aufero,0,0
שלחו,amando,0,0
שלחן,mensa,51,57
שלחן,ripa,0,57
שלחן,tabula,0,57
שלחנ,unus,0,0
שלחנ,complures,0,0
שלחנ,alter,0,0
שלחנ,quisque,0,0
שלחנ,mensa,0,0
שלחנ,ripa,0,0
שלחנ,tabula,0,0
שלחתי,mitto,0,0
שלחתי,littera,0,0
שלחתי,dimitto,0,0
שלחתי,aufero,0,0
שלחתי,amando,0,0
שלחתמ,mitto,0,0
שלחתמ,littera,0,0
שלחתמ,dimitto,0,0
שלחתמ,aufero,0,0
שלט,clipeus,2,16
שלט,scutum,0,16
שלט,parma,0,16
שלט,aegis,0,16
שלטן,imperium,0,2
שלטן,praecipio,0,2
שלטן,magistratus,2,2
שלטנ,imperium,0,0
שלטנ,principium,0,0
שלטנ,initium,0,0
שלטנ,magistratus,0,0
שלטנ,regnum,0,0
שלטנ,honor,0,0
שלטנ,ratio,0,0
שלטנ,officium,0,0
שלטנ,potestas,0,0
שלטנ,uis,0,0
שלטנ,primus,0,0
שלטנ,auctoritas,0,0
שלטנ,licentia,0,0
שלטני,praetor,0,0
שלי,conquiesco,0,4
שלי,quiesco,0,4
שלי,pax,0,4
שלי,otium,0,4
שלי,quies,0,4
שליו,conquiesco,0,7
שליו,quiesco,2,7
שליו,pax,0,7
שליו,otium,0,7
שליו,quies,0,7
שליט,praetor,0,8
שליט,dominicus,0,8
שליט,tyrannus,0,8
שליט,dominor,1,8
שליט,regius,0,8
שלישי,tertius,65,74
שלישי,tertio,0,74
שלישימ,triceni,0,0
שלישימ,triginta,0,0
שלישית,tertius,15,19
שלישית,tertio,0,19
שלישית,quartus,2,19
שלך,iacio,2,110
שלך,mitto,22,110
שלך,peto,0,110
שלך,ferio,0,110
שלך,icio,0,110
שלך,proicio,61,110
שלך,eicio,0,110
שלך,impono,0,110
שלך,reiecto,0,110
שלל,rapina,1,68
שלל,harpago,0,68
שלל,rapio,1,68
שלל,corripio,1,68
שלל,praeda,34,68
שלל,diripio,13,68
שלל,spolium,26,68
שלל,exuuiae,0,68
שלל,conuelo,0,68
שלל,obnubo,0,68
שלם,incolumitas,0,202
שלמ,uendo,0,0
שלמ,restituo,0,0
שלמ,soluo,0,0
שלמ,trado,0,0
שלמ,redeo,0,0
שלמ,reuorto,0,0
שלמ,stipendium,0,0
שלמ,libero,0,0
שלמ,reddo,0,0
שלמ,pax,0,0
שלמ,otium,0,0
שלמ,pacalis,0,0
שלמ,pacifero,0,0
שלמ,conficio,0,0
שלמ,perficio,0,0
שלמה,germanus,0,266
שלמה,rex,92,266
שלמה,tyrannus,0,266
שלמה,dominus,86,266
שלמה,princeps,13,266
שלמה,regis,0,266
שלמה,regem,0,266
שלמה,regi,0,266
שלמה,uestis,4,266
שלמה,uestimentum,4,266
שלמה,pallium,3,266
שלמה,toga,0,266
שלמו,uendo,0,0
שלמו,restituo,0,0
שלמו,soluo,0,0
שלמו,trado,0,0
שלמו,redeo,0,0
שלמו,reuorto,0,0
שלמו,stipendium,0,0
שלמו,libero,0,0
שלמו,reddo,0,0
שלמימ,incolumitas,0,0
שלמת,uestis,0,0
שלמת,uestimentum,0,0
שלמת,pallium,0,0
שלמת,toga,0,0
שלף,traho,0,25
שלף,rapio,0,25
שלף,ensiculus,0,25
שלף,ensifer,0,25
שלף,mille,9,25
שלף,miliarius,0,25
שלש,decem,11,517
שלש,deni,0,517
שלש,sexageni,0,517
שלש,sexagenarius,0,517
שלש,quinquaginta,16,517
שלש,quindecim,4,517
שלש,quinque,26,517
שלש,tres,250,517
שלש,terni,1,517
שלש,terdecies,0,517
שלש,tredecim,11,517
שלש,triceni,0,517
שלש,triginta,138,517
שלש,centum,30,517
שלש,treceni,0,517
שלש,trecenti,50,517
שלש,ter,3,517
שלש,tertius,29,517
שלש,tertio,0,517
שלשה,uicesimus,0,3
שלשה,tres,0,3
שלשה,terni,0,3
שלשה,tertius,0,3
שלשה,tertio,0,3
שלשום,hesternus,0,24
שלשום,tertius,13,24
שלשום,tertio,0,24
שלשומ,dies,0,0
שלשומ,hodie,0,0
שלשומ,itis,0,0
שלשומ,diei,0,0
שלשומ,lux,0,0
שלשומ,tertius,0,0
שלשומ,tertio,0,0
שלשי,tertius,0,0
שלשי,tertio,0,0
שלשימ,centum,0,0
שלשימ,ducenti,0,0
שלשימ,duceni,0,0
שלשימ,duo,0,0
שלשימ,uter,0,0
שלשימ,bini,0,0
שלשימ,septuaginta,0,0
שלשימ,septuageni,0,0
שלשימ,uicesimus,0,0
שלשימ,uiginti,0,0
שלשימ,uiceni,0,0
שלשימ,septeni,0,0
שלשימ,hebdomada,0,0
שלשימ,octo,0,0
שלשימ,quinquaginta,0,0
שלשימ,quindecim,0,0
שלשימ,quinque,0,0
שלשימ,quadraginta,0,0
שלשימ,quattuor,0,0
שלשימ,tres,0,0
שלשימ,terni,0,0
שלשימ,triceni,0,0
שלשימ,triginta,0,0
שלשימ,treceni,0,0
שלשימ,trecenti,0,0
שלשימ,tertius,0,0
שלשימ,tertio,0,0
שלשימ,tripedaneus,0,0
שלשית,tertius,0,0
שלשית,tertio,0,0
שלשמ,dies,0,0
שלשמ,hodie,0,0
שלשמ,itis,0,0
שלשמ,diei,0,0
שלשמ,lux,0,0
שלשמ,tertius,0,0
שלשמ,tertio,0,0
שלשת,tres,0,0
שלשת,terni,0,0
שלשת,mille,0,0
שלשת,miliarius,0,0
שמ,ibi,0,0
שמ,impono,0,0
שמ,impetus,0,0
שמ,oppugno,0,0
שמ,constituo,0,0
שמ,pono,0,0
שמ,nomen,0,0
שמ,uerbum,0,0
שמ,sermo,0,0
שמ,nomino,0,0
שמ,cognominis,0,0
שמ,caelum,0,0
שמ,caelus,0,0
שמ,hercules,0,0
שמ,polus,0,0
שמ,caeli,0,0
שמ,aether,0,0
שמ,totus,0,0
שמ,uniuersus,0,0
שמ,cunctus,0,0
שמ,omnis,0,0
שמ,signum,0,0
שמ,symbolus,0,0
שמ,loco,0,0
שמ,statuo,0,0
שמ,colloco,0,0
שמ,locus,0,0
שמ,regio,0,0
שמ,ager,0,0
שמאול,sinister,0,0
שמאול,laeuus,0,0
שמאול,laeua,0,0
שמאל,sinister,14,55
שמאל,laeuus,4,55
שמאל,laeua,0,55
שמאל,rex,3,55
שמאל,tyrannus,0,55
שמאל,dominus,7,55
שמאל,princeps,1,55
שמאל,regis,0,55
שמאל,regem,0,55
שמאל,regi,0,55
שמאל,dexter,36,55
שמאל,ius,0,55
שמאלי,sinister,2,9
שמאלי,laeuus,1,9
שמאלי,laeua,0,9
שמאלי,dexter,3,9
שמאלי,ius,0,9
שמאלי,oleum,2,9
שמאלי,olearius,0,9
שמאלי,olearis,0,9
שמד,pereo,5,79
שמד,perdo,4,79
שמד,amitto,0,79
שמד,mors,0,79
שמד,deleo,29,79
שמד,intereo,3,79
שמד,ruina,1,79
שמד,disperdo,8,79
שמד,interfacio,1,79
שמד,morior,1,79
שמד,exitium,0,79
שמד,occido,2,79
שמה,ibi,1,45
שמה,solitudo,9,45
שמה,desero,4,45
שמה,pono,10,45
שמה,loco,0,45
שמה,statuo,0,45
שמה,colloco,0,45
שמה,locus,3,45
שמו,pono,0,0
שמו,loco,0,0
שמו,statuo,0,0
שמו,colloco,0,0
שמו,locus,0,0
שמונה,decem,0,0
שמונה,deni,0,0
שמונה,octingenti,0,0
שמונה,octo,0,0
שמונה,duodeuicesimus,0,0
שמונימ,octoginta,0,0
שמונימ,octogeni,0,0
שמונימ,octogenarius,0,0
שמוע,sarcio,0,5
שמוע,auditio,0,5
שמוע,auditus,0,5
שמוע,audio,0,5
שמוע,exaudio,0,5
שמוע,ausculto,0,5
שמועה,nuntius,5,22
שמועה,renuntio,0,22
שמועה,auditio,2,22
שמועה,auditus,8,22
שמועה,fama,4,22
שמועה,rumor,1,22
שמועה,defero,0,22
שמועה,nuntio,2,22
שמור,seruo,0,0
שמור,custodio,0,0
שמור,praesidium,0,0
שמור,caueo,0,0
שמור,custos,0,0
שמות,nomen,0,0
שמות,uerbum,0,0
שמות,sermo,0,0
שמות,nomino,0,0
שמות,cognominis,0,0
שמות,filius,0,0
שמות,natus,0,0
שמות,gnatus,0,0
שמות,progenies,0,0
שמות,proles,0,0
שמות,nascor,0,0
שמות,filium,0,0
שמות,filii,0,0
שמות,filio,0,0
שמח,hilaro,0,108
שמח,gaudeo,16,108
שמח,laetor,27,108
שמח,ualeo,0,108
שמח,laeto,35,108
שמח,grando,0,108
שמח,gaudium,7,108
שמח,fruor,2,108
שמח,delecto,1,108
שמח,uoluptas,1,108
שמח,laetitia,5,108
שמחה,hippegus,0,74
שמחה,gaudimonium,0,74
שמחה,festiuitas,0,74
שמחה,laetitia,41,74
שמחה,gaudium,33,74
שמחו,hilaro,0,0
שמחימ,gaudeo,0,0
שמחימ,laetor,0,0
שמחימ,ualeo,0,0
שמחימ,laeto,0,0
שמחימ,grando,0,0
שמחימ,gaudium,0,0
שמחימ,fruor,0,0
שמחימ,delecto,0,0
שמחימ,uoluptas,0,0
שמחימ,laetitia,0,0
שמחת,festiuitas,0,0
שמט,postis,0,7
שמטה,postis,0,4
שמי,aurora,0,5
שמי,mane,0,5
שמי,usque,0,5
שמי,dum,0,5
שמי,quoad,0,5
שמי,donec,0,5
שמי,caelum,0,5
שמי,caelus,0,5
שמי,hercules,0,5
שמי,polus,0,5
שמי,caeli,0,5
שמי,aether,0,5
שמי,supremitas,0,5
שמימ,aurora,0,0
שמימ,mane,0,0
שמימ,usque,0,0
שמימ,dum,0,0
שמימ,quoad,0,0
שמימ,donec,0,0
שמימ,caelum,0,0
שמימ,caelus,0,0
שמימ,hercules,0,0
שמימ,polus,0,0
שמימ,caeli,0,0
שמימ,aether,0,0
שמימ,pono,0,0
שמימ,loco,0,0
שמימ,statuo,0,0
שמימ,colloco,0,0
שמימ,locus,0,0
שמין,dea,0,14
שמין,caelum,14,14
שמין,caelus,0,14
שמין,hercules,0,14
שמין,deus,13,14
שמין,deum,0,14
שמין,dei,0,14
שמין,deo,0,14
שמין,numen,0,14
שמין,diuus,0,14
שמין,polus,0,14
שמין,caeli,0,14
שמין,aether,0,14
שמיני,octauus,25,28
שמיני,mensis,6,28
שמיר,siccus,0,15
שמלה,uestis,8,32
שמלה,uestimentum,13,32
שמלה,pallium,3,32
שמלה,toga,0,32
שמלת,uestis,0,0
שמלת,uestimentum,0,0
שמלת,pallium,0,0
שמלת,toga,0,0
שמלת,uestitus,0,0
שממ,solitudo,0,0
שממ,desero,0,0
שממ,mictus,0,0
שממה,solitudo,15,48
שממה,desero,17,48
שממה,internecio,0,48
שמן,populus,5,175
שמן,plebs,0,175
שמן,uulgus,0,175
שמן,terra,8,175
שמן,contio,0,175
שמן,communis,0,175
שמן,ecclesia,0,175
שמן,ager,3,175
שמן,praepinguis,0,175
שמן,unguinosus,0,175
שמן,opimus,0,175
שמן,oleum,124,175
שמן,olearius,0,175
שמן,olearis,0,175
שמנ,oleum,0,0
שמנ,olearius,0,0
שמנ,olearis,0,0
שמנ,unguentum,0,0
שמנה,decem,20,137
שמנה,deni,0,137
שמנה,uicesimus,0,137
שמנה,uiginti,14,137
שמנה,uiceni,0,137
שמנה,nonagenarius,0,137
שמנה,nonaginta,4,137
שמנה,septingenti,1,137
שמנה,septingenties,0,137
שמנה,octingenti,15,137
שמנה,octo,69,137
שמנה,quinquaginta,1,137
שמנה,quindecim,1,137
שמנה,quinque,8,137
שמנה,quadraginta,8,137
שמנה,quadrageni,0,137
שמנה,triceni,0,137
שמנה,triginta,10,137
שמני,ditiae,0,0
שמנימ,centum,0,0
שמנימ,octoginta,0,0
שמנימ,octogeni,0,0
שמנימ,octogenarius,0,0
שמנימ,quinquaginta,0,0
שמנימ,quindecim,0,0
שמנימ,quinque,0,0
שמע,sarcio,0,983
שמע,auditio,4,983
שמע,auditus,27,983
שמע,audio,750,983
שמע,exaudio,50,983
שמע,ausculto,9,983
שמע,nomen,36,983
שמע,uerbum,134,983
שמע,sermo,66,983
שמע,nomino,0,983
שמע,quaero,10,983
שמע,percipio,8,983
שמע,rogo,2,983
שמע,cognosco,10,983
שמע,peto,2,983
שמע,certus,1,983
שמע,interrogo,5,983
שמע,disco,4,983
שמע,pareo,2,983
שמעה,auditio,0,1
שמעה,auditus,0,1
שמעה,audio,0,1
שמעה,exaudio,0,1
שמעה,ausculto,0,1
שמעו,audio,0,0
שמעו,exaudio,0,0
שמעו,ausculto,0,0
שמעות,auditio,0,0
שמעות,auditus,0,0
שמעי,audio,7,47
שמעי,exaudio,0,47
שמעי,ausculto,0,47
שמעימ,audio,0,0
שמעימ,exaudio,0,0
שמעימ,ausculto,0,0
שמעינ,audio,0,0
שמעינ,exaudio,0,0
שמעינ,ausculto,0,0
שמענו,audio,0,0
שמענו,exaudio,0,0
שמענו,ausculto,0,0
שמעת,audio,0,1
שמעת,exaudio,0,1
שמעת,ausculto,0,1
שמעתי,audio,0,1
שמעתי,exaudio,0,1
שמעתי,ausculto,0,1
שמעתמ,audio,0,0
שמעתמ,exaudio,0,0
שמעתמ,ausculto,0,0
שמר,asseruo,0,377
שמר,seruo,24,377
שמר,conseruo,3,377
שמר,tueor,0,377
שמר,saluus,0,377
שמר,salus,2,377
שמר,libero,0,377
שמר,retineo,0,377
שמר,saluo,1,377
שמר,custodio,187,377
שמר,praesidium,0,377
שמר,caueo,18,377
שמר,custos,43,377
שמר,imperatus,0,377
שמרה,oculus,0,0
שמרה,palpebra,0,0
שמרה,gena,0,0
שמרה,seruo,0,0
שמרה,custodio,0,0
שמרה,praesidium,0,0
שמרה,caueo,0,0
שמרה,custos,0,0
שמרו,seruo,0,0
שמרו,custodio,0,0
שמרו,praesidium,0,0
שמרו,caueo,0,0
שמרו,custos,0,0
שמרי,seruo,0,4
שמרי,custodio,0,4
שמרי,praesidium,0,4
שמרי,caueo,0,4
שמרי,custos,0,4
שמרימ,custodia,0,0
שמרימ,uigilia,0,0
שמרימ,praesidium,0,0
שמרימ,carcer,0,0
שמרימ,uinculum,0,0
שמרימ,custos,0,0
שמרת,seruo,0,1
שמרת,custodio,0,1
שמרת,praesidium,0,1
שמרת,caueo,0,1
שמרת,custos,0,1
שמרתי,seruo,0,0
שמרתי,custodio,0,0
שמרתי,praesidium,0,0
שמרתי,caueo,0,0
שמרתי,custos,0,0
שמש,sol,92,131
שמש,phoebus,0,131
שמש,solis,0,131
שמש,ortus,13,131
שמש,exortiuus,0,131
שמשון,syron,0,37
שמת,impono,0,0
שמת,impetus,0,0
שמת,oppugno,0,0
שמת,constituo,0,0
שמת,pono,0,0
שמת,nomen,0,0
שמת,uerbum,0,0
שמת,sermo,0,0
שמת,nomino,0,0
שמת,loco,0,0
שמת,statuo,0,0
שמת,colloco,0,0
שמת,locus,0,0
שמתי,do,0,1
שמתי,trado,0,1
שמתי,dono,0,1
שמתי,tribuo,0,1
שמתי,concedo,0,1
שמתי,soluo,0,1
שמתי,reddo,0,1
שמתי,stipendium,0,1
שמתי,pono,0,1
שמתי,loco,0,1
שמתי,statuo,0,1
שמתי,colloco,0,1
שמתי,locus,0,1
שן,dens,26,44
שן,eboreus,0,44
שן,ebur,2,44
שנ,promunturium,0,0
שנ,succinctus,0,0
שנ,duo,0,0
שנ,uterque,0,0
שנ,uter,0,0
שנ,bini,0,0
שנ,eboreus,0,0
שנ,ebur,0,0
שנ,uia,0,0
שנ,iter,0,0
שנ,semita,0,0
שנ,modus,0,0
שנ,dens,0,0
שנא,odi,49,100
שנא,ingesto,0,100
שנא,hostis,5,100
שנא,inimicus,12,100
שנא,infestus,0,100
שנא,odium,14,100
שנאה,odium,10,12
שנאה,simultas,0,12
שנאה,inimicitia,0,12
שנאה,odi,3,12
שנאו,odi,0,0
שנאו,odium,0,0
שנאת,odi,0,0
שנאת,odium,0,0
שנאתי,odi,0,0
שנאתי,odium,0,0
שנה,annus,528,659
שנה,anni,0,659
שנה,incassus,0,659
שנה,emissicius,0,659
שנהבים,eboreus,0,2
שנהבים,ebur,1,2
שנהבים,elephantus,0,2
שנהבים,eburnus,0,2
שנות,annus,0,0
שנות,incassus,0,0
שנות,emissicius,0,0
שני,duo,16,189
שני,uterque,8,189
שני,alter,41,189
שני,deinde,0,189
שני,iterum,1,189
שני,secundo,0,189
שני,proximus,1,189
שני,secundus,84,189
שני,uter,0,189
שני,bini,0,189
שני,annus,15,189
שני,anni,0,189
שני,igitur,2,189
שני,ergo,2,189
שני,incassus,0,189
שני,emissicius,0,189
שני,coccum,18,189
שני,coccineus,4,189
שני,dens,0,189
שני,filius,37,189
שני,natus,0,189
שני,gnatus,0,189
שני,progenies,0,189
שני,proles,0,189
שני,nascor,4,189
שני,filium,0,189
שני,filii,0,189
שני,filio,0,189
שנים,duo,382,656
שנים,uterque,63,656
שנים,uter,1,656
שנים,bini,11,656
שנימ,decem,0,0
שנימ,deni,0,0
שנימ,alter,0,0
שנימ,deinde,0,0
שנימ,iterum,0,0
שנימ,secundo,0,0
שנימ,proximus,0,0
שנימ,secundus,0,0
שנימ,centum,0,0
שנימ,ducenti,0,0
שנימ,duceni,0,0
שנימ,duplus,0,0
שנימ,duplex,0,0
שנימ,duo,0,0
שנימ,uter,0,0
שנימ,bini,0,0
שנימ,duodecim,0,0
שנימ,duodecimus,0,0
שנימ,uncia,0,0
שנימ,uicesimus,0,0
שנימ,uiginti,0,0
שנימ,uiceni,0,0
שנימ,annus,0,0
שנימ,anni,0,0
שנימ,sexageni,0,0
שנימ,sexagenarius,0,0
שנימ,incassus,0,0
שנימ,emissicius,0,0
שנימ,triceni,0,0
שנימ,triginta,0,0
שנינ,differo,0,0
שנינ,dissentio,0,0
שנינ,disto,0,0
שנינ,supero,0,0
שנינ,uinco,0,0
שנינ,intersum,0,0
שנינ,dens,0,0
שנינה,exprobo,0,4
שנינה,obicio,0,4
שנינה,opprobrium,1,4
שנינה,obiectatio,0,4
שנינה,exprobro,0,4
שנית,alter,0,0
שנית,deinde,0,0
שנית,iterum,0,0
שנית,secundo,0,0
שנית,proximus,0,0
שנית,secundus,0,0
שנית,unus,0,0
שנית,alienus,0,0
שנית,aliter,0,0
שנית,quisquam,0,0
שנית,alius,0,0
שנס,praecingo,0,1
שנת,annus,0,0
שנת,anni,0,0
שנת,incassus,0,0
שנת,emissicius,0,0
שנת,somnus,0,0
שנת,sopor,0,0
שנת,dormio,0,0
שנת,soporus,0,0
שנתימ,alter,0,0
שנתימ,deinde,0,0
שנתימ,iterum,0,0
שנתימ,secundo,0,0
שנתימ,proximus,0,0
שנתימ,secundus,0,0
שנתימ,duo,0,0
שנתימ,uter,0,0
שנתימ,bini,0,0
שנתימ,annus,0,0
שנתימ,incassus,0,0
שנתימ,emissicius,0,0
שסה,praeda,0,9
שסה,spolium,0,9
שסה,exuuiae,0,9
שסס,rapina,0,4
שסס,harpago,0,4
שסס,rapio,0,4
שסס,corripio,0,4
שסס,praeda,0,4
שסס,diripio,2,4
שסע,educo,0,8
שסע,ungulatus,0,8
שסע,probata,0,8
שעה,suadeo,0,15
שעה,persuadeo,0,15
שעה,pareo,0,15
שעה,oboedio,0,15
שעה,adduco,0,15
שעה,persuasio,0,15
שעה,inductus,0,15
שעה,credo,0,15
שעיר,capra,1,95
שעיר,caper,3,95
שעיר,hircus,7,95
שעיר,caprinus,0,95
שעיר,hircinus,0,95
שעיר,attagus,0,95
שעירה,capra,2,3
שעירה,caper,0,3
שעירה,hircus,0,3
שעירה,caprinus,0,3
שעירה,hircinus,0,3
שעירה,fero,0,3
שעירה,porto,0,3
שעירה,gero,0,3
שעירה,affero,0,3
שעירה,adduco,0,3
שעירה,educo,0,3
שעירה,duco,0,3
שעירה,induco,0,3
שעירה,defero,0,3
שעירה,introduco,0,3
שעירה,infero,0,3
שעירה,offertor,2,3
שער,uillus,0,325
שער,crinis,0,325
שער,come,0,325
שער,capillus,12,325
שער,caesaries,3,325
שער,porta,227,325
שער,ianua,7,325
שער,fores,4,325
שער,foras,1,325
שער,ostium,17,325
שער,foris,7,325
שער,limen,6,325
שער,coma,1,325
שער,comae,0,325
שער,urbs,19,325
שער,ciuitas,35,325
שער,oppidum,2,325
שער,moenia,0,325
שער,publicus,1,325
שער,athenae,0,325
שער,municipium,0,325
שער,urbem,0,325
שער,urbis,0,325
שער,portae,0,325
שער,tribus,3,325
שער,gens,5,325
שער,tributim,0,325
שער,iuba,0,325
שערה,hordeum,26,38
שערה,hordeius,0,38
שערה,iudico,0,38
שערה,decerno,0,38
שערה,iudex,0,38
שערה,iudicium,0,38
שערה,reciperator,0,38
שערה,statuo,0,38
שערה,crinis,0,38
שערה,come,0,38
שערה,capillus,4,38
שערה,caesaries,0,38
שערה,porta,2,38
שערה,ianua,0,38
שערה,fores,0,38
שערה,limen,0,38
שערה,ostium,0,38
שערה,portae,0,38
שערות,crinis,0,0
שערות,come,0,0
שערות,capillus,0,0
שערות,caesaries,0,0
שערי,porta,0,0
שערי,ianua,0,0
שערי,fores,0,0
שערי,limen,0,0
שערי,ostium,0,0
שערי,portae,0,0
שערימ,hordeum,0,0
שערימ,hordeius,0,0
שערימ,porta,0,0
שערימ,ianua,0,0
שערימ,fores,0,0
שערימ,limen,0,0
שערימ,ostium,0,0
שערימ,portae,0,0
שעשע,declamatio,0,0
שעת,hora,0,0
שעת,tempus,0,0
שעת,prospicus,0,0
שעתה,hora,0,0
שעתה,tempus,0,0
שעתה,prospicus,0,0
שפה,aurum,2,133
שפה,os,25,133
שפה,labium,84,133
שפה,labrum,1,133
שפה,osculum,0,133
שפוט,sententia,0,1
שפוט,iudicium,1,1
שפוט,consilium,0,1
שפוט,animus,0,1
שפוט,mens,0,1
שפוט,opinio,0,1
שפוט,existimo,0,1
שפוט,censeo,0,1
שפוט,sentio,0,1
שפוט,existimatio,0,1
שפחה,famula,3,57
שפחה,ancilla,45,57
שפחה,ministra,0,57
שפחה,adulescentula,0,57
שפחות,adulescentula,0,0
שפחת,seruus,0,0
שפחת,famulus,0,0
שפחת,mancipium,0,0
שפחת,seruio,0,0
שפחת,seruitium,0,0
שפחת,puer,0,0
שפחת,adulescentula,0,0
שפט,scriba,0,171
שפט,amanuensis,0,171
שפט,iudex,41,171
שפט,iudico,94,171
שפט,decerno,2,171
שפט,uerutum,0,171
שפט,hordeum,0,171
שפט,hordeius,0,171
שפט,iudicium,38,171
שפט,reciperator,0,171
שפט,statuo,1,171
שפט,arbiter,1,171
שפטו,iudico,0,0
שפטו,decerno,0,0
שפטו,iudex,0,0
שפטו,iudicium,0,0
שפטו,reciperator,0,0
שפטו,statuo,0,0
שפטימ,arbiter,0,0
שפי,uestigium,0,10
שפיפן,draco,0,1
שפיפן,serpens,0,1
שפיפן,anguis,0,1
שפיפן,coluber,1,1
שפך,effundo,61,94
שפך,offundo,0,94
שפך,defundo,0,94
שפך,animus,0,94
שפך,spiritus,2,94
שפך,furor,10,94
שפך,ira,6,94
שפך,cor,3,94
שפך,pectus,0,94
שפך,amor,0,94
שפך,mens,0,94
שפך,libido,0,94
שפך,pectoralis,0,94
שפך,animi,0,94
שפכ,effundo,0,0
שפכ,offundo,0,0
שפכ,defundo,0,0
שפכה,effundo,0,1
שפכה,offundo,0,1
שפכה,defundo,0,1
שפכו,effundo,0,0
שפכו,offundo,0,0
שפכו,defundo,0,0
שפל,humilis,14,38
שפל,humilio,20,38
שפל,altus,0,38
שפל,celsus,0,38
שפל,excelsus,4,38
שפל,sublimis,9,38
שפל,superus,0,38
שפל,alo,0,38
שפל,summus,0,38
שפלה,montanus,7,20
שפלה,campus,0,20
שפלה,planities,2,20
שפלה,campe,0,20
שפלה,planus,1,20
שפלה,humilis,1,20
שפן,tego,0,27
שפן,uelo,0,27
שפן,operio,0,27
שפע,auctus,0,1
שפע,inuidentia,0,1
שפעה,missa,0,5
שפק,satis,0,5
שפק,supersum,0,5
שפר,placeo,0,3
שפר,tuba,0,3
שפר,lituus,0,3
שפר,bucina,0,3
שפר,tubula,0,3
שפרפר,lux,0,0
שפרפר,mane,0,0
שפרפר,aurora,0,0
שפרפר,eos,0,0
שפרפר,orientalis,0,0
שפרפר,matutinus,0,0
שפרפר,propediem,0,0
שפרפר,praematurus,0,0
שפת,labium,0,3
שפת,labrum,0,3
שפתות,labium,0,0
שפתות,labrum,0,0
שפתי,labium,0,0
שפתי,labrum,0,0
שפתימ,labium,0,0
שפתימ,labrum,0,0
שק,crus,0,43
שק,internodium,0,43
שק,euerto,0,43
שק,diruo,0,43
שק,subuerto,0,43
שק,destruo,0,43
שק,depopulor,0,43
שק,uasto,1,43
שק,diripio,0,43
שק,populor,0,43
שק,cilicium,13,43
שק,saccus,28,43
שק,sura,0,43
שק,uestis,3,43
שק,uestimentum,7,43
שק,pallium,0,43
שק,toga,0,43
שק,inicio,0,43
שקה,praegustator,0,56
שקה,madefacto,0,56
שקוץ,idolum,5,23
שקוץ,simulacrum,1,23
שקוץ,imaginis,0,23
שקוץ,umbra,0,23
שקוץ,imago,1,23
שקוץ,abominatio,13,23
שקוצ,abominatio,0,0
שקוצימ,abominatio,0,0
שקימ,cilicium,0,0
שקימ,saccus,0,0
שקל,sicilicus,0,72
שקל,sisto,0,72
שקל,sto,0,72
שקל,constituo,0,72
שקל,erigo,0,72
שקל,ungulus,0,72
שקל,pecunia,2,72
שקל,argenteus,16,72
שקל,nummus,0,72
שקל,argentum,22,72
שקל,septuaginta,14,72
שקל,septuageni,0,72
שקל,centum,16,72
שקל,oleum,13,72
שקל,olearius,0,72
שקל,olearis,0,72
שקל,triceni,0,72
שקל,triginta,18,72
שקף,fenestra,7,19
שקף,specularis,0,19
שקץ,immundus,2,14
שקץ,abominatio,3,14
שקץ,pareas,0,14
שקצ,idolum,0,0
שקצ,simulacrum,0,0
שקצ,imaginis,0,0
שקצ,umbra,0,0
שקצ,imago,0,0
שקק,ruo,1,4
שקק,irruo,0,4
שקק,impetum facio,0,4
שקק,feror,0,4
שקק,proficiscor,0,4
שקר,iniquitas,3,89
שקר,iniustus,0,89
שקר,iniquus,1,89
שקר,iniuria,0,89
שקר,perducto,0,89
שקר,fallo,0,89
שר,nuntius,2,350
שר,legatus,0,350
שר,angelus,3,350
שר,exitium,0,350
שר,perditio,0,350
שר,praegustator,0,350
שר,archiereus,0,350
שר,praetor,0,350
שר,exercitus,45,350
שר,copia,0,350
שר,uis,1,350
שר,uirtus,0,350
שר,imperium,3,350
שר,potentia,0,350
שר,cogo,0,350
שר,opis,0,350
שר,robur,0,350
שר,fortitudo,3,350
שר,potestas,0,350
שר,princeps,278,350
שר,dominator,0,350
שר,duco,6,350
שר,praecedo,0,350
שר,credo,1,350
שר,considero,1,350
שר,existimo,0,350
שר,iudico,1,350
שר,teneo,4,350
שר,praesertim,0,350
שר,magnus,15,350
שר,dux,30,350
שר,praecipuus,0,350
שר,maximus,0,350
שר,communis,0,350
שר,imperator,0,350
שר,periscelis,0,350
שרביט,bacillum,0,3
שרביט,sceptrum,1,3
שרביט,baculum,0,3
שרי,praetor,0,16
שרי,duco,1,16
שרי,praecedo,0,16
שרי,credo,0,16
שרי,considero,0,16
שרי,existimo,0,16
שרי,iudico,1,16
שרי,teneo,0,16
שרי,dux,1,16
שרי,communis,0,16
שרי,imperator,0,16
שרי,tribunus,0,16
שריד,semen,2,30
שריד,stirps,0,30
שריד,proles,0,30
שריד,semento,0,30
שריד,relinquo,5,30
שריד,aurum,1,30
שריד,os,4,30
שריד,labium,0,30
שריד,labrum,0,30
שריד,osculum,0,30
שריד,mos,0,30
שריד,iter,0,30
שריד,modus,0,30
שריד,existimatio,0,30
שריד,fama,0,30
שריד,lura,0,30
שריד,uia,0,30
שריון,induo,3,7
שריון,inito,0,7
שרימ,praetor,0,0
שריר,neruus,0,1
שריר,tortum,0,1
שריר,choreus,0,1
שרף,occensus,0,112
שרץ,examen,0,21
שרץ,immundus,5,21
שרץ,abominatio,0,21
שרץ,pareas,0,21
שרץ,probata,0,21
שרצ,pareas,0,0
שרקה,uitis,1,9
שרקה,mados,0,9
שרר,impero,1,5
שרר,rego,0,5
שרר,dominor,1,5
שרר,incipio,0,5
שרר,coepio,0,5
שרר,duco,0,5
שרר,magistratus,0,5
שרר,princeps,3,5
שרר,praecipio,0,5
שרר,imperium,0,5
שרר,occipio,0,5
שרר,iubeo,0,5
שרר,honor,0,5
שרר,praesum,1,5
שרר,guberno,0,5
שרר,ordior,0,5
שרר,hostis,0,5
שרר,inimicus,0,5
שרר,infestus,0,5
שרר,uirga,0,5
שרר,calamus,0,5
שרש,radix,27,37
שרש,radico,1,37
שרש,fructus,7,37
שרש,pomum,0,37
שרש,messis,1,37
שרש,semen,2,37
שרש,stirps,0,37
שרש,proles,0,37
שרש,semento,0,37
שרשו,radix,0,0
שרשו,radico,0,0
שרשי,exsilium,0,0
שרשי,exsul,0,0
שרשי,fuga,0,0
שרשרה,catena,1,6
שרשרה,tores,0,6
שרשרה,uinculum,0,6
שרשרה,nodus,0,6
שרת,ager,0,89
שרת,iter,0,89
שרת,seruio,0,89
שרת,martius,0,89
שרת,expeditio,0,89
שרת,agmen,0,89
שרת,classis,0,89
שרת,cacus,0,89
שש,carbasus,0,287
שש,liniger,0,287
שש,profunditas,0,287
שש,byssus,6,287
שש,sex,104,287
שש,sescenti,52,287
שש,sexcenarius,0,287
שש,sescentesimus,2,287
שש,sexageni,0,287
שש,sexagenarius,2,287
שש,quadringenti,4,287
שש,quattuor,14,287
ששה,decem,0,2
ששה,deni,0,2
ששה,sextadecimani,0,2
ששון,hippegus,0,17
ששון,gaudimonium,0,17
ששון,dilaudo,0,17
ששון,collaudatio,0,17
ששון,festiuitas,0,17
ששון,quatio,0,17
ששון,concutio,0,17
ששון,quasso,0,17
ששונ,hippegus,0,0
ששונ,gaudimonium,0,0
ששונ,laetatio,0,0
ששונ,dilaudo,0,0
ששונ,collaudatio,0,0
ששונ,festiuitas,0,0
ששי,sextus,23,28
ששי,praeter,0,28
ששי,sextarius,0,28
ששימ,duo,0,0
ששימ,uter,0,0
ששימ,bini,0,0
ששימ,centum,0,0
ששימ,sexageni,0,0
ששימ,sexagenarius,0,0
ששימ,quinquaginta,0,0
ששימ,quindecim,0,0
ששימ,quinque,0,0
ששימ,treceni,0,0
ששימ,trecenti,0,0
שת,duo,0,13
שת,uterque,0,13
שת,pono,1,13
שת,loco,0,13
שת,statuo,1,13
שת,colloco,0,13
שת,locus,0,13
שת,genero,0,13
שת,cognominis,0,13
שתה,bibo,169,187
שתה,poto,0,187
שתה,potus,5,187
שתה,uinum,37,187
שתה,bacchus,0,187
שתה,uini,0,187
שתו,bibo,0,0
שתו,poto,0,0
שתו,potus,0,0
שתו,pono,0,0
שתו,loco,0,0
שתו,statuo,0,0
שתו,colloco,0,0
שתו,locus,0,0
שתות,ergo,0,0
שתות,hinc,0,0
שתות,igitur,0,0
שתות,propterea,0,0
שתות,ideo,0,0
שתות,pro,0,0
שתי,duo,0,10
שתי,uterque,0,10
שתי,uter,0,10
שתי,bini,0,10
שתי,pono,0,10
שתי,loco,0,10
שתי,statuo,0,10
שתי,colloco,0,10
שתי,locus,2,10
שתימ,decem,0,0
שתימ,deni,0,0
שתימ,alter,0,0
שתימ,deinde,0,0
שתימ,iterum,0,0
שתימ,secundo,0,0
שתימ,proximus,0,0
שתימ,secundus,0,0
שתימ,duo,0,0
שתימ,uter,0,0
שתימ,bini,0,0
שתימ,duodecim,0,0
שתימ,bibo,0,0
שתימ,poto,0,0
שתימ,potus,0,0
שתין,sexageni,0,2
שתין,sexagenarius,0,2
שתינ,sexageni,0,0
שתינ,sexagenarius,0,0
שתיתי,bibo,0,0
שתיתי,poto,0,0
שתיתי,potus,0,0
שתל,obducto,0,8
שתל,fructus,4,8
שתל,pomum,0,8
שתל,messis,0,8
שתם,sustineo,0,3
שתם,prohibeo,0,3
שתם,impedio,0,3
שתם,ueto,0,3
שתם,cesso,0,3
שתם,desino,0,3
שתם,desisto,0,3
שתם,maneo,0,3
שתם,finis,0,3
שתן,murus,0,6
שתן,paries,6,6
שתן,moenia,0,6
שתן,costa,0,6
שתת,bibo,0,1
שתת,poto,0,1
שתת,potus,0,1
תא,cubiculum,0,11
תא,thalamus,9,11
תא,uicesimus,0,11
תא,uiginti,5,11
תא,uiceni,0,11
תא,indus,0,11
תא,illinc,0,11
תא,curro,0,11
תא,percurro,0,11
תא,metior,2,11
תא,longitudo,4,11
תא,quinquaginta,4,11
תא,quindecim,0,11
תא,quinque,6,11
תא,porta,4,11
תא,ianua,0,11
תא,fores,0,11
תא,limen,0,11
תא,ostium,1,11
תא,portae,0,11
תאבד,pereo,0,0
תאבד,perdo,0,0
תאבד,amitto,0,0
תאבד,mors,0,0
תאבד,deleo,0,0
תאבד,intereo,0,0
תאבד,ruina,0,0
תאבד,disperdo,0,0
תאבד,interfacio,0,0
תאבד,morior,0,0
תאבד,exitium,0,0
תאבד,occido,0,0
תאבדונ,pereo,0,0
תאבדונ,perdo,0,0
תאבדונ,amitto,0,0
תאבדונ,mors,0,0
תאבדונ,deleo,0,0
תאבדונ,intereo,0,0
תאבדונ,ruina,0,0
תאבדונ,disperdo,0,0
תאבדונ,interfacio,0,0
תאבדונ,morior,0,0
תאבדונ,exitium,0,0
תאבדונ,occido,0,0
תאה,traho,0,2
תאה,rapio,0,2
תאוה,uolo,1,17
תאוה,cupiditas,0,17
תאוה,cupio,0,17
תאוה,desidero,2,17
תאוה,cupido,0,17
תאוה,libido,0,17
תאוה,desiderium,8,17
תאות,cupido,0,0
תאות,libido,0,0
תאות,desiderium,0,0
תאות,uolo,0,0
תאות,cupio,0,0
תאות,cupiditas,0,0
תאכל,edo,0,0
תאכל,comedo,0,0
תאכל,uescor,0,0
תאכל,manduco,0,0
תאכל,deuoro,0,0
תאכל,esco,0,0
תאכלו,edo,0,0
תאכלו,comedo,0,0
תאכלו,uescor,0,0
תאכלו,manduco,0,0
תאכלנה,deuoro,0,0
תאכלנה,esco,0,0
תאלה,ergo,0,1
תאלה,igitur,0,1
תאלה,maledictio,0,1
תאלה,prex,0,1
תאלה,tum,0,1
תאמינו,spero,0,0
תאמינו,confido,0,0
תאמינו,existimo,0,0
תאמינו,fiducia,0,0
תאמינו,credo,0,0
תאמר,aio,0,0
תאמר,dico,0,0
תאמר,inquam,0,0
תאמר,loquor,0,0
תאמר,respondeo,0,0
תאמר,profor,0,0
תאמר,uoco,0,0
תאמר,appello,0,0
תאמר,for,0,0
תאמרו,dico,0,0
תאמרו,loquor,0,0
תאמרו,aio,0,0
תאמרו,uoco,0,0
תאמרו,appello,0,0
תאמרונ,dico,0,0
תאמרונ,loquor,0,0
תאמרונ,aio,0,0
תאמרונ,uoco,0,0
תאמרונ,appello,0,0
תאמרי,aio,0,0
תאמרי,dico,0,0
תאמרי,inquam,0,0
תאמרי,loquor,0,0
תאמרי,respondeo,0,0
תאמרי,profor,0,0
תאנה,tithymalus,0,34
תאנה,ficus,24,34
תאנה,pomus,0,34
תאנה,uitis,1,34
תאנה,mados,0,34
תאנה,silua,0,34
תאנה,tignum,0,34
תאנה,materia,0,34
תאנה,lignum,4,34
תאנת,ficus,0,1
תאנת,pomus,0,1
תאר,genus,1,21
תאר,species,1,21
תאר,gener,0,21
תאר,figura,0,21
תאר,cogitatio,0,21
תאר,pulcher,7,21
תאר,formosus,0,21
תאר,bonus,0,21
תאר,nobilis,0,21
תאר,bene,0,21
תאר,ius,0,21
תאר,aequus,0,21
תאר,speciosus,3,21
תאר,ualeo,0,21
תאר,posterus,0,21
תאר,dexter,0,21
תאר,puteus,0,21
תאר,bellus,0,21
תאשור,cupresseus,0,2
תאשור,cupressinus,0,2
תבא,affero,0,0
תבא,adduco,0,0
תבא,induco,0,0
תבא,intro,0,0
תבא,introeo,0,0
תבא,ingredior,0,0
תבא,subeo,0,0
תבא,uenio,0,0
תבא,eo,0,0
תבא,pergo,0,0
תבא,meo,0,0
תבא,par,0,0
תבא,fortasse,0,0
תבא,aequo,0,0
תבא,fors,0,0
תבא,forsitan,0,0
תבא,aequus,0,0
תבא,aduenio,0,0
תבאנה,redeo,0,0
תבאנה,reuorto,0,0
תבאנה,uenio,0,0
תבדיל,segrego,0,0
תבה,arca,23,25
תבוא,intro,0,0
תבוא,introeo,0,0
תבוא,ingredior,0,0
תבוא,subeo,0,0
תבוא,uenio,0,0
תבוא,eo,0,0
תבוא,pergo,0,0
תבוא,meo,0,0
תבוא,redeo,0,0
תבוא,reuorto,0,0
תבוא,par,0,0
תבוא,fortasse,0,0
תבוא,aequo,0,0
תבוא,fors,0,0
תבוא,forsitan,0,0
תבוא,aequus,0,0
תבואה,cedo,0,40
תבואה,concedo,0,40
תבואה,dedo,0,40
תבואה,indulgeo,0,40
תבואה,prosero,0,40
תבואת,prosero,0,0
תבונה,scientia,3,38
תבונה,scius,0,38
תבונה,consilium,6,38
תבונה,prudentia,25,38
תבונה,sapientia,19,38
תבונות,prudentia,0,0
תבונת,prudentia,0,0
תבכה,fleo,0,0
תבכה,lacrimo,0,0
תבכה,ploro,0,0
תבכה,fleui,0,0
תבכינה,fleo,0,0
תבכינה,lacrimo,0,0
תבכינה,ploro,0,0
תבכינה,fleui,0,0
תבל,catonium,0,31
תבלל,praesum,0,1
תבלל,locus,0,1
תבלל,terra,0,1
תבלל,ager,0,1
תבלל,castellum,0,1
תבלע,hirundo,0,0
תבלע,deuoro,0,0
תבן,culmus,0,16
תבן,apluda,0,16
תבן,pabulatorius,0,16
תבנ,apluda,0,0
תבנית,proportio,0,15
תבנית,exemplum,0,15
תבנית,hostio,0,15
תבקש,peto,0,0
תבקש,quaero,0,0
תברכ,benedico,0,0
תגד,fama,0,0
תגד,rumor,0,0
תגד,defero,0,0
תגד,nuntio,0,0
תגדל,mirifico,0,0
תגיד,reporto,0,0
תגמול,bonus,0,0
תגמול,probus,0,0
תגמול,fortis,0,0
תגמול,bene,0,0
תגמול,ualeo,0,0
תגמול,ius,0,0
תגמול,puteus,0,0
תגמול,beneficium,0,0
תגמול,praefectus,0,0
תגמול,auxilior,0,0
תגמול,auxilium,0,0
תגמול,seruio,0,0
תגנב,occulo,0,0
תגעו,accendo,0,0
תגעו,tango,0,0
תגעו,attingo,0,0
תגעו,incendo,0,0
תגרעו,aufero,0,0
תגרעו,tollo,0,0
תגרעו,priuo,0,0
תגש,induco,0,0
תגש,attulo,0,0
תדבק,obhaeresco,0,0
תדבר,loquor,0,0
תדבר,fabulor,0,0
תדברו,loquor,0,0
תדברו,fabulor,0,0
תדברונ,loquor,0,0
תדברונ,fabulor,0,0
תדע,nosco,0,0
תדע,cognosco,0,0
תדע,scio,0,0
תדע,intellego,0,0
תדע,scientia,0,0
תדע,statuo,0,0
תדע,scius,0,0
תדע,noui,0,0
תדעו,nosco,0,0
תדעו,cognosco,0,0
תדעו,scio,0,0
תדעו,intellego,0,0
תדעו,scientia,0,0
תדעו,statuo,0,0
תדעי,nosco,0,0
תדעי,cognosco,0,0
תדעי,scio,0,0
תדעי,intellego,0,0
תדעי,scientia,0,0
תדעי,statuo,0,0
תדר,precor,0,0
תדר,oro,0,0
תדר,uoueo,0,0
תדר,opto,0,0
תדר,quaeso,0,0
תדר,obsecro,0,0
תדר,oratio,0,0
תדר,prex,0,0
תדר,tandem,0,0
תדר,quonam,0,0
תהו,cassus,0,18
תהו,frustra,3,18
תהו,ullus,0,18
תהו,nullus,1,18
תהו,quisquam,0,18
תהו,aliquis,0,18
תהו,nihil,3,18
תהו,inanis,4,18
תהו,uacuus,5,18
תהום,abyssus,21,23
תהום,fons,5,23
תהום,scatebra,0,23
תהומ,abyssus,0,0
תהי,fio,0,0
תהי,nascor,0,0
תהי,orior,0,0
תהי,gigno,0,0
תהי,sum,0,0
תהיה,fio,0,0
תהיה,nascor,0,0
תהיה,orior,0,0
תהיה,gigno,0,0
תהיה,sum,0,0
תהיו,fio,0,0
תהיו,nascor,0,0
תהיו,orior,0,0
תהיו,gigno,0,0
תהיו,sum,0,0
תהלה,dilaudo,0,25
תהלה,collaudatio,0,25
תהלה,carmen,1,25
תהלה,cantus,0,25
תהלה,hymnus,0,25
תהלה,uirtus,0,25
תהלה,fortitudo,0,25
תהלה,bonitas,0,25
תהלה,animus,0,25
תהלה,uirtutis,0,25
תהלכת,pompa,0,1
תהלת,dilaudo,0,0
תהלת,collaudatio,0,0
תהלת,uirtus,0,0
תהלת,fortitudo,0,0
תהלת,bonitas,0,0
תהלת,animus,0,0
תהלת,uirtutis,0,0
תהלת,imperium,0,0
תהלת,principium,0,0
תהלת,initium,0,0
תהלת,magistratus,0,0
תהלת,regnum,0,0
תהלת,honor,0,0
תהלת,ratio,0,0
תהלת,officium,0,0
תהלת,potestas,0,0
תהלת,uis,0,0
תהלת,primus,0,0
תהלת,laudo,0,0
תהלת,laus,0,0
תהמ,persono,0,0
תהר,aluus,0,0
תהר,uenter,0,0
תהר,capio,0,0
תהר,sumo,0,0
תהר,accipio,0,0
תהר,recipio,0,0
תהר,impetro,0,0
תהר,excipio,0,0
תהר,comprehendo,0,0
תהרג,mors,0,0
תהרג,interfacio,0,0
תהרג,occaedes,0,0
תהרג,percutio,0,0
תהרג,occido,0,0
תהרג,neco,0,0
תו,signum,1,3
תו,testimonium,0,3
תו,argumentum,0,3
תו,insigne,0,3
תו,destino,0,3
תוגה,dolor,1,3
תוגה,aerumna,0,3
תוגה,uae,0,3
תוגה,dolentia,0,3
תוגה,doloris,0,3
תוגה,luctus,1,3
תוגה,maeror,0,3
תוגה,tristitia,0,3
תוגה,opera,0,3
תוגה,doleo,0,3
תוה,miror,0,2
תוה,admiror,0,2
תוה,stupeo,0,2
תוה,miro,0,2
תוה,mirus,0,2
תוה,prodigium,0,2
תוה,admiratio,0,2
תוה,signum,1,2
תוה,testimonium,0,2
תוה,argumentum,0,2
תוה,insigne,0,2
תוה,destino,0,2
תוחלת,spes,4,5
תוחלת,exspecto,0,5
תוחלת,spero,0,5
תוחלת,exspectatio,2,5
תוך,medius,262,371
תוך,medion,0,371
תוך,centrum,0,371
תוך,medio,0,371
תוכ,intus,0,0
תוכ,familia,0,0
תוכ,medius,0,0
תוכ,medion,0,0
תוכ,centrum,0,0
תוכ,medio,0,0
תוכל,possum,0,0
תוכל,ualeo,0,0
תוכל,potestas,0,0
תוכל,uis,0,0
תוכל,uirtus,0,0
תוכל,imperium,0,0
תוכל,queo,0,0
תוכלי,possum,0,0
תוכלי,ualeo,0,0
תוכלי,potestas,0,0
תוכלי,uis,0,0
תוכלי,uirtus,0,0
תוכלי,imperium,0,0
תוכלי,queo,0,0
תולדות,generatio,27,39
תולדות,saeculum,0,39
תולדות,populus,2,39
תולדות,plebs,0,39
תולדות,uulgus,0,39
תולדות,terra,2,39
תולדות,contio,0,39
תולדות,communis,0,39
תולדות,ecclesia,0,39
תולדות,ager,0,39
תולדות,praepinguis,0,39
תולדות,unguinosus,0,39
תולדות,insuper,0,39
תולדות,supernus,0,39
תולדת,generatio,0,0
תולדת,saeculum,0,0
תולעת,coccum,18,37
תולעת,coccineus,1,37
תולעת,uermis,4,37
תולעת,profunditas,0,37
תולעת,byssus,3,37
תולעת,purpureus,0,37
תולעת,purpura,20,37
תולעת,ostrum,0,37
תוספ,accedo,0,0
תוספ,adicio,0,0
תוספ,adiungo,0,0
תוספ,addo,0,0
תועבה,abominatio,69,110
תועבה,perducto,0,110
תועבת,abominatio,0,0
תועה,tumultuosus,0,2
תועה,perturbatio,0,2
תוצא,effero,0,0
תוצאות,meatus,0,22
תוצאות,libonotus,0,22
תוצאות,dorsum,0,22
תוצאות,tergum,0,22
תוצאות,retro,0,22
תוצאות,termino,0,22
תור,columba,11,44
תור,columbus,0,44
תור,turtur,13,44
תורה,lex,150,171
תורה,ius,1,171
תורה,mos,1,171
תורה,consuetudo,0,171
תורה,caerimonia,16,171
תורה,legitimus,1,171
תורה,pascuus,0,171
תורינ,monstrificus,0,0
תורת,lex,0,0
תורת,ius,0,0
תורת,mos,0,0
תורת,consuetudo,0,0
תורת,caerimonia,0,0
תורת,legitimus,0,0
תורת,pascuus,0,0
תושב,tat,0,12
תושב,mercenarius,1,12
תושב,cohabito,0,12
תושב,aduena,7,12
תושב,compressor,0,12
תושיע,seruo,0,0
תושיע,conseruo,0,0
תושיע,tueor,0,0
תושיע,saluus,0,0
תושיע,salus,0,0
תושיע,libero,0,0
תושיע,retineo,0,0
תושיע,saluo,0,0
תותח,silua,0,1
תותח,tignum,0,1
תותח,materia,0,1
תותח,lignum,0,1
תותח,fustis,0,1
תזז,ferio,0,1
תזז,pulso,0,1
תזז,percutio,0,1
תזכר,moneo,0,0
תזכר,memoro,0,0
תזכר,memini,0,0
תזכר,recordor,0,0
תזכר,memor,0,0
תזכר,memoria,0,0
תזכר,mentio,0,0
תזכר,commemoro,0,0
תזכר,reuoco,0,0
תזנות,pudor,0,19
תזנות,dedecus,0,19
תזנות,ignominia,3,19
תזנות,fornicatio,17,19
תזנות,idololatria,0,19
תזעק,exclamo,0,0
תחוס,ostendo,0,0
תחוס,monstro,0,0
תחוס,exhibeo,0,0
תחוס,uideo,0,0
תחוס,appareo,0,0
תחוס,probo,0,0
תחוס,pareo,0,0
תחטאו,desidero,0,0
תחטאו,erro,0,0
תחטאו,culpa,0,0
תחטאו,desum,0,0
תחי,uerutum,0,0
תחלא,morbus,0,0
תחלא,pestis,0,0
תחלא,lues,0,0
תחלא,ualetudo,0,0
תחלא,infirmitas,0,0
תחלה,imperium,0,18
תחלה,principium,5,18
תחלה,initium,2,18
תחלה,magistratus,0,18
תחלה,regnum,1,18
תחלה,honor,0,18
תחלה,ratio,0,18
תחלה,officium,0,18
תחלה,potestas,0,18
תחלה,uis,0,18
תחלה,primus,2,18
תחלה,messio,0,18
תחלה,hordeum,2,18
תחלה,hordeius,0,18
תחלת,imperium,0,0
תחלת,principium,0,0
תחלת,initium,0,0
תחלת,magistratus,0,0
תחלת,regnum,0,0
תחלת,honor,0,0
תחלת,ratio,0,0
תחלת,officium,0,0
תחלת,potestas,0,0
תחלת,uis,0,0
תחלת,primus,0,0
תחמד,uolo,0,0
תחמד,cupiditas,0,0
תחמד,cupio,0,0
תחמד,desidero,0,0
תחמס,noctua,2,2
תחנה,indigeo,0,21
תחנה,oratum,0,21
תחנה,precatio,0,21
תחנון,oratum,0,6
תחנונ,indigeo,0,0
תחנת,indigeo,0,0
תחנת,precatio,0,0
תחס,parco,0,0
תחס,imperco,0,0
תחש,cutis,0,16
תחש,pellis,10,16
תחש,corium,0,16
תחש,tergus,0,16
תחש,abscondo,0,16
תחש,membrana,0,16
תחש,impono,0,16
תחש,impetus,0,16
תחש,oppugno,0,16
תחש,uestis,0,16
תחש,uestimentum,1,16
תחש,pallium,3,16
תחש,toga,0,16
תחש,obnubo,0,16
תחשב,numero,0,0
תחת,ipse,22,420
תחת,sui,20,420
תחת,infra,0,420
תחת,deorsum,9,420
תחת,subiecto,0,420
תחתו,subiecto,0,0
תחתי,profundum,0,16
תחתי,alo,0,16
תחתי,altitudo,1,16
תחתי,fouea,0,16
תט,nauseabundus,0,0
תיטיב,ius,0,0
תיטיב,dexter,0,0
תיטיב,integer,0,0
תיטיב,rego,0,0
תיכון,medius,8,9
תיכון,medion,0,9
תיכון,centrum,0,9
תיכון,medio,0,9
תיכנה,medius,0,0
תיכנה,medion,0,0
תיכנה,centrum,0,0
תיכנה,medio,0,0
תימן,libonotus,0,31
תימנ,libonotus,0,0
תימנ,meridies,0,0
תימנ,meridianus,0,0
תימנ,australis,0,0
תימנ,auster,0,0
תימרה,ala,0,2
תימרה,columna,0,2
תימרה,penna,0,2
תימרה,cornu,0,2
תימרה,prostylos,0,2
תימרה,arduus,0,2
תירא,timeo,0,0
תירא,timor,0,0
תירא,uereor,0,0
תירא,metuo,0,0
תירא,metus,0,0
תירא,pauor,0,0
תירא,terror,0,0
תירא,formido,0,0
תיראו,animus,0,0
תיראו,fiducia,0,0
תיראו,conforto,0,0
תיראו,metuo,0,0
תיראו,timeo,0,0
תיראו,timor,0,0
תיראו,uereor,0,0
תיראו,metus,0,0
תיראי,animus,0,0
תיראי,fiducia,0,0
תיראי,conforto,0,0
תיראי,metuo,0,0
תיראי,metus,0,0
תיראי,pauor,0,0
תיראי,terror,0,0
תיראי,timor,0,0
תיראי,formido,0,0
תיראי,timeo,0,0
תיראי,uereor,0,0
תירוש,uinum,28,35
תירוש,bacchus,0,35
תירוש,uini,0,35
תירוש,oleum,18,35
תירוש,olearius,0,35
תירוש,olearis,0,35
תירוש,cibus,1,35
תירוש,frumentum,19,35
תירוש,seges,0,35
תירוש,panis,2,35
תירוש,frumentarius,0,35
תירוש,triticum,4,35
תירוש,granum,1,35
תירוש,esca,0,35
תירש,uinum,0,0
תירש,bacchus,0,0
תירש,uini,0,0
תכול,possum,0,0
תכול,ualeo,0,0
תכול,potestas,0,0
תכול,uis,0,0
תכול,uirtus,0,0
תכול,imperium,0,0
תכול,queo,0,0
תכינ,praeparo,0,0
תכלת,hyacinthus,26,49
תכלת,profunditas,0,49
תכלת,byssus,4,49
תכלת,coccum,15,49
תכלת,coccineus,0,49
תכלת,purpureus,2,49
תכלת,purpura,24,49
תכלת,ostrum,0,49
תכן,quot,0,15
תכן,quantus,0,15
תכן,quotiens,0,15
תכן,quantulus,0,15
תכנית,exemplum,0,2
תכס,tego,0,0
תכס,uelo,0,0
תכס,operio,0,0
תכריך,uestis,1,1
תכריך,palla,0,1
תכריך,stola,0,1
תכריך,tunica,0,1
תכריך,uelamen,0,1
תל,ripa,0,8
תל,agger,0,8
תל,tumulus,3,8
תלא,suspendo,1,3
תלאה,labor,5,5
תלאה,lassitudo,0,5
תלאה,fatigor,0,5
תלאה,sudor,0,5
תלבש,induo,0,0
תלבש,inito,0,0
תלג,nix,0,0
תלג,niuit,0,0
תלג,niualis,0,0
תלג,niueus,0,0
תלג,ceu,0,0
תלג,uelut,0,0
תלד,genero,0,0
תלד,gigno,0,0
תלד,pario,0,0
תלד,fero,0,0
תלדות,generatio,0,0
תלדות,saeculum,0,0
תלדת,generatio,0,0
תלדת,saeculum,0,0
תלה,suspendo,13,25
תלה,silua,0,25
תלה,tignum,0,25
תלה,materia,0,25
תלה,lignum,3,25
תלוי,suspendo,0,0
תלול,altus,0,1
תלול,celsus,0,1
תלול,excelsus,1,1
תלול,sublimis,1,1
תלול,superus,0,1
תלול,alo,0,1
תלול,summus,0,1
תליתא,tertius,0,0
תליתא,tertio,0,0
תליתי,tertius,1,1
תליתי,tertio,0,1
תלכ,discedo,0,0
תלכ,recedo,0,0
תלכ,abeo,0,0
תלל,deludifico,0,8
תלל,mendacium,1,8
תלל,falsum,0,8
תלל,fallo,0,8
תלל,sophisma,0,8
תלם,sulcamen,0,4
תלמד,doceo,0,0
תלמד,ostendo,0,0
תלמד,certus,0,0
תלמד,disco,0,0
תלנות,susurramen,0,5
תלנות,mutitio,0,5
תלנות,propediem,0,5
תלנות,praematurus,0,5
תלקט,congrego,0,0
תלקט,colligo,0,0
תלת,equidem,0,3
תלת,conuerto,0,3
תלת,uerto,0,3
תלת,dos,0,3
תלת,pars,0,3
תלת,tres,2,3
תלת,terni,0,3
תלת,tertius,1,3
תלת,tertio,0,3
תלתי,tertius,0,0
תלתי,tertio,0,0
תלתין,triceni,0,0
תלתין,triginta,0,0
תלתינ,triceni,0,0
תלתינ,triginta,0,0
תמ,acacia,0,0
תמ,mundus,0,0
תמ,purus,0,0
תמ,finis,0,0
תמ,exitus,0,0
תמ,euentus,0,0
תמ,legio,0,0
תמ,extremus,0,0
תמ,posterus,0,0
תמ,denique,0,0
תמ,nouissimus,0,0
תמהר,propero,0,0
תמהר,festino,0,0
תמהר,urgeo,0,0
תמו,pereo,0,0
תמו,perdo,0,0
תמו,amitto,0,0
תמו,mors,0,0
תמו,deleo,0,0
תמו,intereo,0,0
תמו,ruina,0,0
תמו,disperdo,0,0
תמו,interfacio,0,0
תמו,morior,0,0
תמו,exitium,0,0
תמו,occido,0,0
תמו,linquo,0,0
תמול,hesternus,1,22
תמול,tertius,9,22
תמול,tertio,0,22
תמונה,genus,0,12
תמונה,species,0,12
תמונה,gener,0,12
תמונה,figura,1,12
תמונה,cogitatio,0,12
תמונה,proportio,0,12
תמונה,hostio,0,12
תמונת,proportio,0,0
תמורה,permuto,0,6
תמות,morior,0,0
תמות,pereo,0,0
תמות,occido,0,0
תמות,cado,0,0
תמות,mors,0,0
תמות,interfacio,0,0
תמות,occaedes,0,0
תמות,obeo,0,0
תמות,percutio,0,0
תמיד,sacrificium,15,74
תמיד,immolo,1,74
תמיד,sacrifico,1,74
תמיד,uictima,0,74
תמיד,totus,4,74
תמיד,uniuersus,2,74
תמיד,cunctus,5,74
תמיד,omnis,12,74
תמיד,litamen,0,74
תמיד,saluo,0,74
תמיד,nisi,0,74
תמיד,foedus,1,74
תמיד,pax,0,74
תמיד,libatio,3,74
תמיד,indutiae,0,74
תמים,perficio,0,77
תמים,artius,0,77
תמים,agninus,0,77
תמים,irreprehensus,0,77
תמים,bos,3,77
תמים,iuuencus,0,77
תמים,taurus,0,77
תמים,iumentum,0,77
תמים,uitulus,23,77
תמים,pecus,3,77
תמים,armentum,14,77
תמים,uacca,1,77
תמים,bubulus,0,77
תמים,annotinus,0,77
תמים,anniculus,20,77
תמים,aries,23,77
תמימ,irreprehensus,0,0
תמימ,perficio,0,0
תמל,hesternus,0,0
תמלא,impleo,0,0
תמלא,compleo,0,0
תמלא,repleo,0,0
תמם,linquo,0,54
תמנה,expretus,0,10
תמנע,expretus,0,5
תמנת,expretus,0,0
תמצא,inuenio,0,0
תמצא,reperio,0,0
תמצאונ,inuenio,0,0
תמצאונ,reperio,0,0
תמר,soror,8,39
תמר,germana,0,39
תמר,sororius,0,39
תמר,agninus,0,39
תמרה,iudicium,0,15
תמרה,atrium,3,15
תמרה,aula,0,15
תמרה,indus,0,15
תמרה,illinc,0,15
תמרה,palma,15,15
תמרו,abnuo,0,0
תמרות,palma,0,0
תמרימ,palma,0,0
תמרת,palma,0,0
תמת,morior,0,0
תמת,pereo,0,0
תמת,occido,0,0
תמת,cado,0,0
תמת,mors,0,0
תמת,interfacio,0,0
תמת,occaedes,0,0
תמת,obeo,0,0
תמת,percutio,0,0
תמתונ,morior,0,0
תמתונ,pereo,0,0
תמתונ,occido,0,0
תמתונ,cado,0,0
תמתונ,mors,0,0
תמתונ,interfacio,0,0
תמתונ,occaedes,0,0
תמתונ,obeo,0,0
תמתונ,percutio,0,0
תן,draco,11,14
תן,serpens,0,14
תן,anguis,0,14
תן,flumen,3,14
תן,fluuius,1,14
תן,amnis,0,14
תנ,do,0,0
תנ,trado,0,0
תנ,dono,0,0
תנ,tribuo,0,0
תנ,concedo,0,0
תנ,soluo,0,0
תנ,reddo,0,0
תנ,stipendium,0,0
תנדע,nosco,0,0
תנדע,cognosco,0,0
תנדע,scio,0,0
תנדע,intellego,0,0
תנדע,scientia,0,0
תנדע,statuo,0,0
תנה,uendo,0,4
תנה,restituo,0,4
תנה,soluo,0,4
תנה,trado,0,4
תנה,redeo,0,4
תנה,reuorto,0,4
תנה,stipendium,0,4
תנה,libero,0,4
תנה,reddo,0,4
תנה,do,1,4
תנה,dono,0,4
תנה,tribuo,0,4
תנה,concedo,0,4
תנה,perago,0,4
תנו,do,0,0
תנו,trado,0,0
תנו,dono,0,0
תנו,tribuo,0,0
תנו,concedo,0,0
תנו,soluo,0,0
תנו,reddo,0,0
תנו,stipendium,0,0
תנואה,responso,0,2
תנואה,oppono,0,2
תנובה,profero,0,5
תנובה,gigno,0,5
תנובה,produco,0,5
תנובה,copia,0,5
תנובה,commeatus,0,5
תנובה,praebeo,0,5
תנובה,prosero,0,5
תנוך,uertex,0,7
תנוך,dexter,7,7
תנוך,ius,0,7
תנוך,impono,0,7
תנוך,impetus,0,7
תנוך,oppugno,0,7
תנוך,hepatia,0,7
תנוך,auris,0,7
תנוך,pedum,0,7
תנוך,pedes,0,7
תנוך,pes,7,7
תנומה,somnus,1,4
תנומה,dormio,3,4
תנופה,sacrificium,1,28
תנופה,oblatio,2,28
תנופה,lacertus,0,28
תנופה,colice,0,28
תנופה,impono,0,28
תנופה,impetus,0,28
תנופה,oppugno,0,28
תנח,molybdus,0,0
תני,do,0,0
תני,trado,0,0
תני,dono,0,0
תני,tribuo,0,0
תני,concedo,0,0
תני,soluo,0,0
תני,reddo,0,0
תני,stipendium,0,0
תנין,draco,5,10
תנין,serpens,1,10
תנין,anguis,0,10
תנין,fascis,0,10
תנין,uirga,3,10
תנינ,draco,0,0
תנינ,serpens,0,0
תנינ,anguis,0,0
תנינות,alter,0,1
תנינות,deinde,0,1
תנינות,iterum,0,1
תנינות,secundo,0,1
תנינות,proximus,0,1
תנינות,secundus,1,1
תנשמת,noctua,0,3
תסגדונ,adoro,0,0
תסגדונ,colo,0,0
תסגדונ,basio,0,0
תספ,accedo,0,0
תספ,adicio,0,0
תספ,adiungo,0,0
תספ,addo,0,0
תספונ,accedo,0,0
תספונ,adicio,0,0
תספונ,adiungo,0,0
תספונ,addo,0,0
תסר,abstulo,0,0
תעבד,opus,0,0
תעבד,facinus,0,0
תעבד,res,0,0
תעבד,negotium,0,0
תעבד,opero,0,0
תעבד,praeseruio,0,0
תעה,desidero,0,38
תעה,erro,19,38
תעה,culpa,0,38
תעה,desum,0,38
תעה,uago,0,38
תעו,uago,0,4
תעטר,corona,0,0
תעל,ascendo,0,0
תעל,mons,0,0
תעל,escendo,0,0
תעלה,ascendo,2,11
תעלה,mons,0,11
תעלה,escendo,0,11
תעלה,flumen,1,11
תעלה,amnis,0,11
תעלה,fluuiatilis,0,11
תעלה,ager,3,11
תעלה,fundus,0,11
תעלה,campus,0,11
תעלה,praedium,0,11
תעלה,uilla,0,11
תעלה,sursum,0,11
תעלה,superne,0,11
תעלה,superus,0,11
תעלה,uinitor,0,11
תעלה,baptisterium,0,11
תעלמה,celatum,0,1
תעלמה,clam,0,1
תעלמה,celate,0,1
תעלמה,furtim,0,1
תעמד,fio,0,0
תעמד,nascor,0,0
תעמד,orior,0,0
תעמד,gigno,0,0
תעמד,sum,0,0
תעמד,permaneo,0,0
תעמד,sisto,0,0
תעמד,sto,0,0
תעמד,constituo,0,0
תעמד,erigo,0,0
תעמדנה,sisto,0,0
תעמדנה,sto,0,0
תעמדנה,constituo,0,0
תעמדנה,erigo,0,0
תענ,rescribo,0,0
תענ,exaudio,0,0
תענ,respondeo,0,0
תענה,arbitra,0,0
תענך,donum,0,7
תענך,munus,0,7
תענך,praemium,0,7
תענך,praesens,0,7
תענך,datus,0,7
תעע,deludifico,0,2
תער,gladius,4,11
תער,ferrum,0,11
תער,culter,0,11
תער,nouacula,2,11
תעתעים,risus,2,2
תעתעים,rideo,0,2
תף,tibia,2,13
תף,fistula,0,13
תף,cithara,8,13
תף,lyra,2,13
תף,tympanum,12,13
תף,chorus,4,13
תפ,tympanum,0,0
תפארת,gloria,23,44
תפארת,fama,0,44
תפארת,sententia,0,44
תפארת,existimatio,0,44
תפארת,laus,4,44
תפארת,opinio,0,44
תפארת,iactantia,1,44
תפוח,termino,0,12
תפימ,tympanum,0,0
תפל,cado,2,9
תפל,concido,0,9
תפל,ruo,0,9
תפל,incido,0,9
תפל,ruina,0,9
תפלה,oratio,29,40
תפלה,prex,6,40
תפלה,uotum,1,40
תפלה,precor,0,40
תפלה,oro,8,40
תפלה,uoueo,0,40
תפלה,opto,0,40
תפלה,quaeso,1,40
תפלה,obsecro,1,40
תפלה,tandem,0,40
תפלה,quonam,0,40
תפלה,precatio,0,40
תפלה,indigeo,0,40
תפלונ,cado,0,0
תפלונ,concido,0,0
תפלונ,ruo,0,0
תפלונ,incido,0,0
תפלונ,ruina,0,0
תפלט,marcor,0,0
תפלת,indigeo,0,0
תפלת,precatio,0,0
תפף,ferio,0,1
תפף,pulso,0,1
תפף,percutio,0,1
תפש,comprehendo,6,57
תצא,exeo,0,0
תצא,egredior,0,0
תצא,prodeo,0,0
תצא,liceor,0,0
תצא,patior,0,0
תצא,sino,0,0
תצא,luceo,0,0
תציל,marcor,0,0
תצליח,uiaticulum,0,0
תצמח,exsurgo,0,0
תצמח,assurgo,0,0
תקבר,sepelio,0,0
תקבר,condo,0,0
תקבר,funus,0,0
תקבר,insepultus,0,0
תקומ,surgo,0,0
תקומ,exsurgo,0,0
תקות,pollentia,0,0
תקח,affero,0,0
תקח,adduco,0,0
תקח,induco,0,0
תקח,capio,0,0
תקח,sumo,0,0
תקח,accipio,0,0
תקח,recipio,0,0
תקח,impetro,0,0
תקח,excipio,0,0
תקחו,capio,0,0
תקחו,sumo,0,0
תקחו,accipio,0,0
תקחו,recipio,0,0
תקחו,impetro,0,0
תקחו,excipio,0,0
תקימ,sisto,0,0
תקימ,sto,0,0
תקימ,constituo,0,0
תקימ,erigo,0,0
תקיף,durus,0,4
תקיף,fortis,2,4
תקיף,ualidus,0,4
תקיף,trux,0,4
תקיפה,ualidus,0,0
תקיפה,fortis,0,0
תקיפה,robustus,0,0
תקיפה,firmus,0,0
תקיפה,uehemens,0,0
תקל,ungulus,0,0
תקמ,surgo,0,0
תקמ,exsurgo,0,0
תקע,plaga,2,59
תקע,uulnus,0,59
תקע,ictus,0,59
תקע,tuba,20,59
תקע,lituus,0,59
תקע,bucina,20,59
תקע,tubula,0,59
תקפ,uis,0,0
תקפ,robur,0,0
תקפ,fortitudo,0,0
תקפ,potentia,0,0
תקרא,cognominis,0,0
תקרא,appello,0,0
תקרא,nomino,0,0
תקרא,nomen,0,0
תקרא,inuito,0,0
תקרא,uoco,0,0
תקראנה,appello,0,0
תקראנה,nomino,0,0
תקראנה,nomen,0,0
תקראנה,inuito,0,0
תקראנה,uoco,0,0
תקשו,conduro,0,0
תקשו,induro,0,0
תרא,uideo,0,0
תרא,cerno,0,0
תרא,conspicio,0,0
תרא,aspicio,0,0
תרא,animaduerto,0,0
תרא,obseruo,0,0
תראה,idas,0,0
תראה,lignum,0,0
תראה,uideo,0,0
תראה,cerno,0,0
תראה,conspicio,0,0
תראה,aspicio,0,0
תראה,animaduerto,0,0
תראה,obseruo,0,0
תראו,uideo,0,0
תראו,cerno,0,0
תראו,conspicio,0,0
תראו,aspicio,0,0
תראו,animaduerto,0,0
תראו,obseruo,0,0
תראינה,uideo,0,0
תראינה,cerno,0,0
תראינה,conspicio,0,0
תראינה,aspicio,0,0
תראינה,animaduerto,0,0
תראינה,obseruo,0,0
תרב,pluratiuus,0,0
תרבות,augeo,1,1
תרבות,cresco,0,1
תרבית,utilitas,0,6
תרבית,confero,0,6
תרבית,partitudo,0,6
תרבית,productio,0,6
תרגם,traduco,0,1
תרד,descendo,0,0
תרד,deicio,0,0
תרומ,sublimo,0,0
תרומה,primitiae,31,62
תרומה,aphaerema,0,62
תרומה,confero,1,62
תרומה,induco,0,62
תרומה,uectigal,0,62
תרומיה,confero,0,1
תרומיה,induco,0,1
תרומת,primitiae,0,0
תרומת,aphaerema,0,0
תרועה,clamor,6,27
תרועה,clamatus,0,27
תרועה,mensis,3,27
תרועה,insitium,0,27
תרועה,tuba,9,27
תרועה,lituus,0,27
תרועה,bucina,5,27
תרועה,tubula,0,27
תרזה,arbor,0,1
תרזה,lignum,1,1
תרח,nouo,0,11
תרח,nouendialis,0,11
תרחק,defectio,0,0
תרחק,deficio,0,0
תרין,duo,0,2
תרין,uterque,0,2
תרין,uter,0,2
תרין,bini,0,2
תרמ,sublimo,0,0
תרן,malus,2,3
תרן,uelum,0,3
תרן,tela,0,3
תרנ,malus,0,0
תרנ,uelum,0,0
תרנ,tela,0,0
תרע,porta,0,2
תרע,ianua,0,2
תרע,fores,1,2
תרע,foras,0,2
תרע,ostium,0,2
תרע,foris,0,2
תרע,limen,0,2
תרע,portae,0,2
תרעה,upilio,0,0
תרעש,fio,0,0
תרעש,nascor,0,0
תרעש,orior,0,0
תרעש,gigno,0,0
תרעש,sum,0,0
תרעש,praetrepidus,0,0
תרעש,trepidulus,0,0
תרפימ,idolum,0,0
תרפימ,simulacrum,0,0
תרפימ,imaginis,0,0
תרפימ,umbra,0,0
תרפימ,imago,0,0
תרשיש,chrysopis,0,28
תרשיש,prasoides,0,28
תרשיש,ceu,0,28
תרשיש,uelut,0,28
תרשיש,pecunia,0,28
תרשיש,argenteus,0,28
תרשיש,nummus,0,28
תרשיש,argentum,6,28
תרשיש,lapis,2,28
תרשיש,saxum,0,28
תרשיש,marmor,0,28
תרשיש,marmoreus,0,28
תרשיש,gemma,0,28
תרשיש,petrinus,0,28
תרשיש,nauis,9,28
תרשיש,uasum,0,28
תרשיש,nauicula,0,28
תרשיש,scapha,0,28
תרשיש,puppis,0,28
תרשיש,aurum,9,28
תרשיש,aureus,1,28
תרשתא,dux,0,5
תרשתא,imperator,0,5
תרשתא,rector,0,5
תרשתא,miles,0,5
תרשתא,princeps,0,5
תרתן,dux,0,2
תרתן,imperator,0,2
תרתן,rector,0,2
תרתן,miles,0,2
תרתן,princeps,0,2
תרתן,communis,0,2
תשא,perspecto,0,0
תשא,capio,0,0
תשא,sumo,0,0
תשא,accipio,0,0
תשא,recipio,0,0
תשא,impetro,0,0
תשא,excipio,0,0
תשאב,aquor,0,0
תשאב,fluento,0,0
תשאר,relinquo,0,0
תשב,auerto,0,0
תשב,reflecto,0,0
תשב,conuerto,0,0
תשב,sedeo,0,0
תשב,consido,0,0
תשב,maneo,0,0
תשב,persisto,0,0
תשב,moror,0,0
תשב,sto,0,0
תשב,reliquus,0,0
תשב,remaneo,0,0
תשב,exspecto,0,0
תשב,resto,0,0
תשבו,habito,0,0
תשבע,eodem,0,0
תשבר,praetero,0,0
תשוב,conuerto,0,0
תשוב,tergum,0,0
תשוב,redeo,0,0
תשוב,reuorto,0,0
תשוב,reuoco,0,0
תשוב,rursus,0,0
תשועה,saluus,0,19
תשועה,tueor,1,19
תשועה,salutaris,0,19
תשועה,saluator,0,19
תשועה,salus,16,19
תשועת,saluus,0,0
תשועת,tueor,0,0
תשועת,salutaris,0,0
תשועת,saluator,0,0
תשועת,salus,0,0
תשוקה,impetus,0,3
תשוקת,refugium,0,0
תשחת,corrumpo,0,0
תשחת,perdo,0,0
תשחת,uasto,0,0
תשיב,uendo,0,0
תשיב,restituo,0,0
תשיב,soluo,0,0
תשיב,trado,0,0
תשיב,redeo,0,0
תשיב,reuorto,0,0
תשיב,stipendium,0,0
תשיב,libero,0,0
תשיב,reddo,0,0
תשיג,comprehendo,0,0
תשימ,uerutum,0,0
תשימ,constituo,0,0
תשימ,pono,0,0
תשימ,loco,0,0
תשימ,statuo,0,0
תשימ,colloco,0,0
תשימ,locus,0,0
תשיעי,nonus,14,15
תשיעי,mensis,9,15
תשית,pono,0,0
תשית,loco,0,0
תשית,statuo,0,0
תשית,colloco,0,0
תשית,locus,0,0
תשלח,mitto,0,0
תשלח,littera,0,0
תשלח,dimitto,0,0
תשלח,aufero,0,0
תשלט,dominicus,0,0
תשלימ,libero,0,0
תשלימ,deditio,0,0
תשלימ,eruo,0,0
תשלימ,eripio,0,0
תשלימ,trado,0,0
תשמ,impono,0,0
תשמ,impetus,0,0
תשמ,oppugno,0,0
תשמ,pono,0,0
תשמ,loco,0,0
תשמ,statuo,0,0
תשמ,colloco,0,0
תשמ,locus,0,0
תשמט,postis,0,0
תשמע,audio,0,0
תשמע,exaudio,0,0
תשמע,ausculto,0,0
תשמעו,audio,0,0
תשמעו,exaudio,0,0
תשמעו,ausculto,0,0
תשמעונ,audio,0,0
תשמעונ,exaudio,0,0
תשמעונ,ausculto,0,0
תשמר,seruo,0,0
תשמר,custodio,0,0
תשמר,praesidium,0,0
תשמר,caueo,0,0
תשמר,custos,0,0
תשע,nonagenarius,1,74
תשע,nonaginta,18,74
תשע,nouo,0,74
תשע,nouendialis,0,74
תשע,sexageni,0,74
תשע,sexagenarius,0,74
תשעה,nouo,0,0
תשעה,nouendialis,0,0
תשעימ,centum,0,0
תשעימ,ducenti,0,0
תשעימ,duceni,0,0
תשעימ,nonagenarius,0,0
תשעימ,nonaginta,0,0
תשעימ,quinquaginta,0,0
תשעימ,quindecim,0,0
תשעימ,quinque,0,0
תשפטו,iudico,0,0
תשפטו,decerno,0,0
תשפטו,iudex,0,0
תשפטו,iudicium,0,0
תשפטו,reciperator,0,0
תשפטו,statuo,0,0
תשק,suauium,0,0
תשק,basio,0,0
תשק,madefacto,0,0
תשקינ,madefacto,0,0
תשת,pono,0,0
תשת,loco,0,0
תשת,statuo,0,0
תשת,colloco,0,0
תשת,locus,0,0
תשתה,bibo,0,0
תשתה,poto,0,0
תשתה,potus,0,0
תשתוחחי,tristor,0,0
תשתחו,adoro,0,0
תשתחו,colo,0,0
תשתחו,basio,0,0
תשתחוה,adoro,0,0
תשתחוה,colo,0,0
תשתחוה,basio,0,0
תשתחוינ,adoro,0,0
תשתחוינ,colo,0,0
תשתחוינ,basio,0,0
תת,do,0,0
תת,trado,0,0
תת,dono,0,0
תת,tribuo,0,0
תת,concedo,0,0
תת,soluo,0,0
תת,reddo,0,0
תת,stipendium,0,0
תת,ergo,0,0
תת,hinc,0,0
תת,igitur,0,0
תת,propterea,0,0
תת,ideo,0,0
תת,pro,0,0
תתכ,do,0,0
תתכ,trado,0,0
תתכ,dono,0,0
תתכ,tribuo,0,0
תתכ,concedo,0,0
תתכ,soluo,0,0
תתכ,reddo,0,0
תתכ,stipendium,0,0
תתכ,dictum,0,0
תתכ,uerbum,0,0
תתכ,uox,0,0
תתכ,uersus,0,0
תתכ,sermo,0,0
תתכ,carmen,0,0
תתכ,poema,0,0
תתנ,uendo,0,0
תתנ,restituo,0,0
תתנ,soluo,0,0
תתנ,trado,0,0
תתנ,redeo,0,0
תתנ,reuorto,0,0
תתנ,stipendium,0,0
תתנ,libero,0,0
תתנ,reddo,0,0
תתנ,do,0,0
תתנ,dono,0,0
תתנ,tribuo,0,0
תתנ,concedo,0,0
תתנ,deditio,0,0
תתנ,eruo,0,0
תתנ,eripio,0,0
